黑龙江省 2021 年全省和省本级财政决算




        2022 年 9 月
           第 1页
                   目 录
第一部分      2021 年黑龙江省财政总决算
1.1    2021 年黑龙江省财政收支决算总表
1.2    2021 年黑龙江省一般公共预算收入决算表
1.3    2021 年黑龙江省一般公共预算支出决算表
1.4    2021 年黑龙江省一般公共预算支出功能分类决算表
1.5    2021 年黑龙江省一般公共预算收支总表
1.6    2021 年省对市县一般性转移支付分项目分地区决算表
1.7    2021 年省对市县共同财政事权转移支付分项目分地区决算表
1.8    2021 年省对市县专项转移支付分项目分地区决算表
1.9    2021 年黑龙江省政府性基金收入决算表
1.10 2021 年黑龙江省政府性基金支出决算表
1.11   2021 年黑龙江省政府性基金收支总表
1.12 2021 年政府性基金转移支付分项目分地区决算表
1.13 2021 年黑龙江省国有资本经营收入决算表
1.14 2021 年黑龙江省国有资本经营支出决算表
1.15 2021 年黑龙江省国有资本经营收支总表
1.16 2021 年省对市县国有资本经营预算转移支付分项目分地区决算表
1.17 2021 年黑龙江省地方政府一般债务余额表
1.18 2021 年黑龙江省地方政府一般债券分地区发行情况表
1.19 2021 年中央转贷地方的国际金融组织和外国政府贷款分地区情况表
1.20 2021 年黑龙江省地方政府一般债务分地区余额情况表
1.21 2021 年黑龙江省地方政府一般债务还本付息情况表
                    第 2页
1.22 2021 年黑龙江省地方政府专项债务余额表
1.23 2021 年黑龙江省地方政府专项债券分地区发行情况表
1.24 2021 年黑龙江省地方政府专项债务分地区余额情况表
1.25 2021 年黑龙江省地方政府专项债务还本付息情况表
1.26 2021 年黑龙江省地方政府债券资金安排情况表
1.27 2021 年黑龙江省社会保险基金收入决算表
1.28 2021 年黑龙江省社会保险基金支出决算表
第二部分      2021 年黑龙江省本级财政总决算
2.1    2021 年黑龙江省本级财政收支决算总表
2.2    2021 年黑龙江省本级一般公共预算收入决算表
2.3    2021 年黑龙江省本级一般公共预算支出决算表
2.4    2021 年黑龙江省本级一般公共预算支出功能分类决算表
2.5    2021 年黑龙江省本级一般公共预算收支总表
2.6    2021 年黑龙江省本级一般公共预算基本支出经济分类表
2.7    2021 年黑龙江省本级政府性基金收入决算表
2.8    2021 年黑龙江省本级政府性基金支出决算表
2.9    2021 年黑龙江省本级政府性基金收支总表
2.10   2021 年黑龙江省本级国有资本经营收入决算表
2.11   2021 年黑龙江省本级国有资本经营支出决算表
2.12   2021 年黑龙江省本级国有资本经营收支总表
2.13   2021 年黑龙江省本级地方政府一般债务余额表
2.14   2021 年黑龙江省本级地方政府专项债务余额表
2.15   2021 年黑龙江省本级“三公” 经费情况表
                    第 3页
2.16   2021 年黑龙江省本级社会保险基金收入决算表
2.17 2021 年黑龙江省本级社会保险基金支出决算表
第三部分      2021 年决算公开有关情况的说明
3.1    关于 2021 年一般公共预算执行情况说明
3.2    关于 2021 年政府性基金执行情况说明
3.3    关于 2021 年国有资本经营执行情况说明
3.4    关于 2021 年省本级转移支付执行情况说明
3.5    关于 2021 年举借政府债务情况的说明
3.6    关于 2021 年省本级“三公”经费支出情况的说明
3.7    关于 2021 年预算绩效工作开展情况的说明
3.8    2021 年重大政策和重点项目绩效执行结果




                   第 4页
第一部分 2021 年黑龙江省财政决算




         第 5 页
         1.1 2021年黑龙江省财政收支决算总表
                                                       单位:万元

                                                     比上年
         预算科目       2020决算数         2021决算数
                                                    （同比）+-%

全省收入合计                 16,067,951      16,748,735          4.2

 一般公共预算收入              11,525,107      13,005,113         12.8

 政府性基金预算收入              4,494,399       3,703,372        -17.6

 国有资本经营预算收入               48,445          40,250         -16.9

全省支出合计                 65,062,227      58,714,733         -9.8

 一般公共预算支出              54,494,110      51,048,145         -6.3

 政府性基金预算支出             10,480,433       7,553,189        -27.9

 国有资本经营预算支出               87,684         113,399          29.3

注：本表未含社会保险基金预算收支。




                      第 6 页
        1.2 2021年黑龙江省一般公共预算收入决算表
                                                                      单位：万元

                                                          完成调整        比上年
       预算科目       预算数          调整预算数         决算数
                                                          预算数的%      （同比）+-%

一、税收收入             8,879,538     8,960,191    8,701,790       97.1         7.2

  增值税              3,087,932     3,093,943    3,071,139       99.3         9.6

  企业所得税            1,072,471     1,099,663    1,090,310       99.1        10.8

  个人所得税             349,710       353,103      328,657        93.1         7.4

  资源税               532,606       546,058      650,643       119.2        35.5

  城市维护建设税           555,624       556,275      550,542        99.0        11.4

  房产税               416,382       428,503      448,611       104.7        16.0

  印花税               139,887       142,515      152,665       107.1        17.8

  城镇土地使用税           771,947       784,537      757,768        96.6         4.3

  土地增值税             734,622       729,377      572,914        78.5       -13.4

  车船税               266,261       275,732      262,930        95.4         4.6

  耕地占用税             190,184       190,243      140,315        73.8       -29.7

  契税                715,873       714,040      626,123        87.7        -3.7

  烟叶税                12,418        11,745       10,658        90.7       -10.5

  环境保护税              24,950        25,765       25,716        99.8        13.1

  其他税收收入               8,671         8,692      12,799       147.3         2.6

二、非税收入             3,311,107     3,639,755    4,303,323      118.2        26.3

  专项收入              576,828       591,782      633,075       107.0        13.3

  行政事业性收费收入         487,348       497,731      620,424       124.7        24.1

  罚没收入              623,238       638,960      797,800       124.9        42.2

  国有资本经营收入           91,676        91,283       55,660        61.0       -72.5

 国有资源(资产)有偿使用收入    1,225,863     1,492,595    1,720,104      115.2        42.5

  其他收入              306,154       327,404      476,260       145.5        26.6

   本年收入合计         12,190,645    12,599,946   13,005,113      103.2        12.8




                                第 7 页
   1.3 2021年黑龙江省一般公共预算支出决算表
                                                                    单位：万元

                                                         完成调整        比上年
     预算科目        预算数          调整预算数         决算数
                                                         预算数的%      （同比）+-%

一、一般公共服务支出        2,694,118     3,700,143    3,239,348       87.5         0.9

二、外交支出                   4

二、国防支出              42,942        72,983       57,860        79.3       29.1

三、公共安全支出          2,342,659     2,895,503    2,637,157       91.1        -0.2

四、教育支出            5,272,862     6,382,667    5,709,536       89.5         1.5

五、科学技术支出           269,059       535,988      435,158        81.2         1.2

六、文化旅游体育与传媒支出      439,933       686,646      554,158        80.7        -5.1

七、社会保障和就业支出      11,826,350    13,720,165   13,298,940       96.9        -1.6

八、卫生健康支出          2,830,366     4,286,979    3,922,766       91.5        -2.2

九、节能环保支出           979,720      1,843,891    1,405,411       76.2       -36.2

十、城乡社区支出          2,470,828     3,328,041    2,951,852       88.7       -33.6

十一、农林水支出          2,660,911    11,012,594    8,689,781       78.9        -5.0

十二、交通运输支出         1,442,972     2,920,555    2,136,732       73.2       -14.2

十三、资源勘探信息等支出       456,766      1,069,443     958,166        89.6        -7.5

十四、商业服务业等支出        115,483       215,339      144,697        67.2       -25.7

十五、金融支出               8,214       24,336       24,009        98.7       -71.6

十六、援助其他地区支出         32,000        32,038       32,037       100.0        -0.3

十七、自然资源海洋气象等支出     322,986       495,992      367,745        74.1       36.3

十八、住房保障支出         1,450,652     2,832,734    2,293,671       81.0         0.7

十九、粮油物资储备支出        441,683       615,303      469,511        76.3       -26.2

二十、灾害防治及应急管理支出     265,994       487,843      408,307        83.7       10.0

二十一、预备费            540,786             0            0

二十二、其他支出          1,226,696     1,207,585        7,104        0.6       -28.2

二十三、债务付息支出        1,186,523     1,297,696    1,297,696      100.0         5.2

二十四、债务发行费用支出          2,679         6,503        6,503      100.0        -2.6

   本年支出合计        39,323,186    59,670,967   51,048,145       85.5        -6.3


                              第 8 页
1.4 2021年黑龙江省一般公共预算支出功能分类决算表
                                          单位：万元

科目编码                 科目名称           决算数

            一般公共预算支出                      51,048,145

 201      一般公共服务支出                         3,239,348

20101     人大事务                               62,624

2010101   行政运行                               45,597

2010102   一般行政管理事务                            9,206

2010103   机关服务                                  308

2010104   人大会议                                2,980

2010105   人大立法                                  270

2010106   人大监督                                  240

2010107   人大代表履职能力提升                            121

2010108   代表工作                                2,123

2010109   人大信访工作                                  6

2010150   事业运行                                  135

2010199   其他人大事务支出                            1,638

20102     政协事务                               41,538

2010201   行政运行                               31,946

2010202   一般行政管理事务                            5,798

2010203   机关服务                                  324

2010204   政协会议                                1,677

2010205   委员视察                                  773

2010206   参政议政                                  196

2010250   事业运行                                  371

2010299   其他政协事务支出                              453

20103     政府办公厅(室)及相关机构事务                  1,270,088



                            第 9 页
1.4 2021年黑龙江省一般公共预算支出功能分类决算表
                                          单位：万元

科目编码                科目名称            决算数

2010301   行政运行                              624,194

2010302   一般行政管理事务                          251,126

2010303   机关服务                               91,704

2010304   专项服务                                  21

2010305   专项业务活动                             51,832

2010306   政务公开审批                              7,958

2010308   信访事务                               39,097

2010309   参事事务                                  61

2010350   事业运行                               77,192

2010399   其他政府办公厅(室)及相关机构事务支出               126,903

20104     发展与改革事务                           111,826

2010401   行政运行                               48,838

2010402   一般行政管理事务                           27,580

2010403   机关服务                                 305

2010404   战略规划与实施                             3,428

2010406   社会事业发展规划                             889

2010407   经济体制改革研究                               1

2010408   物价管理                                1,067

2010450   事业运行                                6,659

2010499   其他发展与改革事务支出                        23,059

20105     统计信息事务                             37,387

2010501   行政运行                               20,482

2010502   一般行政管理事务                            1,682

2010503   机关服务                                  79



                           第 10 页
1.4 2021年黑龙江省一般公共预算支出功能分类决算表
                                         单位：万元

科目编码               科目名称            决算数

2010504   信息事务                               2,177

2010505   专项统计业务                             2,825

2010506   统计管理                                  5

2010507   专项普查活动                             5,822

2010508   统计抽样调查                             1,273

2010550   事业运行                               1,731

2010599   其他统计信息事务支出                         1,311

20106     财政事务                             186,545

2010601   行政运行                              83,849

2010602   一般行政管理事务                          32,105

2010603   机关服务                                425

2010604   预算改革业务                              157

2010605   财政国库业务                             5,789

2010606   财政监察                                604

2010607   信息化建设                              9,639

2010608   财政委托业务支出                          11,053

2010650   事业运行                              11,773

2010699   其他财政事务支出                          31,151

20107     税收事务                             154,928

2010701   行政运行                             127,521

2010702   一般行政管理事务                          15,529

2010703   机关服务                                 60

2010709   信息化建设                               319

2010710   税收业务                               3,186



                          第 11 页
1.4 2021年黑龙江省一般公共预算支出功能分类决算表
                                         单位：万元

科目编码               科目名称            决算数

2010750   事业运行                                  1

2010799   其他税收事务支出                           8,312

20108     审计事务                              52,775

2010801   行政运行                              31,525

2010802   一般行政管理事务                           6,527

2010803   机关服务                                284

2010804   审计业务                               5,658

2010805   审计管理                                  4

2010806   信息化建设                              2,811

2010850   事业运行                               1,597

2010899   其他审计事务支出                           4,369

20109     海关事务                               4,751

2010901   行政运行                               1,523

2010902   一般行政管理事务                           2,310

2010905   缉私办案                                653

2010907   口岸管理                                 52

2010999   其他海关事务支出                            213

20113     商贸事务                             238,468

2011301   行政运行                              33,201

2011302   一般行政管理事务                          11,371

2011303   机关服务                                  9

2011304   对外贸易管理                             1,287

2011305   国际经济合作                              180

2011307   国内贸易管理                              446



                          第 12 页
1.4 2021年黑龙江省一般公共预算支出功能分类决算表
                                         单位：万元

科目编码               科目名称            决算数

2011308   招商引资                             95,228

2011350   事业运行                             10,014

2011399   其他商贸事务支出                         86,732

20114     知识产权事务                            2,913

2011401   行政运行                               574

2011402   一般行政管理事务                           446

2011405   知识产权战略和规划                           55

2011450   事业运行                               706

2011499   其他知识产权事务支出                        1,132

20123     民族事务                              2,050

2012301   行政运行                              1,900

2012302   一般行政管理事务                         -1,109

2012303   机关服务                                 2

2012304   民族工作专项                            1,075

2012350   事业运行                                61

2012399   其他民族事务支出                           121

20126     档案事务                             22,639

2012601   行政运行                             12,770

2012602   一般行政管理事务                          1,925

2012603   机关服务                                66

2012604   档案馆                               6,432

2012699   其他档案事务支出                          1,446

20128     民主党派及工商联事务                       11,390

2012801   行政运行                              9,837



                          第 13 页
1.4 2021年黑龙江省一般公共预算支出功能分类决算表
                                         单位：万元

科目编码               科目名称            决算数

2012802   一般行政管理事务                           1,095

2012803   机关服务                                  3

2012804   参政议政                                139

2012850   事业运行                                 16

2012899   其他民主党派及工商联事务支出                      300

20129     群众团体事务                            53,065

2012901   行政运行                              28,982

2012902   一般行政管理事务                           9,487

2012903   机关服务                                 77

2012906   工会事务                               3,222

2012950   事业运行                               5,509

2012999   其他群众团体事务支出                         5,788

20138     市场监督管理事务                         266,876

2013801   行政运行                             169,842

2013802   一般行政管理事务                          18,086

2013803   机关服务                                211

2013804   市场主体管理                             2,215

2013805   市场秩序执法                             1,923

2013808   信息化建设                              1,448

2013810   质量基础                               1,182

2013812   药品事务                               4,285

2013813   医疗器械事务                               30

2013814   化妆品事务                               352

2013815   质量安全监管                             1,998



                          第 14 页
1.4 2021年黑龙江省一般公共预算支出功能分类决算表
                                         单位：万元

科目编码               科目名称            决算数

2013816   食品安全监管                            11,694

2013850   事业运行                              39,558

2013899   其他市场监督管理事务                        14,052

20199     其他一般公共服务支出(款)                     33,711

 203      国防支出                              57,860

 204      公共安全支出                          2,637,157

20401     武装警察部队(款)                          9,363

20402     公安                              1,444,959

20404     检察                               240,409

20405     法院                               421,699

20406     司法                                86,090

20499     其他公共安全支出(款)                        5,208

 205      教育支出                            5,709,536

20501     教育管理事务                           126,256

2050101   行政运行                              85,163

2050102   一般行政管理事务                          22,040

2050103   机关服务                                 563

2050199   其他教育管理事务支出                        18,490

20502     普通教育                            4,691,984

2050201   学前教育                             162,221

2050202   小学教育                            1,553,526

2050203   初中教育                            1,262,946

2050204   高中教育                             615,149

2050205   高等教育                            1,029,837



                          第 15 页
1.4 2021年黑龙江省一般公共预算支出功能分类决算表
                                         单位：万元

科目编码               科目名称            决算数

2050299   其他普通教育支出                          68,305

20503     职业教育                             571,310

2050301   初等职业教育                             4,773

2050302   中等职业教育                           183,153

2050303   技校教育                              63,954

2050305   高等职业教育                           315,345

2050399   其他职业教育支出                           4,085

20504     成人教育                               3,742

2050402   成人中等教育                             1,210

2050403   成人高等教育                              310

2050404   成人广播电视教育                            676

2050499   其他成人教育支出                           1,546

20505     广播电视教育                             9,260

2050501   广播电视学校                             9,195

2050599   其他广播电视教育支出                           65

20507     特殊教育                              35,887

2050701   特殊学校教育                            35,355

2050702   工读学校教育                              430

2050799   其他特殊教育支出                            102

20508     进修及培训                            140,484

2050801   教师进修                              67,582

2050802   干部教育                              58,718

2050803   培训支出                               2,654

2050804   退役士兵能力提升                             52



                          第 16 页
1.4 2021年黑龙江省一般公共预算支出功能分类决算表
                                          单位：万元

科目编码                科目名称            决算数

2050899   其他进修及培训                            11,478

20509     教育费附加安排的支出                         98,176

2050901   农村中小学校舍建设                           4,472

2050902   农村中小学教学设施                           1,060

2050903   城市中小学校舍建设                           5,522

2050904   城市中小学教学设施                           1,259

2050905   中等职业学校教学设施                          1,099

2050999   其他教育费附加安排的支出                       84,764

20599     其他教育支出(款)                          32,437

2059999   其他教育支出(项)                          32,437

 206      科学技术支出                            435,158

20601     科学技术管理事务                           25,548

2060101   行政运行                               14,446

2060102   一般行政管理事务                            4,461

2060103   机关服务                                 139

2060199   其他科学技术管理事务支出                        6,502

20602     基础研究                               18,334

2060201   机构运行                                3,080

2060203   自然科学基金                             12,053

2060205   重大科学工程                              3,000

2060208   科技人才队伍建设                              41

2060299   其他基础研究支出                             160

20603     应用研究                               58,191

2060301   机构运行                               29,906



                           第 17 页
1.4 2021年黑龙江省一般公共预算支出功能分类决算表
                                          单位：万元

科目编码                科目名称            决算数

2060302   社会公益研究                              4,958

2060303   高技术研究                               3,206

2060399   其他应用研究支出                           20,121

20604     技术研究与开发                           155,320

2060401   机构运行                               34,137

2060404   科技成果转化与扩散                          93,693

2060499   其他技术研究与开发支出                        27,490

20605     科技条件与服务                             2,304

2060501   机构运行                                1,390

2060502   技术创新服务体系                             162

2060503   科技条件专项                                66

2060599   其他科技条件与服务支出                          686

20606     社会科学                                9,195

2060601   社会科学研究机构                            7,425

2060602   社会科学研究                              1,688

2060699   其他社会科学支出                              82

20607     科学技术普及                             10,501

2060701   机构运行                                2,743

2060702   科普活动                                 396

2060703   青少年科技活动                              144

2060704   学术交流活动                               222

2060705   科技馆站                                4,269

2060799   其他科学技术普及支出                          2,727

20608     科技交流与合作                              153



                           第 18 页
1.4 2021年黑龙江省一般公共预算支出功能分类决算表
                                          单位：万元

科目编码                科目名称            决算数

2060801   国际交流与合作                                6

2060899   其他科技交流与合作支出                          147

20609     科技重大项目                             15,669

2060901   科技重大专项                             15,669

20699     其他科学技术支出(款)                       139,943

2069901   科技奖励                                2,854

2069999   其他科学技术支出(项)                       137,089

 207      文化旅游体育与传媒支出                       554,158

20701     文化和旅游                             205,517

2070101   行政运行                               34,511

2070102   一般行政管理事务                           25,311

2070103   机关服务                                 314

2070104   图书馆                                20,225

2070105   文化展示及纪念机构                           2,225

2070106   艺术表演场所                              2,324

2070107   艺术表演团体                             23,261

2070108   文化活动                                1,537

2070109   群众文化                               18,399

2070110   文化和旅游交流与合作                           134

2070111   文化创作与保护                             2,618

2070112   文化和旅游市场管理                           5,435

2070113   旅游宣传                                3,481

2070114   文化和旅游管理事务                           6,523

2070199   其他文化和旅游支出                          59,219



                           第 19 页
1.4 2021年黑龙江省一般公共预算支出功能分类决算表
                                          单位：万元

科目编码                科目名称            决算数

20702     文物                                61,946

2070201   行政运行                                547

2070202   一般行政管理事务                            116

2070204   文物保护                               9,386

2070205   博物馆                               51,199

2070206   历史名城与古迹                              -93

2070299   其他文物支出                              791

20703     体育                                73,601

2070301   行政运行                               5,618

2070302   一般行政管理事务                           1,035

2070304   运动项目管理                            12,213

2070305   体育竞赛                                308

2070306   体育训练                              19,714

2070307   体育场馆                              19,191

2070308   群众体育                               5,210

2070309   体育交流与合作                             146

2070399   其他体育支出                            10,166

20706     新闻出版电影                            15,678

2070601   行政运行                                351

2070602   一般行政管理事务                            108

2070604   新闻通讯                                558

2070605   出版发行                               6,430

2070607   电影                                 1,228

2070699   其他新闻出版电影支出                         7,003



                           第 20 页
1.4 2021年黑龙江省一般公共预算支出功能分类决算表
                                          单位：万元

科目编码                科目名称            决算数

20708     广播电视                              106,755

2070801   行政运行                               10,592

2070802   一般行政管理事务                            2,157

2070803   机关服务                                   17

2070807   传输发射                                6,991

2070808   广播电视事务                             40,938

2070899   其他广播电视支出                           46,060

20799     其他文化旅游体育与传媒支出(款)                   90,661

2079902   宣传文化发展专项支出                          6,615

2079903   文化产业发展专项支出                          8,640

2079999   其他文化旅游体育与传媒支出(项)                   75,406

 208      社会保障和就业支出                       13,298,940

20801     人力资源和社会保障管理事务                     214,001

2080101   行政运行                               76,324

2080102   一般行政管理事务                           16,770

2080103   机关服务                                  444

2080104   综合业务管理                              1,511

2080105   劳动保障监察                              3,582

2080106   就业管理事务                              8,974

2080107   社会保险业务管理事务                          3,483

2080108   信息化建设                               7,147

2080109   社会保险经办机构                           32,549

2080110   劳动关系和维权                               408

2080111   公共就业服务和职业技能鉴定机构                       705



                           第 21 页
1.4 2021年黑龙江省一般公共预算支出功能分类决算表
                                          单位：万元

科目编码                科目名称            决算数

2080112   劳动人事争议调解仲裁                          1,516

2080113   政府特殊津贴                                  5

2080116   引进人才费用                             12,729

2080150   事业运行                                3,694

2080199   其他人力资源和社会保障管理事务支出                  44,160

20802     民政管理事务                            166,534

2080201   行政运行                               33,161

2080202   一般行政管理事务                           10,551

2080203   机关服务                                  764

2080206   社会组织管理                                147

2080207   行政区划和地名管理                           1,001

2080208   基层政权建设和社区治理                        99,970

2080299   其他民政管理事务支出                         20,940

20805     行政事业单位养老支出                       4,653,119

2080501   行政单位离退休                           347,384

2080502   事业单位离退休                           439,622

2080503   离退休人员管理机构                           4,119

2080505   机关事业单位基本养老保险缴费支出                  942,141

2080506   机关事业单位职业年金缴费支出                    183,625

2080507   对机关事业单位基本养老保险基金的补助               2,531,982

2080508   对机关事业单位职业年金的补助                      7,188

2080599   其他行政事业单位养老支出                      197,058

20806     企业改革补助                             40,624

2080601   企业关闭破产补助                           34,677



                           第 22 页
1.4 2021年黑龙江省一般公共预算支出功能分类决算表
                                          单位：万元

科目编码                科目名称            决算数

2080602   厂办大集体改革补助                             11

2080699   其他企业改革发展补助                          5,936

20807     就业补助                              270,564

2080701   就业创业服务补贴                           21,769

2080702   职业培训补贴                             16,772

2080704   社会保险补贴                             78,208

2080705   公益性岗位补贴                           110,590

2080709   职业技能鉴定补贴                               1

2080711   就业见习补贴                              2,391

2080712   高技能人才培养补助                           2,484

2080713   求职创业补贴                               882

2080799   其他就业补助支出                           37,467

20808     抚恤                                218,886

2080801   死亡抚恤                               71,452

2080802   伤残抚恤                               29,390

2080803   在乡复员、退伍军人生活补助                      17,382

2080804   优抚事业单位支出                            6,278

2080805   义务兵优待                              55,866

2080806   农村籍退役士兵老年生活补助                      10,330

2080899   其他优抚支出                             28,188

20809     退役安置                              320,456

20810     社会福利                              124,895

2081001   儿童福利                                9,846

2081002   老年福利                               26,447



                           第 23 页
1.4 2021年黑龙江省一般公共预算支出功能分类决算表
                                         单位：万元

科目编码               科目名称            决算数

2081003   康复辅具                                100

2081004   殡葬                                39,056

2081005   社会福利事业单位                          31,714

2081006   养老服务                              13,127

2081099   其他社会福利支出                           4,605

20811     残疾人事业                             76,353

2081101   行政运行                               9,478

2081102   一般行政管理事务                           1,733

2081103   机关服务                                 58

2081104   残疾人康复                              2,349

2081105   残疾人就业和扶贫                           1,945

2081106   残疾人体育                              1,036

2081107   残疾人生活和护理补贴                        50,817

2081199   其他残疾人事业支出                          8,937

20816     红十字事业                              3,054

2081601   行政运行                               2,229

2081602   一般行政管理事务                            116

2081699   其他红十字事业支出                           709

20819     最低生活保障                           553,619

2081901   城市最低生活保障金支出                      305,049

2081902   农村最低生活保障金支出                      248,570

20820     临时救助                              22,320

2082001   临时救助支出                            17,285

2082002   流浪乞讨人员救助支出                         5,035



                          第 24 页
1.4 2021年黑龙江省一般公共预算支出功能分类决算表
                                          单位：万元

科目编码               科目名称             决算数

20821     特困人员救助供养                           93,074

2082101   城市特困人员救助供养支出                       21,563

2082102   农村特困人员救助供养支出                       71,511

20825     其他生活救助                              6,724

2082501   其他城市生活救助                            3,724

2082502   其他农村生活救助                            3,000

20826     财政对基本养老保险基金的补助                   6,215,404

2082601   财政对企业职工基本养老保险基金的补助               5,730,978

2082602   财政对城乡居民基本养老保险基金的补助                450,468

2082699   财政对其他基本养老保险基金的补助                   33,958

20827     财政对其他社会保险基金的补助                      2,830

2082701   财政对失业保险基金的补助                          328

2082702   财政对工伤保险基金的补助                          611

2082799   其他财政对社会保险基金的补助                      1,891

20828     退役军人管理事务                           42,464

2082801   行政运行                               20,037

2082802   一般行政管理事务                            6,501

2082803   机关服务                                  136

2082804   拥军优属                                3,102

2082805   部队供应                                1,460

2082850   事业运行                                5,485

2082899   其他退役军人事务管理支出                        5,743

20830     财政代缴社会保险费支出                         8,537

2083001   财政代缴城乡居民基本养老保险费支出                   4,010



                           第 25 页
1.4 2021年黑龙江省一般公共预算支出功能分类决算表
                                           单位：万元

科目编码                 科目名称            决算数

2083099   财政代缴其他社会保险费支出                        4,527

20899     其他社会保障和就业支出(款)                     265,482

2089999   其他社会保障和就业支出(项)                     265,482

 210      卫生健康支出                            3,922,766

21001     卫生健康管理事务                            80,621

2100101   行政运行                                49,863

2100102   一般行政管理事务                            12,292

2100103   机关服务                                   161

2100199   其他卫生健康管理事务支出                        18,305

21002     公立医院                               658,431

2100201   综合医院                               435,347

2100202   中医(民族)医院                           103,901

2100203   传染病医院                               46,447

2100204   职业病防治医院                              5,582

2100205   精神病医院                                9,766

2100206   妇幼保健医院                              11,827

2100207   儿童医院                                 3,841

2100208   其他专科医院                              26,618

2100210   行业医院                                 1,156

2100212   康复医院                                   267

2100299   其他公立医院支出                            13,679

21003     基层医疗卫生机构                           218,919

2100301   城市社区卫生机构                            54,143

2100302   乡镇卫生院                              143,451



                            第 26 页
1.4 2021年黑龙江省一般公共预算支出功能分类决算表
                                          单位：万元

科目编码                科目名称            决算数

2100399   其他基层医疗卫生机构支出                       21,325

21004     公共卫生                              869,720

2100401   疾病预防控制机构                          119,033

2100402   卫生监督机构                             22,180

2100403   妇幼保健机构                             40,900

2100404   精神卫生机构                                112

2100405   应急救治机构                              7,622

2100406   采供血机构                              20,751

2100407   其他专业公共卫生机构                          1,690

2100408   基本公共卫生服务                          240,034

2100409   重大公共卫生服务                           36,276

2100410   突发公共卫生事件应急处理                      374,095

2100499   其他公共卫生支出                            7,027

21006     中医药                                 8,321

2100601   中医(民族医)药专项                          7,776

2100699   其他中医药支出                               545

21007     计划生育事务                             99,475

2100716   计划生育机构                              3,841

2100717   计划生育服务                             23,698

2100799   其他计划生育事务支出                         71,936

21011     行政事业单位医疗                          652,764

21012     财政对基本医疗保险基金的补助                   1,137,611

2101201   财政对职工基本医疗保险基金的补助                   28,032

2101202   财政对城乡居民基本医疗保险基金的补助               1,106,664



                           第 27 页
1.4 2021年黑龙江省一般公共预算支出功能分类决算表
                                         单位：万元

科目编码               科目名称            决算数

2101299   财政对其他基本医疗保险基金的补助                   2,915

21013     医疗救助                             127,323

2101301   城乡医疗救助                           123,055

2101302   疾病应急救助                             2,702

2101399   其他医疗救助支出                           1,566

21014     优抚对象医疗                             3,357

2101401   优抚对象医疗补助                           3,266

2101499   其他优抚对象医疗支出                            91

21015     医疗保障管理事务                          48,622

2101501   行政运行                              17,588

2101502   一般行政管理事务                           2,452

2101503   机关服务                                 296

2101504   信息化建设                             21,275

2101505   医疗保障政策管理                             614

2101506   医疗保障经办事务                           2,073

2101550   事业运行                               2,332

2101599   其他医疗保障管理事务支出                       1,992

21016     老龄卫生健康事务(款)                        2,821

2101601   老龄卫生健康事务(项)                        2,821

21099     其他卫生健康支出(款)                       14,781

2109999   其他卫生健康支出(项)                       14,781

 211      节能环保支出                          1,405,411

21101     环境保护管理事务                          53,866

2110101   行政运行                              34,832



                          第 28 页
1.4 2021年黑龙江省一般公共预算支出功能分类决算表
                                          单位：万元

科目编码                科目名称            决算数

2110102   一般行政管理事务                            7,517

2110103   机关服务                                 181

2110104   生态环境保护宣传                             339

2110105   环境保护法规、规划及标准                         511

2110107   生态环境保护行政许可                           414

2110108   应对气候变化管理事务                           803

2110199   其他环境保护管理事务支出                        9,269

21102     环境监测与监察                            10,652

2110203   建设项目环评审查与监督                          270

2110204   核与辐射安全监督                              95

2110299   其他环境监测与监察支出                        10,287

21103     污染防治                              270,393

2110301   大气                                 17,115

2110302   水体                                103,987

2110303   噪声                                    26

2110304   固体废弃物与化学品                          11,081

2110305   放射源和放射性废物监管                           13

2110307   土壤                                 10,451

2110399   其他污染防治支出                          127,720

21104     自然生态保护                            120,623

2110401   生态保护                               41,006

2110402   农村环境保护                             74,776

2110404   生物及物种资源保护                             60

2110499   其他自然生态保护支出                          4,781



                           第 29 页
1.4 2021年黑龙江省一般公共预算支出功能分类决算表
                                           单位：万元

科目编码                 科目名称            决算数

21105     天然林保护                              837,927

2110501   森林管护                                16,597

2110502   社会保险补助                             279,221

2110503   政策性社会性支出补助                          96,074

2110506   天然林保护工程建设                           36,511

2110507   停伐补助                               404,488

2110599   其他天然林保护支出                            5,036

21106     退耕还林还草                               1,950

2110602   退耕现金                                 1,313

2110699   其他退耕还林还草支出                            637

21108     退牧还草                                  836

2110804   退牧还草工程建设                              836

21110     能源节约利用(款)                           63,929

2111001   能源节约利用(项)                           63,929

21111     污染减排                                27,944

2111101   生态环境监测与信息                           13,927

2111102   生态环境执法监察                             2,583

2111103   减排专项支出                               7,936

2111199   其他污染减排支出                             3,498

21112     可再生能源(款)                             1,998

2111201   可再生能源(项)                             1,998

21113     循环经济(款)                              5,997

2111301   循环经济(项)                              5,997

21114     能源管理事务                                706



                            第 30 页
1.4 2021年黑龙江省一般公共预算支出功能分类决算表
                                         单位：万元

科目编码               科目名称            决算数

2111401   行政运行                                  81

2111413   农村电网建设                               353

2111450   事业运行                                 187

2111499   其他能源管理事务支出                            85

21199     其他节能环保支出(款)                        8,590

2119999   其他节能环保支出(项)                        8,590

 212      城乡社区支出                          2,951,852

21201     城乡社区管理事务                         697,748

2120101   行政运行                             164,661

2120102   一般行政管理事务                         121,902

2120103   机关服务                               3,657

2120104   城管执法                              96,225

2120105   工程建设标准规范编制与监管                        663

2120106   工程建设管理                             7,754

2120107   市政公用行业市场监管                         2,279

2120109   住宅建设与房地产市场监管                       9,516

2120199   其他城乡社区管理事务支出                     291,091

21202     城乡社区规划与管理(款)                      12,328

2120201   城乡社区规划与管理(项)                      12,328

21203     城乡社区公共设施                         886,946

2120303   小城镇基础设施建设                        136,678

2120399   其他城乡社区公共设施支出                     750,268

21205     城乡社区环境卫生(款)                      454,461

2120501   城乡社区环境卫生(项)                      454,461



                          第 31 页
1.4 2021年黑龙江省一般公共预算支出功能分类决算表
                                          单位：万元

科目编码                科目名称            决算数

21206     建设市场管理与监督(款)                       13,298

2120601   建设市场管理与监督(项)                       13,298

21299     其他城乡社区支出(款)                       887,071

2129999   其他城乡社区支出(项)                       887,071

 213      农林水支出                            8,689,781

21301     农业农村                             3,105,641

2130101   行政运行                               83,885

2130102   一般行政管理事务                           25,553

2130103   机关服务                                  317

2130104   事业运行                              199,112

2130105   农垦运行                              190,511

2130106   科技转化与推广服务                          11,087

2130108   病虫害控制                              27,206

2130109   农产品质量安全                             3,844

2130110   执法监管                                3,304

2130111   统计监测与信息服务                             403

2130112   行业业务管理                              4,216

2130119   防灾救灾                                7,024

2130120   稳定农民收入补贴                            1,144

2130121   农业结构调整补贴                           43,668

2130122   农业生产发展                           1,317,500

2130124   农村合作经济                             25,457

2130125   农产品加工与促销                            1,113

2130126   农村社会事业                              4,140



                           第 32 页
1.4 2021年黑龙江省一般公共预算支出功能分类决算表
                                          单位：万元

科目编码                科目名称            决算数

2130135   农业资源保护修复与利用                       494,589

2130142   农村道路建设                             10,046

2130148   成品油价格改革对渔业的补贴                       1,445

2130152   对高校毕业生到基层任职补助                         33

2130153   农田建设                              533,876

2130199   其他农业农村支出                          116,168

21302     林业和草原                             672,795

2130201   行政运行                               54,297

2130202   一般行政管理事务                           14,398

2130203   机关服务                                 135

2130204   事业机构                               93,180

2130205   森林资源培育                            142,012

2130206   技术推广与转化                             2,276

2130207   森林资源管理                            162,035

2130209   森林生态效益补偿                           51,279

2130210   自然保护区等管理                           16,044

2130211   动植物保护                               8,896

2130212   湿地保护                               26,003

2130213   执法与监督                                596

2130217   防沙治沙                                  31

2130221   产业化管理                                 15

2130223   信息管理                                 433

2130226   林区公共支出                               245

2130227   贷款贴息                                 242



                           第 33 页
1.4 2021年黑龙江省一般公共预算支出功能分类决算表
                                         单位：万元

科目编码               科目名称            决算数

2130234   林业草原防灾减灾                          36,548

2130235   国家公园                                344

2130236   草原管理                                978

2130237   行业业务管理                              509

2130299   其他林业和草原支出                         62,299

21303     水利                               776,819

2130301   行政运行                              48,266

2130302   一般行政管理事务                          12,837

2130303   机关服务                                831

2130304   水利行业业务管理                          34,709

2130305   水利工程建设                           284,334

2130306   水利工程运行与维护                         38,036

2130308   水利前期工作                            12,787

2130309   水利执法监督                             1,246

2130310   水土保持                              26,580

2130311   水资源节约管理与保护                        16,697

2130312   水质监测                                153

2130313   水文测报                              17,736

2130314   防汛                                23,446

2130315   抗旱                                  475

2130316   农村水利                              16,027

2130317   水利技术推广                             2,575

2130319   江河湖库水系综合整治                       112,031

2130321   大中型水库移民后期扶持专项支出                    5,909



                          第 34 页
1.4 2021年黑龙江省一般公共预算支出功能分类决算表
                                         单位：万元

科目编码               科目名称            决算数

2130322   水利安全监督                               16

2130333   信息管理                                 24

2130334   水利建设征地及移民支出                       -1,979

2130335   农村人畜饮水                            60,193

2130399   其他水利支出                            63,890

21305     扶贫                               572,058

2130501   行政运行                               6,401

2130502   一般行政管理事务                           9,556

2130504   农村基础设施建设                         161,113

2130505   生产发展                             241,138

2130506   社会发展                               2,939

2130507   扶贫贷款奖补和贴息                          2,874

2130550   扶贫事业机构                             1,916

2130599   其他扶贫支出                           146,121

21307     农村综合改革                           187,571

2130701   对村级一事一议的补助                        34,259

2130704   国有农场办社会职能改革补助                      4,326

2130705   对村民委员会和村党支部的补助                   109,595

2130706   对村集体经济组织的补助                       29,682

2130707   农村综合改革示范试点补助                        103

2130799   其他农村综合改革支出                         9,606

21308     普惠金融发展支出                         244,975

2130801   支持农村金融机构                           2,051

2130802   涉农贷款增量奖励                            327



                          第 35 页
1.4 2021年黑龙江省一般公共预算支出功能分类决算表
                                          单位：万元

科目编码                科目名称            决算数

2130803   农业保险保费补贴                          219,009

2130804   创业担保贷款贴息                           15,646

2130805   补充创业担保贷款基金                            336

2130899   其他普惠金融发展支出                          7,606

21309     目标价格补贴                           2,858,728

2130999   其他目标价格补贴                         2,858,728

21399     其他农林水支出(款)                        271,194

2139901   化解其他公益性乡村债务支出                          58

2139999   其他农林水支出(项)                        271,136

 214      交通运输支出                           2,136,732

21401     公路水路运输                           1,009,165

2140101   行政运行                               50,476

2140102   一般行政管理事务                           24,715

2140103   机关服务                                   26

2140104   公路建设                              382,014

2140106   公路养护                              322,446

2140109   交通运输信息化建设                          12,262

2140110   公路和运输安全                             1,181

2140111   公路还贷专项                             62,958

2140112   公路运输管理                             74,952

2140123   航道维护                               17,342

2140128   救助打捞                                  630

2140131   海事管理                                    9

2140136   水路运输管理支出                            2,421



                           第 36 页
1.4 2021年黑龙江省一般公共预算支出功能分类决算表
                                          单位：万元

科目编码                科目名称            决算数

2140138   口岸建设                                3,347

2140139   取消政府还贷二级公路收费专项支出                    1,946

2140199   其他公路水路运输支出                         52,440

21402     铁路运输                              197,741

2140201   行政运行                                   3

2140202   一般行政管理事务                              94

2140204   铁路路网建设                            103,180

2140205   铁路还贷专项                             14,613

2140206   铁路安全                                 383

2140299   其他铁路运输支出                           79,468

21403     民用航空运输                            249,782

2140302   一般行政管理事务                             127

2140304   机场建设                              227,930

2140306   民航还贷专项支出                            2,358

2140308   民航专项运输                              2,645

2140399   其他民用航空运输支出                         16,722

21404     成品油价格改革对交通运输的补贴                     9,164

2140401   对城市公交的补贴                            2,408

2140402   对农村道路客运的补贴                          1,282

2140403   对出租车的补贴                             4,270

2140499   成品油价格改革补贴其他支出                       1,204

21405     邮政业支出                                154

2140501   行政运行                                   5

2140502   一般行政管理事务                               2



                           第 37 页
1.4 2021年黑龙江省一般公共预算支出功能分类决算表
                                          单位：万元

科目编码                科目名称            决算数

2140504   行业监管                                  10

2140599   其他邮政业支出                              137

21406     车辆购置税支出                           567,230

2140601   车辆购置税用于公路等基础设施建设支出                512,690

2140602   车辆购置税用于农村公路建设支出                    54,540

21499     其他交通运输支出(款)                       103,496

2149901   公共交通运营补助                           95,517

2149999   其他交通运输支出(项)                         7,979

 215      资源勘探工业信息等支出                       958,166

21501     资源勘探开发                             78,417

2150101   行政运行                                4,422

2150102   一般行政管理事务                            1,386

2150104   煤炭勘探开采和洗选                          60,486

2150107   有色金属矿勘探和采选                          6,744

2150108   非金属矿勘探和采选                           4,349

2150199   其他资源勘探业支出                           1,030

21502     制造业                                16,560

2150201   行政运行                                 853

2150202   一般行政管理事务                             122

2150205   医药制造业                                320

2150206   非金属矿物制品业                             110

2150207   通信设备、计算机及其他电子设备制造业                  7,500

2150210   工艺品及其他制造业                              8

2150212   石油加工、炼焦及核燃料加工业                       100



                           第 38 页
1.4 2021年黑龙江省一般公共预算支出功能分类决算表
                                          单位：万元

科目编码                科目名称            决算数

2150299   其他制造业支出                             7,547

21503     建筑业                                  725

2150301   行政运行                                 147

2150399   其他建筑业支出                              578

21505     工业和信息产业监管                         251,963

2150501   行政运行                               22,674

2150502   一般行政管理事务                            7,087

2150503   机关服务                                  42

2150505   战备应急                                  64

2150507   专用通信                               12,935

2150508   无线电监管                              11,920

2150516   工程建设及运行维护                          25,906

2150517   产业发展                              149,283

2150550   事业运行                                 946

2150599   其他工业和信息产业监管支出                      21,106

21507     国有资产监管                            176,454

2150701   行政运行                                3,454

2150702   一般行政管理事务                            1,496

2150703   机关服务                                   6

2150799   其他国有资产监管支出                        171,498

21508     支持中小企业发展和管理支出                     214,905

2150801   行政运行                                2,863

2150802   一般行政管理事务                            6,588

2150805   中小企业发展专项                           31,345



                           第 39 页
1.4 2021年黑龙江省一般公共预算支出功能分类决算表
                                           单位：万元

科目编码                 科目名称            决算数

2150899   其他支持中小企业发展和管理支出                    174,109

21599     其他资源勘探工业信息等支出(款)                   219,142

2159904   技术改造支出                               4,557

2159906   重点产业振兴和技术改造项目贷款贴息                   56,637

2159999   其他资源勘探工业信息等支出(项)                   157,948

 216      商业服务业等支出                           144,697

21602     商业流通事务                              52,601

2160201   行政运行                                12,997

2160202   一般行政管理事务                             1,867

2160216   食品流通安全补贴                               24

2160219   民贸民品贷款贴息                              835

2160250   事业运行                                 5,726

2160299   其他商业流通事务支出                          31,152

21606     涉外发展服务支出                            38,186

2160601   行政运行                                 1,312

2160602   一般行政管理事务                              185

2160603   机关服务                                   36

2160699   其他涉外发展服务支出                          36,653

21699     其他商业服务业等支出(款)                       53,910

2169901   服务业基础设施建设                            2,186

2169999   其他商业服务业等支出(项)                       51,724

 217      金融支出                                24,009

21701     金融部门行政支出                             1,625

2170101   行政运行                                 1,039



                            第 40 页
1.4 2021年黑龙江省一般公共预算支出功能分类决算表
                                           单位：万元

科目编码                 科目名称            决算数

2170102   一般行政管理事务                              296

2170150   事业运行                                   67

2170199   金融部门其他行政支出                            223

21702     金融部门监管支出                              166

2170204   重点金融机构监管                               50

2170205   金融稽查与案件处理                               6

2170299   金融部门其他监管支出                            110

21703     金融发展支出                               7,313

2170302   利息费用补贴支出                              141

2170303   补充资本金                                 710

2170399   其他金融发展支出                             6,462

21799     其他金融支出(款)                           14,905

2179999   其他金融支出(项)                           14,905

 219      援助其他地区支出                            32,037

21901     一般公共服务                                 37

21999     其他支出                                32,000

 220      自然资源海洋气象等支出                        367,745

22001     自然资源事务                             332,966

2200101   行政运行                                81,649

2200102   一般行政管理事务                            31,108

2200103   机关服务                                  605

2200104   自然资源规划及管理                            9,615

2200106   自然资源利用与保护                           65,941

2200107   自然资源社会公益服务                            157



                            第 41 页
1.4 2021年黑龙江省一般公共预算支出功能分类决算表
                                         单位：万元

科目编码               科目名称            决算数

2200108   自然资源行业业务管理                         2,613

2200109   自然资源调查与确权登记                        7,669

2200112   土地资源储备支出                          16,558

2200113   地质矿产资源与环境调查                        2,154

2200114   地质勘查与矿产资源管理                        1,894

2200122   自然资源卫星                               517

2200129   基础测绘与地理信息监管                        4,149

2200150   事业运行                              66,632

2200199   其他自然资源事务支出                        41,705

22005     气象事务                              12,306

2200501   行政运行                               1,967

2200502   一般行政管理事务                             643

2200504   气象事业机构                             3,995

2200506   气象探测                                  24

2200507   气象信息传输及管理                              1

2200508   气象预报预测                               137

2200509   气象服务                               2,707

2200510   气象装备保障维护                             106

2200511   气象基础设施建设与维修                          584

2200599   其他气象事务支出                           2,142

22099     其他自然资源海洋气象等支出(款)                  22,473

2209999   其他自然资源海洋气象等支出(项)                  22,473

 221      住房保障支出                          2,293,671

22101     保障性安居工程支出                       1,332,462



                          第 42 页
1.4 2021年黑龙江省一般公共预算支出功能分类决算表
                                           单位：万元

科目编码                 科目名称            决算数

2210101   廉租住房                                  577

2210102   沉陷区治理                                1,124

2210103   棚户区改造                              619,340

2210105   农村危房改造                              43,003

2210106   公共租赁住房                               1,883

2210107   保障性住房租金补贴                           41,551

2210108   老旧小区改造                             602,314

2210199   其他保障性安居工程支出                         22,670

22102     住房改革支出                             919,581

2210201   住房公积金                              666,715

2210202   提租补贴                               247,977

2210203   购房补贴                                 4,889

22103     城乡社区住宅                              41,628

2210301   公有住房建设和维修改造支出                         591

2210302   住房公积金管理                             24,836

2210399   其他城乡社区住宅支出                          16,201

 222      粮油物资储备支出                           469,511

22201     粮油事务                               448,835

2220101   行政运行                                 9,181

2220102   一般行政管理事务                              988

2220103   机关服务                                   20

2220105   粮食信息统计                                699

2220106   粮食专项业务活动                            45,611

2220115   粮食风险基金                             227,161



                            第 43 页
1.4 2021年黑龙江省一般公共预算支出功能分类决算表
                                           单位：万元

科目编码                 科目名称            决算数

2220119    设施建设                                 121

2220150    事业运行                                3,103

2220199    其他粮油事务支出                          161,951

22203     能源储备                                 1,844

22204     粮油储备                                 5,461

22205     重要商品储备                              13,371

2220504    化肥储备                                3,616

2220511    应急物资储备                              9,755

 229      其他支出(类)                              7,104

22999     其他支出(款)                              7,104

2299999    其他支出(项)                             7,104

 224      灾害防治及应急管理支出                        408,307

22401     应急管理事务                             123,182

2240101    行政运行                               32,893

2240102    一般行政管理事务                           11,570

2240103    机关服务                                 382

2240104    灾害风险防治                              1,067

2240106    安全监管                               10,075

2240107    安全生产基础                                31

2240108    应急救援                                2,234

2240109    应急管理                                5,363

2240150    事业运行                               15,698

2240199    其他应急管理支出                           43,869

22402     消防事务                               111,457



                            第 44 页
1.4 2021年黑龙江省一般公共预算支出功能分类决算表
                                         单位：万元

科目编码               科目名称            决算数

2240201   行政运行                             22,317

2240202   一般行政管理事务                         21,570

2240203   机关服务                                47

2240204   消防应急救援                           52,080

2240299   其他消防事务支出                         15,443

22403     森林消防事务                           41,516

2240301   行政运行                               685

2240302   一般行政管理事务                            88

2240304   森林消防应急救援                         40,274

2240399   其他森林消防事务支出                         469

22404     煤矿安全                             63,342

2240401   行政运行                              7,871

2240402   一般行政管理事务                          2,465

2240403   机关服务                                 3

2240404   煤矿安全监察事务                          2,218

2240405   煤矿应急救援事务                           552

2240450   事业运行                              2,448

2240499   其他煤矿安全支出                         47,785

22405     地震事务                              2,508

2240501   行政运行                              1,209

2240502   一般行政管理事务                            50

2240504   地震监测                               625

2240505   地震预测预报                               9

2240508   地震环境探察                               1



                          第 45 页
1.4 2021年黑龙江省一般公共预算支出功能分类决算表
                                           单位：万元

科目编码                 科目名称            决算数

2240550   地震事业机构                                 320

2240599   其他地震事务支出                               294

22406     自然灾害防治                              26,135

2240601   地质灾害防治                               1,108

2240602   森林草原防灾减灾                             9,140

2240699   其他自然灾害防治支出                          15,887

22407     自然灾害救灾及恢复重建支出                       29,075

2240703   自然灾害救灾补助                            24,397

2240704   自然灾害灾后重建补助                           4,393

2240799   其他自然灾害救灾及恢复重建支出                        285

22499     其他灾害防治及应急管理支出                       11,092

 232      债务付息支出                            1,297,696

23203     地方政府一般债务付息支出                      1,297,696

2320301   地方政府一般债券付息支出                      1,294,088

2320302   地方政府向外国政府借款付息支出                      1,194

2320303   地方政府向国际组织借款付息支出                      1,587

2320399   地方政府其他一般债务付息支出                         827

 233      债务发行费用支出                             6,503

23303     地方政府一般债务发行费用支出                       6,503




                            第 46 页
          1.5 2021年黑龙江省一般公共预算收支总表
                                                   单位：万元

           预算科目         决算数                 预算科目   决算数


一般公共预算收入                13,005,113 一般公共预算支出        51,048,145

上级补助收入                  37,307,099 上解上级支出            308,968

返还性收入                    1,185,795

 所得税基数返还收入                122,592

 成品油税费改革税收返还收入            312,400

 增值税税收返还收入                672,403

 消费税税收返还收入                137,800

 增值税“五五分享”税收返还收入           -59,400

 其他返还性收入                        0

一般性转移支付收入               33,867,397

 均衡性转移支付收入               9,163,300

 县级基本财力保障机制奖补资金收入         893,098

 结算补助收入                   608,097

 资源枯竭型城市转移支付补助收入          251,000

 产粮(油)大县奖励资金收入            749,165

 重点生态功能区转移支付收入            331,850

 固定数额补助收入                2,791,460

 革命老区转移支付收入                12,890

 民族地区转移支付收入                26,601

 边境地区转移支付收入               309,695

 贫困地区转移支付收入               266,074

 公共安全共同财政事权转移支付收入         214,677

 教育共同财政事权转移支付收入           754,603

 科学技术共同财政事权转移支付收入            5,600

 文化旅游体育与传媒共同财政事权转移支付收      69,483


                         第 47 页
         1.5 2021年黑龙江省一般公共预算收支总表
                                           单位：万元

          预算科目         决算数          预算科目   决算数


社会保障和就业共同财政事权转移支付收入     6,885,678

医疗卫生共同财政事权转移支付收入        1,058,714

节能环保共同财政事权转移支付收入        1,043,679

农林水共同财政事权转移支付收入         6,864,617

交通运输共同财政事权转移支付收入        1,013,004

资源勘探工业信息等共同财政事权转移支付收         927

住房保障共同财政事权转移支付收入         283,789

粮油物资储备共同财政事权转移支付收入       230,569

灾害防治及应急管理共同财政事权转移支付收      28,986

其他共同财政事权转移支付收入                 0

其他一般性转移支付收入                9,841

专项转移支付收入                2,253,907

一般公共服务                     6,593

国防                         3,099

公共安全                       1,260

教育                        83,815

科学技术                       4,089

文化旅游体育与传媒                 26,722

社会保障和就业                   44,650

卫生健康                     104,271

节能环保                     210,039

城乡社区                      14,489

农林水                      684,628

交通运输                           0



                        第 48 页
          1.5 2021年黑龙江省一般公共预算收支总表
                                               单位：万元

           预算科目    决算数                  预算科目   决算数


 资源勘探信息等              57,186

 商业服务业等               38,874

 金融                      -31

 自然资源海洋气象等           100,000

 住房保障                554,873

 粮油物资储备                6,900

 灾害防治及应急管理            57,756

 其他收入                254,694

下级上解收入

待偿债置换一般债券上年结余

上年结余                4,544,335 补充预算周转金                  0

调入资金                 984,012 调出资金                 28,315

债务收入                7,808,758 债务还本支出            3,868,429

国债转贷资金上年结余               22 国债转贷资金结余                  22

动用预算稳定调节基金          3,098,743 安排预算稳定调节基金        2,871,381

                               待偿债置换一般债券结余             0

                               年终结余             8,622,822

                               减:结转下年的支出        8,622,822

                               净结余                     0

收 入 总 计            66,748,082 支 出 总 计          66,748,082




                    第 49 页
                                 1.6 2021年省对市县一般性转移支付分项目分地区决算表
                                                                                                                                             单位:万元

                                       县级基本财力                   资源枯竭型城
                                均衡性转移支                                 产粮（油）大 重点生态功能        革命老区转移 民族地区转移 边境地区转移 贫困地区转移 其他一般性转
  市县别     合计         返还性支出             保障机制奖补        结算补助       市转移支付补               固定数额补助
                                   付                                    县奖励资金  区转移支付          支付     支付     支付     支付     移支付
                                         资金                        助

 市县合计     13345837    1844648     4612159   893098    1106103      251000      605512   317972   2405010   12890   26601   309695   496074    465075

哈尔滨市合计    3116352     1116278      862338   153619     159556                   92429   50820     466554    3365     200            59414     151779

  市本级     1816317      992435      367740    13692      45835                   22285      180    222783             200            13740     137427

  宾县        145731      21129       57487    18108       5278                    8069       21     26149      83                      4833      4574

  方正县       102558      11896       44899     9255       2264                    2927     4858     20121     562                      3325      2451

  依兰县       134976      17185       56924    14785       8627                   11607              21593      55                      3605       595

  巴彦县       203993      13050       79766    20395      32751                   11932        2     39276     138                      5010      1673

  木兰县       105190       6425       45946    13534       7420                    4551     5161     16435      55                      5144       519

  通河县       111368       7743       51142    12258       3697                    4731     7247     21066      83                      2777       624

  延寿县       113408      12951       45335    10692       1423                    4899     5413     17505     994                    13319        877

  五常市       192384      15661       70796    22260       6711                   11967   14968      43684     111                      3818      2408

  尚志市       190427      17803       42303    18640      45550                    9461   12970      37942    1284                      3843       631

齐齐哈尔市合计   1703538      123517      658226   138561     166391                  105863     9269    320877     388    8288            125754     46404

  市本级       444180      50219      156929      500     107063                     738       38     95453             400              1241     31599

 梅里斯区        72238        829       29767    10144       2339                    3811              11484            7088              6632       144

  龙江县       152196       8444       64314    14512      12256                   12243              28000             200              9680      2547

  讷河市       151308       8582       59321    17205       8605                   14256       35     32709      83     200              9190      1122

  依安县       125853       9184       51027    13494       2864                   12191              22670                            11166       3257

  泰来县       106170       8338       50703    11450       4220                    5960              15978             200              7785      1536

  甘南县       119925       6591       47707    10453       6276                   11637     5698     23793      28                      6626      1116

  富裕县       112791       8685       41970     9756       1732                   11023      292     16391             200            21533       1209

  克山县       140854       6612       57662    19902       7308                   14086              26026     111                      8196       951

                                                                            第 50 页
                               1.6 2021年省对市县一般性转移支付分项目分地区决算表
                                                                                                                                 单位:万元

                                     县级基本财力                 资源枯竭型城
                              均衡性转移支                               产粮（油）大 重点生态功能        革命老区转移 民族地区转移 边境地区转移 贫困地区转移 其他一般性转
 市县别     合计        返还性支出             保障机制奖补       结算补助      市转移支付补               固定数额补助
                                 付                                  县奖励资金  区转移支付          支付     支付     支付     支付     移支付
                                       资金                      助

 克东县      112147     11089       44093    9849       7182                   7279            19883    111                 10409     2252

 拜泉县      165876       4944      54733    21296      6546                  12639    3206    28490     55                 33296       671

牡丹江市合计   1035127     119632      360438   70494     69450       1427       26167   49718   188832   1440         98223   20981     28325

 市本级      315775     35729       173299     880     36462                           1553    46549     83                  7601     13619

 林口县      114827     11187       49928    11847      4241                   6018    7285    20218    674                  2689       740

 穆棱市      125557     18345       35331    11756      3913       1427        5172    8641    27826    489          7836    2651     2170

 东宁市      106863     15352       16722    10302      7029                   2268   10505    19206     28         20031    2533     2887

 宁安市      136985       8806      53020    15066      7186                   9198   10803    27843     83                  3103     1877

 海林市      113960     13466       23786    12877      5335                   3511   10926    39391     83                  2404     2181

 绥芬河市     121160     16747         8352   7766       5284                              5     7799                70356             4851

佳木斯市合计   1124560     92058       470420   62491     93049                  75149   24371   180876   3540   600   28493   55886     37627

 市本级      358064     34737       169962   5008      67075                   7537    1081    45069    221   200            5639     21535

 桦南县      147761       8454      62437    13836      5168                  12263            24968   1715                 15115     3805

 桦川县      103778       6327      49239    8268       2792                  11726      41    12257    608                 11298     1222

 汤原县      105216       5218      52054    8580       1823                   8175      38    18042    636                  8834     1816

 抚远市       96600       8165      32325    7213       3631                   9383    5665    14410     55   200   10661    3487     1405

 富锦市      178622     17830       64402    12712      7236                  15942   10929    42342    194           705    2688     3642

 同江市      134519     11327       40001    6874       5324                  10123    6617    23788    111   200   17127    8825     4202

鸡西市合计     690071     56529       200132   52439     79075      48249       28066   18786   133257   1566         43318    9967     18687

 市本级      279754     28461       73705    16333     48974      48249         155    1463    50884                   19     167     11344

 鸡东县      129516       9577      46289    15278     17188                   4887     140    22356    596          8632    3166     1407

 密山市      157017     10412       49049    12605      7368                  11559    6641    30109    804         20229    3982     4259

                                                                       第 51 页
                             1.6 2021年省对市县一般性转移支付分项目分地区决算表
                                                                                                                              单位:万元

                                   县级基本财力                 资源枯竭型城
                            均衡性转移支                               产粮（油）大 重点生态功能        革命老区转移 民族地区转移 边境地区转移 贫困地区转移 其他一般性转
 市县别     合计       返还性支出            保障机制奖补       结算补助      市转移支付补               固定数额补助
                               付                                  县奖励资金  区转移支付          支付     支付     支付     支付     移支付
                                     资金                      助

 虎林市     123784      8079      31089    8223       5545                  11465   10542    29908   166         14438    2652     1677

鹤岗市合计    457872     32689      126357   24553     63568      66998       13951    4200    78354   111         21287   13242     12562

 市本级     258133     17069      59893    8395      50861      66998        1820     145    43659                                 9293

 萝北县     104973     10323      33916    7274       7563                   5923     143    20183   111         14680    2155     2702

 绥滨县      94766      5297      32548    8884       5144                   6208    3912    14512                6607   11087       567

双鸭山市合计   644310     47368      206986   54474    100444      57268       29772    5085   100131   661   200    9844   14600     17477

 市本级     259979     15477      54915    13250     69136      57268         139            38870    56                           10868

 集贤县     101453      8990      45848    10916      4294                   7864      18    19169                        2493     1861

 宝清县     132071     11880      50505    15344     13597                  12515     428    22719    28                  2968     2087

 友谊县      55470      5078      25920    7070       7010                   1766             6294                        1966       366

 饶河县      95337      5943      29798    7894       6407                   7488    4639    13079   577   200    9844    7173     2295

七台河市合计   262508     15621      88836    19701     26096      33886        6124     126    47899   687                 12928     10604

 市本级     147386      4467      39303    6956      18665      33886        2694      33    29927    28                  1524     9903

 勃利县     115122     11154      49533    12745      7431                   3430      93    17972   659                 11404       701

黑河市合计    858270     58516      306115   60025     60249      11122       71989   46763   142539   360   800   55976   29364     14452

 市本级     151738     14233      55328    2571      26200        406         153    2503    22491               18150    1655     8048

 爱辉区     119357      7081      39097    9254       8304       2500        6366    8916    13867    55   200   17739    4852     1126

 北安市     151946     13872      53969    13852      6306                  15881    8013    30966    55                  7721     1311

 嫩江市     146910     11111      47372    12869     12270                  17106   10359    30057    28   200            3870     1668

五大连池市    116950      5402      38033    8234       5613       6216       16548    9901    23922    28                  2314       739

 逊克县      90039      3787      36249    6235       1154       2000       10241    3244     7290   111   200   15094    3485       949

 孙吴县      81330      3030      36067    7010        402                   5694    3827    13946    83   200    4993    5467       611

                                                                     第 52 页
                                1.6 2021年省对市县一般性转移支付分项目分地区决算表
                                                                                                                                     单位:万元

                                      县级基本财力                  资源枯竭型城
                               均衡性转移支                                产粮（油）大 重点生态功能        革命老区转移 民族地区转移 边境地区转移 贫困地区转移 其他一般性转
 市县别     合计        返还性支出              保障机制奖补        结算补助      市转移支付补               固定数额补助
                                  付                                   县奖励资金  区转移支付          支付     支付     支付     支付     移支付
                                        资金                       助

伊春市合计     808175      25442       327418    32907     61452      21272        9625   52070   236463   193     200   14249   12764      14120

 市本级      396944      14012       163188      227     49220      16772               19146   123939                                    10440

 铁力市      123018       5085       50188     10294      5020       2500        4987    4730    35221                           3825     1168

 嘉荫县       80821       3374       31022      6776      2145       2000        4638    4114     8493   138     200   14249     2841       831

 汤旺县       41487        605       18569      3838      1170                           5710    11478                                      117

 丰林县       67363        943       30478      5174      1715                           8485    19963                                      605

 大箐山县      38876        447       10812      2836       662                           5413    14929                           3579       198

 南岔县       59666        976       23161      3762      1520                           4472    22440    55                     2519       761

大庆市合计     643411      -16153      220627    47812     40609                  34584      29   212812    83   15313           27567      60128

 市本级      209641     -119767      112952     1130     13360                   2891      29   144866                           3174     51006

 林甸县       99148      22432       28753      8743      3384                   9356            12186                         11426      2868

 肇州县      106773      28249       29042     13630      5226                   7516            18889    55                     2900     1266

 肇源县      123270      26074       32658     15020     15649                   8934            18948    28                     3495     2464

 杜蒙县      104579      26859       17222      9289      2990                   5887            17923         15313             6572     2524

大兴安岭合计    348740      22960       131689    24074      5273      10778        7530   37974    49270    83     600   38305   11002      9202

 行署本级      90306       3128       37776      1290       316      10778               14958    15257                                    6803

加格达奇区      67232       9681       24030      6445      2034                   4013    3173    15009                           2297       550

 呼玛县       76582       3270       30573      7163       496                   3517    4995     7924    83     200   14807     2962       592

 塔河县       54729       2813       21062      4302       261                           7427     5217           200    9923     3315       209

 漠河市       59891       4068       18248      4874      2166                           7421     5863           200   13575     2428     1048

绥化市合计    1652903     150191       652577   151948    180891                 104263   18761   247146   413     400           102605     43708

 市本级      297535      39053       135290     7227     40017                  14483            34673   247                     7812     18733

                                                                         第 53 页
                          1.6 2021年省对市县一般性转移支付分项目分地区决算表
                                                                                                                  单位:万元

                                县级基本财力                资源枯竭型城
                         均衡性转移支                              产粮（油）大 重点生态功能        革命老区转移 民族地区转移 边境地区转移 贫困地区转移 其他一般性转
市县别   合计       返还性支出            保障机制奖补      结算补助      市转移支付补               固定数额补助
                            付                                 县奖励资金  区转移支付          支付     支付     支付     支付     移支付
                                  资金                     助

安达市   138283     34694      30359   16623     18407               7621          22968   111                3397     4103

肇东市   173808     27777      39816   22468     27857              11886          29966         200          7276     6562

兰西县   130932      7184      64452   13650      3554               9006          22613         200          8151     2122

青冈县   147715      6041      63508   16487      4489              10096   2024   20903                     20286     3881

明水县   119289      6525      54803   12997      8168               6562    162   18842                     10054     1176

海伦市   220996      8377      85458   23850     29099              14434   1910   35505    55               19666     2642

望奎县   181139      7089      67596   15740     41368              10147          20133                     17562     1504

绥棱县   117988      5810      53486   10099      3251               9749   8114   21016                      5046     1417

庆安县   125218      7641      57809   12807      4681              10279   6551   20527                      3355     1568




                                                             第 54 页
                                     1.7 2021年省对市县共同财政事权转移支付分项目分地区决算表
                                                                                                                                                                            单位:万元
                                                                              文化旅游体育                                                                                       灾害防治及应
                     一般公共服务                公共安全共同                  科学技术共同                社会保障和就      医疗卫生共同      节能环保共同      农林水共同财      交通运输共同      住房保障共同      粮油物资储备
                                国防共同财政                 教育共同财政                 与传媒共同财                                                                                       急管理共同财
 市县别      合计         共同财政事权                财政事权转移                  财政事权转移                业共同财政事      财政事权转移      财政事权转移      政事权转移支      财政事权转移      财政事权转移      共同财政事权
                                事权转移支付                 事权转移支付                 政事权转移支                                                                                       政事权转移支
                      转移支付                   支付                      支付                   权转移支付        支付          支付          付           支付          支付         转移支付
                                                                                付                                                                                            付
 市县合计     14183916       9222       4288      199147      579700       3500      87135     5066566     1485072      442458     5453370      546830      303388       723       2517

哈尔滨市合计    2808478        2196       1008      36951       135018        400      13482     1297117      357228      60804       713942      90372       99558                  402

  市本级     1570073        1732       569       24605       84663         400       7934      940794      190923      35959       161124      36990       84338                   42

  宾 县      155305          21        63        1397        7142                    603      49092       24514        3822       61343        5790         1398                 120

  方正县       66525          13        30          982       3008                    443      18881         8421       1982       28347        3780         638

  依兰县      157101          55        40        1549        4265                    623      37066       15793        1234       80700       15119         657

  巴彦县      194795          33        70        1557        7191                    724      54609       28430        1093       93075        3904         4109

  木兰县      105593          32        36        1058        4027                    419      29567       11087        2342       52859        1387         2779

  通河县       82959         132        30        1174        3770                    488      20864         9411       1406       42870        2021         793

  延寿县       99639          46        31        1033        5165                    675      24118       11811        3867       50469        2039         385

  五常市      231476         100        77        1908        9213                    971      72816       37212        8514       90049        7091         3285                 240

  尚志市      145012          32        62        1688        6574                    602      49310       19626          585      53106       12251         1176

齐齐哈尔市合计   2306913        1132       588       24142       89500         400      10347      757843      254909      28290      1070874      42717       26092                   79

  市本级      476363         811       249       12061       18150         400       4359      334845      45196       10438       30338        4012       15439                   65

 梅里斯区       80953          17        18          642       3929                    320        7538        8968         489      55039        3270         723

  龙江县      222820          68        44        1442       11632                    654      55050       29265        3003       116919       3530         1213

  讷河市      307099          37        58        1541        7701                    684      64194       33377        2788       193457       2045         1217

  依安县      209690          12        43        1343        5844                    474      48246       22980          928      127642       1416         762

  泰来县      136929          17        25        1134        8210                    737      32120       17518        1267       63307       12070         524

  甘南县      178489          17        28        1137        9860                    656      37650       18419          997      105165       2709         1851

  富裕县      141858          16        25          978       6841                    464      40223       16198        1146       72293        3267         407

  克山县      194279          10        34        1284        4128                    740      54753       21484        2064       105917       2638         1227

  克东县      125693          99        21        1173        4745                    526      31957       14572        3267       65773        2396         1150                  14

  拜泉县      232740          28        43        1407        8460                    733      51267       26932        1903       135024       5364         1579

牡丹江市合计     908017        1076       345       16503       44128         300      22166      388782      97317       14933       271772      28514       21985                  196

  市本级      334586         873       102        9401       14177         200      14260      203116      32109        3251       33030        7140       16791                  136

  林口县      125619          53        32        1403        3379                   1503      40817       13649        1894       56120        5593         1176

                                                                                 第 55 页
                                 1.7 2021年省对市县共同财政事权转移支付分项目分地区决算表
                                                                                                                                                                 单位:万元
                                                                       文化旅游体育                                                                                   灾害防治及应
                   一般公共服务              公共安全共同                科学技术共同               社会保障和就      医疗卫生共同      节能环保共同     农林水共同财      交通运输共同     住房保障共同     粮油物资储备
                             国防共同财政               教育共同财政               与传媒共同财                                                                                   急管理共同财
 市县别     合计        共同财政事权              财政事权转移                财政事权转移               业共同财政事      财政事权转移      财政事权转移     政事权转移支      财政事权转移     财政事权转移     共同财政事权
                             事权转移支付               事权转移支付               政事权转移支                                                                                   政事权转移支
                    转移支付                 支付                    支付                  权转移支付        支付          支付         付           支付         支付        转移支付
                                                                         付                                                                                        付
 穆棱市      117104        13        54       1012       6175       100       769       31353       10230         753      62126        3673       846

 东宁市       84852        42        41       1014       5848                 755       26261        9448        2270      34624        3493       1056

 宁安市      120575        54        50       1401       4860                 3759      40109       17022        1419      47386        3459       1056

 海林市      100238        17        39       1268       4682                 802       37619       10995        4728      36725        2551       812

 绥芬河市      25043        24        27       1004       5007                 318        9507        3864         618        1761       2605       248                  60

佳木斯市合计   1227557       724       259      16934      48167       300       5930      316275      108495      15394      636658      29393      49012                 16

 市本级      328985       456       115      10300      12404       200       986       168528      35089        5389      46255        8817      40430                 16

 桦南县      194260        19        29       1449       8231       100       842       40589       21146        3430      109599       3388       5438

 桦川县      110202       127        18        891       5573                 506       19849       11199        1390      67785        2418       446

 汤原县      106509        29        19       1070       5075                 928       28065       11693        1417      54167        3455       591

 抚远市      111015        54        29       1020       4440                 1169       7825        3582         339      89069        3041       447

 富锦市      254073        22        27       1230       6648                 744       37478       19048        3096      181635       3097       1048

 同江市      122513        17        22        974       5796                 755       13941        6738         333      88148        5177       612

鸡西市合计     724117       353       288       9442      26595       135       3317      281734      65170        7616      244172      70252      14471                572

 市本级      313122       230        90       5791       7469       135       1432      182620      27004        3227      15445       59048      10479                152

 鸡东县      103331        60        50       1209       5247                 393       32642       11317        2214      45090        3318       1371                420

 密山市      193527        51        99       1356       7707                 656       43203       17791        1280      114993       4702       1689

 虎林市      114137        12        49       1086       6172                 836       23269        9058         895      68644        3184       932

鹤岗市合计     389479       310       125       7160      16691       125       2110      159116      39576       10781      140570       8712       3951                252

 市本级      215417       262        73       5272       7132       125       1059      126780      25023        8365      33536        4192       3346                252

 萝北县       79006        11        26        982       4849                 406       15841        5904         991      47487        2188       321

 绥滨县       95056        37        26        906       4710                 645       16495        8649        1425      59547        2332       284

双鸭山市合计    525794       406       215       9111      22228       240       4407      194467      56060       19411      197566      13420       8161                102

 市本级      168153       280        74       4849       7750       240       1224      104173      18651       10112      12580        3909       4259                 52

 集贤县      111308        10        22       1150       3861                 475       35317       12621        1740      52916        1751       1395                 50

 宝清县      160718        42        24       1288       4960                 666       35786       16309        7139      88850        4245       1409

 友谊县       16428        56        17        797       1411                 416        7846        1991                    2341       1134       419

                                                                          第 56 页
                                1.7 2021年省对市县共同财政事权转移支付分项目分地区决算表
                                                                                                                                                                 单位:万元
                                                                      文化旅游体育                                                                                    灾害防治及应
                  一般公共服务              公共安全共同                科学技术共同               社会保障和就      医疗卫生共同      节能环保共同      农林水共同财      交通运输共同     住房保障共同     粮油物资储备
                            国防共同财政               教育共同财政               与传媒共同财                                                                                    急管理共同财
 市县别     合计       共同财政事权              财政事权转移                财政事权转移               业共同财政事      财政事权转移      财政事权转移      政事权转移支      财政事权转移     财政事权转移     共同财政事权
                            事权转移支付               事权转移支付               政事权转移支                                                                                    政事权转移支
                   转移支付                 支付                    支付                  权转移支付        支付          支付          付           支付         支付        转移支付
                                                                        付                                                                                         付
 饶河县      69187        18        78       1027       4246                 1626      11345        6488          420      40879        2381       679

七台河市合计   326606       223        93       4583      14187       276       1373      116938      34079       30080       103258      12880       8085                551

 市本级     197869       190        60       3567       9668       276       751       80123       20818       25039       41733        7697       7446                501

 勃利县     128737        33        33       1016       4519                 622       36815       13261        5041       61525        5183       639                  50

黑河市合计    988236       666       213      12031      28878       155       4385      186743      64337        7460       642119      29408      11686                155

 市本级      58736       424        10       5578       3318       155       775       26509        2872        1216         9093       4816       3855                115

 爱辉区      93385        35        59        382       4839                 672       17228        8295          641      60686         531         17

 北安市     216059        74        19       1308       3899                 584       57004       16657        2514       123357       7268       3375

 嫩江市     276211        13        19       1362       5945                 749       37426       17442          497      203000       6905       2813                 40

五大连池市    166999        66        28       1293       4092                 693       24825       10418        1536       119500       3497       1051

 逊克县     100766        31        45       1127       3233                 448       10337        4212          471      76023        4489       350

 孙吴县      76080        23        33        981       3552                 464       13414        4441          585      50460        1902       225

伊春市合计    845962       406       161      13894      15345       215       4900      373647      46073       184175      134846      64734       7549                 17

 市本级     578703       312        63       8936       6114       215       1743      336128      13477       181027      23156        3857       3658                 17

 铁力市      92189        49        28       1092       2715                 588       12357       11189        2622       56347        3416       1786

 嘉荫县     102186         7        24        900       2614                 710        5603        3360          484      36823       51411       250

 汤旺县      15514         6        11        794        690                 536        4029        2908                     3218       3230         92

 丰林县      19249        10        15       1125        794                 612        5885        4781                     5690        173       164

 大箐山县     12650         6         8        428        743                 329        3807        3788          12         2205       1111       213

 南岔县      25471        16        12        619       1675                 382        5838        6570          30         7407       1536       1386

大庆市合计    859932       930       291      11830      45197       400       4540      308462      110527       5460       325290      34531      12473                  1

 市本级     302720       701       198       7047      21106       400       1564      169277      44189          599      47244        6678       3716                  1

 林甸县     127747        67        20       1170       5684                 536       29267       14238        1326       62992        7673       4774

 肇州县     126816        48        24       1252       5739                 845       39003       18771          661      55497        3226       1750

 肇源县     206176        78        26       1334       5867                 659       42398       21242        1721       118049      13471       1331

 杜蒙县      96473        36        23       1027       6801                 936       28517       12087        1153       41508        3483       902

大兴安岭合计   363972       200       122      17116      11566        74       3316      139118      16910       41882       91789       40520       1236                123

                                                                         第 57 页
                                1.7 2021年省对市县共同财政事权转移支付分项目分地区决算表
                                                                                                                                                                 单位:万元
                                                                      文化旅游体育                                                                                    灾害防治及应
                  一般公共服务              公共安全共同                科学技术共同               社会保障和就      医疗卫生共同      节能环保共同     农林水共同财      交通运输共同     住房保障共同     粮油物资储备
                            国防共同财政               教育共同财政               与传媒共同财                                                                                    急管理共同财
市县别     合计        共同财政事权              财政事权转移                财政事权转移               业共同财政事      财政事权转移      财政事权转移     政事权转移支      财政事权转移     财政事权转移     共同财政事权
                            事权转移支付               事权转移支付               政事权转移支                                                                                    政事权转移支
                   转移支付                 支付                    支付                  权转移支付        支付          支付         付           支付         支付        转移支付
                                                                        付                                                                                         付
行署本级     223453       138        25      12633       2468        74       932       120162       4372       40400      33936        7816       424                   73

加格达奇区     19505        35        12        791       1754                 209        5831        4602         300        5433        538

 呼玛县      57869         9        24        996       2098                 907        4348        2819         601      41127        4519       371                   50

 塔河县      20958         7        26       1341       2585                 538        3833        2759         218        7324       1886       441

 漠河市      42187        11        35       1355       2661                 730        4944        2358         363        3969      25761

绥化市合计   1908853       600       580      19450      82200       480       6862      546324      234391      16172      880514      81377      39129       723        51

 市本级     260568       377        86       7485      12485       480       1016      93855       40473        1727      81800        9521      10922       290        51

 安达市     154299        16        49       1304       5282                 506       57880       18616        1233      57969        6626       4532       286

 肇东市     227947        44        78       1704       8766                 678       74349       30848        1175      92616       14570       3119

 兰西县     152286        15        59       1181       9304                 546       43357       20065        2490      66591        3413       5265

 青冈县     187310        20        62       1394      10089                 610       49895       21465        1519      91682        6951       3476       147

 明水县     125278        19        44       1202       6404                 588       32462       15881        1673      61742        3008       2255

 海伦市     329064        60        63       1674      11633                 1071      77182       35457        3259      176760      19689       2216

 望奎县     172464        20        47       1334       8401                 823       46094       21495        1508      84523        4227       3992

 绥棱县     122808        14        42       1033       4955                 508       34335       12517        1125      61917        5094       1268

 庆安县     176829        15        50       1139       4881                 516       36915       17574         463      104914       8278       2084




                                                                         第 58 页
                                                            1.8 2021年省对市县专项转移支付分项目分地区决算表
                                                                                                                                                                                                          单位:万元
                                                                                                                                 产业基础
                                                                           城市管网              国家级互                                         偿债资金                                    大中型水    大学生志
                              重点生态                                                  中小企业                       制造业高              再造和制             农村危房    重要物资    清洁能源                            选调生到    文化产业
                    基本建设               大气污染     水污染防     外经贸发     自然灾害     与污水处              联网骨干     服务业发              师资教育              （机场建                            土壤污染    库移民后    愿服务西
 市县别      合计                  保护修复                                                  发展专项                       质量发展              造业高质             改造补助    储备贴息    发展专项                            村任职补    发展专项
                     支出                防治资金      治资金      展资金     救灾资金     理补助资              直联点项     展资金               补助资金              设基金还                            防治资金    期扶持资    部计划补
                              治理资金                                                   资金                         资金               量发展专              资金      资金      资金                              助资金     资金
                                                                            金                目资金                                          本付息）                                     金       助资金
                                                                                                                                 项资金
 市县合计     1740381   1439106    97151    56400    28880    22636    21822    18348    16889    14450    10000     8130     2700     1882     462     333     290     248     202     181     149     111      12

哈尔滨市合计     322765    260983     4084    15680              5655     2828             10329    14450     1000     7410      300                                       12              35

  市本级      211905    158824             13912              5441     1227             10329    14450              7410      300                                        4               8

  宾 县       5650      5276                                 185      186                                                                                                               3

  方正县       4382      4369                                    7        3                                                                                                              3

  依兰县      12478      8387      4084                                   3                                                                                              4

  巴彦县      19558     18478                                            80                                1000

  木兰县       6034      5730                                          304

  通河县       5160      4698                                          462

  延寿县      11295     11244                                  13        35                                                                                                              3

  五常市      19652     19112                                          523                                                                                               4              13

  尚志市      26651     24864               1768                 9        5                                                                                                              5

齐齐哈尔市合计    210494    199162                                562      3389     1366     1150              2000      720      200     1882                              15              38      11

  市本级      48178     41723                                 314      843      1366     1130                        720      200     1882

 梅里斯区      16058     15590                                          455                                                                                                               3      11

  龙江县      10949     10795                                          136                                                                                              15               3

  讷河市      21171     20544                                  80      527                                                                                                              20

  依安县      17422     15887                                          532                                 1000                                                                          3

  泰来县      12630     12090                                            28               12                500

  甘南县      26062     25837                                  80      142                                                                                                               3

  富裕县      13502     13049                                  88      365

  克山县      10187      9969                                          207                 8                                                                                             3

  克东县      11306     11270                                            33                                                                                                              3

  拜泉县      23029     22408                                          121                                  500

牡丹江市合计     129709    112060                       7097     6421     1365     1271     135               1000               200                                       94              49      17

  市本级      60685     56012                        2025     523      650      1271                                          200                                                        3

  林口县       3283      3117                                          124                22                                                                            15               5

  穆棱市       9644      8432                                 130        62                7               1000                                                                         13



                                                                                                       第 59 页
                                                          1.8 2021年省对市县专项转移支付分项目分地区决算表
                                                                                                                                                                                            单位:万元
                                                                                                                        产业基础
                                                                         城市管网              国家级互                                偿债资金                                 大中型水    大学生志
                            重点生态                                                  中小企业                   制造业高           再造和制          农村危房   重要物资   清洁能源                            选调生到    文化产业
                  基本建设               大气污染     水污染防     外经贸发     自然灾害     与污水处              联网骨干   服务业发          师资教育           （机场建                         土壤污染    库移民后    愿服务西
 市县别     合计                 保护修复                                                  发展专项                   质量发展           造业高质          改造补助   储备贴息   发展专项                            村任职补    发展专项
                   支出                防治资金      治资金      展资金     救灾资金     理补助资              直联点项   展资金           补助资金           设基金还                         防治资金    期扶持资    部计划补
                            治理资金                                                   资金                     资金            量发展专           资金     资金     资金                              助资金     资金
                                                                          金                目资金                                 本付息）                                  金       助资金
                                                                                                                        项资金
 东宁市     29098     28342                                 737                                                                                            4               3      12

 宁安市     13716      8509                        5072                72                                                                                 58               5

 海林市      2890      2275                                 115      457                                                                                  17              20       5

 绥芬河市    10395      5373                                 4916                       106

佳木斯市合计   257234    205103    21207    24000              906      2023     1989     1687                          300                                  10               9

 市本级     150206    109507    11966    24000              209      648      1989     1687                          200

 桦南县     30357     29928       375                        11        38                                                                                                  5

 桦川县      8921      8765                                  80        76

 汤原县     13040     12690                                          340                                                                                  10

 抚远市     22868     15707      6421                       264      376                                             100

 富锦市     26675     24208      2445                        19                                                                                                            3

 同江市      5167      4299                                 323      545

鸡西市合计    56730     54837                320      294     398      460               182                           100                                                   8      20     111

 市本级     24182     22760                320      294     171      337               182                           100                                                                  18

 鸡东县     16295     16232                                            36                                                                                                  3              24

 密山市     10340     10061                                 177        45                                                                                                  5      11      41

 虎林市      5913      5784                                  50        42                                                                                                          9      28

鹤岗市合计    117097    88776     15083              1584     229      701     10000     624                           100

 市本级     97917     73528     13539                        74      438     10000     238                           100

 萝北县     16172     13343       552              1584     155      152               386

 绥滨县      3008      1905       992                                111

双鸭山市合计   54739     43071      7219     1000              432      1062     1443                                   300                                   4     202       6

 市本级     15022      6219      5554     1000              184      320      1443                                   100                                         202

 集贤县      5699      5578                                            18                                            100                                                   3

 宝清县     21333     19103      1665                        95      462                                                                                   4               3

 友谊县      4128      3985                                            43                                            100

 饶河县      8558      8186                                 153      219

七台河市合计   75941     51473     23094      500               50      716                                             100                                                   8



                                                                                                   第 60 页
                                                        1.8 2021年省对市县专项转移支付分项目分地区决算表
                                                                                                                                                                                            单位:万元
                                                                                                                        产业基础
                                                                       城市管网              国家级互                                  偿债资金                                  大中型水    大学生志
                           重点生态                                                 中小企业                     制造业高           再造和制           农村危房    重要物资   清洁能源                           选调生到   文化产业
                  基本建设              大气污染    水污染防     外经贸发     自然灾害     与污水处              联网骨干   服务业发            师资教育           （机场建                           土壤污染   库移民后    愿服务西
 市县别     合计                保护修复                                                 发展专项                     质量发展           造业高质           改造补助    储备贴息   发展专项                           村任职补   发展专项
                   支出               防治资金     治资金      展资金     救灾资金     理补助资              直联点项   展资金             补助资金           设基金还                           防治资金   期扶持资    部计划补
                           治理资金                                                  资金                       资金            量发展专            资金      资金     资金                             助资金    资金
                                                                        金                目资金                                   本付息）                                   金       助资金
                                                                                                                        项资金
 市本级     68889     46401    21116     500               50      716                                               100                                                    5

 勃利县      7053      5072     1978                                                                                                                                        3

黑河市合计    100337    88181                               3645     2640     1442     1699            2000            100            462                     88             23      57

 市本级     30478     22973                               3486     870      1442     1603                            100                                     4

 爱辉区     24609     23698                                        907                                                                                                      4

 北安市     19393     18339                                          35                              1000                                                                   3      16

 嫩江市      3837      3543                                        257                                                                                                     16      21

五大连池市     5625      5099                                          39                                                             462                     25

 逊克县      8094      6419                               159      361                96             1000                                                   59

 孙吴县      8302      8111                                        171                                                                                                             20

伊春市合计    74202     38666    26464             5097     294      656      837       68             2000            100                                    18                      2

 市本级     49935     21938    26464                      137      426      837       24                             100                                     9

 铁力市     12258      6059                      5097        7       51               44             1000

 嘉荫县      7594      6277                               150      165                               1000                                                                           2

 汤旺县      2926      2917                                           9

 丰林县       234       229                                           5

 大箐山县     1022      1022

 南岔县       233       224                                                                                                                                  9

大庆市合计    99103     92847              360      470     3397     815               462                             400                    333                             3       4             12

 市本级     61824     56976                       470     3231     559               375                             200                                                            2             12

 林甸县     23793     23654                                        139

 肇州县      1508      1165              120                         34               87                             100                                                            2

 肇源县      1672      1429              240                                                                                                                                3

 杜蒙县     10305      9623                               166        83                                              100                    333

大兴安岭合计   43154     38918                               101      2997                              1000            100                                                           38

 行署本级     6520      5260                                51      1109                                              100

加格达奇区    16638     16517                                        121

 呼玛县     10130      8000                                        1116                              1000                                                                          14



                                                                                                 第 61 页
                                                      1.8 2021年省对市县专项转移支付分项目分地区决算表
                                                                                                                                                                                    单位:万元
                                                                                                                   产业基础
                                                                     城市管网           国家级互                                  偿债资金                                大中型水   大学生志
                           重点生态                                             中小企业                    制造业高           再造和制          农村危房   重要物资    清洁能源                         选调生到   文化产业
                 基本建设             大气污染     水污染防     外经贸发    自然灾害     与污水处           联网骨干   服务业发            师资教育           （机场建                         土壤污染   库移民后   愿服务西
市县别     合计                 保护修复                                             发展专项                    质量发展           造业高质          改造补助   储备贴息    发展专项                         村任职补   发展专项
                  支出              防治资金      治资金      展资金    救灾资金     理补助资           直联点项   展资金             补助资金           设基金还                         防治资金   期扶持资   部计划补
                           治理资金                                              资金                      资金            量发展专           资金     资金      资金                           助资金    资金
                                                                      金             目资金                                   本付息）                                 金      助资金
                                                                                                                   项资金
 塔河县     6999      6451                                       525                                                                                                       24

 漠河市     2866      2690                                50     126

绥化市合计   198876    165029           14541    14338     546     2170            553            1000            400                          290      8             3

 市本级    36995     20200            14540              276     1110            553                            200                          117

 安达市    13206      3422                      9444     105     116                                                                         119

 肇东市    26399     25299                                                                      1000            100

 兰西县     8778      8465                                85     127                                            100

 青冈县    39206     39005                                80       67                                                                         54

 明水县    23451     18421                      4894             133                                                                                                3

 海伦市    20220     20121                                         95                                                                                 4

 望奎县    13621     13480                                       141

 绥棱县     4579      4462                                       113                                                                                  4

 庆安县    12421     12153                                       268




                                                                                            第 62 页
     1.9 2021年黑龙江省政府性基金收入决算表
                                                             单位：万元

                                                   完成         比上年
          项     目        预算数          决算数
                                                  预算数的%      （同比）+-%

            合   计         3,944,207   3,703,372       93.9        -17.6

一、国家电影事业发展专项资金收入             1,800       1,835       101.9         56.4

二、小型水库移民扶助基金收入               2,000       2,349       117.5         95.6

三、国有土地使用权出让收入             3,439,635   3,042,852       88.5        -23.1

四、国有土地收益基金收入                34,734      42,277       121.7        -25.9

五、农业土地开发资金收入                 7,983       8,837       110.7        -42.3

六、城市基础设施配套费收入              233,256     303,428       130.1         27.2

七、污水处理费收入                   51,872      61,821       119.2          9.9

八、大中型水库库区基金收入                1,300       2,760       212.3        102.5

九、国家重大水利工程建设基金收入             7,400       8,964       121.1         12.0

十、车辆通行费                     39,880      47,966       120.3         48.6

十一、彩票发行机构和彩票销售机构的业务费用       21,352      21,574       101.0         -1.9

十二、彩票公益金收入                  96,617     101,734       105.3          2.7

十三、其他政府性基金收入                     0       4,981                  35478.6

十四、专项债券对应项目专项收入              6,378      51,994                   1500.8




                        第 63 页
         1.10 2021年黑龙江省政府性基金支出决算表
                                                                    单位：万元
                                                                     比上年
                                                           为调整
                项目                调整预算数        决算数                  （同比）+-
                                                           预算％
                                                                      %

                合计                 9,227,949   7,553,189     81.9      -27.9

文化旅游体育与传媒支出                           3,125       1,059      33.9      -84.8

国家电影事业发展专项资金安排的支出                     2,786       1,211      43.5      -68.7

旅游发展基金支出                                339        -152     -44.8     -104.9

社会保障和就业支出                            44,343      19,074      43.0      -49.5

大中型水库移民后期扶持基金支出                      40,356      18,867      46.8      -48.7

小型水库移民扶助基金安排的支出                       3,987         207       5.2      -79.7

城乡社区支出                             4,270,364   3,346,483     78.4      -44.9

国有土地使用权出让收入安排的支出                   2,815,826   2,201,032     78.2      -28.1

国有土地收益基金及对应专项债务收入安排的支出               29,904      20,093      67.2       -4.7

农业土地开发资金安排的支出                         9,732       2,156      22.2        1.2

城市基础设施配套费安排的支出                      336,244     208,043      61.9      15.5

污水处理费安排的支出                           57,366      48,758      85.0        5.9

土地储备专项债券收入安排的支出                           0           0

棚户区改造专项债券收入安排的支出                    345,633     262,066      75.8      -17.6

城市基础设施配套费对应专项债务收入安排的支出              629,231     564,587      89.7

污水处理费对应专项债务收入安排的支出                   46,428      39,748      85.6

农林水支出                                30,144      11,189      37.1      28.2

大中型水库库区基金安排的支出                        5,016         407       8.1      -71.3

国家重大水利工程建设基金安排的支出                    25,128      10,782      42.9      47.5




                         第 64 页
         1.10 2021年黑龙江省政府性基金支出决算表
                                                                   单位：万元
                                                                    比上年
                                                          为调整
              项目                 调整预算数        决算数                  （同比）+-
                                                          预算％
                                                                     %

交通运输支出                             336,119     305,695      90.9      -32.8

车辆通行费安排的支出                          56,042      25,660      45.8       23.4

港口建设费安排的支出                             314         272      86.6      -91.5

民航发展基金支出                            34,263      34,263     100.0      -12.4

政府收费公路专项债券收入安排的支出                  245,500     245,500     100.0      -37.4

其他支出                              3,818,105   3,189,643     83.5      109.3

其他政府性基金及对应专项债务收入安排的支出             3,647,113   3,104,680     85.1      121.5

彩票发行销售机构业务费安排的支出                    31,128      22,710      73.0      -12.5

彩票公益金安排的支出                         139,864      62,253      44.5      -35.7

债务付息支出                             473,883     473,883     100.0        0.7

债务发行费用支出                             3,917       3,917     100.0       55.1

抗疫特别国债安排的支出                        247,949     202,246      81.6      -89.3




                        第 65 页
           1.11 2021年黑龙江省政府性基金收支总表
                                                    单位：万元

           项目       决算数                    项目       决算数

政府性基金收入              3,703,372 政府性基金支出               7,553,189

上级补助收入                107,083 政府性基金补助下级支出

政府性基金下级上解收入                      政府性基金上解上级支出              576

调入资金                   57,587 政府性基金调出资金               651,762




债务收入                             债务还本支出              1,354,900

债务(转贷)收入             6,064,830 债务转贷支出

待偿债置换专项债券上年结余               0 待偿债置换专项债券结余                   0

政府性基金上年结余            1,302,315 政府性基金年终结余             1,674,760

  收    入    总   计   11,235,187     支   出    总   计   11,235,187




                          第 66 页
        1.12 2021年省对市县政府性基金转移支付
                 分项目分地区决算表
                                                              单位：万元
                        大中型水
                  国家电影         小型水库          大中型水 国家重大
                        库移民后          农业土地                 民航发展 彩票公益
  市县别       合计    事业发展         移民扶助          库库区基 水利工程
                        期扶持基          开发资金                  基金    金
                  专项资金          基金             金    建设基金
                          金
 市县合计       88502   881  35348   1200   2000   1694   4000   222 43157
哈尔滨市合计      13827   358    6980    117    1663    586   288       3835
  市本级      -10845   132    5313          -14313         288       -2265
  宾县         2677     2     203           1846                     626
  方正县         976    12     118            414                     432
  依兰县        1821     2     193           1350                     276
  巴彦县        3430    32     124           2942                     332
  木兰县        2773           474           1950                     349
  通河县         942     2     136            476                     328
  延寿县        1224     2      89    117      30    226              760
  五常市        5848   121     226           3667                    1834
  尚志市        4981    53     104           3301    360             1163
齐齐哈尔市合计     18171   155    9028                   505   406       8077
  市本级        3173    16     103                                   3054
 梅里斯区         352           188                          10        154
  龙江县         835     3     445                                    387
  讷河市        6637     2    5945                   197              493
  依安县        1299    62     573                                    664
  泰来县         486    62     175                                    249
  甘南县         959     2     404                   308              245
  富裕县         299     2      32                                    265
  克山县        1692     2     554                         108       1028
  克东县        1602     2     485                          89       1026
  拜泉县         837     2     124                         199        512
牡丹江市合计      16173    24   10638    338            406   223       4544
  市本级        2821    14     659                          14       2134
  林口县        1581     2     997                   191   104        287
  穆棱市        1920     2    1296                   215    60        347
  东宁市         926     2     612                           9        303
  宁安市        1962     2    1107                          24        829
  海林市        6497     2    5722    338                   12        423
 绥芬河市         466           245                                    221
佳木斯市合计       6397    87    2314                         564       3432
  市本级        2251    16     162                         254       1819



                          第 67 页
       1.12 2021年省对市县政府性基金转移支付
                分项目分地区决算表
                                                      单位：万元
                      大中型水
                 国家电影        小型水库      大中型水 国家重大
                      库移民后        农业土地            民航发展 彩票公益
 市县别       合计    事业发展        移民扶助      库库区基 水利工程
                      期扶持基        开发资金             基金    金
                 专项资金         基金         金  建设基金
                        金
 桦南县        1212    2    910                   27         273
 桦川县         476    1   179                     14          282
 汤原县         530    1   253                     83          193
 抚远市         275    2   199                                  74
 富锦市         855   63   416                     15          361
 同江市         798    2   195                    171          430
鸡西市合计       4002   73   2192                    52         1685
 市本级        1338    8   330                      9          991
 鸡东县         866        539                     15          312
 密山市        1364    2   1071                    21          270
 虎林市         434   63   252                      7          112
鹤岗市合计       1378    8   144                    568          658
 市本级         442    4     28                                410
 萝北县         682    2     31                   541          108
 绥滨县         254    2     85                    27          140
双鸭山市合计      7001   52   477                     35         6437
 市本级         584   45     19                                520
 集贤县         500    2   182                     14          302
 宝清县         507    2   204                     17          284
 友谊县          74    2                                        72
 饶河县        5336    1     72                     4         5259
七台河市合计      2300    1   417                    173         1709
 市本级        1466    1   233                    158         1074
 勃利县         834        184                     15          635
黑河市合计       4060   12   1529             197   451   222   1649
 市本级         217    2      2                                213
 爱辉区         227        100                      5          122
 北安市         769    2   141                     12          614
 嫩江市        1916    2   1026             197   244   222    225
五大连池市        459    2     97                   155          205
 逊克县         215    2   108                     31           74
 孙吴县         257    2     55                     4          196
伊春市合计       1651    8   103        233          62         1245
 市本级         682    6      7       233          -1          437



                        第 68 页
       1.12 2021年省对市县政府性基金转移支付
                分项目分地区决算表
                                                    单位：万元
                     大中型水
                国家电影        小型水库      大中型水 国家重大
                     库移民后        农业土地           民航发展 彩票公益
 市县别       合计   事业发展        移民扶助      库库区基 水利工程
                     期扶持基        开发资金            基金    金
                专项资金         基金         金  建设基金
                       金
 铁力市        289    2     20                   9         258
 嘉荫县         344         68                    54        222
 汤旺县          61                                          61
 丰林县          46                                          46
 大箐山县        118                                         118
 南岔县         111          8                              103
大庆市合计       3574   37   410                   143       2984
 市本级        1464   32    16                    18       1398
 林甸县         375    1     7                    17        350
 肇州县         595    2   104                    27        462
 肇源县         814    2   184                    47        581
 杜蒙县         326         99                    34        193
大兴安岭合计      1045    8   338            104      7        588
 行署本级        193    2                           6        185
加格达奇区        223         22            104      1         96
 呼玛县         239    2   172                               65
 塔河县         178    2   142                               34
 漠河市         212    2     2                              208
绥化市合计       8923   58   778      745         1028       6314
 市本级        1305    8   124                   322        851
 安达市         422    4    30                    20        368
 肇东市         851    4    24      320           45        458
 兰西县         732    2    93                    62        575
 青冈县        1103    2    89                    31        981
 明水县         595        149                    22        424
 海伦市        1577   32   120      425           58        942
 望奎县        1037    2    11                   325        699
 绥棱县         976    2    81                   122        771
 庆安县         325    2    57                    21        245




                        第 69 页
          1.13 2021年黑龙江省国有资本经营收入决算表
                                                                 单位：万元

                                                                 比上年
           项目         调整预算数         决算数            为调整预算％
                                                                （同比）+-%

           合计             80,380          40,250        50.1        -16.9

利润收入                      33,749          32,374        95.9        -11.6

电力企业利润收入                      100           100        100.0        132.6

机械企业利润收入                        0             0

投资服务企业利润收入                12,332          12,305        99.8         13.5

纺织轻工企业利润收入                      0             0

贸易企业利润收入                        0             0

建筑施工企业利润收入                     41            41        100.0        -68.2

农林牧渔企业利润收入                    655           655        100.0        441.3

地质勘查企业利润收入                      3             3        100.0        -94.6

教育文化广播企业利润收入                    0             0

科学研究企业利润收入                      0             0

机关社团所属企业利润收入                    0             0

金融企业利润收入                  10,218          10,218       100.0          2.2

其他国有资本经营预算企业利润收入          10,400           9,052        87.0        -38.0

股利、股息收入                    2,773           2,818       101.6         -8.8

国有控股公司股利、股息收入                   0             0

国有参股公司股利、股息收入                 280          2,165       773.2         10.9

金融企业股利、股息收入                   873           571         65.4          0.4

其他国有资本经营预算企业股利、股息收入        1,620             82          5.1        -82.3

产权转让收入                    38,858             58          0.1        -99.1

其他国有资本经营预算企业产权转让收入        38,858             58          0.1        -99.1

清算收入                            0             0             0

国有独资企业清算收入                      0             0             0

其他国有资本经营预算收入               5,000           5,000       100.0        120.6




                       第 70 页
        1.14 2021年黑龙江省国有资本经营支出决算表
                                                            单位：万元

                                                            比上年
             项目     调整预算数        决算数           为调整预算％
                                                           （同比）+-%

             合计        415,961     113,399          27.3        29.3

解决历史遗留问题及改革成本支出        399,558     103,088          25.8       411.4

厂办大集体改革支出                 177             0          0.0      -100.0

“三供一业”移交补助支出           307,156      74,685          24.3

国有企业办职教幼教补助支出            4,345         4,345       100.0       -16.2

国有企业退休人员社会化管理补助支出       66,508      12,092          18.2        49.8

国有企业改革成本支出              15,939      10,637          66.7        88.4

其他解决历史遗留问题及改革成本支出        5,433         1,329        24.5         9.1

国有企业资本金注入                6,034         6,034       100.0       -90.6

国有经济结构调整支出                534           534        100.0       -99.1

其他国有企业资本金注入              5,500         5,500       100.0       -18.4

其他国有资本经营预算支出 (款)        10,369         4,277        41.2        26.9

其他国有资本经营预算支出 (项)        10,369         4,277        41.2        26.9




                    第 71 页
        1.15 2021年黑龙江省国有资本经营收支总表
                                                     单位:万元

        项目           决算数                 项目          决算数


国有资本经营预算收入             40,250 国有资本经营预算支出              113,399

国有资本经营预算上级补助收入        379,270 国有资本经营预算补助下级支出

国有资本经营预算上年结余           14,886 国有资本经营预算上解上级支出

国有资本经营预算下级上解收入                  国有资本经营预算调出资金           18,445

国有资本经营预算省补助计划单列市收入              国有资本经营预算省补助计划单列市支出

国有资本经营预算计划单列市上解省收入              国有资本经营预算计划单列市上解省支出

                                国有资本经营预算年终结余          302,562

      收 入 总 计         434,406          支 出 总 计        434,406




                           第 72 页
1.16 2021年省对市县国有资本经营预算转移支付
           分项目分地区决算表
                                         单位:万元
                        国有企业退休人员社会化
  市县别     合计                        “三供一业”移交补助
                            管理补助
 市县合计          105474           64206      41268

哈尔滨市合计           9512            9260        252

  市本级            7120            6868        252

  宾   县            33              33          0

  方正县             314             314          0

  依兰县             262             262          0

  巴彦县             240             240          0

  木兰县              54              54          0

  通河县             301             301          0

  延寿县              51              51          0

  五常市             355             355          0

  尚志市             783             783          0

齐齐哈尔市合计          5767            5767          0

  市本级            3585            3585          0

 梅里斯区              18              18          0

  龙江县              32              32          0

  讷河市             108             108          0

  依安县             114             114          0

  泰来县             132             132          0

  甘南县             960             960          0

  富裕县             291             291          0

  克山县             496             496          0

  克东县              17              17          0

  拜泉县              14              14          0

牡丹江市合计           3067            3067          0

  市本级             465             465          0



                 第 73 页
1.16 2021年省对市县国有资本经营预算转移支付
           分项目分地区决算表
                                       单位:万元
                      国有企业退休人员社会化
  市县别    合计                       “三供一业”移交补助
                          管理补助
  林口县           178            178           0

  穆棱市           427            427           0

  东宁市           249            249           0

  宁安市           680            680           0

  海林市          1019           1019           0

 绥芬河市            50             50           0

佳木斯市合计         3320           3184         136

  市本级          2140           2004         136

  桦南县           478            478           0

  桦川县           229            229           0

  汤原县           406            406           0

  抚远市             6              6           0

  富锦市            42             42           0

  同江市            19             19           0

 鸡西市合计        26059           5458       20601

  市本级         22544           1943       20601

  鸡东县           261            261           0

  密山市          1233           1233           0

  虎林市          2021           2021           0

 鹤岗市合计        20058           6790       13268

  市本级         17742           4474       13268

  萝北县          1439           1439           0

  绥滨县           877            877           0

双鸭山市合计         7216           7216           0

  市本级          2867           2867           0

  集贤县           430            430           0



               第 74 页
1.16 2021年省对市县国有资本经营预算转移支付
           分项目分地区决算表
                                      单位:万元
                     国有企业退休人员社会化
  市县别    合计                      “三供一业”移交补助
                         管理补助
  宝清县         1853           1853           0

  友谊县         1170           1170           0

  饶河县          896            896           0

七台河市合计        7391           2309        5082

  市本级         7335           2253        5082

  勃利县           56             56           0

 黑河市合计        5271           5271           0

  市本级            0              0           0

  爱辉区         1214           1214           0

  北安市         2052           2052           0

  嫩江市         1505           1505           0

 五大连池市         167            167           0

  逊克县            8              8           0

  孙吴县          325            325           0

 伊春市合计        6134           5158         976

  市本级         2351           1375         976

  铁力市         1021           1021           0

  嘉荫县          172            172           0

  汤旺县          492            492           0

  丰林县          839            839           0

 大箐山县          691            691           0

  南岔县          568            568           0

 大庆市合计        6785           6785           0

  市本级         6733           6733           0

  林甸县            7              7           0

  肇州县           13             13           0



              第 75 页
1.16 2021年省对市县国有资本经营预算转移支付
           分项目分地区决算表
                                      单位:万元
                     国有企业退休人员社会化
  市县别    合计                      “三供一业”移交补助
                         管理补助
  肇源县           10             10          0

  杜蒙县           21             21          0

大兴安岭合计        3653           2700        953

 行署本级          932            932          0

 加格达奇区         407            407          0

  呼玛县           60             60          0

  塔河县         1474            521        953

  漠河市          780            780          0

 绥化市合计        1241           1241          0

  市本级          303            303          0

  安达市          124            124          0

  肇东市          128            128          0

  兰西县           15             15          0

  青冈县           10             10          0

  明水县           13             13          0

  海伦市          224            224          0

  望奎县           18             18          0

  绥棱县          360            360          0

  庆安县           45             45          0




              第 76 页
    1.17 2021年黑龙江省地方政府一般债务余额表
                                                单位：万元

             项   目               预算数            决算数

一、2020年末地方政府一般债务余额实际数                            40,513,178

二、2021年末地方政府一般债务余额限额               45,354,301

三、2021年地方政府一般债务发行额                                7,808,758

四、2021年地方政府一般债务还本额                                3,868,429

五、2021年采取其他方式化解一般债务额                               116,083

六、2021年末地方政府一般债务余额实际数                            44,337,424




                        第 77 页
  1.18 2021年黑龙江省地方政府一般债券
           分地区发行情况表
                                             单位：万元

 地区      合计               新增一般债券          再融资一般债券

 全省           7,804,750       3,976,686       3,828,064

 省本级           648,819         398,819         250,000

地市合计          7,155,931       3,577,867       3,578,064

哈尔滨市          3,100,128        934,587        2,165,541

齐齐哈尔市          517,900         394,593         123,307

牡丹江市           628,938         424,791         204,147

佳木斯市           644,813         470,546         174,267

 鸡西市           260,514         165,101          95,413

 鹤岗市           139,533          63,809          75,724

双鸭山市           283,546         130,665         152,881

七台河市           190,269         106,681          83,588

 黑河市           276,481         223,689          52,792

 伊春市           219,212         103,828         115,384

 大庆市           252,875         131,879         120,996

大兴安岭地区          81,272          53,382          27,890

 绥化市           560,448         374,314         186,134




                   第 78 页
1.19 2021年中央转贷地方的国际金融组织和外国
          政府贷款分地区情况表
                                     单位：万元

  地区     合计        国际金融组织           外国政府

  全省                        4,008

  省本级

 地市合计                       4,008

 哈尔滨市                       4,008

 齐齐哈尔市

 牡丹江市

 佳木斯市

  鸡西市

  鹤岗市

 双鸭山市

 七台河市

  黑河市

  伊春市

  大庆市

大兴安岭地区

  绥化市




              第 79 页
       1.20 2021年黑龙江省地方政府一般债务
                分地区余额情况表
                                                          单位：万元

 地区        2020年末余额               2021年限额             2021年末余额

 全省              40,513,178            45,354,301           44,337,424

 省本级              5,664,971             6,261,336            6,063,044

地市合计             34,848,207            39,092,965           38,274,380

哈尔滨市             14,882,258            16,191,287           15,747,370

齐齐哈尔市             2,366,802             2,796,070            2,759,849

牡丹江市              2,778,836             3,252,519            3,201,854

佳木斯市              2,341,180             2,842,105            2,808,540

 鸡西市              1,293,155             1,478,509            1,441,659

 鹤岗市              1,096,103             1,174,617            1,159,851

双鸭山市              1,724,661             1,880,857            1,853,502

七台河市              1,243,110             1,353,412            1,349,664

 黑河市               902,071              1,138,498            1,116,724

 伊春市              1,401,250             1,527,423            1,492,573

 大庆市              1,901,714             2,068,439            2,004,843

大兴安岭地区             252,656                  312,483           304,895

 绥化市              2,664,411             3,076,746            3,033,056




                         第 80 页
      1.21 2021年黑龙江省地方政府一般债务
                还本付息情况表
                                                                       单位：万元

              一般债务还本付息额                           其中：一般债券还本付息额
 地区
         小计          本金            利息          小计          本金          利息

 全省      5,166,125   3,868,429     1,297,696   5,155,348   3,861,260   1,294,088

 省本级      452,089     250,000       202,089      452,088    250,000     202,088

地市合计     4,714,036   3,618,429    1,095,607    4,703,260   3,611,260   1,092,000

哈尔滨市     2,655,874   2,195,283      460,591    2,651,246   2,192,653    458,593

齐齐哈尔市     159,021     123,436        35,585      158,981    123,396      35,585

牡丹江市      270,773     204,261        66,512      269,582    204,261      65,321

佳木斯市      222,977     174,965        48,012      222,330    174,318      48,012

 鸡西市      159,006      95,474        63,532      158,962     95,430      63,532

 鹤岗市      114,524      75,748        38,776      114,424     75,729      38,695

双鸭山市      213,399     153,178        60,221      213,252    153,031      60,221

七台河市       96,112      83,588        12,524       96,112     83,588      12,524

 黑河市       91,025      53,092        37,933       90,993     53,061      37,932

 伊春市      173,829     119,164        54,665      173,731    119,077      54,654

 大庆市      223,684     124,678        99,006      219,922    121,241      98,681

大兴安岭地区     39,446      28,985        10,461       39,446     28,985      10,461

 绥化市      294,366     186,577       107,789      294,279    186,490     107,789




                                 第 81 页
   1.22 2021年黑龙江省地方政府专项债务余额表
                                               单位：万元

             项   目               预算数           决算数

一、2020年末地方政府专项债务余额实际数                           16,331,991

二、2021年末地方政府专项债务余额限额              21,381,762

三、2021年地方政府专项债务发行额                               6,064,830

四、2021年地方政府专项债务还本额                               1,354,900

五、2021年采取其他方式化解专项债务额                                 33,978

六、2021年末地方政府专项债务余额实际数                           21,007,943




                        第 82 页
  1.23 2021年黑龙江省地方政府专项债券
           分地区发行情况表
                                             单位：万元

 地区      合计               新增专项债券          再融资专项债券

 全省           6,064,830       4,880,000       1,184,830

 省本级           698,647         698,647               0

地市合计          5,366,183       4,181,353       1,184,830

哈尔滨市          2,395,821       1,432,127        963,694

齐齐哈尔市          317,025         317,025               0

牡丹江市           403,337         349,371          53,966

佳木斯市           376,203         372,648           3,555

 鸡西市           172,342         167,808           4,534

 鹤岗市           125,180         103,858          21,322

双鸭山市           309,565         297,139          12,426

七台河市           266,346         263,824           2,522

 黑河市           290,227         290,201              26

 伊春市           158,341         153,886           4,455

 大庆市           305,353         201,456         103,897

大兴安岭地区          22,217          16,929           5,288

 绥化市           224,226         215,081           9,145




                   第 83 页
       1.24 2021年黑龙江省地方政府专项债务
                分地区余额情况表
                                                            单位：万元

 地区        2020年末余额                2021年限额             2021年末余额

 全省              16,331,991             21,381,762           21,007,943

 省本级              1,356,203              2,065,984            2,032,794

地市合计             14,975,788             19,315,778           18,975,149

哈尔滨市              9,975,819             11,529,120           11,264,456

齐齐哈尔市              667,539                   986,763           984,564

牡丹江市               645,197                   998,889           982,358

佳木斯市               480,192                   854,605           852,645

 鸡西市               219,672                   388,762           387,477

 鹤岗市               216,788                   321,819           320,646

双鸭山市               311,347                   609,620           608,484

七台河市               468,494                   733,613           732,318

 黑河市               214,003                   515,332           504,004

 伊春市               179,131                   334,631           333,017

 大庆市               809,540               1,017,724            1,010,902

大兴安岭地区                63,365                  81,005              79,715

 绥化市               724,701                   943,895           914,563




                          第 84 页
   1.25 2021年黑龙江省地方政府专项债务
             还本付息情况表
                                                                    单位：万元

              专项债务还本付息额                        其中：专项债券还本付息额
 地区
         小计           本金         利息          小计         本金           利息

  全省     1,828,783   1,354,900   473,883    1,828,783   1,354,900    473,883

 省本级       10,528                 10,528       10,528                 10,528

 地市合计    1,818,255   1,354,900   463,355    1,818,255   1,354,900    463,355

 哈尔滨市    1,390,559   1,095,722   294,837    1,390,559   1,095,722    294,837

齐齐哈尔市      26,353                 26,353       26,353                 26,353

 牡丹江市      84,009      66,176     17,833       84,009     66,176      17,833

 佳木斯市      21,638       3,559     18,079       21,638      3,559      18,079

 鸡西市        5,370       4,537         833       5,370      4,537        833

 鹤岗市       23,445      21,322      2,123       23,445     21,322       2,123

 双鸭山市      23,611      12,428     11,183       23,611     12,428      11,183

 七台河市      11,466       2,522      8,944       11,466      2,522       8,944

 黑河市       12,750          26     12,724       12,750         26      12,724

 伊春市       13,158       4,455      8,703       13,158      4,455       8,703

 大庆市      135,690     103,922     31,768      135,690    103,922      31,768

大兴安岭地区      8,354       5,867      2,487        8,354      5,867       2,487

 绥化市       61,852      34,364     27,488       61,852     34,364      27,488




                             第 85 页
1.26 2021年黑龙江省地方政府债券资金安排情况表
                                                                          单位：万元
                         小计                  省级留用                  转贷市县
      项 目
                  一般债券 专项债券 一般债券 专项债券 一般债券 专项债券

      合计          7,751,553   6,064,830   621,694   348,647   7,155,931    5,716,183

一、新增地方政府债券        3,923,489   4,880,000   371,694   348,647   3,577,867    4,531,353

（一）一般公共服务支出         47,836                 51,269                2,400

（二）国防支出                770                   770

（三）公共安全支出            6,413                 10,484

（四）教育支出            345,022                 30,835              315,387

（五）科学技术支出            3,000                  3,500

（六）文化旅游体育与传媒支出      68,942                 33,477               35,465

（七）社会保障和就业支出         6,600                  4,793                6,600

（八）卫生健康支出           65,843                  8,620               61,763

（九）节能环保支出          293,297                                     293,297

（十）城乡社区支出          800,003    1,028,938    33,205              769,748     1,028,938

（十一）农林水支出          432,439                 30,273              402,460

（十二）交通运输支出         750,479     245,500     92,003   118,000    658,476      127,500

（十三）资源勘探工业信息等支出     40,470                 16,710               24,450

（十四）自然资源海洋气象等支出    104,549                 46,034               59,715

（十五）住房保障支出         872,739                                     872,739

（十六）粮油物资储备支出

（十七）灾害防治及应急管理支出     85,087                  9,721               75,366

（十八）其他支出                      3,605,562             230,647                3,374,915

二、再融资债券           3,828,064   1,184,830   250,000             3,578,064    1,184,830




                                  第 86 页
                        1.27 2021年黑龙江省社会保险基金收入决算表
                                                                                                                          单位：万元

                                                                             职工基本医疗保险
                             企业职工基本         城乡居民基本养       机关事业单位基                            城乡居民基本医
       项   目   合计                                                             （含生育保险）                       工伤保险基金       失业保险基金
                             养老保险基金          老保险基金        本养老保险基金                             疗保险基金
                                                                                 基金

本年收入           31,938,529      20,123,517       686,052        5,175,829         3,798,691      1,714,607      204,223      235,611

其中:社会保险费收入     13,808,433       6,630,153       191,068        2,448,505         3,596,646       564,350       187,900      189,811

  利息收入           315,504          49,194         20,475             12,941        145,004         33,024        11,719       43,148

  财政补贴收入        9,934,750       5,739,939       458,406        2,599,139           28,355       1,108,006         577          327

  委托投资收益            14,904             0         14,904                 0               0              0             0            0

  其他收入              66,432        25,831           299               1,564         23,995          9,227         4,026        1,489

  转移收入           298,324         178,599           517             113,679          4,692              0             0         837

  中央调剂资金收入      7,499,800       7,499,800             0                 0               0              0             0            0




                                                          第 87 页
                     1.28 2021年黑龙江省社会保险基金支出决算表
                                                                                                                     单位：万元

                                                                           职工基本医疗保险
                            企业职工基本         城乡居民基本养 机关事业单位基                          城乡居民基本医
       项   目    合计                                                         （含生育保险）                     工伤保险基金       失业保险基金
                            养老保险基金          老保险基金  本养老保险基金                           疗保险基金
                                                                              基金

本年支出           30,948,712     19,983,148       482,163       5,310,299         3,080,033   1,694,222      171,805      227,042

其中:社会保险待遇支出    28,350,975     18,204,364       481,508       5,247,573         2,871,415   1,284,783      171,367       89,964

 其他支出            914,543        373,297           189              8,611        190,741     257,725          368        83,611

 转移支出            267,399        194,587           466             54,115         17,876           0             0         355

 中央调剂资金支出       1,210,900      1,210,900            0                 0               0           0             0            0




                                                         第 88 页
第二部分 2021 年黑龙江省本级财政决算




          第 89 页
    2.1 2021年黑龙江省本级财政收支决算总表
                                                         单位:万元
                                                       比上年
      预算科目          2020决算数           2021决算数
                                                      （同比）+-%
省本级收入合计                  2,623,467        3,012,846         14.8

 一般公共预算收入                2,447,012        2,862,426         17.0

 政府性基金预算收入                163,310          133,464          -18.3

 国有资本经营预算收入                13,145           16,956          29.0

省本级支出合计                 11,689,274       12,860,900         10.0

 一般公共预算支出               10,877,315       11,945,578           9.8

 政府性基金预算支出                804,920          827,177            2.8

 国有资本经营预算支出                   7,039         88,145        1,152.2

注：本表未含社会保险基金预算收支。




                     第 90 页
   2.2 2021年黑龙江省本级一般公共预算收入决算表
                                                                     单位：万元

                                                         完成调整        比上年
       预算科目       预算数         调整预算数          决算数
                                                         预算数的%      （同比）+-%

一、税收收入            1,890,000     1,890,000    2,023,310      107.1        15.6

 增值税              1,047,100     1,047,100    1,105,622      105.6        14.6

 企业所得税             232,800       232,800      239,687       103.0          6.4

 个人所得税              41,200        41,200       41,083        99.7          6.8

 资源税               411,000       411,000      488,169       118.8        30.8

 城市维护建设税                700            700          0         0.0       -100.0

 房产税                21,200        21,200       22,431       105.8        14.4

 印花税                 7,100         7,100        7,633       107.5        16.6

 城镇土地使用税            37,900        37,900       37,889       100.0          4.0

 土地增值税              35,300        35,300       28,645        81.1        -13.9

 车船税                13,800        13,800       13,147        95.3          4.2

 耕地占用税                    0              0          0

 契税                 34,600        34,600       31,306        90.5         -4.1

 烟叶税                      0              0          0

 环境保护税               3,600         3,600        3,858       107.2        12.6

 其他税收收入              3,700         3,700        3,840       103.8          2.2

二、非税收入             703,600       703,600      839,116       119.3        20.5

 专项收入              210,100       210,100      250,550       119.3        31.0

 行政事业性收费收入         123,700       123,700      174,281       140.9        53.7

 罚没收入               94,200        94,200       88,919        94.4          2.9

 国有资本经营收入           40,000        40,000       12,025

 国有资源(资产)有偿使用收入    221,300       221,300      293,735       132.7        52.3

 其他收入               14,300        14,300       19,606       137.1        31.2

   本年收入合计         2,593,600     2,593,600    2,862,426      110.4        17.0



                              第 91 页
   2.3 2021年黑龙江省本级一般公共预算支出决算表

                                                                     单位：万元

                                                         完成调整        比上年
     预算科目        预算数          调整预算数         决算数
                                                         预算数的%      （同比）+-%

一、一般公共服务支出         237,872       432,438      388,574        89.9         50.9

二、国防支出              17,554        21,328       18,997        89.1         35.7

三、公共安全支出           961,231      1,362,946    1,215,072       89.2         18.8

四、教育支出            1,394,010     1,616,588    1,394,302       86.2         12.4

五、科学技术支出           172,897       250,690      197,463        78.8          8.0

六、文化旅游体育与传媒支出      115,187       174,326      141,950        81.4          1.4

七、社会保障和就业支出       5,863,086     3,613,870    3,414,934       94.5         -7.8

八、卫生健康支出           262,577       559,933      497,587        88.9         28.8

九、节能环保支出           518,706       611,055      588,788        96.4         11.8

十、城乡社区支出              5,209       10,762       10,363        96.3       -106.0

十一、农林水支出           569,216      2,861,400    2,126,915       74.3         22.3

十二、交通运输支出          799,070      1,140,194     844,957        74.1         -3.4

十三、资源勘探信息等支出        90,968       197,324      163,976        83.1          9.0

十四、商业服务业等支出         24,209        38,135       13,339        35.0         55.3

十五、金融支出                  0        14,815       14,815       100.0        -79.3

十六、援助其他地区支出         32,000        32,000       32,000       100.0          0.0

十七、自然资源海洋气象等支出      59,694        76,885       71,930        93.6       1083.4

十八、住房保障支出          117,492       150,219      142,139        94.6         21.7

十九、粮油物资储备支出        230,599       387,257      321,735        83.1         10.1

二十、灾害防治及应急管理支出      82,915       147,163      141,592        96.2         18.8

二十、预备费             100,000             0            0

二十一、其他支出           313,847      1,080,527        1,500        0.1        148.8

二十二、债务付息支出         237,951       202,089      202,089       100.0         23.1

二十三、债务发行费用支出          1,375          561          561       100.0        -12.8

   本年支出合计        12,207,665    14,982,505   11,945,578       79.7          9.8



                              第 92 页
          2.4 2021年黑龙江省本级一般公共预算支出
                    功能分类决算表
                                            单位：万元

科目编码                  科目名称            决算数

             一般公共预算支出                       11,945,578

 201       一般公共服务支出                           388,574

20101      人大事务                                 9,620

2010101    行政运行                                 4,106

2010102    一般行政管理事务                             3,442

2010103    机关服务                                   293

2010104    人大会议                                   843

2010105    人大立法                                   154

2010106    人大监督                                   129

2010107    人大代表履职能力提升                               0

2010108    代表工作                                   268

2010109    人大信访工作                                   0

2010150    事业运行                                    38

2010199    其他人大事务支出                               347

20102      政协事务                                 5,312

2010201    行政运行                                 3,145

2010202    一般行政管理事务                             1,097

2010203    机关服务                                   208

2010204    政协会议                                   482

2010205    委员视察                                   290

2010206    参政议政                                     0

2010250    事业运行                                     5

2010299    其他政协事务支出                                85

20103      政府办公厅(室)及相关机构事务                    101,172



                             第 93 页
          2.4 2021年黑龙江省本级一般公共预算支出
                    功能分类决算表
                                           单位：万元

科目编码                 科目名称            决算数

2010301    行政运行                              11,979

2010302    一般行政管理事务                          13,991

2010303    机关服务                                  0

2010304    专项服务                                  0

2010305    专项业务活动                            46,471

2010306    政务公开审批                                0

2010308    信访事务                               1,061

2010309    参事事务                                 39

2010350    事业运行                               5,383

2010399    其他政府办公厅(室)及相关机构事务支出               22,248

20104      发展与改革事务                           10,870

2010401    行政运行                               4,115

2010402    一般行政管理事务                           2,746

2010403    机关服务                                  0

2010404    战略规划与实施                              60

2010405    日常经济运行调节                              0

2010406    社会事业发展规划                            568

2010407    经济体制改革研究                              0

2010408    物价管理                                216

2010450    事业运行                               1,258

2010499    其他发展与改革事务支出                        1,907

20105      统计信息事务                             5,352

2010501    行政运行                               2,117

2010502    一般行政管理事务                             21



                            第 94 页
          2.4 2021年黑龙江省本级一般公共预算支出
                    功能分类决算表
                                          单位：万元

科目编码                科目名称            决算数

2010503    机关服务                                 0

2010504    信息事务                                64

2010505    专项统计业务                            1,924

2010506    统计管理                                 0

2010507    专项普查活动                             236

2010508    统计抽样调查                             170

2010550    事业运行                               105

2010599    其他统计信息事务支出                         715

20106      财政事务                             26,029

2010601    行政运行                              5,312

2010602    一般行政管理事务                          6,303

2010603    机关服务                                 0

2010604    预算改革业务                               0

2010605    财政国库业务                            2,890

2010606    财政监察                                 0

2010607    信息化建设                             7,759

2010608    财政委托业务支出                             0

2010650    事业运行                               932

2010699    其他财政事务支出                          2,833

20107      税收事务                              1,674

2010701    行政运行                              1,569

2010702    一般行政管理事务                           105

2010703    机关服务                                 0

2010704    税务办案                                 0



                           第 95 页
          2.4 2021年黑龙江省本级一般公共预算支出
                    功能分类决算表
                                         单位：万元

科目编码               科目名称            决算数

2010705    发票管理及税务登记                           0

2010706    代扣代收代征税款手续费                         0

2010707    税务宣传                                0

2010708    协税护税                                0

2010709    信息化建设                               0

2010750    事业运行                                0

2010799    其他税收事务支出                            0

20108      审计事务                            13,766

2010801    行政运行                             3,713

2010802    一般行政管理事务                          996

2010803    机关服务                                0

2010804    审计业务                             4,184

2010805    审计管理                                0

2010806    信息化建设                            2,649

2010850    事业运行                              728

2010899    其他审计事务支出                         1,496

20109      海关事务                             2,948

2010901    行政运行                                0

2010902    一般行政管理事务                         2,295

2010905    缉私办案                              653

2010950    事业运行                                0

2010999    其他海关事务支出                            0

20113      商贸事务                            18,237

2011301    行政运行                             3,620



                          第 96 页
          2.4 2021年黑龙江省本级一般公共预算支出
                    功能分类决算表
                                          单位：万元

科目编码                科目名称            决算数

2011302    一般行政管理事务                          617

2011303    机关服务                                0

2011304    对外贸易管理                              0

2011305    国际经济合作                            175

2011306    外资管理                                0

2011307    国内贸易管理                              0

2011308    招商引资                             8,065

2011350    事业运行                             2,247

2011399    其他商贸事务支出                         3,513

20114      知识产权事务                           2,836

2011401    行政运行                              543

2011402    一般行政管理事务                          446

2011405    国家知识产权战略                           55

2011409    知识产权宏观管理                            0

2011450    事业运行                              668

2011499    其他知识产权事务支出                       1,124

20123      民族事务                             1,851

2012301    行政运行                             1,042

2012302    一般行政管理事务                            4

2012303    机关服务                                0

2012304    民族工作专项                            793

2012350    事业运行                                1

2012399    其他民族事务支出                           11

20126      档案事务                             2,307



                           第 97 页
          2.4 2021年黑龙江省本级一般公共预算支出
                    功能分类决算表
                                          单位：万元

科目编码                科目名称            决算数

2012601    行政运行                              1,524

2012602    一般行政管理事务                           121

2012603    机关服务                                 0

2012604    档案馆                                238

2012699    其他档案事务支出                           424

20128      民主党派及工商联事务                        2,654

2012801    行政运行                              1,926

2012802    一般行政管理事务                           379

2012803    机关服务                                 2

2012804    参政议政                               133

2012850    事业运行                                 0

2012899    其他民主党派及工商联事务支出                     214

20129      群众团体事务                           10,174

2012901    行政运行                              3,134

2012902    一般行政管理事务                          3,387

2012903    机关服务                                 0

2012906    工会事务                                 0

2012950    事业运行                              1,943

2012999    其他群众团体事务支出                        1,710

20138      市场监督管理事务                         33,094

2013801    行政运行                              8,013

2013802    一般行政管理事务                          1,144

2013803    机关服务                                 0

2013804    市场主体管理                            1,362



                           第 98 页
          2.4 2021年黑龙江省本级一般公共预算支出
                    功能分类决算表
                                          单位：万元

科目编码                科目名称            决算数

2013805    市场秩序执法                               434

2013808    信息化建设                              1,251

2013810    质量基础                                 463

2013812    药品事务                               3,500

2013813    医疗器械事务                                 5

2013814    化妆品事务                                322

2013815    质量安全监管                             1,178

2013816    食品安全监管                             7,463

2013850    事业运行                               3,846

2013899    其他市场监督管理事务                         4,113

20199      其他一般公共服务支出(款)                      1,807

 203       国防支出                              18,997

 204       公共安全支出                          1,215,072

20401      武装警察部队(款)                          3,175

20402      公安                               209,244

20404      检察                               229,148

20405      法院                               397,852

20406      司法                                10,265

20499      其他公共安全支出(款)                           45

 205       教育支出                            1,394,302

20501      教育管理事务                             9,185

2050101    行政运行                               3,344

2050102    一般行政管理事务                           3,043

2050103    机关服务                                   0



                           第 99 页
          2.4 2021年黑龙江省本级一般公共预算支出
                    功能分类决算表
                                           单位：万元

科目编码                科目名称             决算数

2050199    其他教育管理事务支出                          2,798

20502      普通教育                             1,046,012

2050201    学前教育                                6,344

2050202    小学教育                               32,491

2050203    初中教育                                    0

2050204    高中教育                               11,463

2050205    高等教育                              995,714

2050299    其他普通教育支出                                0

20503      职业教育                              302,210

2050301    初等职业教育                                  0

2050302    中等职业教育                             27,476

2050303    技校教育                               24,586

2050305    高等职业教育                            249,442

2050399    其他职业教育支出                              706

20504      成人教育                                   36

2050404    成人广播电视教育                               36

20505      广播电视教育                              2,193

2050501    广播电视学校                              2,193

20507      特殊教育                                    0

2050701    特殊学校教育                                  0

2050702    工读学校教育                                  0

2050799    其他特殊教育支出                                0

20508      进修及培训                              34,660

2050801    教师进修                                8,035



                           第 100 页
          2.4 2021年黑龙江省本级一般公共预算支出
                    功能分类决算表
                                            单位：万元

科目编码                 科目名称             决算数

2050802    干部教育                                16,521

2050803    培训支出                                 1,316

2050804    退役士兵能力提升                                0

2050899    其他进修及培训                              8,788

20509      教育费附加安排的支出                              0

2050901    农村中小学校舍建设                               0

2050902    农村中小学教学设施                               0

2050903    城市中小学校舍建设                               0

2050904    城市中小学教学设施                               0

2050905    中等职业学校教学设施                              0

2050999    其他教育费附加安排的支出                            0

20599      其他教育支出(款)                               6

2059999    其他教育支出(项)                               6

 206       科学技术支出                             197,463

20601      科学技术管理事务                             6,058

2060101    行政运行                                 3,644

2060102    一般行政管理事务                              854

2060103    机关服务                                    0

2060199    其他科学技术管理事务支出                         1,560

20602      基础研究                                18,132

2060201    机构运行                                 3,029

2060203    自然科学基金                              12,053

2060204    实验室及相关设施                                0

2060205    重大科学工程                               3,000



                            第 101 页
          2.4 2021年黑龙江省本级一般公共预算支出
                    功能分类决算表
                                            单位：万元

科目编码                 科目名称             决算数

2060206    专项基础科研                                 0

2060299    其他基础研究支出                              50

20603      应用研究                               56,431

2060301    机构运行                               29,326

2060302    社会公益研究                              4,082

2060303    高技术研究                               3,206

2060399    其他应用研究支出                           19,817

20604      技术研究与开发                            45,590

2060401    机构运行                               33,819

2060404    科技成果转化与扩散                           7,213

2060499    其他技术研究与开发支出                         4,558

20605      科技条件与服务                               66

2060503    科技条件专项                                66

20606      社会科学                                7,540

2060601    社会科学研究机构                            6,185

2060602    社会科学研究                              1,282

2060699    其他社会科学支出                              73

20607      科学技术普及                              3,617

2060701    机构运行                                 862

2060704    学术交流活动                               210

2060705    科技馆站                                1,400

2060799    其他科学技术普及支出                          1,145

20608      科技交流与合作                              153

2060801    国际交流与合作                                6



                            第 102 页
          2.4 2021年黑龙江省本级一般公共预算支出
                    功能分类决算表
                                            单位：万元

科目编码                 科目名称             决算数

2060899    其他科技交流与合作支出                           147

20609      科技重大项目                              15,669

2060901    科技重大专项                              15,669

20699      其他科学技术支出(款)                         44,207

2069901    科技奖励                                 2,775

2069999    其他科学技术支出(项)                         41,432

 207       文化旅游体育与传媒支出                        141,950

20701      文化和旅游                               28,348

2070101    行政运行                                 1,935

2070102    一般行政管理事务                             1,136

2070103    机关服务                                    0

2070104    图书馆                                  3,548

2070105    文化展示及纪念机构                               0

2070106    艺术表演场所                                478

2070107    艺术表演团体                               6,549

2070108    文化活动                                   45

2070109    群众文化                                  456

2070110    文化和旅游交流与合作                            124

2070111    文化创作与保护                               774

2070112    文化和旅游市场管理                             255

2070113    旅游宣传                                    0

2070114    文化和旅游管理事务                               1

2070199    其他文化和旅游支出                           13,047

20702      文物                                  38,005



                            第 103 页
          2.4 2021年黑龙江省本级一般公共预算支出
                    功能分类决算表
                                            单位：万元

科目编码                 科目名称             决算数

2070201    行政运行                                   0

2070202    一般行政管理事务                               0

2070204    文物保护                                2,763

2070205    博物馆                                34,733

2070206    历史名城与古迹                                0

2070299    其他文物支出                               509

20703      体育                                 22,257

2070301    行政运行                                1,005

2070302    一般行政管理事务                             481

2070303    机关服务                                   0

2070304    运动项目管理                                 0

2070305    体育竞赛                                  67

2070306    体育训练                               19,139

2070307    体育场馆                                 601

2070308    群众体育                                   0

2070309    体育交流与合作                                0

2070399    其他体育支出                               964

20706      新闻出版电影                              4,666

2070601    行政运行                                   0

2070602    一般行政管理事务                              97

2070603    机关服务                                   0

2070604    新闻通讯                                   0

2070605    出版发行                                1,275

2070606    版权管理                                   0



                            第 104 页
          2.4 2021年黑龙江省本级一般公共预算支出
                    功能分类决算表
                                           单位：万元

科目编码                科目名称             决算数

2070607    电影                                      0

2070699    其他新闻出版电影支出                          3,294

20708      广播电视                               26,961

2070801    行政运行                                1,363

2070802    一般行政管理事务                              236

2070803    机关服务                                    0

2070807    传输发射                                5,311

2070808    广播电视事务                                356

2070899    其他广播电视支出                           19,695

20799      其他文化旅游体育与传媒支出(款)                   21,713

2079902    宣传文化发展专项支出                            591

2079903    文化产业发展专项支出                          4,948

2079999    其他文化旅游体育与传媒支出(项)                   16,174

 208       社会保障和就业支出                        3,414,934

20801      人力资源和社会保障管理事务                      31,126

2080101    行政运行                                4,926

2080102    一般行政管理事务                                0

2080103    机关服务                                    0

2080104    综合业务管理                                386

2080105    劳动保障监察                                 21

2080106    就业管理事务                                 14

2080107    社会保险业务管理事务                             65

2080108    信息化建设                               6,611

2080109    社会保险经办机构                              317



                           第 105 页
          2.4 2021年黑龙江省本级一般公共预算支出
                    功能分类决算表
                                            单位：万元

科目编码                 科目名称             决算数

2080110    劳动关系和维权                                 12

2080111    公共就业服务和职业技能鉴定机构                         25

2080112    劳动人事争议调解仲裁                               9

2080116    引进人才费用                              12,066

2080150    事业运行                                   395

2080199    其他人力资源和社会保障管理事务支出                    6,279

20802      民政管理事务                               5,937

2080201    行政运行                                 1,815

2080202    一般行政管理事务                               759

2080203    机关服务                                     0

2080206    社会组织管理                                  37

2080207    行政区划和地名管理                               31

2080208    基层政权建设和社区治理                             17

2080299    其他民政管理事务支出                           3,278

20805      行政事业单位养老支出                        1,068,910

2080501    行政单位离退休                             95,607

2080502    事业单位离退休                            128,774

2080503    离退休人员管理机构                                0

2080505    机关事业单位基本养老保险缴费支出                   147,154

2080506    机关事业单位职业年金缴费支出                      84,874

2080507    对机关事业单位基本养老保险基金的补助                 610,242

2080508    对机关事业单位职业年金的补助                       2,259

2080599    其他行政事业单位养老支出                             0

20806      企业改革补助                              19,356



                            第 106 页
          2.4 2021年黑龙江省本级一般公共预算支出
                    功能分类决算表
                                            单位：万元

科目编码                 科目名称             决算数

2080601    企业关闭破产补助                            19,356

2080602    厂办大集体改革补助                               0

2080699    其他企业改革发展补助                              0

20807      就业补助                                12,367

2080701    就业创业服务补贴                                0

2080702    职业培训补贴                              12,367

2080704    社会保险补贴                                  0

2080705    公益性岗位补贴                                 0

2080709    职业技能鉴定补贴                                0

2080711    就业见习补贴                                  0

2080712    高技能人才培养补助                               0

2080713    求职创业补贴                                  0

2080799    其他就业补助支出                                0

20808      抚恤                                   4,097

2080801    死亡抚恤                                    4

2080802    伤残抚恤                                  514

2080803    在乡复员、退伍军人生活补助                          31

2080804    优抚事业单位支出                             2,648

2080805    义务兵优待                                   0

2080806    农村籍退役士兵老年生活补助                           0

2080899    其他优抚支出                                900

20809      退役安置                               160,772

20810      社会福利                                 9,352

2081001    儿童福利                                  847



                            第 107 页
          2.4 2021年黑龙江省本级一般公共预算支出
                    功能分类决算表
                                           单位：万元

科目编码                科目名称             决算数

2081002    老年福利                               198

2081003    康复辅具                               100

2081004    殡葬                                   0

2081005    社会福利事业单位                          7,142

2081006    养老服务                              1,000

2081099    其他社会福利支出                            65

20811      残疾人事业                             3,642

2081101    行政运行                               707

2081102    一般行政管理事务                           388

2081103    机关服务                                 0

2081104    残疾人康复                                5

2081105    残疾人就业和扶贫                           357

2081106    残疾人体育                             1,004

2081107    残疾人生活和护理补贴                           0

2081199    其他残疾人事业支出                         1,181

20816      红十字事业                              657

2081601    行政运行                               249

2081602    一般行政管理事务                            33

2081699    其他红十字事业支出                          375

20819      最低生活保障                               0

2081901    城市最低生活保障金支出                          0

2081902    农村最低生活保障金支出                          0

20820      临时救助                                63

2082001    临时救助支出                               0



                           第 108 页
          2.4 2021年黑龙江省本级一般公共预算支出
                    功能分类决算表
                                           单位：万元

科目编码                科目名称             决算数

2082002    流浪乞讨人员救助支出                             63

20821      特困人员救助供养                                0

2082101    城市特困人员救助供养支出                            0

2082102    农村特困人员救助供养支出                            0

20825      其他生活救助                                  0

2082501    其他城市生活救助                                0

2082502    其他农村生活救助                                0

20826      财政对基本养老保险基金的补助                   2,073,980

2082601    财政对企业职工基本养老保险基金的补助               2,073,229

2082602    财政对城乡居民基本养老保险基金的补助                    751

2082699    财政对其他基本养老保险基金的补助                        0

20827      财政对其他社会保险基金的补助                          0

2082701    财政对失业保险基金的补助                            0

2082702    财政对工伤保险基金的补助                            0

2082799    其他财政对社会保险基金的补助                          0

20828      退役军人管理事务                            5,531

2082801    行政运行                                1,349

2082802    一般行政管理事务                            2,060

2082803    机关服务                                    0

2082804    拥军优属                                  232

2082805    部队供应                                  304

2082850    事业运行                                  908

2082899    其他退役军人事务管理支出                          678

20830      财政代缴社会保险费支出                             0



                           第 109 页
          2.4 2021年黑龙江省本级一般公共预算支出
                    功能分类决算表
                                             单位：万元

科目编码                  科目名称             决算数

2083001    财政代缴城乡居民基本养老保险费支出                        0

2083099    财政代缴其他社会保险费支出                            0

20899      其他社会保障和就业支出(款)                       19,144

2089999    其他社会保障和就业支出(项)                       19,144

 210       卫生健康支出                              497,587

21001      卫生健康管理事务                              8,711

2100101    行政运行                                  3,678

2100102    一般行政管理事务                               578

2100103    机关服务                                     0

2100199    其他卫生健康管理事务支出                          4,455

21002      公立医院                                205,182

2100201    综合医院                                136,594

2100202    中医(民族)医院                             36,334

2100203    传染病医院                                 8,266

2100204    职业病防治医院                               5,582

2100205    精神病医院                                 1,542

2100206    妇幼保健医院                                   0

2100207    儿童医院                                     0

2100208    其他专科医院                               15,674

2100209    福利医院                                     0

2100210    行业医院                                  1,156

2100212    康复医院                                    34

2100299    其他公立医院支出                                 0

21003      基层医疗卫生机构                                 0



                             第 110 页
          2.4 2021年黑龙江省本级一般公共预算支出
                    功能分类决算表
                                            单位：万元

科目编码                 科目名称             决算数

2100301    城市社区卫生机构                                0

2100302    乡镇卫生院                                   0

2100399    其他基层医疗卫生机构支出                            0

21004      公共卫生                                85,434

2100401    疾病预防控制机构                            27,884

2100402    卫生监督机构                                  0

2100403    妇幼保健机构                               1,874

2100404    精神卫生机构                                  0

2100405    应急救治机构                                233

2100406    采供血机构                                   0

2100407    其他专业公共卫生机构                            113

2100408    基本公共卫生服务                            15,716

2100409    重大公共卫生服务                            22,449

2100410    突发公共卫生事件应急处理                        15,824

2100499    其他公共卫生支出                             1,341

21006      中医药                                  4,619

2100601    中医(民族医)药专项                           4,607

2100699    其他中医药支出                                12

21007      计划生育事务                                148

2100716    计划生育机构                                  0

2100717    计划生育服务                                 40

2100799    其他计划生育事务支出                            108

21011      行政事业单位医疗                           116,968

21012      财政对基本医疗保险基金的补助                      51,674



                            第 111 页
          2.4 2021年黑龙江省本级一般公共预算支出
                    功能分类决算表
                                           单位：万元

科目编码                科目名称             决算数

2101201    财政对职工基本医疗保险基金的补助                    5,445

2101202    财政对城乡居民基本医疗保险基金的补助                 46,229

2101299    财政对其他基本医疗保险基金的补助                       0

21013      医疗救助                                2,338

2101301    城乡医疗救助                                 3

2101302    疾病应急救助                              2,335

2101399    其他医疗救助支出                               0

21014      优抚对象医疗                                76

2101401    优抚对象医疗补助                              76

2101499    其他优抚对象医疗支出                             0

21015      医疗保障管理事务                           21,231

2101501    行政运行                                1,154

2101502    一般行政管理事务                              98

2101503    机关服务                                   0

2101504    信息化建设                              19,338

2101505    医疗保障政策管理                               0

2101506    医疗保障经办事务                             223

2101550    事业运行                                   6

2101599    其他医疗保障管理事务支出                         412

21016      老龄卫生健康事务(款)                            0

2101601    老龄卫生健康事务(项)                            0

21099      其他卫生健康支出(款)                         1,206

2109999    其他卫生健康支出(项)                         1,206

 211       节能环保支出                            588,788



                           第 112 页
          2.4 2021年黑龙江省本级一般公共预算支出
                    功能分类决算表
                                            单位：万元

科目编码                 科目名称             决算数

21101      环境保护管理事务                            8,671

2110101    行政运行                                1,869

2110102    一般行政管理事务                            1,639

2110103    机关服务                                   0

2110104    生态环境保护宣传                               0

2110105    环境保护法规、规划及标准                           0

2110107    生态环境保护行政许可                            34

2110199    其他环境保护管理事务支出                        4,326

21102      环境监测与监察                               95

2110203    建设项目环评审查与监督                            0

2110204    核与辐射安全监督                              95

2110299    其他环境监测与监察支出                            0

21103      污染防治                               20,677

2110301    大气                                  2,710

2110302    水体                                 14,286

2110303    噪声                                     0

2110304    固体废弃物与化学品                            278

2110305    放射源和放射性废物监管                           11

2110307    土壤                                  3,392

2110399    其他污染防治支出                               0

21104      自然生态保护                             21,986

2110401    生态保护                               19,645

2110402    农村环境保护                              2,286

2110404    生物及物种资源保护                             55



                            第 113 页
          2.4 2021年黑龙江省本级一般公共预算支出
                    功能分类决算表
                                           单位：万元

科目编码                科目名称             决算数

2110499    其他自然生态保护支出                             0

21105      天然林保护                             519,672

2110501    森林管护                                   0

2110502    社会保险补助                            158,789

2110503    政策性社会性支出补助                         62,112

2110506    天然林保护工程建设                          21,419

2110507    停伐补助                              276,422

2110599    其他天然林保护支出                            930

21106      退耕还林还草                                38

2110602    退耕现金                                   0

2110603    退耕还林粮食折现补贴                             0

2110604    退耕还林粮食费用补贴                             0

2110605    退耕还林工程建设                               0

2110699    其他退耕还林还草支出                            38

21108      退牧还草                                   0

2110804    退牧还草工程建设                               0

21109      已垦草原退耕还草(款)                            0

2110901    已垦草原退耕还草(项)                            0

21110      能源节约利用(款)                            741

2111001    能源节约利用(项)                            741

21111      污染减排                               14,506

2111101    生态环境监测与信息                          11,533

2111102    生态环境执法监察                            1,492

2111103    减排专项支出                              1,481



                           第 114 页
          2.4 2021年黑龙江省本级一般公共预算支出
                    功能分类决算表
                                             单位：万元

科目编码                  科目名称             决算数

2111199    其他污染减排支出                                0

21112      可再生能源(款)                             1,607

2111201    可再生能源(项)                             1,607

21113      循环经济(款)                                 0

2111301    循环经济(项)                                 0

21114      能源管理事务                                 80

2111401    行政运行                                    0

2111413    农村电网建设                                  0

2111450    事业运行                                    0

2111499    其他能源管理事务支出                             80

21199      其他节能环保支出(款)                           715

2119999    其他节能环保支出(项)                           715

 212       城乡社区支出                              10,363

21201      城乡社区管理事务                             8,447

2120101    行政运行                                 1,709

2120102    一般行政管理事务                             5,307

2120103    机关服务                                    0

2120104    城管执法                                    0

2120105    工程建设标准规范编制与监管                           0

2120106    工程建设管理                                  0

2120107    市政公用行业市场监管                              0

2120109    住宅建设与房地产市场监管                            0

2120110    执业资格注册、资质审查                             0

2120199    其他城乡社区管理事务支出                         1,431



                             第 115 页
          2.4 2021年黑龙江省本级一般公共预算支出
                    功能分类决算表
                                            单位：万元

科目编码                 科目名称             决算数

21202      城乡社区规划与管理(款)                           537

2120201    城乡社区规划与管理(项)                           537

21203      城乡社区公共设施                                 0

2120303    小城镇基础设施建设                                0

2120399    其他城乡社区公共设施支出                             0

21205      城乡社区环境卫生(款)                              0

2120501    城乡社区环境卫生(项)                              0

21206      建设市场管理与监督(款)                           721

2120601    建设市场管理与监督(项)                           721

21299      其他城乡社区支出(款)                            658

2129999    其他城乡社区支出(项)                            658

 213       农林水支出                             2,126,915

21301      农业农村                               689,107

2130101    行政运行                                 6,899

2130102    一般行政管理事务                             1,472

2130103    机关服务                                     0

2130104    事业运行                                12,249

2130105    农垦运行                               190,485

2130106    科技转化与推广服务                              806

2130108    病虫害控制                               10,998

2130109    农产品质量安全                              2,072

2130110    执法监管                                   138

2130111    统计监测与信息服务                              311

2130112    行业业务管理                                 156



                            第 116 页
          2.4 2021年黑龙江省本级一般公共预算支出
                    功能分类决算表
                                            单位：万元

科目编码                 科目名称             决算数

2130114    对外交流与合作                                 0

2130119    防灾救灾                                   37

2130120    稳定农民收入补贴                                0

2130121    农业结构调整补贴                                0

2130122    农业生产发展                             273,741

2130124    农村合作经济                                  0

2130125    农产品加工与促销                              642

2130126    农村社会事业                                  0

2130135    农业资源保护修复与利用                         62,128

2130142    农村道路建设                                  0

2130148    成品油价格改革对渔业的补贴                         139

2130152    对高校毕业生到基层任职补助                           0

2130153    农田建设                               113,657

2130199    其他农业农村支出                            13,177

21302      林业和草原                              354,268

2130201    行政运行                                 7,019

2130202    一般行政管理事务                              967

2130203    机关服务                                   36

2130204    事业机构                                30,748

2130205    森林资源培育                             101,607

2130206    技术推广与转化                              1,690

2130207    森林资源管理                             141,198

2130209    森林生态效益补偿                             6,911

2130210    自然保护区等管理                             5,487



                            第 117 页
          2.4 2021年黑龙江省本级一般公共预算支出
                    功能分类决算表
                                            单位：万元

科目编码                 科目名称             决算数

2130211    动植物保护                                8,164

2130212    湿地保护                                10,357

2130213    执法与监督                                 133

2130217    防沙治沙                                   19

2130220    对外合作与交流                                 0

2130221    产业化管理                                  14

2130223    信息管理                                  419

2130226    林区公共支出                                  0

2130227    贷款贴息                                    0

2130234    林业草原防灾减灾                            26,438

2130235    国家公园                                    0

2130236    草原管理                                    9

2130237    行业业务管理                                336

2130299    其他林业和草原支出                           12,716

21303      水利                                 117,879

2130301    行政运行                                 1,537

2130302    一般行政管理事务                              581

2130303    机关服务                                    0

2130304    水利行业业务管理                             4,001

2130305    水利工程建设                              75,092

2130306    水利工程运行与维护                            6,167

2130308    水利前期工作                              10,288

2130309    水利执法监督                                  0

2130310    水土保持                                  658



                            第 118 页
          2.4 2021年黑龙江省本级一般公共预算支出
                    功能分类决算表
                                           单位：万元

科目编码                科目名称             决算数

2130311    水资源节约管理与保护                         4,249

2130312    水质监测                                  0

2130313    水文测报                              13,875

2130314    防汛                                 1,942

2130315    抗旱                                    6

2130316    农村水利                                237

2130317    水利技术推广                                0

2130318    国际河流治理与管理                             0

2130319    江河湖库水系综合整治                            0

2130321    大中型水库移民后期扶持专项支出                     316

2130322    水利安全监督                                0

2130333    信息管理                                  0

2130334    水利建设征地及移民支出                       -2,026

2130335    农村人畜饮水                                0

2130399    其他水利支出                              956

21305      扶贫                                 1,736

2130501    行政运行                               1,123

2130502    一般行政管理事务                            491

2130503    机关服务                                  0

2130504    农村基础设施建设                              0

2130505    生产发展                                 55

2130506    社会发展                                  0

2130507    扶贫贷款奖补和贴息                             0

2130550    扶贫事业机构                               58



                           第 119 页
          2.4 2021年黑龙江省本级一般公共预算支出
                    功能分类决算表
                                           单位：万元

科目编码                科目名称             决算数

2130599    其他扶贫支出                                 9

21307      农村综合改革                              1,986

2130701    对村级一事一议的补助                             0

2130704    国有农场办社会职能改革补助                          0

2130705    对村民委员会和村党支部的补助                         0

2130706    对村集体经济组织的补助                            0

2130707    农村综合改革示范试点补助                           0

2130799    其他农村综合改革支出                          1,986

21308      普惠金融发展支出                            3,845

2130801    支持农村金融机构                               0

2130802    涉农贷款增量奖励                               0

2130803    农业保险保费补贴                            3,409

2130804    创业担保贷款贴息                             436

2130805    补充创业担保贷款基金                             0

2130899    其他普惠金融发展支出                             0

21309      目标价格补贴                            822,252

2130999    其他目标价格补贴                          822,252

21399      其他农林水支出(款)                        135,842

2139901    化解其他公益性乡村债务支出                          0

2139999    其他农林水支出(项)                        135,842

 214       交通运输支出                            844,957

21401      公路水路运输                            396,261

2140101    行政运行                                6,555

2140102    一般行政管理事务                            6,939



                           第 120 页
          2.4 2021年黑龙江省本级一般公共预算支出
                    功能分类决算表
                                            单位：万元

科目编码                 科目名称             决算数

2140103    机关服务                                    0

2140104    公路建设                               108,272

2140106    公路养护                               148,564

2140109    交通运输信息化建设                           12,262

2140110    公路和运输安全                                 0

2140111    公路还贷专项                              54,100

2140112    公路运输管理                              20,458

2140114    公路和运输技术标准化建设                            0

2140122    港口设施                                    0

2140123    航道维护                                17,342

2140128    救助打捞                                  612

2140129    内河运输                                    0

2140130    远洋运输                                    0

2140131    海事管理                                    9

2140136    水路运输管理支出                             2,120

2140138    口岸建设                                    0

2140139    取消政府还贷二级公路收费专项支出                        0

2140199    其他公路水路运输支出                          19,028

21402      铁路运输                                63,653

2140201    行政运行                                    0

2140202    一般行政管理事务                               30

2140203    机关服务                                    0

2140204    铁路路网建设                              39,000

2140205    铁路还贷专项                              14,150



                            第 121 页
          2.4 2021年黑龙江省本级一般公共预算支出
                    功能分类决算表
                                            单位：万元

科目编码                 科目名称             决算数

2140206    铁路安全                                    0

2140207    铁路专项运输                                  0

2140299    其他铁路运输支出                            10,473

21403      民用航空运输                               1,798

2140304    机场建设                                    0

2140306    民航还贷专项支出                             1,018

2140307    民用航空安全                                  0

2140308    民航专项运输                                  0

2140399    其他民用航空运输支出                            780

21404      成品油价格改革对交通运输的补贴                         0

2140401    对城市公交的补贴                                0

2140402    对农村道路客运的补贴                              0

2140403    对出租车的补贴                                 0

2140499    成品油价格改革补贴其他支出                           0

21405      邮政业支出                                 130

2140501    行政运行                                    0

2140502    一般行政管理事务                                0

2140503    机关服务                                    0

2140504    行业监管                                    0

2140599    其他邮政业支出                               130

21406      车辆购置税支出                            383,115

2140601    车辆购置税用于公路等基础设施建设支出                 379,344

2140602    车辆购置税用于农村公路建设支出                      3,771

2140603    车辆购置税用于老旧汽车报废更新补贴                       0



                            第 122 页
          2.4 2021年黑龙江省本级一般公共预算支出
                    功能分类决算表
                                           单位：万元

科目编码                科目名称             决算数

2140699    车辆购置税其他支出                              0

21499      其他交通运输支出(款)                            0

2149901    公共交通运营补助                               0

2149999    其他交通运输支出(项)                            0

 215       资源勘探工业信息等支出                       163,976

21501      资源勘探开发                             66,791

2150101    行政运行                                  56

2150102    一般行政管理事务                               0

2150104    煤炭勘探开采和洗选                          59,992

2150105    石油和天然气勘探开采                             0

2150106    黑色金属矿勘探和采选                             0

2150107    有色金属矿勘探和采选                          6,743

2150108    非金属矿勘探和采选                              0

2150199    其他资源勘探业支出                              0

21502      制造业                                   10

2150201    行政运行                                   0

2150202    一般行政管理事务                              10

2150204    纺织业                                    0

2150205    医药制造业                                  0

2150206    非金属矿物制品业                               0

2150207    通信设备、计算机及其他电子设备制造业                     0

2150210    工艺品及其他制造业                              0

2150212    石油加工、炼焦及核燃料加工业                         0

2150213    化学原料及化学制品制造业                           0



                           第 123 页
          2.4 2021年黑龙江省本级一般公共预算支出
                    功能分类决算表
                                            单位：万元

科目编码                 科目名称             决算数

2150299    其他制造业支出                                0

21503      建筑业                                    0

2150301    行政运行                                   0

2150302    一般行政管理事务                               0

2150399    其他建筑业支出                                0

21505      工业和信息产业监管                          37,536

2150501    行政运行                                3,349

2150502    一般行政管理事务                            1,658

2150503    机关服务                                   0

2150505    战备应急                                  64

2150507    专用通信                               12,874

2150508    无线电监管                              11,919

2150516    工程建设及运行维护                            804

2150517    产业发展                                3,276

2150550    事业运行                                 112

2150599    其他工业和信息产业监管支出                       3,480

21507      国有资产监管                              2,907

2150701    行政运行                                1,573

2150702    一般行政管理事务                            1,151

2150703    机关服务                                   0

2150799    其他国有资产监管支出                           183

21508      支持中小企业发展和管理支出                         28

2150801    行政运行                                   0

2150802    一般行政管理事务                               0



                            第 124 页
          2.4 2021年黑龙江省本级一般公共预算支出
                    功能分类决算表
                                             单位：万元

科目编码                  科目名称             决算数

2150804    科技型中小企业技术创新基金                           0

2150805    中小企业发展专项                                0

2150806    减免房租补贴                                  0

2150899    其他支持中小企业发展和管理支出                        28

21599      其他资源勘探工业信息等支出(款)                    56,704

2159904    技术改造支出                                  0

2159906    重点产业振兴和技术改造项目贷款贴息                   55,867

2159999    其他资源勘探工业信息等支出(项)                      837

 216       商业服务业等支出                            13,339

21602      商业流通事务                               7,433

2160201    行政运行                                 1,642

2160202    一般行政管理事务                              179

2160203    机关服务                                    0

2160216    食品流通安全补贴                                0

2160218    民贸企业补贴                                  0

2160219    民贸民品贷款贴息                                0

2160250    事业运行                                  645

2160299    其他商业流通事务支出                           4,967

21606      涉外发展服务支出                             4,549

2160601    行政运行                                    0

2160602    一般行政管理事务                                0

2160603    机关服务                                    0

2160607    外商投资环境建设补助资金                            0

2160699    其他涉外发展服务支出                           4,549



                             第 125 页
          2.4 2021年黑龙江省本级一般公共预算支出
                    功能分类决算表
                                             单位：万元

科目编码                  科目名称             决算数

21699      其他商业服务业等支出(款)                        1,357

2169901    服务业基础设施建设                               0

2169999    其他商业服务业等支出(项)                        1,357

 217       金融支出                                14,815

21701      金融部门行政支出                                0

2170101    行政运行                                    0

2170102    一般行政管理事务                                0

2170150    事业运行                                    0

2170199    金融部门其他行政支出                              0

21702      金融部门监管支出                                0

2170299    金融部门其他监管支出                              0

21703      金融发展支出                                  0

2170302    利息费用补贴支出                                0

2170303    补充资本金                                   0

2170399    其他金融发展支出                                0

21799      其他金融支出(款)                           14,815

2179902    重点企业贷款贴息                                0

2179999    其他金融支出(项)                           14,815

 219       援助其他地区支出                            32,000

21901      一般公共服务                                  0

21902      教育                                      0

21903      文化体育与传媒                                 0

21906      农业                                      0

21907      交通运输                                    0



                             第 126 页
          2.4 2021年黑龙江省本级一般公共预算支出
                    功能分类决算表
                                           单位：万元

科目编码                科目名称             决算数

21999      其他支出                              32,000

 220       自然资源海洋气象等支出                       71,930

22001      自然资源事务                            68,338

2200101    行政运行                               7,773

2200102    一般行政管理事务                           1,499

2200103    机关服务                                  0

2200104    自然资源规划及管理                           420

2200106    自然资源利用与保护                            85

2200107    自然资源社会公益服务                            0

2200108    自然资源行业业务管理                         1,882

2200109    自然资源调查与确权登记                        3,149

2200112    土地资源储备支出                              0

2200113    地质矿产资源与环境调查                        1,920

2200114    地质勘查与矿产资源管理                         156

2200122    自然资源卫星                              478

2200129    基础测绘与地理信息监管                        4,050

2200150    事业运行                              40,543

2200199    其他自然资源事务支出                         6,383

22005      气象事务                               3,592

2200501    行政运行                                  0

2200502    一般行政管理事务                              0

2200504    气象事业机构                             1,747

2200506    气象探测                                  0

2200507    气象信息传输及管理                             0



                           第 127 页
          2.4 2021年黑龙江省本级一般公共预算支出
                    功能分类决算表
                                           单位：万元

科目编码                科目名称             决算数

2200508    气象预报预测                                 0

2200509    气象服务                                1,345

2200510    气象装备保障维护                               0

2200511    气象基础设施建设与维修                          500

2200599    其他气象事务支出                               0

22099      其他自然资源海洋气象等支出(款)                       0

2209999    其他自然资源海洋气象等支出(项)                       0

 221       住房保障支出                            142,139

22101      保障性安居工程支出                          13,832

2210101    廉租住房                                   0

2210102    沉陷区治理                                  0

2210103    棚户区改造                              13,832

2210104    少数民族地区游牧民定居工程                          0

2210105    农村危房改造                                 0

2210106    公共租赁住房                                 0

2210107    保障性住房租金补贴                              0

2210108    老旧小区改造                                 0

2210199    其他保障性安居工程支出                            0

22102      住房改革支出                            126,636

2210201    住房公积金                             126,378

2210202    提租补贴                                   0

2210203    购房补贴                                 258

22103      城乡社区住宅                              1,671

2210301    公有住房建设和维修改造支出                          0



                           第 128 页
          2.4 2021年黑龙江省本级一般公共预算支出
                    功能分类决算表
                                             单位：万元

科目编码                  科目名称             决算数

2210302    住房公积金管理                               1,671

2210399    其他城乡社区住宅支出                               0

 222       粮油物资储备支出                            321,735

22201      粮油事务                                319,132

2220101    行政运行                                   970

2220102    一般行政管理事务                               107

2220104    粮食财务与审计支出                                0

2220105    粮食信息统计                                 538

2220106    粮食专项业务活动                             24,978

2220115    粮食风险基金                              226,953

2220150    事业运行                                   513

2220199    其他粮油事务支出                             65,073

22202      物资事务                                     0

2220201    行政运行                                     0

2220211    仓库建设                                     0

2220250    事业运行                                     0

2220299    其他物资事务支出                                 0

22203      能源储备                                     0

22204      粮油储备                                     0

22205      重要商品储备                                2,603

2220503    肉类储备                                     0

2220504    化肥储备                                  2,603

2220509    食盐储备                                     0

2220599    其他重要商品储备支出                               0



                             第 129 页
          2.4 2021年黑龙江省本级一般公共预算支出
                    功能分类决算表
                                             单位：万元

科目编码                  科目名称             决算数

 229       其他支出(类)                               1,500

22999      其他支出(款)                               1,500

2299999     其他支出(项)                              1,500

 224       灾害防治及应急管理支出                         141,592

22401      应急管理事务                               17,049

2240101     行政运行                                 2,043

2240102     一般行政管理事务                              270

2240103     机关服务                                    0

2240104     灾害风险防治                                177

2240106     安全监管                                 1,079

2240107     安全生产基础                                  0

2240108     应急救援                                    0

2240109     应急管理                                 3,969

2240150     事业运行                                 1,792

2240199     其他应急管理支出                             7,719

22402      消防事务                                 12,800

2240201     行政运行                                    0

2240202     一般行政管理事务                             8,950

2240203     机关服务                                    0

2240204     消防应急救援                                 41

2240299     其他消防事务支出                             3,809

22403      森林消防事务                               34,170

2240301     行政运行                                    0

2240302     一般行政管理事务                                0



                             第 130 页
          2.4 2021年黑龙江省本级一般公共预算支出
                    功能分类决算表
                                           单位：万元

科目编码                科目名称             决算数

2240304    森林消防应急救援                          34,170

2240399    其他森林消防事务支出                            0

22404      煤矿安全                              47,313

2240401    行政运行                                839

2240402    一般行政管理事务                            485

2240404    煤矿安全监察事务                           1,963

2240405    煤矿应急救援事务                              0

2240450    事业运行                                  0

2240499    其他煤矿安全支出                          44,026

22405      地震事务                                716

2240501    行政运行                                173

2240502    一般行政管理事务                              0

2240504    地震监测                                209

2240505    地震预测预报                                0

2240506    地震灾害预防                                0

2240507    地震应急救援                                0

2240508    地震环境探察                                0

2240509    防震减灾信息管理                              0

2240550    地震事业机构                              116

2240599    其他地震事务支出                            218

22406      自然灾害防治                            14,503

2240602    森林草原防灾减灾                           6,979

2240699    其他自然灾害防治支出                         7,524

22407      自然灾害救灾及恢复重建支出                      5,725



                           第 131 页
          2.4 2021年黑龙江省本级一般公共预算支出
                    功能分类决算表
                                             单位：万元

科目编码                  科目名称             决算数

2240701    中央自然灾害生活补助                               0

2240702    地方自然灾害生活补助                               0

2240703    自然灾害救灾补助                              5,725

2240704    自然灾害灾后重建补助                               0

2240799    其他自然灾害救灾及恢复重建支出                          0

22499      其他灾害防治及应急管理支出                         9,316

 232       债务付息支出                              202,089

23203      地方政府一般债务付息支出                        202,089

2320301    地方政府一般债券付息支出                        202,088

2320302    地方政府向外国政府借款付息支出                          0

2320303    地方政府向国际组织借款付息支出                          1

 233       债务发行费用支出                               561

23303      地方政府一般债务发行费用支出                         561




                             第 132 页
            2.5 2021年黑龙江省本级一般公共预算收支总表
                                                      单位：万元

            预算科目     决算数                    预算科目      决算数


一般公共预算收入               2,862,426 一般公共预算支出             11,945,578

上级补助收入                37,307,099 补助下级支出               29,270,134

 返还性收入                 1,185,795   返还性支出               1,844,648

  所得税基数返还收入             122,592    所得税基数返还支出            147,554

  成品油税费改革税收返还收入         312,400    成品油税费改革税收返还支出        121,406

  增值税税收返还收入             672,403    增值税税收返还支出            713,605

  消费税税收返还收入             137,800    消费税税收返还支出            107,188

  增值税“五五分享”税收返还收入        -59,400   增值税“五五分享”税收返还支出      668,151

  其他返还性收入                     0    其他税收返还支出              86,744

 一般性转移支付收入            33,867,397   一般性转移支付支出          25,685,105

  均衡性转移支付收入            9,163,300   均衡性转移支付支出           4,612,159

  县级基本财力保障机制奖补资金收入      893,098    县级基本财力保障机制奖补资金支出     893,098

  结算补助收入                608,097    结算补助支出              1,106,103

  资源枯竭型城市转移支付补助收入       251,000    资源枯竭型城市转移支付补助支出      251,000

  产粮(油)大县奖励资金收入         749,165    产粮(油)大县奖励资金支出        605,512


                        第 133 页
           2.5 2021年黑龙江省本级一般公共预算收支总表
                                                              单位：万元

           预算科目            决算数                 预算科目           决算数


    重点生态功能区转移支付收入            331,850     重点生态功能区转移支付支出          317,972

    固定数额补助收入                2,791,460    固定数额补助支出              2,405,010

    革命老区转移支付收入                12,890     革命老区转移支付支出              12,890

    民族地区转移支付收入                26,601     民族地区转移支付支出              26,601

    边境地区转移支付收入               309,695     边境地区转移支付支出             309,695

    贫困地区转移支付收入               266,074     贫困地区转移支付支出             496,074

    公共安全共同财政事权转移支付收入         214,677     一般公共服务共同财政事权转移支付支出       9,222

    教育共同财政事权转移支付收入           754,603     国防共同财政事权转移支付支出           4,288

    科学技术共同财政事权转移支付收入             5,600   公共安全共同财政事权转移支付支出       199,147

    文化旅游体育与传媒共同财政事权转移支付收
                              69,483     教育共同财政事权转移支付支出         579,700
入




                             第 134 页
           2.5 2021年黑龙江省本级一般公共预算收支总表
                                                              单位：万元

           预算科目          决算数                    预算科目          决算数


 社会保障和就业共同财政事权转移支付收入      6,885,678    科学技术共同财政事权转移支付支出           3,500

 医疗卫生共同财政事权转移支付收入         1,058,714    文化旅游体育与传媒共同财政事权转移支付支      87,135

 节能环保共同财政事权转移支付收入         1,043,679    社会保障和就业共同财政事权转移支付支出     5,066,566

 农林水共同财政事权转移支付收入          6,864,617    医疗卫生共同财政事权转移支付支出        1,485,072

 交通运输共同财政事权转移支付收入         1,013,004    节能环保共同财政事权转移支付支出         442,458

 资源勘探信息等共同财政事权转移支付收入            927    农林水共同财政事权转移支付支出         5,453,370

 住房保障共同财政事权转移支付收入          283,789     交通运输共同财政事权转移支付支出         546,830

 粮油物资储备共同财政事权转移支付收入        230,569     住房保障共同财政事权转移支付支出         303,388

 灾害防治及应急管理共同财政事权转移支付收入      28,986     粮油物资储备共同财政事权转移支付支出           723

 其他共同财政事权转移支付收入                   0    灾害防治及应急管理共同财政事权转移支付支       2,517

 其他一般性转移支付收入                   9,841   其他一般性转移支付支出              465,075

专项转移支付收入                  2,253,907    专项转移支付支出                1,740,381

 一般公共服务                        6,593   一般公共服务                         0

 国防                            3,099   国防                             0

 公共安全                          1,260   公共安全                           0


                           第 135 页
          2.5 2021年黑龙江省本级一般公共预算收支总表
                                                 单位：万元

          预算科目     决算数                    预算科目   决算数


教育                    83,815     教育                58,683

科学技术                     4,089   科学技术                  0

文化旅游体育与传媒             26,722     文化旅游体育与传媒         25,266

社会保障和就业               44,650     社会保障和就业           43,650

卫生健康                 104,271     卫生健康              57,649

节能环保                 210,039     节能环保             271,904

城乡社区                  14,489     城乡社区              37,884

农林水                  684,628     农林水              504,100

交通运输                        0    交通运输               4,224

资源勘探信息等               57,186     资源勘探工业信息等         63,166

商业服务业等                38,874     商业服务业等            37,636

金融                         -31   金融                    0

自然资源海洋气象等            100,000     自然资源海洋气象等             0

住房保障                 554,873     住房保障             574,303

粮油物资储备                   6,900   粮油物资储备             7,190


                     第 136 页
          2.5 2021年黑龙江省本级一般公共预算收支总表
                                                          单位：万元

          预算科目     决算数                        预算科目        决算数


  灾害防治及应急管理            57,756      灾害防治及应急管理                 28,733

  其他收入                254,694      其他支出                      25,993

下级上解收入               1,125,565 上解上级支出                       308,968

待偿债置换一般债券上年结余               0 债务还本支出                        250,000

上年结余                 2,722,462 债务转贷支出                      7,159,939

调入资金                   31,744 增设预算周转金                             0

债务收入                 7,808,758 国债转贷资金结余                           0

国债转贷资金上年结余                       调出资金                         7,407

动用预算稳定调节基金           1,020,986 补充预算稳定调节基金                   900,087

                                 待偿债置换一般债券结余                      0

                                 年终结余                      3,036,927

                                 减:结转下年的支出                 3,036,927




收 入 总 计             52,879,040            支   出   总   计   52,879,040


                      第 137 页
         2.6 2021年黑龙江省本级一般公共预算
                 基本支出经济分类表
                                                  单位：万元


            项目    预算数            决算数            为预算数的％


            合计      2,297,657      2,413,419         105.0

机关工资福利支出             806,144        977,642          121.3

工资奖金津补贴              555,848        682,101

社会保障缴费               112,547        117,878

住房公积金                   63,257         65,465

其他工资福利支出                74,492      112,198

机关商品和服务支出            140,194        134,822           96.2

办公经费                 111,998        115,043

会议费                         0              0

培训费                      5,941          1,680

专用材料购置费                     0             12

委托业务费                    1,781          1,906

公务接待费                       0              0

因公出国(境)费用                   0

公务用车运行维护费               16,032         11,871

维修(护)费                   3,034          3,027

其他商品和服务支出                1,408          1,283

机关资本性支出(一)                                52

房屋建筑物购建

基础设施建设

公务用车购置

土地征迁补偿和安置支出

设备购置



                 第 138 页
           2.6 2021年黑龙江省本级一般公共预算
                   基本支出经济分类表
                                                    单位：万元


           项目       预算数            决算数            为预算数的％

大型修缮

其他资本性支出                                     52

机关资本性支出(二)

房屋建筑物购建

基础设施建设

公务用车购置

设备购置

大型修缮

其他资本性支出

对事业单位经常性补助             999,335       925,879           92.6

工资福利支出                 909,068       844,362

商品和服务支出                   90,267         81,517

其他对事业单位补助                                    0

对事业单位资本性补助

资本性支出(一)

资本性支出(二)

对企业补助

费用补贴

利息补贴

其他对企业补助

对企业资本性支出

对企业资本性支出(一)

对企业资本性支出(二)



                   第 139 页
         2.6 2021年黑龙江省本级一般公共预算
                 基本支出经济分类表
                                                     单位：万元


           项目        预算数            决算数            为预算数的％


对个人和家庭的补助                351,984      375,024           106.5

社会福利和救助                    76,413         98,326

助学金                        22,530         20,977

个人农业生产补贴

离退休费                     239,925      243,716

其他对个人和家庭补助                 13,116         12,005

对社会保障基金补助

对社会保险基金补助

补充全国社会保障基金

债务利息及费用支出

国内债务付息

国外债务付息

国内债务发行费用

国外债务发行费用

其他支出

赠与

国家赔偿费用支出

对民间非营利组织和群众性自治组织补贴

其他支出




                     第 140 页
     2.7 2021年黑龙江省本级政府性基金收入决算表
                                                             单位：万元

                                                             比上年
          项        目     预算数         决算数        为调整预算％
                                                            （同比）+-%

              合计           190,745    133,464        70.0       -18.3

一、国家电影事业发展专项资金收入             1,800      1,835       101.9        56.4

二、小型水库移民扶助基金收入               2,000      2,349       117.5        95.6

三、国有土地使用权出让收入              119,850     51,939        43.3       -41.0

四、国有土地收益基金收入

五、农业土地开发资金收入                 2,500      2,880       115.2       -31.5

六、城市基础设施配套费收入

七、污水处理费收入

八、大中型水库库区基金收入                1,300      2,760       212.3       102.5

九、国家重大水利工程建设基金收入             7,400      8,964       121.1        12.0

十、车辆通行费                      5,699      4,616        81.0        -4.8

十一、港口建设费收入

十二、彩票发行机构和彩票销售机构的业务费用       11,053     12,098       109.5         0.3

十三、彩票公益金收入                  35,386     43,409       122.7         2.2

十四、其他政府性基金收入

十五、其他政府性基金专项债务对应项目专项收入       3,757      2,614        69.6




                         第 141 页
           2.8 2021年黑龙江省本级政府性基金支出决算表
                                                                       单位：万元

                                                           为调整          比上年
                 项目               调整预算数        决算数
                                                           预算％         （同比）+-%

                 合计                1,110,551    827,177       74.5           2.8

文化旅游体育与传媒支出                           1,895       1,053       55.6         -36.9

国家电影事业发展专项资金安排的支出                      1,895      1,053       55.6

旅游发展基金支出

社会保障和就业支出                             3,316          844      25.5         361.2

大中型水库移民后期扶持基金支出                         924          802      86.8

小型水库移民扶助基金安排的支出                       2,392           42         1.8

城乡社区支出                              203,642      15,054          7.4         1.4

国有土地使用权出让收入安排的支出                    198,553      15,054          7.6

农业土地开发资金安排的支出                         5,089            0         0.0

农林水支出                                23,951      10,643       44.4          54.6

大中型水库库区基金安排的支出                        2,823

国家重大水利工程建设基金安排的支出                    21,128      10,643       50.4

交通运输支出                              183,216     156,929       85.7         -64.2

车辆通行费安排的支出                           30,861       4,616       15.0

港口建设费安排的支出                              314          272      86.6

民航发展基金支出                             34,041      34,041      100.0

政府收费公路专项债券收入安排的支出                   118,000     118,000

其他支出                                683,921     632,044       92.4          85.5

其他政府性基金及对应专项债务收入安排的支出               607,016     597,323       98.4

彩票发行销售机构业务费安排的支出                     21,959      16,019       72.9

彩票公益金安排的支出                           54,946      18,702       34.0

债务付息支出                               10,528      10,528      100.0         385.4

债务发行费支出                                   82          82     100.0         -43.1

抗疫特别国债安排的支出




                        第 142 页
2.9 2021年黑龙江省本级政府性基金收支总表

                收入                              支出

        项目            决算数               项目           决算数

政府性基金收入               133,464 政府性基金支出                 827,177

政府性基金上级补助收入           107,083 政府性基金补助下级支出              88,502

政府性基金下级上解收入            10,695 政府性基金上解上级支出                 576

政府性基金调入资金               7,407 政府性基金调出资金                22,244

 一般公共预算调入               7,407

 其他调入

债务收入                 6,064,830 债务还本支出

地方政府债务收入             6,064,830   地方政府专项债务还本支出

债务转贷收入                           债务转贷支出              5,366,183

待偿债置换专项债券上年结余                    待偿债置换专项债券结余

政府性基金上年结余             264,577 政府性基金年终结余               283,374

   收    入   总   计    6,588,056      支   出   总   计    6,588,056




                         第 143 页
 2.10 2021年黑龙江省本级国有资本经营收入决算表
                                                       单位：万元

                                                        比上年
          项目        调整预算数       决算数         为调整预算％
                                                       （同比）+-%

          合计           16,956    16,956        100.0        29.0

利润收入                   16,956    16,956        100.0        29.0

 机械企业利润收入

 投资服务企业利润收入             5,311     5,311        100.0

 建筑施工企业利润收入

 医药企业利润收入

 农林牧渔企业利润收入              638          638      100.0       507.6

 地质勘查企业利润收入                 3           3      100.0       -94.6

 教育文化广播企业利润收入

 科学研究企业利润收入

 机关社团所属企业利润收入

 金融企业利润收入              10,218    10,218        100.0         2.2

 其他国有资本经营预算企业利润收入        786          786      100.0       -71.1

股利、股息收入

 国有控股公司股利、股息收入

 金融企业股利、股息收入




                    第 144 页
    2.11 2021年黑龙江省本级国有资本经营支出决算表
                                                            单位：万元

                                                             比上年
         项目          调整预算数        决算数           为调整预算％
                                                            （同比）+-%

         合计             292,815     88,145           30.1      1152.2

解决历史遗留问题及改革成本支出         287,367     86,653           30.2      1297.9

 “三供一业”移交补助支出           268,227     72,815           27.1

 国有企业办职教幼教补助支出            2,073         2,073       100.0      1291.3

 国有企业改革成本支出              15,932     10,630           66.7        88.5

 其他解决历史遗留问题及改革成本支出        1,135         1,135       100.0       175.5

国有企业资本金注入

 国有经济结构调整支出

 其他国有企业资本金注入

其他国有资本经营预算支出(款)           5,448         1,492        27.4        77.6

 其他国有资本经营预算支出(项)          5,448         1,492        27.4        77.6




                      第 145 页
    2.12 2021年黑龙江省本级国有资本经营收支总表
                                                     单位：万元

        项目           决算数                项目           决算数


国有资本经营预算收入             16,956 国有资本经营预算支出               88,145

国有资本经营预算上级补助收入        379,270 国有资本经营预算补助下级支出          105,474

国有资本经营预算上年结余            7,818 国有资本经营预算调出资金              9,500

国有资本经营预算下级上解收入          3,745 国有资本经营预算上解上级支出

国有资本经营预算省补助计划单列市收入              国有资本经营预算省补助计划单列市支出

国有资本经营预算计划单列市上解省收入              国有资本经营预算计划单列市上解省支出

                                国有资本经营预算年终结余          204,670

      收 入 总 计         407,789         支 出 总 计         407,789




                        第 146 页
2.13 2021年黑龙江省本级地方政府一般债务余额表
                                               单位：万元

             项   目                预算数          决算数

一、2020年末地方政府一般债务余额实际数                           5,664,971

二、2021年末地方政府一般债务余额限额               6,261,336

三、2021年地方政府一般债务发行额                               648,819

四、2021年地方政府一般债务还本额                               250,000

五、2021年采取其他方式化解一般债务额                                 746

六、2021年末地方政府一般债务余额实际数                           6,063,044




                        第 147 页
2.14 2021年黑龙江省本级地方政府专项债务余额表
                                                 单位：万元

            项   目                 预算数           决算数

一、2020年末地方政府专项债务余额实际数                             1,356,203

二、2021年末地方政府专项债务余额限额                2,065,984

三、2021年地方政府专项债务发行额                                    698,647

四、2021年地方政府专项债务还本额                                         0

五、2021年采取其他方式化解专项债务额                                   22,056

六、2022年末地方政府专项债务余额实际数                             2,032,794




                        第 148 页
          2.15 2021年黑龙江省本级“三公” 经费情况表

                                                                          单位：万元
                                                            2021年决算       2021年决算
      项目         2021年预算       2021年决算       2020年决算
                                                           比2020年决算      比2021年预算

      合计            36924.55      30113.07      25170.00       4943.07      -6811.48

一、因公出国（境）费           1610.99        207.54        325.00       -117.46      -1403.45

二、公务用车购置及运行维护费      31193.21      26830.95      23150.68       3680.27      -4362.26

 1.公务用车购置费            398.18       1794.00       1401.00        393.00       1395.82

 2.公务用车运行维护费          30,795        25,037        21750          3,287         -5758

三、公务接待费                4,120         3,075         1,695         1,380        -1,046




                               第 149 页
                2.16 2021年黑龙江省本级社会保险基金收入决算表
                                                                                                                 单位：万元

                                                                          职工基本医疗保险
                             企业职工基本         城乡居民基本养    机关事业单位基                           城乡居民基本医
       项   目   合计                                                          （含生育保险）                 工伤保险基金       失业保险基金
                             养老保险基金          老保险基金     本养老保险基金                            疗保险基金
                                                                             基金

本年收入           22,456,133      20,123,517         0         1,567,939          679,740         0       41,802       43,135

其中:社会保险费收入      8,240,606       6,630,153         0             912,535        641,220         0       35,289       21,408

 利息收入            103,335          49,194          0               6,923         33,430         0        1,624       12,164

 财政补贴收入         6,352,678       5,739,939         0             610,242          2,497         0            0            0

 委托投资收益                 0              0          0                  0              0          0            0            0

 其他收入               28,624        25,831          0                200           2,570         0          22             0

 转移收入            216,661         178,599          0              38,039            23          0            0            0

 中央调剂资金收入       7,499,800       7,499,800         0                  0              0          0            0            0




                                                      第 150 页
                2.17 2021年黑龙江省本级社会保险基金支出决算表
                                                                                                        单位：万元

                                                                       职工基本医疗保险
                            企业职工基本         城乡居民基本养    机关事业单位基                   城乡居民基本医
       项   目   合计                                                      （含生育保险）            工伤保险基金       失业保险基金
                            养老保险基金          老保险基金     本养老保险基金                    疗保险基金
                                                                          基金

本年支出           22,139,261     19,983,148         0         1,625,530        491,440   0       28,523       10,619

其中:社会保险待遇支出    20,316,818     18,204,364         0         1,610,318        474,953   0       26,818         365

 其他支出            392,153        373,297          0             5,273         13,273   0         272           38

 转移支出            207,740        194,587          0             9,938          3,215   0            0            0

 中央调剂资金支出       1,210,900      1,210,900         0                0              0    0            0            0




                                                     第 151 页
第三部分 2021年决算公开有关情况的说明




         第 152 页
     3.1 关于 2021 年一般公共预算执行
               情况说明

     1.一般公共预算收入完成情况。一般公共预算收入年初
预算安排 1221.6 亿元，实际完成 1300.5 亿元，同比增长 12.8%。
     税收收入完成 870.2 亿元，增长 7.2%。从具体收入项目
看：
  （1）增值税完成 307.1 亿元，增长 9.6%。主要是经济持
续恢复以及石油、煤炭等价格上涨带动。
     （2）企业所得税完成 109 亿元，增长 10.8%，主要是经
济持续恢复，企业利润增加。
     （3）个人所得税完成 32.9 亿元，增长 7.4%，主要是受
经济持续恢复，部分企业股息分红增加带动。
  （4）资源税完成 65.1 亿元，增长 35.5%。主要是石油、
煤炭价格上涨带动。
     （5）城市维护建设税完成 55.1 亿元，增长 11.4%。主
要是增值税等主体流转税增收影响。
  （6）城镇土地使用税完成 75.8 亿元，增长 4.3%。
  （7）土地增值税完成 57.3 亿元，下降 13.4%。
  （9）契税完成 62.6 亿元，下降 3.7%。
  （10）环境保护税完成 2.6 亿元，下降 13.1%。
     非税收入完成 430.3 亿元，增长 26.3%。主要是各级财
政部门在全面落实降费政策基础上，依法依规加大国有资源

                 第 153 页
（资产）处置力度以及加快罚没资产变现入库进度带动。
  2.一般公共预算支出完成情况。全省一般公共预算支出
完成 5104.8 亿元，下降 6.3%。从具体项目看：
  （1）一般公共服务支出完成 323.9 亿元，增长 0.9%。
  （2）公共安全支出完成 263.7 亿元，下降 0.2%。
  （3）教育支出完成 571 亿元，增长 1.5%。
  （4）科学技术支出完成 43.5 亿元，增长 1.2%。
  （5）文化旅游体育与传媒支出完成 55.4 亿元，下降 5.1%。
  （6）社会保障和就业支出完成 1329.9 亿元，下降 1.6%。
  （7）卫生健康支出完成 392.3 亿元，下降 2.2%。
  （8）节能环保支出完成 140.5 亿元，下降 36.2%。
  （9）城乡社区支出完成 295.2 亿元，下降 33.6%。
  （10）农林水支出完成 869 亿元，下降 5%。
  （11）交通运输支出完成 213.7 亿元，下降 14.2%。
     自然资源海洋气象支出完成 36.8 亿元，
  （12）                   增长 36.3%。
  （13）住房保障事务支出完成 229.4 亿元，增长 0.7%。




               第 154 页
    3.2   关于 2021 年政府性基金执行
               情况说明

   1.政府性基金预算收入完成情况。2021 年全省政府性基
金预算收入完成 370.3 亿元，下降 17.6%。
   （1）国有土地使用权出让收入完成 304.3 亿元，下降
23.1%。
   （2）车辆通行费完成 4.8 亿元，增长 48.6%。主要是 2020
年受新冠疫情影响，同期基数较低。
   （3）彩票公益金完成 10.2 亿元，增长 2.5%。
   （4）城市基础设施配套费完成 30.3 亿元，增长 27.2%。
主要是 2020 年受疫情影响，开工项目较少以及部分市（地）
出台缓缴政策，同期基数较低。
   2.政府性基金预算支出完成情况。2021 年全省政府性基
金预算支出完成 755.3 亿元，下降 27.9%。
   （1）城乡社区支出完成 334.6 亿元，下降 44.9%。
   （2）交通运输支出完成 30.6 亿元，下降 32.8%。
   （3）其他支出完成 319 亿元，增长 109.3%。
   （4）抗疫特别国债支出完成 20.2 亿元，下降 89.3%。




                第 155 页
  3.3 关于 2021 年国有资本经营执行
            情况说明

  1.国有资本经营预算收入完成情况。2021 年全省国有资
本经营预算收入完成 4 亿元，下降 16.9%。
  2.国有资本经营预算支出完成情况。2021 年全省国有资
本经营预算支出 11.3 亿元，增长 29.3%，主要是增加对国有
企业资本金注入增支。




              第 156 页
 3.4 关于 2021 年省本级转移支付执行
            情况说明

  2021 年中央对省税收返还和转移支付决算数为 3730.7
亿元，省对下税收返还和转移支付决算数为 2927 亿元。具
体情况如下：
  一、中央对省税收返还和转移支付情况
  （一）一般性转移支付收入 3386.7 亿元。其中：
  1、均衡性转移支付收入 916.3 亿元；
  2、县级基本财力保障机制奖补资金收入 89.3 亿元；
  3、结算补助收入 60.8 亿元；
  4、资源枯竭型城市转移支付补助收入 25.1 亿元；
  5、产粮（油）大县奖励资金收入 74.9 亿元；
  6、重点生态功能区转移支付收入 33.2 亿元；
  7、固定数额补助收入 279.1 亿元；
  8、革命老区转移支付收入 1.3 亿元；
  9、民族地区转移支付收入 2.7 亿元；
  10、边境地区转移支付收入 31 亿元；
  11、贫困地区转移支付收入 26.6 亿元；
  12、公共安全共同财政事权转移支付收入 21.4 亿元；
  13、教育共同财政事权转移支付收入 75.4 亿元；
  14、科学技术共同财政事权转移支付收入 0.6 亿元；
  15、文化旅游体育与传媒共同财政事权转移支付收入 6.9

              第 157 页
亿元；
     16、社会保障和就业共同财政事权转移支付收入 688.5
亿元；
     17、医疗卫生共同财政事权转移支付收入 105.9 亿元；
     18、节能环保共同财政事权转移支付收入 104.4 亿元；
     19、农林水共同财政事权转移支付收入 686.5 亿元；
     20、交通运输共同财政事权转移支付收入 101.3 亿元；
     21、资源勘探信息等共同财政事权转移支付收入 0.1 亿
元；
     22、住房保障共同财政事权转移支付收入 28.4 亿元；
     23、粮油物资储备共同财政事权转移支付收入 23.1 亿元；
     24、灾害防治及应急管理共同财政事权转移支付收入 2.9
亿元；
     25、其他一般性转移支付收入 1 亿元。
     （二）专项转移支付收入 225.4 亿元。其中：
     1、一般公共服务 0.6 亿元；
     2、国防 0.3 亿元；
     3、公共安全 0.1 亿元；
     4、教育 8.3 亿元；
     5、科学技术 0.4 亿元；
     6、文化旅游体育与传媒 2.7 亿元；
     7、社会保障和就业 4.5 亿元；
     8、卫生健康 10.4 亿元；

                    第 158 页
9、节能环保 21 亿元；
10、城乡社区 1.5 亿元；
11、农林水 68.5 亿元；
12、资源勘探工业信息等 5.7 亿元；
13、商业服务业等 3.9 亿元；
14、自然资源海洋气象等 10 亿元；
15、住房保障 55.5 亿元；
16、粮油物资储备 0.7 亿元；
17、灾害防治及应急管理 5.8 亿元；
18、其他收入 25.5 亿元。
（三）返还性收入 118. 6 亿元。其中：
1、所得税基数返还收入 12.3 亿元；
2、成品油税费改革税收返还收入 31.2 亿元；
3、增值税税收返还收入 67.2 亿元；
4、消费税税收返还收入 13.8 亿元；
5、增值税“五五分享”税收返还收入-5.9 亿元。
二、省对下税收返还和转移支付情况
（一）一般性转移支付支出 2568.5 亿元。其中：
1、均衡性转移支付支出 461.2 亿元；
2、县级基本财力保障机制奖补资金支出 89.3 亿元；
3、结算补助支出 110.6 亿元；
4、资源枯竭型城市转移支付补助支出 25.1 亿元；
5、产粮（油）大县奖励资金支出 60.5 亿元；

             第 159 页
  6、重点生态功能区转移支付支出 31.8 亿元；
  7、固定数额补助支出 240.5 亿元；
  8、革命老区转移支付支出 1.3 亿元；
  9、民族地区转移支付支出 2.7 亿元；
  10、边境地区转移支付支出 31 亿元；
  11、贫困地区转移支付支出 49.6 亿元；
  12、一般公共服务共同财政事权转移支付支出 1 亿元；
  13、公共安全共同财政事权转移支付支出 20 亿元；
  14、教育共同财政事权转移支付支出 58 亿元；
  15、科学技术共同财政事权转移支付支出 0.4 亿元；
  16、文化旅游体育与传媒共同财政事权转移支付支出 8.7
亿元；
  17、社会保障和就业共同财政事权转移支付支出 506.7
亿元；
  18、医疗卫生共同财政事权转移支付支出 148.5 亿元；
  19、节能环保共同财政事权转移支付支出 44.3 亿元；
  20、农林水共同财政事权转移支付支出 545.4 亿元；
  21、交通运输共同财政事权转移支付支出 54.7 亿元；
  22、住房保障共同财政事权转移支付支出 30.3 亿元；
  23、粮油物资储备共同财政事权转移支付支出 0.1 亿元；
  24、灾害防治及应急管理共同财政事权转移支付支出 0.3
亿元；
  25、其他一般性转移支付支出 46.5 亿元。

              第 160 页
（二）专项转移支付支出 174 亿元。其中：
1、教育 5.9 亿元；
2、文化旅游体育与传媒 2.5 亿元；
3、社会保障和就业 4.4 亿元；
4、卫生健康 5.8 亿元；
5、节能环保 27.2 亿元；
6、城乡社区 3.8 亿元；
7、农林水 50.4 亿元；
8、交通运输 0.4 亿元；
9、资源勘探工业信息等 6.3 亿元；
10、商业服务业等 3.7 亿元；
11、住房保障 57.4 亿元；
12、粮油物资储备 0.7 亿元；
13、灾害防治及应急管理 2.9 亿元；
14、其他支出 2.6 亿元。
（三）返还性支出 184.5 亿元。其中：
1、所得税基数返还支出 14.8 亿元；
2、成品油税费改革税收返还支出 12.1 亿元；
3、增值税税收返还支出 71.4 亿元；
4、消费税税收返还支出 10.7 亿元；
5、增值税五五分享税收返还支出 66.8 亿元；
6、城镇土地使用税基数返还支出 8.7 亿元。



               第 161 页
3.5 关于 2021 年举借政府债务情况的说明


  2021 年国家核定我省新增政府债务限额 774 亿元，
                             其中：
一般债务限额 408 亿元（含政府债务外贷限额 0.3314 亿元），
专项债务限额 366 亿元。
  我省严格按照国家核定新增债务限额举借债务，2021 年
发行地方政府新增债券 762.7 亿元，其中：省级留用 74.8 亿
元，转贷市县 687.9 亿元，主要用于支持交通基础设施、市
政和产业园区基础设施、保障性安居工程、农林水利、生态
环保、社会事业等重大基础设施建设支出。
  2021 年末我省地方政府债务余额 6534.5 亿元（其中：
一般债务余额 4433.7 亿元，专项债务余额 2100.8 亿元），低
于国家核定我省债务限额 6673.6 亿元（其中：一般债务限额
4535.4 亿元，专项债务限额 2138.2 亿元）。




                 第 162 页
 3.6 关于 2021 年省本级“三公”经费支出
             情况的说明

  2021 年，省本级“三公”经费一般公共预算财政拨款（以
下简称“三公”经费）支出合计 30113 万元。其中，因公出国
（境）支出 207 万元，公务用车购置费支出 1794 万元，公
务用车运行维护费支出 25037 万元，公务接待费支出 3075
万元。
  与 2020 年决算对比，省本级“三公”经费支出增加 4943
万元。一是因公出国（境）支出减少 117 万元；二是林区公
安局更新执法执勤车辆，公务用车购置费增加 426 万元；三
是垦区公安系统由市县上划省级 10 个预算单位，公务用车
运行维护费支出增加 2307 万元；四是公务用车运行维护费
和接待费用 2020 年受疫情影响基数较低，2021 年执行数同
比增加 2360 万元，比 2019 年降低 1831 万元。剔除机构上
划省级以及 2020 年低基数因素后，2021 年省本级“三公”经
费一般公共预算财政拨款支出较 2020 年减少 0.1 亿元。
  与 2021 年年初预算对比，省本级“三公”经费支出减少
6811 万元。一是因公出国（境）支出减少 1403 万元；二是
公务用车购置费支出增加 1396 万元，主要是机构改革新增
黑龙江省公安厅垦区公安局共计 10 个预算单位，增加公务
用车购置；三是公务用车运行维护费支出减少 5758 万元；
四是公务接待费支出减少 1046 万元。

               第 163 页
     3.7 关于 2021 年预算绩效工作
          开展情况的说明

  现将我省 2021 年预算绩效评价工作开展情况说明如下：
  一、夯实基础工作
  一是加强制度建设。制发了《黑龙江省省级项目支出部
门评价和财政评价工作操作规范（试行）
                 》《黑龙江省省级项
目支出绩效自评价工作操作规范（试行）
                 》，明确自评价和重
点评价的主体、程序、方法等，同时提供相关指标框架、报
告模板作为参考，为推进绩效评价工作规范化、模板化提供
了遵循。二是加强第三方机构管理。对全省第三方绩效评价
机构进行了调查摸底，开展了“预算绩效评价第三方机构信
用管理平台”建设相关工作，已有 194 家第三方机构在信用
管理平台注册登记，102 家第三方机构正式通过审核并在信
用管理平台公示，基本建立省市县共用的预算绩效评价第三
方机构库。
  二、组织开展绩效自评价
  一是开展扶贫项目资金绩效自评价。组织有关市县对
2020 年度扶贫项目资金监控平台上的 2007 个项目、65.96 亿
元资金开展自评价，覆盖面达 100%。二是组织主管部门和
市县对 74 个中央对地方转移支付开展绩效自评价。三是组
织省级部门预算项目和部门整体支出自评价。对纳入绩效管
理的 2020 年度部门预算项目（专项）支出和部门整体支出

               第 164 页
开展自评价，省级部门自评价项目 6916 个，资金额度 422.75
亿元；144 个省级预算部门开展了部门整体支出绩效自评。
四是开展自评价结果抽查。对 15 个部门的 20 个一级项目、
27 个子项目自评价结果开展抽查，促进提高自评价质量。
  三、组织开展部门评价
  采取财政指定项目和部门自选项目相结合的形式，压实
主管部门绩效管理责任，发挥部门评价对自评价结果的验证
和督促主管部门应用结果的作用，积极推进部门评价开展。
2020 年度部门评价预算项目 751 个，资金额度 163.84 亿元，
占自评价资金规模的 38.76%。
  四、组织开展重点项目和部门整体支出财政评价
  积极实施财政评价，评价湿地保护项目专项资金、气象
事业发展经费和医疗服务能力提升项目专项资金等 20 个省
级重点项目，部门整体支出 2 个（省统计局和省民宗委），
涉及 17 个预算部门和单位，评价资金 10.35 亿元。




               第 165 页
      3.8   2021 年重大政策和重点项目
                绩效执行结果

     一、基本情况
     2021 年，省财政厅克服疫情困难，选择 20 个省级专项
（政策）支出和 2 个部门整体支出开展财政评价，评价资金
10.35 亿元。所评价财政支出中，包括政府专项债项目 3 个，
政府购买服务项目 1 个，部门预算整体支出绩效评价 2 个。
     二、评价中发现的问题
     评价中发现的主要问题有四方面：一是绩效目标编制不
够科学合理，存在缺少关键指标、指标值设定不准确、表述
不清晰以及无法衡量等问题。二是部分项目预算执行进度较
慢，存在低于序时进度问题。三是绩效管理质量有待提高，
存在相关工作资料积累和保存不完整、自评价等工作质量不
高等问题。四是个别项目管理制度不完善。
     三、评价结果情况
              2021 年财政评价结果表

序号            资金（项目）名称        评价资金       评价等级

 1    医师规范化培训资金               8,964.47    优

 2    办公用房大中修项目资金             1,299.49    良

 3    公共机构节能专项资金               697.35     良

 4    信访积案化解专项经费               900.00     良


                   第 166 页
5    省市场监督管理局监督抽查经费             1,100.00   良

6    省营商环境局媒体宣传费                 528.00    良

7    森林植被恢复资金                  14,772.05   优

8    湿地保护资金                     1,200.00   良

9    防火物资储备资金                    500.00    优

10   飞行费                        1,400.00   优

11   生态效益补偿资金                   1,800.00   优

12   法治频道及法治节目工作经费（政府购买服务）      1,300.00   优

13   中医药大学新建学生公寓建设项目（专项债）       3,500.00   优

     2020 年省眼病防治所医疗服务能力提升项目
14                              2,600.00   优
     （专项债）
     2021 年省眼病防治所医疗服务能力提升项目
15                              6,400.00   优
     （专项债）

16   省委宣传部党报党刊发行经费              1,800.00   优

17   省气象局气象事业发展经费               2,673.17   优

18   煤矿安全补助资金                  10,000.00   中
     农田水利专项资金
19                             19,700.00   良
     （省水利厅项目资金）
20   省重大科技专项资金                 11,608.00   良

21   省统计局部门整体支出                 8,221.90   优

22   省民宗委部门整体支出                 2,519.43   优

合计               ——           103,483.86   ——




                  第 167 页
     重点项目绩效评价报告索引

1.2020-2021 年黑龙江省产业发展专项资金
 绩效评价报告
2.2020 年省“百千万”工程科技重大专项项
 目资金绩效评价报告
3.2020 年省级财政水利专项资金绩效评价报告
4.2020 年省医师规范化培训资金绩效评价报告
5.2020 年防火物资储备资金绩效评价报告




              第 168 页
    2020-2021 年黑龙江省产业发展
        专项资金绩效评价报告

  为强化预算管理责任，提高财政资金使用效益，根据《项
目支出绩效评价管理办法》
           （财预〔2020〕10 号）
                        、《黑龙江
省 2021 年预算绩效管理提质增效行动方案》
                      （黑财预〔2021〕
28 号）等有关规定和要求，省财政厅对 2020-2021 年省级产
业发展专项资金进行了绩效评价。
  一、绩效评价工作组织情况
  （一）明确绩效评价对象和内容。本次绩效评价对象为
省工信厅、省科技厅、省商务厅、省通信管理局、省知识产
权局、省委军民融合办等部门分别管理的 2020-2021 年省级
产业发展专项资金，涉及财政资金 48 亿元，政策项目 36 个。
评价内容主要包括四个方面：一是决策环节，专项资金立项
决策充分性和规范性，绩效目标设立的合理性以及预算编制
科学性、资金分配合理性；二是过程环节，专项资金在项目
申报、评审、审批、拨付等各个环节制度完善和资金使用规
范情况；三是产出环节，专项资金总体产出是否符合省委、
省政府重大决策部署，是否按既定时间履行报审、拨付等程
序；四是效益环节，专项资金具体目标任务实现情况，市场
主体的满意度。

  （二）确定重点评价范围。坚持全面评价、重点突出的

              第 169 页
原则，在省直相关部门开展自评价的基础上，兼顾资金支持
领域、预算安排规模等因素选择重点评价政策资金，最终确
定对省工信厅、省科技厅负责管理的产业发展资金进行重点
评价，涉及资金 33.5 亿元，占资金总额的 69.8%。同时，在
具体评价样本的选择上，重点选择哈尔滨、齐齐哈尔、大庆
等地市场主体，共选择市场主体样本 400 个。
   （三）组织开展绩效评价。组织开展业务培训，全面了
解省级产业结构调整资金政策背景，统一报表、工作流程和
工作标准；深入省直相关部门现场评价，主要采取座谈交流、
查阅资料等方式，全面了解具体项目资金申报、实施、管理
等有关情况；结合我省疫情防控实际，通过发放问卷调查的
方式，充分收集市场主体意见建议，最终进行综合分析和量
化打分，形成整体评价结论。
   二、专项资金使用情况
   2020 至 2021 年，省本级预算共安排产业发展专项资金
562790 万元（2020 年 268694 万元，2021 年 294096 万元），
实际支出 485184 万元（2020 年 225283 万元，2021 年 259901
  ，整体资金使用率 86%。2020-2021 年省级产业结构调
万元）
整资金安排及使用情况如表 1 所示。
      表 1：2020-2021 年省级产业发展专项资金基本情况
                                                                单位：万元
         预算安排金额             实际支出金额              结余金额            资金使用率
 部门
         2020      2021     2020     2021     2020     2021     2020   2021

省工信厅    122,537   118,261   92,733   98,712   29,804   19,549   76%    83%



                             第 170 页
省通信管理局   13,763    16,500    13,763    12,082      0       4,418     100%    73%

省军民融合办    8,250     5,000     7,205     4,833    1,045      167      87%     97%

省财政厅     16,000    16,000    16,000    16,000      0            0    100%    100%

省科技厅     65,250    89,600    58,734    84,596    6,516     5,004     90%     94%

省知识产权局    2,700     2,000     1,319     1,980    1,381          21   49%     99%

省文旅厅     30,000    28,700    26,727    28,700    3,273          0    89%     100%

省商务厅      7,633    15,438     7,633    11,306      0       4,132     100%    73%

省贸促会      2,561     2,597     1,169     1,692    1,392      905      46%     65%

 小计      268,694   294,096   225,283   259,901   43,411    34,196    84%     88%

 总计          562,790             485,184               77,607              86%


   目前，共有省工信厅、省通信管理局、省科技厅、省财
政厅、省文旅厅、省商务厅、省贸促会、省知识产权局、省
委军民融合办等 9 家省直部门共同使用省级产业发展专项资
金。一是从省直各部门资金管理使用规模上看，省工信厅、
省科技厅、省文旅厅管理使用资金规模占资金实际支出总规
模的前三位，占比分别达到 39%、30%、11%。省贸促会、
省知识产权局、省委军民融合办等省直部门管理使用资金规
模占比较低，处于后三位。省直各部门实际管理使用资金情
况如图 1 所示。
       图 1：2020-2021 年省直各部门实际使用资金情况图




                               第 171 页
     二是从省级产业发展专项资金支持方向来看，涵盖扩大
生产、技术改造、平台建设、科技创新、成果转化、企业培
育、产权保护、军民融合、金融支撑、商贸流通等 36 个具
体政策支出方向。三是按照省级产业发展专项资金支持方式
来看，综合采用了贷款贴息、认定奖励、据实结算、直接投
入等多种方式；兑现政策的主要依据有新增固定资产投资规
模、银行贷款额度、新增设备投资规模、主营业务收入、上
缴税收额度、建设数量、用电量等指标实现情况以及权威机
构认定结果情况。2020-2021 年省产业发展专项资金支出方
向情况如表 2 所示。
          表 2：2020-2021 年省产业发展专项资金支出方向情况表
                                                             单位：万元

序号   部门     政策名称     额度      项目数     序号   部门     政策名称     额度      项目数

           流动资金贷款贴                              企业研发投入后
1                    35781     98    20                   37207    963
              息                                   补助
           新增规上工业企                              省科技创新基地
2                    55500    1111   21                   12650    175
             业奖励                                  后补助
           企业技术中心认                              孵化器和众创空
3                    2040      68    22                   3920     62
             定奖励                                  间后补助
           首台（套）创新                              省技术交易补助
4                    13846     86    23                   4109     105
           产品认定奖励                                 奖励
           重点领域首台套
                                                省级技术转移示
5          创新产品保险补   897       8     24                   1000      7
                                                 范机构奖励
              偿                           省科技
     省工                                    厅
           企业技术改造投                              省重大及重点成
6    信厅              8521      63    25                   21596    28
             资补助                                果转化项目扶持
           数字化（智能）                              高新技术企业培
7                    16000     80    26                   53852    2681
             车间奖励                                 育资金
           重点工业投产项                              省重点研发计划
8                    33856     36    27                   4444     51
            目贴息补助                                 资金
           企业节能技术改
9                    3700      37    28         科技创新券     2152     510
             造奖励
           企业发行直接融                              省工研院补助资
10                   2238      5     29                   2400      1
            资工具补贴                                  金
          企业上市（挂牌）                        省知识   知识产权专利技
11                   6600      14    30                   3299     854
             奖励                           产权局     术奖补


                               第 172 页
          加强标准体系建                        省文旅    文旅产业发展专
12                    2625    126   31                     55427     362
            设补助                           厅       项资金
          创业载体运营单
                                         省贸促
13        位、服务机构及     7120    119   32          绿色食品推广      2861     640
                                          会
          服务平台奖励
                                                对新认定“龙江老
14        “两化”融合奖励    1500    30    33                      1200      30
                                                字号”企业奖励
          国家重大专项省
15                    1221    12    34          促消费补助资金    10947     --
            级补助
                                         省商务
          大数据中心企业                        厅      支持口岸信息化
16   省通               9257    49    35                      582       4
            用电补贴                                  建设
     信管
     理局                                         支持直播电商等
17        5G 基站用电补贴   16588   4     36                      5868      31
                                                新经济发展资金
     省军
          支持军民融合产
18   民融               12038   78
           业发展奖补
     合办                                        合计          485184   8530
     省财   大庆汽车产业项
19                    32000   2
     政厅    目扶持资金


     三、整体评价情况
     （一）总体评价结论。经省直相关部门和财政部门综合
评价，在该专项资金 36 项支出方向中，90 分以上的有 16 项、
80-90 分的有 17 项、70-80 分的有 1 项、60-70 分的有 2 项。
根据单个支出方向资金规模占资金总规模的比例，结合单个
支出方向评价得分加权计算，该专项资金总体绩效评价得分
89.1 分，评价等级为“良”。
     绩效评价认为，省产业发展专项资金立项目标基本合理，
预算管理较为规范，产出效益基本实现了预期政策目标。在
工业振兴方面，累计安排资金 26.1 亿元，助力 2021 年全省
规上工业增加值增速达到 7.3%，超额完成 6%的年度目标，
两年平均增速 5.3%；规上企业总数突破 4200 户，接近历史
最好水平，高技术制造业增加值增长 9.5%；全省工业固定资
产投资同比增长 12.6%，技改投资同比增长 18.2%。在科技
创新方面，累计安排资金 14.7 亿元，2021 年我省 R&D 经费


                               第 173 页
内部支出 173.2 亿元，同比增长 18.2%，增幅位列全国第三
位，研发投入强度（R&D/GDP）1.26%，较上年提高了 0.18
个百分点；全省高新技术企业净增 806 家，同比增长 41.7%；
技术合同成交额实现 352.9 亿元，同比增长 32.8%；获国家
科技奖励 14 项，新增国家级科技创新平台 3 个。在商贸流
通方面，累计安排资金 2.2 亿元，支持发放政府消费券 2.24
亿元、拉动消费 37.2 亿元。2021 年全省社会消费品零售总
额实现 5542.89 亿元、同比增长 8.8%；支持绿博会、农产品
交易会、大米节等各类展会活动 16 个，认定并奖励 30 家“老
字号”企业。支持“单一窗口”暨跨境电商公共服务平台建设及
运营维护。在文旅产业方面，累计安排资金 5.5 亿元，支持
举办全省旅发大会 2 届、重点推进 71 个旅发大会项目建设，
完成投资 53.9 亿元，间接拉动投资 234 亿元；扶持文旅重点
项目 84 个，带动文旅产业项目投资 98.1 亿元；2021 年规模
以上文化企业达到 242 户，实现营业收入 118.3 亿元；支持
在央视播放黑龙江冬季旅游广告，支持省广播电台开展全省
旅游宣传及活动报道、短视频及旅游宣传活动。
  （二）指标分析。按照《黑龙江省省级项目支出部门评
价和财政评价工作操作规范（试行）》有关要求，结合产业
发展专项资金实际，制定了《省级产业发展专项资金（政策）
执行情况评价表》，设计了三级评价指标。省级产业发展资
金（政策）评价指标体系如表 3 所示。
     表 3：省级产业发展资金（政策）评价指标体系

               第 174 页
    一级指标     二级指标     三级指标                  指标值（评分标准）

                      设立依据     ①政策符合国家法律法规和政策；（1 分）
                      充分性      ②政策填补相关领域支持政策的空白，没有政策叠加或形成政策洼地。
             政策设立     （3 分）    （2 分）
             （6 分)    设立程序     ①政策按照规定的程序申请设立（履行评估、征求市场主体意见等）；
                      规范性      （2 分）
                      （3 分）    ②有省政府批复相关政策依据。（1 分）
                               ①政策绩效目标与实际工作内容紧密相关；（0.5 分）
                      绩效目标
     决策      绩效目标              ②政策预期产出效益和效果符合正常业绩水平；（0.5 分）
                      合理性
    （15 分）    (3 分)            ③与预算确定的政策兑现资金量相匹配；（1 分）
                      （3 分）
                               ④绩效目标通过清晰、可衡量的指标值予以体现。（1 分）
                      预算编制
                               ①预算编制经过科学测算；（2 分）
                      科学性
                               ②预算内容与项目内容匹配，资金与政策相匹配。（1 分）
             资金投入     （3 分）
             （6 分）    资金分配
                               ①预算资金分配依据充分；（1 分）
                      合理性
                               ②资金分配额度合理,与项目单位实际相适应。（2 分）
                      （3 分）
绩
                               ①制定或具有相应的实施细则；（4 分）
效                     管理制度
             资金管理              ②财务和业务管理制度合法、合规、完整；（3 分）
指                      健全性
             （20 分）            ③资金到位及时；（3 分）
标                     （20 分）
                               ④预算执行率≥80%。（10 分）
     过程
    （25 分）                     ①符合国家财经法规和财务管理制度以及有关专项资金管理办法的规
                      资金使用     定；（2 分）
             组织实施
                      合规性      ②资金的拨付有完整的审批程序和手续；（1 分）
              (5 分)
                      （5 分）    ③符合项目预算批复或合同规定的用途；（1 分）
                               ④不存在截留、挤占、挪用、虚列支出等情况。（1 分）
                      政策与省
             政策导向              政策符合当前我省发展实际需要，支持方向符合省委、省政府重大决策
                      情契合度
             （15 分）            部署和确定的发展目标。
     产出               （15 分）
    （25 分）            项目完成
             产出实效
                       及时性     项目完成及时，按照既定时间履行报审、拨付、使用等程序。
             （10）
                      （10 分）
                      目标任务
             政策效果              政策效果达到预期，支持了相关行业领域和企业发展，对于工业转型、
                      实现情况
             （15 分）            科技创新、民营经济、数字经济发展等各领域发挥了强劲动力。
     效益               （15 分）
    （35 分）            服务对象     ①政策受益主体认为政策合理，对于企业发展有较大帮助；（10 分）
             主体意见
                       满意度     ②政策受益主体认为政策门槛设置合理，支持力度符合实际需求，兑现
             （20 分）
                      （20 分）   流程便捷。（10 分）


      一级指标综合评价得分率如图 2 所示，经统计分析，省
级产业发展资金在“决策”和“过程”方面表现较好，得分率分
别为 99%和 94.6%；“产出”和“效益”方面表现次之，得分率
分别为 85.2%和 83.57%。
                      图 2：一级指标综合评价得分率




                      图 2：一级指标综合评价得分率


                                  第 175 页
  二级指标综合评价得分率如图 3 所示，对于“产出”和“效
益”方面的 4 个二级指标，经统计分析，影响评分的主要是“产
出实效”和“主体意见”两项指标，得分率分别为 79.4%和
79.8%。可以看出，部分政策没有按照既定时间履行报审、
拨付、使用等程序，政策兑现不及时。服务对象对部分政策
满意度不高，与企业调查问卷反馈情况一致，企业反映部分
政策补助标准不高，申报程序较为繁琐，部分领域缺乏政策
支持，影响政策获得感。
        图 3：二级指标综合评价得分率




  四、绩效评价发现的问题
  通过绩效评价发现，省级产业发展专项资金在政策设立、
使用管理、产出效果方面还存在一些不容忽视的问题。
  （一）资金覆盖范围广、支持重点不突出，与目前产业
发展形势契合度不够。目前我省产业发展的政策框架，是

              第 176 页
2016 年省委、省政府出台关于支持民营经济发展的意见后陆
续建立起来的政策体系，其中部分政策措施可以上溯至“十二
五”时期，其支持重点为以传统制造业为主的工业企业。在特
定的时期内，上述政策措施为助推我省产业发展壮大、引领
产业转型升级提供了有力保障。但随着新一轮科技革命和产
业变革的不断深化，现有政策体系与目前产业发展形势出现
偏差，导致新兴领域缺乏政策支撑。比如，省工信厅负责的
15 项支出全部为普惠性政策，缺乏对重点行业和领域的特惠
性政策措施。特别是在当前数字经济、生物经济等新兴经济
快速发展的形势下，迫切需要优化政策体系、调整资源配置，
聚焦支持重点，推动我省传统产业优化升级，加快新旧动能
转换，培育新的经济增长点。
  （二）角色定位不准确、政府包打天下，财政资金“四两
拨千斤”撬动作用发挥不够。通过绩效评价发现，我省现行产
业发展政策在“两个关系”的把握上，仍然不同程度地存在偏
差。一是政府与市场关系。党的十八届三中全会提出使市场
在资源配置中起决定性作用和更好发挥政府作用，这为新时
期调整完善产业发展政策提供了基本遵循。但在实际政策制
定过程中，仍然习惯于财政资金“包打天下”“唱独角戏”，热
衷于政府直接投入，对于发挥财政资金“四两拨千斤”作用，
引导金融和社会资本投入缺乏政策设计，政策工具箱过于单
一。此次评价的 36 项支出政策，仅有流动资金贷款贴息、
重点投产项目贴息、企业上市（挂牌）和直接融资奖励政策

            第 177 页
等 4 项政策，实现了财政与金融和社会资本的联动。二是省
级与市县政府关系。按照事权划分，支持产业发展属于省级
和市县共同事权，共同承担支出责任。由于产业发展的收益
大部分体现在市县，市县政府应承担主要支出责任。此次评
价的 36 项支出政策，除企业研发投入后补助政策明确省级
与市县各承担 50%外，其余 35 项政策全部明确为省级支出
责任，事权与支出责任倒挂。
  （三）资金支持方式不灵活、发力点靠后，对项目建设
期事前引导投入不足。绩效评价发现，我省产业发展专项资
金多采取据实结算、认定奖励和直接投入等事后补助的支持
方式。据统计，省工信厅负责的 15 项支出政策中，有 10 项
采取事后补助方式，占比达到 66.7%；省科技厅负责的 10
项支出政策中，有 8 项采取事后补助方式，占比达到 80%。
大量的资金采用事后补助的形式对产业项目进行支持。经问
卷调查了解，企业在前期研发、建设阶段资金压力较大，部
分项目政府支持资金到位时，企业已使用自筹资金垫付了前
期建设费用，甚至已全部完成项目建设，由于政策发力点靠
后，财政资金对项目单位未能发挥“雪中送炭”和“及时雨”的
作用，在一定程度上影响了政策扶持效果。
  （四）政策多点发力、重点环节支持力度不足，财政资
金“虹吸效应”发挥有限。绩效评价发现，部分产业政策之间
支持环节缺乏统筹衔接，导致政策资金碎片化。一方面，对
同一政策目标，支持环节上既有目标导向，又有过程导向、

             第 178 页
结果导向，多点发力、重复支持。比如在支持企业技术改造
方面，既对改造过程进行支持（企业技术改造投资补助政策），
又对改造后的结果进行奖励（数字化车间奖励政策）
                      ，既“补
过程”又“补结果”，造成重复补贴。另一方面，受预算规模限
制等多重因素影响，部分产业政策支持力度不足，覆盖范围
有限，政策缺乏比较优势。比如省科技厅负责的技术交易补
助政策，在政策设计时主要考虑鼓励企业积极购买和应用省
内外科技成果，因此只明确对技术交易的买方主体给予一定
比例补助，在实际执行中由于政策支持对象没有覆盖到卖方
主体，造成我省部分高校和科研院所在省内实施科技成果转
化的动力不足，很多优秀科技成果都流失到了省外，政策扶
持效果大打折扣。
  五、评价建议
  按照省委、省政府关于产业发展的最新部署，结合绩效
评价发现的问题，就加强产业发展专项资金使用管理，提出
如下工作建议：
  （一）强化规划引领、加强顶层设计。发达地区先进经
验证明，产业要发展，必须要有科学的规划引领。目前在产
业规划方面，我省已制定或正在制定生物、数字、通用航空、
创意设计、冰雪、文化旅游、新能源汽车等方面产业发展规
划。为确保相关规划顺利落地，建议在产业发展专项资金现
有规模下，加强产业政策顶层设计，按照“1+N”的体系框架，
在突出政策系统性和整体覆盖面的同时，结合不同产业特点，

            第 179 页
突出聚焦重点领域重点行业重点企业分类施策、精准发力。
  （二）统筹配置资源、形成工作合力。一方面，对现行
的产业政策进行调整完善，建议根据绩效评价结果，该保留
的保留，该取消的取消，该调整规模的调整规模，将调整出
来的资金集中用于支持数字经济、生物经济等产业发展的重
点领域和科技创新、成果转化等关键环节；另一方面，现有
的招商引资、人才、教育、园区建设、金融等方面政策资金，
也对产业项目的不同环节进行支持，建议强化部门间的协同
配合和信息共享，及时掌握企业和项目信息，简化项目审核
审批流程，科学安排资金投入，合力推进重点产业快速发展。
  （三）注重事前引导、完善支持方式。继续加强对产业
发展专项资金扶持政策的研究，针对不同产业项目特点，调
整优化现有的产业项目支持方式，积极探索运用贷款贴息、
股权投资等事前扶持方式，突出建设期的“雪中送炭”并与经
济社会效益挂钩，实现充分发挥财政资金的吸引撬动作用和
培育财源增长点的作用。同时，建议充分发挥现有政府性投
资基金、政府性融资担保机构以及再担保平台的作用，探索
通过注入资本金、保费补贴、风险补偿、跟进投资等方式，
促进财政与金融和社会资本融合，切实发挥财政资金的吸引、
带动和放大作用。
  （四）对标先进水平、优化政策供给。深入贯彻跳起摸
高思想，对标各领域全国平均水平，全面梳理现行产业发展
各项支持措施，确保在政策准入门槛、补助标准等方面优于

           第 180 页
或与全国平均水平相当，进一步提升政策含金量。依托数字
龙江建设，积极打通省直各业务部门之间数据壁垒，探索以
工商、税务、信用、安监等信息为基础，综合运用大数据手
段，实行“政策找企、免申即享”，提升产业政策惠企便利度，
进一步增强市场主体满意度和获得感。
  （五）加强绩效管理，提升政策效能。加强产业发展政
策资金事前、事中、事后全程绩效管理，着力提升财政资源
配置效率和财政资金使用效益；在事前政策制定环节，坚持
问需于企，从“政府端菜”向“企业点菜”转变，增强政策供给
匹配度，让政策更接地气；在事中政策宣传和执行环节，及
时公开政策内容、简化兑现流程，使市场主体畅快享受政策
红利；在事后评价环节，建立产业发展政策资金动态调整机
制，该退出的及时退出、该调整的及时调整，进一步提升产
业发展政策综合效能。




             第 181 页
       2020 年省“百千万”工程
  科技重大专项项目资金绩效评价报告

  为强化预算管理责任，提高财政资金使用效益，根据《项
目支出绩效评价管理办法》
           （财预〔2020〕10 号）
                        、《黑龙江
省 2021 年预算绩效管理提质增效行动方案》
                      （黑财预〔2021〕
28 号）等有关规定和要求，省财政厅对 2020 年省“百千万”
工程科技重大专项项目资金（以下简称“专项”）进行了绩效
评价。
  一、基本情况
  （一）专项概况
  1.背景和内容。按照黑龙江省委十二届五次全会部署，
为充分发挥科技重大专项对省产业发展的培育与支撑带动
作用，计划围绕装备、能源化工、食品、新材料、生物医药
及医疗器械、新一代信息技术、种业及农机装备 7 大领域，
部署实施 17 项科技重大专项，解决重点产业发展中“卡脖子”
关键共性技术问题。整合科技创新资源，加强产学研攻关，
到 2025 年，突破一批产业转型升级的瓶颈技术，解决一批
产业发展的实际问题，研究开发一批新产品，发展壮大一批
重点企业。形成若干服务支撑重点产业发展，指向清晰、任
务明确的创新平台和研发团队，提升科技创新对百亿级企业、
千亿级产业和万亿产业集群发展的可持续支撑能力。2020 年

              第 182 页
立项 22 个项目，省财政资金预算 11608 万元，项目执行期 3
年（2020 年 10 月 31 日-2023 年 10 月 31 日）
                                   。
   2.专项组织管理。根据《黑龙江省科学技术厅黑龙江省
财政厅关于印发<黑龙江省科技重大专项管理暂行办法>的
通知》（黑科规〔2020〕2 号），重大专项由省科技厅和省财
政厅共同管理，省科技厅是重大专项的牵头组织部门，省财
政厅参与研究制订重大专项管理制度，审核重大专项年度预
算，预算草案经省人民代表大会批复后，按计划拨付项目资
金，指导预算绩效管理和监督工作。项目推荐单位是各市（地）
科技主管部门、中省直行业主管部门。专家组是项目管理的
决策咨询机构，由相关领域技术、行业管理及财务专家组成。
项目承担单位是项目申请和实施的主体。项目负责人是项目
实施任务的具体承担者与组织者。实施专项的组织管理程序：
一是指南谋划，调研产业重大技术需求，组织专家根据《省
“百千万”工程科技重大专项支撑行动计划》谋划编制项目申
报指南；二是项目申报，发布申报通知和指南，明确项目申
报条件，依托科技创新服务平台组织申报项目；三是审查评
审，按照《企业申报省级科技计划项目相关条件界定》对申
报项目进行形式审查，按照指南相符情况组织业务审查，按
照工作流程和评审规则组织专家评审和行业主管部门综合
复审，按照“目标相关性、政策相符性和经济合理性”三性原
则组织资金预算评审；四是会议审定，根据评审结果形成立

                    第 183 页
 项计划和资金安排意见，经厅务会、厅党组会审议后，由省
 科技厅在门户网站公示 5 个工作日；五是会签报批，公示无
 异议后，省科技厅会同省财政厅向省政府呈报立项计划和资
 金安排意见；六是组织实施，待省政府批复后，省科技厅下
 达支持计划，省财政厅按程序拨付省级资助资金，省科技厅
 组织签订合同和实施。
     3.资金投入和使用情况
           表 省“百千万”工程科技重大专项项目资金使用情况
                                           预算数  执行数
        项目名称                     申报单位
                                           （万元） （万元）
松辽盆地北部古龙页岩油成藏条件及甜点
                       大庆油田有限责任公司勘探开发研究院    650   650
分布规律研究
高端智能焊接装备及焊接材料技术开发      哈尔滨焊接研究院有限公司         430   430

基于 5G 通讯的智能机床开发        齐重数控装备股份有限公司         450   450

高精度高强度铝合金航空器尾轴管的研制
                       哈尔滨东安机电制造有限责任公司      420   420
及产业化
基于形貌跟踪技术的大型膜式水冷壁熔敷
                       哈尔滨科能熔敷科技有限公司        450   450
工艺及设备研制
高品质无缝钢管研发及应用           黑龙江建龙钢铁有限公司          520   520
航空航天领域高温钛合金关键技术研发及
                       航天海鹰（哈尔滨）钛业有限公司      450   450
应用
                       黑龙江省科学院智能制造研究所、东北
铝合金轻量化制造关键技术研发应用                            400   0
                       轻合金有限责任公司
1MW 级多用途新能源先进电动轮及驱动系   哈电发电设备国家工程研究中心有限公
                                            386   386
统研制                    司

农业生产智能管控服务平台开发与应用      黑龙江省七星农场             600   600

                       黑龙江广播电视台、黑龙江省旅游投资
智慧融媒及文旅大数据平台研发及应用                           608   608
                       集团有限公司

人工智能金融服务平台             哈尔滨哈银消费金融有限责任公司      480   480
华龙一号核电汽轮机组和关键设备研制      哈尔滨汽轮机厂有限责任公司        500   500
煤矿火灾防治与重大灾害监测监控关键技
                       黑龙江龙煤矿业控股集团有限责任公司    500   500
术开发
玉米蛋白粉主料发酵生产高蛋白功能饲料
                       谷实农牧集团股份有限公司         600   600
添加剂关键技术与产业化
乳制品关键配料及功能性配方产品研制与
                       黑龙江飞鹤乳业有限公司          500   500
产业化


                       第 184 页
                                             预算数  执行数
       项目名称                        申报单位
                                             （万元） （万元）
生鲜预制肉制品品质提升及加工关键技术
                         黑龙江大庄园肉业集团有限公司       671     671
研究
大豆生物制取油脂及蛋白制品关键技术集
                         九三粮油工业集团有限公司         600     600
成与示范
米制主食及休闲方便型食品加工关键技术
                         黑龙江省北大荒米业集团有限公司      593     593
研究与产业化
                         黑龙江省农业科学院、齐齐哈尔市富尔
优质抗逆水稻新品种选育                                   600     600
                         农艺有限公司
智能免耕高速精量玉米播种施肥机研发        德邦大为（佳木斯）农机有限公司      600     600

远程微创医疗手术机器人的研制           哈尔滨思哲睿智能医疗设备有限公司     600     600
                    合计                       11608   11208




    （二）专项绩效目标
    总体目标：2020 年 10 月 27 日《黑龙江省财政厅关于拨
 付 2020 年省“百千万”工程科技重大专项项目的通知》黑财教
 〔2020〕84 号文中下达的绩效目标：“整合科技创新资源，
 加强产学研协同创新，围绕装备、能源化工、食品、新材料、
 医疗器械、新一代信息技术、种业等领域，实施科技重大专
 项项目 20 个左右，瞄准部分重点产业发展中“卡脖子”技术问
 题进行研发攻关，形成一批新技术、发明专利、标准和新产
 品，培育壮大一批重点企业，带动产业主营业务收入有效提
 升。”
    年度阶段性绩效指标：“预计研发新技术 17 项，新产品
 25 项，申请或授权发明专利 36 项，推动企业新增业务收入
 20.8496 亿元。”
    二、绩效评价工作开展情况
    （一）绩效评价对象及目的

                         第 185 页
 1.绩效评价对象。绩效评价对象为省“百千万”工程科技
重大专项资金。
 2.绩效评价目的。开展本次绩效评价主要有三个目的。
一是对省“百千万”工程科技重大专项项目开展绩效评价，强
化预算单位绩效理念，提高财政资金使用效率，促进财政资
金规范、安全、有效使用；二是为指导预算编制、设定绩效
目标、优化财政支出结构、提升预算绩效管理工作的质量和
水平提供决策依据；三是通过绩效评价工作的开展，发现专
项实施过程中存在的问题，促进预算单位总结经验、发现问
题、改进工作，为预算单位科学决策、规范管理提供参考。
     （二）绩效评价原则与方法
     1.绩效评价原则
 （1）科学规范原则。本次绩效评价工作按照科学可行的
原则，采取定量与定性相结合的评价方法，制定合理、可行
的绩效评价指标体系，并组织实施绩效评价。
 （2）独立公正原则。以真实、客观、公正的要求完成绩
效评价工作，接受社会监督。
 （3）绩效相关原则。针对省“百千万”工程科技重大专项
项目的支出与产出绩效进行评价，评价结果反映支出与产出
绩效之间的紧密对应关系，适当延伸至专项的投入与过程管
理。
 （4）简便有效原则。通过科学合理的工作方式与方法，

                第 186 页
着力保障绩效评价工作本身讲求“绩效”。
  2.绩效评价方法
  全面评价和重点评价相结合，采用成本效益分析法、比
较分析法、因素分析法、公众评判法、文献法对专项进行评
价。在与专项主管单位充分沟通的基础上，对专项实施过程
中的问题进行总结、反思，切实加强财政资金管理的科学化、
规范化和精细化水平。
  （三）绩效评价思路及指标体系
  1.绩效评价思路
  一是专项目标和预算编制指标。通过分析计划内容与专
项目标、预算编制与计划数量和成本标准的匹配性，体现预
算绩效管理的重点。二是专项管理情况。重点考察专项过程
管理是否规范，专项执行是否与申报程序一致。三是专项效
益指标。体现专项的产出以及所产生的经济效益、社会效益
等效果。
  2.绩效评价指标
  专项绩效评价指标体系由一级指标、二级指标、三级指
标构成，总分值 100 分，数据主要来源于政策文件、管理办
法、统计基础数据、问卷调查等。具体情况详见附件 1。
  （1）专项决策：分值 15 分，从专项立项、专项目标、
资金投入三方面评价专项决策及投入情况。
  （2）专项过程：分值 25 分，从资金管理和组织实施两

             第 187 页
方面评价专项过程情况。
  （3）专项产出：分值 30 分，从产出数量、产出质量、
产出成本、产出时效四方面分析专项实际产出情况。
  （4）专项效益：分值 30 分，综合评价分析专项经济效
益、社会效益、可持续影响、服务对象满意度情况。
  （四）绩效评价工作过程
  1.前期准备阶段。成立绩效评价工作组，基础资料收集
与审核，制定绩效评价指标体系。
  2.组织实施阶段。结合被评价专项相关资料，通过案卷
评价与现场核实相结合的方式开展绩效评价。
  3.评价总结、撰写报告阶段。
  三、综合评价情况及评价结论
  （一）综合评价结论
  2020 年度省“百千万”工程科技重大专项资金绩效评价得
分 89.59 分，评价等级为“良”。具体得分情况详见表 1。
  总体看，该专项资金围绕高端装备、能源化工、食品加
工、新材料、生物医药、新一代信息技术、现代农业等领域，
瞄准部分重点产业发展中“卡脖子”技术问题，支持开展产学
研协同创新和技术攻关，在形成科技成果、带动产业发展等
方面发挥了积极作用。但通过评价也发现，专项资金存在预
算绩效目标不细化、预算编制科学性有待提升及项目管理制
度尚需完善等问题，需要进一步有针对性加强项目和资金管

              第 188 页
理，提升资金使用效益。
           表 1：绩效评价得分表
    指标        分值         评分      得分率

   专项决策       15         10.50   70.00%

   专项过程       25         22.90   91.60%

   专项产出       30         26.60   88.67%

   专项效益       30         29.59   98.63%

    合计        100        89.59   89.59%



  （二）综合评价意见
  1.项目决策。项目立项依据充分、程序规范；绩效目标
与项目内容具备相关性且符合正常的业绩水平，但不够细化。
  2.项目过程。资金管理制度健全，资金使用合规，未发
现挤占截留、虚列支出等现象；组织机构健全，按要求组织
项目申报、项目评审、项目公示、项目调整、合同管理、项
目监督，整体执行情况良好。
  3.产出方面。2020 年支持 21 个高质量发展带动性强、覆
盖面广、关联度高的项目，新产品的完成率未能达到 100%，
新技术和新专利的完成情况较好。
  4.效益方面。带动企业新增业务收入、增加科技创新平
台、培育壮大科技型企业、培育科研人员及团队。
  四、绩效评价指标分析
  （一）专项决策情况
  专项决策主要从专项立项、专项目标、资金投入三方面


              第 189 页
予以考察。在专项立项方面，专项立项符合国家法律法规、
国民经济发展规划和相关政策，符合黑龙江省科技厅中长期
实施规划和部门年度工作计划，与项目实施单位业务领域相
符属于重大科技专项的支持范围，专项按照规定的程序申请
设立，审批文件、材料符合相关要求，事前经过专家论证；
在专项目标方面，专项绩效目标与实际工作内容具有一定的
相关性，但专项绩效目标不够细化量化，未能全面反映预期
产出情况，预算相关资料不齐全故无法判断绩效目标与专项
投资额或资金量匹配的情况；在资金投入方面，预算内容与
专项实施内容匹配，但未见具体项目预算额度测算依据，故
无法判断其是否按照标准编制，也无法判断预算确定的专项
投资额或资金量是否与工作任务相匹配，未见预算资金分配
依据故无法判断资金分配额度是否合理，与项目单位或地方
实际是否相适应。该部分分值 15 分，评价得分 10.50 分，得
分率 70%，具体情况详见表 2。
                  表 2：专项决策得分表
二级指标     三级指标     权重   得分     得分率            扣分要点

专项立项    立项依据充分性   3    3.00    100%            -
（5 分）
        立项程序规范性   2    2.00    100%            -
                                        预算相关资料不齐全故无法判断绩
                                        效目标与专项投资额或资金量匹配
        目标匹配合理性   2    1.00   50.00%
专项目标                                    的情况；专项绩效目标不够细化量
（5 分）                                   化，未能全面反映预期产出情况

        目标指标明确性   3    3.00   100.00%          -

资金投入                                    未见预算额度测算依据，故无法判
        预算编制科学性   3    1.50   50.00%
（5 分）                                   断其是否按照标准编制，也无法判



                       第 190 页
二级指标    三级指标     权重      得分      得分率           扣分要点

                                          断预算确定的专项投资额或资金量
                                            是否与工作任务相匹配
                                          未见预算资金分配依据，故无法判
       资金分配合理性   2       0.00      0%     断资金分配额度是否合理，与专项
                                           单位或地方实际是否相适应

  决策指标得分合计       15      10.50     70%           -


   （二）专项过程情况
   专项过程主要从资金管理、组织实施两方面予以考察。
经评议，在资金管理方面，资金到位率 100%，预算执行率
96.55%，2020 年立项 22 个项目，省财政资金预算 11608 万
元；当年实际一次性拨付 21 个项目 11208 万元，1 个项目未
拨付涉及资金 400 万。专项资金使用符合相关的财务管理制
度规定，拨付有完整的审批程序和手续，符合专项预算批复
和合同规定的用途，不存在截留、挤占、挪用、虚列支出等
情况；在组织实施方面，项目组织机构健全，人员分工明确，
具有相应的财务管理制度，但未见项目单位制定或具有可参
考的项目管理制度，包含质量管理、成本管理、风险管理、
进度管理、沟通管理方面的材料，故无法判断项目管理制度
合法、合规、完整，合同材料不齐全故无法判断其内容合理
性。该部分分值 25 分，评价得分 22.90 分，得分率 91.60%，
具体情况详见表 3。
                 表 3：专项过程得分表
二级指标     三级指标    权重       得分       得分率         扣分要点

资金管理    资金到位率        3    3.00     100%          -




                         第 191 页
二级指标      三级指标     权重     得分       得分率             扣分要点
（10 分）   预算执行率      3     2.90    96.67%       得分：11208/11608*3

         资金使用合规性    4     4.00     100%               -

                                           未见项目单位制定或具有可参考
                                           的项目管理制度，包含质量管理、
                                           成本管理、风险管理、进度管理、
         制度健全性      6     5.00    83.33%
组织实施                                       沟通管理方面的材料，故无法判
（15 分）                                     断项目管理制度合法、合规、完
                                           整
                                           合同材料不齐全故无法判断其内
         制度执行有效性    9     8.00    88.89%
                                                   容合理性
   过程指标得分合计        25     22.90   91.60%              -




    （三）专项产出情况
   专项产出主要从产出数量、产出质量、产出成本、产出
时效四方面予以考察。该项目年度目标为“新产品 25 个”，实
际完成 10 个，完成率 40%；“新技术 53 项”，分年度目标应
该是“新技术 17 项”，实际完成 20 项，完成率 100%；“新专
利 109 个”，分年度目标应该是“新专利 36 个”，实际完成 40
个，完成率 100%；由黑龙江省科学院智能制造研究所申报
的“铝合金轻量化制造关键技术研发应用”项目，因疫情国外
合作单位无法来华开展工作，已由项目承担单位按照《黑龙
江省科技计划（专项、基金等）项目终止工作规程》申请项
目终止具体情况，该部分分值 30 分，评价得分 26.60 分，得
分率 88.67%，具体情况详见表 4。
                   表 4：专项产出得分表
二级指标      三级指标      权重     得分      得分率              扣分要点




                         第 192 页
二级指标       三级指标      权重    得分       得分率          扣分要点

         新产品研发完成率    4      1.60     40%        40%*4 分=1.6

产出数量     新技术研发完成率    4      4.00    100%             -
（12 分）

         获得新专利完成率    4      4.00    100%             -

         新产品研发质量达标
                     4      4.00    100%             -
            率
产出质量
（12 分）   新技术研发合格率    4      4.00    100%             -

         获得新专利合格率    4      4.00    100%             -
产出成本                                                 -
           成本节约率     3      3.00    100%
（3 分）
                                             由黑龙江省科学院智能制造研
                                             究所申报的“铝合金轻量化制
                                             造关键技术研发应用”项目，因
产出时效                                         疫情国外合作单位无法来华开
           完成及时率     3      2.00    66.67%
（3 分）                                        展工作，已由项目承担单位按
                                             照《黑龙江省科技计划（专项、
                                             基金等）项目终止工作规程》
                                                申请项目终止

    产出指标得分合计         30    26.60    88.67%           -


    （四）专项效果情况
    专项效益主要从经济效益、社会效益、可持续影响、服
务对象满意度四方面予以考察。经济效益方面，该项目年度
目标为“带动企业新增业务收入 20.8496 亿”，实际完成“20 亿”，
完成率 95.93%；社会效益方面，专项培育壮大相关科技企业
10 个，新增科技创新平台 12 个；可持续影响方面，培育科
研人员 221 人，形成了若干服务支撑重点产业发展，指向清
晰、任务明确的创新平台和研发团队；满意度方面，项目管
理工作服务满意度 97.8%。该部分分值 30 分，评价得分 29.59
分，得分率 98.63%，具体详见表 5。

                          第 193 页
                     表 5：专项效益得分表
  二级指标          三级指标        权重     得分      得分率          扣分要点

经济效益（10 分）   带动企业新增业务收入      10    9.59    95.90%   95.93%*10 分=9.59

              增加科技创新平台       5     5.00    100%            -
社会效益（10 分）
              培育壮大科技型企业      5     5.00    100%            -

可持续影响（5 分）    培育科研人员及团队      5     5.00    100%            -

服务对象满意度
              项目承担单位满意度      5     5.00    100%
  （5 分）

          效果指标得分合计           30    29.59   98.63%          -


    五、总体成果
    总体看，该项目实施取得了一定成效。新产品开发进展
顺利，黑龙江飞鹤乳业有限公司、黑龙江省七星农场等单位，
开发乳铁蛋白产品、大田原位的寒地水稻性状信息采集系统
和水稻生产管控服务平台等新产品 10 个，部分新产品已实
现上市销售。新技术培育持续加强，九三粮油工业集团有限
公司、黑龙江大庄园肉业集团有限公司、谷实农牧集团股份
有限公司等单位，围绕主打产品和市场需求，开发了功能性
风味油脂的工艺优化和设备选择、创制一体化智能高效腌制
技术、利用菌酶协同发酵技术等新技术 20 项，不断提高产
品科技含量。新专利数量不断增加，哈尔滨东安机电制造有
限责任公司、黑龙江建龙钢铁有限公司、黑龙江省农业科学
院和齐齐哈尔市富尔农艺有限公司、德邦大为（佳木斯）农
机有限公司等单位在铝合金管材矫形和管材冷变形加工、特
殊抗腐蚀要求钢管、优异种质资源、气吸式精量玉米免耕播
种机等方面，获得专利 40 个，部分专利技术已应用生产并

                         第 194 页
为下游企业稳定供货。同时，通过重大专项项目实施，培育
科研队伍，形成了若干服务支撑重点产业发展、指向清晰、
任务明确的创新平台和研发团队。
     六、存在的问题及原因分析
     （一）预算绩效目标不细化。专项绩效目标不够细化、
量化，部分绩效目标不具备可衡量性，未体现新产品、新技
术、新专利的科技含量，以及带动企业新增业务收入的规模，
未能根据专项内容及产出分条表述，绩效目标的可考核性较
差。
     （二）预算编制水平待提升。预算单位按照工作流程和
评审规则组织专家评审和行业主管部门综合复审，按照“目标
相关性、政策相符性和经济合理性”三性原则组织资金预算评
审，但评审会中对专项投资额或资金量是否与工作任务相匹
配、资金分配额度是否合理、与预算单位或地方实际是否相
适应等进行专门论证，预算编制科学性有待提高。
     （三）项目管理制度待完善。项目管理制度应包含质量
管理、成本管理、风险管理、进度管理、沟通管理等方面，
预算单位在信息化平台上可以跟进项目进度，但缺少项目管
理涉及的其他方面相关资料，故无法判断项目管理制度合法、
合规、完整。合同材料不齐全，也无法判断合同内容的合理
性。项目管理的整体水平有待提升。
     七、相关建议

              第 195 页
  （一）加强预算绩效管理。绩效目标应当与部门职责及
其事业发展规划相关，涵盖政策目标、支出方向等主体内容，
体现项目主要产出和核心效果，需细化、量化、可衡量。建
议预算单位分开设置实施期绩效目标和年度绩效目标，绩效
目标要符合客观实际，能够在一定期限内如期实现，应当从
数量、质量、时效、成本以及经济效益、社会效益、可持续
影响、满意度等方面进行细化，定量表述。同时，要加强绩
效目标和绩效指标的有机衔接，确保二者相互匹配、逻辑对
应、数据相互支撑。
  （二）提升预算编制水平。财政部对于预算编制的要求
是预算编制要经过科学论证，预算内容与项目内容匹配，预
算额度测算依据要充分，预算确定的专项投资额或资金量与
工作任务相匹配。预算单位在分配资金时进行过资金评审，
项目资金经过专家论证，需预算单位补充评审会中项目承接
单位提供的项目简介、申报书、可研报告、预算申报书、资
金匹配承诺书、诚信承诺书及合作协议等资料。预算单位应
加强项目预算编制水平，预算额度测算依据要保证充分，以
确保专项投资额与工作任务的匹配性。
  （三）完善项目管理制度。建议项目单位制定专项的实
施方案，实施方案包含工作内容、人员安排、进度管控、质
量管理、风险管理等方面。也可以制定项目管理制度，包含
质量管理、成本管理、风险管理、进度管理、沟通管理等方

            第 196 页
面。项目管理的意义在于合理安排项目进度，有效控制节约
项目成本，有效降低项目的不确定因素，可以尽早地发现项
目实施中的问题，对项目进行有效控制，降低项目延期风险，
已保证项目目标如期实现。
  八、需要说明的事项
 受疫情管控等因素制约，本次评价以案卷评价为主，现
场核实工作较难，加之部分指标量化和可衡量程度不够，一
定程度上依赖评价组职业判断。评价组本着尽可能公平、公
正、合理的原则，并结合问卷调查统计结果对相关指标进行
综合评价，评价结果有一定局限性。




  附件：1.绩效评价指标体系
     2.绩效评价评分表
     3.项目完成情况汇总表




              第 197 页
附件 1：绩效评价指标体系


                              省“百千万”工程科技重大专项绩效评价指标体系
一级指
         二级指标   三级指标   分值        指标解释                       评价标准及评分原则
 标

                                              评价要点：

                                              ①专项立项是否符合国家法律法规、国民经济发展规划和相关政策，满分 1

                                              分；
                            专项立项是否符合法律法规、相关
                立项依据                          ②专项立项是否符合黑龙江省科技厅中长期实施规划和部门年度工作计划，
                       3    政策、发展规划以及部门职责，用
                充分性                           满分 1 分；
                            以反映和考核专项立项依据情况。
                                              ③专项立项是否与项目实施单位业务领域相符属于重大科技专项的支持范

                                              围，满分 1 分；

         专项立项                                 ①-③专项中有 1 个不符合要求扣 0.3 分，直至每一项分数扣完为止。

 决策                                           评价要点：

(15 分)                                        ①专项是否按照规定的程序申请设立，满分 0.5 分；

                            专项申请、设立过程是否符合相关   ②审批文件、材料是否符合相关要求，满分 0.5 分；
                立项程序
                       2    要求，用以反映和考核专项立项的   ③事前是否已经过必要的可行性研究、专家论证、风险评估、绩效评估、集
                规范性
                                规范情况。         体决策，满分 1 分。

                                              ①-②专项中有 1 个不符合要求扣 0.1 分，直至每一项分数扣完为止；③专项

                                              中有 1 个不符合要求扣 0.3 分，直至分数扣完为止。




                                        第 198 页
一级指
      二级指标   三级指标   分值        指标解释                          评价标准及评分原则
 标

                                            评价要点：

                         专项所设定的绩效目标是否依据     ①专项是否有绩效目标，满分 0.5 分；

             绩效目标        充分，是否符合客观实际，用以反    ②专项绩效目标与实际工作内容是否具有相关性，满分 0.5 分；
                    2
             合理性         映和考核专项绩效目标与专项实     ③专项预期产出效益和效果是否符合正常的业绩水平，满分 0.5 分；

                            施的相符情况。         ④是否与预算确定的专项投资额或资金量相匹配，满分 0.5 分。

                                            ①-④符合则得分，否则扣除相应分值。

      绩效目标                                  评价要点：

                                            ①是否将专项绩效目标细化分解为具体的绩效指标，满分 1 分；有一个子目
                         依据绩效目标设定的绩效指标是
                                            标未细化扣 0.3 分，直至扣完 1 分为止；
             绩效指标        否清晰、细化、可衡量等，用以反
                    3                       ②是否通过清晰、可衡量的指标值予以体现，满分 1 分；有一个指标不可衡
             明确性         映和考核专项绩效目标的明细化
                                            量扣 0.3 分，直至扣完 1 分为止；
续上页                            情况。
                                            ③是否与专项目标任务数或计划数相对应，满分 1 分；有一个指标与专项目

                                            标任务数或计划数不对应扣 0.3 分，直至扣完 1 分为止。

                                            评价要点：

                         专项预算编制是否经过科学论证、    ①预算编制是否经过科学论证，满分 1 分；

             预算编制        有明确标准，资金额度与年度目标    ②预算内容与专项内容是否匹配，满分 0.5 分；
      资金投入          3
             科学性         是否相适应，用以反映和考核专项    ③预算额度测算依据是否充分，是否按照标准编制，满分 1 分；

                         预算编制的科学性、合理性情况。    ④预算确定的专项投资额或资金量是否与工作任务相匹配，满分 0.5 分。

                                            ①-④符合则得分，否则扣除相应分值。



                                      第 199 页
一级指
         二级指标   三级指标   分值        指标解释                         评价标准及评分原则
  标

                            专项预算资金分配是否有测算依    评价要点：

                资金分配        据，与补助单位或地方实际是否相   ①预算资金分配依据是否充分，满分 1 分；
                       2
                合理性         适应，用以反映和考核专项预算资   ②资金分配额度是否合理，与专项单位或地方实际是否相适应，满分 1 分。

                            金分配的科学性、合理性情况。    ①-②符合则得分，否则扣除相应分值。

                                              资金到位率=（实际到位资金/预算资金）×100%；
                            实际到位资金与预算资金的比率，
                资金到位                          得分=资金到位率×3 分。
                        3   用以反映和考核资金落实情况对
                 率                            实际到位资金：一定时期（本年度或专项期）内落实到具体专项的资金。
                             专项实施的总体保障程度。
                                              预算资金：一定时期（本年度或专项期）内预算安排到具体专项的资金。

                            专项预算资金是否按照计划执行，   预算执行率=（实际支出资金/实际到位资金）×100%；
                预算执行
                       3    用以反映或考核专项预算执行情    得分=预算执行率×3 分。
                 率
                                  况。          实际支出资金：一定时期（本年度或专项期）内专项实际拨付的资金。

         资金管理                                 评价要点：

                                              ①是否符合国家财经法规和财务管理制度以及有关专项资金管理办法的规

                                              定，满分 1 分；
                            专项资金使用是否符合相关的财
 过程             资金使用                          ②资金的拨付是否有完整的审批程序和手续，满分 1 分；
                       4    务管理制度规定，用以反映和考核
（25 分）          合规性                           ③是否符合专项预算批复或合同规定的用途，满分 1 分；
                             专项资金的规范运行情况。
                                              ④是否存在截留、挤占、挪用、虚列支出等情况，满分 1 分。

                                              ①-④专项中有 1 个不符合上述要求，扣 0.3 分；若存在截留、挤占、挪用、

                                              虚列支出等情况则本项指标不得分。



                                        第 200 页
一级指
      二级指标   三级指标   分值        指标解释                        评价标准及评分原则
 标

                                            评价要点：

                                            ①项目管理制度健全性：

                                            一是项目组织机构健全，人员分工明确，满分 1 分；

                         专项实施单位的财务和业务管理     二是项目单位制定或具有可参考的项目管理制度，包含质量管理、成本管理、

             管理制度        制度是否健全，用以反映和考核财    风险管理、进度管理、沟通管理，满分 1 分；
                    6
             健全性         务和业务管理制度对专项顺利实     三是项目管理制度合法、合规、完整，满分 1 分。

                            施的保障情况。         ②财务管理制度健全性：

                                            一是项目单位制定或具有相应的财务管理制度，满分 2 分；

                                            二是财务管理制度合法、合规、完整，满分 1 分；

      组织实施                                  ①-②符合则得分，否则扣除相应分值。

                                            评价要点：

                                            项目管理制度执行有效性：

                                            ①项目申报：项目涉及的申报程序合规、合法，满分 1 分；

                         专项实施是否符合相关管理规定，    ②项目评审：项目评审程序合规、合法，满分 1 分；
             制度执行
续上页                 9    用以反映和考核相关管理制度的     ③项目公示：经评审后确定的项目承接单位后进行公示，满分 1 分；
             有效性
                            有效执行情况。         ④项目调整：专项调整及支出调整手续是否完备，满分 1 分；

                                            ⑤合同管理：项目涉及的合同内容完整，双方职责明确，满分 1 分；

                                            ⑥项目监督，对项目的进度及执行情况进行监督检查。

                                            ⑦验收管理：项目验收符合相关规定，满分 1 分；



                                      第 201 页
一级指
         二级指标   三级指标   分值        指标解释                       评价标准及评分原则
 标

                                              ①-⑦专项中有 1 个不符合上述要求，扣 1 分。

                                              财务管理制度执行有效性：资金使用按照相关财务管理规定、核算规范进行

                                              支出，满分 2 分；发现一项不符合扣除 0.5 分，直至全部扣为 0 分。




                                              新产品研发实际完成率=（实际产出数/计划产出数）×100%。

产出                          新产品研发实际产出数与计划产    得分=新产品研发实际完成率×4 分。
                新产品研
(30 分)                 4    出数的比率，用以反映和考核专项   实际产出数：一定时期（本年度或专项期）内专项新产品研发的数量。
                发完成率
                            新产品研发目标的实现程度。     计划产出数：专项绩效目标确定的在一定时期（本年度或专项期）内计划新

                                              产品研发的数量。
         产出数量
                                              新技术研发实际完成率=（实际产出数/计划产出数）×100%。

                            新技术研发的实际产出数与计划    得分=新技术研发研发实际完成率×4 分。
                新技术研
                       4    产出数的比率，用以反映和考核专   实际产出数：一定时期（本年度或专项期）内专项实际新技术研发的数量。
                发完成率
                            项新技术研发目标的实现程度。    计划产出数：专项绩效目标确定的在一定时期（本年度或专项期）内计划新

                                              技术研发的数量。




                                        第 202 页
一级指
      二级指标   三级指标   分值        指标解释                      评价标准及评分原则
 标

                                           获得新专利实际完成率=（实际产出数/计划产出数）×100%。

                         获得新专利的实际产出数与计划    得分=获得新专利实际完成率×4 分。
             获得新专
                    4    产出数的比率，用以反映和考核专   实际产出数：一定时期（本年度或专项期）内专项实际新专利研发数量。
             利完成率
续上页                      项获得新专利目标的实现程度。    计划产出数：专项绩效目标确定的在一定时期（本年度或专项期）内计划新

                                           专利研发数量。

             新产品研        新产品研发质量达标产出数与实
                                           新产品研发质量达标率=（质量达标产出数/实际产出数）×100%。
             发质量达   4    际产出数的比率，用以反映和考核
                                           得分=新产品研发质量达标率×4 分。
             标率          专项产出质量目标的实现程度。

                         新技术研发的合格率产出数与实
             新技术研                          新技术研发合格率=（质量达标产出数/实际产出数）×100%。
                    4    际产出数的比率，用以反映和考核
      产出质量   发合格率                          得分=新技术研发合格率×4 分。
                         新技术研发质量目标的实现程度。

                          专获得新专利质量达标产出数

             获得新专        与实际产出数的比率，用以反映和   新专利合格率=（质量达标产出数/实际产出数）×100%。
                    4
             利合格率        考核获得新专利质量目标的实现    得分=新专利合格率×4 分。

                               程度。

             完成及时        项目整体进度是否与预期进度一    各个专项是否按合同或计划完成，按约定完成的得满分，专项中有一个比计
      产出时效          3
              率                 致          划月份晚 3 个月以上影响项目实施目标，扣 1 分，直至扣完为止。




                                     第 203 页
一级指
         二级指标   三级指标   分值        指标解释                       评价标准及评分原则
  标

续上页                                           成本节约率=[（计划成本-实际成本）/计划成本]×100%。

                                              实际成本：专项实施单位如期、保质、保量完成既定工作目标实际所耗费的
                            完成专项计划工作目标的实际节
                成本节约                          支出。
         产出成本          3    约成本与计划成本的比率，用以反
                 率                            计划成本：专项实施单位为完成工作目标计划安排的支出，一般以专项预算
                            映和考核专项的成本节约程度。
                                              为参考。

                                              专项中有一个成本节约率为负数，扣 0.5 分。

                带动企业
                            专项实施对企业新增业务收入的    带动企业新增业务收入完成率=[（计划金额-实际金额）/计划金额]×100%。
         经济效益   新增业务   10
                                  影响。         得分=带动企业新增业务收入完成率×10 分。
                收入

                增加科技                          带动新增科技创新平台完成率=[（计划个数-实际个数）/计划个数]×100%。
                       5    专项实施对科技创新平台的影响。
                创新平台                          得分=带动新增科技创新平台完成率×5 分。
 效益
         社会效益   培育壮大
（30 分）
                            专项实施对培育壮大科技型企业    带动培育壮大科技型企业完成率=[（计划个数-实际个数）/计划个数]×100%。
                科技型企   5
                                 的影响。         得分=带动培育壮大科技型企业完成率×5 分。
                 业

                培育科研
         可持续影               专项后续运行及成效对培育壮大    带动培育科研人员及团队完成率=[（计划人员-实际人员）/计划人员]×100%。
                人员及团   5
          响                  科研人员及团队的影响。      得分=带动培育科研人员及团队完成率×5 分。
                 队




                                        第 204 页
一级指
      二级指标   三级指标   分值      指标解释                       评价标准及评分原则
 标

      社会公众   项目承担

      或服务对   单位满意   5    项目承担单位的满意程度。    项目承担单位满意率≧85%，得分，每低 1 个百分点扣 1 分，最多扣 5 分。

      象满意度    度




                                   第 205 页
附件 2：绩效评价评分表
           省“百千万”工程科技重大专项绩效评价评分表
 一级指标       二级指标           三级指标     分值        评分

                         立项依据充分性     3        3.00
          专项立项（5 分）
                         立项程序规范性     2        2.00

  决策                     目标匹配合理性     2        1.00
          专项目标（5 分）
 （15 分）                  目标指标明确性     3        3.00

                         预算编制科学性     3        1.50
          资金投入（5 分）
                         资金分配合理性     2        0.00

                          资金到位率      3        3.00

          资金管理（10 分）      预算执行率      3        2.90
  管理
                         资金使用合规性     4        4.00
 （25 分）
                         管理制度健全性     6        5.00
          组织实施（15 分）
                         制度执行有效性     9        8.00

                        新产品研发完成率     4        1.60

          产出数量（12 分）    新技术研发完成率     4        4.00

                        获得新专利完成率     4        4.00

  产出                   新产品研发质量达标率    4        4.00

 （30 分）   产出质量（12 分）    新技术研发合格率     4        4.00

                        获得新专利合格率     4        4.00

          产出时效（3 分）       完成及时率      3        2.00

          产出成本（3 分）       成本节约率      3        3.00

          经济效益（10 分）   带动企业新增业务收入   10        9.59

                        增加科技创新平台     5        5.00
          社会效益（10 分）
  效益                    培育壮大科技型企业    5        5.00

 （30 分）   可持续影响（5 分）    培育科研人员及团队    5        5.00

          社会公众或服务对象
                        项目承担单位满意度    5        5.00
           满意度（5 分）

                合计                  100       89.59

               评价等级                       良




                       第 206 页
附件 3：项目完成情况汇总表
              省“百千万”工程科技重大专项项目完成情况汇总
序             领域   所属类
    项目名称                 申报单位            项目完成情况
号             类别   别
    松辽盆地北                        已形成技术发明专利 2 件，编制行业应用软
                         大庆油田有
    部古龙页岩     能源   石油及           件 2 套，提交页岩油预测储量 12.68 亿吨。
                         限责任公司
1   油成藏条件     化工   石油化           理论研究和技术水平达到国际领先，研究成
                         勘探开发研
    及甜点分布     领域   工             果丰富了我国陆相页岩油勘探理论，推动了
                          究院
    规律研究                         我国页岩油革命进程
                                 建立基于 U 型反应炉和气相色谱仪原位分
    煤矿火灾防                        析的程序升温实验系统和长焰煤自燃指标
                         黑龙江龙煤
    治与重大灾     能源                 气体特征指标体系，提出煤自燃分级预警方
                   煤及煤   矿业控股集
2   害监测监控     化工                 法；创新设计程序升温与多元可燃气体爆炸
                   化工    团有限责任
    关键技术开     领域                 一体化系统，为煤低温氧化生成气对瓦斯爆
                          公司
      发                          炸界限影响研究奠定基础。2021 年度前 3
                                 季度营收 210.6 亿元，利税 9 亿元。
                                 1.完成了低真空激光焊接工艺开发及其焊缝
                                 成形特征，多物理场耦合激光焊接热流计算
    高端智能焊                        模型的建立及真空环境激光焊接熔池行为
              高端   机器人   哈尔滨焊接
    接装备及焊                        分析等研究；2.完成了大型惯性摩擦焊机的
3             设备   及智能   研究院有限
    接材料技术                        功能及结构设计，主轴系统径向承载，轴向
              领域   装备     公司
      开发                         承载设计工作；3.完成项目实施方案编制、
                                 完成不锈钢系列焊材质量保证体系的建立，
                                 三批次稳定性焊材制备及检验。
                                 进行了智能机床样机图纸设计、数控机床
    基于 5G 通   高端   机器人   齐重数控装   5G 通讯的初步测试运维、形变感知数据采
4   讯的智能机     设备   及智能   备股份有限   集和初步分析、基于三误差分离理论模型的
     床开发      领域   装备     公司     工件误差测量、研究核心部件可靠性的基础
                                 理论研究等工作。
    基于形貌跟                        开发二维激光扫描仪数据采集软件、旋转管
    踪技术的大     高端         哈尔滨科能   排激光熔敷设备控制器软件，目前已在样机
                   金属新
5   型膜式水冷     设备         熔敷科技有   上展开测试；正在编写“一种基于激光视觉
                   材料
    壁熔敷工艺     领域          限公司    的锅炉水冷壁角焊缝识别方法”和“水冷壁
    及设备研制                        表面熔敷工艺”专利。
                                 完成三相电动轮 2 台样机 2 生产制造，在伊
    1MW 级多
                         哈电发电设   敏矿重型车辆上安装使用，已现场运行近
    用途新能源     高端
                   交通运   备国家工程   3000 个小时；完成车载变频器样机产品性能
6   先进电动轮     设备
                   输装备   研究中心有   测试，待安装到车辆上进行测试；六相电动
    及驱动系统     领域
                          限公司    轮样机和柴油发电机及整流系统正在进行
      研制
                                 生产制造。




                          第 207 页
序            领域   所属类
     项目名称               申报单位               项目完成情况
号            类别   别
                                   完成产品结构方案设计和初步的计算分析，
                                   编制关键部件初版设计报告；启动产品所需
     华龙一号核
             高端         哈尔滨汽轮      实验验证的前期准备工作，编制初版试验计
     电汽轮机组        电力装
7            设备         机厂有限责      划并确定合作方；完成公司级技术评审，确
     和关键设备        备
             领域          任公司       定产品主要技术参数和结构形式。依托中核
      研制
                                   集团海南昌江二期（3、4 号机组）核电项目，
                                   签订供货合同 17.2 亿元。
                                   精密热挤压铝合金管坯短流程加工、精密冷
     高精度高强
                                   变形高可靠性铝合金管材加工、高精度不锈
     度铝合金航   新材   机器人   哈尔滨东安
                                   钢管材加工等新产品研制成功。形成铝合金
8    空器尾轴管   料领   及智能   机电制造有
                                   管材矫形、管材冷变形加工等新技术，获得
     的研制及产   域    装备    限责任公司
                                   《细晶铝合金管材分级热处理方法》等 4 项
      业化
                                   新专利技术并应用生产。
                                   通过钢水纯净技术应用，生产特殊抗腐蚀要
                                   求钢管，成功开发平端不加厚及加厚油管、
     高品质无缝   新材         黑龙江建龙
                  金属新              油套管、油缸管、机械用管、地质钻探用无
9    钢管研发及   料领         钢铁有限公
                  材料               缝钢管、海洋服役管线管等多种产品，实现
      应用     域            司
                                   辽河油田、四川华工石油装备有限公司、三
                                   一重工、徐工集团等厂家稳定供货。
                                   优化高温钛合金微通道换热器流道结构，试
     航空航天领              航天海鹰       制多台套具有极高性能参数的微通道换热
             新材
     域高温钛合        金属新   （哈尔滨）      器回热器、冷却器，并成功应用于中船 711
10           料领
     金关键技术        材料    钛业有限公      所、航天 31 所等单位工程样机研制和清华
             域
     研发及应用                司        大学等试验系统，有望开展国外同类产品国
                                   产化替代。
                                   完成大田原位的寒地水稻性状信息采集系
                                   统和水稻生产管控服务平台 2 项新产品。建
             新一
     农业生产智                         立水稻性状和环境数据分析智能管控模型，
             代信   人工智
     能管控服务              黑龙江省七      并于生产管控平台应用。在水稻性状检测和
11           息技   能技术
     平台开发与               星农场       多光谱图像的提取和拼接等方面形成智能
             术领   及应用
      应用                           新技术，提高了检测准确性，并已经申请专
             域
                                   利。水稻生产智能管控服务平台已经在七星
                                   农场应用。
                                   基于极光新闻等新媒平台开发的“AI 线索+
                                   系列应用”已投入使用，极光新闻客户端下
             新一         黑龙江广播
     智慧融媒及                         载量突破 1600 万；智慧文旅大数据平台已
             代信   人工智   电视台、黑
     文旅大数据                         投入使用，“趣龙江”品牌已累计沉淀用户
12           息技   能技术   龙江省旅游
     平台研发及                         101 万人、产品预订交易额 1086 万元、覆盖
             术领   及应用   投资集团有
      应用                           省内 A 级旅游景区 360 余家。黑龙江广播电
             域           限公司
                                   视台下属 1 家企业被首次认定为高新技术企
                                   业。


                         第 208 页
序            领域   所属类
     项目名称               申报单位                项目完成情况
号            类别   别
             新一                    完成大数据离线算法分析平台相关离线分
             代信   大数据   哈尔滨哈银      析平台主体数据建设项目、离线分析平台系
     人工智能金
13           息技   和网络   消费金融有      统建设项目研发工作，完成风控数据产品系
     融服务平台
             术领   技术    限责任公司      统项目一期建设，实现统一的数据服务规范
             域                     和决策流程的支持。
                                   建立了工业规模发酵饲料示范生产线。利用
     玉米蛋白粉
                                   菌酶协同发酵技术，筛选出高活力蛋白酶和
     主料发酵生
             食品         谷实农牧集      高产纤维酶的复合菌种与膨化玉米蛋白粉
     产高蛋白功        玉米加
14           加工         团股份有限      进行联合发酵，建立菌酶协同生料固态发酵
     能饲料添加        工
             领域          公司        技术体系，强化产品微生物抑菌功能，改善
     剂关键技术
                                   动物肠道健康水平，累计生产发酵饲料
     与产业化
                                   1736.2 吨，生产功能配合饲料 3.5 万吨。
     乳制品关键                         开发乳铁蛋白产品 1 个，乳铁蛋白纯度大于
     配料及功能   食品   乳制品   黑龙江飞鹤      95%；启动乳铁蛋白产业生产线建设；开发
15   性配方产品   加工   与肉类   乳业有限公      上市 4 款针对儿童生长发育相关茁然系列奶
     研制与产业   领域   加工      司        粉，上市 4 款主要针对中老年健康需求爱本
      化                            系列成人奶粉；新品销售额 7.73 亿元。
                                   创制一体化智能高效腌制技术，减少汁液损
     生鲜预制肉
             食品   乳制品   黑龙江大庄      失 46%以上，显著提升了生产效率。开发适
     制品品质提
16           加工   与肉类   园肉业集团      于生鲜预制肉制品的绿色保鲜技术，有效保
     升及加工关
             领域   加工    有限公司       障了产品安全。上市新品及改良品 5 个，累
     键技术研究
                                   计新品新增销售额 2.12 亿元。
     大豆生物制                         围绕生物解离技术开发功能性风味油脂的
     取油脂及蛋   食品   水稻及   九三粮油工      工艺优化和设备选择、酶法制取低脂蛋白制
17   白制品关键   加工   大豆加   业集团有限      品生产技术、产品风味控制及快速检测及产
     技术集成与   领域   工      公司        业化示范线优化等方面开展研究，已申请发
      示范                           明专利 3 项，实验室阶段开发新产品 1 个。
     米制主食及                         对发酵类大米面团黏弹比凝胶体、产品蜂窝
     休闲方便型   食品   水稻及   黑龙江省北      状结构的改良及良好风味的形成等进行调
18   食品加工关   加工   大豆加   大荒米业集      控，筛选黏豆包发酵主导菌株，模拟自然发
     键技术研究   领域   工     团有限公司      酵黏豆包的发酵过程，提升工业化生产黏豆
     与产业化                          包风味品质。
                                   创制优异水稻种质资源 30 份，选育新品种 8
                        黑龙江省农
                                   个；建成 1000 亩以上水稻示范基地 3 个，
     优质抗逆水   现代         业科学院、
                  生物育              品种累计推广面积 50 万亩；申请植物新品
19   稻新品种选   农业         齐齐哈尔市
                  种                种权 5 项，授权植物新品种权 1 项，获得发
      育      领域         富尔农艺有
                                   明专利授权 1 项；培育享受国务院特殊津贴
                         限公司
                                   专家 1 人，1 人获国家科技进步一等奖。




                         第 209 页
序            领域   所属类
     项目名称               申报单位               项目完成情况
号            类别   别
                                   重点突破开沟减阻、高速精量播种、播深电
                                   液控制、播种施肥电驱控制等关键技术，完
     智能免耕高              德邦大为
             现代                    成机架、高速投种试验装置高速投种试验装
     速精量玉米        智能农   （佳木斯）
20           农业                    置、气吸风机、固液排肥器等设计与样件试
     播种施肥机        机装备   农机有限公
             领域                    制；开发气吸式精量玉米免耕播种机、电驱
      研发                  司
                                   气吸式精量米免耕播种机样机，申请和授权
                                   发明专利 6 项。
                                   完成微创手术机器人结构有限元分析和刚
                        哈尔滨思哲      度、工作空间等指标优化，完成微创手术机
     远程微创医   生物
                  高端医   睿智能医疗      器人机构、驱动、控制、传感的联合设计，
21   疗手术机器   医药
                  疗设备   设备有限公      开展远程微创外科手术机器人整机系统设
     人的研制    领域
                          司        计，建立基于 D-H 的手术机器人运动控制算
                                   法和机器人运动误差补偿算法。
                        黑龙江省科
     铝合金轻量              学院智能制
     化制造关键        金属新   造研究所、      因疫情国外合作单位无法来华开展工作，已
22           ——
     技术研发应        材料    东北轻合金      终止。
      用                 有限责任公
                          司




                         第 210 页
     2020 年省级财政水利专项资金
           绩效评价报告

  为强化预算管理责任，提高财政资金使用效益，根据《项
目支出绩效评价管理办法》
           （财预〔2020〕10 号）
                        、《黑龙江
省 2021 年预算绩效管理提质增效行动方案》
                      （黑财预〔2021〕
28 号）等有关规定和要求，省财政厅对 2020 年省级财政水
利专项资金进行了绩效评价。
  一、基本情况
  （一）项目概况
  为贯彻落实《中共中央国务院关于加快水利改革发展的
决定》(中发〔2011〕1 号)，保证我省重点水利工作顺利完成，
2020 年安排省级财政专项资金 19,700.00 万元。黑龙江省水
利厅为项目省级主管部门，具体实施单位有黑龙江省水利厅
本级、黑龙江省水文水资源中心、黑龙江省水利科学研究院、
黑龙江省防汛抗旱保障中心、黑龙江省水利水电勘测设计研
究院、黑龙江省灌溉排水与节约用水技术中心、黑龙江省泥
河水库管理处等单位。2020 年省级财政水利专项资金分别用
于 6 大类 14 个项目，其中：偿还贷款类 2 个项目分别为偿
还龙头桥水库日元贷款项目、偿还尼尔基引嫩扩建骨干一期
工程农发重点建设基金项目；工程建设类 2 个项目分别为黑
龙江省地下水监测站网建设工程项目（二期）、省泥河水库
               第 211 页
溢洪道金属结构抢险修复续建工程项目；规划编制类 2 个项
目分别为黑龙江省水利改革发展“十四五”规划项目、重要河
湖生态流量保障方案及水库水电站生态流量保障方案项目；
管理保护资源类 3 个项目分别为实行最严格水资源管理制度
基础建设（地表水水质监测、水资源保护）项目、地下水管
理和保护基础项目、水土保持监测与遥感监管及节约用水达
标项目；防洪与河湖管理类 4 个项目分别为黑龙江省防洪工
程图编制项目、省级河湖长制遥感测绘专项服务项目、省级
河湖长制督查暗访及松花江（佳木斯段）健康评估项目、修
订省级 16 个河湖“一河（湖）一策”方案（2021－2023 年）；
巩固工作成果类 1 个项目为农村饮水安全工程省级督查、暗
访、复核专项项目。
    （二）资金投入情况
    2020 年省级财政水利专项资金预算 19,700 万元，其中：
省级财政公共预算 15,000 万元，重大水利建设基金 4,700 万
元。2020 年省级财政水利专项资金财政评审后，实际需要安
排资金 18,282.56 万元。资金分配及项目情况见表 1-1。
               表 1-1 资金分配及项目情况表
                                              实际安排
序                                预算资金额
      资金使用方向        项目实施单位                    资金（万
号                                 （万元）
                                               元）
一     偿还贷款类项目                      4,550.00    4,495.54
1      引嫩工程还贷        省水利厅本级        4,000.00    4,000.00
2    龙头桥水库日元还贷       省水利厅本级         550.00       495.54
二      工程建设类                       6,861.00    6,528.25
1   黑龙江省地下水监测站网建   黑龙江省水文水资源中心     6,624.00    6,291.25
                     第 212 页
      设工程（二期）
    省泥河水库溢洪道金属结构
2                     省泥河水库管理处        237.00      237.00
       更新改造工程
三     规划编制类项目                        1,300.00    1,097.36
                     黑龙江省水利水电勘测设
    黑龙江省水利改革发展“十
1                    计研究院、黑龙江省水利科     700.00      637.92
        四五”规划
                         学研究院
    黑龙江省重要河湖生态流量     黑龙江省水利水电勘测设
2   保障方案、水库水电站生态     计研究院、黑龙江省水利科     600.00      459.44
       流量保障方案            学研究院
四    管理保护资源类项目                       4,604.00    4,030.26
                     黑龙江省灌溉排水与节约
                     用水技术中心、黑龙江省水
    实行最严格水资源管理制度
1                    利水电勘测设计院黑龙江     1,940.00   1,789.11
       基础建设项目
                     省水利科学研究院、黑龙江
                      省水文水资源中心
                     黑龙江省水利水电勘测设
                     计院、黑龙江省水文水资源
2   地下水管理和保护基础项目                      950.00      859.69
                     中心、黑龙江省水利科学研
                          究院
    水土保持监测与遥感监管及
3                    黑龙江省水利科学研究院     1,714.00   1,381.46
      节约用水达标项目
五   防洪与河湖管理类项目                       2,189.00    1,965.05
                     黑龙江省防汛抗旱保障中
1   黑龙江省防洪工程图编制                       915.00      819.63
                           心
    省级河湖长制遥感测绘专项
2                      省水利厅本级         564.00      515.91
         服务
    省级河湖长制督查暗访及松
3   花江（佳木斯段）健康评估     黑龙江省水利科学研究院      560.00      501.58
         项目
    修订省级 16 个河湖“一河
                     黑龙江省水利水电勘测设
4   （湖）一策”方案（2021－                    150.00      127.93
                         计研究院
        2023 年）
六    巩固工作成果类项目                        196.00      166.10
    农村饮水安全工程省级督
1                    黑龙江省水利科学研究院      196.00      166.10
     查、暗访、复核专项
         合计                         19,700.00   18,282.56

    （三）绩效目标




                       第 213 页
  1.项目总体目标。保证国家水利部等有关部委和省委省
政府安排部署重点水利工作顺利完成，保障全省水利工作正
常开展。
  2.项目阶段性目标。一是按时归还贷款本金，开展中央
和省级水利发展资金、水资源、灌区工程方面绩效评价；二
是继续深化水利重点领域改革，大力推进依法治水管水，扎
实做好三防减灾工作；三是积极编制黑龙江省水利发展“十四
五”规划、黑龙江省防洪工程图编制及黑龙江省省级“一河（湖）
一策”实施方案（2021-2023 年）；四是建立重点地区地下水
监测系统，进一步完善省监测站网布局，提供监测资料的准
确性和实时性；加强完善地表水监管工作及完善水土保健坚
持和遥感监管工作；五是开展省级督查考核，落实河湖长责
任；六是坚持强化监管，加大农村饮水安全工程监管力度；
七是完成省政府安排的其他任务。
  二、绩效评价工作情况
  （一）绩效评价目的
  通过设计有针对性的绩效评价指标体系，评价 2020 年
省级财政水利专项资金管理使用的安全性、规范性和有效性，
突出完成成效，强化专项资金监督管理。
  （二）绩效评价原则、评价指标体系及评价方法
  1.评价原则。聚焦精准、突出成效；科学规范、公正公
开；分类分级、权责统一；结果导向、强化监督。
              第 214 页
  2.评价指标体系。本次评价制定了三级指标。一级指标
4 个，分别为项目决策、项目管理、项目产出、项目效益；
二级指标 10 个，分别为项目立项、项目绩效目标、资金投
入、资金管理、组织实施、产出数量、产出质量、产出时效、
产出成本、项目效益；三级指标 19 个，分别为立项依据充
分性、立项程序规范性、绩效目标合理性、绩效指标明确性、
预算编制科学性、资金分配合理性、资金到位率、预算执行
率、资金使用合规性、管理制度健全性、制度执行有效性、
实际完成率、项目验收率、按时完成率、成本节约率、社会
经济效益、生态效益、可持续影响、满意度。详见附件一。
  3.评价方法。根据 2020 年省级财政水利专项资金特点和
评价工作需要，主要采取听取情况介绍、座谈会、视频调研、
案卷研究、文件检查、对照查证复核等方法对 2020 年省级
财政水利专项资金开展绩效评价。
  （三）评价工作过程
  成立绩效评价工作组；明确本次绩效评价的目的、对象
和内容；制定绩效评价工作方案；通过视频调研、案卷研究、
座谈会收集与项目相关的资料；对数据进行甄别、汇总和分
析；核实有关情况，分析形成初步结论，与被评价单位交换
意见。按绩效评价相关规定及要求对项目绩效进行综合评价，
得出 2020 年省级财政水利专项资金绩效评价结论。
  三、评价结论
              第 215 页
  2020 年省级财政水利专项资金绩效评价得分为 83.63 分，
评价等级为“良”。得分情况详见附件一。
  总体看，水利专项资金有关项目的实施，支持了合理开
发利用水资源，为全省水资源管理提供数据支撑，提高了河
道的生态流量保障程度，同时对加强控制性工程生态流量泄
放的管控、促进生态多样性和水生态修复、提高水源地水质
达标率等方面起到积极作用。该资金投入、管理和产出数量、
产出质量及项目效益等方面都取得了一定效果，基本实现了
年度绩效目标。通过评价发现，2020 年省级财政水利专项资
金存在预算执行率偏低、项目验收或移交滞后等问题，需要
进一步加强预算编制论证，完善验收及移交制度，加快项目
建设，努力提高财政资金使用绩效。
  四、绩效评价指标分析情况
  （一）项目立项
  1.立项依据充分性。分值 2 分，评价得分 2 分。依据《中
华人民共和国水文条例》、水利部《关于开展河湖生态流量
（水量）研究工作的通知》、《“十三五”实行最严格水资源管
理制度考核工作实施方案》、《水利部关于开展 2019 年度最
严格水资源管理制度考核工作的通知》水资管函〔2019〕93
号、省委省政府《黑龙江省实行最严格水资源管理制度考核
办法》等国家及地方的法律法规及政府会议纪要。黑龙江省
政府于 2020 年 5 月 29 日对《关于拨付 2020 年省级财政水
                第 216 页
利专项资金的请示》(黑水呈〔2020〕34 号)进行了批复。项
目立项符合法律法规、相关政策、发展规划，与部门职责相
符，立项依据充分。
  2.立项程序规范性。分值 2 分，评价得分 2 分。项目申
报过程为黑龙江省水利厅各业务处室提出申请，上报黑龙江
省水利厅财审部，由财审部汇总提交党组会通过，项目按照
规定的程序申请设立；立项所提交的文件、材料符合相关要
求；项目经过集体决策即黑龙江省水利厅的“三重一大”会议，
其中黑龙江省地下水监测站网建设工程项目经过前期专家
论证。立项程序规范。
  （二）项目绩效目标
  1.绩效目标合理性。分值 2 分，评价得分 1.86 分。项目
绩效目标明确，并在产出数量、成本和时效方面进行了细化，
绩效目标与预算及实际工作内容相关，黑龙江省重要河湖生
态流量保障方案、水库水电站生态流量保障方案、水土保持
监测与遥感监管及节约用水达标项目、修订省级 16 个河湖
“一河（湖）一策”方案（2021-2023 年）、农村饮水安全工程
省级督查、暗访、复核专项等 4 个项目资金与预算确定的项
目投资额或资金量不相匹配，扣 0.14 分。
  2.绩效指标明确性。分值 2 分，评价得分 2 分。项目指
标值细化、清晰，具有可衡量性，指标与绩效目标相关，指
标在现实条件下可收集到相关证据，计划数与任务书相对应。
              第 217 页
    （三）资金投入
    1.预算编制科学性。分值 2 分，评价得分 2 分。预算编
制与项目内容匹配，经过财政评审。预算额度测算依据充分，
预算确定的项目投资额与工作任务相匹配。
    2.资金分配合理性。分值 2 分，评价得分 2 分。预算资
金分配依据充分，资金分配额度合理，与项目单位或地方实
际相适应。
    （四）资金管理
    1.资金到位率。分值 3 分，评价得分 3 分。项目年初预
算资金 19,700.00 万元，
                财政评审后安排资金 18,282.56 万元，
实际到位资金 18,282.56 万元，资金到位,100%。
    2.预算执行率。分值 3 分，评价得分 1 分,扣 2 分。实际
到位资金 18,282.56 万元,实际使用资金 14,321.17 万元, 预算
执行率 78.33%。
      表 3-1 项目资金预算、到位及实际支出情况表
序                                                    资金到       预算执
      项目名称       预算资金        到位资金         支出资金
号                                                     位率        行率
一   偿还贷款类项目      4,550.00      4,495.54   4,495.54    98.80%   100.00%
1   引嫩工程还贷       4,000.00     4,000.00    4,000.00   100.00%   100.00%
2   龙头桥水库日元还贷    550.00        495.54      495.54     90.10%   100.00%
二   工程建设类        6,861.00      6,528.25   3,319.55    95.15%    50.85%
    黑龙江省地下水监测
1                6,624.00     6,291.25    3,083.79   94.98%    49.02%
    站网建设工程（二期）
    省泥河水库溢洪道金
2                237.00        237.00     235.76     100.00%   99.48%
    属结构更新改造工程
三   规划编制类项目      1,300.00      1,097.36   1,012.92   84.41%    92.31%
    黑龙江省水利改革发
1                700.00        637.92     622.33     91.13%    97.56%
    展“十四五”规划
2   黑龙江省重要河湖生    600.00        459.44     390.59     76.57%    85.01%
                            第 218 页
    态流量保障方案、水库
    水电站生态流量保障
    方案
四   管理保护资源类项目       4,604.00       4,030.26   3,635.46    87.54%   90.20%
    实行最严格水资源管
1                   1,940.00      1,789.11    1,729.09    92.22%   96.65%
    理制度基础建设项目
    地下水管理和保护基
2                    950.00        859.69      836.29     90.49%   97.28%
    础项目
    水土保持监测与遥感
3   监管及节约用水达标       1,714.00      1,381.46    1,070.08    80.60%   77.46%
    项目
    防洪与河湖管理类项
五                   2,189.00       1,965.05   1,710.71    89.77%   87.06%
    目
    黑龙江省防洪工程图
1                    915.00        819.63      573.74     89.58%   70.00%
    编制
    省级河湖长制遥感测
2                    564.00        515.91      515.91     91.47%   100.00%
    绘专项服务
    省级河湖长制督查暗
3   访及松花江（佳木斯        560.00        501.58      493.13     89.57%   98.32%
    段）健康评估项目
    修订省级 16 个河湖
4   “一河（湖）一策”方案      150.00        127.93      127.93     85.29%   100.00%
    （2021－2023 年）
六   巩固工作成果类项目        196.00        166.10      146.99     84.74%   88.49%
    农村饮水安全工程省
1   级督查、暗访、复核专       196.00        166.10      146.99     84.74%   88.49%
    项
          合计        19,700.00     18,282.56   14,321.17   92.80%   78.33%

    3.资金使用合规性。分值 3 分，评价得分 2.5 分，扣 0.5
分。支出基本合规、会计核算较规范，说明主管部门、项目
实施部门对资金使用的重视，能按照资金管理制度和会计核
算制度等进行管理和核算，项目基本能做到预算执行较规范
除黑龙江省地下水监测站网建设工程（二期）在财政评审前
履行了招标手续。
    （五）组织实施

                                第 219 页
   1.管理制度健全性。分值 2 分，评价得分 2 分。已制定
或具有相应的财务和业务管理制度；财务和业务管理制度基
本合法、合规、完整。
   2.制度执行有效性。分值 2 分，评价得分 2 分。遵守相
关法律法规和相关管理规定，项目合同书、验收报告、技术
鉴定等资料完成后能做到及时归档。
  （六）产出数量
   实际完成率。分值 10 分，评价得分 4.91 分，扣 5.09 分。
实际完成率以资金拨付进度为依据，2020 年财政水利专项资
金安排 14 个项目，截至 2020 年 12 月 31 日实际完成率不足
90%的 5 个项目不得分。具体情况详见项目实际完成情况表
3-2。
   从具体实施内容和效果看，监测能力方面，实施了黑龙
江省地下水监测站网建设工程项目（二期），新建地下水监
测井监测站 372 处,升级改造地下水人工监测站 367 处，改造
完善地市级地下水监测分中心 4 处；实施省泥河水库溢洪道
金属结构更新改造工程项目，已在主汛期前完工。资源管理
保护方面，实行最严格水资源管理制度基础建设（地表水水
质监测、水资源保护）项目，修订全省用水总量分配方案和
4 条跨地市重点流域年度水量调度；开展 1308 处、6000 个
样点地下水水位日动态测报;对全省 3600 万亩井灌水田面积
复核，制定地下水水位监控指标、井灌水田种植结构调整方

                第 220 页
案；实施省级水土流失动态监测，水土保持项目合规性审查
和监督检查等技术支撑工作；对全省 13 个地市、42 个县节
约用水达标建设评估、复核、验收，修编黑龙江省《用水定
额》和《用水行业分类》地方标准。防洪与河湖管理服务基
础方面，完成《黑龙江省防洪工程分布图》、
                   《松花江干流防
洪工程图》等 131 项专题图编制、基础数据收集处理及建立
数据库工作，提供省河湖长制信息平台基础地理信息数据服
务，完成 16 个省级河湖航拍等工作，完成煤炭城市、石油
城市、农业城市典型黑臭水体治理成效评价等工作，完成省
级 16 个河湖“一河（湖）一策”方案（2021-2023 年）编制工
作。规划编制方面，编制完成黑龙江省“十四五”水安全保障
规划总报告、重大水利工程(三江连通、乌苏里江治理等)、
涝区治理、灌溉、大型灌区续建配套与现代化改造、中型灌
区节水配套改造与提档等 16 个专题报告，编制省内乌裕尔
河、倭肯河、穆棱河、梧桐河和 4 座大型水库及省级河湖上
6 座小水电工程生态流量保障方案，启动河湖生态流量调度
措施。工作成果巩固方面，强化农村饮水安全工程实时动态
化监管、加强建档立卡贫困人口用水水质保障。
     表 3-2 项目实际完成情况表
序号             项目名称             实际完成率     分值     得分
一    偿还贷款类项目
1    引嫩工程还贷                     100.00%   2.03   2.03
2    龙头桥水库日元还贷                  100.00%   0.28   0.28
二    工程建设类
1    黑龙江省地下水监测站网建设工程（二期）        49.02%    3.36
                      第 221 页
2    省泥河水库溢洪道金属结构更新改造工程             99.48%   0.12    0.12
三    规划编制类项目
1    黑龙江省水利改革发展“十四五”规划              97.56%   0.36    0.36
     黑龙江省重要河湖生态流量保障方案、水
2                                   85.01%   0.30
     库水电站生态流量保障方案
四    管理保护资源类项目
1    实行最严格水资源管理制度基础建设项目             96.65%   0.98    0.98
2    地下水管理和保护基础项目                   97.28%   0.48    0.48
     水土保持监测与遥感监管及节约用水达标
3                                   77.46%   0.87
     项目
五    防洪与河湖管理类项目
1    黑龙江省防洪工程图编制                    70.00%   0.46
2    省级河湖长制遥感测绘专项服务                100.00%   0.29    0.29
     省级河湖长制督查暗访及松花江（佳木斯
3                                   98.32%   0.28    0.28
     段）健康评估项目
     修订省级 16 个河湖“一河（湖）一策”方案
4                                  100.00%   0.09    0.09
     （2021－2023 年）
六    巩固工作成果类项目
     农村饮水安全工程省级督查、暗访、复核
1                                   88.49%   0.10
     专项
                 合计                 78.33%   10.00   4.91

     （七）产出质量
     项目验收数。分值 10 分，评价得分 3.46 分，扣 6.54 分。
2020 年财政水利专项资金安排到 14 个项目中，截至 2020 年
12 月 31 日有 6 个项目验收或移交，有 8 个项目未完成验收
（或移交）手续，不得分。具体情况详见项目验收情况表 3-3。
                      表 3-3 项目验收情况表
序号              项目名称               验收情况      分值      得分
一    偿还贷款类项目
1    引嫩工程还贷                        验收-已还款    2.03    2.03
2    龙头桥水库日元还贷                     验收-已还款    0.28    0.28
二    工程建设类
1    黑龙江省地下水监测站网建设工程（二期）            未验收      3.36
2    省泥河水库溢洪道金属结构更新改造工程             未验收      0.12
三    规划编制类项目
1    黑龙江省水利改革发展“十四五”规划              未验收      0.36
                         第 222 页
     黑龙江省重要河湖生态流量保障方案、水
2                                未验收         0.30
     库水电站生态流量保障方案
四    管理保护资源类项目
1    实行最严格水资源管理制度基础建设项目          未验收         0.98
2    地下水管理和保护基础项目                 验收         0.48           0.48
     水土保持监测与遥感监管及节约用水达标
3                                未验收         0.87
     项目
五    防洪与河湖管理类项目
1    黑龙江省防洪工程图编制                 未验收         0.46
2    省级河湖长制遥感测绘专项服务               验收         0.29           0.29
     省级河湖长制督查暗访及松花江（佳木斯
3                                 验收         0.28           0.28
     段）健康评估项目
     修订省级 16 个河湖“一河（湖）一策”方案
4                                未验收         0.09
     （2021－2023 年）
六    巩固工作成果类项目
     农村饮水安全工程省级督查、暗访、复核
1                                 验收          0.10          0.10
     专项
                 合计                          10.00          3.46


     （八）产出时效
     按时完成率。分值 10 分，评价得分 8.6 分，扣 1.4 分。
按时完成率以实施单位上报的省级项目（专项）支出绩效自
评表中产出指标“数量指标”中完成量为计算依据，自评表中
体现有 8 个项目 100%完成，其余项目完成率在 38%-96%之
间扣 1.4 分。具体情况详见项目完成及时性情况表 3-4。
                 表 3-4 项目完成及时性情况表
                       应产出       实际产   按时完
序号          项目名称                                     分值      得分
                       数量        出数量   成率
一    偿还贷款类项目
1    龙头桥水库日元还贷          1         1    100%          2.03    2.03
2    引嫩工程还贷             1         1    100%          0.28    0.28
二    工程建设类
     黑龙江省地下水监测站网建设
1                       4         3    75%           3.36    2.52
     工程（二期）
     省泥河水库溢洪道金属结构更
2                       9         9    100%          0.12    0.12
     新改造工程
                       第 223 页
三   规划编制类项目                                             -
    黑龙江省水利改革发展“十四
1                         16       16   100%   0.36    0.36
    五”规划
    黑龙江省重要河湖生态流量保
2   障方案、水库水电站生态流量保        15       12   80%    0.30    0.24
    障方案
四   管理保护资源类项目
    实行最严格水资源管理制度基
1                         21       19   90%    0.98    0.89
    础建设项目
2   地下水管理和保护基础项目          11       9    82%    0.48    0.39
    水土保持监测与遥感监管及节
3                         24       23   96%    0.87    0.83
    约用水达标项目
五   防洪与河湖管理类项目
1   黑龙江省防洪工程图编制           8        3    38%    0.46    0.17
    省级河湖长制遥感测绘专项服
2                         7        7    100%   0.29    0.29
    务
    省级河湖长制督查暗访及松花
3                         5        5    100%   0.28    0.28
    江（佳木斯段）健康评估项目
    修订省级 16 个河湖“一河（湖）
4                         16       16   100%   0.09    0.09
    一策”方案（2021－2023 年）
六   巩固工作成果类项目
    农村饮水安全工程省级督查、暗
1                         4        4    100%   0.10    0.10
    访、复核专项
            合计                                 10.00   8.60

    （九）产出成本
    成本节约率。分值 10 分，评价得分 9.3 分，扣 0.7 分。
成本节约率为 7%，应得分 9.3 分。项目按实施方案要求完成
相应的内容，支出与项目完成进度匹配，2020 年年初预算资
金经过财政评审，评审后项目资金均低于年初预算，项目实
施过程通过招标及工程结算审核等过程控制，使项目资金产
生结余。
    （十）项目效益
    1.社会经济效益。分值 10 分，评价得分 10 分。项目实
施后能达到合理开发利用水资源，为全省水资源管理提供数
                         第 224 页
据支撑，促进美丽乡村建设，提高河道的生态流量保障程度，
管理方式及技术路线的改善有利于节约成本。
  2.生态效益。分值 10 分，评价得分 10 分。项目实施后
能实现生态安全、促进生态文明建设、加强控制性工程生态
流量泄放的管控、促进生态多样性和水生态修复、提高水源
地水质达标率，通过巡河及省级督察暗访等工作，压实河长
湖长责任，改善河湖生态环境。
  3.可持续影响。分值 10 分，评价得分 10 分。项目实施
后能保障生态安全、促进区域经济可持续发展。
  4.满意度。分值 5 分，评价得分 5 分。项目实施后得到
黑龙江省水利厅及使用成果文件的相关政府部门的肯定及
认可。
  五、存在的问题
  （一）预算执行率偏低。预算执行率为 78.33%，低于绩
效评价目标值 90%，水利专项资金未能达到预期的效率效果。
  （二）项目验收或移交滞后。评价发现，截至评价日，
省泥河水库溢洪道金属结构更新改造工程、黑龙江省地下水
监测站网建设工程（二期）等项目尚未履行验收或移交手续。
  （三）个别项目实施进度慢完成率低。黑龙江省地下水
监测站网建设工程（二期）、黑龙江省防洪工程图编制未能
按预期完成，省级河湖长制督查暗访及松花江（佳木斯段）
健康评估项目中的个别事项未完成，水土保持监测与遥感监
              第 225 页
管及节约用水达标项目及实行最严格水资源管理制度基础
建设项目等因疫情原因个别工作未实施。
  六、对策建议
  （一）建立健全验收及移交制度并有效执行，加快项目
建设，完善项目验收及移交程序。
  （二）加强项目的管理，特别是项目事中的管理。完善
项目制度建设，加强项目实施过程管理，使项目管理规范化、
制度化、标准化、程序化。
  （三）加强预算编制前的论证，提高预算编制水平，使
预算更科学反映项目的实际情况。
  （四）提高项目完成进度，加快拨款速度，提高预算执
行率。
  七、其他事项说明
  （一）2020 年省级财政水利专项资金项目整体实施进度
缓慢的原因：一是受疫情影响；二是省水利厅在财政评审过
程中因提供评审材料不合格，补充、修改、完善材料延长了
评审周期，使资金下达较晚，影响项目中采购工作的实施进
度。截至评价日，所有项目已全部完成资金支付及验收和移
交手续，最终使评价得分少 15.03 分。
  （二）受疫情管控等因素制约，本次评价以案卷评价为
主，现场核实工作较难，一定程度上依赖评价组职业判断。
评价组本着尽可能公平、公正、合理的原则进行综合评价，
              第 226 页
评价结果有一定局限性。




  附件：2020 年省级财政水利专项资金项目支出绩效评价
指标体系与评分表




                        2021 年 12 月 21 日




              第 227 页
             2020 年省级财政水利专项资金项目支出绩效评价指标体系与评分表
一级
     二级指标   分值   三级指标   分值   得分           指标解释                        评分标准
指标
                                                           ①项目立项符合国家法律法规、国民经济发展规划和
                                                           相关政策得 0.5 分，不符合不得分。
                                                           ②项目立项符合行业发展规划和政策要求得 0.5 分，不
                                    项 目 立 项 是 否符 合 法 律 法
                                                           符合不得分。
                 立项依据               规、相关政策、发展规划以
                        2     2                            ③项目立项与部门职责范围相符，属于部门履职所需
                 充分性                及部门职责，用以反映和考
                                                           得 0.5 分，不相符及不属于部门履职所需不得分。
                                    核项目立项依据情况。
                                                           ④项目属于公共财政支持范围，符合地方事权支出责
     项目立项   4                                              任划分原则得 0.5 分，不属于公共财政支持范围，不符
                                                           合地方事权支出责任划分不得分。
项目                                                         ①项目按照规定的程序申请设立得 1 分，否则不得分。
决策                                                         ②项目立项所提交的文件、材料是否符合相关要求（与
                                    项目申请、设立过程是否符
                 立项程序                                      项目相关性、支撑力、级次等）得 0.5 分，否则不得分。
                        2     2     合相关要求，用以反映和考
                 规范性                                       ③事前已经过必要的可行性研究、专家论证、风险评
                                    核项目立项的规范情况。
                                                           估、绩效评估、集体决策得 0.5 分，未经过可行性研究、
                                                           专家论证、风险评估、绩效评估、集体决策不得分。
                                                           ①项目有绩效目标得 0.5 分，否则不得分。
                                    项目所设定的绩效目标是否           ②项目绩效目标与实际工作内容具有相关性得 0.5 分，
                                    依据充分，是否符合客观实           无相关性不得分。
                 绩效目标
     项目绩效               2    1.86   际，用以反映和考核项目绩           ③项目预期产出效益和效果符合正常的业绩水平得
                 合理性
      目标    4                       效目标与项目实施的相符情           0.5 分，不符合不得分。
                                    况。                     ④项目与预算确定的项目投资额或资金量相匹配得
                                                           0.5 分，不相匹配不得分。




                                        第 228 页
一级
     二级指标   分值   三级指标    分值   得分        指标解释                  评分标准
指标

                                                  ①将项目绩效目标细化分解为具体的绩效指标得 1 分，
                                   依据绩效目标设定的绩效指   未细化分解绩效指标的不得分。
                 绩效指标              标是否清晰、细化、可衡量   ②通过清晰、可衡量的指标值予以体现得 0.5 分，不清
                         2    2
                 明确性               等，用以反映和考核项目绩   晰、不可衡量的不得分。
                                   效目标的明细化情况。     ③与项目目标任务数或计划数相对应得 0.5 分，未相对
                                                  应不得分。

                                                  ①预算编制经过科学论证，与项目内容匹配得 0.5 分，
                                   项目预算编制是否经过科学
                                                  未论证的不得分。
项目                                 论证、有明确标准，资金额
                 预算编制                             ②预算额度测算依据充分，按照标准编制得 1 分，否
决策                       2    2    度与年度目标是否相适应，
                 科学性                              则不得分。
                                   用以反映和考核项目预算编
                                                  ③预算确定的项目投资额或资金量与工作任务相匹配
                                   制的科学性、合理性情况。
     资金投入                                         得 0.5 分，否则不得分。
            4
                                   项目预算资金分配是否有测   ①预算资金分配依据充分得 1 分，一般得 0.5 分，不充
                                   算依据，与补助单位或地方   分不得分。
                 资金分配
                         2    2    实际是否相适应，用以反映   ②资金分配额度合理，与项目单位或地方实际相适应
                 合理性
                                   和考核项目预算资金分配的   得 1 分，一般合理或适应的 0.5 分，不合理或不适应不
                                   科学性、合理性情况。     得分。

                                   实际到位资金与预算资金的
                                                资金到位率=（实际到位资金/预算资金）×100%。
                                   比率，用以反映和考核资金
项目               资金到位率   3    3                 资金到位率低于 90%不得分，高于 90%按照资金到位
                                   落实情况对项目实施的总体
管理                                              率乘以权重得分。
                                   保障程度。




                                      第 229 页
一级
     二级指标   分值   三级指标    分值   得分         指标解释                  评分标准
指标

                                                 预算执行率=（实际支出资金/实际到位资金）×100%。
                                    项目预算资金是否按照计划
                                                 预算执行率高于 90%得满分，预算执行率在 90%-80%
                 预算执行率   3    1     执行，用以反映或考核项目
     资金管理   9                                    之间得 2 分，预算执行率在 80%-70%之间得 1 分，低
                                    预算执行情况。
                                                 于 70%不得分。
                                                 ①符合国家财经法规和财务管理制度以及有关专项资
                                                 金管理办法的规定得 1 分；否则不得分。
                                    项目资金使用是否符合相关 ②资金的拨付有完整的审批程序和手续得 0.5 分，
                                                                         否则
                 资金使用               的财务管理制度规定，用以 不得分。
                         3    2.5
                 合规性                反映和考核项目资金的规范 ③符合项目预算批复或合同规定的用途得 0.5 分，
                                                                         否则
                                    运行情况。        不得分。
                                                 ④不存在截留、挤占、挪用、虚列支出等情况得 1 分，
                                                 否则不得分。
                                    项目实施单位的财务和业务
                                                   ①已制定或具有相应的财务和业务管理制度得 1 分，
                                    管理制度是否健全，用以反
                 管理制度                              否则不得分。
项目                       2    2     映和考核财务和业务管理制
                 健全性                               ②财务和业务管理制度合法、合规、完整得 1 分，否
管理                                  度对项目顺利实施的保障情
                                                   则不得分。
                                    况。
     组织实施                                        ①遵守相关法律法规和相关管理规定得 0.5 分，否则不
            4
                                                 得分。
                                                 ②项目调整及支出调整手续完备健全得 0.5 分，否则不
                                    项目实施是否符合相关管理
                 制度执行                            得分。
                         2    2     规定，用以反映和考核相关
                 有效性                             ③项目合同书、验收报告、技术鉴定等资料是否齐全
                                    管理制度的有效执行情况。
                                                 并及时归档得 0.5 分，否则不得分。
                                                 ④项目实施的人员条件、场地设备、信息支撑等落实
                                                 到位得 0.5 分，否则不得分。



                                       第 230 页
一级
     二级指标   分值   三级指标    分值   得分          指标解释                  评分标准
指标

                                     项目实施的实际产出数与计
                                                  实际完成率=（实际支付金额/应支付金额）×100%。
                                     划产出数的比率，用以反映
     产出数量        实际完成率   10   4.91                实际完成率低于 90%不得分，实际完成率高于 90%得
                                     和考核项目产出数量目标的
                                                  满分。
                                     实现程度。

                                     项目完成的质量达标产出数
                                     与实际产出数的比率，用以
     产出质量        项目验收数   10   3.46                项目已验收得满分，项目未验收不得分。
                                     反映和考核项目产出质量目
                                     标的实现程度。
项目
产出          40                       项目实际完成时间与计划完
                                                  按时完成率=（实际产出数/计划产出数）×100%
                                     成时间的比较，用以反映和
     产出时效        按时完成率   10   8.60                根据完成率进行评分，完成值达到指标值，记满分；
                                     考核项目产出时效目标的实
                                                  未达到指标值，按照实际完成率乘以权重分。
                                     现程度。


                                     完成项目计划工作目标的实
                                                  成本节约率=[（计划成本-评审成本）/计划成本]×100%。
                                     际节约成本与计划成本的比
     产出成本        成本节约率   10   9.3                 成本节约率为 10%以上得 10 分, 低于 10%按照成本节
                                     率，用以反映和考核项目的
                                                  约率乘以权重得分。
                                     成本节约程度。

                                                    能达到合理开发利用水资源，为全省水资源管理提供
                 社会经济效               项目实施所产生的社会经济   数据支撑，促进美丽乡村建设，提高河道的生态流量
                         10   10
                   益                 效益。            保障程度，管理方式及技术路线的改善有利于节约成
                                                    本。不能达到不得分。



                                        第 231 页
一级
     二级指标   分值    三级指标    分值    得分           指标解释               评分标准
指标
                                                       能实现为生态安全提供技术支撑、促进生态文明建设、
项目                                                     加强控制性工程生态流量泄放的管控及促进生态多样
效益   项目效益   35    生态效益    10     10     项目实施所产生的生态效益   性和水生态修复及提高水源地水质达标率通过巡河及
                                                       省级督察暗访等工作，压实河长湖长责任，改善河湖
                                                       生态环境等得满分。未实现不得分。

                                        项目实施所产生的可持续影   能实现保障生态安全、促进区域经济可持续发展得满
                  可持续影响   10     10
                                        响              分。未实现不得分。


                                        服务对象对项目实施效果的
                  满意度     5      5                   委托单位满意得满分。一般得 2.5 分，不满意不得分。
                                        满意程度。



      合计    100           100   83.63




                                           第 232 页
      2020 年省医师规范化培训资金

            绩效评价报告


  为强化预算管理责任，提高财政资金使用效益，根据《项
目支出绩效评价管理办法》（财预〔2020〕10 号）、《黑龙江
省 2021 年预算绩效管理提质增效行动方案》
                      （黑财预〔2021〕
28 号）等有关规定和要求，省财政厅对 2020 年省医师规范
化培训资金进行了绩效评价。

  一、基本情况
  （一）项目概况
  为培养具备良好职业道德、扎实理论基础、精湛临床技
能专业医师，改善医疗状况，提高整体医疗水平，自 2010
年起，国家陆续在中西医两个领域开始系统实施医师规范化
培训项目。目前，中西医培训项目分类主要包括：农村订单
定向免费医学生培养， 2010 年启动，针对高考学生提前批
次录取，进行临床全科医生的医学教育培养，中省专项补助
资金用于医学院校为乡镇卫生院及以下医疗机构培养订单
定向医学生的学费、住宿费和生活补助，学制三年到五年。
其中，本科订单生由中央财政每生每年补助 0.8 万元，不足
部分由省级财政补齐, 边境地区专科订单生由省级财政全额
负担。住院医师规范化培训，2014 年启动，培训对象主要为

              第 233 页
已在或拟进入各级医疗机构从事临床医疗工作的高等院校
医学类专业全日制本科及以上学历住院医师，培训期 3 年，
中省专项，中央按每生每年补助 3 万元，省级对社会培训对
象按每生每年补助 2 万元，对紧缺专业培训对象按每生每年
补助 0.5 万元。助理全科医生培训，2017 年启动，培训对象
主要为临床医学专业三年制专科毕业,拟在或已经在农村基
层医疗卫生机构从事全科医疗工作,尚未取得助理执业医师
资格者，培训期 2 年，中省专项，中央按每生每年补助 2 万
元，省级按每生每年补助 2 万元。专培医师规范化培训，2017
年试点，培训对象主要为完成住院医师规范化培训并取得合
格证书,拟从事某一专科临床工作的医师或需要进一步整体
提升专业水平的医师，培训期 2-4 年，中省专项，中央按每
生每年补助 3 万元，省级按每生每年补助 2 万元。全科医生
转岗培训，2010 年启动，培训对象主要为基层卫生医疗机构
中已取得临床执业（助理）医师资格、二级及以上医院具有
中级及以上职称，拟从事全科医疗工作，尚未接受过全科医
生转岗培训、全科住培或助理全科医生培训的临床执业（助
理）医师，培训期 1 年，中央专项，每生每年补助 1.5 万元。
紧缺人才、县级医院骨干专科培训，2018 年启动，培养麻醉、
康复等紧缺专业医师人才，培训期 1 年，中央专项，每人每
年补助 1.5 万元。目前，由省卫建委负责全省西医培训项目
的实施工作，由省中医药管理局负责全省中医培训项目的实


              第 234 页
施工作。
   2020 年度中省安排项目资金 27930.47 万元，在培各类
人员 8623 人（次）
           。其中：中央专项资金 18966 万元，包括
西医培训 16520 万元，中医培训 2446 万元；省级配套资金
8964.47 万元，包括西医培训 6890.55 万元，中医培训 2073.92
万元。截止评价基准日（2021 年 8 月末），2020 年度项目基
本完成，据不完全统计，西医培训资金总体支出预算占比
66.38%，中医培训资金支出预算占比 55.28 %。2020 年西医
培训综合招生完成率约 98.72%，年度综合结业率约 82.76%；
2020 年中医培训综合招生完成率约 101.97%，年度综合结业
率约 88.62%。
   （二）项目绩效目标
   总体目标：落实《国务院关于印发“十三五”深化医药卫
生体制改革规划的通知》（国发〔2016〕78 号）、《“十三五”
全国卫生计生专业技术人员培训规划》
                （国卫科教发〔2017〕
8 号）、《国务院办公厅关于深化医教协同进一步推进医学教
育改革与发展的意见》（国办发〔2017〕63 号）、《国务院办
公厅关于改革完善全科医生培养与使用激励机制的意见》
（国办发〔2018〕3 号）等文件提出的工作任务。通过医师
规范化培训，以培育学员岗位胜任能力为核心，通过医德医
风、政策法规、临床实践能力、专业理论知识、人际沟通交
流等培训内容，大幅度提高学员的临床规范诊疗能力，为各


                  第 235 页
级医疗机构输出作风优良、能力过硬的年轻住院医师。
   年度目标：完成全年招收培训任务，不断加强各类培训
基地内涵建设，加强过程管理，提升培训质量和结业考核通
过率;完善培训制度体系建设，有序开展各类师资培训、评估
考核、基地认定、考试考核等相关工作;加强各类培训基地培
训和管理规范化、同质化，按国家大纲要求完成培训任务，
规范、高效使用专项资金。
   二、绩效评价工作开展情况
   （一）绩效评价的目的、对象和范围
   目的：强化医师规范化培训项目资金监督管理，提高资
金管理使用的安全性、规范性和有效性，促进绩效目标实现。
   对象和范围：2020 年度全省医师规范化培训项目专项资
金 27930.47 万元，其中，西医 23410.55 万元，中医 4519.92
万元。
   （二）绩效评价指标体系和评价方法
   评价指标体系：制定了共性评价指标和个性评价指标，
包括项目决策、过程、产出、效益、服务对象满意度五项一
级指标。分值 100 分，其中：决策指标 15 分，包括 3 项二
级指标、6 项三级指标；过程指标 25 分，包括 2 项二级指标、
5 项三级指标；产出指标 38 分，包括 3 项二级指标、12 项
三级指标；效益指标 12 分，包括 1 项二级指标、3 项三级指
标；服务对象满意度指标 10 分（详见评分表）。


                  第 236 页
  评价方法：在对项目整体情况掌握和梳理的基础上，以
省卫建委、省中医药局提供的项目相关文件、会计资料、内
业资料为支撑，在项目效益类指标的评价中使用了随机抽样
调查的方法，在绩效分析中运用比例分析、结构分析和因素
分析法，辅以一定的经验判断法。评价工作中，采取案卷评
价和现场评价相结合，以比较法和因素分析法为主的评价方
法，并综合分析形成评价结果。
  （三）绩效评价工作过程
  1、前期准备，熟悉政策、掌握情况。在前期充分调研
论证基础上，根据项目资金特点设定财政评价指标体系和工
作方案，与项目单位对接，下达绩效评价通知书，提出需被
评价单位报送有关绩效评价方面的材料清单。
  2、具体实施，恪守规范、突出重点。收集资料，根据
项目特点大体按照三个层面索要和收集资料，一是项目资料，
包括项目管理和项目实施两个方面；二是资金管理和使用资
料；三是部门绩效评价（自评价）依据的相关资料。核实情
况，因为新冠肺炎疫情防控形势要求，主要对项目单位提交
的项目文件、会计资料、内业资料等佐证材料进行卷阅，采
取电话沟通和远程视频方式听取项目情况介绍，初步了解项
目资金管理情况。开展现场评价，查看项目资金相关文件，
审核项目总体目标和绩效指标，在核实验证管理规范性和资
金安全性的基础上，选择佳木斯中心医院、佳木斯中医院、


           第 237 页
佳木斯大学第一附属医院部分项目，重点对项目实施、资金
拨付、产出效益等情况进行了实地核实。计算填制财政评价
表，确定绩效评价结果并撰写评价报告。
  三、综合评价情况及评价结论
  2020 年度省级医师规范化培训资金绩效评价得分 93.5
分，评价等级为“优”。
  整体来看，该资金支出坚持服务于我省卫生医疗发展战
略，深入贯彻落实全国卫生计生专业技术人员培训规划和作
任务，项目实施有计划，管理较规范，受益对象满意度较高，
取得了较好的社会效益。该项目的实施，提高了学员的临床
规范诊疗能力，为各级医疗机构输出紧缺人才。通过绩效评
价发现，医师规范化培训资金管理尚有一定不足，对订单定
向违约金收缴情况关注度不够，退培退补资金使用政策有待
明确，项目管理体制机制需进一步完善，需要进一步完善政
策、理顺机制，保障项目资金科学高效管理。
  四、绩效评价指标分析
  （一）项目决策，指标分值 15 分，得分 12.5 分。
  1、项目立项。省卫建委和省中医药管理局按照职责分
工，分别依据《国务院关于印发“十三五”深化医药卫生体制
改革规划的通知》（国发〔2016〕78 号）、《“十三五”全国卫
生计生专业技术人员培训规划》
             （国卫科教发〔2017〕8 号）、
《国务院办公厅关于深化医教协同进一步推进医学教育改


              第 238 页
革与发展的意见》
       （国办发〔2017〕63 号），以及我省卫生医
疗发展战略和规划立项，依据较为充分。
  2、绩效目标。该项目的成本指标只设定了各类项目中
省投入资金标准指标，没有设定更能反映支出成本的实际发
放补贴标准和实际支出指标，核实过程发现各地各单位对培
训学员及带教老师补助发放标准不一，且偏低；服务对象满
意度指标没有细化，核实单位都只对本院培训学员进行了满
意度调查问卷，没有对结业学员就职医院对学员执业满意情
况细化指标和实际调查问卷，也没有对结业学员医疗对象满
意程度细化指标和实际调出问卷；绩效指标合理性、明确性
都有欠佳方面，指标分值 5 分，扣 1 分。
  3、资金投入。从核实情况看，2020 年度在培训项目基
本完成的情况下，实际支出占预算比例比较低，个别培训单
位历年结余项目资金比例也较高，另外，2020 年度个别项目
虽然资金已下拨但实际没有实施，上述情况都造成部分资金
闲置，所以预算编制科学性、资金分配合理性都有待提高。
指标分值 5 分，扣 1.5 分。
  （二）项目过程，指标分值 25 分，得分 22 分。
  1、资金管理。该项目预算资金 27930.47 万元，全部到
位，资金到位率 100%，实际支付 18037.48 万元，综合预算
执行率 64.58%，预算执行率偏低，项目分值 20 分，扣 2 分。
  2、组织实施。项目已在全国范围实施 10 年以上，整体


                第 239 页
的实施规划、方案、计划比较齐全，项目管理制度、资金管
理制度建设等较为完备，但在培训流程、教学档案记载归类、
发放补助原始佐证要件等具体要求方面还没形成系统化、规
范化、制度化。本项分值 5 分，扣分 1 分。
  （三）项目产出，指标分值 38 分，得分 38 分。
  本项目成本性指标全部设置为中省资金投入标准，实地
核实，全部符合标准。
  重点以各类培训计划招生完成率和培训学员到期结业
率考察产出指标。分类别看，农村定单定向免费医学生培养
方面，西医类别定向医学生实际签约 233 人，分别在齐齐哈
尔医学院、牡丹江医学院、佳木斯大学培养；住院医师规范
化培训方面，住培招收 867 人，完成计划招收的 96.3%，其
中：紧缺专业招收儿科 36 人、妇产 46 人、精神 20 人、麻
醉 64 人、急诊 10 人、临床病理 8 人、重症 9 人、全科 93
人；对所有新进医疗岗位的本科及以上学历临床医师进行规
范化培训，2805 人参加结业考核，通过率 83.4%；助理全科
医生培训方面，助理全科医生培训实际招收 52 人，52 人参
加结业考核，通过率 100%；全科医生转岗培训方面，实际
招收西医类别转岗学员 1506 人，经结业考核 2019 级 1125
人合格，合格率为 80.76%；紧缺人才、县级医院骨干专科培
训方面，紧缺人才完成招生任务 38 人，完成计划 92.6%；县
级医院骨干医师培训完成招生任务 18 人,完成率 100%。综合


                第 240 页
看，年度培训综合招生完成率超过 90%，年度综合结业率超
过 80%，符合规定要求。
   （四）项目效益，指标分值 12 分，得 12 分。
   该项目以社会效益指标为重点，紧缺人才招生完成率达
到 80%以上要求，农村订单定向免费医学生岗位落实比较到
位，农村订单定向免费医学生参加住院医师规范化培训情况
按计划实施。
   （五）满意度，指标分值 10 分，得分 9 分。
   依据资金使用单位满意度测评资料，并经电话随访，该
资金使用整体满意度较高。鉴于资金使用单位满意度测评仅
以培训学员为对象，测评面较窄。考虑到增加学院救治医院、
学员医疗对象满意度测评指标后满意度情况变化，但受疫情
影响难以开展大范围满意度测评，经评价组评议，该指标分
值 10 分，扣 1 分。
   五、存在的主要问题和建议
   （一）预算执行率较低。根据省卫建委和省中医药管理
局提报的全省汇总数据，结合实地核实情况，截止 2021 年 8
月末，全省中西医培训支出预算占比 60%左右。虽然存在疫
情影响、资金涉及跨年项目会计核算口径、个别项目存在尾
欠等主客观因素，但也应引起各方关注，查找真正原因，进
一步提高预算管理科学性。
   （二）项目资金管理有待加强。一是退培退补资金管理


                第 241 页
使用政策不够明确。按照医师规范化培训管理规定，学员中
途退出培训需退还已获得补助。根据省卫建委和省中医药管
理局不完全统计，自 2016 年至 2020 年累计收回资金 526.4
万元，其中，西医 366.13 万元，中医 160.27 万元。经了解，
此项资金由培训基地代收，退赔资金存留在各地各单位，有
的上缴到市县财政部门，有的在市县卫健委，有的在各医院，
也有部分省财政收回，比较分散。建议有关部门研究出台政
策，明确财政收回或抵顶下一年度补助，避免资金闲置浪费。
二是订单定向违约金收缴情况关注度不够。按规定，订单定
向培训学员中途退出要按补助金额的 1.5 倍收取违约金。据
省卫建委和省中医药管理局不完全统计，自 2018 年至 2020
年累计收取违约金 467.54 万元，其中，西医 400.06 万元，
中医 67.48 万元。原则上各市县卫健委负责代收，个别由培
训医院代收，资金大部分暂存在各代收单位，少部分上缴到
市县财政部门，按照预算资金管理原则应原渠道返还或上缴。
应进一步采取措施，全面掌握实际情况，规范清缴，降低财
政资金风险。

  （三）项目管理体制机制需进一步完善。因医师规范化
培训项目分类较细、专业性较强，项目管理部门分工较分散，
如省卫建委参与管理实施的业务处（室）包括科教处、人事
处、疾控处、基层处、医政处等。评价过程发现，项目管理
部门没有形成统一的、规范的、协调一致的管理体制和机制，

                第 242 页
各行其是，各自为战现象明显。应该进一步规范理顺，在项
目管理和实施上形成分工明确、职责清晰、管控总括的管理
体制，建立对上对下对外一口发声、一致行动的管理机制，
做到项目资料全面完整、数字准确、内容详实、情况客观，
保持纵向联动、横向沟通，保障项目管理实施科学高效。
  六、需要说明的事项
 受疫情管控等因素制约，本次评价以案卷评价为主，现
场核实工作较难，加之部分指标量化和可衡量程度不够，一
定程度上依赖评价组职业判断。评价组本着尽可能公平、公
正、合理的原则，并结合问卷调查统计结果对相关指标进行
综合评价，评价结果有一定局限性。


  附件：2020 年度医师规范化培训财政绩效评价评分表




                2021 年 12 月 12 日




              第 243 页
                                2020 年度省级项目（专项）支出财政评价评分表

           专项名称                       医疗服务与保障能力提升（卫生健康人才培养）补助资金

    中央主管部门                                             国家卫建委

    省级财政部门            黑龙江省财政厅     省级主管部门                          省卫健委、省中医药管理局

 资金情况(万元）               年度金额：               27930.47（其中中央补助 18966 万元，其它全部为省级补助）

            落实《国务院关于印发“十三五”深化医药卫生体制改革规划的通知》（国发〔2016〕78 号）、《“十三五”全国卫生计生专业技术人员培训规划》（国
            卫科教发〔2017〕8 号）、《国务院办公厅关于深化医教协同进一步推进医学教育改革与发展的意见》（国办发〔2017〕63 号）、《国务院办公厅关
年度总
            于改革完善全科医生培养与使用激励机制的意见》（国办发〔2018〕3 号）等文件提出的工作任务，到 2020 年，经住院医师规范化培训的临床医师进
体目标
            一步增加，全科、精神科、儿科等紧缺专业卫生健康人才进一步充实，基层医疗卫生机构医疗水平不断提升，整个卫生健康人才队伍的专业结构、城
            乡结构和区域分布不断优化，促进人才与卫生健康事业发展更加适应，加快构建适合我国国情的整合型医疗卫生服务体系。
            一级指标及
                      二级指标及分值      三级指标                分数               指标值             得分
              分值




 绩 效 指 标
                                                            ①项目立项符合国家法律法规、国民经济发展规划和相关
                                                            政策；
                                                            ②项目立项符合行业发展规划和政策要求；
              决策       项目立项
                                  立项依据充分性              2    ③项目立项与部门职责范围相符，属于部门履职所需；    2
             （15 分）    （5 分)
                                                            ④项目属于公共财政支持范围，是否符合中央、地方事权
                                                            支出责任划分原则；
                                                            ⑤项目未与相关部门同类项目或部门内部相关项目重复。




                                             第 244 页
                                            ①项目按照规定的程序申请设立；
                                            ②审批文件、材料符合相关要求；
                  立项程序规范性             3                                  3
                                            ③事前已经过必要的可行性研究、专家论证、风险评估、
                                            绩效评估、集体决策。

                                            ①项目有绩效目标；
                                            ②项目绩效目标与实际工作内容具有相关性；
                  绩效目标合理性             2.5                                1.5
                                            ③项目预期产出效益和效果符合正常的业绩水平；
         绩效目标
                                            ④与预算确定的项目投资额或资金量相匹配。
         (5 分)
                                            ①将项目绩效目标细化分解为具体的绩效指标；
                  绩效指标明确性             2.5   ②通过清晰、可衡量的指标值予以体现；           2.5
                                            ③与项目目标任务数或计划数相对应。

                                            ①预算编制经过科学论证；
                                            ②预算内容与项目内容匹配；
                  预算编制科学性             3                                  1.5
                                            ③预算额度测算依据充分,按照标准编制；
         资金投入
                                            ④预算确定的项目投资额或资金量与工作任务相匹配。
         （5 分）

                                            ①预算资金分配依据充分；
                  资金分配合理性             2                                  2
                                            ②资金分配额度合理,与项目单位或地方实际相适应。

                  资金到位率               3     资金到位率=(实际到位资金/预算资金)×100%。    3
 过程      资金管理
（25 分）   (20 分)
                  预算执行率               7     预算执行率=(实际支出资金/实际到位资金)×100%   5




                            第 245 页
                                                ①符合国家财经法规和财务管理制度以及有关专项资金管
                                                理办法的规定；
                                                ②资金的拨付有完整的审批程序和手续；
                       资金使用合规性             10                                10
                                                ③符合项目预算批复或合同规定的用途；
                                                ④不存在截留、挤占、挪用、虚列支出等情况；
                                                ⑤按规定实施政府采购和政府购买服务。

                                                ①制定或具有相应的财务和业务管理制度；
                       管理制度健全性             2                                 2
                                                ②财务和业务管理制度合法、合规、完整。

                                                ①遵守相关法律法规和相关管理规定；
          组织实施
                                                ②项目调整及支出调整手续完备；
           (5 分)
                       制度执行有效性             3    ③项目合同书、验收报告、技术鉴定等资料齐全并及时归    2
                                                档；
                                                ④项目实施的人员条件、场地设备、信息支撑等落实到位。


                   住院医师规范化培训招收完成率          4               >90%              4




 产出 指标（
                   专科医师规范化培训招收完成率          4               >90%              4

          数量指标
                    助理全科医生培训招收完成率          4               >90%              4
          （20 分）
 分）
38
                   农村订单定向免费医学生招收完成率        4               >90%              4

                    全科医生特岗计划招收完成率          4               >90%              4




                                 第 246 页
                       住院医师规范化培训结业考核通过率         2.5      >80%      2.5

              质量指标     助理全科医生规范化培训结业考核通
                                                2.5      >70%      2.5
               （8 分）         过率
                       住院医师规范化培训基地接受第三方
                                                 3       >80%       3
                          机构评估的合格率
                       中央财政对住院医师规范化培训项目
                                                2.5   3 万元/人/年     2.5
                            的投入标准
                       中央财政对助理全科医生培训的投入
                                                2.5   2 万元/人/年     2.5
              成本指标           标准
              （10 分）   中央方财政对农村订单定向免费医学
                                                2.5   0.8 万元/人/年   2.5
                          生项目的投入标准
                       中央财政对全科医生特岗计划项目的
                                                2.5   5 万元人/年      2.5
                             投入标准
                       住院医师规范化培训项目中紧缺专业
                                                 4       >80%       4
                            招收完成率
效 益 指 标                农村订单定向免费医学生岗位落实情
              社会效益指标                             4       >80%       4
（12 分）                        况
                       农村订单定向兔费医学生参加住院医
                                                 4       >90%       4
                          师规范化培 训情况

满意度指标     服务对象满意度
                          参培对象的满意度              10       >80%       9
（10 分）          指标

  合       计                                     100                93.5




                                      第 247 页
 2020 年防火物资储备资金绩效评价报告

  为强化预算管理责任，提高财政资金使用效益，根据《项
目支出绩效评价管理办法》（财预〔2020〕10 号）、《黑龙江
省 2021 年预算绩效管理提质增效行动方案》
                      （黑财预〔2021〕
28 号）等有关规定和要求，省财政厅对 2020 年防火物资储
备资金进行了绩效评价。

  一、基本情况
 （一）项目概况
  1.项目背景
  根据《黑龙江省森林防火条例》第八条“县级以上人民政
府应当将森林防火工作纳入国民经济和社会发展规划，将应
当由政府承担的森林防火经费纳入本级财政年度预算，并按
照有关完成森林防火年度投资计划的资金投入。森林防火经
费主要用于森林火灾的预防和基础保障工作”、第十二条“县
级以上人民政府应当按照森林防火规划，加强森林防火基础
设施建设，储备必要的森林防火物资和器材，并定期进行补
充、更新和检修”，以及《关于进一步完善森林草原防灭火工
作运行机制的意见》（黑森防发[2020]2 号）“省林业和草原
局负责省森林草原防灭物资储备建设和管理，建立森林防灭
火物资储备机制，制定物资购置计划，按需调拨防灭物资”
等规定，2020 年，省林业和草原局申请省级森林防火物资储

              第 248 页
备资金（延续项目）500 万元，主要用于储备森林草原防火
预防及物资储备。
   2.主要内容和实施情况
   （1）项目内容。按照在 2020 春季全省森林草原防灭火
工作电视电话会议提出的“要将大型机械设备、物资装备合理
安排布防到高火险区域，遇有情况及时保障物资、设备到位。
要储备足够的扑火机具、大型机械设备、油料、防护装备等
必备物资，做好维修和保养”的要求，2020 年，省林业和草
原局申请省级森林防火物资储备资金延续项目预算金额为
500 万元，其中用于森林草原防火物资储备物资经费 491 万
元，用于储备库运营经费 9 万元。
   （2）项目组织及管理。根据黑龙江省人民政府 森林草
原防灭火指挥部《关于印发<关于进一步完善森林草原防灭
火工作运行机制的意见>的通知》和《黑龙江省林业和草原
局职能配置、内设机构和人员编制规定》，省林草局全面负
责防火物资的日常管理，落实防灭火物资储备立项、需求调
研、规划、实施过程监督、验收等各环节工作。
   （3）项目实施情况。省林草局根据实际需要，通过需
求调研、需求分析、设备选型、招标采购、物资验收、调试
运行、以及货款拨付等工作，于 2020 年 5 月 29 日开始招标，
2020 年 11 月 13 日办理了验收入库，并于 2021 年 11 月 6 日
将相关物资调拨有关单位。

                  第 249 页
  3.资金投入和使用情况
  2020 年 4 月，省财政厅印发《黑龙江省财政厅关于拨付
省级森林防火专项资金和野生动物疫原疫病监测资金的通
知》（黑财资环[2020]21 号），拨付省林草局森林防火专项
资金（防火物资储备）500 万元。2020 年 5 月 29 日，省政
采购中心招标公告采购设备预算内资金 491 万元，最终中标
金额为 472.66 万元，政府采购结余资金 18.34 万元；该项目
已完成执行数为 481.66 万元。
  （二）项目绩效目标
  总体目标：通过储备必要的森林草原防火物资，切实加
强黑龙江省森林草原防火预防、扑救和保障能力建设，不断
健全完善全省森林草原防火体系，提高应对和处置森林草原
火灾的综合能力，有效保护国家森林草原资源和人民生命财
产安全。
  年度目标：购置水陆两栖全地形车（泵浦车）1 辆、水
陆两栖全地形车 1 辆、水陆两栖防寒型运兵车 10 辆、可燃
物清理机 4 台、风力灭火机 350 台； 用于储备库运营经费 9
万元。
  二、绩效评价工作开展情况
  （一）绩效评价的目的、对象和范围
  1.评价目的：通过对 2020 年度省级森林防火物资储备项
目实施绩效评价，全面了解项目立项、实施过程的规范性以

               第 250 页
及项目产出和效益的达成情况，及时总结经验，分析存在的
问题及原因，为项目单位改进工作提供决策建议和依据，促
进项目单位树立以结果为导向的绩效管理理念，提高科学决
策水平，规范项目管理，保证项目资金使用的规范性、安全
性。
     2.评价对象及范围：本次绩效评价对象是省级森林防火
物资储备项目资金 500 万元。
     （二）绩效评价原则、方法及依据
     1.评价依据。本次绩效评价所依据的主要政府文件有《项
目支出绩效评价管理办法》（财预〔2020〕10 号）、《黑龙江
省省级部门单位预算绩效管理暂行办法》（黑财预〔2020〕
38 号）、
     《黑龙江省 2021 年预算绩效管理提质增效行动方案》
（黑财预〔2021〕28 号）
              、《黑龙江省省级项目支出部门评价
和财政评价工作操作规范（试行）》
               （黑财监〔2021〕13 号）、
《黑龙江省财政厅关于开展 2020 年度省级项目（专项）支
出部门评价工作的通知》（黑财监〔2021〕17 号）以及项目
单位提交的项目决策、过程、产出及效果资料。
     2.评价原则及方法。本次评价工作遵循“客观、公正、科
学、规范”的原则，根据新冠肺炎疫情防控形势并按照为基层
减负要求，本次绩效评价以省林草局提交的项目文件、会计
资料、内业资料等佐证材料，采取案卷评价和电话沟通评价
相结合方式，对项目绩效评价进行全面复核，采取统计分析、

               第 251 页
比较法、因素分析、成本控制等方法，通过分析项目决策、
管理、绩效等资料和数据，结合绩效评价工作组评价结果，
梳理项目问题，分析成因，找出症结，并提出建设性意见以
利于持续改进。
  （三）绩效评价指标体系
  本次绩效评价指标体系设计主要根据绩效评价的基本
原理，按照导向性、系统性、可操做性的原则，以《黑龙江
省省级项目支出绩效财政评价和部门评价工作规程》（以下
简称“规程”）里提供的省级项目支出绩效评价指标体系参考
框架为基础结合项目自身特点和内容设计而成，共设置了决
策、过程、产出、效益 4 项一级指标，项目立项、绩效目标
等 12 个二级指标，立项依据充分性、程序规范性等 29 个三
级指标。其中一级、二级指标以及决策和过程中部分三级指
标为通用性指标与指标参考框架基本一致，产出和效益部分
的三级指标绩效根据项目特点进行了个性化指标设计。
  在评分指标权重设计上，主要根据指标重要性程度确定
各指标权重，在一级指标权重设置上，决策和过程指标权重
为 40%，分别决策 20 分、过程 20 分；产出和效益指标权重
总之和为 60%，其中产出指标 40 分、效益指标 20 分，考虑
森林防火物资储备主要以预防为主，所以在权重设计上，将
产出部分的权重提高到 40%，效益部分的权重调整为 20%。



              第 252 页
  绩效评价结果采取评分和评级相结合的方式呈现，根据
评价指标得分，确定项目绩效评价结果为优、良、中、差四
个等级，其中 90（含）-100 分为优，80（含）-90 分为良，
60（含）-80 分为中，60 分以下为差。
  （四）绩效评价工作过程
  本次绩效评价工作共分为前期准备、评价实施和报告撰
写三个阶段。前期准备阶段，主要是成立绩效评价工作组，
制定绩效评价工作方案；评价实施阶段，主要是资料收集，
数据和资料核实，结合绩效评价指标体系对项目进行评价，
填写项目评价评分表，确定绩效评价结果；报告撰写阶段，
主要是对项目前期收集的资料进行汇总整理和综合分析，撰
写绩效评价报告。
  三、综合评价情况及评价结论
  2020 年度防火物资储备资金绩效评价得分 92.74 分，评
价等级为“优”。
  总体看，该专项资金围绕建立健全森林防火长效机制，
提升森林火灾综合防控能力，致力于建立布局合理的物资储
备库，加强大型装备、以水灭火装备的机械化建设，针对全
省森林防火物资保障、设备分布实际，将大型机械设备、物
资装备合理安排布防到高火险区域，以满足省市县三级工作
需要。但通过评价也发现，资金管理使用中存在预算绩效管
理质量有待提高、货物验收有所延迟、管理制度执行有待加

               第 253 页
强等问题，需要进一步做精做细预算绩效管理，加大合同和
制度执行管理，不断提高应对和处置森林草原火灾的综合能
力。
          森林防火物资储备项目绩效评价得分表
  评价因素        分值              得分        得分率

     决策       20              17.2       86%

     过程       20              18.5      92.5%

     产出       40              37.04     92.6%

     效益       20               20       100%

  综合得分        100             92.74     92.74%

 绩效评价等级                             优


     四、绩效评价指标分析
     （一）项目决策情况，指标 20 分，得 17.2 分。
     1.立项依据充分性分析。根据《黑龙江省森林防火条例》
（ 省 人 大 常 委 会 公 告 第 38 号 ）、《 全 国 森 林 防 火 规 划 》
（2016-2025）
          、《黑龙江省林业和草原局职能配置、内设机构
和人员编制规定》（厅字〔2019〕15 号）、《关于进一步完善
森林草原防灭火工作运行机制的意见》
                （黑森防发〔2020〕2
号）、《黑龙江省森林防火扑火工作奖励处罚办法》（黑森防
〔2012〕7 号）、《黑龙江省森林火灾应急预案》（黑政办规
〔2017〕42 号）和《黑龙江省黑龙江省林业厅关于印发黑龙
江省森林防火经费使用管理办法的通知》
                 （黑林联规〔2017〕
3 号）等文件，项目立项符合国家法律法规、国民经济发展


                    第 254 页
规划和相关政策，符合行业发展规划和政策要求；项目立项
与部门职责范围相符，属于部门履职所需等，项目立项依据
充分。指标 3 分，得 3 分。
   2.立项程序规范性分析。项目由省林草局设立，并作为
经常性项目纳入部门预算，项目由省林草局编制预算并经局
党组会议审核通过，提交黑龙江省财政厅审批通过后确定。
复核规定的程序，但未提供储备物资需求的相关材料。指标
3 分，得 2.7 分。
   3.绩效目标合理性分析。该项目绩效目标内容为“储备必
要的森林草原防火物资，发生较大森林火灾时，森林草原防
火物资随时调用，满足防灾减灾需求”，满足相关性要求，但
对项目的具体内容以及通过物资装备将实现的效益体现不
够充分。生态效益指标和可持续影响指标未设定预期实现值。
指标 4 分，得 3 分。
   4.绩效指标明确性分析。绩效目标中未设置“成本节约率”
指标，时效指标中二季度预算资金累计支出率和三季度预算
资金累计支出率指标未设定分值，生态效益指标分值设定 20
分，分数过大。上述指标不够反映内容不够明确和全面。指
标 4 分，得 3 分。
   5.预算编制科学性分析。省林草局储备库占地 1090 平方
米，主要储备物资 12 种，价值 1360 万元。根据库存仓储情
况及基层需求，将部分物资靠前分散到各市县林场，满足当

                第 255 页
地防灭火机构应急处理火情需要和更新扑火消耗需要。2020
年省林草局根据资金及应急预案需要，制定项目实施方案，
做好扑火机具、大型机械设备、防护装备等物资储备。预算
内容与项目内容匹配，预算确定的项目投资额或资金量与工
作任务相匹配，但未能提供预算额度测算依据。指标 3 分，
得 2.5 分。
     6.资金分配合理性分析。项目单位在前期通过大型机械
等储备物资的功能指标、合理安排布防区域及设备数量、可
选设备的公开报价等数据进行预算金额的测算，预算批复后
项目单位又通过需求调研收集需要配备设备的产品类型、参
数、数量等信息，通过省林草局党组会对项目金额进行审定，
然后通过省政府采购中心公开招标，预算资金分配依据充分，
资金分配额度合理，与项目单位或地方实际相适应。指标 3
分，得 3 分。
     （二）项目过程情况。指标 20 分，得 18.5 分。
     1.资金到位率分析。2020 年项目申报预算 500 万元，其
中设备采购预算资金 491 万元，中标金额为 472.66 万元，另
支付储备库运营劳务费 9 万元。
               实际到位资金为 481.66 万元，
全部为省级财政资金，资金到位率为 100%。指标 3 分，得 3
分。
     2.预算执行率分析。2020 年项目申报预算 500 万元，招
标后项目金额为 481.66 万元，其中： 2020 年 9 月 1 日支付

                 第 256 页
设备款 432.06 万元、2020 年 11 月 2 日支付 40.6 万元，全年
支付项目款 481.66 万元，项目预算执行率为 100%。指标 3
分，得 3 分。
   3.资金使用合规性分析。项目单位资金支出主要依据《黑
龙江省森林防火经费使用管理办法》（黑林联规[2017] 3 号）
执行，项目资金支出有完整的申请、审批及拨付流程，绩效
评价工作组通过对项目单位提供的资金支出明细、原始凭证
等资料进行核查，未发现项目单位存在截留、挤占、挪用、
虚列支出等不合规情况，资金使用合规性较好。指标 4 分，
得 4 分。
   4.管理制度健全性分析。省林草局制定了《黑龙江省林
业和草原局预算管理办法》
           、《黑龙江省林业和草原局机关经
费使用管理办法》、
        《黑龙江省林业和草原局机关政府采购管
理办法》等制度来保障项目的立项、招标、资金支出、执行
监控、绩效管理等工作的规范运行，项目管理制度较为完善。
指标 5 分，得 4.5 分。
   5.制度执行有效性分析。项目单位在项目执行过程中基
本按照项目方案积极落实项目所需的人财物等资源推动项
目开展，项目合同书、验收报告、技术鉴定等资料齐全。采
购物资到货存在货物验收延迟情况，2020 年 7 月 1 日，与浙
江西贝虎特种车辆股份有限公司签订的《政府采购合同》约
定交付和验收时间为合同签订后 10 日内，政府采购合同履

                  第 257 页
    约验收报告验收时间为 8 月 10 日；2020 年 7 月 3 日，与山
    东华盛农业药械有限责任公司签订的《政府采购合同》约定
    交付和验收时间为合同签订后 30 日内，政府采购合同履约
    验收报告的验收时间为 11 月 13 日。指标 5 分，得 4 分。
      （三）项目产出情况。指标 40 分，得 37.04 分。
      1.产出数量及质量指标达成情况分析。项目单位分别于
    2020 年 8 月和 10 月对采购的设备类型、配置进行了到货验
    收，验收结论显示交付的货物数量、型号、配置等均符合协
    议要求，达到验收标准，通过验收。指标 12 分，得 12 分。
              设备购买型号、配置及数量对照表
                                                              型号、配
序                                             计划购     实际购
      产品名称    商标名称     规格型号         生产厂家                      置与计划
号                                             买数量     买数量
                                                              一致情况

     水陆两栖全                         浙江西贝虎特
1    地形车（泵浦   西贝虎     XBH8X8-3     种车辆股份有     1辆      1辆      一致
     车）                                 限公司

                                   浙江西贝虎特
     水陆两栖全
2             西贝虎      XBH8X8-3    种车辆股份有     1辆      1辆      一致
      地形车
                                        限公司

                                   浙江西贝虎特
     水陆两栖防
3             西贝虎     XBH8X8-2D    种车辆股份有     10 辆    10 辆    一致
     寒型运兵车
                                        限公司

     可燃物清理                         绿友机械集团
4             美神       LYQL-01                4台      4台      一致
     机4台                           股份有限公司

                                   山东华盛农业
     风力灭火机
5             KASEI    6MF-23-50   药械有限责任     350 台   350 台   一致
      350 台
                                        公司


      2.产出时效情况分析。2020 年 4 月，省财政厅拨付省林

                              第 258 页
草局森林防火专项资金（防火物资储备）500 万元，2020 年
5 月 29 日在省政采购中心发布中标公告。2020 年 5 月 11 日
支付劳务费 3.35 万元，根据绩效目标二季度预算资金累计支
出率 50%，即资金支出应达到 250 万元，实际支出劳务费 3.35
万元，仅完成支出进度 1.34%。2020 年 9 月 1 日支付货款
432.06 万元、9 月 14 日支付劳务费 2.25 万元，根据绩效目
标三季度预算资金累计支出率 70%，即资金支出应达到 350
万元，完成支出进度 87.5%。2020 年 11 月 14 支付货款 40.6
万元，12 月 14 日支付劳务费 3.4 万元，全年完成支出 481.66
万元，预算执行率 100%。指标 16 分，得 13.04 分。
   3.产出成本情况分析。该项目预算金额为 500 万元，采
购环节节省资金 18.34 万元，实际支出金额为 481.66 万元，
实际成本小于计划成本，产出成本节约率达到 3.75%，成本
控制较好。指标 5 分，得 5 分。
   （四）项目效益情况。指标 20 分，得 20 分。
   1.项目实施效益分析。一是森林草原防火物资储备和保
障能力有所提高。采购配备水陆两栖全地形车（泵浦车）1
辆、水陆两栖全地形车 1 辆、水陆两栖防寒型运兵车 10 辆、
可燃物清理机 4 台，分别调拨到鸡西、黑河、尚志等 10 个
市县和省洪河国家自然保护区管理局，用于森林草原防火。
二是保证了储备库持续稳定运营。加强储备物资日常管理和
维护，为储备库稳定运营提供人力物力保证。项目实施后，

                  第 259 页
一定程度上减少了全省森林资源经济损失，对全省森林草原
防火工作起到推动作用。
  2.项目服务满意度分析。项目单位向省市县等服务对象
进行了满意度调查问卷，满意度为 100%。经随机核实，设
备使用单位的满意度较高，达到了目标值。
  五、存在的问题及意见建议
  （一）存在的问题
  1．预算管理不够科学严谨。通过查阅省林草局申报材料，
虽然制定了项目实施方案、资金支出计划，但从绩效目标表
反映的情况看，该项目存在成本测算不够充分、资金支出时
间安排不科学、满意度评估不够细致、效益衡量不够准确等
问题，需要加强项目论证，增强预算编制的科学性、严谨性。
  2.采购物资到货存在货物验收延迟情况。2020年7月1日，
与浙江西贝虎特种车辆股份有限公司签订的《政府采购合同》
约定交付和验收时间为合同签订后10日内，政府采购合同履
约验收报告验收时间为8月10日；2020年7月3日，与山东华盛
农业药械有限责任公司签订的《政府采购合同》约定交付和
验收时间为合同签订后30日内，政府采购合同履约验收报告
的验收时间为11月13日。上述采购均存在货物验收延迟现象。
  3．合同管理不规范。合同签署缺失签订日期。
  （二）意见建议



              第 260 页
  1.建议项目单位加强预算编制管理。科学谋划，细化方
案，对项目的定位、资金性质、项目内容、受益对象等进行
梳理，在此基础上设定绩效目标和指标，体现项目的工作内
容、预期产出及预期效果。
  2.加强合同管理。严格按照各项管理制度落实相关工作，
加强项目合同管理，完善合同内容，规范合同签署。按约定
交付和验收时间验收货物并支付货款，保证资金支出进度。
  3.加强绩效工作资料管理。建议项目单位及时收集绩效
成果资料，加强对相关数据的汇总分析，充分提炼呈现项目
实施效果。
  六、其他应说明的问题
  受疫情管控等因素制约，现场核实工作较难开展，本次
评价以案卷评价为主，一定程度上依赖评价组职业判断。评
价组本着尽可能公平、公正、合理的原则进行综合评价，评
价结果有一定局限性。




  附件：省级项目（专项）支出财政评价评分表




                       2021 年 11 月 30 日




             第 261 页
                                       省级项目（专项）支出财政评价评分表

                                                   (2020 年度）
专项名称             2020 年防火物资储备资金
      省级财政部门            黑龙江省财政厅                      省级主管部门                           黑龙江省林业和草原局

          资金           年度金额：                                           500 万元
          情况          其中：中央补助
  (万元）                 省级补助                                            500 万元
年
           总体目标：通过储备必要的森林草原防火物资，切实加强黑龙江省森林草原防火预防、扑救和保障能力建设，不断健全完善全省森林草原防火体系，
度
           提高应对和处置森林草原火灾的综合能力，有效保护国家森林草原资源和人民生命财产安全。具体目标：购置水陆两栖全地形车（泵浦车）1 辆、
目
           水陆两栖全地形车 1 辆、水陆两栖防寒型运兵车 10 辆、可燃物清理机 4 台、风力灭火机 350 台；以及储备库运营经费 9 万元。
标
           一级    二级
           指标    指标               设定
                       三级指标                        指标值（评分标准）                     得分        评分依据
           及分    及分               分数
            值     值

                                       ①项目立项符合国家法律法规、国民经济发展规划和相



绩 效 指 标
                                       关政策；                                           项目单位提交的部门职能文件、
                                       ②项目立项符合行业发展规划和政策要求；                            项目立项文件等。
                                       ③项目立项与部门职责范围相符，属于部门履职所需；                       项目立项符合相关法律法规，是
                 项目
           决策                          ④项目属于公共财政支持范围，是否符合中央、地方事                       贯彻落实党中央、省委关于森林
                 立项
           （20        立项依据充分性     3    权支出责任划分原则；                                3    防火工作的方针政策和决策部署
                 （6
           分）                          ⑤项目未与相关部门同类项目或部门内部相关项目重                        的重要举措，具有较强的显示必
                 分)
                                       复。                                             要性，属于项目单位职责范围和
                                       评分标准：                                          公共财政支持的范围，项目立项
                                       充分[2.7,3]，较为充分[2.4,2.7)，充分性一般[1.8,2.4)，        依据充分。
                                       不够充分[0,1.8)




                                                 第 158 页
                      ①项目按照规定的程序申请设立；                    项目单位提交的项目申报文件、
                      ②审批文件、材料符合相关要求；                    会议纪要等资料。
                      ③事前已经过必要的可行性研究、专家论证、风险评估、          项目内容及预算经过部门内部上
        立项程序规范性   3   绩效评估、集体决策。                   2.7   会审议后提交省财政厅，按规定
                      评分标准：                              程序提交了相关资料，未提供储
                      规范[2.7,3]，较为规范[2.4,2.7)            备物资需求的相关材料，立项程
                      规范性一般[1.8,2.4)，不够规范[0,1.8)         序规范。

                      ①项目有绩效目标；                          绩效目标较为合理。但生态效益
                      ②项目绩效目标与实际工作内容具有相关性；               指标，是否保障森林草原防火器
                      ③项目预期产出效益和效果符合正常的业绩水平；             材物资储备是或否；可持续影响
        绩效目标合理性   4   ④与预算确定的项目投资额或资金量相匹配。         3     指标，是否保障森林草原防火器
                      评分标准：                              材物资储备是或否，两项指标值
                      合理[3.6,4]，较为合理[3.2,3.6)            设定体现预期效果不充分。没有
                      合理性一般[2.4,3.2)，不够合理[0,2.4）         设置成本指标。
 绩效
 目标                                                      绩效指标设置比较清晰、细化、
(8 分)                                                    明确。但绩效自评表中的数量指
                      ①将项目绩效目标细化分解为具体的绩效指标；
                                                         标未设置数量单位；未设置成本
                      ②通过清晰、可衡量的指标值予以体现；
                                                         指标；效益指标设置不够科学规
                      ③与项目目标任务数或计划数相对应。
        绩效指标明确性   4                                3     范；生态效益指标分值设定 20
                      评分标准：
                                                         分，分数过大。
                      明确[3.6,4]，较为明确[3.2,3.6)
                                                         时效指标中★二季度预算资金累
                      明确性一般[2.4,3.2)，不够明确[0,2.4）
                                                         计支出率 50%和★三季度预算资
                                                         金累计支出率 70%，未设定分值。

                      ①预算编制经过科学论证；
                      ②预算内容与项目内容匹配；
资金
                      ③预算额度测算依据充分,按照标准编制；                项目单位提供的项目申报文件、
投入
        预算编制科学性   3   ④预算确定的项目投资额或资金量与工作任务相匹配。     2.5   资金支付凭证。未提供预算额度
（6
                      评分标准：                              测算依据，预算编制较为科学。
分）
                      科学[2.7,3]，较为科学[2.4,2.7)
                      科学性一般[1.8,2.4)，不够科学[0,1.8)




                              第 159 页
                          ①预算资金分配依据充分；
                          ②资金分配额度合理,与项目单位或地方实际相适应。           项目单位提供的预算申报文件、
            资金分配合理性   3   评分标准：                        3     需求调查资料、资金支付凭证等
                          合理[2.7,3]，较为合理[2.4,2.7)            资料。资金分配合理。
                          合理性一般[1.8,2.4)，不够合理[0,1.8)

                          资金到位率=(实际到位资金/预算资金)×100%。
                          实际到位资金:一定时期(本年度或项目期)内落实到具
                          体项目的资金。                            项目单位提交的预算申报及批复
             资金到位率    3                                3
                          预算资金:一定时期(本年度或项目期)内预算安排到具          资料、招标通知文件。
                          体项目的资金。
                          评分标准：资金到位率*3
                          预算执行率=(实际支出资金/实际到位资金)×100%
                                                             项目单位预算申报资料、批复资
                          实际支出资金:一定时期(本年度或项目期)内项目实际
      资金     预算执行率    3                                3     料、招投标文件、资金支付凭证
                          拨付的资金。
      管理                                                     等。
                          评分标准：预算执行率*3
      (10
      分)                  ①符合国家财经法规和财务管理制度以及有关专项资
过程
                          金管理办法的规定；
（20
                          ②资金的拨付有完整的审批程序和手续；
分）
                          ③符合项目预算批复或合同规定的用途；
                                                             项目单位预算申报资料、批复资
            资金使用合规性   4   ④不存在截留、挤占、挪用、虚列支出等情况；        4
                                                             料、资金支付凭证等。
                          ⑤按规定实施政府采购和政府购买服务。
                          评分标准：
                          合规[3.6,4]，较为合规[3.2,3.6)
                          合规性一般[2.4,3.2)，不够合规[0,2.4）

                          ①制定或具有相应的财务和业务管理制度；
      组织                                                     《黑龙江省森林防火经费使用管
                          ②财务和业务管理制度合法、合规、完整。
      实施                                                     理办法》《黑龙江省森林草原防
            管理制度健全性   5   评分标准：                        4.5
      (10                                                    火物资储备管理办法（试行）》
                          制度健全[4.5,5]，制度较为健全[4,4.5)
      分)                                                     等办法，管理制度较健全。
                          制度健全程度一般[3,4)，制度不够健全[0,3）



                                  第 160 页
                                ①遵守相关法律法规和相关管理规定；
                                ②项目调整及支出调整手续完备；
                                                                项目单位提供的管理制度文件、
                                ③项目合同书、验收报告、技术鉴定等资料齐全并及时
                                                                实施过程资料等。
                                归档；
                                                                实际到货验收时间延迟，致使验
                制度执行有效性     5   ④项目实施的人员条件、场地设备、信息支撑等落实到    4
                                                                收工作和资金支付工作整体进度
                                位。
                                                                较原计划均有所延迟。制度执行
                                评分标准：
                                                                较为有效
                                执行有效[4.5,5]，执行较为有效[4,4.5)
                                执行有效性一般[3,4)，执行不够有效[0,3）
                水陆两栖全地形
                车（泵浦车）1     2   1                           2   项目验收单
                台
                水陆两栖全地形
                            2   1                           2   项目验收单
                车1台
          数量    水陆两栖防寒型
                            2   10                          2   项目验收单
                运兵车 10 台



 产出 指标（
          指标
          （12
                可燃物清理机 4
          分）                2   4                           2   项目验收单
                台
                风力灭火机 350
                            2   350                         2   项目验收单
 分）
40
                台
                劳务费/更夫劳
                            2   2                           2   项目单位提供的劳务合同
                 务费 2 人
                ★预算编制到项
                            2   100%                        2
          质量     目率 100%
          指标
          （7                                                    项目单位提供的设备检测报告、
                                验收合格率=(验收通过数／验收总数)×100%。
          分）    产品验收合格率     5                               5   政府采购合同履约验收报告。
                                评分标准：验收合格率*5
                                                                设备安装后全部验收合格。




                                       第 161 页
                            实际完成时间：项目实施单位完成该项目实际所耗用的
            一季度预算资金         时间。                                      项目单位提供的付款凭证等资
                        0                                      0
            累计支出率 0%        计划完成时间：按照项目实施计划或相关规定完成该项                 料。
                            目所需的时间。

                            评分标准：                                    项目单位提供的付款凭证等资
            二季度预算资金
      时效                3   实施及时[1.5,2]；实施较及时[1,1.5)；         0.04   料。第二季度支出劳处费 3.35 万
            累计支出率 50%
      指标                    实施及时性一般[0.5,1)；实施不够及时[0,0.5）。            元，实施不够及时。
      （16
      分）                    评分标准：
            三季度预算资金                                                  项目单位提供的付款凭证等资
                        5   实施及时[2，3]；实施较及时[1,2)；              5
            累计支出率 70%                                                料。
                            实施及时性一般[0.5,1)；实施不够及时[0,0.5）。

                            评分标准：
            全年预算资金支                                                  项目单位提供的付款凭证等资
                        8   实施及时[4.5,5]；实施较及时[4,4.5)；          8
             出率 100%                                                 料。
                            实施及时性一般[3,4)；实施不够及时[0,3）。
                            成本节约率［（计划成本实际成本)／计划成本］×100%。             项目单位提供的预算申报资料、
                            实际成本：项目实施单位如期、保质、保量完成既定工                 中标公告、中标通知书资金支付
      成本                    作目标实际所耗费的支出。                             凭证等资料。
      指标                    计划成本：项目实施单位为完成工作目标计划安排的支                 项目预算金额为 500 万元，经采
             成本节约率      5                                      5
      （5                    出，一般以项目预算为参考。                            购环节节省资金 18.34 万元，实
      分）                    评分标准：                                    际支出金额为 481.66 万元，实际
                            成本控制情况好[4.5,5]；成本控制情况较好[4,4.5)；          成本小于计划成本，成本控制较
                            成本控制情况一般[3,4)；成本控制情况较差[0,3）              好。
                            大型机械设备、物资装备合理安排布防到高火险区域，
效益                          遇到情况及时保障物资、设备到位，设备投入使用满足
      社会    大型机械设备投
指标                          省市县三级工作需要，提高了工作效率。
      效益    入后产生的社会     5                                      5     项目单位提供的绩效总结
（20                         评分标准：
      指标    效益。
分）                          社会效益非常好[4.5,5]；社会效益较好[4,4.5)；
                            社会效益一般[3,4)；社会效益较低[0,3）。




                                     第 162 页
                     确保实现“三个不发生”工作目标，即不发生特重大森林
     提高森林草原防
可持                   草原火灾、不发生群死群伤事件、不发生烧毁林场（村
     火物资储备和保
续影                   屯）灾害方面产生持续性的影响。
     障能力，防灾减    5                                         5      项目单位提供的绩效总结
响指                   评分标准：
     灾改善森林草原
 标                   可持续性影响非常好[4.5,5]；可持续性影响较好[4,4.5)；
     生态环境
                     可持续性影响一般[3,4)；可持续性影响较差[0,3）。

满意
     省森防指、省市         使用对象对于使用系统后的满意度。
 度             10                                        10      项目单位提供的满意度调查表
     县三级防火部门         评分标准：得分=分值*满意度
指标

总分             100                                       92.74




                             第 163 页
