黑龙江省 2020 年全省和省本级财政决算




        2021 年 9 月
           第1页
                   目 录
第一部分      2020 年黑龙江省财政总决算
1.1    2020 年黑龙江省财政收支决算总表
1.2    2020 年黑龙江省一般公共预算收入决算表
1.3    2020 年黑龙江省一般公共预算支出决算表
1.4    2020 年黑龙江省一般公共预算支出功能分类决算表
1.5    2020 年黑龙江省一般公共预算收支总表
1.6    2020 年省对市县、管委会税收返还和转移支付分项目决算表
1.7    2020 年省对市县、管委会税收返还和转移支付分地区决算表
1.8    2020 年黑龙江省政府性基金收入决算表
1.9    2020 年黑龙江省政府性基金支出决算表
1.10 2020 年黑龙江省政府性基金收支总表
1.11   2020 年省对市县、管委会政府性基金转移支付分项目决算表
1.12   2020 年省对市县、管委会政府性基金转移支付分地区决算表
1.13 2020 年黑龙江省国有资本经营收入决算表
1.14 2020 年黑龙江省国有资本经营支出决算表
1.15 2020 年黑龙江省国有资本经营收支总表
1.16 2020 年省对市县国有资本经营转移支付决算表
1.17 2020 年黑龙江省地方政府一般债务余额表
1.18 2020 年黑龙江省地方政府一般债券分地区发行情况表
1.19   2020 年中央转贷地方的国际金融组织和外国政府贷款分地
       区情况表
1.20 2020 年黑龙江省地方政府一般债务分地区余额情况表
                   第2页
1.21 2020 年黑龙江省地方政府一般债务还本付息情况表
1.22 2020 年黑龙江省地方政府专项债务余额表
1.23 2020 年黑龙江省地方政府专项债券分地区发行情况表
1.24 2020 年黑龙江省地方政府专项债务分地区余额情况表
1.25 2020 年黑龙江省地方政府专项债务还本付息情况表
1.26 2020 年黑龙江省地方政府债券资金安排情况表
1.27 2020 年黑龙江省社会保险基金收入决算表
1.28 2020 年黑龙江省社会保险基金支出决算表
第二部分     2020 年黑龙江省本级财政总决算
2.1   2020 年黑龙江省本级财政收支决算总表
2.2   2020 年黑龙江省本级一般公共预算收入决算表（不含管委会）
2.3   2020 年黑龙江省本级一般公共预算支出决算表（不含管委会）
2.4   2020 年黑龙江省本级一般公共预算支出功能分类决算表
      （不含管委会）
2.5   2020 年管委会一般公共预算收入决算表
2.6   2020 年管委会一般公共预算支出决算表
2.7   2020 年黑龙江省本级一般公共预算收支总表
2.8   2020 年黑龙江省本级一般公共预算基本支出经济分类表
      （不含管委会）
2.9   2020 年黑龙江省本级政府性基金收入决算表
2.10 2020 年黑龙江省本级政府性基金支出决算表
2.11 2020 年管委会政府性基金支出决算表
2.12 2020 年黑龙江省本级政府性基金收支总表
                  第3页
2.13 2020 年黑龙江省本级国有资本经营收入决算表
2.14 2020 年黑龙江省本级国有资本经营支出决算表
2.15 2020 年黑龙江省本级国有资本经营收支总表
2.16 2020 年黑龙江省本级地方政府一般债务余额表
2.17 2020 年黑龙江省本级地方政府专项债务余额表
2.18 2020 年黑龙江省本级“三公” 经费情况表
2.19 2020 年黑龙江省本级社会保险基金收入决算表
2.20 2020 年黑龙江省本级社会保险基金支出决算表
第三部分     2020 年决算公开有关情况的说明
3.1   关于 2020 年一般公共预算执行情况说明
3.2   关于 2020 年政府性基金执行情况说明
3.3   关于 2020 年国有资本经营执行情况说明
3.4   关于 2020 年省本级转移支付执行情况说明
3.5   关于 2020 年举借政府债务情况的说明
3.6   关于 2020 年省本级“三公”经费支出情况的说明
3.7   关于 2020 年预算绩效工作开展情况的说明




                  第4页
第一部分 2020 年黑龙江省财政决算




        第 5 页
         1.1 2020年黑龙江省财政收支决算总表
                                                       单位:万元

                                                     比上年
         预算科目       2019决算数         2020决算数
                                                    （同比）+-%

全省收入合计                 16,517,620      16,067,951         -2.7

 一般公共预算收入              12,627,563      11,525,107         -8.7

 政府性基金预算收入              3,778,734       4,494,399         18.9

 国有资本经营预算收入              111,323          48,445         -56.5

全省支出合计                 55,936,501      65,062,227         16.3

 一般公共预算支出              50,115,589      54,494,110          8.7

 政府性基金预算支出              5,749,276      10,480,433         82.3

 国有资本经营预算支出               71,636          87,684          22.4

注：本表未含社会保险基金预算收支。




                      第 6 页
        1.2 2020年黑龙江省一般公共预算收入决算表
                                                                      单位：万元

                                                          完成调整        比上年
       预算科目       预算数          调整预算数         决算数
                                                          预算数的%      （同比）+-%

一、税收收入             9,731,319     9,731,319    8,119,164       83.4       -12.2

  增值税              3,617,850     3,617,850    2,802,099       77.5       -17.5

  企业所得税            1,113,706     1,113,706     983,862        88.3        -5.2

  个人所得税             356,718       356,718      306,082        85.8        -6.4

  资源税               674,383       674,383      480,018        71.2       -26.1

  城市维护建设税           600,118       600,118      494,137        82.3       -12.5

  房产税               446,075       446,075      386,697        86.7        -8.3

  印花税               136,672       136,672      129,639        94.9         1.6

  城镇土地使用税           820,263       820,263      726,649        88.6       -10.1

  土地增值税             733,250       733,250      661,799        90.3        -1.1

  车船税               236,136       236,136      251,442       106.5        11.1

  耕地占用税             168,124       168,124      199,549       118.7       -13.1

  契税                778,908       778,908      650,072        83.5       -11.3

  烟叶税                11,020        11,020       11,906       108.0        10.8

  环境保护税              24,925        24,925       22,734        91.2        -2.3

  其他税收收入             13,171        13,171       12,479        94.7       -41.9

二、非税收入             3,434,673     3,434,673    3,405,943       99.2         0.7

  专项收入              618,359       618,359      558,909        90.4        -9.8

  行政事业性收费收入         493,321       493,321      500,031       101.4       -10.4

  罚没收入              581,084       581,084      560,852        96.5        -5.5

  国有资本经营收入           58,402        58,402      202,580       346.9       132.4

 国有资源(资产)有偿使用收入    1,291,003     1,291,003    1,207,503       93.5         0.7

  其他收入              392,504       392,504      376,068        95.8        15.6

   本年收入合计         13,165,992    13,165,992   11,525,107       87.5        -8.7




                                第 7 页
   1.3 2020年黑龙江省一般公共预算支出决算表
                                                                    单位：万元

                                                         完成调整        比上年
     预算科目        预算数          调整预算数         决算数
                                                         预算数的%      （同比）+-%

一、一般公共服务支出        2,602,645     3,445,297    3,210,368       93.2        6.7

二、国防支出              38,493        57,080       44,810        78.5        -3.9

三、公共安全支出          2,126,547     3,002,127    2,642,513       88.0        4.1

四、教育支出            4,953,229     6,073,248    5,624,245       92.6        1.3

五、科学技术支出           253,987       481,298      429,831        89.3        1.9

六、文化旅游体育与传媒支出      401,758       617,588      583,747        94.5        6.7

七、社会保障和就业支出       7,731,746    14,125,860   13,508,548       95.6       21.3

八、卫生健康支出          2,059,234     4,228,811    4,011,913       94.9       27.6

九、节能环保支出          1,143,380     2,409,047    2,202,687       91.4        4.4

十、城乡社区支出          2,530,035     4,617,143    4,448,389       96.3       -20.0

十一、农林水支出          2,907,243    10,246,191    9,145,251       89.3        3.7

十二、交通运输支出         1,540,976     2,861,432    2,489,537       87.0       12.9

十三、资源勘探信息等支出       645,133      1,069,729    1,035,758       96.8       11.7

十四、商业服务业等支出         93,005       228,889      194,708        85.1       78.6

十五、金融支出              8,880        84,602       84,581       100.0       11.5

十六、援助其他地区支出         32,000        32,147       32,147       100.0        -6.8

十七、自然资源海洋气象等支出     255,598       300,084      269,788        89.9       -26.7

十八、住房保障支出         1,650,430     2,399,254    2,277,713       94.9       36.5

十九、粮油物资储备支出        364,625       799,333      635,963        79.6       34.6

二十、灾害防治及应急管理支出     183,979       423,291      371,319        87.7       21.8

二十一、预备费            499,110             0            0

二十二、其他支出          1,222,088      295,599         9,899        3.3       -64.4

二十三、债务付息支出        1,053,130     1,233,717    1,233,717      100.0       19.4

二十四、债务发行费用支出         1,245          6,678        6,678      100.0       10.2

   本年支出合计        34,298,496    59,038,445   54,494,110       92.3        8.7


                              第 8 页
1.4 2020年黑龙江省一般公共预算支出功能分类决算表
                                          单位：万元

科目编码                 科目名称           决算数

            一般公共预算支出                      54,494,110

 201      一般公共服务支出                         3,210,368

20101     人大事务                               58,098

2010101   行政运行                               47,221

2010102   一般行政管理事务                            5,338

2010103   机关服务                                  315

2010104   人大会议                                1,547

2010105   人大立法                                  327

2010106   人大监督                                  247

2010107   人大代表履职能力提升                             85

2010108   代表工作                                2,355

2010109   人大信访工作                                  9

2010150   事业运行                                   51

2010199   其他人大事务支出                              603

20102     政协事务                               39,106

2010201   行政运行                               31,351

2010202   一般行政管理事务                            4,624

2010203   机关服务                                  209

2010204   政协会议                                1,180

2010205   委员视察                                  598

2010206   参政议政                                  297

2010250   事业运行                                  296

2010299   其他政协事务支出                              551

20103     政府办公厅(室)及相关机构事务                  1,254,864



                            第 9 页
1.4 2020年黑龙江省一般公共预算支出功能分类决算表
                                          单位：万元

科目编码                科目名称            决算数

2010301   行政运行                              612,243

2010302   一般行政管理事务                          271,121

2010303   机关服务                               75,509

2010304   专项服务                                  56

2010305   专项业务活动                              7,201

2010306   政务公开审批                             29,290

2010308   信访事务                               40,919

2010309   参事事务                                  73

2010350   事业运行                               71,136

2010399   其他政府办公厅(室)及相关机构事务支出               147,316

20104     发展与改革事务                           146,822

2010401   行政运行                               50,983

2010402   一般行政管理事务                           31,372

2010403   机关服务                                 224

2010404   战略规划与实施                             3,513

2010405   日常经济运行调节                              62

2010406   社会事业发展规划                            1,425

2010407   经济体制改革研究                             223

2010408   物价管理                                1,495

2010450   事业运行                                6,434

2010499   其他发展与改革事务支出                        51,091

20105     统计信息事务                             51,817

2010501   行政运行                               21,210

2010502   一般行政管理事务                            3,628



                           第 10 页
1.4 2020年黑龙江省一般公共预算支出功能分类决算表
                                         单位：万元

科目编码               科目名称            决算数

2010503   机关服务                                 87

2010504   信息事务                               1,363

2010505   专项统计业务                             6,059

2010506   统计管理                                186

2010507   专项普查活动                            14,358

2010508   统计抽样调查                              636

2010550   事业运行                               1,654

2010599   其他统计信息事务支出                         2,636

20106     财政事务                             185,936

2010601   行政运行                              98,296

2010602   一般行政管理事务                          29,937

2010603   机关服务                                527

2010604   预算改革业务                              178

2010605   财政国库业务                             5,897

2010606   财政监察                                140

2010607   信息化建设                              5,139

2010608   财政委托业务支出                          17,343

2010650   事业运行                              11,327

2010699   其他财政事务支出                          17,152

20107     税收事务                             202,472

2010701   行政运行                             123,720

2010702   一般行政管理事务                          22,225

2010703   机关服务                                 79

2010704   税务办案                                371



                          第 11 页
1.4 2020年黑龙江省一般公共预算支出功能分类决算表
                                         单位：万元

科目编码               科目名称            决算数

2010705   发票管理及税务登记                            0

2010706   代扣代收代征税款手续费                       2,387

2010707   税务宣传                              5,020

2010708   协税护税                              3,858

2010709   信息化建设                              348

2010750   事业运行                                 0

2010799   其他税收事务支出                         44,464

20108     审计事务                             46,763

2010801   行政运行                             31,693

2010802   一般行政管理事务                          5,593

2010803   机关服务                               257

2010804   审计业务                              4,440

2010805   审计管理                                11

2010806   信息化建设                              168

2010850   事业运行                              1,416

2010899   其他审计事务支出                          3,185

20109     海关事务                               251

2010901   行政运行                                64

2010902   一般行政管理事务                            91

2010950   事业运行                                93

2010999   其他海关事务支出                             3

20110     人力资源事务                           40,033

2011001   行政运行                             15,022

2011002   一般行政管理事务                          2,615



                          第 12 页
1.4 2020年黑龙江省一般公共预算支出功能分类决算表
                                          单位：万元

科目编码                科目名称            决算数

2011003   机关服务                                   0

2011004   政府特殊津贴                                 8

2011005   资助留学回国人员                               0

2011007   博士后日常经费                                0

2011008   引进人才费用                              7,068

2011050   事业运行                                2,919

2011099   其他人力资源事务支出                         12,401

20113     商贸事务                              167,972

2011301   行政运行                               31,661

2011302   一般行政管理事务                           17,211

2011303   机关服务                                  12

2011304   对外贸易管理                              2,161

2011305   国际经济合作                               223

2011306   外资管理                                   0

2011307   国内贸易管理                              1,133

2011308   招商引资                               49,102

2011350   事业运行                               11,419

2011399   其他商贸事务支出                           55,050

20114     知识产权事务                              2,050

2011401   行政运行                                 631

2011402   一般行政管理事务                             461

2011405   国家知识产权战略                              71

2011409   知识产权宏观管理                             147

2011450   事业运行                                 480



                           第 13 页
1.4 2020年黑龙江省一般公共预算支出功能分类决算表
                                         单位：万元

科目编码               科目名称            决算数

2011499   其他知识产权事务支出                         260

20123     民族事务                              9,396

2012301   行政运行                              2,452

2012302   一般行政管理事务                          5,910

2012303   机关服务                                 2

2012304   民族工作专项                             768

2012350   事业运行                                28

2012399   其他民族事务支出                           236

20126     档案事务                             24,210

2012601   行政运行                             13,550

2012602   一般行政管理事务                          1,465

2012603   机关服务                                85

2012604   档案馆                               7,655

2012699   其他档案事务支出                          1,455

20128     民主党派及工商联事务                       10,932

2012801   行政运行                              9,978

2012802   一般行政管理事务                           780

2012803   机关服务                                 0

2012804   参政议政                                58

2012850   事业运行                                 9

2012899   其他民主党派及工商联事务支出                     107

20129     群众团体事务                           54,254

2012901   行政运行                             29,803

2012902   一般行政管理事务                          8,848



                          第 14 页
1.4 2020年黑龙江省一般公共预算支出功能分类决算表
                                         单位：万元

科目编码               科目名称            决算数

2012903   机关服务                                 101

2012906   工会事务                               4,123

2012950   事业运行                               5,172

2012999   其他群众团体事务支出                         6,207

20138      市场监督管理事务                        277,029

2013801   行政运行                             183,733

2013802   一般行政管理事务                          14,651

2013803   机关服务                                 307

2013804   市场主体管理                             5,604

2013805   市场秩序执法                             3,924

2013808   信息化建设                              2,354

2013810   质量基础                                 519

2013812   药品事务                               2,905

2013813   医疗器械事务                               106

2013814   化妆品事务                                441

2013815   质量安全监管                             1,080

2013816   食品安全监管                             4,397

2013850   事业运行                              39,591

2013899   其他市场监督管理事务                        17,417

20199     其他一般公共服务支出(款)                     39,472

 203      国防支出                              44,810

 204      公共安全支出                          2,642,513

20401     武装警察部队(款)                          7,671

20402     公安                              1,514,110



                          第 15 页
1.4 2020年黑龙江省一般公共预算支出功能分类决算表
                                         单位：万元

科目编码               科目名称            决算数

20404     检察                               219,108

20405     法院                               392,479

20406     司法                                89,501

20499     其他公共安全支出(款)                       12,750

 205      教育支出                            5,624,245

20501     教育管理事务                           142,338

2050101   行政运行                              86,875

2050102   一般行政管理事务                          27,525

2050103   机关服务                                 559

2050199   其他教育管理事务支出                        27,379

20502     普通教育                            4,596,170

2050201   学前教育                             154,977

2050202   小学教育                            1,547,871

2050203   初中教育                            1,224,908

2050204   高中教育                             630,235

2050205   高等教育                             947,638

2050206   化解农村义务教育债务支出                           0

2050299   其他普通教育支出                          90,541

20503     职业教育                             533,267

2050301   初等职业教育                             3,503

2050302   中等职业教育                           196,576

2050303   技校教育                              62,451

2050305   高等职业教育                           258,585

2050399   其他职业教育支出                          12,152



                          第 16 页
1.4 2020年黑龙江省一般公共预算支出功能分类决算表
                                          单位：万元

科目编码                科目名称            决算数

20504     成人教育                                3,968

2050401   成人初等教育                                 0

2050402   成人中等教育                              1,552

2050403   成人高等教育                               585

2050404   成人广播电视教育                             535

2050499   其他成人教育支出                            1,296

20505     广播电视教育                             10,701

2050501   广播电视学校                             10,682

2050502   教育电视台                                 18

2050599   其他广播电视教育支出                             1

20507     特殊教育                               33,902

2050701   特殊学校教育                             33,099

2050702   工读学校教育                               390

2050799   其他特殊教育支出                             413

20508     进修及培训                             130,356

2050801   教师进修                               67,666

2050802   干部教育                               51,818

2050803   培训支出                                1,568

2050804   退役士兵能力提升                              55

2050899   其他进修及培训                             9,249

20509     教育费附加安排的支出                        146,289

2050901   农村中小学校舍建设                           6,386

2050902   农村中小学教学设施                           2,422

2050903   城市中小学校舍建设                           4,126



                           第 17 页
1.4 2020年黑龙江省一般公共预算支出功能分类决算表
                                          单位：万元

科目编码                科目名称            决算数

2050904   城市中小学教学设施                           1,199

2050905   中等职业学校教学设施                          2,033

2050999   其他教育费附加安排的支出                      130,123

20599     其他教育支出(款)                          27,254

2059999   其他教育支出(项)                          27,254

 206      科学技术支出                            429,831

20601     科学技术管理事务                           43,750

2060101   行政运行                               15,000

2060102   一般行政管理事务                            6,008

2060103   机关服务                                 116

2060199   其他科学技术管理事务支出                       22,626

20602     基础研究                               15,405

2060201   机构运行                                3,769

2060203   自然科学基金                             11,525

2060204   重点实验室及相关设施                             0

2060206   专项基础科研                                 0

2060299   其他基础研究支出                             111

20603     应用研究                               82,096

2060301   机构运行                               63,813

2060302   社会公益研究                              5,964

2060303   高技术研究                               3,052

2060399   其他应用研究支出                            9,267

20604     技术研究与开发                           161,502

2060401   机构运行                                4,492



                           第 18 页
1.4 2020年黑龙江省一般公共预算支出功能分类决算表
                                          单位：万元

科目编码                科目名称            决算数

2060404   科技成果转化与扩散                         97,731

2060499   其他技术研究与开发支出                       59,279

20605     科技条件与服务                            3,349

2060501   机构运行                               1,171

2060502   技术创新服务体系                            714

2060503   科技条件专项                                0

2060599   其他科技条件与服务支出                        1,464

20606     社会科学                              10,251

2060601   社会科学研究机构                           9,475

2060602   社会科学研究                              756

2060699   其他社会科学支出                             20

20607     科学技术普及                            11,876

2060701   机构运行                               2,194

2060702   科普活动                                429

2060703   青少年科技活动                             151

2060704   学术交流活动                              204

2060705   科技馆站                               5,915

2060799   其他科学技术普及支出                         2,983

20608     科技交流与合作                             435

2060801   国际交流与合作                             102

2060899   其他科技交流与合作支出                         333

20609     科技重大项目                            10,499

2060901   科技重大专项                             9,839

20699     其他科学技术支出(款)                       90,668



                           第 19 页
1.4 2020年黑龙江省一般公共预算支出功能分类决算表
                                          单位：万元

科目编码                科目名称            决算数

2069901   科技奖励                                1,179

2069999   其他科学技术支出(项)                        89,489

 207      文化旅游体育与传媒支出                       583,747

20701     文化和旅游                             208,345

2070101   行政运行                               38,105

2070102   一般行政管理事务                           22,729

2070103   机关服务                                 457

2070104   图书馆                                16,069

2070105   文化展示及纪念机构                            641

2070106   艺术表演场所                              2,441

2070107   艺术表演团体                             24,391

2070108   文化活动                                1,032

2070109   群众文化                               25,122

2070110   文化和旅游交流与合作                           176

2070111   文化创作与保护                             2,829

2070112   文化和旅游市场管理                           5,481

2070113   旅游宣传                                3,497

2070114   文化和旅游管理事务                           6,349

2070199   其他文化和旅游支出                          59,026

20702     文物                                 35,116

2070201   行政运行                                 617

2070202   一般行政管理事务                              94

2070204   文物保护                                9,776

2070205   博物馆                                23,851



                           第 20 页
1.4 2020年黑龙江省一般公共预算支出功能分类决算表
                                          单位：万元

科目编码                科目名称            决算数

2070206   历史名城与古迹                              105

2070299   其他文物支出                               673

20703     体育                                112,145

2070301   行政运行                                8,027

2070302   一般行政管理事务                            1,011

2070303   机关服务                                   0

2070304   运动项目管理                             11,957

2070305   体育竞赛                                 380

2070306   体育训练                               18,572

2070307   体育场馆                               57,669

2070308   群众体育                                5,182

2070309   体育交流与合作                              119

2070399   其他体育支出                              9,228

20706     新闻出版电影                             17,777

2070601   行政运行                                1,792

2070602   一般行政管理事务                             179

2070603   机关服务                                   0

2070604   新闻通讯                                1,219

2070605   出版发行                                5,315

2070606   版权管理                                   0

2070607   电影                                  1,085

2070699   其他新闻出版电影支出                          8,187

20708     广播电视                              128,618

2070801   行政运行                               14,502



                           第 21 页
1.4 2020年黑龙江省一般公共预算支出功能分类决算表
                                          单位：万元

科目编码                科目名称            决算数

2070802   一般行政管理事务                            1,791

2070803   机关服务                                    0

2070804   广播                                 22,140

2070805   电视                                 32,409

2070899   其他广播电视支出                           57,776

20799     其他文化旅游体育与传媒支出(款)                   81,746

2079902   宣传文化发展专项支出                          9,911

2079903   文化产业发展专项支出                          6,618

2079999   其他文化旅游体育与传媒支出(项)                   65,217

 208      社会保障和就业支出                       13,508,548

20801     人力资源和社会保障管理事务                     168,589

2080101   行政运行                               75,246

2080102   一般行政管理事务                           10,161

2080103   机关服务                                  528

2080104   综合业务管理                              1,333

2080105   劳动保障监察                              3,986

2080106   就业管理事务                              9,624

2080107   社会保险业务管理事务                          2,330

2080108   信息化建设                               4,216

2080109   社会保险经办机构                           34,050

2080110   劳动关系和维权                               485

2080111   公共就业服务和职业技能鉴定机构                     1,020

2080112   劳动人事争议调解仲裁                          1,439

2080199   其他人力资源和社会保障管理事务支出                  24,171



                           第 22 页
1.4 2020年黑龙江省一般公共预算支出功能分类决算表
                                          单位：万元

科目编码                科目名称            决算数

20802     民政管理事务                            165,242

2080201   行政运行                               36,387

2080202   一般行政管理事务                            9,392

2080203   机关服务                                  634

2080206   社会组织管理                                112

2080207   行政区划和地名管理                             848

2080208   基层政权建设和社区治理                        95,758

2080299   其他民政管理事务支出                         22,111

20805     行政事业单位养老支出                       4,385,620

2080501   行政单位离退休                           389,516

2080502   事业单位离退休                           389,282

2080503   离退休人员管理机构                           2,995

2080505   机关事业单位基本养老保险缴费支出                  941,892

2080506   机关事业单位职业年金缴费支出                    167,624

2080507   对机关事业单位基本养老保险基金的补助               2,497,657

2080599   其他行政事业单位养老支出                        -3,346

20806     企业改革补助                             62,044

2080601   企业关闭破产补助                           33,916

2080602   厂办大集体改革补助                           1,021

2080699   其他企业改革发展补助                         27,107

20807     就业补助                              299,880

2080701   就业创业服务补贴                           20,349

2080702   职业培训补贴                             20,100

2080704   社会保险补贴                             76,114



                           第 23 页
1.4 2020年黑龙江省一般公共预算支出功能分类决算表
                                          单位：万元

科目编码                科目名称            决算数

2080705   公益性岗位补贴                           117,807

2080709   职业技能鉴定补贴                             436

2080711   就业见习补贴                              2,574

2080712   高技能人才培养补助                            666

2080713   求职创业补贴                               579

2080799   其他就业补助支出                           61,255

20808     抚恤                                188,590

2080801   死亡抚恤                               66,207

2080802   伤残抚恤                               30,871

2080803   在乡复员、退伍军人生活补助                      18,994

2080804   优抚事业单位支出                            5,395

2080805   义务兵优待                              30,431

2080806   农村籍退役士兵老年生活补助                       8,617

2080899   其他优抚支出                             28,075

20809     退役安置                              415,660

20810     社会福利                              130,647

2081001   儿童福利                               10,561

2081002   老年福利                               23,017

2081003   康复辅具                                  98

2081004   殡葬                                 45,484

2081005   社会福利事业单位                           30,746

2081099   其他社会福利支出                            6,144

20811     残疾人事业                              68,380

2081101   行政运行                               10,170



                           第 24 页
1.4 2020年黑龙江省一般公共预算支出功能分类决算表
                                          单位：万元

科目编码               科目名称             决算数

2081102   一般行政管理事务                            1,958

2081103   机关服务                                   45

2081104   残疾人康复                               1,222

2081105   残疾人就业和扶贫                            2,119

2081106   残疾人体育                                 145

2081107   残疾人生活和护理补贴                         33,754

2081199   其他残疾人事业支出                          18,967

20816     红十字事业                               3,040

2081601   行政运行                                2,035

2081602   一般行政管理事务                              155

2081699   其他红十字事业支出                             850

20819     最低生活保障                            596,359

2081901   城市最低生活保障金支出                       356,135

2081902   农村最低生活保障金支出                       240,224

20820     临时救助                               30,638

2082001   临时救助支出                             24,305

2082002   流浪乞讨人员救助支出                          6,333

20821     特困人员救助供养                           89,197

2082101   城市特困人员救助供养支出                       16,476

2082102   农村特困人员救助供养支出                       72,721

20825     其他生活救助                             11,005

2082501   其他城市生活救助                            8,791

2082502   其他农村生活救助                            2,214

20826     财政对基本养老保险基金的补助                   6,591,420



                           第 25 页
1.4 2020年黑龙江省一般公共预算支出功能分类决算表
                                          单位：万元

科目编码               科目名称             决算数

2082601   财政对企业职工基本养老保险基金的补助               6,063,356

2082602   财政对城乡居民基本养老保险基金的补助                462,768

2082699   财政对其他基本养老保险基金的补助                   65,296

20827     财政对其他社会保险基金的补助                      4,755

2082701   财政对失业保险基金的补助                          273

2082702   财政对工伤保险基金的补助                          260

2082703   财政对生育保险基金的补助                            0

2082799   其他财政对社会保险基金的补助                      4,222

20828     退役军人管理事务                           39,450

2082801   行政运行                               15,527

2082802   一般行政管理事务                            6,338

2082803   机关服务                                  153

2082804   拥军优属                                4,053

2082805   部队供应                                1,541

2082850   事业运行                                5,589

2082899   其他退役军人事务管理支出                        6,249

20830     财政代缴社会保险费支出                         5,879

2083001   财政代缴城乡居民基本养老保险费支出                   4,085

2083099   财政代缴其他社会保险费支出                       1,794

20899     其他社会保障和就业支出(款)                    252,153

2089901   其他社会保障和就业支出(项)                    252,153

 210      卫生健康支出                           4,011,913

21001     卫生健康管理事务                           84,929

2100101   行政运行                               43,852



                           第 26 页
1.4 2020年黑龙江省一般公共预算支出功能分类决算表
                                           单位：万元

科目编码                 科目名称            决算数

2100102   一般行政管理事务                            16,214

2100103   机关服务                                   66

2100199   其他卫生健康管理事务支出                        24,797

21002     公立医院                               722,976

2100201   综合医院                               514,201

2100202   中医(民族)医院                           122,176

2100203   传染病医院                               29,255

2100204   职业病防治医院                               251

2100205   精神病医院                               13,106

2100206   妇幼保健医院                              13,708

2100207   儿童医院                                 8,122

2100208   其他专科医院                              14,638

2100209   福利医院                                    0

2100210   行业医院                                  -956

2100212   康复医院                                   39

2100299   其他公立医院支出                             8,436

21003     基层医疗卫生机构                           227,094

2100301   城市社区卫生机构                            51,339

2100302   乡镇卫生院                              142,921

2100399   其他基层医疗卫生机构支出                        32,834

21004     公共卫生                               933,857

2100401   疾病预防控制机构                           128,347

2100402   卫生监督机构                              25,695

2100403   妇幼保健机构                              41,373



                            第 27 页
1.4 2020年黑龙江省一般公共预算支出功能分类决算表
                                          单位：万元

科目编码                科目名称            决算数

2100404   精神卫生机构                              1,006

2100405   应急救治机构                              9,216

2100406   采供血机构                              21,913

2100407   其他专业公共卫生机构                          1,367

2100408   基本公共卫生服务                          270,493

2100409   重大公共卫生服务                           33,953

2100410   突发公共卫生事件应急处理                      388,892

2100499   其他公共卫生支出                           11,602

21006     中医药                                 9,169

2100601   中医(民族医)药专项                          8,566

2100699   其他中医药支出                               603

21007     计划生育事务                            101,447

2100716   计划生育机构                              5,566

2100717   计划生育服务                             22,401

2100799   其他计划生育事务支出                         73,480

21011     行政事业单位医疗                          672,797

21012     财政对基本医疗保险基金的补助                   1,079,482

2101201   财政对职工基本医疗保险基金的补助                   30,651

2101202   财政对城乡居民基本医疗保险基金的补助               1,045,720

2101299   财政对其他基本医疗保险基金的补助                    3,111

21013     医疗救助                              139,809

2101301   城乡医疗救助                            136,013

2101302   疾病应急救助                              2,883

2101399   其他医疗救助支出                              913



                           第 28 页
1.4 2020年黑龙江省一般公共预算支出功能分类决算表
                                         单位：万元

科目编码               科目名称            决算数

21014     优抚对象医疗                             4,235

2101401   优抚对象医疗补助                           4,155

2101499   其他优抚对象医疗支出                            80

21015     医疗保障管理事务                          21,981

2101501   行政运行                              12,525

2101502   一般行政管理事务                           1,918

2101503   机关服务                                 108

2101504   信息化建设                                574

2101505   医疗保障政策管理                             423

2101506   医疗保障经办事务                           1,972

2101550   事业运行                               1,702

2101599   其他医疗保障管理事务支出                       2,759

21016     老龄卫生健康事务(款)                        3,480

2101601   老龄卫生健康事务(项)                        3,480

21099     其他卫生健康支出(款)                       10,657

2109901   其他卫生健康支出(项)                       10,657

 211      节能环保支出                          2,202,687

21101     环境保护管理事务                          52,772

2110101   行政运行                              31,975

2110102   一般行政管理事务                           8,963

2110103   机关服务                                 586

2110104   生态环境保护宣传                             373

2110105   环境保护法规、规划及标准                         536

2110107   生态环境保护行政许可                           135



                          第 29 页
1.4 2020年黑龙江省一般公共预算支出功能分类决算表
                                          单位：万元

科目编码                科目名称            决算数

2110199   其他环境保护管理事务支出                       10,204

21102     环境监测与监察                             7,884

2110203   建设项目环评审查与监督                          191

2110204   核与辐射安全监督                             326

2110299   其他环境监测与监察支出                         7,367

21103     污染防治                              935,839

2110301   大气                                 31,807

2110302   水体                                259,431

2110303   噪声                                    37

2110304   固体废弃物与化学品                          24,664

2110305   放射源和放射性废物监管                           35

2110399   其他污染防治支出                          619,865

21104     自然生态保护                            286,458

2110401   生态保护                              213,347

2110402   农村环境保护                             64,759

2110404   生物及物种资源保护                            107

2110499   其他自然生态保护支出                          8,245

21105     天然林保护                             771,791

2110501   森林管护                               42,062

2110502   社会保险补助                            290,944

2110503   政策性社会性支出补助                        123,674

2110506   天然林保护工程建设                            150

2110507   停伐补助                              307,265

2110599   其他天然林保护支出                           7,696



                           第 30 页
1.4 2020年黑龙江省一般公共预算支出功能分类决算表
                                           单位：万元

科目编码                 科目名称            决算数

21106     退耕还林还草                              6,514

2110602   退耕现金                                  67

2110603   退耕还林粮食折现补贴                             0

2110604   退耕还林粮食费用补贴                             0

2110605   退耕还林工程建设                             556

2110699   其他退耕还林还草支出                          5,891

21108     退牧还草                                   6

2110804   退牧还草工程建设                               6

21109     已垦草原退耕还草(款)                          749

2110901   已垦草原退耕还草(项)                          749

21110     能源节约利用(款)                          59,836

2111001   能源节约利用(项)                          59,836

21111     污染减排                               40,070

2111101   生态环境监测与信息                          10,659

2111102   生态环境执法监察                            5,227

2111103   减排专项支出                             11,570

2111199   其他污染减排支出                           12,614

21112     可再生能源(款)                            2,559

2111201   可再生能源(项)                            2,559

21113     循环经济(款)                             6,929

2111301   循环经济(项)                             6,929

21114     能源管理事务                               930

2111401   行政运行                                  98

2111413   农村电网建设                               359



                            第 31 页
1.4 2020年黑龙江省一般公共预算支出功能分类决算表
                                         单位：万元

科目编码               科目名称            决算数

2111450   事业运行                                 195

2111499   其他能源管理事务支出                           278

21199     其他节能环保支出(款)                       30,350

2119901   其他节能环保支出(项)                       30,350

 212      城乡社区支出                          4,448,389

21201     城乡社区管理事务                         674,649

2120101   行政运行                             156,792

2120102   一般行政管理事务                         125,476

2120103   机关服务                               1,218

2120104   城管执法                             114,715

2120105   工程建设标准规范编制与监管                        599

2120106   工程建设管理                             8,212

2120107   市政公用行业市场监管                         8,096

2120109   住宅建设与房地产市场监管                       8,936

2120110   执业资格注册、资质审查                            0

2120199   其他城乡社区管理事务支出                     250,605

21202     城乡社区规划与管理(款)                      38,339

2120201   城乡社区规划与管理(项)                      38,339

21203     城乡社区公共设施                         927,485

2120303   小城镇基础设施建设                        177,923

2120399   其他城乡社区公共设施支出                     749,562

21205     城乡社区环境卫生(款)                      479,518

2120501   城乡社区环境卫生(项)                      479,518

21206     建设市场管理与监督(款)                      12,362



                          第 32 页
1.4 2020年黑龙江省一般公共预算支出功能分类决算表
                                          单位：万元

科目编码                科目名称            决算数

2120601   建设市场管理与监督(项)                       12,362

21299     其他城乡社区支出(款)                      2,316,036

 213      农林水支出                            9,145,251

21301     农业农村                             3,456,785

2130101   行政运行                               98,433

2130102   一般行政管理事务                           29,515

2130103   机关服务                                  541

2130104   事业运行                              190,942

2130105   农垦运行                                1,551

2130106   科技转化与推广服务                          20,536

2130108   病虫害控制                              36,682

2130109   农产品质量安全                             3,131

2130110   执法监管                                3,597

2130111   统计监测与信息服务                             978

2130112   行业业务管理                              3,770

2130114   对外交流与合作                                 0

2130119   防灾救灾                                8,361

2130120   稳定农民收入补贴                              506

2130121   农业结构调整补贴                          218,064

2130122   农业生产发展                           1,411,666

2130124   农村合作经济                             78,720

2130125   农产品加工与促销                              761

2130126   农村社会事业                              9,108

2130135   农业资源保护修复与利用                       373,026



                           第 33 页
1.4 2020年黑龙江省一般公共预算支出功能分类决算表
                                          单位：万元

科目编码                科目名称            决算数

2130142   农村道路建设                             20,660

2130148   成品油价格改革对渔业的补贴                       8,936

2130152   对高校毕业生到基层任职补助                         44

2130153   农田建设                              684,301

2130199   其他农业农村支出                          252,956

21302     林业和草原                             718,741

2130201   行政运行                               58,521

2130202   一般行政管理事务                           15,626

2130203   机关服务                                 329

2130204   事业机构                               85,992

2130205   森林资源培育                            222,631

2130206   技术推广与转化                             2,023

2130207   森林资源管理                            138,799

2130209   森林生态效益补偿                           50,806

2130210   自然保护区等管理                           15,389

2130211   动植物保护                               5,077

2130212   湿地保护                               27,227

2130213   执法与监督                               2,563

2130217   防沙治沙                                 101

2130220   对外合作与交流                                0

2130221   产业化管理                                 62

2130223   信息管理                                 108

2130226   林区公共支出                               494

2130227   贷款贴息                                  68



                           第 34 页
1.4 2020年黑龙江省一般公共预算支出功能分类决算表
                                         单位：万元

科目编码               科目名称            决算数

2130234   林业草原防灾减灾                          11,679

2130235   国家公园                                330

2130236   草原管理                               1,756

2130237   行业业务管理                              426

2130299   其他林业和草原支出                         78,734

21303     水利                               801,300

2130301   行政运行                              48,042

2130302   一般行政管理事务                          18,043

2130303   机关服务                                763

2130304   水利行业业务管理                          46,573

2130305   水利工程建设                           316,626

2130306   水利工程运行与维护                         30,947

2130308   水利前期工作                            11,827

2130309   水利执法监督                             1,626

2130310   水土保持                              23,639

2130311   水资源节约管理与保护                        18,302

2130312   水质监测                                475

2130313   水文测报                              14,046

2130314   防汛                                40,888

2130315   抗旱                                  693

2130316   农村水利                              18,766

2130317   水利技术推广                             2,818

2130318   国际河流治理与管理                             0

2130319   江河湖库水系综合整治                       106,642



                          第 35 页
1.4 2020年黑龙江省一般公共预算支出功能分类决算表
                                         单位：万元

科目编码               科目名称            决算数

2130321   大中型水库移民后期扶持专项支出                   10,054

2130322   水利安全监督                               17

2130333   信息管理                                 33

2130334   水利建设征地及移民支出                         134

2130335   农村人畜饮水                            26,748

2130399   其他水利支出                            63,598

21305     扶贫                               716,625

2130501   行政运行                               7,571

2130502   一般行政管理事务                          12,462

2130503   机关服务                                  3

2130504   农村基础设施建设                         227,825

2130505   生产发展                             276,668

2130506   社会发展                               3,326

2130507   扶贫贷款奖补和贴息                          4,912

2130550   扶贫事业机构                             7,298

2130599   其他扶贫支出                           176,560

21307     农村综合改革                           330,635

2130701   对村级一事一议的补助                       142,954

2130704   国有农场办社会职能改革补助                      1,596

2130705   对村民委员会和村党支部的补助                   130,061

2130706   对村集体经济组织的补助                       42,237

2130707   农村综合改革示范试点补助                         30

2130799   其他农村综合改革支出                        13,757

21308     普惠金融发展支出                         232,391



                          第 36 页
1.4 2020年黑龙江省一般公共预算支出功能分类决算表
                                          单位：万元

科目编码                科目名称            决算数

2130801   支持农村金融机构                            1,037

2130802   涉农贷款增量奖励                                0

2130803   农业保险保费补贴                          203,565

2130804   创业担保贷款贴息                           11,835

2130805   补充创业担保贷款基金                          2,435

2130899   其他普惠金融发展支出                         13,519

21309     目标价格补贴                           2,821,193

2130999   其他目标价格补贴                         2,821,193

21399     其他农林水支出(款)                         67,581

2139901   化解其他公益性乡村债务支出                         137

2139999   其他农林水支出(项)                         67,444

 214      交通运输支出                           2,489,537

21401     公路水路运输                            969,477

2140101   行政运行                               53,886

2140102   一般行政管理事务                           26,901

2140103   机关服务                                   33

2140104   公路建设                              341,463

2140106   公路养护                              300,000

2140109   交通运输信息化建设                           8,306

2140110   公路和运输安全                               852

2140111   公路还贷专项                             76,439

2140112   公路运输管理                             67,380

2140114   公路和运输技术标准化建设                           11

2140122   港口设施                                    9



                           第 37 页
1.4 2020年黑龙江省一般公共预算支出功能分类决算表
                                         单位：万元

科目编码               科目名称            决算数

2140123   航道维护                              21,922

2140128   救助打捞                                542

2140129   内河运输                                  8

2140130   远洋运输                                  0

2140131   海事管理                                  2

2140136   水路运输管理支出                           2,566

2140138   口岸建设                               3,562

2140139   取消政府还贷二级公路收费专项支出                    273

2140199   其他公路水路运输支出                        65,322

21402     铁路运输                             196,215

2140201   行政运行                                  6

2140202   一般行政管理事务                             58

2140203   机关服务                                  0

2140204   铁路路网建设                           140,883

2140205   铁路还贷专项                            11,563

2140206   铁路安全                                206

2140207   铁路专项运输                                0

2140299   其他铁路运输支出                          43,499

21403     民用航空运输                            51,247

2140304   机场建设                              22,441

2140306   民航还贷专项支出                           2,256

2140307   民用航空安全                               14

2140308   民航专项运输                             3,447

2140399   其他民用航空运输支出                        22,649



                          第 38 页
1.4 2020年黑龙江省一般公共预算支出功能分类决算表
                                          单位：万元

科目编码                科目名称            决算数

21404     成品油价格改革对交通运输的补贴                   149,016

2140401   对城市公交的补贴                           51,925

2140402   对农村道路客运的补贴                         15,486

2140403   对出租车的补贴                            80,646

2140499   成品油价格改革补贴其他支出                         959

21405     邮政业支出                                 100

2140501   行政运行                                    1

2140502   一般行政管理事务                                0

2140503   机关服务                                    0

2140504   行业监管                                    1

2140599   其他邮政业支出                                98

21406     车辆购置税支出                           990,535

2140601   车辆购置税用于公路等基础设施建设支出                616,825

2140602   车辆购置税用于农村公路建设支出                   373,635

2140603   车辆购置税用于老旧汽车报废更新补贴                       0

2140699   车辆购置税其他支出                              75

21499     其他交通运输支出(款)                       132,947

2149901   公共交通运营补助                           64,400

2149999   其他交通运输支出(项)                        68,547

 215      资源勘探工业信息等支出                      1,035,758

21501     资源勘探开发                             20,599

2150101   行政运行                                5,485

2150102   一般行政管理事务                              806

2150104   煤炭勘探开采和洗选                           8,213



                           第 39 页
1.4 2020年黑龙江省一般公共预算支出功能分类决算表
                                          单位：万元

科目编码                科目名称            决算数

2150105   石油和天然气勘探开采                             0

2150106   黑色金属矿勘探和采选                             0

2150107   有色金属矿勘探和采选                          5,585

2150108   非金属矿勘探和采选                              0

2150199   其他资源勘探业支出                            510

21502     制造业                                22,559

2150201   行政运行                                1,264

2150202   一般行政管理事务                             122

2150204   纺织业                                   96

2150205   医药制造业                                793

2150206   非金属矿物制品业                              36

2150207   通信设备、计算机及其他电子设备制造业                  1,549

2150210   工艺品及其他制造业                              7

2150212   石油加工、炼焦及核燃料加工业                       300

2150213   化学原料及化学制品制造业                           0

2150299   其他制造业支出                            18,392

21503     建筑业                                20,629

2150301   行政运行                                  97

2150302   一般行政管理事务                               0

2150399   其他建筑业支出                            20,532

21505     工业和信息产业监管                         368,305

2150501   行政运行                               22,176

2150502   一般行政管理事务                            3,677

2150503   机关服务                                  31



                           第 40 页
1.4 2020年黑龙江省一般公共预算支出功能分类决算表
                                           单位：万元

科目编码                 科目名称            决算数

2150505   战备应急                                   27

2150506   信息安全建设                                 43

2150507   专用通信                                10,060

2150508   无线电监管                               10,602

2150510   工业和信息产业支持                          310,426

2150513   行业监管                                    1

2150599   其他工业和信息产业监管支出                       11,262

21507     国有资产监管                              25,330

2150701   行政运行                                 4,245

2150702   一般行政管理事务                             1,434

2150703   机关服务                                    3

2150799   其他国有资产监管支出                          19,648

21508     支持中小企业发展和管理支出                      154,265

2150801   行政运行                                 2,980

2150802   一般行政管理事务                             2,560

2150804   科技型中小企业技术创新基金                           0

2150805   中小企业发展专项                            14,050

2150806   减免房租补贴                               9,951

2150899   其他支持中小企业发展和管理支出                    124,724

21599     其他资源勘探工业信息等支出(款)                   424,071

2159904   技术改造支出                               5,941

2159906   重点产业振兴和技术改造项目贷款贴息                   31,994

2159999   其他资源勘探工业信息等支出(项)                   386,136

 216      商业服务业等支出                           194,708



                            第 41 页
1.4 2020年黑龙江省一般公共预算支出功能分类决算表
                                         单位：万元

科目编码               科目名称            决算数

21602     商业流通事务                           62,350

2160201   行政运行                             11,541

2160202   一般行政管理事务                          3,007

2160203   机关服务                                 0

2160216   食品流通安全补贴                           162

2160218   民贸企业补贴                              49

2160219   民贸民品贷款贴息                          1,057

2160250   事业运行                              5,445

2160299   其他商业流通事务支出                       41,089

21606     涉外发展服务支出                         63,899

2160601   行政运行                              1,202

2160602   一般行政管理事务                           184

2160603   机关服务                                21

2160607   外商投资环境建设补助资金                         5

2160699   其他涉外发展服务支出                       62,487

21699     其他商业服务业等支出(款)                    68,459

2169901   服务业基础设施建设                          892

2169999   其他商业服务业等支出(项)                    67,567

 217      金融支出                             84,581

21701     金融部门行政支出                          1,430

2170101   行政运行                               791

2170102   一般行政管理事务                           463

2170150   事业运行                                53

2170199   金融部门其他行政支出                         123



                          第 42 页
1.4 2020年黑龙江省一般公共预算支出功能分类决算表
                                           单位：万元

科目编码                 科目名称            决算数

21702     金融部门监管支出                               30

2170299   金融部门其他监管支出                             30

21703     金融发展支出                              78,745

2170302   利息费用补贴支出                              188

2170303   补充资本金                               72,750

2170399   其他金融发展支出                             5,807

21799     其他金融支出(款)                            4,376

2179901   其他金融支出(项)                            3,272

2179902   重点企业贷款贴息                             1,104

 219      援助其他地区支出                            32,147

21901     一般公共服务                                 47

21902     教育                                      0

21903     文化体育与传媒                                 0

21906     农业                                      0

21907     交通运输                                    0

21999     其他支出                                32,000

 220      自然资源海洋气象等支出                        269,788

22001     自然资源事务                             240,853

2200101   行政运行                                83,670

2200102   一般行政管理事务                            31,851

2200103   机关服务                                  669

2200104   自然资源规划及管理                           11,748

2200106   自然资源利用与保护                          -35,205

2200107   自然资源社会公益服务                             53



                            第 43 页
1.4 2020年黑龙江省一般公共预算支出功能分类决算表
                                         单位：万元

科目编码               科目名称            决算数

2200108   自然资源行业业务管理                         5,272

2200109   自然资源调查与确权登记                       10,923

2200112   土地资源储备支出                           3,874

2200113   地质矿产资源与环境调查                       22,925

2200114    地质勘查与矿产资源管理                       5,648

2200129   基础测绘与地理信息监管                        4,096

2200150   事业运行                              50,430

2200199   其他自然资源事务支出                        44,899

22005     气象事务                              13,512

2200501   行政运行                               2,355

2200502   一般行政管理事务                             499

2200504   气象事业机构                             3,961

2200506   气象探测                                   7

2200507   气象信息传输及管理                             20

2200508   气象预报预测                                83

2200509   气象服务                               1,246

2200510   气象装备保障维护                           2,630

2200511   气象基础设施建设与维修                           11

2200599   其他气象事务支出                           2,700

22099     其他自然资源海洋气象等支出(款)                  15,423

2209901   其他自然资源海洋气象等支出(项)                  15,423

 221      住房保障支出                          2,277,713

22101     保障性安居工程支出                       1,356,444

2210101   廉租住房                               6,886



                          第 44 页
1.4 2020年黑龙江省一般公共预算支出功能分类决算表
                                           单位：万元

科目编码                 科目名称            决算数

2210102   沉陷区治理                                  43

2210103   棚户区改造                              595,554

2210104   少数民族地区游牧民定居工程                           0

2210105   农村危房改造                              98,242

2210106   公共租赁住房                               2,336

2210107   保障性住房租金补贴                           39,643

2210108   老旧小区改造                             539,435

2210199   其他保障性安居工程支出                         74,305

22102     住房改革支出                             884,377

2210201   住房公积金                              634,549

2210202   提租补贴                               227,958

2210203   购房补贴                                21,870

22103     城乡社区住宅                              36,892

2210301   公有住房建设和维修改造支出                        1,682

2210302   住房公积金管理                             19,010

2210399   其他城乡社区住宅支出                          16,200

 222      粮油物资储备支出                           635,963

22201     粮油事务                               513,113

2220101   行政运行                                 9,970

2220102   一般行政管理事务                             1,860

2220104   粮食财务与审计支出                               7

2220105   粮食信息统计                                479

2220106   粮食专项业务活动                           101,126

2220115   粮食风险基金                             227,113



                            第 45 页
1.4 2020年黑龙江省一般公共预算支出功能分类决算表
                                           单位：万元

科目编码                 科目名称            决算数

2220150    事业运行                                2,806

2220199    其他粮油事务支出                          169,752

22202     物资事务                                 4,073

2220201    行政运行                                  28

2220211    仓库建设                                3,879

2220250    事业运行                                 152

2220299    其他物资事务支出                              14

22203     能源储备                                 6,905

22204     粮油储备                                33,001

22205     重要商品储备                              78,871

2220503    肉类储备                                  67

2220504    化肥储备                                2,695

2220509    食盐储备                                 168

2220599    其他重要商品储备支出                         13,128

 229      其他支出(类)                              9,899

22999     其他支出(款)                              9,899

2299901    其他支出(项)                             9,899

 224      灾害防治及应急管理支出                        371,319

22401     应急管理事务                              78,869

2240101    行政运行                               28,885

2240102    一般行政管理事务                            6,951

2240103    机关服务                                 235

2240104    灾害风险防治                              8,874

2240106    安全监管                               11,834



                            第 46 页
1.4 2020年黑龙江省一般公共预算支出功能分类决算表
                                         单位：万元

科目编码               科目名称            决算数

2240107   安全生产基础                               10

2240108   应急救援                               2,370

2240109   应急管理                               1,614

2240150   事业运行                               7,235

2240199   其他应急管理支出                          10,861

22402     消防事务                             108,156

2240201   行政运行                              11,268

2240202   一般行政管理事务                          11,977

2240203   机关服务                                549

2240204   消防应急救援                            74,367

2240299   其他消防事务支出                           9,995

22403     森林消防事务                            60,741

2240301   行政运行                                 16

2240302   一般行政管理事务                            128

2240304   森林消防应急救援                          60,079

2240399   其他森林消防事务支出                          518

22404     煤矿安全                              40,942

2240401   行政运行                               8,644

2240402   一般行政管理事务                           2,541

2240404   煤矿安全监察事务                           3,268

2240405   煤矿应急救援事务                            754

2240450   事业运行                               2,929

2240499   其他煤矿安全支出                          22,806

22405     地震事务                               8,479



                          第 47 页
1.4 2020年黑龙江省一般公共预算支出功能分类决算表
                                         单位：万元

科目编码               科目名称            决算数

2240501   行政运行                               1,171

2240502   一般行政管理事务                           6,108

2240504   地震监测                                 623

2240505   地震预测预报                                10

2240506   地震灾害预防                                 0

2240507   地震应急救援                                 1

2240508   地震环境探察                                10

2240509   防震减灾信息管理                             158

2240550   地震事业机构                               241

2240599   其他地震事务支出                             157

22406     自然灾害防治                            29,747

2240602   森林草原防灾减灾                          28,618

2240699   其他自然灾害防治支出                         1,129

22407     自然灾害救灾及恢复重建支出                     40,407

2240701   中央自然灾害生活补助                        12,659

2240702   地方自然灾害生活补助                         1,662

2240703   自然灾害救灾补助                          23,076

2240704   自然灾害灾后重建补助                         2,657

2240799   其他自然灾害救灾及恢复重建支出                      353

22499     其他灾害防治及应急管理支出                      3,978

 232      债务付息支出                          1,233,717

23203     地方政府一般债务付息支出                    1,233,717

2320301   地方政府一般债券付息支出                    1,198,580

2320302   地方政府向外国政府借款付息支出                      757



                          第 48 页
1.4 2020年黑龙江省一般公共预算支出功能分类决算表
                                           单位：万元

科目编码                 科目名称            决算数

2320303   地方政府向国际组织借款付息支出                      915

2320304   地方政府其他一般债务付息支出                     33,465

 233      债务发行费用支出                            6,678

23303     地方政府一般债务发行费用支出                      6,678




                            第 49 页
          1.5 2020年黑龙江省一般公共预算收支总表
                                                   单位：万元

           预算科目         决算数                 预算科目   决算数


一般公共预算收入                11,525,107 一般公共预算支出        54,494,110

上级补助收入                  39,018,290 上解上级支出            300,235

返还性收入                    1,185,795

 所得税基数返还收入                122,592

 成品油税费改革税收返还收入            312,400

 增值税税收返还收入                672,403

 消费税税收返还收入                137,800

 增值税“五五分享”税收返还收入           -59,400

 其他返还性收入                        0

一般性转移支付收入               35,456,847

 均衡性转移支付收入               8,315,100

 县级基本财力保障机制奖补资金收入        3,054,302

 结算补助收入                   879,043

 资源枯竭型城市转移支付补助收入          256,700

 产粮(油)大县奖励资金收入            720,136

 重点生态功能区转移支付收入            283,900

 固定数额补助收入                2,476,005

 革命老区转移支付收入                10,972

 民族地区转移支付收入                24,187

 边境地区转移支付收入               295,325

 贫困地区转移支付收入               249,782

 公共安全共同财政事权转移支付收入         213,850

 教育共同财政事权转移支付收入           697,568

 科学技术共同财政事权转移支付收入            4,950

 文化旅游体育与传媒共同财政事权转移支付收      63,456


                         第 50 页
         1.5 2020年黑龙江省一般公共预算收支总表
                                           单位：万元

          预算科目         决算数          预算科目   决算数


社会保障和就业共同财政事权转移支付收入     7,736,546

医疗卫生共同财政事权转移支付收入        1,031,438

节能环保共同财政事权转移支付收入         942,495

农林水共同财政事权转移支付收入         6,399,137

交通运输共同财政事权转移支付收入        1,219,867

资源勘探信息等共同财政事权转移支付收入          198

住房保障共同财政事权转移支付收入         299,485

粮油物资储备共同财政事权转移支付收入       229,322

灾害防治及应急管理共同财政事权转移支付收      42,228

其他共同财政事权转移支付收入               341

其他一般性转移支付收入               10,514

专项转移支付收入                2,375,648

一般公共服务                     8,067

国防                         2,706

公共安全                      94,353

教育                        85,292

科学技术                       3,518

文化旅游体育与传媒                 22,411

社会保障和就业                   24,271

卫生健康                     158,882

节能环保                     123,152

城乡社区                      16,266

农林水                      942,548

交通运输                      98,973



                        第 51 页
          1.5 2020年黑龙江省一般公共预算收支总表
                                               单位：万元

           预算科目    决算数                  预算科目   决算数


 资源勘探信息等              66,784

 商业服务业等               43,882

 金融                    1,375

 住房保障                387,990

 粮油物资储备               35,557

 灾害防治及应急管理            56,641

 其他收入                202,980

下级上解收入

待偿债置换一般债券上年结余            140

上年结余                3,946,585 补充预算周转金               -521

调入资金                 999,109 调出资金                  9,776

债务收入                8,188,406 债务还本支出            3,412,127

国债转贷资金上年结余                22 国债转贷资金结余                 22

动用预算稳定调节基金          2,588,741 安排预算稳定调节基金        3,506,316

                               待偿债置换一般债券结余             0

                               年终结余             4,544,335

                               减:结转下年的支出        4,544,335

                               净结余

收 入 总 计            66,266,400 支 出 总 计          66,266,400




                    第 52 页
   1.6 2020年省对市县、管委会税收返还和转移支付
               分项目决算表
                                   单位：万元

                   项目            决算数

                   总计                  31,836,619

返还性支出                                   1,842,529

所得税基数返还支出                                147,554

成品油税费改革税收返还支出                            121,406

增值税税收返还支出                                713,605

消费税税收返还支出                                107,188

增值税“五五分享”税收返还支出                          666,032

其他返还性支出                                   86,744

一般性转移支付支出                              28,108,794

均衡性转移支付支出                               5,307,409

县级基本财力保障机制奖补资金支出                        3,054,302

结算补助支出                                   864,820

资源枯竭型城市转移支付补助支出                          256,700

产粮(油)大县奖励资金支出                            703,533

重点生态功能区转移支付支出                            270,002

固定数额补助支出                                2,243,511

革命老区转移支付支出                                10,972

民族地区转移支付支出                                24,187

边境地区转移支付支出                               295,126

贫困地区转移支付支出                               469,783

公共安全共同财政事权转移支付支出                         197,455

教育共同财政事权转移支付支出                           706,500

科技共同财政事权转移支付支出                              2,969

文化旅游体育与传媒共同财政事权转移支付支出                     61,492



                        第 53 页
    1.6 2020年省对市县、管委会税收返还和转移支付
                分项目决算表
                                    单位：万元

                    项目            决算数

 社会保障和就业共同财政事权转移支付支出                    5,145,525

 卫生健康共同财政事权转移支付支出                       1,433,509

 节能环保共同财政事权转移支付支出                        518,680

 农林水共同财政事权转移支付支出                        5,085,803

 交通运输共同财政事权转移支付支出                        929,480

 资源勘探共同财政事权转移支付支出                            198

 住房保障共同财政事权转移支付支出                        480,042

 灾害防治及应急管理共同财政事权转移支付支出                    35,695

 其他一般性转移支付支出                              11,101

专项转移支付支出                                1,885,296

其中：基本建设支出                               1,293,083

 省级产业结构调整专项资金                            156,690

 农村综合改革转移支付资金                             45,955

 土地指标跨省域调剂资金                              39,900

 农村“厕所革命”奖补资金                             36,934

 扶持村级集体经济发展专项资金                           29,500

 城市管网及污水处理补助资金                            24,195

 外经贸发展专项资金                                22,371

 制造业高质量发展资金                               21,216

 中小企业发展专项资金                               19,190

 服务业发展专项资金                                18,500

 城镇老旧供热管网改造项目                             18,000

 普惠金融发展专项资金                               16,469

 工业企业结构调整专项奖补资金                           14,007



                         第 54 页
  1.6 2020年省对市县、管委会税收返还和转移支付
              分项目决算表
                                 单位：万元

                 项目            决算数

农村环境整治资金                             13,350

重大传染病防控经费                            12,779

文旅产业发展专项资金                           10,000

助企惠民专项资金                             10,000

应急物资保障体系建设补助资金                        7,866

水污染防治资金                               7,517

森林生态专项资金                              6,532




                      第 55 页
   1.7 2020年省对市县、管委会税收返还和转移支付
               分地区决算表
                                                                  单位：万元


   市县别    小计           返还性收入         一般性转移支付 其中：共同财政             专项转移支付
                                             事权转移支付
   市县合计   31,836,619     1,842,529     28,108,794   14,597,348     1,885,296

哈尔滨市合计     7,239,140     1,115,210      5,610,087    2,920,348      513,843

   市本级     4,379,297      992,435       3,068,303    1,601,832      318,559

    宾县      324,069        21,129        292,014      154,151        10,926

   方正县      206,326        10,828        179,258       78,738        16,240

   依兰县      301,481        17,185        267,902      136,816        16,394

   巴彦县      427,390        13,050        381,027      192,380        33,313

   木兰县      244,477         6,425        222,009      115,017        16,043

   通河县      230,914         7,743        209,438      106,450        13,733

   延寿县      274,016        12,951        239,155      127,778        21,910

   五常市      491,022        15,661        433,330      246,741        42,031

   尚志市      360,148        17,803        317,651      160,445        24,694

齐齐哈尔市合计    4,500,891      123,517       4,120,170    2,223,009      257,204

   市本级     1,220,522       50,219       1,095,518     465,575        74,785

   龙江县      379,278         8,444        350,300      208,529        20,534

   讷河市      485,761         8,582        453,810      297,275        23,369

   依安县      334,953         9,184        311,783      191,020        13,986

   泰来县      256,362         8,338        236,312      131,072        11,712

   甘南县      334,017         6,591        291,522      165,001        35,904

   富裕县      273,520         8,685        245,695      132,484        19,140

   克山县      351,060         6,612        334,406      198,313        10,042

   克东县      267,886        11,089        243,410      127,219        13,387

   拜泉县      452,354         4,944        419,571      241,749        27,839

   梅里斯区     145,178           829        137,843       64,772         6,506

牡丹江市合计     2,243,531      119,632       2,011,807     945,471       112,092

   市本级      788,374        35,729        722,267      313,095        30,378

   林口县      265,279        11,187        246,220      138,049         7,872

   穆棱市      278,095        18,345        238,781      124,242        20,969

   东宁市      215,395        15,352        174,454       81,559        25,589

   宁安市      267,274         8,806        251,903      121,854         6,565

   海林市      250,515        13,466        230,554      139,569         6,495

   绥芬河市     178,599        16,747        147,628       27,103        14,224




                          第 56 页
   1.7 2020年省对市县、管委会税收返还和转移支付
               分地区决算表
                                                              单位：万元


   市县别    小计          返还性收入       一般性转移支付 其中：共同财政            专项转移支付
                                          事权转移支付
佳木斯市合计    2,640,335      86,236      2,378,677   1,267,362      175,422

   市本级     769,831       28,915       702,810     335,657        38,106

   桦南县     386,109        8,454       354,181     203,789        23,474

   桦川县     221,771        6,327       203,310     102,880        12,134

   汤原县     229,436        5,218       212,952     104,174        11,266

   抚远市     259,279        8,165       214,987     121,379        36,127

   富锦市     488,652       17,830       433,378     270,118        37,444

   同江市     285,257       11,327       257,059     129,365        16,871

鸡西市合计     1,515,337      56,529      1,408,919    693,531        49,889

   市本级     690,326       28,461       642,379     319,400        19,486

   鸡东县     247,669        9,577       227,212      93,057        10,880

   密山市     324,006       10,412       306,853     158,970         6,741

   虎林市     253,336        8,079       232,475     122,104        12,782

鹤岗市合计     1,046,508      32,639       927,638     448,005        86,231

   市本级     652,582       17,069       569,053     272,920        66,460

   萝北县     195,526       10,273       175,176      87,354        10,077

   绥滨县     198,400        5,297       183,409      87,731         9,694

双鸭山市合计    1,398,963      46,732      1,287,186    626,171        65,045

   市本级     556,502       15,477       518,608     220,108        22,417

   集贤县     222,518        8,990       205,234     108,912         8,294

   宝清县     320,071       11,880       291,363     164,191        16,828

   友谊县      74,276        5,078        65,415      14,096         3,783

   饶河县     225,596        5,307       206,566     118,864        13,723

七台河市合计     758,082       15,621       685,650     361,784        56,811
   市本级     494,682        4,467       450,679     242,124        39,536

   勃利县     263,400       11,154       234,971     119,660        17,275

黑河市合计     1,987,824      57,776      1,837,009   1,020,144       93,039

   市本级     259,394       14,233       210,201      65,508        34,960

   北安市     393,074       13,872       360,771     221,258        18,431

   嫩江县     439,575       10,450       423,348     285,165         5,777

  五大连池市    296,055        5,323       278,806     172,474        11,926

   逊克县     203,304        3,787       195,525     101,055         3,992

   孙吴县     168,070        3,030       157,187      74,612         7,853

   爱辉区     228,352        7,081       211,171     100,072        10,100




                        第 57 页
   1.7 2020年省对市县、管委会税收返还和转移支付
               分地区决算表
                                                                单位：万元


   市县别    小计           返还性收入        一般性转移支付 其中：共同财政            专项转移支付
                                            事权转移支付
伊春市合计     1,860,344       25,442       1,775,089   1,043,485       59,813

   市本级    1,460,897       16,842       1,406,911    861,979        37,144

   铁力市     242,644         5,226        222,146     114,053        15,272

   嘉荫县     156,803         3,374        146,032      67,453         7,397

大庆市合计     1,906,746       -23,980      1,806,384    802,073       124,342

   市本级     838,939       -127,594       909,736     290,180        56,797

   林甸县     264,174        22,432        215,692     128,807        26,050

   肇州县     250,494        28,249        213,005     122,377         9,240

   肇源县     320,154        26,074        277,568     156,792        16,512

   杜蒙县     232,985        26,859        190,383     103,917        15,743

大兴安岭合计     771,744        22,960        690,564     333,177        58,220

   行署本级    304,040         3,128        294,476     187,535         6,436

  加格达奇区    121,681         9,681         86,246      23,242        25,754

   呼玛县     152,039         3,270        138,632      62,579        10,137

   塔河县      83,758         2,813         77,223      24,288         3,722

   漠河县     110,226         4,068         93,987      35,533        12,171

绥化市合计     3,943,642      150,191       3,560,106   1,912,788      233,345
   市本级     666,116        39,053        587,637     267,665        39,426

   安达市     318,171        34,694        271,707     164,221        11,770

   肇东市     401,040        27,777        356,451     214,024        16,812

   兰西县     324,372         7,184        297,609     156,179        19,579

   青冈县     412,162         6,041        368,395     201,742        37,726

   明水县     276,169         6,525        259,607     134,125        10,037

   海伦市     651,827         8,377        585,262     353,332        58,188

   望奎县     344,408         7,089        323,829     160,406        13,490

   绥棱县     254,821         5,810        244,922     129,445         4,089

   庆安县     294,556         7,641        264,687     131,649        22,228

建三江管委会      16,905        10,747          6,158

九三管委会          4,131       1,799          2,332

共青管委会           600          147            453

方正管委会          1,519       1,207            312

沾河管委会           377          124            253




                         第 58 页
     1.8 2020年黑龙江省政府性基金收入决算表
                                                             单位：万元

                                                   完成         比上年
          项     目        预算数          决算数
                                                  预算数的%      （同比）+-%

            合   计         3,729,833   4,494,399      120.5        18.9

一、国家电影事业发展专项资金收入             2,400       1,173        48.9        -27.2

二、小型水库移民扶助基金收入               1,200       1,201       100.1         -7.6

三、国有土地使用权出让收入             3,144,036   3,958,910      125.9        38.0

四、国有土地收益基金收入                30,520      57,051       186.9          7.3

五、农业土地开发资金收入                 6,842      15,321       223.9        70.6

六、城市基础设施配套费收入              280,449     238,521        85.0        -22.3

七、污水处理费收入                   60,595      56,227        92.8        -13.7

八、大中型水库库区基金收入                1,100       1,363       123.9          7.0

九、国家重大水利工程建设基金收入             7,700       8,006       104.0        -36.1

十、车辆通行费                     39,820      32,270        81.0        -89.0

十一、港口建设费收入                       10          0                   -100.0

十二、彩票发行机构和彩票销售机构的业务费用       30,392      21,988        72.3        -27.2

十三、彩票公益金收入                 124,750      99,106        79.4        -25.0

十四、其他政府性基金收入                     19         14        73.7        -95.4

十五、专项债券对应项目专项收入                   0      3,248                    48.0




                        第 59 页
         1.9 2020年黑龙江省政府性基金支出决算表
                                                                     单位：万元
                                                                      比上年
                                                            为调整
                项目                调整预算数         决算数                  （同比）+-
                                                            预算％
                                                                       %

                合计                11,782,748   10,480,433     88.9       82.3

文化旅游体育与传媒支出                           8,247         6,948     84.2      -13.2

国家电影事业发展专项资金安排的支出                     4,294         3,873                18.0

旅游发展基金支出                              3,953         3,075     77.8      -34.9

社会保障和就业支出                            44,016       37,781      85.8       41.4

大中型水库移民后期扶持基金支出                      41,253       36,762      89.1       39.2

小型水库移民扶助基金安排的支出                       2,763         1,019

城乡社区支出                             6,977,097    6,076,372     87.1       47.8

国有土地使用权出让收入安排的支出                   3,881,047    3,062,728     78.9       52.7

国有土地收益基金及对应专项债务收入安排的支出               25,617       21,078      82.3      -65.5

农业土地开发资金安排的支出                         7,388         2,130     28.8      -12.7

城市基础设施配套费安排的支出                      246,579      180,080      73.0      -11.5

污水处理费安排的支出                           51,071       46,042      90.2      -18.0

土地储备专项债券收入安排的支出                           0            0

棚户区改造专项债券收入安排的支出                    318,024      318,024     100.0      -73.1

城市基础设施配套费对应专项债务收入安排的支出             2,262,256    2,261,175    100.0

污水处理费对应专项债务收入安排的支出                  185,115      185,115     100.0

农林水支出                                26,957         8,726     32.4       -4.1

大中型水库库区基金安排的支出                        3,484         1,417     40.7      264.3

国家重大水利工程建设基金安排的支出                    23,473         7,309     31.1      -16.1




                         第 60 页
         1.9 2020年黑龙江省政府性基金支出决算表
                                                                   单位：万元
                                                                    比上年
                                                          为调整
              项目                 调整预算数        决算数                  （同比）+-
                                                          预算％
                                                                     %

交通运输支出                             488,785     455,239      93.1      -28.7

车辆通行费安排的支出                          48,282      20,799      43.1      -92.8

港口建设费安排的支出                           3,524       3,210      91.1      -55.0

民航发展基金支出                            44,879      39,130      87.2      -58.3

政府收费公路专项债券收入安排的支出                  392,100     392,100     100.0

其他支出                              1,618,506   1,524,176     94.2      133.6

其他政府性基金及对应专项债务收入安排的支出             1,433,608   1,401,424     97.8      192.9

彩票发行销售机构业务费安排的支出                    35,639      25,964      72.9      -12.0

彩票公益金安排的支出                         149,259      96,788      64.8      -33.1

债务付息支出                             470,760     470,760     100.0       58.1

债务发行费用支出                             2,526       2,526                -39.7

抗疫特别国债安排的支出                       2,145,854   1,897,905




                        第 61 页
           1.10 2020年黑龙江省政府性基金收支总表
                                                    单位：万元

           项目       决算数                    项目       决算数

政府性基金收入              4,494,399 政府性基金支出              10,480,433

上级补助收入               2,466,992 政府性基金补助下级支出

政府性基金转移支付收入           116,992

抗疫特别国债转移支付收入         2,350,000

政府性基金下级上解收入                      政府性基金上解上级支出

调入资金                   22,350 政府性基金调出资金               870,672




债务收入                 5,354,131 债务还本支出                 765,661

债务转贷收入                           债务转贷支出

待偿债置换专项债券上年结余             1,099 待偿债置换专项债券结余                 0

政府性基金上年结余            1,080,110 政府性基金年终结余             1,302,315

  收    入    总   计   13,419,081     支   出    总   计   13,419,081




                          第 62 页
   1.11 2020年省对市县、管委会政府性基金转移支付
                分项目决算表
                                                单位：万元

                                                 比上年
                  项目            决算数
                                                （同比）+-%

                  合计              2,319,810

国家电影事业发展专项资金相关支出                        1,921       -46.3

旅游发展基金支出                                2,772       -25.4

大中型水库移民后期扶持基金支出                        33,214         6.2

小型水库移民扶助基金相关支出                          1,156       102.8

国有土地使用权出让相关支出                          97,723        77.0

大中型水库库区基金相关支出                           1,455        80.7

民航发展基金支出                                  537       -98.5

彩票公益金安排的支出                             35,178       -53.5

抗疫特别国债安排的支出                           2145854




                       第 63 页
  1.12 2020年省对市县、管委会政府性基金转移支付
               分地区决算表
                                单位：万元

          市县别             决算数


          市县合计                   2,319,810


哈尔滨市合计                            579,277

          市本级                     444,071

           宾县                      12,554

          方正县                      14,546

          依兰县                      17,014

          巴彦县                      15,220

          木兰县                      15,933

          通河县                      11,610

          延寿县                       7,022

          五常市                      12,983

          尚志市                      28,324

齐齐哈尔市合计                           210,167

          市本级                      64,302

          龙江县                      14,513

          讷河市                      41,905

          依安县                      16,095

          泰来县                       6,145

          甘南县                      13,048

          富裕县                      10,417

          克山县                      21,094

          克东县                       5,758

          拜泉县                      10,832




                 第 64 页
  1.12 2020年省对市县、管委会政府性基金转移支付
               分地区决算表
                               单位：万元

         市县别             决算数


         梅里斯区                     6,058

牡丹江市合计                          211,598

         市本级                     94,651

         林口县                     14,088

         穆棱市                     13,111

         东宁市                      8,966

         宁安市                     27,803

         海林市                     16,632

         绥芬河市                    36,347

佳木斯市合计                          169,606

         市本级                     86,113

         桦南县                     18,777

         桦川县                     16,950

         汤原县                     10,539

         抚远市                      6,027

         富锦市                     22,831

         同江市                      8,369

鸡西市合计                            64,523

         市本级                     40,111

         鸡东县                      9,776

         密山市                      9,014

         虎林市                      5,622




                第 65 页
  1.12 2020年省对市县、管委会政府性基金转移支付
               分地区决算表
                                单位：万元

         市县别              决算数


鹤岗市合计                             48,630

         市本级                      36,857

         萝北县                       3,337

         绥滨县                       8,436

双鸭山市合计                           130,434

         市本级                      35,649

         集贤县                      17,796

         宝清县                      62,471

         友谊县                       2,391

         饶河县                      12,127

七台河市合计                            48,266

         市本级                      37,204

         勃利县                      11,062

黑河市合计                            356,222

         市本级                     278,139

         北安市                      19,442

         嫩江县                      14,576

         五大连池市                    12,965

         逊克县                       7,344

         孙吴县                      16,601

         爱辉区                       7,155

伊春市合计                            108,948

         市本级                      67,685

         铁力市                      21,842

         嘉荫县                      19,421



                 第 66 页
  1.12 2020年省对市县、管委会政府性基金转移支付
               分地区决算表
                                单位：万元

         市县别              决算数


大庆市合计                            127,720

         市本级                      68,443

         林甸县                      21,434

         肇州县                      14,278

         肇源县                       9,538

         杜蒙县                      14,027

大兴安岭合计                            38,217

         行署本级                      6,618

         加格达奇区                     5,882

         呼玛县                      10,169

         塔河县                       7,482

         漠河县                       8,066

绥化市合计                            226,202

         市本级                      59,001

         安达市                      21,222

         肇东市                      18,371

         兰西县                      28,977

         青冈县                      22,493

         明水县                      13,222

         海伦市                      29,063

         望奎县                      10,848

         绥棱县                      12,720

         庆安县                      10,285




                 第 67 页
       1.13 2020年黑龙江省国有资本经营收入决算表
                                                        单位：万元

           项目           调整预算数           决算数            为调整预算％

           合计                  46,966         48,445       103.1

利润收入                           33,620         36,608       108.9

电力企业利润收入                          43             43

机械企业利润收入                           0              0

投资服务企业利润收入                     10,250         10,846       105.8

纺织轻工企业利润收入                       590            590        100.0

贸易企业利润收入                           0              0

建筑施工企业利润收入                       129            129        100.0

农林牧渔企业利润收入                       106            121        114.2

地质勘查企业利润收入                        56             56        100.0

教育文化广播企业利润收入                       2              2        100.0

科学研究企业利润收入                       205            205        100.0

机关社团所属企业利润收入                      12             12        100.0

金融企业利润收入                        9,998          9,998       100.0

其他国有资本经营预算企业利润收入               12,229         14,606       119.4

股利、股息收入                         2,996          3,090       103.1

国有控股公司股利、股息收入                      0            105

国有参股公司股利、股息收入                   1,800          1,952       108.4

金融企业股利、股息收入                      500            569        113.8

其他国有资本经营预算企业股利、股息收入              696            464         66.7

产权转让收入                          6,480          6,480       100.0

国有股权、股份转让收入                     6,480          6,480       100.0

清算收入                            1,600            45          2.8

国有独资企业清算收入                      1,600             0          0.0

其他国有资本经营预算收入                    2,270          2,267        99.9


                      第 68 页
    1.14 2020年黑龙江省国有资本经营支出决算表
                                                      单位：万元

             项目        调整预算数           决算数           为调整预算％


             合计              102,570     87,684           85.5

解决历史遗留问题及改革成本支出               34,964     20,159           57.7

厂办大集体改革支出                        86            44         51.2

国有企业办职教幼教补助支出                  5,475         5,182        94.6

国有企业退休人员社会化管理补助支出             14,712         8,070

国有企业改革成本支出                     5,645         5,645       100.0

其他解决历史遗留问题及改革成本支出              9,046         1,218        13.5

国有企业资本金注入                     64,236     64,155           99.9

国有经济结构调整支出                    57,181     57,181          100.0

公益性设施投资支出                       234           234        100.0

其他国有企业资本金注入                    6,821         6,740        98.8

其他国有资本经营预算支出(款)                3,370         3,370       100.0

其他国有资本经营预算支出(项)                3,370         3,370       100.0




                    第 69 页
      1.15 2020年黑龙江省国有资本经营收支总表
                                                     单位:万元

        项目           决算数                项目           决算数


国有资本经营预算收入             48,445 国有资本经营预算支出               87,684

国有资本经营预算上级补助收入         14,547 国有资本经营预算补助下级支出

国有资本经营预算上年结余           69,301 国有资本经营预算上解上级支出

国有资本经营预算下级上解收入                  国有资本经营预算调出资金           29,723

国有资本经营预算省补助计划单列市收入              国有资本经营预算省补助计划单列市支出

国有资本经营预算计划单列市上解省收入              国有资本经营预算计划单列市上解省支出

                                国有资本经营预算年终结余           14,886

      收 入 总 计         132,293         支 出 总 计         132,293




                           第 70 页
 1.16 2020年省对市县国有资本经营转移支付决算表

                                         单位:万元

      项目名称          决算数          市县别     决算数

国有企业退休人员社会化管理补助支出    14,547      哈尔滨市      3,279

                                齐齐哈尔市      1,995

                                 牡丹江市      1,413

                                佳木斯市        961

                                 鸡西市       2,172

                                 鹤岗市           64

                                 双鸭山市          33

                                 七台河市          21

                                 黑河市           92

                                 伊春市        209

                                 大庆市       3,490

                                大兴安岭地区      325

                                 绥化市        493

       合 计           14,547      合计       14,547




                       第 71 页
    1.17 2020年黑龙江省地方政府一般债务余额表
                                                单位：万元

             项   目               预算数            决算数

一、2019年末地方政府一般债务余额实际数                            35,737,916

二、2020年末地方政府一般债务余额限额               41,274,302

三、2020年地方政府一般债务发行额                                8,188,406

四、2020年地方政府一般债务还本额                                3,412,127

五、2020年采取其他方式化解一般债务额                                  1,017

六、2020年末地方政府一般债务余额实际数                            40,513,178




                        第 72 页
  1.18 2020年黑龙江省地方政府一般债券
           分地区发行情况表
                                             单位：万元

 地区      合计               新增一般债券          再融资一般债券

 全省           8,154,640       4,751,744       3,402,896

 省本级          1,061,175        649,557         411,618

地市合计          7,093,465       4,102,187       2,991,278

哈尔滨市          2,675,319       1,305,290       1,370,029

齐齐哈尔市          499,869         262,914         236,955

牡丹江市           435,786         180,196         255,590

佳木斯市           602,184         452,676         149,508

 鸡西市           416,926         324,944          91,982

 鹤岗市           172,859          88,337          84,522

双鸭山市           313,868         195,242         118,626

七台河市           319,454         261,838          57,616

 黑河市           289,611         239,372          50,239

 伊春市           265,600         138,222         127,378

 大庆市           368,949         122,593         246,356

大兴安岭地区          50,779          29,359          21,420

 绥化市           682,261         501,204         181,057




                   第 73 页
1.19 2020年中央转贷地方的国际金融组织和外国
          政府贷款分地区情况表
                                      单位：万元

  地区     合计            国际金融组织        外国政府

  全省          33,766        33,766

  省本级

 地市合计         33,766        33,766

 哈尔滨市         16,071        16,071

 齐齐哈尔市

 牡丹江市         17,695        17,695

 佳木斯市

  鸡西市

  鹤岗市

 双鸭山市

 七台河市

  黑河市

  伊春市

  大庆市

大兴安岭地区

  绥化市




                第 74 页
       1.20 2020年黑龙江省地方政府一般债务
                分地区余额情况表
                                                          单位：万元

 地区        2019年末余额               2020年限额             2020年末余额

 全省              35,737,916            41,274,302           40,513,178

 省本级              5,015,697             5,862,517            5,664,971

地市合计             30,722,219            35,411,785           34,848,207

哈尔滨市             13,558,354            15,153,384           14,882,258

齐齐哈尔市             2,105,029             2,401,478            2,366,802

牡丹江市              2,579,614             2,827,729            2,778,836

佳木斯市              1,889,368             2,371,559            2,341,180

 鸡西市               969,292              1,313,408            1,293,155

 鹤岗市              1,007,810             1,110,809            1,096,103

双鸭山市              1,530,057             1,750,192            1,724,661

七台河市               981,346              1,246,731            1,243,110

 黑河市               665,404                  914,808           902,071

 伊春市              1,264,422             1,423,595            1,401,250

 大庆市              1,779,724             1,936,560            1,901,714

大兴安岭地区             223,734                  259,101           252,656

 绥化市              2,168,065             2,702,431            2,664,411




                         第 75 页
      1.21 2020年黑龙江省地方政府一般债务
                还本付息情况表
                                                                       单位：万元

              一般债务还本付息额                           其中：一般债券还本付息额
 地区
         小计          本金            利息          小计          本金          利息

 全省      4,645,844   3,412,127     1,233,717   4,606,828   3,408,248   1,198,580

 省本级      575,806     411,618       164,188     575,802     411,618     164,184

地市合计     4,070,038   3,000,509    1,069,529    4,031,026   2,996,630   1,034,396

哈尔滨市     1,938,961   1,373,331      565,630    1,927,400   1,371,011    556,389

齐齐哈尔市     269,613     237,559        32,054     269,066     237,559      31,507

牡丹江市      315,916     255,608        60,308     315,916     255,608      60,308

佳木斯市      190,330     149,533        40,797     190,330     149,533      40,797

 鸡西市      114,514      91,983        22,531     114,489      91,983      22,506

 鹤岗市       98,566      84,536        14,030      98,343      84,536      13,807

双鸭山市      179,253     118,956        60,297     178,925     118,629      60,296

七台河市       74,901      57,617        17,284      74,897      57,617      17,280

 黑河市       90,676      50,810        39,866      79,959      50,810      29,149

 伊春市      182,985     129,788        53,197     182,985     129,788      53,197

 大庆市      314,287     247,864        66,423     300,644     246,632      54,012

大兴安岭地区     30,844      21,858         8,986      30,844      21,858       8,986

 绥化市      269,192     181,066        88,126     267,228     181,066      86,162




                                 第 76 页
   1.22 2020年黑龙江省地方政府专项债务余额表
                                               单位：万元

             项   目               预算数           决算数

一、2019年末地方政府专项债务余额实际数                           11,748,110

二、2020年末地方政府专项债务余额限额              17,721,762

三、2020年地方政府专项债务发行额                               5,354,131

四、2020年地方政府专项债务还本额                                765,661

五、2020年采取其他方式化解专项债务额                                 4,589

六、2020年末地方政府专项债务余额实际数                           16,331,991




                        第 77 页
  1.23 2020年黑龙江省地方政府专项债券
           分地区发行情况表
                                             单位：万元

 地区      合计               新增专项债券          再融资专项债券

 全省           5,354,131       4,590,000        764,131

 省本级           717,429         717,429              0

地市合计          4,636,702       3,872,571        764,131

哈尔滨市          2,796,218       2,226,737        569,481

齐齐哈尔市          155,942         145,989           9,953

牡丹江市           147,141         140,668           6,473

佳木斯市           212,465         208,430           4,035

 鸡西市           145,625         121,513          24,112

 鹤岗市            70,431          70,431              0

双鸭山市           139,465         131,120           8,345

七台河市           288,476         279,407           9,069

 黑河市           119,428         113,178           6,250

 伊春市            20,829          20,829              0

 大庆市           302,909         180,168         122,741

大兴安岭地区          43,230          41,433           1,797

 绥化市           194,543         192,668           1,875




                   第 78 页
       1.24 2020年黑龙江省地方政府专项债务
                分地区余额情况表
                                                            单位：万元

 地区        2019年末余额                2020年限额             2020年末余额

 全省              11,748,110             17,721,762           16,331,991

 省本级               639,272               1,717,337            1,356,203

地市合计             11,108,838             16,004,425           14,975,788

哈尔滨市              7,753,953             10,205,283            9,975,819

齐齐哈尔市              521,550                   724,637           667,539

牡丹江市               504,529                   821,249           645,197

佳木斯市               271,762                   638,260           480,192

 鸡西市                  98,159                 226,216           219,672

 鹤岗市               146,357                   269,819           216,788

双鸭山市               180,227                   343,741           311,347

七台河市               189,087                   511,539           468,494

 黑河市               101,144                   215,552           214,003

 伊春市               158,302                   280,613           179,131

 大庆市               629,372                   908,056           809,540

大兴安岭地区                22,363                  64,076              63,365

 绥化市               532,033                   795,384           724,701




                          第 79 页
   1.25 2020年黑龙江省地方政府专项债务
             还本付息情况表
                                                                单位：万元

              专项债务还本付息额                     其中：专项债券还本付息额
 地区
         小计          本金        利息         小计          本金         利息

  全省     1,236,421   765,661   470,760    1,236,421   765,661    470,760

 省本级        2,169                2,169       2,169                 2,169

 地市合计    1,234,252   765,661   468,591    1,234,252   765,661    468,591

 哈尔滨市     947,549    570,580   376,969     947,549    570,580    376,969

齐齐哈尔市      16,112      9,953     6,159      16,112      9,953      6,159

 牡丹江市      19,933      6,473    13,460      19,933      6,473     13,460

 佳木斯市      14,566      4,035    10,531      14,566      4,035     10,531

 鸡西市       24,836     24,112        724     24,836     24,112       724

 鹤岗市

 双鸭山市      15,182      8,345     6,837      15,182      8,345      6,837

 七台河市      12,262      9,069     3,193      12,262      9,069      3,193

 黑河市       10,886      6,250     4,636      10,886      6,250      4,636

 伊春市        1,711                1,711       1,711                 1,711

 大庆市      145,728    122,741    22,987     145,728    122,741     22,987

大兴安岭地区      3,050      2,228        822      3,050      2,228       822

 绥化市       22,437      1,875    20,562      22,437      1,875     20,562




                           第 80 页
1.26 2020年黑龙江省地方政府债券资金安排情况表
                                                                          单位：万元
                         小计                  省级留用                  转贷市县
      项 目
                  一般债券 专项债券 一般债券 专项债券 一般债券 专项债券

      合计          8,154,640   5,354,131 1,061,175   717,429   7,093,465    4,636,702

一、新增地方政府债券        4,751,744   4,590,000   649,557   717,429   4,102,187    3,872,571

（一）一般公共服务支出         66,349                 35,349               31,000

（二）公共安全支出           23,398                 21,198                2,200

（三）教育支出            198,882                 55,034              143,848

（四）科学技术支出           98,372                  1,180               97,192

（五）文化旅游体育与传媒支出      32,559                 18,559               14,000

（六）社会保障和就业支出        13,288                  5,288
                                                                 8,000
（七）卫生健康支出           53,313                 27,613               25,700

（八）节能环保支出         1,035,122               145,482              889,640

（九）城乡社区支出         2,385,972   2,765,395    18,273             2,367,699    2,765,395

（十）农林水支出            84,431                 51,273               33,158

（十一）交通运输支出         481,080     392,100    264,622   392,100    216,458

（十二）资源勘探工业信息等支出        559                   559

（十三）自然资源海洋气象等支出      4,571                  4,571

（十四）住房保障支出         273,292                                     273,292

（十五）粮油物资储备支出           373                   373

（十六）灾害防治及应急管理支出        183                   183

（十七）其他支出                      1,432,505             325,329                1,107,176

二、再融资债券           3,402,896    764,131    411,618             2,991,278     764,131




                                  第 81 页
               1.27 2020年黑龙江省社会保险基金收入决算表
                                                                                                   单位：万元
                                                       职工基本医疗保
                            城乡居民基本养       机关事业单位基      险（含生育保       城乡居民基本医
       项   目    合计                                                                   工伤保险基金       失业保险基金
                             老保险基金        本养老保险基金        险）          疗保险基金
                                                         基金
本年收入           10,846,303       634,209      4,424,102    3,704,401    1,773,025        124,893      185,673

其中:社会保险费收入      6,277,539       160,136      1,719,178     3,532,591      631,677        97,343      136,614

 利息收入            142,567         16,628        11,924        56,340        21,384         3,380       32,911

 财政补贴收入         4,071,648       454,524      2,506,412       31,693      1,078,486         260          273

 委托投资收益                0             0              0             0             0             0            0

 其他收入            132,052           321         49,610        45,205        24,052        11,845        1,019

 转移收入            174,898          2,422       136,971        33,895             0             0        1,610

 中央调剂资金收入              0             0              0             0             0             0            0




                                             第 82 页
               1.28 2020年黑龙江省社会保险基金支出决算表
                                                                                                  单位：万元
                                                      职工基本医疗保
                           城乡居民基本养       机关事业单位基      险（含生育保       城乡居民基本医
       项   目   合计                                                                   工伤保险基金       失业保险基金
                            老保险基金        本养老保险基金        险）          疗保险基金
                                                        基金
本年支出           9,348,829       468,237      4,173,147    2,845,463    1,323,680        150,816      387,486

其中:社会保险待遇支出    8,706,805       465,573      4,112,988     2,764,190     1,152,037      138,637       73,380

 其他支出           274,361             9          7,224        31,574        17,653           25       217,876

 转移支出           101,587          2,651        52,922        45,018             0             0         996

 中央调剂资金支出             0             0              0             0             0             0            0




                                            第 83 页
第二部分 2020 年黑龙江省本级财政决算




         第 84 页
               2.1 2020年黑龙江省本级财政收支决算总表
                                                                                             单位:万元

                                    省本级                                      管委会
      预算科目
                                                   比上年                                      比上年
                    2019决算数        2020决算数                     2019决算数      2020决算数
                                                  （同比）+-%                                  （同比）+-%
省本级收入合计                3,433,820      2,623,467        -23.6       47,697       37,495          -21.4

 一般公共预算收入              3,000,432      2,447,012        -18.4       47,697       37,495          -21.4

 政府性基金预算收入              412,921        163,310         -60.5

 国有资本经营预算收入              20,467         13,145         -35.8

省本级支出合计               10,110,999     11,689,274        15.6        54,009       33,157          -38.6

 一般公共预算支出              9,452,069     10,877,315        15.1        52,420       29,839          -43.1

 政府性基金预算支出              642,764        804,920         25.2         1,589          3,318        108.8

 国有资本经营预算支出              16,166           7,039        -56.5

注：本表未含社会保险基金预算收支。




                                          第 85 页
   2.2 2020年黑龙江省本级一般公共预算收入决算表
              （不含管委会）
                                                                     单位：万元

                                                         完成调整        比上年
       预算科目       预算数         调整预算数          决算数
                                                         预算数的%      （同比）+-%

一、税收收入            2,279,400     2,279,400    1,750,794       76.8       -22.7

 增值税              1,297,890     1,297,890     964,923        74.3       -26.0

 企业所得税             235,500       235,500      225,218        95.6        -5.5

 个人所得税              42,017        42,017       38,477        91.6        -6.8

 资源税               535,133       535,133      373,136        69.7       -28.3

 城市维护建设税                500            500         716      143.2       170.2

 房产税                22,340        22,340       19,605        87.8        -8.2

 印花税                 6,987         6,987        6,548        93.7         1.5

 城镇土地使用税            42,136        42,136       36,448        86.5       -10.1

 土地增值税              35,572        35,572       33,258        93.5        -1.3

 车船税                11,971        11,971       12,622       105.4        11.2

 耕地占用税                    0              0           0

 契税                 39,040        39,040       32,659        83.7       -11.3

 烟叶税                      0              0           0

 环境保护税               3,728         3,728        3,426        91.9        -2.3

 其他税收收入              6,586         6,586        3,758        57.1       -41.7

二、非税收入             750,600       750,600      696,218        92.8        -5.4

 专项收入              246,814       246,814      191,188        77.5       -21.5

 行政事业性收费收入         162,051       162,051      113,418        70.0       -33.5

 罚没收入              105,557       105,557       86,418        81.9       -17.9

 国有资本经营收入                 0              0     97,371

 国有资源(资产)有偿使用收入    221,630       221,630      192,883        87.0         4.3

 其他收入               14,548        14,548       14,940       102.7       -52.0

   本年收入合计         3,030,000     3,030,000    2,447,012       80.8       -18.4



                              第 86 页
   2.3 2020年黑龙江省本级一般公共预算支出决算表
               （不含管委会）
                                                                    单位：万元

                                                        完成调整        比上年
     预算科目        预算数         调整预算数         决算数
                                                        预算数的%      （同比）+-%

一、一般公共服务支出        251,763       361,537      257,509        71.2        -15.6

二、国防支出             14,657        23,918       14,000        58.5        -53.8

三、公共安全支出          933,510      1,343,133    1,022,630       76.1          3.6

四、教育支出           1,307,711     1,577,637    1,240,705       78.6          1.6

五、科学技术支出          147,061       218,850      182,920        83.6          0.3

六、文化旅游体育与传媒支出     118,603       157,401      139,942        88.9        26.1

七、社会保障和就业支出      2,109,523     4,186,245    3,702,987       88.5        70.2

八、卫生健康支出          248,097       544,492      386,325        71.0        27.1

九、节能环保支出          757,524       560,230      526,618        94.0        -27.2

十、城乡社区支出            4,226       -172,004     -172,573      100.3       -190.3

十一、农林水支出          617,114      2,329,448    1,738,641       74.6        14.0

十二、交通运输支出         787,938      1,066,900     875,118        82.0        21.6

十三、资源勘探信息等支出      151,656       155,376      150,468        96.8        18.8

十四、商业服务业等支出         4,555        25,418         8,590       33.8         -7.0

十五、金融支出                 0        71,580       71,580       100.0        12.9

十六、援助其他地区支出        32,000        32,000       32,000       100.0         -5.7

十七、自然资源海洋气象等支出     75,594        23,716         6,078       25.6        -92.4

十八、住房保障支出         116,640       126,296      116,828        92.5          4.8

十九、粮油物资储备支出       229,542       384,019      292,332        76.1         -2.0

二十、灾害防治及应急管理支出     46,571       146,445      119,183        81.4        20.2

二十、预备费            100,000             0            0

二十一、其他支出          310,021       272,309          603         0.2       -111.8

二十二、债务付息支出        121,344       164,188      164,188       100.0          4.0

二十三、债务发行费用支出            0           643          643       100.0        19.7

   本年支出合计        8,485,650    13,599,777   10,877,315       80.0        15.1



                             第 87 页
          2.4 2020年黑龙江省本级一般公共预算支出
               功能分类决算表（不含管委会）
                                            单位：万元

科目编码                  科目名称            决算数

             一般公共预算支出                       10,877,315

 201       一般公共服务支出                           257,509

20101      人大事务                                 7,505

2010101    行政运行                                 4,488

2010102    一般行政管理事务                             1,489

2010103    机关服务                                   304

2010104    人大会议                                   313

2010105    人大立法                                   188

2010106    人大监督                                    96

2010107    人大代表履职能力提升                               0

2010108    代表工作                                   500

2010109    人大信访工作                                   0

2010150    事业运行                                     0

2010199    其他人大事务支出                               127

20102      政协事务                                 5,100

2010201    行政运行                                 2,767

2010202    一般行政管理事务                             1,359

2010203    机关服务                                   204

2010204    政协会议                                   424

2010205    委员视察                                   145

2010206    参政议政                                     0

2010250    事业运行                                     0

2010299    其他政协事务支出                               201

20103      政府办公厅(室)及相关机构事务                     43,187



                             第 88 页
          2.4 2020年黑龙江省本级一般公共预算支出
               功能分类决算表（不含管委会）
                                           单位：万元

科目编码                 科目名称            决算数

2010301    行政运行                              12,803

2010302    一般行政管理事务                          11,388

2010303    机关服务                                  0

2010304    专项服务                                  0

2010305    专项业务活动                             5,519

2010306    政务公开审批                                0

2010308    信访事务                                442

2010309    参事事务                                 33

2010350    事业运行                               4,978

2010399    其他政府办公厅(室)及相关机构事务支出                8,024

20104      发展与改革事务                           11,324

2010401    行政运行                               4,647

2010402    一般行政管理事务                           2,961

2010403    机关服务                                  0

2010404    战略规划与实施                             170

2010405    日常经济运行调节                              0

2010406    社会事业发展规划                           1,156

2010407    经济体制改革研究                             50

2010408    物价管理                                247

2010450    事业运行                               1,188

2010499    其他发展与改革事务支出                         905

20105      统计信息事务                            11,337

2010501    行政运行                               2,340

2010502    一般行政管理事务                              5



                            第 89 页
          2.4 2020年黑龙江省本级一般公共预算支出
               功能分类决算表（不含管委会）
                                          单位：万元

科目编码                科目名称            决算数

2010503    机关服务                                 0

2010504    信息事务                                47

2010505    专项统计业务                            5,380

2010506    统计管理                               142

2010507    专项普查活动                            3,042

2010508    统计抽样调查                               0

2010550    事业运行                                61

2010599    其他统计信息事务支出                         320

20106      财政事务                             17,998

2010601    行政运行                              5,348

2010602    一般行政管理事务                          4,868

2010603    机关服务                                 0

2010604    预算改革业务                               0

2010605    财政国库业务                            2,933

2010606    财政监察                                 0

2010607    信息化建设                             3,230

2010608    财政委托业务支出                           131

2010650    事业运行                              1,071

2010699    其他财政事务支出                           417

20107      税收事务                              2,630

2010701    行政运行                              2,535

2010702    一般行政管理事务                            95

2010703    机关服务                                 0

2010704    税务办案                                 0



                           第 90 页
          2.4 2020年黑龙江省本级一般公共预算支出
               功能分类决算表（不含管委会）
                                          单位：万元

科目编码                科目名称            决算数

2010705    发票管理及税务登记                            0

2010706    代扣代收代征税款手续费                          0

2010707    税务宣传                                 0

2010708    协税护税                                 0

2010709    信息化建设                                0

2010750    事业运行                                 0

2010799    其他税收事务支出                             0

20108      审计事务                             10,789

2010801    行政运行                              4,322

2010802    一般行政管理事务                           670

2010803    机关服务                                 0

2010804    审计业务                              3,179

2010805    审计管理                                 0

2010806    信息化建设                                0

2010850    事业运行                               684

2010899    其他审计事务支出                          1,934

20109      海关事务                                71

2010901    行政运行                                 0

2010902    一般行政管理事务                            71

2010950    事业运行                                 0

2010999    其他海关事务支出                             0

20110      人力资源事务                           11,390

2011001    行政运行                              1,313

2011002    一般行政管理事务                             9



                           第 91 页
          2.4 2020年黑龙江省本级一般公共预算支出
               功能分类决算表（不含管委会）
                                           单位：万元

科目编码                 科目名称            决算数

2011003    机关服务                                  0

2011004    政府特殊津贴                                0

2011005    资助留学回国人员                              0

2011007    博士后日常经费                               0

2011008    引进人才费用                             6,897

2011050    事业运行                                384

2011099    其他人力资源事务支出                         2,787

20113      商贸事务                              13,106

2011301    行政运行                               3,863

2011302    一般行政管理事务                            917

2011303    机关服务                                  0

2011304    对外贸易管理                                0

2011305    国际经济合作                               28

2011306    外资管理                                  0

2011307    国内贸易管理                                0

2011308    招商引资                               3,218

2011350    事业运行                               2,164

2011399    其他商贸事务支出                           2,916

20114      知识产权事务                             2,003

2011401    行政运行                                631

2011402    一般行政管理事务                            461

2011405    国家知识产权战略                             71

2011409    知识产权宏观管理                            147

2011450    事业运行                                440



                            第 92 页
          2.4 2020年黑龙江省本级一般公共预算支出
               功能分类决算表（不含管委会）
                                          单位：万元

科目编码                科目名称            决算数

2011499    其他知识产权事务支出                        253

20123      民族事务                             1,830

2012301    行政运行                             1,100

2012302    一般行政管理事务                           15

2012303    机关服务                                0

2012304    民族工作专项                            645

2012350    事业运行                                0

2012399    其他民族事务支出                           70

20126      档案事务                             2,000

2012601    行政运行                             1,655

2012602    一般行政管理事务                          155

2012603    机关服务                                0

2012604    档案馆                               150

2012699    其他档案事务支出                           40

20128      民主党派及工商联事务                       2,808

2012801    行政运行                             2,448

2012802    一般行政管理事务                          306

2012803    机关服务                                0

2012804    参政议政                               54

2012850    事业运行                                0

2012899    其他民主党派及工商联事务支出                      0

20129      群众团体事务                           9,426

2012901    行政运行                             3,476

2012902    一般行政管理事务                         2,245



                           第 93 页
          2.4 2020年黑龙江省本级一般公共预算支出
               功能分类决算表（不含管委会）
                                          单位：万元

科目编码                科目名称            决算数

2012903    机关服务                                   0

2012906    工会事务                                   0

2012950    事业运行                               1,970

2012999    其他群众团体事务支出                         1,735

20138       市场监督管理事务                         28,351

2013801    行政运行                               8,175

2013802    一般行政管理事务                           1,179

2013803    机关服务                                   0

2013804    市场主体管理                             4,051

2013805    市场秩序执法                             2,631

2013808    信息化建设                                589

2013810    质量基础                                   0

2013812    药品事务                               1,713

2013813    医疗器械事务                                90

2013814    化妆品事务                                260

2013815    质量安全监管                               176

2013816    食品安全监管                             1,028

2013850    事业运行                               3,617

2013899    其他市场监督管理事务                         4,842

20199      其他一般公共服务支出(款)                      2,073

 203       国防支出                              14,000

 204       公共安全支出                          1,022,630

20401      武装警察部队(款)                            983

20402      公安                               122,491



                           第 94 页
          2.4 2020年黑龙江省本级一般公共预算支出
               功能分类决算表（不含管委会）
                                          单位：万元

科目编码                科目名称            决算数

20404      检察                               202,488

20405      法院                               365,037

20406      司法                                 8,807

20499      其他公共安全支出(款)                            0

 205       教育支出                            1,240,705

20501      教育管理事务                             9,621

2050101    行政运行                               4,394

2050102    一般行政管理事务                           2,874

2050103    机关服务                                   0

2050199    其他教育管理事务支出                         2,353

20502      普通教育                             969,097

2050201    学前教育                               2,212

2050202    小学教育                              34,592

2050203    初中教育                                   0

2050204    高中教育                               9,306

2050205    高等教育                             922,987

2050206    化解农村义务教育债务支出                           0

2050299    其他普通教育支出                               0

20503      职业教育                             233,884

2050301    初等职业教育                                 0

2050302    中等职业教育                            23,891

2050303    技校教育                              19,302

2050305    高等职业教育                           189,919

2050399    其他职业教育支出                             772



                           第 95 页
          2.4 2020年黑龙江省本级一般公共预算支出
               功能分类决算表（不含管委会）
                                           单位：万元

科目编码                 科目名称            决算数

20504      成人教育                                136

2050401    成人初等教育                                0

2050402    成人中等教育                                0

2050403    成人高等教育                               82

2050404    成人广播电视教育                             54

2050499    其他成人教育支出                              0

20505      广播电视教育                             3,237

2050501    广播电视学校                             3,237

2050502    教育电视台                                 0

2050599    其他广播电视教育支出                            0

20507      特殊教育                                  0

2050701    特殊学校教育                                0

2050702    工读学校教育                                0

2050799    其他特殊教育支出                              0

20508      进修及培训                             25,004

2050801    教师进修                               7,755

2050802    干部教育                              11,893

2050803    培训支出                                695

2050804    退役士兵能力提升                             -45

2050899    其他进修及培训                            4,706

20509      教育费附加安排的支出                            0

2050901    农村中小学校舍建设                             0

2050902    农村中小学教学设施                             0

2050903    城市中小学校舍建设                             0



                            第 96 页
          2.4 2020年黑龙江省本级一般公共预算支出
               功能分类决算表（不含管委会）
                                           单位：万元

科目编码                 科目名称            决算数

2050904    城市中小学教学设施                              0

2050905    中等职业学校教学设施                             0

2050999    其他教育费附加安排的支出                           0

20599      其他教育支出(款)                            -274

2059999    其他教育支出(项)                            -274

 206       科学技术支出                            182,920

20601      科学技术管理事务                            5,688

2060101    行政运行                                3,974

2060102    一般行政管理事务                             924

2060103    机关服务                                   0

2060199    其他科学技术管理事务支出                         790

20602      基础研究                               15,016

2060201    机构运行                                3,480

2060203    自然科学基金                             11,525

2060204    重点实验室及相关设施                             0

2060206    专项基础科研                                 0

2060299    其他基础研究支出                              11

20603      应用研究                               80,627

2060301    机构运行                               63,108

2060302    社会公益研究                              5,598

2060303    高技术研究                               3,052

2060399    其他应用研究支出                            8,869

20604      技术研究与开发                            26,974

2060401    机构运行                                4,079



                            第 97 页
          2.4 2020年黑龙江省本级一般公共预算支出
               功能分类决算表（不含管委会）
                                           单位：万元

科目编码                 科目名称            决算数

2060404    科技成果转化与扩散                          7,563

2060499    其他技术研究与开发支出                       15,332

20605      科技条件与服务                               0

2060501    机构运行                                  0

2060502    技术创新服务体系                              0

2060503    科技条件专项                                0

2060599    其他科技条件与服务支出                           0

20606      社会科学                               7,627

2060601    社会科学研究机构                           7,450

2060602    社会科学研究                              174

2060699    其他社会科学支出                              3

20607      科学技术普及                             3,972

2060701    机构运行                                221

2060702    科普活动                                  0

2060703    青少年科技活动                               0

2060704    学术交流活动                              203

2060705    科技馆站                               2,140

2060799    其他科学技术普及支出                         1,408

20608      科技交流与合作                             340

2060801    国际交流与合作                               7

2060899    其他科技交流与合作支出                         333

20609      科技重大项目                             9,839

2060901    科技重大专项                             9,839

20699      其他科学技术支出(款)                       32,837



                            第 98 页
          2.4 2020年黑龙江省本级一般公共预算支出
               功能分类决算表（不含管委会）
                                           单位：万元

科目编码                 科目名称            决算数

2069901    科技奖励                                 662

2069999    其他科学技术支出(项)                        32,175

 207       文化旅游体育与传媒支出                       139,942

20701      文化和旅游                              31,853

2070101    行政运行                                1,856

2070102    一般行政管理事务                             339

2070103    机关服务                                   0

2070104    图书馆                                 3,291

2070105    文化展示及纪念机构                              0

2070106    艺术表演场所                                 0

2070107    艺术表演团体                              6,470

2070108    文化活动                                   0

2070109    群众文化                                 468

2070110    文化和旅游交流与合作                           112

2070111    文化创作与保护                              614

2070112    文化和旅游市场管理                            325

2070113    旅游宣传                                  71

2070114    文化和旅游管理事务                              0

2070199    其他文化和旅游支出                          18,307

20702      文物                                  9,242

2070201    行政运行                                   0

2070202    一般行政管理事务                               0

2070204    文物保护                                2,115

2070205    博物馆                                 6,659



                            第 99 页
          2.4 2020年黑龙江省本级一般公共预算支出
               功能分类决算表（不含管委会）
                                            单位：万元

科目编码                 科目名称             决算数

2070206    历史名城与古迹                                0

2070299    其他文物支出                               468

20703      体育                                 29,040

2070301    行政运行                                 928

2070302    一般行政管理事务                             439

2070303    机关服务                                   0

2070304    运动项目管理                                 -2

2070305    体育竞赛                                   0

2070306    体育训练                               18,073

2070307    体育场馆                                9,040

2070308    群众体育                                   0

2070309    体育交流与合作                                0

2070399    其他体育支出                               562

20706      新闻出版电影                              7,469

2070601    行政运行                                   0

2070602    一般行政管理事务                              75

2070603    机关服务                                   0

2070604    新闻通讯                                   0

2070605    出版发行                                1,149

2070606    版权管理                                   0

2070607    电影                                     0

2070699    其他新闻出版电影支出                          6,245

20708      广播电视                               39,612

2070801    行政运行                                1,377



                            第 100 页
          2.4 2020年黑龙江省本级一般公共预算支出
               功能分类决算表（不含管委会）
                                            单位：万元

科目编码                 科目名称             决算数

2070802    一般行政管理事务                               218

2070803    机关服务                                     0

2070804    广播                                   5,988

2070805    电视                                   3,061

2070899    其他广播电视支出                            28,968

20799      其他文化旅游体育与传媒支出(款)                    22,726

2079902    宣传文化发展专项支出                           1,553

2079903    文化产业发展专项支出                           3,319

2079999    其他文化旅游体育与传媒支出(项)                    17,854

 208       社会保障和就业支出                         3,702,987

20801      人力资源和社会保障管理事务                        9,774

2080101    行政运行                                 4,699

2080102    一般行政管理事务                                 0

2080103    机关服务                                     0

2080104    综合业务管理                                 347

2080105    劳动保障监察                                  18

2080106    就业管理事务                                 117

2080107    社会保险业务管理事务                              66

2080108    信息化建设                                2,634

2080109    社会保险经办机构                               308

2080110    劳动关系和维权                                 16

2080111    公共就业服务和职业技能鉴定机构                        117

2080112    劳动人事争议调解仲裁                             158

2080199    其他人力资源和社会保障管理事务支出                    1,294



                            第 101 页
          2.4 2020年黑龙江省本级一般公共预算支出
               功能分类决算表（不含管委会）
                                            单位：万元

科目编码                 科目名称             决算数

20802      民政管理事务                               4,035

2080201    行政运行                                 2,352

2080202    一般行政管理事务                                0

2080203    机关服务                                    0

2080206    社会组织管理                                 38

2080207    行政区划和地名管理                              65

2080208    基层政权建设和社区治理                            16

2080299    其他民政管理事务支出                           1,564

20805      行政事业单位养老支出                         940,160

2080501    行政单位离退休                            158,840

2080502    事业单位离退休                            110,887

2080503    离退休人员管理机构                               0

2080505    机关事业单位基本养老保险缴费支出                    93,587

2080506    机关事业单位职业年金缴费支出                      13,288

2080507    对机关事业单位基本养老保险基金的补助                 719,695

2080599    其他行政事业单位养老支出                      -156,137

20806      企业改革补助                              33,887

2080601    企业关闭破产补助                            19,356

2080602    厂办大集体改革补助                               0

2080699    其他企业改革发展补助                          14,531

20807      就业补助                                12,872

2080701    就业创业服务补贴                                0

2080702    职业培训补贴                              12,851

2080704    社会保险补贴                                  0



                            第 102 页
          2.4 2020年黑龙江省本级一般公共预算支出
               功能分类决算表（不含管委会）
                                            单位：万元

科目编码                 科目名称             决算数

2080705    公益性岗位补贴                                 0

2080709    职业技能鉴定补贴                                0

2080711    就业见习补贴                                  0

2080712    高技能人才培养补助                               0

2080713    求职创业补贴                                  0

2080799    其他就业补助支出                               21

20808      抚恤                                   2,558

2080801    死亡抚恤                                  682

2080802    伤残抚恤                                   23

2080803    在乡复员、退伍军人生活补助                           0

2080804    优抚事业单位支出                             1,604

2080805    义务兵优待                                   0

2080806    农村籍退役士兵老年生活补助                           0

2080899    其他优抚支出                                249

20809      退役安置                               177,084

20810      社会福利                                 9,004

2081001    儿童福利                                  883

2081002    老年福利                                  265

2081003    康复辅具                                   98

2081004    殡葬                                      0

2081005    社会福利事业单位                             7,373

2081099    其他社会福利支出                              385

20811      残疾人事业                                 744

2081101    行政运行                                  739



                            第 103 页
          2.4 2020年黑龙江省本级一般公共预算支出
               功能分类决算表（不含管委会）
                                           单位：万元

科目编码                科目名称             决算数

2081102    一般行政管理事务                                7

2081103    机关服务                                    0

2081104    残疾人康复                                -942

2081105    残疾人就业和扶贫                              423

2081106    残疾人体育                                 127

2081107    残疾人生活和护理补贴                              0

2081199    其他残疾人事业支出                             390

20816      红十字事业                                 689

2081601    行政运行                                  265

2081602    一般行政管理事务                               71

2081699    其他红十字事业支出                             353

20819      最低生活保障                             18,104

2081901    城市最低生活保障金支出                        18,104

2081902    农村最低生活保障金支出                             0

20820      临时救助                                  247

2082001    临时救助支出                                  0

2082002    流浪乞讨人员救助支出                            247

20821      特困人员救助供养                                2

2082101    城市特困人员救助供养支出                            2

2082102    农村特困人员救助供养支出                            0

20825      其他生活救助                                  0

2082501    其他城市生活救助                                0

2082502    其他农村生活救助                                0

20826      财政对基本养老保险基金的补助                   2,479,665



                           第 104 页
          2.4 2020年黑龙江省本级一般公共预算支出
               功能分类决算表（不含管委会）
                                            单位：万元

科目编码                科目名称              决算数

2082601    财政对企业职工基本养老保险基金的补助                2,478,910

2082602    财政对城乡居民基本养老保险基金的补助                     755

2082699    财政对其他基本养老保险基金的补助                         0

20827      财政对其他社会保险基金的补助                           0

2082701    财政对失业保险基金的补助                             0

2082702    财政对工伤保险基金的补助                             0

2082703    财政对生育保险基金的补助                             0

2082799    其他财政对社会保险基金的补助                           0

20828      退役军人管理事务                             2,899

2082801    行政运行                                 1,035

2082802    一般行政管理事务                               432

2082803    机关服务                                     0

2082804    拥军优属                                   203

2082805    部队供应                                   166

2082850    事业运行                                 1,057

2082899    其他退役军人事务管理支出                             6

20830      财政代缴社会保险费支出                              0

2083001    财政代缴城乡居民基本养老保险费支出                        0

2083099    财政代缴其他社会保险费支出                            0

20899      其他社会保障和就业支出(款)                      11,263

2089901    其他社会保障和就业支出(项)                      11,263

 210       卫生健康支出                             386,325

21001      卫生健康管理事务                             8,565

2100101    行政运行                                 4,113



                            第 105 页
          2.4 2020年黑龙江省本级一般公共预算支出
               功能分类决算表（不含管委会）
                                             单位：万元

科目编码                  科目名称             决算数

2100102    一般行政管理事务                               694

2100103    机关服务                                     0

2100199    其他卫生健康管理事务支出                          3,758

21002      公立医院                                108,313

2100201    综合医院                                 66,755

2100202    中医(民族)医院                             34,222

2100203    传染病医院                                 4,642

2100204    职业病防治医院                                197

2100205    精神病医院                                 1,327

2100206    妇幼保健医院                                  78

2100207    儿童医院                                    12

2100208    其他专科医院                                2,036

2100209    福利医院                                     0

2100210    行业医院                                   -956

2100212    康复医院                                     0

2100299    其他公立医院支出                                 0

21003      基层医疗卫生机构                               583

2100301    城市社区卫生机构                                 0

2100302    乡镇卫生院                                    0

2100399    其他基层医疗卫生机构支出                           583

21004      公共卫生                                141,720

2100401    疾病预防控制机构                             36,900

2100402    卫生监督机构                                  58

2100403    妇幼保健机构                                1,233



                             第 106 页
          2.4 2020年黑龙江省本级一般公共预算支出
               功能分类决算表（不含管委会）
                                            单位：万元

科目编码                 科目名称             决算数

2100404    精神卫生机构                                  6

2100405    应急救治机构                                 80

2100406    采供血机构                                   0

2100407    其他专业公共卫生机构                            156

2100408    基本公共卫生服务                             3,660

2100409    重大公共卫生服务                             6,171

2100410    突发公共卫生事件应急处理                        93,359

2100499    其他公共卫生支出                               97

21006      中医药                                  2,113

2100601    中医(民族医)药专项                           2,113

2100699    其他中医药支出                                 0

21007      计划生育事务                                137

2100716    计划生育机构                                  0

2100717    计划生育服务                                 32

2100799    其他计划生育事务支出                            105

21011      行政事业单位医疗                           109,406

21012      财政对基本医疗保险基金的补助                       9,443

2101201    财政对职工基本医疗保险基金的补助                        0

2101202    财政对城乡居民基本医疗保险基金的补助                   9,443

2101299    财政对其他基本医疗保险基金的补助                        0

21013      医疗救助                                 3,494

2101301    城乡医疗救助                               1,118

2101302    疾病应急救助                               2,376

2101399    其他医疗救助支出                                0



                            第 107 页
          2.4 2020年黑龙江省本级一般公共预算支出
               功能分类决算表（不含管委会）
                                           单位：万元

科目编码                科目名称             决算数

21014      优抚对象医疗                                86

2101401    优抚对象医疗补助                              86

2101499    其他优抚对象医疗支出                             0

21015      医疗保障管理事务                            1,380

2101501    行政运行                                1,102

2101502    一般行政管理事务                             118

2101503    机关服务                                   0

2101504    信息化建设                                111

2101505    医疗保障政策管理                               0

2101506    医疗保障经办事务                              23

2101550    事业运行                                   4

2101599    其他医疗保障管理事务支出                          22

21016      老龄卫生健康事务(款)                           14

2101601    老龄卫生健康事务(项)                           14

21099      其他卫生健康支出(款)                         1,071

2109901    其他卫生健康支出(项)                         1,071

 211       节能环保支出                            526,618

21101      环境保护管理事务                            3,322

2110101    行政运行                                2,122

2110102    一般行政管理事务                            1,031

2110103    机关服务                                   0

2110104    生态环境保护宣传                               6

2110105    环境保护法规、规划及标准                          65

2110107    生态环境保护行政许可                            78



                           第 108 页
          2.4 2020年黑龙江省本级一般公共预算支出
               功能分类决算表（不含管委会）
                                            单位：万元

科目编码                 科目名称             决算数

2110199    其他环境保护管理事务支出                           20

21102      环境监测与监察                               661

2110203    建设项目环评审查与监督                             0

2110204    核与辐射安全监督                              228

2110299    其他环境监测与监察支出                           433

21103      污染防治                                 3,817

2110301    大气                                   2,596

2110302    水体                                    919

2110303    噪声                                      0

2110304    固体废弃物与化学品                             267

2110305    放射源和放射性废物监管                            35

2110399    其他污染防治支出                                0

21104      自然生态保护                              21,757

2110401    生态保护                                18,635

2110402    农村环境保护                               2,674

2110404    生物及物种资源保护                             107

2110499    其他自然生态保护支出                            341

21105      天然林保护                              480,789

2110501    森林管护                                 6,561

2110502    社会保险补助                             163,949

2110503    政策性社会性支出补助                          87,592

2110506    天然林保护工程建设                               0

2110507    停伐补助                               219,287

2110599    其他天然林保护支出                            3,400



                            第 109 页
          2.4 2020年黑龙江省本级一般公共预算支出
               功能分类决算表（不含管委会）
                                             单位：万元

科目编码                  科目名称             决算数

21106      退耕还林还草                                102

2110602    退耕现金                                    0

2110603    退耕还林粮食折现补贴                              0

2110604    退耕还林粮食费用补贴                              0

2110605    退耕还林工程建设                               45

2110699    其他退耕还林还草支出                             57

21108      退牧还草                                    0

2110804    退牧还草工程建设                                0

21109      已垦草原退耕还草(款)                             0

2110901    已垦草原退耕还草(项)                             0

21110      能源节约利用(款)                             556

2111001    能源节约利用(项)                             556

21111      污染减排                                13,858

2111101    生态环境监测与信息                            8,655

2111102    生态环境执法监察                             1,003

2111103    减排专项支出                               4,200

2111199    其他污染减排支出                                0

21112      可再生能源(款)                              875

2111201    可再生能源(项)                              875

21113      循环经济(款)                                 0

2111301    循环经济(项)                                 0

21114      能源管理事务                                244

2111401    行政运行                                    0

2111413    农村电网建设                                  0



                             第 110 页
          2.4 2020年黑龙江省本级一般公共预算支出
               功能分类决算表（不含管委会）
                                           单位：万元

科目编码                科目名称             决算数

2111450    事业运行                                   0

2111499    其他能源管理事务支出                           244

21199      其他节能环保支出(款)                          637

2119901    其他节能环保支出(项)                          637

 212       城乡社区支出                           -172,573

21201      城乡社区管理事务                           5,078

2120101    行政运行                               2,006

2120102    一般行政管理事务                           2,182

2120103    机关服务                                   0

2120104    城管执法                                   0

2120105    工程建设标准规范编制与监管                          0

2120106    工程建设管理                                 0

2120107    市政公用行业市场监管                             0

2120109    住宅建设与房地产市场监管                           0

2120110    执业资格注册、资质审查                            0

2120199    其他城乡社区管理事务支出                         890

21202      城乡社区规划与管理(款)                         629

2120201    城乡社区规划与管理(项)                         629

21203      城乡社区公共设施                          15,114

2120303    小城镇基础设施建设                              0

2120399    其他城乡社区公共设施支出                      15,114

21205      城乡社区环境卫生(款)                            0

2120501    城乡社区环境卫生(项)                            0

21206      建设市场管理与监督(款)                         515



                           第 111 页
          2.4 2020年黑龙江省本级一般公共预算支出
               功能分类决算表（不含管委会）
                                            单位：万元

科目编码                 科目名称             决算数

2120601    建设市场管理与监督(项)                           515

21299      其他城乡社区支出(款)                       -193,909

 213       农林水支出                             1,738,641

21301      农业农村                               411,782

2130101    行政运行                                 7,977

2130102    一般行政管理事务                               799

2130103    机关服务                                     0

2130104    事业运行                                10,321

2130105    农垦运行                                 1,551

2130106    科技转化与推广服务                            1,073

2130108    病虫害控制                               16,936

2130109    农产品质量安全                                864

2130110    执法监管                                   104

2130111    统计监测与信息服务                              392

2130112    行业业务管理                                  18

2130114    对外交流与合作                                  0

2130119    防灾救灾                                   132

2130120    稳定农民收入补贴                                 0

2130121    农业结构调整补贴                            55,248

2130122    农业生产发展                             206,822

2130124    农村合作经济                                  32

2130125    农产品加工与促销                                 0

2130126    农村社会事业                                   8

2130135    农业资源保护修复与利用                            572



                            第 112 页
          2.4 2020年黑龙江省本级一般公共预算支出
               功能分类决算表（不含管委会）
                                            单位：万元

科目编码                 科目名称             决算数

2130142    农村道路建设                                  0

2130148    成品油价格改革对渔业的补贴                        1,444

2130152    对高校毕业生到基层任职补助                           0

2130153    农田建设                                78,412

2130199    其他农业农村支出                            29,077

21302      林业和草原                              360,303

2130201    行政运行                                 8,608

2130202    一般行政管理事务                              831

2130203    机关服务                                   34

2130204    事业机构                                16,159

2130205    森林资源培育                             141,919

2130206    技术推广与转化                               783

2130207    森林资源管理                             136,967

2130209    森林生态效益补偿                             7,230

2130210    自然保护区等管理                             3,407

2130211    动植物保护                                4,141

2130212    湿地保护                                 8,311

2130213    执法与监督                                1,082

2130217    防沙治沙                                   14

2130220    对外合作与交流                                 0

2130221    产业化管理                                  12

2130223    信息管理                                   85

2130226    林区公共支出                                  3

2130227    贷款贴息                                    0



                            第 113 页
          2.4 2020年黑龙江省本级一般公共预算支出
               功能分类决算表（不含管委会）
                                           单位：万元

科目编码                科目名称             决算数

2130234    林业草原防灾减灾                            3,777

2130235    国家公园                                   0

2130236    草原管理                                 154

2130237    行业业务管理                               116

2130299    其他林业和草原支出                          26,670

21303      水利                                126,141

2130301    行政运行                                1,961

2130302    一般行政管理事务                             850

2130303    机关服务                                   0

2130304    水利行业业务管理                            4,433

2130305    水利工程建设                             74,790

2130306    水利工程运行与维护                           2,211

2130308    水利前期工作                              8,327

2130309    水利执法监督                                 0

2130310    水土保持                                1,294

2130311    水资源节约管理与保护                          4,464

2130312    水质监测                                   0

2130313    水文测报                               13,948

2130314    防汛                                  8,337

2130315    抗旱                                   166

2130316    农村水利                                   0

2130317    水利技术推广                                 1

2130318    国际河流治理与管理                              0

2130319    江河湖库水系综合整治                             0



                           第 114 页
          2.4 2020年黑龙江省本级一般公共预算支出
               功能分类决算表（不含管委会）
                                           单位：万元

科目编码                科目名称             决算数

2130321    大中型水库移民后期扶持专项支出                    760

2130322    水利安全监督                               0

2130333    信息管理                                 0

2130334    水利建设征地及移民支出                          0

2130335    农村人畜饮水                               0

2130399    其他水利支出                            4,599

21305      扶贫                                1,213

2130501    行政运行                               624

2130502    一般行政管理事务                           419

2130503    机关服务                                 0

2130504    农村基础设施建设                             0

2130505    生产发展                               113

2130506    社会发展                                 0

2130507    扶贫贷款奖补和贴息                            0

2130550    扶贫事业机构                              52

2130599    其他扶贫支出                               5

21307      农村综合改革                            1,928

2130701    对村级一事一议的补助                           0

2130704    国有农场办社会职能改革补助                        0

2130705    对村民委员会和村党支部的补助                       0

2130706    对村集体经济组织的补助                          0

2130707    农村综合改革示范试点补助                         0

2130799    其他农村综合改革支出                        1,928

21308      普惠金融发展支出                          3,331



                           第 115 页
          2.4 2020年黑龙江省本级一般公共预算支出
               功能分类决算表（不含管委会）
                                            单位：万元

科目编码                 科目名称             决算数

2130801    支持农村金融机构                                0

2130802    涉农贷款增量奖励                                0

2130803    农业保险保费补贴                             3,216

2130804    创业担保贷款贴息                                0

2130805    补充创业担保贷款基金                              0

2130899    其他普惠金融发展支出                            115

21309      目标价格补贴                             820,005

2130999    其他目标价格补贴                           820,005

21399      其他农林水支出(款)                          13,938

2139901    化解其他公益性乡村债务支出                           0

2139999    其他农林水支出(项)                          13,938

 214       交通运输支出                             875,118

21401      公路水路运输                             408,730

2140101    行政运行                                 7,343

2140102    一般行政管理事务                             5,736

2140103    机关服务                                    0

2140104    公路建设                                57,885

2140106    公路养护                               190,421

2140109    交通运输信息化建设                            8,302

2140110    公路和运输安全                                 2

2140111    公路还贷专项                              70,709

2140112    公路运输管理                              16,321

2140114    公路和运输技术标准化建设                            0

2140122    港口设施                                    0



                            第 116 页
          2.4 2020年黑龙江省本级一般公共预算支出
               功能分类决算表（不含管委会）
                                           单位：万元

科目编码                科目名称             决算数

2140123    航道维护                               21,922

2140128    救助打捞                                 524

2140129    内河运输                                   0

2140130    远洋运输                                   0

2140131    海事管理                                   2

2140136    水路运输管理支出                            2,281

2140138    口岸建设                                   0

2140139    取消政府还贷二级公路收费专项支出                       0

2140199    其他公路水路运输支出                         27,282

21402      铁路运输                              136,630

2140201    行政运行                                   0

2140202    一般行政管理事务                               1

2140203    机关服务                                   0

2140204    铁路路网建设                            112,500

2140205    铁路还贷专项                             10,722

2140206    铁路安全                                   1

2140207    铁路专项运输                                 0

2140299    其他铁路运输支出                           13,406

21403      民用航空运输                              7,400

2140304    机场建设                                6,303

2140306    民航还贷专项支出                            1,029

2140307    民用航空安全                                 0

2140308    民航专项运输                                 0

2140399    其他民用航空运输支出                            68



                           第 117 页
          2.4 2020年黑龙江省本级一般公共预算支出
               功能分类决算表（不含管委会）
                                            单位：万元

科目编码                 科目名称             决算数

21404      成品油价格改革对交通运输的补贴                       -412

2140401    对城市公交的补贴                              -412

2140402    对农村道路客运的补贴                              0

2140403    对出租车的补贴                                 0

2140499    成品油价格改革补贴其他支出                           0

21405      邮政业支出                                  96

2140501    行政运行                                    0

2140502    一般行政管理事务                                0

2140503    机关服务                                    0

2140504    行业监管                                    0

2140599    其他邮政业支出                                96

21406      车辆购置税支出                            322,561

2140601    车辆购置税用于公路等基础设施建设支出                 322,483

2140602    车辆购置税用于农村公路建设支出                        78

2140603    车辆购置税用于老旧汽车报废更新补贴                       0

2140699    车辆购置税其他支出                               0

21499      其他交通运输支出(款)                           113

2149901    公共交通运营补助                                0

2149999    其他交通运输支出(项)                           113

 215       资源勘探工业信息等支出                        150,468

21501      资源勘探开发                              15,154

2150101    行政运行                                 1,762

2150102    一般行政管理事务                               11

2150104    煤炭勘探开采和洗选                            7,796



                            第 118 页
          2.4 2020年黑龙江省本级一般公共预算支出
               功能分类决算表（不含管委会）
                                            单位：万元

科目编码                 科目名称             决算数

2150105    石油和天然气勘探开采                             0

2150106    黑色金属矿勘探和采选                             0

2150107    有色金属矿勘探和采选                          5,585

2150108    非金属矿勘探和采选                              0

2150199    其他资源勘探业支出                              0

21502      制造业                                    1

2150201    行政运行                                   0

2150202    一般行政管理事务                               1

2150204    纺织业                                    0

2150205    医药制造业                                  0

2150206    非金属矿物制品业                               0

2150207    通信设备、计算机及其他电子设备制造业                     0

2150210    工艺品及其他制造业                              0

2150212    石油加工、炼焦及核燃料加工业                         0

2150213    化学原料及化学制品制造业                           0

2150299    其他制造业支出                                0

21503      建筑业                                20,000

2150301    行政运行                                   0

2150302    一般行政管理事务                               0

2150399    其他建筑业支出                            20,000

21505      工业和信息产业监管                          80,494

2150501    行政运行                                3,464

2150502    一般行政管理事务                             677

2150503    机关服务                                   0



                            第 119 页
          2.4 2020年黑龙江省本级一般公共预算支出
               功能分类决算表（不含管委会）
                                             单位：万元

科目编码                  科目名称             决算数

2150505    战备应急                                   27

2150506    信息安全建设                                  0

2150507    专用通信                                10,027

2150508    无线电监管                               10,601

2150510    工业和信息产业支持                           53,346

2150513    行业监管                                    0

2150599    其他工业和信息产业监管支出                        2,352

21507      国有资产监管                               2,982

2150701    行政运行                                 1,675

2150702    一般行政管理事务                             1,099

2150703    机关服务                                    0

2150799    其他国有资产监管支出                            208

21508      支持中小企业发展和管理支出                         239

2150801    行政运行                                    0

2150802    一般行政管理事务                                0

2150804    科技型中小企业技术创新基金                           0

2150805    中小企业发展专项                                0

2150806    减免房租补贴                                  0

2150899    其他支持中小企业发展和管理支出                       239

21599      其他资源勘探工业信息等支出(款)                    31,598

2159904    技术改造支出                                  0

2159906    重点产业振兴和技术改造项目贷款贴息                   31,584

2159999    其他资源勘探工业信息等支出(项)                       14

 216       商业服务业等支出                             8,590



                             第 120 页
          2.4 2020年黑龙江省本级一般公共预算支出
               功能分类决算表（不含管委会）
                                           单位：万元

科目编码                科目名称             决算数

21602      商业流通事务                             3,526

2160201    行政运行                               1,671

2160202    一般行政管理事务                            102

2160203    机关服务                                  0

2160216    食品流通安全补贴                              0

2160218    民贸企业补贴                                0

2160219    民贸民品贷款贴息                              0

2160250    事业运行                                  0

2160299    其他商业流通事务支出                         1,753

21606      涉外发展服务支出                           3,518

2160601    行政运行                                  0

2160602    一般行政管理事务                              0

2160603    机关服务                                  0

2160607    外商投资环境建设补助资金                          0

2160699    其他涉外发展服务支出                         3,518

21699      其他商业服务业等支出(款)                      1,546

2169901    服务业基础设施建设                             0

2169999    其他商业服务业等支出(项)                      1,546

 217       金融支出                              71,580

21701      金融部门行政支出                              0

2170101    行政运行                                  0

2170102    一般行政管理事务                              0

2170150    事业运行                                  0

2170199    金融部门其他行政支出                            0



                           第 121 页
          2.4 2020年黑龙江省本级一般公共预算支出
               功能分类决算表（不含管委会）
                                             单位：万元

科目编码                  科目名称             决算数

21702      金融部门监管支出                                 0

2170299    金融部门其他监管支出                               0

21703      金融发展支出                              70,000

2170302    利息费用补贴支出                                 0

2170303    补充资本金                               70,000

2170399    其他金融发展支出                                 0

21799      其他金融支出(款)                            1,580

2179901    其他金融支出(项)                            1,580

2179902    重点企业贷款贴息                                 0

 219       援助其他地区支出                            32,000

21901      一般公共服务                                   0

21902      教育                                       0

21903      文化体育与传媒                                  0

21906      农业                                       0

21907      交通运输                                     0

21999      其他支出                                32,000

 220       自然资源海洋气象等支出                          6,078

22001      自然资源事务                                 874

2200101    行政运行                                 7,908

2200102    一般行政管理事务                               116

2200103    机关服务                                     0

2200104    自然资源规划及管理                            1,781

2200106    自然资源利用与保护                           -60,102

2200107    自然资源社会公益服务                               0



                             第 122 页
          2.4 2020年黑龙江省本级一般公共预算支出
               功能分类决算表（不含管委会）
                                           单位：万元

科目编码                科目名称             决算数

2200108    自然资源行业业务管理                          1,289

2200109    自然资源调查与确权登记                         4,802

2200112    土地资源储备支出                               0

2200113    地质矿产资源与环境调查                        20,164

2200114     地质勘查与矿产资源管理                        1,005

2200129    基础测绘与地理信息监管                         4,060

2200150    事业运行                               17,518

2200199    其他自然资源事务支出                          2,333

22005      气象事务                                5,204

2200501    行政运行                                   0

2200502    一般行政管理事务                               0

2200504    气象事业机构                              1,755

2200506    气象探测                                   0

2200507    气象信息传输及管理                              0

2200508    气象预报预测                                 0

2200509    气象服务                                  17

2200510    气象装备保障维护                            2,400

2200511    气象基础设施建设与维修                            0

2200599    其他气象事务支出                            1,032

22099      其他自然资源海洋气象等支出(款)                       0

2209901    其他自然资源海洋气象等支出(项)                       0

 221       住房保障支出                            116,828

22101      保障性安居工程支出                          10,623

2210101    廉租住房                                   0



                           第 123 页
          2.4 2020年黑龙江省本级一般公共预算支出
               功能分类决算表（不含管委会）
                                             单位：万元

科目编码                  科目名称             决算数

2210102    沉陷区治理                                    0

2210103    棚户区改造                                 8,567

2210104    少数民族地区游牧民定居工程                            0

2210105    农村危房改造                                   0

2210106    公共租赁住房                                   0

2210107    保障性住房租金补贴                             2,056

2210108    老旧小区改造                                   0

2210199    其他保障性安居工程支出                              0

22102      住房改革支出                              104,291

2210201    住房公积金                               105,391

2210202    提租补贴                                     0

2210203    购房补贴                                 -1,100

22103      城乡社区住宅                                1,914

2210301    公有住房建设和维修改造支出                            0

2210302    住房公积金管理                               1,914

2210399    其他城乡社区住宅支出                               0

 222       粮油物资储备支出                            292,332

22201      粮油事务                                289,860

2220101    行政运行                                   942

2220102    一般行政管理事务                                82

2220104    粮食财务与审计支出                                0

2220105    粮食信息统计                                 479

2220106    粮食专项业务活动                              4,542

2220115    粮食风险基金                              226,953



                             第 124 页
          2.4 2020年黑龙江省本级一般公共预算支出
               功能分类决算表（不含管委会）
                                             单位：万元

科目编码                  科目名称             决算数

2220150     事业运行                                  438

2220199     其他粮油事务支出                            56,424

22202      物资事务                                    14

2220201     行政运行                                    0

2220211     仓库建设                                    0

2220250     事业运行                                    0

2220299     其他物资事务支出                               14

22203      能源储备                                     0

22204      粮油储备                                     0

22205      重要商品储备                                2,458

2220503     肉类储备                                   67

2220504     化肥储备                                 2,369

2220509     食盐储备                                   22

2220599     其他重要商品储备支出                              0

 229       其他支出(类)                                603

22999      其他支出(款)                                603

2299901     其他支出(项)                               603

 224       灾害防治及应急管理支出                         119,183

22401      应急管理事务                               10,104

2240101     行政运行                                 2,200

2240102     一般行政管理事务                              514

2240103     机关服务                                    0

2240104     灾害风险防治                                118

2240106     安全监管                                 3,135



                             第 125 页
          2.4 2020年黑龙江省本级一般公共预算支出
               功能分类决算表（不含管委会）
                                           单位：万元

科目编码                科目名称             决算数

2240107    安全生产基础                                0

2240108    应急救援                                  0

2240109    应急管理                               1,028

2240150    事业运行                               2,579

2240199    其他应急管理支出                            530

22402      消防事务                               4,639

2240201    行政运行                               1,466

2240202    一般行政管理事务                           1,742

2240203    机关服务                                530

2240204    消防应急救援                              221

2240299    其他消防事务支出                            680

22403      森林消防事务                            54,636

2240301    行政运行                                  0

2240302    一般行政管理事务                             12

2240304    森林消防应急救援                          54,624

2240399    其他森林消防事务支出                            0

22404      煤矿安全                              21,997

2240401    行政运行                               1,024

2240402    一般行政管理事务                            160

2240404    煤矿安全监察事务                           2,101

2240405    煤矿应急救援事务                              0

2240450    事业运行                                 17

2240499    其他煤矿安全支出                          18,695

22405      地震事务                                778



                           第 126 页
          2.4 2020年黑龙江省本级一般公共预算支出
               功能分类决算表（不含管委会）
                                           单位：万元

科目编码                科目名称             决算数

2240501    行政运行                                  86

2240502    一般行政管理事务                             114

2240504    地震监测                                 407

2240505    地震预测预报                                 0

2240506    地震灾害预防                                 0

2240507    地震应急救援                                 1

2240508    地震环境探察                                 0

2240509    防震减灾信息管理                               0

2240550    地震事业机构                               132

2240599    其他地震事务支出                              38

22406      自然灾害防治                             24,575

2240602    森林草原防灾减灾                           24,575

2240699    其他自然灾害防治支出                             0

22407      自然灾害救灾及恢复重建支出                        840

2240701    中央自然灾害生活补助                           131

2240702    地方自然灾害生活补助                           579

2240703    自然灾害救灾补助                             130

2240704    自然灾害灾后重建补助                             0

2240799    其他自然灾害救灾及恢复重建支出                        0

22499      其他灾害防治及应急管理支出                       1,614

 232       债务付息支出                            164,188

23203      地方政府一般债务付息支出                      164,188

2320301    地方政府一般债券付息支出                      164,184

2320302    地方政府向外国政府借款付息支出                        0



                           第 127 页
          2.4 2020年黑龙江省本级一般公共预算支出
               功能分类决算表（不含管委会）
                                             单位：万元

科目编码                  科目名称             决算数

2320303    地方政府向国际组织借款付息支出                        4

2320304    地方政府其他一般债务付息支出                         0

 233       债务发行费用支出                             643

23303      地方政府一般债务发行费用支出                       643




                             第 128 页
       2.5 2020年管委会一般公共预算收入决算表
                                                             单位：万元

                                                            完成调整
       预算科目       预算数           调整预算数         决算数
                                                            预算数的%

一、税收收入              34,925         34,925       35,817          102.6

 增值税                12,408         12,408       12,139           97.8

 企业所得税                  6,350       6,350           4,733        74.5

 个人所得税                  1,338       1,338           1,292        96.6

 资源税                     149            149          253        169.8

 城市维护建设税                1,968       1,968           2,118       107.6

 房产税                    4,208       4,208           4,872       115.8

 印花税                     986            986         1,181       119.8

 城镇土地使用税                2,198       2,198           2,080        94.6

 土地增值税                  2,415       2,415           3,063       126.8

 车船税                     423            423          889        210.2

 耕地占用税                     0              0           73

 契税                     2,272       2,272           2,796       123.1

 环境保护税                   186            186          240        129.0

 其他税收收入                   24             24           88        366.7

二、非税收入                  2,338       2,338           1,678        71.8

 专项收入                   1,136       1,136           1,407       123.9

 罚没收入                   1,077       1,077            186         17.3

 国有资源(资产)有偿使用收入          125            125           85         68.0

      本年收入合计        37,263         37,263       37,495          100.6




                         第 129 页
 2.6 2020年管委会一般公共预算支出决算表

                                               单位：万元

         预算科目    调整预算数           决算数          为调整预算％


          总计          29839        29839          100.0

一般公共服务支出                  3692         3692       100.0

 税收事务                     3692         3692       100.0

  行政运行                                 3144

  代扣代收代征税款手续费                          310

  其他税收事务支出                             238

公共安全支出                     410         410        100.0

 公安                        410         410        100.0

教育支出                      3877         3877       100.0

 教育管理事务                    407         407        100.0

  行政运行                                 407

 普通教育                     3470         3470       100.0

  学前教育                                 1544

  小学教育                                 250

  高中教育                                 1676

社会保障和就业支出                  237         237        100.0

 社会福利                      237         237        100.0

  殡葬                                    61

  其他社会福利支出                             176

卫生健康支出                    1052         1052       100.0

 公立医院                      908         908        100.0

  综合医院                                 908

 公共卫生                      144         144        100.0



                第 130 页
 2.6 2020年管委会一般公共预算支出决算表

                                                单位：万元

         预算科目     调整预算数           决算数          为调整预算％


  重大公共卫生服务                              144

城乡社区支出                 14874        14874          100.0

 城乡社区公共设施                  8066         8066       100.0

  小城镇基础设施建设                             5819

  其他城乡社区公共设施支出                          2247

 城乡社区环境卫生                  6208         6208       100.0

  城乡社区环境卫生                              6208

 其他城乡社区支出                   600         600        100.0

农林水支出                      3068         3068       100.0

 农业农村                      1508         1508       100.0

  科技转化与推广服务                             120

  防灾救灾                                  320

  农村合作经济                                1068

 其他农林水支出                   1560         1560       100.0

交通运输支出                     2629         2629       100.0

 铁路运输                        56          56        100.0

  铁路路网建设                                 56

 民用航空运输                    2516         2516       100.0

  其他民用航空运输支出                            2516

 其他交通运输支出                    57          57        100.0

  公共交通运营补助                               57




                 第 131 页
              2.7 2020年黑龙江省本级一般公共预算收支总表
                                                                         单位：万元

                           决算数                                       决算数
           预算科目                                       预算科目
                     省本级          管委会                           省本级          管委会

一般公共预算收入              2,447,012    37,495 一般公共预算支出              10,877,315   29,839

上级补助收入               39,018,290    23,532 补助下级支出                31,836,619

 返还性收入                1,185,795    14,024   返还性支出                1,842,529

  所得税基数返还收入            122,592               所得税基数返还支出            147,554

  成品油税费改革税收返还收入        312,400               成品油税费改革税收返还支出        121,406

  增值税税收返还收入            672,403               增值税税收返还支出            713,605

  消费税税收返还收入            137,800               消费税税收返还支出            107,188

  增值税“五五分享”税收返还收入       -59,400    14,024    增值税“五五分享”税收返还支出      666,032

  其他返还性收入                    0               其他税收返还支出              86,744

 一般性转移支付收入           35,456,847     9,508   一般性转移支付支出           28,108,794

  均衡性转移支付收入           8,315,100     5,313    均衡性转移支付支出           5,307,409

  县级基本财力保障机制奖补资金收入    3,054,302              县级基本财力保障机制奖补资金支出    3,054,302

  结算补助收入               879,043      4,195    结算补助支出               864,820

  资源枯竭型城市转移支付补助收入      256,700               资源枯竭型城市转移支付补助支出      256,700




                                   第 132 页
                2.7 2020年黑龙江省本级一般公共预算收支总表
                                                                                 单位：万元

                                决算数                                          决算数
            预算科目                                         预算科目
                           省本级         管委会                               省本级         管委会

     产粮(油)大县奖励资金收入          720,136               产粮(油)大县奖励资金支出           703,533

     重点生态功能区转移支付收入          283,900               重点生态功能区转移支付支出           270,002

     固定数额补助收入              2,476,005              固定数额补助支出               2,243,511

     革命老区转移支付收入              10,972               革命老区转移支付支出               10,972

     民族地区转移支付收入              24,187               民族地区转移支付支出               24,187

     边境地区转移支付收入             295,325               边境地区转移支付支出              295,126

     贫困地区转移支付收入             249,782               贫困地区转移支付支出              469,783

     公共安全共同财政事权转移支付收入       213,850               公共安全共同财政事权转移支付支出        197,455

     教育共同财政事权转移支付收入         697,568               教育共同财政事权转移支付支出          706,500

     科学技术共同财政事权转移支付收入         4,950               科学技术共同财政事权转移支付支出          2,969

     文化旅游体育与传媒共同财政事权转移支付
                             63,456               文化旅游体育与传媒共同财政事权转移支付支     61,492
收入




                                        第 133 页
              2.7 2020年黑龙江省本级一般公共预算收支总表
                                                                              单位：万元

                             决算数                                          决算数
           预算科目                                         预算科目
                        省本级         管委会                               省本级         管委会

 社会保障和就业共同财政事权转移支付收入    7,736,546              社会保障和就业共同财政事权转移支付支出    5,145,525

 医疗卫生共同财政事权转移支付收入       1,031,438              医疗卫生共同财政事权转移支付支出       1,433,509

 节能环保共同财政事权转移支付收入        942,495               节能环保共同财政事权转移支付支出        518,680

 农林水共同财政事权转移支付收入        6,399,137              农林水共同财政事权转移支付支出        5,085,803

 交通运输共同财政事权转移支付收入       1,219,867              交通运输共同财政事权转移支付支出        929,480

 资源勘探信息等共同财政事权转移支付收入         198               资源勘探信息等共同财政事权转移支付支出         198

 住房保障共同财政事权转移支付收入        299,485               住房保障共同财政事权转移支付支出        480,042

 粮油物资储备共同财政事权转移支付收入      229,322               粮油物资储备共同财政事权转移支付支出            0

 灾害防治及应急管理共同财政事权转移支付收     42,228               灾害防治及应急管理共同财政事权转移支付支     35,695

 其他共同财政事权转移支付收入              341               其他共同财政事权转移支付支出                0

 其他一般性转移支付收入              10,514               其他一般性转移支付支出              11,101

专项转移支付收入                2,375,648         专项转移支付支出                    1,885,296

 一般公共服务                    8,067               一般公共服务                    1,203

 国防                        2,706               国防                        7,511




                                     第 134 页
            2.7 2020年黑龙江省本级一般公共预算收支总表
                                                               单位：万元

                      决算数                                   决算数
         预算科目                                    预算科目
                  省本级        管委会                        省本级        管委会

公共安全                94,353              公共安全              20,231

教育                  85,292              教育                72,992

科学技术                 3,518              科学技术              61,151

文化旅游体育与传媒           22,411              文化旅游体育与传媒         33,214

社会保障和就业             24,271              社会保障和就业           25,166

卫生健康               158,882              卫生健康             103,374

节能环保               123,152              节能环保             140,813

城乡社区                16,266              城乡社区              59,196

农林水                942,548              农林水              620,431

交通运输                98,973              交通运输              30,112

资源勘探信息等             66,784              资源勘探信息等          189,631

商业服务业等              43,882              商业服务业等            53,841

金融                   1,375              金融                 1,376

自然资源海洋气象等                               自然资源海洋气象等          2,336




                              第 135 页
              2.7 2020年黑龙江省本级一般公共预算收支总表
                                                                   单位：万元

                         决算数                                   决算数
           预算科目                                     预算科目
                    省本级         管委会                        省本级         管委会

  住房保障               387,990               住房保障             399,066

  粮油物资储备              35,557               粮油物资储备            40,676

  灾害防治及应急管理           56,641               灾害防治及应急管理         22,974

  其他收入               202,980               其他支出                   2

下级上解收入              1,402,016         上解上级支出                300,235    43,591

待偿债置换一般债券上年结余              0          债务还本支出                411,618

上年结余                2,216,048    1,640 债务转贷支出              7,127,231

调入资金                 237,542          增设预算周转金                     0

债务收入                8,188,406         国债转贷资金结余                    0

国债转贷资金上年结余                            调出资金                    4,598

动用预算稳定调节基金          1,189,814    12,430 补充预算稳定调节基金         1,419,050    1,667

                                      待偿债置换一般债券结余                 0

                                      年终结余                 2,722,462

                                      减:结转下年的支出            2,722,462




                                 第 136 页
             2.7 2020年黑龙江省本级一般公共预算收支总表
                                                                    单位：万元

                         决算数                                    决算数
          预算科目                                 预算科目
                   省本级          管委会                        省本级          管委会




收 入 总 计            54,699,128    75,097    支   出   总   计   54,699,128   75,097




                                 第 137 页
   2.8 2020年黑龙江省本级一般公共预算基本支出
           经济分类表（不含管委会）
                                                 单位：万元


            项目   预算数            决算数            为预算数的％


            合计      2,136,911     1,932,374          90.4

机关工资福利支出             649,050       757,922          116.8

工资奖金津补贴              504,683       610,807

社会保障缴费                 82,125         82,452

住房公积金                  62,242         63,106

其他工资福利支出                   0           1,557

机关商品和服务支出            132,403       126,149           95.3

办公经费                 105,601       107,993

会议费                        0              1

培训费                     5,944          1,063

专用材料购置费                    0            175

委托业务费                   1,779          1,411

公务接待费                      0              1

因公出国(境)费用

公务用车运行维护费              14,586         10,622

维修(护)费                  3,026          3,108

其他商品和服务支出               1,467          1,775

机关资本性支出(一)

房屋建筑物购建

基础设施建设

公务用车购置

土地征迁补偿和安置支出

设备购置



                 第 138 页
   2.8 2020年黑龙江省本级一般公共预算基本支出
           经济分类表（不含管委会）
                                                单位：万元


           项目   预算数            决算数            为预算数的％

大型修缮

其他资本性支出

机关资本性支出(二)

房屋建筑物购建

基础设施建设

公务用车购置

设备购置

大型修缮

其他资本性支出

对事业单位经常性补助          969,362      735,166           75.8

工资福利支出              877,755      905,953

商品和服务支出               91,607         79,134

其他对事业单位补助                        -249,921

对事业单位资本性补助                               7

资本性支出(一)                                 7

资本性支出(二)

对企业补助

费用补贴

利息补贴

其他对企业补助

对企业资本性支出

对企业资本性支出(一)

对企业资本性支出(二)



                第 139 页
     2.8 2020年黑龙江省本级一般公共预算基本支出
             经济分类表（不含管委会）
                                                      单位：万元


           项目        预算数             决算数            为预算数的％


对个人和家庭的补助                386,096       313,130           81.1

社会福利和救助                    75,838          99,157

助学金

个人农业生产补贴

离退休费                     309,680       211,281

其他对个人和家庭补助                     578          2,692

对社会保障基金补助

对社会保险基金补助

补充全国社会保障基金

债务利息及费用支出

国内债务付息

国外债务付息

国内债务发行费用

国外债务发行费用

其他支出

赠与

国家赔偿费用支出

对民间非营利组织和群众性自治组织补贴

其他支出




                     第 140 页
      2.9 2020年黑龙江省本级政府性基金收入决算表
                                                            单位：万元

                                                            比上年
          项        目    预算数         决算数        为调整预算％
                                                           （同比）+-%

              合计          179,090    163,310        91.2       -60.5

一、国家电影事业发展专项资金收入            2,400      1,173        48.9       -27.2

二、小型水库移民扶助基金收入              1,200      1,201       100.1        -7.6

三、国有土地使用权出让收入              86,120     87,986       102.2        49.5

四、国有土地收益基金收入

五、农业土地开发资金收入                1,500      4,207       280.5        56.4

六、城市基础设施配套费收入

七、污水处理费收入

八、大中型水库库区基金收入               1,100      1,363

九、国家重大水利工程建设基金收入            7,700      8,006       104.0       528.4

十、车辆通行费                     5,529      4,849        87.7       -61.3

十一、港口建设费收入

十二、彩票发行机构和彩票销售机构的业务费用      17,741     12,065        68.0

十三、彩票公益金收入                 55,800     42,460        76.1       149.9

十四、其他政府性基金收入

十五、专项债券对应项目专项收入

注:管委会2020年政府性基金收入为0。




                        第 141 页
          2.10 2020年黑龙江省本级政府性基金支出决算表
                                                                       单位：万元

                                                           为调整          比上年
                 项目               调整预算数        决算数
                                                           预算％         （同比）+-%

                 合计                1,069,497    804,920       75.3          25.2

文化旅游体育与传媒支出                           2,080       1,669       80.2         168.8

国家电影事业发展专项资金安排的支出                      2,080      1,669       80.2

旅游发展基金支出

社会保障和就业支出                             1,528          183      12.0         -71.0

大中型水库移民后期扶持基金支出                         182          180      98.9

小型水库移民扶助基金安排的支出                       1,346            3         0.2

城乡社区支出                              156,374      14,848          9.5         3.5

国有土地使用权出让收入安排的支出                    152,165      14,848          9.8

农业土地开发资金安排的支出                         4,209            0         0.0

农林水支出                                24,585       6,884       28.0           8.2

大中型水库库区基金安排的支出                        1,562           25

国家重大水利工程建设基金安排的支出                    23,023       6,859       29.8

交通运输支出                              471,059     438,354       93.1          -4.5

车辆通行费安排的支出                           31,093       4,451       14.3

港口建设费安排的支出                            3,524       3,210       91.1

民航发展基金支出                             44,342      38,593       87.0

政府收费公路专项债券收入安排的支出                   392,100     392,100

其他支出                                411,558     340,669       82.8         118.5

其他政府性基金及对应专项债务收入安排的支出               325,345     298,203       91.7

彩票发行销售机构业务费安排的支出                     25,638      18,027       70.3

彩票公益金安排的支出                           60,575      24,439       40.3

债务付息支出                                2,169       2,169      100.0         -62.3

债务发行费支出                                  144         144     100.0

抗疫特别国债安排的支出




                        第 142 页
    2.11 2020年管委会政府性基金支出决算表

                                                  单位：万元
                                                  为调整
           项目                调整预算数      决算数
                                                  预算％
           合计                   3,318     3,318     100.0

城乡社区支出                          3,318     3,318     100.0

国有土地使用权出让收入安排的支出                3,318     3,318     100.0




                   第 143 页
  2.12 2020年黑龙江省本级政府性基金收支总表
                                                                           单位：万元

                    收入                                          支出

        项目                省本级        管委会            项目               省本级         管委会

政府性基金收入                   163,310            政府性基金支出                  804,920    3,318

政府性基金上级补助收入              2,466,992           政府性基金补助下级支出             2,319,810

政府性基金转移支付收入               116,992            政府性基金转移支付支出              173,956

抗疫特别国债转移支付收入             2,350,000           抗疫特别国债转移支付支出            2,145,854

政府性基金下级上解收入                16,690            政府性基金上解上级支出

政府性基金调入资金                   4,598            政府性基金调出资金                227,576

 一般公共预算调入                   4,598

 其他调入

债务收入                     5,354,131           债务还本支出

地方政府债务收入                 5,354,131           地方政府专项债务还本支出

债务转贷收入                                       债务转贷支出                  4,636,702

待偿债置换专项债券上年结余                                待偿债置换专项债券结余

政府性基金上年结余                 247,864    3,318 政府性基金年终结余                  264,577

   收    入   总   计        8,253,585   3,318      支   出   总   计        8,253,585   3,318




                                      第 144 页
 2.13 2020年黑龙江省本级国有资本经营收入决算表
                                                       单位：万元

                                                        比上年
          项目        调整预算数       决算数         为调整预算％
                                                       （同比）+-%

          合计           13,145    13,145        100.0       -35.8

利润收入                   13,145    13,145        100.0       -22.6

 机械企业利润收入

 投资服务企业利润收入

 建筑施工企业利润收入               48           48      100.0

 医药企业利润收入

 农林牧渔企业利润收入              105          105      100.0

 地质勘查企业利润收入               56           56      100.0

 教育文化广播企业利润收入               2           2      100.0

 科学研究企业利润收入              205          205      100.0

 机关社团所属企业利润收入             12           12      100.0

 金融企业利润收入               9,998     9,998        100.0

 其他国有资本经营预算企业利润收入       2,719     2,719        100.0

股利、股息收入

 国有控股公司股利、股息收入

 金融企业股利、股息收入




                    第 145 页
  2.14 2020年黑龙江省本级国有资本经营支出决算表
                                                       单位：万元

            项目           调整预算数          决算数           为调整预算％


            合计                 14,857         7,039        47.4

解决历史遗留问题及改革成本支出                14,017         6,199        44.2

 国有企业办职教幼教补助支出                   149           149        100.0

 国有企业改革成本支出                     5,638         5,638       100.0

 其他解决历史遗留问题及改革成本支出              8,230          412          5.0

国有企业资本金注入

 国有经济结构调整支出

 其他国有企业资本金注入

其他国有资本经营预算支出(款)                  840           840        100.0

 其他国有资本经营预算支出(项)                 840           840        100.0




                     第 146 页
    2.15 2020年黑龙江省本级国有资本经营收支总表
                                                    单位：万元

        项目           决算数               项目           决算数


国有资本经营预算收入            13,145 国有资本经营预算支出                7,039

国有资本经营预算上级补助收入        14,547 国有资本经营预算补助下级支出           14,547

国有资本经营预算上年结余          11,678 国有资本经营预算调出资金              9,966

国有资本经营预算下级上解收入                 国有资本经营预算上解上级支出

国有资本经营预算省补助计划单列市收入             国有资本经营预算省补助计划单列市支出

国有资本经营预算计划单列市上解省收入             国有资本经营预算计划单列市上解省支出

                               国有资本经营预算年终结余            7,818

      收 入 总 计         39,370         支 出 总 计          39,370




                       第 147 页
2.16 2020年黑龙江省本级地方政府一般债务余额表
                                               单位：万元

             项   目                预算数          决算数

一、2019年末地方政府一般债务余额实际数                           5,015,697

二、2020年末地方政府一般债务余额限额               5,862,517

三、2020年地方政府一般债务发行额                              1,061,175

四、2020年地方政府一般债务还本额                               411,618

五、2020年采取其他方式化解一般债务额                                 283

六、2020年末地方政府一般债务余额实际数                           5,664,971




                        第 148 页
2.17 2020年黑龙江省本级地方政府专项债务余额表
                                                 单位：万元

            项   目                 预算数           决算数

一、2019年末地方政府专项债务余额实际数                                 639,272

二、2020年末地方政府专项债务余额限额                1,717,337

三、2020年地方政府专项债务发行额                                    717,429

四、2020年地方政府专项债务还本额                                         0

五、2020年采取其他方式化解专项债务额                                     498

六、2020年末地方政府专项债务余额实际数                             1,356,203




                        第 149 页
          2.18 2020年黑龙江省本级“三公” 经费情况表

                                                                       单位：万元
                                                         2020年决算      2020年决算
      项目         2020年预算      2020年决算      2019年决算
                                                        比2019年决算      比2020年预算

      合计             38,922       25,170       35,093        -9,923       -13,752

一、因公出国（境）费            3,077         325         2,642        -2,317        -2,752

二、公务用车购置及运行维护费       30,225       23,150       27,974        -4,824        -7,075

 1.公务用车购置费             724         1,401        2,508        -1,107          677

 2.公务用车运行维护费         29,501       21,749       25,465        -3,716        -7,752

三、公务接待费               5,621        1,695        4,477        -2,782        -3,926




                               第 150 页
               2.19 2020年黑龙江省本级社会保险基金收入决算表
                                                                                                单位：万元
                                                       职工基本医疗保
                             城乡居民基本养      机关事业单位基      险（含生育保      城乡居民基本医
       项   目     合计                                                               工伤保险基金       失业保险基金
                              老保险基金       本养老保险基金        险）         疗保险基金
                                                         基金
本年收入             2,281,576        2,497      1,113,866     982,346      68,185        45,870       68,812

其中:社会保险费收入       1,375,674        1,360       311,885      969,019       23,636       36,659       33,115

 利息收入              43,610          126          6,703       11,153        1,273        1,043       23,312

 财政补贴收入           762,006          755        719,695           0        41,556            0            0

 委托投资收益                 0            0             0            0            0             0            0

 其他收入              48,108          256         43,988        2,072        1,720          72             0

 转移收入              31,632            0         31,595          18            0             0          19

 中央调剂资金收入               0            0             0            0            0             0            0




                                             第 151 页
               2.20 2020年黑龙江省本级社会保险基金支出决算表
                                                                                             单位：万元
                                                    职工基本医疗保
                             城乡居民基本养    机关事业单位基     险（含生育保      城乡居民基本医
       项   目     合计                                                            工伤保险基金       失业保险基金
                              老保险基金     本养老保险基金       险）         疗保险基金
                                                      基金
本年支出             1,925,658        984       965,435     741,998      44,168        41,575      131,498

其中:社会保险待遇支出      1,754,760        984       941,958     730,929       41,304       38,069        1,516

 其他支出             108,625           0         1,145       1,378           0             0      106,102

 转移支出              27,848           0        22,332       5,516           0             0            0

 中央调剂资金支出               0           0            0           0            0             0            0




                                           第 152 页
第三部分 2020 年决算公开有关情况的说明




         第 153 页
    3.1   关于 2020 年一般公共预算执行
                情况说明

  1.一般公共预算收入完成情况。一般公共预算收入年初预算
安排 1287.9 亿元，实际完成 1152.5 亿元，同比下降 8.7%。
  税收收入完成 811.9 亿元，
                 下降 12.2%。从具体收入项目看：
  （1）增值税完成 280.2 亿元，下降 17.5%。主要是新冠疫情
和国际原油价格下降等因素影响。
  （2）企业所得税完成 98.4 亿元，下降 5.2%，主要是受新冠
疫情等因素影响，企业利润下降。
  （3）个人所得税完成 30.6 亿元，下降 6.4%，主要是 2020
年新冠疫情以及首次开展个人所得税综合所得汇算清缴等因素
影响。
  （4）资源税完成 48 亿元，下降 26.1%。
  （5）城市维护建设税完成 49.4 亿元，下降 12.5%。主要是
增值税等主体流转税下降影响。
  （6）城镇土地使用税完成 72.7 亿元，下降 10.1%。
  （7）土地增值税完成 66.2 亿元，下降 1.1%。
  （9）契税完成 65 亿元，下降 11.3%。
  （10）环境保护税完成 2.3 亿元，下降 2.3%。
  非税收入完成 340.6 亿元，增长 0.7%。主要是各级财政部

                  第 155 页
门积极挖掘各类资源和资产潜力。
  2.一般公共预算支出完成情况。全省一般公共预算支出完成
5449.4 亿元，增长 8.7%。从具体项目看：
  （1）一般公共服务支出完成 321 亿元，增长 6.7%。
  （2）公共安全支出完成 264.3 亿元，增长 4.1%。
  （3）教育支出完成 562.4 亿元，增长 1.3%。
  （4）科学技术支出完成 43 亿元，增长 1.9%。
  （5）文化旅游体育与传媒支出完成 58.4 亿元，下降 6.7%。
  （6）社会保障和就业支出完成 1350.9 亿元，增长 21.3%。
  （7）卫生健康支出完成 401.2 亿元，增长 27.6%。
  （8）节能环保支出完成 220.3 亿元，增长 4.4%。
  （9）城乡社区支出完成 444.8 亿元，下降 20%。
  （10）农林水支出完成 914.5 亿元，增长 3.7%。
  （11）交通运输支出完成 249 亿元，增长 12.9%。
  （12）自然资源海洋气象支出完成 27 亿元，下降 26.7%。
  （13）住房保障事务支出完成 227.8 亿元，增长 36.5%。




                 第 156 页
     3.2   关于 2020 年政府性基金执行
                情况说明

  1.政府性基金预算收入完成情况。2020 年全省政府性基金
预算收入完成 449.4 亿元，增长 18.9%。
  （1）国有土地使用权出让收入完成 395.9 亿元，增长 38%。
  （2）车辆通行费完成 3.3 亿元，下降 89%，原省管车辆通
行费不再作为政府性基金收入减收。
  （3）彩票公益金完成 9.9 亿元，下降 25%，主要是受新冠
疫情影响，彩票销售量减少。
  （4）城市基础设施配套费完成 23.9 亿元，下降 22.3%。
  2.政府性基金预算支出完成情况。2020 年全省政府性基金
预算支出完成 1048 亿元，增长 82.3%，主要是:
  （1）城乡社区支出完成 607.6 亿元，增长 48.4%。
                               （2）交
通运输支出完成 45.5 亿元，下降 29.4%。
  （3）其他支出完成 152.4 亿元，增长 130.4%。
  （4）抗疫特别国债支出完成 189.8 亿元，为 2020 年新增支
出事项，2019 年无此支出。

                  第 157 页
   3.3   关于 2020 年国有资本经营执行
               情况说明

  1.国有资本经营预算收入完成情况。2020 年全省国有资本
经营预算收入完成 4.8，下降 56.5%
  2.国有资本经营预算支出完成情况。2020 年全省国有资本
经营预算支出 8.8 亿元，增长 22.4%，主要是增加对国有企业资
本金注入增支。




                第 158 页
  3.4   关于 2020 年省本级转移支付执行
               情况说明

  2020 年中央对我省税收返还和转移支付决算数为 3901.83
亿元，我省对下税收返还和转移支付决算数为 3183.66 亿元。具
体情况如下：
  一、中央对我省税收返还和转移支付情况
  （一）一般性转移支付收入 3545.68 亿元。其中：
  1、均衡性转移支付收入 831.51 亿元；
  2、县级基本财力保障机制奖补资金收入 305.43 亿元；
  3、结算补助收入 87.9 亿元；
  4、资源枯竭型城市转移支付补助收入 25.67 亿元；
  5、产粮（油）大县奖励资金收入 72.01 亿元；
  6、重点生态功能区转移支付收入 28.39 亿元；
  7、固定数额补助收入 247.6 亿元；
  8、革命老区转移支付收入 1.1 亿元；
  9、民族地区转移支付收入 2.42 亿元；
  10、边境地区转移支付收入 29.53 亿元；
  11、贫困地区转移支付收入 24.98 亿元；
  12、公共安全共同财政事权转移支付收入 21.39 亿元；
  13、教育共同财政事权转移支付收入 69.76 亿元；

               第 159 页
     14、科学技术共同财政事权转移支付收入 0.5 亿元；
     15、文化旅游体育与传媒共同财政事权转移支付收入 6.35
亿元；
     16、社会保障和就业共同财政事权转移支付收入 773.65 亿
元；
     17、医疗卫生共同财政事权转移支付收入 103.14 亿元；
     18、节能环保共同财政事权转移支付收入 94.25 亿元；
     19、农林水共同财政事权转移支付收入 639.91 亿元；
     20、交通运输共同财政事权转移支付收入 121.99 亿元；
     21、资源勘探信息等共同财政事权转移支付收入 0.02 亿元；
     22、住房保障共同财政事权转移支付收入 29.95 亿元；
     23、粮油物资储备共同财政事权转移支付收入 22.93 亿元；
     24、灾害防治及应急管理共同财政事权转移支付收入 4.22
亿元；
     25、其他共同财政事权转移支付收入 0.03 亿元；
     26、其他一般性转移支付收入 1.05 亿元。
     （二）专项转移支付收入 237.57 亿元。其中：
     1、一般公共服务 0.81 亿元；
     2、国防 0.27 亿元；
     3、公共安全 9.45 亿元；
     4、教育 8.53 亿元；

                     第 160 页
5、科学技术 0.35 亿元；
6、文化旅游体育与传媒 2.24 亿元；
7、社会保障和就业 2.43 亿元；
8、卫生健康 15.89 亿元；
9、节能环保 11.46 亿元；
10、城乡社区 1.63 亿元；
11、农林水 95.11 亿元；
12、交通运输 9.90 亿元；
13、资源勘探工业信息等 6.68 亿元；
14、商业服务业等 4.39 亿元；
15、金融 0.14 亿元；
16、住房保障 38.8 亿元；
17、粮油物资储备 3.56 亿元；
18、灾害防治及应急管理 5.66 亿元；
19、其他收入 20.3 亿元。
（三）返还性收入 118.58 亿元。其中：
1、所得税基数返还收入 12.26 亿元；
2、成品油税费改革税收返还收入 31.24 亿元；
3、增值税税收返还收入 67.24 亿元；
4、消费税税收返还收入 13.78 亿元；
5、增值税“五五分享”税收返还收入-5.94 亿元。

                 第 161 页
 二、我省对下税收返还和转移支付情况
     （一）一般性转移支付支出 2810.88 亿元。其中：
     1、均衡性转移支付支出 530.74 亿元；
     2、县级基本财力保障机制奖补资金支出 305.43 亿元；
     3、结算补助支出 86.48 亿元；
     4、资源枯竭型城市转移支付补助支出 25.67 亿元；
     5、产粮（油）大县奖励资金支出 70.35 亿元；
     6、重点生态功能区转移支付支出 27 亿元；
     7、固定数额补助支出 224.35 亿元；
     8、革命老区转移支付支出 1.1 亿元；
     9、民族地区转移支付支出 2.42 亿元；
     10、边境地区转移支付支出 29.51 亿元；
     11、贫困地区转移支付支出 46.98 亿元；
     12、公共安全共同财政事权转移支付支出 19.75 亿元；
     13、教育共同财政事权转移支付支出 70.65 亿元；
     14、科学技术共同财政事权转移支付支出 0.3 亿元；
     15、文化旅游体育与传媒共同财政事权转移支付支出 6.15
亿元；
     16、社会保障和就业共同财政事权转移支付支出 514.55 亿
元；
     17、医疗卫生共同财政事权转移支付支出 143.35 亿元；

                   第 162 页
  18、节能环保共同财政事权转移支付支出 51.87 亿元；
  19、农林水共同财政事权转移支付支出 508.58 亿元；
  20、交通运输共同财政事权转移支付支出 92.95 亿元；
  21、资源勘探工业信息等共同财政事权转移支付支出 0.02
亿元；
  22、住房保障共同财政事权转移支付支出 48 亿元；
  23、灾害防治及应急管理共同财政事权转移支付支出 3.57
亿元；
  24、其他一般性转移支付支出 1.11 亿元。
  （二）专项转移支付支出 188.53 亿元。其中：
  1、一般公共服务 0.12 亿元；
  2、国防 0.75 亿元；
  3、公共安全 2.02 亿元；
  4、教育 7.30 亿元；
  5、科学技术 6.12 亿元；
  6、文化旅游体育与传媒 3.32 亿元；
  7、社会保障和就业 2.52 亿元；
  8、卫生健康 10.34 亿元；
  9、节能环保 14.08 亿元；
  10、城乡社区 5.92 亿元；
  11、农林水 62.04 亿元；

                  第 163 页
12、交通运输 3.01 亿元；
13、资源勘探工业信息等 18.96 亿元；
14、商业服务业等 5.38 亿元；
15、金融 0.14 亿元；
16、自然资源海洋气象等 0.23 亿元；
17、住房保障 39.91 亿元；
18、粮油物资储备 4.07 亿元；
19、灾害防治及应急管理 2.30 亿元。
（三）返还性支出 184.25 亿元。其中：
1、所得税基数返还支出 14.76 亿元；
2、成品油税费改革税收返还支出 12.15 亿元；
3、增值税税收返还支出 71.37 亿元；
4、消费税税收返还支出 10.72 亿元；
5、增值税五五分享税收返还支出 66.6 亿元；
6、城镇土地使用税基数返还支出 8.67 亿元。




                 第 164 页
 3.5 关于 2020 年举借政府债务情况的说明

  2020 年国家核定我省新增政府债务限额 1061 亿元，其中：
一般债务限额 479 亿元（含政府债务外贷限额 3.8256 亿元）
                                 ，专
项债务限额 582 亿元。
  我省严格按照国家核定新增债务限额举借债务，2020 年发
行地方政府新增债券 934.2 亿元，其中：省级留用 136.7 亿元，
转贷市县 797.5 亿元，主要用于支持“三大攻坚战”、棚户区改
造、开发区建设、市政建设、社会事业、铁路、公路、机场等
重大基础设施建设支出。
  2020 年末我省地方政府债务余额 5684.5 亿元（其中：一般
债务余额 4051.3 亿元，专项债务余额 1633.2 亿元），低于国家
核定我省债务限额 5899.6 亿元（其中：一般债务限额 4127.4 亿
元，专项债务限额 1772.2 亿元）
                  。




                第 165 页
  3.6 关于 2020 年省本级“三公”经费支出
             情况的说明

  2020 年，省本级“三公”经费一般公共预算财政拨款（以下
简称“三公”经费）支出合计 25170 万元。其中，因公出国（境）
支出 325 万元，公务用车购置费支出 1401 万元，公务用车运行
维护费支出 21749 万元，公务接待费支出 1695 万元。
  与 2019 年决算相比，
              省本级“三公”经费支出减少 9923 万元。
其中：因公出国（境）支出减少 2317 万元；公务用车购置费支
出减少 1107 万元；公务用车运行维护支出减少 3716 万元；公
务接待费支出减少 2782 万元。
  与 2020 年预算相比，省本级“三公”经费支出减少 13752 万
元。其中：因公出国（境）支出减少 2752 万元；公务用车购置
费支出增加 677 万元，主要是预算执行中特种车辆购置支出增
加；公务用车运行维护费支出减少 7752 万元；公务接待费支出
减少 3926 万元。




                第 166 页
       3.7 关于 2020 年预算绩效工作
            开展情况的说明

   现将我省 2020 年预算绩效管理工作开展情况说明如下：
   一、完善绩效评价指标体系
   汇编部门预算整体绩效评价指标框架和 21 个分行业分领域
项目评价指标模板和部分专项支出的评价指标模板，为提高绩
效目标编制和绩效评价质量奠定基础。
   二、组织开展绩效评价工作
   重点对扶贫项目资金和省级部门项目支出组织开展了单位
自评、部门评价和财政评价三个层次的绩效评价。
   （一）省级项目支出绩效自评价。组织省级预算部门和单
位对纳入绩效管理范围的省级项目和专项支出开展了绩效自评
价工作，自评价平均得分 89.79 分。
   （二）开展绩效自评价结果复核和财政评价工作。对 8 个
县 16 个扶贫项目自评结果进行了抽查，选择 9 个扶贫项目（2.45
亿元）开展了财政评价，平均得分 89.88 分；选择 12 个市县的
国家教育资助经费省级配套资金和 3 个市县的省技工教育发展
专项资金部分重点项目开展了财政评价，平均得分分别为 95.79
分和 96.75 分。
   （三）组织开展省级项目支出部门评价。组织省级预算部

               第 167 页
门按照“原则上以 5 年为周期，实现部门评价重点项目全覆盖”
的规定，在纳入预算绩效管理范围并已开展绩效自评价的 2019
年度部门项目和专项支出中，优先选择本部门及所属单位重大
支出项目，随机选择一般性项目进行绩效评价，平均得分 95.56
分。
     （四）加强扶贫项目资金绩效评价管理。组织开展了扶贫
项目资金绩效自评价工作，共计 1934 个项目，资金额度 83.54
亿元。组织市县财政部门开展扶贫项目资金绩效自评价抽查和
财政评价工作，据统计，市县自评结果抽查 389 个项目，资金
额度 26.87 亿元；财政评价 173 个项目，资金额度 16.21 亿元。




                 第 168 页
