city_id,city_name_cn,metric_year,statutory_debt_balance_100m,raw_value_million_rmb,value_origin,source_doc_id,source_url,evidence_excerpt,source_grade
CN-130200,唐山市,2024,2832.01000,283201.000,disclosed,SRC-SECONDARY-CEIC-CN-130200,https://www.ceicdata.com/zh-hans/china/local-government-debt-prefecture-level-city-outstanding/cn-local-government-debt-outstanding-hebei-tangshan,CEIC页面元数据同比基准：2024年=283201.000百万人民币,D
CN-130200,唐山市,2025,3127.72000,312772.000,disclosed,SRC-SECONDARY-CEIC-CN-130200,https://www.ceicdata.com/zh-hans/china/local-government-debt-prefecture-level-city-outstanding/cn-local-government-debt-outstanding-hebei-tangshan,CEIC页面元数据：2025年=312772.000百万人民币,D
CN-130300,秦皇岛市,2024,884.72000,88472.000,disclosed,SRC-SECONDARY-CEIC-CN-130300,https://www.ceicdata.com/zh-hans/china/local-government-debt-prefecture-level-city-outstanding/cn-local-government-debt-outstanding-hebei-qinhuangdao,CEIC页面元数据同比基准：2024年=88472.000百万人民币,D
CN-130300,秦皇岛市,2025,1030.01000,103001.000,disclosed,SRC-SECONDARY-CEIC-CN-130300,https://www.ceicdata.com/zh-hans/china/local-government-debt-prefecture-level-city-outstanding/cn-local-government-debt-outstanding-hebei-qinhuangdao,CEIC页面元数据：2025年=103001.000百万人民币,D
CN-130400,邯郸市,2024,1531.64000,153164.000,disclosed,SRC-SECONDARY-CEIC-CN-130400,https://www.ceicdata.com/zh-hans/china/local-government-debt-prefecture-level-city-outstanding/cn-local-government-debt-outstanding-hebei-handan,CEIC页面元数据同比基准：2024年=153164.000百万人民币,D
CN-130400,邯郸市,2025,1756.50000,175650.000,disclosed,SRC-SECONDARY-CEIC-CN-130400,https://www.ceicdata.com/zh-hans/china/local-government-debt-prefecture-level-city-outstanding/cn-local-government-debt-outstanding-hebei-handan,CEIC页面元数据：2025年=175650.000百万人民币,D
CN-130500,邢台市,2024,1226.60000,122660.000,disclosed,SRC-SECONDARY-CEIC-CN-130500,https://www.ceicdata.com/zh-hans/china/local-government-debt-prefecture-level-city-outstanding/cn-local-government-debt-outstanding-hebei-xingtai,CEIC页面元数据同比基准：2024年=122660.000百万人民币,D
CN-130500,邢台市,2025,1409.08000,140908.000,disclosed,SRC-SECONDARY-CEIC-CN-130500,https://www.ceicdata.com/zh-hans/china/local-government-debt-prefecture-level-city-outstanding/cn-local-government-debt-outstanding-hebei-xingtai,CEIC页面元数据：2025年=140908.000百万人民币,D
CN-130700,张家口市,2024,1547.17000,154717.000,disclosed,SRC-SECONDARY-CEIC-CN-130700,https://www.ceicdata.com/zh-hans/china/local-government-debt-prefecture-level-city-outstanding/cn-local-government-debt-outstanding-hebei-zhangjiakou,CEIC页面元数据同比基准：2024年=154717.000百万人民币,D
CN-130700,张家口市,2025,1895.29000,189529.000,disclosed,SRC-SECONDARY-CEIC-CN-130700,https://www.ceicdata.com/zh-hans/china/local-government-debt-prefecture-level-city-outstanding/cn-local-government-debt-outstanding-hebei-zhangjiakou,CEIC页面元数据：2025年=189529.000百万人民币,D
CN-130800,承德市,2024,878.74000,87874.000,disclosed,SRC-SECONDARY-CEIC-CN-130800,https://www.ceicdata.com/zh-hans/china/local-government-debt-prefecture-level-city-outstanding/cn-local-government-debt-outstanding-hebei-chengde,CEIC页面元数据同比基准：2024年=87874.000百万人民币,D
CN-130800,承德市,2025,1020.18000,102018.000,disclosed,SRC-SECONDARY-CEIC-CN-130800,https://www.ceicdata.com/zh-hans/china/local-government-debt-prefecture-level-city-outstanding/cn-local-government-debt-outstanding-hebei-chengde,CEIC页面元数据：2025年=102018.000百万人民币,D
CN-130900,沧州市,2024,1268.70000,126870.000,disclosed,SRC-SECONDARY-CEIC-CN-130900,https://www.ceicdata.com/zh-hans/china/local-government-debt-prefecture-level-city-outstanding/cn-local-government-debt-outstanding-hebei-cangzhou,CEIC页面元数据同比基准：2024年=126870.000百万人民币,D
CN-130900,沧州市,2025,1564.40000,156440.000,disclosed,SRC-SECONDARY-CEIC-CN-130900,https://www.ceicdata.com/zh-hans/china/local-government-debt-prefecture-level-city-outstanding/cn-local-government-debt-outstanding-hebei-cangzhou,CEIC页面元数据：2025年=156440.000百万人民币,D
CN-131000,廊坊市,2024,1247.98000,124798.000,disclosed,SRC-SECONDARY-CEIC-CN-131000,https://www.ceicdata.com/zh-hans/china/local-government-debt-prefecture-level-city-outstanding/cn-local-government-debt-outstanding-hebei-langfang,CEIC页面元数据同比基准：2024年=124798.000百万人民币,D
CN-131000,廊坊市,2025,1460.06000,146006.000,disclosed,SRC-SECONDARY-CEIC-CN-131000,https://www.ceicdata.com/zh-hans/china/local-government-debt-prefecture-level-city-outstanding/cn-local-government-debt-outstanding-hebei-langfang,CEIC页面元数据：2025年=146006.000百万人民币,D
CN-131100,衡水市,2024,722.35000,72235.000,disclosed,SRC-SECONDARY-CEIC-CN-131100,https://www.ceicdata.com/zh-hans/china/local-government-debt-prefecture-level-city-outstanding/cn-local-government-debt-outstanding-hebei-hengshui,CEIC页面元数据同比基准：2024年=72235.000百万人民币,D
CN-131100,衡水市,2025,836.63000,83663.000,disclosed,SRC-SECONDARY-CEIC-CN-131100,https://www.ceicdata.com/zh-hans/china/local-government-debt-prefecture-level-city-outstanding/cn-local-government-debt-outstanding-hebei-hengshui,CEIC页面元数据：2025年=83663.000百万人民币,D
CN-140100,太原市,2024,1422.98480,142298.480,disclosed,SRC-SECONDARY-CEIC-CN-140100,https://www.ceicdata.com/zh-hans/china/local-government-debt-prefecture-level-city-outstanding/cn-local-government-debt-outstanding-shanxi-taiyuan,CEIC页面元数据同比基准：2024年=142298.480百万人民币,D
CN-140100,太原市,2025,1791.69000,179169.000,disclosed,SRC-SECONDARY-CEIC-CN-140100,https://www.ceicdata.com/zh-hans/china/local-government-debt-prefecture-level-city-outstanding/cn-local-government-debt-outstanding-shanxi-taiyuan,CEIC页面元数据：2025年=179169.000百万人民币,D
CN-150100,呼和浩特市,2018,840.67330,84067.330,disclosed,SRC-SECONDARY-CEIC-CN-150100,https://www.ceicdata.com/zh-hans/china/local-government-debt-prefecture-level-city-outstanding/cn-local-government-debt-outstanding-inner-mongolia-hohhot,CEIC图表：2018年=84067.330百万人民币,D
CN-150100,呼和浩特市,2019,899.52350,89952.350,disclosed,SRC-SECONDARY-CEIC-CN-150100,https://www.ceicdata.com/zh-hans/china/local-government-debt-prefecture-level-city-outstanding/cn-local-government-debt-outstanding-inner-mongolia-hohhot,CEIC图表：2019年=89952.350百万人民币,D
CN-150100,呼和浩特市,2020,960.39850,96039.850,disclosed,SRC-SECONDARY-CEIC-CN-150100,https://www.ceicdata.com/zh-hans/china/local-government-debt-prefecture-level-city-outstanding/cn-local-government-debt-outstanding-inner-mongolia-hohhot,CEIC图表：2020年=96039.850百万人民币,D
CN-150100,呼和浩特市,2021,979.08930,97908.930,disclosed,SRC-SECONDARY-CEIC-CN-150100,https://www.ceicdata.com/zh-hans/china/local-government-debt-prefecture-level-city-outstanding/cn-local-government-debt-outstanding-inner-mongolia-hohhot,CEIC图表：2021年=97908.930百万人民币,D
CN-150100,呼和浩特市,2022,1028.02250,102802.250,disclosed,SRC-SECONDARY-CEIC-CN-150100,https://www.ceicdata.com/zh-hans/china/local-government-debt-prefecture-level-city-outstanding/cn-local-government-debt-outstanding-inner-mongolia-hohhot,CEIC图表：2022年=102802.250百万人民币,D
CN-150100,呼和浩特市,2023,1430.11660,143011.660,disclosed,SRC-SECONDARY-CEIC-CN-150100,https://www.ceicdata.com/zh-hans/china/local-government-debt-prefecture-level-city-outstanding/cn-local-government-debt-outstanding-inner-mongolia-hohhot,CEIC图表：2023年=143011.660百万人民币,D
CN-150100,呼和浩特市,2024,1582.17680,158217.680,disclosed,SRC-SECONDARY-CEIC-CN-150100,https://www.ceicdata.com/zh-hans/china/local-government-debt-prefecture-level-city-outstanding/cn-local-government-debt-outstanding-inner-mongolia-hohhot,CEIC图表：2024年=158217.680百万人民币,D
CN-150300,乌海市,2018,172.93670,17293.670,disclosed,SRC-SECONDARY-CEIC-CN-150300,https://www.ceicdata.com/zh-hans/china/local-government-debt-prefecture-level-city-outstanding/cn-local-government-debt-outstanding-inner-mongolia-wuhai,CEIC图表：2018年=17293.670百万人民币,D
CN-150300,乌海市,2019,189.76780,18976.780,disclosed,SRC-SECONDARY-CEIC-CN-150300,https://www.ceicdata.com/zh-hans/china/local-government-debt-prefecture-level-city-outstanding/cn-local-government-debt-outstanding-inner-mongolia-wuhai,CEIC图表：2019年=18976.780百万人民币,D
CN-150300,乌海市,2020,228.57560,22857.560,disclosed,SRC-SECONDARY-CEIC-CN-150300,https://www.ceicdata.com/zh-hans/china/local-government-debt-prefecture-level-city-outstanding/cn-local-government-debt-outstanding-inner-mongolia-wuhai,CEIC图表：2020年=22857.560百万人民币,D
CN-150300,乌海市,2021,244.90600,24490.600,disclosed,SRC-SECONDARY-CEIC-CN-150300,https://www.ceicdata.com/zh-hans/china/local-government-debt-prefecture-level-city-outstanding/cn-local-government-debt-outstanding-inner-mongolia-wuhai,CEIC图表：2021年=24490.600百万人民币,D
CN-150300,乌海市,2022,254.40470,25440.470,disclosed,SRC-SECONDARY-CEIC-CN-150300,https://www.ceicdata.com/zh-hans/china/local-government-debt-prefecture-level-city-outstanding/cn-local-government-debt-outstanding-inner-mongolia-wuhai,CEIC图表：2022年=25440.470百万人民币,D
CN-150300,乌海市,2023,289.13100,28913.100,disclosed,SRC-SECONDARY-CEIC-CN-150300,https://www.ceicdata.com/zh-hans/china/local-government-debt-prefecture-level-city-outstanding/cn-local-government-debt-outstanding-inner-mongolia-wuhai,CEIC图表：2023年=28913.100百万人民币,D
CN-150300,乌海市,2024,320.62580,32062.580,disclosed,SRC-SECONDARY-CEIC-CN-150300,https://www.ceicdata.com/zh-hans/china/local-government-debt-prefecture-level-city-outstanding/cn-local-government-debt-outstanding-inner-mongolia-wuhai,CEIC图表：2024年=32062.580百万人民币,D
CN-150400,赤峰市,2018,336.93870,33693.870,disclosed,SRC-SECONDARY-CEIC-CN-150400,https://www.ceicdata.com/zh-hans/china/local-government-debt-prefecture-level-city-outstanding/cn-local-government-debt-outstanding-inner-mongolia-chifeng,CEIC图表：2018年=33693.870百万人民币,D
CN-150400,赤峰市,2019,430.00230,43000.230,disclosed,SRC-SECONDARY-CEIC-CN-150400,https://www.ceicdata.com/zh-hans/china/local-government-debt-prefecture-level-city-outstanding/cn-local-government-debt-outstanding-inner-mongolia-chifeng,CEIC图表：2019年=43000.230百万人民币,D
CN-150400,赤峰市,2020,500.44120,50044.120,disclosed,SRC-SECONDARY-CEIC-CN-150400,https://www.ceicdata.com/zh-hans/china/local-government-debt-prefecture-level-city-outstanding/cn-local-government-debt-outstanding-inner-mongolia-chifeng,CEIC图表：2020年=50044.120百万人民币,D
CN-150400,赤峰市,2021,563.82480,56382.480,disclosed,SRC-SECONDARY-CEIC-CN-150400,https://www.ceicdata.com/zh-hans/china/local-government-debt-prefecture-level-city-outstanding/cn-local-government-debt-outstanding-inner-mongolia-chifeng,CEIC图表：2021年=56382.480百万人民币,D
CN-150400,赤峰市,2022,604.19640,60419.640,disclosed,SRC-SECONDARY-CEIC-CN-150400,https://www.ceicdata.com/zh-hans/china/local-government-debt-prefecture-level-city-outstanding/cn-local-government-debt-outstanding-inner-mongolia-chifeng,CEIC图表：2022年=60419.640百万人民币,D
CN-150400,赤峰市,2023,756.93430,75693.430,disclosed,SRC-SECONDARY-CEIC-CN-150400,https://www.ceicdata.com/zh-hans/china/local-government-debt-prefecture-level-city-outstanding/cn-local-government-debt-outstanding-inner-mongolia-chifeng,CEIC图表：2023年=75693.430百万人民币,D
CN-150400,赤峰市,2024,881.01730,88101.730,disclosed,SRC-SECONDARY-CEIC-CN-150400,https://www.ceicdata.com/zh-hans/china/local-government-debt-prefecture-level-city-outstanding/cn-local-government-debt-outstanding-inner-mongolia-chifeng,CEIC图表：2024年=88101.730百万人民币,D
CN-150700,呼伦贝尔市,2018,371.58970,37158.970,disclosed,SRC-SECONDARY-CEIC-CN-150700,https://www.ceicdata.com/zh-hans/china/local-government-debt-prefecture-level-city-outstanding/cn-local-government-debt-outstanding-inner-mongolia-hulunbeier,CEIC图表：2018年=37158.970百万人民币,D
CN-150700,呼伦贝尔市,2019,418.23280,41823.280,disclosed,SRC-SECONDARY-CEIC-CN-150700,https://www.ceicdata.com/zh-hans/china/local-government-debt-prefecture-level-city-outstanding/cn-local-government-debt-outstanding-inner-mongolia-hulunbeier,CEIC图表：2019年=41823.280百万人民币,D
CN-150700,呼伦贝尔市,2020,501.90150,50190.150,disclosed,SRC-SECONDARY-CEIC-CN-150700,https://www.ceicdata.com/zh-hans/china/local-government-debt-prefecture-level-city-outstanding/cn-local-government-debt-outstanding-inner-mongolia-hulunbeier,CEIC图表：2020年=50190.150百万人民币,D
CN-150700,呼伦贝尔市,2021,565.82350,56582.350,disclosed,SRC-SECONDARY-CEIC-CN-150700,https://www.ceicdata.com/zh-hans/china/local-government-debt-prefecture-level-city-outstanding/cn-local-government-debt-outstanding-inner-mongolia-hulunbeier,CEIC图表：2021年=56582.350百万人民币,D
CN-150700,呼伦贝尔市,2022,600.15080,60015.080,disclosed,SRC-SECONDARY-CEIC-CN-150700,https://www.ceicdata.com/zh-hans/china/local-government-debt-prefecture-level-city-outstanding/cn-local-government-debt-outstanding-inner-mongolia-hulunbeier,CEIC图表：2022年=60015.080百万人民币,D
CN-150700,呼伦贝尔市,2023,720.32240,72032.240,disclosed,SRC-SECONDARY-CEIC-CN-150700,https://www.ceicdata.com/zh-hans/china/local-government-debt-prefecture-level-city-outstanding/cn-local-government-debt-outstanding-inner-mongolia-hulunbeier,CEIC图表：2023年=72032.240百万人民币,D
CN-150700,呼伦贝尔市,2024,801.37450,80137.450,disclosed,SRC-SECONDARY-CEIC-CN-150700,https://www.ceicdata.com/zh-hans/china/local-government-debt-prefecture-level-city-outstanding/cn-local-government-debt-outstanding-inner-mongolia-hulunbeier,CEIC图表：2024年=80137.450百万人民币,D
CN-150800,巴彦淖尔市,2018,305.51670,30551.670,disclosed,SRC-SECONDARY-CEIC-CN-150800,https://www.ceicdata.com/zh-hans/china/local-government-debt-prefecture-level-city-outstanding/cn-local-government-debt-outstanding-inner-mongolia-bayannaoer,CEIC图表：2018年=30551.670百万人民币,D
CN-150800,巴彦淖尔市,2019,332.86140,33286.140,disclosed,SRC-SECONDARY-CEIC-CN-150800,https://www.ceicdata.com/zh-hans/china/local-government-debt-prefecture-level-city-outstanding/cn-local-government-debt-outstanding-inner-mongolia-bayannaoer,CEIC图表：2019年=33286.140百万人民币,D
CN-150800,巴彦淖尔市,2020,414.05120,41405.120,disclosed,SRC-SECONDARY-CEIC-CN-150800,https://www.ceicdata.com/zh-hans/china/local-government-debt-prefecture-level-city-outstanding/cn-local-government-debt-outstanding-inner-mongolia-bayannaoer,CEIC图表：2020年=41405.120百万人民币,D
CN-150800,巴彦淖尔市,2021,505.17050,50517.050,disclosed,SRC-SECONDARY-CEIC-CN-150800,https://www.ceicdata.com/zh-hans/china/local-government-debt-prefecture-level-city-outstanding/cn-local-government-debt-outstanding-inner-mongolia-bayannaoer,CEIC图表：2021年=50517.050百万人民币,D
CN-150800,巴彦淖尔市,2022,534.98110,53498.110,disclosed,SRC-SECONDARY-CEIC-CN-150800,https://www.ceicdata.com/zh-hans/china/local-government-debt-prefecture-level-city-outstanding/cn-local-government-debt-outstanding-inner-mongolia-bayannaoer,CEIC图表：2022年=53498.110百万人民币,D
CN-150800,巴彦淖尔市,2023,608.70360,60870.360,disclosed,SRC-SECONDARY-CEIC-CN-150800,https://www.ceicdata.com/zh-hans/china/local-government-debt-prefecture-level-city-outstanding/cn-local-government-debt-outstanding-inner-mongolia-bayannaoer,CEIC图表：2023年=60870.360百万人民币,D
CN-150800,巴彦淖尔市,2024,659.39480,65939.480,disclosed,SRC-SECONDARY-CEIC-CN-150800,https://www.ceicdata.com/zh-hans/china/local-government-debt-prefecture-level-city-outstanding/cn-local-government-debt-outstanding-inner-mongolia-bayannaoer,CEIC图表：2024年=65939.480百万人民币,D
CN-150900,乌兰察布市,2018,552.50640,55250.640,disclosed,SRC-SECONDARY-CEIC-CN-150900,https://www.ceicdata.com/zh-hans/china/local-government-debt-prefecture-level-city-outstanding/cn-local-government-debt-outstanding-inner-mongolia-wulanchabu,CEIC图表：2018年=55250.640百万人民币,D
CN-150900,乌兰察布市,2019,595.79870,59579.870,disclosed,SRC-SECONDARY-CEIC-CN-150900,https://www.ceicdata.com/zh-hans/china/local-government-debt-prefecture-level-city-outstanding/cn-local-government-debt-outstanding-inner-mongolia-wulanchabu,CEIC图表：2019年=59579.870百万人民币,D
CN-150900,乌兰察布市,2020,683.01900,68301.900,disclosed,SRC-SECONDARY-CEIC-CN-150900,https://www.ceicdata.com/zh-hans/china/local-government-debt-prefecture-level-city-outstanding/cn-local-government-debt-outstanding-inner-mongolia-wulanchabu,CEIC图表：2020年=68301.900百万人民币,D
CN-150900,乌兰察布市,2021,739.87650,73987.650,disclosed,SRC-SECONDARY-CEIC-CN-150900,https://www.ceicdata.com/zh-hans/china/local-government-debt-prefecture-level-city-outstanding/cn-local-government-debt-outstanding-inner-mongolia-wulanchabu,CEIC图表：2021年=73987.650百万人民币,D
CN-150900,乌兰察布市,2022,781.57080,78157.080,disclosed,SRC-SECONDARY-CEIC-CN-150900,https://www.ceicdata.com/zh-hans/china/local-government-debt-prefecture-level-city-outstanding/cn-local-government-debt-outstanding-inner-mongolia-wulanchabu,CEIC图表：2022年=78157.080百万人民币,D
CN-150900,乌兰察布市,2023,933.58480,93358.480,disclosed,SRC-SECONDARY-CEIC-CN-150900,https://www.ceicdata.com/zh-hans/china/local-government-debt-prefecture-level-city-outstanding/cn-local-government-debt-outstanding-inner-mongolia-wulanchabu,CEIC图表：2023年=93358.480百万人民币,D
CN-150900,乌兰察布市,2024,1006.80690,100680.690,disclosed,SRC-SECONDARY-CEIC-CN-150900,https://www.ceicdata.com/zh-hans/china/local-government-debt-prefecture-level-city-outstanding/cn-local-government-debt-outstanding-inner-mongolia-wulanchabu,CEIC图表：2024年=100680.690百万人民币,D
CN-210100,沈阳市,2024,2401.90660,240190.660,calculated,SRC-SECONDARY-CEIC-CN-210100,https://www.ceicdata.com/zh-hans/china/local-government-debt-prefecture-level-city-outstanding/cn-local-government-debt-outstanding-general-liaoning-shenyang;https://www.ceicdata.com/zh-hans/china/local-government-debt-prefecture-level-city-outstanding/cn-local-government-debt-outstanding-special-liaoning-shenyang,CEIC一般+专项分项：一般=108644.280，专项=131546.380百万人民币；合计为计算值,D
CN-210100,沈阳市,2025,2684.80000,268480.000,calculated,SRC-SECONDARY-CEIC-CN-210100,https://www.ceicdata.com/zh-hans/china/local-government-debt-prefecture-level-city-outstanding/cn-local-government-debt-outstanding-general-liaoning-shenyang;https://www.ceicdata.com/zh-hans/china/local-government-debt-prefecture-level-city-outstanding/cn-local-government-debt-outstanding-special-liaoning-shenyang,CEIC一般+专项分项：一般=110780.000，专项=157700.000百万人民币；合计为计算值,D
CN-210400,抚顺市,2024,328.25250,32825.250,calculated,SRC-SECONDARY-CEIC-CN-210400,https://www.ceicdata.com/zh-hans/china/local-government-debt-prefecture-level-city-outstanding/cn-local-government-debt-outstanding-general-liaoning-fushun;https://www.ceicdata.com/zh-hans/china/local-government-debt-prefecture-level-city-outstanding/cn-local-government-debt-outstanding-special-liaoning-fushun,CEIC一般+专项分项：一般=23958.370，专项=8866.880百万人民币；合计为计算值,D
CN-210400,抚顺市,2025,351.10000,35110.000,calculated,SRC-SECONDARY-CEIC-CN-210400,https://www.ceicdata.com/zh-hans/china/local-government-debt-prefecture-level-city-outstanding/cn-local-government-debt-outstanding-general-liaoning-fushun;https://www.ceicdata.com/zh-hans/china/local-government-debt-prefecture-level-city-outstanding/cn-local-government-debt-outstanding-special-liaoning-fushun,CEIC一般+专项分项：一般=23980.000，专项=11130.000百万人民币；合计为计算值,D
CN-210800,营口市,2024,1352.03070,135203.070,calculated,SRC-SECONDARY-CEIC-CN-210800,https://www.ceicdata.com/zh-hans/china/local-government-debt-prefecture-level-city-outstanding/cn-local-government-debt-outstanding-general-liaoning-yingkou;https://www.ceicdata.com/zh-hans/china/local-government-debt-prefecture-level-city-outstanding/cn-local-government-debt-outstanding-special-liaoning-yingkou,CEIC一般+专项分项：一般=92957.310，专项=42245.760百万人民币；合计为计算值,D
CN-210800,营口市,2025,1434.40000,143440.000,calculated,SRC-SECONDARY-CEIC-CN-210800,https://www.ceicdata.com/zh-hans/china/local-government-debt-prefecture-level-city-outstanding/cn-local-government-debt-outstanding-general-liaoning-yingkou;https://www.ceicdata.com/zh-hans/china/local-government-debt-prefecture-level-city-outstanding/cn-local-government-debt-outstanding-special-liaoning-yingkou,CEIC一般+专项分项：一般=91890.000，专项=51550.000百万人民币；合计为计算值,D
CN-210900,阜新市,2024,269.68560,26968.560,calculated,SRC-SECONDARY-CEIC-CN-210900,https://www.ceicdata.com/zh-hans/china/local-government-debt-prefecture-level-city-outstanding/cn-local-government-debt-outstanding-general-liaoning-fuxin;https://www.ceicdata.com/zh-hans/china/local-government-debt-prefecture-level-city-outstanding/cn-local-government-debt-outstanding-special-liaoning-fuxin,CEIC一般+专项分项：一般=15443.480，专项=11525.080百万人民币；合计为计算值,D
CN-210900,阜新市,2025,293.00000,29300.000,calculated,SRC-SECONDARY-CEIC-CN-210900,https://www.ceicdata.com/zh-hans/china/local-government-debt-prefecture-level-city-outstanding/cn-local-government-debt-outstanding-general-liaoning-fuxin;https://www.ceicdata.com/zh-hans/china/local-government-debt-prefecture-level-city-outstanding/cn-local-government-debt-outstanding-special-liaoning-fuxin,CEIC一般+专项分项：一般=15420.000，专项=13880.000百万人民币；合计为计算值,D
CN-211000,辽阳市,2024,477.53500,47753.500,calculated,SRC-SECONDARY-CEIC-CN-211000,https://www.ceicdata.com/zh-hans/china/local-government-debt-prefecture-level-city-outstanding/cn-local-government-debt-outstanding-general-liaoning-liaoyang;https://www.ceicdata.com/zh-hans/china/local-government-debt-prefecture-level-city-outstanding/cn-local-government-debt-outstanding-special-liaoning-liaoyang,CEIC一般+专项分项：一般=27920.430，专项=19833.070百万人民币；合计为计算值,D
CN-211000,辽阳市,2025,527.50000,52750.000,calculated,SRC-SECONDARY-CEIC-CN-211000,https://www.ceicdata.com/zh-hans/china/local-government-debt-prefecture-level-city-outstanding/cn-local-government-debt-outstanding-general-liaoning-liaoyang;https://www.ceicdata.com/zh-hans/china/local-government-debt-prefecture-level-city-outstanding/cn-local-government-debt-outstanding-special-liaoning-liaoyang,CEIC一般+专项分项：一般=27670.000，专项=25080.000百万人民币；合计为计算值,D
CN-211300,朝阳市,2024,377.89100,37789.100,calculated,SRC-SECONDARY-CEIC-CN-211300,https://www.ceicdata.com/zh-hans/china/local-government-debt-prefecture-level-city-outstanding/cn-local-government-debt-outstanding-general-liaoning-chaoyang;https://www.ceicdata.com/zh-hans/china/local-government-debt-prefecture-level-city-outstanding/cn-local-government-debt-outstanding-special-liaoning-chaoyang,CEIC一般+专项分项：一般=16089.110，专项=21699.990百万人民币；合计为计算值,D
CN-211300,朝阳市,2025,425.00000,42500.000,calculated,SRC-SECONDARY-CEIC-CN-211300,https://www.ceicdata.com/zh-hans/china/local-government-debt-prefecture-level-city-outstanding/cn-local-government-debt-outstanding-general-liaoning-chaoyang;https://www.ceicdata.com/zh-hans/china/local-government-debt-prefecture-level-city-outstanding/cn-local-government-debt-outstanding-special-liaoning-chaoyang,CEIC一般+专项分项：一般=16240.000，专项=26260.000百万人民币；合计为计算值,D
CN-211400,葫芦岛市,2024,568.52320,56852.320,calculated,SRC-SECONDARY-CEIC-CN-211400,https://www.ceicdata.com/zh-hans/china/local-government-debt-prefecture-level-city-outstanding/cn-local-government-debt-outstanding-general-liaoning-huludao;https://www.ceicdata.com/zh-hans/china/local-government-debt-prefecture-level-city-outstanding/cn-local-government-debt-outstanding-special-liaoning-huludao,CEIC一般+专项分项：一般=39767.510，专项=17084.810百万人民币；合计为计算值,D
CN-211400,葫芦岛市,2025,595.89100,59589.100,calculated,SRC-SECONDARY-CEIC-CN-211400,https://www.ceicdata.com/zh-hans/china/local-government-debt-prefecture-level-city-outstanding/cn-local-government-debt-outstanding-general-liaoning-huludao;https://www.ceicdata.com/zh-hans/china/local-government-debt-prefecture-level-city-outstanding/cn-local-government-debt-outstanding-special-liaoning-huludao,CEIC一般+专项分项：一般=39673.560，专项=19915.540百万人民币；合计为计算值,D
CN-220100,长春市,2024,3158.37000,315837.000,disclosed,SRC-SECONDARY-CEIC-CN-220100,https://www.ceicdata.com/zh-hans/china/local-government-debt-prefecture-level-city-outstanding/cn-local-government-debt-outstanding-jilin-changchun,CEIC页面元数据同比基准：2024年=315837.000百万人民币,D
CN-220100,长春市,2025,3478.40000,347840.000,disclosed,SRC-SECONDARY-CEIC-CN-220100,https://www.ceicdata.com/zh-hans/china/local-government-debt-prefecture-level-city-outstanding/cn-local-government-debt-outstanding-jilin-changchun,CEIC页面元数据：2025年=347840.000百万人民币,D
CN-230100,哈尔滨市,2024,3486.30930,348630.930,disclosed,SRC-SECONDARY-CEIC-CN-230100,https://www.ceicdata.com/zh-hans/china/local-government-debt-prefecture-level-city-outstanding/cn-local-government-debt-outstanding-heilongjiang-harbin,CEIC页面元数据同比基准：2024年=348630.930百万人民币,D
CN-230100,哈尔滨市,2025,3784.29450,378429.450,disclosed,SRC-SECONDARY-CEIC-CN-230100,https://www.ceicdata.com/zh-hans/china/local-government-debt-prefecture-level-city-outstanding/cn-local-government-debt-outstanding-heilongjiang-harbin,CEIC页面元数据：2025年=378429.450百万人民币,D
CN-230600,大庆市,2024,602.24850,60224.850,calculated,SRC-SECONDARY-CEIC-CN-230600,https://www.ceicdata.com/zh-hans/china/local-government-debt-prefecture-level-city-outstanding/cn-local-government-debt-outstanding-general-heilongjiang-daqing;https://www.ceicdata.com/zh-hans/china/local-government-debt-prefecture-level-city-outstanding/cn-local-government-debt-outstanding-special-heilongjiang-daqing,CEIC一般+专项分项：一般=26945.890，专项=33278.960百万人民币；合计为计算值,D
CN-230600,大庆市,2025,737.85240,73785.240,calculated,SRC-SECONDARY-CEIC-CN-230600,https://www.ceicdata.com/zh-hans/china/local-government-debt-prefecture-level-city-outstanding/cn-local-government-debt-outstanding-general-heilongjiang-daqing;https://www.ceicdata.com/zh-hans/china/local-government-debt-prefecture-level-city-outstanding/cn-local-government-debt-outstanding-special-heilongjiang-daqing,CEIC一般+专项分项：一般=28608.110，专项=45177.130百万人民币；合计为计算值,D
CN-230700,伊春市,2024,234.09590,23409.590,disclosed,SRC-SECONDARY-CEIC-CN-230700,https://www.ceicdata.com/zh-hans/china/local-government-debt-prefecture-level-city-outstanding/cn-local-government-debt-outstanding-heilongjiang-yichun,CEIC页面元数据同比基准：2024年=23409.590百万人民币,D
CN-230700,伊春市,2025,275.25170,27525.170,disclosed,SRC-SECONDARY-CEIC-CN-230700,https://www.ceicdata.com/zh-hans/china/local-government-debt-prefecture-level-city-outstanding/cn-local-government-debt-outstanding-heilongjiang-yichun,CEIC页面元数据：2025年=27525.170百万人民币,D
CN-230800,佳木斯市,2024,620.10160,62010.160,disclosed,SRC-SECONDARY-CEIC-CN-230800,https://www.ceicdata.com/zh-hans/china/local-government-debt-prefecture-level-city-outstanding/cn-local-government-debt-outstanding-heilongjiang-jiamusi,CEIC页面元数据同比基准：2024年=62010.160百万人民币,D
CN-230800,佳木斯市,2025,715.19500,71519.500,disclosed,SRC-SECONDARY-CEIC-CN-230800,https://www.ceicdata.com/zh-hans/china/local-government-debt-prefecture-level-city-outstanding/cn-local-government-debt-outstanding-heilongjiang-jiamusi,CEIC页面元数据：2025年=71519.500百万人民币,D
CN-230900,七台河市,2024,271.32520,27132.520,disclosed,SRC-SECONDARY-CEIC-CN-230900,https://www.ceicdata.com/zh-hans/china/local-government-debt-prefecture-level-city-outstanding/cn-local-government-debt-outstanding-heilongjiang-qitaihe,CEIC页面元数据同比基准：2024年=27132.520百万人民币,D
CN-230900,七台河市,2025,313.16800,31316.800,disclosed,SRC-SECONDARY-CEIC-CN-230900,https://www.ceicdata.com/zh-hans/china/local-government-debt-prefecture-level-city-outstanding/cn-local-government-debt-outstanding-heilongjiang-qitaihe,CEIC页面元数据：2025年=31316.800百万人民币,D
CN-231000,牡丹江市,2024,706.02310,70602.310,disclosed,SRC-SECONDARY-CEIC-CN-231000,https://www.ceicdata.com/zh-hans/china/local-government-debt-prefecture-level-city-outstanding/cn-local-government-debt-outstanding-heilongjiang-mudanjiang,CEIC页面元数据同比基准：2024年=70602.310百万人民币,D
CN-231000,牡丹江市,2025,821.71230,82171.230,disclosed,SRC-SECONDARY-CEIC-CN-231000,https://www.ceicdata.com/zh-hans/china/local-government-debt-prefecture-level-city-outstanding/cn-local-government-debt-outstanding-heilongjiang-mudanjiang,CEIC页面元数据：2025年=82171.230百万人民币,D
CN-231100,黑河市,2024,247.92490,24792.490,disclosed,SRC-SECONDARY-CEIC-CN-231100,https://www.ceicdata.com/zh-hans/china/local-government-debt-prefecture-level-city-outstanding/cn-local-government-debt-outstanding-heilongjiang-heihe,CEIC页面元数据同比基准：2024年=24792.490百万人民币,D
CN-231100,黑河市,2025,277.34140,27734.140,disclosed,SRC-SECONDARY-CEIC-CN-231100,https://www.ceicdata.com/zh-hans/china/local-government-debt-prefecture-level-city-outstanding/cn-local-government-debt-outstanding-heilongjiang-heihe,CEIC页面元数据：2025年=27734.140百万人民币,D
CN-231200,绥化市,2024,613.23730,61323.730,disclosed,SRC-SECONDARY-CEIC-CN-231200,https://www.ceicdata.com/zh-hans/china/local-government-debt-prefecture-level-city-outstanding/cn-local-government-debt-outstanding-heilongjiang-suihua,CEIC页面元数据同比基准：2024年=61323.730百万人民币,D
CN-231200,绥化市,2025,728.80460,72880.460,disclosed,SRC-SECONDARY-CEIC-CN-231200,https://www.ceicdata.com/zh-hans/china/local-government-debt-prefecture-level-city-outstanding/cn-local-government-debt-outstanding-heilongjiang-suihua,CEIC页面元数据：2025年=72880.460百万人民币,D
CN-320100,南京市,2024,3661.56000,366156.000,disclosed,SRC-SECONDARY-CEIC-CN-320100,https://www.ceicdata.com/zh-hans/china/local-government-debt-prefecture-level-city-outstanding/cn-local-government-debt-outstanding-jiangsu-nanjing,CEIC页面元数据同比基准：2024年=366156.000百万人民币,D
CN-320100,南京市,2025,4454.02000,445402.000,disclosed,SRC-SECONDARY-CEIC-CN-320100,https://www.ceicdata.com/zh-hans/china/local-government-debt-prefecture-level-city-outstanding/cn-local-government-debt-outstanding-jiangsu-nanjing,CEIC页面元数据：2025年=445402.000百万人民币,D
CN-320200,无锡市,2024,2609.72000,260972.000,disclosed,SRC-SECONDARY-CEIC-CN-320200,https://www.ceicdata.com/zh-hans/china/local-government-debt-prefecture-level-city-outstanding/cn-local-government-debt-outstanding-jiangsu-wuxi,CEIC页面元数据同比基准：2024年=260972.000百万人民币,D
CN-320200,无锡市,2025,3317.55000,331755.000,disclosed,SRC-SECONDARY-CEIC-CN-320200,https://www.ceicdata.com/zh-hans/china/local-government-debt-prefecture-level-city-outstanding/cn-local-government-debt-outstanding-jiangsu-wuxi,CEIC页面元数据：2025年=331755.000百万人民币,D
CN-320300,徐州市,2024,1872.37000,187237.000,disclosed,SRC-SECONDARY-CEIC-CN-320300,https://www.ceicdata.com/zh-hans/china/local-government-debt-prefecture-level-city-outstanding/cn-local-government-debt-outstanding-jiangsu-xuzhou,CEIC页面元数据同比基准：2024年=187237.000百万人民币,D
CN-320300,徐州市,2025,2072.90000,207290.000,disclosed,SRC-SECONDARY-CEIC-CN-320300,https://www.ceicdata.com/zh-hans/china/local-government-debt-prefecture-level-city-outstanding/cn-local-government-debt-outstanding-jiangsu-xuzhou,CEIC页面元数据：2025年=207290.000百万人民币,D
CN-320500,苏州市,2024,3657.97000,365797.000,disclosed,SRC-SECONDARY-CEIC-CN-320500,https://www.ceicdata.com/zh-hans/china/local-government-debt-prefecture-level-city-outstanding/cn-local-government-debt-outstanding-jiangsu-suzhou,CEIC页面元数据同比基准：2024年=365797.000百万人民币,D
CN-320500,苏州市,2025,4445.63000,444563.000,disclosed,SRC-SECONDARY-CEIC-CN-320500,https://www.ceicdata.com/zh-hans/china/local-government-debt-prefecture-level-city-outstanding/cn-local-government-debt-outstanding-jiangsu-suzhou,CEIC页面元数据：2025年=444563.000百万人民币,D
CN-320700,连云港市,2024,852.47000,85247.000,disclosed,SRC-SECONDARY-CEIC-CN-320700,https://www.ceicdata.com/zh-hans/china/local-government-debt-prefecture-level-city-outstanding/cn-local-government-debt-outstanding-jiangsu-lianyungang,CEIC页面元数据同比基准：2024年=85247.000百万人民币,D
CN-320700,连云港市,2025,986.27000,98627.000,disclosed,SRC-SECONDARY-CEIC-CN-320700,https://www.ceicdata.com/zh-hans/china/local-government-debt-prefecture-level-city-outstanding/cn-local-government-debt-outstanding-jiangsu-lianyungang,CEIC页面元数据：2025年=98627.000百万人民币,D
CN-321000,扬州市,2024,1430.20000,143020.000,disclosed,SRC-SECONDARY-CEIC-CN-321000,https://www.ceicdata.com/zh-hans/china/local-government-debt-prefecture-level-city-outstanding/cn-local-government-debt-outstanding-jiangsu-yangzhou,CEIC页面元数据同比基准：2024年=143020.000百万人民币,D
CN-321000,扬州市,2025,1751.69000,175169.000,disclosed,SRC-SECONDARY-CEIC-CN-321000,https://www.ceicdata.com/zh-hans/china/local-government-debt-prefecture-level-city-outstanding/cn-local-government-debt-outstanding-jiangsu-yangzhou,CEIC页面元数据：2025年=175169.000百万人民币,D
CN-330100,杭州市,2024,4464.90540,446490.540,calculated,SRC-SECONDARY-CEIC-CN-330100,https://www.ceicdata.com/zh-hans/china/local-government-debt-prefecture-level-city-outstanding/cn-local-government-debt-outstanding-general-zhejiang-hangzhou;https://www.ceicdata.com/zh-hans/china/local-government-debt-prefecture-level-city-outstanding/cn-local-government-debt-outstanding-special-zhejiang-hangzhou,CEIC一般+专项分项：一般=131661.430，专项=314829.110百万人民币；合计为计算值,D
CN-330100,杭州市,2025,5089.74420,508974.420,calculated,SRC-SECONDARY-CEIC-CN-330100,https://www.ceicdata.com/zh-hans/china/local-government-debt-prefecture-level-city-outstanding/cn-local-government-debt-outstanding-general-zhejiang-hangzhou;https://www.ceicdata.com/zh-hans/china/local-government-debt-prefecture-level-city-outstanding/cn-local-government-debt-outstanding-special-zhejiang-hangzhou,CEIC一般+专项分项：一般=134596.640，专项=374377.780百万人民币；合计为计算值,D
CN-330300,温州市,2024,3654.14000,365414.000,disclosed,SRC-SECONDARY-CEIC-CN-330300,https://www.ceicdata.com/zh-hans/china/local-government-debt-prefecture-level-city-outstanding/cn-local-government-debt-outstanding-zhejiang-wenzhou,CEIC页面元数据同比基准：2024年=365414.000百万人民币,D
CN-330300,温州市,2025,4380.53840,438053.840,disclosed,SRC-SECONDARY-CEIC-CN-330300,https://www.ceicdata.com/zh-hans/china/local-government-debt-prefecture-level-city-outstanding/cn-local-government-debt-outstanding-zhejiang-wenzhou,CEIC页面元数据：2025年=438053.840百万人民币,D
CN-330500,湖州市,2024,1611.13000,161113.000,disclosed,SRC-SECONDARY-CEIC-CN-330500,https://www.ceicdata.com/zh-hans/china/local-government-debt-prefecture-level-city-outstanding/cn-local-government-debt-outstanding-zhejiang-huzhou,CEIC页面元数据同比基准：2024年=161113.000百万人民币,D
CN-330500,湖州市,2025,1873.20670,187320.670,disclosed,SRC-SECONDARY-CEIC-CN-330500,https://www.ceicdata.com/zh-hans/china/local-government-debt-prefecture-level-city-outstanding/cn-local-government-debt-outstanding-zhejiang-huzhou,CEIC页面元数据：2025年=187320.670百万人民币,D
CN-330600,绍兴市,2024,2216.36000,221636.000,disclosed,SRC-SECONDARY-CEIC-CN-330600,https://www.ceicdata.com/zh-hans/china/local-government-debt-prefecture-level-city-outstanding/cn-local-government-debt-outstanding-zhejiang-shaoxing,CEIC页面元数据同比基准：2024年=221636.000百万人民币,D
CN-330600,绍兴市,2025,2592.41500,259241.500,disclosed,SRC-SECONDARY-CEIC-CN-330600,https://www.ceicdata.com/zh-hans/china/local-government-debt-prefecture-level-city-outstanding/cn-local-government-debt-outstanding-zhejiang-shaoxing,CEIC页面元数据：2025年=259241.500百万人民币,D
CN-330900,舟山市,2024,684.68000,68468.000,disclosed,SRC-SECONDARY-CEIC-CN-330900,https://www.ceicdata.com/zh-hans/china/local-government-debt-prefecture-level-city-outstanding/cn-local-government-debt-outstanding-zhejiang-zhoushan,CEIC页面元数据同比基准：2024年=68468.000百万人民币,D
CN-330900,舟山市,2025,778.05020,77805.020,disclosed,SRC-SECONDARY-CEIC-CN-330900,https://www.ceicdata.com/zh-hans/china/local-government-debt-prefecture-level-city-outstanding/cn-local-government-debt-outstanding-zhejiang-zhoushan,CEIC页面元数据：2025年=77805.020百万人民币,D
CN-331000,台州市,2024,2336.79000,233679.000,disclosed,SRC-SECONDARY-CEIC-CN-331000,https://www.ceicdata.com/zh-hans/china/local-government-debt-prefecture-level-city-outstanding/cn-local-government-debt-outstanding-zhejiang-taizhou,CEIC页面元数据同比基准：2024年=233679.000百万人民币,D
CN-331000,台州市,2025,2846.47370,284647.370,disclosed,SRC-SECONDARY-CEIC-CN-331000,https://www.ceicdata.com/zh-hans/china/local-government-debt-prefecture-level-city-outstanding/cn-local-government-debt-outstanding-zhejiang-taizhou,CEIC页面元数据：2025年=284647.370百万人民币,D
CN-331100,丽水市,2024,1396.95000,139695.000,calculated,SRC-SECONDARY-CEIC-CN-331100,https://www.ceicdata.com/zh-hans/china/local-government-debt-prefecture-level-city-outstanding/cn-local-government-debt-outstanding-general-zhejiang-lishui;https://www.ceicdata.com/zh-hans/china/local-government-debt-prefecture-level-city-outstanding/cn-local-government-debt-outstanding-special-zhejiang-lishui,CEIC一般+专项分项：一般=56398.000，专项=83297.000百万人民币；合计为计算值,D
CN-331100,丽水市,2025,1638.64040,163864.040,calculated,SRC-SECONDARY-CEIC-CN-331100,https://www.ceicdata.com/zh-hans/china/local-government-debt-prefecture-level-city-outstanding/cn-local-government-debt-outstanding-general-zhejiang-lishui;https://www.ceicdata.com/zh-hans/china/local-government-debt-prefecture-level-city-outstanding/cn-local-government-debt-outstanding-special-zhejiang-lishui,CEIC一般+专项分项：一般=60972.460，专项=102891.580百万人民币；合计为计算值,D
CN-340100,合肥市,2024,2749.76030,274976.030,disclosed,SRC-SECONDARY-CEIC-CN-340100,https://www.ceicdata.com/zh-hans/china/local-government-debt-prefecture-level-city-outstanding/cn-local-government-debt-outstanding-anhui-hefei,CEIC页面元数据同比基准：2024年=274976.030百万人民币,D
CN-340100,合肥市,2025,3194.76140,319476.140,disclosed,SRC-SECONDARY-CEIC-CN-340100,https://www.ceicdata.com/zh-hans/china/local-government-debt-prefecture-level-city-outstanding/cn-local-government-debt-outstanding-anhui-hefei,CEIC页面元数据：2025年=319476.140百万人民币,D
CN-340200,芜湖市,2024,1460.95250,146095.250,disclosed,SRC-SECONDARY-CEIC-CN-340200,https://www.ceicdata.com/zh-hans/china/local-government-debt-prefecture-level-city-outstanding/cn-local-government-debt-outstanding-anhui-wuhu,CEIC页面元数据同比基准：2024年=146095.250百万人民币,D
CN-340200,芜湖市,2025,1709.82170,170982.170,disclosed,SRC-SECONDARY-CEIC-CN-340200,https://www.ceicdata.com/zh-hans/china/local-government-debt-prefecture-level-city-outstanding/cn-local-government-debt-outstanding-anhui-wuhu,CEIC页面元数据：2025年=170982.170百万人民币,D
CN-340300,蚌埠市,2024,903.38320,90338.320,calculated,SRC-SECONDARY-CEIC-CN-340300,https://www.ceicdata.com/zh-hans/china/local-government-debt-prefecture-level-city-outstanding/cn-local-government-debt-outstanding-general-anhui-bengbu;https://www.ceicdata.com/zh-hans/china/local-government-debt-prefecture-level-city-outstanding/cn-local-government-debt-outstanding-special-anhui-bengbu,CEIC一般+专项分项：一般=18371.510，专项=71966.810百万人民币；合计为计算值,D
CN-340300,蚌埠市,2025,1049.13240,104913.240,calculated,SRC-SECONDARY-CEIC-CN-340300,https://www.ceicdata.com/zh-hans/china/local-government-debt-prefecture-level-city-outstanding/cn-local-government-debt-outstanding-general-anhui-bengbu;https://www.ceicdata.com/zh-hans/china/local-government-debt-prefecture-level-city-outstanding/cn-local-government-debt-outstanding-special-anhui-bengbu,CEIC一般+专项分项：一般=19090.830，专项=85822.410百万人民币；合计为计算值,D
CN-340500,马鞍山市,2024,961.23960,96123.960,disclosed,SRC-SECONDARY-CEIC-CN-340500,https://www.ceicdata.com/zh-hans/china/local-government-debt-prefecture-level-city-outstanding/cn-local-government-debt-outstanding-anhui-maanshan,CEIC页面元数据同比基准：2024年=96123.960百万人民币,D
CN-340500,马鞍山市,2025,1118.46290,111846.290,disclosed,SRC-SECONDARY-CEIC-CN-340500,https://www.ceicdata.com/zh-hans/china/local-government-debt-prefecture-level-city-outstanding/cn-local-government-debt-outstanding-anhui-maanshan,CEIC页面元数据：2025年=111846.290百万人民币,D
CN-340600,淮北市,2024,444.21660,44421.660,disclosed,SRC-SECONDARY-CEIC-CN-340600,https://www.ceicdata.com/zh-hans/china/local-government-debt-prefecture-level-city-outstanding/cn-local-government-debt-outstanding-anhui-huaibei,CEIC页面元数据同比基准：2024年=44421.660百万人民币,D
CN-340600,淮北市,2025,556.12050,55612.050,disclosed,SRC-SECONDARY-CEIC-CN-340600,https://www.ceicdata.com/zh-hans/china/local-government-debt-prefecture-level-city-outstanding/cn-local-government-debt-outstanding-anhui-huaibei,CEIC页面元数据：2025年=55612.050百万人民币,D
CN-340700,铜陵市,2024,499.71820,49971.820,disclosed,SRC-SECONDARY-CEIC-CN-340700,https://www.ceicdata.com/zh-hans/china/local-government-debt-prefecture-level-city-outstanding/cn-local-government-debt-outstanding-anhui-tongling,CEIC页面元数据同比基准：2024年=49971.820百万人民币,D
CN-340700,铜陵市,2025,576.01550,57601.550,disclosed,SRC-SECONDARY-CEIC-CN-340700,https://www.ceicdata.com/zh-hans/china/local-government-debt-prefecture-level-city-outstanding/cn-local-government-debt-outstanding-anhui-tongling,CEIC页面元数据：2025年=57601.550百万人民币,D
CN-340800,安庆市,2024,1175.60560,117560.560,disclosed,SRC-SECONDARY-CEIC-CN-340800,https://www.ceicdata.com/zh-hans/china/local-government-debt-prefecture-level-city-outstanding/cn-local-government-debt-outstanding-anhui-anqing,CEIC页面元数据同比基准：2024年=117560.560百万人民币,D
CN-340800,安庆市,2025,1365.13190,136513.190,disclosed,SRC-SECONDARY-CEIC-CN-340800,https://www.ceicdata.com/zh-hans/china/local-government-debt-prefecture-level-city-outstanding/cn-local-government-debt-outstanding-anhui-anqing,CEIC页面元数据：2025年=136513.190百万人民币,D
CN-341000,黄山市,2024,507.11190,50711.190,disclosed,SRC-SECONDARY-CEIC-CN-341000,https://www.ceicdata.com/zh-hans/china/local-government-debt-prefecture-level-city-outstanding/cn-local-government-debt-outstanding-anhui-huangshan,CEIC页面元数据同比基准：2024年=50711.190百万人民币,D
CN-341000,黄山市,2025,570.03920,57003.920,disclosed,SRC-SECONDARY-CEIC-CN-341000,https://www.ceicdata.com/zh-hans/china/local-government-debt-prefecture-level-city-outstanding/cn-local-government-debt-outstanding-anhui-huangshan,CEIC页面元数据：2025年=57003.920百万人民币,D
CN-341100,滁州市,2024,1486.70420,148670.420,disclosed,SRC-SECONDARY-CEIC-CN-341100,https://www.ceicdata.com/zh-hans/china/local-government-debt-prefecture-level-city-outstanding/cn-local-government-debt-outstanding-anhui-chuzhou,CEIC页面元数据同比基准：2024年=148670.420百万人民币,D
CN-341100,滁州市,2025,1841.88620,184188.620,disclosed,SRC-SECONDARY-CEIC-CN-341100,https://www.ceicdata.com/zh-hans/china/local-government-debt-prefecture-level-city-outstanding/cn-local-government-debt-outstanding-anhui-chuzhou,CEIC页面元数据：2025年=184188.620百万人民币,D
CN-341200,阜阳市,2024,1800.74440,180074.440,disclosed,SRC-SECONDARY-CEIC-CN-341200,https://www.ceicdata.com/zh-hans/china/local-government-debt-prefecture-level-city-outstanding/cn-local-government-debt-outstanding-anhui-fuyang,CEIC页面元数据同比基准：2024年=180074.440百万人民币,D
CN-341200,阜阳市,2025,2052.83130,205283.130,disclosed,SRC-SECONDARY-CEIC-CN-341200,https://www.ceicdata.com/zh-hans/china/local-government-debt-prefecture-level-city-outstanding/cn-local-government-debt-outstanding-anhui-fuyang,CEIC页面元数据：2025年=205283.130百万人民币,D
CN-341300,宿州市,2024,980.77780,98077.780,disclosed,SRC-SECONDARY-CEIC-CN-341300,https://www.ceicdata.com/zh-hans/china/local-government-debt-prefecture-level-city-outstanding/cn-local-government-debt-outstanding-anhui-suzhou,CEIC页面元数据同比基准：2024年=98077.780百万人民币,D
CN-341300,宿州市,2025,1111.22350,111122.350,disclosed,SRC-SECONDARY-CEIC-CN-341300,https://www.ceicdata.com/zh-hans/china/local-government-debt-prefecture-level-city-outstanding/cn-local-government-debt-outstanding-anhui-suzhou,CEIC页面元数据：2025年=111122.350百万人民币,D
CN-341600,亳州市,2024,1114.10190,111410.190,calculated,SRC-SECONDARY-CEIC-CN-341600,https://www.ceicdata.com/zh-hans/china/local-government-debt-prefecture-level-city-outstanding/cn-local-government-debt-outstanding-general-anhui-bozhou;https://www.ceicdata.com/zh-hans/china/local-government-debt-prefecture-level-city-outstanding/cn-local-government-debt-outstanding-special-anhui-bozhou,CEIC一般+专项分项：一般=24853.770，专项=86556.420百万人民币；合计为计算值,D
CN-341600,亳州市,2025,1217.60320,121760.320,calculated,SRC-SECONDARY-CEIC-CN-341600,https://www.ceicdata.com/zh-hans/china/local-government-debt-prefecture-level-city-outstanding/cn-local-government-debt-outstanding-general-anhui-bozhou;https://www.ceicdata.com/zh-hans/china/local-government-debt-prefecture-level-city-outstanding/cn-local-government-debt-outstanding-special-anhui-bozhou,CEIC一般+专项分项：一般=25644.430，专项=96115.890百万人民币；合计为计算值,D
CN-341700,池州市,2024,436.80970,43680.970,disclosed,SRC-SECONDARY-CEIC-CN-341700,https://www.ceicdata.com/zh-hans/china/local-government-debt-prefecture-level-city-outstanding/cn-local-government-debt-outstanding-anhui-chizhou,CEIC页面元数据同比基准：2024年=43680.970百万人民币,D
CN-341700,池州市,2025,500.18920,50018.920,disclosed,SRC-SECONDARY-CEIC-CN-341700,https://www.ceicdata.com/zh-hans/china/local-government-debt-prefecture-level-city-outstanding/cn-local-government-debt-outstanding-anhui-chizhou,CEIC页面元数据：2025年=50018.920百万人民币,D
CN-350100,福州市,2024,2760.74000,276074.000,disclosed,SRC-SECONDARY-CEIC-CN-350100,https://www.ceicdata.com/zh-hans/china/local-government-debt-prefecture-level-city-outstanding/cn-local-government-debt-outstanding-fujian-fuzhou,CEIC页面元数据同比基准：2024年=276074.000百万人民币,D
CN-350100,福州市,2025,3349.60000,334960.000,disclosed,SRC-SECONDARY-CEIC-CN-350100,https://www.ceicdata.com/zh-hans/china/local-government-debt-prefecture-level-city-outstanding/cn-local-government-debt-outstanding-fujian-fuzhou,CEIC页面元数据：2025年=334960.000百万人民币,D
CN-360100,南昌市,2024,1929.98000,192998.000,calculated,SRC-SECONDARY-CEIC-CN-360100,https://www.ceicdata.com/zh-hans/china/local-government-debt-prefecture-level-city-outstanding/cn-local-government-debt-outstanding-general-jiangxi-nanchang;https://www.ceicdata.com/zh-hans/china/local-government-debt-prefecture-level-city-outstanding/cn-local-government-debt-outstanding-special-jiangxi-nanchang,CEIC一般+专项分项：一般=60991.000，专项=132007.000百万人民币；合计为计算值,D
CN-360100,南昌市,2025,2099.46000,209946.000,calculated,SRC-SECONDARY-CEIC-CN-360100,https://www.ceicdata.com/zh-hans/china/local-government-debt-prefecture-level-city-outstanding/cn-local-government-debt-outstanding-general-jiangxi-nanchang;https://www.ceicdata.com/zh-hans/china/local-government-debt-prefecture-level-city-outstanding/cn-local-government-debt-outstanding-special-jiangxi-nanchang,CEIC一般+专项分项：一般=59727.000，专项=150219.000百万人民币；合计为计算值,D
CN-360200,景德镇市,2024,710.12000,71012.000,disclosed,SRC-SECONDARY-CEIC-CN-360200,https://www.ceicdata.com/zh-hans/china/local-government-debt-prefecture-level-city-outstanding/cn-local-government-debt-outstanding-jiangxi-jingdezhen,CEIC页面元数据同比基准：2024年=71012.000百万人民币,D
CN-360200,景德镇市,2025,858.82000,85882.000,disclosed,SRC-SECONDARY-CEIC-CN-360200,https://www.ceicdata.com/zh-hans/china/local-government-debt-prefecture-level-city-outstanding/cn-local-government-debt-outstanding-jiangxi-jingdezhen,CEIC页面元数据：2025年=85882.000百万人民币,D
CN-360400,九江市,2024,1610.91000,161091.000,disclosed,SRC-SECONDARY-CEIC-CN-360400,https://www.ceicdata.com/zh-hans/china/local-government-debt-prefecture-level-city-outstanding/cn-local-government-debt-outstanding-jiangxi-jiujiang,CEIC页面元数据同比基准：2024年=161091.000百万人民币,D
CN-360400,九江市,2018,622.31000,62231.000,disclosed,SRC-SECONDARY-CEIC-CN-360400,https://www.ceicdata.com/zh-hans/china/local-government-debt-prefecture-level-city-outstanding/cn-local-government-debt-outstanding-jiangxi-jiujiang,CEIC页面摘要明确：2018年历史最低值=62231.000百万人民币（九江市统计局）,D
CN-360400,九江市,2025,1874.57000,187457.000,disclosed,SRC-SECONDARY-CEIC-CN-360400,https://www.ceicdata.com/zh-hans/china/local-government-debt-prefecture-level-city-outstanding/cn-local-government-debt-outstanding-jiangxi-jiujiang,CEIC页面元数据：2025年=187457.000百万人民币,D
CN-360500,新余市,2024,475.45000,47545.000,disclosed,SRC-SECONDARY-CEIC-CN-360500,https://www.ceicdata.com/zh-hans/china/local-government-debt-prefecture-level-city-outstanding/cn-local-government-debt-outstanding-jiangxi-xinyu,CEIC页面元数据同比基准：2024年=47545.000百万人民币,D
CN-360500,新余市,2025,550.41000,55041.000,disclosed,SRC-SECONDARY-CEIC-CN-360500,https://www.ceicdata.com/zh-hans/china/local-government-debt-prefecture-level-city-outstanding/cn-local-government-debt-outstanding-jiangxi-xinyu,CEIC页面元数据：2025年=55041.000百万人民币,D
CN-360700,赣州市,2024,2321.87000,232187.000,disclosed,SRC-SECONDARY-CEIC-CN-360700,https://www.ceicdata.com/zh-hans/china/local-government-debt-prefecture-level-city-outstanding/cn-local-government-debt-outstanding-jiangxi-ganzhou,CEIC页面元数据同比基准：2024年=232187.000百万人民币,D
CN-360700,赣州市,2025,2764.31000,276431.000,disclosed,SRC-SECONDARY-CEIC-CN-360700,https://www.ceicdata.com/zh-hans/china/local-government-debt-prefecture-level-city-outstanding/cn-local-government-debt-outstanding-jiangxi-ganzhou,CEIC页面元数据：2025年=276431.000百万人民币,D
CN-360900,宜春市,2024,1327.65000,132765.000,disclosed,SRC-SECONDARY-CEIC-CN-360900,https://www.ceicdata.com/zh-hans/china/local-government-debt-prefecture-level-city-outstanding/cn-local-government-debt-outstanding-jiangxi-yichun,CEIC页面元数据同比基准：2024年=132765.000百万人民币,D
CN-360900,宜春市,2025,1566.97000,156697.000,disclosed,SRC-SECONDARY-CEIC-CN-360900,https://www.ceicdata.com/zh-hans/china/local-government-debt-prefecture-level-city-outstanding/cn-local-government-debt-outstanding-jiangxi-yichun,CEIC页面元数据：2025年=156697.000百万人民币,D
CN-361000,抚州市,2024,1119.43000,111943.000,disclosed,SRC-SECONDARY-CEIC-CN-361000,https://www.ceicdata.com/zh-hans/china/local-government-debt-prefecture-level-city-outstanding/cn-local-government-debt-outstanding-jiangxi-fuzhou,CEIC页面元数据同比基准：2024年=111943.000百万人民币,D
CN-361000,抚州市,2025,1328.82000,132882.000,disclosed,SRC-SECONDARY-CEIC-CN-361000,https://www.ceicdata.com/zh-hans/china/local-government-debt-prefecture-level-city-outstanding/cn-local-government-debt-outstanding-jiangxi-fuzhou,CEIC页面元数据：2025年=132882.000百万人民币,D
CN-361100,上饶市,2024,1570.99000,157099.000,disclosed,SRC-SECONDARY-CEIC-CN-361100,https://www.ceicdata.com/zh-hans/china/local-government-debt-prefecture-level-city-outstanding/cn-local-government-debt-outstanding-jiangxi-shangrao,CEIC页面元数据同比基准：2024年=157099.000百万人民币,D
CN-361100,上饶市,2025,1819.01000,181901.000,disclosed,SRC-SECONDARY-CEIC-CN-361100,https://www.ceicdata.com/zh-hans/china/local-government-debt-prefecture-level-city-outstanding/cn-local-government-debt-outstanding-jiangxi-shangrao,CEIC页面元数据：2025年=181901.000百万人民币,D
CN-370100,济南市,2024,3770.56420,377056.420,disclosed,SRC-SECONDARY-CEIC-CN-370100,https://www.ceicdata.com/zh-hans/china/local-government-debt-prefecture-level-city-outstanding/cn-local-government-debt-outstanding-shandong-jinan,CEIC页面元数据同比基准：2024年=377056.420百万人民币,D
CN-370100,济南市,2025,4429.53700,442953.700,disclosed,SRC-SECONDARY-CEIC-CN-370100,https://www.ceicdata.com/zh-hans/china/local-government-debt-prefecture-level-city-outstanding/cn-local-government-debt-outstanding-shandong-jinan,CEIC页面元数据：2025年=442953.700百万人民币,D
CN-370400,枣庄市,2024,941.07000,94107.000,disclosed,SRC-SECONDARY-CEIC-CN-370400,https://www.ceicdata.com/zh-hans/china/local-government-debt-prefecture-level-city-outstanding/cn-local-government-debt-outstanding-shandong-zaozhuang,CEIC页面元数据同比基准：2024年=94107.000百万人民币,D
CN-370400,枣庄市,2025,1110.22000,111022.000,disclosed,SRC-SECONDARY-CEIC-CN-370400,https://www.ceicdata.com/zh-hans/china/local-government-debt-prefecture-level-city-outstanding/cn-local-government-debt-outstanding-shandong-zaozhuang,CEIC页面元数据：2025年=111022.000百万人民币,D
CN-370500,东营市,2024,1058.06000,105806.000,disclosed,SRC-SECONDARY-CEIC-CN-370500,https://www.ceicdata.com/zh-hans/china/local-government-debt-prefecture-level-city-outstanding/cn-local-government-debt-outstanding-shandong-dongying,CEIC页面元数据同比基准：2024年=105806.000百万人民币,D
CN-370500,东营市,2025,1241.78000,124178.000,disclosed,SRC-SECONDARY-CEIC-CN-370500,https://www.ceicdata.com/zh-hans/china/local-government-debt-prefecture-level-city-outstanding/cn-local-government-debt-outstanding-shandong-dongying,CEIC页面元数据：2025年=124178.000百万人民币,D
CN-370600,烟台市,2024,2511.70550,251170.550,calculated,SRC-SECONDARY-CEIC-CN-370600,https://www.ceicdata.com/zh-hans/china/local-government-debt-prefecture-level-city-outstanding/cn-local-government-debt-outstanding-general-shandong-yantai;https://www.ceicdata.com/zh-hans/china/local-government-debt-prefecture-level-city-outstanding/cn-local-government-debt-outstanding-special-shandong-yantai,CEIC一般+专项分项：一般=68285.150，专项=182885.400百万人民币；合计为计算值,D
CN-370600,烟台市,2025,2940.66000,294066.000,calculated,SRC-SECONDARY-CEIC-CN-370600,https://www.ceicdata.com/zh-hans/china/local-government-debt-prefecture-level-city-outstanding/cn-local-government-debt-outstanding-general-shandong-yantai;https://www.ceicdata.com/zh-hans/china/local-government-debt-prefecture-level-city-outstanding/cn-local-government-debt-outstanding-special-shandong-yantai,CEIC一般+专项分项：一般=70140.000，专项=223926.000百万人民币；合计为计算值,D
CN-370700,潍坊市,2024,2854.40000,285440.000,calculated,SRC-SECONDARY-CEIC-CN-370700,https://www.ceicdata.com/zh-hans/china/local-government-debt-prefecture-level-city-outstanding/cn-local-government-debt-outstanding-general-shandong-weifang;https://www.ceicdata.com/zh-hans/china/local-government-debt-prefecture-level-city-outstanding/cn-local-government-debt-outstanding-special-shandong-weifang,CEIC一般+专项分项：一般=80202.000，专项=205238.000百万人民币；合计为计算值,D
CN-370700,潍坊市,2025,3358.41000,335841.000,calculated,SRC-SECONDARY-CEIC-CN-370700,https://www.ceicdata.com/zh-hans/china/local-government-debt-prefecture-level-city-outstanding/cn-local-government-debt-outstanding-general-shandong-weifang;https://www.ceicdata.com/zh-hans/china/local-government-debt-prefecture-level-city-outstanding/cn-local-government-debt-outstanding-special-shandong-weifang,CEIC一般+专项分项：一般=80805.000，专项=255036.000百万人民币；合计为计算值,D
CN-370800,济宁市,2024,2016.26000,201626.000,disclosed,SRC-SECONDARY-CEIC-CN-370800,https://www.ceicdata.com/zh-hans/china/local-government-debt-prefecture-level-city-outstanding/cn-local-government-debt-outstanding-shandong-jining,CEIC页面元数据同比基准：2024年=201626.000百万人民币,D
CN-370800,济宁市,2025,2363.33000,236333.000,disclosed,SRC-SECONDARY-CEIC-CN-370800,https://www.ceicdata.com/zh-hans/china/local-government-debt-prefecture-level-city-outstanding/cn-local-government-debt-outstanding-shandong-jining,CEIC页面元数据：2025年=236333.000百万人民币,D
CN-371000,威海市,2024,1215.09000,121509.000,disclosed,SRC-SECONDARY-CEIC-CN-371000,https://www.ceicdata.com/zh-hans/china/local-government-debt-prefecture-level-city-outstanding/cn-local-government-debt-outstanding-shandong-weihai,CEIC页面元数据同比基准：2024年=121509.000百万人民币,D
CN-371000,威海市,2025,1451.67000,145167.000,disclosed,SRC-SECONDARY-CEIC-CN-371000,https://www.ceicdata.com/zh-hans/china/local-government-debt-prefecture-level-city-outstanding/cn-local-government-debt-outstanding-shandong-weihai,CEIC页面元数据：2025年=145167.000百万人民币,D
CN-371100,日照市,2024,796.40000,79640.000,disclosed,SRC-SECONDARY-CEIC-CN-371100,https://www.ceicdata.com/zh-hans/china/local-government-debt-prefecture-level-city-outstanding/cn-local-government-debt-outstanding-shandong-rizhao,CEIC页面元数据同比基准：2024年=79640.000百万人民币,D
CN-371100,日照市,2025,996.26000,99626.000,disclosed,SRC-SECONDARY-CEIC-CN-371100,https://www.ceicdata.com/zh-hans/china/local-government-debt-prefecture-level-city-outstanding/cn-local-government-debt-outstanding-shandong-rizhao,CEIC页面元数据：2025年=99626.000百万人民币,D
CN-371300,临沂市,2024,1954.92000,195492.000,calculated,SRC-SECONDARY-CEIC-CN-371300,https://www.ceicdata.com/zh-hans/china/local-government-debt-prefecture-level-city-outstanding/cn-local-government-debt-outstanding-general-shandong-linyi;https://www.ceicdata.com/zh-hans/china/local-government-debt-prefecture-level-city-outstanding/cn-local-government-debt-outstanding-special-shandong-linyi,CEIC一般+专项分项：一般=34024.000，专项=161468.000百万人民币；合计为计算值,D
CN-371300,临沂市,2025,2259.61000,225961.000,calculated,SRC-SECONDARY-CEIC-CN-371300,https://www.ceicdata.com/zh-hans/china/local-government-debt-prefecture-level-city-outstanding/cn-local-government-debt-outstanding-general-shandong-linyi;https://www.ceicdata.com/zh-hans/china/local-government-debt-prefecture-level-city-outstanding/cn-local-government-debt-outstanding-special-shandong-linyi,CEIC一般+专项分项：一般=34167.000，专项=191794.000百万人民币；合计为计算值,D
CN-371400,德州市,2024,1557.34000,155734.000,calculated,SRC-SECONDARY-CEIC-CN-371400,https://www.ceicdata.com/zh-hans/china/local-government-debt-prefecture-level-city-outstanding/cn-local-government-debt-outstanding-general-shandong-dezhou;https://www.ceicdata.com/zh-hans/china/local-government-debt-prefecture-level-city-outstanding/cn-local-government-debt-outstanding-special-shandong-dezhou,CEIC一般+专项分项：一般=35807.000，专项=119927.000百万人民币；合计为计算值,D
CN-371400,德州市,2025,1810.48000,181048.000,calculated,SRC-SECONDARY-CEIC-CN-371400,https://www.ceicdata.com/zh-hans/china/local-government-debt-prefecture-level-city-outstanding/cn-local-government-debt-outstanding-general-shandong-dezhou;https://www.ceicdata.com/zh-hans/china/local-government-debt-prefecture-level-city-outstanding/cn-local-government-debt-outstanding-special-shandong-dezhou,CEIC一般+专项分项：一般=36021.000，专项=145027.000百万人民币；合计为计算值,D
CN-371500,聊城市,2024,1359.44000,135944.000,calculated,SRC-SECONDARY-CEIC-CN-371500,https://www.ceicdata.com/zh-hans/china/local-government-debt-prefecture-level-city-outstanding/cn-local-government-debt-outstanding-general-shandong-liaocheng;https://www.ceicdata.com/zh-hans/china/local-government-debt-prefecture-level-city-outstanding/cn-local-government-debt-outstanding-special-shandong-liaocheng,CEIC一般+专项分项：一般=21400.000，专项=114544.000百万人民币；合计为计算值,D
CN-371500,聊城市,2025,1620.38000,162038.000,calculated,SRC-SECONDARY-CEIC-CN-371500,https://www.ceicdata.com/zh-hans/china/local-government-debt-prefecture-level-city-outstanding/cn-local-government-debt-outstanding-general-shandong-liaocheng;https://www.ceicdata.com/zh-hans/china/local-government-debt-prefecture-level-city-outstanding/cn-local-government-debt-outstanding-special-shandong-liaocheng,CEIC一般+专项分项：一般=21722.000，专项=140316.000百万人民币；合计为计算值,D
CN-371700,菏泽市,2024,1808.12000,180812.000,disclosed,SRC-SECONDARY-CEIC-CN-371700,https://www.ceicdata.com/zh-hans/china/local-government-debt-prefecture-level-city-outstanding/cn-local-government-debt-outstanding-shandong-heze,CEIC页面元数据同比基准：2024年=180812.000百万人民币,D
CN-371700,菏泽市,2025,2153.17000,215317.000,disclosed,SRC-SECONDARY-CEIC-CN-371700,https://www.ceicdata.com/zh-hans/china/local-government-debt-prefecture-level-city-outstanding/cn-local-government-debt-outstanding-shandong-heze,CEIC页面元数据：2025年=215317.000百万人民币,D
CN-410100,郑州市,2024,3938.82310,393882.310,disclosed,SRC-SECONDARY-CEIC-CN-410100,https://www.ceicdata.com/zh-hans/china/local-government-debt-prefecture-level-city-outstanding/cn-local-government-debt-outstanding-henan-zhengzhou,CEIC页面元数据同比基准：2024年=393882.310百万人民币,D
CN-410100,郑州市,2025,4670.60000,467060.000,disclosed,SRC-SECONDARY-CEIC-CN-410100,https://www.ceicdata.com/zh-hans/china/local-government-debt-prefecture-level-city-outstanding/cn-local-government-debt-outstanding-henan-zhengzhou,CEIC页面元数据：2025年=467060.000百万人民币,D
CN-420100,武汉市,2024,7806.39710,780639.710,disclosed,SRC-SECONDARY-CEIC-CN-420100,https://www.ceicdata.com/zh-hans/china/local-government-debt-prefecture-level-city-outstanding/cn-local-government-debt-outstanding-hubei-wuhan,CEIC页面元数据同比基准：2024年=780639.710百万人民币,D
CN-420100,武汉市,2025,8896.00000,889600.000,disclosed,SRC-SECONDARY-CEIC-CN-420100,https://www.ceicdata.com/zh-hans/china/local-government-debt-prefecture-level-city-outstanding/cn-local-government-debt-outstanding-hubei-wuhan,CEIC页面元数据：2025年=889600.000百万人民币,D
CN-420200,黄石市,2024,657.58270,65758.270,disclosed,SRC-SECONDARY-CEIC-CN-420200,https://www.ceicdata.com/zh-hans/china/local-government-debt-prefecture-level-city-outstanding/cn-local-government-debt-outstanding-hubei-huangshi,CEIC页面元数据同比基准：2024年=65758.270百万人民币,D
CN-420200,黄石市,2025,806.90000,80690.000,disclosed,SRC-SECONDARY-CEIC-CN-420200,https://www.ceicdata.com/zh-hans/china/local-government-debt-prefecture-level-city-outstanding/cn-local-government-debt-outstanding-hubei-huangshi,CEIC页面元数据：2025年=80690.000百万人民币,D
CN-420300,十堰市,2018,373.34820,37334.820,calculated,SRC-SECONDARY-CEIC-CN-420300,https://www.ceicdata.com/zh-hans/china/local-government-debt-prefecture-level-city-outstanding/cn-local-government-debt-outstanding-general-hubei-shiyan;https://www.ceicdata.com/zh-hans/china/local-government-debt-prefecture-level-city-outstanding/cn-local-government-debt-outstanding-special-hubei-shiyan,CEIC一般+专项分项：一般=24791.050，专项=12543.770百万人民币；合计为计算值,D
CN-420300,十堰市,2019,410.44580,41044.580,calculated,SRC-SECONDARY-CEIC-CN-420300,https://www.ceicdata.com/zh-hans/china/local-government-debt-prefecture-level-city-outstanding/cn-local-government-debt-outstanding-general-hubei-shiyan;https://www.ceicdata.com/zh-hans/china/local-government-debt-prefecture-level-city-outstanding/cn-local-government-debt-outstanding-special-hubei-shiyan,CEIC一般+专项分项：一般=26230.460，专项=14814.120百万人民币；合计为计算值,D
CN-420300,十堰市,2020,470.61480,47061.480,calculated,SRC-SECONDARY-CEIC-CN-420300,https://www.ceicdata.com/zh-hans/china/local-government-debt-prefecture-level-city-outstanding/cn-local-government-debt-outstanding-general-hubei-shiyan;https://www.ceicdata.com/zh-hans/china/local-government-debt-prefecture-level-city-outstanding/cn-local-government-debt-outstanding-special-hubei-shiyan,CEIC一般+专项分项：一般=29381.110，专项=17680.370百万人民币；合计为计算值,D
CN-420300,十堰市,2021,514.78910,51478.910,calculated,SRC-SECONDARY-CEIC-CN-420300,https://www.ceicdata.com/zh-hans/china/local-government-debt-prefecture-level-city-outstanding/cn-local-government-debt-outstanding-general-hubei-shiyan;https://www.ceicdata.com/zh-hans/china/local-government-debt-prefecture-level-city-outstanding/cn-local-government-debt-outstanding-special-hubei-shiyan,CEIC一般+专项分项：一般=30867.880，专项=20611.030百万人民币；合计为计算值,D
CN-420300,十堰市,2022,602.94530,60294.530,calculated,SRC-SECONDARY-CEIC-CN-420300,https://www.ceicdata.com/zh-hans/china/local-government-debt-prefecture-level-city-outstanding/cn-local-government-debt-outstanding-general-hubei-shiyan;https://www.ceicdata.com/zh-hans/china/local-government-debt-prefecture-level-city-outstanding/cn-local-government-debt-outstanding-special-hubei-shiyan,CEIC一般+专项分项：一般=32410.330，专项=27884.200百万人民币；合计为计算值,D
CN-420300,十堰市,2023,691.01330,69101.330,calculated,SRC-SECONDARY-CEIC-CN-420300,https://www.ceicdata.com/zh-hans/china/local-government-debt-prefecture-level-city-outstanding/cn-local-government-debt-outstanding-general-hubei-shiyan;https://www.ceicdata.com/zh-hans/china/local-government-debt-prefecture-level-city-outstanding/cn-local-government-debt-outstanding-special-hubei-shiyan,CEIC一般+专项分项：一般=33682.650，专项=35418.680百万人民币；合计为计算值,D
CN-420300,十堰市,2024,886.62680,88662.680,calculated,SRC-SECONDARY-CEIC-CN-420300,https://www.ceicdata.com/zh-hans/china/local-government-debt-prefecture-level-city-outstanding/cn-local-government-debt-outstanding-general-hubei-shiyan;https://www.ceicdata.com/zh-hans/china/local-government-debt-prefecture-level-city-outstanding/cn-local-government-debt-outstanding-special-hubei-shiyan,CEIC一般+专项分项：一般=36314.630，专项=52348.050百万人民币；合计为计算值,D
CN-420300,十堰市,2025,1047.60000,104760.000,calculated,SRC-SECONDARY-CEIC-CN-420300,https://www.ceicdata.com/zh-hans/china/local-government-debt-prefecture-level-city-outstanding/cn-local-government-debt-outstanding-general-hubei-shiyan;https://www.ceicdata.com/zh-hans/china/local-government-debt-prefecture-level-city-outstanding/cn-local-government-debt-outstanding-special-hubei-shiyan,CEIC一般+专项分项：一般=38430.000，专项=66330.000百万人民币；合计为计算值,D
CN-420500,宜昌市,2024,1214.81770,121481.770,calculated,SRC-SECONDARY-CEIC-CN-420500,https://www.ceicdata.com/zh-hans/china/local-government-debt-prefecture-level-city-outstanding/cn-local-government-debt-outstanding-general-hubei-yichang;https://www.ceicdata.com/zh-hans/china/local-government-debt-prefecture-level-city-outstanding/cn-local-government-debt-outstanding-special-hubei-yichang,CEIC一般+专项分项：一般=46631.000，专项=74850.770百万人民币；合计为计算值,D
CN-420500,宜昌市,2025,1470.90000,147090.000,calculated,SRC-SECONDARY-CEIC-CN-420500,https://www.ceicdata.com/zh-hans/china/local-government-debt-prefecture-level-city-outstanding/cn-local-government-debt-outstanding-general-hubei-yichang;https://www.ceicdata.com/zh-hans/china/local-government-debt-prefecture-level-city-outstanding/cn-local-government-debt-outstanding-special-hubei-yichang,CEIC一般+专项分项：一般=49120.000，专项=97970.000百万人民币；合计为计算值,D
CN-420600,襄阳市,2024,1421.47870,142147.870,disclosed,SRC-SECONDARY-CEIC-CN-420600,https://www.ceicdata.com/zh-hans/china/local-government-debt-prefecture-level-city-outstanding/cn-local-government-debt-outstanding-hubei-xiangyang,CEIC页面元数据同比基准：2024年=142147.870百万人民币,D
CN-420600,襄阳市,2025,1742.20000,174220.000,disclosed,SRC-SECONDARY-CEIC-CN-420600,https://www.ceicdata.com/zh-hans/china/local-government-debt-prefecture-level-city-outstanding/cn-local-government-debt-outstanding-hubei-xiangyang,CEIC页面元数据：2025年=174220.000百万人民币,D
CN-420700,鄂州市,2024,587.61350,58761.350,disclosed,SRC-SECONDARY-CEIC-CN-420700,https://www.ceicdata.com/zh-hans/china/local-government-debt-prefecture-level-city-outstanding/cn-local-government-debt-outstanding-hubei-ezhou,CEIC页面元数据同比基准：2024年=58761.350百万人民币,D
CN-420700,鄂州市,2025,688.00000,68800.000,disclosed,SRC-SECONDARY-CEIC-CN-420700,https://www.ceicdata.com/zh-hans/china/local-government-debt-prefecture-level-city-outstanding/cn-local-government-debt-outstanding-hubei-ezhou,CEIC页面元数据：2025年=68800.000百万人民币,D
CN-420800,荆门市,2024,540.56270,54056.270,disclosed,SRC-SECONDARY-CEIC-CN-420800,https://www.ceicdata.com/zh-hans/china/local-government-debt-prefecture-level-city-outstanding/cn-local-government-debt-outstanding-hubei-jingmen,CEIC页面元数据同比基准：2024年=54056.270百万人民币,D
CN-420800,荆门市,2025,600.70000,60070.000,disclosed,SRC-SECONDARY-CEIC-CN-420800,https://www.ceicdata.com/zh-hans/china/local-government-debt-prefecture-level-city-outstanding/cn-local-government-debt-outstanding-hubei-jingmen,CEIC页面元数据：2025年=60070.000百万人民币,D
CN-420900,孝感市,2018,309.17010,30917.010,disclosed,SRC-SECONDARY-CEIC-CN-420900,https://www.ceicdata.com/zh-hans/china/local-government-debt-prefecture-level-city-outstanding/cn-local-government-debt-outstanding-hubei-xiaogan,CEIC图表：2018年=30917.010百万人民币,D
CN-420900,孝感市,2019,351.33990,35133.990,disclosed,SRC-SECONDARY-CEIC-CN-420900,https://www.ceicdata.com/zh-hans/china/local-government-debt-prefecture-level-city-outstanding/cn-local-government-debt-outstanding-hubei-xiaogan,CEIC图表：2019年=35133.990百万人民币,D
CN-420900,孝感市,2020,403.24210,40324.210,disclosed,SRC-SECONDARY-CEIC-CN-420900,https://www.ceicdata.com/zh-hans/china/local-government-debt-prefecture-level-city-outstanding/cn-local-government-debt-outstanding-hubei-xiaogan,CEIC图表：2020年=40324.210百万人民币,D
CN-420900,孝感市,2021,453.85980,45385.980,disclosed,SRC-SECONDARY-CEIC-CN-420900,https://www.ceicdata.com/zh-hans/china/local-government-debt-prefecture-level-city-outstanding/cn-local-government-debt-outstanding-hubei-xiaogan,CEIC图表：2021年=45385.980百万人民币,D
CN-420900,孝感市,2022,548.21630,54821.630,disclosed,SRC-SECONDARY-CEIC-CN-420900,https://www.ceicdata.com/zh-hans/china/local-government-debt-prefecture-level-city-outstanding/cn-local-government-debt-outstanding-hubei-xiaogan,CEIC图表：2022年=54821.630百万人民币,D
CN-420900,孝感市,2023,672.88060,67288.060,disclosed,SRC-SECONDARY-CEIC-CN-420900,https://www.ceicdata.com/zh-hans/china/local-government-debt-prefecture-level-city-outstanding/cn-local-government-debt-outstanding-hubei-xiaogan,CEIC图表：2023年=67288.060百万人民币,D
CN-420900,孝感市,2024,840.57850,84057.850,disclosed,SRC-SECONDARY-CEIC-CN-420900,https://www.ceicdata.com/zh-hans/china/local-government-debt-prefecture-level-city-outstanding/cn-local-government-debt-outstanding-hubei-xiaogan,CEIC页面元数据同比基准：2024年=84057.850百万人民币,D
CN-420900,孝感市,2025,980.50000,98050.000,disclosed,SRC-SECONDARY-CEIC-CN-420900,https://www.ceicdata.com/zh-hans/china/local-government-debt-prefecture-level-city-outstanding/cn-local-government-debt-outstanding-hubei-xiaogan,CEIC页面元数据：2025年=98050.000百万人民币,D
CN-421000,荆州市,2018,317.24020,31724.020,calculated,SRC-SECONDARY-CEIC-CN-421000,https://www.ceicdata.com/zh-hans/china/local-government-debt-prefecture-level-city-outstanding/cn-local-government-debt-outstanding-general-hubei-jingzhou;https://www.ceicdata.com/zh-hans/china/local-government-debt-prefecture-level-city-outstanding/cn-local-government-debt-outstanding-special-hubei-jingzhou,CEIC一般+专项分项：一般=18229.750，专项=13494.270百万人民币；合计为计算值,D
CN-421000,荆州市,2019,412.42020,41242.020,calculated,SRC-SECONDARY-CEIC-CN-421000,https://www.ceicdata.com/zh-hans/china/local-government-debt-prefecture-level-city-outstanding/cn-local-government-debt-outstanding-general-hubei-jingzhou;https://www.ceicdata.com/zh-hans/china/local-government-debt-prefecture-level-city-outstanding/cn-local-government-debt-outstanding-special-hubei-jingzhou,CEIC一般+专项分项：一般=21025.790，专项=20216.230百万人民币；合计为计算值,D
CN-421000,荆州市,2020,503.11790,50311.790,calculated,SRC-SECONDARY-CEIC-CN-421000,https://www.ceicdata.com/zh-hans/china/local-government-debt-prefecture-level-city-outstanding/cn-local-government-debt-outstanding-general-hubei-jingzhou;https://www.ceicdata.com/zh-hans/china/local-government-debt-prefecture-level-city-outstanding/cn-local-government-debt-outstanding-special-hubei-jingzhou,CEIC一般+专项分项：一般=24399.080，专项=25912.710百万人民币；合计为计算值,D
CN-421000,荆州市,2021,573.16110,57316.110,calculated,SRC-SECONDARY-CEIC-CN-421000,https://www.ceicdata.com/zh-hans/china/local-government-debt-prefecture-level-city-outstanding/cn-local-government-debt-outstanding-general-hubei-jingzhou;https://www.ceicdata.com/zh-hans/china/local-government-debt-prefecture-level-city-outstanding/cn-local-government-debt-outstanding-special-hubei-jingzhou,CEIC一般+专项分项：一般=27090.550，专项=30225.560百万人民币；合计为计算值,D
CN-421000,荆州市,2022,706.92480,70692.480,calculated,SRC-SECONDARY-CEIC-CN-421000,https://www.ceicdata.com/zh-hans/china/local-government-debt-prefecture-level-city-outstanding/cn-local-government-debt-outstanding-general-hubei-jingzhou;https://www.ceicdata.com/zh-hans/china/local-government-debt-prefecture-level-city-outstanding/cn-local-government-debt-outstanding-special-hubei-jingzhou,CEIC一般+专项分项：一般=29235.230，专项=41457.250百万人民币；合计为计算值,D
CN-421000,荆州市,2023,779.14460,77914.460,calculated,SRC-SECONDARY-CEIC-CN-421000,https://www.ceicdata.com/zh-hans/china/local-government-debt-prefecture-level-city-outstanding/cn-local-government-debt-outstanding-general-hubei-jingzhou;https://www.ceicdata.com/zh-hans/china/local-government-debt-prefecture-level-city-outstanding/cn-local-government-debt-outstanding-special-hubei-jingzhou,CEIC一般+专项分项：一般=30098.320，专项=47816.140百万人民币；合计为计算值,D
CN-421000,荆州市,2024,968.50080,96850.080,calculated,SRC-SECONDARY-CEIC-CN-421000,https://www.ceicdata.com/zh-hans/china/local-government-debt-prefecture-level-city-outstanding/cn-local-government-debt-outstanding-general-hubei-jingzhou;https://www.ceicdata.com/zh-hans/china/local-government-debt-prefecture-level-city-outstanding/cn-local-government-debt-outstanding-special-hubei-jingzhou,CEIC一般+专项分项：一般=34001.040，专项=62849.040百万人民币；合计为计算值,D
CN-421000,荆州市,2025,1102.50000,110250.000,calculated,SRC-SECONDARY-CEIC-CN-421000,https://www.ceicdata.com/zh-hans/china/local-government-debt-prefecture-level-city-outstanding/cn-local-government-debt-outstanding-general-hubei-jingzhou;https://www.ceicdata.com/zh-hans/china/local-government-debt-prefecture-level-city-outstanding/cn-local-government-debt-outstanding-special-hubei-jingzhou,CEIC一般+专项分项：一般=36350.000，专项=73900.000百万人民币；合计为计算值,D
CN-421200,咸宁市,2018,183.40560,18340.560,disclosed,SRC-SECONDARY-CEIC-CN-421200,https://www.ceicdata.com/zh-hans/china/local-government-debt-prefecture-level-city-outstanding/cn-local-government-debt-outstanding-hubei-xianning,CEIC图表：2018年=18340.560百万人民币,D
CN-421200,咸宁市,2019,216.29430,21629.430,disclosed,SRC-SECONDARY-CEIC-CN-421200,https://www.ceicdata.com/zh-hans/china/local-government-debt-prefecture-level-city-outstanding/cn-local-government-debt-outstanding-hubei-xianning,CEIC图表：2019年=21629.430百万人民币,D
CN-421200,咸宁市,2020,254.61800,25461.800,disclosed,SRC-SECONDARY-CEIC-CN-421200,https://www.ceicdata.com/zh-hans/china/local-government-debt-prefecture-level-city-outstanding/cn-local-government-debt-outstanding-hubei-xianning,CEIC图表：2020年=25461.800百万人民币,D
CN-421200,咸宁市,2021,281.05820,28105.820,disclosed,SRC-SECONDARY-CEIC-CN-421200,https://www.ceicdata.com/zh-hans/china/local-government-debt-prefecture-level-city-outstanding/cn-local-government-debt-outstanding-hubei-xianning,CEIC图表：2021年=28105.820百万人民币,D
CN-421200,咸宁市,2022,366.08140,36608.140,disclosed,SRC-SECONDARY-CEIC-CN-421200,https://www.ceicdata.com/zh-hans/china/local-government-debt-prefecture-level-city-outstanding/cn-local-government-debt-outstanding-hubei-xianning,CEIC图表：2022年=36608.140百万人民币,D
CN-421200,咸宁市,2023,414.78750,41478.750,disclosed,SRC-SECONDARY-CEIC-CN-421200,https://www.ceicdata.com/zh-hans/china/local-government-debt-prefecture-level-city-outstanding/cn-local-government-debt-outstanding-hubei-xianning,CEIC图表：2023年=41478.750百万人民币,D
CN-421200,咸宁市,2024,553.16670,55316.670,disclosed,SRC-SECONDARY-CEIC-CN-421200,https://www.ceicdata.com/zh-hans/china/local-government-debt-prefecture-level-city-outstanding/cn-local-government-debt-outstanding-hubei-xianning,CEIC页面元数据同比基准：2024年=55316.670百万人民币,D
CN-421200,咸宁市,2025,680.70000,68070.000,disclosed,SRC-SECONDARY-CEIC-CN-421200,https://www.ceicdata.com/zh-hans/china/local-government-debt-prefecture-level-city-outstanding/cn-local-government-debt-outstanding-hubei-xianning,CEIC页面元数据：2025年=68070.000百万人民币,D
CN-430100,长沙市,2024,3211.59000,321159.000,disclosed,SRC-SECONDARY-CEIC-CN-430100,https://www.ceicdata.com/zh-hans/china/local-government-debt-prefecture-level-city-outstanding/cn-local-government-debt-outstanding-hunan-changsha,CEIC页面元数据同比基准：2024年=321159.000百万人民币,D
CN-430100,长沙市,2025,3671.38000,367138.000,disclosed,SRC-SECONDARY-CEIC-CN-430100,https://www.ceicdata.com/zh-hans/china/local-government-debt-prefecture-level-city-outstanding/cn-local-government-debt-outstanding-hunan-changsha,CEIC页面元数据：2025年=367138.000百万人民币,D
CN-430300,湘潭市,2024,2085.74000,208574.000,calculated,SRC-SECONDARY-CEIC-CN-430300,https://www.ceicdata.com/zh-hans/china/local-government-debt-prefecture-level-city-outstanding/cn-local-government-debt-outstanding-general-hunan-xiangtan;https://www.ceicdata.com/zh-hans/china/local-government-debt-prefecture-level-city-outstanding/cn-local-government-debt-outstanding-special-hunan-xiangtan,CEIC一般+专项分项：一般=84878.000，专项=123696.000百万人民币；合计为计算值,D
CN-430300,湘潭市,2025,2393.67000,239367.000,calculated,SRC-SECONDARY-CEIC-CN-430300,https://www.ceicdata.com/zh-hans/china/local-government-debt-prefecture-level-city-outstanding/cn-local-government-debt-outstanding-general-hunan-xiangtan;https://www.ceicdata.com/zh-hans/china/local-government-debt-prefecture-level-city-outstanding/cn-local-government-debt-outstanding-special-hunan-xiangtan,CEIC一般+专项分项：一般=86028.000，专项=153339.000百万人民币；合计为计算值,D
CN-430400,衡阳市,2024,1444.03000,144403.000,disclosed,SRC-SECONDARY-CEIC-CN-430400,https://www.ceicdata.com/zh-hans/china/local-government-debt-prefecture-level-city-outstanding/cn-local-government-debt-outstanding-hunan-hengyang,CEIC页面元数据同比基准：2024年=144403.000百万人民币,D
CN-430400,衡阳市,2025,1689.15000,168915.000,disclosed,SRC-SECONDARY-CEIC-CN-430400,https://www.ceicdata.com/zh-hans/china/local-government-debt-prefecture-level-city-outstanding/cn-local-government-debt-outstanding-hunan-hengyang,CEIC页面元数据：2025年=168915.000百万人民币,D
CN-430500,邵阳市,2024,1187.56000,118756.000,disclosed,SRC-SECONDARY-CEIC-CN-430500,https://www.ceicdata.com/zh-hans/china/local-government-debt-prefecture-level-city-outstanding/cn-local-government-debt-outstanding-hunan-shaoyang,CEIC页面元数据同比基准：2024年=118756.000百万人民币,D
CN-430500,邵阳市,2025,1388.58000,138858.000,disclosed,SRC-SECONDARY-CEIC-CN-430500,https://www.ceicdata.com/zh-hans/china/local-government-debt-prefecture-level-city-outstanding/cn-local-government-debt-outstanding-hunan-shaoyang,CEIC页面元数据：2025年=138858.000百万人民币,D
CN-430600,岳阳市,2024,1327.97000,132797.000,calculated,SRC-SECONDARY-CEIC-CN-430600,https://www.ceicdata.com/zh-hans/china/local-government-debt-prefecture-level-city-outstanding/cn-local-government-debt-outstanding-general-hunan-yueyang;https://www.ceicdata.com/zh-hans/china/local-government-debt-prefecture-level-city-outstanding/cn-local-government-debt-outstanding-special-hunan-yueyang,CEIC一般+专项分项：一般=42164.000，专项=90633.000百万人民币；合计为计算值,D
CN-430600,岳阳市,2025,1579.84000,157984.000,calculated,SRC-SECONDARY-CEIC-CN-430600,https://www.ceicdata.com/zh-hans/china/local-government-debt-prefecture-level-city-outstanding/cn-local-government-debt-outstanding-general-hunan-yueyang;https://www.ceicdata.com/zh-hans/china/local-government-debt-prefecture-level-city-outstanding/cn-local-government-debt-outstanding-special-hunan-yueyang,CEIC一般+专项分项：一般=45292.000，专项=112692.000百万人民币；合计为计算值,D
CN-430700,常德市,2024,1382.16000,138216.000,calculated,SRC-SECONDARY-CEIC-CN-430700,https://www.ceicdata.com/zh-hans/china/local-government-debt-prefecture-level-city-outstanding/cn-local-government-debt-outstanding-general-hunan-changde;https://www.ceicdata.com/zh-hans/china/local-government-debt-prefecture-level-city-outstanding/cn-local-government-debt-outstanding-special-hunan-changde,CEIC一般+专项分项：一般=55654.000，专项=82562.000百万人民币；合计为计算值,D
CN-430700,常德市,2025,1618.51000,161851.000,calculated,SRC-SECONDARY-CEIC-CN-430700,https://www.ceicdata.com/zh-hans/china/local-government-debt-prefecture-level-city-outstanding/cn-local-government-debt-outstanding-general-hunan-changde;https://www.ceicdata.com/zh-hans/china/local-government-debt-prefecture-level-city-outstanding/cn-local-government-debt-outstanding-special-hunan-changde,CEIC一般+专项分项：一般=57741.000，专项=104110.000百万人民币；合计为计算值,D
CN-430900,益阳市,2024,802.11000,80211.000,disclosed,SRC-SECONDARY-CEIC-CN-430900,https://www.ceicdata.com/zh-hans/china/local-government-debt-prefecture-level-city-outstanding/cn-local-government-debt-outstanding-hunan-yiyang,CEIC页面元数据同比基准：2024年=80211.000百万人民币,D
CN-430900,益阳市,2025,916.92000,91692.000,disclosed,SRC-SECONDARY-CEIC-CN-430900,https://www.ceicdata.com/zh-hans/china/local-government-debt-prefecture-level-city-outstanding/cn-local-government-debt-outstanding-hunan-yiyang,CEIC页面元数据：2025年=91692.000百万人民币,D
CN-431100,永州市,2024,1147.59000,114759.000,disclosed,SRC-SECONDARY-CEIC-CN-431100,https://www.ceicdata.com/zh-hans/china/local-government-debt-prefecture-level-city-outstanding/cn-local-government-debt-outstanding-hunan-yongzhou,CEIC页面元数据同比基准：2024年=114759.000百万人民币,D
CN-431100,永州市,2025,1334.42000,133442.000,disclosed,SRC-SECONDARY-CEIC-CN-431100,https://www.ceicdata.com/zh-hans/china/local-government-debt-prefecture-level-city-outstanding/cn-local-government-debt-outstanding-hunan-yongzhou,CEIC页面元数据：2025年=133442.000百万人民币,D
CN-431200,怀化市,2024,1147.63000,114763.000,disclosed,SRC-SECONDARY-CEIC-CN-431200,https://www.ceicdata.com/zh-hans/china/local-government-debt-prefecture-level-city-outstanding/cn-local-government-debt-outstanding-hunan-huaihua,CEIC页面元数据同比基准：2024年=114763.000百万人民币,D
CN-431200,怀化市,2025,1334.16000,133416.000,disclosed,SRC-SECONDARY-CEIC-CN-431200,https://www.ceicdata.com/zh-hans/china/local-government-debt-prefecture-level-city-outstanding/cn-local-government-debt-outstanding-hunan-huaihua,CEIC页面元数据：2025年=133416.000百万人民币,D
CN-431300,娄底市,2024,810.96000,81096.000,disclosed,SRC-SECONDARY-CEIC-CN-431300,https://www.ceicdata.com/zh-hans/china/local-government-debt-prefecture-level-city-outstanding/cn-local-government-debt-outstanding-hunan-loudi,CEIC页面元数据同比基准：2024年=81096.000百万人民币,D
CN-431300,娄底市,2025,939.55000,93955.000,disclosed,SRC-SECONDARY-CEIC-CN-431300,https://www.ceicdata.com/zh-hans/china/local-government-debt-prefecture-level-city-outstanding/cn-local-government-debt-outstanding-hunan-loudi,CEIC页面元数据：2025年=93955.000百万人民币,D
CN-440100,广州市,2024,6482.84000,648284.000,calculated,SRC-SECONDARY-CEIC-CN-440100,https://www.ceicdata.com/zh-hans/china/local-government-debt-prefecture-level-city-outstanding/cn-local-government-debt-outstanding-general-guangdong-guangzhou;https://www.ceicdata.com/zh-hans/china/local-government-debt-prefecture-level-city-outstanding/cn-local-government-debt-outstanding-special-guangdong-guangzhou,CEIC一般+专项分项：一般=93292.000，专项=554992.000百万人民币；合计为计算值,D
CN-440100,广州市,2025,7458.30390,745830.390,calculated,SRC-SECONDARY-CEIC-CN-440100,https://www.ceicdata.com/zh-hans/china/local-government-debt-prefecture-level-city-outstanding/cn-local-government-debt-outstanding-general-guangdong-guangzhou;https://www.ceicdata.com/zh-hans/china/local-government-debt-prefecture-level-city-outstanding/cn-local-government-debt-outstanding-special-guangdong-guangzhou,CEIC一般+专项分项：一般=92371.390，专项=653459.000百万人民币；合计为计算值,D
CN-440800,湛江市,2024,1284.22000,128422.000,calculated,SRC-SECONDARY-CEIC-CN-440800,https://www.ceicdata.com/zh-hans/china/local-government-debt-prefecture-level-city-outstanding/cn-local-government-debt-outstanding-general-guangdong-zhanjiang;https://www.ceicdata.com/zh-hans/china/local-government-debt-prefecture-level-city-outstanding/cn-local-government-debt-outstanding-special-guangdong-zhanjiang,CEIC一般+专项分项：一般=29988.000，专项=98434.000百万人民币；合计为计算值,D
CN-440800,湛江市,2025,1504.04000,150404.000,calculated,SRC-SECONDARY-CEIC-CN-440800,https://www.ceicdata.com/zh-hans/china/local-government-debt-prefecture-level-city-outstanding/cn-local-government-debt-outstanding-general-guangdong-zhanjiang;https://www.ceicdata.com/zh-hans/china/local-government-debt-prefecture-level-city-outstanding/cn-local-government-debt-outstanding-special-guangdong-zhanjiang,CEIC一般+专项分项：一般=31551.000，专项=118853.000百万人民币；合计为计算值,D
CN-441200,肇庆市,2024,1286.55700,128655.700,disclosed,SRC-SECONDARY-CEIC-CN-441200,https://www.ceicdata.com/zh-hans/china/local-government-debt-prefecture-level-city-outstanding/cn-local-government-debt-outstanding-guangdong-zhaoqing,CEIC页面元数据同比基准：2024年=128655.700百万人民币,D
CN-441200,肇庆市,2025,1423.67000,142367.000,disclosed,SRC-SECONDARY-CEIC-CN-441200,https://www.ceicdata.com/zh-hans/china/local-government-debt-prefecture-level-city-outstanding/cn-local-government-debt-outstanding-guangdong-zhaoqing,CEIC页面元数据：2025年=142367.000百万人民币,D
CN-441300,惠州市,2024,1508.40410,150840.410,disclosed,SRC-SECONDARY-CEIC-CN-441300,https://www.ceicdata.com/zh-hans/china/local-government-debt-prefecture-level-city-outstanding/cn-local-government-debt-outstanding-guangdong-huizhou,CEIC页面元数据同比基准：2024年=150840.410百万人民币,D
CN-441300,惠州市,2025,1759.82000,175982.000,disclosed,SRC-SECONDARY-CEIC-CN-441300,https://www.ceicdata.com/zh-hans/china/local-government-debt-prefecture-level-city-outstanding/cn-local-government-debt-outstanding-guangdong-huizhou,CEIC页面元数据：2025年=175982.000百万人民币,D
CN-441500,汕尾市,2024,707.90850,70790.850,calculated,SRC-SECONDARY-CEIC-CN-441500,https://www.ceicdata.com/zh-hans/china/local-government-debt-prefecture-level-city-outstanding/cn-local-government-debt-outstanding-general-guangdong-shanwei;https://www.ceicdata.com/zh-hans/china/local-government-debt-prefecture-level-city-outstanding/cn-local-government-debt-outstanding-special-guangdong-shanwei,CEIC一般+专项分项：一般=13717.470，专项=57073.380百万人民币；合计为计算值,D
CN-441500,汕尾市,2025,832.11000,83211.000,calculated,SRC-SECONDARY-CEIC-CN-441500,https://www.ceicdata.com/zh-hans/china/local-government-debt-prefecture-level-city-outstanding/cn-local-government-debt-outstanding-general-guangdong-shanwei;https://www.ceicdata.com/zh-hans/china/local-government-debt-prefecture-level-city-outstanding/cn-local-government-debt-outstanding-special-guangdong-shanwei,CEIC一般+专项分项：一般=15024.000，专项=68187.000百万人民币；合计为计算值,D
CN-441600,河源市,2024,752.23980,75223.980,disclosed,SRC-SECONDARY-CEIC-CN-441600,https://www.ceicdata.com/zh-hans/china/local-government-debt-prefecture-level-city-outstanding/cn-local-government-debt-outstanding-guangdong-heyuan,CEIC页面元数据同比基准：2024年=75223.980百万人民币,D
CN-441600,河源市,2025,830.77000,83077.000,disclosed,SRC-SECONDARY-CEIC-CN-441600,https://www.ceicdata.com/zh-hans/china/local-government-debt-prefecture-level-city-outstanding/cn-local-government-debt-outstanding-guangdong-heyuan,CEIC页面元数据：2025年=83077.000百万人民币,D
CN-441900,东莞市,2024,1989.59241,198959.241,calculated,SRC-SECONDARY-CEIC-CN-441900,https://www.ceicdata.com/zh-hans/china/local-government-debt-prefecture-level-city-outstanding/cn-local-government-debt-outstanding-general-guangdong-dongguan;https://www.ceicdata.com/zh-hans/china/local-government-debt-prefecture-level-city-outstanding/cn-local-government-debt-outstanding-special-guangdong-dongguan,CEIC一般+专项分项：一般=51934.873，专项=147024.368百万人民币；合计为计算值,D
CN-441900,东莞市,2025,2358.29000,235829.000,calculated,SRC-SECONDARY-CEIC-CN-441900,https://www.ceicdata.com/zh-hans/china/local-government-debt-prefecture-level-city-outstanding/cn-local-government-debt-outstanding-general-guangdong-dongguan;https://www.ceicdata.com/zh-hans/china/local-government-debt-prefecture-level-city-outstanding/cn-local-government-debt-outstanding-special-guangdong-dongguan,CEIC一般+专项分项：一般=52115.000，专项=183714.000百万人民币；合计为计算值,D
CN-442000,中山市,2024,1095.73894,109573.894,disclosed,SRC-SECONDARY-CEIC-CN-442000,https://www.ceicdata.com/zh-hans/china/local-government-debt-prefecture-level-city-outstanding/cn-local-government-debt-outstanding-guangdong-zhongshan,CEIC页面元数据同比基准：2024年=109573.894百万人民币,D
CN-442000,中山市,2025,1326.99000,132699.000,disclosed,SRC-SECONDARY-CEIC-CN-442000,https://www.ceicdata.com/zh-hans/china/local-government-debt-prefecture-level-city-outstanding/cn-local-government-debt-outstanding-guangdong-zhongshan,CEIC页面元数据：2025年=132699.000百万人民币,D
CN-445200,揭阳市,2024,588.86000,58886.000,disclosed,SRC-SECONDARY-CEIC-CN-445200,https://www.ceicdata.com/zh-hans/china/local-government-debt-prefecture-level-city-outstanding/cn-local-government-debt-outstanding-guangdong-jieyang,CEIC页面元数据同比基准：2024年=58886.000百万人民币,D
CN-445200,揭阳市,2025,741.87000,74187.000,disclosed,SRC-SECONDARY-CEIC-CN-445200,https://www.ceicdata.com/zh-hans/china/local-government-debt-prefecture-level-city-outstanding/cn-local-government-debt-outstanding-guangdong-jieyang,CEIC页面元数据：2025年=74187.000百万人民币,D
CN-450100,南宁市,2024,1628.87000,162887.000,disclosed,SRC-SECONDARY-CEIC-CN-450100,https://www.ceicdata.com/zh-hans/china/local-government-debt-prefecture-level-city-outstanding/cn-local-government-debt-outstanding-guangxi-nanning,CEIC页面元数据同比基准：2024年=162887.000百万人民币,D
CN-450100,南宁市,2025,1784.78970,178478.970,disclosed,SRC-SECONDARY-CEIC-CN-450100,https://www.ceicdata.com/zh-hans/china/local-government-debt-prefecture-level-city-outstanding/cn-local-government-debt-outstanding-guangxi-nanning,CEIC页面元数据：2025年=178478.970百万人民币,D
CN-450200,柳州市,2024,1051.91000,105191.000,disclosed,SRC-SECONDARY-CEIC-CN-450200,https://www.ceicdata.com/zh-hans/china/local-government-debt-prefecture-level-city-outstanding/cn-local-government-debt-outstanding-guangxi-liuzhou,CEIC页面元数据同比基准：2024年=105191.000百万人民币,D
CN-450200,柳州市,2025,1157.32580,115732.580,disclosed,SRC-SECONDARY-CEIC-CN-450200,https://www.ceicdata.com/zh-hans/china/local-government-debt-prefecture-level-city-outstanding/cn-local-government-debt-outstanding-guangxi-liuzhou,CEIC页面元数据：2025年=115732.580百万人民币,D
CN-450300,桂林市,2024,925.43000,92543.000,calculated,SRC-SECONDARY-CEIC-CN-450300,https://www.ceicdata.com/zh-hans/china/local-government-debt-prefecture-level-city-outstanding/cn-local-government-debt-outstanding-general-guangxi-guilin;https://www.ceicdata.com/zh-hans/china/local-government-debt-prefecture-level-city-outstanding/cn-local-government-debt-outstanding-special-guangxi-guilin,CEIC一般+专项分项：一般=38676.000，专项=53867.000百万人民币；合计为计算值,D
CN-450300,桂林市,2025,1075.41290,107541.290,calculated,SRC-SECONDARY-CEIC-CN-450300,https://www.ceicdata.com/zh-hans/china/local-government-debt-prefecture-level-city-outstanding/cn-local-government-debt-outstanding-general-guangxi-guilin;https://www.ceicdata.com/zh-hans/china/local-government-debt-prefecture-level-city-outstanding/cn-local-government-debt-outstanding-special-guangxi-guilin,CEIC一般+专项分项：一般=39424.780，专项=68116.510百万人民币；合计为计算值,D
CN-450400,梧州市,2024,606.26000,60626.000,disclosed,SRC-SECONDARY-CEIC-CN-450400,https://www.ceicdata.com/zh-hans/china/local-government-debt-prefecture-level-city-outstanding/cn-local-government-debt-outstanding-guangxi-wuzhou,CEIC页面元数据同比基准：2024年=60626.000百万人民币,D
CN-450400,梧州市,2025,667.54070,66754.070,disclosed,SRC-SECONDARY-CEIC-CN-450400,https://www.ceicdata.com/zh-hans/china/local-government-debt-prefecture-level-city-outstanding/cn-local-government-debt-outstanding-guangxi-wuzhou,CEIC页面元数据：2025年=66754.070百万人民币,D
CN-450500,北海市,2024,396.06000,39606.000,calculated,SRC-SECONDARY-CEIC-CN-450500,https://www.ceicdata.com/zh-hans/china/local-government-debt-prefecture-level-city-outstanding/cn-local-government-debt-outstanding-general-guangxi-beihai;https://www.ceicdata.com/zh-hans/china/local-government-debt-prefecture-level-city-outstanding/cn-local-government-debt-outstanding-special-guangxi-beihai,CEIC一般+专项分项：一般=13072.000，专项=26534.000百万人民币；合计为计算值,D
CN-450500,北海市,2025,426.43710,42643.710,calculated,SRC-SECONDARY-CEIC-CN-450500,https://www.ceicdata.com/zh-hans/china/local-government-debt-prefecture-level-city-outstanding/cn-local-government-debt-outstanding-general-guangxi-beihai;https://www.ceicdata.com/zh-hans/china/local-government-debt-prefecture-level-city-outstanding/cn-local-government-debt-outstanding-special-guangxi-beihai,CEIC一般+专项分项：一般=13516.580，专项=29127.130百万人民币；合计为计算值,D
CN-450600,防城港市,2024,340.16000,34016.000,calculated,SRC-SECONDARY-CEIC-CN-450600,https://www.ceicdata.com/zh-hans/china/local-government-debt-prefecture-level-city-outstanding/cn-local-government-debt-outstanding-general-guangxi-fangchenggang;https://www.ceicdata.com/zh-hans/china/local-government-debt-prefecture-level-city-outstanding/cn-local-government-debt-outstanding-special-guangxi-fangchenggang,CEIC一般+专项分项：一般=14117.000，专项=19899.000百万人民币；合计为计算值,D
CN-450600,防城港市,2025,375.23880,37523.880,calculated,SRC-SECONDARY-CEIC-CN-450600,https://www.ceicdata.com/zh-hans/china/local-government-debt-prefecture-level-city-outstanding/cn-local-government-debt-outstanding-general-guangxi-fangchenggang;https://www.ceicdata.com/zh-hans/china/local-government-debt-prefecture-level-city-outstanding/cn-local-government-debt-outstanding-special-guangxi-fangchenggang,CEIC一般+专项分项：一般=14643.390，专项=22880.490百万人民币；合计为计算值,D
CN-450700,钦州市,2024,723.06000,72306.000,disclosed,SRC-SECONDARY-CEIC-CN-450700,https://www.ceicdata.com/zh-hans/china/local-government-debt-prefecture-level-city-outstanding/cn-local-government-debt-outstanding-guangxi-qinzhou,CEIC页面元数据同比基准：2024年=72306.000百万人民币,D
CN-450700,钦州市,2025,800.50510,80050.510,disclosed,SRC-SECONDARY-CEIC-CN-450700,https://www.ceicdata.com/zh-hans/china/local-government-debt-prefecture-level-city-outstanding/cn-local-government-debt-outstanding-guangxi-qinzhou,CEIC页面元数据：2025年=80050.510百万人民币,D
CN-450800,贵港市,2024,535.18000,53518.000,disclosed,SRC-SECONDARY-CEIC-CN-450800,https://www.ceicdata.com/zh-hans/china/local-government-debt-prefecture-level-city-outstanding/cn-local-government-debt-outstanding-guangxi-guigang,CEIC页面元数据同比基准：2024年=53518.000百万人民币,D
CN-450800,贵港市,2025,608.24840,60824.840,disclosed,SRC-SECONDARY-CEIC-CN-450800,https://www.ceicdata.com/zh-hans/china/local-government-debt-prefecture-level-city-outstanding/cn-local-government-debt-outstanding-guangxi-guigang,CEIC页面元数据：2025年=60824.840百万人民币,D
CN-451000,百色市,2024,782.48000,78248.000,disclosed,SRC-SECONDARY-CEIC-CN-451000,https://www.ceicdata.com/zh-hans/china/local-government-debt-prefecture-level-city-outstanding/cn-local-government-debt-outstanding-guangxi-baise,CEIC页面元数据同比基准：2024年=78248.000百万人民币,D
CN-451000,百色市,2025,926.68270,92668.270,disclosed,SRC-SECONDARY-CEIC-CN-451000,https://www.ceicdata.com/zh-hans/china/local-government-debt-prefecture-level-city-outstanding/cn-local-government-debt-outstanding-guangxi-baise,CEIC页面元数据：2025年=92668.270百万人民币,D
CN-451200,河池市,2024,562.62000,56262.000,disclosed,SRC-SECONDARY-CEIC-CN-451200,https://www.ceicdata.com/zh-hans/china/local-government-debt-prefecture-level-city-outstanding/cn-local-government-debt-outstanding-guangxi-hechi,CEIC页面元数据同比基准：2024年=56262.000百万人民币,D
CN-451200,河池市,2025,633.05540,63305.540,disclosed,SRC-SECONDARY-CEIC-CN-451200,https://www.ceicdata.com/zh-hans/china/local-government-debt-prefecture-level-city-outstanding/cn-local-government-debt-outstanding-guangxi-hechi,CEIC页面元数据：2025年=63305.540百万人民币,D
CN-451400,崇左市,2024,561.53000,56153.000,disclosed,SRC-SECONDARY-CEIC-CN-451400,https://www.ceicdata.com/zh-hans/china/local-government-debt-prefecture-level-city-outstanding/cn-local-government-debt-outstanding-guangxi-chongzuo,CEIC页面元数据同比基准：2024年=56153.000百万人民币,D
CN-451400,崇左市,2025,646.62540,64662.540,disclosed,SRC-SECONDARY-CEIC-CN-451400,https://www.ceicdata.com/zh-hans/china/local-government-debt-prefecture-level-city-outstanding/cn-local-government-debt-outstanding-guangxi-chongzuo,CEIC页面元数据：2025年=64662.540百万人民币,D
CN-460100,海口市,2024,1141.69908,114169.908,calculated,SRC-SECONDARY-CEIC-CN-460100,https://www.ceicdata.com/zh-hans/china/local-government-debt-prefecture-level-city-outstanding/cn-local-government-debt-outstanding-general-hainan-haikou;https://www.ceicdata.com/zh-hans/china/local-government-debt-prefecture-level-city-outstanding/cn-local-government-debt-outstanding-special-hainan-haikou,CEIC一般+专项分项：一般=22732.869，专项=91437.039百万人民币；合计为计算值,D
CN-460100,海口市,2025,1376.78220,137678.220,calculated,SRC-SECONDARY-CEIC-CN-460100,https://www.ceicdata.com/zh-hans/china/local-government-debt-prefecture-level-city-outstanding/cn-local-government-debt-outstanding-general-hainan-haikou;https://www.ceicdata.com/zh-hans/china/local-government-debt-prefecture-level-city-outstanding/cn-local-government-debt-outstanding-special-hainan-haikou,CEIC一般+专项分项：一般=23291.400，专项=114386.820百万人民币；合计为计算值,D
CN-510100,成都市,2024,6206.62000,620662.000,disclosed,SRC-SECONDARY-CEIC-CN-510100,https://www.ceicdata.com/zh-hans/china/local-government-debt-prefecture-level-city-outstanding/cn-local-government-debt-outstanding-sichuan-chengdu,CEIC页面元数据同比基准：2024年=620662.000百万人民币,D
CN-510100,成都市,2025,7223.90000,722390.000,disclosed,SRC-SECONDARY-CEIC-CN-510100,https://www.ceicdata.com/zh-hans/china/local-government-debt-prefecture-level-city-outstanding/cn-local-government-debt-outstanding-sichuan-chengdu,CEIC页面元数据：2025年=722390.000百万人民币,D
CN-510300,自贡市,2018,280.00000,28000.000,calculated,SRC-SECONDARY-CEIC-CN-510300,https://www.ceicdata.com/zh-hans/china/local-government-debt-prefecture-level-city-outstanding/cn-local-government-debt-outstanding-general-sichuan-zigong;https://www.ceicdata.com/zh-hans/china/local-government-debt-prefecture-level-city-outstanding/cn-local-government-debt-outstanding-special-sichuan-zigong,CEIC一般+专项分项：一般=14400.000，专项=13600.000百万人民币；合计为计算值,D
CN-510300,自贡市,2019,337.00000,33700.000,calculated,SRC-SECONDARY-CEIC-CN-510300,https://www.ceicdata.com/zh-hans/china/local-government-debt-prefecture-level-city-outstanding/cn-local-government-debt-outstanding-general-sichuan-zigong;https://www.ceicdata.com/zh-hans/china/local-government-debt-prefecture-level-city-outstanding/cn-local-government-debt-outstanding-special-sichuan-zigong,CEIC一般+专项分项：一般=16600.000，专项=17100.000百万人民币；合计为计算值,D
CN-510300,自贡市,2020,401.00000,40100.000,calculated,SRC-SECONDARY-CEIC-CN-510300,https://www.ceicdata.com/zh-hans/china/local-government-debt-prefecture-level-city-outstanding/cn-local-government-debt-outstanding-general-sichuan-zigong;https://www.ceicdata.com/zh-hans/china/local-government-debt-prefecture-level-city-outstanding/cn-local-government-debt-outstanding-special-sichuan-zigong,CEIC一般+专项分项：一般=16000.000，专项=24100.000百万人民币；合计为计算值,D
CN-510300,自贡市,2021,527.00000,52700.000,calculated,SRC-SECONDARY-CEIC-CN-510300,https://www.ceicdata.com/zh-hans/china/local-government-debt-prefecture-level-city-outstanding/cn-local-government-debt-outstanding-general-sichuan-zigong;https://www.ceicdata.com/zh-hans/china/local-government-debt-prefecture-level-city-outstanding/cn-local-government-debt-outstanding-special-sichuan-zigong,CEIC一般+专项分项：一般=18810.000，专项=33890.000百万人民币；合计为计算值,D
CN-510300,自贡市,2022,618.80000,61880.000,calculated,SRC-SECONDARY-CEIC-CN-510300,https://www.ceicdata.com/zh-hans/china/local-government-debt-prefecture-level-city-outstanding/cn-local-government-debt-outstanding-general-sichuan-zigong;https://www.ceicdata.com/zh-hans/china/local-government-debt-prefecture-level-city-outstanding/cn-local-government-debt-outstanding-special-sichuan-zigong,CEIC一般+专项分项：一般=18920.000，专项=42960.000百万人民币；合计为计算值,D
CN-510300,自贡市,2023,737.60000,73760.000,calculated,SRC-SECONDARY-CEIC-CN-510300,https://www.ceicdata.com/zh-hans/china/local-government-debt-prefecture-level-city-outstanding/cn-local-government-debt-outstanding-general-sichuan-zigong;https://www.ceicdata.com/zh-hans/china/local-government-debt-prefecture-level-city-outstanding/cn-local-government-debt-outstanding-special-sichuan-zigong,CEIC一般+专项分项：一般=21280.000，专项=52480.000百万人民币；合计为计算值,D
CN-510300,自贡市,2024,875.30000,87530.000,calculated,SRC-SECONDARY-CEIC-CN-510300,https://www.ceicdata.com/zh-hans/china/local-government-debt-prefecture-level-city-outstanding/cn-local-government-debt-outstanding-general-sichuan-zigong;https://www.ceicdata.com/zh-hans/china/local-government-debt-prefecture-level-city-outstanding/cn-local-government-debt-outstanding-special-sichuan-zigong,CEIC一般+专项分项：一般=22740.000，专项=64790.000百万人民币；合计为计算值,D
CN-510500,泸州市,2018,430.00000,43000.000,disclosed,SRC-SECONDARY-CEIC-CN-510500,https://www.ceicdata.com/zh-hans/china/local-government-debt-prefecture-level-city-outstanding/cn-local-government-debt-outstanding-sichuan-luzhou,CEIC图表：2018年=43000.000百万人民币,D
CN-510500,泸州市,2019,499.00000,49900.000,disclosed,SRC-SECONDARY-CEIC-CN-510500,https://www.ceicdata.com/zh-hans/china/local-government-debt-prefecture-level-city-outstanding/cn-local-government-debt-outstanding-sichuan-luzhou,CEIC图表：2019年=49900.000百万人民币,D
CN-510500,泸州市,2020,610.00000,61000.000,disclosed,SRC-SECONDARY-CEIC-CN-510500,https://www.ceicdata.com/zh-hans/china/local-government-debt-prefecture-level-city-outstanding/cn-local-government-debt-outstanding-sichuan-luzhou,CEIC图表：2020年=61000.000百万人民币,D
CN-510500,泸州市,2021,726.70000,72670.000,disclosed,SRC-SECONDARY-CEIC-CN-510500,https://www.ceicdata.com/zh-hans/china/local-government-debt-prefecture-level-city-outstanding/cn-local-government-debt-outstanding-sichuan-luzhou,CEIC图表：2021年=72670.000百万人民币,D
CN-510500,泸州市,2022,868.10000,86810.000,disclosed,SRC-SECONDARY-CEIC-CN-510500,https://www.ceicdata.com/zh-hans/china/local-government-debt-prefecture-level-city-outstanding/cn-local-government-debt-outstanding-sichuan-luzhou,CEIC图表：2022年=86810.000百万人民币,D
CN-510500,泸州市,2023,994.20000,99420.000,disclosed,SRC-SECONDARY-CEIC-CN-510500,https://www.ceicdata.com/zh-hans/china/local-government-debt-prefecture-level-city-outstanding/cn-local-government-debt-outstanding-sichuan-luzhou,CEIC图表：2023年=99420.000百万人民币,D
CN-510500,泸州市,2024,1171.30000,117130.000,disclosed,SRC-SECONDARY-CEIC-CN-510500,https://www.ceicdata.com/zh-hans/china/local-government-debt-prefecture-level-city-outstanding/cn-local-government-debt-outstanding-sichuan-luzhou,CEIC图表：2024年=117130.000百万人民币,D
CN-510600,德阳市,2018,281.00000,28100.000,disclosed,SRC-SECONDARY-CEIC-CN-510600,https://www.ceicdata.com/zh-hans/china/local-government-debt-prefecture-level-city-outstanding/cn-local-government-debt-outstanding-sichuan-deyang,CEIC图表：2018年=28100.000百万人民币,D
CN-510600,德阳市,2019,312.00000,31200.000,disclosed,SRC-SECONDARY-CEIC-CN-510600,https://www.ceicdata.com/zh-hans/china/local-government-debt-prefecture-level-city-outstanding/cn-local-government-debt-outstanding-sichuan-deyang,CEIC图表：2019年=31200.000百万人民币,D
CN-510600,德阳市,2020,380.00000,38000.000,disclosed,SRC-SECONDARY-CEIC-CN-510600,https://www.ceicdata.com/zh-hans/china/local-government-debt-prefecture-level-city-outstanding/cn-local-government-debt-outstanding-sichuan-deyang,CEIC图表：2020年=38000.000百万人民币,D
CN-510600,德阳市,2021,489.50000,48950.000,disclosed,SRC-SECONDARY-CEIC-CN-510600,https://www.ceicdata.com/zh-hans/china/local-government-debt-prefecture-level-city-outstanding/cn-local-government-debt-outstanding-sichuan-deyang,CEIC图表：2021年=48950.000百万人民币,D
CN-510600,德阳市,2022,630.00000,63000.000,disclosed,SRC-SECONDARY-CEIC-CN-510600,https://www.ceicdata.com/zh-hans/china/local-government-debt-prefecture-level-city-outstanding/cn-local-government-debt-outstanding-sichuan-deyang,CEIC图表：2022年=63000.000百万人民币,D
CN-510600,德阳市,2023,760.90000,76090.000,disclosed,SRC-SECONDARY-CEIC-CN-510600,https://www.ceicdata.com/zh-hans/china/local-government-debt-prefecture-level-city-outstanding/cn-local-government-debt-outstanding-sichuan-deyang,CEIC图表：2023年=76090.000百万人民币,D
CN-510600,德阳市,2024,931.40000,93140.000,disclosed,SRC-SECONDARY-CEIC-CN-510600,https://www.ceicdata.com/zh-hans/china/local-government-debt-prefecture-level-city-outstanding/cn-local-government-debt-outstanding-sichuan-deyang,CEIC图表：2024年=93140.000百万人民币,D
CN-510700,绵阳市,2018,406.00000,40600.000,disclosed,SRC-SECONDARY-CEIC-CN-510700,https://www.ceicdata.com/zh-hans/china/local-government-debt-prefecture-level-city-outstanding/cn-local-government-debt-outstanding-sichuan-mianyang,CEIC图表：2018年=40600.000百万人民币,D
CN-510700,绵阳市,2019,464.00000,46400.000,disclosed,SRC-SECONDARY-CEIC-CN-510700,https://www.ceicdata.com/zh-hans/china/local-government-debt-prefecture-level-city-outstanding/cn-local-government-debt-outstanding-sichuan-mianyang,CEIC图表：2019年=46400.000百万人民币,D
CN-510700,绵阳市,2020,574.00000,57400.000,disclosed,SRC-SECONDARY-CEIC-CN-510700,https://www.ceicdata.com/zh-hans/china/local-government-debt-prefecture-level-city-outstanding/cn-local-government-debt-outstanding-sichuan-mianyang,CEIC图表：2020年=57400.000百万人民币,D
CN-510700,绵阳市,2021,704.90000,70490.000,disclosed,SRC-SECONDARY-CEIC-CN-510700,https://www.ceicdata.com/zh-hans/china/local-government-debt-prefecture-level-city-outstanding/cn-local-government-debt-outstanding-sichuan-mianyang,CEIC图表：2021年=70490.000百万人民币,D
CN-510700,绵阳市,2022,850.80000,85080.000,disclosed,SRC-SECONDARY-CEIC-CN-510700,https://www.ceicdata.com/zh-hans/china/local-government-debt-prefecture-level-city-outstanding/cn-local-government-debt-outstanding-sichuan-mianyang,CEIC图表：2022年=85080.000百万人民币,D
CN-510700,绵阳市,2023,1065.70000,106570.000,disclosed,SRC-SECONDARY-CEIC-CN-510700,https://www.ceicdata.com/zh-hans/china/local-government-debt-prefecture-level-city-outstanding/cn-local-government-debt-outstanding-sichuan-mianyang,CEIC图表：2023年=106570.000百万人民币,D
CN-510700,绵阳市,2024,1297.00000,129700.000,disclosed,SRC-SECONDARY-CEIC-CN-510700,https://www.ceicdata.com/zh-hans/china/local-government-debt-prefecture-level-city-outstanding/cn-local-government-debt-outstanding-sichuan-mianyang,CEIC图表：2024年=129700.000百万人民币,D
CN-510800,广元市,2018,289.00000,28900.000,disclosed,SRC-SECONDARY-CEIC-CN-510800,https://www.ceicdata.com/zh-hans/china/local-government-debt-prefecture-level-city-outstanding/cn-local-government-debt-outstanding-sichuan-guangyuan,CEIC图表：2018年=28900.000百万人民币,D
CN-510800,广元市,2019,316.00000,31600.000,disclosed,SRC-SECONDARY-CEIC-CN-510800,https://www.ceicdata.com/zh-hans/china/local-government-debt-prefecture-level-city-outstanding/cn-local-government-debt-outstanding-sichuan-guangyuan,CEIC图表：2019年=31600.000百万人民币,D
CN-510800,广元市,2020,366.00000,36600.000,disclosed,SRC-SECONDARY-CEIC-CN-510800,https://www.ceicdata.com/zh-hans/china/local-government-debt-prefecture-level-city-outstanding/cn-local-government-debt-outstanding-sichuan-guangyuan,CEIC图表：2020年=36600.000百万人民币,D
CN-510800,广元市,2021,415.10000,41510.000,disclosed,SRC-SECONDARY-CEIC-CN-510800,https://www.ceicdata.com/zh-hans/china/local-government-debt-prefecture-level-city-outstanding/cn-local-government-debt-outstanding-sichuan-guangyuan,CEIC图表：2021年=41510.000百万人民币,D
CN-510800,广元市,2022,483.30000,48330.000,disclosed,SRC-SECONDARY-CEIC-CN-510800,https://www.ceicdata.com/zh-hans/china/local-government-debt-prefecture-level-city-outstanding/cn-local-government-debt-outstanding-sichuan-guangyuan,CEIC图表：2022年=48330.000百万人民币,D
CN-510800,广元市,2023,552.00000,55200.000,disclosed,SRC-SECONDARY-CEIC-CN-510800,https://www.ceicdata.com/zh-hans/china/local-government-debt-prefecture-level-city-outstanding/cn-local-government-debt-outstanding-sichuan-guangyuan,CEIC图表：2023年=55200.000百万人民币,D
CN-510800,广元市,2024,659.40000,65940.000,disclosed,SRC-SECONDARY-CEIC-CN-510800,https://www.ceicdata.com/zh-hans/china/local-government-debt-prefecture-level-city-outstanding/cn-local-government-debt-outstanding-sichuan-guangyuan,CEIC图表：2024年=65940.000百万人民币,D
CN-510900,遂宁市,2018,284.00000,28400.000,disclosed,SRC-SECONDARY-CEIC-CN-510900,https://www.ceicdata.com/zh-hans/china/local-government-debt-prefecture-level-city-outstanding/cn-local-government-debt-outstanding-sichuan-suining,CEIC图表：2018年=28400.000百万人民币,D
CN-510900,遂宁市,2019,317.00000,31700.000,disclosed,SRC-SECONDARY-CEIC-CN-510900,https://www.ceicdata.com/zh-hans/china/local-government-debt-prefecture-level-city-outstanding/cn-local-government-debt-outstanding-sichuan-suining,CEIC图表：2019年=31700.000百万人民币,D
CN-510900,遂宁市,2020,386.00000,38600.000,disclosed,SRC-SECONDARY-CEIC-CN-510900,https://www.ceicdata.com/zh-hans/china/local-government-debt-prefecture-level-city-outstanding/cn-local-government-debt-outstanding-sichuan-suining,CEIC图表：2020年=38600.000百万人民币,D
CN-510900,遂宁市,2021,499.50000,49950.000,disclosed,SRC-SECONDARY-CEIC-CN-510900,https://www.ceicdata.com/zh-hans/china/local-government-debt-prefecture-level-city-outstanding/cn-local-government-debt-outstanding-sichuan-suining,CEIC图表：2021年=49950.000百万人民币,D
CN-510900,遂宁市,2022,606.70000,60670.000,disclosed,SRC-SECONDARY-CEIC-CN-510900,https://www.ceicdata.com/zh-hans/china/local-government-debt-prefecture-level-city-outstanding/cn-local-government-debt-outstanding-sichuan-suining,CEIC图表：2022年=60670.000百万人民币,D
CN-510900,遂宁市,2023,755.40000,75540.000,disclosed,SRC-SECONDARY-CEIC-CN-510900,https://www.ceicdata.com/zh-hans/china/local-government-debt-prefecture-level-city-outstanding/cn-local-government-debt-outstanding-sichuan-suining,CEIC图表：2023年=75540.000百万人民币,D
CN-510900,遂宁市,2024,896.90000,89690.000,disclosed,SRC-SECONDARY-CEIC-CN-510900,https://www.ceicdata.com/zh-hans/china/local-government-debt-prefecture-level-city-outstanding/cn-local-government-debt-outstanding-sichuan-suining,CEIC图表：2024年=89690.000百万人民币,D
CN-511100,乐山市,2018,313.00000,31300.000,calculated,SRC-SECONDARY-CEIC-CN-511100,https://www.ceicdata.com/zh-hans/china/local-government-debt-prefecture-level-city-outstanding/cn-local-government-debt-outstanding-general-sichuan-leshan;https://www.ceicdata.com/zh-hans/china/local-government-debt-prefecture-level-city-outstanding/cn-local-government-debt-outstanding-special-sichuan-leshan,CEIC一般+专项分项：一般=19900.000，专项=11400.000百万人民币；合计为计算值,D
CN-511100,乐山市,2019,382.00000,38200.000,calculated,SRC-SECONDARY-CEIC-CN-511100,https://www.ceicdata.com/zh-hans/china/local-government-debt-prefecture-level-city-outstanding/cn-local-government-debt-outstanding-general-sichuan-leshan;https://www.ceicdata.com/zh-hans/china/local-government-debt-prefecture-level-city-outstanding/cn-local-government-debt-outstanding-special-sichuan-leshan,CEIC一般+专项分项：一般=22900.000，专项=15300.000百万人民币；合计为计算值,D
CN-511100,乐山市,2020,443.00000,44300.000,calculated,SRC-SECONDARY-CEIC-CN-511100,https://www.ceicdata.com/zh-hans/china/local-government-debt-prefecture-level-city-outstanding/cn-local-government-debt-outstanding-general-sichuan-leshan;https://www.ceicdata.com/zh-hans/china/local-government-debt-prefecture-level-city-outstanding/cn-local-government-debt-outstanding-special-sichuan-leshan,CEIC一般+专项分项：一般=21200.000，专项=23100.000百万人民币；合计为计算值,D
CN-511100,乐山市,2021,557.90000,55790.000,calculated,SRC-SECONDARY-CEIC-CN-511100,https://www.ceicdata.com/zh-hans/china/local-government-debt-prefecture-level-city-outstanding/cn-local-government-debt-outstanding-general-sichuan-leshan;https://www.ceicdata.com/zh-hans/china/local-government-debt-prefecture-level-city-outstanding/cn-local-government-debt-outstanding-special-sichuan-leshan,CEIC一般+专项分项：一般=21850.000，专项=33940.000百万人民币；合计为计算值,D
CN-511100,乐山市,2022,642.60000,64260.000,calculated,SRC-SECONDARY-CEIC-CN-511100,https://www.ceicdata.com/zh-hans/china/local-government-debt-prefecture-level-city-outstanding/cn-local-government-debt-outstanding-general-sichuan-leshan;https://www.ceicdata.com/zh-hans/china/local-government-debt-prefecture-level-city-outstanding/cn-local-government-debt-outstanding-special-sichuan-leshan,CEIC一般+专项分项：一般=21920.000，专项=42340.000百万人民币；合计为计算值,D
CN-511100,乐山市,2023,747.90000,74790.000,calculated,SRC-SECONDARY-CEIC-CN-511100,https://www.ceicdata.com/zh-hans/china/local-government-debt-prefecture-level-city-outstanding/cn-local-government-debt-outstanding-general-sichuan-leshan;https://www.ceicdata.com/zh-hans/china/local-government-debt-prefecture-level-city-outstanding/cn-local-government-debt-outstanding-special-sichuan-leshan,CEIC一般+专项分项：一般=23460.000，专项=51330.000百万人民币；合计为计算值,D
CN-511100,乐山市,2024,919.50000,91950.000,calculated,SRC-SECONDARY-CEIC-CN-511100,https://www.ceicdata.com/zh-hans/china/local-government-debt-prefecture-level-city-outstanding/cn-local-government-debt-outstanding-general-sichuan-leshan;https://www.ceicdata.com/zh-hans/china/local-government-debt-prefecture-level-city-outstanding/cn-local-government-debt-outstanding-special-sichuan-leshan,CEIC一般+专项分项：一般=25170.000，专项=66780.000百万人民币；合计为计算值,D
CN-511300,南充市,2018,668.00000,66800.000,calculated,SRC-SECONDARY-CEIC-CN-511300,https://www.ceicdata.com/zh-hans/china/local-government-debt-prefecture-level-city-outstanding/cn-local-government-debt-outstanding-general-sichuan-nanchong;https://www.ceicdata.com/zh-hans/china/local-government-debt-prefecture-level-city-outstanding/cn-local-government-debt-outstanding-special-sichuan-nanchong,CEIC一般+专项分项：一般=33400.000，专项=33400.000百万人民币；合计为计算值,D
CN-511300,南充市,2019,744.00000,74400.000,calculated,SRC-SECONDARY-CEIC-CN-511300,https://www.ceicdata.com/zh-hans/china/local-government-debt-prefecture-level-city-outstanding/cn-local-government-debt-outstanding-general-sichuan-nanchong;https://www.ceicdata.com/zh-hans/china/local-government-debt-prefecture-level-city-outstanding/cn-local-government-debt-outstanding-special-sichuan-nanchong,CEIC一般+专项分项：一般=37100.000，专项=37300.000百万人民币；合计为计算值,D
CN-511300,南充市,2020,793.00000,79300.000,calculated,SRC-SECONDARY-CEIC-CN-511300,https://www.ceicdata.com/zh-hans/china/local-government-debt-prefecture-level-city-outstanding/cn-local-government-debt-outstanding-general-sichuan-nanchong;https://www.ceicdata.com/zh-hans/china/local-government-debt-prefecture-level-city-outstanding/cn-local-government-debt-outstanding-special-sichuan-nanchong,CEIC一般+专项分项：一般=34800.000，专项=44500.000百万人民币；合计为计算值,D
CN-511300,南充市,2021,886.30000,88630.000,calculated,SRC-SECONDARY-CEIC-CN-511300,https://www.ceicdata.com/zh-hans/china/local-government-debt-prefecture-level-city-outstanding/cn-local-government-debt-outstanding-general-sichuan-nanchong;https://www.ceicdata.com/zh-hans/china/local-government-debt-prefecture-level-city-outstanding/cn-local-government-debt-outstanding-special-sichuan-nanchong,CEIC一般+专项分项：一般=35720.000，专项=52910.000百万人民币；合计为计算值,D
CN-511300,南充市,2022,986.70000,98670.000,calculated,SRC-SECONDARY-CEIC-CN-511300,https://www.ceicdata.com/zh-hans/china/local-government-debt-prefecture-level-city-outstanding/cn-local-government-debt-outstanding-general-sichuan-nanchong;https://www.ceicdata.com/zh-hans/china/local-government-debt-prefecture-level-city-outstanding/cn-local-government-debt-outstanding-special-sichuan-nanchong,CEIC一般+专项分项：一般=35980.000，专项=62690.000百万人民币；合计为计算值,D
CN-511300,南充市,2023,1111.00000,111100.000,calculated,SRC-SECONDARY-CEIC-CN-511300,https://www.ceicdata.com/zh-hans/china/local-government-debt-prefecture-level-city-outstanding/cn-local-government-debt-outstanding-general-sichuan-nanchong;https://www.ceicdata.com/zh-hans/china/local-government-debt-prefecture-level-city-outstanding/cn-local-government-debt-outstanding-special-sichuan-nanchong,CEIC一般+专项分项：一般=37930.000，专项=73170.000百万人民币；合计为计算值,D
CN-511300,南充市,2024,1311.70000,131170.000,calculated,SRC-SECONDARY-CEIC-CN-511300,https://www.ceicdata.com/zh-hans/china/local-government-debt-prefecture-level-city-outstanding/cn-local-government-debt-outstanding-general-sichuan-nanchong;https://www.ceicdata.com/zh-hans/china/local-government-debt-prefecture-level-city-outstanding/cn-local-government-debt-outstanding-special-sichuan-nanchong,CEIC一般+专项分项：一般=41230.000，专项=89940.000百万人民币；合计为计算值,D
CN-511500,宜宾市,2018,401.00000,40100.000,calculated,SRC-SECONDARY-CEIC-CN-511500,https://www.ceicdata.com/zh-hans/china/local-government-debt-prefecture-level-city-outstanding/cn-local-government-debt-outstanding-general-sichuan-yibin;https://www.ceicdata.com/zh-hans/china/local-government-debt-prefecture-level-city-outstanding/cn-local-government-debt-outstanding-special-sichuan-yibin,CEIC一般+专项分项：一般=22800.000，专项=17300.000百万人民币；合计为计算值,D
CN-511500,宜宾市,2019,471.00000,47100.000,calculated,SRC-SECONDARY-CEIC-CN-511500,https://www.ceicdata.com/zh-hans/china/local-government-debt-prefecture-level-city-outstanding/cn-local-government-debt-outstanding-general-sichuan-yibin;https://www.ceicdata.com/zh-hans/china/local-government-debt-prefecture-level-city-outstanding/cn-local-government-debt-outstanding-special-sichuan-yibin,CEIC一般+专项分项：一般=24700.000，专项=22400.000百万人民币；合计为计算值,D
CN-511500,宜宾市,2020,579.00000,57900.000,calculated,SRC-SECONDARY-CEIC-CN-511500,https://www.ceicdata.com/zh-hans/china/local-government-debt-prefecture-level-city-outstanding/cn-local-government-debt-outstanding-general-sichuan-yibin;https://www.ceicdata.com/zh-hans/china/local-government-debt-prefecture-level-city-outstanding/cn-local-government-debt-outstanding-special-sichuan-yibin,CEIC一般+专项分项：一般=24900.000，专项=33000.000百万人民币；合计为计算值,D
CN-511500,宜宾市,2021,742.00000,74200.000,calculated,SRC-SECONDARY-CEIC-CN-511500,https://www.ceicdata.com/zh-hans/china/local-government-debt-prefecture-level-city-outstanding/cn-local-government-debt-outstanding-general-sichuan-yibin;https://www.ceicdata.com/zh-hans/china/local-government-debt-prefecture-level-city-outstanding/cn-local-government-debt-outstanding-special-sichuan-yibin,CEIC一般+专项分项：一般=28910.000，专项=45290.000百万人民币；合计为计算值,D
CN-511500,宜宾市,2022,903.70000,90370.000,calculated,SRC-SECONDARY-CEIC-CN-511500,https://www.ceicdata.com/zh-hans/china/local-government-debt-prefecture-level-city-outstanding/cn-local-government-debt-outstanding-general-sichuan-yibin;https://www.ceicdata.com/zh-hans/china/local-government-debt-prefecture-level-city-outstanding/cn-local-government-debt-outstanding-special-sichuan-yibin,CEIC一般+专项分项：一般=29140.000，专项=61230.000百万人民币；合计为计算值,D
CN-511500,宜宾市,2023,1101.90000,110190.000,calculated,SRC-SECONDARY-CEIC-CN-511500,https://www.ceicdata.com/zh-hans/china/local-government-debt-prefecture-level-city-outstanding/cn-local-government-debt-outstanding-general-sichuan-yibin;https://www.ceicdata.com/zh-hans/china/local-government-debt-prefecture-level-city-outstanding/cn-local-government-debt-outstanding-special-sichuan-yibin,CEIC一般+专项分项：一般=32250.000，专项=77940.000百万人民币；合计为计算值,D
CN-511500,宜宾市,2024,1348.30000,134830.000,calculated,SRC-SECONDARY-CEIC-CN-511500,https://www.ceicdata.com/zh-hans/china/local-government-debt-prefecture-level-city-outstanding/cn-local-government-debt-outstanding-general-sichuan-yibin;https://www.ceicdata.com/zh-hans/china/local-government-debt-prefecture-level-city-outstanding/cn-local-government-debt-outstanding-special-sichuan-yibin,CEIC一般+专项分项：一般=35260.000，专项=99570.000百万人民币；合计为计算值,D
CN-511600,广安市,2018,273.00000,27300.000,disclosed,SRC-SECONDARY-CEIC-CN-511600,https://www.ceicdata.com/zh-hans/china/local-government-debt-prefecture-level-city-outstanding/cn-local-government-debt-outstanding-sichuan-guangan,CEIC图表：2018年=27300.000百万人民币,D
CN-511600,广安市,2019,309.00000,30900.000,disclosed,SRC-SECONDARY-CEIC-CN-511600,https://www.ceicdata.com/zh-hans/china/local-government-debt-prefecture-level-city-outstanding/cn-local-government-debt-outstanding-sichuan-guangan,CEIC图表：2019年=30900.000百万人民币,D
CN-511600,广安市,2020,381.00000,38100.000,disclosed,SRC-SECONDARY-CEIC-CN-511600,https://www.ceicdata.com/zh-hans/china/local-government-debt-prefecture-level-city-outstanding/cn-local-government-debt-outstanding-sichuan-guangan,CEIC图表：2020年=38100.000百万人民币,D
CN-511600,广安市,2021,454.30000,45430.000,disclosed,SRC-SECONDARY-CEIC-CN-511600,https://www.ceicdata.com/zh-hans/china/local-government-debt-prefecture-level-city-outstanding/cn-local-government-debt-outstanding-sichuan-guangan,CEIC图表：2021年=45430.000百万人民币,D
CN-511600,广安市,2022,561.40000,56140.000,disclosed,SRC-SECONDARY-CEIC-CN-511600,https://www.ceicdata.com/zh-hans/china/local-government-debt-prefecture-level-city-outstanding/cn-local-government-debt-outstanding-sichuan-guangan,CEIC图表：2022年=56140.000百万人民币,D
CN-511600,广安市,2023,678.10000,67810.000,disclosed,SRC-SECONDARY-CEIC-CN-511600,https://www.ceicdata.com/zh-hans/china/local-government-debt-prefecture-level-city-outstanding/cn-local-government-debt-outstanding-sichuan-guangan,CEIC图表：2023年=67810.000百万人民币,D
CN-511600,广安市,2024,812.20000,81220.000,disclosed,SRC-SECONDARY-CEIC-CN-511600,https://www.ceicdata.com/zh-hans/china/local-government-debt-prefecture-level-city-outstanding/cn-local-government-debt-outstanding-sichuan-guangan,CEIC图表：2024年=81220.000百万人民币,D
CN-511700,达州市,2018,461.00000,46100.000,disclosed,SRC-SECONDARY-CEIC-CN-511700,https://www.ceicdata.com/zh-hans/china/local-government-debt-prefecture-level-city-outstanding/cn-local-government-debt-outstanding-sichuan-dazhou,CEIC图表：2018年=46100.000百万人民币,D
CN-511700,达州市,2019,507.00000,50700.000,disclosed,SRC-SECONDARY-CEIC-CN-511700,https://www.ceicdata.com/zh-hans/china/local-government-debt-prefecture-level-city-outstanding/cn-local-government-debt-outstanding-sichuan-dazhou,CEIC图表：2019年=50700.000百万人民币,D
CN-511700,达州市,2020,603.00000,60300.000,disclosed,SRC-SECONDARY-CEIC-CN-511700,https://www.ceicdata.com/zh-hans/china/local-government-debt-prefecture-level-city-outstanding/cn-local-government-debt-outstanding-sichuan-dazhou,CEIC图表：2020年=60300.000百万人民币,D
CN-511700,达州市,2021,740.40000,74040.000,disclosed,SRC-SECONDARY-CEIC-CN-511700,https://www.ceicdata.com/zh-hans/china/local-government-debt-prefecture-level-city-outstanding/cn-local-government-debt-outstanding-sichuan-dazhou,CEIC图表：2021年=74040.000百万人民币,D
CN-511700,达州市,2022,870.70000,87070.000,disclosed,SRC-SECONDARY-CEIC-CN-511700,https://www.ceicdata.com/zh-hans/china/local-government-debt-prefecture-level-city-outstanding/cn-local-government-debt-outstanding-sichuan-dazhou,CEIC图表：2022年=87070.000百万人民币,D
CN-511700,达州市,2023,1006.20000,100620.000,disclosed,SRC-SECONDARY-CEIC-CN-511700,https://www.ceicdata.com/zh-hans/china/local-government-debt-prefecture-level-city-outstanding/cn-local-government-debt-outstanding-sichuan-dazhou,CEIC图表：2023年=100620.000百万人民币,D
CN-511700,达州市,2024,1207.70000,120770.000,disclosed,SRC-SECONDARY-CEIC-CN-511700,https://www.ceicdata.com/zh-hans/china/local-government-debt-prefecture-level-city-outstanding/cn-local-government-debt-outstanding-sichuan-dazhou,CEIC图表：2024年=120770.000百万人民币,D
CN-511800,雅安市,2018,113.00000,11300.000,disclosed,SRC-SECONDARY-CEIC-CN-511800,https://www.ceicdata.com/zh-hans/china/local-government-debt-prefecture-level-city-outstanding/cn-local-government-debt-outstanding-sichuan-yaan,CEIC图表：2018年=11300.000百万人民币,D
CN-511800,雅安市,2019,136.00000,13600.000,disclosed,SRC-SECONDARY-CEIC-CN-511800,https://www.ceicdata.com/zh-hans/china/local-government-debt-prefecture-level-city-outstanding/cn-local-government-debt-outstanding-sichuan-yaan,CEIC图表：2019年=13600.000百万人民币,D
CN-511800,雅安市,2020,189.00000,18900.000,disclosed,SRC-SECONDARY-CEIC-CN-511800,https://www.ceicdata.com/zh-hans/china/local-government-debt-prefecture-level-city-outstanding/cn-local-government-debt-outstanding-sichuan-yaan,CEIC图表：2020年=18900.000百万人民币,D
CN-511800,雅安市,2021,241.00000,24100.000,disclosed,SRC-SECONDARY-CEIC-CN-511800,https://www.ceicdata.com/zh-hans/china/local-government-debt-prefecture-level-city-outstanding/cn-local-government-debt-outstanding-sichuan-yaan,CEIC图表：2021年=24100.000百万人民币,D
CN-511800,雅安市,2022,301.50000,30150.000,disclosed,SRC-SECONDARY-CEIC-CN-511800,https://www.ceicdata.com/zh-hans/china/local-government-debt-prefecture-level-city-outstanding/cn-local-government-debt-outstanding-sichuan-yaan,CEIC图表：2022年=30150.000百万人民币,D
CN-511800,雅安市,2023,367.30000,36730.000,disclosed,SRC-SECONDARY-CEIC-CN-511800,https://www.ceicdata.com/zh-hans/china/local-government-debt-prefecture-level-city-outstanding/cn-local-government-debt-outstanding-sichuan-yaan,CEIC图表：2023年=36730.000百万人民币,D
CN-511800,雅安市,2024,440.70000,44070.000,disclosed,SRC-SECONDARY-CEIC-CN-511800,https://www.ceicdata.com/zh-hans/china/local-government-debt-prefecture-level-city-outstanding/cn-local-government-debt-outstanding-sichuan-yaan,CEIC图表：2024年=44070.000百万人民币,D
CN-511900,巴中市,2018,444.00000,44400.000,disclosed,SRC-SECONDARY-CEIC-CN-511900,https://www.ceicdata.com/zh-hans/china/local-government-debt-prefecture-level-city-outstanding/cn-local-government-debt-outstanding-sichuan-bazhong,CEIC图表：2018年=44400.000百万人民币,D
CN-511900,巴中市,2019,468.00000,46800.000,disclosed,SRC-SECONDARY-CEIC-CN-511900,https://www.ceicdata.com/zh-hans/china/local-government-debt-prefecture-level-city-outstanding/cn-local-government-debt-outstanding-sichuan-bazhong,CEIC图表：2019年=46800.000百万人民币,D
CN-511900,巴中市,2020,528.00000,52800.000,disclosed,SRC-SECONDARY-CEIC-CN-511900,https://www.ceicdata.com/zh-hans/china/local-government-debt-prefecture-level-city-outstanding/cn-local-government-debt-outstanding-sichuan-bazhong,CEIC图表：2020年=52800.000百万人民币,D
CN-511900,巴中市,2021,683.30000,68330.000,disclosed,SRC-SECONDARY-CEIC-CN-511900,https://www.ceicdata.com/zh-hans/china/local-government-debt-prefecture-level-city-outstanding/cn-local-government-debt-outstanding-sichuan-bazhong,CEIC图表：2021年=68330.000百万人民币,D
CN-511900,巴中市,2022,728.90000,72890.000,disclosed,SRC-SECONDARY-CEIC-CN-511900,https://www.ceicdata.com/zh-hans/china/local-government-debt-prefecture-level-city-outstanding/cn-local-government-debt-outstanding-sichuan-bazhong,CEIC图表：2022年=72890.000百万人民币,D
CN-511900,巴中市,2023,800.40000,80040.000,disclosed,SRC-SECONDARY-CEIC-CN-511900,https://www.ceicdata.com/zh-hans/china/local-government-debt-prefecture-level-city-outstanding/cn-local-government-debt-outstanding-sichuan-bazhong,CEIC图表：2023年=80040.000百万人民币,D
CN-511900,巴中市,2024,951.30000,95130.000,disclosed,SRC-SECONDARY-CEIC-CN-511900,https://www.ceicdata.com/zh-hans/china/local-government-debt-prefecture-level-city-outstanding/cn-local-government-debt-outstanding-sichuan-bazhong,CEIC图表：2024年=95130.000百万人民币,D
CN-520100,贵阳市,2024,3769.48000,376948.000,disclosed,SRC-SECONDARY-CEIC-CN-520100,https://www.ceicdata.com/zh-hans/china/local-government-debt-prefecture-level-city-outstanding/cn-local-government-debt-outstanding-guizhou-guiyang,CEIC页面元数据同比基准：2024年=376948.000百万人民币,D
CN-520100,贵阳市,2025,4329.89000,432989.000,disclosed,SRC-SECONDARY-CEIC-CN-520100,https://www.ceicdata.com/zh-hans/china/local-government-debt-prefecture-level-city-outstanding/cn-local-government-debt-outstanding-guizhou-guiyang,CEIC页面元数据：2025年=432989.000百万人民币,D
CN-520200,六盘水市,2024,1131.78000,113178.000,disclosed,SRC-SECONDARY-CEIC-CN-520200,https://www.ceicdata.com/zh-hans/china/local-government-debt-prefecture-level-city-outstanding/cn-local-government-debt-outstanding-guizhou-liupanshui,CEIC页面元数据同比基准：2024年=113178.000百万人民币,D
CN-520200,六盘水市,2025,1267.35000,126735.000,disclosed,SRC-SECONDARY-CEIC-CN-520200,https://www.ceicdata.com/zh-hans/china/local-government-debt-prefecture-level-city-outstanding/cn-local-government-debt-outstanding-guizhou-liupanshui,CEIC页面元数据：2025年=126735.000百万人民币,D
CN-520400,安顺市,2024,841.71000,84171.000,disclosed,SRC-SECONDARY-CEIC-CN-520400,https://www.ceicdata.com/zh-hans/china/local-government-debt-prefecture-level-city-outstanding/cn-local-government-debt-outstanding-guizhou-anshun,CEIC页面元数据同比基准：2024年=84171.000百万人民币,D
CN-520400,安顺市,2025,844.80000,84480.000,disclosed,SRC-SECONDARY-CEIC-CN-520400,https://www.ceicdata.com/zh-hans/china/local-government-debt-prefecture-level-city-outstanding/cn-local-government-debt-outstanding-guizhou-anshun,CEIC页面元数据：2025年=84480.000百万人民币,D
CN-520600,铜仁市,2024,1422.88000,142288.000,calculated,SRC-SECONDARY-CEIC-CN-520600,https://www.ceicdata.com/zh-hans/china/local-government-debt-prefecture-level-city-outstanding/cn-local-government-debt-outstanding-general-guizhou-tongren;https://www.ceicdata.com/zh-hans/china/local-government-debt-prefecture-level-city-outstanding/cn-local-government-debt-outstanding-special-guizhou-tongren,CEIC一般+专项分项：一般=81113.000，专项=61175.000百万人民币；合计为计算值,D
CN-520600,铜仁市,2025,1517.67000,151767.000,calculated,SRC-SECONDARY-CEIC-CN-520600,https://www.ceicdata.com/zh-hans/china/local-government-debt-prefecture-level-city-outstanding/cn-local-government-debt-outstanding-general-guizhou-tongren;https://www.ceicdata.com/zh-hans/china/local-government-debt-prefecture-level-city-outstanding/cn-local-government-debt-outstanding-special-guizhou-tongren,CEIC一般+专项分项：一般=82266.000，专项=69501.000百万人民币；合计为计算值,D
CN-530300,曲靖市,2018,282.30000,28230.000,disclosed,SRC-SECONDARY-CEIC-CN-530300,https://www.ceicdata.com/zh-hans/china/local-government-debt-prefecture-level-city-outstanding/cn-local-government-debt-outstanding-yunnan-qujing,CEIC图表：2018年=28230.000百万人民币,D
CN-530300,曲靖市,2019,362.00000,36200.000,disclosed,SRC-SECONDARY-CEIC-CN-530300,https://www.ceicdata.com/zh-hans/china/local-government-debt-prefecture-level-city-outstanding/cn-local-government-debt-outstanding-yunnan-qujing,CEIC图表：2019年=36200.000百万人民币,D
CN-530300,曲靖市,2020,508.40000,50840.000,disclosed,SRC-SECONDARY-CEIC-CN-530300,https://www.ceicdata.com/zh-hans/china/local-government-debt-prefecture-level-city-outstanding/cn-local-government-debt-outstanding-yunnan-qujing,CEIC图表：2020年=50840.000百万人民币,D
CN-530300,曲靖市,2021,614.92000,61492.000,disclosed,SRC-SECONDARY-CEIC-CN-530300,https://www.ceicdata.com/zh-hans/china/local-government-debt-prefecture-level-city-outstanding/cn-local-government-debt-outstanding-yunnan-qujing,CEIC图表：2021年=61492.000百万人民币,D
CN-530300,曲靖市,2022,773.41000,77341.000,disclosed,SRC-SECONDARY-CEIC-CN-530300,https://www.ceicdata.com/zh-hans/china/local-government-debt-prefecture-level-city-outstanding/cn-local-government-debt-outstanding-yunnan-qujing,CEIC图表：2022年=77341.000百万人民币,D
CN-530300,曲靖市,2023,943.40000,94340.000,disclosed,SRC-SECONDARY-CEIC-CN-530300,https://www.ceicdata.com/zh-hans/china/local-government-debt-prefecture-level-city-outstanding/cn-local-government-debt-outstanding-yunnan-qujing,CEIC图表：2023年=94340.000百万人民币,D
CN-530300,曲靖市,2024,1055.10000,105510.000,disclosed,SRC-SECONDARY-CEIC-CN-530300,https://www.ceicdata.com/zh-hans/china/local-government-debt-prefecture-level-city-outstanding/cn-local-government-debt-outstanding-yunnan-qujing,CEIC页面元数据同比基准：2024年=105510.000百万人民币,D
CN-530300,曲靖市,2025,1183.29000,118329.000,disclosed,SRC-SECONDARY-CEIC-CN-530300,https://www.ceicdata.com/zh-hans/china/local-government-debt-prefecture-level-city-outstanding/cn-local-government-debt-outstanding-yunnan-qujing,CEIC页面元数据：2025年=118329.000百万人民币,D
CN-530500,保山市,2018,267.20000,26720.000,disclosed,SRC-SECONDARY-CEIC-CN-530500,https://www.ceicdata.com/zh-hans/china/local-government-debt-prefecture-level-city-outstanding/cn-local-government-debt-outstanding-yunnan-baoshan,CEIC图表：2018年=26720.000百万人民币,D
CN-530500,保山市,2019,318.50000,31850.000,disclosed,SRC-SECONDARY-CEIC-CN-530500,https://www.ceicdata.com/zh-hans/china/local-government-debt-prefecture-level-city-outstanding/cn-local-government-debt-outstanding-yunnan-baoshan,CEIC图表：2019年=31850.000百万人民币,D
CN-530500,保山市,2020,390.80000,39080.000,disclosed,SRC-SECONDARY-CEIC-CN-530500,https://www.ceicdata.com/zh-hans/china/local-government-debt-prefecture-level-city-outstanding/cn-local-government-debt-outstanding-yunnan-baoshan,CEIC图表：2020年=39080.000百万人民币,D
CN-530500,保山市,2021,431.08000,43108.000,disclosed,SRC-SECONDARY-CEIC-CN-530500,https://www.ceicdata.com/zh-hans/china/local-government-debt-prefecture-level-city-outstanding/cn-local-government-debt-outstanding-yunnan-baoshan,CEIC图表：2021年=43108.000百万人民币,D
CN-530500,保山市,2022,449.83000,44983.000,disclosed,SRC-SECONDARY-CEIC-CN-530500,https://www.ceicdata.com/zh-hans/china/local-government-debt-prefecture-level-city-outstanding/cn-local-government-debt-outstanding-yunnan-baoshan,CEIC图表：2022年=44983.000百万人民币,D
CN-530500,保山市,2023,631.80000,63180.000,disclosed,SRC-SECONDARY-CEIC-CN-530500,https://www.ceicdata.com/zh-hans/china/local-government-debt-prefecture-level-city-outstanding/cn-local-government-debt-outstanding-yunnan-baoshan,CEIC图表：2023年=63180.000百万人民币,D
CN-530500,保山市,2024,766.70000,76670.000,disclosed,SRC-SECONDARY-CEIC-CN-530500,https://www.ceicdata.com/zh-hans/china/local-government-debt-prefecture-level-city-outstanding/cn-local-government-debt-outstanding-yunnan-baoshan,CEIC页面元数据同比基准：2024年=76670.000百万人民币,D
CN-530500,保山市,2025,990.82000,99082.000,disclosed,SRC-SECONDARY-CEIC-CN-530500,https://www.ceicdata.com/zh-hans/china/local-government-debt-prefecture-level-city-outstanding/cn-local-government-debt-outstanding-yunnan-baoshan,CEIC页面元数据：2025年=99082.000百万人民币,D
CN-530600,昭通市,2018,302.90000,30290.000,disclosed,SRC-SECONDARY-CEIC-CN-530600,https://www.ceicdata.com/zh-hans/china/local-government-debt-prefecture-level-city-outstanding/cn-local-government-debt-outstanding-yunnan-zhaotong,CEIC图表：2018年=30290.000百万人民币,D
CN-530600,昭通市,2019,493.60000,49360.000,disclosed,SRC-SECONDARY-CEIC-CN-530600,https://www.ceicdata.com/zh-hans/china/local-government-debt-prefecture-level-city-outstanding/cn-local-government-debt-outstanding-yunnan-zhaotong,CEIC图表：2019年=49360.000百万人民币,D
CN-530600,昭通市,2020,575.00000,57500.000,disclosed,SRC-SECONDARY-CEIC-CN-530600,https://www.ceicdata.com/zh-hans/china/local-government-debt-prefecture-level-city-outstanding/cn-local-government-debt-outstanding-yunnan-zhaotong,CEIC图表：2020年=57500.000百万人民币,D
CN-530600,昭通市,2021,738.18000,73818.000,disclosed,SRC-SECONDARY-CEIC-CN-530600,https://www.ceicdata.com/zh-hans/china/local-government-debt-prefecture-level-city-outstanding/cn-local-government-debt-outstanding-yunnan-zhaotong,CEIC图表：2021年=73818.000百万人民币,D
CN-530600,昭通市,2022,858.76000,85876.000,disclosed,SRC-SECONDARY-CEIC-CN-530600,https://www.ceicdata.com/zh-hans/china/local-government-debt-prefecture-level-city-outstanding/cn-local-government-debt-outstanding-yunnan-zhaotong,CEIC图表：2022年=85876.000百万人民币,D
CN-530600,昭通市,2023,1089.70000,108970.000,disclosed,SRC-SECONDARY-CEIC-CN-530600,https://www.ceicdata.com/zh-hans/china/local-government-debt-prefecture-level-city-outstanding/cn-local-government-debt-outstanding-yunnan-zhaotong,CEIC图表：2023年=108970.000百万人民币,D
CN-530600,昭通市,2024,1258.20000,125820.000,disclosed,SRC-SECONDARY-CEIC-CN-530600,https://www.ceicdata.com/zh-hans/china/local-government-debt-prefecture-level-city-outstanding/cn-local-government-debt-outstanding-yunnan-zhaotong,CEIC页面元数据同比基准：2024年=125820.000百万人民币,D
CN-530600,昭通市,2025,1405.11000,140511.000,disclosed,SRC-SECONDARY-CEIC-CN-530600,https://www.ceicdata.com/zh-hans/china/local-government-debt-prefecture-level-city-outstanding/cn-local-government-debt-outstanding-yunnan-zhaotong,CEIC页面元数据：2025年=140511.000百万人民币,D
CN-530700,丽江市,2024,453.00000,45300.000,disclosed,SRC-SECONDARY-CEIC-CN-530700,https://www.ceicdata.com/zh-hans/china/local-government-debt-prefecture-level-city-outstanding/cn-local-government-debt-outstanding-yunnan-lijiang,CEIC页面元数据同比基准：2024年=45300.000百万人民币,D
CN-530700,丽江市,2025,478.08000,47808.000,disclosed,SRC-SECONDARY-CEIC-CN-530700,https://www.ceicdata.com/zh-hans/china/local-government-debt-prefecture-level-city-outstanding/cn-local-government-debt-outstanding-yunnan-lijiang,CEIC页面元数据：2025年=47808.000百万人民币,D
CN-610200,铜川市,2018,93.27000,9327.000,calculated,SRC-SECONDARY-CEIC-CN-610200,https://www.ceicdata.com/zh-hans/china/local-government-debt-prefecture-level-city-outstanding/cn-local-government-debt-outstanding-general-shaanxi-tongchuan;https://www.ceicdata.com/zh-hans/china/local-government-debt-prefecture-level-city-outstanding/cn-local-government-debt-outstanding-special-shaanxi-tongchuan,CEIC一般+专项分项：一般=8351.000，专项=976.000百万人民币；合计为计算值,D
CN-610200,铜川市,2019,134.71000,13471.000,calculated,SRC-SECONDARY-CEIC-CN-610200,https://www.ceicdata.com/zh-hans/china/local-government-debt-prefecture-level-city-outstanding/cn-local-government-debt-outstanding-general-shaanxi-tongchuan;https://www.ceicdata.com/zh-hans/china/local-government-debt-prefecture-level-city-outstanding/cn-local-government-debt-outstanding-special-shaanxi-tongchuan,CEIC一般+专项分项：一般=9142.000，专项=4329.000百万人民币；合计为计算值,D
CN-610200,铜川市,2020,162.94000,16294.000,calculated,SRC-SECONDARY-CEIC-CN-610200,https://www.ceicdata.com/zh-hans/china/local-government-debt-prefecture-level-city-outstanding/cn-local-government-debt-outstanding-general-shaanxi-tongchuan;https://www.ceicdata.com/zh-hans/china/local-government-debt-prefecture-level-city-outstanding/cn-local-government-debt-outstanding-special-shaanxi-tongchuan,CEIC一般+专项分项：一般=9355.000，专项=6939.000百万人民币；合计为计算值,D
CN-610200,铜川市,2021,190.62000,19062.000,calculated,SRC-SECONDARY-CEIC-CN-610200,https://www.ceicdata.com/zh-hans/china/local-government-debt-prefecture-level-city-outstanding/cn-local-government-debt-outstanding-general-shaanxi-tongchuan;https://www.ceicdata.com/zh-hans/china/local-government-debt-prefecture-level-city-outstanding/cn-local-government-debt-outstanding-special-shaanxi-tongchuan,CEIC一般+专项分项：一般=9733.000，专项=9329.000百万人民币；合计为计算值,D
CN-610200,铜川市,2022,221.41000,22141.000,calculated,SRC-SECONDARY-CEIC-CN-610200,https://www.ceicdata.com/zh-hans/china/local-government-debt-prefecture-level-city-outstanding/cn-local-government-debt-outstanding-general-shaanxi-tongchuan;https://www.ceicdata.com/zh-hans/china/local-government-debt-prefecture-level-city-outstanding/cn-local-government-debt-outstanding-special-shaanxi-tongchuan,CEIC一般+专项分项：一般=10419.000，专项=11722.000百万人民币；合计为计算值,D
CN-610200,铜川市,2023,273.10000,27310.000,calculated,SRC-SECONDARY-CEIC-CN-610200,https://www.ceicdata.com/zh-hans/china/local-government-debt-prefecture-level-city-outstanding/cn-local-government-debt-outstanding-general-shaanxi-tongchuan;https://www.ceicdata.com/zh-hans/china/local-government-debt-prefecture-level-city-outstanding/cn-local-government-debt-outstanding-special-shaanxi-tongchuan,CEIC一般+专项分项：一般=11190.000，专项=16120.000百万人民币；合计为计算值,D
CN-610200,铜川市,2024,273.12000,27312.000,calculated,SRC-SECONDARY-CEIC-CN-610200,https://www.ceicdata.com/zh-hans/china/local-government-debt-prefecture-level-city-outstanding/cn-local-government-debt-outstanding-general-shaanxi-tongchuan;https://www.ceicdata.com/zh-hans/china/local-government-debt-prefecture-level-city-outstanding/cn-local-government-debt-outstanding-special-shaanxi-tongchuan,CEIC一般+专项分项：一般=11189.000，专项=16123.000百万人民币；合计为计算值,D
CN-610200,铜川市,2025,337.40000,33740.000,calculated,SRC-SECONDARY-CEIC-CN-610200,https://www.ceicdata.com/zh-hans/china/local-government-debt-prefecture-level-city-outstanding/cn-local-government-debt-outstanding-general-shaanxi-tongchuan;https://www.ceicdata.com/zh-hans/china/local-government-debt-prefecture-level-city-outstanding/cn-local-government-debt-outstanding-special-shaanxi-tongchuan,CEIC一般+专项分项：一般=12810.000，专项=20930.000百万人民币；合计为计算值,D
CN-610500,渭南市,2024,806.66000,80666.000,calculated,SRC-SECONDARY-CEIC-CN-610500,https://www.ceicdata.com/zh-hans/china/local-government-debt-prefecture-level-city-outstanding/cn-local-government-debt-outstanding-general-shaanxi-weinan;https://www.ceicdata.com/zh-hans/china/local-government-debt-prefecture-level-city-outstanding/cn-local-government-debt-outstanding-special-shaanxi-weinan,CEIC一般+专项分项：一般=33865.000，专项=46801.000百万人民币；合计为计算值,D
CN-610500,渭南市,2025,948.70000,94870.000,calculated,SRC-SECONDARY-CEIC-CN-610500,https://www.ceicdata.com/zh-hans/china/local-government-debt-prefecture-level-city-outstanding/cn-local-government-debt-outstanding-general-shaanxi-weinan;https://www.ceicdata.com/zh-hans/china/local-government-debt-prefecture-level-city-outstanding/cn-local-government-debt-outstanding-special-shaanxi-weinan,CEIC一般+专项分项：一般=37030.000，专项=57840.000百万人民币；合计为计算值,D
CN-610800,榆林市,2018,326.24000,32624.000,disclosed,SRC-SECONDARY-CEIC-CN-610800,https://www.ceicdata.com/zh-hans/china/local-government-debt-prefecture-level-city-outstanding/cn-local-government-debt-outstanding-shaanxi-yulin,CEIC图表：2018年=32624.000百万人民币,D
CN-610800,榆林市,2019,430.67000,43067.000,disclosed,SRC-SECONDARY-CEIC-CN-610800,https://www.ceicdata.com/zh-hans/china/local-government-debt-prefecture-level-city-outstanding/cn-local-government-debt-outstanding-shaanxi-yulin,CEIC图表：2019年=43067.000百万人民币,D
CN-610800,榆林市,2020,496.04000,49604.000,disclosed,SRC-SECONDARY-CEIC-CN-610800,https://www.ceicdata.com/zh-hans/china/local-government-debt-prefecture-level-city-outstanding/cn-local-government-debt-outstanding-shaanxi-yulin,CEIC图表：2020年=49604.000百万人民币,D
CN-610800,榆林市,2021,405.06000,40506.000,disclosed,SRC-SECONDARY-CEIC-CN-610800,https://www.ceicdata.com/zh-hans/china/local-government-debt-prefecture-level-city-outstanding/cn-local-government-debt-outstanding-shaanxi-yulin,CEIC图表：2021年=40506.000百万人民币,D
CN-610800,榆林市,2022,626.35000,62635.000,disclosed,SRC-SECONDARY-CEIC-CN-610800,https://www.ceicdata.com/zh-hans/china/local-government-debt-prefecture-level-city-outstanding/cn-local-government-debt-outstanding-shaanxi-yulin,CEIC图表：2022年=62635.000百万人民币,D
CN-610800,榆林市,2023,744.30000,74430.000,disclosed,SRC-SECONDARY-CEIC-CN-610800,https://www.ceicdata.com/zh-hans/china/local-government-debt-prefecture-level-city-outstanding/cn-local-government-debt-outstanding-shaanxi-yulin,CEIC图表：2023年=74430.000百万人民币,D
CN-610800,榆林市,2024,744.24000,74424.000,disclosed,SRC-SECONDARY-CEIC-CN-610800,https://www.ceicdata.com/zh-hans/china/local-government-debt-prefecture-level-city-outstanding/cn-local-government-debt-outstanding-shaanxi-yulin,CEIC页面元数据同比基准：2024年=74424.000百万人民币,D
CN-610800,榆林市,2025,859.10000,85910.000,disclosed,SRC-SECONDARY-CEIC-CN-610800,https://www.ceicdata.com/zh-hans/china/local-government-debt-prefecture-level-city-outstanding/cn-local-government-debt-outstanding-shaanxi-yulin,CEIC页面元数据：2025年=85910.000百万人民币,D
CN-610900,安康市,2018,223.48000,22348.000,disclosed,SRC-SECONDARY-CEIC-CN-610900,https://www.ceicdata.com/zh-hans/china/local-government-debt-prefecture-level-city-outstanding/cn-local-government-debt-outstanding-shaanxi-ankang,CEIC图表：2018年=22348.000百万人民币,D
CN-610900,安康市,2019,373.02000,37302.000,disclosed,SRC-SECONDARY-CEIC-CN-610900,https://www.ceicdata.com/zh-hans/china/local-government-debt-prefecture-level-city-outstanding/cn-local-government-debt-outstanding-shaanxi-ankang,CEIC图表：2019年=37302.000百万人民币,D
CN-610900,安康市,2020,430.59000,43059.000,disclosed,SRC-SECONDARY-CEIC-CN-610900,https://www.ceicdata.com/zh-hans/china/local-government-debt-prefecture-level-city-outstanding/cn-local-government-debt-outstanding-shaanxi-ankang,CEIC图表：2020年=43059.000百万人民币,D
CN-610900,安康市,2021,621.22000,62122.000,disclosed,SRC-SECONDARY-CEIC-CN-610900,https://www.ceicdata.com/zh-hans/china/local-government-debt-prefecture-level-city-outstanding/cn-local-government-debt-outstanding-shaanxi-ankang,CEIC图表：2021年=62122.000百万人民币,D
CN-610900,安康市,2022,530.12000,53012.000,disclosed,SRC-SECONDARY-CEIC-CN-610900,https://www.ceicdata.com/zh-hans/china/local-government-debt-prefecture-level-city-outstanding/cn-local-government-debt-outstanding-shaanxi-ankang,CEIC图表：2022年=53012.000百万人民币,D
CN-610900,安康市,2023,641.20000,64120.000,disclosed,SRC-SECONDARY-CEIC-CN-610900,https://www.ceicdata.com/zh-hans/china/local-government-debt-prefecture-level-city-outstanding/cn-local-government-debt-outstanding-shaanxi-ankang,CEIC图表：2023年=64120.000百万人民币,D
CN-610900,安康市,2024,641.00000,64100.000,disclosed,SRC-SECONDARY-CEIC-CN-610900,https://www.ceicdata.com/zh-hans/china/local-government-debt-prefecture-level-city-outstanding/cn-local-government-debt-outstanding-shaanxi-ankang,CEIC页面元数据同比基准：2024年=64100.000百万人民币,D
CN-610900,安康市,2025,775.40000,77540.000,disclosed,SRC-SECONDARY-CEIC-CN-610900,https://www.ceicdata.com/zh-hans/china/local-government-debt-prefecture-level-city-outstanding/cn-local-government-debt-outstanding-shaanxi-ankang,CEIC页面元数据：2025年=77540.000百万人民币,D
CN-611000,商洛市,2024,512.78000,51278.000,calculated,SRC-SECONDARY-CEIC-CN-611000,https://www.ceicdata.com/zh-hans/china/local-government-debt-prefecture-level-city-outstanding/cn-local-government-debt-outstanding-general-shaanxi-shangluo;https://www.ceicdata.com/zh-hans/china/local-government-debt-prefecture-level-city-outstanding/cn-local-government-debt-outstanding-special-shaanxi-shangluo,CEIC一般+专项分项：一般=33703.000，专项=17575.000百万人民币；合计为计算值,D
CN-611000,商洛市,2025,584.10000,58410.000,calculated,SRC-SECONDARY-CEIC-CN-611000,https://www.ceicdata.com/zh-hans/china/local-government-debt-prefecture-level-city-outstanding/cn-local-government-debt-outstanding-general-shaanxi-shangluo;https://www.ceicdata.com/zh-hans/china/local-government-debt-prefecture-level-city-outstanding/cn-local-government-debt-outstanding-special-shaanxi-shangluo,CEIC一般+专项分项：一般=36050.000，专项=22360.000百万人民币；合计为计算值,D
CN-620100,兰州市,2018,522.54700,52254.700,disclosed,SRC-SECONDARY-CEIC-CN-620100,https://www.ceicdata.com/zh-hans/china/local-government-debt-prefecture-level-city-outstanding/cn-local-government-debt-outstanding-gansu-lanzhou,CEIC图表：2018年=52254.700百万人民币,D
CN-620100,兰州市,2019,546.21820,54621.820,disclosed,SRC-SECONDARY-CEIC-CN-620100,https://www.ceicdata.com/zh-hans/china/local-government-debt-prefecture-level-city-outstanding/cn-local-government-debt-outstanding-gansu-lanzhou,CEIC图表：2019年=54621.820百万人民币,D
CN-620100,兰州市,2020,645.60350,64560.350,disclosed,SRC-SECONDARY-CEIC-CN-620100,https://www.ceicdata.com/zh-hans/china/local-government-debt-prefecture-level-city-outstanding/cn-local-government-debt-outstanding-gansu-lanzhou,CEIC图表：2020年=64560.350百万人民币,D
CN-620100,兰州市,2021,726.36251,72636.251,disclosed,SRC-SECONDARY-CEIC-CN-620100,https://www.ceicdata.com/zh-hans/china/local-government-debt-prefecture-level-city-outstanding/cn-local-government-debt-outstanding-gansu-lanzhou,CEIC图表：2021年=72636.251百万人民币,D
CN-620100,兰州市,2022,996.60000,99660.000,disclosed,SRC-SECONDARY-CEIC-CN-620100,https://www.ceicdata.com/zh-hans/china/local-government-debt-prefecture-level-city-outstanding/cn-local-government-debt-outstanding-gansu-lanzhou,CEIC图表：2022年=99660.000百万人民币,D
CN-620100,兰州市,2023,1145.86530,114586.530,disclosed,SRC-SECONDARY-CEIC-CN-620100,https://www.ceicdata.com/zh-hans/china/local-government-debt-prefecture-level-city-outstanding/cn-local-government-debt-outstanding-gansu-lanzhou,CEIC图表：2023年=114586.530百万人民币,D
CN-620100,兰州市,2024,1609.71810,160971.810,disclosed,SRC-SECONDARY-CEIC-CN-620100,https://www.ceicdata.com/zh-hans/china/local-government-debt-prefecture-level-city-outstanding/cn-local-government-debt-outstanding-gansu-lanzhou,CEIC页面元数据同比基准：2024年=160971.810百万人民币,D
CN-620100,兰州市,2025,1979.51000,197951.000,disclosed,SRC-SECONDARY-CEIC-CN-620100,https://www.ceicdata.com/zh-hans/china/local-government-debt-prefecture-level-city-outstanding/cn-local-government-debt-outstanding-gansu-lanzhou,CEIC页面元数据：2025年=197951.000百万人民币,D
CN-620200,嘉峪关市,2018,32.59713,3259.713,calculated,SRC-SECONDARY-CEIC-CN-620200,https://www.ceicdata.com/zh-hans/china/local-government-debt-prefecture-level-city-outstanding/cn-local-government-debt-outstanding-general-gansu-jiayuguan;https://www.ceicdata.com/zh-hans/china/local-government-debt-prefecture-level-city-outstanding/cn-local-government-debt-outstanding-special-gansu-jiayuguan,CEIC一般+专项分项：一般=2249.713，专项=1010.000百万人民币；合计为计算值,D
CN-620200,嘉峪关市,2019,39.43604,3943.604,calculated,SRC-SECONDARY-CEIC-CN-620200,https://www.ceicdata.com/zh-hans/china/local-government-debt-prefecture-level-city-outstanding/cn-local-government-debt-outstanding-general-gansu-jiayuguan;https://www.ceicdata.com/zh-hans/china/local-government-debt-prefecture-level-city-outstanding/cn-local-government-debt-outstanding-special-gansu-jiayuguan,CEIC一般+专项分项：一般=2443.604，专项=1500.000百万人民币；合计为计算值,D
CN-620200,嘉峪关市,2020,47.75394,4775.394,calculated,SRC-SECONDARY-CEIC-CN-620200,https://www.ceicdata.com/zh-hans/china/local-government-debt-prefecture-level-city-outstanding/cn-local-government-debt-outstanding-general-gansu-jiayuguan;https://www.ceicdata.com/zh-hans/china/local-government-debt-prefecture-level-city-outstanding/cn-local-government-debt-outstanding-special-gansu-jiayuguan,CEIC一般+专项分项：一般=2615.394，专项=2160.000百万人民币；合计为计算值,D
CN-620200,嘉峪关市,2021,47.21894,4721.894,calculated,SRC-SECONDARY-CEIC-CN-620200,https://www.ceicdata.com/zh-hans/china/local-government-debt-prefecture-level-city-outstanding/cn-local-government-debt-outstanding-general-gansu-jiayuguan;https://www.ceicdata.com/zh-hans/china/local-government-debt-prefecture-level-city-outstanding/cn-local-government-debt-outstanding-special-gansu-jiayuguan,CEIC一般+专项分项：一般=2612.894，专项=2109.000百万人民币；合计为计算值,D
CN-620400,白银市,2018,125.31273,12531.273,calculated,SRC-SECONDARY-CEIC-CN-620400,https://www.ceicdata.com/zh-hans/china/local-government-debt-prefecture-level-city-outstanding/cn-local-government-debt-outstanding-general-gansu-baiyin;https://www.ceicdata.com/zh-hans/china/local-government-debt-prefecture-level-city-outstanding/cn-local-government-debt-outstanding-special-gansu-baiyin,CEIC一般+专项分项：一般=6643.458，专项=5887.815百万人民币；合计为计算值,D
CN-620400,白银市,2019,156.69010,15669.010,calculated,SRC-SECONDARY-CEIC-CN-620400,https://www.ceicdata.com/zh-hans/china/local-government-debt-prefecture-level-city-outstanding/cn-local-government-debt-outstanding-general-gansu-baiyin;https://www.ceicdata.com/zh-hans/china/local-government-debt-prefecture-level-city-outstanding/cn-local-government-debt-outstanding-special-gansu-baiyin,CEIC一般+专项分项：一般=7907.971，专项=7761.039百万人民币；合计为计算值,D
CN-620400,白银市,2020,194.77991,19477.991,calculated,SRC-SECONDARY-CEIC-CN-620400,https://www.ceicdata.com/zh-hans/china/local-government-debt-prefecture-level-city-outstanding/cn-local-government-debt-outstanding-general-gansu-baiyin;https://www.ceicdata.com/zh-hans/china/local-government-debt-prefecture-level-city-outstanding/cn-local-government-debt-outstanding-special-gansu-baiyin,CEIC一般+专项分项：一般=8974.751，专项=10503.240百万人民币；合计为计算值,D
CN-620400,白银市,2021,192.15973,19215.973,calculated,SRC-SECONDARY-CEIC-CN-620400,https://www.ceicdata.com/zh-hans/china/local-government-debt-prefecture-level-city-outstanding/cn-local-government-debt-outstanding-general-gansu-baiyin;https://www.ceicdata.com/zh-hans/china/local-government-debt-prefecture-level-city-outstanding/cn-local-government-debt-outstanding-special-gansu-baiyin,CEIC一般+专项分项：一般=8953.191，专项=10262.782百万人民币；合计为计算值,D
CN-620600,武威市,2018,97.02155,9702.155,disclosed,SRC-SECONDARY-CEIC-CN-620600,https://www.ceicdata.com/zh-hans/china/local-government-debt-prefecture-level-city-outstanding/cn-local-government-debt-outstanding-gansu-wuwei,CEIC图表：2018年=9702.155百万人民币,D
CN-620600,武威市,2019,131.33410,13133.410,disclosed,SRC-SECONDARY-CEIC-CN-620600,https://www.ceicdata.com/zh-hans/china/local-government-debt-prefecture-level-city-outstanding/cn-local-government-debt-outstanding-gansu-wuwei,CEIC图表：2019年=13133.410百万人民币,D
CN-620600,武威市,2020,157.70570,15770.570,disclosed,SRC-SECONDARY-CEIC-CN-620600,https://www.ceicdata.com/zh-hans/china/local-government-debt-prefecture-level-city-outstanding/cn-local-government-debt-outstanding-gansu-wuwei,CEIC图表：2020年=15770.570百万人民币,D
CN-620600,武威市,2021,157.40219,15740.219,disclosed,SRC-SECONDARY-CEIC-CN-620600,https://www.ceicdata.com/zh-hans/china/local-government-debt-prefecture-level-city-outstanding/cn-local-government-debt-outstanding-gansu-wuwei,CEIC图表：2021年=15740.219百万人民币,D
CN-620700,张掖市,2018,76.84247,7684.247,calculated,SRC-SECONDARY-CEIC-CN-620700,https://www.ceicdata.com/zh-hans/china/local-government-debt-prefecture-level-city-outstanding/cn-local-government-debt-outstanding-general-gansu-zhangye;https://www.ceicdata.com/zh-hans/china/local-government-debt-prefecture-level-city-outstanding/cn-local-government-debt-outstanding-special-gansu-zhangye,CEIC一般+专项分项：一般=5118.401，专项=2565.846百万人民币；合计为计算值,D
CN-620700,张掖市,2019,124.49177,12449.177,calculated,SRC-SECONDARY-CEIC-CN-620700,https://www.ceicdata.com/zh-hans/china/local-government-debt-prefecture-level-city-outstanding/cn-local-government-debt-outstanding-general-gansu-zhangye;https://www.ceicdata.com/zh-hans/china/local-government-debt-prefecture-level-city-outstanding/cn-local-government-debt-outstanding-special-gansu-zhangye,CEIC一般+专项分项：一般=5465.214，专项=6983.963百万人民币；合计为计算值,D
CN-620700,张掖市,2020,178.91685,17891.685,calculated,SRC-SECONDARY-CEIC-CN-620700,https://www.ceicdata.com/zh-hans/china/local-government-debt-prefecture-level-city-outstanding/cn-local-government-debt-outstanding-general-gansu-zhangye;https://www.ceicdata.com/zh-hans/china/local-government-debt-prefecture-level-city-outstanding/cn-local-government-debt-outstanding-special-gansu-zhangye,CEIC一般+专项分项：一般=6002.065，专项=11889.620百万人民币；合计为计算值,D
CN-620700,张掖市,2021,177.77973,17777.973,calculated,SRC-SECONDARY-CEIC-CN-620700,https://www.ceicdata.com/zh-hans/china/local-government-debt-prefecture-level-city-outstanding/cn-local-government-debt-outstanding-general-gansu-zhangye;https://www.ceicdata.com/zh-hans/china/local-government-debt-prefecture-level-city-outstanding/cn-local-government-debt-outstanding-special-gansu-zhangye,CEIC一般+专项分项：一般=5897.100，专项=11880.873百万人民币；合计为计算值,D
CN-621000,庆阳市,2018,147.14570,14714.570,disclosed,SRC-SECONDARY-CEIC-CN-621000,https://www.ceicdata.com/zh-hans/china/local-government-debt-prefecture-level-city-outstanding/cn-local-government-debt-outstanding-gansu-qingyang,CEIC图表：2018年=14714.570百万人民币,D
CN-621000,庆阳市,2019,211.25080,21125.080,disclosed,SRC-SECONDARY-CEIC-CN-621000,https://www.ceicdata.com/zh-hans/china/local-government-debt-prefecture-level-city-outstanding/cn-local-government-debt-outstanding-gansu-qingyang,CEIC图表：2019年=21125.080百万人民币,D
CN-621000,庆阳市,2020,248.79900,24879.900,disclosed,SRC-SECONDARY-CEIC-CN-621000,https://www.ceicdata.com/zh-hans/china/local-government-debt-prefecture-level-city-outstanding/cn-local-government-debt-outstanding-gansu-qingyang,CEIC图表：2020年=24879.900百万人民币,D
CN-621000,庆阳市,2021,246.50786,24650.786,disclosed,SRC-SECONDARY-CEIC-CN-621000,https://www.ceicdata.com/zh-hans/china/local-government-debt-prefecture-level-city-outstanding/cn-local-government-debt-outstanding-gansu-qingyang,CEIC图表：2021年=24650.786百万人民币,D
CN-621100,定西市,2018,84.10649,8410.649,disclosed,SRC-SECONDARY-CEIC-CN-621100,https://www.ceicdata.com/zh-hans/china/local-government-debt-prefecture-level-city-outstanding/cn-local-government-debt-outstanding-gansu-dingxi,CEIC图表：2018年=8410.649百万人民币,D
CN-621100,定西市,2019,143.72690,14372.690,disclosed,SRC-SECONDARY-CEIC-CN-621100,https://www.ceicdata.com/zh-hans/china/local-government-debt-prefecture-level-city-outstanding/cn-local-government-debt-outstanding-gansu-dingxi,CEIC图表：2019年=14372.690百万人民币,D
CN-621100,定西市,2020,175.67950,17567.950,disclosed,SRC-SECONDARY-CEIC-CN-621100,https://www.ceicdata.com/zh-hans/china/local-government-debt-prefecture-level-city-outstanding/cn-local-government-debt-outstanding-gansu-dingxi,CEIC图表：2020年=17567.950百万人民币,D
CN-621100,定西市,2021,175.60058,17560.058,disclosed,SRC-SECONDARY-CEIC-CN-621100,https://www.ceicdata.com/zh-hans/china/local-government-debt-prefecture-level-city-outstanding/cn-local-government-debt-outstanding-gansu-dingxi,CEIC图表：2021年=17560.058百万人民币,D
CN-621200,陇南市,2018,84.02019,8402.019,disclosed,SRC-SECONDARY-CEIC-CN-621200,https://www.ceicdata.com/zh-hans/china/local-government-debt-prefecture-level-city-outstanding/cn-local-government-debt-outstanding-gansu-longnan,CEIC图表：2018年=8402.019百万人民币,D
CN-621200,陇南市,2019,113.45130,11345.130,disclosed,SRC-SECONDARY-CEIC-CN-621200,https://www.ceicdata.com/zh-hans/china/local-government-debt-prefecture-level-city-outstanding/cn-local-government-debt-outstanding-gansu-longnan,CEIC图表：2019年=11345.130百万人民币,D
CN-621200,陇南市,2020,145.87520,14587.520,disclosed,SRC-SECONDARY-CEIC-CN-621200,https://www.ceicdata.com/zh-hans/china/local-government-debt-prefecture-level-city-outstanding/cn-local-government-debt-outstanding-gansu-longnan,CEIC图表：2020年=14587.520百万人民币,D
CN-621200,陇南市,2021,145.01001,14501.001,disclosed,SRC-SECONDARY-CEIC-CN-621200,https://www.ceicdata.com/zh-hans/china/local-government-debt-prefecture-level-city-outstanding/cn-local-government-debt-outstanding-gansu-longnan,CEIC图表：2021年=14501.001百万人民币,D
CN-630100,西宁市,2024,661.63000,66163.000,disclosed,SRC-SECONDARY-CEIC-CN-630100,https://www.ceicdata.com/zh-hans/china/local-government-debt-prefecture-level-city-outstanding/cn-local-government-debt-outstanding-qinghai-xining,CEIC页面元数据同比基准：2024年=66163.000百万人民币,D
CN-630100,西宁市,2025,737.24000,73724.000,disclosed,SRC-SECONDARY-CEIC-CN-630100,https://www.ceicdata.com/zh-hans/china/local-government-debt-prefecture-level-city-outstanding/cn-local-government-debt-outstanding-qinghai-xining,CEIC页面元数据：2025年=73724.000百万人民币,D
CN-640100,银川市,2018,267.07010,26707.010,disclosed,SRC-SECONDARY-CEIC-CN-640100,https://www.ceicdata.com/zh-hans/china/local-government-debt-prefecture-level-city-outstanding/cn-local-government-debt-outstanding-ningxia-yinchuan,CEIC图表：2018年=26707.010百万人民币,D
CN-640100,银川市,2019,306.78000,30678.000,disclosed,SRC-SECONDARY-CEIC-CN-640100,https://www.ceicdata.com/zh-hans/china/local-government-debt-prefecture-level-city-outstanding/cn-local-government-debt-outstanding-ningxia-yinchuan,CEIC图表：2019年=30678.000百万人民币,D
CN-640100,银川市,2020,307.67000,30767.000,disclosed,SRC-SECONDARY-CEIC-CN-640100,https://www.ceicdata.com/zh-hans/china/local-government-debt-prefecture-level-city-outstanding/cn-local-government-debt-outstanding-ningxia-yinchuan,CEIC图表：2020年=30767.000百万人民币,D
CN-640100,银川市,2021,301.92660,30192.660,disclosed,SRC-SECONDARY-CEIC-CN-640100,https://www.ceicdata.com/zh-hans/china/local-government-debt-prefecture-level-city-outstanding/cn-local-government-debt-outstanding-ningxia-yinchuan,CEIC图表：2021年=30192.660百万人民币,D
CN-640100,银川市,2022,312.36880,31236.880,disclosed,SRC-SECONDARY-CEIC-CN-640100,https://www.ceicdata.com/zh-hans/china/local-government-debt-prefecture-level-city-outstanding/cn-local-government-debt-outstanding-ningxia-yinchuan,CEIC图表：2022年=31236.880百万人民币,D
CN-640100,银川市,2023,405.40190,40540.190,disclosed,SRC-SECONDARY-CEIC-CN-640100,https://www.ceicdata.com/zh-hans/china/local-government-debt-prefecture-level-city-outstanding/cn-local-government-debt-outstanding-ningxia-yinchuan,CEIC图表：2023年=40540.190百万人民币,D
CN-640100,银川市,2024,472.40780,47240.780,disclosed,SRC-SECONDARY-CEIC-CN-640100,https://www.ceicdata.com/zh-hans/china/local-government-debt-prefecture-level-city-outstanding/cn-local-government-debt-outstanding-ningxia-yinchuan,CEIC图表：2024年=47240.780百万人民币,D
CN-640200,石嘴山市,2018,72.46190,7246.190,disclosed,SRC-SECONDARY-CEIC-CN-640200,https://www.ceicdata.com/zh-hans/china/local-government-debt-prefecture-level-city-outstanding/cn-local-government-debt-outstanding-ningxia-shizuishan,CEIC图表：2018年=7246.190百万人民币,D
CN-640200,石嘴山市,2019,76.44000,7644.000,disclosed,SRC-SECONDARY-CEIC-CN-640200,https://www.ceicdata.com/zh-hans/china/local-government-debt-prefecture-level-city-outstanding/cn-local-government-debt-outstanding-ningxia-shizuishan,CEIC图表：2019年=7644.000百万人民币,D
CN-640200,石嘴山市,2020,80.62000,8062.000,disclosed,SRC-SECONDARY-CEIC-CN-640200,https://www.ceicdata.com/zh-hans/china/local-government-debt-prefecture-level-city-outstanding/cn-local-government-debt-outstanding-ningxia-shizuishan,CEIC图表：2020年=8062.000百万人民币,D
CN-640200,石嘴山市,2021,81.81970,8181.970,disclosed,SRC-SECONDARY-CEIC-CN-640200,https://www.ceicdata.com/zh-hans/china/local-government-debt-prefecture-level-city-outstanding/cn-local-government-debt-outstanding-ningxia-shizuishan,CEIC图表：2021年=8181.970百万人民币,D
CN-640200,石嘴山市,2022,85.74690,8574.690,disclosed,SRC-SECONDARY-CEIC-CN-640200,https://www.ceicdata.com/zh-hans/china/local-government-debt-prefecture-level-city-outstanding/cn-local-government-debt-outstanding-ningxia-shizuishan,CEIC图表：2022年=8574.690百万人民币,D
CN-640200,石嘴山市,2023,92.90070,9290.070,disclosed,SRC-SECONDARY-CEIC-CN-640200,https://www.ceicdata.com/zh-hans/china/local-government-debt-prefecture-level-city-outstanding/cn-local-government-debt-outstanding-ningxia-shizuishan,CEIC图表：2023年=9290.070百万人民币,D
CN-640200,石嘴山市,2024,100.87780,10087.780,disclosed,SRC-SECONDARY-CEIC-CN-640200,https://www.ceicdata.com/zh-hans/china/local-government-debt-prefecture-level-city-outstanding/cn-local-government-debt-outstanding-ningxia-shizuishan,CEIC图表：2024年=10087.780百万人民币,D
CN-640300,吴忠市,2018,88.22340,8822.340,disclosed,SRC-SECONDARY-CEIC-CN-640300,https://www.ceicdata.com/zh-hans/china/local-government-debt-prefecture-level-city-outstanding/cn-local-government-debt-outstanding-ningxia-wuzhong,CEIC图表：2018年=8822.340百万人民币,D
CN-640300,吴忠市,2019,81.63000,8163.000,disclosed,SRC-SECONDARY-CEIC-CN-640300,https://www.ceicdata.com/zh-hans/china/local-government-debt-prefecture-level-city-outstanding/cn-local-government-debt-outstanding-ningxia-wuzhong,CEIC图表：2019年=8163.000百万人民币,D
CN-640300,吴忠市,2020,107.10000,10710.000,disclosed,SRC-SECONDARY-CEIC-CN-640300,https://www.ceicdata.com/zh-hans/china/local-government-debt-prefecture-level-city-outstanding/cn-local-government-debt-outstanding-ningxia-wuzhong,CEIC图表：2020年=10710.000百万人民币,D
CN-640300,吴忠市,2021,93.17870,9317.870,disclosed,SRC-SECONDARY-CEIC-CN-640300,https://www.ceicdata.com/zh-hans/china/local-government-debt-prefecture-level-city-outstanding/cn-local-government-debt-outstanding-ningxia-wuzhong,CEIC图表：2021年=9317.870百万人民币,D
CN-640300,吴忠市,2022,101.55810,10155.810,disclosed,SRC-SECONDARY-CEIC-CN-640300,https://www.ceicdata.com/zh-hans/china/local-government-debt-prefecture-level-city-outstanding/cn-local-government-debt-outstanding-ningxia-wuzhong,CEIC图表：2022年=10155.810百万人民币,D
CN-640300,吴忠市,2023,146.63280,14663.280,disclosed,SRC-SECONDARY-CEIC-CN-640300,https://www.ceicdata.com/zh-hans/china/local-government-debt-prefecture-level-city-outstanding/cn-local-government-debt-outstanding-ningxia-wuzhong,CEIC图表：2023年=14663.280百万人民币,D
CN-640300,吴忠市,2024,130.90300,13090.300,disclosed,SRC-SECONDARY-CEIC-CN-640300,https://www.ceicdata.com/zh-hans/china/local-government-debt-prefecture-level-city-outstanding/cn-local-government-debt-outstanding-ningxia-wuzhong,CEIC图表：2024年=13090.300百万人民币,D
CN-640500,中卫市,2018,74.36960,7436.960,disclosed,SRC-SECONDARY-CEIC-CN-640500,https://www.ceicdata.com/zh-hans/china/local-government-debt-prefecture-level-city-outstanding/cn-local-government-debt-outstanding-ningxia-zhongwei,CEIC图表：2018年=7436.960百万人民币,D
CN-640500,中卫市,2019,85.78000,8578.000,disclosed,SRC-SECONDARY-CEIC-CN-640500,https://www.ceicdata.com/zh-hans/china/local-government-debt-prefecture-level-city-outstanding/cn-local-government-debt-outstanding-ningxia-zhongwei,CEIC图表：2019年=8578.000百万人民币,D
CN-640500,中卫市,2020,95.02000,9502.000,disclosed,SRC-SECONDARY-CEIC-CN-640500,https://www.ceicdata.com/zh-hans/china/local-government-debt-prefecture-level-city-outstanding/cn-local-government-debt-outstanding-ningxia-zhongwei,CEIC图表：2020年=9502.000百万人民币,D
CN-640500,中卫市,2021,100.14770,10014.770,disclosed,SRC-SECONDARY-CEIC-CN-640500,https://www.ceicdata.com/zh-hans/china/local-government-debt-prefecture-level-city-outstanding/cn-local-government-debt-outstanding-ningxia-zhongwei,CEIC图表：2021年=10014.770百万人民币,D
CN-640500,中卫市,2022,106.41430,10641.430,disclosed,SRC-SECONDARY-CEIC-CN-640500,https://www.ceicdata.com/zh-hans/china/local-government-debt-prefecture-level-city-outstanding/cn-local-government-debt-outstanding-ningxia-zhongwei,CEIC图表：2022年=10641.430百万人民币,D
CN-640500,中卫市,2023,111.44810,11144.810,disclosed,SRC-SECONDARY-CEIC-CN-640500,https://www.ceicdata.com/zh-hans/china/local-government-debt-prefecture-level-city-outstanding/cn-local-government-debt-outstanding-ningxia-zhongwei,CEIC图表：2023年=11144.810百万人民币,D
CN-640500,中卫市,2024,118.92530,11892.530,disclosed,SRC-SECONDARY-CEIC-CN-640500,https://www.ceicdata.com/zh-hans/china/local-government-debt-prefecture-level-city-outstanding/cn-local-government-debt-outstanding-ningxia-zhongwei,CEIC图表：2024年=11892.530百万人民币,D
CN-650100,乌鲁木齐市,2024,2083.50000,208350.000,disclosed,SRC-SECONDARY-CEIC-CN-650100,https://www.ceicdata.com/zh-hans/china/local-government-debt-prefecture-level-city-outstanding/cn-local-government-debt-outstanding-xinjiang-urumqi,CEIC页面元数据同比基准：2024年=208350.000百万人民币,D
CN-650100,乌鲁木齐市,2025,2458.46270,245846.270,disclosed,SRC-SECONDARY-CEIC-CN-650100,https://www.ceicdata.com/zh-hans/china/local-government-debt-prefecture-level-city-outstanding/cn-local-government-debt-outstanding-xinjiang-urumqi,CEIC页面元数据：2025年=245846.270百万人民币,D
CN-650200,克拉玛依市,2024,270.25000,27025.000,disclosed,SRC-SECONDARY-CEIC-CN-650200,https://www.ceicdata.com/zh-hans/china/local-government-debt-prefecture-level-city-outstanding/cn-local-government-debt-outstanding-xinjiang-karamay,CEIC页面元数据同比基准：2024年=27025.000百万人民币,D
CN-650200,克拉玛依市,2025,408.28450,40828.450,disclosed,SRC-SECONDARY-CEIC-CN-650200,https://www.ceicdata.com/zh-hans/china/local-government-debt-prefecture-level-city-outstanding/cn-local-government-debt-outstanding-xinjiang-karamay,CEIC页面元数据：2025年=40828.450百万人民币,D
CN-650400,吐鲁番市,2024,281.65000,28165.000,disclosed,SRC-SECONDARY-CEIC-CN-650400,https://www.ceicdata.com/zh-hans/china/local-government-debt-prefecture-level-city-outstanding/cn-local-government-debt-outstanding-xinjiang-turpan,CEIC页面元数据同比基准：2024年=28165.000百万人民币,D
CN-650400,吐鲁番市,2025,346.44670,34644.670,disclosed,SRC-SECONDARY-CEIC-CN-650400,https://www.ceicdata.com/zh-hans/china/local-government-debt-prefecture-level-city-outstanding/cn-local-government-debt-outstanding-xinjiang-turpan,CEIC页面元数据：2025年=34644.670百万人民币,D
CN-650500,哈密市,2024,354.62000,35462.000,disclosed,SRC-SECONDARY-CEIC-CN-650500,https://www.ceicdata.com/zh-hans/china/local-government-debt-prefecture-level-city-outstanding/cn-local-government-debt-outstanding-xinjiang-hami,CEIC页面元数据同比基准：2024年=35462.000百万人民币,D
CN-650500,哈密市,2025,394.82710,39482.710,disclosed,SRC-SECONDARY-CEIC-CN-650500,https://www.ceicdata.com/zh-hans/china/local-government-debt-prefecture-level-city-outstanding/cn-local-government-debt-outstanding-xinjiang-hami,CEIC页面元数据：2025年=39482.710百万人民币,D
CN-130300,秦皇岛市,2019,495.35260,49535.260,disclosed,SRC-SECONDARY-CEIC-CN-130300,https://www.ceicdata.com/zh-hans/china/local-government-debt-prefecture-level-city-outstanding/cn-local-government-debt-outstanding-hebei-qinhuangdao,CEIC图表：2019年=49535.260百万人民币（SVG数据标签）,D
CN-130700,张家口市,2019,555.55000,55555.000,disclosed,SRC-SECONDARY-CEIC-CN-130700,https://www.ceicdata.com/zh-hans/china/local-government-debt-prefecture-level-city-outstanding/cn-local-government-debt-outstanding-hebei-zhangjiakou,CEIC图表：2019年=55555.000百万人民币（SVG数据标签）,D
CN-360500,新余市,2018,191.28000,19128.000,disclosed,SRC-SECONDARY-CEIC-CN-360500,https://www.ceicdata.com/zh-hans/china/local-government-debt-prefecture-level-city-outstanding/cn-local-government-debt-outstanding-jiangxi-xinyu,CEIC图表：2018年=19128.000百万人民币（SVG数据标签）,D
