city_id,city_name_cn,province_name,metric_year,statutory_debt_balance_100m,source_doc_id,source_url,evidence_excerpt,source_grade,value_origin,table_name,document_title,publisher,publication_date,period_end,source_note
CN-130200,唐山市,河北省,2018,444.85,SRC-SECONDARY-EBS-HEBEI-2018,https://www.10100.com/article/2475649,图表1：唐山市2018年一般债务余额276.23亿元、专项债务余额168.62亿元，合计444.85亿元,B2,chart_digitized,图表1 河北省各地级市2018年政府债务余额、限额情况,中国部分区域地方政府债务情况分析（2018年末）,EBS固收研究公开转载,2019-05-20,2018-12-31,图表标签直接转录并按一般+专项余额相加；作为阶段性补缺值，待河北省及各市财政决算原表复核。
CN-130300,秦皇岛市,河北省,2018,237.32,SRC-SECONDARY-EBS-HEBEI-2018,https://www.10100.com/article/2475649,图表1：秦皇岛市2018年一般债务余额184.59亿元、专项债务余额52.73亿元，合计237.32亿元,B2,chart_digitized,图表1 河北省各地级市2018年政府债务余额、限额情况,中国部分区域地方政府债务情况分析（2018年末）,EBS固收研究公开转载,2019-05-20,2018-12-31,图表标签直接转录并按一般+专项余额相加；作为阶段性补缺值，待河北省及各市财政决算原表复核。
CN-130400,邯郸市,河北省,2018,277.41,SRC-SECONDARY-EBS-HEBEI-2018,https://www.10100.com/article/2475649,图表1：邯郸市2018年一般债务余额149.09亿元、专项债务余额128.32亿元，合计277.41亿元,B2,chart_digitized,图表1 河北省各地级市2018年政府债务余额、限额情况,中国部分区域地方政府债务情况分析（2018年末）,EBS固收研究公开转载,2019-05-20,2018-12-31,图表标签直接转录并按一般+专项余额相加；作为阶段性补缺值，待河北省及各市财政决算原表复核。
CN-130900,沧州市,河北省,2018,376.57,SRC-SECONDARY-EBS-HEBEI-2018,https://www.10100.com/article/2475649,图表1：沧州市2018年一般债务余额181.62亿元、专项债务余额194.95亿元，合计376.57亿元,B2,chart_digitized,图表1 河北省各地级市2018年政府债务余额、限额情况,中国部分区域地方政府债务情况分析（2018年末）,EBS固收研究公开转载,2019-05-20,2018-12-31,图表标签直接转录并按一般+专项余额相加；作为阶段性补缺值，待河北省及各市财政决算原表复核。
CN-131000,廊坊市,河北省,2018,278.95,SRC-SECONDARY-EBS-HEBEI-2018,https://www.10100.com/article/2475649,图表1：廊坊市2018年一般债务余额144.94亿元、专项债务余额134.01亿元，合计278.95亿元,B2,chart_digitized,图表1 河北省各地级市2018年政府债务余额、限额情况,中国部分区域地方政府债务情况分析（2018年末）,EBS固收研究公开转载,2019-05-20,2018-12-31,图表标签直接转录并按一般+专项余额相加；作为阶段性补缺值，待河北省及各市财政决算原表复核。
CN-140100,太原市,山西省,2019,566.7,SRC-SECONDARY-RATING-SHANXI-2019-2021,https://www.lhratings.com/file/683eca55-6bc5-446b-95d0-03c1c4fdf44f.pdf,联合资信《山西篇》图6：太原市2019年柱形图按纵轴刻度转录约566.7亿元,B2,chart_digitized,图6 山西省各地市政府债务余额情况,地方政府与城投企业债务风险研究报告——山西篇,联合资信评估股份有限公司,2022-10-20,2019-12-31,图6柱形高度按公开纵轴刻度转录，作为阶段性补缺值，待各市财政决算原表复核。
CN-140100,太原市,山西省,2020,687.6,SRC-SECONDARY-RATING-SHANXI-2019-2021,https://www.lhratings.com/file/683eca55-6bc5-446b-95d0-03c1c4fdf44f.pdf,联合资信《山西篇》图6：太原市2020年柱形图按纵轴刻度转录约687.6亿元,B2,chart_digitized,图6 山西省各地市政府债务余额情况,地方政府与城投企业债务风险研究报告——山西篇,联合资信评估股份有限公司,2022-10-20,2020-12-31,图6柱形高度按公开纵轴刻度转录，作为阶段性补缺值，待各市财政决算原表复核。
CN-140100,太原市,山西省,2021,799.12,SRC-SECONDARY-RATING-SHANXI-2019-2021,https://www.lhratings.com/file/683eca55-6bc5-446b-95d0-03c1c4fdf44f.pdf,联合资信《山西篇》表8：太原市2021年地方政府债务余额799.12亿元,B2,disclosed,表8 2021年山西省各地市“发债城投企业全部债务+地方政府债务”负担情况,地方政府与城投企业债务风险研究报告——山西篇,联合资信评估股份有限公司,2022-10-20,2021-12-31,表格值为公开研究报告明确列示；图表值按纵轴刻度转录，均待各市财政决算原表复核。
CN-140200,大同市,山西省,2019,364.1,SRC-SECONDARY-RATING-SHANXI-2019-2021,https://www.lhratings.com/file/683eca55-6bc5-446b-95d0-03c1c4fdf44f.pdf,联合资信《山西篇》图6：大同市2019年柱形图按纵轴刻度转录约364.1亿元,B2,chart_digitized,图6 山西省各地市政府债务余额情况,地方政府与城投企业债务风险研究报告——山西篇,联合资信评估股份有限公司,2022-10-20,2019-12-31,图6柱形高度按公开纵轴刻度转录，作为阶段性补缺值，待各市财政决算原表复核。
CN-140200,大同市,山西省,2020,415.5,SRC-SECONDARY-RATING-SHANXI-2019-2021,https://www.lhratings.com/file/683eca55-6bc5-446b-95d0-03c1c4fdf44f.pdf,联合资信《山西篇》图6：大同市2020年柱形图按纵轴刻度转录约415.5亿元,B2,chart_digitized,图6 山西省各地市政府债务余额情况,地方政府与城投企业债务风险研究报告——山西篇,联合资信评估股份有限公司,2022-10-20,2020-12-31,图6柱形高度按公开纵轴刻度转录，作为阶段性补缺值，待各市财政决算原表复核。
CN-140200,大同市,山西省,2021,456.19,SRC-SECONDARY-RATING-SHANXI-2019-2021,https://www.lhratings.com/file/683eca55-6bc5-446b-95d0-03c1c4fdf44f.pdf,联合资信《山西篇》表8：大同市2021年地方政府债务余额456.19亿元,B2,disclosed,表8 2021年山西省各地市“发债城投企业全部债务+地方政府债务”负担情况,地方政府与城投企业债务风险研究报告——山西篇,联合资信评估股份有限公司,2022-10-20,2021-12-31,表格值为公开研究报告明确列示；图表值按纵轴刻度转录，均待各市财政决算原表复核。
CN-140300,阳泉市,山西省,2019,161.6,SRC-SECONDARY-RATING-SHANXI-2019-2021,https://www.lhratings.com/file/683eca55-6bc5-446b-95d0-03c1c4fdf44f.pdf,联合资信《山西篇》图6：阳泉市2019年柱形图按纵轴刻度转录约161.6亿元,B2,chart_digitized,图6 山西省各地市政府债务余额情况,地方政府与城投企业债务风险研究报告——山西篇,联合资信评估股份有限公司,2022-10-20,2019-12-31,图6柱形高度按公开纵轴刻度转录，作为阶段性补缺值，待各市财政决算原表复核。
CN-140300,阳泉市,山西省,2020,231.1,SRC-SECONDARY-RATING-SHANXI-2019-2021,https://www.lhratings.com/file/683eca55-6bc5-446b-95d0-03c1c4fdf44f.pdf,联合资信《山西篇》图6：阳泉市2020年柱形图按纵轴刻度转录约231.1亿元,B2,chart_digitized,图6 山西省各地市政府债务余额情况,地方政府与城投企业债务风险研究报告——山西篇,联合资信评估股份有限公司,2022-10-20,2020-12-31,图6柱形高度按公开纵轴刻度转录，作为阶段性补缺值，待各市财政决算原表复核。
CN-140300,阳泉市,山西省,2021,258.3,SRC-SECONDARY-RATING-SHANXI-2019-2021,https://www.lhratings.com/file/683eca55-6bc5-446b-95d0-03c1c4fdf44f.pdf,联合资信《山西篇》图6：阳泉市2021年柱形图按纵轴刻度转录约258.3亿元,B2,chart_digitized,图6 山西省各地市政府债务余额情况,地方政府与城投企业债务风险研究报告——山西篇,联合资信评估股份有限公司,2022-10-20,2021-12-31,表格值为公开研究报告明确列示；图表值按纵轴刻度转录，均待各市财政决算原表复核。
CN-140400,长治市,山西省,2019,200.9,SRC-SECONDARY-RATING-SHANXI-2019-2021,https://www.lhratings.com/file/683eca55-6bc5-446b-95d0-03c1c4fdf44f.pdf,联合资信《山西篇》图6：长治市2019年柱形图按纵轴刻度转录约200.9亿元,B2,chart_digitized,图6 山西省各地市政府债务余额情况,地方政府与城投企业债务风险研究报告——山西篇,联合资信评估股份有限公司,2022-10-20,2019-12-31,图6柱形高度按公开纵轴刻度转录，作为阶段性补缺值，待各市财政决算原表复核。
CN-140400,长治市,山西省,2020,255.3,SRC-SECONDARY-RATING-SHANXI-2019-2021,https://www.lhratings.com/file/683eca55-6bc5-446b-95d0-03c1c4fdf44f.pdf,联合资信《山西篇》图6：长治市2020年柱形图按纵轴刻度转录约255.3亿元,B2,chart_digitized,图6 山西省各地市政府债务余额情况,地方政府与城投企业债务风险研究报告——山西篇,联合资信评估股份有限公司,2022-10-20,2020-12-31,图6柱形高度按公开纵轴刻度转录，作为阶段性补缺值，待各市财政决算原表复核。
CN-140400,长治市,山西省,2021,301.48,SRC-SECONDARY-RATING-SHANXI-2019-2021,https://www.lhratings.com/file/683eca55-6bc5-446b-95d0-03c1c4fdf44f.pdf,联合资信《山西篇》表8：长治市2021年地方政府债务余额301.48亿元,B2,disclosed,表8 2021年山西省各地市“发债城投企业全部债务+地方政府债务”负担情况,地方政府与城投企业债务风险研究报告——山西篇,联合资信评估股份有限公司,2022-10-20,2021-12-31,表格值为公开研究报告明确列示；图表值按纵轴刻度转录，均待各市财政决算原表复核。
CN-140500,晋城市,山西省,2019,128.3,SRC-SECONDARY-RATING-SHANXI-2019-2021,https://www.lhratings.com/file/683eca55-6bc5-446b-95d0-03c1c4fdf44f.pdf,联合资信《山西篇》图6：晋城市2019年柱形图按纵轴刻度转录约128.3亿元,B2,chart_digitized,图6 山西省各地市政府债务余额情况,地方政府与城投企业债务风险研究报告——山西篇,联合资信评估股份有限公司,2022-10-20,2019-12-31,图6柱形高度按公开纵轴刻度转录，作为阶段性补缺值，待各市财政决算原表复核。
CN-140500,晋城市,山西省,2020,191.8,SRC-SECONDARY-RATING-SHANXI-2019-2021,https://www.lhratings.com/file/683eca55-6bc5-446b-95d0-03c1c4fdf44f.pdf,联合资信《山西篇》图6：晋城市2020年柱形图按纵轴刻度转录约191.8亿元,B2,chart_digitized,图6 山西省各地市政府债务余额情况,地方政府与城投企业债务风险研究报告——山西篇,联合资信评估股份有限公司,2022-10-20,2020-12-31,图6柱形高度按公开纵轴刻度转录，作为阶段性补缺值，待各市财政决算原表复核。
CN-140500,晋城市,山西省,2021,241.70,SRC-SECONDARY-RATING-SHANXI-2019-2021,https://www.lhratings.com/file/683eca55-6bc5-446b-95d0-03c1c4fdf44f.pdf,联合资信《山西篇》表8：晋城市2021年地方政府债务余额241.70亿元,B2,disclosed,表8 2021年山西省各地市“发债城投企业全部债务+地方政府债务”负担情况,地方政府与城投企业债务风险研究报告——山西篇,联合资信评估股份有限公司,2022-10-20,2021-12-31,表格值为公开研究报告明确列示；图表值按纵轴刻度转录，均待各市财政决算原表复核。
CN-140600,朔州市,山西省,2019,149.5,SRC-SECONDARY-RATING-SHANXI-2019-2021,https://www.lhratings.com/file/683eca55-6bc5-446b-95d0-03c1c4fdf44f.pdf,联合资信《山西篇》图6：朔州市2019年柱形图按纵轴刻度转录约149.5亿元,B2,chart_digitized,图6 山西省各地市政府债务余额情况,地方政府与城投企业债务风险研究报告——山西篇,联合资信评估股份有限公司,2022-10-20,2019-12-31,图6柱形高度按公开纵轴刻度转录，作为阶段性补缺值，待各市财政决算原表复核。
CN-140600,朔州市,山西省,2020,179.7,SRC-SECONDARY-RATING-SHANXI-2019-2021,https://www.lhratings.com/file/683eca55-6bc5-446b-95d0-03c1c4fdf44f.pdf,联合资信《山西篇》图6：朔州市2020年柱形图按纵轴刻度转录约179.7亿元,B2,chart_digitized,图6 山西省各地市政府债务余额情况,地方政府与城投企业债务风险研究报告——山西篇,联合资信评估股份有限公司,2022-10-20,2020-12-31,图6柱形高度按公开纵轴刻度转录，作为阶段性补缺值，待各市财政决算原表复核。
CN-140600,朔州市,山西省,2021,213.30,SRC-SECONDARY-RATING-SHANXI-2019-2021,https://www.lhratings.com/file/683eca55-6bc5-446b-95d0-03c1c4fdf44f.pdf,联合资信《山西篇》表8：朔州市2021年地方政府债务余额213.30亿元,B2,disclosed,表8 2021年山西省各地市“发债城投企业全部债务+地方政府债务”负担情况,地方政府与城投企业债务风险研究报告——山西篇,联合资信评估股份有限公司,2022-10-20,2021-12-31,表格值为公开研究报告明确列示；图表值按纵轴刻度转录，均待各市财政决算原表复核。
CN-140700,晋中市,山西省,2019,346.0,SRC-SECONDARY-RATING-SHANXI-2019-2021,https://www.lhratings.com/file/683eca55-6bc5-446b-95d0-03c1c4fdf44f.pdf,联合资信《山西篇》图6：晋中市2019年柱形图按纵轴刻度转录约346.0亿元,B2,chart_digitized,图6 山西省各地市政府债务余额情况,地方政府与城投企业债务风险研究报告——山西篇,联合资信评估股份有限公司,2022-10-20,2019-12-31,图6柱形高度按公开纵轴刻度转录，作为阶段性补缺值，待各市财政决算原表复核。
CN-140700,晋中市,山西省,2020,409.5,SRC-SECONDARY-RATING-SHANXI-2019-2021,https://www.lhratings.com/file/683eca55-6bc5-446b-95d0-03c1c4fdf44f.pdf,联合资信《山西篇》图6：晋中市2020年柱形图按纵轴刻度转录约409.5亿元,B2,chart_digitized,图6 山西省各地市政府债务余额情况,地方政府与城投企业债务风险研究报告——山西篇,联合资信评估股份有限公司,2022-10-20,2020-12-31,图6柱形高度按公开纵轴刻度转录，作为阶段性补缺值，待各市财政决算原表复核。
CN-140700,晋中市,山西省,2021,468.17,SRC-SECONDARY-RATING-SHANXI-2019-2021,https://www.lhratings.com/file/683eca55-6bc5-446b-95d0-03c1c4fdf44f.pdf,联合资信《山西篇》表8：晋中市2021年地方政府债务余额468.17亿元,B2,disclosed,表8 2021年山西省各地市“发债城投企业全部债务+地方政府债务”负担情况,地方政府与城投企业债务风险研究报告——山西篇,联合资信评估股份有限公司,2022-10-20,2021-12-31,表格值为公开研究报告明确列示；图表值按纵轴刻度转录，均待各市财政决算原表复核。
CN-140800,运城市,山西省,2019,191.8,SRC-SECONDARY-RATING-SHANXI-2019-2021,https://www.lhratings.com/file/683eca55-6bc5-446b-95d0-03c1c4fdf44f.pdf,联合资信《山西篇》图6：运城市2019年柱形图按纵轴刻度转录约191.8亿元,B2,chart_digitized,图6 山西省各地市政府债务余额情况,地方政府与城投企业债务风险研究报告——山西篇,联合资信评估股份有限公司,2022-10-20,2019-12-31,图6柱形高度按公开纵轴刻度转录，作为阶段性补缺值，待各市财政决算原表复核。
CN-140800,运城市,山西省,2020,237.2,SRC-SECONDARY-RATING-SHANXI-2019-2021,https://www.lhratings.com/file/683eca55-6bc5-446b-95d0-03c1c4fdf44f.pdf,联合资信《山西篇》图6：运城市2020年柱形图按纵轴刻度转录约237.2亿元,B2,chart_digitized,图6 山西省各地市政府债务余额情况,地方政府与城投企业债务风险研究报告——山西篇,联合资信评估股份有限公司,2022-10-20,2020-12-31,图6柱形高度按公开纵轴刻度转录，作为阶段性补缺值，待各市财政决算原表复核。
CN-140800,运城市,山西省,2021,292.44,SRC-SECONDARY-RATING-SHANXI-2019-2021,https://www.lhratings.com/file/683eca55-6bc5-446b-95d0-03c1c4fdf44f.pdf,联合资信《山西篇》表8：运城市2021年地方政府债务余额292.44亿元,B2,disclosed,表8 2021年山西省各地市“发债城投企业全部债务+地方政府债务”负担情况,地方政府与城投企业债务风险研究报告——山西篇,联合资信评估股份有限公司,2022-10-20,2021-12-31,表格值为公开研究报告明确列示；图表值按纵轴刻度转录，均待各市财政决算原表复核。
CN-140900,忻州市,山西省,2019,240.2,SRC-SECONDARY-RATING-SHANXI-2019-2021,https://www.lhratings.com/file/683eca55-6bc5-446b-95d0-03c1c4fdf44f.pdf,联合资信《山西篇》图6：忻州市2019年柱形图按纵轴刻度转录约240.2亿元,B2,chart_digitized,图6 山西省各地市政府债务余额情况,地方政府与城投企业债务风险研究报告——山西篇,联合资信评估股份有限公司,2022-10-20,2019-12-31,图6柱形高度按公开纵轴刻度转录，作为阶段性补缺值，待各市财政决算原表复核。
CN-140900,忻州市,山西省,2020,300.6,SRC-SECONDARY-RATING-SHANXI-2019-2021,https://www.lhratings.com/file/683eca55-6bc5-446b-95d0-03c1c4fdf44f.pdf,联合资信《山西篇》图6：忻州市2020年柱形图按纵轴刻度转录约300.6亿元,B2,chart_digitized,图6 山西省各地市政府债务余额情况,地方政府与城投企业债务风险研究报告——山西篇,联合资信评估股份有限公司,2022-10-20,2020-12-31,图6柱形高度按公开纵轴刻度转录，作为阶段性补缺值，待各市财政决算原表复核。
CN-140900,忻州市,山西省,2021,359.50,SRC-SECONDARY-RATING-SHANXI-2019-2021,https://www.lhratings.com/file/683eca55-6bc5-446b-95d0-03c1c4fdf44f.pdf,联合资信《山西篇》表8：忻州市2021年地方政府债务余额359.50亿元,B2,disclosed,表8 2021年山西省各地市“发债城投企业全部债务+地方政府债务”负担情况,地方政府与城投企业债务风险研究报告——山西篇,联合资信评估股份有限公司,2022-10-20,2021-12-31,表格值为公开研究报告明确列示；图表值按纵轴刻度转录，均待各市财政决算原表复核。
CN-141000,临汾市,山西省,2019,303.7,SRC-SECONDARY-RATING-SHANXI-2019-2021,https://www.lhratings.com/file/683eca55-6bc5-446b-95d0-03c1c4fdf44f.pdf,联合资信《山西篇》图6：临汾市2019年柱形图按纵轴刻度转录约303.7亿元,B2,chart_digitized,图6 山西省各地市政府债务余额情况,地方政府与城投企业债务风险研究报告——山西篇,联合资信评估股份有限公司,2022-10-20,2019-12-31,图6柱形高度按公开纵轴刻度转录，作为阶段性补缺值，待各市财政决算原表复核。
CN-141000,临汾市,山西省,2020,415.5,SRC-SECONDARY-RATING-SHANXI-2019-2021,https://www.lhratings.com/file/683eca55-6bc5-446b-95d0-03c1c4fdf44f.pdf,联合资信《山西篇》图6：临汾市2020年柱形图按纵轴刻度转录约415.5亿元,B2,chart_digitized,图6 山西省各地市政府债务余额情况,地方政府与城投企业债务风险研究报告——山西篇,联合资信评估股份有限公司,2022-10-20,2020-12-31,图6柱形高度按公开纵轴刻度转录，作为阶段性补缺值，待各市财政决算原表复核。
CN-141000,临汾市,山西省,2021,453.72,SRC-SECONDARY-RATING-SHANXI-2019-2021,https://www.lhratings.com/file/683eca55-6bc5-446b-95d0-03c1c4fdf44f.pdf,联合资信《山西篇》表8：临汾市2021年地方政府债务余额453.72亿元,B2,disclosed,表8 2021年山西省各地市“发债城投企业全部债务+地方政府债务”负担情况,地方政府与城投企业债务风险研究报告——山西篇,联合资信评估股份有限公司,2022-10-20,2021-12-31,表格值为公开研究报告明确列示；图表值按纵轴刻度转录，均待各市财政决算原表复核。
CN-141100,吕梁市,山西省,2019,252.3,SRC-SECONDARY-RATING-SHANXI-2019-2021,https://www.lhratings.com/file/683eca55-6bc5-446b-95d0-03c1c4fdf44f.pdf,联合资信《山西篇》图6：吕梁市2019年柱形图按纵轴刻度转录约252.3亿元,B2,chart_digitized,图6 山西省各地市政府债务余额情况,地方政府与城投企业债务风险研究报告——山西篇,联合资信评估股份有限公司,2022-10-20,2019-12-31,图6柱形高度按公开纵轴刻度转录，作为阶段性补缺值，待各市财政决算原表复核。
CN-141100,吕梁市,山西省,2020,358.1,SRC-SECONDARY-RATING-SHANXI-2019-2021,https://www.lhratings.com/file/683eca55-6bc5-446b-95d0-03c1c4fdf44f.pdf,联合资信《山西篇》图6：吕梁市2020年柱形图按纵轴刻度转录约358.1亿元,B2,chart_digitized,图6 山西省各地市政府债务余额情况,地方政府与城投企业债务风险研究报告——山西篇,联合资信评估股份有限公司,2022-10-20,2020-12-31,图6柱形高度按公开纵轴刻度转录，作为阶段性补缺值，待各市财政决算原表复核。
CN-141100,吕梁市,山西省,2021,403.4,SRC-SECONDARY-RATING-SHANXI-2019-2021,https://www.lhratings.com/file/683eca55-6bc5-446b-95d0-03c1c4fdf44f.pdf,联合资信《山西篇》图6：吕梁市2021年柱形图按纵轴刻度转录约403.4亿元,B2,chart_digitized,图6 山西省各地市政府债务余额情况,地方政府与城投企业债务风险研究报告——山西篇,联合资信评估股份有限公司,2022-10-20,2021-12-31,表格值为公开研究报告明确列示；图表值按纵轴刻度转录，均待各市财政决算原表复核。
CN-320100,南京市,江苏省,2019,2585.5,SRC-SECONDARY-RATING-JIANGSU-2019-CITY-TOTALS,https://pdf.dfcfw.com/pdf/H3_AP202012021435107342_1.pdf?1606897619000.pdf=,联合资信报告图7：南京市2019年灰柱按纵轴刻度转录约2585.5亿元；与南京市2019年市级决算报告全市余额交叉核对,B2,chart_digitized,图7 2017—2019年底江苏省各地级市政府债务余额情况,地方政府与城投企业债务风险研究报告——江苏篇（上）,联合资信评估股份有限公司,2020-12-02,2019-12-31,图表转录值；南京、南通、苏州、盐城、常州、徐州、扬州、泰州、淮安、连云港等值有公开市级/评级材料交叉核对，仍待省财政厅逐市原表升级。
CN-320200,无锡市,江苏省,2019,1196.4,SRC-SECONDARY-RATING-JIANGSU-2019-CITY-TOTALS,https://pdf.dfcfw.com/pdf/H3_AP202012021435107342_1.pdf?1606897619000.pdf=,联合资信报告图7：无锡市2019年灰柱按纵轴刻度估读约1196.4亿元,B2,chart_digitized,图7 2017—2019年底江苏省各地级市政府债务余额情况,地方政府与城投企业债务风险研究报告——江苏篇（上）,联合资信评估股份有限公司,2020-12-02,2019-12-31,图表估读值，非表格精确值；待无锡市全市口径财政决算附件及省财政厅逐市原表复核。
CN-320300,徐州市,江苏省,2019,937.7,SRC-SECONDARY-RATING-JIANGSU-2019-CITY-TOTALS,https://pdf.dfcfw.com/pdf/H3_AP202012021435107342_1.pdf?1606897619000.pdf=,联合资信报告图7：徐州市2019年灰柱转录约937.7亿元；与评级材料交叉核对,B2,chart_digitized,图7 2017—2019年底江苏省各地级市政府债务余额情况,地方政府与城投企业债务风险研究报告——江苏篇（上）,联合资信评估股份有限公司,2020-12-02,2019-12-31,图表转录值；南京、南通、苏州、盐城、常州、徐州、扬州、泰州、淮安、连云港等值有公开市级/评级材料交叉核对，仍待省财政厅逐市原表升级。
CN-320400,常州市,江苏省,2019,1006.8,SRC-SECONDARY-RATING-JIANGSU-2019-CITY-TOTALS,https://pdf.dfcfw.com/pdf/H3_AP202012021435107342_1.pdf?1606897619000.pdf=,联合资信报告图7：常州市2019年灰柱转录约1006.8亿元；与常州市公开决算表1006.84亿元交叉核对,B2,chart_digitized,图7 2017—2019年底江苏省各地级市政府债务余额情况,地方政府与城投企业债务风险研究报告——江苏篇（上）,联合资信评估股份有限公司,2020-12-02,2019-12-31,图表转录值；南京、南通、苏州、盐城、常州、徐州、扬州、泰州、淮安、连云港等值有公开市级/评级材料交叉核对，仍待省财政厅逐市原表升级。
CN-320500,苏州市,江苏省,2019,1390.6,SRC-SECONDARY-RATING-JIANGSU-2019-CITY-TOTALS,https://pdf.dfcfw.com/pdf/H3_AP202012021435107342_1.pdf?1606897619000.pdf=,联合资信报告图7：苏州市2019年灰柱按纵轴刻度转录约1390.6亿元；与苏州市政府公开预算报告交叉核对,B2,chart_digitized,图7 2017—2019年底江苏省各地级市政府债务余额情况,地方政府与城投企业债务风险研究报告——江苏篇（上）,联合资信评估股份有限公司,2020-12-02,2019-12-31,图表转录值；南京、南通、苏州、盐城、常州、徐州、扬州、泰州、淮安、连云港等值有公开市级/评级材料交叉核对，仍待省财政厅逐市原表升级。
CN-320600,南通市,江苏省,2019,1562.7,SRC-SECONDARY-RATING-JIANGSU-2019-CITY-TOTALS,https://pdf.dfcfw.com/pdf/H3_AP202012021435107342_1.pdf?1606897619000.pdf=,联合资信报告图7：南通市2019年灰柱按纵轴刻度转录约1562.7亿元；与南通市财政局公开表交叉核对,B2,chart_digitized,图7 2017—2019年底江苏省各地级市政府债务余额情况,地方政府与城投企业债务风险研究报告——江苏篇（上）,联合资信评估股份有限公司,2020-12-02,2019-12-31,图表转录值；南京、南通、苏州、盐城、常州、徐州、扬州、泰州、淮安、连云港等值有公开市级/评级材料交叉核对，仍待省财政厅逐市原表升级。
CN-320700,连云港市,江苏省,2019,530.8,SRC-SECONDARY-RATING-JIANGSU-2019-CITY-TOTALS,https://pdf.dfcfw.com/pdf/H3_AP202012021435107342_1.pdf?1606897619000.pdf=,联合资信报告图7：连云港市2019年灰柱转录约530.8亿元；与评级材料530.75亿元交叉核对,B2,chart_digitized,图7 2017—2019年底江苏省各地级市政府债务余额情况,联合资信评估股份有限公司,2020-12-02,2019-12-31,图表转录值；南京、南通、苏州、盐城、常州、徐州、扬州、泰州、淮安、连云港等值有公开市级/评级材料交叉核对，仍待省财政厅逐市原表升级。,
CN-320800,淮安市,江苏省,2019,586.2,SRC-SECONDARY-RATING-JIANGSU-2019-CITY-TOTALS,https://pdf.dfcfw.com/pdf/H3_AP202012021435107342_1.pdf?1606897619000.pdf=,联合资信报告图7：淮安市2019年灰柱转录约586.2亿元；与评级材料交叉核对,B2,chart_digitized,图7 2017—2019年底江苏省各地级市政府债务余额情况,地方政府与城投企业债务风险研究报告——江苏篇（上）,联合资信评估股份有限公司,2020-12-02,2019-12-31,图表转录值；南京、南通、苏州、盐城、常州、徐州、扬州、泰州、淮安、连云港等值有公开市级/评级材料交叉核对，仍待省财政厅逐市原表升级。
CN-320900,盐城市,江苏省,2019,1177.4,SRC-SECONDARY-RATING-JIANGSU-2019-CITY-TOTALS,https://pdf.dfcfw.com/pdf/H3_AP202012021435107342_1.pdf?1606897619000.pdf=,联合资信报告图7：盐城市2019年灰柱按纵轴刻度转录约1177.4亿元；与评级材料交叉核对,B2,chart_digitized,图7 2017—2019年底江苏省各地级市政府债务余额情况,地方政府与城投企业债务风险研究报告——江苏篇（上）,联合资信评估股份有限公司,2020-12-02,2019-12-31,图表转录值；南京、南通、苏州、盐城、常州、徐州、扬州、泰州、淮安、连云港等值有公开市级/评级材料交叉核对，仍待省财政厅逐市原表升级。
CN-321000,扬州市,江苏省,2019,850.0,SRC-SECONDARY-RATING-JIANGSU-2019-CITY-TOTALS,https://pdf.dfcfw.com/pdf/H3_AP202012021435107342_1.pdf?1606897619000.pdf=,联合资信报告图7：扬州市2019年灰柱转录约850.0亿元；与公开评级材料849.99亿元交叉核对,B2,chart_digitized,图7 2017—2019年底江苏省各地级市政府债务余额情况,地方政府与城投企业债务风险研究报告——江苏篇（上）,联合资信评估股份有限公司,2020-12-02,2019-12-31,图表转录值；南京、南通、苏州、盐城、常州、徐州、扬州、泰州、淮安、连云港等值有公开市级/评级材料交叉核对，仍待省财政厅逐市原表升级。
CN-321100,镇江市,江苏省,2019,1096.8,SRC-SECONDARY-RATING-JIANGSU-2019-CITY-TOTALS,https://pdf.dfcfw.com/pdf/H3_AP202012021435107342_1.pdf?1606897619000.pdf=,联合资信报告图7：镇江市2019年灰柱按纵轴刻度估读约1096.8亿元；按报告披露的同比增速与2018年公开余额辅助核对,B2,chart_digitized,图7 2017—2019年底江苏省各地级市政府债务余额情况,地方政府与城投企业债务风险研究报告——江苏篇（上）,联合资信评估股份有限公司,2020-12-02,2019-12-31,图表估读值；待镇江市财政决算附件及省财政厅逐市原表复核。
CN-321200,泰州市,江苏省,2019,759.2,SRC-SECONDARY-RATING-JIANGSU-2019-CITY-TOTALS,https://pdf.dfcfw.com/pdf/H3_AP202012021435107342_1.pdf?1606897619000.pdf=,联合资信报告图7：泰州市2019年灰柱转录约759.2亿元；与评级材料759.19亿元交叉核对,B2,chart_digitized,图7 2017—2019年底江苏省各地级市政府债务余额情况,地方政府与城投企业债务风险研究报告——江苏篇（上）,联合资信评估股份有限公司,2020-12-02,2019-12-31,图表转录值；南京、南通、苏州、盐城、常州、徐州、扬州、泰州、淮安、连云港等值有公开市级/评级材料交叉核对，仍待省财政厅逐市原表升级。
CN-321300,宿迁市,江苏省,2019,658.2,SRC-SECONDARY-RATING-JIANGSU-2019-CITY-TOTALS,https://pdf.dfcfw.com/pdf/H3_AP202012021435107342_1.pdf?1606897619000.pdf=,联合资信报告图7：宿迁市2019年灰柱按纵轴刻度估读约658.2亿元,B2,chart_digitized,图7 2017—2019年底江苏省各地级市政府债务余额情况,地方政府与城投企业债务风险研究报告——江苏篇（上）,联合资信评估股份有限公司,2020-12-02,2019-12-31,图表估读值，非表格精确值；待宿迁市全市口径财政决算附件及省财政厅逐市原表复核。
CN-340100,合肥市,安徽省,2019,869.2,SRC-SECONDARY-RATING-ANHUI-2019-2021,https://www.lhratings.com/file/f2ec9698f85.pdf,联合资信报告图8：2019年柱按纵轴刻度估读约869.2亿元,B2,chart_digitized,图8 2019—2021年底安徽省各地级市政府债务余额情况,地方政府与城投企业债务风险研究报告－安徽篇,联合资信评估股份有限公司,2022-08-01,2019-12-31,图表估读值，非表格精确值；仅作阶段性补缺，待安徽省及各市财政厅/人大决算附件复核。
CN-340100,合肥市,安徽省,2020,1142.3,SRC-SECONDARY-RATING-ANHUI-2019-2021,https://www.lhratings.com/file/f2ec9698f85.pdf,联合资信报告图8：2020年柱按纵轴刻度估读约1142.3亿元,B2,chart_digitized,图8 2019—2021年底安徽省各地级市政府债务余额情况,地方政府与城投企业债务风险研究报告－安徽篇,联合资信评估股份有限公司,2022-08-01,2020-12-31,图表估读值，非表格精确值；仅作阶段性补缺，待安徽省及各市财政厅/人大决算附件复核。
CN-340100,合肥市,安徽省,2021,1500.0,SRC-SECONDARY-RATING-ANHUI-2019-2021,https://www.lhratings.com/file/f2ec9698f85.pdf,联合资信报告图8：2021年柱按纵轴刻度估读约1500.0亿元,B2,chart_digitized,图8 2019—2021年底安徽省各地级市政府债务余额情况,地方政府与城投企业债务风险研究报告－安徽篇,联合资信评估股份有限公司,2022-08-01,2021-12-31,图表估读值，非表格精确值；仅作阶段性补缺，待安徽省及各市财政厅/人大决算附件复核。
CN-340100,合肥市,安徽省,2022,1902.7,SRC-SECONDARY-RATING-ANHUI-2022-CITY-CHART,https://finance.sina.com.cn/money/bond/2023-11-17/doc-imzuxmnn5599080.shtml,新世纪评级区域研究图18：合肥市2022年末政府债务余额1902.7亿元；图18及正文明确值,B2,chart_digitized,图18 2022年（末）安徽省各地级市政府债务规模及相关指标对比,安徽省及下辖各市经济财政实力与债务研究,新世纪评级公共融资部,2023-11-17,2022-12-31,图表估读值与正文明确值混合；仅作阶段性补缺，待安徽省及各市财政厅/人大决算附件复核。
CN-340200,芜湖市,安徽省,2019,723.1,SRC-SECONDARY-RATING-ANHUI-2019-2021,https://www.lhratings.com/file/f2ec9698f85.pdf,联合资信报告图8：2019年柱按纵轴刻度估读约723.1亿元,B2,chart_digitized,图8 2019—2021年底安徽省各地级市政府债务余额情况,地方政府与城投企业债务风险研究报告－安徽篇,联合资信评估股份有限公司,2022-08-01,2019-12-31,图表估读值，非表格精确值；仅作阶段性补缺，待安徽省及各市财政厅/人大决算附件复核。
CN-340200,芜湖市,安徽省,2020,800.0,SRC-SECONDARY-RATING-ANHUI-2019-2021,https://www.lhratings.com/file/f2ec9698f85.pdf,联合资信报告图8：2020年柱按纵轴刻度估读约800.0亿元,B2,chart_digitized,图8 2019—2021年底安徽省各地级市政府债务余额情况,地方政府与城投企业债务风险研究报告－安徽篇,联合资信评估股份有限公司,2022-08-01,2020-12-31,图表估读值，非表格精确值；仅作阶段性补缺，待安徽省及各市财政厅/人大决算附件复核。
CN-340200,芜湖市,安徽省,2021,911.5,SRC-SECONDARY-RATING-ANHUI-2019-2021,https://www.lhratings.com/file/f2ec9698f85.pdf,联合资信报告图8：2021年柱按纵轴刻度估读约911.5亿元,B2,chart_digitized,图8 2019—2021年底安徽省各地级市政府债务余额情况,地方政府与城投企业债务风险研究报告－安徽篇,联合资信评估股份有限公司,2022-08-01,2021-12-31,图表估读值，非表格精确值；仅作阶段性补缺，待安徽省及各市财政厅/人大决算附件复核。
CN-340200,芜湖市,安徽省,2022,996.1,SRC-SECONDARY-RATING-ANHUI-2022-CITY-CHART,https://finance.sina.com.cn/money/bond/2023-11-17/doc-imzuxmnn5599080.shtml,新世纪评级区域研究图18：芜湖市2022年末政府债务余额996.1亿元；图18及正文明确值,B2,chart_digitized,图18 2022年（末）安徽省各地级市政府债务规模及相关指标对比,安徽省及下辖各市经济财政实力与债务研究,新世纪评级公共融资部,2023-11-17,2022-12-31,图表估读值与正文明确值混合；仅作阶段性补缺，待安徽省及各市财政厅/人大决算附件复核。
CN-340300,蚌埠市,安徽省,2019,346.2,SRC-SECONDARY-RATING-ANHUI-2019-2021,https://www.lhratings.com/file/f2ec9698f85.pdf,联合资信报告图8：2019年柱按纵轴刻度估读约346.2亿元,B2,chart_digitized,图8 2019—2021年底安徽省各地级市政府债务余额情况,地方政府与城投企业债务风险研究报告－安徽篇,联合资信评估股份有限公司,2022-08-01,2019-12-31,图表估读值，非表格精确值；仅作阶段性补缺，待安徽省及各市财政厅/人大决算附件复核。
CN-340300,蚌埠市,安徽省,2020,453.8,SRC-SECONDARY-RATING-ANHUI-2019-2021,https://www.lhratings.com/file/f2ec9698f85.pdf,联合资信报告图8：2020年柱按纵轴刻度估读约453.8亿元,B2,chart_digitized,图8 2019—2021年底安徽省各地级市政府债务余额情况,地方政府与城投企业债务风险研究报告－安徽篇,联合资信评估股份有限公司,2022-08-01,2020-12-31,图表估读值，非表格精确值；仅作阶段性补缺，待安徽省及各市财政厅/人大决算附件复核。
CN-340300,蚌埠市,安徽省,2021,580.8,SRC-SECONDARY-RATING-ANHUI-2019-2021,https://www.lhratings.com/file/f2ec9698f85.pdf,联合资信报告图8：2021年柱按纵轴刻度估读约580.8亿元,B2,chart_digitized,图8 2019—2021年底安徽省各地级市政府债务余额情况,地方政府与城投企业债务风险研究报告－安徽篇,联合资信评估股份有限公司,2022-08-01,2021-12-31,图表估读值，非表格精确值；仅作阶段性补缺，待安徽省及各市财政厅/人大决算附件复核。
CN-340300,蚌埠市,安徽省,2022,600.0,SRC-SECONDARY-RATING-ANHUI-2022-CITY-CHART,https://finance.sina.com.cn/money/bond/2023-11-17/doc-imzuxmnn5599080.shtml,新世纪评级区域研究图18：蚌埠市2022年末政府债务余额600.0亿元；图18按纵轴刻度估读,B2,chart_digitized,图18 2022年（末）安徽省各地级市政府债务规模及相关指标对比,安徽省及下辖各市经济财政实力与债务研究,新世纪评级公共融资部,2023-11-17,2022-12-31,图表估读值与正文明确值混合；仅作阶段性补缺，待安徽省及各市财政厅/人大决算附件复核。
CN-340400,淮南市,安徽省,2019,384.6,SRC-SECONDARY-RATING-ANHUI-2019-2021,https://www.lhratings.com/file/f2ec9698f85.pdf,联合资信报告图8：2019年柱按纵轴刻度估读约384.6亿元,B2,chart_digitized,图8 2019—2021年底安徽省各地级市政府债务余额情况,地方政府与城投企业债务风险研究报告－安徽篇,联合资信评估股份有限公司,2022-08-01,2019-12-31,图表估读值，非表格精确值；仅作阶段性补缺，待安徽省及各市财政厅/人大决算附件复核。
CN-340400,淮南市,安徽省,2020,450.0,SRC-SECONDARY-RATING-ANHUI-2019-2021,https://www.lhratings.com/file/f2ec9698f85.pdf,联合资信报告图8：2020年柱按纵轴刻度估读约450.0亿元,B2,chart_digitized,图8 2019—2021年底安徽省各地级市政府债务余额情况,地方政府与城投企业债务风险研究报告－安徽篇,联合资信评估股份有限公司,2022-08-01,2020-12-31,图表估读值，非表格精确值；仅作阶段性补缺，待安徽省及各市财政厅/人大决算附件复核。
CN-340400,淮南市,安徽省,2021,530.8,SRC-SECONDARY-RATING-ANHUI-2019-2021,https://www.lhratings.com/file/f2ec9698f85.pdf,联合资信报告图8：2021年柱按纵轴刻度估读约530.8亿元,B2,chart_digitized,图8 2019—2021年底安徽省各地级市政府债务余额情况,地方政府与城投企业债务风险研究报告－安徽篇,联合资信评估股份有限公司,2022-08-01,2021-12-31,图表估读值，非表格精确值；仅作阶段性补缺，待安徽省及各市财政厅/人大决算附件复核。
CN-340400,淮南市,安徽省,2022,400.0,SRC-SECONDARY-RATING-ANHUI-2022-CITY-CHART,https://finance.sina.com.cn/money/bond/2023-11-17/doc-imzuxmnn5599080.shtml,新世纪评级区域研究图18：淮南市2022年末政府债务余额400.0亿元；图18按纵轴刻度估读,B2,chart_digitized,图18 2022年（末）安徽省各地级市政府债务规模及相关指标对比,安徽省及下辖各市经济财政实力与债务研究,新世纪评级公共融资部,2023-11-17,2022-12-31,图表估读值与正文明确值混合；仅作阶段性补缺，待安徽省及各市财政厅/人大决算附件复核。
CN-340500,马鞍山市,安徽省,2019,326.9,SRC-SECONDARY-RATING-ANHUI-2019-2021,https://www.lhratings.com/file/f2ec9698f85.pdf,联合资信报告图8：2019年柱按纵轴刻度估读约326.9亿元,B2,chart_digitized,图8 2019—2021年底安徽省各地级市政府债务余额情况,地方政府与城投企业债务风险研究报告－安徽篇,联合资信评估股份有限公司,2022-08-01,2019-12-31,图表估读值，非表格精确值；仅作阶段性补缺，待安徽省及各市财政厅/人大决算附件复核。
CN-340500,马鞍山市,安徽省,2020,376.9,SRC-SECONDARY-RATING-ANHUI-2019-2021,https://www.lhratings.com/file/f2ec9698f85.pdf,联合资信报告图8：2020年柱按纵轴刻度估读约376.9亿元,B2,chart_digitized,图8 2019—2021年底安徽省各地级市政府债务余额情况,地方政府与城投企业债务风险研究报告－安徽篇,联合资信评估股份有限公司,2022-08-01,2020-12-31,图表估读值，非表格精确值；仅作阶段性补缺，待安徽省及各市财政厅/人大决算附件复核。
CN-340500,马鞍山市,安徽省,2021,619.2,SRC-SECONDARY-RATING-ANHUI-2019-2021,https://www.lhratings.com/file/f2ec9698f85.pdf,联合资信报告图8：2021年柱按纵轴刻度估读约619.2亿元,B2,chart_digitized,图8 2019—2021年底安徽省各地级市政府债务余额情况,地方政府与城投企业债务风险研究报告－安徽篇,联合资信评估股份有限公司,2022-08-01,2021-12-31,图表估读值，非表格精确值；仅作阶段性补缺，待安徽省及各市财政厅/人大决算附件复核。
CN-340500,马鞍山市,安徽省,2022,655.0,SRC-SECONDARY-RATING-ANHUI-2022-CITY-CHART,https://finance.sina.com.cn/money/bond/2023-11-17/doc-imzuxmnn5599080.shtml,新世纪评级区域研究图18：马鞍山市2022年末政府债务余额655.0亿元；图18按纵轴刻度估读,B2,chart_digitized,图18 2022年（末）安徽省各地级市政府债务规模及相关指标对比,安徽省及下辖各市经济财政实力与债务研究,新世纪评级公共融资部,2023-11-17,2022-12-31,图表估读值与正文明确值混合；仅作阶段性补缺，待安徽省及各市财政厅/人大决算附件复核。
CN-340600,淮北市,安徽省,2019,284.6,SRC-SECONDARY-RATING-ANHUI-2019-2021,https://www.lhratings.com/file/f2ec9698f85.pdf,联合资信报告图8：2019年柱按纵轴刻度估读约284.6亿元,B2,chart_digitized,图8 2019—2021年底安徽省各地级市政府债务余额情况,地方政府与城投企业债务风险研究报告－安徽篇,联合资信评估股份有限公司,2022-08-01,2019-12-31,图表估读值，非表格精确值；仅作阶段性补缺，待安徽省及各市财政厅/人大决算附件复核。
CN-340600,淮北市,安徽省,2020,315.4,SRC-SECONDARY-RATING-ANHUI-2019-2021,https://www.lhratings.com/file/f2ec9698f85.pdf,联合资信报告图8：2020年柱按纵轴刻度估读约315.4亿元,B2,chart_digitized,图8 2019—2021年底安徽省各地级市政府债务余额情况,地方政府与城投企业债务风险研究报告－安徽篇,联合资信评估股份有限公司,2022-08-01,2020-12-31,图表估读值，非表格精确值；仅作阶段性补缺，待安徽省及各市财政厅/人大决算附件复核。
CN-340600,淮北市,安徽省,2021,350.0,SRC-SECONDARY-RATING-ANHUI-2019-2021,https://www.lhratings.com/file/f2ec9698f85.pdf,联合资信报告图8：2021年柱按纵轴刻度估读约350.0亿元,B2,chart_digitized,图8 2019—2021年底安徽省各地级市政府债务余额情况,地方政府与城投企业债务风险研究报告－安徽篇,联合资信评估股份有限公司,2022-08-01,2021-12-31,图表估读值，非表格精确值；仅作阶段性补缺，待安徽省及各市财政厅/人大决算附件复核。
CN-340600,淮北市,安徽省,2022,257.0,SRC-SECONDARY-RATING-ANHUI-2022-CITY-CHART,https://finance.sina.com.cn/money/bond/2023-11-17/doc-imzuxmnn5599080.shtml,新世纪评级区域研究图18：淮北市2022年末政府债务余额257.0亿元；图18及正文明确值,B2,chart_digitized,图18 2022年（末）安徽省各地级市政府债务规模及相关指标对比,安徽省及下辖各市经济财政实力与债务研究,新世纪评级公共融资部,2023-11-17,2022-12-31,图表估读值与正文明确值混合；仅作阶段性补缺，待安徽省及各市财政厅/人大决算附件复核。
CN-340700,铜陵市,安徽省,2019,207.7,SRC-SECONDARY-RATING-ANHUI-2019-2021,https://www.lhratings.com/file/f2ec9698f85.pdf,联合资信报告图8：2019年柱按纵轴刻度估读约207.7亿元,B2,chart_digitized,图8 2019—2021年底安徽省各地级市政府债务余额情况,地方政府与城投企业债务风险研究报告－安徽篇,联合资信评估股份有限公司,2022-08-01,2019-12-31,图表估读值，非表格精确值；仅作阶段性补缺，待安徽省及各市财政厅/人大决算附件复核。
CN-340700,铜陵市,安徽省,2020,250.0,SRC-SECONDARY-RATING-ANHUI-2019-2021,https://www.lhratings.com/file/f2ec9698f85.pdf,联合资信报告图8：2020年柱按纵轴刻度估读约250.0亿元,B2,chart_digitized,图8 2019—2021年底安徽省各地级市政府债务余额情况,地方政府与城投企业债务风险研究报告－安徽篇,联合资信评估股份有限公司,2022-08-01,2020-12-31,图表估读值，非表格精确值；仅作阶段性补缺，待安徽省及各市财政厅/人大决算附件复核。
CN-340700,铜陵市,安徽省,2021,307.7,SRC-SECONDARY-RATING-ANHUI-2019-2021,https://www.lhratings.com/file/f2ec9698f85.pdf,联合资信报告图8：2021年柱按纵轴刻度估读约307.7亿元,B2,chart_digitized,图8 2019—2021年底安徽省各地级市政府债务余额情况,地方政府与城投企业债务风险研究报告－安徽篇,联合资信评估股份有限公司,2022-08-01,2021-12-31,图表估读值，非表格精确值；仅作阶段性补缺，待安徽省及各市财政厅/人大决算附件复核。
CN-340700,铜陵市,安徽省,2022,380.0,SRC-SECONDARY-RATING-ANHUI-2022-CITY-CHART,https://finance.sina.com.cn/money/bond/2023-11-17/doc-imzuxmnn5599080.shtml,新世纪评级区域研究图18：铜陵市2022年末政府债务余额380.0亿元；图18按纵轴刻度估读,B2,chart_digitized,图18 2022年（末）安徽省各地级市政府债务规模及相关指标对比,安徽省及下辖各市经济财政实力与债务研究,新世纪评级公共融资部,2023-11-17,2022-12-31,图表估读值与正文明确值混合；仅作阶段性补缺，待安徽省及各市财政厅/人大决算附件复核。
CN-340800,安庆市,安徽省,2019,519.2,SRC-SECONDARY-RATING-ANHUI-2019-2021,https://www.lhratings.com/file/f2ec9698f85.pdf,联合资信报告图8：2019年柱按纵轴刻度估读约519.2亿元,B2,chart_digitized,图8 2019—2021年底安徽省各地级市政府债务余额情况,地方政府与城投企业债务风险研究报告－安徽篇,联合资信评估股份有限公司,2022-08-01,2019-12-31,图表估读值，非表格精确值；仅作阶段性补缺，待安徽省及各市财政厅/人大决算附件复核。
CN-340800,安庆市,安徽省,2020,592.3,SRC-SECONDARY-RATING-ANHUI-2019-2021,https://www.lhratings.com/file/f2ec9698f85.pdf,联合资信报告图8：2020年柱按纵轴刻度估读约592.3亿元,B2,chart_digitized,图8 2019—2021年底安徽省各地级市政府债务余额情况,地方政府与城投企业债务风险研究报告－安徽篇,联合资信评估股份有限公司,2022-08-01,2020-12-31,图表估读值，非表格精确值；仅作阶段性补缺，待安徽省及各市财政厅/人大决算附件复核。
CN-340800,安庆市,安徽省,2021,688.5,SRC-SECONDARY-RATING-ANHUI-2019-2021,https://www.lhratings.com/file/f2ec9698f85.pdf,联合资信报告图8：2021年柱按纵轴刻度估读约688.5亿元,B2,chart_digitized,图8 2019—2021年底安徽省各地级市政府债务余额情况,地方政府与城投企业债务风险研究报告－安徽篇,联合资信评估股份有限公司,2022-08-01,2021-12-31,图表估读值，非表格精确值；仅作阶段性补缺，待安徽省及各市财政厅/人大决算附件复核。
CN-340800,安庆市,安徽省,2022,765.0,SRC-SECONDARY-RATING-ANHUI-2022-CITY-CHART,https://finance.sina.com.cn/money/bond/2023-11-17/doc-imzuxmnn5599080.shtml,新世纪评级区域研究图18：安庆市2022年末政府债务余额765.0亿元；图18按纵轴刻度估读,B2,chart_digitized,图18 2022年（末）安徽省各地级市政府债务规模及相关指标对比,安徽省及下辖各市经济财政实力与债务研究,新世纪评级公共融资部,2023-11-17,2022-12-31,图表估读值与正文明确值混合；仅作阶段性补缺，待安徽省及各市财政厅/人大决算附件复核。
CN-341000,黄山市,安徽省,2019,242.3,SRC-SECONDARY-RATING-ANHUI-2019-2021,https://www.lhratings.com/file/f2ec9698f85.pdf,联合资信报告图8：2019年柱按纵轴刻度估读约242.3亿元,B2,chart_digitized,图8 2019—2021年底安徽省各地级市政府债务余额情况,地方政府与城投企业债务风险研究报告－安徽篇,联合资信评估股份有限公司,2022-08-01,2019-12-31,图表估读值，非表格精确值；仅作阶段性补缺，待安徽省及各市财政厅/人大决算附件复核。
CN-341000,黄山市,安徽省,2020,246.2,SRC-SECONDARY-RATING-ANHUI-2019-2021,https://www.lhratings.com/file/f2ec9698f85.pdf,联合资信报告图8：2020年柱按纵轴刻度估读约246.2亿元,B2,chart_digitized,图8 2019—2021年底安徽省各地级市政府债务余额情况,地方政府与城投企业债务风险研究报告－安徽篇,联合资信评估股份有限公司,2022-08-01,2020-12-31,图表估读值，非表格精确值；仅作阶段性补缺，待安徽省及各市财政厅/人大决算附件复核。
CN-341000,黄山市,安徽省,2021,280.8,SRC-SECONDARY-RATING-ANHUI-2019-2021,https://www.lhratings.com/file/f2ec9698f85.pdf,联合资信报告图8：2021年柱按纵轴刻度估读约280.8亿元,B2,chart_digitized,图8 2019—2021年底安徽省各地级市政府债务余额情况,地方政府与城投企业债务风险研究报告－安徽篇,联合资信评估股份有限公司,2022-08-01,2021-12-31,图表估读值，非表格精确值；仅作阶段性补缺，待安徽省及各市财政厅/人大决算附件复核。
CN-341000,黄山市,安徽省,2022,345.0,SRC-SECONDARY-RATING-ANHUI-2022-CITY-CHART,https://finance.sina.com.cn/money/bond/2023-11-17/doc-imzuxmnn5599080.shtml,新世纪评级区域研究图18：黄山市2022年末政府债务余额345.0亿元；图18按纵轴刻度估读,B2,chart_digitized,图18 2022年（末）安徽省各地级市政府债务规模及相关指标对比,安徽省及下辖各市经济财政实力与债务研究,新世纪评级公共融资部,2023-11-17,2022-12-31,图表估读值与正文明确值混合；仅作阶段性补缺，待安徽省及各市财政厅/人大决算附件复核。
CN-341100,滁州市,安徽省,2019,553.8,SRC-SECONDARY-RATING-ANHUI-2019-2021,https://www.lhratings.com/file/f2ec9698f85.pdf,联合资信报告图8：2019年柱按纵轴刻度估读约553.8亿元,B2,chart_digitized,图8 2019—2021年底安徽省各地级市政府债务余额情况,地方政府与城投企业债务风险研究报告－安徽篇,联合资信评估股份有限公司,2022-08-01,2019-12-31,图表估读值，非表格精确值；仅作阶段性补缺，待安徽省及各市财政厅/人大决算附件复核。
CN-341100,滁州市,安徽省,2020,723.1,SRC-SECONDARY-RATING-ANHUI-2019-2021,https://www.lhratings.com/file/f2ec9698f85.pdf,联合资信报告图8：2020年柱按纵轴刻度估读约723.1亿元,B2,chart_digitized,图8 2019—2021年底安徽省各地级市政府债务余额情况,地方政府与城投企业债务风险研究报告－安徽篇,联合资信评估股份有限公司,2022-08-01,2020-12-31,图表估读值，非表格精确值；仅作阶段性补缺，待安徽省及各市财政厅/人大决算附件复核。
CN-341100,滁州市,安徽省,2021,861.5,SRC-SECONDARY-RATING-ANHUI-2019-2021,https://www.lhratings.com/file/f2ec9698f85.pdf,联合资信报告图8：2021年柱按纵轴刻度估读约861.5亿元,B2,chart_digitized,图8 2019—2021年底安徽省各地级市政府债务余额情况,地方政府与城投企业债务风险研究报告－安徽篇,联合资信评估股份有限公司,2022-08-01,2021-12-31,图表估读值，非表格精确值；仅作阶段性补缺，待安徽省及各市财政厅/人大决算附件复核。
CN-341100,滁州市,安徽省,2022,1059.3,SRC-SECONDARY-RATING-ANHUI-2022-CITY-CHART,https://finance.sina.com.cn/money/bond/2023-11-17/doc-imzuxmnn5599080.shtml,新世纪评级区域研究图18：滁州市2022年末政府债务余额1059.3亿元；图18及正文明确值,B2,chart_digitized,图18 2022年（末）安徽省各地级市政府债务规模及相关指标对比,安徽省及下辖各市经济财政实力与债务研究,新世纪评级公共融资部,2023-11-17,2022-12-31,图表估读值与正文明确值混合；仅作阶段性补缺，待安徽省及各市财政厅/人大决算附件复核。
CN-341200,阜阳市,安徽省,2019,946.2,SRC-SECONDARY-RATING-ANHUI-2019-2021,https://www.lhratings.com/file/f2ec9698f85.pdf,联合资信报告图8：2019年柱按纵轴刻度估读约946.2亿元,B2,chart_digitized,图8 2019—2021年底安徽省各地级市政府债务余额情况,地方政府与城投企业债务风险研究报告－安徽篇,联合资信评估股份有限公司,2022-08-01,2019-12-31,图表估读值，非表格精确值；仅作阶段性补缺，待安徽省及各市财政厅/人大决算附件复核。
CN-341200,阜阳市,安徽省,2020,1126.9,SRC-SECONDARY-RATING-ANHUI-2019-2021,https://www.lhratings.com/file/f2ec9698f85.pdf,联合资信报告图8：2020年柱按纵轴刻度估读约1126.9亿元,B2,chart_digitized,图8 2019—2021年底安徽省各地级市政府债务余额情况,地方政府与城投企业债务风险研究报告－安徽篇,联合资信评估股份有限公司,2022-08-01,2020-12-31,图表估读值，非表格精确值；仅作阶段性补缺，待安徽省及各市财政厅/人大决算附件复核。
CN-341200,阜阳市,安徽省,2021,1288.5,SRC-SECONDARY-RATING-ANHUI-2019-2021,https://www.lhratings.com/file/f2ec9698f85.pdf,联合资信报告图8：2021年柱按纵轴刻度估读约1288.5亿元,B2,chart_digitized,图8 2019—2021年底安徽省各地级市政府债务余额情况,地方政府与城投企业债务风险研究报告－安徽篇,联合资信评估股份有限公司,2022-08-01,2021-12-31,图表估读值，非表格精确值；仅作阶段性补缺，待安徽省及各市财政厅/人大决算附件复核。
CN-341200,阜阳市,安徽省,2022,1384.8,SRC-SECONDARY-RATING-ANHUI-2022-CITY-CHART,https://finance.sina.com.cn/money/bond/2023-11-17/doc-imzuxmnn5599080.shtml,新世纪评级区域研究图18：阜阳市2022年末政府债务余额1384.8亿元；图18及正文明确值,B2,chart_digitized,图18 2022年（末）安徽省各地级市政府债务规模及相关指标对比,安徽省及下辖各市经济财政实力与债务研究,新世纪评级公共融资部,2023-11-17,2022-12-31,图表估读值与正文明确值混合；仅作阶段性补缺，待安徽省及各市财政厅/人大决算附件复核。
CN-341300,宿州市,安徽省,2019,461.5,SRC-SECONDARY-RATING-ANHUI-2019-2021,https://www.lhratings.com/file/f2ec9698f85.pdf,联合资信报告图8：2019年柱按纵轴刻度估读约461.5亿元,B2,chart_digitized,图8 2019—2021年底安徽省各地级市政府债务余额情况,地方政府与城投企业债务风险研究报告－安徽篇,联合资信评估股份有限公司,2022-08-01,2019-12-31,图表估读值，非表格精确值；仅作阶段性补缺，待安徽省及各市财政厅/人大决算附件复核。
CN-341300,宿州市,安徽省,2020,561.5,SRC-SECONDARY-RATING-ANHUI-2019-2021,https://www.lhratings.com/file/f2ec9698f85.pdf,联合资信报告图8：2020年柱按纵轴刻度估读约561.5亿元,B2,chart_digitized,图8 2019—2021年底安徽省各地级市政府债务余额情况,地方政府与城投企业债务风险研究报告－安徽篇,联合资信评估股份有限公司,2022-08-01,2020-12-31,图表估读值，非表格精确值；仅作阶段性补缺，待安徽省及各市财政厅/人大决算附件复核。
CN-341300,宿州市,安徽省,2021,657.7,SRC-SECONDARY-RATING-ANHUI-2019-2021,https://www.lhratings.com/file/f2ec9698f85.pdf,联合资信报告图8：2021年柱按纵轴刻度估读约657.7亿元,B2,chart_digitized,图8 2019—2021年底安徽省各地级市政府债务余额情况,地方政府与城投企业债务风险研究报告－安徽篇,联合资信评估股份有限公司,2022-08-01,2021-12-31,图表估读值，非表格精确值；仅作阶段性补缺，待安徽省及各市财政厅/人大决算附件复核。
CN-341300,宿州市,安徽省,2022,765.0,SRC-SECONDARY-RATING-ANHUI-2022-CITY-CHART,https://finance.sina.com.cn/money/bond/2023-11-17/doc-imzuxmnn5599080.shtml,新世纪评级区域研究图18：宿州市2022年末政府债务余额765.0亿元；图18按纵轴刻度估读,B2,chart_digitized,图18 2022年（末）安徽省各地级市政府债务规模及相关指标对比,安徽省及下辖各市经济财政实力与债务研究,新世纪评级公共融资部,2023-11-17,2022-12-31,图表估读值与正文明确值混合；仅作阶段性补缺，待安徽省及各市财政厅/人大决算附件复核。
CN-341500,六安市,安徽省,2019,584.6,SRC-SECONDARY-RATING-ANHUI-2019-2021,https://www.lhratings.com/file/f2ec9698f85.pdf,联合资信报告图8：2019年柱按纵轴刻度估读约584.6亿元,B2,chart_digitized,图8 2019—2021年底安徽省各地级市政府债务余额情况,地方政府与城投企业债务风险研究报告－安徽篇,联合资信评估股份有限公司,2022-08-01,2019-12-31,图表估读值，非表格精确值；仅作阶段性补缺，待安徽省及各市财政厅/人大决算附件复核。
CN-341500,六安市,安徽省,2020,703.8,SRC-SECONDARY-RATING-ANHUI-2019-2021,https://www.lhratings.com/file/f2ec9698f85.pdf,联合资信报告图8：2020年柱按纵轴刻度估读约703.8亿元,B2,chart_digitized,图8 2019—2021年底安徽省各地级市政府债务余额情况,地方政府与城投企业债务风险研究报告－安徽篇,联合资信评估股份有限公司,2022-08-01,2020-12-31,图表估读值，非表格精确值；仅作阶段性补缺，待安徽省及各市财政厅/人大决算附件复核。
CN-341500,六安市,安徽省,2021,823.1,SRC-SECONDARY-RATING-ANHUI-2019-2021,https://www.lhratings.com/file/f2ec9698f85.pdf,联合资信报告图8：2021年柱按纵轴刻度估读约823.1亿元,B2,chart_digitized,图8 2019—2021年底安徽省各地级市政府债务余额情况,地方政府与城投企业债务风险研究报告－安徽篇,联合资信评估股份有限公司,2022-08-01,2021-12-31,图表估读值，非表格精确值；仅作阶段性补缺，待安徽省及各市财政厅/人大决算附件复核。
CN-341500,六安市,安徽省,2022,954.6,SRC-SECONDARY-RATING-ANHUI-2022-CITY-CHART,https://finance.sina.com.cn/money/bond/2023-11-17/doc-imzuxmnn5599080.shtml,新世纪评级区域研究图18：六安市2022年末政府债务余额954.6亿元；图18及正文明确值,B2,chart_digitized,图18 2022年（末）安徽省各地级市政府债务规模及相关指标对比,安徽省及下辖各市经济财政实力与债务研究,新世纪评级公共融资部,2023-11-17,2022-12-31,图表估读值与正文明确值混合；仅作阶段性补缺，待安徽省及各市财政厅/人大决算附件复核。
CN-341600,亳州市,安徽省,2019,526.9,SRC-SECONDARY-RATING-ANHUI-2019-2021,https://www.lhratings.com/file/f2ec9698f85.pdf,联合资信报告图8：2019年柱按纵轴刻度估读约526.9亿元,B2,chart_digitized,图8 2019—2021年底安徽省各地级市政府债务余额情况,地方政府与城投企业债务风险研究报告－安徽篇,联合资信评估股份有限公司,2022-08-01,2019-12-31,图表估读值，非表格精确值；仅作阶段性补缺，待安徽省及各市财政厅/人大决算附件复核。
CN-341600,亳州市,安徽省,2020,615.4,SRC-SECONDARY-RATING-ANHUI-2019-2021,https://www.lhratings.com/file/f2ec9698f85.pdf,联合资信报告图8：2020年柱按纵轴刻度估读约615.4亿元,B2,chart_digitized,图8 2019—2021年底安徽省各地级市政府债务余额情况,地方政府与城投企业债务风险研究报告－安徽篇,联合资信评估股份有限公司,2022-08-01,2020-12-31,图表估读值，非表格精确值；仅作阶段性补缺，待安徽省及各市财政厅/人大决算附件复核。
CN-341600,亳州市,安徽省,2021,719.2,SRC-SECONDARY-RATING-ANHUI-2019-2021,https://www.lhratings.com/file/f2ec9698f85.pdf,联合资信报告图8：2021年柱按纵轴刻度估读约719.2亿元,B2,chart_digitized,图8 2019—2021年底安徽省各地级市政府债务余额情况,地方政府与城投企业债务风险研究报告－安徽篇,联合资信评估股份有限公司,2022-08-01,2021-12-31,图表估读值，非表格精确值；仅作阶段性补缺，待安徽省及各市财政厅/人大决算附件复核。
CN-341600,亳州市,安徽省,2022,830.0,SRC-SECONDARY-RATING-ANHUI-2022-CITY-CHART,https://finance.sina.com.cn/money/bond/2023-11-17/doc-imzuxmnn5599080.shtml,新世纪评级区域研究图18：亳州市2022年末政府债务余额830.0亿元；图18按纵轴刻度估读,B2,chart_digitized,图18 2022年（末）安徽省各地级市政府债务规模及相关指标对比,安徽省及下辖各市经济财政实力与债务研究,新世纪评级公共融资部,2023-11-17,2022-12-31,图表估读值与正文明确值混合；仅作阶段性补缺，待安徽省及各市财政厅/人大决算附件复核。
CN-341700,池州市,安徽省,2019,142.3,SRC-SECONDARY-RATING-ANHUI-2019-2021,https://www.lhratings.com/file/f2ec9698f85.pdf,联合资信报告图8：2019年柱按纵轴刻度估读约142.3亿元,B2,chart_digitized,图8 2019—2021年底安徽省各地级市政府债务余额情况,地方政府与城投企业债务风险研究报告－安徽篇,联合资信评估股份有限公司,2022-08-01,2019-12-31,图表估读值，非表格精确值；仅作阶段性补缺，待安徽省及各市财政厅/人大决算附件复核。
CN-341700,池州市,安徽省,2020,165.4,SRC-SECONDARY-RATING-ANHUI-2019-2021,https://www.lhratings.com/file/f2ec9698f85.pdf,联合资信报告图8：2020年柱按纵轴刻度估读约165.4亿元,B2,chart_digitized,图8 2019—2021年底安徽省各地级市政府债务余额情况,地方政府与城投企业债务风险研究报告－安徽篇,联合资信评估股份有限公司,2022-08-01,2020-12-31,图表估读值，非表格精确值；仅作阶段性补缺，待安徽省及各市财政厅/人大决算附件复核。
CN-341700,池州市,安徽省,2021,203.8,SRC-SECONDARY-RATING-ANHUI-2019-2021,https://www.lhratings.com/file/f2ec9698f85.pdf,联合资信报告图8：2021年柱按纵轴刻度估读约203.8亿元,B2,chart_digitized,图8 2019—2021年底安徽省各地级市政府债务余额情况,地方政府与城投企业债务风险研究报告－安徽篇,联合资信评估股份有限公司,2022-08-01,2021-12-31,图表估读值，非表格精确值；仅作阶段性补缺，待安徽省及各市财政厅/人大决算附件复核。
CN-341700,池州市,安徽省,2022,300.0,SRC-SECONDARY-RATING-ANHUI-2022-CITY-CHART,https://finance.sina.com.cn/money/bond/2023-11-17/doc-imzuxmnn5599080.shtml,新世纪评级区域研究图18：池州市2022年末政府债务余额300.0亿元；图18按纵轴刻度估读,B2,chart_digitized,图18 2022年（末）安徽省各地级市政府债务规模及相关指标对比,安徽省及下辖各市经济财政实力与债务研究,新世纪评级公共融资部,2023-11-17,2022-12-31,图表估读值与正文明确值混合；仅作阶段性补缺，待安徽省及各市财政厅/人大决算附件复核。
CN-341800,宣城市,安徽省,2019,265.4,SRC-SECONDARY-RATING-ANHUI-2019-2021,https://www.lhratings.com/file/f2ec9698f85.pdf,联合资信报告图8：2019年柱按纵轴刻度估读约265.4亿元,B2,chart_digitized,图8 2019—2021年底安徽省各地级市政府债务余额情况,地方政府与城投企业债务风险研究报告－安徽篇,联合资信评估股份有限公司,2022-08-01,2019-12-31,图表估读值，非表格精确值；仅作阶段性补缺，待安徽省及各市财政厅/人大决算附件复核。
CN-341800,宣城市,安徽省,2020,315.4,SRC-SECONDARY-RATING-ANHUI-2019-2021,https://www.lhratings.com/file/f2ec9698f85.pdf,联合资信报告图8：2020年柱按纵轴刻度估读约315.4亿元,B2,chart_digitized,图8 2019—2021年底安徽省各地级市政府债务余额情况,地方政府与城投企业债务风险研究报告－安徽篇,联合资信评估股份有限公司,2022-08-01,2020-12-31,图表估读值，非表格精确值；仅作阶段性补缺，待安徽省及各市财政厅/人大决算附件复核。
CN-341800,宣城市,安徽省,2021,365.4,SRC-SECONDARY-RATING-ANHUI-2019-2021,https://www.lhratings.com/file/f2ec9698f85.pdf,联合资信报告图8：2021年柱按纵轴刻度估读约365.4亿元,B2,chart_digitized,图8 2019—2021年底安徽省各地级市政府债务余额情况,地方政府与城投企业债务风险研究报告－安徽篇,联合资信评估股份有限公司,2022-08-01,2021-12-31,图表估读值，非表格精确值；仅作阶段性补缺，待安徽省及各市财政厅/人大决算附件复核。
CN-341800,宣城市,安徽省,2022,590.0,SRC-SECONDARY-RATING-ANHUI-2022-CITY-CHART,https://finance.sina.com.cn/money/bond/2023-11-17/doc-imzuxmnn5599080.shtml,新世纪评级区域研究图18：宣城市2022年末政府债务余额590.0亿元；图18按纵轴刻度估读,B2,chart_digitized,图18 2022年（末）安徽省各地级市政府债务规模及相关指标对比,安徽省及下辖各市经济财政实力与债务研究,新世纪评级公共融资部,2023-11-17,2022-12-31,图表估读值与正文明确值混合；仅作阶段性补缺，待安徽省及各市财政厅/人大决算附件复核。
CN-370100,济南市,山东省,2018,1179.5,SRC-SECONDARY-SHANDONG-2018-CITY-TABLE,https://finance.sina.cn/bond/zsyj/2019-04-16/detail-ihvhiewr6332368.d.html?source=bdquote,公开文章图表：济南市2018年政府债务余额标签直接转录为1179.5亿元,B2,chart_digitized,2018年山东省各地级市政府债务余额图表,山东48个区县2018年经济财政数据大盘点,公开研究资料整理,2019-04-16,2018-12-31,图表标签可读值，非财政厅原始表格；莱芜未列示不作推算，待山东省财政厅历史年度分地区债务表复核。
CN-370100,济南市,山东省,2019,1283.8,SRC-SECONDARY-RATING-SHANDONG-2019-2021,https://www.lhratings.com/file/f2b0a456299.pdf?download=1,联合资信报告图2.4：济南市2019年蓝柱按纵轴刻度估读约1283.8亿元,B2,chart_digitized,图2.4 2019—2021年末山东各地级市政府债务余额情况,地方政府与城投企业债务风险研究报告——山东篇,联合资信评估股份有限公司,2022-09-26,2019-12-31,图表估读值，非表格精确值；仅作阶段性补缺，待山东省及各市财政厅/人大决算附件复核。
CN-370100,济南市,山东省,2020,2108.3,SRC-SECONDARY-RATING-SHANDONG-2019-2021,https://www.lhratings.com/file/f2b0a456299.pdf?download=1,联合资信报告图2.4：济南市2020年红柱按纵轴刻度估读约2108.3亿元,B2,chart_digitized,图2.4 2019—2021年末山东各地级市政府债务余额情况,地方政府与城投企业债务风险研究报告——山东篇,联合资信评估股份有限公司,2022-09-26,2020-12-31,图表估读值，非表格精确值；仅作阶段性补缺，待山东省及各市财政厅/人大决算附件复核。
CN-370100,济南市,山东省,2022,2661.0,SRC-SECONDARY-SHANDONG-2022-CITY-TABLE,https://finance.sina.com.cn/money/bond/2023-04-11/doc-imypzekh7463233.shtml,公开表2：济南市2022年地方政府债务余额为2661.0亿元；表格数值标签直接转录,B2,chart_digitized,表2 山东省各地级市债务情况（按2022年地方政府债务余额降序排列）,山东82个区县2022年经济财政债务大盘点,广发证券发展研究中心等公开研究资料整理,2023-04-11,2022-12-31,公开城市表格标签直接转录；仅作阶段性补缺，待山东省财政厅/各市财政决算附件复核。
CN-370300,淄博市,山东省,2018,568.0,SRC-SECONDARY-SHANDONG-2018-CITY-TABLE,https://finance.sina.cn/bond/zsyj/2019-04-16/detail-ihvhiewr6332368.d.html?source=bdquote,公开文章图表：淄博市2018年政府债务余额标签直接转录为568.0亿元,B2,chart_digitized,2018年山东省各地级市政府债务余额图表,山东48个区县2018年经济财政数据大盘点,公开研究资料整理,2019-04-16,2018-12-31,图表标签可读值，非财政厅原始表格；莱芜未列示不作推算，待山东省财政厅历史年度分地区债务表复核。
CN-370300,淄博市,山东省,2019,628.5,SRC-SECONDARY-RATING-SHANDONG-2019-2021,https://www.lhratings.com/file/f2b0a456299.pdf?download=1,联合资信报告图2.4：淄博市2019年蓝柱按纵轴刻度估读约628.5亿元,B2,chart_digitized,图2.4 2019—2021年末山东各地级市政府债务余额情况,地方政府与城投企业债务风险研究报告——山东篇,联合资信评估股份有限公司,2022-09-26,2019-12-31,图表估读值，非表格精确值；仅作阶段性补缺，待山东省及各市财政厅/人大决算附件复核。
CN-370300,淄博市,山东省,2020,770.6,SRC-SECONDARY-RATING-SHANDONG-2019-2021,https://www.lhratings.com/file/f2b0a456299.pdf?download=1,联合资信报告图2.4：淄博市2020年红柱按纵轴刻度估读约770.6亿元,B2,chart_digitized,图2.4 2019—2021年末山东各地级市政府债务余额情况,地方政府与城投企业债务风险研究报告——山东篇,联合资信评估股份有限公司,2022-09-26,2020-12-31,图表估读值，非表格精确值；仅作阶段性补缺，待山东省及各市财政厅/人大决算附件复核。
CN-370300,淄博市,山东省,2022,1312.0,SRC-SECONDARY-SHANDONG-2022-CITY-TABLE,https://finance.sina.com.cn/money/bond/2023-04-11/doc-imypzekh7463233.shtml,公开表2：淄博市2022年地方政府债务余额为1312.0亿元；表格数值标签直接转录,B2,chart_digitized,表2 山东省各地级市债务情况（按2022年地方政府债务余额降序排列）,山东82个区县2022年经济财政债务大盘点,广发证券发展研究中心等公开研究资料整理,2023-04-11,2022-12-31,公开城市表格标签直接转录；仅作阶段性补缺，待山东省财政厅/各市财政决算附件复核。
CN-370400,枣庄市,山东省,2018,371.3,SRC-SECONDARY-SHANDONG-2018-CITY-TABLE,https://finance.sina.cn/bond/zsyj/2019-04-16/detail-ihvhiewr6332368.d.html?source=bdquote,公开文章图表：枣庄市2018年政府债务余额标签直接转录为371.3亿元,B2,chart_digitized,2018年山东省各地级市政府债务余额图表,山东48个区县2018年经济财政数据大盘点,公开研究资料整理,2019-04-16,2018-12-31,图表标签可读值，非财政厅原始表格；莱芜未列示不作推算，待山东省财政厅历史年度分地区债务表复核。
CN-370400,枣庄市,山东省,2019,413.7,SRC-SECONDARY-RATING-SHANDONG-2019-2021,https://www.lhratings.com/file/f2b0a456299.pdf?download=1,联合资信报告图2.4：枣庄市2019年蓝柱按纵轴刻度估读约413.7亿元,B2,chart_digitized,图2.4 2019—2021年末山东各地级市政府债务余额情况,联合资信评估股份有限公司,2022-09-26,2019-12-31,图表估读值，非表格精确值；仅作阶段性补缺，待山东省及各市财政厅/人大决算附件复核。,
CN-370400,枣庄市,山东省,2020,489.9,SRC-SECONDARY-RATING-SHANDONG-2019-2021,https://www.lhratings.com/file/f2b0a456299.pdf?download=1,联合资信报告图2.4：枣庄市2020年红柱按纵轴刻度估读约489.9亿元,B2,chart_digitized,图2.4 2019—2021年末山东各地级市政府债务余额情况,联合资信评估股份有限公司,2022-09-26,2020-12-31,图表估读值，非表格精确值；仅作阶段性补缺，待山东省及各市财政厅/人大决算附件复核。,
CN-370400,枣庄市,山东省,2022,653.0,SRC-SECONDARY-SHANDONG-2022-CITY-TABLE,https://finance.sina.com.cn/money/bond/2023-04-11/doc-imypzekh7463233.shtml,公开表2：枣庄市2022年地方政府债务余额为653.0亿元；表格数值标签直接转录,B2,chart_digitized,表2 山东省各地级市债务情况（按2022年地方政府债务余额降序排列）,山东82个区县2022年经济财政债务大盘点,广发证券发展研究中心等公开研究资料整理,2023-04-11,2022-12-31,公开城市表格标签直接转录；仅作阶段性补缺，待山东省财政厅/各市财政决算附件复核。
CN-370500,东营市,山东省,2018,312.5,SRC-SECONDARY-SHANDONG-2018-CITY-TABLE,https://finance.sina.cn/bond/zsyj/2019-04-16/detail-ihvhiewr6332368.d.html?source=bdquote,公开文章图表：东营市2018年政府债务余额标签直接转录为312.5亿元,B2,chart_digitized,2018年山东省各地级市政府债务余额图表,山东48个区县2018年经济财政数据大盘点,公开研究资料整理,2019-04-16,2018-12-31,图表标签可读值，非财政厅原始表格；莱芜未列示不作推算，待山东省财政厅历史年度分地区债务表复核。
CN-370500,东营市,山东省,2019,353.2,SRC-SECONDARY-RATING-SHANDONG-2019-2021,https://www.lhratings.com/file/f2b0a456299.pdf?download=1,联合资信报告图2.4：东营市2019年蓝柱按纵轴刻度估读约353.2亿元,B2,chart_digitized,图2.4 2019—2021年末山东各地级市政府债务余额情况,联合资信评估股份有限公司,2022-09-26,2019-12-31,图表估读值，非表格精确值；仅作阶段性补缺，待山东省及各市财政厅/人大决算附件复核。,
CN-370500,东营市,山东省,2020,473.4,SRC-SECONDARY-RATING-SHANDONG-2019-2021,https://www.lhratings.com/file/f2b0a456299.pdf?download=1,联合资信报告图2.4：东营市2020年红柱按纵轴刻度估读约473.4亿元,B2,chart_digitized,图2.4 2019—2021年末山东各地级市政府债务余额情况,联合资信评估股份有限公司,2022-09-26,2020-12-31,图表估读值，非表格精确值；仅作阶段性补缺，待山东省及各市财政厅/人大决算附件复核。,
CN-370500,东营市,山东省,2022,745.0,SRC-SECONDARY-SHANDONG-2022-CITY-TABLE,https://finance.sina.com.cn/money/bond/2023-04-11/doc-imypzekh7463233.shtml,公开表2：东营市2022年地方政府债务余额为745.0亿元；表格数值标签直接转录,B2,chart_digitized,表2 山东省各地级市债务情况（按2022年地方政府债务余额降序排列）,山东82个区县2022年经济财政债务大盘点,广发证券发展研究中心等公开研究资料整理,2023-04-11,2022-12-31,公开城市表格标签直接转录；仅作阶段性补缺，待山东省财政厅/各市财政决算附件复核。
CN-370600,烟台市,山东省,2018,910.2,SRC-SECONDARY-SHANDONG-2018-CITY-TABLE,https://finance.sina.cn/bond/zsyj/2019-04-16/detail-ihvhiewr6332368.d.html?source=bdquote,公开文章图表：烟台市2018年政府债务余额标签直接转录为910.2亿元,B2,chart_digitized,2018年山东省各地级市政府债务余额图表,山东48个区县2018年经济财政数据大盘点,公开研究资料整理,2019-04-16,2018-12-31,图表标签可读值，非财政厅原始表格；莱芜未列示不作推算，待山东省财政厅历史年度分地区债务表复核。
CN-370600,烟台市,山东省,2019,1041.5,SRC-SECONDARY-RATING-SHANDONG-2019-2021,https://www.lhratings.com/file/f2b0a456299.pdf?download=1,联合资信报告图2.4：烟台市2019年蓝柱按纵轴刻度估读约1041.5亿元,B2,chart_digitized,图2.4 2019—2021年末山东各地级市政府债务余额情况,联合资信评估股份有限公司,2022-09-26,2019-12-31,图表估读值，非表格精确值；仅作阶段性补缺，待山东省及各市财政厅/人大决算附件复核。,
CN-370600,烟台市,山东省,2020,1266.1,SRC-SECONDARY-RATING-SHANDONG-2019-2021,https://www.lhratings.com/file/f2b0a456299.pdf?download=1,联合资信报告图2.4：烟台市2020年红柱按纵轴刻度估读约1266.1亿元,B2,chart_digitized,图2.4 2019—2021年末山东各地级市政府债务余额情况,联合资信评估股份有限公司,2022-09-26,2020-12-31,图表估读值，非表格精确值；仅作阶段性补缺，待山东省及各市财政厅/人大决算附件复核。,
CN-370600,烟台市,山东省,2022,1816.0,SRC-SECONDARY-SHANDONG-2022-CITY-TABLE,https://finance.sina.com.cn/money/bond/2023-04-11/doc-imypzekh7463233.shtml,公开表2：烟台市2022年地方政府债务余额为1816.0亿元；表格数值标签直接转录,B2,chart_digitized,表2 山东省各地级市债务情况（按2022年地方政府债务余额降序排列）,山东82个区县2022年经济财政债务大盘点,广发证券发展研究中心等公开研究资料整理,2023-04-11,2022-12-31,公开城市表格标签直接转录；仅作阶段性补缺，待山东省财政厅/各市财政决算附件复核。
CN-370700,潍坊市,山东省,2018,1147.5,SRC-SECONDARY-SHANDONG-2018-CITY-TABLE,https://finance.sina.cn/bond/zsyj/2019-04-16/detail-ihvhiewr6332368.d.html?source=bdquote,公开文章图表：潍坊市2018年政府债务余额标签直接转录为1147.5亿元,B2,chart_digitized,2018年山东省各地级市政府债务余额图表,山东48个区县2018年经济财政数据大盘点,公开研究资料整理,2019-04-16,2018-12-31,图表标签可读值，非财政厅原始表格；莱芜未列示不作推算，待山东省财政厅历史年度分地区债务表复核。
CN-370700,潍坊市,山东省,2019,1261.8,SRC-SECONDARY-RATING-SHANDONG-2019-2021,https://www.lhratings.com/file/f2b0a456299.pdf?download=1,联合资信报告图2.4：潍坊市2019年蓝柱按纵轴刻度估读约1261.8亿元,B2,chart_digitized,图2.4 2019—2021年末山东各地级市政府债务余额情况,联合资信评估股份有限公司,2022-09-26,2019-12-31,图表估读值，非表格精确值；仅作阶段性补缺，待山东省及各市财政厅/人大决算附件复核。,
CN-370700,潍坊市,山东省,2020,1431.2,SRC-SECONDARY-RATING-SHANDONG-2019-2021,https://www.lhratings.com/file/f2b0a456299.pdf?download=1,联合资信报告图2.4：潍坊市2020年红柱按纵轴刻度估读约1431.2亿元,B2,chart_digitized,图2.4 2019—2021年末山东各地级市政府债务余额情况,联合资信评估股份有限公司,2022-09-26,2020-12-31,图表估读值，非表格精确值；仅作阶段性补缺，待山东省及各市财政厅/人大决算附件复核。,
CN-370700,潍坊市,山东省,2022,1910.0,SRC-SECONDARY-SHANDONG-2022-CITY-TABLE,https://finance.sina.com.cn/money/bond/2023-04-11/doc-imypzekh7463233.shtml,公开表2：潍坊市2022年地方政府债务余额为1910.0亿元；表格数值标签直接转录,B2,chart_digitized,表2 山东省各地级市债务情况（按2022年地方政府债务余额降序排列）,山东82个区县2022年经济财政债务大盘点,广发证券发展研究中心等公开研究资料整理,2023-04-11,2022-12-31,公开城市表格标签直接转录；仅作阶段性补缺，待山东省财政厅/各市财政决算附件复核。
CN-370800,济宁市,山东省,2018,730.0,SRC-SECONDARY-SHANDONG-2018-CITY-TABLE,https://finance.sina.cn/bond/zsyj/2019-04-16/detail-ihvhiewr6332368.d.html?source=bdquote,公开文章图表：济宁市2018年政府债务余额标签直接转录为730.0亿元,B2,chart_digitized,2018年山东省各地级市政府债务余额图表,山东48个区县2018年经济财政数据大盘点,公开研究资料整理,2019-04-16,2018-12-31,图表标签可读值，非财政厅原始表格；莱芜未列示不作推算，待山东省财政厅历史年度分地区债务表复核。
CN-370800,济宁市,山东省,2019,837.8,SRC-SECONDARY-RATING-SHANDONG-2019-2021,https://www.lhratings.com/file/f2b0a456299.pdf?download=1,联合资信报告图2.4：济宁市2019年蓝柱按纵轴刻度估读约837.8亿元,B2,chart_digitized,图2.4 2019—2021年末山东各地级市政府债务余额情况,联合资信评估股份有限公司,2022-09-26,2019-12-31,图表估读值，非表格精确值；仅作阶段性补缺，待山东省及各市财政厅/人大决算附件复核。,
CN-370800,济宁市,山东省,2020,1084.4,SRC-SECONDARY-RATING-SHANDONG-2019-2021,https://www.lhratings.com/file/f2b0a456299.pdf?download=1,联合资信报告图2.4：济宁市2020年红柱按纵轴刻度估读约1084.4亿元,B2,chart_digitized,图2.4 2019—2021年末山东各地级市政府债务余额情况,联合资信评估股份有限公司,2022-09-26,2020-12-31,图表估读值，非表格精确值；仅作阶段性补缺，待山东省及各市财政厅/人大决算附件复核。,
CN-370800,济宁市,山东省,2022,1463.0,SRC-SECONDARY-SHANDONG-2022-CITY-TABLE,https://finance.sina.com.cn/money/bond/2023-04-11/doc-imypzekh7463233.shtml,公开表2：济宁市2022年地方政府债务余额为1463.0亿元；表格数值标签直接转录,B2,chart_digitized,表2 山东省各地级市债务情况（按2022年地方政府债务余额降序排列）,山东82个区县2022年经济财政债务大盘点,广发证券发展研究中心等公开研究资料整理,2023-04-11,2022-12-31,公开城市表格标签直接转录；仅作阶段性补缺，待山东省财政厅/各市财政决算附件复核。
CN-370900,泰安市,山东省,2018,517.0,SRC-SECONDARY-SHANDONG-2018-CITY-TABLE,https://finance.sina.cn/bond/zsyj/2019-04-16/detail-ihvhiewr6332368.d.html?source=bdquote,公开文章图表：泰安市2018年政府债务余额标签直接转录为517.0亿元,B2,chart_digitized,2018年山东省各地级市政府债务余额图表,山东48个区县2018年经济财政数据大盘点,公开研究资料整理,2019-04-16,2018-12-31,图表标签可读值，非财政厅原始表格；莱芜未列示不作推算，待山东省财政厅历史年度分地区债务表复核。
CN-370900,泰安市,山东省,2019,601.0,SRC-SECONDARY-RATING-SHANDONG-2019-2021,https://www.lhratings.com/file/f2b0a456299.pdf?download=1,联合资信报告图2.4：泰安市2019年蓝柱按纵轴刻度估读约601.0亿元,B2,chart_digitized,图2.4 2019—2021年末山东各地级市政府债务余额情况,地方政府与城投企业债务风险研究报告——山东篇,联合资信评估股份有限公司,2022-09-26,2019-12-31,图表估读值，非表格精确值；仅作阶段性补缺，待山东省及各市财政厅/人大决算附件复核。
CN-370900,泰安市,山东省,2020,550.5,SRC-SECONDARY-RATING-SHANDONG-2019-2021,https://www.lhratings.com/file/f2b0a456299.pdf?download=1,联合资信报告图2.4：泰安市2020年红柱按纵轴刻度估读约550.5亿元,B2,chart_digitized,图2.4 2019—2021年末山东各地级市政府债务余额情况,地方政府与城投企业债务风险研究报告——山东篇,联合资信评估股份有限公司,2022-09-26,2020-12-31,图表估读值，非表格精确值；仅作阶段性补缺，待山东省及各市财政厅/人大决算附件复核。
CN-370900,泰安市,山东省,2022,832.0,SRC-SECONDARY-SHANDONG-2022-CITY-TABLE,https://finance.sina.com.cn/money/bond/2023-04-11/doc-imypzekh7463233.shtml,公开表2：泰安市2022年地方政府债务余额为832.0亿元；表格数值标签直接转录,B2,chart_digitized,表2 山东省各地级市债务情况（按2022年地方政府债务余额降序排列）,山东82个区县2022年经济财政债务大盘点,广发证券发展研究中心等公开研究资料整理,2023-04-11,2022-12-31,公开城市表格标签直接转录；仅作阶段性补缺，待山东省财政厅/各市财政决算附件复核。
CN-371000,威海市,山东省,2018,561.7,SRC-SECONDARY-SHANDONG-2018-CITY-TABLE,https://finance.sina.cn/bond/zsyj/2019-04-16/detail-ihvhiewr6332368.d.html?source=bdquote,公开文章图表：威海市2018年政府债务余额标签直接转录为561.7亿元,B2,chart_digitized,2018年山东省各地级市政府债务余额图表,山东48个区县2018年经济财政数据大盘点,公开研究资料整理,2019-04-16,2018-12-31,图表标签可读值，非财政厅原始表格；莱芜未列示不作推算，待山东省财政厅历史年度分地区债务表复核。
CN-371000,威海市,山东省,2019,639.5,SRC-SECONDARY-RATING-SHANDONG-2019-2021,https://www.lhratings.com/file/f2b0a456299.pdf?download=1,联合资信报告图2.4：威海市2019年蓝柱按纵轴刻度估读约639.5亿元,B2,chart_digitized,图2.4 2019—2021年末山东各地级市政府债务余额情况,联合资信评估股份有限公司,2022-09-26,2019-12-31,图表估读值，非表格精确值；仅作阶段性补缺，待山东省及各市财政厅/人大决算附件复核。,
CN-371000,威海市,山东省,2020,726.6,SRC-SECONDARY-RATING-SHANDONG-2019-2021,https://www.lhratings.com/file/f2b0a456299.pdf?download=1,联合资信报告图2.4：威海市2020年红柱按纵轴刻度估读约726.6亿元,B2,chart_digitized,图2.4 2019—2021年末山东各地级市政府债务余额情况,联合资信评估股份有限公司,2022-09-26,2020-12-31,图表估读值，非表格精确值；仅作阶段性补缺，待山东省及各市财政厅/人大决算附件复核。,
CN-371000,威海市,山东省,2022,895.0,SRC-SECONDARY-SHANDONG-2022-CITY-TABLE,https://finance.sina.com.cn/money/bond/2023-04-11/doc-imypzekh7463233.shtml,公开表2：威海市2022年地方政府债务余额为895.0亿元；表格数值标签直接转录,B2,chart_digitized,表2 山东省各地级市债务情况（按2022年地方政府债务余额降序排列）,山东82个区县2022年经济财政债务大盘点,广发证券发展研究中心等公开研究资料整理,2023-04-11,2022-12-31,公开城市表格标签直接转录；仅作阶段性补缺，待山东省财政厅/各市财政决算附件复核。
CN-371100,日照市,山东省,2018,261.1,SRC-SECONDARY-SHANDONG-2018-CITY-TABLE,https://finance.sina.cn/bond/zsyj/2019-04-16/detail-ihvhiewr6332368.d.html?source=bdquote,公开文章图表：日照市2018年政府债务余额标签直接转录为261.1亿元,B2,chart_digitized,2018年山东省各地级市政府债务余额图表,山东48个区县2018年经济财政数据大盘点,公开研究资料整理,2019-04-16,2018-12-31,图表标签可读值，非财政厅原始表格；莱芜未列示不作推算，待山东省财政厅历史年度分地区债务表复核。
CN-371100,日照市,山东省,2019,298.1,SRC-SECONDARY-RATING-SHANDONG-2019-2021,https://www.lhratings.com/file/f2b0a456299.pdf?download=1,联合资信报告图2.4：日照市2019年蓝柱按纵轴刻度估读约298.1亿元,B2,chart_digitized,图2.4 2019—2021年末山东各地级市政府债务余额情况,联合资信评估股份有限公司,2022-09-26,2019-12-31,图表估读值，非表格精确值；仅作阶段性补缺，待山东省及各市财政厅/人大决算附件复核。,
CN-371100,日照市,山东省,2020,407.3,SRC-SECONDARY-RATING-SHANDONG-2019-2021,https://www.lhratings.com/file/f2b0a456299.pdf?download=1,联合资信报告图2.4：日照市2020年红柱按纵轴刻度估读约407.3亿元,B2,chart_digitized,图2.4 2019—2021年末山东各地级市政府债务余额情况,联合资信评估股份有限公司,2022-09-26,2020-12-31,图表估读值，非表格精确值；仅作阶段性补缺，待山东省及各市财政厅/人大决算附件复核。,
CN-371100,日照市,山东省,2022,533.0,SRC-SECONDARY-SHANDONG-2022-CITY-TABLE,https://finance.sina.com.cn/money/bond/2023-04-11/doc-imypzekh7463233.shtml,公开表2：日照市2022年地方政府债务余额为533.0亿元；表格数值标签直接转录,B2,chart_digitized,表2 山东省各地级市债务情况（按2022年地方政府债务余额降序排列）,山东82个区县2022年经济财政债务大盘点,广发证券发展研究中心等公开研究资料整理,2023-04-11,2022-12-31,公开城市表格标签直接转录；仅作阶段性补缺，待山东省财政厅/各市财政决算附件复核。
CN-371300,临沂市,山东省,2018,897.9,SRC-SECONDARY-SHANDONG-2018-CITY-TABLE,https://finance.sina.cn/bond/zsyj/2019-04-16/detail-ihvhiewr6332368.d.html?source=bdquote,公开文章图表：临沂市2018年政府债务余额标签直接转录为897.9亿元,B2,chart_digitized,2018年山东省各地级市政府债务余额图表,山东48个区县2018年经济财政数据大盘点,公开研究资料整理,2019-04-16,2018-12-31,图表标签可读值，非财政厅原始表格；莱芜未列示不作推算，待山东省财政厅历史年度分地区债务表复核。
CN-371300,临沂市,山东省,2019,986.4,SRC-SECONDARY-RATING-SHANDONG-2019-2021,https://www.lhratings.com/file/f2b0a456299.pdf?download=1,联合资信报告图2.4：临沂市2019年蓝柱按纵轴刻度估读约986.4亿元,B2,chart_digitized,图2.4 2019—2021年末山东各地级市政府债务余额情况,联合资信评估股份有限公司,2022-09-26,2019-12-31,图表估读值，非表格精确值；仅作阶段性补缺，待山东省及各市财政厅/人大决算附件复核。,
CN-371300,临沂市,山东省,2020,1111.9,SRC-SECONDARY-RATING-SHANDONG-2019-2021,https://www.lhratings.com/file/f2b0a456299.pdf?download=1,联合资信报告图2.4：临沂市2020年红柱按纵轴刻度估读约1111.9亿元,B2,chart_digitized,图2.4 2019—2021年末山东各地级市政府债务余额情况,联合资信评估股份有限公司,2022-09-26,2020-12-31,图表估读值，非表格精确值；仅作阶段性补缺，待山东省及各市财政厅/人大决算附件复核。,
CN-371300,临沂市,山东省,2022,1514.0,SRC-SECONDARY-SHANDONG-2022-CITY-TABLE,https://finance.sina.com.cn/money/bond/2023-04-11/doc-imypzekh7463233.shtml,公开表2：临沂市2022年地方政府债务余额为1514.0亿元；表格数值标签直接转录,B2,chart_digitized,表2 山东省各地级市债务情况（按2022年地方政府债务余额降序排列）,山东82个区县2022年经济财政债务大盘点,广发证券发展研究中心等公开研究资料整理,2023-04-11,2022-12-31,公开城市表格标签直接转录；仅作阶段性补缺，待山东省财政厅/各市财政决算附件复核。
CN-371400,德州市,山东省,2018,609.3,SRC-SECONDARY-SHANDONG-2018-CITY-TABLE,https://finance.sina.cn/bond/zsyj/2019-04-16/detail-ihvhiewr6332368.d.html?source=bdquote,公开文章图表：德州市2018年政府债务余额标签直接转录为609.3亿元,B2,chart_digitized,2018年山东省各地级市政府债务余额图表,山东48个区县2018年经济财政数据大盘点,公开研究资料整理,2019-04-16,2018-12-31,图表标签可读值，非财政厅原始表格；莱芜未列示不作推算，待山东省财政厅历史年度分地区债务表复核。
CN-371400,德州市,山东省,2019,601.0,SRC-SECONDARY-RATING-SHANDONG-2019-2021,https://www.lhratings.com/file/f2b0a456299.pdf?download=1,联合资信报告图2.4：德州市2019年蓝柱按纵轴刻度估读约601.0亿元,B2,chart_digitized,图2.4 2019—2021年末山东各地级市政府债务余额情况,联合资信评估股份有限公司,2022-09-26,2019-12-31,图表估读值，非表格精确值；仅作阶段性补缺，待山东省及各市财政厅/人大决算附件复核。,
CN-371400,德州市,山东省,2020,550.5,SRC-SECONDARY-RATING-SHANDONG-2019-2021,https://www.lhratings.com/file/f2b0a456299.pdf?download=1,联合资信报告图2.4：德州市2020年红柱按纵轴刻度估读约550.5亿元,B2,chart_digitized,图2.4 2019—2021年末山东各地级市政府债务余额情况,联合资信评估股份有限公司,2022-09-26,2020-12-31,图表估读值，非表格精确值；仅作阶段性补缺，待山东省及各市财政厅/人大决算附件复核。,
CN-371400,德州市,山东省,2022,1128.0,SRC-SECONDARY-SHANDONG-2022-CITY-TABLE,https://finance.sina.com.cn/money/bond/2023-04-11/doc-imypzekh7463233.shtml,公开表2：德州市2022年地方政府债务余额为1128.0亿元；表格数值标签直接转录,B2,chart_digitized,表2 山东省各地级市债务情况（按2022年地方政府债务余额降序排列）,山东82个区县2022年经济财政债务大盘点,广发证券发展研究中心等公开研究资料整理,2023-04-11,2022-12-31,公开城市表格标签直接转录；仅作阶段性补缺，待山东省财政厅/各市财政决算附件复核。
CN-371500,聊城市,山东省,2018,367.9,SRC-SECONDARY-SHANDONG-2018-CITY-TABLE,https://finance.sina.cn/bond/zsyj/2019-04-16/detail-ihvhiewr6332368.d.html?source=bdquote,公开文章图表：聊城市2018年政府债务余额标签直接转录为367.9亿元,B2,chart_digitized,2018年山东省各地级市政府债务余额图表,山东48个区县2018年经济财政数据大盘点,公开研究资料整理,2019-04-16,2018-12-31,图表标签可读值，非财政厅原始表格；莱芜未列示不作推算，待山东省财政厅历史年度分地区债务表复核。
CN-371500,聊城市,山东省,2019,441.3,SRC-SECONDARY-RATING-SHANDONG-2019-2021,https://www.lhratings.com/file/f2b0a456299.pdf?download=1,联合资信报告图2.4：聊城市2019年蓝柱按纵轴刻度估读约441.3亿元,B2,chart_digitized,图2.4 2019—2021年末山东各地级市政府债务余额情况,联合资信评估股份有限公司,2022-09-26,2019-12-31,图表估读值，非表格精确值；仅作阶段性补缺，待山东省及各市财政厅/人大决算附件复核。,
CN-371500,聊城市,山东省,2020,616.5,SRC-SECONDARY-RATING-SHANDONG-2019-2021,https://www.lhratings.com/file/f2b0a456299.pdf?download=1,联合资信报告图2.4：聊城市2020年红柱按纵轴刻度估读约616.5亿元,B2,chart_digitized,图2.4 2019—2021年末山东各地级市政府债务余额情况,联合资信评估股份有限公司,2022-09-26,2020-12-31,图表估读值，非表格精确值；仅作阶段性补缺，待山东省及各市财政厅/人大决算附件复核。,
CN-371500,聊城市,山东省,2022,974.0,SRC-SECONDARY-SHANDONG-2022-CITY-TABLE,https://finance.sina.com.cn/money/bond/2023-04-11/doc-imypzekh7463233.shtml,公开表2：聊城市2022年地方政府债务余额为974.0亿元；表格数值标签直接转录,B2,chart_digitized,表2 山东省各地级市债务情况（按2022年地方政府债务余额降序排列）,山东82个区县2022年经济财政债务大盘点,广发证券发展研究中心等公开研究资料整理,2023-04-11,2022-12-31,公开城市表格标签直接转录；仅作阶段性补缺，待山东省财政厅/各市财政决算附件复核。
CN-371600,滨州市,山东省,2018,472.9,SRC-SECONDARY-SHANDONG-2018-CITY-TABLE,https://finance.sina.cn/bond/zsyj/2019-04-16/detail-ihvhiewr6332368.d.html?source=bdquote,公开文章图表：滨州市2018年政府债务余额标签直接转录为472.9亿元,B2,chart_digitized,2018年山东省各地级市政府债务余额图表,山东48个区县2018年经济财政数据大盘点,公开研究资料整理,2019-04-16,2018-12-31,图表标签可读值，非财政厅原始表格；莱芜未列示不作推算，待山东省财政厅历史年度分地区债务表复核。
CN-371600,滨州市,山东省,2019,512.9,SRC-SECONDARY-RATING-SHANDONG-2019-2021,https://www.lhratings.com/file/f2b0a456299.pdf?download=1,联合资信报告图2.4：滨州市2019年蓝柱按纵轴刻度估读约512.9亿元,B2,chart_digitized,图2.4 2019—2021年末山东各地级市政府债务余额情况,联合资信评估股份有限公司,2022-09-26,2019-12-31,图表估读值，非表格精确值；仅作阶段性补缺，待山东省及各市财政厅/人大决算附件复核。,
CN-371600,滨州市,山东省,2020,748.6,SRC-SECONDARY-RATING-SHANDONG-2019-2021,https://www.lhratings.com/file/f2b0a456299.pdf?download=1,联合资信报告图2.4：滨州市2020年红柱按纵轴刻度估读约748.6亿元,B2,chart_digitized,图2.4 2019—2021年末山东各地级市政府债务余额情况,联合资信评估股份有限公司,2022-09-26,2020-12-31,图表估读值，非表格精确值；仅作阶段性补缺，待山东省及各市财政厅/人大决算附件复核。,
CN-371600,滨州市,山东省,2022,1080.0,SRC-SECONDARY-SHANDONG-2022-CITY-TABLE,https://finance.sina.com.cn/money/bond/2023-04-11/doc-imypzekh7463233.shtml,公开表2：滨州市2022年地方政府债务余额为1080.0亿元；表格数值标签直接转录,B2,chart_digitized,表2 山东省各地级市债务情况（按2022年地方政府债务余额降序排列）,山东82个区县2022年经济财政债务大盘点,广发证券发展研究中心等公开研究资料整理,2023-04-11,2022-12-31,公开城市表格标签直接转录；仅作阶段性补缺，待山东省财政厅/各市财政决算附件复核。
CN-371700,菏泽市,山东省,2018,398.1,SRC-SECONDARY-SHANDONG-2018-CITY-TABLE,https://finance.sina.cn/bond/zsyj/2019-04-16/detail-ihvhiewr6332368.d.html?source=bdquote,公开文章图表：菏泽市2018年政府债务余额标签直接转录为398.1亿元,B2,chart_digitized,2018年山东省各地级市政府债务余额图表,山东48个区县2018年经济财政数据大盘点,公开研究资料整理,2019-04-16,2018-12-31,图表标签可读值，非财政厅原始表格；莱芜未列示不作推算，待山东省财政厅历史年度分地区债务表复核。
CN-371700,菏泽市,山东省,2019,468.8,SRC-SECONDARY-RATING-SHANDONG-2019-2021,https://www.lhratings.com/file/f2b0a456299.pdf?download=1,联合资信报告图2.4：菏泽市2019年蓝柱按纵轴刻度估读约468.8亿元,B2,chart_digitized,图2.4 2019—2021年末山东各地级市政府债务余额情况,联合资信评估股份有限公司,2022-09-26,2019-12-31,图表估读值，非表格精确值；仅作阶段性补缺，待山东省及各市财政厅/人大决算附件复核。,
CN-371700,菏泽市,山东省,2020,858.7,SRC-SECONDARY-RATING-SHANDONG-2019-2021,https://www.lhratings.com/file/f2b0a456299.pdf?download=1,联合资信报告图2.4：菏泽市2020年红柱按纵轴刻度估读约858.7亿元,B2,chart_digitized,图2.4 2019—2021年末山东各地级市政府债务余额情况,联合资信评估股份有限公司,2022-09-26,2020-12-31,图表估读值，非表格精确值；仅作阶段性补缺，待山东省及各市财政厅/人大决算附件复核。,
CN-371700,菏泽市,山东省,2022,1199.0,SRC-SECONDARY-SHANDONG-2022-CITY-TABLE,https://finance.sina.com.cn/money/bond/2023-04-11/doc-imypzekh7463233.shtml,公开表2：菏泽市2022年地方政府债务余额为1199.0亿元；表格数值标签直接转录,B2,chart_digitized,表2 山东省各地级市债务情况（按2022年地方政府债务余额降序排列）,山东82个区县2022年经济财政债务大盘点,广发证券发展研究中心等公开研究资料整理,2023-04-11,2022-12-31,公开城市表格标签直接转录；仅作阶段性补缺，待山东省财政厅/各市财政决算附件复核。
CN-410100,郑州市,河南省,2018,1784.9,SRC-SECONDARY-RATING-HENAN-2017-2019-CITY-CHART,https://www.lhratings.com/file/fc967c09-6779-4871-bf59-e89bebc03fc1.pdf,联合资信旧版报告图8：郑州市2018年柱按纵轴刻度估读约1784.9亿元,B2,chart_digitized,图8 截至2019年底河南省各地市政府债务余额情况,地方政府与城投企业债务风险研究报告—河南篇,联合资信评估股份有限公司,2020-12-28,2018-12-31,联合资信图表估读值；仅作阶段性补缺，待河南省及各市财政厅/人大决算附件复核。
CN-410100,郑州市,河南省,2019,1967.32,SRC-SECONDARY-CCXI-HENAN-2019-CITY-TABLE,https://static.sse.com.cn/bond/bridge2/disclosure/announcement/c/202103/016617_20210315_ZR1X.pdf,中诚信国际表2：郑州市2019年政府债务余额为1967.32亿元,B2,published_text,表2 2019年河南省下辖各市经济及财政概况,地方政府与城投企业债务风险研究报告—河南篇,中诚信国际信用评级有限责任公司,2021-03-15,2019-12-31,公开报告表2直接转录；报告脚注为各地市政府官方网站及中诚信国际整理，待回溯原始财政附件复核。
CN-410100,郑州市,河南省,2021,2503.8,SRC-SECONDARY-RATING-HENAN-2020-2022-CITY-CHART,https://www.sohu.com/a/745068337_121123798,联合资信报告图10：郑州市2021年柱按纵轴刻度估读约2503.8亿元；郑州、南阳、济源正文分别披露为2503.80、835.82、100.70亿元,B2,published_text,图10 2020—2022年末河南省各地市政府债务余额情况,地方政府与城投企业债务风险研究报告—河南篇,联合资信评估股份有限公司,2023-12-18,2021-12-31,联合资信报告图10图表估读值；正文精确披露的城市已采用正文值；其余仅作阶段性补缺，待河南省及各市财政厅/人大决算附件复核。
CN-410100,郑州市,河南省,2022,2931.53,SRC-SECONDARY-RATING-HENAN-2020-2022-CITY-CHART,https://www.sohu.com/a/745068337_121123798,联合资信报告图10：郑州市2022年柱按纵轴刻度估读约2931.53亿元；郑州、南阳、济源正文分别披露为2931.53、1077.80、128.20亿元,B2,published_text,图10 2020—2022年末河南省各地市政府债务余额情况,地方政府与城投企业债务风险研究报告—河南篇,联合资信评估股份有限公司,2023-12-18,2022-12-31,联合资信报告图10图表估读值；正文精确披露的城市已采用正文值；其余仅作阶段性补缺，待河南省及各市财政厅/人大决算附件复核。
CN-410200,开封市,河南省,2018,268.3,SRC-SECONDARY-RATING-HENAN-2017-2019-CITY-CHART,https://www.lhratings.com/file/fc967c09-6779-4871-bf59-e89bebc03fc1.pdf,联合资信旧版报告图8：开封市2018年柱按纵轴刻度估读约268.3亿元,B2,chart_digitized,图8 截至2019年底河南省各地市政府债务余额情况,地方政府与城投企业债务风险研究报告—河南篇,联合资信评估股份有限公司,2020-12-28,2018-12-31,联合资信图表估读值；仅作阶段性补缺，待河南省及各市财政厅/人大决算附件复核。
CN-410200,开封市,河南省,2019,315.2,SRC-SECONDARY-CCXI-HENAN-2019-CITY-TABLE,https://static.sse.com.cn/bond/bridge2/disclosure/announcement/c/202103/016617_20210315_ZR1X.pdf,中诚信国际表2：开封市2019年政府债务余额为315.2亿元,B2,published_text,表2 2019年河南省下辖各市经济及财政概况,地方政府与城投企业债务风险研究报告—河南篇,中诚信国际信用评级有限责任公司,2021-03-15,2019-12-31,公开报告表2直接转录；报告脚注为各地市政府官方网站及中诚信国际整理，待回溯原始财政附件复核。
CN-410200,开封市,河南省,2021,564.5,SRC-SECONDARY-RATING-HENAN-2020-2022-CITY-CHART,https://www.sohu.com/a/745068337_121123798,联合资信报告图10：开封市2021年柱按纵轴刻度估读约564.5亿元；郑州、南阳、济源正文分别披露为2503.80、835.82、100.70亿元,B2,chart_digitized,图10 2020—2022年末河南省各地市政府债务余额情况,地方政府与城投企业债务风险研究报告—河南篇,联合资信评估股份有限公司,2023-12-18,2021-12-31,联合资信报告图10图表估读值；正文精确披露的城市已采用正文值；其余仅作阶段性补缺，待河南省及各市财政厅/人大决算附件复核。
CN-410200,开封市,河南省,2022,669.6,SRC-SECONDARY-RATING-HENAN-2020-2022-CITY-CHART,https://www.sohu.com/a/745068337_121123798,联合资信报告图10：开封市2022年柱按纵轴刻度估读约669.6亿元；郑州、南阳、济源正文分别披露为2931.53、1077.80、128.20亿元,B2,chart_digitized,图10 2020—2022年末河南省各地市政府债务余额情况,地方政府与城投企业债务风险研究报告—河南篇,联合资信评估股份有限公司,2023-12-18,2022-12-31,联合资信报告图10图表估读值；正文精确披露的城市已采用正文值；其余仅作阶段性补缺，待河南省及各市财政厅/人大决算附件复核。
CN-410300,洛阳市,河南省,2018,401.7,SRC-SECONDARY-RATING-HENAN-2017-2019-CITY-CHART,https://www.lhratings.com/file/fc967c09-6779-4871-bf59-e89bebc03fc1.pdf,联合资信旧版报告图8：洛阳市2018年柱按纵轴刻度估读约401.7亿元,B2,chart_digitized,图8 截至2019年底河南省各地市政府债务余额情况,地方政府与城投企业债务风险研究报告—河南篇,联合资信评估股份有限公司,2020-12-28,2018-12-31,联合资信图表估读值；仅作阶段性补缺，待河南省及各市财政厅/人大决算附件复核。
CN-410300,洛阳市,河南省,2019,455.9,SRC-SECONDARY-CCXI-HENAN-2019-CITY-TABLE,https://static.sse.com.cn/bond/bridge2/disclosure/announcement/c/202103/016617_20210315_ZR1X.pdf,中诚信国际表2：洛阳市2019年政府债务余额为455.9亿元,B2,published_text,表2 2019年河南省下辖各市经济及财政概况,地方政府与城投企业债务风险研究报告—河南篇,中诚信国际信用评级有限责任公司,2021-03-15,2019-12-31,公开报告表2直接转录；报告脚注为各地市政府官方网站及中诚信国际整理，待回溯原始财政附件复核。
CN-410300,洛阳市,河南省,2020,621,SRC-SECONDARY-RATING-HENAN-2020-2022-CITY-CHART,https://www.sohu.com/a/745068337_121123798,联合资信报告图10：洛阳市2020年柱按纵轴刻度估读约621亿元,B2,chart_digitized,图10 2020—2022年末河南省各地市政府债务余额情况,地方政府与城投企业债务风险研究报告—河南篇,联合资信评估股份有限公司,2023-12-18,2020-12-31,联合资信报告图10图表估读值；正文精确披露的城市已采用正文值；其余仅作阶段性补缺，待河南省及各市财政厅/人大决算附件复核。
CN-410300,洛阳市,河南省,2021,621,SRC-SECONDARY-RATING-HENAN-2020-2022-CITY-CHART,https://www.sohu.com/a/745068337_121123798,联合资信报告图10：洛阳市2021年柱按纵轴刻度估读约621亿元；郑州、南阳、济源正文分别披露为2503.80、835.82、100.70亿元,B2,chart_digitized,图10 2020—2022年末河南省各地市政府债务余额情况,地方政府与城投企业债务风险研究报告—河南篇,联合资信评估股份有限公司,2023-12-18,2021-12-31,联合资信报告图10图表估读值；正文精确披露的城市已采用正文值；其余仅作阶段性补缺，待河南省及各市财政厅/人大决算附件复核。
CN-410300,洛阳市,河南省,2022,766.4,SRC-SECONDARY-RATING-HENAN-2020-2022-CITY-CHART,https://www.sohu.com/a/745068337_121123798,联合资信报告图10：洛阳市2022年柱按纵轴刻度估读约766.4亿元；郑州、南阳、济源正文分别披露为2931.53、1077.80、128.20亿元,B2,chart_digitized,图10 2020—2022年末河南省各地市政府债务余额情况,地方政府与城投企业债务风险研究报告—河南篇,联合资信评估股份有限公司,2023-12-18,2022-12-31,联合资信报告图10图表估读值；正文精确披露的城市已采用正文值；其余仅作阶段性补缺，待河南省及各市财政厅/人大决算附件复核。
CN-410400,平顶山市,河南省,2018,219.7,SRC-SECONDARY-RATING-HENAN-2017-2019-CITY-CHART,https://www.lhratings.com/file/fc967c09-6779-4871-bf59-e89bebc03fc1.pdf,联合资信旧版报告图8：平顶山市2018年柱按纵轴刻度估读约219.7亿元,B2,chart_digitized,图8 截至2019年底河南省各地市政府债务余额情况,地方政府与城投企业债务风险研究报告—河南篇,联合资信评估股份有限公司,2020-12-28,2018-12-31,联合资信图表估读值；仅作阶段性补缺，待河南省及各市财政厅/人大决算附件复核。
CN-410400,平顶山市,河南省,2019,266.81,SRC-SECONDARY-CCXI-HENAN-2019-CITY-TABLE,https://static.sse.com.cn/bond/bridge2/disclosure/announcement/c/202103/016617_20210315_ZR1X.pdf,中诚信国际表2：平顶山市2019年政府债务余额为266.81亿元,B2,published_text,表2 2019年河南省下辖各市经济及财政概况,地方政府与城投企业债务风险研究报告—河南篇,中诚信国际信用评级有限责任公司,2021-03-15,2019-12-31,公开报告表2直接转录；报告脚注为各地市政府官方网站及中诚信国际整理，待回溯原始财政附件复核。
CN-410400,平顶山市,河南省,2021,386.8,SRC-SECONDARY-RATING-HENAN-2020-2022-CITY-CHART,https://www.sohu.com/a/745068337_121123798,联合资信报告图10：平顶山市2021年柱按纵轴刻度估读约386.8亿元；郑州、南阳、济源正文分别披露为2503.80、835.82、100.70亿元,B2,chart_digitized,图10 2020—2022年末河南省各地市政府债务余额情况,地方政府与城投企业债务风险研究报告—河南篇,联合资信评估股份有限公司,2023-12-18,2021-12-31,联合资信报告图10图表估读值；正文精确披露的城市已采用正文值；其余仅作阶段性补缺，待河南省及各市财政厅/人大决算附件复核。
CN-410400,平顶山市,河南省,2022,467.5,SRC-SECONDARY-RATING-HENAN-2020-2022-CITY-CHART,https://www.sohu.com/a/745068337_121123798,联合资信报告图10：平顶山市2022年柱按纵轴刻度估读约467.5亿元；郑州、南阳、济源正文分别披露为2931.53、1077.80、128.20亿元,B2,chart_digitized,图10 2020—2022年末河南省各地市政府债务余额情况,地方政府与城投企业债务风险研究报告—河南篇,联合资信评估股份有限公司,2023-12-18,2022-12-31,联合资信报告图10图表估读值；正文精确披露的城市已采用正文值；其余仅作阶段性补缺，待河南省及各市财政厅/人大决算附件复核。
CN-410500,安阳市,河南省,2018,256.1,SRC-SECONDARY-RATING-HENAN-2017-2019-CITY-CHART,https://www.lhratings.com/file/fc967c09-6779-4871-bf59-e89bebc03fc1.pdf,联合资信旧版报告图8：安阳市2018年柱按纵轴刻度估读约256.1亿元,B2,chart_digitized,图8 截至2019年底河南省各地市政府债务余额情况,地方政府与城投企业债务风险研究报告—河南篇,联合资信评估股份有限公司,2020-12-28,2018-12-31,联合资信图表估读值；仅作阶段性补缺，待河南省及各市财政厅/人大决算附件复核。
CN-410500,安阳市,河南省,2019,309.3,SRC-SECONDARY-CCXI-HENAN-2019-CITY-TABLE,https://static.sse.com.cn/bond/bridge2/disclosure/announcement/c/202103/016617_20210315_ZR1X.pdf,中诚信国际表2：安阳市2019年政府债务余额为309.3亿元,B2,published_text,表2 2019年河南省下辖各市经济及财政概况,地方政府与城投企业债务风险研究报告—河南篇,中诚信国际信用评级有限责任公司,2021-03-15,2019-12-31,公开报告表2直接转录；报告脚注为各地市政府官方网站及中诚信国际整理，待回溯原始财政附件复核。
CN-410500,安阳市,河南省,2020,394.8,SRC-SECONDARY-RATING-HENAN-2020-2022-CITY-CHART,https://www.sohu.com/a/745068337_121123798,联合资信报告图10：安阳市2020年柱按纵轴刻度估读约394.8亿元,B2,chart_digitized,图10 2020—2022年末河南省各地市政府债务余额情况,地方政府与城投企业债务风险研究报告—河南篇,联合资信评估股份有限公司,2023-12-18,2020-12-31,联合资信报告图10图表估读值；正文精确披露的城市已采用正文值；其余仅作阶段性补缺，待河南省及各市财政厅/人大决算附件复核。
CN-410500,安阳市,河南省,2021,491.8,SRC-SECONDARY-RATING-HENAN-2020-2022-CITY-CHART,https://www.sohu.com/a/745068337_121123798,联合资信报告图10：安阳市2021年柱按纵轴刻度估读约491.8亿元；郑州、南阳、济源正文分别披露为2503.80、835.82、100.70亿元,B2,chart_digitized,图10 2020—2022年末河南省各地市政府债务余额情况,地方政府与城投企业债务风险研究报告—河南篇,联合资信评估股份有限公司,2023-12-18,2021-12-31,联合资信报告图10图表估读值；正文精确披露的城市已采用正文值；其余仅作阶段性补缺，待河南省及各市财政厅/人大决算附件复核。
CN-410500,安阳市,河南省,2022,621,SRC-SECONDARY-RATING-HENAN-2020-2022-CITY-CHART,https://www.sohu.com/a/745068337_121123798,联合资信报告图10：安阳市2022年柱按纵轴刻度估读约621亿元；郑州、南阳、济源正文分别披露为2931.53、1077.80、128.20亿元,B2,chart_digitized,图10 2020—2022年末河南省各地市政府债务余额情况,地方政府与城投企业债务风险研究报告—河南篇,联合资信评估股份有限公司,2023-12-18,2022-12-31,联合资信报告图10图表估读值；正文精确披露的城市已采用正文值；其余仅作阶段性补缺，待河南省及各市财政厅/人大决算附件复核。
CN-410600,鹤壁市,河南省,2018,134.8,SRC-SECONDARY-RATING-HENAN-2017-2019-CITY-CHART,https://www.lhratings.com/file/fc967c09-6779-4871-bf59-e89bebc03fc1.pdf,联合资信旧版报告图8：鹤壁市2018年柱按纵轴刻度估读约134.8亿元,B2,chart_digitized,图8 截至2019年底河南省各地市政府债务余额情况,地方政府与城投企业债务风险研究报告—河南篇,联合资信评估股份有限公司,2020-12-28,2018-12-31,联合资信图表估读值；仅作阶段性补缺，待河南省及各市财政厅/人大决算附件复核。
CN-410600,鹤壁市,河南省,2019,153.42,SRC-SECONDARY-CCXI-HENAN-2019-CITY-TABLE,https://static.sse.com.cn/bond/bridge2/disclosure/announcement/c/202103/016617_20210315_ZR1X.pdf,中诚信国际表2：鹤壁市2019年政府债务余额为153.42亿元,B2,published_text,表2 2019年河南省下辖各市经济及财政概况,地方政府与城投企业债务风险研究报告—河南篇,中诚信国际信用评级有限责任公司,2021-03-15,2019-12-31,公开报告表2直接转录；报告脚注为各地市政府官方网站及中诚信国际整理，待回溯原始财政附件复核。
CN-410600,鹤壁市,河南省,2020,346.3,SRC-SECONDARY-RATING-HENAN-2020-2022-CITY-CHART,https://www.sohu.com/a/745068337_121123798,联合资信报告图10：鹤壁市2020年柱按纵轴刻度估读约346.3亿元,B2,chart_digitized,图10 2020—2022年末河南省各地市政府债务余额情况,地方政府与城投企业债务风险研究报告—河南篇,联合资信评估股份有限公司,2023-12-18,2020-12-31,联合资信报告图10图表估读值；正文精确披露的城市已采用正文值；其余仅作阶段性补缺，待河南省及各市财政厅/人大决算附件复核。
CN-410600,鹤壁市,河南省,2021,419,SRC-SECONDARY-RATING-HENAN-2020-2022-CITY-CHART,https://www.sohu.com/a/745068337_121123798,联合资信报告图10：鹤壁市2021年柱按纵轴刻度估读约419亿元；郑州、南阳、济源正文分别披露为2503.80、835.82、100.70亿元,B2,chart_digitized,图10 2020—2022年末河南省各地市政府债务余额情况,地方政府与城投企业债务风险研究报告—河南篇,联合资信评估股份有限公司,2023-12-18,2021-12-31,联合资信报告图10图表估读值；正文精确披露的城市已采用正文值；其余仅作阶段性补缺，待河南省及各市财政厅/人大决算附件复核。
CN-410600,鹤壁市,河南省,2022,540.2,SRC-SECONDARY-RATING-HENAN-2020-2022-CITY-CHART,https://www.sohu.com/a/745068337_121123798,联合资信报告图10：鹤壁市2022年柱按纵轴刻度估读约540.2亿元；郑州、南阳、济源正文分别披露为2931.53、1077.80、128.20亿元,B2,chart_digitized,图10 2020—2022年末河南省各地市政府债务余额情况,地方政府与城投企业债务风险研究报告—河南篇,联合资信评估股份有限公司,2023-12-18,2022-12-31,联合资信报告图10图表估读值；正文精确披露的城市已采用正文值；其余仅作阶段性补缺，待河南省及各市财政厅/人大决算附件复核。
CN-410700,新乡市,河南省,2018,280.4,SRC-SECONDARY-RATING-HENAN-2017-2019-CITY-CHART,https://www.lhratings.com/file/fc967c09-6779-4871-bf59-e89bebc03fc1.pdf,联合资信旧版报告图8：新乡市2018年柱按纵轴刻度估读约280.4亿元,B2,chart_digitized,图8 截至2019年底河南省各地市政府债务余额情况,地方政府与城投企业债务风险研究报告—河南篇,联合资信评估股份有限公司,2020-12-28,2018-12-31,联合资信图表估读值；仅作阶段性补缺，待河南省及各市财政厅/人大决算附件复核。
CN-410700,新乡市,河南省,2019,325.3,SRC-SECONDARY-CCXI-HENAN-2019-CITY-TABLE,https://static.sse.com.cn/bond/bridge2/disclosure/announcement/c/202103/016617_20210315_ZR1X.pdf,中诚信国际表2：新乡市2019年政府债务余额为325.3亿元,B2,published_text,表2 2019年河南省下辖各市经济及财政概况,地方政府与城投企业债务风险研究报告—河南篇,中诚信国际信用评级有限责任公司,2021-03-15,2019-12-31,公开报告表2直接转录；报告脚注为各地市政府官方网站及中诚信国际整理，待回溯原始财政附件复核。
CN-410700,新乡市,河南省,2020,467.5,SRC-SECONDARY-RATING-HENAN-2020-2022-CITY-CHART,https://www.sohu.com/a/745068337_121123798,联合资信报告图10：新乡市2020年柱按纵轴刻度估读约467.5亿元,B2,chart_digitized,图10 2020—2022年末河南省各地市政府债务余额情况,地方政府与城投企业债务风险研究报告—河南篇,联合资信评估股份有限公司,2023-12-18,2020-12-31,联合资信报告图10图表估读值；正文精确披露的城市已采用正文值；其余仅作阶段性补缺，待河南省及各市财政厅/人大决算附件复核。
CN-410700,新乡市,河南省,2021,532.1,SRC-SECONDARY-RATING-HENAN-2020-2022-CITY-CHART,https://www.sohu.com/a/745068337_121123798,联合资信报告图10：新乡市2021年柱按纵轴刻度估读约532.1亿元；郑州、南阳、济源正文分别披露为2503.80、835.82、100.70亿元,B2,chart_digitized,图10 2020—2022年末河南省各地市政府债务余额情况,地方政府与城投企业债务风险研究报告—河南篇,联合资信评估股份有限公司,2023-12-18,2021-12-31,联合资信报告图10图表估读值；正文精确披露的城市已采用正文值；其余仅作阶段性补缺，待河南省及各市财政厅/人大决算附件复核。
CN-410700,新乡市,河南省,2022,653.4,SRC-SECONDARY-RATING-HENAN-2020-2022-CITY-CHART,https://www.sohu.com/a/745068337_121123798,联合资信报告图10：新乡市2022年柱按纵轴刻度估读约653.4亿元；郑州、南阳、济源正文分别披露为2931.53、1077.80、128.20亿元,B2,chart_digitized,图10 2020—2022年末河南省各地市政府债务余额情况,地方政府与城投企业债务风险研究报告—河南篇,联合资信评估股份有限公司,2023-12-18,2022-12-31,联合资信报告图10图表估读值；正文精确披露的城市已采用正文值；其余仅作阶段性补缺，待河南省及各市财政厅/人大决算附件复核。
CN-410800,焦作市,河南省,2018,159.1,SRC-SECONDARY-RATING-HENAN-2017-2019-CITY-CHART,https://www.lhratings.com/file/fc967c09-6779-4871-bf59-e89bebc03fc1.pdf,联合资信旧版报告图8：焦作市2018年柱按纵轴刻度估读约159.1亿元,B2,chart_digitized,图8 截至2019年底河南省各地市政府债务余额情况,地方政府与城投企业债务风险研究报告—河南篇,联合资信评估股份有限公司,2020-12-28,2018-12-31,联合资信图表估读值；仅作阶段性补缺，待河南省及各市财政厅/人大决算附件复核。
CN-410800,焦作市,河南省,2019,191,SRC-SECONDARY-CCXI-HENAN-2019-CITY-TABLE,https://static.sse.com.cn/bond/bridge2/disclosure/announcement/c/202103/016617_20210315_ZR1X.pdf,中诚信国际表2：焦作市2019年政府债务余额为191亿元,B2,published_text,表2 2019年河南省下辖各市经济及财政概况,地方政府与城投企业债务风险研究报告—河南篇,中诚信国际信用评级有限责任公司,2021-03-15,2019-12-31,公开报告表2直接转录；报告脚注为各地市政府官方网站及中诚信国际整理，待回溯原始财政附件复核。
CN-410800,焦作市,河南省,2021,637.2,SRC-SECONDARY-RATING-HENAN-2020-2022-CITY-CHART,https://www.sohu.com/a/745068337_121123798,联合资信报告图10：焦作市2021年柱按纵轴刻度估读约637.2亿元；郑州、南阳、济源正文分别披露为2503.80、835.82、100.70亿元,B2,chart_digitized,图10 2020—2022年末河南省各地市政府债务余额情况,地方政府与城投企业债务风险研究报告—河南篇,联合资信评估股份有限公司,2023-12-18,2021-12-31,联合资信报告图10图表估读值；正文精确披露的城市已采用正文值；其余仅作阶段性补缺，待河南省及各市财政厅/人大决算附件复核。
CN-410800,焦作市,河南省,2022,839.1,SRC-SECONDARY-RATING-HENAN-2020-2022-CITY-CHART,https://www.sohu.com/a/745068337_121123798,联合资信报告图10：焦作市2022年柱按纵轴刻度估读约839.1亿元；郑州、南阳、济源正文分别披露为2931.53、1077.80、128.20亿元,B2,chart_digitized,图10 2020—2022年末河南省各地市政府债务余额情况,地方政府与城投企业债务风险研究报告—河南篇,联合资信评估股份有限公司,2023-12-18,2022-12-31,联合资信报告图10图表估读值；正文精确披露的城市已采用正文值；其余仅作阶段性补缺，待河南省及各市财政厅/人大决算附件复核。
CN-410900,濮阳市,河南省,2018,219.7,SRC-SECONDARY-RATING-HENAN-2017-2019-CITY-CHART,https://www.lhratings.com/file/fc967c09-6779-4871-bf59-e89bebc03fc1.pdf,联合资信旧版报告图8：濮阳市2018年柱按纵轴刻度估读约219.7亿元,B2,chart_digitized,图8 截至2019年底河南省各地市政府债务余额情况,地方政府与城投企业债务风险研究报告—河南篇,联合资信评估股份有限公司,2020-12-28,2018-12-31,联合资信图表估读值；仅作阶段性补缺，待河南省及各市财政厅/人大决算附件复核。
CN-410900,濮阳市,河南省,2019,277.4,SRC-SECONDARY-CCXI-HENAN-2019-CITY-TABLE,https://static.sse.com.cn/bond/bridge2/disclosure/announcement/c/202103/016617_20210315_ZR1X.pdf,中诚信国际表2：濮阳市2019年政府债务余额为277.4亿元,B2,published_text,表2 2019年河南省下辖各市经济及财政概况,地方政府与城投企业债务风险研究报告—河南篇,中诚信国际信用评级有限责任公司,2021-03-15,2019-12-31,公开报告表2直接转录；报告脚注为各地市政府官方网站及中诚信国际整理，待回溯原始财政附件复核。
CN-410900,濮阳市,河南省,2020,192.9,SRC-SECONDARY-RATING-HENAN-2020-2022-CITY-CHART,https://www.sohu.com/a/745068337_121123798,联合资信报告图10：濮阳市2020年柱按纵轴刻度估读约192.9亿元,B2,chart_digitized,图10 2020—2022年末河南省各地市政府债务余额情况,地方政府与城投企业债务风险研究报告—河南篇,联合资信评估股份有限公司,2023-12-18,2020-12-31,联合资信报告图10图表估读值；正文精确披露的城市已采用正文值；其余仅作阶段性补缺，待河南省及各市财政厅/人大决算附件复核。
CN-410900,濮阳市,河南省,2021,265.6,SRC-SECONDARY-RATING-HENAN-2020-2022-CITY-CHART,https://www.sohu.com/a/745068337_121123798,联合资信报告图10：濮阳市2021年柱按纵轴刻度估读约265.6亿元；郑州、南阳、济源正文分别披露为2503.80、835.82、100.70亿元,B2,chart_digitized,图10 2020—2022年末河南省各地市政府债务余额情况,地方政府与城投企业债务风险研究报告—河南篇,联合资信评估股份有限公司,2023-12-18,2021-12-31,联合资信报告图10图表估读值；正文精确披露的城市已采用正文值；其余仅作阶段性补缺，待河南省及各市财政厅/人大决算附件复核。
CN-410900,濮阳市,河南省,2022,322.1,SRC-SECONDARY-RATING-HENAN-2020-2022-CITY-CHART,https://www.sohu.com/a/745068337_121123798,联合资信报告图10：濮阳市2022年柱按纵轴刻度估读约322.1亿元；郑州、南阳、济源正文分别披露为2931.53、1077.80、128.20亿元,B2,chart_digitized,图10 2020—2022年末河南省各地市政府债务余额情况,地方政府与城投企业债务风险研究报告—河南篇,联合资信评估股份有限公司,2023-12-18,2022-12-31,联合资信报告图10图表估读值；正文精确披露的城市已采用正文值；其余仅作阶段性补缺，待河南省及各市财政厅/人大决算附件复核。
CN-411000,许昌市,河南省,2018,256.1,SRC-SECONDARY-RATING-HENAN-2017-2019-CITY-CHART,https://www.lhratings.com/file/fc967c09-6779-4871-bf59-e89bebc03fc1.pdf,联合资信旧版报告图8：许昌市2018年柱按纵轴刻度估读约256.1亿元,B2,chart_digitized,图8 截至2019年底河南省各地市政府债务余额情况,地方政府与城投企业债务风险研究报告—河南篇,联合资信评估股份有限公司,2020-12-28,2018-12-31,联合资信图表估读值；仅作阶段性补缺，待河南省及各市财政厅/人大决算附件复核。
CN-411000,许昌市,河南省,2019,319.1,SRC-SECONDARY-CCXI-HENAN-2019-CITY-TABLE,https://static.sse.com.cn/bond/bridge2/disclosure/announcement/c/202103/016617_20210315_ZR1X.pdf,中诚信国际表2：许昌市2019年政府债务余额为319.1亿元,B2,published_text,表2 2019年河南省下辖各市经济及财政概况,地方政府与城投企业债务风险研究报告—河南篇,中诚信国际信用评级有限责任公司,2021-03-15,2019-12-31,公开报告表2直接转录；报告脚注为各地市政府官方网站及中诚信国际整理，待回溯原始财政附件复核。
CN-411000,许昌市,河南省,2020,402.9,SRC-SECONDARY-RATING-HENAN-2020-2022-CITY-CHART,https://www.sohu.com/a/745068337_121123798,联合资信报告图10：许昌市2020年柱按纵轴刻度估读约402.9亿元,B2,chart_digitized,图10 2020—2022年末河南省各地市政府债务余额情况,地方政府与城投企业债务风险研究报告—河南篇,联合资信评估股份有限公司,2023-12-18,2020-12-31,联合资信报告图10图表估读值；正文精确披露的城市已采用正文值；其余仅作阶段性补缺，待河南省及各市财政厅/人大决算附件复核。
CN-411000,许昌市,河南省,2021,588.7,SRC-SECONDARY-RATING-HENAN-2020-2022-CITY-CHART,https://www.sohu.com/a/745068337_121123798,联合资信报告图10：许昌市2021年柱按纵轴刻度估读约588.7亿元；郑州、南阳、济源正文分别披露为2503.80、835.82、100.70亿元,B2,chart_digitized,图10 2020—2022年末河南省各地市政府债务余额情况,地方政府与城投企业债务风险研究报告—河南篇,联合资信评估股份有限公司,2023-12-18,2021-12-31,联合资信报告图10图表估读值；正文精确披露的城市已采用正文值；其余仅作阶段性补缺，待河南省及各市财政厅/人大决算附件复核。
CN-411000,许昌市,河南省,2022,750.3,SRC-SECONDARY-RATING-HENAN-2020-2022-CITY-CHART,https://www.sohu.com/a/745068337_121123798,联合资信报告图10：许昌市2022年柱按纵轴刻度估读约750.3亿元；郑州、南阳、济源正文分别披露为2931.53、1077.80、128.20亿元,B2,chart_digitized,图10 2020—2022年末河南省各地市政府债务余额情况,地方政府与城投企业债务风险研究报告—河南篇,联合资信评估股份有限公司,2023-12-18,2022-12-31,联合资信报告图10图表估读值；正文精确披露的城市已采用正文值；其余仅作阶段性补缺，待河南省及各市财政厅/人大决算附件复核。
CN-411100,漯河市,河南省,2018,110.5,SRC-SECONDARY-RATING-HENAN-2017-2019-CITY-CHART,https://www.lhratings.com/file/fc967c09-6779-4871-bf59-e89bebc03fc1.pdf,联合资信旧版报告图8：漯河市2018年柱按纵轴刻度估读约110.5亿元,B2,chart_digitized,图8 截至2019年底河南省各地市政府债务余额情况,地方政府与城投企业债务风险研究报告—河南篇,联合资信评估股份有限公司,2020-12-28,2018-12-31,联合资信图表估读值；仅作阶段性补缺，待河南省及各市财政厅/人大决算附件复核。
CN-411100,漯河市,河南省,2019,136.39,SRC-SECONDARY-CCXI-HENAN-2019-CITY-TABLE,https://static.sse.com.cn/bond/bridge2/disclosure/announcement/c/202103/016617_20210315_ZR1X.pdf,中诚信国际表2：漯河市2019年政府债务余额为136.39亿元,B2,published_text,表2 2019年河南省下辖各市经济及财政概况,地方政府与城投企业债务风险研究报告—河南篇,中诚信国际信用评级有限责任公司,2021-03-15,2019-12-31,公开报告表2直接转录；报告脚注为各地市政府官方网站及中诚信国际整理，待回溯原始财政附件复核。
CN-411100,漯河市,河南省,2020,184.7,SRC-SECONDARY-RATING-HENAN-2020-2022-CITY-CHART,https://www.sohu.com/a/745068337_121123798,联合资信报告图10：漯河市2020年柱按纵轴刻度估读约184.7亿元,B2,chart_digitized,图10 2020—2022年末河南省各地市政府债务余额情况,地方政府与城投企业债务风险研究报告—河南篇,联合资信评估股份有限公司,2023-12-18,2020-12-31,联合资信报告图10图表估读值；正文精确披露的城市已采用正文值；其余仅作阶段性补缺，待河南省及各市财政厅/人大决算附件复核。
CN-411100,漯河市,河南省,2021,265.6,SRC-SECONDARY-RATING-HENAN-2020-2022-CITY-CHART,https://www.sohu.com/a/745068337_121123798,联合资信报告图10：漯河市2021年柱按纵轴刻度估读约265.6亿元；郑州、南阳、济源正文分别披露为2503.80、835.82、100.70亿元,B2,chart_digitized,图10 2020—2022年末河南省各地市政府债务余额情况,地方政府与城投企业债务风险研究报告—河南篇,联合资信评估股份有限公司,2023-12-18,2021-12-31,联合资信报告图10图表估读值；正文精确披露的城市已采用正文值；其余仅作阶段性补缺，待河南省及各市财政厅/人大决算附件复核。
CN-411100,漯河市,河南省,2022,362.5,SRC-SECONDARY-RATING-HENAN-2020-2022-CITY-CHART,https://www.sohu.com/a/745068337_121123798,联合资信报告图10：漯河市2022年柱按纵轴刻度估读约362.5亿元；郑州、南阳、济源正文分别披露为2931.53、1077.80、128.20亿元,B2,chart_digitized,图10 2020—2022年末河南省各地市政府债务余额情况,地方政府与城投企业债务风险研究报告—河南篇,联合资信评估股份有限公司,2023-12-18,2022-12-31,联合资信报告图10图表估读值；正文精确披露的城市已采用正文值；其余仅作阶段性补缺，待河南省及各市财政厅/人大决算附件复核。
CN-411200,三门峡市,河南省,2018,134.8,SRC-SECONDARY-RATING-HENAN-2017-2019-CITY-CHART,https://www.lhratings.com/file/fc967c09-6779-4871-bf59-e89bebc03fc1.pdf,联合资信旧版报告图8：三门峡市2018年柱按纵轴刻度估读约134.8亿元,B2,chart_digitized,图8 截至2019年底河南省各地市政府债务余额情况,地方政府与城投企业债务风险研究报告—河南篇,联合资信评估股份有限公司,2020-12-28,2018-12-31,联合资信图表估读值；仅作阶段性补缺，待河南省及各市财政厅/人大决算附件复核。
CN-411200,三门峡市,河南省,2019,161.81,SRC-SECONDARY-CCXI-HENAN-2019-CITY-TABLE,https://static.sse.com.cn/bond/bridge2/disclosure/announcement/c/202103/016617_20210315_ZR1X.pdf,中诚信国际表2：三门峡市2019年政府债务余额为161.81亿元,B2,published_text,表2 2019年河南省下辖各市经济及财政概况,地方政府与城投企业债务风险研究报告—河南篇,中诚信国际信用评级有限责任公司,2021-03-15,2019-12-31,公开报告表2直接转录；报告脚注为各地市政府官方网站及中诚信国际整理，待回溯原始财政附件复核。
CN-411200,三门峡市,河南省,2021,273.6,SRC-SECONDARY-RATING-HENAN-2020-2022-CITY-CHART,https://www.sohu.com/a/745068337_121123798,联合资信报告图10：三门峡市2021年柱按纵轴刻度估读约273.6亿元；郑州、南阳、济源正文分别披露为2503.80、835.82、100.70亿元,B2,chart_digitized,图10 2020—2022年末河南省各地市政府债务余额情况,地方政府与城投企业债务风险研究报告—河南篇,联合资信评估股份有限公司,2023-12-18,2021-12-31,联合资信报告图10图表估读值；正文精确披露的城市已采用正文值；其余仅作阶段性补缺，待河南省及各市财政厅/人大决算附件复核。
CN-411200,三门峡市,河南省,2022,378.6,SRC-SECONDARY-RATING-HENAN-2020-2022-CITY-CHART,https://www.sohu.com/a/745068337_121123798,联合资信报告图10：三门峡市2022年柱按纵轴刻度估读约378.6亿元；郑州、南阳、济源正文分别披露为2931.53、1077.80、128.20亿元,B2,chart_digitized,图10 2020—2022年末河南省各地市政府债务余额情况,地方政府与城投企业债务风险研究报告—河南篇,联合资信评估股份有限公司,2023-12-18,2022-12-31,联合资信报告图10图表估读值；正文精确披露的城市已采用正文值；其余仅作阶段性补缺，待河南省及各市财政厅/人大决算附件复核。
CN-411300,南阳市,河南省,2018,365.3,SRC-SECONDARY-RATING-HENAN-2017-2019-CITY-CHART,https://www.lhratings.com/file/fc967c09-6779-4871-bf59-e89bebc03fc1.pdf,联合资信旧版报告图8：南阳市2018年柱按纵轴刻度估读约365.3亿元,B2,chart_digitized,图8 截至2019年底河南省各地市政府债务余额情况,地方政府与城投企业债务风险研究报告—河南篇,联合资信评估股份有限公司,2020-12-28,2018-12-31,联合资信图表估读值；仅作阶段性补缺，待河南省及各市财政厅/人大决算附件复核。
CN-411300,南阳市,河南省,2019,468.59,SRC-SECONDARY-CCXI-HENAN-2019-CITY-TABLE,https://static.sse.com.cn/bond/bridge2/disclosure/announcement/c/202103/016617_20210315_ZR1X.pdf,中诚信国际表2：南阳市2019年政府债务余额为468.59亿元,B2,published_text,表2 2019年河南省下辖各市经济及财政概况,地方政府与城投企业债务风险研究报告—河南篇,中诚信国际信用评级有限责任公司,2021-03-15,2019-12-31,公开报告表2直接转录；报告脚注为各地市政府官方网站及中诚信国际整理，待回溯原始财政附件复核。
CN-411300,南阳市,河南省,2021,835.82,SRC-SECONDARY-RATING-HENAN-2020-2022-CITY-CHART,https://www.sohu.com/a/745068337_121123798,联合资信报告图10：南阳市2021年柱按纵轴刻度估读约835.82亿元；郑州、南阳、济源正文分别披露为2503.80、835.82、100.70亿元,B2,published_text,图10 2020—2022年末河南省各地市政府债务余额情况,地方政府与城投企业债务风险研究报告—河南篇,联合资信评估股份有限公司,2023-12-18,2021-12-31,联合资信报告图10图表估读值；正文精确披露的城市已采用正文值；其余仅作阶段性补缺，待河南省及各市财政厅/人大决算附件复核。
CN-411300,南阳市,河南省,2022,1077.8,SRC-SECONDARY-RATING-HENAN-2020-2022-CITY-CHART,https://www.sohu.com/a/745068337_121123798,联合资信报告图10：南阳市2022年柱按纵轴刻度估读约1077.8亿元；郑州、南阳、济源正文分别披露为2931.53、1077.80、128.20亿元,B2,published_text,图10 2020—2022年末河南省各地市政府债务余额情况,地方政府与城投企业债务风险研究报告—河南篇,联合资信评估股份有限公司,2023-12-18,2022-12-31,联合资信报告图10图表估读值；正文精确披露的城市已采用正文值；其余仅作阶段性补缺，待河南省及各市财政厅/人大决算附件复核。
CN-411400,商丘市,河南省,2018,256.1,SRC-SECONDARY-RATING-HENAN-2017-2019-CITY-CHART,https://www.lhratings.com/file/fc967c09-6779-4871-bf59-e89bebc03fc1.pdf,联合资信旧版报告图8：商丘市2018年柱按纵轴刻度估读约256.1亿元,B2,chart_digitized,图8 截至2019年底河南省各地市政府债务余额情况,地方政府与城投企业债务风险研究报告—河南篇,联合资信评估股份有限公司,2020-12-28,2018-12-31,联合资信图表估读值；仅作阶段性补缺，待河南省及各市财政厅/人大决算附件复核。
CN-411400,商丘市,河南省,2019,309.6,SRC-SECONDARY-CCXI-HENAN-2019-CITY-TABLE,https://static.sse.com.cn/bond/bridge2/disclosure/announcement/c/202103/016617_20210315_ZR1X.pdf,中诚信国际表2：商丘市2019年政府债务余额为309.6亿元,B2,published_text,表2 2019年河南省下辖各市经济及财政概况,地方政府与城投企业债务风险研究报告—河南篇,中诚信国际信用评级有限责任公司,2021-03-15,2019-12-31,公开报告表2直接转录；报告脚注为各地市政府官方网站及中诚信国际整理，待回溯原始财政附件复核。
CN-411400,商丘市,河南省,2020,402.9,SRC-SECONDARY-RATING-HENAN-2020-2022-CITY-CHART,https://www.sohu.com/a/745068337_121123798,联合资信报告图10：商丘市2020年柱按纵轴刻度估读约402.9亿元,B2,chart_digitized,图10 2020—2022年末河南省各地市政府债务余额情况,地方政府与城投企业债务风险研究报告—河南篇,联合资信评估股份有限公司,2023-12-18,2020-12-31,联合资信报告图10图表估读值；正文精确披露的城市已采用正文值；其余仅作阶段性补缺，待河南省及各市财政厅/人大决算附件复核。
CN-411400,商丘市,河南省,2021,661.4,SRC-SECONDARY-RATING-HENAN-2020-2022-CITY-CHART,https://www.sohu.com/a/745068337_121123798,联合资信报告图10：商丘市2021年柱按纵轴刻度估读约661.4亿元；郑州、南阳、济源正文分别披露为2503.80、835.82、100.70亿元,B2,chart_digitized,图10 2020—2022年末河南省各地市政府债务余额情况,地方政府与城投企业债务风险研究报告—河南篇,联合资信评估股份有限公司,2023-12-18,2021-12-31,联合资信报告图10图表估读值；正文精确披露的城市已采用正文值；其余仅作阶段性补缺，待河南省及各市财政厅/人大决算附件复核。
CN-411400,商丘市,河南省,2022,806.9,SRC-SECONDARY-RATING-HENAN-2020-2022-CITY-CHART,https://www.sohu.com/a/745068337_121123798,联合资信报告图10：商丘市2022年柱按纵轴刻度估读约806.9亿元；郑州、南阳、济源正文分别披露为2931.53、1077.80、128.20亿元,B2,chart_digitized,图10 2020—2022年末河南省各地市政府债务余额情况,地方政府与城投企业债务风险研究报告—河南篇,联合资信评估股份有限公司,2023-12-18,2022-12-31,联合资信报告图10图表估读值；正文精确披露的城市已采用正文值；其余仅作阶段性补缺，待河南省及各市财政厅/人大决算附件复核。
CN-411500,信阳市,河南省,2018,231.9,SRC-SECONDARY-RATING-HENAN-2017-2019-CITY-CHART,https://www.lhratings.com/file/fc967c09-6779-4871-bf59-e89bebc03fc1.pdf,联合资信旧版报告图8：信阳市2018年柱按纵轴刻度估读约231.9亿元,B2,chart_digitized,图8 截至2019年底河南省各地市政府债务余额情况,地方政府与城投企业债务风险研究报告—河南篇,联合资信评估股份有限公司,2020-12-28,2018-12-31,联合资信图表估读值；仅作阶段性补缺，待河南省及各市财政厅/人大决算附件复核。
CN-411500,信阳市,河南省,2019,321.4,SRC-SECONDARY-CCXI-HENAN-2019-CITY-TABLE,https://static.sse.com.cn/bond/bridge2/disclosure/announcement/c/202103/016617_20210315_ZR1X.pdf,中诚信国际表2：信阳市2019年政府债务余额为321.4亿元,B2,published_text,表2 2019年河南省下辖各市经济及财政概况,地方政府与城投企业债务风险研究报告—河南篇,中诚信国际信用评级有限责任公司,2021-03-15,2019-12-31,公开报告表2直接转录；报告脚注为各地市政府官方网站及中诚信国际整理，待回溯原始财政附件复核。
CN-411500,信阳市,河南省,2021,491.8,SRC-SECONDARY-RATING-HENAN-2020-2022-CITY-CHART,https://www.sohu.com/a/745068337_121123798,联合资信报告图10：信阳市2021年柱按纵轴刻度估读约491.8亿元；郑州、南阳、济源正文分别披露为2503.80、835.82、100.70亿元,B2,chart_digitized,图10 2020—2022年末河南省各地市政府债务余额情况,地方政府与城投企业债务风险研究报告—河南篇,联合资信评估股份有限公司,2023-12-18,2021-12-31,联合资信报告图10图表估读值；正文精确披露的城市已采用正文值；其余仅作阶段性补缺，待河南省及各市财政厅/人大决算附件复核。
CN-411500,信阳市,河南省,2022,621.1,SRC-SECONDARY-RATING-HENAN-2020-2022-CITY-CHART,https://www.sohu.com/a/745068337_121123798,联合资信报告图10：信阳市2022年柱按纵轴刻度估读约621.1亿元；郑州、南阳、济源正文分别披露为2931.53、1077.80、128.20亿元,B2,chart_digitized,图10 2020—2022年末河南省各地市政府债务余额情况,地方政府与城投企业债务风险研究报告—河南篇,联合资信评估股份有限公司,2023-12-18,2022-12-31,联合资信报告图10图表估读值；正文精确披露的城市已采用正文值；其余仅作阶段性补缺，待河南省及各市财政厅/人大决算附件复核。
CN-411600,周口市,河南省,2018,280.4,SRC-SECONDARY-RATING-HENAN-2017-2019-CITY-CHART,https://www.lhratings.com/file/fc967c09-6779-4871-bf59-e89bebc03fc1.pdf,联合资信旧版报告图8：周口市2018年柱按纵轴刻度估读约280.4亿元,B2,chart_digitized,图8 截至2019年底河南省各地市政府债务余额情况,地方政府与城投企业债务风险研究报告—河南篇,联合资信评估股份有限公司,2020-12-28,2018-12-31,联合资信图表估读值；仅作阶段性补缺，待河南省及各市财政厅/人大决算附件复核。
CN-411600,周口市,河南省,2019,332.8,SRC-SECONDARY-CCXI-HENAN-2019-CITY-TABLE,https://static.sse.com.cn/bond/bridge2/disclosure/announcement/c/202103/016617_20210315_ZR1X.pdf,中诚信国际表2：周口市2019年政府债务余额为332.8亿元,B2,published_text,表2 2019年河南省下辖各市经济及财政概况,地方政府与城投企业债务风险研究报告—河南篇,中诚信国际信用评级有限责任公司,2021-03-15,2019-12-31,公开报告表2直接转录；报告脚注为各地市政府官方网站及中诚信国际整理，待回溯原始财政附件复核。
CN-411600,周口市,河南省,2021,516,SRC-SECONDARY-RATING-HENAN-2020-2022-CITY-CHART,https://www.sohu.com/a/745068337_121123798,联合资信报告图10：周口市2021年柱按纵轴刻度估读约516亿元；郑州、南阳、济源正文分别披露为2503.80、835.82、100.70亿元,B2,chart_digitized,图10 2020—2022年末河南省各地市政府债务余额情况,地方政府与城投企业债务风险研究报告—河南篇,联合资信评估股份有限公司,2023-12-18,2021-12-31,联合资信报告图10图表估读值；正文精确披露的城市已采用正文值；其余仅作阶段性补缺，待河南省及各市财政厅/人大决算附件复核。
CN-411600,周口市,河南省,2022,604.9,SRC-SECONDARY-RATING-HENAN-2020-2022-CITY-CHART,https://www.sohu.com/a/745068337_121123798,联合资信报告图10：周口市2022年柱按纵轴刻度估读约604.9亿元；郑州、南阳、济源正文分别披露为2931.53、1077.80、128.20亿元,B2,chart_digitized,图10 2020—2022年末河南省各地市政府债务余额情况,地方政府与城投企业债务风险研究报告—河南篇,联合资信评估股份有限公司,2023-12-18,2022-12-31,联合资信报告图10图表估读值；正文精确披露的城市已采用正文值；其余仅作阶段性补缺，待河南省及各市财政厅/人大决算附件复核。
CN-411700,驻马店市,河南省,2018,219.7,SRC-SECONDARY-RATING-HENAN-2017-2019-CITY-CHART,https://www.lhratings.com/file/fc967c09-6779-4871-bf59-e89bebc03fc1.pdf,联合资信旧版报告图8：驻马店市2018年柱按纵轴刻度估读约219.7亿元,B2,chart_digitized,图8 截至2019年底河南省各地市政府债务余额情况,地方政府与城投企业债务风险研究报告—河南篇,联合资信评估股份有限公司,2020-12-28,2018-12-31,联合资信图表估读值；仅作阶段性补缺，待河南省及各市财政厅/人大决算附件复核。
CN-411700,驻马店市,河南省,2019,283.7,SRC-SECONDARY-CCXI-HENAN-2019-CITY-TABLE,https://static.sse.com.cn/bond/bridge2/disclosure/announcement/c/202103/016617_20210315_ZR1X.pdf,中诚信国际表2：驻马店市2019年政府债务余额为283.7亿元,B2,published_text,表2 2019年河南省下辖各市经济及财政概况,地方政府与城投企业债务风险研究报告—河南篇,中诚信国际信用评级有限责任公司,2021-03-15,2019-12-31,公开报告表2直接转录；报告脚注为各地市政府官方网站及中诚信国际整理，待回溯原始财政附件复核。
CN-411700,驻马店市,河南省,2020,435.2,SRC-SECONDARY-RATING-HENAN-2020-2022-CITY-CHART,https://www.sohu.com/a/745068337_121123798,联合资信报告图10：驻马店市2020年柱按纵轴刻度估读约435.2亿元,B2,chart_digitized,图10 2020—2022年末河南省各地市政府债务余额情况,地方政府与城投企业债务风险研究报告—河南篇,联合资信评估股份有限公司,2023-12-18,2020-12-31,联合资信报告图10图表估读值；正文精确披露的城市已采用正文值；其余仅作阶段性补缺，待河南省及各市财政厅/人大决算附件复核。
CN-411700,驻马店市,河南省,2021,588.7,SRC-SECONDARY-RATING-HENAN-2020-2022-CITY-CHART,https://www.sohu.com/a/745068337_121123798,联合资信报告图10：驻马店市2021年柱按纵轴刻度估读约588.7亿元；郑州、南阳、济源正文分别披露为2503.80、835.82、100.70亿元,B2,chart_digitized,图10 2020—2022年末河南省各地市政府债务余额情况,地方政府与城投企业债务风险研究报告—河南篇,联合资信评估股份有限公司,2023-12-18,2021-12-31,联合资信报告图10图表估读值；正文精确披露的城市已采用正文值；其余仅作阶段性补缺，待河南省及各市财政厅/人大决算附件复核。
CN-411700,驻马店市,河南省,2022,774.5,SRC-SECONDARY-RATING-HENAN-2020-2022-CITY-CHART,https://www.sohu.com/a/745068337_121123798,联合资信报告图10：驻马店市2022年柱按纵轴刻度估读约774.5亿元；郑州、南阳、济源正文分别披露为2931.53、1077.80、128.20亿元,B2,chart_digitized,图10 2020—2022年末河南省各地市政府债务余额情况,地方政府与城投企业债务风险研究报告—河南篇,联合资信评估股份有限公司,2023-12-18,2022-12-31,联合资信报告图10图表估读值；正文精确披露的城市已采用正文值；其余仅作阶段性补缺，待河南省及各市财政厅/人大决算附件复核。
CN-419000,省直辖县级行政区划,河南省,2018,74.1,SRC-SECONDARY-RATING-HENAN-2017-2019-CITY-CHART,https://www.lhratings.com/file/fc967c09-6779-4871-bf59-e89bebc03fc1.pdf,联合资信旧版报告图8：省直辖县级行政区划2018年柱按纵轴刻度估读约74.1亿元,B2,chart_digitized,图8 截至2019年底河南省各地市政府债务余额情况,地方政府与城投企业债务风险研究报告—河南篇,联合资信评估股份有限公司,2020-12-28,2018-12-31,联合资信图表估读值；仅作阶段性补缺，待河南省及各市财政厅/人大决算附件复核。
CN-419000,省直辖县级行政区划,河南省,2019,77.7,SRC-SECONDARY-CCXI-HENAN-2019-CITY-TABLE,https://static.sse.com.cn/bond/bridge2/disclosure/announcement/c/202103/016617_20210315_ZR1X.pdf,中诚信国际表2：省直辖县级行政区划2019年政府债务余额为77.7亿元,B2,published_text,表2 2019年河南省下辖各市经济及财政概况,地方政府与城投企业债务风险研究报告—河南篇,中诚信国际信用评级有限责任公司,2021-03-15,2019-12-31,公开报告表2直接转录；报告脚注为各地市政府官方网站及中诚信国际整理，待回溯原始财政附件复核。
CN-419000,省直辖县级行政区划,河南省,2020,79.7,SRC-SECONDARY-RATING-HENAN-2020-2022-CITY-CHART,https://www.sohu.com/a/745068337_121123798,联合资信报告图10：省直辖县级行政区划2020年柱按纵轴刻度估读约79.7亿元,B2,chart_digitized,图10 2020—2022年末河南省各地市政府债务余额情况,地方政府与城投企业债务风险研究报告—河南篇,联合资信评估股份有限公司,2023-12-18,2020-12-31,联合资信报告图10图表估读值；正文精确披露的城市已采用正文值；其余仅作阶段性补缺，待河南省及各市财政厅/人大决算附件复核。
CN-419000,省直辖县级行政区划,河南省,2021,100.7,SRC-SECONDARY-RATING-HENAN-2020-2022-CITY-CHART,https://www.sohu.com/a/745068337_121123798,联合资信报告图10：省直辖县级行政区划2021年柱按纵轴刻度估读约100.7亿元；郑州、南阳、济源正文分别披露为2503.80、835.82、100.70亿元,B2,published_text,图10 2020—2022年末河南省各地市政府债务余额情况,地方政府与城投企业债务风险研究报告—河南篇,联合资信评估股份有限公司,2023-12-18,2021-12-31,联合资信报告图10图表估读值；正文精确披露的城市已采用正文值；其余仅作阶段性补缺，待河南省及各市财政厅/人大决算附件复核。
CN-419000,省直辖县级行政区划,河南省,2022,128.2,SRC-SECONDARY-RATING-HENAN-2020-2022-CITY-CHART,https://www.sohu.com/a/745068337_121123798,联合资信报告图10：省直辖县级行政区划2022年柱按纵轴刻度估读约128.2亿元；郑州、南阳、济源正文分别披露为2931.53、1077.80、128.20亿元,B2,published_text,图10 2020—2022年末河南省各地市政府债务余额情况,地方政府与城投企业债务风险研究报告—河南篇,联合资信评估股份有限公司,2023-12-18,2022-12-31,联合资信报告图10图表估读值；正文精确披露的城市已采用正文值；其余仅作阶段性补缺，待河南省及各市财政厅/人大决算附件复核。
CN-620100,兰州市,甘肃省,2022,996.6,SRC-SECONDARY-RATING-GANSU-2020-2022,https://www.lhratings.com/file/f6efde6f69d.pdf,联合资信报告图7：兰州市2022年绿色柱；正文明确披露为996.6亿元,B2,chart_digitized,图7 2020—2022年底甘肃省各地级市（州）政府债务余额情况,地方政府与城投企业债务风险研究报告——甘肃篇,联合资信评估股份有限公司,2023-10-20,2022-12-31,图表转录值；兰州市数值同时有报告正文交叉核对，其余城市按公开图表纵轴刻度估读，仅作阶段性补缺，待官方财政决算附件复核。
CN-620200,嘉峪关市,甘肃省,2022,61.3,SRC-SECONDARY-RATING-GANSU-2020-2022,https://www.lhratings.com/file/f6efde6f69d.pdf,联合资信报告图7：嘉峪关市2022年绿色柱按纵轴刻度估读约61.3亿元,B2,chart_digitized,图7 2020—2022年底甘肃省各地级市（州）政府债务余额情况,地方政府与城投企业债务风险研究报告——甘肃篇,联合资信评估股份有限公司,2023-10-20,2022-12-31,图表转录值；按公开图表纵轴刻度估读，仅作阶段性补缺，待官方财政决算附件复核。
CN-620200,嘉峪关市,甘肃省,2023,66.7,SRC-SECONDARY-RATING-GANSU-2021-2023,https://www.lhratings.com/file/fbb751f0dd1.pdf,联合资信报告图6：嘉峪关市2023年橙色柱按纵轴刻度估读约66.7亿元,B2,chart_digitized,图6 2023年底甘肃省各地级市（州）政府债务情况,地方政府与城投企业债务风险研究报告——甘肃篇,联合资信评估股份有限公司,2024-10-25,2023-12-31,图表转录值；按公开图表纵轴刻度估读，仅作阶段性补缺，待官方财政决算附件复核。
CN-620300,金昌市,甘肃省,2022,100.0,SRC-SECONDARY-RATING-GANSU-2020-2022,https://www.lhratings.com/file/f6efde6f69d.pdf,联合资信报告图7：金昌市2022年绿色柱按纵轴刻度估读约100.0亿元,B2,chart_digitized,图7 2020—2022年底甘肃省各地级市（州）政府债务余额情况,地方政府与城投企业债务风险研究报告——甘肃篇,联合资信评估股份有限公司,2023-10-20,2022-12-31,图表转录值；按公开图表纵轴刻度估读，仅作阶段性补缺，待官方财政决算附件复核。
CN-620300,金昌市,甘肃省,2023,113.0,SRC-SECONDARY-RATING-GANSU-2021-2023,https://www.lhratings.com/file/fbb751f0dd1.pdf,联合资信报告图6：金昌市2023年橙色柱按纵轴刻度估读约113.0亿元,B2,chart_digitized,图6 2023年底甘肃省各地级市（州）政府债务情况,地方政府与城投企业债务风险研究报告——甘肃篇,联合资信评估股份有限公司,2024-10-25,2023-12-31,图表转录值；按公开图表纵轴刻度估读，仅作阶段性补缺，待官方财政决算附件复核。
CN-620400,白银市,甘肃省,2022,267.7,SRC-SECONDARY-RATING-GANSU-2020-2022,https://www.lhratings.com/file/f6efde6f69d.pdf,联合资信报告图7：白银市2022年绿色柱按纵轴刻度估读约267.7亿元,B2,chart_digitized,图7 2020—2022年底甘肃省各地级市（州）政府债务余额情况,联合资信评估股份有限公司,2023-10-20,2022-12-31,图表转录值；按公开图表纵轴刻度估读，仅作阶段性补缺，待官方财政决算附件复核。,
CN-620400,白银市,甘肃省,2023,289.9,SRC-SECONDARY-RATING-GANSU-2021-2023,https://www.lhratings.com/file/fbb751f0dd1.pdf,联合资信报告图6：白银市2023年橙色柱按纵轴刻度估读约289.9亿元,B2,chart_digitized,图6 2023年底甘肃省各地级市（州）政府债务情况,联合资信评估股份有限公司,2024-10-25,2023-12-31,图表转录值；按公开图表纵轴刻度估读，仅作阶段性补缺，待官方财政决算附件复核。,
CN-620500,天水市,甘肃省,2022,293.5,SRC-SECONDARY-RATING-GANSU-2020-2022,https://www.lhratings.com/file/f6efde6f69d.pdf,联合资信报告图7：天水市2022年绿色柱按纵轴刻度估读约293.5亿元,B2,chart_digitized,图7 2020—2022年底甘肃省各地级市（州）政府债务余额情况,地方政府与城投企业债务风险研究报告——甘肃篇,联合资信评估股份有限公司,2023-10-20,2022-12-31,图表转录值；按公开图表纵轴刻度估读，仅作阶段性补缺，待官方财政决算附件复核。
CN-620500,天水市,甘肃省,2023,373.9,SRC-SECONDARY-RATING-GANSU-2021-2023,https://www.lhratings.com/file/fbb751f0dd1.pdf,联合资信报告图6：天水市2023年橙色柱按纵轴刻度估读约373.9亿元,B2,chart_digitized,图6 2023年底甘肃省各地级市（州）政府债务情况,联合资信评估股份有限公司,2024-10-25,2023-12-31,图表转录值；按公开图表纵轴刻度估读，仅作阶段性补缺，待官方财政决算附件复核。,
CN-620600,武威市,甘肃省,2022,319.4,SRC-SECONDARY-RATING-GANSU-2020-2022,https://www.lhratings.com/file/f6efde6f69d.pdf,联合资信报告图7：武威市2022年绿色柱按纵轴刻度估读约319.4亿元,B2,chart_digitized,图7 2020—2022年底甘肃省各地级市（州）政府债务余额情况,联合资信评估股份有限公司,2023-10-20,2022-12-31,图表转录值；按公开图表纵轴刻度估读，仅作阶段性补缺，待官方财政决算附件复核。,
CN-620600,武威市,甘肃省,2023,324.6,SRC-SECONDARY-RATING-GANSU-2021-2023,https://www.lhratings.com/file/fbb751f0dd1.pdf,联合资信报告图6：武威市2023年橙色柱按纵轴刻度估读约324.6亿元,B2,chart_digitized,图6 2023年底甘肃省各地级市（州）政府债务情况,联合资信评估股份有限公司,2024-10-25,2023-12-31,图表转录值；按公开图表纵轴刻度估读，仅作阶段性补缺，待官方财政决算附件复核。,
CN-620700,张掖市,甘肃省,2022,267.7,SRC-SECONDARY-RATING-GANSU-2020-2022,https://www.lhratings.com/file/f6efde6f69d.pdf,联合资信报告图7：张掖市2022年绿色柱按纵轴刻度估读约267.7亿元,B2,chart_digitized,图7 2020—2022年底甘肃省各地级市（州）政府债务余额情况,地方政府与城投企业债务风险研究报告——甘肃篇,联合资信评估股份有限公司,2023-10-20,2022-12-31,图表转录值；按公开图表纵轴刻度估读，仅作阶段性补缺，待官方财政决算附件复核。
CN-620800,平凉市,甘肃省,2022,241.9,SRC-SECONDARY-RATING-GANSU-2020-2022,https://www.lhratings.com/file/f6efde6f69d.pdf,联合资信报告图7：平凉市2022年绿色柱按纵轴刻度估读约241.9亿元,B2,chart_digitized,图7 2020—2022年底甘肃省各地级市（州）政府债务余额情况,地方政府与城投企业债务风险研究报告——甘肃篇,联合资信评估股份有限公司,2023-10-20,2022-12-31,图表转录值；按公开图表纵轴刻度估读，仅作阶段性补缺，待官方财政决算附件复核。
CN-620800,平凉市,甘肃省,2023,287.0,SRC-SECONDARY-RATING-GANSU-2021-2023,https://www.lhratings.com/file/fbb751f0dd1.pdf,联合资信报告图6：平凉市2023年橙色柱按纵轴刻度估读约287.0亿元,B2,chart_digitized,图6 2023年底甘肃省各地级市（州）政府债务情况,联合资信评估股份有限公司,2024-10-25,2023-12-31,图表转录值；按公开图表纵轴刻度估读，仅作阶段性补缺，待官方财政决算附件复核。,
CN-620900,酒泉市,甘肃省,2022,222.6,SRC-SECONDARY-RATING-GANSU-2020-2022,https://www.lhratings.com/file/f6efde6f69d.pdf,联合资信报告图7：酒泉市2022年绿色柱按纵轴刻度估读约222.6亿元,B2,chart_digitized,图7 2020—2022年底甘肃省各地级市（州）政府债务余额情况,地方政府与城投企业债务风险研究报告——甘肃篇,联合资信评估股份有限公司,2023-10-20,2022-12-31,图表转录值；按公开图表纵轴刻度估读，仅作阶段性补缺，待官方财政决算附件复核。
CN-620900,酒泉市,甘肃省,2023,278.3,SRC-SECONDARY-RATING-GANSU-2021-2023,https://www.lhratings.com/file/fbb751f0dd1.pdf,联合资信报告图6：酒泉市2023年橙色柱按纵轴刻度估读约278.3亿元,B2,chart_digitized,图6 2023年底甘肃省各地级市（州）政府债务情况,联合资信评估股份有限公司,2024-10-25,2023-12-31,图表转录值；按公开图表纵轴刻度估读，仅作阶段性补缺，待官方财政决算附件复核。,
CN-621000,庆阳市,甘肃省,2022,345.2,SRC-SECONDARY-RATING-GANSU-2020-2022,https://www.lhratings.com/file/f6efde6f69d.pdf,联合资信报告图7：庆阳市2022年绿色柱按纵轴刻度估读约345.2亿元,B2,chart_digitized,图7 2020—2022年底甘肃省各地级市（州）政府债务余额情况,联合资信评估股份有限公司,2023-10-20,2022-12-31,图表转录值；按公开图表纵轴刻度估读，仅作阶段性补缺，待官方财政决算附件复核。,
CN-621100,定西市,甘肃省,2022,287.1,SRC-SECONDARY-RATING-GANSU-2020-2022,https://www.lhratings.com/file/f6efde6f69d.pdf,联合资信报告图7：定西市2022年绿色柱按纵轴刻度估读约287.1亿元,B2,chart_digitized,图7 2020—2022年底甘肃省各地级市（州）政府债务余额情况,联合资信评估股份有限公司,2023-10-20,2022-12-31,图表转录值；按公开图表纵轴刻度估读，仅作阶段性补缺，待官方财政决算附件复核。,
CN-621100,定西市,甘肃省,2023,342.0,SRC-SECONDARY-RATING-GANSU-2021-2023,https://www.lhratings.com/file/fbb751f0dd1.pdf,联合资信报告图6：定西市2023年橙色柱按纵轴刻度估读约342.0亿元,B2,chart_digitized,图6 2023年底甘肃省各地级市（州）政府债务情况,联合资信评估股份有限公司,2024-10-25,2023-12-31,图表转录值；按公开图表纵轴刻度估读，仅作阶段性补缺，待官方财政决算附件复核。,
CN-621200,陇南市,甘肃省,2022,254.8,SRC-SECONDARY-RATING-GANSU-2020-2022,https://www.lhratings.com/file/f6efde6f69d.pdf,联合资信报告图7：陇南市2022年绿色柱按纵轴刻度估读约254.8亿元,B2,chart_digitized,图7 2020—2022年底甘肃省各地级市（州）政府债务余额情况,联合资信评估股份有限公司,2023-10-20,2022-12-31,图表转录值；按公开图表纵轴刻度估读，仅作阶段性补缺，待官方财政决算附件复核。,
CN-621200,陇南市,甘肃省,2023,336.2,SRC-SECONDARY-RATING-GANSU-2021-2023,https://www.lhratings.com/file/fbb751f0dd1.pdf,联合资信报告图6：陇南市2023年橙色柱按纵轴刻度估读约336.2亿元,B2,chart_digitized,图6 2023年底甘肃省各地级市（州）政府债务情况,联合资信评估股份有限公司,2024-10-25,2023-12-31,图表转录值；按公开图表纵轴刻度估读，仅作阶段性补缺，待官方财政决算附件复核。,
CN-622900,临夏回族自治州,甘肃省,2022,306.5,SRC-SECONDARY-RATING-GANSU-2020-2022,https://www.lhratings.com/file/f6efde6f69d.pdf,联合资信报告图7：临夏回族自治州2022年绿色柱按纵轴刻度估读约306.5亿元,B2,chart_digitized,图7 2020—2022年底甘肃省各地级市（州）政府债务余额情况,联合资信评估股份有限公司,2023-10-20,2022-12-31,图表转录值；按公开图表纵轴刻度估读，仅作阶段性补缺，待官方财政决算附件复核。,
CN-622900,临夏回族自治州,甘肃省,2023,379.7,SRC-SECONDARY-RATING-GANSU-2021-2023,https://www.lhratings.com/file/fbb751f0dd1.pdf,联合资信报告图6：临夏回族自治州2023年橙色柱按纵轴刻度估读约379.7亿元,B2,chart_digitized,图6 2023年底甘肃省各地级市（州）政府债务情况,联合资信评估股份有限公司,2024-10-25,2023-12-31,图表转录值；按公开图表纵轴刻度估读，仅作阶段性补缺，待官方财政决算附件复核。,
CN-623000,甘南藏族自治州,甘肃省,2022,203.2,SRC-SECONDARY-RATING-GANSU-2020-2022,https://www.lhratings.com/file/f6efde6f69d.pdf,联合资信报告图7：甘南藏族自治州2022年绿色柱按纵轴刻度估读约203.2亿元,B2,chart_digitized,图7 2020—2022年底甘肃省各地级市（州）政府债务余额情况,联合资信评估股份有限公司,2023-10-20,2022-12-31,图表转录值；按公开图表纵轴刻度估读，仅作阶段性补缺，待官方财政决算附件复核。,
CN-623000,甘南藏族自治州,甘肃省,2023,260.9,SRC-SECONDARY-RATING-GANSU-2021-2023,https://www.lhratings.com/file/fbb751f0dd1.pdf,联合资信报告图6：甘南藏族自治州2023年橙色柱按纵轴刻度估读约260.9亿元,B2,chart_digitized,图6 2023年底甘肃省各地级市（州）政府债务情况,联合资信评估股份有限公司,2024-10-25,2023-12-31,图表转录值；按公开图表纵轴刻度估读，仅作阶段性补缺，待官方财政决算附件复核。,
CN-350400,三明市,福建省,2021,696.59,SRC-SECONDARY-RATING-FUJIAN-SANMING-2024,https://static.sse.com.cn/disclosure/bond/announcement/company/c/new/2024-06-26/185197_20240626_RT4V.pdf,报告表4列示2021年末地方政府债务余额696.59亿元；单位为亿元。,B2,disclosed,城市评级报告/政府债务余额表,三明市城市建设发展集团有限公司2024年跟踪评级报告,中证鹏元资信评估股份有限公司,2024-06-26,2021-12-31,评级报告引用审计及公开财政资料；接入全市总余额，不反推缺失分项。
CN-350400,三明市,福建省,2022,775.53,SRC-SECONDARY-RATING-FUJIAN-SANMING-2024,https://static.sse.com.cn/disclosure/bond/announcement/company/c/new/2024-06-26/185197_20240626_RT4V.pdf,报告表4列示2022年末地方政府债务余额775.53亿元；单位为亿元。,B2,disclosed,城市评级报告/政府债务余额表,三明市城市建设发展集团有限公司2024年跟踪评级报告,中证鹏元资信评估股份有限公司,2024-06-26,2022-12-31,评级报告引用审计及公开财政资料；接入全市总余额，不反推缺失分项。
CN-350400,三明市,福建省,2023,828.44,SRC-SECONDARY-RATING-FUJIAN-SANMING-2024,https://static.sse.com.cn/disclosure/bond/announcement/company/c/new/2024-06-26/185197_20240626_RT4V.pdf,报告表4列示2023年末地方政府债务余额828.44亿元；单位为亿元。,B2,disclosed,城市评级报告/政府债务余额表,三明市城市建设发展集团有限公司2024年跟踪评级报告,中证鹏元资信评估股份有限公司,2024-06-26,2023-12-31,评级报告引用审计及公开财政资料；接入全市总余额，不反推缺失分项。
CN-350800,龙岩市,福建省,2020,758.91,SRC-SECONDARY-RATING-FUJIAN-LONGYAN-2023,https://static.sse.com.cn/disclosure/bond/announcement/corporate/c/new/2023-06-21/184314_20230621_X4T7.pdf,评级报告表格按年度列示2020年末地方政府债务余额758.91亿元；单位为亿元。,B2,disclosed,城市评级报告/政府债务余额表,龙岩市土地发展经营有限公司2023年跟踪评级报告,东方金诚国际信用评估有限公司,2023-06-19,2020-12-31,评级报告表格值；接入全市总余额。
CN-350800,龙岩市,福建省,2021,877.80,SRC-SECONDARY-RATING-FUJIAN-LONGYAN-2023,https://static.sse.com.cn/disclosure/bond/announcement/corporate/c/new/2023-06-21/184314_20230621_X4T7.pdf,评级报告表格按年度列示2021年末地方政府债务余额877.80亿元；单位为亿元。,B2,disclosed,城市评级报告/政府债务余额表,龙岩市土地发展经营有限公司2023年跟踪评级报告,东方金诚国际信用评估有限公司,2023-06-19,2021-12-31,评级报告表格值；接入全市总余额。
CN-350800,龙岩市,福建省,2022,980.84,SRC-SECONDARY-RATING-FUJIAN-LONGYAN-2023,https://static.sse.com.cn/disclosure/bond/announcement/corporate/c/new/2023-06-21/184314_20230621_X4T7.pdf,评级报告表格按年度列示2022年末地方政府债务余额980.84亿元；单位为亿元。,B2,disclosed,城市评级报告/政府债务余额表,龙岩市土地发展经营有限公司2023年跟踪评级报告,东方金诚国际信用评估有限公司,2023-06-19,2022-12-31,评级报告表格值；接入全市总余额。
CN-350800,龙岩市,福建省,2023,1070.75,SRC-SECONDARY-RATING-FUJIAN-LONGYAN-2024,https://static.sse.com.cn/disclosure/bond/announcement/corporate/c/new/2024-06-27/184769_20240627_LY0L.pdf,评级报告正文披露截至2023年末龙岩市地方政府债务余额1070.75亿元；一般293.01亿元、专项777.75亿元。,B2,disclosed,城市评级报告/政府债务余额表,龙岩市城市建设投资发展集团有限公司2024年跟踪评级报告,东方金诚国际信用评估有限公司,2024-06-27,2023-12-31,评级报告披露全市口径余额；总额与一般/专项分项相加一致。
CN-350700,南平市,福建省,2023,938.88,SRC-SECONDARY-RATING-FUJIAN-NANPING-2024,https://static.sse.com.cn/disclosure/bond/announcement/corporate/c/new/2024-06-27/152266_20240627_BXVP.pdf,评级报告披露2023年末南平市地方政府债务余额938.88亿元，其中专项653.85亿元、一般285.04亿元；单位为亿元。,B2,disclosed,城市评级报告/政府债务余额表,南平市高速公路有限责任公司2024年跟踪评级报告,联合资信评估股份有限公司,2024-06-27,2023-12-31,评级报告披露全市口径余额；总额与分项四舍五入后相符。
CN-350600,漳州市,福建省,2021,941.96,SRC-SECONDARY-RATING-FUJIAN-ZHANGZHOU-2024,https://www.dfratings.com/uploads/files/2024/0628/bpkswHd2UXyIIu6sP8bG0gmvwr5Vcq3kCfoA2UNU.pdf,评级报告表格列示2021年末地方政府债务余额941.96亿元；单位为亿元。,B2,disclosed,城市评级报告/政府债务余额表,龙海市城市建设投资开发有限公司2024年跟踪评级报告,东方金诚国际信用评估有限公司,2024-06-23,2021-12-31,评级报告表格值；接入全市总余额。
CN-350600,漳州市,福建省,2022,1100.61,SRC-SECONDARY-RATING-FUJIAN-ZHANGZHOU-2024,https://www.dfratings.com/uploads/files/2024/0628/bpkswHd2UXyIIu6sP8bG0gmvwr5Vcq3kCfoA2UNU.pdf,评级报告表格列示2022年末地方政府债务余额1100.61亿元；单位为亿元。,B2,disclosed,城市评级报告/政府债务余额表,龙海市城市建设投资开发有限公司2024年跟踪评级报告,东方金诚国际信用评估有限公司,2024-06-23,2022-12-31,评级报告表格值；接入全市总余额。
CN-350600,漳州市,福建省,2023,1428.11,SRC-SECONDARY-RATING-FUJIAN-ZHANGZHOU-2024,https://www.dfratings.com/uploads/files/2024/0628/bpkswHd2UXyIIu6sP8bG0gmvwr5Vcq3kCfoA2UNU.pdf,评级报告表格列示2023年末地方政府债务余额1428.11亿元；单位为亿元。,B2,disclosed,城市评级报告/政府债务余额表,龙海市城市建设投资开发有限公司2024年跟踪评级报告,东方金诚国际信用评估有限公司,2024-06-23,2023-12-31,评级报告表格值；接入全市总余额。
CN-350300,莆田市,福建省,2021,855.74,SRC-SECONDARY-RATING-FUJIAN-PUTIAN-2024,https://qxb-pdf-osscache.qixin.com/AnBaseinfo/81c26c19fb29eb7c31205c72c18a7030.pdf,评级报告表格列示2021年末地方政府债务余额855.74亿元；单位为亿元。,B2,disclosed,城市评级报告/政府债务余额表,莆田市国有资产投资有限公司2024年跟踪评级报告,上海新世纪资信评估投资服务有限公司,2024-06-01,2021-12-31,评级报告表格值；接入全市总余额。
CN-350300,莆田市,福建省,2022,1109.15,SRC-SECONDARY-RATING-FUJIAN-PUTIAN-2024,https://qxb-pdf-osscache.qixin.com/AnBaseinfo/81c26c19fb29eb7c31205c72c18a7030.pdf,评级报告表格列示2022年末地方政府债务余额1109.15亿元；单位为亿元。,B2,disclosed,城市评级报告/政府债务余额表,莆田市国有资产投资有限公司2024年跟踪评级报告,上海新世纪资信评估投资服务有限公司,2024-06-01,2022-12-31,评级报告表格值；接入全市总余额。
CN-350300,莆田市,福建省,2023,1192.27,SRC-SECONDARY-RATING-FUJIAN-PUTIAN-2024,https://qxb-pdf-osscache.qixin.com/AnBaseinfo/81c26c19fb29eb7c31205c72c18a7030.pdf,评级报告表格列示2023年末地方政府债务余额1192.27亿元；单位为亿元。,B2,disclosed,城市评级报告/政府债务余额表,莆田市国有资产投资有限公司2024年跟踪评级报告,上海新世纪资信评估投资服务有限公司,2024-06-01,2023-12-31,评级报告表格值；接入全市总余额。
CN-140200,大同市,山西省,2018,320.50,SRC-SECONDARY-EBS-SHANXI-2018,https://cdn.10100.com/content/20250803/43a7e593-9cdd-492c-bb6c-acb664fa6cd1.png?x-oss-process=style%2Fwmlogo,图表7直接标注大同市2018年政府债务总余额320.5亿元。,B2,chart_digitized,图表7 山西省各地级市2018年政府债务余额、限额情况,中国部分区域地方政府债务情况分析（2018年末）,EBS固收研究（公开转载页）,2019-05-20,2018-12-31,图表转录；转载页面：https://www.10100.com/article/2475649。晋城市因原图注明数据未完整披露而不作推算。
CN-140300,阳泉市,山西省,2018,122.70,SRC-SECONDARY-EBS-SHANXI-2018,https://cdn.10100.com/content/20250803/43a7e593-9cdd-492c-bb6c-acb664fa6cd1.png?x-oss-process=style%2Fwmlogo,图表7直接标注阳泉市2018年政府债务总余额122.7亿元。,B2,chart_digitized,图表7 山西省各地级市2018年政府债务余额、限额情况,中国部分区域地方政府债务情况分析（2018年末）,EBS固收研究（公开转载页）,2019-05-20,2018-12-31,图表转录；转载页面：https://www.10100.com/article/2475649。晋城市因原图注明数据未完整披露而不作推算。
CN-140400,长治市,山西省,2018,157.55,SRC-SECONDARY-EBS-SHANXI-2018,https://cdn.10100.com/content/20250803/43a7e593-9cdd-492c-bb6c-acb664fa6cd1.png?x-oss-process=style%2Fwmlogo,图表7列示一般债务余额114.36亿元、专项债务余额43.19亿元，合计157.55亿元。,B2,chart_digitized,图表7 山西省各地级市2018年政府债务余额、限额情况,中国部分区域地方政府债务情况分析（2018年末）,EBS固收研究（公开转载页）,2019-05-20,2018-12-31,图表转录；转载页面：https://www.10100.com/article/2475649。晋城市因原图注明数据未完整披露而不作推算。
CN-140600,朔州市,山西省,2018,107.95,SRC-SECONDARY-EBS-SHANXI-2018,https://cdn.10100.com/content/20250803/43a7e593-9cdd-492c-bb6c-acb664fa6cd1.png?x-oss-process=style%2Fwmlogo,图表7直接标注朔州市2018年政府债务总余额107.95亿元。,B2,chart_digitized,图表7 山西省各地级市2018年政府债务余额、限额情况,中国部分区域地方政府债务情况分析（2018年末）,EBS固收研究（公开转载页）,2019-05-20,2018-12-31,图表转录；转载页面：https://www.10100.com/article/2475649。晋城市因原图注明数据未完整披露而不作推算。
CN-140700,晋中市,山西省,2018,304.40,SRC-SECONDARY-EBS-SHANXI-2018,https://cdn.10100.com/content/20250803/43a7e593-9cdd-492c-bb6c-acb664fa6cd1.png?x-oss-process=style%2Fwmlogo,图表7列示一般债务余额193.69亿元、专项债务余额110.71亿元，合计304.40亿元。,B2,chart_digitized,图表7 山西省各地级市2018年政府债务余额、限额情况,中国部分区域地方政府债务情况分析（2018年末）,EBS固收研究（公开转载页）,2019-05-20,2018-12-31,图表转录；转载页面：https://www.10100.com/article/2475649。晋城市因原图注明数据未完整披露而不作推算。
CN-140800,运城市,山西省,2018,151.16,SRC-SECONDARY-EBS-SHANXI-2018,https://cdn.10100.com/content/20250803/43a7e593-9cdd-492c-bb6c-acb664fa6cd1.png?x-oss-process=style%2Fwmlogo,图表7列示一般债务余额96.35亿元、专项债务余额54.81亿元，合计151.16亿元。,B2,chart_digitized,图表7 山西省各地级市2018年政府债务余额、限额情况,中国部分区域地方政府债务情况分析（2018年末）,EBS固收研究（公开转载页）,2019-05-20,2018-12-31,图表转录；转载页面：https://www.10100.com/article/2475649。晋城市因原图注明数据未完整披露而不作推算。
CN-140900,忻州市,山西省,2018,181.57,SRC-SECONDARY-EBS-SHANXI-2018,https://cdn.10100.com/content/20250803/43a7e593-9cdd-492c-bb6c-acb664fa6cd1.png?x-oss-process=style%2Fwmlogo,图表7直接标注忻州市2018年政府债务总余额181.57亿元。,B2,chart_digitized,图表7 山西省各地级市2018年政府债务余额、限额情况,中国部分区域地方政府债务情况分析（2018年末）,EBS固收研究（公开转载页）,2019-05-20,2018-12-31,图表转录；转载页面：https://www.10100.com/article/2475649。晋城市因原图注明数据未完整披露而不作推算。
CN-141000,临汾市,山西省,2018,271.39,SRC-SECONDARY-EBS-SHANXI-2018,https://cdn.10100.com/content/20250803/43a7e593-9cdd-492c-bb6c-acb664fa6cd1.png?x-oss-process=style%2Fwmlogo,图表7直接标注临汾市2018年政府债务总余额271.39亿元。,B2,chart_digitized,图表7 山西省各地级市2018年政府债务余额、限额情况,中国部分区域地方政府债务情况分析（2018年末）,EBS固收研究（公开转载页）,2019-05-20,2018-12-31,图表转录；转载页面：https://www.10100.com/article/2475649。晋城市因原图注明数据未完整披露而不作推算。
CN-141100,吕梁市,山西省,2018,228.31,SRC-SECONDARY-EBS-SHANXI-2018,https://cdn.10100.com/content/20250803/43a7e593-9cdd-492c-bb6c-acb664fa6cd1.png?x-oss-process=style%2Fwmlogo,图表7直接标注吕梁市2018年政府债务总余额228.31亿元。,B2,chart_digitized,图表7 山西省各地级市2018年政府债务余额、限额情况,中国部分区域地方政府债务情况分析（2018年末）,EBS固收研究（公开转载页）,2019-05-20,2018-12-31,图表转录；转载页面：https://www.10100.com/article/2475649。晋城市因原图注明数据未完整披露而不作推算。
CN-511400,眉山市,四川省,2018,363.00,SRC-SECONDARY-EBS-SICHUAN-2018,https://cdn.10100.com/content/20250803/ad6231e5-be02-4c4a-a032-db6c935d4b7e.png?x-oss-process=style%2Fwmlogo,图表13列示一般债务余额198亿元、专项债务余额165亿元，合计363亿元。,B2,chart_digitized,图表13 四川省各地级市2018年政府债务余额,中国部分区域地方政府债务情况分析（2018年末）,EBS固收研究（公开转载页）,2019-05-20,2018-12-31,图表转录；转载页面：https://www.10100.com/article/2475649。图注中的未披露/2017年口径城市未接入。
CN-512000,资阳市,四川省,2018,313.00,SRC-SECONDARY-EBS-SICHUAN-2018,https://cdn.10100.com/content/20250803/ad6231e5-be02-4c4a-a032-db6c935d4b7e.png?x-oss-process=style%2Fwmlogo,图表13列示一般债务余额155亿元、专项债务余额158亿元，合计313亿元。,B2,chart_digitized,图表13 四川省各地级市2018年政府债务余额,中国部分区域地方政府债务情况分析（2018年末）,EBS固收研究（公开转载页）,2019-05-20,2018-12-31,图表转录；转载页面：https://www.10100.com/article/2475649。图注中的未披露/2017年口径城市未接入。
CN-513200,阿坝藏族羌族自治州,四川省,2018,55.00,SRC-SECONDARY-EBS-SICHUAN-2018,https://cdn.10100.com/content/20250803/ad6231e5-be02-4c4a-a032-db6c935d4b7e.png?x-oss-process=style%2Fwmlogo,图表13列示一般债务余额49亿元、专项债务余额6亿元，合计55亿元。,B2,chart_digitized,图表13 四川省各地级市2018年政府债务余额,中国部分区域地方政府债务情况分析（2018年末）,EBS固收研究（公开转载页）,2019-05-20,2018-12-31,图表转录；转载页面：https://www.10100.com/article/2475649。图注中的未披露/2017年口径城市未接入。
CN-513300,甘孜藏族自治州,四川省,2018,77.00,SRC-SECONDARY-EBS-SICHUAN-2018,https://cdn.10100.com/content/20250803/ad6231e5-be02-4c4a-a032-db6c935d4b7e.png?x-oss-process=style%2Fwmlogo,图表13列示一般债务余额71亿元、专项债务余额6亿元，合计77亿元。,B2,chart_digitized,图表13 四川省各地级市2018年政府债务余额,中国部分区域地方政府债务情况分析（2018年末）,EBS固收研究（公开转载页）,2019-05-20,2018-12-31,图表转录；转载页面：https://www.10100.com/article/2475649。图注中的未披露/2017年口径城市未接入。
CN-511000,内江市,四川省,2018,360.00,SRC-SECONDARY-EBS-SICHUAN-2018,https://cdn.10100.com/content/20250803/ad6231e5-be02-4c4a-a032-db6c935d4b7e.png?x-oss-process=style%2Fwmlogo,图表13列示一般债务余额284亿元、专项债务余额76亿元，合计360亿元。,B2,chart_digitized,图表13 四川省各地级市2018年政府债务余额,中国部分区域地方政府债务情况分析（2018年末）,EBS固收研究（公开转载页）,2019-05-20,2018-12-31,图表转录；转载页面：https://www.10100.com/article/2475649。图注中的未披露/2017年口径城市未接入。
CN-513400,凉山彝族自治州,四川省,2018,260.00,SRC-SECONDARY-EBS-SICHUAN-2018,https://cdn.10100.com/content/20250803/ad6231e5-be02-4c4a-a032-db6c935d4b7e.png?x-oss-process=style%2Fwmlogo,图表13列示一般债务余额220亿元、专项债务余额40亿元，合计260亿元。,B2,chart_digitized,图表13 四川省各地级市2018年政府债务余额,中国部分区域地方政府债务情况分析（2018年末）,EBS固收研究（公开转载页）,2019-05-20,2018-12-31,图表转录；转载页面：https://www.10100.com/article/2475649。图注中的未披露/2017年口径城市未接入。
CN-532500,红河哈尼族彝族自治州,云南省,2018,305.19,SRC-SECONDARY-EBS-YUNNAN-2018,https://cdn.10100.com/content/20250803/7be78b5b-c16f-4e7b-b825-2969d26615fb.png?x-oss-process=style%2Fwmlogo,图表16列示一般债务余额236.84亿元、专项债务余额68.35亿元，合计305.19亿元。,B2,chart_digitized,图表16 云南省各地级市2018年政府债务余额,中国部分区域地方政府债务情况分析（2018年末）,EBS固收研究（公开转载页）,2019-05-20,2018-12-31,图表转录；转载页面：https://www.10100.com/article/2475649。图注中的未披露/2017年口径城市未接入。
CN-532900,大理白族自治州,云南省,2018,243.80,SRC-SECONDARY-EBS-YUNNAN-2018,https://cdn.10100.com/content/20250803/7be78b5b-c16f-4e7b-b825-2969d26615fb.png?x-oss-process=style%2Fwmlogo,图表16列示一般债务余额179.60亿元、专项债务余额64.20亿元，合计243.80亿元。,B2,chart_digitized,图表16 云南省各地级市2018年政府债务余额,中国部分区域地方政府债务情况分析（2018年末）,EBS固收研究（公开转载页）,2019-05-20,2018-12-31,图表转录；转载页面：https://www.10100.com/article/2475649。图注中的未披露/2017年口径城市未接入。
CN-532800,西双版纳傣族自治州,云南省,2018,105.76,SRC-SECONDARY-EBS-YUNNAN-2018,https://cdn.10100.com/content/20250803/7be78b5b-c16f-4e7b-b825-2969d26615fb.png?x-oss-process=style%2Fwmlogo,图表16列示一般债务余额54.45亿元、专项债务余额51.31亿元，合计105.76亿元。,B2,chart_digitized,图表16 云南省各地级市2018年政府债务余额,中国部分区域地方政府债务情况分析（2018年末）,EBS固收研究（公开转载页）,2019-05-20,2018-12-31,图表转录；转载页面：https://www.10100.com/article/2475649。图注中的未披露/2017年口径城市未接入。
CN-533400,迪庆藏族自治州,云南省,2018,71.09,SRC-SECONDARY-EBS-YUNNAN-2018,https://cdn.10100.com/content/20250803/7be78b5b-c16f-4e7b-b825-2969d26615fb.png?x-oss-process=style%2Fwmlogo,图表16直接列示迪庆州政府债务总余额71.09亿元。,B2,chart_digitized,图表16 云南省各地级市2018年政府债务余额,中国部分区域地方政府债务情况分析（2018年末）,EBS固收研究（公开转载页）,2019-05-20,2018-12-31,图表转录；转载页面：https://www.10100.com/article/2475649。图注中的未披露/2017年口径城市未接入。
CN-533300,怒江傈僳族自治州,云南省,2018,40.14,SRC-SECONDARY-EBS-YUNNAN-2018,https://cdn.10100.com/content/20250803/7be78b5b-c16f-4e7b-b825-2969d26615fb.png?x-oss-process=style%2Fwmlogo,图表16列示一般债务余额40.14亿元、专项债务余额0亿元，合计40.14亿元。,B2,chart_digitized,图表16 云南省各地级市2018年政府债务余额,中国部分区域地方政府债务情况分析（2018年末）,EBS固收研究（公开转载页）,2019-05-20,2018-12-31,图表转录；转载页面：https://www.10100.com/article/2475649。图注中的未披露/2017年口径城市未接入。
CN-540100,拉萨市,西藏自治区,2018,33.58,SRC-SECONDARY-EBS-TIBET-2018,https://cdn.10100.com/content/20250803/7d8af404-be9a-47b4-bb9e-88253f8dbdc4.png?x-oss-process=style%2Fwmlogo,图表19列示一般债务余额8.28亿元、专项债务余额25.30亿元，合计33.58亿元。,B2,chart_digitized,图表19 西藏自治区各地级市（地区）2018年政府债务余额,中国部分区域地方政府债务情况分析（2018年末）,EBS固收研究（公开转载页）,2019-05-20,2018-12-31,图表转录；转载页面：https://www.10100.com/article/2475649。图注中的未披露/2017年口径城市未接入。
CN-540200,日喀则市,西藏自治区,2018,16.09,SRC-SECONDARY-EBS-TIBET-2018,https://cdn.10100.com/content/20250803/7d8af404-be9a-47b4-bb9e-88253f8dbdc4.png?x-oss-process=style%2Fwmlogo,图表19列示一般债务余额12.77亿元、专项债务余额3.32亿元，合计16.09亿元。,B2,chart_digitized,图表19 西藏自治区各地级市（地区）2018年政府债务余额,中国部分区域地方政府债务情况分析（2018年末）,EBS固收研究（公开转载页）,2019-05-20,2018-12-31,图表转录；转载页面：https://www.10100.com/article/2475649。图注中的未披露/2017年口径城市未接入。
CN-540300,昌都市,西藏自治区,2018,12.55,SRC-SECONDARY-EBS-TIBET-2018,https://cdn.10100.com/content/20250803/7d8af404-be9a-47b4-bb9e-88253f8dbdc4.png?x-oss-process=style%2Fwmlogo,图表19列示一般债务余额11.37亿元、专项债务余额1.18亿元，合计12.55亿元。,B2,chart_digitized,图表19 西藏自治区各地级市（地区）2018年政府债务余额,中国部分区域地方政府债务情况分析（2018年末）,EBS固收研究（公开转载页）,2019-05-20,2018-12-31,图表转录；转载页面：https://www.10100.com/article/2475649。图注中的未披露/2017年口径城市未接入。
CN-540500,山南市,西藏自治区,2018,9.36,SRC-SECONDARY-EBS-TIBET-2018,https://cdn.10100.com/content/20250803/7d8af404-be9a-47b4-bb9e-88253f8dbdc4.png?x-oss-process=style%2Fwmlogo,图表19列示一般债务余额5.86亿元、专项债务余额3.50亿元，合计9.36亿元。,B2,chart_digitized,图表19 西藏自治区各地级市（地区）2018年政府债务余额,中国部分区域地方政府债务情况分析（2018年末）,EBS固收研究（公开转载页）,2019-05-20,2018-12-31,图表转录；转载页面：https://www.10100.com/article/2475649。图注中的未披露/2017年口径城市未接入。
CN-540400,林芝市,西藏自治区,2018,5.96,SRC-SECONDARY-EBS-TIBET-2018,https://cdn.10100.com/content/20250803/7d8af404-be9a-47b4-bb9e-88253f8dbdc4.png?x-oss-process=style%2Fwmlogo,图表19列示一般债务余额5.92亿元、专项债务余额0.04亿元，合计5.96亿元。,B2,chart_digitized,图表19 西藏自治区各地级市（地区）2018年政府债务余额,中国部分区域地方政府债务情况分析（2018年末）,EBS固收研究（公开转载页）,2019-05-20,2018-12-31,图表转录；转载页面：https://www.10100.com/article/2475649。图注中的未披露/2017年口径城市未接入。
CN-530100,昆明市,云南省,2019,2059.86,SRC-SECONDARY-CCXI-YUNNAN-KUNMING-2019,https://file.finance.sina.com.cn/211.154.219.97%3A9494/MRGG/BOND/2020/2020-6/2020-06-19/14794429.PDF,中诚信国际评级报告正文披露2019年末昆明市政府债务余额2059.86亿元。,B2,disclosed,2019年末昆明市政府债务余额,昆明交通产业股份有限公司2019年公开发行公司债券跟踪评级报告（2020）,中诚信国际信用评级有限责任公司,2020-06-19,2019-12-31,评级报告正文精确披露；仅接入法定债务总额，不反推一般债务和专项债务。
CN-533100,德宏傣族景颇族自治州,云南省,2019,213.92,SRC-SECONDARY-CCXI-YUNNAN-DEHONG-2019,https://qxb-pdf-osscache.qixin.com/AnBaseinfo/622c24137e930c9030a70c5cfe2e604d.pdf,公开评级报告披露德宏州2020年末政府债务余额258.12亿元，较2019年末增加44.20亿元，据此计算2019年末余额213.92亿元。,B2,calculated,2019年末德宏州地方政府债务余额,2021年瑞丽仁隆投资开发有限责任公司公司债券信用评级报告,中诚信国际信用评级有限责任公司,2021-01-01,2019-12-31,按公开评级报告的2020年末余额减去同比增加额计算；仅接入总额，计算值待财政决算原表复核，不反推一般债务和专项债务。
CN-530800,普洱市,云南省,2019,200.0,SRC-SECONDARY-RATING-YUNNAN-2019-2021,https://www.lhratings.com/file/f2e1f5e7eb6.pdf,联合资信报告图9显示普洱市2019年末政府债务余额约200.0亿元，按图表纵轴估读。,B2,chart_digitized,图9 2019—2021年末云南省各市（州）政府债务余额,地方政府与城投企业债务风险研究报告——云南篇,联合资信评估股份有限公司,2023-05-10,2019-12-31,公开报告图9转录值，约值仅作阶段性补缺，待官方财政决算表复核；不反推一般债务和专项债务。
CN-532800,西双版纳傣族自治州,云南省,2019,95.0,SRC-SECONDARY-RATING-YUNNAN-2019-2021,https://www.lhratings.com/file/f2e1f5e7eb6.pdf,联合资信报告图9显示西双版纳州2019年末政府债务余额约95.0亿元，按图表纵轴估读。,B2,chart_digitized,图9 2019—2021年末云南省各市（州）政府债务余额,地方政府与城投企业债务风险研究报告——云南篇,联合资信评估股份有限公司,2023-05-10,2019-12-31,公开报告图9转录值，约值仅作阶段性补缺，待官方财政决算表复核；不反推一般债务和专项债务。
CN-533400,迪庆藏族自治州,云南省,2019,70.0,SRC-SECONDARY-RATING-YUNNAN-2019-2021,https://www.lhratings.com/file/f2e1f5e7eb6.pdf,联合资信报告图9显示迪庆州2019年末政府债务余额约70.0亿元，按图表纵轴估读。,B2,chart_digitized,图9 2019—2021年末云南省各市（州）政府债务余额,地方政府与城投企业债务风险研究报告——云南篇,联合资信评估股份有限公司,2023-05-10,2019-12-31,公开报告图9转录值，约值仅作阶段性补缺，待官方财政决算表复核；不反推一般债务和专项债务。
CN-533300,怒江傈僳族自治州,云南省,2019,78.01,SRC-SECONDARY-LHRATINGS-YUNNAN-NUJIANG-2019,https://finance.sina.cn/2020-12-16/detail-iiznctke6770484.d.html?vt=4,公开研究报告称怒江州2019年政府债务余额较上年增长94.34%，结合2018年余额40.14亿元计算得78.01亿元。,B2,calculated,2019年末怒江州政府债务余额,云南篇：地方政府与城投企业债务风险研究报告,联合资信评估股份有限公司,2020-12-16,2019-12-31,按2018年余额40.14亿元与公开报告披露的2019年同比增速94.34%计算；仅接入总额，待官方财政决算原表复核，不反推一般债务和专项债务。
CN-530100,昆明市,云南省,2020,2100.0,SRC-SECONDARY-RATING-YUNNAN-2019-2021,https://www.lhratings.com/file/f2e1f5e7eb6.pdf,联合资信报告图9显示昆明市2020年末政府债务余额约2100.0亿元，按图表纵轴估读。,B2,chart_digitized,图9 2019—2021年末云南省各市（州）政府债务余额,地方政府与城投企业债务风险研究报告——云南篇,联合资信评估股份有限公司,2023-05-10,2020-12-31,公开报告图9转录值，约值仅作阶段性补缺，待官方财政决算表复核；不反推一般债务和专项债务。
CN-530800,普洱市,云南省,2020,290.0,SRC-SECONDARY-RATING-YUNNAN-2019-2021,https://www.lhratings.com/file/f2e1f5e7eb6.pdf,联合资信报告图9显示普洱市2020年末政府债务余额约290.0亿元，按图表纵轴估读。,B2,chart_digitized,图9 2019—2021年末云南省各市（州）政府债务余额,地方政府与城投企业债务风险研究报告——云南篇,联合资信评估股份有限公司,2023-05-10,2020-12-31,公开报告图9转录值，约值仅作阶段性补缺，待官方财政决算表复核；不反推一般债务和专项债务。
CN-532600,文山壮族苗族自治州,云南省,2020,410.0,SRC-SECONDARY-RATING-YUNNAN-2019-2021,https://www.lhratings.com/file/f2e1f5e7eb6.pdf,联合资信报告图9显示文山州2020年末政府债务余额约410.0亿元，按图表纵轴估读。,B2,chart_digitized,图9 2019—2021年末云南省各市（州）政府债务余额,地方政府与城投企业债务风险研究报告——云南篇,联合资信评估股份有限公司,2023-05-10,2020-12-31,公开报告图9转录值，约值仅作阶段性补缺，待官方财政决算表复核；不反推一般债务和专项债务。
CN-533100,德宏傣族景颇族自治州,云南省,2020,240.0,SRC-SECONDARY-RATING-YUNNAN-2019-2021,https://www.lhratings.com/file/f2e1f5e7eb6.pdf,联合资信报告图9显示德宏州2020年末政府债务余额约240.0亿元，按图表纵轴估读。,B2,chart_digitized,图9 2019—2021年末云南省各市（州）政府债务余额,地方政府与城投企业债务风险研究报告——云南篇,联合资信评估股份有限公司,2023-05-10,2020-12-31,公开报告图9转录值，约值仅作阶段性补缺，待官方财政决算表复核；不反推一般债务和专项债务。
CN-533300,怒江傈僳族自治州,云南省,2020,85.0,SRC-SECONDARY-RATING-YUNNAN-2019-2021,https://www.lhratings.com/file/f2e1f5e7eb6.pdf,联合资信报告图9显示怒江州2020年末政府债务余额约85.0亿元，按图表纵轴估读。,B2,chart_digitized,图9 2019—2021年末云南省各市（州）政府债务余额,地方政府与城投企业债务风险研究报告——云南篇,联合资信评估股份有限公司,2023-05-10,2020-12-31,公开报告图9转录值，约值仅作阶段性补缺，待官方财政决算表复核；不反推一般债务和专项债务。
CN-530100,昆明市,云南省,2021,2149.00,SRC-SECONDARY-LHRATINGS-YUNNAN-KUNMING-2021,https://www.lhratings.com/file/f2e1f5e7eb6.pdf,联合资信报告正文明确披露2021年底昆明市政府债务余额2149.00亿元。,B2,disclosed,2021年底昆明市政府债务余额,地方政府与城投企业债务风险研究报告——云南篇,联合资信评估股份有限公司,2023-05-10,2021-12-31,报告正文精确披露；仅接入总额，不反推一般债务和专项债务。
CN-532800,西双版纳傣族自治州,云南省,2021,160.0,SRC-SECONDARY-RATING-YUNNAN-2019-2021,https://www.lhratings.com/file/f2e1f5e7eb6.pdf,联合资信报告图9显示西双版纳州2021年末政府债务余额约160.0亿元，按图表纵轴估读。,B2,chart_digitized,图9 2019—2021年末云南省各市（州）政府债务余额,地方政府与城投企业债务风险研究报告——云南篇,联合资信评估股份有限公司,2023-05-10,2021-12-31,公开报告图9转录值，约值仅作阶段性补缺，待官方财政决算表复核；不反推一般债务和专项债务。
CN-533100,德宏傣族景颇族自治州,云南省,2021,255.0,SRC-SECONDARY-RATING-YUNNAN-2019-2021,https://www.lhratings.com/file/f2e1f5e7eb6.pdf,联合资信报告图9显示德宏州2021年末政府债务余额约255.0亿元，按图表纵轴估读。,B2,chart_digitized,图9 2019—2021年末云南省各市（州）政府债务余额,地方政府与城投企业债务风险研究报告——云南篇,联合资信评估股份有限公司,2023-05-10,2021-12-31,公开报告图9转录值，约值仅作阶段性补缺，待官方财政决算表复核；不反推一般债务和专项债务。
CN-533300,怒江傈僳族自治州,云南省,2021,100.0,SRC-SECONDARY-RATING-YUNNAN-2019-2021,https://www.lhratings.com/file/f2e1f5e7eb6.pdf,联合资信报告图9显示怒江州2021年末政府债务余额约100.0亿元，按图表纵轴估读。,B2,chart_digitized,图9 2019—2021年末云南省各市（州）政府债务余额,地方政府与城投企业债务风险研究报告——云南篇,联合资信评估股份有限公司,2023-05-10,2021-12-31,公开报告图9转录值，约值仅作阶段性补缺，待官方财政决算表复核；不反推一般债务和专项债务。
CN-620600,武威市,甘肃省,2024,410.9,SRC-SECONDARY-RATING-GANSU-2024-CITY-CHART,https://www.lhratings.com/file/ffdccf82874.pdf,联合资信报告图2.4：武威市2024年橙色柱按纵轴刻度转录约410.9亿元。,B2,chart_digitized,图2.4 截至2024年底甘肃省各地级市（州）政府债务情况,地方政府与城投企业债务风险研究报告——甘肃篇,联合资信评估股份有限公司,2025-09-23,2024-12-31,图表柱形高度按公开纵轴刻度转录，仅作阶段性补缺，待官方财政决算附件复核；仅接入总额不反推一般债务和专项债务。
CN-620800,平凉市,甘肃省,2024,336.0,SRC-SECONDARY-RATING-GANSU-2024-CITY-CHART,https://www.lhratings.com/file/ffdccf82874.pdf,联合资信报告图2.4：平凉市2024年橙色柱按纵轴刻度转录约336.0亿元。,B2,chart_digitized,图2.4 截至2024年底甘肃省各地级市（州）政府债务情况,地方政府与城投企业债务风险研究报告——甘肃篇,2025-09-23,2024-12-31,图表柱形高度按公开纵轴刻度转录，仅作阶段性补缺，待官方财政决算附件复核；仅接入总额不反推一般债务和专项债务。
CN-620900,酒泉市,甘肃省,2024,307.7,SRC-SECONDARY-RATING-GANSU-2024-CITY-CHART,https://www.lhratings.com/file/ffdccf82874.pdf,联合资信报告图2.4：酒泉市2024年橙色柱按纵轴刻度转录约307.7亿元。,B2,chart_digitized,图2.4 截至2024年底甘肃省各地级市（州）政府债务情况,地方政府与城投企业债务风险研究报告——甘肃篇,2025-09-23,2024-12-31,图表柱形高度按公开纵轴刻度转录，仅作阶段性补缺，待官方财政决算附件复核；仅接入总额不反推一般债务和专项债务。
CN-621200,陇南市,甘肃省,2024,400.8,SRC-SECONDARY-RATING-GANSU-2024-CITY-CHART,https://www.lhratings.com/file/ffdccf82874.pdf,联合资信报告图2.4：陇南市2024年橙色柱按纵轴刻度转录约400.8亿元。,B2,chart_digitized,图2.4 截至2024年底甘肃省各地级市（州）政府债务情况,联合资信评估股份有限公司,2025-09-23,2024-12-31,图表柱形高度按公开纵轴刻度转录，仅作阶段性补缺，待官方财政决算附件复核；仅接入总额不反推一般债务和专项债务。
CN-622900,临夏回族自治州,甘肃省,2024,441.3,SRC-SECONDARY-RATING-GANSU-2024-CITY-CHART,https://www.lhratings.com/file/ffdccf82874.pdf,联合资信报告图2.4：临夏回族自治州2024年橙色柱按纵轴刻度转录约441.3亿元。,B2,chart_digitized,图2.4 截至2024年底甘肃省各地级市（州）政府债务情况,联合资信评估股份有限公司,2025-09-23,2024-12-31,图表柱形高度按公开纵轴刻度转录，仅作阶段性补缺，待官方财政决算附件复核；仅接入总额不反推一般债务和专项债务。
CN-623000,甘南藏族自治州,甘肃省,2024,303.6,SRC-SECONDARY-RATING-GANSU-2024-CITY-CHART,https://www.lhratings.com/file/ffdccf82874.pdf,联合资信报告图2.4：甘南藏族自治州2024年橙色柱按纵轴刻度转录约303.6亿元。,B2,chart_digitized,图2.4 截至2024年底甘肃省各地级市（州）政府债务情况,联合资信评估股份有限公司,2025-09-23,2024-12-31,图表柱形高度按公开纵轴刻度转录，仅作阶段性补缺，待官方财政决算附件复核；仅接入总额不反推一般债务和专项债务。
CN-140300,阳泉市,山西省,2022,291.39,SRC-SECONDARY-DEBT-SHANXI-YANGQUAN-2022,https://xxgk.yq.gov.cn/czj/zfzdgknr/czyjsly/zfyjs/202306/W0202303086117800241.pdf,阳泉市财政公开报告明确披露2022年全市政府债务余额291.39亿元。,B2,disclosed,阳泉市2022年全市政府债务情况,阳泉市十六届人大三次会议文件,阳泉市财政局,2023-03-08,2022-12-31,市级财政公开报告明确值；仅接入全市总余额，未从总额反推一般债务和专项债务，待债务余额分项表复核。
CN-140500,晋城市,山西省,2022,308.10,SRC-SECONDARY-DEBT-SHANXI-JINCHENG-2022,https://www.jcgov.gov.cn/zwgk/czxx_23406/zfys_24261/202309/P020230918569182630165.pdf,晋城市财政公开报告明确披露2022年底全市地方政府债务限额和余额均为308.1亿元。,B2,disclosed,晋城市2022年全市地方政府债务限额和余额,晋城市八届人大三次会议文件（18）,晋城市财政局,2023-09-18,2022-12-31,市级财政公开报告明确值；仅接入全市总余额，未从总额反推一般债务和专项债务，待债务余额分项表复核。
CN-140800,运城市,山西省,2022,363.06,SRC-SECONDARY-DEBT-SHANXI-YUNCHENG-2022,https://www.chinamoney.com.cn/dqs/cm-s-notice-query/fileDownLoad.do?contentId=2681154&mode=save&priority=0,东方金诚评级报告明确披露2022年末运城市政府债务余额363.06亿元。,B2,disclosed,图表17 运城市财政收支情况,运城市城市建设投资开发集团有限公司信用等级通知书,东方金诚国际信用评估有限公司,2023-06-07,2022-12-31,评级报告引用公开财政决算资料并明确列示；仅接入全市总余额，未从总额反推一般债务和专项债务，待官方决算原表复核。
CN-140900,忻州市,山西省,2022,418.29,SRC-SECONDARY-DEBT-SHANXI-XINZHOU-2022,https://qxb-pdf-osscache.qixin.com/AnBaseinfo/cfbbfc40d2432ff7b126d32725f38ba7.pdf,东方金诚评级报告同业比较表明确列示2022年忻州市地方政府债务余额418.29亿元。,B2,disclosed,同业比较：地区经济及财政数据,广元市投资发展集团有限公司2023年度跟踪评级报告,东方金诚国际信用评估有限公司,2023-06-07,2022-12-31,评级报告同业表明确值；仅接入全市总余额，未从总额反推一般债务和专项债务，待官方决算原表复核。
CN-140600,朔州市,山西省,2022,245.65,SRC-SECONDARY-DEBT-SHANXI-SHUOZHOU-2022,https://finance.sina.com.cn/money/bond/2023-12-07/doc-imzxepns4768843.shtml,山西区域研究正文明确列示2022年末朔州市政府债务余额245.65亿元。,B2,disclosed,山西省下辖市债务状况分析,山西省及下辖各市经济财政实力与债务研究,公开区域研究资料,2023-12-07,2022-12-31,公开区域研究资料明确引用各地政府公开数据；仅接入全市总余额，未从总额反推一般债务和专项债务，待官方决算原表复核。
CN-460100,海口市,海南省,2018,624.0,SRC-SECONDARY-DEBT-HAINAN-HAIKOU-2018,https://www.governbond.org.cn/uploadFiles/crawler_t_src_bond_doc/2019%E5%B9%B4%E6%B5%B7%E5%8D%97%E7%9C%81%E5%9C%9F%E5%82%A8%E4%B8%93%E9%A1%B9%E5%80%BA%E5%88%B8%EF%BC%88%E4%B8%80%E6%9C%9F%EF%BC%89%E4%BF%A1%E6%81%AF%E8%AF%84%E7%BA%A7%E6%8A%A5%E5%91%8A.pdf,海南省地方政府债券评级报告披露海口市2018年末地方政府债务余额624.0亿元。,B2,disclosed,2018年末海口市地方政府债务余额,2019年海南省土地储备专项债券（一期）信用评级报告,公开评级报告,2019,2018-12-31,评级报告披露海口市全市总余额；仅接入总额，未从总额反推一般债务和专项债务分项，待官方决算原表复核。
CN-460100,海口市,海南省,2019,690.3,SRC-SECONDARY-DEBT-HAINAN-HAIKOU-2019,https://www.governbond.org.cn/uploadFiles/46/attachFiles/202012/fe82648c-2151-4ef3-ab17-4b7ff0e11d16.pdf,海南省地方政府债券评级报告披露海口市2019年末地方政府债务余额690.3亿元。,B2,disclosed,2019年末海口市地方政府债务余额,海南省地方政府债券跟踪评级报告,公开评级报告,2020,2019-12-31,评级报告披露海口市全市总余额；仅接入总额，未从总额反推一般债务和专项债务分项，待官方决算原表复核。
