source_doc_id,publisher,source_grade,accepted_for_final,document_type,source_url,attachment_url,file_name,mime_type,publication_date,coverage_scope,covered_city_count,covered_year_count,covered_core_value_count,covered_cities,covered_years,covered_fields,coverage_status,note
SRC-NBS-STATS-CODES-RULE,国家统计局,A1,true,统计标准,https://www.stats.gov.cn/hd/cjwtjd/202302/t20230207_1902279.html,,,text/html,2023-02-07,unclassified,0,0,0,,,,registered_no_selected_value,用于解释统计用区划代码的制度口径，不直接提供城市年度经济财政数值。
SRC-CITY-PANEL-1990-2023,JasmineHao 公开研究项目,D,false,研究数据集,https://raw.githubusercontent.com/JasmineHao/JasmineHao.github.io/main/econ6083/final-project/notebooks/data/china_city_panel_with_policies.csv,https://raw.githubusercontent.com/JasmineHao/JasmineHao.github.io/main/econ6083/final-project/notebooks/data/china_city_panel_with_policies.csv,china_city_panel_with_policies.csv,text/csv,2026-05-05,multicity_batch,297,6,7688,CN-110000;CN-120000;CN-130100;CN-130200;CN-130300;CN-130400;CN-130500;CN-130600;CN-130700;CN-130800;CN-130900;CN-131000;CN-131100;CN-140100;CN-140200;CN-140300;CN-140400;CN-140500;CN-140600;CN-140700;CN-140800;CN-140900;CN-141000;CN-141100;CN-150100;CN-150200;CN-150300;CN-150400;CN-150500;CN-150600;CN-150700;CN-150800;CN-150900;CN-210100;CN-210200;CN-210300;CN-210400;CN-210500;CN-210600;CN-210700;CN-210800;CN-210900;CN-211000;CN-211100;CN-211200;CN-211300;CN-211400;CN-220100;CN-220200;CN-220300;CN-220400;CN-220500;CN-220600;CN-220700;CN-220800;CN-230100;CN-230200;CN-230300;CN-230400;CN-230500;CN-230600;CN-230700;CN-230800;CN-230900;CN-231000;CN-231100;CN-231200;CN-310000;CN-320100;CN-320200;CN-320300;CN-320400;CN-320500;CN-320600;CN-320700;CN-320800;CN-320900;CN-321000;CN-321100;CN-321200;CN-321300;CN-330100;CN-330200;CN-330300;CN-330400;CN-330500;CN-330600;CN-330700;CN-330800;CN-330900;CN-331000;CN-331100;CN-340100;CN-340200;CN-340300;CN-340400;CN-340500;CN-340600;CN-340700;CN-340800;CN-341000;CN-341100;CN-341200;CN-341300;CN-341500;CN-341600;CN-341700;CN-341800;CN-350100;CN-350200;CN-350300;CN-350400;CN-350500;CN-350600;CN-350700;CN-350800;CN-350900;CN-360100;CN-360200;CN-360300;CN-360400;CN-360500;CN-360600;CN-360700;CN-360800;CN-360900;CN-361000;CN-361100;CN-370100;CN-370200;CN-370300;CN-370400;CN-370500;CN-370600;CN-370700;CN-370800;CN-370900;CN-371000;CN-371100;CN-371200;CN-371300;CN-371400;CN-371500;CN-371600;CN-371700;CN-410100;CN-410200;CN-410300;CN-410400;CN-410500;CN-410600;CN-410700;CN-410800;CN-410900;CN-411000;CN-411100;CN-411200;CN-411300;CN-411400;CN-411500;CN-411600;CN-411700;CN-420100;CN-420200;CN-420300;CN-420500;CN-420600;CN-420700;CN-420800;CN-420900;CN-421000;CN-421100;CN-421200;CN-421300;CN-430100;CN-430200;CN-430300;CN-430400;CN-430500;CN-430600;CN-430700;CN-430800;CN-430900;CN-431000;CN-431100;CN-431200;CN-431300;CN-440100;CN-440200;CN-440300;CN-440400;CN-440500;CN-440600;CN-440700;CN-440800;CN-440900;CN-441200;CN-441300;CN-441400;CN-441500;CN-441600;CN-441700;CN-441800;CN-441900;CN-442000;CN-445100;CN-445200;CN-445300;CN-450100;CN-450200;CN-450300;CN-450400;CN-450500;CN-450600;CN-450700;CN-450800;CN-450900;CN-451000;CN-451100;CN-451200;CN-451300;CN-451400;CN-460100;CN-460200;CN-460400;CN-500000;CN-510100;CN-510300;CN-510400;CN-510500;CN-510600;CN-510700;CN-510800;CN-510900;CN-511000;CN-511100;CN-511300;CN-511400;CN-511500;CN-511600;CN-511700;CN-511800;CN-511900;CN-512000;CN-520100;CN-520200;CN-520300;CN-520400;CN-520500;CN-520600;CN-530100;CN-530300;CN-530400;CN-530500;CN-530600;CN-530700;CN-530800;CN-530900;CN-540100;CN-540200;CN-540300;CN-540400;CN-540500;CN-540600;CN-610100;CN-610200;CN-610300;CN-610400;CN-610500;CN-610600;CN-610700;CN-610800;CN-610900;CN-611000;CN-620100;CN-620200;CN-620300;CN-620400;CN-620500;CN-620600;CN-620700;CN-620800;CN-620900;CN-621000;CN-621100;CN-621200;CN-630100;CN-630200;CN-640100;CN-640200;CN-640300;CN-640400;CN-640500;CN-650100;CN-650200;CN-650400;CN-650500,2018;2019;2020;2021;2022;2023,gdp_current_100m;gdp_real_growth_pct;general_public_expenditure_100m;general_public_revenue_100m;resident_population_10k,provisional_only,公开研究型面板，仅作 provisional 暂存和字段覆盖基线；变量定义与官方逐表证据尚不完整。
SRC-ADMIN-DIVISION-2018,adyliu/china_area（注明数据来源为国家统计局）,C,false,行政区划名册,https://raw.githubusercontent.com/adyliu/china_area/master/area_code_2018.csv.gz,https://raw.githubusercontent.com/adyliu/china_area/master/area_code_2018.csv.gz,area_code_2018.csv.gz,application/gzip,2018-12-31,unclassified,0,0,0,,,,registered_no_selected_value,第三方归档并声称来源为国家统计局；作为城市主表版本来源，正式研究仍建议回读官方年度页面。
SRC-ADMIN-DIVISION-2019,adyliu/china_area（注明数据来源为国家统计局）,C,false,行政区划名册,https://raw.githubusercontent.com/adyliu/china_area/master/area_code_2019.csv.gz,https://raw.githubusercontent.com/adyliu/china_area/master/area_code_2019.csv.gz,area_code_2019.csv.gz,application/gzip,2019-12-31,unclassified,0,0,0,,,,registered_no_selected_value,第三方归档并声称来源为国家统计局；作为城市主表版本来源，正式研究仍建议回读官方年度页面。
SRC-ADMIN-DIVISION-2020,adyliu/china_area（注明数据来源为国家统计局）,C,false,行政区划名册,https://raw.githubusercontent.com/adyliu/china_area/master/area_code_2020.csv.gz,https://raw.githubusercontent.com/adyliu/china_area/master/area_code_2020.csv.gz,area_code_2020.csv.gz,application/gzip,2020-12-31,unclassified,0,0,0,,,,registered_no_selected_value,第三方归档并声称来源为国家统计局；作为城市主表版本来源，正式研究仍建议回读官方年度页面。
SRC-ADMIN-DIVISION-2021,adyliu/china_area（注明数据来源为国家统计局）,C,false,行政区划名册,https://raw.githubusercontent.com/adyliu/china_area/master/area_code_2021.csv.gz,https://raw.githubusercontent.com/adyliu/china_area/master/area_code_2021.csv.gz,area_code_2021.csv.gz,application/gzip,2021-12-31,unclassified,0,0,0,,,,registered_no_selected_value,第三方归档并声称来源为国家统计局；作为城市主表版本来源，正式研究仍建议回读官方年度页面。
SRC-ADMIN-DIVISION-2022,adyliu/china_area（注明数据来源为国家统计局）,C,false,行政区划名册,https://raw.githubusercontent.com/adyliu/china_area/master/area_code_2022.csv.gz,https://raw.githubusercontent.com/adyliu/china_area/master/area_code_2022.csv.gz,area_code_2022.csv.gz,application/gzip,2022-12-31,unclassified,0,0,0,,,,registered_no_selected_value,第三方归档并声称来源为国家统计局；作为城市主表版本来源，正式研究仍建议回读官方年度页面。
SRC-ADMIN-DIVISION-2023,adyliu/china_area（注明数据来源为国家统计局）,C,false,行政区划名册,https://raw.githubusercontent.com/adyliu/china_area/master/area_code_2023.csv.gz,https://raw.githubusercontent.com/adyliu/china_area/master/area_code_2023.csv.gz,area_code_2023.csv.gz,application/gzip,2023-12-31,unclassified,0,0,0,,,,registered_no_selected_value,第三方归档并声称来源为国家统计局；作为城市主表版本来源，正式研究仍建议回读官方年度页面。
SRC-ADMIN-DIVISION-2024,adyliu/china_area（注明数据来源为国家统计局）,C,false,行政区划名册,https://raw.githubusercontent.com/adyliu/china_area/master/area_code_2024.csv.gz,https://raw.githubusercontent.com/adyliu/china_area/master/area_code_2024.csv.gz,area_code_2024.csv.gz,application/gzip,2024-12-31,unclassified,0,0,0,,,,registered_no_selected_value,第三方归档并声称来源为国家统计局；作为城市主表版本来源，正式研究仍建议回读官方年度页面。
SRC-GD-YEARBOOK-2025,广东省统计局、国家统计局广东调查总队,A1,true,official_yearbook,https://stats.gd.gov.cn/gdtjnj/content/post_4810393.html,https://stats.gd.gov.cn/attachment/0/615/615394/4810393.zip,,application/zip,2025-12-09,multicity_batch,21,1,105,CN-440100;CN-440200;CN-440300;CN-440400;CN-440500;CN-440600;CN-440700;CN-440800;CN-440900;CN-441200;CN-441300;CN-441400;CN-441500;CN-441600;CN-441700;CN-441800;CN-441900;CN-442000;CN-445100;CN-445200;CN-445300,2024,gdp_current_100m;gdp_real_growth_pct;general_public_expenditure_100m;general_public_revenue_100m;resident_population_10k,accepted,用于 GDP、GDP 增速、年末常住人口、地方一般公共预算收入与支出；原始目录中的 HTML 表可定位到 02/03/08 章。
SRC-GD-DEBT-2024-FINAL,广东省人民政府,A1,true,official_debt_report,https://www.gd.gov.cn/attachment/0/589/589351/4760613.pdf,https://www.gd.gov.cn/attachment/0/589/589351/4760613.pdf,,application/pdf,2025-08-19,multicity_batch,21,1,42,CN-440100;CN-440200;CN-440300;CN-440400;CN-440500;CN-440600;CN-440700;CN-440800;CN-440900;CN-441200;CN-441300;CN-441400;CN-441500;CN-441600;CN-441700;CN-441800;CN-441900;CN-442000;CN-445100;CN-445200;CN-445300,2024,statutory_debt_balance_100m;statutory_debt_limit_100m,accepted,表35为一般债务限额及余额，表36为专项债务限额及余额；采用全市/地级市列示口径。
SRC-GD-FUND-SECONDARY-2025,远东资信评估有限公司,D,false,secondary_credit_report,https://www.sfecr.com/upload/file/2025-12/col68/1765857166316.pdf,https://www.sfecr.com/upload/file/2025-12/col68/1765857166316.pdf,,application/pdf,2025-12-16,multicity_batch,19,1,19,CN-440100;CN-440200;CN-440300;CN-440400;CN-440500;CN-440600;CN-440700;CN-440800;CN-441200;CN-441300;CN-441400;CN-441500;CN-441700;CN-441800;CN-441900;CN-442000;CN-445100;CN-445200;CN-445300,2024,gov_fund_revenue_100m,provisional_only,仅用于政府性基金收入补充抽取；报告表5注明数据来源为预警通，不能替代官方全市决算表。河源、茂名原文为“-”，保持 null。
SRC-GD-CITY-GDP-2025,广东省统计局,A2,true,官方地市经济表,https://stats.gd.gov.cn/fsjdgnsczz/content/post_4854894.html,https://stats.gd.gov.cn/fsjdgnsczz/content/post_4854894.html,guangdong_2025_city_gdp.html,text/html,2026-02-08,multicity_batch,21,1,42,CN-440100;CN-440200;CN-440300;CN-440400;CN-440500;CN-440600;CN-440700;CN-440800;CN-440900;CN-441200;CN-441300;CN-441400;CN-441500;CN-441600;CN-441700;CN-441800;CN-441900;CN-442000;CN-445100;CN-445200;CN-445300,2025,gdp_current_100m;gdp_real_growth_pct,accepted,广东省统计局官方地市表；GDP为现价地区生产总值，增长率为初步核算实际增速；2025年数据状态标记为 preliminary。
SRC-GD-CITY-FISCAL-2025,广东省财政厅,A2,true,官方地市财政执行表,https://czt.gd.gov.cn/czysjs/content/post_4857651.html,https://czt.gd.gov.cn/attachment/0/607/607013/4857651.pdf,guangdong_2025_budget_attachment_3.pdf,application/pdf,2026-02-14,multicity_batch,21,1,42,CN-440100;CN-440200;CN-440300;CN-440400;CN-440500;CN-440600;CN-440700;CN-440800;CN-440900;CN-441200;CN-441300;CN-441400;CN-441500;CN-441600;CN-441700;CN-441800;CN-441900;CN-442000;CN-445100;CN-445200;CN-445300,2025,general_public_expenditure_100m;general_public_revenue_100m,accepted,表2/表4使用各市一般公共预算收入、支出执行数；原始单位万元，转换为亿元；数据状态标记为 execution。
SRC-GZ-CITY-FUND-2025,广州市财政局,A2,true,官方城市政府性基金预算执行报告,https://www.gz.gov.cn/attachment/7/7970/7970896/10682364.pdf,https://www.gz.gov.cn/attachment/7/7970/7970896/10682364.pdf,guangzhou_2025_budget_report.pdf,application/pdf,2026-01-19,city_year,1,1,1,CN-440100,2025,gov_fund_revenue_100m,accepted,报告正文标记为2025年预计执行情况；全市政府性基金预算收入为1000亿元，表21同步列示执行数10000000万元。
SRC-SZ-CITY-FUND-2025,深圳市财政局,A2,true,官方城市政府性基金预算执行报告,https://www.sz.gov.cn/attachment/1/1704/1704493/12737941.pdf,https://www.sz.gov.cn/attachment/1/1704/1704493/12737941.pdf,shenzhen_2025_budget_report.pdf,application/pdf,2026-04-13,city_year,1,1,1,CN-440300,2025,gov_fund_revenue_100m,accepted,官方公报正文披露2025年全市政府性基金预算收入667亿元，并明确为预计执行数，待年终决算依法报告。
SRC-DG-CITY-FUND-2025,东莞市财政局,A2,true,官方城市政府性基金预算执行报告,https://czj.dg.gov.cn/attachment/0/403/403768/4501595.pdf,https://czj.dg.gov.cn/attachment/0/403/403768/4501595.pdf,dongguan_2025_budget_report.pdf,application/pdf,2026-02-04,city_year,1,1,1,CN-441900,2025,gov_fund_revenue_100m,accepted,官方预算执行报告正文披露2025年全市政府性基金预算收入138.49亿元，执行状态明确。
SRC-ZS-CITY-FUND-2025,中山市财政局,A2,true,官方城市财政预算执行信息,https://czj.zs.gov.cn/sy/gzdt/zwdt/content/post_2594033.html,https://czj.zs.gov.cn/sy/gzdt/zwdt/content/post_2594033.html,zhongshan_2025_budget_report.html,text/html,2026-02-05,city_year,1,1,1,CN-442000,2025,gov_fund_revenue_100m,accepted,官方预算公开PDF正文披露2025年全市政府性基金收入80.4亿元，按报告原文全市口径记录。
SRC-ST-CITY-FUND-2025,汕头市人大,A2,true,官方城市财政预算执行信息,https://rd.shantou.gov.cn/swjdbzhy/wjgg/202602/d8eb76c630924e459f556039f751330f.shtml,https://rd.shantou.gov.cn/swjdbzhy/wjgg/202602/d8eb76c630924e459f556039f751330f.shtml,shantou_2025_budget_report.html,text/html,2026-02-05,city_year,1,1,1,CN-440500,2025,gov_fund_revenue_100m,accepted,市人大官方审查结果报告明确披露2025年全市政府性基金预算收入100.7亿元，执行口径、全市口径。
SRC-ZJ-CITY-FUND-2025,湛江市人民政府,A2,true,官方城市财政预算执行信息,https://www.zhanjiang.gov.cn/zdlyxxgk/czyjshsg/czyjs/czys/content/post_2159807.html,https://www.zhanjiang.gov.cn/zdlyxxgk/czyjshsg/czyjs/czys/content/post_2159807.html,zhanjiang_2025_budget_report.html,text/html,2026-02-05,city_year,1,1,1,CN-440800,2025,gov_fund_revenue_100m,accepted,市政府官方报告明确披露2025年全市政府性基金预算收入64.7亿元，完成年度预算82.8%，执行口径、全市口径。
SRC-NINGXIA-CITY-FISCAL-YINCHUAN-2025,银川市财政局,A2,true,官方城市财政预算执行报告,https://www.yinchuan.gov.cn/xxgk/bmxxgkml/sczj/xxgkml_2101/czyjsjsgjf_2119/zfys/202602/t20260212_5171239.html,https://www.yinchuan.gov.cn/xxgk/bmxxgkml/sczj/xxgkml_2101/czyjsjsgjf_2119/zfys/202602/t20260212_5171239.html,yinchuan_2025.pdf,application/pdf,2026-02-12,unclassified,0,0,0,,,,registered_no_selected_value,官方预算执行报告正文逐项披露全市口径 2025 年一般公共预算收入、支出和政府性基金预算收入；执行数，不使用市本级数或 2026 年预算草案数。
SRC-NINGXIA-CITY-FISCAL-SHIZUISHAN-2025,石嘴山市财政局,A2,true,官方城市财政预算执行报告,https://www.shizuishan.gov.cn/zwgk/zfxxgkml/czyjsgk/zfys/2026df/202601/P020260206403630063012.pdf,https://www.shizuishan.gov.cn/zwgk/zfxxgkml/czyjsgk/zfys/2026df/202601/P020260206403630063012.pdf,shizuishan_2025.pdf,application/pdf,2026-01-29,city_year,1,1,3,CN-640200,2025,general_public_expenditure_100m;general_public_revenue_100m;gov_fund_revenue_100m,accepted,官方预算执行报告正文逐项披露全市口径 2025 年一般公共预算收入、支出和政府性基金预算收入；执行数，不使用市本级数或 2026 年预算草案数。
SRC-NINGXIA-CITY-FISCAL-WUZHONG-2025,吴忠市财政局,A2,true,官方城市财政预算执行报告,https://www.wuzhong.gov.cn/xxgk/zfxxgkml/yjsgkqk/zfys/2026n/202602/P020260204632187152760.pdf,https://www.wuzhong.gov.cn/xxgk/zfxxgkml/yjsgkqk/zfys/2026n/202602/P020260204632187152760.pdf,wuzhong_2025.pdf,application/pdf,2026-02-04,city_year,1,1,3,CN-640300,2025,general_public_expenditure_100m;general_public_revenue_100m;gov_fund_revenue_100m,accepted,官方预算公开报告附表/说明逐项披露全市口径 2025 年精确执行数；原始单位为万元，统一换算为亿元，不使用正文四舍五入值或市本级数。
SRC-NINGXIA-CITY-FISCAL-ZHONGWEI-2025,中卫市财政局,A2,true,官方城市财政预算执行报告,https://www.nxzw.gov.cn/zwgk/bmxxgkml/sczj/fdzdgknr_49463/ysjsxx_49468/zfys/202602/P020260323561503366266.pdf,https://www.nxzw.gov.cn/zwgk/bmxxgkml/sczj/fdzdgknr_49463/ysjsxx_49468/zfys/202602/P020260323561503366266.pdf,zhongwei_2025.pdf,application/pdf,2026-02-12,city_year,1,1,3,CN-640500,2025,general_public_expenditure_100m;general_public_revenue_100m;gov_fund_revenue_100m,accepted,官方预算公开报告正文逐项披露全市口径 2025 年执行数；不使用市本级数或 2026 年预算草案数。
SRC-SHANDONG-CITY-FISCAL-JINAN-2025,济南市财政局,A2,true,官方城市财政预算执行报告,https://jncz.jinan.gov.cn/col/col48336/art/2026/art_95d35f3c8a1e47469fb8b5fa3cf63f50.html,https://jnns.jinan.gov.cn/cms_files/filemanager/1668/attach/20262/cbbf22b3087f4fa89ef76c2891f3272f.pdf?fileName=%E5%85%B3%E4%BA%8E%E6%B5%8E%E5%8D%97%E5%B8%822025%E5%B9%B4%E9%A2%84%E7%AE%97%E6%89%A7%E8%A1%8C%E6%83%85%E5%86%B5%E4%B8%8E2026%E5%B9%B4%E9%A2%84%E7%AE%97%E8%8D%89%E6%A1%88%E7%9A%84%E6%8A%A5%E5%91%8A.pdf,jinan_2025_budget_report.pdf,application/pdf,2026-02-10,city_year,1,1,3,CN-370100,2025,general_public_expenditure_100m;general_public_revenue_100m;gov_fund_revenue_100m,accepted,济南市财政局官方预算执行报告披露全市口径 2025 年执行数；不使用市级或 2026 年预算草案数。
SRC-SHANDONG-CITY-FISCAL-QINGDAO-2025,青岛市财政局,A2,true,官方城市财政预算执行报告,https://www.qingdao.gov.cn/zwgk/zdgk/czxx/szfyjs/zxqk/202601/t20260130_10495657.shtml,https://www.qingdao.gov.cn/zwgk/zdgk/czxx/szfyjs/zxqk/202601/P020260130338555114519.pdf,qingdao_2025_budget_report.pdf,application/pdf,2026-01-30,city_year,1,1,3,CN-370200,2025,general_public_expenditure_100m;general_public_revenue_100m;gov_fund_revenue_100m,accepted,青岛市财政局官方预算执行报告披露全市口径 2025 年执行数；不使用市级或 2026 年预算草案数。
SRC-JIANGSU-CITY-FISCAL-CHANGZHOU-2025,常州市财政局,A2,true,官方城市财政预算执行报告（网页）,https://rd.changzhou.gov.cn/html/rd/2026/EKPMKPDC_0122/35038.html,https://rd.changzhou.gov.cn/html/rd/2026/EKPMKPDC_0122/35038.html,changzhou_2025_budget_report.html,text/html,2026-01-22,city_year,1,1,3,CN-320400,2025,general_public_expenditure_100m;general_public_revenue_100m;gov_fund_revenue_100m,accepted,常州市人大公开的财政局报告披露全市口径 2025 年预计执行数；报告明确最终数字以 2025 年决算草案为准，当前标记为 execution，不作为最终决算数解读。
SRC-HENAN-CITY-FISCAL-LUOYANG-2025,洛阳市财政局,A2,true,官方城市财政预算执行报告,https://oss.ly.gov.cn/upload-file/files/20260305/4e03eb31347142f2902b518d7388a496.pdf,https://oss.ly.gov.cn/upload-file/files/20260305/4e03eb31347142f2902b518d7388a496.pdf,luoyang_2025_budget_report.pdf,application/pdf,2026-03-05,city_year,1,1,3,CN-410300,2025,general_public_expenditure_100m;general_public_revenue_100m;gov_fund_revenue_100m,accepted,洛阳市人大会议官方附件披露全市口径 2025 年预算执行完成数；不使用市级或 2026 年预算草案数。
SRC-HUNAN-CITY-FISCAL-YUEYANG-2025,岳阳市财政局,A2,true,官方城市财政预算执行报告,https://www.yueyang.gov.cn/web/uploadfiles/202601/2026012609340543556.pdf,https://www.yueyang.gov.cn/uploadfiles/202601/2026012609340543556.pdf,yueyang_2025_budget_report.pdf,application/pdf,2026-01-26,city_year,1,1,3,CN-430600,2025,general_public_expenditure_100m;general_public_revenue_100m;gov_fund_revenue_100m,accepted,岳阳市人大会议官方附件披露全市口径 2025 年预计执行数；当前标记为 execution，不作为最终决算数解读。
SRC-HUNAN-CITY-FISCAL-HENGYANG-2025,衡阳市财政局,A2,true,官方城市财政预算执行报告（网页摘录）,https://www.hengyang.gov.cn/czj/ztxx/czysjsgk/cxzyhyjsgk/ysjsbg/20260115/i3850020.html,https://www.hengyang.gov.cn/czj/ztxx/czysjsgk/cxzyhyjsgk/ysjsbg/20260115/i3850020.html,hengyang_2025_budget_report_excerpt.txt,text/plain,2026-01-15,city_year,1,1,3,CN-430400,2025,general_public_expenditure_100m;general_public_revenue_100m;gov_fund_revenue_100m,accepted,衡阳市财政局官方报告页面定位摘录披露全市口径 2025 年预计执行数；当前标记为 execution，不作为最终决算数解读。
SRC-JIANGSU-CITY-FISCAL-WUXI-2025,无锡市财政局,A2,true,官方城市财政预算执行报告（网页）,https://rd.wuxi.gov.cn/doc/2026/01/30/4726147.shtml,https://rd.wuxi.gov.cn/doc/2026/01/30/4726147.shtml,wuxi_2025_budget_report.html,text/html,2026-01-30,city_year,1,1,3,CN-320200,2025,general_public_expenditure_100m;general_public_revenue_100m;gov_fund_revenue_100m,accepted,无锡市人大公开的财政局报告披露全市口径 2025 年预计执行数，当前标记为 execution，不作为最终决算数解读。
SRC-HUNAN-CITY-FISCAL-CHANGDE-2025,常德市财政局,A2,true,官方城市财政预算执行报告（网页）,https://www.cdsrd.gov.cn/rdhy/rmdbdh/iqajifnqaf/gzbg05/content_3158113,https://www.cdsrd.gov.cn/rdhy/rmdbdh/iqajifnqaf/gzbg05/content_3158113,changde_2025_budget_report.html,text/html,2025-12-29,city_year,1,1,3,CN-430700,2025,general_public_expenditure_100m;general_public_revenue_100m;gov_fund_revenue_100m,accepted,常德市人大公开的财政局报告披露全市口径 2025 年预计执行数，报告明确决算编制后会有变化，当前标记为 execution。
SRC-HUNAN-CITY-FISCAL-YIYANG-2025,益阳市财政局,A2,true,官方城市财政预算执行报告（网页）,https://www.yiyang.gov.cn/czj/5841/5844/5860/content_2143608.html,https://www.yiyang.gov.cn/czj/5841/5844/5860/content_2143608.html,yiyang_2025_budget_report.html,text/html,2026-01-06,city_year,1,1,3,CN-430900,2025,general_public_expenditure_100m;general_public_revenue_100m;gov_fund_revenue_100m,accepted,益阳市财政局官方预算报告网页披露全市口径 2025 年预计执行数，当前标记为 execution，不作为最终决算数解读。
SRC-JIANGSU-CITY-STATISTICAL-SUZHOU-2025,苏州市统计局,A2,true,官方统计公报（网页）,https://www.suzhou.gov.cn/szsrmzf/ndgmjjhshfztjsjfb/202605/0543af82405748cd9ffa4cfc81aecccd.shtml,https://www.suzhou.gov.cn/szsrmzf/ndgmjjhshfztjsjfb/202605/0543af82405748cd9ffa4cfc81aecccd.shtml,suzhou_2025_statistical_bulletin.html,text/html,2026-05-22,city_year,1,1,5,CN-320500,2025,gdp_current_100m;gdp_real_growth_pct;general_public_expenditure_100m;general_public_revenue_100m;resident_population_10k,accepted,苏州市统计局官方统计公报披露 2025 年全市一般公共预算收入和支出年度数据；政府性基金收入未在本批代填。
SRC-B2-JIANGSU-XUZHOU-FISCAL-2025,联合资信评估股份有限公司,B2,true,评级报告财力指标表（精确表格）,https://static.sse.com.cn/disclosure/bond/announcement/corporate/c/new/2026-06-18/184140_20260618_LON3.pdf,https://static.sse.com.cn/disclosure/bond/announcement/corporate/c/new/2026-06-18/184140_20260618_LON3.pdf,xuzhou_2025_finance_rating.pdf,application/pdf,2026-06-18,city_year,1,1,3,CN-320300,2025,general_public_expenditure_100m;general_public_revenue_100m;gov_fund_revenue_100m,accepted,B2 精确表格，联合资信报告明确引用徐州市预算执行报告；2025 年值作为可审计二手补缺，不等同于官方决算原件。
SRC-B2-JIANGSU-YANGZHOU-FISCAL-2025,中国区域经济学会信息平台转载,B2,true,统计公报财政表（精确表格转载）,https://www.crei.cn/file/br.aspx?id=20260527164838,https://www.crei.cn/file/br.aspx?id=20260527164838,yangzhou_2025_statistical_bulletin.html,text/html,2026-05-27,city_year,1,1,3,CN-321000,2025,general_public_expenditure_100m;general_public_revenue_100m;gov_fund_revenue_100m,accepted,B2 精确表格转载，含扬州市 2025 年财政收入、支出和政府性基金收入；作为可审计二手补缺，不等同于官方决算原件。
SRC-B2-JIANGSU-ZHENJIANG-FISCAL-2025,中国区域经济学会信息平台转载,B2,true,统计公报财政表（精确表格转载）,https://www.crei.cn/file/br.aspx?id=20260527164608&op=zc&x=0,https://www.crei.cn/file/br.aspx?id=20260527164608&op=zc&x=0,zhenjiang_2025_statistical_bulletin.html,text/html,2026-05-27,city_year,1,1,2,CN-321100,2025,general_public_expenditure_100m;general_public_revenue_100m,accepted,B2 精确表格转载，含镇江市 2025 年一般公共预算收入和支出；政府性基金收入本批未代填。
SRC-B2-JIANGSU-TAIZHOU-FISCAL-2025,评级机构公开披露,B2,true,评级报告财政数据表（精确表格）,https://static.sse.com.cn/disclosure/bond/announcement/corporate/c/new/2026-06-22/152418_20260622_WNHE.pdf,https://static.sse.com.cn/disclosure/bond/announcement/corporate/c/new/2026-06-22/152418_20260622_WNHE.pdf,taizhou_2025_finance_rating.pdf,application/pdf,2026-06-22,city_year,1,1,3,CN-321200,2025,general_public_expenditure_100m;general_public_revenue_100m;gov_fund_revenue_100m,accepted,B2 精确表格，评级报告注明数据根据泰州市财政局、政府决算报告及预算执行报告整理；2025 年值作为可审计二手补缺，不等同于官方决算原件。
SRC-FUJIAN-CITY-STATISTICAL-FUZHOU-2025,福州市财政局,A2,true,官方统计公报（网页）,https://www.fuzhou.gov.cn/zgfzzt/czzj/bjndyjs/zfjsgk/202607/t20260713_5345722.htm,https://www.fuzhou.gov.cn/zgfzzt/czzj/bjndyjs/zfjsgk/202607/t20260713_5345722.htm,fuzhou_2025_finance_final.html,text/html,2026-07-13,city_year,1,1,3,CN-350100,2025,general_public_expenditure_100m;general_public_revenue_100m;gov_fund_revenue_100m,accepted,福州市财政局官方财政决算页面披露 2025 年全市一般公共预算收入、支出和政府性基金预算收入；采用决算数，不使用市本级口径。
SRC-FUJIAN-CITY-STATISTICAL-QUANZHOU-2025,泉州市统计局、国家统计局泉州调查队,A2,true,官方统计公报（网页）,https://www.quanzhou.gov.cn/zfb/xxgk/zfxxgkzl/qzdt/qzyw/202603/t20260331_3279339.htm,https://www.quanzhou.gov.cn/zfb/xxgk/zfxxgkzl/qzdt/qzyw/202603/t20260331_3279339.htm,quanzhou_2025_statistical_bulletin.html,text/html,2026-03-31,city_year,1,1,5,CN-350500,2025,gdp_current_100m;gdp_real_growth_pct;general_public_expenditure_100m;general_public_revenue_100m;gov_fund_revenue_100m,accepted,泉州市统计局、国家统计局泉州调查队官方统计公报披露 2025 年全市地方一般公共预算收入、支出和政府性基金预算收入；初步统计值按 A2 归档。
SRC-HUNAN-CITY-STATISTICAL-CHANGSHA-2025,湖南省统计局,A2,true,官方统计公报（网页）,https://tjj.hunan.gov.cn/hntj/tjfx/tjgb/szgb/zss_1/202605/t20260512_33975356.html,https://tjj.hunan.gov.cn/hntj/tjfx/tjgb/szgb/zss_1/202605/t20260512_33975356.html,changsha_2025_statistical_bulletin.html,text/html,2026-04-21,city_year,1,1,4,CN-430100,2025,gdp_current_100m;gdp_real_growth_pct;general_public_expenditure_100m;general_public_revenue_100m,accepted,湖南省统计局官方长沙市统计公报披露 2025 年地方一般公共预算收入和支出；政府性基金收入本批未代填。
SRC-B2-LIAONING-SHENYANG-FISCAL-2025,中国区域经济学会信息平台转载,B2,true,统计公报财政表（精确表格转载）,https://www.crei.cn/file/br.aspx?id=20260522102711&op=sczz&x=0,https://www.crei.cn/file/br.aspx?id=20260522102711&op=sczz&x=0,shenyang_2025_statistical_bulletin.html,text/html,2026-05-22,city_year,1,1,2,CN-210100,2025,general_public_expenditure_100m;general_public_revenue_100m,accepted,B2 精确公报转载，含沈阳市 2025 年一般公共预算收入和支出；政府性基金收入本批未代填。
SRC-HUBEI-CITY-BUDGET-WUHAN-2025,武汉市财政局,A2,true,官方城市预算执行表（PDF表格摘录）,https://www.wuhan.gov.cn/ztzl/yjs/2026/yjsgk/bndys_37170/202601/t20260127_2719134.shtml,https://www.wuhan.gov.cn/ztzl/yjs/2026/yjsgk/bndys_37170/202601/P020260127416819074965.pdf,wuhan_2025_budget_revenue.pdf,application/pdf,2026-01-26,city_year,1,1,3,CN-420100,2025,general_public_expenditure_100m;general_public_revenue_100m;gov_fund_revenue_100m,accepted,武汉市财政局官方预算公开目录关联收入、支出和政府性基金收入三张全市执行表；本配置以收入表作为主附件哈希，同时归档支出表和政府性基金收入表，三项均为2025年全市execution数，不使用市本级口径。
SRC-HENAN-CITY-STATISTICAL-ZHENGZHOU-2025,郑州市统计局,A2,true,官方统计公报（网页）,https://tjj.zhengzhou.gov.cn/tjgb/10017864.jhtml,https://tjj.zhengzhou.gov.cn/tjgb/10017864.jhtml,zhengzhou_2025_statistical_bulletin.html,text/html,2026-04-10,city_year,1,1,5,CN-410100,2025,gdp_current_100m;gdp_real_growth_pct;general_public_expenditure_100m;general_public_revenue_100m;resident_population_10k,accepted,郑州市统计局官方统计公报披露2025年全市地方财政一般公共预算收入和支出，均为全市口径年度数；政府性基金收入本批未代填。
SRC-B2-SICHUAN-CITY-STATISTICAL-CHENGDU-2025,中国区域经济学会信息平台转载,B2,true,统计公报财政表（精确表格转载）,https://www.crei.cn/file/br.aspx?id=20260420165225&op=zc&x=0,https://www.crei.cn/file/br.aspx?id=20260420165225&op=zc&x=0,chengdu_2025_statistical_bulletin.html,text/html,2026-04-20,city_year,1,1,2,CN-510100,2025,general_public_expenditure_100m;general_public_revenue_100m,accepted,B2精确公报转载，数据来自成都市统计局统计公报，且财政段落明确为地方一般公共预算收入和支出；成都市财政局同期官方收入执行表可用于交叉核对收入。政府性基金收入本批未代填。
SRC-JIANGXI-CITY-STATISTICAL-NANCHANG-2025,南昌市统计局,A2,true,官方统计运行简报（网页）,https://www.nc.gov.cn/ncszf/tjfx1/202601/05e40bffc5dd429aac122f372223620f.shtml,https://www.nc.gov.cn/ncszf/tjfx1/202601/05e40bffc5dd429aac122f372223620f.shtml,nanchang_2025_statistical_bulletin.html,text/html,2026-01-26,city_year,1,1,4,CN-360100,2025,gdp_current_100m;gdp_real_growth_pct;general_public_expenditure_100m;general_public_revenue_100m,accepted,南昌市统计局官方经济运行页面披露2025年全市地方一般公共预算收入和一般公共预算支出；政府性基金收入本批未代填。
SRC-B2-GUANGXI-CITY-STATISTICAL-NANNING-2025,中国区域经济学会信息平台转载,B2,true,统计公报财政段落（精确转载）,https://www.crei.cn/file/br.aspx?id=20260605091538&op=z2&x=0,https://www.crei.cn/file/br.aspx?id=20260605091538&op=z2&x=0,nanning_2025_statistical_bulletin.html,text/html,2026-06-05,city_year,1,1,2,CN-450100,2025,general_public_expenditure_100m;general_public_revenue_100m,accepted,B2精确公报转载，出处标注为南宁市统计局，披露2025年全市一般公共预算收入和支出；政府性基金收入本批未代填。
SRC-SHAANXI-CITY-STATISTICAL-XIAN-2025,西安市统计局、国家统计局西安调查队,A2,true,官方统计公报（PDF）,https://tjj.xa.gov.cn/tjsj/tjgb/gmjjhshfzgb/2055106184529166338.html,https://tjj.xa.gov.cn/web_files/tjj/file/2026/05/15/202605151000219859531.pdf,xian_2025_statistical_bulletin.pdf,application/pdf,2026-05-15,city_year,1,1,5,CN-610100,2025,gdp_current_100m;gdp_real_growth_pct;general_public_expenditure_100m;general_public_revenue_100m;resident_population_10k,accepted,西安市统计局与国家统计局西安调查队官方统计公报披露2025年一般公共预算收入和支出，数据为初步统计数；政府性基金收入本批未代填。
SRC-B2-HAINAN-CITY-STATISTICAL-HAIKOU-2025,中国区域经济学会信息平台转载,B2,true,统计公报财政段落（精确转载）,https://www.crei.cn/file/br.aspx?id=20260429152052&op=zc&x=0,https://www.crei.cn/file/br.aspx?id=20260429152052&op=zc&x=0,haikou_2025_statistical_bulletin.html,text/html,2026-04-29,city_year,1,1,2,CN-460100,2025,general_public_expenditure_100m;general_public_revenue_100m,accepted,B2精确公报转载，明确区分全口径一般公共预算收入与地方一般公共预算收入；本表采用地方一般公共预算收入253.80亿元及全市地方一般公共预算支出336.74亿元，政府性基金收入本批未代填。
SRC-NINGXIA-CITY-STATISTICAL-YINCHUAN-2025,银川市统计局、国家统计局银川调查队,A2,true,官方统计公报（网页）,https://www.yinchuan.gov.cn/xxgk/bmxxgkml/stjj/xxgkml_2517/tjxx_7670/tjgb_7671/202604/t20260427_5226142.html,https://www.yinchuan.gov.cn/xxgk/bmxxgkml/stjj/xxgkml_2517/tjxx_7670/tjgb_7671/202604/t20260427_5226142.html,yinchuan_2025_statistical_bulletin.html,text/html,2026-04-24,city_year,1,1,5,CN-640100,2025,gdp_current_100m;gdp_real_growth_pct;general_public_expenditure_100m;general_public_revenue_100m;resident_population_10k,accepted,银川市统计局、国家统计局银川调查队官方统计公报披露2025年一般公共预算收入和支出；政府性基金收入本批未代填。
SRC-XINJIANG-CITY-STATISTICAL-URUMQI-2025,乌鲁木齐市统计局,A2,true,官方统计公报（网页）,https://www.wlmq.gov.cn/wlmqs/c119359/202604/6070ed21632343cca95db20395862469.shtml,https://www.wlmq.gov.cn/wlmqs/c119359/202604/6070ed21632343cca95db20395862469.shtml,urumqi_2025_statistical_bulletin.html,text/html,2026-04-21,city_year,1,1,6,CN-650100,2025,gdp_current_100m;gdp_real_growth_pct;general_public_expenditure_100m;general_public_revenue_100m;gov_fund_revenue_100m;resident_population_10k,accepted,乌鲁木齐市统计局官方统计公报披露2025年全市一般公共预算收入、支出及政府性基金预算收入，采用公报全市地方财政口径，不使用市本级口径。
SRC-B2-YUNNAN-CITY-STATISTICAL-KUNMING-2025,昆明信息港,B2,true,统计公报财政段落（精确转载）,https://www.kunming.cn/news/c/2026-05-22/14043565.shtml,https://www.kunming.cn/news/c/2026-05-22/14043565.shtml,kunming_2025_statistical_bulletin.html,text/html,2026-05-22,city_year,1,1,5,CN-530100,2025,gdp_current_100m;gdp_real_growth_pct;general_public_expenditure_100m;general_public_revenue_100m;resident_population_10k,accepted,B2精确转载，来源页面明确标注数据来自昆明市统计局统计公报财政段落；一般公共预算收入和支出采用全市地方口径，政府性基金收入本批未代填。
SRC-HEBEI-CITY-STATISTICAL-SHIJIAZHUANG-2025,石家庄市统计局、国家统计局石家庄调查队,A2,true,官方统计公报（网页）,https://tjj.sjz.gov.cn/columns/940d701f-5e56-4f5d-9ece-7968f6354993/202605/26/f062dca8-ce95-46f8-b1c9-33f507db5a29.html,https://tjj.sjz.gov.cn/columns/940d701f-5e56-4f5d-9ece-7968f6354993/202605/26/f062dca8-ce95-46f8-b1c9-33f507db5a29.html,shijiazhuang_2025_statistical_bulletin.html,text/html,2026-05-26,city_year,1,1,5,CN-130100,2025,gdp_current_100m;gdp_real_growth_pct;general_public_expenditure_100m;general_public_revenue_100m;resident_population_10k,accepted,石家庄市统计局、国家统计局石家庄调查队官方统计公报披露2025年全市一般公共预算收入和支出；公报注明这两项指标含辛集市，本批保留该官方全市口径。
SRC-B2-SHANXI-CITY-STATISTICAL-TAIYUAN-2025,太原日报数字报、太原市统计局,B2,true,统计公报财政段落（精确转载）,https://tytv5-web.sxtygdy.com/cms/rmt2018_html/60/60tytx/60tytxml/ty/zj/zj77Q/1997220.shtml,https://tytv5-web.sxtygdy.com/cms/rmt2018_html/60/60tytx/60tytxml/ty/zj/zj77Q/1997220.shtml,taiyuan_2025_statistical_bulletin.html,text/html,2026-02-04,city_year,1,1,4,CN-140100,2025,gdp_current_100m;gdp_real_growth_pct;general_public_expenditure_100m;general_public_revenue_100m,accepted,B2精确转载，页面披露太原市统计局口径的2025年全市一般公共预算收入和支出；不使用市本级或区县数据。
SRC-B2-HEILONGJIANG-CITY-STATISTICAL-JIAMUSI-2025,佳木斯市统计局,B2,true,统计公报财政段落（精确转载）,https://tjgb.hongheiku.com/djs/69827.html,https://tjgb.hongheiku.com/djs/69827.html,jiamusi_2025_statistical_bulletin.html,text/html,2026-05-02,city_year,1,1,4,CN-230800,2025,gdp_current_100m;gdp_real_growth_pct;general_public_expenditure_100m;general_public_revenue_100m,accepted,B2精确公报转载，来源标注为佳木斯市统计局，披露2025年全市一般公共预算收入和支出。
SRC-B2-TIBET-CITY-STATISTICAL-CHANGDU-2025,昌都市统计局、国家统计局昌都调查队,B2,true,官方统计公报（精确PDF转载）,https://tjgb.hongheiku.com/wp-content/uploads/2026/05/1779504521-5eefb984762b471cbe201a60f13bc9e5.pdf,https://tjgb.hongheiku.com/wp-content/uploads/2026/05/1779504521-5eefb984762b471cbe201a60f13bc9e5.pdf,changdu_2025_statistical_bulletin.pdf,application/pdf,2026-05-20,city_year,1,1,5,CN-540300,2025,gdp_current_100m;gdp_real_growth_pct;general_public_expenditure_100m;general_public_revenue_100m;resident_population_10k,accepted,B2精确PDF转载，公报来源标注为昌都市统计局、国家统计局昌都调查队；采用全市地方一般公共预算收入和全市一般公共预算支出。
SRC-B2-HEILONGJIANG-CITY-STATISTICAL-HARBIN-2025,哈尔滨市统计局、国家统计局哈尔滨调查队,B2,true,官方统计公报（精确PDF转载）,https://tjgb.hongheiku.com/xjtjgb/xj2020/75212.html,https://tjgb.hongheiku.com/wp-content/uploads/2026/07/1783745353-2025E5B9B4E59388E5B094E6BBA8E5B882E59BBDE6B091E7BB8FE6B58EE5928CE7A4BEE4BC9AE58F91E5B195E7BB9FE8AEA1E585ACE68AA5-20260603093614665.pdf,harbin_2025_statistical_bulletin.pdf,application/pdf,2026-06-03,city_year,1,1,5,CN-230100,2025,gdp_current_100m;gdp_real_growth_pct;general_public_expenditure_100m;general_public_revenue_100m;resident_population_10k,accepted,B2精确PDF转载，公报来源标注为哈尔滨市统计局、国家统计局哈尔滨调查队；采用2025年全市一般公共预算收入和支出。
SRC-B2-ANHUI-CITY-STATISTICAL-HEFEI-2025,合肥市统计局、国家统计局合肥调查队,B2,true,官方统计公报（精确PDF转载）,https://tjgb.hongheiku.com/djs/68352.html,https://tjgb.hongheiku.com/wp-content/uploads/2026/04/1775052106-wKgEIWnLK5OAEX2EAApVrfAOX4M661.pdf,hefei_2025_statistical_bulletin.pdf,application/pdf,2026-04-01,city_year,1,1,4,CN-340100,2025,gdp_current_100m;gdp_real_growth_pct;general_public_expenditure_100m;general_public_revenue_100m,accepted,B2精确PDF转载，页面来源标注为合肥市统计局，披露2025年全市一般公共预算收入和支出；政府性基金收入本批未代填。
SRC-B2-HUBEI-CITY-STATISTICAL-YICHANG-2025,宜昌市统计局,B2,true,统计公报财政段落（精确转载）,https://www.crei.cn/file/br.aspx?id=20260420163741&op=zc&x=0,https://www.crei.cn/file/br.aspx?id=20260420163741&op=zc&x=0,yichang_2025_statistical_bulletin.html,text/html,2026-04-20,city_year,1,1,4,CN-420500,2025,gdp_current_100m;gdp_real_growth_pct;general_public_expenditure_100m;general_public_revenue_100m,accepted,B2精确公报转载，页面来源标注为宜昌市统计局，披露2025年全市地方一般公共预算收入和支出。
SRC-HUBEI-CITY-STATISTICAL-JINGZHOU-2025,荆州市统计局、湖北省统计局,A2,true,官方统计公报（PDF）,https://tjj.hubei.gov.cn/tjsj/tjgb/ndtjgb/sztjgb/202605/P020260508383487119307.pdf,https://tjj.hubei.gov.cn/tjsj/tjgb/ndtjgb/sztjgb/202605/P020260508383487119307.pdf,jingzhou_2025_statistical_bulletin.pdf,application/pdf,2026-05-08,city_year,1,1,5,CN-421000,2025,gdp_current_100m;gdp_real_growth_pct;general_public_expenditure_100m;general_public_revenue_100m;resident_population_10k,accepted,湖北省统计局官方站点归档的荆州市统计公报披露2025年全市地方一般公共预算收入和一般公共预算支出；政府性基金收入本批未代填。
SRC-HUBEI-CITY-FINANCE-HUANGSHI-2025,黄石市财政局,A2,true,官方预算执行报告（网页）,https://czj.huangshi.gov.cn/2020xxgkzn/2020gknr/2020czzj/sbjyjs/202601/t20260131_1304855.html,https://czj.huangshi.gov.cn/2020xxgkzn/2020gknr/2020czzj/sbjyjs/202601/t20260131_1304855.html,huangshi_2025_budget_execution.html,text/html,2026-01-31,city_year,1,1,2,CN-420200,2025,general_public_expenditure_100m;general_public_revenue_100m,accepted,黄石市财政局官方预算执行报告披露2025年全市一般公共预算收入和支出；支出明确含上级转移支付支出，保留execution状态，不伪装为决算数。
SRC-LIAONING-CITY-STATISTICAL-YINGKOU-2025,营口市人民政府、营口市统计局,A2,true,官方统计公报（网页）,https://www.yingkou.gov.cn/govxxgk/ykszf/2026-04-27/1dd679cc-5106-428b-b68b-6450f98378d4.html,https://www.yingkou.gov.cn/govxxgk/ykszf/2026-04-27/1dd679cc-5106-428b-b68b-6450f98378d4.html,yingkou_2025_statistical_bulletin.html,text/html,2026-04-27,city_year,1,1,4,CN-210800,2025,gdp_current_100m;gdp_real_growth_pct;general_public_expenditure_100m;general_public_revenue_100m,accepted,营口市人民政府官方门户发布的统计公报披露2025年全市一般公共预算收入和支出；财政数据来源注明为市财政局。
SRC-B2-INNER-MONGOLIA-CITY-STATISTICAL-WUHAI-2025,乌海市统计局（精确公开转载）,B2,true,统计公报经济财政段落（精确转载）,https://www.sohu.com/a/1016888972_121106854,https://www.sohu.com/a/1016888972_121106854,wuhai_2025_statistical_bulletin.html,text/html,2026-04-30,city_year,1,1,4,CN-150300,2025,gdp_current_100m;gdp_real_growth_pct;general_public_expenditure_100m;general_public_revenue_100m,accepted,B2精确转载，页面标题为乌海市2025年统计公报，来源数据标注为乌海市统计局；经济和财政字段均为全市口径。
SRC-A2-BAOJI-CITY-ECONOMIC-2025,宝鸡市人民政府、宝鸡市统计局,A2,true,统计公报经济指标（官方网页）,https://www.baoji.gov.cn/sjgk/tjgb/tjgb/202606/t20260605_1275705.html,https://www.baoji.gov.cn/sjgk/tjgb/tjgb/202606/t20260605_1275705.html,baoji_2025_statistical_bulletin.html,text/html,2026-06-05,city_year,1,1,3,CN-610300,2025,gdp_current_100m;gdp_real_growth_pct;resident_population_10k,accepted,A2官方统计公报；公报注明财政数据来自宝鸡市财政局，经济部分为初步统计数；GDP为现价、增长速度为不变价，人口为年末全市常住人口。
SRC-B2-HENAN-CITY-STATISTICAL-KAIFENG-2025,开封市统计局、国家统计局开封调查队,B2,true,统计公报经济财政段落（精确转载）,https://tjgb.hongheiku.com/djs/70907.html,https://tjgb.hongheiku.com/djs/70907.html,kaifeng_2025_statistical_bulletin.html,text/html,2026-05-17,city_year,1,1,5,CN-410200,2025,gdp_current_100m;gdp_real_growth_pct;general_public_expenditure_100m;general_public_revenue_100m;resident_population_10k,accepted,B2精确转载，页面来源标注为开封市统计局、国家统计局开封调查队；采用2025年全市GDP、增速、年末常住人口和一般公共预算收支，政府性基金收入未在本来源中披露。
SRC-B2-HENAN-CITY-STATISTICAL-XINXIANG-2025,新乡市统计局、国家统计局新乡调查队,B2,true,统计公报经济财政段落（精确转载）,https://tjgb.hongheiku.com/xjtjgb/xj2020/72753.html,https://tjgb.hongheiku.com/xjtjgb/xj2020/72753.html,xinxiang_2025_statistical_bulletin.html,text/html,2026-05-27,city_year,1,1,5,CN-410700,2025,gdp_current_100m;gdp_real_growth_pct;general_public_expenditure_100m;general_public_revenue_100m;resident_population_10k,accepted,B2精确转载，页面来源标注为新乡市统计局、国家统计局新乡调查队；采用2025年全市GDP、增速、年末常住人口和一般公共预算收支，政府性基金收入未在本来源中披露。
SRC-B2-HENAN-CITY-STATISTICAL-ANYANG-2025,安阳市统计局,B2,true,统计公报经济财政段落（精确转载）,https://tjgb.hongheiku.com/xjtjgb/xj2020/72689.html,https://tjgb.hongheiku.com/xjtjgb/xj2020/72689.html,anyang_2025_statistical_bulletin.html,text/html,2026-05-27,city_year,1,1,5,CN-410500,2025,gdp_current_100m;gdp_real_growth_pct;general_public_expenditure_100m;general_public_revenue_100m;resident_population_10k,accepted,B2精确转载，页面来源标注为安阳市统计局；采用2025年全市GDP、增速、年末常住人口和一般公共预算收支，政府性基金收入未在本来源中披露。
SRC-A2-HENAN-CITY-STATISTICAL-NANYANG-2025,南阳市统计局、国家统计局南阳调查队,A2,true,官方统计公报（网页）,https://tj.nanyang.gov.cn/2026/04-20/1398809.html,https://tj.nanyang.gov.cn/2026/04-20/1398809.html,nanyang_2025_statistical_bulletin.html,text/html,2026-04-20,city_year,1,1,5,CN-411300,2025,gdp_current_100m;gdp_real_growth_pct;general_public_expenditure_100m;general_public_revenue_100m;resident_population_10k,accepted,A2南阳市统计局、国家统计局南阳调查队官方统计公报；采用2025年全市GDP、增速、年末常住人口和一般公共预算收支，政府性基金收入未在本来源中披露。
SRC-A2-HENAN-CITY-STATISTICAL-XUCHANG-2025,许昌市统计局、国家统计局许昌调查队,A2,true,官方统计公报（网页）,https://www.xuchang.gov.cn/xcsrmzfsjfb/037003/20260512/7129ddbc-01f7-4f05-bd11-ebcae800f449.html,https://www.xuchang.gov.cn/xcsrmzfsjfb/037003/20260512/7129ddbc-01f7-4f05-bd11-ebcae800f449.html,xuchang_2025_statistical_bulletin.html,text/html,2026-05-12,city_year,1,1,5,CN-411000,2025,gdp_current_100m;gdp_real_growth_pct;general_public_expenditure_100m;general_public_revenue_100m;resident_population_10k,accepted,A2许昌市统计局、国家统计局许昌调查队官方统计公报；采用2025年全市GDP、增速、年末常住人口和一般公共预算收支，政府性基金收入未在本来源中披露。
SRC-B2-HENAN-CITY-STATISTICAL-HEBI-2025,鹤壁市统计局,B2,true,统计公报经济财政段落（精确转载）,https://tjgb.hongheiku.com/xjtjgb/xj2020/72286.html,https://tjgb.hongheiku.com/xjtjgb/xj2020/72286.html,hebi_2025_statistical_bulletin.html,text/html,2026-05-22,city_year,1,1,5,CN-410600,2025,gdp_current_100m;gdp_real_growth_pct;general_public_expenditure_100m;general_public_revenue_100m;resident_population_10k,accepted,B2精确转载，页面来源标注为鹤壁市统计局；采用2025年全市GDP、增速、年末常住人口和一般公共预算收支，政府性基金收入未在本来源中披露。
SRC-B2-HENAN-CITY-STATISTICAL-SHANGQIU-2025,商丘市统计局,B2,true,统计公报经济财政段落（精确转载）,https://tjgb.hongheiku.com/xjtjgb/xj2020/71808.html,https://tjgb.hongheiku.com/xjtjgb/xj2020/71808.html,shangqiu_2025_statistical_bulletin.html,text/html,2026-05-20,city_year,1,1,5,CN-411400,2025,gdp_current_100m;gdp_real_growth_pct;general_public_expenditure_100m;general_public_revenue_100m;resident_population_10k,accepted,B2精确转载，页面来源标注为商丘市统计局；采用2025年全市GDP、增速、年末常住人口和一般公共预算收支，政府性基金收入未在本来源中披露。
SRC-A2-HENAN-CITY-STATISTICAL-XINYANG-2025,信阳市统计局,A2,true,官方统计公报（网页）,https://tjj.xinyang.gov.cn/2026/05-21/786229.html,https://tjj.xinyang.gov.cn/2026/05-21/786229.html,xinyang_2025_statistical_bulletin.html,text/html,2026-05-21,city_year,1,1,5,CN-411500,2025,gdp_current_100m;gdp_real_growth_pct;general_public_expenditure_100m;general_public_revenue_100m;resident_population_10k,accepted,A2信阳市统计局官方统计公报；采用2025年全市GDP、增速、年末常住人口和一般公共预算收支，政府性基金收入未在本来源中披露。
SRC-B2-HENAN-CITY-STATISTICAL-ZHOUKOU-2025,周口市统计局,B2,true,统计公报经济财政段落（精确转载）,https://tjgb.hongheiku.com/djs/70352.html,https://tjgb.hongheiku.com/djs/70352.html,zhoukou_2025_statistical_bulletin.html,text/html,2026-05-13,city_year,1,1,5,CN-411600,2025,gdp_current_100m;gdp_real_growth_pct;general_public_expenditure_100m;general_public_revenue_100m;resident_population_10k,accepted,B2精确转载，页面来源标注为周口市统计局；采用2025年全市GDP、增速、年末常住人口和一般公共预算收支，政府性基金收入未在本来源中披露。
SRC-B2-HENAN-CITY-STATISTICAL-PUYANG-2025,濮阳市统计局,B2,true,统计公报经济财政段落（精确转载）,https://tjgb.hongheiku.com/xjtjgb/xj2020/74371.html,https://tjgb.hongheiku.com/xjtjgb/xj2020/74371.html,puyang_2025_statistical_bulletin.html,text/html,2026-06-05,city_year,1,1,5,CN-410900,2025,gdp_current_100m;gdp_real_growth_pct;general_public_expenditure_100m;general_public_revenue_100m;resident_population_10k,accepted,B2精确转载，页面来源标注为濮阳市统计局；采用2025年全市GDP、增速、年末常住人口和一般公共预算收支，政府性基金收入未在本来源中披露。
SRC-B2-HENAN-CITY-STATISTICAL-ZHUMADIAN-2025,驻马店市统计局,B2,true,统计公报经济财政段落（精确转载）,https://tjgb.hongheiku.com/xjtjgb/xj2020/75501.html,https://tjgb.hongheiku.com/xjtjgb/xj2020/75501.html,zhumadian_2025_statistical_bulletin.html,text/html,2026-07-15,city_year,1,1,5,CN-411700,2025,gdp_current_100m;gdp_real_growth_pct;general_public_expenditure_100m;general_public_revenue_100m;resident_population_10k,accepted,B2精确转载，页面来源标注为驻马店市统计局；采用2025年全市GDP、增速、年末常住人口和一般公共预算收支，政府性基金收入未在本来源中披露。
SRC-B2-HENAN-CITY-STATISTICAL-LUOHE-2025,漯河市统计局,B2,true,统计公报经济财政段落（精确转载）,https://m.sohu.com/a/1035539528_121106991,https://m.sohu.com/a/1035539528_121106991,luohe_2025_statistical_bulletin.html,text/html,2026-06-12,city_year,1,1,5,CN-411100,2025,gdp_current_100m;gdp_real_growth_pct;general_public_expenditure_100m;general_public_revenue_100m;resident_population_10k,accepted,B2精确转载，页面来源标注为漯河市统计局；采用2025年全市GDP、增速、年末常住人口和一般公共预算收支，政府性基金收入未在本来源中披露。
SRC-A2-HENAN-CITY-STATISTICAL-PINGDINGSHAN-2025,平顶山市统计局,A2,true,官方统计公报经济指标（网页）,https://pds.gov.cn/contents/22179/468637.html,https://pds.gov.cn/contents/22179/468637.html,pingdingshan_2025_statistical_bulletin.html,text/html,2026-06-30,city_year,1,1,3,CN-410400,2025,gdp_current_100m;gdp_real_growth_pct;resident_population_10k,accepted,A2平顶山市统计局官方统计公报；采用2025年全市GDP、增速和年末常住人口，经济数据为公报初步统计结果；一般预算收支和政府性基金收入分别按财政执行报告来源入表。
SRC-A2-HENAN-CITY-STATISTICAL-JIAOZUO-2025,焦作市统计局,A2,true,官方统计公报经济财政指标（PDF）,https://oss.jiaozuo.gov.cn/4108000001/upload-file/files/20260617/b10d4ba7a3a746b1bb7df94c4df344a0.pdf,https://oss.jiaozuo.gov.cn/4108000001/upload-file/files/20260617/b10d4ba7a3a746b1bb7df94c4df344a0.pdf,jiaozuo_2025_statistical_bulletin.pdf,application/pdf,2026-06-17,city_year,1,1,5,CN-410800,2025,gdp_current_100m;gdp_real_growth_pct;general_public_expenditure_100m;general_public_revenue_100m;resident_population_10k,accepted,A2焦作市统计局官方统计公报PDF；采用2025年全市GDP、增速、年末常住人口和一般公共预算收支，公报注明为初步统计数，政府性基金收入未在本来源中披露。
SRC-A2-HENAN-CITY-STATISTICAL-SANMENXIA-2025,三门峡市统计局,A2,true,官方统计公报经济财政指标（网页）,https://www.smx.gov.cn/10486/2026/6/2269438.html,https://www.smx.gov.cn/10486/2026/6/2269438.html,sanmenxia_2025_statistical_bulletin.html,text/html,2026-06-22,city_year,1,1,5,CN-411200,2025,gdp_current_100m;gdp_real_growth_pct;general_public_expenditure_100m;general_public_revenue_100m;resident_population_10k,accepted,A2三门峡市统计局官方统计公报；采用2025年全市GDP、增速、年末常住人口和一般公共预算收支，公报注明为初步统计结果，政府性基金收入未在本来源中披露。
SRC-B2-HENAN-CITY-STATISTICAL-LUOYANG-2025,洛阳市统计局,B2,true,统计公报经济财政段落（精确转载）,https://tjgb.hongheiku.com/djs/69917.html,https://tjgb.hongheiku.com/djs/69917.html,luoyang_2025_statistical_bulletin.html,text/html,2026-04-30,city_year,1,1,3,CN-410300,2025,gdp_current_100m;gdp_real_growth_pct;resident_population_10k,accepted,B2精确转载，页面来源标注为洛阳市统计局；采用2025年全市GDP、增速、年末常住人口和一般公共预算收支，公报注明为初步统计结果，政府性基金收入未在本来源中披露。
SRC-A2-HUNAN-CITY-STATISTICAL-YUEYANG-2025,岳阳市统计局,A2,true,官方统计公报经济指标（网页）,https://www.yueyang.gov.cn/tjgb/content_2380060.html,https://www.yueyang.gov.cn/tjgb/content_2380060.html,yueyang_2025_statistical_bulletin.html,text/html,2026-04-30,city_year,1,1,3,CN-430600,2025,gdp_current_100m;gdp_real_growth_pct;resident_population_10k,accepted,A2岳阳市统计局官方统计公报；补录2025年全市GDP、增速和年末常住人口，财政收入、支出沿用已归档的市级财政来源。
SRC-A2-HUNAN-CITY-STATISTICAL-YIYANG-2025,湖南省统计局、益阳市统计局,A2,true,官方统计公报经济指标（网页）,https://tjj.hunan.gov.cn/hntj/tjfx/tjgb/szgb/yiys_1/202605/t20260512_33975330.html,https://tjj.hunan.gov.cn/hntj/tjfx/tjgb/szgb/yiys_1/202605/t20260512_33975330.html,yiyang_2025_statistical_bulletin.html,text/html,2026-04-30,city_year,1,1,3,CN-430900,2025,gdp_current_100m;gdp_real_growth_pct;resident_population_10k,accepted,A2湖南省统计局公开的益阳市统计公报；补录2025年全市GDP、增速和年末常住人口，财政收入、支出沿用已归档的市级财政来源。
SRC-A2-HUNAN-CITY-STATISTICAL-CHANGDE-2025,湖南省统计局、常德市统计局,A2,true,官方统计公报经济指标（网页）,https://tjj.hunan.gov.cn/hntj/tjfx/tjgb/szgb/cds_1/202605/t20260518_33979393.html,https://tjj.hunan.gov.cn/hntj/tjfx/tjgb/szgb/cds_1/202605/t20260518_33979393.html,changde_2025_statistical_bulletin.html,text/html,2026-05-15,city_year,1,1,3,CN-430700,2025,gdp_current_100m;gdp_real_growth_pct;resident_population_10k,accepted,A2湖南省统计局公开的常德市统计公报；补录2025年全市GDP、增速和年末常住人口，财政收入、支出沿用已归档的市级财政来源。
SRC-A2-HUNAN-CITY-STATISTICAL-HENGYANG-2025,湖南省统计局、衡阳市统计局,A2,true,官方统计公报经济财政指标（网页）,https://tjj.hunan.gov.cn/hntj/tjfx/tjgb/szgb/hys_1/202605/t20260512_33975342.html,https://tjj.hunan.gov.cn/hntj/tjfx/tjgb/szgb/hys_1/202605/t20260512_33975342.html,hengyang_2025_statistical_bulletin.html,text/html,2026-05-12,city_year,1,1,3,CN-430400,2025,gdp_current_100m;gdp_real_growth_pct;resident_population_10k,accepted,A2湖南省统计局公开的衡阳市统计公报；补录2025年全市GDP、增速、年末常住人口和一般公共预算收支，政府性基金收入未在本来源中披露。
SRC-A2-HUNAN-CITY-STATISTICAL-SHAOYANG-2025,湖南省统计局、邵阳市统计局,A2,true,官方统计公报经济财政指标（网页）,https://tjj.hunan.gov.cn/hntj/tjfx/tjgb/szgb/sys_1/202605/t20260518_33979386.html,https://tjj.hunan.gov.cn/hntj/tjfx/tjgb/szgb/sys_1/202605/t20260518_33979386.html,shaoyang_2025_statistical_bulletin.html,text/html,2026-05-18,city_year,1,1,5,CN-430500,2025,gdp_current_100m;gdp_real_growth_pct;general_public_expenditure_100m;general_public_revenue_100m;resident_population_10k,accepted,A2湖南省统计局公开的邵阳市统计公报；补录2025年全市GDP、增速、年末常住人口和一般公共预算收支，政府性基金收入未在本来源中披露。
SRC-A2-HUNAN-CITY-STATISTICAL-CHENZHOU-2025,湖南省统计局、郴州市统计局,A2,true,官方统计公报经济财政指标（网页）,https://tjj.hunan.gov.cn/hntj/tjfx/tjgb/szgb/czs_1/202605/t20260512_33975324.html,https://tjj.hunan.gov.cn/hntj/tjfx/tjgb/szgb/czs_1/202605/t20260512_33975324.html,chenzhou_2025_statistical_bulletin.html,text/html,2026-04-17,city_year,1,1,5,CN-431000,2025,gdp_current_100m;gdp_real_growth_pct;general_public_expenditure_100m;general_public_revenue_100m;resident_population_10k,accepted,A2湖南省统计局公开的郴州市统计公报；补录2025年全市GDP、增速、年末常住人口和一般公共预算收支，政府性基金收入未在本来源中披露。
SRC-A2-HUNAN-CITY-STATISTICAL-YONGZHOU-2025,湖南省统计局、永州市统计局,A2,true,官方统计公报经济财政指标（网页）,https://tjj.hunan.gov.cn/hntj/tjfx/tjgb/szgb/yzs_1/202605/t20260521_33982654.html,https://tjj.hunan.gov.cn/hntj/tjfx/tjgb/szgb/yzs_1/202605/t20260521_33982654.html,yongzhou_2025_statistical_bulletin.html,text/html,2026-05-21,city_year,1,1,5,CN-431100,2025,gdp_current_100m;gdp_real_growth_pct;general_public_expenditure_100m;general_public_revenue_100m;resident_population_10k,accepted,A2湖南省统计局公开的永州市统计公报；补录2025年全市GDP、增速、年末常住人口和一般公共预算收支，政府性基金收入未在本来源中披露。
SRC-A2-HUNAN-CITY-STATISTICAL-HUAIHUA-2025,湖南省统计局、怀化市统计局,A2,true,官方统计公报经济财政指标（网页）,https://tjj.hunan.gov.cn/hntj/tjfx/tjgb/szgb/hhs_1/202605/t20260512_33975309.html,https://tjj.hunan.gov.cn/hntj/tjfx/tjgb/szgb/hhs_1/202605/t20260512_33975309.html,huaihua_2025_statistical_bulletin.html,text/html,2026-05-12,city_year,1,1,5,CN-431200,2025,gdp_current_100m;gdp_real_growth_pct;general_public_expenditure_100m;general_public_revenue_100m;resident_population_10k,accepted,A2湖南省统计局公开的怀化市统计公报；补录2025年全市GDP、增速、年末常住人口和一般公共预算收支，公报注明财政数据来自市财政局快报，政府性基金收入未在本来源中披露。
SRC-A2-HUNAN-CITY-STATISTICAL-LOUDI-2025,湖南省统计局、娄底市统计局,A2,true,官方统计公报经济财政指标（网页）,https://tjj.hunan.gov.cn/hntj/tjfx/tjgb/szgb/lds_1/202605/t20260512_33975300.html,https://tjj.hunan.gov.cn/hntj/tjfx/tjgb/szgb/lds_1/202605/t20260512_33975300.html,loudi_2025_statistical_bulletin.html,text/html,2026-04-29,city_year,1,1,5,CN-431300,2025,gdp_current_100m;gdp_real_growth_pct;general_public_expenditure_100m;general_public_revenue_100m;resident_population_10k,accepted,A2湖南省统计局公开的娄底市统计公报；补录2025年全市GDP、增速、年末常住人口和一般公共预算收支，政府性基金收入未在本来源中披露。
SRC-A2-HUNAN-CITY-STATISTICAL-ZHANGJIAJIE-2025,湖南省统计局、张家界市统计局,A2,true,官方统计公报经济财政指标（扫描 PDF）,https://tjj.hunan.gov.cn/hntj/tjfx/tjgb/szgb/zjj_1/202605/33975335/files/d3f82e78caf645eeab356512dcef1e3a.pdf,https://tjj.hunan.gov.cn/hntj/tjfx/tjgb/szgb/zjj_1/202605/33975335/files/d3f82e78caf645eeab356512dcef1e3a.pdf,zhangjiajie_2025_statistical_bulletin.pdf,application/pdf,2026-05-06,city_year,1,1,5,CN-430800,2025,gdp_current_100m;gdp_real_growth_pct;general_public_expenditure_100m;general_public_revenue_100m;resident_population_10k,accepted,A2湖南省统计局公开的张家界市统计公报扫描 PDF；按人工核对页 1、11、17 摘录2025年全市GDP、增速、年末常住人口和一般公共预算收支，政府性基金收入未在本来源中披露。
SRC-A2-HUNAN-CITY-STATISTICAL-XIANGTAN-2025,湘潭市统计局、国家统计局湘潭调查队,A2,true,官方统计公报经济财政指标（PDF）,https://tjj.hunan.gov.cn/hntj/tjfx/tjgb/szgb/xts_1/202605/33975345/files/f4a40747dddb439698b17b49eaecedba.pdf,https://tjj.hunan.gov.cn/hntj/tjfx/tjgb/szgb/xts_1/202605/33975345/files/f4a40747dddb439698b17b49eaecedba.pdf,xiangtan_2025_statistical_bulletin.pdf,application/pdf,2026-04-28,city_year,1,1,5,CN-430300,2025,gdp_current_100m;gdp_real_growth_pct;general_public_expenditure_100m;general_public_revenue_100m;resident_population_10k,accepted,A2湘潭市统计局官方统计公报 PDF；补录2025年全市GDP、增速、年末常住人口和一般公共预算收支，政府性基金收入未在本来源中披露。
SRC-A2-HUNAN-PREFECTURE-STATISTICAL-XIANGXI-2025,湘西州统计局、国家统计局湘西调查队,A2,true,官方统计公报经济财政指标（PDF）,https://tjj.hunan.gov.cn/hntj/tjfx/tjgb/szgb/xxz_1/202605/33975294/files/602a896243b34c51ad25f22ef2aa7cc2.pdf,https://tjj.hunan.gov.cn/hntj/tjfx/tjgb/szgb/xxz_1/202605/33975294/files/602a896243b34c51ad25f22ef2aa7cc2.pdf,xiangxi_2025_statistical_bulletin.pdf,application/pdf,2026-04-22,city_year,1,1,5,CN-433100,2025,gdp_current_100m;gdp_real_growth_pct;general_public_expenditure_100m;general_public_revenue_100m;resident_population_10k,accepted,A2湘西州统计局官方统计公报 PDF；补录2025年全州GDP、增速、年末常住人口和一般公共预算收支，政府性基金收入未在本来源中披露。
SRC-A2-HUNAN-CITY-STATISTICAL-ZHUZHOU-2025,湖南省统计局、株洲市统计局,A2,true,官方统计公报经济财政指标（网页）,https://tjj.hunan.gov.cn/hntj/tjfx/tjgb/szgb/zzs_1/202605/t20260512_33975349.html,https://tjj.hunan.gov.cn/hntj/tjfx/tjgb/szgb/zzs_1/202605/t20260512_33975349.html,zhuzhou_2025_statistical_bulletin.html,text/html,2026-04-29,city_year,1,1,5,CN-430200,2025,gdp_current_100m;gdp_real_growth_pct;general_public_expenditure_100m;general_public_revenue_100m;resident_population_10k,accepted,A2湖南省统计局转载株洲市统计局官方统计公报；补录2025年全市GDP、增速、年末常住人口和一般公共预算收支，政府性基金收入未在本来源中披露。公报注明2025年数据为初步统计数。
SRC-A2-HUNAN-CITY-STATISTICAL-CHANGSHA-2025-POPULATION,湖南省统计局、长沙市统计局,A2,true,官方统计公报人口指标（网页）,https://tjj.hunan.gov.cn/hntj/tjfx/tjgb/szgb/zss_1/202605/t20260512_33975356.html,https://tjj.hunan.gov.cn/hntj/tjfx/tjgb/szgb/zss_1/202605/t20260512_33975356.html,changsha_2025_statistical_bulletin.html,text/html,2026-04-21,city_year,1,1,1,CN-430100,2025,resident_population_10k,accepted,A2湖南省统计局转载长沙市统计局官方统计公报；补录2025年末全市常住总人口，公报未将政府性基金执行数与预算预期数混列，因此不在本来源中填充基金收入。
SRC-B2-XINJIANG-CITY-STATISTICAL-KARAMAY-2025,克拉玛依市统计局、克拉玛依日报,B2,true,官方统计公报经济财政指标（网页及跨页转载）,https://szb.kelamayi.com.cn/html/2026-05/19/content_1516_343187.htm,https://szb.kelamayi.com.cn/html/2026-05/19/content_1517_343188.htm,karamay_2025_statistical_bulletin_page07.html,text/html,2026-05-19,city_year,1,1,5,CN-650200,2025,gdp_current_100m;gdp_real_growth_pct;general_public_expenditure_100m;general_public_revenue_100m;resident_population_10k,accepted,B2克拉玛依市统计局官方统计公报由克拉玛依日报数字报完整转载；按公报明确的2025年一般公共预算收入决算口径采用106.92亿元，不采用体制改革前核定数134.6亿元。政府性基金收入未在本来源中披露。
SRC-A2-XINJIANG-CITY-STATISTICAL-TURPAN-2025,吐鲁番市统计局,A2,true,官方统计公报经济财政指标（网页）,https://www.tlf.gov.cn/tlfs/c106274/202604/5dac049b5b88481b8363227e425e73d5.shtml,https://www.tlf.gov.cn/tlfs/c106274/202604/5dac049b5b88481b8363227e425e73d5.shtml,turpan_2025_statistical_bulletin.html,text/html,2026-04-22,city_year,1,1,5,CN-650400,2025,gdp_current_100m;gdp_real_growth_pct;general_public_expenditure_100m;general_public_revenue_100m;resident_population_10k,accepted,A2吐鲁番市统计局官方统计公报；补录2025年GDP、增速、年末常住人口和一般公共预算收支，政府性基金收入未在本来源中披露。
SRC-A2-XINJIANG-CITY-STATISTICAL-HAMI-2025,哈密市统计局、国家统计局哈密调查队,A2,true,官方统计公报经济财政指标（网页）,https://www.hami.gov.cn/hami/c120173/202605/9bc459f53d3d4abda752ae0e967cf68a.shtml,https://www.hami.gov.cn/hami/c120173/202605/9bc459f53d3d4abda752ae0e967cf68a.shtml,hami_2025_statistical_bulletin.html,text/html,2026-05-09,city_year,1,1,4,CN-650500,2025,gdp_current_100m;gdp_real_growth_pct;general_public_expenditure_100m;general_public_revenue_100m,accepted,A2哈密市统计局、国家统计局哈密调查队官方统计公报；补录2025年GDP、增速和一般公共预算收支，公报未明确披露2025年末全市常住人口，人口字段不作推断填充，政府性基金收入未用预算数代填。
SRC-B2-XINJIANG-PREFECTURE-STATISTICAL-CHANGJI-2025,昌吉回族自治州统计局,B2,true,官方统计公报经济财政指标（精确转载网页）,https://www.crei.cn/file/br.aspx?id=20260508105148,https://www.crei.cn/file/br.aspx?id=20260508105148,changji_2025_statistical_bulletin.html,text/html,2026-05-08,city_year,1,1,4,CN-652300,2025,gdp_current_100m;gdp_real_growth_pct;general_public_expenditure_100m;general_public_revenue_100m,accepted,B2昌吉回族自治州统计局官方公报精确转载；补录2025年GDP、增速和一般公共预算收支，公报未明确披露全州年末常住人口，政府性基金收入未在本来源中披露。
SRC-A2-XINJIANG-PREFECTURE-STATISTICAL-BOZHOU-2025,博尔塔拉蒙古自治州统计局,A2,true,官方统计公报经济财政指标（网页）,https://www.xjboz.gov.cn/xjboz/c125800/202604/119d224f1920458fb81d8de4ae48fb54.shtml,https://www.xjboz.gov.cn/xjboz/c125800/202604/119d224f1920458fb81d8de4ae48fb54.shtml,bozhou_2025_statistical_bulletin.html,text/html,2026-04-20,city_year,1,1,5,CN-652700,2025,gdp_current_100m;gdp_real_growth_pct;general_public_expenditure_100m;general_public_revenue_100m;gov_fund_revenue_100m,accepted,A2博尔塔拉蒙古自治州统计局官方统计公报；补录2025年GDP、增速、一般公共预算收支和政府性基金收入，公报未明确披露全州年末常住人口。公报注明GDP、金融、保险、邮电、交通、外贸包含五师，财政字段采用自治州财政口径。
SRC-B2-XINJIANG-PREFECTURE-STATISTICAL-BAZHOU-2025,巴音郭楞蒙古自治州统计局、国家统计局巴音郭楞调查队,B2,true,官方统计公报经济财政指标（精确转载网页）,https://www.crei.cn/file/br.aspx?id=20260528085331&op=sczz&x=0,https://www.crei.cn/file/br.aspx?id=20260528085331&op=sczz&x=0,bazhou_2025_statistical_bulletin.html,text/html,2026-05-28,city_year,1,1,5,CN-652800,2025,gdp_current_100m;gdp_real_growth_pct;general_public_expenditure_100m;general_public_revenue_100m;resident_population_10k,accepted,B2巴音郭楞蒙古自治州统计局官方公报精确转载；补录2025年GDP、增速、年末常住人口和一般公共预算收支。公报明确人口口径不含铁门关市，政府性基金收入未在本来源中披露。
SRC-A2-XINJIANG-PREFECTURE-HOTAN-2025-STATISTICS-FINAL-FISCAL,和田地区统计局、和田地区财政局,A2,true,官方统计公报及政府决算附件经济财政指标（网页、DOC）,https://www.xjht.gov.cn/xjht/c128291/202603/ff9ab42d41b44c749fa720ed94692fd6.shtml,https://www.xjht.gov.cn/xjht/c128291/202603/ff9ab42d41b44c749fa720ed94692fd6.shtml,hotan_2025_statistical_bulletin.html,text/html,2026-07-03,city_year,1,1,4,CN-653200,2025,gdp_real_growth_pct;general_public_expenditure_100m;general_public_revenue_100m;gov_fund_revenue_100m,accepted,A2官方来源组合：和田地区统计局2025年统计公报补录GDP实际增速，和田地区财政局2025年度政府决算公开正式决算表补录全地区一般公共预算收入517283万元、支出4542199万元和政府性基金收入103427万元，统一换算为亿元。正式决算表优先于阶段性执行口径；不使用地区本级表数，也不把2025年统计公报中未披露的GDP绝对额、人口推断填入。
SRC-A2-XINJIANG-PREFECTURE-KIZILSU-2025-STATISTICS-FISCAL,克孜勒苏柯尔克孜自治州统计局、克孜勒苏柯尔克孜自治州人民政府,A2,true,官方统计公报及经济运行财政指标（网页、图文附件）,https://www.xjkz.gov.cn/xjkz/c101979/202606/d76bebc5d6524f16ad96a53ea24f4c57.shtml,https://www.xjkz.gov.cn/xjkz/c101979/202606/d76bebc5d6524f16ad96a53ea24f4c57.shtml,kizilsu_2025_statistical_bulletin.html,text/html,2026-06-02,city_year,1,1,5,CN-653000,2025,gdp_current_100m;gdp_real_growth_pct;general_public_expenditure_100m;general_public_revenue_100m;resident_population_10k,accepted,A2克州官方图文统计公报和官方经济运行情况组合：补录2025年GDP、实际增速、年末常住人口及一般公共预算收支；财政数来自官方年度经济运行财政段落，政府性基金收入本批未取得全州全年决算数，不用预算数或阶段性执行数代填。
SRC-B2-XINJIANG-PREFECTURE-AKSU-2025-STATISTICS-FISCAL,阿克苏地区统计局（官方公报精确转载）,B2,true,官方统计公报经济财政指标（精确转载网页）,https://www.crei.cn/file/br.aspx?id=20260528085809&op=sczz&x=0,https://www.crei.cn/file/br.aspx?id=20260528085809&op=sczz&x=0,aksu_2025_statistical_bulletin.html,text/html,2026-04-30,city_year,1,1,4,CN-652900,2025,gdp_current_100m;gdp_real_growth_pct;general_public_expenditure_100m;general_public_revenue_100m,accepted,B2阿克苏地区统计局公报精确转载；正文精确披露2025年GDP、实际增速和一般公共预算收支。因当前可核验页面未披露年末常住人口与政府性基金收入，二者不以其他口径推算。
SRC-A2-XINJIANG-PREFECTURE-KASHGAR-2025-STATISTICS-FISCAL,喀什地区统计局、国家统计局喀什调查队,A2,true,官方统计公报经济财政指标（图文网页）,https://www.kashi.gov.cn/ksdqxzgs/c112198/202604/4eb6af2f3cda49a8baa7df45973b6f21.shtml,https://www.kashi.gov.cn/ksdqxzgs/c112198/202604/4eb6af2f3cda49a8baa7df45973b6f21.shtml,kashgar_2025_statistical_bulletin.html,text/html,2026-04-08,city_year,1,1,4,CN-653100,2025,gdp_current_100m;gdp_real_growth_pct;general_public_expenditure_100m;general_public_revenue_100m,accepted,A2喀什地区统计局和国家统计局喀什调查队官方图文公报；补录2025年GDP、实际增速和一般公共预算收支。公报未披露年末常住人口与政府性基金收入，二者不以其他口径推算。
SRC-B2-SICHUAN-CITY-STATISTICAL-CHENGDU-2025-ECONOMIC,中国区域经济学会信息平台转载（出处为成都市统计局）,B2,true,统计公报经济指标（精确转载网页）,https://www.crei.cn/file/br.aspx?id=20260420165225&op=zc&x=0,https://www.crei.cn/file/br.aspx?id=20260420165225&op=zc&x=0,chengdu_2025_statistical_bulletin.html,text/html,2026-04-20,city_year,1,1,3,CN-510100,2025,gdp_current_100m;gdp_real_growth_pct;resident_population_10k,accepted,B2成都市统计局公报精确转载；补录2025年GDP、实际增速和年末常住人口。财政收入、支出和政府性基金收入由同一公报/成都市财政局独立来源分别记录，不在本经济批次重复覆盖。
SRC-B2-JIANGSU-CITY-STATISTICAL-YANGZHOU-2025-ECONOMIC,中国区域经济学会信息平台转载（出处为扬州市统计局）,B2,true,统计公报经济指标（精确转载网页）,https://www.crei.cn/file/br.aspx?id=20260527164838,https://www.crei.cn/file/br.aspx?id=20260527164838,yangzhou_2025_statistical_bulletin.html,text/html,2026-05-27,city_year,1,1,3,CN-321000,2025,gdp_current_100m;gdp_real_growth_pct;resident_population_10k,accepted,B2扬州市统计公报精确转载；补录2025年GDP、实际增速和年末常住人口。财政收入、支出和政府性基金收入由独立财政批次记录。
SRC-B2-JIANGSU-CITY-STATISTICAL-ZHENJIANG-2025-ECONOMIC,中国区域经济学会信息平台转载（出处为镇江市统计局）,B2,true,统计公报经济指标（精确转载网页）,https://www.crei.cn/file/br.aspx?id=20260527164608&op=zc&x=0,https://www.crei.cn/file/br.aspx?id=20260527164608&op=zc&x=0,zhenjiang_2025_statistical_bulletin.html,text/html,2026-05-27,city_year,1,1,2,CN-321100,2025,gdp_current_100m;gdp_real_growth_pct,accepted,B2镇江市统计公报精确转载；补录2025年GDP和实际增速，常住人口因公报未披露而保持为空；财政字段由独立财政批次记录。
SRC-B2-HAINAN-CITY-STATISTICAL-HAIKOU-2025-ECONOMIC,中国区域经济学会信息平台转载（出处为海口市统计局）,B2,true,统计公报经济指标（精确转载网页）,https://www.crei.cn/file/br.aspx?id=20260429152052&op=zc&x=0,https://www.crei.cn/file/br.aspx?id=20260429152052&op=zc&x=0,haikou_2025_statistical_bulletin.html,text/html,2026-04-29,city_year,1,1,2,CN-460100,2025,gdp_current_100m;gdp_real_growth_pct,accepted,B2海口市统计公报精确转载；补录2025年GDP和实际增速，财政字段由独立财政批次记录。
SRC-B2-HUBEI-CITY-STATISTICAL-YICHANG-2025-POPULATION,宜昌市统计局（精确公报转载）,B2,true,统计公报人口指标（精确转载网页）,https://www.crei.cn/file/br.aspx?id=20260420163741&op=zc&x=0,https://www.crei.cn/file/br.aspx?id=20260420163741&op=zc&x=0,yichang_2025_statistical_bulletin.html,text/html,2026-04-20,city_year,1,1,1,CN-420500,2025,resident_population_10k,accepted,B2宜昌市统计公报精确转载；补录2025年年末常住人口，经济财政其他字段由独立批次记录。
SRC-B2-ANHUI-CITY-STATISTICAL-HEFEI-2025-POPULATION,合肥市统计局、国家统计局合肥调查队（精确公报转载）,B2,true,统计公报人口指标（精确PDF转载）,https://tjgb.hongheiku.com/djs/68352.html,https://tjgb.hongheiku.com/wp-content/uploads/2026/04/1775052106-wKgEIWnLK5OAEX2EAApVrfAOX4M661.pdf,hefei_2025_statistical_bulletin.pdf,application/pdf,2026-04-01,city_year,1,1,1,CN-340100,2025,resident_population_10k,accepted,B2合肥市统计公报精确PDF转载；补录2025年年末常住人口1000.5万人，财政和GDP字段由既有批次记录。
SRC-A2-FUJIAN-CITY-STATISTICAL-FUZHOU-2025,福州市统计局、福州市人民政府,A2,true,官方统计公报经济财政指标,https://www.fuzhou.gov.cn/zwgk/tjxx/ndbg/202604/t20260414_5308173.htm,https://www.fuzhou.gov.cn/zwgk/tjxx/ndbg/202604/t20260414_5308173.htm,fuzhou_2025_statistical_bulletin_official.html,text/html,2026-04-14,city_year,1,1,3,CN-350100,2025,gdp_current_100m;gdp_real_growth_pct;resident_population_10k,accepted,A2福州市人民政府官方统计公报；补录2025年GDP、实际增速、年末常住人口及地方一般公共预算收支。公报未披露全市政府性基金收入，不作推算。
SRC-PROVINCE-FUND-JIANGSU-2018,江苏省财政厅,A1,true,官方省级财政分地区预算执行表,https://czt.jiangsu.gov.cn/attach/0/4ed7fc056fce46b2b77e1e8e4dd99963.pdf,https://czt.jiangsu.gov.cn/attach/0/4ed7fc056fce46b2b77e1e8e4dd99963.pdf,jiangsu_2018.pdf,application/pdf,2019-01-14,multicity_batch,13,1,13,CN-320100;CN-320200;CN-320300;CN-320400;CN-320500;CN-320600;CN-320700;CN-320800;CN-320900;CN-321000;CN-321100;CN-321200;CN-321300,2018,gov_fund_revenue_100m,accepted,江苏省财政厅官方分地区政府性基金预算收入表；采用各设区市全市2018年执行数，原始单位万元，统一换算为亿元。
SRC-PROVINCE-FUND-JIANGSU-2020-FINAL,江苏省财政厅,A1,true,官方省级财政分地区预算执行表,https://czt.jiangsu.gov.cn/attach/0/d8a51d4d8db842dc82c3db7b6a6ae840.pdf,https://czt.jiangsu.gov.cn/attach/0/d8a51d4d8db842dc82c3db7b6a6ae840.pdf,jiangsu_2021.pdf,application/pdf,2022-01-20,multicity_batch,13,1,13,CN-320100;CN-320200;CN-320300;CN-320400;CN-320500;CN-320600;CN-320700;CN-320800;CN-320900;CN-321000;CN-321100;CN-321200;CN-321300,2020,gov_fund_revenue_100m,accepted,江苏省财政厅官方分地区政府性基金预算收入表；采用各设区市全市2020年决算数，原始单位万元，统一换算为亿元。
SRC-PROVINCE-FUND-JIANGSU-2021-FINAL,江苏省财政厅,A1,true,官方省级财政分地区预算执行表,https://czt.jiangsu.gov.cn/attach/-1/2304031513142867083.pdf,https://czt.jiangsu.gov.cn/attach/-1/2304031513142867083.pdf,jiangsu_2022.pdf,application/pdf,2023-04-03,multicity_batch,13,1,13,CN-320100;CN-320200;CN-320300;CN-320400;CN-320500;CN-320600;CN-320700;CN-320800;CN-320900;CN-321000;CN-321100;CN-321200;CN-321300,2021,gov_fund_revenue_100m,accepted,江苏省财政厅官方分地区政府性基金预算收入表；采用各设区市全市2021年决算数，原始单位万元，统一换算为亿元。
SRC-PROVINCE-FUND-JIANGSU-2022-FINAL,江苏省财政厅,A1,true,官方省级财政分地区预算执行表,https://czt.jiangsu.gov.cn/attach/-1/2504291824050610353.pdf,https://czt.jiangsu.gov.cn/attach/-1/2504291824050610353.pdf,jiangsu_2023.pdf,application/pdf,2024-04-29,multicity_batch,13,1,13,CN-320100;CN-320200;CN-320300;CN-320400;CN-320500;CN-320600;CN-320700;CN-320800;CN-320900;CN-321000;CN-321100;CN-321200;CN-321300,2022,gov_fund_revenue_100m,accepted,江苏省财政厅官方分地区政府性基金预算收入表；采用各设区市全市2022年决算数，原始单位万元，统一换算为亿元。
SRC-PROVINCE-FUND-JIANGSU-2023,江苏省财政厅,A1,true,官方省级财政分地区预算执行表,https://czt.jiangsu.gov.cn/attach/-1/2504291824050610353.pdf,https://czt.jiangsu.gov.cn/attach/-1/2504291824050610353.pdf,jiangsu_2023.pdf,application/pdf,2024-04-29,multicity_batch,13,1,13,CN-320100;CN-320200;CN-320300;CN-320400;CN-320500;CN-320600;CN-320700;CN-320800;CN-320900;CN-321000;CN-321100;CN-321200;CN-321300,2023,gov_fund_revenue_100m,accepted,江苏省财政厅官方分地区政府性基金预算收入表；采用各设区市全市2023年执行数，原始单位万元，统一换算为亿元。
SRC-PROVINCE-FUND-JIANGSU-2024,江苏省财政厅,A1,true,官方省级财政分地区预算执行表,https://czt.jiangsu.gov.cn/attach/-1/2504291825052954904.pdf,https://czt.jiangsu.gov.cn/attach/-1/2504291825052954904.pdf,jiangsu_2024.pdf,application/pdf,2025-04-29,multicity_batch,13,1,13,CN-320100;CN-320200;CN-320300;CN-320400;CN-320500;CN-320600;CN-320700;CN-320800;CN-320900;CN-321000;CN-321100;CN-321200;CN-321300,2024,gov_fund_revenue_100m,accepted,江苏省财政厅官方分地区政府性基金预算收入表；采用各设区市全市2024年执行数，原始单位万元，统一换算为亿元。
SRC-PROVINCE-FISCAL-JIANGSU-2024,江苏省财政厅,A1,true,官方省级财政分地区一般预算执行表,https://czt.jiangsu.gov.cn/attach/-1/2504291825052954904.pdf,https://czt.jiangsu.gov.cn/attach/-1/2504291825052954904.pdf,jiangsu_2024.pdf,application/pdf,2025-01-19,multicity_batch,13,1,26,CN-320100;CN-320200;CN-320300;CN-320400;CN-320500;CN-320600;CN-320700;CN-320800;CN-320900;CN-321000;CN-321100;CN-321200;CN-321300,2024,general_public_expenditure_100m;general_public_revenue_100m,accepted,江苏省财政厅官方分地区一般公共预算收入、支出执行表；采用各设区市全市2024年执行数，原始单位万元，统一换算为亿元。
SRC-A2-CHAOYANG-CITY-FISCAL-2024,朝阳市财政局,A2,true,城市财政预算执行报告（官方PDF）,https://files.chaoyang.gov.cn/files/ueditor/CYCZJ/jsp/upload/file/20251208/1765186825895001235.pdf,https://files.chaoyang.gov.cn/files/ueditor/CYCZJ/jsp/upload/file/20251208/1765186825895001235.pdf,chaoyang_2024_budget_report.pdf,application/pdf,2025-01-20,city_year,1,1,3,CN-211300,2024,general_public_expenditure_100m;general_public_revenue_100m;gov_fund_revenue_100m,accepted,朝阳市财政局官方预算执行报告，明确披露全市口径；采用2024年快报数，原始单位万元，保留execution状态，不改写为最终决算。
SRC-A2-CHAOYANG-CITY-FISCAL-2025,朝阳市财政局,A2,true,城市财政预算执行报告（官方PDF）,https://files.chaoyang.gov.cn/files/ueditor/CYCZJ/jsp/upload/file/20260121/1768985042690094808.pdf,https://files.chaoyang.gov.cn/files/ueditor/CYCZJ/jsp/upload/file/20260121/1768985042690094808.pdf,chaoyang_2025_budget_report.pdf,application/pdf,2026-01-21,city_year,1,1,3,CN-211300,2025,general_public_expenditure_100m;general_public_revenue_100m;gov_fund_revenue_100m,accepted,朝阳市财政局官方预算执行报告，表1、表2、表9均明确为全市口径；采用2025年快报数一般公共预算收入903071万元、支出3013397万元和政府性基金预算收入134839万元，统一换算为亿元，保留execution状态，不使用市本级数。
SRC-A2-ZHANGYE-CITY-FISCAL-2025,张掖市财政局,A2,true,城市财政预算执行报告（官方网页）,https://www.zhangye.gov.cn/zyszfxxgk/fdzdgknr_5657/sgjfjysxx/sjczyjsjsgjf/202602/t20260225_1511277_ghb.html,https://www.zhangye.gov.cn/zyszfxxgk/fdzdgknr_5657/sgjfjysxx/sjczyjsjsgjf/202602/t20260225_1511277_ghb.html,zhangye_2025_budget_report.html,text/html,2026-02-24,city_year,1,1,3,CN-620700,2025,general_public_expenditure_100m;general_public_revenue_100m;gov_fund_revenue_100m,accepted,张掖市财政局官方预算执行报告，明确披露全市口径；采用正文按0.1亿元披露的2025年执行数，保留execution状态，不改写为最终决算。
SRC-A2-PINGLIANG-CITY-FISCAL-2025,平凉市财政局,A2,true,城市财政预算执行报告（官方PDF）,https://pingliang.gov.cn/api-gateway/jpaas-web-server/front/document/download?fileUrl=YW5UzzlvCwcM%2FNHHX%2FtT6DemntNJtRmQLusf6WNo%2BXommnhQmPHD3tcFx6EncOs3t%2F493OOsHCsTKbMqccfVgVbu77co7IDInTmE%2FMEq3PaMYWNkOSvNjAHvVmpG0bQMN96Rsi5LmFWOGBZ95ZegCJ4gtrd1hvk7%2B0w3sgnrFGA%3D&fileName=1.%E5%85%B3%E4%BA%8E%E5%85%A8%E5%B8%822025%E5%B9%B4%E8%B4%A2%E6%94%BF%E9%A2%84%E7%AE%97%E6%89%A7%E8%A1%8C%E6%83%85%E5%86%B5%E5%92%8C2026%E5%B9%B4%E5%85%A8%E5%B8%82%E5%8F%8A%E5%B8%82%E7%BA%A7%E8%B4%A2%E6%94%BF%E9%A2%84%E7%AE%97%E7%9A%84%E6%8A%A5%E5%91%8A.pdf,https://pingliang.gov.cn/api-gateway/jpaas-web-server/front/document/download?fileUrl=YW5UzzlvCwcM%2FNHHX%2FtT6DemntNJtRmQLusf6WNo%2BXommnhQmPHD3tcFx6EncOs3t%2F493OOsHCsTKbMqccfVgVbu77co7IDInTmE%2FMEq3PaMYWNkOSvNjAHvVmpG0bQMN96Rsi5LmFWOGBZ95ZegCJ4gtrd1hvk7%2B0w3sgnrFGA%3D&fileName=1.%E5%85%B3%E4%BA%8E%E5%85%A8%E5%B8%822025%E5%B9%B4%E8%B4%A2%E6%94%BF%E9%A2%84%E7%AE%97%E6%89%A7%E8%A1%8C%E6%83%85%E5%86%B5%E5%92%8C2026%E5%B9%B4%E5%85%A8%E5%B8%82%E5%8F%8A%E5%B8%82%E7%BA%A7%E8%B4%A2%E6%94%BF%E9%A2%84%E7%AE%97%E7%9A%84%E6%8A%A5%E5%91%8A.pdf,pingliang_2025_budget_report.pdf,application/pdf,2026-02-03,city_year,1,1,3,CN-620800,2025,general_public_expenditure_100m;general_public_revenue_100m;gov_fund_revenue_100m,accepted,平凉市财政局官方预算执行报告，明确披露全市口径；采用报告正文披露的2025年执行数，保留execution状态，不改写为最终决算。
SRC-A2-CHANGSHA-CITY-FUND-2025,长沙市财政局,A2,true,城市财政预算执行报告（官方网页）,https://www.changsha.gov.cn/szf/ztzl/ysgk/ysjsbg/202601/t20260130_12263761.html,https://www.changsha.gov.cn/szf/ztzl/ysgk/ysjsbg/202601/t20260130_12263761.html,changsha_2025_budget_report.html,text/html,2026-01-28,city_year,1,1,1,CN-430100,2025,gov_fund_revenue_100m,accepted,长沙市人民政府门户公开的长沙市财政局预算执行报告，明确披露全市政府性基金预算收入528.7亿元；独立接入基金字段，不覆盖已有统计公报中的GDP和一般预算字段。
SRC-A2-CHUXIONG-CITY-FISCAL-2025,楚雄市财政局,A2,true,城市财政预算执行报告（官方网页）,https://www.cxs.gov.cn/info/5905/874929.htm,https://www.cxs.gov.cn/info/5905/874929.htm,chuxiong_2025_budget_report.html,text/html,2026-03-02,city_year,1,1,3,CN-532300,2025,general_public_expenditure_100m;general_public_revenue_100m;gov_fund_revenue_100m,accepted,楚雄市人民政府门户公开的楚雄市财政局预算执行报告，明确披露全市口径三项财政字段；采用2025年执行数，原始单位万元并换算为亿元。
SRC-A2-SUZHOU-CITY-FUND-2025,苏州市人民政府,A2,true,城市财政预算执行报告（官方网页）,https://www.suzhou.gov.cn/szsrmzf/czyjsbg/202603/57f2227cdfff4bef8a8c37ee8580add5.shtml,https://www.suzhou.gov.cn/szsrmzf/czyjsbg/202603/57f2227cdfff4bef8a8c37ee8580add5.shtml,suzhou_2025_budget_report.html,text/html,2026-03-11,city_year,1,1,1,CN-320500,2025,gov_fund_revenue_100m,accepted,苏州市人民政府公开的市人大会议财政报告明确披露2025年全市政府性基金收入788亿元；采用全市执行数，独立接入基金字段，不覆盖已有一般预算字段。
SRC-A1-SHIJIAZHUANG-CITY-FUND-2025,石家庄市人民政府,A1,true,城市财政预算执行报告（官方PDF）,https://www.sjz.gov.cn/yjsgk/attachments/1/202602/07/%E5%85%B3%E4%BA%8E%E7%9F%B3%E5%AE%B6%E5%BA%84%E5%B8%822025%E5%B9%B4%E9%A2%84%E7%AE%97%E6%89%A7%E8%A1%8C%E6%83%85%E5%86%B5%E5%92%8C2026%E5%B9%B4%E9%A2%84%E7%AE%97%E8%8D%89%E6%A1%88%E7%9A%84%E6%8A%A5%E5%91%8A20260207153821129.pdf?sid=,https://www.sjz.gov.cn/yjsgk/attachments/1/202602/07/%E5%85%B3%E4%BA%8E%E7%9F%B3%E5%AE%B6%E5%BA%84%E5%B8%822025%E5%B9%B4%E9%A2%84%E7%AE%97%E6%89%A7%E8%A1%8C%E6%83%85%E5%86%B5%E5%92%8C2026%E5%B9%B4%E9%A2%84%E7%AE%97%E8%8D%89%E6%A1%88%E7%9A%84%E6%8A%A5%E5%91%8A20260207153821129.pdf?sid=,shijiazhuang_2025_budget_report.pdf,application/pdf,2026-02-07,city_year,1,1,1,CN-130100,2025,gov_fund_revenue_100m,accepted,石家庄市人民政府公开的2025年全市政府性基金收入预算完成情况表（表3）明确列示合计实际完成3726518万元；采用全市口径并按万元换算为亿元。
SRC-A2-XIAN-CITY-FUND-2025,西安市财政局,A2,true,城市财政预算执行报告（官方网页）,https://xaczj.xa.gov.cn/zwgk/czyjs/2030898768368398337.html,https://xaczj.xa.gov.cn/zwgk/czyjs/2030898768368398337.html,xian_2025_budget_report.html,text/html,2026-03-09,city_year,1,1,1,CN-610100,2025,gov_fund_revenue_100m,accepted,西安市财政局官网公开的2025年预算执行报告明确区分全市与市级政府性基金预算收入，采用全市口径681.83亿元，不使用市级604.26亿元。
SRC-A1-NANCHANG-CITY-FISCAL-2025,南昌市财政局,A1,true,城市财政预算执行表（官方PDF）,https://czj.nc.gov.cn/ncczj/2026sjysgk/202602/0fa3b64fca014c0ca082cef616012ec9.shtml,https://czj.nc.gov.cn/ncczj/2026sjysgk/202602/0fa3b64fca014c0ca082cef616012ec9/files/14.2025%E5%B9%B4%E5%85%A8%E5%B8%82%E6%94%BF%E5%BA%9C%E6%80%A7%E5%9F%BA%E9%87%91%E9%A2%84%E7%AE%97%E6%94%B6%E5%85%A5%E6%89%A7%E8%A1%8C%E6%83%85%E5%86%B5%E8%A1%A8.pdf,nanchang_2025_fund_execution.pdf,application/pdf,2026-01-30,city_year,1,1,3,CN-360100,2025,general_public_expenditure_100m;general_public_revenue_100m;gov_fund_revenue_100m,accepted,南昌市财政局2026年市级政府预算公开目录链接的2025年全市执行表，三项字段均为全市口径执行数；原始单位万元，按1万元=0.0001亿元换算并保留两位小数。入口页与附件分别记录，避免把市级表误作全市表。
SRC-A2-HAIKOU-CITY-FISCAL-2025,海口市财政局,A2,true,城市财政预算执行报告（官方网页）,http://www.haikou.gov.cn/xxgk/szfbjxxgk/cztz/czyjs/2026yjs/bmys/202602/t1509668.shtml,http://www.haikou.gov.cn/xxgk/szfbjxxgk/cztz/czyjs/2026yjs/bmys/202602/t1509668.shtml,haikou_2025_budget_report.html,text/html,2026-02-25,city_year,1,1,3,CN-460100,2025,general_public_expenditure_100m;general_public_revenue_100m;gov_fund_revenue_100m,accepted,海口市财政局官方预算报告明确区分全市与市本级口径；本批采用全市地方一般公共预算收入253.8亿元、支出336.7亿元及政府性基金预算收入68.4亿元，不使用市本级68.1亿元基金收入。
SRC-A2-YINCHUAN-CITY-FISCAL-2025,银川市财政局,A2,true,城市财政预算执行报告（官方PDF）,https://www.yinchuan.gov.cn/xxgk/bmxxgkml/sczj/xxgkml_2101/czyjsjsgjf_2119/zfys/202602/t20260212_5171239.html,https://www.yinchuan.gov.cn/xxgk/bmxxgkml/sczj/xxgkml_2101/czyjsjsgjf_2119/zfys/202602/W020260212418499922026.pdf,yinchuan_2025_budget_report.pdf,application/pdf,2026-02-12,city_year,1,1,3,CN-640100,2025,general_public_expenditure_100m;general_public_revenue_100m;gov_fund_revenue_100m,accepted,银川市财政局官方预算执行报告明确区分不含宁东的全市口径与市本级口径；本批采用全市一般公共预算收入171.59亿元、支出406.04亿元及政府性基金收入45.26亿元，不使用含宁东统计公报口径209.70亿元和440.75亿元，也不使用市本级数据。
SRC-A2-BEIJING-CITY-FISCAL-2025,北京市财政局,A2,true,城市财政预算执行报告（官方PDF）,https://czj.beijing.gov.cn/zwxx/czsj/czyjs/202602/P020260206358618282734.pdf,https://czj.beijing.gov.cn/zwxx/czsj/czyjs/202602/P020260206358618282734.pdf,beijing_2025_budget_report.pdf,application/pdf,2026-02-06,city_year,1,1,3,CN-110000,2025,general_public_expenditure_100m;general_public_revenue_100m;gov_fund_revenue_100m,accepted,北京市财政局官方预算执行报告明确区分全市与市级口径；本批采用全市一般公共预算收入6680.6亿元、支出8401.9亿元及政府性基金预算收入2193.9亿元，不使用市级收入3764.3亿元、支出5703.3亿元和基金收入582.9亿元。
SRC-A2-CHONGQING-CITY-FISCAL-2025,重庆市财政局,A2,true,城市财政预算执行报告（官方PDF）,https://czj.cq.gov.cn/zwgk_268/fdzdgknr/ysjs/zfys/202602/W020260211630285424796.pdf,https://czj.cq.gov.cn/zwgk_268/fdzdgknr/ysjs/zfys/202602/W020260211630285424796.pdf,chongqing_2025_budget_report.pdf,application/pdf,2026-02-11,city_year,1,1,3,CN-500000,2025,general_public_expenditure_100m;general_public_revenue_100m;gov_fund_revenue_100m,accepted,重庆市财政局官方预算执行报告明确区分全市与市级口径；本批采用全市一般公共预算收入2736亿元、支出5691亿元及政府性基金预算收入1593亿元，不使用市级收入805亿元、支出1844亿元和基金收入810亿元。
SRC-A2-SHANGHAI-CITY-FISCAL-2025,上海市财政局,A2,true,城市财政预算执行报告（官方网页）,https://www.shanghai.gov.cn/nw12338/20260515/a97f758537314ce7b2c0e26614e179f6.html,https://www.shanghai.gov.cn/nw12338/20260515/a97f758537314ce7b2c0e26614e179f6.html,shanghai_2025_budget_report.html,text/html,2026-05-15,city_year,1,1,3,CN-310000,2025,general_public_expenditure_100m;general_public_revenue_100m;gov_fund_revenue_100m,accepted,上海市财政局官方预算执行报告明确区分全市与市级口径；本批采用全市一般公共预算收入8500.9亿元、支出9976亿元及政府性基金预算收入3039.6亿元，不使用市级收入3839.5亿元、支出3619.5亿元和基金收入773.5亿元。
SRC-A2-TIANJIN-CITY-FISCAL-2025,天津市财政局,A2,true,城市财政预算执行报告（官方PDF）,https://cz.tj.gov.cn/zwgk_53713/yjsgktypt/ysgk/2026zfys/202602/W020260213610680924353.pdf,https://cz.tj.gov.cn/zwgk_53713/yjsgktypt/ysgk/2026zfys/202602/W020260213610680924353.pdf,tianjin_2025_budget_report.pdf,application/pdf,2026-02-13,city_year,1,1,3,CN-120000,2025,general_public_expenditure_100m;general_public_revenue_100m;gov_fund_revenue_100m,accepted,天津市财政局官方预算执行报告明确区分全市与市级口径；本批采用全市一般公共预算收入2221.7亿元、支出3359.7亿元及政府性基金预算收入605.5亿元，不使用市级收入812.8亿元、支出1172.6亿元和基金收入334.8亿元。
SRC-A2-JINGDEZHEN-CITY-FISCAL-2025,景德镇市财政局,A2,true,城市财政预算执行报告（官方PDF）,https://jdz.gov.cn/zwgk/fdzdgknr/czxx/yjsgk/t1079791.shtml,https://jdz.gov.cn/zwgk/fdzdgknr/czxx/yjsgk/P020260209548709148934.pdf,jingdezhen_2025_budget_report.pdf,application/pdf,2026-02-09,city_year,1,1,3,CN-360200,2025,general_public_expenditure_100m;general_public_revenue_100m;gov_fund_revenue_100m,accepted,景德镇市财政局官方预算执行报告明确区分全市与市级口径；本批采用全市一般公共预算收入90.94亿元、支出234.95亿元及政府性基金预算收入172.69亿元，不使用市级收入27.63亿元、支出80.97亿元和基金收入106.45亿元。
SRC-A2-BAOSHAN-CITY-FISCAL-2025,保山市财政局,A2,true,城市财政预算执行报告（官方网页）,https://www.baoshan.gov.cn/info/4632/10334054.htm,https://www.baoshan.gov.cn/info/4632/10334054.htm,baoshan_2025_budget_report.html,text/html,2026-02-05,city_year,1,1,3,CN-530500,2025,general_public_expenditure_100m;general_public_revenue_100m;gov_fund_revenue_100m,accepted,保山市财政局官方预算执行报告明确区分全市与市本级口径；本批采用全市一般公共预算收入654233万元、支出2617126万元及政府性基金预算收入316421万元，均为官方快报数，统一换算为亿元；不使用市本级口径。
SRC-A2-LVLIANG-CITY-FISCAL-2025,吕梁市财政局,A2,true,城市财政预算执行报告（官方网页）,https://www.lvliang.gov.cn/llxxgk/zfxxgk/xxgkml/zjxx_21583/sjczyshsgjf/202602/t20260205_2014557.html,https://www.lvliang.gov.cn/llxxgk/zfxxgk/xxgkml/zjxx_21583/sjczyshsgjf/202602/t20260205_2014557.html,lvliang_2025_budget_report.html,text/html,2026-02-05,city_year,1,1,3,CN-141100,2025,general_public_expenditure_100m;general_public_revenue_100m;gov_fund_revenue_100m,accepted,吕梁市财政局官方预算执行报告明确区分全市与市本级口径；本批采用全市一般公共预算收入278.26亿元、支出585.48亿元及政府性基金收入21.62亿元，不使用市本级收入54.65亿元、支出94.53亿元。
SRC-A2-JINCHENG-CITY-FISCAL-2025,晋城市财政局,A2,true,城市财政预算执行报告（官方PDF）,https://xxgk.jcgov.gov.cn/szfgzbm/jcsczj/fdzdgknr_31229/czyjsgk/zfys_czj/202603/t20260324_2333606.shtml,https://xxgk.jcgov.gov.cn/szfgzbm/jcsczj/fdzdgknr_31229/czyjsgk/zfys_czj/202603/P020260324646165200955.pdf,jincheng_2025_budget_report.pdf,application/pdf,2026-02-06,city_year,1,1,3,CN-140500,2025,general_public_expenditure_100m;general_public_revenue_100m;gov_fund_revenue_100m,accepted,晋城市财政局官方预算执行报告明确区分全市与市本级口径；本批采用全市一般公共预算收入230.58亿元、支出392.05亿元及政府性基金预算收入40.64亿元，不使用市本级收入48.86亿元、支出87.9亿元和基金收入16.37亿元。
SRC-A2-PINGDINGSHAN-CITY-FISCAL-2025,平顶山市财政局,A2,true,城市财政预算执行报告（官方网页）,https://www.pds.gov.cn/contents/1378/463143.html,https://www.pds.gov.cn/contents/1378/463143.html,pingdingshan_2025_budget_report.html,text/html,2026-02-05,city_year,1,1,2,CN-410400,2025,general_public_expenditure_100m;general_public_revenue_100m,accepted,平顶山市财政局官方预算执行报告明确披露全市口径；采用2025年全市一般公共预算收入2266166万元、支出4512625万元，均为执行数，统一换算为亿元；政府性基金收入沿用同一报告的独立基金来源记录。
SRC-A2-TAIAN-CITY-FISCAL-2025,泰安市财政局,A2,true,城市财政预算执行报告（官方PDF）,https://czj.taian.gov.cn/art/2026/2/25/art_364743_10316699.html,https://czj.taian.gov.cn/art/2026/2/25/art_364743_10316699.html,taian_2025_budget_execution_report.pdf,application/pdf,2026-02-25,city_year,1,1,3,CN-370900,2025,general_public_expenditure_100m;general_public_revenue_100m;gov_fund_revenue_100m,accepted,泰安市财政局官方预算执行表，表1、表2、表17均明确为全市口径；采用2025年一般公共预算收入2619610万元、支出4864386万元和政府性基金预算收入1307675万元，统一换算为亿元，保留execution状态；不使用市级数。
SRC-B2-HOHHOT-CITY-FUND-2024,呼和浩特市财政局,B2,true,城市财政预算执行报告（精确转载）,https://static.0471tv.org.cn/rb/pc/att/202501/23/8ab6d53d-1f5f-4c54-9655-32ba857e97bb.pdf,https://static.0471tv.org.cn/rb/pc/att/202501/23/8ab6d53d-1f5f-4c54-9655-32ba857e97bb.pdf,hohhot_2024_budget_report.pdf,application/pdf,2025-01-23,city_year,1,1,1,CN-150100,2024,gov_fund_revenue_100m,accepted,B2精确转载；报告正文明确披露呼和浩特市2024年全市政府性基金预算收入112.52亿元，执行口径，不使用市本级数。
SRC-B2-HOHHOT-CITY-FUND-2025,呼和浩特市财政局,B2,true,城市财政预算执行报告（精确转载）,https://static.0471tv.org.cn/rb/pc/att/202603/04/5edaa825-0884-472e-9693-6c0aca69c74a.pdf,https://static.0471tv.org.cn/rb/pc/att/202603/04/5edaa825-0884-472e-9693-6c0aca69c74a.pdf,hohhot_2025_budget_report.pdf,application/pdf,2026-02-10,city_year,1,1,1,CN-150100,2025,gov_fund_revenue_100m,accepted,B2精确转载；报告正文明确披露呼和浩特市2025年全市政府性基金预算收入75.78亿元，执行口径，不使用市本级数。
SRC-B2-CHIFENG-CITY-FUND-2025,赤峰市人民政府,B2,true,政府工作报告财政执行段落（官方网页）,https://www.chifeng.gov.cn/ztzl/rdzl/cfslhzt/cfszf2026lhzt/2026gzbg/202601/t20260130_2723148.html,https://www.chifeng.gov.cn/ztzl/rdzl/cfslhzt/cfszf2026lhzt/2026gzbg/202601/t20260130_2723148.html,chifeng_2025_budget_report.html,text/html,2026-01-30,city_year,1,1,1,CN-150400,2025,gov_fund_revenue_100m,accepted,B2官方网页精确披露；报告明确以2025年12月月报数据作为执行数据，2025年全市政府性基金预算收入466850万元，折算为亿元。
SRC-B2-DATONG-CITY-FUND-2025,大同市人民政府,B2,true,城市财政预算执行报告（官方网页）,https://www.dt.gov.cn/dtszf/czjczyjs/202602/d228cbfb30e747a0b4d3062fd41aa5b7.shtml,https://www.dt.gov.cn/dtszf/czjczyjs/202602/d228cbfb30e747a0b4d3062fd41aa5b7.shtml,datong_2025_budget_report.html,text/html,2026-02-05,city_year,1,1,1,CN-140200,2025,gov_fund_revenue_100m,accepted,B2官方网页精确披露；报告明确披露大同市2025年全市政府性基金预算收入44.74亿元，执行口径，不使用市本级数。
SRC-B2-LVLIANG-CITY-FUND-2025,吕梁市人民政府,B2,true,城市财政预算执行报告（官方网页）,https://www.lvliang.gov.cn/llxxgk/zfxxgk/xxgkml/zjxx_21583/sjczyshsgjf/202602/t20260205_2014557.html,https://www.lvliang.gov.cn/llxxgk/zfxxgk/xxgkml/zjxx_21583/sjczyshsgjf/202602/t20260205_2014557.html,lvliang_2025_budget_report.html,text/html,2026-02-05,unclassified,0,0,0,,,,registered_no_selected_value,B2官方网页精确披露；报告明确披露吕梁市2025年全市政府性基金收入21.62亿元，执行口径，不使用市本级数。
SRC-B2-PINGDINGSHAN-CITY-FUND-2025,平顶山市人民政府,B2,true,城市财政预算执行报告（官方网页）,https://www.pds.gov.cn/contents/1378/463143.html,https://www.pds.gov.cn/contents/1378/463143.html,pingdingshan_2025_budget_report.html,text/html,2026-02-07,city_year,1,1,1,CN-410400,2025,gov_fund_revenue_100m,accepted,B2官方网页精确披露；报告明确披露平顶山市2025年全市政府性基金预算收入实际完成702960万元，执行口径，折算为亿元。
SRC-B2-ANKANG-CITY-FUND-2025,安康市人民政府,B2,true,城市财政预算执行报告（官方网页）,https://www.ankang.gov.cn/Content-2902010.html,https://www.ankang.gov.cn/Content-2902010.html,ankang_2025_budget_report.html,text/html,2026-01-22,city_year,1,1,1,CN-610900,2025,gov_fund_revenue_100m,accepted,B2官方网页精确披露；报告明确披露安康市2025年全市政府性基金预算收入36.98亿元，执行口径，不使用市本级数。
SRC-B2-XUANCHENG-CITY-FUND-2025,宣城市人民政府,B2,true,城市财政预算执行报告（官方附件）,https://tyjr.xuancheng.gov.cn/file_xc/20/202602/20260206a37c3db21a3a448a91fb29d6117c45f5.pdf,https://tyjr.xuancheng.gov.cn/file_xc/20/202602/20260206a37c3db21a3a448a91fb29d6117c45f5.pdf,xuancheng_2025_budget_report.pdf,application/pdf,2026-02-06,city_year,1,1,1,CN-341800,2025,gov_fund_revenue_100m,accepted,B2官方附件精确披露；报告明确披露宣城市2025年全市政府性基金预算收入60.6亿元，执行口径，不使用市本级数。
SRC-B2-YAAN-CITY-FUND-2025,雅安市人民政府,B2,true,城市财政预算执行报告（官方网页）,https://www.yaan.gov.cn/xinwen/show/511f3181-a603-469c-b00c-dd2e2370f460.html,https://www.yaan.gov.cn/xinwen/show/511f3181-a603-469c-b00c-dd2e2370f460.html,yaan_2025_budget_report.html,text/html,2026-01-21,city_year,1,1,1,CN-511800,2025,gov_fund_revenue_100m,accepted,B2官方网页精确披露；报告明确披露雅安市2025年全市政府性基金预算收入379174万元，折算为37.92亿元，执行口径，不使用市级数。
SRC-A2-ZHENGZHOU-CITY-FUND-2025,郑州市财政局,A2,true,市级财政年度工作总结（财政执行指标）,https://public.zhengzhou.gov.cn/D08Y/9970746.jhtml,https://public.zhengzhou.gov.cn/D08Y/9970746.jhtml,zhengzhou_2025_budget_report.html,text/html,2026-03-27,city_year,1,1,1,CN-410100,2025,gov_fund_revenue_100m,accepted,A2官方市级财政机构网页；年度工作总结明确披露郑州市2025年全市政府性基金收入277.5亿元，作为全市执行数，不使用市本级数。
SRC-A1-CHENGDU-CITY-FUND-2025,成都市财政局,A1,true,市级财政政府性基金预算收入执行表,https://cdcz.chengdu.gov.cn/cdsczj/c116719/2026-02/05/03efb2ef86c1479fa24afefb45ed5053/files/81f829fadec94ce589c1d664520f9420.pdf,https://cdcz.chengdu.gov.cn/cdsczj/c116719/2026-02/05/03efb2ef86c1479fa24afefb45ed5053/files/81f829fadec94ce589c1d664520f9420.pdf,chengdu_2025_fund_execution.pdf,application/pdf,2026-02-05,city_year,1,1,1,CN-510100,2025,gov_fund_revenue_100m,accepted,A1成都市财政局官方执行情况表；表中全市政府性基金预算收入合计快报执行数为12804474万元，标记为execution，折算为亿元。
SRC-A2-BAOJI-CITY-FUND-2025,宝鸡市人民政府、宝鸡市统计局,A2,true,官方统计公报财政指标,https://www.baoji.gov.cn/sjgk/tjgb/tjgb/202606/t20260605_1275705.html,https://www.baoji.gov.cn/sjgk/tjgb/tjgb/202606/t20260605_1275705.html,baoji_2025_statistical_bulletin.html,text/html,2026-06-05,city_year,1,1,1,CN-610300,2025,gov_fund_revenue_100m,accepted,A2官方统计公报；公报注明财政数据来自宝鸡市财政局，披露2025年全市政府性基金收入29.84亿元。
SRC-A1-PINGDINGSHAN-CITY-FUND-2019-FINAL,平顶山市财政局,A1,true,城市财政决算报告（官方附件）,https://czj.pds.gov.cn/upload/files/2021/5/139573316.pdf,https://czj.pds.gov.cn/upload/files/2021/5/139573316.pdf,pingdingshan_2019_final_report.pdf,application/pdf,2021-05-01,city_year,1,1,1,CN-410400,2019,gov_fund_revenue_100m,accepted,A1市级财政官方决算草案说明；明确披露2019年全市政府性基金收入决算数1199326万元，使用全市汇总口径，不使用市本级数。
SRC-A2-KAIFENG-CITY-FUND-2019,开封市人民政府,A2,true,城市财政预算执行报告（官方附件）,https://www.kaifeng.gov.cn/kfsrmzfwz/kfsrmzf/1737386489263988736/Itk1u8Bh.pdf,https://www.kaifeng.gov.cn/kfsrmzfwz/kfsrmzf/1737386489263988736/Itk1u8Bh.pdf,kaifeng_2019_budget_report.pdf,application/pdf,2020-01-01,city_year,1,1,1,CN-410200,2019,gov_fund_revenue_100m,accepted,A2市级政府官方预算执行报告；明确披露2019年全市政府性基金收入实际完成189.3亿元，不使用市本级数。
SRC-A2-NANYANG-CITY-FUND-2019,南阳市财政局,A2,true,城市财政预算执行报告（官方网页）,https://caizj.nanyang.gov.cn/2020/06-09/98750.html,https://caizj.nanyang.gov.cn/2020/06-09/98750.html,nanyang_2019_budget_report.html,text/html,2020-06-09,city_year,1,1,1,CN-411300,2019,gov_fund_revenue_100m,accepted,A2市级财政官方网页；汇总各级人代会批准的2019年全市政府性基金预算收入，实际完成217.7亿元，不使用市本级数。
SRC-A2-SANMENXIA-CITY-FUND-2019,三门峡市人民政府,A2,true,城市财政预算执行报告（官方网页）,https://www.smx.gov.cn/28024/615965184/949651.html,https://www.smx.gov.cn/28024/615965184/949651.html,sanmenxia_2019_budget_report.html,text/html,2020-01-01,city_year,1,1,1,CN-411200,2019,gov_fund_revenue_100m,accepted,A2市级政府官方报告；汇总全市各级人代会批准的2019年政府性基金预算收入，完成387622万元，不使用市本级数。
SRC-A2-ZHOUKOU-CITY-FUND-2019,周口市人民政府,A2,true,城市财政预算执行报告（官方网页）,https://www.zhoukou.gov.cn/page_pc/zwgk/jcxxgk/czzj/zfczys/article838607100E1B479FAC8DB07A6617C7EF.html,https://www.zhoukou.gov.cn/page_pc/zwgk/jcxxgk/czzj/zfczys/article838607100E1B479FAC8DB07A6617C7EF.html,zhoukou_2019_budget_report.html,text/html,2020-01-01,city_year,1,1,1,CN-411600,2019,gov_fund_revenue_100m,accepted,A2市级政府官方报告；明确披露2019年各级人代会批准的全市政府性基金收入实际完成213.8亿元，不使用市级数。
SRC-A2-SANMENXIA-CITY-FUND-2018,三门峡市人民政府,A2,true,城市财政预算执行报告（官方网页）,https://www.smx.gov.cn/28060/615988512/962416.html,https://www.smx.gov.cn/28060/615988512/962416.html,sanmenxia_2018_budget_report.html,text/html,2019-01-01,city_year,1,1,1,CN-411200,2018,gov_fund_revenue_100m,accepted,A2市级政府官方报告；明确披露2018年全市政府性基金预算收入实际完成426173万元，不使用市级数。
SRC-A2-LVLIANG-CITY-FUND-2018,吕梁市人民政府,A2,true,城市财政预算执行报告（官方网页）,https://www.lvliang.gov.cn/llxxgk/zfxxgk/xxgkml/zjxx_21583/sjczyshsgjf/201903/t20190312_1214261.html,https://www.lvliang.gov.cn/llxxgk/zfxxgk/xxgkml/zjxx_21583/sjczyshsgjf/201903/t20190312_1214261.html,lvliang_2018_budget_report.html,text/html,2019-03-12,city_year,1,1,1,CN-141100,2018,gov_fund_revenue_100m,accepted,A2市级政府官方报告；明确披露2018年全市政府性基金收入完成222114万元，不使用市本级数。
SRC-A2-ZHUMADIAN-CITY-FUND-2018,驻马店市人民代表大会,A2,true,城市财政预算执行报告（官方网页）,https://www.zmdrd.gov.cn/2019/02-26/35873.html,https://www.zmdrd.gov.cn/2019/02-26/35873.html,zhumadian_2018_budget_report.html,text/html,2019-02-26,city_year,1,1,1,CN-411700,2018,gov_fund_revenue_100m,accepted,A2市级人大官方报告；汇总全市各级人代会批准的2018年政府性基金预算收入，实际完成184.7亿元，不使用市级数。
SRC-A1-SHIJIAZHUANG-CITY-FUND-2018,石家庄市人民政府,A1,true,城市财政预算执行表（官方附件）,https://www.sjz.gov.cn/atm/7/20190729172141947.pdf,https://www.sjz.gov.cn/atm/7/20190729172141947.pdf,shijiazhuang_2018_budget_report.pdf,application/pdf,2019-07-29,city_year,1,1,1,CN-130100,2018,gov_fund_revenue_100m,accepted,A1市级政府官方预算执行表；表3明确披露2018年全市政府性基金收入合计实际完成5608666万元，不使用市本级数。
SRC-A2-SANMING-CITY-FUND-2018,三明市人民政府,A2,true,城市财政预算执行报告（官方网页）,https://www.sm.gov.cn/zw/gzbg/czbg/201901/t20190123_1261305.htm,https://www.sm.gov.cn/zw/gzbg/czbg/201901/t20190123_1261305.htm,sanming_2018_budget_report.html,text/html,2019-01-23,city_year,1,1,1,CN-350400,2018,gov_fund_revenue_100m,accepted,A2市级政府官方报告；明确披露2018年全市政府性基金收入完成814239万元，不使用市本级数。
SRC-A2-SANMING-CITY-FUND-2019,三明市人民政府,A2,true,城市财政预算执行报告（官方网页）,https://www.sm.gov.cn/zw/gzbg/czbg/202001/t20200112_1464768.htm,https://www.sm.gov.cn/zw/gzbg/czbg/202001/t20200112_1464768.htm,sanming_2019_budget_report.html,text/html,2020-01-12,city_year,1,1,1,CN-350400,2019,gov_fund_revenue_100m,accepted,A2市级政府官方报告；明确披露2019年全市政府性基金预算收入完成900622万元，不使用市本级数。
SRC-A1-JIAOZUO-CITY-FUND-2025,焦作市财政局,A1,true,城市财政预算执行报告（官方PDF）,https://www.jiaozuo.gov.cn/2026/03-16/598258.html,https://www.jiaozuo.gov.cn/2026/03-16/598258.html,jiaozuo_2025_budget_report.pdf,application/pdf,2026-03-16,city_year,1,1,1,CN-410800,2025,gov_fund_revenue_100m,accepted,市财政局官方预算执行报告，明确全市口径；采用2025年政府性基金预算收入实际完成76.1亿元，报告注明为快报执行数，不冒充最终决算。
SRC-B2-ZHOUKOU-CITY-FUND-2025,周口市人民政府门户（周口日报转载）,B2,true,城市财政预算执行报告解读（官方网页）,https://www.zhoukou.gov.cn/page_pc/ztzl/2026nztzl/jj2026nzklh/gzbg/article12e095834093469191fce375af93bfaa.html,https://www.zhoukou.gov.cn/page_pc/ztzl/2026nztzl/jj2026nzklh/gzbg/article12e095834093469191fce375af93bfaa.html,zhoukou_2025_budget_report.html,text/html,2026-02-10,city_year,1,1,1,CN-411600,2025,gov_fund_revenue_100m,accepted,市政府门户公开的预算执行报告解读，明确全市口径；采用全市政府性基金预算收入完成87.9亿元，不使用市级数。
SRC-B2-XINXIANG-CITY-FUND-2025,新乡日报,B2,true,城市财政预算执行报告摘要（官方报纸网页）,https://rb.xxrb.com.cn/app_epaper/2026-02/09/content_9965061.html,https://rb.xxrb.com.cn/app_epaper/2026-02/09/content_9965061.html,xinxiang_2025_budget_report.html,text/html,2026-02-09,city_year,1,1,1,CN-410700,2025,gov_fund_revenue_100m,accepted,官方报纸公开的市财政局预算报告摘要，明确全市口径；采用实际完成38.6亿元，不使用市级2026年预算安排。
SRC-B2-KAIFENG-CITY-FUND-2025,中国货币网公开披露的评级报告,B2,true,评级报告财政指标表,https://www.chinamoney.com.cn/dqs/cm-s-notice-query/fileDownLoad.do?contentId=3365421&mode=save&priority=0,https://www.chinamoney.com.cn/dqs/cm-s-notice-query/fileDownLoad.do?contentId=3365421&mode=save&priority=0,kaifeng_2025_rating_report.pdf,application/pdf,2026-07-01,city_year,1,1,1,CN-410200,2025,gov_fund_revenue_100m,accepted,中国货币网公开的评级报告含2023—2025年开封市主要经济财政指标精确表格；表列示2025年政府性基金收入72.8亿元，明确为开封市全市口径。
SRC-B2-TANGSHAN-CITY-FUND-2025,唐山劳动日报（环渤海新闻网数字报）,B2,true,城市财政预算执行报告（官方报纸网页）,https://epaper.huanbohainews.com.cn/tsldrb/pad/content/202602/08/content_122246.html,https://epaper.huanbohainews.com.cn/tsldrb/pad/content/202602/08/content_122246.html,tangshan_2025_budget_report.html,text/html,2026-02-08,city_year,1,1,1,CN-130200,2025,gov_fund_revenue_100m,accepted,官方地方报纸数字版公开市财政局预算报告原文，明确全市口径；采用2025年政府性基金预算收入2996305万元，折算299.6305亿元，不使用市级数。
SRC-A2-FUSHUN-CITY-FUND-2025,抚顺市人民政府,A2,true,城市财政决算报告（官方网页）,https://www.fushun.gov.cn/zwgk/002008/002008003/002008003001/20260710/ad0056e5-6526-4452-8ea6-92cbfacafa87.html,https://www.fushun.gov.cn/zwgk/002008/002008003/002008003001/20260710/ad0056e5-6526-4452-8ea6-92cbfacafa87.html,fushun_2025_final_budget_report.html,text/html,2026-07-10,city_year,1,1,1,CN-210400,2025,gov_fund_revenue_100m,accepted,抚顺市政府官方财政决算报告，明确区分全市与市本级；采用2025年全市政府性基金收入5.6亿元，不使用市本级4.9亿元。
SRC-A2-FUXIN-CITY-FUND-2025,阜新市财政局,A2,true,城市财政决算报告（官方网页）,https://czj.fuxin.gov.cn/content/2026/1090313.html,https://czj.fuxin.gov.cn/content/2026/1090313.html,fuxin_2025_final_budget_report.html,text/html,2026-07-10,city_year,1,1,1,CN-210900,2025,gov_fund_revenue_100m,accepted,阜新市财政局官方财政决算报告，明确全市与市本级口径；采用2025年全市政府性基金预算收入4.22亿元，不使用市本级1.51亿元。
SRC-A2-PANJIN-CITY-FUND-2025,盘锦市人大信息网（盘锦市财政局报告）,A2,true,城市财政预算执行报告（官方网页）,https://www.pjrd.gov.cn/2026_01/09_14/content-549808.html,https://www.pjrd.gov.cn/2026_01/09_14/content-549808.html,panjin_2025_budget_execution_report.html,text/html,2026-01-09,city_year,1,1,1,CN-211100,2025,gov_fund_revenue_100m,accepted,盘锦市人大信息网公开盘锦市财政局提交的人代会预算执行报告，明确全市口径；采用2025年全市政府性基金预算收入16.1亿元，不使用市本级2.7亿元。
SRC-B2-LUZHOU-CITY-FUND-2025,上海证券交易所公开披露的联合资信评级报告,B2,true,评级报告财政指标表,https://static.sse.com.cn/disclosure/bond/announcement/company/c/new/2026-06-24/185565_20260624_YHTL.pdf,https://static.sse.com.cn/disclosure/bond/announcement/company/c/new/2026-06-24/185565_20260624_YHTL.pdf,luzhou_2025_rating_report.pdf,application/pdf,2026-06-24,city_year,1,1,1,CN-510500,2025,gov_fund_revenue_100m,accepted,上海证券交易所公开披露的联合资信跟踪评级报告，图表3列示泸州市主要财政指标；2025年政府性基金收入143.7亿元，表下注明根据《市本级决算和全市总决算情况的报告》和《2025年预算执行情况》整理，明确为泸州市全市口径。
SRC-A2-LUAN-CITY-FUND-2025,六安市财政局,A2,true,城市财政预算执行分析（官方网页）,https://czj.luan.gov.cn/public/6608251/10758829.html,https://czj.luan.gov.cn/public/6608251/10758829.html,luan_2025_budget_execution_analysis.html,text/html,2026-01-23,city_year,1,1,1,CN-341500,2025,gov_fund_revenue_100m,accepted,六安市财政局官方预算执行分析，明确为全市口径；采用2025年全市政府性基金预算收入41亿元，不使用市本级数。
SRC-A2-SHANWEI-CITY-FUND-2025,汕尾市财政局,A2,true,城市财政预算执行报告（官方网页）,https://www.shanwei.gov.cn/swczj/zhuanti/czyjshsgjf/czyjs/szfys/2026/content/post_1226558.html,https://www.shanwei.gov.cn/swczj/zhuanti/czyjshsgjf/czyjs/szfys/2026/content/post_1226558.html,shanwei_2025_budget_execution_report.html,text/html,2026,city_year,1,1,1,CN-441500,2025,gov_fund_revenue_100m,accepted,汕尾市财政局官方预算执行报告，明确区分全市与市级口径；采用2025年全市政府性基金预算收入31.4亿元，不使用市级18.5亿元。
SRC-A2-WEIHAI-CITY-FUND-2025,威海市财政局,A2,true,城市财政预算执行报告（官方 PDF）,https://czj.weihai.gov.cn/attach/0/a6f1476961ba475e85d092558b833a51.pdf,https://czj.weihai.gov.cn/attach/0/a6f1476961ba475e85d092558b833a51.pdf,weihai_2025_budget_execution_report.pdf,application/pdf,2026-01-14,city_year,1,1,1,CN-371000,2025,gov_fund_revenue_100m,accepted,威海市财政局官方预算执行报告，明确全市与市本级口径；采用2025年全市政府性基金预算收入2255185万元，折算225.5185亿元并按统一标准入库225.52亿元；报告说明该执行数据为初步汇总数，决算完成后可能变化，登记为execution。
SRC-B2-HANDAN-CITY-FUND-2025,联合资信评估股份有限公司（交易所公开披露）,B2,true,评级报告财政指标表,https://www.chinamoney.com.cn/dqs/cm-s-notice-query/fileDownLoad.do?contentId=3375478&mode=save&priority=0,https://www.chinamoney.com.cn/dqs/cm-s-notice-query/fileDownLoad.do?contentId=3375478&mode=save&priority=0,handan_2025_rating_report.pdf,application/pdf,2026-07-13,city_year,1,1,1,CN-130400,2025,gov_fund_revenue_100m,accepted,交易所公开披露的联合资信评级报告，图表2列示2023—2025年邯郸市主要财力指标；2025年政府性基金收入163.44亿元，表下注明根据《市本级决算和全市总决算情况的报告》和《2025年预算执行情况和2026年预算草案的报告》整理，明确为邯郸市全市口径。
SRC-B2-ANQING-CITY-FUND-2025,东方金诚国际信用评估有限公司（交易所公开披露）,B2,true,评级报告财政指标表,https://www.chinamoney.com.cn/dqs/cm-s-notice-query/fileDownLoad.do?contentId=3359176&mode=save&priority=0,https://www.chinamoney.com.cn/dqs/cm-s-notice-query/fileDownLoad.do?contentId=3359176&mode=save&priority=0,anqing_2025_rating_report.pdf,application/pdf,2026-06-15,city_year,1,1,1,CN-340800,2025,gov_fund_revenue_100m,accepted,交易所公开披露的东方金诚跟踪评级报告，图表15列示2023—2025年安庆市主要经济及财政指标；2025年政府性基金收入40.40亿元，报告注明依据《关于安庆市2025年预算执行情况和2026年预算草案的报告》等资料整理，明确为安庆市全市口径。
SRC-A2-EZHOU-CITY-FUND-2025,鄂州市财政局,A2,true,城市财政预算执行报告（官方 PDF）,https://www.ezhou.gov.cn/gk/xxgkml/czgk/zfyjs/202602/P020260331611182224746.pdf,https://www.ezhou.gov.cn/gk/xxgkml/czgk/zfyjs/202602/P020260331611182224746.pdf,ezhou_2025_budget_execution_report.pdf,application/pdf,2026-01-14,city_year,1,1,1,CN-420700,2025,gov_fund_revenue_100m,accepted,鄂州市财政局官方预算执行报告，明确区分全市与市本级口径；采用2025年全市政府性基金预算收入134.68亿元，不使用市本级74.02亿元。
SRC-B2-WEIFANG-CITY-FUND-2025,中证鹏元资信评估股份有限公司（交易所公开披露）,B2,true,评级报告财政指标表,https://www.chinamoney.com.cn/dqs/cm-s-notice-query/fileDownLoad.do?contentId=3356095&mode=open&priority=0,https://www.chinamoney.com.cn/dqs/cm-s-notice-query/fileDownLoad.do?contentId=3356095&mode=open&priority=0,shandong_2025_city_fiscal_rating_report.pdf,application/pdf,2026-06-11,city_year,1,1,1,CN-370700,2025,gov_fund_revenue_100m,accepted,交易所公开披露的中证鹏元跟踪评级报告，表1列示2025年山东省部分地级行政区经济财政指标；潍坊市政府性基金收入413.14亿元，明确为全市口径。
SRC-B2-ZIBO-CITY-FUND-2025,中证鹏元资信评估股份有限公司（交易所公开披露）,B2,true,评级报告财政指标表,https://www.chinamoney.com.cn/dqs/cm-s-notice-query/fileDownLoad.do?contentId=3356095&mode=open&priority=0,https://www.chinamoney.com.cn/dqs/cm-s-notice-query/fileDownLoad.do?contentId=3356095&mode=open&priority=0,shandong_2025_city_fiscal_rating_report.pdf,application/pdf,2026-06-11,city_year,1,1,1,CN-370300,2025,gov_fund_revenue_100m,accepted,交易所公开披露的中证鹏元跟踪评级报告，表1列示2025年山东省部分地级行政区经济财政指标；淄博市政府性基金收入238.07亿元，明确为全市口径。
SRC-B2-TAIAN-CITY-FUND-2025,中证鹏元资信评估股份有限公司（交易所公开披露）,B2,true,评级报告财政指标表,https://www.chinamoney.com.cn/dqs/cm-s-notice-query/fileDownLoad.do?contentId=3356095&mode=open&priority=0,https://www.chinamoney.com.cn/dqs/cm-s-notice-query/fileDownLoad.do?contentId=3356095&mode=open&priority=0,shandong_2025_city_fiscal_rating_report.pdf,application/pdf,2026-06-11,unclassified,0,0,0,,,,registered_no_selected_value,交易所公开披露的中证鹏元跟踪评级报告，表1列示2025年山东省部分地级行政区经济财政指标；泰安市政府性基金收入130.77亿元，明确为全市口径。
SRC-B2-BINZHOU-CITY-FUND-2025,中证鹏元资信评估股份有限公司（交易所公开披露）,B2,true,评级报告财政指标表,https://www.chinamoney.com.cn/dqs/cm-s-notice-query/fileDownLoad.do?contentId=3356095&mode=open&priority=0,https://www.chinamoney.com.cn/dqs/cm-s-notice-query/fileDownLoad.do?contentId=3356095&mode=open&priority=0,shandong_2025_city_fiscal_rating_report.pdf,application/pdf,2026-06-11,city_year,1,1,1,CN-371600,2025,gov_fund_revenue_100m,accepted,交易所公开披露的中证鹏元跟踪评级报告，表1列示2025年山东省部分地级行政区经济财政指标；滨州市政府性基金收入156.32亿元，明确为全市口径。
SRC-B2-RIZHAO-CITY-FUND-2025,中证鹏元资信评估股份有限公司（交易所公开披露）,B2,true,评级报告财政指标表,https://www.chinamoney.com.cn/dqs/cm-s-notice-query/fileDownLoad.do?contentId=3356095&mode=open&priority=0,https://www.chinamoney.com.cn/dqs/cm-s-notice-query/fileDownLoad.do?contentId=3356095&mode=open&priority=0,shandong_2025_city_fiscal_rating_report.pdf,application/pdf,2026-06-11,city_year,1,1,1,CN-371100,2025,gov_fund_revenue_100m,accepted,交易所公开披露的中证鹏元跟踪评级报告，表1列示2025年山东省部分地级行政区经济财政指标；日照市政府性基金收入179.29亿元，明确为全市口径。
SRC-B2-ZAOZHUANG-CITY-FUND-2025,中证鹏元资信评估股份有限公司（交易所公开披露）,B2,true,评级报告财政指标表,https://www.chinamoney.com.cn/dqs/cm-s-notice-query/fileDownLoad.do?contentId=3356095&mode=open&priority=0,https://www.chinamoney.com.cn/dqs/cm-s-notice-query/fileDownLoad.do?contentId=3356095&mode=open&priority=0,shandong_2025_city_fiscal_rating_report.pdf,application/pdf,2026-06-11,city_year,1,1,1,CN-370400,2025,gov_fund_revenue_100m,accepted,交易所公开披露的中证鹏元跟踪评级报告，表1列示2025年山东省部分地级行政区经济财政指标；枣庄市政府性基金收入287.24亿元，明确为全市口径。
SRC-A2-SANYA-CITY-FUND-2025,三亚市财政局（市人大公开页面）,A2,true,城市财政预算执行报告（官方网页）,https://rd.sanya.gov.cn/rdsite/c100028d/202602/9f39ba4d9a0e4eb9b30023b5da21915f.shtml,https://rd.sanya.gov.cn/rdsite/c100028d/202602/9f39ba4d9a0e4eb9b30023b5da21915f.shtml,sanya_2025_budget_execution_report.html,text/html,2026-01-26,city_year,1,1,1,CN-460200,2025,gov_fund_revenue_100m,accepted,三亚市人大公开的市财政局预算执行报告，明确全市与市本级口径；采用2025年全市地方政府性基金预算收入138.7亿元。
SRC-A2-YUXI-CITY-FUND-2025,玉溪市财政局,A2,true,城市财政预算执行报告（官方网页）,https://www.yuxi.gov.cn/yxszfxxgk/zfysgkyxsczj/20260211/1648874.html,https://www.yuxi.gov.cn/yxszfxxgk/zfysgkyxsczj/20260211/1648874.html,yuxi_2025_budget_execution_report.html,text/html,2026-02-11,city_year,1,1,1,CN-530400,2025,gov_fund_revenue_100m,accepted,玉溪市财政局官方预算执行报告，明确区分全市与市本级口径；采用2025年全市政府性基金预算收入27.05亿元，保留执行状态。
SRC-A2-QUJING-CITY-FUND-2025,曲靖市财政局,A2,true,城市财政预算执行报告（官方网页）,https://czj.qj.gov.cn/gov/info/detail/21933.html,https://czj.qj.gov.cn/gov/info/detail/21933.html,qujing_2025_budget_execution_report.html,text/html,2026-03-19,city_year,1,1,1,CN-530300,2025,gov_fund_revenue_100m,accepted,曲靖市财政局官方预算公开页面及报告，明确区分全市与市级口径；采用2025年全市政府性基金预算收入37.8亿元，保留执行状态。
SRC-PROVINCE-FUND-XINJIANG-2024,新疆维吾尔自治区财政厅,A1,true,官方省级财政分地区政府性基金预算执行表,https://czt.xinjiang.gov.cn/xjczt/c115511/202501/4a78ff1bea3045eeba621d2d1d7db349/files/02-2024%E5%B9%B4%E8%87%AA%E6%B2%BB%E5%8C%BA%E9%A2%84%E7%AE%97%E6%89%A7%E8%A1%8C%E6%83%85%E5%86%B5%E5%92%8C2025%E5%B9%B4%E8%87%AA%E6%B2%BB%E5%8C%BA%E9%A2%84%E7%AE%97%EF%BC%88%E5%9B%9B%E6%9C%AC%E9%A2%84%E7%AE%97%EF%BC%89.pdf,https://czt.xinjiang.gov.cn/xjczt/c115511/202501/4a78ff1bea3045eeba621d2d1d7db349/files/02-2024%E5%B9%B4%E8%87%AA%E6%B2%BB%E5%8C%BA%E9%A2%84%E7%AE%97%E6%89%A7%E8%A1%8C%E6%83%85%E5%86%B5%E5%92%8C2025%E5%B9%B4%E8%87%AA%E6%B2%BB%E5%8C%BA%E9%A2%84%E7%AE%97%EF%BC%88%E5%9B%9B%E6%9C%AC%E9%A2%84%E7%AE%97%EF%BC%89.pdf,xinjiang_2024_budget_report.pdf,application/pdf,2025-01-01,multicity_batch,14,1,14,CN-650100;CN-650200;CN-650400;CN-650500;CN-652300;CN-652700;CN-652800;CN-652900;CN-653000;CN-653100;CN-653200;CN-654000;CN-654200;CN-654300,2024,gov_fund_revenue_100m,accepted,新疆维吾尔自治区财政厅官方分地区政府性基金预算收入完成表；采用各地州全域完成数，原始单位万元，统一换算为亿元；自治区本级和全区合计行未写入地级行政单元。
SRC-PROVINCE-DEBT-HUNAN-2018,湖南省财政厅,A1,true,地方政府债务限额及余额公开表,https://czt.hunan.gov.cn/czt/ztzl/hnczysgk/ysjsbg/201908/9459753/files/25b0151514cc414bbcfeb586698f414e.pdf,https://czt.hunan.gov.cn/czt/ztzl/hnczysgk/ysjsbg/201908/9459753/files/25b0151514cc414bbcfeb586698f414e.pdf,hunan_2018.txt,text/plain,2019-08-02,unclassified,0,0,0,,,,registered_no_selected_value,官方决算附件表13和表20分别披露一般债务、专项债务余额；本地仅转录14个地级市（州）合计行，余额合计按两项余额相加，未转录省本级、县区行和市县小计。
SRC-PROVINCE-DEBT-HUNAN-2024,湖南省财政厅,A1,true,地方政府债务限额及余额公开表,https://czt.hunan.gov.cn/czt/dzqzfwz/202512/33884381/files/9dd1e8db94fc4293bad7bfb09ee5c904.pdf,https://czt.hunan.gov.cn/czt/dzqzfwz/202512/33884381/files/9dd1e8db94fc4293bad7bfb09ee5c904.pdf,hunan_detailed_2024.pdf,application/pdf,2025-12-01,unclassified,0,0,0,,,,registered_no_selected_value,按地级行政单元逐行读取官方 PDF、XLSX 或其归档文本中的全域政府债务限额与余额；省本级、市本级、区县和小计行不并入地级市。
SRC-PROVINCE-DEBT-SHANDONG-2024,山东省财政厅,A1,true,地方政府债务限额及余额公开表,http://czt.shandong.gov.cn/module/download/downfile.jsp?classid=0&filename=bf2c87edaf8b4676821e50cb07434df3.pdf,http://czt.shandong.gov.cn/module/download/downfile.jsp?classid=0&filename=bf2c87edaf8b4676821e50cb07434df3.pdf,shandong_detailed_2024.pdf,application/pdf,2025-09-01,unclassified,0,0,0,,,,registered_no_selected_value,按地级行政单元逐行读取官方 PDF、XLSX 或其归档文本中的全域政府债务限额与余额；省本级、市本级、区县和小计行不并入地级市。
SRC-PROVINCE-DEBT-FUJIAN-2024,福建省财政厅,A1,true,地方政府债务限额及余额公开表,https://czt.fujian.gov.cn/zwgk/tjsj/yjsbg/202508/P020250815565139557147.pdf,https://czt.fujian.gov.cn/zwgk/tjsj/yjsbg/202508/P020250815565139557147.pdf,fujian_2024.pdf,application/pdf,2025-08-15,unclassified,0,0,0,,,,registered_no_selected_value,按地级行政单元逐行读取官方 PDF、XLSX 或其归档文本中的全域政府债务限额与余额；省本级、市本级、区县和小计行不并入地级市。
SRC-PROVINCE-DEBT-JILIN-2024,吉林省财政厅,A1,true,地方政府债务限额及余额公开表,https://czt.jl.gov.cn/yjs/zfyjs/zfysjtz/2025/202502/P020250206507312092537.pdf,https://czt.jl.gov.cn/yjs/zfyjs/zfysjtz/2025/202502/P020250206507312092537.pdf,jilin_2024.pdf,application/pdf,2025-02-06,unclassified,0,0,0,,,,registered_no_selected_value,按地级行政单元逐行读取官方 PDF、XLSX 或其归档文本中的全域政府债务限额与余额；省本级、市本级、区县和小计行不并入地级市。
SRC-PROVINCE-DEBT-LIAONING-2024,辽宁省财政厅,A1,true,地方政府债务限额及余额公开表,https://czt.ln.gov.cn/eportal/attachDir/czt/2025/01/2025012615294241406.pdf,https://czt.ln.gov.cn/eportal/attachDir/czt/2025/01/2025012615294241406.pdf,liaoning_2024.pdf,application/pdf,2025-01-26,unclassified,0,0,0,,,,registered_no_selected_value,按地级行政单元逐行读取官方 PDF、XLSX 或其归档文本中的全域政府债务限额与余额；省本级、市本级、区县和小计行不并入地级市。
SRC-PROVINCE-DEBT-HENAN-2024,河南省财政厅,A1,true,地方政府债务限额及余额公开表,https://xcoss.henan.gov.cn/typtfile/20250812/3c2e848ac1104ecea392918335273fae.pdf,https://xcoss.henan.gov.cn/typtfile/20250812/3c2e848ac1104ecea392918335273fae.pdf,henan_2024.pdf,application/pdf,2025-08-12,unclassified,0,0,0,,,,registered_no_selected_value,按地级行政单元逐行读取官方 PDF、XLSX 或其归档文本中的全域政府债务限额与余额；省本级、市本级、区县和小计行不并入地级市。
SRC-PROVINCE-DEBT-QINGHAI-2024,青海省财政厅,A1,true,地方政府债务限额及余额公开表,https://czt.qinghai.gov.cn/static/media/20250211/20250211025828_829.pdf,https://czt.qinghai.gov.cn/static/media/20250211/20250211025828_829.pdf,qinghai_2024.pdf,application/pdf,2025-02-11,unclassified,0,0,0,,,,registered_no_selected_value,按地级行政单元逐行读取官方 PDF、XLSX 或其归档文本中的全域政府债务限额与余额；省本级、市本级、区县和小计行不并入地级市。
SRC-PROVINCE-DEBT-QINGHAI-2025,青海省财政厅,A1,true,地方政府债务限额及余额公开表,https://czt.qinghai.gov.cn/static/media/20260202/20260202085950_708.pdf,https://czt.qinghai.gov.cn/static/media/20260202/20260202085950_708.pdf,qinghai_2025.txt,text/plain,2026-02-02,unclassified,0,0,0,,,,registered_no_selected_value,依据青海省财政厅官方《2025年青海省地方政府债务情况表（预算执行）》分地区表摘录；余额为2025年债务余额预算执行数，不将区县本级行并入地级行政单元。
SRC-PROVINCE-DEBT-QINGHAI-2019,青海省财政厅,A1,true,地方政府债务限额及余额公开表,https://czt.qinghai.gov.cn/Uploads/file/2021/5/2019%E5%B9%B4%E5%9C%B0%E6%96%B9%E6%94%BF%E5%BA%9C%E5%80%BA%E5%8A%A1%E6%83%85%E5%86%B5%E8%A1%A8%EF%BC%88%E9%A2%84%E7%AE%97%EF%BC%89.pdf,https://czt.qinghai.gov.cn/Uploads/file/2021/5/2019%E5%B9%B4%E5%9C%B0%E6%96%B9%E6%94%BF%E5%BA%9C%E5%80%BA%E5%8A%A1%E6%83%85%E5%86%B5%E8%A1%A8%EF%BC%88%E9%A2%84%E7%AE%97%EF%BC%89.pdf,qinghai_2019.txt,text/plain,2021-05-01,unclassified,0,0,0,,,,registered_no_selected_value,依据青海省财政厅官方 PDF 的分地区表摘录；余额列为2019年债务余额预计执行数，保留官方预算公开口径，不将区县行并入地级行政单元。
SRC-PROVINCE-DEBT-QINGHAI-2018,青海省财政厅,A1,true,地方政府债务限额及余额公开表,https://czt.qinghai.gov.cn/Uploads/file/2019/8/%E9%9D%92%E6%B5%B7%E7%9C%812018%E5%B9%B4%E5%9C%B0%E6%96%B9%E6%94%BF%E5%BA%9C%E5%80%BA%E5%8A%A1%E9%99%90%E9%A2%9D%E5%8F%8A%E4%BD%99%E9%A2%9D%E5%86%B3%E7%AE%97%E6%83%85%E5%86%B5%E8%A1%A8.pdf,https://czt.qinghai.gov.cn/Uploads/file/2019/8/%E9%9D%92%E6%B5%B7%E7%9C%812018%E5%B9%B4%E5%9C%B0%E6%96%B9%E6%94%BF%E5%BA%9C%E5%80%BA%E5%8A%A1%E9%99%90%E9%A2%9D%E5%8F%8A%E4%BD%99%E9%A2%9D%E5%86%B3%E7%AE%97%E6%83%85%E5%86%B5%E8%A1%A8.pdf,qinghai_2018.txt,text/plain,2019-08-14,unclassified,0,0,0,,,,registered_no_selected_value,依据青海省财政厅官方决算表分地区表摘录；余额为2018年债务余额决算数，不将区县行并入地级行政单元。
SRC-PROVINCE-DEBT-QINGHAI-2020,青海省财政厅,A1,true,地方政府债务限额及余额公开表,https://czt.qinghai.gov.cn/static/media/20230523033328_993.pdf,https://czt.qinghai.gov.cn/static/media/20230523033328_993.pdf,qinghai_2020.txt,text/plain,2023-05-23,unclassified,0,0,0,,,,registered_no_selected_value,依据青海省财政厅官方《2020年地方政府债务情况表（预算）》分地区表摘录；余额列为2020年债务余额预计执行数，不将区县行并入地级行政单元。
SRC-PROVINCE-DEBT-QINGHAI-2021,青海省财政厅,A1,true,地方政府债务限额及余额公开表,https://czt.qinghai.gov.cn/static/media/20220810073553_549.pdf,https://czt.qinghai.gov.cn/static/media/20220810073553_549.pdf,qinghai_2021.txt,text/plain,2022-08-10,unclassified,0,0,0,,,,registered_no_selected_value,依据青海省财政厅官方决算表分地区表摘录；余额为2021年债务余额决算数，不将区县行并入地级行政单元。
SRC-PROVINCE-DEBT-QINGHAI-2022,青海省财政厅,A1,true,地方政府债务限额及余额公开表,https://czt.qinghai.gov.cn/static/media/20230201022736_767.pdf,https://czt.qinghai.gov.cn/static/media/20230201022736_767.pdf,qinghai_2022.txt,text/plain,2023-02-01,unclassified,0,0,0,,,,registered_no_selected_value,依据青海省财政厅官方预算表分地区表摘录；余额列为2022年债务余额预计执行数，不将区县行并入地级行政单元。
SRC-PROVINCE-DEBT-HENAN-2025,河南省财政厅,A1,true,地方政府债务限额及余额公开表,https://xcoss.henan.gov.cn/typtfile/20260206/af8a62949574472bb416497a2e338304.pdf,https://xcoss.henan.gov.cn/typtfile/20260206/af8a62949574472bb416497a2e338304.pdf,henan_2025_detailed.pdf,application/pdf,2026-02-06,unclassified,0,0,0,,,,registered_no_selected_value,按地级行政单元逐行读取官方 PDF、XLSX 或其归档文本中的全域政府债务限额与余额；省本级、市本级、区县和小计行不并入地级市。
SRC-PROVINCE-DEBT-LIAONING-2025,辽宁省财政厅,A1,true,地方政府债务限额及余额公开表,https://czt.ln.gov.cn/czt/zwgkzdgz/czyjs/czyjsbg/2026050609303952396/index.shtml,https://czt.ln.gov.cn/czt/zwgkzdgz/czyjs/czyjsbg/2026050609303952396/index.shtml,liaoning_2025.txt,text/plain,2026-05-06,unclassified,0,0,0,,,,registered_no_selected_value,按地级行政单元逐行读取官方 PDF、XLSX 或其归档文本中的全域政府债务限额与余额；省本级、市本级、区县和小计行不并入地级市。
SRC-PROVINCE-DEBT-SHANDONG-2025,山东省财政厅,A1,true,地方政府债务限额及余额公开表,http://www.sd.gov.cn/module/download/downfile.jsp?classid=0&filename=375c15b2d1344f0ab41a7ed79b89aa74.pdf,http://www.sd.gov.cn/module/download/downfile.jsp?classid=0&filename=375c15b2d1344f0ab41a7ed79b89aa74.pdf,shandong_2025_detailed.pdf,application/pdf,2026-02-08,unclassified,0,0,0,,,,registered_no_selected_value,按地级行政单元逐行读取官方 PDF、XLSX 或其归档文本中的全域政府债务限额与余额；省本级、市本级、区县和小计行不并入地级市。
SRC-PROVINCE-DEBT-GUIZHOU-2025,贵州省财政厅,A1,true,地方政府债务限额及余额公开表,https://czt.guizhou.gov.cn/zwgk/zdlyxx/czys/202602/P020260214542445283377.pdf,https://czt.guizhou.gov.cn/zwgk/zdlyxx/czys/202602/P020260214542445283377.pdf,guizhou_2025_detailed.txt,text/plain,2026-02-14,unclassified,0,0,0,,,,registered_no_selected_value,按地级行政单元逐行读取官方 PDF、XLSX 或其归档文本中的全域政府债务限额与余额；省本级、市本级、区县和小计行不并入地级市。
SRC-PROVINCE-DEBT-HEILONGJIANG-2025,黑龙江省财政厅,A1,true,地方政府债务限额及余额公开表,https://www.hlj.gov.cn/hlj/c110008/202602/31913858/files/%E9%99%84%E4%BB%B65%202026%E5%B9%B4%E7%9C%81%E6%9C%AC%E7%BA%A7%E9%A2%84%E7%AE%97%E5%85%AC%E5%BC%80%E8%A1%A8.pdf,https://www.hlj.gov.cn/hlj/c110008/202602/31913858/files/%E9%99%84%E4%BB%B65%202026%E5%B9%B4%E7%9C%81%E6%9C%AC%E7%BA%A7%E9%A2%84%E7%AE%97%E5%85%AC%E5%BC%80%E8%A1%A8.pdf,heilongjiang_2025.pdf,application/pdf,2026-02-05,unclassified,0,0,0,,,,registered_no_selected_value,黑龙江省财政厅官方省本级预算公开附件第62页按市地列示政府债务限额及余额，原表单位为万元，按 0.0001 转换为亿元；仅采集地级行政单元，不采集省本级和市县合计行。
SRC-PROVINCE-DEBT-NINGXIA-2024,宁夏回族自治区财政厅,A1,true,地方政府债务限额及余额公开表,https://czt.nx.gov.cn/zwgk/zfxxgkml/zfyjs/202508/W020250820318139540929.pdf,https://czt.nx.gov.cn/zwgk/zfxxgkml/zfyjs/202508/W020250820318139540929.pdf,ningxia_2024.pdf,application/pdf,2025-08-20,unclassified,0,0,0,,,,registered_no_selected_value,按地级行政单元逐行读取官方 PDF、XLSX 或其归档文本中的全域政府债务限额与余额；省本级、市本级、区县和小计行不并入地级市。
SRC-PROVINCE-DEBT-GUANGDONG-2024,广东省财政厅,A1,true,地方政府债务限额及余额公开表,https://www.gov.cn/zhengce/zhengceku/2025-08/20/content_7035582.htm,https://www.gd.gov.cn/attachment/0/589/589351/4760613.pdf,guangdong_2024.pdf,application/pdf,2025-08-20,unclassified,0,0,0,,,,registered_no_selected_value,按地级行政单元逐行读取官方 PDF、XLSX 或其归档文本中的全域政府债务限额与余额；省本级、市本级、区县和小计行不并入地级市。
SRC-PROVINCE-DEBT-GUIZHOU-2024,贵州省财政厅,A1,true,地方政府债务限额及余额公开表,https://czt.guizhou.gov.cn/zwgk/zdlyxx/czys/202502/P020250210598356068301.pdf,https://czt.guizhou.gov.cn/zwgk/zdlyxx/czys/202502/P020250210598356068301.pdf,guizhou_2024.txt,text/plain,2025-02-10,unclassified,0,0,0,,,,registered_no_selected_value,按地级行政单元逐行读取官方 PDF、XLSX 或其归档文本中的全域政府债务限额与余额；省本级、市本级、区县和小计行不并入地级市。
SRC-PROVINCE-DEBT-JIANGSU-2024,江苏省财政厅,A1,true,地方政府债务限额及余额公开表,https://czt.jiangsu.gov.cn/attach/-1/2504291825052954904.pdf,https://czt.jiangsu.gov.cn/attach/-1/2504291825052954904.pdf,jiangsu_2024.pdf,application/pdf,2025-04-29,unclassified,0,0,0,,,,registered_no_selected_value,按地级行政单元逐行读取官方 PDF、XLSX 或其归档文本中的全域政府债务限额与余额；省本级、市本级、区县和小计行不并入地级市。
SRC-PROVINCE-DEBT-SICHUAN-2024,四川省财政厅,A1,true,地方政府债务限额及余额公开表,https://czt.sc.gov.cn/scczt/c102361/2025/2/12/a75ec75444d249629db82cc42c5829b2/files/4.%E5%9C%B0%E6%96%B9%E6%94%BF%E5%BA%9C%E5%80%BA%E5%8A%A1%E6%83%85%E5%86%B5.pdf,https://czt.sc.gov.cn/scczt/c102361/2025/2/12/a75ec75444d249629db82cc42c5829b2/files/4.%E5%9C%B0%E6%96%B9%E6%94%BF%E5%BA%9C%E5%80%BA%E5%8A%A1%E6%83%85%E5%86%B5.pdf,sichuan_2024.txt,text/plain,2025-02-12,unclassified,0,0,0,,,,registered_no_selected_value,按地级行政单元逐行读取官方 PDF、XLSX 或其归档文本中的全域政府债务限额与余额；省本级、市本级、区县和小计行不并入地级市。
SRC-PROVINCE-DEBT-SICHUAN-2021,四川省财政厅,A1,true,地方政府债务限额及余额公开表,https://czt.sc.gov.cn/scczt/c102371/2021/2/9/f0c5f5e7f83a4a4ea84149b93cf7dcd4/files/96b3bf335a4246bea532d157aa482651.pdf,https://czt.sc.gov.cn/scczt/c102371/2021/2/9/f0c5f5e7f83a4a4ea84149b93cf7dcd4/files/96b3bf335a4246bea532d157aa482651.pdf,sichuan_2021.pdf,application/pdf,2022-02-09,unclassified,0,0,0,,,,registered_no_selected_value,原始表为四川省财政厅公开附件；本地文本为官方附件网页索引中的逐行转录，待附件下载链路恢复后以原始 PDF 替换。
SRC-PROVINCE-DEBT-ZHEJIANG-GENERAL-2024,浙江省财政厅,A1,true,地方政府债务限额及余额公开表,https://zjjcmspublic.oss-cn-hangzhou-zwynet-d01-a.internet.cloud.zj.gov.cn/jcms_files/jcms1/web1791/site/attach/0/85bc49d5313043b48bdf036eb1b11116.pdf,https://zjjcmspublic.oss-cn-hangzhou-zwynet-d01-a.internet.cloud.zj.gov.cn/jcms_files/jcms1/web1791/site/attach/0/85bc49d5313043b48bdf036eb1b11116.pdf,zhejiang_2024_general.txt,text/plain,2025-08-01,unclassified,0,0,0,,,,registered_no_selected_value,按地级行政单元逐行读取官方 PDF、XLSX 或其归档文本中的全域政府债务限额与余额；省本级、市本级、区县和小计行不并入地级市。
SRC-PROVINCE-DEBT-ZHEJIANG-SPECIAL-2024,浙江省财政厅,A1,true,地方政府债务限额及余额公开表,https://zjjcmspublic.oss-cn-hangzhou-zwynet-d01-a.internet.cloud.zj.gov.cn/jcms_files/jcms1/web1791/site/attach/0/8f16ab3fdd1b4843831fa2b1a6176568.pdf,https://zjjcmspublic.oss-cn-hangzhou-zwynet-d01-a.internet.cloud.zj.gov.cn/jcms_files/jcms1/web1791/site/attach/0/8f16ab3fdd1b4843831fa2b1a6176568.pdf,zhejiang_2024_special.txt,text/plain,2025-08-01,unclassified,0,0,0,,,,registered_no_selected_value,按地级行政单元逐行读取官方 PDF、XLSX 或其归档文本中的全域政府债务限额与余额；省本级、市本级、区县和小计行不并入地级市。
SRC-PROVINCE-DEBT-HUNAN-2023,湖南省财政厅,A1,true,地方政府债务限额及余额公开表,https://czt.hunan.gov.cn/czt/dzqzfwz/202410/33481314/files/92b5d1216cd14a36956345d42bf9f012.pdf,https://czt.hunan.gov.cn/czt/dzqzfwz/202410/33481314/files/92b5d1216cd14a36956345d42bf9f012.pdf,hunan_2023.pdf,application/pdf,2024-10-21,unclassified,0,0,0,,,,registered_no_selected_value,按地级行政单元逐行读取官方 PDF、XLSX 或其归档文本中的全域政府债务限额与余额；省本级、市本级、区县和小计行不并入地级市。
SRC-PROVINCE-DEBT-SHANDONG-2023,山东省财政厅,A1,true,地方政府债务限额及余额公开表,http://czt.shandong.gov.cn/module/download/downfile.jsp?classid=0&filename=c5dc2f630ca24cf2b17b4487ec892f4d.pdf,http://czt.shandong.gov.cn/module/download/downfile.jsp?classid=0&filename=c5dc2f630ca24cf2b17b4487ec892f4d.pdf,shandong_2023.pdf,application/pdf,2024-09-01,unclassified,0,0,0,,,,registered_no_selected_value,按地级行政单元逐行读取官方 PDF、XLSX 或其归档文本中的全域政府债务限额与余额；省本级、市本级、区县和小计行不并入地级市。
SRC-PROVINCE-DEBT-JILIN-2023,吉林省财政厅,A1,true,地方政府债务限额及余额公开表,https://czt.jl.gov.cn/yjs/zfyjs/zfjsjzx/2023/202408/P020240827567361297844.pdf,https://czt.jl.gov.cn/yjs/zfyjs/zfjsjzx/2023/202408/P020240827567361297844.pdf,jilin_2023.pdf,application/pdf,2024-08-27,unclassified,0,0,0,,,,registered_no_selected_value,按地级行政单元逐行读取官方 PDF、XLSX 或其归档文本中的全域政府债务限额与余额；省本级、市本级、区县和小计行不并入地级市。
SRC-PROVINCE-DEBT-QINGHAI-2023,青海省财政厅,A1,true,地方政府债务限额及余额公开表,https://czt.qinghai.gov.cn/static/media/20240201032640_356.pdf,https://czt.qinghai.gov.cn/static/media/20240201032640_356.pdf,qinghai_2023.pdf,application/pdf,2024-02-01,unclassified,0,0,0,,,,registered_no_selected_value,按地级行政单元逐行读取官方 PDF、XLSX 或其归档文本中的全域政府债务限额与余额；省本级、市本级、区县和小计行不并入地级市。
SRC-PROVINCE-DEBT-NINGXIA-2022,宁夏回族自治区财政厅,A1,true,地方政府债务限额及余额公开表,https://czt.nx.gov.cn/zwgk/zfxxgkml/yjsgk/czjs/202308/P020230818678771536776.pdf,https://czt.nx.gov.cn/zwgk/zfxxgkml/yjsgk/czjs/202308/P020230818678771536776.pdf,ningxia_2022.pdf,application/pdf,2023-08-18,unclassified,0,0,0,,,,registered_no_selected_value,官方决算附件第113页列示五个地级市及其县区行；本地仅转录五个地级市行，排除市县合计、自治区本级、县区和宁东行；原表单位为万元，按 0.0001 换算为亿元。
SRC-PROVINCE-DEBT-NINGXIA-2023,宁夏回族自治区财政厅,A1,true,地方政府债务限额及余额公开表,https://czt.nx.gov.cn/zwgk/zfxxgkml/yjsgk/czjs/202408/P020240816613295445718.pdf,https://czt.nx.gov.cn/zwgk/zfxxgkml/yjsgk/czjs/202408/P020240816613295445718.pdf,ningxia_2023.pdf,application/pdf,2024-08-16,unclassified,0,0,0,,,,registered_no_selected_value,按地级行政单元逐行读取官方 PDF、XLSX 或其归档文本中的全域政府债务限额与余额；省本级、市本级、区县和小计行不并入地级市。
SRC-PROVINCE-DEBT-XINJIANG-2024,新疆维吾尔自治区财政厅,A1,true,地方政府债务限额及余额公开表,https://czt.xinjiang.gov.cn/xjczt/c115511/202501/4a78ff1bea3045eeba621d2d1d7db349/files/02-2024%E5%B9%B4%E8%87%AA%E6%B2%BB%E5%8C%BA%E9%A2%84%E7%AE%97%E6%89%A7%E8%A1%8C%E6%83%85%E5%86%B5%E5%92%8C2025%E5%B9%B4%E8%87%AA%E6%B2%BB%E5%8C%BA%E9%A2%84%E7%AE%97%EF%BC%88%E5%9B%9B%E6%9C%AC%E9%A2%84%E7%AE%97%EF%BC%89.pdf,https://czt.xinjiang.gov.cn/xjczt/c115511/202501/4a78ff1bea3045eeba621d2d1d7db349/files/02-2024%E5%B9%B4%E8%87%AA%E6%B2%BB%E5%8C%BA%E9%A2%84%E7%AE%97%E6%89%A7%E8%A1%8C%E6%83%85%E5%86%B5%E5%92%8C2025%E5%B9%B4%E8%87%AA%E6%B2%BB%E5%8C%BA%E9%A2%84%E7%AE%97%EF%BC%88%E5%9B%9B%E6%9C%AC%E9%A2%84%E7%AE%97%EF%BC%89.pdf,xinjiang_2024_budget_report.pdf,application/pdf,2025-01-01,unclassified,0,0,0,,,,registered_no_selected_value,新疆维吾尔自治区财政厅官方分地州专项债务限额、余额表；原始单位万元，按0.0001换算为亿元；仅接入地级行政单元，不接入自治区本级和合计行。吐鲁番市原表余额2130800万元高于限额1963500万元，保留原值并标记勾稽异常。
SRC-PROVINCE-DEBT-JILIN-2018,吉林省财政厅,A1,true,地方政府债务限额及余额公开表,https://czt.jl.gov.cn/yjs/zfyjs/zfjsjzx/2018/202106/P020220709649374930980.pdf,https://czt.jl.gov.cn/yjs/zfyjs/zfjsjzx/2018/202106/P020220709649374930980.pdf,jilin_2018.pdf,application/pdf,2021-06-03,unclassified,0,0,0,,,,registered_no_selected_value,按地级行政单元逐行读取官方 PDF、XLSX 或其归档文本中的全域政府债务限额与余额；省本级、市本级、区县和小计行不并入地级市。
SRC-OFFICIAL-DEBT-HUBEI-WUHAN-2019,武汉市财政局,A1,true,地方政府债务限额及余额公开表,https://czj.wuhan.gov.cn/FBJD/XXGKML/CZGK/CZYJS/202005/t20200508_1245686.html,https://czj.wuhan.gov.cn/FBJD/XXGKML/CZGK/CZYJS/202005/t20200508_1245686.html,hubei_wuhan_2019.txt,text/plain,2020-01-20,unclassified,0,0,0,,,,registered_no_selected_value,官方预算公开说明明确披露2019年全市限额及年末余额，采用全市口径，不使用市本级或区级行。
SRC-OFFICIAL-DEBT-HUBEI-HUANGSHI-2019,黄石市财政局,A1,true,地方政府债务限额及余额公开表,https://czj.huangshi.gov.cn/2020xxgkzn/2020gknr/2020czzj/2020zfzw/202101/t20210116_754907.html,https://czj.huangshi.gov.cn/2020xxgkzn/2020gknr/2020czzj/2020zfzw/202101/t20210116_754907.html,hubei_huangshi_2019.txt,text/plain,2020-05-29,unclassified,0,0,0,,,,registered_no_selected_value,官方说明原文单位为万元，原始文件已按10000万元换算为亿元；采用全市口径。
SRC-OFFICIAL-DEBT-HUBEI-EZHOU-2019,鄂州市财政局,A1,true,地方政府债务限额及余额公开表,https://www.ezhou.gov.cn/gk/xxgkml/czgk/zfyjs/202011/t20201119_370795.html,https://www.ezhou.gov.cn/gk/xxgkml/czgk/zfyjs/202011/t20201119_370795.html,hubei_ezhou_2019.txt,text/plain,2020-11-19,unclassified,0,0,0,,,,registered_no_selected_value,官方决算报告明确披露2019年全市限额及年末余额，原文单位为万元，原始文件已换算为亿元。
SRC-SECONDARY-DEBT-JIANGXI-NANCHANG-2019,南昌市财政局,A2,true,二手公开城市债务图表,https://czj.nc.gov.cn/ncczj/2020sjzfys/202005/821533b1115a4772a6b0f49c7d89e14e/files/42%E3%80%81%E5%85%B3%E4%BA%8E2020%E5%B9%B4%E5%8D%97%E6%98%8C%E5%B8%82%E6%9C%AC%E7%BA%A7%E4%B8%BE%E5%80%9F%E5%80%BA%E5%8A%A1%E6%83%85%E5%86%B5%E7%9A%84%E8%AF%B4%E6%98%8E.pdf,https://czj.nc.gov.cn/ncczj/2020sjzfys/202005/821533b1115a4772a6b0f49c7d89e14e/files/42%E3%80%81%E5%85%B3%E4%BA%8E2020%E5%B9%B4%E5%8D%97%E6%98%8C%E5%B8%82%E6%9C%AC%E7%BA%A7%E4%B8%BE%E5%80%9F%E5%80%BA%E5%8A%A1%E6%83%85%E5%86%B5%E7%9A%84%E8%AF%B4%E6%98%8E.pdf,jiangxi_nanchang_2019_rating.txt,text/plain,2020-05-01,unclassified,0,0,0,,,,registered_no_selected_value,官方说明明确披露2019年全市政府债务余额842.5亿元，其中一般债务389.3亿元、专项债务453.2亿元。
SRC-SECONDARY-DEBT-HUBEI-XIANGYANG-2019,公开评级报告,B2,true,二手公开城市债务图表,https://www.sse.com.cn/disclosure/bond/announcement/corporate/c/2020-08-27/3959253196551095858487386.pdf,https://www.sse.com.cn/disclosure/bond/announcement/corporate/c/2020-08-27/3959253196551095858487386.pdf,hubei_xiangyang_2019_rating.txt,text/plain,2020-08-27,city_year,1,1,1,CN-420600,2019,statutory_debt_balance_100m,accepted,评级报告明确披露全市政府债务余额628.7亿元；未披露一般/专项分项，仅接入总余额，待财政决算原表复核。
SRC-SECONDARY-DEBT-HUBEI-JINGMEN-2019,公开评级报告,B2,true,二手公开城市债务图表,https://qxb-pdf-osscache.qixin.com/AnBaseinfo/f7569096175171052100a8ba2acb6a91.pdf,https://qxb-pdf-osscache.qixin.com/AnBaseinfo/f7569096175171052100a8ba2acb6a91.pdf,hubei_jingmen_2019_rating.txt,text/plain,2020-08-01,unclassified,0,0,0,,,,registered_no_selected_value,评级报告明确披露2019年末全市余额244.7亿元，其中一般债务122.9亿元、专项债务121.8亿元；待财政决算原表复核。
SRC-SECONDARY-DEBT-HUBEI-HUANGGANG-2019,联合资信评估股份有限公司,B2,true,二手公开城市债务图表,https://www.lhratings.com/reports/B2740-P12261-GZ2020.pdf,https://www.lhratings.com/reports/B2740-P12261-GZ2020.pdf,hubei_huanggang_2019_rating.txt,text/plain,2020-01-01,unclassified,0,0,0,,,,registered_no_selected_value,评级报告明确披露2019年末全市余额约402亿元，其中一般债务258.9亿元、专项债务143.1亿元；待财政决算原表复核。
SRC-SECONDARY-DEBT-HUBEI-SUIZHOU-2019,公开评级报告,B2,true,二手公开城市债务图表,https://www.sse.com.cn/disclosure/bond/announcement/corporate/c/new/2022-07-08/184448_20220708_2_gKZnq1rt.pdf,https://www.sse.com.cn/disclosure/bond/announcement/corporate/c/new/2022-07-08/184448_20220708_2_gKZnq1rt.pdf,hubei_suizhou_2019_rating.txt,text/plain,2022-07-08,city_year,1,1,1,CN-421300,2019,statutory_debt_balance_100m,accepted,评级报告表格披露2019年全市政府债务余额127.89亿元；未披露一般/专项分项，仅接入总余额，待财政决算原表复核。
SRC-SECONDARY-DEBT-HUBEI-YICHANG-2019,东方金诚国际信用评估有限公司,B2,true,二手公开城市债务图表,https://www.dfratings.com/data/upload/file/20210506/6093c91806293.pdf,https://www.dfratings.com/data/upload/file/20210506/6093c91806293.pdf,hubei_yichang_2019_rating.txt,text/plain,2021-05-06,unclassified,0,0,0,,,,registered_no_selected_value,评级报告明确披露2019年末全市余额282.52亿元，其中一般债务101.64亿元、专项债务180.87亿元；待宜昌市财政决算原表复核。
SRC-SECONDARY-DEBT-HUBEI-ENSHI-2019,东方金诚国际信用评估有限公司,B2,true,二手公开城市债务图表,https://qxb-pdf-osscache.qixin.com/AnBaseinfo/3f717621fbbcbfbcfc0fea5729282b42.pdf,https://qxb-pdf-osscache.qixin.com/AnBaseinfo/3f717621fbbcbfbcfc0fea5729282b42.pdf,hubei_enshi_2019_rating.txt,text/plain,2020-08-01,unclassified,0,0,0,,,,registered_no_selected_value,评级报告明确披露2019年末全州余额294.78亿元，其中一般债务200.43亿元、专项债务94.35亿元；待恩施州财政决算原表复核。
SRC-SECONDARY-DEBT-JIANGXI-JINGDEZHEN-2019,景德镇市财政局（公开报告镜像）,A2,true,二手公开城市债务图表,https://yangtze.silkroadinfo.org.cn/2022/0120/c702a3982041/page.htm,https://yangtze.silkroadinfo.org.cn/2022/0120/c702a3982041/page.htm,jiangxi_jingdezhen_2019_official.txt,text/plain,2020-01-01,city_year,1,1,1,CN-360200,2019,statutory_debt_balance_100m,accepted,公开预算报告明确披露2019年末全市地方政府债务余额201亿元；未披露一般/专项分项，仅接入总余额。
SRC-OFFICIAL-DEBT-JIANGXI-GANZHOU-2019,赣州市财政局,A1,true,地方政府债务限额及余额公开表,https://www.ganzhou.gov.cn/zfxxgk/zfyjs/202104/3782126fb7e4468abe535ad327dde572/files/3b94a108f72c4d83b20ca037aeae2c62.pdf,https://www.ganzhou.gov.cn/zfxxgk/zfyjs/202104/3782126fb7e4468abe535ad327dde572/files/3b94a108f72c4d83b20ca037aeae2c62.pdf,jiangxi_ganzhou_2019_official.txt,text/plain,2021-04-01,unclassified,0,0,0,,,,registered_no_selected_value,官方决算附件列示本地区（全市）2019年末余额631.60亿元，其中一般债务337.52亿元、专项债务294.08亿元；同时列示2019年限额770.86亿元。
SRC-SECONDARY-DEBT-JIANGXI-JIAN-2019,公开评级报告,B2,true,二手公开城市债务图表,https://www.chinamoney.com.cn/dqs/cm-s-notice-query/fileDownLoad.do?contentId=1720445&mode=open&priority=0,https://www.chinamoney.com.cn/dqs/cm-s-notice-query/fileDownLoad.do?contentId=1720445&mode=open&priority=0,jiangxi_jian_2019_rating.txt,text/plain,2020-07-01,unclassified,0,0,0,,,,registered_no_selected_value,评级报告明确披露2019年末全市余额335.50亿元，其中一般债务158.84亿元、专项债务176.66亿元；报告称数据来自吉安市财政预决算资料，待市级财政原始附件复核。
SRC-SECONDARY-DEBT-JIANGXI-JIUJIANG-2019,东方金诚国际信用评估有限公司,B2,true,二手公开城市债务图表,https://www.dfratings.com/data/upload/file/20200628/5ef77d4e4173a.pdf,https://www.dfratings.com/data/upload/file/20200628/5ef77d4e4173a.pdf,jiangxi_jiujiang_2019_rating.txt,text/plain,2020-06-28,unclassified,0,0,0,,,,registered_no_selected_value,评级报告明确披露2019年末九江市全市政府债务余额651.33亿元，其中一般债务319.61亿元、专项债务331.72亿元。
SRC-SECONDARY-DEBT-JIANGXI-FUZHOU-2019,大公国际资信评估有限公司,B2,true,二手公开城市债务图表,https://www.chinamoney.com.cn/dqs/cm-s-notice-query/fileDownLoad.do?contentId=1690512&mode=open&priority=0,https://www.chinamoney.com.cn/dqs/cm-s-notice-query/fileDownLoad.do?contentId=1690512&mode=open&priority=0,jiangxi_fuzhou_2019_rating.txt,text/plain,2020-06-01,unclassified,0,0,0,,,,registered_no_selected_value,评级报告引用抚州市财政局公布信息，明确披露2019年末全市地方政府债务余额318.68亿元，其中一般债务189.97亿元、专项债务130.71亿元。
SRC-PROVINCE-DEBT-JILIN-2019,吉林省财政厅,A1,true,地方政府债务限额及余额公开表,https://czt.jl.gov.cn/yjs/zfyjs/zfjsjzx/2019/202106/P020220709623508898716.pdf,https://czt.jl.gov.cn/yjs/zfyjs/zfjsjzx/2019/202106/P020220709623508898716.pdf,jilin_2019.pdf,application/pdf,2021-06-03,unclassified,0,0,0,,,,registered_no_selected_value,按地级行政单元逐行读取官方 PDF、XLSX 或其归档文本中的全域政府债务限额与余额；省本级、市本级、区县和小计行不并入地级市。
SRC-PROVINCE-DEBT-JILIN-2020,吉林省财政厅,A1,true,地方政府债务限额及余额公开表,https://czt.jl.gov.cn/yjs/zfyjs/zfjsjzx/2019_294916/202301/P020250711357637031951.pdf,https://czt.jl.gov.cn/yjs/zfyjs/zfjsjzx/2019_294916/202301/P020250711357637031951.pdf,jilin_2020.pdf,application/pdf,2023-01-01,unclassified,0,0,0,,,,registered_no_selected_value,按地级行政单元逐行读取官方 PDF、XLSX 或其归档文本中的全域政府债务限额与余额；省本级、市本级、区县和小计行不并入地级市。
SRC-PROVINCE-DEBT-JILIN-2021,吉林省财政厅,A1,true,地方政府债务限额及余额公开表,https://czt.jl.gov.cn/yjs/zfyjs/zfjsjzx/2021/202301/P020250724523602050663.pdf,https://czt.jl.gov.cn/yjs/zfyjs/zfjsjzx/2021/202301/P020250724523602050663.pdf,jilin_2021.pdf,application/pdf,2023-01-01,unclassified,0,0,0,,,,registered_no_selected_value,按地级行政单元逐行读取官方 PDF、XLSX 或其归档文本中的全域政府债务限额与余额；省本级、市本级、区县和小计行不并入地级市。
SRC-PROVINCE-DEBT-JILIN-2022,吉林省财政厅,A1,true,地方政府债务限额及余额公开表,https://czt.jl.gov.cn/yjs/zfyjs/zfjsjzx/2022/202308/P020250724523258348417.pdf,https://czt.jl.gov.cn/yjs/zfyjs/zfjsjzx/2022/202308/P020250724523258348417.pdf,jilin_2022.pdf,application/pdf,2023-08-01,unclassified,0,0,0,,,,registered_no_selected_value,按地级行政单元逐行读取官方 PDF、XLSX 或其归档文本中的全域政府债务限额与余额；省本级、市本级、区县和小计行不并入地级市。
SRC-OFFICIAL-DEBT-GUIZHOU-TONGREN-2018,铜仁市财政局,A2,true,地方政府债务限额及余额公开表,https://www.tiyanjintop.com/ztzl/gzsczzjxxgkzl/gszczyjsjsgjf/trs/202110/t20211014_70882615.html,https://www.tiyanjintop.com/ztzl/gzsczzjxxgkzl/gszczyjsjsgjf/trs/202110/t20211014_70882615.html,guizhou_tongren_2018.txt,text/plain,2019-01-01,city_year,1,1,1,CN-520600,2018,statutory_debt_balance_100m,accepted,官方预算执行报告明确披露2018年末铜仁市全市政府债务余额641.82亿元；未在该段落披露一般/专项拆分，因此只接入法定债务余额。
SRC-OFFICIAL-DEBT-INNER-MONGOLIA-BAYANNUR-2025,巴彦淖尔市财政局（内蒙古自治区财政厅预决算公开平台）,A2,true,地方政府债务限额及余额公开表,https://czt.nmg.gov.cn/yjs/business/page/content?contentId=8535c55556c16f22151e47efa5ff2d01,https://czt.nmg.gov.cn/yjs/business/page/content?contentId=8535c55556c16f22151e47efa5ff2d01,inner_mongolia_bayannur_2025_official.txt,text/plain,2026-01-28,city_year,1,1,1,CN-150800,2025,statutory_debt_balance_100m,accepted,官方预算公开附件《6.3关于巴彦淖尔市地方政府性债务情况说明.doc》明确披露：截至2025年末，全市法定债务余额736.92亿元；市本级156.02亿元，不能用市本级数替代全市数。
SRC-OFFICIAL-DEBT-YUNNAN-YUXI-2018-FROM-2019-REPORT,玉溪市财政局,A2,true,地方政府债务限额及余额公开表,https://m.yuxi.gov.cn/u/cms/yxszfxxgk/202009/081440067hjd.pdf,https://m.yuxi.gov.cn/u/cms/yxszfxxgk/202009/081440067hjd.pdf,yunnan_yuxi_2018_from_2019_report.txt,text/plain,2020-09-01,unclassified,0,0,0,,,,registered_no_selected_value,官方决算（草案）表明确列示2018年末玉溪市全市余额512.33亿元，其中一般335.18亿元、专项177.15亿元；同市另一份专项预算调整报告出现513.55亿元，本条优先采用带拆分且合计一致的决算表，待正式决算原表复核。
SRC-OFFICIAL-DEBT-YUNNAN-LINCANG-2018,临沧市财政局,A2,true,地方政府债务限额及余额公开表,https://lincang.gov.cn/file/lcoldData/_local/B/F9/28/37F454F30B215DF046367C4DE47_DBC9CFA2_55900.pdf,https://lincang.gov.cn/file/lcoldData/_local/B/F9/28/37F454F30B215DF046367C4DE47_DBC9CFA2_55900.pdf,yunnan_lincang_2018_city_debt.txt,text/plain,2019-09-01,unclassified,0,0,0,,,,registered_no_selected_value,官方决算公开表全市行列示余额1574920万元，其中一般1440726万元、专项134194万元；换算为亿元后接入，不使用市级或县区行替代全市。
SRC-OFFICIAL-DEBT-YUNNAN-WENSHAN-2018-FROM-2019-REPORT,文山壮族苗族自治州财政局,A2,true,地方政府债务限额及余额公开表,https://www.ynws.gov.cn/wszzf/zzfbg/1855128527328079872/5cwjRF9u.pdf,https://www.ynws.gov.cn/wszzf/zzfbg/1855128527328079872/5cwjRF9u.pdf,yunnan_wenshan_2018_from_2019_report.txt,text/plain,2020-01-01,unclassified,0,0,0,,,,registered_no_selected_value,官方预算公开表本地区行列示余额2144487万元，其中一般1757087万元、专项387400万元；换算为亿元后接入全州口径。
SRC-SECONDARY-DEBT-YUNNAN-LIJIANG-2018,东方金诚国际信用评估有限公司,B2,true,二手公开城市债务图表,https://pdf.dfcfw.com/pdf/H2_AN202007041389285784_1.pdf?1647723551000.pdf=,https://pdf.dfcfw.com/pdf/H2_AN202007041389285784_1.pdf?1647723551000.pdf=,yunnan_lijiang_2018_rating.txt,text/plain,2020-07-01,unclassified,0,0,0,,,,registered_no_selected_value,评级报告明确披露2018年末丽江市全市余额120.53亿元，其中一般100.98亿元、专项19.55亿元；作为B2阶段性补缺，待丽江市财政决算原表复核。
SRC-OFFICIAL-DEBT-YUNNAN-LINCANG-2023,临沧市财政局,A2,true,地方政府债务限额及余额公开表,https://ynlx.gov.cn/zfxxgk_lxq_mpjd/artview/1152/197465.html,https://ynlx.gov.cn/zfxxgk_lxq_mpjd/artview/1152/197465.html,yunnan_lincang_2023_official.txt,text/plain,2024-02-24,city_year,1,1,1,CN-530900,2023,statutory_debt_balance_100m,accepted,官方预算执行报告明确披露2023年末全市政府债务余额525.69亿元；同时披露市级余额251.75亿元。本条接入全市口径，不使用市级口径替代全市口径，待债务分项表复核。
SRC-OFFICIAL-DEBT-YUNNAN-WENSHAN-2023,文山州财政局,A2,true,地方政府债务限额及余额公开表,https://www.ynws.gov.cn/wszzf/zczj100/1855130162611712000/lSXJf2Y5.pdf,https://www.ynws.gov.cn/wszzf/zczj100/1855130162611712000/lSXJf2Y5.pdf,yunnan_wenshan_2023_official.txt,text/plain,2024-01-31,unclassified,0,0,0,,,,registered_no_selected_value,官方预算附件列示文山州合计2023年债务余额7901117万元，其中一般债务3398728万元、专项债务4502389万元；采用全州口径，不使用州本级或县市行。
SRC-SECONDARY-DEBT-JIANGXI-XINYU-2019,中证鹏元资信评估股份有限公司,B2,true,二手公开城市债务图表,https://www.cspengyuan.com/pengyuancmscn/rating-announcement/rating-infor/Xiyuchengshijianshe/20210817105057620/20220623192444937/2021%E5%B9%B4%E7%AC%AC%E4%B8%80%E6%9C%9F%E3%80%81%E7%AC%AC%E4%BA%8C%E6%9C%9F%E6%96%B0%E4%BD%99%E5%B8%82%E5%9F%8E%E5%B8%82%E5%BB%BA%E8%AE%BE%E6%8A%95%E8%B5%84%E5%BC%80%E5%8F%91%E6%9C%89%E9%99%90%E5%85%AC%E5%8F%B8%E5%9F%8E%E5%B8%82%E5%81%9C%E8%BD%A6%E5%9C%BA%E5%BB%BA%E8%AE%BE%E4%B8%93%E9%A1%B9%E5%80%BA%E5%88%B82022%E5%B9%B4%E8%B7%9F%E8%B8%AA%E8%AF%84%E7%BA%A7%E6%8A%A5%E5%91%8A.pdf,https://www.cspengyuan.com/pengyuancmscn/rating-announcement/rating-infor/Xiyuchengshijianshe/20210817105057620/20220623192444937/2021%E5%B9%B4%E7%AC%AC%E4%B8%80%E6%9C%9F%E3%80%81%E7%AC%AC%E4%BA%8C%E6%9C%9F%E6%96%B0%E4%BD%99%E5%B8%82%E5%9F%8E%E5%B8%82%E5%BB%BA%E8%AE%BE%E6%8A%95%E8%B5%84%E5%BC%80%E5%8F%91%E6%9C%89%E9%99%90%E5%85%AC%E5%8F%B8%E5%9F%8E%E5%B8%82%E5%81%9C%E8%BD%A6%E5%9C%BA%E5%BB%BA%E8%AE%BE%E4%B8%93%E9%A1%B9%E5%80%BA%E5%88%B82022%E5%B9%B4%E8%B7%9F%E8%B8%AA%E8%AF%84%E7%BA%A7%E6%8A%A5%E5%91%8A.pdf,jiangxi_xinyu_2019_secondary.txt,text/plain,2022-06-23,city_year,1,1,1,CN-360500,2019,statutory_debt_balance_100m,accepted,评级报告主要财政指标表明确列示2019年新余市全市地方政府债务余额198.52亿元；仅接入全市总余额。
SRC-SECONDARY-DEBT-JIANGXI-YICHUN-2019,远东资信评估有限公司,B2,true,二手公开城市债务图表,https://www.sfecr.com/upload/old/uploadfiles/2024/02/202402081450285028.pdf,https://www.sfecr.com/upload/old/uploadfiles/2024/02/202402081450285028.pdf,jiangxi_yichun_2019_secondary_full_year.txt,text/plain,2024-02-08,city_year,1,1,1,CN-360900,2019,statutory_debt_balance_100m,accepted,远东资信公开研究资料表1列示2019年宜春市全市地方政府债务余额435.94亿元；与另一份仅截至2019年11月末的435.58亿元不同，本条采用表1对应年度值，待财政部门原始决算附件复核。
SRC-SECONDARY-DEBT-JIANGXI-PINGXIANG-2019,远东资信评估有限公司,B2,true,二手公开城市债务图表,https://www.sfecr.com/upload/file/2024-06/col100/1719387847069.pdf,https://www.sfecr.com/upload/file/2024-06/col100/1719387847069.pdf,jiangxi_pingxiang_2019_secondary.txt,text/plain,2024-06-01,unclassified,0,0,0,,,,registered_no_selected_value,远东资信公开研究资料表10明确列示2019年萍乡市全市余额203.83亿元，其中一般137.81、专项66.02；仅接入全市年末余额，待财政部门原始决算附件复核。
SRC-SECONDARY-DEBT-JIANGXI-YINGTAN-2019,中证鹏元资信评估股份有限公司,B2,true,二手公开城市债务图表,https://static.sse.com.cn/disclosure/bond/announcement/corporate/c/new/2022-06-16/152196_20220616_1_wtKVRH8J.pdf,https://static.sse.com.cn/disclosure/bond/announcement/corporate/c/new/2022-06-16/152196_20220616_1_wtKVRH8J.pdf,jiangxi_yingtan_2019_secondary.txt,text/plain,2022-06-16,city_year,1,1,1,CN-360600,2019,statutory_debt_balance_100m,accepted,评级报告主要财政指标表明确列示2019年鹰潭市全市地方政府债务余额196.70亿元；未披露一般、专项拆分，仅接入全市总余额。
SRC-OFFICIAL-DEBT-FUJIAN-FUZHOU-2022,福州市财政局,A2,true,地方政府债务限额及余额公开表,https://www.fuzhou.gov.cn/zgfzzt/czzj/bjndyjs/zfysgk/202301/t20230120_4526751.htm,https://www.fuzhou.gov.cn/zgfzzt/czzj/bjndyjs/zfysgk/202301/t20230120_4526751.htm,fujian_fuzhou_2022_official.txt,text/plain,2023-01-20,unclassified,0,0,0,,,,registered_no_selected_value,官方市级预算执行报告明确披露2022年末全市余额1839.10亿元，其中一般502.45、专项1336.65；报告注明为快报数，保留 preliminary 状态，待正式决算复核。
SRC-SECONDARY-DEBT-HUBEI-SUIZHOU-2023,中证鹏元资信评估股份有限公司,B2,true,二手公开城市债务图表,https://static.sse.com.cn/disclosure/bond/announcement/corporate/c/new/2024-06-24/184017_20240624_V8TV.pdf,https://static.sse.com.cn/disclosure/bond/announcement/corporate/c/new/2024-06-24/184017_20240624_V8TV.pdf,hubei_suizhou_2023_rating.txt,text/plain,2024-06-24,city_year,1,1,1,CN-421300,2023,statutory_debt_balance_100m,accepted,公开评级报告引用随州市预算执行报告，明确披露截至2023年末全市政府债务余额259.43亿元；未披露一般/专项拆分，仅接入总余额。
SRC-OFFICIAL-PLATFORM-DEBT-XINJIANG-BINGTUAN-2019,财政部政府债务研究和评估中心、中国地方政府债券信息公开平台,B2,true,地方政府债务限额及余额公开表,https://www.governbond.org.cn:4443/api/loadBondData.action?dataType=NDZB&isAdmin=2&adCode=66&zb=06,https://www.celma.org.cn/ndsjmx/index.jhtml?ad_code=66,xinjiang_bingtuan_debt_2019_2020_celma.txt,text/plain,2021-02-09,unclassified,0,0,0,,,,registered_no_selected_value,平台NDZB接口0601原始值；2018年平台值与新疆财政厅2018年决算表123.18亿元不一致，故本条按平台补缺值保留并标为B2，待兵团财政决算表复核；2019年平台值333.04=一般95.74+专项237.30。
SRC-OFFICIAL-PLATFORM-DEBT-XINJIANG-BINGTUAN-2020,财政部政府债务研究和评估中心、中国地方政府债券信息公开平台,B2,true,地方政府债务限额及余额公开表,https://www.governbond.org.cn:4443/api/loadBondData.action?dataType=NDZB&isAdmin=2&adCode=66&zb=06,https://www.celma.org.cn/ndsjmx/index.jhtml?ad_code=66,xinjiang_bingtuan_debt_2019_2020_celma.txt,text/plain,2021-02-09,unclassified,0,0,0,,,,registered_no_selected_value,平台NDZB接口0601原始值；2018年平台值与新疆财政厅2018年决算表123.18亿元不一致，故本条按平台补缺值保留并标为B2，待兵团财政决算表复核；2020年平台值508.00=一般180.00+专项328.00。
SRC-OFFICIAL-DEBT-XINJIANG-BINGTUAN-2021,新疆生产建设兵团财政局、中国地方政府债券信息公开平台,A1,true,地方政府债务限额及余额公开表,https://www.governbond.org.cn/uploadFiles/90/attachFiles/202307/3350dfe3-ac0f-4071-9257-60d5eb7176e6.pdf,https://www.governbond.org.cn/uploadFiles/90/attachFiles/202307/3350dfe3-ac0f-4071-9257-60d5eb7176e6.pdf,xinjiang_bingtuan_debt_2021_2024.txt,text/plain,2023-07-01,unclassified,0,0,0,,,,registered_no_selected_value,2021年末一般债务460.20亿元、专项债务528.27亿元，合计988.47亿元；来源表列为实际数。
SRC-OFFICIAL-DEBT-XINJIANG-BINGTUAN-2022,新疆生产建设兵团财政局、中国地方政府债券信息公开平台,A1,true,地方政府债务限额及余额公开表,https://www.governbond.org.cn/uploadFiles/90/attachFiles/202307/3350dfe3-ac0f-4071-9257-60d5eb7176e6.pdf,https://www.governbond.org.cn/uploadFiles/90/attachFiles/202307/3350dfe3-ac0f-4071-9257-60d5eb7176e6.pdf,xinjiang_bingtuan_debt_2021_2024.txt,text/plain,2023-07-01,unclassified,0,0,0,,,,registered_no_selected_value,2022年末一般债务543.53亿元、专项债务589.16亿元，合计1132.69亿元；来源表列为预计执行数。
SRC-OFFICIAL-DEBT-XINJIANG-BINGTUAN-2023,新疆生产建设兵团财政局、中国地方政府债券信息公开平台,A1,true,地方政府债务限额及余额公开表,https://www.governbond.org.cn/uploadFiles/66/attachFiles/202505/5ce64303-c4c6-4d1c-b85d-812588138476.pdf,https://www.governbond.org.cn/uploadFiles/66/attachFiles/202505/5ce64303-c4c6-4d1c-b85d-812588138476.pdf,xinjiang_bingtuan_debt_2021_2024.txt,text/plain,2025-05-01,unclassified,0,0,0,,,,registered_no_selected_value,2023年末一般债务633.33亿元、专项债务654.97亿元，合计1288.30亿元；来源表列为预计执行数。
SRC-OFFICIAL-DEBT-XINJIANG-BINGTUAN-2024,新疆维吾尔自治区财政厅,A1,true,地方政府债务限额及余额公开表,https://czt.xinjiang.gov.cn/xjczt/c115512/202508/4fd2d3bbe9d54fa7824c6e32d8e49728/files/%E5%85%B3%E4%BA%8E2024%E5%B9%B4%E8%87%AA%E6%B2%BB%E5%8C%BA%E7%BA%A7%E5%86%B3%E7%AE%97%E8%8D%89%E6%A1%88%E7%9A%84%E6%8A%A5%E5%91%8A.pdf,https://czt.xinjiang.gov.cn/xjczt/c115512/202508/4fd2d3bbe9d54fa7824c6e32d8e49728/files/%E5%85%B3%E4%BA%8E2024%E5%B9%B4%E8%87%AA%E6%B2%BB%E5%8C%BA%E7%BA%A7%E5%86%B3%E7%AE%97%E8%8D%89%E6%A1%88%E7%9A%84%E6%8A%A5%E5%91%8A.pdf,xinjiang_bingtuan_debt_2021_2024.txt,text/plain,2025-08-13,unclassified,0,0,0,,,,registered_no_selected_value,新疆财政厅公开说明披露2024年末兵团余额1478亿元，其中一般债务712亿元、专项债务766亿元。
SRC-SECONDARY-DEBT-GUANGXI-WUZHOU-2022,中证鹏元资信评估股份有限公司（引用梧州市财政公开资料）,B2,true,二手公开城市债务图表,https://www.cspengyuan.com/pengyuancmscn/rating-announcement/rating-infor/wuzhouchengshijianshe/2019-Wuzhou-Urban-Construction-Special-Bond-Credit-Rating/20230628234346712/2018%E5%B9%B4%E7%AC%AC%E4%B8%80%E6%9C%9F%E3%80%812019%E5%B9%B4%E7%AC%AC%E4%B8%80%E6%9C%9F%E6%A2%A7%E5%B7%9E%E5%B8%82%E5%9F%8E%E5%B8%82%E5%BB%BA%E8%AE%BE%E6%8A%95%E8%B5%84%E5%BC%80%E5%8F%91%E6%9C%89%E9%99%90%E5%85%AC%E5%8F%B8%E5%9F%8E%E5%B8%82%E5%9C%B0%E4%B8%8B%E7%BB%BC%E5%90%88%E7%AE%A1%E5%BB%8A%E5%BB%BA%E8%AE%BE%E4%B8%93%E9%A1%B92023%E5%B9%B4%E8%B7%9F%E8%B8%AA%E8%AF%84%E7%BA%A7%E6%8A%A5%E5%91%8A.pdf,https://www.cspengyuan.com/pengyuancmscn/rating-announcement/rating-infor/wuzhouchengshijianshe/2019-Wuzhou-Urban-Construction-Special-Bond-Credit-Rating/20230628234346712/2018%E5%B9%B4%E7%AC%AC%E4%B8%80%E6%9C%9F%E3%80%812019%E5%B9%B4%E7%AC%AC%E4%B8%80%E6%9C%9F%E6%A2%A7%E5%B7%9E%E5%B8%82%E5%9F%8E%E5%B8%82%E5%BB%BA%E8%AE%BE%E6%8A%95%E8%B5%84%E5%BC%80%E5%8F%91%E6%9C%89%E9%99%90%E5%85%AC%E5%8F%B8%E5%9F%8E%E5%B8%82%E5%9C%B0%E4%B8%8B%E7%BB%BC%E5%90%88%E7%AE%A1%E5%BB%8A%E5%BB%BA%E8%AE%BE%E4%B8%93%E9%A1%B92023%E5%B9%B4%E8%B7%9F%E8%B8%AA%E8%AF%84%E7%BA%A7%E6%8A%A5%E5%91%8A.pdf,guangxi_wuzhou_2022_secondary.txt,text/plain,2023-06-28,city_year,1,1,1,CN-450400,2022,statutory_debt_balance_100m,accepted,公开评级报告明确披露截至2022年末梧州市全市地方政府债务余额413.54亿元，但未披露一般/专项拆分；先接入法定债务总余额，待梧州市财政决算附件补充分项。
SRC-SECONDARY-DEBT-GUANGXI-BAISE-2022,东方金诚国际信用评估有限公司（引用百色市财政公开资料）,B2,true,二手公开城市债务图表,https://static.cninfo.com.cn/finalpage/2023-06-27/1217154137.pdf,https://static.cninfo.com.cn/finalpage/2023-06-27/1217154137.pdf,guangxi_baise_2022_secondary.txt,text/plain,2023-06-27,city_year,1,1,1,CN-451000,2022,statutory_debt_balance_100m,accepted,公开评级报告明确披露截至2022年末百色市全市地方政府债务余额556.61亿元，但未披露一般/专项拆分；先接入法定债务总余额，待百色市财政决算附件补充分项。
SRC-SECONDARY-DEBT-GUANGXI-HECHI-2022,公开评级机构报告（引用河池市财政公开资料）,B2,true,二手公开城市债务图表,https://static.sse.com.cn/disclosure/bond/announcement/corporate/c/new/2023-06-26/139274_20230626_F1SN.pdf,https://static.sse.com.cn/disclosure/bond/announcement/corporate/c/new/2023-06-26/139274_20230626_F1SN.pdf,guangxi_hechi_2022_secondary.txt,text/plain,2023-06-26,city_year,1,1,1,CN-451200,2022,statutory_debt_balance_100m,accepted,公开评级资料明确披露2022年末河池市全市地方政府债务余额399.92亿元，但未披露一般/专项拆分；先接入法定债务总余额，待河池市财政决算附件补充分项。
SRC-SECONDARY-DEBT-GUANGXI-CHONGZUO-2022,公开研究报告（引用广西各市财政公开资料）,B2,true,二手公开城市债务图表,https://file.iyanbao.com/pdf/8fe82-22c0037c-b4b6-4f90-9380-5c1b876da3bf.pdf,https://file.iyanbao.com/pdf/8fe82-22c0037c-b4b6-4f90-9380-5c1b876da3bf.pdf,guangxi_chongzuo_2022_secondary.txt,text/plain,2023-06-01,city_year,1,1,1,CN-451400,2022,statutory_debt_balance_100m,accepted,公开区域研究报告表格列示2022年末崇左市全市地方政府债务余额390.84亿元，但未披露一般/专项拆分；先接入法定债务总余额，待崇左市财政决算附件补充分项。
SRC-SECONDARY-DEBT-GUANGXI-BEIHAI-2022,东方金诚国际信用评估有限公司（引用北海市财政公开资料）,B2,true,二手公开城市债务图表,https://static.cninfo.com.cn/finalpage/2023-06-27/1217154137.pdf,https://static.cninfo.com.cn/finalpage/2023-06-27/1217154137.pdf,guangxi_beihai_2022_secondary.txt,text/plain,2023-06-27,city_year,1,1,1,CN-450500,2022,statutory_debt_balance_100m,accepted,公开评级报告的2022年广西地市对比表明确列示北海市政府债务余额304.52亿元；该表未披露一般/专项拆分，先接入法定债务总余额，待北海市财政决算附件补充分项。
SRC-SECONDARY-DEBT-JIANGXI-JINGDEZHEN-2018,中诚信国际（引用景德镇市财政公开资料）,B2,true,二手公开城市债务图表,https://website-oss.ccxi.com.cn/public/upload/files/20200627/1593229768.pdf,https://website-oss.ccxi.com.cn/public/upload/files/20200627/1593229768.pdf,jiangxi_jingdezhen_2018_secondary.txt,text/plain,2020-06-27,city_year,1,1,1,CN-360200,2018,statutory_debt_balance_100m,accepted,评级报告明确列示截至2018年末景德镇市全市政府性债务余额196.79亿元，并与该年度全市地方政府债务限额196.7935亿元相互印证；当前按B2接入，待市级财政原始决算表复核。
SRC-OFFICIAL-DEBT-YUNNAN-YUXI-2019-FROM-2020-REPORT,玉溪市财政局,A2,true,地方政府债务限额及余额公开表,https://www.yuxi.gov.cn/u/cms/yxszfxxgk/202109/10174037x1y7.pdf,https://www.yuxi.gov.cn/u/cms/yxszfxxgk/202109/10174037x1y7.pdf,yunnan_yuxi_2019_from_2020_report.txt,text/plain,2021-09-10,unclassified,0,0,0,,,,registered_no_selected_value,同一官方决算表二十五的2019年决算数列直接列示2019年全市年末政府债务余额557.1亿元，其中一般债务351.2亿元、专项债务205.9亿元；使用全市列，不使用市本级列。
SRC-OFFICIAL-DEBT-YUNNAN-YUXI-2020,玉溪市财政局,A2,true,地方政府债务限额及余额公开表,https://www.yuxi.gov.cn/u/cms/yxszfxxgk/202109/10174037x1y7.pdf,https://www.yuxi.gov.cn/u/cms/yxszfxxgk/202109/10174037x1y7.pdf,yunnan_yuxi_2020_official.txt,text/plain,2021-09-10,unclassified,0,0,0,,,,registered_no_selected_value,玉溪市财政局公开决算（草案）表二十五直接列示2020年全市年末政府债务余额555.3亿元，其中一般债务319.9亿元、专项债务235.4亿元；使用全市列，不使用市本级列。
SRC-OFFICIAL-DEBT-YUNNAN-YUXI-2022,玉溪市财政局,A2,true,地方政府债务限额及余额公开表,https://www.yuxi.gov.cn/yxszfxxgk/zfysgkyxsczj/20231016/1479838.html,https://www.yuxi.gov.cn/yxszfxxgk/zfysgkyxsczj/20231016/1479838.html,yunnan_yuxi_2022_official.txt,text/plain,2023-10-16,unclassified,0,0,0,,,,registered_no_selected_value,官方决算报告披露全市余额665.72亿元、一般326.40亿元、专项339.32亿元；不使用市本级余额替代全市。
SRC-OFFICIAL-DEBT-YUNNAN-YUXI-2023,玉溪市财政局,A2,true,地方政府债务限额及余额公开表,https://www.yuxi.gov.cn/yxszfxxgk/zfysgkyxsczj/20240918/1555412.html,https://www.yuxi.gov.cn/yxszfxxgk/zfysgkyxsczj/20240918/1555412.html,yunnan_yuxi_2023_official.txt,text/plain,2024-09-18,city_year,1,1,1,CN-530400,2023,statutory_debt_balance_100m,accepted,官方决算报告披露全市余额744.99亿元；当前接入总余额，待一般/专项分项表补充。
SRC-SECONDARY-DEBT-YUNNAN-KUNMING-2022,中诚信国际（引用昆明市财政局公开资料）,B2,true,二手公开城市债务图表,https://static.sse.com.cn/disclosure/bond/announcement/corporate/c/new/2023-06-30/139335_20230630_6A78.pdf,https://static.sse.com.cn/disclosure/bond/announcement/corporate/c/new/2023-06-30/139335_20230630_6A78.pdf,yunnan_kunming_2022_secondary.txt,text/plain,2023-06-30,city_year,1,1,1,CN-530100,2022,statutory_debt_balance_100m,accepted,评级报告表格注明资料来源为昆明市财政局，列示全市余额2230.56亿元；当前按B2接入，待昆明市财政局原始决算债务表复核。
SRC-SECONDARY-DEBT-BEIJING-2018,中债资信评估有限责任公司（数据来源：北京市财政局）,B2,true,二手公开城市债务图表,https://czj.beijing.gov.cn/ztlm/zfzqgl/202008/P020200810636674301216.pdf,https://czj.beijing.gov.cn/ztlm/zfzqgl/202008/P020200810636674301216.pdf,beijing_2018_debt_secondary.txt,text/plain,2020-08-10,unclassified,0,0,0,,,,registered_no_selected_value,评级报告表5明确列示2018年北京市全市政府债务余额4248.89亿元，其中一般债务2034.03亿元、专项债务2214.86亿元；报告注明数据由北京市财政局提供。采用全市口径，待北京市财政决算原表复核。
SRC-SECONDARY-DEBT-BEIJING-2019,中债资信评估有限责任公司（数据来源：北京市财政局）,B2,true,二手公开城市债务图表,https://czj.beijing.gov.cn/ztlm/zfzqgl/202008/P020200810636674301216.pdf,https://czj.beijing.gov.cn/ztlm/zfzqgl/202008/P020200810636674301216.pdf,beijing_2019_debt_secondary.txt,text/plain,2020-08-10,unclassified,0,0,0,,,,registered_no_selected_value,评级报告表5明确列示2019年北京市全市政府债务余额4964.06亿元，其中一般债务2116.94亿元、专项债务2847.12亿元；报告注明数据由北京市财政局提供。采用全市口径，待北京市财政决算原表复核。
SRC-SECONDARY-DEBT-BEIJING-2020,中债资信评估有限责任公司（数据来源：北京市财政局）,B2,true,二手公开城市债务图表,https://czj.beijing.gov.cn/ztlm/zfzqgl/202312/P020231227372566836585.pdf,https://czj.beijing.gov.cn/ztlm/zfzqgl/202312/P020231227372566836585.pdf,beijing_2020_debt_secondary.txt,text/plain,2023-12-27,unclassified,0,0,0,,,,registered_no_selected_value,评级报告表5明确列示2020年北京市全市政府债务余额6063.59亿元，其中一般债务2261.41亿元、专项债务3802.18亿元；报告注明数据由北京市财政局提供。采用全市口径，待北京市财政决算原表复核。
SRC-OFFICIAL-DEBT-TIANJIN-2019,天津市财政局,A2,true,地方政府债务限额及余额公开表,https://cz.tj.gov.cn/zwgk_53713/ysgk_59783/ysjs/202008/W020220322719183249597.pdf,https://cz.tj.gov.cn/zwgk_53713/ysgk_59783/ysjs/202008/W020220322719183249597.pdf,tianjin_2019_debt_official.txt,text/plain,2020-08-03,unclassified,0,0,0,,,,registered_no_selected_value,天津市财政局预算执行报告明确披露2019年末全市政府债务余额4959亿元，其中一般债务1504亿元、专项债务3455亿元；采用全市口径。
SRC-CELMA-DEBT-TIANJIN-2018,中国地方政府债务管理协会（CELMA）,A2,true,地方政府债务限额及余额公开表,https://www.celma.org.cn/ndsjmx/index.jhtml?ad_code=12&ad_name=%E5%A4%A9%E6%B4%A5%E5%B8%82,https://www.celma.org.cn/ndsjmx/index.jhtml?ad_code=12&ad_name=%E5%A4%A9%E6%B4%A5%E5%B8%82,tianjin_2018_celma_normalized.txt,text/plain,2019-01-01,unclassified,0,0,0,,,,registered_no_selected_value,由CELMA归档的天津市2018年一般债务余额1399.58亿元与专项债务余额2678.78亿元相加形成全市余额4078.36亿元；原始年度表保留于celma_text目录。
SRC-CELMA-DEBT-BEIJING-2021,中国地方政府债务管理协会（CELMA）,A2,true,地方政府债务限额及余额公开表,https://www.celma.org.cn/ndsjmx/index.jhtml?ad_code=11&ad_name=%E5%8C%97%E4%BA%AC%E5%B8%82,https://www.celma.org.cn/ndsjmx/index.jhtml?ad_code=11&ad_name=%E5%8C%97%E4%BA%AC%E5%B8%82,beijing_2021_celma_normalized.txt,text/plain,2022-01-01,unclassified,0,0,0,,,,registered_no_selected_value,由CELMA归档的北京市2021年一般债务余额2453.33亿元与专项债务余额6317.35亿元相加形成全市余额8770.68亿元；原始年度表保留于celma_text目录。
SRC-SECONDARY-EBS-SICHUAN-PANZHIHUA-2018,EBS固收研究公开转载,B2,true,二手公开城市债务图表,https://www.10100.com/article/2475649,https://www.10100.com/article/2475649,sichuan_panzhihua_2018_ebs_chart.txt,text/plain,2019-05-20,unclassified,0,0,0,,,,registered_no_selected_value,公开图表直接标注攀枝花市2018年一般债务144亿元、专项债务46亿元、合计190亿元；仅作阶段性补缺，待攀枝花市财政决算原表复核。
SRC-OFFICIAL-DEBT-ZHEJIANG-2019-CITY-TABLE,浙江省财政厅（公开镜像附件）,A2,true,地方政府债务限额及余额公开表,https://file.finance.sina.com.cn/211.154.219.97%3A9494/MRGG/BOND/2020/2020-8/2020-08-26/14972401.PDF,https://file.finance.sina.com.cn/211.154.219.97%3A9494/MRGG/BOND/2020/2020-8/2020-08-26/14972401.PDF,zhejiang_2019_city_debt.txt,text/plain,2020-08-26,unclassified,0,0,0,,,,registered_no_selected_value,公开附件逐行列示杭州、温州、嘉兴、湖州、绍兴、金华、衢州、舟山、台州、丽水10个地级市全市口径的债务限额及余额，并明确不含宁波；本项目接入余额合计、一般余额和专项余额。
SRC-SECONDARY-DEBT-JIANGXI-JINGDEZHEN-2022,东方金诚国际信用评估有限公司,B2,true,二手公开城市债务图表,https://static.sse.com.cn/disclosure/bond/announcement/corporate/c/new/2023-06-09/184529_20230609_3WVZ.pdf,https://static.sse.com.cn/disclosure/bond/announcement/corporate/c/new/2023-06-09/184529_20230609_3WVZ.pdf,jiangxi_jingdezhen_2022_rating.txt,text/plain,2023-06-09,unclassified,0,0,0,,,,registered_no_selected_value,评级报告明确列示2022年末景德镇市全市政府债务余额467.97亿元，其中一般债务162.35亿元、专项债务305.62亿元；接入B2，待市级财政原始附件复核。
SRC-SECONDARY-DEBT-JIANGXI-PINGXIANG-2022,公开评级机构报告,B2,true,二手公开城市债务图表,https://static.sse.com.cn/disclosure/bond/announcement/corporate/c/new/2023-06-28/184604_20230628_BEZ4.pdf,https://static.sse.com.cn/disclosure/bond/announcement/corporate/c/new/2023-06-28/184604_20230628_BEZ4.pdf,jiangxi_pingxiang_2022_rating.txt,text/plain,2023-06-28,unclassified,0,0,0,,,,registered_no_selected_value,评级报告明确列示2022年末萍乡市全市政府债务余额486.78亿元，其中一般债务204.85亿元、专项债务281.93亿元；接入B2，待市级财政原始附件复核。
SRC-SECONDARY-DEBT-JIANGXI-JIUJIANG-2022,公开评级机构报告,B2,true,二手公开城市债务图表,https://www.shibor.org/dqs/cm-s-notice-query/fileDownLoad.do?contentId=2863840&mode=save&priority=0,https://www.shibor.org/dqs/cm-s-notice-query/fileDownLoad.do?contentId=2863840&mode=save&priority=0,jiangxi_jiujiang_2022_rating.txt,text/plain,2023-06-30,unclassified,0,0,0,,,,registered_no_selected_value,评级报告明确列示2022年末九江市全市地方政府债务余额1159.53亿元，其中一般债务424.87亿元、专项债务734.66亿元；接入B2，待市级财政原始附件复核。
SRC-OFFICIAL-DEBT-JIANGXI-XINYU-2022,新余市财政部门公开预算报告转载,A2,true,地方政府债务限额及余额公开表,https://www.gcs66.com/document_detail/108408.html,https://www.gcs66.com/document_detail/108408.html,jiangxi_xinyu_2022_official.txt,text/plain,2023-01-01,unclassified,0,0,0,,,,registered_no_selected_value,公开预算执行报告明确列示2022年末新余市全市政府债务余额345.75亿元，其中一般债务172.50亿元、专项债务173.25亿元；接入A2，待官方附件复核。
SRC-SECONDARY-DEBT-JIANGXI-JIAN-2022,东方金诚国际信用评估有限公司,B2,true,二手公开城市债务图表,https://pdf.dfcfw.com/pdf/H2_AN202306261591290103_1.pdf,https://pdf.dfcfw.com/pdf/H2_AN202306261591290103_1.pdf,jiangxi_jian_2022_rating.txt,text/plain,2023-06-26,city_year,1,1,1,CN-360800,2022,statutory_debt_balance_100m,accepted,评级报告区域财政债务数据明确列示2022年末吉安市全市政府债务余额905.57亿元，但未同步披露一般/专项拆分；接入总余额，待市级财政原始附件补充分项。
SRC-SECONDARY-DEBT-JIANGXI-FUZHOU-2022,东方金诚国际信用评估有限公司,B2,true,二手公开城市债务图表,https://static.sse.com.cn/bond/bridge2/disclosure/announcement/c/202311/035832_20231114_07OV.pdf,https://static.sse.com.cn/bond/bridge2/disclosure/announcement/c/202311/035832_20231114_07OV.pdf,jiangxi_fuzhou_2022_rating.txt,text/plain,2023-11-14,unclassified,0,0,0,,,,registered_no_selected_value,评级报告明确列示2022年末抚州市全市政府债务余额744.32亿元，其中一般债务265.99亿元、专项债务478.32亿元；接入B2，待市级财政原始附件复核。
SRC-SECONDARY-DEBT-JIANGXI-SHANGRAO-2022,东方金诚国际信用评估有限公司,B2,true,二手公开城市债务图表,https://static.sse.com.cn/bond/bridge2/disclosure/announcement/c/202310/035707_20231023_V8VM.pdf,https://static.sse.com.cn/bond/bridge2/disclosure/announcement/c/202310/035707_20231023_V8VM.pdf,jiangxi_shangrao_2022_rating.txt,text/plain,2023-10-23,city_year,1,1,1,CN-361100,2022,statutory_debt_balance_100m,accepted,评级报告区域财政债务数据明确列示2022年末上饶市全市政府债务余额1118.19亿元，但未同步披露一般/专项拆分；接入总余额，待市级财政原始附件补充分项。
SRC-SECONDARY-DEBT-JIANGXI-YINGTAN-2022,公开评级机构报告,B2,true,二手公开城市债务图表,https://qxb-pdf-osscache.qixin.com/AnBaseinfo/6903f44ea8d2ef08ab3587d18286fbdf.pdf,https://qxb-pdf-osscache.qixin.com/AnBaseinfo/6903f44ea8d2ef08ab3587d18286fbdf.pdf,jiangxi_yingtan_2022_rating.txt,text/plain,2023-07-04,unclassified,0,0,0,,,,registered_no_selected_value,评级报告明确列示2022年末鹰潭市全市地方政府债务余额394.76亿元，其中一般债务160.49亿元、专项债务234.27亿元；接入B2，待市级财政原始附件复核。
SRC-OFFICIAL-DEBT-JIANGXI-GANZHOU-2022,赣州市财政局,A1,true,地方政府债务限额及余额公开表,https://www.ganzhou.gov.cn/zfxxgk/c102854n/202409/da171e4e50b84a1cb6dcbf35462fb48e/files/23a82c9883e64d8ab175f1d787f4f1a0.pdf,https://www.ganzhou.gov.cn/zfxxgk/c102854n/202409/da171e4e50b84a1cb6dcbf35462fb48e/files/23a82c9883e64d8ab175f1d787f4f1a0.pdf,jiangxi_ganzhou_2022_official.txt,text/plain,2024-09-01,unclassified,0,0,0,,,,registered_no_selected_value,官方决算表‘本地区’列示2022年末赣州市全市政府债务余额1590.69亿元，其中一般债务494.85亿元、专项债务1095.84亿元；排除‘本级’列，接入A1。
SRC-SECONDARY-DEBT-JIANGXI-YICHUN-2022,东方金诚国际信用评估有限公司（引用宜春市财政预算执行资料）,B2,true,二手公开城市债务图表,https://static.sse.com.cn/disclosure/bond/announcement/corporate/c/new/2023-06-12/152124_20230612_I6NI.pdf,https://static.sse.com.cn/disclosure/bond/announcement/corporate/c/new/2023-06-12/152124_20230612_I6NI.pdf,jiangxi_yichun_2022_rating.txt,text/plain,2023-06-12,unclassified,0,0,0,,,,registered_no_selected_value,评级报告引用宜春市财政预算执行资料，明确列示2022年末宜春市全市地方政府债务余额932.12亿元，其中一般债务320.42亿元、专项债务611.70亿元；接入B2，待市级财政原始附件复核。
SRC-OFFICIAL-DEBT-GANSU-GANNAN-2025-CALCULATED,甘南州财政局,B2,true,地方政府债务限额及余额公开表,http://czj.gnzrmzf.gov.cn/info/1296/18426.htm,http://czj.gnzrmzf.gov.cn/info/1296/18426.htm,gansu_gannan_2025_calculated.txt,text/plain,2026-01-26,city_year,1,1,1,CN-623000,2025,statutory_debt_balance_100m,accepted,按2020年末余额92.10（B2公开图表估读）+‘十四五’期间累计新增法定债务250.48-累计偿还到期法定债务33.60计算为308.98亿元；非正式决算直录，待甘南州2025年正式债务决算表复核。
SRC-OFFICIAL-DEBT-GANSU-GANNAN-2019,甘南州财政局,A2,true,地方政府债务限额及余额公开表,http://czj.gnzrmzf.gov.cn/info/1296/15690.htm,http://czj.gnzrmzf.gov.cn/system/_content/download.jsp?urltype=news.DownloadAttachUrl&owner=1599680053&wbfileid=7754931,gansu_gannan_2019_official.txt,text/plain,2020-03-11,unclassified,0,0,0,,,,registered_no_selected_value,甘南州财政局官方附件表4-1明确列示全州2019年债务余额决算数71.9536666278亿元，其中一般债务48.0529666278亿元、专项债务23.9007亿元；州本级行27.0104338713亿元不替代全州行。
SRC-OFFICIAL-DEBT-GANSU-LINXIA-2019,临夏回族自治州人民政府,A2,true,地方政府债务限额及余额公开表,http://www.linxia.gov.cn/lxz/zwgk/zc/zcjd/bmjdzc/art/2022/art_9eaa38fde81941f790bc8b76fabb3cd3.html,http://www.linxia.gov.cn/lxz/zwgk/zc/zcjd/bmjdzc/art/2022/art_9eaa38fde81941f790bc8b76fabb3cd3.html,gansu_linxia_2019_official.txt,text/plain,2020-02-23,city_year,1,1,1,CN-622900,2019,statutory_debt_balance_100m,accepted,临夏州政府门户财政政策解读明确披露：2019年省财政厅核定临夏州政府债务限额139.36亿元、政府债务余额126.9亿元；接入全州口径，不使用州本级行。
SRC-OFFICIAL-DEBT-GANSU-LONGNAN-2024,陇南市财政局,A1,true,地方政府债务限额及余额公开表,https://www.longnan.gov.cn/zfxxgk/public/4455693/148061506.html,https://www.longnan.gov.cn/group2/M00/1B/E2/Ch4MtWi4Sn-AP8FKAADL-SH_2cQ536.pdf,gansu_longnan_2024_debt.txt,text/plain,2025-08-27,unclassified,0,0,0,,,,registered_no_selected_value,官方决算公开附件分别列示全市一般债务和专项债务限额、余额；本地将全市合计列相加形成六字段记录，不使用市级列。一般债务余额141.0081亿元、专项债务余额258.5819亿元，合计399.5900亿元。专项债务附件为同目录下Ch4MtWi4Sn-AP06rAADGLpyLy94434.pdf。
SRC-OFFICIAL-DEBT-GANSU-LONGNAN-2025,陇南市财政局,A1,true,地方政府债务限额及余额公开表,https://www.longnan.gov.cn/zfxxgk/public/4455557/148128859.html,https://www.longnan.gov.cn/group2/M00/1F/24/Ch4MtWmnkcKAJC5fAABYACkMdw0811.xls,gansu_longnan_2025_debt.txt,text/plain,2026-02-25,unclassified,0,0,0,,,,registered_no_selected_value,官方预算公开表第一行列示陇南市全市/本地区口径；余额为447.0241226494亿元，其中一般债务150.3745226494亿元、专项债务296.6496亿元；不使用市本级及县区行。
SRC-OFFICIAL-DEBT-GANSU-JINCHANG-2025,金昌市财政局,A2,true,地方政府债务限额及余额公开表,https://czj.jcs.gov.cn/zwgk/fdzdgknr/ys/js/bjzfyjs/art/2026/art_fd6ad59247e3448db5b8ac680d9e2126.html,https://czj.jcs.gov.cn/zwgk/fdzdgknr/ys/js/bjzfyjs/art/2026/art_fd6ad59247e3448db5b8ac680d9e2126.html,gansu_jinchang_2025_official.txt,text/plain,2025-12-24,unclassified,0,0,0,,,,registered_no_selected_value,金昌市财政局公开《债务公开数据.pdf》列示2025年末全市债务余额147.12亿元，其中一般债务54.44亿元、专项债务92.68亿元；采用全市口径，不使用市本级行。
SRC-CITY-DEBT-JIANGXI-NANCHANG-2020,南昌市财政局,A1,true,地方政府债务限额及余额公开表,https://www.nc.gov.cn/ncszf/dfzw/202109/d371af567c214e2e843ec9add6eb795e.shtml,https://www.nc.gov.cn/ncszf/dfzw/202109/d371af567c214e2e843ec9add6eb795e/files/1179ddf47575440ab5ea200abdc4d228.pdf,nanchang_2020.txt,text/plain,2021-09-01,unclassified,0,0,0,,,,registered_no_selected_value,官方决算表第一行列示南昌市全市口径；余额为一般债务420.32亿元、专项债务712.39亿元、合计1132.71亿元，不使用南昌市本级行。
SRC-CITY-DEBT-JIANGXI-NANCHANG-2022,南昌市财政局,A1,true,地方政府债务限额及余额公开表,https://www.nc.gov.cn/ncszf/dfzw/202302/02bb049b93a14a2ca4f248f614004fef.shtml,https://www.nc.gov.cn/ncszf/dfzw/202302/02bb049b93a14a2ca4f248f614004fef/files/1a774f7d0b274691aca4de6a4995bda7.pdf,nanchang_2022.txt,text/plain,2023-02-01,unclassified,0,0,0,,,,registered_no_selected_value,官方表第一行列示南昌市全市口径；余额为一般债务498.09亿元、专项债务983.65亿元、合计1481.74亿元，不使用南昌市本级行。
SRC-SECONDARY-DEBT-JIANGXI-NANCHANG-2018,联合资信/公开评级资料,B2,true,二手公开城市债务图表,https://qxb-pdf-osscache.qixin.com/AnBaseinfo/4368bfc76bc2be2a8233aeb5dbc33c15.pdf,https://qxb-pdf-osscache.qixin.com/AnBaseinfo/4368bfc76bc2be2a8233aeb5dbc33c15.pdf,jiangxi_nanchang_2018_secondary.txt,text/plain,2020-01-01,unclassified,0,0,0,,,,registered_no_selected_value,公开评级资料披露南昌市全市2018年末政府债务余额766.2亿元，其中一般债务360.9亿元、专项债务405.3亿元；待以南昌市财政决算附件复核。
SRC-SECONDARY-DEBT-JIANGXI-GANZHOU-2018,赣州市财政局/公开评级资料,B2,true,二手公开城市债务图表,https://www.ganzhou.gov.cn/zfxxgk/zfyjs/201909/15c97dbf5f684a7f98b24361f0f22650.shtml,https://qxb-pdf-osscache.qixin.com/AnBaseinfo/540a88f2a5fede1a584a73f3cb226016.pdf,jiangxi_ganzhou_2018_secondary.txt,text/plain,2019-09-20,unclassified,0,0,0,,,,registered_no_selected_value,赣州市政府公开决算目录列有2018年地方政府债务限额及余额决算情况表；公开评级资料披露并交叉核对全市余额561.97亿元，其中一般债务324.64亿元、专项债务237.34亿元，待回填官方表格页码。
SRC-SECONDARY-DEBT-JIANGXI-FUZHOU-2018,中诚信国际研究资料,B2,true,二手公开城市债务图表,https://www.sohu.com/a/396559202_263888,https://www.sohu.com/a/396559202_263888,jiangxi_fuzhou_2018_secondary.txt,text/plain,2020-05-01,city_year,1,1,1,CN-361000,2018,statutory_debt_balance_100m,accepted,公开研究资料披露2018年末抚州市全市地方政府债务余额293.07亿元；未披露可直接复核的一般/专项拆分，因此仅接入总余额。
SRC-SECONDARY-DEBT-JIANGXI-SHANGRAO-2018,东方金诚国际信用评估有限公司,B2,true,二手公开城市债务图表,https://pdf.dfcfw.com/pdf/H2_AN202003191376666116_1.pdf,https://pdf.dfcfw.com/pdf/H2_AN202003191376666116_1.pdf,jiangxi_shangrao_2018_secondary.txt,text/plain,2019-01-01,unclassified,0,0,0,,,,registered_no_selected_value,公开评级资料披露上饶市全市2018年末政府债务余额177.22亿元，其中一般债务129.95亿元、专项债务47.27亿元；待以市级财政决算附件复核。
SRC-SECONDARY-DEBT-JIANGXI-JIAN-2018,东方金诚国际信用评估有限公司,B2,true,二手公开城市债务图表,https://www.chinamoney.com.cn/dqs/cm-s-notice-query/fileDownLoad.do?contentId=1348642&mode=open&priority=0,https://www.chinamoney.com.cn/dqs/cm-s-notice-query/fileDownLoad.do?contentId=1348642&mode=open&priority=0,jiangxi_jian_2018_secondary.txt,text/plain,2019-01-01,unclassified,0,0,0,,,,registered_no_selected_value,公开评级资料披露吉安市全市2018年末政府债务余额292.79亿元，其中一般债务152.11亿元、专项债务140.67亿元；待以市级财政决算附件复核。
SRC-SECONDARY-DEBT-JIANGXI-YICHUN-2018,东方金诚国际信用评估有限公司/上海证券交易所公开披露,B2,true,二手公开城市债务图表,https://static.sse.com.cn/disclosure/bond/announcement/corporate/c/3589847932642607.pdf,https://static.sse.com.cn/disclosure/bond/announcement/corporate/c/3589847932642607.pdf,jiangxi_yichun_2018_secondary.txt,text/plain,2019-01-01,unclassified,0,0,0,,,,registered_no_selected_value,公开评级资料披露宜春市全市2018年末政府债务余额86.37亿元，其中一般债务53.99亿元、专项债务32.38亿元；待以市级财政决算附件复核。
SRC-OFFICIAL-DEBT-GANSU-QINGYANG-2019,庆阳市财政局,A1,true,地方政府债务限额及余额公开表,https://czj.zgqingyang.gov.cn/zwgk/zfxxgkml/cwgk18czj1/zfzw18czj1/content_24366,https://czj.zgqingyang.gov.cn/Upload/czj/xlsx/2021/06/03/%E5%BA%86%E9%98%B3%E5%B8%822019%E5%B9%B4%E5%9C%B0%E6%96%B9%E6%94%BF%E5%BA%9C%E5%80%BA%E5%8A%A1%E9%99%90%E9%A2%9D%E5%8F%8A%E4%BD%99%E9%A2%9D%E5%86%B3%E7%AE%97%E6%83%85%E5%86%B5%E8%A1%A8.xlsx,gansu_qingyang_2019_debt.txt,text/plain,2021-06-03,unclassified,0,0,0,,,,registered_no_selected_value,官方公开表直接列示2019年庆阳市全市政府债务余额211.2508070335亿元，其中一般债务125.7731359357亿元、专项债务85.4776710978亿元；采用全市口径，不使用市本级行。
SRC-OFFICIAL-DEBT-GANSU-QINGYANG-2020,庆阳市财政局,A1,true,地方政府债务限额及余额公开表,https://czj.zgqingyang.gov.cn/zwgk/zfxxgkml/cwgk18czj1/zfzw18czj1/content_24368,https://czj.zgqingyang.gov.cn/Upload/czj/xlsx/2021/06/03/%E5%BA%86%E9%98%B3%E5%B8%822020%E5%B9%B4%E5%9C%B0%E6%96%B9%E6%94%BF%E5%BA%9C%E5%80%BA%E5%8A%A1%E9%99%90%E9%A2%9D%E5%8F%8A%E4%BD%99%E9%A2%9D%E9%A2%84%E7%AE%97%E6%83%85%E5%86%B5%E8%A1%A8.xlsx,gansu_qingyang_2020_debt.txt,text/plain,2021-06-03,unclassified,0,0,0,,,,registered_no_selected_value,官方预算公开表直接列示2020年庆阳市全市政府债务余额预计执行数248.7989571866亿元，其中一般债务139.9313870089亿元、专项债务108.8675701777亿元；采用全市口径，不使用市本级行。
SRC-OFFICIAL-DEBT-GANSU-QINGYANG-2021,庆阳市财政局,A1,true,地方政府债务限额及余额公开表,https://czj.zgqingyang.gov.cn/zwgk/zfxxgkml/cwgk18czj1/zfzw18czj1/content_24373,https://czj.zgqingyang.gov.cn/Upload/czj/xlsx/2022/09/01/2021%E5%B9%B4%E5%80%BA%E5%8A%A1%E5%85%AC%E5%BC%80%E8%A1%A8.xlsx,gansu_qingyang_2021_debt.txt,text/plain,2022-09-01,unclassified,0,0,0,,,,registered_no_selected_value,官方公开表直接列示2021年庆阳市全市政府债务余额288.8651927381亿元，其中一般债务144.3053738004亿元、专项债务144.5598189377亿元；采用全市口径，不使用市本级行。
SRC-OFFICIAL-DEBT-GANSU-QINGYANG-2025,庆阳市财政局,A1,true,地方政府债务限额及余额公开表,https://czj.zgqingyang.gov.cn/zwgk/zfxxgkml/cwgk18czj1/zfzw18czj1/content_59648,https://czj.zgqingyang.gov.cn/Upload/czj/xlsx/2026/05/19/%E5%BA%86%E9%98%B3%E5%B8%822025%E5%B9%B4%E5%9C%B0%E6%96%B9%E6%94%BF%E5%BA%9C%E5%80%BA%E5%8A%A1%E9%99%90%E9%A2%9D%E5%8F%8A%E4%BD%99%E9%A2%9D%E9%A2%84%E7%AE%97%E6%83%85%E5%86%B5%E8%A1%A8.xlsx,gansu_qingyang_2025_debt.txt,text/plain,2026-05-19,unclassified,0,0,0,,,,registered_no_selected_value,官方预算公开表直接列示2025年庆阳市全市政府债务余额预计执行数544.02亿元，其中一般债务172.82亿元、专项债务371.20亿元；采用全市口径，不使用市本级行。
SRC-OFFICIAL-DEBT-YUNNAN-NUJIANG-2024,怒江州财政局,A2,true,地方政府债务限额及余额公开表,https://file.nujiang.cn/files/20250211/3f09919e608667a542543abe676900af.doc,https://file.nujiang.cn/files/20250211/3f09919e608667a542543abe676900af.doc,nujiang_2024_official_debt_report.txt,text/plain,2025-02-07,unclassified,0,0,0,,,,registered_no_selected_value,怒江州财政局官方债务管理报告披露2024年末全州政府法定债务余额174.10亿元，其中一般债券111.59亿元、专项债券62.51亿元；原文专项债单位有笔误，按同段落及金额口径记录为亿元。
SRC-OFFICIAL-DEBT-YUNNAN-WENSHAN-2024,文山州财政局,A2,true,地方政府债务限额及余额公开表,https://www.ynws.gov.cn/wszzf/zczj100/pc/content/content_1882384203414593536.html,https://www.ynws.gov.cn/wszzf/zczj100/pc/content/content_1882384203414593536.html,wenshan_2024_official_report.txt,text/plain,2025-01-23,city_year,1,1,1,CN-532600,2024,statutory_debt_balance_100m,accepted,官方预算执行报告披露2024年末全州政府法定债务余额8965882万元，即896.5882亿元；该年度报告注明为预算执行快报口径，不使用州本级余额替代全州余额。
SRC-OFFICIAL-DEBT-YUNNAN-XISHUANGBANNA-2024,西双版纳州财政局,A2,true,地方政府债务限额及余额公开表,https://www.xsbn.gov.cn/czj/93667.news.detail.dhtml?news_id=2940308,https://www.xsbn.gov.cn/czj/93667.news.detail.dhtml?news_id=2940308,xishuangbanna_2024_official_report.txt,text/plain,2025-02-08,city_year,1,1,1,CN-532800,2024,statutory_debt_balance_100m,accepted,官方预算执行报告披露2024年全州地方政府债务余额305.39亿元；原文注明为快报数，待省级批复决算后复核，不使用州本级余额替代全州余额。
SRC-OFFICIAL-DEBT-YUNNAN-XISHUANGBANNA-2023-FROM-2024-REPORT,西双版纳州财政局,A2,true,地方政府债务限额及余额公开表,https://www.xsbn.gov.cn/czj/93667.news.detail.dhtml?news_id=2940308,https://www.xsbn.gov.cn/czj/93667.news.detail.dhtml?news_id=2940308,yunnan_xishuangbanna_2023_from_2024_report.txt,text/plain,2025-02-08,city_year,1,1,1,CN-532800,2023,statutory_debt_balance_100m,accepted,西双版纳州财政预算执行报告顺带披露2023年末全州地方政府债务余额260.6亿元；该值为报告中的前年度余额，接入全州口径，待正式决算附件复核。
SRC-SECONDARY-DEBT-YUNNAN-XISHUANGBANNA-2022,方正证券（经新浪财经公开转载）,B2,true,二手公开城市债务图表,https://finance.sina.com.cn/money/bond/market/2023-02-22/doc-imyhprua8486537.shtml,https://n.sinaimg.cn/spider20230222/481/w855h426/20230222/b8ba-b5c76b814dd106b99afb8dc886b91c4a.png,yunnan_xishuangbanna_2022_secondary.txt,text/plain,2023-02-22,unclassified,0,0,0,,,,registered_no_selected_value,公开研究报告表9列示2022年西双版纳州政府债务余额299.2亿元，其中一般债务95亿元、专项债务204亿元；按B2二手来源接入，待州级财政决算附件复核，不使用州本级数据替代全州。
SRC-OFFICIAL-DEBT-YUNNAN-DALI-2022,大理白族自治州财政局,A1,true,地方政府债务限额及余额公开表,https://www.dali.gov.cn/dlzrmzf/c106264/1971044670753574912/OiDIcurk.pdf,https://www.dali.gov.cn/dlzrmzf/c106264/1971044670753574912/OiDIcurk.pdf,yunnan_dali_2022_city_debt.txt,text/plain,2023-08-01,unclassified,0,0,0,,,,registered_no_selected_value,大理州财政局公开决算表按全州口径列示2022年末政府债务余额6431001.99万元，其中一般债务1926511.42万元、专项债务4504490.57万元；不使用州本级行替代全州。
SRC-OFFICIAL-DEBT-YUNNAN-DEHONG-2018,德宏州财政局,A1,true,地方政府债务限额及余额公开表,https://www.dh.gov.cn/czj/Attach/1909/1109111232653EF.pdf,https://www.dh.gov.cn/czj/Attach/1909/1109111232653EF.pdf,yunnan_dehong_2018_city_debt.txt,text/plain,2019-09-11,unclassified,0,0,0,,,,registered_no_selected_value,德宏州财政局官方决算附件表29列示2018年末德宏州全州政府债务余额1869383万元，其中一般债务951623万元、专项债务917760万元；接入全州行，不使用州本级或县市行替代全州。
SRC-OFFICIAL-DEBT-SHANXI-DATONG-2022,大同市人民政府、大同市财政局,A2,true,地方政府债务限额及余额公开表,https://www.dt.gov.cn/dtszf/czzjxx/202304/3ad0a72a62464eaa866d5c17a82470f8.shtml,https://www.dt.gov.cn/dtszf/czzjxx/202304/3ad0a72a62464eaa866d5c17a82470f8.shtml,shanxi_datong_2022_debt.txt,text/plain,2023-04-01,city_year,1,1,1,CN-140200,2022,statutory_debt_balance_100m,accepted,大同市人民政府门户网站公开预算报告直接披露2022年底全市政府债务余额；仅接入全市口径，不以市本级或区县行替代全市。
SRC-SECONDARY-DEBT-SHANXI-LINFEN-2022,评级机构公开报告,B2,true,二手公开城市债务图表,https://www.chinamoney.com.cn/dqs/cm-s-notice-query/fileDownLoad.do?contentId=2773223&mode=open&priority=0,https://www.chinamoney.com.cn/dqs/cm-s-notice-query/fileDownLoad.do?contentId=2773223&mode=open&priority=0,shanxi_linfen_2022_debt.txt,text/plain,2023-01-01,city_year,1,1,1,CN-141000,2022,statutory_debt_balance_100m,accepted,公开评级报告引用临汾市政府公开财政资料并披露2022年末全市法定债务余额；本条仅接入总余额，不反推一般债务和专项债务，待市财政厅原始表复核。
SRC-SECONDARY-DEBT-SHANXI-JINZHONG-2022,晋中市财政局、晋中市人民政府,B2,true,二手公开城市债务图表,https://www.gcs66.com/document_detail/104400.html,https://www.gcs66.com/document_detail/104400.html,shanxi_jinzhong_2022_debt.txt,text/plain,2023-03-22,unclassified,0,0,0,,,,registered_no_selected_value,公开转载的晋中市财政局预算报告明确披露截至2022年底全市政府性债务余额及一般、专项债务分项；本条仅接入政府负有偿还责任的法定债务口径，不把担保责任和救助责任债务并入。
SRC-OFFICIAL-DEBT-SHAANXI-CITIES-2019,陕西省财政厅,A1,true,地方政府债务限额及余额公开表,https://czt.shaanxi.gov.cn/xxgk/zdgk/cjsj/2020/202002/P020250220517269707119.pdf,https://czt.shaanxi.gov.cn/xxgk/zdgk/cjsj/2020/202002/P020250220517269707119.pdf,shaanxi_2019_city_debt.txt,text/plain,2020-01-01,unclassified,0,0,0,,,,registered_no_selected_value,陕西省财政厅官方预算执行PDF分别披露一般债务、专项债务分市余额；本条将两项余额相加形成法定债务余额，并保留一般/专项分项。仅接入当前缺口的地级市，不将杨凌示范区等非本项目地级行政单元映射入地级市。
SRC-OFFICIAL-DEBT-SHAANXI-CITIES-2021,陕西省财政厅,A1,true,地方政府债务限额及余额公开表,https://czt.shaanxi.gov.cn/xxgk/zdgk/cjsj/2022/202201/P020250220517916708118.pdf,https://czt.shaanxi.gov.cn/xxgk/zdgk/cjsj/2022/202201/P020250220517916708118.pdf,shaanxi_2021_city_debt.txt,text/plain,2022-01-01,unclassified,0,0,0,,,,registered_no_selected_value,陕西省财政厅官方预算PDF分别披露一般债务、专项债务分市余额；本条将两项余额相加形成法定债务余额，并保留一般/专项分项。仅接入当前缺口的地级市，不将杨凌示范区等非本项目地级行政单元映射入地级市。
SRC-OFFICIAL-DEBT-SHAANXI-CITIES-2018,陕西省财政厅,A1,true,地方政府债务限额及余额公开表,https://czt.shaanxi.gov.cn/sy/ztzl/zqfx/201908/P020250220558940335920.pdf,https://czt.shaanxi.gov.cn/sy/ztzl/zqfx/201908/P020250220558940335920.pdf,shaanxi_2018_city_debt.txt,text/plain,2019-08-01,multicity_batch,10,1,10,CN-610100;CN-610200;CN-610300;CN-610400;CN-610500;CN-610600;CN-610700;CN-610800;CN-610900;CN-611000,2018,statutory_debt_balance_100m,accepted,陕西省财政厅公开PDF正文直接披露各市余额；本条接入7个当前缺口地级市，官方原文以亿元整数表述，不反推一般债务和专项债务，不将西咸新区、韩城、杨凌等非本项目地级行政单元映射入地级市。
SRC-OFFICIAL-DEBT-FUJIAN-CITIES-2018,福建省财政厅,A1,true,地方政府债务限额及余额公开表,https://czt.fujian.gov.cn/ztzl/sjyjsgkpt/sjzfyjsgk/sjys/202106/t20210602_5606006.htm,https://czt.fujian.gov.cn/ztzl/sjyjsgkpt/sjzfyjsgk/sjys/202106/P020210602582362333692.xlsx,fujian_2018_city_debt.txt,text/plain,2019-02-02,multicity_batch,8,1,8,CN-350100;CN-350300;CN-350400;CN-350500;CN-350600;CN-350700;CN-350800;CN-350900,2018,statutory_debt_balance_100m,accepted,福建省财政厅公开附件逐行列示9个地区，其中接入9个设区市的全市口径；余额为2018年末预计执行数，不将省本级、平潭综合实验区或全省合计映射为地级市。原始附件为 XLSX，项目按余额列转录至同目录中文文本以便现有文本解析器审计。
SRC-OFFICIAL-DEBT-FUJIAN-CITIES-2019,福建省财政厅,A1,true,地方政府债务限额及余额公开表,https://czt.fujian.gov.cn/ztzl/sjyjsgkpt/sjzfyjsgk/sjys/202106/t20210602_5606009.htm,https://czt.fujian.gov.cn/ztzl/sjyjsgkpt/sjzfyjsgk/sjys/202106/P020210602584298699776.xlsx,fujian_2019_city_debt.txt,text/plain,2020-02-04,multicity_batch,8,1,8,CN-350100;CN-350300;CN-350400;CN-350500;CN-350600;CN-350700;CN-350800;CN-350900,2019,statutory_debt_balance_100m,accepted,福建省财政厅公开附件逐行列示9个地区，其中接入9个设区市的全市口径；余额为2019年末预计执行数，不将省本级、平潭综合实验区或全省合计映射为地级市。原始附件为 XLSX，项目按余额列转录至同目录中文文本以便现有文本解析器审计。
SRC-OFFICIAL-DEBT-FUJIAN-CITIES-2020,福建省财政厅,A1,true,地方政府债务限额及余额公开表,https://czt.fujian.gov.cn/ztzl/sjyjsgkpt/sjzfyjsgk/sjys/202106/t20210602_5606010.htm,https://czt.fujian.gov.cn/ztzl/sjyjsgkpt/sjzfyjsgk/sjys/202106/P020210602585558717275.xlsx,fujian_2020_city_debt.txt,text/plain,2021-06-02,multicity_batch,8,1,8,CN-350100;CN-350300;CN-350400;CN-350500;CN-350600;CN-350700;CN-350800;CN-350900,2020,statutory_debt_balance_100m,accepted,福建省财政厅公开附件逐行列示9个地区，其中接入9个设区市的全市口径；余额为2020年末预计执行数，不将省本级、平潭综合实验区或全省合计映射为地级市。原始附件为 XLSX，项目按余额列转录至同目录中文文本以便现有文本解析器审计。
SRC-OFFICIAL-DEBT-FUJIAN-FUZHOU-2023,福州市财政局,A2,true,地方政府债务限额及余额公开表,https://www.fuzhou.gov.cn/zgfzzt/czzj/dfzfzqfx/202402/P020240204605180619373.pdf,https://www.fuzhou.gov.cn/zgfzzt/czzj/dfzfzqfx/202402/P020240204605180619373.pdf,fujian_fuzhou_2023_debt.txt,text/plain,2024-02-04,city_year,1,1,1,CN-350100,2023,statutory_debt_balance_100m,accepted,官方预算公开中的预计执行口径；仅接入全市总余额，不用市本级余额替代全市，待正式决算表取得后复核。
SRC-OFFICIAL-DEBT-FUJIAN-QUANZHOU-2023,泉州市财政局,A2,true,地方政府债务限额及余额公开表,https://www.quanzhou.gov.cn/zfb/xxgk/ztxxgk/czzj/czys/202407/P020240729657604824558.pdf,https://www.quanzhou.gov.cn/zfb/xxgk/ztxxgk/czzj/czys/202407/P020240729657604824558.pdf,fujian_quanzhou_2023_debt.txt,text/plain,2024-07-29,unclassified,0,0,0,,,,registered_no_selected_value,官方决算公开的最终口径；采用 2342.54 亿元，不采用较早预算执行公开的 2343.54 亿元预计数。
SRC-OFFICIAL-DEBT-FUJIAN-FUZHOU-2021,福州市财政局,A2,true,地方政府债务限额及余额公开表,https://www.fuzhou.gov.cn/zgfzzt/czzj/dfzfzqfx/202306/t20230629_4628888.htm,https://www.fuzhou.gov.cn/zgfzzt/czzj/dfzfzqfx/202306/P020230629552960549938.xlsx,fujian_fuzhou_2021_official.txt,text/plain,2023-02-23,unclassified,0,0,0,,,,registered_no_selected_value,官方页面披露截至2021年底全市政府债务余额预计执行数1587.93亿元，附件表1-1同时列示一般债务482.39亿元、专项债务1105.54亿元；不将市本级881.17亿元映射为全市。
SRC-OFFICIAL-DEBT-FUJIAN-QUANZHOU-2021,泉州市财政局,A2,true,地方政府债务限额及余额公开表,https://czj.quanzhou.gov.cn/ztzl/jsgkpt/sjys/202201/t20220129_2693360.htm,https://czj.quanzhou.gov.cn/ztzl/jsgkpt/sjys/202201/t20220129_2693360.htm,fujian_quanzhou_2021_official.txt,text/plain,2022-01-29,city_year,1,1,1,CN-350500,2021,statutory_debt_balance_100m,accepted,官方页面披露截至2021年底全市政府债务余额预计执行数1865.66亿元；同时披露市本级454.33亿元，不将市本级映射为全市。
SRC-SECONDARY-DEBT-FUJIAN-NANPING-2021,中诚信国际（引用南平市预算报告）,B2,true,二手公开城市债务图表,https://www.chinamoney.com.cn/dqs/cm-s-notice-query/fileDownLoad.do?contentId=2391580&mode=open&priority=0,https://www.chinamoney.com.cn/dqs/cm-s-notice-query/fileDownLoad.do?contentId=2391580&mode=open&priority=0,fujian_nanping_2021_secondary.txt,text/plain,2022-06-29,unclassified,0,0,0,,,,registered_no_selected_value,评级报告引用南平市2021年预算执行情况及2022年预算草案的报告，列示全市余额580.95亿元、一般230.91亿元、专项350.05亿元；当前按B2接入，待原始市级预算报告复核。
SRC-SECONDARY-DEBT-FUJIAN-NINGDE-2021,中诚信国际（引用宁德市财政材料）,B2,true,二手公开城市债务图表,https://static.cninfo.com.cn/finalpage/2022-12-15/1215370036.pdf,https://static.cninfo.com.cn/finalpage/2022-12-15/1215370036.pdf,fujian_ningde_2021_secondary.txt,text/plain,2022-12-15,unclassified,0,0,0,,,,registered_no_selected_value,评级报告列示截至2021年底宁德市全市余额673.37亿元、一般255.68亿元、专项417.69亿元；当前按B2接入，待原始市级预算报告复核。
SRC-SECONDARY-DEBT-FUJIAN-NANPING-2022,联合资信评估股份有限公司,B2,true,二手公开城市债务图表,https://www.lhratings.com/reports/B1142-P11386-2018-GZ2023.pdf,https://www.lhratings.com/reports/B1142-P11386-2018-GZ2023.pdf,fujian_nanping_2022_secondary.txt,text/plain,2023-07-26,city_year,1,1,1,CN-350700,2022,statutory_debt_balance_100m,accepted,评级报告明确披露截至2022年末南平市政府债务余额734.80亿元；未披露一般/专项拆分，仅接入全市总额，待南平市财政原始决算表复核。
SRC-SECONDARY-DEBT-FUJIAN-NINGDE-2022,公开评级机构研究报告,B2,true,二手公开城市债务图表,https://static.sse.com.cn/bond/bridge2/disclosure/announcement/c/202403/039889_20240311_HPTD.pdf,https://static.sse.com.cn/bond/bridge2/disclosure/announcement/c/202403/039889_20240311_HPTD.pdf,fujian_ningde_2022_secondary.txt,text/plain,2024-03-11,unclassified,0,0,0,,,,registered_no_selected_value,评级报告明确披露截至2022年末宁德市全市余额813.08亿元、一般264.98亿元、专项548.10亿元；接入B2二手来源，待宁德市财政原始决算表复核。
SRC-SECONDARY-DEBT-FUJIAN-NINGDE-2023,联合资信评估股份有限公司,B2,true,二手公开城市债务图表,https://www.lhratings.com/reports/B2564-P73534-2024.pdf,https://www.lhratings.com/reports/B2564-P73534-2024.pdf,fujian_ningde_2023_secondary.txt,text/plain,2024-06-27,city_year,1,1,1,CN-350900,2023,statutory_debt_balance_100m,accepted,评级报告明确披露截至2023年底宁德市政府债务余额917.33亿元；未披露一般/专项拆分，仅接入全市总额，待宁德市财政原始决算表复核。
SRC-OFFICIAL-DEBT-YUNNAN-LINCANG-2021,临沧市财政局,A2,true,地方政府债务限额及余额公开表,https://lincang.gov.cn/zfxxgk_lcs/artview/347/317940.html,https://lincang.gov.cn/zfxxgk_lcs/artview/347/317940.html,yunnan_lincang_2021_official.txt,text/plain,2022-01-01,city_year,1,1,1,CN-530900,2021,statutory_debt_balance_100m,accepted,官方预算执行报告披露截至2021年12月末全市余额4336542万元，换算为433.6542亿元；接入全市口径，不使用市级余额替代全市。
SRC-SECONDARY-DEBT-YUNNAN-YUXI-2021,民生证券研究院,B2,true,二手公开城市债务图表,https://pdf.dfcfw.com/pdf/H3_AP202302021582630248_1.pdf?1675346169000.pdf,https://pdf.dfcfw.com/pdf/H3_AP202302021582630248_1.pdf?1675346169000.pdf,yunnan_yuxi_2021_secondary.txt,text/plain,2023-02-01,city_year,1,1,1,CN-530400,2021,statutory_debt_balance_100m,accepted,公开研究报告列示2021年玉溪市全市余额622亿元；当前按B2接入，待玉溪市财政局全市决算债务表复核。
SRC-SECONDARY-DEBT-YUNNAN-LIJIANG-2021,公开转载页面（原文署名丽江市财政局）,B2,true,二手公开城市债务图表,https://www.gcs66.com/document_detail/114024.html,https://www.gcs66.com/document_detail/114024.html,yunnan_lijiang_2021_secondary.txt,text/plain,2022-02-15,unclassified,0,0,0,,,,registered_no_selected_value,公开转载页面保留原文署名丽江市财政局的报告，明确给出2021年末全市余额287.88亿元，其中一般债务108.20、专项债务179.68；报告注明为快报数，待正式决算复核。
SRC-SECONDARY-DEBT-GANSU-JINCHANG-2020,东方金诚国际信用评估有限公司,B2,true,二手公开城市债务图表,https://static.sse.com.cn/disclosure/bond/announcement/corporate/c/2021-06-29/4223537602016520854989626.pdf,https://static.sse.com.cn/disclosure/bond/announcement/corporate/c/2021-06-29/4223537602016520854989626.pdf,gansu_jinchang_2020_rating.txt,text/plain,2021-06-29,city_year,1,1,1,CN-620300,2020,statutory_debt_balance_100m,accepted,评级报告明确披露截至2020年末金昌市全市地方政府债务余额68.31亿元；未披露一般/专项分项，仅接入全市总额，标记为B2二手来源，待金昌市财政决算原表复核。
SRC-SECONDARY-DEBT-GANSU-PINGLIANG-2021,GCS66公开镜像（原文：平凉市财政局）,B2,true,二手公开城市债务图表,https://www.gcs66.com/document_detail/114685.html,https://www.gcs66.com/document_detail/114685.html,gansu_pingliang_2021_secondary.txt,text/plain,2021-12-11,unclassified,0,0,0,,,,registered_no_selected_value,公开镜像文本明确记载2021年底平凉市全市政府债务余额208.03亿元，其中一般债务87.52亿元、专项债务120.51亿元；保留B2待市级财政原始公开文本复核，不计入A1/A2官方硬门槛。
SRC-OFFICIAL-DEBT-GANSU-TIANSHUI-2019-CALCULATED,天水市财政局,A2,true,地方政府债务限额及余额公开表,https://www.tianshui.gov.cn/czj/info/1261/24792.htm,https://www.tianshui.gov.cn/czj/info/1261/24792.htm,gansu_tianshui_2019_calculated_from_2020.txt,text/plain,2021-09-17,city_year,1,1,1,CN-620500,2019,statutory_debt_balance_100m,accepted,官方2020年度说明披露2020年全市余额164.64亿元、较上年增加27.17亿元；按164.64-27.17计算2019年总余额137.47亿元。仅接入总额，不反推一般/专项分项。
SRC-OFFICIAL-DEBT-GANSU-TIANSHUI-2020,天水市财政局,A2,true,地方政府债务限额及余额公开表,https://www.tianshui.gov.cn/czj/info/1261/24792.htm,https://www.tianshui.gov.cn/czj/info/1261/24792.htm,gansu_tianshui_2020_city_debt.txt,text/plain,2021-09-17,unclassified,0,0,0,,,,registered_no_selected_value,天水市财政局官方说明明确披露2020年全市政府债务余额164.64亿元，其中一般债务65.26亿元、专项债务99.38亿元；不使用市本级余额56.28亿元。
SRC-OFFICIAL-DEBT-SHAANXI-BAOJI-2022,宝鸡市财政局,A1,true,地方政府债务限额及余额公开表,https://czj.baoji.gov.cn/zzzb/yjsgk/202308/P020241228646214915421.pdf,https://czj.baoji.gov.cn/zzzb/yjsgk/202308/P020241228646214915421.pdf,shaanxi_baoji_2022_city_debt.txt,text/plain,2023-07-24,unclassified,0,0,0,,,,registered_no_selected_value,宝鸡市财政局最终公开报告列示2022年全市政府债务余额369.48亿元，其中一般债务184.28亿元、专项债务185.20亿元；不使用市本级行。
SRC-OFFICIAL-DEBT-SHAANXI-HANZHONG-2022,汉中市财政局,A1,true,地方政府债务限额及余额公开表,https://www.hanzhong.gov.cn/hzszf/zwgk/czzj/szfczys/yqndys/202307/640d0d7207414b7390babca941f4250c/files/%E6%B1%89%E4%B8%AD%E5%B8%822022%E5%B9%B4%E8%B4%A2%E6%94%BF%E9%A2%84%E7%AE%97%E6%89%A7%E8%A1%8C%E6%83%85%E5%86%B5%E5%92%8C2023%E5%B9%B4%E8%B4%A2%E6%94%BF%E9%A2%84%E7%AE%97%E8%8D%89%E6%A1%88%E7%9A%84%E6%8A%A5%E5%91%8A.pdf,https://www.hanzhong.gov.cn/hzszf/zwgk/czzj/szfczys/yqndys/202307/640d0d7207414b7390babca941f4250c/files/%E6%B1%89%E4%B8%AD%E5%B8%822022%E5%B9%B4%E8%B4%A2%E6%94%BF%E9%A2%84%E7%AE%97%E6%89%A7%E8%A1%8C%E6%83%85%E5%86%B5%E5%92%8C2023%E5%B9%B4%E8%B4%A2%E6%94%BF%E9%A2%84%E7%AE%97%E8%8D%89%E6%A1%88%E7%9A%84%E6%8A%A5%E5%91%8A.pdf,shaanxi_hanzhong_2022_city_debt.txt,text/plain,2023-07-24,unclassified,0,0,0,,,,registered_no_selected_value,汉中市财政局公开附件中的一般债务、专项债务余额表列示2022年全市一般债务余额200.18亿元、专项债务余额231.20亿元，合计431.38亿元；不使用市本级行。
SRC-SECONDARY-DEBT-SHAANXI-YANAN-2022,GCS66公开镜像（原文：延安市财政局）,B2,true,二手公开城市债务图表,https://www.gcs66.com/document_detail/114377.html,https://www.gcs66.com/document_detail/114377.html,shaanxi_yanan_2022_secondary.txt,text/plain,2023-07-24,unclassified,0,0,0,,,,registered_no_selected_value,公开镜像完整摘录延安市财政局报告，原文单位为万元；接入前按0.0001换算为亿元，保留B2待市级财政原始附件复核。
SRC-SECONDARY-DEBT-SHAANXI-XIANYANG-2022,东方金诚国际信用评估有限公司,B2,true,二手公开城市债务图表,https://static.sse.com.cn/bond/bridge2/disclosure/announcement/c/202310/035674_20231023_5I54.pdf,https://static.sse.com.cn/bond/bridge2/disclosure/announcement/c/202310/035674_20231023_5I54.pdf,shaanxi_xianyang_2022_secondary.txt,text/plain,2023-10-23,unclassified,0,0,0,,,,registered_no_selected_value,评级报告明确给出截至2022年末咸阳市全市总额及一般/专项分项；接入B2，待咸阳市财政原始公开表复核。
SRC-SECONDARY-DEBT-SHAANXI-WEINAN-2022,评级机构公开报告,B2,true,二手公开城市债务图表,https://qxb-pdf-osscache.qixin.com/AnBaseinfo/7042f5a47807d55937d5cfd039206c7d.pdf,https://qxb-pdf-osscache.qixin.com/AnBaseinfo/7042f5a47807d55937d5cfd039206c7d.pdf,shaanxi_weinan_2022_secondary.txt,text/plain,2023-07-24,unclassified,0,0,0,,,,registered_no_selected_value,评级报告明确给出2022年末渭南市全市总额及一般/专项分项，并引用渭南市财政公开报告；接入B2，待市级财政原始表复核。
SRC-OFFICIAL-DEBT-SHAANXI-SHANGLUO-2022,陕西省财政厅,A2,true,地方政府债务限额及余额公开表,https://www.mof.gov.cn/zhuantihuigu/2023ysbghb/202302/P020230214612503171187.pdf,https://www.mof.gov.cn/zhuantihuigu/2023ysbghb/202302/P020230214612503171187.pdf,shaanxi_shangluo_2022_city_debt.txt,text/plain,2023-02-14,unclassified,0,0,0,,,,registered_no_selected_value,陕西省财政厅官方附件分别列示商洛市一般债务余额309.07亿元、专项债务余额95.90亿元；法定债务余额404.97亿元为两项官方分项的精确加总，不使用限额。
SRC-SECONDARY-DEBT-GUANGXI-NANNING-2018,联合资信评估股份有限公司,B2,true,二手公开城市债务图表,https://www.lhratings.com/reports/B009843-P10241-GZ2019.pdf,https://www.lhratings.com/reports/B009843-P10241-GZ2019.pdf,guangxi_nanning_2018_secondary.txt,text/plain,2019-07-25,unclassified,0,0,0,,,,registered_no_selected_value,评级报告明确披露截至2018年底南宁市全市法定债务余额及一般、专项分项；来源等级B2，待南宁市财政决算原表复核。
SRC-PROVINCE-DEBT-GUANGXI-2019-CITY-BALANCE,广西壮族自治区财政厅（公开表转载核对）,B2,true,地方政府债务限额及余额公开表,http://czt.gxzf.gov.cn/xwdt/tzgg/20200212-1426620.shtml,http://czt.gxzf.gov.cn/data/file/2020/02/12/66be346284d45e352d65fa04f1286edd.xls,guangxi_2019_city_debt.txt,text/plain,2020-02-12,unclassified,0,0,0,,,,registered_no_selected_value,原表由广西壮族自治区财政厅公开，当前从公开转载页面核对转录；直接列示12个地级市全市口径2019年末余额及一般、专项拆分，来源等级B2，待官方XLS附件重新可访问后复核。
SRC-SECONDARY-DEBT-GUANGXI-WUZHOU-2020,梧州市财政局/公开预算执行报告,B2,true,二手公开城市债务图表,https://www.gcs66.com/document_detail/111500.html,https://www.gcs66.com/document_detail/111500.html,guangxi_wuzhou_2020_secondary.txt,text/plain,2021-01-01,unclassified,0,0,0,,,,registered_no_selected_value,公开预算执行报告明确披露2020年底梧州市全市政府债务余额299.89亿元，其中一般债务169.20亿元、专项债务130.69亿元；待市级财政决算附件复核。
SRC-SECONDARY-DEBT-GUANGXI-HEZHOU-2020,贺州市财政局/公开预算执行报告,B2,true,二手公开城市债务图表,https://www.gcs66.com/document_detail/111652.html,https://www.gcs66.com/document_detail/111652.html,guangxi_hezhou_2020_secondary.txt,text/plain,2021-01-01,unclassified,0,0,0,,,,registered_no_selected_value,公开预算执行报告明确披露2020年末贺州市全市政府债务余额212.86亿元，其中一般债务113.96亿元、专项债务98.90亿元；待市级财政决算附件复核。
SRC-SECONDARY-DEBT-GUANGXI-LIUZHOU-2020,东方金诚国际信用评估有限公司（引用柳州市财政局公开资料）,B2,true,二手公开城市债务图表,https://static.sse.com.cn/disclosure/bond/announcement/corporate/c/2021-06-28/4222718273226241406245626.pdf,https://static.sse.com.cn/disclosure/bond/announcement/corporate/c/2021-06-28/4222718273226241406245626.pdf,guangxi_liuzhou_2020_secondary.txt,text/plain,2021-06-28,unclassified,0,0,0,,,,registered_no_selected_value,评级报告区域经济财政数据明确列示2020年末柳州市全市政府债务余额645.57亿元，其中一般债务201.93亿元、专项债务443.64亿元；接入B2，待市级财政原始附件复核。
SRC-SECONDARY-DEBT-GUANGXI-GUILIN-2020,中诚信国际信用评级有限责任公司,B2,true,二手公开城市债务图表,https://www.ccxi.com.cn/public/upload/files/20210705/1625461080.pdf,https://www.ccxi.com.cn/public/upload/files/20210705/1625461080.pdf,guangxi_guilin_2020_secondary.txt,text/plain,2021-07-05,city_year,1,1,1,CN-450300,2020,statutory_debt_balance_100m,accepted,评级报告区域经济财政数据明确列示2020年末桂林市全市政府债务余额533.36亿元，但未同步披露一般/专项拆分；接入总余额，待市级财政原始附件补充分项。
SRC-SECONDARY-DEBT-GUANGXI-GUIGANG-2020,东方金诚国际信用评估有限公司（引用贵港市财政局公开资料）,B2,true,二手公开城市债务图表,https://static.sse.com.cn/disclosure/bond/announcement/corporate/c/2021-11-22/4349745786929099887588948.pdf,https://static.sse.com.cn/disclosure/bond/announcement/corporate/c/2021-11-22/4349745786929099887588948.pdf,guangxi_guigang_2020_secondary.txt,text/plain,2021-11-22,unclassified,0,0,0,,,,registered_no_selected_value,评级报告区域经济财政数据明确列示2020年末贵港市全市政府债务余额227.52亿元，其中一般债务109.38亿元、专项债务118.14亿元；接入B2，待市级财政原始附件复核。
SRC-SECONDARY-DEBT-GUANGXI-QINZHOU-2020,东方金诚国际信用评估有限公司（引用钦州市财政局公开资料）,B2,true,二手公开城市债务图表,https://qxb-pdf-osscache.qixin.com/AnBaseinfo/d1e8ec8e929b89e5b043f38e131af2cd.pdf,https://qxb-pdf-osscache.qixin.com/AnBaseinfo/d1e8ec8e929b89e5b043f38e131af2cd.pdf,guangxi_qinzhou_2020_secondary.txt,text/plain,2021-08-30,unclassified,0,0,0,,,,registered_no_selected_value,评级报告区域经济财政数据明确列示2020年末钦州市全市政府债务余额334.55亿元，其中一般债务144.17亿元、专项债务190.39亿元；接入B2，待市级财政原始附件复核。
SRC-OFFICIAL-DEBT-GUANGXI-FANGCHENGGANG-2020,防城港市人民政府,A2,true,地方政府债务限额及余额公开表,https://www.fcgs.gov.cn/czj/zfxxgk/fdzdgknr/zwgk/t14084830.shtml,https://www.fcgs.gov.cn/czj/zfxxgk/fdzdgknr/zwgk/P020231109017969404869.pdf,guangxi_fangchenggang_2020_official.txt,text/plain,2021-01-28,unclassified,0,0,0,,,,registered_no_selected_value,官方报告附表列示防城港市全市2020年末政府债务余额1988208万元，其中一般债务1219991万元、专项债务768217万元；按0.0001换算为亿元，排除市本级及区县明细行。
SRC-SECONDARY-DEBT-GUANGXI-BAISE-2020,评级机构公开报告,B2,true,二手公开城市债务图表,https://qxb-pdf-osscache.qixin.com/AnBaseinfo/2608f5635ba523221bc8997b0b935378.pdf,https://qxb-pdf-osscache.qixin.com/AnBaseinfo/2608f5635ba523221bc8997b0b935378.pdf,guangxi_baise_2020_secondary.txt,text/plain,2021-06-25,unclassified,0,0,0,,,,registered_no_selected_value,评级报告明确披露2020年末百色市全市政府债务余额455.70亿元，其中一般债务264.15亿元、专项债务191.55亿元；接入B2，待市级财政原始附件复核。
SRC-SECONDARY-DEBT-GUANGXI-HECHI-2020,东方金诚国际信用评估有限公司,B2,true,二手公开城市债务图表,https://www.sse.com.cn/disclosure/bond/announcement/corporate/c/2021-06-25/4220431331499867728209809.pdf,https://www.sse.com.cn/disclosure/bond/announcement/corporate/c/2021-06-25/4220431331499867728209809.pdf,guangxi_hechi_2020_secondary.txt,text/plain,2021-06-25,unclassified,0,0,0,,,,registered_no_selected_value,评级报告明确披露2020年末河池市全市政府债务余额296.21亿元，其中一般债务242.64亿元、专项债务53.57亿元；接入B2，待市级财政原始附件复核。
SRC-SECONDARY-DEBT-GUANGXI-YULIN-2020,中诚信国际信用评级有限责任公司,B2,true,二手公开城市债务图表,https://qxb-pdf-osscache.qixin.com/AnBaseinfo/fd3776997026ca2f1d3f31c7e4ff2d10.pdf,https://qxb-pdf-osscache.qixin.com/AnBaseinfo/fd3776997026ca2f1d3f31c7e4ff2d10.pdf,guangxi_yulin_2020_secondary.txt,text/plain,2021-06-25,city_year,1,1,1,CN-450900,2020,statutory_debt_balance_100m,accepted,评级报告区域经济财政数据明确列示2020年末玉林市全市政府债务余额322.43亿元，但未同步披露一般/专项拆分；接入总余额，待市级财政原始附件补充分项。
SRC-SECONDARY-DEBT-GUANGXI-CHONGZUO-2020,东方金诚国际信用评估有限公司（引用崇左市财政预算执行资料）,B2,true,二手公开城市债务图表,https://www.dfratings.com/data/upload/file/20230613/6487bc050c277.pdf,https://www.dfratings.com/data/upload/file/20230613/6487bc050c277.pdf,guangxi_chongzuo_2020_secondary.txt,text/plain,2023-06-13,city_year,1,1,1,CN-451400,2020,statutory_debt_balance_100m,accepted,评级报告引用崇左市财政预算执行资料，明确列示2020年崇左市全市地方政府债务余额275.36亿元，但未同步披露一般/专项拆分；接入总余额，待市级财政原始附件补充分项。
SRC-SECONDARY-DEBT-GUANGXI-NANNING-2020,联合资信评估股份有限公司,B2,true,二手公开城市债务图表,https://www.lhratings.com/reports/B009843-P10241-2017-GZ2021.pdf,https://www.lhratings.com/reports/B009843-P10241-2017-GZ2021.pdf,guangxi_nanning_2020_secondary.txt,text/plain,2021-06-30,unclassified,0,0,0,,,,registered_no_selected_value,评级报告明确披露截至2020年末南宁市全市地方政府债务余额1190.06亿元，其中一般债务608.14亿元、专项债务581.92亿元；接入B2，待市级财政原始附件复核。
SRC-SECONDARY-DEBT-GUANGXI-BEIHAI-2021,北海市财政局/公开预算执行报告,B2,true,二手公开城市债务图表,https://www.gcs66.com/document_detail/111523.html,https://www.gcs66.com/document_detail/111523.html,guangxi_beihai_2021_secondary.txt,text/plain,2022-01-24,unclassified,0,0,0,,,,registered_no_selected_value,公开预算执行报告明确披露2021年末北海市全市政府债务余额256.32亿元，其中一般债务96.94亿元、专项债务159.38亿元；待市级财政决算附件复核。
SRC-SECONDARY-DEBT-GUANGXI-FANGCHENGGANG-2021,防城港市财政局/公开预算执行报告,B2,true,二手公开城市债务图表,https://www.gcs66.com/document_detail/111538.html,https://www.gcs66.com/document_detail/111538.html,guangxi_fangchenggang_2021_secondary.txt,text/plain,2022-02-16,unclassified,0,0,0,,,,registered_no_selected_value,公开预算执行报告明确披露2021年末防城港市全市政府债务余额221.28亿元，其中一般债务122.52亿元、专项债务98.76亿元；待市级财政决算附件复核。
SRC-SECONDARY-DEBT-GUANGXI-GUILIN-2021,桂林市财政局/公开预算执行报告,B2,true,二手公开城市债务图表,https://www.gcs66.com/document_detail/111434.html,https://www.gcs66.com/document_detail/111434.html,guangxi_guilin_2021_secondary.txt,text/plain,2022-01-01,unclassified,0,0,0,,,,registered_no_selected_value,公开预算执行报告明确披露2021年末桂林市全市政府债务余额603.62亿元，其中一般债务286.80亿元、专项债务316.82亿元；待市级财政决算附件复核。
SRC-SECONDARY-DEBT-GUANGXI-HEZHOU-2021,贺州市财政局/公开预算执行报告,B2,true,二手公开城市债务图表,https://www.gcs66.com/document_detail/111653.html,https://www.gcs66.com/document_detail/111653.html,guangxi_hezhou_2021_secondary.txt,text/plain,2022-01-12,unclassified,0,0,0,,,,registered_no_selected_value,公开预算执行报告明确披露2021年末贺州市全市政府债务余额247.26亿元，其中一般债务117.00亿元、专项债务130.26亿元；待市级财政决算附件复核。
SRC-SECONDARY-DEBT-GUANGXI-CHONGZUO-2021,崇左市财政局/公开预算执行报告,B2,true,二手公开城市债务图表,https://www.gcs66.com/document_detail/111746.html,https://www.gcs66.com/document_detail/111746.html,guangxi_chongzuo_2021_secondary.txt,text/plain,2022-02-23,unclassified,0,0,0,,,,registered_no_selected_value,公开预算执行报告原文以万元披露2021年末崇左市全市余额3336539万元、一般债务1659124万元、专项债务1677415万元；已按0.0001换算为亿元，待市级财政决算附件复核。
SRC-SECONDARY-DEBT-GUANGXI-GUILIN-2022,桂林市财政局/公开预算执行报告,B2,true,二手公开城市债务图表,https://www.gcs66.com/document_detail/111433.html,https://www.gcs66.com/document_detail/111433.html,guangxi_guilin_2022_secondary.txt,text/plain,2023-01-01,unclassified,0,0,0,,,,registered_no_selected_value,公开预算执行报告明确披露2022年末桂林市全市政府债务余额664.89亿元，其中一般债务305.40亿元、专项债务359.49亿元；待市级财政决算附件复核。
SRC-SECONDARY-DEBT-GUANGXI-LIUZHOU-2022,中诚信国际信用评级有限责任公司（引用柳州市财政局公开资料）,B2,true,二手公开城市债务图表,https://static.sse.com.cn/disclosure/bond/announcement/company/c/new/2023-06-28/163224_20230628_DEH6.pdf,https://static.sse.com.cn/disclosure/bond/announcement/company/c/new/2023-06-28/163224_20230628_DEH6.pdf,guangxi_liuzhou_2022_secondary.txt,text/plain,2023-06-28,city_year,1,1,1,CN-450200,2022,statutory_debt_balance_100m,accepted,公开评级报告明确披露截至2022年末柳州市全市政府债务余额763.45亿元，但未披露一般/专项拆分；先接入法定债务总余额，待柳州市财政决算附件补充分项。
SRC-SECONDARY-DEBT-GUANGXI-NANNING-2022,东方金诚国际信用评估有限公司（引用南宁市财政公开资料）,B2,true,二手公开城市债务图表,https://www.chinamoney.com.cn/dqs/cm-s-notice-query/fileDownLoad.do?contentId=3281083&mode=save&priority=0,https://www.chinamoney.com.cn/dqs/cm-s-notice-query/fileDownLoad.do?contentId=3281083&mode=save&priority=0,guangxi_nanning_2022_secondary.txt,text/plain,2025-06-01,city_year,1,1,1,CN-450100,2022,statutory_debt_balance_100m,accepted,公开评级资料明确列示2022年南宁市地方政府债务余额1328.22亿元，但未披露一般/专项拆分；先接入法定债务总余额，待市级财政决算附件补充分项。
SRC-SECONDARY-DEBT-GUANGXI-GUIGANG-2022,东方金诚国际信用评估有限公司（引用贵港市财政公开资料）,B2,true,二手公开城市债务图表,https://static.sse.com.cn/disclosure/bond/announcement/corporate/c/new/2025-06-25/184117_20250625_Q88A.pdf,https://static.sse.com.cn/disclosure/bond/announcement/corporate/c/new/2025-06-25/184117_20250625_Q88A.pdf,guangxi_guigang_2022_secondary.txt,text/plain,2025-06-25,city_year,1,1,1,CN-450800,2022,statutory_debt_balance_100m,accepted,公开评级资料明确列示2022年贵港市地方政府债务余额320.81亿元，但未披露一般/专项拆分；先接入法定债务总余额，待市级财政决算附件补充分项。
SRC-SECONDARY-DEBT-GUANGXI-QINZHOU-2022,中证鹏元资信评估股份有限公司（引用钦州市政府公开资料）,B2,true,二手公开城市债务图表,https://static.sse.com.cn/disclosure/bond/announcement/corporate/c/new/2024-07-29/152513_20240729_90GP.pdf,https://static.sse.com.cn/disclosure/bond/announcement/corporate/c/new/2024-07-29/152513_20240729_90GP.pdf,guangxi_qinzhou_2022_secondary.txt,text/plain,2024-07-29,city_year,1,1,1,CN-450700,2022,statutory_debt_balance_100m,accepted,公开评级资料明确列示2022年钦州市地方政府债务余额399.20亿元，但未披露一般/专项拆分；先接入法定债务总余额，待市级财政决算附件补充分项。
SRC-SECONDARY-DEBT-GUANGXI-FANGCHENGGANG-2022,中证鹏元资信评估股份有限公司（引用防城港市政府公开资料）,B2,true,二手公开城市债务图表,https://static.sse.com.cn/bond/bridge2/disclosure/announcement/c/202310/035512_20231023_0WZ1.pdf,https://static.sse.com.cn/bond/bridge2/disclosure/announcement/c/202310/035512_20231023_0WZ1.pdf,guangxi_fangchenggang_2022_secondary.txt,text/plain,2023-10-23,city_year,1,1,1,CN-450600,2022,statutory_debt_balance_100m,accepted,公开评级资料明确列示2022年防城港市地方政府债务余额253.72亿元，但未披露一般/专项拆分；先接入法定债务总余额，待市级财政决算附件补充分项。
SRC-SECONDARY-DEBT-GUANGXI-YULIN-2022,公开评级机构报告,B2,true,二手公开城市债务图表,https://static.sse.com.cn/disclosure/bond/announcement/corporate/c/new/2023-06-12/184660_20230612_YMLR.pdf,https://static.sse.com.cn/disclosure/bond/announcement/corporate/c/new/2023-06-12/184660_20230612_YMLR.pdf,guangxi_yulin_2022_secondary.txt,text/plain,2023-06-12,city_year,1,1,1,CN-450900,2022,statutory_debt_balance_100m,accepted,公开评级资料明确列示截至2022年末玉林市债务余额443.50亿元，但未披露一般/专项拆分；先接入法定债务总余额，待市级财政决算附件补充分项。
SRC-OFFICIAL-DEBT-TIBET-CITIES-2018,西藏自治区财政厅,A1,true,地方政府债务限额及余额公开表,https://www.xizang.gov.cn/zwgk/xxgk_424/zxxxgk/201905/t20190508_69105.html,https://www.xizang.gov.cn/zwgk/xxgk_424/zxxxgk/201905/W020190508567014355489.xlsx,xizang_2018_city_debt.txt,text/plain,2019-03-26,unclassified,0,0,0,,,,registered_no_selected_value,西藏自治区财政厅官方附件表4-1直接列示7个地市（地区）全辖行；以官方表中的债务余额合计、一般债务余额和专项债务余额接入，旧行政名称按别名映射到现行城市主表。
SRC-CITY-DEBT-TIBET-LHASA-2019,拉萨市财政局,A1,true,地方政府债务限额及余额公开表,https://czj.lasa.gov.cn/czj/tggs/202009/63180e0bb98541749f25df93099b3249.shtml,https://czj.lasa.gov.cn/czj/tggs/202009/63180e0bb98541749f25df93099b3249/files/bc093c8b2a6946b88a97ad8ad5ba5e89.xls,xizang_lhasa_2019_city_debt.txt,text/plain,2020-09-18,unclassified,0,0,0,,,,registered_no_selected_value,拉萨市财政局公开的2019年度全辖决算附件J25直接列示年末全辖债务余额376758万元，其中一般债务123758万元、专项债务253000万元；按0.0001换算为亿元。
SRC-CITY-DEBT-TIBET-CHANGDU-2019,昌都市财政局,A2,true,地方政府债务限额及余额公开表,https://czj.changdu.gov.cn/cdsczj/c102354/202001/f3e1b5221afc41ba94d3d1b6e33c871c.shtml,https://czj.changdu.gov.cn/cdsczj/c102354/202001/f3e1b5221afc41ba94d3d1b6e33c871c/files/4248f87102fc4fe498e84678ce185b43.doc,xizang_changdu_2019_city_debt.txt,text/plain,2020-01-03,unclassified,0,0,0,,,,registered_no_selected_value,昌都市财政局公开债务情况说明明确记载2019年年底全市债务余额46.78亿元，其中一般债务45.6亿元、专项债务1.18亿元；原文个别位置使用‘全区’表述，按昌都市报告语境解释为全市口径。
SRC-CITY-DEBT-TIBET-LHASA-2023,拉萨市财政局,A1,true,地方政府债务限额及余额公开表,https://czj.lasa.gov.cn/czj/czjs/202409/933401e7dfba4edfac023ed45910e5d7.shtml,https://czj.lasa.gov.cn/czj/czjs/202409/933401e7dfba4edfac023ed45910e5d7/files/9727d61b32244db3b15cd35fb6487bcd.pdf,xizang_lhasa_2023_city_debt.txt,text/plain,2024-09-18,unclassified,0,0,0,,,,registered_no_selected_value,拉萨市财政局公开债务决算表列示‘拉萨市’全辖行年末余额104.42亿元，其中一般债务45.85亿元、专项债务58.57亿元；不使用拉萨市本级行。
SRC-CITY-DEBT-TIBET-CHANGDU-2023,昌都市财政局,A1,true,地方政府债务限额及余额公开表,https://czj.changdu.gov.cn/cdsczj/c102358/202409/7c6e13c7d86d4d8b80d99bf7a7c653bd.shtml,https://czj.changdu.gov.cn/cdsczj/c102358/202409/7c6e13c7d86d4d8b80d99bf7a7c653bd/files/abd5f0d1248c4586aee2676f7beeb98e.xls,xizang_changdu_2023_city_debt.txt,text/plain,2024-09-05,unclassified,0,0,0,,,,registered_no_selected_value,昌都市财政局公开决算表直接列示‘昌都市’全市行年末余额93.92亿元，其中一般债务81.86亿元、专项债务12.06亿元；不使用昌都市本级行。
SRC-CITY-DEBT-TIBET-SHANNAN-2023,山南市财政局,A1,true,地方政府债务限额及余额公开表,https://www.shannan.gov.cn/zwgk/zdlyxxgk/yjsgk/202409/t20240920_140613.html,https://www.shannan.gov.cn/zwgk/zdlyxxgk/yjsgk/202409/P020240920455704142316.xlsx,xizang_shannan_2023_city_debt.txt,text/plain,2024-09-20,unclassified,0,0,0,,,,registered_no_selected_value,山南市财政局公开表列示山南市全市行余额764678万元，其中一般债务424978万元、专项债务339700万元；按0.0001换算为亿元。
SRC-CITY-DEBT-TIBET-ALI-2023,阿里地区财政局,A1,true,地方政府债务限额及余额公开表,https://cz.al.gov.cn/info/2143/17382.htm,https://cz.al.gov.cn/system/_content/download.jsp?urltype=news.DownloadAttachUrl&owner=2060058648&wbfileid=5BF41C474AD7E48A8DDC7D617A14B33E,xizang_ali_2023_city_debt.txt,text/plain,2024-04-28,unclassified,0,0,0,,,,registered_no_selected_value,阿里地区财政局2024年公开附件中的2023年债务决算表，直接列示阿里地区合计年末余额379500万元，其中一般债务271200万元、专项债务108300万元；按0.0001换算为亿元，不使用本级行。
SRC-OFFICIAL-DEBT-TIBET-CITIES-2023-FROM-2024-DECISION,西藏自治区财政厅,A1,true,地方政府债务限额及余额公开表,https://www.xizang.gov.cn/zwgk/zdxxlygk/czyjsgk/202510/t20251015_503936.html,https://www.xizang.gov.cn/gjbs/xxgk/202510/W020251015448106540162.xlsx,xizang_2023_city_debt_from_2024_decision.txt,text/plain,2025-10-15,unclassified,0,0,0,,,,registered_no_selected_value,西藏自治区财政厅官方决算附件回列2023年末各地市全辖余额及一般/专项分项；仅接入日喀则市、那曲市、林芝市全辖行，不使用市本级或区县行。
SRC-SECONDARY-DEBT-GUANGXI-LIUZHOU-2018,联合资信评估股份有限公司,B2,true,二手公开城市债务图表,https://static.sse.com.cn/bond/bridge2/disclosure/announcement/c/201911/011482_20191129_M2YL.pdf,https://static.sse.com.cn/bond/bridge2/disclosure/announcement/c/201911/011482_20191129_M2YL.pdf,guangxi_2018_city_secondary_debt.txt,text/plain,2019-11-29,unclassified,0,0,0,,,,registered_no_selected_value,公开评级报告引用柳州市预算执行报告，披露2018年末全市法定债务余额及一般/专项分项；来源等级B2，待柳州市财政决算原表复核。
SRC-SECONDARY-DEBT-GUANGXI-GUILIN-2018,公开二手研究资料（个人上传转载）,B2,true,二手公开城市债务图表,https://www.renrendoc.com/paper/217805218.html,https://www.renrendoc.com/paper/217805218.html,guangxi_2018_city_secondary_debt.txt,text/plain,2022-08-18,unclassified,0,0,0,,,,registered_no_selected_value,公开区域研究报告表2，资料来源标注为桂林市人民政府；来源等级B2，待桂林市财政决算原表复核。
SRC-SECONDARY-DEBT-GUANGXI-YULIN-2018,公开二手研究资料（个人上传转载）,B2,true,二手公开城市债务图表,https://www.renrendoc.com/paper/217805218.html,https://www.renrendoc.com/paper/217805218.html,guangxi_2018_city_secondary_debt.txt,text/plain,2022-08-18,unclassified,0,0,0,,,,registered_no_selected_value,公开区域研究报告表6，资料来源标注为玉林市人民政府；来源等级B2，待玉林市财政决算原表复核。
SRC-SECONDARY-DEBT-GUANGXI-WUZHOU-2018,公开二手研究资料（个人上传转载）,B2,true,二手公开城市债务图表,https://www.renrendoc.com/paper/217805218.html,https://www.renrendoc.com/paper/217805218.html,guangxi_2018_city_secondary_debt.txt,text/plain,2022-08-18,unclassified,0,0,0,,,,registered_no_selected_value,公开区域研究报告表9，资料来源标注为梧州市人民政府；原表总额221.8与一般/专项分项163.3+58.6=221.9相差0.1亿元，保留原值并标记四舍五入差异，待梧州市财政决算原表复核。
SRC-SECONDARY-DEBT-GUANGXI-GUIGANG-2018,公开二手研究资料（个人上传转载）,B2,true,二手公开城市债务图表,https://www.renrendoc.com/paper/217805218.html,https://www.renrendoc.com/paper/217805218.html,guangxi_2018_city_secondary_debt.txt,text/plain,2022-08-18,unclassified,0,0,0,,,,registered_no_selected_value,公开区域研究报告表12，资料来源标注为贵港市人民政府；来源等级B2，待贵港市财政决算原表复核。
SRC-SECONDARY-DEBT-GUANGXI-QINZHOU-2018,联合资信评估股份有限公司,B2,true,二手公开城市债务图表,https://www.lhratings.com/reports/B003619-P07656-GZ2019.pdf,https://www.lhratings.com/reports/B003619-P07656-GZ2019.pdf,guangxi_2018_city_secondary_debt.txt,text/plain,2019-07-18,unclassified,0,0,0,,,,registered_no_selected_value,公开评级报告引用钦州市预算执行报告，披露2018年末全市法定债务余额及一般/专项分项；来源等级B2，待钦州市财政决算原表复核。
SRC-SECONDARY-DEBT-GUANGXI-CHONGZUO-2018,东方金诚国际信用评估有限公司,B2,true,二手公开城市债务图表,https://www.dfratings.com/data/upload/file/pdf/%E5%B9%BF%E8%A5%BF%E5%B4%87%E5%B7%A6%E5%B8%82%E5%9F%8E%E5%B8%82%E5%BB%BA%E8%AE%BE%E6%8A%95%E8%B5%84%E5%8F%91%E5%B1%95%E9%9B%86%E5%9B%A2%E6%9C%89%E9%99%90%E5%85%AC%E5%8F%B8%E4%B8%BB%E4%BD%93%E5%8F%8A%E2%80%9C18%E5%B4%87%E5%B7%A6%E5%9F%8E%E6%8A%95%E5%80%BA18%E5%B4%87%E5%B7%A6%E5%80%BA%E2%80%9D2019%E5%B9%B4%E5%BA%A6%E8%B7%9F%E8%B8%AA%E8%AF%84%E7%BA%A7%E6%8A%A5%E5%91%8A.pdf,https://www.dfratings.com/data/upload/file/pdf/%E5%B9%BF%E8%A5%BF%E5%B4%87%E5%B7%A6%E5%B8%82%E5%9F%8E%E5%B8%82%E5%BB%BA%E8%AE%BE%E6%8A%95%E8%B5%84%E5%8F%91%E5%B1%95%E9%9B%86%E5%9B%A2%E6%9C%89%E9%99%90%E5%85%AC%E5%8F%B8%E4%B8%BB%E4%BD%93%E5%8F%8A%E2%80%9C18%E5%B4%87%E5%B7%A6%E5%9F%8E%E6%8A%95%E5%80%BA18%E5%B4%87%E5%B7%A6%E5%80%BA%E2%80%9D2019%E5%B9%B4%E5%BA%A6%E8%B7%9F%E8%B8%AA%E8%AF%84%E7%BA%A7%E6%8A%A5%E5%91%8A.pdf,guangxi_2018_city_secondary_debt.txt,text/plain,2019-08-01,unclassified,0,0,0,,,,registered_no_selected_value,公开评级报告明确披露崇左市2018年末全市法定债务余额及一般/专项分项；来源等级B2，待崇左市财政决算原表复核。
SRC-SECONDARY-DEBT-XINJIANG-HOTAN-2020,中证鹏元资信评估股份有限公司,B2,true,二手公开城市债务图表,https://static.sse.com.cn/disclosure/bond/announcement/corporate/c/new/2022-07-25/139055_20220725_1_iGPi7g4Y.pdf,https://static.sse.com.cn/disclosure/bond/announcement/corporate/c/new/2022-07-25/139055_20220725_1_iGPi7g4Y.pdf,xinjiang_hetian_tacheng_2020_debt.txt,text/plain,2022-07-25,city_year,1,1,1,CN-653200,2020,statutory_debt_balance_100m,accepted,公开评级报告表4列示2020年和田地区地方政府债务余额258.96亿元；来源等级B2，暂仅接入全地区总额，待官方财政决算表复核，不接入一般/专项拆分。
SRC-SECONDARY-DEBT-XINJIANG-TACHENG-2020,东方金诚国际信用评估有限公司,B2,true,二手公开城市债务图表,https://www.dfratings.com/data/upload/file/20210817/611b8811744c6.pdf,https://www.dfratings.com/data/upload/file/20210817/611b8811744c6.pdf,xinjiang_hetian_tacheng_2020_debt.txt,text/plain,2021-08-17,city_year,1,1,1,CN-654200,2020,statutory_debt_balance_100m,accepted,公开评级报告列示截至2020年末塔城地区地方政府债务余额219.65亿元；来源等级B2，暂仅接入全地区总额，待官方财政决算表复核。
SRC-OFFICIAL-DEBT-XINJIANG-KASHGAR-2020,喀什地区财政局,A2,true,地方政府债务限额及余额公开表,https://www.kashi.gov.cn/ksdqxzgs/c108103/202110/908df076c41d40a4b7f9d5eda6891271.shtml,https://www.kashi.gov.cn/ksdqxzgs/uploads/20211019085946aroljfnvmk2.zip,xinjiang_kashgar_kizilsu_ili_2020_debt.txt,text/plain,2021-10-18,unclassified,0,0,0,,,,registered_no_selected_value,喀什地区财政局决算公开附件表1-3直接列示全地区政府债务余额决算数及一般/专项拆分；不使用地区本级或所属县市行替代全地区口径。
SRC-OFFICIAL-DEBT-XINJIANG-KIZILSU-2020,克孜勒苏柯尔克孜自治州财政局,A2,true,地方政府债务限额及余额公开表,https://www.xjkz.gov.cn/xjkz/c101819/202107/6663236937b1477f991c4f5149178a2f.shtml,https://www.xjkz.gov.cn/xjkz/c101819/202107/6663236937b1477f991c4f5149178a2f.shtml,xinjiang_kashgar_kizilsu_ili_2020_debt.txt,text/plain,2021-07-16,city_year,1,1,1,CN-653000,2020,statutory_debt_balance_100m,accepted,克州财政决算报告明确披露2020年末全州地方政府债务余额131.55亿元，其中州本级12.22亿元；本条接入全州合计，不使用州本级余额。
SRC-OFFICIAL-DEBT-XINJIANG-ILI-2020,伊犁哈萨克自治州财政局,A2,true,地方政府债务限额及余额公开表,https://www.xjyl.gov.cn/xjylz/c116295/202101/a8b336f2193a410e92655e119dc99a78.shtml,https://www.xjyl.gov.cn/xjylz/c116295/202101/a8b336f2193a410e92655e119dc99a78/files/AA73FE3505185FB329562821218E38B3.pdf,xinjiang_kashgar_kizilsu_ili_2020_debt.txt,text/plain,2021-01-22,unclassified,0,0,0,,,,registered_no_selected_value,伊犁州财政公开表列示2020年债务余额预计执行数358.93亿元，其中一般债务206.30亿元、专项债务152.63亿元；表下注明为上一年度本地区、本级及分地区余额预计执行数，暂按项目预计执行口径接入。
SRC-SECONDARY-DEBT-XINJIANG-CHANGJI-2020,中诚信国际,B2,true,二手公开城市债务图表,https://website-oss.ccxi.com.cn/public/upload/files/20210423/1619166200.pdf,https://website-oss.ccxi.com.cn/public/upload/files/20210423/1619166200.pdf,xinjiang_more_city_debt_2020.txt,text/plain,2021-04-23,unclassified,0,0,0,,,,registered_no_selected_value,公开评级报告明确披露截至2020年末昌吉州债务余额344.80亿元，其中一般182.68亿元、专项162.12亿元；来源等级B2，待官方财政决算表复核。
SRC-SECONDARY-DEBT-XINJIANG-BORTALA-2020,新世纪评级公开发行文件,B2,true,二手公开城市债务图表,https://static.sse.com.cn/disclosure/bond/announcement/corporate/c/new/2023-06-30/184784_20230630_DBW4.pdf,https://static.sse.com.cn/disclosure/bond/announcement/corporate/c/new/2023-06-30/184784_20230630_DBW4.pdf,xinjiang_more_city_debt_2020.txt,text/plain,2023-06-30,city_year,1,1,1,CN-652700,2020,statutory_debt_balance_100m,accepted,公开评级报告表格列示博州2020年政府债务余额200.84亿元；仅接入全州总额，来源等级B2，待官方财政决算表复核。
SRC-OFFICIAL-DEBT-XINJIANG-URUMQI-2020,乌鲁木齐市财政局,A2,true,地方政府债务限额及余额公开表,https://www.wlmq.gov.cn/wlmqs/c119424/202109/3a6b2d5811434a99b9194d3d72f8765e.shtml,https://www.wlmq.gov.cn/wlmqs/c119424/202109/3a6b2d5811434a99b9194d3d72f8765e/files/%E4%B9%8C%E9%B2%81%E6%9C%A8%E9%BD%90%E5%B8%822020%E5%B9%B4%E6%94%BF%E5%BA%9C%E5%86%B3%E7%AE%97%E5%80%BA%E5%8A%A1%E4%BF%A1%E6%81%AF%E5%85%AC%E5%BC%80.zip,xinjiang_urumqi_2020_debt.txt,text/plain,2021-09-03,unclassified,0,0,0,,,,registered_no_selected_value,官方决算公开附件1-3直接列示乌鲁木齐市全市口径的政府债务限额及余额；仅采集全市行，不使用市本级或区县行替代全市。
SRC-OFFICIAL-DEBT-XINJIANG-KARAMAY-2020,克拉玛依市财政局,A2,true,地方政府债务限额及余额公开表,https://www.weh.gov.cn/weh/dfzwxxgk/202103/5f287e0ef7fe4aeeb6ec20663cbaaf64/files/22124034ush3.pdf,https://www.weh.gov.cn/weh/dfzwxxgk/202103/5f287e0ef7fe4aeeb6ec20663cbaaf64/files/22124034ush3.pdf,xinjiang_karamay_2020_debt.txt,text/plain,2021-03-01,unclassified,0,0,0,,,,registered_no_selected_value,官方债务说明直接列示2020年末全市政府债务限额、余额及一般/专项拆分。
SRC-OFFICIAL-DEBT-XINJIANG-TURPAN-2020,吐鲁番市财政局,A2,true,地方政府债务限额及余额公开表,https://www.tlf.gov.cn/tlfs/c106293/202112/725aa99d22dd4a8cb6579f18dc0940a9.shtml,https://www.tlf.gov.cn/tlfs/c106293/202112/725aa99d22dd4a8cb6579f18dc0940a9/files/8ba75bd2a25d48bba4503798fdb71e04.zip,xinjiang_additional_city_debt_2020.txt,text/plain,2021-12-01,unclassified,0,0,0,,,,registered_no_selected_value,官方预算决算公开附件表格直接列示吐鲁番市全市余额155.10亿元，其中一般70.11亿元、专项84.99亿元；不使用市本级或所属区县行替代全市。
SRC-OFFICIAL-DEBT-XINJIANG-BAYINGOLIN-2020,巴音郭楞蒙古自治州财政局,A2,true,地方政府债务限额及余额公开表,https://www.xjbz.gov.cn/xjbz/c115921/202207/bc9db087dbf6478ca21a0fd11cc6a9e4/files/关于巴州2020年地方政府债务情况公开的说明.pdf,https://www.xjbz.gov.cn/xjbz/c115921/202207/bc9db087dbf6478ca21a0fd11cc6a9e4/files/关于巴州2020年地方政府债务情况公开的说明.pdf,xinjiang_additional_city_debt_2020.txt,text/plain,2022-07-01,unclassified,0,0,0,,,,registered_no_selected_value,官方债务情况说明直接披露巴州全州余额335.54亿元，其中一般157.96亿元、专项177.58亿元；不使用分县市行替代全州。
SRC-SECONDARY-DEBT-XINJIANG-AKSU-2020,公开发行文件,B2,true,二手公开城市债务图表,https://static.sse.com.cn/bond/bridge2/disclosure/announcement/c/202111/018857_20211123_HWN1.pdf,https://static.sse.com.cn/bond/bridge2/disclosure/announcement/c/202111/018857_20211123_HWN1.pdf,xinjiang_additional_city_debt_2020.txt,text/plain,2021-11-23,unclassified,0,0,0,,,,registered_no_selected_value,公开发行文件引用阿克苏地区财政预算报告并披露全地区法定债务余额310.55亿元及一般/专项拆分；来源等级B2，后续优先回到地区财政预算原件复核。
SRC-SECONDARY-DEBT-GUANGXI-2023-TOP3,新世纪评级,B2,true,二手公开城市债务图表,https://vip.stock.finance.sina.com.cn/q/go.php/vReport_Show/kind/lastest/rptid/787657936486/index.phtml,https://vip.stock.finance.sina.com.cn/q/go.php/vReport_Show/kind/lastest/rptid/787657936486/index.phtml,guangxi_2023_rating_top3.txt,text/plain,2024-12-01,multicity_batch,3,1,3,CN-450100;CN-450200;CN-450300,2023,statutory_debt_balance_100m,accepted,公开评级研究报告明确披露广西债务规模前三市2023年末余额；本条仅接入总余额，不反推一般债务和专项债务，其余城市保留缺失。
SRC-OFFICIAL-DEBT-HEBEI-BAODING-2025,保定市财政局,A1,true,地方政府债务限额及余额公开表,https://www.baoding.gov.cn/zwgknr-1004-538624.html,https://www.baoding.gov.cn/zwgknr-1004-538624.html,baoding_2025_official_report.txt,text/plain,2026-03-03,unclassified,0,0,0,,,,registered_no_selected_value,保定市官方预算报告附件十八按全市口径披露债务余额22823786万元，其中一般债4017531万元、专项债18806255万元；接入全市行，不使用市本级或县区级行替代全市。
SRC-SECONDARY-DEBT-ANHUI-HUANGSHAN-2023,黄山市人民政府,A2,true,二手公开城市债务图表,https://www.huangshan.gov.cn/zxzx/zwyw/8397086.html,https://www.huangshan.gov.cn/zxzx/zwyw/8397086.html,anhui_huangshan_2023_rating.txt,text/plain,2024-02-06,unclassified,0,0,0,,,,registered_no_selected_value,市级预算报告摘要直接列示全市政府债务余额及一般、专项债务余额。
SRC-SECONDARY-DEBT-ANHUI-LIUAN-2023,六安市财政局,A2,true,二手公开城市债务图表,https://czj.luan.gov.cn/group1/M00/0F/43/wKgSGWa93i-ADc20AAGzRb0UnO0317.pdf,https://czj.luan.gov.cn/group1/M00/0F/43/wKgSGWa93i-ADc20AAGzRb0UnO0317.pdf,anhui_liuan_2023_official.txt,text/plain,2024-02-02,unclassified,0,0,0,,,,registered_no_selected_value,市级财政公开说明直接列示全市政府债务余额及一般、专项债务余额。
SRC-SECONDARY-DEBT-ANHUI-FUYANG-2023,东方金诚国际信用评估有限公司,B2,true,二手公开城市债务图表,https://static.sse.com.cn/disclosure/bond/announcement/corporate/c/new/2024-06-19/270125_20240619_U1EU.pdf,https://static.sse.com.cn/disclosure/bond/announcement/corporate/c/new/2024-06-19/270125_20240619_U1EU.pdf,anhui_fuyang_2023_rating.txt,text/plain,2024-06-19,city_year,1,1,1,CN-341200,2023,statutory_debt_balance_100m,accepted,公开评级报告明确列示阜阳市2023年末地方政府债务余额；未取得一般债与专项债拆分，故仅填总额，标记为B2待官方复核。
SRC-SECONDARY-DEBT-ANHUI-CHUZHOU-2023,东方金诚国际信用评估有限公司,B2,true,二手公开城市债务图表,https://qxb-pdf-osscache.qixin.com/AnBaseinfo/31a88dcbffc1859f91f585ac1c4371ba.pdf,https://qxb-pdf-osscache.qixin.com/AnBaseinfo/31a88dcbffc1859f91f585ac1c4371ba.pdf,anhui_chuzhou_2023_rating.txt,text/plain,2025-06-27,city_year,1,1,1,CN-341100,2023,statutory_debt_balance_100m,accepted,公开评级报告图表明确列示滁州市2023年末地方政府债务余额；未取得一般债与专项债拆分，故仅填总额，标记为B2待官方复核。
SRC-SECONDARY-DEBT-JIANGSU-NANJING-2020,南京市财政局,A2,true,二手公开城市债务图表,https://czj.nanjing.gov.cn/njsczj/202109/P020210922409111717063.pdf,https://czj.nanjing.gov.cn/njsczj/202109/P020210922409111717063.pdf,national_gap_fill_2020_city_totals.txt,text/plain,2021-09-22,city_year,1,1,1,CN-320100,2020,statutory_debt_balance_100m,accepted,公开文件明确列示全市2020年末余额2818.47亿元；一般/专项分项与限额未在本条接入。
SRC-SECONDARY-DEBT-JIANGSU-WUXI-2020,无锡市财政局,A2,true,二手公开城市债务图表,https://cz.wuxi.gov.cn/doc/2021/09/10/3422654.shtml,https://cz.wuxi.gov.cn/doc/2021/09/10/3422654.shtml,national_gap_fill_2020_city_totals.txt,text/plain,2021-09-10,city_year,1,1,1,CN-320200,2020,statutory_debt_balance_100m,accepted,公开文件明确列示全市2020年末余额1420.84亿元；一般/专项分项与限额未在本条接入。
SRC-SECONDARY-DEBT-JIANGSU-XUZHOU-2020,公开评级资料,B2,true,二手公开城市债务图表,https://www.chinamoney.com.cn/dqs/cm-s-notice-query/fileDownLoad.do?contentId=2655343&mode=open&priority=0,https://www.chinamoney.com.cn/dqs/cm-s-notice-query/fileDownLoad.do?contentId=2655343&mode=open&priority=0,national_gap_fill_2020_city_totals.txt,text/plain,2021-06-01,city_year,1,1,1,CN-320300,2020,statutory_debt_balance_100m,accepted,评级公开资料明确列示全市2020年末余额1174.23亿元；仅接入总额。
SRC-SECONDARY-DEBT-JIANGSU-CHANGZHOU-2020,常州市人大常委会,A2,true,二手公开城市债务图表,https://rd.changzhou.gov.cn/html/rd/2021/OPQFJQAA_0625/30103.html,https://rd.changzhou.gov.cn/html/rd/2021/OPQFJQAA_0625/30103.html,national_gap_fill_2020_city_totals.txt,text/plain,2021-06-25,city_year,1,1,1,CN-320400,2020,statutory_debt_balance_100m,accepted,公开决算资料明确列示全市2020年末余额1220.00亿元；一般/专项分项与限额未在本条接入。
SRC-SECONDARY-DEBT-JIANGSU-SUZHOU-2020,苏州市人民政府,A2,true,二手公开城市债务图表,https://www.suzhou.gov.cn/szsrmzf/czyjsbg/202102/a5265875ac84442b99fda5aa14f0a2ed.shtml,https://www.suzhou.gov.cn/szsrmzf/czyjsbg/202102/a5265875ac84442b99fda5aa14f0a2ed.shtml,national_gap_fill_2020_city_totals.txt,text/plain,2021-02-01,city_year,1,1,1,CN-320500,2020,statutory_debt_balance_100m,accepted,公开报告表格明确列示全市2020年末余额1532.4246亿元；一般/专项分项与限额未在本条接入。
SRC-SECONDARY-DEBT-JIANGSU-NANTONG-2020,南通市财政局,A2,true,二手公开城市债务图表,https://czj.nantong.gov.cn/ntsczj/zfzw/content/1a1a0279-ea9a-4807-8a7f-f2c3f9f89383.html,https://czj.nantong.gov.cn/ntsczj/zfzw/content/1a1a0279-ea9a-4807-8a7f-f2c3f9f89383.html,national_gap_fill_2020_city_totals.txt,text/plain,2021-06-01,city_year,1,1,1,CN-320600,2020,statutory_debt_balance_100m,accepted,官方表格精确列示全市2020年末余额1684.19亿元；叙述文本四舍五入值为1684.20亿元，本地采用表格精确值。
SRC-SECONDARY-DEBT-JIANGSU-LIANYUNGANG-2020,连云港市人民政府,A2,true,二手公开城市债务图表,https://www.lyg.gov.cn/zglygzfmhwz/rdcl_lh2021/content/9895f55c-25c1-4fad-a229-c58a940ca94c.htm,https://www.lyg.gov.cn/zglygzfmhwz/rdcl_lh2021/content/9895f55c-25c1-4fad-a229-c58a940ca94c.htm,national_gap_fill_2020_city_totals.txt,text/plain,2021-02-01,city_year,1,1,1,CN-320700,2020,statutory_debt_balance_100m,accepted,公开报告明确列示全市2020年末余额614.00亿元；一般/专项分项与限额未在本条接入。
SRC-SECONDARY-DEBT-JIANGSU-HUAIAN-2020,公开评级资料,B2,true,二手公开城市债务图表,https://file.finance.sina.com.cn/211.154.219.97%3A9494/MRGG/BOND/2021/2021-11/2021-11-12/16534080.PDF,https://file.finance.sina.com.cn/211.154.219.97%3A9494/MRGG/BOND/2021/2021-11/2021-11-12/16534080.PDF,national_gap_fill_2020_city_totals.txt,text/plain,2021-11-12,city_year,1,1,1,CN-320800,2020,statutory_debt_balance_100m,accepted,评级公开资料明确列示全市2020年末余额631.20亿元；仅接入总额。
SRC-SECONDARY-DEBT-JIANGSU-YANCHENG-2020,公开评级资料,B2,true,二手公开城市债务图表,https://qxb-pdf-osscache.qixin.com/AnBaseinfo/8136461d6bfe206e00a4b0058141373a.pdf,https://qxb-pdf-osscache.qixin.com/AnBaseinfo/8136461d6bfe206e00a4b0058141373a.pdf,national_gap_fill_2020_city_totals.txt,text/plain,2021-01-01,city_year,1,1,1,CN-320900,2020,statutory_debt_balance_100m,accepted,评级公开资料明确列示全市2020年末余额1370.20亿元；仅接入总额。
SRC-SECONDARY-DEBT-JIANGSU-YANGZHOU-2020,公开评级资料,B2,true,二手公开城市债务图表,https://static.sse.com.cn/disclosure/bond/announcement/company/c/2021-10-29/4328354669048677694548110.pdf,https://static.sse.com.cn/disclosure/bond/announcement/company/c/2021-10-29/4328354669048677694548110.pdf,national_gap_fill_2020_city_totals.txt,text/plain,2021-10-29,city_year,1,1,1,CN-321000,2020,statutory_debt_balance_100m,accepted,评级公开资料明确列示全市2020年末余额905.63亿元；仅接入总额。
SRC-SECONDARY-DEBT-JIANGSU-ZHENJIANG-2020,公开评级资料,B2,true,二手公开城市债务图表,https://pdf.dfcfw.com/pdf/H2_AN202106211499075003_1.pdf,https://pdf.dfcfw.com/pdf/H2_AN202106211499075003_1.pdf,national_gap_fill_2020_city_totals.txt,text/plain,2021-06-21,city_year,1,1,1,CN-321100,2020,statutory_debt_balance_100m,accepted,评级公开资料明确列示全市2020年末余额1566.30亿元；仅接入总额。
SRC-SECONDARY-DEBT-JIANGSU-TAIZHOU-2020,公开评级资料,B2,true,二手公开城市债务图表,https://pdf.dfcfw.com/pdf/H2_AN202106241499731153_1.pdf?1624550948000.pdf=,https://pdf.dfcfw.com/pdf/H2_AN202106241499731153_1.pdf?1624550948000.pdf=,national_gap_fill_2020_city_totals.txt,text/plain,2021-06-24,city_year,1,1,1,CN-321200,2020,statutory_debt_balance_100m,accepted,评级公开资料明确列示全市2020年末余额844.14亿元；仅接入总额。
SRC-SECONDARY-DEBT-JIANGSU-SUQIAN-2020,公开评级资料,B2,true,二手公开城市债务图表,https://static.sse.com.cn/disclosure/bond/announcement/corporate/c/2021-06-29/4223987736670928420543785.pdf,https://static.sse.com.cn/disclosure/bond/announcement/corporate/c/2021-06-29/4223987736670928420543785.pdf,national_gap_fill_2020_city_totals.txt,text/plain,2021-06-29,city_year,1,1,1,CN-321300,2020,statutory_debt_balance_100m,accepted,公开评级/债券披露资料明确列示全市2020年末余额794.17亿元；仅接入总额。
SRC-SECONDARY-DEBT-ANHUI-WUHU-2020,芜湖市财政局,A2,true,二手公开城市债务图表,https://czgz.wuhu.gov.cn/openness/public/6596381/38850201.html,https://czgz.wuhu.gov.cn/openness/public/6596381/38850201.html,national_gap_fill_2020_city_totals.txt,text/plain,2021-02-01,city_year,1,1,1,CN-340200,2020,statutory_debt_balance_100m,accepted,官方资料同时披露一般债务354.8亿元、专项债务446.9亿元；本轮主表先接入总额801.70亿元。
SRC-SECONDARY-DEBT-ANHUI-BENGBU-2020,公开研究资料,B2,true,二手公开城市债务图表,https://www.gcs66.com/document_detail/107916.html,https://www.gcs66.com/document_detail/107916.html,national_gap_fill_2020_city_totals.txt,text/plain,2021-01-01,city_year,1,1,1,CN-340300,2020,statutory_debt_balance_100m,accepted,公开研究资料同时披露一般债务158.7亿元、专项债务296.8亿元；本条接入总额455.50亿元。
SRC-OFFICIAL-DEBT-SHAANXI-WEINAN-2020,陕西省财政厅,A2,true,地方政府债务限额及余额公开表,https://www.shaanxi.gov.cn/zfxxgk/fdzdgknr/ysjs/yjsbg/202102/P020210223485336563657.pdf,https://www.shaanxi.gov.cn/zfxxgk/fdzdgknr/ysjs/yjsbg/202102/P020210223485336563657.pdf,national_gap_fill_2020_city_totals.txt,text/plain,2021-01-01,unclassified,0,0,0,,,,registered_no_selected_value,官方省级预算附件列示渭南市一般债务余额229.94亿元、专项债务余额177.55亿元；法定债务余额407.49亿元为两项官方分项的精确加总。
SRC-OFFICIAL-DEBT-SHAANXI-SHANGLUO-2020,陕西省财政厅,A2,true,地方政府债务限额及余额公开表,https://www.shaanxi.gov.cn/zfxxgk/fdzdgknr/ysjs/yjsbg/202102/P020210223485336563657.pdf,https://www.shaanxi.gov.cn/zfxxgk/fdzdgknr/ysjs/yjsbg/202102/P020210223485336563657.pdf,national_gap_fill_2020_city_totals.txt,text/plain,2021-01-01,unclassified,0,0,0,,,,registered_no_selected_value,官方省级预算附件列示商洛市一般债务余额237.15亿元、专项债务余额50.80亿元；法定债务余额287.95亿元为两项官方分项的精确加总。
SRC-SECONDARY-DEBT-SHAANXI-BAOJI-2020,宝鸡市财政局,A2,true,二手公开城市债务图表,https://czj.baoji.gov.cn/zzzb/yjsgk/202109/t20210913_682003.html,https://czj.baoji.gov.cn/zzzb/yjsgk/202109/t20210913_682003.html,national_gap_fill_2020_city_totals.txt,text/plain,2021-09-13,city_year,1,1,1,CN-610300,2020,statutory_debt_balance_100m,accepted,官方资料同时披露一般债务166.78亿元、专项债务94.77亿元；本条接入总额261.55亿元。
SRC-OFFICIAL-DEBT-SHAANXI-XIAN-2020,陕西省财政厅,A2,true,地方政府债务限额及余额公开表,https://www.shaanxi.gov.cn/zfxxgk/fdzdgknr/ysjs/yjsbg/202102/P020210223485336563657.pdf,https://www.shaanxi.gov.cn/zfxxgk/fdzdgknr/ysjs/yjsbg/202102/P020210223485336563657.pdf,national_gap_fill_2020_city_totals.txt,text/plain,2021-01-01,unclassified,0,0,0,,,,registered_no_selected_value,官方省级预算附件分别列示西安市一般债务余额904.89亿元、专项债务余额1904.33亿元；法定债务余额2809.22亿元为两项官方分项的精确加总，不采用西安市（不含西咸新区）的市级报告口径。
SRC-SECONDARY-DEBT-SHAANXI-XIANYANG-2020,咸阳市财政公开资料,B2,true,二手公开城市债务图表,https://bjklbn.com/www/zfxxgk/fdzdgknr/czzj/sjyjssgjf/202109/t20210906_127846/,https://bjklbn.com/www/zfxxgk/fdzdgknr/czzj/sjyjssgjf/202109/t20210906_127846/,national_gap_fill_2020_city_totals.txt,text/plain,2021-09-06,city_year,1,1,1,CN-610400,2020,statutory_debt_balance_100m,accepted,公开资料原值为2682634万元，折合268.2634亿元；同时披露一般142.6524、专项125.6110亿元。
SRC-SECONDARY-DEBT-SHAANXI-YANAN-2020,公开研究资料,B2,true,二手公开城市债务图表,https://www.gcs66.com/document_detail/114379.html,https://www.gcs66.com/document_detail/114379.html,national_gap_fill_2020_city_totals.txt,text/plain,2021-01-01,city_year,1,1,1,CN-610600,2020,statutory_debt_balance_100m,accepted,公开资料原值为4981069万元，折合498.1069亿元；同时披露一般270.3212、专项227.7857亿元。
SRC-SECONDARY-DEBT-SHAANXI-HANZHONG-2020,汉中市人民政府,B2,true,二手公开城市债务图表,https://gjzwxgk.com/www/hzszf/2019ndjs/202111/3075fb91e1a7414086f964972a19a8e9/files/%E6%B1%89%E4%B8%AD%E5%B8%822020%E5%B9%B4%E8%B4%A2%E6%94%BF%E5%86%B3%E7%AE%97%E8%A1%A5%E5%85%85%E8%AF%B4%E6%98%8E.pdf,https://gjzwxgk.com/www/hzszf/2019ndjs/202111/3075fb91e1a7414086f964972a19a8e9/files/%E6%B1%89%E4%B8%AD%E5%B8%822020%E5%B9%B4%E8%B4%A2%E6%94%BF%E5%86%B3%E7%AE%97%E8%A1%A5%E5%85%85%E8%AF%B4%E6%98%8E.pdf,national_gap_fill_2020_city_totals.txt,text/plain,2021-11-01,city_year,1,1,1,CN-610700,2020,statutory_debt_balance_100m,accepted,公开 PDF 原值为3249661万元，折合324.9661亿元；同时披露一般182.1637、专项142.8024亿元。
SRC-SECONDARY-DEBT-YUNNAN-LIJIANG-2020,公开研究资料,B2,true,二手公开城市债务图表,https://www.gcs66.com/document_detail/114024.html,https://www.gcs66.com/document_detail/114024.html,national_gap_fill_2020_city_totals.txt,text/plain,2021-01-01,city_year,1,1,1,CN-530700,2020,statutory_debt_balance_100m,accepted,公开资料明确给出2020年末全市余额223.65亿元；本条仅接入总额。
SRC-SECONDARY-DEBT-YUNNAN-LINCANG-2020,临沧市人民政府,A2,true,二手公开城市债务图表,https://lincang.gov.cn/zfxxgk_lcs/artview/347/317934.html,https://lincang.gov.cn/zfxxgk_lcs/artview/347/317934.html,national_gap_fill_2020_city_totals.txt,text/plain,2021-01-01,city_year,1,1,1,CN-530900,2020,statutory_debt_balance_100m,accepted,官方页面原值为3998058万元，折合399.8058亿元；本条仅接入全市总额。
SRC-SECONDARY-DEBT-GANSU-LONGNAN-2020,公开研究资料,B2,true,二手公开城市债务图表,https://gcs66.com/document_detail/114725.html,https://gcs66.com/document_detail/114725.html,national_gap_fill_2020_city_totals.txt,text/plain,2021-01-01,city_year,1,1,1,CN-621200,2020,statutory_debt_balance_100m,accepted,公开资料同时披露一般债务81.90亿元、专项债务63.97亿元；本条接入总额145.87亿元。
SRC-SECONDARY-DEBT-HENAN-ZHENGZHOU-2020,公开评级资料,B2,true,二手公开城市债务图表,https://static.sse.com.cn/bond/bridge2/disclosure/announcement/c/202202/019657_20220216_PSYM.pdf,https://static.sse.com.cn/bond/bridge2/disclosure/announcement/c/202202/019657_20220216_PSYM.pdf,national_gap_fill_2020_city_totals.txt,text/plain,2022-02-16,city_year,1,1,1,CN-410100,2020,statutory_debt_balance_100m,accepted,评级公开资料同时披露一般债务1266.3亿元、专项债务907.5亿元；本条接入总额2173.8亿元。
SRC-SECONDARY-DEBT-HENAN-KAIFENG-2020,公开研究资料,B2,true,二手公开城市债务图表,https://www.gcs66.com/document_detail/109352.html,https://www.gcs66.com/document_detail/109352.html,national_gap_fill_2020_city_totals.txt,text/plain,2021-01-01,city_year,1,1,1,CN-410200,2020,statutory_debt_balance_100m,accepted,公开资料同时披露一般债务158.9亿元、专项债务237.8亿元；本条接入总额396.7亿元。
SRC-SECONDARY-DEBT-HENAN-PINGDINGSHAN-2020,公开评级资料,B2,true,二手公开城市债务图表,https://gu.sina.cn/bd/hq/notice.php?annid=16752186&source=bdquote,https://gu.sina.cn/bd/hq/notice.php?annid=16752186&source=bdquote,national_gap_fill_2020_city_totals.txt,text/plain,2021-01-01,city_year,1,1,1,CN-410400,2020,statutory_debt_balance_100m,accepted,评级公开资料明确列示全市2020年末余额343.50亿元；仅接入总额。
SRC-SECONDARY-DEBT-HENAN-JIAOZUO-2020,公开研究资料,B2,true,二手公开城市债务图表,https://www.gcs66.com/document_detail/110106.html,https://www.gcs66.com/document_detail/110106.html,national_gap_fill_2020_city_totals.txt,text/plain,2021-01-01,city_year,1,1,1,CN-410800,2020,statutory_debt_balance_100m,accepted,公开资料同时披露一般债务128.01亿元、专项债务152.91亿元；本条接入总额280.92亿元。
SRC-SECONDARY-DEBT-HENAN-NANYANG-2020,南阳市财政局,A2,true,二手公开城市债务图表,https://caizj.nanyang.gov.cn/2021/04-30/98745.html,https://caizj.nanyang.gov.cn/2021/04-30/98745.html,national_gap_fill_2020_city_totals.txt,text/plain,2021-04-30,city_year,1,1,1,CN-411300,2020,statutory_debt_balance_100m,accepted,官方资料同时披露一般债务239.55亿元、专项债务386.75亿元；本条接入总额626.30亿元。
SRC-SECONDARY-DEBT-HENAN-XINYANG-2020,公开评级资料,B2,true,二手公开城市债务图表,https://bjcrtx.com/czj/plus/view/aid/2934,https://bjcrtx.com/czj/plus/view/aid/2934,national_gap_fill_2020_city_totals.txt,text/plain,2021-01-01,city_year,1,1,1,CN-411500,2020,statutory_debt_balance_100m,accepted,公开评级资料明确列示全市2020年末余额481.59亿元；仅接入总额。
SRC-SECONDARY-DEBT-HENAN-ZHOUKOU-2020,周口市人民政府,A2,true,二手公开城市债务图表,https://www.zhoukou.gov.cn/sitesources/zksrmzf/upload/202209/20220902103351563.pdf,https://www.zhoukou.gov.cn/sitesources/zksrmzf/upload/202209/20220902103351563.pdf,national_gap_fill_2020_city_totals.txt,text/plain,2022-09-02,city_year,1,1,1,CN-411600,2020,statutory_debt_balance_100m,accepted,官方 PDF 同时披露一般债务194.0亿元、专项债务241.7亿元；本条接入总额435.70亿元。
SRC-SECONDARY-DEBT-HENAN-SANMENXIA-2020,三门峡市人民政府,A2,true,二手公开城市债务图表,https://www.smx.gov.cn/group1/M00/01/8A/CqDIKWCJBcGASu1QAG3j04__PnE296.pdf,https://www.smx.gov.cn/group1/M00/01/8A/CqDIKWCJBcGASu1QAG3j04__PnE296.pdf,national_gap_fill_2020_city_totals.txt,text/plain,2021-01-01,city_year,1,1,1,CN-411200,2020,statutory_debt_balance_100m,accepted,官方 PDF 原值为1997098万元，折合199.7098亿元；同时披露一般103.4594、专项96.2504亿元。
SRC-SECONDARY-DEBT-TIBET-2024-TOTALS,上海新世纪资信评估投资服务有限公司,B2,true,二手公开城市债务图表,https://pdf.dfcfw.com/pdf/H3_AP202601021813288922_1.pdf,https://pdf.dfcfw.com/pdf/H3_AP202601021813288922_1.pdf,xizang_rating_2024_totals.txt,text/plain,2026-01-02,multicity_batch,3,1,3,CN-540200;CN-540400;CN-540600,2024,statutory_debt_balance_100m,accepted,报告依据财政部及各省市财政预决算报告等公开资料整理，列示日喀则市117.35亿元、林芝市55.23亿元、那曲市120.53亿元；仅接入全市/全地区总余额，不反推一般债务和专项债务，待市级财政决算表复核。
SRC-CITY-DEBT-TIBET-SHANNAN-2024,山南市财政局,A1,true,地方政府债务限额及余额公开表,https://czj.shannan.gov.cn/zwgk/zdlyxxgk/czzj/czjs/202511/t20251104_157765.html,https://czj.shannan.gov.cn/zwgk/zdlyxxgk/czzj/czjs/202511/t20251104_157765.html,shannan_2024.txt,text/plain,2025-11-04,unclassified,0,0,0,,,,registered_no_selected_value,官方决算公开表列示山南市全辖口径限额及余额；不把市本级或区县数据并入全市行。
SRC-CITY-DEBT-TIBET-ALI-2024,阿里地区财政局,A1,true,地方政府债务限额及余额公开表,https://cz.al.gov.cn/info/2593/25022.htm,https://cz.al.gov.cn/info/2593/25022.htm,ali_2024.txt,text/plain,2025-09-15,unclassified,0,0,0,,,,registered_no_selected_value,官方决算报告披露原值为万元，已换算为亿元：限额55.7309亿元（一般33.4076、专项22.3233），余额54.6774亿元（一般32.3541、专项22.3233）。
SRC-OFFICIAL-DEBT-YUNNAN-CHUXIONG-2018,楚雄州人民政府、楚雄州财政局,A2,true,地方政府债务限额及余额公开表,https://www.cxz.gov.cn/info/1994/112224.htm,https://www.cxz.gov.cn/info/1994/112224.htm,chuxiong_2018_2024_official_debt.txt,text/plain,2019-02-28,unclassified,0,0,0,,,,registered_no_selected_value,楚雄州官方预算执行报告正文披露2018年末全州政府债务总额，并拆分一般债务与专项债务。
SRC-OFFICIAL-DEBT-YUNNAN-CHUXIONG-2019,楚雄州人民政府、楚雄州财政局,A2,true,地方政府债务限额及余额公开表,https://www.cxz.gov.cn/info/1994/112324.htm,https://www.cxz.gov.cn/info/1994/112324.htm,chuxiong_2018_2024_official_debt.txt,text/plain,2021-02-24,unclassified,0,0,0,,,,registered_no_selected_value,楚雄州官方2020年预算执行附表同时披露全州2019年决算债务余额及一般、专项拆分；保留原表万元精度后换算为亿元。
SRC-OFFICIAL-DEBT-YUNNAN-CHUXIONG-2020,楚雄州人民政府、楚雄州财政局,A2,true,地方政府债务限额及余额公开表,https://www.cxz.gov.cn/info/1994/112324.htm,https://www.cxz.gov.cn/info/1994/112324.htm,chuxiong_2018_2024_official_debt.txt,text/plain,2021-02-24,unclassified,0,0,0,,,,registered_no_selected_value,楚雄州官方2020年预算执行附表披露全州2020年执行债务余额及一般、专项拆分；保留原表万元精度后换算为亿元。
SRC-OFFICIAL-DEBT-YUNNAN-CHUXIONG-2021,楚雄州人民政府、楚雄州财政局,A2,true,地方政府债务限额及余额公开表,https://www.cxz.gov.cn/info/1994/112644.htm,https://www.cxz.gov.cn/info/1994/112644.htm,chuxiong_2018_2024_official_debt.txt,text/plain,2022-03-03,unclassified,0,0,0,,,,registered_no_selected_value,楚雄州官方2021年预算执行附表披露全州2021年执行债务余额及一般、专项拆分；保留原表万元精度后换算为亿元。
SRC-OFFICIAL-DEBT-YUNNAN-CHUXIONG-2022,楚雄州人民政府、楚雄州财政局,A2,true,地方政府债务限额及余额公开表,https://www.cxz.gov.cn/info/1994/112744.htm,https://www.cxz.gov.cn/info/1994/112744.htm,chuxiong_2018_2024_official_debt.txt,text/plain,2024-02-21,city_year,1,1,1,CN-532300,2022,statutory_debt_balance_100m,accepted,楚雄州官方2023年预算执行报告正文追溯披露2022年末全州地方政府债务余额467.2亿元；正文未披露一般、专项拆分。
SRC-OFFICIAL-DEBT-YUNNAN-CHUXIONG-2023,楚雄州人民政府、楚雄州财政局,A2,true,地方政府债务限额及余额公开表,https://www.cxz.gov.cn/info/1994/112744.htm,https://www.cxz.gov.cn/info/1994/112744.htm,chuxiong_2018_2024_official_debt.txt,text/plain,2024-02-21,city_year,1,1,1,CN-532300,2023,statutory_debt_balance_100m,accepted,楚雄州官方预算执行报告正文披露2023年末全州政府债务余额；正文未披露一般债务与专项债务拆分。
SRC-OFFICIAL-DEBT-YUNNAN-CHUXIONG-2024,楚雄州人民政府、楚雄州财政局,A2,true,地方政府债务限额及余额公开表,https://www.cxz.gov.cn/info/1994/5240255.htm,https://www.cxz.gov.cn/info/1994/5240255.htm,chuxiong_2018_2024_official_debt.txt,text/plain,2025-02-09,city_year,1,1,1,CN-532300,2024,statutory_debt_balance_100m,accepted,楚雄州官方预算执行报告正文披露2024年末全州政府债务余额；正文未披露一般债务与专项债务拆分。
SRC-SECONDARY-DEBT-GCS66-YUNNAN-QUJING-2022,GCS66公开文档镜像,B2,true,二手公开城市债务图表,https://www.gcs66.com/document_detail/113596.html,https://www.gcs66.com/document_detail/113596.html,gcs66_yunnan_2022_city_debt.txt,text/plain,2023-01-01,unclassified,0,0,0,,,,registered_no_selected_value,GCS66公开文档镜像中的预算执行/财政决算报告条目；待回到曲靖市政府或财政局原始附件复核。
SRC-SECONDARY-DEBT-GCS66-YUNNAN-LIJIANG-2022,GCS66公开文档镜像,B2,true,二手公开城市债务图表,https://www.gcs66.com/document_detail/114023.html,https://www.gcs66.com/document_detail/114023.html,gcs66_yunnan_2022_city_debt.txt,text/plain,2023-01-01,unclassified,0,0,0,,,,registered_no_selected_value,GCS66公开文档镜像中的预算执行/财政决算报告条目；待回到丽江市政府或财政局原始附件复核。
SRC-SECONDARY-DEBT-GCS66-YUNNAN-LINCANG-2022,GCS66公开文档镜像,B2,true,二手公开城市债务图表,https://www.gcs66.com/document_detail/114072.html,https://www.gcs66.com/document_detail/114072.html,gcs66_yunnan_2022_city_debt.txt,text/plain,2023-01-01,city_year,1,1,1,CN-530900,2022,statutory_debt_balance_100m,accepted,GCS66页面只公开总余额，未公开一般/专项分项；待回到临沧市政府或财政局原始附件复核。
SRC-SECONDARY-DEBT-GCS66-YUNNAN-HONGHE-2022,GCS66公开文档镜像,B2,true,二手公开城市债务图表,https://www.gcs66.com/document_detail/113798.html,https://www.gcs66.com/document_detail/113798.html,gcs66_yunnan_2022_city_debt.txt,text/plain,2023-01-01,unclassified,0,0,0,,,,registered_no_selected_value,GCS66公开文档镜像中的预算执行/财政决算报告条目；总余额由公开的一般、专项债务余额勾稽得到，待回到红河州政府或财政局原始附件复核。
SRC-SECONDARY-DEBT-GCS66-YUNNAN-WENSHAN-2022,GCS66公开文档镜像,B2,true,二手公开城市债务图表,https://www.gcs66.com/document_detail/113848.html,https://www.gcs66.com/document_detail/113848.html,gcs66_yunnan_2022_city_debt.txt,text/plain,2023-01-01,city_year,1,1,1,CN-532600,2022,statutory_debt_balance_100m,accepted,GCS66页面原值为5602386万元，已换算为560.2386亿元；页面未公开一般/专项分项，待回到文山州政府或财政局原始附件复核。
SRC-SECONDARY-DEBT-GCS66-YUNNAN-DEHONG-2022,GCS66公开文档镜像,B2,true,二手公开城市债务图表,https://www.gcs66.com/document_detail/113997.html,https://www.gcs66.com/document_detail/113997.html,gcs66_yunnan_2022_city_debt.txt,text/plain,2023-01-01,unclassified,0,0,0,,,,registered_no_selected_value,GCS66公开文档镜像中的预算执行/财政决算报告条目；待回到德宏州政府或财政局原始附件复核。
SRC-SECONDARY-DEBT-GCS66-YUNNAN-NUJIANG-2022,GCS66公开文档镜像,B2,true,二手公开城市债务图表,https://www.gcs66.com/document_detail/114041.html,https://www.gcs66.com/document_detail/114041.html,gcs66_yunnan_2022_city_debt.txt,text/plain,2023-01-01,city_year,1,1,1,CN-533300,2022,statutory_debt_balance_100m,accepted,GCS66页面只公开总余额，未公开一般/专项分项；待回到怒江州政府或财政局原始附件复核。
SRC-SECONDARY-DEBT-GCS66-YUNNAN-DIQING-2022,GCS66公开文档镜像,B2,true,二手公开城市债务图表,https://www.gcs66.com/document_detail/114058.html,https://www.gcs66.com/document_detail/114058.html,gcs66_yunnan_2022_city_debt.txt,text/plain,2023-01-01,unclassified,0,0,0,,,,registered_no_selected_value,GCS66公开文档镜像中的预算执行/财政决算报告条目；待回到迪庆州政府或财政局原始附件复核。
SRC-OFFICIAL-DEBT-YUNNAN-XISHUANGBANNA-2025,西双版纳州财政局,A2,true,地方政府债务限额及余额公开表,https://www.xsbn.gov.cn/czj/93667.news.detail.dhtml?news_id=2976733,https://www.xsbn.gov.cn/czj/93667.news.detail.dhtml?news_id=2976733,xishuangbanna_2025_official_report.txt,text/plain,2026-02-27,city_year,1,1,1,CN-532800,2025,statutory_debt_balance_100m,accepted,官方预算执行报告披露2025年末全州地方政府债务余额340.34亿元；同时披露州本级余额46.75亿元。本条接入全州合计，未将州本级替代全州，也未对未披露的一般/专项分项进行反推。
SRC-SECONDARY-DEBT-GCS66-YUNNAN-HONGHE-2020,GCS66公开文档镜像,B2,true,二手公开城市债务图表,https://www.gcs66.com/document_detail/113800.html,https://www.gcs66.com/document_detail/113800.html,gcs66_yunnan_2020_2021_city_debt.txt,text/plain,2023-01-01,city_year,1,1,1,CN-532500,2020,statutory_debt_balance_100m,accepted,红河州公开预算报告披露截至2020年底全州政府债务余额430.4亿元；州级余额不替代全州余额。
SRC-SECONDARY-DEBT-GCS66-YUNNAN-HONGHE-2021,GCS66公开文档镜像,B2,true,二手公开城市债务图表,https://www.gcs66.com/document_detail/113799.html,https://www.gcs66.com/document_detail/113799.html,gcs66_yunnan_2020_2021_city_debt.txt,text/plain,2023-01-01,city_year,1,1,1,CN-532500,2021,statutory_debt_balance_100m,accepted,红河州公开预算报告披露截至2021年底全州政府债务余额563亿元；州级余额不替代全州余额。
SRC-SECONDARY-DEBT-GCS66-YUNNAN-WENSHAN-2021,GCS66公开文档镜像,B2,true,二手公开城市债务图表,https://www.gcs66.com/document_detail/113849.html,https://www.gcs66.com/document_detail/113849.html,gcs66_yunnan_2020_2021_city_debt.txt,text/plain,2023-01-01,city_year,1,1,1,CN-532600,2021,statutory_debt_balance_100m,accepted,文山州公开预算报告披露截至2021年末全州政府债务余额4969862万元，换算为496.9862亿元。
SRC-SECONDARY-DEBT-GCS66-YUNNAN-XISHUANGBANNA-2020,GCS66公开文档镜像,B2,true,二手公开城市债务图表,https://www.gcs66.com/document_detail/113913.html,https://www.gcs66.com/document_detail/113913.html,gcs66_yunnan_2020_2021_city_debt.txt,text/plain,2023-01-01,unclassified,0,0,0,,,,registered_no_selected_value,西双版纳州公开预算报告披露截至2020年底全州余额141.9亿元，其中一般53.3亿元、专项88.6亿元。
SRC-SECONDARY-DEBT-GCS66-YUNNAN-DALI-2020,GCS66公开文档镜像,B2,true,二手公开城市债务图表,https://www.gcs66.com/document_detail/113928.html,https://www.gcs66.com/document_detail/113928.html,gcs66_yunnan_2020_2021_city_debt.txt,text/plain,2023-01-01,city_year,1,1,1,CN-532900,2020,statutory_debt_balance_100m,accepted,大理州公开预算报告披露2020年全州地方政府债务余额456.35亿元；州本级余额不替代全州余额。
SRC-SECONDARY-DEBT-GCS66-YUNNAN-DALI-2021,GCS66公开文档镜像,B2,true,二手公开城市债务图表,https://www.gcs66.com/document_detail/113927.html,https://www.gcs66.com/document_detail/113927.html,gcs66_yunnan_2020_2021_city_debt.txt,text/plain,2023-01-01,unclassified,0,0,0,,,,registered_no_selected_value,大理州公开预算报告披露全州余额5614319万元，其中一般1916828万元、专项3697491万元，均换算为亿元。
SRC-SECONDARY-DEBT-GCS66-YUNNAN-DIQING-2020,GCS66公开文档镜像,B2,true,二手公开城市债务图表,https://www.gcs66.com/document_detail/114060.html,https://www.gcs66.com/document_detail/114060.html,gcs66_yunnan_2020_2021_city_debt.txt,text/plain,2023-01-01,unclassified,0,0,0,,,,registered_no_selected_value,迪庆州公开预算报告披露截至2020年底全州余额1059270万元，其中一般884970万元、专项174300万元，均换算为亿元。
SRC-SECONDARY-DEBT-GCS66-YUNNAN-DIQING-2021,GCS66公开文档镜像,B2,true,二手公开城市债务图表,https://www.gcs66.com/document_detail/114059.html,https://www.gcs66.com/document_detail/114059.html,gcs66_yunnan_2020_2021_city_debt.txt,text/plain,2023-01-01,unclassified,0,0,0,,,,registered_no_selected_value,迪庆州公开预算报告披露截至2021年底全州余额1129566万元，其中一般865866万元、专项263700万元，均换算为亿元。
SRC-OFFICIAL-DEBT-SICHUAN-CITIES-2023,四川省财政厅,A1,true,地方政府债务限额及余额公开表,https://czt.sc.gov.cn/scczt/c102372/2024/8/5/87854c9fa4104d2bb1770e51843ddec6.shtml,https://czt.sc.gov.cn/scczt/c102372/2024/8/5/87854c9fa4104d2bb1770e51843ddec6/files/2023%E5%B9%B4%E5%86%B3%E7%AE%97.zip,sichuan_2023_city_debt.txt,text/plain,2024-08-05,unclassified,0,0,0,,,,registered_no_selected_value,四川省财政厅正式决算公开附件46按地级行政单元列示2023年债务限额、余额及一般/专项拆分；本地仅转录各市州行，排除四川省和省本级行。表内尾数因数据收舍可能存在差异，保留公开值。
SRC-OFFICIAL-DEBT-SICHUAN-CITIES-2022,四川省财政厅,A1,true,地方政府债务限额及余额公开表,https://czt.sc.gov.cn/scczt/c102372/2023/8/7/f47895787fce433badfa11f124bfe914.shtml,https://czt.sc.gov.cn/scczt/c102372/2023/8/7/f47895787fce433badfa11f124bfe914/files/%E9%99%84%E4%BB%B6.zip,sichuan_2022_city_debt.txt,text/plain,2023-08-07,unclassified,0,0,0,,,,registered_no_selected_value,四川省财政厅正式决算公开附件45按地级行政单元列示2022年债务限额、余额及一般/专项拆分；本地仅转录各市州行，排除四川省和省本级行。表内尾数因数据收舍可能存在差异，保留公开值。
SRC-OFFICIAL-DEBT-SICHUAN-CITIES-2020,四川省财政厅,A1,true,地方政府债务限额及余额公开表,https://czt.sc.gov.cn/scczt/c102372/2021/8/10/d4e88a423a254934bb67d02e0f0717a8.shtml,https://czt.sc.gov.cn/scczt/c102372/2021/8/10/d4e88a423a254934bb67d02e0f0717a8/files/%E5%9B%9B%E5%B7%9D%E7%9C%812020%E5%B9%B4%E7%9C%81%E7%BA%A7%E5%86%B3%E7%AE%97%E6%8A%A5%E5%91%8A%E5%92%8C%E7%9B%B8%E5%85%B3%E8%A1%A8%E6%A0%BC.zip,sichuan_2020_city_debt.txt,text/plain,2021-08-10,unclassified,0,0,0,,,,registered_no_selected_value,四川省财政厅正式决算公开附件45按地级行政单元列示2020年债务限额、余额及一般/专项拆分；本地仅转录各市州行，排除四川省、省本级和待明确行。
SRC-OFFICIAL-DEBT-SICHUAN-CITIES-2019,四川省财政厅,A1,true,地方政府债务限额及余额公开表,https://czt.sc.gov.cn/scczt/c102372/2020/8/20/ba00c420ede8484db499a4e7959aadbc.shtml,https://czt.sc.gov.cn/scczt/c102372/2020/8/20/ba00c420ede8484db499a4e7959aadbc/files/fcf830b169b348299918f8f01c9a0bac.zip,sichuan_2019_city_debt.txt,text/plain,2020-08-20,multicity_batch,21,1,21,CN-510100;CN-510300;CN-510400;CN-510500;CN-510600;CN-510700;CN-510800;CN-510900;CN-511000;CN-511100;CN-511300;CN-511400;CN-511500;CN-511600;CN-511700;CN-511800;CN-511900;CN-512000;CN-513200;CN-513300;CN-513400,2019,statutory_debt_balance_100m,accepted,四川省财政厅正式决算公开附件42按地级行政单元列示2019年末债务余额，单位为亿元；本表未列一般/专项分项，因此仅接入全市（州）法定债务余额，不反推分项。
SRC-OFFICIAL-DEBT-YUNNAN-DALI-2019,大理白族自治州财政局,A2,true,地方政府债务限额及余额公开表,https://www.dali.gov.cn/dlzrmzf/xxgkml/c106264/pc/content/1971044012826660864/content_1971044012826660864.html,https://www.dali.gov.cn/dlzrmzf/xxgkml/c106264/pc/content/1971044012826660864/content_1971044012826660864.html,yunnan_dali_honghe_wenshan_2019_city_debt.txt,text/plain,2020-05-17,city_year,1,1,1,CN-532900,2019,statutory_debt_balance_100m,accepted,大理州财政局预算执行报告披露截至2019年底全州地方政府债务余额316.41亿元；接入全州口径，不使用州本级余额替代全州。
SRC-OFFICIAL-DEBT-YUNNAN-HONGHE-2019,红河州财政局（经官方政府网站公开）,A2,true,地方政府债务限额及余额公开表,https://www.hh.gov.cn/info/11351/630562.htm,https://www.hh.gov.cn/info/11351/630562.htm,yunnan_dali_honghe_wenshan_2019_city_debt.txt,text/plain,2020-06-04,city_year,1,1,1,CN-532500,2019,statutory_debt_balance_100m,accepted,红河州人民政府公开页面所附州级财政预算执行报告披露截至2019年12月末全州政府债务余额309.74亿元；接入全州合计，不将州级余额替代全州。
SRC-OFFICIAL-DEBT-YUNNAN-WENSHAN-2019,文山州财政局,A2,true,地方政府债务限额及余额公开表,https://www.ynws.gov.cn/wszzf/zzfbg/1855128527328079872/5cwjRF9u.pdf,https://www.ynws.gov.cn/wszzf/zzfbg/1855128527328079872/5cwjRF9u.pdf,yunnan_dali_honghe_wenshan_2019_city_debt.txt,text/plain,2020-09-16,unclassified,0,0,0,,,,registered_no_selected_value,文山州官方决算公开附件表31列示2019年末本地区债务余额2808957万元，其中一般债务1938657万元、专项债务870300万元；按0.0001换算为亿元后接入全州口径，不使用州本级列替代本地区列。
SRC-OFFICIAL-DEBT-GUANGXI-YULIN-2024,玉林市财政局,A2,true,地方政府债务限额及余额公开表,http://www.yulin.gov.cn/gkzl/fadingzhudonggongkaineirong/ylsbjyjsgkpt_30014/zfzw/2025n-5/t19711162.shtml,http://www.yulin.gov.cn/gkzl/fadingzhudonggongkaineirong/ylsbjyjsgkpt_30014/zfzw/2025n-5/t19711177.shtml,guangxi_yulin_2024_official.txt,text/plain,2025-03-13,unclassified,0,0,0,,,,registered_no_selected_value,玉林市财政局两张官方表分别披露2024年全市一般债务余额239.71亿元和专项债务余额493.40亿元；按两项相加接入全市法定债务余额733.11亿元，不使用市级或县区行替代全市口径。
SRC-OFFICIAL-DEBT-YUNNAN-PUER-2024,普洱市财政局,A2,true,地方政府债务限额及余额公开表,https://www.puershi.gov.cn/info/13851/1814622.htm,https://www.puershi.gov.cn/info/13851/1814622.htm,yunnan_puer_2024_official.txt,text/plain,2025-02-28,unclassified,0,0,0,,,,registered_no_selected_value,普洱市财政局官方预算执行报告披露截至2024年末全市政府债务余额及一般、专项分项，万元按0.0001换算为亿元；不使用市本级余额替代全市口径。
SRC-OFFICIAL-DEBT-YUNNAN-PUER-2025,普洱市财政局,A2,true,地方政府债务限额及余额公开表,https://www.puershi.gov.cn/info/13851/1976612.htm,https://www.puershi.gov.cn/info/13851/1976612.htm,puer_2025_official_report.txt,text/plain,2026-02-28,unclassified,0,0,0,,,,registered_no_selected_value,普洱市财政局预算执行报告明确披露截至2025年末全市政府债务余额7073627.76万元，其中一般债务2147812.76万元、专项债务4925815万元；接入全市口径，不使用市本级余额替代全市余额。
SRC-OFFICIAL-DEBT-YUNNAN-DEHONG-2025,德宏州财政局,A2,true,地方政府债务限额及余额公开表,https://www.dh.gov.cn/czj/Web/_F0_0_6MAKOQ3XA932142D09E245889F.htm,https://www.dh.gov.cn/czj/Web/_F0_0_6MAKOQ3XA932142D09E245889F.htm,dehong_2025_official_report.txt,text/plain,2026-06-09,unclassified,0,0,0,,,,registered_no_selected_value,官方预算执行报告逐项披露全州余额及一般、专项债务分项；接入德宏州全州口径，不使用州本级或县市行替代。
SRC-OFFICIAL-DEBT-YUNNAN-WENSHAN-2025,文山州财政局,A2,true,地方政府债务限额及余额公开表,https://www.ynws.gov.cn/wszzf/zczj100/pc/content/content_2016721143864877056.html,https://www.ynws.gov.cn/wszzf/zczj100/pc/content/content_2016721143864877056.html,wenshan_2025_official_report.txt,text/plain,2026-01-29,city_year,1,1,1,CN-532600,2025,statutory_debt_balance_100m,accepted,官方预算执行报告披露2025年末全州政府法定债务余额10189540万元，即1018.9540亿元；全州口径，不使用州本级余额替代全州余额。
SRC-OFFICIAL-DEBT-YUNNAN-DEHONG-2023,德宏州财政局,A1,true,地方政府债务限额及余额公开表,https://www.dh.gov.cn/czj/Web/_F0_0_5WZBSNU6668F400B46E54C958A.htm,https://www.dh.gov.cn/czj/Web/_F0_0_5WZBSNU6668F400B46E54C958A.htm,yunnan_dehong_2023.txt,text/plain,2024-09-09,unclassified,0,0,0,,,,registered_no_selected_value,德宏州财政局公开决算报告明确列示2023年末全州政府债务余额424.03亿元，其中一般债务204.37亿元、专项债务219.66亿元；接入全州口径，不使用州本级行替代全州行。
SRC-SECONDARY-DEBT-YUNNAN-PUER-2021,中证鹏元资信评估股份有限公司,B2,true,二手公开城市债务图表,https://static.sse.com.cn/disclosure/bond/announcement/corporate/c/new/2024-07-17/152132_20240717_2ZBU.pdf,https://static.sse.com.cn/disclosure/bond/announcement/corporate/c/new/2024-07-17/152132_20240717_2ZBU.pdf,yunnan_puer_2023_rating.txt,text/plain,2024-07-17,city_year,1,1,1,CN-530800,2021,statutory_debt_balance_100m,accepted,评级报告第8页表3列示普洱市2021年地方政府债务余额382.57亿元；全市口径，仅接入总余额，不反推一般债务和专项债务。
SRC-SECONDARY-DEBT-YUNNAN-PUER-2022,中证鹏元资信评估股份有限公司,B2,true,二手公开城市债务图表,https://static.sse.com.cn/disclosure/bond/announcement/corporate/c/new/2024-07-17/152132_20240717_2ZBU.pdf,https://static.sse.com.cn/disclosure/bond/announcement/corporate/c/new/2024-07-17/152132_20240717_2ZBU.pdf,yunnan_puer_2023_rating.txt,text/plain,2024-07-17,city_year,1,1,1,CN-530800,2022,statutory_debt_balance_100m,accepted,评级报告第8页表3列示普洱市2022年地方政府债务余额451.50亿元；全市口径，仅接入总余额，不反推一般债务和专项债务。
SRC-SECONDARY-DEBT-YUNNAN-PUER-2023,中证鹏元资信评估股份有限公司,B2,true,二手公开城市债务图表,https://static.sse.com.cn/disclosure/bond/announcement/corporate/c/new/2024-07-17/152132_20240717_2ZBU.pdf,https://static.sse.com.cn/disclosure/bond/announcement/corporate/c/new/2024-07-17/152132_20240717_2ZBU.pdf,yunnan_puer_2023_rating.txt,text/plain,2024-07-17,city_year,1,1,1,CN-530800,2023,statutory_debt_balance_100m,accepted,评级报告第8页表3列示普洱市2023年地方政府债务余额516.35亿元；全市口径，仅接入总余额，不反推一般债务和专项债务。
SRC-OFFICIAL-DEBT-HAINAN-DANZHOU-2024,儋州市人民政府,A2,true,地方政府债务限额及余额公开表,https://15207832.s21i.faiusr.com/61/2/ABUIABA9GAAg4KbVyAYosNiJzAc.pdf,https://15207832.s21i.faiusr.com/61/2/ABUIABA9GAAg4KbVyAYosNiJzAc.pdf,danzhou_2024_official.txt,text/plain,2025-07-31,unclassified,0,0,0,,,,registered_no_selected_value,儋州市财政决算报告表5-1披露2024年年末全市地方政府债务余额3642520万元，其中一般债务1088485万元、专项债务2554035万元；按万元换算为亿元后入库。
SRC-SECONDARY-DEBT-INNER-MONGOLIA-BAOTOU-ALXA-2023,公开区域研究资料,B2,true,二手公开城市债务图表,https://finance.sina.com.cn/money/bond/2024-12-19/doc-inczysvv6876722.shtml,https://finance.sina.com.cn/money/bond/2024-12-19/doc-inczysvv6876722.shtml,inner_mongolia_baotou_alxa_2023_secondary.txt,text/plain,2024-12-19,multicity_batch,2,1,2,CN-150200;CN-152900,2023,statutory_debt_balance_100m,accepted,公开区域研究资料明确给出2023年末包头市政府债务余额1280.45亿元、阿拉善盟政府债务余额306.58亿元；仅接入全市或全盟总余额，不反推一般债务和专项债务。
SRC-SECONDARY-DEBT-INNER-MONGOLIA-ALXA-2022,上海证券交易所公开披露文件（引用阿拉善盟公开财政资料）,B2,true,二手公开城市债务图表,https://static.sse.com.cn/stock/disclosure/announcement/c/202309/600853_20230919_HMJU.pdf,https://static.sse.com.cn/stock/disclosure/announcement/c/202309/600853_20230919_HMJU.pdf,inner_mongolia_alxa_2022_secondary.txt,text/plain,2023-09-19,unclassified,0,0,0,,,,registered_no_selected_value,公开审计/审核材料在举债状况中明确列示2022年阿拉善盟全盟债务余额预计执行数45.03亿元，其中一般债务15.80亿元、专项债务29.24亿元；仅接入全盟合计，待阿拉善盟财政决算原表复核。
SRC-SECONDARY-DEBT-INNER-MONGOLIA-ORDOS-2023,评级机构公开报告,B2,true,二手公开城市债务图表,https://www.sse.com.cn/disclosure/bond/announcement/corporate/c/new/2024-06-28/139256_20240628_44PP.pdf,https://www.sse.com.cn/disclosure/bond/announcement/corporate/c/new/2024-06-28/139256_20240628_44PP.pdf,inner_mongolia_ordos_2023_secondary.txt,text/plain,2024-06-28,unclassified,0,0,0,,,,registered_no_selected_value,评级报告明确记载截至2023年末鄂尔多斯市政府债务余额1870.10亿元，其中一般债务1586.40亿元、专项债务283.70亿元；为公开二手资料，待市级财政决算原表复核。
SRC-OFFICIAL-DEBT-INNER-MONGOLIA-XILINGOL-2018,锡林郭勒盟政府（内蒙古自治区财政厅集中预算公开平台）,A2,true,地方政府债务限额及余额公开表,https://czt.nmg.gov.cn/yjs/business/article/select/247c7279dc8fb811abe307334c2415be,https://czt.nmg.gov.cn/yjs/business/file/download/be1fc81e1d9745dd95e7807805276aa1,inner_mongolia_xilingol_2018.txt,text/plain,2019-08-13,unclassified,0,0,0,,,,registered_no_selected_value,官方附件的全盟行直接列示2018年末债务余额337.2350574131亿元，其中一般债务323.6195574128亿元、专项债务13.6155000003亿元；不使用盟本级或旗县行。
SRC-OFFICIAL-DEBT-INNER-MONGOLIA-XILINGOL-2019,锡林郭勒盟政府（内蒙古自治区财政厅集中预算公开平台）,A2,true,地方政府债务限额及余额公开表,https://czt.nmg.gov.cn/yjs/business/article/select/4694a459ae959164d5c6bc787cccec61,https://czt.nmg.gov.cn/yjs/business/file/download/037cc3f928954133bc891af6adec3b32,inner_mongolia_xilingol_2019.txt,text/plain,2021-06-07,unclassified,0,0,0,,,,registered_no_selected_value,官方附件的全盟行直接列示2019年末债务余额417.5291461879亿元，其中一般债务357.5436461876亿元、专项债务59.9855000003亿元；不使用盟本级或旗县行。
SRC-OFFICIAL-DEBT-INNER-MONGOLIA-XILINGOL-2024,锡林郭勒盟财政局,A2,true,地方政府债务限额及余额公开表,https://czj.xlgl.gov.cn/czj/zwgk/zfxxgkzn/fdzdgknr/yjsgk/2025102915190131127/index.html,https://czj.xlgl.gov.cn/czj/attachDir/2025/10/2025102915341010199.XLS;https://czj.xlgl.gov.cn/czj/attachDir/2025/10/2025102915342856571.XLS,inner_mongolia_xilingol_2024.txt,text/plain,2025-10-29,unclassified,0,0,0,,,,registered_no_selected_value,官方决算附件19、附件32的全盟行直接披露：2024年末法定债务余额577.2721亿元，其中一般454.2142亿元、专项123.0579亿元；限额分别为623.0000、470.0000、153.0000亿元。
SRC-OFFICIAL-DEBT-INNER-MONGOLIA-XILINGOL-2025,锡林郭勒盟财政局,A1,true,地方政府债务限额及余额公开表,https://czt.nmg.gov.cn/yjs/business/page/content?contentId=2ec6fa3d39967604f195848f4d2a806f,https://czt.nmg.gov.cn/yjs/business/file/download/bbeac570607a44fa997c3cb508199390;https://czt.nmg.gov.cn/yjs/business/file/download/cae17e1ab88541f589cc51392231e898,inner_mongolia_xilingol_2025.txt,text/plain,2026-02-11,unclassified,0,0,0,,,,registered_no_selected_value,锡林郭勒盟政府2026年度预算附件的一般债务表、专项债务表分别披露2025年末余额预计执行数：一般债务70.170479亿元、专项债务50.520000亿元，合计120.690479亿元。原表余额标注为预计执行数，保留 preliminary 状态，不冒充最终决算。
SRC-OFFICIAL-DEBT-INNER-MONGOLIA-ORDOS-2018,鄂尔多斯市政府（内蒙古自治区财政厅集中预算公开平台）,A2,true,地方政府债务限额及余额公开表,https://czt.nmg.gov.cn/yjs/business/article/select/1b26f0ba5e521283934d9567befb347c,https://czt.nmg.gov.cn/yjs/business/file/download/c6d15be4dcfd44ecaa9a6b72604887f6,inner_mongolia_ordos_historical.txt,text/plain,2019-09-19,unclassified,0,0,0,,,,registered_no_selected_value,官方全市行直接列示余额1451.8048173817亿元，其中一般1413.9866058617亿元、专项37.81821152亿元。
SRC-OFFICIAL-DEBT-INNER-MONGOLIA-ORDOS-2019,鄂尔多斯市政府（内蒙古自治区财政厅集中预算公开平台）,A2,true,地方政府债务限额及余额公开表,https://czt.nmg.gov.cn/yjs/business/article/select/6b5f89dd8ab58fddb532dafbac3d55ed,https://czt.nmg.gov.cn/yjs/business/file/download/fa5f70e372314a58a591aa1ec0da6321,inner_mongolia_ordos_historical.txt,text/plain,2020-09-17,unclassified,0,0,0,,,,registered_no_selected_value,官方全市行直接列示余额1537.6909505721亿元，其中一般1467.0971930237亿元、专项70.5937575484亿元。
SRC-OFFICIAL-DEBT-INNER-MONGOLIA-ORDOS-2020,鄂尔多斯市政府（内蒙古自治区财政厅集中预算公开平台）,A2,true,地方政府债务限额及余额公开表,https://czt.nmg.gov.cn/yjs/business/article/select/827e492a47c27e409d0f55d3d622201d,https://czt.nmg.gov.cn/yjs/business/file/download/949da97fefa14bb1b9f4067972d2db09,inner_mongolia_ordos_historical.txt,text/plain,2021-03-19,unclassified,0,0,0,,,,registered_no_selected_value,官方全市行直接列示2020年末债务余额预计执行数1623.31710623亿元，其中一般1481.4084061516亿元、专项141.9087000784亿元。
SRC-OFFICIAL-DEBT-INNER-MONGOLIA-ORDOS-2022,鄂尔多斯市政府（内蒙古自治区财政厅集中预算公开平台）,A2,true,地方政府债务限额及余额公开表,https://czt.nmg.gov.cn/yjs/business/article/select/07c42a428e186a65afb17ee161d29fb2,https://czt.nmg.gov.cn/yjs/business/file/download/1103b27773ce472c9883a8b0d0d60dd0,inner_mongolia_ordos_historical.txt,text/plain,2023-08-15,unclassified,0,0,0,,,,registered_no_selected_value,官方全市行直接列示2022年末债务余额预计执行数1677.36亿元，其中一般1507.78亿元、专项169.58亿元。
SRC-OFFICIAL-DEBT-INNER-MONGOLIA-ORDOS-2024,鄂尔多斯市政府（内蒙古自治区财政厅集中预算公开平台）,A2,true,地方政府债务限额及余额公开表,https://czt.nmg.gov.cn/yjs/business/article/select/471fe7049473cf99d3d77e48074bd0cf,https://czt.nmg.gov.cn/yjs/business/file/download/fb27529573474faca37ec35a18a94c3e,inner_mongolia_ordos_historical.txt,text/plain,2025-02-07,unclassified,0,0,0,,,,registered_no_selected_value,官方全市行直接列示2024年末债务余额预计执行数1948.818177335亿元，其中一般1582.7836772566亿元、专项366.0345000784亿元；表中限额待自治区财政厅下达，未填限额。
SRC-OFFICIAL-DEBT-INNER-MONGOLIA-BAYANNUR-2018,巴彦淖尔市政府（内蒙古自治区财政厅集中预算公开平台）,A2,true,地方政府债务限额及余额公开表,https://czt.nmg.gov.cn/yjs/business/article/select/25d086a787acb4dd379a4176acdec756,https://czt.nmg.gov.cn/yjs/business/file/download/96577540d8de4dcc807b3e9ff4e4a9dd,inner_mongolia_bayannur_2018.xlsx,application/vnd.openxmlformats-officedocument.spreadsheetml.sheet,2019-09-10,unclassified,0,0,0,,,,registered_no_selected_value,官方全市行直接列示余额305.5167亿元，其中一般257.5332亿元、专项47.9835亿元。
SRC-OFFICIAL-DEBT-INNER-MONGOLIA-BAYANNUR-2019,巴彦淖尔市政府（内蒙古自治区财政厅集中预算公开平台）,A2,true,地方政府债务限额及余额公开表,https://czt.nmg.gov.cn/yjs/business/article/select/2682f81b3573408d7b5b19c1b31d8370,https://czt.nmg.gov.cn/yjs/business/file/download/80c48d33f600424ea10965da062b1138,inner_mongolia_bayannur_2019.xlsx,application/vnd.openxmlformats-officedocument.spreadsheetml.sheet,2020-09-02,unclassified,0,0,0,,,,registered_no_selected_value,官方全市行直接列示余额332.8613611017亿元，其中一般270.7067292068亿元、专项62.1546318949亿元。
SRC-OFFICIAL-DEBT-INNER-MONGOLIA-BAYANNUR-2020,巴彦淖尔市政府（内蒙古自治区财政厅集中预算公开平台）,A2,true,地方政府债务限额及余额公开表,https://czt.nmg.gov.cn/yjs/business/article/select/6871a4f38e09403eb89cf5950367c5cf,https://czt.nmg.gov.cn/yjs/business/file/download/0e028749a4dc4152a3c6cb3443be1201,inner_mongolia_bayannur_historical.txt,text/plain,2021-09-16,unclassified,0,0,0,,,,registered_no_selected_value,官方全市行直接列示余额414.0511711545亿元，其中一般284.2098382612亿元、专项129.8413328933亿元。
SRC-OFFICIAL-DEBT-INNER-MONGOLIA-ALXA-2018,阿拉善盟政府（内蒙古自治区财政厅集中预算公开平台）,A2,true,地方政府债务限额及余额公开表,https://czt.nmg.gov.cn/yjs/business/article/select/bfcbd3d1310281a83ae90a351e10f68e,https://czt.nmg.gov.cn/yjs/business/file/download/84d4cdc6f25441139252049150d82b05,inner_mongolia_alxa_historical.txt,text/plain,2019-11-18,unclassified,0,0,0,,,,registered_no_selected_value,官方全盟行直接列示余额159.59亿元，其中一般128.27亿元、专项31.3219502943亿元。
SRC-OFFICIAL-DEBT-INNER-MONGOLIA-ALXA-2019,阿拉善盟政府（内蒙古自治区财政厅集中预算公开平台）,A2,true,地方政府债务限额及余额公开表,https://czt.nmg.gov.cn/yjs/business/article/select/bd27f90ee964e244d5ec1db5f82fcd74,https://czt.nmg.gov.cn/yjs/business/file/download/6d23ef2dc118466389649713d2d46c0c,inner_mongolia_alxa_historical.txt,text/plain,2020-11-26,unclassified,0,0,0,,,,registered_no_selected_value,官方全盟行直接列示余额208.5446128711亿元，其中一般144.1823665934亿元、专项64.3622462777亿元。
SRC-OFFICIAL-DEBT-INNER-MONGOLIA-ALXA-2020,阿拉善盟政府（内蒙古自治区财政厅集中预算公开平台）,A2,true,地方政府债务限额及余额公开表,https://czt.nmg.gov.cn/yjs/business/article/select/ad4cd96ade7c0f399760d936e71a6612,https://czt.nmg.gov.cn/yjs/business/file/download/b8b1803c90ca486b9eb906adf47e4e8e,inner_mongolia_alxa_historical.txt,text/plain,2021-10-27,unclassified,0,0,0,,,,registered_no_selected_value,官方全盟行直接列示余额242.0291亿元，其中一般155.5288亿元、专项86.5003亿元。
SRC-OFFICIAL-DEBT-INNER-MONGOLIA-ALXA-2021,阿拉善盟政府（内蒙古自治区财政厅集中预算公开平台）,A2,true,地方政府债务限额及余额公开表,https://czt.nmg.gov.cn/yjs/business/article/select/bda332d18d501bf495193f8581f40ca5,https://czt.nmg.gov.cn/yjs/business/file/download/e89f444ea1634ce0867443487adea760,inner_mongolia_alxa_historical.txt,text/plain,2021-05-10,unclassified,0,0,0,,,,registered_no_selected_value,官方全盟行直接列示2021年末债务余额预计执行数249.11亿元，其中一般156.52亿元、专项92.59亿元。
SRC-OFFICIAL-DEBT-INNER-MONGOLIA-ULANQAB-2018,乌兰察布市政府（内蒙古自治区财政厅集中预算公开平台）,A2,true,地方政府债务限额及余额公开表,https://czt.nmg.gov.cn/yjs/business/article/select/178f406a6f680aa7d17320053c86806c,https://czt.nmg.gov.cn/yjs/business/file/download/19ca5c34326c4c78a22e54973246b5ea,inner_mongolia_ulanqab_historical.txt,text/plain,2019-09-12,unclassified,0,0,0,,,,registered_no_selected_value,官方全市行直接列示余额552.5064亿元，其中一般477.4857亿元、专项75.0207亿元。
SRC-OFFICIAL-DEBT-INNER-MONGOLIA-ULANQAB-2019,乌兰察布市政府（内蒙古自治区财政厅集中预算公开平台）,A2,true,地方政府债务限额及余额公开表,https://czt.nmg.gov.cn/yjs/business/article/select/7707cc22a9b47fc2d527a06abf7b89ee,https://czt.nmg.gov.cn/yjs/business/file/download/0ba6eafab447493a9d95fd9e92218b05,inner_mongolia_ulanqab_historical.txt,text/plain,2020-08-26,unclassified,0,0,0,,,,registered_no_selected_value,官方全市行直接列示余额595.79879597亿元，其中一般486.5572亿元、专项109.24159597亿元。
SRC-OFFICIAL-DEBT-INNER-MONGOLIA-ULANQAB-2020,乌兰察布市政府（内蒙古自治区财政厅集中预算公开平台）,A2,true,地方政府债务限额及余额公开表,https://czt.nmg.gov.cn/yjs/business/article/select/e8bd7396d1022780cee26383a0ad87ba,https://czt.nmg.gov.cn/yjs/business/file/download/53b447f6e64b4486bfefbfc210795c6b,inner_mongolia_ulanqab_historical.txt,text/plain,2021-09-10,unclassified,0,0,0,,,,registered_no_selected_value,官方全市行直接列示余额683.019亿元，其中一般510.3778亿元、专项172.6412亿元。
SRC-OFFICIAL-DEBT-INNER-MONGOLIA-ULANQAB-2021,乌兰察布市政府（内蒙古自治区财政厅集中预算公开平台）,A2,true,地方政府债务限额及余额公开表,https://czt.nmg.gov.cn/yjs/business/article/select/36f9bb5b751f6d8173756f4d31653b24,https://czt.nmg.gov.cn/yjs/business/file/download/0cfb16fd40d64431aec654d959c84582,inner_mongolia_ulanqab_historical.txt,text/plain,2022-08-30,unclassified,0,0,0,,,,registered_no_selected_value,官方全市行直接列示余额739.8543亿元，其中一般544.4726亿元、专项195.3817亿元。
SRC-OFFICIAL-DEBT-INNER-MONGOLIA-ULANQAB-2022,乌兰察布市政府（内蒙古自治区财政厅集中预算公开平台）,A2,true,地方政府债务限额及余额公开表,https://czt.nmg.gov.cn/yjs/business/article/select/e8d6e622d46331af8798c500bae9b3b3,https://czt.nmg.gov.cn/yjs/business/file/download/e30d79930f3b4c2bb666a4bcf2a0d18c,inner_mongolia_ulanqab_historical.txt,text/plain,2023-01-17,unclassified,0,0,0,,,,registered_no_selected_value,官方全市行直接列示2022年末债务余额预计执行数781.53亿元，其中一般558.06亿元、专项223.47亿元。
SRC-OFFICIAL-DEBT-INNER-MONGOLIA-ULANQAB-2023-GENERAL,乌兰察布市政府（内蒙古自治区财政厅集中预算公开平台）,A2,true,地方政府债务限额及余额公开表,https://czt.nmg.gov.cn/yjs/business/article/select/d0127a5f4d215f57c54878ed7fe60c91,https://czt.nmg.gov.cn/yjs/business/file/download/2615f6d49f92442b87e9321d0fdaef12,inner_mongolia_ulanqab_historical.txt,text/plain,2024-01-22,unclassified,0,0,0,,,,registered_no_selected_value,官方一般债务表列示2023年末一般债务余额预计执行数647.33亿元；与同一公开文章的专项表合并后形成法定债务总额。
SRC-OFFICIAL-DEBT-INNER-MONGOLIA-ULANQAB-2023-SPECIAL,乌兰察布市政府（内蒙古自治区财政厅集中预算公开平台）,A2,true,地方政府债务限额及余额公开表,https://czt.nmg.gov.cn/yjs/business/article/select/d0127a5f4d215f57c54878ed7fe60c91,https://czt.nmg.gov.cn/yjs/business/file/download/76a8a1f2f1c54cb1ba21249df069599b,inner_mongolia_ulanqab_historical.txt,text/plain,2024-01-22,unclassified,0,0,0,,,,registered_no_selected_value,官方专项债务表列示2023年末专项债务余额预计执行数286.25亿元；与同一公开文章的一般表合并后形成法定债务总额。
SRC-OFFICIAL-DEBT-INNER-MONGOLIA-ULANQAB-2024-GENERAL,乌兰察布市政府（内蒙古自治区财政厅集中预算公开平台）,A2,true,地方政府债务限额及余额公开表,https://czt.nmg.gov.cn/yjs/business/article/select/87fb8d20169c917d8a9b49996c5c2864,https://czt.nmg.gov.cn/yjs/business/file/download/93e23d20284d4b84a7a4aff1ce38978c,inner_mongolia_ulanqab_historical.txt,text/plain,2025-02-28,unclassified,0,0,0,,,,registered_no_selected_value,官方一般债务表列示2024年末一般债务余额预计执行数655.33亿元；与同一公开文章的专项表合并后形成法定债务总额。
SRC-OFFICIAL-DEBT-INNER-MONGOLIA-ULANQAB-2024-SPECIAL,乌兰察布市政府（内蒙古自治区财政厅集中预算公开平台）,A2,true,地方政府债务限额及余额公开表,https://czt.nmg.gov.cn/yjs/business/article/select/87fb8d20169c917d8a9b49996c5c2864,https://czt.nmg.gov.cn/yjs/business/file/download/dfc067f37f55487a8021831f40d64361,inner_mongolia_ulanqab_historical.txt,text/plain,2025-02-28,unclassified,0,0,0,,,,registered_no_selected_value,官方专项债务表列示2024年末专项债务余额预计执行数351.48亿元；与同一公开文章的一般表合并后形成法定债务总额。
SRC-OFFICIAL-DEBT-INNER-MONGOLIA-XINGAN-2018,兴安盟政府（内蒙古自治区财政厅集中预算公开平台）,A2,true,地方政府债务限额及余额公开表,https://czt.nmg.gov.cn/yjs/business/article/select/c3f2420cd2e0f124d7c951d104bad990,https://czt.nmg.gov.cn/yjs/business/file/download/4f54ade760f2492c92b32f032ece9cc0,inner_mongolia_xingan_2018.xlsx,application/vnd.openxmlformats-officedocument.spreadsheetml.sheet,2019-09-26,unclassified,0,0,0,,,,registered_no_selected_value,官方全盟行直接列示余额220.316亿元，其中一般189.8921亿元、专项30.4239亿元。
SRC-OFFICIAL-DEBT-INNER-MONGOLIA-XINGAN-2019,兴安盟政府（内蒙古自治区财政厅集中预算公开平台）,A2,true,地方政府债务限额及余额公开表,https://czt.nmg.gov.cn/yjs/business/article/select/badbb41caaa88da46ed278370d0a2ba5,https://czt.nmg.gov.cn/yjs/business/file/download/3ee1033466704f0bb70ae2f2cc97cf5f,inner_mongolia_xingan_historical.txt,text/plain,2020-11-15,unclassified,0,0,0,,,,registered_no_selected_value,官方全盟行直接列示余额278.9437亿元，其中一般218.8211亿元、专项60.1226亿元。
SRC-OFFICIAL-DEBT-INNER-MONGOLIA-XINGAN-2020,兴安盟政府（内蒙古自治区财政厅集中预算公开平台）,A2,true,地方政府债务限额及余额公开表,https://czt.nmg.gov.cn/yjs/business/article/select/33cbe59d25c412a9b6beb33e40eddbe6,https://czt.nmg.gov.cn/yjs/business/file/download/736d2854b408423387de5cdd286d9470,inner_mongolia_xingan_historical.txt,text/plain,2021-04-30,unclassified,0,0,0,,,,registered_no_selected_value,官方全盟行列示2020年末债务余额预计执行数333.7362710859亿元，其中一般235.9777710859亿元、专项97.7585亿元。
SRC-OFFICIAL-DEBT-INNER-MONGOLIA-XINGAN-2021,兴安盟政府（内蒙古自治区财政厅集中预算公开平台）,A2,true,地方政府债务限额及余额公开表,https://czt.nmg.gov.cn/yjs/business/article/select/398791e417b3ca8b0bbafcb3e423af1b,https://czt.nmg.gov.cn/yjs/business/file/download/8471174091114c2ead97cbfa39c5b5f8,inner_mongolia_xingan_historical.txt,text/plain,2022-06-30,unclassified,0,0,0,,,,registered_no_selected_value,官方全盟表直接列示2021年末债务余额359.6696146亿元，其中一般250.7361146亿元、专项108.9335亿元。
SRC-OFFICIAL-DEBT-INNER-MONGOLIA-XINGAN-2022,兴安盟政府（内蒙古自治区财政厅集中预算公开平台）,A2,true,地方政府债务限额及余额公开表,https://czt.nmg.gov.cn/yjs/business/article/select/51087c910173b813197a41619945e52f,https://czt.nmg.gov.cn/yjs/business/file/download/7082654bfbe0410b9c309e076779d88b,inner_mongolia_xingan_historical.txt,text/plain,2023-10-11,unclassified,0,0,0,,,,registered_no_selected_value,官方全盟行直接列示余额391.8674429469亿元，其中一般264.2581429469亿元、专项127.6093亿元。
SRC-OFFICIAL-DEBT-INNER-MONGOLIA-XINGAN-2023,兴安盟政府（内蒙古自治区财政厅集中预算公开平台）,A2,true,地方政府债务限额及余额公开表,https://czt.nmg.gov.cn/yjs/business/article/select/0223dc8a043acdce72163c6fe440a129,https://czt.nmg.gov.cn/yjs/business/file/download/7fd41ffa287b409ba1c48cb11fc27f34,inner_mongolia_xingan_historical.txt,text/plain,2024-09-20,unclassified,0,0,0,,,,registered_no_selected_value,官方全盟行直接列示余额433.4929324985亿元，其中一般288.5437324985亿元、专项144.9492亿元。
SRC-OFFICIAL-DEBT-INNER-MONGOLIA-XINGAN-2024,兴安盟政府（内蒙古自治区财政厅集中预算公开平台）,A2,true,地方政府债务限额及余额公开表,https://czt.nmg.gov.cn/yjs/business/article/select/31b0a38d85c5e22ce552a3d4ea33a1b,https://czt.nmg.gov.cn/yjs/business/file/download/9ecce1d6a10f4a5197b91e02d0dc03bf,inner_mongolia_xingan_historical.txt,text/plain,2025-03-15,unclassified,0,0,0,,,,registered_no_selected_value,官方全盟表列示2024年末债务余额预计执行数469.7523948901亿元，其中一般299.1125948901亿元、专项170.6398亿元；限额待财政厅下达，余额字段为本次接入对象。
SRC-OFFICIAL-DEBT-INNER-MONGOLIA-XINGAN-2025,兴安盟政府（内蒙古自治区财政厅集中预算公开平台）,A2,true,地方政府债务限额及余额公开表,https://czt.nmg.gov.cn/yjs/business/article/select/50efa07be9337f442a1d24d0cd6eab08,https://czt.nmg.gov.cn/yjs/business/file/download/aa9309655c3f4b6c8b5f9a56b8f0b8b3,inner_mongolia_xingan_historical.txt,text/plain,2026-04-01,unclassified,0,0,0,,,,registered_no_selected_value,官方全盟总表直接列示2025年末债务余额预计执行数513.9032460481亿元，其中一般308.7051460481亿元、专项205.1981亿元。
SRC-OFFICIAL-DEBT-INNER-MONGOLIA-TONGLIAO-2018,通辽市政府（内蒙古自治区财政厅集中预算公开平台）,A2,true,地方政府债务限额及余额公开表,https://czt.nmg.gov.cn/yjs/business/article/select/84e96317e115de1446333127021713ed,https://czt.nmg.gov.cn/yjs/business/file/download/1af3edc3417344ff890cea8b21d80ad8,inner_mongolia_tongliao_2018.xlsx,application/vnd.openxmlformats-officedocument.spreadsheetml.sheet,2019-09-25,unclassified,0,0,0,,,,registered_no_selected_value,官方全市决算表直接列示通辽市全域余额401.3651亿元，其中一般347.9992亿元、专项53.3659亿元。
SRC-OFFICIAL-DEBT-INNER-MONGOLIA-TONGLIAO-2019,通辽市政府（内蒙古自治区财政厅集中预算公开平台）,A2,true,地方政府债务限额及余额公开表,https://czt.nmg.gov.cn/yjs/business/article/select/908d496040168bfbd77d17fb102a11fd,https://czt.nmg.gov.cn/yjs/business/file/download/c1bd710bca844bf181a7893913bc7128,inner_mongolia_tongliao_2019.txt,text/plain,2020-09-15,unclassified,0,0,0,,,,registered_no_selected_value,官方全市决算表直接列示通辽市全域余额469.7027亿元，其中一般389.8889亿元、专项79.8138亿元。
SRC-OFFICIAL-DEBT-INNER-MONGOLIA-TONGLIAO-2020,通辽市政府（内蒙古自治区财政厅集中预算公开平台）,A2,true,地方政府债务限额及余额公开表,https://czt.nmg.gov.cn/yjs/business/article/select/b5f0a76675d362e87b26958295975c85,https://czt.nmg.gov.cn/yjs/business/file/download/c8b1560aa8d0481bbe5f472dc5a7a996,inner_mongolia_tongliao_2020.txt,text/plain,2021-09-18,unclassified,0,0,0,,,,registered_no_selected_value,官方全市决算表直接列示通辽市全域余额535.6226亿元，其中一般420.2888亿元、专项115.3338亿元。
SRC-OFFICIAL-DEBT-INNER-MONGOLIA-TONGLIAO-2021,通辽市政府（内蒙古自治区财政厅集中预算公开平台）,A2,true,地方政府债务限额及余额公开表,https://czt.nmg.gov.cn/yjs/business/article/select/9ab69c13257a3b6d507cc8acd17ab075,https://czt.nmg.gov.cn/yjs/business/file/download/85761a525f91447eb1f9d48e78370b19,inner_mongolia_tongliao_2021.txt,text/plain,2022-09-30,unclassified,0,0,0,,,,registered_no_selected_value,官方全市决算表直接列示通辽市全域余额576.3515亿元，其中一般435.9777亿元、专项140.3738亿元。
SRC-OFFICIAL-DEBT-INNER-MONGOLIA-TONGLIAO-2022,通辽市政府（内蒙古自治区财政厅集中预算公开平台）,A2,true,地方政府债务限额及余额公开表,https://czt.nmg.gov.cn/yjs/business/article/select/2a32988d89474e2433968f819bddd098,https://czt.nmg.gov.cn/yjs/business/file/download/ab1da0df3a014035b7dc90169099e64c,inner_mongolia_tongliao_2022.txt,text/plain,2023-09-15,unclassified,0,0,0,,,,registered_no_selected_value,官方全市决算表直接列示通辽市全域余额603.5913亿元，其中一般450.6502亿元、专项152.9411亿元。
SRC-OFFICIAL-DEBT-INNER-MONGOLIA-TONGLIAO-2023,通辽市政府（内蒙古自治区财政厅集中预算公开平台）,A2,true,地方政府债务限额及余额公开表,https://czt.nmg.gov.cn/yjs/business/article/select/85b1d349f1e524619b992cf4e7d2e95e,https://czt.nmg.gov.cn/yjs/business/file/download/34f6c634af3a460894ac656372e2e9b9,inner_mongolia_tongliao_2023.txt,text/plain,2024-09-11,unclassified,0,0,0,,,,registered_no_selected_value,官方全市决算表直接列示通辽市全域余额733.9873亿元，其中一般546.8337亿元、专项187.1536亿元。
SRC-OFFICIAL-DEBT-INNER-MONGOLIA-TONGLIAO-2024,通辽市政府（内蒙古自治区财政厅集中预算公开平台）,A2,true,地方政府债务限额及余额公开表,https://czt.nmg.gov.cn/yjs/business/article/select/7c55134c1c64757b94a1a28af487dba9,https://czt.nmg.gov.cn/yjs/business/file/download/42803ab9852d4368a25af2dc11e0629f,inner_mongolia_tongliao_2024.txt,text/plain,2025-09-16,unclassified,0,0,0,,,,registered_no_selected_value,官方全市决算表直接列示通辽市全域余额799.981186亿元，其中一般555.817986亿元、专项244.1632亿元。
SRC-OFFICIAL-DEBT-INNER-MONGOLIA-WUHAI-2021,乌海市政府（内蒙古自治区财政厅集中预算公开平台）,A2,true,地方政府债务限额及余额公开表,https://czt.nmg.gov.cn/yjs/business/article/select/44b03387c78e4e7e162f89798b3e9bb8,https://czt.nmg.gov.cn/yjs/business/file/download/141e33be1de3472981bd95f59decc61c,inner_mongolia_wuhai_2021.txt,text/plain,2022-09-16,unclassified,0,0,0,,,,registered_no_selected_value,官方公开表直接列示乌海市全市2021年末债务余额244.9059亿元，其中一般170.9055亿元、专项74.0004亿元。
SRC-OFFICIAL-DEBT-INNER-MONGOLIA-WUHAI-2022,乌海市政府（内蒙古自治区财政厅集中预算公开平台）,A2,true,地方政府债务限额及余额公开表,https://czt.nmg.gov.cn/yjs/business/article/select/8d0529e546c78afdf56d8dbc1fef5d8f,https://czt.nmg.gov.cn/yjs/business/file/download/168bcaf05ce84e3b958475db8e0e7070,inner_mongolia_wuhai_2022.txt,text/plain,2023-09-15,unclassified,0,0,0,,,,registered_no_selected_value,官方全市决算表的全市行原名为“乌海市市”，直接列示余额254.41亿元，其中一般175.24亿元、专项79.17亿元。
SRC-OFFICIAL-DEBT-INNER-MONGOLIA-WUHAI-2023,乌海市政府（内蒙古自治区财政厅集中预算公开平台）,A2,true,地方政府债务限额及余额公开表,https://czt.nmg.gov.cn/yjs/business/article/select/09f9d4c5674087a3696bf501c55c3689,https://czt.nmg.gov.cn/yjs/business/file/download/b5b4d098101f4d7197893831a535fca2,inner_mongolia_wuhai_2023.txt,text/plain,2024-10-15,unclassified,0,0,0,,,,registered_no_selected_value,官方全市决算表的全市行原名为“乌海市市”，直接列示余额289.131亿元，其中一般201.6942亿元、专项87.4368亿元。
SRC-OFFICIAL-DEBT-INNER-MONGOLIA-WUHAI-2024,乌海市政府（内蒙古自治区财政厅集中预算公开平台）,A2,true,地方政府债务限额及余额公开表,https://czt.nmg.gov.cn/yjs/business/article/select/bc3c49055578d6005441f98f09072875,https://czt.nmg.gov.cn/yjs/business/file/download/ce228fc637d44980a01b62a825fca077,inner_mongolia_wuhai_2024.txt,text/plain,2025-09-17,unclassified,0,0,0,,,,registered_no_selected_value,官方全市决算表的全市行原名为“乌海市市”，直接列示余额320.6258亿元，其中一般210.5604亿元、专项110.0654亿元。
SRC-OFFICIAL-DEBT-HEBEI-XIONGAN-2024,雄安新区管理委员会,A1,true,地方政府债务限额及余额公开表,https://www.xiongan.gov.cn/20250815/55ee154e81654d3bbc6989f33626347f/2025081555ee154e81654d3bbc6989f33626347f_47592039206d8e429191c8781b353f1572.pdf,https://www.xiongan.gov.cn/20250815/55ee154e81654d3bbc6989f33626347f/2025081555ee154e81654d3bbc6989f33626347f_47592039206d8e429191c8781b353f1572.pdf,xiongan_2024_debt_total6.txt,text/plain,2025-08-15,unclassified,0,0,0,,,,registered_no_selected_value,雄安新区官方决算附件列示新区合计全域口径：2024年债务限额2633.23亿元、年末余额2625.21亿元，并拆分一般/专项债务。
SRC-OFFICIAL-DEBT-HEBEI-XIONGAN-2025,雄安新区管理委员会,A2,true,地方政府债务限额及余额公开表,https://www.xiongan.gov.cn/20260206/a8e0bdddb0a84c6b9c9b516640f1c3ee/20260206a8e0bdddb0a84c6b9c9b516640f1c3ee_570763fe79ea54428b9fa5c41c55b9e50c.pdf,https://www.xiongan.gov.cn/20260206/a8e0bdddb0a84c6b9c9b516640f1c3ee/20260206a8e0bdddb0a84c6b9c9b516640f1c3ee_570763fe79ea54428b9fa5c41c55b9e50c.pdf,xiongan_2025_debt_total6.txt,text/plain,2026-02-06,unclassified,0,0,0,,,,registered_no_selected_value,雄安新区官方预算公开附表逐行披露新区全域2025年地方政府债务限额及年末余额，并列示一般/专项分项。
SRC-SECONDARY-DEBT-SHAANXI-XIAN-2022,西安市人民政府（公开转载）,B2,true,二手公开城市债务图表,https://www.gcs66.com/document_detail/114159.html,https://www.gcs66.com/document_detail/114159.html,xian_2022_debt_balance3.txt,text/plain,2023-01-12,unclassified,0,0,0,,,,registered_no_selected_value,公开转载的西安市政府预算报告明确披露全市口径2022年末限额、一般/专项限额及余额；原始报告数值与公开评级材料交叉一致。
SRC-OFFICIAL-DEBT-HUBEI-WUHAN-2022,武汉市财政局,A2,true,地方政府债务限额及余额公开表,https://czj.wuhan.gov.cn/FBJD/XXGKML/CZGK/CZYJS/202309/P020230927552834107848.pdf,https://czj.wuhan.gov.cn/FBJD/XXGKML/CZGK/CZYJS/202309/P020230927552834107848.pdf,wuhan_2022_debt_total6.txt,text/plain,2023-09-27,unclassified,0,0,0,,,,registered_no_selected_value,武汉市财政局官方决算公开表披露全市限额、一般/专项限额和余额；原表为万元，本地转录后换算为亿元。
SRC-OFFICIAL-DEBT-ZHEJIANG-HANGZHOU-2022,杭州市人民政府,A2,true,地方政府债务限额及余额公开表,https://z.hangzhou.com.cn/2023/hzlh/content/content_8480240.html,https://z.hangzhou.com.cn/2023/hzlh/content/content_8480240.html,hangzhou_2022_debt_total.txt,text/plain,2023-02-01,unclassified,0,0,0,,,,registered_no_selected_value,杭州市政府公开预算报告明确披露全市口径2022年末地方政府债务余额；材料未在本地摘录中同时列示可用的全市一般/专项拆分和限额，相关字段保留为空。
SRC-OFFICIAL-DEBT-FUJIAN-QUANZHOU-2022,泉州市人民政府,A2,true,地方政府债务限额及余额公开表,https://quanzhou.gov.cn/zfb/xxgk/ztxxgk/czzj/zfzw/202302/t20230203_2843557.htm,https://quanzhou.gov.cn/zfb/xxgk/ztxxgk/czzj/zfzw/202302/t20230203_2843557.htm,quanzhou_2022_debt_total.txt,text/plain,2023-02-03,city_year,1,1,1,CN-350500,2022,statutory_debt_balance_100m,accepted,泉州市政府公开预算报告附件明确列示2022年末全市政府债务余额；本地摘录未同时列示全市一般/专项拆分和限额，相关字段保留为空。
SRC-SECONDARY-DEBT-ZHEJIANG-WENZHOU-2022,粤开证券研究院,B2,true,二手公开城市债务图表,https://finance.sina.cn/2023-02-27/detail-imyiavcf4892205.d.html?vt=4,https://finance.sina.cn/2023-02-27/detail-imyiavcf4892205.d.html?vt=4,wenzhou_2022_debt_total.txt,text/plain,2023-02-27,unclassified,0,0,0,,,,registered_no_selected_value,证券研究报告明确列示温州市2022年全市地方政府债务余额；本条仅接入总余额，不反推一般债务和专项债务，未披露的限额字段保留为空。
SRC-SECONDARY-DEBT-HENAN-2023-CITY-TOTALS,中诚信国际信用评级有限责任公司,B2,true,二手公开城市债务图表,https://qxb-pdf-osscache.qixin.com/AnBaseinfo/875a44dd1873f2462097b2303684708c.pdf,https://qxb-pdf-osscache.qixin.com/AnBaseinfo/875a44dd1873f2462097b2303684708c.pdf,henan_2023_rating_city_totals.txt,text/plain,2024-07-12,multicity_batch,18,1,18,CN-410100;CN-410200;CN-410300;CN-410400;CN-410500;CN-410600;CN-410700;CN-410800;CN-410900;CN-411000;CN-411100;CN-411200;CN-411300;CN-411400;CN-411500;CN-411600;CN-411700;CN-419000,2023,statutory_debt_balance_100m,accepted,中诚信国际评级报告表2列示河南省18个地级行政单元2023年地方政府债务余额；报告注明依据公开资料整理，本条仅接入明确的全市/示范区总余额，不反推一般债务和专项债务。济源市映射至河南省直辖县级行政区划目标行。
SRC-SECONDARY-DEBT-SICHUAN-2023-TOP6,联合资信评估股份有限公司,B2,true,二手公开城市债务图表,https://czt.sc.gov.cn/scczt/tzgg/2024/9/4/5c7775b28fe04a8f95bf5579c0932496/files/2024%E5%B9%B4%E5%9B%9B%E5%B7%9D%E7%9C%81%E6%94%BF%E5%BA%9C%E4%B8%80%E8%88%AC%E5%80%BA%E5%88%B8%EF%BC%88%E4%B8%89%E8%87%B3%E4%BA%94%E6%9C%9F%EF%BC%89%E4%BF%A1%E7%94%A8%E8%AF%84%E7%BA%A7%E6%8A%A5%E5%91%8A.pdf,https://czt.sc.gov.cn/scczt/tzgg/2024/9/4/5c7775b28fe04a8f95bf5579c0932496/files/2024%E5%B9%B4%E5%9B%9B%E5%B7%9D%E7%9C%81%E6%94%BF%E5%BA%9C%E4%B8%80%E8%88%AC%E5%80%BA%E5%88%B8%EF%BC%88%E4%B8%89%E8%87%B3%E4%BA%94%E6%9C%9F%EF%BC%89%E4%BF%A1%E7%94%A8%E8%AF%84%E7%BA%A7%E6%8A%A5%E5%91%8A.pdf,sichuan_2023_rating_city_totals.txt,text/plain,2024-09-04,unclassified,0,0,0,,,,registered_no_selected_value,四川省财政厅公开的政府债券评级报告正文明确列示6个重点市州2023年末政府债务余额；仅接入全市/全州总余额，不反推一般债务和专项债务，其余市州保留缺失。
SRC-CELMA-API-DEBT-2102-2021,中国地方政府债券信息公开平台,A2,true,地方政府债务限额及余额公开表,https://www.governbond.org.cn:4443/api/loadBondData.action,https://www.governbond.org.cn:4443/api/loadBondData.action,central_api_2102.txt,text/plain,2026-08-01,unclassified,0,0,0,,,,registered_no_selected_value,平台查询参数 AD_CODE=2102、SET_YEAR=2021；仅返回余额三列，限额字段保留为空。
SRC-CELMA-API-DEBT-2102-2023,中国地方政府债券信息公开平台,A2,true,地方政府债务限额及余额公开表,https://www.governbond.org.cn:4443/api/loadBondData.action,https://www.governbond.org.cn:4443/api/loadBondData.action,central_api_2102.txt,text/plain,2026-08-01,unclassified,0,0,0,,,,registered_no_selected_value,平台查询参数 AD_CODE=2102、SET_YEAR=2023；仅返回余额三列，限额字段保留为空。
SRC-CELMA-API-DEBT-3302-2018,中国地方政府债券信息公开平台,A2,true,地方政府债务限额及余额公开表,https://www.governbond.org.cn:4443/api/loadBondData.action,https://www.governbond.org.cn:4443/api/loadBondData.action,central_api_3302.txt,text/plain,2026-08-01,unclassified,0,0,0,,,,registered_no_selected_value,平台查询参数 AD_CODE=3302、SET_YEAR=2018；仅返回余额三列，限额字段保留为空。
SRC-CELMA-API-DEBT-3302-2019,中国地方政府债券信息公开平台,A2,true,地方政府债务限额及余额公开表,https://www.governbond.org.cn:4443/api/loadBondData.action,https://www.governbond.org.cn:4443/api/loadBondData.action,central_api_3302.txt,text/plain,2026-08-01,unclassified,0,0,0,,,,registered_no_selected_value,平台查询参数 AD_CODE=3302、SET_YEAR=2019；仅返回余额三列，限额字段保留为空。
SRC-CELMA-API-DEBT-3302-2020,中国地方政府债券信息公开平台,A2,true,地方政府债务限额及余额公开表,https://www.governbond.org.cn:4443/api/loadBondData.action,https://www.governbond.org.cn:4443/api/loadBondData.action,central_api_3302.txt,text/plain,2026-08-01,unclassified,0,0,0,,,,registered_no_selected_value,平台查询参数 AD_CODE=3302、SET_YEAR=2020；仅返回余额三列，限额字段保留为空。
SRC-CELMA-API-DEBT-3302-2021,中国地方政府债券信息公开平台,A2,true,地方政府债务限额及余额公开表,https://www.governbond.org.cn:4443/api/loadBondData.action,https://www.governbond.org.cn:4443/api/loadBondData.action,central_api_3302.txt,text/plain,2026-08-01,unclassified,0,0,0,,,,registered_no_selected_value,平台查询参数 AD_CODE=3302、SET_YEAR=2021；仅返回余额三列，限额字段保留为空。
SRC-CELMA-API-DEBT-3302-2022,中国地方政府债券信息公开平台,A2,true,地方政府债务限额及余额公开表,https://www.governbond.org.cn:4443/api/loadBondData.action,https://www.governbond.org.cn:4443/api/loadBondData.action,central_api_3302.txt,text/plain,2026-08-01,unclassified,0,0,0,,,,registered_no_selected_value,平台查询参数 AD_CODE=3302、SET_YEAR=2022；仅返回余额三列，限额字段保留为空。
SRC-CELMA-API-DEBT-3302-2023,中国地方政府债券信息公开平台,A2,true,地方政府债务限额及余额公开表,https://www.governbond.org.cn:4443/api/loadBondData.action,https://www.governbond.org.cn:4443/api/loadBondData.action,central_api_3302.txt,text/plain,2026-08-01,unclassified,0,0,0,,,,registered_no_selected_value,平台查询参数 AD_CODE=3302、SET_YEAR=2023；仅返回余额三列，限额字段保留为空。
SRC-CELMA-API-DEBT-3502-2018,中国地方政府债券信息公开平台,A2,true,地方政府债务限额及余额公开表,https://www.governbond.org.cn:4443/api/loadBondData.action,https://www.governbond.org.cn:4443/api/loadBondData.action,central_api_3502.txt,text/plain,2026-08-01,unclassified,0,0,0,,,,registered_no_selected_value,平台查询参数 AD_CODE=3502、SET_YEAR=2018；仅返回余额三列，限额字段保留为空。
SRC-CELMA-API-DEBT-3502-2019,中国地方政府债券信息公开平台,A2,true,地方政府债务限额及余额公开表,https://www.governbond.org.cn:4443/api/loadBondData.action,https://www.governbond.org.cn:4443/api/loadBondData.action,central_api_3502.txt,text/plain,2026-08-01,unclassified,0,0,0,,,,registered_no_selected_value,平台查询参数 AD_CODE=3502、SET_YEAR=2019；仅返回余额三列，限额字段保留为空。
SRC-CELMA-API-DEBT-3502-2020,中国地方政府债券信息公开平台,A2,true,地方政府债务限额及余额公开表,https://www.governbond.org.cn:4443/api/loadBondData.action,https://www.governbond.org.cn:4443/api/loadBondData.action,central_api_3502.txt,text/plain,2026-08-01,unclassified,0,0,0,,,,registered_no_selected_value,平台查询参数 AD_CODE=3502、SET_YEAR=2020；仅返回余额三列，限额字段保留为空。
SRC-CELMA-API-DEBT-3502-2021,中国地方政府债券信息公开平台,A2,true,地方政府债务限额及余额公开表,https://www.governbond.org.cn:4443/api/loadBondData.action,https://www.governbond.org.cn:4443/api/loadBondData.action,central_api_3502.txt,text/plain,2026-08-01,unclassified,0,0,0,,,,registered_no_selected_value,平台查询参数 AD_CODE=3502、SET_YEAR=2021；仅返回余额三列，限额字段保留为空。
SRC-CELMA-API-DEBT-3502-2022,中国地方政府债券信息公开平台,A2,true,地方政府债务限额及余额公开表,https://www.governbond.org.cn:4443/api/loadBondData.action,https://www.governbond.org.cn:4443/api/loadBondData.action,central_api_3502.txt,text/plain,2026-08-01,unclassified,0,0,0,,,,registered_no_selected_value,平台查询参数 AD_CODE=3502、SET_YEAR=2022；仅返回余额三列，限额字段保留为空。
SRC-CELMA-API-DEBT-3502-2023,中国地方政府债券信息公开平台,A2,true,地方政府债务限额及余额公开表,https://www.governbond.org.cn:4443/api/loadBondData.action,https://www.governbond.org.cn:4443/api/loadBondData.action,central_api_3502.txt,text/plain,2026-08-01,unclassified,0,0,0,,,,registered_no_selected_value,平台查询参数 AD_CODE=3502、SET_YEAR=2023；仅返回余额三列，限额字段保留为空。
SRC-CELMA-API-DEBT-3702-2018,中国地方政府债券信息公开平台,A2,true,地方政府债务限额及余额公开表,https://www.governbond.org.cn:4443/api/loadBondData.action,https://www.governbond.org.cn:4443/api/loadBondData.action,central_api_3702.txt,text/plain,2026-08-01,unclassified,0,0,0,,,,registered_no_selected_value,平台查询参数 AD_CODE=3702、SET_YEAR=2018；仅返回余额三列，限额字段保留为空。
SRC-CELMA-API-DEBT-3702-2019,中国地方政府债券信息公开平台,A2,true,地方政府债务限额及余额公开表,https://www.governbond.org.cn:4443/api/loadBondData.action,https://www.governbond.org.cn:4443/api/loadBondData.action,central_api_3702.txt,text/plain,2026-08-01,unclassified,0,0,0,,,,registered_no_selected_value,平台查询参数 AD_CODE=3702、SET_YEAR=2019；仅返回余额三列，限额字段保留为空。
SRC-CELMA-API-DEBT-3702-2020,中国地方政府债券信息公开平台,A2,true,地方政府债务限额及余额公开表,https://www.governbond.org.cn:4443/api/loadBondData.action,https://www.governbond.org.cn:4443/api/loadBondData.action,central_api_3702.txt,text/plain,2026-08-01,unclassified,0,0,0,,,,registered_no_selected_value,平台查询参数 AD_CODE=3702、SET_YEAR=2020；仅返回余额三列，限额字段保留为空。
SRC-CELMA-API-DEBT-3702-2022,中国地方政府债券信息公开平台,A2,true,地方政府债务限额及余额公开表,https://www.governbond.org.cn:4443/api/loadBondData.action,https://www.governbond.org.cn:4443/api/loadBondData.action,central_api_3702.txt,text/plain,2026-08-01,unclassified,0,0,0,,,,registered_no_selected_value,平台查询参数 AD_CODE=3702、SET_YEAR=2022；仅返回余额三列，限额字段保留为空。
SRC-CELMA-API-DEBT-4403-2021,中国地方政府债券信息公开平台,A2,true,地方政府债务限额及余额公开表,https://www.governbond.org.cn:4443/api/loadBondData.action,https://www.governbond.org.cn:4443/api/loadBondData.action,central_api_4403.txt,text/plain,2026-08-01,unclassified,0,0,0,,,,registered_no_selected_value,平台查询参数 AD_CODE=4403、SET_YEAR=2021；仅返回余额三列，限额字段保留为空。
SRC-CELMA-API-DEBT-4403-2022,中国地方政府债券信息公开平台,A2,true,地方政府债务限额及余额公开表,https://www.governbond.org.cn:4443/api/loadBondData.action,https://www.governbond.org.cn:4443/api/loadBondData.action,central_api_4403.txt,text/plain,2026-08-01,unclassified,0,0,0,,,,registered_no_selected_value,平台查询参数 AD_CODE=4403、SET_YEAR=2022；仅返回余额三列，限额字段保留为空。
SRC-NEWS-DEBT-HAINAN-HAIKOU-2025,海南日报报业集团,C,false,地方政府债务限额及余额公开表,https://www.hndnews.com/p/737711.html,https://www.hndnews.com/p/737711.html,haikou_2025_news.txt,text/plain,2026-02-03,unclassified,0,0,0,,,,registered_no_selected_value,海南日报报业集团旗下媒体转述《海口市2025年预算执行情况和2026年预算草案的报告》，明确给出全市2025年末余额1376.8亿元，其中一般债务232.9亿元、专项债务1143.9亿元；因暂未取得市财政局原始附件，按C级新闻转述证据入库，保留来源等级。
SRC-OFFICIAL-DEBT-HEBEI-LANGFANG-2025,廊坊市财政局,A2,true,地方政府债务限额及余额公开表,https://zhuanti.lf.gov.cn/Item/2827.aspx,https://zhuanti.lf.gov.cn/Item/2827.aspx,langfang_2025_official_budget_debt.txt,text/plain,2026-02-09,unclassified,0,0,0,,,,registered_no_selected_value,廊坊市政府预算公开附件表21按全市口径列示2025年债务限额及余额，余额合计1460.05亿元，其中一般债务249.61亿元、专项债务1210.44亿元；不采用市本级行，保持prefecture_whole口径。
SRC-SECONDARY-DEBT-ANHUI-2018-CITY-TOTALS,联合资信评估股份有限公司,B2,true,二手公开城市债务图表,https://www.lhratings.com/file/4cd7d764-2ae1-4b2b-a440-f8636edb3584.pdf,https://www.lhratings.com/file/4cd7d764-2ae1-4b2b-a440-f8636edb3584.pdf,anhui_2018_rating_city_totals.txt,text/plain,2019-12-18,multicity_batch,16,1,16,CN-340100;CN-340200;CN-340300;CN-340400;CN-340500;CN-340600;CN-340700;CN-340800;CN-341000;CN-341100;CN-341200;CN-341300;CN-341500;CN-341600;CN-341700;CN-341800,2018,statutory_debt_balance_100m,accepted,联合资信评级报告依据各级政府财政预算报告整理并列示安徽省16个地级市2018年地方政府债务余额；该条为评级报告二手引用，未拆分一般债务和专项债务，仅接入总余额。
SRC-OFFICIAL-DEBT-SHANXI-JINCHENG-2025,晋城市财政局,A2,true,地方政府债务限额及余额公开表,https://xxgk.jcgov.gov.cn/szfgzbm/jcsczj/fdzdgknr_31229/czyjsgk/zfys_czj/202603/P020260324646165200955.pdf,https://xxgk.jcgov.gov.cn/szfgzbm/jcsczj/fdzdgknr_31229/czyjsgk/zfys_czj/202603/P020260324646165200955.pdf,jincheng_2025_official_report.txt,text/plain,2026-02-06,city_year,1,1,1,CN-140500,2025,statutory_debt_balance_100m,accepted,官方预算执行报告披露2025年末全市地方政府债务限额及余额502.83亿元；报告正文未拆分一般债务与专项债务，因此仅入库法定债务余额，不推算分项。
SRC-OFFICIAL-DEBT-HEBEI-CHENGDE-2018,承德市财政局,A2,true,地方政府债务限额及余额公开表,https://www.chengde.gov.cn/attach/0/c59d30b3b09341b195c2982e9a781cb4.pdf,https://www.chengde.gov.cn/attach/0/c59d30b3b09341b195c2982e9a781cb4.pdf,chengde_2018_official_report.txt,text/plain,2019-09-01,unclassified,0,0,0,,,,registered_no_selected_value,承德市官方财政决算公开资料披露本地区口径2018年末余额5010293万元，其中一般债务3195769万元、专项债务1814524万元。
SRC-OFFICIAL-DEBT-HEBEI-CHENGDE-2019,承德市财政局,A2,true,地方政府债务限额及余额公开表,https://www.chengde.gov.cn/attach/0/302b7e27f7d74b1bb3efba8452ff5866.pdf,https://www.chengde.gov.cn/attach/0/302b7e27f7d74b1bb3efba8452ff5866.pdf,chengde_2019_official_report.txt,text/plain,2020-09-01,unclassified,0,0,0,,,,registered_no_selected_value,承德市官方财政决算公开资料披露本地区口径2019年末余额5430623万元，其中一般债务3337858万元、专项债务2092765万元。
SRC-OFFICIAL-DEBT-HEBEI-CHENGDE-2020,承德市财政局,A2,true,地方政府债务限额及余额公开表,https://www.chengde.gov.cn/attach/0/a678fb1bb0304e9da03fdada85d00ce1.pdf,https://www.chengde.gov.cn/attach/0/a678fb1bb0304e9da03fdada85d00ce1.pdf,chengde_2020_official_report.txt,text/plain,2021-11-01,unclassified,0,0,0,,,,registered_no_selected_value,承德市官方财政决算公开资料披露本地区口径2020年末余额6180654万元，其中一般债务3738610万元、专项债务2442044万元。
SRC-OFFICIAL-DEBT-HEBEI-CHENGDE-2022,承德市财政局,A2,true,地方政府债务限额及余额公开表,https://www.chengde.gov.cn/attach/0/4cab0a97547e40618cb5f3b1a722afdf.pdf,https://www.chengde.gov.cn/attach/0/4cab0a97547e40618cb5f3b1a722afdf.pdf,chengde_2022_official_report.txt,text/plain,2023-09-01,unclassified,0,0,0,,,,registered_no_selected_value,承德市官方财政决算公开资料披露本地区口径2022年末余额6870904万元，其中一般债务4023462万元、专项债务2847442万元。
SRC-SECONDARY-DEBT-SHANXI-YUNCHENG-2024,东方金诚国际信用评估有限公司,B2,true,二手公开城市债务图表,https://www.chinamoney.org.cn/dqs/cm-s-notice-query/fileDownLoad.do?contentId=3164400&mode=save&priority=0,https://www.chinamoney.org.cn/dqs/cm-s-notice-query/fileDownLoad.do?contentId=3164400&mode=save&priority=0,yuncheng_2024_rating_total.txt,text/plain,2025-11-28,city_year,1,1,1,CN-140800,2024,statutory_debt_balance_100m,accepted,中国外汇交易中心公开的东方金诚评级附件披露截至2024年末运城市地方政府债务余额508.72亿元；报告未拆分一般债务和专项债务，因此仅接入总余额，不反推分项。
SRC-OFFICIAL-DEBT-SHANXI-JINCHENG-2024,晋城市财政局,A2,true,地方政府债务限额及余额公开表,https://www.jcgov.gov.cn/zwgk/czxx_23406/zfys_24261/202503/P020250331600667491840.pdf,https://www.jcgov.gov.cn/zwgk/czxx_23406/zfys_24261/202503/P020250331600667491840.pdf,jincheng_2024_official_budget_total.txt,text/plain,2025-03-06,city_year,1,1,1,CN-140500,2024,statutory_debt_balance_100m,accepted,晋城市官方预算报告披露2024年底全市地方政府债券限额414.43亿元、余额411.92亿元；本条仅接入全市总余额，报告未在该段提供一般/专项分项。
SRC-SECONDARY-DEBT-GANSU-TIANSHUI-2024,东方金诚国际信用评估有限公司,B2,true,二手公开城市债务图表,https://www.dfratings.com/uploads/files/2025/0620/gTwlYQIOpXpIe2gwzw6M9ZRlCDY3b4qGfPne15hg.pdf,https://www.dfratings.com/uploads/files/2025/0620/gTwlYQIOpXpIe2gwzw6M9ZRlCDY3b4qGfPne15hg.pdf,tianshui_2024_rating_comparison.txt,text/plain,2025-06-20,city_year,1,1,1,CN-620500,2024,statutory_debt_balance_100m,accepted,东方金诚官方评级附件的同业比较表列示天水市2024年政府债务余额460.36亿元；该值为评级报告二手引用，未拆分一般/专项债务，仅接入总余额。
SRC-SECONDARY-DEBT-GANSU-DINGXI-2024,东方金诚国际信用评估有限公司,B2,true,二手公开城市债务图表,https://www.dfratings.com/uploads/files/2025/0624/eiKMPe5HfQhbmG73YuAYpWDF7z0sPQbvYMjb8asN.pdf,https://www.dfratings.com/uploads/files/2025/0624/eiKMPe5HfQhbmG73YuAYpWDF7z0sPQbvYMjb8asN.pdf,dingxi_2024_rating_comparison.txt,text/plain,2025-06-17,city_year,1,1,1,CN-621100,2024,statutory_debt_balance_100m,accepted,东方金诚官方评级附件同业比较表列示定西市2024年政府债务余额394.07亿元；该值为评级报告二手引用，未拆分一般/专项债务，仅接入总余额。
SRC-SECONDARY-DEBT-GUANGXI-HECHI-2024,东方金诚国际信用评估有限公司,B2,true,二手公开城市债务图表,https://www.dfratings.com/uploads/files/2025/0624/eiKMPe5HfQhbmG73YuAYpWDF7z0sPQbvYMjb8asN.pdf,https://www.dfratings.com/uploads/files/2025/0624/eiKMPe5HfQhbmG73YuAYpWDF7z0sPQbvYMjb8asN.pdf,hechi_2024_rating_comparison.txt,text/plain,2025-06-17,city_year,1,1,1,CN-451200,2024,statutory_debt_balance_100m,accepted,东方金诚官方评级附件同业比较表列示河池市2024年政府债务余额560.87亿元；该值为评级报告二手引用，未拆分一般/专项债务，仅接入总余额。
SRC-SECONDARY-DEBT-GUANGXI-YULIN-2023,东方金诚国际信用评估有限公司,B2,true,二手公开城市债务图表,https://www.dfratings.com/uploads/files/2024/0627/PJU1Y3mJRvWrueW5a68lmtQRLlywvr2qEP90gBMl.pdf,https://www.dfratings.com/uploads/files/2024/0627/PJU1Y3mJRvWrueW5a68lmtQRLlywvr2qEP90gBMl.pdf,yulin_2023_rating_comparison.txt,text/plain,2024-06-24,city_year,1,1,1,CN-450900,2023,statutory_debt_balance_100m,accepted,东方金诚官方评级附件同业比较表列示玉林市2023年政府债务余额600.43亿元；该值为评级报告二手引用，未拆分一般/专项债务，仅接入总余额。
SRC-CITY-DEBT-ANHUI-WUHU-2023,芜湖市财政局,A2,true,地方政府债务限额及余额公开表,https://www.wuhurd.gov.cn/xbcs/gzbg/8519896.html,https://www.wuhurd.gov.cn/xbcs/gzbg/8519896.html,anhui_wuhu_2023.txt,text/plain,2024-02-21,unclassified,0,0,0,,,,registered_no_selected_value,芜湖市人大公开的预算执行报告披露全市2023年末余额1236.8亿元，其中一般债务415.7亿元、专项债务821.1亿元；本条不接入报告中的债务限额字段。
SRC-CITY-DEBT-ANHUI-HUAINAN-2023,淮南市财政局,A2,true,地方政府债务限额及余额公开表,https://cz.huainan.gov.cn/group1/M00/1B/DE/rB406mXEic6AfUsgAAXpF_4uwt8615.pdf,https://cz.huainan.gov.cn/group1/M00/1B/DE/rB406mXEic6AfUsgAAXpF_4uwt8615.pdf,anhui_huainan_2023.txt,text/plain,2024-01-16,city_year,1,1,1,CN-340400,2023,statutory_debt_balance_100m,accepted,淮南市预算执行报告披露截至2023年底全市政府债务余额591.3亿元，但未披露可供本次摘录使用的一般/专项分项，因此仅接入总余额，不反推分项。
SRC-SECONDARY-DEBT-JIANGXI-REGIONAL-2024,大公国际资信评估有限公司,B2,true,二手公开城市债务图表,https://www.governbond.org.cn/uploadFiles/36/attachFiles/202512/10aafce9-b254-4bba-8c98-849579989fd0.pdf,https://www.governbond.org.cn/uploadFiles/36/attachFiles/202512/10aafce9-b254-4bba-8c98-849579989fd0.pdf,jiangxi_regional_2024_rating.txt,text/plain,2025-12-30,multicity_batch,5,1,5,CN-360400;CN-360800;CN-360900;CN-361000;CN-361100,2024,statutory_debt_balance_100m,accepted,评级报告根据江西省财政厅提供的2024年地方政府债务限额及余额决算数据列示九江、上饶、吉安、宜春、抚州五个地级市的全市口径债务余额；原报告此处未列一般/专项分项，仅接入总余额。
SRC-SECONDARY-DEBT-JIANGXI-SHANGRAO-2020,公开评级机构,B2,true,二手公开城市债务图表,https://static.sse.com.cn/bond/bridge2/disclosure/announcement/c/202310/035591_20231023_LS0K.pdf,https://static.sse.com.cn/bond/bridge2/disclosure/announcement/c/202310/035591_20231023_LS0K.pdf,jiangxi_shangrao_2020_rating.txt,text/plain,2023-10-23,city_year,1,1,1,CN-361100,2020,statutory_debt_balance_100m,accepted,评级报告列示2020年上饶市全市地方政府债务余额689.85亿元；本条仅接入总余额。
SRC-SECONDARY-DEBT-JIANGXI-JIUJIANG-2020,东方金诚国际信用评估有限公司,B2,true,二手公开城市债务图表,https://qxb-pdf-osscache.qixin.com/AnBaseinfo/46bddd8b13e64be13556ed0d5eea5fba.pdf,https://qxb-pdf-osscache.qixin.com/AnBaseinfo/46bddd8b13e64be13556ed0d5eea5fba.pdf,jiangxi_jiujiang_2020_rating.txt,text/plain,2022-01-01,unclassified,0,0,0,,,,registered_no_selected_value,评级报告明确列示截至2020年末九江市全市政府债务余额815.27亿元，其中一般债务353.65亿元、专项债务461.62亿元。
SRC-SECONDARY-DEBT-JIANGXI-PINGXIANG-2020,东方金诚国际信用评估有限公司,B2,true,二手公开城市债务图表,https://qxb-pdf-osscache.qixin.com/AnBaseinfo/0119748065f1a4333eedc735aaaf6b5d.pdf,https://qxb-pdf-osscache.qixin.com/AnBaseinfo/0119748065f1a4333eedc735aaaf6b5d.pdf,jiangxi_pingxiang_2020_rating.txt,text/plain,2022-08-01,city_year,1,1,1,CN-360300,2020,statutory_debt_balance_100m,accepted,评级报告明确列示2020年末萍乡市全市地方政府债务余额270.63亿元；本条仅接入总余额。
SRC-SECONDARY-DEBT-JIANGXI-REGIONAL-2023,大公国际资信评估有限公司,B2,true,二手公开城市债务图表,https://www.governbond.org.cn/uploadFiles/36/attachFiles/202412/f90bd43a-f6b3-4732-bf9c-e6e556b26974.pdf,https://www.governbond.org.cn/uploadFiles/36/attachFiles/202412/f90bd43a-f6b3-4732-bf9c-e6e556b26974.pdf,jiangxi_2023_rating_city_totals.txt,text/plain,2024-12-24,multicity_batch,6,1,6,CN-360100;CN-360400;CN-360700;CN-360800;CN-360900;CN-361100,2023,statutory_debt_balance_100m,accepted,评级报告根据江西省财政厅公开的2023年地方政府债务限额及余额情况表列示南昌、九江、赣州、上饶、吉安、宜春六个地级市全市口径余额；原报告此处未列一般/专项分项，仅接入总余额，不把市本级或区县行并入地级市。
SRC-SECONDARY-DEBT-JIANGXI-NANCHANG-2021,南昌市财政局,A2,true,二手公开城市债务图表,https://czj.nc.gov.cn/ncczj/2022sjzfys/202202/f4aca9ccd0af4a1da0c8f1e93b3914a0/files/53%E3%80%81%E5%85%B3%E4%BA%8E2021%E5%B9%B4%E5%8D%97%E6%98%8C%E5%B8%82%E5%B8%82%E7%BA%A7%E4%B8%BE%E5%80%9F%E5%80%BA%E5%8A%A1%E6%83%85%E5%86%B5%E7%AD%89%E4%BA%8B%E9%A1%B9%E7%9A%84%E8%AF%B4%E6%98%8E.pdf,https://czj.nc.gov.cn/ncczj/2022sjzfys/202202/f4aca9ccd0af4a1da0c8f1e93b3914a0/files/53%E3%80%81%E5%85%B3%E4%BA%8E2021%E5%B9%B4%E5%8D%97%E6%98%8C%E5%B8%82%E5%B8%82%E7%BA%A7%E4%B8%BE%E5%80%9F%E5%80%BA%E5%8A%A1%E6%83%85%E5%86%B5%E7%AD%89%E4%BA%8B%E9%A1%B9%E7%9A%84%E8%AF%B4%E6%98%8E.pdf,jiangxi_2021_city_rating_totals.txt,text/plain,2022-02-01,multicity_batch,7,1,7,CN-360100;CN-360300;CN-360500;CN-360600;CN-360700;CN-360800;CN-361100,2021,statutory_debt_balance_100m,accepted,官方说明披露截至2021年底南昌市全市地方政府债务余额1375.5亿元；公开摘录未列可直接接入的一般/专项分项，仅接入总余额。
SRC-SECONDARY-DEBT-JIANGXI-JINGDEZHEN-2021,东方金诚国际资信评估有限公司,B2,true,二手公开城市债务图表,https://www.dfratings.com/data/upload/file/20220608/62a035b6f0d3d.pdf,https://www.dfratings.com/data/upload/file/20220608/62a035b6f0d3d.pdf,jiangxi_2021_city_rating_totals.txt,text/plain,2022-06-08,unclassified,0,0,0,,,,registered_no_selected_value,评级报告明确列示景德镇市全市余额400.86亿元，其中一般债务150.65亿元、专项债务250.21亿元；不使用市本级或区县行。
SRC-SECONDARY-DEBT-JIANGXI-PINGXIANG-2021,公开债券资料,B2,true,二手公开城市债务图表,https://static.sse.com.cn/disclosure/bond/announcement/corporate/c/new/2023-06-26/152917_20230626_K374.pdf,https://static.sse.com.cn/disclosure/bond/announcement/corporate/c/new/2023-06-26/152917_20230626_K374.pdf,jiangxi_2021_city_rating_totals.txt,text/plain,2023-06-26,unclassified,0,0,0,,,,registered_no_selected_value,公开债券资料区域债务段落列示萍乡市2021年末全市地方政府债务余额486.09亿元；未列一般/专项分项，仅接入总余额。
SRC-SECONDARY-DEBT-JIANGXI-JIUJIANG-2021,东方金诚国际资信评估有限公司,B2,true,二手公开城市债务图表,https://www.dfratings.com/data/upload/file/20221103/63635b9eecd9e.pdf,https://www.dfratings.com/data/upload/file/20221103/63635b9eecd9e.pdf,jiangxi_2021_city_rating_totals.txt,text/plain,2022-11-03,unclassified,0,0,0,,,,registered_no_selected_value,评级报告明确列示九江市全市余额993.64亿元，其中一般债务395.32亿元、专项债务598.32亿元。
SRC-SECONDARY-DEBT-JIANGXI-XINYU-2021,中证鹏元资信评估股份有限公司,B2,true,二手公开城市债务图表,https://www.cspengyuan.com/pengyuancmscn/rating-announcement/rating-infor/Xiyuchengshijianshe/20210817105057620/20220623192444937/2021%E5%B9%B4%E7%AC%AC%E4%B8%80%E6%9C%9F%E3%80%81%E7%AC%AC%E4%BA%8C%E6%9C%9F%E6%96%B0%E4%BD%99%E5%B8%82%E5%9F%8E%E5%B8%82%E5%BB%BA%E8%AE%BE%E6%8A%95%E8%B5%84%E6%9C%89%E9%99%90%E5%85%AC%E5%8F%B8%E5%81%9C%E8%BD%A6%E5%9C%BA%E5%BB%BA%E8%AE%BE%E4%B8%93%E9%A1%B9%E5%80%BA%E5%88%B82022%E5%B9%B4%E8%B7%9F%E8%B8%AA%E8%AF%84%E7%BA%A7%E8%AF%84%E5%91%8A.pdf,https://www.cspengyuan.com/pengyuancmscn/rating-announcement/rating-infor/Xiyuchengshijianshe/20210817105057620/20220623192444937/2021%E5%B9%B4%E7%AC%AC%E4%B8%80%E6%9C%9F%E3%80%81%E7%AC%AC%E4%BA%8C%E6%9C%9F%E6%96%B0%E4%BD%99%E5%B8%82%E5%9F%8E%E5%B8%82%E5%BB%BA%E8%AE%BE%E6%8A%95%E8%B5%84%E6%9C%89%E9%99%90%E5%85%AC%E5%8F%B8%E5%81%9C%E8%BD%A6%E5%9C%BA%E5%BB%BA%E8%AE%BE%E4%B8%93%E9%A1%B9%E5%80%BA%E5%88%B82022%E5%B9%B4%E8%B7%9F%E8%B8%AA%E8%AF%84%E7%BA%A7%E8%AF%84%E5%91%8A.pdf,jiangxi_2021_city_rating_totals.txt,text/plain,2022-06-23,unclassified,0,0,0,,,,registered_no_selected_value,评级报告列示新余市全市2021年末地方政府债务余额301.42亿元；未列一般/专项分项，仅接入总余额。
SRC-SECONDARY-DEBT-JIANGXI-YINGTAN-2021,中证鹏元资信评估股份有限公司,B2,true,二手公开城市债务图表,https://static.sse.com.cn/disclosure/bond/announcement/corporate/c/new/2022-06-16/152196_20220616_1_wtKVRH8J.pdf,https://static.sse.com.cn/disclosure/bond/announcement/corporate/c/new/2022-06-16/152196_20220616_1_wtKVRH8J.pdf,jiangxi_2021_city_rating_totals.txt,text/plain,2022-06-16,unclassified,0,0,0,,,,registered_no_selected_value,评级报告列示鹰潭市全市2021年末地方政府债务余额337.57亿元；未列一般/专项分项，仅接入总余额。
SRC-SECONDARY-DEBT-JIANGXI-GANZHOU-2021,东方金诚国际资信评估有限公司,B2,true,二手公开城市债务图表,https://static.sse.com.cn/disclosure/bond/announcement/corporate/c/new/2022-06-20/152341_20220620_1_74SIRJpT.pdf,https://static.sse.com.cn/disclosure/bond/announcement/corporate/c/new/2022-06-20/152341_20220620_1_74SIRJpT.pdf,jiangxi_2021_city_rating_totals.txt,text/plain,2022-06-20,unclassified,0,0,0,,,,registered_no_selected_value,评级报告列示赣州市全市2021年末地方政府债务余额1188.86亿元；未列一般/专项分项，仅接入总余额，不使用赣县区等区县行。
SRC-SECONDARY-DEBT-JIANGXI-JIAN-2021,东方金诚国际资信评估有限公司,B2,true,二手公开城市债务图表,https://static.sse.com.cn/disclosure/bond/announcement/corporate/c/new/2022-06-13/127753_20220613_1_mIGP8EhD.pdf,https://static.sse.com.cn/disclosure/bond/announcement/corporate/c/new/2022-06-13/127753_20220613_1_mIGP8EhD.pdf,jiangxi_2021_city_rating_totals.txt,text/plain,2022-06-13,unclassified,0,0,0,,,,registered_no_selected_value,评级报告列示吉安市全市2021年末地方政府债务余额662.30亿元；未列一般/专项分项，仅接入总余额。
SRC-SECONDARY-DEBT-JIANGXI-YICHUN-2021,东方金诚国际资信评估有限公司,B2,true,二手公开城市债务图表,https://www.dfratings.com/data/upload/file/20220608/62a04cb306f65.pdf,https://www.dfratings.com/data/upload/file/20220608/62a04cb306f65.pdf,jiangxi_2021_city_rating_totals.txt,text/plain,2022-06-08,unclassified,0,0,0,,,,registered_no_selected_value,评级报告明确列示宜春市全市余额768.16亿元，其中一般债务291.55亿元、专项债务476.61亿元；不使用袁州区等区县行。
SRC-SECONDARY-DEBT-JIANGXI-FUZHOU-2021,公开评级资料,B2,true,二手公开城市债务图表,https://static.cninfo.com.cn/finalpage/2022-06-28/1213853787.pdf,https://static.cninfo.com.cn/finalpage/2022-06-28/1213853787.pdf,jiangxi_2021_city_rating_totals.txt,text/plain,2022-06-28,unclassified,0,0,0,,,,registered_no_selected_value,评级报告列示抚州市全市余额597.44亿元，其中一般债务241.50亿元、专项债务355.94亿元。
SRC-SECONDARY-DEBT-JIANGXI-SHANGRAO-2021,东方金诚国际资信评估有限公司,B2,true,二手公开城市债务图表,https://static.sse.com.cn/disclosure/bond/announcement/corporate/c/new/2022-06-17/152721_20220617_1_VZq30WP5.pdf,https://static.sse.com.cn/disclosure/bond/announcement/corporate/c/new/2022-06-17/152721_20220617_1_VZq30WP5.pdf,jiangxi_2021_city_rating_totals.txt,text/plain,2022-06-17,unclassified,0,0,0,,,,registered_no_selected_value,评级报告列示上饶市全市2021年末地方政府债务余额868.21亿元；未列一般/专项分项，仅接入总余额，不使用德兴市、上饶经开区等区县行。
SRC-SECONDARY-DEBT-JIANGXI-JINGDEZHEN-2023,东方金诚国际资信评估有限公司,B2,true,二手公开城市债务图表,https://www.dfratings.com/uploads/files/2024/0627/7VkRxhpn2BSPsnIm9Jld0KXf0ZA9oW8nhuMAhnGR.pdf,https://www.dfratings.com/uploads/files/2024/0627/7VkRxhpn2BSPsnIm9Jld0KXf0ZA9oW8nhuMAhnGR.pdf,jiangxi_jingdezhen_2023_rating.txt,text/plain,2024-06-27,unclassified,0,0,0,,,,registered_no_selected_value,评级报告区域财政数据表列示景德镇市全市口径余额376.08亿元，其中一般债务129.81亿元、专项债务246.27亿元；不使用市本级行。
SRC-SECONDARY-DEBT-JIANGXI-PINGXIANG-2023,中证鹏元资信评估股份有限公司,B2,true,二手公开城市债务图表,https://static.sse.com.cn/disclosure/bond/announcement/corporate/c/new/2024-06-28/184380_20240628_2EAO.pdf,https://static.sse.com.cn/disclosure/bond/announcement/corporate/c/new/2024-06-28/184380_20240628_2EAO.pdf,jiangxi_pingxiang_2023_rating.txt,text/plain,2024-06-28,unclassified,0,0,0,,,,registered_no_selected_value,评级报告引用《2023年江西省地方政府债务限额及余额情况表》，列示萍乡市全市余额572.89亿元，其中一般债务217.64亿元、专项债务355.24亿元。
SRC-SECONDARY-DEBT-JIANGXI-XINYU-2023,中证鹏元资信评估股份有限公司,B2,true,二手公开城市债务图表,https://static.sse.com.cn/disclosure/bond/announcement/corporate/c/new/2024-07-29/184008_20240729_24YZ.pdf,https://static.sse.com.cn/disclosure/bond/announcement/corporate/c/new/2024-07-29/184008_20240729_24YZ.pdf,jiangxi_xinyu_2023_rating.txt,text/plain,2024-07-29,city_year,1,1,1,CN-360500,2023,statutory_debt_balance_100m,accepted,评级报告区域财政数据表列示新余市全市2023年末地方政府债务余额395.25亿元；未列一般/专项分项，仅接入总余额。
SRC-SECONDARY-DEBT-JIANGXI-FUZHOU-2023,中证鹏元资信评估股份有限公司,B2,true,二手公开城市债务图表,https://static.sse.com.cn/disclosure/bond/announcement/corporate/c/new/2024-06-25/127689_20240625_5XF3.pdf,https://static.sse.com.cn/disclosure/bond/announcement/corporate/c/new/2024-06-25/127689_20240625_5XF3.pdf,jiangxi_fuzhou_2023_rating.txt,text/plain,2024-06-25,unclassified,0,0,0,,,,registered_no_selected_value,评级报告引用《2023年江西省地方政府债务限额及余额情况表》，列示抚州市全市余额910.50亿元，其中一般债务289.69亿元、专项债务620.81亿元。
SRC-SECONDARY-DEBT-JIANGXI-YINGTAN-2023,公开评级资料,B2,true,二手公开城市债务图表,https://static.sse.com.cn/disclosure/bond/announcement/corporate/c/new/2025-07-21/270111_20250721_I8QZ.pdf,https://static.sse.com.cn/disclosure/bond/announcement/corporate/c/new/2025-07-21/270111_20250721_I8QZ.pdf,jiangxi_yingtan_2023_rating.txt,text/plain,2025-07-21,city_year,1,1,1,CN-360600,2023,statutory_debt_balance_100m,accepted,评级报告区域财政数据表列示鹰潭市全市2023年末地方政府债务余额456.89亿元；未列一般/专项分项，仅接入总余额。
SRC-SECONDARY-DEBT-JIANGXI-PINGXIANG-2024,中证鹏元资信评估股份有限公司,B2,true,二手公开城市债务图表,https://file.finance.sina.com.cn/211.154.219.97%3A9494/MRGG/BOND/2025/2025-11/2025-11-25/23680199.PDF,https://file.finance.sina.com.cn/211.154.219.97%3A9494/MRGG/BOND/2025/2025-11/2025-11-25/23680199.PDF,jiangxi_pingxiang_2024_rating.txt,text/plain,2025-11-25,unclassified,0,0,0,,,,registered_no_selected_value,评级报告根据江西省财政厅公开的2024年地方政府债务限额及余额情况表整理，列示萍乡市全市余额694.00亿元，其中一般债务231.95亿元、专项债务462.04亿元。
SRC-PROVINCE-DEBT-TIBET-2025,西藏自治区财政厅,A1,true,地方政府债务限额及余额公开表,https://www.xizang.gov.cn/zwgk/zdxxlygk/czyjsgk/202602/t20260213_525054.html,https://www.xizang.gov.cn/gjbs/xxgk/202602/W020260213365407845572.xlsx,xizang_prefecture_2025.txt,text/plain,2026-02-13,unclassified,0,0,0,,,,registered_no_selected_value,官方附件表1的地市整行；仅接入日喀则市、那曲市全市口径，不把市本级或区县行并入地市。
SRC-OFFICIAL-DEBT-TIBET-CITIES-2020,西藏自治区财政厅,A1,true,地方政府债务限额及余额公开表,https://www.xizang.gov.cn/zwgk/xxfb/gsgg_428/202110/t20211013_265105.html,https://www.xizang.gov.cn/gjbs/xxgk/202110/W020211013396470907129.docx,xizang_2020_city_debt.txt,text/plain,2021-09-30,unclassified,0,0,0,,,,registered_no_selected_value,官方决算表直接列示7个地市全辖行及一般/专项分项；排除全区、自治区本级和地市合计行，不把市本级或区县行并入地市。
SRC-OFFICIAL-DEBT-TIBET-CITIES-2021,西藏自治区财政厅,A1,true,地方政府债务限额及余额公开表,https://www.xizang.gov.cn/zwgk/zdxxlygk/czyjsgk/202211/t20221130_330801.html,https://www.xizang.gov.cn/gjbs/xxgk/202211/W020221130648193286623.xlsx,xizang_2021_city_debt.txt,text/plain,2022-11-30,unclassified,0,0,0,,,,registered_no_selected_value,官方决算表直接列示7个地市全辖行及一般/专项分项；原表单位为万元，按0.0001换算为亿元；排除自治区、自治区本级、各市县合计及市本级、区县行。
SRC-OFFICIAL-DEBT-TIBET-CITIES-2022,西藏自治区财政厅,A1,true,地方政府债务限额及余额公开表,https://www.xizang.gov.cn/zwgk/zdxxlygk/czyjsgk/202308/t20230814_370768.html,https://www.xizang.gov.cn/gjbs/xxgk/202308/W020230814442439130466.xlsx,xizang_2022_city_debt.txt,text/plain,2023-08-14,unclassified,0,0,0,,,,registered_no_selected_value,官方决算表直接列示7个地市全辖行及一般/专项分项；原表单位为万元，按0.0001换算为亿元；排除自治区、自治区本级、市本级及区县行。
SRC-OFFICIAL-DEBT-LIAONING-CITIES-2018,辽宁省财政厅,A2,true,地方政府债务限额及余额公开表,https://czt.ln.gov.cn/czt/zfxxgk/fdzdgknr/czyjs/czyjsbg/910D6D0D79EE42D4BECFF85A5A60E0B2/P020201130589210950861.pdf,https://czt.ln.gov.cn/czt/zfxxgk/fdzdgknr/czyjs/czyjsbg/910D6D0D79EE42D4BECFF85A5A60E0B2/P020201130589210950861.pdf,liaoning_2018_city_debt.txt,text/plain,2020-11-30,unclassified,0,0,0,,,,registered_no_selected_value,辽宁省财政厅公开表按各市上报快报数列示一般债务余额和专项债务余额；法定债务余额为两项余额之和，本采集保留分项并计算总额。
SRC-OFFICIAL-DEBT-LIAONING-CITIES-2020,辽宁省财政厅,A2,true,地方政府债务限额及余额公开表,https://czt.ln.gov.cn/czt/zfxxgk/fdzdgknr/czyjs/czyjsbg/8024EE7C2D0940C1AEF0F0D8E51EB4D4/P020210207572535482191.pdf,https://czt.ln.gov.cn/czt/zfxxgk/fdzdgknr/czyjs/czyjsbg/8024EE7C2D0940C1AEF0F0D8E51EB4D4/P020210207572535482191.pdf,liaoning_2020_city_debt.txt,text/plain,2021-02-07,unclassified,0,0,0,,,,registered_no_selected_value,辽宁省财政厅公开表按各市上报快报数列示一般债务余额和专项债务余额；法定债务余额为两项余额之和，本采集保留分项并计算总额。
SRC-OFFICIAL-DEBT-LIAONING-CITIES-2021,辽宁省财政厅,A2,true,地方政府债务限额及余额公开表,https://www.ln.gov.cn/eportal/fileDir/data/lngov/W020220128508200704932.xlsx,https://www.ln.gov.cn/eportal/fileDir/data/lngov/W020220128508200704932.xlsx,liaoning_2021_city_debt.txt,text/plain,2022-01-29,unclassified,0,0,0,,,,registered_no_selected_value,官方 XLSX 附件分别列示一般债务余额和专项债务余额；归档文本转录各市余额并按两项相加形成法定债务余额，不把限额列误作余额。原附件注记各市上报快报数，按规定审核后可能有细微调整。
SRC-OFFICIAL-DEBT-LIAONING-CITIES-2022,辽宁省财政厅,A2,true,地方政府债务限额及余额公开表,https://czt.ln.gov.cn/czt/attachDir/2023/01/2023012814275619955.pdf,https://czt.ln.gov.cn/czt/attachDir/2023/01/2023012814275619955.pdf,liaoning_2022_city_debt.txt,text/plain,2023-01-28,unclassified,0,0,0,,,,registered_no_selected_value,辽宁省财政厅公开表按各市上报快报数列示一般债务余额和专项债务余额；法定债务余额为两项余额之和，本采集保留分项并计算总额。
SRC-OFFICIAL-DEBT-LIAONING-CITIES-2023,辽宁省财政厅,A2,true,地方政府债务限额及余额公开表,https://czt.ln.gov.cn/czt/zwgkzdgz/czyjs/czyjsbg/2024020217563297642/2024020217554596708.xlsx,https://czt.ln.gov.cn/czt/zwgkzdgz/czyjs/czyjsbg/2024020217563297642/2024020217554596708.xlsx,liaoning_2023_city_debt.txt,text/plain,2024-02-02,unclassified,0,0,0,,,,registered_no_selected_value,官方 XLSX 附件分别列示一般债务余额和专项债务余额；归档文本转录各市余额并按两项相加形成法定债务余额，不把限额列误作余额。原附件注记各市上报快报数，按规定审核后可能有细微调整。
SRC-PROVINCE-DEBT-GANSU-2018,甘肃省财政厅,A1,true,地方政府债务限额及余额公开表,https://czt.gansu.gov.cn/doc/2019_05/%7B127E98FA-1707-4A40-BE3D-3842070C714C%7D.pdf,https://czt.gansu.gov.cn/doc/2019_05/%7B127E98FA-1707-4A40-BE3D-3842070C714C%7D.pdf,gansu_2018.txt,text/plain,2019-05-01,unclassified,0,0,0,,,,registered_no_selected_value,原始表为甘肃省财政厅公开PDF；本地文本为官方PDF网页索引的逐行转录，保留市州汇总行并排除市本级、区县及新区行。
SRC-PROVINCE-DEBT-HEBEI-2021,河北省财政厅,B2,true,地方政府债务限额及余额公开表,https://qccdata.qichacha.com/tenderV2Attach/c7b9fcb1a77834fd4da453d615c413e1.pdf,https://qccdata.qichacha.com/tenderV2Attach/c7b9fcb1a77834fd4da453d615c413e1.pdf,hebei_2021.pdf,application/pdf,2022-08-01,unclassified,0,0,0,,,,registered_no_selected_value,原始内容为河北省财政厅《省本级及全省财政总决算公开》中的第11表；当前归档来自公开财政资料镜像，余额字段按原表标注为预计执行数，保留地级市汇总行并排除本级、区县、定州辛集等非目标行。
SRC-PROVINCE-DEBT-GUIZHOU-2019,贵州省财政厅,A1,true,地方政府债务限额及余额公开表,https://czt.guizhou.gov.cn/zwgk/zfxxgk/fdzdgknr/zcfg/wjca/202006/P020201102378431088920.pdf,https://czt.guizhou.gov.cn/zwgk/zfxxgk/fdzdgknr/zcfg/wjca/202006/P020201102378431088920.pdf,guizhou_2019.txt,text/plain,2020-06-01,unclassified,0,0,0,,,,registered_no_selected_value,原始表为贵州省财政厅官方公开PDF的表15；本地文本为官方PDF网页索引的逐行转录，保留9个市州汇总行并排除省本级、市县小计及区县行。
SRC-PROVINCE-DEBT-GUIZHOU-2020,贵州省财政厅,A1,true,地方政府债务限额及余额公开表,https://czt.guizhou.gov.cn/ztzl/gzsczzjxxgkzl/gzssbjczysjsgjf/202110/P020210210402856605771.pdf,https://czt.guizhou.gov.cn/ztzl/gzsczzjxxgkzl/gzssbjczysjsgjf/202110/P020210210402856605771.pdf,guizhou_2020.txt,text/plain,2021-02-10,unclassified,0,0,0,,,,registered_no_selected_value,原始表为贵州省财政厅官方公开PDF；本地文本为官方PDF网页索引的逐行转录，保留9个市州汇总行并排除省本级、市县小计及区县行。
SRC-PROVINCE-DEBT-GUIZHOU-2021,贵州省财政厅,A1,true,地方政府债务限额及余额公开表,https://czt.guizhou.gov.cn/zwgk/zdlyxx/czys/202202/P020220218332321045802.pdf,https://czt.guizhou.gov.cn/zwgk/zdlyxx/czys/202202/P020220218332321045802.pdf,guizhou_2021.txt,text/plain,2022-02-18,unclassified,0,0,0,,,,registered_no_selected_value,原始表为贵州省财政厅官方公开PDF；本地文本为官方PDF网页索引的逐行转录，保留9个市州汇总行并排除省本级、市县小计及区县行。
SRC-PROVINCE-DEBT-GUIZHOU-2022,贵州省财政厅,A1,true,地方政府债务限额及余额公开表,https://czt.guizhou.gov.cn/zwgk/zfxxgk/fdzdgknr/zcfg/wjca/202302/P020230202622256477692.pdf,https://czt.guizhou.gov.cn/zwgk/zfxxgk/fdzdgknr/zcfg/wjca/202302/P020230202622256477692.pdf,guizhou_2022.txt,text/plain,2023-02-02,unclassified,0,0,0,,,,registered_no_selected_value,原始表为贵州省财政厅官方公开PDF；本地文本为官方PDF网页索引的逐行转录，保留9个市州汇总行并排除省本级、市州小计及区县行。
SRC-PROVINCE-DEBT-TIANJIN-2022,天津市财政局,A1,true,地方政府债务限额及余额公开表,https://cz.tj.gov.cn/zwgk_53713/yjsgktypt/jsgk/2022nzfjs/202308/W020230810698187167051.pdf,https://cz.tj.gov.cn/zwgk_53713/yjsgktypt/jsgk/2022nzfjs/202308/W020230810698187167051.pdf,tianjin_2022.txt,text/plain,2023-08-10,unclassified,0,0,0,,,,registered_no_selected_value,原始表为天津市财政局官方PDF；本地文本保留全市合计行并将官方万元列按 unit_factor 转换为亿元。
SRC-PROVINCE-DEBT-TIANJIN-2024,天津市财政局,A1,true,地方政府债务限额及余额公开表,https://cz.tj.gov.cn/zwgk_53713/ysgk_59783/ysjs/202508/W020250818543015977373.pdf,https://cz.tj.gov.cn/zwgk_53713/ysgk_59783/ysjs/202508/W020250818543015977373.pdf,tianjin_2024.txt,text/plain,2025-08-18,unclassified,0,0,0,,,,registered_no_selected_value,原始表为天津市财政局官方PDF；本地文本保留全市合计行并将官方万元列按 unit_factor 转换为亿元。
SRC-PROVINCE-DEBT-BEIJING-2024,北京市财政局,A1,true,地方政府债务限额及余额公开表,https://www.beijing.gov.cn/gongkai/caizheng/czbg/jsbg/202508/W020250818388651947882.pdf,https://www.beijing.gov.cn/gongkai/caizheng/czbg/jsbg/202508/W020250818388651947882.pdf,beijing_2024.txt,text/plain,2025-08-18,unclassified,0,0,0,,,,registered_no_selected_value,原表按一般、专项分项列示；限额合计和余额合计按原表公式 A=B+C、D=E+F 重构，未引入外部估计。
SRC-PROVINCE-DEBT-BEIJING-2025,北京市财政局,A1,true,地方政府债务限额及余额公开表,https://www.beijing.gov.cn/gongkai/caizheng/czbg/ysbg/202602/W020260206376171591228.pdf,https://www.beijing.gov.cn/gongkai/caizheng/czbg/ysbg/202602/W020260206376171591228.pdf,beijing_2025.txt,text/plain,2026-02-06,unclassified,0,0,0,,,,registered_no_selected_value,原表按一般、专项分项列示；限额合计和余额合计按原表公式 A=B+C、D=E+F 重构，未引入外部估计。
SRC-PROVINCE-DEBT-CHONGQING-2018,重庆市财政局,A1,true,地方政府债务限额及余额公开表,https://czj.cq.gov.cn/zwgk_268/fdzdgknr/czyjs/2019nys/202004/P020200402810888430193.pdf,https://czj.cq.gov.cn/zwgk_268/fdzdgknr/czyjs/2019nys/202004/P020200402810888430193.pdf,chongqing_2018.txt,text/plain,2020-04-02,unclassified,0,0,0,,,,registered_no_selected_value,重庆市财政局官方决算报告表13列示2018年末全市政府债务余额；专项债务余额按总余额减一般债务余额计算，保留calculated来源属性。
SRC-PROVINCE-DEBT-CHONGQING-2019,重庆市财政局,A1,true,地方政府债务限额及余额公开表,https://czj.cq.gov.cn/zwgk_268/fdzdgknr/ysjs/zfjs/202008/W020200817700764535710.pdf,https://czj.cq.gov.cn/zwgk_268/fdzdgknr/ysjs/zfjs/202008/W020200817700764535710.pdf,chongqing_2019.txt,text/plain,2020-08-17,unclassified,0,0,0,,,,registered_no_selected_value,重庆市财政局官方决算报告表14列示2019年末全市政府债务余额5603.7亿元，其中一般债务2524.3亿元、专项债务3079.4亿元；采用全市合计行。
SRC-PROVINCE-DEBT-CHONGQING-2020,重庆市财政局,A1,true,地方政府债务限额及余额公开表,https://czj.cq.gov.cn/zwgk_268/fdzdgknr/ysjs/zfys/202102/W020210206544478084554.pdf,https://czj.cq.gov.cn/zwgk_268/fdzdgknr/ysjs/zfys/202102/W020210206544478084554.pdf,chongqing_2020.txt,text/plain,2021-02-06,unclassified,0,0,0,,,,registered_no_selected_value,原始表为重庆市财政局官方PDF；本地文本保留全市合计行。
SRC-PROVINCE-DEBT-CHONGQING-2021,重庆市财政局,A1,true,地方政府债务限额及余额公开表,https://czj.cq.gov.cn/zwgk_268/fdzdgknr/ysjs/zfjs/202308/W020230808641542722794.pdf,https://czj.cq.gov.cn/zwgk_268/fdzdgknr/ysjs/zfjs/202308/W020230808641542722794.pdf,chongqing_2021.txt,text/plain,2023-08-08,unclassified,0,0,0,,,,registered_no_selected_value,重庆市官方2022年决算报告表23列示2021年末全市限额和余额分项；本地文本按该表转录。
SRC-PROVINCE-DEBT-CHONGQING-2022,重庆市财政局,A1,true,地方政府债务限额及余额公开表,https://czj.cq.gov.cn/zwgk_268/fdzdgknr/ysjs/zfjs/202308/W020230808641542722794.pdf,https://czj.cq.gov.cn/zwgk_268/fdzdgknr/ysjs/zfjs/202308/W020230808641542722794.pdf,chongqing_2022.txt,text/plain,2023-08-08,unclassified,0,0,0,,,,registered_no_selected_value,原始表为重庆市财政局官方PDF；本地文本保留本地区（全市）行。
SRC-PROVINCE-DEBT-CHONGQING-2023,重庆市财政局,A1,true,地方政府债务限额及余额公开表,https://www.cq.gov.cn/zwgk/zfxxgkzl/fdzdgknr/ysjs/sjyjsqk/ys/202408/W020241126412710970908.pdf,https://www.cq.gov.cn/zwgk/zfxxgkzl/fdzdgknr/ysjs/sjyjsqk/ys/202408/W020241126412710970908.pdf,chongqing_2023.txt,text/plain,2024-08-12,unclassified,0,0,0,,,,registered_no_selected_value,限额来自官方2024年市级预算调整报告；余额由同一官方报告列示的一般、专项余额相加形成，保留原始分项精度。
SRC-PROVINCE-DEBT-CHONGQING-2024,重庆市财政局,A1,true,地方政府债务限额及余额公开表,https://czj.cq.gov.cn/zwgk_268/fdzdgknr/ysjs/zfys/202502/W020250207592731311122.pdf,https://czj.cq.gov.cn/zwgk_268/fdzdgknr/ysjs/zfys/202502/W020250207592731311122.pdf,chongqing_2024.txt,text/plain,2025-02-07,unclassified,0,0,0,,,,registered_no_selected_value,原始表为重庆市财政局官方PDF；本地文本保留全市合计行。
SRC-PROVINCE-DEBT-CHONGQING-2025,重庆市财政局,A1,true,地方政府债务限额及余额公开表,https://czj.cq.gov.cn/zwgk_268/fdzdgknr/ysjs/zfys/202602/t20260211_15434623.html,https://czj.cq.gov.cn/zwgk_268/fdzdgknr/ysjs/zfys/202602/t20260211_15434623.html,chongqing_2025.txt,text/plain,2026-02-11,unclassified,0,0,0,,,,registered_no_selected_value,官方预算执行报告明确列示2025年限额、一般/专项限额及余额；本地文本按报告原文转录。
SRC-PROVINCE-DEBT-HUBEI-2020-RATING,中诚信国际信用评级有限责任公司,B2,true,地方政府债务限额及余额公开表,https://www.governbond.org.cn/uploadFiles/42/attachFiles/202104/af9abb27-dab6-42c4-ae3c-f018ff299aaf.pdf,https://www.governbond.org.cn/uploadFiles/42/attachFiles/202104/af9abb27-dab6-42c4-ae3c-f018ff299aaf.pdf,hubei_2020_rating.pdf,application/pdf,2021-04-01,unclassified,0,0,0,,,,registered_no_selected_value,原始评级报告PDF已归档；本地文本为该官方平台评级报告附表的逐行转录，保留省本级、地级行政单元及省直辖县级行政区行，解析时仅匹配目标地级行政单元。
SRC-PROVINCE-DEBT-GUIZHOU-2023,贵州省财政厅,A1,true,地方政府债务限额及余额公开表,https://czt.guizhou.gov.cn/ztzl/gzsczzjxxgkzl/gzssbjczysjsgjf/202402/P020240208556686207517.pdf,https://czt.guizhou.gov.cn/ztzl/gzsczzjxxgkzl/gzssbjczysjsgjf/202402/P020240208556686207517.pdf,guizhou_2023.txt,text/plain,2024-02-08,unclassified,0,0,0,,,,registered_no_selected_value,按地级行政单元逐行读取官方 PDF、XLSX 或其归档文本中的全域政府债务限额与余额；省本级、市本级、区县和小计行不并入地级市。
SRC-PROVINCE-DEBT-SHAANXI-2023,陕西省财政厅,A1,true,地方政府债务限额及余额公开表,https://www.shaanxi.gov.cn/zfxxgk/fdzdgknr/ysjs/yjsbg/202408/P020240807569808678219.pdf,https://www.shaanxi.gov.cn/zfxxgk/fdzdgknr/ysjs/yjsbg/202408/P020240807569808678219.pdf,shaanxi_2023.txt,text/plain,2024-08-07,unclassified,0,0,0,,,,registered_no_selected_value,按地级行政单元逐行读取官方 PDF、XLSX 或其归档文本中的全域政府债务限额与余额；省本级、市本级、区县和小计行不并入地级市。
SRC-PROVINCE-DEBT-HEILONGJIANG-2023,黑龙江省财政厅,A1,true,地方政府债务限额及余额公开表,https://www.hlj.gov.cn/hlj/c110008/202409/31767867/files/2023%E5%B9%B4%E9%BB%91%E9%BE%99%E6%B1%9F%E7%9C%81%E5%92%8C%E7%9C%81%E6%9C%AC%E7%BA%A7%E8%B4%A2%E6%94%BF%E5%86%B3%E7%AE%97.pdf,https://www.hlj.gov.cn/hlj/c110008/202409/31767867/files/2023%E5%B9%B4%E9%BB%91%E9%BE%99%E6%B1%9F%E7%9C%81%E5%92%8C%E7%9C%81%E6%9C%AC%E7%BA%A7%E8%B4%A2%E6%94%BF%E5%86%B3%E7%AE%97.pdf,heilongjiang_2023.pdf,application/pdf,2024-09-01,unclassified,0,0,0,,,,registered_no_selected_value,按地级行政单元逐行读取官方 PDF、XLSX 或其归档文本中的全域政府债务限额与余额；省本级、市本级、区县和小计行不并入地级市。
SRC-PROVINCE-DEBT-HEILONGJIANG-2021,黑龙江省财政厅,A1,true,地方政府债务限额及余额公开表,https://www.hlj.gov.cn/hlj/c110008/202209/31367524/files/1663225412281015139.pdf,https://www.hlj.gov.cn/hlj/c110008/202209/31367524/files/1663225412281015139.pdf,heilongjiang_2021.pdf,application/pdf,2022-09-01,unclassified,0,0,0,,,,registered_no_selected_value,按地级行政单元逐行读取官方 PDF、XLSX 或其归档文本中的全域政府债务限额与余额；省本级、市本级、区县和小计行不并入地级市。
SRC-PROVINCE-DEBT-HEILONGJIANG-2020,黑龙江省财政厅,A1,true,地方政府债务限额及余额公开表,https://www.hlj.gov.cn/hlj/c110008/202109/31296058/files/1631173688444042193.pdf,https://www.hlj.gov.cn/hlj/c110008/202109/31296058/files/1631173688444042193.pdf,heilongjiang_2020.pdf,application/pdf,2021-09-01,unclassified,0,0,0,,,,registered_no_selected_value,按地级行政单元逐行读取官方 PDF、XLSX 或其归档文本中的全域政府债务限额与余额；省本级、市本级、区县和小计行不并入地级市。
SRC-OFFICIAL-DEBT-HEILONGJIANG-JIXI-2018,黑龙江省财政厅,A1,true,地方政府债务限额及余额公开表,https://www.jixi.gov.cn/jixi/c100367/202009/12554/files/P020210121579844737559.pdf,https://www.jixi.gov.cn/jixi/c100367/202009/12554/files/P020210121579844737559.pdf,heilongjiang_jixi_2018_city_debt.txt,text/plain,2020-09-01,unclassified,0,0,0,,,,registered_no_selected_value,官方《鸡西市2019年全市和本级财政决算》附件第54页、第56页分别披露2018年末一般债务和专项债务余额实际数；本地采用本级含区合计口径，不使用市本级行。
SRC-SECONDARY-DEBT-HEILONGJIANG-2018-EBS-CITY-CHART,光大证券固收研究（公开转载）,B2,true,二手公开城市债务图表,https://www.10100.com/article/2475649,https://www.10100.com/article/2475649,heilongjiang_2018_ebs_city_chart.txt,text/plain,2019-05-20,unclassified,0,0,0,,,,registered_no_selected_value,公开研究报告图表40直接列示哈尔滨、大庆、双鸭山、伊春、鹤岗、绥化、大兴安岭7个城市的2018年一般债务余额和专项债务余额；按总额为两分项之和转录。原图注明部分城市数据披露不完整，来源等级B2，待黑龙江省财政厅2018年分地区决算附件复核。
SRC-SECONDARY-DEBT-HEILONGJIANG-QITAIHE-2018,光大证券固收研究（公开转载）,B2,true,二手公开城市债务图表,https://www.10100.com/article/2475649,https://www.10100.com/article/2475649,heilongjiang_2018_ebs_city_chart.txt,text/plain,2019-05-20,city_year,1,1,1,CN-230900,2018,statutory_debt_balance_100m,accepted,公开研究报告图表40仅披露七台河市2018年全市政府债务总余额76.81亿元，未披露一般/专项拆分；原图注明部分城市数据披露不完整，来源等级B2，待黑龙江省财政厅2018年分地区决算附件复核。
SRC-SECONDARY-DEBT-HEILONGJIANG-MUDANJIANG-2018,上海证券交易所公开披露的评级报告,B2,true,二手公开城市债务图表,https://static.sse.com.cn/disclosure/bond/announcement/corporate/c/3585440847021674.pdf,https://static.sse.com.cn/disclosure/bond/announcement/corporate/c/3585440847021674.pdf,heilongjiang_mudanjiang_2018_secondary.txt,text/plain,2019-05-01,city_year,1,1,1,CN-231000,2018,statutory_debt_balance_100m,accepted,评级报告明确披露截至2018年底牡丹江市地方政府债务余额128.89亿元，其中直接债务余额123.49亿元；接入全市余额，不将直接债务余额误作法定债务余额。一般债务与专项债务未拆分，来源等级B2，待地方决算附件复核。
SRC-PROVINCE-DEBT-HEILONGJIANG-2019-FROM-2020-FINAL,黑龙江省财政厅,A1,true,地方政府债务限额及余额公开表,https://www.hlj.gov.cn/hlj/c110008/202109/31296058/files/1631173688444042193.pdf,https://www.hlj.gov.cn/hlj/c110008/202109/31296058/files/1631173688444042193.pdf,heilongjiang_2020.pdf,application/pdf,2021-09-01,unclassified,0,0,0,,,,registered_no_selected_value,2020年黑龙江省财政决算公开表第74、78页分别列示一般债务和专项债务的2019年末余额；本配置只读取上年末余额列，不把2020年限额或2020年末余额归入2019年。
SRC-PROVINCE-DEBT-HEILONGJIANG-2018-FROM-2019-FINAL,黑龙江省财政厅,A1,true,地方政府债务限额及余额公开表,https://czt.hlj.gov.cn/czt/c110822/202009/30603230/files/ae7c0e0e971b651eec0bc0448b47e16a.pdf,https://czt.hlj.gov.cn/czt/c110822/202009/30603230/files/ae7c0e0e971b651eec0bc0448b47e16a.pdf,heilongjiang_2018_from_2019_final.txt,text/plain,2020-09-09,unclassified,0,0,0,,,,registered_no_selected_value,黑龙江省财政厅官方2019年全省和省本级财政决算附件第74、78页分别列示一般债务和专项债务的2018年末余额；本配置只读取2018年末余额数列，不把2019年限额或2019年末余额归入2018年。
SRC-PROVINCE-DEBT-HUNAN-2019,湖南省财政厅,A1,true,地方政府债务限额及余额公开表,https://czt.hunan.gov.cn/czt/sbj/202008/13584963/files/79668ebcab234e6e93c7c7fc53ba64a6.pdf,https://czt.hunan.gov.cn/czt/sbj/202008/13584963/files/79668ebcab234e6e93c7c7fc53ba64a6.pdf,hunan_2019.pdf,application/pdf,2020-08-18,unclassified,0,0,0,,,,registered_no_selected_value,按地级行政单元逐行读取官方 PDF、XLSX 或其归档文本中的全域政府债务限额与余额；省本级、市本级、区县和小计行不并入地级市。
SRC-PROVINCE-DEBT-HUNAN-2021,湖南省财政厅,A1,true,地方政府债务限额及余额公开表,https://czt.hunan.gov.cn/czt/dzqzfwz/202208/27585469/files/f6a08d51dd1d447d980dad56634c1015.pdf,https://czt.hunan.gov.cn/czt/dzqzfwz/202208/27585469/files/f6a08d51dd1d447d980dad56634c1015.pdf,hunan_2021.txt,text/plain,2022-08-17,unclassified,0,0,0,,,,registered_no_selected_value,按地级行政单元逐行读取官方 PDF、XLSX 或其归档文本中的全域政府债务限额与余额；省本级、市本级、区县和小计行不并入地级市。
SRC-PROVINCE-DEBT-HUNAN-2022,湖南省财政厅,A1,true,地方政府债务限额及余额公开表,https://czt.hunan.gov.cn/czt/dzqzfwz/202308/29460127/files/113891f5f58f4258bb9278d2a8578c63.zip,https://czt.hunan.gov.cn/czt/dzqzfwz/202308/29460127/files/113891f5f58f4258bb9278d2a8578c63.zip,hunan_2022.zip,text/plain,2023-08-15,unclassified,0,0,0,,,,registered_no_selected_value,按地级行政单元逐行读取官方 PDF、XLSX 或其归档文本中的全域政府债务限额与余额；省本级、市本级、区县和小计行不并入地级市。
SRC-PROVINCE-DEBT-HEILONGJIANG-2022,黑龙江省财政厅,A1,true,地方政府债务限额及余额公开表,https://www.hlj.gov.cn/hlj/c110008/202309/31670000/files/2022%E5%B9%B4%E9%BB%91%E9%BE%99%E6%B1%9F%E7%9C%81%E5%92%8C%E7%9C%81%E6%9C%AC%E7%BA%A7%E8%B4%A2%E5%86%B3%E7%AE%97-20250804140431375.pdf,https://www.hlj.gov.cn/hlj/c110008/202309/31670000/files/2022%E5%B9%B4%E9%BB%91%E9%BE%99%E6%B1%9F%E7%9C%81%E5%92%8C%E7%9C%81%E6%9C%AC%E7%BA%A7%E8%B4%A2%E5%86%B3%E7%AE%97-20250804140431375.pdf,heilongjiang_2022.pdf,application/pdf,2023-09-01,unclassified,0,0,0,,,,registered_no_selected_value,按地级行政单元逐行读取官方 PDF、XLSX 或其归档文本中的全域政府债务限额与余额；省本级、市本级、区县和小计行不并入地级市。
SRC-PROVINCE-DEBT-HEILONGJIANG-2024,黑龙江省财政厅,A1,true,地方政府债务限额及余额公开表,https://www.hlj.gov.cn/hlj/c110008/202510/31879925/files/2024%E5%B9%B4%E9%BB%91%E9%BE%99%E6%B1%9F%E7%9C%81%E5%92%8C%E7%9C%81%E6%9C%AC%E7%BA%A7%E8%B4%A2%E6%94%BF%E5%86%B3%E7%AE%97%281%29.pdf,https://www.hlj.gov.cn/hlj/c110008/202510/31879925/files/2024%E5%B9%B4%E9%BB%91%E9%BE%99%E6%B1%9F%E7%9C%81%E5%92%8C%E7%9C%81%E6%9C%AC%E7%BA%A7%E8%B4%A2%E6%94%BF%E5%86%B3%E7%AE%97%281%29.pdf,heilongjiang_2024.pdf,application/pdf,2025-10-01,unclassified,0,0,0,,,,registered_no_selected_value,按地级行政单元逐行读取官方 PDF、XLSX 或其归档文本中的全域政府债务限额与余额；省本级、市本级、区县和小计行不并入地级市。
SRC-PROVINCE-DEBT-HUNAN-2020,湖南省财政厅,A1,true,地方政府债务限额及余额公开表,https://czt.hunan.gov.cn/czt/sbj/202108/20374117/files/6fe22f2864ab4da4bb152616e5bcf726.zip,https://czt.hunan.gov.cn/czt/sbj/202108/20374117/files/6fe22f2864ab4da4bb152616e5bcf726.zip,hunan_2020_file_2.pdf,application/pdf,2021-08-18,unclassified,0,0,0,,,,registered_no_selected_value,按地级行政单元逐行读取官方 PDF、XLSX 或其归档文本中的全域政府债务限额与余额；省本级、市本级、区县和小计行不并入地级市。
SRC-PROVINCE-DEBT-JIANGSU-2023,江苏省财政厅,A1,true,地方政府债务限额及余额公开表,https://czt.jiangsu.gov.cn/attach/-1/2504291824050610353.pdf,https://czt.jiangsu.gov.cn/attach/-1/2504291824050610353.pdf,jiangsu_2023.pdf,application/pdf,2024-04-29,unclassified,0,0,0,,,,registered_no_selected_value,按地级行政单元逐行读取官方 PDF、XLSX 或其归档文本中的全域政府债务限额与余额；省本级、市本级、区县和小计行不并入地级市。
SRC-PROVINCE-DEBT-JIANGSU-2022,江苏省财政厅,A1,true,地方政府债务限额及余额公开表,https://czt.jiangsu.gov.cn/attach/-1/2504291823071189279.pdf,https://czt.jiangsu.gov.cn/attach/-1/2504291823071189279.pdf,jiangsu_2022.pdf,application/pdf,2023-04-03,unclassified,0,0,0,,,,registered_no_selected_value,按地级行政单元逐行读取官方 PDF、XLSX 或其归档文本中的全域政府债务限额与余额；省本级、市本级、区县和小计行不并入地级市。
SRC-PROVINCE-DEBT-JIANGSU-2021,江苏省财政厅,A1,true,地方政府债务限额及余额公开表,https://czt.jiangsu.gov.cn/attach/0/d8a51d4d8db842dc82c3db7b6a6ae840.pdf,https://czt.jiangsu.gov.cn/attach/0/d8a51d4d8db842dc82c3db7b6a6ae840.pdf,jiangsu_2021.pdf,application/pdf,2022-02-01,unclassified,0,0,0,,,,registered_no_selected_value,按地级行政单元逐行读取官方 PDF、XLSX 或其归档文本中的全域政府债务限额与余额；省本级、市本级、区县和小计行不并入地级市。
SRC-CELMA-DEBT-GUANGDONG-2021,中央国债登记结算有限责任公司,A2,true,地方政府债务限额及余额公开表,https://www.governbond.org.cn:4443/api/loadBondData.action,https://www.governbond.org.cn:4443/api/loadBondData.action,广东_2021_57700.xlsx,application/vnd.openxmlformats-officedocument.spreadsheetml.sheet,2022-01-01,unclassified,0,0,0,,,,registered_no_selected_value,按地级行政单元逐行读取官方 PDF、XLSX 或其归档文本中的全域政府债务限额与余额；省本级、市本级、区县和小计行不并入地级市。
SRC-CELMA-DEBT-GUANGDONG-2022,中央国债登记结算有限责任公司,A2,true,地方政府债务限额及余额公开表,https://www.governbond.org.cn:4443/api/loadBondData.action,https://www.governbond.org.cn:4443/api/loadBondData.action,广东_2023_61450.xlsx,application/vnd.openxmlformats-officedocument.spreadsheetml.sheet,2023-01-01,unclassified,0,0,0,,,,registered_no_selected_value,按地级行政单元逐行读取官方 PDF、XLSX 或其归档文本中的全域政府债务限额与余额；省本级、市本级、区县和小计行不并入地级市。
SRC-CELMA-DEBT-HAINAN-2022,中央国债登记结算有限责任公司,A2,true,地方政府债务限额及余额公开表,https://www.governbond.org.cn:4443/api/loadBondData.action,https://www.governbond.org.cn:4443/api/loadBondData.action,海南_2022_60810.xlsx,application/vnd.openxmlformats-officedocument.spreadsheetml.sheet,2023-01-01,unclassified,0,0,0,,,,registered_no_selected_value,按地级行政单元逐行读取官方 PDF、XLSX 或其归档文本中的全域政府债务限额与余额；省本级、市本级、区县和小计行不并入地级市。
SRC-CELMA-DEBT-HAINAN-2023,中央国债登记结算有限责任公司,A2,true,地方政府债务限额及余额公开表,https://www.governbond.org.cn:4443/api/loadBondData.action,https://www.governbond.org.cn:4443/api/loadBondData.action,海南_2023_60812.xlsx,application/vnd.openxmlformats-officedocument.spreadsheetml.sheet,2024-01-01,unclassified,0,0,0,,,,registered_no_selected_value,按地级行政单元逐行读取官方 PDF、XLSX 或其归档文本中的全域政府债务限额与余额；省本级、市本级、区县和小计行不并入地级市。
SRC-CITY-DEBT-TIBET-SHANNAN-2025,山南市财政局,A1,true,地方政府债务限额及余额公开表,https://www.shannan.gov.cn/zwgk/zdlyxxgk/yjsgk/202602/t20260206_164492.html,https://www.shannan.gov.cn/zwgk/zdlyxxgk/yjsgk/202602/P020260206652477610598.xlsx,shannan_2025.txt,text/plain,2026-02-06,unclassified,0,0,0,,,,registered_no_selected_value,官方预算公开 XLSX 的表6列示全市余额合计94.95亿元、一般债务54.54亿元、专项债务40.41亿元；不把表中市本级或区县预算数据并入全市口径。
SRC-CITY-DEBT-TIBET-LINZHI-2025,林芝市财政局,A1,true,地方政府债务限额及余额公开表,https://czj.linzhi.gov.cn/lzczj/c106319/202601/c3370ed69bdf4def97334c6c6697c3ad.shtml,https://czj.linzhi.gov.cn/lzczj/c106319/202601/c3370ed69bdf4def97334c6c6697c3ad/files/3.%E6%9E%97%E8%8A%9D%E5%B8%82%E6%94%BF%E5%BA%9C%E5%80%BA%E5%8A%A1%E7%9B%B8%E5%85%B3%E6%83%85%E5%86%B5%E8%AF%B4%E6%98%8E2025.doc,linzhi_2025.txt,text/plain,2026-01-01,unclassified,0,0,0,,,,registered_no_selected_value,官方政府债务情况说明及附件3列示林芝市全市口径；区县行不并入地级市。
SRC-OFFICIAL-DEBT-GANSU-JIAYUGUAN-2024,嘉峪关市人民政府、嘉峪关市财政局,A2,true,地方政府债务限额及余额公开表,https://wap.jyg.gov.cn/cms_files/filemanager/958854702/attach/20257/b56a8828204c4424aaeee2ab0a0ea36e.pdf,https://wap.jyg.gov.cn/cms_files/filemanager/958854702/attach/20257/b56a8828204c4424aaeee2ab0a0ea36e.pdf,jiayuguan_2024_official.txt,text/plain,2025-09-02,unclassified,0,0,0,,,,registered_no_selected_value,官方报告明确披露2024年末市级政府债务余额73.29亿元，其中一般债务31.58亿元、专项债务41.71亿元。
SRC-PROVINCE-DEBT-XINJIANG-2018,新疆维吾尔自治区财政厅,A1,true,地方政府债务限额及余额公开表,https://czt.xinjiang.gov.cn/xjczt/c115183/202106/eac25c0761a4404ea3ee027b33d90d20.shtml,https://czt.xinjiang.gov.cn/xjczt/c115183/202106/eac25c0761a4404ea3ee027b33d90d20.shtml,xinjiang_2018.xlsx,application/vnd.openxmlformats-officedocument.spreadsheetml.sheet,2021-06-01,unclassified,0,0,0,,,,registered_no_selected_value,按地级行政单元逐行读取官方 PDF、XLSX 或其归档文本中的全域政府债务限额与余额；省本级、市本级、区县和小计行不并入地级市。
SRC-PROVINCE-DEBT-XINJIANG-2019,新疆维吾尔自治区财政厅,A1,true,地方政府债务限额及余额公开表,https://czt.xinjiang.gov.cn/xjczt/c115182/202106/4fa4cfb446ae468aae023696cbc80a72.shtml,https://czt.xinjiang.gov.cn/xjczt/c115182/202106/4fa4cfb446ae468aae023696cbc80a72.shtml,xinjiang_2019.xlsx,application/vnd.openxmlformats-officedocument.spreadsheetml.sheet,2021-06-01,unclassified,0,0,0,,,,registered_no_selected_value,按地级行政单元逐行读取官方 PDF、XLSX 或其归档文本中的全域政府债务限额与余额；省本级、市本级、区县和小计行不并入地级市。
SRC-PROVINCE-DEBT-XINJIANG-2021,新疆维吾尔自治区财政厅,A1,true,地方政府债务限额及余额公开表,https://czt.xinjiang.gov.cn/xjczt/c115180/202208/303b201c33f249719d24026c926cf1f9.shtml,https://czt.xinjiang.gov.cn/xjczt/c115180/202208/303b201c33f249719d24026c926cf1f9.shtml,xinjiang_2021.xlsx,application/vnd.openxmlformats-officedocument.spreadsheetml.sheet,2022-08-01,unclassified,0,0,0,,,,registered_no_selected_value,按地级行政单元逐行读取官方 PDF、XLSX 或其归档文本中的全域政府债务限额与余额；省本级、市本级、区县和小计行不并入地级市。
SRC-PROVINCE-DEBT-XINJIANG-2022,新疆维吾尔自治区财政厅,A1,true,地方政府债务限额及余额公开表,https://czt.xinjiang.gov.cn/xjczt/c115179/202308/7dfaabbaa50343e6b46340330427ca09.shtml,https://czt.xinjiang.gov.cn/xjczt/c115179/202308/7dfaabbaa50343e6b46340330427ca09.shtml,xinjiang_2022.xlsx,application/vnd.openxmlformats-officedocument.spreadsheetml.sheet,2023-08-01,unclassified,0,0,0,,,,registered_no_selected_value,按地级行政单元逐行读取官方 PDF、XLSX 或其归档文本中的全域政府债务限额与余额；省本级、市本级、区县和小计行不并入地级市。
SRC-PROVINCE-DEBT-XINJIANG-2023,新疆维吾尔自治区财政厅,A1,true,地方政府债务限额及余额公开表,https://czt.xinjiang.gov.cn/xjczt/c115264/202408/77c9015ace964208ae8fc8e9b6490d71.shtml,https://czt.xinjiang.gov.cn/xjczt/c115264/202408/77c9015ace964208ae8fc8e9b6490d71.shtml,xinjiang_2023.pdf,application/pdf,2024-08-01,unclassified,0,0,0,,,,registered_no_selected_value,按地级行政单元逐行读取官方 PDF、XLSX 或其归档文本中的全域政府债务限额与余额；省本级、市本级、区县和小计行不并入地级市。
SRC-CITY-DEBT-HEBEI-SHIJIAZHUANG-2024,石家庄市财政局,A1,true,地方政府债务限额及余额公开表,https://www.sjz.gov.cn/yjsgk/atm/b16fa88e-0b1e-4fa9-a8d3-d54dccd37295/%E7%9F%B3%E5%AE%B6%E5%BA%84%E5%B8%822024%E5%B9%B4%E5%B8%82%E6%9C%AC%E7%BA%A7%E5%92%8C%E5%85%A8%E5%B8%82%E8%B4%A2%E6%94%BF%E5%86%B3%E7%AE%97%E5%85%AC%E5%BC%80%E8%A1%A8%E5%8F%8A%E6%9C%89%E5%85%B3%E6%83%85%E5%86%B5%E7%9A%84%E8%AF%B4%E6%98%8E20250911164818949.pdf?sid=,https://www.sjz.gov.cn/yjsgk/atm/b16fa88e-0b1e-4fa9-a8d3-d54dccd37295/%E7%9F%B3%E5%AE%B6%E5%BA%84%E5%B8%822024%E5%B9%B4%E5%B8%82%E6%9C%AC%E7%BA%A7%E5%92%8C%E5%85%A8%E5%B8%82%E8%B4%A2%E6%94%BF%E5%86%B3%E7%AE%97%E5%85%AC%E5%BC%80%E8%A1%A8%E5%8F%8A%E6%9C%89%E5%85%B3%E6%83%85%E5%86%B5%E7%9A%84%E8%AF%B4%E6%98%8E20250911164818949.pdf?sid=,shijiazhuang_2024.pdf,application/pdf,2025-09-11,unclassified,0,0,0,,,,registered_no_selected_value,按地级行政单元逐行读取官方 PDF、XLSX 或其归档文本中的全域政府债务限额与余额；省本级、市本级、区县和小计行不并入地级市。
SRC-CITY-DEBT-HEBEI-CHENGDE-2024,承德市财政局,A1,true,地方政府债务限额及余额公开表,https://www.chengde.gov.cn/attach/0/646ee12fa88341b491b741e958001b45.pdf,https://www.chengde.gov.cn/attach/0/646ee12fa88341b491b741e958001b45.pdf,chengde_2024.pdf,application/pdf,2025-08-29,unclassified,0,0,0,,,,registered_no_selected_value,按地级行政单元逐行读取官方 PDF、XLSX 或其归档文本中的全域政府债务限额与余额；省本级、市本级、区县和小计行不并入地级市。
SRC-CITY-DEBT-TIBET-LHASA-2024,拉萨市财政局,A1,true,地方政府债务限额及余额公开表,https://czj.lasa.gov.cn/czj/czjs/202509/88feb7dca1e549edb2a144dab65e8adf/files/58f948731a0a42d889497fc936efa0a1.pdf,https://czj.lasa.gov.cn/czj/czjs/202509/88feb7dca1e549edb2a144dab65e8adf/files/58f948731a0a42d889497fc936efa0a1.pdf,lhasa_2024.pdf,application/pdf,2025-09-01,unclassified,0,0,0,,,,registered_no_selected_value,按地级行政单元逐行读取官方 PDF、XLSX 或其归档文本中的全域政府债务限额与余额；省本级、市本级、区县和小计行不并入地级市。
SRC-CITY-DEBT-SHANXI-DATONG-2024,大同市财政局,A1,true,地方政府债务限额及余额公开表,https://www.dt.gov.cn/dtszf/czzjxx/202509/6e0048fe33e94b58a494f4fab4e696be.shtml,https://www.dt.gov.cn/dtszf/czzjxx/202509/6e0048fe33e94b58a494f4fab4e696be.shtml,datong_2024.pdf,application/pdf,2025-09-02,unclassified,0,0,0,,,,registered_no_selected_value,按地级行政单元逐行读取官方 PDF、XLSX 或其归档文本中的全域政府债务限额与余额；省本级、市本级、区县和小计行不并入地级市。
SRC-CITY-DEBT-ANHUI-SUZHOU-2024,宿州市财政局,A1,true,地方政府债务限额及余额公开表,https://czj.ahsz.gov.cn/group1/M00/59/29/Cpc8VmiUDNGAP6rcAAMPLToTNWg618.pdf,https://czj.ahsz.gov.cn/group1/M00/59/29/Cpc8VmiUDNGAP6rcAAMPLToTNWg618.pdf,suzhou_2024.pdf,application/pdf,2025-09-01,unclassified,0,0,0,,,,registered_no_selected_value,按地级行政单元逐行读取官方 PDF、XLSX 或其归档文本中的全域政府债务限额与余额；省本级、市本级、区县和小计行不并入地级市。
SRC-CITY-DEBT-SHANXI-CHANGZHI-2022,长治市财政局,A1,true,地方政府债务限额及余额公开表,https://www.changzhi.gov.cn/xxgkml/zfxxgkml/szfgzbm/sczj/czsrmzf/czyjs/2022czjs/202307/P020230703323397901860.pdf,https://www.changzhi.gov.cn/xxgkml/zfxxgkml/szfgzbm/sczj/czsrmzf/czyjs/2022czjs/202307/P020230703323397901860.pdf,changzhi_2022.pdf,application/pdf,2023-07-03,unclassified,0,0,0,,,,registered_no_selected_value,按地级行政单元逐行读取官方 PDF、XLSX 或其归档文本中的全域政府债务限额与余额；省本级、市本级、区县和小计行不并入地级市。
SRC-CITY-DEBT-TIBET-CHANGDU-2024,西藏昌都市财政局,A1,true,地方政府债务限额及余额公开表,https://czj.changdu.gov.cn/cdsczj/c102357/202501/9b530b85f77246cf81d4ef855fb5980d.shtml,https://czj.changdu.gov.cn/cdsczj/c102357/202501/9b530b85f77246cf81d4ef855fb5980d.shtml,changdu_2024.xls,text/plain,2025-01-01,unclassified,0,0,0,,,,registered_no_selected_value,按地级行政单元逐行读取官方 PDF、XLSX 或其归档文本中的全域政府债务限额与余额；省本级、市本级、区县和小计行不并入地级市。
SRC-CITY-DEBT-JIANGXI-NANCHANG-2024,南昌市财政局,A1,true,地方政府债务限额及余额公开表,https://czj.nc.gov.cn/ncczj/2024sjzfjs/202509/8ee54fa7dc764867b9a5bc2421206392/files/39%202024%E5%B9%B4%E5%8D%97%E6%98%8C%E5%B8%82%E6%94%BF%E5%BA%9C%E4%B8%BE%E5%80%9F%E5%80%BA%E5%8A%A1%E6%83%85%E5%86%B5%E8%AF%B4%E6%98%8E.pdf,https://czj.nc.gov.cn/ncczj/2024sjzfjs/202509/8ee54fa7dc764867b9a5bc2421206392/files/39%202024%E5%B9%B4%E5%8D%97%E6%98%8C%E5%B8%82%E6%94%BF%E5%BA%9C%E4%B8%BE%E5%80%9F%E5%80%BA%E5%8A%A1%E6%83%85%E5%86%B5%E8%AF%B4%E6%98%8E.pdf,nanchang_2024.pdf,application/pdf,2025-09-15,unclassified,0,0,0,,,,registered_no_selected_value,按地级行政单元逐行读取官方 PDF、XLSX 或其归档文本中的全域政府债务限额与余额；省本级、市本级、区县和小计行不并入地级市。
SRC-CITY-DEBT-JIANGXI-GANZHOU-2024,赣州市财政局,A1,true,地方政府债务限额及余额公开表,https://czj.ganzhou.gov.cn/gzsczj/c103011/202509/38c5cf5d527b4d2695a812e3d1fee9d7/files/e0e9f091fda6493bace5dfa8f9ccd362.pdf,https://czj.ganzhou.gov.cn/gzsczj/c103011/202509/38c5cf5d527b4d2695a812e3d1fee9d7/files/e0e9f091fda6493bace5dfa8f9ccd362.pdf,ganzhou_2024.pdf,application/pdf,2025-09-01,unclassified,0,0,0,,,,registered_no_selected_value,按地级行政单元逐行读取官方 PDF、XLSX 或其归档文本中的全域政府债务限额与余额；省本级、市本级、区县和小计行不并入地级市。
SRC-CITY-DEBT-HUBEI-WUHAN-2024,武汉市财政局,A1,true,地方政府债务限额及余额公开表,https://www.wuhan.gov.cn/ztzl/yjs/2025/yjsgk/sndjs_37171/202509/P020250915402043976336.pdf,https://www.wuhan.gov.cn/ztzl/yjs/2025/yjsgk/sndjs_37171/202509/P020250915402043976336.pdf,wuhan_2024.pdf,application/pdf,2025-09-15,unclassified,0,0,0,,,,registered_no_selected_value,按地级行政单元逐行读取官方 PDF、XLSX 或其归档文本中的全域政府债务限额与余额；省本级、市本级、区县和小计行不并入地级市。
SRC-CITY-DEBT-YUNNAN-DALI-2024,大理白族自治州财政局,A1,true,地方政府债务限额及余额公开表,https://www.dali.gov.cn/dlzrmzf/c106264/1971044887813001216/ErMdRBee.pdf,https://www.dali.gov.cn/dlzrmzf/c106264/1971044887813001216/ErMdRBee.pdf,dali_2024.pdf,application/pdf,2025-09-01,unclassified,0,0,0,,,,registered_no_selected_value,按地级行政单元逐行读取官方 PDF、XLSX 或其归档文本中的全域政府债务限额与余额；省本级、市本级、区县和小计行不并入地级市。
SRC-CITY-DEBT-YUNNAN-YUXI-2024,玉溪市财政局,A1,true,地方政府债务限额及余额公开表,https://www.yuxi.gov.cn/u/cms/yxszfxxgk/202509/161029480q8r.pdf,https://www.yuxi.gov.cn/u/cms/yxszfxxgk/202509/161029480q8r.pdf,yuxi_2024.pdf,application/pdf,2025-09-01,unclassified,0,0,0,,,,registered_no_selected_value,按地级行政单元逐行读取官方 PDF、XLSX 或其归档文本中的全域政府债务限额与余额；省本级、市本级、区县和小计行不并入地级市。
SRC-CITY-DEBT-YUNNAN-HONGHE-2024,红河哈尼族彝族自治州财政局,A1,true,地方政府债务限额及余额公开表,https://www.hh.gov.cn/virtual_attach_file.vsb?afc=AU8C14nmTVo7WkLmz-bUmr7M7VVoRvNbMRlbnm-bU4V2nz90gihFp2hmCIa0U1yiLkyYnkhRo7M2LRUDMlUbMlQ7n7LYU4T2LzT2LRTknmAFMRN4LRL8MzrFMz7YnSbNpDMZo40XtCzNJeC8gJ_EwJqYO3Isjm-aLmzTJpzTjgRtTKjtTgBTJX4T9gKT1/dt9Z5TAK5wKeztt-ZJQ2hm_ROeq2AEvtiEQ1hXptQ0g47PL4UPg47YLR-YL4-JqdTnx,https://www.hh.gov.cn/virtual_attach_file.vsb?afc=AU8C14nmTVo7WkLmz-bUmr7M7VVoRvNbMRlbnm-bU4V2nz90gihFp2hmCIa0U1yiLkyYnkhRo7M2LRUDMlUbMlQ7n7LYU4T2LzT2LRTknmAFMRN4LRL8MzrFMz7YnSbNpDMZo40XtCzNJeC8gJ_EwJqYO3Isjm-aLmzTJpzTjgRtTKjtTgBTJX4T9gKT1/dt9Z5TAK5wKeztt-ZJQ2hm_ROeq2AEvtiEQ1hXptQ0g47PL4UPg47YLR-YL4-JqdTnx,honghe_2024_debt.docx,text/plain,2025-09-15,unclassified,0,0,0,,,,registered_no_selected_value,按地级行政单元逐行读取官方 PDF、XLSX 或其归档文本中的全域政府债务限额与余额；省本级、市本级、区县和小计行不并入地级市。
SRC-CITY-DEBT-YUNNAN-BAOSHAN-2023,保山市财政局,A1,true,地方政府债务限额及余额公开表,https://www.baoshan.gov.cn/virtual_attach_file.vsb?afc=LnmLMiMm9YL7LYLomCsL4-iL4l4oznu7MN7aMmGiU4-YL4v0gihFp2hmCIa0MSyDnkysnShfLz7Yn7nVU4lDM4CYMzLaM7n2nNMRMNr2Lz6FnRGanmNZUznLz67nmGJv2nto4OeoDW4vsWx_tQxqd6ELmGYL1hXptQ0g4UiM4U0LzGPLRUaLzUJqdUnx,https://www.baoshan.gov.cn/virtual_attach_file.vsb?afc=LnmLMiMm9YL7LYLomCsL4-iL4l4oznu7MN7aMmGiU4-YL4v0gihFp2hmCIa0MSyDnkysnShfLz7Yn7nVU4lDM4CYMzLaM7n2nNMRMNr2Lz6FnRGanmNZUznLz67nmGJv2nto4OeoDW4vsWx_tQxqd6ELmGYL1hXptQ0g4UiM4U0LzGPLRUaLzUJqdUnx,baoshan_2023.pdf,application/pdf,2024-09-01,unclassified,0,0,0,,,,registered_no_selected_value,按地级行政单元逐行读取官方 PDF、XLSX 或其归档文本中的全域政府债务限额与余额；省本级、市本级、区县和小计行不并入地级市。
SRC-CITY-DEBT-YUNNAN-LINCANG-2024,临沧市财政局,A1,true,地方政府债务限额及余额公开表,https://lincang.gov.cn/zfxxgk_lcs/artview/347/332149.html?chapter=null&ml=null&year=null,https://lincang.gov.cn/zfxxgk_lcs/artview/347/332149.html?chapter=null&ml=null&year=null,lincang_2024_debt_report.pdf,application/pdf,2025-09-01,unclassified,0,0,0,,,,registered_no_selected_value,按地级行政单元逐行读取官方 PDF、XLSX 或其归档文本中的全域政府债务限额与余额；省本级、市本级、区县和小计行不并入地级市。
SRC-CITY-DEBT-SHANGHAI-2024,上海市财政局,A1,true,地方政府债务限额及余额公开表,https://czj.sh.gov.cn/cmsres/be/be1d973f731e481c91fdcfaac5a05f87/7aff8fa0cd36b424a2e1cf6ae4c0afc0.pdf,https://czj.sh.gov.cn/cmsres/be/be1d973f731e481c91fdcfaac5a05f87/7aff8fa0cd36b424a2e1cf6ae4c0afc0.pdf,shanghai_2024.pdf,application/pdf,2025-08-20,unclassified,0,0,0,,,,registered_no_selected_value,按地级行政单元逐行读取官方 PDF、XLSX 或其归档文本中的全域政府债务限额与余额；省本级、市本级、区县和小计行不并入地级市。
SRC-CITY-DEBT-SHANGHAI-2023,上海市财政局,A1,true,地方政府债务限额及余额公开表,https://czj.sh.gov.cn/cmsres/4e/4e35752070814a02b111f93dfe9f7c14/1af3b5673a80d8c9760096040fb4f86b.pdf,https://czj.sh.gov.cn/cmsres/4e/4e35752070814a02b111f93dfe9f7c14/1af3b5673a80d8c9760096040fb4f86b.pdf,shanghai_2023.pdf,application/pdf,2024-09-06,unclassified,0,0,0,,,,registered_no_selected_value,按地级行政单元逐行读取官方 PDF、XLSX 或其归档文本中的全域政府债务限额与余额；省本级、市本级、区县和小计行不并入地级市。
SRC-CITY-DEBT-SHANGHAI-2022,上海市财政局,A1,true,地方政府债务限额及余额公开表,https://czj.sh.gov.cn/cmsres/17/1726c5c8e30f4ad9bc335dd372c3c07c/72f49f10a8e0c050aed33cf74908518c.pdf,https://czj.sh.gov.cn/cmsres/17/1726c5c8e30f4ad9bc335dd372c3c07c/72f49f10a8e0c050aed33cf74908518c.pdf,shanghai_2022.pdf,application/pdf,2023-08-08,unclassified,0,0,0,,,,registered_no_selected_value,按地级行政单元逐行读取官方 PDF、XLSX 或其归档文本中的全域政府债务限额与余额；省本级、市本级、区县和小计行不并入地级市。
SRC-CITY-DEBT-SHANGHAI-2021,上海市财政局,A1,true,地方政府债务限额及余额公开表,https://czj.sh.gov.cn/cmsres/29/290eeffa912544439929404d1329848b/67ca958fa33716f6c93781864bf6d87d.pdf,https://czj.sh.gov.cn/cmsres/29/290eeffa912544439929404d1329848b/67ca958fa33716f6c93781864bf6d87d.pdf,shanghai_2021.pdf,application/pdf,2022-09-07,unclassified,0,0,0,,,,registered_no_selected_value,按地级行政单元逐行读取官方 PDF、XLSX 或其归档文本中的全域政府债务限额与余额；省本级、市本级、区县和小计行不并入地级市。
SRC-CITY-DEBT-SHANGHAI-2020,上海市财政局,A1,true,地方政府债务限额及余额公开表,https://czj.sh.gov.cn/cmsres/35/3535356829104099b9cb93d832aaa864/f5b1e16f2c26d33e8a8f2de87d216fc9.pdf,https://czj.sh.gov.cn/cmsres/35/3535356829104099b9cb93d832aaa864/f5b1e16f2c26d33e8a8f2de87d216fc9.pdf,shanghai_2020.pdf,application/pdf,2021-08-01,unclassified,0,0,0,,,,registered_no_selected_value,按地级行政单元逐行读取官方 PDF、XLSX 或其归档文本中的全域政府债务限额与余额；省本级、市本级、区县和小计行不并入地级市。
SRC-CITY-DEBT-SHANGHAI-2019,上海市财政局,A1,true,地方政府债务限额及余额公开表,https://czj.sh.gov.cn/cmsres/84/84704b4a4f5e4a96b0848c0edc5a6fc4/e418a6b12901d4eedefbba454d32ed5a.pdf,https://czj.sh.gov.cn/cmsres/84/84704b4a4f5e4a96b0848c0edc5a6fc4/e418a6b12901d4eedefbba454d32ed5a.pdf,shanghai_2019.pdf,application/pdf,2020-07-31,unclassified,0,0,0,,,,registered_no_selected_value,按地级行政单元逐行读取官方 PDF、XLSX 或其归档文本中的全域政府债务限额与余额；省本级、市本级、区县和小计行不并入地级市。
SRC-CITY-DEBT-SHANGHAI-2018,上海市财政局,A1,true,地方政府债务限额及余额公开表,https://czj.sh.gov.cn/cmsres/37/37d2848fdf054bc39b9e907235847863/c86f8b03463573bec70b364f4f2d0db5.pdf,https://czj.sh.gov.cn/cmsres/37/37d2848fdf054bc39b9e907235847863/c86f8b03463573bec70b364f4f2d0db5.pdf,shanghai_2018.pdf,application/pdf,2019-07-31,unclassified,0,0,0,,,,registered_no_selected_value,按地级行政单元逐行读取官方 PDF、XLSX 或其归档文本中的全域政府债务限额与余额；省本级、市本级、区县和小计行不并入地级市。
SRC-CITY-DEBT-BEIJING-2024,北京市财政局,A1,true,地方政府债务限额及余额公开表,https://czj.beijing.gov.cn/zwxx/czsj/czyjs/202508/P020250818374426796483.pdf,https://czj.beijing.gov.cn/zwxx/czsj/czyjs/202508/P020250818374426796483.pdf,beijing_2024.pdf,application/pdf,2025-08-11,unclassified,0,0,0,,,,registered_no_selected_value,按地级行政单元逐行读取官方 PDF、XLSX 或其归档文本中的全域政府债务限额与余额；省本级、市本级、区县和小计行不并入地级市。
SRC-CITY-DEBT-BEIJING-2023,北京市财政局,A1,true,地方政府债务限额及余额公开表,https://czj.beijing.gov.cn/zwxx/czsj/czyjs/202408/P020240809348099404561.pdf,https://czj.beijing.gov.cn/zwxx/czsj/czyjs/202408/P020240809348099404561.pdf,beijing_2023.pdf,application/pdf,2024-08-09,unclassified,0,0,0,,,,registered_no_selected_value,按地级行政单元逐行读取官方 PDF、XLSX 或其归档文本中的全域政府债务限额与余额；省本级、市本级、区县和小计行不并入地级市。
SRC-CITY-DEBT-BEIJING-2022,北京市财政局,A1,true,地方政府债务限额及余额公开表,https://www.beijing.gov.cn/gongkai/caizheng/czbg/jsbg/202308/W020230817473840394056.pdf,https://www.beijing.gov.cn/gongkai/caizheng/czbg/jsbg/202308/W020230817473840394056.pdf,beijing_2022.pdf,application/pdf,2023-08-17,unclassified,0,0,0,,,,registered_no_selected_value,按地级行政单元逐行读取官方 PDF、XLSX 或其归档文本中的全域政府债务限额与余额；省本级、市本级、区县和小计行不并入地级市。
SRC-PROVINCE-DEBT-TIANJIN-2023,天津市财政局,A1,true,地方政府债务限额及余额公开表,https://cz.tj.gov.cn/zwgk_53713/ysgk_59783/ysjs/202408/W020240816643632999528.pdf,https://cz.tj.gov.cn/zwgk_53713/ysgk_59783/ysjs/202408/W020240816643632999528.pdf,tianjin_2023.pdf,application/pdf,2024-08-16,unclassified,0,0,0,,,,registered_no_selected_value,按地级行政单元逐行读取官方 PDF、XLSX 或其归档文本中的全域政府债务限额与余额；省本级、市本级、区县和小计行不并入地级市。
SRC-CITY-DEBT-ANHUI-WUHU-2024,芜湖市财政局,A1,true,地方政府债务限额及余额公开表,https://weda.wuhu.gov.cn/group1/M00/20/28/rBwdTGeu7-KAd420AATHBb8Exk8642.pdf,https://weda.wuhu.gov.cn/group1/M00/20/28/rBwdTGeu7-KAd420AATHBb8Exk8642.pdf,anhui_wuhu_2024.pdf,application/pdf,2025-01-01,unclassified,0,0,0,,,,registered_no_selected_value,官方预算执行报告披露的 2024 年全市年末限额与余额；保留一般、专项限额及余额四个分项。
SRC-CITY-DEBT-ANHUI-HUANGSHAN-2024,黄山市财政局,A1,true,地方政府债务限额及余额公开表,https://www.huangshan.gov.cn/zwgk/public/6615714/11705734.html,https://www.huangshan.gov.cn/zwgk/public/6615714/11705734.html,anhui_huangshan_2024.html,text/plain,2025-01-14,unclassified,0,0,0,,,,registered_no_selected_value,黄山市人民政府网站公开的市财政局说明，采用全市口径并保留一般、专项限额及余额四个分项。
SRC-CITY-DEBT-GANSU-ZHANGYE-2024,张掖市财政局,A1,true,地方政府债务限额及余额公开表,https://www.zhangye.gov.cn/zyszfxxgk/fdzdgknr_5657/sgjfjysxx/zfzwxx/202511/t20251105_1473708.html,https://www.zhangye.gov.cn/zyszfxxgk/fdzdgknr_5657/sgjfjysxx/zfzwxx/202511/t20251105_1473708.html,gansu_zhangye_2024.html,text/plain,2025-10-24,unclassified,0,0,0,,,,registered_no_selected_value,官方2025年债务管理报告回溯披露2024年全市限额与年末法定债务余额。
SRC-CITY-DEBT-GANSU-ZHANGYE-2021,张掖市财政局,A2,true,地方政府债务限额及余额公开表,https://www.zhangye.gov.cn/zyszfxxgk/fdzdgknr_5657/sgjfjysxx/sjczyjsjsgjf/202207/t20220721_881528.html,https://www.zhangye.gov.cn/zyszfxxgk/fdzdgknr_5657/sgjfjysxx/sjczyjsjsgjf/202207/t20220721_881528.html,gansu_zhangye_2021.txt,text/plain,2021-11-19,city_year,1,1,1,CN-620700,2021,statutory_debt_balance_100m,accepted,官方预算调整报告第106—107行披露2021年全市地方政府债务余额207.52亿元（市级与县区合计）；未披露可供本次摘录使用的一般/专项分项，因此仅接入总余额，不反推分项。
SRC-CITY-DEBT-GANSU-BAIYIN-2024,白银市财政局,A1,true,地方政府债务限额及余额公开表,https://www.baiyin.gov.cn/api-gateway/jpaas-web-server/front/document/download?fileName=%E5%85%B3%E4%BA%8E2024%E5%B9%B4%E5%85%A8%E5%B8%82%E8%B4%A2%E6%94%BF%E9%A2%84%E7%AE%97%E6%89%A7%E8%A1%8C%E6%83%85%E5%86%B5%E5%92%8C2025%E5%B9%B4%E5%85%A8%E5%B8%82%E5%8F%8A%E5%B8%82%E7%BA%A7%E8%B4%A2%E6%94%BF%E9%A2%84%E7%AE%97%E8%8D%89%E6%A1%88%E7%9A%84%E6%8A%A5%E5%91%8A.pdf&fileUrl=YW5UzzlvCwcM%2FNHHX%2FtT6JI7%2BmdwurFhswv%2Fk4IqNLY7rAMl6tHQBKl5MNeT15Y7Uv0ebTD%2BTqbMhjfQA%2FErRFWUDOjyU0mgY%2BD%2Bo6%2FWt7LdD5bttE8E%2FCWopleAkt6tBh57PwovGFdyVGhJUe7XTXgxAiX%2FlInka20XS875Py4%3D,https://www.baiyin.gov.cn/api-gateway/jpaas-web-server/front/document/download?fileName=%E5%85%B3%E4%BA%8E2024%E5%B9%B4%E5%85%A8%E5%B8%82%E8%B4%A2%E6%94%BF%E9%A2%84%E7%AE%97%E6%89%A7%E8%A1%8C%E6%83%85%E5%86%B5%E5%92%8C2025%E5%B9%B4%E5%85%A8%E5%B8%82%E5%8F%8A%E5%B8%82%E7%BA%A7%E8%B4%A2%E6%94%BF%E9%A2%84%E7%AE%97%E8%8D%89%E6%A1%88%E7%9A%84%E6%8A%A5%E5%91%8A.pdf&fileUrl=YW5UzzlvCwcM%2FNHHX%2FtT6JI7%2BmdwurFhswv%2Fk4IqNLY7rAMl6tHQBKl5MNeT15Y7Uv0ebTD%2BTqbMhjfQA%2FErRFWUDOjyU0mgY%2BD%2Bo6%2FWt7LdD5bttE8E%2FCWopleAkt6tBh57PwovGFdyVGhJUe7XTXgxAiX%2FlInka20XS875Py4%3D,gansu_baiyin_2024.txt,text/plain,2025-01-22,unclassified,0,0,0,,,,registered_no_selected_value,官方预算报告披露的2024年全市年末法定债务余额；采用全市口径，不将市级本级余额误作全市值。
SRC-CITY-DEBT-GANSU-QINGYANG-2024,庆阳市人民政府,A2,true,地方政府债务限额及余额公开表,https://zgqingyang.gov.cn/gk/zfxxgk/zfgb35zwgkb/content_27168,https://zgqingyang.gov.cn/gk/zfxxgk/zfgb35zwgkb/content_27168,gansu_qingyang_2024.txt,text/plain,2025-05-29,city_year,1,1,1,CN-621000,2024,statutory_debt_balance_100m,accepted,官方政府公报披露2024年全市债务余额475.06亿元；同页另列市级余额104.6亿元，本条仅接入全市口径，未将市级本级值误作全市值。
SRC-CITY-DEBT-GUANGXI-QINZHOU-2024,钦州市财政局,A1,true,地方政府债务限额及余额公开表,https://czj.qinzhou.gov.cn/zfxxgk/fdzdgknryjsgk/zfys/t19562397.shtml,https://czj.qinzhou.gov.cn/zfxxgk/fdzdgknryjsgk/zfys/t19562397.shtml,guangxi_qinzhou_2024.html,text/plain,2025-01-01,unclassified,0,0,0,,,,registered_no_selected_value,官方预算执行报告披露全市口径预计数；保留限额合计、一般、专项以及余额合计、一般、专项六项，状态按预算执行预计数记录。
SRC-CITY-DEBT-GUANGXI-FANGCHENGGANG-2024,防城港市财政局,A1,true,地方政府债务限额及余额公开表,https://www.fcgs.gov.cn/zfxxgk/zdlyxxgk/czzj/szfys/zfys2025/P020250714310206547861.pdf,https://www.fcgs.gov.cn/zfxxgk/zdlyxxgk/czzj/szfys/zfys2025/P020250714310206547861.pdf,guangxi_fangchenggang_2024.pdf,application/pdf,2025-01-01,unclassified,0,0,0,,,,registered_no_selected_value,官方预算文件附件列示全市口径预计数，原表单位为万元，转换为亿元；2024年最终决算发布后应以决算数替换。
SRC-CITY-DEBT-HUBEI-HUANGSHI-2024,黄石市财政局,A1,true,地方政府债务限额及余额公开表,https://czj.huangshi.gov.cn/2020xxgkzn/2020gknr/2020czzj/sbjyjs/202502/t20250225_1197278.html,https://czj.huangshi.gov.cn/2020xxgkzn/2020gknr/2020czzj/sbjyjs/202502/t20250225_1197278.html,hubei_huangshi_2024.html,text/plain,2025-02-25,unclassified,0,0,0,,,,registered_no_selected_value,按地级行政单元逐行读取官方 PDF、XLSX 或其归档文本中的全域政府债务限额与余额；省本级、市本级、区县和小计行不并入地级市。
SRC-CITY-DEBT-HUBEI-YICHANG-2024,宜昌市财政局,A1,true,地方政府债务限额及余额公开表,https://img.xxgk.yichang.gov.cn/uploads/image/20250121/8b64460b5f255fc7848ad21b02a20aef.pdf,https://img.xxgk.yichang.gov.cn/uploads/image/20250121/8b64460b5f255fc7848ad21b02a20aef.pdf,hubei_yichang_2024.pdf,application/pdf,2025-01-21,unclassified,0,0,0,,,,registered_no_selected_value,官方公开表分别列示一般债务与专项债务，限额合计和余额合计由四个分项按设计文档规则计算。
SRC-CITY-DEBT-HUBEI-EZHOU-2024,鄂州市财政局,A1,true,地方政府债务限额及余额公开表,https://www.ezhou.gov.cn/gk/xxgkml/czgk/zfzw/202503/t20250306_692165.html,https://www.ezhou.gov.cn/gk/xxgkml/czgk/zfzw/202503/t20250306_692165.html,hubei_ezhou_2024.html,text/plain,2025-03-06,unclassified,0,0,0,,,,registered_no_selected_value,按地级行政单元逐行读取官方 PDF、XLSX 或其归档文本中的全域政府债务限额与余额；省本级、市本级、区县和小计行不并入地级市。
SRC-CITY-DEBT-SHAANXI-ANKANG-2024,安康市财政局,A1,true,地方政府债务限额及余额公开表,https://www.ankang.gov.cn/Content-2853946.html,https://www.ankang.gov.cn/Content-2853946.html,shaanxi_ankang_2024.html,text/plain,,unclassified,0,0,0,,,,registered_no_selected_value,按地级行政单元逐行读取官方 PDF、XLSX 或其归档文本中的全域政府债务限额与余额；省本级、市本级、区县和小计行不并入地级市。
SRC-CITY-DEBT-YUNNAN-DIQING-2024,迪庆州财政局,A1,true,地方政府债务限额及余额公开表,https://www.diqing.gov.cn/zfxxgk_dqzzf_zczj/fdzdgknr/caizhengxinxigongkaizhuanlan/zhengfuyujuesuan/202503/20250304_224128.html,https://www.diqing.gov.cn/zfxxgk_dqzzf_zczj/fdzdgknr/caizhengxinxigongkaizhuanlan/zhengfuyujuesuan/202503/20250304_224128.html,yunnan_diqing_2024.html,text/plain,2025-03-04,unclassified,0,0,0,,,,registered_no_selected_value,按地级行政单元逐行读取官方 PDF、XLSX 或其归档文本中的全域政府债务限额与余额；省本级、市本级、区县和小计行不并入地级市。
SRC-CITY-DEBT-ANHUI-TONGLING-2024,铜陵市财政局,A1,true,地方政府债务限额及余额公开表,https://czj.tl.gov.cn/tlsczj/c00121/pc/content/content_1967776582464233472.html,https://czj.tl.gov.cn/tlsczj/c00121/pc/content/content_1967776582464233472.html,anhui_tongling_2024.html,text/plain,2025-09-16,unclassified,0,0,0,,,,registered_no_selected_value,官方决算公开分别列示一般债务和专项债务；法定债务总限额与总余额由两项分项按设计文档规则计算。
SRC-CITY-DEBT-ANHUI-XUANCHENG-2024,宣城市财政局,A1,true,地方政府债务限额及余额公开表,https://www.xuancheng.gov.cn/OpennessContent/show/3594871.html,https://www.xuancheng.gov.cn/upload_xc/download?siteId=1&id=1196131,anhui_xuancheng_2024.pdf,application/pdf,2025-09-12,unclassified,0,0,0,,,,registered_no_selected_value,按地级行政单元逐行读取官方 PDF、XLSX 或其归档文本中的全域政府债务限额与余额；省本级、市本级、区县和小计行不并入地级市。
SRC-CITY-DEBT-TIBET-LHASA-2025,拉萨市财政局,A1,true,地方政府债务限额及余额公开表,https://czj.lasa.gov.cn/czj/czys/202602/7ec4f3dd1ec24c67a1a06e41848e9fa4/files/04b5c6f9b3264e3092d3079d7983fd4d.pdf,https://czj.lasa.gov.cn/czj/czys/202602/7ec4f3dd1ec24c67a1a06e41848e9fa4/files/04b5c6f9b3264e3092d3079d7983fd4d.pdf,lhasa_2025.pdf,application/pdf,,unclassified,0,0,0,,,,registered_no_selected_value,官方预算公开附件中的决算表（表6/表7）；保留拉萨市全市口径，区县行不并入地级市。
SRC-CITY-DEBT-ANHUI-HUAIBEI-2025,淮北市财政局,A1,true,地方政府债务限额及余额公开表,https://czj.huaibei.gov.cn/zwgk/public/44/65067483.html,https://czj.huaibei.gov.cn/group1/M00/15/6C/CqET9GpZ2pWAUZ1MAAGYj0w27-8908.pdf,anhui_huaibei_2025.txt,text/plain,2026-07-17,unclassified,0,0,0,,,,registered_no_selected_value,官方决算公开附件表1列示淮北市全市及市本级、区县债务限额和余额；仅采集全市行，不将市本级或区县行并入地级市口径。
SRC-CITY-DEBT-GUANGDONG-JIANGMEN-2025,江门市财政局,A2,true,地方政府债务限额及余额公开表,https://www.jiangmen.gov.cn/bmpd/jmsczj/zwgk/jmsjyjsgkpt/sjzfys/content/post_3349518.html,https://www.jiangmen.gov.cn/bmpd/jmsczj/zwgk/jmsjyjsgkpt/sjzfys/content/post_3349518.html,guangdong_jiangmen_2025.html,text/plain,2025-08-19,unclassified,0,0,0,,,,registered_no_selected_value,官方预算调整报告披露的 2025 年末预算执行预计数；决算公开后应以决算数替换。
SRC-PROVINCE-DEBT-TIANJIN-2021,天津市财政局,A1,true,地方政府债务限额及余额公开表,https://cz.tj.gov.cn/zwgk_53713/yjsgktypt/jsgk/2021zfjs/202208/W020220816417057686073.pdf,https://cz.tj.gov.cn/zwgk_53713/yjsgktypt/jsgk/2021zfjs/202208/W020220816417057686073.pdf,tianjin_2021.pdf,application/pdf,2022-08-16,unclassified,0,0,0,,,,registered_no_selected_value,按地级行政单元逐行读取官方 PDF、XLSX 或其归档文本中的全域政府债务限额与余额；省本级、市本级、区县和小计行不并入地级市。
SRC-PROVINCE-DEBT-TIANJIN-2020,天津市财政局,A1,true,地方政府债务限额及余额公开表,https://cz.tj.gov.cn/zwgk_53713/yjsgktypt/jsgk/2020nzfjs/202108/W020210812621357774891.pdf,https://cz.tj.gov.cn/zwgk_53713/yjsgktypt/jsgk/2020nzfjs/202108/W020210812621357774891.pdf,tianjin_2020.pdf,application/pdf,2021-08-12,unclassified,0,0,0,,,,registered_no_selected_value,按地级行政单元逐行读取官方 PDF、XLSX 或其归档文本中的全域政府债务限额与余额；省本级、市本级、区县和小计行不并入地级市。
SRC-CITY-DEBT-YUNNAN-BAOSHAN-2024,保山市财政局,A2,true,地方政府债务限额及余额公开表,https://www.baoshan.gov.cn/info/4632/10136174.htm,https://baoshan.gov.cn/virtual_attach_file.vsb?afc=_oRnFRoR-YnmTkU9zN8U4CaLzMfoRfAknlLbnRviLlCPUlL0gihFp2hmCIa0Mkh2oSybL1ybL8UsUmvaM4Gio7n7M4C4o7U4MlWfolVFL4lZo7lsMlMFLzC8nRvJv2nto4OeoDW4vsWx_tQxqd6ELmGYL1hXptQ0g4UiM4U0LzGPMRlYozUJqd1nx,yunnan_baoshan_2024.pdf,application/pdf,2025-01-01,unclassified,0,0,0,,,,registered_no_selected_value,官方预算公开表披露 2024 年全市余额预计执行数及一般、专项拆分；因省财政厅尚未下达当年限额，限额三列按官方空白保留为 null，待后续正式限额公开后替换。
SRC-PROVINCE-DEBT-SHAANXI-2024,陕西省财政厅,A2,true,地方政府债务限额及余额公开表,https://czt.shaanxi.gov.cn/xxgk/zdgk/cjsj/2025/202508/P020250813600972465427.pdf,https://czt.shaanxi.gov.cn/xxgk/zdgk/cjsj/2025/202508/P020250813600972465427.pdf,shaanxi_2024_province.txt,text/plain,2025-08-13,unclassified,0,0,0,,,,registered_no_selected_value,官方财政决算附件的表二十二，按原表列序转录 10 个地级行政单元六项债务值；当前陕西财政厅 PDF 下载超时，先归档官方检索返回的逐行文本，待附件下载成功后以 PDF 原件替换并复核。
SRC-PROVINCE-DEBT-SHAANXI-2025,陕西省财政厅,A2,true,地方政府债务限额及余额公开表,https://czt.shaanxi.gov.cn/xxgk/zdgk/cjsj/2026/202602/P020260203654585586314.pdf,https://czt.shaanxi.gov.cn/xxgk/zdgk/cjsj/2026/202602/P020260203654585586314.pdf,shaanxi_2025_province.txt,text/plain,2026-02-03,unclassified,0,0,0,,,,registered_no_selected_value,官方财政预算执行情况附件的表二十二、表二十三，按原表列序转录陕西省各市一般债务和专项债务限额及余额；本地文本合并两表对应的六项值，解析时仅匹配目标地级行政单元。
SRC-OFFICIAL-DEBT-GANSU-TIANSHUI-2025,天水市人民政府、天水市财政局,A2,true,地方政府债务限额及余额公开表,https://www.tianshui.gov.cn/czj/info/1111/59732.htm,https://www.tianshui.gov.cn/czj/info/1111/59732.htm,tianshui_2025_official.txt,text/plain,2025-12-01,unclassified,0,0,0,,,,registered_no_selected_value,官方预算调整报告披露2025年底全市政府法定债务余额预计5349314万元，其中一般债务1082798万元、专项债务4266516万元；换算为亿元接入天水市全市目标行。原文为预算调整阶段预计数，保留 A2 来源等级并在来源说明中注明，不将市本级1798614万元误作全市口径。
SRC-OFFICIAL-DEBT-GANSU-DINGXI-2025,定西市人民政府、定西市财政局,A2,true,地方政府债务限额及余额公开表,https://www.dingxi.gov.cn/module/download/downfile.jsp?classid=0&filename=4b0645d1e53547479bcc564a595181d8.xlsx,https://www.dingxi.gov.cn/module/download/downfile.jsp?classid=0&filename=4b0645d1e53547479bcc564a595181d8.xlsx,dingxi_2025_official.txt,text/plain,2026-02-02,unclassified,0,0,0,,,,registered_no_selected_value,官方预算附件《6-4-定西市2025年地方政府债务余额情况表.xlsx》直接披露全市2025年末余额预计执行数：一般129.94亿元、专项318.93亿元；合计448.87亿元。该项为预算公开中的预计执行数，不冒充最终决算。
SRC-OFFICIAL-DEBT-GANSU-LINXIA-2025,临夏回族自治州人民政府、临夏州财政局,A2,true,地方政府债务限额及余额公开表,https://www.linxia.gov.cn/lxz/zwgk/fdzdgknr/ysjs/zfysgk/art/2026/art_5eae77e8835d4edd954b4f1385ba37d0.html,https://www.linxia.gov.cn/lxz/zwgk/fdzdgknr/ysjs/zfysgk/art/2026/art_5eae77e8835d4edd954b4f1385ba37d0.html,linxia_2025_official.txt,text/plain,2026-02-01,unclassified,0,0,0,,,,registered_no_selected_value,官方预算公开附件《5.临夏州2025年债务公开数据.pdf》表5-1直接披露全州2025年债务余额505.74亿元，其中一般债务155.41亿元、专项债务350.33亿元；表5-2另列州本级42.06亿元，本入库不混用州本级口径。
SRC-OFFICIAL-DEBT-GANSU-JIAYUGUAN-2025,嘉峪关市人民政府、嘉峪关市财政局,A2,true,地方政府债务限额及余额公开表,https://www.jyg.gov.cn/zfxxgk/fdzdgknr/zdlyxxgk/czzjxx/sjzfyjs/art/2026/art_e5db66dedc0748059838d0a5e017e956.html,https://www.jyg.gov.cn/zfxxgk/fdzdgknr/zdlyxxgk/czzjxx/sjzfyjs/art/2026/art_e5db66dedc0748059838d0a5e017e956.html,jiayuguan_2025_official.txt,text/plain,2026-05-22,unclassified,0,0,0,,,,registered_no_selected_value,官方预算报告政府债务情况段落披露截至2025年底我市政府债务余额80.57亿元，其中一般债务32.61亿元、专项债务47.96亿元；与已入库的2024年市级政府债务口径一致。
SRC-SECONDARY-DEBT-GUANGXI-GUILIN-2024,新世纪评级（公开转载）,B2,true,二手公开城市债务图表,https://www.fxbaogao.com/detail/5183988,https://www.fxbaogao.com/detail/5183988,guilin_2024_rating_total.txt,text/plain,2025-12-02,city_year,1,1,1,CN-450300,2024,statutory_debt_balance_100m,accepted,评级研究明确披露桂林市2024年末政府债务余额925.43亿元；当前公开摘要未提供一般债务与专项债务拆分，因此只录入法定债务总额，不拆分组件。
SRC-OFFICIAL-DEBT-GANSU-ZHANGYE-2025,张掖市人民政府、张掖市财政局,A2,true,地方政府债务限额及余额公开表,https://www.zhangye.gov.cn/zyszfxxgk/fdzdgknr_5657/sgjfjysxx/zfzwxx/202511/t20251105_1473708.html,https://www.zhangye.gov.cn/zyszfxxgk/fdzdgknr_5657/sgjfjysxx/zfzwxx/202511/t20251105_1473708.html,zhangye_2025_official.txt,text/plain,2025-10-24,unclassified,0,0,0,,,,registered_no_selected_value,官方债务管理报告明确披露全市2025年末法定债务余额333.4亿元，其中一般债务91.78亿元、专项债务241.62亿元；按全市年末口径接入。
SRC-OFFICIAL-DEBT-GANSU-ZHANGYE-2023,张掖市人民政府、张掖市财政局,A2,true,地方政府债务限额及余额公开表,https://www.zhangye.gov.cn/zyszfxxgk/fdzdgknr_5657/sgjfjysxx/sjczyjsjsgjf/202409/t20240905_1285217.html,https://www.zhangye.gov.cn/zyszfxxgk/fdzdgknr_5657/sgjfjysxx/sjczyjsjsgjf/202409/t20240905_1285217.html,zhangye_2023_debt.txt,text/plain,2024-09-05,unclassified,0,0,0,,,,registered_no_selected_value,官方财政决算公开报告披露2023年末全市政府债务余额309.56亿元，其中一般债务85.26亿元、专项债务224.30亿元；按全市年末口径接入。
SRC-CITY-DEBT-GANSU-BAIYIN-2025,白银市财政局,A2,true,地方政府债务限额及余额公开表,https://www.baiyin.gov.cn/api-gateway/jpaas-web-server/front/document/download?fileName=%E5%85%B3%E4%BA%8E2025%E5%B9%B4%E5%B8%82%E7%BA%A7%E8%B4%A2%E6%94%BF%E6%94%B6%E6%94%AF%E9%A2%84%E7%AE%97%E8%B0%83%E6%95%B4%E6%96%B9%E6%A1%88%EF%BC%88%E8%8D%89%E6%A1%88%EF%BC%89%E7%9A%84%E6%8A%A5%E5%91%8A.pdf&fileUrl=YW5UzzlvCwcM%2FNHHX%2FtT6JI7%2BmdwurFhswv%2Fk4IqNLYYadk2ANPcOwGkXdIeiKxjq1o7sAZEZNnZc5GYRb9BIPD%2FnqiHRDBQ98n0eA50qPdb4HNyCToYw03QNALvqXvNRwi2zU0vNWVqBFkheRM0jJZ%2FIu3Gzra6X6MjEJScTDI%3D,https://www.baiyin.gov.cn/api-gateway/jpaas-web-server/front/document/download?fileName=%E5%85%B3%E4%BA%8E2025%E5%B9%B4%E5%B8%82%E7%BA%A7%E8%B4%A2%E6%94%BF%E6%94%B6%E6%94%AF%E9%A2%84%E7%AE%97%E8%B0%83%E6%95%B4%E6%96%B9%E6%A1%88%EF%BC%88%E8%8D%89%E6%A1%88%EF%BC%89%E7%9A%84%E6%8A%A5%E5%91%8A.pdf&fileUrl=YW5UzzlvCwcM%2FNHHX%2FtT6JI7%2BmdwurFhswv%2Fk4IqNLYYadk2ANPcOwGkXdIeiKxjq1o7sAZEZNnZc5GYRb9BIPD%2FnqiHRDBQ98n0eA50qPdb4HNyCToYw03QNALvqXvNRwi2zU0vNWVqBFkheRM0jJZ%2FIu3Gzra6X6MjEJScTDI%3D,gansu_baiyin_2025.txt,text/plain,2025-09-28,unclassified,0,0,0,,,,registered_no_selected_value,官方市人大常委会预算调整报告披露：2024年决算全市余额347.12亿元，叠加2025年新增、再融资、置换存量隐性债务再融资及外贷限额并扣除自有财力还本后，2025年调整口径全市政府债务余额401.45亿元，其中一般126.16、专项275.29。该数为预算调整阶段的预计/调整口径，不冒充2025年最终决算；市级本级91.38亿元未接入全市行。
SRC-OFFICIAL-DEBT-GANSU-PINGLIANG-2025,平凉市人民政府、平凉市财政局,A2,true,地方政府债务限额及余额公开表,https://www.pingliang.gov.cn/zfxxgk/fdzdgknr/ysjs/szfjszfbgsys/art/2026/art_b8bae9dbcacf44c2bd4d833f11ba8553.html,https://www.pingliang.gov.cn/zfxxgk/fdzdgknr/ysjs/szfjszfbgsys/art/2026/art_b8bae9dbcacf44c2bd4d833f11ba8553.html,pingliang_2025_official.txt,text/plain,2026-02-13,unclassified,0,0,0,,,,registered_no_selected_value,平凉市人民政府预算执行报告明确披露：年末全市政府债务余额392.8亿元，其中一般债务119亿元、专项债务273.8亿元；同时披露市级余额77.4亿元，本入库采用全市口径。
SRC-CITY-DEBT-HAINAN-HAIKOU-2024,海口市人民政府（报告经官方媒体发布）,C,false,地方政府债务限额及余额公开表,https://hndnews.com/p/700596.html,https://hndnews.com/p/700596.html,hainan_haikou_2024.txt,text/plain,2025-01-11,city_year,1,1,1,CN-460100,2024,statutory_debt_balance_100m,provisional_only,官方预算执行报告的公开媒体摘录披露全市年末总余额及一般、专项拆分；未反推未披露的总限额，待海口财政决算附件归档后升级来源。
SRC-CITY-DEBT-HAINAN-SANYA-2024,三亚市人民代表大会常务委员会,A2,true,地方政府债务限额及余额公开表,https://rd.sanya.gov.cn/rdsite/c100027d/202501/4fcc45885917466aba4fd6b989111ca8.shtml,https://rd.sanya.gov.cn/rdsite/c100027d/202501/4fcc45885917466aba4fd6b989111ca8.shtml,hainan_sanya_2024.txt,text/plain,2025-01-10,city_year,1,1,1,CN-460200,2024,statutory_debt_balance_100m,accepted,市人大预算审查报告仅披露全市法定政府债务余额 747 亿元，按设计文档不反推一般、专项分项。
SRC-CITY-DEBT-HAINAN-DANZHOU-2024,儋州市人民政府,A2,true,地方政府债务限额及余额公开表,https://15207832.s21i.faiusr.com/61/2/ABUIABA9GAAg4KbVyAYosNiJzAc.pdf,https://15207832.s21i.faiusr.com/61/2/ABUIABA9GAAg4KbVyAYosNiJzAc.pdf,hainan_danzhou_2024.txt,text/plain,2025-07-31,unclassified,0,0,0,,,,registered_no_selected_value,官方财政决算报告表 5-1 的全市口径限额、余额及一般/专项拆分；原始附件为 PDF，当前先归档可检索逐行文本。
SRC-SECONDARY-DEBT-INNER-MONGOLIA-TOP4-2024,上海新世纪资信评估投资服务有限公司（公开转载）,B2,true,二手公开城市债务图表,https://www.fxbaogao.com/detail/5205792,https://www.fxbaogao.com/detail/5205792,inner_mongolia_2024_rating_totals.txt,text/plain,2025-12-18,multicity_batch,2,1,2,CN-150100;CN-150200,2024,statutory_debt_balance_100m,accepted,评级研究报告公开转载文本披露鄂尔多斯、呼和浩特、包头、乌兰察布四个盟市总余额；仅作为补缺暂存，不反推一般/专项分项，待内蒙古财政厅或盟市正式决算表替换。
SRC-SECONDARY-DEBT-HUBEI-TOP4-2025,东方金诚/中诚信国际公开评级跟踪报告,B2,true,二手公开城市债务图表,https://www.chinamoney.com.cn/dqs/cm-s-notice-query/fileDownLoad.do?contentId=3367833&mode=save&priority=0,https://www.chinamoney.com.cn/dqs/cm-s-notice-query/fileDownLoad.do?contentId=3367833&mode=save&priority=0,hubei_2025_rating_totals.txt,text/plain,2026-06-29,multicity_batch,4,1,4,CN-420600;CN-420800;CN-421000;CN-421200,2025,statutory_debt_balance_100m,accepted,以评级跟踪报告转引的各市财政局/政府公开资料补齐襄阳、荆门、荆州、咸宁总余额；只披露总额，不反推一般/专项分项，待市级决算附件替换。
SRC-CITY-DEBT-HUBEI-HUANGSHI-2025,黄石市人民政府国有资产监督管理委员会,A2,true,地方政府债务限额及余额公开表,https://gzw.huangshi.gov.cn/xxgk/fdzdgknr/zjxx/202605/t20260511_1326617.html,https://gzw.huangshi.gov.cn/xxgk/fdzdgknr/zjxx/202605/t20260511_1326617.html,hubei_huangshi_2025.txt,text/plain,2026-01-28,unclassified,0,0,0,,,,registered_no_selected_value,官方市级说明披露全市口径限额及年末余额一般、专项拆分，万元按 0.0001 换算为亿元。
SRC-CITY-DEBT-HUBEI-HUANGGANG-2025,黄冈市人民政府,A2,true,地方政府债务限额及余额公开表,https://www.hg.gov.cn/zt/2026nsjyjs/sjzfysjsgk/9381643.html,https://www.hg.gov.cn/zt/2026nsjyjs/sjzfysjsgk/9381643.html,hubei_huanggang_2025.txt,text/plain,2026-01-20,unclassified,0,0,0,,,,registered_no_selected_value,市级预算执行报告明确披露2025年底全市政府债务限额及余额，并列示一般、专项拆分；万元按0.0001换算为亿元。
SRC-OFFICIAL-DEBT-HUBEI-ENSHI-2025,恩施州财政局,A2,true,地方政府债务限额及余额公开表,http://www.enshi.gov.cn/zc/xxgkml/czzj/czyjs2021/zbj/202601/t20260130_1779366.shtml,http://www.enshi.gov.cn/zc/xxgkml/czzj/czyjs2021/zbj/202601/P020260130605628032649.pdf,hubei_enshi_2025_official.txt,text/plain,2026-01-30,unclassified,0,0,0,,,,registered_no_selected_value,官方预算公开附件披露2025年底全州政府债务余额及一般、专项分项；不使用州本级66.46亿元及其分项替代全州口径。
SRC-OFFICIAL-DEBT-HUBEI-SUIZHOU-2025,随州市财政局,A2,true,地方政府债务限额及余额公开表,http://www.suizhou.gov.cn/zwgk/xxgk/czzj/czyjs/2026yjs/szsrmzf/2025nys/202601/t20260129_1403549.shtml,http://www.suizhou.gov.cn/zwgk/xxgk/czzj/czyjs/2026yjs/szsrmzf/2025nys/202601/P020260129622591899912.pdf,hubei_suizhou_2025_official.txt,text/plain,2026-01-29,unclassified,0,0,0,,,,registered_no_selected_value,官方预算公开附件披露2025年全市政府债务余额及一般、专项分项，万元按0.0001换算为亿元；不使用市本级或县市区分项替代全市口径。
SRC-OFFICIAL-DEBT-HAINAN-DANZHOU-2025,儋州市财政局,A2,true,地方政府债务限额及余额公开表,https://www.danzhou.gov.cn/danzhou/rdzt/czyjs/ys/yeln1/202602/t20260212_4028573.html,https://www.danzhou.gov.cn/danzhou/rdzt/czyjs/ys/yeln1/202602/P020260213421930397501.xlsx,hainan_danzhou_2025_official.txt,text/plain,2026-02-12,unclassified,0,0,0,,,,registered_no_selected_value,官方市级预算报告披露截至2025年底全市地方政府债务余额及一般、专项分项；原文将限额表述为预计执行数，余额按全市口径接入。
SRC-CITY-DEBT-ANHUI-HEFEI-2025,评级机构公开报告,B2,true,地方政府债务限额及余额公开表,https://static.sse.com.cn/disclosure/bond/announcement/corporate/c/new/2026-06-26/152715_20260626_MTJ4.pdf,https://static.sse.com.cn/disclosure/bond/announcement/corporate/c/new/2026-06-26/152715_20260626_MTJ4.pdf,anhui_hefei_2025.pdf,application/pdf,2026-06-26,city_year,1,1,1,CN-340100,2025,statutory_debt_balance_100m,accepted,评级跟踪报告引用市级公开资料，仅保存全市总余额，不反推一般、专项分项，待合肥市财政决算附件替换。
SRC-CITY-DEBT-ANHUI-HUAINAN-2025,淮南市财政局,A2,true,地方政府债务限额及余额公开表,https://cz.huainan.gov.cn/group1/M00/2B/2F/rB406mmOynGAFohfAARp0MA4j94698.pdf?attachDownload=1,https://cz.huainan.gov.cn/group1/M00/2B/2F/rB406mmOynGAFohfAARp0MA4j94698.pdf?attachDownload=1,anhui_huainan_2025.pdf,application/pdf,2026-02-01,city_year,1,1,1,CN-340400,2025,statutory_debt_balance_100m,accepted,官方预算公开材料披露全市总余额，未披露可供本次摘录使用的一般、专项分项，不反推分项。
SRC-CITY-DEBT-ANHUI-CHUZHOU-2025,评级机构公开报告,B2,true,地方政府债务限额及余额公开表,https://www.chinamoney.com.cn/dqs/cm-s-notice-query/fileDownLoad.do?contentId=3363358&mode=save&priority=0,https://www.chinamoney.com.cn/dqs/cm-s-notice-query/fileDownLoad.do?contentId=3363358&mode=save&priority=0,anhui_chuzhou_2025.pdf,application/pdf,2026-06-25,unclassified,0,0,0,,,,registered_no_selected_value,评级跟踪报告引用市级公开资料，披露全市总余额及一般、专项余额；未披露限额，本次保留限额为空。
SRC-CITY-DEBT-ANHUI-ANQING-2025,评级机构公开报告,B2,true,地方政府债务限额及余额公开表,https://www.chinamoney.com.cn/dqs/cm-s-notice-query/fileDownLoad.do?contentId=3359176&mode=save&priority=0,https://www.chinamoney.com.cn/dqs/cm-s-notice-query/fileDownLoad.do?contentId=3359176&mode=save&priority=0,anhui_anqing_2025.pdf,application/pdf,2026-06-24,city_year,1,1,1,CN-340800,2025,statutory_debt_balance_100m,accepted,评级跟踪报告引用市级公开资料，仅保存全市总余额，不反推一般、专项分项。
SRC-CITY-DEBT-ANHUI-MAANSHAN-2025,评级机构公开报告,B2,true,地方政府债务限额及余额公开表,https://static.sse.com.cn/disclosure/bond/announcement/corporate/c/new/2026-06-18/270090_20260618_U6IP.pdf,https://static.sse.com.cn/disclosure/bond/announcement/corporate/c/new/2026-06-18/270090_20260618_U6IP.pdf,anhui_maanshan_2025.pdf,application/pdf,2026-06-18,city_year,1,1,1,CN-340500,2025,statutory_debt_balance_100m,accepted,评级跟踪报告引用市级公开资料，仅保存全市总余额，不反推一般、专项分项。
SRC-CITY-DEBT-ANHUI-LUAN-2025,评级机构公开报告,B2,true,地方政府债务限额及余额公开表,https://static.sse.com.cn/disclosure/bond/announcement/corporate/c/new/2026-06-28/184097_20260628_X5LX.pdf,https://static.sse.com.cn/disclosure/bond/announcement/corporate/c/new/2026-06-28/184097_20260628_X5LX.pdf,anhui_luan_2025.pdf,application/pdf,2026-06-28,unclassified,0,0,0,,,,registered_no_selected_value,公开评级报告汇总市级公开材料，披露全市总余额及一般、专项余额；未披露限额，本次保留限额为空，不对缺失限额做推算。
SRC-PROVINCE-DEBT-FUJIAN-2025,福建省财政厅,A1,true,地方政府债务限额及余额公开表,https://czt.fujian.gov.cn/zwgk/tjsj/ndszqk/202602/P020260211401279360319.pdf,https://czt.fujian.gov.cn/zwgk/tjsj/ndszqk/202602/P020260211401279360319.pdf,fujian_2025.pdf,application/pdf,2026-02-11,unclassified,0,0,0,,,,registered_no_selected_value,福建省财政厅官方预算附件列示9个地级市全市口径债务限额及余额；平潭综合实验区为非地级市行政单元，按设计文档不并入地级市主表。
SRC-CITY-DEBT-GUANGDONG-GUANGZHOU-2025,广州市财政局,A1,true,地方政府债务限额及余额公开表,https://www.gz.gov.cn/attachment/7/7970/7970897/10682388.pdf,https://www.gz.gov.cn/attachment/7/7970/7970897/10682388.pdf,guangzhou_2025.pdf,application/pdf,2026-02-06,unclassified,0,0,0,,,,registered_no_selected_value,广州市官方预算公开PDF第114页列示全市口径债务六列，原表单位为万元，按 0.0001 转换为亿元；不采集区级行。
SRC-CITY-DEBT-GUANGDONG-SHENZHEN-2025,深圳市人民政府,A2,true,地方政府债务限额及余额公开表,https://www.sz.gov.cn/zfgb/2026/gb1409/content/post_12737909.html,https://www.sz.gov.cn/zfgb/2026/gb1409/content/post_12737909.html,shenzhen_2025.html,text/plain,2026-02-01,unclassified,0,0,0,,,,registered_no_selected_value,官方预算执行报告披露全市预计执行数及一般、专项余额；总限额在可检索摘录中未以完整年末限额列示，按设计文档保留限额为空，决算公开后替换。
SRC-CITY-DEBT-ANHUI-HUANGSHAN-2025,黄山市人民政府,A2,true,地方政府债务限额及余额公开表,https://www.huangshan.gov.cn/zxzx/zwyw/8418773.html,https://www.huangshan.gov.cn/zxzx/zwyw/8418773.html,anhui_huangshan_2025.html,text/plain,2026-02-01,unclassified,0,0,0,,,,registered_no_selected_value,官方预算执行情况摘要披露全市总余额及一般、专项拆分；总限额未在摘录中直接列示，本次保留限额为空。
SRC-CITY-DEBT-HAINAN-SANYA-2025,三亚市人民代表大会,A2,true,地方政府债务限额及余额公开表,https://rd.sanya.gov.cn/rdsite/c100028d/202602/9f39ba4d9a0e4eb9b30023b5da21915f.shtml,https://rd.sanya.gov.cn/rdsite/c100028d/202602/9f39ba4d9a0e4eb9b30023b5da21915f.shtml,hainan_sanya_2025.html,text/plain,2026-02-01,unclassified,0,0,0,,,,registered_no_selected_value,市人大预算执行报告披露全市法定债务余额及一般、专项拆分；总限额未在摘录中直接列示，本次保留限额为空。
SRC-PROVINCE-DEBT-NINGXIA-2018,宁夏回族自治区财政厅,A1,true,地方政府债务限额及余额公开表,https://czt.nx.gov.cn/zwgk/zfxxgkml/yjsgk/czys/201902/P020220322595463349250.pdf,https://czt.nx.gov.cn/zwgk/zfxxgkml/yjsgk/czys/201902/P020220322595463349250.pdf,ningxia_2018.pdf,application/pdf,2019-02-01,unclassified,0,0,0,,,,registered_no_selected_value,官方附件分别列示全区分地区地方政府一般债务和专项债务限额、余额；本地按五个地级市逐项合并为标准六列，未纳入自治区本级、宁东及县区行，不做估算。
SRC-PROVINCE-DEBT-NINGXIA-2019,宁夏回族自治区财政厅,A1,true,地方政府债务限额及余额公开表,https://czt.nx.gov.cn/zwgk/zfxxgkml/yjsgk/czjs/202008/P020220322595205777081.pdf,https://czt.nx.gov.cn/zwgk/zfxxgkml/yjsgk/czjs/202008/P020220322595205777081.pdf,ningxia_2019.pdf,application/pdf,2020-08-01,unclassified,0,0,0,,,,registered_no_selected_value,官方决算附件列示五个地级市及其县区行；本地仅转录地级市行，排除市县合计、自治区本级、县区和宁东行。
SRC-PROVINCE-DEBT-NINGXIA-2020,宁夏回族自治区财政厅,A1,true,地方政府债务限额及余额公开表,https://czt.nx.gov.cn/zwgk/zfxxgkml/zfyjs/202108/W020211115352441081621.pdf,https://czt.nx.gov.cn/zwgk/zfxxgkml/zfyjs/202108/W020211115352441081621.pdf,ningxia_2020.pdf,application/pdf,2021-08-01,unclassified,0,0,0,,,,registered_no_selected_value,官方决算附件列示五个地级市及其县区行；本地仅转录地级市行，排除市县合计、自治区本级、县区和宁东行。
SRC-PROVINCE-DEBT-NINGXIA-2021,宁夏回族自治区财政厅,A1,true,地方政府债务限额及余额公开表,https://czt.nx.gov.cn/zwgk/zfxxgkml/zfyjs/202208/W020231022599749985450.pdf,https://czt.nx.gov.cn/zwgk/zfxxgkml/zfyjs/202208/W020231022599749985450.pdf,ningxia_2021.pdf,application/pdf,2022-08-01,unclassified,0,0,0,,,,registered_no_selected_value,官方决算附件原表单位为万元，按 0.0001 换算为亿元；本地仅转录五个地级市行，排除市县合计、自治区本级和县区行。
SRC-CITY-DEBT-HUNAN-HENGYANG-2025,衡阳市财政局,A2,true,地方政府债务限额及余额公开表,https://www.hengyang.gov.cn/czj/ztxx/czysjsgk/cxzyhyjsgk/ysjsbg/20260115/i3850020.html,https://www.hengyang.gov.cn/czj/ztxx/czysjsgk/cxzyhyjsgk/ysjsbg/20260115/i3850020.html,hengyang_2025.txt,text/plain,2026-01-15,unclassified,0,0,0,,,,registered_no_selected_value,官方预算执行报告披露全市预计执行数及一般、专项余额；报告附件一般债务表与正文叙述存在 1.89 亿元差异，本次保留正文全市债务摘要口径，待决算定稿后复核。
SRC-CITY-DEBT-GUANGDONG-SHANTOU-2025,汕头市人民代表大会,A2,true,地方政府债务限额及余额公开表,https://rd.shantou.gov.cn/swjdbzhy/wjgg/202602/d8eb76c630924e459f556039f751330f.shtml,https://rd.shantou.gov.cn/swjdbzhy/wjgg/202602/d8eb76c630924e459f556039f751330f.shtml,shantou_2025.txt,text/plain,2026-02-01,unclassified,0,0,0,,,,registered_no_selected_value,官方人大财政经济委员会审查结果报告披露全市年末法定债务余额及一般、专项拆分，未在本次摘录中列示完整年末限额，限额字段保留为空。
SRC-CITY-DEBT-GUANGDONG-SHANWEI-2025,汕尾市财政局,A2,true,地方政府债务限额及余额公开表,https://www.shanwei.gov.cn/shanwei/swzdly/sgjf/czyjs/szfys/2026/content/post_1226558.html,https://www.shanwei.gov.cn/shanwei/swzdly/sgjf/czyjs/szfys/2026/content/post_1226558.html,shanwei_2025.txt,text/plain,2026-02-01,unclassified,0,0,0,,,,registered_no_selected_value,官方预算执行报告披露全市口径债务限额、余额及一般、专项拆分；与市本级数据区分，不采集市本级行。
SRC-CITY-DEBT-GUANGDONG-ZHANJIANG-2025,湛江市财政局,A1,true,地方政府债务限额及余额公开表,https://www.zhanjiang.gov.cn/attachment/0/273/273905/2158113.pdf,https://www.zhanjiang.gov.cn/attachment/0/273/273905/2158113.pdf,zhanjiang_2025.txt,text/plain,2026-02-01,unclassified,0,0,0,,,,registered_no_selected_value,官方预算公开附件第78页列示全市口径六列，原始表单位为万元；采集层原始文本已换算为亿元。
SRC-CITY-DEBT-HUBEI-EZHOU-2025,鄂州市财政局,A1,true,地方政府债务限额及余额公开表,https://www.ezhou.gov.cn/gk/xxgkml/czgk/zfyjs/202602/P020260210596955358993.pdf,https://www.ezhou.gov.cn/gk/xxgkml/czgk/zfyjs/202602/P020260210596955358993.pdf,ezhou_2025.txt,text/plain,2026-02-10,unclassified,0,0,0,,,,registered_no_selected_value,官方预算执行报告第4页披露全市限额、余额及一般/专项拆分；原表单位万元，采集层已换算为亿元。
SRC-CITY-DEBT-LIAONING-CHAOYANG-2025,朝阳市财政局,A1,true,地方政府债务限额及余额公开表,https://files.chaoyang.gov.cn/files/ueditor/CYCZJ/jsp/upload/file/20260121/1768985042690094808.pdf,https://files.chaoyang.gov.cn/files/ueditor/CYCZJ/jsp/upload/file/20260121/1768985042690094808.pdf,chaoyang_2025.txt,text/plain,2026-01-21,unclassified,0,0,0,,,,registered_no_selected_value,官方预算执行报告第64表列示全市合计及市本级、县区分项；原表单位万元，采集层已换算为亿元，保留全市合计行。
SRC-SECONDARY-DEBT-HUNAN-ZHUZHOU-2025,联合资信公开评级跟踪报告,B2,true,二手公开城市债务图表,https://www.chinamoney.com.cn/dqs/cm-s-notice-query/fileDownLoad.do?contentId=3361492&mode=save&priority=0,https://www.chinamoney.com.cn/dqs/cm-s-notice-query/fileDownLoad.do?contentId=3361492&mode=save&priority=0,zhuzhou_2025.txt,text/plain,2026-06-29,unclassified,0,0,0,,,,registered_no_selected_value,评级跟踪报告引用湖南省预算执行公开数据，披露全市总余额及一般/专项余额；未披露限额，待株洲市正式决算附件替换。
SRC-SECONDARY-DEBT-GUANGDONG-ZHUHAI-2025,公开评级报告,B2,true,二手公开城市债务图表,https://static.sse.com.cn/disclosure/bond/announcement/company/c/new/2026-06-18/115526_20260618_0SAP.pdf,https://static.sse.com.cn/disclosure/bond/announcement/company/c/new/2026-06-18/115526_20260618_0SAP.pdf,zhuhai_2025.txt,text/plain,2026-06-18,unclassified,0,0,0,,,,registered_no_selected_value,评级报告引用珠海市公开财政资料，披露全市总余额及一般/专项余额；未披露限额，待珠海市正式决算附件替换。
SRC-SECONDARY-DEBT-GUANGDONG-FOSHAN-2025,联合资信公开评级报告,B2,true,二手公开城市债务图表,https://www.chinamoney.com.cn/dqs/cm-s-notice-query/fileDownLoad.do?contentId=3295435&mode=save&priority=0,https://www.chinamoney.com.cn/dqs/cm-s-notice-query/fileDownLoad.do?contentId=3295435&mode=save&priority=0,foshan_2025.txt,text/plain,2026-04-01,unclassified,0,0,0,,,,registered_no_selected_value,评级报告引用佛山市公开财政资料，披露全市总余额及一般/专项余额；未披露限额，待佛山市正式决算附件替换。
SRC-CITY-DEBT-GUANGDONG-DONGGUAN-2025,东莞市人民代表大会,A2,true,地方政府债务限额及余额公开表,https://dgrd.dg.gov.cn/dgrd/ggtz/202602/216e224d9fcb4f1eb95d5680d9264b5d.shtml,https://dgrd.dg.gov.cn/dgrd/ggtz/202602/216e224d9fcb4f1eb95d5680d9264b5d.shtml,dongguan_2025.txt,text/plain,2026-02-01,unclassified,0,0,0,,,,registered_no_selected_value,官方市级预算执行报告披露全市地方政府债务余额及一般/专项拆分，未在本次摘录中列示完整限额，限额字段保留为空。
SRC-CITY-DEBT-GUANGDONG-HEYUAN-2025,河源市财政局,A1,true,地方政府债务限额及余额公开表,https://www.heyuan.gov.cn/attachment/0/112/112736/691913.pdf,https://www.heyuan.gov.cn/attachment/0/112/112736/691913.pdf,heyuan_2025.pdf,application/pdf,2026-02-01,unclassified,0,0,0,,,,registered_no_selected_value,官方市级预算公开附件表22列示全市口径限额、余额及一般/专项拆分；原表单位为万元，按 0.0001 换算为亿元。
SRC-CITY-DEBT-SICHUAN-YAAN-2025,雅安市人民政府,A2,true,地方政府债务限额及余额公开表,https://www.yaan.gov.cn/xinwen/show/511f3181-a603-469c-b00c-dd2e2370f460.html,https://www.yaan.gov.cn/xinwen/show/511f3181-a603-469c-b00c-dd2e2370f460.html,yaan_2025.txt,text/plain,2026-01-21,city_year,1,1,1,CN-511800,2025,statutory_debt_balance_100m,accepted,官方预算执行报告披露全市2025年末债务余额及一般/专项限额、余额，但本次先接入总余额；原表单位为万元，按 0.0001 换算为亿元，待分项表归档后补齐。
SRC-CITY-DEBT-ZHEJIANG-HANGZHOU-2025,杭州日报,A2,true,地方政府债务限额及余额公开表,https://mdaily.hangzhou.com.cn/hzrb/2026/02/05/article_detail_1_20260205A033.html,https://mdaily.hangzhou.com.cn/hzrb/2026/02/05/article_detail_1_20260205A033.html,hangzhou_2025.txt,text/plain,2026-02-05,city_year,1,1,1,CN-330100,2025,statutory_debt_balance_100m,accepted,公开报告摘要披露截至2025年末全市地方政府债务余额5089.8亿元，未披露可供本次摘录使用的一般/专项分项，不反推分项。
SRC-CITY-DEBT-JIANGSU-SUZHOU-2025,苏州市人民政府,A1,true,地方政府债务限额及余额公开表,https://www.suzhou.gov.cn/szsrmzf/czyjsbg/202603/57f2227cdfff4bef8a8c37ee8580add5.shtml,https://www.suzhou.gov.cn/szsrmzf/czyjsbg/202603/57f2227cdfff4bef8a8c37ee8580add5.shtml,suzhou_2025.txt,text/plain,2026-03-01,city_year,1,1,1,CN-320500,2025,statutory_debt_balance_100m,accepted,官方市级预算报告披露截至2025年末政府债务余额4445.6亿元，未披露可供本次摘录使用的一般/专项分项，不反推分项。
SRC-CITY-DEBT-SHANGHAI-2025,上海市财政局,A1,true,地方政府债务限额及余额公开表,https://www.shanghai.gov.cn/nw12338/20260515/a97f758537314ce7b2c0e26614e179f6.html,https://www.shanghai.gov.cn/nw12338/20260515/a97f758537314ce7b2c0e26614e179f6.html,shanghai_2025.txt,text/plain,2026-05-15,city_year,1,1,1,CN-310000,2025,statutory_debt_balance_100m,accepted,官方市级预算报告披露截至2025年底本市政府债务余额10420.1亿元，未披露可供本次摘录使用的一般/专项分项，不反推分项。
SRC-CITY-DEBT-JIANGSU-NANJING-2025,南京市财政局,A1,true,地方政府债务限额及余额公开表,https://czj.nanjing.gov.cn/njsczj/202603/P020260402444824555494.pdf,https://czj.nanjing.gov.cn/njsczj/202603/P020260402444824555494.pdf,nanjing_2025.pdf,application/pdf,2026-04-02,unclassified,0,0,0,,,,registered_no_selected_value,官方预算草案说明第1页列示全市2025年末债务限额、余额及一般/专项拆分；专项限额按表中总限额与一般限额的公开值列示为3293.93亿元。
SRC-CITY-DEBT-NINGXIA-YINCHUAN-2025,银川市财政局,A1,true,地方政府债务限额及余额公开表,https://www.yinchuan.gov.cn/xxgk/bmxxgkml/sczj/xxgkml_2101/czyjsjsgjf_2119/zfys/202602/t20260212_5171239.html,https://www.yinchuan.gov.cn/xxgk/bmxxgkml/sczj/xxgkml_2101/czyjsjsgjf_2119/zfys/202602/t20260212_5171239.html,yinchuan_2025.pdf,application/pdf,2026-02-12,unclassified,0,0,0,,,,registered_no_selected_value,官方预算公开附件表24列示全市六列数据，原表单位为万元，按 0.0001 换算为亿元；全市行已规范转录为银川市行。
SRC-CITY-DEBT-NINGXIA-SHIZUISHAN-2025,石嘴山市财政局,A1,true,地方政府债务限额及余额公开表,https://www.shizuishan.gov.cn/zwgk/zfxxgkml/czyjsgk/zfys/2026df/202601/P020260206403630063012.pdf,https://www.shizuishan.gov.cn/zwgk/zfxxgkml/czyjsgk/zfys/2026df/202601/P020260206403630063012.pdf,shizuishan_2025.pdf,application/pdf,2026-01-29,unclassified,0,0,0,,,,registered_no_selected_value,官方预算公开表列示全市六列数据，原表单位为万元，按 0.0001 换算为亿元；全市行已规范转录为石嘴山市行。
SRC-CITY-DEBT-NINGXIA-GUYUAN-2025,固原市财政局,A1,true,地方政府债务限额及余额公开表,https://www.nxgy.gov.cn/zwgk/zfxxgkml/czgk/czyjsjsgjf/202602/t20260212_5172086.html,https://www.nxgy.gov.cn/zwgk/zfxxgkml/czgk/czyjsjsgjf/202602/t20260212_5172086.html,guyuan_2025_city.txt,text/plain,2026-02-12,unclassified,0,0,0,,,,registered_no_selected_value,官方2026年预算报告明确披露全市法定债务年初余额327.21亿元；因其对应2026年年初，按时间口径接入为2025年末余额，并使用同期公开表中的一般/专项余额分项，不填2025年限额。
SRC-CITY-DEBT-NINGXIA-ZHONGWEI-2025,中卫市财政局,A1,true,地方政府债务限额及余额公开表,https://www.nxzw.gov.cn/zwgk/bmxxgkml/sczj/fdzdgknr_49463/ysjsxx_49468/zfys/202602/P020260323561503366266.pdf,https://www.nxzw.gov.cn/zwgk/bmxxgkml/sczj/fdzdgknr_49463/ysjsxx_49468/zfys/202602/P020260323561503366266.pdf,zhongwei_2025.pdf,application/pdf,2026-02-12,city_year,1,1,1,CN-640500,2025,statutory_debt_balance_100m,accepted,官方预算报告披露2025年末全市限额内政府性债务余额266.63亿元，未披露可供本次摘录使用的一般/专项分项，不反推分项。
SRC-CITY-DEBT-NINGXIA-WUZHONG-2025,吴忠市财政局,A1,true,地方政府债务限额及余额公开表,https://www.wuzhong.gov.cn/xxgk/zfxxgkml/yjsgkqk/zfys/2026n/202602/P020260204632187152760.pdf,https://www.wuzhong.gov.cn/xxgk/zfxxgkml/yjsgkqk/zfys/2026n/202602/P020260204632187152760.pdf,wuzhong_2025.pdf,application/pdf,2026-02-04,unclassified,0,0,0,,,,registered_no_selected_value,官方预算公开附件第169页列示全市六列数据，原表单位为万元，按 0.0001 换算为亿元；全市行即吴忠市行。
SRC-CITY-DEBT-SHANXI-CHANGZHI-2025,长治市财政局,A1,true,地方政府债务限额及余额公开表,https://www.changzhi.gov.cn/xxgkml/zfxxgkml/szfgzbm/sczj/czsrmzf/czyjs_522/2026/202601/P020260122388193442361.pdf,https://www.changzhi.gov.cn/xxgkml/zfxxgkml/szfgzbm/sczj/czsrmzf/czyjs_522/2026/202601/P020260122388193442361.pdf,changzhi_2025_city.txt,text/plain,2026-01-22,unclassified,0,0,0,,,,registered_no_selected_value,官方预算公开说明披露截至2025年底全市债务余额、限额及一般/专项拆分，三项余额与限额均为565.89、231.39、334.50亿元。
SRC-CITY-DEBT-HUNAN-YUEYANG-2025,岳阳市财政局,A1,true,地方政府债务限额及余额公开表,https://www.yueyang.gov.cn/uploadfiles/202601/2026012609340543556.pdf,https://www.yueyang.gov.cn/uploadfiles/202601/2026012609340543556.pdf,yueyang_2025.txt,text/plain,2026-01-26,city_year,1,1,1,CN-430600,2025,statutory_debt_balance_100m,accepted,官方市级预算报告披露截至2025年底全市地方政府债务余额1580.16亿元，未披露可供本次摘录使用的一般/专项分项，不反推分项。
SRC-SECONDARY-DEBT-HUNAN-YIYANG-2025,公开评级机构报告,B2,true,二手公开城市债务图表,https://static.sse.com.cn/disclosure/bond/announcement/corporate/c/new/2026-06-22/184184_20260622_VFK1.pdf,https://static.sse.com.cn/disclosure/bond/announcement/corporate/c/new/2026-06-22/184184_20260622_VFK1.pdf,yiyang_2025.txt,text/plain,2026-06-22,unclassified,0,0,0,,,,registered_no_selected_value,公开评级跟踪报告引用益阳市预算执行公开资料，披露2025年末全市总余额及一般/专项拆分；未披露限额，本次限额字段保留为空，待市级正式决算附件替换。
SRC-CITY-DEBT-JIANGXI-JINGDEZHEN-2025,江西日报/江西新闻网,B2,true,地方政府债务限额及余额公开表,https://tt.jxnews.com.cn/papers/24/10627547,https://tt.jxnews.com.cn/papers/24/10627547,jingdezhen_2025.txt,text/plain,2026-01-27,unclassified,0,0,0,,,,registered_no_selected_value,公开的市级预算报告全文披露全市六列数据；来源为省级媒体刊载的政府预算报告，待景德镇市财政局正式附件归档后替换。
SRC-SECONDARY-DEBT-JIANGXI-SHANGRAO-2025,同花顺7x24快讯（转述上饶市预算报告）,B2,true,二手公开城市债务图表,https://news.10jqka.com.cn/20260224/c674857977.shtml,https://news.10jqka.com.cn/20260224/c674857977.shtml,shangrao_2025.txt,text/plain,2026-02-24,city_year,1,1,1,CN-361100,2025,statutory_debt_balance_100m,accepted,二手材料明确转述上饶市预算报告的全市限额与余额，仅接入全市余额1819.01亿元；一般/专项分项未披露，不反推。
SRC-CITY-DEBT-TIANJIN-2025,天津市财政局,A1,true,地方政府债务限额及余额公开表,https://cz.tj.gov.cn/zwgk_53713/yjsgktypt/ysgk/2026zfys/202602/t20260213_7246728.html,https://cz.tj.gov.cn/zwgk_53713/yjsgktypt/ysgk/2026zfys/202602/t20260213_7246728.html,tianjin_2025.txt,text/plain,2026-02-13,city_year,1,1,1,CN-120000,2025,statutory_debt_balance_100m,accepted,官方预算报告披露全市年末地方政府债务余额15099.4亿元，市级与区级余额分别列示；本次仅接入全市余额，未从总额反推一般/专项分项。
SRC-CITY-DEBT-TIBET-ALI-2025,阿里地区财政局,A1,true,地方政府债务限额及余额公开表,https://cz.al.gov.cn/info/2503/25342.htm,https://cz.al.gov.cn/info/2503/25342.htm,ali_2025.txt,text/plain,2026-02-01,unclassified,0,0,0,,,,registered_no_selected_value,官方债务信息公开页面披露2025年余额563311.02万元，其中一般债务326878.11万元、专项债务236432.91万元；页面未披露同期限额。
SRC-PROVINCE-DEBT-HUNAN-2025-DETAILED,湖南省财政厅,A1,true,地方政府债务限额及余额公开表,https://czt.hunan.gov.cn/czt/xxgk/czyjsgk/czyjs/202602/t20260226_33922264.html,https://czt.hunan.gov.cn/czt/xxgk/czyjsgk/czyjs/202602/t20260226_33922264.html,hunan_2025_budget.pdf,application/pdf,2026-02-26,unclassified,0,0,0,,,,registered_no_selected_value,官方省级预算报告表23逐行列示市州全域数据；本地转录仅保留地级市/自治州行，排除市县本级、区县和小计行。
SRC-CITY-DEBT-JIANGSU-NANJING-2025-FINAL,南京市财政局,A1,true,地方政府债务限额及余额公开表,https://czj.nanjing.gov.cn/njsczj/202603/P020260402444824555494.pdf,https://czj.nanjing.gov.cn/njsczj/202603/P020260402444824555494.pdf,nanjing_2025_final.pdf,application/pdf,2026-03-04,unclassified,0,0,0,,,,registered_no_selected_value,官方预算草案说明列示2025年末全市政府债务限额、一般/专项限额及余额。
SRC-CITY-DEBT-JIANGSU-SUZHOU-2025-FINAL,苏州市人民政府,A1,true,地方政府债务限额及余额公开表,https://www.suzhou.gov.cn/szsrmzf/czyjsbg/202603/57f2227cdfff4bef8a8c37ee8580add5.shtml,https://www.suzhou.gov.cn/szsrmzf/czyjsbg/202603/57f2227cdfff4bef8a8c37ee8580add5.shtml,suzhou_2025_final.pdf,application/pdf,2026-03-11,unclassified,0,0,0,,,,registered_no_selected_value,官方市级预算报告披露全市总余额4445.6亿元，未披露本次可直接使用的一般/专项拆分，限额字段保留为空。
SRC-CITY-DEBT-JIANGSU-NANTONG-2025-FINAL,南通市人民政府,A1,true,地方政府债务限额及余额公开表,https://www.nantong.gov.cn/ntsrmzf/upload/be8b478a-230d-4edc-b0b1-bf8c71a8379e.pdf,https://www.nantong.gov.cn/ntsrmzf/upload/be8b478a-230d-4edc-b0b1-bf8c71a8379e.pdf,nantong_2025_final.pdf,application/pdf,,unclassified,0,0,0,,,,registered_no_selected_value,市级预算公开附件分别列示一般/专项限额和余额；合计为两项公开数相加，未采用反推。
SRC-SECONDARY-DEBT-JIANGSU-WUXI-2025,上海证券交易所披露平台文件,B2,true,二手公开城市债务图表,https://static.sse.com.cn/disclosure/bond/announcement/company/c/new/2026-06-18/137573_20260618_4A4G.pdf,https://static.sse.com.cn/disclosure/bond/announcement/company/c/new/2026-06-18/137573_20260618_4A4G.pdf,wuxi_2025_final.pdf,application/pdf,2026-06-18,unclassified,0,0,0,,,,registered_no_selected_value,交易所披露的发行人/评级材料列示全市总额和一般、专项余额，未披露同期限额；本次不反推限额。
SRC-SECONDARY-DEBT-SICHUAN-TOP6-2025,四川省财政厅/上海证券交易所披露平台,B2,true,二手公开城市债务图表,https://static.sse.com.cn/disclosure/bond/announcement/local/c/new/2026-03-24/0000_20260324_QSGA.pdf,https://static.sse.com.cn/disclosure/bond/announcement/local/c/new/2026-03-24/0000_20260324_QSGA.pdf,sichuan_2025_secondary_top6.pdf,application/pdf,2026-03-24,multicity_batch,6,1,6,CN-510100;CN-510500;CN-510700;CN-511300;CN-511500;CN-511700,2025,statutory_debt_balance_100m,accepted,政府债券发行信息披露文件引用四川省预算执行情况及相关表格，明确列示六个重点市2025年末债务余额；未披露本批城市的一般/专项拆分和限额，本次仅接入总余额。
SRC-CITY-DEBT-YUNNAN-BAOSHAN-2025,保山市财政局,A1,true,地方政府债务限额及余额公开表,https://www.baoshan.gov.cn/virtual_attach_file.vsb?afc=nM77SiU49ZMzW2Mzm74nNM7nRGsL4MlRLlLbnmV2oRGsM490gihFp2hmCIa0LYy4nky4nkh2L7W2U47DL4UiLz9sM7-4UzLaozfkn7-8L8nFoRLDUl-4MRWFM4-bM7UJv2nto40N0bsTOpdTJ--YLR-ibpt8bQYabXqbEgS1bXSBEqH7bEE5bwtjEH2LbwoVbCqibQHLLmGYMJIbxoIvOoqIJ_18wJql03t1Ao_JT33y1o1M1_qA1o3y1_3y1oIVKoIy9o_W1o3y1SbaQ2CeoDW4vsWx_tQxqd6ELmGYL1hXptQ0g4UDL4-0LzG4L4UaMzUJqdrnx,https://www.baoshan.gov.cn/virtual_attach_file.vsb?afc=nM77SiU49ZMzW2Mzm74nNM7nRGsL4MlRLlLbnmV2oRGsM490gihFp2hmCIa0LYy4nky4nkh2L7W2U47DL4UiLz9sM7-4UzLaozfkn7-8L8nFoRLDUl-4MRWFM4-bM7UJv2nto40N0bsTOpdTJ--YLR-ibpt8bQYabXqbEgS1bXSBEqH7bEE5bwtjEH2LbwoVbCqibQHLLmGYMJIbxoIvOoqIJ_18wJql03t1Ao_JT33y1o1M1_qA1o3y1_3y1oIVKoIy9o_W1o3y1SbaQ2CeoDW4vsWx_tQxqd6ELmGYL1hXptQ0g4UDL4-0LzG4L4UaMzUJqdrnx,baoshan_2025.pdf,application/pdf,2026-02-05,unclassified,0,0,0,,,,registered_no_selected_value,官方预算公开表披露保山市合计2025年末债务余额990.77亿元，其中一般债务298.37亿元、专项债务692.41亿元；该表注明2025年限额尚待省财政厅下达，限额字段保留为空。
SRC-CITY-DEBT-TIBET-CHANGDU-2025,昌都市财政局,A1,true,地方政府债务限额及余额公开表,https://czj.changdu.gov.cn/cdsczj/c102357/202601/83ed74f824df49cca5f123244a50e4b5.shtml,https://czj.changdu.gov.cn/cdsczj/c102357/202601/83ed74f824df49cca5f123244a50e4b5.shtml,changdu_2025.pdf,application/pdf,2026-01-27,unclassified,0,0,0,,,,registered_no_selected_value,官方市级预算报告披露全市口径总额、一般、专项限额及余额，原表单位为万元，统一转换为亿元。
SRC-CITY-DEBT-GUANGXI-FANGCHENGGANG-2025,防城港市财政局,A1,true,地方政府债务限额及余额公开表,https://www.fcgs.gov.cn/zfxxgk/zdlyxxgk/czzj/szfys/zfys2026/P020260303601123245736.pdf,https://www.fcgs.gov.cn/zfxxgk/zdlyxxgk/czzj/szfys/zfys2026/P020260303601123245736.pdf,fangchenggang_2025.pdf,application/pdf,2026-03-03,unclassified,0,0,0,,,,registered_no_selected_value,官方市级预算公开表列示全市政府债务限额及余额的总额、一般、专项六项数值，原表单位为万元，统一转换为亿元。
SRC-PROVINCE-DEBT-FUJIAN-2025-DETAILED,福建省财政厅,A1,true,地方政府债务限额及余额公开表,https://czt.fujian.gov.cn/zwgk/tjsj/ndszqk/202602/P020260211401279360319.pdf,https://czt.fujian.gov.cn/zwgk/tjsj/ndszqk/202602/P020260211401279360319.pdf,fujian_2025_detailed.pdf,application/pdf,2026-02-11,unclassified,0,0,0,,,,registered_no_selected_value,福建省财政厅官方预算附表逐行列示2025年各地市债务限额及余额；本地保留九个地级市和厦门市，排除省本级、平潭综合实验区等非目标行。
SRC-SECONDARY-DEBT-JILIN-CHANGCHUN-2025,东方金诚国际信用评估有限公司,B2,true,二手公开城市债务图表,https://www.dfratings.com/uploads/files/2026/0622/cUTWum2GBNICBatCbWVUctfR8LiRoDdRts1xs8ix.pdf,https://www.dfratings.com/uploads/files/2026/0622/cUTWum2GBNICBatCbWVUctfR8LiRoDdRts1xs8ix.pdf,changchun_2025_rating.txt,text/plain,2026-06-22,unclassified,0,0,0,,,,registered_no_selected_value,交易所/评级公开材料明确披露长春市全市法定政府债务余额；未披露本次可直接使用的限额和一般/专项拆分，因此仅接入总余额。
SRC-SECONDARY-DEBT-JILIN-JILIN-2025,东方金诚国际信用评估有限公司,B2,true,二手公开城市债务图表,https://static.sse.com.cn/disclosure/bond/announcement/corporate/c/new/2026-06-18/152793_20260618_P679.pdf,https://static.sse.com.cn/disclosure/bond/announcement/corporate/c/new/2026-06-18/152793_20260618_P679.pdf,jilin_city_2025_rating.txt,text/plain,2026-06-18,unclassified,0,0,0,,,,registered_no_selected_value,交易所/评级公开材料明确披露吉林市全市法定政府债务余额；限额和一般/专项拆分未在本条材料中完整列示，因此仅接入总余额。
SRC-SECONDARY-DEBT-JIANGXI-NANCHANG-2025,东方金诚国际信用评估有限公司,B2,true,二手公开城市债务图表,https://static.sse.com.cn/disclosure/bond/announcement/company/c/new/2026-06-18/152449_20260618_RW7K.pdf,https://static.sse.com.cn/disclosure/bond/announcement/company/c/new/2026-06-18/152449_20260618_RW7K.pdf,nanchang_2025_rating.txt,text/plain,2026-06-18,city_year,1,1,1,CN-360100,2025,statutory_debt_balance_100m,accepted,交易所/评级公开材料列示南昌市全市地方政府债务余额2200.07亿元；未完整披露本次可直接使用的限额和分项，因此仅接入总余额。
SRC-CITY-DEBT-YUNNAN-DALI-2025,大理白族自治州财政局,A1,true,地方政府债务限额及余额公开表,https://www.dali.gov.cn/dlzrmzf/xxgkml/c106264/pc/content/2026957153552601088/content_2026957153552601088.html,https://www.dali.gov.cn/dlzrmzf/xxgkml/c106264/pc/content/2026957153552601088/content_2026957153552601088.html,dali_2025.txt,text/plain,2026-02-26,unclassified,0,0,0,,,,registered_no_selected_value,官方州级预算报告披露全州政府债务余额及一般/专项余额，原表单位为万元，统一转换为亿元；限额总额虽公开但未在本条标准三列中接入。
SRC-CITY-DEBT-YUNNAN-HONGHE-2025,红河哈尼族彝族自治州财政局,A1,true,地方政府债务限额及余额公开表,https://www.hh.gov.cn/info/11351/1241182.htm,https://www.hh.gov.cn/info/11351/1241182.htm,honghe_2025.txt,text/plain,2026-02-12,unclassified,0,0,0,,,,registered_no_selected_value,官方州级预算公开说明分别披露全州一般、专项债务限额及余额，按全州口径接入六项标准字段。
SRC-CITY-DEBT-YUNNAN-DIQING-2025,迪庆藏族自治州财政局,A1,true,地方政府债务限额及余额公开表,https://www.diqing.gov.cn/zfxxgk_dqzzf/fdzdgknr/caizhengxinxigongkaizhuanlan/zhengfuyujuesuan/202602/20260204_237925.html,https://www.diqing.gov.cn/zfxxgk_dqzzf/fdzdgknr/caizhengxinxigongkaizhuanlan/zhengfuyujuesuan/202602/20260204_237925.html,diqing_2025.txt,text/plain,2026-02-04,unclassified,0,0,0,,,,registered_no_selected_value,官方州级预算报告及债务表披露全州总额、一般、专项限额及余额，原表单位为万元，统一转换为亿元。
SRC-SECONDARY-DEBT-JIANGSU-XUZHOU-2025,中诚信国际信用评级有限责任公司,B2,true,二手公开城市债务图表,https://www.chinamoney.com.cn/dqs/cm-s-notice-query/fileDownLoad.do?contentId=3363529&mode=save&priority=0,https://www.chinamoney.com.cn/dqs/cm-s-notice-query/fileDownLoad.do?contentId=3363529&mode=save&priority=0,xuzhou_2025_rating.txt,text/plain,2026-06-18,city_year,1,1,1,CN-320300,2025,statutory_debt_balance_100m,accepted,公开评级材料明确披露徐州市2025年末地方政府债务余额2072.90亿元；限额和一般/专项拆分未在本条材料中完整列示，因此仅接入总余额。
SRC-SECONDARY-DEBT-GUANGXI-LIUZHOU-2025,联合资信评估股份有限公司,B2,true,二手公开城市债务图表,https://static.sse.com.cn/disclosure/bond/announcement/company/c/new/2026-06-26/185342_20260626_C5O4.pdf,https://static.sse.com.cn/disclosure/bond/announcement/company/c/new/2026-06-26/185342_20260626_C5O4.pdf,liuzhou_2025_rating.txt,text/plain,2026-06-26,city_year,1,1,1,CN-450200,2025,statutory_debt_balance_100m,accepted,上海证券交易所公开评级材料明确披露柳州市2025年末政府债务余额1157.33亿元；限额和一般/专项拆分未在本条材料中完整列示，因此仅接入总余额。
SRC-SECONDARY-DEBT-GUANGXI-GUIGANG-2025,中诚信国际信用评级有限责任公司,B2,true,二手公开城市债务图表,https://www.chinamoney.com.cn/dqs/cm-s-notice-query/fileDownLoad.do?contentId=3362370&mode=save&priority=0,https://www.chinamoney.com.cn/dqs/cm-s-notice-query/fileDownLoad.do?contentId=3362370&mode=save&priority=0,guigang_2025_rating.txt,text/plain,2026-06-26,city_year,1,1,1,CN-450800,2025,statutory_debt_balance_100m,accepted,中国货币网公开评级材料明确披露贵港市2025年末政府债务余额608.25亿元；限额和一般/专项拆分未在本条材料中完整列示，因此仅接入总余额。
SRC-CITY-DEBT-HUBEI-WUHAN-2025,武汉市财政局,A1,true,地方政府债务限额及余额公开表,https://czj.wuhan.gov.cn/FBJD/XXGKML/CZGK/CZYJS/202601/P020260126617747300599.pdf,https://czj.wuhan.gov.cn/FBJD/XXGKML/CZGK/CZYJS/202601/P020260126617747300599.pdf,wuhan_2025_detailed.txt,text/plain,2026-01-26,unclassified,0,0,0,,,,registered_no_selected_value,武汉市财政局官方预算公开分别披露全市政府债务、一般债务和专项债务限额及余额，本条按三张官方表的全市行接入六项标准字段，原表单位为万元，统一转换为亿元。
SRC-SECONDARY-DEBT-HUBEI-YICHANG-2025,中诚信国际信用评级有限责任公司,B2,true,二手公开城市债务图表,https://static.sse.com.cn/disclosure/bond/announcement/corporate/c/new/2026-06-24/184124_20260624_1PFG.pdf,https://static.sse.com.cn/disclosure/bond/announcement/corporate/c/new/2026-06-24/184124_20260624_1PFG.pdf,yichang_2025_rating.txt,text/plain,2026-06-24,city_year,1,1,1,CN-420500,2025,statutory_debt_balance_100m,accepted,上海证券交易所公开评级材料明确披露宜昌市2025年末政府债务余额1471亿元；限额和一般/专项拆分未在本条材料中完整列示，因此仅接入总余额。
SRC-SECONDARY-DEBT-ANHUI-WUHU-2025,中诚信国际信用评级有限责任公司,B2,true,二手公开城市债务图表,https://www.chinamoney.com.cn/dqs/cm-s-notice-query/fileDownLoad.do?contentId=3353987&mode=save&priority=0,https://www.chinamoney.com.cn/dqs/cm-s-notice-query/fileDownLoad.do?contentId=3353987&mode=save&priority=0,wuhu_2025_rating.txt,text/plain,2026-06-01,city_year,1,1,1,CN-340200,2025,statutory_debt_balance_100m,accepted,公开评级材料明确披露芜湖市2025年末地方政府债务余额1710.90亿元；本条材料未完整列示限额和一般/专项拆分，因此仅接入总余额。
SRC-SECONDARY-DEBT-ANHUI-BENGBU-2025,东方金诚国际信用评估有限公司,B2,true,二手公开城市债务图表,https://www.chinamoney.com.cn/dqs/cm-s-notice-query/fileDownLoad.do?contentId=3363365&mode=save&priority=0,https://www.chinamoney.com.cn/dqs/cm-s-notice-query/fileDownLoad.do?contentId=3363365&mode=save&priority=0,bengbu_2025_rating.txt,text/plain,2026-06-22,city_year,1,1,1,CN-340300,2025,statutory_debt_balance_100m,accepted,公开评级材料明确披露蚌埠市2025年末地方政府债务余额1049.13亿元；本条材料未完整列示限额和一般/专项拆分，因此仅接入总余额。
SRC-SECONDARY-DEBT-ANHUI-TONGLING-2025,东方金诚国际信用评估有限公司,B2,true,二手公开城市债务图表,https://www.dfratings.com/uploads/files/2026/0626/csKCtSeyGvgi417LOiat4fef10W3l1hqfpE6HAdq.pdf,https://www.dfratings.com/uploads/files/2026/0626/csKCtSeyGvgi417LOiat4fef10W3l1hqfpE6HAdq.pdf,tongling_2025_rating.txt,text/plain,2026-06-26,city_year,1,1,1,CN-340700,2025,statutory_debt_balance_100m,accepted,公开评级材料明确披露铜陵市2025年末地方政府债务余额576.02亿元；本条材料未完整列示限额和一般/专项拆分，因此仅接入总余额。
SRC-SECONDARY-DEBT-ANHUI-FUYANG-2025,中诚信国际信用评级有限责任公司,B2,true,二手公开城市债务图表,https://www.chinamoney.com.cn/dqs/cm-s-notice-query/fileDownLoad.do?contentId=3367479&mode=save&priority=0,https://www.chinamoney.com.cn/dqs/cm-s-notice-query/fileDownLoad.do?contentId=3367479&mode=save&priority=0,fuyang_2025_rating.txt,text/plain,2026-06-29,city_year,1,1,1,CN-341200,2025,statutory_debt_balance_100m,accepted,公开评级材料明确披露阜阳市2025年末地方政府债务余额2052.83亿元；本条材料未完整列示限额和一般/专项拆分，因此仅接入总余额。
SRC-SECONDARY-DEBT-ANHUI-SUZHOU-2025,东方金诚国际信用评估有限公司,B2,true,二手公开城市债务图表,https://static.sse.com.cn/disclosure/bond/announcement/corporate/c/new/2026-06-22/270051_20260622_0OUB.pdf,https://static.sse.com.cn/disclosure/bond/announcement/corporate/c/new/2026-06-22/270051_20260622_0OUB.pdf,suzhou_anhui_2025_rating.txt,text/plain,2026-06-22,city_year,1,1,1,CN-341300,2025,statutory_debt_balance_100m,accepted,公开评级材料明确披露宿州市2025年末地方政府债务余额1111.22亿元；本条材料未完整列示限额和一般/专项拆分，因此仅接入总余额。
SRC-SECONDARY-DEBT-ANHUI-CHIZHOU-2025,东方金诚国际信用评估有限公司,B2,true,二手公开城市债务图表,https://www.dfratings.com/uploads/files/2026/0629/itX3d0tuLzaTYVQEjdr70TIgWVlQQNefgfJXynV0.pdf,https://www.dfratings.com/uploads/files/2026/0629/itX3d0tuLzaTYVQEjdr70TIgWVlQQNefgfJXynV0.pdf,chizhou_2025_rating.txt,text/plain,2026-06-29,city_year,1,1,1,CN-341700,2025,statutory_debt_balance_100m,accepted,公开评级材料明确披露池州市2025年末地方政府债务余额500.19亿元；本条材料未完整列示限额和一般/专项拆分，因此仅接入总余额。
SRC-CITY-DEBT-ANHUI-XUANCHENG-2025,宣城市财政局,A1,true,地方政府债务限额及余额公开表,https://tyjr.xuancheng.gov.cn/file_xc/20/202602/20260206a37c3db21a3a448a91fb29d6117c45f5.pdf,https://tyjr.xuancheng.gov.cn/file_xc/20/202602/20260206a37c3db21a3a448a91fb29d6117c45f5.pdf,xuancheng_2025_official.txt,text/plain,2026-02-06,city_year,1,1,1,CN-341800,2025,statutory_debt_balance_100m,accepted,宣城市财政预算报告披露全市2025年末地方政府债务余额921.5亿元；本条摘录未完整列示限额和一般/专项拆分，因此仅接入总余额。
SRC-SECONDARY-DEBT-SHAANXI-XIAN-2025,中诚信国际信用评级有限责任公司,B2,true,二手公开城市债务图表,https://www.chinamoney.com.cn/dqs/cm-s-notice-query/fileDownLoad.do?contentId=3350330&mode=save&priority=0,https://www.chinamoney.com.cn/dqs/cm-s-notice-query/fileDownLoad.do?contentId=3350330&mode=save&priority=0,xian_2025_rating.txt,text/plain,2026-06-01,city_year,1,1,1,CN-610100,2025,statutory_debt_balance_100m,accepted,公开评级材料明确披露西安市2025年末地方政府债务余额5363.14亿元；本条材料未完整列示限额和一般/专项拆分，因此仅接入总余额。
SRC-SECONDARY-DEBT-JIANGSU-TAIZHOU-2025,东方金诚国际信用评估有限公司,B2,true,二手公开城市债务图表,https://www.chinamoney.com.cn/dqs/cm-s-notice-query/fileDownLoad.do?contentId=3365561&mode=save&priority=0,https://www.chinamoney.com.cn/dqs/cm-s-notice-query/fileDownLoad.do?contentId=3365561&mode=save&priority=0,taizhou_jiangsu_2025_rating.txt,text/plain,2026-06-26,city_year,1,1,1,CN-321200,2025,statutory_debt_balance_100m,accepted,公开评级材料明确披露泰州市2025年末地方政府债务余额1559.08亿元；本条材料未完整列示限额和一般/专项拆分，因此仅接入总余额。
SRC-SECONDARY-DEBT-SICHUAN-GUANGAN-2025,东方金诚国际信用评估有限公司,B2,true,二手公开城市债务图表,https://static.sse.com.cn/disclosure/bond/announcement/corporate/c/new/2026-06-18/152793_20260618_P679.pdf,https://static.sse.com.cn/disclosure/bond/announcement/corporate/c/new/2026-06-18/152793_20260618_P679.pdf,guangan_2025_rating.txt,text/plain,2026-06-18,city_year,1,1,1,CN-511600,2025,statutory_debt_balance_100m,accepted,交易所公开评级报告同业比较表列示广安市2025年地方政府债务余额968.03亿元；该条材料未完整列示限额和一般/专项拆分，因此仅接入总余额。
SRC-SECONDARY-DEBT-JIANGXI-PINGXIANG-2025,东方金诚国际信用评估有限公司,B2,true,二手公开城市债务图表,https://static.sse.com.cn/disclosure/bond/announcement/corporate/c/new/2026-06-25/152574_20260625_55JA.pdf,https://static.sse.com.cn/disclosure/bond/announcement/corporate/c/new/2026-06-25/152574_20260625_55JA.pdf,pingxiang_2025_rating.txt,text/plain,2026-06-25,city_year,1,1,1,CN-360300,2025,statutory_debt_balance_100m,accepted,公开评级材料明确披露萍乡市2025年末地方政府债务余额813.48亿元；本条材料未完整列示限额和一般/专项拆分，因此仅接入总余额。
SRC-SECONDARY-DEBT-JIANGXI-JIUJIANG-2025,东方金诚国际信用评估有限公司,B2,true,二手公开城市债务图表,https://www.chinamoney.com.cn/dqs/cm-s-notice-query/fileDownLoad.do?contentId=3363646&mode=save&priority=0,https://www.chinamoney.com.cn/dqs/cm-s-notice-query/fileDownLoad.do?contentId=3363646&mode=save&priority=0,jiujiang_2025_rating.txt,text/plain,2026-06-24,city_year,1,1,1,CN-360400,2025,statutory_debt_balance_100m,accepted,公开评级材料列示九江市2025年末地方政府债务余额1874.57亿元；本条材料未完整列示限额和一般/专项拆分，因此仅接入总余额。
SRC-SECONDARY-DEBT-JIANGXI-YINGTAN-2025,东方金诚国际信用评估有限公司,B2,true,二手公开城市债务图表,https://static.sse.com.cn/disclosure/bond/announcement/corporate/c/new/2026-06-18/270090_20260618_U6IP.pdf,https://static.sse.com.cn/disclosure/bond/announcement/corporate/c/new/2026-06-18/270090_20260618_U6IP.pdf,yingtan_2025_rating.txt,text/plain,2026-06-18,city_year,1,1,1,CN-360600,2025,statutory_debt_balance_100m,accepted,公开评级报告同业比较表列示鹰潭市2025年地方政府债务余额597.80亿元；本条材料未完整列示限额和一般/专项拆分，因此仅接入总余额。
SRC-SECONDARY-DEBT-JIANGXI-JIAN-2025,中证鹏元资信评估股份有限公司,B2,true,二手公开城市债务图表,https://www.chinamoney.org.cn/dqs/cm-s-notice-query/fileDownLoad.do?contentId=3347338&mode=save&priority=0,https://www.chinamoney.org.cn/dqs/cm-s-notice-query/fileDownLoad.do?contentId=3347338&mode=save&priority=0,jian_2025_rating.txt,text/plain,2026-06-18,city_year,1,1,1,CN-360800,2025,statutory_debt_balance_100m,accepted,公开评级材料明确披露吉安市2025年末地方政府债务余额1531.34亿元；本条材料未完整列示限额和一般/专项拆分，因此仅接入总余额。
SRC-SECONDARY-DEBT-JIANGXI-GANZHOU-2025,东方金诚国际信用评估有限公司,B2,true,二手公开城市债务图表,https://static.sse.com.cn/disclosure/bond/announcement/corporate/c/new/2026-06-18/184753_20260618_HP19.pdf,https://static.sse.com.cn/disclosure/bond/announcement/corporate/c/new/2026-06-18/184753_20260618_HP19.pdf,ganzhou_2025_rating.txt,text/plain,2026-06-18,city_year,1,1,1,CN-360700,2025,statutory_debt_balance_100m,accepted,公开评级材料列示赣州市2025年末地方政府债务余额2764.27亿元；本条材料未完整列示限额和一般/专项拆分，因此仅接入总余额。
SRC-CITY-DEBT-JIANGXI-FUZHOU-2025,抚州市财政局,A1,true,地方政府债务限额及余额公开表,https://www.jxfz.gov.cn/module/download/downfile.jsp?classid=0&filename=21e6bbbe6e554c06bb067765ebb09ce3.pdf,https://www.jxfz.gov.cn/module/download/downfile.jsp?classid=0&filename=21e6bbbe6e554c06bb067765ebb09ce3.pdf,fuzhou_jiangxi_2025.txt,text/plain,2026-02-01,unclassified,0,0,0,,,,registered_no_selected_value,抚州市财政部门公开表披露全市2025年债务限额及决算余额、一般/专项分项，按六项标准字段接入。
SRC-SECONDARY-DEBT-JIANGSU-CHANGZHOU-2025,联合资信评估股份有限公司,B2,true,二手公开城市债务图表,https://static.sse.com.cn/disclosure/bond/announcement/corporate/c/new/2026-06-25/152470_20260625_QFI5.pdf,https://static.sse.com.cn/disclosure/bond/announcement/corporate/c/new/2026-06-25/152470_20260625_QFI5.pdf,changzhou_2025_rating.txt,text/plain,2026-06-25,city_year,1,1,1,CN-320400,2025,statutory_debt_balance_100m,accepted,公开评级材料披露常州市2025年末地方政府债务余额3116.88亿元；本条材料未完整列示限额和一般/专项拆分，因此仅接入总余额。
SRC-SECONDARY-DEBT-JIANGSU-HUAIAN-2025,东方金诚国际信用评估有限公司,B2,true,二手公开城市债务图表,https://static.sse.com.cn/disclosure/bond/announcement/corporate/c/new/2026-06-10/184798_20260610_GX4N.pdf,https://static.sse.com.cn/disclosure/bond/announcement/corporate/c/new/2026-06-10/184798_20260610_GX4N.pdf,huaian_2025_rating.txt,text/plain,2026-06-10,city_year,1,1,1,CN-320800,2025,statutory_debt_balance_100m,accepted,公开评级材料披露淮安市2025年末地方政府债务余额1304.56亿元；本条材料未完整列示限额和一般/专项拆分，因此仅接入总余额。
SRC-SECONDARY-DEBT-JIANGSU-YANCHENG-2025,其他评级机构公开材料,B2,true,二手公开城市债务图表,https://static.sse.com.cn/disclosure/bond/announcement/company/c/new/2026-06-29/242476_20260629_E0KG.pdf,https://static.sse.com.cn/disclosure/bond/announcement/company/c/new/2026-06-29/242476_20260629_E0KG.pdf,yancheng_2025_rating.txt,text/plain,2026-06-29,city_year,1,1,1,CN-320900,2025,statutory_debt_balance_100m,accepted,公开评级材料披露盐城市2025年末地方政府债务余额2092.1亿元；本条材料未完整列示限额和一般/专项拆分，因此仅接入总余额。
SRC-SECONDARY-DEBT-JIANGSU-YANGZHOU-2025,东方金诚国际信用评估有限公司,B2,true,二手公开城市债务图表,https://static.sse.com.cn/disclosure/bond/announcement/corporate/c/new/2026-06-17/271138_20260617_LQK6.pdf,https://static.sse.com.cn/disclosure/bond/announcement/corporate/c/new/2026-06-17/271138_20260617_LQK6.pdf,yangzhou_2025_rating.txt,text/plain,2026-06-17,city_year,1,1,1,CN-321000,2025,statutory_debt_balance_100m,accepted,公开评级材料披露扬州市2025年末地方政府债务余额1751.69亿元；本条材料未完整列示限额和一般/专项拆分，因此仅接入总余额。
SRC-SECONDARY-DEBT-JIANGSU-SUQIAN-2025,其他评级机构公开材料,B2,true,二手公开城市债务图表,https://www.chinamoney.com.cn/dqs/cm-s-notice-query/fileDownLoad.do?contentId=3360085&mode=save&priority=0,https://www.chinamoney.com.cn/dqs/cm-s-notice-query/fileDownLoad.do?contentId=3360085&mode=save&priority=0,suqian_2025_rating.txt,text/plain,2026-06-01,city_year,1,1,1,CN-321300,2025,statutory_debt_balance_100m,accepted,公开评级材料披露宿迁市2025年末地方政府债务余额1286.84亿元；本条材料未完整列示限额和一般/专项拆分，因此仅接入总余额。
SRC-SECONDARY-DEBT-ZHEJIANG-HUZHOU-2025,联合资信评估股份有限公司,B2,true,二手公开城市债务图表,https://static.sse.com.cn/disclosure/bond/announcement/company/c/new/2026-04-21/245063_20260421_P52L.pdf,https://static.sse.com.cn/disclosure/bond/announcement/company/c/new/2026-04-21/245063_20260421_P52L.pdf,huzhou_2025_rating.txt,text/plain,2026-04-21,city_year,1,1,1,CN-330500,2025,statutory_debt_balance_100m,accepted,公开评级材料列示湖州市2025年末地方政府债务余额1873.21亿元；本条材料未完整列示限额和一般/专项拆分，因此仅接入总余额。
SRC-SECONDARY-DEBT-ZHEJIANG-NINGBO-2025,公开研究材料,B2,true,二手公开城市债务图表,https://finance.sina.com.cn/wm/2026-06-04/doc-iniafvzs9304805.shtml,https://finance.sina.com.cn/wm/2026-06-04/doc-iniafvzs9304805.shtml,ningbo_2025_research.txt,text/plain,2026-06-04,city_year,1,1,1,CN-330200,2025,statutory_debt_balance_100m,accepted,公开研究材料列示宁波市2025年末地方政府债务余额4854.50亿元；本条材料未完整列示限额和一般/专项拆分，因此仅接入总余额。
SRC-SECONDARY-DEBT-ZHEJIANG-SHAOXING-2025,公开研究材料,B2,true,二手公开城市债务图表,https://www.sohu.com/a/1041321513_121636894,https://www.sohu.com/a/1041321513_121636894,shaoxing_2025_research.txt,text/plain,2026-07-01,city_year,1,1,1,CN-330600,2025,statutory_debt_balance_100m,accepted,公开材料转述评级报告列示绍兴市2025年末地方政府债务余额2592.42亿元；本条材料未完整列示限额和一般/专项拆分，因此仅接入总余额。
SRC-PROVINCE-DEBT-JILIN-2025,吉林省财政厅,A1,true,地方政府债务限额及余额公开表,https://czt.jl.gov.cn/yjs/zfyjs/zfysjtz/2026/202603/P020260302568303280176.pdf,https://czt.jl.gov.cn/yjs/zfyjs/zfysjtz/2026/202603/P020260302568303280176.pdf,jilin_2025_detailed.txt,text/plain,2026-02-12,unclassified,0,0,0,,,,registered_no_selected_value,吉林省财政厅公开表披露各市（州）2025年债务限额、年末余额及一般/专项分项。
SRC-PROVINCE-DEBT-XINJIANG-2025,新疆维吾尔自治区财政厅,A1,true,地方政府债务限额及余额公开表,https://czt.xinjiang.gov.cn/xjczt/c115015/202602/811f70141dd447fa952579907827a35c/files/%E9%99%84%E4%BB%B6-2026%E5%B9%B4%E8%87%AA%E6%B2%BB%E5%8C%BA%E6%94%BF%E5%BA%9C%E5%80%BA%E5%8A%A1%E5%85%AC%E5%BC%80%E6%83%85%E5%86%B5%E9%99%84%E8%A1%A8-20260402180119289.pdf,https://czt.xinjiang.gov.cn/xjczt/c115015/202602/811f70141dd447fa952579907827a35c/files/%E9%99%84%E4%BB%B6-2026%E5%B9%B4%E8%87%AA%E6%B2%BB%E5%8C%BA%E6%94%BF%E5%BA%9C%E5%80%BA%E5%8A%A1%E5%85%AC%E5%BC%80%E6%83%85%E5%86%B5%E9%99%84%E8%A1%A8-20260402180119289.pdf,xinjiang_2025_detailed.txt,text/plain,2026-04-02,unclassified,0,0,0,,,,registered_no_selected_value,新疆自治区财政厅公开表披露各地（州、市）2025年债务限额、年末余额及一般/专项分项；兵团等自治区直辖县级行政区划未在该表按同口径单列，暂不填报。
SRC-SECONDARY-DEBT-ZHEJIANG-JIAXING-2025,东方金诚国际信用评估有限公司,B2,true,二手公开城市债务图表,https://static.sse.com.cn/disclosure/bond/announcement/corporate/c/new/2026-06-26/271111_20260626_P5JW.pdf,https://static.sse.com.cn/disclosure/bond/announcement/corporate/c/new/2026-06-26/271111_20260626_P5JW.pdf,jiaxing_2025_rating.txt,text/plain,2026-06-26,unclassified,0,0,0,,,,registered_no_selected_value,公开评级材料列示嘉兴市2025年末政府债务余额及一般/专项分项；限额未在本条材料中完整列示。
SRC-SECONDARY-DEBT-ZHEJIANG-TAIZHOU-2025,新世纪评级公开研究材料,B2,true,二手公开城市债务图表,https://www.fxbaogao.com/detail/5480014,https://www.fxbaogao.com/detail/5480014,taizhou_zhejiang_2025_research.txt,text/plain,2026-01-31,city_year,1,1,1,CN-331000,2025,statutory_debt_balance_100m,accepted,公开研究材料列示台州市2025年末地方政府债务余额2846.47亿元；本条材料未完整列示限额和一般/专项拆分，因此仅接入总余额。
SRC-SECONDARY-DEBT-ZHEJIANG-QUZHOU-2025,东方金诚国际信用评估有限公司,B2,true,二手公开城市债务图表,https://www.chinamoney.com.cn/dqs/cm-s-notice-query/fileDownLoad.do?contentId=3355332&mode=save&priority=0,https://www.chinamoney.com.cn/dqs/cm-s-notice-query/fileDownLoad.do?contentId=3355332&mode=save&priority=0,quzhou_2025_rating.txt,text/plain,2026-06-26,city_year,1,1,1,CN-330800,2025,statutory_debt_balance_100m,accepted,公开评级材料披露衢州市2025年末地方政府债务余额1365.78亿元；本条材料未完整列示限额和一般/专项拆分，因此仅接入总余额。
SRC-OFFICIAL-DEBT-GUANGDONG-YUNFU-2025,云浮市财政局,A1,true,地方政府债务限额及余额公开表,https://www.yunfu.gov.cn/attachment/0/124/124714/1987579.pdf,https://www.yunfu.gov.cn/attachment/0/124/124714/1987579.pdf,yunfu_2025_official.txt,text/plain,2026-02-01,unclassified,0,0,0,,,,registered_no_selected_value,云浮市政府预算公开披露2025年全市地方政府债务余额及一般、专项分项；限额批复尚未完整下达，因此仅接入余额。
SRC-SECONDARY-DEBT-GUANGDONG-MEIZHOU-2025,东方金诚国际信用评估有限公司,B2,true,二手公开城市债务图表,https://static.sse.com.cn/disclosure/bond/announcement/corporate/c/new/2026-06-18/152444_20260618_7TNA.pdf,https://static.sse.com.cn/disclosure/bond/announcement/corporate/c/new/2026-06-18/152444_20260618_7TNA.pdf,meizhou_2025_rating.txt,text/plain,2026-06-18,city_year,1,1,1,CN-441400,2025,statutory_debt_balance_100m,accepted,公开评级材料引用梅州市财政预决算等公开资料，披露2025年末全市地方政府债务余额1042.34亿元；材料未完整列示一般/专项分项及限额，因此仅接入总余额。
SRC-OFFICIAL-DEBT-GUANGDONG-ZHONGSHAN-2025,中山市财政局,A1,true,地方政府债务限额及余额公开表,https://czj.zs.gov.cn/attachment/0/561/561102/2591915.pdf,https://czj.zs.gov.cn/attachment/0/561/561102/2591915.pdf,zhongshan_2025_official.txt,text/plain,2026-02-01,unclassified,0,0,0,,,,registered_no_selected_value,中山市政府预算公开表披露全市债务限额、年末余额及一般/专项分项，单位为万元，按0.0001转换为亿元。
SRC-SECONDARY-DEBT-GUANGXI-NANNING-2025,东方金诚国际信用评估有限公司,B2,true,二手公开城市债务图表,https://www.chinamoney.com.cn/dqs/cm-s-notice-query/fileDownLoad.do?contentId=3363510&mode=save&priority=0,https://www.chinamoney.com.cn/dqs/cm-s-notice-query/fileDownLoad.do?contentId=3363510&mode=save&priority=0,nanning_2025_rating.txt,text/plain,2026-06-30,city_year,1,1,1,CN-450100,2025,statutory_debt_balance_100m,accepted,评级报告同业比较表列示南宁市2025年地方政府债务余额1784.79亿元；本条材料未完整列示限额及一般/专项分项，因此仅接入总余额。
SRC-SECONDARY-DEBT-HEBEI-HANDAN-2025,东方金诚国际信用评估有限公司,B2,true,二手公开城市债务图表,https://www.chinamoney.com.cn/dqs/cm-s-notice-query/fileDownLoad.do?contentId=3363510&mode=save&priority=0,https://www.chinamoney.com.cn/dqs/cm-s-notice-query/fileDownLoad.do?contentId=3363510&mode=save&priority=0,handan_2025_rating.txt,text/plain,2026-06-30,city_year,1,1,1,CN-130400,2025,statutory_debt_balance_100m,accepted,评级报告主体区域数据列示邯郸市2025年地方政府债务余额1756.50亿元；本条材料未完整列示限额及一般/专项分项，因此仅接入总余额。
SRC-SECONDARY-DEBT-SHAANXI-YANAN-2025,东方金诚国际信用评估有限公司,B2,true,二手公开城市债务图表,https://www.chinamoney.com.cn/dqs/cm-s-notice-query/fileDownLoad.do?contentId=3363510&mode=save&priority=0,https://www.chinamoney.com.cn/dqs/cm-s-notice-query/fileDownLoad.do?contentId=3363510&mode=save&priority=0,yanan_2025_rating.txt,text/plain,2026-06-30,unclassified,0,0,0,,,,registered_no_selected_value,评级报告同业比较表列示延安市2025年地方政府债务余额830.15亿元；本条材料未完整列示限额及一般/专项分项，因此仅接入总余额。
SRC-SECONDARY-DEBT-HEBEI-SHIJIAZHUANG-2025,东方金诚国际信用评估有限公司,B2,true,二手公开城市债务图表,https://www.dfratings.com/uploads/files/2026/0630/fGJAE329qXtyGfB7IFiZVwEFRcx0MXQ3UB1TNv2n.pdf,https://www.dfratings.com/uploads/files/2026/0630/fGJAE329qXtyGfB7IFiZVwEFRcx0MXQ3UB1TNv2n.pdf,shijiazhuang_2025_rating.txt,text/plain,2026-06-30,city_year,1,1,1,CN-130100,2025,statutory_debt_balance_100m,accepted,评级报告区域数据列示石家庄市2025年地方政府债务余额2798.25亿元；本条材料未完整列示限额及一般/专项分项，因此仅接入总余额。
SRC-OFFICIAL-DEBT-SHAANXI-BAOJI-2025,宝鸡市财政局,A2,true,地方政府债务限额及余额公开表,https://czj.baoji.gov.cn/col12912/col12920/col12924/col12929/202602/t20260203_1245345.html,https://czj.baoji.gov.cn/col12912/col12920/col12924/col12929/202602/t20260203_1245345.html,baoji_2025_official.txt,text/plain,2026-02-03,unclassified,0,0,0,,,,registered_no_selected_value,宝鸡市财政局公开报告披露2025年全市政府债务余额预计为745亿元；该材料使用预计执行数，未完整列示一般/专项分项，因此仅接入总余额。
SRC-SECONDARY-DEBT-HEBEI-ZHANGJIAKOU-2025,东方金诚国际信用评估有限公司,B2,true,二手公开城市债务图表,https://www.chinamoney.com.cn/dqs/cm-s-notice-query/fileDownLoad.do?contentId=3362474&mode=save&priority=0,https://www.chinamoney.com.cn/dqs/cm-s-notice-query/fileDownLoad.do?contentId=3362474&mode=save&priority=0,zhangjiakou_2025_rating.txt,text/plain,2026-06-30,city_year,1,1,1,CN-130700,2025,statutory_debt_balance_100m,accepted,评级报告区域数据列示张家口市2025年末地方政府债务余额1895.29亿元；本条材料未完整列示限额及一般/专项分项，因此仅接入总余额。
SRC-SECONDARY-DEBT-HEBEI-XINGTAI-2025,中诚信国际信用评级有限责任公司,B2,true,二手公开城市债务图表,https://www.chinamoney.com.cn/dqs/cm-s-notice-query/fileDownLoad.do?contentId=3366462&mode=save&priority=0,https://www.chinamoney.com.cn/dqs/cm-s-notice-query/fileDownLoad.do?contentId=3366462&mode=save&priority=0,xingtai_2025_rating.txt,text/plain,2026-07-01,city_year,1,1,1,CN-130500,2025,statutory_debt_balance_100m,accepted,评级报告区域数据列示邢台市2025年末地方政府债务余额1409.08亿元；本条材料未完整列示限额及一般/专项分项，因此仅接入总余额。
SRC-SECONDARY-DEBT-INNER-MONGOLIA-CHIFENG-2025,东方金诚国际信用评估有限公司,B2,true,二手公开城市债务图表,https://www.chinamoney.com.cn/dqs/cm-s-notice-query/fileDownLoad.do?contentId=3371098&mode=save&priority=0,https://www.chinamoney.com.cn/dqs/cm-s-notice-query/fileDownLoad.do?contentId=3371098&mode=save&priority=0,chifeng_2025_rating.txt,text/plain,2026-07-10,city_year,1,1,1,CN-150400,2025,statutory_debt_balance_100m,accepted,评级报告披露赤峰市2025年末地方政府债务余额1075.80亿元，其中一般债务507.73亿元、专项债务568.08亿元；限额未在本条材料中完整列示。
SRC-SECONDARY-DEBT-SICHUAN-MEISHAN-2025,东方金诚国际信用评估有限公司,B2,true,二手公开城市债务图表,https://static.sse.com.cn/disclosure/bond/announcement/corporate/c/new/2026-06-18/152491_20260618_LBUR.pdf,https://static.sse.com.cn/disclosure/bond/announcement/corporate/c/new/2026-06-18/152491_20260618_LBUR.pdf,meishan_2025_rating.txt,text/plain,2026-06-18,unclassified,0,0,0,,,,registered_no_selected_value,评级报告披露眉山市2025年末地方政府债务余额984.11亿元，其中一般债务236.66亿元、专项债务747.45亿元；限额未在本条材料中完整列示。
SRC-OFFICIAL-DEBT-INNER-MONGOLIA-HOHHOT-2025,呼和浩特市财政局,A2,true,地方政府债务限额及余额公开表,https://static.0471tv.org.cn/rb/pc/att/202603/04/5edaa825-0884-472e-9693-6c0aca69c74a.pdf,https://static.0471tv.org.cn/rb/pc/att/202603/04/5edaa825-0884-472e-9693-6c0aca69c74a.pdf,hohhot_2025_official.txt,text/plain,2026-02-10,unclassified,0,0,0,,,,registered_no_selected_value,预算执行报告披露年末全市政府债务余额1794.61亿元，其中一般债务952.79亿元、专项债务841.82亿元；限额在该段未完整列示。
SRC-SECONDARY-DEBT-ZHEJIANG-WENZHOU-2025,联合资信评估股份有限公司,B2,true,二手公开城市债务图表,https://static.sse.com.cn/disclosure/bond/announcement/corporate/c/new/2026-06-22/152806_20260622_9SII.pdf,https://static.sse.com.cn/disclosure/bond/announcement/corporate/c/new/2026-06-22/152806_20260622_9SII.pdf,wenzhou_2025_rating.txt,text/plain,2026-06-22,city_year,1,1,1,CN-330300,2025,statutory_debt_balance_100m,accepted,评级报告根据温州市预算执行报告等公开资料列示2025年末地方政府债务余额4380.54亿元；本条材料未完整列示限额及一般/专项分项，因此仅接入总余额。
SRC-SECONDARY-DEBT-SICHUAN-SUINING-2025,中诚信国际信用评级有限责任公司,B2,true,二手公开城市债务图表,https://static.sse.com.cn/disclosure/bond/announcement/corporate/c/new/2026-06-25/184587_20260625_N5MA.pdf,https://static.sse.com.cn/disclosure/bond/announcement/corporate/c/new/2026-06-25/184587_20260625_N5MA.pdf,suining_2025_rating.txt,text/plain,2026-06-25,city_year,1,1,1,CN-510900,2025,statutory_debt_balance_100m,accepted,评级报告区域环境部分直接披露遂宁市2025年末地方政府债务余额1064.95亿元；本条材料未完整列示限额及一般/专项分项，因此仅接入总余额。
SRC-SECONDARY-DEBT-SICHUAN-GUANGYUAN-2025,东方金诚国际信用评估有限公司,B2,true,二手公开城市债务图表,https://www.dfratings.com/uploads/files/2026/0628/n42KCyJMQEBnoODueo8ssEmZDKFQZ6m9bZnCfSqr.pdf,https://www.dfratings.com/uploads/files/2026/0628/n42KCyJMQEBnoODueo8ssEmZDKFQZ6m9bZnCfSqr.pdf,guangyuan_2025_rating.txt,text/plain,2026-06-28,city_year,1,1,1,CN-510800,2025,statutory_debt_balance_100m,accepted,评级报告同业比较表列示广元市2025年地方政府债务余额775.40亿元；本条材料未完整列示限额及一般/专项分项，因此仅接入总余额。
SRC-SECONDARY-DEBT-SICHUAN-PANZHIHUA-2025,东方金诚国际信用评估有限公司,B2,true,二手公开城市债务图表,https://www.dfratings.com/uploads/files/2026/0624/PQZe1EPuFi2jsMpE4sOpuqHIkwk6WkqDWfwnt0eM.pdf,https://www.dfratings.com/uploads/files/2026/0624/PQZe1EPuFi2jsMpE4sOpuqHIkwk6WkqDWfwnt0eM.pdf,panzhihua_2025_rating.txt,text/plain,2026-06-24,city_year,1,1,1,CN-510400,2025,statutory_debt_balance_100m,accepted,评级报告同业比较表列示攀枝花市2025年地方政府债务余额415.80亿元；本条材料未完整列示限额及一般/专项分项，因此仅接入总余额。
SRC-SECONDARY-DEBT-GUANGXI-WUZHOU-2025,东方金诚国际信用评估有限公司,B2,true,二手公开城市债务图表,https://www.dfratings.com/uploads/files/2026/0624/PQZe1EPuFi2jsMpE4sOpuqHIkwk6WkqDWfwnt0eM.pdf,https://www.dfratings.com/uploads/files/2026/0624/PQZe1EPuFi2jsMpE4sOpuqHIkwk6WkqDWfwnt0eM.pdf,wuzhou_2025_rating.txt,text/plain,2026-06-24,city_year,1,1,1,CN-450400,2025,statutory_debt_balance_100m,accepted,评级报告同业比较表列示梧州市2025年地方政府债务余额667.54亿元；本条材料未完整列示限额及一般/专项分项，因此仅接入总余额。
SRC-SECONDARY-DEBT-SICHUAN-NEIJIANG-2025,评级机构（原报告）,B2,true,二手公开城市债务图表,https://static.sse.com.cn/disclosure/bond/announcement/corporate/c/new/2026-06-26/152648_20260626_EAX5.pdf,https://static.sse.com.cn/disclosure/bond/announcement/corporate/c/new/2026-06-26/152648_20260626_EAX5.pdf,neijiang_2025_rating.txt,text/plain,2026-06-26,unclassified,0,0,0,,,,registered_no_selected_value,评级报告披露内江市2025年末地方政府债务余额982.55亿元，其中一般债务359.46亿元、专项债务623.09亿元；限额未在本条材料中完整列示。
SRC-OFFICIAL-DEBT-SICHUAN-LESHAN-2025,乐山市财政局（乐山日报转载）,A2,true,地方政府债务限额及余额公开表,https://rb.lsrbs.net/index.php?a=view&aid=37716&c=Nparticle&m=home,https://rb.lsrbs.net/index.php?a=view&aid=37716&c=Nparticle&m=home,leshan_2025_official.txt,text/plain,2026-01-21,city_year,1,1,1,CN-511100,2025,statutory_debt_balance_100m,accepted,预算执行报告披露全市政府债务余额1128.9亿元；该公开文本未在正文列示一般债务/专项债务分项，因此仅接入总余额。
SRC-OFFICIAL-DEBT-YUNNAN-DALI-2025,大理白族自治州财政局,A1,true,地方政府债务限额及余额公开表,https://www.dali.gov.cn/dlzrmzf/xxgkml/c106264/pc/content/2026957153552601088/content_2026957153552601088.html,https://www.dali.gov.cn/dlzrmzf/xxgkml/c106264/pc/content/2026957153552601088/content_2026957153552601088.html,dali_2025_official.txt,text/plain,2026-02-09,unclassified,0,0,0,,,,registered_no_selected_value,官方预算执行报告披露全州政府债务余额9457.590亿元，其中一般债务2289.795亿元、专项债务7167.795亿元；限额为9566.178亿元。
SRC-SECONDARY-DEBT-YUNNAN-LINCANG-2025,评级机构（原报告）,B2,true,二手公开城市债务图表,https://www.chinamoney.com.cn/dqs/cm-s-notice-query/fileDownLoad.do?contentId=3368496&mode=save&priority=0,https://www.chinamoney.com.cn/dqs/cm-s-notice-query/fileDownLoad.do?contentId=3368496&mode=save&priority=0,lincang_2025_rating.txt,text/plain,2026-07-01,city_year,1,1,1,CN-530900,2025,statutory_debt_balance_100m,accepted,评级报告区域经济财政数据表列示临沧市2025年地方政府债务余额689.07亿元；本条材料未完整列示限额及一般/专项分项，因此仅接入总余额。
SRC-SECONDARY-DEBT-YUNNAN-YUXI-2025,东方金诚国际信用评估有限公司,B2,true,二手公开城市债务图表,https://static.sse.com.cn/disclosure/bond/announcement/corporate/c/new/2026-06-28/184603_20260628_XHQI.pdf,https://static.sse.com.cn/disclosure/bond/announcement/corporate/c/new/2026-06-28/184603_20260628_XHQI.pdf,yuxi_2025_rating.txt,text/plain,2026-06-28,city_year,1,1,1,CN-530400,2025,statutory_debt_balance_100m,accepted,评级报告区域经济财政数据表列示玉溪市2025年地方政府债务余额1003.15亿元；本条材料未完整列示限额及一般/专项分项，因此仅接入总余额。
SRC-SECONDARY-DEBT-GUANGDONG-QINGYUAN-2025,东方金诚国际信用评估有限公司,B2,true,二手公开城市债务图表,https://static.sse.com.cn/disclosure/bond/announcement/corporate/c/new/2026-06-24/184081_20260624_6GQO.pdf,https://static.sse.com.cn/disclosure/bond/announcement/corporate/c/new/2026-06-24/184081_20260624_6GQO.pdf,qingyuan_2025_rating.txt,text/plain,2026-06-24,city_year,1,1,1,CN-441800,2025,statutory_debt_balance_100m,accepted,评级报告同业比较表列示清远市2025年地方政府债务余额1316.55亿元；本条材料未完整列示限额及一般/专项分项，因此仅接入总余额。
SRC-SECONDARY-DEBT-YUNNAN-KUNMING-2025,联合资信评估股份有限公司,B2,true,二手公开城市债务图表,https://www.lhratings.com/reports/B1151-P80588-2025-GZ2026.pdf,https://www.lhratings.com/reports/B1151-P80588-2025-GZ2026.pdf,kunming_2025_rating.txt,text/plain,2026-06-30,city_year,1,1,1,CN-530100,2025,statutory_debt_balance_100m,accepted,联合资信评级报告根据公开资料列示昆明市2025年地方政府债务余额3132.10亿元（同表列示2024年2842.03亿元）；本条材料未完整列示限额及一般/专项分项，因此仅接入总余额。
SRC-SECONDARY-DEBT-ANHUI-BOZHOU-2025,东方金诚国际信用评估有限公司,B2,true,二手公开城市债务图表,https://www.chinamoney.com.cn/dqs/cm-s-notice-query/fileDownLoad.do?contentId=3363535&mode=save&priority=0,https://www.chinamoney.com.cn/dqs/cm-s-notice-query/fileDownLoad.do?contentId=3363535&mode=save&priority=0,bozhou_2025_rating.txt,text/plain,2026-06-30,city_year,1,1,1,CN-341600,2025,statutory_debt_balance_100m,accepted,评级报告同业比较表列示亳州市2025年地方政府债务余额1217.60亿元；本条材料未完整列示限额及一般/专项分项，因此仅接入总余额。
SRC-SECONDARY-DEBT-GUANGXI-QINZHOU-CHONGZUO-2025,东方金诚国际信用评估有限公司,B2,true,二手公开城市债务图表,https://www.chinamoney.com.cn/dqs/cm-s-notice-query/fileDownLoad.do?contentId=3363532&mode=save&priority=0,https://www.chinamoney.com.cn/dqs/cm-s-notice-query/fileDownLoad.do?contentId=3363532&mode=save&priority=0,guangxi_qinzhou_chongzuo_2025_rating.txt,text/plain,2026-06-17,multicity_batch,2,1,2,CN-450700;CN-451400,2025,statutory_debt_balance_100m,accepted,评级报告同业比较表列示崇左市2025年地方政府债务余额646.63亿元、钦州市800.51亿元；表下注明同业比较数据年份为2025年。本条材料仅接入总余额。
SRC-SECONDARY-DEBT-GUANGXI-BAISE-2025,东方金诚国际信用评估有限公司,B2,true,二手公开城市债务图表,https://www.chinamoney.com.cn/dqs/cm-s-notice-query/fileDownLoad.do?contentId=3363381&mode=save&priority=0,https://www.chinamoney.com.cn/dqs/cm-s-notice-query/fileDownLoad.do?contentId=3363381&mode=save&priority=0,baise_2025_rating.txt,text/plain,2026-06-17,city_year,1,1,1,CN-451000,2025,statutory_debt_balance_100m,accepted,评级报告区域经济财政表列示百色市2025年末地方政府债务余额926.68亿元；本条材料仅接入总余额。
SRC-SECONDARY-DEBT-GUANGXI-YULIN-2025,东方金诚国际信用评估有限公司,B2,true,二手公开城市债务图表,https://www.chinamoney.com.cn/dqs/cm-s-notice-query/fileDownLoad.do?contentId=3362370&mode=save&priority=0,https://www.chinamoney.com.cn/dqs/cm-s-notice-query/fileDownLoad.do?contentId=3362370&mode=save&priority=0,yulin_2025_rating.txt,text/plain,2026-06-12,city_year,1,1,1,CN-450900,2025,statutory_debt_balance_100m,accepted,评级报告同业比较表列示玉林市2025年地方政府债务余额871.37亿元；表下注明同业比较数据年份为2025年。本条材料仅接入总余额。
SRC-OFFICIAL-DEBT-SHANXI-DATONG-2023,大同市财政局,A2,true,地方政府债务限额及余额公开表,https://www.dt.gov.cn/dtszf/czjczyjs/202404/8fe97edb408f4d6d9cc830c9f6bb83a2.shtml,https://www.dt.gov.cn/dtszf/czjczyjs/202404/8fe97edb408f4d6d9cc830c9f6bb83a2.shtml,datong_2023_official.txt,text/plain,2024-04-08,unclassified,0,0,0,,,,registered_no_selected_value,官方表中大同市全市行列示一般债务余额305.81亿元、专项债务余额254.48亿元；按余额合计及限额合计重排为标准六列，排除市本级和县区行。
SRC-OFFICIAL-DEBT-SHANXI-DATONG-2024,大同市财政局,A2,true,地方政府债务限额及余额公开表,https://www.dt.gov.cn/dtszf/czjczyjs/202503/02dd6f12f272448d913913c036cb6cb1.shtml,https://www.dt.gov.cn/dtszf/czjczyjs/202503/02dd6f12f272448d913913c036cb6cb1.shtml,datong_2024_official.txt,text/plain,2025-03-07,unclassified,0,0,0,,,,registered_no_selected_value,官方表中大同市全市行列示一般债务余额315.16亿元、专项债务余额365.16亿元；按余额合计及限额合计重排为标准六列，排除市本级和县区行。
SRC-OFFICIAL-DEBT-SHANXI-DATONG-2025,大同市财政局,A2,true,地方政府债务限额及余额公开表,https://www.dt.gov.cn/dtszf/czzjxx/202602/d7154107811e41638449d4139dc68e7a.shtml,https://www.dt.gov.cn/dtszf/czzjxx/202602/d7154107811e41638449d4139dc68e7a.shtml,datong_2025_official.txt,text/plain,2026-02-05,unclassified,0,0,0,,,,registered_no_selected_value,官方表中大同市全市行列示一般债务余额328.32亿元、专项债务余额419.58亿元；按余额合计及限额合计重排为标准六列，排除市本级和县区行。
SRC-OFFICIAL-DEBT-SHANXI-LVLIANG-2022,吕梁市财政局,A2,true,地方政府债务限额及余额公开表,https://www.lvliang.gov.cn/llxxgk/zfxxgk/xxgkml/zjxx_21583/sjczyshsgjf/202304/P020260402595247809543.pdf,https://www.lvliang.gov.cn/llxxgk/zfxxgk/xxgkml/zjxx_21583/sjczyshsgjf/202304/P020260402595247809543.pdf,lvliang_2022_official.txt,text/plain,2023-04-01,unclassified,0,0,0,,,,registered_no_selected_value,官方表列示2022年末吕梁市债务合计4509317万元、一般债务2456717万元、专项债务2052600万元；换算为亿元，仅接入余额三项。
SRC-OFFICIAL-DEBT-SHANXI-LVLIANG-2025,吕梁市财政局,A2,true,地方政府债务限额及余额公开表,https://www.lvliang.gov.cn/llxxgk/zfxxgk/xxgkml/gbmwj/scz/fdzdgknr_55693/zfzwxx_55708/202606/P020260622557353905327.xlsx,https://www.lvliang.gov.cn/llxxgk/zfxxgk/xxgkml/gbmwj/scz/fdzdgknr_55693/zfzwxx_55708/202606/P020260622557353905327.xlsx,lvliang_2025_official.txt,text/plain,2026-06-22,unclassified,0,0,0,,,,registered_no_selected_value,官方XLSX全市行列示2025年末债务余额642.007291亿元，其中一般债务290.966991亿元、专项债务351.040300亿元；限额为642.007292亿元。
SRC-SECONDARY-DEBT-SHANXI-SHUOZHOU-2024,评级机构公开报告,B2,true,二手公开城市债务图表,https://static.sse.com.cn/disclosure/bond/announcement/corporate/c/new/2025-05-30/152055_20250530_9ZHE.pdf,https://static.sse.com.cn/disclosure/bond/announcement/corporate/c/new/2025-05-30/152055_20250530_9ZHE.pdf,shuozhou_2024_rating.txt,text/plain,2025-05-30,unclassified,0,0,0,,,,registered_no_selected_value,评级报告披露2024年末朔州市全市政府债务余额305.42亿元，其中一般债务146.56亿元、专项债务158.86亿元。
SRC-OFFICIAL-DEBT-SHANXI-SHUOZHOU-2025,朔州市财政局,A2,true,地方政府债务限额及余额公开表,http://czj.shuozhou.gov.cn/yjsbg/zfyjs/zfyjs2026/202605/t20260519_772867.html,http://czj.shuozhou.gov.cn/yjsbg/zfyjs/zfyjs2026/202605/t20260519_772867.html,shuozhou_2025_official.txt,text/plain,2026-02-25,city_year,1,1,1,CN-140600,2025,statutory_debt_balance_100m,accepted,官方预算公开说明直接披露2025年末全市政府债务余额354.58亿元；本条只接入全市总余额，不以市本级145.28亿元及市本级分项替代全市分项。
SRC-SECONDARY-DEBT-SHANXI-JINZHONG-2025,评级机构公开报告,B2,true,二手公开城市债务图表,https://static.sse.com.cn/disclosure/bond/announcement/company/c/new/2026-06-26/185464_20260626_LE45.pdf,https://static.sse.com.cn/disclosure/bond/announcement/company/c/new/2026-06-26/185464_20260626_LE45.pdf,jinzhong_2025_rating.txt,text/plain,2026-06-26,city_year,1,1,1,CN-140700,2025,statutory_debt_balance_100m,accepted,评级报告披露截至2025年末晋中市全市地方政府债务余额716.80亿元；本条材料未完整列示限额及一般/专项分项，仅接入总余额。
SRC-SECONDARY-DEBT-GUANGDONG-SHAOGUAN-2025,中诚信国际信用评估有限责任公司,B2,true,二手公开城市债务图表,https://www.chinamoney.com.cn/dqs/cm-s-notice-query/fileDownLoad.do?contentId=3326180&mode=save&priority=0,https://www.chinamoney.com.cn/dqs/cm-s-notice-query/fileDownLoad.do?contentId=3326180&mode=save&priority=0,shaoguan_2025_rating.txt,text/plain,2026-04-27,city_year,1,1,1,CN-440200,2025,statutory_debt_balance_100m,accepted,中诚信国际评级报告区域表列示韶关市2025年末政府债务余额937.62亿元；本条材料仅接入总余额。
SRC-SECONDARY-DEBT-GUANGDONG-MAOMING-2025,中诚信国际信用评估有限责任公司,B2,true,二手公开城市债务图表,https://www.chinamoney.com.cn/dqs/cm-s-notice-query/fileDownLoad.do?contentId=3326180&mode=save&priority=0,https://www.chinamoney.com.cn/dqs/cm-s-notice-query/fileDownLoad.do?contentId=3326180&mode=save&priority=0,maoming_2025_rating.txt,text/plain,2026-04-27,city_year,1,1,1,CN-440900,2025,statutory_debt_balance_100m,accepted,中诚信国际评级报告区域表列示茂名市2025年末政府债务余额1203.78亿元；本条材料仅接入总余额。
SRC-SECONDARY-DEBT-GUANGDONG-ZHAOQING-2025,中诚信国际信用评估有限责任公司,B2,true,二手公开城市债务图表,https://www.chinamoney.com.cn/dqs/cm-s-notice-query/fileDownLoad.do?contentId=3326180&mode=save&priority=0,https://www.chinamoney.com.cn/dqs/cm-s-notice-query/fileDownLoad.do?contentId=3326180&mode=save&priority=0,zhaoqing_2025_rating.txt,text/plain,2026-04-27,city_year,1,1,1,CN-441200,2025,statutory_debt_balance_100m,accepted,中诚信国际评级报告区域表列示肇庆市2025年末政府债务余额1423.67亿元；本条材料仅接入总余额。
SRC-SECONDARY-DEBT-GUANGDONG-HUIZHOU-2025,中诚信国际信用评估有限责任公司,B2,true,二手公开城市债务图表,https://www.chinamoney.com.cn/dqs/cm-s-notice-query/fileDownLoad.do?contentId=3326180&mode=save&priority=0,https://www.chinamoney.com.cn/dqs/cm-s-notice-query/fileDownLoad.do?contentId=3326180&mode=save&priority=0,huizhou_2025_rating.txt,text/plain,2026-04-27,city_year,1,1,1,CN-441300,2025,statutory_debt_balance_100m,accepted,中诚信国际评级报告区域表列示惠州市2025年末政府债务余额1759.82亿元；本条材料仅接入总余额。
SRC-SECONDARY-DEBT-GUANGDONG-YANGJIANG-2025,中诚信国际信用评估有限责任公司,B2,true,二手公开城市债务图表,https://www.chinamoney.com.cn/dqs/cm-s-notice-query/fileDownLoad.do?contentId=3326180&mode=save&priority=0,https://www.chinamoney.com.cn/dqs/cm-s-notice-query/fileDownLoad.do?contentId=3326180&mode=save&priority=0,yangjiang_2025_rating.txt,text/plain,2026-04-27,city_year,1,1,1,CN-441700,2025,statutory_debt_balance_100m,accepted,中诚信国际评级报告区域表列示阳江市2025年末政府债务余额679.70亿元；本条材料仅接入总余额。
SRC-SECONDARY-DEBT-GUANGDONG-CHAOZHOU-2025,中诚信国际信用评估有限责任公司,B2,true,二手公开城市债务图表,https://www.chinamoney.com.cn/dqs/cm-s-notice-query/fileDownLoad.do?contentId=3326180&mode=save&priority=0,https://www.chinamoney.com.cn/dqs/cm-s-notice-query/fileDownLoad.do?contentId=3326180&mode=save&priority=0,chaozhou_2025_rating.txt,text/plain,2026-04-27,city_year,1,1,1,CN-445100,2025,statutory_debt_balance_100m,accepted,中诚信国际评级报告区域表列示潮州市2025年末政府债务余额562.38亿元；本条材料仅接入总余额。
SRC-SECONDARY-DEBT-GUANGDONG-JIEYANG-2025,中诚信国际信用评估有限责任公司,B2,true,二手公开城市债务图表,https://www.chinamoney.com.cn/dqs/cm-s-notice-query/fileDownLoad.do?contentId=3326180&mode=save&priority=0,https://www.chinamoney.com.cn/dqs/cm-s-notice-query/fileDownLoad.do?contentId=3326180&mode=save&priority=0,jieyang_2025_rating.txt,text/plain,2026-04-27,city_year,1,1,1,CN-445200,2025,statutory_debt_balance_100m,accepted,中诚信国际评级报告区域表列示揭阳市2025年末政府债务余额741.87亿元；本条材料仅接入总余额。
SRC-SECONDARY-DEBT-SICHUAN-BAZHONG-2025,远东资信评估有限公司,B2,true,二手公开城市债务图表,https://www.sfecr.com/upload/file/2026-03/col58/1774940677199.pdf,https://www.sfecr.com/upload/file/2026-03/col58/1774940677199.pdf,bazhong_2025_rating.txt,text/plain,2026-03-24,city_year,1,1,1,CN-511900,2025,statutory_debt_balance_100m,accepted,远东资信区域研究报告表1列示巴中市2025年地方政府债务余额1096.50亿元；本条材料仅接入总余额。
SRC-SECONDARY-DEBT-SICHUAN-DEYANG-2025,远东资信评估有限公司,B2,true,二手公开城市债务图表,https://www.sfecr.com/upload/file/2026-03/col58/1774940677199.pdf,https://www.sfecr.com/upload/file/2026-03/col58/1774940677199.pdf,deyang_2025_rating.txt,text/plain,2026-03-24,city_year,1,1,1,CN-510600,2025,statutory_debt_balance_100m,accepted,远东资信区域研究报告表1列示德阳市2025年地方政府债务余额1123.70亿元；本条材料仅接入总余额。
SRC-SECONDARY-DEBT-SICHUAN-ZIGONG-2025,远东资信评估有限公司,B2,true,二手公开城市债务图表,https://www.sfecr.com/upload/file/2026-03/col58/1774940677199.pdf,https://www.sfecr.com/upload/file/2026-03/col58/1774940677199.pdf,zigong_2025_rating.txt,text/plain,2026-03-24,city_year,1,1,1,CN-510300,2025,statutory_debt_balance_100m,accepted,远东资信区域研究报告表1列示自贡市2025年地方政府债务余额1015.80亿元；本条材料仅接入总余额。
SRC-SECONDARY-DEBT-SICHUAN-ZIYANG-2025,远东资信评估有限公司,B2,true,二手公开城市债务图表,https://www.sfecr.com/upload/file/2026-03/col58/1774940677199.pdf,https://www.sfecr.com/upload/file/2026-03/col58/1774940677199.pdf,ziyang_2025_rating.txt,text/plain,2026-03-24,city_year,1,1,1,CN-512000,2025,statutory_debt_balance_100m,accepted,远东资信区域研究报告表1列示资阳市2025年地方政府债务余额765.60亿元；本条材料仅接入总余额。
SRC-SECONDARY-DEBT-SICHUAN-ABA-2025,远东资信评估有限公司,B2,true,二手公开城市债务图表,https://www.sfecr.com/upload/file/2026-03/col58/1774940677199.pdf,https://www.sfecr.com/upload/file/2026-03/col58/1774940677199.pdf,aba_2025_rating.txt,text/plain,2026-03-24,city_year,1,1,1,CN-513200,2025,statutory_debt_balance_100m,accepted,远东资信区域研究报告表1列示阿坝藏族羌族自治州2025年地方政府债务余额207.70亿元；本条材料仅接入总余额。
SRC-SECONDARY-DEBT-SICHUAN-GANZI-2025,远东资信评估有限公司,B2,true,二手公开城市债务图表,https://www.sfecr.com/upload/file/2026-03/col58/1774940677199.pdf,https://www.sfecr.com/upload/file/2026-03/col58/1774940677199.pdf,ganzi_2025_rating.txt,text/plain,2026-03-24,city_year,1,1,1,CN-513300,2025,statutory_debt_balance_100m,accepted,远东资信区域研究报告表1列示甘孜藏族自治州2025年地方政府债务余额186.80亿元；本条材料仅接入总余额。
SRC-SECONDARY-DEBT-SICHUAN-LIANGSHAN-2025,远东资信评估有限公司,B2,true,二手公开城市债务图表,https://www.sfecr.com/upload/file/2026-03/col58/1774940677199.pdf,https://www.sfecr.com/upload/file/2026-03/col58/1774940677199.pdf,liangshan_2025_rating.txt,text/plain,2026-03-24,city_year,1,1,1,CN-513400,2025,statutory_debt_balance_100m,accepted,远东资信区域研究报告表1列示凉山彝族自治州2025年地方政府债务余额684.00亿元；本条材料仅接入总余额。
SRC-OFFICIAL-DEBT-YUNNAN-QUJING-2025,曲靖市财政局,A2,true,地方政府债务限额及余额公开表,https://czj.qj.gov.cn/gov/info/detail/21933.html,https://czj.qj.gov.cn/yjn_uploads/ueditor/upload/file/20260716/1784195223979049811.zip,qujing_2025_official.txt,text/plain,2026-03-19,unclassified,0,0,0,,,,registered_no_selected_value,曲靖市财政局预算公开附件中的全市行，列示2025年债务限额及余额预计执行数，按原表合计、一般、专项顺序接入。
SRC-SECONDARY-DEBT-HUBEI-SHIYAN-2025,联合资信评估股份有限公司,B2,true,二手公开城市债务图表,https://www.lhratings.com/reports/B021718-P46835-2019-GZ2026.pdf,https://www.lhratings.com/reports/B021718-P46835-2019-GZ2026.pdf,shiyan_2025_rating.txt,text/plain,2026-07-01,city_year,1,1,1,CN-420300,2025,statutory_debt_balance_100m,accepted,联合资信根据公开资料整理，表中列示十堰市2025年地方政府债务余额1047.60亿元；本条材料仅接入总余额。
SRC-SECONDARY-DEBT-YUNNAN-LIJIANG-2024,东方金诚国际信用评估有限公司,B2,true,二手公开城市债务图表,https://static.sse.com.cn/disclosure/bond/announcement/corporate/c/new/2025-06-24/152415_20250624_CD57.pdf,https://static.sse.com.cn/disclosure/bond/announcement/corporate/c/new/2025-06-24/152415_20250624_CD57.pdf,lijiang_2024_rating.txt,text/plain,2025-06-24,city_year,1,1,1,CN-530700,2024,statutory_debt_balance_100m,accepted,东方金诚跟踪评级报告明确披露截至2024年丽江市地方政府债务余额453.03亿元；本条材料仅接入全市总余额。
SRC-SECONDARY-DEBT-YUNNAN-LIJIANG-2023,东方金诚国际信用评估有限公司,B2,true,二手公开城市债务图表,https://static.sse.com.cn/disclosure/bond/announcement/corporate/c/new/2024-06-27/152415_20240627_8PUP.pdf,https://static.sse.com.cn/disclosure/bond/announcement/corporate/c/new/2024-06-27/152415_20240627_8PUP.pdf,yunnan_lijiang_2023_rating.txt,text/plain,2024-06-27,city_year,1,1,1,CN-530700,2023,statutory_debt_balance_100m,accepted,东方金诚跟踪评级报告表格明确披露2023年丽江市全市地方政府债务余额419.34亿元，资料来源为丽江市2023年财政预算执行情况等公开资料；本条仅接入全市总余额，不使用古城区口径。
SRC-SECONDARY-DEBT-YUNNAN-DEHONG-2024,中诚信国际信用评级有限责任公司,B2,true,二手公开城市债务图表,https://qxb-pdf-osscache.qixin.com/AnBaseinfo/9ea6bbc33464a7f4fb1a45e2ffaa57a8.pdf,https://qxb-pdf-osscache.qixin.com/AnBaseinfo/9ea6bbc33464a7f4fb1a45e2ffaa57a8.pdf,dehong_2024_rating.txt,text/plain,2025-06-30,city_year,1,1,1,CN-533100,2024,statutory_debt_balance_100m,accepted,中诚信国际跟踪评级报告表1列示德宏州2024年地方政府债务余额487.52亿元；本条材料仅接入全州总余额。
SRC-CITY-DEBT-GUANGXI-LIUZHOU-2024,柳州市财政局,A1,true,地方政府债务限额及余额公开表,https://lzscz.liuzhou.gov.cn/zwgk/fdzdgknr/czyjsgk/zfys/zfys2025/P020251029579724528222.pdf,https://lzscz.liuzhou.gov.cn/zwgk/fdzdgknr/czyjsgk/zfys/zfys2025/P020251029579724528222.pdf,guangxi_liuzhou_2024.txt,text/plain,2025-10-29,unclassified,0,0,0,,,,registered_no_selected_value,柳州市财政局公开预算附件直接列示全市一般债务余额2710340万元、专项债务余额7716868万元；合计按两项相加计算为1042.7208亿元，保留原始精度。
SRC-SECONDARY-DEBT-GUANGXI-NANNING-2024,联合资信评估股份有限公司,B2,true,二手公开城市债务图表,https://static.sse.com.cn/disclosure/bond/announcement/company/c/new/2025-03-26/242646_20250326_UMP0.pdf,https://static.sse.com.cn/disclosure/bond/announcement/company/c/new/2025-03-26/242646_20250326_UMP0.pdf,guangxi_nanning_2024_rating.txt,text/plain,2025-03-26,unclassified,0,0,0,,,,registered_no_selected_value,评级报告根据南宁市政府公开数据披露2024年末全市债务余额及一般、专项分项；按B2来源接入，待市级决算附件交叉核验。
SRC-SECONDARY-DEBT-GUANGXI-GUIGANG-2024,联合资信评估股份有限公司,B2,true,二手公开城市债务图表,https://static.sse.com.cn/disclosure/bond/announcement/corporate/c/new/2025-06-25/184117_20250625_Q88A.pdf,https://static.sse.com.cn/disclosure/bond/announcement/corporate/c/new/2025-06-25/184117_20250625_Q88A.pdf,guangxi_guigang_2024_rating.txt,text/plain,2025-06-25,city_year,1,1,1,CN-450800,2024,statutory_debt_balance_100m,accepted,评级披露贵港市2024年末全市政府债务余额533.35亿元；材料未列示一般/专项分项，因此不反推分项。
SRC-SECONDARY-DEBT-GUANGXI-CHONGZUO-2024,东方金诚国际信用评估有限公司,B2,true,二手公开城市债务图表,https://www.dfratings.com/uploads/files/2025/0620/gTwlYQIOpXpIe2gwzw6M9ZRlCDY3b4qGfPne15hg.pdf,https://www.dfratings.com/uploads/files/2025/0620/gTwlYQIOpXpIe2gwzw6M9ZRlCDY3b4qGfPne15hg.pdf,guangxi_chongzuo_2024_rating.txt,text/plain,2025-06-20,city_year,1,1,1,CN-451400,2024,statutory_debt_balance_100m,accepted,评级报告区域比较表披露崇左市2024年末地方政府债务余额538.62亿元；材料未列示一般/专项分项，因此不反推分项。
SRC-CITY-DEBT-SHANXI-CHANGZHI-2024,长治市财政局,A1,true,地方政府债务限额及余额公开表,https://www.changzhi.gov.cn/xxgkml/zfxxgkml/szfgzbm/sczj/czsrmzf/czyjs_522/2025/202503/P020250605616694846675.pdf,https://www.changzhi.gov.cn/xxgkml/zfxxgkml/szfgzbm/sczj/czsrmzf/czyjs_522/2025/202503/P020250605616694846675.pdf,shanxi_changzhi_2024.txt,text/plain,2025-03-01,unclassified,0,0,0,,,,registered_no_selected_value,官方预算公开表列示全市六列数据：2024年限额合计、一般、专项，2024年末余额合计、一般、专项；只接入全市行。
SRC-CITY-DEBT-SHANXI-YANGQUAN-2024,阳泉市财政局,A2,true,地方政府债务限额及余额公开表,https://czj.yq.gov.cn/yjsgk/zfyjs/zfjs/jsgk2024/202509/P020250917362856003440.pdf,https://czj.yq.gov.cn/yjsgk/zfyjs/zfjs/jsgk2024/202509/P020250917362856003440.pdf,shanxi_yangquan_2024.txt,text/plain,2025-09-17,city_year,1,1,1,CN-140300,2024,statutory_debt_balance_100m,accepted,官方决算文件直接披露2024年全市政府债务余额344亿元；未在摘录片段中披露一般/专项分项，因此不反推分项。
SRC-CITY-DEBT-SHANXI-YANGQUAN-2025,阳泉市财政局,A2,true,地方政府债务限额及余额公开表,https://czj.yq.gov.cn/yjsgk/zfyjs/zfys/202603/P020260302585252378439.pdf,https://czj.yq.gov.cn/yjsgk/zfyjs/zfys/202603/P020260302585252378439.pdf,shanxi_yangquan_2025.txt,text/plain,2026-03-02,city_year,1,1,1,CN-140300,2025,statutory_debt_balance_100m,accepted,官方债务说明直接披露2025年末全市政府债务余额405.1亿元；另列市本级余额及市本级一般/专项分项，后者不并入全市分项。
SRC-CITY-DEBT-SHANXI-YUNCHENG-2025,运城市人民政府,A2,true,地方政府债务限额及余额公开表,https://www.yuncheng.gov.cn/uploadfiles/202603/27/2026032709294953644166.pdf,https://www.yuncheng.gov.cn/uploadfiles/202603/27/2026032709294953644166.pdf,yuncheng_2025_official.txt,text/plain,2026-01-20,city_year,1,1,1,CN-140800,2025,statutory_debt_balance_100m,accepted,市级政府预算执行报告明确列示2025年全市政府债务余额614.96亿元，并同时列示市本级231.82亿元、县（市、区）383.14亿元；本条仅接入全市总余额，不反推一般/专项分项。
SRC-CITY-DEBT-SHANXI-JINCHENG-2024,晋城市财政局,A2,true,地方政府债务限额及余额公开表,https://www.jcgov.gov.cn/zwgk/czxx_23406/zfys_24261/202503/P020250331600667491840.pdf,https://www.jcgov.gov.cn/zwgk/czxx_23406/zfys_24261/202503/P020250331600667491840.pdf,shanxi_jincheng_2024.txt,text/plain,2025-03-31,unclassified,0,0,0,,,,registered_no_selected_value,官方预算报告直接披露2024年底全市地方政府债券限额414.43亿元、余额411.92亿元；本条只接入余额。
SRC-SECONDARY-DEBT-SHANXI-TAIYUAN-2024,新世纪评级,B2,true,二手公开城市债务图表,https://pdf.dfcfw.com/pdf/H3_AP202512081796193691_1.pdf?1765192247000.pdf=,https://pdf.dfcfw.com/pdf/H3_AP202512081796193691_1.pdf?1765192247000.pdf=,shanxi_taiyuan_2024_rating.txt,text/plain,2025-12-08,city_year,1,1,1,CN-140100,2024,statutory_debt_balance_100m,accepted,评级报告根据各地政府公开数据整理，直接披露太原市2024年末余额1422.98亿元；来源等级B2，等待太原市官方决算表交叉核验。
SRC-SECONDARY-DEBT-SHANXI-TAIYUAN-2022,新世纪资信评估有限公司（新浪财经转载）,B2,true,二手公开城市债务图表,https://finance.sina.com.cn/money/bond/2023-12-07/doc-imzxepns4768843.shtml,https://finance.sina.com.cn/money/bond/2023-12-07/doc-imzxepns4768843.shtml,shanxi_taiyuan_2022_secondary.txt,text/plain,2023-12-07,city_year,1,1,1,CN-140100,2022,statutory_debt_balance_100m,accepted,公开研究报告根据各地政府公开数据整理，明确给出太原市2022年末全市政府债务余额983.15亿元；仅接入总额，不反推一般/专项，待财政决算原表复核。
SRC-OFFICIAL-DEBT-SHANXI-YANGQUAN-2023,阳泉市财政局,A2,true,地方政府债务限额及余额公开表,https://czj.yq.gov.cn/yjsgk/zfyjs/zfys/2024zfys/202404/t20240409_1865250.html,https://czj.yq.gov.cn/yjsgk/zfyjs/zfys/2024zfys/202404/t20240409_1865250.html,shanxi_yangquan_2023.txt,text/plain,2024-03-20,city_year,1,1,1,CN-140300,2023,statutory_debt_balance_100m,accepted,阳泉市财政局官方预算报告明确列示2023年全市政府债务余额313.7亿元，并另列市本级124.88亿元；仅接入全市总额，不反推一般/专项分项。
SRC-SECONDARY-DEBT-SHANXI-LINFEN-2024,联合资信评估股份有限公司,B2,true,二手公开城市债务图表,https://www.shibor.org/dqs/cm-s-notice-query/fileDownLoad.do?contentId=3260246&mode=save&priority=0,https://www.shibor.org/dqs/cm-s-notice-query/fileDownLoad.do?contentId=3260246&mode=save&priority=0,shanxi_linfen_2024_rating.txt,text/plain,2025-12-01,city_year,1,1,1,CN-141000,2024,statutory_debt_balance_100m,accepted,评级报告转引公开数据，直接披露临汾市2024年末余额642.16亿元；来源等级B2，等待临汾市官方决算表交叉核验。
SRC-SECONDARY-DEBT-ANHUI-HEFEI-2024,区域研究报告,B2,true,二手公开城市债务图表,https://finance.sina.cn/2025-07-23/detail-infhmxpq6318951.d.html?vt=4,https://finance.sina.cn/2025-07-23/detail-infhmxpq6318951.d.html?vt=4,anhui_hefei_2024_rating.txt,text/plain,2025-07-23,city_year,1,1,1,CN-340100,2024,statutory_debt_balance_100m,accepted,区域研究报告披露合肥市2024年末余额2749.76亿元；未列一般/专项分项。
SRC-SECONDARY-DEBT-ANHUI-BENGBU-2024,东方金诚国际信用评估有限公司,B2,true,二手公开城市债务图表,https://static.sse.com.cn/disclosure/bond/announcement/corporate/c/new/2025-06-06/152079_20250606_O1EP.pdf,https://static.sse.com.cn/disclosure/bond/announcement/corporate/c/new/2025-06-06/152079_20250606_O1EP.pdf,anhui_bengbu_2024_rating.txt,text/plain,2025-06-06,city_year,1,1,1,CN-340300,2024,statutory_debt_balance_100m,accepted,评级报告区域表披露蚌埠市2024年末余额903.38亿元；未列一般/专项分项。
SRC-SECONDARY-DEBT-ANHUI-HUAINAN-2024,评级机构研究报告,B2,true,二手公开城市债务图表,https://www.shibor.org/dqs/cm-s-notice-query/fileDownLoad.do?contentId=3292774&mode=save&priority=0,https://www.shibor.org/dqs/cm-s-notice-query/fileDownLoad.do?contentId=3292774&mode=save&priority=0,anhui_huainan_2024_rating.txt,text/plain,2026-04-01,unclassified,0,0,0,,,,registered_no_selected_value,评级报告披露2024年末余额约680.90亿元，一般201.10、专项479.80亿元；分项为报告四舍五入值。
SRC-SECONDARY-DEBT-ANHUI-FUYANG-2024,东方金诚国际信用评估有限公司,B2,true,二手公开城市债务图表,https://static.sse.com.cn/disclosure/bond/announcement/corporate/c/new/2025-06-26/270125_20250626_Z3E3.pdf,https://static.sse.com.cn/disclosure/bond/announcement/corporate/c/new/2025-06-26/270125_20250626_Z3E3.pdf,anhui_fuyang_2024_rating.txt,text/plain,2025-06-26,city_year,1,1,1,CN-341200,2024,statutory_debt_balance_100m,accepted,评级报告区域表披露阜阳市2024年末余额1800.74亿元；未列一般/专项分项。
SRC-SECONDARY-DEBT-ANHUI-ANQING-2024,东方金诚国际信用评估有限公司,B2,true,二手公开城市债务图表,https://static.sse.com.cn/disclosure/bond/announcement/corporate/c/new/2025-06-24/184443_20250624_OT11.pdf,https://static.sse.com.cn/disclosure/bond/announcement/corporate/c/new/2025-06-24/184443_20250624_OT11.pdf,anhui_anqing_2024_rating.txt,text/plain,2025-06-24,city_year,1,1,1,CN-340800,2024,statutory_debt_balance_100m,accepted,评级报告区域表披露安庆市2024年末余额1175.60亿元；未列一般/专项分项。
SRC-OFFICIAL-DEBT-ANHUI-LIUAN-2024,六安市财政局,A2,true,地方政府债务限额及余额公开表,https://www.luan.gov.cn/group1/M00/11/62/wKgSGWeYjYiAOmzkAAC4YEqLbIk977.pdf,https://www.luan.gov.cn/group1/M00/11/62/wKgSGWeYjYiAOmzkAAC4YEqLbIk977.pdf,anhui_liuan_2024_official.txt,text/plain,2025-12-01,unclassified,0,0,0,,,,registered_no_selected_value,官方附件披露的是2024年末预计执行数，不冒充最终决算；一般296.07、专项942.33亿元，合计按两项相加。
SRC-SECONDARY-DEBT-ANHUI-BOZHOU-2024,中诚信国际信用评级有限责任公司,B2,true,二手公开城市债务图表,https://static.sse.com.cn/disclosure/bond/announcement/corporate/c/new/2025-06-25/184005_20250625_LUTE.pdf,https://static.sse.com.cn/disclosure/bond/announcement/corporate/c/new/2025-06-25/184005_20250625_LUTE.pdf,anhui_bozhou_2024_rating.txt,text/plain,2025-06-25,city_year,1,1,1,CN-341600,2024,statutory_debt_balance_100m,accepted,评级报告区域表披露亳州市2024年末余额1114.10亿元；未列一般/专项分项。
SRC-SECONDARY-DEBT-HUBEI-REGION-2024-SHIYAN,评级机构研究报告,B2,true,二手公开城市债务图表,https://static.sse.com.cn/disclosure/bond/announcement/company/c/new/2025-08-15/243489_20250815_E4Y6.pdf,https://static.sse.com.cn/disclosure/bond/announcement/company/c/new/2025-08-15/243489_20250815_E4Y6.pdf,hubei_shiyan_2024_rating.txt,text/plain,2025-08-15,city_year,1,1,1,CN-420300,2024,statutory_debt_balance_100m,accepted,区域表披露十堰市2024年末余额886.63亿元；仅接入全市总余额。
SRC-SECONDARY-DEBT-HUBEI-REGION-2024-XIANGYANG,评级机构研究报告,B2,true,二手公开城市债务图表,https://static.sse.com.cn/disclosure/bond/announcement/company/c/new/2025-08-15/243489_20250815_E4Y6.pdf,https://static.sse.com.cn/disclosure/bond/announcement/company/c/new/2025-08-15/243489_20250815_E4Y6.pdf,hubei_xiangyang_2024_rating.txt,text/plain,2025-08-15,city_year,1,1,1,CN-420600,2024,statutory_debt_balance_100m,accepted,区域表披露襄阳市2024年末余额1421.50亿元；仅接入全市总余额。
SRC-SECONDARY-DEBT-HUBEI-REGION-2024-JINGMEN,评级机构研究报告,B2,true,二手公开城市债务图表,https://static.sse.com.cn/disclosure/bond/announcement/company/c/new/2025-08-15/243489_20250815_E4Y6.pdf,https://static.sse.com.cn/disclosure/bond/announcement/company/c/new/2025-08-15/243489_20250815_E4Y6.pdf,hubei_jingmen_2024_rating.txt,text/plain,2025-08-15,city_year,1,1,1,CN-420800,2024,statutory_debt_balance_100m,accepted,区域表披露荆门市2024年末余额540.58亿元；仅接入全市总余额。
SRC-SECONDARY-DEBT-HUBEI-REGION-2024-XIAOGAN,评级机构研究报告,B2,true,二手公开城市债务图表,https://static.sse.com.cn/disclosure/bond/announcement/company/c/new/2025-08-15/243489_20250815_E4Y6.pdf,https://static.sse.com.cn/disclosure/bond/announcement/company/c/new/2025-08-15/243489_20250815_E4Y6.pdf,hubei_xiaogan_2024_rating.txt,text/plain,2025-08-15,city_year,1,1,1,CN-420900,2024,statutory_debt_balance_100m,accepted,区域表披露孝感市2024年末余额840.58亿元；仅接入全市总余额。
SRC-SECONDARY-DEBT-HUBEI-REGION-2024-JINGZHOU,评级机构研究报告,B2,true,二手公开城市债务图表,https://static.sse.com.cn/disclosure/bond/announcement/company/c/new/2025-08-15/243489_20250815_E4Y6.pdf,https://static.sse.com.cn/disclosure/bond/announcement/company/c/new/2025-08-15/243489_20250815_E4Y6.pdf,hubei_jingzhou_2024_rating.txt,text/plain,2025-08-15,city_year,1,1,1,CN-421000,2024,statutory_debt_balance_100m,accepted,区域表披露荆州市2024年末余额968.59亿元；仅接入全市总余额。
SRC-SECONDARY-DEBT-HUBEI-REGION-2024-HUANGGANG,评级机构研究报告,B2,true,二手公开城市债务图表,https://static.sse.com.cn/disclosure/bond/announcement/company/c/new/2025-08-15/243489_20250815_E4Y6.pdf,https://static.sse.com.cn/disclosure/bond/announcement/company/c/new/2025-08-15/243489_20250815_E4Y6.pdf,hubei_huanggang_2024_rating.txt,text/plain,2025-08-15,city_year,1,1,1,CN-421100,2024,statutory_debt_balance_100m,accepted,区域表披露黄冈市2024年末余额890.43亿元；仅接入全市总余额。
SRC-SECONDARY-DEBT-HUBEI-REGION-2024-XIANNING,中诚信国际信用评级有限责任公司,B2,true,二手公开城市债务图表,https://static.sse.com.cn/disclosure/bond/announcement/corporate/c/new/2025-06-26/152269_20250626_B2D8.pdf,https://static.sse.com.cn/disclosure/bond/announcement/corporate/c/new/2025-06-26/152269_20250626_B2D8.pdf,hubei_xianning_2024_rating.txt,text/plain,2025-06-26,city_year,1,1,1,CN-421200,2024,statutory_debt_balance_100m,accepted,评级报告披露咸宁市2024年末余额553.18亿元；仅接入全市总余额。
SRC-SECONDARY-DEBT-HUBEI-REGION-2024-SUIZHOU,中诚信国际信用评级有限责任公司,B2,true,二手公开城市债务图表,https://www.chinamoney.org.cn/dqs/cm-s-notice-query/fileDownLoad.do?contentId=3160784&mode=save&priority=0,https://www.chinamoney.org.cn/dqs/cm-s-notice-query/fileDownLoad.do?contentId=3160784&mode=save&priority=0,hubei_suizhou_2024_rating.txt,text/plain,2025-06-01,city_year,1,1,1,CN-421300,2024,statutory_debt_balance_100m,accepted,评级报告披露随州市2024年末余额308.18亿元；仅接入全市总余额。
SRC-SECONDARY-DEBT-HUBEI-REGION-2024-ENSHI,评级机构研究报告,B2,true,二手公开城市债务图表,https://static.sse.com.cn/disclosure/bond/announcement/company/c/new/2025-08-15/243489_20250815_E4Y6.pdf,https://static.sse.com.cn/disclosure/bond/announcement/company/c/new/2025-08-15/243489_20250815_E4Y6.pdf,hubei_enshi_2024_rating.txt,text/plain,2025-08-15,city_year,1,1,1,CN-422800,2024,statutory_debt_balance_100m,accepted,区域表披露恩施州2024年末余额830.78亿元；仅接入全州总余额。
SRC-SECONDARY-DEBT-GUANGXI-BAISE-2024,东方金诚国际信用评估有限公司,B2,true,二手公开城市债务图表,https://qxb-pdf-osscache.qixin.com/AnBaseinfo/cf4709dfb7705aa9c4c08e54f5487bd5.pdf,https://qxb-pdf-osscache.qixin.com/AnBaseinfo/cf4709dfb7705aa9c4c08e54f5487bd5.pdf,guangxi_baise_2024_rating.txt,text/plain,2025-06-01,city_year,1,1,1,CN-451000,2024,statutory_debt_balance_100m,accepted,评级报告披露百色市2024年末余额782.48亿元；未列一般/专项分项。
SRC-SECONDARY-DEBT-YUNNAN-KUNMING-2024,联合资信评估股份有限公司,B2,true,二手公开城市债务图表,https://www.lhratings.com/reports/B1151-P80588-2025.pdf,https://www.lhratings.com/reports/B1151-P80588-2025.pdf,yunnan_kunming_2024_rating.txt,text/plain,2025-06-30,unclassified,0,0,0,,,,registered_no_selected_value,联合资信评级报告根据公开资料列示昆明市2024年末地方政府债务余额2842.04亿元，其中一般债务758.46亿元、专项债务2083.58亿元；本条材料为B2级二手官方披露证据。
SRC-SECONDARY-DEBT-HEBEI-TANGSHAN-2025,大公国际资信评估有限公司,B2,true,二手公开城市债务图表,https://www.dagongcredit.com/dggj/content_file/ratingNotice/regularTracking/2026/7/f36183780d9b4cd2b95b4b0657ee6e01.pdf,https://www.dagongcredit.com/dggj/content_file/ratingNotice/regularTracking/2026/7/f36183780d9b4cd2b95b4b0657ee6e01.pdf,tangshan_2025_rating.txt,text/plain,2026-07-01,unclassified,0,0,0,,,,registered_no_selected_value,评级报告披露唐山市2025年末地方政府债务余额3127.72亿元，其中一般债务1099.52亿元、专项债务2028.20亿元；限额未在本条材料中完整列示。
SRC-PROVINCE-DEBT-ZHEJIANG-GENERAL-2023,浙江省财政厅,A1,true,地方政府债务限额及余额公开表,https://zjjcmspublic.oss-cn-hangzhou-zwynet-d01-a.internet.cloud.zj.gov.cn/jcms_files/jcms1/web1791/site/attach/0/ac30500bb0bd4bea9bc7b06169bd653f.pdf,https://zjjcmspublic.oss-cn-hangzhou-zwynet-d01-a.internet.cloud.zj.gov.cn/jcms_files/jcms1/web1791/site/attach/0/ac30500bb0bd4bea9bc7b06169bd653f.pdf,zhejiang_2023_general.txt,text/plain,2024-09-01,unclassified,0,0,0,,,,registered_no_selected_value,按地级行政单元逐行读取官方 PDF、XLSX 或其归档文本中的全域政府债务限额与余额；省本级、市本级、区县和小计行不并入地级市。
SRC-PROVINCE-DEBT-ZHEJIANG-SPECIAL-2023,浙江省财政厅,A1,true,地方政府债务限额及余额公开表,https://zjjcmspublic.oss-cn-hangzhou-zwynet-d01-a.internet.cloud.zj.gov.cn/jcms_files/jcms1/web1791/site/attach/0/5945a92651fd412cafeec926901dae45.pdf,https://zjjcmspublic.oss-cn-hangzhou-zwynet-d01-a.internet.cloud.zj.gov.cn/jcms_files/jcms1/web1791/site/attach/0/5945a92651fd412cafeec926901dae45.pdf,zhejiang_2023_special.txt,text/plain,2024-09-01,unclassified,0,0,0,,,,registered_no_selected_value,按地级行政单元逐行读取官方 PDF、XLSX 或其归档文本中的全域政府债务限额与余额；省本级、市本级、区县和小计行不并入地级市。
SRC-PROVINCE-DEBT-ZHEJIANG-GENERAL-2022,浙江省财政厅,A1,true,地方政府债务限额及余额公开表,https://czt.zj.gov.cn/attach/0/e88555b1e88949c69ca96485444e433f.pdf,https://czt.zj.gov.cn/attach/0/e88555b1e88949c69ca96485444e433f.pdf,zhejiang_2022_general.txt,text/plain,2023-09-01,unclassified,0,0,0,,,,registered_no_selected_value,按地级行政单元逐行读取官方 PDF、XLSX 或其归档文本中的全域政府债务限额与余额；省本级、市本级、区县和小计行不并入地级市。
SRC-PROVINCE-DEBT-ZHEJIANG-SPECIAL-2022,浙江省财政厅,A1,true,地方政府债务限额及余额公开表,https://czt.zj.gov.cn/module/download/downfile.jsp?classid=0&filename=361e16aea3a046bd81f0d8f220628d12.pdf,https://czt.zj.gov.cn/module/download/downfile.jsp?classid=0&filename=361e16aea3a046bd81f0d8f220628d12.pdf,zhejiang_2022_special.txt,text/plain,2023-09-01,unclassified,0,0,0,,,,registered_no_selected_value,按地级行政单元逐行读取官方 PDF、XLSX 或其归档文本中的全域政府债务限额与余额；省本级、市本级、区县和小计行不并入地级市。
SRC-PROVINCE-DEBT-ZHEJIANG-GENERAL-2021,浙江省财政厅,A1,true,地方政府债务限额及余额公开表,https://czt.zj.gov.cn/attach/0/0fea2716e03b456991abf0c373202460.pdf,https://czt.zj.gov.cn/attach/0/0fea2716e03b456991abf0c373202460.pdf,zhejiang_2021_general.txt,text/plain,2022-09-01,unclassified,0,0,0,,,,registered_no_selected_value,按地级行政单元逐行读取官方 PDF、XLSX 或其归档文本中的全域政府债务限额与余额；省本级、市本级、区县和小计行不并入地级市。
SRC-PROVINCE-DEBT-ZHEJIANG-SPECIAL-2021,浙江省财政厅,A1,true,地方政府债务限额及余额公开表,https://czt.zj.gov.cn/attach/0/a9b74aa6ee564975be8983bc7c4d382d.pdf,https://czt.zj.gov.cn/attach/0/a9b74aa6ee564975be8983bc7c4d382d.pdf,zhejiang_2021_special.txt,text/plain,2022-09-01,unclassified,0,0,0,,,,registered_no_selected_value,按地级行政单元逐行读取官方 PDF、XLSX 或其归档文本中的全域政府债务限额与余额；省本级、市本级、区县和小计行不并入地级市。
SRC-PROVINCE-DEBT-ZHEJIANG-GENERAL-2020,浙江省财政厅,A1,true,地方政府债务限额及余额公开表,https://czt.zj.gov.cn/module/download/downfile.jsp?classid=0&filename=b58801d9b26b49459682c6f2f62b1104.pdf,https://czt.zj.gov.cn/module/download/downfile.jsp?classid=0&filename=b58801d9b26b49459682c6f2f62b1104.pdf,zhejiang_2020_general.txt,text/plain,2021-09-01,unclassified,0,0,0,,,,registered_no_selected_value,按地级行政单元逐行读取官方 PDF、XLSX 或其归档文本中的全域政府债务限额与余额；省本级、市本级、区县和小计行不并入地级市。
SRC-PROVINCE-DEBT-ZHEJIANG-SPECIAL-2020,浙江省财政厅,A1,true,地方政府债务限额及余额公开表,https://zjjcmspublic.oss-cn-hangzhou-zwynet-d01-a.internet.cloud.zj.gov.cn/jcms_files/jcms1/web1791/site/attach/0/6e183c441ae64681973ed4f0851bde71.pdf,https://zjjcmspublic.oss-cn-hangzhou-zwynet-d01-a.internet.cloud.zj.gov.cn/jcms_files/jcms1/web1791/site/attach/0/6e183c441ae64681973ed4f0851bde71.pdf,zhejiang_2020_special.txt,text/plain,2021-09-01,unclassified,0,0,0,,,,registered_no_selected_value,按地级行政单元逐行读取官方 PDF、XLSX 或其归档文本中的全域政府债务限额与余额；省本级、市本级、区县和小计行不并入地级市。
SRC-PROVINCE-DEBT-ZHEJIANG-GENERAL-2018,浙江省财政厅,A1,true,地方政府债务限额及余额公开表,https://zjjcmspublic.oss-cn-hangzhou-zwynet-d01-a.internet.cloud.zj.gov.cn/jcms_files/jcms1/web1791/site/attach/0/018ed48417c34078a75ef96a33a6a3f5.pdf,https://zjjcmspublic.oss-cn-hangzhou-zwynet-d01-a.internet.cloud.zj.gov.cn/jcms_files/jcms1/web1791/site/attach/0/018ed48417c34078a75ef96a33a6a3f5.pdf,zhejiang_2018_general.txt,text/plain,2019-02-01,unclassified,0,0,0,,,,registered_no_selected_value,按地级行政单元逐行读取官方 PDF、XLSX 或其归档文本中的全域政府债务限额与余额；省本级、市本级、区县和小计行不并入地级市。
SRC-PROVINCE-DEBT-ZHEJIANG-SPECIAL-2018,浙江省财政厅,A1,true,地方政府债务限额及余额公开表,https://zjjcmspublic.oss-cn-hangzhou-zwynet-d01-a.internet.cloud.zj.gov.cn/jcms_files/jcms1/web1791/site/attach/0/075803fbec21467bb90019e0bdbe7aa0.pdf,https://zjjcmspublic.oss-cn-hangzhou-zwynet-d01-a.internet.cloud.zj.gov.cn/jcms_files/jcms1/web1791/site/attach/0/075803fbec21467bb90019e0bdbe7aa0.pdf,zhejiang_2018_special.txt,text/plain,2019-02-01,unclassified,0,0,0,,,,registered_no_selected_value,按地级行政单元逐行读取官方 PDF、XLSX 或其归档文本中的全域政府债务限额与余额；省本级、市本级、区县和小计行不并入地级市。
SRC-SECONDARY-DEBT-HUBEI-2018-CITY-TOTALS,国盛证券研究所,B2,true,二手公开城市债务图表,https://m.dcbbs.com/p-128056.html,https://m.dcbbs.com/p-128056.html,hubei_2018_city_debt_secondary.txt,text/plain,2019-05-26,multicity_batch,13,1,13,CN-420100;CN-420200;CN-420300;CN-420500;CN-420600;CN-420700;CN-420800;CN-420900;CN-421000;CN-421100;CN-421200;CN-421300;CN-422800,2018,statutory_debt_balance_100m,accepted,报告逐市列示湖北13个市州2018年地方政府债务余额，并注明资料来源为各市州财政决算报告、预算执行报告；本条仅接入全市/全州总余额，不由二手表格反推一般债务和专项债务。
SRC-SECONDARY-DEBT-HUBEI-2023-CITY-TOTALS,中诚信国际信用评级有限责任公司,B2,true,二手公开城市债务图表,https://pdf.dfcfw.com/pdf/H3_AP202411221641021462_1.pdf?1732286773000.pdf=,https://pdf.dfcfw.com/pdf/H3_AP202411221641021462_1.pdf?1732286773000.pdf=,hubei_2023_rating_city_totals.txt,text/plain,2024-11-22,multicity_batch,12,1,12,CN-420100;CN-420200;CN-420300;CN-420500;CN-420600;CN-420700;CN-420800;CN-420900;CN-421000;CN-421100;CN-421200;CN-422800,2023,statutory_debt_balance_100m,accepted,评级报告正文明确披露12个州市2023年末政府债务余额；仅接入全市/全州总余额，不由总额反推一般债务和专项债务，随州市及省直辖县级行政区因报告正文仅给出区间或图表未标注精确值而保留缺失。
SRC-SECONDARY-DEBT-SICHUAN-2022-TOP6,联合资信评估股份有限公司,B2,true,二手公开城市债务图表,https://www.governbond.org.cn/uploadFiles/51/attachFiles/202312/b7247c71-25bd-4b8a-8441-cbe7e8633ca3.pdf,https://www.governbond.org.cn/uploadFiles/51/attachFiles/202312/b7247c71-25bd-4b8a-8441-cbe7e8633ca3.pdf,sichuan_2022_rating_city_totals.txt,text/plain,2023-12-27,unclassified,0,0,0,,,,registered_no_selected_value,官方评级报告正文明确列示四川省债务规模最大的6个市州及2022年末余额；仅接入全市/全州总余额，不由总额反推一般债务和专项债务，其余市州保留缺失。
SRC-SECONDARY-DEBT-YUNNAN-2023-TOP3,上海新世纪资信评估投资服务有限公司,B2,true,二手公开城市债务图表,https://file.finance.sina.com.cn/211.154.219.97%3A9494/MRGG/BOND/2024/2024-12/2024-12-31/21771698.PDF,https://file.finance.sina.com.cn/211.154.219.97%3A9494/MRGG/BOND/2024/2024-12/2024-12-31/21771698.PDF,yunnan_2023_rating_top3.txt,text/plain,2024-12-31,multicity_batch,3,1,3,CN-530100;CN-530300;CN-530600,2023,statutory_debt_balance_100m,accepted,政府债券跟踪评级报告正文明确披露昆明、昭通、曲靖三地2023年末政府债务余额；仅接入全市总余额，不由总额反推一般债务和专项债务，其余州市保留缺失。
SRC-OFFICIAL-DEBT-HEBEI-CHENGDE-2023,承德市财政局,A2,true,地方政府债务限额及余额公开表,https://www.chengde.gov.cn/attach/0/646ee12fa88341b491b741e958001b45.pdf,https://www.chengde.gov.cn/attach/0/646ee12fa88341b491b741e958001b45.pdf,chengde_2023_official_report.txt,text/plain,2025-09-12,unclassified,0,0,0,,,,registered_no_selected_value,承德市官方预算报告附件披露本地区口径2023年末余额7630774万元，其中一般债务4298149万元、专项债务3332625万元；采用本地区全市口径，不把本级行误作全市行。
SRC-OFFICIAL-DEBT-YUNNAN-NUJIANG-2025,怒江州财政局,A2,true,地方政府债务限额及余额公开表,https://www.nujiang.gov.cn/xxgk/015279120/info/2026-275976.html,https://www.nujiang.gov.cn/xxgk/015279120/info/2026-275976.html,nujiang_2025_official_report.txt,text/plain,2026-02-09,unclassified,0,0,0,,,,registered_no_selected_value,怒江州财政局官方债务管理工作情况报告披露全州2025年末法定债务余额200.09亿元，其中一般债券113.50亿元、专项债券86.59亿元；同时披露2025年末债务限额202.82亿元。
SRC-OFFICIAL-DEBT-GUANGXI-HEZHOU-2018,贺州市人民政府、贺州市财政局,A2,true,地方政府债务限额及余额公开表,http://www.gxhz.gov.cn/zfxxgk/fdzdgknr/czxx/ysjs/zfys/t5111510.shtml,http://www.gxhz.gov.cn/zfxxgk/fdzdgknr/czxx/ysjs/zfys/t5111510.shtml,hezhou_2018_2025_official_debt.txt,text/plain,2019-01-25,unclassified,0,0,0,,,,registered_no_selected_value,贺州市官方预算报告附表披露全市年末政府债务总额及一般、专项债务拆分；2018—2019年表中标注为预计执行数，2020—2025年为年末余额表口径。全部保留原表万元精度后再换算为亿元。
SRC-OFFICIAL-DEBT-GUANGXI-HEZHOU-2019,贺州市人民政府、贺州市财政局,A2,true,地方政府债务限额及余额公开表,http://www.gxhz.gov.cn/zfxxgk/fdzdgknr/czxx/ysjs/zfys/t5411939.shtml,http://www.gxhz.gov.cn/zfxxgk/fdzdgknr/czxx/ysjs/zfys/t5411939.shtml,hezhou_2018_2025_official_debt.txt,text/plain,2020-05-17,unclassified,0,0,0,,,,registered_no_selected_value,贺州市官方预算报告附表披露全市年末政府债务总额及一般、专项债务拆分；2018—2019年表中标注为预计执行数，2020—2025年为年末余额表口径。全部保留原表万元精度后再换算为亿元。
SRC-OFFICIAL-DEBT-GUANGXI-HEZHOU-2020,贺州市人民政府、贺州市财政局,A2,true,地方政府债务限额及余额公开表,http://www.gxhz.gov.cn/zfxxgk/fdzdgknr/czxx/ysjs/zfys/t27530730.shtml,http://www.gxhz.gov.cn/zfxxgk/fdzdgknr/czxx/ysjs/zfys/t27530730.shtml,hezhou_2018_2025_official_debt.txt,text/plain,2021-05-10,unclassified,0,0,0,,,,registered_no_selected_value,贺州市官方预算报告附表披露全市年末政府债务总额及一般、专项债务拆分；2018—2019年表中标注为预计执行数，2020—2025年为年末余额表口径。全部保留原表万元精度后再换算为亿元。
SRC-OFFICIAL-DEBT-GUANGXI-HEZHOU-2021,贺州市人民政府、贺州市财政局,A2,true,地方政府债务限额及余额公开表,http://www.gxhz.gov.cn/zfxxgk/fdzdgknr/czxx/ysjs/zfys/t17127096.shtml,http://www.gxhz.gov.cn/zfxxgk/fdzdgknr/czxx/ysjs/zfys/t17127096.shtml,hezhou_2018_2025_official_debt.txt,text/plain,2022-01-21,unclassified,0,0,0,,,,registered_no_selected_value,贺州市官方预算报告附表披露全市年末政府债务总额及一般、专项债务拆分；2018—2019年表中标注为预计执行数，2020—2025年为年末余额表口径。全部保留原表万元精度后再换算为亿元。
SRC-OFFICIAL-DEBT-GUANGXI-HEZHOU-2022,贺州市人民政府、贺州市财政局,A2,true,地方政府债务限额及余额公开表,http://www.gxhz.gov.cn/zfxxgk/fdzdgknr/czxx/ysjs/zfys/t15669848.shtml,http://www.gxhz.gov.cn/zfxxgk/fdzdgknr/czxx/ysjs/zfys/t15669848.shtml,hezhou_2018_2025_official_debt.txt,text/plain,2023-01-20,unclassified,0,0,0,,,,registered_no_selected_value,贺州市官方预算报告附表披露全市年末政府债务总额及一般、专项债务拆分；2018—2019年表中标注为预计执行数，2020—2025年为年末余额表口径。全部保留原表万元精度后再换算为亿元。
SRC-OFFICIAL-DEBT-GUANGXI-HEZHOU-2023,贺州市人民政府、贺州市财政局,A2,true,地方政府债务限额及余额公开表,http://www.gxhz.gov.cn/zfxxgk/fdzdgknr/czxx/ysjs/zfys/t18291221.shtml,http://www.gxhz.gov.cn/zfxxgk/fdzdgknr/czxx/ysjs/zfys/t18291221.shtml,hezhou_2018_2025_official_debt.txt,text/plain,2024-03-15,unclassified,0,0,0,,,,registered_no_selected_value,贺州市官方预算报告附表披露全市年末政府债务总额及一般、专项债务拆分；2018—2019年表中标注为预计执行数，2020—2025年为年末余额表口径。全部保留原表万元精度后再换算为亿元。
SRC-OFFICIAL-DEBT-GUANGXI-HEZHOU-2024,贺州市人民政府、贺州市财政局,A2,true,地方政府债务限额及余额公开表,http://www.gxhz.gov.cn/zfxxgk/fdzdgknr/czxx/ysjs/zfys/t19576545.shtml,http://www.gxhz.gov.cn/zfxxgk/fdzdgknr/czxx/ysjs/zfys/t19576545.shtml,hezhou_2018_2025_official_debt.txt,text/plain,2025-02-07,unclassified,0,0,0,,,,registered_no_selected_value,贺州市官方预算报告附表披露全市年末政府债务总额及一般、专项债务拆分；2018—2019年表中标注为预计执行数，2020—2025年为年末余额表口径。全部保留原表万元精度后再换算为亿元。
SRC-OFFICIAL-DEBT-GUANGXI-HEZHOU-2025,贺州市人民政府、贺州市财政局,A2,true,地方政府债务限额及余额公开表,http://www.gxhz.gov.cn/zfxxgk/fdzdgknr/czxx/ysjs/zfys/t27389316.shtml,http://www.gxhz.gov.cn/zfxxgk/fdzdgknr/czxx/ysjs/zfys/t27389316.shtml,hezhou_2018_2025_official_debt.txt,text/plain,2026-03-18,unclassified,0,0,0,,,,registered_no_selected_value,贺州市官方预算报告附表披露全市年末政府债务总额及一般、专项债务拆分；2018—2019年表中标注为预计执行数，2020—2025年为年末余额表口径。全部保留原表万元精度后再换算为亿元。
SRC-OFFICIAL-DEBT-GUANGXI-LAIBIN-2018,来宾市人民政府、来宾市财政局,A2,true,地方政府债务限额及余额公开表,http://www.laibin.gov.cn/xxgk/fdzdgknr/zdlyxxgk_1/czyjs/zfys/t9140986.shtml,http://www.laibin.gov.cn/xxgk/fdzdgknr/zdlyxxgk_1/czyjs/zfys/t9140986.shtml,laibin_2018_2025_official_debt.txt,text/plain,2019-03-07,unclassified,0,0,0,,,,registered_no_selected_value,来宾市官方预算报告附表披露全市年末政府债务总额及一般、专项债务拆分；2018年表中标注为预计执行数，2019—2025年为年末余额表口径。全部保留原表万元精度后再换算为亿元。
SRC-OFFICIAL-DEBT-GUANGXI-LAIBIN-2019,来宾市人民政府、来宾市财政局,A2,true,地方政府债务限额及余额公开表,http://www.laibin.gov.cn/xxgk/fdzdgknr/zdlyxxgk_1/czyjs/zfys/t13077675.shtml,http://www.laibin.gov.cn/xxgk/fdzdgknr/zdlyxxgk_1/czyjs/zfys/t13077675.shtml,laibin_2018_2025_official_debt.txt,text/plain,2020-04-27,unclassified,0,0,0,,,,registered_no_selected_value,来宾市官方预算报告附表披露全市年末政府债务总额及一般、专项债务拆分；2018年表中标注为预计执行数，2019—2025年为年末余额表口径。全部保留原表万元精度后再换算为亿元。
SRC-OFFICIAL-DEBT-GUANGXI-LAIBIN-2020,来宾市人民政府、来宾市财政局,A2,true,地方政府债务限额及余额公开表,http://www.laibin.gov.cn/xxgk/fdzdgknr/zdlyxxgk_1/czyjs/zfys/t13078010.shtml,http://www.laibin.gov.cn/xxgk/fdzdgknr/zdlyxxgk_1/czyjs/zfys/t13078010.shtml,laibin_2018_2025_official_debt.txt,text/plain,2021-06-24,unclassified,0,0,0,,,,registered_no_selected_value,来宾市官方预算报告附表披露全市年末政府债务总额及一般、专项债务拆分；2018年表中标注为预计执行数，2019—2025年为年末余额表口径。全部保留原表万元精度后再换算为亿元。
SRC-OFFICIAL-DEBT-GUANGXI-LAIBIN-2021,来宾市人民政府、来宾市财政局,A2,true,地方政府债务限额及余额公开表,http://www.laibin.gov.cn/xxgk/fdzdgknr/zdlyxxgk_1/czyjs/zfys/t16656281.shtml,http://www.laibin.gov.cn/xxgk/fdzdgknr/zdlyxxgk_1/czyjs/zfys/t16656281.shtml,laibin_2018_2025_official_debt.txt,text/plain,2022-01-24,unclassified,0,0,0,,,,registered_no_selected_value,来宾市官方预算报告附表披露全市年末政府债务总额及一般、专项债务拆分；2018年表中标注为预计执行数，2019—2025年为年末余额表口径。全部保留原表万元精度后再换算为亿元。
SRC-OFFICIAL-DEBT-GUANGXI-LAIBIN-2022,来宾市人民政府、来宾市财政局,A2,true,地方政府债务限额及余额公开表,http://www.laibin.gov.cn/xxgk/fdzdgknr/zdlyxxgk_1/czyjs/zfys/t16130109.shtml,http://www.laibin.gov.cn/xxgk/fdzdgknr/zdlyxxgk_1/czyjs/zfys/t16130109.shtml,laibin_2018_2025_official_debt.txt,text/plain,2023-02-20,unclassified,0,0,0,,,,registered_no_selected_value,来宾市官方预算报告附表披露全市年末政府债务总额及一般、专项债务拆分；2018年表中标注为预计执行数，2019—2025年为年末余额表口径。全部保留原表万元精度后再换算为亿元。
SRC-OFFICIAL-DEBT-GUANGXI-LAIBIN-2023,来宾市人民政府、来宾市财政局,A2,true,地方政府债务限额及余额公开表,http://www.laibin.gov.cn/xxgk/fdzdgknr/zdlyxxgk_1/czyjs/zfys/t17995724.shtml,http://www.laibin.gov.cn/xxgk/fdzdgknr/zdlyxxgk_1/czyjs/zfys/t17995724.shtml,laibin_2018_2025_official_debt.txt,text/plain,2024-02-22,unclassified,0,0,0,,,,registered_no_selected_value,来宾市官方预算报告附表披露全市年末政府债务总额及一般、专项债务拆分；2018年表中标注为预计执行数，2019—2025年为年末余额表口径。全部保留原表万元精度后再换算为亿元。
SRC-OFFICIAL-DEBT-GUANGXI-LAIBIN-2024,来宾市人民政府、来宾市财政局,A2,true,地方政府债务限额及余额公开表,http://www.laibin.gov.cn/xxgk/fdzdgknr/zdlyxxgk_1/czyjs/zfys/t19660602.shtml,http://www.laibin.gov.cn/xxgk/fdzdgknr/zdlyxxgk_1/czyjs/zfys/t19660602.shtml,laibin_2018_2025_official_debt.txt,text/plain,2025-02-10,unclassified,0,0,0,,,,registered_no_selected_value,来宾市官方预算报告附表披露全市年末政府债务总额及一般、专项债务拆分；2018年表中标注为预计执行数，2019—2025年为年末余额表口径。全部保留原表万元精度后再换算为亿元。
SRC-OFFICIAL-DEBT-GUANGXI-LAIBIN-2025,来宾市人民政府、来宾市财政局,A2,true,地方政府债务限额及余额公开表,http://www.laibin.gov.cn/xxgk/fdzdgknr/zdlyxxgk_1/czyjs/zfys/t27345082.shtml,http://www.laibin.gov.cn/xxgk/fdzdgknr/zdlyxxgk_1/czyjs/zfys/t27345082.shtml,laibin_2018_2025_official_debt.txt,text/plain,2026-03-13,unclassified,0,0,0,,,,registered_no_selected_value,来宾市官方预算报告附表披露全市年末政府债务总额及一般、专项债务拆分；2018年表中标注为预计执行数，2019—2025年为年末余额表口径。全部保留原表万元精度后再换算为亿元。
SRC-OFFICIAL-DEBT-YUNNAN-CHUXIONG-2025,楚雄州人民政府、楚雄州财政局,A2,true,地方政府债务限额及余额公开表,https://www.cxz.gov.cn/info/1994/5219725.htm,https://www.cxz.gov.cn/info/1994/5219725.htm,chuxiong_2025_official_report.txt,text/plain,2026-02-04,city_year,1,1,1,CN-532300,2025,statutory_debt_balance_100m,accepted,楚雄州官方预算执行报告披露2025年末全州地方政府债务余额801.85亿元；报告只拆分州级与县市级，未披露全州一般债务与专项债务拆分，因此只录入法定债务总额。
SRC-OFFICIAL-DEBT-HAINAN-DIRECT-COUNTY-2018,海南省财政厅,A2,true,地方政府债务限额及余额公开表,https://mof.hainan.gov.cn/sczt/0701/201908/a945a61ca036439c874ed9df69aba1d7.shtml,https://mof.hainan.gov.cn/sczt/0701/201908/a945a61ca036439c874ed9df69aba1d7/files/81558d04ffc24106818a21fa8e2c6c69.xlsx,hainan_2018_2024_direct_county_aggregate.txt,text/plain,2019-08-05,unclassified,0,0,0,,,,registered_no_selected_value,海南省财政厅官方债务决算附件逐行列示15个省直辖县级行政单位；本记录将15行余额合计、一般余额、专项余额加总为稳定面板的CN-469000口径，不含儋州市、洋浦开发区。2018—2021年原表单位为亿元，2022—2024年原表单位为万元并按10000换算为亿元；该值是官方行加总值，不是原表直接列示的单独汇总行。
SRC-OFFICIAL-DEBT-HAINAN-DIRECT-COUNTY-2019,海南省财政厅,A2,true,地方政府债务限额及余额公开表,https://mof.hainan.gov.cn/sczt/0701/202008/a71adfd696984167aeb42eb4fb61f3b5.shtml,https://mof.hainan.gov.cn/sczt/0701/202008/a71adfd696984167aeb42eb4fb61f3b5/files/2d8ccd71b2784127a2bf78c42a377f9d.xlsx,hainan_2018_2024_direct_county_aggregate.txt,text/plain,2020-08-06,unclassified,0,0,0,,,,registered_no_selected_value,海南省财政厅官方债务决算附件逐行列示15个省直辖县级行政单位；本记录将15行余额合计、一般余额、专项余额加总为稳定面板的CN-469000口径，不含儋州市、洋浦开发区。2018—2021年原表单位为亿元，2022—2024年原表单位为万元并按10000换算为亿元；该值是官方行加总值，不是原表直接列示的单独汇总行。
SRC-OFFICIAL-DEBT-HAINAN-DIRECT-COUNTY-2020,海南省财政厅,A2,true,地方政府债务限额及余额公开表,https://mof.hainan.gov.cn/sczt/0701/202108/5cf05ab0a2d0407b854dc7ed3f312b23.shtml,https://mof.hainan.gov.cn/sczt/0701/202108/5cf05ab0a2d0407b854dc7ed3f312b23/files/40b890906bf448ce997d3e4019c7c7a8.xlsx,hainan_2018_2024_direct_county_aggregate.txt,text/plain,2021-08-16,unclassified,0,0,0,,,,registered_no_selected_value,海南省财政厅官方债务决算附件逐行列示15个省直辖县级行政单位；本记录将15行余额合计、一般余额、专项余额加总为稳定面板的CN-469000口径，不含儋州市、洋浦开发区。2018—2021年原表单位为亿元，2022—2024年原表单位为万元并按10000换算为亿元；该值是官方行加总值，不是原表直接列示的单独汇总行。
SRC-OFFICIAL-DEBT-HAINAN-DIRECT-COUNTY-2021,海南省财政厅,A2,true,地方政府债务限额及余额公开表,https://mof.hainan.gov.cn/sczt/0701/202208/0abe2770129b4f949a134a414d18bdeb.shtml,https://mof.hainan.gov.cn/sczt/0701/202208/0abe2770129b4f949a134a414d18bdeb/files/1f07f900ed2e40d394aa68dd698e6bdd.xlsx,hainan_2018_2024_direct_county_aggregate.txt,text/plain,2022-08-17,unclassified,0,0,0,,,,registered_no_selected_value,海南省财政厅官方债务决算附件逐行列示15个省直辖县级行政单位；本记录将15行余额合计、一般余额、专项余额加总为稳定面板的CN-469000口径，不含儋州市、洋浦开发区。2018—2021年原表单位为亿元，2022—2024年原表单位为万元并按10000换算为亿元；该值是官方行加总值，不是原表直接列示的单独汇总行。
SRC-OFFICIAL-DEBT-HAINAN-DIRECT-COUNTY-2022,海南省财政厅,A2,true,地方政府债务限额及余额公开表,https://mof.hainan.gov.cn/sczt/0701/202308/dbdeb5f5ce4e4745bfadb901f9bc2d3d.shtml,https://mof.hainan.gov.cn/sczt/0701/202308/dbdeb5f5ce4e4745bfadb901f9bc2d3d/files/cff8617f70d146cf815904ecb95ea663.zip,hainan_2018_2024_direct_county_aggregate.txt,text/plain,2023-08-18,unclassified,0,0,0,,,,registered_no_selected_value,海南省财政厅官方债务决算附件逐行列示15个省直辖县级行政单位；本记录将15行余额合计、一般余额、专项余额加总为稳定面板的CN-469000口径，不含儋州市、洋浦开发区。2018—2021年原表单位为亿元，2022—2024年原表单位为万元并按10000换算为亿元；该值是官方行加总值，不是原表直接列示的单独汇总行。
SRC-OFFICIAL-DEBT-HAINAN-DIRECT-COUNTY-2023,海南省财政厅,A2,true,地方政府债务限额及余额公开表,https://mof.hainan.gov.cn/sczt/0701/202408/9096845b5c3a41d4a9fb413e8c28c92a.shtml,https://mof.hainan.gov.cn/sczt/0701/202408/9096845b5c3a41d4a9fb413e8c28c92a/files/e83ae39e80f34fa4a5d398e3b544eb1e.xlsx,hainan_2018_2024_direct_county_aggregate.txt,text/plain,2024-08-19,unclassified,0,0,0,,,,registered_no_selected_value,海南省财政厅官方债务决算附件逐行列示15个省直辖县级行政单位；本记录将15行余额合计、一般余额、专项余额加总为稳定面板的CN-469000口径，不含儋州市、洋浦开发区。2018—2021年原表单位为亿元，2022—2024年原表单位为万元并按10000换算为亿元；该值是官方行加总值，不是原表直接列示的单独汇总行。
SRC-OFFICIAL-DEBT-HAINAN-DIRECT-COUNTY-2024,海南省财政厅,A2,true,地方政府债务限额及余额公开表,https://mof.hainan.gov.cn/sczt/0701/202508/a40ae43786644458a345731242978a25.shtml,https://mof.hainan.gov.cn/sczt/0701/202508/a40ae43786644458a345731242978a25/files/219eeaf256964bb9b9ede80d13960b1b.xlsx,hainan_2018_2024_direct_county_aggregate.txt,text/plain,2025-08-08,unclassified,0,0,0,,,,registered_no_selected_value,海南省财政厅官方债务决算附件逐行列示15个省直辖县级行政单位；本记录将15行余额合计、一般余额、专项余额加总为稳定面板的CN-469000口径，不含儋州市、洋浦开发区。2018—2021年原表单位为亿元，2022—2024年原表单位为万元并按10000换算为亿元；该值是官方行加总值，不是原表直接列示的单独汇总行。
SRC-OFFICIAL-DEBT-HAINAN-DIRECT-COUNTY-2025,海南省财政厅,A1,true,地方政府债务限额及余额公开表,https://mof.hainan.gov.cn/sczt/0701/202602/6ebe53293fb94419a6c123ba5fd243b2.shtml,https://mof.hainan.gov.cn/sczt/0701/202602/6ebe53293fb94419a6c123ba5fd243b2/files/3a3780a02c954f2795b6629a13c6f20b.xlsx,hainan_2018_2024_direct_county_aggregate.txt,text/plain,2026-02-14,unclassified,0,0,0,,,,registered_no_selected_value,海南省财政厅2026年省级政府预算公开附件表22逐行披露2025年余额预计执行数；本记录将儋州市之后的15个省直辖县级行政单位行值加总为稳定面板CN-469000口径，不含儋州市、海口市/三亚市及其区县、洋浦开发区。该值是官方预计执行数，不是2025年度最终决算直录，保留 preliminary 状态，待正式决算表复核。
SRC-CELMA-DEBT-HAINAN-2020-BUDGET-TABLE,海南省财政厅、中国地方政府债务管理协会,A2,true,地方政府债务限额及余额公开表,https://www.celma.org.cn/ndsjmx/index.jhtml?ad_code=46&ad_name=%E6%B5%B7%E5%8D%97%E7%9C%81,https://www.celma.org.cn/ndsjmx/index.jhtml?ad_code=46&ad_name=%E6%B5%B7%E5%8D%97%E7%9C%81,hainan_2020_2021_celma_debt.txt,text/plain,2021-02-10,unclassified,0,0,0,,,,registered_no_selected_value,CELMA归档的海南省政府预算公开附件逐行披露海口、三亚、儋州的债务限额、总余额及一般/专项拆分；三沙未列示，县级合计与儋州、洋浦历史边界重叠，未跨口径映射为省直管县组。
SRC-CELMA-DEBT-HAINAN-2021-BUDGET-TABLE,海南省财政厅、中国地方政府债务管理协会,A2,true,地方政府债务限额及余额公开表,https://www.celma.org.cn/ndsjmx/index.jhtml?ad_code=46&ad_name=%E6%B5%B7%E5%8D%97%E7%9C%81,https://www.celma.org.cn/ndsjmx/index.jhtml?ad_code=46&ad_name=%E6%B5%B7%E5%8D%97%E7%9C%81,hainan_2020_2021_celma_debt.txt,text/plain,2022-02-13,unclassified,0,0,0,,,,registered_no_selected_value,CELMA归档的海南省政府预算公开附件逐行披露海口、三亚、儋州的债务限额、总余额及一般/专项拆分；三沙未列示，县级合计与儋州、洋浦历史边界重叠，未跨口径映射为省直管县组。
SRC-SECONDARY-DEBT-ZHEJIANG-JINHUA-2025,东方金诚国际信用评估有限公司,B2,true,二手公开城市债务图表,https://www.chinamoney.org.cn/dqs/cm-s-notice-query/fileDownLoad.do?contentId=3351713&mode=save&priority=0,https://www.chinamoney.org.cn/dqs/cm-s-notice-query/fileDownLoad.do?contentId=3351713&mode=save&priority=0,jinhua_2025_rating_total.txt,text/plain,2026-06-30,city_year,1,1,1,CN-330700,2025,statutory_debt_balance_100m,accepted,中国外汇交易中心公开的东方金诚官方评级附件同业比较表及图表25列示金华市2025年地方政府债务余额2678.09亿元；注释说明数据来源于金华市政府官网公开统计公报、预决算报告等，东方金诚整理。本条仅接入总余额，不反推一般债务和专项债务。
SRC-SECONDARY-DEBT-ZHEJIANG-ZHOUSHAN-2025,东方金诚国际信用评估有限公司,B2,true,二手公开城市债务图表,https://www.chinamoney.org.cn/dqs/cm-s-notice-query/fileDownLoad.do?contentId=3351713&mode=save&priority=0,https://www.chinamoney.org.cn/dqs/cm-s-notice-query/fileDownLoad.do?contentId=3351713&mode=save&priority=0,zhoushan_2025_rating_total.txt,text/plain,2026-06-01,city_year,1,1,1,CN-330900,2025,statutory_debt_balance_100m,accepted,中国外汇交易中心公开的东方金诚官方评级附件同业比较表列示舟山市2025年地方政府债务余额778.05亿元；注释说明数据来源于各地政府官网公开统计公报、预决算报告等，东方金诚整理。本条仅接入总余额，不反推一般债务和专项债务。
SRC-SECONDARY-DEBT-JIANGSU-2018-CITY-TOTALS,国盛证券研究所,B2,true,二手公开城市债务图表,https://pdf.dfcfw.com/pdf/H3_AP201907161338972633_1.pdf,https://pdf.dfcfw.com/pdf/H3_AP201907161338972633_1.pdf,jiangsu_2018_research_city_totals.txt,text/plain,2019-07-16,multicity_batch,13,1,13,CN-320100;CN-320200;CN-320300;CN-320400;CN-320500;CN-320600;CN-320700;CN-320800;CN-320900;CN-321000;CN-321100;CN-321200;CN-321300,2018,statutory_debt_balance_100m,accepted,报告第9页表格列示江苏省13个地级市2018年地方政府债务余额，报告称数据来源为各地级市预算执行报告；本条仅接入总余额，不反推一般债务和专项债务。
SRC-SECONDARY-DEBT-SICHUAN-CHENGDU-2018,联合资信评估股份有限公司,B2,true,二手公开城市债务图表,https://www.lhratings.com/file/82ebbb83-d27a-4e45-a73c-302e4b04a07d.pdf,https://www.lhratings.com/file/82ebbb83-d27a-4e45-a73c-302e4b04a07d.pdf,chengdu_2018_rating_total.txt,text/plain,2019-12-16,city_year,1,1,1,CN-510100,2018,statutory_debt_balance_100m,accepted,报告正文明确披露2018年底成都市政府债务余额2339.6亿元；其余市州在同页图形中未给出可复核的精确数字。本条仅接入正文明确的总余额，不反推一般债务和专项债务。
SRC-SECONDARY-DEBT-YUNNAN-KUNMING-2018,联合资信评估股份有限公司,B2,true,二手公开城市债务图表,https://www.lhratings.com/file/1474849d-0a53-4af9-bd05-f034e17f906a.pdf,https://www.lhratings.com/file/1474849d-0a53-4af9-bd05-f034e17f906a.pdf,kunming_2018_rating_total.txt,text/plain,2019-12-11,city_year,1,1,1,CN-530100,2018,statutory_debt_balance_100m,accepted,报告正文明确披露2018年昆明市政府债务规模2005.90亿元；其余市州仅以图形展示，未给出可复核的精确数字。本条仅接入正文明确的总余额，不反推一般债务和专项债务。
SRC-OFFICIAL-DEBT-HUBEI-2018-DIRECT-AGG,湖北省仙桃市、潜江市、天门市、神农架林区财政部门,A1,true,地方政府债务限额及余额公开表,http://www.snj.gov.cn/zwgk/xxgkml/bmys/lqczyjs/202105/t20210527_3564055.html,http://www.snj.gov.cn/zwgk/xxgkml/bmys/lqczyjs/202105/t20210527_3564055.html,hubei_2018_direct_counties_total.txt,text/plain,2019-08-28,city_year,1,1,1,CN-429000,2018,statutory_debt_balance_100m,accepted,仙桃55.9915868225、潜江47.0565、天门52.8985、神农架16.9631亿元均来自四地财政部门官方决算表或官方财政决算附件，四项合计172.9096868225亿元，映射至面板省直辖县级行政区划目标行；仅接入总余额，不反推一般债务和专项债务。
SRC-OFFICIAL-DEBT-HUBEI-2019-DIRECT-AGG,湖北省仙桃市、潜江市、天门市、神农架林区财政部门,A1,true,地方政府债务限额及余额公开表,http://www.snj.gov.cn/zwgk/xxgkml/bmys/lqczyjs/202011/t20201125_3052890.html,http://www.snj.gov.cn/zwgk/xxgkml/bmys/lqczyjs/202011/t20201125_3052890.html,hubei_2019_direct_counties_total.txt,text/plain,2020-09-01,city_year,1,1,1,CN-429000,2019,statutory_debt_balance_100m,accepted,仙桃63.3523542538、潜江50.6069、天门68.7033、神农架19.0075亿元均来自四地财政部门官方决算表或官方预算决算公开附件，四项合计201.6700542538亿元，映射至面板省直辖县级行政区划目标行；仅接入总余额，不反推一般债务和专项债务。
SRC-SECONDARY-DEBT-HUBEI-2024-DIRECT-AGG,中证鹏元资信评估股份有限公司,B2,true,二手公开城市债务图表,https://static.sse.com.cn/disclosure/bond/announcement/company/c/new/2025-08-15/243489_20250815_E4Y6.pdf,https://static.sse.com.cn/disclosure/bond/announcement/company/c/new/2025-08-15/243489_20250815_E4Y6.pdf,hubei_2024_direct_counties_total.txt,text/plain,2025-08-15,city_year,1,1,1,CN-429000,2024,statutory_debt_balance_100m,accepted,报告表格列示仙桃、潜江、天门、神农架林区2024年政府债务余额，本条将四个直管县级行政区划数值合计为省直辖县级行政区划目标行520.91亿元；仅接入合计总余额，不反推一般债务和专项债务。
SRC-SECONDARY-DEBT-HUBEI-2020-DIRECT-AGG,中诚信国际信用评级有限责任公司,B2,true,二手公开城市债务图表,https://www.governbond.org.cn/uploadFiles/42/attachFiles/202104/af9abb27-dab6-42c4-ae3c-f018ff299aaf.pdf,https://www.governbond.org.cn/uploadFiles/42/attachFiles/202104/af9abb27-dab6-42c4-ae3c-f018ff299aaf.pdf,hubei_2020_direct_counties_total.txt,text/plain,2021-04-01,city_year,1,1,1,CN-429000,2020,statutory_debt_balance_100m,accepted,评级报告列示仙桃、潜江、天门、神农架林区2020年末余额；本条将四项合计242.39亿元映射至面板省直辖县级行政区划占位行，仅接入总余额，不反推一般债务和专项债务。
SRC-SECONDARY-DEBT-HUBEI-2025-DIRECT-AGG,东方金诚及湖北省直管县级行政区官方预算公开资料,B2,true,二手公开城市债务图表,https://www.dfratings.com/uploads/files/2026/0625/bkzWa1vZHx4M9Smg2sOgfb5Em8BOr5EAKljyF9Sc.pdf,https://www.dfratings.com/uploads/files/2026/0625/bkzWa1vZHx4M9Smg2sOgfb5Em8BOr5EAKljyF9Sc.pdf,hubei_2025_direct_counties_total.txt,text/plain,2026-06-25,city_year,1,1,1,CN-429000,2025,statutory_debt_balance_100m,accepted,仙桃、潜江、天门、神农架四项合计604.693亿元映射至面板省直辖县级行政区划目标行；仙桃采用东方金诚报告明确为2025年数据的193.18亿元，潜江、天门、神农架采用各地官方公开数据。仅接入合计总余额，不反推一般债务和专项债务。
SRC-SECONDARY-DEBT-HUBEI-2021-DIRECT-AGG,中证鹏元资信评估股份有限公司及湖北省地方政府公开资料,B2,true,二手公开城市债务图表,https://static.sse.com.cn/disclosure/bond/announcement/corporate/c/new/2022-06-16/139095_20220616_1_rZo3BVJi.pdf,https://static.sse.com.cn/disclosure/bond/announcement/corporate/c/new/2022-06-16/139095_20220616_1_rZo3BVJi.pdf,hubei_2021_direct_counties_total.txt,text/plain,2022-06-16,city_year,1,1,1,CN-429000,2021,statutory_debt_balance_100m,accepted,仙桃91.89、潜江64.07、天门97.7424、神农架22.4616四项合计276.164亿元，映射至面板省直辖县级行政区划目标行；仅接入合计总余额，不反推一般债务和专项债务。
SRC-SECONDARY-DEBT-HUBEI-2023-DIRECT-AGG,中诚信国际信用评级有限责任公司,B2,true,二手公开城市债务图表,https://qxb-pdf-osscache.qixin.com/AnBaseinfo/3ad254eb6e8591dbc5a74b1ae44dd875.pdf,https://qxb-pdf-osscache.qixin.com/AnBaseinfo/3ad254eb6e8591dbc5a74b1ae44dd875.pdf,hubei_2023_direct_counties_total.txt,text/plain,2024-07-26,city_year,1,1,1,CN-429000,2023,statutory_debt_balance_100m,accepted,中诚信国际报告表2列示仙桃126.95、潜江122.90、天门139.62、神农架26.45亿元，四项合计415.92亿元，映射至面板省直辖县级行政区划目标行；仅接入合计总余额，不反推一般债务和专项债务。
SRC-SECONDARY-DEBT-HUBEI-2022-DIRECT-AGG,湖北省直管县级行政区官方预算公开资料及评级报告,B2,true,二手公开城市债务图表,https://www.gcs66.com/document_detail/109962.html,https://www.gcs66.com/document_detail/109962.html,hubei_2022_direct_counties_total.txt,text/plain,2023-06-02,city_year,1,1,1,CN-429000,2022,statutory_debt_balance_100m,accepted,仙桃112.34、潜江94.60、天门114.38、神农架24.4202亿元四项合计345.7402亿元，映射至面板省直辖县级行政区划目标行。神农架数值为截至2022年11月底余额，故合计标记为 provisional，待年末决算复核；仅接入总余额，不反推一般债务和专项债务。
SRC-SECONDARY-DEBT-SHANXI-2023-RATING-TOTALS,新世纪资信评估有限公司,B2,true,二手公开城市债务图表,https://pdf.dfcfw.com/pdf/H3_AP202411281641099799_1.pdf?1732793169000.pdf=,https://pdf.dfcfw.com/pdf/H3_AP202411281641099799_1.pdf?1732793169000.pdf=,shanxi_2023_rating_totals.txt,text/plain,2024-11-28,multicity_batch,4,1,4,CN-140100;CN-140600;CN-140700;CN-141000,2023,statutory_debt_balance_100m,accepted,报告第26页明确披露太原、晋中、临汾、朔州2023年末政府债务余额，报告称根据各地政府公开数据整理；本条仅接入正文明确的总余额，不反推一般债务和专项债务。
SRC-SECONDARY-DEBT-HEBEI-2023-RATING-TOTALS,新世纪资信评估有限公司,B2,true,二手公开城市债务图表,https://pdf.dfcfw.com/pdf/H3_AP202412031641155089_1.pdf?1733239214000.pdf=,https://pdf.dfcfw.com/pdf/H3_AP202412031641155089_1.pdf?1733239214000.pdf=,hebei_2023_rating_totals.txt,text/plain,2024-12-03,multicity_batch,4,1,4,CN-130100;CN-130200;CN-130600;CN-131100,2023,statutory_debt_balance_100m,accepted,报告第2、20页明确披露石家庄、唐山、保定、衡水2023年末政府债务余额，报告称数据来自各地级市财政决算、预算执行及其他公开资料；本条仅接入正文明确的总余额，不反推一般债务和专项债务。
SRC-SECONDARY-DEBT-HEBEI-BAODING-2020,新世纪资信评估有限公司,B2,true,二手公开城市债务图表,https://pdf.dfcfw.com/pdf/H3_AP202412031641155089_1.pdf?1733239214000.pdf=,https://pdf.dfcfw.com/pdf/H3_AP202412031641155089_1.pdf?1733239214000.pdf=,hebei_baoding_2020_rating_total.txt,text/plain,2024-12-03,city_year,1,1,1,CN-130600,2020,statutory_debt_balance_100m,accepted,报告第20页明确披露保定市政府债务余额已从2020年末706.84亿元增至2023年末1749.34亿元；本条仅接入正文明确的2020年总余额，不反推一般债务和专项债务。
SRC-SECONDARY-DEBT-SHANXI-JINZHONG-2024,上海新世纪资信评估投资服务有限公司,B2,true,二手公开城市债务图表,https://static.sse.com.cn/disclosure/bond/announcement/company/c/new/2025-06-26/185464_20250626_Y2SG.pdf,https://static.sse.com.cn/disclosure/bond/announcement/company/c/new/2025-06-26/185464_20250626_Y2SG.pdf,shanxi_jinzhong_2024_rating.txt,text/plain,2025-06-26,unclassified,0,0,0,,,,registered_no_selected_value,评级报告明确披露截至2024年末晋中市全市地方政府债务余额599.26亿元，其中一般债务283.55亿元、专项债务315.71亿元；接入全市口径，不与市本级口径混用。
SRC-OFFICIAL-DEBT-SHANXI-LVLIANG-2024,吕梁市财政局,A2,true,地方政府债务限额及余额公开表,https://www.lvliang.gov.cn/llxxgk/zfxxgk/xxgkml/zjxx_21583/sjczyshsgjf/202509/P020250922397937336737.pdf,https://www.lvliang.gov.cn/llxxgk/zfxxgk/xxgkml/zjxx_21583/sjczyshsgjf/202509/P020250922397937336737.pdf,shanxi_lvliang_2024_official.txt,text/plain,2025-09-22,unclassified,0,0,0,,,,registered_no_selected_value,市财政局决算公开附件附表十三明确列示全市2024年末政府债务余额559.6589亿元，其中一般债务270.2474亿元、专项债务289.4115亿元；保留万元原始精度并转换为亿元。
SRC-SECONDARY-DEBT-HEBEI-TANGSHAN-2024,东方金诚国际信用评估有限公司,B2,true,二手公开城市债务图表,https://www.chinamoney.org.cn/dqs/cm-s-notice-query/fileDownLoad.do?contentId=3173065&mode=save&priority=0,https://www.chinamoney.org.cn/dqs/cm-s-notice-query/fileDownLoad.do?contentId=3173065&mode=save&priority=0,hebei_tangshan_2024_rating.txt,text/plain,2025-08-11,city_year,1,1,1,CN-130200,2024,statutory_debt_balance_100m,accepted,评级报告明确列示唐山市2024年末政府债务余额2832.01亿元，数据来源为唐山市公开财政资料；本条仅接入全市法定政府债务总额，不反推一般债务和专项债务。
SRC-SECONDARY-DEBT-HEBEI-HANDAN-2024,联合资信评估股份有限公司,B2,true,二手公开城市债务图表,https://static.sse.com.cn/disclosure/bond/announcement/corporate/c/new/2025-06-26/152545_20250626_RXRL.pdf,https://static.sse.com.cn/disclosure/bond/announcement/corporate/c/new/2025-06-26/152545_20250626_RXRL.pdf,hebei_handan_2024_rating.txt,text/plain,2025-06-26,unclassified,0,0,0,,,,registered_no_selected_value,评级报告明确披露邯郸市2024年末政府债务余额1531.64亿元，其中一般债务544.58亿元、专项债务987.06亿元；报告依据公开财政资料整理。
SRC-SECONDARY-DEBT-ANHUI-MAANSHAN-2024,远东资信评估有限公司,B2,true,二手公开城市债务图表,https://qxb-pdf-osscache.qixin.com/AnBaseinfo/6e7be8c9a1c8c3d26197a34690b67f41.pdf,https://qxb-pdf-osscache.qixin.com/AnBaseinfo/6e7be8c9a1c8c3d26197a34690b67f41.pdf,anhui_maanshan_2024_rating.txt,text/plain,2025-11-17,unclassified,0,0,0,,,,registered_no_selected_value,评级报告明确披露截至2024年末马鞍山市政府债务余额961.24亿元，其中一般债务313.28亿元、专项债务647.96亿元；本条接入全市口径。
SRC-SECONDARY-DEBT-HEBEI-QINHUANGDAO-2024,中诚信国际信用评级有限责任公司,B2,true,二手公开城市债务图表,https://static.sse.com.cn/disclosure/bond/announcement/company/c/new/2025-06-30/115014_20250630_HFLK.pdf,https://static.sse.com.cn/disclosure/bond/announcement/company/c/new/2025-06-30/115014_20250630_HFLK.pdf,hebei_qinhuangdao_2024_rating.txt,text/plain,2025-06-30,city_year,1,1,1,CN-130300,2024,statutory_debt_balance_100m,accepted,评级报告明确披露截至2024年末秦皇岛市政府债务余额884.72亿元；本条仅接入全市法定政府债务总额，不反推一般债务和专项债务。
SRC-SECONDARY-DEBT-HEBEI-ZHANGJIAKOU-2024,联合资信评估股份有限公司,B2,true,二手公开城市债务图表,https://static.sse.com.cn/disclosure/bond/announcement/corporate/c/new/2025-06-27/152297_20250627_NP11.pdf,https://static.sse.com.cn/disclosure/bond/announcement/corporate/c/new/2025-06-27/152297_20250627_NP11.pdf,hebei_zhangjiakou_2024_rating.txt,text/plain,2025-06-27,unclassified,0,0,0,,,,registered_no_selected_value,评级报告明确披露截至2024年末张家口市政府债务余额1547.17亿元，其中一般债务550.21亿元、专项债务996.96亿元；报告依据市级决算及预算执行公开资料整理。
SRC-SECONDARY-DEBT-HEBEI-XINGTAI-2024,联合资信评估股份有限公司,B2,true,二手公开城市债务图表,https://static.sse.com.cn/disclosure/bond/announcement/company/c/new/2025-06-27/240952_20250627_SSPT.pdf,https://static.sse.com.cn/disclosure/bond/announcement/company/c/new/2025-06-27/240952_20250627_SSPT.pdf,hebei_xingtai_2024_rating.txt,text/plain,2025-06-27,city_year,1,1,1,CN-130500,2024,statutory_debt_balance_100m,accepted,评级报告明确披露截至2024年末邢台市地方政府债务余额1226.60亿元；本条仅接入全市法定政府债务总额，不反推一般债务和专项债务。
SRC-SECONDARY-DEBT-HEBEI-LANGFANG-2024,联合资信评估股份有限公司,B2,true,二手公开城市债务图表,https://www.lhratings.com/reports/A0187-P62588-2022-GZ2025.pdf,https://www.lhratings.com/reports/A0187-P62588-2022-GZ2025.pdf,hebei_langfang_2024_rating.txt,text/plain,2025-07-31,city_year,1,1,1,CN-131000,2024,statutory_debt_balance_100m,accepted,评级报告明确披露截至2024年末廊坊市地方政府债务1247.98亿元，其中专项债余额1020.38亿元；由于报告未直接给出一般债务余额，本条仅接入全市法定政府债务总额。
SRC-SECONDARY-DEBT-ANHUI-HUAIBEI-2024,中诚信国际信用评级有限责任公司,B2,true,二手公开城市债务图表,https://static.sse.com.cn/disclosure/bond/announcement/corporate/c/new/2025-06-27/184191_20250627_Z03O.pdf,https://static.sse.com.cn/disclosure/bond/announcement/corporate/c/new/2025-06-27/184191_20250627_Z03O.pdf,anhui_huaibei_2024_rating.txt,text/plain,2025-06-27,unclassified,0,0,0,,,,registered_no_selected_value,评级报告明确披露截至2024年末淮北市政府债务余额444.22亿元，其中一般债务104.97亿元、专项债务339.25亿元；本条接入全市口径。
SRC-SECONDARY-DEBT-ANHUI-CHUZHOU-2024,中诚信国际信用评级有限责任公司,B2,true,二手公开城市债务图表,https://www.chinamoney.com.cn/dqs/cm-s-notice-query/fileDownLoad.do?contentId=3140081&mode=open&priority=0&sign=Q%2Fd8solfMh3GOoMI5WmGUaZA1ukiCpO5sMwap9ByMZnt4tsJZeSkX6Wq1v3lRrKsnQLcWdAPun00%0ALsYa5AtcTZpCs2CvuKf8xTKL5JKkAphGIIEbpsADAhjeg2dCZIBVMUOFd2LaiLvRLJLML9AfJTc%2F%0AI44XV2MvFkyyEBuTLsA%3D%0A&ut=d4sWP7sRI0b30%2BKgCbanLt3Eg2M1Uxz%2BsZRGGpJosH9xlsHxkHrTMrLwMpdof3ZCs0JProjgnWsl%0AQS8nz%2BdAusShCW5AkU4DA4ABBNIIjSX8wGJ93%2ByBYItBFGt49A4qLCIL%2BCvieXIm4E%2BuXYzCHKg8%0ATAZrkFqOTfUr1%2FafHWA%3D%0A,https://www.chinamoney.com.cn/dqs/cm-s-notice-query/fileDownLoad.do?contentId=3140081&mode=open&priority=0&sign=Q%2Fd8solfMh3GOoMI5WmGUaZA1ukiCpO5sMwap9ByMZnt4tsJZeSkX6Wq1v3lRrKsnQLcWdAPun00%0ALsYa5AtcTZpCs2CvuKf8xTKL5JKkAphGIIEbpsADAhjeg2dCZIBVMUOFd2LaiLvRLJLML9AfJTc%2F%0AI44XV2MvFkyyEBuTLsA%3D%0A&ut=d4sWP7sRI0b30%2BKgCbanLt3Eg2M1Uxz%2BsZRGGpJosH9xlsHxkHrTMrLwMpdof3ZCs0JProjgnWsl%0AQS8nz%2BdAusShCW5AkU4DA4ABBNIIjSX8wGJ93%2ByBYItBFGt49A4qLCIL%2BCvieXIm4E%2BuXYzCHKg8%0ATAZrkFqOTfUr1%2FafHWA%3D%0A,anhui_chuzhou_2024_rating.txt,text/plain,2025-06-27,unclassified,0,0,0,,,,registered_no_selected_value,评级报告明确披露2024年末滁州市政府债务余额1486.70亿元，其中一般债务254.78亿元、专项债务1231.92亿元；本条接入全市口径。
SRC-SECONDARY-DEBT-ANHUI-CHIZHOU-2024,联合资信评估股份有限公司,B2,true,二手公开城市债务图表,https://static.sse.com.cn/disclosure/bond/announcement/corporate/c/new/2025-06-27/184781_20250627_KW15.pdf,https://static.sse.com.cn/disclosure/bond/announcement/corporate/c/new/2025-06-27/184781_20250627_KW15.pdf,anhui_chizhou_2024_rating.txt,text/plain,2025-06-27,unclassified,0,0,0,,,,registered_no_selected_value,评级报告明确披露截至2024年底池州市地方政府债务余额435.06亿元，其中一般债务152.55亿元、专项债务282.51亿元；报告依据公开资料整理。
SRC-SECONDARY-DEBT-ANHUI-CHIZHOU-2023,东方金诚国际信用评估有限公司,B2,true,二手公开城市债务图表,https://www.dfratings.com/uploads/files/2026/0629/itX3d0tuLzaTYVQEjdr70TIgWVlQQNefgfJXynV0.pdf,https://www.dfratings.com/uploads/files/2026/0629/itX3d0tuLzaTYVQEjdr70TIgWVlQQNefgfJXynV0.pdf,anhui_chizhou_2023_rating.txt,text/plain,2026-06-23,city_year,1,1,1,CN-341700,2023,statutory_debt_balance_100m,accepted,东方金诚评级报告图表13直接列示2023年池州市地方政府债务余额365.51亿元，资料来源为池州市2023—2024年财政决算及2025年财政预算执行情况；本条仅接入全市法定政府债务总额，不反推一般债务和专项债务。
SRC-SECONDARY-DEBT-JIANGXI-JINGDEZHEN-2024,中诚信国际信用评级有限责任公司,B2,true,二手公开城市债务图表,https://static.sse.com.cn/disclosure/bond/announcement/corporate/c/new/2025-06-26/271106_20250626_WUW2.pdf,https://static.sse.com.cn/disclosure/bond/announcement/corporate/c/new/2025-06-26/271106_20250626_WUW2.pdf,jiangxi_jingdezhen_2024_rating.txt,text/plain,2025-06-26,city_year,1,1,1,CN-360200,2024,statutory_debt_balance_100m,accepted,评级报告明确披露2024年末景德镇市地方政府债务余额710.12亿元；本条仅接入全市法定政府债务总额，不反推一般债务和专项债务。
SRC-SECONDARY-DEBT-JIANGXI-XINYU-2024,中证鹏元资信评估股份有限公司,B2,true,二手公开城市债务图表,https://static.sse.com.cn/disclosure/bond/announcement/corporate/c/new/2025-07-29/152868_20250729_VT2I.pdf,https://static.sse.com.cn/disclosure/bond/announcement/corporate/c/new/2025-07-29/152868_20250729_VT2I.pdf,jiangxi_xinyu_2024_rating.txt,text/plain,2025-07-29,city_year,1,1,1,CN-360500,2024,statutory_debt_balance_100m,accepted,评级报告明确披露2024年末新余市地方政府债务余额475.40亿元；本条仅接入全市法定政府债务总额，不反推一般债务和专项债务。
SRC-SECONDARY-DEBT-JIANGXI-YINGTAN-2024,中证鹏元资信评估股份有限公司,B2,true,二手公开城市债务图表,https://static.sse.com.cn/disclosure/bond/announcement/corporate/c/new/2025-07-21/270111_20250721_I8QZ.pdf,https://static.sse.com.cn/disclosure/bond/announcement/corporate/c/new/2025-07-21/270111_20250721_I8QZ.pdf,jiangxi_yingtan_2024_rating.txt,text/plain,2025-07-21,city_year,1,1,1,CN-360600,2024,statutory_debt_balance_100m,accepted,评级报告明确披露2024年末鹰潭市地方政府债务余额529.85亿元；本条仅接入全市法定政府债务总额，不反推一般债务和专项债务。
SRC-SECONDARY-DEBT-HENAN-DIRECT-COUNTY-2024,中证鹏元资信评估股份有限公司,B2,true,二手公开城市债务图表,https://www.cspengyuan.com/api/files/6960d39342b27b2bdc799e71,https://www.cspengyuan.com/api/files/6960d39342b27b2bdc799e71,henan_jiyuan_2024_rating.txt,text/plain,2025-12-30,city_year,1,1,1,CN-419000,2024,statutory_debt_balance_100m,accepted,研究报告明确披露济源市（济源示范区）2024年末法定政府债务余额180.09亿元；接入面板中的省直辖县级行政区划占位行，仅录入总额，不反推一般债务和专项债务。
SRC-OFFICIAL-DEBT-HENAN-DIRECT-COUNTY-2025,河南省财政厅,A2,true,地方政府债务限额及余额公开表,https://xcoss.henan.gov.cn/typtfile/20260206/af8a62949574472bb416497a2e338304.pdf,https://xcoss.henan.gov.cn/typtfile/20260206/af8a62949574472bb416497a2e338304.pdf,henan_direct_county_2025_budget.txt,text/plain,2026-02-06,unclassified,0,0,0,,,,registered_no_selected_value,省级财政厅官方预算附件列示济源示范区2025年末债务余额执行数211.7亿元，其中一般债务68.5亿元、专项债务143.2亿元；接入面板中的省直辖县级行政区划占位行。
SRC-OFFICIAL-DEBT-GUANGDONG-2020-TABLE18,广东省财政厅,A1,true,地方政府债务限额及余额公开表,https://czt.gd.gov.cn/attachment/0/501/501762/3460948.pdf,https://czt.gd.gov.cn/attachment/0/501/501762/3460948.pdf,guangdong_2020_decision_table18.txt,text/plain,2021-08-01,unclassified,0,0,0,,,,registered_no_selected_value,广东省财政厅官方决算附件表18逐行披露21个地级市全市口径债务限额、一般/专项债务限额、债务余额及一般/专项债务余额；已排除省本级、市本级和区县行。
SRC-OFFICIAL-DEBT-GUANGDONG-2023-TABLES35-36,广东省财政厅,A1,true,地方政府债务限额及余额公开表,https://czt.gd.gov.cn/attachment/0/556/556744/4477341.pdf,https://czt.gd.gov.cn/attachment/0/556/556744/4477341.pdf,guangdong_2023_decision_tables35_36.txt,text/plain,2024-07-29,unclassified,0,0,0,,,,registered_no_selected_value,官方决算报告表35和表36按地级市全市行对齐，接入21个地级市的限额、一般/专项债务限额、债务余额及一般/专项债务余额；已排除省本级、市本级和区县行。
SRC-OFFICIAL-DEBT-GUANGDONG-2019-TABLE18,广东省财政厅,A1,true,地方政府债务限额及余额公开表,https://czt.gd.gov.cn/attachment/0/398/398094/3055926.pdf,https://czt.gd.gov.cn/attachment/0/398/398094/3055926.pdf,guangdong_2019_decision_table18.txt,text/plain,2020-08-01,unclassified,0,0,0,,,,registered_no_selected_value,广东省官方决算附件表18逐行披露21个地级市全市口径债务限额、一般/专项债务限额、债务余额及一般/专项债务余额；已排除省本级、市本级和区县行。
SRC-OFFICIAL-DEBT-GUANGDONG-2018-TABLE18,广东省财政厅,A1,true,地方政府债务限额及余额公开表,https://www.gd.gov.cn/attachment/0/388/388222/2914235.pdf,https://www.gd.gov.cn/attachment/0/388/388222/2914235.pdf,guangdong_2018_decision_table18.txt,text/plain,2019-07-01,unclassified,0,0,0,,,,registered_no_selected_value,广东省官方决算附件表18逐行披露21个地级市全市口径债务限额、一般/专项债务限额、债务余额及一般/专项债务余额；已排除省本级、市本级和区县行。
SRC-OFFICIAL-DEBT-SHANDONG-2021-TABLE52,财政部,A1,true,地方政府债务限额及余额公开表,https://www.mof.gov.cn/zhuantihuigu/2022ysbghb/202203/P020220301575296288514.pdf,https://www.mof.gov.cn/zhuantihuigu/2022ysbghb/202203/P020220301575296288514.pdf,shandong_2021_table52.txt,text/plain,2022-03-01,unclassified,0,0,0,,,,registered_no_selected_value,财政部公开的山东省2021年预算执行报告附件表52；仅录入16个地市全市行，排除省本级、地市小计、市本级及区县行。余额为快报数。
SRC-OFFICIAL-DEBT-LIAONING-2019-XLS,辽宁省财政厅,A1,true,地方政府债务限额及余额公开表,https://czt.ln.gov.cn/czt/zwgkzdgz/czyjs/czyjsbg/6E380F973A42493B95AF7326E62B38A8/P020200122364870023984.xls,https://czt.ln.gov.cn/czt/zwgkzdgz/czyjs/czyjsbg/6E380F973A42493B95AF7326E62B38A8/P020200122364870023984.xls,liaoning_2019_debt_limit_balance.txt,text/plain,2020-01-21,unclassified,0,0,0,,,,registered_no_selected_value,辽宁省财政厅官网附件 XLS 的地市全市行转录；余额为2019年债务余额预计执行数，保留原表小数精度，排除省本级、市本级及区县行。
SRC-SECONDARY-DEBT-HEBEI-RATING-2024-BAODING,联合资信评估股份有限公司,B2,true,二手公开城市债务图表,https://www.governbond.org.cn/uploadFiles/13/attachFiles/202510/4b8d507d-bf73-4c4b-b912-85c43dbf054f.pdf,https://www.governbond.org.cn/uploadFiles/13/attachFiles/202510/4b8d507d-bf73-4c4b-b912-85c43dbf054f.pdf,hebei_baoding_2024_rating.txt,text/plain,2025-10-01,city_year,1,1,1,CN-130600,2024,statutory_debt_balance_100m,accepted,官方债券信息平台公开的评级报告列示保定市2024年末政府债务余额2001.23亿元；仅接入全市总额，不反推一般/专项分项，需后续以财政厅或人大预算决算表复核。
SRC-OFFICIAL-DEBT-INNER-MONGOLIA-CHIFENG-2025,赤峰市人民政府,A2,true,地方政府债务限额及余额公开表,https://www.chifeng.gov.cn/ztzl/rdzl/cfslhzt/cfszf2026lhzt/2026gzbg/202601/t20260130_2723148.html,https://www.chifeng.gov.cn/ztzl/rdzl/cfslhzt/cfszf2026lhzt/2026gzbg/202601/t20260130_2723148.html,chifeng_2025_budget_report.txt,text/plain,2026-01-30,unclassified,0,0,0,,,,registered_no_selected_value,赤峰市政府公开报告披露2025年全市限额内政府债务余额1075.8亿元；全市口径，不采用市本级246.7亿元，未披露一般/专项分项，需后续以财政厅表复核。
SRC-SECONDARY-DEBT-JIANGSU-RATING-2025-ZHENJIANG,东方金诚国际信用评估有限公司,B2,true,二手公开城市债务图表,https://www.dfratings.com/uploads/files/2026/0624/BXHz0sRrw1BjaRUw2fYRSg4Bv73xAenQVH5ZtCrv.pdf,https://www.dfratings.com/uploads/files/2026/0624/BXHz0sRrw1BjaRUw2fYRSg4Bv73xAenQVH5ZtCrv.pdf,jiangsu_zhenjiang_2025_rating.txt,text/plain,2026-06-23,city_year,1,1,1,CN-321100,2025,statutory_debt_balance_100m,accepted,评级报告同业比较表明确注明经济财政数据年份为2025年，披露镇江市全市地方政府债务余额2939.77亿元；仅接入总额，不反推一般/专项分项，后续以镇江市财政原表复核。
SRC-OFFICIAL-DEBT-INNER-MONGOLIA-WUHAI-2025,乌海市政府（内蒙古自治区财政厅集中预算公开平台）,A2,true,地方政府债务限额及余额公开表,https://czt.nmg.gov.cn/yjs/business/article/select/ba4ec41619e676edeed855f0dec62ab4,https://czt.nmg.gov.cn/yjs/business/file/download/bdd405442d60454c8762752ca68ad2b3,inner_mongolia_wuhai_2025.txt,text/plain,2026-02-13,unclassified,0,0,0,,,,registered_no_selected_value,官方全市总表直接列示乌海市2025年债务余额预计执行数353.9086亿元，其中一般215.2658亿元、专项138.6428亿元；市本级和区县分解行不并入地级市全域行。
SRC-OFFICIAL-DEBT-INNER-MONGOLIA-TONGLIAO-2025,通辽市政府（内蒙古自治区财政厅集中预算公开平台）,A2,true,地方政府债务限额及余额公开表,https://czt.nmg.gov.cn/yjs/business/article/select/329a7429456320455a0ea7326a5bc284,https://czt.nmg.gov.cn/yjs/business/file/download/ac91ee78b79c4e8ea4c47325a006ff3c,inner_mongolia_tongliao_2025.txt,text/plain,2026-02-06,unclassified,0,0,0,,,,registered_no_selected_value,官方全市总表直接列示通辽市2025年债务余额预计执行数889.603993亿元，其中一般577.849393亿元、专项311.7546亿元；市本级、旗县及开发区分解行不并入地级市全域行。
SRC-SECONDARY-DEBT-GANSU-JINCHANG-2024,傲举咨询（大数跨境公开转载）,B2,true,二手公开城市债务图表,https://www.10100.com/article/145448300,https://www.10100.com/article/145448300,gansu_jinchang_2024_secondary.txt,text/plain,2026-03-06,city_year,1,1,1,CN-620300,2024,statutory_debt_balance_100m,accepted,公开二手研究资料明确给出金昌市2024年末政府债务余额128.28亿元；原文对其他部分州市仅给出区间，本地不转录区间值或图表估读值。该值为B2待复核数据，不计入A1/A2官方硬门槛。
SRC-SECONDARY-DEBT-INNER-MONGOLIA-2025-TOTALS,公开二手研究资料（大数跨境公开转载）,B2,true,二手公开城市债务图表,https://www.10100.com/article/145450313,https://www.10100.com/article/145450313,inner_mongolia_2025_rating_totals.txt,text/plain,,multicity_batch,5,1,5,CN-150200;CN-150600;CN-150700;CN-150900;CN-152900,2025,statutory_debt_balance_100m,accepted,公开二手研究资料明确给出鄂尔多斯、包头、乌兰察布、呼伦贝尔、阿拉善盟五个盟市的2025年末政府债务余额；巴彦淖尔和锡林郭勒未给出精确值，未转录区间或图表估读值。全部标记为B2待复核数据，不计入A1/A2官方硬门槛。
SRC-OFFICIAL-DEBT-GANSU-QINGYANG-2023,庆阳市财政局,A2,true,地方政府债务限额及余额公开表,https://czj.zgqingyang.gov.cn/zwgk/zfxxgkml/cwgk18czj1/zfzw18czj1/content_24379,http://czj.zgqingyang.gov.cn/Upload/czj/xlsx/2024/10/25/2023%E5%B9%B4%E5%80%BA%E5%8A%A1%E5%85%AC%E5%BC%80%E8%A1%A8.xlsx,gansu_qingyang_2023_debt.txt,text/plain,2024-10-25,unclassified,0,0,0,,,,registered_no_selected_value,官方公开表直接列示2023年庆阳市全市政府债务余额407.68亿元，其中一般债务159.28亿元、专项债务248.41亿元；采用全市口径，不使用市本级行。
SRC-OFFICIAL-DEBT-SHANXI-XINZHOU-2024,忻州市财政局,A2,true,地方政府债务限额及余额公开表,https://czt.shanxi.gov.cn/bmp_upfiles/site/gfa/upfiles/GFA11/2025/06fce0600ceb49918fbf17395566ef0c/89ad328a-4354-40d2-864c-b7066f03a1dd.pdf,https://czt.shanxi.gov.cn/bmp_upfiles/site/gfa/upfiles/GFA11/2025/06fce0600ceb49918fbf17395566ef0c/89ad328a-4354-40d2-864c-b7066f03a1dd.pdf,shanxi_xinzhou_2024_official.txt,text/plain,2025-03-11,city_year,1,1,1,CN-140900,2024,statutory_debt_balance_100m,accepted,官方债务情况说明直接披露2024年末全市政府债务余额553.34亿元；附件同时披露市本级余额171.25亿元，但未披露全市一般/专项分项，因此仅接入全市总余额。
SRC-OFFICIAL-DEBT-SHANXI-LINFEN-2025,临汾市财政局,A2,true,地方政府债务限额及余额公开表,https://czt.shanxi.gov.cn/bmp_upfiles/site/gfa/upfiles/GFA11/2026/a3c07c7cbf514906ba5769ee9354fb5a/b15453a0-682c-4e51-9f79-9b89c855c5c1.pdf,https://czt.shanxi.gov.cn/bmp_upfiles/site/gfa/upfiles/GFA11/2026/a3c07c7cbf514906ba5769ee9354fb5a/b15453a0-682c-4e51-9f79-9b89c855c5c1.pdf,shanxi_linfen_2025_official.txt,text/plain,2026-02-09,unclassified,0,0,0,,,,registered_no_selected_value,官方债务情况说明直接披露2025年全市政府债务余额772.3亿元，其中一般债务357.9亿元、专项债务414.4亿元；不使用市本级行替代全市口径。
SRC-OFFICIAL-DEBT-SHANXI-XINZHOU-2025,忻州市财政局,A2,true,地方政府债务限额及余额公开表,https://czt.shanxi.gov.cn/bmp_upfiles/site/gfa/upfiles/GFA11/2026/06fce0600ceb49918fbf17395566ef0c/88ce1f27-6ccd-4608-85e8-d5abb97f19b9.pdf,https://czt.shanxi.gov.cn/bmp_upfiles/site/gfa/upfiles/GFA11/2026/06fce0600ceb49918fbf17395566ef0c/88ce1f27-6ccd-4608-85e8-d5abb97f19b9.pdf,shanxi_xinzhou_2025_official.txt,text/plain,2026-01-27,city_year,1,1,1,CN-140900,2025,statutory_debt_balance_100m,accepted,官方债务情况说明直接披露2025年末全市政府债务余额631.97亿元；附件同时披露市本级余额186.47亿元，但未披露全市一般/专项分项，因此仅接入全市总余额。
SRC-OFFICIAL-DEBT-YUNNAN-HONGHE-2023,红河州财政局,A2,true,地方政府债务限额及余额公开表,https://www.hh.gov.cn/info/11351/1159752.htm,https://www.hh.gov.cn/info/11351/1159752.htm,yunnan_honghe_2023_city_debt.txt,text/plain,2025-01-24,unclassified,0,0,0,,,,registered_no_selected_value,红河州财政局公开说明列示2023年末全州一般债务余额269亿元、专项债务余额537.75亿元；合计806.75亿元，采用全州口径，不使用州本级行。
SRC-OFFICIAL-DEBT-YUNNAN-DALI-2023,大理州财政局,A1,true,地方政府债务限额及余额公开表,https://www.dali.gov.cn/dlzrmzf/c106264/1971044788819038208/LYRwQX8O.pdf,https://www.dali.gov.cn/dlzrmzf/c106264/1971044788819038208/LYRwQX8O.pdf,yunnan_dali_2023_city_debt.txt,text/plain,2024-07-03,unclassified,0,0,0,,,,registered_no_selected_value,大理州财政决算公开表直接列示大理白族自治州全辖行余额7177668万元，其中一般债务2204977万元、专项债务4972691万元；按0.0001换算为亿元。
SRC-OFFICIAL-DEBT-YUNNAN-DIQING-2023,迪庆州财政局,A2,true,地方政府债务限额及余额公开表,https://www.diqing.gov.cn/zfxxgk_dqzzf/fdzdgknr/caizhengxinxigongkaizhuanlan/zhengfuyujuesuan/202402/20240206_203561.html,https://www.diqing.gov.cn/zfxxgk_dqzzf/fdzdgknr/caizhengxinxigongkaizhuanlan/zhengfuyujuesuan/202402/20240206_203561.html,yunnan_diqing_2023_city_debt.txt,text/plain,2024-02-06,unclassified,0,0,0,,,,registered_no_selected_value,迪庆州财政预算执行报告明确记载2023年末全州余额1712156万元，其中一般债务1051156万元、专项债务661000万元；按0.0001换算为亿元。
SRC-OFFICIAL-DEBT-SHANXI-CHANGZHI-2023,长治市财政局,A1,true,地方政府债务限额及余额公开表,https://www.changzhi.gov.cn/xxgkml/zfxxgkml/szfgzbm/sczj/czsrmzf/czyjs_522/2024/202404/P020240402577467094202.pdf,https://www.changzhi.gov.cn/xxgkml/zfxxgkml/szfgzbm/sczj/czsrmzf/czyjs_522/2024/202404/P020240402577467094202.pdf,shanxi_changzhi_2023_city_debt.txt,text/plain,2024-04-02,unclassified,0,0,0,,,,registered_no_selected_value,长治市公开表列示2023年全市余额423.84亿元，其中一般债务190.09亿元、专项债务233.75亿元；不使用市本级或县区行。
SRC-OFFICIAL-DEBT-SHANXI-JINCHENG-2023,晋城市财政局,A1,true,地方政府债务限额及余额公开表,https://www.jcgov.gov.cn/zwgk/czxx_23406/zfys_24261/202404/P020240411586041890234.pdf,https://www.jcgov.gov.cn/zwgk/czxx_23406/zfys_24261/202404/P020240411586041890234.pdf,shanxi_jincheng_2023_city_debt.txt,text/plain,2024-04-11,unclassified,0,0,0,,,,registered_no_selected_value,晋城市公开一般债务和专项债务调整表列示2023年全市一般债务余额118.03亿元、专项债务余额232.64亿元，合计350.67亿元。
SRC-SECONDARY-DEBT-SHANXI-YUNCHENG-2023,中诚信国际信用评级有限责任公司,B2,true,二手公开城市债务图表,https://static.sse.com.cn/disclosure/bond/announcement/corporate/c/new/2024-06-20/127608_20240620_IUAN.pdf,https://static.sse.com.cn/disclosure/bond/announcement/corporate/c/new/2024-06-20/127608_20240620_IUAN.pdf,shanxi_yuncheng_2023_city_debt.txt,text/plain,2024-06-20,unclassified,0,0,0,,,,registered_no_selected_value,评级报告明确记载2023年末运城市全市余额421.55亿元，其中一般债务173.10亿元、专项债务248.45亿元；报告说明依据运城市政府公开预算执行报告整理，待财政原表复核。
SRC-OFFICIAL-DEBT-SHANXI-LVLIANG-2023,吕梁市财政局,A2,true,地方政府债务限额及余额公开表,https://www.lvliang.gov.cn/llxxgk/zfxxgk/xxgkml/zjxx_21583/sjczyshsgjf/202404/t20240430_1861577.html,https://www.lvliang.gov.cn/llxxgk/zfxxgk/xxgkml/zjxx_21583/sjczyshsgjf/202404/t20240430_1861577.html,shanxi_lvliang_2023_city_debt.txt,text/plain,2024-04-17,city_year,1,1,1,CN-141100,2023,statutory_debt_balance_100m,accepted,吕梁市财政局官方报告披露截至2023年底全市政府债务余额500.28亿元，但正文未同步披露一般/专项分项；仅接入总余额，不反推分项。
SRC-OFFICIAL-DEBT-GANSU-WUWEI-2025,武威市财政局,A1,true,地方政府债务限额及余额公开表,https://www.gswuwei.gov.cn/art/2026/2/6/art_46_1581725.html,https://www.gswuwei.gov.cn/module/download/downfile.jsp?classid=0&showname=%E4%BA%8C%E3%80%812026%E5%B9%B4%E5%85%A8%E5%B8%82%E5%8F%8A%E5%B8%82%E7%BA%A7%E8%B4%A2%E6%94%BF%E9%A2%84%E7%AE%97%E8%8D%89%E6%A1%88.pdf&filename=cf369c6ba24c4ee8bd601d5815f3f73e.pdf,gansu_wuwei_2025_debt.txt,text/plain,2026-02-06,unclassified,0,0,0,,,,registered_no_selected_value,官方预算公开附件分列2025年全市一般债务、专项债务限额和余额；本地接入全市列并按两项相加形成法定债务总额，排除市级、县区列。
SRC-SECONDARY-DEBT-GANSU-JINCHANG-2019,东方金诚国际信用评估有限公司,B2,true,二手公开城市债务图表,https://pdf.dfcfw.com/pdf/H2_AN202009251417299568_1.pdf,https://pdf.dfcfw.com/pdf/H2_AN202009251417299568_1.pdf,gansu_jinchang_2019_secondary.txt,text/plain,2020-09-25,city_year,1,1,1,CN-620300,2019,statutory_debt_balance_100m,accepted,评级报告明确记载截至2019年末金昌市地方政府债务余额53.90亿元，但未披露一般/专项分项；该值为B2待官方复核数据，不计入A1/A2官方硬门槛。
SRC-SECONDARY-DEBT-GANSU-PINGLIANG-2019,中证鹏元资信评估股份有限公司,B2,true,二手公开城市债务图表,https://www.cspengyuan.com/pengyuancmscn/rating-announcement/rating-infor/pingliangchengxiangjianshe/Pingliang-Construction-2018-Corporate-Bond-Credit-Rating/20220628203907823/2019%E5%B9%B4%E5%B9%B3%E5%87%89%E5%B8%82%E5%9F%8E%E4%B9%A1%E5%BB%BA%E8%AE%BE%E6%8A%95%E8%B5%84%E6%9C%89%E9%99%90%E8%B4%A3%E4%BB%BB%E5%85%AC%E5%8F%B8%E5%85%AC%E5%8F%B8%E5%80%BA%E5%88%B82022%E5%B9%B4%E8%B7%9F%E8%B8%AA%E8%AF%84%E7%BA%A7%E6%8A%A5%E5%91%8A.pdf,https://www.cspengyuan.com/pengyuancmscn/rating-announcement/rating-infor/pingliangchengxiangjianshe/Pingliang-Construction-2018-Corporate-Bond-Credit-Rating/20220628203907823/2019%E5%B9%B4%E5%B9%B3%E5%87%89%E5%B8%82%E5%9F%8E%E4%B9%A1%E5%BB%BA%E8%AE%BE%E6%8A%95%E8%B5%84%E6%9C%89%E9%99%90%E8%B4%A3%E4%BB%BB%E5%85%AC%E5%8F%B8%E5%85%AC%E5%8F%B8%E5%80%BA%E5%88%B82022%E5%B9%B4%E8%B7%9F%E8%B8%AA%E8%AF%84%E7%BA%A7%E6%8A%A5%E5%91%8A.pdf,gansu_pingliang_2019_secondary.txt,text/plain,2022-06-28,city_year,1,1,1,CN-620800,2019,statutory_debt_balance_100m,accepted,评级报告表4列示2019年全市总余额136.90亿元；未披露一般/专项拆分，接入B2二手来源，待官方决算表复核。
SRC-OFFICIAL-DEBT-GUIZHOU-LIUPANSHUI-2018,六盘水市财政局,A1,true,地方政府债务限额及余额公开表,https://czt.guizhou.gov.cn/ztzl/gzsczzjxxgkzl/gszczyjsjsgjf/lpss_5879509/202110/t20211014_70882514.html,https://czt.guizhou.gov.cn/ztzl/gzsczzjxxgkzl/gszczyjsjsgjf/lpss_5879509/202110/W020190822565480184660.xlsx,guizhou_liupanshui_2018_city_debt.txt,text/plain,2019-08-22,unclassified,0,0,0,,,,registered_no_selected_value,官方Excel表直接列示六盘水市全市行2018年末余额568.02亿元，其中一般债务481.91亿元、专项债务86.11亿元；排除市本级、开发区和县区行。
SRC-OFFICIAL-DEBT-GUIZHOU-ZUNYI-2018,遵义市财政局,A2,true,地方政府债务限额及余额公开表,https://czt.guizhou.gov.cn/ztzl/gzsczzjxxgkzl/gszczyjsjsgjf/zys/202110/t20211014_70882475.html,https://czt.guizhou.gov.cn/ztzl/gzsczzjxxgkzl/gszczyjsjsgjf/zys/202110/t20211014_70882475.html,guizhou_zunyi_2018_city_debt.txt,text/plain,2019-01-14,city_year,1,1,1,CN-520300,2018,statutory_debt_balance_100m,accepted,遵义市官方预算执行报告明确记载2018年末全市存量政府债务余额1365.64亿元；正文未同步披露一般/专项分项，仅接入总余额。
SRC-OFFICIAL-DEBT-GUIZHOU-BIJIE-2018,毕节市财政局,A1,true,地方政府债务限额及余额公开表,https://czt.guizhou.gov.cn/ztzl/gzsczzjxxgkzl/gszczyjsjsgjf/bjs/202110/P020201201387666945246.pdf,https://czt.guizhou.gov.cn/ztzl/gzsczzjxxgkzl/gszczyjsjsgjf/bjs/202110/P020201201387666945246.pdf,guizhou_bijie_2018_city_debt.txt,text/plain,2020-11-20,unclassified,0,0,0,,,,registered_no_selected_value,毕节市官方表列示2018年末全市余额911.24亿元，其中一般债务690.64亿元、专项债务220.60亿元；不使用市本级行。
SRC-OFFICIAL-DEBT-GUIZHOU-QIANXINAN-2018,黔西南州财政局,A1,true,地方政府债务限额及余额公开表,https://czt.guizhou.gov.cn/ztzl/gzsczzjxxgkzl/gszczyjsjsgjf/qxnz/202110/P020190306356639624002.pdf,https://czt.guizhou.gov.cn/ztzl/gzsczzjxxgkzl/gszczyjsjsgjf/qxnz/202110/P020190306356639624002.pdf,guizhou_qianxinan_2018_city_debt.txt,text/plain,2019-03-06,unclassified,0,0,0,,,,registered_no_selected_value,黔西南州官方表列示2018年末全州政府债务余额4437200万元，其中一般债务3462139万元、专项债务975061万元；按0.0001换算为亿元。
SRC-OFFICIAL-DEBT-GUIZHOU-QIANDONGNAN-2018,黔东南州财政局,A2,true,地方政府债务限额及余额公开表,https://czt.guizhou.gov.cn/ztzl/gzsczzjxxgkzl/gszczyjsjsgjf/qdnz/202110/t20211014_70882782.html,https://czt.guizhou.gov.cn/ztzl/gzsczzjxxgkzl/gszczyjsjsgjf/qdnz/202110/t20211014_70882782.html,guizhou_qiandongnan_2018_city_debt.txt,text/plain,2019-08-28,city_year,1,1,1,CN-522600,2018,statutory_debt_balance_100m,accepted,黔东南州官方决算报告明确记载2018年末全州地方政府债务余额414.68亿元；正文未同步披露一般/专项分项，仅接入总余额。
SRC-SECONDARY-DEBT-HEBEI-SHIJIAZHUANG-2020,联合资信评估股份有限公司,B2,true,二手公开城市债务图表,https://www.governbond.org.cn/uploadFiles/13/attachFiles/202111/4bd802d1-1f24-4174-b4ad-d2db750bbada.pdf,https://www.governbond.org.cn/uploadFiles/13/attachFiles/202111/4bd802d1-1f24-4174-b4ad-d2db750bbada.pdf,hebei_shijiazhuang_2020_rating.txt,text/plain,2021-11-01,city_year,1,1,1,CN-130100,2020,statutory_debt_balance_100m,accepted,评级报告根据河北省政府债务公开情况表、河北省财政厅提供资料整理，明确披露石家庄市2020年末政府债务余额1556.65亿元；仅接入全市总额，不反推一般/专项分项。
SRC-SECONDARY-DEBT-HEBEI-TANGSHAN-2020,联合资信评估股份有限公司,B2,true,二手公开城市债务图表,https://www.governbond.org.cn/uploadFiles/13/attachFiles/202111/4bd802d1-1f24-4174-b4ad-d2db750bbada.pdf,https://www.governbond.org.cn/uploadFiles/13/attachFiles/202111/4bd802d1-1f24-4174-b4ad-d2db750bbada.pdf,hebei_tangshan_2020_rating.txt,text/plain,2021-11-01,city_year,1,1,1,CN-130200,2020,statutory_debt_balance_100m,accepted,评级报告根据河北省政府债务公开情况表、河北省财政厅提供资料整理，明确披露唐山市2020年末政府债务余额1842.99亿元；仅接入全市总额，不反推一般/专项分项。
SRC-SECONDARY-DEBT-HEBEI-HANDAN-2020,联合资信评估股份有限公司,B2,true,二手公开城市债务图表,https://www.governbond.org.cn/uploadFiles/13/attachFiles/202111/4bd802d1-1f24-4174-b4ad-d2db750bbada.pdf,https://www.governbond.org.cn/uploadFiles/13/attachFiles/202111/4bd802d1-1f24-4174-b4ad-d2db750bbada.pdf,hebei_handan_2020_rating.txt,text/plain,2021-11-01,city_year,1,1,1,CN-130400,2020,statutory_debt_balance_100m,accepted,评级报告根据河北省政府债务公开情况表、河北省财政厅提供资料整理，明确披露邯郸市2020年末政府债务余额897.14亿元；仅接入全市总额，不反推一般/专项分项。
SRC-SECONDARY-DEBT-HEBEI-SHIJIAZHUANG-2022,联合资信评估股份有限公司,B2,true,二手公开城市债务图表,https://www.governbond.org.cn/uploadFiles/13/attachFiles/202405/b8ea81e0-7ef2-448f-932d-ce5ca15d6ccd.pdf,https://www.governbond.org.cn/uploadFiles/13/attachFiles/202405/b8ea81e0-7ef2-448f-932d-ce5ca15d6ccd.pdf,hebei_shijiazhuang_2022_rating.txt,text/plain,2024-05-23,city_year,1,1,1,CN-130100,2022,statutory_debt_balance_100m,accepted,评级报告根据公开资料和河北省财政厅提供资料整理，明确披露石家庄市2022年末政府债务余额2031.14亿元；仅接入全市总额，不反推一般/专项分项。
SRC-SECONDARY-DEBT-HEBEI-TANGSHAN-2022,联合资信评估股份有限公司,B2,true,二手公开城市债务图表,https://www.governbond.org.cn/uploadFiles/13/attachFiles/202405/b8ea81e0-7ef2-448f-932d-ce5ca15d6ccd.pdf,https://www.governbond.org.cn/uploadFiles/13/attachFiles/202405/b8ea81e0-7ef2-448f-932d-ce5ca15d6ccd.pdf,hebei_tangshan_2022_rating.txt,text/plain,2024-05-23,city_year,1,1,1,CN-130200,2022,statutory_debt_balance_100m,accepted,评级报告根据公开资料和河北省财政厅提供资料整理，明确披露唐山市2022年末政府债务余额2249.47亿元；仅接入全市总额，不反推一般/专项分项。
SRC-SECONDARY-DEBT-HEBEI-BAODING-2022,联合资信评估股份有限公司,B2,true,二手公开城市债务图表,https://www.governbond.org.cn/uploadFiles/13/attachFiles/202405/b8ea81e0-7ef2-448f-932d-ce5ca15d6ccd.pdf,https://www.governbond.org.cn/uploadFiles/13/attachFiles/202405/b8ea81e0-7ef2-448f-932d-ce5ca15d6ccd.pdf,hebei_baoding_2022_rating.txt,text/plain,2024-05-23,city_year,1,1,1,CN-130600,2022,statutory_debt_balance_100m,accepted,评级报告根据公开资料和河北省财政厅提供资料整理，明确披露保定市2022年末政府债务余额1376.03亿元；仅接入全市总额，不反推一般/专项分项。
SRC-SECONDARY-DEBT-HEBEI-HANDAN-2022,联合资信评估股份有限公司,B2,true,二手公开城市债务图表,https://www.governbond.org.cn/uploadFiles/13/attachFiles/202405/b8ea81e0-7ef2-448f-932d-ce5ca15d6ccd.pdf,https://www.governbond.org.cn/uploadFiles/13/attachFiles/202405/b8ea81e0-7ef2-448f-932d-ce5ca15d6ccd.pdf,hebei_handan_2022_rating.txt,text/plain,2024-05-23,city_year,1,1,1,CN-130400,2022,statutory_debt_balance_100m,accepted,评级报告根据公开资料和河北省财政厅提供资料整理，明确披露邯郸市2022年末政府债务余额1189.20亿元；仅接入全市总额，不反推一般/专项分项。
SRC-OFFICIAL-DEBT-JIANGXI-NANCHANG-2020,南昌市财政局,A1,true,地方政府债务限额及余额公开表,https://www.nc.gov.cn/ncszf/dfzw/202109/d371af567c214e2e843ec9add6eb795e.shtml,https://www.nc.gov.cn/ncszf/dfzw/202109/d371af567c214e2e843ec9add6eb795e/files/1179ddf47575440ab5ea200abdc4d228.pdf,jiangxi_nanchang_2020_official.txt,text/plain,2021-09-15,unclassified,0,0,0,,,,registered_no_selected_value,南昌市财政局公开附件列示全市2020年限额1299.53亿元、余额1132.71亿元，其中一般余额420.32亿元、专项余额712.39亿元；排除市本级及区县行。
SRC-OFFICIAL-DEBT-HUBEI-WUHAN-2021,武汉市财政局,A1,true,地方政府债务限额及余额公开表,https://czj.wuhan.gov.cn/FBJD/XXGKML/CZGK/CZYJS/202209/t20220928_2049391.html,https://czj.wuhan.gov.cn/FBJD/XXGKML/CZGK/CZYJS/202209/t20220928_2049391.html,hubei_wuhan_2021.txt,text/plain,2022-09-28,unclassified,0,0,0,,,,registered_no_selected_value,武汉市财政局公开说明明确披露2021年全市限额5633.48亿元、余额5573.73亿元，其中一般余额1762.53亿元、专项余额3811.20亿元；采用全市口径。
SRC-OFFICIAL-DEBT-HUBEI-HUANGSHI-2021,黄石市财政局,A1,true,地方政府债务限额及余额公开表,https://czj.huangshi.gov.cn/2020xxgkzn/2020gknr/2020czzj/2020zfzw/202201/t20220125_875001.html,https://czj.huangshi.gov.cn/2020xxgkzn/2020gknr/2020czzj/2020zfzw/202201/t20220125_875001.html,hubei_huangshi_2021.txt,text/plain,2022-01-19,unclassified,0,0,0,,,,registered_no_selected_value,黄石市财政局公开说明及附表列示全市2021年限额3800124万元、余额3404898万元，其中一般余额1618343万元、专项余额1786555万元；按0.0001换算为亿元。
SRC-OFFICIAL-DEBT-HUBEI-EZHOU-2021,鄂州市财政局,A1,true,地方政府债务限额及余额公开表,https://www.ezhou.gov.cn/gk/xxgkml/czgk/zfyjs/202209/t20220919_497369.html,https://www.ezhou.gov.cn/gk/xxgkml/czgk/zfyjs/202209/t20220919_497369.html,hubei_ezhou_2021.txt,text/plain,2022-09-19,unclassified,0,0,0,,,,registered_no_selected_value,鄂州市官方决算报告明确披露2021年全市限额272.44亿元、余额272.44亿元，其中一般余额85.76亿元、专项余额186.68亿元；采用全市口径。
SRC-OFFICIAL-DEBT-JIANGXI-GANZHOU-2020,赣州市财政局,A1,true,地方政府债务限额及余额公开表,https://czj.ganzhou.gov.cn/gzsczj/c103011/202109/775e97f0993a441586a919ba0e45382a.shtml,https://czj.ganzhou.gov.cn/gzsczj/c103011/202005/3d2c23dfa2184396a01845210345ed03/files/42466c6adf174defb018605fd0d23222.pdf,jiangxi_ganzhou_2020_official.txt,text/plain,2021-09-01,unclassified,0,0,0,,,,registered_no_selected_value,赣州市财政局公开附件列示全市2020年限额1103.80亿元、余额931.69亿元，其中一般余额390.30亿元、专项余额541.39亿元；排除市本级及县区行。
SRC-SECONDARY-DEBT-HUBEI-JINGMEN-2021,中证鹏元资信评估股份有限公司,B2,true,二手公开城市债务图表,https://www.sse.com.cn/disclosure/bond/announcement/corporate/c/new/2023-04-06/184744_20230406_WRON.pdf,https://www.sse.com.cn/disclosure/bond/announcement/corporate/c/new/2023-04-06/184744_20230406_WRON.pdf,hubei_jingmen_2021_rating.txt,text/plain,2023-04-06,city_year,1,1,1,CN-420800,2021,statutory_debt_balance_100m,accepted,报告表5明确列示2021年荆门市地方政府债务余额338.7亿元，数据来源为荆门市2019—2021年预算执行情况和预算草案报告；仅接入全市总余额，不反推一般/专项分项。
SRC-SECONDARY-DEBT-HUBEI-YICHANG-2021,东方金诚国际信用评估有限公司,B2,true,二手公开城市债务图表,https://www.sse.com.cn/disclosure/bond/announcement/corporate/c/new/2022-06-27/152883_20220627_1_hObcTW8H.pdf,https://www.sse.com.cn/disclosure/bond/announcement/corporate/c/new/2022-06-27/152883_20220627_1_hObcTW8H.pdf,hubei_yichang_2021_rating.txt,text/plain,2022-06-27,unclassified,0,0,0,,,,registered_no_selected_value,评级报告明确披露截至2021年末全市余额804.0亿元，其中一般384.6、专项419.4；待财政决算原表复核。
SRC-SECONDARY-DEBT-HUBEI-XIANGYANG-2021,评级机构公开报告,B2,true,二手公开城市债务图表,https://www.sse.com.cn/disclosure/bond/announcement/corporate/c/new/2022-06-25/127526_20220625_1_ug9WuHNB.pdf,https://www.sse.com.cn/disclosure/bond/announcement/corporate/c/new/2022-06-25/127526_20220625_1_ug9WuHNB.pdf,hubei_xiangyang_2021_rating.txt,text/plain,2022-06-25,unclassified,0,0,0,,,,registered_no_selected_value,公开评级报告明确列示2021年末襄阳市全市政府债务余额859.60亿元，其中一般债务398.40亿元、专项债务461.20亿元；仅接入全市口径。
SRC-OFFICIAL-DEBT-HEBEI-SHIJIAZHUANG-2018,石家庄市财政局,A1,true,地方政府债务限额及余额公开表,https://www.sjz.gov.cn/yjsgk/atm/7/20210705094443334.pdf,https://www.sjz.gov.cn/yjsgk/atm/7/20210705094443334.pdf,hebei_shijiazhuang_2018_official.txt,text/plain,2019-09-10,unclassified,0,0,0,,,,registered_no_selected_value,石家庄市财政局公开决算表明确列示全市2018年债务限额1230.18亿元、余额1073.39亿元，其中一般余额686.53亿元、专项余额386.86亿元；采用全市口径，不使用仅市本级表。
SRC-SECONDARY-DEBT-HUBEI-HUANGGANG-2021,中证鹏元资信评估股份有限公司,B2,true,二手公开城市债务图表,https://static.sse.com.cn/disclosure/bond/announcement/corporate/c/new/2023-06-09/152540_20230609_RN6J.pdf,https://static.sse.com.cn/disclosure/bond/announcement/corporate/c/new/2023-06-09/152540_20230609_RN6J.pdf,hubei_huanggang_2021_rating.txt,text/plain,2023-06-09,city_year,1,1,1,CN-421100,2021,statutory_debt_balance_100m,accepted,评级报告表5明确列示2021年黄冈市政府直接债务余额546.03亿元；本条仅接入全市总余额。
SRC-SECONDARY-DEBT-HUBEI-SUIZHOU-2021,中债资信评估有限责任公司,B2,true,二手公开城市债务图表,https://qxb-pdf-osscache.qixin.com/AnBaseinfo/a09c76041a9ef125ee2d9da29a0b49b8.pdf,https://qxb-pdf-osscache.qixin.com/AnBaseinfo/a09c76041a9ef125ee2d9da29a0b49b8.pdf,hubei_suizhou_2021_rating.txt,text/plain,2022-11-23,city_year,1,1,1,CN-421300,2021,statutory_debt_balance_100m,accepted,评级报告明确列示截至2021年末随州市政府债务余额192.67亿元；本条仅接入总余额。
SRC-SECONDARY-DEBT-ANHUI-HEFEI-2023,东方金诚国际信用评估有限公司,B2,true,二手公开城市债务图表,https://static.sse.com.cn/disclosure/bond/announcement/corporate/c/new/2024-06-26/184210_20240626_MA1C.pdf,https://static.sse.com.cn/disclosure/bond/announcement/corporate/c/new/2024-06-26/184210_20240626_MA1C.pdf,anhui_hefei_2023_rating.txt,text/plain,2024-06-26,unclassified,0,0,0,,,,registered_no_selected_value,评级报告明确披露截至2023年末合肥市政府债务余额2259.16亿元，其中一般409.72、专项1849.45；待市级决算原表复核。
SRC-SECONDARY-DEBT-ANHUI-MAANSHAN-2023,中诚信国际信用评级有限责任公司,B2,true,二手公开城市债务图表,https://www.chinamoney.com.cn/dqs/cm-s-notice-query/fileDownLoad.do?contentId=2925623&mode=save&priority=0,https://www.chinamoney.com.cn/dqs/cm-s-notice-query/fileDownLoad.do?contentId=2925623&mode=save&priority=0,anhui_maanshan_2023_rating.txt,text/plain,2024-06-26,unclassified,0,0,0,,,,registered_no_selected_value,评级报告明确披露截至2023年末马鞍山市政府债务余额833.41亿元，其中一般304.24、专项529.16；待市级决算原表复核。
SRC-SECONDARY-DEBT-ANHUI-BENGBU-2023,东方金诚国际信用评估有限公司,B2,true,二手公开城市债务图表,https://www.dfratings.com/uploads/files/2024/1231/QjRa38gtBeGVJEFhq8kkYMstInyJRwQKD6eiMYhC.pdf,https://www.dfratings.com/uploads/files/2024/1231/QjRa38gtBeGVJEFhq8kkYMstInyJRwQKD6eiMYhC.pdf,anhui_bengbu_2023_rating.txt,text/plain,2024-12-31,unclassified,0,0,0,,,,registered_no_selected_value,评级报告明确披露2023年末蚌埠市政府债务余额738.5亿元，其中一般183.3、专项555.2；待市级决算原表复核。
SRC-SECONDARY-DEBT-ANHUI-HUAIBEI-2023,中诚信国际信用评级有限责任公司,B2,true,二手公开城市债务图表,https://static.sse.com.cn/disclosure/bond/announcement/corporate/c/new/2024-06-24/152719_20240624_K6QE.pdf,https://static.sse.com.cn/disclosure/bond/announcement/corporate/c/new/2024-06-24/152719_20240624_K6QE.pdf,anhui_huaibei_2023_rating.txt,text/plain,2024-06-24,unclassified,0,0,0,,,,registered_no_selected_value,评级报告明确披露2023年末淮北市政府债务余额预计执行数359.14亿元，其中一般100.79、专项258.35；待市级决算原表复核。
SRC-SECONDARY-DEBT-ANHUI-ANQING-2023,东方金诚国际信用评估有限公司,B2,true,二手公开城市债务图表,https://static.cninfo.com.cn/finalpage/2024-06-25/1220457491.pdf,https://static.cninfo.com.cn/finalpage/2024-06-25/1220457491.pdf,anhui_anqing_2023_rating.txt,text/plain,2024-06-25,unclassified,0,0,0,,,,registered_no_selected_value,评级报告明确披露截至2023年末安庆市政府债务余额910.11亿元，其中一般298.60、专项611.51；待市级决算原表复核。
SRC-SECONDARY-DEBT-ANHUI-TONGLING-2023,中诚信国际信用评级有限责任公司,B2,true,二手公开城市债务图表,https://www.chinamoney.com.cn/dqs/cm-s-notice-query/fileDownLoad.do?contentId=2905333&mode=open&priority=0,https://www.chinamoney.com.cn/dqs/cm-s-notice-query/fileDownLoad.do?contentId=2905333&mode=open&priority=0,anhui_tongling_2023_rating.txt,text/plain,2024-06-20,unclassified,0,0,0,,,,registered_no_selected_value,评级报告明确披露截至2023年末铜陵市地方政府债务余额433.63亿元，其中一般107.76、专项325.87；待市级决算原表复核。
SRC-SECONDARY-DEBT-ANHUI-BOZHOU-2023,联合资信评估股份有限公司,B2,true,二手公开城市债务图表,https://static.sse.com.cn/disclosure/bond/announcement/corporate/c/new/2024-06-21/152237_20240621_OXUJ.pdf,https://static.sse.com.cn/disclosure/bond/announcement/corporate/c/new/2024-06-21/152237_20240621_OXUJ.pdf,anhui_bozhou_2023_rating.txt,text/plain,2024-06-21,unclassified,0,0,0,,,,registered_no_selected_value,评级报告明确披露截至2023年底亳州市地方政府债务余额986.04亿元，其中一般245.01、专项741.03；待市级决算原表复核。
SRC-SECONDARY-DEBT-ANHUI-SUZHOU-2023,东方金诚国际信用评估有限公司,B2,true,二手公开城市债务图表,https://static.sse.com.cn/disclosure/bond/announcement/corporate/c/new/2024-06-24/152342_20240624_22NX.pdf,https://static.sse.com.cn/disclosure/bond/announcement/corporate/c/new/2024-06-24/152342_20240624_22NX.pdf,anhui_suzhou_2023_rating.txt,text/plain,2024-06-24,unclassified,0,0,0,,,,registered_no_selected_value,评级报告明确披露截至2023年末宿州市政府债务余额848.18亿元，其中一般233.91、专项614.27；待市级决算原表复核。
SRC-SECONDARY-DEBT-ANHUI-XUANCHENG-2023,东方金诚国际信用评估有限公司,B2,true,二手公开城市债务图表,https://static.sse.com.cn/disclosure/bond/announcement/corporate/c/new/2024-06-25/152676_20240625_2E78.pdf,https://static.sse.com.cn/disclosure/bond/announcement/corporate/c/new/2024-06-25/152676_20240625_2E78.pdf,anhui_xuancheng_2023_rating.txt,text/plain,2024-06-25,unclassified,0,0,0,,,,registered_no_selected_value,评级报告明确披露截至2023年末宣城市债务余额676.70亿元，其中一般211.34、专项465.37；待市级决算原表复核。
SRC-OFFICIAL-DEBT-HUBEI-YICHANG-2022,宜昌市财政局,A1,true,地方政府债务限额及余额公开表,https://img.xxgk.yichang.gov.cn/uploads/image/20230120/files/1674174372_335947.pdf,https://img.xxgk.yichang.gov.cn/uploads/image/20230120/files/1674174372_335947.pdf,hubei_yichang_2022_official.txt,text/plain,2023-01-20,city_year,1,1,1,CN-420500,2022,statutory_debt_balance_100m,accepted,官方预算执行材料明确列示截至2022年末宜昌市全市政府债务余额9258874万元，换算为925.8874亿元；本条仅接入总余额。
SRC-SECONDARY-DEBT-HUBEI-XIANGYANG-2022,评级机构公开报告,B2,true,二手公开城市债务图表,https://www.sse.com.cn/disclosure/bond/announcement/corporate/c/new/2023-06-26/184242_20230626_O9SS.pdf,https://www.sse.com.cn/disclosure/bond/announcement/corporate/c/new/2023-06-26/184242_20230626_O9SS.pdf,hubei_xiangyang_2022_rating.txt,text/plain,2023-06-26,city_year,1,1,1,CN-420600,2022,statutory_debt_balance_100m,accepted,评级报告明确列示截至2022年末襄阳市全市地方政府债务余额1024.10亿元；本条仅接入总余额。
SRC-SECONDARY-DEBT-HUBEI-JINGMEN-2022,评级机构公开报告,B2,true,二手公开城市债务图表,https://static.sse.com.cn/bond/bridge2/disclosure/announcement/c/202310/035499_20231023_667D.pdf,https://static.sse.com.cn/bond/bridge2/disclosure/announcement/c/202310/035499_20231023_667D.pdf,hubei_jingmen_2022_rating.txt,text/plain,2023-10-23,city_year,1,1,1,CN-420800,2022,statutory_debt_balance_100m,accepted,评级报告明确列示2022年末荆门市地方政府债务余额390.1亿元；本条仅接入总余额。
SRC-SECONDARY-DEBT-HUBEI-HUANGGANG-2022,中证鹏元资信评估股份有限公司,B2,true,二手公开城市债务图表,https://static.sse.com.cn/disclosure/bond/announcement/corporate/c/new/2023-06-09/152540_20230609_RN6J.pdf,https://static.sse.com.cn/disclosure/bond/announcement/corporate/c/new/2023-06-09/152540_20230609_RN6J.pdf,hubei_huanggang_2022_rating.txt,text/plain,2023-06-09,city_year,1,1,1,CN-421100,2022,statutory_debt_balance_100m,accepted,评级报告明确列示2022年末黄冈市政府直接债务余额626.99亿元；本条仅接入总余额。
SRC-SECONDARY-DEBT-HUBEI-SUIZHOU-2022,评级机构公开报告,B2,true,二手公开城市债务图表,https://qxb-pdf-osscache.qixin.com/AnBaseinfo/f80d2e2830c3d88c477fdf5061e2bd1e.pdf,https://qxb-pdf-osscache.qixin.com/AnBaseinfo/f80d2e2830c3d88c477fdf5061e2bd1e.pdf,hubei_suizhou_2022_rating.txt,text/plain,2023-07-01,city_year,1,1,1,CN-421300,2022,statutory_debt_balance_100m,accepted,评级报告明确列示截至2022年末随州市政府债务余额228.33亿元；本条仅接入总余额。
SRC-OFFICIAL-DEBT-HUBEI-HUANGSHI-2022,黄石市财政局,A1,true,地方政府债务限额及余额公开表,https://czj.huangshi.gov.cn/2020xxgkzn/2020gknr/2020czzj/sbjyjs/202301/t20230116_983314.html,https://czj.huangshi.gov.cn/2020xxgkzn/2020gknr/2020czzj/sbjyjs/202301/t20230116_983314.html,hubei_huangshi_2022_official.txt,text/plain,2023-01-17,unclassified,0,0,0,,,,registered_no_selected_value,市级财政局公开预算执行报告明确列示全市政府债务限额、一般/专项债务限额及年末余额；不将市级、大冶市和阳新县分项重复计入。
SRC-OFFICIAL-DEBT-HUBEI-EZHOU-2022,鄂州市人民政府,A1,true,地方政府债务限额及余额公开表,https://www.ezhou.gov.cn/gk/czzjgk/ys2023/zfyjs2023/202309/t20230928_578607.html,https://www.ezhou.gov.cn/gk/czzjgk/ys2023/zfyjs2023/202309/t20230928_578607.html,hubei_ezhou_2022_official.txt,text/plain,2023-09-28,unclassified,0,0,0,,,,registered_no_selected_value,市政府公开决算报告明确列示全市地方政府债务限额、一般/专项债务限额及年末余额；不将市本级和区级分项重复计入。
SRC-SECONDARY-DEBT-JIANGXI-JIAN-2020,大公国际资信评估有限公司,B2,true,二手公开城市债务图表,https://qxb-pdf-osscache.qixin.com/AnBaseinfo/ac485eae1b4c0b1faad12165eeeac476.pdf,https://qxb-pdf-osscache.qixin.com/AnBaseinfo/ac485eae1b4c0b1faad12165eeeac476.pdf,jiangxi_jian_2020_rating.txt,text/plain,2021-07-27,city_year,1,1,1,CN-360800,2020,statutory_debt_balance_100m,accepted,评级报告明确披露2020年末吉安市全市地方政府债务余额500.24亿元；本条仅接入总余额。
SRC-OFFICIAL-DEBT-JIANGXI-FUZHOU-2020,抚州市人民政府,A1,true,地方政府债务限额及余额公开表,https://www.fuzhou.gov.cn/zgfzzt/czzj/bjndyjs/zfysgk/202101/t20210128_3995390.htm,https://www.fuzhou.gov.cn/zgfzzt/czzj/bjndyjs/zfysgk/202101/t20210128_3995390.htm,jiangxi_fuzhou_2020_official.txt,text/plain,2021-01-28,city_year,1,1,1,CN-361000,2020,statutory_debt_balance_100m,accepted,市政府公开预算执行报告明确列示2020年末抚州市全市政府债务余额445.79亿元；本条仅接入总余额，未将市本级和县市区分项重复计入。
SRC-SECONDARY-DEBT-JIANGXI-YICHUN-2020,中证鹏元资信评估股份有限公司,B2,true,二手公开城市债务图表,https://www.cspengyuan.com/pengyuancmscn/rating-announcement/rating-infor/20230210153401277/20230210153625582/20230210154037108/%E5%AE%9C%E6%98%A5%E5%8F%91%E5%B1%95%E6%8A%95%E8%B5%84%E9%9B%86%E5%9B%A2%E4%B8%BB%E4%BD%93%E8%AF%84%E7%BA%A7.pdf,https://www.cspengyuan.com/pengyuancmscn/rating-announcement/rating-infor/20230210153401277/20230210153625582/20230210154037108/%E5%AE%9C%E6%98%A5%E5%8F%91%E5%B1%95%E6%8A%95%E8%B5%84%E9%9B%86%E5%9B%A2%E4%B8%BB%E4%BD%93%E8%AF%84%E7%BA%A7.pdf,jiangxi_yichun_2020_rating.txt,text/plain,2022-02-01,city_year,1,1,1,CN-360900,2020,statutory_debt_balance_100m,accepted,评级报告表格明确列示2020年宜春市全市地方政府债务余额593.33亿元；本条仅接入总余额，未将市本级或区县分项重复计入。
SRC-SECONDARY-DEBT-JIANGXI-JINGDEZHEN-2020,东方金诚国际信用评估有限公司,B2,true,二手公开城市债务图表,https://www.sse.com.cn/disclosure/bond/announcement/corporate/c/new/2023-06-09/184529_20230609_3WVZ.pdf,https://www.sse.com.cn/disclosure/bond/announcement/corporate/c/new/2023-06-09/184529_20230609_3WVZ.pdf,jiangxi_jingdezhen_2020_rating.txt,text/plain,2023-06-09,city_year,1,1,1,CN-360200,2020,statutory_debt_balance_100m,accepted,评级报告财政表格明确列示2020年景德镇市全市地方政府债务余额300.38亿元；本条仅接入总余额。
SRC-SECONDARY-DEBT-JIANGXI-XINYU-2020,中证鹏元资信评估股份有限公司,B2,true,二手公开城市债务图表,https://static.cninfo.com.cn/finalpage/2022-06-23/1213811505.pdf,https://static.cninfo.com.cn/finalpage/2022-06-23/1213811505.pdf,jiangxi_xinyu_2020_rating.txt,text/plain,2022-06-23,city_year,1,1,1,CN-360500,2020,statutory_debt_balance_100m,accepted,公开评级资料表格明确列示2020年新余市全市地方政府债务余额230.02亿元；本条仅接入总余额。
SRC-SECONDARY-DEBT-JIANGXI-YINGTAN-2020,东方金诚国际信用评估有限公司,B2,true,二手公开城市债务图表,https://static.sse.com.cn/disclosure/bond/announcement/corporate/c/new/2022-06-16/152196_20220616_1_wtKVRH8J.pdf,https://static.sse.com.cn/disclosure/bond/announcement/corporate/c/new/2022-06-16/152196_20220616_1_wtKVRH8J.pdf,jiangxi_yingtan_2020_rating.txt,text/plain,2022-06-16,unclassified,0,0,0,,,,registered_no_selected_value,评级报告明确列示截至2020年末鹰潭市全市地方政府债务余额245.52亿元，其中一般债务137.22亿元、专项债务108.30亿元。
SRC-SECONDARY-DEBT-GUANGXI-NANNING-2021,联合资信评估股份有限公司（引用南宁市公开预算执行资料）,B2,true,二手公开城市债务图表,https://www.lhratings.com/reports/B009042-P73536-2024-GZ2024.pdf,https://www.lhratings.com/reports/B009042-P73536-2024-GZ2024.pdf,guangxi_nanning_2021_rating.txt,text/plain,2024-06-01,city_year,1,1,1,CN-450100,2021,statutory_debt_balance_100m,accepted,评级报告表格列示2021年南宁市地方政府债务余额1231.59亿元；本条仅接入全市总余额，待市级财政决算附件复核。
SRC-SECONDARY-DEBT-GUANGXI-LIUZHOU-2021,东方金诚国际信用评估有限公司（引用柳州市公开预算执行资料）,B2,true,二手公开城市债务图表,https://www.dfratings.com/data/upload/file/20220802/62e8ba19ecbcf.pdf,https://www.dfratings.com/data/upload/file/20220802/62e8ba19ecbcf.pdf,guangxi_liuzhou_2021_rating.txt,text/plain,2022-08-02,unclassified,0,0,0,,,,registered_no_selected_value,评级报告明确披露2021年末柳州市政府债务余额690.51亿元，其中一般债务201.75亿元、专项债务488.75亿元；待市级财政决算附件复核。
SRC-SECONDARY-DEBT-GUANGXI-WUZHOU-2021,中证鹏元资信评估股份有限公司（引用梧州市政府公开资料）,B2,true,二手公开城市债务图表,https://www.cspengyuan.com/pengyuancmscn/rating-announcement/rating-infor/wuzhouchengshijianshe/2019-Wuzhou-Urban-Construction-Special-Bond-Credit-Rating/20220630221034545/2018%E5%B9%B4%E7%AC%AC%E4%B8%80%E6%9C%9F%E3%80%812019%E5%B9%B4%E7%AC%AC%E4%B8%80%E6%9C%9F%E6%A2%A7%E5%B7%9E%E5%B8%82%E5%9F%8E%E5%B8%82%E5%BB%BA%E8%AE%BE%E6%8A%95%E8%B5%84%E5%BC%80%E5%8F%91%E6%9C%89%E9%99%90%E5%85%AC%E5%8F%B8%E5%9F%8E%E5%B8%82%E5%9C%B0%E4%B8%8B%E7%BB%BC%E5%90%88%E7%AE%A1%E5%BB%8A%E5%BB%BA%E8%AE%BE%E4%B8%93%E9%A1%B9%E5%80%BA%E5%88%B82022%E5%B9%B4%E8%B7%9F%E8%B8%AA%E8%AF%84%E7%BA%A7%E6%8A%A5%E5%91%8A.pdf,https://www.cspengyuan.com/pengyuancmscn/rating-announcement/rating-infor/wuzhouchengshijianshe/2019-Wuzhou-Urban-Construction-Special-Bond-Credit-Rating/20220630221034545/2018%E5%B9%B4%E7%AC%AC%E4%B8%80%E6%9C%9F%E3%80%812019%E5%B9%B4%E7%AC%AC%E4%B8%80%E6%9C%9F%E6%A2%A7%E5%B7%9E%E5%B8%82%E5%9F%8E%E5%B8%82%E5%BB%BA%E8%AE%BE%E6%8A%95%E8%B5%84%E5%BC%80%E5%8F%91%E6%9C%89%E9%99%90%E5%85%AC%E5%8F%B8%E5%9F%8E%E5%B8%82%E5%9C%B0%E4%B8%8B%E7%BB%BC%E5%90%88%E7%AE%A1%E5%BB%8A%E5%BB%BA%E8%AE%BE%E4%B8%93%E9%A1%B9%E5%80%BA%E5%88%B82022%E5%B9%B4%E8%B7%9F%E8%B8%AA%E8%AF%84%E7%BA%A7%E6%8A%A5%E5%91%8A.pdf,guangxi_wuzhou_2021_rating.txt,text/plain,2022-06-30,city_year,1,1,1,CN-450400,2021,statutory_debt_balance_100m,accepted,评级报告表格列示2021年梧州市地方政府债务余额349.74亿元；本条仅接入全市总余额，待市级财政决算附件复核。
SRC-SECONDARY-DEBT-GUANGXI-QINZHOU-2021,东方金诚国际信用评估有限公司（引用钦州市公开预算执行资料）,B2,true,二手公开城市债务图表,https://www.dfratings.com/data/upload/file/20220727/62e0efe24a4f5.pdf,https://www.dfratings.com/data/upload/file/20220727/62e0efe24a4f5.pdf,guangxi_qinzhou_2021_rating.txt,text/plain,2022-07-27,unclassified,0,0,0,,,,registered_no_selected_value,评级报告明确披露2021年末钦州市政府债务余额359.52亿元，其中一般债务145.68亿元、专项债务213.83亿元；待市级财政决算附件复核。
SRC-SECONDARY-DEBT-GUANGXI-GUIGANG-2021,东方金诚国际信用评估有限公司（引用贵港市公开预算执行资料）,B2,true,二手公开城市债务图表,https://static.sse.com.cn/disclosure/bond/announcement/corporate/c/new/2024-06-27/184117_20240627_EGWW.pdf,https://static.sse.com.cn/disclosure/bond/announcement/corporate/c/new/2024-06-27/184117_20240627_EGWW.pdf,guangxi_guigang_2021_rating.txt,text/plain,2024-06-27,city_year,1,1,1,CN-450800,2021,statutory_debt_balance_100m,accepted,评级报告财政表格列示2021年贵港市地方政府债务余额256.83亿元；本条仅接入全市总余额，待市级财政决算附件复核。
SRC-SECONDARY-DEBT-GUANGXI-YULIN-2021,中诚信国际信用评级有限责任公司（引用玉林市公开预算执行资料）,B2,true,二手公开城市债务图表,https://website-oss.ccxi.com.cn/zhongchengxin/file/20220726-1658803372664-d39pF0-%5B%5Boriginalname%5D%5D-%E7%8E%89%E6%9E%97%E5%B8%82%E5%9F%8E%E5%B8%82%E5%BB%BA%E8%AE%BE%E6%8A%95%E8%B5%84%E9%9B%86%E5%9B%A2%E6%9C%89%E9%99%90%E5%85%AC%E5%8F%B82022%E5%B9%B4%E5%BA%A6%E8%B7%9F%E8%B8%AA%E8%AF%84%E7%BA%A7%E6%8A%A5%E5%91%8A.pdf,https://website-oss.ccxi.com.cn/zhongchengxin/file/20220726-1658803372664-d39pF0-%5B%5Boriginalname%5D%5D-%E7%8E%89%E6%9E%97%E5%B8%82%E5%9F%8E%E5%B8%82%E5%BB%BA%E8%AE%BE%E6%8A%95%E8%B5%84%E9%9B%86%E5%9B%A2%E6%9C%89%E9%99%90%E5%85%AC%E5%8F%B82022%E5%B9%B4%E5%BA%A6%E8%B7%9F%E8%B8%AA%E8%AF%84%E7%BA%A7%E6%8A%A5%E5%91%8A.pdf,guangxi_yulin_2021_rating.txt,text/plain,2022-07-26,city_year,1,1,1,CN-450900,2021,statutory_debt_balance_100m,accepted,评级报告明确披露2021年末玉林市全市政府债务余额374.86亿元；本条仅接入全市总余额，待市级财政决算附件复核。
SRC-SECONDARY-DEBT-GUANGXI-BAISE-2021,东方金诚国际信用评估有限公司（引用百色市公开预算执行资料）,B2,true,二手公开城市债务图表,https://static.sse.com.cn/disclosure/bond/announcement/corporate/c/new/2024-06-28/184093_20240628_ARC0.pdf,https://static.sse.com.cn/disclosure/bond/announcement/corporate/c/new/2024-06-28/184093_20240628_ARC0.pdf,guangxi_baise_2021_rating.txt,text/plain,2024-06-28,city_year,1,1,1,CN-451000,2021,statutory_debt_balance_100m,accepted,评级报告财政表格列示2021年百色市地方政府债务余额493.61亿元；本条仅接入全市总余额，待市级财政决算附件复核。
SRC-SECONDARY-DEBT-GUANGXI-HECHI-2021,中证鹏元资信评估股份有限公司（引用河池市公开预算执行资料）,B2,true,二手公开城市债务图表,https://qxb-pdf-osscache.qixin.com/AnBaseinfo/5311b5491095db72ce2588b4a31f052c.pdf,https://qxb-pdf-osscache.qixin.com/AnBaseinfo/5311b5491095db72ce2588b4a31f052c.pdf,guangxi_hechi_2021_rating.txt,text/plain,2022-06-01,city_year,1,1,1,CN-451200,2021,statutory_debt_balance_100m,accepted,评级资料表格列示2021年河池市地方政府债务余额334.81亿元；本条仅接入全市总余额，待市级财政决算附件复核。
SRC-SECONDARY-DEBT-HEBEI-SHIJIAZHUANG-2019,联合资信评估股份有限公司（引用河北省财政厅资料）,B2,true,二手公开城市债务图表,https://www.sse.com.cn/disclosure/bond/announcement/local/c/2020-09-07/3969605652592956176341107.pdf,https://www.sse.com.cn/disclosure/bond/announcement/local/c/2020-09-07/3969605652592956176341107.pdf,hebei_shijiazhuang_2019_rating.txt,text/plain,2020-09-07,city_year,1,1,1,CN-130100,2019,statutory_debt_balance_100m,accepted,评级报告第15页明确列示2019年末石家庄市政府债务余额1259.62亿元；本条仅接入全市总余额，待市级财政决算附件复核。
SRC-SECONDARY-DEBT-HEBEI-TANGSHAN-2019,联合资信评估股份有限公司（引用河北省财政厅资料）,B2,true,二手公开城市债务图表,https://www.sse.com.cn/disclosure/bond/announcement/local/c/2020-09-07/3969605652592956176341107.pdf,https://www.sse.com.cn/disclosure/bond/announcement/local/c/2020-09-07/3969605652592956176341107.pdf,hebei_tangshan_2019_rating.txt,text/plain,2020-09-07,city_year,1,1,1,CN-130200,2019,statutory_debt_balance_100m,accepted,评级报告第15页明确列示2019年末唐山市政府债务余额1588.14亿元；本条仅接入全市总余额，待市级财政决算附件复核。
SRC-SECONDARY-DEBT-HEBEI-HANDAN-2019,联合资信评估股份有限公司（引用河北省财政厅资料）,B2,true,二手公开城市债务图表,https://www.sse.com.cn/disclosure/bond/announcement/local/c/2020-09-07/3969605652592956176341107.pdf,https://www.sse.com.cn/disclosure/bond/announcement/local/c/2020-09-07/3969605652592956176341107.pdf,hebei_handan_2019_rating.txt,text/plain,2020-09-07,city_year,1,1,1,CN-130400,2019,statutory_debt_balance_100m,accepted,评级报告第15页明确列示2019年末邯郸市政府债务余额732.42亿元；本条仅接入全市总余额，待市级财政决算附件复核。
SRC-OFFICIAL-DEBT-GUANGXI-FANGCHENGGANG-2023,防城港市财政局,A2,true,地方政府债务限额及余额公开表,https://www.fcgs.gov.cn/zfxxgk/zdlyxxgk/czzj/szfjs/js2023/t19009907.shtml,https://www.fcgs.gov.cn/zfxxgk/zdlyxxgk/czzj/szfjs/js2023/t19009907.shtml,guangxi_fangchenggang_2023_official.txt,text/plain,2024-08-28,unclassified,0,0,0,,,,registered_no_selected_value,市级财政公开决算报告明确披露截至2023年底全市政府债务余额293.33亿元，其中一般债务132.66亿元、专项债务160.67亿元；采用全市口径，不使用市本级行。
SRC-SECONDARY-DEBT-GUANGXI-WUZHOU-2023,中证鹏元资信评估股份有限公司（引用梧州市政府公开资料）,B2,true,二手公开城市债务图表,https://static.sse.com.cn/disclosure/bond/announcement/corporate/c/new/2025-06-30/152136_20250630_TBKS.pdf,https://static.sse.com.cn/disclosure/bond/announcement/corporate/c/new/2025-06-30/152136_20250630_TBKS.pdf,guangxi_wuzhou_2023_rating.txt,text/plain,2025-06-30,city_year,1,1,1,CN-450400,2023,statutory_debt_balance_100m,accepted,评级报告第7页表3列示2023年梧州市地方政府债务余额545.92亿元；该表未披露一般/专项拆分，先接入全市总余额，待梧州市财政决算附件复核。
SRC-SECONDARY-DEBT-GUANGXI-CITIES-2023-CCXI,中诚信国际信用评级有限责任公司,B2,true,二手公开城市债务图表,https://ccxi-private-prod.oss-cn-zhangjiakou.aliyuncs.com/research/report/%E4%B8%80%E5%91%A8%E5%B9%B4%E5%8C%96%E5%80%BA%E7%B3%BB%E5%88%97%E7%A0%94%E7%A9%B6%E4%B9%8B%E5%B9%BF%E8%A5%BF%E6%9F%B3%E5%B7%9E%E7%AF%87%E2%80%94%E2%80%94%E4%BC%A0%E7%BB%9F%E5%B7%A5%E4%B8%9A%E5%BC%BA%E5%B8%82%E7%9A%84%E5%8C%96%E5%80%BA%E5%89%8D%E8%A1%8C%E4%B9%8B%E8%B7%AF.pdf,https://ccxi-private-prod.oss-cn-zhangjiakou.aliyuncs.com/research/report/%E4%B8%80%E5%91%A8%E5%B9%B4%E5%8C%96%E5%80%BA%E7%B3%BB%E5%88%97%E7%A0%94%E7%A9%B6%E4%B9%8B%E5%B9%BF%E8%A5%BF%E6%9F%B3%E5%B7%9E%E7%AF%87%E2%80%94%E2%80%94%E4%BC%A0%E7%BB%9F%E5%B7%A5%E4%B8%9A%E5%BC%BA%E5%B8%82%E7%9A%84%E5%8C%96%E5%80%BA%E5%89%8D%E8%A1%8C%E4%B9%8B%E8%B7%AF.pdf,guangxi_city_2023_ccxi.txt,text/plain,2024-10-28,multicity_batch,6,1,6,CN-450500;CN-450700;CN-450800;CN-451000;CN-451200;CN-451400,2023,statutory_debt_balance_100m,accepted,研究报告表1统一列示广西各地市2023年末全市地方政府债务余额；本批仅接入当前缺口城市，未用表中数据反推一般/专项分项，待各市财政决算附件复核。
SRC-SECONDARY-DEBT-HEBEI-XINGTAI-2019,大公国际资信评估有限公司（引用邢台市财政局资料）,B2,true,二手公开城市债务图表,https://www.dagongcredit.com/M00/uploadfile/2021/0617/20210617020208741.pdf,https://www.dagongcredit.com/M00/uploadfile/2021/0617/20210617020208741.pdf,hebei_xingtai_2019_rating.txt,text/plain,2021-06-17,unclassified,0,0,0,,,,registered_no_selected_value,评级报告明确列示2019年末邢台市全市地方政府债务余额468.68亿元，其中一般债务210.79亿元、专项债务257.89亿元；待市级财政决算附件复核。
SRC-SECONDARY-DEBT-HEBEI-CANGZHOU-2019,东方金诚国际信用评估有限公司（引用沧州市公开资料）,B2,true,二手公开城市债务图表,https://www.dfratings.com/data/upload/file/20210716/60f1554a45c1c.pdf,https://www.dfratings.com/data/upload/file/20210716/60f1554a45c1c.pdf,hebei_cangzhou_2019_rating.txt,text/plain,2021-07-16,city_year,1,1,1,CN-130900,2019,statutory_debt_balance_100m,accepted,评级报告明确列示截至2019年末沧州市全市地方政府债务余额449.70亿元；未披露一般/专项分项，仅接入总余额，待市级财政决算附件复核。
SRC-OFFICIAL-DEBT-HEBEI-LANGFANG-2019,廊坊市财政局,A2,true,地方政府债务限额及余额公开表,https://www.lf.gov.cn/Item/104325.aspx,https://www.lf.gov.cn/Item/104325.aspx,hebei_langfang_2019_official.txt,text/plain,2020-11-17,unclassified,0,0,0,,,,registered_no_selected_value,市级总决算公开表7明确披露2019年廊坊市全市政府债务余额300.95亿元，其中一般债务158.65亿元、专项债务142.30亿元；采用全市口径，不使用市本级行。
SRC-OFFICIAL-DEBT-HEBEI-HENGSHUI-2019,衡水市财政局,A2,true,地方政府债务限额及余额公开表,https://ty-jd.com/czj/module/download/downfile/classid/0/filenam/4ace136289b7d.pf.pdf,https://ty-jd.com/czj/module/download/downfile/classid/0/filenam/4ace136289b7d.pf.pdf,hebei_hengshui_2019_official.txt,text/plain,2021-08-01,unclassified,0,0,0,,,,registered_no_selected_value,市级财政决算表12明确披露2019年末衡水市全市政府债务余额254.52亿元，其中一般债务120.80亿元、专项债务133.72亿元；采用全市口径，不使用市本级行。
SRC-OFFICIAL-DEBT-HEBEI-HENGSHUI-2018-FROM-2019-DECISION,衡水市财政局,A2,true,地方政府债务限额及余额公开表,https://www.btfghg.com/czj/module/download/downfile/classid/0/filenam/256e7b94108f3a.pd.pdf,https://www.btfghg.com/czj/module/download/downfile/classid/0/filenam/256e7b94108f3a.pd.pdf,hebei_hengshui_2018_from_2019_decision.txt,text/plain,2020-09-01,unclassified,0,0,0,,,,registered_no_selected_value,市级财政决算表明确披露2018年末衡水市全市政府债务余额187.12亿元，其中一般债务93.42亿元、专项债务93.70亿元；采用全市/本地区列，不使用市本级行。
SRC-OFFICIAL-DEBT-HEBEI-BAODING-2019,保定市财政局,A2,true,地方政府债务限额及余额公开表,https://www.baoding.gov.cn/viewFile.do?file=1%2F202503%2F250313145708319_300_2020%E5%B9%B4%E5%B8%82%E6%9C%AC%E7%BA%A7%E5%92%8C%E5%85%A8%E5%B8%82%E8%B4%A2%E6%94%BF%E5%86%B3%E7%AE%97%E5%85%AC%E5%BC%80%E6%8A%A5%E8%A1%A8%E5%8F%8A%E6%96%87%E5%AD%97%E8%AF%B4%E6%98%8E.pdf%26filename=2020%E5%B9%B4%E5%B8%82%E6%9C%AC%E7%BA%A7%E5%92%8C%E5%85%A8%E5%B8%82%E8%B4%A2%E6%94%BF%E5%86%B3%E7%AE%97%E5%85%AC%E5%BC%80%E6%8A%A5%E8%A1%A8%E5%8F%8A%E6%96%87%E5%AD%97%E8%AF%B4%E6%98%8E.pdf%26type=2,https://www.baoding.gov.cn/viewFile.do?file=1%2F202503%2F250313145708319_300_2020%E5%B9%B4%E5%B8%82%E6%9C%AC%E7%BA%A7%E5%92%8C%E5%85%A8%E5%B8%82%E8%B4%A2%E6%94%BF%E5%86%B3%E7%AE%97%E5%85%AC%E5%BC%80%E6%8A%A5%E8%A1%A8%E5%8F%8A%E6%96%87%E5%AD%97%E8%AF%B4%E6%98%8E.pdf%26filename=2020%E5%B9%B4%E5%B8%82%E6%9C%AC%E7%BA%A7%E5%92%8C%E5%85%A8%E5%B8%82%E8%B4%A2%E6%94%BF%E5%86%B3%E7%AE%97%E5%85%AC%E5%BC%80%E6%8A%A5%E8%A1%A8%E5%8F%8A%E6%96%87%E5%AD%97%E8%AF%B4%E6%98%8E.pdf%26type=2,hebei_baoding_2019_official.txt,text/plain,2021-10-25,unclassified,0,0,0,,,,registered_no_selected_value,市级财政决算表12明确披露2019年末保定市全市政府债务余额542.4818亿元，其中一般债务173.5165亿元、专项债务368.9653亿元；采用全市口径，不使用市本级行。
SRC-OFFICIAL-DEBT-HEBEI-BAODING-2018,保定市财政局,A2,true,地方政府债务限额及余额公开表,https://www.baoding.gov.cn/zwgknr-1004-312489.html,https://www.baoding.gov.cn/zwgknr-1004-312489.html,hebei_baoding_2018_official.txt,text/plain,2019-10-25,unclassified,0,0,0,,,,registered_no_selected_value,官方决算公开表第7、8表明确披露2018年保定市全市政府债务余额396.84亿元，其中一般债务124.36亿元、专项债务272.48亿元；采用全市/本地区列，不使用市本级行。
SRC-SECONDARY-DEBT-HEBEI-XINGTAI-2018-RATING,大公国际资信评估有限公司,B2,true,二手公开城市债务图表,https://www.dagongcredit.com/M00/uploadfile/2021/0617/20210617020208741.pdf,https://www.dagongcredit.com/M00/uploadfile/2021/0617/20210617020208741.pdf,hebei_xingtai_2018_rating.txt,text/plain,2021-06-17,city_year,1,1,1,CN-130500,2018,statutory_debt_balance_100m,accepted,评级报告根据邢台市财政局资料列示2018年末邢台市全市地方政府债务余额389.67亿元；仅披露总额，未反推一般/专项分项。
SRC-SECONDARY-DEBT-HEBEI-ZHANGJIAKOU-2018-RATING,河北省财政厅/政府债券信息披露平台,B2,true,二手公开城市债务图表,https://www.governbond.org.cn/uploadFiles/crawler_t_src_bond_doc/2019%E5%B9%B4%E6%B2%B3%E5%8C%97%E7%9C%81%E5%8C%BB%E7%96%97%E4%B8%93%E9%A1%B9%E5%80%B5%E5%88%B8%EF%BC%88%E4%B8%80%E6%9C%9F%EF%BC%89--2019%E5%B9%B4%E6%B2%B3%E5%8C%97%E7%9C%81%E6%94%BF%E5%BA%9C%E4%B8%93%E9%A1%B9%E5%80%B5%E5%88%B8%EF%BC%88六期）信息披露文件.pdf,https://www.governbond.org.cn/uploadFiles/crawler_t_src_bond_doc/2019%E5%B9%B4%E6%B2%B3%E5%8C%97%E7%9C%81%E5%8C%BB%E7%96%97%E4%B8%93%E9%A1%B9%E5%80%B5%E5%88%B8%EF%BC%88%E4%B8%80%E6%9C%9F%EF%BC%89--2019%E5%B9%B4%E6%B2%B3%E5%8C%97%E7%9C%81%E6%94%BF%E5%BA%9C%E4%B8%93%E9%A1%B9%E5%80%B5%E5%88%B8%EF%BC%88六期）信息披露文件.pdf,hebei_zhangjiakou_2018_rating.txt,text/plain,2019-01-01,city_year,1,1,1,CN-130700,2018,statutory_debt_balance_100m,accepted,政府债券信息披露文件明确列示截至2018年底张家口市全市地方政府债务余额278.90亿元，并另列市本级180.70亿元；仅接入全市总额，不反推一般/专项分项。
SRC-SECONDARY-DEBT-HEBEI-QINHUANGDAO-2020,中诚信国际信用评级有限责任公司,B2,true,二手公开城市债务图表,https://static.sse.com.cn/disclosure/bond/announcement/company/c/new/2023-03-07/115014_20230307_QG11.pdf,https://static.sse.com.cn/disclosure/bond/announcement/company/c/new/2023-03-07/115014_20230307_QG11.pdf,hebei_qinhuangdao_2020_rating.txt,text/plain,2023-03-07,city_year,1,1,1,CN-130300,2020,statutory_debt_balance_100m,accepted,评级报告地方经济财政实力表列示2020年秦皇岛市地方政府债务余额556.23亿元，资料来源为秦皇岛市财政局；仅接入全市总余额。
SRC-OFFICIAL-DEBT-HEBEI-LANGFANG-2020,廊坊市财政局,A2,true,地方政府债务限额及余额公开表,https://zhuanti.lf.gov.cn/UploadFiles/sjczyjsgkzl/2022/8/202208311632257136.rar,https://zhuanti.lf.gov.cn/UploadFiles/sjczyjsgkzl/2022/8/202208311632257136.rar,hebei_langfang_2020_official.txt,text/plain,2021-11-05,unclassified,0,0,0,,,,registered_no_selected_value,廊坊市官方总决算公开表明确列示2020年全市余额501.79亿元，其中一般176.61、专项325.18；采用全市行。
SRC-SECONDARY-DEBT-HEBEI-ZHANGJIAKOU-2020,中债资信评估有限责任公司,B2,true,二手公开城市债务图表,https://www.chinaratings.com.cn/app/download/1041/134732,https://www.chinaratings.com.cn/app/download/1041/134732,hebei_zhangjiakou_2020_rating.txt,text/plain,2021-12-01,city_year,1,1,1,CN-130700,2020,statutory_debt_balance_100m,accepted,评级报告明确披露2020年末张家口市政府债务余额761.85亿元；仅接入全市总余额。
SRC-SECONDARY-DEBT-HEBEI-CANGZHOU-2020,中诚信国际信用评级有限责任公司,B2,true,二手公开城市债务图表,https://www.ccxi.com.cn/public/upload/files/20210722/1626922651.pdf,https://www.ccxi.com.cn/public/upload/files/20210722/1626922651.pdf,hebei_cangzhou_2020_rating.txt,text/plain,2021-07-22,city_year,1,1,1,CN-130900,2020,statutory_debt_balance_100m,accepted,评级报告明确披露2020年末沧州市地方政府债务余额580.00亿元；仅接入全市总余额。
SRC-SECONDARY-DEBT-HEBEI-HENGSHUI-2020,衡水市财政局（公开资料镜像）,B2,true,二手公开城市债务图表,https://ty-jd.com/czj/module/download/downfile/classid/0/filenam/50e1824bac6f3.pd.pdf,https://ty-jd.com/czj/module/download/downfile/classid/0/filenam/50e1824bac6f3.pd.pdf,hebei_hengshui_2020_official.txt,text/plain,2022-09-01,unclassified,0,0,0,,,,registered_no_selected_value,公开决算表列示本地区（全市）2020年末余额340.77亿元，其中一般149.22、专项191.55；不使用市本级行。
SRC-SECONDARY-DEBT-HEBEI-QINHUANGDAO-2022,中诚信国际信用评级有限责任公司,B2,true,二手公开城市债务图表,https://static.sse.com.cn/disclosure/bond/announcement/company/c/new/2023-03-07/115014_20230307_QG11.pdf,https://static.sse.com.cn/disclosure/bond/announcement/company/c/new/2023-03-07/115014_20230307_QG11.pdf,hebei_qinhuangdao_2022_rating.txt,text/plain,2023-03-07,city_year,1,1,1,CN-130300,2022,statutory_debt_balance_100m,accepted,评级报告地方经济财政实力表列示2022年秦皇岛市地方政府债务余额658.82亿元，资料来源为秦皇岛市财政局；仅接入全市总余额。
SRC-OFFICIAL-DEBT-HEBEI-LANGFANG-2022,廊坊市财政局,A2,true,地方政府债务限额及余额公开表,https://zhuanti.lf.gov.cn/UploadFiles/sjczyjsgkzl/2024/8/202408201818270746.zip,https://zhuanti.lf.gov.cn/UploadFiles/sjczyjsgkzl/2024/8/202408201818270746.zip,hebei_langfang_2022_official.txt,text/plain,2023-11-14,unclassified,0,0,0,,,,registered_no_selected_value,官方决算公开附件的余额列明确标注为预计执行数：全市959.44亿元，其中一般207.92、专项751.52；主表保留 preliminary 状态，不等同最终决算。
SRC-OFFICIAL-DEBT-HEBEI-LANGFANG-2023,廊坊市财政局,A2,true,地方政府债务限额及余额公开表,https://zfxxgk.lf.gov.cn/UserFiles/News/2024/3/14/a438deed-45a8-4c28-925e-61ccaec5206f.pdf,https://zfxxgk.lf.gov.cn/UserFiles/News/2024/3/14/a438deed-45a8-4c28-925e-61ccaec5206f.pdf,hebei_langfang_2023_official.txt,text/plain,2024-03-14,city_year,1,1,1,CN-131000,2023,statutory_debt_balance_100m,accepted,官方预算执行报告明确列示2023年全市余额1116.9亿元，同时列示市本级234.1亿元；本条接入全市总额，不以市本级替代全市。原报告注明为快报统计数，最终执行结果待决算复核，主表保留 preliminary 状态。
SRC-SECONDARY-DEBT-HEBEI-HENGSHUI-2022,衡水市财政局公开资料镜像,B2,true,二手公开城市债务图表,https://www.btfghg.com/czj/module/download/downfile/classid/0/filenam/10e4f6cb9285a7.pd.pdf,https://www.btfghg.com/czj/module/download/downfile/classid/0/filenam/10e4f6cb9285a7.pd.pdf,hebei_hengshui_2022_official.txt,text/plain,2023-01-01,unclassified,0,0,0,,,,registered_no_selected_value,公开财政报告列示2022年全市政府债务余额531亿元，其中一般183、专项348；采用全市口径，来源为公开资料镜像，待官方决算附件复核。
SRC-SECONDARY-DEBT-HEBEI-XINGTAI-2022,评级机构公开报告,B2,true,二手公开城市债务图表,https://www.chinamoney.org.cn/dqs/cm-s-notice-query/fileDownLoad.do?contentId=2758442&mode=save&priority=0,https://www.chinamoney.org.cn/dqs/cm-s-notice-query/fileDownLoad.do?contentId=2758442&mode=save&priority=0,hebei_xingtai_2022_rating.txt,text/plain,2023-03-01,unclassified,0,0,0,,,,registered_no_selected_value,评级报告根据邢台市2022年预算执行情况和2023年预算草案报告整理，明确列示全市余额950.30亿元，其中一般287.60、专项662.70。
SRC-SECONDARY-DEBT-HEBEI-ZHANGJIAKOU-2022,联合资信评估股份有限公司,B2,true,二手公开城市债务图表,https://static.sse.com.cn/disclosure/bond/announcement/corporate/c/new/2023-06-26/152297_20230626_5B8S.pdf,https://static.sse.com.cn/disclosure/bond/announcement/corporate/c/new/2023-06-26/152297_20230626_5B8S.pdf,hebei_zhangjiakou_2022_rating.txt,text/plain,2023-06-26,unclassified,0,0,0,,,,registered_no_selected_value,评级报告明确披露截至2022年末张家口市政府债务余额1046.24亿元，其中一般424.73、专项621.51。
SRC-SECONDARY-DEBT-HEBEI-CANGZHOU-2022,东方金诚国际信用评估有限公司,B2,true,二手公开城市债务图表,https://static.sse.com.cn/bond/bridge2/disclosure/announcement/c/202310/035580_20231023_3RGO.pdf,https://static.sse.com.cn/bond/bridge2/disclosure/announcement/c/202310/035580_20231023_3RGO.pdf,hebei_cangzhou_2022_rating.txt,text/plain,2023-10-23,unclassified,0,0,0,,,,registered_no_selected_value,评级报告明确披露2022年末沧州市政府债务余额806.10亿元，其中一般288.32、专项517.78；接入全市口径。
SRC-SECONDARY-DEBT-HEBEI-XINGTAI-2023,评级机构公开报告,B2,true,二手公开城市债务图表,https://qxb-pdf-osscache.qixin.com/AnBaseinfo/a1cb6ae6966bdc9f4e9185cf7490096d.pdf,https://qxb-pdf-osscache.qixin.com/AnBaseinfo/a1cb6ae6966bdc9f4e9185cf7490096d.pdf,hebei_xingtai_2023_rating.txt,text/plain,2024-06-01,unclassified,0,0,0,,,,registered_no_selected_value,评级报告明确披露2023年末邢台市地方政府债务余额1103.63亿元，其中一般302.81、专项800.82。
SRC-SECONDARY-DEBT-HEBEI-ZHANGJIAKOU-2023,联合资信评估股份有限公司,B2,true,二手公开城市债务图表,https://static.sse.com.cn/disclosure/bond/announcement/corporate/c/new/2024-06-28/152297_20240628_3S47.pdf,https://static.sse.com.cn/disclosure/bond/announcement/corporate/c/new/2024-06-28/152297_20240628_3S47.pdf,hebei_zhangjiakou_2023_rating.txt,text/plain,2024-06-28,unclassified,0,0,0,,,,registered_no_selected_value,评级报告明确披露截至2023年末张家口市政府债务余额1333.88亿元，其中一般501.60、专项832.28。
SRC-SECONDARY-DEBT-HEBEI-CANGZHOU-2023,东方金诚国际信用评估有限公司,B2,true,二手公开城市债务图表,https://www.shibor.org/dqs/cm-s-notice-query/fileDownLoad.do?contentId=2929414&mode=save&priority=0,https://www.shibor.org/dqs/cm-s-notice-query/fileDownLoad.do?contentId=2929414&mode=save&priority=0,hebei_cangzhou_2023_rating.txt,text/plain,2024-06-01,city_year,1,1,1,CN-130900,2023,statutory_debt_balance_100m,accepted,评级报告明确披露截至2023年末沧州市地方政府债务余额1006.35亿元；仅接入全市总余额。
SRC-SECONDARY-DEBT-HEBEI-QINHUANGDAO-2023,中诚信国际信用评级有限责任公司,B2,true,二手公开城市债务图表,https://static.sse.com.cn/disclosure/bond/announcement/company/c/new/2024-06-12/185004_20240612_PR2S.pdf,https://static.sse.com.cn/disclosure/bond/announcement/company/c/new/2024-06-12/185004_20240612_PR2S.pdf,hebei_qinhuangdao_2023_rating.txt,text/plain,2024-06-12,city_year,1,1,1,CN-130300,2023,statutory_debt_balance_100m,accepted,评级报告表格列示2023年秦皇岛市地方政府债务余额746.49亿元；仅接入全市总余额，不反推一般/专项分项。
SRC-SECONDARY-DEBT-HEBEI-HANDAN-2023,联合资信评估股份有限公司,B2,true,二手公开城市债务图表,https://static.sse.com.cn/disclosure/bond/announcement/corporate/c/new/2024-06-21/152545_20240621_F5X0.pdf,https://static.sse.com.cn/disclosure/bond/announcement/corporate/c/new/2024-06-21/152545_20240621_F5X0.pdf,hebei_handan_2023_rating.txt,text/plain,2024-06-21,city_year,1,1,1,CN-130400,2023,statutory_debt_balance_100m,accepted,评级报告明确披露截至2023年末邯郸市政府债务余额1381.14亿元；仅接入全市总余额。
SRC-SECONDARY-DEBT-HEBEI-XINGTAI-2020-FROM-2021-TABLE,河北省财政厅公开资料镜像,B2,true,二手公开城市债务图表,https://qccdata.qichacha.com/tenderV2Attach/c7b9fcb1a77834fd4da453d615c413e1.pdf,https://qccdata.qichacha.com/tenderV2Attach/c7b9fcb1a77834fd4da453d615c413e1.pdf,hebei_xingtai_2020_from_2021_table.txt,text/plain,2022-08-01,unclassified,0,0,0,,,,registered_no_selected_value,2021年河北省省级公开表的上年末列对应2020年末，邢台市全市余额791.96亿元，其中一般267.88、专项524.08；原表标注预计执行数，保留 preliminary 状态。
SRC-SECONDARY-DEBT-JIANGXI-PINGXIANG-2018-FAR-EAST,远东资信评估有限公司,B2,true,二手公开城市债务图表,https://www.sfecr.com/upload/file/2024-06/col100/1719387847069.pdf,https://www.sfecr.com/upload/file/2024-06/col100/1719387847069.pdf,jiangxi_pingxiang_2018_secondary.txt,text/plain,2024-06-01,unclassified,0,0,0,,,,registered_no_selected_value,评级报告表10明确列示2018年萍乡市全市地方政府债务余额182.70亿元，其中一般债务137.95亿元、专项债务44.75亿元；仅接入全市口径，待市级财政决算附件复核。
SRC-SECONDARY-DEBT-SHANXI-JINCHENG-2018,晋城市城区财政局/政府债券信息披露资料,B2,true,二手公开城市债务图表,https://pdf.dfcfw.com/pdf/H2_AN201907151338674800_1.pdf,https://pdf.dfcfw.com/pdf/H2_AN201907151338674800_1.pdf,shanxi_jincheng_2018_secondary.txt,text/plain,2019-07-15,unclassified,0,0,0,,,,registered_no_selected_value,公开债券项目文件明确列示2018年末晋城市全市政府债务余额937237万元，其中一般债务611608万元、专项债务325629万元；按0.0001换算为亿元，仅接入全市口径。
SRC-SECONDARY-DEBT-JIANGXI-YINGTAN-2018-FAR-EAST,远东资信评估有限公司,B2,true,二手公开城市债务图表,https://www.sfecr.com/upload/old/uploadfiles/2023/04/20230407170244244.pdf,https://www.sfecr.com/upload/old/uploadfiles/2023/04/20230407170244244.pdf,jiangxi_yingtan_2018_secondary.txt,text/plain,2023-04-07,city_year,1,1,1,CN-360600,2018,statutory_debt_balance_100m,accepted,评级报告表1以鹰潭市全市口径列示2018年地方政府债务余额38.9亿元；原表仅保留一位小数，转录为38.90亿元，未反推一般/专项分项。
SRC-SECONDARY-RATING-INNER-MONGOLIA-2024-CITY-CHART,联合资信评估股份有限公司,B2,true,二手公开城市债务图表,https://www.lhratings.com/file/ffef41a4110.pdf,https://www.lhratings.com/file/ffef41a4110.pdf,rating_chart_city_debt_2018_2025.csv,text/plain,2025-09-28,multicity_batch,2,2,2,CN-152500;CN-152900,2023;2024,statutory_debt_balance_100m,accepted,根据公开PDF图表柱高比例并以锡林郭勒盟2024年官方余额校准的约值；非财政厅2023年原始表格精确值，待内蒙古财政厅或盟市正式决算表复核；仅接入总额不反推一般债务和专项债务。
SRC-SECONDARY-RATING-HUBEI-2019-2021-CITY-CHART,联合资信评估股份有限公司,B2,true,二手公开城市债务图表,https://www.10100.com/article/9949626,https://www.10100.com/article/9949626,rating_chart_city_debt_2018_2025.csv,text/plain,2022-11-11,city_year,1,1,1,CN-422800,2021,statutory_debt_balance_100m,accepted,公开报告图表转录约值；非湖北财政厅/恩施州财政局原始决算表精确值，待官方表复核；仅接入总额不反推一般债务和专项债务。
SRC-SECONDARY-RATING-HUBEI-2022-DEBT-RATIO-CHART,联合资信评估股份有限公司,B2,true,二手公开城市债务图表,https://www.lhratings.com/file/f77d796efcc.pdf,https://www.lhratings.com/file/f77d796efcc.pdf,rating_chart_city_debt_2018_2025.csv,text/plain,2023-11-27,city_year,1,1,1,CN-422800,2022,statutory_debt_balance_100m,accepted,推导值而非直接披露值：债务余额=政府负债率×GDP=36.8%×1402.20≈516.0亿元；负债率来自图表估读，GDP来自公开评级资料，待恩施州财政局年末决算表复核；仅接入总额不反推一般债务和专项债务。
SRC-SECONDARY-RATING-GANSU-2020-2022,联合资信评估股份有限公司,B2,true,二手公开城市债务图表,https://www.lhratings.com/file/f6efde6f69d.pdf,https://www.lhratings.com/file/f6efde6f69d.pdf,rating_chart_city_debt_2018_2025.csv,text/plain,2023-10-20,multicity_batch,14,3,23,CN-620100;CN-620200;CN-620300;CN-620400;CN-620500;CN-620600;CN-620700;CN-620800;CN-620900;CN-621000;CN-621100;CN-621200;CN-622900;CN-623000,2020;2021;2022,statutory_debt_balance_100m,accepted,图表转录值；按图表左轴网格及横轴城市标签转录，仅作阶段性补缺，待官方财政决算附件复核。
SRC-SECONDARY-EBS-HEBEI-2018,EBS固收研究公开转载,B2,true,二手公开城市债务图表,https://www.10100.com/article/2475649,https://www.10100.com/article/2475649,rating_chart_city_debt_2018_2025.csv,text/plain,2019-05-20,multicity_batch,5,1,5,CN-130200;CN-130300;CN-130400;CN-130900;CN-131000,2018,statutory_debt_balance_100m,accepted,图表标签直接转录并按一般+专项余额相加；作为阶段性补缺值，待河北省及各市财政决算原表复核。
SRC-SECONDARY-RATING-SHANXI-2019-2021,联合资信评估股份有限公司,B2,true,二手公开城市债务图表,https://www.lhratings.com/file/683eca55-6bc5-446b-95d0-03c1c4fdf44f.pdf,https://www.lhratings.com/file/683eca55-6bc5-446b-95d0-03c1c4fdf44f.pdf,rating_chart_city_debt_2018_2025.csv,text/plain,2022-10-20,multicity_batch,11,3,33,CN-140100;CN-140200;CN-140300;CN-140400;CN-140500;CN-140600;CN-140700;CN-140800;CN-140900;CN-141000;CN-141100,2019;2020;2021,statutory_debt_balance_100m,accepted,图6柱形高度按公开纵轴刻度转录，作为阶段性补缺值，待各市财政决算原表复核。
SRC-SECONDARY-RATING-JIANGSU-2019-CITY-TOTALS,联合资信评估股份有限公司,B2,true,二手公开城市债务图表,https://pdf.dfcfw.com/pdf/H3_AP202012021435107342_1.pdf?1606897619000.pdf=,https://pdf.dfcfw.com/pdf/H3_AP202012021435107342_1.pdf?1606897619000.pdf=,rating_chart_city_debt_2018_2025.csv,text/plain,2020-12-02,multicity_batch,13,1,13,CN-320100;CN-320200;CN-320300;CN-320400;CN-320500;CN-320600;CN-320700;CN-320800;CN-320900;CN-321000;CN-321100;CN-321200;CN-321300,2019,statutory_debt_balance_100m,accepted,图表转录值；南京、南通、苏州、盐城、常州、徐州、扬州、泰州、淮安、连云港等值有公开市级/评级材料交叉核对，仍待省财政厅逐市原表升级。
SRC-SECONDARY-RATING-ANHUI-2019-2021,联合资信评估股份有限公司,B2,true,二手公开城市债务图表,https://www.lhratings.com/file/f2ec9698f85.pdf,https://www.lhratings.com/file/f2ec9698f85.pdf,rating_chart_city_debt_2018_2025.csv,text/plain,2022-08-01,multicity_batch,16,3,46,CN-340100;CN-340200;CN-340300;CN-340400;CN-340500;CN-340600;CN-340700;CN-340800;CN-341000;CN-341100;CN-341200;CN-341300;CN-341500;CN-341600;CN-341700;CN-341800,2019;2020;2021,statutory_debt_balance_100m,accepted,图表估读值，非表格精确值；仅作阶段性补缺，待安徽省及各市财政厅/人大决算附件复核。
SRC-SECONDARY-RATING-ANHUI-2022-CITY-CHART,新世纪评级公共融资部,B2,true,二手公开城市债务图表,https://finance.sina.com.cn/money/bond/2023-11-17/doc-imzuxmnn5599080.shtml,https://finance.sina.com.cn/money/bond/2023-11-17/doc-imzuxmnn5599080.shtml,rating_chart_city_debt_2018_2025.csv,text/plain,2023-11-17,multicity_batch,16,1,16,CN-340100;CN-340200;CN-340300;CN-340400;CN-340500;CN-340600;CN-340700;CN-340800;CN-341000;CN-341100;CN-341200;CN-341300;CN-341500;CN-341600;CN-341700;CN-341800,2022,statutory_debt_balance_100m,accepted,图表估读值与正文明确值混合；仅作阶段性补缺，待安徽省及各市财政厅/人大决算附件复核。
SRC-SECONDARY-SHANDONG-2018-CITY-TABLE,公开研究资料整理,B2,true,二手公开城市债务图表,https://finance.sina.cn/bond/zsyj/2019-04-16/detail-ihvhiewr6332368.d.html?source=bdquote,https://finance.sina.cn/bond/zsyj/2019-04-16/detail-ihvhiewr6332368.d.html?source=bdquote,rating_chart_city_debt_2018_2025.csv,text/plain,2019-04-16,multicity_batch,15,1,15,CN-370100;CN-370300;CN-370400;CN-370500;CN-370600;CN-370700;CN-370800;CN-370900;CN-371000;CN-371100;CN-371300;CN-371400;CN-371500;CN-371600;CN-371700,2018,statutory_debt_balance_100m,accepted,图表标签可读值，非财政厅原始表格；莱芜未列示不作推算，待山东省财政厅历史年度分地区债务表复核。
SRC-SECONDARY-RATING-SHANDONG-2019-2021,联合资信评估股份有限公司,B2,true,二手公开城市债务图表,https://www.lhratings.com/file/f2b0a456299.pdf?download=1,https://www.lhratings.com/file/f2b0a456299.pdf?download=1,rating_chart_city_debt_2018_2025.csv,text/plain,2022-09-26,multicity_batch,15,2,30,CN-370100;CN-370300;CN-370400;CN-370500;CN-370600;CN-370700;CN-370800;CN-370900;CN-371000;CN-371100;CN-371300;CN-371400;CN-371500;CN-371600;CN-371700,2019;2020,statutory_debt_balance_100m,accepted,图表估读值，非表格精确值；仅作阶段性补缺，待山东省及各市财政厅/人大决算附件复核。
SRC-SECONDARY-SHANDONG-2022-CITY-TABLE,广发证券发展研究中心等公开研究资料整理,B2,true,二手公开城市债务图表,https://finance.sina.com.cn/money/bond/2023-04-11/doc-imypzekh7463233.shtml,https://finance.sina.com.cn/money/bond/2023-04-11/doc-imypzekh7463233.shtml,rating_chart_city_debt_2018_2025.csv,text/plain,2023-04-11,multicity_batch,15,1,15,CN-370100;CN-370300;CN-370400;CN-370500;CN-370600;CN-370700;CN-370800;CN-370900;CN-371000;CN-371100;CN-371300;CN-371400;CN-371500;CN-371600;CN-371700,2022,statutory_debt_balance_100m,accepted,公开城市表格标签直接转录；仅作阶段性补缺，待山东省财政厅/各市财政决算附件复核。
SRC-SECONDARY-RATING-HENAN-2017-2019-CITY-CHART,联合资信评估股份有限公司,B2,true,二手公开城市债务图表,https://www.lhratings.com/file/fc967c09-6779-4871-bf59-e89bebc03fc1.pdf,https://www.lhratings.com/file/fc967c09-6779-4871-bf59-e89bebc03fc1.pdf,rating_chart_city_debt_2018_2025.csv,text/plain,2020-12-28,multicity_batch,18,1,18,CN-410100;CN-410200;CN-410300;CN-410400;CN-410500;CN-410600;CN-410700;CN-410800;CN-410900;CN-411000;CN-411100;CN-411200;CN-411300;CN-411400;CN-411500;CN-411600;CN-411700;CN-419000,2018,statutory_debt_balance_100m,accepted,联合资信图表估读值；仅作阶段性补缺，待河南省及各市财政厅/人大决算附件复核。
SRC-SECONDARY-CCXI-HENAN-2019-CITY-TABLE,中诚信国际信用评级有限责任公司,B2,true,二手公开城市债务图表,https://static.sse.com.cn/bond/bridge2/disclosure/announcement/c/202103/016617_20210315_ZR1X.pdf,https://static.sse.com.cn/bond/bridge2/disclosure/announcement/c/202103/016617_20210315_ZR1X.pdf,rating_chart_city_debt_2018_2025.csv,text/plain,2021-03-15,multicity_batch,18,1,18,CN-410100;CN-410200;CN-410300;CN-410400;CN-410500;CN-410600;CN-410700;CN-410800;CN-410900;CN-411000;CN-411100;CN-411200;CN-411300;CN-411400;CN-411500;CN-411600;CN-411700;CN-419000,2019,statutory_debt_balance_100m,accepted,公开报告表2直接转录；报告脚注为各地市政府官方网站及中诚信国际整理，待回溯原始财政附件复核。
SRC-SECONDARY-RATING-HENAN-2020-2022-CITY-CHART,联合资信评估股份有限公司,B2,true,二手公开城市债务图表,https://www.sohu.com/a/745068337_121123798,https://www.sohu.com/a/745068337_121123798,rating_chart_city_debt_2018_2025.csv,text/plain,2023-12-18,multicity_batch,18,3,46,CN-410100;CN-410200;CN-410300;CN-410400;CN-410500;CN-410600;CN-410700;CN-410800;CN-410900;CN-411000;CN-411100;CN-411200;CN-411300;CN-411400;CN-411500;CN-411600;CN-411700;CN-419000,2020;2021;2022,statutory_debt_balance_100m,accepted,联合资信报告图10图表估读值；正文精确披露的城市已采用正文值；其余仅作阶段性补缺，待河南省及各市财政厅/人大决算附件复核。
SRC-SECONDARY-RATING-GANSU-2021-2023,联合资信评估股份有限公司,B2,true,二手公开城市债务图表,https://www.lhratings.com/file/fbb751f0dd1.pdf,https://www.lhratings.com/file/fbb751f0dd1.pdf,rating_chart_city_debt_2018_2025.csv,text/plain,2024-10-25,multicity_batch,11,1,11,CN-620200;CN-620300;CN-620400;CN-620500;CN-620600;CN-620800;CN-620900;CN-621100;CN-621200;CN-622900;CN-623000,2023,statutory_debt_balance_100m,accepted,图表转录值；按公开图表纵轴刻度估读，仅作阶段性补缺，待官方财政决算附件复核。
SRC-SECONDARY-RATING-FUJIAN-SANMING-2024,中证鹏元资信评估股份有限公司,B2,true,二手公开城市债务图表,https://static.sse.com.cn/disclosure/bond/announcement/company/c/new/2024-06-26/185197_20240626_RT4V.pdf,https://static.sse.com.cn/disclosure/bond/announcement/company/c/new/2024-06-26/185197_20240626_RT4V.pdf,rating_chart_city_debt_2018_2025.csv,text/plain,2024-06-26,city_year,1,3,3,CN-350400,2021;2022;2023,statutory_debt_balance_100m,accepted,评级报告引用审计及公开财政资料；接入全市总余额，不反推缺失分项。
SRC-SECONDARY-RATING-TIBET-2019-2021,联合资信评估股份有限公司,B2,true,二手公开城市债务图表,https://www.lhratings.com/file/f292d56c60f.pdf,https://www.lhratings.com/file/f292d56c60f.pdf,rating_chart_city_debt_2018_2025.csv,text/plain,2023-05-10,multicity_batch,4,1,4,CN-540200;CN-540400;CN-540500;CN-542500,2019,statutory_debt_balance_100m,accepted,图表柱形高度按报告纵轴刻度转录；报告明确注释2019年那曲市未获取；本行仅作阶段性补缺，待西藏自治区财政厅或地市财政决算表复核。
SRC-SECONDARY-RATING-FUJIAN-LONGYAN-2023,东方金诚国际信用评估有限公司,B2,true,二手公开城市债务图表,https://static.sse.com.cn/disclosure/bond/announcement/corporate/c/new/2023-06-21/184314_20230621_X4T7.pdf,https://static.sse.com.cn/disclosure/bond/announcement/corporate/c/new/2023-06-21/184314_20230621_X4T7.pdf,rating_chart_city_debt_2018_2025.csv,text/plain,2023-06-19,city_year,1,2,2,CN-350800,2021;2022,statutory_debt_balance_100m,accepted,评级报告表格值；接入全市总余额。
SRC-SECONDARY-RATING-FUJIAN-LONGYAN-2024,东方金诚国际信用评估有限公司,B2,true,二手公开城市债务图表,https://static.sse.com.cn/disclosure/bond/announcement/corporate/c/new/2024-06-27/184769_20240627_LY0L.pdf,https://static.sse.com.cn/disclosure/bond/announcement/corporate/c/new/2024-06-27/184769_20240627_LY0L.pdf,rating_chart_city_debt_2018_2025.csv,text/plain,2024-06-27,city_year,1,1,1,CN-350800,2023,statutory_debt_balance_100m,accepted,评级报告披露全市口径余额；总额与一般/专项分项相加一致。
SRC-SECONDARY-RATING-FUJIAN-NANPING-2024,联合资信评估股份有限公司,B2,true,二手公开城市债务图表,https://static.sse.com.cn/disclosure/bond/announcement/corporate/c/new/2024-06-27/152266_20240627_BXVP.pdf,https://static.sse.com.cn/disclosure/bond/announcement/corporate/c/new/2024-06-27/152266_20240627_BXVP.pdf,rating_chart_city_debt_2018_2025.csv,text/plain,2024-06-27,city_year,1,1,1,CN-350700,2023,statutory_debt_balance_100m,accepted,评级报告披露全市口径余额；总额与分项四舍五入后相符。
SRC-SECONDARY-RATING-FUJIAN-ZHANGZHOU-2024,东方金诚国际信用评估有限公司,B2,true,二手公开城市债务图表,https://www.dfratings.com/uploads/files/2024/0628/bpkswHd2UXyIIu6sP8bG0gmvwr5Vcq3kCfoA2UNU.pdf,https://www.dfratings.com/uploads/files/2024/0628/bpkswHd2UXyIIu6sP8bG0gmvwr5Vcq3kCfoA2UNU.pdf,rating_chart_city_debt_2018_2025.csv,text/plain,2024-06-23,city_year,1,3,3,CN-350600,2021;2022;2023,statutory_debt_balance_100m,accepted,评级报告表格值；接入全市总余额。
SRC-SECONDARY-RATING-FUJIAN-PUTIAN-2024,上海新世纪资信评估投资服务有限公司,B2,true,二手公开城市债务图表,https://qxb-pdf-osscache.qixin.com/AnBaseinfo/81c26c19fb29eb7c31205c72c18a7030.pdf,https://qxb-pdf-osscache.qixin.com/AnBaseinfo/81c26c19fb29eb7c31205c72c18a7030.pdf,rating_chart_city_debt_2018_2025.csv,text/plain,2024-06-01,city_year,1,3,3,CN-350300,2021;2022;2023,statutory_debt_balance_100m,accepted,评级报告表格值；接入全市总余额。
SRC-SECONDARY-EBS-SHANXI-2018,EBS固收研究（公开转载页）,B2,true,二手公开城市债务图表,https://cdn.10100.com/content/20250803/43a7e593-9cdd-492c-bb6c-acb664fa6cd1.png?x-oss-process=style%2Fwmlogo,https://cdn.10100.com/content/20250803/43a7e593-9cdd-492c-bb6c-acb664fa6cd1.png?x-oss-process=style%2Fwmlogo,rating_chart_city_debt_2018_2025.csv,text/plain,2019-05-20,multicity_batch,10,1,10,CN-140100;CN-140200;CN-140300;CN-140400;CN-140600;CN-140700;CN-140800;CN-140900;CN-141000;CN-141100,2018,statutory_debt_balance_100m,accepted,图表转录；转载页面：https://www.10100.com/article/2475649。晋城市因原图注明数据未完整披露而不作推算。
SRC-SECONDARY-EBS-SICHUAN-2018,EBS固收研究（公开转载页）,B2,true,二手公开城市债务图表,https://cdn.10100.com/content/20250803/ad6231e5-be02-4c4a-a032-db6c935d4b7e.png?x-oss-process=style%2Fwmlogo,https://cdn.10100.com/content/20250803/ad6231e5-be02-4c4a-a032-db6c935d4b7e.png?x-oss-process=style%2Fwmlogo,rating_chart_city_debt_2018_2025.csv,text/plain,2019-05-20,multicity_batch,6,1,6,CN-511000;CN-511400;CN-512000;CN-513200;CN-513300;CN-513400,2018,statutory_debt_balance_100m,accepted,图表转录；转载页面：https://www.10100.com/article/2475649。图注中的未披露/2017年口径城市未接入。
SRC-SECONDARY-EBS-YUNNAN-2018,EBS固收研究（公开转载页）,B2,true,二手公开城市债务图表,https://cdn.10100.com/content/20250803/7be78b5b-c16f-4e7b-b825-2969d26615fb.png?x-oss-process=style%2Fwmlogo,https://cdn.10100.com/content/20250803/7be78b5b-c16f-4e7b-b825-2969d26615fb.png?x-oss-process=style%2Fwmlogo,rating_chart_city_debt_2018_2025.csv,text/plain,2019-05-20,multicity_batch,5,1,5,CN-532500;CN-532800;CN-532900;CN-533300;CN-533400,2018,statutory_debt_balance_100m,accepted,图表转录；转载页面：https://www.10100.com/article/2475649。图注中的未披露/2017年口径城市未接入。
SRC-SECONDARY-EBS-GUIZHOU-2018,EBS固收研究（公开转载）,B2,true,二手公开城市债务图表,https://www.10100.com/article/2475649,https://www.10100.com/article/2475649,rating_chart_city_debt_2018_2025.csv,text/plain,2019-05-20,multicity_batch,3,1,3,CN-520100;CN-520400;CN-522700,2018,statutory_debt_balance_100m,accepted,图表标签直接转录并按一般+专项余额相加；作为阶段性补缺，待贵州省及各市财政决算原表复核。
SRC-SECONDARY-EBS-TIBET-2018,EBS固收研究（公开转载页）,B2,true,二手公开城市债务图表,https://cdn.10100.com/content/20250803/7d8af404-be9a-47b4-bb9e-88253f8dbdc4.png?x-oss-process=style%2Fwmlogo,https://cdn.10100.com/content/20250803/7d8af404-be9a-47b4-bb9e-88253f8dbdc4.png?x-oss-process=style%2Fwmlogo,rating_chart_city_debt_2018_2025.csv,text/plain,2019-05-20,unclassified,0,0,0,,,,registered_no_selected_value,图表转录；转载页面：https://www.10100.com/article/2475649。图注中的未披露/2017年口径城市未接入。
SRC-SECONDARY-CCXI-YUNNAN-KUNMING-2019,中诚信国际信用评级有限责任公司,B2,true,二手公开城市债务图表,https://file.finance.sina.com.cn/211.154.219.97%3A9494/MRGG/BOND/2020/2020-6/2020-06-19/14794429.PDF,https://file.finance.sina.com.cn/211.154.219.97%3A9494/MRGG/BOND/2020/2020-6/2020-06-19/14794429.PDF,rating_chart_city_debt_2018_2025.csv,text/plain,2020-06-19,city_year,1,1,1,CN-530100,2019,statutory_debt_balance_100m,accepted,评级报告正文精确披露；仅接入法定债务总额，不反推一般债务和专项债务。
SRC-SECONDARY-CCXI-YUNNAN-DEHONG-2019,中诚信国际信用评级有限责任公司,B2,true,二手公开城市债务图表,https://qxb-pdf-osscache.qixin.com/AnBaseinfo/622c24137e930c9030a70c5cfe2e604d.pdf,https://qxb-pdf-osscache.qixin.com/AnBaseinfo/622c24137e930c9030a70c5cfe2e604d.pdf,rating_chart_city_debt_2018_2025.csv,text/plain,2021-01-01,city_year,1,1,1,CN-533100,2019,statutory_debt_balance_100m,accepted,按公开评级报告的2020年末余额减去同比增加额计算；仅接入总额，计算值待财政决算原表复核，不反推一般债务和专项债务。
SRC-SECONDARY-RATING-YUNNAN-2019-2021,联合资信评估股份有限公司,B2,true,二手公开城市债务图表,https://www.lhratings.com/file/f2e1f5e7eb6.pdf,https://www.lhratings.com/file/f2e1f5e7eb6.pdf,rating_chart_city_debt_2018_2025.csv,text/plain,2023-05-10,multicity_batch,8,3,12,CN-530100;CN-530700;CN-530800;CN-532600;CN-532800;CN-533100;CN-533300;CN-533400,2019;2020;2021,statutory_debt_balance_100m,accepted,公开报告图9转录值，约值仅作阶段性补缺，待官方财政决算表复核；不反推一般债务和专项债务。
SRC-SECONDARY-LHRATINGS-YUNNAN-NUJIANG-2019,联合资信评估股份有限公司,B2,true,二手公开城市债务图表,https://finance.sina.cn/2020-12-16/detail-iiznctke6770484.d.html?vt=4,https://finance.sina.cn/2020-12-16/detail-iiznctke6770484.d.html?vt=4,rating_chart_city_debt_2018_2025.csv,text/plain,2020-12-16,city_year,1,1,1,CN-533300,2019,statutory_debt_balance_100m,accepted,按2018年余额40.14亿元与公开报告披露的2019年同比增速94.34%计算；仅接入总额，待官方财政决算原表复核，不反推一般债务和专项债务。
SRC-SECONDARY-LHRATINGS-YUNNAN-KUNMING-2021,联合资信评估股份有限公司,B2,true,二手公开城市债务图表,https://www.lhratings.com/file/f2e1f5e7eb6.pdf,https://www.lhratings.com/file/f2e1f5e7eb6.pdf,rating_chart_city_debt_2018_2025.csv,text/plain,2023-05-10,city_year,1,1,1,CN-530100,2021,statutory_debt_balance_100m,accepted,报告正文精确披露；仅接入总额，不反推一般债务和专项债务。
SRC-SECONDARY-RATING-GANSU-2024-CITY-CHART,联合资信评估股份有限公司,B2,true,二手公开城市债务图表,https://www.lhratings.com/file/ffdccf82874.pdf,https://www.lhratings.com/file/ffdccf82874.pdf,rating_chart_city_debt_2018_2025.csv,text/plain,2025-09-23,multicity_batch,5,1,5,CN-620600;CN-620800;CN-620900;CN-622900;CN-623000,2024,statutory_debt_balance_100m,accepted,图表柱形高度按公开纵轴刻度转录，仅作阶段性补缺，待官方财政决算附件复核；仅接入总额不反推一般债务和专项债务。
SRC-SECONDARY-RATING-INNER-MONGOLIA-2021-CITY-CHART,粤开证券研究院,B2,true,二手公开城市债务图表,https://pdf.dfcfw.com/pdf/H3_AP202212181581184011_1.pdf,https://pdf.dfcfw.com/pdf/H3_AP202212181581184011_1.pdf,rating_chart_city_debt_2018_2025.csv,text/plain,2022-12-18,multicity_batch,3,1,3,CN-150200;CN-150600;CN-152500,2021,statutory_debt_balance_100m,accepted,根据公开PDF矢量图表柱形高度与纵轴刻度转录的约值；非财政厅原始表格精确值，待内蒙古财政厅或包头市正式决算表复核；仅接入总额不反推一般债务和专项债务。
SRC-SECONDARY-DEBT-SHANXI-YANGQUAN-2022,阳泉市财政局,B2,true,二手公开城市债务图表,https://xxgk.yq.gov.cn/czj/zfzdgknr/czyjsly/zfyjs/202306/W0202303086117800241.pdf,https://xxgk.yq.gov.cn/czj/zfzdgknr/czyjsly/zfyjs/202306/W0202303086117800241.pdf,rating_chart_city_debt_2018_2025.csv,text/plain,2023-03-08,city_year,1,1,1,CN-140300,2022,statutory_debt_balance_100m,accepted,市级财政公开报告明确值；仅接入全市总余额，未从总额反推一般债务和专项债务，待债务余额分项表复核。
SRC-SECONDARY-DEBT-SHANXI-JINCHENG-2022,晋城市财政局,B2,true,二手公开城市债务图表,https://www.jcgov.gov.cn/zwgk/czxx_23406/zfys_24261/202309/P020230918569182630165.pdf,https://www.jcgov.gov.cn/zwgk/czxx_23406/zfys_24261/202309/P020230918569182630165.pdf,rating_chart_city_debt_2018_2025.csv,text/plain,2023-09-18,city_year,1,1,1,CN-140500,2022,statutory_debt_balance_100m,accepted,市级财政公开报告明确值；仅接入全市总余额，未从总额反推一般债务和专项债务，待债务余额分项表复核。
SRC-SECONDARY-DEBT-SHANXI-YUNCHENG-2022,东方金诚国际信用评估有限公司,B2,true,二手公开城市债务图表,https://www.chinamoney.com.cn/dqs/cm-s-notice-query/fileDownLoad.do?contentId=2681154&mode=save&priority=0,https://www.chinamoney.com.cn/dqs/cm-s-notice-query/fileDownLoad.do?contentId=2681154&mode=save&priority=0,rating_chart_city_debt_2018_2025.csv,text/plain,2023-06-07,city_year,1,1,1,CN-140800,2022,statutory_debt_balance_100m,accepted,评级报告引用公开财政决算资料并明确列示；仅接入全市总余额，未从总额反推一般债务和专项债务，待官方决算原表复核。
SRC-SECONDARY-DEBT-SHANXI-XINZHOU-2022,东方金诚国际信用评估有限公司,B2,true,二手公开城市债务图表,https://qxb-pdf-osscache.qixin.com/AnBaseinfo/cfbbfc40d2432ff7b126d32725f38ba7.pdf,https://qxb-pdf-osscache.qixin.com/AnBaseinfo/cfbbfc40d2432ff7b126d32725f38ba7.pdf,rating_chart_city_debt_2018_2025.csv,text/plain,2023-06-07,city_year,1,1,1,CN-140900,2022,statutory_debt_balance_100m,accepted,评级报告同业表明确值；仅接入全市总余额，未从总额反推一般债务和专项债务，待官方决算原表复核。
SRC-SECONDARY-DEBT-SHANXI-SHUOZHOU-2022,公开区域研究资料,B2,true,二手公开城市债务图表,https://finance.sina.com.cn/money/bond/2023-12-07/doc-imzxepns4768843.shtml,https://finance.sina.com.cn/money/bond/2023-12-07/doc-imzxepns4768843.shtml,rating_chart_city_debt_2018_2025.csv,text/plain,2023-12-07,city_year,1,1,1,CN-140600,2022,statutory_debt_balance_100m,accepted,公开区域研究资料明确引用各地政府公开数据；仅接入全市总余额，未从总额反推一般债务和专项债务，待官方决算原表复核。
SRC-SECONDARY-DEBT-HAINAN-HAIKOU-2018,公开评级报告,B2,true,二手公开城市债务图表,https://www.governbond.org.cn/uploadFiles/crawler_t_src_bond_doc/2019%E5%B9%B4%E6%B5%B7%E5%8D%97%E7%9C%81%E5%9C%9F%E5%82%A8%E4%B8%93%E9%A1%B9%E5%80%BA%E5%88%B8%EF%BC%88%E4%B8%80%E6%9C%9F%EF%BC%89%E4%BF%A1%E6%81%AF%E8%AF%84%E7%BA%A7%E6%8A%A5%E5%91%8A.pdf,https://www.governbond.org.cn/uploadFiles/crawler_t_src_bond_doc/2019%E5%B9%B4%E6%B5%B7%E5%8D%97%E7%9C%81%E5%9C%9F%E5%82%A8%E4%B8%93%E9%A1%B9%E5%80%BA%E5%88%B8%EF%BC%88%E4%B8%80%E6%9C%9F%EF%BC%89%E4%BF%A1%E6%81%AF%E8%AF%84%E7%BA%A7%E6%8A%A5%E5%91%8A.pdf,rating_chart_city_debt_2018_2025.csv,text/plain,2019,city_year,1,1,1,CN-460100,2018,statutory_debt_balance_100m,accepted,评级报告披露海口市全市总余额；仅接入总额，未从总额反推一般债务和专项债务分项，待官方决算原表复核。
SRC-SECONDARY-DEBT-HAINAN-HAIKOU-2019,公开评级报告,B2,true,二手公开城市债务图表,https://www.governbond.org.cn/uploadFiles/46/attachFiles/202012/fe82648c-2151-4ef3-ab17-4b7ff0e11d16.pdf,https://www.governbond.org.cn/uploadFiles/46/attachFiles/202012/fe82648c-2151-4ef3-ab17-4b7ff0e11d16.pdf,rating_chart_city_debt_2018_2025.csv,text/plain,2020,city_year,1,1,1,CN-460100,2019,statutory_debt_balance_100m,accepted,评级报告披露海口市全市总余额；仅接入总额，未从总额反推一般债务和专项债务分项，待官方决算原表复核。
SRC-SECONDARY-RATING-GUANGXI-2017-2019,联合资信评估股份有限公司,B2,true,二手公开城市债务图表,https://pdf.dfcfw.com/pdf/H3_AP202012221442576583_1.pdf?1608627719000.pdf=,https://pdf.dfcfw.com/pdf/H3_AP202012221442576583_1.pdf?1608627719000.pdf=,rating_chart_city_debt_2018_2025.csv,text/plain,2020-12-21,multicity_batch,4,1,4,CN-450500;CN-450600;CN-451000;CN-451200,2018,statutory_debt_balance_100m,accepted,图表转录值；按原图左轴网格和横轴城市标签转录，仅作阶段性补缺，待官方财政决算附件复核。
SRC-SECONDARY-CEIC-CN-150200-COMPONENTS,CEIC Data,D,false,二手公开城市债务图表,https://www.ceicdata.com/zh-hans/china/local-government-debt-prefecture-level-city-outstanding/cn-local-government-debt-outstanding-general-inner-mongolia-baotou,https://www.ceicdata.com/zh-hans/china/local-government-debt-prefecture-level-city-outstanding/cn-local-government-debt-outstanding-general-inner-mongolia-baotou,rating_chart_city_debt_2018_2025.csv,text/plain,2026-08-01,city_year,1,2,2,CN-150200,2018;2019,statutory_debt_balance_100m,provisional_only,商业聚合页面组件相加形成总额；一般组件：https://www.ceicdata.com/zh-hans/china/local-government-debt-prefecture-level-city-outstanding/cn-local-government-debt-outstanding-general-inner-mongolia-baotou；专项组件：https://www.ceicdata.com/zh-hans/china/local-government-debt-prefecture-level-city-outstanding/cn-local-government-debt-outstanding-special-inner-mongolia-baotou；仅作补缺线索，待官方财政决算表复核。
SRC-SECONDARY-RATING-INNER-MONGOLIA-2020-2022-CITY-CHART,联合资信评估股份有限公司公开转载,B2,true,二手公开城市债务图表,https://finance.sina.com.cn/money/bond/market/2023-10-20/doc-imzruaki7141938.shtml,https://finance.sina.com.cn/money/bond/market/2023-10-20/doc-imzruaki7141938.shtml,rating_chart_city_debt_2018_2025.csv,text/plain,2023-10-20,multicity_batch,2,2,3,CN-150200;CN-152500,2020;2022,statutory_debt_balance_100m,accepted,图表柱形高度转录的约值，非财政厅原始表格精确值；待包头市正式决算表复核，仅接入总额。
SRC-SECONDARY-DEBT-BAOTOU-2022-OFFICIAL,包头市财政局,B2,true,二手公开城市债务图表,https://czj.baotou.gov.cn/uploads/10001/20230119/20230119/f532b133fb1d2236aa637e9bba638304.pdf,https://czj.baotou.gov.cn/uploads/10001/20230119/20230119/f532b133fb1d2236aa637e9bba638304.pdf,rating_chart_city_debt_2018_2025.csv,text/plain,2023-01-19,city_year,1,1,1,CN-150200,2022,statutory_debt_balance_100m,accepted,市级财政公开报告明确值；仅接入全市总余额，不从总额反推分项，待正式决算附件复核。
SRC-SECONDARY-DEBT-YUNNAN-LINCANG-2019,临沧市财政局,B2,true,二手公开城市债务图表,https://lincang.gov.cn/zfxxgk_lcs_czj/artview/347/317931.html,https://lincang.gov.cn/zfxxgk_lcs_czj/artview/347/317931.html,rating_chart_city_debt_2018_2025.csv,text/plain,2020-01-01,city_year,1,1,1,CN-530900,2019,statutory_debt_balance_100m,accepted,市级财政公开页面明确值；仅接入全市总余额，不从总额反推分项，待正式决算附件复核。
SRC-SECONDARY-RATING-YUNNAN-2022-2023-CITY-CHART,联合资信评估股份有限公司,B2,true,二手公开城市债务图表,https://www.lhratings.com/file/fb824779c9f.pdf,https://www.lhratings.com/file/fb824779c9f.pdf,rating_chart_city_debt_2018_2025.csv,text/plain,2024-01-01,city_year,1,1,1,CN-533300,2023,statutory_debt_balance_100m,accepted,公开研究报告图表柱形高度转录的约值，非财政厅原始表格精确值；待怒江州正式决算表复核，仅接入总额。
SRC-SECONDARY-DEBT-HAINAN-SANYA-2018-REPORT,公开报道,B2,true,二手公开城市债务图表,https://www.zaobao.com.sg/realtime/china/story20190309-938519,https://www.zaobao.com.sg/realtime/china/story20190309-938519,rating_chart_city_debt_2018_2025.csv,text/plain,2019-03-09,city_year,1,1,1,CN-460200,2018,statutory_debt_balance_100m,accepted,公开报道仅给出约数，不等同于财政决算表精确值；暂作阶段性补缺，待三亚市财政决算附件复核。
SRC-OFFICIAL-DEBT-GANSU-JIUQUAN-2019,酒泉市财政局,A1,true,地方政府债务限额及余额公开表,https://czj.jiuquan.gov.cn/czj/c105199/202110/50f0b442a6ff4a56ac6fc53c91dd2eb6.shtml,https://czj.jiuquan.gov.cn/czj/c105199/202110/50f0b442a6ff4a56ac6fc53c91dd2eb6.shtml,rating_chart_city_debt_2018_2025.csv,text/plain,2021-10-14,city_year,1,1,1,CN-620900,2019,statutory_debt_balance_100m,accepted,全市口径；官方决算附表将万元换算为亿元；一般债务与专项债务合计112.9044亿元。
SRC-SECONDARY-DEBT-XINJIANG-HAMI-2020,中诚信国际信用评级有限责任公司,B2,true,二手公开城市债务图表,https://www.chinamoney.com.cn/dqs/cm-s-notice-query/fileDownLoad.do?contentId=2714358&mode=open&priority=0,https://www.chinamoney.com.cn/dqs/cm-s-notice-query/fileDownLoad.do?contentId=2714358&mode=open&priority=0,rating_chart_city_debt_2018_2025.csv,text/plain,2023-01-01,city_year,1,1,1,CN-650500,2020,statutory_debt_balance_100m,accepted,全市口径；公开报告引用哈密市财政公开资料；仅接入总额，待官方决算附件复核。
SRC-OFFICIAL-DEBT-XINJIANG-ALTAY-2020,阿勒泰地区财政局,A1,true,地方政府债务限额及余额公开表,https://www.xjalt.gov.cn/govxxgk/DD006/2021-04-06/1576b5df-0c0d-4f50-8647-3cb33317fa0c.html,https://www.xjalt.gov.cn/govxxgk/DD006/2021-04-06/1576b5df-0c0d-4f50-8647-3cb33317fa0c.html,rating_chart_city_debt_2018_2025.csv,text/plain,2021-04-06,city_year,1,1,1,CN-654300,2020,statutory_debt_balance_100m,accepted,地区全口径；公开附件表头为上年度（2020年）债务限额及余额情况，合计值为204.6134亿元，保留原表精度。
SRC-SECONDARY-DEBT-HAINAN-SANYA-2023,上海新世纪资信评估投资服务有限公司,B2,true,二手公开城市债务图表,https://pdf.dfcfw.com/pdf/H3_AP202412181641343322_1.pdf?1734528397000.pdf=,https://pdf.dfcfw.com/pdf/H3_AP202412181641343322_1.pdf?1734528397000.pdf=,rating_chart_city_debt_2018_2025.csv,text/plain,2024-12-18,unclassified,0,0,0,,,,registered_no_selected_value,全市口径；评级研究报告引用各市县决算报告及草案等公开资料；接入明确列示值，待官方决算附件复核。
SRC-OFFICIAL-DEBT-HAINAN-SANYA-2024,三亚市财政局,A1,true,地方政府债务限额及余额公开表,https://mof.sanya.gov.cn/czjsite/czyjsxx/202509/526c577375094ab0a74abeb94b4a4854.shtml,https://mof.sanya.gov.cn/czjsite/czyjsxx/202509/526c577375094ab0a74abeb94b4a4854.shtml,rating_chart_city_debt_2018_2025.csv,text/plain,2025-09-30,unclassified,0,0,0,,,,registered_no_selected_value,全市口径；官方财政决算报告及债务限额及余额决算表；保留原表亿元精度。
SRC-OFFICIAL-DEBT-HAINAN-SANYA-2025,三亚市财政局,A1,true,地方政府债务限额及余额公开表,https://rd.sanya.gov.cn/rdsite/c100028d/202602/9f39ba4d9a0e4eb9b30023b5da21915f.shtml,https://rd.sanya.gov.cn/rdsite/c100028d/202602/9f39ba4d9a0e4eb9b30023b5da21915f.shtml,rating_chart_city_debt_2018_2025.csv,text/plain,2026-02-06,unclassified,0,0,0,,,,registered_no_selected_value,全市口径；市人大公开报告明确列示2025年末法定债务余额；仅接入总额。
SRC-SECONDARY-RATING-GUANGXI-2019-2021-CITY-CHART,联合资信评估股份有限公司,B2,true,二手公开城市债务图表,https://www.lhratings.com/file/58eb7f2e-007a-43e3-a780-b84b76c11cf1.pdf,https://www.lhratings.com/file/58eb7f2e-007a-43e3-a780-b84b76c11cf1.pdf,rating_chart_city_debt_2018_2025.csv,text/plain,2022-10-31,city_year,1,1,1,CN-450500,2020,statutory_debt_balance_100m,accepted,公开评级研究报告图表估读值；以2019/2021公开明确值校验，待北海市官方2020年度决算附表复核；仅接入总额。
SRC-SECONDARY-RATING-SHANXI-2022-2023-CITY-CHART,联合资信评估股份有限公司,B2,true,二手公开城市债务图表,https://www.lhratings.com/file/fc0cb9dafa4.pdf,https://www.lhratings.com/file/fc0cb9dafa4.pdf,rating_chart_city_debt_2018_2025.csv,text/plain,2024-12-11,city_year,1,1,1,CN-140900,2023,statutory_debt_balance_100m,accepted,公开评级研究报告图表估读值；待忻州市财政决算附件复核；仅接入总额。
SRC-SECONDARY-RATING-JIANGXI-2019-2021-CITY-CHART,联合资信评估股份有限公司,B2,true,二手公开城市债务图表,https://www.lhratings.com/file/f2ec969ad2d.pdf,https://www.lhratings.com/file/f2ec969ad2d.pdf,rating_chart_city_debt_2018_2025.csv,text/plain,2023-05-10,city_year,1,1,1,CN-361100,2019,statutory_debt_balance_100m,accepted,公开评级研究报告图表估读值；以2020/2021公开明确值校验，待上饶市官方2019年度决算附表复核；仅接入总额。
SRC-SECONDARY-RATING-YUNNAN-2018-CITY-CHART,联合资信评估股份有限公司,B2,true,二手公开城市债务图表,https://www.lhratings.com/file/1474849d-0a53-4af9-bd05-f034e17f906a.pdf,https://www.lhratings.com/file/1474849d-0a53-4af9-bd05-f034e17f906a.pdf,rating_chart_city_debt_2018_2025.csv,text/plain,2019-12-11,city_year,1,1,1,CN-530800,2018,statutory_debt_balance_100m,accepted,公开评级研究报告图表估读值；待普洱市财政决算附件复核；仅接入总额。
SRC-OFFICIAL-DEBT-JINAN-LAIWU-2018,济南市财政局,A1,true,地方政府债务限额及余额公开表,https://jncz.jinan.gov.cn/cms_files/jcms1/web15/site/attach/0/0264b00256c144cb9c6e11e5c2f49ab3.pdf?fileName=0264b00256c144cb9c6e11e5c2f49ab3.pdf,https://jncz.jinan.gov.cn/cms_files/jcms1/web15/site/attach/0/0264b00256c144cb9c6e11e5c2f49ab3.pdf?fileName=0264b00256c144cb9c6e11e5c2f49ab3.pdf,rating_chart_city_debt_2018_2025.csv,text/plain,2020-06-30,city_year,1,1,1,CN-371200,2018,statutory_debt_balance_100m,accepted,莱芜市于2019年撤销并入济南；CN-371200按原地级市边界合计莱芜区与钢城区；一般债务与专项债务合计后换算为亿元。
SRC-OFFICIAL-DEBT-JINAN-LAIWU-2019,济南市财政局,A1,true,地方政府债务限额及余额公开表,https://jncz.jinan.gov.cn/cms_files/jcms1/web15/site/attach/0/83dd24dec01b4343b766febba092e192.pdf?fileName=2019%E5%B9%B4%E6%B5%8E%E5%8D%97%E5%B8%82%E6%94%BF%E5%BA%9C%E5%80%BA%E5%8A%A1%E5%86%B3%E7%AE%97%E6%83%85%E5%86%B5%E8%A1%A8.pdf,https://jncz.jinan.gov.cn/cms_files/jcms1/web15/site/attach/0/83dd24dec01b4343b766febba092e192.pdf?fileName=2019%E5%B9%B4%E6%B5%8E%E5%8D%97%E5%B8%82%E6%94%BF%E5%BA%9C%E5%80%BA%E5%8A%A1%E5%86%B3%E7%AE%97%E6%83%85%E5%86%B5%E8%A1%A8.pdf,rating_chart_city_debt_2018_2025.csv,text/plain,2020-06-30,city_year,1,1,1,CN-371200,2019,statutory_debt_balance_100m,accepted,莱芜市于2019年撤销并入济南；CN-371200按原地级市边界合计莱芜区与钢城区；一般债务与专项债务合计后换算为亿元。
SRC-OFFICIAL-DEBT-HN-DANZHOU-2018,儋州市财政局,A1,true,地方政府债务限额及余额公开表,https://www.danzhou.gov.cn/danzhou/rdzt/czyjs/ys/yjn/201903/P020220922434718817505.zip,https://www.danzhou.gov.cn/danzhou/rdzt/czyjs/ys/yjn/201903/P020220922434718817505.zip,rating_chart_city_debt_2018_2025.csv,text/plain,2022-09-22,city_year,1,1,1,CN-460400,2018,statutory_debt_balance_100m,accepted,官方债务决算公开表；全市口径；附件原值单位为亿元，保留原始精度。
SRC-OFFICIAL-DEBT-HN-DANZHOU-2019,儋州市财政局,A1,true,地方政府债务限额及余额公开表,https://www.danzhou.gov.cn/danzhou/rdzt/czyjs/ys/yeln/202010/P020210603758213935099.xlsx,https://www.danzhou.gov.cn/danzhou/rdzt/czyjs/ys/yeln/202010/P020210603758213935099.xlsx,rating_chart_city_debt_2018_2025.csv,text/plain,2020-01-20,city_year,1,1,1,CN-460400,2019,statutory_debt_balance_100m,accepted,官方预算公开附件；全市口径；一般债务与专项债务余额合计后由万元换算为亿元。
SRC-OFFICIAL-DEBT-HN-SANYA-2019,三亚市财政局,A1,true,地方政府债务限额及余额公开表,https://mof.sanya.gov.cn/czjsite/czyjsxx/202009/f70632421fb149d5b3b18be382f3af31/files/b4da6f2c9b8f4ae584f6733f467f4ed4.xlsx,https://mof.sanya.gov.cn/czjsite/czyjsxx/202009/f70632421fb149d5b3b18be382f3af31/files/b4da6f2c9b8f4ae584f6733f467f4ed4.xlsx,rating_chart_city_debt_2018_2025.csv,text/plain,2020-09-14,city_year,1,1,1,CN-460200,2019,statutory_debt_balance_100m,accepted,官方债务限额及余额决算表；全市口径；保留原始亿元精度。
SRC-SECONDARY-DEBT-XINJIANG-BINGTUAN-2025-12-11,联合资信评估股份有限公司,B2,true,二手公开城市债务图表,https://www.chinamoney.com.cn/dqs/cm-s-notice-query/fileDownLoad.do?contentId=3257779&mode=save&priority=0,https://www.chinamoney.com.cn/dqs/cm-s-notice-query/fileDownLoad.do?contentId=3257779&mode=save&priority=0,rating_chart_city_debt_2018_2025.csv,text/plain,2025-12-11,city_year,1,1,1,CN-659000,2025,statutory_debt_balance_100m,accepted,近年末公开余额；截至2025-12-11，不冒充2025-12-31正式决算余额；兵团全域映射至CN-659000自治区直辖县级行政区划占位行，仅接入总余额。
SRC-SECONDARY-CEIC-CN-130200,CEIC Data,D,false,二手公开城市债务图表,https://www.ceicdata.com/zh-hans/china/local-government-debt-prefecture-level-city-outstanding/cn-local-government-debt-outstanding-hebei-tangshan,https://www.ceicdata.com/zh-hans/china/local-government-debt-prefecture-level-city-outstanding/cn-local-government-debt-outstanding-hebei-tangshan,ceic_city_debt_2018_2025.csv,text/plain,2026-08-01,unclassified,0,0,0,,,,registered_no_selected_value,商业聚合数据库公开页面；2018—2024 年值来自页面 SVG 图表，2025 年值来自页面元数据。仅作补缺线索和 provisional 暂存，必须回到财政厅、人大预算/决算或官方统计公报复核，不作为最终 A/B/C 级证据。
SRC-SECONDARY-CEIC-CN-130300,CEIC Data,D,false,二手公开城市债务图表,https://www.ceicdata.com/zh-hans/china/local-government-debt-prefecture-level-city-outstanding/cn-local-government-debt-outstanding-hebei-qinhuangdao,https://www.ceicdata.com/zh-hans/china/local-government-debt-prefecture-level-city-outstanding/cn-local-government-debt-outstanding-hebei-qinhuangdao,ceic_city_debt_2018_2025.csv,text/plain,2026-08-01,city_year,1,2,2,CN-130300,2019;2025,statutory_debt_balance_100m,provisional_only,商业聚合数据库公开页面；2018—2024 年值来自页面 SVG 图表，2025 年值来自页面元数据。仅作补缺线索和 provisional 暂存，必须回到财政厅、人大预算/决算或官方统计公报复核，不作为最终 A/B/C 级证据。
SRC-SECONDARY-CEIC-CN-130400,CEIC Data,D,false,二手公开城市债务图表,https://www.ceicdata.com/zh-hans/china/local-government-debt-prefecture-level-city-outstanding/cn-local-government-debt-outstanding-hebei-handan,https://www.ceicdata.com/zh-hans/china/local-government-debt-prefecture-level-city-outstanding/cn-local-government-debt-outstanding-hebei-handan,ceic_city_debt_2018_2025.csv,text/plain,2026-08-01,unclassified,0,0,0,,,,registered_no_selected_value,商业聚合数据库公开页面；2018—2024 年值来自页面 SVG 图表，2025 年值来自页面元数据。仅作补缺线索和 provisional 暂存，必须回到财政厅、人大预算/决算或官方统计公报复核，不作为最终 A/B/C 级证据。
SRC-SECONDARY-CEIC-CN-130500,CEIC Data,D,false,二手公开城市债务图表,https://www.ceicdata.com/zh-hans/china/local-government-debt-prefecture-level-city-outstanding/cn-local-government-debt-outstanding-hebei-xingtai,https://www.ceicdata.com/zh-hans/china/local-government-debt-prefecture-level-city-outstanding/cn-local-government-debt-outstanding-hebei-xingtai,ceic_city_debt_2018_2025.csv,text/plain,2026-08-01,unclassified,0,0,0,,,,registered_no_selected_value,商业聚合数据库公开页面；2018—2024 年值来自页面 SVG 图表，2025 年值来自页面元数据。仅作补缺线索和 provisional 暂存，必须回到财政厅、人大预算/决算或官方统计公报复核，不作为最终 A/B/C 级证据。
SRC-SECONDARY-CEIC-CN-130700,CEIC Data,D,false,二手公开城市债务图表,https://www.ceicdata.com/zh-hans/china/local-government-debt-prefecture-level-city-outstanding/cn-local-government-debt-outstanding-hebei-zhangjiakou,https://www.ceicdata.com/zh-hans/china/local-government-debt-prefecture-level-city-outstanding/cn-local-government-debt-outstanding-hebei-zhangjiakou,ceic_city_debt_2018_2025.csv,text/plain,2026-08-01,city_year,1,1,1,CN-130700,2019,statutory_debt_balance_100m,provisional_only,商业聚合数据库公开页面；2018—2024 年值来自页面 SVG 图表，2025 年值来自页面元数据。仅作补缺线索和 provisional 暂存，必须回到财政厅、人大预算/决算或官方统计公报复核，不作为最终 A/B/C 级证据。
SRC-SECONDARY-CEIC-CN-130800,CEIC Data,D,false,二手公开城市债务图表,https://www.ceicdata.com/zh-hans/china/local-government-debt-prefecture-level-city-outstanding/cn-local-government-debt-outstanding-hebei-chengde,https://www.ceicdata.com/zh-hans/china/local-government-debt-prefecture-level-city-outstanding/cn-local-government-debt-outstanding-hebei-chengde,ceic_city_debt_2018_2025.csv,text/plain,2026-08-01,city_year,1,1,1,CN-130800,2025,statutory_debt_balance_100m,provisional_only,商业聚合数据库公开页面；2018—2024 年值来自页面 SVG 图表，2025 年值来自页面元数据。仅作补缺线索和 provisional 暂存，必须回到财政厅、人大预算/决算或官方统计公报复核，不作为最终 A/B/C 级证据。
SRC-SECONDARY-CEIC-CN-130900,CEIC Data,D,false,二手公开城市债务图表,https://www.ceicdata.com/zh-hans/china/local-government-debt-prefecture-level-city-outstanding/cn-local-government-debt-outstanding-hebei-cangzhou,https://www.ceicdata.com/zh-hans/china/local-government-debt-prefecture-level-city-outstanding/cn-local-government-debt-outstanding-hebei-cangzhou,ceic_city_debt_2018_2025.csv,text/plain,2026-08-01,city_year,1,2,2,CN-130900,2024;2025,statutory_debt_balance_100m,provisional_only,商业聚合数据库公开页面；2018—2024 年值来自页面 SVG 图表，2025 年值来自页面元数据。仅作补缺线索和 provisional 暂存，必须回到财政厅、人大预算/决算或官方统计公报复核，不作为最终 A/B/C 级证据。
SRC-SECONDARY-CEIC-CN-131000,CEIC Data,D,false,二手公开城市债务图表,https://www.ceicdata.com/zh-hans/china/local-government-debt-prefecture-level-city-outstanding/cn-local-government-debt-outstanding-hebei-langfang,https://www.ceicdata.com/zh-hans/china/local-government-debt-prefecture-level-city-outstanding/cn-local-government-debt-outstanding-hebei-langfang,ceic_city_debt_2018_2025.csv,text/plain,2026-08-01,unclassified,0,0,0,,,,registered_no_selected_value,商业聚合数据库公开页面；2018—2024 年值来自页面 SVG 图表，2025 年值来自页面元数据。仅作补缺线索和 provisional 暂存，必须回到财政厅、人大预算/决算或官方统计公报复核，不作为最终 A/B/C 级证据。
SRC-SECONDARY-CEIC-CN-131100,CEIC Data,D,false,二手公开城市债务图表,https://www.ceicdata.com/zh-hans/china/local-government-debt-prefecture-level-city-outstanding/cn-local-government-debt-outstanding-hebei-hengshui,https://www.ceicdata.com/zh-hans/china/local-government-debt-prefecture-level-city-outstanding/cn-local-government-debt-outstanding-hebei-hengshui,ceic_city_debt_2018_2025.csv,text/plain,2026-08-01,city_year,1,2,2,CN-131100,2024;2025,statutory_debt_balance_100m,provisional_only,商业聚合数据库公开页面；2018—2024 年值来自页面 SVG 图表，2025 年值来自页面元数据。仅作补缺线索和 provisional 暂存，必须回到财政厅、人大预算/决算或官方统计公报复核，不作为最终 A/B/C 级证据。
SRC-SECONDARY-CEIC-CN-140100,CEIC Data,D,false,二手公开城市债务图表,https://www.ceicdata.com/zh-hans/china/local-government-debt-prefecture-level-city-outstanding/cn-local-government-debt-outstanding-shanxi-taiyuan,https://www.ceicdata.com/zh-hans/china/local-government-debt-prefecture-level-city-outstanding/cn-local-government-debt-outstanding-shanxi-taiyuan,ceic_city_debt_2018_2025.csv,text/plain,2026-08-01,city_year,1,1,1,CN-140100,2025,statutory_debt_balance_100m,provisional_only,商业聚合数据库公开页面；2018—2024 年值来自页面 SVG 图表，2025 年值来自页面元数据。仅作补缺线索和 provisional 暂存，必须回到财政厅、人大预算/决算或官方统计公报复核，不作为最终 A/B/C 级证据。
SRC-SECONDARY-CEIC-CN-150100,CEIC Data,D,false,二手公开城市债务图表,https://www.ceicdata.com/zh-hans/china/local-government-debt-prefecture-level-city-outstanding/cn-local-government-debt-outstanding-inner-mongolia-hohhot,https://www.ceicdata.com/zh-hans/china/local-government-debt-prefecture-level-city-outstanding/cn-local-government-debt-outstanding-inner-mongolia-hohhot,ceic_city_debt_2018_2025.csv,text/plain,2026-08-01,city_year,1,6,6,CN-150100,2018;2019;2020;2021;2022;2023,statutory_debt_balance_100m,provisional_only,商业聚合数据库公开页面；2018—2024 年值来自页面 SVG 图表，2025 年值来自页面元数据。仅作补缺线索和 provisional 暂存，必须回到财政厅、人大预算/决算或官方统计公报复核，不作为最终 A/B/C 级证据。
SRC-SECONDARY-CEIC-CN-150300,CEIC Data,D,false,二手公开城市债务图表,https://www.ceicdata.com/zh-hans/china/local-government-debt-prefecture-level-city-outstanding/cn-local-government-debt-outstanding-inner-mongolia-wuhai,https://www.ceicdata.com/zh-hans/china/local-government-debt-prefecture-level-city-outstanding/cn-local-government-debt-outstanding-inner-mongolia-wuhai,ceic_city_debt_2018_2025.csv,text/plain,2026-08-01,city_year,1,3,3,CN-150300,2018;2019;2020,statutory_debt_balance_100m,provisional_only,商业聚合数据库公开页面；2018—2024 年值来自页面 SVG 图表，2025 年值来自页面元数据。仅作补缺线索和 provisional 暂存，必须回到财政厅、人大预算/决算或官方统计公报复核，不作为最终 A/B/C 级证据。
SRC-SECONDARY-CEIC-CN-150400,CEIC Data,D,false,二手公开城市债务图表,https://www.ceicdata.com/zh-hans/china/local-government-debt-prefecture-level-city-outstanding/cn-local-government-debt-outstanding-inner-mongolia-chifeng,https://www.ceicdata.com/zh-hans/china/local-government-debt-prefecture-level-city-outstanding/cn-local-government-debt-outstanding-inner-mongolia-chifeng,ceic_city_debt_2018_2025.csv,text/plain,2026-08-01,city_year,1,7,7,CN-150400,2018;2019;2020;2021;2022;2023;2024,statutory_debt_balance_100m,provisional_only,商业聚合数据库公开页面；2018—2024 年值来自页面 SVG 图表，2025 年值来自页面元数据。仅作补缺线索和 provisional 暂存，必须回到财政厅、人大预算/决算或官方统计公报复核，不作为最终 A/B/C 级证据。
SRC-SECONDARY-CEIC-CN-150700,CEIC Data,D,false,二手公开城市债务图表,https://www.ceicdata.com/zh-hans/china/local-government-debt-prefecture-level-city-outstanding/cn-local-government-debt-outstanding-inner-mongolia-hulunbeier,https://www.ceicdata.com/zh-hans/china/local-government-debt-prefecture-level-city-outstanding/cn-local-government-debt-outstanding-inner-mongolia-hulunbeier,ceic_city_debt_2018_2025.csv,text/plain,2026-08-01,city_year,1,7,7,CN-150700,2018;2019;2020;2021;2022;2023;2024,statutory_debt_balance_100m,provisional_only,商业聚合数据库公开页面；2018—2024 年值来自页面 SVG 图表，2025 年值来自页面元数据。仅作补缺线索和 provisional 暂存，必须回到财政厅、人大预算/决算或官方统计公报复核，不作为最终 A/B/C 级证据。
SRC-SECONDARY-CEIC-CN-150800,CEIC Data,D,false,二手公开城市债务图表,https://www.ceicdata.com/zh-hans/china/local-government-debt-prefecture-level-city-outstanding/cn-local-government-debt-outstanding-inner-mongolia-bayannaoer,https://www.ceicdata.com/zh-hans/china/local-government-debt-prefecture-level-city-outstanding/cn-local-government-debt-outstanding-inner-mongolia-bayannaoer,ceic_city_debt_2018_2025.csv,text/plain,2026-08-01,city_year,1,4,4,CN-150800,2021;2022;2023;2024,statutory_debt_balance_100m,provisional_only,商业聚合数据库公开页面；2018—2024 年值来自页面 SVG 图表，2025 年值来自页面元数据。仅作补缺线索和 provisional 暂存，必须回到财政厅、人大预算/决算或官方统计公报复核，不作为最终 A/B/C 级证据。
SRC-SECONDARY-CEIC-CN-150900,CEIC Data,D,false,二手公开城市债务图表,https://www.ceicdata.com/zh-hans/china/local-government-debt-prefecture-level-city-outstanding/cn-local-government-debt-outstanding-inner-mongolia-wulanchabu,https://www.ceicdata.com/zh-hans/china/local-government-debt-prefecture-level-city-outstanding/cn-local-government-debt-outstanding-inner-mongolia-wulanchabu,ceic_city_debt_2018_2025.csv,text/plain,2026-08-01,unclassified,0,0,0,,,,registered_no_selected_value,商业聚合数据库公开页面；2018—2024 年值来自页面 SVG 图表，2025 年值来自页面元数据。仅作补缺线索和 provisional 暂存，必须回到财政厅、人大预算/决算或官方统计公报复核，不作为最终 A/B/C 级证据。
SRC-SECONDARY-CEIC-CN-210100,CEIC Data,D,false,二手公开城市债务图表,https://www.ceicdata.com/zh-hans/china/local-government-debt-prefecture-level-city-outstanding/cn-local-government-debt-outstanding-general-liaoning-shenyang;https://www.ceicdata.com/zh-hans/china/local-government-debt-prefecture-level-city-outstanding/cn-local-government-debt-outstanding-special-liaoning-shenyang,https://www.ceicdata.com/zh-hans/china/local-government-debt-prefecture-level-city-outstanding/cn-local-government-debt-outstanding-general-liaoning-shenyang;https://www.ceicdata.com/zh-hans/china/local-government-debt-prefecture-level-city-outstanding/cn-local-government-debt-outstanding-special-liaoning-shenyang,ceic_city_debt_2018_2025.csv,text/plain,2026-08-01,unclassified,0,0,0,,,,registered_no_selected_value,商业聚合数据库公开页面；2018—2024 年值来自页面 SVG 图表，2025 年值来自页面元数据。仅作补缺线索和 provisional 暂存，必须回到财政厅、人大预算/决算或官方统计公报复核，不作为最终 A/B/C 级证据。
SRC-SECONDARY-CEIC-CN-210400,CEIC Data,D,false,二手公开城市债务图表,https://www.ceicdata.com/zh-hans/china/local-government-debt-prefecture-level-city-outstanding/cn-local-government-debt-outstanding-general-liaoning-fushun;https://www.ceicdata.com/zh-hans/china/local-government-debt-prefecture-level-city-outstanding/cn-local-government-debt-outstanding-special-liaoning-fushun,https://www.ceicdata.com/zh-hans/china/local-government-debt-prefecture-level-city-outstanding/cn-local-government-debt-outstanding-general-liaoning-fushun;https://www.ceicdata.com/zh-hans/china/local-government-debt-prefecture-level-city-outstanding/cn-local-government-debt-outstanding-special-liaoning-fushun,ceic_city_debt_2018_2025.csv,text/plain,2026-08-01,unclassified,0,0,0,,,,registered_no_selected_value,商业聚合数据库公开页面；2018—2024 年值来自页面 SVG 图表，2025 年值来自页面元数据。仅作补缺线索和 provisional 暂存，必须回到财政厅、人大预算/决算或官方统计公报复核，不作为最终 A/B/C 级证据。
SRC-SECONDARY-CEIC-CN-210800,CEIC Data,D,false,二手公开城市债务图表,https://www.ceicdata.com/zh-hans/china/local-government-debt-prefecture-level-city-outstanding/cn-local-government-debt-outstanding-general-liaoning-yingkou;https://www.ceicdata.com/zh-hans/china/local-government-debt-prefecture-level-city-outstanding/cn-local-government-debt-outstanding-special-liaoning-yingkou,https://www.ceicdata.com/zh-hans/china/local-government-debt-prefecture-level-city-outstanding/cn-local-government-debt-outstanding-general-liaoning-yingkou;https://www.ceicdata.com/zh-hans/china/local-government-debt-prefecture-level-city-outstanding/cn-local-government-debt-outstanding-special-liaoning-yingkou,ceic_city_debt_2018_2025.csv,text/plain,2026-08-01,unclassified,0,0,0,,,,registered_no_selected_value,商业聚合数据库公开页面；2018—2024 年值来自页面 SVG 图表，2025 年值来自页面元数据。仅作补缺线索和 provisional 暂存，必须回到财政厅、人大预算/决算或官方统计公报复核，不作为最终 A/B/C 级证据。
SRC-SECONDARY-CEIC-CN-210900,CEIC Data,D,false,二手公开城市债务图表,https://www.ceicdata.com/zh-hans/china/local-government-debt-prefecture-level-city-outstanding/cn-local-government-debt-outstanding-general-liaoning-fuxin;https://www.ceicdata.com/zh-hans/china/local-government-debt-prefecture-level-city-outstanding/cn-local-government-debt-outstanding-special-liaoning-fuxin,https://www.ceicdata.com/zh-hans/china/local-government-debt-prefecture-level-city-outstanding/cn-local-government-debt-outstanding-general-liaoning-fuxin;https://www.ceicdata.com/zh-hans/china/local-government-debt-prefecture-level-city-outstanding/cn-local-government-debt-outstanding-special-liaoning-fuxin,ceic_city_debt_2018_2025.csv,text/plain,2026-08-01,unclassified,0,0,0,,,,registered_no_selected_value,商业聚合数据库公开页面；2018—2024 年值来自页面 SVG 图表，2025 年值来自页面元数据。仅作补缺线索和 provisional 暂存，必须回到财政厅、人大预算/决算或官方统计公报复核，不作为最终 A/B/C 级证据。
SRC-SECONDARY-CEIC-CN-211000,CEIC Data,D,false,二手公开城市债务图表,https://www.ceicdata.com/zh-hans/china/local-government-debt-prefecture-level-city-outstanding/cn-local-government-debt-outstanding-general-liaoning-liaoyang;https://www.ceicdata.com/zh-hans/china/local-government-debt-prefecture-level-city-outstanding/cn-local-government-debt-outstanding-special-liaoning-liaoyang,https://www.ceicdata.com/zh-hans/china/local-government-debt-prefecture-level-city-outstanding/cn-local-government-debt-outstanding-general-liaoning-liaoyang;https://www.ceicdata.com/zh-hans/china/local-government-debt-prefecture-level-city-outstanding/cn-local-government-debt-outstanding-special-liaoning-liaoyang,ceic_city_debt_2018_2025.csv,text/plain,2026-08-01,unclassified,0,0,0,,,,registered_no_selected_value,商业聚合数据库公开页面；2018—2024 年值来自页面 SVG 图表，2025 年值来自页面元数据。仅作补缺线索和 provisional 暂存，必须回到财政厅、人大预算/决算或官方统计公报复核，不作为最终 A/B/C 级证据。
SRC-SECONDARY-CEIC-CN-211300,CEIC Data,D,false,二手公开城市债务图表,https://www.ceicdata.com/zh-hans/china/local-government-debt-prefecture-level-city-outstanding/cn-local-government-debt-outstanding-general-liaoning-chaoyang;https://www.ceicdata.com/zh-hans/china/local-government-debt-prefecture-level-city-outstanding/cn-local-government-debt-outstanding-special-liaoning-chaoyang,https://www.ceicdata.com/zh-hans/china/local-government-debt-prefecture-level-city-outstanding/cn-local-government-debt-outstanding-general-liaoning-chaoyang;https://www.ceicdata.com/zh-hans/china/local-government-debt-prefecture-level-city-outstanding/cn-local-government-debt-outstanding-special-liaoning-chaoyang,ceic_city_debt_2018_2025.csv,text/plain,2026-08-01,unclassified,0,0,0,,,,registered_no_selected_value,商业聚合数据库公开页面；2018—2024 年值来自页面 SVG 图表，2025 年值来自页面元数据。仅作补缺线索和 provisional 暂存，必须回到财政厅、人大预算/决算或官方统计公报复核，不作为最终 A/B/C 级证据。
SRC-SECONDARY-CEIC-CN-211400,CEIC Data,D,false,二手公开城市债务图表,https://www.ceicdata.com/zh-hans/china/local-government-debt-prefecture-level-city-outstanding/cn-local-government-debt-outstanding-general-liaoning-huludao;https://www.ceicdata.com/zh-hans/china/local-government-debt-prefecture-level-city-outstanding/cn-local-government-debt-outstanding-special-liaoning-huludao,https://www.ceicdata.com/zh-hans/china/local-government-debt-prefecture-level-city-outstanding/cn-local-government-debt-outstanding-general-liaoning-huludao;https://www.ceicdata.com/zh-hans/china/local-government-debt-prefecture-level-city-outstanding/cn-local-government-debt-outstanding-special-liaoning-huludao,ceic_city_debt_2018_2025.csv,text/plain,2026-08-01,unclassified,0,0,0,,,,registered_no_selected_value,商业聚合数据库公开页面；2018—2024 年值来自页面 SVG 图表，2025 年值来自页面元数据。仅作补缺线索和 provisional 暂存，必须回到财政厅、人大预算/决算或官方统计公报复核，不作为最终 A/B/C 级证据。
SRC-SECONDARY-CEIC-CN-220100,CEIC Data,D,false,二手公开城市债务图表,https://www.ceicdata.com/zh-hans/china/local-government-debt-prefecture-level-city-outstanding/cn-local-government-debt-outstanding-jilin-changchun,https://www.ceicdata.com/zh-hans/china/local-government-debt-prefecture-level-city-outstanding/cn-local-government-debt-outstanding-jilin-changchun,ceic_city_debt_2018_2025.csv,text/plain,2026-08-01,unclassified,0,0,0,,,,registered_no_selected_value,商业聚合数据库公开页面；2018—2024 年值来自页面 SVG 图表，2025 年值来自页面元数据。仅作补缺线索和 provisional 暂存，必须回到财政厅、人大预算/决算或官方统计公报复核，不作为最终 A/B/C 级证据。
SRC-SECONDARY-CEIC-CN-230100,CEIC Data,D,false,二手公开城市债务图表,https://www.ceicdata.com/zh-hans/china/local-government-debt-prefecture-level-city-outstanding/cn-local-government-debt-outstanding-heilongjiang-harbin,https://www.ceicdata.com/zh-hans/china/local-government-debt-prefecture-level-city-outstanding/cn-local-government-debt-outstanding-heilongjiang-harbin,ceic_city_debt_2018_2025.csv,text/plain,2026-08-01,unclassified,0,0,0,,,,registered_no_selected_value,商业聚合数据库公开页面；2018—2024 年值来自页面 SVG 图表，2025 年值来自页面元数据。仅作补缺线索和 provisional 暂存，必须回到财政厅、人大预算/决算或官方统计公报复核，不作为最终 A/B/C 级证据。
SRC-SECONDARY-CEIC-CN-230600,CEIC Data,D,false,二手公开城市债务图表,https://www.ceicdata.com/zh-hans/china/local-government-debt-prefecture-level-city-outstanding/cn-local-government-debt-outstanding-general-heilongjiang-daqing;https://www.ceicdata.com/zh-hans/china/local-government-debt-prefecture-level-city-outstanding/cn-local-government-debt-outstanding-special-heilongjiang-daqing,https://www.ceicdata.com/zh-hans/china/local-government-debt-prefecture-level-city-outstanding/cn-local-government-debt-outstanding-general-heilongjiang-daqing;https://www.ceicdata.com/zh-hans/china/local-government-debt-prefecture-level-city-outstanding/cn-local-government-debt-outstanding-special-heilongjiang-daqing,ceic_city_debt_2018_2025.csv,text/plain,2026-08-01,unclassified,0,0,0,,,,registered_no_selected_value,商业聚合数据库公开页面；2018—2024 年值来自页面 SVG 图表，2025 年值来自页面元数据。仅作补缺线索和 provisional 暂存，必须回到财政厅、人大预算/决算或官方统计公报复核，不作为最终 A/B/C 级证据。
SRC-SECONDARY-CEIC-CN-230700,CEIC Data,D,false,二手公开城市债务图表,https://www.ceicdata.com/zh-hans/china/local-government-debt-prefecture-level-city-outstanding/cn-local-government-debt-outstanding-heilongjiang-yichun,https://www.ceicdata.com/zh-hans/china/local-government-debt-prefecture-level-city-outstanding/cn-local-government-debt-outstanding-heilongjiang-yichun,ceic_city_debt_2018_2025.csv,text/plain,2026-08-01,unclassified,0,0,0,,,,registered_no_selected_value,商业聚合数据库公开页面；2018—2024 年值来自页面 SVG 图表，2025 年值来自页面元数据。仅作补缺线索和 provisional 暂存，必须回到财政厅、人大预算/决算或官方统计公报复核，不作为最终 A/B/C 级证据。
SRC-SECONDARY-CEIC-CN-230800,CEIC Data,D,false,二手公开城市债务图表,https://www.ceicdata.com/zh-hans/china/local-government-debt-prefecture-level-city-outstanding/cn-local-government-debt-outstanding-heilongjiang-jiamusi,https://www.ceicdata.com/zh-hans/china/local-government-debt-prefecture-level-city-outstanding/cn-local-government-debt-outstanding-heilongjiang-jiamusi,ceic_city_debt_2018_2025.csv,text/plain,2026-08-01,unclassified,0,0,0,,,,registered_no_selected_value,商业聚合数据库公开页面；2018—2024 年值来自页面 SVG 图表，2025 年值来自页面元数据。仅作补缺线索和 provisional 暂存，必须回到财政厅、人大预算/决算或官方统计公报复核，不作为最终 A/B/C 级证据。
SRC-SECONDARY-CEIC-CN-230900,CEIC Data,D,false,二手公开城市债务图表,https://www.ceicdata.com/zh-hans/china/local-government-debt-prefecture-level-city-outstanding/cn-local-government-debt-outstanding-heilongjiang-qitaihe,https://www.ceicdata.com/zh-hans/china/local-government-debt-prefecture-level-city-outstanding/cn-local-government-debt-outstanding-heilongjiang-qitaihe,ceic_city_debt_2018_2025.csv,text/plain,2026-08-01,unclassified,0,0,0,,,,registered_no_selected_value,商业聚合数据库公开页面；2018—2024 年值来自页面 SVG 图表，2025 年值来自页面元数据。仅作补缺线索和 provisional 暂存，必须回到财政厅、人大预算/决算或官方统计公报复核，不作为最终 A/B/C 级证据。
SRC-SECONDARY-CEIC-CN-231000,CEIC Data,D,false,二手公开城市债务图表,https://www.ceicdata.com/zh-hans/china/local-government-debt-prefecture-level-city-outstanding/cn-local-government-debt-outstanding-heilongjiang-mudanjiang,https://www.ceicdata.com/zh-hans/china/local-government-debt-prefecture-level-city-outstanding/cn-local-government-debt-outstanding-heilongjiang-mudanjiang,ceic_city_debt_2018_2025.csv,text/plain,2026-08-01,unclassified,0,0,0,,,,registered_no_selected_value,商业聚合数据库公开页面；2018—2024 年值来自页面 SVG 图表，2025 年值来自页面元数据。仅作补缺线索和 provisional 暂存，必须回到财政厅、人大预算/决算或官方统计公报复核，不作为最终 A/B/C 级证据。
SRC-SECONDARY-CEIC-CN-231100,CEIC Data,D,false,二手公开城市债务图表,https://www.ceicdata.com/zh-hans/china/local-government-debt-prefecture-level-city-outstanding/cn-local-government-debt-outstanding-heilongjiang-heihe,https://www.ceicdata.com/zh-hans/china/local-government-debt-prefecture-level-city-outstanding/cn-local-government-debt-outstanding-heilongjiang-heihe,ceic_city_debt_2018_2025.csv,text/plain,2026-08-01,unclassified,0,0,0,,,,registered_no_selected_value,商业聚合数据库公开页面；2018—2024 年值来自页面 SVG 图表，2025 年值来自页面元数据。仅作补缺线索和 provisional 暂存，必须回到财政厅、人大预算/决算或官方统计公报复核，不作为最终 A/B/C 级证据。
SRC-SECONDARY-CEIC-CN-231200,CEIC Data,D,false,二手公开城市债务图表,https://www.ceicdata.com/zh-hans/china/local-government-debt-prefecture-level-city-outstanding/cn-local-government-debt-outstanding-heilongjiang-suihua,https://www.ceicdata.com/zh-hans/china/local-government-debt-prefecture-level-city-outstanding/cn-local-government-debt-outstanding-heilongjiang-suihua,ceic_city_debt_2018_2025.csv,text/plain,2026-08-01,unclassified,0,0,0,,,,registered_no_selected_value,商业聚合数据库公开页面；2018—2024 年值来自页面 SVG 图表，2025 年值来自页面元数据。仅作补缺线索和 provisional 暂存，必须回到财政厅、人大预算/决算或官方统计公报复核，不作为最终 A/B/C 级证据。
SRC-SECONDARY-CEIC-CN-320100,CEIC Data,D,false,二手公开城市债务图表,https://www.ceicdata.com/zh-hans/china/local-government-debt-prefecture-level-city-outstanding/cn-local-government-debt-outstanding-jiangsu-nanjing,https://www.ceicdata.com/zh-hans/china/local-government-debt-prefecture-level-city-outstanding/cn-local-government-debt-outstanding-jiangsu-nanjing,ceic_city_debt_2018_2025.csv,text/plain,2026-08-01,unclassified,0,0,0,,,,registered_no_selected_value,商业聚合数据库公开页面；2018—2024 年值来自页面 SVG 图表，2025 年值来自页面元数据。仅作补缺线索和 provisional 暂存，必须回到财政厅、人大预算/决算或官方统计公报复核，不作为最终 A/B/C 级证据。
SRC-SECONDARY-CEIC-CN-320200,CEIC Data,D,false,二手公开城市债务图表,https://www.ceicdata.com/zh-hans/china/local-government-debt-prefecture-level-city-outstanding/cn-local-government-debt-outstanding-jiangsu-wuxi,https://www.ceicdata.com/zh-hans/china/local-government-debt-prefecture-level-city-outstanding/cn-local-government-debt-outstanding-jiangsu-wuxi,ceic_city_debt_2018_2025.csv,text/plain,2026-08-01,unclassified,0,0,0,,,,registered_no_selected_value,商业聚合数据库公开页面；2018—2024 年值来自页面 SVG 图表，2025 年值来自页面元数据。仅作补缺线索和 provisional 暂存，必须回到财政厅、人大预算/决算或官方统计公报复核，不作为最终 A/B/C 级证据。
SRC-SECONDARY-CEIC-CN-320300,CEIC Data,D,false,二手公开城市债务图表,https://www.ceicdata.com/zh-hans/china/local-government-debt-prefecture-level-city-outstanding/cn-local-government-debt-outstanding-jiangsu-xuzhou,https://www.ceicdata.com/zh-hans/china/local-government-debt-prefecture-level-city-outstanding/cn-local-government-debt-outstanding-jiangsu-xuzhou,ceic_city_debt_2018_2025.csv,text/plain,2026-08-01,unclassified,0,0,0,,,,registered_no_selected_value,商业聚合数据库公开页面；2018—2024 年值来自页面 SVG 图表，2025 年值来自页面元数据。仅作补缺线索和 provisional 暂存，必须回到财政厅、人大预算/决算或官方统计公报复核，不作为最终 A/B/C 级证据。
SRC-SECONDARY-CEIC-CN-320500,CEIC Data,D,false,二手公开城市债务图表,https://www.ceicdata.com/zh-hans/china/local-government-debt-prefecture-level-city-outstanding/cn-local-government-debt-outstanding-jiangsu-suzhou,https://www.ceicdata.com/zh-hans/china/local-government-debt-prefecture-level-city-outstanding/cn-local-government-debt-outstanding-jiangsu-suzhou,ceic_city_debt_2018_2025.csv,text/plain,2026-08-01,unclassified,0,0,0,,,,registered_no_selected_value,商业聚合数据库公开页面；2018—2024 年值来自页面 SVG 图表，2025 年值来自页面元数据。仅作补缺线索和 provisional 暂存，必须回到财政厅、人大预算/决算或官方统计公报复核，不作为最终 A/B/C 级证据。
SRC-SECONDARY-CEIC-CN-320700,CEIC Data,D,false,二手公开城市债务图表,https://www.ceicdata.com/zh-hans/china/local-government-debt-prefecture-level-city-outstanding/cn-local-government-debt-outstanding-jiangsu-lianyungang,https://www.ceicdata.com/zh-hans/china/local-government-debt-prefecture-level-city-outstanding/cn-local-government-debt-outstanding-jiangsu-lianyungang,ceic_city_debt_2018_2025.csv,text/plain,2026-08-01,city_year,1,1,1,CN-320700,2025,statutory_debt_balance_100m,provisional_only,商业聚合数据库公开页面；2018—2024 年值来自页面 SVG 图表，2025 年值来自页面元数据。仅作补缺线索和 provisional 暂存，必须回到财政厅、人大预算/决算或官方统计公报复核，不作为最终 A/B/C 级证据。
SRC-SECONDARY-CEIC-CN-321000,CEIC Data,D,false,二手公开城市债务图表,https://www.ceicdata.com/zh-hans/china/local-government-debt-prefecture-level-city-outstanding/cn-local-government-debt-outstanding-jiangsu-yangzhou,https://www.ceicdata.com/zh-hans/china/local-government-debt-prefecture-level-city-outstanding/cn-local-government-debt-outstanding-jiangsu-yangzhou,ceic_city_debt_2018_2025.csv,text/plain,2026-08-01,unclassified,0,0,0,,,,registered_no_selected_value,商业聚合数据库公开页面；2018—2024 年值来自页面 SVG 图表，2025 年值来自页面元数据。仅作补缺线索和 provisional 暂存，必须回到财政厅、人大预算/决算或官方统计公报复核，不作为最终 A/B/C 级证据。
SRC-SECONDARY-CEIC-CN-330100,CEIC Data,D,false,二手公开城市债务图表,https://www.ceicdata.com/zh-hans/china/local-government-debt-prefecture-level-city-outstanding/cn-local-government-debt-outstanding-general-zhejiang-hangzhou;https://www.ceicdata.com/zh-hans/china/local-government-debt-prefecture-level-city-outstanding/cn-local-government-debt-outstanding-special-zhejiang-hangzhou,https://www.ceicdata.com/zh-hans/china/local-government-debt-prefecture-level-city-outstanding/cn-local-government-debt-outstanding-general-zhejiang-hangzhou;https://www.ceicdata.com/zh-hans/china/local-government-debt-prefecture-level-city-outstanding/cn-local-government-debt-outstanding-special-zhejiang-hangzhou,ceic_city_debt_2018_2025.csv,text/plain,2026-08-01,unclassified,0,0,0,,,,registered_no_selected_value,商业聚合数据库公开页面；2018—2024 年值来自页面 SVG 图表，2025 年值来自页面元数据。仅作补缺线索和 provisional 暂存，必须回到财政厅、人大预算/决算或官方统计公报复核，不作为最终 A/B/C 级证据。
SRC-SECONDARY-CEIC-CN-330300,CEIC Data,D,false,二手公开城市债务图表,https://www.ceicdata.com/zh-hans/china/local-government-debt-prefecture-level-city-outstanding/cn-local-government-debt-outstanding-zhejiang-wenzhou,https://www.ceicdata.com/zh-hans/china/local-government-debt-prefecture-level-city-outstanding/cn-local-government-debt-outstanding-zhejiang-wenzhou,ceic_city_debt_2018_2025.csv,text/plain,2026-08-01,unclassified,0,0,0,,,,registered_no_selected_value,商业聚合数据库公开页面；2018—2024 年值来自页面 SVG 图表，2025 年值来自页面元数据。仅作补缺线索和 provisional 暂存，必须回到财政厅、人大预算/决算或官方统计公报复核，不作为最终 A/B/C 级证据。
SRC-SECONDARY-CEIC-CN-330500,CEIC Data,D,false,二手公开城市债务图表,https://www.ceicdata.com/zh-hans/china/local-government-debt-prefecture-level-city-outstanding/cn-local-government-debt-outstanding-zhejiang-huzhou,https://www.ceicdata.com/zh-hans/china/local-government-debt-prefecture-level-city-outstanding/cn-local-government-debt-outstanding-zhejiang-huzhou,ceic_city_debt_2018_2025.csv,text/plain,2026-08-01,unclassified,0,0,0,,,,registered_no_selected_value,商业聚合数据库公开页面；2018—2024 年值来自页面 SVG 图表，2025 年值来自页面元数据。仅作补缺线索和 provisional 暂存，必须回到财政厅、人大预算/决算或官方统计公报复核，不作为最终 A/B/C 级证据。
SRC-SECONDARY-CEIC-CN-330600,CEIC Data,D,false,二手公开城市债务图表,https://www.ceicdata.com/zh-hans/china/local-government-debt-prefecture-level-city-outstanding/cn-local-government-debt-outstanding-zhejiang-shaoxing,https://www.ceicdata.com/zh-hans/china/local-government-debt-prefecture-level-city-outstanding/cn-local-government-debt-outstanding-zhejiang-shaoxing,ceic_city_debt_2018_2025.csv,text/plain,2026-08-01,unclassified,0,0,0,,,,registered_no_selected_value,商业聚合数据库公开页面；2018—2024 年值来自页面 SVG 图表，2025 年值来自页面元数据。仅作补缺线索和 provisional 暂存，必须回到财政厅、人大预算/决算或官方统计公报复核，不作为最终 A/B/C 级证据。
SRC-SECONDARY-CEIC-CN-330900,CEIC Data,D,false,二手公开城市债务图表,https://www.ceicdata.com/zh-hans/china/local-government-debt-prefecture-level-city-outstanding/cn-local-government-debt-outstanding-zhejiang-zhoushan,https://www.ceicdata.com/zh-hans/china/local-government-debt-prefecture-level-city-outstanding/cn-local-government-debt-outstanding-zhejiang-zhoushan,ceic_city_debt_2018_2025.csv,text/plain,2026-08-01,unclassified,0,0,0,,,,registered_no_selected_value,商业聚合数据库公开页面；2018—2024 年值来自页面 SVG 图表，2025 年值来自页面元数据。仅作补缺线索和 provisional 暂存，必须回到财政厅、人大预算/决算或官方统计公报复核，不作为最终 A/B/C 级证据。
SRC-SECONDARY-CEIC-CN-331000,CEIC Data,D,false,二手公开城市债务图表,https://www.ceicdata.com/zh-hans/china/local-government-debt-prefecture-level-city-outstanding/cn-local-government-debt-outstanding-zhejiang-taizhou,https://www.ceicdata.com/zh-hans/china/local-government-debt-prefecture-level-city-outstanding/cn-local-government-debt-outstanding-zhejiang-taizhou,ceic_city_debt_2018_2025.csv,text/plain,2026-08-01,unclassified,0,0,0,,,,registered_no_selected_value,商业聚合数据库公开页面；2018—2024 年值来自页面 SVG 图表，2025 年值来自页面元数据。仅作补缺线索和 provisional 暂存，必须回到财政厅、人大预算/决算或官方统计公报复核，不作为最终 A/B/C 级证据。
SRC-SECONDARY-CEIC-CN-331100,CEIC Data,D,false,二手公开城市债务图表,https://www.ceicdata.com/zh-hans/china/local-government-debt-prefecture-level-city-outstanding/cn-local-government-debt-outstanding-general-zhejiang-lishui;https://www.ceicdata.com/zh-hans/china/local-government-debt-prefecture-level-city-outstanding/cn-local-government-debt-outstanding-special-zhejiang-lishui,https://www.ceicdata.com/zh-hans/china/local-government-debt-prefecture-level-city-outstanding/cn-local-government-debt-outstanding-general-zhejiang-lishui;https://www.ceicdata.com/zh-hans/china/local-government-debt-prefecture-level-city-outstanding/cn-local-government-debt-outstanding-special-zhejiang-lishui,ceic_city_debt_2018_2025.csv,text/plain,2026-08-01,city_year,1,1,1,CN-331100,2025,statutory_debt_balance_100m,provisional_only,商业聚合数据库公开页面；2018—2024 年值来自页面 SVG 图表，2025 年值来自页面元数据。仅作补缺线索和 provisional 暂存，必须回到财政厅、人大预算/决算或官方统计公报复核，不作为最终 A/B/C 级证据。
SRC-SECONDARY-CEIC-CN-340100,CEIC Data,D,false,二手公开城市债务图表,https://www.ceicdata.com/zh-hans/china/local-government-debt-prefecture-level-city-outstanding/cn-local-government-debt-outstanding-anhui-hefei,https://www.ceicdata.com/zh-hans/china/local-government-debt-prefecture-level-city-outstanding/cn-local-government-debt-outstanding-anhui-hefei,ceic_city_debt_2018_2025.csv,text/plain,2026-08-01,unclassified,0,0,0,,,,registered_no_selected_value,商业聚合数据库公开页面；2018—2024 年值来自页面 SVG 图表，2025 年值来自页面元数据。仅作补缺线索和 provisional 暂存，必须回到财政厅、人大预算/决算或官方统计公报复核，不作为最终 A/B/C 级证据。
SRC-SECONDARY-CEIC-CN-340200,CEIC Data,D,false,二手公开城市债务图表,https://www.ceicdata.com/zh-hans/china/local-government-debt-prefecture-level-city-outstanding/cn-local-government-debt-outstanding-anhui-wuhu,https://www.ceicdata.com/zh-hans/china/local-government-debt-prefecture-level-city-outstanding/cn-local-government-debt-outstanding-anhui-wuhu,ceic_city_debt_2018_2025.csv,text/plain,2026-08-01,unclassified,0,0,0,,,,registered_no_selected_value,商业聚合数据库公开页面；2018—2024 年值来自页面 SVG 图表，2025 年值来自页面元数据。仅作补缺线索和 provisional 暂存，必须回到财政厅、人大预算/决算或官方统计公报复核，不作为最终 A/B/C 级证据。
SRC-SECONDARY-CEIC-CN-340300,CEIC Data,D,false,二手公开城市债务图表,https://www.ceicdata.com/zh-hans/china/local-government-debt-prefecture-level-city-outstanding/cn-local-government-debt-outstanding-general-anhui-bengbu;https://www.ceicdata.com/zh-hans/china/local-government-debt-prefecture-level-city-outstanding/cn-local-government-debt-outstanding-special-anhui-bengbu,https://www.ceicdata.com/zh-hans/china/local-government-debt-prefecture-level-city-outstanding/cn-local-government-debt-outstanding-general-anhui-bengbu;https://www.ceicdata.com/zh-hans/china/local-government-debt-prefecture-level-city-outstanding/cn-local-government-debt-outstanding-special-anhui-bengbu,ceic_city_debt_2018_2025.csv,text/plain,2026-08-01,unclassified,0,0,0,,,,registered_no_selected_value,商业聚合数据库公开页面；2018—2024 年值来自页面 SVG 图表，2025 年值来自页面元数据。仅作补缺线索和 provisional 暂存，必须回到财政厅、人大预算/决算或官方统计公报复核，不作为最终 A/B/C 级证据。
SRC-SECONDARY-CEIC-CN-340500,CEIC Data,D,false,二手公开城市债务图表,https://www.ceicdata.com/zh-hans/china/local-government-debt-prefecture-level-city-outstanding/cn-local-government-debt-outstanding-anhui-maanshan,https://www.ceicdata.com/zh-hans/china/local-government-debt-prefecture-level-city-outstanding/cn-local-government-debt-outstanding-anhui-maanshan,ceic_city_debt_2018_2025.csv,text/plain,2026-08-01,unclassified,0,0,0,,,,registered_no_selected_value,商业聚合数据库公开页面；2018—2024 年值来自页面 SVG 图表，2025 年值来自页面元数据。仅作补缺线索和 provisional 暂存，必须回到财政厅、人大预算/决算或官方统计公报复核，不作为最终 A/B/C 级证据。
SRC-SECONDARY-CEIC-CN-340600,CEIC Data,D,false,二手公开城市债务图表,https://www.ceicdata.com/zh-hans/china/local-government-debt-prefecture-level-city-outstanding/cn-local-government-debt-outstanding-anhui-huaibei,https://www.ceicdata.com/zh-hans/china/local-government-debt-prefecture-level-city-outstanding/cn-local-government-debt-outstanding-anhui-huaibei,ceic_city_debt_2018_2025.csv,text/plain,2026-08-01,unclassified,0,0,0,,,,registered_no_selected_value,商业聚合数据库公开页面；2018—2024 年值来自页面 SVG 图表，2025 年值来自页面元数据。仅作补缺线索和 provisional 暂存，必须回到财政厅、人大预算/决算或官方统计公报复核，不作为最终 A/B/C 级证据。
SRC-SECONDARY-CEIC-CN-340700,CEIC Data,D,false,二手公开城市债务图表,https://www.ceicdata.com/zh-hans/china/local-government-debt-prefecture-level-city-outstanding/cn-local-government-debt-outstanding-anhui-tongling,https://www.ceicdata.com/zh-hans/china/local-government-debt-prefecture-level-city-outstanding/cn-local-government-debt-outstanding-anhui-tongling,ceic_city_debt_2018_2025.csv,text/plain,2026-08-01,unclassified,0,0,0,,,,registered_no_selected_value,商业聚合数据库公开页面；2018—2024 年值来自页面 SVG 图表，2025 年值来自页面元数据。仅作补缺线索和 provisional 暂存，必须回到财政厅、人大预算/决算或官方统计公报复核，不作为最终 A/B/C 级证据。
SRC-SECONDARY-CEIC-CN-340800,CEIC Data,D,false,二手公开城市债务图表,https://www.ceicdata.com/zh-hans/china/local-government-debt-prefecture-level-city-outstanding/cn-local-government-debt-outstanding-anhui-anqing,https://www.ceicdata.com/zh-hans/china/local-government-debt-prefecture-level-city-outstanding/cn-local-government-debt-outstanding-anhui-anqing,ceic_city_debt_2018_2025.csv,text/plain,2026-08-01,unclassified,0,0,0,,,,registered_no_selected_value,商业聚合数据库公开页面；2018—2024 年值来自页面 SVG 图表，2025 年值来自页面元数据。仅作补缺线索和 provisional 暂存，必须回到财政厅、人大预算/决算或官方统计公报复核，不作为最终 A/B/C 级证据。
SRC-SECONDARY-CEIC-CN-341000,CEIC Data,D,false,二手公开城市债务图表,https://www.ceicdata.com/zh-hans/china/local-government-debt-prefecture-level-city-outstanding/cn-local-government-debt-outstanding-anhui-huangshan,https://www.ceicdata.com/zh-hans/china/local-government-debt-prefecture-level-city-outstanding/cn-local-government-debt-outstanding-anhui-huangshan,ceic_city_debt_2018_2025.csv,text/plain,2026-08-01,unclassified,0,0,0,,,,registered_no_selected_value,商业聚合数据库公开页面；2018—2024 年值来自页面 SVG 图表，2025 年值来自页面元数据。仅作补缺线索和 provisional 暂存，必须回到财政厅、人大预算/决算或官方统计公报复核，不作为最终 A/B/C 级证据。
SRC-SECONDARY-CEIC-CN-341100,CEIC Data,D,false,二手公开城市债务图表,https://www.ceicdata.com/zh-hans/china/local-government-debt-prefecture-level-city-outstanding/cn-local-government-debt-outstanding-anhui-chuzhou,https://www.ceicdata.com/zh-hans/china/local-government-debt-prefecture-level-city-outstanding/cn-local-government-debt-outstanding-anhui-chuzhou,ceic_city_debt_2018_2025.csv,text/plain,2026-08-01,unclassified,0,0,0,,,,registered_no_selected_value,商业聚合数据库公开页面；2018—2024 年值来自页面 SVG 图表，2025 年值来自页面元数据。仅作补缺线索和 provisional 暂存，必须回到财政厅、人大预算/决算或官方统计公报复核，不作为最终 A/B/C 级证据。
SRC-SECONDARY-CEIC-CN-341200,CEIC Data,D,false,二手公开城市债务图表,https://www.ceicdata.com/zh-hans/china/local-government-debt-prefecture-level-city-outstanding/cn-local-government-debt-outstanding-anhui-fuyang,https://www.ceicdata.com/zh-hans/china/local-government-debt-prefecture-level-city-outstanding/cn-local-government-debt-outstanding-anhui-fuyang,ceic_city_debt_2018_2025.csv,text/plain,2026-08-01,unclassified,0,0,0,,,,registered_no_selected_value,商业聚合数据库公开页面；2018—2024 年值来自页面 SVG 图表，2025 年值来自页面元数据。仅作补缺线索和 provisional 暂存，必须回到财政厅、人大预算/决算或官方统计公报复核，不作为最终 A/B/C 级证据。
SRC-SECONDARY-CEIC-CN-341300,CEIC Data,D,false,二手公开城市债务图表,https://www.ceicdata.com/zh-hans/china/local-government-debt-prefecture-level-city-outstanding/cn-local-government-debt-outstanding-anhui-suzhou,https://www.ceicdata.com/zh-hans/china/local-government-debt-prefecture-level-city-outstanding/cn-local-government-debt-outstanding-anhui-suzhou,ceic_city_debt_2018_2025.csv,text/plain,2026-08-01,unclassified,0,0,0,,,,registered_no_selected_value,商业聚合数据库公开页面；2018—2024 年值来自页面 SVG 图表，2025 年值来自页面元数据。仅作补缺线索和 provisional 暂存，必须回到财政厅、人大预算/决算或官方统计公报复核，不作为最终 A/B/C 级证据。
SRC-SECONDARY-CEIC-CN-341600,CEIC Data,D,false,二手公开城市债务图表,https://www.ceicdata.com/zh-hans/china/local-government-debt-prefecture-level-city-outstanding/cn-local-government-debt-outstanding-general-anhui-bozhou;https://www.ceicdata.com/zh-hans/china/local-government-debt-prefecture-level-city-outstanding/cn-local-government-debt-outstanding-special-anhui-bozhou,https://www.ceicdata.com/zh-hans/china/local-government-debt-prefecture-level-city-outstanding/cn-local-government-debt-outstanding-general-anhui-bozhou;https://www.ceicdata.com/zh-hans/china/local-government-debt-prefecture-level-city-outstanding/cn-local-government-debt-outstanding-special-anhui-bozhou,ceic_city_debt_2018_2025.csv,text/plain,2026-08-01,unclassified,0,0,0,,,,registered_no_selected_value,商业聚合数据库公开页面；2018—2024 年值来自页面 SVG 图表，2025 年值来自页面元数据。仅作补缺线索和 provisional 暂存，必须回到财政厅、人大预算/决算或官方统计公报复核，不作为最终 A/B/C 级证据。
SRC-SECONDARY-CEIC-CN-341700,CEIC Data,D,false,二手公开城市债务图表,https://www.ceicdata.com/zh-hans/china/local-government-debt-prefecture-level-city-outstanding/cn-local-government-debt-outstanding-anhui-chizhou,https://www.ceicdata.com/zh-hans/china/local-government-debt-prefecture-level-city-outstanding/cn-local-government-debt-outstanding-anhui-chizhou,ceic_city_debt_2018_2025.csv,text/plain,2026-08-01,unclassified,0,0,0,,,,registered_no_selected_value,商业聚合数据库公开页面；2018—2024 年值来自页面 SVG 图表，2025 年值来自页面元数据。仅作补缺线索和 provisional 暂存，必须回到财政厅、人大预算/决算或官方统计公报复核，不作为最终 A/B/C 级证据。
SRC-SECONDARY-CEIC-CN-350100,CEIC Data,D,false,二手公开城市债务图表,https://www.ceicdata.com/zh-hans/china/local-government-debt-prefecture-level-city-outstanding/cn-local-government-debt-outstanding-fujian-fuzhou,https://www.ceicdata.com/zh-hans/china/local-government-debt-prefecture-level-city-outstanding/cn-local-government-debt-outstanding-fujian-fuzhou,ceic_city_debt_2018_2025.csv,text/plain,2026-08-01,unclassified,0,0,0,,,,registered_no_selected_value,商业聚合数据库公开页面；2018—2024 年值来自页面 SVG 图表，2025 年值来自页面元数据。仅作补缺线索和 provisional 暂存，必须回到财政厅、人大预算/决算或官方统计公报复核，不作为最终 A/B/C 级证据。
SRC-SECONDARY-CEIC-CN-360100,CEIC Data,D,false,二手公开城市债务图表,https://www.ceicdata.com/zh-hans/china/local-government-debt-prefecture-level-city-outstanding/cn-local-government-debt-outstanding-general-jiangxi-nanchang;https://www.ceicdata.com/zh-hans/china/local-government-debt-prefecture-level-city-outstanding/cn-local-government-debt-outstanding-special-jiangxi-nanchang,https://www.ceicdata.com/zh-hans/china/local-government-debt-prefecture-level-city-outstanding/cn-local-government-debt-outstanding-general-jiangxi-nanchang;https://www.ceicdata.com/zh-hans/china/local-government-debt-prefecture-level-city-outstanding/cn-local-government-debt-outstanding-special-jiangxi-nanchang,ceic_city_debt_2018_2025.csv,text/plain,2026-08-01,unclassified,0,0,0,,,,registered_no_selected_value,商业聚合数据库公开页面；2018—2024 年值来自页面 SVG 图表，2025 年值来自页面元数据。仅作补缺线索和 provisional 暂存，必须回到财政厅、人大预算/决算或官方统计公报复核，不作为最终 A/B/C 级证据。
SRC-SECONDARY-CEIC-CN-360200,CEIC Data,D,false,二手公开城市债务图表,https://www.ceicdata.com/zh-hans/china/local-government-debt-prefecture-level-city-outstanding/cn-local-government-debt-outstanding-jiangxi-jingdezhen,https://www.ceicdata.com/zh-hans/china/local-government-debt-prefecture-level-city-outstanding/cn-local-government-debt-outstanding-jiangxi-jingdezhen,ceic_city_debt_2018_2025.csv,text/plain,2026-08-01,unclassified,0,0,0,,,,registered_no_selected_value,商业聚合数据库公开页面；2018—2024 年值来自页面 SVG 图表，2025 年值来自页面元数据。仅作补缺线索和 provisional 暂存，必须回到财政厅、人大预算/决算或官方统计公报复核，不作为最终 A/B/C 级证据。
SRC-SECONDARY-CEIC-CN-360400,CEIC Data,D,false,二手公开城市债务图表,https://www.ceicdata.com/zh-hans/china/local-government-debt-prefecture-level-city-outstanding/cn-local-government-debt-outstanding-jiangxi-jiujiang,https://www.ceicdata.com/zh-hans/china/local-government-debt-prefecture-level-city-outstanding/cn-local-government-debt-outstanding-jiangxi-jiujiang,ceic_city_debt_2018_2025.csv,text/plain,2026-08-01,city_year,1,1,1,CN-360400,2018,statutory_debt_balance_100m,provisional_only,商业聚合数据库公开页面；2018—2024 年值来自页面 SVG 图表，2025 年值来自页面元数据。仅作补缺线索和 provisional 暂存，必须回到财政厅、人大预算/决算或官方统计公报复核，不作为最终 A/B/C 级证据。
SRC-SECONDARY-CEIC-CN-360500,CEIC Data,D,false,二手公开城市债务图表,https://www.ceicdata.com/zh-hans/china/local-government-debt-prefecture-level-city-outstanding/cn-local-government-debt-outstanding-jiangxi-xinyu,https://www.ceicdata.com/zh-hans/china/local-government-debt-prefecture-level-city-outstanding/cn-local-government-debt-outstanding-jiangxi-xinyu,ceic_city_debt_2018_2025.csv,text/plain,2026-08-01,city_year,1,2,2,CN-360500,2018;2025,statutory_debt_balance_100m,provisional_only,商业聚合数据库公开页面；2018—2024 年值来自页面 SVG 图表，2025 年值来自页面元数据。仅作补缺线索和 provisional 暂存，必须回到财政厅、人大预算/决算或官方统计公报复核，不作为最终 A/B/C 级证据。
SRC-SECONDARY-CEIC-CN-360700,CEIC Data,D,false,二手公开城市债务图表,https://www.ceicdata.com/zh-hans/china/local-government-debt-prefecture-level-city-outstanding/cn-local-government-debt-outstanding-jiangxi-ganzhou,https://www.ceicdata.com/zh-hans/china/local-government-debt-prefecture-level-city-outstanding/cn-local-government-debt-outstanding-jiangxi-ganzhou,ceic_city_debt_2018_2025.csv,text/plain,2026-08-01,unclassified,0,0,0,,,,registered_no_selected_value,商业聚合数据库公开页面；2018—2024 年值来自页面 SVG 图表，2025 年值来自页面元数据。仅作补缺线索和 provisional 暂存，必须回到财政厅、人大预算/决算或官方统计公报复核，不作为最终 A/B/C 级证据。
SRC-SECONDARY-CEIC-CN-360900,CEIC Data,D,false,二手公开城市债务图表,https://www.ceicdata.com/zh-hans/china/local-government-debt-prefecture-level-city-outstanding/cn-local-government-debt-outstanding-jiangxi-yichun,https://www.ceicdata.com/zh-hans/china/local-government-debt-prefecture-level-city-outstanding/cn-local-government-debt-outstanding-jiangxi-yichun,ceic_city_debt_2018_2025.csv,text/plain,2026-08-01,city_year,1,1,1,CN-360900,2025,statutory_debt_balance_100m,provisional_only,商业聚合数据库公开页面；2018—2024 年值来自页面 SVG 图表，2025 年值来自页面元数据。仅作补缺线索和 provisional 暂存，必须回到财政厅、人大预算/决算或官方统计公报复核，不作为最终 A/B/C 级证据。
SRC-SECONDARY-CEIC-CN-361000,CEIC Data,D,false,二手公开城市债务图表,https://www.ceicdata.com/zh-hans/china/local-government-debt-prefecture-level-city-outstanding/cn-local-government-debt-outstanding-jiangxi-fuzhou,https://www.ceicdata.com/zh-hans/china/local-government-debt-prefecture-level-city-outstanding/cn-local-government-debt-outstanding-jiangxi-fuzhou,ceic_city_debt_2018_2025.csv,text/plain,2026-08-01,unclassified,0,0,0,,,,registered_no_selected_value,商业聚合数据库公开页面；2018—2024 年值来自页面 SVG 图表，2025 年值来自页面元数据。仅作补缺线索和 provisional 暂存，必须回到财政厅、人大预算/决算或官方统计公报复核，不作为最终 A/B/C 级证据。
SRC-SECONDARY-CEIC-CN-361100,CEIC Data,D,false,二手公开城市债务图表,https://www.ceicdata.com/zh-hans/china/local-government-debt-prefecture-level-city-outstanding/cn-local-government-debt-outstanding-jiangxi-shangrao,https://www.ceicdata.com/zh-hans/china/local-government-debt-prefecture-level-city-outstanding/cn-local-government-debt-outstanding-jiangxi-shangrao,ceic_city_debt_2018_2025.csv,text/plain,2026-08-01,unclassified,0,0,0,,,,registered_no_selected_value,商业聚合数据库公开页面；2018—2024 年值来自页面 SVG 图表，2025 年值来自页面元数据。仅作补缺线索和 provisional 暂存，必须回到财政厅、人大预算/决算或官方统计公报复核，不作为最终 A/B/C 级证据。
SRC-SECONDARY-CEIC-CN-370100,CEIC Data,D,false,二手公开城市债务图表,https://www.ceicdata.com/zh-hans/china/local-government-debt-prefecture-level-city-outstanding/cn-local-government-debt-outstanding-shandong-jinan,https://www.ceicdata.com/zh-hans/china/local-government-debt-prefecture-level-city-outstanding/cn-local-government-debt-outstanding-shandong-jinan,ceic_city_debt_2018_2025.csv,text/plain,2026-08-01,unclassified,0,0,0,,,,registered_no_selected_value,商业聚合数据库公开页面；2018—2024 年值来自页面 SVG 图表，2025 年值来自页面元数据。仅作补缺线索和 provisional 暂存，必须回到财政厅、人大预算/决算或官方统计公报复核，不作为最终 A/B/C 级证据。
SRC-SECONDARY-CEIC-CN-370400,CEIC Data,D,false,二手公开城市债务图表,https://www.ceicdata.com/zh-hans/china/local-government-debt-prefecture-level-city-outstanding/cn-local-government-debt-outstanding-shandong-zaozhuang,https://www.ceicdata.com/zh-hans/china/local-government-debt-prefecture-level-city-outstanding/cn-local-government-debt-outstanding-shandong-zaozhuang,ceic_city_debt_2018_2025.csv,text/plain,2026-08-01,unclassified,0,0,0,,,,registered_no_selected_value,商业聚合数据库公开页面；2018—2024 年值来自页面 SVG 图表，2025 年值来自页面元数据。仅作补缺线索和 provisional 暂存，必须回到财政厅、人大预算/决算或官方统计公报复核，不作为最终 A/B/C 级证据。
SRC-SECONDARY-CEIC-CN-370500,CEIC Data,D,false,二手公开城市债务图表,https://www.ceicdata.com/zh-hans/china/local-government-debt-prefecture-level-city-outstanding/cn-local-government-debt-outstanding-shandong-dongying,https://www.ceicdata.com/zh-hans/china/local-government-debt-prefecture-level-city-outstanding/cn-local-government-debt-outstanding-shandong-dongying,ceic_city_debt_2018_2025.csv,text/plain,2026-08-01,unclassified,0,0,0,,,,registered_no_selected_value,商业聚合数据库公开页面；2018—2024 年值来自页面 SVG 图表，2025 年值来自页面元数据。仅作补缺线索和 provisional 暂存，必须回到财政厅、人大预算/决算或官方统计公报复核，不作为最终 A/B/C 级证据。
SRC-SECONDARY-CEIC-CN-370600,CEIC Data,D,false,二手公开城市债务图表,https://www.ceicdata.com/zh-hans/china/local-government-debt-prefecture-level-city-outstanding/cn-local-government-debt-outstanding-general-shandong-yantai;https://www.ceicdata.com/zh-hans/china/local-government-debt-prefecture-level-city-outstanding/cn-local-government-debt-outstanding-special-shandong-yantai,https://www.ceicdata.com/zh-hans/china/local-government-debt-prefecture-level-city-outstanding/cn-local-government-debt-outstanding-general-shandong-yantai;https://www.ceicdata.com/zh-hans/china/local-government-debt-prefecture-level-city-outstanding/cn-local-government-debt-outstanding-special-shandong-yantai,ceic_city_debt_2018_2025.csv,text/plain,2026-08-01,unclassified,0,0,0,,,,registered_no_selected_value,商业聚合数据库公开页面；2018—2024 年值来自页面 SVG 图表，2025 年值来自页面元数据。仅作补缺线索和 provisional 暂存，必须回到财政厅、人大预算/决算或官方统计公报复核，不作为最终 A/B/C 级证据。
SRC-SECONDARY-CEIC-CN-370700,CEIC Data,D,false,二手公开城市债务图表,https://www.ceicdata.com/zh-hans/china/local-government-debt-prefecture-level-city-outstanding/cn-local-government-debt-outstanding-general-shandong-weifang;https://www.ceicdata.com/zh-hans/china/local-government-debt-prefecture-level-city-outstanding/cn-local-government-debt-outstanding-special-shandong-weifang,https://www.ceicdata.com/zh-hans/china/local-government-debt-prefecture-level-city-outstanding/cn-local-government-debt-outstanding-general-shandong-weifang;https://www.ceicdata.com/zh-hans/china/local-government-debt-prefecture-level-city-outstanding/cn-local-government-debt-outstanding-special-shandong-weifang,ceic_city_debt_2018_2025.csv,text/plain,2026-08-01,unclassified,0,0,0,,,,registered_no_selected_value,商业聚合数据库公开页面；2018—2024 年值来自页面 SVG 图表，2025 年值来自页面元数据。仅作补缺线索和 provisional 暂存，必须回到财政厅、人大预算/决算或官方统计公报复核，不作为最终 A/B/C 级证据。
SRC-SECONDARY-CEIC-CN-370800,CEIC Data,D,false,二手公开城市债务图表,https://www.ceicdata.com/zh-hans/china/local-government-debt-prefecture-level-city-outstanding/cn-local-government-debt-outstanding-shandong-jining,https://www.ceicdata.com/zh-hans/china/local-government-debt-prefecture-level-city-outstanding/cn-local-government-debt-outstanding-shandong-jining,ceic_city_debt_2018_2025.csv,text/plain,2026-08-01,unclassified,0,0,0,,,,registered_no_selected_value,商业聚合数据库公开页面；2018—2024 年值来自页面 SVG 图表，2025 年值来自页面元数据。仅作补缺线索和 provisional 暂存，必须回到财政厅、人大预算/决算或官方统计公报复核，不作为最终 A/B/C 级证据。
SRC-SECONDARY-CEIC-CN-371000,CEIC Data,D,false,二手公开城市债务图表,https://www.ceicdata.com/zh-hans/china/local-government-debt-prefecture-level-city-outstanding/cn-local-government-debt-outstanding-shandong-weihai,https://www.ceicdata.com/zh-hans/china/local-government-debt-prefecture-level-city-outstanding/cn-local-government-debt-outstanding-shandong-weihai,ceic_city_debt_2018_2025.csv,text/plain,2026-08-01,unclassified,0,0,0,,,,registered_no_selected_value,商业聚合数据库公开页面；2018—2024 年值来自页面 SVG 图表，2025 年值来自页面元数据。仅作补缺线索和 provisional 暂存，必须回到财政厅、人大预算/决算或官方统计公报复核，不作为最终 A/B/C 级证据。
SRC-SECONDARY-CEIC-CN-371100,CEIC Data,D,false,二手公开城市债务图表,https://www.ceicdata.com/zh-hans/china/local-government-debt-prefecture-level-city-outstanding/cn-local-government-debt-outstanding-shandong-rizhao,https://www.ceicdata.com/zh-hans/china/local-government-debt-prefecture-level-city-outstanding/cn-local-government-debt-outstanding-shandong-rizhao,ceic_city_debt_2018_2025.csv,text/plain,2026-08-01,unclassified,0,0,0,,,,registered_no_selected_value,商业聚合数据库公开页面；2018—2024 年值来自页面 SVG 图表，2025 年值来自页面元数据。仅作补缺线索和 provisional 暂存，必须回到财政厅、人大预算/决算或官方统计公报复核，不作为最终 A/B/C 级证据。
SRC-SECONDARY-CEIC-CN-371300,CEIC Data,D,false,二手公开城市债务图表,https://www.ceicdata.com/zh-hans/china/local-government-debt-prefecture-level-city-outstanding/cn-local-government-debt-outstanding-general-shandong-linyi;https://www.ceicdata.com/zh-hans/china/local-government-debt-prefecture-level-city-outstanding/cn-local-government-debt-outstanding-special-shandong-linyi,https://www.ceicdata.com/zh-hans/china/local-government-debt-prefecture-level-city-outstanding/cn-local-government-debt-outstanding-general-shandong-linyi;https://www.ceicdata.com/zh-hans/china/local-government-debt-prefecture-level-city-outstanding/cn-local-government-debt-outstanding-special-shandong-linyi,ceic_city_debt_2018_2025.csv,text/plain,2026-08-01,unclassified,0,0,0,,,,registered_no_selected_value,商业聚合数据库公开页面；2018—2024 年值来自页面 SVG 图表，2025 年值来自页面元数据。仅作补缺线索和 provisional 暂存，必须回到财政厅、人大预算/决算或官方统计公报复核，不作为最终 A/B/C 级证据。
SRC-SECONDARY-CEIC-CN-371400,CEIC Data,D,false,二手公开城市债务图表,https://www.ceicdata.com/zh-hans/china/local-government-debt-prefecture-level-city-outstanding/cn-local-government-debt-outstanding-general-shandong-dezhou;https://www.ceicdata.com/zh-hans/china/local-government-debt-prefecture-level-city-outstanding/cn-local-government-debt-outstanding-special-shandong-dezhou,https://www.ceicdata.com/zh-hans/china/local-government-debt-prefecture-level-city-outstanding/cn-local-government-debt-outstanding-general-shandong-dezhou;https://www.ceicdata.com/zh-hans/china/local-government-debt-prefecture-level-city-outstanding/cn-local-government-debt-outstanding-special-shandong-dezhou,ceic_city_debt_2018_2025.csv,text/plain,2026-08-01,unclassified,0,0,0,,,,registered_no_selected_value,商业聚合数据库公开页面；2018—2024 年值来自页面 SVG 图表，2025 年值来自页面元数据。仅作补缺线索和 provisional 暂存，必须回到财政厅、人大预算/决算或官方统计公报复核，不作为最终 A/B/C 级证据。
SRC-SECONDARY-CEIC-CN-371500,CEIC Data,D,false,二手公开城市债务图表,https://www.ceicdata.com/zh-hans/china/local-government-debt-prefecture-level-city-outstanding/cn-local-government-debt-outstanding-general-shandong-liaocheng;https://www.ceicdata.com/zh-hans/china/local-government-debt-prefecture-level-city-outstanding/cn-local-government-debt-outstanding-special-shandong-liaocheng,https://www.ceicdata.com/zh-hans/china/local-government-debt-prefecture-level-city-outstanding/cn-local-government-debt-outstanding-general-shandong-liaocheng;https://www.ceicdata.com/zh-hans/china/local-government-debt-prefecture-level-city-outstanding/cn-local-government-debt-outstanding-special-shandong-liaocheng,ceic_city_debt_2018_2025.csv,text/plain,2026-08-01,unclassified,0,0,0,,,,registered_no_selected_value,商业聚合数据库公开页面；2018—2024 年值来自页面 SVG 图表，2025 年值来自页面元数据。仅作补缺线索和 provisional 暂存，必须回到财政厅、人大预算/决算或官方统计公报复核，不作为最终 A/B/C 级证据。
SRC-SECONDARY-CEIC-CN-371700,CEIC Data,D,false,二手公开城市债务图表,https://www.ceicdata.com/zh-hans/china/local-government-debt-prefecture-level-city-outstanding/cn-local-government-debt-outstanding-shandong-heze,https://www.ceicdata.com/zh-hans/china/local-government-debt-prefecture-level-city-outstanding/cn-local-government-debt-outstanding-shandong-heze,ceic_city_debt_2018_2025.csv,text/plain,2026-08-01,unclassified,0,0,0,,,,registered_no_selected_value,商业聚合数据库公开页面；2018—2024 年值来自页面 SVG 图表，2025 年值来自页面元数据。仅作补缺线索和 provisional 暂存，必须回到财政厅、人大预算/决算或官方统计公报复核，不作为最终 A/B/C 级证据。
SRC-SECONDARY-CEIC-CN-410100,CEIC Data,D,false,二手公开城市债务图表,https://www.ceicdata.com/zh-hans/china/local-government-debt-prefecture-level-city-outstanding/cn-local-government-debt-outstanding-henan-zhengzhou,https://www.ceicdata.com/zh-hans/china/local-government-debt-prefecture-level-city-outstanding/cn-local-government-debt-outstanding-henan-zhengzhou,ceic_city_debt_2018_2025.csv,text/plain,2026-08-01,unclassified,0,0,0,,,,registered_no_selected_value,商业聚合数据库公开页面；2018—2024 年值来自页面 SVG 图表，2025 年值来自页面元数据。仅作补缺线索和 provisional 暂存，必须回到财政厅、人大预算/决算或官方统计公报复核，不作为最终 A/B/C 级证据。
SRC-SECONDARY-CEIC-CN-420100,CEIC Data,D,false,二手公开城市债务图表,https://www.ceicdata.com/zh-hans/china/local-government-debt-prefecture-level-city-outstanding/cn-local-government-debt-outstanding-hubei-wuhan,https://www.ceicdata.com/zh-hans/china/local-government-debt-prefecture-level-city-outstanding/cn-local-government-debt-outstanding-hubei-wuhan,ceic_city_debt_2018_2025.csv,text/plain,2026-08-01,unclassified,0,0,0,,,,registered_no_selected_value,商业聚合数据库公开页面；2018—2024 年值来自页面 SVG 图表，2025 年值来自页面元数据。仅作补缺线索和 provisional 暂存，必须回到财政厅、人大预算/决算或官方统计公报复核，不作为最终 A/B/C 级证据。
SRC-SECONDARY-CEIC-CN-420200,CEIC Data,D,false,二手公开城市债务图表,https://www.ceicdata.com/zh-hans/china/local-government-debt-prefecture-level-city-outstanding/cn-local-government-debt-outstanding-hubei-huangshi,https://www.ceicdata.com/zh-hans/china/local-government-debt-prefecture-level-city-outstanding/cn-local-government-debt-outstanding-hubei-huangshi,ceic_city_debt_2018_2025.csv,text/plain,2026-08-01,unclassified,0,0,0,,,,registered_no_selected_value,商业聚合数据库公开页面；2018—2024 年值来自页面 SVG 图表，2025 年值来自页面元数据。仅作补缺线索和 provisional 暂存，必须回到财政厅、人大预算/决算或官方统计公报复核，不作为最终 A/B/C 级证据。
SRC-SECONDARY-CEIC-CN-420300,CEIC Data,D,false,二手公开城市债务图表,https://www.ceicdata.com/zh-hans/china/local-government-debt-prefecture-level-city-outstanding/cn-local-government-debt-outstanding-general-hubei-shiyan;https://www.ceicdata.com/zh-hans/china/local-government-debt-prefecture-level-city-outstanding/cn-local-government-debt-outstanding-special-hubei-shiyan,https://www.ceicdata.com/zh-hans/china/local-government-debt-prefecture-level-city-outstanding/cn-local-government-debt-outstanding-general-hubei-shiyan;https://www.ceicdata.com/zh-hans/china/local-government-debt-prefecture-level-city-outstanding/cn-local-government-debt-outstanding-special-hubei-shiyan,ceic_city_debt_2018_2025.csv,text/plain,2026-08-01,city_year,1,3,3,CN-420300,2019;2021;2022,statutory_debt_balance_100m,provisional_only,商业聚合数据库公开页面；2018—2024 年值来自页面 SVG 图表，2025 年值来自页面元数据。仅作补缺线索和 provisional 暂存，必须回到财政厅、人大预算/决算或官方统计公报复核，不作为最终 A/B/C 级证据。
SRC-SECONDARY-CEIC-CN-420500,CEIC Data,D,false,二手公开城市债务图表,https://www.ceicdata.com/zh-hans/china/local-government-debt-prefecture-level-city-outstanding/cn-local-government-debt-outstanding-general-hubei-yichang;https://www.ceicdata.com/zh-hans/china/local-government-debt-prefecture-level-city-outstanding/cn-local-government-debt-outstanding-special-hubei-yichang,https://www.ceicdata.com/zh-hans/china/local-government-debt-prefecture-level-city-outstanding/cn-local-government-debt-outstanding-general-hubei-yichang;https://www.ceicdata.com/zh-hans/china/local-government-debt-prefecture-level-city-outstanding/cn-local-government-debt-outstanding-special-hubei-yichang,ceic_city_debt_2018_2025.csv,text/plain,2026-08-01,unclassified,0,0,0,,,,registered_no_selected_value,商业聚合数据库公开页面；2018—2024 年值来自页面 SVG 图表，2025 年值来自页面元数据。仅作补缺线索和 provisional 暂存，必须回到财政厅、人大预算/决算或官方统计公报复核，不作为最终 A/B/C 级证据。
SRC-SECONDARY-CEIC-CN-420600,CEIC Data,D,false,二手公开城市债务图表,https://www.ceicdata.com/zh-hans/china/local-government-debt-prefecture-level-city-outstanding/cn-local-government-debt-outstanding-hubei-xiangyang,https://www.ceicdata.com/zh-hans/china/local-government-debt-prefecture-level-city-outstanding/cn-local-government-debt-outstanding-hubei-xiangyang,ceic_city_debt_2018_2025.csv,text/plain,2026-08-01,unclassified,0,0,0,,,,registered_no_selected_value,商业聚合数据库公开页面；2018—2024 年值来自页面 SVG 图表，2025 年值来自页面元数据。仅作补缺线索和 provisional 暂存，必须回到财政厅、人大预算/决算或官方统计公报复核，不作为最终 A/B/C 级证据。
SRC-SECONDARY-CEIC-CN-420700,CEIC Data,D,false,二手公开城市债务图表,https://www.ceicdata.com/zh-hans/china/local-government-debt-prefecture-level-city-outstanding/cn-local-government-debt-outstanding-hubei-ezhou,https://www.ceicdata.com/zh-hans/china/local-government-debt-prefecture-level-city-outstanding/cn-local-government-debt-outstanding-hubei-ezhou,ceic_city_debt_2018_2025.csv,text/plain,2026-08-01,unclassified,0,0,0,,,,registered_no_selected_value,商业聚合数据库公开页面；2018—2024 年值来自页面 SVG 图表，2025 年值来自页面元数据。仅作补缺线索和 provisional 暂存，必须回到财政厅、人大预算/决算或官方统计公报复核，不作为最终 A/B/C 级证据。
SRC-SECONDARY-CEIC-CN-420800,CEIC Data,D,false,二手公开城市债务图表,https://www.ceicdata.com/zh-hans/china/local-government-debt-prefecture-level-city-outstanding/cn-local-government-debt-outstanding-hubei-jingmen,https://www.ceicdata.com/zh-hans/china/local-government-debt-prefecture-level-city-outstanding/cn-local-government-debt-outstanding-hubei-jingmen,ceic_city_debt_2018_2025.csv,text/plain,2026-08-01,unclassified,0,0,0,,,,registered_no_selected_value,商业聚合数据库公开页面；2018—2024 年值来自页面 SVG 图表，2025 年值来自页面元数据。仅作补缺线索和 provisional 暂存，必须回到财政厅、人大预算/决算或官方统计公报复核，不作为最终 A/B/C 级证据。
SRC-SECONDARY-CEIC-CN-420900,CEIC Data,D,false,二手公开城市债务图表,https://www.ceicdata.com/zh-hans/china/local-government-debt-prefecture-level-city-outstanding/cn-local-government-debt-outstanding-hubei-xiaogan,https://www.ceicdata.com/zh-hans/china/local-government-debt-prefecture-level-city-outstanding/cn-local-government-debt-outstanding-hubei-xiaogan,ceic_city_debt_2018_2025.csv,text/plain,2026-08-01,city_year,1,4,4,CN-420900,2019;2021;2022;2025,statutory_debt_balance_100m,provisional_only,商业聚合数据库公开页面；2018—2024 年值来自页面 SVG 图表，2025 年值来自页面元数据。仅作补缺线索和 provisional 暂存，必须回到财政厅、人大预算/决算或官方统计公报复核，不作为最终 A/B/C 级证据。
SRC-SECONDARY-CEIC-CN-421000,CEIC Data,D,false,二手公开城市债务图表,https://www.ceicdata.com/zh-hans/china/local-government-debt-prefecture-level-city-outstanding/cn-local-government-debt-outstanding-general-hubei-jingzhou;https://www.ceicdata.com/zh-hans/china/local-government-debt-prefecture-level-city-outstanding/cn-local-government-debt-outstanding-special-hubei-jingzhou,https://www.ceicdata.com/zh-hans/china/local-government-debt-prefecture-level-city-outstanding/cn-local-government-debt-outstanding-general-hubei-jingzhou;https://www.ceicdata.com/zh-hans/china/local-government-debt-prefecture-level-city-outstanding/cn-local-government-debt-outstanding-special-hubei-jingzhou,ceic_city_debt_2018_2025.csv,text/plain,2026-08-01,city_year,1,3,3,CN-421000,2019;2021;2022,statutory_debt_balance_100m,provisional_only,商业聚合数据库公开页面；2018—2024 年值来自页面 SVG 图表，2025 年值来自页面元数据。仅作补缺线索和 provisional 暂存，必须回到财政厅、人大预算/决算或官方统计公报复核，不作为最终 A/B/C 级证据。
SRC-SECONDARY-CEIC-CN-421200,CEIC Data,D,false,二手公开城市债务图表,https://www.ceicdata.com/zh-hans/china/local-government-debt-prefecture-level-city-outstanding/cn-local-government-debt-outstanding-hubei-xianning,https://www.ceicdata.com/zh-hans/china/local-government-debt-prefecture-level-city-outstanding/cn-local-government-debt-outstanding-hubei-xianning,ceic_city_debt_2018_2025.csv,text/plain,2026-08-01,city_year,1,3,3,CN-421200,2019;2021;2022,statutory_debt_balance_100m,provisional_only,商业聚合数据库公开页面；2018—2024 年值来自页面 SVG 图表，2025 年值来自页面元数据。仅作补缺线索和 provisional 暂存，必须回到财政厅、人大预算/决算或官方统计公报复核，不作为最终 A/B/C 级证据。
SRC-SECONDARY-CEIC-CN-430100,CEIC Data,D,false,二手公开城市债务图表,https://www.ceicdata.com/zh-hans/china/local-government-debt-prefecture-level-city-outstanding/cn-local-government-debt-outstanding-hunan-changsha,https://www.ceicdata.com/zh-hans/china/local-government-debt-prefecture-level-city-outstanding/cn-local-government-debt-outstanding-hunan-changsha,ceic_city_debt_2018_2025.csv,text/plain,2026-08-01,unclassified,0,0,0,,,,registered_no_selected_value,商业聚合数据库公开页面；2018—2024 年值来自页面 SVG 图表，2025 年值来自页面元数据。仅作补缺线索和 provisional 暂存，必须回到财政厅、人大预算/决算或官方统计公报复核，不作为最终 A/B/C 级证据。
SRC-SECONDARY-CEIC-CN-430300,CEIC Data,D,false,二手公开城市债务图表,https://www.ceicdata.com/zh-hans/china/local-government-debt-prefecture-level-city-outstanding/cn-local-government-debt-outstanding-general-hunan-xiangtan;https://www.ceicdata.com/zh-hans/china/local-government-debt-prefecture-level-city-outstanding/cn-local-government-debt-outstanding-special-hunan-xiangtan,https://www.ceicdata.com/zh-hans/china/local-government-debt-prefecture-level-city-outstanding/cn-local-government-debt-outstanding-general-hunan-xiangtan;https://www.ceicdata.com/zh-hans/china/local-government-debt-prefecture-level-city-outstanding/cn-local-government-debt-outstanding-special-hunan-xiangtan,ceic_city_debt_2018_2025.csv,text/plain,2026-08-01,unclassified,0,0,0,,,,registered_no_selected_value,商业聚合数据库公开页面；2018—2024 年值来自页面 SVG 图表，2025 年值来自页面元数据。仅作补缺线索和 provisional 暂存，必须回到财政厅、人大预算/决算或官方统计公报复核，不作为最终 A/B/C 级证据。
SRC-SECONDARY-CEIC-CN-430400,CEIC Data,D,false,二手公开城市债务图表,https://www.ceicdata.com/zh-hans/china/local-government-debt-prefecture-level-city-outstanding/cn-local-government-debt-outstanding-hunan-hengyang,https://www.ceicdata.com/zh-hans/china/local-government-debt-prefecture-level-city-outstanding/cn-local-government-debt-outstanding-hunan-hengyang,ceic_city_debt_2018_2025.csv,text/plain,2026-08-01,unclassified,0,0,0,,,,registered_no_selected_value,商业聚合数据库公开页面；2018—2024 年值来自页面 SVG 图表，2025 年值来自页面元数据。仅作补缺线索和 provisional 暂存，必须回到财政厅、人大预算/决算或官方统计公报复核，不作为最终 A/B/C 级证据。
SRC-SECONDARY-CEIC-CN-430500,CEIC Data,D,false,二手公开城市债务图表,https://www.ceicdata.com/zh-hans/china/local-government-debt-prefecture-level-city-outstanding/cn-local-government-debt-outstanding-hunan-shaoyang,https://www.ceicdata.com/zh-hans/china/local-government-debt-prefecture-level-city-outstanding/cn-local-government-debt-outstanding-hunan-shaoyang,ceic_city_debt_2018_2025.csv,text/plain,2026-08-01,unclassified,0,0,0,,,,registered_no_selected_value,商业聚合数据库公开页面；2018—2024 年值来自页面 SVG 图表，2025 年值来自页面元数据。仅作补缺线索和 provisional 暂存，必须回到财政厅、人大预算/决算或官方统计公报复核，不作为最终 A/B/C 级证据。
SRC-SECONDARY-CEIC-CN-430600,CEIC Data,D,false,二手公开城市债务图表,https://www.ceicdata.com/zh-hans/china/local-government-debt-prefecture-level-city-outstanding/cn-local-government-debt-outstanding-general-hunan-yueyang;https://www.ceicdata.com/zh-hans/china/local-government-debt-prefecture-level-city-outstanding/cn-local-government-debt-outstanding-special-hunan-yueyang,https://www.ceicdata.com/zh-hans/china/local-government-debt-prefecture-level-city-outstanding/cn-local-government-debt-outstanding-general-hunan-yueyang;https://www.ceicdata.com/zh-hans/china/local-government-debt-prefecture-level-city-outstanding/cn-local-government-debt-outstanding-special-hunan-yueyang,ceic_city_debt_2018_2025.csv,text/plain,2026-08-01,unclassified,0,0,0,,,,registered_no_selected_value,商业聚合数据库公开页面；2018—2024 年值来自页面 SVG 图表，2025 年值来自页面元数据。仅作补缺线索和 provisional 暂存，必须回到财政厅、人大预算/决算或官方统计公报复核，不作为最终 A/B/C 级证据。
SRC-SECONDARY-CEIC-CN-430700,CEIC Data,D,false,二手公开城市债务图表,https://www.ceicdata.com/zh-hans/china/local-government-debt-prefecture-level-city-outstanding/cn-local-government-debt-outstanding-general-hunan-changde;https://www.ceicdata.com/zh-hans/china/local-government-debt-prefecture-level-city-outstanding/cn-local-government-debt-outstanding-special-hunan-changde,https://www.ceicdata.com/zh-hans/china/local-government-debt-prefecture-level-city-outstanding/cn-local-government-debt-outstanding-general-hunan-changde;https://www.ceicdata.com/zh-hans/china/local-government-debt-prefecture-level-city-outstanding/cn-local-government-debt-outstanding-special-hunan-changde,ceic_city_debt_2018_2025.csv,text/plain,2026-08-01,unclassified,0,0,0,,,,registered_no_selected_value,商业聚合数据库公开页面；2018—2024 年值来自页面 SVG 图表，2025 年值来自页面元数据。仅作补缺线索和 provisional 暂存，必须回到财政厅、人大预算/决算或官方统计公报复核，不作为最终 A/B/C 级证据。
SRC-SECONDARY-CEIC-CN-430900,CEIC Data,D,false,二手公开城市债务图表,https://www.ceicdata.com/zh-hans/china/local-government-debt-prefecture-level-city-outstanding/cn-local-government-debt-outstanding-hunan-yiyang,https://www.ceicdata.com/zh-hans/china/local-government-debt-prefecture-level-city-outstanding/cn-local-government-debt-outstanding-hunan-yiyang,ceic_city_debt_2018_2025.csv,text/plain,2026-08-01,unclassified,0,0,0,,,,registered_no_selected_value,商业聚合数据库公开页面；2018—2024 年值来自页面 SVG 图表，2025 年值来自页面元数据。仅作补缺线索和 provisional 暂存，必须回到财政厅、人大预算/决算或官方统计公报复核，不作为最终 A/B/C 级证据。
SRC-SECONDARY-CEIC-CN-431100,CEIC Data,D,false,二手公开城市债务图表,https://www.ceicdata.com/zh-hans/china/local-government-debt-prefecture-level-city-outstanding/cn-local-government-debt-outstanding-hunan-yongzhou,https://www.ceicdata.com/zh-hans/china/local-government-debt-prefecture-level-city-outstanding/cn-local-government-debt-outstanding-hunan-yongzhou,ceic_city_debt_2018_2025.csv,text/plain,2026-08-01,unclassified,0,0,0,,,,registered_no_selected_value,商业聚合数据库公开页面；2018—2024 年值来自页面 SVG 图表，2025 年值来自页面元数据。仅作补缺线索和 provisional 暂存，必须回到财政厅、人大预算/决算或官方统计公报复核，不作为最终 A/B/C 级证据。
SRC-SECONDARY-CEIC-CN-431200,CEIC Data,D,false,二手公开城市债务图表,https://www.ceicdata.com/zh-hans/china/local-government-debt-prefecture-level-city-outstanding/cn-local-government-debt-outstanding-hunan-huaihua,https://www.ceicdata.com/zh-hans/china/local-government-debt-prefecture-level-city-outstanding/cn-local-government-debt-outstanding-hunan-huaihua,ceic_city_debt_2018_2025.csv,text/plain,2026-08-01,unclassified,0,0,0,,,,registered_no_selected_value,商业聚合数据库公开页面；2018—2024 年值来自页面 SVG 图表，2025 年值来自页面元数据。仅作补缺线索和 provisional 暂存，必须回到财政厅、人大预算/决算或官方统计公报复核，不作为最终 A/B/C 级证据。
SRC-SECONDARY-CEIC-CN-431300,CEIC Data,D,false,二手公开城市债务图表,https://www.ceicdata.com/zh-hans/china/local-government-debt-prefecture-level-city-outstanding/cn-local-government-debt-outstanding-hunan-loudi,https://www.ceicdata.com/zh-hans/china/local-government-debt-prefecture-level-city-outstanding/cn-local-government-debt-outstanding-hunan-loudi,ceic_city_debt_2018_2025.csv,text/plain,2026-08-01,unclassified,0,0,0,,,,registered_no_selected_value,商业聚合数据库公开页面；2018—2024 年值来自页面 SVG 图表，2025 年值来自页面元数据。仅作补缺线索和 provisional 暂存，必须回到财政厅、人大预算/决算或官方统计公报复核，不作为最终 A/B/C 级证据。
SRC-SECONDARY-CEIC-CN-440100,CEIC Data,D,false,二手公开城市债务图表,https://www.ceicdata.com/zh-hans/china/local-government-debt-prefecture-level-city-outstanding/cn-local-government-debt-outstanding-general-guangdong-guangzhou;https://www.ceicdata.com/zh-hans/china/local-government-debt-prefecture-level-city-outstanding/cn-local-government-debt-outstanding-special-guangdong-guangzhou,https://www.ceicdata.com/zh-hans/china/local-government-debt-prefecture-level-city-outstanding/cn-local-government-debt-outstanding-general-guangdong-guangzhou;https://www.ceicdata.com/zh-hans/china/local-government-debt-prefecture-level-city-outstanding/cn-local-government-debt-outstanding-special-guangdong-guangzhou,ceic_city_debt_2018_2025.csv,text/plain,2026-08-01,unclassified,0,0,0,,,,registered_no_selected_value,商业聚合数据库公开页面；2018—2024 年值来自页面 SVG 图表，2025 年值来自页面元数据。仅作补缺线索和 provisional 暂存，必须回到财政厅、人大预算/决算或官方统计公报复核，不作为最终 A/B/C 级证据。
SRC-SECONDARY-CEIC-CN-440800,CEIC Data,D,false,二手公开城市债务图表,https://www.ceicdata.com/zh-hans/china/local-government-debt-prefecture-level-city-outstanding/cn-local-government-debt-outstanding-general-guangdong-zhanjiang;https://www.ceicdata.com/zh-hans/china/local-government-debt-prefecture-level-city-outstanding/cn-local-government-debt-outstanding-special-guangdong-zhanjiang,https://www.ceicdata.com/zh-hans/china/local-government-debt-prefecture-level-city-outstanding/cn-local-government-debt-outstanding-general-guangdong-zhanjiang;https://www.ceicdata.com/zh-hans/china/local-government-debt-prefecture-level-city-outstanding/cn-local-government-debt-outstanding-special-guangdong-zhanjiang,ceic_city_debt_2018_2025.csv,text/plain,2026-08-01,unclassified,0,0,0,,,,registered_no_selected_value,商业聚合数据库公开页面；2018—2024 年值来自页面 SVG 图表，2025 年值来自页面元数据。仅作补缺线索和 provisional 暂存，必须回到财政厅、人大预算/决算或官方统计公报复核，不作为最终 A/B/C 级证据。
SRC-SECONDARY-CEIC-CN-441200,CEIC Data,D,false,二手公开城市债务图表,https://www.ceicdata.com/zh-hans/china/local-government-debt-prefecture-level-city-outstanding/cn-local-government-debt-outstanding-guangdong-zhaoqing,https://www.ceicdata.com/zh-hans/china/local-government-debt-prefecture-level-city-outstanding/cn-local-government-debt-outstanding-guangdong-zhaoqing,ceic_city_debt_2018_2025.csv,text/plain,2026-08-01,unclassified,0,0,0,,,,registered_no_selected_value,商业聚合数据库公开页面；2018—2024 年值来自页面 SVG 图表，2025 年值来自页面元数据。仅作补缺线索和 provisional 暂存，必须回到财政厅、人大预算/决算或官方统计公报复核，不作为最终 A/B/C 级证据。
SRC-SECONDARY-CEIC-CN-441300,CEIC Data,D,false,二手公开城市债务图表,https://www.ceicdata.com/zh-hans/china/local-government-debt-prefecture-level-city-outstanding/cn-local-government-debt-outstanding-guangdong-huizhou,https://www.ceicdata.com/zh-hans/china/local-government-debt-prefecture-level-city-outstanding/cn-local-government-debt-outstanding-guangdong-huizhou,ceic_city_debt_2018_2025.csv,text/plain,2026-08-01,unclassified,0,0,0,,,,registered_no_selected_value,商业聚合数据库公开页面；2018—2024 年值来自页面 SVG 图表，2025 年值来自页面元数据。仅作补缺线索和 provisional 暂存，必须回到财政厅、人大预算/决算或官方统计公报复核，不作为最终 A/B/C 级证据。
SRC-SECONDARY-CEIC-CN-441500,CEIC Data,D,false,二手公开城市债务图表,https://www.ceicdata.com/zh-hans/china/local-government-debt-prefecture-level-city-outstanding/cn-local-government-debt-outstanding-general-guangdong-shanwei;https://www.ceicdata.com/zh-hans/china/local-government-debt-prefecture-level-city-outstanding/cn-local-government-debt-outstanding-special-guangdong-shanwei,https://www.ceicdata.com/zh-hans/china/local-government-debt-prefecture-level-city-outstanding/cn-local-government-debt-outstanding-general-guangdong-shanwei;https://www.ceicdata.com/zh-hans/china/local-government-debt-prefecture-level-city-outstanding/cn-local-government-debt-outstanding-special-guangdong-shanwei,ceic_city_debt_2018_2025.csv,text/plain,2026-08-01,unclassified,0,0,0,,,,registered_no_selected_value,商业聚合数据库公开页面；2018—2024 年值来自页面 SVG 图表，2025 年值来自页面元数据。仅作补缺线索和 provisional 暂存，必须回到财政厅、人大预算/决算或官方统计公报复核，不作为最终 A/B/C 级证据。
SRC-SECONDARY-CEIC-CN-441600,CEIC Data,D,false,二手公开城市债务图表,https://www.ceicdata.com/zh-hans/china/local-government-debt-prefecture-level-city-outstanding/cn-local-government-debt-outstanding-guangdong-heyuan,https://www.ceicdata.com/zh-hans/china/local-government-debt-prefecture-level-city-outstanding/cn-local-government-debt-outstanding-guangdong-heyuan,ceic_city_debt_2018_2025.csv,text/plain,2026-08-01,unclassified,0,0,0,,,,registered_no_selected_value,商业聚合数据库公开页面；2018—2024 年值来自页面 SVG 图表，2025 年值来自页面元数据。仅作补缺线索和 provisional 暂存，必须回到财政厅、人大预算/决算或官方统计公报复核，不作为最终 A/B/C 级证据。
SRC-SECONDARY-CEIC-CN-441900,CEIC Data,D,false,二手公开城市债务图表,https://www.ceicdata.com/zh-hans/china/local-government-debt-prefecture-level-city-outstanding/cn-local-government-debt-outstanding-general-guangdong-dongguan;https://www.ceicdata.com/zh-hans/china/local-government-debt-prefecture-level-city-outstanding/cn-local-government-debt-outstanding-special-guangdong-dongguan,https://www.ceicdata.com/zh-hans/china/local-government-debt-prefecture-level-city-outstanding/cn-local-government-debt-outstanding-general-guangdong-dongguan;https://www.ceicdata.com/zh-hans/china/local-government-debt-prefecture-level-city-outstanding/cn-local-government-debt-outstanding-special-guangdong-dongguan,ceic_city_debt_2018_2025.csv,text/plain,2026-08-01,unclassified,0,0,0,,,,registered_no_selected_value,商业聚合数据库公开页面；2018—2024 年值来自页面 SVG 图表，2025 年值来自页面元数据。仅作补缺线索和 provisional 暂存，必须回到财政厅、人大预算/决算或官方统计公报复核，不作为最终 A/B/C 级证据。
SRC-SECONDARY-CEIC-CN-442000,CEIC Data,D,false,二手公开城市债务图表,https://www.ceicdata.com/zh-hans/china/local-government-debt-prefecture-level-city-outstanding/cn-local-government-debt-outstanding-guangdong-zhongshan,https://www.ceicdata.com/zh-hans/china/local-government-debt-prefecture-level-city-outstanding/cn-local-government-debt-outstanding-guangdong-zhongshan,ceic_city_debt_2018_2025.csv,text/plain,2026-08-01,unclassified,0,0,0,,,,registered_no_selected_value,商业聚合数据库公开页面；2018—2024 年值来自页面 SVG 图表，2025 年值来自页面元数据。仅作补缺线索和 provisional 暂存，必须回到财政厅、人大预算/决算或官方统计公报复核，不作为最终 A/B/C 级证据。
SRC-SECONDARY-CEIC-CN-445200,CEIC Data,D,false,二手公开城市债务图表,https://www.ceicdata.com/zh-hans/china/local-government-debt-prefecture-level-city-outstanding/cn-local-government-debt-outstanding-guangdong-jieyang,https://www.ceicdata.com/zh-hans/china/local-government-debt-prefecture-level-city-outstanding/cn-local-government-debt-outstanding-guangdong-jieyang,ceic_city_debt_2018_2025.csv,text/plain,2026-08-01,unclassified,0,0,0,,,,registered_no_selected_value,商业聚合数据库公开页面；2018—2024 年值来自页面 SVG 图表，2025 年值来自页面元数据。仅作补缺线索和 provisional 暂存，必须回到财政厅、人大预算/决算或官方统计公报复核，不作为最终 A/B/C 级证据。
SRC-SECONDARY-CEIC-CN-450100,CEIC Data,D,false,二手公开城市债务图表,https://www.ceicdata.com/zh-hans/china/local-government-debt-prefecture-level-city-outstanding/cn-local-government-debt-outstanding-guangxi-nanning,https://www.ceicdata.com/zh-hans/china/local-government-debt-prefecture-level-city-outstanding/cn-local-government-debt-outstanding-guangxi-nanning,ceic_city_debt_2018_2025.csv,text/plain,2026-08-01,unclassified,0,0,0,,,,registered_no_selected_value,商业聚合数据库公开页面；2018—2024 年值来自页面 SVG 图表，2025 年值来自页面元数据。仅作补缺线索和 provisional 暂存，必须回到财政厅、人大预算/决算或官方统计公报复核，不作为最终 A/B/C 级证据。
SRC-SECONDARY-CEIC-CN-450200,CEIC Data,D,false,二手公开城市债务图表,https://www.ceicdata.com/zh-hans/china/local-government-debt-prefecture-level-city-outstanding/cn-local-government-debt-outstanding-guangxi-liuzhou,https://www.ceicdata.com/zh-hans/china/local-government-debt-prefecture-level-city-outstanding/cn-local-government-debt-outstanding-guangxi-liuzhou,ceic_city_debt_2018_2025.csv,text/plain,2026-08-01,unclassified,0,0,0,,,,registered_no_selected_value,商业聚合数据库公开页面；2018—2024 年值来自页面 SVG 图表，2025 年值来自页面元数据。仅作补缺线索和 provisional 暂存，必须回到财政厅、人大预算/决算或官方统计公报复核，不作为最终 A/B/C 级证据。
SRC-SECONDARY-CEIC-CN-450300,CEIC Data,D,false,二手公开城市债务图表,https://www.ceicdata.com/zh-hans/china/local-government-debt-prefecture-level-city-outstanding/cn-local-government-debt-outstanding-general-guangxi-guilin;https://www.ceicdata.com/zh-hans/china/local-government-debt-prefecture-level-city-outstanding/cn-local-government-debt-outstanding-special-guangxi-guilin,https://www.ceicdata.com/zh-hans/china/local-government-debt-prefecture-level-city-outstanding/cn-local-government-debt-outstanding-general-guangxi-guilin;https://www.ceicdata.com/zh-hans/china/local-government-debt-prefecture-level-city-outstanding/cn-local-government-debt-outstanding-special-guangxi-guilin,ceic_city_debt_2018_2025.csv,text/plain,2026-08-01,city_year,1,1,1,CN-450300,2025,statutory_debt_balance_100m,provisional_only,商业聚合数据库公开页面；2018—2024 年值来自页面 SVG 图表，2025 年值来自页面元数据。仅作补缺线索和 provisional 暂存，必须回到财政厅、人大预算/决算或官方统计公报复核，不作为最终 A/B/C 级证据。
SRC-SECONDARY-CEIC-CN-450400,CEIC Data,D,false,二手公开城市债务图表,https://www.ceicdata.com/zh-hans/china/local-government-debt-prefecture-level-city-outstanding/cn-local-government-debt-outstanding-guangxi-wuzhou,https://www.ceicdata.com/zh-hans/china/local-government-debt-prefecture-level-city-outstanding/cn-local-government-debt-outstanding-guangxi-wuzhou,ceic_city_debt_2018_2025.csv,text/plain,2026-08-01,city_year,1,1,1,CN-450400,2024,statutory_debt_balance_100m,provisional_only,商业聚合数据库公开页面；2018—2024 年值来自页面 SVG 图表，2025 年值来自页面元数据。仅作补缺线索和 provisional 暂存，必须回到财政厅、人大预算/决算或官方统计公报复核，不作为最终 A/B/C 级证据。
SRC-SECONDARY-CEIC-CN-450500,CEIC Data,D,false,二手公开城市债务图表,https://www.ceicdata.com/zh-hans/china/local-government-debt-prefecture-level-city-outstanding/cn-local-government-debt-outstanding-general-guangxi-beihai;https://www.ceicdata.com/zh-hans/china/local-government-debt-prefecture-level-city-outstanding/cn-local-government-debt-outstanding-special-guangxi-beihai,https://www.ceicdata.com/zh-hans/china/local-government-debt-prefecture-level-city-outstanding/cn-local-government-debt-outstanding-general-guangxi-beihai;https://www.ceicdata.com/zh-hans/china/local-government-debt-prefecture-level-city-outstanding/cn-local-government-debt-outstanding-special-guangxi-beihai,ceic_city_debt_2018_2025.csv,text/plain,2026-08-01,city_year,1,2,2,CN-450500,2024;2025,statutory_debt_balance_100m,provisional_only,商业聚合数据库公开页面；2018—2024 年值来自页面 SVG 图表，2025 年值来自页面元数据。仅作补缺线索和 provisional 暂存，必须回到财政厅、人大预算/决算或官方统计公报复核，不作为最终 A/B/C 级证据。
SRC-SECONDARY-CEIC-CN-450600,CEIC Data,D,false,二手公开城市债务图表,https://www.ceicdata.com/zh-hans/china/local-government-debt-prefecture-level-city-outstanding/cn-local-government-debt-outstanding-general-guangxi-fangchenggang;https://www.ceicdata.com/zh-hans/china/local-government-debt-prefecture-level-city-outstanding/cn-local-government-debt-outstanding-special-guangxi-fangchenggang,https://www.ceicdata.com/zh-hans/china/local-government-debt-prefecture-level-city-outstanding/cn-local-government-debt-outstanding-general-guangxi-fangchenggang;https://www.ceicdata.com/zh-hans/china/local-government-debt-prefecture-level-city-outstanding/cn-local-government-debt-outstanding-special-guangxi-fangchenggang,ceic_city_debt_2018_2025.csv,text/plain,2026-08-01,unclassified,0,0,0,,,,registered_no_selected_value,商业聚合数据库公开页面；2018—2024 年值来自页面 SVG 图表，2025 年值来自页面元数据。仅作补缺线索和 provisional 暂存，必须回到财政厅、人大预算/决算或官方统计公报复核，不作为最终 A/B/C 级证据。
SRC-SECONDARY-CEIC-CN-450700,CEIC Data,D,false,二手公开城市债务图表,https://www.ceicdata.com/zh-hans/china/local-government-debt-prefecture-level-city-outstanding/cn-local-government-debt-outstanding-guangxi-qinzhou,https://www.ceicdata.com/zh-hans/china/local-government-debt-prefecture-level-city-outstanding/cn-local-government-debt-outstanding-guangxi-qinzhou,ceic_city_debt_2018_2025.csv,text/plain,2026-08-01,unclassified,0,0,0,,,,registered_no_selected_value,商业聚合数据库公开页面；2018—2024 年值来自页面 SVG 图表，2025 年值来自页面元数据。仅作补缺线索和 provisional 暂存，必须回到财政厅、人大预算/决算或官方统计公报复核，不作为最终 A/B/C 级证据。
SRC-SECONDARY-CEIC-CN-450800,CEIC Data,D,false,二手公开城市债务图表,https://www.ceicdata.com/zh-hans/china/local-government-debt-prefecture-level-city-outstanding/cn-local-government-debt-outstanding-guangxi-guigang,https://www.ceicdata.com/zh-hans/china/local-government-debt-prefecture-level-city-outstanding/cn-local-government-debt-outstanding-guangxi-guigang,ceic_city_debt_2018_2025.csv,text/plain,2026-08-01,unclassified,0,0,0,,,,registered_no_selected_value,商业聚合数据库公开页面；2018—2024 年值来自页面 SVG 图表，2025 年值来自页面元数据。仅作补缺线索和 provisional 暂存，必须回到财政厅、人大预算/决算或官方统计公报复核，不作为最终 A/B/C 级证据。
SRC-SECONDARY-CEIC-CN-451000,CEIC Data,D,false,二手公开城市债务图表,https://www.ceicdata.com/zh-hans/china/local-government-debt-prefecture-level-city-outstanding/cn-local-government-debt-outstanding-guangxi-baise,https://www.ceicdata.com/zh-hans/china/local-government-debt-prefecture-level-city-outstanding/cn-local-government-debt-outstanding-guangxi-baise,ceic_city_debt_2018_2025.csv,text/plain,2026-08-01,unclassified,0,0,0,,,,registered_no_selected_value,商业聚合数据库公开页面；2018—2024 年值来自页面 SVG 图表，2025 年值来自页面元数据。仅作补缺线索和 provisional 暂存，必须回到财政厅、人大预算/决算或官方统计公报复核，不作为最终 A/B/C 级证据。
SRC-SECONDARY-CEIC-CN-451200,CEIC Data,D,false,二手公开城市债务图表,https://www.ceicdata.com/zh-hans/china/local-government-debt-prefecture-level-city-outstanding/cn-local-government-debt-outstanding-guangxi-hechi,https://www.ceicdata.com/zh-hans/china/local-government-debt-prefecture-level-city-outstanding/cn-local-government-debt-outstanding-guangxi-hechi,ceic_city_debt_2018_2025.csv,text/plain,2026-08-01,city_year,1,1,1,CN-451200,2025,statutory_debt_balance_100m,provisional_only,商业聚合数据库公开页面；2018—2024 年值来自页面 SVG 图表，2025 年值来自页面元数据。仅作补缺线索和 provisional 暂存，必须回到财政厅、人大预算/决算或官方统计公报复核，不作为最终 A/B/C 级证据。
SRC-SECONDARY-CEIC-CN-451400,CEIC Data,D,false,二手公开城市债务图表,https://www.ceicdata.com/zh-hans/china/local-government-debt-prefecture-level-city-outstanding/cn-local-government-debt-outstanding-guangxi-chongzuo,https://www.ceicdata.com/zh-hans/china/local-government-debt-prefecture-level-city-outstanding/cn-local-government-debt-outstanding-guangxi-chongzuo,ceic_city_debt_2018_2025.csv,text/plain,2026-08-01,unclassified,0,0,0,,,,registered_no_selected_value,商业聚合数据库公开页面；2018—2024 年值来自页面 SVG 图表，2025 年值来自页面元数据。仅作补缺线索和 provisional 暂存，必须回到财政厅、人大预算/决算或官方统计公报复核，不作为最终 A/B/C 级证据。
SRC-SECONDARY-CEIC-CN-460100,CEIC Data,D,false,二手公开城市债务图表,https://www.ceicdata.com/zh-hans/china/local-government-debt-prefecture-level-city-outstanding/cn-local-government-debt-outstanding-general-hainan-haikou;https://www.ceicdata.com/zh-hans/china/local-government-debt-prefecture-level-city-outstanding/cn-local-government-debt-outstanding-special-hainan-haikou,https://www.ceicdata.com/zh-hans/china/local-government-debt-prefecture-level-city-outstanding/cn-local-government-debt-outstanding-general-hainan-haikou;https://www.ceicdata.com/zh-hans/china/local-government-debt-prefecture-level-city-outstanding/cn-local-government-debt-outstanding-special-hainan-haikou,ceic_city_debt_2018_2025.csv,text/plain,2026-08-01,unclassified,0,0,0,,,,registered_no_selected_value,商业聚合数据库公开页面；2018—2024 年值来自页面 SVG 图表，2025 年值来自页面元数据。仅作补缺线索和 provisional 暂存，必须回到财政厅、人大预算/决算或官方统计公报复核，不作为最终 A/B/C 级证据。
SRC-SECONDARY-CEIC-CN-510100,CEIC Data,D,false,二手公开城市债务图表,https://www.ceicdata.com/zh-hans/china/local-government-debt-prefecture-level-city-outstanding/cn-local-government-debt-outstanding-sichuan-chengdu,https://www.ceicdata.com/zh-hans/china/local-government-debt-prefecture-level-city-outstanding/cn-local-government-debt-outstanding-sichuan-chengdu,ceic_city_debt_2018_2025.csv,text/plain,2026-08-01,unclassified,0,0,0,,,,registered_no_selected_value,商业聚合数据库公开页面；2018—2024 年值来自页面 SVG 图表，2025 年值来自页面元数据。仅作补缺线索和 provisional 暂存，必须回到财政厅、人大预算/决算或官方统计公报复核，不作为最终 A/B/C 级证据。
SRC-SECONDARY-CEIC-CN-510300,CEIC Data,D,false,二手公开城市债务图表,https://www.ceicdata.com/zh-hans/china/local-government-debt-prefecture-level-city-outstanding/cn-local-government-debt-outstanding-general-sichuan-zigong;https://www.ceicdata.com/zh-hans/china/local-government-debt-prefecture-level-city-outstanding/cn-local-government-debt-outstanding-special-sichuan-zigong,https://www.ceicdata.com/zh-hans/china/local-government-debt-prefecture-level-city-outstanding/cn-local-government-debt-outstanding-general-sichuan-zigong;https://www.ceicdata.com/zh-hans/china/local-government-debt-prefecture-level-city-outstanding/cn-local-government-debt-outstanding-special-sichuan-zigong,ceic_city_debt_2018_2025.csv,text/plain,2026-08-01,city_year,1,1,1,CN-510300,2018,statutory_debt_balance_100m,provisional_only,商业聚合数据库公开页面；2018—2024 年值来自页面 SVG 图表，2025 年值来自页面元数据。仅作补缺线索和 provisional 暂存，必须回到财政厅、人大预算/决算或官方统计公报复核，不作为最终 A/B/C 级证据。
SRC-SECONDARY-CEIC-CN-510500,CEIC Data,D,false,二手公开城市债务图表,https://www.ceicdata.com/zh-hans/china/local-government-debt-prefecture-level-city-outstanding/cn-local-government-debt-outstanding-sichuan-luzhou,https://www.ceicdata.com/zh-hans/china/local-government-debt-prefecture-level-city-outstanding/cn-local-government-debt-outstanding-sichuan-luzhou,ceic_city_debt_2018_2025.csv,text/plain,2026-08-01,city_year,1,1,1,CN-510500,2018,statutory_debt_balance_100m,provisional_only,商业聚合数据库公开页面；2018—2024 年值来自页面 SVG 图表，2025 年值来自页面元数据。仅作补缺线索和 provisional 暂存，必须回到财政厅、人大预算/决算或官方统计公报复核，不作为最终 A/B/C 级证据。
SRC-SECONDARY-CEIC-CN-510600,CEIC Data,D,false,二手公开城市债务图表,https://www.ceicdata.com/zh-hans/china/local-government-debt-prefecture-level-city-outstanding/cn-local-government-debt-outstanding-sichuan-deyang,https://www.ceicdata.com/zh-hans/china/local-government-debt-prefecture-level-city-outstanding/cn-local-government-debt-outstanding-sichuan-deyang,ceic_city_debt_2018_2025.csv,text/plain,2026-08-01,city_year,1,1,1,CN-510600,2018,statutory_debt_balance_100m,provisional_only,商业聚合数据库公开页面；2018—2024 年值来自页面 SVG 图表，2025 年值来自页面元数据。仅作补缺线索和 provisional 暂存，必须回到财政厅、人大预算/决算或官方统计公报复核，不作为最终 A/B/C 级证据。
SRC-SECONDARY-CEIC-CN-510700,CEIC Data,D,false,二手公开城市债务图表,https://www.ceicdata.com/zh-hans/china/local-government-debt-prefecture-level-city-outstanding/cn-local-government-debt-outstanding-sichuan-mianyang,https://www.ceicdata.com/zh-hans/china/local-government-debt-prefecture-level-city-outstanding/cn-local-government-debt-outstanding-sichuan-mianyang,ceic_city_debt_2018_2025.csv,text/plain,2026-08-01,city_year,1,1,1,CN-510700,2018,statutory_debt_balance_100m,provisional_only,商业聚合数据库公开页面；2018—2024 年值来自页面 SVG 图表，2025 年值来自页面元数据。仅作补缺线索和 provisional 暂存，必须回到财政厅、人大预算/决算或官方统计公报复核，不作为最终 A/B/C 级证据。
SRC-SECONDARY-CEIC-CN-510800,CEIC Data,D,false,二手公开城市债务图表,https://www.ceicdata.com/zh-hans/china/local-government-debt-prefecture-level-city-outstanding/cn-local-government-debt-outstanding-sichuan-guangyuan,https://www.ceicdata.com/zh-hans/china/local-government-debt-prefecture-level-city-outstanding/cn-local-government-debt-outstanding-sichuan-guangyuan,ceic_city_debt_2018_2025.csv,text/plain,2026-08-01,city_year,1,1,1,CN-510800,2018,statutory_debt_balance_100m,provisional_only,商业聚合数据库公开页面；2018—2024 年值来自页面 SVG 图表，2025 年值来自页面元数据。仅作补缺线索和 provisional 暂存，必须回到财政厅、人大预算/决算或官方统计公报复核，不作为最终 A/B/C 级证据。
SRC-SECONDARY-CEIC-CN-510900,CEIC Data,D,false,二手公开城市债务图表,https://www.ceicdata.com/zh-hans/china/local-government-debt-prefecture-level-city-outstanding/cn-local-government-debt-outstanding-sichuan-suining,https://www.ceicdata.com/zh-hans/china/local-government-debt-prefecture-level-city-outstanding/cn-local-government-debt-outstanding-sichuan-suining,ceic_city_debt_2018_2025.csv,text/plain,2026-08-01,city_year,1,1,1,CN-510900,2018,statutory_debt_balance_100m,provisional_only,商业聚合数据库公开页面；2018—2024 年值来自页面 SVG 图表，2025 年值来自页面元数据。仅作补缺线索和 provisional 暂存，必须回到财政厅、人大预算/决算或官方统计公报复核，不作为最终 A/B/C 级证据。
SRC-SECONDARY-CEIC-CN-511100,CEIC Data,D,false,二手公开城市债务图表,https://www.ceicdata.com/zh-hans/china/local-government-debt-prefecture-level-city-outstanding/cn-local-government-debt-outstanding-general-sichuan-leshan;https://www.ceicdata.com/zh-hans/china/local-government-debt-prefecture-level-city-outstanding/cn-local-government-debt-outstanding-special-sichuan-leshan,https://www.ceicdata.com/zh-hans/china/local-government-debt-prefecture-level-city-outstanding/cn-local-government-debt-outstanding-general-sichuan-leshan;https://www.ceicdata.com/zh-hans/china/local-government-debt-prefecture-level-city-outstanding/cn-local-government-debt-outstanding-special-sichuan-leshan,ceic_city_debt_2018_2025.csv,text/plain,2026-08-01,city_year,1,1,1,CN-511100,2018,statutory_debt_balance_100m,provisional_only,商业聚合数据库公开页面；2018—2024 年值来自页面 SVG 图表，2025 年值来自页面元数据。仅作补缺线索和 provisional 暂存，必须回到财政厅、人大预算/决算或官方统计公报复核，不作为最终 A/B/C 级证据。
SRC-SECONDARY-CEIC-CN-511300,CEIC Data,D,false,二手公开城市债务图表,https://www.ceicdata.com/zh-hans/china/local-government-debt-prefecture-level-city-outstanding/cn-local-government-debt-outstanding-general-sichuan-nanchong;https://www.ceicdata.com/zh-hans/china/local-government-debt-prefecture-level-city-outstanding/cn-local-government-debt-outstanding-special-sichuan-nanchong,https://www.ceicdata.com/zh-hans/china/local-government-debt-prefecture-level-city-outstanding/cn-local-government-debt-outstanding-general-sichuan-nanchong;https://www.ceicdata.com/zh-hans/china/local-government-debt-prefecture-level-city-outstanding/cn-local-government-debt-outstanding-special-sichuan-nanchong,ceic_city_debt_2018_2025.csv,text/plain,2026-08-01,city_year,1,1,1,CN-511300,2018,statutory_debt_balance_100m,provisional_only,商业聚合数据库公开页面；2018—2024 年值来自页面 SVG 图表，2025 年值来自页面元数据。仅作补缺线索和 provisional 暂存，必须回到财政厅、人大预算/决算或官方统计公报复核，不作为最终 A/B/C 级证据。
SRC-SECONDARY-CEIC-CN-511500,CEIC Data,D,false,二手公开城市债务图表,https://www.ceicdata.com/zh-hans/china/local-government-debt-prefecture-level-city-outstanding/cn-local-government-debt-outstanding-general-sichuan-yibin;https://www.ceicdata.com/zh-hans/china/local-government-debt-prefecture-level-city-outstanding/cn-local-government-debt-outstanding-special-sichuan-yibin,https://www.ceicdata.com/zh-hans/china/local-government-debt-prefecture-level-city-outstanding/cn-local-government-debt-outstanding-general-sichuan-yibin;https://www.ceicdata.com/zh-hans/china/local-government-debt-prefecture-level-city-outstanding/cn-local-government-debt-outstanding-special-sichuan-yibin,ceic_city_debt_2018_2025.csv,text/plain,2026-08-01,city_year,1,1,1,CN-511500,2018,statutory_debt_balance_100m,provisional_only,商业聚合数据库公开页面；2018—2024 年值来自页面 SVG 图表，2025 年值来自页面元数据。仅作补缺线索和 provisional 暂存，必须回到财政厅、人大预算/决算或官方统计公报复核，不作为最终 A/B/C 级证据。
SRC-SECONDARY-CEIC-CN-511600,CEIC Data,D,false,二手公开城市债务图表,https://www.ceicdata.com/zh-hans/china/local-government-debt-prefecture-level-city-outstanding/cn-local-government-debt-outstanding-sichuan-guangan,https://www.ceicdata.com/zh-hans/china/local-government-debt-prefecture-level-city-outstanding/cn-local-government-debt-outstanding-sichuan-guangan,ceic_city_debt_2018_2025.csv,text/plain,2026-08-01,city_year,1,1,1,CN-511600,2018,statutory_debt_balance_100m,provisional_only,商业聚合数据库公开页面；2018—2024 年值来自页面 SVG 图表，2025 年值来自页面元数据。仅作补缺线索和 provisional 暂存，必须回到财政厅、人大预算/决算或官方统计公报复核，不作为最终 A/B/C 级证据。
SRC-SECONDARY-CEIC-CN-511700,CEIC Data,D,false,二手公开城市债务图表,https://www.ceicdata.com/zh-hans/china/local-government-debt-prefecture-level-city-outstanding/cn-local-government-debt-outstanding-sichuan-dazhou,https://www.ceicdata.com/zh-hans/china/local-government-debt-prefecture-level-city-outstanding/cn-local-government-debt-outstanding-sichuan-dazhou,ceic_city_debt_2018_2025.csv,text/plain,2026-08-01,city_year,1,1,1,CN-511700,2018,statutory_debt_balance_100m,provisional_only,商业聚合数据库公开页面；2018—2024 年值来自页面 SVG 图表，2025 年值来自页面元数据。仅作补缺线索和 provisional 暂存，必须回到财政厅、人大预算/决算或官方统计公报复核，不作为最终 A/B/C 级证据。
SRC-SECONDARY-CEIC-CN-511800,CEIC Data,D,false,二手公开城市债务图表,https://www.ceicdata.com/zh-hans/china/local-government-debt-prefecture-level-city-outstanding/cn-local-government-debt-outstanding-sichuan-yaan,https://www.ceicdata.com/zh-hans/china/local-government-debt-prefecture-level-city-outstanding/cn-local-government-debt-outstanding-sichuan-yaan,ceic_city_debt_2018_2025.csv,text/plain,2026-08-01,city_year,1,1,1,CN-511800,2018,statutory_debt_balance_100m,provisional_only,商业聚合数据库公开页面；2018—2024 年值来自页面 SVG 图表，2025 年值来自页面元数据。仅作补缺线索和 provisional 暂存，必须回到财政厅、人大预算/决算或官方统计公报复核，不作为最终 A/B/C 级证据。
SRC-SECONDARY-CEIC-CN-511900,CEIC Data,D,false,二手公开城市债务图表,https://www.ceicdata.com/zh-hans/china/local-government-debt-prefecture-level-city-outstanding/cn-local-government-debt-outstanding-sichuan-bazhong,https://www.ceicdata.com/zh-hans/china/local-government-debt-prefecture-level-city-outstanding/cn-local-government-debt-outstanding-sichuan-bazhong,ceic_city_debt_2018_2025.csv,text/plain,2026-08-01,city_year,1,1,1,CN-511900,2018,statutory_debt_balance_100m,provisional_only,商业聚合数据库公开页面；2018—2024 年值来自页面 SVG 图表，2025 年值来自页面元数据。仅作补缺线索和 provisional 暂存，必须回到财政厅、人大预算/决算或官方统计公报复核，不作为最终 A/B/C 级证据。
SRC-SECONDARY-CEIC-CN-520100,CEIC Data,D,false,二手公开城市债务图表,https://www.ceicdata.com/zh-hans/china/local-government-debt-prefecture-level-city-outstanding/cn-local-government-debt-outstanding-guizhou-guiyang,https://www.ceicdata.com/zh-hans/china/local-government-debt-prefecture-level-city-outstanding/cn-local-government-debt-outstanding-guizhou-guiyang,ceic_city_debt_2018_2025.csv,text/plain,2026-08-01,unclassified,0,0,0,,,,registered_no_selected_value,商业聚合数据库公开页面；2018—2024 年值来自页面 SVG 图表，2025 年值来自页面元数据。仅作补缺线索和 provisional 暂存，必须回到财政厅、人大预算/决算或官方统计公报复核，不作为最终 A/B/C 级证据。
SRC-SECONDARY-CEIC-CN-520200,CEIC Data,D,false,二手公开城市债务图表,https://www.ceicdata.com/zh-hans/china/local-government-debt-prefecture-level-city-outstanding/cn-local-government-debt-outstanding-guizhou-liupanshui,https://www.ceicdata.com/zh-hans/china/local-government-debt-prefecture-level-city-outstanding/cn-local-government-debt-outstanding-guizhou-liupanshui,ceic_city_debt_2018_2025.csv,text/plain,2026-08-01,unclassified,0,0,0,,,,registered_no_selected_value,商业聚合数据库公开页面；2018—2024 年值来自页面 SVG 图表，2025 年值来自页面元数据。仅作补缺线索和 provisional 暂存，必须回到财政厅、人大预算/决算或官方统计公报复核，不作为最终 A/B/C 级证据。
SRC-SECONDARY-CEIC-CN-520400,CEIC Data,D,false,二手公开城市债务图表,https://www.ceicdata.com/zh-hans/china/local-government-debt-prefecture-level-city-outstanding/cn-local-government-debt-outstanding-guizhou-anshun,https://www.ceicdata.com/zh-hans/china/local-government-debt-prefecture-level-city-outstanding/cn-local-government-debt-outstanding-guizhou-anshun,ceic_city_debt_2018_2025.csv,text/plain,2026-08-01,unclassified,0,0,0,,,,registered_no_selected_value,商业聚合数据库公开页面；2018—2024 年值来自页面 SVG 图表，2025 年值来自页面元数据。仅作补缺线索和 provisional 暂存，必须回到财政厅、人大预算/决算或官方统计公报复核，不作为最终 A/B/C 级证据。
SRC-SECONDARY-CEIC-CN-520600,CEIC Data,D,false,二手公开城市债务图表,https://www.ceicdata.com/zh-hans/china/local-government-debt-prefecture-level-city-outstanding/cn-local-government-debt-outstanding-general-guizhou-tongren;https://www.ceicdata.com/zh-hans/china/local-government-debt-prefecture-level-city-outstanding/cn-local-government-debt-outstanding-special-guizhou-tongren,https://www.ceicdata.com/zh-hans/china/local-government-debt-prefecture-level-city-outstanding/cn-local-government-debt-outstanding-general-guizhou-tongren;https://www.ceicdata.com/zh-hans/china/local-government-debt-prefecture-level-city-outstanding/cn-local-government-debt-outstanding-special-guizhou-tongren,ceic_city_debt_2018_2025.csv,text/plain,2026-08-01,unclassified,0,0,0,,,,registered_no_selected_value,商业聚合数据库公开页面；2018—2024 年值来自页面 SVG 图表，2025 年值来自页面元数据。仅作补缺线索和 provisional 暂存，必须回到财政厅、人大预算/决算或官方统计公报复核，不作为最终 A/B/C 级证据。
SRC-SECONDARY-CEIC-CN-530300,CEIC Data,D,false,二手公开城市债务图表,https://www.ceicdata.com/zh-hans/china/local-government-debt-prefecture-level-city-outstanding/cn-local-government-debt-outstanding-yunnan-qujing,https://www.ceicdata.com/zh-hans/china/local-government-debt-prefecture-level-city-outstanding/cn-local-government-debt-outstanding-yunnan-qujing,ceic_city_debt_2018_2025.csv,text/plain,2026-08-01,city_year,1,5,5,CN-530300,2018;2019;2020;2021;2024,statutory_debt_balance_100m,provisional_only,商业聚合数据库公开页面；2018—2024 年值来自页面 SVG 图表，2025 年值来自页面元数据。仅作补缺线索和 provisional 暂存，必须回到财政厅、人大预算/决算或官方统计公报复核，不作为最终 A/B/C 级证据。
SRC-SECONDARY-CEIC-CN-530500,CEIC Data,D,false,二手公开城市债务图表,https://www.ceicdata.com/zh-hans/china/local-government-debt-prefecture-level-city-outstanding/cn-local-government-debt-outstanding-yunnan-baoshan,https://www.ceicdata.com/zh-hans/china/local-government-debt-prefecture-level-city-outstanding/cn-local-government-debt-outstanding-yunnan-baoshan,ceic_city_debt_2018_2025.csv,text/plain,2026-08-01,city_year,1,5,5,CN-530500,2018;2019;2020;2021;2022,statutory_debt_balance_100m,provisional_only,商业聚合数据库公开页面；2018—2024 年值来自页面 SVG 图表，2025 年值来自页面元数据。仅作补缺线索和 provisional 暂存，必须回到财政厅、人大预算/决算或官方统计公报复核，不作为最终 A/B/C 级证据。
SRC-SECONDARY-CEIC-CN-530600,CEIC Data,D,false,二手公开城市债务图表,https://www.ceicdata.com/zh-hans/china/local-government-debt-prefecture-level-city-outstanding/cn-local-government-debt-outstanding-yunnan-zhaotong,https://www.ceicdata.com/zh-hans/china/local-government-debt-prefecture-level-city-outstanding/cn-local-government-debt-outstanding-yunnan-zhaotong,ceic_city_debt_2018_2025.csv,text/plain,2026-08-01,city_year,1,7,7,CN-530600,2018;2019;2020;2021;2022;2024;2025,statutory_debt_balance_100m,provisional_only,商业聚合数据库公开页面；2018—2024 年值来自页面 SVG 图表，2025 年值来自页面元数据。仅作补缺线索和 provisional 暂存，必须回到财政厅、人大预算/决算或官方统计公报复核，不作为最终 A/B/C 级证据。
SRC-SECONDARY-CEIC-CN-530700,CEIC Data,D,false,二手公开城市债务图表,https://www.ceicdata.com/zh-hans/china/local-government-debt-prefecture-level-city-outstanding/cn-local-government-debt-outstanding-yunnan-lijiang,https://www.ceicdata.com/zh-hans/china/local-government-debt-prefecture-level-city-outstanding/cn-local-government-debt-outstanding-yunnan-lijiang,ceic_city_debt_2018_2025.csv,text/plain,2026-08-01,city_year,1,1,1,CN-530700,2025,statutory_debt_balance_100m,provisional_only,商业聚合数据库公开页面；2018—2024 年值来自页面 SVG 图表，2025 年值来自页面元数据。仅作补缺线索和 provisional 暂存，必须回到财政厅、人大预算/决算或官方统计公报复核，不作为最终 A/B/C 级证据。
SRC-SECONDARY-CEIC-CN-610200,CEIC Data,D,false,二手公开城市债务图表,https://www.ceicdata.com/zh-hans/china/local-government-debt-prefecture-level-city-outstanding/cn-local-government-debt-outstanding-general-shaanxi-tongchuan;https://www.ceicdata.com/zh-hans/china/local-government-debt-prefecture-level-city-outstanding/cn-local-government-debt-outstanding-special-shaanxi-tongchuan,https://www.ceicdata.com/zh-hans/china/local-government-debt-prefecture-level-city-outstanding/cn-local-government-debt-outstanding-general-shaanxi-tongchuan;https://www.ceicdata.com/zh-hans/china/local-government-debt-prefecture-level-city-outstanding/cn-local-government-debt-outstanding-special-shaanxi-tongchuan,ceic_city_debt_2018_2025.csv,text/plain,2026-08-01,city_year,1,4,4,CN-610200,2019;2020;2021;2022,statutory_debt_balance_100m,provisional_only,商业聚合数据库公开页面；2018—2024 年值来自页面 SVG 图表，2025 年值来自页面元数据。仅作补缺线索和 provisional 暂存，必须回到财政厅、人大预算/决算或官方统计公报复核，不作为最终 A/B/C 级证据。
SRC-SECONDARY-CEIC-CN-610500,CEIC Data,D,false,二手公开城市债务图表,https://www.ceicdata.com/zh-hans/china/local-government-debt-prefecture-level-city-outstanding/cn-local-government-debt-outstanding-general-shaanxi-weinan;https://www.ceicdata.com/zh-hans/china/local-government-debt-prefecture-level-city-outstanding/cn-local-government-debt-outstanding-special-shaanxi-weinan,https://www.ceicdata.com/zh-hans/china/local-government-debt-prefecture-level-city-outstanding/cn-local-government-debt-outstanding-general-shaanxi-weinan;https://www.ceicdata.com/zh-hans/china/local-government-debt-prefecture-level-city-outstanding/cn-local-government-debt-outstanding-special-shaanxi-weinan,ceic_city_debt_2018_2025.csv,text/plain,2026-08-01,unclassified,0,0,0,,,,registered_no_selected_value,商业聚合数据库公开页面；2018—2024 年值来自页面 SVG 图表，2025 年值来自页面元数据。仅作补缺线索和 provisional 暂存，必须回到财政厅、人大预算/决算或官方统计公报复核，不作为最终 A/B/C 级证据。
SRC-SECONDARY-CEIC-CN-610800,CEIC Data,D,false,二手公开城市债务图表,https://www.ceicdata.com/zh-hans/china/local-government-debt-prefecture-level-city-outstanding/cn-local-government-debt-outstanding-shaanxi-yulin,https://www.ceicdata.com/zh-hans/china/local-government-debt-prefecture-level-city-outstanding/cn-local-government-debt-outstanding-shaanxi-yulin,ceic_city_debt_2018_2025.csv,text/plain,2026-08-01,city_year,1,4,4,CN-610800,2019;2020;2021;2022,statutory_debt_balance_100m,provisional_only,商业聚合数据库公开页面；2018—2024 年值来自页面 SVG 图表，2025 年值来自页面元数据。仅作补缺线索和 provisional 暂存，必须回到财政厅、人大预算/决算或官方统计公报复核，不作为最终 A/B/C 级证据。
SRC-SECONDARY-CEIC-CN-610900,CEIC Data,D,false,二手公开城市债务图表,https://www.ceicdata.com/zh-hans/china/local-government-debt-prefecture-level-city-outstanding/cn-local-government-debt-outstanding-shaanxi-ankang,https://www.ceicdata.com/zh-hans/china/local-government-debt-prefecture-level-city-outstanding/cn-local-government-debt-outstanding-shaanxi-ankang,ceic_city_debt_2018_2025.csv,text/plain,2026-08-01,city_year,1,4,4,CN-610900,2019;2020;2021;2022,statutory_debt_balance_100m,provisional_only,商业聚合数据库公开页面；2018—2024 年值来自页面 SVG 图表，2025 年值来自页面元数据。仅作补缺线索和 provisional 暂存，必须回到财政厅、人大预算/决算或官方统计公报复核，不作为最终 A/B/C 级证据。
SRC-SECONDARY-CEIC-CN-611000,CEIC Data,D,false,二手公开城市债务图表,https://www.ceicdata.com/zh-hans/china/local-government-debt-prefecture-level-city-outstanding/cn-local-government-debt-outstanding-general-shaanxi-shangluo;https://www.ceicdata.com/zh-hans/china/local-government-debt-prefecture-level-city-outstanding/cn-local-government-debt-outstanding-special-shaanxi-shangluo,https://www.ceicdata.com/zh-hans/china/local-government-debt-prefecture-level-city-outstanding/cn-local-government-debt-outstanding-general-shaanxi-shangluo;https://www.ceicdata.com/zh-hans/china/local-government-debt-prefecture-level-city-outstanding/cn-local-government-debt-outstanding-special-shaanxi-shangluo,ceic_city_debt_2018_2025.csv,text/plain,2026-08-01,unclassified,0,0,0,,,,registered_no_selected_value,商业聚合数据库公开页面；2018—2024 年值来自页面 SVG 图表，2025 年值来自页面元数据。仅作补缺线索和 provisional 暂存，必须回到财政厅、人大预算/决算或官方统计公报复核，不作为最终 A/B/C 级证据。
SRC-SECONDARY-CEIC-CN-620100,CEIC Data,D,false,二手公开城市债务图表,https://www.ceicdata.com/zh-hans/china/local-government-debt-prefecture-level-city-outstanding/cn-local-government-debt-outstanding-gansu-lanzhou,https://www.ceicdata.com/zh-hans/china/local-government-debt-prefecture-level-city-outstanding/cn-local-government-debt-outstanding-gansu-lanzhou,ceic_city_debt_2018_2025.csv,text/plain,2026-08-01,city_year,1,6,6,CN-620100,2019;2020;2021;2023;2024;2025,statutory_debt_balance_100m,provisional_only,商业聚合数据库公开页面；2018—2024 年值来自页面 SVG 图表，2025 年值来自页面元数据。仅作补缺线索和 provisional 暂存，必须回到财政厅、人大预算/决算或官方统计公报复核，不作为最终 A/B/C 级证据。
SRC-SECONDARY-CEIC-CN-620200,CEIC Data,D,false,二手公开城市债务图表,https://www.ceicdata.com/zh-hans/china/local-government-debt-prefecture-level-city-outstanding/cn-local-government-debt-outstanding-general-gansu-jiayuguan;https://www.ceicdata.com/zh-hans/china/local-government-debt-prefecture-level-city-outstanding/cn-local-government-debt-outstanding-special-gansu-jiayuguan,https://www.ceicdata.com/zh-hans/china/local-government-debt-prefecture-level-city-outstanding/cn-local-government-debt-outstanding-general-gansu-jiayuguan;https://www.ceicdata.com/zh-hans/china/local-government-debt-prefecture-level-city-outstanding/cn-local-government-debt-outstanding-special-gansu-jiayuguan,ceic_city_debt_2018_2025.csv,text/plain,2026-08-01,city_year,1,3,3,CN-620200,2019;2020;2021,statutory_debt_balance_100m,provisional_only,商业聚合数据库公开页面；2018—2024 年值来自页面 SVG 图表，2025 年值来自页面元数据。仅作补缺线索和 provisional 暂存，必须回到财政厅、人大预算/决算或官方统计公报复核，不作为最终 A/B/C 级证据。
SRC-SECONDARY-CEIC-CN-620400,CEIC Data,D,false,二手公开城市债务图表,https://www.ceicdata.com/zh-hans/china/local-government-debt-prefecture-level-city-outstanding/cn-local-government-debt-outstanding-general-gansu-baiyin;https://www.ceicdata.com/zh-hans/china/local-government-debt-prefecture-level-city-outstanding/cn-local-government-debt-outstanding-special-gansu-baiyin,https://www.ceicdata.com/zh-hans/china/local-government-debt-prefecture-level-city-outstanding/cn-local-government-debt-outstanding-general-gansu-baiyin;https://www.ceicdata.com/zh-hans/china/local-government-debt-prefecture-level-city-outstanding/cn-local-government-debt-outstanding-special-gansu-baiyin,ceic_city_debt_2018_2025.csv,text/plain,2026-08-01,city_year,1,3,3,CN-620400,2019;2020;2021,statutory_debt_balance_100m,provisional_only,商业聚合数据库公开页面；2018—2024 年值来自页面 SVG 图表，2025 年值来自页面元数据。仅作补缺线索和 provisional 暂存，必须回到财政厅、人大预算/决算或官方统计公报复核，不作为最终 A/B/C 级证据。
SRC-SECONDARY-CEIC-CN-620600,CEIC Data,D,false,二手公开城市债务图表,https://www.ceicdata.com/zh-hans/china/local-government-debt-prefecture-level-city-outstanding/cn-local-government-debt-outstanding-gansu-wuwei,https://www.ceicdata.com/zh-hans/china/local-government-debt-prefecture-level-city-outstanding/cn-local-government-debt-outstanding-gansu-wuwei,ceic_city_debt_2018_2025.csv,text/plain,2026-08-01,city_year,1,3,3,CN-620600,2019;2020;2021,statutory_debt_balance_100m,provisional_only,商业聚合数据库公开页面；2018—2024 年值来自页面 SVG 图表，2025 年值来自页面元数据。仅作补缺线索和 provisional 暂存，必须回到财政厅、人大预算/决算或官方统计公报复核，不作为最终 A/B/C 级证据。
SRC-SECONDARY-CEIC-CN-620700,CEIC Data,D,false,二手公开城市债务图表,https://www.ceicdata.com/zh-hans/china/local-government-debt-prefecture-level-city-outstanding/cn-local-government-debt-outstanding-general-gansu-zhangye;https://www.ceicdata.com/zh-hans/china/local-government-debt-prefecture-level-city-outstanding/cn-local-government-debt-outstanding-special-gansu-zhangye,https://www.ceicdata.com/zh-hans/china/local-government-debt-prefecture-level-city-outstanding/cn-local-government-debt-outstanding-general-gansu-zhangye;https://www.ceicdata.com/zh-hans/china/local-government-debt-prefecture-level-city-outstanding/cn-local-government-debt-outstanding-special-gansu-zhangye,ceic_city_debt_2018_2025.csv,text/plain,2026-08-01,city_year,1,2,2,CN-620700,2019;2020,statutory_debt_balance_100m,provisional_only,商业聚合数据库公开页面；2018—2024 年值来自页面 SVG 图表，2025 年值来自页面元数据。仅作补缺线索和 provisional 暂存，必须回到财政厅、人大预算/决算或官方统计公报复核，不作为最终 A/B/C 级证据。
SRC-SECONDARY-CEIC-CN-621000,CEIC Data,D,false,二手公开城市债务图表,https://www.ceicdata.com/zh-hans/china/local-government-debt-prefecture-level-city-outstanding/cn-local-government-debt-outstanding-gansu-qingyang,https://www.ceicdata.com/zh-hans/china/local-government-debt-prefecture-level-city-outstanding/cn-local-government-debt-outstanding-gansu-qingyang,ceic_city_debt_2018_2025.csv,text/plain,2026-08-01,unclassified,0,0,0,,,,registered_no_selected_value,商业聚合数据库公开页面；2018—2024 年值来自页面 SVG 图表，2025 年值来自页面元数据。仅作补缺线索和 provisional 暂存，必须回到财政厅、人大预算/决算或官方统计公报复核，不作为最终 A/B/C 级证据。
SRC-SECONDARY-CEIC-CN-621100,CEIC Data,D,false,二手公开城市债务图表,https://www.ceicdata.com/zh-hans/china/local-government-debt-prefecture-level-city-outstanding/cn-local-government-debt-outstanding-gansu-dingxi,https://www.ceicdata.com/zh-hans/china/local-government-debt-prefecture-level-city-outstanding/cn-local-government-debt-outstanding-gansu-dingxi,ceic_city_debt_2018_2025.csv,text/plain,2026-08-01,city_year,1,3,3,CN-621100,2019;2020;2021,statutory_debt_balance_100m,provisional_only,商业聚合数据库公开页面；2018—2024 年值来自页面 SVG 图表，2025 年值来自页面元数据。仅作补缺线索和 provisional 暂存，必须回到财政厅、人大预算/决算或官方统计公报复核，不作为最终 A/B/C 级证据。
SRC-SECONDARY-CEIC-CN-621200,CEIC Data,D,false,二手公开城市债务图表,https://www.ceicdata.com/zh-hans/china/local-government-debt-prefecture-level-city-outstanding/cn-local-government-debt-outstanding-gansu-longnan,https://www.ceicdata.com/zh-hans/china/local-government-debt-prefecture-level-city-outstanding/cn-local-government-debt-outstanding-gansu-longnan,ceic_city_debt_2018_2025.csv,text/plain,2026-08-01,city_year,1,2,2,CN-621200,2019;2021,statutory_debt_balance_100m,provisional_only,商业聚合数据库公开页面；2018—2024 年值来自页面 SVG 图表，2025 年值来自页面元数据。仅作补缺线索和 provisional 暂存，必须回到财政厅、人大预算/决算或官方统计公报复核，不作为最终 A/B/C 级证据。
SRC-SECONDARY-CEIC-CN-630100,CEIC Data,D,false,二手公开城市债务图表,https://www.ceicdata.com/zh-hans/china/local-government-debt-prefecture-level-city-outstanding/cn-local-government-debt-outstanding-qinghai-xining,https://www.ceicdata.com/zh-hans/china/local-government-debt-prefecture-level-city-outstanding/cn-local-government-debt-outstanding-qinghai-xining,ceic_city_debt_2018_2025.csv,text/plain,2026-08-01,unclassified,0,0,0,,,,registered_no_selected_value,商业聚合数据库公开页面；2018—2024 年值来自页面 SVG 图表，2025 年值来自页面元数据。仅作补缺线索和 provisional 暂存，必须回到财政厅、人大预算/决算或官方统计公报复核，不作为最终 A/B/C 级证据。
SRC-SECONDARY-CEIC-CN-640100,CEIC Data,D,false,二手公开城市债务图表,https://www.ceicdata.com/zh-hans/china/local-government-debt-prefecture-level-city-outstanding/cn-local-government-debt-outstanding-ningxia-yinchuan,https://www.ceicdata.com/zh-hans/china/local-government-debt-prefecture-level-city-outstanding/cn-local-government-debt-outstanding-ningxia-yinchuan,ceic_city_debt_2018_2025.csv,text/plain,2026-08-01,unclassified,0,0,0,,,,registered_no_selected_value,商业聚合数据库公开页面；2018—2024 年值来自页面 SVG 图表，2025 年值来自页面元数据。仅作补缺线索和 provisional 暂存，必须回到财政厅、人大预算/决算或官方统计公报复核，不作为最终 A/B/C 级证据。
SRC-SECONDARY-CEIC-CN-640200,CEIC Data,D,false,二手公开城市债务图表,https://www.ceicdata.com/zh-hans/china/local-government-debt-prefecture-level-city-outstanding/cn-local-government-debt-outstanding-ningxia-shizuishan,https://www.ceicdata.com/zh-hans/china/local-government-debt-prefecture-level-city-outstanding/cn-local-government-debt-outstanding-ningxia-shizuishan,ceic_city_debt_2018_2025.csv,text/plain,2026-08-01,unclassified,0,0,0,,,,registered_no_selected_value,商业聚合数据库公开页面；2018—2024 年值来自页面 SVG 图表，2025 年值来自页面元数据。仅作补缺线索和 provisional 暂存，必须回到财政厅、人大预算/决算或官方统计公报复核，不作为最终 A/B/C 级证据。
SRC-SECONDARY-CEIC-CN-640300,CEIC Data,D,false,二手公开城市债务图表,https://www.ceicdata.com/zh-hans/china/local-government-debt-prefecture-level-city-outstanding/cn-local-government-debt-outstanding-ningxia-wuzhong,https://www.ceicdata.com/zh-hans/china/local-government-debt-prefecture-level-city-outstanding/cn-local-government-debt-outstanding-ningxia-wuzhong,ceic_city_debt_2018_2025.csv,text/plain,2026-08-01,unclassified,0,0,0,,,,registered_no_selected_value,商业聚合数据库公开页面；2018—2024 年值来自页面 SVG 图表，2025 年值来自页面元数据。仅作补缺线索和 provisional 暂存，必须回到财政厅、人大预算/决算或官方统计公报复核，不作为最终 A/B/C 级证据。
SRC-SECONDARY-CEIC-CN-640500,CEIC Data,D,false,二手公开城市债务图表,https://www.ceicdata.com/zh-hans/china/local-government-debt-prefecture-level-city-outstanding/cn-local-government-debt-outstanding-ningxia-zhongwei,https://www.ceicdata.com/zh-hans/china/local-government-debt-prefecture-level-city-outstanding/cn-local-government-debt-outstanding-ningxia-zhongwei,ceic_city_debt_2018_2025.csv,text/plain,2026-08-01,unclassified,0,0,0,,,,registered_no_selected_value,商业聚合数据库公开页面；2018—2024 年值来自页面 SVG 图表，2025 年值来自页面元数据。仅作补缺线索和 provisional 暂存，必须回到财政厅、人大预算/决算或官方统计公报复核，不作为最终 A/B/C 级证据。
SRC-SECONDARY-CEIC-CN-650100,CEIC Data,D,false,二手公开城市债务图表,https://www.ceicdata.com/zh-hans/china/local-government-debt-prefecture-level-city-outstanding/cn-local-government-debt-outstanding-xinjiang-urumqi,https://www.ceicdata.com/zh-hans/china/local-government-debt-prefecture-level-city-outstanding/cn-local-government-debt-outstanding-xinjiang-urumqi,ceic_city_debt_2018_2025.csv,text/plain,2026-08-01,unclassified,0,0,0,,,,registered_no_selected_value,商业聚合数据库公开页面；2018—2024 年值来自页面 SVG 图表，2025 年值来自页面元数据。仅作补缺线索和 provisional 暂存，必须回到财政厅、人大预算/决算或官方统计公报复核，不作为最终 A/B/C 级证据。
SRC-SECONDARY-CEIC-CN-650200,CEIC Data,D,false,二手公开城市债务图表,https://www.ceicdata.com/zh-hans/china/local-government-debt-prefecture-level-city-outstanding/cn-local-government-debt-outstanding-xinjiang-karamay,https://www.ceicdata.com/zh-hans/china/local-government-debt-prefecture-level-city-outstanding/cn-local-government-debt-outstanding-xinjiang-karamay,ceic_city_debt_2018_2025.csv,text/plain,2026-08-01,unclassified,0,0,0,,,,registered_no_selected_value,商业聚合数据库公开页面；2018—2024 年值来自页面 SVG 图表，2025 年值来自页面元数据。仅作补缺线索和 provisional 暂存，必须回到财政厅、人大预算/决算或官方统计公报复核，不作为最终 A/B/C 级证据。
SRC-SECONDARY-CEIC-CN-650400,CEIC Data,D,false,二手公开城市债务图表,https://www.ceicdata.com/zh-hans/china/local-government-debt-prefecture-level-city-outstanding/cn-local-government-debt-outstanding-xinjiang-turpan,https://www.ceicdata.com/zh-hans/china/local-government-debt-prefecture-level-city-outstanding/cn-local-government-debt-outstanding-xinjiang-turpan,ceic_city_debt_2018_2025.csv,text/plain,2026-08-01,unclassified,0,0,0,,,,registered_no_selected_value,商业聚合数据库公开页面；2018—2024 年值来自页面 SVG 图表，2025 年值来自页面元数据。仅作补缺线索和 provisional 暂存，必须回到财政厅、人大预算/决算或官方统计公报复核，不作为最终 A/B/C 级证据。
SRC-SECONDARY-CEIC-CN-650500,CEIC Data,D,false,二手公开城市债务图表,https://www.ceicdata.com/zh-hans/china/local-government-debt-prefecture-level-city-outstanding/cn-local-government-debt-outstanding-xinjiang-hami,https://www.ceicdata.com/zh-hans/china/local-government-debt-prefecture-level-city-outstanding/cn-local-government-debt-outstanding-xinjiang-hami,ceic_city_debt_2018_2025.csv,text/plain,2026-08-01,unclassified,0,0,0,,,,registered_no_selected_value,商业聚合数据库公开页面；2018—2024 年值来自页面 SVG 图表，2025 年值来自页面元数据。仅作补缺线索和 provisional 暂存，必须回到财政厅、人大预算/决算或官方统计公报复核，不作为最终 A/B/C 级证据。
SRC-EVIDENCE-MISSING-SANSHA-PUBLICATION-STATUS,海南省财政厅,A1,true,政府信息公开年度报告,https://mof.hainan.gov.cn/sczt/0204/202101/63544335246a433d82446428cc6e33d0.shtml?ddtab=true,,evidence_based_missing_2018_2025.md,text/markdown,2021-01-19,unclassified,0,0,0,,,,registered_no_selected_value,官方年报明确记载：2020年海南省预算公开中三沙市整体涉密不予公开；本来源仅作为公开渠道缺失的证据，不产生业务数值。
SRC-EVIDENCE-MISSING-NAQU-2019-AUDIT,西藏自治区审计厅,A1,true,审计公告,https://sjt.xizang.gov.cn/xwzx/gsgg/202104/t20210401_198078.html,,evidence_based_missing_2018_2025.md,text/markdown,2021-04-01,unclassified,0,0,0,,,,registered_no_selected_value,官方公告披露2019年那曲市一般公共预算和政府性基金预算，但未披露全市法定债务余额；本来源仅作为已检索证据。
SRC-EVIDENCE-MISSING-NAQU-2019-BUDGET,西藏自治区人民政府,A1,true,预算执行报告,https://www.xizang.gov.cn/zwgk/zdxxlygk/czyjsgk/202001/t20200126_131048.html,,evidence_based_missing_2018_2025.md,text/markdown,2020-01-26,unclassified,0,0,0,,,,registered_no_selected_value,官方报告披露2019年全区政府法定债务限额及余额，但未拆分到那曲市；本来源不用于反推地市数值。
SRC-EVIDENCE-MISSING-NAQU-2019-RATING,联合资信评估股份有限公司,B2,true,评级研究报告,https://www.lhratings.com/file/f292d56c60f.pdf,,evidence_based_missing_2018_2025.md,text/markdown,2023-05-10,unclassified,0,0,0,,,,registered_no_selected_value,报告图表注释明确指出未获取2019年那曲市政府债务余额；仅用于证明二手公开渠道也无该值，不转录图表估读。
SRC-EVIDENCE-MISSING-JIUQUAN-2025-BUDGET,酒泉市财政局,A1,true,市级预算公开,https://czj.jiuquan.gov.cn/czj/c105196/202501/f4f8551abf904585975f50c90289da84.shtml,,evidence_based_missing_2018_2025.md,text/markdown,2025-01-24,unclassified,0,0,0,,,,registered_no_selected_value,官方页面及附件含2025年市级债务预算说明，不等同于2025年末全市决算余额；本来源仅作为已检索证据。
SRC-EVIDENCE-MISSING-JIUQUAN-2025-EXECUTION,酒泉市财政局,A1,true,年度财政执行情况,https://czj.jiuquan.gov.cn/czj/c105207/202601/ccf1159a8e644b57ab2f69169fa0de75.shtml,,evidence_based_missing_2018_2025.md,text/markdown,2026-01-29,unclassified,0,0,0,,,,registered_no_selected_value,官方页面公开2025年度全市一般预算和政府性基金执行数据，未披露2025年末全市法定债务余额。
SRC-EVIDENCE-MISSING-JIUQUAN-2025-DEBT-BRIEF,酒泉市财政局,A1,true,债务简报,https://czj.jiuquan.gov.cn/czj/c105201/202511/242032e1d8f945c59c374522d856596b.shtml,,evidence_based_missing_2018_2025.md,text/markdown,2025-11-20,unclassified,0,0,0,,,,registered_no_selected_value,官方简报截至2025年10月，非年末决算；不将阶段性偿还数据换算为年末债务余额。
