city_id,admin_code_6,city_name_cn,province_code,province_name,prefecture_type,sample_tier,metric_year,period_end,geo_scope,data_status,gdp_current_100m,gdp_real_growth_pct,resident_population_10k,general_public_revenue_100m,general_public_expenditure_100m,gov_fund_revenue_100m,general_debt_limit_100m,general_debt_balance_100m,special_debt_limit_100m,special_debt_balance_100m,statutory_debt_limit_100m,statutory_debt_balance_100m,debt_limit_utilization_pct,statutory_debt_to_gdp_pct,statutory_debt_to_revenue_pct,statutory_debt_to_general_revenue_pct,fiscal_self_sufficiency_pct,fund_revenue_dependence_pct,gov_fund_to_general_revenue_pct,gov_fund_source_status,source_doc_id,source_grade,collection_status,lineage_complete_flag,note
CN-110000,110000,北京市,11,北京市,直辖市,separate,2018,2018-12-31,prefecture_whole,secondary_debt,30319.98,6.60,1368.00,5785.92,7467.52,,,2034.03,,2214.86,,4248.89,,14.01,73.43,73.43,77.48,,,未采集,SRC-CITY-PANEL-1990-2023;SRC-SECONDARY-DEBT-BEIJING-2018,B2,needs_review,true,已接入评级报告或其他二手公开来源的债务补缺值；不等同于官方决算数据，必须回到财政/人大预算决算或官方债务表复核。
CN-120000,120000,天津市,12,天津市,直辖市,separate,2018,2018-12-31,prefecture_whole,official_debt,18809.64,3.60,1066.00,2106.19,3104.53,,,1399.58,,2678.78,,4078.36,,21.68,193.64,193.64,67.84,,,未采集,SRC-CITY-PANEL-1990-2023;SRC-CELMA-DEBT-TIANJIN-2018,A2,extracted,true,已从省级财政厅官方地级行政单元债务明细表提取；经济财政字段与债务字段的来源状态分开记录。
CN-130100,130100,石家庄市,13,河北省,地级市,core,2018,2018-12-31,prefecture_whole,official_debt,6082.62,7.42,977.00,519.68,991.61,560.87,807.86,686.53,422.32,386.86,1230.18,1073.39,87.25,17.65,206.55,206.55,52.41,51.91,107.93,城市预算执行报告（全市口径，A1精确来源）,SRC-CITY-PANEL-1990-2023;SRC-OFFICIAL-DEBT-HEBEI-SHIJIAZHUANG-2018;SRC-A1-SHIJIAZHUANG-CITY-FUND-2018,A1,extracted,true,已从省级财政厅官方地级行政单元债务明细表提取；经济财政字段与债务字段的来源状态分开记录。；已接入2018年石家庄市全市政府性基金预算收入精确披露；来源等级为A1，保留执行状态，不改写为最终决算。
CN-130200,130200,唐山市,13,河北省,地级市,core,2018,2018-12-31,prefecture_whole,secondary_debt,6954.97,7.30,757.00,432.43,749.29,,,,,,,444.85,,6.40,102.87,102.87,57.71,,,未采集,SRC-CITY-PANEL-1990-2023;SRC-SECONDARY-EBS-HEBEI-2018,B2,needs_review,true,已接入评级报告或其他二手公开来源的债务补缺值；不等同于官方决算数据，必须回到财政/人大预算决算或官方债务表复核。
CN-130300,130300,秦皇岛市,13,河北省,地级市,core,2018,2018-12-31,prefecture_whole,secondary_debt,1635.56,6.60,299.00,133.43,291.25,,,,,,,237.32,,14.51,177.86,177.86,45.81,,,未采集,SRC-CITY-PANEL-1990-2023;SRC-SECONDARY-EBS-HEBEI-2018,B2,needs_review,true,已接入评级报告或其他二手公开来源的债务补缺值；不等同于官方决算数据，必须回到财政/人大预算决算或官方债务表复核。
CN-130400,130400,邯郸市,13,河北省,地级市,core,2018,2018-12-31,prefecture_whole,secondary_debt,3454.57,6.55,1054.00,243.40,626.00,,,,,,,277.41,,8.03,113.97,113.97,38.88,,,未采集,SRC-CITY-PANEL-1990-2023;SRC-SECONDARY-EBS-HEBEI-2018,B2,needs_review,true,已接入评级报告或其他二手公开来源的债务补缺值；不等同于官方决算数据，必须回到财政/人大预算决算或官方债务表复核。
CN-130500,130500,邢台市,13,河北省,地级市,core,2018,2018-12-31,prefecture_whole,secondary_debt,2150.76,7.00,793.00,149.00,494.84,,,,,,,389.67,,18.12,261.52,261.52,30.11,,,未采集,SRC-CITY-PANEL-1990-2023;SRC-SECONDARY-DEBT-HEBEI-XINGTAI-2018-RATING,B2,needs_review,true,已接入评级报告或其他二手公开来源的债务补缺值；不等同于官方决算数据，必须回到财政/人大预算决算或官方债务表复核。
CN-130600,130600,保定市,13,河北省,地级市,core,2018,2018-12-31,prefecture_whole,official_debt,3589.79,6.60,1204.00,286.36,1050.47,,,124.36,,272.48,,396.84,,11.05,138.58,138.58,27.26,,,未采集,SRC-CITY-PANEL-1990-2023;SRC-OFFICIAL-DEBT-HEBEI-BAODING-2018,A2,extracted,true,已从省级财政厅官方地级行政单元债务明细表提取；经济财政字段与债务字段的来源状态分开记录。
CN-130700,130700,张家口市,13,河北省,地级市,core,2018,2018-12-31,prefecture_whole,secondary_debt,1536.62,7.50,465.00,156.88,560.26,,,,,,,278.90,,18.15,177.78,177.78,28.00,,,未采集,SRC-CITY-PANEL-1990-2023;SRC-SECONDARY-DEBT-HEBEI-ZHANGJIAKOU-2018-RATING,B2,needs_review,true,已接入评级报告或其他二手公开来源的债务补缺值；不等同于官方决算数据，必须回到财政/人大预算决算或官方债务表复核。
CN-130800,130800,承德市,13,河北省,地级市,core,2018,2018-12-31,prefecture_whole,official_debt,1481.51,6.44,381.00,104.55,377.17,,,319.58,,181.45,,501.03,,33.82,479.23,479.23,27.72,,,未采集,SRC-CITY-PANEL-1990-2023;SRC-OFFICIAL-DEBT-HEBEI-CHENGDE-2018,A2,extracted,true,已从省级财政厅官方地级行政单元债务明细表提取；经济财政字段与债务字段的来源状态分开记录。
CN-130900,130900,沧州市,13,河北省,地级市,core,2018,2018-12-31,prefecture_whole,secondary_debt,3676.41,6.40,780.00,263.39,622.25,,,,,,,376.57,,10.24,142.97,142.97,42.33,,,未采集,SRC-CITY-PANEL-1990-2023;SRC-SECONDARY-EBS-HEBEI-2018,B2,needs_review,true,已接入评级报告或其他二手公开来源的债务补缺值；不等同于官方决算数据，必须回到财政/人大预算决算或官方债务表复核。
CN-131000,131000,廊坊市,13,河北省,地级市,core,2018,2018-12-31,prefecture_whole,secondary_debt,3108.22,6.50,477.00,362.03,620.35,,,,,,,278.95,,8.97,77.05,77.05,58.36,,,未采集,SRC-CITY-PANEL-1990-2023;SRC-SECONDARY-EBS-HEBEI-2018,B2,needs_review,true,已接入评级报告或其他二手公开来源的债务补缺值；不等同于官方决算数据，必须回到财政/人大预算决算或官方债务表复核。
CN-131100,131100,衡水市,13,河北省,地级市,core,2018,2018-12-31,prefecture_whole,official_debt,1558.69,6.90,455.00,114.99,359.21,,,93.42,,93.70,,187.12,,12.00,162.73,162.73,32.01,,,未采集,SRC-CITY-PANEL-1990-2023;SRC-OFFICIAL-DEBT-HEBEI-HENGSHUI-2018-FROM-2019-DECISION,A2,extracted,true,已从省级财政厅官方地级行政单元债务明细表提取；经济财政字段与债务字段的来源状态分开记录。
CN-140100,140100,太原市,14,山西省,地级市,core,2018,2018-12-31,prefecture_whole,secondary_debt,3884.48,9.20,373.00,373.23,542.46,,,,,,,464.82,,11.97,124.54,124.54,68.80,,,未采集,SRC-CITY-PANEL-1990-2023;SRC-SECONDARY-EBS-SHANXI-2018,B2,needs_review,true,已接入评级报告或其他二手公开来源的债务补缺值；不等同于官方决算数据，必须回到财政/人大预算决算或官方债务表复核。
CN-140200,140200,大同市,14,山西省,地级市,core,2018,2018-12-31,prefecture_whole,secondary_debt,1271.96,6.80,318.00,119.69,333.99,,,,,,,320.50,,25.20,267.78,267.78,35.84,,,未采集,SRC-CITY-PANEL-1990-2023;SRC-SECONDARY-EBS-SHANXI-2018,B2,needs_review,true,已接入评级报告或其他二手公开来源的债务补缺值；不等同于官方决算数据，必须回到财政/人大预算决算或官方债务表复核。
CN-140300,140300,阳泉市,14,山西省,地级市,core,2018,2018-12-31,prefecture_whole,secondary_debt,733.69,6.70,132.00,57.62,123.93,,,,,,,122.70,,16.72,212.95,212.95,46.49,,,未采集,SRC-CITY-PANEL-1990-2023;SRC-SECONDARY-EBS-SHANXI-2018,B2,needs_review,true,已接入评级报告或其他二手公开来源的债务补缺值；不等同于官方决算数据，必须回到财政/人大预算决算或官方债务表复核。
CN-140400,140400,长治市,14,山西省,地级市,core,2018,2018-12-31,prefecture_whole,secondary_debt,1645.63,7.40,339.00,150.67,323.73,,,,,,,157.55,,9.57,104.57,104.57,46.54,,,未采集,SRC-CITY-PANEL-1990-2023;SRC-SECONDARY-EBS-SHANXI-2018,B2,needs_review,true,已接入评级报告或其他二手公开来源的债务补缺值；不等同于官方决算数据，必须回到财政/人大预算决算或官方债务表复核。
CN-140500,140500,晋城市,14,山西省,地级市,core,2018,2018-12-31,prefecture_whole,secondary_debt,1351.85,7.40,221.00,125.30,228.46,,,61.16,,32.56,,93.72,,6.93,74.80,74.80,54.85,,,未采集,SRC-CITY-PANEL-1990-2023;SRC-SECONDARY-DEBT-SHANXI-JINCHENG-2018,B2,needs_review,true,已接入评级报告或其他二手公开来源的债务补缺值；不等同于官方决算数据，必须回到财政/人大预算决算或官方债务表复核。
CN-140600,140600,朔州市,14,山西省,地级市,core,2018,2018-12-31,prefecture_whole,secondary_debt,1065.63,2.70,163.00,90.40,173.88,,,,,,,107.95,,10.13,119.41,119.41,51.99,,,未采集,SRC-CITY-PANEL-1990-2023;SRC-SECONDARY-EBS-SHANXI-2018,B2,needs_review,true,已接入评级报告或其他二手公开来源的债务补缺值；不等同于官方决算数据，必须回到财政/人大预算决算或官方债务表复核。
CN-140700,140700,晋中市,14,山西省,地级市,core,2018,2018-12-31,prefecture_whole,secondary_debt,1447.60,7.09,333.00,150.81,322.64,,,,,,,304.40,,21.03,201.84,201.84,46.74,,,未采集,SRC-CITY-PANEL-1990-2023;SRC-SECONDARY-EBS-SHANXI-2018,B2,needs_review,true,已接入评级报告或其他二手公开来源的债务补缺值；不等同于官方决算数据，必须回到财政/人大预算决算或官方债务表复核。
CN-140800,140800,运城市,14,山西省,地级市,core,2018,2018-12-31,prefecture_whole,secondary_debt,1509.64,7.00,,80.74,337.87,,,,,,,151.16,,10.01,187.22,187.22,23.90,,,未采集,SRC-CITY-PANEL-1990-2023;SRC-SECONDARY-EBS-SHANXI-2018,B2,needs_review,true,已接入评级报告或其他二手公开来源的债务补缺值；不等同于官方决算数据，必须回到财政/人大预算决算或官方债务表复核。
CN-140900,140900,忻州市,14,山西省,地级市,core,2018,2018-12-31,prefecture_whole,secondary_debt,989.13,5.00,308.00,81.46,313.78,,,,,,,181.57,,18.36,222.89,222.89,25.96,,,未采集,SRC-CITY-PANEL-1990-2023;SRC-SECONDARY-EBS-SHANXI-2018,B2,needs_review,true,已接入评级报告或其他二手公开来源的债务补缺值；不等同于官方决算数据，必须回到财政/人大预算决算或官方债务表复核。
CN-141000,141000,临汾市,14,山西省,地级市,core,2018,2018-12-31,prefecture_whole,secondary_debt,1440.04,2.80,433.00,126.02,385.92,,,,,,,271.39,,18.85,215.35,215.35,32.65,,,未采集,SRC-CITY-PANEL-1990-2023;SRC-SECONDARY-EBS-SHANXI-2018,B2,needs_review,true,已接入评级报告或其他二手公开来源的债务补缺值；不等同于官方决算数据，必须回到财政/人大预算决算或官方债务表复核。
CN-141100,141100,吕梁市,14,山西省,地级市,core,2018,2018-12-31,prefecture_whole,secondary_debt,1420.32,5.20,388.00,174.80,409.85,22.21,,,,,,228.31,,16.07,130.61,130.61,42.65,11.27,12.71,城市预算执行报告（全市口径，A2精确来源）,SRC-CITY-PANEL-1990-2023;SRC-SECONDARY-EBS-SHANXI-2018;SRC-A2-LVLIANG-CITY-FUND-2018,A2,extracted,true,已接入评级报告或其他二手公开来源的债务补缺值；不等同于官方决算数据，必须回到财政/人大预算决算或官方债务表复核。；已接入2018年吕梁市全市政府性基金预算收入精确披露；来源等级为A2，保留执行状态，不改写为最终决算。
CN-150100,150100,呼和浩特市,15,内蒙古自治区,地级市,core,2018,2018-12-31,prefecture_whole,secondary_debt,2903.50,3.90,244.00,204.72,356.74,,,,,,,840.67,,28.95,410.64,410.64,57.39,,,未采集,SRC-CITY-PANEL-1990-2023;SRC-SECONDARY-CEIC-CN-150100,D,needs_review,true,已接入商业数据库公开城市债务页的 provisional 补缺值；经济财政字段与债务字段来源状态分开记录，必须回到官方预算/决算或统计公报复核。
CN-150200,150200,包头市,15,内蒙古自治区,地级市,core,2018,2018-12-31,prefecture_whole,secondary_debt,2951.79,6.80,224.00,142.75,364.52,,,,,,,860.89,,29.17,603.08,603.08,39.16,,,未采集,SRC-CITY-PANEL-1990-2023;SRC-SECONDARY-CEIC-CN-150200-COMPONENTS,D,needs_review,true,已接入商业数据库公开城市债务页的 provisional 补缺值；经济财政字段与债务字段来源状态分开记录，必须回到官方预算/决算或统计公报复核。
CN-150300,150300,乌海市,15,内蒙古自治区,地级市,core,2018,2018-12-31,prefecture_whole,secondary_debt,495.94,13.00,56.00,40.80,109.04,,,,,,,172.94,,34.87,423.87,423.87,37.42,,,未采集,SRC-CITY-PANEL-1990-2023;SRC-SECONDARY-CEIC-CN-150300,D,needs_review,true,已接入商业数据库公开城市债务页的 provisional 补缺值；经济财政字段与债务字段来源状态分开记录，必须回到官方预算/决算或统计公报复核。
CN-150400,150400,赤峰市,15,内蒙古自治区,地级市,core,2018,2018-12-31,prefecture_whole,secondary_debt,1549.84,6.01,459.00,108.24,510.22,,,,,,,336.94,,21.74,311.29,311.29,21.21,,,未采集,SRC-CITY-PANEL-1990-2023;SRC-SECONDARY-CEIC-CN-150400,D,needs_review,true,已接入商业数据库公开城市债务页的 provisional 补缺值；经济财政字段与债务字段来源状态分开记录，必须回到官方预算/决算或统计公报复核。
CN-150500,150500,通辽市,15,内蒙古自治区,地级市,core,2018,2018-12-31,prefecture_whole,official_debt_exception,1301.60,4.10,318.00,75.49,375.36,,347.00,348.00,62.51,53.37,409.51,401.37,98.01,30.84,531.69,531.69,20.11,,,未采集,SRC-CITY-PANEL-1990-2023;SRC-OFFICIAL-DEBT-INNER-MONGOLIA-TONGLIAO-2018,A2,needs_review,true,官方公开债务表原值已入表，但存在明确记录的限额/余额内部勾稽异常；内蒙古2018年官方决算表原值保留：通辽市一般债务余额347.9992亿元高于一般债务限额347亿元；该内部勾稽异常未按其他来源改写，待财政部门更正或解释。
CN-150600,150600,鄂尔多斯市,15,内蒙古自治区,地级市,core,2018,2018-12-31,prefecture_whole,official_debt,3763.21,5.00,162.00,433.46,586.48,,1432.88,1413.99,44.45,37.82,1477.33,1451.80,98.27,38.58,334.93,334.93,73.91,,,未采集,SRC-CITY-PANEL-1990-2023;SRC-OFFICIAL-DEBT-INNER-MONGOLIA-ORDOS-2018,A2,extracted,true,已从省级财政厅官方地级行政单元债务明细表提取；经济财政字段与债务字段的来源状态分开记录。
CN-150700,150700,呼伦贝尔市,15,内蒙古自治区,地级市,core,2018,2018-12-31,prefecture_whole,secondary_debt,1252.90,5.60,256.00,86.04,449.34,,,,,,,371.59,,29.66,431.88,431.88,19.15,,,未采集,SRC-CITY-PANEL-1990-2023;SRC-SECONDARY-CEIC-CN-150700,D,needs_review,true,已接入商业数据库公开城市债务页的 provisional 补缺值；经济财政字段与债务字段来源状态分开记录，必须回到官方预算/决算或统计公报复核。
CN-150800,150800,巴彦淖尔市,15,内蒙古自治区,地级市,core,2018,2018-12-31,prefecture_whole,official_debt_exception,813.13,5.30,174.00,55.54,266.71,,247.82,257.53,42.75,47.98,290.57,305.52,105.15,37.57,550.09,550.09,20.82,,,未采集,SRC-CITY-PANEL-1990-2023;SRC-OFFICIAL-DEBT-INNER-MONGOLIA-BAYANNUR-2018,A2,needs_review,true,官方公开债务表原值已入表，但存在明确记录的限额/余额内部勾稽异常；内蒙古2018年官方决算表原值保留：巴彦淖尔市一般、专项债务余额分别高于对应限额9.7132亿元、5.2335亿元；该内部勾稽异常未按其他来源改写，待财政部门更正或解释。
CN-150900,150900,乌兰察布市,15,内蒙古自治区,地级市,core,2018,2018-12-31,prefecture_whole,official_debt,764.52,5.50,272.00,46.20,349.81,,495.85,477.49,74.85,75.02,570.70,552.51,96.81,72.27,1195.91,1195.91,13.21,,,未采集,SRC-CITY-PANEL-1990-2023;SRC-OFFICIAL-DEBT-INNER-MONGOLIA-ULANQAB-2018,A2,extracted,true,已从省级财政厅官方地级行政单元债务明细表提取；经济财政字段与债务字段的来源状态分开记录。
CN-152200,152200,兴安盟,15,内蒙古自治区,盟,extended,2018,2018-12-31,prefecture_whole,official_debt_exception,,,,,,,188.57,189.89,32.37,30.42,220.94,220.32,99.72,,,,,,,未采集,SRC-OFFICIAL-DEBT-INNER-MONGOLIA-XINGAN-2018,A2,needs_review,true,官方公开债务表原值已入表，但存在明确记录的限额/余额内部勾稽异常；内蒙古2018年官方决算表原值保留：兴安盟一般债务余额189.8921亿元高于一般债务限额188.57亿元；该内部勾稽异常未按其他来源改写，待财政部门更正或解释。
CN-152500,152500,锡林郭勒盟,15,内蒙古自治区,盟,extended,2018,2018-12-31,prefecture_whole,official_debt_exception,,,,,,,339.92,323.62,13.37,13.62,353.29,337.24,95.46,,,,,,,未采集,SRC-OFFICIAL-DEBT-INNER-MONGOLIA-XILINGOL-2018,A2,needs_review,true,官方公开债务表原值已入表，但存在明确记录的限额/余额内部勾稽异常；内蒙古2018年官方全盟表原值保留：锡林郭勒盟专项债务余额13.6155000003亿元，高于同表专项债务限额13.37亿元约0.2455亿元；表内全盟总余额、一般/专项分项均有明确年末口径，未以其他来源改写，保留 needs_review 待财政部门解释。
CN-152900,152900,阿拉善盟,15,内蒙古自治区,盟,extended,2018,2018-12-31,prefecture_whole,official_debt,,,,,,,131.52,128.27,31.48,31.32,163.00,159.59,97.91,,,,,,,未采集,SRC-OFFICIAL-DEBT-INNER-MONGOLIA-ALXA-2018,A2,extracted,true,已从省级财政厅官方地级行政单元债务明细表提取；经济财政字段与债务字段的来源状态分开记录。
CN-210100,210100,沈阳市,21,辽宁省,地级市,core,2018,2018-12-31,prefecture_whole,official_debt,6292.40,5.41,741.00,720.64,965.44,,,922.00,,764.00,,1686.00,,26.79,233.96,233.96,74.64,,,未采集,SRC-CITY-PANEL-1990-2023;SRC-OFFICIAL-DEBT-LIAONING-CITIES-2018,A2,extracted,true,已从省级财政厅官方地级行政单元债务明细表提取；经济财政字段与债务字段的来源状态分开记录。
CN-210200,210200,大连市,21,辽宁省,地级市,core,2018,2018-12-31,prefecture_whole,official_debt,7668.48,6.50,595.00,703.99,1001.49,,,1318.00,,667.00,,1985.00,,25.89,281.96,281.96,70.29,,,未采集,SRC-CITY-PANEL-1990-2023;SRC-OFFICIAL-DEBT-LIAONING-CITIES-2018,A2,extracted,true,已从省级财政厅官方地级行政单元债务明细表提取；经济财政字段与债务字段的来源状态分开记录。
CN-210300,210300,鞍山市,21,辽宁省,地级市,core,2018,2018-12-31,prefecture_whole,official_debt,1751.06,5.15,343.00,151.44,277.40,,,433.00,,295.00,,728.00,,41.57,480.72,480.72,54.59,,,未采集,SRC-CITY-PANEL-1990-2023;SRC-OFFICIAL-DEBT-LIAONING-CITIES-2018,A2,extracted,true,已从省级财政厅官方地级行政单元债务明细表提取；经济财政字段与债务字段的来源状态分开记录。
CN-210400,210400,抚顺市,21,辽宁省,地级市,core,2018,2018-12-31,prefecture_whole,official_debt,1048.82,4.60,210.00,89.40,209.62,,,341.00,,44.00,,385.00,,36.71,430.65,430.65,42.65,,,未采集,SRC-CITY-PANEL-1990-2023;SRC-OFFICIAL-DEBT-LIAONING-CITIES-2018,A2,extracted,true,已从省级财政厅官方地级行政单元债务明细表提取；经济财政字段与债务字段的来源状态分开记录。
CN-210500,210500,本溪市,21,辽宁省,地级市,core,2018,2018-12-31,prefecture_whole,official_debt,823.09,1.20,147.00,62.64,151.46,,,201.00,,73.00,,274.00,,33.29,437.42,437.42,41.36,,,未采集,SRC-CITY-PANEL-1990-2023;SRC-OFFICIAL-DEBT-LIAONING-CITIES-2018,A2,extracted,true,已从省级财政厅官方地级行政单元债务明细表提取；经济财政字段与债务字段的来源状态分开记录。
CN-210600,210600,丹东市,21,辽宁省,地级市,core,2018,2018-12-31,prefecture_whole,official_debt,816.74,0.44,235.00,73.39,216.09,,,248.00,,14.00,,262.00,,32.08,357.00,357.00,33.96,,,未采集,SRC-CITY-PANEL-1990-2023;SRC-OFFICIAL-DEBT-LIAONING-CITIES-2018,A2,extracted,true,已从省级财政厅官方地级行政单元债务明细表提取；经济财政字段与债务字段的来源状态分开记录。
CN-210700,210700,锦州市,21,辽宁省,地级市,core,2018,2018-12-31,prefecture_whole,official_debt,1192.41,6.15,296.00,100.34,268.60,,,329.00,,33.00,,362.00,,30.36,360.77,360.77,37.36,,,未采集,SRC-CITY-PANEL-1990-2023;SRC-OFFICIAL-DEBT-LIAONING-CITIES-2018,A2,extracted,true,已从省级财政厅官方地级行政单元债务明细表提取；经济财政字段与债务字段的来源状态分开记录。
CN-210800,210800,营口市,21,辽宁省,地级市,core,2018,2018-12-31,prefecture_whole,official_debt,1346.72,5.90,232.00,131.33,227.76,,,704.00,,103.00,,807.00,,59.92,614.48,614.48,57.66,,,未采集,SRC-CITY-PANEL-1990-2023;SRC-OFFICIAL-DEBT-LIAONING-CITIES-2018,A2,extracted,true,已从省级财政厅官方地级行政单元债务明细表提取；经济财政字段与债务字段的来源状态分开记录。
CN-210900,210900,阜新市,21,辽宁省,地级市,core,2018,2018-12-31,prefecture_whole,official_debt,445.99,6.30,186.00,42.01,159.02,,,116.00,,29.00,,145.00,,32.51,345.16,345.16,26.42,,,未采集,SRC-CITY-PANEL-1990-2023;SRC-OFFICIAL-DEBT-LIAONING-CITIES-2018,A2,extracted,true,已从省级财政厅官方地级行政单元债务明细表提取；经济财政字段与债务字段的来源状态分开记录。
CN-211000,211000,辽阳市,21,辽宁省,地级市,core,2018,2018-12-31,prefecture_whole,official_debt,869.73,5.99,176.00,89.39,159.42,,,247.00,,27.00,,274.00,,31.50,306.52,306.52,56.07,,,未采集,SRC-CITY-PANEL-1990-2023;SRC-OFFICIAL-DEBT-LIAONING-CITIES-2018,A2,extracted,true,已从省级财政厅官方地级行政单元债务明细表提取；经济财政字段与债务字段的来源状态分开记录。
CN-211100,211100,盘锦市,21,辽宁省,地级市,core,2018,2018-12-31,prefecture_whole,official_debt,1216.58,5.90,130.00,135.69,205.51,,,568.00,,60.00,,628.00,,51.62,462.82,462.82,66.03,,,未采集,SRC-CITY-PANEL-1990-2023;SRC-OFFICIAL-DEBT-LIAONING-CITIES-2018,A2,extracted,true,已从省级财政厅官方地级行政单元债务明细表提取；经济财政字段与债务字段的来源状态分开记录。
CN-211200,211200,铁岭市,21,辽宁省,地级市,core,2018,2018-12-31,prefecture_whole,official_debt,616.62,1.30,293.00,52.20,212.00,,,147.00,,104.00,,251.00,,40.71,480.84,480.84,24.62,,,未采集,SRC-CITY-PANEL-1990-2023;SRC-OFFICIAL-DEBT-LIAONING-CITIES-2018,A2,extracted,true,已从省级财政厅官方地级行政单元债务明细表提取；经济财政字段与债务字段的来源状态分开记录。
CN-211300,211300,朝阳市,21,辽宁省,地级市,core,2018,2018-12-31,prefecture_whole,official_debt,831.43,4.00,336.00,70.42,268.10,,,121.00,,56.00,,177.00,,21.29,251.35,251.35,26.27,,,未采集,SRC-CITY-PANEL-1990-2023;SRC-OFFICIAL-DEBT-LIAONING-CITIES-2018,A2,extracted,true,已从省级财政厅官方地级行政单元债务明细表提取；经济财政字段与债务字段的来源状态分开记录。
CN-211400,211400,葫芦岛市,21,辽宁省,地级市,core,2018,2018-12-31,prefecture_whole,official_debt,812.78,6.90,277.00,82.27,238.15,,,331.00,,36.00,,367.00,,45.15,446.09,446.09,34.55,,,未采集,SRC-CITY-PANEL-1990-2023;SRC-OFFICIAL-DEBT-LIAONING-CITIES-2018,A2,extracted,true,已从省级财政厅官方地级行政单元债务明细表提取；经济财政字段与债务字段的来源状态分开记录。
CN-220100,220100,长春市,22,吉林省,地级市,core,2018,2018-12-31,prefecture_whole,official_debt,7175.71,7.20,,478.01,894.34,,673.19,604.43,626.12,513.33,1299.32,1117.76,86.03,15.58,233.84,233.84,53.45,,,未采集,SRC-CITY-PANEL-1990-2023;SRC-PROVINCE-DEBT-JILIN-2018,A1,extracted,true,已从省级财政厅官方地级行政单元债务明细表提取；经济财政字段与债务字段的来源状态分开记录。
CN-220200,220200,吉林市,22,吉林省,地级市,core,2018,2018-12-31,prefecture_whole,official_debt,2210.24,2.37,414.00,104.28,411.94,,188.86,172.25,84.51,76.15,273.37,248.40,90.87,11.24,238.20,238.20,25.31,,,未采集,SRC-CITY-PANEL-1990-2023;SRC-PROVINCE-DEBT-JILIN-2018,A1,extracted,true,已从省级财政厅官方地级行政单元债务明细表提取；经济财政字段与债务字段的来源状态分开记录。
CN-220300,220300,四平市,22,吉林省,地级市,core,2018,2018-12-31,prefecture_whole,official_debt,944.32,4.63,320.00,42.82,290.43,,87.14,65.37,18.99,18.72,106.13,84.09,79.23,8.90,196.38,196.38,14.74,,,未采集,SRC-CITY-PANEL-1990-2023;SRC-PROVINCE-DEBT-JILIN-2018,A1,extracted,true,已从省级财政厅官方地级行政单元债务明细表提取；经济财政字段与债务字段的来源状态分开记录。
CN-220400,220400,辽源市,22,吉林省,地级市,core,2018,2018-12-31,prefecture_whole,official_debt,621.60,0.30,118.00,17.84,121.23,,59.81,54.57,48.61,44.89,108.42,99.46,91.74,16.00,557.51,557.51,14.72,,,未采集,SRC-CITY-PANEL-1990-2023;SRC-PROVINCE-DEBT-JILIN-2018,A1,extracted,true,已从省级财政厅官方地级行政单元债务明细表提取；经济财政字段与债务字段的来源状态分开记录。
CN-220500,220500,通化市,22,吉林省,地级市,core,2018,2018-12-31,prefecture_whole,official_debt_exception,829.30,3.40,217.00,55.25,248.60,,52.86,53.20,43.74,42.46,96.60,95.66,99.03,11.54,173.14,173.14,22.22,,,未采集,SRC-CITY-PANEL-1990-2023;SRC-PROVINCE-DEBT-JILIN-2018,A1,needs_review,true,官方公开债务表原值已入表，但存在明确记录的限额/余额内部勾稽异常；吉林省2018年官方决算表原值保留：通化市一般债务余额53.20亿元高于一般债务限额52.86亿元；该内部勾稽异常未按其他来源改写，待财政部门更正或解释。
CN-220600,220600,白山市,22,吉林省,地级市,core,2018,2018-12-31,prefecture_whole,official_debt,661.71,4.00,119.00,22.72,191.58,,80.81,63.63,9.04,7.13,89.85,70.76,78.75,10.69,311.44,311.44,11.86,,,未采集,SRC-CITY-PANEL-1990-2023;SRC-PROVINCE-DEBT-JILIN-2018,A1,extracted,true,已从省级财政厅官方地级行政单元债务明细表提取；经济财政字段与债务字段的来源状态分开记录。
CN-220700,220700,松原市,22,吉林省,地级市,core,2018,2018-12-31,prefecture_whole,official_debt,1373.60,4.10,275.00,45.06,267.67,,83.77,80.01,30.56,28.13,114.33,108.15,94.59,7.87,240.01,240.01,16.83,,,未采集,SRC-CITY-PANEL-1990-2023;SRC-PROVINCE-DEBT-JILIN-2018,A1,extracted,true,已从省级财政厅官方地级行政单元债务明细表提取；经济财政字段与债务字段的来源状态分开记录。
CN-220800,220800,白城市,22,吉林省,地级市,core,2018,2018-12-31,prefecture_whole,official_debt,606.51,2.10,190.00,41.09,270.85,,92.99,85.07,27.22,27.18,120.21,112.25,93.38,18.51,273.18,273.18,15.17,,,未采集,SRC-CITY-PANEL-1990-2023;SRC-PROVINCE-DEBT-JILIN-2018,A1,extracted,true,已从省级财政厅官方地级行政单元债务明细表提取；经济财政字段与债务字段的来源状态分开记录。
CN-222400,222400,延边朝鲜族自治州,22,吉林省,自治州,extended,2018,2018-12-31,prefecture_whole,official_debt,,,,,,,208.92,185.13,70.63,62.78,279.55,247.91,88.68,,,,,,,未采集,SRC-PROVINCE-DEBT-JILIN-2018,A1,extracted,true,已从省级财政厅官方地级行政单元债务明细表提取；经济财政字段与债务字段的来源状态分开记录。
CN-230100,230100,哈尔滨市,23,黑龙江省,地级市,core,2018,2018-12-31,prefecture_whole,secondary_debt,6300.48,5.10,953.00,384.37,962.17,,,1257.80,,680.80,,1938.60,,30.77,504.36,504.36,39.95,,,未采集,SRC-CITY-PANEL-1990-2023;SRC-SECONDARY-DEBT-HEILONGJIANG-2018-EBS-CITY-CHART,B2,needs_review,true,已接入评级报告或其他二手公开来源的债务补缺值；不等同于官方决算数据，必须回到财政/人大预算决算或官方债务表复核。
CN-230200,230200,齐齐哈尔市,23,黑龙江省,地级市,core,2018,2018-12-31,prefecture_whole,official_debt,1340.16,6.23,532.00,74.90,482.89,,,181.51,,17.49,,199.00,,14.85,265.69,265.69,15.51,,,未采集,SRC-CITY-PANEL-1990-2023;SRC-PROVINCE-DEBT-HEILONGJIANG-2018-FROM-2019-FINAL,A1,extracted,true,已从省级财政厅官方地级行政单元债务明细表提取；经济财政字段与债务字段的来源状态分开记录。
CN-230300,230300,鸡西市,23,黑龙江省,地级市,core,2018,2018-12-31,prefecture_whole,official_debt,535.18,5.00,174.33,34.15,161.25,,,67.47,,7.75,,75.22,,14.06,220.26,220.26,21.18,,,未采集,SRC-CITY-PANEL-1990-2023;SRC-OFFICIAL-DEBT-HEILONGJIANG-JIXI-2018,A1,extracted,true,已从省级财政厅官方地级行政单元债务明细表提取；经济财政字段与债务字段的来源状态分开记录。
CN-230400,230400,鹤岗市,23,黑龙江省,地级市,core,2018,2018-12-31,prefecture_whole,secondary_debt,289.58,4.70,100.00,25.24,115.66,,,57.69,,5.83,,63.52,,21.94,251.66,251.66,21.82,,,未采集,SRC-CITY-PANEL-1990-2023;SRC-SECONDARY-DEBT-HEILONGJIANG-2018-EBS-CITY-CHART,B2,needs_review,true,已接入评级报告或其他二手公开来源的债务补缺值；不等同于官方决算数据，必须回到财政/人大预算决算或官方债务表复核。
CN-230500,230500,双鸭山市,23,黑龙江省,地级市,core,2018,2018-12-31,prefecture_whole,secondary_debt,507.01,5.20,142.00,26.53,150.13,,,89.80,,5.30,,95.10,,18.76,358.46,358.46,17.67,,,未采集,SRC-CITY-PANEL-1990-2023;SRC-SECONDARY-DEBT-HEILONGJIANG-2018-EBS-CITY-CHART,B2,needs_review,true,已接入评级报告或其他二手公开来源的债务补缺值；不等同于官方决算数据，必须回到财政/人大预算决算或官方债务表复核。
CN-230600,230600,大庆市,23,黑龙江省,地级市,core,2018,2018-12-31,prefecture_whole,secondary_debt,2801.16,3.54,273.00,150.87,300.68,,,108.94,,53.79,,162.73,,5.81,107.86,107.86,50.18,,,未采集,SRC-CITY-PANEL-1990-2023;SRC-SECONDARY-DEBT-HEILONGJIANG-2018-EBS-CITY-CHART,B2,needs_review,true,已接入评级报告或其他二手公开来源的债务补缺值；不等同于官方决算数据，必须回到财政/人大预算决算或官方债务表复核。
CN-230700,230700,伊春市,23,黑龙江省,地级市,core,2018,2018-12-31,prefecture_whole,secondary_debt,274.15,6.00,115.00,17.89,156.68,,,89.32,,2.26,,91.58,,33.41,511.91,511.91,11.42,,,未采集,SRC-CITY-PANEL-1990-2023;SRC-SECONDARY-DEBT-HEILONGJIANG-2018-EBS-CITY-CHART,B2,needs_review,true,已接入评级报告或其他二手公开来源的债务补缺值；不等同于官方决算数据，必须回到财政/人大预算决算或官方债务表复核。
CN-230800,230800,佳木斯市,23,黑龙江省,地级市,core,2018,2018-12-31,prefecture_whole,official_debt,1012.05,4.30,234.00,41.27,272.79,,,156.71,,13.68,,170.39,,16.84,412.87,412.87,15.13,,,未采集,SRC-CITY-PANEL-1990-2023;SRC-PROVINCE-DEBT-HEILONGJIANG-2018-FROM-2019-FINAL,A1,extracted,true,已从省级财政厅官方地级行政单元债务明细表提取；经济财政字段与债务字段的来源状态分开记录。
CN-230900,230900,七台河市,23,黑龙江省,地级市,core,2018,2018-12-31,prefecture_whole,secondary_debt,250.33,5.60,78.00,27.48,94.28,,,,,,,76.81,,30.68,279.51,279.51,29.15,,,未采集,SRC-CITY-PANEL-1990-2023;SRC-SECONDARY-DEBT-HEILONGJIANG-QITAIHE-2018,B2,needs_review,true,已接入评级报告或其他二手公开来源的债务补缺值；不等同于官方决算数据，必须回到财政/人大预算决算或官方债务表复核。
CN-231000,231000,牡丹江市,23,黑龙江省,地级市,core,2018,2018-12-31,prefecture_whole,secondary_debt,1302.71,1.30,254.00,59.48,248.74,,,,,,,128.89,,9.89,216.69,216.69,23.91,,,未采集,SRC-CITY-PANEL-1990-2023;SRC-SECONDARY-DEBT-HEILONGJIANG-MUDANJIANG-2018,B2,needs_review,true,已接入评级报告或其他二手公开来源的债务补缺值；不等同于官方决算数据，必须回到财政/人大预算决算或官方债务表复核。
CN-231100,231100,黑河市,23,黑龙江省,地级市,core,2018,2018-12-31,prefecture_whole,official_debt,505.13,7.00,159.00,34.39,214.09,,,51.88,,6.44,,58.32,,11.55,169.58,169.58,16.06,,,未采集,SRC-CITY-PANEL-1990-2023;SRC-PROVINCE-DEBT-HEILONGJIANG-2018-FROM-2019-FINAL,A1,extracted,true,已从省级财政厅官方地级行政单元债务明细表提取；经济财政字段与债务字段的来源状态分开记录。
CN-231200,231200,绥化市,23,黑龙江省,地级市,core,2018,2018-12-31,prefecture_whole,secondary_debt,1359.59,6.00,520.00,60.98,423.56,,,27.17,,13.60,,40.77,,3.00,66.86,66.86,14.40,,,未采集,SRC-CITY-PANEL-1990-2023;SRC-SECONDARY-DEBT-HEILONGJIANG-2018-EBS-CITY-CHART,B2,needs_review,true,已接入评级报告或其他二手公开来源的债务补缺值；不等同于官方决算数据，必须回到财政/人大预算决算或官方债务表复核。
CN-232700,232700,大兴安岭地区,23,黑龙江省,地区,extended,2018,2018-12-31,prefecture_whole,secondary_debt,,,,,,,,22.34,,1.39,,23.73,,,,,,,,未采集,SRC-SECONDARY-DEBT-HEILONGJIANG-2018-EBS-CITY-CHART,B2,needs_review,true,已接入评级报告或其他二手公开来源的债务补缺值；不等同于官方决算数据，必须回到财政/人大预算决算或官方债务表复核。
CN-310000,310000,上海市,31,上海市,直辖市,separate,2018,2018-12-31,prefecture_whole,official_debt,32679.87,6.60,1459.00,7108.15,8351.54,,3962.90,2642.90,3740.60,2392.00,7703.50,5034.90,65.36,15.41,70.83,70.83,85.11,,,未采集,SRC-CITY-PANEL-1990-2023;SRC-CITY-DEBT-SHANGHAI-2018,A1,extracted,true,已从省级财政厅官方地级行政单元债务明细表提取；经济财政字段与债务字段的来源状态分开记录。
CN-320100,320100,南京市,32,江苏省,地级市,core,2018,2018-12-31,prefecture_whole,secondary_debt,12820.40,8.00,689.00,1470.02,1532.72,1614.62,,,,,,2419.30,,18.87,164.58,164.58,95.91,52.34,109.84,省级财政厅官方分地区表（全市口径）,SRC-CITY-PANEL-1990-2023;SRC-SECONDARY-DEBT-JIANGSU-2018-CITY-TOTALS;SRC-PROVINCE-FUND-JIANGSU-2018,A1,extracted,true,已接入评级报告或其他二手公开来源的债务补缺值；不等同于官方决算数据，必须回到财政/人大预算决算或官方债务表复核。；已接入江苏省2018年财政厅分地区政府性基金预算收入执行表；经济财政其他字段仍按各自来源状态记录。
CN-320200,320200,无锡市,32,江苏省,地级市,core,2018,2018-12-31,prefecture_whole,secondary_debt,11438.62,7.40,495.00,1012.28,1055.94,731.31,,,,,,1081.60,,9.46,106.85,106.85,95.87,41.94,72.24,省级财政厅官方分地区表（全市口径）,SRC-CITY-PANEL-1990-2023;SRC-SECONDARY-DEBT-JIANGSU-2018-CITY-TOTALS;SRC-PROVINCE-FUND-JIANGSU-2018,A1,extracted,true,已接入评级报告或其他二手公开来源的债务补缺值；不等同于官方决算数据，必须回到财政/人大预算决算或官方债务表复核。；已接入江苏省2018年财政厅分地区政府性基金预算收入执行表；经济财政其他字段仍按各自来源状态记录。
CN-320300,320300,徐州市,32,江苏省,地级市,core,2018,2018-12-31,prefecture_whole,secondary_debt,6755.23,4.20,1042.00,526.21,880.86,537.30,,,,,,766.40,,11.35,145.65,145.65,59.74,50.52,102.11,省级财政厅官方分地区表（全市口径）,SRC-CITY-PANEL-1990-2023;SRC-SECONDARY-DEBT-JIANGSU-2018-CITY-TOTALS;SRC-PROVINCE-FUND-JIANGSU-2018,A1,extracted,true,已接入评级报告或其他二手公开来源的债务补缺值；不等同于官方决算数据，必须回到财政/人大预算决算或官方债务表复核。；已接入江苏省2018年财政厅分地区政府性基金预算收入执行表；经济财政其他字段仍按各自来源状态记录。
CN-320400,320400,常州市,32,江苏省,地级市,core,2018,2018-12-31,prefecture_whole,secondary_debt,7050.27,7.00,381.00,560.33,594.82,974.17,,,,,,854.70,,12.12,152.54,152.54,94.20,63.48,173.86,省级财政厅官方分地区表（全市口径）,SRC-CITY-PANEL-1990-2023;SRC-SECONDARY-DEBT-JIANGSU-2018-CITY-TOTALS;SRC-PROVINCE-FUND-JIANGSU-2018,A1,extracted,true,已接入评级报告或其他二手公开来源的债务补缺值；不等同于官方决算数据，必须回到财政/人大预算决算或官方债务表复核。；已接入江苏省2018年财政厅分地区政府性基金预算收入执行表；经济财政其他字段仍按各自来源状态记录。
CN-320500,320500,苏州市,32,江苏省,地级市,core,2018,2018-12-31,prefecture_whole,secondary_debt,18597.47,6.80,697.00,2119.99,1952.71,1690.99,,,,,,1363.20,,7.33,64.30,64.30,108.57,44.37,79.76,省级财政厅官方分地区表（全市口径）,SRC-CITY-PANEL-1990-2023;SRC-SECONDARY-DEBT-JIANGSU-2018-CITY-TOTALS;SRC-PROVINCE-FUND-JIANGSU-2018,A1,extracted,true,已接入评级报告或其他二手公开来源的债务补缺值；不等同于官方决算数据，必须回到财政/人大预算决算或官方债务表复核。；已接入江苏省2018年财政厅分地区政府性基金预算收入执行表；经济财政其他字段仍按各自来源状态记录。
CN-320600,320600,南通市,32,江苏省,地级市,core,2018,2018-12-31,prefecture_whole,secondary_debt,8427.00,7.20,763.00,606.19,877.18,828.52,,,,,,1500.70,,17.81,247.56,247.56,69.11,57.75,136.68,省级财政厅官方分地区表（全市口径）,SRC-CITY-PANEL-1990-2023;SRC-SECONDARY-DEBT-JIANGSU-2018-CITY-TOTALS;SRC-PROVINCE-FUND-JIANGSU-2018,A1,extracted,true,已接入评级报告或其他二手公开来源的债务补缺值；不等同于官方决算数据，必须回到财政/人大预算决算或官方债务表复核。；已接入江苏省2018年财政厅分地区政府性基金预算收入执行表；经济财政其他字段仍按各自来源状态记录。
CN-320700,320700,连云港市,32,江苏省,地级市,core,2018,2018-12-31,prefecture_whole,secondary_debt,2771.70,4.70,533.00,234.31,419.57,144.57,,,,,,467.20,,16.86,199.39,199.39,55.85,38.16,61.70,省级财政厅官方分地区表（全市口径）,SRC-CITY-PANEL-1990-2023;SRC-SECONDARY-DEBT-JIANGSU-2018-CITY-TOTALS;SRC-PROVINCE-FUND-JIANGSU-2018,A1,extracted,true,已接入评级报告或其他二手公开来源的债务补缺值；不等同于官方决算数据，必须回到财政/人大预算决算或官方债务表复核。；已接入江苏省2018年财政厅分地区政府性基金预算收入执行表；经济财政其他字段仍按各自来源状态记录。
CN-320800,320800,淮安市,32,江苏省,地级市,core,2018,2018-12-31,prefecture_whole,secondary_debt,3601.25,6.50,561.00,247.27,486.77,215.96,,,,,,524.90,,14.58,212.28,212.28,50.80,46.62,87.34,省级财政厅官方分地区表（全市口径）,SRC-CITY-PANEL-1990-2023;SRC-SECONDARY-DEBT-JIANGSU-2018-CITY-TOTALS;SRC-PROVINCE-FUND-JIANGSU-2018,A1,extracted,true,已接入评级报告或其他二手公开来源的债务补缺值；不等同于官方决算数据，必须回到财政/人大预算决算或官方债务表复核。；已接入江苏省2018年财政厅分地区政府性基金预算收入执行表；经济财政其他字段仍按各自来源状态记录。
CN-320900,320900,盐城市,32,江苏省,地级市,core,2018,2018-12-31,prefecture_whole,secondary_debt,5487.08,5.50,825.00,381.00,840.08,355.34,,,,,,1015.40,,18.51,266.51,266.51,45.35,48.26,93.27,省级财政厅官方分地区表（全市口径）,SRC-CITY-PANEL-1990-2023;SRC-SECONDARY-DEBT-JIANGSU-2018-CITY-TOTALS;SRC-PROVINCE-FUND-JIANGSU-2018,A1,extracted,true,已接入评级报告或其他二手公开来源的债务补缺值；不等同于官方决算数据，必须回到财政/人大预算决算或官方债务表复核。；已接入江苏省2018年财政厅分地区政府性基金预算收入执行表；经济财政其他字段仍按各自来源状态记录。
CN-321000,321000,扬州市,32,江苏省,地级市,core,2018,2018-12-31,prefecture_whole,secondary_debt,5466.17,6.70,459.00,340.03,563.39,252.36,,,,,,773.20,,14.15,227.39,227.39,60.35,42.60,74.22,省级财政厅官方分地区表（全市口径）,SRC-CITY-PANEL-1990-2023;SRC-SECONDARY-DEBT-JIANGSU-2018-CITY-TOTALS;SRC-PROVINCE-FUND-JIANGSU-2018,A1,extracted,true,已接入评级报告或其他二手公开来源的债务补缺值；不等同于官方决算数据，必须回到财政/人大预算决算或官方债务表复核。；已接入江苏省2018年财政厅分地区政府性基金预算收入执行表；经济财政其他字段仍按各自来源状态记录。
CN-321100,321100,镇江市,32,江苏省,地级市,core,2018,2018-12-31,prefecture_whole,secondary_debt,4050.00,3.10,271.00,301.50,408.41,287.35,,,,,,702.20,,17.34,232.90,232.90,73.82,48.80,95.31,省级财政厅官方分地区表（全市口径）,SRC-CITY-PANEL-1990-2023;SRC-SECONDARY-DEBT-JIANGSU-2018-CITY-TOTALS;SRC-PROVINCE-FUND-JIANGSU-2018,A1,extracted,true,已接入评级报告或其他二手公开来源的债务补缺值；不等同于官方决算数据，必须回到财政/人大预算决算或官方债务表复核。；已接入江苏省2018年财政厅分地区政府性基金预算收入执行表；经济财政其他字段仍按各自来源状态记录。
CN-321200,321200,泰州市,32,江苏省,地级市,core,2018,2018-12-31,prefecture_whole,secondary_debt,5107.63,6.70,504.00,357.15,532.36,333.18,,,,,,716.20,,14.02,200.53,200.53,67.09,48.26,93.29,省级财政厅官方分地区表（全市口径）,SRC-CITY-PANEL-1990-2023;SRC-SECONDARY-DEBT-JIANGSU-2018-CITY-TOTALS;SRC-PROVINCE-FUND-JIANGSU-2018,A1,extracted,true,已接入评级报告或其他二手公开来源的债务补缺值；不等同于官方决算数据，必须回到财政/人大预算决算或官方债务表复核。；已接入江苏省2018年财政厅分地区政府性基金预算收入执行表；经济财政其他字段仍按各自来源状态记录。
CN-321300,321300,宿迁市,32,江苏省,地级市,core,2018,2018-12-31,prefecture_whole,secondary_debt,2750.72,6.80,591.00,206.20,433.54,132.75,,,,,,570.40,,20.74,276.62,276.62,47.56,39.17,64.38,省级财政厅官方分地区表（全市口径）,SRC-CITY-PANEL-1990-2023;SRC-SECONDARY-DEBT-JIANGSU-2018-CITY-TOTALS;SRC-PROVINCE-FUND-JIANGSU-2018,A1,extracted,true,已接入评级报告或其他二手公开来源的债务补缺值；不等同于官方决算数据，必须回到财政/人大预算决算或官方债务表复核。；已接入江苏省2018年财政厅分地区政府性基金预算收入执行表；经济财政其他字段仍按各自来源状态记录。
CN-330100,330100,杭州市,33,浙江省,地级市,core,2018,2018-12-31,prefecture_whole,official_debt,13509.15,6.72,764.00,1825.06,1717.08,,1029.83,1020.71,1269.52,1261.43,2299.35,2282.14,99.25,16.89,125.04,125.04,106.29,,,未采集,SRC-CITY-PANEL-1990-2023;SRC-PROVINCE-DEBT-ZHEJIANG-GENERAL-2018,A1,extracted,true,已从省级财政厅官方地级行政单元债务明细表提取；经济财政字段与债务字段的来源状态分开记录。
CN-330200,330200,宁波市,33,浙江省,地级市,core,2018,2018-12-31,prefecture_whole,official_debt,10745.46,7.00,600.00,1379.69,1594.10,,1223.10,1151.83,813.90,655.47,2037.00,1807.30,88.72,16.82,130.99,130.99,86.55,,,未采集,SRC-CITY-PANEL-1990-2023;SRC-CELMA-API-DEBT-3302-2018,A2,extracted,true,已从省级财政厅官方地级行政单元债务明细表提取；经济财政字段与债务字段的来源状态分开记录。
CN-330300,330300,温州市,33,浙江省,地级市,core,2018,2018-12-31,prefecture_whole,official_debt,6006.16,7.77,827.00,547.58,874.14,,423.96,423.87,686.71,685.23,1110.67,1109.11,99.86,18.47,202.55,202.55,62.64,,,未采集,SRC-CITY-PANEL-1990-2023;SRC-PROVINCE-DEBT-ZHEJIANG-GENERAL-2018,A1,extracted,true,已从省级财政厅官方地级行政单元债务明细表提取；经济财政字段与债务字段的来源状态分开记录。
CN-330400,330400,嘉兴市,33,浙江省,地级市,core,2018,2018-12-31,prefecture_whole,official_debt,4871.98,7.60,358.00,518.55,588.87,,429.00,420.68,480.35,474.02,909.35,894.70,98.39,18.36,172.54,172.54,88.06,,,未采集,SRC-CITY-PANEL-1990-2023;SRC-PROVINCE-DEBT-ZHEJIANG-GENERAL-2018,A1,extracted,true,已从省级财政厅官方地级行政单元债务明细表提取；经济财政字段与债务字段的来源状态分开记录。
CN-330500,330500,湖州市,33,浙江省,地级市,core,2018,2018-12-31,prefecture_whole,official_debt,2719.07,8.05,267.00,287.10,397.54,,528.00,521.88,174.59,171.14,702.59,693.02,98.64,25.49,241.39,241.39,72.22,,,未采集,SRC-CITY-PANEL-1990-2023;SRC-PROVINCE-DEBT-ZHEJIANG-GENERAL-2018,A1,extracted,true,已从省级财政厅官方地级行政单元债务明细表提取；经济财政字段与债务字段的来源状态分开记录。
CN-330600,330600,绍兴市,33,浙江省,地级市,core,2018,2018-12-31,prefecture_whole,official_debt,5416.90,7.09,447.00,501.34,556.65,,402.38,401.96,494.28,494.24,896.66,896.20,99.95,16.54,178.76,178.76,90.06,,,未采集,SRC-CITY-PANEL-1990-2023;SRC-PROVINCE-DEBT-ZHEJIANG-GENERAL-2018,A1,extracted,true,已从省级财政厅官方地级行政单元债务明细表提取；经济财政字段与债务字段的来源状态分开记录。
CN-330700,330700,金华市,33,浙江省,地级市,core,2018,2018-12-31,prefecture_whole,official_debt,4100.23,5.50,487.00,392.62,574.00,,397.63,393.98,303.50,301.00,701.13,694.98,99.12,16.95,177.01,177.01,68.40,,,未采集,SRC-CITY-PANEL-1990-2023;SRC-PROVINCE-DEBT-ZHEJIANG-GENERAL-2018,A1,extracted,true,已从省级财政厅官方地级行政单元债务明细表提取；经济财政字段与债务字段的来源状态分开记录。
CN-330800,330800,衢州市,33,浙江省,地级市,core,2018,2018-12-31,prefecture_whole,official_debt,1470.58,7.20,258.00,128.10,355.94,,211.57,211.37,155.87,155.82,367.44,367.19,99.93,24.97,286.64,286.64,35.99,,,未采集,SRC-CITY-PANEL-1990-2023;SRC-PROVINCE-DEBT-ZHEJIANG-GENERAL-2018,A1,extracted,true,已从省级财政厅官方地级行政单元债务明细表提取；经济财政字段与债务字段的来源状态分开记录。
CN-330900,330900,舟山市,33,浙江省,地级市,core,2018,2018-12-31,prefecture_whole,official_debt,1316.70,6.66,97.00,146.02,308.49,,233.98,233.86,170.82,170.80,404.80,404.66,99.97,30.73,277.13,277.13,47.33,,,未采集,SRC-CITY-PANEL-1990-2023;SRC-PROVINCE-DEBT-ZHEJIANG-GENERAL-2018,A1,extracted,true,已从省级财政厅官方地级行政单元债务明细表提取；经济财政字段与债务字段的来源状态分开记录。
CN-331000,331000,台州市,33,浙江省,地级市,core,2018,2018-12-31,prefecture_whole,official_debt,4874.67,7.57,604.00,431.18,653.75,,562.74,562.60,287.34,287.30,850.08,849.91,99.98,17.44,197.11,197.11,65.95,,,未采集,SRC-CITY-PANEL-1990-2023;SRC-PROVINCE-DEBT-ZHEJIANG-GENERAL-2018,A1,extracted,true,已从省级财政厅官方地级行政单元债务明细表提取；经济财政字段与债务字段的来源状态分开记录。
CN-331100,331100,丽水市,33,浙江省,地级市,core,2018,2018-12-31,prefecture_whole,official_debt,1394.67,8.17,270.00,130.01,432.02,,259.77,259.64,165.38,165.34,425.15,424.98,99.96,30.47,326.88,326.88,30.09,,,未采集,SRC-CITY-PANEL-1990-2023;SRC-PROVINCE-DEBT-ZHEJIANG-GENERAL-2018,A1,extracted,true,已从省级财政厅官方地级行政单元债务明细表提取；经济财政字段与债务字段的来源状态分开记录。
CN-340100,340100,合肥市,34,安徽省,地级市,core,2018,2018-12-31,prefecture_whole,secondary_debt,7822.91,8.54,750.00,712.49,1004.91,,,,,,,836.66,,10.69,117.43,117.43,70.90,,,未采集,SRC-CITY-PANEL-1990-2023;SRC-SECONDARY-DEBT-ANHUI-2018-CITY-TOTALS,B2,needs_review,true,已接入评级报告或其他二手公开来源的债务补缺值；不等同于官方决算数据，必须回到财政/人大预算决算或官方债务表复核。
CN-340200,340200,芜湖市,34,安徽省,地级市,core,2018,2018-12-31,prefecture_whole,secondary_debt,3278.53,8.35,388.00,318.12,457.04,,,,,,,615.59,,18.78,193.51,193.51,69.60,,,未采集,SRC-CITY-PANEL-1990-2023;SRC-SECONDARY-DEBT-ANHUI-2018-CITY-TOTALS,B2,needs_review,true,已接入评级报告或其他二手公开来源的债务补缺值；不等同于官方决算数据，必须回到财政/人大预算决算或官方债务表复核。
CN-340300,340300,蚌埠市,34,安徽省,地级市,core,2018,2018-12-31,prefecture_whole,secondary_debt,1714.66,8.50,383.00,152.65,295.79,,,,,,,281.81,,16.44,184.61,184.61,51.61,,,未采集,SRC-CITY-PANEL-1990-2023;SRC-SECONDARY-DEBT-ANHUI-2018-CITY-TOTALS,B2,needs_review,true,已接入评级报告或其他二手公开来源的债务补缺值；不等同于官方决算数据，必须回到财政/人大预算决算或官方债务表复核。
CN-340400,340400,淮南市,34,安徽省,地级市,core,2018,2018-12-31,prefecture_whole,secondary_debt,1133.31,4.31,390.00,105.38,245.17,,,,,,,242.78,,21.42,230.39,230.39,42.98,,,未采集,SRC-CITY-PANEL-1990-2023;SRC-SECONDARY-DEBT-ANHUI-2018-CITY-TOTALS,B2,needs_review,true,已接入评级报告或其他二手公开来源的债务补缺值；不等同于官方决算数据，必须回到财政/人大预算决算或官方债务表复核。
CN-340500,340500,马鞍山市,34,安徽省,地级市,core,2018,2018-12-31,prefecture_whole,secondary_debt,1918.10,8.16,229.00,151.02,226.56,,,,,,,310.50,,16.19,205.60,205.60,66.66,,,未采集,SRC-CITY-PANEL-1990-2023;SRC-SECONDARY-DEBT-ANHUI-2018-CITY-TOTALS,B2,needs_review,true,已接入评级报告或其他二手公开来源的债务补缺值；不等同于官方决算数据，必须回到财政/人大预算决算或官方债务表复核。
CN-340600,340600,淮北市,34,安徽省,地级市,core,2018,2018-12-31,prefecture_whole,secondary_debt,985.19,3.60,217.00,70.33,166.70,,,,,,,142.89,,14.50,203.17,203.17,42.19,,,未采集,SRC-CITY-PANEL-1990-2023;SRC-SECONDARY-DEBT-ANHUI-2018-CITY-TOTALS,B2,needs_review,true,已接入评级报告或其他二手公开来源的债务补缺值；不等同于官方决算数据，必须回到财政/人大预算决算或官方债务表复核。
CN-340700,340700,铜陵市,34,安徽省,地级市,core,2018,2018-12-31,prefecture_whole,secondary_debt,1222.36,3.86,171.00,73.77,154.35,,,,,,,255.93,,20.94,346.93,346.93,47.79,,,未采集,SRC-CITY-PANEL-1990-2023;SRC-SECONDARY-DEBT-ANHUI-2018-CITY-TOTALS,B2,needs_review,true,已接入评级报告或其他二手公开来源的债务补缺值；不等同于官方决算数据，必须回到财政/人大预算决算或官方债务表复核。
CN-340800,340800,安庆市,34,安徽省,地级市,core,2018,2018-12-31,prefecture_whole,secondary_debt,1917.59,7.80,530.00,133.20,420.19,,,,,,,377.42,,19.68,283.35,283.35,31.70,,,未采集,SRC-CITY-PANEL-1990-2023;SRC-SECONDARY-DEBT-ANHUI-2018-CITY-TOTALS,B2,needs_review,true,已接入评级报告或其他二手公开来源的债务补缺值；不等同于官方决算数据，必须回到财政/人大预算决算或官方债务表复核。
CN-341000,341000,黄山市,34,安徽省,地级市,core,2018,2018-12-31,prefecture_whole,secondary_debt,677.91,7.70,149.00,77.61,185.61,,,,,,,187.26,,27.62,241.28,241.28,41.81,,,未采集,SRC-CITY-PANEL-1990-2023;SRC-SECONDARY-DEBT-ANHUI-2018-CITY-TOTALS,B2,needs_review,true,已接入评级报告或其他二手公开来源的债务补缺值；不等同于官方决算数据，必须回到财政/人大预算决算或官方债务表复核。
CN-341100,341100,滁州市,34,安徽省,地级市,core,2018,2018-12-31,prefecture_whole,secondary_debt,1801.75,9.10,454.00,199.28,405.99,,,,,,,463.10,,25.70,232.39,232.39,49.08,,,未采集,SRC-CITY-PANEL-1990-2023;SRC-SECONDARY-DEBT-ANHUI-2018-CITY-TOTALS,B2,needs_review,true,已接入评级报告或其他二手公开来源的债务补缺值；不等同于官方决算数据，必须回到财政/人大预算决算或官方债务表复核。
CN-341200,341200,阜阳市,34,安徽省,地级市,core,2018,2018-12-31,prefecture_whole,secondary_debt,1759.52,9.50,1070.00,187.14,574.67,,,,,,,722.71,,41.07,386.19,386.19,32.56,,,未采集,SRC-CITY-PANEL-1990-2023;SRC-SECONDARY-DEBT-ANHUI-2018-CITY-TOTALS,B2,needs_review,true,已接入评级报告或其他二手公开来源的债务补缺值；不等同于官方决算数据，必须回到财政/人大预算决算或官方债务表复核。
CN-341300,341300,宿州市,34,安徽省,地级市,core,2018,2018-12-31,prefecture_whole,secondary_debt,1630.22,8.50,656.00,111.56,396.59,,,,,,,381.75,,23.42,342.19,342.19,28.13,,,未采集,SRC-CITY-PANEL-1990-2023;SRC-SECONDARY-DEBT-ANHUI-2018-CITY-TOTALS,B2,needs_review,true,已接入评级报告或其他二手公开来源的债务补缺值；不等同于官方决算数据，必须回到财政/人大预算决算或官方债务表复核。
CN-341500,341500,六安市,34,安徽省,地级市,core,2018,2018-12-31,prefecture_whole,secondary_debt,1288.05,7.64,588.00,122.41,412.98,,,,,,,435.27,,33.79,355.58,355.58,29.64,,,未采集,SRC-CITY-PANEL-1990-2023;SRC-SECONDARY-DEBT-ANHUI-2018-CITY-TOTALS,B2,needs_review,true,已接入评级报告或其他二手公开来源的债务补缺值；不等同于官方决算数据，必须回到财政/人大预算决算或官方债务表复核。
CN-341600,341600,亳州市,34,安徽省,地级市,core,2018,2018-12-31,prefecture_whole,secondary_debt,1277.19,10.10,654.00,112.00,343.61,,,,,,,441.25,,34.55,393.97,393.97,32.60,,,未采集,SRC-CITY-PANEL-1990-2023;SRC-SECONDARY-DEBT-ANHUI-2018-CITY-TOTALS,B2,needs_review,true,已接入评级报告或其他二手公开来源的债务补缺值；不等同于官方决算数据，必须回到财政/人大预算决算或官方债务表复核。
CN-341700,341700,池州市,34,安徽省,地级市,core,2018,2018-12-31,prefecture_whole,secondary_debt,684.93,5.66,162.00,64.49,154.43,,,,,,,232.24,,33.91,360.12,360.12,41.76,,,未采集,SRC-CITY-PANEL-1990-2023;SRC-SECONDARY-DEBT-ANHUI-2018-CITY-TOTALS,B2,needs_review,true,已接入评级报告或其他二手公开来源的债务补缺值；不等同于官方决算数据，必须回到财政/人大预算决算或官方债务表复核。
CN-341800,341800,宣城市,34,安徽省,地级市,core,2018,2018-12-31,prefecture_whole,secondary_debt,1317.20,8.30,280.00,153.07,289.36,,,,,,,342.67,,26.02,223.86,223.86,52.90,,,未采集,SRC-CITY-PANEL-1990-2023;SRC-SECONDARY-DEBT-ANHUI-2018-CITY-TOTALS,B2,needs_review,true,已接入评级报告或其他二手公开来源的债务补缺值；不等同于官方决算数据，必须回到财政/人大预算决算或官方债务表复核。
CN-350100,350100,福州市,35,福建省,地级市,core,2018,2018-12-31,prefecture_whole,official_debt,7856.81,8.60,698.00,680.38,924.76,,,,,,,858.94,,10.93,126.24,126.24,73.57,,,未采集,SRC-CITY-PANEL-1990-2023;SRC-OFFICIAL-DEBT-FUJIAN-CITIES-2018,A1,extracted,true,已从省级财政厅官方地级行政单元债务明细表提取；经济财政字段与债务字段的来源状态分开记录。
CN-350200,350200,厦门市,35,福建省,地级市,core,2018,2018-12-31,prefecture_whole,official_debt,4791.41,7.70,237.00,754.54,892.50,,,279.73,,357.59,,637.32,,13.30,84.46,84.46,84.54,,,未采集,SRC-CITY-PANEL-1990-2023;SRC-OFFICIAL-DEBT-FUJIAN-CITIES-2018,A1,extracted,true,已从省级财政厅官方地级行政单元债务明细表提取；经济财政字段与债务字段的来源状态分开记录。
CN-350300,350300,莆田市,35,福建省,地级市,core,2018,2018-12-31,prefecture_whole,official_debt,2242.41,8.27,357.00,140.97,227.99,,,,,,,482.86,,21.53,342.53,342.53,61.83,,,未采集,SRC-CITY-PANEL-1990-2023;SRC-OFFICIAL-DEBT-FUJIAN-CITIES-2018,A1,extracted,true,已从省级财政厅官方地级行政单元债务明细表提取；经济财政字段与债务字段的来源状态分开记录。
CN-350400,350400,三明市,35,福建省,地级市,core,2018,2018-12-31,prefecture_whole,official_debt,2353.72,7.55,288.00,107.64,297.10,81.42,,,,,,472.70,,20.08,439.15,439.15,36.23,43.07,75.64,城市预算执行报告（全市口径，A2精确来源）,SRC-CITY-PANEL-1990-2023;SRC-OFFICIAL-DEBT-FUJIAN-CITIES-2018;SRC-A2-SANMING-CITY-FUND-2018,A2,extracted,true,已从省级财政厅官方地级行政单元债务明细表提取；经济财政字段与债务字段的来源状态分开记录。；已接入2018年三明市全市政府性基金预算收入精确披露；来源等级为A2，保留执行状态，不改写为最终决算。
CN-350500,350500,泉州市,35,福建省,地级市,core,2018,2018-12-31,prefecture_whole,official_debt,8467.98,8.85,749.00,474.16,632.38,,,,,,,1320.09,,15.59,278.41,278.41,74.98,,,未采集,SRC-CITY-PANEL-1990-2023;SRC-OFFICIAL-DEBT-FUJIAN-CITIES-2018,A1,extracted,true,已从省级财政厅官方地级行政单元债务明细表提取；经济财政字段与债务字段的来源状态分开记录。
CN-350600,350600,漳州市,35,福建省,地级市,core,2018,2018-12-31,prefecture_whole,official_debt,3947.63,8.70,518.00,218.75,429.85,,,,,,,622.19,,15.76,284.43,284.43,50.89,,,未采集,SRC-CITY-PANEL-1990-2023;SRC-OFFICIAL-DEBT-FUJIAN-CITIES-2018,A1,extracted,true,已从省级财政厅官方地级行政单元债务明细表提取；经济财政字段与债务字段的来源状态分开记录。
CN-350700,350700,南平市,35,福建省,地级市,core,2018,2018-12-31,prefecture_whole,official_debt,1792.51,6.60,320.00,94.52,296.42,,,,,,,307.70,,17.17,325.54,325.54,31.89,,,未采集,SRC-CITY-PANEL-1990-2023;SRC-OFFICIAL-DEBT-FUJIAN-CITIES-2018,A1,extracted,true,已从省级财政厅官方地级行政单元债务明细表提取；经济财政字段与债务字段的来源状态分开记录。
CN-350800,350800,龙岩市,35,福建省,地级市,core,2018,2018-12-31,prefecture_whole,official_debt,2393.30,7.60,318.00,151.27,301.53,,,,,,,545.05,,22.77,360.32,360.32,50.17,,,未采集,SRC-CITY-PANEL-1990-2023;SRC-OFFICIAL-DEBT-FUJIAN-CITIES-2018,A1,extracted,true,已从省级财政厅官方地级行政单元债务明细表提取；经济财政字段与债务字段的来源状态分开记录。
CN-350900,350900,宁德市,35,福建省,地级市,core,2018,2018-12-31,prefecture_whole,official_debt,1942.80,8.15,353.00,120.42,299.04,,,,,,,348.58,,17.94,289.47,289.47,40.27,,,未采集,SRC-CITY-PANEL-1990-2023;SRC-OFFICIAL-DEBT-FUJIAN-CITIES-2018,A1,extracted,true,已从省级财政厅官方地级行政单元债务明细表提取；经济财政字段与债务字段的来源状态分开记录。
CN-360100,360100,南昌市,36,江西省,地级市,core,2018,2018-12-31,prefecture_whole,secondary_debt,5274.67,8.90,528.00,461.75,752.41,,,360.90,,405.30,,766.20,,14.53,165.93,165.93,61.37,,,未采集,SRC-CITY-PANEL-1990-2023;SRC-SECONDARY-DEBT-JIANGXI-NANCHANG-2018,B2,needs_review,true,已接入评级报告或其他二手公开来源的债务补缺值；不等同于官方决算数据，必须回到财政/人大预算决算或官方债务表复核。
CN-360200,360200,景德镇市,36,江西省,地级市,core,2018,2018-12-31,prefecture_whole,secondary_debt,846.60,8.20,170.00,89.86,204.05,,,,,,,196.79,,23.24,219.00,219.00,44.04,,,未采集,SRC-CITY-PANEL-1990-2023;SRC-SECONDARY-DEBT-JIANGXI-JINGDEZHEN-2018,B2,needs_review,true,已接入评级报告或其他二手公开来源的债务补缺值；不等同于官方决算数据，必须回到财政/人大预算决算或官方债务表复核。
CN-360300,360300,萍乡市,36,江西省,地级市,core,2018,2018-12-31,prefecture_whole,secondary_debt,1009.05,8.70,200.00,99.71,245.29,,,137.95,,44.75,,182.70,,18.11,183.23,183.23,40.65,,,未采集,SRC-CITY-PANEL-1990-2023;SRC-SECONDARY-DEBT-JIANGXI-PINGXIANG-2018-FAR-EAST,B2,needs_review,true,已接入评级报告或其他二手公开来源的债务补缺值；不等同于官方决算数据，必须回到财政/人大预算决算或官方债务表复核。
CN-360400,360400,九江市,36,江西省,地级市,core,2018,2018-12-31,prefecture_whole,secondary_debt,2700.19,8.68,522.00,267.89,556.28,,,,,,,622.31,,23.05,232.30,232.30,48.16,,,未采集,SRC-CITY-PANEL-1990-2023;SRC-SECONDARY-CEIC-CN-360400,D,needs_review,true,已接入商业数据库公开城市债务页的 provisional 补缺值；经济财政字段与债务字段来源状态分开记录，必须回到官方预算/决算或统计公报复核。
CN-360500,360500,新余市,36,江西省,地级市,core,2018,2018-12-31,prefecture_whole,secondary_debt,1027.34,8.30,118.00,76.36,140.26,,,,,,,191.28,,18.62,250.50,250.50,54.44,,,未采集,SRC-CITY-PANEL-1990-2023;SRC-SECONDARY-CEIC-CN-360500,D,needs_review,true,已接入商业数据库公开城市债务页的 provisional 补缺值；经济财政字段与债务字段来源状态分开记录，必须回到官方预算/决算或统计公报复核。
CN-360600,360600,鹰潭市,36,江西省,地级市,core,2018,2018-12-31,prefecture_whole,secondary_debt,818.98,8.70,128.00,80.63,140.18,,,,,,,38.90,,4.75,48.25,48.25,57.52,,,未采集,SRC-CITY-PANEL-1990-2023;SRC-SECONDARY-DEBT-JIANGXI-YINGTAN-2018-FAR-EAST,B2,needs_review,true,已接入评级报告或其他二手公开来源的债务补缺值；不等同于官方决算数据，必须回到财政/人大预算决算或官方债务表复核。
CN-360700,360700,赣州市,36,江西省,地级市,core,2018,2018-12-31,prefecture_whole,secondary_debt,2807.24,9.31,978.00,265.22,857.59,,,324.64,,237.34,,561.97,,20.02,211.89,211.89,30.93,,,未采集,SRC-CITY-PANEL-1990-2023;SRC-SECONDARY-DEBT-JIANGXI-GANZHOU-2018,B2,needs_review,true,已接入评级报告或其他二手公开来源的债务补缺值；不等同于官方决算数据，必须回到财政/人大预算决算或官方债务表复核。
CN-360800,360800,吉安市,36,江西省,地级市,core,2018,2018-12-31,prefecture_whole,secondary_debt,1742.23,8.88,538.00,168.35,484.52,,,152.11,,140.67,,292.79,,16.81,173.92,173.92,34.75,,,未采集,SRC-CITY-PANEL-1990-2023;SRC-SECONDARY-DEBT-JIANGXI-JIAN-2018,B2,needs_review,true,已接入评级报告或其他二手公开来源的债务补缺值；不等同于官方决算数据，必须回到财政/人大预算决算或官方债务表复核。
CN-360900,360900,宜春市,36,江西省,地级市,core,2018,2018-12-31,prefecture_whole,secondary_debt,2180.85,8.10,603.00,236.42,523.39,,,53.99,,32.38,,86.37,,3.96,36.53,36.53,45.17,,,未采集,SRC-CITY-PANEL-1990-2023;SRC-SECONDARY-DEBT-JIANGXI-YICHUN-2018,B2,needs_review,true,已接入评级报告或其他二手公开来源的债务补缺值；不等同于官方决算数据，必须回到财政/人大预算决算或官方债务表复核。
CN-361000,361000,抚州市,36,江西省,地级市,core,2018,2018-12-31,prefecture_whole,secondary_debt,1382.40,8.00,431.00,129.04,403.65,,,,,,,293.07,,21.20,227.12,227.12,31.97,,,未采集,SRC-CITY-PANEL-1990-2023;SRC-SECONDARY-DEBT-JIANGXI-FUZHOU-2018,B2,needs_review,true,已接入评级报告或其他二手公开来源的债务补缺值；不等同于官方决算数据，必须回到财政/人大预算决算或官方债务表复核。
CN-361100,361100,上饶市,36,江西省,地级市,core,2018,2018-12-31,prefecture_whole,secondary_debt,2217.48,9.00,786.00,222.83,622.27,,,129.95,,47.27,,177.22,,7.99,79.53,79.53,35.81,,,未采集,SRC-CITY-PANEL-1990-2023;SRC-SECONDARY-DEBT-JIANGXI-SHANGRAO-2018,B2,needs_review,true,已接入评级报告或其他二手公开来源的债务补缺值；不等同于官方决算数据，必须回到财政/人大预算决算或官方债务表复核。
CN-370100,370100,济南市,37,山东省,地级市,core,2018,2018-12-31,prefecture_whole,secondary_debt,7856.56,7.40,650.00,752.82,1018.25,,,,,,,1179.50,,15.01,156.68,156.68,73.93,,,未采集,SRC-CITY-PANEL-1990-2023;SRC-SECONDARY-SHANDONG-2018-CITY-TABLE,B2,needs_review,true,已接入评级报告或其他二手公开来源的债务补缺值；不等同于官方决算数据，必须回到财政/人大预算决算或官方债务表复核。
CN-370200,370200,青岛市,37,山东省,地级市,core,2018,2018-12-31,prefecture_whole,official_debt,12001.52,7.40,811.00,1231.91,1559.78,,,706.09,,566.04,,1272.13,,10.60,103.26,103.26,78.98,,,未采集,SRC-CITY-PANEL-1990-2023;SRC-CELMA-API-DEBT-3702-2018,A2,extracted,true,已从省级财政厅官方地级行政单元债务明细表提取；经济财政字段与债务字段的来源状态分开记录。
CN-370300,370300,淄博市,37,山东省,地级市,core,2018,2018-12-31,prefecture_whole,secondary_debt,5068.35,6.06,434.00,385.23,474.63,,,,,,,568.00,,11.21,147.44,147.44,81.16,,,未采集,SRC-CITY-PANEL-1990-2023;SRC-SECONDARY-SHANDONG-2018-CITY-TABLE,B2,needs_review,true,已接入评级报告或其他二手公开来源的债务补缺值；不等同于官方决算数据，必须回到财政/人大预算决算或官方债务表复核。
CN-370400,370400,枣庄市,37,山东省,地级市,core,2018,2018-12-31,prefecture_whole,secondary_debt,2402.38,4.30,418.00,148.70,259.74,,,,,,,371.30,,15.46,249.70,249.70,57.25,,,未采集,SRC-CITY-PANEL-1990-2023;SRC-SECONDARY-SHANDONG-2018-CITY-TABLE,B2,needs_review,true,已接入评级报告或其他二手公开来源的债务补缺值；不等同于官方决算数据，必须回到财政/人大预算决算或官方债务表复核。
CN-370500,370500,东营市,37,山东省,地级市,core,2018,2018-12-31,prefecture_whole,secondary_debt,4152.47,4.50,196.00,244.59,306.30,,,,,,,312.50,,7.53,127.76,127.76,79.85,,,未采集,SRC-CITY-PANEL-1990-2023;SRC-SECONDARY-SHANDONG-2018-CITY-TABLE,B2,needs_review,true,已接入评级报告或其他二手公开来源的债务补缺值；不等同于官方决算数据，必须回到财政/人大预算决算或官方债务表复核。
CN-370600,370600,烟台市,37,山东省,地级市,core,2018,2018-12-31,prefecture_whole,secondary_debt,7832.58,6.40,654.00,636.62,755.99,,,,,,,910.20,,11.62,142.97,142.97,84.21,,,未采集,SRC-CITY-PANEL-1990-2023;SRC-SECONDARY-SHANDONG-2018-CITY-TABLE,B2,needs_review,true,已接入评级报告或其他二手公开来源的债务补缺值；不等同于官方决算数据，必须回到财政/人大预算决算或官方债务表复核。
CN-370700,370700,潍坊市,37,山东省,地级市,core,2018,2018-12-31,prefecture_whole,secondary_debt,6156.78,6.50,911.00,569.80,733.49,,,,,,,1147.50,,18.64,201.39,201.39,77.68,,,未采集,SRC-CITY-PANEL-1990-2023;SRC-SECONDARY-SHANDONG-2018-CITY-TABLE,B2,needs_review,true,已接入评级报告或其他二手公开来源的债务补缺值；不等同于官方决算数据，必须回到财政/人大预算决算或官方债务表复核。
CN-370800,370800,济宁市,37,山东省,地级市,core,2018,2018-12-31,prefecture_whole,secondary_debt,4930.58,5.76,885.00,400.02,619.62,,,,,,,730.00,,14.81,182.49,182.49,64.56,,,未采集,SRC-CITY-PANEL-1990-2023;SRC-SECONDARY-SHANDONG-2018-CITY-TABLE,B2,needs_review,true,已接入评级报告或其他二手公开来源的债务补缺值；不等同于官方决算数据，必须回到财政/人大预算决算或官方债务表复核。
CN-370900,370900,泰安市,37,山东省,地级市,core,2018,2018-12-31,prefecture_whole,secondary_debt,3651.53,5.67,572.00,219.53,381.04,,,,,,,517.00,,14.16,235.50,235.50,57.61,,,未采集,SRC-CITY-PANEL-1990-2023;SRC-SECONDARY-SHANDONG-2018-CITY-TABLE,B2,needs_review,true,已接入评级报告或其他二手公开来源的债务补缺值；不等同于官方决算数据，必须回到财政/人大预算决算或官方债务表复核。
CN-371000,371000,威海市,37,山东省,地级市,core,2018,2018-12-31,prefecture_whole,secondary_debt,3641.48,6.80,256.00,284.44,363.84,,,,,,,561.70,,15.43,197.48,197.48,78.18,,,未采集,SRC-CITY-PANEL-1990-2023;SRC-SECONDARY-SHANDONG-2018-CITY-TABLE,B2,needs_review,true,已接入评级报告或其他二手公开来源的债务补缺值；不等同于官方决算数据，必须回到财政/人大预算决算或官方债务表复核。
CN-371100,371100,日照市,37,山东省,地级市,core,2018,2018-12-31,prefecture_whole,secondary_debt,2202.17,7.30,305.00,159.77,259.55,,,,,,,261.10,,11.86,163.42,163.42,61.56,,,未采集,SRC-CITY-PANEL-1990-2023;SRC-SECONDARY-SHANDONG-2018-CITY-TABLE,B2,needs_review,true,已接入评级报告或其他二手公开来源的债务补缺值；不等同于官方决算数据，必须回到财政/人大预算决算或官方债务表复核。
CN-371200,371200,莱芜市,37,山东省,地级市,core,2018,2018-12-31,prefecture_whole,official_debt,1005.65,7.20,129.00,62.57,100.35,,,,,,,69.00,,6.86,110.28,110.28,62.35,,,未采集,SRC-CITY-PANEL-1990-2023;SRC-OFFICIAL-DEBT-JINAN-LAIWU-2018,A1,extracted,true,已从省级财政厅官方地级行政单元债务明细表提取；经济财政字段与债务字段的来源状态分开记录。
CN-371300,371300,临沂市,37,山东省,地级市,core,2018,2018-12-31,prefecture_whole,secondary_debt,4717.80,7.30,1171.00,311.84,639.13,,,,,,,897.90,,19.03,287.94,287.94,48.79,,,未采集,SRC-CITY-PANEL-1990-2023;SRC-SECONDARY-SHANDONG-2018-CITY-TABLE,B2,needs_review,true,已接入评级报告或其他二手公开来源的债务补缺值；不等同于官方决算数据，必须回到财政/人大预算决算或官方债务表复核。
CN-371400,371400,德州市,37,山东省,地级市,core,2018,2018-12-31,prefecture_whole,secondary_debt,3380.30,6.69,597.00,202.52,414.15,,,,,,,609.30,,18.03,300.86,300.86,48.90,,,未采集,SRC-CITY-PANEL-1990-2023;SRC-SECONDARY-SHANDONG-2018-CITY-TABLE,B2,needs_review,true,已接入评级报告或其他二手公开来源的债务补缺值；不等同于官方决算数据，必须回到财政/人大预算决算或官方债务表复核。
CN-371500,371500,聊城市,37,山东省,地级市,core,2018,2018-12-31,prefecture_whole,secondary_debt,3152.15,5.40,642.00,194.27,409.21,,,,,,,367.90,,11.67,189.38,189.38,47.47,,,未采集,SRC-CITY-PANEL-1990-2023;SRC-SECONDARY-SHANDONG-2018-CITY-TABLE,B2,needs_review,true,已接入评级报告或其他二手公开来源的债务补缺值；不等同于官方决算数据，必须回到财政/人大预算决算或官方债务表复核。
CN-371600,371600,滨州市,37,山东省,地级市,core,2018,2018-12-31,prefecture_whole,secondary_debt,2640.52,1.51,395.00,240.54,345.32,,,,,,,472.90,,17.91,196.60,196.60,69.66,,,未采集,SRC-CITY-PANEL-1990-2023;SRC-SECONDARY-SHANDONG-2018-CITY-TABLE,B2,needs_review,true,已接入评级报告或其他二手公开来源的债务补缺值；不等同于官方决算数据，必须回到财政/人大预算决算或官方债务表复核。
CN-371700,371700,菏泽市,37,山东省,地级市,core,2018,2018-12-31,prefecture_whole,secondary_debt,3078.78,7.90,1022.00,206.03,551.84,,,,,,,398.10,,12.93,193.22,193.22,37.34,,,未采集,SRC-CITY-PANEL-1990-2023;SRC-SECONDARY-SHANDONG-2018-CITY-TABLE,B2,needs_review,true,已接入评级报告或其他二手公开来源的债务补缺值；不等同于官方决算数据，必须回到财政/人大预算决算或官方债务表复核。
CN-410100,410100,郑州市,41,河南省,地级市,core,2018,2018-12-31,prefecture_whole,secondary_debt,10143.32,8.30,853.00,1152.06,1763.34,,,,,,,1784.90,,17.60,154.93,154.93,65.33,,,未采集,SRC-CITY-PANEL-1990-2023;SRC-SECONDARY-RATING-HENAN-2017-2019-CITY-CHART,B2,needs_review,true,已接入评级报告或其他二手公开来源的债务补缺值；不等同于官方决算数据，必须回到财政/人大预算决算或官方债务表复核。
CN-410200,410200,开封市,41,河南省,地级市,core,2018,2018-12-31,prefecture_whole,secondary_debt,2002.23,6.97,559.00,140.64,368.43,,,,,,,268.30,,13.40,190.77,190.77,38.17,,,未采集,SRC-CITY-PANEL-1990-2023;SRC-SECONDARY-RATING-HENAN-2017-2019-CITY-CHART,B2,needs_review,true,已接入评级报告或其他二手公开来源的债务补缺值；不等同于官方决算数据，必须回到财政/人大预算决算或官方债务表复核。
CN-410300,410300,洛阳市,41,河南省,地级市,core,2018,2018-12-31,prefecture_whole,secondary_debt,4640.78,7.90,739.00,342.66,597.47,,,,,,,401.70,,8.66,117.23,117.23,57.35,,,未采集,SRC-CITY-PANEL-1990-2023;SRC-SECONDARY-RATING-HENAN-2017-2019-CITY-CHART,B2,needs_review,true,已接入评级报告或其他二手公开来源的债务补缺值；不等同于官方决算数据，必须回到财政/人大预算决算或官方债务表复核。
CN-410400,410400,平顶山市,41,河南省,地级市,core,2018,2018-12-31,prefecture_whole,secondary_debt,2135.22,7.48,569.00,154.38,362.55,,,,,,,219.70,,10.29,142.31,142.31,42.58,,,未采集,SRC-CITY-PANEL-1990-2023;SRC-SECONDARY-RATING-HENAN-2017-2019-CITY-CHART,B2,needs_review,true,已接入评级报告或其他二手公开来源的债务补缺值；不等同于官方决算数据，必须回到财政/人大预算决算或官方债务表复核。
CN-410500,410500,安阳市,41,河南省,地级市,core,2018,2018-12-31,prefecture_whole,secondary_debt,2393.22,6.70,626.00,154.05,361.23,,,,,,,256.10,,10.70,166.24,166.24,42.65,,,未采集,SRC-CITY-PANEL-1990-2023;SRC-SECONDARY-RATING-HENAN-2017-2019-CITY-CHART,B2,needs_review,true,已接入评级报告或其他二手公开来源的债务补缺值；不等同于官方决算数据，必须回到财政/人大预算决算或官方债务表复核。
CN-410600,410600,鹤壁市,41,河南省,地级市,core,2018,2018-12-31,prefecture_whole,secondary_debt,861.90,5.90,170.00,64.54,130.58,,,,,,,134.80,,15.64,208.86,208.86,49.43,,,未采集,SRC-CITY-PANEL-1990-2023;SRC-SECONDARY-RATING-HENAN-2017-2019-CITY-CHART,B2,needs_review,true,已接入评级报告或其他二手公开来源的债务补缺值；不等同于官方决算数据，必须回到财政/人大预算决算或官方债务表复核。
CN-410700,410700,新乡市,41,河南省,地级市,core,2018,2018-12-31,prefecture_whole,secondary_debt,2526.55,7.14,652.00,172.66,403.87,,,,,,,280.40,,11.10,162.40,162.40,42.75,,,未采集,SRC-CITY-PANEL-1990-2023;SRC-SECONDARY-RATING-HENAN-2017-2019-CITY-CHART,B2,needs_review,true,已接入评级报告或其他二手公开来源的债务补缺值；不等同于官方决算数据，必须回到财政/人大预算决算或官方债务表复核。
CN-410800,410800,焦作市,41,河南省,地级市,core,2018,2018-12-31,prefecture_whole,secondary_debt,2371.50,6.31,372.00,145.50,268.96,,,,,,,159.10,,6.71,109.35,109.35,54.10,,,未采集,SRC-CITY-PANEL-1990-2023;SRC-SECONDARY-RATING-HENAN-2017-2019-CITY-CHART,B2,needs_review,true,已接入评级报告或其他二手公开来源的债务补缺值；不等同于官方决算数据，必须回到财政/人大预算决算或官方债务表复核。
CN-410900,410900,濮阳市,41,河南省,地级市,core,2018,2018-12-31,prefecture_whole,secondary_debt,1654.47,5.80,433.00,91.66,310.06,,,,,,,219.70,,13.28,239.69,239.69,29.56,,,未采集,SRC-CITY-PANEL-1990-2023;SRC-SECONDARY-RATING-HENAN-2017-2019-CITY-CHART,B2,needs_review,true,已接入评级报告或其他二手公开来源的债务补缺值；不等同于官方决算数据，必须回到财政/人大预算决算或官方债务表复核。
CN-411000,411000,许昌市,41,河南省,地级市,core,2018,2018-12-31,prefecture_whole,secondary_debt,2830.62,8.57,509.00,166.14,318.74,,,,,,,256.10,,9.05,154.15,154.15,52.12,,,未采集,SRC-CITY-PANEL-1990-2023;SRC-SECONDARY-RATING-HENAN-2017-2019-CITY-CHART,B2,needs_review,true,已接入评级报告或其他二手公开来源的债务补缺值；不等同于官方决算数据，必须回到财政/人大预算决算或官方债务表复核。
CN-411100,411100,漯河市,41,河南省,地级市,core,2018,2018-12-31,prefecture_whole,secondary_debt,1236.66,8.30,268.00,88.36,184.06,,,,,,,110.50,,8.94,125.06,125.06,48.01,,,未采集,SRC-CITY-PANEL-1990-2023;SRC-SECONDARY-RATING-HENAN-2017-2019-CITY-CHART,B2,needs_review,true,已接入评级报告或其他二手公开来源的债务补缺值；不等同于官方决算数据，必须回到财政/人大预算决算或官方债务表复核。
CN-411200,411200,三门峡市,41,河南省,地级市,core,2018,2018-12-31,prefecture_whole,secondary_debt,1528.12,8.00,228.00,120.20,243.92,42.62,,,,,,134.80,,8.82,112.15,112.15,49.28,26.18,35.46,城市预算执行报告（全市口径，A2精确来源）,SRC-CITY-PANEL-1990-2023;SRC-SECONDARY-RATING-HENAN-2017-2019-CITY-CHART;SRC-A2-SANMENXIA-CITY-FUND-2018,A2,extracted,true,已接入评级报告或其他二手公开来源的债务补缺值；不等同于官方决算数据，必须回到财政/人大预算决算或官方债务表复核。；已接入2018年三门峡市全市政府性基金预算收入精确披露；来源等级为A2，保留执行状态，不改写为最终决算。
CN-411300,411300,南阳市,41,河南省,地级市,core,2018,2018-12-31,prefecture_whole,secondary_debt,3566.77,7.40,1236.00,181.90,648.65,,,,,,,365.30,,10.24,200.82,200.82,28.04,,,未采集,SRC-CITY-PANEL-1990-2023;SRC-SECONDARY-RATING-HENAN-2017-2019-CITY-CHART,B2,needs_review,true,已接入评级报告或其他二手公开来源的债务补缺值；不等同于官方决算数据，必须回到财政/人大预算决算或官方债务表复核。
CN-411400,411400,商丘市,41,河南省,地级市,core,2018,2018-12-31,prefecture_whole,secondary_debt,2389.03,8.70,993.00,153.66,502.57,,,,,,,256.10,,10.72,166.67,166.67,30.57,,,未采集,SRC-CITY-PANEL-1990-2023;SRC-SECONDARY-RATING-HENAN-2017-2019-CITY-CHART,B2,needs_review,true,已接入评级报告或其他二手公开来源的债务补缺值；不等同于官方决算数据，必须回到财政/人大预算决算或官方债务表复核。
CN-411500,411500,信阳市,41,河南省,地级市,core,2018,2018-12-31,prefecture_whole,secondary_debt,2387.80,8.30,912.00,110.61,522.75,,,,,,,231.90,,9.71,209.66,209.66,21.16,,,未采集,SRC-CITY-PANEL-1990-2023;SRC-SECONDARY-RATING-HENAN-2017-2019-CITY-CHART,B2,needs_review,true,已接入评级报告或其他二手公开来源的债务补缺值；不等同于官方决算数据，必须回到财政/人大预算决算或官方债务表复核。
CN-411600,411600,周口市,41,河南省,地级市,core,2018,2018-12-31,prefecture_whole,secondary_debt,2687.21,8.20,1258.00,129.34,618.65,,,,,,,280.40,,10.43,216.79,216.79,20.91,,,未采集,SRC-CITY-PANEL-1990-2023;SRC-SECONDARY-RATING-HENAN-2017-2019-CITY-CHART,B2,needs_review,true,已接入评级报告或其他二手公开来源的债务补缺值；不等同于官方决算数据，必须回到财政/人大预算决算或官方债务表复核。
CN-411700,411700,驻马店市,41,河南省,地级市,core,2018,2018-12-31,prefecture_whole,secondary_debt,2370.33,8.50,963.00,139.27,548.15,184.70,,,,,,219.70,,9.27,157.75,157.75,25.41,57.01,132.62,城市预算执行报告（全市口径，A2精确来源）,SRC-CITY-PANEL-1990-2023;SRC-SECONDARY-RATING-HENAN-2017-2019-CITY-CHART;SRC-A2-ZHUMADIAN-CITY-FUND-2018,A2,extracted,true,已接入评级报告或其他二手公开来源的债务补缺值；不等同于官方决算数据，必须回到财政/人大预算决算或官方债务表复核。；已接入2018年驻马店市全市政府性基金预算收入精确披露；来源等级为A2，保留执行状态，不改写为最终决算。
CN-419000,419000,省直辖县级行政区划,41,河南省,地级市,core,2018,2018-12-31,prefecture_whole,secondary_debt,,,,,,,,,,,,74.10,,,,,,,,未采集,SRC-SECONDARY-RATING-HENAN-2017-2019-CITY-CHART,B2,needs_review,true,已接入评级报告或其他二手公开来源的债务补缺值；不等同于官方决算数据，必须回到财政/人大预算决算或官方债务表复核。
CN-420100,420100,武汉市,42,湖北省,地级市,core,2018,2018-12-31,prefecture_whole,secondary_debt,14847.29,8.00,869.00,1528.70,1929.31,,,,,,,2650.00,,17.85,173.35,173.35,79.24,,,未采集,SRC-CITY-PANEL-1990-2023;SRC-SECONDARY-DEBT-HUBEI-2018-CITY-TOTALS,B2,needs_review,true,已接入评级报告或其他二手公开来源的债务补缺值；不等同于官方决算数据，必须回到财政/人大预算决算或官方债务表复核。
CN-420200,420200,黄石市,42,湖北省,地级市,core,2018,2018-12-31,prefecture_whole,secondary_debt,1587.33,7.80,273.00,117.02,246.50,,,,,,,208.10,,13.11,177.83,177.83,47.47,,,未采集,SRC-CITY-PANEL-1990-2023;SRC-SECONDARY-DEBT-HUBEI-2018-CITY-TOTALS,B2,needs_review,true,已接入评级报告或其他二手公开来源的债务补缺值；不等同于官方决算数据，必须回到财政/人大预算决算或官方债务表复核。
CN-420300,420300,十堰市,42,湖北省,地级市,core,2018,2018-12-31,prefecture_whole,secondary_debt,1747.82,7.20,346.00,113.30,374.14,,,,,,,373.30,,21.36,329.48,329.48,30.28,,,未采集,SRC-CITY-PANEL-1990-2023;SRC-SECONDARY-DEBT-HUBEI-2018-CITY-TOTALS,B2,needs_review,true,已接入评级报告或其他二手公开来源的债务补缺值；不等同于官方决算数据，必须回到财政/人大预算决算或官方债务表复核。
CN-420500,420500,宜昌市,42,湖北省,地级市,core,2018,2018-12-31,prefecture_whole,secondary_debt,4064.18,7.70,392.00,237.24,503.58,,,,,,,534.30,,13.15,225.21,225.21,47.11,,,未采集,SRC-CITY-PANEL-1990-2023;SRC-SECONDARY-DEBT-HUBEI-2018-CITY-TOTALS,B2,needs_review,true,已接入评级报告或其他二手公开来源的债务补缺值；不等同于官方决算数据，必须回到财政/人大预算决算或官方债务表复核。
CN-420600,420600,襄阳市,42,湖北省,地级市,core,2018,2018-12-31,prefecture_whole,secondary_debt,4309.79,7.75,592.00,295.52,670.97,,,,,,,543.40,,12.61,183.88,183.88,44.04,,,未采集,SRC-CITY-PANEL-1990-2023;SRC-SECONDARY-DEBT-HUBEI-2018-CITY-TOTALS,B2,needs_review,true,已接入评级报告或其他二手公开来源的债务补缺值；不等同于官方决算数据，必须回到财政/人大预算决算或官方债务表复核。
CN-420700,420700,鄂州市,42,湖北省,地级市,core,2018,2018-12-31,prefecture_whole,secondary_debt,1005.30,8.20,108.00,57.93,122.55,,,,,,,120.40,,11.98,207.84,207.84,47.27,,,未采集,SRC-CITY-PANEL-1990-2023;SRC-SECONDARY-DEBT-HUBEI-2018-CITY-TOTALS,B2,needs_review,true,已接入评级报告或其他二手公开来源的债务补缺值；不等同于官方决算数据，必须回到财政/人大预算决算或官方债务表复核。
CN-420800,420800,荆门市,42,湖北省,地级市,core,2018,2018-12-31,prefecture_whole,secondary_debt,1847.89,8.00,294.00,105.76,269.31,,,,,,,198.40,,10.74,187.59,187.59,39.27,,,未采集,SRC-CITY-PANEL-1990-2023;SRC-SECONDARY-DEBT-HUBEI-2018-CITY-TOTALS,B2,needs_review,true,已接入评级报告或其他二手公开来源的债务补缺值；不等同于官方决算数据，必须回到财政/人大预算决算或官方债务表复核。
CN-420900,420900,孝感市,42,湖北省,地级市,core,2018,2018-12-31,prefecture_whole,secondary_debt,1912.90,8.10,528.00,130.19,382.52,,,,,,,308.70,,16.14,237.11,237.11,34.03,,,未采集,SRC-CITY-PANEL-1990-2023;SRC-SECONDARY-DEBT-HUBEI-2018-CITY-TOTALS,B2,needs_review,true,已接入评级报告或其他二手公开来源的债务补缺值；不等同于官方决算数据，必须回到财政/人大预算决算或官方债务表复核。
CN-421000,421000,荆州市,42,湖北省,地级市,core,2018,2018-12-31,prefecture_whole,secondary_debt,2082.18,7.50,642.00,134.31,433.18,,,,,,,316.30,,15.19,235.50,235.50,31.01,,,未采集,SRC-CITY-PANEL-1990-2023;SRC-SECONDARY-DEBT-HUBEI-2018-CITY-TOTALS,B2,needs_review,true,已接入评级报告或其他二手公开来源的债务补缺值；不等同于官方决算数据，必须回到财政/人大预算决算或官方债务表复核。
CN-421100,421100,黄冈市,42,湖北省,地级市,core,2018,2018-12-31,prefecture_whole,secondary_debt,2035.20,7.20,743.00,139.24,482.63,,,,,,,356.20,,17.50,255.82,255.82,28.85,,,未采集,SRC-CITY-PANEL-1990-2023;SRC-SECONDARY-DEBT-HUBEI-2018-CITY-TOTALS,B2,needs_review,true,已接入评级报告或其他二手公开来源的债务补缺值；不等同于官方决算数据，必须回到财政/人大预算决算或官方债务表复核。
CN-421200,421200,咸宁市,42,湖北省,地级市,core,2018,2018-12-31,prefecture_whole,secondary_debt,1362.42,8.50,305.00,91.32,248.34,,,,,,,183.40,,13.46,200.83,200.83,36.77,,,未采集,SRC-CITY-PANEL-1990-2023;SRC-SECONDARY-DEBT-HUBEI-2018-CITY-TOTALS,B2,needs_review,true,已接入评级报告或其他二手公开来源的债务补缺值；不等同于官方决算数据，必须回到财政/人大预算决算或官方债务表复核。
CN-421300,421300,随州市,42,湖北省,地级市,core,2018,2018-12-31,prefecture_whole,secondary_debt,1011.19,7.80,250.00,47.38,154.14,,,,,,,114.80,,11.35,242.30,242.30,30.74,,,未采集,SRC-CITY-PANEL-1990-2023;SRC-SECONDARY-DEBT-HUBEI-2018-CITY-TOTALS,B2,needs_review,true,已接入评级报告或其他二手公开来源的债务补缺值；不等同于官方决算数据，必须回到财政/人大预算决算或官方债务表复核。
CN-422800,422800,恩施土家族苗族自治州,42,湖北省,自治州,extended,2018,2018-12-31,prefecture_whole,secondary_debt,,,,,,,,,,,,256.80,,,,,,,,未采集,SRC-SECONDARY-DEBT-HUBEI-2018-CITY-TOTALS,B2,needs_review,true,已接入评级报告或其他二手公开来源的债务补缺值；不等同于官方决算数据，必须回到财政/人大预算决算或官方债务表复核。
CN-429000,429000,省直辖县级行政区划,42,湖北省,地级市,core,2018,2018-12-31,prefecture_whole,official_debt,,,,,,,,,,,,172.91,,,,,,,,未采集,SRC-OFFICIAL-DEBT-HUBEI-2018-DIRECT-AGG,A1,extracted,true,已从省级财政厅官方地级行政单元债务明细表提取；经济财政字段与债务字段的来源状态分开记录。
CN-430100,430100,长沙市,43,湖南省,地级市,core,2018,2018-12-31,prefecture_whole,official_debt,11003.41,8.52,719.00,879.71,1300.79,,,557.53,,974.56,,1532.09,,13.92,174.16,174.16,67.63,,,未采集,SRC-CITY-PANEL-1990-2023;SRC-PROVINCE-DEBT-HUNAN-2018,A1,extracted,true,已从省级财政厅官方地级行政单元债务明细表提取；经济财政字段与债务字段的来源状态分开记录。
CN-430200,430200,株洲市,43,湖南省,地级市,core,2018,2018-12-31,prefecture_whole,official_debt,2631.54,7.80,403.00,189.32,456.28,,,282.77,,286.21,,568.98,,21.62,300.54,300.54,41.49,,,未采集,SRC-CITY-PANEL-1990-2023;SRC-PROVINCE-DEBT-HUNAN-2018,A1,extracted,true,已从省级财政厅官方地级行政单元债务明细表提取；经济财政字段与债务字段的来源状态分开记录。
CN-430300,430300,湘潭市,43,湖南省,地级市,core,2018,2018-12-31,prefecture_whole,official_debt,2161.36,7.80,289.00,126.26,307.47,,,173.73,,203.08,,376.81,,17.43,298.44,298.44,41.06,,,未采集,SRC-CITY-PANEL-1990-2023;SRC-PROVINCE-DEBT-HUNAN-2018,A1,extracted,true,已从省级财政厅官方地级行政单元债务明细表提取；经济财政字段与债务字段的来源状态分开记录。
CN-430400,430400,衡阳市,43,湖南省,地级市,core,2018,2018-12-31,prefecture_whole,official_debt,3046.03,8.30,800.00,161.35,531.48,,,318.39,,328.11,,646.50,,21.22,400.68,400.68,30.36,,,未采集,SRC-CITY-PANEL-1990-2023;SRC-PROVINCE-DEBT-HUNAN-2018,A1,extracted,true,已从省级财政厅官方地级行政单元债务明细表提取；经济财政字段与债务字段的来源状态分开记录。
CN-430500,430500,邵阳市,43,湖南省,地级市,core,2018,2018-12-31,prefecture_whole,official_debt,1782.65,7.60,827.00,94.24,548.16,,,275.83,,109.59,,385.42,,21.62,408.98,408.98,17.19,,,未采集,SRC-CITY-PANEL-1990-2023;SRC-PROVINCE-DEBT-HUNAN-2018,A1,extracted,true,已从省级财政厅官方地级行政单元债务明细表提取；经济财政字段与债务字段的来源状态分开记录。
CN-430600,430600,岳阳市,43,湖南省,地级市,core,2018,2018-12-31,prefecture_whole,official_debt,3411.01,8.30,568.00,143.89,531.76,,,303.62,,184.45,,488.07,,14.31,339.20,339.20,27.06,,,未采集,SRC-CITY-PANEL-1990-2023;SRC-PROVINCE-DEBT-HUNAN-2018,A1,extracted,true,已从省级财政厅官方地级行政单元债务明细表提取；经济财政字段与债务字段的来源状态分开记录。
CN-430700,430700,常德市,43,湖南省,地级市,core,2018,2018-12-31,prefecture_whole,official_debt,3394.20,8.20,606.00,174.39,548.12,,,417.64,,82.53,,500.17,,14.74,286.81,286.81,31.82,,,未采集,SRC-CITY-PANEL-1990-2023;SRC-PROVINCE-DEBT-HUNAN-2018,A1,extracted,true,已从省级财政厅官方地级行政单元债务明细表提取；经济财政字段与债务字段的来源状态分开记录。
CN-430800,430800,张家界市,43,湖南省,地级市,core,2018,2018-12-31,prefecture_whole,official_debt,578.92,7.50,170.00,34.66,175.58,,,123.88,,29.04,,152.92,,26.41,441.20,441.20,19.74,,,未采集,SRC-CITY-PANEL-1990-2023;SRC-PROVINCE-DEBT-HUNAN-2018,A1,extracted,true,已从省级财政厅官方地级行政单元债务明细表提取；经济财政字段与债务字段的来源状态分开记录。
CN-430900,430900,益阳市,43,湖南省,地级市,core,2018,2018-12-31,prefecture_whole,official_debt,1758.38,8.10,478.00,71.15,356.34,,,199.63,,114.20,,313.83,,17.85,441.08,441.08,19.97,,,未采集,SRC-CITY-PANEL-1990-2023;SRC-PROVINCE-DEBT-HUNAN-2018,A1,extracted,true,已从省级财政厅官方地级行政单元债务明细表提取；经济财政字段与债务字段的来源状态分开记录。
CN-431000,431000,郴州市,43,湖南省,地级市,core,2018,2018-12-31,prefecture_whole,official_debt,2391.87,8.30,534.00,133.64,417.30,,,500.71,,180.50,,681.21,,28.48,509.74,509.74,32.02,,,未采集,SRC-CITY-PANEL-1990-2023;SRC-PROVINCE-DEBT-HUNAN-2018,A1,extracted,true,已从省级财政厅官方地级行政单元债务明细表提取；经济财政字段与债务字段的来源状态分开记录。
CN-431100,431100,永州市,43,湖南省,地级市,core,2018,2018-12-31,prefecture_whole,official_debt,1805.65,7.80,643.00,118.10,460.81,,,288.22,,81.56,,369.78,,20.48,313.11,313.11,25.63,,,未采集,SRC-CITY-PANEL-1990-2023;SRC-PROVINCE-DEBT-HUNAN-2018,A1,extracted,true,已从省级财政厅官方地级行政单元债务明细表提取；经济财政字段与债务字段的来源状态分开记录。
CN-431200,431200,怀化市,43,湖南省,地级市,core,2018,2018-12-31,prefecture_whole,official_debt,1513.27,8.10,523.00,89.72,462.24,,,299.99,,160.63,,460.62,,30.44,513.40,513.40,19.41,,,未采集,SRC-CITY-PANEL-1990-2023;SRC-PROVINCE-DEBT-HUNAN-2018,A1,extracted,true,已从省级财政厅官方地级行政单元债务明细表提取；经济财政字段与债务字段的来源状态分开记录。
CN-431300,431300,娄底市,43,湖南省,地级市,core,2018,2018-12-31,prefecture_whole,official_debt,1540.41,8.60,454.00,70.30,303.29,,,200.57,,90.00,,290.57,,18.86,413.33,413.33,23.18,,,未采集,SRC-CITY-PANEL-1990-2023;SRC-PROVINCE-DEBT-HUNAN-2018,A1,extracted,true,已从省级财政厅官方地级行政单元债务明细表提取；经济财政字段与债务字段的来源状态分开记录。
CN-433100,433100,湘西土家族苗族自治州,43,湖南省,自治州,extended,2018,2018-12-31,prefecture_whole,official_debt,,,,,,,,206.49,,31.32,,237.81,,,,,,,,未采集,SRC-PROVINCE-DEBT-HUNAN-2018,A1,extracted,true,已从省级财政厅官方地级行政单元债务明细表提取；经济财政字段与债务字段的来源状态分开记录。
CN-440100,440100,广州市,44,广东省,地级市,core,2018,2018-12-31,prefecture_whole,official_debt,22859.35,6.20,913.00,1634.22,2506.18,,1053.62,900.97,1747.56,1502.83,2801.18,2403.79,85.81,10.52,147.09,147.09,65.21,,,未采集,SRC-CITY-PANEL-1990-2023;SRC-OFFICIAL-DEBT-GUANGDONG-2018-TABLE18,A1,extracted,true,已从省级财政厅官方地级行政单元债务明细表提取；经济财政字段与债务字段的来源状态分开记录。
CN-440200,440200,韶关市,44,广东省,地级市,core,2018,2018-12-31,prefecture_whole,official_debt,1343.91,4.30,336.00,94.70,339.27,,163.13,128.64,80.47,65.50,243.60,194.14,79.70,14.45,205.01,205.01,27.91,,,未采集,SRC-CITY-PANEL-1990-2023;SRC-OFFICIAL-DEBT-GUANGDONG-2018-TABLE18,A1,extracted,true,已从省级财政厅官方地级行政单元债务明细表提取；经济财政字段与债务字段的来源状态分开记录。
CN-440300,440300,深圳市,44,广东省,地级市,core,2018,2018-12-31,prefecture_whole,official_debt,24221.98,7.60,445.00,3538.41,4282.54,,313.60,86.52,70.90,59.40,384.50,145.92,37.95,0.60,4.12,4.12,82.62,,,未采集,SRC-CITY-PANEL-1990-2023;SRC-OFFICIAL-DEBT-GUANGDONG-2018-TABLE18,A1,extracted,true,已从省级财政厅官方地级行政单元债务明细表提取；经济财政字段与债务字段的来源状态分开记录。
CN-440400,440400,珠海市,44,广东省,地级市,core,2018,2018-12-31,prefecture_whole,official_debt,2914.74,8.00,123.00,331.47,572.52,,375.25,258.96,197.52,187.16,572.77,446.13,77.89,15.31,134.59,134.59,57.90,,,未采集,SRC-CITY-PANEL-1990-2023;SRC-OFFICIAL-DEBT-GUANGDONG-2018-TABLE18,A1,extracted,true,已从省级财政厅官方地级行政单元债务明细表提取；经济财政字段与债务字段的来源状态分开记录。
CN-440500,440500,汕头市,44,广东省,地级市,core,2018,2018-12-31,prefecture_whole,official_debt,2512.05,6.90,567.00,131.52,327.10,,92.54,78.22,128.26,124.77,220.79,202.99,91.94,8.08,154.34,154.34,40.21,,,未采集,SRC-CITY-PANEL-1990-2023;SRC-OFFICIAL-DEBT-GUANGDONG-2018-TABLE18,A1,extracted,true,已从省级财政厅官方地级行政单元债务明细表提取；经济财政字段与债务字段的来源状态分开记录。
CN-440600,440600,佛山市,44,广东省,地级市,core,2018,2018-12-31,prefecture_whole,official_debt,9935.88,6.27,428.00,703.14,806.54,,643.19,386.13,999.77,876.97,1642.95,1263.10,76.88,12.71,179.64,179.64,87.18,,,未采集,SRC-CITY-PANEL-1990-2023;SRC-OFFICIAL-DEBT-GUANGDONG-2018-TABLE18,A1,extracted,true,已从省级财政厅官方地级行政单元债务明细表提取；经济财政字段与债务字段的来源状态分开记录。
CN-440700,440700,江门市,44,广东省,地级市,core,2018,2018-12-31,prefecture_whole,official_debt,2900.41,7.80,398.00,244.05,377.88,,355.61,269.41,186.15,172.16,541.76,441.57,81.51,15.22,180.93,180.93,64.58,,,未采集,SRC-CITY-PANEL-1990-2023;SRC-OFFICIAL-DEBT-GUANGDONG-2018-TABLE18,A1,extracted,true,已从省级财政厅官方地级行政单元债务明细表提取；经济财政字段与债务字段的来源状态分开记录。
CN-440800,440800,湛江市,44,广东省,地级市,core,2018,2018-12-31,prefecture_whole,official_debt,3008.39,6.00,843.00,121.84,481.37,,152.82,148.55,178.88,173.97,331.70,322.51,97.23,10.72,264.70,264.70,25.31,,,未采集,SRC-CITY-PANEL-1990-2023;SRC-OFFICIAL-DEBT-GUANGDONG-2018-TABLE18,A1,extracted,true,已从省级财政厅官方地级行政单元债务明细表提取；经济财政字段与债务字段的来源状态分开记录。
CN-440900,440900,茂名市,44,广东省,地级市,core,2018,2018-12-31,prefecture_whole,official_debt,3092.18,5.50,807.00,136.14,423.47,,153.65,132.19,97.28,82.00,250.93,214.20,85.36,6.93,157.34,157.34,32.15,,,未采集,SRC-CITY-PANEL-1990-2023;SRC-OFFICIAL-DEBT-GUANGDONG-2018-TABLE18,A1,extracted,true,已从省级财政厅官方地级行政单元债务明细表提取；经济财政字段与债务字段的来源状态分开记录。
CN-441200,441200,肇庆市,44,广东省,地级市,core,2018,2018-12-31,prefecture_whole,official_debt,2201.80,6.62,448.00,106.04,315.72,,198.14,176.75,186.37,137.65,384.51,314.40,81.77,14.28,296.49,296.49,33.59,,,未采集,SRC-CITY-PANEL-1990-2023;SRC-OFFICIAL-DEBT-GUANGDONG-2018-TABLE18,A1,extracted,true,已从省级财政厅官方地级行政单元债务明细表提取；经济财政字段与债务字段的来源状态分开记录。
CN-441300,441300,惠州市,44,广东省,地级市,core,2018,2018-12-31,prefecture_whole,official_debt,4103.05,6.00,375.00,393.01,544.22,,534.58,418.56,160.06,145.04,694.64,563.60,81.14,13.74,143.41,143.41,72.22,,,未采集,SRC-CITY-PANEL-1990-2023;SRC-OFFICIAL-DEBT-GUANGDONG-2018-TABLE18,A1,extracted,true,已从省级财政厅官方地级行政单元债务明细表提取；经济财政字段与债务字段的来源状态分开记录。
CN-441400,441400,梅州市,44,广东省,地级市,core,2018,2018-12-31,prefecture_whole,official_debt,1110.21,2.40,549.00,97.09,445.14,,186.38,149.86,126.10,111.00,312.48,260.87,83.48,23.50,268.69,268.69,21.81,,,未采集,SRC-CITY-PANEL-1990-2023;SRC-OFFICIAL-DEBT-GUANGDONG-2018-TABLE18,A1,extracted,true,已从省级财政厅官方地级行政单元债务明细表提取；经济财政字段与债务字段的来源状态分开记录。
CN-441500,441500,汕尾市,44,广东省,地级市,core,2018,2018-12-31,prefecture_whole,official_debt,920.32,8.00,355.00,41.83,251.92,,65.90,60.49,91.56,82.15,157.47,142.65,90.59,15.50,341.02,341.02,16.60,,,未采集,SRC-CITY-PANEL-1990-2023;SRC-OFFICIAL-DEBT-GUANGDONG-2018-TABLE18,A1,extracted,true,已从省级财政厅官方地级行政单元债务明细表提取；经济财政字段与债务字段的来源状态分开记录。
CN-441600,441600,河源市,44,广东省,地级市,core,2018,2018-12-31,prefecture_whole,official_debt,1006.00,6.30,309.00,76.95,334.94,,154.77,139.76,81.71,80.80,236.49,220.56,93.26,21.92,286.63,286.63,22.97,,,未采集,SRC-CITY-PANEL-1990-2023;SRC-OFFICIAL-DEBT-GUANGDONG-2018-TABLE18,A1,extracted,true,已从省级财政厅官方地级行政单元债务明细表提取；经济财政字段与债务字段的来源状态分开记录。
CN-441700,441700,阳江市,44,广东省,地级市,core,2018,2018-12-31,prefecture_whole,official_debt,1350.31,4.10,298.00,62.62,226.21,,103.22,98.12,78.54,71.73,181.75,169.86,93.46,12.58,271.26,271.26,27.68,,,未采集,SRC-CITY-PANEL-1990-2023;SRC-OFFICIAL-DEBT-GUANGDONG-2018-TABLE18,A1,extracted,true,已从省级财政厅官方地级行政单元债务明细表提取；经济财政字段与债务字段的来源状态分开记录。
CN-441800,441800,清远市,44,广东省,地级市,core,2018,2018-12-31,prefecture_whole,official_debt,1565.19,3.95,437.00,111.90,342.01,,120.34,97.69,182.16,176.80,302.50,274.49,90.74,17.54,245.30,245.30,32.72,,,未采集,SRC-CITY-PANEL-1990-2023;SRC-OFFICIAL-DEBT-GUANGDONG-2018-TABLE18,A1,extracted,true,已从省级财政厅官方地级行政单元债务明细表提取；经济财政字段与债务字段的来源状态分开记录。
CN-441900,441900,东莞市,44,广东省,地级市,core,2018,2018-12-31,prefecture_whole,official_debt,8278.59,7.42,221.00,649.91,765.41,,558.00,531.10,119.12,104.73,677.12,635.84,93.90,7.68,97.84,97.84,84.91,,,未采集,SRC-CITY-PANEL-1990-2023;SRC-OFFICIAL-DEBT-GUANGDONG-2018-TABLE18,A1,extracted,true,已从省级财政厅官方地级行政单元债务明细表提取；经济财政字段与债务字段的来源状态分开记录。
CN-442000,442000,中山市,44,广东省,地级市,core,2018,2018-12-31,prefecture_whole,official_debt,3632.70,5.90,166.00,315.23,437.89,,97.58,79.97,180.82,170.49,278.40,250.46,89.96,6.89,79.45,79.45,71.99,,,未采集,SRC-CITY-PANEL-1990-2023;SRC-OFFICIAL-DEBT-GUANGDONG-2018-TABLE18,A1,extracted,true,已从省级财政厅官方地级行政单元债务明细表提取；经济财政字段与债务字段的来源状态分开记录。
CN-445100,445100,潮州市,44,广东省,地级市,core,2018,2018-12-31,prefecture_whole,official_debt,1067.28,5.30,276.00,47.37,185.12,,92.49,83.73,51.65,47.52,144.14,131.25,91.06,12.30,277.07,277.07,25.59,,,未采集,SRC-CITY-PANEL-1990-2023;SRC-OFFICIAL-DEBT-GUANGDONG-2018-TABLE18,A1,extracted,true,已从省级财政厅官方地级行政单元债务明细表提取；经济财政字段与债务字段的来源状态分开记录。
CN-445200,445200,揭阳市,44,广东省,地级市,core,2018,2018-12-31,prefecture_whole,official_debt,2152.47,5.34,704.00,79.34,313.74,,116.10,110.11,101.06,92.65,217.16,202.76,93.37,9.42,255.56,255.56,25.29,,,未采集,SRC-CITY-PANEL-1990-2023;SRC-OFFICIAL-DEBT-GUANGDONG-2018-TABLE18,A1,extracted,true,已从省级财政厅官方地级行政单元债务明细表提取；经济财政字段与债务字段的来源状态分开记录。
CN-445300,445300,云浮市,44,广东省,地级市,core,2018,2018-12-31,prefecture_whole,official_debt,849.13,3.90,300.00,57.64,215.61,,93.28,76.58,100.79,84.13,194.07,160.70,82.81,18.93,278.80,278.80,26.73,,,未采集,SRC-CITY-PANEL-1990-2023;SRC-OFFICIAL-DEBT-GUANGDONG-2018-TABLE18,A1,extracted,true,已从省级财政厅官方地级行政单元债务明细表提取；经济财政字段与债务字段的来源状态分开记录。
CN-450100,450100,南宁市,45,广西壮族自治区,地级市,core,2018,2018-12-31,prefecture_whole,secondary_debt,4026.91,5.40,764.00,358.96,697.99,,,607.85,,409.04,,1016.89,,25.25,283.29,283.29,51.43,,,未采集,SRC-CITY-PANEL-1990-2023;SRC-SECONDARY-DEBT-GUANGXI-NANNING-2018,B2,needs_review,true,已接入评级报告或其他二手公开来源的债务补缺值；不等同于官方决算数据，必须回到财政/人大预算决算或官方债务表复核。
CN-450200,450200,柳州市,45,广西壮族自治区,地级市,core,2018,2018-12-31,prefecture_whole,secondary_debt,3053.65,6.37,389.00,193.78,424.43,,,192.82,,368.16,,560.98,,18.37,289.49,289.49,45.66,,,未采集,SRC-CITY-PANEL-1990-2023;SRC-SECONDARY-DEBT-GUANGXI-LIUZHOU-2018,B2,needs_review,true,已接入评级报告或其他二手公开来源的债务补缺值；不等同于官方决算数据，必须回到财政/人大预算决算或官方债务表复核。
CN-450300,450300,桂林市,45,广西壮族自治区,地级市,core,2018,2018-12-31,prefecture_whole,secondary_debt,2003.61,6.90,536.00,150.85,455.86,,,266.80,,152.90,,419.70,,20.95,278.22,278.22,33.09,,,未采集,SRC-CITY-PANEL-1990-2023;SRC-SECONDARY-DEBT-GUANGXI-GUILIN-2018,B2,needs_review,true,已接入评级报告或其他二手公开来源的债务补缺值；不等同于官方决算数据，必须回到财政/人大预算决算或官方债务表复核。
CN-450400,450400,梧州市,45,广西壮族自治区,地级市,core,2018,2018-12-31,prefecture_whole,secondary_debt,1029.85,1.81,350.00,79.96,261.82,,,163.30,,58.60,,221.80,,21.54,277.39,277.39,30.54,,,未采集,SRC-CITY-PANEL-1990-2023;SRC-SECONDARY-DEBT-GUANGXI-WUZHOU-2018,B2,needs_review,true,已接入评级报告或其他二手公开来源的债务补缺值；不等同于官方决算数据，必须回到财政/人大预算决算或官方债务表复核。
CN-450500,450500,北海市,45,广西壮族自治区,地级市,core,2018,2018-12-31,prefecture_whole,secondary_debt,1213.30,8.29,178.00,71.68,175.53,,,,,,,180.00,,14.84,251.12,251.12,40.84,,,未采集,SRC-CITY-PANEL-1990-2023;SRC-SECONDARY-RATING-GUANGXI-2017-2019,B2,needs_review,true,已接入评级报告或其他二手公开来源的债务补缺值；不等同于官方决算数据，必须回到财政/人大预算决算或官方债务表复核。
CN-450600,450600,防城港市,45,广西壮族自治区,地级市,core,2018,2018-12-31,prefecture_whole,secondary_debt,696.82,7.40,99.00,43.98,127.34,,,,,,,150.00,,21.53,341.06,341.06,34.54,,,未采集,SRC-CITY-PANEL-1990-2023;SRC-SECONDARY-RATING-GUANGXI-2017-2019,B2,needs_review,true,已接入评级报告或其他二手公开来源的债务补缺值；不等同于官方决算数据，必须回到财政/人大预算决算或官方债务表复核。
CN-450700,450700,钦州市,45,广西壮族自治区,地级市,core,2018,2018-12-31,prefecture_whole,secondary_debt,1291.96,5.96,413.00,54.10,222.73,,,132.53,,137.92,,270.45,,20.93,499.91,499.91,24.29,,,未采集,SRC-CITY-PANEL-1990-2023;SRC-SECONDARY-DEBT-GUANGXI-QINZHOU-2018,B2,needs_review,true,已接入评级报告或其他二手公开来源的债务补缺值；不等同于官方决算数据，必须回到财政/人大预算决算或官方债务表复核。
CN-450800,450800,贵港市,45,广西壮族自治区,地级市,core,2018,2018-12-31,prefecture_whole,secondary_debt,1169.88,9.99,559.00,57.22,263.81,,,102.90,,51.30,,154.20,,13.18,269.49,269.49,21.69,,,未采集,SRC-CITY-PANEL-1990-2023;SRC-SECONDARY-DEBT-GUANGXI-GUIGANG-2018,B2,needs_review,true,已接入评级报告或其他二手公开来源的债务补缺值；不等同于官方决算数据，必须回到财政/人大预算决算或官方债务表复核。
CN-450900,450900,玉林市,45,广西壮族自治区,地级市,core,2018,2018-12-31,prefecture_whole,secondary_debt,1615.46,7.24,728.00,106.13,367.96,,,145.60,,55.90,,201.50,,12.47,189.86,189.86,28.84,,,未采集,SRC-CITY-PANEL-1990-2023;SRC-SECONDARY-DEBT-GUANGXI-YULIN-2018,B2,needs_review,true,已接入评级报告或其他二手公开来源的债务补缺值；不等同于官方决算数据，必须回到财政/人大预算决算或官方债务表复核。
CN-451000,451000,百色市,45,广西壮族自治区,地级市,core,2018,2018-12-31,prefecture_whole,secondary_debt,1176.77,7.10,419.00,84.72,393.72,,,,,,,320.00,,27.19,377.71,377.71,21.52,,,未采集,SRC-CITY-PANEL-1990-2023;SRC-SECONDARY-RATING-GUANGXI-2017-2019,B2,needs_review,true,已接入评级报告或其他二手公开来源的债务补缺值；不等同于官方决算数据，必须回到财政/人大预算决算或官方债务表复核。
CN-451100,451100,贺州市,45,广西壮族自治区,地级市,core,2018,2018-12-31,prefecture_whole,official_debt,602.63,8.87,245.00,32.50,192.75,,,101.27,,40.52,,141.78,,23.53,436.25,436.25,16.86,,,未采集,SRC-CITY-PANEL-1990-2023;SRC-OFFICIAL-DEBT-GUANGXI-HEZHOU-2018,A2,extracted,true,已从省级财政厅官方地级行政单元债务明细表提取；经济财政字段与债务字段的来源状态分开记录。
CN-451200,451200,河池市,45,广西壮族自治区,地级市,core,2018,2018-12-31,prefecture_whole,secondary_debt,788.30,6.37,431.00,39.93,352.24,,,,,,,200.00,,25.37,500.88,500.88,11.34,,,未采集,SRC-CITY-PANEL-1990-2023;SRC-SECONDARY-RATING-GUANGXI-2017-2019,B2,needs_review,true,已接入评级报告或其他二手公开来源的债务补缺值；不等同于官方决算数据，必须回到财政/人大预算决算或官方债务表复核。
CN-451300,451300,来宾市,45,广西壮族自治区,地级市,core,2018,2018-12-31,prefecture_whole,official_debt,692.41,7.16,269.00,27.79,183.76,,,139.92,,47.33,,187.25,,27.04,673.80,673.80,15.12,,,未采集,SRC-CITY-PANEL-1990-2023;SRC-OFFICIAL-DEBT-GUANGXI-LAIBIN-2018,A2,extracted,true,已从省级财政厅官方地级行政单元债务明细表提取；经济财政字段与债务字段的来源状态分开记录。
CN-451400,451400,崇左市,45,广西壮族自治区,地级市,core,2018,2018-12-31,prefecture_whole,secondary_debt,1016.49,11.34,251.00,31.05,257.54,,,120.08,,36.04,,156.12,,15.36,502.80,502.80,12.06,,,未采集,SRC-CITY-PANEL-1990-2023;SRC-SECONDARY-DEBT-GUANGXI-QINZHOU-2018,B2,needs_review,true,已接入评级报告或其他二手公开来源的债务补缺值；不等同于官方决算数据，必须回到财政/人大预算决算或官方债务表复核。
CN-460100,460100,海口市,46,海南省,地级市,core,2018,2018-12-31,prefecture_whole,secondary_debt,1510.51,7.60,174.00,169.88,238.25,,,,,,,624.00,,41.31,367.32,367.32,71.30,,,未采集,SRC-CITY-PANEL-1990-2023;SRC-SECONDARY-DEBT-HAINAN-HAIKOU-2018,B2,needs_review,true,已接入评级报告或其他二手公开来源的债务补缺值；不等同于官方决算数据，必须回到财政/人大预算决算或官方债务表复核。
CN-460200,460200,三亚市,46,海南省,地级市,core,2018,2018-12-31,prefecture_whole,secondary_debt,595.51,7.20,60.00,100.42,178.81,,,,,,,220.00,,36.94,219.08,219.08,56.16,,,未采集,SRC-CITY-PANEL-1990-2023;SRC-SECONDARY-DEBT-HAINAN-SANYA-2018-REPORT,B2,needs_review,true,已接入评级报告或其他二手公开来源的债务补缺值；不等同于官方决算数据，必须回到财政/人大预算决算或官方债务表复核。
CN-460300,460300,三沙市,46,海南省,地级市,core,2018,2018-12-31,prefecture_whole,provisional,,,,,,,,,,,,,,,,,,,,未采集,SRC-CITY-PANEL-1990-2023,D,needs_review,true,公开研究型城市面板；字段口径与来源链条未完全公开，作为 provisional 暂存值，待官方年鉴/公报复核。
CN-460400,460400,儋州市,46,海南省,地级市,core,2018,2018-12-31,prefecture_whole,official_debt,322.97,7.50,96.00,21.28,95.23,,,,,,,83.00,,25.70,390.04,390.04,22.35,,,未采集,SRC-CITY-PANEL-1990-2023;SRC-OFFICIAL-DEBT-HN-DANZHOU-2018,A1,extracted,true,已从省级财政厅官方地级行政单元债务明细表提取；经济财政字段与债务字段的来源状态分开记录。
CN-469000,469000,省直辖县级行政区划,46,海南省,地级市,core,2018,2018-12-31,prefecture_whole,official_debt_calculated,,,,,,,,345.12,,207.27,,552.39,,,,,,,,未采集,SRC-OFFICIAL-DEBT-HAINAN-DIRECT-COUNTY-2018,A2,extracted,true,已从省级财政厅官方地级行政单元债务明细表提取；经济财政字段与债务字段的来源状态分开记录。
CN-500000,500000,重庆市,50,重庆市,直辖市,separate,2018,2018-12-31,prefecture_whole,official_debt,20363.19,6.00,3397.00,2265.54,4540.95,,2590.60,2356.00,2502.80,2334.60,5093.40,4690.60,92.09,23.03,207.04,207.04,49.89,,,未采集,SRC-CITY-PANEL-1990-2023;SRC-PROVINCE-DEBT-CHONGQING-2018,A1,extracted,true,已从省级财政厅官方地级行政单元债务明细表提取；经济财政字段与债务字段的来源状态分开记录。
CN-510100,510100,成都市,51,四川省,地级市,core,2018,2018-12-31,prefecture_whole,secondary_debt,15342.77,8.00,1456.00,1424.16,1837.42,,,,,,,2339.60,,15.25,164.28,164.28,77.51,,,未采集,SRC-CITY-PANEL-1990-2023;SRC-SECONDARY-DEBT-SICHUAN-CHENGDU-2018,B2,needs_review,true,已接入评级报告或其他二手公开来源的债务补缺值；不等同于官方决算数据，必须回到财政/人大预算决算或官方债务表复核。
CN-510300,510300,自贡市,51,四川省,地级市,core,2018,2018-12-31,prefecture_whole,secondary_debt,1406.71,8.70,323.00,60.41,242.27,,,,,,,280.00,,19.90,463.50,463.50,24.93,,,未采集,SRC-CITY-PANEL-1990-2023;SRC-SECONDARY-CEIC-CN-510300,D,needs_review,true,已接入商业数据库公开城市债务页的 provisional 补缺值；经济财政字段与债务字段来源状态分开记录，必须回到官方预算/决算或统计公报复核。
CN-510400,510400,攀枝花市,51,四川省,地级市,core,2018,2018-12-31,prefecture_whole,secondary_debt,1173.52,6.87,109.00,61.50,137.94,,,144.00,,46.00,,190.00,,16.19,308.94,308.94,44.58,,,未采集,SRC-CITY-PANEL-1990-2023;SRC-SECONDARY-EBS-SICHUAN-PANZHIHUA-2018,B2,needs_review,true,已接入评级报告或其他二手公开来源的债务补缺值；不等同于官方决算数据，必须回到财政/人大预算决算或官方债务表复核。
CN-510500,510500,泸州市,51,四川省,地级市,core,2018,2018-12-31,prefecture_whole,secondary_debt,1694.97,7.60,510.00,150.09,412.15,,,,,,,430.00,,25.37,286.49,286.49,36.42,,,未采集,SRC-CITY-PANEL-1990-2023;SRC-SECONDARY-CEIC-CN-510500,D,needs_review,true,已接入商业数据库公开城市债务页的 provisional 补缺值；经济财政字段与债务字段来源状态分开记录，必须回到官方预算/决算或统计公报复核。
CN-510600,510600,德阳市,51,四川省,地级市,core,2018,2018-12-31,prefecture_whole,secondary_debt,2213.87,9.00,387.00,117.58,271.95,,,,,,,281.00,,12.69,238.99,238.99,43.24,,,未采集,SRC-CITY-PANEL-1990-2023;SRC-SECONDARY-CEIC-CN-510600,D,needs_review,true,已接入商业数据库公开城市债务页的 provisional 补缺值；经济财政字段与债务字段来源状态分开记录，必须回到官方预算/决算或统计公报复核。
CN-510700,510700,绵阳市,51,四川省,地级市,core,2018,2018-12-31,prefecture_whole,secondary_debt,2303.82,9.00,537.00,124.54,408.15,,,,,,,406.00,,17.62,326.00,326.00,30.51,,,未采集,SRC-CITY-PANEL-1990-2023;SRC-SECONDARY-CEIC-CN-510700,D,needs_review,true,已接入商业数据库公开城市债务页的 provisional 补缺值；经济财政字段与债务字段来源状态分开记录，必须回到官方预算/决算或统计公报复核。
CN-510800,510800,广元市,51,四川省,地级市,core,2018,2018-12-31,prefecture_whole,secondary_debt,801.85,8.40,302.00,47.69,277.01,,,,,,,289.00,,36.04,606.00,606.00,17.22,,,未采集,SRC-CITY-PANEL-1990-2023;SRC-SECONDARY-CEIC-CN-510800,D,needs_review,true,已接入商业数据库公开城市债务页的 provisional 补缺值；经济财政字段与债务字段来源状态分开记录，必须回到官方预算/决算或统计公报复核。
CN-510900,510900,遂宁市,51,四川省,地级市,core,2018,2018-12-31,prefecture_whole,secondary_debt,1221.39,8.81,368.00,63.84,252.21,,,,,,,284.00,,23.25,444.86,444.86,25.31,,,未采集,SRC-CITY-PANEL-1990-2023;SRC-SECONDARY-CEIC-CN-510900,D,needs_review,true,已接入商业数据库公开城市债务页的 provisional 补缺值；经济财政字段与债务字段来源状态分开记录，必须回到官方预算/决算或统计公报复核。
CN-511000,511000,内江市,51,四川省,地级市,core,2018,2018-12-31,prefecture_whole,secondary_debt,1411.75,7.80,413.00,61.70,243.39,,,,,,,360.00,,25.50,583.47,583.47,25.35,,,未采集,SRC-CITY-PANEL-1990-2023;SRC-SECONDARY-EBS-SICHUAN-2018,B2,needs_review,true,已接入评级报告或其他二手公开来源的债务补缺值；不等同于官方决算数据，必须回到财政/人大预算决算或官方债务表复核。
CN-511100,511100,乐山市,51,四川省,地级市,core,2018,2018-12-31,prefecture_whole,secondary_debt,1615.09,8.69,351.00,109.92,302.86,,,,,,,313.00,,19.38,284.75,284.75,36.29,,,未采集,SRC-CITY-PANEL-1990-2023;SRC-SECONDARY-CEIC-CN-511100,D,needs_review,true,已接入商业数据库公开城市债务页的 provisional 补缺值；经济财政字段与债务字段来源状态分开记录，必须回到官方预算/决算或统计公报复核。
CN-511300,511300,南充市,51,四川省,地级市,core,2018,2018-12-31,prefecture_whole,secondary_debt,2006.03,9.00,728.00,113.90,495.22,,,,,,,668.00,,33.30,586.48,586.48,23.00,,,未采集,SRC-CITY-PANEL-1990-2023;SRC-SECONDARY-CEIC-CN-511300,D,needs_review,true,已接入商业数据库公开城市债务页的 provisional 补缺值；经济财政字段与债务字段来源状态分开记录，必须回到官方预算/决算或统计公报复核。
CN-511400,511400,眉山市,51,四川省,地级市,core,2018,2018-12-31,prefecture_whole,secondary_debt,1256.02,7.50,345.00,103.20,235.30,,,,,,,363.00,,28.90,351.74,351.74,43.86,,,未采集,SRC-CITY-PANEL-1990-2023;SRC-SECONDARY-EBS-SICHUAN-2018,B2,needs_review,true,已接入评级报告或其他二手公开来源的债务补缺值；不等同于官方决算数据，必须回到财政/人大预算决算或官方债务表复核。
CN-511500,511500,宜宾市,51,四川省,地级市,core,2018,2018-12-31,prefecture_whole,secondary_debt,2026.37,9.20,554.00,160.89,416.02,,,,,,,401.00,,19.79,249.24,249.24,38.67,,,未采集,SRC-CITY-PANEL-1990-2023;SRC-SECONDARY-CEIC-CN-511500,D,needs_review,true,已接入商业数据库公开城市债务页的 provisional 补缺值；经济财政字段与债务字段来源状态分开记录，必须回到官方预算/决算或统计公报复核。
CN-511600,511600,广安市,51,四川省,地级市,core,2018,2018-12-31,prefecture_whole,secondary_debt,1250.24,8.00,463.00,80.05,289.03,,,,,,,273.00,,21.84,341.04,341.04,27.70,,,未采集,SRC-CITY-PANEL-1990-2023;SRC-SECONDARY-CEIC-CN-511600,D,needs_review,true,已接入商业数据库公开城市债务页的 provisional 补缺值；经济财政字段与债务字段来源状态分开记录，必须回到官方预算/决算或统计公报复核。
CN-511700,511700,达州市,51,四川省,地级市,core,2018,2018-12-31,prefecture_whole,secondary_debt,1690.17,8.30,669.00,101.02,418.68,,,,,,,461.00,,27.28,456.35,456.35,24.13,,,未采集,SRC-CITY-PANEL-1990-2023;SRC-SECONDARY-CEIC-CN-511700,D,needs_review,true,已接入商业数据库公开城市债务页的 provisional 补缺值；经济财政字段与债务字段来源状态分开记录，必须回到官方预算/决算或统计公报复核。
CN-511800,511800,雅安市,51,四川省,地级市,core,2018,2018-12-31,prefecture_whole,secondary_debt,646.10,8.10,154.00,40.03,130.54,,,,,,,113.00,,17.49,282.29,282.29,30.66,,,未采集,SRC-CITY-PANEL-1990-2023;SRC-SECONDARY-CEIC-CN-511800,D,needs_review,true,已接入商业数据库公开城市债务页的 provisional 补缺值；经济财政字段与债务字段来源状态分开记录，必须回到官方预算/决算或统计公报复核。
CN-511900,511900,巴中市,51,四川省,地级市,core,2018,2018-12-31,prefecture_whole,secondary_debt,645.88,8.00,372.00,45.44,315.88,,,,,,,444.00,,68.74,977.11,977.11,14.39,,,未采集,SRC-CITY-PANEL-1990-2023;SRC-SECONDARY-CEIC-CN-511900,D,needs_review,true,已接入商业数据库公开城市债务页的 provisional 补缺值；经济财政字段与债务字段来源状态分开记录，必须回到官方预算/决算或统计公报复核。
CN-512000,512000,资阳市,51,四川省,地级市,core,2018,2018-12-31,prefecture_whole,secondary_debt,1066.53,7.80,348.00,52.85,191.80,,,,,,,313.00,,29.35,592.24,592.24,27.55,,,未采集,SRC-CITY-PANEL-1990-2023;SRC-SECONDARY-EBS-SICHUAN-2018,B2,needs_review,true,已接入评级报告或其他二手公开来源的债务补缺值；不等同于官方决算数据，必须回到财政/人大预算决算或官方债务表复核。
CN-513200,513200,阿坝藏族羌族自治州,51,四川省,自治州,extended,2018,2018-12-31,prefecture_whole,secondary_debt,,,,,,,,,,,,55.00,,,,,,,,未采集,SRC-SECONDARY-EBS-SICHUAN-2018,B2,needs_review,true,已接入评级报告或其他二手公开来源的债务补缺值；不等同于官方决算数据，必须回到财政/人大预算决算或官方债务表复核。
CN-513300,513300,甘孜藏族自治州,51,四川省,自治州,extended,2018,2018-12-31,prefecture_whole,secondary_debt,,,,,,,,,,,,77.00,,,,,,,,未采集,SRC-SECONDARY-EBS-SICHUAN-2018,B2,needs_review,true,已接入评级报告或其他二手公开来源的债务补缺值；不等同于官方决算数据，必须回到财政/人大预算决算或官方债务表复核。
CN-513400,513400,凉山彝族自治州,51,四川省,自治州,extended,2018,2018-12-31,prefecture_whole,secondary_debt,,,,,,,,,,,,260.00,,,,,,,,未采集,SRC-SECONDARY-EBS-SICHUAN-2018,B2,needs_review,true,已接入评级报告或其他二手公开来源的债务补缺值；不等同于官方决算数据，必须回到财政/人大预算决算或官方债务表复核。
CN-520100,520100,贵阳市,52,贵州省,地级市,core,2018,2018-12-31,prefecture_whole,secondary_debt,3798.45,9.90,413.00,411.34,624.22,,,,,,,2192.91,,57.73,533.11,533.11,65.90,,,未采集,SRC-CITY-PANEL-1990-2023;SRC-SECONDARY-EBS-GUIZHOU-2018,B2,needs_review,true,已接入评级报告或其他二手公开来源的债务补缺值；不等同于官方决算数据，必须回到财政/人大预算决算或官方债务表复核。
CN-520200,520200,六盘水市,52,贵州省,地级市,core,2018,2018-12-31,prefecture_whole,official_debt,1525.69,8.80,345.00,141.73,323.51,,,481.91,,86.11,,568.02,,37.23,400.78,400.78,43.81,,,未采集,SRC-CITY-PANEL-1990-2023;SRC-OFFICIAL-DEBT-GUIZHOU-LIUPANSHUI-2018,A1,extracted,true,已从省级财政厅官方地级行政单元债务明细表提取；经济财政字段与债务字段的来源状态分开记录。
CN-520300,520300,遵义市,52,贵州省,地级市,core,2018,2018-12-31,prefecture_whole,official_debt,3000.23,10.60,810.00,252.14,677.49,,,,,,,1365.64,,45.52,541.62,541.62,37.22,,,未采集,SRC-CITY-PANEL-1990-2023;SRC-OFFICIAL-DEBT-GUIZHOU-ZUNYI-2018,A2,extracted,true,已从省级财政厅官方地级行政单元债务明细表提取；经济财政字段与债务字段的来源状态分开记录。
CN-520400,520400,安顺市,52,贵州省,地级市,core,2018,2018-12-31,prefecture_whole,secondary_debt,849.40,10.30,302.00,77.32,273.27,,,,,,,391.29,,46.07,506.07,506.07,28.29,,,未采集,SRC-CITY-PANEL-1990-2023;SRC-SECONDARY-EBS-GUIZHOU-2018,B2,needs_review,true,已接入评级报告或其他二手公开来源的债务补缺值；不等同于官方决算数据，必须回到财政/人大预算决算或官方债务表复核。
CN-520500,520500,毕节市,52,贵州省,地级市,core,2018,2018-12-31,prefecture_whole,official_debt,1921.43,10.20,926.00,130.11,578.36,,,690.64,,220.60,,911.24,,47.43,700.36,700.36,22.50,,,未采集,SRC-CITY-PANEL-1990-2023;SRC-OFFICIAL-DEBT-GUIZHOU-BIJIE-2018,A1,extracted,true,已从省级财政厅官方地级行政单元债务明细表提取；经济财政字段与债务字段的来源状态分开记录。
CN-520600,520600,铜仁市,52,贵州省,地级市,core,2018,2018-12-31,prefecture_whole,official_debt,1066.52,9.60,422.00,69.22,409.43,,,,,,,641.82,,60.18,927.22,927.22,16.91,,,未采集,SRC-CITY-PANEL-1990-2023;SRC-OFFICIAL-DEBT-GUIZHOU-TONGREN-2018,A2,extracted,true,已从省级财政厅官方地级行政单元债务明细表提取；经济财政字段与债务字段的来源状态分开记录。
CN-522300,522300,黔西南布依族苗族自治州,52,贵州省,自治州,extended,2018,2018-12-31,prefecture_whole,official_debt,,,,,,,,346.21,,97.51,,443.72,,,,,,,,未采集,SRC-OFFICIAL-DEBT-GUIZHOU-QIANXINAN-2018,A1,extracted,true,已从省级财政厅官方地级行政单元债务明细表提取；经济财政字段与债务字段的来源状态分开记录。
CN-522600,522600,黔东南苗族侗族自治州,52,贵州省,自治州,extended,2018,2018-12-31,prefecture_whole,official_debt,,,,,,,,,,,,414.68,,,,,,,,未采集,SRC-OFFICIAL-DEBT-GUIZHOU-QIANDONGNAN-2018,A2,extracted,true,已从省级财政厅官方地级行政单元债务明细表提取；经济财政字段与债务字段的来源状态分开记录。
CN-522700,522700,黔南布依族苗族自治州,52,贵州省,自治州,extended,2018,2018-12-31,prefecture_whole,secondary_debt,,,,,,,,,,,,706.00,,,,,,,,未采集,SRC-SECONDARY-EBS-GUIZHOU-2018,B2,needs_review,true,已接入评级报告或其他二手公开来源的债务补缺值；不等同于官方决算数据，必须回到财政/人大预算决算或官方债务表复核。
CN-530100,530100,昆明市,53,云南省,地级市,core,2018,2018-12-31,prefecture_whole,secondary_debt,5206.90,8.40,567.00,595.63,756.80,,,,,,,2005.90,,38.52,336.77,336.77,78.70,,,未采集,SRC-CITY-PANEL-1990-2023;SRC-SECONDARY-DEBT-YUNNAN-KUNMING-2018,B2,needs_review,true,已接入评级报告或其他二手公开来源的债务补缺值；不等同于官方决算数据，必须回到财政/人大预算决算或官方债务表复核。
CN-530300,530300,曲靖市,53,云南省,地级市,core,2018,2018-12-31,prefecture_whole,secondary_debt,2013.36,8.50,662.00,141.90,477.24,,,,,,,282.30,,14.02,198.94,198.94,29.73,,,未采集,SRC-CITY-PANEL-1990-2023;SRC-SECONDARY-CEIC-CN-530300,D,needs_review,true,已接入商业数据库公开城市债务页的 provisional 补缺值；经济财政字段与债务字段来源状态分开记录，必须回到官方预算/决算或统计公报复核。
CN-530400,530400,玉溪市,53,云南省,地级市,core,2018,2018-12-31,prefecture_whole,official_debt,1493.04,8.90,220.00,142.49,277.81,,,335.18,,177.15,,512.33,,34.31,359.56,359.56,51.29,,,未采集,SRC-CITY-PANEL-1990-2023;SRC-OFFICIAL-DEBT-YUNNAN-YUXI-2018-FROM-2019-REPORT,A2,extracted,true,已从省级财政厅官方地级行政单元债务明细表提取；经济财政字段与债务字段的来源状态分开记录。
CN-530500,530500,保山市,53,云南省,地级市,core,2018,2018-12-31,prefecture_whole,secondary_debt,738.14,9.50,263.00,66.16,261.31,,,,,,,267.20,,36.20,403.87,403.87,25.32,,,未采集,SRC-CITY-PANEL-1990-2023;SRC-SECONDARY-CEIC-CN-530500,D,needs_review,true,已接入商业数据库公开城市债务页的 provisional 补缺值；经济财政字段与债务字段来源状态分开记录，必须回到官方预算/决算或统计公报复核。
CN-530600,530600,昭通市,53,云南省,地级市,core,2018,2018-12-31,prefecture_whole,secondary_debt,889.54,8.50,622.00,78.21,460.02,,,,,,,302.90,,34.05,387.29,387.29,17.00,,,未采集,SRC-CITY-PANEL-1990-2023;SRC-SECONDARY-CEIC-CN-530600,D,needs_review,true,已接入商业数据库公开城市债务页的 provisional 补缺值；经济财政字段与债务字段来源状态分开记录，必须回到官方预算/决算或统计公报复核。
CN-530700,530700,丽江市,53,云南省,地级市,core,2018,2018-12-31,prefecture_whole,secondary_debt,350.76,9.30,123.00,42.86,167.30,,,100.98,,19.55,,120.53,,34.36,281.22,281.22,25.62,,,未采集,SRC-CITY-PANEL-1990-2023;SRC-SECONDARY-DEBT-YUNNAN-LIJIANG-2018,B2,needs_review,true,已接入评级报告或其他二手公开来源的债务补缺值；不等同于官方决算数据，必须回到财政/人大预算决算或官方债务表复核。
CN-530800,530800,普洱市,53,云南省,地级市,core,2018,2018-12-31,prefecture_whole,secondary_debt,662.48,8.50,254.00,54.34,293.23,,,,,,,200.00,,30.19,368.05,368.05,18.53,,,未采集,SRC-CITY-PANEL-1990-2023;SRC-SECONDARY-RATING-YUNNAN-2018-CITY-CHART,B2,needs_review,true,已接入评级报告或其他二手公开来源的债务补缺值；不等同于官方决算数据，必须回到财政/人大预算决算或官方债务表复核。
CN-530900,530900,临沧市,53,云南省,地级市,core,2018,2018-12-31,prefecture_whole,official_debt,630.02,9.30,240.00,44.17,267.30,,,144.07,,13.42,,157.49,,25.00,356.55,356.55,16.52,,,未采集,SRC-CITY-PANEL-1990-2023;SRC-OFFICIAL-DEBT-YUNNAN-LINCANG-2018,A2,extracted,true,已从省级财政厅官方地级行政单元债务明细表提取；经济财政字段与债务字段的来源状态分开记录。
CN-532300,532300,楚雄彝族自治州,53,云南省,自治州,extended,2018,2018-12-31,prefecture_whole,official_debt,,,,,,,,133.86,,77.79,,211.65,,,,,,,,未采集,SRC-OFFICIAL-DEBT-YUNNAN-CHUXIONG-2018,A2,extracted,true,已从省级财政厅官方地级行政单元债务明细表提取；经济财政字段与债务字段的来源状态分开记录。
CN-532500,532500,红河哈尼族彝族自治州,53,云南省,自治州,extended,2018,2018-12-31,prefecture_whole,secondary_debt,,,,,,,,,,,,305.19,,,,,,,,未采集,SRC-SECONDARY-EBS-YUNNAN-2018,B2,needs_review,true,已接入评级报告或其他二手公开来源的债务补缺值；不等同于官方决算数据，必须回到财政/人大预算决算或官方债务表复核。
CN-532600,532600,文山壮族苗族自治州,53,云南省,自治州,extended,2018,2018-12-31,prefecture_whole,official_debt,,,,,,,,175.71,,38.74,,214.45,,,,,,,,未采集,SRC-OFFICIAL-DEBT-YUNNAN-WENSHAN-2018-FROM-2019-REPORT,A2,extracted,true,已从省级财政厅官方地级行政单元债务明细表提取；经济财政字段与债务字段的来源状态分开记录。
CN-532800,532800,西双版纳傣族自治州,53,云南省,自治州,extended,2018,2018-12-31,prefecture_whole,secondary_debt,,,,,,,,,,,,105.76,,,,,,,,未采集,SRC-SECONDARY-EBS-YUNNAN-2018,B2,needs_review,true,已接入评级报告或其他二手公开来源的债务补缺值；不等同于官方决算数据，必须回到财政/人大预算决算或官方债务表复核。
CN-532900,532900,大理白族自治州,53,云南省,自治州,extended,2018,2018-12-31,prefecture_whole,secondary_debt,,,,,,,,,,,,243.80,,,,,,,,未采集,SRC-SECONDARY-EBS-YUNNAN-2018,B2,needs_review,true,已接入评级报告或其他二手公开来源的债务补缺值；不等同于官方决算数据，必须回到财政/人大预算决算或官方债务表复核。
CN-533100,533100,德宏傣族景颇族自治州,53,云南省,自治州,extended,2018,2018-12-31,prefecture_whole,official_debt,,,,,,,,95.16,,91.78,,186.94,,,,,,,,未采集,SRC-OFFICIAL-DEBT-YUNNAN-DEHONG-2018,A1,extracted,true,已从省级财政厅官方地级行政单元债务明细表提取；经济财政字段与债务字段的来源状态分开记录。
CN-533300,533300,怒江傈僳族自治州,53,云南省,自治州,extended,2018,2018-12-31,prefecture_whole,secondary_debt,,,,,,,,,,,,40.14,,,,,,,,未采集,SRC-SECONDARY-EBS-YUNNAN-2018,B2,needs_review,true,已接入评级报告或其他二手公开来源的债务补缺值；不等同于官方决算数据，必须回到财政/人大预算决算或官方债务表复核。
CN-533400,533400,迪庆藏族自治州,53,云南省,自治州,extended,2018,2018-12-31,prefecture_whole,secondary_debt,,,,,,,,,,,,71.09,,,,,,,,未采集,SRC-SECONDARY-EBS-YUNNAN-2018,B2,needs_review,true,已接入评级报告或其他二手公开来源的债务补缺值；不等同于官方决算数据，必须回到财政/人大预算决算或官方债务表复核。
CN-540100,540100,拉萨市,54,西藏自治区,地级市,core,2018,2018-12-31,prefecture_whole,official_debt,540.78,9.30,55.00,110.10,300.12,,20.58,8.28,25.30,25.30,45.88,33.58,73.19,6.21,30.50,30.50,36.69,,,未采集,SRC-CITY-PANEL-1990-2023;SRC-OFFICIAL-DEBT-TIBET-CITIES-2018,A1,extracted,true,已从省级财政厅官方地级行政单元债务明细表提取；经济财政字段与债务字段的来源状态分开记录。
CN-540200,540200,日喀则市,54,西藏自治区,地级市,core,2018,2018-12-31,prefecture_whole,official_debt,243.20,9.70,80.00,17.58,287.40,,13.06,12.77,3.32,3.32,16.38,16.09,98.23,6.62,91.52,91.52,6.12,,,未采集,SRC-CITY-PANEL-1990-2023;SRC-OFFICIAL-DEBT-TIBET-CITIES-2018,A1,extracted,true,已从省级财政厅官方地级行政单元债务明细表提取；经济财政字段与债务字段的来源状态分开记录。
CN-540300,540300,昌都市,54,西藏自治区,地级市,core,2018,2018-12-31,prefecture_whole,official_debt,191.42,9.10,76.00,17.54,231.28,,12.38,11.37,1.18,1.18,13.56,12.55,92.55,6.56,71.55,71.55,7.58,,,未采集,SRC-CITY-PANEL-1990-2023;SRC-OFFICIAL-DEBT-TIBET-CITIES-2018,A1,extracted,true,已从省级财政厅官方地级行政单元债务明细表提取；经济财政字段与债务字段的来源状态分开记录。
CN-540400,540400,林芝市,54,西藏自治区,地级市,core,2018,2018-12-31,prefecture_whole,official_debt,150.01,9.30,19.00,13.80,89.42,,6.11,5.92,0.04,0.04,6.15,5.96,96.91,3.97,43.19,43.19,15.43,,,未采集,SRC-CITY-PANEL-1990-2023;SRC-OFFICIAL-DEBT-TIBET-CITIES-2018,A1,extracted,true,已从省级财政厅官方地级行政单元债务明细表提取；经济财政字段与债务字段的来源状态分开记录。
CN-540500,540500,山南市,54,西藏自治区,地级市,core,2018,2018-12-31,prefecture_whole,official_debt,164.32,9.10,37.00,18.88,148.88,,6.35,5.86,3.50,3.50,9.85,9.36,95.03,5.70,49.58,49.58,12.68,,,未采集,SRC-CITY-PANEL-1990-2023;SRC-OFFICIAL-DEBT-TIBET-CITIES-2018,A1,extracted,true,已从省级财政厅官方地级行政单元债务明细表提取；经济财政字段与债务字段的来源状态分开记录。
CN-542400,542400,那曲地区,54,西藏自治区,地区,extended,2018,2018-12-31,prefecture_whole,official_debt,,,,,,,9.44,8.74,0.57,0.57,10.01,9.31,93.01,,,,,,,未采集,SRC-OFFICIAL-DEBT-TIBET-CITIES-2018,A1,extracted,true,已从省级财政厅官方地级行政单元债务明细表提取；经济财政字段与债务字段的来源状态分开记录。
CN-542500,542500,阿里地区,54,西藏自治区,地区,extended,2018,2018-12-31,prefecture_whole,official_debt,,,,,,,3.18,3.18,0.09,0.00,3.27,3.18,97.25,,,,,,,未采集,SRC-OFFICIAL-DEBT-TIBET-CITIES-2018,A1,extracted,true,已从省级财政厅官方地级行政单元债务明细表提取；经济财政字段与债务字段的来源状态分开记录。
CN-610100,610100,西安市,61,陕西省,地级市,core,2018,2018-12-31,prefecture_whole,official_debt,8349.86,8.20,946.00,684.70,1151.87,,,,,,,1965.00,,23.53,286.99,286.99,59.44,,,未采集,SRC-CITY-PANEL-1990-2023;SRC-OFFICIAL-DEBT-SHAANXI-CITIES-2018,A1,extracted,true,已从省级财政厅官方地级行政单元债务明细表提取；经济财政字段与债务字段的来源状态分开记录。
CN-610200,610200,铜川市,61,陕西省,地级市,core,2018,2018-12-31,prefecture_whole,official_debt,327.96,6.00,81.00,23.10,127.97,,,,,,,93.00,,28.36,402.60,402.60,18.05,,,未采集,SRC-CITY-PANEL-1990-2023;SRC-OFFICIAL-DEBT-SHAANXI-CITIES-2018,A1,extracted,true,已从省级财政厅官方地级行政单元债务明细表提取；经济财政字段与债务字段的来源状态分开记录。
CN-610300,610300,宝鸡市,61,陕西省,地级市,core,2018,2018-12-31,prefecture_whole,official_debt,2265.16,7.20,378.00,87.76,330.28,,,,,,,180.00,,7.95,205.10,205.10,26.57,,,未采集,SRC-CITY-PANEL-1990-2023;SRC-OFFICIAL-DEBT-SHAANXI-CITIES-2018,A1,extracted,true,已从省级财政厅官方地级行政单元债务明细表提取；经济财政字段与债务字段的来源状态分开记录。
CN-610400,610400,咸阳市,61,陕西省,地级市,core,2018,2018-12-31,prefecture_whole,official_debt,2376.45,7.00,464.00,77.47,346.55,,,,,,,198.00,,8.33,255.58,255.58,22.35,,,未采集,SRC-CITY-PANEL-1990-2023;SRC-OFFICIAL-DEBT-SHAANXI-CITIES-2018,A1,extracted,true,已从省级财政厅官方地级行政单元债务明细表提取；经济财政字段与债务字段的来源状态分开记录。
CN-610500,610500,渭南市,61,陕西省,地级市,core,2018,2018-12-31,prefecture_whole,official_debt,1767.71,7.10,546.00,83.92,445.98,,,,,,,296.00,,16.74,352.72,352.72,18.82,,,未采集,SRC-CITY-PANEL-1990-2023;SRC-OFFICIAL-DEBT-SHAANXI-CITIES-2018,A1,extracted,true,已从省级财政厅官方地级行政单元债务明细表提取；经济财政字段与债务字段的来源状态分开记录。
CN-610600,610600,延安市,61,陕西省,地级市,core,2018,2018-12-31,prefecture_whole,official_debt,1558.91,9.10,236.00,148.34,397.69,,,,,,,438.00,,28.10,295.27,295.27,37.30,,,未采集,SRC-CITY-PANEL-1990-2023;SRC-OFFICIAL-DEBT-SHAANXI-CITIES-2018,A1,extracted,true,已从省级财政厅官方地级行政单元债务明细表提取；经济财政字段与债务字段的来源状态分开记录。
CN-610700,610700,汉中市,61,陕西省,地级市,core,2018,2018-12-31,prefecture_whole,official_debt,1471.88,9.50,383.00,49.96,342.02,,,,,,,205.00,,13.93,410.33,410.33,14.61,,,未采集,SRC-CITY-PANEL-1990-2023;SRC-OFFICIAL-DEBT-SHAANXI-CITIES-2018,A1,extracted,true,已从省级财政厅官方地级行政单元债务明细表提取；经济财政字段与债务字段的来源状态分开记录。
CN-610800,610800,榆林市,61,陕西省,地级市,core,2018,2018-12-31,prefecture_whole,official_debt,3848.62,9.00,384.00,389.84,648.96,,,,,,,326.00,,8.47,83.62,83.62,60.07,,,未采集,SRC-CITY-PANEL-1990-2023;SRC-OFFICIAL-DEBT-SHAANXI-CITIES-2018,A1,extracted,true,已从省级财政厅官方地级行政单元债务明细表提取；经济财政字段与债务字段的来源状态分开记录。
CN-610900,610900,安康市,61,陕西省,地级市,core,2018,2018-12-31,prefecture_whole,official_debt,1133.77,10.20,304.00,27.51,319.66,,,,,,,223.00,,19.67,810.61,810.61,8.61,,,未采集,SRC-CITY-PANEL-1990-2023;SRC-OFFICIAL-DEBT-SHAANXI-CITIES-2018,A1,extracted,true,已从省级财政厅官方地级行政单元债务明细表提取；经济财政字段与债务字段的来源状态分开记录。
CN-611000,611000,商洛市,61,陕西省,地级市,core,2018,2018-12-31,prefecture_whole,official_debt,824.77,8.00,252.00,21.83,242.95,,,,,,,213.00,,25.83,975.72,975.72,8.99,,,未采集,SRC-CITY-PANEL-1990-2023;SRC-OFFICIAL-DEBT-SHAANXI-CITIES-2018,A1,extracted,true,已从省级财政厅官方地级行政单元债务明细表提取；经济财政字段与债务字段的来源状态分开记录。
CN-620100,620100,兰州市,62,甘肃省,地级市,core,2018,2018-12-31,prefecture_whole,official_debt,2732.94,6.52,327.00,253.32,465.64,,113.83,102.54,480.06,420.01,593.88,522.55,87.99,19.12,206.28,206.28,54.40,,,未采集,SRC-CITY-PANEL-1990-2023;SRC-PROVINCE-DEBT-GANSU-2018,A1,extracted,true,已从省级财政厅官方地级行政单元债务明细表提取；经济财政字段与债务字段的来源状态分开记录。
CN-620200,620200,嘉峪关市,62,甘肃省,地级市,core,2018,2018-12-31,prefecture_whole,official_debt,299.62,7.40,21.00,19.68,32.55,,23.49,22.50,17.61,10.10,41.10,32.60,79.32,10.88,165.65,165.65,60.46,,,未采集,SRC-CITY-PANEL-1990-2023;SRC-PROVINCE-DEBT-GANSU-2018,A1,extracted,true,已从省级财政厅官方地级行政单元债务明细表提取；经济财政字段与债务字段的来源状态分开记录。
CN-620300,620300,金昌市,62,甘肃省,地级市,core,2018,2018-12-31,prefecture_whole,official_debt,264.24,8.90,47.00,23.08,62.76,,40.38,34.74,13.54,8.85,53.92,43.59,80.84,16.50,188.86,188.86,36.78,,,未采集,SRC-CITY-PANEL-1990-2023;SRC-PROVINCE-DEBT-GANSU-2018,A1,extracted,true,已从省级财政厅官方地级行政单元债务明细表提取；经济财政字段与债务字段的来源状态分开记录。
CN-620400,620400,白银市,62,甘肃省,地级市,core,2018,2018-12-31,prefecture_whole,official_debt,511.60,6.10,182.00,31.07,162.26,,75.77,66.43,69.49,58.88,145.26,125.31,86.27,24.49,403.32,403.32,19.15,,,未采集,SRC-CITY-PANEL-1990-2023;SRC-PROVINCE-DEBT-GANSU-2018,A1,extracted,true,已从省级财政厅官方地级行政单元债务明细表提取；经济财政字段与债务字段的来源状态分开记录。
CN-620500,620500,天水市,62,甘肃省,地级市,core,2018,2018-12-31,prefecture_whole,official_debt,652.05,6.40,371.00,46.63,291.34,,67.85,62.55,63.16,52.48,131.01,115.02,87.79,17.64,246.67,246.67,16.01,,,未采集,SRC-CITY-PANEL-1990-2023;SRC-PROVINCE-DEBT-GANSU-2018,A1,extracted,true,已从省级财政厅官方地级行政单元债务明细表提取；经济财政字段与债务字段的来源状态分开记录。
CN-620600,620600,武威市,62,甘肃省,地级市,core,2018,2018-12-31,prefecture_whole,official_debt,469.27,4.80,190.00,30.45,201.10,,62.60,59.59,42.08,37.43,104.68,97.02,92.68,20.67,318.62,318.62,15.14,,,未采集,SRC-CITY-PANEL-1990-2023;SRC-PROVINCE-DEBT-GANSU-2018,A1,extracted,true,已从省级财政厅官方地级行政单元债务明细表提取；经济财政字段与债务字段的来源状态分开记录。
CN-620700,620700,张掖市,62,甘肃省,地级市,core,2018,2018-12-31,prefecture_whole,official_debt,407.71,5.81,131.00,27.84,161.00,,57.49,51.18,32.45,25.66,89.94,76.84,85.43,18.85,276.01,276.01,17.29,,,未采集,SRC-CITY-PANEL-1990-2023;SRC-PROVINCE-DEBT-GANSU-2018,A1,extracted,true,已从省级财政厅官方地级行政单元债务明细表提取；经济财政字段与债务字段的来源状态分开记录。
CN-620800,620800,平凉市,62,甘肃省,地级市,core,2018,2018-12-31,prefecture_whole,official_debt,395.17,2.10,234.00,30.47,212.75,,73.98,66.93,39.61,34.76,113.59,101.69,89.52,25.73,333.74,333.74,14.32,,,未采集,SRC-CITY-PANEL-1990-2023;SRC-PROVINCE-DEBT-GANSU-2018,A1,extracted,true,已从省级财政厅官方地级行政单元债务明细表提取；经济财政字段与债务字段的来源状态分开记录。
CN-620900,620900,酒泉市,62,甘肃省,地级市,core,2018,2018-12-31,prefecture_whole,official_debt,596.89,4.60,99.00,36.52,137.21,,57.61,52.58,52.43,31.92,110.04,84.50,76.79,14.16,231.38,231.38,26.62,,,未采集,SRC-CITY-PANEL-1990-2023;SRC-PROVINCE-DEBT-GANSU-2018,A1,extracted,true,已从省级财政厅官方地级行政单元债务明细表提取；经济财政字段与债务字段的来源状态分开记录。
CN-621000,621000,庆阳市,62,甘肃省,地级市,core,2018,2018-12-31,prefecture_whole,official_debt,708.15,3.60,270.00,53.09,251.69,,118.52,105.21,56.78,41.94,175.30,147.15,83.94,20.78,277.17,277.17,21.09,,,未采集,SRC-CITY-PANEL-1990-2023;SRC-PROVINCE-DEBT-GANSU-2018,A1,extracted,true,已从省级财政厅官方地级行政单元债务明细表提取；经济财政字段与债务字段的来源状态分开记录。
CN-621100,621100,定西市,62,甘肃省,地级市,core,2018,2018-12-31,prefecture_whole,official_debt,356.26,6.30,304.00,24.06,250.94,,58.36,54.21,37.31,29.90,95.67,84.11,87.92,23.61,349.58,349.58,9.59,,,未采集,SRC-CITY-PANEL-1990-2023;SRC-PROVINCE-DEBT-GANSU-2018,A1,extracted,true,已从省级财政厅官方地级行政单元债务明细表提取；经济财政字段与债务字段的来源状态分开记录。
CN-621200,621200,陇南市,62,甘肃省,地级市,core,2018,2018-12-31,prefecture_whole,official_debt,379.23,5.80,288.00,26.95,262.79,,62.39,59.84,25.44,24.18,87.83,84.02,95.66,22.16,311.76,311.76,10.26,,,未采集,SRC-CITY-PANEL-1990-2023;SRC-PROVINCE-DEBT-GANSU-2018,A1,extracted,true,已从省级财政厅官方地级行政单元债务明细表提取；经济财政字段与债务字段的来源状态分开记录。
CN-622900,622900,临夏回族自治州,62,甘肃省,自治州,extended,2018,2018-12-31,prefecture_whole,official_debt,,,,,,,75.79,70.71,29.81,23.04,105.60,93.75,88.78,,,,,,,未采集,SRC-PROVINCE-DEBT-GANSU-2018,A1,extracted,true,已从省级财政厅官方地级行政单元债务明细表提取；经济财政字段与债务字段的来源状态分开记录。
CN-623000,623000,甘南藏族自治州,62,甘肃省,自治州,extended,2018,2018-12-31,prefecture_whole,official_debt,,,,,,,36.58,32.01,10.44,4.30,47.02,36.31,77.22,,,,,,,未采集,SRC-PROVINCE-DEBT-GANSU-2018,A1,extracted,true,已从省级财政厅官方地级行政单元债务明细表提取；经济财政字段与债务字段的来源状态分开记录。
CN-630100,630100,西宁市,63,青海省,地级市,core,2018,2018-12-31,prefecture_whole,official_debt,1286.41,8.95,236.00,92.94,297.48,,185.16,155.58,151.25,140.53,336.41,296.11,88.02,23.02,318.60,318.60,31.24,,,未采集,SRC-CITY-PANEL-1990-2023;SRC-PROVINCE-DEBT-QINGHAI-2018,A1,extracted,true,已从省级财政厅官方地级行政单元债务明细表提取；经济财政字段与债务字段的来源状态分开记录。
CN-630200,630200,海东市,63,青海省,地级市,core,2018,2018-12-31,prefecture_whole,official_debt,451.46,8.00,172.00,18.73,216.01,,100.02,79.51,65.84,49.94,165.86,129.45,78.05,28.67,691.14,691.14,8.67,,,未采集,SRC-CITY-PANEL-1990-2023;SRC-PROVINCE-DEBT-QINGHAI-2018,A1,extracted,true,已从省级财政厅官方地级行政单元债务明细表提取；经济财政字段与债务字段的来源状态分开记录。
CN-632200,632200,海北藏族自治州,63,青海省,自治州,extended,2018,2018-12-31,prefecture_whole,official_debt,,,,,,,15.41,13.83,1.00,1.00,16.41,14.83,90.37,,,,,,,未采集,SRC-PROVINCE-DEBT-QINGHAI-2018,A1,extracted,true,已从省级财政厅官方地级行政单元债务明细表提取；经济财政字段与债务字段的来源状态分开记录。
CN-632300,632300,黄南藏族自治州,63,青海省,自治州,extended,2018,2018-12-31,prefecture_whole,official_debt,,,,,,,10.92,9.65,2.00,2.00,12.92,11.65,90.17,,,,,,,未采集,SRC-PROVINCE-DEBT-QINGHAI-2018,A1,extracted,true,已从省级财政厅官方地级行政单元债务明细表提取；经济财政字段与债务字段的来源状态分开记录。
CN-632500,632500,海南藏族自治州,63,青海省,自治州,extended,2018,2018-12-31,prefecture_whole,official_debt,,,,,,,16.87,14.35,3.69,1.94,20.56,16.29,79.23,,,,,,,未采集,SRC-CITY-PANEL-1990-2023;SRC-PROVINCE-DEBT-QINGHAI-2018,A1,extracted,true,已从省级财政厅官方地级行政单元债务明细表提取；经济财政字段与债务字段的来源状态分开记录。
CN-632600,632600,果洛藏族自治州,63,青海省,自治州,extended,2018,2018-12-31,prefecture_whole,official_debt,,,,,,,7.27,6.06,1.00,1.00,8.27,7.06,85.37,,,,,,,未采集,SRC-PROVINCE-DEBT-QINGHAI-2018,A1,extracted,true,已从省级财政厅官方地级行政单元债务明细表提取；经济财政字段与债务字段的来源状态分开记录。
CN-632700,632700,玉树藏族自治州,63,青海省,自治州,extended,2018,2018-12-31,prefecture_whole,official_debt,,,,,,,8.15,7.93,1.00,1.00,9.15,8.93,97.60,,,,,,,未采集,SRC-PROVINCE-DEBT-QINGHAI-2018,A1,extracted,true,已从省级财政厅官方地级行政单元债务明细表提取；经济财政字段与债务字段的来源状态分开记录。
CN-632800,632800,海西蒙古族藏族自治州,63,青海省,自治州,extended,2018,2018-12-31,prefecture_whole,official_debt,,,,,,,113.11,95.10,21.84,17.90,134.95,113.00,83.73,,,,,,,未采集,SRC-PROVINCE-DEBT-QINGHAI-2018,A1,extracted,true,已从省级财政厅官方地级行政单元债务明细表提取；经济财政字段与债务字段的来源状态分开记录。
CN-640100,640100,银川市,64,宁夏回族自治区,地级市,core,2018,2018-12-31,prefecture_whole,official_debt,1901.48,7.20,191.00,173.25,363.28,,363.47,298.12,219.10,187.38,582.57,485.50,83.34,25.53,280.23,280.23,47.69,,,未采集,SRC-CITY-PANEL-1990-2023;SRC-PROVINCE-DEBT-NINGXIA-2018,A1,extracted,true,已从省级财政厅官方地级行政单元债务明细表提取；经济财政字段与债务字段的来源状态分开记录。
CN-640200,640200,石嘴山市,64,宁夏回族自治区,地级市,core,2018,2018-12-31,prefecture_whole,official_debt,605.92,8.00,74.00,23.92,100.15,,109.96,91.64,16.24,15.76,126.20,107.40,85.10,17.73,449.00,449.00,23.88,,,未采集,SRC-CITY-PANEL-1990-2023;SRC-PROVINCE-DEBT-NINGXIA-2018,A1,extracted,true,已从省级财政厅官方地级行政单元债务明细表提取；经济财政字段与债务字段的来源状态分开记录。
CN-640300,640300,吴忠市,64,宁夏回族自治区,地级市,core,2018,2018-12-31,prefecture_whole,official_debt,534.53,6.60,144.00,34.57,204.89,,138.17,115.98,40.95,34.69,179.12,150.67,84.12,28.19,435.84,435.84,16.87,,,未采集,SRC-CITY-PANEL-1990-2023;SRC-PROVINCE-DEBT-NINGXIA-2018,A1,extracted,true,已从省级财政厅官方地级行政单元债务明细表提取；经济财政字段与债务字段的来源状态分开记录。
CN-640400,640400,固原市,64,宁夏回族自治区,地级市,core,2018,2018-12-31,prefecture_whole,official_debt,303.19,6.60,151.00,17.26,240.59,,116.62,101.29,17.66,11.33,134.28,112.62,83.87,37.15,652.49,652.49,7.17,,,未采集,SRC-CITY-PANEL-1990-2023;SRC-PROVINCE-DEBT-NINGXIA-2018,A1,extracted,true,已从省级财政厅官方地级行政单元债务明细表提取；经济财政字段与债务字段的来源状态分开记录。
CN-640500,640500,中卫市,64,宁夏回族自治区,地级市,core,2018,2018-12-31,prefecture_whole,official_debt,402.99,6.00,122.00,22.62,162.55,,138.14,115.63,18.46,16.31,156.60,131.94,84.25,32.74,583.29,583.29,13.92,,,未采集,SRC-CITY-PANEL-1990-2023;SRC-PROVINCE-DEBT-NINGXIA-2018,A1,extracted,true,已从省级财政厅官方地级行政单元债务明细表提取；经济财政字段与债务字段的来源状态分开记录。
CN-650100,650100,乌鲁木齐市,65,新疆维吾尔自治区,地级市,core,2018,2018-12-31,prefecture_whole,official_debt,3099.77,7.80,222.00,458.28,659.79,,441.47,429.75,640.10,555.75,1081.57,985.51,91.12,31.79,215.05,215.05,69.46,,,未采集,SRC-CITY-PANEL-1990-2023;SRC-PROVINCE-DEBT-XINJIANG-2018,A1,extracted,true,已从省级财政厅官方地级行政单元债务明细表提取；经济财政字段与债务字段的来源状态分开记录。
CN-650200,650200,克拉玛依市,65,新疆维吾尔自治区,地级市,core,2018,2018-12-31,prefecture_whole,official_debt,898.14,6.70,31.00,100.49,131.99,,162.90,157.24,8.70,7.70,171.60,164.94,96.12,18.36,164.14,164.14,76.13,,,未采集,SRC-CITY-PANEL-1990-2023;SRC-PROVINCE-DEBT-XINJIANG-2018,A1,extracted,true,已从省级财政厅官方地级行政单元债务明细表提取；经济财政字段与债务字段的来源状态分开记录。
CN-650400,650400,吐鲁番市,65,新疆维吾尔自治区,地级市,core,2018,2018-12-31,prefecture_whole,official_debt,310.59,7.35,64.00,41.92,109.82,,63.69,54.49,17.00,16.33,80.69,70.81,87.76,22.80,168.92,168.92,38.17,,,未采集,SRC-CITY-PANEL-1990-2023;SRC-PROVINCE-DEBT-XINJIANG-2018,A1,extracted,true,已从省级财政厅官方地级行政单元债务明细表提取；经济财政字段与债务字段的来源状态分开记录。
CN-650500,650500,哈密市,65,新疆维吾尔自治区,地级市,core,2018,2018-12-31,prefecture_whole,official_debt,536.61,5.53,56.00,46.67,107.05,,116.80,104.60,20.10,18.96,136.90,123.56,90.26,23.03,264.75,264.75,43.60,,,未采集,SRC-CITY-PANEL-1990-2023;SRC-PROVINCE-DEBT-XINJIANG-2018,A1,extracted,true,已从省级财政厅官方地级行政单元债务明细表提取；经济财政字段与债务字段的来源状态分开记录。
CN-652300,652300,昌吉回族自治州,65,新疆维吾尔自治区,自治州,extended,2018,2018-12-31,prefecture_whole,official_debt,,,,,,,176.56,159.61,64.20,62.76,240.76,222.37,92.36,,,,,,,未采集,SRC-PROVINCE-DEBT-XINJIANG-2018,A1,extracted,true,已从省级财政厅官方地级行政单元债务明细表提取；经济财政字段与债务字段的来源状态分开记录。
CN-652700,652700,博尔塔拉蒙古自治州,65,新疆维吾尔自治区,自治州,extended,2018,2018-12-31,prefecture_whole,official_debt,,,,,,,85.81,84.66,17.30,16.41,103.11,101.07,98.02,,,,,,,未采集,SRC-PROVINCE-DEBT-XINJIANG-2018,A1,extracted,true,已从省级财政厅官方地级行政单元债务明细表提取；经济财政字段与债务字段的来源状态分开记录。
CN-652800,652800,巴音郭楞蒙古自治州,65,新疆维吾尔自治区,自治州,extended,2018,2018-12-31,prefecture_whole,official_debt,,,,,,,144.76,129.16,62.10,54.05,206.86,183.22,88.57,,,,,,,未采集,SRC-PROVINCE-DEBT-XINJIANG-2018,A1,extracted,true,已从省级财政厅官方地级行政单元债务明细表提取；经济财政字段与债务字段的来源状态分开记录。
CN-652900,652900,阿克苏地区,65,新疆维吾尔自治区,地区,extended,2018,2018-12-31,prefecture_whole,official_debt,,,,,,,170.40,156.73,17.00,14.74,187.40,171.47,91.50,,,,,,,未采集,SRC-PROVINCE-DEBT-XINJIANG-2018,A1,extracted,true,已从省级财政厅官方地级行政单元债务明细表提取；经济财政字段与债务字段的来源状态分开记录。
CN-653000,653000,克孜勒苏柯尔克孜自治州,65,新疆维吾尔自治区,自治州,extended,2018,2018-12-31,prefecture_whole,official_debt,,,,,,,74.84,73.06,0.00,0.00,74.84,73.06,97.62,,,,,,,未采集,SRC-PROVINCE-DEBT-XINJIANG-2018,A1,extracted,true,已从省级财政厅官方地级行政单元债务明细表提取；经济财政字段与债务字段的来源状态分开记录。
CN-653100,653100,喀什地区,65,新疆维吾尔自治区,地区,extended,2018,2018-12-31,prefecture_whole,official_debt,,,,,,,161.39,133.36,19.60,13.66,180.99,147.03,81.24,,,,,,,未采集,SRC-PROVINCE-DEBT-XINJIANG-2018,A1,extracted,true,已从省级财政厅官方地级行政单元债务明细表提取；经济财政字段与债务字段的来源状态分开记录。
CN-653200,653200,和田地区,65,新疆维吾尔自治区,地区,extended,2018,2018-12-31,prefecture_whole,official_debt,,,,,,,124.49,115.00,6.30,4.59,130.79,119.59,91.44,,,,,,,未采集,SRC-PROVINCE-DEBT-XINJIANG-2018,A1,extracted,true,已从省级财政厅官方地级行政单元债务明细表提取；经济财政字段与债务字段的来源状态分开记录。
CN-654000,654000,伊犁哈萨克自治州,65,新疆维吾尔自治区,自治州,extended,2018,2018-12-31,prefecture_whole,official_debt,,,,,,,178.66,162.66,92.14,71.09,270.80,233.75,86.32,,,,,,,未采集,SRC-PROVINCE-DEBT-XINJIANG-2018,A1,extracted,true,已从省级财政厅官方地级行政单元债务明细表提取；经济财政字段与债务字段的来源状态分开记录。
CN-654200,654200,塔城地区,65,新疆维吾尔自治区,地区,extended,2018,2018-12-31,prefecture_whole,official_debt,,,,,,,127.02,108.14,25.50,20.38,152.52,128.53,84.27,,,,,,,未采集,SRC-PROVINCE-DEBT-XINJIANG-2018,A1,extracted,true,已从省级财政厅官方地级行政单元债务明细表提取；经济财政字段与债务字段的来源状态分开记录。
CN-654300,654300,阿勒泰地区,65,新疆维吾尔自治区,地区,extended,2018,2018-12-31,prefecture_whole,official_debt,,,,,,,110.33,103.22,10.30,10.16,120.63,113.38,93.99,,,,,,,未采集,SRC-PROVINCE-DEBT-XINJIANG-2018,A1,extracted,true,已从省级财政厅官方地级行政单元债务明细表提取；经济财政字段与债务字段的来源状态分开记录。
CN-659000,659000,自治区直辖县级行政区划,65,新疆维吾尔自治区,地级市,core,2018,2018-12-31,prefecture_whole,official_debt,,,,,,,88.20,79.60,52.00,43.58,140.20,123.18,87.86,,,,,,,未采集,SRC-PROVINCE-DEBT-XINJIANG-2018,A1,extracted,true,已从省级财政厅官方地级行政单元债务明细表提取；经济财政字段与债务字段的来源状态分开记录。
CN-110000,110000,北京市,11,北京市,直辖市,separate,2019,2019-12-31,prefecture_whole,secondary_debt,35371.00,6.10,1387.00,5817.10,7408.25,,,2116.94,,2847.12,,4964.06,,14.03,85.34,85.34,78.52,,,未采集,SRC-CITY-PANEL-1990-2023;SRC-SECONDARY-DEBT-BEIJING-2019,B2,needs_review,true,已接入评级报告或其他二手公开来源的债务补缺值；不等同于官方决算数据，必须回到财政/人大预算决算或官方债务表复核。
CN-120000,120000,天津市,12,天津市,直辖市,separate,2019,2019-12-31,prefecture_whole,official_debt,14104.00,4.80,1087.00,2410.25,3508.71,,,1504.00,,3455.00,,4959.00,,35.16,205.75,205.75,68.69,,,未采集,SRC-CITY-PANEL-1990-2023;SRC-OFFICIAL-DEBT-TIANJIN-2019,A2,extracted,true,已从省级财政厅官方地级行政单元债务明细表提取；经济财政字段与债务字段的来源状态分开记录。
CN-130100,130100,石家庄市,13,河北省,地级市,core,2019,2019-12-31,prefecture_whole,secondary_debt,5810.00,6.70,1049.00,569.13,1051.39,,,,,,,1259.62,,21.68,221.32,221.32,54.13,,,未采集,SRC-CITY-PANEL-1990-2023;SRC-SECONDARY-DEBT-HEBEI-SHIJIAZHUANG-2019,B2,needs_review,true,已接入评级报告或其他二手公开来源的债务补缺值；不等同于官方决算数据，必须回到财政/人大预算决算或官方债务表复核。
CN-130200,130200,唐山市,13,河北省,地级市,core,2019,2019-12-31,prefecture_whole,secondary_debt,6890.00,7.30,757.00,465.35,797.51,,,,,,,1588.14,,23.05,341.28,341.28,58.35,,,未采集,SRC-CITY-PANEL-1990-2023;SRC-SECONDARY-DEBT-HEBEI-TANGSHAN-2019,B2,needs_review,true,已接入评级报告或其他二手公开来源的债务补缺值；不等同于官方决算数据，必须回到财政/人大预算决算或官方债务表复核。
CN-130300,130300,秦皇岛市,13,河北省,地级市,core,2019,2019-12-31,prefecture_whole,secondary_debt,1612.00,6.70,301.00,144.14,317.94,,,,,,,495.35,,30.73,343.66,343.66,45.34,,,未采集,SRC-CITY-PANEL-1990-2023;SRC-SECONDARY-CEIC-CN-130300,D,needs_review,true,已接入商业数据库公开城市债务页的 provisional 补缺值；经济财政字段与债务字段来源状态分开记录，必须回到官方预算/决算或统计公报复核。
CN-130400,130400,邯郸市,13,河北省,地级市,core,2019,2019-12-31,prefecture_whole,secondary_debt,3486.00,7.20,1059.00,262.07,697.21,,,,,,,732.42,,21.01,279.47,279.47,37.59,,,未采集,SRC-CITY-PANEL-1990-2023;SRC-SECONDARY-DEBT-HEBEI-HANDAN-2019,B2,needs_review,true,已接入评级报告或其他二手公开来源的债务补缺值；不等同于官方决算数据，必须回到财政/人大预算决算或官方债务表复核。
CN-130500,130500,邢台市,13,河北省,地级市,core,2019,2019-12-31,prefecture_whole,secondary_debt,2120.00,7.00,799.00,159.85,550.47,,,210.79,,257.89,,468.68,,22.11,293.20,293.20,29.04,,,未采集,SRC-CITY-PANEL-1990-2023;SRC-SECONDARY-DEBT-HEBEI-XINGTAI-2019,B2,needs_review,true,已接入评级报告或其他二手公开来源的债务补缺值；不等同于官方决算数据，必须回到财政/人大预算决算或官方债务表复核。
CN-130600,130600,保定市,13,河北省,地级市,core,2019,2019-12-31,prefecture_whole,official_debt,3772.00,6.66,1211.00,304.87,877.75,,,173.52,,368.97,,542.48,,14.38,177.94,177.94,34.73,,,未采集,SRC-CITY-PANEL-1990-2023;SRC-OFFICIAL-DEBT-HEBEI-BAODING-2019,A2,extracted,true,已从省级财政厅官方地级行政单元债务明细表提取；经济财政字段与债务字段的来源状态分开记录。
CN-130700,130700,张家口市,13,河北省,地级市,core,2019,2019-12-31,prefecture_whole,secondary_debt,1551.00,6.86,465.00,168.62,611.04,,,,,,,555.55,,35.82,329.47,329.47,27.60,,,未采集,SRC-CITY-PANEL-1990-2023;SRC-SECONDARY-CEIC-CN-130700,D,needs_review,true,已接入商业数据库公开城市债务页的 provisional 补缺值；经济财政字段与债务字段来源状态分开记录，必须回到官方预算/决算或统计公报复核。
CN-130800,130800,承德市,13,河北省,地级市,core,2019,2019-12-31,prefecture_whole,official_debt,1471.00,6.46,382.00,112.47,421.82,,,333.79,,209.28,,543.06,,36.92,482.85,482.85,26.66,,,未采集,SRC-CITY-PANEL-1990-2023;SRC-OFFICIAL-DEBT-HEBEI-CHENGDE-2019,A2,extracted,true,已从省级财政厅官方地级行政单元债务明细表提取；经济财政字段与债务字段的来源状态分开记录。
CN-130900,130900,沧州市,13,河北省,地级市,core,2019,2019-12-31,prefecture_whole,secondary_debt,3588.00,6.90,785.00,283.64,686.30,,,,,,,449.70,,12.53,158.55,158.55,41.33,,,未采集,SRC-CITY-PANEL-1990-2023;SRC-SECONDARY-DEBT-HEBEI-CANGZHOU-2019,B2,needs_review,true,已接入评级报告或其他二手公开来源的债务补缺值；不等同于官方决算数据，必须回到财政/人大预算决算或官方债务表复核。
CN-131000,131000,廊坊市,13,河北省,地级市,core,2019,2019-12-31,prefecture_whole,official_debt,3196.00,6.70,481.00,388.34,639.77,,,158.65,,142.30,,300.95,,9.42,77.50,77.50,60.70,,,未采集,SRC-CITY-PANEL-1990-2023;SRC-OFFICIAL-DEBT-HEBEI-LANGFANG-2019,A2,extracted,true,已从省级财政厅官方地级行政单元债务明细表提取；经济财政字段与债务字段的来源状态分开记录。
CN-131100,131100,衡水市,13,河北省,地级市,core,2019,2019-12-31,prefecture_whole,official_debt,1505.00,6.80,457.00,122.05,394.28,,,120.80,,133.72,,254.52,,16.91,208.54,208.54,30.96,,,未采集,SRC-CITY-PANEL-1990-2023;SRC-OFFICIAL-DEBT-HEBEI-HENGSHUI-2019,A2,extracted,true,已从省级财政厅官方地级行政单元债务明细表提取；经济财政字段与债务字段的来源状态分开记录。
CN-140100,140100,太原市,14,山西省,地级市,core,2019,2019-12-31,prefecture_whole,secondary_debt,4029.00,6.60,380.00,386.62,610.55,,,,,,,566.70,,14.07,146.58,146.58,63.32,,,未采集,SRC-CITY-PANEL-1990-2023;SRC-SECONDARY-RATING-SHANXI-2019-2021,B2,needs_review,true,已接入评级报告或其他二手公开来源的债务补缺值；不等同于官方决算数据，必须回到财政/人大预算决算或官方债务表复核。
CN-140200,140200,大同市,14,山西省,地级市,core,2019,2019-12-31,prefecture_whole,secondary_debt,1319.00,6.70,318.00,130.13,363.36,,,,,,,364.10,,27.60,279.80,279.80,35.81,,,未采集,SRC-CITY-PANEL-1990-2023;SRC-SECONDARY-RATING-SHANXI-2019-2021,B2,needs_review,true,已接入评级报告或其他二手公开来源的债务补缺值；不等同于官方决算数据，必须回到财政/人大预算决算或官方债务表复核。
CN-140300,140300,阳泉市,14,山西省,地级市,core,2019,2019-12-31,prefecture_whole,secondary_debt,719.00,5.00,132.00,57.39,132.27,,,,,,,161.60,,22.48,281.58,281.58,43.39,,,未采集,SRC-CITY-PANEL-1990-2023;SRC-SECONDARY-RATING-SHANXI-2019-2021,B2,needs_review,true,已接入评级报告或其他二手公开来源的债务补缺值；不等同于官方决算数据，必须回到财政/人大预算决算或官方债务表复核。
CN-140400,140400,长治市,14,山西省,地级市,core,2019,2019-12-31,prefecture_whole,secondary_debt,1640.00,6.00,340.00,161.95,354.51,,,,,,,200.90,,12.25,124.05,124.05,45.68,,,未采集,SRC-CITY-PANEL-1990-2023;SRC-SECONDARY-RATING-SHANXI-2019-2021,B2,needs_review,true,已接入评级报告或其他二手公开来源的债务补缺值；不等同于官方决算数据，必须回到财政/人大预算决算或官方债务表复核。
CN-140500,140500,晋城市,14,山西省,地级市,core,2019,2019-12-31,prefecture_whole,secondary_debt,1355.00,6.50,222.00,138.21,252.52,,,,,,,128.30,,9.47,92.83,92.83,54.73,,,未采集,SRC-CITY-PANEL-1990-2023;SRC-SECONDARY-RATING-SHANXI-2019-2021,B2,needs_review,true,已接入评级报告或其他二手公开来源的债务补缺值；不等同于官方决算数据，必须回到财政/人大预算决算或官方债务表复核。
CN-140600,140600,朔州市,14,山西省,地级市,core,2019,2019-12-31,prefecture_whole,secondary_debt,1062.00,6.50,163.00,92.29,192.92,,,,,,,149.50,,14.08,161.99,161.99,47.84,,,未采集,SRC-CITY-PANEL-1990-2023;SRC-SECONDARY-RATING-SHANXI-2019-2021,B2,needs_review,true,已接入评级报告或其他二手公开来源的债务补缺值；不等同于官方决算数据，必须回到财政/人大预算决算或官方债务表复核。
CN-140700,140700,晋中市,14,山西省,地级市,core,2019,2019-12-31,prefecture_whole,secondary_debt,1460.00,6.30,335.00,163.01,371.06,,,,,,,346.00,,23.70,212.26,212.26,43.93,,,未采集,SRC-CITY-PANEL-1990-2023;SRC-SECONDARY-RATING-SHANXI-2019-2021,B2,needs_review,true,已接入评级报告或其他二手公开来源的债务补缺值；不等同于官方决算数据，必须回到财政/人大预算决算或官方债务表复核。
CN-140800,140800,运城市,14,山西省,地级市,core,2019,2019-12-31,prefecture_whole,secondary_debt,1563.00,6.30,,86.63,374.19,,,,,,,191.80,,12.27,221.40,221.40,23.15,,,未采集,SRC-CITY-PANEL-1990-2023;SRC-SECONDARY-RATING-SHANXI-2019-2021,B2,needs_review,true,已接入评级报告或其他二手公开来源的债务补缺值；不等同于官方决算数据，必须回到财政/人大预算决算或官方债务表复核。
CN-140900,140900,忻州市,14,山西省,地级市,core,2019,2019-12-31,prefecture_whole,secondary_debt,1002.00,5.40,307.00,90.93,371.01,,,,,,,240.20,,23.97,264.16,264.16,24.51,,,未采集,SRC-CITY-PANEL-1990-2023;SRC-SECONDARY-RATING-SHANXI-2019-2021,B2,needs_review,true,已接入评级报告或其他二手公开来源的债务补缺值；不等同于官方决算数据，必须回到财政/人大预算决算或官方债务表复核。
CN-141000,141000,临汾市,14,山西省,地级市,core,2019,2019-12-31,prefecture_whole,secondary_debt,1453.00,6.00,432.00,138.06,411.20,,,,,,,303.70,,20.90,219.98,219.98,33.57,,,未采集,SRC-CITY-PANEL-1990-2023;SRC-SECONDARY-RATING-SHANXI-2019-2021,B2,needs_review,true,已接入评级报告或其他二手公开来源的债务补缺值；不等同于官方决算数据，必须回到财政/人大预算决算或官方债务表复核。
CN-141100,141100,吕梁市,14,山西省,地级市,core,2019,2019-12-31,prefecture_whole,secondary_debt,1512.00,5.70,394.00,192.66,430.66,,,,,,,252.30,,16.69,130.96,130.96,44.74,,,未采集,SRC-CITY-PANEL-1990-2023;SRC-SECONDARY-RATING-SHANXI-2019-2021,B2,needs_review,true,已接入评级报告或其他二手公开来源的债务补缺值；不等同于官方决算数据，必须回到财政/人大预算决算或官方债务表复核。
CN-150100,150100,呼和浩特市,15,内蒙古自治区,地级市,core,2019,2019-12-31,prefecture_whole,secondary_debt,2791.00,5.50,247.00,203.12,417.92,,,,,,,899.52,,32.23,442.85,442.85,48.60,,,未采集,SRC-CITY-PANEL-1990-2023;SRC-SECONDARY-CEIC-CN-150100,D,needs_review,true,已接入商业数据库公开城市债务页的 provisional 补缺值；经济财政字段与债务字段来源状态分开记录，必须回到官方预算/决算或统计公报复核。
CN-150200,150200,包头市,15,内蒙古自治区,地级市,core,2019,2019-12-31,prefecture_whole,secondary_debt,2714.00,6.00,224.00,151.82,364.53,,,,,,,930.11,,34.27,612.64,612.64,41.65,,,未采集,SRC-CITY-PANEL-1990-2023;SRC-SECONDARY-CEIC-CN-150200-COMPONENTS,D,needs_review,true,已接入商业数据库公开城市债务页的 provisional 补缺值；经济财政字段与债务字段来源状态分开记录，必须回到官方预算/决算或统计公报复核。
CN-150300,150300,乌海市,15,内蒙古自治区,地级市,core,2019,2019-12-31,prefecture_whole,secondary_debt,551.00,9.50,56.00,46.48,102.97,,,,,,,189.77,,34.44,408.28,408.28,45.14,,,未采集,SRC-CITY-PANEL-1990-2023;SRC-SECONDARY-CEIC-CN-150300,D,needs_review,true,已接入商业数据库公开城市债务页的 provisional 补缺值；经济财政字段与债务字段来源状态分开记录，必须回到官方预算/决算或统计公报复核。
CN-150400,150400,赤峰市,15,内蒙古自治区,地级市,core,2019,2019-12-31,prefecture_whole,secondary_debt,1708.00,5.10,460.00,110.40,545.22,,,,,,,430.00,,25.18,389.49,389.49,20.25,,,未采集,SRC-CITY-PANEL-1990-2023;SRC-SECONDARY-CEIC-CN-150400,D,needs_review,true,已接入商业数据库公开城市债务页的 provisional 补缺值；经济财政字段与债务字段来源状态分开记录，必须回到官方预算/决算或统计公报复核。
CN-150500,150500,通辽市,15,内蒙古自治区,地级市,core,2019,2019-12-31,prefecture_whole,official_debt,1267.00,4.00,318.00,76.22,379.31,,389.85,389.89,88.97,79.81,478.82,469.70,98.10,37.07,616.24,616.24,20.09,,,未采集,SRC-CITY-PANEL-1990-2023;SRC-OFFICIAL-DEBT-INNER-MONGOLIA-TONGLIAO-2019,A2,extracted,true,已从省级财政厅官方地级行政单元债务明细表提取；经济财政字段与债务字段的来源状态分开记录。
CN-150600,150600,鄂尔多斯市,15,内蒙古自治区,地级市,core,2019,2019-12-31,prefecture_whole,official_debt,3605.00,4.00,163.00,501.02,626.68,,1491.09,1467.10,96.98,70.59,1588.07,1537.69,96.83,42.65,306.91,306.91,79.95,,,未采集,SRC-CITY-PANEL-1990-2023;SRC-OFFICIAL-DEBT-INNER-MONGOLIA-ORDOS-2019,A2,extracted,true,已从省级财政厅官方地级行政单元债务明细表提取；经济财政字段与债务字段的来源状态分开记录。
CN-150700,150700,呼伦贝尔市,15,内蒙古自治区,地级市,core,2019,2019-12-31,prefecture_whole,secondary_debt,1193.00,2.70,256.00,83.96,459.80,,,,,,,418.23,,35.06,498.13,498.13,18.26,,,未采集,SRC-CITY-PANEL-1990-2023;SRC-SECONDARY-CEIC-CN-150700,D,needs_review,true,已接入商业数据库公开城市债务页的 provisional 补缺值；经济财政字段与债务字段来源状态分开记录，必须回到官方预算/决算或统计公报复核。
CN-150800,150800,巴彦淖尔市,15,内蒙古自治区,地级市,core,2019,2019-12-31,prefecture_whole,official_debt_exception,875.00,5.20,179.00,55.69,305.39,,271.93,270.71,61.46,62.15,333.39,332.86,99.84,38.04,597.70,597.70,18.24,,,未采集,SRC-CITY-PANEL-1990-2023;SRC-OFFICIAL-DEBT-INNER-MONGOLIA-BAYANNUR-2019,A2,needs_review,true,官方公开债务表原值已入表，但存在明确记录的限额/余额内部勾稽异常；内蒙古2019年官方决算表原值保留：巴彦淖尔市专项债务余额62.1546318949亿元高于专项债务限额61.46亿元；该内部勾稽异常未按其他来源改写，待财政部门更正或解释。
CN-150900,150900,乌兰察布市,15,内蒙古自治区,地级市,core,2019,2019-12-31,prefecture_whole,official_debt,808.00,6.20,270.00,49.86,371.21,,509.33,486.56,109.27,109.24,618.60,595.80,96.31,73.74,1194.95,1194.95,13.43,,,未采集,SRC-CITY-PANEL-1990-2023;SRC-OFFICIAL-DEBT-INNER-MONGOLIA-ULANQAB-2019,A2,extracted,true,已从省级财政厅官方地级行政单元债务明细表提取；经济财政字段与债务字段的来源状态分开记录。
CN-152200,152200,兴安盟,15,内蒙古自治区,盟,extended,2019,2019-12-31,prefecture_whole,official_debt,,,,,,,220.09,218.82,61.60,60.12,281.69,278.94,99.02,,,,,,,未采集,SRC-OFFICIAL-DEBT-INNER-MONGOLIA-XINGAN-2019,A2,extracted,true,已从省级财政厅官方地级行政单元债务明细表提取；经济财政字段与债务字段的来源状态分开记录。
CN-152500,152500,锡林郭勒盟,15,内蒙古自治区,盟,extended,2019,2019-12-31,prefecture_whole,official_debt,,,,,,,384.52,357.54,59.99,59.99,444.51,417.53,93.93,,,,,,,未采集,SRC-OFFICIAL-DEBT-INNER-MONGOLIA-XILINGOL-2019,A2,extracted,true,已从省级财政厅官方地级行政单元债务明细表提取；经济财政字段与债务字段的来源状态分开记录。
CN-152900,152900,阿拉善盟,15,内蒙古自治区,盟,extended,2019,2019-12-31,prefecture_whole,official_debt,,,,,,,149.72,144.18,65.16,64.36,214.88,208.54,97.05,,,,,,,未采集,SRC-OFFICIAL-DEBT-INNER-MONGOLIA-ALXA-2019,A2,extracted,true,已从省级财政厅官方地级行政单元债务明细表提取；经济财政字段与债务字段的来源状态分开记录。
CN-210100,210100,沈阳市,21,辽宁省,地级市,core,2019,2019-12-31,prefecture_whole,official_debt,6470.00,4.15,751.00,730.29,1047.65,,1033.19,948.65,984.92,797.06,2018.11,1745.70,86.50,26.98,239.04,239.04,69.71,,,未采集,SRC-CITY-PANEL-1990-2023;SRC-OFFICIAL-DEBT-LIAONING-2019-XLS,A1,extracted,true,已从省级财政厅官方地级行政单元债务明细表提取；经济财政字段与债务字段的来源状态分开记录。
CN-210200,210200,大连市,21,辽宁省,地级市,core,2019,2019-12-31,prefecture_whole,official_debt,7002.00,6.50,597.00,692.84,1016.28,,1421.32,1340.23,745.82,636.71,2167.14,1976.94,91.22,28.23,285.34,285.34,68.17,,,未采集,SRC-CITY-PANEL-1990-2023;SRC-OFFICIAL-DEBT-LIAONING-2019-XLS,A1,extracted,true,已从省级财政厅官方地级行政单元债务明细表提取；经济财政字段与债务字段的来源状态分开记录。
CN-210300,210300,鞍山市,21,辽宁省,地级市,core,2019,2019-12-31,prefecture_whole,official_debt,1745.00,6.14,341.00,153.27,326.98,,469.57,456.93,345.44,325.42,815.01,782.35,95.99,44.83,510.44,510.44,46.87,,,未采集,SRC-CITY-PANEL-1990-2023;SRC-OFFICIAL-DEBT-LIAONING-2019-XLS,A1,extracted,true,已从省级财政厅官方地级行政单元债务明细表提取；经济财政字段与债务字段的来源状态分开记录。
CN-210400,210400,抚顺市,21,辽宁省,地级市,core,2019,2019-12-31,prefecture_whole,official_debt,847.00,-3.60,208.00,75.21,208.14,,356.87,334.97,53.85,45.78,410.72,380.75,92.70,44.95,506.25,506.25,36.13,,,未采集,SRC-CITY-PANEL-1990-2023;SRC-OFFICIAL-DEBT-LIAONING-2019-XLS,A1,extracted,true,已从省级财政厅官方地级行政单元债务明细表提取；经济财政字段与债务字段的来源状态分开记录。
CN-210500,210500,本溪市,21,辽宁省,地级市,core,2019,2019-12-31,prefecture_whole,official_debt,781.00,3.50,145.00,67.56,164.82,,211.41,205.71,86.85,78.63,298.26,284.34,95.33,36.41,420.87,420.87,40.99,,,未采集,SRC-CITY-PANEL-1990-2023;SRC-OFFICIAL-DEBT-LIAONING-2019-XLS,A1,extracted,true,已从省级财政厅官方地级行政单元债务明细表提取；经济财政字段与债务字段的来源状态分开记录。
CN-210600,210600,丹东市,21,辽宁省,地级市,core,2019,2019-12-31,prefecture_whole,official_debt,768.00,2.00,234.00,75.13,223.35,,280.92,271.14,35.08,32.48,316.00,303.62,96.08,39.53,404.13,404.13,33.64,,,未采集,SRC-CITY-PANEL-1990-2023;SRC-OFFICIAL-DEBT-LIAONING-2019-XLS,A1,extracted,true,已从省级财政厅官方地级行政单元债务明细表提取；经济财政字段与债务字段的来源状态分开记录。
CN-210700,210700,锦州市,21,辽宁省,地级市,core,2019,2019-12-31,prefecture_whole,official_debt,1073.00,2.49,294.00,102.03,360.99,,400.21,341.61,64.90,36.73,465.11,378.35,81.35,35.26,370.82,370.82,28.26,,,未采集,SRC-CITY-PANEL-1990-2023;SRC-OFFICIAL-DEBT-LIAONING-2019-XLS,A1,extracted,true,已从省级财政厅官方地级行政单元债务明细表提取；经济财政字段与债务字段的来源状态分开记录。
CN-210800,210800,营口市,21,辽宁省,地级市,core,2019,2019-12-31,prefecture_whole,official_debt,1328.00,7.00,231.00,133.11,254.49,,746.72,714.55,119.50,117.13,866.22,831.68,96.01,62.63,624.81,624.81,52.30,,,未采集,SRC-CITY-PANEL-1990-2023;SRC-OFFICIAL-DEBT-LIAONING-2019-XLS,A1,extracted,true,已从省级财政厅官方地级行政单元债务明细表提取；经济财政字段与债务字段的来源状态分开记录。
CN-210900,210900,阜新市,21,辽宁省,地级市,core,2019,2019-12-31,prefecture_whole,official_debt,488.00,7.30,184.00,42.66,178.17,,126.12,119.24,34.76,31.41,160.88,150.65,93.64,30.87,353.14,353.14,23.94,,,未采集,SRC-CITY-PANEL-1990-2023;SRC-OFFICIAL-DEBT-LIAONING-2019-XLS,A1,extracted,true,已从省级财政厅官方地级行政单元债务明细表提取；经济财政字段与债务字段的来源状态分开记录。
CN-211000,211000,辽阳市,21,辽宁省,地级市,core,2019,2019-12-31,prefecture_whole,official_debt,831.00,2.50,175.00,95.31,185.47,,257.18,252.93,36.70,34.14,293.88,287.07,97.68,34.55,301.20,301.20,51.39,,,未采集,SRC-CITY-PANEL-1990-2023;SRC-OFFICIAL-DEBT-LIAONING-2019-XLS,A1,extracted,true,已从省级财政厅官方地级行政单元债务明细表提取；经济财政字段与债务字段的来源状态分开记录。
CN-211100,211100,盘锦市,21,辽宁省,地级市,core,2019,2019-12-31,prefecture_whole,official_debt,1281.00,9.00,130.00,147.96,232.92,,601.50,580.51,85.71,75.65,687.21,656.16,95.48,51.22,443.47,443.47,63.52,,,未采集,SRC-CITY-PANEL-1990-2023;SRC-OFFICIAL-DEBT-LIAONING-2019-XLS,A1,extracted,true,已从省级财政厅官方地级行政单元债务明细表提取；经济财政字段与债务字段的来源状态分开记录。
CN-211200,211200,铁岭市,21,辽宁省,地级市,core,2019,2019-12-31,prefecture_whole,official_debt,640.00,2.90,290.00,49.94,227.26,,164.77,157.59,118.25,116.83,283.02,274.42,96.96,42.88,549.50,549.50,21.97,,,未采集,SRC-CITY-PANEL-1990-2023;SRC-OFFICIAL-DEBT-LIAONING-2019-XLS,A1,extracted,true,已从省级财政厅官方地级行政单元债务明细表提取；经济财政字段与债务字段的来源状态分开记录。
CN-211300,211300,朝阳市,21,辽宁省,地级市,core,2019,2019-12-31,prefecture_whole,official_debt,843.00,5.30,335.00,74.66,300.56,,146.45,126.96,77.14,62.86,223.59,189.82,84.90,22.52,254.25,254.25,24.84,,,未采集,SRC-CITY-PANEL-1990-2023;SRC-OFFICIAL-DEBT-LIAONING-2019-XLS,A1,extracted,true,已从省级财政厅官方地级行政单元债务明细表提取；经济财政字段与债务字段的来源状态分开记录。
CN-211400,211400,葫芦岛市,21,辽宁省,地级市,core,2019,2019-12-31,prefecture_whole,official_debt,807.00,5.30,276.00,84.29,248.38,,357.74,333.90,40.66,39.67,398.40,373.57,93.77,46.29,443.20,443.20,33.94,,,未采集,SRC-CITY-PANEL-1990-2023;SRC-OFFICIAL-DEBT-LIAONING-2019-XLS,A1,extracted,true,已从省级财政厅官方地级行政单元债务明细表提取；经济财政字段与债务字段的来源状态分开记录。
CN-220100,220100,长春市,22,吉林省,地级市,core,2019,2019-12-31,prefecture_whole,official_debt,5904.00,3.00,,420.02,896.02,,691.26,621.65,774.93,662.13,1466.19,1283.78,87.56,21.74,305.65,305.65,46.88,,,未采集,SRC-CITY-PANEL-1990-2023;SRC-PROVINCE-DEBT-JILIN-2019,A1,extracted,true,已从省级财政厅官方地级行政单元债务明细表提取；经济财政字段与债务字段的来源状态分开记录。
CN-220200,220200,吉林市,22,吉林省,地级市,core,2019,2019-12-31,prefecture_whole,official_debt,1417.00,1.50,413.00,97.89,420.60,,205.96,188.77,125.14,116.78,331.10,305.55,92.28,21.56,312.14,312.14,23.27,,,未采集,SRC-CITY-PANEL-1990-2023;SRC-PROVINCE-DEBT-JILIN-2019,A1,extracted,true,已从省级财政厅官方地级行政单元债务明细表提取；经济财政字段与债务字段的来源状态分开记录。
CN-220300,220300,四平市,22,吉林省,地级市,core,2019,2019-12-31,prefecture_whole,official_debt,796.00,4.47,319.00,50.76,325.02,,90.29,68.43,23.99,23.72,114.28,92.15,80.64,11.58,181.54,181.54,15.62,,,未采集,SRC-CITY-PANEL-1990-2023;SRC-PROVINCE-DEBT-JILIN-2019,A1,extracted,true,已从省级财政厅官方地级行政单元债务明细表提取；经济财政字段与债务字段的来源状态分开记录。
CN-220400,220400,辽源市,22,吉林省,地级市,core,2019,2019-12-31,prefecture_whole,official_debt,410.00,2.00,117.00,17.46,133.10,,63.77,58.42,48.61,44.89,112.38,103.31,91.93,25.20,591.70,591.70,13.12,,,未采集,SRC-CITY-PANEL-1990-2023;SRC-PROVINCE-DEBT-JILIN-2019,A1,extracted,true,已从省级财政厅官方地级行政单元债务明细表提取；经济财政字段与债务字段的来源状态分开记录。
CN-220500,220500,通化市,22,吉林省,地级市,core,2019,2019-12-31,prefecture_whole,official_debt,726.00,4.30,215.00,53.30,267.30,,72.99,72.78,44.31,43.03,117.30,115.81,98.73,15.95,217.28,217.28,19.94,,,未采集,SRC-CITY-PANEL-1990-2023;SRC-PROVINCE-DEBT-JILIN-2019,A1,extracted,true,已从省级财政厅官方地级行政单元债务明细表提取；经济财政字段与债务字段的来源状态分开记录。
CN-220600,220600,白山市,22,吉林省,地级市,core,2019,2019-12-31,prefecture_whole,official_debt,509.00,3.80,117.00,23.75,200.63,,105.35,87.83,18.54,16.61,123.89,104.43,84.29,20.52,439.71,439.71,11.84,,,未采集,SRC-CITY-PANEL-1990-2023;SRC-PROVINCE-DEBT-JILIN-2019,A1,extracted,true,已从省级财政厅官方地级行政单元债务明细表提取；经济财政字段与债务字段的来源状态分开记录。
CN-220700,220700,松原市,22,吉林省,地级市,core,2019,2019-12-31,prefecture_whole,official_debt,730.00,2.60,275.00,47.88,269.68,,86.17,82.41,38.17,35.74,124.34,118.15,95.02,16.18,246.76,246.76,17.75,,,未采集,SRC-CITY-PANEL-1990-2023;SRC-PROVINCE-DEBT-JILIN-2019,A1,extracted,true,已从省级财政厅官方地级行政单元债务明细表提取；经济财政字段与债务字段的来源状态分开记录。
CN-220800,220800,白城市,22,吉林省,地级市,core,2019,2019-12-31,prefecture_whole,official_debt,492.00,1.75,189.00,43.99,249.99,,98.93,89.95,33.02,32.98,131.95,122.93,93.16,24.99,279.45,279.45,17.60,,,未采集,SRC-CITY-PANEL-1990-2023;SRC-PROVINCE-DEBT-JILIN-2019,A1,extracted,true,已从省级财政厅官方地级行政单元债务明细表提取；经济财政字段与债务字段的来源状态分开记录。
CN-222400,222400,延边朝鲜族自治州,22,吉林省,自治州,extended,2019,2019-12-31,prefecture_whole,official_debt,,,,,,,228.63,204.25,93.79,85.93,322.42,290.19,90.00,,,,,,,未采集,SRC-PROVINCE-DEBT-JILIN-2019,A1,extracted,true,已从省级财政厅官方地级行政单元债务明细表提取；经济财政字段与债务字段的来源状态分开记录。
CN-230100,230100,哈尔滨市,23,黑龙江省,地级市,core,2019,2019-12-31,prefecture_whole,official_debt,5249.00,4.35,951.00,370.91,1101.14,,,1355.84,,775.40,,2131.23,,40.60,574.59,574.59,33.68,,,未采集,SRC-CITY-PANEL-1990-2023;SRC-PROVINCE-DEBT-HEILONGJIANG-2019-FROM-2020-FINAL,A1,extracted,true,已从省级财政厅官方地级行政单元债务明细表提取；经济财政字段与债务字段的来源状态分开记录。
CN-230200,230200,齐齐哈尔市,23,黑龙江省,地级市,core,2019,2019-12-31,prefecture_whole,official_debt,1129.00,6.00,528.00,72.77,482.58,,,210.50,,52.16,,262.66,,23.26,360.95,360.95,15.08,,,未采集,SRC-CITY-PANEL-1990-2023;SRC-PROVINCE-DEBT-HEILONGJIANG-2019-FROM-2020-FINAL,A1,extracted,true,已从省级财政厅官方地级行政单元债务明细表提取；经济财政字段与债务字段的来源状态分开记录。
CN-230300,230300,鸡西市,23,黑龙江省,地级市,core,2019,2019-12-31,prefecture_whole,official_debt,552.00,4.60,171.00,33.27,173.48,,,96.93,,9.82,,106.75,,19.34,320.86,320.86,19.18,,,未采集,SRC-CITY-PANEL-1990-2023;SRC-PROVINCE-DEBT-HEILONGJIANG-2019-FROM-2020-FINAL,A1,extracted,true,已从省级财政厅官方地级行政单元债务明细表提取；经济财政字段与债务字段的来源状态分开记录。
CN-230400,230400,鹤岗市,23,黑龙江省,地级市,core,2019,2019-12-31,prefecture_whole,official_debt,336.00,3.70,99.00,24.94,142.95,,,100.78,,14.64,,115.42,,34.35,462.79,462.79,17.45,,,未采集,SRC-CITY-PANEL-1990-2023;SRC-PROVINCE-DEBT-HEILONGJIANG-2019-FROM-2020-FINAL,A1,extracted,true,已从省级财政厅官方地级行政单元债务明细表提取；经济财政字段与债务字段的来源状态分开记录。
CN-230500,230500,双鸭山市,23,黑龙江省,地级市,core,2019,2019-12-31,prefecture_whole,official_debt,476.00,4.80,141.00,27.05,175.04,,,153.01,,18.02,,171.03,,35.93,632.27,632.27,15.45,,,未采集,SRC-CITY-PANEL-1990-2023;SRC-PROVINCE-DEBT-HEILONGJIANG-2019-FROM-2020-FINAL,A1,extracted,true,已从省级财政厅官方地级行政单元债务明细表提取；经济财政字段与债务字段的来源状态分开记录。
CN-230600,230600,大庆市,23,黑龙江省,地级市,core,2019,2019-12-31,prefecture_whole,official_debt,2568.00,4.00,272.00,164.14,315.91,,,177.97,,62.94,,240.91,,9.38,146.77,146.77,51.96,,,未采集,SRC-CITY-PANEL-1990-2023;SRC-PROVINCE-DEBT-HEILONGJIANG-2019-FROM-2020-FINAL,A1,extracted,true,已从省级财政厅官方地级行政单元债务明细表提取；经济财政字段与债务字段的来源状态分开记录。
CN-230700,230700,伊春市,23,黑龙江省,地级市,core,2019,2019-12-31,prefecture_whole,official_debt,299.00,5.51,112.00,19.34,175.06,,,126.44,,15.83,,142.27,,47.58,735.63,735.63,11.05,,,未采集,SRC-CITY-PANEL-1990-2023;SRC-PROVINCE-DEBT-HEILONGJIANG-2019-FROM-2020-FINAL,A1,extracted,true,已从省级财政厅官方地级行政单元债务明细表提取；经济财政字段与债务字段的来源状态分开记录。
CN-230800,230800,佳木斯市,23,黑龙江省,地级市,core,2019,2019-12-31,prefecture_whole,official_debt,763.00,3.60,233.00,43.04,297.92,,,188.94,,27.18,,216.11,,28.32,502.11,502.11,14.45,,,未采集,SRC-CITY-PANEL-1990-2023;SRC-PROVINCE-DEBT-HEILONGJIANG-2019-FROM-2020-FINAL,A1,extracted,true,已从省级财政厅官方地级行政单元债务明细表提取；经济财政字段与债务字段的来源状态分开记录。
CN-230900,230900,七台河市,23,黑龙江省,地级市,core,2019,2019-12-31,prefecture_whole,official_debt,231.00,3.80,77.00,30.42,136.60,,,98.13,,18.91,,117.04,,50.67,384.75,384.75,22.27,,,未采集,SRC-CITY-PANEL-1990-2023;SRC-PROVINCE-DEBT-HEILONGJIANG-2019-FROM-2020-FINAL,A1,extracted,true,已从省级财政厅官方地级行政单元债务明细表提取；经济财政字段与债务字段的来源状态分开记录。
CN-231000,231000,牡丹江市,23,黑龙江省,地级市,core,2019,2019-12-31,prefecture_whole,official_debt,825.00,4.20,251.00,58.79,206.36,,,257.96,,50.45,,308.41,,37.38,524.60,524.60,28.49,,,未采集,SRC-CITY-PANEL-1990-2023;SRC-PROVINCE-DEBT-HEILONGJIANG-2019-FROM-2020-FINAL,A1,extracted,true,已从省级财政厅官方地级行政单元债务明细表提取；经济财政字段与债务字段的来源状态分开记录。
CN-231100,231100,黑河市,23,黑龙江省,地级市,core,2019,2019-12-31,prefecture_whole,official_debt,579.00,6.00,158.00,38.81,223.22,,,66.54,,10.11,,76.65,,13.24,197.50,197.50,17.39,,,未采集,SRC-CITY-PANEL-1990-2023;SRC-PROVINCE-DEBT-HEILONGJIANG-2019-FROM-2020-FINAL,A1,extracted,true,已从省级财政厅官方地级行政单元债务明细表提取；经济财政字段与债务字段的来源状态分开记录。
CN-231200,231200,绥化市,23,黑龙江省,地级市,core,2019,2019-12-31,prefecture_whole,official_debt,1101.00,3.50,,64.89,470.97,,,216.81,,53.20,,270.01,,24.52,416.10,416.10,13.78,,,未采集,SRC-CITY-PANEL-1990-2023;SRC-PROVINCE-DEBT-HEILONGJIANG-2019-FROM-2020-FINAL,A1,extracted,true,已从省级财政厅官方地级行政单元债务明细表提取；经济财政字段与债务字段的来源状态分开记录。
CN-232700,232700,大兴安岭地区,23,黑龙江省,地区,extended,2019,2019-12-31,prefecture_whole,official_debt,,,,,,,,22.37,,2.24,,24.61,,,,,,,,未采集,SRC-PROVINCE-DEBT-HEILONGJIANG-2019-FROM-2020-FINAL,A1,extracted,true,已从省级财政厅官方地级行政单元债务明细表提取；经济财政字段与债务字段的来源状态分开记录。
CN-310000,310000,上海市,31,上海市,直辖市,separate,2019,2019-12-31,prefecture_whole,official_debt,38156.00,6.00,1466.00,7165.10,8179.28,,4191.50,2787.70,4385.60,2934.40,8577.10,5722.10,66.71,15.00,79.86,79.86,87.60,,,未采集,SRC-CITY-PANEL-1990-2023;SRC-CITY-DEBT-SHANGHAI-2019,A1,extracted,true,已从省级财政厅官方地级行政单元债务明细表提取；经济财政字段与债务字段的来源状态分开记录。
CN-320100,320100,南京市,32,江苏省,地级市,core,2019,2019-12-31,prefecture_whole,secondary_debt,14031.00,7.80,703.00,1580.03,1658.07,,,,,,,2585.50,,18.43,163.64,163.64,95.29,,,未采集,SRC-CITY-PANEL-1990-2023;SRC-SECONDARY-RATING-JIANGSU-2019-CITY-TOTALS,B2,needs_review,true,已接入评级报告或其他二手公开来源的债务补缺值；不等同于官方决算数据，必须回到财政/人大预算决算或官方债务表复核。
CN-320200,320200,无锡市,32,江苏省,地级市,core,2019,2019-12-31,prefecture_whole,secondary_debt,11852.00,6.70,500.00,1036.33,1117.52,,,,,,,1196.40,,10.09,115.45,115.45,92.73,,,未采集,SRC-CITY-PANEL-1990-2023;SRC-SECONDARY-RATING-JIANGSU-2019-CITY-TOTALS,B2,needs_review,true,已接入评级报告或其他二手公开来源的债务补缺值；不等同于官方决算数据，必须回到财政/人大预算决算或官方债务表复核。
CN-320300,320300,徐州市,32,江苏省,地级市,core,2019,2019-12-31,prefecture_whole,secondary_debt,7151.00,6.00,1043.00,468.32,882.21,,,,,,,937.70,,13.11,200.23,200.23,53.08,,,未采集,SRC-CITY-PANEL-1990-2023;SRC-SECONDARY-RATING-JIANGSU-2019-CITY-TOTALS,B2,needs_review,true,已接入评级报告或其他二手公开来源的债务补缺值；不等同于官方决算数据，必须回到财政/人大预算决算或官方债务表复核。
CN-320400,320400,常州市,32,江苏省,地级市,core,2019,2019-12-31,prefecture_whole,secondary_debt,7401.00,6.80,384.00,590.03,654.19,,,,,,,1006.80,,13.60,170.64,170.64,90.19,,,未采集,SRC-CITY-PANEL-1990-2023;SRC-SECONDARY-RATING-JIANGSU-2019-CITY-TOTALS,B2,needs_review,true,已接入评级报告或其他二手公开来源的债务补缺值；不等同于官方决算数据，必须回到财政/人大预算决算或官方债务表复核。
CN-320500,320500,苏州市,32,江苏省,地级市,core,2019,2019-12-31,prefecture_whole,secondary_debt,19236.00,5.60,713.00,2221.81,2141.45,,,,,,,1390.60,,7.23,62.59,62.59,103.75,,,未采集,SRC-CITY-PANEL-1990-2023;SRC-SECONDARY-RATING-JIANGSU-2019-CITY-TOTALS,B2,needs_review,true,已接入评级报告或其他二手公开来源的债务补缺值；不等同于官方决算数据，必须回到财政/人大预算决算或官方债务表复核。
CN-320600,320600,南通市,32,江苏省,地级市,core,2019,2019-12-31,prefecture_whole,secondary_debt,9383.00,6.20,761.00,619.26,972.64,,,,,,,1562.70,,16.65,252.35,252.35,63.67,,,未采集,SRC-CITY-PANEL-1990-2023;SRC-SECONDARY-RATING-JIANGSU-2019-CITY-TOTALS,B2,needs_review,true,已接入评级报告或其他二手公开来源的债务补缺值；不等同于官方决算数据，必须回到财政/人大预算决算或官方债务表复核。
CN-320700,320700,连云港市,32,江苏省,地级市,core,2019,2019-12-31,prefecture_whole,secondary_debt,3139.00,6.00,534.00,242.44,466.03,,,,,,,530.80,,16.91,218.94,218.94,52.02,,,未采集,SRC-CITY-PANEL-1990-2023;SRC-SECONDARY-RATING-JIANGSU-2019-CITY-TOTALS,B2,needs_review,true,已接入评级报告或其他二手公开来源的债务补缺值；不等同于官方决算数据，必须回到财政/人大预算决算或官方债务表复核。
CN-320800,320800,淮安市,32,江苏省,地级市,core,2019,2019-12-31,prefecture_whole,secondary_debt,3871.00,6.60,561.00,257.31,529.15,,,,,,,586.20,,15.14,227.82,227.82,48.63,,,未采集,SRC-CITY-PANEL-1990-2023;SRC-SECONDARY-RATING-JIANGSU-2019-CITY-TOTALS,B2,needs_review,true,已接入评级报告或其他二手公开来源的债务补缺值；不等同于官方决算数据，必须回到财政/人大预算决算或官方债务表复核。
CN-320900,320900,盐城市,32,江苏省,地级市,core,2019,2019-12-31,prefecture_whole,secondary_debt,5702.00,5.10,823.00,383.00,877.52,,,,,,,1177.40,,20.65,307.42,307.42,43.65,,,未采集,SRC-CITY-PANEL-1990-2023;SRC-SECONDARY-RATING-JIANGSU-2019-CITY-TOTALS,B2,needs_review,true,已接入评级报告或其他二手公开来源的债务补缺值；不等同于官方决算数据，必须回到财政/人大预算决算或官方债务表复核。
CN-321000,321000,扬州市,32,江苏省,地级市,core,2019,2019-12-31,prefecture_whole,secondary_debt,5850.00,6.80,458.00,328.79,611.95,,,,,,,850.00,,14.53,258.52,258.52,53.73,,,未采集,SRC-CITY-PANEL-1990-2023;SRC-SECONDARY-RATING-JIANGSU-2019-CITY-TOTALS,B2,needs_review,true,已接入评级报告或其他二手公开来源的债务补缺值；不等同于官方决算数据，必须回到财政/人大预算决算或官方债务表复核。
CN-321100,321100,镇江市,32,江苏省,地级市,core,2019,2019-12-31,prefecture_whole,secondary_debt,4127.00,5.80,270.00,306.85,466.25,,,,,,,1096.80,,26.58,357.44,357.44,65.81,,,未采集,SRC-CITY-PANEL-1990-2023;SRC-SECONDARY-RATING-JIANGSU-2019-CITY-TOTALS,B2,needs_review,true,已接入评级报告或其他二手公开来源的债务补缺值；不等同于官方决算数据，必须回到财政/人大预算决算或官方债务表复核。
CN-321200,321200,泰州市,32,江苏省,地级市,core,2019,2019-12-31,prefecture_whole,secondary_debt,5133.00,6.40,502.00,365.67,594.24,,,,,,,759.20,,14.79,207.62,207.62,61.54,,,未采集,SRC-CITY-PANEL-1990-2023;SRC-SECONDARY-RATING-JIANGSU-2019-CITY-TOTALS,B2,needs_review,true,已接入评级报告或其他二手公开来源的债务补缺值；不等同于官方决算数据，必须回到财政/人大预算决算或官方债务表复核。
CN-321300,321300,宿迁市,32,江苏省,地级市,core,2019,2019-12-31,prefecture_whole,secondary_debt,3099.00,7.00,592.00,212.60,505.74,,,,,,,658.20,,21.24,309.60,309.60,42.04,,,未采集,SRC-CITY-PANEL-1990-2023;SRC-SECONDARY-RATING-JIANGSU-2019-CITY-TOTALS,B2,needs_review,true,已接入评级报告或其他二手公开来源的债务补缺值；不等同于官方决算数据，必须回到财政/人大预算决算或官方债务表复核。
CN-330100,330100,杭州市,33,浙江省,地级市,core,2019,2019-12-31,prefecture_whole,official_debt,15373.00,6.75,785.00,1965.97,1952.85,,1074.54,1072.89,1471.50,1467.97,2546.04,2540.86,99.80,16.53,129.24,129.24,100.67,,,未采集,SRC-CITY-PANEL-1990-2023;SRC-OFFICIAL-DEBT-ZHEJIANG-2019-CITY-TABLE,A2,extracted,true,已从省级财政厅官方地级行政单元债务明细表提取；经济财政字段与债务字段的来源状态分开记录。
CN-330200,330200,宁波市,33,浙江省,地级市,core,2019,2019-12-31,prefecture_whole,official_debt,11985.00,6.80,606.00,1468.51,1767.89,,,1156.43,,765.07,,1921.50,,16.03,130.85,130.85,83.07,,,未采集,SRC-CITY-PANEL-1990-2023;SRC-CELMA-API-DEBT-3302-2019,A2,extracted,true,已从省级财政厅官方地级行政单元债务明细表提取；经济财政字段与债务字段的来源状态分开记录。
CN-330300,330300,温州市,33,浙江省,地级市,core,2019,2019-12-31,prefecture_whole,official_debt,6606.00,8.16,831.00,578.97,1084.12,,467.43,467.02,820.76,820.62,1288.19,1287.64,99.96,19.49,222.40,222.40,53.40,,,未采集,SRC-CITY-PANEL-1990-2023;SRC-OFFICIAL-DEBT-ZHEJIANG-2019-CITY-TABLE,A2,extracted,true,已从省级财政厅官方地级行政单元债务明细表提取；经济财政字段与债务字段的来源状态分开记录。
CN-330400,330400,嘉兴市,33,浙江省,地级市,core,2019,2019-12-31,prefecture_whole,official_debt,5370.00,7.00,362.00,565.69,766.89,,477.44,476.89,510.56,510.33,988.00,987.22,99.92,18.38,174.52,174.52,73.76,,,未采集,SRC-CITY-PANEL-1990-2023;SRC-OFFICIAL-DEBT-ZHEJIANG-2019-CITY-TABLE,A2,extracted,true,已从省级财政厅官方地级行政单元债务明细表提取；经济财政字段与债务字段的来源状态分开记录。
CN-330500,330500,湖州市,33,浙江省,地级市,core,2019,2019-12-31,prefecture_whole,official_debt,3122.00,7.90,267.00,316.07,466.87,,521.96,521.45,212.18,211.73,734.14,733.18,99.87,23.48,231.97,231.97,67.70,,,未采集,SRC-CITY-PANEL-1990-2023;SRC-OFFICIAL-DEBT-ZHEJIANG-2019-CITY-TABLE,A2,extracted,true,已从省级财政厅官方地级行政单元债务明细表提取；经济财政字段与债务字段的来源状态分开记录。
CN-330600,330600,绍兴市,33,浙江省,地级市,core,2019,2019-12-31,prefecture_whole,official_debt,5781.00,7.16,448.00,528.37,640.87,,420.07,420.00,619.28,618.88,1039.35,1038.88,99.95,17.97,196.62,196.62,82.45,,,未采集,SRC-CITY-PANEL-1990-2023;SRC-OFFICIAL-DEBT-ZHEJIANG-2019-CITY-TABLE,A2,extracted,true,已从省级财政厅官方地级行政单元债务明细表提取；经济财政字段与债务字段的来源状态分开记录。
CN-330700,330700,金华市,33,浙江省,地级市,core,2019,2019-12-31,prefecture_whole,official_debt,4560.00,6.45,490.00,411.30,664.33,,416.55,416.37,392.07,391.64,808.62,808.01,99.92,17.72,196.45,196.45,61.91,,,未采集,SRC-CITY-PANEL-1990-2023;SRC-OFFICIAL-DEBT-ZHEJIANG-2019-CITY-TABLE,A2,extracted,true,已从省级财政厅官方地级行政单元债务明细表提取；经济财政字段与债务字段的来源状态分开记录。
CN-330800,330800,衢州市,33,浙江省,地级市,core,2019,2019-12-31,prefecture_whole,official_debt,1574.00,6.66,258.00,137.12,449.00,,242.45,242.29,220.84,220.43,463.29,462.72,99.88,29.40,337.46,337.46,30.54,,,未采集,SRC-CITY-PANEL-1990-2023;SRC-OFFICIAL-DEBT-ZHEJIANG-2019-CITY-TABLE,A2,extracted,true,已从省级财政厅官方地级行政单元债务明细表提取；经济财政字段与债务字段的来源状态分开记录。
CN-330900,330900,舟山市,33,浙江省,地级市,core,2019,2019-12-31,prefecture_whole,official_debt,1372.00,9.15,97.00,154.86,323.36,,255.87,255.70,188.82,186.60,444.69,442.30,99.46,32.24,285.61,285.61,47.89,,,未采集,SRC-CITY-PANEL-1990-2023;SRC-OFFICIAL-DEBT-ZHEJIANG-2019-CITY-TABLE,A2,extracted,true,已从省级财政厅官方地级行政单元债务明细表提取；经济财政字段与债务字段的来源状态分开记录。
CN-331000,331000,台州市,33,浙江省,地级市,core,2019,2019-12-31,prefecture_whole,official_debt,5134.00,5.05,606.00,438.50,770.33,,610.64,610.37,379.83,376.15,990.47,986.52,99.60,19.22,224.98,224.98,56.92,,,未采集,SRC-CITY-PANEL-1990-2023;SRC-OFFICIAL-DEBT-ZHEJIANG-2019-CITY-TABLE,A2,extracted,true,已从省级财政厅官方地级行政单元债务明细表提取；经济财政字段与债务字段的来源状态分开记录。
CN-331100,331100,丽水市,33,浙江省,地级市,core,2019,2019-12-31,prefecture_whole,official_debt,1477.00,8.25,270.00,139.83,526.50,,319.21,319.11,206.86,206.64,526.07,525.75,99.94,35.60,375.99,375.99,26.56,,,未采集,SRC-CITY-PANEL-1990-2023;SRC-OFFICIAL-DEBT-ZHEJIANG-2019-CITY-TABLE,A2,extracted,true,已从省级财政厅官方地级行政单元债务明细表提取；经济财政字段与债务字段的来源状态分开记录。
CN-340100,340100,合肥市,34,安徽省,地级市,core,2019,2019-12-31,prefecture_whole,secondary_debt,9409.00,7.56,764.00,745.99,1122.67,,,,,,,869.20,,9.24,116.52,116.52,66.45,,,未采集,SRC-CITY-PANEL-1990-2023;SRC-SECONDARY-RATING-ANHUI-2019-2021,B2,needs_review,true,已接入评级报告或其他二手公开来源的债务补缺值；不等同于官方决算数据，必须回到财政/人大预算决算或官方债务表复核。
CN-340200,340200,芜湖市,34,安徽省,地级市,core,2019,2019-12-31,prefecture_whole,secondary_debt,3618.00,8.24,389.00,321.79,502.48,,,,,,,723.10,,19.99,224.71,224.71,64.04,,,未采集,SRC-CITY-PANEL-1990-2023;SRC-SECONDARY-RATING-ANHUI-2019-2021,B2,needs_review,true,已接入评级报告或其他二手公开来源的债务补缺值；不等同于官方决算数据，必须回到财政/人大预算决算或官方债务表复核。
CN-340300,340300,蚌埠市,34,安徽省,地级市,core,2019,2019-12-31,prefecture_whole,secondary_debt,2057.00,5.06,385.00,163.28,337.52,,,,,,,346.20,,16.83,212.03,212.03,48.38,,,未采集,SRC-CITY-PANEL-1990-2023;SRC-SECONDARY-RATING-ANHUI-2019-2021,B2,needs_review,true,已接入评级报告或其他二手公开来源的债务补缺值；不等同于官方决算数据，必须回到财政/人大预算决算或官方债务表复核。
CN-340400,340400,淮南市,34,安徽省,地级市,core,2019,2019-12-31,prefecture_whole,secondary_debt,1296.00,5.23,390.00,109.41,262.08,,,,,,,384.60,,29.68,351.52,351.52,41.75,,,未采集,SRC-CITY-PANEL-1990-2023;SRC-SECONDARY-RATING-ANHUI-2019-2021,B2,needs_review,true,已接入评级报告或其他二手公开来源的债务补缺值；不等同于官方决算数据，必须回到财政/人大预算决算或官方债务表复核。
CN-340500,340500,马鞍山市,34,安徽省,地级市,core,2019,2019-12-31,prefecture_whole,secondary_debt,2111.00,8.01,229.00,158.35,253.33,,,,,,,326.90,,15.49,206.44,206.44,62.51,,,未采集,SRC-CITY-PANEL-1990-2023;SRC-SECONDARY-RATING-ANHUI-2019-2021,B2,needs_review,true,已接入评级报告或其他二手公开来源的债务补缺值；不等同于官方决算数据，必须回到财政/人大预算决算或官方债务表复核。
CN-340600,340600,淮北市,34,安徽省,地级市,core,2019,2019-12-31,prefecture_whole,secondary_debt,1078.00,3.00,218.00,75.49,190.01,,,,,,,284.60,,26.40,377.00,377.00,39.73,,,未采集,SRC-CITY-PANEL-1990-2023;SRC-SECONDARY-RATING-ANHUI-2019-2021,B2,needs_review,true,已接入评级报告或其他二手公开来源的债务补缺值；不等同于官方决算数据，必须回到财政/人大预算决算或官方债务表复核。
CN-340700,340700,铜陵市,34,安徽省,地级市,core,2019,2019-12-31,prefecture_whole,secondary_debt,960.00,-1.74,171.00,77.58,168.91,,,,,,,207.70,,21.64,267.72,267.72,45.93,,,未采集,SRC-CITY-PANEL-1990-2023;SRC-SECONDARY-RATING-ANHUI-2019-2021,B2,needs_review,true,已接入评级报告或其他二手公开来源的债务补缺值；不等同于官方决算数据，必须回到财政/人大预算决算或官方债务表复核。
CN-340800,340800,安庆市,34,安徽省,地级市,core,2019,2019-12-31,prefecture_whole,secondary_debt,2381.00,7.00,529.00,137.01,463.57,,,,,,,519.20,,21.81,378.95,378.95,29.56,,,未采集,SRC-CITY-PANEL-1990-2023;SRC-SECONDARY-RATING-ANHUI-2019-2021,B2,needs_review,true,已接入评级报告或其他二手公开来源的债务补缺值；不等同于官方决算数据，必须回到财政/人大预算决算或官方债务表复核。
CN-341000,341000,黄山市,34,安徽省,地级市,core,2019,2019-12-31,prefecture_whole,secondary_debt,818.00,7.74,149.00,81.07,196.82,,,,,,,242.30,,29.62,298.88,298.88,41.19,,,未采集,SRC-CITY-PANEL-1990-2023;SRC-SECONDARY-RATING-ANHUI-2019-2021,B2,needs_review,true,已接入评级报告或其他二手公开来源的债务补缺值；不等同于官方决算数据，必须回到财政/人大预算决算或官方债务表复核。
CN-341100,341100,滁州市,34,安徽省,地级市,core,2019,2019-12-31,prefecture_whole,secondary_debt,2909.00,9.70,455.00,214.61,455.12,,,,,,,553.80,,19.04,258.05,258.05,47.15,,,未采集,SRC-CITY-PANEL-1990-2023;SRC-SECONDARY-RATING-ANHUI-2019-2021,B2,needs_review,true,已接入评级报告或其他二手公开来源的债务补缺值；不等同于官方决算数据，必须回到财政/人大预算决算或官方债务表复核。
CN-341200,341200,阜阳市,34,安徽省,地级市,core,2019,2019-12-31,prefecture_whole,secondary_debt,2705.00,9.00,1074.00,200.63,655.28,,,,,,,946.20,,34.98,471.61,471.61,30.62,,,未采集,SRC-CITY-PANEL-1990-2023;SRC-SECONDARY-RATING-ANHUI-2019-2021,B2,needs_review,true,已接入评级报告或其他二手公开来源的债务补缺值；不等同于官方决算数据，必须回到财政/人大预算决算或官方债务表复核。
CN-341300,341300,宿州市,34,安徽省,地级市,core,2019,2019-12-31,prefecture_whole,secondary_debt,1979.00,8.70,657.00,130.17,449.86,,,,,,,461.50,,23.32,354.54,354.54,28.94,,,未采集,SRC-CITY-PANEL-1990-2023;SRC-SECONDARY-RATING-ANHUI-2019-2021,B2,needs_review,true,已接入评级报告或其他二手公开来源的债务补缺值；不等同于官方决算数据，必须回到财政/人大预算决算或官方债务表复核。
CN-341500,341500,六安市,34,安徽省,地级市,core,2019,2019-12-31,prefecture_whole,secondary_debt,1620.00,8.44,590.00,126.19,473.99,,,,,,,584.60,,36.09,463.27,463.27,26.62,,,未采集,SRC-CITY-PANEL-1990-2023;SRC-SECONDARY-RATING-ANHUI-2019-2021,B2,needs_review,true,已接入评级报告或其他二手公开来源的债务补缺值；不等同于官方决算数据，必须回到财政/人大预算决算或官方债务表复核。
CN-341600,341600,亳州市,34,安徽省,地级市,core,2019,2019-12-31,prefecture_whole,secondary_debt,1749.00,9.44,660.00,126.11,373.39,,,,,,,526.90,,30.13,417.81,417.81,33.77,,,未采集,SRC-CITY-PANEL-1990-2023;SRC-SECONDARY-RATING-ANHUI-2019-2021,B2,needs_review,true,已接入评级报告或其他二手公开来源的债务补缺值；不等同于官方决算数据，必须回到财政/人大预算决算或官方债务表复核。
CN-341700,341700,池州市,34,安徽省,地级市,core,2019,2019-12-31,prefecture_whole,secondary_debt,832.00,7.90,162.00,63.59,164.60,,,,,,,142.30,,17.10,223.78,223.78,38.63,,,未采集,SRC-CITY-PANEL-1990-2023;SRC-SECONDARY-RATING-ANHUI-2019-2021,B2,needs_review,true,已接入评级报告或其他二手公开来源的债务补缺值；不等同于官方决算数据，必须回到财政/人大预算决算或官方债务表复核。
CN-341800,341800,宣城市,34,安徽省,地级市,core,2019,2019-12-31,prefecture_whole,secondary_debt,1561.00,7.80,279.00,165.07,325.64,,,,,,,265.40,,17.00,160.78,160.78,50.69,,,未采集,SRC-CITY-PANEL-1990-2023;SRC-SECONDARY-RATING-ANHUI-2019-2021,B2,needs_review,true,已接入评级报告或其他二手公开来源的债务补缺值；不等同于官方决算数据，必须回到财政/人大预算决算或官方债务表复核。
CN-350100,350100,福州市,35,福建省,地级市,core,2019,2019-12-31,prefecture_whole,official_debt,9392.00,7.90,706.00,668.08,949.76,,,,,,,1086.50,,11.57,162.63,162.63,70.34,,,未采集,SRC-CITY-PANEL-1990-2023;SRC-OFFICIAL-DEBT-FUJIAN-CITIES-2019,A1,extracted,true,已从省级财政厅官方地级行政单元债务明细表提取；经济财政字段与债务字段的来源状态分开记录。
CN-350200,350200,厦门市,35,福建省,地级市,core,2019,2019-12-31,prefecture_whole,official_debt,5995.00,7.90,252.00,768.38,912.98,,,294.59,,493.59,,788.17,,13.15,102.58,102.58,84.16,,,未采集,SRC-CITY-PANEL-1990-2023;SRC-OFFICIAL-DEBT-FUJIAN-CITIES-2019,A1,extracted,true,已从省级财政厅官方地级行政单元债务明细表提取；经济财政字段与债务字段的来源状态分开记录。
CN-350300,350300,莆田市,35,福建省,地级市,core,2019,2019-12-31,prefecture_whole,official_debt,2595.00,6.62,362.00,143.12,235.86,,,,,,,518.15,,19.97,362.04,362.04,60.68,,,未采集,SRC-CITY-PANEL-1990-2023;SRC-OFFICIAL-DEBT-FUJIAN-CITIES-2019,A1,extracted,true,已从省级财政厅官方地级行政单元债务明细表提取；经济财政字段与债务字段的来源状态分开记录。
CN-350400,350400,三明市,35,福建省,地级市,core,2019,2019-12-31,prefecture_whole,official_debt,2602.00,8.00,289.00,107.76,316.58,90.06,,,,,,516.00,,19.83,478.84,478.84,34.04,45.53,83.57,城市预算执行报告（全市口径，A2精确来源）,SRC-CITY-PANEL-1990-2023;SRC-OFFICIAL-DEBT-FUJIAN-CITIES-2019;SRC-A2-SANMING-CITY-FUND-2019,A2,extracted,true,已从省级财政厅官方地级行政单元债务明细表提取；经济财政字段与债务字段的来源状态分开记录。；已接入2019年三明市全市政府性基金预算收入精确披露；来源等级为A2，保留执行状态，不改写为最终决算。
CN-350500,350500,泉州市,35,福建省,地级市,core,2019,2019-12-31,prefecture_whole,official_debt,9947.00,7.95,758.00,457.75,658.25,,,,,,,1434.74,,14.42,313.43,313.43,69.54,,,未采集,SRC-CITY-PANEL-1990-2023;SRC-OFFICIAL-DEBT-FUJIAN-CITIES-2019,A1,extracted,true,已从省级财政厅官方地级行政单元债务明细表提取；经济财政字段与债务字段的来源状态分开记录。
CN-350600,350600,漳州市,35,福建省,地级市,core,2019,2019-12-31,prefecture_whole,official_debt,4742.00,6.50,522.00,219.41,440.44,,,,,,,748.94,,15.79,341.34,341.34,49.82,,,未采集,SRC-CITY-PANEL-1990-2023;SRC-OFFICIAL-DEBT-FUJIAN-CITIES-2019,A1,extracted,true,已从省级财政厅官方地级行政单元债务明细表提取；经济财政字段与债务字段的来源状态分开记录。
CN-350700,350700,南平市,35,福建省,地级市,core,2019,2019-12-31,prefecture_whole,official_debt,1992.00,5.95,320.00,96.23,310.41,,,,,,,369.76,,18.56,384.25,384.25,31.00,,,未采集,SRC-CITY-PANEL-1990-2023;SRC-OFFICIAL-DEBT-FUJIAN-CITIES-2019,A1,extracted,true,已从省级财政厅官方地级行政单元债务明细表提取；经济财政字段与债务字段的来源状态分开记录。
CN-350800,350800,龙岩市,35,福建省,地级市,core,2019,2019-12-31,prefecture_whole,official_debt,2679.00,7.10,318.00,155.62,322.28,,,,,,,656.61,,24.51,421.93,421.93,48.29,,,未采集,SRC-CITY-PANEL-1990-2023;SRC-OFFICIAL-DEBT-FUJIAN-CITIES-2019,A1,extracted,true,已从省级财政厅官方地级行政单元债务明细表提取；经济财政字段与债务字段的来源状态分开记录。
CN-350900,350900,宁德市,35,福建省,地级市,core,2019,2019-12-31,prefecture_whole,official_debt,2452.00,9.20,355.00,126.80,339.44,,,,,,,428.09,,17.46,337.61,337.61,37.36,,,未采集,SRC-CITY-PANEL-1990-2023;SRC-OFFICIAL-DEBT-FUJIAN-CITIES-2019,A1,extracted,true,已从省级财政厅官方地级行政单元债务明细表提取；经济财政字段与债务字段的来源状态分开记录。
CN-360100,360100,南昌市,36,江西省,地级市,core,2019,2019-12-31,prefecture_whole,official_debt,5596.00,8.00,534.00,477.00,834.11,,,389.30,,453.20,,842.50,,15.06,176.62,176.62,57.19,,,未采集,SRC-CITY-PANEL-1990-2023;SRC-SECONDARY-DEBT-JIANGXI-NANCHANG-2019,A2,extracted,true,已从省级财政厅官方地级行政单元债务明细表提取；经济财政字段与债务字段的来源状态分开记录。
CN-360200,360200,景德镇市,36,江西省,地级市,core,2019,2019-12-31,prefecture_whole,official_debt,926.00,7.80,171.00,99.69,236.19,,,,,,,201.00,,21.71,201.63,201.63,42.21,,,未采集,SRC-CITY-PANEL-1990-2023;SRC-SECONDARY-DEBT-JIANGXI-JINGDEZHEN-2019,A2,extracted,true,已从省级财政厅官方地级行政单元债务明细表提取；经济财政字段与债务字段的来源状态分开记录。
CN-360300,360300,萍乡市,36,江西省,地级市,core,2019,2019-12-31,prefecture_whole,secondary_debt,930.00,7.50,200.00,105.02,275.80,,,137.81,,66.02,,203.83,,21.92,194.09,194.09,38.08,,,未采集,SRC-CITY-PANEL-1990-2023;SRC-SECONDARY-DEBT-JIANGXI-PINGXIANG-2019,B2,needs_review,true,已接入评级报告或其他二手公开来源的债务补缺值；不等同于官方决算数据，必须回到财政/人大预算决算或官方债务表复核。
CN-360400,360400,九江市,36,江西省,地级市,core,2019,2019-12-31,prefecture_whole,secondary_debt,3121.00,8.37,524.00,283.86,651.80,,,319.61,,331.72,,651.33,,20.87,229.45,229.45,43.55,,,未采集,SRC-CITY-PANEL-1990-2023;SRC-SECONDARY-DEBT-JIANGXI-JIUJIANG-2019,B2,needs_review,true,已接入评级报告或其他二手公开来源的债务补缺值；不等同于官方决算数据，必须回到财政/人大预算决算或官方债务表复核。
CN-360500,360500,新余市,36,江西省,地级市,core,2019,2019-12-31,prefecture_whole,secondary_debt,972.00,7.60,119.00,77.96,156.09,,,,,,,198.52,,20.42,254.64,254.64,49.95,,,未采集,SRC-CITY-PANEL-1990-2023;SRC-SECONDARY-DEBT-JIANGXI-XINYU-2019,B2,needs_review,true,已接入评级报告或其他二手公开来源的债务补缺值；不等同于官方决算数据，必须回到财政/人大预算决算或官方债务表复核。
CN-360600,360600,鹰潭市,36,江西省,地级市,core,2019,2019-12-31,prefecture_whole,secondary_debt,941.00,8.10,129.00,87.91,155.06,,,,,,,196.70,,20.90,223.75,223.75,56.69,,,未采集,SRC-CITY-PANEL-1990-2023;SRC-SECONDARY-DEBT-JIANGXI-YINGTAN-2019,B2,needs_review,true,已接入评级报告或其他二手公开来源的债务补缺值；不等同于官方决算数据，必须回到财政/人大预算决算或官方债务表复核。
CN-360700,360700,赣州市,36,江西省,地级市,core,2019,2019-12-31,prefecture_whole,official_debt,3474.00,8.54,982.00,280.37,1007.44,,417.24,337.52,353.63,294.08,770.86,631.60,81.93,18.18,225.27,225.27,27.83,,,未采集,SRC-CITY-PANEL-1990-2023;SRC-OFFICIAL-DEBT-JIANGXI-GANZHOU-2019,A1,extracted,true,已从省级财政厅官方地级行政单元债务明细表提取；经济财政字段与债务字段的来源状态分开记录。
CN-360800,360800,吉安市,36,江西省,地级市,core,2019,2019-12-31,prefecture_whole,secondary_debt,2085.00,8.10,540.00,177.96,542.77,,,158.84,,176.66,,335.50,,16.09,188.53,188.53,32.79,,,未采集,SRC-CITY-PANEL-1990-2023;SRC-SECONDARY-DEBT-JIANGXI-JIAN-2019,B2,needs_review,true,已接入评级报告或其他二手公开来源的债务补缺值；不等同于官方决算数据，必须回到财政/人大预算决算或官方债务表复核。
CN-360900,360900,宜春市,36,江西省,地级市,core,2019,2019-12-31,prefecture_whole,secondary_debt,2688.00,7.60,604.00,246.16,620.72,,,,,,,435.94,,16.22,177.10,177.10,39.66,,,未采集,SRC-CITY-PANEL-1990-2023;SRC-SECONDARY-DEBT-JIANGXI-YICHUN-2019,B2,needs_review,true,已接入评级报告或其他二手公开来源的债务补缺值；不等同于官方决算数据，必须回到财政/人大预算决算或官方债务表复核。
CN-361000,361000,抚州市,36,江西省,地级市,core,2019,2019-12-31,prefecture_whole,secondary_debt,1511.00,7.90,432.00,129.24,474.87,,,189.97,,130.71,,320.68,,21.22,248.13,248.13,27.22,,,未采集,SRC-CITY-PANEL-1990-2023;SRC-SECONDARY-DEBT-JIANGXI-FUZHOU-2019,B2,needs_review,true,已接入评级报告或其他二手公开来源的债务补缺值；不等同于官方决算数据，必须回到财政/人大预算决算或官方债务表复核。
CN-361100,361100,上饶市,36,江西省,地级市,core,2019,2019-12-31,prefecture_whole,secondary_debt,2513.00,7.70,791.00,232.41,731.94,,,,,,,510.00,,20.29,219.44,219.44,31.75,,,未采集,SRC-CITY-PANEL-1990-2023;SRC-SECONDARY-RATING-JIANGXI-2019-2021-CITY-CHART,B2,needs_review,true,已接入评级报告或其他二手公开来源的债务补缺值；不等同于官方决算数据，必须回到财政/人大预算决算或官方债务表复核。
CN-370100,370100,济南市,37,山东省,地级市,core,2019,2019-12-31,prefecture_whole,secondary_debt,9443.00,7.00,791.00,874.19,1197.32,,,,,,,1283.80,,13.60,146.86,146.86,73.01,,,未采集,SRC-CITY-PANEL-1990-2023;SRC-SECONDARY-RATING-SHANDONG-2019-2021,B2,needs_review,true,已接入评级报告或其他二手公开来源的债务补缺值；不等同于官方决算数据，必须回到财政/人大预算决算或官方债务表复核。
CN-370200,370200,青岛市,37,山东省,地级市,core,2019,2019-12-31,prefecture_whole,official_debt,11741.00,6.50,824.00,1241.74,1575.97,,,784.78,,796.89,,1581.66,,13.47,127.37,127.37,78.79,,,未采集,SRC-CITY-PANEL-1990-2023;SRC-CELMA-API-DEBT-3702-2019,A2,extracted,true,已从省级财政厅官方地级行政单元债务明细表提取；经济财政字段与债务字段的来源状态分开记录。
CN-370300,370300,淄博市,37,山东省,地级市,core,2019,2019-12-31,prefecture_whole,secondary_debt,3642.00,3.53,434.00,368.67,499.74,,,,,,,628.50,,17.26,170.48,170.48,73.77,,,未采集,SRC-CITY-PANEL-1990-2023;SRC-SECONDARY-RATING-SHANDONG-2019-2021,B2,needs_review,true,已接入评级报告或其他二手公开来源的债务补缺值；不等同于官方决算数据，必须回到财政/人大预算决算或官方债务表复核。
CN-370400,370400,枣庄市,37,山东省,地级市,core,2019,2019-12-31,prefecture_whole,secondary_debt,1694.00,3.60,423.00,147.26,267.14,,,,,,,413.70,,24.42,280.93,280.93,55.12,,,未采集,SRC-CITY-PANEL-1990-2023;SRC-SECONDARY-RATING-SHANDONG-2019-2021,B2,needs_review,true,已接入评级报告或其他二手公开来源的债务补缺值；不等同于官方决算数据，必须回到财政/人大预算决算或官方债务表复核。
CN-370500,370500,东营市,37,山东省,地级市,core,2019,2019-12-31,prefecture_whole,secondary_debt,2916.00,4.20,197.00,245.10,306.19,,,,,,,353.20,,12.11,144.10,144.10,80.05,,,未采集,SRC-CITY-PANEL-1990-2023;SRC-SECONDARY-RATING-SHANDONG-2019-2021,B2,needs_review,true,已接入评级报告或其他二手公开来源的债务补缺值；不等同于官方决算数据，必须回到财政/人大预算决算或官方债务表复核。
CN-370600,370600,烟台市,37,山东省,地级市,core,2019,2019-12-31,prefecture_whole,secondary_debt,7653.00,5.50,654.00,595.42,774.54,,,,,,,1041.50,,13.61,174.92,174.92,76.87,,,未采集,SRC-CITY-PANEL-1990-2023;SRC-SECONDARY-RATING-SHANDONG-2019-2021,B2,needs_review,true,已接入评级报告或其他二手公开来源的债务补缺值；不等同于官方决算数据，必须回到财政/人大预算决算或官方债务表复核。
CN-370700,370700,潍坊市,37,山东省,地级市,core,2019,2019-12-31,prefecture_whole,secondary_debt,5689.00,3.70,916.00,571.06,777.90,,,,,,,1261.80,,22.18,220.96,220.96,73.41,,,未采集,SRC-CITY-PANEL-1990-2023;SRC-SECONDARY-RATING-SHANDONG-2019-2021,B2,needs_review,true,已接入评级报告或其他二手公开来源的债务补缺值；不等同于官方决算数据，必须回到财政/人大预算决算或官方债务表复核。
CN-370800,370800,济宁市,37,山东省,地级市,core,2019,2019-12-31,prefecture_whole,secondary_debt,4370.00,3.83,892.00,405.01,667.30,,,,,,,837.80,,19.17,206.86,206.86,60.69,,,未采集,SRC-CITY-PANEL-1990-2023;SRC-SECONDARY-RATING-SHANDONG-2019-2021,B2,needs_review,true,已接入评级报告或其他二手公开来源的债务补缺值；不等同于官方决算数据，必须回到财政/人大预算决算或官方债务表复核。
CN-370900,370900,泰安市,37,山东省,地级市,core,2019,2019-12-31,prefecture_whole,secondary_debt,2664.00,6.31,573.00,224.71,414.55,,,,,,,601.00,,22.56,267.46,267.46,54.21,,,未采集,SRC-CITY-PANEL-1990-2023;SRC-SECONDARY-RATING-SHANDONG-2019-2021,B2,needs_review,true,已接入评级报告或其他二手公开来源的债务补缺值；不等同于官方决算数据，必须回到财政/人大预算决算或官方债务表复核。
CN-371000,371000,威海市,37,山东省,地级市,core,2019,2019-12-31,prefecture_whole,secondary_debt,2964.00,3.60,257.00,249.85,343.17,,,,,,,639.50,,21.58,255.95,255.95,72.81,,,未采集,SRC-CITY-PANEL-1990-2023;SRC-SECONDARY-RATING-SHANDONG-2019-2021,B2,needs_review,true,已接入评级报告或其他二手公开来源的债务补缺值；不等同于官方决算数据，必须回到财政/人大预算决算或官方债务表复核。
CN-371100,371100,日照市,37,山东省,地级市,core,2019,2019-12-31,prefecture_whole,secondary_debt,1949.00,7.20,307.00,170.37,267.45,,,,,,,298.10,,15.30,174.97,174.97,63.70,,,未采集,SRC-CITY-PANEL-1990-2023;SRC-SECONDARY-RATING-SHANDONG-2019-2021,B2,needs_review,true,已接入评级报告或其他二手公开来源的债务补缺值；不等同于官方决算数据，必须回到财政/人大预算决算或官方债务表复核。
CN-371200,371200,莱芜市,37,山东省,地级市,core,2019,2019-12-31,prefecture_whole,official_debt,,,,,,,,,,,,98.14,,,,,,,,未采集,SRC-CITY-PANEL-1990-2023;SRC-OFFICIAL-DEBT-JINAN-LAIWU-2019,A1,extracted,true,已从省级财政厅官方地级行政单元债务明细表提取；经济财政字段与债务字段的来源状态分开记录。
CN-371300,371300,临沂市,37,山东省,地级市,core,2019,2019-12-31,prefecture_whole,secondary_debt,4600.00,3.00,1185.00,330.01,710.81,,,,,,,986.40,,21.44,298.90,298.90,46.43,,,未采集,SRC-CITY-PANEL-1990-2023;SRC-SECONDARY-RATING-SHANDONG-2019-2021,B2,needs_review,true,已接入评级报告或其他二手公开来源的债务补缺值；不等同于官方决算数据，必须回到财政/人大预算决算或官方债务表复核。
CN-371400,371400,德州市,37,山东省,地级市,core,2019,2019-12-31,prefecture_whole,secondary_debt,3022.00,6.10,598.00,206.27,437.36,,,,,,,601.00,,19.89,291.37,291.37,47.16,,,未采集,SRC-CITY-PANEL-1990-2023;SRC-SECONDARY-RATING-SHANDONG-2019-2021,B2,needs_review,true,已接入评级报告或其他二手公开来源的债务补缺值；不等同于官方决算数据，必须回到财政/人大预算决算或官方债务表复核。
CN-371500,371500,聊城市,37,山东省,地级市,core,2019,2019-12-31,prefecture_whole,secondary_debt,2260.00,3.70,645.00,196.63,427.08,,,,,,,441.30,,19.53,224.43,224.43,46.04,,,未采集,SRC-CITY-PANEL-1990-2023;SRC-SECONDARY-RATING-SHANDONG-2019-2021,B2,needs_review,true,已接入评级报告或其他二手公开来源的债务补缺值；不等同于官方决算数据，必须回到财政/人大预算决算或官方债务表复核。
CN-371600,371600,滨州市,37,山东省,地级市,core,2019,2019-12-31,prefecture_whole,secondary_debt,2457.00,4.12,397.00,242.96,378.55,,,,,,,512.90,,20.88,211.10,211.10,64.18,,,未采集,SRC-CITY-PANEL-1990-2023;SRC-SECONDARY-RATING-SHANDONG-2019-2021,B2,needs_review,true,已接入评级报告或其他二手公开来源的债务补缺值；不等同于官方决算数据，必须回到财政/人大预算决算或官方债务表复核。
CN-371700,371700,菏泽市,37,山东省,地级市,core,2019,2019-12-31,prefecture_whole,secondary_debt,3410.00,6.28,1026.00,221.92,619.00,,,,,,,468.80,,13.75,211.25,211.25,35.85,,,未采集,SRC-CITY-PANEL-1990-2023;SRC-SECONDARY-RATING-SHANDONG-2019-2021,B2,needs_review,true,已接入评级报告或其他二手公开来源的债务补缺值；不等同于官方决算数据，必须回到财政/人大预算决算或官方债务表复核。
CN-410100,410100,郑州市,41,河南省,地级市,core,2019,2019-12-31,prefecture_whole,secondary_debt,11590.00,6.49,873.00,1222.53,1910.67,,,,,,,1967.32,,16.97,160.92,160.92,63.98,,,未采集,SRC-CITY-PANEL-1990-2023;SRC-SECONDARY-CCXI-HENAN-2019-CITY-TABLE,B2,needs_review,true,已接入评级报告或其他二手公开来源的债务补缺值；不等同于官方决算数据，必须回到财政/人大预算决算或官方债务表复核。
CN-410200,410200,开封市,41,河南省,地级市,core,2019,2019-12-31,prefecture_whole,secondary_debt,2364.00,7.20,561.00,154.86,424.60,189.30,,,,,,315.20,,13.33,203.54,203.54,36.47,55.00,122.24,城市预算执行报告（全市口径，A2精确来源）,SRC-CITY-PANEL-1990-2023;SRC-SECONDARY-CCXI-HENAN-2019-CITY-TABLE;SRC-A2-KAIFENG-CITY-FUND-2019,A2,extracted,true,已接入评级报告或其他二手公开来源的债务补缺值；不等同于官方决算数据，必须回到财政/人大预算决算或官方债务表复核。；已接入2019年开封市全市政府性基金预算收入精确披露；来源等级为A2，保留执行状态，不改写为最终决算。
CN-410300,410300,洛阳市,41,河南省,地级市,core,2019,2019-12-31,prefecture_whole,secondary_debt,5035.00,7.80,743.00,369.78,647.57,,,,,,,455.90,,9.05,123.29,123.29,57.10,,,未采集,SRC-CITY-PANEL-1990-2023;SRC-SECONDARY-CCXI-HENAN-2019-CITY-TABLE,B2,needs_review,true,已接入评级报告或其他二手公开来源的债务补缺值；不等同于官方决算数据，必须回到财政/人大预算决算或官方债务表复核。
CN-410400,410400,平顶山市,41,河南省,地级市,core,2019,2019-12-31,prefecture_whole,secondary_debt,2373.00,7.50,570.00,171.39,404.72,119.93,,,,,,266.81,,11.24,155.67,155.67,42.35,41.17,69.97,城市预算执行报告（全市口径，A1精确来源）,SRC-CITY-PANEL-1990-2023;SRC-SECONDARY-CCXI-HENAN-2019-CITY-TABLE;SRC-A1-PINGDINGSHAN-CITY-FUND-2019-FINAL,A1,extracted,true,已接入评级报告或其他二手公开来源的债务补缺值；不等同于官方决算数据，必须回到财政/人大预算决算或官方债务表复核。；已接入2019年平顶山市全市政府性基金预算收入精确披露；来源等级为A1，保留执行状态，不改写为最终决算。
CN-410500,410500,安阳市,41,河南省,地级市,core,2019,2019-12-31,prefecture_whole,secondary_debt,2229.00,2.68,628.00,164.06,404.52,,,,,,,309.30,,13.88,188.53,188.53,40.56,,,未采集,SRC-CITY-PANEL-1990-2023;SRC-SECONDARY-CCXI-HENAN-2019-CITY-TABLE,B2,needs_review,true,已接入评级报告或其他二手公开来源的债务补缺值；不等同于官方决算数据，必须回到财政/人大预算决算或官方债务表复核。
CN-410600,410600,鹤壁市,41,河南省,地级市,core,2019,2019-12-31,prefecture_whole,secondary_debt,989.00,7.10,171.00,69.45,144.49,,,,,,,153.42,,15.51,220.91,220.91,48.07,,,未采集,SRC-CITY-PANEL-1990-2023;SRC-SECONDARY-CCXI-HENAN-2019-CITY-TABLE,B2,needs_review,true,已接入评级报告或其他二手公开来源的债务补缺值；不等同于官方决算数据，必须回到财政/人大预算决算或官方债务表复核。
CN-410700,410700,新乡市,41,河南省,地级市,core,2019,2019-12-31,prefecture_whole,secondary_debt,2918.00,6.96,660.00,187.21,464.70,,,,,,,325.30,,11.15,173.76,173.76,40.29,,,未采集,SRC-CITY-PANEL-1990-2023;SRC-SECONDARY-CCXI-HENAN-2019-CITY-TABLE,B2,needs_review,true,已接入评级报告或其他二手公开来源的债务补缺值；不等同于官方决算数据，必须回到财政/人大预算决算或官方债务表复核。
CN-410800,410800,焦作市,41,河南省,地级市,core,2019,2019-12-31,prefecture_whole,secondary_debt,2761.00,7.96,373.00,156.47,297.60,,,,,,,191.00,,6.92,122.07,122.07,52.58,,,未采集,SRC-CITY-PANEL-1990-2023;SRC-SECONDARY-CCXI-HENAN-2019-CITY-TABLE,B2,needs_review,true,已接入评级报告或其他二手公开来源的债务补缺值；不等同于官方决算数据，必须回到财政/人大预算决算或官方债务表复核。
CN-410900,410900,濮阳市,41,河南省,地级市,core,2019,2019-12-31,prefecture_whole,secondary_debt,1581.00,6.80,434.00,100.48,349.95,,,,,,,277.40,,17.55,276.07,276.07,28.71,,,未采集,SRC-CITY-PANEL-1990-2023;SRC-SECONDARY-CCXI-HENAN-2019-CITY-TABLE,B2,needs_review,true,已接入评级报告或其他二手公开来源的债务补缺值；不等同于官方决算数据，必须回到财政/人大预算决算或官方债务表复核。
CN-411000,411000,许昌市,41,河南省,地级市,core,2019,2019-12-31,prefecture_whole,secondary_debt,2831.00,9.00,510.00,179.86,362.43,,,,,,,319.10,,11.27,177.42,177.42,49.63,,,未采集,SRC-CITY-PANEL-1990-2023;SRC-SECONDARY-CCXI-HENAN-2019-CITY-TABLE,B2,needs_review,true,已接入评级报告或其他二手公开来源的债务补缺值；不等同于官方决算数据，必须回到财政/人大预算决算或官方债务表复核。
CN-411100,411100,漯河市,41,河南省,地级市,core,2019,2019-12-31,prefecture_whole,secondary_debt,1578.00,7.54,268.00,95.91,215.15,,,,,,,136.39,,8.64,142.21,142.21,44.58,,,未采集,SRC-CITY-PANEL-1990-2023;SRC-SECONDARY-CCXI-HENAN-2019-CITY-TABLE,B2,needs_review,true,已接入评级报告或其他二手公开来源的债务补缺值；不等同于官方决算数据，必须回到财政/人大预算决算或官方债务表复核。
CN-411200,411200,三门峡市,41,河南省,地级市,core,2019,2019-12-31,prefecture_whole,secondary_debt,1444.00,7.50,227.00,131.37,267.18,38.76,,,,,,161.81,,11.21,123.17,123.17,49.17,22.78,29.50,城市预算执行报告（全市口径，A2精确来源）,SRC-CITY-PANEL-1990-2023;SRC-SECONDARY-CCXI-HENAN-2019-CITY-TABLE;SRC-A2-SANMENXIA-CITY-FUND-2019,A2,extracted,true,已接入评级报告或其他二手公开来源的债务补缺值；不等同于官方决算数据，必须回到财政/人大预算决算或官方债务表复核。；已接入2019年三门峡市全市政府性基金预算收入精确披露；来源等级为A2，保留执行状态，不改写为最终决算。
CN-411300,411300,南阳市,41,河南省,地级市,core,2019,2019-12-31,prefecture_whole,secondary_debt,3815.00,7.00,1239.00,196.15,702.43,217.70,,,,,,468.59,,12.28,238.89,238.89,27.92,52.60,110.99,城市预算执行报告（全市口径，A2精确来源）,SRC-CITY-PANEL-1990-2023;SRC-SECONDARY-CCXI-HENAN-2019-CITY-TABLE;SRC-A2-NANYANG-CITY-FUND-2019,A2,extracted,true,已接入评级报告或其他二手公开来源的债务补缺值；不等同于官方决算数据，必须回到财政/人大预算决算或官方债务表复核。；已接入2019年南阳市全市政府性基金预算收入精确披露；来源等级为A2，保留执行状态，不改写为最终决算。
CN-411400,411400,商丘市,41,河南省,地级市,core,2019,2019-12-31,prefecture_whole,secondary_debt,2911.00,7.40,1002.00,171.71,537.54,,,,,,,309.60,,10.64,180.30,180.30,31.94,,,未采集,SRC-CITY-PANEL-1990-2023;SRC-SECONDARY-CCXI-HENAN-2019-CITY-TABLE,B2,needs_review,true,已接入评级报告或其他二手公开来源的债务补缺值；不等同于官方决算数据，必须回到财政/人大预算决算或官方债务表复核。
CN-411500,411500,信阳市,41,河南省,地级市,core,2019,2019-12-31,prefecture_whole,secondary_debt,2758.00,6.31,886.00,119.00,595.82,,,,,,,321.40,,11.65,270.08,270.08,19.97,,,未采集,SRC-CITY-PANEL-1990-2023;SRC-SECONDARY-CCXI-HENAN-2019-CITY-TABLE,B2,needs_review,true,已接入评级报告或其他二手公开来源的债务补缺值；不等同于官方决算数据，必须回到财政/人大预算决算或官方债务表复核。
CN-411600,411600,周口市,41,河南省,地级市,core,2019,2019-12-31,prefecture_whole,secondary_debt,3198.00,7.50,1258.00,140.92,656.22,213.80,,,,,,332.80,,10.41,236.16,236.16,21.47,60.27,151.72,城市预算执行报告（全市口径，A2精确来源）,SRC-CITY-PANEL-1990-2023;SRC-SECONDARY-CCXI-HENAN-2019-CITY-TABLE;SRC-A2-ZHOUKOU-CITY-FUND-2019,A2,extracted,true,已接入评级报告或其他二手公开来源的债务补缺值；不等同于官方决算数据，必须回到财政/人大预算决算或官方债务表复核。；已接入2019年周口市全市政府性基金预算收入精确披露；来源等级为A2，保留执行状态，不改写为最终决算。
CN-411700,411700,驻马店市,41,河南省,地级市,core,2019,2019-12-31,prefecture_whole,secondary_debt,2742.00,7.40,964.00,160.27,610.00,,,,,,,283.70,,10.35,177.01,177.01,26.27,,,未采集,SRC-CITY-PANEL-1990-2023;SRC-SECONDARY-CCXI-HENAN-2019-CITY-TABLE,B2,needs_review,true,已接入评级报告或其他二手公开来源的债务补缺值；不等同于官方决算数据，必须回到财政/人大预算决算或官方债务表复核。
CN-419000,419000,省直辖县级行政区划,41,河南省,地级市,core,2019,2019-12-31,prefecture_whole,secondary_debt,,,,,,,,,,,,77.70,,,,,,,,未采集,SRC-SECONDARY-CCXI-HENAN-2019-CITY-TABLE,B2,needs_review,true,已接入评级报告或其他二手公开来源的债务补缺值；不等同于官方决算数据，必须回到财政/人大预算决算或官方债务表复核。
CN-420100,420100,武汉市,42,湖北省,地级市,core,2019,2019-12-31,prefecture_whole,official_debt,16223.00,7.40,895.00,1564.12,2237.10,,1515.35,1444.84,1932.10,1931.86,3447.45,3376.70,97.95,20.81,215.88,215.88,69.92,,,未采集,SRC-CITY-PANEL-1990-2023;SRC-OFFICIAL-DEBT-HUBEI-WUHAN-2019,A1,extracted,true,已从省级财政厅官方地级行政单元债务明细表提取；经济财政字段与债务字段的来源状态分开记录。
CN-420200,420200,黄石市,42,湖北省,地级市,core,2019,2019-12-31,prefecture_whole,official_debt,1767.00,8.20,273.00,119.55,265.68,,1477.66,1388.02,1111.93,1080.60,2589.59,2468.63,95.33,139.71,2064.94,2064.94,45.00,,,未采集,SRC-CITY-PANEL-1990-2023;SRC-OFFICIAL-DEBT-HUBEI-HUANGSHI-2019,A1,extracted,true,已从省级财政厅官方地级行政单元债务明细表提取；经济财政字段与债务字段的来源状态分开记录。
CN-420300,420300,十堰市,42,湖北省,地级市,core,2019,2019-12-31,prefecture_whole,secondary_debt,2013.00,7.00,346.00,119.96,406.95,,,,,,,410.45,,20.39,342.16,342.16,29.48,,,未采集,SRC-CITY-PANEL-1990-2023;SRC-SECONDARY-CEIC-CN-420300,D,needs_review,true,已接入商业数据库公开城市债务页的 provisional 补缺值；经济财政字段与债务字段来源状态分开记录，必须回到官方预算/决算或统计公报复核。
CN-420500,420500,宜昌市,42,湖北省,地级市,core,2019,2019-12-31,prefecture_whole,secondary_debt,4461.00,8.10,391.00,240.79,596.99,,,101.64,,180.87,,282.52,,6.33,117.33,117.33,40.33,,,未采集,SRC-CITY-PANEL-1990-2023;SRC-SECONDARY-DEBT-HUBEI-YICHANG-2019,B2,needs_review,true,已接入评级报告或其他二手公开来源的债务补缺值；不等同于官方决算数据，必须回到财政/人大预算决算或官方债务表复核。
CN-420600,420600,襄阳市,42,湖北省,地级市,core,2019,2019-12-31,prefecture_whole,secondary_debt,4813.00,7.90,591.00,300.24,729.68,,,,,,,628.70,,13.06,209.40,209.40,41.15,,,未采集,SRC-CITY-PANEL-1990-2023;SRC-SECONDARY-DEBT-HUBEI-XIANGYANG-2019,B2,needs_review,true,已接入评级报告或其他二手公开来源的债务补缺值；不等同于官方决算数据，必须回到财政/人大预算决算或官方债务表复核。
CN-420700,420700,鄂州市,42,湖北省,地级市,core,2019,2019-12-31,prefecture_whole,official_debt,1140.00,7.80,107.00,60.05,125.31,,765.10,730.18,899.34,656.87,1664.44,1387.05,83.33,121.67,2309.83,2309.83,47.92,,,未采集,SRC-CITY-PANEL-1990-2023;SRC-OFFICIAL-DEBT-HUBEI-EZHOU-2019,A1,extracted,true,已从省级财政厅官方地级行政单元债务明细表提取；经济财政字段与债务字段的来源状态分开记录。
CN-420800,420800,荆门市,42,湖北省,地级市,core,2019,2019-12-31,prefecture_whole,secondary_debt,2034.00,7.50,292.00,110.48,293.68,,,122.90,,121.80,,244.70,,12.03,221.49,221.49,37.62,,,未采集,SRC-CITY-PANEL-1990-2023;SRC-SECONDARY-DEBT-HUBEI-JINGMEN-2019,B2,needs_review,true,已接入评级报告或其他二手公开来源的债务补缺值；不等同于官方决算数据，必须回到财政/人大预算决算或官方债务表复核。
CN-420900,420900,孝感市,42,湖北省,地级市,core,2019,2019-12-31,prefecture_whole,secondary_debt,2301.00,8.00,516.00,135.53,408.84,,,,,,,351.34,,15.27,259.23,259.23,33.15,,,未采集,SRC-CITY-PANEL-1990-2023;SRC-SECONDARY-CEIC-CN-420900,D,needs_review,true,已接入商业数据库公开城市债务页的 provisional 补缺值；经济财政字段与债务字段来源状态分开记录，必须回到官方预算/决算或统计公报复核。
CN-421000,421000,荆州市,42,湖北省,地级市,core,2019,2019-12-31,prefecture_whole,secondary_debt,2516.00,7.50,639.00,139.42,489.57,,,,,,,412.42,,16.39,295.81,295.81,28.48,,,未采集,SRC-CITY-PANEL-1990-2023;SRC-SECONDARY-CEIC-CN-421000,D,needs_review,true,已接入商业数据库公开城市债务页的 provisional 补缺值；经济财政字段与债务字段来源状态分开记录，必须回到官方预算/决算或统计公报复核。
CN-421100,421100,黄冈市,42,湖北省,地级市,core,2019,2019-12-31,prefecture_whole,secondary_debt,2323.00,6.80,739.00,141.40,534.34,,,258.90,,143.10,,402.00,,17.31,284.30,284.30,26.46,,,未采集,SRC-CITY-PANEL-1990-2023;SRC-SECONDARY-DEBT-HUBEI-HUANGGANG-2019,B2,needs_review,true,已接入评级报告或其他二手公开来源的债务补缺值；不等同于官方决算数据，必须回到财政/人大预算决算或官方债务表复核。
CN-421200,421200,咸宁市,42,湖北省,地级市,core,2019,2019-12-31,prefecture_whole,secondary_debt,1595.00,8.10,305.00,94.62,280.27,,,,,,,216.29,,13.56,228.59,228.59,33.76,,,未采集,SRC-CITY-PANEL-1990-2023;SRC-SECONDARY-CEIC-CN-421200,D,needs_review,true,已接入商业数据库公开城市债务页的 provisional 补缺值；经济财政字段与债务字段来源状态分开记录，必须回到官方预算/决算或统计公报复核。
CN-421300,421300,随州市,42,湖北省,地级市,core,2019,2019-12-31,prefecture_whole,secondary_debt,1162.00,7.80,250.00,49.10,157.98,,,,,,,127.89,,11.01,260.47,260.47,31.08,,,未采集,SRC-CITY-PANEL-1990-2023;SRC-SECONDARY-DEBT-HUBEI-SUIZHOU-2019,B2,needs_review,true,已接入评级报告或其他二手公开来源的债务补缺值；不等同于官方决算数据，必须回到财政/人大预算决算或官方债务表复核。
CN-422800,422800,恩施土家族苗族自治州,42,湖北省,自治州,extended,2019,2019-12-31,prefecture_whole,secondary_debt,,,,,,,,200.43,,94.35,,294.78,,,,,,,,未采集,SRC-SECONDARY-DEBT-HUBEI-ENSHI-2019,B2,needs_review,true,已接入评级报告或其他二手公开来源的债务补缺值；不等同于官方决算数据，必须回到财政/人大预算决算或官方债务表复核。
CN-429000,429000,省直辖县级行政区划,42,湖北省,地级市,core,2019,2019-12-31,prefecture_whole,official_debt,,,,,,,,,,,,201.67,,,,,,,,未采集,SRC-OFFICIAL-DEBT-HUBEI-2019-DIRECT-AGG,A1,extracted,true,已从省级财政厅官方地级行政单元债务明细表提取；经济财政字段与债务字段的来源状态分开记录。
CN-430100,430100,长沙市,43,湖南省,地级市,core,2019,2019-12-31,prefecture_whole,official_debt,11574.00,8.08,734.00,950.23,1425.98,,610.72,610.20,1213.10,1213.10,1823.82,1823.30,99.97,15.75,191.88,191.88,66.64,,,未采集,SRC-CITY-PANEL-1990-2023;SRC-PROVINCE-DEBT-HUNAN-2019,A1,extracted,true,已从省级财政厅官方地级行政单元债务明细表提取；经济财政字段与债务字段的来源状态分开记录。
CN-430200,430200,株洲市,43,湖南省,地级市,core,2019,2019-12-31,prefecture_whole,official_debt,3003.00,7.85,402.00,200.96,523.38,,341.80,341.44,363.70,363.70,705.50,705.14,99.95,23.48,350.89,350.89,38.40,,,未采集,SRC-CITY-PANEL-1990-2023;SRC-PROVINCE-DEBT-HUNAN-2019,A1,extracted,true,已从省级财政厅官方地级行政单元债务明细表提取；经济财政字段与债务字段的来源状态分开记录。
CN-430300,430300,湘潭市,43,湖南省,地级市,core,2019,2019-12-31,prefecture_whole,official_debt,2258.00,7.56,289.00,115.52,316.59,,213.76,213.47,310.32,310.32,524.08,523.79,99.94,23.20,453.42,453.42,36.49,,,未采集,SRC-CITY-PANEL-1990-2023;SRC-PROVINCE-DEBT-HUNAN-2019,A1,extracted,true,已从省级财政厅官方地级行政单元债务明细表提取；经济财政字段与债务字段的来源状态分开记录。
CN-430400,430400,衡阳市,43,湖南省,地级市,core,2019,2019-12-31,prefecture_whole,official_debt,3373.00,8.10,799.00,170.20,600.02,,381.04,376.30,416.88,416.88,797.92,793.18,99.41,23.52,466.03,466.03,28.37,,,未采集,SRC-CITY-PANEL-1990-2023;SRC-PROVINCE-DEBT-HUNAN-2019,A1,extracted,true,已从省级财政厅官方地级行政单元债务明细表提取；经济财政字段与债务字段的来源状态分开记录。
CN-430500,430500,邵阳市,43,湖南省,地级市,core,2019,2019-12-31,prefecture_whole,official_debt,2152.00,7.97,827.00,102.94,581.68,,293.73,293.65,160.64,160.64,454.37,454.29,99.98,21.11,441.32,441.32,17.70,,,未采集,SRC-CITY-PANEL-1990-2023;SRC-PROVINCE-DEBT-HUNAN-2019,A1,extracted,true,已从省级财政厅官方地级行政单元债务明细表提取；经济财政字段与债务字段的来源状态分开记录。
CN-430600,430600,岳阳市,43,湖南省,地级市,core,2019,2019-12-31,prefecture_whole,official_debt,3780.00,8.02,569.00,150.18,532.43,,322.71,321.77,227.54,227.54,550.25,549.31,99.83,14.53,365.77,365.77,28.21,,,未采集,SRC-CITY-PANEL-1990-2023;SRC-PROVINCE-DEBT-HUNAN-2019,A1,extracted,true,已从省级财政厅官方地级行政单元债务明细表提取；经济财政字段与债务字段的来源状态分开记录。
CN-430700,430700,常德市,43,湖南省,地级市,core,2019,2019-12-31,prefecture_whole,official_debt,3624.00,8.00,605.00,183.52,608.54,,455.16,453.77,130.07,130.07,585.23,583.84,99.76,16.11,318.13,318.13,30.16,,,未采集,SRC-CITY-PANEL-1990-2023;SRC-PROVINCE-DEBT-HUNAN-2019,A1,extracted,true,已从省级财政厅官方地级行政单元债务明细表提取；经济财政字段与债务字段的来源状态分开记录。
CN-430800,430800,张家界市,43,湖南省,地级市,core,2019,2019-12-31,prefecture_whole,official_debt,552.00,7.63,170.00,37.69,187.95,,132.02,131.55,42.74,42.74,174.76,174.29,99.73,31.57,462.43,462.43,20.05,,,未采集,SRC-CITY-PANEL-1990-2023;SRC-PROVINCE-DEBT-HUNAN-2019,A1,extracted,true,已从省级财政厅官方地级行政单元债务明细表提取；经济财政字段与债务字段的来源状态分开记录。
CN-430900,430900,益阳市,43,湖南省,地级市,core,2019,2019-12-31,prefecture_whole,official_debt,1792.00,7.06,475.00,74.83,382.42,,213.76,212.90,145.39,145.39,359.15,358.29,99.76,19.99,478.81,478.81,19.57,,,未采集,SRC-CITY-PANEL-1990-2023;SRC-PROVINCE-DEBT-HUNAN-2019,A1,extracted,true,已从省级财政厅官方地级行政单元债务明细表提取；经济财政字段与债务字段的来源状态分开记录。
CN-431000,431000,郴州市,43,湖南省,地级市,core,2019,2019-12-31,prefecture_whole,official_debt,2411.00,7.80,535.00,140.34,440.54,,536.48,530.84,216.76,216.76,753.24,747.60,99.25,31.01,532.71,532.71,31.86,,,未采集,SRC-CITY-PANEL-1990-2023;SRC-PROVINCE-DEBT-HUNAN-2019,A1,extracted,true,已从省级财政厅官方地级行政单元债务明细表提取；经济财政字段与债务字段的来源状态分开记录。
CN-431100,431100,永州市,43,湖南省,地级市,core,2019,2019-12-31,prefecture_whole,official_debt,2017.00,7.05,644.00,125.27,497.00,,310.65,307.20,109.87,109.87,420.52,417.07,99.18,20.68,332.94,332.94,25.21,,,未采集,SRC-CITY-PANEL-1990-2023;SRC-PROVINCE-DEBT-HUNAN-2019,A1,extracted,true,已从省级财政厅官方地级行政单元债务明细表提取；经济财政字段与债务字段的来源状态分开记录。
CN-431200,431200,怀化市,43,湖南省,地级市,core,2019,2019-12-31,prefecture_whole,official_debt,1617.00,8.03,524.00,95.29,470.31,,316.40,315.44,235.99,235.87,552.39,551.31,99.80,34.09,578.56,578.56,20.26,,,未采集,SRC-CITY-PANEL-1990-2023;SRC-PROVINCE-DEBT-HUNAN-2019,A1,extracted,true,已从省级财政厅官方地级行政单元债务明细表提取；经济财政字段与债务字段的来源状态分开记录。
CN-431300,431300,娄底市,43,湖南省,地级市,core,2019,2019-12-31,prefecture_whole,official_debt,1641.00,8.10,455.00,76.70,320.88,,216.04,214.83,105.24,105.24,321.28,320.07,99.62,19.50,417.30,417.30,23.90,,,未采集,SRC-CITY-PANEL-1990-2023;SRC-PROVINCE-DEBT-HUNAN-2019,A1,extracted,true,已从省级财政厅官方地级行政单元债务明细表提取；经济财政字段与债务字段的来源状态分开记录。
CN-433100,433100,湘西土家族苗族自治州,43,湖南省,自治州,extended,2019,2019-12-31,prefecture_whole,official_debt,,,,,,,241.97,240.78,60.71,60.71,302.68,301.49,99.61,,,,,,,未采集,SRC-PROVINCE-DEBT-HUNAN-2019,A1,extracted,true,已从省级财政厅官方地级行政单元债务明细表提取；经济财政字段与债务字段的来源状态分开记录。
CN-440100,440100,广州市,44,广东省,地级市,core,2019,2019-12-31,prefecture_whole,official_debt,23629.00,6.80,941.00,1699.04,2865.33,,1050.60,881.50,2081.18,1833.44,3131.79,2714.94,86.69,11.49,159.79,159.79,59.30,,,未采集,SRC-CITY-PANEL-1990-2023;SRC-OFFICIAL-DEBT-GUANGDONG-2019-TABLE18,A1,extracted,true,已从省级财政厅官方地级行政单元债务明细表提取；经济财政字段与债务字段的来源状态分开记录。
CN-440200,440200,韶关市,44,广东省,地级市,core,2019,2019-12-31,prefecture_whole,official_debt,1318.00,6.00,337.00,101.05,382.57,,178.87,143.75,114.05,98.72,292.92,242.46,82.77,18.40,239.94,239.94,26.41,,,未采集,SRC-CITY-PANEL-1990-2023;SRC-OFFICIAL-DEBT-GUANGDONG-2019-TABLE18,A1,extracted,true,已从省级财政厅官方地级行政单元债务明细表提取；经济财政字段与债务字段的来源状态分开记录。
CN-440300,440300,深圳市,44,广东省,地级市,core,2019,2019-12-31,prefecture_whole,official_debt,26927.00,6.70,526.00,3773.38,4552.73,,324.60,67.87,373.90,362.40,698.50,430.27,61.60,1.60,11.40,11.40,82.88,,,未采集,SRC-CITY-PANEL-1990-2023;SRC-OFFICIAL-DEBT-GUANGDONG-2019-TABLE18,A1,extracted,true,已从省级财政厅官方地级行政单元债务明细表提取；经济财政字段与债务字段的来源状态分开记录。
CN-440400,440400,珠海市,44,广东省,地级市,core,2019,2019-12-31,prefecture_whole,official_debt,3436.00,6.80,130.00,344.49,615.74,,372.37,251.38,304.56,294.20,676.93,545.58,80.60,15.88,158.37,158.37,55.95,,,未采集,SRC-CITY-PANEL-1990-2023;SRC-OFFICIAL-DEBT-GUANGDONG-2019-TABLE18,A1,extracted,true,已从省级财政厅官方地级行政单元债务明细表提取；经济财政字段与债务字段的来源状态分开记录。
CN-440500,440500,汕头市,44,广东省,地级市,core,2019,2019-12-31,prefecture_whole,official_debt,2694.00,6.10,571.00,138.25,386.54,,101.32,85.04,204.20,200.71,305.52,285.75,93.53,10.61,206.69,206.69,35.77,,,未采集,SRC-CITY-PANEL-1990-2023;SRC-OFFICIAL-DEBT-GUANGDONG-2019-TABLE18,A1,extracted,true,已从省级财政厅官方地级行政单元债务明细表提取；经济财政字段与债务字段的来源状态分开记录。
CN-440600,440600,佛山市,44,广东省,地级市,core,2019,2019-12-31,prefecture_whole,official_debt,10751.00,6.90,449.00,731.62,941.32,,643.19,385.65,1125.53,1002.73,1768.71,1388.38,78.50,12.91,189.77,189.77,77.72,,,未采集,SRC-CITY-PANEL-1990-2023;SRC-OFFICIAL-DEBT-GUANGDONG-2019-TABLE18,A1,extracted,true,已从省级财政厅官方地级行政单元债务明细表提取；经济财政字段与债务字段的来源状态分开记录。
CN-440700,440700,江门市,44,广东省,地级市,core,2019,2019-12-31,prefecture_whole,official_debt,3147.00,4.30,400.00,256.83,421.24,,355.61,245.12,229.55,204.85,585.16,449.96,76.90,14.30,175.20,175.20,60.97,,,未采集,SRC-CITY-PANEL-1990-2023;SRC-OFFICIAL-DEBT-GUANGDONG-2019-TABLE18,A1,extracted,true,已从省级财政厅官方地级行政单元债务明细表提取；经济财政字段与债务字段的来源状态分开记录。
CN-440800,440800,湛江市,44,广东省,地级市,core,2019,2019-12-31,prefecture_whole,official_debt,3065.00,4.00,851.00,131.27,503.10,,165.18,158.52,259.16,251.71,424.34,410.22,96.67,13.38,312.50,312.50,26.09,,,未采集,SRC-CITY-PANEL-1990-2023;SRC-OFFICIAL-DEBT-GUANGDONG-2019-TABLE18,A1,extracted,true,已从省级财政厅官方地级行政单元债务明细表提取；经济财政字段与债务字段的来源状态分开记录。
CN-440900,440900,茂名市,44,广东省,地级市,core,2019,2019-12-31,prefecture_whole,official_debt,3252.00,4.30,814.00,139.89,458.12,,152.58,130.54,167.50,148.84,320.07,279.38,87.29,8.59,199.71,199.71,30.54,,,未采集,SRC-CITY-PANEL-1990-2023;SRC-OFFICIAL-DEBT-GUANGDONG-2019-TABLE18,A1,extracted,true,已从省级财政厅官方地级行政单元债务明细表提取；经济财政字段与债务字段的来源状态分开记录。
CN-441200,441200,肇庆市,44,广东省,地级市,core,2019,2019-12-31,prefecture_whole,official_debt,2249.00,6.26,452.00,114.21,351.65,,206.90,184.49,239.33,190.61,446.24,375.11,84.06,16.68,328.44,328.44,32.48,,,未采集,SRC-CITY-PANEL-1990-2023;SRC-OFFICIAL-DEBT-GUANGDONG-2019-TABLE18,A1,extracted,true,已从省级财政厅官方地级行政单元债务明细表提取；经济财政字段与债务字段的来源状态分开记录。
CN-441300,441300,惠州市,44,广东省,地级市,core,2019,2019-12-31,prefecture_whole,official_debt,4177.00,4.20,385.00,400.86,614.92,,534.11,403.47,241.24,222.88,775.35,626.34,80.78,14.99,156.25,156.25,65.19,,,未采集,SRC-CITY-PANEL-1990-2023;SRC-OFFICIAL-DEBT-GUANGDONG-2019-TABLE18,A1,extracted,true,已从省级财政厅官方地级行政单元债务明细表提取；经济财政字段与债务字段的来源状态分开记录。
CN-441400,441400,梅州市,44,广东省,地级市,core,2019,2019-12-31,prefecture_whole,official_debt,1187.00,3.40,547.00,91.59,443.84,,198.06,160.97,165.80,150.70,363.86,311.67,85.66,26.26,340.29,340.29,20.64,,,未采集,SRC-CITY-PANEL-1990-2023;SRC-OFFICIAL-DEBT-GUANGDONG-2019-TABLE18,A1,extracted,true,已从省级财政厅官方地级行政单元债务明细表提取；经济财政字段与债务字段的来源状态分开记录。
CN-441500,441500,汕尾市,44,广东省,地级市,core,2019,2019-12-31,prefecture_whole,official_debt,1080.00,6.70,356.00,42.45,278.92,,71.18,64.64,151.14,141.21,222.33,205.85,92.59,19.06,484.92,484.92,15.22,,,未采集,SRC-CITY-PANEL-1990-2023;SRC-OFFICIAL-DEBT-GUANGDONG-2019-TABLE18,A1,extracted,true,已从省级财政厅官方地级行政单元债务明细表提取；经济财政字段与债务字段的来源状态分开记录。
CN-441600,441600,河源市,44,广东省,地级市,core,2019,2019-12-31,prefecture_whole,official_debt,1080.00,5.50,310.00,77.47,373.13,,156.43,140.42,124.72,123.81,281.16,264.24,93.98,24.47,341.09,341.09,20.76,,,未采集,SRC-CITY-PANEL-1990-2023;SRC-OFFICIAL-DEBT-GUANGDONG-2019-TABLE18,A1,extracted,true,已从省级财政厅官方地级行政单元债务明细表提取；经济财政字段与债务字段的来源状态分开记录。
CN-441700,441700,阳江市,44,广东省,地级市,core,2019,2019-12-31,prefecture_whole,official_debt,1292.00,8.20,301.00,64.30,242.34,,121.28,114.31,98.95,90.70,220.24,205.01,93.08,15.87,318.83,318.83,26.53,,,未采集,SRC-CITY-PANEL-1990-2023;SRC-OFFICIAL-DEBT-GUANGDONG-2019-TABLE18,A1,extracted,true,已从省级财政厅官方地级行政单元债务明细表提取；经济财政字段与债务字段的来源状态分开记录。
CN-441800,441800,清远市,44,广东省,地级市,core,2019,2019-12-31,prefecture_whole,official_debt,1698.00,6.30,445.00,118.54,395.28,,133.09,109.13,233.75,227.11,366.84,336.24,91.66,19.80,283.65,283.65,29.99,,,未采集,SRC-CITY-PANEL-1990-2023;SRC-OFFICIAL-DEBT-GUANGDONG-2019-TABLE18,A1,extracted,true,已从省级财政厅官方地级行政单元债务明细表提取；经济财政字段与债务字段的来源状态分开记录。
CN-441900,441900,东莞市,44,广东省,地级市,core,2019,2019-12-31,prefecture_whole,official_debt,9482.00,7.42,241.00,673.27,863.01,,557.20,523.15,196.18,181.79,753.39,704.94,93.57,7.43,104.70,104.70,78.01,,,未采集,SRC-CITY-PANEL-1990-2023;SRC-OFFICIAL-DEBT-GUANGDONG-2019-TABLE18,A1,extracted,true,已从省级财政厅官方地级行政单元债务明细表提取；经济财政字段与债务字段的来源状态分开记录。
CN-442000,442000,中山市,44,广东省,地级市,core,2019,2019-12-31,prefecture_whole,official_debt,3101.00,1.20,183.00,283.38,411.73,,97.58,79.70,256.95,246.62,354.53,326.31,92.04,10.52,115.15,115.15,68.83,,,未采集,SRC-CITY-PANEL-1990-2023;SRC-OFFICIAL-DEBT-GUANGDONG-2019-TABLE18,A1,extracted,true,已从省级财政厅官方地级行政单元债务明细表提取；经济财政字段与债务字段的来源状态分开记录。
CN-445100,445100,潮州市,44,广东省,地级市,core,2019,2019-12-31,prefecture_whole,official_debt,1081.00,5.00,,48.01,197.16,,114.80,105.59,66.87,62.74,181.67,168.33,92.66,15.57,350.61,350.61,24.35,,,未采集,SRC-CITY-PANEL-1990-2023;SRC-OFFICIAL-DEBT-GUANGDONG-2019-TABLE18,A1,extracted,true,已从省级财政厅官方地级行政单元债务明细表提取；经济财政字段与债务字段的来源状态分开记录。
CN-445200,445200,揭阳市,44,广东省,地级市,core,2019,2019-12-31,prefecture_whole,official_debt,2102.00,3.00,706.00,73.02,349.69,,113.67,107.65,156.05,146.29,269.72,253.95,94.15,12.08,347.78,347.78,20.88,,,未采集,SRC-CITY-PANEL-1990-2023;SRC-OFFICIAL-DEBT-GUANGDONG-2019-TABLE18,A1,extracted,true,已从省级财政厅官方地级行政单元债务明细表提取；经济财政字段与债务字段的来源状态分开记录。
CN-445300,445300,云浮市,44,广东省,地级市,core,2019,2019-12-31,prefecture_whole,official_debt,922.00,6.10,301.00,60.48,242.99,,102.35,83.99,119.39,102.70,221.73,186.69,84.20,20.25,308.68,308.68,24.89,,,未采集,SRC-CITY-PANEL-1990-2023;SRC-OFFICIAL-DEBT-GUANGDONG-2019-TABLE18,A1,extracted,true,已从省级财政厅官方地级行政单元债务明细表提取；经济财政字段与债务字段的来源状态分开记录。
CN-450100,450100,南宁市,45,广西壮族自治区,地级市,core,2019,2019-12-31,prefecture_whole,secondary_debt,4507.00,4.98,776.00,370.93,789.20,,,607.84,,460.16,,1068.01,,23.70,287.93,287.93,47.00,,,未采集,SRC-CITY-PANEL-1990-2023;SRC-PROVINCE-DEBT-GUANGXI-2019-CITY-BALANCE,B2,needs_review,true,已接入评级报告或其他二手公开来源的债务补缺值；不等同于官方决算数据，必须回到财政/人大预算决算或官方债务表复核。
CN-450200,450200,柳州市,45,广西壮族自治区,地级市,core,2019,2019-12-31,prefecture_whole,secondary_debt,3128.00,2.39,392.00,221.45,499.14,,,202.24,,391.20,,593.44,,18.97,267.98,267.98,44.37,,,未采集,SRC-CITY-PANEL-1990-2023;SRC-PROVINCE-DEBT-GUANGXI-2019-CITY-BALANCE,B2,needs_review,true,已接入评级报告或其他二手公开来源的债务补缺值；不等同于官方决算数据，必须回到财政/人大预算决算或官方债务表复核。
CN-450300,450300,桂林市,45,广西壮族自治区,地级市,core,2019,2019-12-31,prefecture_whole,secondary_debt,2106.00,6.54,539.00,152.79,495.70,,,275.66,,186.20,,461.86,,21.93,302.28,302.28,30.82,,,未采集,SRC-CITY-PANEL-1990-2023;SRC-PROVINCE-DEBT-GUANGXI-2019-CITY-BALANCE,B2,needs_review,true,已接入评级报告或其他二手公开来源的债务补缺值；不等同于官方决算数据，必须回到财政/人大预算决算或官方债务表复核。
CN-450400,450400,梧州市,45,广西壮族自治区,地级市,core,2019,2019-12-31,prefecture_whole,secondary_debt,991.00,4.20,353.00,84.62,293.66,,,169.78,,93.54,,263.32,,26.57,311.18,311.18,28.82,,,未采集,SRC-CITY-PANEL-1990-2023;SRC-PROVINCE-DEBT-GUANGXI-2019-CITY-BALANCE,B2,needs_review,true,已接入评级报告或其他二手公开来源的债务补缺值；不等同于官方决算数据，必须回到财政/人大预算决算或官方债务表复核。
CN-450500,450500,北海市,45,广西壮族自治区,地级市,core,2019,2019-12-31,prefecture_whole,secondary_debt,1301.00,8.12,180.00,78.09,200.56,,,97.84,,101.05,,198.89,,15.29,254.69,254.69,38.94,,,未采集,SRC-CITY-PANEL-1990-2023;SRC-PROVINCE-DEBT-GUANGXI-2019-CITY-BALANCE,B2,needs_review,true,已接入评级报告或其他二手公开来源的债务补缺值；不等同于官方决算数据，必须回到财政/人大预算决算或官方债务表复核。
CN-450600,450600,防城港市,45,广西壮族自治区,地级市,core,2019,2019-12-31,prefecture_whole,secondary_debt,701.00,5.40,100.00,47.41,139.53,,,124.15,,43.69,,167.84,,23.94,354.02,354.02,33.98,,,未采集,SRC-CITY-PANEL-1990-2023;SRC-PROVINCE-DEBT-GUANGXI-2019-CITY-BALANCE,B2,needs_review,true,已接入评级报告或其他二手公开来源的债务补缺值；不等同于官方决算数据，必须回到财政/人大预算决算或官方债务表复核。
CN-450700,450700,钦州市,45,广西壮族自治区,地级市,core,2019,2019-12-31,prefecture_whole,secondary_debt,1356.00,7.82,417.00,57.38,224.38,,,140.76,,158.87,,299.63,,22.10,522.19,522.19,25.57,,,未采集,SRC-CITY-PANEL-1990-2023;SRC-PROVINCE-DEBT-GUANGXI-2019-CITY-BALANCE,B2,needs_review,true,已接入评级报告或其他二手公开来源的债务补缺值；不等同于官方决算数据，必须回到财政/人大预算决算或官方债务表复核。
CN-450800,450800,贵港市,45,广西壮族自治区,地级市,core,2019,2019-12-31,prefecture_whole,secondary_debt,1258.00,9.02,563.00,62.69,293.09,,,108.98,,79.23,,188.21,,14.96,300.22,300.22,21.39,,,未采集,SRC-CITY-PANEL-1990-2023;SRC-PROVINCE-DEBT-GUANGXI-2019-CITY-BALANCE,B2,needs_review,true,已接入评级报告或其他二手公开来源的债务补缺值；不等同于官方决算数据，必须回到财政/人大预算决算或官方债务表复核。
CN-450900,450900,玉林市,45,广西壮族自治区,地级市,core,2019,2019-12-31,prefecture_whole,secondary_debt,1680.00,7.22,735.00,111.09,419.17,,,156.95,,92.28,,249.22,,14.83,224.34,224.34,26.50,,,未采集,SRC-CITY-PANEL-1990-2023;SRC-PROVINCE-DEBT-GUANGXI-2019-CITY-BALANCE,B2,needs_review,true,已接入评级报告或其他二手公开来源的债务补缺值；不等同于官方决算数据，必须回到财政/人大预算决算或官方债务表复核。
CN-451000,451000,百色市,45,广西壮族自治区,地级市,core,2019,2019-12-31,prefecture_whole,secondary_debt,1258.00,9.00,422.00,94.01,478.74,,,258.13,,139.45,,397.58,,31.60,422.91,422.91,19.64,,,未采集,SRC-CITY-PANEL-1990-2023;SRC-PROVINCE-DEBT-GUANGXI-2019-CITY-BALANCE,B2,needs_review,true,已接入评级报告或其他二手公开来源的债务补缺值；不等同于官方决算数据，必须回到财政/人大预算决算或官方债务表复核。
CN-451100,451100,贺州市,45,广西壮族自治区,地级市,core,2019,2019-12-31,prefecture_whole,official_debt,701.00,11.80,247.00,36.16,220.12,,,113.15,,62.21,,175.36,,25.02,484.96,484.96,16.43,,,未采集,SRC-CITY-PANEL-1990-2023;SRC-OFFICIAL-DEBT-GUANGXI-HEZHOU-2019,A2,extracted,true,已从省级财政厅官方地级行政单元债务明细表提取；经济财政字段与债务字段的来源状态分开记录。
CN-451200,451200,河池市,45,广西壮族自治区,地级市,core,2019,2019-12-31,prefecture_whole,secondary_debt,878.00,6.00,433.00,42.59,390.29,,,224.40,,30.21,,254.61,,29.00,597.82,597.82,10.91,,,未采集,SRC-CITY-PANEL-1990-2023;SRC-PROVINCE-DEBT-GUANGXI-2019-CITY-BALANCE,B2,needs_review,true,已接入评级报告或其他二手公开来源的债务补缺值；不等同于官方决算数据，必须回到财政/人大预算决算或官方债务表复核。
CN-451300,451300,来宾市,45,广西壮族自治区,地级市,core,2019,2019-12-31,prefecture_whole,official_debt,654.00,4.30,270.00,34.35,189.40,,,149.45,,59.23,,208.68,,31.91,607.51,607.51,18.14,,,未采集,SRC-CITY-PANEL-1990-2023;SRC-OFFICIAL-DEBT-GUANGXI-LAIBIN-2019,A2,extracted,true,已从省级财政厅官方地级行政单元债务明细表提取；经济财政字段与债务字段的来源状态分开记录。
CN-451400,451400,崇左市,45,广西壮族自治区,地级市,core,2019,2019-12-31,prefecture_whole,secondary_debt,760.00,8.50,252.00,33.74,289.26,,,134.62,,66.13,,200.75,,26.41,594.99,594.99,11.66,,,未采集,SRC-CITY-PANEL-1990-2023;SRC-PROVINCE-DEBT-GUANGXI-2019-CITY-BALANCE,B2,needs_review,true,已接入评级报告或其他二手公开来源的债务补缺值；不等同于官方决算数据，必须回到财政/人大预算决算或官方债务表复核。
CN-460100,460100,海口市,46,海南省,地级市,core,2019,2019-12-31,prefecture_whole,secondary_debt,1672.00,7.50,180.00,185.34,265.86,,,,,,,690.30,,41.29,372.45,372.45,69.71,,,未采集,SRC-CITY-PANEL-1990-2023;SRC-SECONDARY-DEBT-HAINAN-HAIKOU-2019,B2,needs_review,true,已接入评级报告或其他二手公开来源的债务补缺值；不等同于官方决算数据，必须回到财政/人大预算决算或官方债务表复核。
CN-460200,460200,三亚市,46,海南省,地级市,core,2019,2019-12-31,prefecture_whole,official_debt,678.00,6.40,62.00,109.10,215.39,,,,,,,282.69,,41.69,259.11,259.11,50.65,,,未采集,SRC-CITY-PANEL-1990-2023;SRC-OFFICIAL-DEBT-HN-SANYA-2019,A1,extracted,true,已从省级财政厅官方地级行政单元债务明细表提取；经济财政字段与债务字段的来源状态分开记录。
CN-460300,460300,三沙市,46,海南省,地级市,core,2019,2019-12-31,prefecture_whole,provisional,,,,,,,,,,,,,,,,,,,,未采集,SRC-CITY-PANEL-1990-2023,D,needs_review,true,公开研究型城市面板；字段口径与来源链条未完全公开，作为 provisional 暂存值，待官方年鉴/公报复核。
CN-460400,460400,儋州市,46,海南省,地级市,core,2019,2019-12-31,prefecture_whole,official_debt,358.00,6.50,97.00,20.60,101.30,,,,,,,119.13,,33.28,578.30,578.30,20.34,,,未采集,SRC-CITY-PANEL-1990-2023;SRC-OFFICIAL-DEBT-HN-DANZHOU-2019,A1,extracted,true,已从省级财政厅官方地级行政单元债务明细表提取；经济财政字段与债务字段的来源状态分开记录。
CN-469000,469000,省直辖县级行政区划,46,海南省,地级市,core,2019,2019-12-31,prefecture_whole,official_debt_calculated,,,,,,,,399.14,,192.46,,591.60,,,,,,,,未采集,SRC-OFFICIAL-DEBT-HAINAN-DIRECT-COUNTY-2019,A2,extracted,true,已从省级财政厅官方地级行政单元债务明细表提取；经济财政字段与债务字段的来源状态分开记录。
CN-500000,500000,重庆市,50,重庆市,直辖市,separate,2019,2019-12-31,prefecture_whole,official_debt,23606.00,6.30,3410.00,2134.93,4847.68,,2766.60,2524.30,3282.80,3079.40,6049.40,5603.70,92.63,23.74,262.48,262.48,44.04,,,未采集,SRC-CITY-PANEL-1990-2023;SRC-PROVINCE-DEBT-CHONGQING-2019,A1,extracted,true,已从省级财政厅官方地级行政单元债务明细表提取；经济财政字段与债务字段的来源状态分开记录。
CN-510100,510100,成都市,51,四川省,地级市,core,2019,2019-12-31,prefecture_whole,official_debt,17013.00,7.80,1488.00,1482.96,2006.95,,,,,,,3223.00,,18.94,217.34,217.34,73.89,,,未采集,SRC-CITY-PANEL-1990-2023;SRC-OFFICIAL-DEBT-SICHUAN-CITIES-2019,A1,extracted,true,已从省级财政厅官方地级行政单元债务明细表提取；经济财政字段与债务字段的来源状态分开记录。
CN-510300,510300,自贡市,51,四川省,地级市,core,2019,2019-12-31,prefecture_whole,official_debt,1428.00,7.80,321.00,61.25,232.58,,,,,,,352.00,,24.65,574.69,574.69,26.34,,,未采集,SRC-CITY-PANEL-1990-2023;SRC-OFFICIAL-DEBT-SICHUAN-CITIES-2019,A1,extracted,true,已从省级财政厅官方地级行政单元债务明细表提取；经济财政字段与债务字段的来源状态分开记录。
CN-510400,510400,攀枝花市,51,四川省,地级市,core,2019,2019-12-31,prefecture_whole,official_debt,1010.00,6.30,108.00,62.96,137.33,,,,,,,203.00,,20.10,322.43,322.43,45.85,,,未采集,SRC-CITY-PANEL-1990-2023;SRC-OFFICIAL-DEBT-SICHUAN-CITIES-2019,A1,extracted,true,已从省级财政厅官方地级行政单元债务明细表提取；经济财政字段与债务字段的来源状态分开记录。
CN-510500,510500,泸州市,51,四川省,地级市,core,2019,2019-12-31,prefecture_whole,official_debt,2081.00,8.00,509.00,159.64,443.09,,,,,,,523.00,,25.13,327.61,327.61,36.03,,,未采集,SRC-CITY-PANEL-1990-2023;SRC-OFFICIAL-DEBT-SICHUAN-CITIES-2019,A1,extracted,true,已从省级财政厅官方地级行政单元债务明细表提取；经济财政字段与债务字段的来源状态分开记录。
CN-510600,510600,德阳市,51,四川省,地级市,core,2019,2019-12-31,prefecture_whole,official_debt,2336.00,7.20,386.00,124.96,288.20,,,,,,,348.00,,14.90,278.49,278.49,43.36,,,未采集,SRC-CITY-PANEL-1990-2023;SRC-OFFICIAL-DEBT-SICHUAN-CITIES-2019,A1,extracted,true,已从省级财政厅官方地级行政单元债务明细表提取；经济财政字段与债务字段的来源状态分开记录。
CN-510700,510700,绵阳市,51,四川省,地级市,core,2019,2019-12-31,prefecture_whole,official_debt,2856.00,8.10,534.00,131.15,453.43,,,,,,,504.00,,17.65,384.29,384.29,28.92,,,未采集,SRC-CITY-PANEL-1990-2023;SRC-OFFICIAL-DEBT-SICHUAN-CITIES-2019,A1,extracted,true,已从省级财政厅官方地级行政单元债务明细表提取；经济财政字段与债务字段的来源状态分开记录。
CN-510800,510800,广元市,51,四川省,地级市,core,2019,2019-12-31,prefecture_whole,official_debt,942.00,7.50,300.00,48.49,259.09,,,,,,,353.00,,37.47,727.99,727.99,18.72,,,未采集,SRC-CITY-PANEL-1990-2023;SRC-OFFICIAL-DEBT-SICHUAN-CITIES-2019,A1,extracted,true,已从省级财政厅官方地级行政单元债务明细表提取；经济财政字段与债务字段的来源状态分开记录。
CN-510900,510900,遂宁市,51,四川省,地级市,core,2019,2019-12-31,prefecture_whole,official_debt,1346.00,8.10,364.00,69.27,268.07,,,,,,,346.00,,25.71,499.49,499.49,25.84,,,未采集,SRC-CITY-PANEL-1990-2023;SRC-OFFICIAL-DEBT-SICHUAN-CITIES-2019,A1,extracted,true,已从省级财政厅官方地级行政单元债务明细表提取；经济财政字段与债务字段的来源状态分开记录。
CN-511000,511000,内江市,51,四川省,地级市,core,2019,2019-12-31,prefecture_whole,official_debt,1433.00,7.80,410.00,63.64,272.05,,,,,,,400.00,,27.91,628.54,628.54,23.39,,,未采集,SRC-CITY-PANEL-1990-2023;SRC-OFFICIAL-DEBT-SICHUAN-CITIES-2019,A1,extracted,true,已从省级财政厅官方地级行政单元债务明细表提取；经济财政字段与债务字段的来源状态分开记录。
CN-511100,511100,乐山市,51,四川省,地级市,core,2019,2019-12-31,prefecture_whole,official_debt,1863.00,7.60,350.00,116.73,317.11,,,,,,,391.00,,20.99,334.96,334.96,36.81,,,未采集,SRC-CITY-PANEL-1990-2023;SRC-OFFICIAL-DEBT-SICHUAN-CITIES-2019,A1,extracted,true,已从省级财政厅官方地级行政单元债务明细表提取；经济财政字段与债务字段的来源状态分开记录。
CN-511300,511300,南充市,51,四川省,地级市,core,2019,2019-12-31,prefecture_whole,official_debt,2322.00,8.00,726.00,123.30,555.19,,,,,,,793.00,,34.15,643.15,643.15,22.21,,,未采集,SRC-CITY-PANEL-1990-2023;SRC-OFFICIAL-DEBT-SICHUAN-CITIES-2019,A1,extracted,true,已从省级财政厅官方地级行政单元债务明细表提取；经济财政字段与债务字段的来源状态分开记录。
CN-511400,511400,眉山市,51,四川省,地级市,core,2019,2019-12-31,prefecture_whole,official_debt,1380.00,7.50,343.00,110.77,259.32,,,,,,,405.00,,29.35,365.62,365.62,42.72,,,未采集,SRC-CITY-PANEL-1990-2023;SRC-OFFICIAL-DEBT-SICHUAN-CITIES-2019,A1,extracted,true,已从省级财政厅官方地级行政单元债务明细表提取；经济财政字段与债务字段的来源状态分开记录。
CN-511500,511500,宜宾市,51,四川省,地级市,core,2019,2019-12-31,prefecture_whole,official_debt,2602.00,8.82,552.00,175.49,463.62,,,,,,,486.00,,18.68,276.94,276.94,37.85,,,未采集,SRC-CITY-PANEL-1990-2023;SRC-OFFICIAL-DEBT-SICHUAN-CITIES-2019,A1,extracted,true,已从省级财政厅官方地级行政单元债务明细表提取；经济财政字段与债务字段的来源状态分开记录。
CN-511600,511600,广安市,51,四川省,地级市,core,2019,2019-12-31,prefecture_whole,official_debt,1250.00,7.50,461.00,85.67,304.84,,,,,,,336.00,,26.88,392.20,392.20,28.10,,,未采集,SRC-CITY-PANEL-1990-2023;SRC-OFFICIAL-DEBT-SICHUAN-CITIES-2019,A1,extracted,true,已从省级财政厅官方地级行政单元债务明细表提取；经济财政字段与债务字段的来源状态分开记录。
CN-511700,511700,达州市,51,四川省,地级市,core,2019,2019-12-31,prefecture_whole,official_debt,2042.00,7.70,573.00,107.60,419.98,,,,,,,542.00,,26.54,503.72,503.72,25.62,,,未采集,SRC-CITY-PANEL-1990-2023;SRC-OFFICIAL-DEBT-SICHUAN-CITIES-2019,A1,extracted,true,已从省级财政厅官方地级行政单元债务明细表提取；经济财政字段与债务字段的来源状态分开记录。
CN-511800,511800,雅安市,51,四川省,地级市,core,2019,2019-12-31,prefecture_whole,official_debt,724.00,8.00,153.00,43.01,145.65,,,,,,,162.00,,22.38,376.66,376.66,29.53,,,未采集,SRC-CITY-PANEL-1990-2023;SRC-OFFICIAL-DEBT-SICHUAN-CITIES-2019,A1,extracted,true,已从省级财政厅官方地级行政单元债务明细表提取；经济财政字段与债务字段的来源状态分开记录。
CN-511900,511900,巴中市,51,四川省,地级市,core,2019,2019-12-31,prefecture_whole,official_debt,754.00,6.00,367.00,47.67,311.75,,,,,,,479.00,,63.53,1004.82,1004.82,15.29,,,未采集,SRC-CITY-PANEL-1990-2023;SRC-OFFICIAL-DEBT-SICHUAN-CITIES-2019,A1,extracted,true,已从省级财政厅官方地级行政单元债务明细表提取；经济财政字段与债务字段的来源状态分开记录。
CN-512000,512000,资阳市,51,四川省,地级市,core,2019,2019-12-31,prefecture_whole,official_debt,778.00,7.00,344.00,53.09,190.89,,,,,,,328.00,,42.16,617.82,617.82,27.81,,,未采集,SRC-CITY-PANEL-1990-2023;SRC-OFFICIAL-DEBT-SICHUAN-CITIES-2019,A1,extracted,true,已从省级财政厅官方地级行政单元债务明细表提取；经济财政字段与债务字段的来源状态分开记录。
CN-513200,513200,阿坝藏族羌族自治州,51,四川省,自治州,extended,2019,2019-12-31,prefecture_whole,official_debt,,,,,,,,,,,,74.00,,,,,,,,未采集,SRC-OFFICIAL-DEBT-SICHUAN-CITIES-2019,A1,extracted,true,已从省级财政厅官方地级行政单元债务明细表提取；经济财政字段与债务字段的来源状态分开记录。
CN-513300,513300,甘孜藏族自治州,51,四川省,自治州,extended,2019,2019-12-31,prefecture_whole,official_debt,,,,,,,,,,,,89.00,,,,,,,,未采集,SRC-OFFICIAL-DEBT-SICHUAN-CITIES-2019,A1,extracted,true,已从省级财政厅官方地级行政单元债务明细表提取；经济财政字段与债务字段的来源状态分开记录。
CN-513400,513400,凉山彝族自治州,51,四川省,自治州,extended,2019,2019-12-31,prefecture_whole,official_debt,,,,,,,,,,,,345.00,,,,,,,,未采集,SRC-OFFICIAL-DEBT-SICHUAN-CITIES-2019,A1,extracted,true,已从省级财政厅官方地级行政单元债务明细表提取；经济财政字段与债务字段的来源状态分开记录。
CN-520100,520100,贵阳市,52,贵州省,地级市,core,2019,2019-12-31,prefecture_whole,official_debt,4040.00,7.40,423.00,417.26,718.82,,405.97,378.62,1873.09,1810.23,2279.06,2188.84,96.04,54.18,524.57,524.57,58.05,,,未采集,SRC-CITY-PANEL-1990-2023;SRC-PROVINCE-DEBT-GUIZHOU-2019,A1,extracted,true,已从省级财政厅官方地级行政单元债务明细表提取；经济财政字段与债务字段的来源状态分开记录。
CN-520200,520200,六盘水市,52,贵州省,地级市,core,2019,2019-12-31,prefecture_whole,official_debt,1266.00,7.50,351.00,106.81,321.31,,494.62,485.54,86.23,86.11,580.85,571.66,98.42,45.15,535.21,535.21,33.24,,,未采集,SRC-CITY-PANEL-1990-2023;SRC-PROVINCE-DEBT-GUIZHOU-2019,A1,extracted,true,已从省级财政厅官方地级行政单元债务明细表提取；经济财政字段与债务字段的来源状态分开记录。
CN-520300,520300,遵义市,52,贵州省,地级市,core,2019,2019-12-31,prefecture_whole,official_debt,3483.00,9.70,816.00,254.45,743.40,,1109.52,1070.66,394.86,387.64,1504.38,1458.30,96.94,41.87,573.12,573.12,34.23,,,未采集,SRC-CITY-PANEL-1990-2023;SRC-PROVINCE-DEBT-GUIZHOU-2019,A1,extracted,true,已从省级财政厅官方地级行政单元债务明细表提取；经济财政字段与债务字段的来源状态分开记录。
CN-520400,520400,安顺市,52,贵州省,地级市,core,2019,2019-12-31,prefecture_whole,official_debt,924.00,8.10,306.00,64.65,300.51,,323.73,289.91,180.34,179.04,504.07,468.95,93.03,50.75,725.37,725.37,21.51,,,未采集,SRC-CITY-PANEL-1990-2023;SRC-PROVINCE-DEBT-GUIZHOU-2019,A1,extracted,true,已从省级财政厅官方地级行政单元债务明细表提取；经济财政字段与债务字段的来源状态分开记录。
CN-520500,520500,毕节市,52,贵州省,地级市,core,2019,2019-12-31,prefecture_whole,official_debt,1901.00,8.00,934.00,130.25,680.29,,730.83,705.53,223.69,220.57,954.52,926.10,97.02,48.72,711.02,711.02,19.15,,,未采集,SRC-CITY-PANEL-1990-2023;SRC-PROVINCE-DEBT-GUIZHOU-2019,A1,extracted,true,已从省级财政厅官方地级行政单元债务明细表提取；经济财政字段与债务字段的来源状态分开记录。
CN-520600,520600,铜仁市,52,贵州省,地级市,core,2019,2019-12-31,prefecture_whole,official_debt,1249.00,8.00,445.00,63.55,442.66,,534.69,528.01,154.79,154.59,689.48,682.60,99.00,54.65,1074.11,1074.11,14.36,,,未采集,SRC-CITY-PANEL-1990-2023;SRC-PROVINCE-DEBT-GUIZHOU-2019,A1,extracted,true,已从省级财政厅官方地级行政单元债务明细表提取；经济财政字段与债务字段的来源状态分开记录。
CN-522300,522300,黔西南布依族苗族自治州,52,贵州省,自治州,extended,2019,2019-12-31,prefecture_whole,official_debt,,,,,,,380.41,376.22,118.11,117.15,498.52,493.37,98.97,,,,,,,未采集,SRC-PROVINCE-DEBT-GUIZHOU-2019,A1,extracted,true,已从省级财政厅官方地级行政单元债务明细表提取；经济财政字段与债务字段的来源状态分开记录。
CN-522600,522600,黔东南苗族侗族自治州,52,贵州省,自治州,extended,2019,2019-12-31,prefecture_whole,official_debt,,,,,,,357.21,345.11,165.28,159.03,522.49,504.14,96.49,,,,,,,未采集,SRC-PROVINCE-DEBT-GUIZHOU-2019,A1,extracted,true,已从省级财政厅官方地级行政单元债务明细表提取；经济财政字段与债务字段的来源状态分开记录。
CN-522700,522700,黔南布依族苗族自治州,52,贵州省,自治州,extended,2019,2019-12-31,prefecture_whole,official_debt,,,,,,,506.98,493.12,405.04,388.08,912.03,881.20,96.62,,,,,,,未采集,SRC-PROVINCE-DEBT-GUIZHOU-2019,A1,extracted,true,已从省级财政厅官方地级行政单元债务明细表提取；经济财政字段与债务字段的来源状态分开记录。
CN-530100,530100,昆明市,53,云南省,地级市,core,2019,2019-12-31,prefecture_whole,secondary_debt,6476.00,6.50,575.00,630.03,820.86,,,,,,,2059.86,,31.81,326.95,326.95,76.75,,,未采集,SRC-CITY-PANEL-1990-2023;SRC-SECONDARY-CCXI-YUNNAN-KUNMING-2019,B2,needs_review,true,已接入评级报告或其他二手公开来源的债务补缺值；不等同于官方决算数据，必须回到财政/人大预算决算或官方债务表复核。
CN-530300,530300,曲靖市,53,云南省,地级市,core,2019,2019-12-31,prefecture_whole,secondary_debt,2638.00,9.60,665.00,149.07,541.58,,,,,,,362.00,,13.72,242.84,242.84,27.53,,,未采集,SRC-CITY-PANEL-1990-2023;SRC-SECONDARY-CEIC-CN-530300,D,needs_review,true,已接入商业数据库公开城市债务页的 provisional 补缺值；经济财政字段与债务字段来源状态分开记录，必须回到官方预算/决算或统计公报复核。
CN-530400,530400,玉溪市,53,云南省,地级市,core,2019,2019-12-31,prefecture_whole,official_debt,1950.00,6.80,221.00,133.20,292.69,,,351.20,,205.90,,557.10,,28.57,418.24,418.24,45.51,,,未采集,SRC-CITY-PANEL-1990-2023;SRC-OFFICIAL-DEBT-YUNNAN-YUXI-2019-FROM-2020-REPORT,A2,extracted,true,已从省级财政厅官方地级行政单元债务明细表提取；经济财政字段与债务字段的来源状态分开记录。
CN-530500,530500,保山市,53,云南省,地级市,core,2019,2019-12-31,prefecture_whole,secondary_debt,961.00,9.80,264.00,67.22,270.92,,,,,,,318.50,,33.14,473.82,473.82,24.81,,,未采集,SRC-CITY-PANEL-1990-2023;SRC-SECONDARY-CEIC-CN-530500,D,needs_review,true,已接入商业数据库公开城市债务页的 provisional 补缺值；经济财政字段与债务字段来源状态分开记录，必须回到官方预算/决算或统计公报复核。
CN-530600,530600,昭通市,53,云南省,地级市,core,2019,2019-12-31,prefecture_whole,secondary_debt,1194.00,9.80,627.00,81.81,640.64,,,,,,,493.60,,41.34,603.35,603.35,12.77,,,未采集,SRC-CITY-PANEL-1990-2023;SRC-SECONDARY-CEIC-CN-530600,D,needs_review,true,已接入商业数据库公开城市债务页的 provisional 补缺值；经济财政字段与债务字段来源状态分开记录，必须回到官方预算/决算或统计公报复核。
CN-530700,530700,丽江市,53,云南省,地级市,core,2019,2019-12-31,prefecture_whole,secondary_debt,473.00,9.90,123.00,45.41,172.98,,,,,,,180.00,,38.05,396.39,396.39,26.25,,,未采集,SRC-CITY-PANEL-1990-2023;SRC-SECONDARY-RATING-YUNNAN-2019-2021,B2,needs_review,true,已接入评级报告或其他二手公开来源的债务补缺值；不等同于官方决算数据，必须回到财政/人大预算决算或官方债务表复核。
CN-530800,530800,普洱市,53,云南省,地级市,core,2019,2019-12-31,prefecture_whole,secondary_debt,875.00,8.10,254.00,49.84,301.43,,,,,,,200.00,,22.86,401.28,401.28,16.53,,,未采集,SRC-CITY-PANEL-1990-2023;SRC-SECONDARY-RATING-YUNNAN-2019-2021,B2,needs_review,true,已接入评级报告或其他二手公开来源的债务补缺值；不等同于官方决算数据，必须回到财政/人大预算决算或官方债务表复核。
CN-530900,530900,临沧市,53,云南省,地级市,core,2019,2019-12-31,prefecture_whole,secondary_debt,759.00,8.50,241.00,46.47,274.11,,,,,,,198.14,,26.11,426.38,426.38,16.95,,,未采集,SRC-CITY-PANEL-1990-2023;SRC-SECONDARY-DEBT-YUNNAN-LINCANG-2019,B2,needs_review,true,已接入评级报告或其他二手公开来源的债务补缺值；不等同于官方决算数据，必须回到财政/人大预算决算或官方债务表复核。
CN-532300,532300,楚雄彝族自治州,53,云南省,自治州,extended,2019,2019-12-31,prefecture_whole,official_debt,,,,,,,,151.47,,133.27,,284.74,,,,,,,,未采集,SRC-OFFICIAL-DEBT-YUNNAN-CHUXIONG-2019,A2,extracted,true,已从省级财政厅官方地级行政单元债务明细表提取；经济财政字段与债务字段的来源状态分开记录。
CN-532500,532500,红河哈尼族彝族自治州,53,云南省,自治州,extended,2019,2019-12-31,prefecture_whole,official_debt,,,,,,,,,,,,309.74,,,,,,,,未采集,SRC-OFFICIAL-DEBT-YUNNAN-HONGHE-2019,A2,extracted,true,已从省级财政厅官方地级行政单元债务明细表提取；经济财政字段与债务字段的来源状态分开记录。
CN-532600,532600,文山壮族苗族自治州,53,云南省,自治州,extended,2019,2019-12-31,prefecture_whole,official_debt,,,,,,,,193.87,,87.03,,280.90,,,,,,,,未采集,SRC-OFFICIAL-DEBT-YUNNAN-WENSHAN-2019,A2,extracted,true,已从省级财政厅官方地级行政单元债务明细表提取；经济财政字段与债务字段的来源状态分开记录。
CN-532800,532800,西双版纳傣族自治州,53,云南省,自治州,extended,2019,2019-12-31,prefecture_whole,secondary_debt,,,,,,,,,,,,95.00,,,,,,,,未采集,SRC-SECONDARY-RATING-YUNNAN-2019-2021,B2,needs_review,true,已接入评级报告或其他二手公开来源的债务补缺值；不等同于官方决算数据，必须回到财政/人大预算决算或官方债务表复核。
CN-532900,532900,大理白族自治州,53,云南省,自治州,extended,2019,2019-12-31,prefecture_whole,official_debt,,,,,,,,,,,,316.41,,,,,,,,未采集,SRC-OFFICIAL-DEBT-YUNNAN-DALI-2019,A2,extracted,true,已从省级财政厅官方地级行政单元债务明细表提取；经济财政字段与债务字段的来源状态分开记录。
CN-533100,533100,德宏傣族景颇族自治州,53,云南省,自治州,extended,2019,2019-12-31,prefecture_whole,secondary_debt,,,,,,,,,,,,213.92,,,,,,,,未采集,SRC-SECONDARY-CCXI-YUNNAN-DEHONG-2019,B2,needs_review,true,已接入评级报告或其他二手公开来源的债务补缺值；不等同于官方决算数据，必须回到财政/人大预算决算或官方债务表复核。
CN-533300,533300,怒江傈僳族自治州,53,云南省,自治州,extended,2019,2019-12-31,prefecture_whole,secondary_debt,,,,,,,,,,,,78.01,,,,,,,,未采集,SRC-SECONDARY-LHRATINGS-YUNNAN-NUJIANG-2019,B2,needs_review,true,已接入评级报告或其他二手公开来源的债务补缺值；不等同于官方决算数据，必须回到财政/人大预算决算或官方债务表复核。
CN-533400,533400,迪庆藏族自治州,53,云南省,自治州,extended,2019,2019-12-31,prefecture_whole,secondary_debt,,,,,,,,,,,,70.00,,,,,,,,未采集,SRC-SECONDARY-RATING-YUNNAN-2019-2021,B2,needs_review,true,已接入评级报告或其他二手公开来源的债务补缺值；不等同于官方决算数据，必须回到财政/人大预算决算或官方债务表复核。
CN-540100,540100,拉萨市,54,西藏自治区,地级市,core,2019,2019-12-31,prefecture_whole,official_debt,618.00,8.00,,117.04,365.41,,,12.38,,25.30,,37.68,,6.10,32.19,32.19,32.03,,,未采集,SRC-CITY-PANEL-1990-2023;SRC-CITY-DEBT-TIBET-LHASA-2019,A1,extracted,true,已从省级财政厅官方地级行政单元债务明细表提取；经济财政字段与债务字段的来源状态分开记录。
CN-540200,540200,日喀则市,54,西藏自治区,地级市,core,2019,2019-12-31,prefecture_whole,secondary_debt,279.00,8.10,80.00,15.69,323.26,,,,,,,37.80,,13.55,240.92,240.92,4.85,,,未采集,SRC-CITY-PANEL-1990-2023;SRC-SECONDARY-RATING-TIBET-2019-2021,B2,needs_review,true,已接入评级报告或其他二手公开来源的债务补缺值；不等同于官方决算数据，必须回到财政/人大预算决算或官方债务表复核。
CN-540300,540300,昌都市,54,西藏自治区,地级市,core,2019,2019-12-31,prefecture_whole,official_debt,221.00,8.30,77.00,18.03,309.45,,,45.60,,1.18,,46.78,,21.17,259.46,259.46,5.83,,,未采集,SRC-CITY-PANEL-1990-2023;SRC-CITY-DEBT-TIBET-CHANGDU-2019,A2,extracted,true,已从省级财政厅官方地级行政单元债务明细表提取；经济财政字段与债务字段的来源状态分开记录。
CN-540400,540400,林芝市,54,西藏自治区,地级市,core,2019,2019-12-31,prefecture_whole,secondary_debt,172.00,8.10,,9.96,123.26,,,,,,,8.00,,4.65,80.32,80.32,8.08,,,未采集,SRC-CITY-PANEL-1990-2023;SRC-SECONDARY-RATING-TIBET-2019-2021,B2,needs_review,true,已接入评级报告或其他二手公开来源的债务补缺值；不等同于官方决算数据，必须回到财政/人大预算决算或官方债务表复核。
CN-540500,540500,山南市,54,西藏自治区,地级市,core,2019,2019-12-31,prefecture_whole,secondary_debt,187.00,8.30,38.00,19.28,182.06,,,,,,,14.50,,7.75,75.21,75.21,10.59,,,未采集,SRC-CITY-PANEL-1990-2023;SRC-SECONDARY-RATING-TIBET-2019-2021,B2,needs_review,true,已接入评级报告或其他二手公开来源的债务补缺值；不等同于官方决算数据，必须回到财政/人大预算决算或官方债务表复核。
CN-540600,540600,那曲市,54,西藏自治区,地级市,core,2019,2019-12-31,prefecture_whole,provisional,158.00,7.90,54.00,8.72,235.02,,,,,,,,,,,,3.71,,,未采集,SRC-CITY-PANEL-1990-2023,D,needs_review,true,公开研究型城市面板；字段口径与来源链条未完全公开，作为 provisional 暂存值，待官方年鉴/公报复核。
CN-542500,542500,阿里地区,54,西藏自治区,地区,extended,2019,2019-12-31,prefecture_whole,secondary_debt,,,,,,,,,,,,9.30,,,,,,,,未采集,SRC-SECONDARY-RATING-TIBET-2019-2021,B2,needs_review,true,已接入评级报告或其他二手公开来源的债务补缺值；不等同于官方决算数据，必须回到财政/人大预算决算或官方债务表复核。
CN-610100,610100,西安市,61,陕西省,地级市,core,2019,2019-12-31,prefecture_whole,official_debt,9321.00,7.00,940.00,702.56,1247.02,,,899.65,,1747.94,,2647.59,,28.40,376.85,376.85,56.34,,,未采集,SRC-CITY-PANEL-1990-2023;SRC-OFFICIAL-DEBT-SHAANXI-CITIES-2019,A1,extracted,true,已从省级财政厅官方地级行政单元债务明细表提取；经济财政字段与债务字段的来源状态分开记录。
CN-610200,610200,铜川市,61,陕西省,地级市,core,2019,2019-12-31,prefecture_whole,secondary_debt,355.00,6.80,79.00,24.12,123.59,,,,,,,134.71,,37.95,558.50,558.50,19.52,,,未采集,SRC-CITY-PANEL-1990-2023;SRC-SECONDARY-CEIC-CN-610200,D,needs_review,true,已接入商业数据库公开城市债务页的 provisional 补缺值；经济财政字段与债务字段来源状态分开记录，必须回到官方预算/决算或统计公报复核。
CN-610300,610300,宝鸡市,61,陕西省,地级市,core,2019,2019-12-31,prefecture_whole,official_debt,2224.00,3.50,378.00,87.98,350.22,,,154.33,,52.44,,206.77,,9.30,235.02,235.02,25.12,,,未采集,SRC-CITY-PANEL-1990-2023;SRC-OFFICIAL-DEBT-SHAANXI-CITIES-2019,A1,extracted,true,已从省级财政厅官方地级行政单元债务明细表提取；经济财政字段与债务字段的来源状态分开记录。
CN-610400,610400,咸阳市,61,陕西省,地级市,core,2019,2019-12-31,prefecture_whole,official_debt,2195.00,2.10,459.00,89.10,403.76,,,137.24,,81.77,,219.01,,9.98,245.80,245.80,22.07,,,未采集,SRC-CITY-PANEL-1990-2023;SRC-OFFICIAL-DEBT-SHAANXI-CITIES-2019,A1,extracted,true,已从省级财政厅官方地级行政单元债务明细表提取；经济财政字段与债务字段的来源状态分开记录。
CN-610500,610500,渭南市,61,陕西省,地级市,core,2019,2019-12-31,prefecture_whole,official_debt,1828.00,4.20,530.00,86.01,466.88,,,224.93,,140.76,,365.69,,20.00,425.17,425.17,18.42,,,未采集,SRC-CITY-PANEL-1990-2023;SRC-OFFICIAL-DEBT-SHAANXI-CITIES-2019,A1,extracted,true,已从省级财政厅官方地级行政单元债务明细表提取；经济财政字段与债务字段的来源状态分开记录。
CN-610600,610600,延安市,61,陕西省,地级市,core,2019,2019-12-31,prefecture_whole,official_debt,1664.00,6.70,234.00,155.93,447.18,,,263.38,,189.35,,452.73,,27.21,290.34,290.34,34.87,,,未采集,SRC-CITY-PANEL-1990-2023;SRC-OFFICIAL-DEBT-SHAANXI-CITIES-2019,A1,extracted,true,已从省级财政厅官方地级行政单元债务明细表提取；经济财政字段与债务字段的来源状态分开记录。
CN-610700,610700,汉中市,61,陕西省,地级市,core,2019,2019-12-31,prefecture_whole,official_debt,1548.00,6.10,381.00,49.09,383.90,,,162.65,,103.65,,266.30,,17.20,542.47,542.47,12.79,,,未采集,SRC-CITY-PANEL-1990-2023;SRC-OFFICIAL-DEBT-SHAANXI-CITIES-2019,A1,extracted,true,已从省级财政厅官方地级行政单元债务明细表提取；经济财政字段与债务字段的来源状态分开记录。
CN-610800,610800,榆林市,61,陕西省,地级市,core,2019,2019-12-31,prefecture_whole,secondary_debt,4136.00,7.10,371.00,405.63,743.52,,,,,,,430.67,,10.41,106.17,106.17,54.56,,,未采集,SRC-CITY-PANEL-1990-2023;SRC-SECONDARY-CEIC-CN-610800,D,needs_review,true,已接入商业数据库公开城市债务页的 provisional 补缺值；经济财政字段与债务字段来源状态分开记录，必须回到官方预算/决算或统计公报复核。
CN-610900,610900,安康市,61,陕西省,地级市,core,2019,2019-12-31,prefecture_whole,secondary_debt,1182.00,7.90,304.00,27.70,368.72,,,,,,,373.02,,31.56,1346.64,1346.64,7.51,,,未采集,SRC-CITY-PANEL-1990-2023;SRC-SECONDARY-CEIC-CN-610900,D,needs_review,true,已接入商业数据库公开城市债务页的 provisional 补缺值；经济财政字段与债务字段来源状态分开记录，必须回到官方预算/决算或统计公报复核。
CN-611000,611000,商洛市,61,陕西省,地级市,core,2019,2019-12-31,prefecture_whole,official_debt,837.00,5.30,250.00,20.96,298.57,,,214.99,,42.45,,257.44,,30.76,1228.24,1228.24,7.02,,,未采集,SRC-CITY-PANEL-1990-2023;SRC-OFFICIAL-DEBT-SHAANXI-CITIES-2019,A1,extracted,true,已从省级财政厅官方地级行政单元债务明细表提取；经济财政字段与债务字段的来源状态分开记录。
CN-620100,620100,兰州市,62,甘肃省,地级市,core,2019,2019-12-31,prefecture_whole,secondary_debt,2837.00,6.00,330.00,233.23,456.66,,,,,,,546.22,,19.25,234.20,234.20,51.07,,,未采集,SRC-CITY-PANEL-1990-2023;SRC-SECONDARY-CEIC-CN-620100,D,needs_review,true,已接入商业数据库公开城市债务页的 provisional 补缺值；经济财政字段与债务字段来源状态分开记录，必须回到官方预算/决算或统计公报复核。
CN-620200,620200,嘉峪关市,62,甘肃省,地级市,core,2019,2019-12-31,prefecture_whole,secondary_debt,283.00,6.50,21.00,19.49,31.86,,,,,,,39.44,,13.94,202.36,202.36,61.17,,,未采集,SRC-CITY-PANEL-1990-2023;SRC-SECONDARY-CEIC-CN-620200,D,needs_review,true,已接入商业数据库公开城市债务页的 provisional 补缺值；经济财政字段与债务字段来源状态分开记录，必须回到官方预算/决算或统计公报复核。
CN-620300,620300,金昌市,62,甘肃省,地级市,core,2019,2019-12-31,prefecture_whole,secondary_debt,340.00,9.70,45.00,20.83,66.31,,,,,,,53.90,,15.85,258.76,258.76,31.41,,,未采集,SRC-CITY-PANEL-1990-2023;SRC-SECONDARY-DEBT-GANSU-JINCHANG-2019,B2,needs_review,true,已接入评级报告或其他二手公开来源的债务补缺值；不等同于官方决算数据，必须回到财政/人大预算决算或官方债务表复核。
CN-620400,620400,白银市,62,甘肃省,地级市,core,2019,2019-12-31,prefecture_whole,secondary_debt,486.00,6.20,181.00,31.12,190.22,,,,,,,156.69,,32.24,503.50,503.50,16.36,,,未采集,SRC-CITY-PANEL-1990-2023;SRC-SECONDARY-CEIC-CN-620400,D,needs_review,true,已接入商业数据库公开城市债务页的 provisional 补缺值；经济财政字段与债务字段来源状态分开记录，必须回到官方预算/决算或统计公报复核。
CN-620500,620500,天水市,62,甘肃省,地级市,core,2019,2019-12-31,prefecture_whole,official_debt,633.00,6.70,372.00,50.36,311.41,,,,,,,137.47,,21.72,272.97,272.97,16.17,,,未采集,SRC-CITY-PANEL-1990-2023;SRC-OFFICIAL-DEBT-GANSU-TIANSHUI-2019-CALCULATED,A2,extracted,true,已从省级财政厅官方地级行政单元债务明细表提取；经济财政字段与债务字段的来源状态分开记录。
CN-620600,620600,武威市,62,甘肃省,地级市,core,2019,2019-12-31,prefecture_whole,secondary_debt,488.00,4.00,189.00,28.37,204.60,,,,,,,131.33,,26.91,462.92,462.92,13.87,,,未采集,SRC-CITY-PANEL-1990-2023;SRC-SECONDARY-CEIC-CN-620600,D,needs_review,true,已接入商业数据库公开城市债务页的 provisional 补缺值；经济财政字段与债务字段来源状态分开记录，必须回到官方预算/决算或统计公报复核。
CN-620700,620700,张掖市,62,甘肃省,地级市,core,2019,2019-12-31,prefecture_whole,secondary_debt,449.00,6.50,131.00,26.92,153.66,,,,,,,124.49,,27.73,462.44,462.44,17.52,,,未采集,SRC-CITY-PANEL-1990-2023;SRC-SECONDARY-CEIC-CN-620700,D,needs_review,true,已接入商业数据库公开城市债务页的 provisional 补缺值；经济财政字段与债务字段来源状态分开记录，必须回到官方预算/决算或统计公报复核。
CN-620800,620800,平凉市,62,甘肃省,地级市,core,2019,2019-12-31,prefecture_whole,secondary_debt,457.00,6.40,234.00,32.54,241.80,,,,,,,136.90,,29.96,420.71,420.71,13.46,,,未采集,SRC-CITY-PANEL-1990-2023;SRC-SECONDARY-DEBT-GANSU-PINGLIANG-2019,B2,needs_review,true,已接入评级报告或其他二手公开来源的债务补缺值；不等同于官方决算数据，必须回到财政/人大预算决算或官方债务表复核。
CN-620900,620900,酒泉市,62,甘肃省,地级市,core,2019,2019-12-31,prefecture_whole,official_debt,618.00,7.70,99.00,37.01,157.60,,,,,,,112.90,,18.27,305.05,305.05,23.48,,,未采集,SRC-CITY-PANEL-1990-2023;SRC-OFFICIAL-DEBT-GANSU-JIUQUAN-2019,A1,extracted,true,已从省级财政厅官方地级行政单元债务明细表提取；经济财政字段与债务字段的来源状态分开记录。
CN-621000,621000,庆阳市,62,甘肃省,地级市,core,2019,2019-12-31,prefecture_whole,official_debt,743.00,5.30,270.00,58.64,281.15,,,125.77,,85.48,,211.25,,28.43,360.25,360.25,20.86,,,未采集,SRC-CITY-PANEL-1990-2023;SRC-OFFICIAL-DEBT-GANSU-QINGYANG-2019,A1,extracted,true,已从省级财政厅官方地级行政单元债务明细表提取；经济财政字段与债务字段的来源状态分开记录。
CN-621100,621100,定西市,62,甘肃省,地级市,core,2019,2019-12-31,prefecture_whole,secondary_debt,416.00,6.20,304.00,24.67,260.16,,,,,,,143.73,,34.55,582.61,582.61,9.48,,,未采集,SRC-CITY-PANEL-1990-2023;SRC-SECONDARY-CEIC-CN-621100,D,needs_review,true,已接入商业数据库公开城市债务页的 provisional 补缺值；经济财政字段与债务字段来源状态分开记录，必须回到官方预算/决算或统计公报复核。
CN-621200,621200,陇南市,62,甘肃省,地级市,core,2019,2019-12-31,prefecture_whole,secondary_debt,445.00,7.40,287.00,23.61,278.53,,,,,,,113.45,,25.49,480.52,480.52,8.48,,,未采集,SRC-CITY-PANEL-1990-2023;SRC-SECONDARY-CEIC-CN-621200,D,needs_review,true,已接入商业数据库公开城市债务页的 provisional 补缺值；经济财政字段与债务字段来源状态分开记录，必须回到官方预算/决算或统计公报复核。
CN-622900,622900,临夏回族自治州,62,甘肃省,自治州,extended,2019,2019-12-31,prefecture_whole,official_debt,,,,,,,,,,,,126.90,,,,,,,,未采集,SRC-OFFICIAL-DEBT-GANSU-LINXIA-2019,A2,extracted,true,已从省级财政厅官方地级行政单元债务明细表提取；经济财政字段与债务字段的来源状态分开记录。
CN-623000,623000,甘南藏族自治州,62,甘肃省,自治州,extended,2019,2019-12-31,prefecture_whole,official_debt,,,,,,,52.68,48.05,30.04,23.90,82.72,71.95,86.98,,,,,,,未采集,SRC-OFFICIAL-DEBT-GANSU-GANNAN-2019,A2,extracted,true,已从省级财政厅官方地级行政单元债务明细表提取；经济财政字段与债务字段的来源状态分开记录。
CN-630100,630100,西宁市,63,青海省,地级市,core,2019,2019-12-31,prefecture_whole,official_debt,1328.00,7.00,208.00,101.79,328.04,,203.00,172.55,197.30,184.53,400.30,357.08,89.20,26.89,350.80,350.80,31.03,,,未采集,SRC-CITY-PANEL-1990-2023;SRC-PROVINCE-DEBT-QINGHAI-2019,A1,extracted,true,已从省级财政厅官方地级行政单元债务明细表提取；经济财政字段与债务字段的来源状态分开记录。
CN-630200,630200,海东市,63,青海省,地级市,core,2019,2019-12-31,prefecture_whole,official_debt,497.00,7.00,149.00,20.32,246.92,,106.10,85.20,77.80,61.44,183.90,146.64,79.74,29.51,721.65,721.65,8.23,,,未采集,SRC-CITY-PANEL-1990-2023;SRC-PROVINCE-DEBT-QINGHAI-2019,A1,extracted,true,已从省级财政厅官方地级行政单元债务明细表提取；经济财政字段与债务字段的来源状态分开记录。
CN-632200,632200,海北藏族自治州,63,青海省,自治州,extended,2019,2019-12-31,prefecture_whole,official_debt,,,,,,,19.40,17.83,5.00,5.00,24.40,22.83,93.57,,,,,,,未采集,SRC-PROVINCE-DEBT-QINGHAI-2019,A1,extracted,true,已从省级财政厅官方地级行政单元债务明细表提取；经济财政字段与债务字段的来源状态分开记录。
CN-632300,632300,黄南藏族自治州,63,青海省,自治州,extended,2019,2019-12-31,prefecture_whole,official_debt,,,,,,,14.00,12.71,6.00,6.00,20.00,18.71,93.55,,,,,,,未采集,SRC-PROVINCE-DEBT-QINGHAI-2019,A1,extracted,true,已从省级财政厅官方地级行政单元债务明细表提取；经济财政字段与债务字段的来源状态分开记录。
CN-632500,632500,海南藏族自治州,63,青海省,自治州,extended,2019,2019-12-31,prefecture_whole,official_debt,,,,,,,19.90,17.35,6.20,4.23,26.10,21.58,82.68,,,,,,,未采集,SRC-CITY-PANEL-1990-2023;SRC-PROVINCE-DEBT-QINGHAI-2019,A1,extracted,true,已从省级财政厅官方地级行政单元债务明细表提取；经济财政字段与债务字段的来源状态分开记录。
CN-632600,632600,果洛藏族自治州,63,青海省,自治州,extended,2019,2019-12-31,prefecture_whole,official_debt,,,,,,,9.80,8.56,2.50,2.50,12.30,11.06,89.92,,,,,,,未采集,SRC-PROVINCE-DEBT-QINGHAI-2019,A1,extracted,true,已从省级财政厅官方地级行政单元债务明细表提取；经济财政字段与债务字段的来源状态分开记录。
CN-632700,632700,玉树藏族自治州,63,青海省,自治州,extended,2019,2019-12-31,prefecture_whole,official_debt,,,,,,,12.10,11.93,1.00,1.00,13.10,12.93,98.70,,,,,,,未采集,SRC-PROVINCE-DEBT-QINGHAI-2019,A1,extracted,true,已从省级财政厅官方地级行政单元债务明细表提取；经济财政字段与债务字段的来源状态分开记录。
CN-632800,632800,海西蒙古族藏族自治州,63,青海省,自治州,extended,2019,2019-12-31,prefecture_whole,official_debt,,,,,,,120.10,102.01,43.10,38.20,163.20,140.21,85.91,,,,,,,未采集,SRC-PROVINCE-DEBT-QINGHAI-2019,A1,extracted,true,已从省级财政厅官方地级行政单元债务明细表提取；经济财政字段与债务字段的来源状态分开记录。
CN-640100,640100,银川市,64,宁夏回族自治区,地级市,core,2019,2019-12-31,prefecture_whole,official_debt,1897.00,6.30,197.00,154.71,346.47,,236.10,189.99,129.70,116.80,365.70,306.78,83.89,16.17,198.29,198.29,44.65,,,未采集,SRC-CITY-PANEL-1990-2023;SRC-PROVINCE-DEBT-NINGXIA-2019,A1,extracted,true,已从省级财政厅官方地级行政单元债务明细表提取；经济财政字段与债务字段的来源状态分开记录。
CN-640200,640200,石嘴山市,64,宁夏回族自治区,地级市,core,2019,2019-12-31,prefecture_whole,official_debt,511.00,7.00,75.00,22.79,116.64,,74.90,64.56,12.70,11.88,87.60,76.44,87.26,14.96,335.41,335.41,19.54,,,未采集,SRC-CITY-PANEL-1990-2023;SRC-PROVINCE-DEBT-NINGXIA-2019,A1,extracted,true,已从省级财政厅官方地级行政单元债务明细表提取；经济财政字段与债务字段的来源状态分开记录。
CN-640300,640300,吴忠市,64,宁夏回族自治区,地级市,core,2019,2019-12-31,prefecture_whole,official_debt,580.00,7.10,143.00,35.36,219.34,,63.00,54.39,30.60,27.24,93.70,81.63,87.12,14.07,230.85,230.85,16.12,,,未采集,SRC-CITY-PANEL-1990-2023;SRC-PROVINCE-DEBT-NINGXIA-2019,A1,extracted,true,已从省级财政厅官方地级行政单元债务明细表提取；经济财政字段与债务字段的来源状态分开记录。
CN-640400,640400,固原市,64,宁夏回族自治区,地级市,core,2019,2019-12-31,prefecture_whole,official_debt,323.00,6.50,149.00,16.24,235.81,,61.30,59.12,20.70,14.40,82.00,73.53,89.67,22.76,452.77,452.77,6.89,,,未采集,SRC-CITY-PANEL-1990-2023;SRC-PROVINCE-DEBT-NINGXIA-2019,A1,extracted,true,已从省级财政厅官方地级行政单元债务明细表提取；经济财政字段与债务字段的来源状态分开记录。
CN-640500,640500,中卫市,64,宁夏回族自治区,地级市,core,2019,2019-12-31,prefecture_whole,official_debt,438.00,6.00,117.00,22.05,172.90,,83.00,70.06,18.10,15.72,101.10,85.78,84.85,19.58,389.02,389.02,12.75,,,未采集,SRC-CITY-PANEL-1990-2023;SRC-PROVINCE-DEBT-NINGXIA-2019,A1,extracted,true,已从省级财政厅官方地级行政单元债务明细表提取；经济财政字段与债务字段的来源状态分开记录。
CN-650100,650100,乌鲁木齐市,65,新疆维吾尔自治区,地级市,core,2019,2019-12-31,prefecture_whole,official_debt,3413.00,6.50,225.00,472.46,620.28,,442.97,420.78,779.92,677.27,1222.89,1098.05,89.79,32.17,232.41,232.41,76.17,,,未采集,SRC-CITY-PANEL-1990-2023;SRC-PROVINCE-DEBT-XINJIANG-2019,A1,extracted,true,已从省级财政厅官方地级行政单元债务明细表提取；经济财政字段与债务字段的来源状态分开记录。
CN-650200,650200,克拉玛依市,65,新疆维吾尔自治区,地级市,core,2019,2019-12-31,prefecture_whole,official_debt,973.00,6.00,31.00,105.74,120.07,,168.30,159.60,25.90,24.90,194.20,184.50,95.01,18.96,174.48,174.48,88.07,,,未采集,SRC-CITY-PANEL-1990-2023;SRC-PROVINCE-DEBT-XINJIANG-2019,A1,extracted,true,已从省级财政厅官方地级行政单元债务明细表提取；经济财政字段与债务字段的来源状态分开记录。
CN-650400,650400,吐鲁番市,65,新疆维吾尔自治区,地级市,core,2019,2019-12-31,prefecture_whole,official_debt,384.00,5.87,63.00,45.57,111.44,,70.82,62.91,41.20,40.12,112.02,103.04,91.98,26.83,226.11,226.11,40.89,,,未采集,SRC-CITY-PANEL-1990-2023;SRC-PROVINCE-DEBT-XINJIANG-2019,A1,extracted,true,已从省级财政厅官方地级行政单元债务明细表提取；经济财政字段与债务字段的来源状态分开记录。
CN-650500,650500,哈密市,65,新疆维吾尔自治区,地级市,core,2019,2019-12-31,prefecture_whole,official_debt,605.00,6.42,56.00,49.28,120.52,,126.19,111.70,44.60,43.41,170.79,155.11,90.82,25.64,314.75,314.75,40.89,,,未采集,SRC-CITY-PANEL-1990-2023;SRC-PROVINCE-DEBT-XINJIANG-2019,A1,extracted,true,已从省级财政厅官方地级行政单元债务明细表提取；经济财政字段与债务字段的来源状态分开记录。
CN-652300,652300,昌吉回族自治州,65,新疆维吾尔自治区,自治州,extended,2019,2019-12-31,prefecture_whole,official_debt,,,,,,,191.76,168.83,96.90,94.30,288.66,263.14,91.16,,,,,,,未采集,SRC-PROVINCE-DEBT-XINJIANG-2019,A1,extracted,true,已从省级财政厅官方地级行政单元债务明细表提取；经济财政字段与债务字段的来源状态分开记录。
CN-652700,652700,博尔塔拉蒙古自治州,65,新疆维吾尔自治区,自治州,extended,2019,2019-12-31,prefecture_whole,official_debt,,,,,,,99.71,97.77,44.20,42.92,143.91,140.69,97.76,,,,,,,未采集,SRC-PROVINCE-DEBT-XINJIANG-2019,A1,extracted,true,已从省级财政厅官方地级行政单元债务明细表提取；经济财政字段与债务字段的来源状态分开记录。
CN-652800,652800,巴音郭楞蒙古自治州,65,新疆维吾尔自治区,自治州,extended,2019,2019-12-31,prefecture_whole,official_debt,,,,,,,156.24,140.57,104.78,95.74,261.02,236.31,90.53,,,,,,,未采集,SRC-PROVINCE-DEBT-XINJIANG-2019,A1,extracted,true,已从省级财政厅官方地级行政单元债务明细表提取；经济财政字段与债务字段的来源状态分开记录。
CN-652900,652900,阿克苏地区,65,新疆维吾尔自治区,地区,extended,2019,2019-12-31,prefecture_whole,official_debt,,,,,,,189.44,172.92,54.00,50.63,243.44,223.55,91.83,,,,,,,未采集,SRC-PROVINCE-DEBT-XINJIANG-2019,A1,extracted,true,已从省级财政厅官方地级行政单元债务明细表提取；经济财政字段与债务字段的来源状态分开记录。
CN-653000,653000,克孜勒苏柯尔克孜自治州,65,新疆维吾尔自治区,自治州,extended,2019,2019-12-31,prefecture_whole,official_debt,,,,,,,94.74,92.19,8.00,8.00,102.74,100.19,97.52,,,,,,,未采集,SRC-PROVINCE-DEBT-XINJIANG-2019,A1,extracted,true,已从省级财政厅官方地级行政单元债务明细表提取；经济财政字段与债务字段的来源状态分开记录。
CN-653100,653100,喀什地区,65,新疆维吾尔自治区,地区,extended,2019,2019-12-31,prefecture_whole,official_debt,,,,,,,204.84,176.69,43.00,36.59,247.84,213.28,86.06,,,,,,,未采集,SRC-PROVINCE-DEBT-XINJIANG-2019,A1,extracted,true,已从省级财政厅官方地级行政单元债务明细表提取；经济财政字段与债务字段的来源状态分开记录。
CN-653200,653200,和田地区,65,新疆维吾尔自治区,地区,extended,2019,2019-12-31,prefecture_whole,official_debt,,,,,,,165.75,155.97,20.30,17.69,186.05,173.66,93.34,,,,,,,未采集,SRC-PROVINCE-DEBT-XINJIANG-2019,A1,extracted,true,已从省级财政厅官方地级行政单元债务明细表提取；经济财政字段与债务字段的来源状态分开记录。
CN-654000,654000,伊犁哈萨克自治州,65,新疆维吾尔自治区,自治州,extended,2019,2019-12-31,prefecture_whole,official_debt,,,,,,,193.76,177.10,123.41,94.89,317.17,271.99,85.76,,,,,,,未采集,SRC-PROVINCE-DEBT-XINJIANG-2019,A1,extracted,true,已从省级财政厅官方地级行政单元债务明细表提取；经济财政字段与债务字段的来源状态分开记录。
CN-654200,654200,塔城地区,65,新疆维吾尔自治区,地区,extended,2019,2019-12-31,prefecture_whole,official_debt,,,,,,,144.51,122.52,49.40,44.11,193.91,166.63,85.93,,,,,,,未采集,SRC-PROVINCE-DEBT-XINJIANG-2019,A1,extracted,true,已从省级财政厅官方地级行政单元债务明细表提取；经济财政字段与债务字段的来源状态分开记录。
CN-654300,654300,阿勒泰地区,65,新疆维吾尔自治区,地区,extended,2019,2019-12-31,prefecture_whole,official_debt,,,,,,,127.38,119.29,23.90,23.58,151.28,142.88,94.45,,,,,,,未采集,SRC-PROVINCE-DEBT-XINJIANG-2019,A1,extracted,true,已从省级财政厅官方地级行政单元债务明细表提取；经济财政字段与债务字段的来源状态分开记录。
CN-659000,659000,自治区直辖县级行政区划,65,新疆维吾尔自治区,地级市,core,2019,2019-12-31,prefecture_whole,official_platform_debt,,,,,,,,95.74,,237.30,,333.04,,,,,,,,未采集,SRC-OFFICIAL-PLATFORM-DEBT-XINJIANG-BINGTUAN-2019,B2,needs_review,true,已接入评级报告或其他二手公开来源的债务补缺值；不等同于官方决算数据，必须回到财政/人大预算决算或官方债务表复核。
CN-110000,110000,北京市,11,北京市,直辖市,separate,2020,2020-12-31,prefecture_whole,secondary_debt,36103.00,1.20,,5483.89,7116.18,,,2261.41,,3802.18,,6063.59,,16.80,110.57,110.57,77.06,,,未采集,SRC-CITY-PANEL-1990-2023;SRC-SECONDARY-DEBT-BEIJING-2020,B2,needs_review,true,已接入评级报告或其他二手公开来源的债务补缺值；不等同于官方决算数据，必须回到财政/人大预算决算或官方债务表复核。
CN-120000,120000,天津市,12,天津市,直辖市,separate,2020,2020-12-31,prefecture_whole,official_debt,14084.00,1.50,,1923.11,3151.35,,1883.80,1705.90,4957.30,4662.30,6841.10,6368.20,93.09,45.22,331.14,331.14,61.02,,,未采集,SRC-CITY-PANEL-1990-2023;SRC-PROVINCE-DEBT-TIANJIN-2020,A1,extracted,true,已从省级财政厅官方地级行政单元债务明细表提取；经济财政字段与债务字段的来源状态分开记录。
CN-130100,130100,石家庄市,13,河北省,地级市,core,2020,2020-12-31,prefecture_whole,secondary_debt,5935.00,3.85,,632.19,1142.23,,,,,,,1556.65,,26.23,246.23,246.23,55.35,,,未采集,SRC-CITY-PANEL-1990-2023;SRC-SECONDARY-DEBT-HEBEI-SHIJIAZHUANG-2020,B2,needs_review,true,已接入评级报告或其他二手公开来源的债务补缺值；不等同于官方决算数据，必须回到财政/人大预算决算或官方债务表复核。
CN-130200,130200,唐山市,13,河北省,地级市,core,2020,2020-12-31,prefecture_whole,secondary_debt,7211.00,4.40,,507.10,926.25,,,,,,,1842.99,,25.56,363.44,363.44,54.75,,,未采集,SRC-CITY-PANEL-1990-2023;SRC-SECONDARY-DEBT-HEBEI-TANGSHAN-2020,B2,needs_review,true,已接入评级报告或其他二手公开来源的债务补缺值；不等同于官方决算数据，必须回到财政/人大预算决算或官方债务表复核。
CN-130300,130300,秦皇岛市,13,河北省,地级市,core,2020,2020-12-31,prefecture_whole,secondary_debt,1686.00,4.15,,158.49,340.28,,,,,,,556.23,,32.99,350.96,350.96,46.58,,,未采集,SRC-CITY-PANEL-1990-2023;SRC-SECONDARY-DEBT-HEBEI-QINHUANGDAO-2020,B2,needs_review,true,已接入评级报告或其他二手公开来源的债务补缺值；不等同于官方决算数据，必须回到财政/人大预算决算或官方债务表复核。
CN-130400,130400,邯郸市,13,河北省,地级市,core,2020,2020-12-31,prefecture_whole,secondary_debt,3637.00,4.30,,287.82,789.24,,,,,,,897.14,,24.67,311.70,311.70,36.47,,,未采集,SRC-CITY-PANEL-1990-2023;SRC-SECONDARY-DEBT-HEBEI-HANDAN-2020,B2,needs_review,true,已接入评级报告或其他二手公开来源的债务补缺值；不等同于官方决算数据，必须回到财政/人大预算决算或官方债务表复核。
CN-130500,130500,邢台市,13,河北省,地级市,core,2020,2020-12-31,prefecture_whole,preliminary,2200.00,3.70,,175.87,610.97,,,267.88,,524.08,,791.96,,36.00,450.31,450.31,28.79,,,未采集,SRC-CITY-PANEL-1990-2023;SRC-SECONDARY-DEBT-HEBEI-XINGTAI-2020-FROM-2021-TABLE,B2,needs_review,true,已接入评级报告或其他二手公开来源的债务补缺值；不等同于官方决算数据，必须回到财政/人大预算决算或官方债务表复核。
CN-130600,130600,保定市,13,河北省,地级市,core,2020,2020-12-31,prefecture_whole,secondary_debt,3954.00,5.27,,348.87,1237.40,,,,,,,706.84,,17.88,202.61,202.61,28.19,,,未采集,SRC-CITY-PANEL-1990-2023;SRC-SECONDARY-DEBT-HEBEI-BAODING-2020,B2,needs_review,true,已接入评级报告或其他二手公开来源的债务补缺值；不等同于官方决算数据，必须回到财政/人大预算决算或官方债务表复核。
CN-130700,130700,张家口市,13,河北省,地级市,core,2020,2020-12-31,prefecture_whole,secondary_debt,1600.00,3.56,,175.48,643.07,,,,,,,761.85,,47.62,434.15,434.15,27.29,,,未采集,SRC-CITY-PANEL-1990-2023;SRC-SECONDARY-DEBT-HEBEI-ZHANGJIAKOU-2020,B2,needs_review,true,已接入评级报告或其他二手公开来源的债务补缺值；不等同于官方决算数据，必须回到财政/人大预算决算或官方债务表复核。
CN-130800,130800,承德市,13,河北省,地级市,core,2020,2020-12-31,prefecture_whole,official_debt,1550.00,4.00,,116.14,449.16,,,373.86,,244.20,,618.07,,39.88,532.18,532.18,25.86,,,未采集,SRC-CITY-PANEL-1990-2023;SRC-OFFICIAL-DEBT-HEBEI-CHENGDE-2020,A2,extracted,true,已从省级财政厅官方地级行政单元债务明细表提取；经济财政字段与债务字段的来源状态分开记录。
CN-130900,130900,沧州市,13,河北省,地级市,core,2020,2020-12-31,prefecture_whole,secondary_debt,3700.00,4.10,,275.39,735.05,,,,,,,580.00,,15.68,210.61,210.61,37.47,,,未采集,SRC-CITY-PANEL-1990-2023;SRC-SECONDARY-DEBT-HEBEI-CANGZHOU-2020,B2,needs_review,true,已接入评级报告或其他二手公开来源的债务补缺值；不等同于官方决算数据，必须回到财政/人大预算决算或官方债务表复核。
CN-131000,131000,廊坊市,13,河北省,地级市,core,2020,2020-12-31,prefecture_whole,official_debt,3301.00,3.50,,360.12,651.89,,,176.61,,325.18,,501.79,,15.20,139.34,139.34,55.24,,,未采集,SRC-CITY-PANEL-1990-2023;SRC-OFFICIAL-DEBT-HEBEI-LANGFANG-2020,A2,extracted,true,已从省级财政厅官方地级行政单元债务明细表提取；经济财政字段与债务字段的来源状态分开记录。
CN-131100,131100,衡水市,13,河北省,地级市,core,2020,2020-12-31,prefecture_whole,secondary_debt,1560.00,4.00,,127.26,419.85,,,149.22,,191.55,,340.77,,21.84,267.77,267.77,30.31,,,未采集,SRC-CITY-PANEL-1990-2023;SRC-SECONDARY-DEBT-HEBEI-HENGSHUI-2020,B2,needs_review,true,已接入评级报告或其他二手公开来源的债务补缺值；不等同于官方决算数据，必须回到财政/人大预算决算或官方债务表复核。
CN-140100,140100,太原市,14,山西省,地级市,core,2020,2020-12-31,prefecture_whole,secondary_debt,4153.00,2.60,,378.44,647.34,,,,,,,687.60,,16.56,181.69,181.69,58.46,,,未采集,SRC-CITY-PANEL-1990-2023;SRC-SECONDARY-RATING-SHANXI-2019-2021,B2,needs_review,true,已接入评级报告或其他二手公开来源的债务补缺值；不等同于官方决算数据，必须回到财政/人大预算决算或官方债务表复核。
CN-140200,140200,大同市,14,山西省,地级市,core,2020,2020-12-31,prefecture_whole,secondary_debt,1370.00,4.32,,135.04,388.18,,,,,,,415.50,,30.33,307.69,307.69,34.79,,,未采集,SRC-CITY-PANEL-1990-2023;SRC-SECONDARY-RATING-SHANXI-2019-2021,B2,needs_review,true,已接入评级报告或其他二手公开来源的债务补缺值；不等同于官方决算数据，必须回到财政/人大预算决算或官方债务表复核。
CN-140300,140300,阳泉市,14,山西省,地级市,core,2020,2020-12-31,prefecture_whole,secondary_debt,742.00,3.56,,56.93,154.61,,,,,,,231.10,,31.15,405.94,405.94,36.82,,,未采集,SRC-CITY-PANEL-1990-2023;SRC-SECONDARY-RATING-SHANXI-2019-2021,B2,needs_review,true,已接入评级报告或其他二手公开来源的债务补缺值；不等同于官方决算数据，必须回到财政/人大预算决算或官方债务表复核。
CN-140400,140400,长治市,14,山西省,地级市,core,2020,2020-12-31,prefecture_whole,secondary_debt,1712.00,5.10,,166.35,396.08,,,,,,,255.30,,14.91,153.47,153.47,42.00,,,未采集,SRC-CITY-PANEL-1990-2023;SRC-SECONDARY-RATING-SHANXI-2019-2021,B2,needs_review,true,已接入评级报告或其他二手公开来源的债务补缺值；不等同于官方决算数据，必须回到财政/人大预算决算或官方债务表复核。
CN-140500,140500,晋城市,14,山西省,地级市,core,2020,2020-12-31,prefecture_whole,secondary_debt,1426.00,6.10,,145.25,284.00,,,,,,,191.80,,13.45,132.05,132.05,51.14,,,未采集,SRC-CITY-PANEL-1990-2023;SRC-SECONDARY-RATING-SHANXI-2019-2021,B2,needs_review,true,已接入评级报告或其他二手公开来源的债务补缺值；不等同于官方决算数据，必须回到财政/人大预算决算或官方债务表复核。
CN-140600,140600,朔州市,14,山西省,地级市,core,2020,2020-12-31,prefecture_whole,secondary_debt,1100.00,4.10,,89.53,198.28,,,,,,,179.70,,16.34,200.71,200.71,45.15,,,未采集,SRC-CITY-PANEL-1990-2023;SRC-SECONDARY-RATING-SHANXI-2019-2021,B2,needs_review,true,已接入评级报告或其他二手公开来源的债务补缺值；不等同于官方决算数据，必须回到财政/人大预算决算或官方债务表复核。
CN-140700,140700,晋中市,14,山西省,地级市,core,2020,2020-12-31,prefecture_whole,secondary_debt,1469.00,1.50,,168.71,400.15,,,,,,,409.50,,27.88,242.72,242.72,42.16,,,未采集,SRC-CITY-PANEL-1990-2023;SRC-SECONDARY-RATING-SHANXI-2019-2021,B2,needs_review,true,已接入评级报告或其他二手公开来源的债务补缺值；不等同于官方决算数据，必须回到财政/人大预算决算或官方债务表复核。
CN-140800,140800,运城市,14,山西省,地级市,core,2020,2020-12-31,prefecture_whole,secondary_debt,1644.00,5.20,,90.03,417.66,,,,,,,237.20,,14.43,263.47,263.47,21.56,,,未采集,SRC-CITY-PANEL-1990-2023;SRC-SECONDARY-RATING-SHANXI-2019-2021,B2,needs_review,true,已接入评级报告或其他二手公开来源的债务补缺值；不等同于官方决算数据，必须回到财政/人大预算决算或官方债务表复核。
CN-140900,140900,忻州市,14,山西省,地级市,core,2020,2020-12-31,prefecture_whole,secondary_debt,1035.00,4.00,,94.42,404.83,,,,,,,300.60,,29.04,318.36,318.36,23.32,,,未采集,SRC-CITY-PANEL-1990-2023;SRC-SECONDARY-RATING-SHANXI-2019-2021,B2,needs_review,true,已接入评级报告或其他二手公开来源的债务补缺值；不等同于官方决算数据，必须回到财政/人大预算决算或官方债务表复核。
CN-141000,141000,临汾市,14,山西省,地级市,core,2020,2020-12-31,prefecture_whole,secondary_debt,1505.00,3.70,,135.29,439.36,,,,,,,415.50,,27.61,307.12,307.12,30.79,,,未采集,SRC-CITY-PANEL-1990-2023;SRC-SECONDARY-RATING-SHANXI-2019-2021,B2,needs_review,true,已接入评级报告或其他二手公开来源的债务补缺值；不等同于官方决算数据，必须回到财政/人大预算决算或官方债务表复核。
CN-141100,141100,吕梁市,14,山西省,地级市,core,2020,2020-12-31,prefecture_whole,secondary_debt,1538.00,2.70,,187.26,461.14,,,,,,,358.10,,23.28,191.23,191.23,40.61,,,未采集,SRC-CITY-PANEL-1990-2023;SRC-SECONDARY-RATING-SHANXI-2019-2021,B2,needs_review,true,已接入评级报告或其他二手公开来源的债务补缺值；不等同于官方决算数据，必须回到财政/人大预算决算或官方债务表复核。
CN-150100,150100,呼和浩特市,15,内蒙古自治区,地级市,core,2020,2020-12-31,prefecture_whole,secondary_debt,2801.00,0.20,,217.10,438.57,,,,,,,960.40,,34.29,442.38,442.38,49.50,,,未采集,SRC-CITY-PANEL-1990-2023;SRC-SECONDARY-CEIC-CN-150100,D,needs_review,true,已接入商业数据库公开城市债务页的 provisional 补缺值；经济财政字段与债务字段来源状态分开记录，必须回到官方预算/决算或统计公报复核。
CN-150200,150200,包头市,15,内蒙古自治区,地级市,core,2020,2020-12-31,prefecture_whole,secondary_debt,2787.00,2.95,,145.18,379.33,,,,,,,1000.00,,35.88,688.80,688.80,38.27,,,未采集,SRC-CITY-PANEL-1990-2023;SRC-SECONDARY-RATING-INNER-MONGOLIA-2020-2022-CITY-CHART,B2,needs_review,true,已接入评级报告或其他二手公开来源的债务补缺值；不等同于官方决算数据，必须回到财政/人大预算决算或官方债务表复核。
CN-150300,150300,乌海市,15,内蒙古自治区,地级市,core,2020,2020-12-31,prefecture_whole,secondary_debt,563.00,2.90,,54.02,113.22,,,,,,,228.58,,40.60,423.14,423.14,47.71,,,未采集,SRC-CITY-PANEL-1990-2023;SRC-SECONDARY-CEIC-CN-150300,D,needs_review,true,已接入商业数据库公开城市债务页的 provisional 补缺值；经济财政字段与债务字段来源状态分开记录，必须回到官方预算/决算或统计公报复核。
CN-150400,150400,赤峰市,15,内蒙古自治区,地级市,core,2020,2020-12-31,prefecture_whole,secondary_debt,1763.00,1.40,,118.18,614.48,,,,,,,500.44,,28.39,423.46,423.46,19.23,,,未采集,SRC-CITY-PANEL-1990-2023;SRC-SECONDARY-CEIC-CN-150400,D,needs_review,true,已接入商业数据库公开城市债务页的 provisional 补缺值；经济财政字段与债务字段来源状态分开记录，必须回到官方预算/决算或统计公报复核。
CN-150500,150500,通辽市,15,内蒙古自治区,地级市,core,2020,2020-12-31,prefecture_whole,official_debt,1277.00,-0.90,,76.50,385.96,,422.80,420.29,117.70,115.33,540.50,535.62,99.10,41.94,700.16,700.16,19.82,,,未采集,SRC-CITY-PANEL-1990-2023;SRC-OFFICIAL-DEBT-INNER-MONGOLIA-TONGLIAO-2020,A2,extracted,true,已从省级财政厅官方地级行政单元债务明细表提取；经济财政字段与债务字段的来源状态分开记录。
CN-150600,150600,鄂尔多斯市,15,内蒙古自治区,地级市,core,2020,2020-12-31,prefecture_whole,official_debt,3534.00,-2.94,,464.88,663.68,,1505.30,1481.41,150.00,141.91,1655.30,1623.32,98.07,45.93,349.19,349.19,70.05,,,未采集,SRC-CITY-PANEL-1990-2023;SRC-OFFICIAL-DEBT-INNER-MONGOLIA-ORDOS-2020,A2,extracted,true,已从省级财政厅官方地级行政单元债务明细表提取；经济财政字段与债务字段的来源状态分开记录。
CN-150700,150700,呼伦贝尔市,15,内蒙古自治区,地级市,core,2020,2020-12-31,prefecture_whole,secondary_debt,1172.00,-3.30,,79.80,467.62,,,,,,,501.90,,42.82,628.95,628.95,17.07,,,未采集,SRC-CITY-PANEL-1990-2023;SRC-SECONDARY-CEIC-CN-150700,D,needs_review,true,已接入商业数据库公开城市债务页的 provisional 补缺值；经济财政字段与债务字段来源状态分开记录，必须回到官方预算/决算或统计公报复核。
CN-150800,150800,巴彦淖尔市,15,内蒙古自治区,地级市,core,2020,2020-12-31,prefecture_whole,official_debt,874.00,-1.50,,56.91,306.16,,313.37,284.21,137.75,129.84,451.12,414.05,91.78,47.37,727.55,727.55,18.59,,,未采集,SRC-CITY-PANEL-1990-2023;SRC-OFFICIAL-DEBT-INNER-MONGOLIA-BAYANNUR-2020,A2,extracted,true,已从省级财政厅官方地级行政单元债务明细表提取；经济财政字段与债务字段的来源状态分开记录。
CN-150900,150900,乌兰察布市,15,内蒙古自治区,地级市,core,2020,2020-12-31,prefecture_whole,official_debt,827.00,2.40,,56.33,387.63,,533.26,510.38,184.55,172.64,717.81,683.02,95.15,82.59,1212.53,1212.53,14.53,,,未采集,SRC-CITY-PANEL-1990-2023;SRC-OFFICIAL-DEBT-INNER-MONGOLIA-ULANQAB-2020,A2,extracted,true,已从省级财政厅官方地级行政单元债务明细表提取；经济财政字段与债务字段的来源状态分开记录。
CN-152200,152200,兴安盟,15,内蒙古自治区,盟,extended,2020,2020-12-31,prefecture_whole,official_debt,,,,,,,236.40,235.98,98.00,97.76,334.40,333.74,99.80,,,,,,,未采集,SRC-OFFICIAL-DEBT-INNER-MONGOLIA-XINGAN-2020,A2,extracted,true,已从省级财政厅官方地级行政单元债务明细表提取；经济财政字段与债务字段的来源状态分开记录。
CN-152500,152500,锡林郭勒盟,15,内蒙古自治区,盟,extended,2020,2020-12-31,prefecture_whole,secondary_debt,,,,,,,,,,,,495.00,,,,,,,,未采集,SRC-SECONDARY-RATING-INNER-MONGOLIA-2020-2022-CITY-CHART,B2,needs_review,true,已接入评级报告或其他二手公开来源的债务补缺值；不等同于官方决算数据，必须回到财政/人大预算决算或官方债务表复核。
CN-152900,152900,阿拉善盟,15,内蒙古自治区,盟,extended,2020,2020-12-31,prefecture_whole,official_debt,,,,,,,156.80,155.53,86.70,86.50,243.50,242.03,99.40,,,,,,,未采集,SRC-OFFICIAL-DEBT-INNER-MONGOLIA-ALXA-2020,A2,extracted,true,已从省级财政厅官方地级行政单元债务明细表提取；经济财政字段与债务字段的来源状态分开记录。
CN-210100,210100,沈阳市,21,辽宁省,地级市,core,2020,2020-12-31,prefecture_whole,official_debt,6572.00,0.75,,736.08,1074.05,,,964.87,,813.43,,1778.12,,27.06,241.57,241.57,68.53,,,未采集,SRC-CITY-PANEL-1990-2023;SRC-OFFICIAL-DEBT-LIAONING-CITIES-2020,A2,extracted,true,已从省级财政厅官方地级行政单元债务明细表提取；经济财政字段与债务字段的来源状态分开记录。
CN-210200,210200,大连市,21,辽宁省,地级市,core,2020,2020-12-31,prefecture_whole,official_debt,7030.00,0.90,,702.68,1001.98,,,1368.88,,695.49,,2064.37,,29.37,293.79,293.79,70.13,,,未采集,SRC-CITY-PANEL-1990-2023;SRC-OFFICIAL-DEBT-LIAONING-CITIES-2020,A2,extracted,true,已从省级财政厅官方地级行政单元债务明细表提取；经济财政字段与债务字段的来源状态分开记录。
CN-210300,210300,鞍山市,21,辽宁省,地级市,core,2020,2020-12-31,prefecture_whole,official_debt,1739.00,0.35,,157.27,348.03,,,459.77,,333.40,,793.17,,45.61,504.34,504.34,45.19,,,未采集,SRC-CITY-PANEL-1990-2023;SRC-OFFICIAL-DEBT-LIAONING-CITIES-2020,A2,extracted,true,已从省级财政厅官方地级行政单元债务明细表提取；经济财政字段与债务字段的来源状态分开记录。
CN-210400,210400,抚顺市,21,辽宁省,地级市,core,2020,2020-12-31,prefecture_whole,official_debt,828.00,-3.00,,76.69,205.08,,,336.29,,57.68,,393.97,,47.58,513.72,513.72,37.40,,,未采集,SRC-CITY-PANEL-1990-2023;SRC-OFFICIAL-DEBT-LIAONING-CITIES-2020,A2,extracted,true,已从省级财政厅官方地级行政单元债务明细表提取；经济财政字段与债务字段的来源状态分开记录。
CN-210500,210500,本溪市,21,辽宁省,地级市,core,2020,2020-12-31,prefecture_whole,official_debt,810.00,2.50,,69.66,171.53,,,209.38,,94.09,,303.47,,37.47,435.64,435.64,40.61,,,未采集,SRC-CITY-PANEL-1990-2023;SRC-OFFICIAL-DEBT-LIAONING-CITIES-2020,A2,extracted,true,已从省级财政厅官方地级行政单元债务明细表提取；经济财政字段与债务字段的来源状态分开记录。
CN-210600,210600,丹东市,21,辽宁省,地级市,core,2020,2020-12-31,prefecture_whole,official_debt,779.00,0.35,,77.61,245.32,,,275.44,,45.01,,320.45,,41.14,412.90,412.90,31.64,,,未采集,SRC-CITY-PANEL-1990-2023;SRC-OFFICIAL-DEBT-LIAONING-CITIES-2020,A2,extracted,true,已从省级财政厅官方地级行政单元债务明细表提取；经济财政字段与债务字段的来源状态分开记录。
CN-210700,210700,锦州市,21,辽宁省,地级市,core,2020,2020-12-31,prefecture_whole,official_debt,1072.00,0.05,,104.14,301.03,,,342.86,,60.21,,403.07,,37.60,387.05,387.05,34.59,,,未采集,SRC-CITY-PANEL-1990-2023;SRC-OFFICIAL-DEBT-LIAONING-CITIES-2020,A2,extracted,true,已从省级财政厅官方地级行政单元债务明细表提取；经济财政字段与债务字段的来源状态分开记录。
CN-210800,210800,营口市,21,辽宁省,地级市,core,2020,2020-12-31,prefecture_whole,official_debt,1325.00,1.60,,135.78,268.74,,,723.52,,129.02,,852.54,,64.34,627.88,627.88,50.52,,,未采集,SRC-CITY-PANEL-1990-2023;SRC-OFFICIAL-DEBT-LIAONING-CITIES-2020,A2,extracted,true,已从省级财政厅官方地级行政单元债务明细表提取；经济财政字段与债务字段的来源状态分开记录。
CN-210900,210900,阜新市,21,辽宁省,地级市,core,2020,2020-12-31,prefecture_whole,official_debt,505.00,2.30,,44.41,188.90,,,123.07,,40.17,,163.24,,32.32,367.57,367.57,23.51,,,未采集,SRC-CITY-PANEL-1990-2023;SRC-OFFICIAL-DEBT-LIAONING-CITIES-2020,A2,extracted,true,已从省级财政厅官方地级行政单元债务明细表提取；经济财政字段与债务字段的来源状态分开记录。
CN-211000,211000,辽阳市,21,辽宁省,地级市,core,2020,2020-12-31,prefecture_whole,official_debt,838.00,0.70,,98.19,201.18,,,255.21,,49.85,,305.06,,36.40,310.68,310.68,48.81,,,未采集,SRC-CITY-PANEL-1990-2023;SRC-OFFICIAL-DEBT-LIAONING-CITIES-2020,A2,extracted,true,已从省级财政厅官方地级行政单元债务明细表提取；经济财政字段与债务字段的来源状态分开记录。
CN-211100,211100,盘锦市,21,辽宁省,地级市,core,2020,2020-12-31,prefecture_whole,official_debt,1304.00,3.10,,158.37,244.16,,,584.11,,95.05,,679.16,,52.08,428.84,428.84,64.86,,,未采集,SRC-CITY-PANEL-1990-2023;SRC-OFFICIAL-DEBT-LIAONING-CITIES-2020,A2,extracted,true,已从省级财政厅官方地级行政单元债务明细表提取；经济财政字段与债务字段的来源状态分开记录。
CN-211200,211200,铁岭市,21,辽宁省,地级市,core,2020,2020-12-31,prefecture_whole,official_debt,663.00,2.30,,50.41,236.90,,,161.74,,127.88,,289.62,,43.68,574.53,574.53,21.28,,,未采集,SRC-CITY-PANEL-1990-2023;SRC-OFFICIAL-DEBT-LIAONING-CITIES-2020,A2,extracted,true,已从省级财政厅官方地级行政单元债务明细表提取；经济财政字段与债务字段的来源状态分开记录。
CN-211300,211300,朝阳市,21,辽宁省,地级市,core,2020,2020-12-31,prefecture_whole,official_debt,876.00,2.80,,77.77,323.92,,,131.88,,90.73,,222.61,,25.41,286.24,286.24,24.01,,,未采集,SRC-CITY-PANEL-1990-2023;SRC-OFFICIAL-DEBT-LIAONING-CITIES-2020,A2,extracted,true,已从省级财政厅官方地级行政单元债务明细表提取；经济财政字段与债务字段的来源状态分开记录。
CN-211400,211400,葫芦岛市,21,辽宁省,地级市,core,2020,2020-12-31,prefecture_whole,official_debt,770.00,-4.80,,69.52,253.74,,,338.07,,53.19,,391.26,,50.81,562.80,562.80,27.40,,,未采集,SRC-CITY-PANEL-1990-2023;SRC-OFFICIAL-DEBT-LIAONING-CITIES-2020,A2,extracted,true,已从省级财政厅官方地级行政单元债务明细表提取；经济财政字段与债务字段的来源状态分开记录。
CN-220100,220100,长春市,22,吉林省,地级市,core,2020,2020-12-31,prefecture_whole,official_debt,6638.00,3.60,,440.43,1084.14,,738.46,680.88,976.55,858.26,1715.01,1539.14,89.75,23.19,349.46,349.46,40.62,,,未采集,SRC-CITY-PANEL-1990-2023;SRC-PROVINCE-DEBT-JILIN-2020,A1,extracted,true,已从省级财政厅官方地级行政单元债务明细表提取；经济财政字段与债务字段的来源状态分开记录。
CN-220200,220200,吉林市,22,吉林省,地级市,core,2020,2020-12-31,prefecture_whole,official_debt,1453.00,0.60,,85.01,445.99,,212.65,200.69,236.25,187.12,448.90,387.81,86.39,26.69,456.19,456.19,19.06,,,未采集,SRC-CITY-PANEL-1990-2023;SRC-PROVINCE-DEBT-JILIN-2020,A1,extracted,true,已从省级财政厅官方地级行政单元债务明细表提取；经济财政字段与债务字段的来源状态分开记录。
CN-220300,220300,四平市,22,吉林省,地级市,core,2020,2020-12-31,prefecture_whole,official_debt,527.00,3.30,,33.80,257.30,,84.13,68.65,36.23,36.09,120.35,104.74,87.03,19.87,309.88,309.88,13.14,,,未采集,SRC-CITY-PANEL-1990-2023;SRC-PROVINCE-DEBT-JILIN-2020,A1,extracted,true,已从省级财政厅官方地级行政单元债务明细表提取；经济财政字段与债务字段的来源状态分开记录。
CN-220400,220400,辽源市,22,吉林省,地级市,core,2020,2020-12-31,prefecture_whole,official_debt,430.00,3.70,,17.03,137.98,,63.57,57.94,60.49,57.17,124.06,115.11,92.79,26.77,675.92,675.92,12.34,,,未采集,SRC-CITY-PANEL-1990-2023;SRC-PROVINCE-DEBT-JILIN-2020,A1,extracted,true,已从省级财政厅官方地级行政单元债务明细表提取；经济财政字段与债务字段的来源状态分开记录。
CN-220500,220500,通化市,22,吉林省,地级市,core,2020,2020-12-31,prefecture_whole,official_debt,749.00,1.60,,53.52,284.39,,73.23,72.91,66.55,65.25,139.78,138.16,98.84,18.45,258.15,258.15,18.82,,,未采集,SRC-CITY-PANEL-1990-2023;SRC-PROVINCE-DEBT-JILIN-2020,A1,extracted,true,已从省级财政厅官方地级行政单元债务明细表提取；经济财政字段与债务字段的来源状态分开记录。
CN-220600,220600,白山市,22,吉林省,地级市,core,2020,2020-12-31,prefecture_whole,official_debt,509.00,0.10,,23.44,203.00,,116.22,96.78,34.14,33.70,150.36,130.49,86.79,25.64,556.70,556.70,11.55,,,未采集,SRC-CITY-PANEL-1990-2023;SRC-PROVINCE-DEBT-JILIN-2020,A1,extracted,true,已从省级财政厅官方地级行政单元债务明细表提取；经济财政字段与债务字段的来源状态分开记录。
CN-220700,220700,松原市,22,吉林省,地级市,core,2020,2020-12-31,prefecture_whole,official_debt,753.00,2.10,,76.20,297.40,,89.23,87.34,61.70,59.64,150.93,146.98,97.38,19.52,192.89,192.89,25.62,,,未采集,SRC-CITY-PANEL-1990-2023;SRC-PROVINCE-DEBT-JILIN-2020,A1,extracted,true,已从省级财政厅官方地级行政单元债务明细表提取；经济财政字段与债务字段的来源状态分开记录。
CN-220800,220800,白城市,22,吉林省,地级市,core,2020,2020-12-31,prefecture_whole,official_debt,510.00,1.40,,40.79,280.33,,99.55,92.88,39.45,34.34,139.00,127.22,91.53,24.95,311.89,311.89,14.55,,,未采集,SRC-CITY-PANEL-1990-2023;SRC-PROVINCE-DEBT-JILIN-2020,A1,extracted,true,已从省级财政厅官方地级行政单元债务明细表提取；经济财政字段与债务字段的来源状态分开记录。
CN-222400,222400,延边朝鲜族自治州,22,吉林省,自治州,extended,2020,2020-12-31,prefecture_whole,official_debt,,,,,,,300.14,251.91,196.99,140.83,497.13,392.75,79.00,,,,,,,未采集,SRC-PROVINCE-DEBT-JILIN-2020,A1,extracted,true,已从省级财政厅官方地级行政单元债务明细表提取；经济财政字段与债务字段的来源状态分开记录。
CN-230100,230100,哈尔滨市,23,黑龙江省,地级市,core,2020,2020-12-31,prefecture_whole,official_debt,5184.00,0.55,,339.57,1162.25,,1515.34,1488.23,1020.53,997.58,2535.87,2485.81,98.03,47.95,732.05,732.05,29.22,,,未采集,SRC-CITY-PANEL-1990-2023;SRC-PROVINCE-DEBT-HEILONGJIANG-2020,A1,extracted,true,已从省级财政厅官方地级行政单元债务明细表提取；经济财政字段与债务字段的来源状态分开记录。
CN-230200,230200,齐齐哈尔市,23,黑龙江省,地级市,core,2020,2020-12-31,prefecture_whole,official_debt,1200.00,3.50,,74.58,528.92,,240.15,236.68,72.46,66.75,312.61,303.43,97.06,25.29,406.85,406.85,14.10,,,未采集,SRC-CITY-PANEL-1990-2023;SRC-PROVINCE-DEBT-HEILONGJIANG-2020,A1,extracted,true,已从省级财政厅官方地级行政单元债务明细表提取；经济财政字段与债务字段的来源状态分开记录。
CN-230300,230300,鸡西市,23,黑龙江省,地级市,core,2020,2020-12-31,prefecture_whole,official_debt,572.00,2.10,,33.66,215.35,,131.34,129.32,22.62,21.97,153.96,151.28,98.26,26.45,449.44,449.44,15.63,,,未采集,SRC-CITY-PANEL-1990-2023;SRC-PROVINCE-DEBT-HEILONGJIANG-2020,A1,extracted,true,已从省级财政厅官方地级行政单元债务明细表提取；经济财政字段与债务字段的来源状态分开记录。
CN-230400,230400,鹤岗市,23,黑龙江省,地级市,core,2020,2020-12-31,prefecture_whole,official_debt,340.00,0.30,,22.98,136.83,,111.08,109.61,26.98,21.68,138.06,131.29,95.10,38.61,571.32,571.32,16.79,,,未采集,SRC-CITY-PANEL-1990-2023;SRC-PROVINCE-DEBT-HEILONGJIANG-2020,A1,extracted,true,已从省级财政厅官方地级行政单元债务明细表提取；经济财政字段与债务字段的来源状态分开记录。
CN-230500,230500,双鸭山市,23,黑龙江省,地级市,core,2020,2020-12-31,prefecture_whole,official_debt,494.00,1.20,,25.41,178.82,,175.02,172.47,34.37,31.13,209.39,203.60,97.23,41.21,801.26,801.26,14.21,,,未采集,SRC-CITY-PANEL-1990-2023;SRC-PROVINCE-DEBT-HEILONGJIANG-2020,A1,extracted,true,已从省级财政厅官方地级行政单元债务明细表提取；经济财政字段与债务字段的来源状态分开记录。
CN-230600,230600,大庆市,23,黑龙江省,地级市,core,2020,2020-12-31,prefecture_whole,official_debt,2301.00,0.70,,152.87,336.90,,193.66,190.17,90.81,80.95,284.46,271.13,95.31,11.78,177.36,177.36,45.38,,,未采集,SRC-CITY-PANEL-1990-2023;SRC-PROVINCE-DEBT-HEILONGJIANG-2020,A1,extracted,true,已从省级财政厅官方地级行政单元债务明细表提取；经济财政字段与债务字段的来源状态分开记录。
CN-230700,230700,伊春市,23,黑龙江省,地级市,core,2020,2020-12-31,prefecture_whole,official_debt,294.00,0.16,,15.24,198.57,,142.36,140.13,28.06,17.91,170.42,158.04,92.74,53.76,1037.01,1037.01,7.67,,,未采集,SRC-CITY-PANEL-1990-2023;SRC-PROVINCE-DEBT-HEILONGJIANG-2020,A1,extracted,true,已从省级财政厅官方地级行政单元债务明细表提取；经济财政字段与债务字段的来源状态分开记录。
CN-230800,230800,佳木斯市,23,黑龙江省,地级市,core,2020,2020-12-31,prefecture_whole,official_debt,812.00,2.80,,46.59,341.79,,237.16,234.12,63.83,48.02,300.98,282.14,93.74,34.75,605.58,605.58,13.63,,,未采集,SRC-CITY-PANEL-1990-2023;SRC-PROVINCE-DEBT-HEILONGJIANG-2020,A1,extracted,true,已从省级财政厅官方地级行政单元债务明细表提取；经济财政字段与债务字段的来源状态分开记录。
CN-230900,230900,七台河市,23,黑龙江省,地级市,core,2020,2020-12-31,prefecture_whole,official_debt,206.00,-2.50,,19.25,125.01,,124.67,124.31,51.15,46.85,175.83,171.16,97.34,83.09,889.14,889.14,15.40,,,未采集,SRC-CITY-PANEL-1990-2023;SRC-PROVINCE-DEBT-HEILONGJIANG-2020,A1,extracted,true,已从省级财政厅官方地级行政单元债务明细表提取；经济财政字段与债务字段的来源状态分开记录。
CN-231000,231000,牡丹江市,23,黑龙江省,地级市,core,2020,2020-12-31,prefecture_whole,official_debt,832.00,0.38,,54.54,284.79,,282.77,277.88,82.12,64.52,364.90,342.40,93.83,41.15,627.80,627.80,19.15,,,未采集,SRC-CITY-PANEL-1990-2023;SRC-PROVINCE-DEBT-HEILONGJIANG-2020,A1,extracted,true,已从省级财政厅官方地级行政单元债务明细表提取；经济财政字段与债务字段的来源状态分开记录。
CN-231100,231100,黑河市,23,黑龙江省,地级市,core,2020,2020-12-31,prefecture_whole,official_debt,615.00,3.50,,42.53,256.38,,91.48,90.21,21.56,21.40,113.04,111.61,98.73,18.15,262.43,262.43,16.59,,,未采集,SRC-CITY-PANEL-1990-2023;SRC-PROVINCE-DEBT-HEILONGJIANG-2020,A1,extracted,true,已从省级财政厅官方地级行政单元债务明细表提取；经济财政字段与债务字段的来源状态分开记录。
CN-231200,231200,绥化市,23,黑龙江省,地级市,core,2020,2020-12-31,prefecture_whole,official_debt,1150.00,2.00,,67.49,505.67,,270.24,266.44,79.54,72.47,349.78,338.91,96.89,29.47,502.16,502.16,13.35,,,未采集,SRC-CITY-PANEL-1990-2023;SRC-PROVINCE-DEBT-HEILONGJIANG-2020,A1,extracted,true,已从省级财政厅官方地级行政单元债务明细表提取；经济财政字段与债务字段的来源状态分开记录。
CN-232700,232700,大兴安岭地区,23,黑龙江省,地区,extended,2020,2020-12-31,prefecture_whole,official_debt,,,,,,,25.91,25.27,6.41,6.34,32.32,31.60,97.77,,,,,,,未采集,SRC-PROVINCE-DEBT-HEILONGJIANG-2020,A1,extracted,true,已从省级财政厅官方地级行政单元债务明细表提取；经济财政字段与债务字段的来源状态分开记录。
CN-310000,310000,上海市,31,上海市,直辖市,separate,2020,2020-12-31,prefecture_whole,official_debt,38701.00,1.70,,7046.30,8102.11,,4391.50,2999.20,5331.60,3892.30,9723.10,6891.50,70.88,17.81,97.80,97.80,86.97,,,未采集,SRC-CITY-PANEL-1990-2023;SRC-CITY-DEBT-SHANGHAI-2020,A1,extracted,true,已从省级财政厅官方地级行政单元债务明细表提取；经济财政字段与债务字段的来源状态分开记录。
CN-320100,320100,南京市,32,江苏省,地级市,core,2020,2020-12-31,prefecture_whole,official_debt,14818.00,4.60,,1637.70,1754.62,2208.40,,,,,,2818.47,,19.02,172.10,172.10,93.34,57.42,134.85,省级财政厅官方分地区表（全市口径）,SRC-CITY-PANEL-1990-2023;SRC-SECONDARY-DEBT-JIANGSU-NANJING-2020;SRC-PROVINCE-FUND-JIANGSU-2020-FINAL,A1,extracted,true,已从省级财政厅官方地级行政单元债务明细表提取；经济财政字段与债务字段的来源状态分开记录。；已接入江苏省2020年财政厅分地区政府性基金预算收入执行表；经济财政其他字段仍按各自来源状态记录。
CN-320200,320200,无锡市,32,江苏省,地级市,core,2020,2020-12-31,prefecture_whole,official_debt,12370.00,3.70,,1075.70,1215.03,987.95,,,,,,1420.84,,11.49,132.09,132.09,88.53,47.87,91.84,省级财政厅官方分地区表（全市口径）,SRC-CITY-PANEL-1990-2023;SRC-SECONDARY-DEBT-JIANGSU-WUXI-2020;SRC-PROVINCE-FUND-JIANGSU-2020-FINAL,A1,extracted,true,已从省级财政厅官方地级行政单元债务明细表提取；经济财政字段与债务字段的来源状态分开记录。；已接入江苏省2020年财政厅分地区政府性基金预算收入执行表；经济财政其他字段仍按各自来源状态记录。
CN-320300,320300,徐州市,32,江苏省,地级市,core,2020,2020-12-31,prefecture_whole,secondary_debt,7320.00,3.40,,481.82,958.19,779.64,,,,,,1174.23,,16.04,243.71,243.71,50.28,61.80,161.81,省级财政厅官方分地区表（全市口径）,SRC-CITY-PANEL-1990-2023;SRC-SECONDARY-DEBT-JIANGSU-XUZHOU-2020;SRC-PROVINCE-FUND-JIANGSU-2020-FINAL,A1,extracted,true,已接入评级报告或其他二手公开来源的债务补缺值；不等同于官方决算数据，必须回到财政/人大预算决算或官方债务表复核。；已接入江苏省2020年财政厅分地区政府性基金预算收入执行表；经济财政其他字段仍按各自来源状态记录。
CN-320400,320400,常州市,32,江苏省,地级市,core,2020,2020-12-31,prefecture_whole,official_debt,7805.00,4.50,,616.60,726.31,1161.72,,,,,,1220.00,,15.63,197.86,197.86,84.89,65.33,188.41,省级财政厅官方分地区表（全市口径）,SRC-CITY-PANEL-1990-2023;SRC-SECONDARY-DEBT-JIANGSU-CHANGZHOU-2020;SRC-PROVINCE-FUND-JIANGSU-2020-FINAL,A1,extracted,true,已从省级财政厅官方地级行政单元债务明细表提取；经济财政字段与债务字段的来源状态分开记录。；已接入江苏省2020年财政厅分地区政府性基金预算收入执行表；经济财政其他字段仍按各自来源状态记录。
CN-320500,320500,苏州市,32,江苏省,地级市,core,2020,2020-12-31,prefecture_whole,official_debt,20170.00,3.40,,2303.00,2263.51,1971.19,,,,,,1532.42,,7.60,66.54,66.54,101.74,46.12,85.59,省级财政厅官方分地区表（全市口径）,SRC-CITY-PANEL-1990-2023;SRC-SECONDARY-DEBT-JIANGSU-SUZHOU-2020;SRC-PROVINCE-FUND-JIANGSU-2020-FINAL,A1,extracted,true,已从省级财政厅官方地级行政单元债务明细表提取；经济财政字段与债务字段的来源状态分开记录。；已接入江苏省2020年财政厅分地区政府性基金预算收入执行表；经济财政其他字段仍按各自来源状态记录。
CN-320600,320600,南通市,32,江苏省,地级市,core,2020,2020-12-31,prefecture_whole,official_debt,10036.00,4.70,,639.30,1080.62,1333.29,,,,,,1684.19,,16.78,263.44,263.44,59.16,67.59,208.55,省级财政厅官方分地区表（全市口径）,SRC-CITY-PANEL-1990-2023;SRC-SECONDARY-DEBT-JIANGSU-NANTONG-2020;SRC-PROVINCE-FUND-JIANGSU-2020-FINAL,A1,extracted,true,已从省级财政厅官方地级行政单元债务明细表提取；经济财政字段与债务字段的来源状态分开记录。；已接入江苏省2020年财政厅分地区政府性基金预算收入执行表；经济财政其他字段仍按各自来源状态记录。
CN-320700,320700,连云港市,32,江苏省,地级市,core,2020,2020-12-31,prefecture_whole,official_debt,3277.00,3.10,,245.17,501.69,202.26,,,,,,614.00,,18.74,250.44,250.44,48.87,45.20,82.50,省级财政厅官方分地区表（全市口径）,SRC-CITY-PANEL-1990-2023;SRC-SECONDARY-DEBT-JIANGSU-LIANYUNGANG-2020;SRC-PROVINCE-FUND-JIANGSU-2020-FINAL,A1,extracted,true,已从省级财政厅官方地级行政单元债务明细表提取；经济财政字段与债务字段的来源状态分开记录。；已接入江苏省2020年财政厅分地区政府性基金预算收入执行表；经济财政其他字段仍按各自来源状态记录。
CN-320800,320800,淮安市,32,江苏省,地级市,core,2020,2020-12-31,prefecture_whole,secondary_debt,4025.00,3.20,,264.21,568.25,284.85,,,,,,631.20,,15.68,238.90,238.90,46.50,51.88,107.81,省级财政厅官方分地区表（全市口径）,SRC-CITY-PANEL-1990-2023;SRC-SECONDARY-DEBT-JIANGSU-HUAIAN-2020;SRC-PROVINCE-FUND-JIANGSU-2020-FINAL,A1,extracted,true,已接入评级报告或其他二手公开来源的债务补缺值；不等同于官方决算数据，必须回到财政/人大预算决算或官方债务表复核。；已接入江苏省2020年财政厅分地区政府性基金预算收入执行表；经济财政其他字段仍按各自来源状态记录。
CN-320900,320900,盐城市,32,江苏省,地级市,core,2020,2020-12-31,prefecture_whole,secondary_debt,5953.00,3.50,,400.10,973.60,638.95,,,,,,1370.20,,23.02,342.46,342.46,41.09,61.49,159.70,省级财政厅官方分地区表（全市口径）,SRC-CITY-PANEL-1990-2023;SRC-SECONDARY-DEBT-JIANGSU-YANCHENG-2020;SRC-PROVINCE-FUND-JIANGSU-2020-FINAL,A1,extracted,true,已接入评级报告或其他二手公开来源的债务补缺值；不等同于官方决算数据，必须回到财政/人大预算决算或官方债务表复核。；已接入江苏省2020年财政厅分地区政府性基金预算收入执行表；经济财政其他字段仍按各自来源状态记录。
CN-321000,321000,扬州市,32,江苏省,地级市,core,2020,2020-12-31,prefecture_whole,secondary_debt,6048.00,3.50,,337.27,668.30,505.42,,,,,,905.63,,14.97,268.52,268.52,50.47,59.98,149.86,省级财政厅官方分地区表（全市口径）,SRC-CITY-PANEL-1990-2023;SRC-SECONDARY-DEBT-JIANGSU-YANGZHOU-2020;SRC-PROVINCE-FUND-JIANGSU-2020-FINAL,A1,extracted,true,已接入评级报告或其他二手公开来源的债务补缺值；不等同于官方决算数据，必须回到财政/人大预算决算或官方债务表复核。；已接入江苏省2020年财政厅分地区政府性基金预算收入执行表；经济财政其他字段仍按各自来源状态记录。
CN-321100,321100,镇江市,32,江苏省,地级市,core,2020,2020-12-31,prefecture_whole,secondary_debt,4220.00,3.50,,311.74,498.90,347.27,,,,,,1566.30,,37.12,502.44,502.44,62.49,52.70,111.40,省级财政厅官方分地区表（全市口径）,SRC-CITY-PANEL-1990-2023;SRC-SECONDARY-DEBT-JIANGSU-ZHENJIANG-2020;SRC-PROVINCE-FUND-JIANGSU-2020-FINAL,A1,extracted,true,已接入评级报告或其他二手公开来源的债务补缺值；不等同于官方决算数据，必须回到财政/人大预算决算或官方债务表复核。；已接入江苏省2020年财政厅分地区政府性基金预算收入执行表；经济财政其他字段仍按各自来源状态记录。
CN-321200,321200,泰州市,32,江苏省,地级市,core,2020,2020-12-31,prefecture_whole,secondary_debt,5313.00,3.60,,375.20,627.54,550.23,,,,,,844.14,,15.89,224.98,224.98,59.79,59.46,146.65,省级财政厅官方分地区表（全市口径）,SRC-CITY-PANEL-1990-2023;SRC-SECONDARY-DEBT-JIANGSU-TAIZHOU-2020;SRC-PROVINCE-FUND-JIANGSU-2020-FINAL,A1,extracted,true,已接入评级报告或其他二手公开来源的债务补缺值；不等同于官方决算数据，必须回到财政/人大预算决算或官方债务表复核。；已接入江苏省2020年财政厅分地区政府性基金预算收入执行表；经济财政其他字段仍按各自来源状态记录。
CN-321300,321300,宿迁市,32,江苏省,地级市,core,2020,2020-12-31,prefecture_whole,secondary_debt,3262.00,4.50,,221.17,589.44,302.86,,,,,,794.17,,24.35,359.08,359.08,37.52,57.79,136.94,省级财政厅官方分地区表（全市口径）,SRC-CITY-PANEL-1990-2023;SRC-SECONDARY-DEBT-JIANGSU-SUQIAN-2020;SRC-PROVINCE-FUND-JIANGSU-2020-FINAL,A1,extracted,true,已接入评级报告或其他二手公开来源的债务补缺值；不等同于官方决算数据，必须回到财政/人大预算决算或官方债务表复核。；已接入江苏省2020年财政厅分地区政府性基金预算收入执行表；经济财政其他字段仍按各自来源状态记录。
CN-330100,330100,杭州市,33,浙江省,地级市,core,2020,2020-12-31,prefecture_whole,official_debt,16106.00,3.90,,2093.39,2069.66,,1154.64,1133.88,1715.50,1690.81,2870.14,2824.68,98.42,17.54,134.93,134.93,101.15,,,未采集,SRC-CITY-PANEL-1990-2023;SRC-PROVINCE-DEBT-ZHEJIANG-GENERAL-2020,A1,extracted,true,已从省级财政厅官方地级行政单元债务明细表提取；经济财政字段与债务字段的来源状态分开记录。
CN-330200,330200,宁波市,33,浙江省,地级市,core,2020,2020-12-31,prefecture_whole,official_debt,12409.00,3.30,,1510.84,1742.09,,1285.87,1177.57,1141.48,983.91,2427.35,2161.48,89.05,17.42,143.06,143.06,86.73,,,未采集,SRC-CITY-PANEL-1990-2023;SRC-CELMA-API-DEBT-3302-2020,A2,extracted,true,已从省级财政厅官方地级行政单元债务明细表提取；经济财政字段与债务字段的来源状态分开记录。
CN-330300,330300,温州市,33,浙江省,地级市,core,2020,2020-12-31,prefecture_whole,official_debt,6871.00,3.40,,601.98,1027.17,,577.93,507.75,1107.26,1092.00,1685.19,1599.75,94.93,23.28,265.75,265.75,58.61,,,未采集,SRC-CITY-PANEL-1990-2023;SRC-PROVINCE-DEBT-ZHEJIANG-GENERAL-2020,A1,extracted,true,已从省级财政厅官方地级行政单元债务明细表提取；经济财政字段与债务字段的来源状态分开记录。
CN-330400,330400,嘉兴市,33,浙江省,地级市,core,2020,2020-12-31,prefecture_whole,official_debt,5510.00,3.45,,598.80,712.18,,528.44,522.38,648.56,647.46,1177.00,1169.84,99.39,21.23,195.36,195.36,84.08,,,未采集,SRC-CITY-PANEL-1990-2023;SRC-PROVINCE-DEBT-ZHEJIANG-GENERAL-2020,A1,extracted,true,已从省级财政厅官方地级行政单元债务明细表提取；经济财政字段与债务字段的来源状态分开记录。
CN-330500,330500,湖州市,33,浙江省,地级市,core,2020,2020-12-31,prefecture_whole,official_debt,3201.00,3.26,,336.56,484.42,,550.86,539.51,318.48,297.96,869.34,837.47,96.33,26.16,248.83,248.83,69.48,,,未采集,SRC-CITY-PANEL-1990-2023;SRC-PROVINCE-DEBT-ZHEJIANG-GENERAL-2020,A1,extracted,true,已从省级财政厅官方地级行政单元债务明细表提取；经济财政字段与债务字段的来源状态分开记录。
CN-330600,330600,绍兴市,33,浙江省,地级市,core,2020,2020-12-31,prefecture_whole,official_debt,6001.00,3.26,,543.52,667.16,,443.57,442.40,808.78,805.69,1252.35,1248.09,99.66,20.80,229.63,229.63,81.47,,,未采集,SRC-CITY-PANEL-1990-2023;SRC-PROVINCE-DEBT-ZHEJIANG-GENERAL-2020,A1,extracted,true,已从省级财政厅官方地级行政单元债务明细表提取；经济财政字段与债务字段的来源状态分开记录。
CN-330700,330700,金华市,33,浙江省,地级市,core,2020,2020-12-31,prefecture_whole,official_debt,4704.00,2.76,,423.25,703.41,,466.75,459.87,567.87,542.30,1034.62,1002.17,96.86,21.30,236.78,236.78,60.17,,,未采集,SRC-CITY-PANEL-1990-2023;SRC-PROVINCE-DEBT-ZHEJIANG-GENERAL-2020,A1,extracted,true,已从省级财政厅官方地级行政单元债务明细表提取；经济财政字段与债务字段的来源状态分开记录。
CN-330800,330800,衢州市,33,浙江省,地级市,core,2020,2020-12-31,prefecture_whole,official_debt,1639.00,3.50,,140.91,459.65,,277.39,277.10,329.90,329.29,607.29,606.40,99.85,37.00,430.35,430.35,30.66,,,未采集,SRC-CITY-PANEL-1990-2023;SRC-PROVINCE-DEBT-ZHEJIANG-GENERAL-2020,A1,extracted,true,已从省级财政厅官方地级行政单元债务明细表提取；经济财政字段与债务字段的来源状态分开记录。
CN-330900,330900,舟山市,33,浙江省,地级市,core,2020,2020-12-31,prefecture_whole,official_debt,1512.00,12.01,,159.20,312.69,,279.61,278.18,225.08,222.63,504.69,500.81,99.23,33.12,314.58,314.58,50.91,,,未采集,SRC-CITY-PANEL-1990-2023;SRC-PROVINCE-DEBT-ZHEJIANG-GENERAL-2020,A1,extracted,true,已从省级财政厅官方地级行政单元债务明细表提取；经济财政字段与债务字段的来源状态分开记录。
CN-331000,331000,台州市,33,浙江省,地级市,core,2020,2020-12-31,prefecture_whole,official_debt,5263.00,3.38,,401.24,700.14,,659.64,655.03,560.83,542.53,1220.47,1197.56,98.12,22.75,298.46,298.46,57.31,,,未采集,SRC-CITY-PANEL-1990-2023;SRC-PROVINCE-DEBT-ZHEJIANG-GENERAL-2020,A1,extracted,true,已从省级财政厅官方地级行政单元债务明细表提取；经济财政字段与债务字段的来源状态分开记录。
CN-331100,331100,丽水市,33,浙江省,地级市,core,2020,2020-12-31,prefecture_whole,official_debt,1540.00,3.35,,143.86,527.10,,368.33,367.65,305.74,305.36,674.07,673.00,99.84,43.70,467.82,467.82,27.29,,,未采集,SRC-CITY-PANEL-1990-2023;SRC-PROVINCE-DEBT-ZHEJIANG-GENERAL-2020,A1,extracted,true,已从省级财政厅官方地级行政单元债务明细表提取；经济财政字段与债务字段的来源状态分开记录。
CN-340100,340100,合肥市,34,安徽省,地级市,core,2020,2020-12-31,prefecture_whole,secondary_debt,10046.00,4.34,,762.90,1164.35,,,,,,,1142.30,,11.37,149.73,149.73,65.52,,,未采集,SRC-CITY-PANEL-1990-2023;SRC-SECONDARY-RATING-ANHUI-2019-2021,B2,needs_review,true,已接入评级报告或其他二手公开来源的债务补缺值；不等同于官方决算数据，必须回到财政/人大预算决算或官方债务表复核。
CN-340200,340200,芜湖市,34,安徽省,地级市,core,2020,2020-12-31,prefecture_whole,official_debt,3753.00,3.80,,331.37,485.64,,,,,,,801.70,,21.36,241.93,241.93,68.23,,,未采集,SRC-CITY-PANEL-1990-2023;SRC-SECONDARY-DEBT-ANHUI-WUHU-2020,A2,extracted,true,已从省级财政厅官方地级行政单元债务明细表提取；经济财政字段与债务字段的来源状态分开记录。
CN-340300,340300,蚌埠市,34,安徽省,地级市,core,2020,2020-12-31,prefecture_whole,secondary_debt,2083.00,2.95,,158.48,325.94,,,,,,,455.50,,21.87,287.42,287.42,48.62,,,未采集,SRC-CITY-PANEL-1990-2023;SRC-SECONDARY-DEBT-ANHUI-BENGBU-2020,B2,needs_review,true,已接入评级报告或其他二手公开来源的债务补缺值；不等同于官方决算数据，必须回到财政/人大预算决算或官方债务表复核。
CN-340400,340400,淮南市,34,安徽省,地级市,core,2020,2020-12-31,prefecture_whole,secondary_debt,1337.00,3.30,,104.02,288.11,,,,,,,450.00,,33.66,432.61,432.61,36.10,,,未采集,SRC-CITY-PANEL-1990-2023;SRC-SECONDARY-RATING-ANHUI-2019-2021,B2,needs_review,true,已接入评级报告或其他二手公开来源的债务补缺值；不等同于官方决算数据，必须回到财政/人大预算决算或官方债务表复核。
CN-340500,340500,马鞍山市,34,安徽省,地级市,core,2020,2020-12-31,prefecture_whole,secondary_debt,2187.00,4.24,,169.54,264.82,,,,,,,376.90,,17.23,222.31,222.31,64.02,,,未采集,SRC-CITY-PANEL-1990-2023;SRC-SECONDARY-RATING-ANHUI-2019-2021,B2,needs_review,true,已接入评级报告或其他二手公开来源的债务补缺值；不等同于官方决算数据，必须回到财政/人大预算决算或官方债务表复核。
CN-340600,340600,淮北市,34,安徽省,地级市,core,2020,2020-12-31,prefecture_whole,secondary_debt,1119.00,3.34,,80.07,183.76,,,,,,,315.40,,28.19,393.91,393.91,43.57,,,未采集,SRC-CITY-PANEL-1990-2023;SRC-SECONDARY-RATING-ANHUI-2019-2021,B2,needs_review,true,已接入评级报告或其他二手公开来源的债务补缺值；不等同于官方决算数据，必须回到财政/人大预算决算或官方债务表复核。
CN-340700,340700,铜陵市,34,安徽省,地级市,core,2020,2020-12-31,prefecture_whole,secondary_debt,1004.00,3.15,,81.76,182.49,,,,,,,250.00,,24.90,305.77,305.77,44.80,,,未采集,SRC-CITY-PANEL-1990-2023;SRC-SECONDARY-RATING-ANHUI-2019-2021,B2,needs_review,true,已接入评级报告或其他二手公开来源的债务补缺值；不等同于官方决算数据，必须回到财政/人大预算决算或官方债务表复核。
CN-340800,340800,安庆市,34,安徽省,地级市,core,2020,2020-12-31,prefecture_whole,secondary_debt,2468.00,4.00,,141.59,482.96,,,,,,,592.30,,24.00,418.32,418.32,29.32,,,未采集,SRC-CITY-PANEL-1990-2023;SRC-SECONDARY-RATING-ANHUI-2019-2021,B2,needs_review,true,已接入评级报告或其他二手公开来源的债务补缺值；不等同于官方决算数据，必须回到财政/人大预算决算或官方债务表复核。
CN-341000,341000,黄山市,34,安徽省,地级市,core,2020,2020-12-31,prefecture_whole,secondary_debt,850.00,2.75,,83.93,206.23,,,,,,,246.20,,28.96,293.34,293.34,40.70,,,未采集,SRC-CITY-PANEL-1990-2023;SRC-SECONDARY-RATING-ANHUI-2019-2021,B2,needs_review,true,已接入评级报告或其他二手公开来源的债务补缺值；不等同于官方决算数据，必须回到财政/人大预算决算或官方债务表复核。
CN-341100,341100,滁州市,34,安徽省,地级市,core,2020,2020-12-31,prefecture_whole,secondary_debt,3032.00,4.35,,226.02,462.94,,,,,,,723.10,,23.85,319.93,319.93,48.82,,,未采集,SRC-CITY-PANEL-1990-2023;SRC-SECONDARY-RATING-ANHUI-2019-2021,B2,needs_review,true,已接入评级报告或其他二手公开来源的债务补缺值；不等同于官方决算数据，必须回到财政/人大预算决算或官方债务表复核。
CN-341200,341200,阜阳市,34,安徽省,地级市,core,2020,2020-12-31,prefecture_whole,secondary_debt,2805.00,3.80,,199.26,671.35,,,,,,,1126.90,,40.17,565.54,565.54,29.68,,,未采集,SRC-CITY-PANEL-1990-2023;SRC-SECONDARY-RATING-ANHUI-2019-2021,B2,needs_review,true,已接入评级报告或其他二手公开来源的债务补缺值；不等同于官方决算数据，必须回到财政/人大预算决算或官方债务表复核。
CN-341300,341300,宿州市,34,安徽省,地级市,core,2020,2020-12-31,prefecture_whole,secondary_debt,2045.00,3.85,,133.19,486.00,,,,,,,561.50,,27.46,421.58,421.58,27.41,,,未采集,SRC-CITY-PANEL-1990-2023;SRC-SECONDARY-RATING-ANHUI-2019-2021,B2,needs_review,true,已接入评级报告或其他二手公开来源的债务补缺值；不等同于官方决算数据，必须回到财政/人大预算决算或官方债务表复核。
CN-341500,341500,六安市,34,安徽省,地级市,core,2020,2020-12-31,prefecture_whole,secondary_debt,1670.00,4.10,,132.88,505.39,,,,,,,703.80,,42.14,529.65,529.65,26.29,,,未采集,SRC-CITY-PANEL-1990-2023;SRC-SECONDARY-RATING-ANHUI-2019-2021,B2,needs_review,true,已接入评级报告或其他二手公开来源的债务补缺值；不等同于官方决算数据，必须回到财政/人大预算决算或官方债务表复核。
CN-341600,341600,亳州市,34,安徽省,地级市,core,2020,2020-12-31,prefecture_whole,secondary_debt,1806.00,4.06,,126.37,390.96,,,,,,,615.40,,34.08,486.98,486.98,32.32,,,未采集,SRC-CITY-PANEL-1990-2023;SRC-SECONDARY-RATING-ANHUI-2019-2021,B2,needs_review,true,已接入评级报告或其他二手公开来源的债务补缺值；不等同于官方决算数据，必须回到财政/人大预算决算或官方债务表复核。
CN-341700,341700,池州市,34,安徽省,地级市,core,2020,2020-12-31,prefecture_whole,secondary_debt,869.00,3.95,,66.91,178.11,,,,,,,165.40,,19.03,247.20,247.20,37.57,,,未采集,SRC-CITY-PANEL-1990-2023;SRC-SECONDARY-RATING-ANHUI-2019-2021,B2,needs_review,true,已接入评级报告或其他二手公开来源的债务补缺值；不等同于官方决算数据，必须回到财政/人大预算决算或官方债务表复核。
CN-341800,341800,宣城市,34,安徽省,地级市,core,2020,2020-12-31,prefecture_whole,secondary_debt,1607.00,4.00,,168.42,324.81,,,,,,,315.40,,19.63,187.27,187.27,51.85,,,未采集,SRC-CITY-PANEL-1990-2023;SRC-SECONDARY-RATING-ANHUI-2019-2021,B2,needs_review,true,已接入评级报告或其他二手公开来源的债务补缺值；不等同于官方决算数据，必须回到财政/人大预算决算或官方债务表复核。
CN-350100,350100,福州市,35,福建省,地级市,core,2020,2020-12-31,prefecture_whole,official_debt,10020.00,5.11,,675.61,951.40,,,,,,,1302.36,,13.00,192.77,192.77,71.01,,,未采集,SRC-CITY-PANEL-1990-2023;SRC-OFFICIAL-DEBT-FUJIAN-CITIES-2020,A1,extracted,true,已从省级财政厅官方地级行政单元债务明细表提取；经济财政字段与债务字段的来源状态分开记录。
CN-350200,350200,厦门市,35,福建省,地级市,core,2020,2020-12-31,prefecture_whole,official_debt,6384.00,5.70,,783.94,976.91,,,328.38,,783.73,,1112.11,,17.42,141.86,141.86,80.25,,,未采集,SRC-CITY-PANEL-1990-2023;SRC-OFFICIAL-DEBT-FUJIAN-CITIES-2020,A1,extracted,true,已从省级财政厅官方地级行政单元债务明细表提取；经济财政字段与债务字段的来源状态分开记录。
CN-350300,350300,莆田市,35,福建省,地级市,core,2020,2020-12-31,prefecture_whole,official_debt,2644.00,3.28,,147.10,256.27,,,,,,,646.66,,24.46,439.61,439.61,57.40,,,未采集,SRC-CITY-PANEL-1990-2023;SRC-OFFICIAL-DEBT-FUJIAN-CITIES-2020,A1,extracted,true,已从省级财政厅官方地级行政单元债务明细表提取；经济财政字段与债务字段的来源状态分开记录。
CN-350400,350400,三明市,35,福建省,地级市,core,2020,2020-12-31,prefecture_whole,official_debt,2702.00,4.10,,111.16,334.44,,,,,,,590.00,,21.84,530.77,530.77,33.24,,,未采集,SRC-CITY-PANEL-1990-2023;SRC-OFFICIAL-DEBT-FUJIAN-CITIES-2020,A1,extracted,true,已从省级财政厅官方地级行政单元债务明细表提取；经济财政字段与债务字段的来源状态分开记录。
CN-350500,350500,泉州市,35,福建省,地级市,core,2020,2020-12-31,prefecture_whole,official_debt,10159.00,2.93,,454.04,715.14,,,,,,,1548.41,,15.24,341.03,341.03,63.49,,,未采集,SRC-CITY-PANEL-1990-2023;SRC-OFFICIAL-DEBT-FUJIAN-CITIES-2020,A1,extracted,true,已从省级财政厅官方地级行政单元债务明细表提取；经济财政字段与债务字段的来源状态分开记录。
CN-350600,350600,漳州市,35,福建省,地级市,core,2020,2020-12-31,prefecture_whole,official_debt,4546.00,-3.90,,218.56,445.12,,,,,,,820.74,,18.05,375.52,375.52,49.10,,,未采集,SRC-CITY-PANEL-1990-2023;SRC-OFFICIAL-DEBT-FUJIAN-CITIES-2020,A1,extracted,true,已从省级财政厅官方地级行政单元债务明细表提取；经济财政字段与债务字段的来源状态分开记录。
CN-350700,350700,南平市,35,福建省,地级市,core,2020,2020-12-31,prefecture_whole,official_debt,2007.00,0.30,,98.18,333.56,,,,,,,494.36,,24.63,503.52,503.52,29.43,,,未采集,SRC-CITY-PANEL-1990-2023;SRC-OFFICIAL-DEBT-FUJIAN-CITIES-2020,A1,extracted,true,已从省级财政厅官方地级行政单元债务明细表提取；经济财政字段与债务字段的来源状态分开记录。
CN-350800,350800,龙岩市,35,福建省,地级市,core,2020,2020-12-31,prefecture_whole,official_debt,2871.00,5.31,,158.61,333.11,,,,,,,758.91,,26.43,478.48,478.48,47.61,,,未采集,SRC-CITY-PANEL-1990-2023;SRC-OFFICIAL-DEBT-FUJIAN-CITIES-2020,A1,extracted,true,已从省级财政厅官方地级行政单元债务明细表提取；经济财政字段与债务字段的来源状态分开记录。
CN-350900,350900,宁德市,35,福建省,地级市,core,2020,2020-12-31,prefecture_whole,official_debt,2619.00,6.00,,137.79,357.07,,,,,,,530.53,,20.26,385.03,385.03,38.59,,,未采集,SRC-CITY-PANEL-1990-2023;SRC-OFFICIAL-DEBT-FUJIAN-CITIES-2020,A1,extracted,true,已从省级财政厅官方地级行政单元债务明细表提取；经济财政字段与债务字段的来源状态分开记录。
CN-360100,360100,南昌市,36,江西省,地级市,core,2020,2020-12-31,prefecture_whole,official_debt,5746.00,3.60,,483.86,838.17,,463.42,420.32,836.11,712.39,1299.53,1132.71,87.16,19.71,234.10,234.10,57.73,,,未采集,SRC-CITY-PANEL-1990-2023;SRC-CITY-DEBT-JIANGXI-NANCHANG-2020,A1,extracted,true,已从省级财政厅官方地级行政单元债务明细表提取；经济财政字段与债务字段的来源状态分开记录。
CN-360200,360200,景德镇市,36,江西省,地级市,core,2020,2020-12-31,prefecture_whole,secondary_debt,957.00,3.70,,100.05,235.88,,,,,,,300.38,,31.39,300.23,300.23,42.42,,,未采集,SRC-CITY-PANEL-1990-2023;SRC-SECONDARY-DEBT-JIANGXI-JINGDEZHEN-2020,B2,needs_review,true,已接入评级报告或其他二手公开来源的债务补缺值；不等同于官方决算数据，必须回到财政/人大预算决算或官方债务表复核。
CN-360300,360300,萍乡市,36,江西省,地级市,core,2020,2020-12-31,prefecture_whole,secondary_debt,963.00,3.60,,106.11,281.33,,,,,,,270.63,,28.10,255.05,255.05,37.72,,,未采集,SRC-CITY-PANEL-1990-2023;SRC-SECONDARY-DEBT-JIANGXI-PINGXIANG-2020,B2,needs_review,true,已接入评级报告或其他二手公开来源的债务补缺值；不等同于官方决算数据，必须回到财政/人大预算决算或官方债务表复核。
CN-360400,360400,九江市,36,江西省,地级市,core,2020,2020-12-31,prefecture_whole,secondary_debt,3241.00,3.80,,286.44,648.18,,,353.65,,461.62,,815.27,,25.15,284.62,284.62,44.19,,,未采集,SRC-CITY-PANEL-1990-2023;SRC-SECONDARY-DEBT-JIANGXI-JIUJIANG-2020,B2,needs_review,true,已接入评级报告或其他二手公开来源的债务补缺值；不等同于官方决算数据，必须回到财政/人大预算决算或官方债务表复核。
CN-360500,360500,新余市,36,江西省,地级市,core,2020,2020-12-31,prefecture_whole,secondary_debt,1001.00,3.50,,80.35,164.61,,,,,,,230.02,,22.98,286.27,286.27,48.81,,,未采集,SRC-CITY-PANEL-1990-2023;SRC-SECONDARY-DEBT-JIANGXI-XINYU-2020,B2,needs_review,true,已接入评级报告或其他二手公开来源的债务补缺值；不等同于官方决算数据，必须回到财政/人大预算决算或官方债务表复核。
CN-360600,360600,鹰潭市,36,江西省,地级市,core,2020,2020-12-31,prefecture_whole,secondary_debt,983.00,4.00,,88.78,188.97,,,137.22,,108.30,,245.52,,24.98,276.55,276.55,46.98,,,未采集,SRC-CITY-PANEL-1990-2023;SRC-SECONDARY-DEBT-JIANGXI-YINGTAN-2020,B2,needs_review,true,已接入评级报告或其他二手公开来源的债务补缺值；不等同于官方决算数据，必须回到财政/人大预算决算或官方债务表复核。
CN-360700,360700,赣州市,36,江西省,地级市,core,2020,2020-12-31,prefecture_whole,official_debt,3645.00,4.20,,285.82,976.76,,477.25,390.30,626.56,541.39,1103.80,931.69,84.41,25.56,325.97,325.97,29.26,,,未采集,SRC-CITY-PANEL-1990-2023;SRC-OFFICIAL-DEBT-JIANGXI-GANZHOU-2020,A1,extracted,true,已从省级财政厅官方地级行政单元债务明细表提取；经济财政字段与债务字段的来源状态分开记录。
CN-360800,360800,吉安市,36,江西省,地级市,core,2020,2020-12-31,prefecture_whole,secondary_debt,2168.00,4.00,,178.28,555.65,,,,,,,500.24,,23.07,280.59,280.59,32.08,,,未采集,SRC-CITY-PANEL-1990-2023;SRC-SECONDARY-DEBT-JIANGXI-JIAN-2020,B2,needs_review,true,已接入评级报告或其他二手公开来源的债务补缺值；不等同于官方决算数据，必须回到财政/人大预算决算或官方债务表复核。
CN-360900,360900,宜春市,36,江西省,地级市,core,2020,2020-12-31,prefecture_whole,secondary_debt,2790.00,3.70,,247.65,651.99,,,,,,,593.33,,21.27,239.58,239.58,37.98,,,未采集,SRC-CITY-PANEL-1990-2023;SRC-SECONDARY-DEBT-JIANGXI-YICHUN-2020,B2,needs_review,true,已接入评级报告或其他二手公开来源的债务补缺值；不等同于官方决算数据，必须回到财政/人大预算决算或官方债务表复核。
CN-361000,361000,抚州市,36,江西省,地级市,core,2020,2020-12-31,prefecture_whole,official_debt,1573.00,3.70,,130.34,499.98,,,,,,,445.79,,28.34,342.02,342.02,26.07,,,未采集,SRC-CITY-PANEL-1990-2023;SRC-OFFICIAL-DEBT-JIANGXI-FUZHOU-2020,A1,extracted,true,已从省级财政厅官方地级行政单元债务明细表提取；经济财政字段与债务字段的来源状态分开记录。
CN-361100,361100,上饶市,36,江西省,地级市,core,2020,2020-12-31,prefecture_whole,secondary_debt,2624.00,4.10,,227.00,749.77,,,,,,,689.85,,26.29,303.90,303.90,30.28,,,未采集,SRC-CITY-PANEL-1990-2023;SRC-SECONDARY-DEBT-JIANGXI-SHANGRAO-2020,B2,needs_review,true,已接入评级报告或其他二手公开来源的债务补缺值；不等同于官方决算数据，必须回到财政/人大预算决算或官方债务表复核。
CN-370100,370100,济南市,37,山东省,地级市,core,2020,2020-12-31,prefecture_whole,secondary_debt,10141.00,4.85,,906.08,1288.80,,,,,,,2108.30,,20.79,232.68,232.68,70.30,,,未采集,SRC-CITY-PANEL-1990-2023;SRC-SECONDARY-RATING-SHANDONG-2019-2021,B2,needs_review,true,已接入评级报告或其他二手公开来源的债务补缺值；不等同于官方决算数据，必须回到财政/人大预算决算或官方债务表复核。
CN-370200,370200,青岛市,37,山东省,地级市,core,2020,2020-12-31,prefecture_whole,official_debt,12401.00,3.70,,1253.85,1584.65,,,876.06,,1182.23,,2058.28,,16.60,164.16,164.16,79.12,,,未采集,SRC-CITY-PANEL-1990-2023;SRC-CELMA-API-DEBT-3702-2020,A2,extracted,true,已从省级财政厅官方地级行政单元债务明细表提取；经济财政字段与债务字段的来源状态分开记录。
CN-370300,370300,淄博市,37,山东省,地级市,core,2020,2020-12-31,prefecture_whole,secondary_debt,3673.00,2.50,,321.54,522.78,,,,,,,770.60,,20.98,239.66,239.66,61.51,,,未采集,SRC-CITY-PANEL-1990-2023;SRC-SECONDARY-RATING-SHANDONG-2019-2021,B2,needs_review,true,已接入评级报告或其他二手公开来源的债务补缺值；不等同于官方决算数据，必须回到财政/人大预算决算或官方债务表复核。
CN-370400,370400,枣庄市,37,山东省,地级市,core,2020,2020-12-31,prefecture_whole,secondary_debt,1733.00,2.95,,140.76,271.03,,,,,,,489.90,,28.27,348.04,348.04,51.94,,,未采集,SRC-CITY-PANEL-1990-2023;SRC-SECONDARY-RATING-SHANDONG-2019-2021,B2,needs_review,true,已接入评级报告或其他二手公开来源的债务补缺值；不等同于官方决算数据，必须回到财政/人大预算决算或官方债务表复核。
CN-370500,370500,东营市,37,山东省,地级市,core,2020,2020-12-31,prefecture_whole,secondary_debt,2981.00,3.80,,249.34,311.30,,,,,,,473.40,,15.88,189.86,189.86,80.10,,,未采集,SRC-CITY-PANEL-1990-2023;SRC-SECONDARY-RATING-SHANDONG-2019-2021,B2,needs_review,true,已接入评级报告或其他二手公开来源的债务补缺值；不等同于官方决算数据，必须回到财政/人大预算决算或官方债务表复核。
CN-370600,370600,烟台市,37,山东省,地级市,core,2020,2020-12-31,prefecture_whole,secondary_debt,7816.00,3.60,,610.07,845.38,,,,,,,1266.10,,16.20,207.53,207.53,72.17,,,未采集,SRC-CITY-PANEL-1990-2023;SRC-SECONDARY-RATING-SHANDONG-2019-2021,B2,needs_review,true,已接入评级报告或其他二手公开来源的债务补缺值；不等同于官方决算数据，必须回到财政/人大预算决算或官方债务表复核。
CN-370700,370700,潍坊市,37,山东省,地级市,core,2020,2020-12-31,prefecture_whole,secondary_debt,5872.00,3.55,,573.90,796.12,,,,,,,1431.20,,24.37,249.38,249.38,72.09,,,未采集,SRC-CITY-PANEL-1990-2023;SRC-SECONDARY-RATING-SHANDONG-2019-2021,B2,needs_review,true,已接入评级报告或其他二手公开来源的债务补缺值；不等同于官方决算数据，必须回到财政/人大预算决算或官方债务表复核。
CN-370800,370800,济宁市,37,山东省,地级市,core,2020,2020-12-31,prefecture_whole,secondary_debt,4494.00,3.55,,411.78,695.69,,,,,,,1084.40,,24.13,263.34,263.34,59.19,,,未采集,SRC-CITY-PANEL-1990-2023;SRC-SECONDARY-RATING-SHANDONG-2019-2021,B2,needs_review,true,已接入评级报告或其他二手公开来源的债务补缺值；不等同于官方决算数据，必须回到财政/人大预算决算或官方债务表复核。
CN-370900,370900,泰安市,37,山东省,地级市,core,2020,2020-12-31,prefecture_whole,secondary_debt,2766.00,3.45,,229.19,434.79,,,,,,,550.50,,19.90,240.19,240.19,52.71,,,未采集,SRC-CITY-PANEL-1990-2023;SRC-SECONDARY-RATING-SHANDONG-2019-2021,B2,needs_review,true,已接入评级报告或其他二手公开来源的债务补缺值；不等同于官方决算数据，必须回到财政/人大预算决算或官方债务表复核。
CN-371000,371000,威海市,37,山东省,地级市,core,2020,2020-12-31,prefecture_whole,secondary_debt,3018.00,3.00,,252.39,350.42,,,,,,,726.60,,24.08,287.89,287.89,72.02,,,未采集,SRC-CITY-PANEL-1990-2023;SRC-SECONDARY-RATING-SHANDONG-2019-2021,B2,needs_review,true,已接入评级报告或其他二手公开来源的债务补缺值；不等同于官方决算数据，必须回到财政/人大预算决算或官方债务表复核。
CN-371100,371100,日照市,37,山东省,地级市,core,2020,2020-12-31,prefecture_whole,secondary_debt,2006.00,3.80,,176.31,286.60,,,,,,,407.30,,20.30,231.01,231.01,61.52,,,未采集,SRC-CITY-PANEL-1990-2023;SRC-SECONDARY-RATING-SHANDONG-2019-2021,B2,needs_review,true,已接入评级报告或其他二手公开来源的债务补缺值；不等同于官方决算数据，必须回到财政/人大预算决算或官方债务表复核。
CN-371300,371300,临沂市,37,山东省,地级市,core,2020,2020-12-31,prefecture_whole,secondary_debt,4805.00,3.90,,349.83,792.54,,,,,,,1111.90,,23.14,317.84,317.84,44.14,,,未采集,SRC-CITY-PANEL-1990-2023;SRC-SECONDARY-RATING-SHANDONG-2019-2021,B2,needs_review,true,已接入评级报告或其他二手公开来源的债务补缺值；不等同于官方决算数据，必须回到财政/人大预算决算或官方债务表复核。
CN-371400,371400,德州市,37,山东省,地级市,core,2020,2020-12-31,prefecture_whole,secondary_debt,3079.00,3.55,,208.55,481.20,,,,,,,550.50,,17.88,263.97,263.97,43.34,,,未采集,SRC-CITY-PANEL-1990-2023;SRC-SECONDARY-RATING-SHANDONG-2019-2021,B2,needs_review,true,已接入评级报告或其他二手公开来源的债务补缺值；不等同于官方决算数据，必须回到财政/人大预算决算或官方债务表复核。
CN-371500,371500,聊城市,37,山东省,地级市,core,2020,2020-12-31,prefecture_whole,secondary_debt,2317.00,2.80,,201.97,465.99,,,,,,,616.50,,26.61,305.24,305.24,43.34,,,未采集,SRC-CITY-PANEL-1990-2023;SRC-SECONDARY-RATING-SHANDONG-2019-2021,B2,needs_review,true,已接入评级报告或其他二手公开来源的债务补缺值；不等同于官方决算数据，必须回到财政/人大预算决算或官方债务表复核。
CN-371600,371600,滨州市,37,山东省,地级市,core,2020,2020-12-31,prefecture_whole,secondary_debt,2508.00,3.65,,252.79,447.51,,,,,,,748.60,,29.85,296.14,296.14,56.49,,,未采集,SRC-CITY-PANEL-1990-2023;SRC-SECONDARY-RATING-SHANDONG-2019-2021,B2,needs_review,true,已接入评级报告或其他二手公开来源的债务补缺值；不等同于官方决算数据，必须回到财政/人大预算决算或官方债务表复核。
CN-371700,371700,菏泽市,37,山东省,地级市,core,2020,2020-12-31,prefecture_whole,secondary_debt,3483.00,3.85,,237.92,630.76,,,,,,,858.70,,24.65,360.92,360.92,37.72,,,未采集,SRC-CITY-PANEL-1990-2023;SRC-SECONDARY-RATING-SHANDONG-2019-2021,B2,needs_review,true,已接入评级报告或其他二手公开来源的债务补缺值；不等同于官方决算数据，必须回到财政/人大预算决算或官方债务表复核。
CN-410100,410100,郑州市,41,河南省,地级市,core,2020,2020-12-31,prefecture_whole,secondary_debt,12004.00,2.95,,1259.21,1720.18,,,,,,,2173.80,,18.11,172.63,172.63,73.20,,,未采集,SRC-CITY-PANEL-1990-2023;SRC-SECONDARY-DEBT-HENAN-ZHENGZHOU-2020,B2,needs_review,true,已接入评级报告或其他二手公开来源的债务补缺值；不等同于官方决算数据，必须回到财政/人大预算决算或官方债务表复核。
CN-410200,410200,开封市,41,河南省,地级市,core,2020,2020-12-31,prefecture_whole,secondary_debt,2372.00,2.00,,160.30,430.79,,,,,,,396.70,,16.72,247.47,247.47,37.21,,,未采集,SRC-CITY-PANEL-1990-2023;SRC-SECONDARY-DEBT-HENAN-KAIFENG-2020,B2,needs_review,true,已接入评级报告或其他二手公开来源的债务补缺值；不等同于官方决算数据，必须回到财政/人大预算决算或官方债务表复核。
CN-410300,410300,洛阳市,41,河南省,地级市,core,2020,2020-12-31,prefecture_whole,secondary_debt,5128.00,2.95,,383.89,689.03,,,,,,,621.00,,12.11,161.77,161.77,55.71,,,未采集,SRC-CITY-PANEL-1990-2023;SRC-SECONDARY-RATING-HENAN-2020-2022-CITY-CHART,B2,needs_review,true,已接入评级报告或其他二手公开来源的债务补缺值；不等同于官方决算数据，必须回到财政/人大预算决算或官方债务表复核。
CN-410400,410400,平顶山市,41,河南省,地级市,core,2020,2020-12-31,prefecture_whole,secondary_debt,2456.00,3.17,,181.17,408.03,,,,,,,343.50,,13.99,189.60,189.60,44.40,,,未采集,SRC-CITY-PANEL-1990-2023;SRC-SECONDARY-DEBT-HENAN-PINGDINGSHAN-2020,B2,needs_review,true,已接入评级报告或其他二手公开来源的债务补缺值；不等同于官方决算数据，必须回到财政/人大预算决算或官方债务表复核。
CN-410500,410500,安阳市,41,河南省,地级市,core,2020,2020-12-31,prefecture_whole,secondary_debt,2300.00,3.25,,174.83,431.12,,,,,,,394.80,,17.17,225.82,225.82,40.55,,,未采集,SRC-CITY-PANEL-1990-2023;SRC-SECONDARY-RATING-HENAN-2020-2022-CITY-CHART,B2,needs_review,true,已接入评级报告或其他二手公开来源的债务补缺值；不等同于官方决算数据，必须回到财政/人大预算决算或官方债务表复核。
CN-410600,410600,鹤壁市,41,河南省,地级市,core,2020,2020-12-31,prefecture_whole,secondary_debt,981.00,1.95,,71.04,156.14,,,,,,,346.30,,35.30,487.47,487.47,45.50,,,未采集,SRC-CITY-PANEL-1990-2023;SRC-SECONDARY-RATING-HENAN-2020-2022-CITY-CHART,B2,needs_review,true,已接入评级报告或其他二手公开来源的债务补缺值；不等同于官方决算数据，必须回到财政/人大预算决算或官方债务表复核。
CN-410700,410700,新乡市,41,河南省,地级市,core,2020,2020-12-31,prefecture_whole,secondary_debt,3014.00,3.20,,194.03,473.12,,,,,,,467.50,,15.51,240.94,240.94,41.01,,,未采集,SRC-CITY-PANEL-1990-2023;SRC-SECONDARY-RATING-HENAN-2020-2022-CITY-CHART,B2,needs_review,true,已接入评级报告或其他二手公开来源的债务补缺值；不等同于官方决算数据，必须回到财政/人大预算决算或官方债务表复核。
CN-410800,410800,焦作市,41,河南省,地级市,core,2020,2020-12-31,prefecture_whole,secondary_debt,2124.00,-20.63,,158.53,321.23,,,,,,,280.92,,13.23,177.20,177.20,49.35,,,未采集,SRC-CITY-PANEL-1990-2023;SRC-SECONDARY-DEBT-HENAN-JIAOZUO-2020,B2,needs_review,true,已接入评级报告或其他二手公开来源的债务补缺值；不等同于官方决算数据，必须回到财政/人大预算决算或官方债务表复核。
CN-410900,410900,濮阳市,41,河南省,地级市,core,2020,2020-12-31,prefecture_whole,secondary_debt,1650.00,3.00,,103.42,356.52,,,,,,,192.90,,11.69,186.52,186.52,29.01,,,未采集,SRC-CITY-PANEL-1990-2023;SRC-SECONDARY-RATING-HENAN-2020-2022-CITY-CHART,B2,needs_review,true,已接入评级报告或其他二手公开来源的债务补缺值；不等同于官方决算数据，必须回到财政/人大预算决算或官方债务表复核。
CN-411000,411000,许昌市,41,河南省,地级市,core,2020,2020-12-31,prefecture_whole,secondary_debt,3449.00,2.66,,181.77,364.01,,,,,,,402.90,,11.68,221.65,221.65,49.94,,,未采集,SRC-CITY-PANEL-1990-2023;SRC-SECONDARY-RATING-HENAN-2020-2022-CITY-CHART,B2,needs_review,true,已接入评级报告或其他二手公开来源的债务补缺值；不等同于官方决算数据，必须回到财政/人大预算决算或官方债务表复核。
CN-411100,411100,漯河市,41,河南省,地级市,core,2020,2020-12-31,prefecture_whole,secondary_debt,1574.00,1.50,,100.59,232.98,,,,,,,184.70,,11.73,183.62,183.62,43.18,,,未采集,SRC-CITY-PANEL-1990-2023;SRC-SECONDARY-RATING-HENAN-2020-2022-CITY-CHART,B2,needs_review,true,已接入评级报告或其他二手公开来源的债务补缺值；不等同于官方决算数据，必须回到财政/人大预算决算或官方债务表复核。
CN-411200,411200,三门峡市,41,河南省,地级市,core,2020,2020-12-31,prefecture_whole,official_debt,1451.00,3.10,,135.32,271.00,,,,,,,199.71,,13.76,147.58,147.58,49.93,,,未采集,SRC-CITY-PANEL-1990-2023;SRC-SECONDARY-DEBT-HENAN-SANMENXIA-2020,A2,extracted,true,已从省级财政厅官方地级行政单元债务明细表提取；经济财政字段与债务字段的来源状态分开记录。
CN-411300,411300,南阳市,41,河南省,地级市,core,2020,2020-12-31,prefecture_whole,official_debt,3926.00,2.20,,202.13,744.50,,,,,,,626.30,,15.95,309.85,309.85,27.15,,,未采集,SRC-CITY-PANEL-1990-2023;SRC-SECONDARY-DEBT-HENAN-NANYANG-2020,A2,extracted,true,已从省级财政厅官方地级行政单元债务明细表提取；经济财政字段与债务字段的来源状态分开记录。
CN-411400,411400,商丘市,41,河南省,地级市,core,2020,2020-12-31,prefecture_whole,secondary_debt,2926.00,-0.80,,180.14,561.58,,,,,,,402.90,,13.77,223.66,223.66,32.08,,,未采集,SRC-CITY-PANEL-1990-2023;SRC-SECONDARY-RATING-HENAN-2020-2022-CITY-CHART,B2,needs_review,true,已接入评级报告或其他二手公开来源的债务补缺值；不等同于官方决算数据，必须回到财政/人大预算决算或官方债务表复核。
CN-411500,411500,信阳市,41,河南省,地级市,core,2020,2020-12-31,prefecture_whole,secondary_debt,2805.00,2.09,,121.35,610.91,,,,,,,481.59,,17.17,396.86,396.86,19.86,,,未采集,SRC-CITY-PANEL-1990-2023;SRC-SECONDARY-DEBT-HENAN-XINYANG-2020,B2,needs_review,true,已接入评级报告或其他二手公开来源的债务补缺值；不等同于官方决算数据，必须回到财政/人大预算决算或官方债务表复核。
CN-411600,411600,周口市,41,河南省,地级市,core,2020,2020-12-31,prefecture_whole,official_debt,3267.00,1.70,,148.19,689.53,,,,,,,435.70,,13.34,294.01,294.01,21.49,,,未采集,SRC-CITY-PANEL-1990-2023;SRC-SECONDARY-DEBT-HENAN-ZHOUKOU-2020,A2,extracted,true,已从省级财政厅官方地级行政单元债务明细表提取；经济财政字段与债务字段的来源状态分开记录。
CN-411700,411700,驻马店市,41,河南省,地级市,core,2020,2020-12-31,prefecture_whole,secondary_debt,2859.00,3.60,,170.06,625.70,,,,,,,435.20,,15.22,255.91,255.91,27.18,,,未采集,SRC-CITY-PANEL-1990-2023;SRC-SECONDARY-RATING-HENAN-2020-2022-CITY-CHART,B2,needs_review,true,已接入评级报告或其他二手公开来源的债务补缺值；不等同于官方决算数据，必须回到财政/人大预算决算或官方债务表复核。
CN-419000,419000,省直辖县级行政区划,41,河南省,地级市,core,2020,2020-12-31,prefecture_whole,secondary_debt,,,,,,,,,,,,79.70,,,,,,,,未采集,SRC-SECONDARY-RATING-HENAN-2020-2022-CITY-CHART,B2,needs_review,true,已接入评级报告或其他二手公开来源的债务补缺值；不等同于官方决算数据，必须回到财政/人大预算决算或官方债务表复核。
CN-420100,420100,武汉市,42,湖北省,地级市,core,2020,2020-12-31,prefecture_whole,secondary_debt,15616.00,-4.73,,1230.29,2407.81,,1698.70,1599.67,2988.47,2954.12,4687.17,4553.79,97.15,29.16,370.14,370.14,51.10,,,未采集,SRC-CITY-PANEL-1990-2023;SRC-PROVINCE-DEBT-HUBEI-2020-RATING,B2,needs_review,true,已接入评级报告或其他二手公开来源的债务补缺值；不等同于官方决算数据，必须回到财政/人大预算决算或官方债务表复核。
CN-420200,420200,黄石市,42,湖北省,地级市,core,2020,2020-12-31,prefecture_whole,secondary_debt,1641.00,-5.95,,88.23,286.34,,166.69,156.47,147.77,140.00,314.46,296.47,94.28,18.07,336.02,336.02,30.81,,,未采集,SRC-CITY-PANEL-1990-2023;SRC-PROVINCE-DEBT-HUBEI-2020-RATING,B2,needs_review,true,已接入评级报告或其他二手公开来源的债务补缺值；不等同于官方决算数据，必须回到财政/人大预算决算或官方债务表复核。
CN-420300,420300,十堰市,42,湖北省,地级市,core,2020,2020-12-31,prefecture_whole,secondary_debt,1915.00,-4.90,,89.36,459.23,,304.94,293.81,177.55,176.80,482.49,470.61,97.54,24.57,526.65,526.65,19.46,,,未采集,SRC-CITY-PANEL-1990-2023;SRC-PROVINCE-DEBT-HUBEI-2020-RATING,B2,needs_review,true,已接入评级报告或其他二手公开来源的债务补缺值；不等同于官方决算数据，必须回到财政/人大预算决算或官方债务表复核。
CN-420500,420500,宜昌市,42,湖北省,地级市,core,2020,2020-12-31,prefecture_whole,secondary_debt,4261.00,-4.70,,139.97,589.59,,389.78,363.28,364.54,358.84,754.32,722.12,95.73,16.95,515.91,515.91,23.74,,,未采集,SRC-CITY-PANEL-1990-2023;SRC-PROVINCE-DEBT-HUBEI-2020-RATING,B2,needs_review,true,已接入评级报告或其他二手公开来源的债务补缺值；不等同于官方决算数据，必须回到财政/人大预算决算或官方债务表复核。
CN-420600,420600,襄阳市,42,湖北省,地级市,core,2020,2020-12-31,prefecture_whole,secondary_debt,4602.00,-5.30,,160.00,670.28,,402.38,377.36,355.62,354.23,758.00,731.59,96.52,15.90,457.24,457.24,23.87,,,未采集,SRC-CITY-PANEL-1990-2023;SRC-PROVINCE-DEBT-HUBEI-2020-RATING,B2,needs_review,true,已接入评级报告或其他二手公开来源的债务补缺值；不等同于官方决算数据，必须回到财政/人大预算决算或官方债务表复核。
CN-420700,420700,鄂州市,42,湖北省,地级市,core,2020,2020-12-31,prefecture_whole,secondary_debt,1005.00,-9.80,,48.47,127.41,,84.07,79.20,115.53,114.52,199.60,193.72,97.05,19.28,399.67,399.67,38.04,,,未采集,SRC-CITY-PANEL-1990-2023;SRC-PROVINCE-DEBT-HUBEI-2020-RATING,B2,needs_review,true,已接入评级报告或其他二手公开来源的债务补缺值；不等同于官方决算数据，必须回到财政/人大预算决算或官方债务表复核。
CN-420800,420800,荆门市,42,湖北省,地级市,core,2020,2020-12-31,prefecture_whole,secondary_debt,1906.00,-5.00,,79.84,312.94,,154.75,144.82,146.99,146.40,301.74,291.22,96.51,15.28,364.75,364.75,25.51,,,未采集,SRC-CITY-PANEL-1990-2023;SRC-PROVINCE-DEBT-HUBEI-2020-RATING,B2,needs_review,true,已接入评级报告或其他二手公开来源的债务补缺值；不等同于官方决算数据，必须回到财政/人大预算决算或官方债务表复核。
CN-420900,420900,孝感市,42,湖北省,地级市,core,2020,2020-12-31,prefecture_whole,secondary_debt,2194.00,-4.50,,100.17,425.26,,241.91,229.53,177.36,173.71,419.27,403.24,96.18,18.38,402.56,402.56,23.56,,,未采集,SRC-CITY-PANEL-1990-2023;SRC-PROVINCE-DEBT-HUBEI-2020-RATING,B2,needs_review,true,已接入评级报告或其他二手公开来源的债务补缺值；不等同于官方决算数据，必须回到财政/人大预算决算或官方债务表复核。
CN-421000,421000,荆州市,42,湖北省,地级市,core,2020,2020-12-31,prefecture_whole,secondary_debt,2369.00,-5.85,,105.41,532.82,,268.42,243.99,277.26,259.13,545.68,503.12,92.20,21.24,477.30,477.30,19.78,,,未采集,SRC-CITY-PANEL-1990-2023;SRC-PROVINCE-DEBT-HUBEI-2020-RATING,B2,needs_review,true,已接入评级报告或其他二手公开来源的债务补缺值；不等同于官方决算数据，必须回到财政/人大预算决算或官方债务表复核。
CN-421100,421100,黄冈市,42,湖北省,地级市,core,2020,2020-12-31,prefecture_whole,secondary_debt,2170.00,-6.63,,104.00,594.84,,311.55,292.33,193.24,176.82,504.79,469.15,92.94,21.62,451.11,451.11,17.48,,,未采集,SRC-CITY-PANEL-1990-2023;SRC-PROVINCE-DEBT-HUBEI-2020-RATING,B2,needs_review,true,已接入评级报告或其他二手公开来源的债务补缺值；不等同于官方决算数据，必须回到财政/人大预算决算或官方债务表复核。
CN-421200,421200,咸宁市,42,湖北省,地级市,core,2020,2020-12-31,prefecture_whole,secondary_debt,1525.00,-4.90,,70.90,312.26,,149.54,136.42,127.76,118.20,277.30,254.62,91.82,16.70,359.13,359.13,22.71,,,未采集,SRC-CITY-PANEL-1990-2023;SRC-PROVINCE-DEBT-HUBEI-2020-RATING,B2,needs_review,true,已接入评级报告或其他二手公开来源的债务补缺值；不等同于官方决算数据，必须回到财政/人大预算决算或官方债务表复核。
CN-421300,421300,随州市,42,湖北省,地级市,core,2020,2020-12-31,prefecture_whole,secondary_debt,1097.00,-5.30,,35.88,190.94,,99.73,92.62,71.98,70.59,171.71,163.21,95.05,14.88,454.88,454.88,18.79,,,未采集,SRC-CITY-PANEL-1990-2023;SRC-PROVINCE-DEBT-HUBEI-2020-RATING,B2,needs_review,true,已接入评级报告或其他二手公开来源的债务补缺值；不等同于官方决算数据，必须回到财政/人大预算决算或官方债务表复核。
CN-422800,422800,恩施土家族苗族自治州,42,湖北省,自治州,extended,2020,2020-12-31,prefecture_whole,secondary_debt,,,,,,,247.44,233.47,114.07,112.13,361.51,345.60,95.60,,,,,,,未采集,SRC-PROVINCE-DEBT-HUBEI-2020-RATING,B2,needs_review,true,已接入评级报告或其他二手公开来源的债务补缺值；不等同于官方决算数据，必须回到财政/人大预算决算或官方债务表复核。
CN-429000,429000,省直辖县级行政区划,42,湖北省,地级市,core,2020,2020-12-31,prefecture_whole,secondary_debt,,,,,,,,,,,,242.39,,,,,,,,未采集,SRC-SECONDARY-DEBT-HUBEI-2020-DIRECT-AGG,B2,needs_review,true,已接入评级报告或其他二手公开来源的债务补缺值；不等同于官方决算数据，必须回到财政/人大预算决算或官方债务表复核。
CN-430100,430100,长沙市,43,湖南省,地级市,core,2020,2020-12-31,prefecture_whole,official_debt,12143.00,3.98,,1100.09,1501.23,,655.58,655.14,1567.43,1567.43,2223.01,2222.57,99.98,18.30,202.04,202.04,73.28,,,未采集,SRC-CITY-PANEL-1990-2023;SRC-PROVINCE-DEBT-HUNAN-2020,A1,extracted,true,已从省级财政厅官方地级行政单元债务明细表提取；经济财政字段与债务字段的来源状态分开记录。
CN-430200,430200,株洲市,43,湖南省,地级市,core,2020,2020-12-31,prefecture_whole,official_debt,3106.00,4.10,,204.60,469.81,,371.44,351.44,478.52,457.52,849.96,808.96,95.18,26.05,395.39,395.39,43.55,,,未采集,SRC-CITY-PANEL-1990-2023;SRC-PROVINCE-DEBT-HUNAN-2020,A1,extracted,true,已从省级财政厅官方地级行政单元债务明细表提取；经济财政字段与债务字段的来源状态分开记录。
CN-430300,430300,湘潭市,43,湖南省,地级市,core,2020,2020-12-31,prefecture_whole,official_debt,2343.00,3.84,,116.17,293.40,,349.15,310.92,305.49,273.50,654.65,584.41,89.27,24.94,503.06,503.06,39.59,,,未采集,SRC-CITY-PANEL-1990-2023;SRC-PROVINCE-DEBT-HUNAN-2020,A1,extracted,true,已从省级财政厅官方地级行政单元债务明细表提取；经济财政字段与债务字段的来源状态分开记录。
CN-430400,430400,衡阳市,43,湖南省,地级市,core,2020,2020-12-31,prefecture_whole,official_debt,3509.00,4.00,,173.47,577.51,,419.11,388.31,509.38,499.38,928.49,887.69,95.61,25.30,511.73,511.73,30.04,,,未采集,SRC-CITY-PANEL-1990-2023;SRC-PROVINCE-DEBT-HUNAN-2020,A1,extracted,true,已从省级财政厅官方地级行政单元债务明细表提取；经济财政字段与债务字段的来源状态分开记录。
CN-430500,430500,邵阳市,43,湖南省,地级市,core,2020,2020-12-31,prefecture_whole,official_debt,2251.00,3.90,,105.34,590.23,,313.70,313.45,247.69,247.69,561.39,561.15,99.96,24.93,532.70,532.70,17.85,,,未采集,SRC-CITY-PANEL-1990-2023;SRC-PROVINCE-DEBT-HUNAN-2020,A1,extracted,true,已从省级财政厅官方地级行政单元债务明细表提取；经济财政字段与债务字段的来源状态分开记录。
CN-430600,430600,岳阳市,43,湖南省,地级市,core,2020,2020-12-31,prefecture_whole,official_debt,4002.00,4.20,,152.73,543.60,,342.96,342.13,334.24,334.24,677.20,676.36,99.88,16.90,442.85,442.85,28.10,,,未采集,SRC-CITY-PANEL-1990-2023;SRC-PROVINCE-DEBT-HUNAN-2020,A1,extracted,true,已从省级财政厅官方地级行政单元债务明细表提取；经济财政字段与债务字段的来源状态分开记录。
CN-430700,430700,常德市,43,湖南省,地级市,core,2020,2020-12-31,prefecture_whole,official_debt,3750.00,3.91,,187.86,613.98,,478.29,477.08,208.83,208.82,687.11,685.90,99.82,18.29,365.11,365.11,30.60,,,未采集,SRC-CITY-PANEL-1990-2023;SRC-PROVINCE-DEBT-HUNAN-2020,A1,extracted,true,已从省级财政厅官方地级行政单元债务明细表提取；经济财政字段与债务字段的来源状态分开记录。
CN-430800,430800,张家界市,43,湖南省,地级市,core,2020,2020-12-31,prefecture_whole,official_debt,556.00,1.99,,32.13,197.92,,144.34,143.84,94.31,81.31,238.65,225.15,94.34,40.49,700.75,700.75,16.23,,,未采集,SRC-CITY-PANEL-1990-2023;SRC-PROVINCE-DEBT-HUNAN-2020,A1,extracted,true,已从省级财政厅官方地级行政单元债务明细表提取；经济财政字段与债务字段的来源状态分开记录。
CN-430900,430900,益阳市,43,湖南省,地级市,core,2020,2020-12-31,prefecture_whole,official_debt,1853.00,3.80,,77.92,385.23,,228.23,227.19,205.72,205.72,433.95,432.91,99.76,23.36,555.58,555.58,20.23,,,未采集,SRC-CITY-PANEL-1990-2023;SRC-PROVINCE-DEBT-HUNAN-2020,A1,extracted,true,已从省级财政厅官方地级行政单元债务明细表提取；经济财政字段与债务字段的来源状态分开记录。
CN-431000,431000,郴州市,43,湖南省,地级市,core,2020,2020-12-31,prefecture_whole,official_debt,2503.00,3.60,,143.42,464.45,,566.06,546.56,288.42,286.42,854.48,832.98,97.48,33.28,580.80,580.80,30.88,,,未采集,SRC-CITY-PANEL-1990-2023;SRC-PROVINCE-DEBT-HUNAN-2020,A1,extracted,true,已从省级财政厅官方地级行政单元债务明细表提取；经济财政字段与债务字段的来源状态分开记录。
CN-431100,431100,永州市,43,湖南省,地级市,core,2020,2020-12-31,prefecture_whole,official_debt,2108.00,3.94,,128.79,501.24,,331.48,322.32,191.18,189.20,522.66,511.52,97.87,24.27,397.17,397.17,25.69,,,未采集,SRC-CITY-PANEL-1990-2023;SRC-PROVINCE-DEBT-HUNAN-2020,A1,extracted,true,已从省级财政厅官方地级行政单元债务明细表提取；经济财政字段与债务字段的来源状态分开记录。
CN-431200,431200,怀化市,43,湖南省,地级市,core,2020,2020-12-31,prefecture_whole,official_debt,1672.00,3.88,,99.57,481.72,,319.25,318.44,324.83,324.70,644.08,643.14,99.85,38.47,645.92,645.92,20.67,,,未采集,SRC-CITY-PANEL-1990-2023;SRC-PROVINCE-DEBT-HUNAN-2020,A1,extracted,true,已从省级财政厅官方地级行政单元债务明细表提取；经济财政字段与债务字段的来源状态分开记录。
CN-431300,431300,娄底市,43,湖南省,地级市,core,2020,2020-12-31,prefecture_whole,official_debt,1680.00,4.00,,80.61,329.52,,294.45,281.92,112.83,106.82,407.28,388.74,95.45,23.14,482.25,482.25,24.46,,,未采集,SRC-CITY-PANEL-1990-2023;SRC-PROVINCE-DEBT-HUNAN-2020,A1,extracted,true,已从省级财政厅官方地级行政单元债务明细表提取；经济财政字段与债务字段的来源状态分开记录。
CN-433100,433100,湘西土家族苗族自治州,43,湖南省,自治州,extended,2020,2020-12-31,prefecture_whole,official_debt,,,,,,,254.72,253.66,114.91,114.90,369.63,368.56,99.71,,,,,,,未采集,SRC-PROVINCE-DEBT-HUNAN-2020,A1,extracted,true,已从省级财政厅官方地级行政单元债务明细表提取；经济财政字段与债务字段的来源状态分开记录。
CN-440100,440100,广州市,44,广东省,地级市,core,2020,2020-12-31,prefecture_whole,official_debt,25019.00,2.70,,1722.79,2952.65,,1057.10,897.63,2548.98,2229.45,3606.09,3127.08,86.72,12.50,181.51,181.51,58.35,,,未采集,SRC-CITY-PANEL-1990-2023;SRC-OFFICIAL-DEBT-GUANGDONG-2020-TABLE18,A1,extracted,true,已从省级财政厅官方地级行政单元债务明细表提取；经济财政字段与债务字段的来源状态分开记录。
CN-440200,440200,韶关市,44,广东省,地级市,core,2020,2020-12-31,prefecture_whole,official_debt,1353.00,3.03,,105.11,394.35,,186.27,157.95,189.25,173.10,375.52,331.05,88.16,24.47,314.96,314.96,26.65,,,未采集,SRC-CITY-PANEL-1990-2023;SRC-OFFICIAL-DEBT-GUANGDONG-2020-TABLE18,A1,extracted,true,已从省级财政厅官方地级行政单元债务明细表提取；经济财政字段与债务字段的来源状态分开记录。
CN-440300,440300,深圳市,44,广东省,地级市,core,2020,2020-12-31,prefecture_whole,official_debt,27670.00,3.10,,3857.39,4177.72,,345.60,68.86,833.90,812.35,1179.50,881.21,74.71,3.18,22.84,22.84,92.33,,,未采集,SRC-CITY-PANEL-1990-2023;SRC-OFFICIAL-DEBT-GUANGDONG-2020-TABLE18,A1,extracted,true,已从省级财政厅官方地级行政单元债务明细表提取；经济财政字段与债务字段的来源状态分开记录。
CN-440400,440400,珠海市,44,广东省,地级市,core,2020,2020-12-31,prefecture_whole,official_debt,3482.00,3.00,,379.13,677.62,,360.38,233.65,417.86,401.55,778.24,635.21,81.62,18.24,167.54,167.54,55.95,,,未采集,SRC-CITY-PANEL-1990-2023;SRC-OFFICIAL-DEBT-GUANGDONG-2020-TABLE18,A1,extracted,true,已从省级财政厅官方地级行政单元债务明细表提取；经济财政字段与债务字段的来源状态分开记录。
CN-440500,440500,汕头市,44,广东省,地级市,core,2020,2020-12-31,prefecture_whole,official_debt,2731.00,2.00,,143.47,427.26,,112.38,100.69,318.62,316.36,431.00,417.05,96.76,15.27,290.69,290.69,33.58,,,未采集,SRC-CITY-PANEL-1990-2023;SRC-OFFICIAL-DEBT-GUANGDONG-2020-TABLE18,A1,extracted,true,已从省级财政厅官方地级行政单元债务明细表提取；经济财政字段与债务字段的来源状态分开记录。
CN-440600,440600,佛山市,44,广东省,地级市,core,2020,2020-12-31,prefecture_whole,official_debt,10816.00,1.60,,753.56,1003.04,,619.75,387.31,1242.73,1139.46,1862.47,1526.77,81.98,14.12,202.61,202.61,75.13,,,未采集,SRC-CITY-PANEL-1990-2023;SRC-OFFICIAL-DEBT-GUANGDONG-2020-TABLE18,A1,extracted,true,已从省级财政厅官方地级行政单元债务明细表提取；经济财政字段与债务字段的来源状态分开记录。
CN-440700,440700,江门市,44,广东省,地级市,core,2020,2020-12-31,prefecture_whole,official_debt,3201.00,2.20,,264.00,442.38,,350.13,245.29,285.15,263.24,635.28,508.52,80.05,15.89,192.62,192.62,59.68,,,未采集,SRC-CITY-PANEL-1990-2023;SRC-OFFICIAL-DEBT-GUANGDONG-2020-TABLE18,A1,extracted,true,已从省级财政厅官方地级行政单元债务明细表提取；经济财政字段与债务字段的来源状态分开记录。
CN-440800,440800,湛江市,44,广东省,地级市,core,2020,2020-12-31,prefecture_whole,official_debt,3100.00,1.89,,137.78,538.59,,182.88,176.10,369.06,361.40,551.94,537.50,97.38,17.34,390.11,390.11,25.58,,,未采集,SRC-CITY-PANEL-1990-2023;SRC-OFFICIAL-DEBT-GUANGDONG-2020-TABLE18,A1,extracted,true,已从省级财政厅官方地级行政单元债务明细表提取；经济财政字段与债务字段的来源状态分开记录。
CN-440900,440900,茂名市,44,广东省,地级市,core,2020,2020-12-31,prefecture_whole,official_debt,3279.00,1.47,,142.66,461.05,,162.38,141.31,252.40,236.61,414.77,377.92,91.12,11.53,264.91,264.91,30.94,,,未采集,SRC-CITY-PANEL-1990-2023;SRC-OFFICIAL-DEBT-GUANGDONG-2020-TABLE18,A1,extracted,true,已从省级财政厅官方地级行政单元债务明细表提取；经济财政字段与债务字段的来源状态分开记录。
CN-441200,441200,肇庆市,44,广东省,地级市,core,2020,2020-12-31,prefecture_whole,official_debt,2311.00,2.96,,124.51,430.58,,208.00,193.79,359.23,339.44,567.24,533.24,94.01,23.07,428.27,428.27,28.92,,,未采集,SRC-CITY-PANEL-1990-2023;SRC-OFFICIAL-DEBT-GUANGDONG-2020-TABLE18,A1,extracted,true,已从省级财政厅官方地级行政单元债务明细表提取；经济财政字段与债务字段的来源状态分开记录。
CN-441300,441300,惠州市,44,广东省,地级市,core,2020,2020-12-31,prefecture_whole,official_debt,4221.00,1.50,,412.23,637.38,,496.31,400.21,338.34,318.17,834.65,718.38,86.07,17.02,174.27,174.27,64.68,,,未采集,SRC-CITY-PANEL-1990-2023;SRC-OFFICIAL-DEBT-GUANGDONG-2020-TABLE18,A1,extracted,true,已从省级财政厅官方地级行政单元债务明细表提取；经济财政字段与债务字段的来源状态分开记录。
CN-441400,441400,梅州市,44,广东省,地级市,core,2020,2020-12-31,prefecture_whole,official_debt,1208.00,1.50,,88.19,474.35,,210.76,175.14,236.60,222.69,447.36,397.83,88.93,32.93,451.11,451.11,18.59,,,未采集,SRC-CITY-PANEL-1990-2023;SRC-OFFICIAL-DEBT-GUANGDONG-2020-TABLE18,A1,extracted,true,已从省级财政厅官方地级行政单元债务明细表提取；经济财政字段与债务字段的来源状态分开记录。
CN-441500,441500,汕尾市,44,广东省,地级市,core,2020,2020-12-31,prefecture_whole,official_debt,1124.00,4.60,,46.01,266.51,,85.88,74.81,225.94,215.44,311.83,290.25,93.08,25.82,630.84,630.84,17.26,,,未采集,SRC-CITY-PANEL-1990-2023;SRC-OFFICIAL-DEBT-GUANGDONG-2020-TABLE18,A1,extracted,true,已从省级财政厅官方地级行政单元债务明细表提取；经济财政字段与债务字段的来源状态分开记录。
CN-441600,441600,河源市,44,广东省,地级市,core,2020,2020-12-31,prefecture_whole,official_debt,1103.00,1.30,,79.81,361.76,,163.53,151.80,181.72,180.50,345.26,332.30,96.25,30.13,416.36,416.36,22.06,,,未采集,SRC-CITY-PANEL-1990-2023;SRC-OFFICIAL-DEBT-GUANGDONG-2020-TABLE18,A1,extracted,true,已从省级财政厅官方地级行政单元债务明细表提取；经济财政字段与债务字段的来源状态分开记录。
CN-441700,441700,阳江市,44,广东省,地级市,core,2020,2020-12-31,prefecture_whole,official_debt,1360.00,4.40,,65.70,249.84,,134.08,122.99,135.45,124.28,269.54,247.27,91.74,18.18,376.36,376.36,26.30,,,未采集,SRC-CITY-PANEL-1990-2023;SRC-OFFICIAL-DEBT-GUANGDONG-2020-TABLE18,A1,extracted,true,已从省级财政厅官方地级行政单元债务明细表提取；经济财政字段与债务字段的来源状态分开记录。
CN-441800,441800,清远市,44,广东省,地级市,core,2020,2020-12-31,prefecture_whole,official_debt,1777.00,3.79,,123.62,411.84,,143.19,123.34,330.65,322.76,473.84,446.11,94.15,25.10,360.87,360.87,30.02,,,未采集,SRC-CITY-PANEL-1990-2023;SRC-OFFICIAL-DEBT-GUANGDONG-2020-TABLE18,A1,extracted,true,已从省级财政厅官方地级行政单元债务明细表提取；经济财政字段与债务字段的来源状态分开记录。
CN-441900,441900,东莞市,44,广东省,地级市,core,2020,2020-12-31,prefecture_whole,official_debt,9650.00,1.10,,694.75,840.33,,555.06,520.78,358.88,344.49,913.94,865.28,94.68,8.97,124.55,124.55,82.68,,,未采集,SRC-CITY-PANEL-1990-2023;SRC-OFFICIAL-DEBT-GUANGDONG-2020-TABLE18,A1,extracted,true,已从省级财政厅官方地级行政单元债务明细表提取；经济财政字段与债务字段的来源状态分开记录。
CN-442000,442000,中山市,44,广东省,地级市,core,2020,2020-12-31,prefecture_whole,official_debt,3152.00,1.50,,287.54,375.63,,92.46,80.17,341.45,330.18,433.91,410.35,94.57,13.02,142.71,142.71,76.55,,,未采集,SRC-CITY-PANEL-1990-2023;SRC-OFFICIAL-DEBT-GUANGDONG-2020-TABLE18,A1,extracted,true,已从省级财政厅官方地级行政单元债务明细表提取；经济财政字段与债务字段的来源状态分开记录。
CN-445100,445100,潮州市,44,广东省,地级市,core,2020,2020-12-31,prefecture_whole,official_debt,1097.00,1.30,,48.63,217.17,,125.82,118.38,102.87,98.74,228.69,217.12,94.94,19.79,446.47,446.47,22.39,,,未采集,SRC-CITY-PANEL-1990-2023;SRC-OFFICIAL-DEBT-GUANGDONG-2020-TABLE18,A1,extracted,true,已从省级财政厅官方地级行政单元债务明细表提取；经济财政字段与债务字段的来源状态分开记录。
CN-445200,445200,揭阳市,44,广东省,地级市,core,2020,2020-12-31,prefecture_whole,official_debt,2102.00,0.17,,73.97,374.48,,125.47,121.04,192.95,183.10,318.42,304.13,95.51,14.47,411.15,411.15,19.75,,,未采集,SRC-CITY-PANEL-1990-2023;SRC-OFFICIAL-DEBT-GUANGDONG-2020-TABLE18,A1,extracted,true,已从省级财政厅官方地级行政单元债务明细表提取；经济财政字段与债务字段的来源状态分开记录。
CN-445300,445300,云浮市,44,广东省,地级市,core,2020,2020-12-31,prefecture_whole,official_debt,1002.00,4.10,,65.89,263.10,,110.75,95.88,145.39,143.58,256.13,239.46,93.49,23.90,363.42,363.42,25.04,,,未采集,SRC-CITY-PANEL-1990-2023;SRC-OFFICIAL-DEBT-GUANGDONG-2020-TABLE18,A1,extracted,true,已从省级财政厅官方地级行政单元债务明细表提取；经济财政字段与债务字段的来源状态分开记录。
CN-450100,450100,南宁市,45,广西壮族自治区,地级市,core,2020,2020-12-31,prefecture_whole,secondary_debt,4726.00,3.70,,372.25,819.86,,,608.14,,581.92,,1190.06,,25.18,319.69,319.69,45.40,,,未采集,SRC-CITY-PANEL-1990-2023;SRC-SECONDARY-DEBT-GUANGXI-NANNING-2020,B2,needs_review,true,已接入评级报告或其他二手公开来源的债务补缺值；不等同于官方决算数据，必须回到财政/人大预算决算或官方债务表复核。
CN-450200,450200,柳州市,45,广西壮族自治区,地级市,core,2020,2020-12-31,prefecture_whole,secondary_debt,3177.00,1.45,,173.12,469.58,,,201.93,,443.64,,645.57,,20.32,372.90,372.90,36.87,,,未采集,SRC-CITY-PANEL-1990-2023;SRC-SECONDARY-DEBT-GUANGXI-LIUZHOU-2020,B2,needs_review,true,已接入评级报告或其他二手公开来源的债务补缺值；不等同于官方决算数据，必须回到财政/人大预算决算或官方债务表复核。
CN-450300,450300,桂林市,45,广西壮族自治区,地级市,core,2020,2020-12-31,prefecture_whole,secondary_debt,2130.00,2.05,,111.49,471.93,,,,,,,533.36,,25.04,478.39,478.39,23.62,,,未采集,SRC-CITY-PANEL-1990-2023;SRC-SECONDARY-DEBT-GUANGXI-GUILIN-2020,B2,needs_review,true,已接入评级报告或其他二手公开来源的债务补缺值；不等同于官方决算数据，必须回到财政/人大预算决算或官方债务表复核。
CN-450400,450400,梧州市,45,广西壮族自治区,地级市,core,2020,2020-12-31,prefecture_whole,secondary_debt,1081.00,8.00,,76.00,288.46,,,169.20,,130.69,,299.89,,27.74,394.59,394.59,26.35,,,未采集,SRC-CITY-PANEL-1990-2023;SRC-SECONDARY-DEBT-GUANGXI-WUZHOU-2020,B2,needs_review,true,已接入评级报告或其他二手公开来源的债务补缺值；不等同于官方决算数据，必须回到财政/人大预算决算或官方债务表复核。
CN-450500,450500,北海市,45,广西壮族自治区,地级市,core,2020,2020-12-31,prefecture_whole,secondary_debt,1277.00,-1.30,,79.41,212.83,,,,,,,220.00,,17.23,277.04,277.04,37.31,,,未采集,SRC-CITY-PANEL-1990-2023;SRC-SECONDARY-RATING-GUANGXI-2019-2021-CITY-CHART,B2,needs_review,true,已接入评级报告或其他二手公开来源的债务补缺值；不等同于官方决算数据，必须回到财政/人大预算决算或官方债务表复核。
CN-450600,450600,防城港市,45,广西壮族自治区,地级市,core,2020,2020-12-31,prefecture_whole,official_debt,733.00,5.07,,53.69,155.16,,,122.00,,76.82,,198.82,,27.12,370.31,370.31,34.60,,,未采集,SRC-CITY-PANEL-1990-2023;SRC-OFFICIAL-DEBT-GUANGXI-FANGCHENGGANG-2020,A2,extracted,true,已从省级财政厅官方地级行政单元债务明细表提取；经济财政字段与债务字段的来源状态分开记录。
CN-450700,450700,钦州市,45,广西壮族自治区,地级市,core,2020,2020-12-31,prefecture_whole,secondary_debt,1388.00,2.60,,65.04,238.80,,,144.17,,190.39,,334.55,,24.10,514.38,514.38,27.24,,,未采集,SRC-CITY-PANEL-1990-2023;SRC-SECONDARY-DEBT-GUANGXI-QINZHOU-2020,B2,needs_review,true,已接入评级报告或其他二手公开来源的债务补缺值；不等同于官方决算数据，必须回到财政/人大预算决算或官方债务表复核。
CN-450800,450800,贵港市,45,广西壮族自治区,地级市,core,2020,2020-12-31,prefecture_whole,secondary_debt,1353.00,6.95,,75.27,306.90,,,109.38,,118.14,,227.52,,16.82,302.27,302.27,24.53,,,未采集,SRC-CITY-PANEL-1990-2023;SRC-SECONDARY-DEBT-GUANGXI-GUIGANG-2020,B2,needs_review,true,已接入评级报告或其他二手公开来源的债务补缺值；不等同于官方决算数据，必须回到财政/人大预算决算或官方债务表复核。
CN-450900,450900,玉林市,45,广西壮族自治区,地级市,core,2020,2020-12-31,prefecture_whole,secondary_debt,1761.00,3.30,,101.77,423.19,,,,,,,322.43,,18.31,316.82,316.82,24.05,,,未采集,SRC-CITY-PANEL-1990-2023;SRC-SECONDARY-DEBT-GUANGXI-YULIN-2020,B2,needs_review,true,已接入评级报告或其他二手公开来源的债务补缺值；不等同于官方决算数据，必须回到财政/人大预算决算或官方债务表复核。
CN-451000,451000,百色市,45,广西壮族自治区,地级市,core,2020,2020-12-31,prefecture_whole,secondary_debt,1334.00,6.30,,94.46,504.76,,,264.15,,191.55,,455.70,,34.16,482.43,482.43,18.71,,,未采集,SRC-CITY-PANEL-1990-2023;SRC-SECONDARY-DEBT-GUANGXI-BAISE-2020,B2,needs_review,true,已接入评级报告或其他二手公开来源的债务补缺值；不等同于官方决算数据，必须回到财政/人大预算决算或官方债务表复核。
CN-451100,451100,贺州市,45,广西壮族自治区,地级市,core,2020,2020-12-31,prefecture_whole,secondary_debt,754.00,7.00,,40.87,229.22,,,113.96,,98.91,,212.86,,28.23,520.82,520.82,17.83,,,未采集,SRC-CITY-PANEL-1990-2023;SRC-SECONDARY-DEBT-GUANGXI-HEZHOU-2020,B2,needs_review,true,已接入评级报告或其他二手公开来源的债务补缺值；不等同于官方决算数据，必须回到财政/人大预算决算或官方债务表复核。
CN-451200,451200,河池市,45,广西壮族自治区,地级市,core,2020,2020-12-31,prefecture_whole,secondary_debt,928.00,5.10,,50.78,451.98,,,242.64,,53.57,,296.21,,31.92,583.32,583.32,11.24,,,未采集,SRC-CITY-PANEL-1990-2023;SRC-SECONDARY-DEBT-GUANGXI-HECHI-2020,B2,needs_review,true,已接入评级报告或其他二手公开来源的债务补缺值；不等同于官方决算数据，必须回到财政/人大预算决算或官方债务表复核。
CN-451300,451300,来宾市,45,广西壮族自治区,地级市,core,2020,2020-12-31,prefecture_whole,official_debt,706.00,6.30,,39.41,221.88,,,151.05,,100.76,,251.81,,35.67,638.95,638.95,17.76,,,未采集,SRC-CITY-PANEL-1990-2023;SRC-OFFICIAL-DEBT-GUANGXI-LAIBIN-2020,A2,extracted,true,已从省级财政厅官方地级行政单元债务明细表提取；经济财政字段与债务字段的来源状态分开记录。
CN-451400,451400,崇左市,45,广西壮族自治区,地级市,core,2020,2020-12-31,prefecture_whole,secondary_debt,809.00,6.10,,33.82,275.83,,,,,,,275.36,,34.04,814.19,814.19,12.26,,,未采集,SRC-CITY-PANEL-1990-2023;SRC-SECONDARY-DEBT-GUANGXI-CHONGZUO-2020,B2,needs_review,true,已接入评级报告或其他二手公开来源的债务补缺值；不等同于官方决算数据，必须回到财政/人大预算决算或官方债务表复核。
CN-460100,460100,海口市,46,海南省,地级市,core,2020,2020-12-31,prefecture_whole,official_debt,1792.00,5.30,,186.05,307.08,,425.98,421.07,342.46,341.31,768.44,762.38,99.21,42.54,409.77,409.77,60.59,,,未采集,SRC-CITY-PANEL-1990-2023;SRC-CELMA-DEBT-HAINAN-2020-BUDGET-TABLE,A2,extracted,true,已从省级财政厅官方地级行政单元债务明细表提取；经济财政字段与债务字段的来源状态分开记录。
CN-460200,460200,三亚市,46,海南省,地级市,core,2020,2020-12-31,prefecture_whole,official_debt,695.00,3.10,,110.41,199.68,,132.98,132.41,220.71,219.35,353.69,351.76,99.45,50.61,318.59,318.59,55.29,,,未采集,SRC-CITY-PANEL-1990-2023;SRC-CELMA-DEBT-HAINAN-2020-BUDGET-TABLE,A2,extracted,true,已从省级财政厅官方地级行政单元债务明细表提取；经济财政字段与债务字段的来源状态分开记录。
CN-460300,460300,三沙市,46,海南省,地级市,core,2020,2020-12-31,prefecture_whole,provisional,,,,,,,,,,,,,,,,,,,,未采集,SRC-CITY-PANEL-1990-2023,D,needs_review,true,公开研究型城市面板；字段口径与来源链条未完全公开，作为 provisional 暂存值，待官方年鉴/公报复核。
CN-460400,460400,儋州市,46,海南省,地级市,core,2020,2020-12-31,prefecture_whole,official_debt,359.00,0.10,,22.03,89.26,,64.21,64.17,78.82,78.41,143.03,142.58,99.69,39.72,647.21,647.21,24.68,,,未采集,SRC-CITY-PANEL-1990-2023;SRC-CELMA-DEBT-HAINAN-2020-BUDGET-TABLE,A2,extracted,true,已从省级财政厅官方地级行政单元债务明细表提取；经济财政字段与债务字段的来源状态分开记录。
CN-469000,469000,省直辖县级行政区划,46,海南省,地级市,core,2020,2020-12-31,prefecture_whole,official_debt_calculated,,,,,,,,434.82,,217.22,,652.04,,,,,,,,未采集,SRC-OFFICIAL-DEBT-HAINAN-DIRECT-COUNTY-2020,A2,extracted,true,已从省级财政厅官方地级行政单元债务明细表提取；经济财政字段与债务字段的来源状态分开记录。
CN-500000,500000,重庆市,50,重庆市,直辖市,separate,2020,2020-12-31,prefecture_whole,official_debt,25003.00,3.90,,2094.85,4893.95,,3086.60,2678.80,4455.80,4120.40,7542.40,6799.20,90.15,27.19,324.57,324.57,42.80,,,未采集,SRC-CITY-PANEL-1990-2023;SRC-PROVINCE-DEBT-CHONGQING-2020,A1,extracted,true,已从省级财政厅官方地级行政单元债务明细表提取；经济财政字段与债务字段的来源状态分开记录。
CN-510100,510100,成都市,51,四川省,地级市,core,2020,2020-12-31,prefecture_whole,official_debt,17717.00,4.00,,1520.38,2159.48,,1196.00,1136.00,2519.00,2304.00,3715.00,3440.00,92.60,19.42,226.26,226.26,70.40,,,未采集,SRC-CITY-PANEL-1990-2023;SRC-OFFICIAL-DEBT-SICHUAN-CITIES-2020,A1,extracted,true,已从省级财政厅官方地级行政单元债务明细表提取；经济财政字段与债务字段的来源状态分开记录。
CN-510300,510300,自贡市,51,四川省,地级市,core,2020,2020-12-31,prefecture_whole,official_debt,1458.00,3.90,,63.45,238.72,,195.00,160.00,256.00,241.00,451.00,401.00,88.91,27.50,631.99,631.99,26.58,,,未采集,SRC-CITY-PANEL-1990-2023;SRC-OFFICIAL-DEBT-SICHUAN-CITIES-2020,A1,extracted,true,已从省级财政厅官方地级行政单元债务明细表提取；经济财政字段与债务字段的来源状态分开记录。
CN-510400,510400,攀枝花市,51,四川省,地级市,core,2020,2020-12-31,prefecture_whole,official_debt,1041.00,3.90,,68.25,159.81,,152.00,143.00,85.00,78.00,237.00,221.00,93.25,21.23,323.81,323.81,42.71,,,未采集,SRC-CITY-PANEL-1990-2023;SRC-OFFICIAL-DEBT-SICHUAN-CITIES-2020,A1,extracted,true,已从省级财政厅官方地级行政单元债务明细表提取；经济财政字段与债务字段的来源状态分开记录。
CN-510500,510500,泸州市,51,四川省,地级市,core,2020,2020-12-31,prefecture_whole,official_debt,2157.00,4.20,,170.07,450.06,,269.00,258.00,368.00,352.00,637.00,610.00,95.76,28.28,358.68,358.68,37.79,,,未采集,SRC-CITY-PANEL-1990-2023;SRC-OFFICIAL-DEBT-SICHUAN-CITIES-2020,A1,extracted,true,已从省级财政厅官方地级行政单元债务明细表提取；经济财政字段与债务字段的来源状态分开记录。
CN-510600,510600,德阳市,51,四川省,地级市,core,2020,2020-12-31,prefecture_whole,official_debt,2404.00,2.50,,132.09,309.53,,124.00,120.00,285.00,260.00,409.00,380.00,92.91,15.81,287.68,287.68,42.67,,,未采集,SRC-CITY-PANEL-1990-2023;SRC-OFFICIAL-DEBT-SICHUAN-CITIES-2020,A1,extracted,true,已从省级财政厅官方地级行政单元债务明细表提取；经济财政字段与债务字段的来源状态分开记录。
CN-510700,510700,绵阳市,51,四川省,地级市,core,2020,2020-12-31,prefecture_whole,official_debt,3010.00,4.40,,140.96,444.70,,262.00,248.00,334.00,326.00,596.00,574.00,96.31,19.07,407.21,407.21,31.70,,,未采集,SRC-CITY-PANEL-1990-2023;SRC-OFFICIAL-DEBT-SICHUAN-CITIES-2020,A1,extracted,true,已从省级财政厅官方地级行政单元债务明细表提取；经济财政字段与债务字段的来源状态分开记录。
CN-510800,510800,广元市,51,四川省,地级市,core,2020,2020-12-31,prefecture_whole,official_debt,1008.00,4.20,,52.62,289.54,,240.00,224.00,149.00,142.00,389.00,366.00,94.09,36.31,695.55,695.55,18.17,,,未采集,SRC-CITY-PANEL-1990-2023;SRC-OFFICIAL-DEBT-SICHUAN-CITIES-2020,A1,extracted,true,已从省级财政厅官方地级行政单元债务明细表提取；经济财政字段与债务字段的来源状态分开记录。
CN-510900,510900,遂宁市,51,四川省,地级市,core,2020,2020-12-31,prefecture_whole,official_debt,1403.00,4.30,,79.92,268.84,,203.00,168.00,231.00,218.00,434.00,386.00,88.94,27.51,482.98,482.98,29.73,,,未采集,SRC-CITY-PANEL-1990-2023;SRC-OFFICIAL-DEBT-SICHUAN-CITIES-2020,A1,extracted,true,已从省级财政厅官方地级行政单元债务明细表提取；经济财政字段与债务字段的来源状态分开记录。
CN-511000,511000,内江市,51,四川省,地级市,core,2020,2020-12-31,prefecture_whole,official_debt,1466.00,3.90,,66.34,276.55,,326.00,295.00,173.00,171.00,499.00,466.00,93.39,31.79,702.44,702.44,23.99,,,未采集,SRC-CITY-PANEL-1990-2023;SRC-OFFICIAL-DEBT-SICHUAN-CITIES-2020,A1,extracted,true,已从省级财政厅官方地级行政单元债务明细表提取；经济财政字段与债务字段的来源状态分开记录。
CN-511100,511100,乐山市,51,四川省,地级市,core,2020,2020-12-31,prefecture_whole,official_debt,2003.00,4.10,,120.62,318.20,,222.00,212.00,235.00,231.00,457.00,443.00,96.94,22.12,367.27,367.27,37.91,,,未采集,SRC-CITY-PANEL-1990-2023;SRC-OFFICIAL-DEBT-SICHUAN-CITIES-2020,A1,extracted,true,已从省级财政厅官方地级行政单元债务明细表提取；经济财政字段与债务字段的来源状态分开记录。
CN-511300,511300,南充市,51,四川省,地级市,core,2020,2020-12-31,prefecture_whole,official_debt,2401.00,3.80,,133.93,573.97,,366.00,348.00,478.00,445.00,844.00,793.00,93.96,33.03,592.10,592.10,23.33,,,未采集,SRC-CITY-PANEL-1990-2023;SRC-OFFICIAL-DEBT-SICHUAN-CITIES-2020,A1,extracted,true,已从省级财政厅官方地级行政单元债务明细表提取；经济财政字段与债务字段的来源状态分开记录。
CN-511400,511400,眉山市,51,四川省,地级市,core,2020,2020-12-31,prefecture_whole,official_debt,1424.00,4.18,,121.62,275.54,,215.00,204.00,281.00,269.00,496.00,473.00,95.36,33.22,388.92,388.92,44.14,,,未采集,SRC-CITY-PANEL-1990-2023;SRC-OFFICIAL-DEBT-SICHUAN-CITIES-2020,A1,extracted,true,已从省级财政厅官方地级行政单元债务明细表提取；经济财政字段与债务字段的来源状态分开记录。
CN-511500,511500,宜宾市,51,四川省,地级市,core,2020,2020-12-31,prefecture_whole,official_debt,2802.00,4.62,,200.03,556.31,,290.00,249.00,344.00,330.00,634.00,579.00,91.32,20.66,289.46,289.46,35.96,,,未采集,SRC-CITY-PANEL-1990-2023;SRC-OFFICIAL-DEBT-SICHUAN-CITIES-2020,A1,extracted,true,已从省级财政厅官方地级行政单元债务明细表提取；经济财政字段与债务字段的来源状态分开记录。
CN-511600,511600,广安市,51,四川省,地级市,core,2020,2020-12-31,prefecture_whole,official_debt,1301.00,3.60,,86.02,306.26,,220.00,206.00,189.00,175.00,409.00,381.00,93.15,29.29,442.92,442.92,28.09,,,未采集,SRC-CITY-PANEL-1990-2023;SRC-OFFICIAL-DEBT-SICHUAN-CITIES-2020,A1,extracted,true,已从省级财政厅官方地级行政单元债务明细表提取；经济财政字段与债务字段的来源状态分开记录。
CN-511700,511700,达州市,51,四川省,地级市,core,2020,2020-12-31,prefecture_whole,official_debt,2117.00,4.10,,112.33,436.67,,385.00,368.00,291.00,235.00,676.00,603.00,89.20,28.48,536.81,536.81,25.72,,,未采集,SRC-CITY-PANEL-1990-2023;SRC-OFFICIAL-DEBT-SICHUAN-CITIES-2020,A1,extracted,true,已从省级财政厅官方地级行政单元债务明细表提取；经济财政字段与债务字段的来源状态分开记录。
CN-511800,511800,雅安市,51,四川省,地级市,core,2020,2020-12-31,prefecture_whole,official_debt,755.00,4.40,,48.49,169.61,,99.00,86.00,109.00,103.00,208.00,189.00,90.87,25.03,389.77,389.77,28.59,,,未采集,SRC-CITY-PANEL-1990-2023;SRC-OFFICIAL-DEBT-SICHUAN-CITIES-2020,A1,extracted,true,已从省级财政厅官方地级行政单元债务明细表提取；经济财政字段与债务字段的来源状态分开记录。
CN-511900,511900,巴中市,51,四川省,地级市,core,2020,2020-12-31,prefecture_whole,official_debt,767.00,2.50,,48.40,310.65,,377.00,349.00,281.00,179.00,658.00,528.00,80.24,68.84,1090.91,1090.91,15.58,,,未采集,SRC-CITY-PANEL-1990-2023;SRC-OFFICIAL-DEBT-SICHUAN-CITIES-2020,A1,extracted,true,已从省级财政厅官方地级行政单元债务明细表提取；经济财政字段与债务字段的来源状态分开记录。
CN-512000,512000,资阳市,51,四川省,地级市,core,2020,2020-12-31,prefecture_whole,official_debt,808.00,4.00,,53.13,203.33,,227.00,165.00,215.00,196.00,442.00,361.00,81.67,44.68,679.47,679.47,26.13,,,未采集,SRC-CITY-PANEL-1990-2023;SRC-OFFICIAL-DEBT-SICHUAN-CITIES-2020,A1,extracted,true,已从省级财政厅官方地级行政单元债务明细表提取；经济财政字段与债务字段的来源状态分开记录。
CN-513200,513200,阿坝藏族羌族自治州,51,四川省,自治州,extended,2020,2020-12-31,prefecture_whole,official_debt,,,,,,,88.00,64.00,32.00,30.00,120.00,94.00,78.33,,,,,,,未采集,SRC-OFFICIAL-DEBT-SICHUAN-CITIES-2020,A1,extracted,true,已从省级财政厅官方地级行政单元债务明细表提取；经济财政字段与债务字段的来源状态分开记录。
CN-513300,513300,甘孜藏族自治州,51,四川省,自治州,extended,2020,2020-12-31,prefecture_whole,official_debt,,,,,,,89.00,84.00,21.00,19.00,110.00,103.00,93.64,,,,,,,未采集,SRC-OFFICIAL-DEBT-SICHUAN-CITIES-2020,A1,extracted,true,已从省级财政厅官方地级行政单元债务明细表提取；经济财政字段与债务字段的来源状态分开记录。
CN-513400,513400,凉山彝族自治州,51,四川省,自治州,extended,2020,2020-12-31,prefecture_whole,official_debt,,,,,,,324.00,303.00,88.00,81.00,412.00,384.00,93.20,,,,,,,未采集,SRC-OFFICIAL-DEBT-SICHUAN-CITIES-2020,A1,extracted,true,已从省级财政厅官方地级行政单元债务明细表提取；经济财政字段与债务字段的来源状态分开记录。
CN-520100,520100,贵阳市,52,贵州省,地级市,core,2020,2020-12-31,prefecture_whole,official_debt,4312.00,5.00,,398.13,678.16,,401.58,379.34,2037.95,2017.24,2439.52,2396.58,98.24,55.58,601.96,601.96,58.71,,,未采集,SRC-CITY-PANEL-1990-2023;SRC-PROVINCE-DEBT-GUIZHOU-2020,A1,extracted,true,已从省级财政厅官方地级行政单元债务明细表提取；经济财政字段与债务字段的来源状态分开记录。
CN-520200,520200,六盘水市,52,贵州省,地级市,core,2020,2020-12-31,prefecture_whole,official_debt,1340.00,4.50,,108.95,323.99,,497.24,488.15,168.07,167.96,665.31,656.11,98.62,48.96,602.21,602.21,33.63,,,未采集,SRC-CITY-PANEL-1990-2023;SRC-PROVINCE-DEBT-GUIZHOU-2020,A1,extracted,true,已从省级财政厅官方地级行政单元债务明细表提取；经济财政字段与债务字段的来源状态分开记录。
CN-520300,520300,遵义市,52,贵州省,地级市,core,2020,2020-12-31,prefecture_whole,official_debt,3720.00,4.60,,258.66,756.37,,1128.69,1105.47,554.96,549.21,1683.65,1654.67,98.28,44.48,639.71,639.71,34.20,,,未采集,SRC-CITY-PANEL-1990-2023;SRC-PROVINCE-DEBT-GUIZHOU-2020,A1,extracted,true,已从省级财政厅官方地级行政单元债务明细表提取；经济财政字段与债务字段的来源状态分开记录。
CN-520400,520400,安顺市,52,贵州省,地级市,core,2020,2020-12-31,prefecture_whole,official_debt,967.00,3.10,,67.03,295.97,,306.74,299.32,240.31,238.91,547.05,538.22,98.39,55.66,802.95,802.95,22.65,,,未采集,SRC-CITY-PANEL-1990-2023;SRC-PROVINCE-DEBT-GUIZHOU-2020,A1,extracted,true,已从省级财政厅官方地级行政单元债务明细表提取；经济财政字段与债务字段的来源状态分开记录。
CN-520500,520500,毕节市,52,贵州省,地级市,core,2020,2020-12-31,prefecture_whole,official_debt,2020.00,4.40,,131.96,747.54,,725.69,708.34,326.75,324.94,1052.44,1033.28,98.18,51.15,783.03,783.03,17.65,,,未采集,SRC-CITY-PANEL-1990-2023;SRC-PROVINCE-DEBT-GUIZHOU-2020,A1,extracted,true,已从省级财政厅官方地级行政单元债务明细表提取；经济财政字段与债务字段的来源状态分开记录。
CN-520600,520600,铜仁市,52,贵州省,地级市,core,2020,2020-12-31,prefecture_whole,official_debt,1328.00,4.40,,64.67,458.69,,548.56,541.35,229.70,229.49,778.26,770.84,99.05,58.05,1191.96,1191.96,14.10,,,未采集,SRC-CITY-PANEL-1990-2023;SRC-PROVINCE-DEBT-GUIZHOU-2020,A1,extracted,true,已从省级财政厅官方地级行政单元债务明细表提取；经济财政字段与债务字段的来源状态分开记录。
CN-522300,522300,黔西南布依族苗族自治州,52,贵州省,自治州,extended,2020,2020-12-31,prefecture_whole,official_debt,,,,,,,381.82,377.36,220.33,217.16,602.15,594.52,98.73,,,,,,,未采集,SRC-PROVINCE-DEBT-GUIZHOU-2020,A1,extracted,true,已从省级财政厅官方地级行政单元债务明细表提取；经济财政字段与债务字段的来源状态分开记录。
CN-522600,522600,黔东南苗族侗族自治州,52,贵州省,自治州,extended,2020,2020-12-31,prefecture_whole,official_debt,,,,,,,355.11,344.04,241.71,237.88,596.82,581.92,97.50,,,,,,,未采集,SRC-PROVINCE-DEBT-GUIZHOU-2020,A1,extracted,true,已从省级财政厅官方地级行政单元债务明细表提取；经济财政字段与债务字段的来源状态分开记录。
CN-522700,522700,黔南布依族苗族自治州,52,贵州省,自治州,extended,2020,2020-12-31,prefecture_whole,official_debt,,,,,,,504.60,494.15,482.42,478.84,987.02,972.99,98.58,,,,,,,未采集,SRC-PROVINCE-DEBT-GUIZHOU-2020,A1,extracted,true,已从省级财政厅官方地级行政单元债务明细表提取；经济财政字段与债务字段的来源状态分开记录。
CN-530100,530100,昆明市,53,云南省,地级市,core,2020,2020-12-31,prefecture_whole,secondary_debt,6734.00,2.30,,650.47,875.05,,,,,,,2100.00,,31.19,322.84,322.84,74.34,,,未采集,SRC-CITY-PANEL-1990-2023;SRC-SECONDARY-RATING-YUNNAN-2019-2021,B2,needs_review,true,已接入评级报告或其他二手公开来源的债务补缺值；不等同于官方决算数据，必须回到财政/人大预算决算或官方债务表复核。
CN-530300,530300,曲靖市,53,云南省,地级市,core,2020,2020-12-31,prefecture_whole,secondary_debt,2959.00,6.60,,155.05,532.24,,,,,,,508.40,,17.18,327.89,327.89,29.13,,,未采集,SRC-CITY-PANEL-1990-2023;SRC-SECONDARY-CEIC-CN-530300,D,needs_review,true,已接入商业数据库公开城市债务页的 provisional 补缺值；经济财政字段与债务字段来源状态分开记录，必须回到官方预算/决算或统计公报复核。
CN-530400,530400,玉溪市,53,云南省,地级市,core,2020,2020-12-31,prefecture_whole,official_debt,2058.00,2.10,,134.53,301.57,,,319.90,,235.40,,555.30,,26.98,412.77,412.77,44.61,,,未采集,SRC-CITY-PANEL-1990-2023;SRC-OFFICIAL-DEBT-YUNNAN-YUXI-2020,A2,extracted,true,已从省级财政厅官方地级行政单元债务明细表提取；经济财政字段与债务字段的来源状态分开记录。
CN-530500,530500,保山市,53,云南省,地级市,core,2020,2020-12-31,prefecture_whole,secondary_debt,1053.00,4.80,,65.54,270.94,,,,,,,390.80,,37.11,596.28,596.28,24.19,,,未采集,SRC-CITY-PANEL-1990-2023;SRC-SECONDARY-CEIC-CN-530500,D,needs_review,true,已接入商业数据库公开城市债务页的 provisional 补缺值；经济财政字段与债务字段来源状态分开记录，必须回到官方预算/决算或统计公报复核。
CN-530600,530600,昭通市,53,云南省,地级市,core,2020,2020-12-31,prefecture_whole,secondary_debt,1289.00,4.20,,85.01,625.92,,,,,,,575.00,,44.61,676.39,676.39,13.58,,,未采集,SRC-CITY-PANEL-1990-2023;SRC-SECONDARY-CEIC-CN-530600,D,needs_review,true,已接入商业数据库公开城市债务页的 provisional 补缺值；经济财政字段与债务字段来源状态分开记录，必须回到官方预算/决算或统计公报复核。
CN-530700,530700,丽江市,53,云南省,地级市,core,2020,2020-12-31,prefecture_whole,secondary_debt,513.00,4.60,,43.15,175.60,,,,,,,223.65,,43.60,518.31,518.31,24.57,,,未采集,SRC-CITY-PANEL-1990-2023;SRC-SECONDARY-DEBT-YUNNAN-LIJIANG-2020,B2,needs_review,true,已接入评级报告或其他二手公开来源的债务补缺值；不等同于官方决算数据，必须回到财政/人大预算决算或官方债务表复核。
CN-530800,530800,普洱市,53,云南省,地级市,core,2020,2020-12-31,prefecture_whole,secondary_debt,945.00,2.50,,51.31,323.55,,,,,,,290.00,,30.69,565.19,565.19,15.86,,,未采集,SRC-CITY-PANEL-1990-2023;SRC-SECONDARY-RATING-YUNNAN-2019-2021,B2,needs_review,true,已接入评级报告或其他二手公开来源的债务补缺值；不等同于官方决算数据，必须回到财政/人大预算决算或官方债务表复核。
CN-530900,530900,临沧市,53,云南省,地级市,core,2020,2020-12-31,prefecture_whole,official_debt,821.00,3.70,,47.92,276.88,,,,,,,399.81,,48.70,834.33,834.33,17.31,,,未采集,SRC-CITY-PANEL-1990-2023;SRC-SECONDARY-DEBT-YUNNAN-LINCANG-2020,A2,extracted,true,已从省级财政厅官方地级行政单元债务明细表提取；经济财政字段与债务字段的来源状态分开记录。
CN-532300,532300,楚雄彝族自治州,53,云南省,自治州,extended,2020,2020-12-31,prefecture_whole,official_debt,,,,,,,,156.40,,172.07,,328.47,,,,,,,,未采集,SRC-OFFICIAL-DEBT-YUNNAN-CHUXIONG-2020,A2,extracted,true,已从省级财政厅官方地级行政单元债务明细表提取；经济财政字段与债务字段的来源状态分开记录。
CN-532500,532500,红河哈尼族彝族自治州,53,云南省,自治州,extended,2020,2020-12-31,prefecture_whole,secondary_debt,,,,,,,,,,,,430.40,,,,,,,,未采集,SRC-SECONDARY-DEBT-GCS66-YUNNAN-HONGHE-2020,B2,needs_review,true,已接入评级报告或其他二手公开来源的债务补缺值；不等同于官方决算数据，必须回到财政/人大预算决算或官方债务表复核。
CN-532600,532600,文山壮族苗族自治州,53,云南省,自治州,extended,2020,2020-12-31,prefecture_whole,secondary_debt,,,,,,,,,,,,410.00,,,,,,,,未采集,SRC-SECONDARY-RATING-YUNNAN-2019-2021,B2,needs_review,true,已接入评级报告或其他二手公开来源的债务补缺值；不等同于官方决算数据，必须回到财政/人大预算决算或官方债务表复核。
CN-532800,532800,西双版纳傣族自治州,53,云南省,自治州,extended,2020,2020-12-31,prefecture_whole,secondary_debt,,,,,,,,53.30,,88.60,,141.90,,,,,,,,未采集,SRC-SECONDARY-DEBT-GCS66-YUNNAN-XISHUANGBANNA-2020,B2,needs_review,true,已接入评级报告或其他二手公开来源的债务补缺值；不等同于官方决算数据，必须回到财政/人大预算决算或官方债务表复核。
CN-532900,532900,大理白族自治州,53,云南省,自治州,extended,2020,2020-12-31,prefecture_whole,secondary_debt,,,,,,,,,,,,456.35,,,,,,,,未采集,SRC-SECONDARY-DEBT-GCS66-YUNNAN-DALI-2020,B2,needs_review,true,已接入评级报告或其他二手公开来源的债务补缺值；不等同于官方决算数据，必须回到财政/人大预算决算或官方债务表复核。
CN-533100,533100,德宏傣族景颇族自治州,53,云南省,自治州,extended,2020,2020-12-31,prefecture_whole,secondary_debt,,,,,,,,,,,,240.00,,,,,,,,未采集,SRC-SECONDARY-RATING-YUNNAN-2019-2021,B2,needs_review,true,已接入评级报告或其他二手公开来源的债务补缺值；不等同于官方决算数据，必须回到财政/人大预算决算或官方债务表复核。
CN-533300,533300,怒江傈僳族自治州,53,云南省,自治州,extended,2020,2020-12-31,prefecture_whole,secondary_debt,,,,,,,,,,,,85.00,,,,,,,,未采集,SRC-SECONDARY-RATING-YUNNAN-2019-2021,B2,needs_review,true,已接入评级报告或其他二手公开来源的债务补缺值；不等同于官方决算数据，必须回到财政/人大预算决算或官方债务表复核。
CN-533400,533400,迪庆藏族自治州,53,云南省,自治州,extended,2020,2020-12-31,prefecture_whole,secondary_debt,,,,,,,,88.50,,17.43,,105.93,,,,,,,,未采集,SRC-SECONDARY-DEBT-GCS66-YUNNAN-DIQING-2020,B2,needs_review,true,已接入评级报告或其他二手公开来源的债务补缺值；不等同于官方决算数据，必须回到财政/人大预算决算或官方债务表复核。
CN-540100,540100,拉萨市,54,西藏自治区,地级市,core,2020,2020-12-31,prefecture_whole,official_debt,678.00,7.80,,107.26,349.66,,,15.29,,48.30,,63.59,,9.38,59.29,59.29,30.68,,,未采集,SRC-CITY-PANEL-1990-2023;SRC-OFFICIAL-DEBT-TIBET-CITIES-2020,A1,extracted,true,已从省级财政厅官方地级行政单元债务明细表提取；经济财政字段与债务字段的来源状态分开记录。
CN-540200,540200,日喀则市,54,西藏自治区,地级市,core,2020,2020-12-31,prefecture_whole,official_debt,322.00,8.00,,15.67,337.84,,,46.78,,12.72,,59.50,,18.48,379.71,379.71,4.64,,,未采集,SRC-CITY-PANEL-1990-2023;SRC-OFFICIAL-DEBT-TIBET-CITIES-2020,A1,extracted,true,已从省级财政厅官方地级行政单元债务明细表提取；经济财政字段与债务字段的来源状态分开记录。
CN-540300,540300,昌都市,54,西藏自治区,地级市,core,2020,2020-12-31,prefecture_whole,official_debt,253.00,7.80,,18.26,274.20,,,55.60,,4.08,,59.68,,23.59,326.83,326.83,6.66,,,未采集,SRC-CITY-PANEL-1990-2023;SRC-OFFICIAL-DEBT-TIBET-CITIES-2020,A1,extracted,true,已从省级财政厅官方地级行政单元债务明细表提取；经济财政字段与债务字段的来源状态分开记录。
CN-540400,540400,林芝市,54,西藏自治区,地级市,core,2020,2020-12-31,prefecture_whole,official_debt,191.00,7.90,,14.30,134.73,,,15.72,,0.16,,15.88,,8.31,111.05,111.05,10.61,,,未采集,SRC-CITY-PANEL-1990-2023;SRC-OFFICIAL-DEBT-TIBET-CITIES-2020,A1,extracted,true,已从省级财政厅官方地级行政单元债务明细表提取；经济财政字段与债务字段的来源状态分开记录。
CN-540500,540500,山南市,54,西藏自治区,地级市,core,2020,2020-12-31,prefecture_whole,official_debt,215.00,7.90,,20.22,218.62,,,7.21,,14.68,,21.89,,10.18,108.26,108.26,9.25,,,未采集,SRC-CITY-PANEL-1990-2023;SRC-OFFICIAL-DEBT-TIBET-CITIES-2020,A1,extracted,true,已从省级财政厅官方地级行政单元债务明细表提取；经济财政字段与债务字段的来源状态分开记录。
CN-540600,540600,那曲市,54,西藏自治区,地级市,core,2020,2020-12-31,prefecture_whole,official_debt,171.00,7.60,,7.53,222.71,,,38.84,,12.97,,51.81,,30.30,688.05,688.05,3.38,,,未采集,SRC-CITY-PANEL-1990-2023;SRC-OFFICIAL-DEBT-TIBET-CITIES-2020,A1,extracted,true,已从省级财政厅官方地级行政单元债务明细表提取；经济财政字段与债务字段的来源状态分开记录。
CN-542500,542500,阿里地区,54,西藏自治区,地区,extended,2020,2020-12-31,prefecture_whole,official_debt,,,,,,,,19.28,,4.00,,23.28,,,,,,,,未采集,SRC-OFFICIAL-DEBT-TIBET-CITIES-2020,A1,extracted,true,已从省级财政厅官方地级行政单元债务明细表提取；经济财政字段与债务字段的来源状态分开记录。
CN-610100,610100,西安市,61,陕西省,地级市,core,2020,2020-12-31,prefecture_whole,official_debt,10020.00,5.20,,724.14,1347.58,,,904.89,,1904.33,,2809.22,,28.04,387.94,387.94,53.74,,,未采集,SRC-CITY-PANEL-1990-2023;SRC-OFFICIAL-DEBT-SHAANXI-XIAN-2020,A2,extracted,true,已从省级财政厅官方地级行政单元债务明细表提取；经济财政字段与债务字段的来源状态分开记录。
CN-610200,610200,铜川市,61,陕西省,地级市,core,2020,2020-12-31,prefecture_whole,secondary_debt,382.00,5.00,,25.01,131.75,,,,,,,162.94,,42.65,651.50,651.50,18.98,,,未采集,SRC-CITY-PANEL-1990-2023;SRC-SECONDARY-CEIC-CN-610200,D,needs_review,true,已接入商业数据库公开城市债务页的 provisional 补缺值；经济财政字段与债务字段来源状态分开记录，必须回到官方预算/决算或统计公报复核。
CN-610300,610300,宝鸡市,61,陕西省,地级市,core,2020,2020-12-31,prefecture_whole,official_debt,2277.00,3.30,,88.93,364.17,,,,,,,261.55,,11.49,294.11,294.11,24.42,,,未采集,SRC-CITY-PANEL-1990-2023;SRC-SECONDARY-DEBT-SHAANXI-BAOJI-2020,A2,extracted,true,已从省级财政厅官方地级行政单元债务明细表提取；经济财政字段与债务字段的来源状态分开记录。
CN-610400,610400,咸阳市,61,陕西省,地级市,core,2020,2020-12-31,prefecture_whole,secondary_debt,2205.00,0.10,,90.73,412.25,,,,,,,268.26,,12.17,295.67,295.67,22.01,,,未采集,SRC-CITY-PANEL-1990-2023;SRC-SECONDARY-DEBT-SHAANXI-XIANYANG-2020,B2,needs_review,true,已接入评级报告或其他二手公开来源的债务补缺值；不等同于官方决算数据，必须回到财政/人大预算决算或官方债务表复核。
CN-610500,610500,渭南市,61,陕西省,地级市,core,2020,2020-12-31,prefecture_whole,official_debt,1866.00,0.20,,76.03,483.79,,,229.94,,177.55,,407.49,,21.84,535.96,535.96,15.72,,,未采集,SRC-CITY-PANEL-1990-2023;SRC-OFFICIAL-DEBT-SHAANXI-WEINAN-2020,A2,extracted,true,已从省级财政厅官方地级行政单元债务明细表提取；经济财政字段与债务字段的来源状态分开记录。
CN-610600,610600,延安市,61,陕西省,地级市,core,2020,2020-12-31,prefecture_whole,secondary_debt,1601.00,-0.80,,163.84,456.81,,,,,,,498.11,,31.11,304.02,304.02,35.87,,,未采集,SRC-CITY-PANEL-1990-2023;SRC-SECONDARY-DEBT-SHAANXI-YANAN-2020,B2,needs_review,true,已接入评级报告或其他二手公开来源的债务补缺值；不等同于官方决算数据，必须回到财政/人大预算决算或官方债务表复核。
CN-610700,610700,汉中市,61,陕西省,地级市,core,2020,2020-12-31,prefecture_whole,secondary_debt,1593.00,0.90,,49.18,371.38,,,,,,,324.97,,20.40,660.78,660.78,13.24,,,未采集,SRC-CITY-PANEL-1990-2023;SRC-SECONDARY-DEBT-SHAANXI-HANZHONG-2020,B2,needs_review,true,已接入评级报告或其他二手公开来源的债务补缺值；不等同于官方决算数据，必须回到财政/人大预算决算或官方债务表复核。
CN-610800,610800,榆林市,61,陕西省,地级市,core,2020,2020-12-31,prefecture_whole,secondary_debt,4090.00,4.50,,406.24,702.47,,,,,,,496.04,,12.13,122.11,122.11,57.83,,,未采集,SRC-CITY-PANEL-1990-2023;SRC-SECONDARY-CEIC-CN-610800,D,needs_review,true,已接入商业数据库公开城市债务页的 provisional 补缺值；经济财政字段与债务字段来源状态分开记录，必须回到官方预算/决算或统计公报复核。
CN-610900,610900,安康市,61,陕西省,地级市,core,2020,2020-12-31,prefecture_whole,secondary_debt,1089.00,-9.10,,28.37,392.06,,,,,,,430.59,,39.54,1517.77,1517.77,7.24,,,未采集,SRC-CITY-PANEL-1990-2023;SRC-SECONDARY-CEIC-CN-610900,D,needs_review,true,已接入商业数据库公开城市债务页的 provisional 补缺值；经济财政字段与债务字段来源状态分开记录，必须回到官方预算/决算或统计公报复核。
CN-611000,611000,商洛市,61,陕西省,地级市,core,2020,2020-12-31,prefecture_whole,official_debt,739.00,-11.20,,20.85,289.72,,,237.15,,50.80,,287.95,,38.96,1381.06,1381.06,7.20,,,未采集,SRC-CITY-PANEL-1990-2023;SRC-OFFICIAL-DEBT-SHAANXI-SHANGLUO-2020,A2,extracted,true,已从省级财政厅官方地级行政单元债务明细表提取；经济财政字段与债务字段的来源状态分开记录。
CN-620100,620100,兰州市,62,甘肃省,地级市,core,2020,2020-12-31,prefecture_whole,secondary_debt,2887.00,2.40,,247.13,486.24,,,,,,,645.60,,22.36,261.24,261.24,50.82,,,未采集,SRC-CITY-PANEL-1990-2023;SRC-SECONDARY-CEIC-CN-620100,D,needs_review,true,已接入商业数据库公开城市债务页的 provisional 补缺值；经济财政字段与债务字段来源状态分开记录，必须回到官方预算/决算或统计公报复核。
CN-620200,620200,嘉峪关市,62,甘肃省,地级市,core,2020,2020-12-31,prefecture_whole,secondary_debt,282.00,4.30,,18.18,28.93,,,,,,,47.75,,16.93,262.65,262.65,62.84,,,未采集,SRC-CITY-PANEL-1990-2023;SRC-SECONDARY-CEIC-CN-620200,D,needs_review,true,已接入商业数据库公开城市债务页的 provisional 补缺值；经济财政字段与债务字段来源状态分开记录，必须回到官方预算/决算或统计公报复核。
CN-620300,620300,金昌市,62,甘肃省,地级市,core,2020,2020-12-31,prefecture_whole,secondary_debt,358.00,8.70,,22.47,60.96,,,,,,,68.31,,19.08,304.01,304.01,36.86,,,未采集,SRC-CITY-PANEL-1990-2023;SRC-SECONDARY-DEBT-GANSU-JINCHANG-2020,B2,needs_review,true,已接入评级报告或其他二手公开来源的债务补缺值；不等同于官方决算数据，必须回到财政/人大预算决算或官方债务表复核。
CN-620400,620400,白银市,62,甘肃省,地级市,core,2020,2020-12-31,prefecture_whole,secondary_debt,497.00,2.80,,33.38,201.78,,,,,,,194.78,,39.19,583.52,583.52,16.54,,,未采集,SRC-CITY-PANEL-1990-2023;SRC-SECONDARY-CEIC-CN-620400,D,needs_review,true,已接入商业数据库公开城市债务页的 provisional 补缺值；经济财政字段与债务字段来源状态分开记录，必须回到官方预算/决算或统计公报复核。
CN-620500,620500,天水市,62,甘肃省,地级市,core,2020,2020-12-31,prefecture_whole,official_debt,667.00,5.20,,53.91,351.93,,,65.26,,99.38,,164.64,,24.68,305.40,305.40,15.32,,,未采集,SRC-CITY-PANEL-1990-2023;SRC-OFFICIAL-DEBT-GANSU-TIANSHUI-2020,A2,extracted,true,已从省级财政厅官方地级行政单元债务明细表提取；经济财政字段与债务字段的来源状态分开记录。
CN-620600,620600,武威市,62,甘肃省,地级市,core,2020,2020-12-31,prefecture_whole,secondary_debt,526.00,4.28,,32.00,217.05,,,,,,,157.71,,29.98,492.84,492.84,14.74,,,未采集,SRC-CITY-PANEL-1990-2023;SRC-SECONDARY-CEIC-CN-620600,D,needs_review,true,已接入商业数据库公开城市债务页的 provisional 补缺值；经济财政字段与债务字段来源状态分开记录，必须回到官方预算/决算或统计公报复核。
CN-620700,620700,张掖市,62,甘肃省,地级市,core,2020,2020-12-31,prefecture_whole,secondary_debt,467.00,3.60,,26.95,179.58,,,,,,,178.92,,38.31,663.90,663.90,15.01,,,未采集,SRC-CITY-PANEL-1990-2023;SRC-SECONDARY-CEIC-CN-620700,D,needs_review,true,已接入商业数据库公开城市债务页的 provisional 补缺值；经济财政字段与债务字段来源状态分开记录，必须回到官方预算/决算或统计公报复核。
CN-620800,620800,平凉市,62,甘肃省,地级市,core,2020,2020-12-31,prefecture_whole,secondary_debt,476.00,3.50,,32.83,242.55,,,,,,,168.30,,35.36,512.64,512.64,13.54,,,未采集,SRC-CITY-PANEL-1990-2023;SRC-SECONDARY-RATING-GANSU-2020-2022,B2,needs_review,true,已接入评级报告或其他二手公开来源的债务补缺值；不等同于官方决算数据，必须回到财政/人大预算决算或官方债务表复核。
CN-620900,620900,酒泉市,62,甘肃省,地级市,core,2020,2020-12-31,prefecture_whole,secondary_debt,658.00,6.30,,36.17,155.44,,,,,,,137.80,,20.94,380.98,380.98,23.27,,,未采集,SRC-CITY-PANEL-1990-2023;SRC-SECONDARY-RATING-GANSU-2020-2022,B2,needs_review,true,已接入评级报告或其他二手公开来源的债务补缺值；不等同于官方决算数据，必须回到财政/人大预算决算或官方债务表复核。
CN-621000,621000,庆阳市,62,甘肃省,地级市,core,2020,2020-12-31,prefecture_whole,official_debt,755.00,4.30,,54.53,300.89,,,139.93,,108.87,,248.80,,32.95,456.26,456.26,18.12,,,未采集,SRC-CITY-PANEL-1990-2023;SRC-OFFICIAL-DEBT-GANSU-QINGYANG-2020,A1,extracted,true,已从省级财政厅官方地级行政单元债务明细表提取；经济财政字段与债务字段的来源状态分开记录。
CN-621100,621100,定西市,62,甘肃省,地级市,core,2020,2020-12-31,prefecture_whole,secondary_debt,441.00,4.40,,25.67,288.75,,,,,,,175.68,,39.84,684.38,684.38,8.89,,,未采集,SRC-CITY-PANEL-1990-2023;SRC-SECONDARY-CEIC-CN-621100,D,needs_review,true,已接入商业数据库公开城市债务页的 provisional 补缺值；经济财政字段与债务字段来源状态分开记录，必须回到官方预算/决算或统计公报复核。
CN-621200,621200,陇南市,62,甘肃省,地级市,core,2020,2020-12-31,prefecture_whole,secondary_debt,452.00,2.90,,23.20,334.98,,,,,,,145.87,,32.27,628.75,628.75,6.93,,,未采集,SRC-CITY-PANEL-1990-2023;SRC-SECONDARY-DEBT-GANSU-LONGNAN-2020,B2,needs_review,true,已接入评级报告或其他二手公开来源的债务补缺值；不等同于官方决算数据，必须回到财政/人大预算决算或官方债务表复核。
CN-622900,622900,临夏回族自治州,62,甘肃省,自治州,extended,2020,2020-12-31,prefecture_whole,secondary_debt,,,,,,,,,,,,168.30,,,,,,,,未采集,SRC-SECONDARY-RATING-GANSU-2020-2022,B2,needs_review,true,已接入评级报告或其他二手公开来源的债务补缺值；不等同于官方决算数据，必须回到财政/人大预算决算或官方债务表复核。
CN-623000,623000,甘南藏族自治州,62,甘肃省,自治州,extended,2020,2020-12-31,prefecture_whole,secondary_debt,,,,,,,,,,,,92.10,,,,,,,,未采集,SRC-SECONDARY-RATING-GANSU-2020-2022,B2,needs_review,true,已接入评级报告或其他二手公开来源的债务补缺值；不等同于官方决算数据，必须回到财政/人大预算决算或官方债务表复核。
CN-630100,630100,西宁市,63,青海省,地级市,core,2020,2020-12-31,prefecture_whole,official_debt,1373.00,1.80,,133.51,329.51,,220.63,189.81,235.85,217.88,456.48,407.69,89.31,29.69,305.36,305.36,40.52,,,未采集,SRC-CITY-PANEL-1990-2023;SRC-PROVINCE-DEBT-QINGHAI-2020,A1,extracted,true,已从省级财政厅官方地级行政单元债务明细表提取；经济财政字段与债务字段的来源状态分开记录。
CN-630200,630200,海东市,63,青海省,地级市,core,2020,2020-12-31,prefecture_whole,official_debt,514.00,4.70,,26.92,234.21,,126.59,96.94,120.50,81.64,247.09,178.58,72.27,34.74,663.37,663.37,11.49,,,未采集,SRC-CITY-PANEL-1990-2023;SRC-PROVINCE-DEBT-QINGHAI-2020,A1,extracted,true,已从省级财政厅官方地级行政单元债务明细表提取；经济财政字段与债务字段的来源状态分开记录。
CN-632200,632200,海北藏族自治州,63,青海省,自治州,extended,2020,2020-12-31,prefecture_whole,official_debt,,,,,,,23.86,22.29,9.70,9.70,33.56,31.99,95.32,,,,,,,未采集,SRC-PROVINCE-DEBT-QINGHAI-2020,A1,extracted,true,已从省级财政厅官方地级行政单元债务明细表提取；经济财政字段与债务字段的来源状态分开记录。
CN-632300,632300,黄南藏族自治州,63,青海省,自治州,extended,2020,2020-12-31,prefecture_whole,official_debt,,,,,,,20.63,19.26,12.10,12.10,32.73,31.36,95.81,,,,,,,未采集,SRC-PROVINCE-DEBT-QINGHAI-2020,A1,extracted,true,已从省级财政厅官方地级行政单元债务明细表提取；经济财政字段与债务字段的来源状态分开记录。
CN-632500,632500,海南藏族自治州,63,青海省,自治州,extended,2020,2020-12-31,prefecture_whole,official_debt,,,,,,,28.15,21.10,10.00,5.03,38.15,26.13,68.49,,,,,,,未采集,SRC-CITY-PANEL-1990-2023;SRC-PROVINCE-DEBT-QINGHAI-2020,A1,extracted,true,已从省级财政厅官方地级行政单元债务明细表提取；经济财政字段与债务字段的来源状态分开记录。
CN-632600,632600,果洛藏族自治州,63,青海省,自治州,extended,2020,2020-12-31,prefecture_whole,official_debt,,,,,,,13.29,12.05,6.40,6.40,19.69,18.45,93.70,,,,,,,未采集,SRC-PROVINCE-DEBT-QINGHAI-2020,A1,extracted,true,已从省级财政厅官方地级行政单元债务明细表提取；经济财政字段与债务字段的来源状态分开记录。
CN-632700,632700,玉树藏族自治州,63,青海省,自治州,extended,2020,2020-12-31,prefecture_whole,official_debt,,,,,,,15.68,15.51,1.00,1.00,16.68,16.51,98.98,,,,,,,未采集,SRC-PROVINCE-DEBT-QINGHAI-2020,A1,extracted,true,已从省级财政厅官方地级行政单元债务明细表提取；经济财政字段与债务字段的来源状态分开记录。
CN-632800,632800,海西蒙古族藏族自治州,63,青海省,自治州,extended,2020,2020-12-31,prefecture_whole,official_debt,,,,,,,150.00,111.01,72.51,62.61,222.51,173.62,78.03,,,,,,,未采集,SRC-PROVINCE-DEBT-QINGHAI-2020,A1,extracted,true,已从省级财政厅官方地级行政单元债务明细表提取；经济财政字段与债务字段的来源状态分开记录。
CN-640100,640100,银川市,64,宁夏回族自治区,地级市,core,2020,2020-12-31,prefecture_whole,official_debt,1964.00,3.20,,157.26,332.36,,238.68,188.87,131.66,118.80,370.34,307.67,83.08,15.67,195.64,195.64,47.32,,,未采集,SRC-CITY-PANEL-1990-2023;SRC-PROVINCE-DEBT-NINGXIA-2020,A1,extracted,true,已从省级财政厅官方地级行政单元债务明细表提取；经济财政字段与债务字段的来源状态分开记录。
CN-640200,640200,石嘴山市,64,宁夏回族自治区,地级市,core,2020,2020-12-31,prefecture_whole,official_debt,542.00,6.00,,21.79,121.35,,79.68,68.92,12.96,11.71,92.64,80.62,87.03,14.87,369.99,369.99,17.96,,,未采集,SRC-CITY-PANEL-1990-2023;SRC-PROVINCE-DEBT-NINGXIA-2020,A1,extracted,true,已从省级财政厅官方地级行政单元债务明细表提取；经济财政字段与债务字段的来源状态分开记录。
CN-640300,640300,吴忠市,64,宁夏回族自治区,地级市,core,2020,2020-12-31,prefecture_whole,official_debt,622.00,6.20,,35.63,232.78,,83.18,74.21,39.64,32.90,122.82,107.10,87.20,17.22,300.59,300.59,15.31,,,未采集,SRC-CITY-PANEL-1990-2023;SRC-PROVINCE-DEBT-NINGXIA-2020,A1,extracted,true,已从省级财政厅官方地级行政单元债务明细表提取；经济财政字段与债务字段的来源状态分开记录。
CN-640400,640400,固原市,64,宁夏回族自治区,地级市,core,2020,2020-12-31,prefecture_whole,official_debt,352.00,5.60,,14.49,253.64,,68.31,63.84,21.19,14.90,89.50,78.75,87.99,22.37,543.48,543.48,5.71,,,未采集,SRC-CITY-PANEL-1990-2023;SRC-PROVINCE-DEBT-NINGXIA-2020,A1,extracted,true,已从省级财政厅官方地级行政单元债务明细表提取；经济财政字段与债务字段的来源状态分开记录。
CN-640500,640500,中卫市,64,宁夏回族自治区,地级市,core,2020,2020-12-31,prefecture_whole,official_debt,440.00,0.30,,20.86,181.68,,92.11,79.45,18.09,15.57,110.20,95.02,86.23,21.60,455.51,455.51,11.48,,,未采集,SRC-CITY-PANEL-1990-2023;SRC-PROVINCE-DEBT-NINGXIA-2020,A1,extracted,true,已从省级财政厅官方地级行政单元债务明细表提取；经济财政字段与债务字段的来源状态分开记录。
CN-650100,650100,乌鲁木齐市,65,新疆维吾尔自治区,地级市,core,2020,2020-12-31,prefecture_whole,official_debt,3337.00,0.30,,392.64,536.87,,480.17,405.54,900.40,783.40,1380.57,1188.94,86.12,35.63,302.81,302.81,73.14,,,未采集,SRC-CITY-PANEL-1990-2023;SRC-OFFICIAL-DEBT-XINJIANG-URUMQI-2020,A2,extracted,true,已从省级财政厅官方地级行政单元债务明细表提取；经济财政字段与债务字段的来源状态分开记录。
CN-650200,650200,克拉玛依市,65,新疆维吾尔自治区,地级市,core,2020,2020-12-31,prefecture_whole,official_debt,887.00,2.30,,79.29,111.79,,,161.84,,66.50,,228.34,,25.74,287.98,287.98,70.93,,,未采集,SRC-CITY-PANEL-1990-2023;SRC-OFFICIAL-DEBT-XINJIANG-KARAMAY-2020,A2,extracted,true,已从省级财政厅官方地级行政单元债务明细表提取；经济财政字段与债务字段的来源状态分开记录。
CN-650400,650400,吐鲁番市,65,新疆维吾尔自治区,地级市,core,2020,2020-12-31,prefecture_whole,official_debt,373.00,3.02,,47.10,111.16,,,70.11,,84.99,,155.10,,41.58,329.30,329.30,42.37,,,未采集,SRC-CITY-PANEL-1990-2023;SRC-OFFICIAL-DEBT-XINJIANG-TURPAN-2020,A2,extracted,true,已从省级财政厅官方地级行政单元债务明细表提取；经济财政字段与债务字段的来源状态分开记录。
CN-650500,650500,哈密市,65,新疆维吾尔自治区,地级市,core,2020,2020-12-31,prefecture_whole,secondary_debt,608.00,4.68,,49.35,131.40,,,,,,,191.54,,31.50,388.13,388.13,37.56,,,未采集,SRC-CITY-PANEL-1990-2023;SRC-SECONDARY-DEBT-XINJIANG-HAMI-2020,B2,needs_review,true,已接入评级报告或其他二手公开来源的债务补缺值；不等同于官方决算数据，必须回到财政/人大预算决算或官方债务表复核。
CN-652300,652300,昌吉回族自治州,65,新疆维吾尔自治区,自治州,extended,2020,2020-12-31,prefecture_whole,secondary_debt,,,,,,,,182.68,,162.12,,344.80,,,,,,,,未采集,SRC-SECONDARY-DEBT-XINJIANG-CHANGJI-2020,B2,needs_review,true,已接入评级报告或其他二手公开来源的债务补缺值；不等同于官方决算数据，必须回到财政/人大预算决算或官方债务表复核。
CN-652700,652700,博尔塔拉蒙古自治州,65,新疆维吾尔自治区,自治州,extended,2020,2020-12-31,prefecture_whole,secondary_debt,,,,,,,,,,,,200.84,,,,,,,,未采集,SRC-SECONDARY-DEBT-XINJIANG-BORTALA-2020,B2,needs_review,true,已接入评级报告或其他二手公开来源的债务补缺值；不等同于官方决算数据，必须回到财政/人大预算决算或官方债务表复核。
CN-652800,652800,巴音郭楞蒙古自治州,65,新疆维吾尔自治区,自治州,extended,2020,2020-12-31,prefecture_whole,official_debt,,,,,,,,157.96,,177.58,,335.54,,,,,,,,未采集,SRC-OFFICIAL-DEBT-XINJIANG-BAYINGOLIN-2020,A2,extracted,true,已从省级财政厅官方地级行政单元债务明细表提取；经济财政字段与债务字段的来源状态分开记录。
CN-652900,652900,阿克苏地区,65,新疆维吾尔自治区,地区,extended,2020,2020-12-31,prefecture_whole,secondary_debt,,,,,,,,195.65,,114.90,,310.55,,,,,,,,未采集,SRC-SECONDARY-DEBT-XINJIANG-AKSU-2020,B2,needs_review,true,已接入评级报告或其他二手公开来源的债务补缺值；不等同于官方决算数据，必须回到财政/人大预算决算或官方债务表复核。
CN-653000,653000,克孜勒苏柯尔克孜自治州,65,新疆维吾尔自治区,自治州,extended,2020,2020-12-31,prefecture_whole,official_debt,,,,,,,,,,,,131.55,,,,,,,,未采集,SRC-OFFICIAL-DEBT-XINJIANG-KIZILSU-2020,A2,extracted,true,已从省级财政厅官方地级行政单元债务明细表提取；经济财政字段与债务字段的来源状态分开记录。
CN-653100,653100,喀什地区,65,新疆维吾尔自治区,地区,extended,2020,2020-12-31,prefecture_whole,official_debt,,,,,,,,228.93,,91.02,,319.95,,,,,,,,未采集,SRC-OFFICIAL-DEBT-XINJIANG-KASHGAR-2020,A2,extracted,true,已从省级财政厅官方地级行政单元债务明细表提取；经济财政字段与债务字段的来源状态分开记录。
CN-653200,653200,和田地区,65,新疆维吾尔自治区,地区,extended,2020,2020-12-31,prefecture_whole,secondary_debt,,,,,,,,,,,,258.96,,,,,,,,未采集,SRC-SECONDARY-DEBT-XINJIANG-HOTAN-2020,B2,needs_review,true,已接入评级报告或其他二手公开来源的债务补缺值；不等同于官方决算数据，必须回到财政/人大预算决算或官方债务表复核。
CN-654000,654000,伊犁哈萨克自治州,65,新疆维吾尔自治区,自治州,extended,2020,2020-12-31,prefecture_whole,official_debt,,,,,,,,206.30,,152.63,,358.93,,,,,,,,未采集,SRC-OFFICIAL-DEBT-XINJIANG-ILI-2020,A2,extracted,true,已从省级财政厅官方地级行政单元债务明细表提取；经济财政字段与债务字段的来源状态分开记录。
CN-654200,654200,塔城地区,65,新疆维吾尔自治区,地区,extended,2020,2020-12-31,prefecture_whole,secondary_debt,,,,,,,,,,,,219.65,,,,,,,,未采集,SRC-SECONDARY-DEBT-XINJIANG-TACHENG-2020,B2,needs_review,true,已接入评级报告或其他二手公开来源的债务补缺值；不等同于官方决算数据，必须回到财政/人大预算决算或官方债务表复核。
CN-654300,654300,阿勒泰地区,65,新疆维吾尔自治区,地区,extended,2020,2020-12-31,prefecture_whole,official_debt,,,,,,,,,,,,204.61,,,,,,,,未采集,SRC-OFFICIAL-DEBT-XINJIANG-ALTAY-2020,A1,extracted,true,已从省级财政厅官方地级行政单元债务明细表提取；经济财政字段与债务字段的来源状态分开记录。
CN-659000,659000,自治区直辖县级行政区划,65,新疆维吾尔自治区,地级市,core,2020,2020-12-31,prefecture_whole,official_platform_debt,,,,,,,,180.00,,328.00,,508.00,,,,,,,,未采集,SRC-OFFICIAL-PLATFORM-DEBT-XINJIANG-BINGTUAN-2020,B2,needs_review,true,已接入评级报告或其他二手公开来源的债务补缺值；不等同于官方决算数据，必须回到财政/人大预算决算或官方债务表复核。
CN-110000,110000,北京市,11,北京市,直辖市,separate,2021,2021-12-31,prefecture_whole,official_debt,40270.00,8.50,,5932.31,7205.12,,,2453.33,,6317.35,,8770.68,,21.78,147.85,147.85,82.33,,,未采集,SRC-CITY-PANEL-1990-2023;SRC-CELMA-DEBT-BEIJING-2021,A2,extracted,true,已从省级财政厅官方地级行政单元债务明细表提取；经济财政字段与债务字段的来源状态分开记录。
CN-120000,120000,天津市,12,天津市,直辖市,separate,2021,2021-12-31,prefecture_whole,official_debt,15695.00,6.60,,2141.06,3152.55,,1951.80,1941.80,6030.30,5940.20,7982.10,7882.00,98.75,50.22,368.14,368.14,67.92,,,未采集,SRC-CITY-PANEL-1990-2023;SRC-PROVINCE-DEBT-TIANJIN-2021,A1,extracted,true,已从省级财政厅官方地级行政单元债务明细表提取；经济财政字段与债务字段的来源状态分开记录。
CN-130100,130100,石家庄市,13,河北省,地级市,core,2021,2021-12-31,prefecture_whole,secondary_debt,6490.00,6.58,,681.36,1152.74,,878.75,735.48,1072.99,991.41,1951.75,1726.89,88.48,26.61,253.45,253.45,59.11,,,未采集,SRC-CITY-PANEL-1990-2023;SRC-PROVINCE-DEBT-HEBEI-2021,B2,needs_review,true,已接入评级报告或其他二手公开来源的债务补缺值；不等同于官方决算数据，必须回到财政/人大预算决算或官方债务表复核。
CN-130200,130200,唐山市,13,河北省,地级市,core,2021,2021-12-31,prefecture_whole,secondary_debt,8231.00,6.70,,552.71,921.46,,1241.02,1001.64,1094.70,1026.03,2335.72,2027.67,86.81,24.63,366.86,366.86,59.98,,,未采集,SRC-CITY-PANEL-1990-2023;SRC-PROVINCE-DEBT-HEBEI-2021,B2,needs_review,true,已接入评级报告或其他二手公开来源的债务补缺值；不等同于官方决算数据，必须回到财政/人大预算决算或官方债务表复核。
CN-130300,130300,秦皇岛市,13,河北省,地级市,core,2021,2021-12-31,prefecture_whole,secondary_debt,1844.00,6.80,,172.22,310.91,,430.87,349.89,296.30,264.32,727.17,614.20,84.46,33.31,356.64,356.64,55.39,,,未采集,SRC-CITY-PANEL-1990-2023;SRC-PROVINCE-DEBT-HEBEI-2021,B2,needs_review,true,已接入评级报告或其他二手公开来源的债务补缺值；不等同于官方决算数据，必须回到财政/人大预算决算或官方债务表复核。
CN-130400,130400,邯郸市,13,河北省,地级市,core,2021,2021-12-31,prefecture_whole,secondary_debt,4115.00,6.90,,314.07,750.41,,585.93,477.87,610.48,509.99,1196.41,987.86,82.57,24.01,314.53,314.53,41.85,,,未采集,SRC-CITY-PANEL-1990-2023;SRC-PROVINCE-DEBT-HEBEI-2021,B2,needs_review,true,已接入评级报告或其他二手公开来源的债务补缺值；不等同于官方决算数据，必须回到财政/人大预算决算或官方债务表复核。
CN-130500,130500,邢台市,13,河北省,地级市,core,2021,2021-12-31,prefecture_whole,secondary_debt,2427.00,6.15,,190.73,573.04,,321.58,267.88,577.13,524.08,898.71,791.96,88.12,32.63,415.23,415.23,33.28,,,未采集,SRC-CITY-PANEL-1990-2023;SRC-PROVINCE-DEBT-HEBEI-2021,B2,needs_review,true,已接入评级报告或其他二手公开来源的债务补缺值；不等同于官方决算数据，必须回到财政/人大预算决算或官方债务表复核。
CN-130600,130600,保定市,13,河北省,地级市,core,2021,2021-12-31,prefecture_whole,secondary_debt,4402.00,7.83,,383.74,1272.71,,289.70,254.99,766.29,670.96,1055.99,925.95,87.69,21.03,241.30,241.30,30.15,,,未采集,SRC-CITY-PANEL-1990-2023;SRC-PROVINCE-DEBT-HEBEI-2021,B2,needs_review,true,已接入评级报告或其他二手公开来源的债务补缺值；不等同于官方决算数据，必须回到财政/人大预算决算或官方债务表复核。
CN-130700,130700,张家口市,13,河北省,地级市,core,2021,2021-12-31,prefecture_whole,secondary_debt,1728.00,6.25,,186.37,535.33,,462.35,387.67,517.72,490.14,980.07,877.82,89.57,50.80,471.01,471.01,34.81,,,未采集,SRC-CITY-PANEL-1990-2023;SRC-PROVINCE-DEBT-HEBEI-2021,B2,needs_review,true,已接入评级报告或其他二手公开来源的债务补缺值；不等同于官方决算数据，必须回到财政/人大预算决算或官方债务表复核。
CN-130800,130800,承德市,13,河北省,地级市,core,2021,2021-12-31,prefecture_whole,secondary_debt,1697.00,6.05,,126.01,421.17,,442.39,384.20,311.63,264.57,754.02,648.77,86.04,38.23,514.86,514.86,29.92,,,未采集,SRC-CITY-PANEL-1990-2023;SRC-PROVINCE-DEBT-HEBEI-2021,B2,needs_review,true,已接入评级报告或其他二手公开来源的债务补缺值；不等同于官方决算数据，必须回到财政/人大预算决算或官方债务表复核。
CN-130900,130900,沧州市,13,河北省,地级市,core,2021,2021-12-31,prefecture_whole,secondary_debt,4163.00,7.00,,299.64,668.77,,318.75,262.42,440.83,398.81,759.58,661.24,87.05,15.88,220.68,220.68,44.80,,,未采集,SRC-CITY-PANEL-1990-2023;SRC-PROVINCE-DEBT-HEBEI-2021,B2,needs_review,true,已接入评级报告或其他二手公开来源的债务补缺值；不等同于官方决算数据，必须回到财政/人大预算决算或官方债务表复核。
CN-131000,131000,廊坊市,13,河北省,地级市,core,2021,2021-12-31,prefecture_whole,secondary_debt,3553.00,6.55,,390.52,642.49,,244.92,193.86,544.64,483.26,789.56,677.12,85.76,19.06,173.39,173.39,60.78,,,未采集,SRC-CITY-PANEL-1990-2023;SRC-PROVINCE-DEBT-HEBEI-2021,B2,needs_review,true,已接入评级报告或其他二手公开来源的债务补缺值；不等同于官方决算数据，必须回到财政/人大预算决算或官方债务表复核。
CN-131100,131100,衡水市,13,河北省,地级市,core,2021,2021-12-31,prefecture_whole,secondary_debt,1703.00,6.80,,136.64,395.41,,186.58,167.25,325.61,301.87,512.18,469.12,91.59,27.55,343.33,343.33,34.56,,,未采集,SRC-CITY-PANEL-1990-2023;SRC-PROVINCE-DEBT-HEBEI-2021,B2,needs_review,true,已接入评级报告或其他二手公开来源的债务补缺值；不等同于官方决算数据，必须回到财政/人大预算决算或官方债务表复核。
CN-140100,140100,太原市,14,山西省,地级市,core,2021,2021-12-31,prefecture_whole,secondary_debt,5122.00,9.20,,423.44,628.99,,,,,,,799.12,,15.60,188.72,188.72,67.32,,,未采集,SRC-CITY-PANEL-1990-2023;SRC-SECONDARY-RATING-SHANXI-2019-2021,B2,needs_review,true,已接入评级报告或其他二手公开来源的债务补缺值；不等同于官方决算数据，必须回到财政/人大预算决算或官方债务表复核。
CN-140200,140200,大同市,14,山西省,地级市,core,2021,2021-12-31,prefecture_whole,secondary_debt,1686.00,7.50,,166.73,374.18,,,,,,,456.19,,27.06,273.61,273.61,44.56,,,未采集,SRC-CITY-PANEL-1990-2023;SRC-SECONDARY-RATING-SHANXI-2019-2021,B2,needs_review,true,已接入评级报告或其他二手公开来源的债务补缺值；不等同于官方决算数据，必须回到财政/人大预算决算或官方债务表复核。
CN-140300,140300,阳泉市,14,山西省,地级市,core,2021,2021-12-31,prefecture_whole,secondary_debt,917.00,6.75,,56.19,127.89,,,,,,,258.30,,28.17,459.69,459.69,43.94,,,未采集,SRC-CITY-PANEL-1990-2023;SRC-SECONDARY-RATING-SHANXI-2019-2021,B2,needs_review,true,已接入评级报告或其他二手公开来源的债务补缺值；不等同于官方决算数据，必须回到财政/人大预算决算或官方债务表复核。
CN-140400,140400,长治市,14,山西省,地级市,core,2021,2021-12-31,prefecture_whole,secondary_debt,2311.00,11.00,,224.06,388.15,,,,,,,301.48,,13.05,134.55,134.55,57.73,,,未采集,SRC-CITY-PANEL-1990-2023;SRC-SECONDARY-RATING-SHANXI-2019-2021,B2,needs_review,true,已接入评级报告或其他二手公开来源的债务补缺值；不等同于官方决算数据，必须回到财政/人大预算决算或官方债务表复核。
CN-140500,140500,晋城市,14,山西省,地级市,core,2021,2021-12-31,prefecture_whole,secondary_debt,1912.00,11.60,,201.30,292.13,,,,,,,241.70,,12.64,120.07,120.07,68.91,,,未采集,SRC-CITY-PANEL-1990-2023;SRC-SECONDARY-RATING-SHANXI-2019-2021,B2,needs_review,true,已接入评级报告或其他二手公开来源的债务补缺值；不等同于官方决算数据，必须回到财政/人大预算决算或官方债务表复核。
CN-140600,140600,朔州市,14,山西省,地级市,core,2021,2021-12-31,prefecture_whole,secondary_debt,1421.00,9.80,,116.29,207.41,,,,,,,213.30,,15.01,183.42,183.42,56.07,,,未采集,SRC-CITY-PANEL-1990-2023;SRC-SECONDARY-RATING-SHANXI-2019-2021,B2,needs_review,true,已接入评级报告或其他二手公开来源的债务补缺值；不等同于官方决算数据，必须回到财政/人大预算决算或官方债务表复核。
CN-140700,140700,晋中市,14,山西省,地级市,core,2021,2021-12-31,prefecture_whole,secondary_debt,1844.00,6.80,,171.07,366.82,,,,,,,468.17,,25.39,273.67,273.67,46.64,,,未采集,SRC-CITY-PANEL-1990-2023;SRC-SECONDARY-RATING-SHANXI-2019-2021,B2,needs_review,true,已接入评级报告或其他二手公开来源的债务补缺值；不等同于官方决算数据，必须回到财政/人大预算决算或官方债务表复核。
CN-140800,140800,运城市,14,山西省,地级市,core,2021,2021-12-31,prefecture_whole,secondary_debt,2053.00,9.10,,105.16,398.82,,,,,,,292.44,,14.24,278.09,278.09,26.37,,,未采集,SRC-CITY-PANEL-1990-2023;SRC-SECONDARY-RATING-SHANXI-2019-2021,B2,needs_review,true,已接入评级报告或其他二手公开来源的债务补缺值；不等同于官方决算数据，必须回到财政/人大预算决算或官方债务表复核。
CN-140900,140900,忻州市,14,山西省,地级市,core,2021,2021-12-31,prefecture_whole,secondary_debt,1344.00,10.60,,117.94,393.55,,,,,,,359.50,,26.75,304.82,304.82,29.97,,,未采集,SRC-CITY-PANEL-1990-2023;SRC-SECONDARY-RATING-SHANXI-2019-2021,B2,needs_review,true,已接入评级报告或其他二手公开来源的债务补缺值；不等同于官方决算数据，必须回到财政/人大预算决算或官方债务表复核。
CN-141000,141000,临汾市,14,山西省,地级市,core,2021,2021-12-31,prefecture_whole,secondary_debt,1909.00,8.46,,159.89,411.87,,,,,,,453.72,,23.77,283.77,283.77,38.82,,,未采集,SRC-CITY-PANEL-1990-2023;SRC-SECONDARY-RATING-SHANXI-2019-2021,B2,needs_review,true,已接入评级报告或其他二手公开来源的债务补缺值；不等同于官方决算数据，必须回到财政/人大预算决算或官方债务表复核。
CN-141100,141100,吕梁市,14,山西省,地级市,core,2021,2021-12-31,prefecture_whole,secondary_debt,2071.00,9.20,,231.78,406.70,,,,,,,403.40,,19.48,174.04,174.04,56.99,,,未采集,SRC-CITY-PANEL-1990-2023;SRC-SECONDARY-RATING-SHANXI-2019-2021,B2,needs_review,true,已接入评级报告或其他二手公开来源的债务补缺值；不等同于官方决算数据，必须回到财政/人大预算决算或官方债务表复核。
CN-150100,150100,呼和浩特市,15,内蒙古自治区,地级市,core,2021,2021-12-31,prefecture_whole,secondary_debt,3121.00,6.50,,228.92,420.75,,,,,,,979.09,,31.37,427.70,427.70,54.41,,,未采集,SRC-CITY-PANEL-1990-2023;SRC-SECONDARY-CEIC-CN-150100,D,needs_review,true,已接入商业数据库公开城市债务页的 provisional 补缺值；经济财政字段与债务字段来源状态分开记录，必须回到官方预算/决算或统计公报复核。
CN-150200,150200,包头市,15,内蒙古自治区,地级市,core,2021,2021-12-31,prefecture_whole,secondary_debt,3293.00,8.50,,161.05,335.66,,,,,,,1041.10,,31.62,646.45,646.45,47.98,,,未采集,SRC-CITY-PANEL-1990-2023;SRC-SECONDARY-RATING-INNER-MONGOLIA-2021-CITY-CHART,B2,needs_review,true,已接入评级报告或其他二手公开来源的债务补缺值；不等同于官方决算数据，必须回到财政/人大预算决算或官方债务表复核。
CN-150300,150300,乌海市,15,内蒙古自治区,地级市,core,2021,2021-12-31,prefecture_whole,official_debt,718.00,5.10,,63.33,113.33,,,170.91,,74.00,,244.91,,34.11,386.72,386.72,55.88,,,未采集,SRC-CITY-PANEL-1990-2023;SRC-OFFICIAL-DEBT-INNER-MONGOLIA-WUHAI-2021,A2,extracted,true,已从省级财政厅官方地级行政单元债务明细表提取；经济财政字段与债务字段的来源状态分开记录。
CN-150400,150400,赤峰市,15,内蒙古自治区,地级市,core,2021,2021-12-31,prefecture_whole,secondary_debt,1975.00,5.70,,126.80,571.67,,,,,,,563.82,,28.55,444.65,444.65,22.18,,,未采集,SRC-CITY-PANEL-1990-2023;SRC-SECONDARY-CEIC-CN-150400,D,needs_review,true,已接入商业数据库公开城市债务页的 provisional 补缺值；经济财政字段与债务字段来源状态分开记录，必须回到官方预算/决算或统计公报复核。
CN-150500,150500,通辽市,15,内蒙古自治区,地级市,core,2021,2021-12-31,prefecture_whole,official_debt,1411.00,4.00,,87.94,376.35,,449.00,435.98,145.00,140.37,594.00,576.35,97.03,40.85,655.39,655.39,23.37,,,未采集,SRC-CITY-PANEL-1990-2023;SRC-OFFICIAL-DEBT-INNER-MONGOLIA-TONGLIAO-2021,A2,extracted,true,已从省级财政厅官方地级行政单元债务明细表提取；经济财政字段与债务字段的来源状态分开记录。
CN-150600,150600,鄂尔多斯市,15,内蒙古自治区,地级市,core,2021,2021-12-31,prefecture_whole,secondary_debt,4716.00,7.00,,552.01,729.65,,,,,,,1670.90,,35.43,302.69,302.69,75.65,,,未采集,SRC-CITY-PANEL-1990-2023;SRC-SECONDARY-RATING-INNER-MONGOLIA-2021-CITY-CHART,B2,needs_review,true,已接入评级报告或其他二手公开来源的债务补缺值；不等同于官方决算数据，必须回到财政/人大预算决算或官方债务表复核。
CN-150700,150700,呼伦贝尔市,15,内蒙古自治区,地级市,core,2021,2021-12-31,prefecture_whole,secondary_debt,1355.00,5.50,,99.85,424.95,,,,,,,565.82,,41.76,566.67,566.67,23.50,,,未采集,SRC-CITY-PANEL-1990-2023;SRC-SECONDARY-CEIC-CN-150700,D,needs_review,true,已接入商业数据库公开城市债务页的 provisional 补缺值；经济财政字段与债务字段来源状态分开记录，必须回到官方预算/决算或统计公报复核。
CN-150800,150800,巴彦淖尔市,15,内蒙古自治区,地级市,core,2021,2021-12-31,prefecture_whole,secondary_debt,983.00,4.30,,59.24,269.03,,,,,,,505.17,,51.39,852.75,852.75,22.02,,,未采集,SRC-CITY-PANEL-1990-2023;SRC-SECONDARY-CEIC-CN-150800,D,needs_review,true,已接入商业数据库公开城市债务页的 provisional 补缺值；经济财政字段与债务字段来源状态分开记录，必须回到官方预算/决算或统计公报复核。
CN-150900,150900,乌兰察布市,15,内蒙古自治区,地级市,core,2021,2021-12-31,prefecture_whole,official_debt,904.00,2.40,,60.10,377.96,,550.00,544.47,200.00,195.38,750.00,739.85,98.65,81.84,1231.03,1231.03,15.90,,,未采集,SRC-CITY-PANEL-1990-2023;SRC-OFFICIAL-DEBT-INNER-MONGOLIA-ULANQAB-2021,A2,extracted,true,已从省级财政厅官方地级行政单元债务明细表提取；经济财政字段与债务字段的来源状态分开记录。
CN-152200,152200,兴安盟,15,内蒙古自治区,盟,extended,2021,2021-12-31,prefecture_whole,official_debt,,,,,,,,250.74,,108.93,,359.67,,,,,,,,未采集,SRC-OFFICIAL-DEBT-INNER-MONGOLIA-XINGAN-2021,A2,extracted,true,已从省级财政厅官方地级行政单元债务明细表提取；经济财政字段与债务字段的来源状态分开记录。
CN-152500,152500,锡林郭勒盟,15,内蒙古自治区,盟,extended,2021,2021-12-31,prefecture_whole,secondary_debt,,,,,,,,,,,,472.30,,,,,,,,未采集,SRC-SECONDARY-RATING-INNER-MONGOLIA-2021-CITY-CHART,B2,needs_review,true,已接入评级报告或其他二手公开来源的债务补缺值；不等同于官方决算数据，必须回到财政/人大预算决算或官方债务表复核。
CN-152900,152900,阿拉善盟,15,内蒙古自治区,盟,extended,2021,2021-12-31,prefecture_whole,official_debt,,,,,,,164.00,156.52,94.00,92.59,258.00,249.11,96.55,,,,,,,未采集,SRC-OFFICIAL-DEBT-INNER-MONGOLIA-ALXA-2021,A2,extracted,true,已从省级财政厅官方地级行政单元债务明细表提取；经济财政字段与债务字段的来源状态分开记录。
CN-210100,210100,沈阳市,21,辽宁省,地级市,core,2021,2021-12-31,prefecture_whole,official_debt,7249.00,6.95,,773.02,1032.31,,,965.07,,836.81,,1801.88,,24.86,233.10,233.10,74.88,,,未采集,SRC-CITY-PANEL-1990-2023;SRC-OFFICIAL-DEBT-LIAONING-CITIES-2021,A2,extracted,true,已从省级财政厅官方地级行政单元债务明细表提取；经济财政字段与债务字段的来源状态分开记录。
CN-210200,210200,大连市,21,辽宁省,地级市,core,2021,2021-12-31,prefecture_whole,official_debt,7826.00,8.20,,737.60,980.05,,,1512.25,,857.25,,2369.50,,30.28,321.24,321.24,75.26,,,未采集,SRC-CITY-PANEL-1990-2023;SRC-CELMA-API-DEBT-2102-2021,A2,extracted,true,已从省级财政厅官方地级行政单元债务明细表提取；经济财政字段与债务字段的来源状态分开记录。
CN-210300,210300,鞍山市,21,辽宁省,地级市,core,2021,2021-12-31,prefecture_whole,official_debt,1888.00,4.50,,170.02,291.13,,,476.31,,350.89,,827.20,,43.81,486.53,486.53,58.40,,,未采集,SRC-CITY-PANEL-1990-2023;SRC-OFFICIAL-DEBT-LIAONING-CITIES-2021,A2,extracted,true,已从省级财政厅官方地级行政单元债务明细表提取；经济财政字段与债务字段的来源状态分开记录。
CN-210400,210400,抚顺市,21,辽宁省,地级市,core,2021,2021-12-31,prefecture_whole,official_debt,870.00,1.00,,76.95,164.13,,,337.71,,64.47,,402.18,,46.23,522.65,522.65,46.88,,,未采集,SRC-CITY-PANEL-1990-2023;SRC-OFFICIAL-DEBT-LIAONING-CITIES-2021,A2,extracted,true,已从省级财政厅官方地级行政单元债务明细表提取；经济财政字段与债务字段的来源状态分开记录。
CN-210500,210500,本溪市,21,辽宁省,地级市,core,2021,2021-12-31,prefecture_whole,official_debt,894.00,5.80,,73.61,132.64,,,219.36,,110.99,,330.35,,36.95,448.78,448.78,55.50,,,未采集,SRC-CITY-PANEL-1990-2023;SRC-OFFICIAL-DEBT-LIAONING-CITIES-2021,A2,extracted,true,已从省级财政厅官方地级行政单元债务明细表提取；经济财政字段与债务字段的来源状态分开记录。
CN-210600,210600,丹东市,21,辽宁省,地级市,core,2021,2021-12-31,prefecture_whole,official_debt,854.00,6.25,,81.77,198.40,,,281.78,,50.80,,332.58,,38.94,406.73,406.73,41.21,,,未采集,SRC-CITY-PANEL-1990-2023;SRC-OFFICIAL-DEBT-LIAONING-CITIES-2021,A2,extracted,true,已从省级财政厅官方地级行政单元债务明细表提取；经济财政字段与债务字段的来源状态分开记录。
CN-210700,210700,锦州市,21,辽宁省,地级市,core,2021,2021-12-31,prefecture_whole,official_debt,1148.00,6.15,,109.40,214.47,,,346.74,,69.01,,415.75,,36.22,380.03,380.03,51.01,,,未采集,SRC-CITY-PANEL-1990-2023;SRC-OFFICIAL-DEBT-LIAONING-CITIES-2021,A2,extracted,true,已从省级财政厅官方地级行政单元债务明细表提取；经济财政字段与债务字段的来源状态分开记录。
CN-210800,210800,营口市,21,辽宁省,地级市,core,2021,2021-12-31,prefecture_whole,official_debt,1403.00,2.00,,141.42,255.64,,,806.91,,176.94,,983.85,,70.12,695.69,695.69,55.32,,,未采集,SRC-CITY-PANEL-1990-2023;SRC-OFFICIAL-DEBT-LIAONING-CITIES-2021,A2,extracted,true,已从省级财政厅官方地级行政单元债务明细表提取；经济财政字段与债务字段的来源状态分开记录。
CN-210900,210900,阜新市,21,辽宁省,地级市,core,2021,2021-12-31,prefecture_whole,official_debt,545.00,6.40,,47.33,142.57,,,129.30,,46.17,,175.47,,32.20,370.74,370.74,33.20,,,未采集,SRC-CITY-PANEL-1990-2023;SRC-OFFICIAL-DEBT-LIAONING-CITIES-2021,A2,extracted,true,已从省级财政厅官方地级行政单元债务明细表提取；经济财政字段与债务字段的来源状态分开记录。
CN-211000,211000,辽阳市,21,辽宁省,地级市,core,2021,2021-12-31,prefecture_whole,official_debt,860.00,-1.00,,98.66,160.91,,,258.23,,99.76,,357.99,,41.63,362.85,362.85,61.31,,,未采集,SRC-CITY-PANEL-1990-2023;SRC-OFFICIAL-DEBT-LIAONING-CITIES-2021,A2,extracted,true,已从省级财政厅官方地级行政单元债务明细表提取；经济财政字段与债务字段的来源状态分开记录。
CN-211100,211100,盘锦市,21,辽宁省,地级市,core,2021,2021-12-31,prefecture_whole,official_debt,1383.00,0.50,,158.56,196.43,,,643.78,,127.85,,771.63,,55.79,486.65,486.65,80.72,,,未采集,SRC-CITY-PANEL-1990-2023;SRC-OFFICIAL-DEBT-LIAONING-CITIES-2021,A2,extracted,true,已从省级财政厅官方地级行政单元债务明细表提取；经济财政字段与债务字段的来源状态分开记录。
CN-211200,211200,铁岭市,21,辽宁省,地级市,core,2021,2021-12-31,prefecture_whole,official_debt,716.00,6.06,,50.44,195.26,,,164.27,,133.73,,298.00,,41.62,590.80,590.80,25.83,,,未采集,SRC-CITY-PANEL-1990-2023;SRC-OFFICIAL-DEBT-LIAONING-CITIES-2021,A2,extracted,true,已从省级财政厅官方地级行政单元债务明细表提取；经济财政字段与债务字段的来源状态分开记录。
CN-211300,211300,朝阳市,21,辽宁省,地级市,core,2021,2021-12-31,prefecture_whole,official_debt,945.00,5.50,,84.33,280.77,,,138.59,,95.96,,234.55,,24.82,278.13,278.13,30.04,,,未采集,SRC-CITY-PANEL-1990-2023;SRC-OFFICIAL-DEBT-LIAONING-CITIES-2021,A2,extracted,true,已从省级财政厅官方地级行政单元债务明细表提取；经济财政字段与债务字段的来源状态分开记录。
CN-211400,211400,葫芦岛市,21,辽宁省,地级市,core,2021,2021-12-31,prefecture_whole,official_debt,842.00,6.00,,64.23,234.67,,,342.85,,62.19,,405.04,,48.10,630.61,630.61,27.37,,,未采集,SRC-CITY-PANEL-1990-2023;SRC-OFFICIAL-DEBT-LIAONING-CITIES-2021,A2,extracted,true,已从省级财政厅官方地级行政单元债务明细表提取；经济财政字段与债务字段的来源状态分开记录。
CN-220100,220100,长春市,22,吉林省,地级市,core,2021,2021-12-31,prefecture_whole,official_debt,7103.00,6.15,,617.09,966.49,,790.76,726.39,1340.06,1229.40,2130.81,1955.79,91.79,27.53,316.94,316.94,63.85,,,未采集,SRC-CITY-PANEL-1990-2023;SRC-PROVINCE-DEBT-JILIN-2021,A1,extracted,true,已从省级财政厅官方地级行政单元债务明细表提取；经济财政字段与债务字段的来源状态分开记录。
CN-220200,220200,吉林市,22,吉林省,地级市,core,2021,2021-12-31,prefecture_whole,official_debt,1550.00,6.95,,95.03,327.74,,223.42,209.82,263.80,258.46,487.22,468.28,96.11,30.21,492.77,492.77,29.00,,,未采集,SRC-CITY-PANEL-1990-2023;SRC-PROVINCE-DEBT-JILIN-2021,A1,extracted,true,已从省级财政厅官方地级行政单元债务明细表提取；经济财政字段与债务字段的来源状态分开记录。
CN-220300,220300,四平市,22,吉林省,地级市,core,2021,2021-12-31,prefecture_whole,official_debt,554.00,7.85,,39.11,217.70,,87.61,72.10,39.39,39.25,126.99,111.35,87.68,20.10,284.71,284.71,17.97,,,未采集,SRC-CITY-PANEL-1990-2023;SRC-PROVINCE-DEBT-JILIN-2021,A1,extracted,true,已从省级财政厅官方地级行政单元债务明细表提取；经济财政字段与债务字段的来源状态分开记录。
CN-220400,220400,辽源市,22,吉林省,地级市,core,2021,2021-12-31,prefecture_whole,official_debt,463.00,7.55,,18.92,102.03,,64.57,58.88,65.40,62.08,129.97,120.95,93.06,26.12,639.27,639.27,18.54,,,未采集,SRC-CITY-PANEL-1990-2023;SRC-PROVINCE-DEBT-JILIN-2021,A1,extracted,true,已从省级财政厅官方地级行政单元债务明细表提取；经济财政字段与债务字段的来源状态分开记录。
CN-220500,220500,通化市,22,吉林省,地级市,core,2021,2021-12-31,prefecture_whole,official_debt,568.00,6.75,,60.07,237.60,,78.96,78.46,93.74,92.44,172.70,170.89,98.95,30.09,284.48,284.48,25.28,,,未采集,SRC-CITY-PANEL-1990-2023;SRC-PROVINCE-DEBT-JILIN-2021,A1,extracted,true,已从省级财政厅官方地级行政单元债务明细表提取；经济财政字段与债务字段的来源状态分开记录。
CN-220600,220600,白山市,22,吉林省,地级市,core,2021,2021-12-31,prefecture_whole,official_debt,541.00,6.39,,25.52,146.17,,122.25,108.02,46.49,46.05,168.74,154.06,91.30,28.48,603.68,603.68,17.46,,,未采集,SRC-CITY-PANEL-1990-2023;SRC-PROVINCE-DEBT-JILIN-2021,A1,extracted,true,已从省级财政厅官方地级行政单元债务明细表提取；经济财政字段与债务字段的来源状态分开记录。
CN-220700,220700,松原市,22,吉林省,地级市,core,2021,2021-12-31,prefecture_whole,official_debt,818.00,7.55,,51.38,241.50,,92.82,90.65,77.51,75.45,170.33,166.10,97.52,20.31,323.28,323.28,21.28,,,未采集,SRC-CITY-PANEL-1990-2023;SRC-PROVINCE-DEBT-JILIN-2021,A1,extracted,true,已从省级财政厅官方地级行政单元债务明细表提取；经济财政字段与债务字段的来源状态分开记录。
CN-220800,220800,白城市,22,吉林省,地级市,core,2021,2021-12-31,prefecture_whole,official_debt,549.00,7.75,,39.35,223.74,,102.69,96.55,40.56,40.43,143.25,136.98,95.62,24.95,348.11,348.11,17.59,,,未采集,SRC-CITY-PANEL-1990-2023;SRC-PROVINCE-DEBT-JILIN-2021,A1,extracted,true,已从省级财政厅官方地级行政单元债务明细表提取；经济财政字段与债务字段的来源状态分开记录。
CN-222400,222400,延边朝鲜族自治州,22,吉林省,自治州,extended,2021,2021-12-31,prefecture_whole,official_debt,,,,,,,330.59,312.22,244.77,234.91,575.36,547.12,95.09,,,,,,,未采集,SRC-PROVINCE-DEBT-JILIN-2021,A1,extracted,true,已从省级财政厅官方地级行政单元债务明细表提取；经济财政字段与债务字段的来源状态分开记录。
CN-230100,230100,哈尔滨市,23,黑龙江省,地级市,core,2021,2021-12-31,prefecture_whole,official_debt,5352.00,5.50,,365.81,992.08,,1619.13,1574.74,1152.91,1126.45,2772.04,2701.18,97.44,50.47,738.41,738.41,36.87,,,未采集,SRC-CITY-PANEL-1990-2023;SRC-PROVINCE-DEBT-HEILONGJIANG-2021,A1,extracted,true,已从省级财政厅官方地级行政单元债务明细表提取；经济财政字段与债务字段的来源状态分开记录。
CN-230200,230200,齐齐哈尔市,23,黑龙江省,地级市,core,2021,2021-12-31,prefecture_whole,official_debt,1225.00,6.60,,84.57,510.96,,279.61,275.98,98.68,98.46,378.28,374.44,98.98,30.57,442.76,442.76,16.55,,,未采集,SRC-CITY-PANEL-1990-2023;SRC-PROVINCE-DEBT-HEILONGJIANG-2021,A1,extracted,true,已从省级财政厅官方地级行政单元债务明细表提取；经济财政字段与债务字段的来源状态分开记录。
CN-230300,230300,鸡西市,23,黑龙江省,地级市,core,2021,2021-12-31,prefecture_whole,official_debt,604.00,7.10,,39.63,180.55,,147.85,144.17,38.88,38.75,186.73,182.91,97.95,30.28,461.54,461.54,21.95,,,未采集,SRC-CITY-PANEL-1990-2023;SRC-PROVINCE-DEBT-HEILONGJIANG-2021,A1,extracted,true,已从省级财政厅官方地级行政单元债务明细表提取；经济财政字段与债务字段的来源状态分开记录。
CN-230400,230400,鹤岗市,23,黑龙江省,地级市,core,2021,2021-12-31,prefecture_whole,official_debt,354.00,7.00,,28.25,121.29,,117.46,115.99,32.18,32.06,149.64,148.05,98.94,41.82,524.07,524.07,23.29,,,未采集,SRC-CITY-PANEL-1990-2023;SRC-PROVINCE-DEBT-HEILONGJIANG-2021,A1,extracted,true,已从省级财政厅官方地级行政单元债务明细表提取；经济财政字段与债务字段的来源状态分开记录。
CN-230500,230500,双鸭山市,23,黑龙江省,地级市,core,2021,2021-12-31,prefecture_whole,official_debt,516.00,6.30,,31.73,150.28,,188.09,185.35,60.96,60.85,249.05,246.20,98.86,47.71,775.92,775.92,21.11,,,未采集,SRC-CITY-PANEL-1990-2023;SRC-PROVINCE-DEBT-HEILONGJIANG-2021,A1,extracted,true,已从省级财政厅官方地级行政单元债务明细表提取；经济财政字段与债务字段的来源状态分开记录。
CN-230600,230600,大庆市,23,黑龙江省,地级市,core,2021,2021-12-31,prefecture_whole,official_debt,2620.00,6.20,,184.79,336.85,,206.84,200.48,101.77,101.09,308.62,301.57,97.72,11.51,163.20,163.20,54.86,,,未采集,SRC-CITY-PANEL-1990-2023;SRC-PROVINCE-DEBT-HEILONGJIANG-2021,A1,extracted,true,已从省级财政厅官方地级行政单元债务明细表提取；经济财政字段与债务字段的来源状态分开记录。
CN-230700,230700,伊春市,23,黑龙江省,地级市,core,2021,2021-12-31,prefecture_whole,official_debt,319.00,7.30,,17.77,189.42,,152.74,149.26,33.46,33.30,186.21,182.56,98.04,57.23,1027.35,1027.35,9.38,,,未采集,SRC-CITY-PANEL-1990-2023;SRC-PROVINCE-DEBT-HEILONGJIANG-2021,A1,extracted,true,已从省级财政厅官方地级行政单元债务明细表提取；经济财政字段与债务字段的来源状态分开记录。
CN-230800,230800,佳木斯市,23,黑龙江省,地级市,core,2021,2021-12-31,prefecture_whole,official_debt,816.00,7.50,,58.06,336.61,,284.21,280.85,85.46,85.26,369.67,366.12,99.04,44.87,630.59,630.59,17.25,,,未采集,SRC-CITY-PANEL-1990-2023;SRC-PROVINCE-DEBT-HEILONGJIANG-2021,A1,extracted,true,已从省级财政厅官方地级行政单元债务明细表提取；经济财政字段与债务字段的来源状态分开记录。
CN-230900,230900,七台河市,23,黑龙江省,地级市,core,2021,2021-12-31,prefecture_whole,official_debt,231.00,5.20,,23.99,84.87,,135.34,134.97,73.36,73.23,208.70,208.20,99.76,90.13,867.86,867.86,28.27,,,未采集,SRC-CITY-PANEL-1990-2023;SRC-PROVINCE-DEBT-HEILONGJIANG-2021,A1,extracted,true,已从省级财政厅官方地级行政单元债务明细表提取；经济财政字段与债务字段的来源状态分开记录。
CN-231000,231000,牡丹江市,23,黑龙江省,地级市,core,2021,2021-12-31,prefecture_whole,official_debt,875.00,6.10,,60.45,267.66,,325.25,320.19,99.89,98.24,425.14,418.42,98.42,47.82,692.18,692.18,22.58,,,未采集,SRC-CITY-PANEL-1990-2023;SRC-PROVINCE-DEBT-HEILONGJIANG-2021,A1,extracted,true,已从省级财政厅官方地级行政单元债务明细表提取；经济财政字段与债务字段的来源状态分开记录。
CN-231100,231100,黑河市,23,黑龙江省,地级市,core,2021,2021-12-31,prefecture_whole,official_debt,637.00,6.20,,44.92,260.42,,113.85,111.67,51.53,50.40,165.38,162.07,98.00,25.44,360.80,360.80,17.25,,,未采集,SRC-CITY-PANEL-1990-2023;SRC-PROVINCE-DEBT-HEILONGJIANG-2021,A1,extracted,true,已从省级财政厅官方地级行政单元债务明细表提取；经济财政字段与债务字段的来源状态分开记录。
CN-231200,231200,绥化市,23,黑龙江省,地级市,core,2021,2021-12-31,prefecture_whole,official_debt,1178.00,6.30,,63.18,392.76,,307.67,303.31,94.39,91.46,402.06,394.76,98.18,33.51,624.82,624.82,16.09,,,未采集,SRC-CITY-PANEL-1990-2023;SRC-PROVINCE-DEBT-HEILONGJIANG-2021,A1,extracted,true,已从省级财政厅官方地级行政单元债务明细表提取；经济财政字段与债务字段的来源状态分开记录。
CN-232700,232700,大兴安岭地区,23,黑龙江省,地区,extended,2021,2021-12-31,prefecture_whole,official_debt,,,,,,,31.25,30.49,8.10,7.97,39.35,38.46,97.74,,,,,,,未采集,SRC-PROVINCE-DEBT-HEILONGJIANG-2021,A1,extracted,true,已从省级财政厅官方地级行政单元债务明细表提取；经济财政字段与债务字段的来源状态分开记录。
CN-310000,310000,上海市,31,上海市,直辖市,separate,2021,2021-12-31,prefecture_whole,official_debt,43215.00,8.10,,7771.80,8430.86,,4639.50,3120.30,5963.60,4236.50,10603.10,7356.80,69.38,17.02,94.66,94.66,92.18,,,未采集,SRC-CITY-PANEL-1990-2023;SRC-CITY-DEBT-SHANGHAI-2021,A1,extracted,true,已从省级财政厅官方地级行政单元债务明细表提取；经济财政字段与债务字段的来源状态分开记录。
CN-320100,320100,南京市,32,江苏省,地级市,core,2021,2021-12-31,prefecture_whole,official_debt,16356.00,8.00,,1729.52,1817.73,2493.14,1211.34,1070.30,1997.54,1819.66,3208.88,2889.97,90.06,17.67,167.10,167.10,95.15,59.04,144.15,省级财政厅官方分地区表（全市口径）,SRC-CITY-PANEL-1990-2023;SRC-PROVINCE-DEBT-JIANGSU-2021;SRC-PROVINCE-FUND-JIANGSU-2021-FINAL,A1,extracted,true,已从省级财政厅官方地级行政单元债务明细表提取；经济财政字段与债务字段的来源状态分开记录。；已接入江苏省2021年财政厅分地区政府性基金预算收入执行表；经济财政其他字段仍按各自来源状态记录。
CN-320200,320200,无锡市,32,江苏省,地级市,core,2021,2021-12-31,prefecture_whole,official_debt,14003.00,9.00,,1200.50,1357.79,1225.77,555.45,522.50,1125.49,1085.56,1680.94,1608.06,95.66,11.48,133.95,133.95,88.42,50.52,102.10,省级财政厅官方分地区表（全市口径）,SRC-CITY-PANEL-1990-2023;SRC-PROVINCE-DEBT-JIANGSU-2021;SRC-PROVINCE-FUND-JIANGSU-2021-FINAL,A1,extracted,true,已从省级财政厅官方地级行政单元债务明细表提取；经济财政字段与债务字段的来源状态分开记录。；已接入江苏省2021年财政厅分地区政府性基金预算收入执行表；经济财政其他字段仍按各自来源状态记录。
CN-320300,320300,徐州市,32,江苏省,地级市,core,2021,2021-12-31,prefecture_whole,official_debt,8117.00,9.00,,537.31,1004.40,1035.23,371.99,315.73,1051.84,1016.54,1423.83,1332.27,93.57,16.41,247.95,247.95,53.50,65.83,192.67,省级财政厅官方分地区表（全市口径）,SRC-CITY-PANEL-1990-2023;SRC-PROVINCE-DEBT-JIANGSU-2021;SRC-PROVINCE-FUND-JIANGSU-2021-FINAL,A1,extracted,true,已从省级财政厅官方地级行政单元债务明细表提取；经济财政字段与债务字段的来源状态分开记录。；已接入江苏省2021年财政厅分地区政府性基金预算收入执行表；经济财政其他字段仍按各自来源状态记录。
CN-320400,320400,常州市,32,江苏省,地级市,core,2021,2021-12-31,prefecture_whole,official_debt,8808.00,9.00,,688.11,771.89,1467.75,420.69,400.64,1029.49,1014.69,1450.18,1415.33,97.60,16.07,205.68,205.68,89.15,68.08,213.30,省级财政厅官方分地区表（全市口径）,SRC-CITY-PANEL-1990-2023;SRC-PROVINCE-DEBT-JIANGSU-2021;SRC-PROVINCE-FUND-JIANGSU-2021-FINAL,A1,extracted,true,已从省级财政厅官方地级行政单元债务明细表提取；经济财政字段与债务字段的来源状态分开记录。；已接入江苏省2021年财政厅分地区政府性基金预算收入执行表；经济财政其他字段仍按各自来源状态记录。
CN-320500,320500,苏州市,32,江苏省,地级市,core,2021,2021-12-31,prefecture_whole,official_debt,22718.00,8.70,,2510.00,2583.70,2315.57,807.67,663.86,1134.11,924.50,1941.78,1588.36,81.80,6.99,63.28,63.28,97.15,47.99,92.25,省级财政厅官方分地区表（全市口径）,SRC-CITY-PANEL-1990-2023;SRC-PROVINCE-DEBT-JIANGSU-2021;SRC-PROVINCE-FUND-JIANGSU-2021-FINAL,A1,extracted,true,已从省级财政厅官方地级行政单元债务明细表提取；经济财政字段与债务字段的来源状态分开记录。；已接入江苏省2021年财政厅分地区政府性基金预算收入执行表；经济财政其他字段仍按各自来源状态记录。
CN-320600,320600,南通市,32,江苏省,地级市,core,2021,2021-12-31,prefecture_whole,official_debt,11027.00,9.00,,710.18,1122.22,1441.82,872.22,790.74,1158.11,1071.97,2030.33,1862.70,91.74,16.89,262.29,262.29,63.28,67.00,203.02,省级财政厅官方分地区表（全市口径）,SRC-CITY-PANEL-1990-2023;SRC-PROVINCE-DEBT-JIANGSU-2021;SRC-PROVINCE-FUND-JIANGSU-2021-FINAL,A1,extracted,true,已从省级财政厅官方地级行政单元债务明细表提取；经济财政字段与债务字段的来源状态分开记录。；已接入江苏省2021年财政厅分地区政府性基金预算收入执行表；经济财政其他字段仍按各自来源状态记录。
CN-320700,320700,连云港市,32,江苏省,地级市,core,2021,2021-12-31,prefecture_whole,official_debt,3728.00,9.00,,274.81,534.18,262.74,260.08,230.87,446.07,427.55,706.15,658.42,93.24,17.66,239.59,239.59,51.45,48.88,95.61,省级财政厅官方分地区表（全市口径）,SRC-CITY-PANEL-1990-2023;SRC-PROVINCE-DEBT-JIANGSU-2021;SRC-PROVINCE-FUND-JIANGSU-2021-FINAL,A1,extracted,true,已从省级财政厅官方地级行政单元债务明细表提取；经济财政字段与债务字段的来源状态分开记录。；已接入江苏省2021年财政厅分地区政府性基金预算收入执行表；经济财政其他字段仍按各自来源状态记录。
CN-320800,320800,淮安市,32,江苏省,地级市,core,2021,2021-12-31,prefecture_whole,official_debt,4550.00,10.00,,297.02,612.91,397.26,416.73,383.08,336.96,309.54,753.69,692.62,91.90,15.22,233.19,233.19,48.46,57.22,133.75,省级财政厅官方分地区表（全市口径）,SRC-CITY-PANEL-1990-2023;SRC-PROVINCE-DEBT-JIANGSU-2021;SRC-PROVINCE-FUND-JIANGSU-2021-FINAL,A1,extracted,true,已从省级财政厅官方地级行政单元债务明细表提取；经济财政字段与债务字段的来源状态分开记录。；已接入江苏省2021年财政厅分地区政府性基金预算收入执行表；经济财政其他字段仍按各自来源状态记录。
CN-320900,320900,盐城市,32,江苏省,地级市,core,2021,2021-12-31,prefecture_whole,official_debt,6617.00,8.00,,451.01,1053.17,799.89,666.80,633.96,880.68,838.87,1547.48,1472.83,95.18,22.26,326.56,326.56,42.82,63.95,177.36,省级财政厅官方分地区表（全市口径）,SRC-CITY-PANEL-1990-2023;SRC-PROVINCE-DEBT-JIANGSU-2021;SRC-PROVINCE-FUND-JIANGSU-2021-FINAL,A1,extracted,true,已从省级财政厅官方地级行政单元债务明细表提取；经济财政字段与债务字段的来源状态分开记录。；已接入江苏省2021年财政厅分地区政府性基金预算收入执行表；经济财政其他字段仍按各自来源状态记录。
CN-321000,321000,扬州市,32,江苏省,地级市,core,2021,2021-12-31,prefecture_whole,official_debt,6696.00,7.00,,344.07,684.83,658.99,446.77,412.90,637.28,564.80,1084.05,977.69,90.19,14.60,284.15,284.15,50.24,65.70,191.53,省级财政厅官方分地区表（全市口径）,SRC-CITY-PANEL-1990-2023;SRC-PROVINCE-DEBT-JIANGSU-2021;SRC-PROVINCE-FUND-JIANGSU-2021-FINAL,A1,extracted,true,已从省级财政厅官方地级行政单元债务明细表提取；经济财政字段与债务字段的来源状态分开记录。；已接入江苏省2021年财政厅分地区政府性基金预算收入执行表；经济财政其他字段仍按各自来源状态记录。
CN-321100,321100,镇江市,32,江苏省,地级市,core,2021,2021-12-31,prefecture_whole,official_debt,4763.00,9.00,,327.59,542.95,394.69,461.69,423.69,1512.73,1494.61,1974.42,1918.30,97.16,40.28,585.58,585.58,60.34,54.65,120.48,省级财政厅官方分地区表（全市口径）,SRC-CITY-PANEL-1990-2023;SRC-PROVINCE-DEBT-JIANGSU-2021;SRC-PROVINCE-FUND-JIANGSU-2021-FINAL,A1,extracted,true,已从省级财政厅官方地级行政单元债务明细表提取；经济财政字段与债务字段的来源状态分开记录。；已接入江苏省2021年财政厅分地区政府性基金预算收入执行表；经济财政其他字段仍按各自来源状态记录。
CN-321200,321200,泰州市,32,江苏省,地级市,core,2021,2021-12-31,prefecture_whole,official_debt,6025.00,10.00,,420.29,667.90,681.03,494.04,440.79,550.24,525.03,1044.28,965.83,92.49,16.03,229.80,229.80,62.93,61.84,162.04,省级财政厅官方分地区表（全市口径）,SRC-CITY-PANEL-1990-2023;SRC-PROVINCE-DEBT-JIANGSU-2021;SRC-PROVINCE-FUND-JIANGSU-2021-FINAL,A1,extracted,true,已从省级财政厅官方地级行政单元债务明细表提取；经济财政字段与债务字段的来源状态分开记录。；已接入江苏省2021年财政厅分地区政府性基金预算收入执行表；经济财政其他字段仍按各自来源状态记录。
CN-321300,321300,宿迁市,32,江苏省,地级市,core,2021,2021-12-31,prefecture_whole,official_debt,3719.00,9.00,,267.82,584.70,390.18,378.83,359.81,519.63,516.04,898.46,875.84,97.48,23.55,327.03,327.03,45.80,59.30,145.69,省级财政厅官方分地区表（全市口径）,SRC-CITY-PANEL-1990-2023;SRC-PROVINCE-DEBT-JIANGSU-2021;SRC-PROVINCE-FUND-JIANGSU-2021-FINAL,A1,extracted,true,已从省级财政厅官方地级行政单元债务明细表提取；经济财政字段与债务字段的来源状态分开记录。；已接入江苏省2021年财政厅分地区政府性基金预算收入执行表；经济财政其他字段仍按各自来源状态记录。
CN-330100,330100,杭州市,33,浙江省,地级市,core,2021,2021-12-31,prefecture_whole,official_debt,18109.00,8.49,,2386.59,2392.04,,1255.81,1224.81,2195.79,2144.45,3451.60,3369.26,97.61,18.61,141.17,141.17,99.77,,,未采集,SRC-CITY-PANEL-1990-2023;SRC-PROVINCE-DEBT-ZHEJIANG-GENERAL-2021,A1,extracted,true,已从省级财政厅官方地级行政单元债务明细表提取；经济财政字段与债务字段的来源状态分开记录。
CN-330200,330200,宁波市,33,浙江省,地级市,core,2021,2021-12-31,prefecture_whole,official_debt,14595.00,8.20,,1723.14,1944.42,,1298.87,1250.94,1434.48,1297.72,2733.35,2548.66,93.24,17.46,147.91,147.91,88.62,,,未采集,SRC-CITY-PANEL-1990-2023;SRC-CELMA-API-DEBT-3302-2021,A2,extracted,true,已从省级财政厅官方地级行政单元债务明细表提取；经济财政字段与债务字段的来源状态分开记录。
CN-330300,330300,温州市,33,浙江省,地级市,core,2021,2021-12-31,prefecture_whole,official_debt,7585.00,7.70,,657.55,1066.82,,598.43,596.52,1532.65,1530.15,2131.08,2126.66,99.79,28.04,323.42,323.42,61.64,,,未采集,SRC-CITY-PANEL-1990-2023;SRC-PROVINCE-DEBT-ZHEJIANG-GENERAL-2021,A1,extracted,true,已从省级财政厅官方地级行政单元债务明细表提取；经济财政字段与债务字段的来源状态分开记录。
CN-330400,330400,嘉兴市,33,浙江省,地级市,core,2021,2021-12-31,prefecture_whole,official_debt,6355.00,8.50,,674.80,793.72,,575.34,567.93,753.26,751.09,1328.60,1319.03,99.28,20.76,195.47,195.47,85.02,,,未采集,SRC-CITY-PANEL-1990-2023;SRC-PROVINCE-DEBT-ZHEJIANG-GENERAL-2021,A1,extracted,true,已从省级财政厅官方地级行政单元债务明细表提取；经济财政字段与债务字段的来源状态分开记录。
CN-330500,330500,湖州市,33,浙江省,地级市,core,2021,2021-12-31,prefecture_whole,official_debt,3645.00,9.50,,413.52,524.49,,557.72,555.44,475.50,467.97,1033.22,1023.41,99.05,28.08,247.49,247.49,78.84,,,未采集,SRC-CITY-PANEL-1990-2023;SRC-PROVINCE-DEBT-ZHEJIANG-GENERAL-2021,A1,extracted,true,已从省级财政厅官方地级行政单元债务明细表提取；经济财政字段与债务字段的来源状态分开记录。
CN-330600,330600,绍兴市,33,浙江省,地级市,core,2021,2021-12-31,prefecture_whole,official_debt,6795.00,8.73,,603.80,714.50,,456.57,448.32,992.52,989.00,1449.09,1437.32,99.19,21.15,238.05,238.05,84.51,,,未采集,SRC-CITY-PANEL-1990-2023;SRC-PROVINCE-DEBT-ZHEJIANG-GENERAL-2021,A1,extracted,true,已从省级财政厅官方地级行政单元债务明细表提取；经济财政字段与债务字段的来源状态分开记录。
CN-330700,330700,金华市,33,浙江省,地级市,core,2021,2021-12-31,prefecture_whole,official_debt,5355.00,9.76,,492.32,791.41,,523.50,520.35,650.06,646.96,1173.56,1167.30,99.47,21.80,237.10,237.10,62.21,,,未采集,SRC-CITY-PANEL-1990-2023;SRC-PROVINCE-DEBT-ZHEJIANG-GENERAL-2021,A1,extracted,true,已从省级财政厅官方地级行政单元债务明细表提取；经济财政字段与债务字段的来源状态分开记录。
CN-330800,330800,衢州市,33,浙江省,地级市,core,2021,2021-12-31,prefecture_whole,official_debt,1876.00,8.66,,163.93,518.07,,312.39,311.94,408.65,407.86,721.04,719.80,99.83,38.37,439.09,439.09,31.64,,,未采集,SRC-CITY-PANEL-1990-2023;SRC-PROVINCE-DEBT-ZHEJIANG-GENERAL-2021,A1,extracted,true,已从省级财政厅官方地级行政单元债务明细表提取；经济财政字段与债务字段的来源状态分开记录。
CN-330900,330900,舟山市,33,浙江省,地级市,core,2021,2021-12-31,prefecture_whole,official_debt,1704.00,8.40,,180.70,336.11,,296.81,293.40,272.58,268.34,569.39,561.74,98.66,32.97,310.87,310.87,53.76,,,未采集,SRC-CITY-PANEL-1990-2023;SRC-PROVINCE-DEBT-ZHEJIANG-GENERAL-2021,A1,extracted,true,已从省级财政厅官方地级行政单元债务明细表提取；经济财政字段与债务字段的来源状态分开记录。
CN-331000,331000,台州市,33,浙江省,地级市,core,2021,2021-12-31,prefecture_whole,official_debt,5786.00,8.28,,455.43,734.81,,691.36,682.73,724.74,714.15,1416.10,1396.88,98.64,24.14,306.72,306.72,61.98,,,未采集,SRC-CITY-PANEL-1990-2023;SRC-PROVINCE-DEBT-ZHEJIANG-GENERAL-2021,A1,extracted,true,已从省级财政厅官方地级行政单元债务明细表提取；经济财政字段与债务字段的来源状态分开记录。
CN-331100,331100,丽水市,33,浙江省,地级市,core,2021,2021-12-31,prefecture_whole,official_debt,1710.00,8.30,,163.97,545.69,,411.43,408.67,424.65,423.26,836.08,831.92,99.50,48.65,507.36,507.36,30.05,,,未采集,SRC-CITY-PANEL-1990-2023;SRC-PROVINCE-DEBT-ZHEJIANG-GENERAL-2021,A1,extracted,true,已从省级财政厅官方地级行政单元债务明细表提取；经济财政字段与债务字段的来源状态分开记录。
CN-340100,340100,合肥市,34,安徽省,地级市,core,2021,2021-12-31,prefecture_whole,secondary_debt,11413.00,9.20,,844.22,1223.72,,,,,,,1500.00,,13.14,177.68,177.68,68.99,,,未采集,SRC-CITY-PANEL-1990-2023;SRC-SECONDARY-RATING-ANHUI-2019-2021,B2,needs_review,true,已接入评级报告或其他二手公开来源的债务补缺值；不等同于官方决算数据，必须回到财政/人大预算决算或官方债务表复核。
CN-340200,340200,芜湖市,34,安徽省,地级市,core,2021,2021-12-31,prefecture_whole,secondary_debt,4303.00,11.60,,361.20,503.49,,,,,,,911.50,,21.18,252.35,252.35,71.74,,,未采集,SRC-CITY-PANEL-1990-2023;SRC-SECONDARY-RATING-ANHUI-2019-2021,B2,needs_review,true,已接入评级报告或其他二手公开来源的债务补缺值；不等同于官方决算数据，必须回到财政/人大预算决算或官方债务表复核。
CN-340300,340300,蚌埠市,34,安徽省,地级市,core,2021,2021-12-31,prefecture_whole,secondary_debt,1989.00,-2.10,,167.33,328.81,,,,,,,580.80,,29.20,347.10,347.10,50.89,,,未采集,SRC-CITY-PANEL-1990-2023;SRC-SECONDARY-RATING-ANHUI-2019-2021,B2,needs_review,true,已接入评级报告或其他二手公开来源的债务补缺值；不等同于官方决算数据，必须回到财政/人大预算决算或官方债务表复核。
CN-340400,340400,淮南市,34,安徽省,地级市,core,2021,2021-12-31,prefecture_whole,secondary_debt,1457.00,5.70,,109.61,277.64,,,,,,,530.80,,36.43,484.26,484.26,39.48,,,未采集,SRC-CITY-PANEL-1990-2023;SRC-SECONDARY-RATING-ANHUI-2019-2021,B2,needs_review,true,已接入评级报告或其他二手公开来源的债务补缺值；不等同于官方决算数据，必须回到财政/人大预算决算或官方债务表复核。
CN-340500,340500,马鞍山市,34,安徽省,地级市,core,2021,2021-12-31,prefecture_whole,secondary_debt,2439.00,9.08,,196.53,287.41,,,,,,,619.20,,25.39,315.07,315.07,68.38,,,未采集,SRC-CITY-PANEL-1990-2023;SRC-SECONDARY-RATING-ANHUI-2019-2021,B2,needs_review,true,已接入评级报告或其他二手公开来源的债务补缺值；不等同于官方决算数据，必须回到财政/人大预算决算或官方债务表复核。
CN-340600,340600,淮北市,34,安徽省,地级市,core,2021,2021-12-31,prefecture_whole,secondary_debt,1223.00,3.41,,88.75,195.82,,,,,,,350.00,,28.62,394.37,394.37,45.32,,,未采集,SRC-CITY-PANEL-1990-2023;SRC-SECONDARY-RATING-ANHUI-2019-2021,B2,needs_review,true,已接入评级报告或其他二手公开来源的债务补缺值；不等同于官方决算数据，必须回到财政/人大预算决算或官方债务表复核。
CN-340700,340700,铜陵市,34,安徽省,地级市,core,2021,2021-12-31,prefecture_whole,secondary_debt,1166.00,7.21,,93.50,194.68,,,,,,,307.70,,26.39,329.09,329.09,48.03,,,未采集,SRC-CITY-PANEL-1990-2023;SRC-SECONDARY-RATING-ANHUI-2019-2021,B2,needs_review,true,已接入评级报告或其他二手公开来源的债务补缺值；不等同于官方决算数据，必须回到财政/人大预算决算或官方债务表复核。
CN-340800,340800,安庆市,34,安徽省,地级市,core,2021,2021-12-31,prefecture_whole,secondary_debt,2657.00,6.60,,156.09,483.00,,,,,,,688.50,,25.91,441.09,441.09,32.32,,,未采集,SRC-CITY-PANEL-1990-2023;SRC-SECONDARY-RATING-ANHUI-2019-2021,B2,needs_review,true,已接入评级报告或其他二手公开来源的债务补缺值；不等同于官方决算数据，必须回到财政/人大预算决算或官方债务表复核。
CN-341000,341000,黄山市,34,安徽省,地级市,core,2021,2021-12-31,prefecture_whole,secondary_debt,957.00,9.06,,88.29,213.82,,,,,,,280.80,,29.34,318.04,318.04,41.29,,,未采集,SRC-CITY-PANEL-1990-2023;SRC-SECONDARY-RATING-ANHUI-2019-2021,B2,needs_review,true,已接入评级报告或其他二手公开来源的债务补缺值；不等同于官方决算数据，必须回到财政/人大预算决算或官方债务表复核。
CN-341100,341100,滁州市,34,安徽省,地级市,core,2021,2021-12-31,prefecture_whole,secondary_debt,3362.00,9.88,,250.86,461.71,,,,,,,861.50,,25.62,343.42,343.42,54.33,,,未采集,SRC-CITY-PANEL-1990-2023;SRC-SECONDARY-RATING-ANHUI-2019-2021,B2,needs_review,true,已接入评级报告或其他二手公开来源的债务补缺值；不等同于官方决算数据，必须回到财政/人大预算决算或官方债务表复核。
CN-341200,341200,阜阳市,34,安徽省,地级市,core,2021,2021-12-31,prefecture_whole,secondary_debt,3072.00,9.00,,189.61,630.05,,,,,,,1288.50,,41.94,679.55,679.55,30.09,,,未采集,SRC-CITY-PANEL-1990-2023;SRC-SECONDARY-RATING-ANHUI-2019-2021,B2,needs_review,true,已接入评级报告或其他二手公开来源的债务补缺值；不等同于官方决算数据，必须回到财政/人大预算决算或官方债务表复核。
CN-341300,341300,宿州市,34,安徽省,地级市,core,2021,2021-12-31,prefecture_whole,secondary_debt,2168.00,8.55,,147.87,474.07,,,,,,,657.70,,30.34,444.78,444.78,31.19,,,未采集,SRC-CITY-PANEL-1990-2023;SRC-SECONDARY-RATING-ANHUI-2019-2021,B2,needs_review,true,已接入评级报告或其他二手公开来源的债务补缺值；不等同于官方决算数据，必须回到财政/人大预算决算或官方债务表复核。
CN-341500,341500,六安市,34,安徽省,地级市,core,2021,2021-12-31,prefecture_whole,secondary_debt,1923.00,10.95,,147.50,484.69,,,,,,,823.10,,42.80,558.03,558.03,30.43,,,未采集,SRC-CITY-PANEL-1990-2023;SRC-SECONDARY-RATING-ANHUI-2019-2021,B2,needs_review,true,已接入评级报告或其他二手公开来源的债务补缺值；不等同于官方决算数据，必须回到财政/人大预算决算或官方债务表复核。
CN-341600,341600,亳州市,34,安徽省,地级市,core,2021,2021-12-31,prefecture_whole,secondary_debt,1973.00,8.61,,140.30,377.40,,,,,,,719.20,,36.45,512.62,512.62,37.18,,,未采集,SRC-CITY-PANEL-1990-2023;SRC-SECONDARY-RATING-ANHUI-2019-2021,B2,needs_review,true,已接入评级报告或其他二手公开来源的债务补缺值；不等同于官方决算数据，必须回到财政/人大预算决算或官方债务表复核。
CN-341700,341700,池州市,34,安徽省,地级市,core,2021,2021-12-31,prefecture_whole,secondary_debt,1004.00,10.20,,74.28,172.94,,,,,,,203.80,,20.30,274.37,274.37,42.95,,,未采集,SRC-CITY-PANEL-1990-2023;SRC-SECONDARY-RATING-ANHUI-2019-2021,B2,needs_review,true,已接入评级报告或其他二手公开来源的债务补缺值；不等同于官方决算数据，必须回到财政/人大预算决算或官方债务表复核。
CN-341800,341800,宣城市,34,安徽省,地级市,core,2021,2021-12-31,prefecture_whole,secondary_debt,1834.00,10.10,,182.80,315.10,,,,,,,365.40,,19.92,199.89,199.89,58.01,,,未采集,SRC-CITY-PANEL-1990-2023;SRC-SECONDARY-RATING-ANHUI-2019-2021,B2,needs_review,true,已接入评级报告或其他二手公开来源的债务补缺值；不等同于官方决算数据，必须回到财政/人大预算决算或官方债务表复核。
CN-350100,350100,福州市,35,福建省,地级市,core,2021,2021-12-31,prefecture_whole,official_debt,11324.00,8.35,,749.85,925.26,,,482.39,,1105.54,,1587.93,,14.02,211.77,211.77,81.04,,,未采集,SRC-CITY-PANEL-1990-2023;SRC-OFFICIAL-DEBT-FUJIAN-FUZHOU-2021,A2,extracted,true,已从省级财政厅官方地级行政单元债务明细表提取；经济财政字段与债务字段的来源状态分开记录。
CN-350200,350200,厦门市,35,福建省,地级市,core,2021,2021-12-31,prefecture_whole,official_debt,7034.00,8.05,,880.96,1060.00,,,356.87,,1069.32,,1426.19,,20.28,161.89,161.89,83.11,,,未采集,SRC-CITY-PANEL-1990-2023;SRC-CELMA-API-DEBT-3502-2021,A2,extracted,true,已从省级财政厅官方地级行政单元债务明细表提取；经济财政字段与债务字段的来源状态分开记录。
CN-350300,350300,莆田市,35,福建省,地级市,core,2021,2021-12-31,prefecture_whole,secondary_debt,2883.00,6.35,,153.78,248.08,,,,,,,855.74,,29.68,556.47,556.47,61.99,,,未采集,SRC-CITY-PANEL-1990-2023;SRC-SECONDARY-RATING-FUJIAN-PUTIAN-2024,B2,needs_review,true,已接入评级报告或其他二手公开来源的债务补缺值；不等同于官方决算数据，必须回到财政/人大预算决算或官方债务表复核。
CN-350400,350400,三明市,35,福建省,地级市,core,2021,2021-12-31,prefecture_whole,secondary_debt,2953.00,5.80,,113.51,309.56,,,,,,,696.59,,23.59,613.68,613.68,36.67,,,未采集,SRC-CITY-PANEL-1990-2023;SRC-SECONDARY-RATING-FUJIAN-SANMING-2024,B2,needs_review,true,已接入评级报告或其他二手公开来源的债务补缺值；不等同于官方决算数据，必须回到财政/人大预算决算或官方债务表复核。
CN-350500,350500,泉州市,35,福建省,地级市,core,2021,2021-12-31,prefecture_whole,official_debt,11304.00,8.10,,504.54,672.28,,,,,,,1865.66,,16.50,369.77,369.77,75.05,,,未采集,SRC-CITY-PANEL-1990-2023;SRC-OFFICIAL-DEBT-FUJIAN-QUANZHOU-2021,A2,extracted,true,已从省级财政厅官方地级行政单元债务明细表提取；经济财政字段与债务字段的来源状态分开记录。
CN-350600,350600,漳州市,35,福建省,地级市,core,2021,2021-12-31,prefecture_whole,secondary_debt,5025.00,7.65,,246.18,420.25,,,,,,,941.96,,18.75,382.63,382.63,58.58,,,未采集,SRC-CITY-PANEL-1990-2023;SRC-SECONDARY-RATING-FUJIAN-ZHANGZHOU-2024,B2,needs_review,true,已接入评级报告或其他二手公开来源的债务补缺值；不等同于官方决算数据，必须回到财政/人大预算决算或官方债务表复核。
CN-350700,350700,南平市,35,福建省,地级市,core,2021,2021-12-31,prefecture_whole,secondary_debt,2118.00,6.45,,102.30,308.51,,,230.91,,350.05,,580.95,,27.43,567.89,567.89,33.16,,,未采集,SRC-CITY-PANEL-1990-2023;SRC-SECONDARY-DEBT-FUJIAN-NANPING-2021,B2,needs_review,true,已接入评级报告或其他二手公开来源的债务补缺值；不等同于官方决算数据，必须回到财政/人大预算决算或官方债务表复核。
CN-350800,350800,龙岩市,35,福建省,地级市,core,2021,2021-12-31,prefecture_whole,secondary_debt,3082.00,7.70,,169.46,344.56,,,,,,,877.80,,28.48,518.00,518.00,49.18,,,未采集,SRC-CITY-PANEL-1990-2023;SRC-SECONDARY-RATING-FUJIAN-LONGYAN-2023,B2,needs_review,true,已接入评级报告或其他二手公开来源的债务补缺值；不等同于官方决算数据，必须回到财政/人大预算决算或官方债务表复核。
CN-350900,350900,宁德市,35,福建省,地级市,core,2021,2021-12-31,prefecture_whole,secondary_debt,3151.00,13.25,,158.05,343.68,,,255.68,,417.69,,673.37,,21.37,426.05,426.05,45.99,,,未采集,SRC-CITY-PANEL-1990-2023;SRC-SECONDARY-DEBT-FUJIAN-NINGDE-2021,B2,needs_review,true,已接入评级报告或其他二手公开来源的债务补缺值；不等同于官方决算数据，必须回到财政/人大预算决算或官方债务表复核。
CN-360100,360100,南昌市,36,江西省,地级市,core,2021,2021-12-31,prefecture_whole,official_debt,6651.00,8.70,,484.83,870.01,,,,,,,1375.50,,20.68,283.71,283.71,55.73,,,未采集,SRC-CITY-PANEL-1990-2023;SRC-SECONDARY-DEBT-JIANGXI-NANCHANG-2021,A2,extracted,true,已从省级财政厅官方地级行政单元债务明细表提取；经济财政字段与债务字段的来源状态分开记录。
CN-360200,360200,景德镇市,36,江西省,地级市,core,2021,2021-12-31,prefecture_whole,official_debt,1102.00,8.70,,101.49,226.01,,,150.65,,250.21,,400.86,,36.38,394.97,394.97,44.91,,,未采集,SRC-CITY-PANEL-1990-2023;SRC-SECONDARY-DEBT-JIANGXI-NANCHANG-2021,A2,extracted,true,已从省级财政厅官方地级行政单元债务明细表提取；经济财政字段与债务字段的来源状态分开记录。
CN-360300,360300,萍乡市,36,江西省,地级市,core,2021,2021-12-31,prefecture_whole,official_debt,1108.00,8.30,,108.63,289.97,,,,,,,486.09,,43.87,447.47,447.47,37.46,,,未采集,SRC-CITY-PANEL-1990-2023;SRC-SECONDARY-DEBT-JIANGXI-NANCHANG-2021,A2,extracted,true,已从省级财政厅官方地级行政单元债务明细表提取；经济财政字段与债务字段的来源状态分开记录。
CN-360400,360400,九江市,36,江西省,地级市,core,2021,2021-12-31,prefecture_whole,official_debt,3736.00,8.80,,292.23,624.47,,,395.32,,598.32,,993.64,,26.60,340.02,340.02,46.80,,,未采集,SRC-CITY-PANEL-1990-2023;SRC-SECONDARY-DEBT-JIANGXI-NANCHANG-2021,A2,extracted,true,已从省级财政厅官方地级行政单元债务明细表提取；经济财政字段与债务字段的来源状态分开记录。
CN-360500,360500,新余市,36,江西省,地级市,core,2021,2021-12-31,prefecture_whole,official_debt,1155.00,8.30,,81.58,157.72,,,,,,,301.42,,26.10,369.48,369.48,51.72,,,未采集,SRC-CITY-PANEL-1990-2023;SRC-SECONDARY-DEBT-JIANGXI-NANCHANG-2021,A2,extracted,true,已从省级财政厅官方地级行政单元债务明细表提取；经济财政字段与债务字段的来源状态分开记录。
CN-360600,360600,鹰潭市,36,江西省,地级市,core,2021,2021-12-31,prefecture_whole,official_debt,1144.00,9.30,,92.61,188.65,,,,,,,337.57,,29.51,364.51,364.51,49.09,,,未采集,SRC-CITY-PANEL-1990-2023;SRC-SECONDARY-DEBT-JIANGXI-NANCHANG-2021,A2,extracted,true,已从省级财政厅官方地级行政单元债务明细表提取；经济财政字段与债务字段的来源状态分开记录。
CN-360700,360700,赣州市,36,江西省,地级市,core,2021,2021-12-31,prefecture_whole,official_debt,4169.00,9.10,,294.07,961.09,,,,,,,1188.86,,28.52,404.28,404.28,30.60,,,未采集,SRC-CITY-PANEL-1990-2023;SRC-SECONDARY-DEBT-JIANGXI-NANCHANG-2021,A2,extracted,true,已从省级财政厅官方地级行政单元债务明细表提取；经济财政字段与债务字段的来源状态分开记录。
CN-360800,360800,吉安市,36,江西省,地级市,core,2021,2021-12-31,prefecture_whole,official_debt,2526.00,9.00,,181.95,559.42,,,,,,,662.30,,26.22,364.00,364.00,32.52,,,未采集,SRC-CITY-PANEL-1990-2023;SRC-SECONDARY-DEBT-JIANGXI-NANCHANG-2021,A2,extracted,true,已从省级财政厅官方地级行政单元债务明细表提取；经济财政字段与债务字段的来源状态分开记录。
CN-360900,360900,宜春市,36,江西省,地级市,core,2021,2021-12-31,prefecture_whole,official_debt,3191.00,8.90,,254.22,649.05,,,291.55,,476.61,,768.16,,24.07,302.16,302.16,39.17,,,未采集,SRC-CITY-PANEL-1990-2023;SRC-SECONDARY-DEBT-JIANGXI-NANCHANG-2021,A2,extracted,true,已从省级财政厅官方地级行政单元债务明细表提取；经济财政字段与债务字段的来源状态分开记录。
CN-361000,361000,抚州市,36,江西省,地级市,core,2021,2021-12-31,prefecture_whole,official_debt,1795.00,8.00,,131.86,501.33,,,241.50,,355.94,,597.44,,33.28,453.09,453.09,26.30,,,未采集,SRC-CITY-PANEL-1990-2023;SRC-SECONDARY-DEBT-JIANGXI-NANCHANG-2021,A2,extracted,true,已从省级财政厅官方地级行政单元债务明细表提取；经济财政字段与债务字段的来源状态分开记录。
CN-361100,361100,上饶市,36,江西省,地级市,core,2021,2021-12-31,prefecture_whole,official_debt,3043.00,9.00,,235.96,753.13,,,,,,,868.21,,28.53,367.95,367.95,31.33,,,未采集,SRC-CITY-PANEL-1990-2023;SRC-SECONDARY-DEBT-JIANGXI-NANCHANG-2021,A2,extracted,true,已从省级财政厅官方地级行政单元债务明细表提取；经济财政字段与债务字段的来源状态分开记录。
CN-370100,370100,济南市,37,山东省,地级市,core,2021,2021-12-31,prefecture_whole,official_debt,11432.00,7.15,,1007.61,1292.71,,286.61,233.75,2085.62,1885.74,2372.23,2119.49,89.35,18.54,210.35,210.35,77.95,,,未采集,SRC-CITY-PANEL-1990-2023;SRC-OFFICIAL-DEBT-SHANDONG-2021-TABLE52,A1,extracted,true,已从省级财政厅官方地级行政单元债务明细表提取；经济财政字段与债务字段的来源状态分开记录。
CN-370200,370200,青岛市,37,山东省,地级市,core,2021,2021-12-31,prefecture_whole,official_debt,14136.00,8.30,,1368.30,1706.76,,1142.65,952.15,1723.60,1606.92,2866.25,2559.07,89.28,18.10,187.03,187.03,80.17,,,未采集,SRC-CITY-PANEL-1990-2023;SRC-OFFICIAL-DEBT-SHANDONG-2021-TABLE52,A1,extracted,true,已从省级财政厅官方地级行政单元债务明细表提取；经济财政字段与债务字段的来源状态分开记录。
CN-370300,370300,淄博市,37,山东省,地级市,core,2021,2021-12-31,prefecture_whole,official_debt,4201.00,9.40,,368.98,522.68,,382.54,373.45,586.83,572.82,969.37,946.27,97.62,22.52,256.46,256.46,70.59,,,未采集,SRC-CITY-PANEL-1990-2023;SRC-OFFICIAL-DEBT-SHANDONG-2021-TABLE52,A1,extracted,true,已从省级财政厅官方地级行政单元债务明细表提取；经济财政字段与债务字段的来源状态分开记录。
CN-370400,370400,枣庄市,37,山东省,地级市,core,2021,2021-12-31,prefecture_whole,official_debt,1952.00,8.30,,158.91,273.88,,198.23,195.04,370.60,366.60,568.83,561.64,98.74,28.77,353.43,353.43,58.02,,,未采集,SRC-CITY-PANEL-1990-2023;SRC-OFFICIAL-DEBT-SHANDONG-2021-TABLE52,A1,extracted,true,已从省级财政厅官方地级行政单元债务明细表提取；经济财政字段与债务字段的来源状态分开记录。
CN-370500,370500,东营市,37,山东省,地级市,core,2021,2021-12-31,prefecture_whole,official_debt,3442.00,8.50,,261.83,301.13,,254.10,248.07,374.96,367.72,629.06,615.79,97.89,17.89,235.19,235.19,86.95,,,未采集,SRC-CITY-PANEL-1990-2023;SRC-OFFICIAL-DEBT-SHANDONG-2021-TABLE52,A1,extracted,true,已从省级财政厅官方地级行政单元债务明细表提取；经济财政字段与债务字段的来源状态分开记录。
CN-370600,370600,烟台市,37,山东省,地级市,core,2021,2021-12-31,prefecture_whole,official_debt,8712.00,8.00,,646.64,802.93,,709.24,680.56,893.88,860.19,1603.12,1540.75,96.11,17.69,238.27,238.27,80.54,,,未采集,SRC-CITY-PANEL-1990-2023;SRC-OFFICIAL-DEBT-SHANDONG-2021-TABLE52,A1,extracted,true,已从省级财政厅官方地级行政单元债务明细表提取；经济财政字段与债务字段的来源状态分开记录。
CN-370700,370700,潍坊市,37,山东省,地级市,core,2021,2021-12-31,prefecture_whole,official_debt,7011.00,9.67,,656.90,879.84,,719.16,703.81,982.02,968.62,1701.18,1672.43,98.31,23.85,254.59,254.59,74.66,,,未采集,SRC-CITY-PANEL-1990-2023;SRC-OFFICIAL-DEBT-SHANDONG-2021-TABLE52,A1,extracted,true,已从省级财政厅官方地级行政单元债务明细表提取；经济财政字段与债务字段的来源状态分开记录。
CN-370800,370800,济宁市,37,山东省,地级市,core,2021,2021-12-31,prefecture_whole,official_debt,5070.00,8.50,,440.52,727.23,,526.45,509.06,856.43,836.12,1382.88,1345.18,97.27,26.53,305.36,305.36,60.58,,,未采集,SRC-CITY-PANEL-1990-2023;SRC-OFFICIAL-DEBT-SHANDONG-2021-TABLE52,A1,extracted,true,已从省级财政厅官方地级行政单元债务明细表提取；经济财政字段与债务字段的来源状态分开记录。
CN-370900,370900,泰安市,37,山东省,地级市,core,2021,2021-12-31,prefecture_whole,official_debt,2997.00,6.10,,230.54,428.19,,376.20,370.64,372.07,352.60,748.27,723.24,96.65,24.13,313.72,313.72,53.84,,,未采集,SRC-CITY-PANEL-1990-2023;SRC-OFFICIAL-DEBT-SHANDONG-2021-TABLE52,A1,extracted,true,已从省级财政厅官方地级行政单元债务明细表提取；经济财政字段与债务字段的来源状态分开记录。
CN-371000,371000,威海市,37,山东省,地级市,core,2021,2021-12-31,prefecture_whole,official_debt,3464.00,7.50,,266.88,343.50,,317.90,309.18,501.54,485.55,819.44,794.73,96.98,22.94,297.79,297.79,77.69,,,未采集,SRC-CITY-PANEL-1990-2023;SRC-OFFICIAL-DEBT-SHANDONG-2021-TABLE52,A1,extracted,true,已从省级财政厅官方地级行政单元债务明细表提取；经济财政字段与债务字段的来源状态分开记录。
CN-371100,371100,日照市,37,山东省,地级市,core,2021,2021-12-31,prefecture_whole,official_debt,2212.00,6.80,,187.49,270.58,,136.16,128.88,352.89,331.53,489.05,460.41,94.14,20.81,245.57,245.57,69.29,,,未采集,SRC-CITY-PANEL-1990-2023;SRC-OFFICIAL-DEBT-SHANDONG-2021-TABLE52,A1,extracted,true,已从省级财政厅官方地级行政单元债务明细表提取；经济财政字段与债务字段的来源状态分开记录。
CN-371300,371300,临沂市,37,山东省,地级市,core,2021,2021-12-31,prefecture_whole,official_debt,5466.00,8.70,,409.48,806.62,,346.32,330.57,974.95,926.81,1321.27,1257.38,95.16,23.00,307.07,307.07,50.76,,,未采集,SRC-CITY-PANEL-1990-2023;SRC-OFFICIAL-DEBT-SHANDONG-2021-TABLE52,A1,extracted,true,已从省级财政厅官方地级行政单元债务明细表提取；经济财政字段与债务字段的来源状态分开记录。
CN-371400,371400,德州市,37,山东省,地级市,core,2021,2021-12-31,prefecture_whole,official_debt,3489.00,8.30,,234.09,493.36,,381.65,355.06,596.22,570.40,977.87,925.46,94.64,26.53,395.34,395.34,47.45,,,未采集,SRC-CITY-PANEL-1990-2023;SRC-OFFICIAL-DEBT-SHANDONG-2021-TABLE52,A1,extracted,true,已从省级财政厅官方地级行政单元债务明细表提取；经济财政字段与债务字段的来源状态分开记录。
CN-371500,371500,聊城市,37,山东省,地级市,core,2021,2021-12-31,prefecture_whole,official_debt,2643.00,8.40,,230.32,487.99,,222.46,212.25,626.45,607.24,848.91,819.49,96.53,31.01,355.80,355.80,47.20,,,未采集,SRC-CITY-PANEL-1990-2023;SRC-OFFICIAL-DEBT-SHANDONG-2021-TABLE52,A1,extracted,true,已从省级财政厅官方地级行政单元债务明细表提取；经济财政字段与债务字段的来源状态分开记录。
CN-371600,371600,滨州市,37,山东省,地级市,core,2021,2021-12-31,prefecture_whole,official_debt,2872.00,8.30,,287.31,478.18,,358.67,325.99,727.79,683.81,1086.46,1009.80,92.94,35.16,351.47,351.47,60.08,,,未采集,SRC-CITY-PANEL-1990-2023;SRC-OFFICIAL-DEBT-SHANDONG-2021-TABLE52,A1,extracted,true,已从省级财政厅官方地级行政单元债务明细表提取；经济财政字段与债务字段的来源状态分开记录。
CN-371700,371700,菏泽市,37,山东省,地级市,core,2021,2021-12-31,prefecture_whole,official_debt,3977.00,8.80,,283.89,633.12,,161.75,150.41,983.81,957.32,1145.56,1107.73,96.70,27.85,390.20,390.20,44.84,,,未采集,SRC-CITY-PANEL-1990-2023;SRC-OFFICIAL-DEBT-SHANDONG-2021-TABLE52,A1,extracted,true,已从省级财政厅官方地级行政单元债务明细表提取；经济财政字段与债务字段的来源状态分开记录。
CN-410100,410100,郑州市,41,河南省,地级市,core,2021,2021-12-31,prefecture_whole,secondary_debt,12691.00,4.70,,1223.63,1624.44,,,,,,,2503.80,,19.73,204.62,204.62,75.33,,,未采集,SRC-CITY-PANEL-1990-2023;SRC-SECONDARY-RATING-HENAN-2020-2022-CITY-CHART,B2,needs_review,true,已接入评级报告或其他二手公开来源的债务补缺值；不等同于官方决算数据，必须回到财政/人大预算决算或官方债务表复核。
CN-410200,410200,开封市,41,河南省,地级市,core,2021,2021-12-31,prefecture_whole,secondary_debt,2557.00,7.20,,179.27,429.47,,,,,,,564.50,,22.08,314.89,314.89,41.74,,,未采集,SRC-CITY-PANEL-1990-2023;SRC-SECONDARY-RATING-HENAN-2020-2022-CITY-CHART,B2,needs_review,true,已接入评级报告或其他二手公开来源的债务补缺值；不等同于官方决算数据，必须回到财政/人大预算决算或官方债务表复核。
CN-410300,410300,洛阳市,41,河南省,地级市,core,2021,2021-12-31,prefecture_whole,secondary_debt,5447.00,4.80,,397.92,641.71,,,,,,,621.00,,11.40,156.06,156.06,62.01,,,未采集,SRC-CITY-PANEL-1990-2023;SRC-SECONDARY-RATING-HENAN-2020-2022-CITY-CHART,B2,needs_review,true,已接入评级报告或其他二手公开来源的债务补缺值；不等同于官方决算数据，必须回到财政/人大预算决算或官方债务表复核。
CN-410400,410400,平顶山市,41,河南省,地级市,core,2021,2021-12-31,prefecture_whole,secondary_debt,2694.00,7.08,,203.21,336.33,,,,,,,386.80,,14.36,190.34,190.34,60.42,,,未采集,SRC-CITY-PANEL-1990-2023;SRC-SECONDARY-RATING-HENAN-2020-2022-CITY-CHART,B2,needs_review,true,已接入评级报告或其他二手公开来源的债务补缺值；不等同于官方决算数据，必须回到财政/人大预算决算或官方债务表复核。
CN-410500,410500,安阳市,41,河南省,地级市,core,2021,2021-12-31,prefecture_whole,secondary_debt,2435.00,4.97,,200.58,374.28,,,,,,,491.80,,20.20,245.19,245.19,53.59,,,未采集,SRC-CITY-PANEL-1990-2023;SRC-SECONDARY-RATING-HENAN-2020-2022-CITY-CHART,B2,needs_review,true,已接入评级报告或其他二手公开来源的债务补缺值；不等同于官方决算数据，必须回到财政/人大预算决算或官方债务表复核。
CN-410600,410600,鹤壁市,41,河南省,地级市,core,2021,2021-12-31,prefecture_whole,secondary_debt,1065.00,6.68,,73.69,170.26,,,,,,,419.00,,39.34,568.60,568.60,43.28,,,未采集,SRC-CITY-PANEL-1990-2023;SRC-SECONDARY-RATING-HENAN-2020-2022-CITY-CHART,B2,needs_review,true,已接入评级报告或其他二手公开来源的债务补缺值；不等同于官方决算数据，必须回到财政/人大预算决算或官方债务表复核。
CN-410700,410700,新乡市,41,河南省,地级市,core,2021,2021-12-31,prefecture_whole,secondary_debt,3233.00,6.60,,208.28,440.31,,,,,,,532.10,,16.46,255.47,255.47,47.30,,,未采集,SRC-CITY-PANEL-1990-2023;SRC-SECONDARY-RATING-HENAN-2020-2022-CITY-CHART,B2,needs_review,true,已接入评级报告或其他二手公开来源的债务补缺值；不等同于官方决算数据，必须回到财政/人大预算决算或官方债务表复核。
CN-410800,410800,焦作市,41,河南省,地级市,core,2021,2021-12-31,prefecture_whole,secondary_debt,2137.00,4.40,,160.72,270.83,,,,,,,637.20,,29.82,396.47,396.47,59.34,,,未采集,SRC-CITY-PANEL-1990-2023;SRC-SECONDARY-RATING-HENAN-2020-2022-CITY-CHART,B2,needs_review,true,已接入评级报告或其他二手公开来源的债务补缺值；不等同于官方决算数据，必须回到财政/人大预算决算或官方债务表复核。
CN-410900,410900,濮阳市,41,河南省,地级市,core,2021,2021-12-31,prefecture_whole,secondary_debt,1772.00,8.40,,112.68,289.84,,,,,,,265.60,,14.99,235.71,235.71,38.88,,,未采集,SRC-CITY-PANEL-1990-2023;SRC-SECONDARY-RATING-HENAN-2020-2022-CITY-CHART,B2,needs_review,true,已接入评级报告或其他二手公开来源的债务补缺值；不等同于官方决算数据，必须回到财政/人大预算决算或官方债务表复核。
CN-411000,411000,许昌市,41,河南省,地级市,core,2021,2021-12-31,prefecture_whole,secondary_debt,3655.00,5.50,,189.12,325.75,,,,,,,588.70,,16.11,311.28,311.28,58.06,,,未采集,SRC-CITY-PANEL-1990-2023;SRC-SECONDARY-RATING-HENAN-2020-2022-CITY-CHART,B2,needs_review,true,已接入评级报告或其他二手公开来源的债务补缺值；不等同于官方决算数据，必须回到财政/人大预算决算或官方债务表复核。
CN-411100,411100,漯河市,41,河南省,地级市,core,2021,2021-12-31,prefecture_whole,secondary_debt,1721.00,9.10,,114.54,213.53,,,,,,,265.60,,15.43,231.88,231.88,53.64,,,未采集,SRC-CITY-PANEL-1990-2023;SRC-SECONDARY-RATING-HENAN-2020-2022-CITY-CHART,B2,needs_review,true,已接入评级报告或其他二手公开来源的债务补缺值；不等同于官方决算数据，必须回到财政/人大预算决算或官方债务表复核。
CN-411200,411200,三门峡市,41,河南省,地级市,core,2021,2021-12-31,prefecture_whole,secondary_debt,1583.00,7.48,,142.44,250.49,,,,,,,273.60,,17.28,192.08,192.08,56.86,,,未采集,SRC-CITY-PANEL-1990-2023;SRC-SECONDARY-RATING-HENAN-2020-2022-CITY-CHART,B2,needs_review,true,已接入评级报告或其他二手公开来源的债务补缺值；不等同于官方决算数据，必须回到财政/人大预算决算或官方债务表复核。
CN-411300,411300,南阳市,41,河南省,地级市,core,2021,2021-12-31,prefecture_whole,secondary_debt,4342.00,9.00,,224.83,691.56,,,,,,,835.82,,19.25,371.76,371.76,32.51,,,未采集,SRC-CITY-PANEL-1990-2023;SRC-SECONDARY-RATING-HENAN-2020-2022-CITY-CHART,B2,needs_review,true,已接入评级报告或其他二手公开来源的债务补缺值；不等同于官方决算数据，必须回到财政/人大预算决算或官方债务表复核。
CN-411400,411400,商丘市,41,河南省,地级市,core,2021,2021-12-31,prefecture_whole,secondary_debt,3083.00,4.00,,190.13,514.67,,,,,,,661.40,,21.45,347.87,347.87,36.94,,,未采集,SRC-CITY-PANEL-1990-2023;SRC-SECONDARY-RATING-HENAN-2020-2022-CITY-CHART,B2,needs_review,true,已接入评级报告或其他二手公开来源的债务补缺值；不等同于官方决算数据，必须回到财政/人大预算决算或官方债务表复核。
CN-411500,411500,信阳市,41,河南省,地级市,core,2021,2021-12-31,prefecture_whole,secondary_debt,3065.00,6.50,,135.39,610.53,,,,,,,491.80,,16.05,363.25,363.25,22.18,,,未采集,SRC-CITY-PANEL-1990-2023;SRC-SECONDARY-RATING-HENAN-2020-2022-CITY-CHART,B2,needs_review,true,已接入评级报告或其他二手公开来源的债务补缺值；不等同于官方决算数据，必须回到财政/人大预算决算或官方债务表复核。
CN-411600,411600,周口市,41,河南省,地级市,core,2021,2021-12-31,prefecture_whole,secondary_debt,3496.00,6.30,,158.24,666.80,,,,,,,516.00,,14.76,326.09,326.09,23.73,,,未采集,SRC-CITY-PANEL-1990-2023;SRC-SECONDARY-RATING-HENAN-2020-2022-CITY-CHART,B2,needs_review,true,已接入评级报告或其他二手公开来源的债务补缺值；不等同于官方决算数据，必须回到财政/人大预算决算或官方债务表复核。
CN-411700,411700,驻马店市,41,河南省,地级市,core,2021,2021-12-31,prefecture_whole,secondary_debt,3083.00,7.21,,181.61,479.51,,,,,,,588.70,,19.10,324.16,324.16,37.87,,,未采集,SRC-CITY-PANEL-1990-2023;SRC-SECONDARY-RATING-HENAN-2020-2022-CITY-CHART,B2,needs_review,true,已接入评级报告或其他二手公开来源的债务补缺值；不等同于官方决算数据，必须回到财政/人大预算决算或官方债务表复核。
CN-419000,419000,省直辖县级行政区划,41,河南省,地级市,core,2021,2021-12-31,prefecture_whole,secondary_debt,,,,,,,,,,,,100.70,,,,,,,,未采集,SRC-SECONDARY-RATING-HENAN-2020-2022-CITY-CHART,B2,needs_review,true,已接入评级报告或其他二手公开来源的债务补缺值；不等同于官方决算数据，必须回到财政/人大预算决算或官方债务表复核。
CN-420100,420100,武汉市,42,湖北省,地级市,core,2021,2021-12-31,prefecture_whole,official_debt,17717.00,12.15,,1578.65,2215.97,,1801.09,1762.53,3832.39,3811.20,5633.48,5573.73,98.94,31.46,353.07,353.07,71.24,,,未采集,SRC-CITY-PANEL-1990-2023;SRC-OFFICIAL-DEBT-HUBEI-WUHAN-2021,A1,extracted,true,已从省级财政厅官方地级行政单元债务明细表提取；经济财政字段与债务字段的来源状态分开记录。
CN-420200,420200,黄石市,42,湖北省,地级市,core,2021,2021-12-31,prefecture_whole,official_debt,1866.00,13.00,,125.69,249.87,,184.13,161.83,195.89,178.66,380.01,340.49,89.60,18.25,270.90,270.90,50.30,,,未采集,SRC-CITY-PANEL-1990-2023;SRC-OFFICIAL-DEBT-HUBEI-HUANGSHI-2021,A1,extracted,true,已从省级财政厅官方地级行政单元债务明细表提取；经济财政字段与债务字段的来源状态分开记录。
CN-420300,420300,十堰市,42,湖北省,地级市,core,2021,2021-12-31,prefecture_whole,secondary_debt,2164.00,11.50,,115.62,375.86,,,,,,,514.79,,23.79,445.24,445.24,30.76,,,未采集,SRC-CITY-PANEL-1990-2023;SRC-SECONDARY-CEIC-CN-420300,D,needs_review,true,已接入商业数据库公开城市债务页的 provisional 补缺值；经济财政字段与债务字段来源状态分开记录，必须回到官方预算/决算或统计公报复核。
CN-420500,420500,宜昌市,42,湖北省,地级市,core,2021,2021-12-31,prefecture_whole,secondary_debt,5023.00,16.80,,198.42,483.70,,,384.60,,419.40,,804.00,,16.01,405.20,405.20,41.02,,,未采集,SRC-CITY-PANEL-1990-2023;SRC-SECONDARY-DEBT-HUBEI-YICHANG-2021,B2,needs_review,true,已接入评级报告或其他二手公开来源的债务补缺值；不等同于官方决算数据，必须回到财政/人大预算决算或官方债务表复核。
CN-420600,420600,襄阳市,42,湖北省,地级市,core,2021,2021-12-31,prefecture_whole,secondary_debt,5309.00,14.70,,211.34,604.61,,,398.40,,461.20,,859.60,,16.19,406.74,406.74,34.95,,,未采集,SRC-CITY-PANEL-1990-2023;SRC-SECONDARY-DEBT-HUBEI-XIANGYANG-2021,B2,needs_review,true,已接入评级报告或其他二手公开来源的债务补缺值；不等同于官方决算数据，必须回到财政/人大预算决算或官方债务表复核。
CN-420700,420700,鄂州市,42,湖北省,地级市,core,2021,2021-12-31,prefecture_whole,official_debt,1162.00,12.85,,68.88,123.24,,85.76,85.76,186.68,186.68,272.44,272.44,100.00,23.45,395.53,395.53,55.89,,,未采集,SRC-CITY-PANEL-1990-2023;SRC-OFFICIAL-DEBT-HUBEI-EZHOU-2021,A1,extracted,true,已从省级财政厅官方地级行政单元债务明细表提取；经济财政字段与债务字段的来源状态分开记录。
CN-420800,420800,荆门市,42,湖北省,地级市,core,2021,2021-12-31,prefecture_whole,secondary_debt,2121.00,10.80,,103.17,239.44,,,,,,,338.70,,15.97,328.29,328.29,43.09,,,未采集,SRC-CITY-PANEL-1990-2023;SRC-SECONDARY-DEBT-HUBEI-JINGMEN-2021,B2,needs_review,true,已接入评级报告或其他二手公开来源的债务补缺值；不等同于官方决算数据，必须回到财政/人大预算决算或官方债务表复核。
CN-420900,420900,孝感市,42,湖北省,地级市,core,2021,2021-12-31,prefecture_whole,secondary_debt,2562.00,13.40,,134.77,405.30,,,,,,,453.86,,17.72,336.77,336.77,33.25,,,未采集,SRC-CITY-PANEL-1990-2023;SRC-SECONDARY-CEIC-CN-420900,D,needs_review,true,已接入商业数据库公开城市债务页的 provisional 补缺值；经济财政字段与债务字段来源状态分开记录，必须回到官方预算/决算或统计公报复核。
CN-421000,421000,荆州市,42,湖北省,地级市,core,2021,2021-12-31,prefecture_whole,secondary_debt,2716.00,11.96,,136.76,438.99,,,,,,,573.16,,21.10,419.10,419.10,31.15,,,未采集,SRC-CITY-PANEL-1990-2023;SRC-SECONDARY-CEIC-CN-421000,D,needs_review,true,已接入商业数据库公开城市债务页的 provisional 补缺值；经济财政字段与债务字段来源状态分开记录，必须回到官方预算/决算或统计公报复核。
CN-421100,421100,黄冈市,42,湖北省,地级市,core,2021,2021-12-31,prefecture_whole,secondary_debt,2541.00,13.80,,141.01,507.83,,,,,,,546.03,,21.49,387.23,387.23,27.77,,,未采集,SRC-CITY-PANEL-1990-2023;SRC-SECONDARY-DEBT-HUBEI-HUANGGANG-2021,B2,needs_review,true,已接入评级报告或其他二手公开来源的债务补缺值；不等同于官方决算数据，必须回到财政/人大预算决算或官方债务表复核。
CN-421200,421200,咸宁市,42,湖北省,地级市,core,2021,2021-12-31,prefecture_whole,secondary_debt,1752.00,12.79,,94.09,278.48,,,,,,,281.06,,16.04,298.71,298.71,33.79,,,未采集,SRC-CITY-PANEL-1990-2023;SRC-SECONDARY-CEIC-CN-421200,D,needs_review,true,已接入商业数据库公开城市债务页的 provisional 补缺值；经济财政字段与债务字段来源状态分开记录，必须回到官方预算/决算或统计公报复核。
CN-421300,421300,随州市,42,湖北省,地级市,core,2021,2021-12-31,prefecture_whole,secondary_debt,1241.00,12.00,,50.38,149.17,,,,,,,192.67,,15.53,382.43,382.43,33.77,,,未采集,SRC-CITY-PANEL-1990-2023;SRC-SECONDARY-DEBT-HUBEI-SUIZHOU-2021,B2,needs_review,true,已接入评级报告或其他二手公开来源的债务补缺值；不等同于官方决算数据，必须回到财政/人大预算决算或官方债务表复核。
CN-422800,422800,恩施土家族苗族自治州,42,湖北省,自治州,extended,2021,2021-12-31,prefecture_whole,secondary_debt,,,,,,,,,,,,450.00,,,,,,,,未采集,SRC-SECONDARY-RATING-HUBEI-2019-2021-CITY-CHART,B2,needs_review,true,已接入评级报告或其他二手公开来源的债务补缺值；不等同于官方决算数据，必须回到财政/人大预算决算或官方债务表复核。
CN-429000,429000,省直辖县级行政区划,42,湖北省,地级市,core,2021,2021-12-31,prefecture_whole,secondary_debt,,,,,,,,,,,,276.16,,,,,,,,未采集,SRC-SECONDARY-DEBT-HUBEI-2021-DIRECT-AGG,B2,needs_review,true,已接入评级报告或其他二手公开来源的债务补缺值；不等同于官方决算数据，必须回到财政/人大预算决算或官方债务表复核。
CN-430100,430100,长沙市,43,湖南省,地级市,core,2021,2021-12-31,prefecture_whole,official_debt,13271.00,7.50,,1188.31,1541.59,,684.67,683.02,1876.47,1871.47,2561.14,2554.49,99.74,19.25,214.97,214.97,77.08,,,未采集,SRC-CITY-PANEL-1990-2023;SRC-PROVINCE-DEBT-HUNAN-2021,A1,extracted,true,已从省级财政厅官方地级行政单元债务明细表提取；经济财政字段与债务字段的来源状态分开记录。
CN-430200,430200,株洲市,43,湖南省,地级市,core,2021,2021-12-31,prefecture_whole,official_debt,3420.00,8.27,,179.82,487.36,,384.38,382.75,532.84,522.84,917.22,905.59,98.73,26.48,503.61,503.61,36.90,,,未采集,SRC-CITY-PANEL-1990-2023;SRC-PROVINCE-DEBT-HUNAN-2021,A1,extracted,true,已从省级财政厅官方地级行政单元债务明细表提取；经济财政字段与债务字段的来源状态分开记录。
CN-430300,430300,湘潭市,43,湖南省,地级市,core,2021,2021-12-31,prefecture_whole,official_debt,2548.00,7.80,,126.77,273.66,,359.66,357.72,441.12,433.12,800.78,790.84,98.76,31.04,623.84,623.84,46.32,,,未采集,SRC-CITY-PANEL-1990-2023;SRC-PROVINCE-DEBT-HUNAN-2021,A1,extracted,true,已从省级财政厅官方地级行政单元债务明细表提取；经济财政字段与债务字段的来源状态分开记录。
CN-430400,430400,衡阳市,43,湖南省,地级市,core,2021,2021-12-31,prefecture_whole,official_debt,3840.00,8.10,,183.93,564.63,,438.76,430.22,590.44,590.44,1029.20,1020.66,99.17,26.58,554.92,554.92,32.58,,,未采集,SRC-CITY-PANEL-1990-2023;SRC-PROVINCE-DEBT-HUNAN-2021,A1,extracted,true,已从省级财政厅官方地级行政单元债务明细表提取；经济财政字段与债务字段的来源状态分开记录。
CN-430500,430500,邵阳市,43,湖南省,地级市,core,2021,2021-12-31,prefecture_whole,official_debt,2462.00,8.50,,118.50,583.87,,338.47,337.01,332.14,332.14,670.61,669.15,99.78,27.18,564.68,564.68,20.30,,,未采集,SRC-CITY-PANEL-1990-2023;SRC-PROVINCE-DEBT-HUNAN-2021,A1,extracted,true,已从省级财政厅官方地级行政单元债务明细表提取；经济财政字段与债务字段的来源状态分开记录。
CN-430600,430600,岳阳市,43,湖南省,地级市,core,2021,2021-12-31,prefecture_whole,official_debt,4403.00,8.10,,171.14,535.02,,363.88,360.93,433.84,433.83,797.71,794.77,99.63,18.05,464.40,464.40,31.99,,,未采集,SRC-CITY-PANEL-1990-2023;SRC-PROVINCE-DEBT-HUNAN-2021,A1,extracted,true,已从省级财政厅官方地级行政单元债务明细表提取；经济财政字段与债务字段的来源状态分开记录。
CN-430700,430700,常德市,43,湖南省,地级市,core,2021,2021-12-31,prefecture_whole,official_debt,4054.00,7.70,,203.36,597.08,,501.01,498.94,301.75,301.75,802.76,800.69,99.74,19.75,393.73,393.73,34.06,,,未采集,SRC-CITY-PANEL-1990-2023;SRC-PROVINCE-DEBT-HUNAN-2021,A1,extracted,true,已从省级财政厅官方地级行政单元债务明细表提取；经济财政字段与债务字段的来源状态分开记录。
CN-430800,430800,张家界市,43,湖南省,地级市,core,2021,2021-12-31,prefecture_whole,official_debt,580.00,4.50,,36.08,182.99,,153.04,152.22,140.31,140.31,293.35,292.54,99.72,50.44,810.81,810.81,19.72,,,未采集,SRC-CITY-PANEL-1990-2023;SRC-PROVINCE-DEBT-HUNAN-2021,A1,extracted,true,已从省级财政厅官方地级行政单元债务明细表提取；经济财政字段与债务字段的来源状态分开记录。
CN-430900,430900,益阳市,43,湖南省,地级市,core,2021,2021-12-31,prefecture_whole,official_debt,2019.00,8.30,,90.60,356.92,,243.58,241.97,270.21,270.21,513.79,512.18,99.69,25.37,565.32,565.32,25.38,,,未采集,SRC-CITY-PANEL-1990-2023;SRC-PROVINCE-DEBT-HUNAN-2021,A1,extracted,true,已从省级财政厅官方地级行政单元债务明细表提取；经济财政字段与债务字段的来源状态分开记录。
CN-431000,431000,郴州市,43,湖南省,地级市,core,2021,2021-12-31,prefecture_whole,official_debt,2770.00,8.80,,160.84,474.67,,582.89,576.09,361.62,361.62,944.52,937.71,99.28,33.85,583.01,583.01,33.88,,,未采集,SRC-CITY-PANEL-1990-2023;SRC-PROVINCE-DEBT-HUNAN-2021,A1,extracted,true,已从省级财政厅官方地级行政单元债务明细表提取；经济财政字段与债务字段的来源状态分开记录。
CN-431100,431100,永州市,43,湖南省,地级市,core,2021,2021-12-31,prefecture_whole,official_debt,2261.00,7.48,,143.95,494.23,,352.52,345.45,285.18,285.18,637.70,630.63,98.89,27.89,438.09,438.09,29.13,,,未采集,SRC-CITY-PANEL-1990-2023;SRC-PROVINCE-DEBT-HUNAN-2021,A1,extracted,true,已从省级财政厅官方地级行政单元债务明细表提取；经济财政字段与债务字段的来源状态分开记录。
CN-431200,431200,怀化市,43,湖南省,地级市,core,2021,2021-12-31,prefecture_whole,official_debt,1818.00,8.40,,111.98,469.66,,340.34,338.14,398.74,398.62,739.08,736.76,99.69,40.53,657.94,657.94,23.84,,,未采集,SRC-CITY-PANEL-1990-2023;SRC-PROVINCE-DEBT-HUNAN-2021,A1,extracted,true,已从省级财政厅官方地级行政单元债务明细表提取；经济财政字段与债务字段的来源状态分开记录。
CN-431300,431300,娄底市,43,湖南省,地级市,core,2021,2021-12-31,prefecture_whole,official_debt,1826.00,7.70,,90.77,338.44,,310.81,308.39,177.74,177.74,488.56,486.13,99.50,26.62,535.56,535.56,26.82,,,未采集,SRC-CITY-PANEL-1990-2023;SRC-PROVINCE-DEBT-HUNAN-2021,A1,extracted,true,已从省级财政厅官方地级行政单元债务明细表提取；经济财政字段与债务字段的来源状态分开记录。
CN-433100,433100,湘西土家族苗族自治州,43,湖南省,自治州,extended,2021,2021-12-31,prefecture_whole,official_debt,,,,,,,270.74,268.09,166.14,166.14,436.88,434.23,99.39,,,,,,,未采集,SRC-PROVINCE-DEBT-HUNAN-2021,A1,extracted,true,已从省级财政厅官方地级行政单元债务明细表提取；经济财政字段与债务字段的来源状态分开记录。
CN-440100,440100,广州市,44,广东省,地级市,core,2021,2021-12-31,prefecture_whole,official_debt,28232.00,8.10,,1884.26,3021.18,,1016.63,919.69,3156.12,2815.58,4172.75,3735.27,89.52,13.23,198.24,198.24,62.37,,,未采集,SRC-CITY-PANEL-1990-2023;SRC-CELMA-DEBT-GUANGDONG-2021,A2,extracted,true,已从省级财政厅官方地级行政单元债务明细表提取；经济财政字段与债务字段的来源状态分开记录。
CN-440200,440200,韶关市,44,广东省,地级市,core,2021,2021-12-31,prefecture_whole,official_debt,1554.00,8.60,,109.08,370.19,,230.29,185.45,275.53,184.71,505.82,370.16,73.18,23.82,339.35,339.35,29.47,,,未采集,SRC-CITY-PANEL-1990-2023;SRC-CELMA-DEBT-GUANGDONG-2021,A2,extracted,true,已从省级财政厅官方地级行政单元债务明细表提取；经济财政字段与债务字段的来源状态分开记录。
CN-440300,440300,深圳市,44,广东省,地级市,core,2021,2021-12-31,prefecture_whole,official_debt,30665.00,6.70,,4257.70,4570.22,,,115.88,,1304.10,,1419.97,,4.63,33.35,33.35,93.16,,,未采集,SRC-CITY-PANEL-1990-2023;SRC-CELMA-API-DEBT-4403-2021,A2,extracted,true,已从省级财政厅官方地级行政单元债务明细表提取；经济财政字段与债务字段的来源状态分开记录。
CN-440400,440400,珠海市,44,广东省,地级市,core,2021,2021-12-31,prefecture_whole,official_debt,3882.00,6.90,,448.19,786.66,,353.86,339.85,553.45,551.59,907.31,891.44,98.25,22.96,198.90,198.90,56.97,,,未采集,SRC-CITY-PANEL-1990-2023;SRC-CELMA-DEBT-GUANGDONG-2021,A2,extracted,true,已从省级财政厅官方地级行政单元债务明细表提取；经济财政字段与债务字段的来源状态分开记录。
CN-440500,440500,汕头市,44,广东省,地级市,core,2021,2021-12-31,prefecture_whole,official_debt,2930.00,6.10,,146.35,412.92,,160.77,153.15,471.36,464.49,632.13,617.64,97.71,21.08,422.03,422.03,35.44,,,未采集,SRC-CITY-PANEL-1990-2023;SRC-CELMA-DEBT-GUANGDONG-2021,A2,extracted,true,已从省级财政厅官方地级行政单元债务明细表提取；经济财政字段与债务字段的来源状态分开记录。
CN-440600,440600,佛山市,44,广东省,地级市,core,2021,2021-12-31,prefecture_whole,official_debt,12157.00,8.30,,808.26,1072.01,,536.11,235.61,1524.36,1081.67,2060.47,1317.28,63.93,10.84,162.98,162.98,75.40,,,未采集,SRC-CITY-PANEL-1990-2023;SRC-CELMA-DEBT-GUANGDONG-2021,A2,extracted,true,已从省级财政厅官方地级行政单元债务明细表提取；经济财政字段与债务字段的来源状态分开记录。
CN-440700,440700,江门市,44,广东省,地级市,core,2021,2021-12-31,prefecture_whole,official_debt,3601.00,8.40,,279.87,460.25,,340.76,316.41,410.41,405.64,751.17,722.05,96.12,20.05,257.99,257.99,60.81,,,未采集,SRC-CITY-PANEL-1990-2023;SRC-CELMA-DEBT-GUANGDONG-2021,A2,extracted,true,已从省级财政厅官方地级行政单元债务明细表提取；经济财政字段与债务字段的来源状态分开记录。
CN-440800,440800,湛江市,44,广东省,地级市,core,2021,2021-12-31,prefecture_whole,official_debt,3560.00,8.52,,160.40,547.39,,260.42,237.01,514.88,388.44,775.30,625.46,80.67,17.57,389.94,389.94,29.30,,,未采集,SRC-CITY-PANEL-1990-2023;SRC-CELMA-DEBT-GUANGDONG-2021,A2,extracted,true,已从省级财政厅官方地级行政单元债务明细表提取；经济财政字段与债务字段的来源状态分开记录。
CN-440900,440900,茂名市,44,广东省,地级市,core,2021,2021-12-31,prefecture_whole,official_debt,3698.00,7.60,,148.42,489.54,,206.44,183.51,345.36,280.21,551.80,463.72,84.04,12.54,312.44,312.44,30.32,,,未采集,SRC-CITY-PANEL-1990-2023;SRC-CELMA-DEBT-GUANGDONG-2021,A2,extracted,true,已从省级财政厅官方地级行政单元债务明细表提取；经济财政字段与债务字段的来源状态分开记录。
CN-441200,441200,肇庆市,44,广东省,地级市,core,2021,2021-12-31,prefecture_whole,official_debt,2650.00,10.52,,146.46,396.80,,242.22,182.70,635.60,506.54,877.82,689.24,78.52,26.01,470.60,470.60,36.91,,,未采集,SRC-CITY-PANEL-1990-2023;SRC-CELMA-DEBT-GUANGDONG-2021,A2,extracted,true,已从省级财政厅官方地级行政单元债务明细表提取；经济财政字段与债务字段的来源状态分开记录。
CN-441300,441300,惠州市,44,广东省,地级市,core,2021,2021-12-31,prefecture_whole,official_debt,4977.00,10.10,,455.39,663.31,,472.15,370.18,477.86,407.13,950.00,777.31,81.82,15.62,170.69,170.69,68.65,,,未采集,SRC-CITY-PANEL-1990-2023;SRC-CELMA-DEBT-GUANGDONG-2021,A2,extracted,true,已从省级财政厅官方地级行政单元债务明细表提取；经济财政字段与债务字段的来源状态分开记录。
CN-441400,441400,梅州市,44,广东省,地级市,core,2021,2021-12-31,prefecture_whole,official_debt,1308.00,5.54,,95.01,443.07,,322.27,208.88,298.83,167.84,621.09,376.72,60.65,28.80,396.51,396.51,21.44,,,未采集,SRC-CITY-PANEL-1990-2023;SRC-CELMA-DEBT-GUANGDONG-2021,A2,extracted,true,已从省级财政厅官方地级行政单元债务明细表提取；经济财政字段与债务字段的来源状态分开记录。
CN-441500,441500,汕尾市,44,广东省,地级市,core,2021,2021-12-31,prefecture_whole,official_debt,1288.00,12.72,,52.77,279.62,,99.75,66.32,307.17,160.24,406.93,226.56,55.68,17.59,429.33,429.33,18.87,,,未采集,SRC-CITY-PANEL-1990-2023;SRC-CELMA-DEBT-GUANGDONG-2021,A2,extracted,true,已从省级财政厅官方地级行政单元债务明细表提取；经济财政字段与债务字段的来源状态分开记录。
CN-441600,441600,河源市,44,广东省,地级市,core,2021,2021-12-31,prefecture_whole,official_debt,1274.00,8.00,,84.30,347.08,,207.81,165.75,275.23,211.58,483.04,377.33,78.12,29.62,447.60,447.60,24.29,,,未采集,SRC-CITY-PANEL-1990-2023;SRC-CELMA-DEBT-GUANGDONG-2021,A2,extracted,true,已从省级财政厅官方地级行政单元债务明细表提取；经济财政字段与债务字段的来源状态分开记录。
CN-441700,441700,阳江市,44,广东省,地级市,core,2021,2021-12-31,prefecture_whole,official_debt,1516.00,8.31,,77.67,242.62,,154.23,132.46,175.77,129.46,330.00,261.92,79.37,17.28,337.22,337.22,32.01,,,未采集,SRC-CITY-PANEL-1990-2023;SRC-CELMA-DEBT-GUANGDONG-2021,A2,extracted,true,已从省级财政厅官方地级行政单元债务明细表提取；经济财政字段与债务字段的来源状态分开记录。
CN-441800,441800,清远市,44,广东省,地级市,core,2021,2021-12-31,prefecture_whole,official_debt,2007.00,8.10,,137.42,406.78,,192.01,158.39,437.04,357.67,629.06,516.06,82.04,25.71,375.53,375.53,33.78,,,未采集,SRC-CITY-PANEL-1990-2023;SRC-CELMA-DEBT-GUANGDONG-2021,A2,extracted,true,已从省级财政厅官方地级行政单元债务明细表提取；经济财政字段与债务字段的来源状态分开记录。
CN-441900,441900,东莞市,44,广东省,地级市,core,2021,2021-12-31,prefecture_whole,official_debt,10855.00,8.19,,769.57,882.53,,542.51,520.28,589.16,580.64,1131.66,1100.92,97.28,10.14,143.06,143.06,87.20,,,未采集,SRC-CITY-PANEL-1990-2023;SRC-CELMA-DEBT-GUANGDONG-2021,A2,extracted,true,已从省级财政厅官方地级行政单元债务明细表提取；经济财政字段与债务字段的来源状态分开记录。
CN-442000,442000,中山市,44,广东省,地级市,core,2021,2021-12-31,prefecture_whole,official_debt,3566.00,8.20,,316.47,472.48,,87.87,80.16,451.55,442.18,539.42,522.34,96.83,14.65,165.05,165.05,66.98,,,未采集,SRC-CITY-PANEL-1990-2023;SRC-CELMA-DEBT-GUANGDONG-2021,A2,extracted,true,已从省级财政厅官方地级行政单元债务明细表提取；经济财政字段与债务字段的来源状态分开记录。
CN-445100,445100,潮州市,44,广东省,地级市,core,2021,2021-12-31,prefecture_whole,official_debt,1245.00,9.30,,51.77,209.98,,149.81,129.32,138.74,97.14,288.55,226.45,78.48,18.19,437.42,437.42,24.65,,,未采集,SRC-CITY-PANEL-1990-2023;SRC-CELMA-DEBT-GUANGDONG-2021,A2,extracted,true,已从省级财政厅官方地级行政单元债务明细表提取；经济财政字段与债务字段的来源状态分开记录。
CN-445200,445200,揭阳市,44,广东省,地级市,core,2021,2021-12-31,prefecture_whole,official_debt,2265.00,6.14,,79.31,365.75,,150.27,113.08,230.10,146.28,380.36,259.36,68.19,11.45,327.02,327.02,21.68,,,未采集,SRC-CITY-PANEL-1990-2023;SRC-CELMA-DEBT-GUANGDONG-2021,A2,extracted,true,已从省级财政厅官方地级行政单元债务明细表提取；经济财政字段与债务字段的来源状态分开记录。
CN-445300,445300,云浮市,44,广东省,地级市,core,2021,2021-12-31,prefecture_whole,official_debt,1139.00,8.12,,75.24,255.68,,175.53,96.97,201.97,117.94,377.50,214.91,56.93,18.87,285.63,285.63,29.43,,,未采集,SRC-CITY-PANEL-1990-2023;SRC-CELMA-DEBT-GUANGDONG-2021,A2,extracted,true,已从省级财政厅官方地级行政单元债务明细表提取；经济财政字段与债务字段的来源状态分开记录。
CN-450100,450100,南宁市,45,广西壮族自治区,地级市,core,2021,2021-12-31,prefecture_whole,secondary_debt,5121.00,6.10,,391.77,777.60,,,,,,,1231.59,,24.05,314.37,314.37,50.38,,,未采集,SRC-CITY-PANEL-1990-2023;SRC-SECONDARY-DEBT-GUANGXI-NANNING-2021,B2,needs_review,true,已接入评级报告或其他二手公开来源的债务补缺值；不等同于官方决算数据，必须回到财政/人大预算决算或官方债务表复核。
CN-450200,450200,柳州市,45,广西壮族自治区,地级市,core,2021,2021-12-31,prefecture_whole,secondary_debt,3057.00,2.00,,174.96,423.98,,,201.75,,488.75,,690.51,,22.59,394.67,394.67,41.27,,,未采集,SRC-CITY-PANEL-1990-2023;SRC-SECONDARY-DEBT-GUANGXI-LIUZHOU-2021,B2,needs_review,true,已接入评级报告或其他二手公开来源的债务补缺值；不等同于官方决算数据，必须回到财政/人大预算决算或官方债务表复核。
CN-450300,450300,桂林市,45,广西壮族自治区,地级市,core,2021,2021-12-31,prefecture_whole,secondary_debt,2311.00,6.57,,117.50,461.33,,,286.80,,316.82,,603.62,,26.12,513.72,513.72,25.47,,,未采集,SRC-CITY-PANEL-1990-2023;SRC-SECONDARY-DEBT-GUANGXI-GUILIN-2021,B2,needs_review,true,已接入评级报告或其他二手公开来源的债务补缺值；不等同于官方决算数据，必须回到财政/人大预算决算或官方债务表复核。
CN-450400,450400,梧州市,45,广西壮族自治区,地级市,core,2021,2021-12-31,prefecture_whole,secondary_debt,1369.00,10.00,,78.87,259.05,,,,,,,349.74,,25.55,443.44,443.44,30.45,,,未采集,SRC-CITY-PANEL-1990-2023;SRC-SECONDARY-DEBT-GUANGXI-WUZHOU-2021,B2,needs_review,true,已接入评级报告或其他二手公开来源的债务补缺值；不等同于官方决算数据，必须回到财政/人大预算决算或官方债务表复核。
CN-450500,450500,北海市,45,广西壮族自治区,地级市,core,2021,2021-12-31,prefecture_whole,secondary_debt,1504.00,8.80,,72.13,179.27,,,96.94,,159.38,,256.32,,17.04,355.36,355.36,40.24,,,未采集,SRC-CITY-PANEL-1990-2023;SRC-SECONDARY-DEBT-GUANGXI-BEIHAI-2021,B2,needs_review,true,已接入评级报告或其他二手公开来源的债务补缺值；不等同于官方决算数据，必须回到财政/人大预算决算或官方债务表复核。
CN-450600,450600,防城港市,45,广西壮族自治区,地级市,core,2021,2021-12-31,prefecture_whole,secondary_debt,816.00,9.38,,50.94,143.03,,,122.52,,98.76,,221.28,,27.12,434.39,434.39,35.61,,,未采集,SRC-CITY-PANEL-1990-2023;SRC-SECONDARY-DEBT-GUANGXI-FANGCHENGGANG-2021,B2,needs_review,true,已接入评级报告或其他二手公开来源的债务补缺值；不等同于官方决算数据，必须回到财政/人大预算决算或官方债务表复核。
CN-450700,450700,钦州市,45,广西壮族自治区,地级市,core,2021,2021-12-31,prefecture_whole,secondary_debt,1648.00,10.00,,72.32,246.11,,,145.68,,213.83,,359.52,,21.82,497.12,497.12,29.39,,,未采集,SRC-CITY-PANEL-1990-2023;SRC-SECONDARY-DEBT-GUANGXI-QINZHOU-2021,B2,needs_review,true,已接入评级报告或其他二手公开来源的债务补缺值；不等同于官方决算数据，必须回到财政/人大预算决算或官方债务表复核。
CN-450800,450800,贵港市,45,广西壮族自治区,地级市,core,2021,2021-12-31,prefecture_whole,secondary_debt,1502.00,6.50,,85.66,292.58,,,,,,,256.83,,17.10,299.82,299.82,29.28,,,未采集,SRC-CITY-PANEL-1990-2023;SRC-SECONDARY-DEBT-GUANGXI-GUIGANG-2021,B2,needs_review,true,已接入评级报告或其他二手公开来源的债务补缺值；不等同于官方决算数据，必须回到财政/人大预算决算或官方债务表复核。
CN-450900,450900,玉林市,45,广西壮族自治区,地级市,core,2021,2021-12-31,prefecture_whole,secondary_debt,2071.00,9.90,,79.62,375.76,,,,,,,374.86,,18.10,470.81,470.81,21.19,,,未采集,SRC-CITY-PANEL-1990-2023;SRC-SECONDARY-DEBT-GUANGXI-YULIN-2021,B2,needs_review,true,已接入评级报告或其他二手公开来源的债务补缺值；不等同于官方决算数据，必须回到财政/人大预算决算或官方债务表复核。
CN-451000,451000,百色市,45,广西壮族自治区,地级市,core,2021,2021-12-31,prefecture_whole,secondary_debt,1569.00,9.80,,102.98,430.55,,,,,,,493.61,,31.46,479.33,479.33,23.92,,,未采集,SRC-CITY-PANEL-1990-2023;SRC-SECONDARY-DEBT-GUANGXI-BAISE-2021,B2,needs_review,true,已接入评级报告或其他二手公开来源的债务补缺值；不等同于官方决算数据，必须回到财政/人大预算决算或官方债务表复核。
CN-451100,451100,贺州市,45,广西壮族自治区,地级市,core,2021,2021-12-31,prefecture_whole,secondary_debt,909.00,13.90,,48.37,219.09,,,117.00,,130.27,,247.26,,27.20,511.18,511.18,22.08,,,未采集,SRC-CITY-PANEL-1990-2023;SRC-SECONDARY-DEBT-GUANGXI-HEZHOU-2021,B2,needs_review,true,已接入评级报告或其他二手公开来源的债务补缺值；不等同于官方决算数据，必须回到财政/人大预算决算或官方债务表复核。
CN-451200,451200,河池市,45,广西壮族自治区,地级市,core,2021,2021-12-31,prefecture_whole,secondary_debt,1042.00,7.50,,56.41,374.73,,,,,,,334.81,,32.13,593.53,593.53,15.05,,,未采集,SRC-CITY-PANEL-1990-2023;SRC-SECONDARY-DEBT-GUANGXI-HECHI-2021,B2,needs_review,true,已接入评级报告或其他二手公开来源的债务补缺值；不等同于官方决算数据，必须回到财政/人大预算决算或官方债务表复核。
CN-451300,451300,来宾市,45,广西壮族自治区,地级市,core,2021,2021-12-31,prefecture_whole,official_debt,833.00,10.50,,46.76,234.15,,,152.01,,120.15,,272.17,,32.67,582.06,582.06,19.97,,,未采集,SRC-CITY-PANEL-1990-2023;SRC-OFFICIAL-DEBT-GUANGXI-LAIBIN-2021,A2,extracted,true,已从省级财政厅官方地级行政单元债务明细表提取；经济财政字段与债务字段的来源状态分开记录。
CN-451400,451400,崇左市,45,广西壮族自治区,地级市,core,2021,2021-12-31,prefecture_whole,secondary_debt,989.00,9.80,,39.90,260.14,,,165.91,,167.74,,333.65,,33.74,836.22,836.22,15.34,,,未采集,SRC-CITY-PANEL-1990-2023;SRC-SECONDARY-DEBT-GUANGXI-CHONGZUO-2021,B2,needs_review,true,已接入评级报告或其他二手公开来源的债务补缺值；不等同于官方决算数据，必须回到财政/人大预算决算或官方债务表复核。
CN-460100,460100,海口市,46,海南省,地级市,core,2021,2021-12-31,prefecture_whole,official_debt,2057.00,11.30,,208.32,274.26,,417.34,417.34,441.79,441.79,859.13,859.13,100.00,41.77,412.41,412.41,75.96,,,未采集,SRC-CITY-PANEL-1990-2023;SRC-CELMA-DEBT-HAINAN-2021-BUDGET-TABLE,A2,extracted,true,已从省级财政厅官方地级行政单元债务明细表提取；经济财政字段与债务字段的来源状态分开记录。
CN-460200,460200,三亚市,46,海南省,地级市,core,2021,2021-12-31,prefecture_whole,official_debt,835.00,12.10,,117.14,202.38,,142.69,142.69,288.28,288.28,430.97,430.97,100.00,51.61,367.91,367.91,57.88,,,未采集,SRC-CITY-PANEL-1990-2023;SRC-CELMA-DEBT-HAINAN-2021-BUDGET-TABLE,A2,extracted,true,已从省级财政厅官方地级行政单元债务明细表提取；经济财政字段与债务字段的来源状态分开记录。
CN-460300,460300,三沙市,46,海南省,地级市,core,2021,2021-12-31,prefecture_whole,provisional,,,,,,,,,,,,,,,,,,,,未采集,SRC-CITY-PANEL-1990-2023,D,needs_review,true,公开研究型城市面板；字段口径与来源链条未完全公开，作为 provisional 暂存值，待官方年鉴/公报复核。
CN-460400,460400,儋州市,46,海南省,地级市,core,2021,2021-12-31,prefecture_whole,official_debt,832.00,19.80,,58.89,129.23,,67.75,67.75,98.35,98.35,166.10,166.10,100.00,19.96,282.05,282.05,45.57,,,未采集,SRC-CITY-PANEL-1990-2023;SRC-CELMA-DEBT-HAINAN-2021-BUDGET-TABLE,A2,extracted,true,已从省级财政厅官方地级行政单元债务明细表提取；经济财政字段与债务字段的来源状态分开记录。
CN-469000,469000,省直辖县级行政区划,46,海南省,地级市,core,2021,2021-12-31,prefecture_whole,official_debt_calculated,,,,,,,,467.88,,271.84,,739.72,,,,,,,,未采集,SRC-OFFICIAL-DEBT-HAINAN-DIRECT-COUNTY-2021,A2,extracted,true,已从省级财政厅官方地级行政单元债务明细表提取；经济财政字段与债务字段的来源状态分开记录。
CN-500000,500000,重庆市,50,重庆市,直辖市,separate,2021,2021-12-31,prefecture_whole,official_debt,27894.00,8.30,,2285.45,4835.06,,3215.00,3065.00,5688.00,5545.00,8903.00,8610.00,96.71,30.87,376.73,376.73,47.27,,,未采集,SRC-CITY-PANEL-1990-2023;SRC-PROVINCE-DEBT-CHONGQING-2021,A1,extracted,true,已从省级财政厅官方地级行政单元债务明细表提取；经济财政字段与债务字段的来源状态分开记录。
CN-510100,510100,成都市,51,四川省,地级市,core,2021,2021-12-31,prefecture_whole,official_debt,19917.00,8.59,,1697.63,2237.69,,1246.00,1205.00,2635.00,2271.00,3881.00,3476.00,89.56,17.45,204.76,204.76,75.87,,,未采集,SRC-CITY-PANEL-1990-2023;SRC-PROVINCE-DEBT-SICHUAN-2021,A1,extracted,true,已从省级财政厅官方地级行政单元债务明细表提取；经济财政字段与债务字段的来源状态分开记录。
CN-510300,510300,自贡市,51,四川省,地级市,core,2021,2021-12-31,prefecture_whole,official_debt,1601.00,8.30,,68.39,240.34,,200.00,163.00,261.00,238.00,461.00,401.00,86.98,25.05,586.34,586.34,28.46,,,未采集,SRC-CITY-PANEL-1990-2023;SRC-PROVINCE-DEBT-SICHUAN-2021,A1,extracted,true,已从省级财政厅官方地级行政单元债务明细表提取；经济财政字段与债务字段的来源状态分开记录。
CN-510400,510400,攀枝花市,51,四川省,地级市,core,2021,2021-12-31,prefecture_whole,official_debt,1134.00,8.30,,89.85,171.66,,154.00,144.00,86.00,74.00,240.00,218.00,90.83,19.22,242.63,242.63,52.34,,,未采集,SRC-CITY-PANEL-1990-2023;SRC-PROVINCE-DEBT-SICHUAN-2021,A1,extracted,true,已从省级财政厅官方地级行政单元债务明细表提取；经济财政字段与债务字段的来源状态分开记录。
CN-510500,510500,泸州市,51,四川省,地级市,core,2021,2021-12-31,prefecture_whole,official_debt,2406.00,8.50,,190.15,444.99,,270.00,264.00,372.00,344.00,642.00,608.00,94.70,25.27,319.75,319.75,42.73,,,未采集,SRC-CITY-PANEL-1990-2023;SRC-PROVINCE-DEBT-SICHUAN-2021,A1,extracted,true,已从省级财政厅官方地级行政单元债务明细表提取；经济财政字段与债务字段的来源状态分开记录。
CN-510600,510600,德阳市,51,四川省,地级市,core,2021,2021-12-31,prefecture_whole,official_debt_exception,2657.00,8.69,,148.68,326.40,,130.00,135.00,292.00,255.00,422.00,390.00,92.42,14.68,262.31,262.31,45.55,,,未采集,SRC-CITY-PANEL-1990-2023;SRC-PROVINCE-DEBT-SICHUAN-2021,A1,needs_review,true,官方公开债务表原值已入表，但存在明确记录的限额/余额内部勾稽异常；四川省2021年官方预算表原值保留：德阳市一般债务余额135亿元高于一般债务限额130亿元；该内部勾稽异常未按其他来源改写，待财政部门更正或解释。
CN-510700,510700,绵阳市,51,四川省,地级市,core,2021,2021-12-31,prefecture_whole,official_debt,3350.00,8.70,,159.20,466.52,,276.00,272.00,342.00,322.00,618.00,594.00,96.12,17.73,373.12,373.12,34.13,,,未采集,SRC-CITY-PANEL-1990-2023;SRC-PROVINCE-DEBT-SICHUAN-2021,A1,extracted,true,已从省级财政厅官方地级行政单元债务明细表提取；经济财政字段与债务字段的来源状态分开记录。
CN-510800,510800,广元市,51,四川省,地级市,core,2021,2021-12-31,prefecture_whole,official_debt,1116.00,8.20,,59.31,273.23,,253.00,229.00,155.00,137.00,408.00,366.00,89.71,32.80,617.10,617.10,21.71,,,未采集,SRC-CITY-PANEL-1990-2023;SRC-PROVINCE-DEBT-SICHUAN-2021,A1,extracted,true,已从省级财政厅官方地级行政单元债务明细表提取；经济财政字段与债务字段的来源状态分开记录。
CN-510900,510900,遂宁市,51,四川省,地级市,core,2021,2021-12-31,prefecture_whole,official_debt,1520.00,8.20,,91.68,280.33,,210.00,173.00,238.00,216.00,448.00,389.00,86.83,25.59,424.30,424.30,32.70,,,未采集,SRC-CITY-PANEL-1990-2023;SRC-PROVINCE-DEBT-SICHUAN-2021,A1,extracted,true,已从省级财政厅官方地级行政单元债务明细表提取；经济财政字段与债务字段的来源状态分开记录。
CN-511000,511000,内江市,51,四川省,地级市,core,2021,2021-12-31,prefecture_whole,official_debt,1606.00,8.49,,72.50,254.55,,348.00,293.00,180.00,169.00,528.00,462.00,87.50,28.77,637.24,637.24,28.48,,,未采集,SRC-CITY-PANEL-1990-2023;SRC-PROVINCE-DEBT-SICHUAN-2021,A1,extracted,true,已从省级财政厅官方地级行政单元债务明细表提取；经济财政字段与债务字段的来源状态分开记录。
CN-511100,511100,乐山市,51,四川省,地级市,core,2021,2021-12-31,prefecture_whole,official_debt,2205.00,8.20,,131.92,318.50,,237.00,218.00,243.00,230.00,480.00,448.00,93.33,20.32,339.60,339.60,41.42,,,未采集,SRC-CITY-PANEL-1990-2023;SRC-PROVINCE-DEBT-SICHUAN-2021,A1,extracted,true,已从省级财政厅官方地级行政单元债务明细表提取；经济财政字段与债务字段的来源状态分开记录。
CN-511300,511300,南充市,51,四川省,地级市,core,2021,2021-12-31,prefecture_whole,official_debt,2602.00,7.80,,144.87,515.36,,383.00,357.00,502.00,438.00,885.00,795.00,89.83,30.55,548.77,548.77,28.11,,,未采集,SRC-CITY-PANEL-1990-2023;SRC-PROVINCE-DEBT-SICHUAN-2021,A1,extracted,true,已从省级财政厅官方地级行政单元债务明细表提取；经济财政字段与债务字段的来源状态分开记录。
CN-511400,511400,眉山市,51,四川省,地级市,core,2021,2021-12-31,prefecture_whole,official_debt,1548.00,8.40,,137.90,276.88,,225.00,204.00,297.00,263.00,522.00,467.00,89.46,30.17,338.65,338.65,49.80,,,未采集,SRC-CITY-PANEL-1990-2023;SRC-PROVINCE-DEBT-SICHUAN-2021,A1,extracted,true,已从省级财政厅官方地级行政单元债务明细表提取；经济财政字段与债务字段的来源状态分开记录。
CN-511500,511500,宜宾市,51,四川省,地级市,core,2021,2021-12-31,prefecture_whole,official_debt,3148.00,8.87,,251.18,563.90,,298.00,255.00,353.00,325.00,651.00,580.00,89.09,18.42,230.91,230.91,44.54,,,未采集,SRC-CITY-PANEL-1990-2023;SRC-PROVINCE-DEBT-SICHUAN-2021,A1,extracted,true,已从省级财政厅官方地级行政单元债务明细表提取；经济财政字段与债务字段的来源状态分开记录。
CN-511600,511600,广安市,51,四川省,地级市,core,2021,2021-12-31,prefecture_whole,official_debt,1418.00,8.10,,93.57,295.04,,223.00,211.00,191.00,159.00,414.00,370.00,89.37,26.09,395.43,395.43,31.71,,,未采集,SRC-CITY-PANEL-1990-2023;SRC-PROVINCE-DEBT-SICHUAN-2021,A1,extracted,true,已从省级财政厅官方地级行政单元债务明细表提取；经济财政字段与债务字段的来源状态分开记录。
CN-511700,511700,达州市,51,四川省,地级市,core,2021,2021-12-31,prefecture_whole,official_debt,2352.00,8.30,,133.31,436.18,,392.00,373.00,296.00,225.00,688.00,598.00,86.92,25.43,448.58,448.58,30.56,,,未采集,SRC-CITY-PANEL-1990-2023;SRC-PROVINCE-DEBT-SICHUAN-2021,A1,extracted,true,已从省级财政厅官方地级行政单元债务明细表提取；经济财政字段与债务字段的来源状态分开记录。
CN-511800,511800,雅安市,51,四川省,地级市,core,2021,2021-12-31,prefecture_whole,official_debt,841.00,8.40,,59.34,167.49,,106.00,90.00,112.00,91.00,218.00,181.00,83.03,21.52,305.02,305.02,35.43,,,未采集,SRC-CITY-PANEL-1990-2023;SRC-PROVINCE-DEBT-SICHUAN-2021,A1,extracted,true,已从省级财政厅官方地级行政单元债务明细表提取；经济财政字段与债务字段的来源状态分开记录。
CN-511900,511900,巴中市,51,四川省,地级市,core,2021,2021-12-31,prefecture_whole,official_debt,743.00,3.30,,50.80,314.69,,378.00,353.00,284.00,173.00,662.00,526.00,79.46,70.79,1035.43,1035.43,16.14,,,未采集,SRC-CITY-PANEL-1990-2023;SRC-PROVINCE-DEBT-SICHUAN-2021,A1,extracted,true,已从省级财政厅官方地级行政单元债务明细表提取；经济财政字段与债务字段的来源状态分开记录。
CN-512000,512000,资阳市,51,四川省,地级市,core,2021,2021-12-31,prefecture_whole,official_debt,891.00,8.10,,57.97,200.66,,231.00,166.00,231.00,193.00,462.00,359.00,77.71,40.29,619.29,619.29,28.89,,,未采集,SRC-CITY-PANEL-1990-2023;SRC-PROVINCE-DEBT-SICHUAN-2021,A1,extracted,true,已从省级财政厅官方地级行政单元债务明细表提取；经济财政字段与债务字段的来源状态分开记录。
CN-513200,513200,阿坝藏族羌族自治州,51,四川省,自治州,extended,2021,2021-12-31,prefecture_whole,official_debt,,,,,,,90.00,72.00,32.00,30.00,122.00,102.00,83.61,,,,,,,未采集,SRC-PROVINCE-DEBT-SICHUAN-2021,A1,extracted,true,已从省级财政厅官方地级行政单元债务明细表提取；经济财政字段与债务字段的来源状态分开记录。
CN-513300,513300,甘孜藏族自治州,51,四川省,自治州,extended,2021,2021-12-31,prefecture_whole,official_debt,,,,,,,94.00,91.00,22.00,18.00,116.00,109.00,93.97,,,,,,,未采集,SRC-PROVINCE-DEBT-SICHUAN-2021,A1,extracted,true,已从省级财政厅官方地级行政单元债务明细表提取；经济财政字段与债务字段的来源状态分开记录。
CN-513400,513400,凉山彝族自治州,51,四川省,自治州,extended,2021,2021-12-31,prefecture_whole,official_debt,,,,,,,330.00,312.00,89.00,81.00,419.00,393.00,93.79,,,,,,,未采集,SRC-PROVINCE-DEBT-SICHUAN-2021,A1,extracted,true,已从省级财政厅官方地级行政单元债务明细表提取；经济财政字段与债务字段的来源状态分开记录。
CN-520100,520100,贵阳市,52,贵州省,地级市,core,2021,2021-12-31,prefecture_whole,official_debt,4711.00,6.60,,403.72,633.41,,419.48,396.20,2123.57,2102.87,2543.06,2499.07,98.27,53.05,619.01,619.01,63.74,,,未采集,SRC-CITY-PANEL-1990-2023;SRC-PROVINCE-DEBT-GUIZHOU-2021,A1,extracted,true,已从省级财政厅官方地级行政单元债务明细表提取；经济财政字段与债务字段的来源状态分开记录。
CN-520200,520200,六盘水市,52,贵州省,地级市,core,2021,2021-12-31,prefecture_whole,official_debt,1474.00,8.20,,102.35,324.51,,525.05,515.95,208.60,208.48,733.64,724.43,98.74,49.15,707.80,707.80,31.54,,,未采集,SRC-CITY-PANEL-1990-2023;SRC-PROVINCE-DEBT-GUIZHOU-2021,A1,extracted,true,已从省级财政厅官方地级行政单元债务明细表提取；经济财政字段与债务字段的来源状态分开记录。
CN-520300,520300,遵义市,52,贵州省,地级市,core,2021,2021-12-31,prefecture_whole,official_debt,4170.00,10.30,,270.23,773.86,,1159.60,1135.96,644.05,638.28,1803.65,1774.24,98.37,42.55,656.57,656.57,34.92,,,未采集,SRC-CITY-PANEL-1990-2023;SRC-PROVINCE-DEBT-GUIZHOU-2021,A1,extracted,true,已从省级财政厅官方地级行政单元债务明细表提取；经济财政字段与债务字段的来源状态分开记录。
CN-520400,520400,安顺市,52,贵州省,地级市,core,2021,2021-12-31,prefecture_whole,official_debt,1079.00,9.03,,61.14,268.65,,343.76,334.45,275.53,272.10,619.30,606.54,97.94,56.21,992.05,992.05,22.76,,,未采集,SRC-CITY-PANEL-1990-2023;SRC-PROVINCE-DEBT-GUIZHOU-2021,A1,extracted,true,已从省级财政厅官方地级行政单元债务明细表提取；经济财政字段与债务字段的来源状态分开记录。
CN-520500,520500,毕节市,52,贵州省,地级市,core,2021,2021-12-31,prefecture_whole,official_debt,2181.00,6.80,,123.69,675.22,,753.89,736.44,383.50,381.70,1137.39,1118.14,98.31,51.27,903.99,903.99,18.32,,,未采集,SRC-CITY-PANEL-1990-2023;SRC-PROVINCE-DEBT-GUIZHOU-2021,A1,extracted,true,已从省级财政厅官方地级行政单元债务明细表提取；经济财政字段与债务字段的来源状态分开记录。
CN-520600,520600,铜仁市,52,贵州省,地级市,core,2021,2021-12-31,prefecture_whole,official_debt,1463.00,8.60,,67.06,441.65,,581.30,574.05,277.31,277.10,858.60,851.16,99.13,58.18,1269.25,1269.25,15.18,,,未采集,SRC-CITY-PANEL-1990-2023;SRC-PROVINCE-DEBT-GUIZHOU-2021,A1,extracted,true,已从省级财政厅官方地级行政单元债务明细表提取；经济财政字段与债务字段的来源状态分开记录。
CN-522300,522300,黔西南布依族苗族自治州,52,贵州省,自治州,extended,2021,2021-12-31,prefecture_whole,official_debt,,,,,,,419.36,414.87,273.13,269.96,692.49,684.83,98.89,,,,,,,未采集,SRC-PROVINCE-DEBT-GUIZHOU-2021,A1,extracted,true,已从省级财政厅官方地级行政单元债务明细表提取；经济财政字段与债务字段的来源状态分开记录。
CN-522600,522600,黔东南苗族侗族自治州,52,贵州省,自治州,extended,2021,2021-12-31,prefecture_whole,official_debt,,,,,,,369.60,357.33,324.28,320.33,693.88,677.66,97.66,,,,,,,未采集,SRC-PROVINCE-DEBT-GUIZHOU-2021,A1,extracted,true,已从省级财政厅官方地级行政单元债务明细表提取；经济财政字段与债务字段的来源状态分开记录。
CN-522700,522700,黔南布依族苗族自治州,52,贵州省,自治州,extended,2021,2021-12-31,prefecture_whole,official_debt,,,,,,,535.94,525.48,546.68,543.09,1082.62,1068.58,98.70,,,,,,,未采集,SRC-PROVINCE-DEBT-GUIZHOU-2021,A1,extracted,true,已从省级财政厅官方地级行政单元债务明细表提取；经济财政字段与债务字段的来源状态分开记录。
CN-530100,530100,昆明市,53,云南省,地级市,core,2021,2021-12-31,prefecture_whole,secondary_debt,7223.00,3.70,,689.12,928.16,,,,,,,2149.00,,29.75,311.85,311.85,74.25,,,未采集,SRC-CITY-PANEL-1990-2023;SRC-SECONDARY-LHRATINGS-YUNNAN-KUNMING-2021,B2,needs_review,true,已接入评级报告或其他二手公开来源的债务补缺值；不等同于官方决算数据，必须回到财政/人大预算决算或官方债务表复核。
CN-530300,530300,曲靖市,53,云南省,地级市,core,2021,2021-12-31,prefecture_whole,secondary_debt,3394.00,12.00,,167.02,502.18,,,,,,,614.92,,18.12,368.17,368.17,33.26,,,未采集,SRC-CITY-PANEL-1990-2023;SRC-SECONDARY-CEIC-CN-530300,D,needs_review,true,已接入商业数据库公开城市债务页的 provisional 补缺值；经济财政字段与债务字段来源状态分开记录，必须回到官方预算/决算或统计公报复核。
CN-530400,530400,玉溪市,53,云南省,地级市,core,2021,2021-12-31,prefecture_whole,secondary_debt,2352.00,9.06,,143.80,257.58,,,,,,,622.00,,26.45,432.55,432.55,55.83,,,未采集,SRC-CITY-PANEL-1990-2023;SRC-SECONDARY-DEBT-YUNNAN-YUXI-2021,B2,needs_review,true,已接入评级报告或其他二手公开来源的债务补缺值；不等同于官方决算数据，必须回到财政/人大预算决算或官方债务表复核。
CN-530500,530500,保山市,53,云南省,地级市,core,2021,2021-12-31,prefecture_whole,secondary_debt,1166.00,6.10,,64.87,217.79,,,,,,,431.08,,36.97,664.53,664.53,29.79,,,未采集,SRC-CITY-PANEL-1990-2023;SRC-SECONDARY-CEIC-CN-530500,D,needs_review,true,已接入商业数据库公开城市债务页的 provisional 补缺值；经济财政字段与债务字段来源状态分开记录，必须回到官方预算/决算或统计公报复核。
CN-530600,530600,昭通市,53,云南省,地级市,core,2021,2021-12-31,prefecture_whole,secondary_debt,1462.00,10.10,,90.66,550.61,,,,,,,738.18,,50.49,814.23,814.23,16.47,,,未采集,SRC-CITY-PANEL-1990-2023;SRC-SECONDARY-CEIC-CN-530600,D,needs_review,true,已接入商业数据库公开城市债务页的 provisional 补缺值；经济财政字段与债务字段来源状态分开记录，必须回到官方预算/决算或统计公报复核。
CN-530700,530700,丽江市,53,云南省,地级市,core,2021,2021-12-31,prefecture_whole,secondary_debt,570.00,8.20,,45.54,167.64,,,108.20,,179.68,,287.88,,50.51,632.15,632.15,27.17,,,未采集,SRC-CITY-PANEL-1990-2023;SRC-SECONDARY-DEBT-YUNNAN-LIJIANG-2021,B2,needs_review,true,已接入评级报告或其他二手公开来源的债务补缺值；不等同于官方决算数据，必须回到财政/人大预算决算或官方债务表复核。
CN-530800,530800,普洱市,53,云南省,地级市,core,2021,2021-12-31,prefecture_whole,secondary_debt,1029.00,6.70,,55.38,343.20,,,,,,,382.57,,37.18,690.81,690.81,16.14,,,未采集,SRC-CITY-PANEL-1990-2023;SRC-SECONDARY-DEBT-YUNNAN-PUER-2021,B2,needs_review,true,已接入评级报告或其他二手公开来源的债务补缺值；不等同于官方决算数据，必须回到财政/人大预算决算或官方债务表复核。
CN-530900,530900,临沧市,53,云南省,地级市,core,2021,2021-12-31,prefecture_whole,official_debt,908.00,7.40,,49.79,223.34,,,,,,,433.65,,47.76,870.96,870.96,22.29,,,未采集,SRC-CITY-PANEL-1990-2023;SRC-OFFICIAL-DEBT-YUNNAN-LINCANG-2021,A2,extracted,true,已从省级财政厅官方地级行政单元债务明细表提取；经济财政字段与债务字段的来源状态分开记录。
CN-532300,532300,楚雄彝族自治州,53,云南省,自治州,extended,2021,2021-12-31,prefecture_whole,official_debt,,,,,,,,162.04,,238.71,,400.75,,,,,,,,未采集,SRC-OFFICIAL-DEBT-YUNNAN-CHUXIONG-2021,A2,extracted,true,已从省级财政厅官方地级行政单元债务明细表提取；经济财政字段与债务字段的来源状态分开记录。
CN-532500,532500,红河哈尼族彝族自治州,53,云南省,自治州,extended,2021,2021-12-31,prefecture_whole,secondary_debt,,,,,,,,,,,,563.00,,,,,,,,未采集,SRC-SECONDARY-DEBT-GCS66-YUNNAN-HONGHE-2021,B2,needs_review,true,已接入评级报告或其他二手公开来源的债务补缺值；不等同于官方决算数据，必须回到财政/人大预算决算或官方债务表复核。
CN-532600,532600,文山壮族苗族自治州,53,云南省,自治州,extended,2021,2021-12-31,prefecture_whole,secondary_debt,,,,,,,,,,,,496.99,,,,,,,,未采集,SRC-SECONDARY-DEBT-GCS66-YUNNAN-WENSHAN-2021,B2,needs_review,true,已接入评级报告或其他二手公开来源的债务补缺值；不等同于官方决算数据，必须回到财政/人大预算决算或官方债务表复核。
CN-532800,532800,西双版纳傣族自治州,53,云南省,自治州,extended,2021,2021-12-31,prefecture_whole,secondary_debt,,,,,,,,,,,,160.00,,,,,,,,未采集,SRC-SECONDARY-RATING-YUNNAN-2019-2021,B2,needs_review,true,已接入评级报告或其他二手公开来源的债务补缺值；不等同于官方决算数据，必须回到财政/人大预算决算或官方债务表复核。
CN-532900,532900,大理白族自治州,53,云南省,自治州,extended,2021,2021-12-31,prefecture_whole,secondary_debt,,,,,,,,191.68,,369.75,,561.43,,,,,,,,未采集,SRC-SECONDARY-DEBT-GCS66-YUNNAN-DALI-2021,B2,needs_review,true,已接入评级报告或其他二手公开来源的债务补缺值；不等同于官方决算数据，必须回到财政/人大预算决算或官方债务表复核。
CN-533100,533100,德宏傣族景颇族自治州,53,云南省,自治州,extended,2021,2021-12-31,prefecture_whole,secondary_debt,,,,,,,,,,,,255.00,,,,,,,,未采集,SRC-SECONDARY-RATING-YUNNAN-2019-2021,B2,needs_review,true,已接入评级报告或其他二手公开来源的债务补缺值；不等同于官方决算数据，必须回到财政/人大预算决算或官方债务表复核。
CN-533300,533300,怒江傈僳族自治州,53,云南省,自治州,extended,2021,2021-12-31,prefecture_whole,secondary_debt,,,,,,,,,,,,100.00,,,,,,,,未采集,SRC-SECONDARY-RATING-YUNNAN-2019-2021,B2,needs_review,true,已接入评级报告或其他二手公开来源的债务补缺值；不等同于官方决算数据，必须回到财政/人大预算决算或官方债务表复核。
CN-533400,533400,迪庆藏族自治州,53,云南省,自治州,extended,2021,2021-12-31,prefecture_whole,secondary_debt,,,,,,,,86.59,,26.37,,112.96,,,,,,,,未采集,SRC-SECONDARY-DEBT-GCS66-YUNNAN-DIQING-2021,B2,needs_review,true,已接入评级报告或其他二手公开来源的债务补缺值；不等同于官方决算数据，必须回到财政/人大预算决算或官方债务表复核。
CN-540100,540100,拉萨市,54,西藏自治区,地级市,core,2021,2021-12-31,prefecture_whole,official_debt,742.00,6.70,,106.94,318.38,,,26.75,,53.11,,79.86,,10.76,74.68,74.68,33.59,,,未采集,SRC-CITY-PANEL-1990-2023;SRC-OFFICIAL-DEBT-TIBET-CITIES-2021,A1,extracted,true,已从省级财政厅官方地级行政单元债务明细表提取；经济财政字段与债务字段的来源状态分开记录。
CN-540200,540200,日喀则市,54,西藏自治区,地级市,core,2021,2021-12-31,prefecture_whole,official_debt,348.00,6.40,,14.56,245.99,,,52.95,,24.41,,77.36,,22.23,531.32,531.32,5.92,,,未采集,SRC-CITY-PANEL-1990-2023;SRC-OFFICIAL-DEBT-TIBET-CITIES-2021,A1,extracted,true,已从省级财政厅官方地级行政单元债务明细表提取；经济财政字段与债务字段的来源状态分开记录。
CN-540300,540300,昌都市,54,西藏自治区,地级市,core,2021,2021-12-31,prefecture_whole,official_debt,279.00,7.80,,20.34,230.44,,,58.71,,4.08,,62.79,,22.51,308.70,308.70,8.83,,,未采集,SRC-CITY-PANEL-1990-2023;SRC-OFFICIAL-DEBT-TIBET-CITIES-2021,A1,extracted,true,已从省级财政厅官方地级行政单元债务明细表提取；经济财政字段与债务字段的来源状态分开记录。
CN-540400,540400,林芝市,54,西藏自治区,地级市,core,2021,2021-12-31,prefecture_whole,official_debt,209.00,6.90,,15.02,103.58,,,15.81,,8.13,,23.94,,11.45,159.39,159.39,14.50,,,未采集,SRC-CITY-PANEL-1990-2023;SRC-OFFICIAL-DEBT-TIBET-CITIES-2021,A1,extracted,true,已从省级财政厅官方地级行政单元债务明细表提取；经济财政字段与债务字段的来源状态分开记录。
CN-540500,540500,山南市,54,西藏自治区,地级市,core,2021,2021-12-31,prefecture_whole,official_debt,237.00,6.90,,19.25,177.19,,,20.70,,19.13,,39.83,,16.81,206.91,206.91,10.86,,,未采集,SRC-CITY-PANEL-1990-2023;SRC-OFFICIAL-DEBT-TIBET-CITIES-2021,A1,extracted,true,已从省级财政厅官方地级行政单元债务明细表提取；经济财政字段与债务字段的来源状态分开记录。
CN-540600,540600,那曲市,54,西藏自治区,地级市,core,2021,2021-12-31,prefecture_whole,official_debt,182.00,4.25,,6.62,247.81,,,52.74,,41.02,,93.76,,51.52,1416.31,1416.31,2.67,,,未采集,SRC-CITY-PANEL-1990-2023;SRC-OFFICIAL-DEBT-TIBET-CITIES-2021,A1,extracted,true,已从省级财政厅官方地级行政单元债务明细表提取；经济财政字段与债务字段的来源状态分开记录。
CN-542500,542500,阿里地区,54,西藏自治区,地区,extended,2021,2021-12-31,prefecture_whole,official_debt,,,,,,,,20.93,,4.14,,25.07,,,,,,,,未采集,SRC-OFFICIAL-DEBT-TIBET-CITIES-2021,A1,extracted,true,已从省级财政厅官方地级行政单元债务明细表提取；经济财政字段与债务字段的来源状态分开记录。
CN-610100,610100,西安市,61,陕西省,地级市,core,2021,2021-12-31,prefecture_whole,official_debt,10688.00,4.10,,856.00,1474.62,,,979.49,,2251.43,,3230.92,,30.23,377.44,377.44,58.05,,,未采集,SRC-CITY-PANEL-1990-2023;SRC-OFFICIAL-DEBT-SHAANXI-CITIES-2021,A1,extracted,true,已从省级财政厅官方地级行政单元债务明细表提取；经济财政字段与债务字段的来源状态分开记录。
CN-610200,610200,铜川市,61,陕西省,地级市,core,2021,2021-12-31,prefecture_whole,secondary_debt,439.00,7.50,,26.56,124.19,,,,,,,190.62,,43.42,717.70,717.70,21.39,,,未采集,SRC-CITY-PANEL-1990-2023;SRC-SECONDARY-CEIC-CN-610200,D,needs_review,true,已接入商业数据库公开城市债务页的 provisional 补缺值；经济财政字段与债务字段来源状态分开记录，必须回到官方预算/决算或统计公报复核。
CN-610300,610300,宝鸡市,61,陕西省,地级市,core,2021,2021-12-31,prefecture_whole,official_debt,2549.00,6.00,,95.15,365.11,,,172.10,,131.27,,303.37,,11.90,318.83,318.83,26.06,,,未采集,SRC-CITY-PANEL-1990-2023;SRC-OFFICIAL-DEBT-SHAANXI-CITIES-2021,A1,extracted,true,已从省级财政厅官方地级行政单元债务明细表提取；经济财政字段与债务字段的来源状态分开记录。
CN-610400,610400,咸阳市,61,陕西省,地级市,core,2021,2021-12-31,prefecture_whole,official_debt,2581.00,8.50,,107.68,428.70,,,154.65,,182.90,,337.55,,13.08,313.48,313.48,25.12,,,未采集,SRC-CITY-PANEL-1990-2023;SRC-OFFICIAL-DEBT-SHAANXI-CITIES-2021,A1,extracted,true,已从省级财政厅官方地级行政单元债务明细表提取；经济财政字段与债务字段的来源状态分开记录。
CN-610500,610500,渭南市,61,陕西省,地级市,core,2021,2021-12-31,prefecture_whole,official_debt,2087.00,8.20,,95.40,468.16,,,244.69,,236.64,,481.33,,23.06,504.54,504.54,20.38,,,未采集,SRC-CITY-PANEL-1990-2023;SRC-OFFICIAL-DEBT-SHAANXI-CITIES-2021,A1,extracted,true,已从省级财政厅官方地级行政单元债务明细表提取；经济财政字段与债务字段的来源状态分开记录。
CN-610600,610600,延安市,61,陕西省,地级市,core,2021,2021-12-31,prefecture_whole,official_debt,2005.00,8.10,,150.06,416.82,,,290.49,,293.30,,583.79,,29.12,389.04,389.04,36.00,,,未采集,SRC-CITY-PANEL-1990-2023;SRC-OFFICIAL-DEBT-SHAANXI-CITIES-2021,A1,extracted,true,已从省级财政厅官方地级行政单元债务明细表提取；经济财政字段与债务字段的来源状态分开记录。
CN-610700,610700,汉中市,61,陕西省,地级市,core,2021,2021-12-31,prefecture_whole,official_debt,1769.00,8.20,,52.51,367.41,,,190.18,,182.55,,372.73,,21.07,709.83,709.83,14.29,,,未采集,SRC-CITY-PANEL-1990-2023;SRC-OFFICIAL-DEBT-SHAANXI-CITIES-2021,A1,extracted,true,已从省级财政厅官方地级行政单元债务明细表提取；经济财政字段与债务字段的来源状态分开记录。
CN-610800,610800,榆林市,61,陕西省,地级市,core,2021,2021-12-31,prefecture_whole,secondary_debt,5435.00,7.90,,587.31,800.52,,,,,,,405.06,,7.45,68.97,68.97,73.37,,,未采集,SRC-CITY-PANEL-1990-2023;SRC-SECONDARY-CEIC-CN-610800,D,needs_review,true,已接入商业数据库公开城市债务页的 provisional 补缺值；经济财政字段与债务字段来源状态分开记录，必须回到官方预算/决算或统计公报复核。
CN-610900,610900,安康市,61,陕西省,地级市,core,2021,2021-12-31,prefecture_whole,secondary_debt,1209.00,7.50,,32.48,347.56,,,,,,,621.22,,51.38,1912.62,1912.62,9.35,,,未采集,SRC-CITY-PANEL-1990-2023;SRC-SECONDARY-CEIC-CN-610900,D,needs_review,true,已接入商业数据库公开城市债务页的 provisional 补缺值；经济财政字段与债务字段来源状态分开记录，必须回到官方预算/决算或统计公报复核。
CN-611000,611000,商洛市,61,陕西省,地级市,core,2021,2021-12-31,prefecture_whole,official_debt,852.00,9.50,,26.82,274.29,,,298.56,,68.16,,366.72,,43.04,1367.34,1367.34,9.78,,,未采集,SRC-CITY-PANEL-1990-2023;SRC-OFFICIAL-DEBT-SHAANXI-CITIES-2021,A1,extracted,true,已从省级财政厅官方地级行政单元债务明细表提取；经济财政字段与债务字段的来源状态分开记录。
CN-620100,620100,兰州市,62,甘肃省,地级市,core,2021,2021-12-31,prefecture_whole,secondary_debt,3231.00,6.10,,276.73,484.59,,,,,,,726.36,,22.48,262.48,262.48,57.11,,,未采集,SRC-CITY-PANEL-1990-2023;SRC-SECONDARY-CEIC-CN-620100,D,needs_review,true,已接入商业数据库公开城市债务页的 provisional 补缺值；经济财政字段与债务字段来源状态分开记录，必须回到官方预算/决算或统计公报复核。
CN-620200,620200,嘉峪关市,62,甘肃省,地级市,core,2021,2021-12-31,prefecture_whole,secondary_debt,326.00,5.10,,23.59,26.81,,,,,,,47.22,,14.48,200.17,200.17,87.99,,,未采集,SRC-CITY-PANEL-1990-2023;SRC-SECONDARY-CEIC-CN-620200,D,needs_review,true,已接入商业数据库公开城市债务页的 provisional 补缺值；经济财政字段与债务字段来源状态分开记录，必须回到官方预算/决算或统计公报复核。
CN-620300,620300,金昌市,62,甘肃省,地级市,core,2021,2021-12-31,prefecture_whole,secondary_debt,429.00,8.00,,26.98,57.22,,,,,,,96.00,,22.38,355.82,355.82,47.15,,,未采集,SRC-CITY-PANEL-1990-2023;SRC-SECONDARY-RATING-GANSU-2020-2022,B2,needs_review,true,已接入评级报告或其他二手公开来源的债务补缺值；不等同于官方决算数据，必须回到财政/人大预算决算或官方债务表复核。
CN-620400,620400,白银市,62,甘肃省,地级市,core,2021,2021-12-31,prefecture_whole,secondary_debt,571.00,8.40,,38.18,207.58,,,,,,,192.16,,33.65,503.30,503.30,18.39,,,未采集,SRC-CITY-PANEL-1990-2023;SRC-SECONDARY-CEIC-CN-620400,D,needs_review,true,已接入商业数据库公开城市债务页的 provisional 补缺值；经济财政字段与债务字段来源状态分开记录，必须回到官方预算/决算或统计公报复核。
CN-620500,620500,天水市,62,甘肃省,地级市,core,2021,2021-12-31,prefecture_whole,secondary_debt,750.00,7.30,,57.88,336.03,,,,,,,232.00,,30.93,400.83,400.83,17.22,,,未采集,SRC-CITY-PANEL-1990-2023;SRC-SECONDARY-RATING-GANSU-2020-2022,B2,needs_review,true,已接入评级报告或其他二手公开来源的债务补缺值；不等同于官方决算数据，必须回到财政/人大预算决算或官方债务表复核。
CN-620600,620600,武威市,62,甘肃省,地级市,core,2021,2021-12-31,prefecture_whole,secondary_debt,600.00,8.05,,32.32,203.96,,,,,,,157.40,,26.23,487.00,487.00,15.85,,,未采集,SRC-CITY-PANEL-1990-2023;SRC-SECONDARY-CEIC-CN-620600,D,needs_review,true,已接入商业数据库公开城市债务页的 provisional 补缺值；经济财政字段与债务字段来源状态分开记录，必须回到官方预算/决算或统计公报复核。
CN-620700,620700,张掖市,62,甘肃省,地级市,core,2021,2021-12-31,prefecture_whole,official_debt,526.00,7.00,,28.26,157.11,,,,,,,207.52,,39.45,734.32,734.32,17.99,,,未采集,SRC-CITY-PANEL-1990-2023;SRC-CITY-DEBT-GANSU-ZHANGYE-2021,A2,extracted,true,已从省级财政厅官方地级行政单元债务明细表提取；经济财政字段与债务字段的来源状态分开记录。
CN-620800,620800,平凉市,62,甘肃省,地级市,core,2021,2021-12-31,prefecture_whole,secondary_debt,554.00,7.80,,38.18,229.23,,,87.52,,120.51,,208.03,,37.55,544.87,544.87,16.66,,,未采集,SRC-CITY-PANEL-1990-2023;SRC-SECONDARY-DEBT-GANSU-PINGLIANG-2021,B2,needs_review,true,已接入评级报告或其他二手公开来源的债务补缺值；不等同于官方决算数据，必须回到财政/人大预算决算或官方债务表复核。
CN-620900,620900,酒泉市,62,甘肃省,地级市,core,2021,2021-12-31,prefecture_whole,secondary_debt,763.00,8.90,,42.31,154.77,,,,,,,177.50,,23.26,419.52,419.52,27.34,,,未采集,SRC-CITY-PANEL-1990-2023;SRC-SECONDARY-RATING-GANSU-2020-2022,B2,needs_review,true,已接入评级报告或其他二手公开来源的债务补缺值；不等同于官方决算数据，必须回到财政/人大预算决算或官方债务表复核。
CN-621000,621000,庆阳市,62,甘肃省,地级市,core,2021,2021-12-31,prefecture_whole,official_debt,885.00,5.20,,65.38,301.38,,,144.31,,144.56,,288.87,,32.64,441.83,441.83,21.69,,,未采集,SRC-CITY-PANEL-1990-2023;SRC-OFFICIAL-DEBT-GANSU-QINGYANG-2021,A1,extracted,true,已从省级财政厅官方地级行政单元债务明细表提取；经济财政字段与债务字段的来源状态分开记录。
CN-621100,621100,定西市,62,甘肃省,地级市,core,2021,2021-12-31,prefecture_whole,secondary_debt,501.00,8.34,,30.61,281.24,,,,,,,175.60,,35.05,573.67,573.67,10.88,,,未采集,SRC-CITY-PANEL-1990-2023;SRC-SECONDARY-CEIC-CN-621100,D,needs_review,true,已接入商业数据库公开城市债务页的 provisional 补缺值；经济财政字段与债务字段来源状态分开记录，必须回到官方预算/决算或统计公报复核。
CN-621200,621200,陇南市,62,甘肃省,地级市,core,2021,2021-12-31,prefecture_whole,secondary_debt,503.00,7.00,,28.19,288.23,,,,,,,145.01,,28.83,514.40,514.40,9.78,,,未采集,SRC-CITY-PANEL-1990-2023;SRC-SECONDARY-CEIC-CN-621200,D,needs_review,true,已接入商业数据库公开城市债务页的 provisional 补缺值；经济财政字段与债务字段来源状态分开记录，必须回到官方预算/决算或统计公报复核。
CN-622900,622900,临夏回族自治州,62,甘肃省,自治州,extended,2021,2021-12-31,prefecture_whole,secondary_debt,,,,,,,,,,,,244.40,,,,,,,,未采集,SRC-SECONDARY-RATING-GANSU-2020-2022,B2,needs_review,true,已接入评级报告或其他二手公开来源的债务补缺值；不等同于官方决算数据，必须回到财政/人大预算决算或官方债务表复核。
CN-623000,623000,甘南藏族自治州,62,甘肃省,自治州,extended,2021,2021-12-31,prefecture_whole,secondary_debt,,,,,,,,,,,,153.00,,,,,,,,未采集,SRC-SECONDARY-RATING-GANSU-2020-2022,B2,needs_review,true,已接入评级报告或其他二手公开来源的债务补缺值；不等同于官方决算数据，必须回到财政/人大预算决算或官方债务表复核。
CN-630100,630100,西宁市,63,青海省,地级市,core,2021,2021-12-31,prefecture_whole,official_debt,1549.00,8.10,,153.87,343.80,,244.27,211.19,290.85,235.92,535.12,447.11,83.55,28.86,290.58,290.58,44.76,,,未采集,SRC-CITY-PANEL-1990-2023;SRC-PROVINCE-DEBT-QINGHAI-2021,A1,extracted,true,已从省级财政厅官方地级行政单元债务明细表提取；经济财政字段与债务字段的来源状态分开记录。
CN-630200,630200,海东市,63,青海省,地级市,core,2021,2021-12-31,prefecture_whole,official_debt,555.00,6.10,,28.86,200.98,,136.55,119.85,150.50,128.39,287.05,248.24,86.48,44.73,860.15,860.15,14.36,,,未采集,SRC-CITY-PANEL-1990-2023;SRC-PROVINCE-DEBT-QINGHAI-2021,A1,extracted,true,已从省级财政厅官方地级行政单元债务明细表提取；经济财政字段与债务字段的来源状态分开记录。
CN-632200,632200,海北藏族自治州,63,青海省,自治州,extended,2021,2021-12-31,prefecture_whole,official_debt,,,,,,,27.95,26.38,13.70,9.70,41.65,36.08,86.63,,,,,,,未采集,SRC-PROVINCE-DEBT-QINGHAI-2021,A1,extracted,true,已从省级财政厅官方地级行政单元债务明细表提取；经济财政字段与债务字段的来源状态分开记录。
CN-632300,632300,黄南藏族自治州,63,青海省,自治州,extended,2021,2021-12-31,prefecture_whole,official_debt,,,,,,,27.60,26.18,19.10,16.06,46.70,42.24,90.45,,,,,,,未采集,SRC-PROVINCE-DEBT-QINGHAI-2021,A1,extracted,true,已从省级财政厅官方地级行政单元债务明细表提取；经济财政字段与债务字段的来源状态分开记录。
CN-632500,632500,海南藏族自治州,63,青海省,自治州,extended,2021,2021-12-31,prefecture_whole,official_debt,,,,,,,34.98,32.06,13.00,9.40,47.98,41.46,86.41,,,,,,,未采集,SRC-CITY-PANEL-1990-2023;SRC-PROVINCE-DEBT-QINGHAI-2021,A1,extracted,true,已从省级财政厅官方地级行政单元债务明细表提取；经济财政字段与债务字段的来源状态分开记录。
CN-632600,632600,果洛藏族自治州,63,青海省,自治州,extended,2021,2021-12-31,prefecture_whole,official_debt,,,,,,,20.34,19.10,9.40,6.55,29.74,25.65,86.25,,,,,,,未采集,SRC-PROVINCE-DEBT-QINGHAI-2021,A1,extracted,true,已从省级财政厅官方地级行政单元债务明细表提取；经济财政字段与债务字段的来源状态分开记录。
CN-632700,632700,玉树藏族自治州,63,青海省,自治州,extended,2021,2021-12-31,prefecture_whole,official_debt,,,,,,,20.58,20.40,1.00,1.00,21.58,21.40,99.17,,,,,,,未采集,SRC-PROVINCE-DEBT-QINGHAI-2021,A1,extracted,true,已从省级财政厅官方地级行政单元债务明细表提取；经济财政字段与债务字段的来源状态分开记录。
CN-632800,632800,海西蒙古族藏族自治州,63,青海省,自治州,extended,2021,2021-12-31,prefecture_whole,official_debt,,,,,,,162.09,143.84,102.51,73.54,264.60,217.38,82.15,,,,,,,未采集,SRC-PROVINCE-DEBT-QINGHAI-2021,A1,extracted,true,已从省级财政厅官方地级行政单元债务明细表提取；经济财政字段与债务字段的来源状态分开记录。
CN-640100,640100,银川市,64,宁夏回族自治区,地级市,core,2021,2021-12-31,prefecture_whole,official_debt,2263.00,6.30,,171.19,291.69,,256.82,191.50,131.66,110.42,388.48,301.93,77.72,13.34,176.37,176.37,58.69,,,未采集,SRC-CITY-PANEL-1990-2023;SRC-PROVINCE-DEBT-NINGXIA-2021,A1,extracted,true,已从省级财政厅官方地级行政单元债务明细表提取；经济财政字段与债务字段的来源状态分开记录。
CN-640200,640200,石嘴山市,64,宁夏回族自治区,地级市,core,2021,2021-12-31,prefecture_whole,official_debt,617.00,7.20,,24.79,92.53,,83.78,72.34,12.96,9.28,96.74,81.62,84.37,13.23,329.25,329.25,26.79,,,未采集,SRC-CITY-PANEL-1990-2023;SRC-PROVINCE-DEBT-NINGXIA-2021,A1,extracted,true,已从省级财政厅官方地级行政单元债务明细表提取；经济财政字段与债务字段的来源状态分开记录。
CN-640300,640300,吴忠市,64,宁夏回族自治区,地级市,core,2021,2021-12-31,prefecture_whole,official_debt,762.00,8.30,,37.47,226.58,,76.07,66.94,31.79,26.24,107.86,93.18,86.39,12.23,248.68,248.68,16.54,,,未采集,SRC-CITY-PANEL-1990-2023;SRC-PROVINCE-DEBT-NINGXIA-2021,A1,extracted,true,已从省级财政厅官方地级行政单元债务明细表提取；经济财政字段与债务字段的来源状态分开记录。
CN-640400,640400,固原市,64,宁夏回族自治区,地级市,core,2021,2021-12-31,prefecture_whole,official_debt,375.00,6.10,,15.82,245.02,,76.24,71.78,21.19,13.34,97.42,85.11,87.36,22.70,537.99,537.99,6.46,,,未采集,SRC-CITY-PANEL-1990-2023;SRC-PROVINCE-DEBT-NINGXIA-2021,A1,extracted,true,已从省级财政厅官方地级行政单元债务明细表提取；经济财政字段与债务字段的来源状态分开记录。
CN-640500,640500,中卫市,64,宁夏回族自治区,地级市,core,2021,2021-12-31,prefecture_whole,official_debt,505.00,6.40,,22.85,184.21,,99.11,85.58,18.09,14.57,117.20,100.15,85.45,19.83,438.29,438.29,12.40,,,未采集,SRC-CITY-PANEL-1990-2023;SRC-PROVINCE-DEBT-NINGXIA-2021,A1,extracted,true,已从省级财政厅官方地级行政单元债务明细表提取；经济财政字段与债务字段的来源状态分开记录。
CN-650100,650100,乌鲁木齐市,65,新疆维吾尔自治区,地级市,core,2021,2021-12-31,prefecture_whole,official_debt,3692.00,6.10,,377.93,419.59,,486.17,443.12,998.40,892.35,1484.57,1335.47,89.96,36.17,353.36,353.36,90.07,,,未采集,SRC-CITY-PANEL-1990-2023;SRC-PROVINCE-DEBT-XINJIANG-2021,A1,extracted,true,已从省级财政厅官方地级行政单元债务明细表提取；经济财政字段与债务字段的来源状态分开记录。
CN-650200,650200,克拉玛依市,65,新疆维吾尔自治区,地级市,core,2021,2021-12-31,prefecture_whole,official_debt,1072.00,5.20,,89.11,115.82,,182.68,162.70,85.00,84.00,267.68,246.70,92.16,23.01,276.85,276.85,76.94,,,未采集,SRC-CITY-PANEL-1990-2023;SRC-PROVINCE-DEBT-XINJIANG-2021,A1,extracted,true,已从省级财政厅官方地级行政单元债务明细表提取；经济财政字段与债务字段的来源状态分开记录。
CN-650400,650400,吐鲁番市,65,新疆维吾尔自治区,地级市,core,2021,2021-12-31,prefecture_whole,official_debt,433.00,6.25,,53.01,114.91,,87.39,74.96,118.60,116.11,205.99,191.07,92.76,44.13,360.44,360.44,46.13,,,未采集,SRC-CITY-PANEL-1990-2023;SRC-PROVINCE-DEBT-XINJIANG-2021,A1,extracted,true,已从省级财政厅官方地级行政单元债务明细表提取；经济财政字段与债务字段的来源状态分开记录。
CN-650500,650500,哈密市,65,新疆维吾尔自治区,地级市,core,2021,2021-12-31,prefecture_whole,official_debt,727.00,10.10,,59.92,139.05,,153.61,124.68,119.90,117.59,273.51,242.27,88.58,33.32,404.32,404.32,43.09,,,未采集,SRC-CITY-PANEL-1990-2023;SRC-PROVINCE-DEBT-XINJIANG-2021,A1,extracted,true,已从省级财政厅官方地级行政单元债务明细表提取；经济财政字段与债务字段的来源状态分开记录。
CN-652300,652300,昌吉回族自治州,65,新疆维吾尔自治区,自治州,extended,2021,2021-12-31,prefecture_whole,official_debt,,,,,,,242.16,207.00,237.90,229.49,480.06,436.49,90.92,,,,,,,未采集,SRC-PROVINCE-DEBT-XINJIANG-2021,A1,extracted,true,已从省级财政厅官方地级行政单元债务明细表提取；经济财政字段与债务字段的来源状态分开记录。
CN-652700,652700,博尔塔拉蒙古自治州,65,新疆维吾尔自治区,自治州,extended,2021,2021-12-31,prefecture_whole,official_debt,,,,,,,123.06,112.51,100.27,97.09,223.33,209.60,93.85,,,,,,,未采集,SRC-PROVINCE-DEBT-XINJIANG-2021,A1,extracted,true,已从省级财政厅官方地级行政单元债务明细表提取；经济财政字段与债务字段的来源状态分开记录。
CN-652800,652800,巴音郭楞蒙古自治州,65,新疆维吾尔自治区,自治州,extended,2021,2021-12-31,prefecture_whole,official_debt,,,,,,,204.39,184.20,273.77,260.37,478.16,444.57,92.98,,,,,,,未采集,SRC-PROVINCE-DEBT-XINJIANG-2021,A1,extracted,true,已从省级财政厅官方地级行政单元债务明细表提取；经济财政字段与债务字段的来源状态分开记录。
CN-652900,652900,阿克苏地区,65,新疆维吾尔自治区,地区,extended,2021,2021-12-31,prefecture_whole,official_debt,,,,,,,240.82,214.73,193.54,186.85,434.36,401.58,92.45,,,,,,,未采集,SRC-PROVINCE-DEBT-XINJIANG-2021,A1,extracted,true,已从省级财政厅官方地级行政单元债务明细表提取；经济财政字段与债务字段的来源状态分开记录。
CN-653000,653000,克孜勒苏柯尔克孜自治州,65,新疆维吾尔自治区,自治州,extended,2021,2021-12-31,prefecture_whole,official_debt,,,,,,,121.74,116.51,50.30,50.00,172.04,166.51,96.79,,,,,,,未采集,SRC-PROVINCE-DEBT-XINJIANG-2021,A1,extracted,true,已从省级财政厅官方地级行政单元债务明细表提取；经济财政字段与债务字段的来源状态分开记录。
CN-653100,653100,喀什地区,65,新疆维吾尔自治区,地区,extended,2021,2021-12-31,prefecture_whole,official_debt,,,,,,,278.12,254.91,178.66,171.29,456.78,426.19,93.30,,,,,,,未采集,SRC-PROVINCE-DEBT-XINJIANG-2021,A1,extracted,true,已从省级财政厅官方地级行政单元债务明细表提取；经济财政字段与债务字段的来源状态分开记录。
CN-653200,653200,和田地区,65,新疆维吾尔自治区,地区,extended,2021,2021-12-31,prefecture_whole,official_debt,,,,,,,245.36,234.06,106.10,103.05,351.46,337.11,95.92,,,,,,,未采集,SRC-PROVINCE-DEBT-XINJIANG-2021,A1,extracted,true,已从省级财政厅官方地级行政单元债务明细表提取；经济财政字段与债务字段的来源状态分开记录。
CN-654000,654000,伊犁哈萨克自治州,65,新疆维吾尔自治区,自治州,extended,2021,2021-12-31,prefecture_whole,official_debt,,,,,,,258.14,235.31,263.27,236.15,521.41,471.46,90.42,,,,,,,未采集,SRC-PROVINCE-DEBT-XINJIANG-2021,A1,extracted,true,已从省级财政厅官方地级行政单元债务明细表提取；经济财政字段与债务字段的来源状态分开记录。
CN-654200,654200,塔城地区,65,新疆维吾尔自治区,地区,extended,2021,2021-12-31,prefecture_whole,official_debt,,,,,,,169.69,144.55,123.42,118.94,293.11,263.49,89.89,,,,,,,未采集,SRC-PROVINCE-DEBT-XINJIANG-2021,A1,extracted,true,已从省级财政厅官方地级行政单元债务明细表提取；经济财政字段与债务字段的来源状态分开记录。
CN-654300,654300,阿勒泰地区,65,新疆维吾尔自治区,地区,extended,2021,2021-12-31,prefecture_whole,official_debt,,,,,,,159.72,147.74,110.19,108.63,269.91,256.37,94.98,,,,,,,未采集,SRC-PROVINCE-DEBT-XINJIANG-2021,A1,extracted,true,已从省级财政厅官方地级行政单元债务明细表提取；经济财政字段与债务字段的来源状态分开记录。
CN-659000,659000,自治区直辖县级行政区划,65,新疆维吾尔自治区,地级市,core,2021,2021-12-31,prefecture_whole,official_debt,,,,,,,,460.20,,528.27,,988.47,,,,,,,,未采集,SRC-OFFICIAL-DEBT-XINJIANG-BINGTUAN-2021,A1,extracted,true,已从省级财政厅官方地级行政单元债务明细表提取；经济财政字段与债务字段的来源状态分开记录。
CN-110000,110000,北京市,11,北京市,直辖市,separate,2022,2022-12-31,prefecture_whole,official_debt,41611.00,0.70,,5714.36,7469.15,,3294.30,2349.14,8908.10,8216.19,12202.40,10565.33,86.58,25.39,184.89,184.89,76.51,,,未采集,SRC-CITY-PANEL-1990-2023;SRC-CITY-DEBT-BEIJING-2022,A1,extracted,true,已从省级财政厅官方地级行政单元债务明细表提取；经济财政字段与债务字段的来源状态分开记录。
CN-120000,120000,天津市,12,天津市,直辖市,separate,2022,2022-12-31,prefecture_whole,official_debt,16311.00,0.96,,1846.69,2729.83,,2005.83,1994.77,6884.30,6650.78,8890.13,8645.55,97.25,53.00,468.16,468.16,67.65,,,未采集,SRC-CITY-PANEL-1990-2023;SRC-PROVINCE-DEBT-TIANJIN-2022,A1,extracted,true,已从省级财政厅官方地级行政单元债务明细表提取；经济财政字段与债务字段的来源状态分开记录。
CN-130100,130100,石家庄市,13,河北省,地级市,core,2022,2022-12-31,prefecture_whole,secondary_debt,7101.00,6.35,,692.16,1250.43,,,,,,,2031.14,,28.60,293.45,293.45,55.35,,,未采集,SRC-CITY-PANEL-1990-2023;SRC-SECONDARY-DEBT-HEBEI-SHIJIAZHUANG-2022,B2,needs_review,true,已接入评级报告或其他二手公开来源的债务补缺值；不等同于官方决算数据，必须回到财政/人大预算决算或官方债务表复核。
CN-130200,130200,唐山市,13,河北省,地级市,core,2022,2022-12-31,prefecture_whole,secondary_debt,8901.00,4.65,,542.66,936.90,,,,,,,2249.47,,25.27,414.53,414.53,57.92,,,未采集,SRC-CITY-PANEL-1990-2023;SRC-SECONDARY-DEBT-HEBEI-TANGSHAN-2022,B2,needs_review,true,已接入评级报告或其他二手公开来源的债务补缺值；不等同于官方决算数据，必须回到财政/人大预算决算或官方债务表复核。
CN-130300,130300,秦皇岛市,13,河北省,地级市,core,2022,2022-12-31,prefecture_whole,secondary_debt,1910.00,3.50,,171.88,316.11,,,,,,,658.82,,34.49,383.30,383.30,54.37,,,未采集,SRC-CITY-PANEL-1990-2023;SRC-SECONDARY-DEBT-HEBEI-QINHUANGDAO-2022,B2,needs_review,true,已接入评级报告或其他二手公开来源的债务补缺值；不等同于官方决算数据，必须回到财政/人大预算决算或官方债务表复核。
CN-130400,130400,邯郸市,13,河北省,地级市,core,2022,2022-12-31,prefecture_whole,secondary_debt,4346.00,4.15,,355.24,845.62,,,,,,,1189.20,,27.36,334.76,334.76,42.01,,,未采集,SRC-CITY-PANEL-1990-2023;SRC-SECONDARY-DEBT-HEBEI-HANDAN-2022,B2,needs_review,true,已接入评级报告或其他二手公开来源的债务补缺值；不等同于官方决算数据，必须回到财政/人大预算决算或官方债务表复核。
CN-130500,130500,邢台市,13,河北省,地级市,core,2022,2022-12-31,prefecture_whole,secondary_debt,2547.00,3.55,,209.68,614.92,,,287.60,,662.70,,950.30,,37.31,453.21,453.21,34.10,,,未采集,SRC-CITY-PANEL-1990-2023;SRC-SECONDARY-DEBT-HEBEI-XINGTAI-2022,B2,needs_review,true,已接入评级报告或其他二手公开来源的债务补缺值；不等同于官方决算数据，必须回到财政/人大预算决算或官方债务表复核。
CN-130600,130600,保定市,13,河北省,地级市,core,2022,2022-12-31,prefecture_whole,secondary_debt,4608.00,4.52,,346.56,898.82,,,,,,,1376.03,,29.86,397.05,397.05,38.56,,,未采集,SRC-CITY-PANEL-1990-2023;SRC-SECONDARY-DEBT-HEBEI-BAODING-2022,B2,needs_review,true,已接入评级报告或其他二手公开来源的债务补缺值；不等同于官方决算数据，必须回到财政/人大预算决算或官方债务表复核。
CN-130700,130700,张家口市,13,河北省,地级市,core,2022,2022-12-31,prefecture_whole,secondary_debt,1775.00,1.45,,167.48,608.76,,,424.73,,621.51,,1046.24,,58.94,624.70,624.70,27.51,,,未采集,SRC-CITY-PANEL-1990-2023;SRC-SECONDARY-DEBT-HEBEI-ZHANGJIAKOU-2022,B2,needs_review,true,已接入评级报告或其他二手公开来源的债务补缺值；不等同于官方决算数据，必须回到财政/人大预算决算或官方债务表复核。
CN-130800,130800,承德市,13,河北省,地级市,core,2022,2022-12-31,prefecture_whole,official_debt,1780.00,3.85,,123.90,436.36,,,402.35,,284.74,,687.09,,38.60,554.55,554.55,28.39,,,未采集,SRC-CITY-PANEL-1990-2023;SRC-OFFICIAL-DEBT-HEBEI-CHENGDE-2022,A2,extracted,true,已从省级财政厅官方地级行政单元债务明细表提取；经济财政字段与债务字段的来源状态分开记录。
CN-130900,130900,沧州市,13,河北省,地级市,core,2022,2022-12-31,prefecture_whole,secondary_debt,4388.00,4.15,,317.19,709.82,,,288.32,,517.78,,806.10,,18.37,254.14,254.14,44.69,,,未采集,SRC-CITY-PANEL-1990-2023;SRC-SECONDARY-DEBT-HEBEI-CANGZHOU-2022,B2,needs_review,true,已接入评级报告或其他二手公开来源的债务补缺值；不等同于官方决算数据，必须回到财政/人大预算决算或官方债务表复核。
CN-131000,131000,廊坊市,13,河北省,地级市,core,2022,2022-12-31,prefecture_whole,preliminary,3565.00,2.05,,341.52,605.06,,,207.92,,751.52,,959.44,,26.91,280.93,280.93,56.44,,,未采集,SRC-CITY-PANEL-1990-2023;SRC-OFFICIAL-DEBT-HEBEI-LANGFANG-2022,A2,extracted,true,已从省级财政厅官方地级行政单元债务明细表提取；经济财政字段与债务字段的来源状态分开记录。
CN-131100,131100,衡水市,13,河北省,地级市,core,2022,2022-12-31,prefecture_whole,secondary_debt,1801.00,4.20,,143.61,421.91,,,183.00,,348.00,,531.00,,29.48,369.75,369.75,34.04,,,未采集,SRC-CITY-PANEL-1990-2023;SRC-SECONDARY-DEBT-HEBEI-HENGSHUI-2022,B2,needs_review,true,已接入评级报告或其他二手公开来源的债务补缺值；不等同于官方决算数据，必须回到财政/人大预算决算或官方债务表复核。
CN-140100,140100,太原市,14,山西省,地级市,core,2022,2022-12-31,prefecture_whole,secondary_debt,5571.00,3.30,,437.48,715.90,,,,,,,983.15,,17.65,224.73,224.73,61.11,,,未采集,SRC-CITY-PANEL-1990-2023;SRC-SECONDARY-DEBT-SHANXI-TAIYUAN-2022,B2,needs_review,true,已接入评级报告或其他二手公开来源的债务补缺值；不等同于官方决算数据，必须回到财政/人大预算决算或官方债务表复核。
CN-140200,140200,大同市,14,山西省,地级市,core,2022,2022-12-31,prefecture_whole,official_debt,1843.00,3.50,,186.74,400.86,,,,,,,507.23,,27.52,271.62,271.62,46.58,,,未采集,SRC-CITY-PANEL-1990-2023;SRC-OFFICIAL-DEBT-SHANXI-DATONG-2022,A2,extracted,true,已从省级财政厅官方地级行政单元债务明细表提取；经济财政字段与债务字段的来源状态分开记录。
CN-140300,140300,阳泉市,14,山西省,地级市,core,2022,2022-12-31,prefecture_whole,secondary_debt,1013.00,3.50,,81.97,158.47,,,,,,,291.39,,28.77,355.48,355.48,51.73,,,未采集,SRC-CITY-PANEL-1990-2023;SRC-SECONDARY-DEBT-SHANXI-YANGQUAN-2022,B2,needs_review,true,已接入评级报告或其他二手公开来源的债务补缺值；不等同于官方决算数据，必须回到财政/人大预算决算或官方债务表复核。
CN-140400,140400,长治市,14,山西省,地级市,core,2022,2022-12-31,prefecture_whole,official_debt,2805.00,7.20,,310.49,491.81,,174.42,174.42,196.72,196.72,371.14,371.14,100.00,13.23,119.53,119.53,63.13,,,未采集,SRC-CITY-PANEL-1990-2023;SRC-CITY-DEBT-SHANXI-CHANGZHI-2022,A1,extracted,true,已从省级财政厅官方地级行政单元债务明细表提取；经济财政字段与债务字段的来源状态分开记录。
CN-140500,140500,晋城市,14,山西省,地级市,core,2022,2022-12-31,prefecture_whole,secondary_debt,2305.00,7.30,,282.99,386.74,,,,,,,308.10,,13.37,108.87,108.87,73.17,,,未采集,SRC-CITY-PANEL-1990-2023;SRC-SECONDARY-DEBT-SHANXI-JINCHENG-2022,B2,needs_review,true,已接入评级报告或其他二手公开来源的债务补缺值；不等同于官方决算数据，必须回到财政/人大预算决算或官方债务表复核。
CN-140600,140600,朔州市,14,山西省,地级市,core,2022,2022-12-31,prefecture_whole,secondary_debt,1536.00,1.00,,158.22,248.30,,,,,,,245.65,,15.99,155.26,155.26,63.72,,,未采集,SRC-CITY-PANEL-1990-2023;SRC-SECONDARY-DEBT-SHANXI-SHUOZHOU-2022,B2,needs_review,true,已接入评级报告或其他二手公开来源的债务补缺值；不等同于官方决算数据，必须回到财政/人大预算决算或官方债务表复核。
CN-140700,140700,晋中市,14,山西省,地级市,core,2022,2022-12-31,prefecture_whole,secondary_debt,2112.00,5.20,,187.05,414.07,,,254.23,,256.55,,510.78,,24.18,273.07,273.07,45.17,,,未采集,SRC-CITY-PANEL-1990-2023;SRC-SECONDARY-DEBT-SHANXI-JINZHONG-2022,B2,needs_review,true,已接入评级报告或其他二手公开来源的债务补缺值；不等同于官方决算数据，必须回到财政/人大预算决算或官方债务表复核。
CN-140800,140800,运城市,14,山西省,地级市,core,2022,2022-12-31,prefecture_whole,secondary_debt,2301.00,5.60,,113.30,486.28,,,,,,,363.06,,15.78,320.44,320.44,23.30,,,未采集,SRC-CITY-PANEL-1990-2023;SRC-SECONDARY-DEBT-SHANXI-YUNCHENG-2022,B2,needs_review,true,已接入评级报告或其他二手公开来源的债务补缺值；不等同于官方决算数据，必须回到财政/人大预算决算或官方债务表复核。
CN-140900,140900,忻州市,14,山西省,地级市,core,2022,2022-12-31,prefecture_whole,secondary_debt,1501.00,3.80,,151.28,433.56,,,,,,,418.29,,27.87,276.50,276.50,34.89,,,未采集,SRC-CITY-PANEL-1990-2023;SRC-SECONDARY-DEBT-SHANXI-XINZHOU-2022,B2,needs_review,true,已接入评级报告或其他二手公开来源的债务补缺值；不等同于官方决算数据，必须回到财政/人大预算决算或官方债务表复核。
CN-141000,141000,临汾市,14,山西省,地级市,core,2022,2022-12-31,prefecture_whole,secondary_debt,2228.00,5.16,,200.60,502.46,,,,,,,506.09,,22.71,252.29,252.29,39.92,,,未采集,SRC-CITY-PANEL-1990-2023;SRC-SECONDARY-DEBT-SHANXI-LINFEN-2022,B2,needs_review,true,已接入评级报告或其他二手公开来源的债务补缺值；不等同于官方决算数据，必须回到财政/人大预算决算或官方债务表复核。
CN-141100,141100,吕梁市,14,山西省,地级市,core,2022,2022-12-31,prefecture_whole,official_debt,2419.00,3.90,,342.18,552.02,,,245.67,,205.26,,450.93,,18.64,131.78,131.78,61.99,,,未采集,SRC-CITY-PANEL-1990-2023;SRC-OFFICIAL-DEBT-SHANXI-LVLIANG-2022,A2,extracted,true,已从省级财政厅官方地级行政单元债务明细表提取；经济财政字段与债务字段的来源状态分开记录。
CN-150100,150100,呼和浩特市,15,内蒙古自治区,地级市,core,2022,2022-12-31,prefecture_whole,secondary_debt,3329.00,2.60,,230.87,420.98,,,,,,,1028.02,,30.88,445.28,445.28,54.84,,,未采集,SRC-CITY-PANEL-1990-2023;SRC-SECONDARY-CEIC-CN-150100,D,needs_review,true,已接入商业数据库公开城市债务页的 provisional 补缺值；经济财政字段与债务字段来源状态分开记录，必须回到官方预算/决算或统计公报复核。
CN-150200,150200,包头市,15,内蒙古自治区,地级市,core,2022,2022-12-31,prefecture_whole,secondary_debt,3750.00,7.21,,173.61,395.24,,,,,,,1071.90,,28.58,617.42,617.42,43.93,,,未采集,SRC-CITY-PANEL-1990-2023;SRC-SECONDARY-DEBT-BAOTOU-2022-OFFICIAL,B2,needs_review,true,已接入评级报告或其他二手公开来源的债务补缺值；不等同于官方决算数据，必须回到财政/人大预算决算或官方债务表复核。
CN-150300,150300,乌海市,15,内蒙古自治区,地级市,core,2022,2022-12-31,prefecture_whole,official_debt,803.00,2.20,,79.27,118.24,,182.80,175.24,82.15,79.17,264.95,254.41,96.02,31.68,320.94,320.94,67.04,,,未采集,SRC-CITY-PANEL-1990-2023;SRC-OFFICIAL-DEBT-INNER-MONGOLIA-WUHAI-2022,A2,extracted,true,已从省级财政厅官方地级行政单元债务明细表提取；经济财政字段与债务字段的来源状态分开记录。
CN-150400,150400,赤峰市,15,内蒙古自治区,地级市,core,2022,2022-12-31,prefecture_whole,secondary_debt,2148.00,2.00,,113.87,573.24,,,,,,,604.20,,28.13,530.61,530.61,19.86,,,未采集,SRC-CITY-PANEL-1990-2023;SRC-SECONDARY-CEIC-CN-150400,D,needs_review,true,已接入商业数据库公开城市债务页的 provisional 补缺值；经济财政字段与债务字段来源状态分开记录，必须回到官方预算/决算或统计公报复核。
CN-150500,150500,通辽市,15,内蒙古自治区,地级市,core,2022,2022-12-31,prefecture_whole,official_debt,1562.00,3.20,,91.87,420.97,,473.70,450.65,160.82,152.94,634.52,603.59,95.13,38.64,657.00,657.00,21.82,,,未采集,SRC-CITY-PANEL-1990-2023;SRC-OFFICIAL-DEBT-INNER-MONGOLIA-TONGLIAO-2022,A2,extracted,true,已从省级财政厅官方地级行政单元债务明细表提取；经济财政字段与债务字段的来源状态分开记录。
CN-150600,150600,鄂尔多斯市,15,内蒙古自治区,地级市,core,2022,2022-12-31,prefecture_whole,official_debt,5613.00,5.40,,842.84,993.62,,1557.50,1507.78,180.00,169.58,1737.50,1677.36,96.54,29.88,199.01,199.01,84.83,,,未采集,SRC-CITY-PANEL-1990-2023;SRC-OFFICIAL-DEBT-INNER-MONGOLIA-ORDOS-2022,A2,extracted,true,已从省级财政厅官方地级行政单元债务明细表提取；经济财政字段与债务字段的来源状态分开记录。
CN-150700,150700,呼伦贝尔市,15,内蒙古自治区,地级市,core,2022,2022-12-31,prefecture_whole,secondary_debt,1536.00,4.60,,98.75,472.51,,,,,,,600.15,,39.07,607.75,607.75,20.90,,,未采集,SRC-CITY-PANEL-1990-2023;SRC-SECONDARY-CEIC-CN-150700,D,needs_review,true,已接入商业数据库公开城市债务页的 provisional 补缺值；经济财政字段与债务字段来源状态分开记录，必须回到官方预算/决算或统计公报复核。
CN-150800,150800,巴彦淖尔市,15,内蒙古自治区,地级市,core,2022,2022-12-31,prefecture_whole,secondary_debt,1085.00,2.06,,77.54,307.38,,,,,,,534.98,,49.31,689.94,689.94,25.23,,,未采集,SRC-CITY-PANEL-1990-2023;SRC-SECONDARY-CEIC-CN-150800,D,needs_review,true,已接入商业数据库公开城市债务页的 provisional 补缺值；经济财政字段与债务字段来源状态分开记录，必须回到官方预算/决算或统计公报复核。
CN-150900,150900,乌兰察布市,15,内蒙古自治区,地级市,core,2022,2022-12-31,prefecture_whole,official_debt,1018.00,4.00,,62.59,375.52,,565.10,558.06,235.01,223.47,800.11,781.53,97.68,76.77,1248.65,1248.65,16.67,,,未采集,SRC-CITY-PANEL-1990-2023;SRC-OFFICIAL-DEBT-INNER-MONGOLIA-ULANQAB-2022,A2,extracted,true,已从省级财政厅官方地级行政单元债务明细表提取；经济财政字段与债务字段的来源状态分开记录。
CN-152200,152200,兴安盟,15,内蒙古自治区,盟,extended,2022,2022-12-31,prefecture_whole,official_debt,,,,,,,271.20,264.26,132.30,127.61,403.50,391.87,97.12,,,,,,,未采集,SRC-OFFICIAL-DEBT-INNER-MONGOLIA-XINGAN-2022,A2,extracted,true,已从省级财政厅官方地级行政单元债务明细表提取；经济财政字段与债务字段的来源状态分开记录。
CN-152500,152500,锡林郭勒盟,15,内蒙古自治区,盟,extended,2022,2022-12-31,prefecture_whole,secondary_debt,,,,,,,,,,,,596.00,,,,,,,,未采集,SRC-SECONDARY-RATING-INNER-MONGOLIA-2020-2022-CITY-CHART,B2,needs_review,true,已接入评级报告或其他二手公开来源的债务补缺值；不等同于官方决算数据，必须回到财政/人大预算决算或官方债务表复核。
CN-152900,152900,阿拉善盟,15,内蒙古自治区,盟,extended,2022,2022-12-31,prefecture_whole,secondary_debt,,,,,,,,15.80,,29.24,,45.03,,,,,,,,未采集,SRC-SECONDARY-DEBT-INNER-MONGOLIA-ALXA-2022,B2,needs_review,true,已接入评级报告或其他二手公开来源的债务补缺值；不等同于官方决算数据，必须回到财政/人大预算决算或官方债务表复核。
CN-210100,210100,沈阳市,21,辽宁省,地级市,core,2022,2022-12-31,prefecture_whole,official_debt,7696.00,3.48,,713.67,1053.59,,,980.41,,927.39,,1907.80,,24.79,267.32,267.32,67.74,,,未采集,SRC-CITY-PANEL-1990-2023;SRC-OFFICIAL-DEBT-LIAONING-CITIES-2022,A2,extracted,true,已从省级财政厅官方地级行政单元债务明细表提取；经济财政字段与债务字段的来源状态分开记录。
CN-210200,210200,大连市,21,辽宁省,地级市,core,2022,2022-12-31,prefecture_whole,official_debt,8431.00,3.98,,669.77,991.08,,,1532.67,,1012.23,,2544.90,,30.19,379.97,379.97,67.58,,,未采集,SRC-CITY-PANEL-1990-2023;SRC-OFFICIAL-DEBT-LIAONING-CITIES-2022,A2,extracted,true,已从省级财政厅官方地级行政单元债务明细表提取；经济财政字段与债务字段的来源状态分开记录。
CN-210300,210300,鞍山市,21,辽宁省,地级市,core,2022,2022-12-31,prefecture_whole,official_debt,1863.00,0.30,,148.52,307.49,,,477.09,,401.05,,878.14,,47.14,591.26,591.26,48.30,,,未采集,SRC-CITY-PANEL-1990-2023;SRC-OFFICIAL-DEBT-LIAONING-CITIES-2022,A2,extracted,true,已从省级财政厅官方地级行政单元债务明细表提取；经济财政字段与债务字段的来源状态分开记录。
CN-210400,210400,抚顺市,21,辽宁省,地级市,core,2022,2022-12-31,prefecture_whole,official_debt,928.00,1.60,,60.83,173.80,,,338.85,,76.86,,415.71,,44.80,683.40,683.40,35.00,,,未采集,SRC-CITY-PANEL-1990-2023;SRC-OFFICIAL-DEBT-LIAONING-CITIES-2022,A2,extracted,true,已从省级财政厅官方地级行政单元债务明细表提取；经济财政字段与债务字段的来源状态分开记录。
CN-210500,210500,本溪市,21,辽宁省,地级市,core,2022,2022-12-31,prefecture_whole,official_debt,931.00,5.78,,73.90,161.84,,,220.94,,124.47,,345.41,,37.10,467.40,467.40,45.66,,,未采集,SRC-CITY-PANEL-1990-2023;SRC-OFFICIAL-DEBT-LIAONING-CITIES-2022,A2,extracted,true,已从省级财政厅官方地级行政单元债务明细表提取；经济财政字段与债务字段的来源状态分开记录。
CN-210600,210600,丹东市,21,辽宁省,地级市,core,2022,2022-12-31,prefecture_whole,official_debt,891.00,0.60,,67.96,231.71,,,284.45,,59.96,,344.41,,38.65,506.78,506.78,29.33,,,未采集,SRC-CITY-PANEL-1990-2023;SRC-OFFICIAL-DEBT-LIAONING-CITIES-2022,A2,extracted,true,已从省级财政厅官方地级行政单元债务明细表提取；经济财政字段与债务字段的来源状态分开记录。
CN-210700,210700,锦州市,21,辽宁省,地级市,core,2022,2022-12-31,prefecture_whole,official_debt,1202.00,2.50,,103.89,258.73,,,351.74,,86.34,,438.08,,36.45,421.68,421.68,40.15,,,未采集,SRC-CITY-PANEL-1990-2023;SRC-OFFICIAL-DEBT-LIAONING-CITIES-2022,A2,extracted,true,已从省级财政厅官方地级行政单元债务明细表提取；经济财政字段与债务字段的来源状态分开记录。
CN-210800,210800,营口市,21,辽宁省,地级市,core,2022,2022-12-31,prefecture_whole,official_debt,1432.00,-2.30,,129.34,251.39,,,812.81,,192.27,,1005.08,,70.19,777.08,777.08,51.45,,,未采集,SRC-CITY-PANEL-1990-2023;SRC-OFFICIAL-DEBT-LIAONING-CITIES-2022,A2,extracted,true,已从省级财政厅官方地级行政单元债务明细表提取；经济财政字段与债务字段的来源状态分开记录。
CN-210900,210900,阜新市,21,辽宁省,地级市,core,2022,2022-12-31,prefecture_whole,official_debt,578.00,3.30,,44.83,161.02,,,130.16,,56.71,,186.87,,32.33,416.84,416.84,27.84,,,未采集,SRC-CITY-PANEL-1990-2023;SRC-OFFICIAL-DEBT-LIAONING-CITIES-2022,A2,extracted,true,已从省级财政厅官方地级行政单元债务明细表提取；经济财政字段与债务字段的来源状态分开记录。
CN-211000,211000,辽阳市,21,辽宁省,地级市,core,2022,2022-12-31,prefecture_whole,official_debt,892.00,0.20,,87.38,171.12,,,261.50,,110.10,,371.60,,41.66,425.27,425.27,51.06,,,未采集,SRC-CITY-PANEL-1990-2023;SRC-OFFICIAL-DEBT-LIAONING-CITIES-2022,A2,extracted,true,已从省级财政厅官方地级行政单元债务明细表提取；经济财政字段与债务字段的来源状态分开记录。
CN-211100,211100,盘锦市,21,辽宁省,地级市,core,2022,2022-12-31,prefecture_whole,official_debt,1394.00,-6.40,,121.36,214.01,,,646.46,,138.55,,785.01,,56.31,646.84,646.84,56.71,,,未采集,SRC-CITY-PANEL-1990-2023;SRC-OFFICIAL-DEBT-LIAONING-CITIES-2022,A2,extracted,true,已从省级财政厅官方地级行政单元债务明细表提取；经济财政字段与债务字段的来源状态分开记录。
CN-211200,211200,铁岭市,21,辽宁省,地级市,core,2022,2022-12-31,prefecture_whole,official_debt,754.00,1.03,,45.50,213.89,,,170.81,,163.28,,334.09,,44.31,734.26,734.26,21.27,,,未采集,SRC-CITY-PANEL-1990-2023;SRC-OFFICIAL-DEBT-LIAONING-CITIES-2022,A2,extracted,true,已从省级财政厅官方地级行政单元债务明细表提取；经济财政字段与债务字段的来源状态分开记录。
CN-211300,211300,朝阳市,21,辽宁省,地级市,core,2022,2022-12-31,prefecture_whole,official_debt,995.00,2.50,,79.37,303.05,,,142.84,,116.44,,259.28,,26.06,326.67,326.67,26.19,,,未采集,SRC-CITY-PANEL-1990-2023;SRC-OFFICIAL-DEBT-LIAONING-CITIES-2022,A2,extracted,true,已从省级财政厅官方地级行政单元债务明细表提取；经济财政字段与债务字段的来源状态分开记录。
CN-211400,211400,葫芦岛市,21,辽宁省,地级市,core,2022,2022-12-31,prefecture_whole,official_debt,871.00,0.30,,59.10,226.61,,,348.01,,81.49,,429.50,,49.31,726.73,726.73,26.08,,,未采集,SRC-CITY-PANEL-1990-2023;SRC-OFFICIAL-DEBT-LIAONING-CITIES-2022,A2,extracted,true,已从省级财政厅官方地级行政单元债务明细表提取；经济财政字段与债务字段的来源状态分开记录。
CN-220100,220100,长春市,22,吉林省,地级市,core,2022,2022-12-31,prefecture_whole,official_debt,6745.00,-4.55,,459.69,976.67,,846.20,787.17,1621.81,1532.73,2468.01,2319.90,94.00,34.39,504.67,504.67,47.07,,,未采集,SRC-CITY-PANEL-1990-2023;SRC-PROVINCE-DEBT-JILIN-2022,A1,extracted,true,已从省级财政厅官方地级行政单元债务明细表提取；经济财政字段与债务字段的来源状态分开记录。
CN-220200,220200,吉林市,22,吉林省,地级市,core,2022,2022-12-31,prefecture_whole,official_debt,1518.00,-1.94,,83.39,397.62,,245.76,231.69,284.55,278.73,530.31,510.42,96.25,33.62,612.09,612.09,20.97,,,未采集,SRC-CITY-PANEL-1990-2023;SRC-PROVINCE-DEBT-JILIN-2022,A1,extracted,true,已从省级财政厅官方地级行政单元债务明细表提取；经济财政字段与债务字段的来源状态分开记录。
CN-220300,220300,四平市,22,吉林省,地级市,core,2022,2022-12-31,prefecture_whole,official_debt,582.00,3.87,,26.61,217.33,,89.31,73.74,49.91,49.77,139.21,123.51,88.72,21.22,464.15,464.15,12.24,,,未采集,SRC-CITY-PANEL-1990-2023;SRC-PROVINCE-DEBT-JILIN-2022,A1,extracted,true,已从省级财政厅官方地级行政单元债务明细表提取；经济财政字段与债务字段的来源状态分开记录。
CN-220400,220400,辽源市,22,吉林省,地级市,core,2022,2022-12-31,prefecture_whole,official_debt,501.00,3.78,,17.16,123.34,,66.52,60.76,76.98,73.65,143.50,134.41,93.67,26.83,783.28,783.28,13.91,,,未采集,SRC-CITY-PANEL-1990-2023;SRC-PROVINCE-DEBT-JILIN-2022,A1,extracted,true,已从省级财政厅官方地级行政单元债务明细表提取；经济财政字段与债务字段的来源状态分开记录。
CN-220500,220500,通化市,22,吉林省,地级市,core,2022,2022-12-31,prefecture_whole,official_debt,591.00,2.87,,44.27,262.54,,83.29,82.68,117.84,116.66,201.13,199.34,99.11,33.73,450.28,450.28,16.86,,,未采集,SRC-CITY-PANEL-1990-2023;SRC-PROVINCE-DEBT-JILIN-2022,A1,extracted,true,已从省级财政厅官方地级行政单元债务明细表提取；经济财政字段与债务字段的来源状态分开记录。
CN-220600,220600,白山市,22,吉林省,地级市,core,2022,2022-12-31,prefecture_whole,official_debt,542.00,-1.33,,24.41,167.21,,125.30,112.03,63.59,63.17,188.89,175.20,92.75,32.32,717.74,717.74,14.60,,,未采集,SRC-CITY-PANEL-1990-2023;SRC-PROVINCE-DEBT-JILIN-2022,A1,extracted,true,已从省级财政厅官方地级行政单元债务明细表提取；经济财政字段与债务字段的来源状态分开记录。
CN-220700,220700,松原市,22,吉林省,地级市,core,2022,2022-12-31,prefecture_whole,official_debt,873.00,3.07,,41.22,270.87,,95.16,92.87,92.25,90.19,187.41,183.06,97.68,20.97,444.10,444.10,15.22,,,未采集,SRC-CITY-PANEL-1990-2023;SRC-PROVINCE-DEBT-JILIN-2022,A1,extracted,true,已从省级财政厅官方地级行政单元债务明细表提取；经济财政字段与债务字段的来源状态分开记录。
CN-220800,220800,白城市,22,吉林省,地级市,core,2022,2022-12-31,prefecture_whole,official_debt,575.00,2.87,,26.53,243.92,,104.22,98.57,46.09,46.05,150.31,144.63,96.22,25.15,545.16,545.16,10.88,,,未采集,SRC-CITY-PANEL-1990-2023;SRC-PROVINCE-DEBT-JILIN-2022,A1,extracted,true,已从省级财政厅官方地级行政单元债务明细表提取；经济财政字段与债务字段的来源状态分开记录。
CN-222400,222400,延边朝鲜族自治州,22,吉林省,自治州,extended,2022,2022-12-31,prefecture_whole,official_debt,,,,,,,352.41,334.72,314.66,307.73,667.06,642.45,96.31,,,,,,,未采集,SRC-PROVINCE-DEBT-JILIN-2022,A1,extracted,true,已从省级财政厅官方地级行政单元债务明细表提取；经济财政字段与债务字段的来源状态分开记录。
CN-230100,230100,哈尔滨市,23,黑龙江省,地级市,core,2022,2022-12-31,prefecture_whole,official_debt,5490.00,2.53,,262.17,1065.52,,1681.01,1640.94,1271.41,1258.54,2952.42,2899.48,98.21,52.81,1105.95,1105.95,24.60,,,未采集,SRC-CITY-PANEL-1990-2023;SRC-PROVINCE-DEBT-HEILONGJIANG-2022,A1,extracted,true,已从省级财政厅官方地级行政单元债务明细表提取；经济财政字段与债务字段的来源状态分开记录。
CN-230200,230200,齐齐哈尔市,23,黑龙江省,地级市,core,2022,2022-12-31,prefecture_whole,official_debt,1318.00,4.20,,97.34,567.65,,310.86,307.24,136.63,136.41,447.49,443.65,99.14,33.66,455.77,455.77,17.15,,,未采集,SRC-CITY-PANEL-1990-2023;SRC-PROVINCE-DEBT-HEILONGJIANG-2022,A1,extracted,true,已从省级财政厅官方地级行政单元债务明细表提取；经济财政字段与债务字段的来源状态分开记录。
CN-230300,230300,鸡西市,23,黑龙江省,地级市,core,2022,2022-12-31,prefecture_whole,official_debt,665.00,4.60,,45.60,223.49,,168.58,162.18,62.57,62.44,231.15,224.63,97.18,33.78,492.61,492.61,20.40,,,未采集,SRC-CITY-PANEL-1990-2023;SRC-PROVINCE-DEBT-HEILONGJIANG-2022,A1,extracted,true,已从省级财政厅官方地级行政单元债务明细表提取；经济财政字段与债务字段的来源状态分开记录。
CN-230400,230400,鹤岗市,23,黑龙江省,地级市,core,2022,2022-12-31,prefecture_whole,official_debt,409.00,4.50,,30.78,134.78,,128.38,126.90,35.46,35.34,163.84,162.24,99.02,39.67,527.10,527.10,22.84,,,未采集,SRC-CITY-PANEL-1990-2023;SRC-PROVINCE-DEBT-HEILONGJIANG-2022,A1,extracted,true,已从省级财政厅官方地级行政单元债务明细表提取；经济财政字段与债务字段的来源状态分开记录。
CN-230500,230500,双鸭山市,23,黑龙江省,地级市,core,2022,2022-12-31,prefecture_whole,official_debt,557.00,4.40,,37.97,172.80,,203.87,201.09,86.49,86.37,290.36,287.46,99.00,51.61,757.07,757.07,21.97,,,未采集,SRC-CITY-PANEL-1990-2023;SRC-PROVINCE-DEBT-HEILONGJIANG-2022,A1,extracted,true,已从省级财政厅官方地级行政单元债务明细表提取；经济财政字段与债务字段的来源状态分开记录。
CN-230600,230600,大庆市,23,黑龙江省,地级市,core,2022,2022-12-31,prefecture_whole,official_debt,2989.00,-0.25,,183.00,367.73,,227.45,220.94,119.50,118.54,346.95,339.48,97.85,11.36,185.51,185.51,49.76,,,未采集,SRC-CITY-PANEL-1990-2023;SRC-PROVINCE-DEBT-HEILONGJIANG-2022,A1,extracted,true,已从省级财政厅官方地级行政单元债务明细表提取；经济财政字段与债务字段的来源状态分开记录。
CN-230700,230700,伊春市,23,黑龙江省,地级市,core,2022,2022-12-31,prefecture_whole,official_debt,343.00,3.00,,20.79,205.88,,173.57,170.00,41.97,41.80,215.54,211.81,98.27,61.75,1018.81,1018.81,10.10,,,未采集,SRC-CITY-PANEL-1990-2023;SRC-PROVINCE-DEBT-HEILONGJIANG-2022,A1,extracted,true,已从省级财政厅官方地级行政单元债务明细表提取；经济财政字段与债务字段的来源状态分开记录。
CN-230800,230800,佳木斯市,23,黑龙江省,地级市,core,2022,2022-12-31,prefecture_whole,official_debt,869.00,3.70,,62.41,359.84,,323.05,319.64,107.61,107.41,430.66,427.05,99.16,49.14,684.27,684.27,17.34,,,未采集,SRC-CITY-PANEL-1990-2023;SRC-PROVINCE-DEBT-HEILONGJIANG-2022,A1,extracted,true,已从省级财政厅官方地级行政单元债务明细表提取；经济财政字段与债务字段的来源状态分开记录。
CN-230900,230900,七台河市,23,黑龙江省,地级市,core,2022,2022-12-31,prefecture_whole,official_debt,269.00,5.30,,28.09,102.73,,144.32,143.95,81.39,81.26,225.71,225.20,99.77,83.72,801.71,801.71,27.34,,,未采集,SRC-CITY-PANEL-1990-2023;SRC-PROVINCE-DEBT-HEILONGJIANG-2022,A1,extracted,true,已从省级财政厅官方地级行政单元债务明细表提取；经济财政字段与债务字段的来源状态分开记录。
CN-231000,231000,牡丹江市,23,黑龙江省,地级市,core,2022,2022-12-31,prefecture_whole,official_debt,926.00,3.00,,73.11,314.72,,345.73,340.36,113.95,112.28,459.68,452.64,98.47,48.88,619.12,619.12,23.23,,,未采集,SRC-CITY-PANEL-1990-2023;SRC-PROVINCE-DEBT-HEILONGJIANG-2022,A1,extracted,true,已从省级财政厅官方地级行政单元债务明细表提取；经济财政字段与债务字段的来源状态分开记录。
CN-231100,231100,黑河市,23,黑龙江省,地级市,core,2022,2022-12-31,prefecture_whole,official_debt,660.00,3.30,,47.62,278.71,,131.04,128.74,76.79,76.66,207.82,205.39,98.83,31.12,431.31,431.31,17.09,,,未采集,SRC-CITY-PANEL-1990-2023;SRC-PROVINCE-DEBT-HEILONGJIANG-2022,A1,extracted,true,已从省级财政厅官方地级行政单元债务明细表提取；经济财政字段与债务字段的来源状态分开记录。
CN-231200,231200,绥化市,23,黑龙江省,地级市,core,2022,2022-12-31,prefecture_whole,official_debt,1238.00,3.50,,59.43,460.83,,348.87,344.42,138.45,135.51,487.32,479.94,98.49,38.77,807.57,807.57,12.90,,,未采集,SRC-CITY-PANEL-1990-2023;SRC-PROVINCE-DEBT-HEILONGJIANG-2022,A1,extracted,true,已从省级财政厅官方地级行政单元债务明细表提取；经济财政字段与债务字段的来源状态分开记录。
CN-232700,232700,大兴安岭地区,23,黑龙江省,地区,extended,2022,2022-12-31,prefecture_whole,official_debt,,,,,,,33.64,32.65,10.30,10.13,43.94,42.78,97.36,,,,,,,未采集,SRC-PROVINCE-DEBT-HEILONGJIANG-2022,A1,extracted,true,已从省级财政厅官方地级行政单元债务明细表提取；经济财政字段与债务字段的来源状态分开记录。
CN-310000,310000,上海市,31,上海市,直辖市,separate,2022,2022-12-31,prefecture_whole,official_debt,44653.00,-0.20,,7608.19,9393.16,,4867.50,3541.30,6435.60,4997.30,11303.10,8538.60,75.54,19.12,112.23,112.23,81.00,,,未采集,SRC-CITY-PANEL-1990-2023;SRC-CITY-DEBT-SHANGHAI-2022,A1,extracted,true,已从省级财政厅官方地级行政单元债务明细表提取；经济财政字段与债务字段的来源状态分开记录。
CN-320100,320100,南京市,32,江苏省,地级市,core,2022,2022-12-31,prefecture_whole,official_debt,16908.00,2.10,,1558.21,1828.69,1560.29,1236.24,1091.37,2063.44,1896.77,3299.68,2988.15,90.56,17.67,191.77,191.77,85.21,50.03,100.13,省级财政厅官方分地区表（全市口径）,SRC-CITY-PANEL-1990-2023;SRC-PROVINCE-DEBT-JIANGSU-2022;SRC-PROVINCE-FUND-JIANGSU-2022-FINAL,A1,extracted,true,已从省级财政厅官方地级行政单元债务明细表提取；经济财政字段与债务字段的来源状态分开记录。；已接入江苏省2022年财政厅分地区政府性基金预算收入执行表；经济财政其他字段仍按各自来源状态记录。
CN-320200,320200,无锡市,32,江苏省,地级市,core,2022,2022-12-31,prefecture_whole,official_debt,14851.00,3.00,,1133.38,1365.84,1128.78,572.32,539.16,1365.06,1335.20,1937.38,1874.36,96.75,12.62,165.38,165.38,82.98,49.90,99.59,省级财政厅官方分地区表（全市口径）,SRC-CITY-PANEL-1990-2023;SRC-PROVINCE-DEBT-JIANGSU-2022;SRC-PROVINCE-FUND-JIANGSU-2022-FINAL,A1,extracted,true,已从省级财政厅官方地级行政单元债务明细表提取；经济财政字段与债务字段的来源状态分开记录。；已接入江苏省2022年财政厅分地区政府性基金预算收入执行表；经济财政其他字段仍按各自来源状态记录。
CN-320300,320300,徐州市,32,江苏省,地级市,core,2022,2022-12-31,prefecture_whole,official_debt,8458.00,3.20,,517.43,1031.82,828.99,391.05,332.71,1238.19,1188.82,1629.24,1521.53,93.39,17.99,294.06,294.06,50.15,61.57,160.21,省级财政厅官方分地区表（全市口径）,SRC-CITY-PANEL-1990-2023;SRC-PROVINCE-DEBT-JIANGSU-2022;SRC-PROVINCE-FUND-JIANGSU-2022-FINAL,A1,extracted,true,已从省级财政厅官方地级行政单元债务明细表提取；经济财政字段与债务字段的来源状态分开记录。；已接入江苏省2022年财政厅分地区政府性基金预算收入执行表；经济财政其他字段仍按各自来源状态记录。
CN-320400,320400,常州市,32,江苏省,地级市,core,2022,2022-12-31,prefecture_whole,official_debt,9550.00,3.50,,631.78,826.03,1538.01,430.88,409.67,1218.31,1197.98,1649.19,1607.64,97.48,16.83,254.46,254.46,76.48,70.88,243.44,省级财政厅官方分地区表（全市口径）,SRC-CITY-PANEL-1990-2023;SRC-PROVINCE-DEBT-JIANGSU-2022;SRC-PROVINCE-FUND-JIANGSU-2022-FINAL,A1,extracted,true,已从省级财政厅官方地级行政单元债务明细表提取；经济财政字段与债务字段的来源状态分开记录。；已接入江苏省2022年财政厅分地区政府性基金预算收入执行表；经济财政其他字段仍按各自来源状态记录。
CN-320500,320500,苏州市,32,江苏省,地级市,core,2022,2022-12-31,prefecture_whole,official_debt,23958.00,2.00,,2329.18,2588.57,1735.68,843.26,694.48,1267.50,1077.94,2110.76,1772.41,83.97,7.40,76.10,76.10,89.98,42.70,74.52,省级财政厅官方分地区表（全市口径）,SRC-CITY-PANEL-1990-2023;SRC-PROVINCE-DEBT-JIANGSU-2022;SRC-PROVINCE-FUND-JIANGSU-2022-FINAL,A1,extracted,true,已从省级财政厅官方地级行政单元债务明细表提取；经济财政字段与债务字段的来源状态分开记录。；已接入江苏省2022年财政厅分地区政府性基金预算收入执行表；经济财政其他字段仍按各自来源状态记录。
CN-320600,320600,南通市,32,江苏省,地级市,core,2022,2022-12-31,prefecture_whole,official_debt,11380.00,2.10,,613.00,1147.22,1129.82,886.74,800.75,1281.54,1178.03,2168.28,1978.78,91.26,17.39,322.80,322.80,53.43,64.83,184.31,省级财政厅官方分地区表（全市口径）,SRC-CITY-PANEL-1990-2023;SRC-PROVINCE-DEBT-JIANGSU-2022;SRC-PROVINCE-FUND-JIANGSU-2022-FINAL,A1,extracted,true,已从省级财政厅官方地级行政单元债务明细表提取；经济财政字段与债务字段的来源状态分开记录。；已接入江苏省2022年财政厅分地区政府性基金预算收入执行表；经济财政其他字段仍按各自来源状态记录。
CN-320700,320700,连云港市,32,江苏省,地级市,core,2022,2022-12-31,prefecture_whole,official_debt,4005.00,2.40,,212.81,536.00,311.34,267.98,238.74,460.65,440.75,728.63,679.49,93.26,16.97,319.29,319.29,39.70,59.40,146.30,省级财政厅官方分地区表（全市口径）,SRC-CITY-PANEL-1990-2023;SRC-PROVINCE-DEBT-JIANGSU-2022;SRC-PROVINCE-FUND-JIANGSU-2022-FINAL,A1,extracted,true,已从省级财政厅官方地级行政单元债务明细表提取；经济财政字段与债务字段的来源状态分开记录。；已接入江苏省2022年财政厅分地区政府性基金预算收入执行表；经济财政其他字段仍按各自来源状态记录。
CN-320800,320800,淮安市,32,江苏省,地级市,core,2022,2022-12-31,prefecture_whole,official_debt,4742.00,3.60,,300.08,659.35,504.34,425.45,391.67,388.42,359.80,813.87,751.47,92.33,15.85,250.42,250.42,45.51,62.70,168.07,省级财政厅官方分地区表（全市口径）,SRC-CITY-PANEL-1990-2023;SRC-PROVINCE-DEBT-JIANGSU-2022;SRC-PROVINCE-FUND-JIANGSU-2022-FINAL,A1,extracted,true,已从省级财政厅官方地级行政单元债务明细表提取；经济财政字段与债务字段的来源状态分开记录。；已接入江苏省2022年财政厅分地区政府性基金预算收入执行表；经济财政其他字段仍按各自来源状态记录。
CN-320900,320900,盐城市,32,江苏省,地级市,core,2022,2022-12-31,prefecture_whole,official_debt,7080.00,4.60,,453.26,1093.91,742.80,699.24,662.67,936.97,872.66,1636.21,1535.33,93.83,21.69,338.73,338.73,41.43,62.10,163.88,省级财政厅官方分地区表（全市口径）,SRC-CITY-PANEL-1990-2023;SRC-PROVINCE-DEBT-JIANGSU-2022;SRC-PROVINCE-FUND-JIANGSU-2022-FINAL,A1,extracted,true,已从省级财政厅官方地级行政单元债务明细表提取；经济财政字段与债务字段的来源状态分开记录。；已接入江苏省2022年财政厅分地区政府性基金预算收入执行表；经济财政其他字段仍按各自来源状态记录。
CN-321000,321000,扬州市,32,江苏省,地级市,core,2022,2022-12-31,prefecture_whole,official_debt,7105.00,4.30,,325.49,699.17,656.41,455.60,421.16,741.46,683.62,1197.06,1104.77,92.29,15.55,339.42,339.42,46.55,66.85,201.67,省级财政厅官方分地区表（全市口径）,SRC-CITY-PANEL-1990-2023;SRC-PROVINCE-DEBT-JIANGSU-2022;SRC-PROVINCE-FUND-JIANGSU-2022-FINAL,A1,extracted,true,已从省级财政厅官方地级行政单元债务明细表提取；经济财政字段与债务字段的来源状态分开记录。；已接入江苏省2022年财政厅分地区政府性基金预算收入执行表；经济财政其他字段仍按各自来源状态记录。
CN-321100,321100,镇江市,32,江苏省,地级市,core,2022,2022-12-31,prefecture_whole,official_debt,5017.00,2.90,,303.96,535.53,403.76,518.78,479.22,1725.86,1709.30,2244.64,2188.52,97.50,43.62,720.00,720.00,56.76,57.05,132.83,省级财政厅官方分地区表（全市口径）,SRC-CITY-PANEL-1990-2023;SRC-PROVINCE-DEBT-JIANGSU-2022;SRC-PROVINCE-FUND-JIANGSU-2022-FINAL,A1,extracted,true,已从省级财政厅官方地级行政单元债务明细表提取；经济财政字段与债务字段的来源状态分开记录。；已接入江苏省2022年财政厅分地区政府性基金预算收入执行表；经济财政其他字段仍按各自来源状态记录。
CN-321200,321200,泰州市,32,江苏省,地级市,core,2022,2022-12-31,prefecture_whole,official_debt,6402.00,4.40,,416.65,703.86,521.40,503.00,446.26,583.06,554.37,1086.06,1000.64,92.13,15.63,240.16,240.16,59.20,55.58,125.14,省级财政厅官方分地区表（全市口径）,SRC-CITY-PANEL-1990-2023;SRC-PROVINCE-DEBT-JIANGSU-2022;SRC-PROVINCE-FUND-JIANGSU-2022-FINAL,A1,extracted,true,已从省级财政厅官方地级行政单元债务明细表提取；经济财政字段与债务字段的来源状态分开记录。；已接入江苏省2022年财政厅分地区政府性基金预算收入执行表；经济财政其他字段仍按各自来源状态记录。
CN-321300,321300,宿迁市,32,江苏省,地级市,core,2022,2022-12-31,prefecture_whole,official_debt,4112.00,3.55,,271.78,621.81,355.39,387.76,368.61,542.01,533.54,929.77,902.15,97.03,21.94,331.94,331.94,43.71,56.67,130.76,省级财政厅官方分地区表（全市口径）,SRC-CITY-PANEL-1990-2023;SRC-PROVINCE-DEBT-JIANGSU-2022;SRC-PROVINCE-FUND-JIANGSU-2022-FINAL,A1,extracted,true,已从省级财政厅官方地级行政单元债务明细表提取；经济财政字段与债务字段的来源状态分开记录。；已接入江苏省2022年财政厅分地区政府性基金预算收入执行表；经济财政其他字段仍按各自来源状态记录。
CN-330100,330100,杭州市,33,浙江省,地级市,core,2022,2022-12-31,prefecture_whole,official_debt,18753.00,1.50,,2450.61,2542.09,,1296.68,1296.35,2386.16,2386.09,3682.84,3682.44,99.99,19.64,150.27,150.27,96.40,,,未采集,SRC-CITY-PANEL-1990-2023;SRC-OFFICIAL-DEBT-ZHEJIANG-HANGZHOU-2022,A2,extracted,true,已从省级财政厅官方地级行政单元债务明细表提取；经济财政字段与债务字段的来源状态分开记录。
CN-330200,330200,宁波市,33,浙江省,地级市,core,2022,2022-12-31,prefecture_whole,official_debt,15704.00,3.50,,1680.23,2187.81,,1309.87,1262.81,1731.48,1622.70,3041.35,2885.50,94.88,18.37,171.73,171.73,76.80,,,未采集,SRC-CITY-PANEL-1990-2023;SRC-CELMA-API-DEBT-3302-2022,A2,extracted,true,已从省级财政厅官方地级行政单元债务明细表提取；经济财政字段与债务字段的来源状态分开记录。
CN-330300,330300,温州市,33,浙江省,地级市,core,2022,2022-12-31,prefecture_whole,secondary_debt,8030.00,3.70,,573.85,1137.74,,637.62,637.58,1997.28,1997.26,2634.90,2634.84,100.00,32.81,459.15,459.15,50.44,,,未采集,SRC-CITY-PANEL-1990-2023;SRC-SECONDARY-DEBT-ZHEJIANG-WENZHOU-2022,B2,needs_review,true,已接入评级报告或其他二手公开来源的债务补缺值；不等同于官方决算数据，必须回到财政/人大预算决算或官方债务表复核。
CN-330400,330400,嘉兴市,33,浙江省,地级市,core,2022,2022-12-31,prefecture_whole,official_debt,6739.00,2.49,,596.47,827.71,,588.45,588.19,1037.95,1037.91,1626.40,1626.09,99.98,24.13,272.62,272.62,72.06,,,未采集,SRC-CITY-PANEL-1990-2023;SRC-PROVINCE-DEBT-ZHEJIANG-GENERAL-2022,A1,extracted,true,已从省级财政厅官方地级行政单元债务明细表提取；经济财政字段与债务字段的来源状态分开记录。
CN-330500,330500,湖州市,33,浙江省,地级市,core,2022,2022-12-31,prefecture_whole,official_debt,3850.00,3.30,,387.30,601.92,,554.47,554.41,634.96,634.93,1189.43,1189.34,99.99,30.89,307.08,307.08,64.34,,,未采集,SRC-CITY-PANEL-1990-2023;SRC-PROVINCE-DEBT-ZHEJIANG-GENERAL-2022,A1,extracted,true,已从省级财政厅官方地级行政单元债务明细表提取；经济财政字段与债务字段的来源状态分开记录。
CN-330600,330600,绍兴市,33,浙江省,地级市,core,2022,2022-12-31,prefecture_whole,official_debt,7351.00,4.42,,540.09,804.86,,467.55,465.71,1214.83,1214.78,1682.38,1680.49,99.89,22.86,311.15,311.15,67.10,,,未采集,SRC-CITY-PANEL-1990-2023;SRC-PROVINCE-DEBT-ZHEJIANG-GENERAL-2022,A1,extracted,true,已从省级财政厅官方地级行政单元债务明细表提取；经济财政字段与债务字段的来源状态分开记录。
CN-330700,330700,金华市,33,浙江省,地级市,core,2022,2022-12-31,prefecture_whole,official_debt,5562.00,2.45,,489.16,830.40,,556.69,556.63,822.82,822.75,1379.51,1379.39,99.99,24.80,281.99,281.99,58.91,,,未采集,SRC-CITY-PANEL-1990-2023;SRC-PROVINCE-DEBT-ZHEJIANG-GENERAL-2022,A1,extracted,true,已从省级财政厅官方地级行政单元债务明细表提取；经济财政字段与债务字段的来源状态分开记录。
CN-330800,330800,衢州市,33,浙江省,地级市,core,2022,2022-12-31,prefecture_whole,official_debt,2003.00,4.78,,173.10,567.70,,352.49,352.42,511.68,511.66,864.17,864.08,99.99,43.14,499.18,499.18,30.49,,,未采集,SRC-CITY-PANEL-1990-2023;SRC-PROVINCE-DEBT-ZHEJIANG-GENERAL-2022,A1,extracted,true,已从省级财政厅官方地级行政单元债务明细表提取；经济财政字段与债务字段的来源状态分开记录。
CN-330900,330900,舟山市,33,浙江省,地级市,core,2022,2022-12-31,prefecture_whole,official_debt,1951.00,8.50,,156.15,354.27,,297.31,297.28,301.86,301.84,599.17,599.12,99.99,30.71,383.68,383.68,44.08,,,未采集,SRC-CITY-PANEL-1990-2023;SRC-PROVINCE-DEBT-ZHEJIANG-GENERAL-2022,A1,extracted,true,已从省级财政厅官方地级行政单元债务明细表提取；经济财政字段与债务字段的来源状态分开记录。
CN-331000,331000,台州市,33,浙江省,地级市,core,2022,2022-12-31,prefecture_whole,official_debt,6041.00,2.70,,440.75,834.93,,709.94,709.88,895.98,895.94,1605.92,1605.82,99.99,26.58,364.34,364.34,52.79,,,未采集,SRC-CITY-PANEL-1990-2023;SRC-PROVINCE-DEBT-ZHEJIANG-GENERAL-2022,A1,extracted,true,已从省级财政厅官方地级行政单元债务明细表提取；经济财政字段与债务字段的来源状态分开记录。
CN-331100,331100,丽水市,33,浙江省,地级市,core,2022,2022-12-31,prefecture_whole,official_debt,1831.00,4.00,,170.86,607.10,,458.08,458.04,553.40,553.37,1011.48,1011.40,99.99,55.24,591.95,591.95,28.14,,,未采集,SRC-CITY-PANEL-1990-2023;SRC-PROVINCE-DEBT-ZHEJIANG-GENERAL-2022,A1,extracted,true,已从省级财政厅官方地级行政单元债务明细表提取；经济财政字段与债务字段的来源状态分开记录。
CN-340100,340100,合肥市,34,安徽省,地级市,core,2022,2022-12-31,prefecture_whole,secondary_debt,12013.00,3.50,,909.25,1380.18,,,,,,,1902.70,,15.84,209.26,209.26,65.88,,,未采集,SRC-CITY-PANEL-1990-2023;SRC-SECONDARY-RATING-ANHUI-2022-CITY-CHART,B2,needs_review,true,已接入评级报告或其他二手公开来源的债务补缺值；不等同于官方决算数据，必须回到财政/人大预算决算或官方债务表复核。
CN-340200,340200,芜湖市,34,安徽省,地级市,core,2022,2022-12-31,prefecture_whole,secondary_debt,4502.00,4.14,,388.60,582.88,,,,,,,996.10,,22.13,256.33,256.33,66.67,,,未采集,SRC-CITY-PANEL-1990-2023;SRC-SECONDARY-RATING-ANHUI-2022-CITY-CHART,B2,needs_review,true,已接入评级报告或其他二手公开来源的债务补缺值；不等同于官方决算数据，必须回到财政/人大预算决算或官方债务表复核。
CN-340300,340300,蚌埠市,34,安徽省,地级市,core,2022,2022-12-31,prefecture_whole,secondary_debt,2012.00,2.00,,174.03,359.53,,,,,,,600.00,,29.82,344.77,344.77,48.40,,,未采集,SRC-CITY-PANEL-1990-2023;SRC-SECONDARY-RATING-ANHUI-2022-CITY-CHART,B2,needs_review,true,已接入评级报告或其他二手公开来源的债务补缺值；不等同于官方决算数据，必须回到财政/人大预算决算或官方债务表复核。
CN-340400,340400,淮南市,34,安徽省,地级市,core,2022,2022-12-31,prefecture_whole,secondary_debt,1541.00,1.96,,120.31,299.45,,,,,,,400.00,,25.96,332.47,332.47,40.18,,,未采集,SRC-CITY-PANEL-1990-2023;SRC-SECONDARY-RATING-ANHUI-2022-CITY-CHART,B2,needs_review,true,已接入评级报告或其他二手公开来源的债务补缺值；不等同于官方决算数据，必须回到财政/人大预算决算或官方债务表复核。
CN-340500,340500,马鞍山市,34,安徽省,地级市,core,2022,2022-12-31,prefecture_whole,secondary_debt,2521.00,4.64,,204.88,317.81,,,,,,,655.00,,25.98,319.70,319.70,64.47,,,未采集,SRC-CITY-PANEL-1990-2023;SRC-SECONDARY-RATING-ANHUI-2022-CITY-CHART,B2,needs_review,true,已接入评级报告或其他二手公开来源的债务补缺值；不等同于官方决算数据，必须回到财政/人大预算决算或官方债务表复核。
CN-340600,340600,淮北市,34,安徽省,地级市,core,2022,2022-12-31,prefecture_whole,secondary_debt,1303.00,0.16,,97.03,214.02,,,,,,,257.00,,19.72,264.87,264.87,45.34,,,未采集,SRC-CITY-PANEL-1990-2023;SRC-SECONDARY-RATING-ANHUI-2022-CITY-CHART,B2,needs_review,true,已接入评级报告或其他二手公开来源的债务补缺值；不等同于官方决算数据，必须回到财政/人大预算决算或官方债务表复核。
CN-340700,340700,铜陵市,34,安徽省,地级市,core,2022,2022-12-31,prefecture_whole,secondary_debt,1210.00,2.92,,103.78,200.87,,,,,,,380.00,,31.40,366.16,366.16,51.67,,,未采集,SRC-CITY-PANEL-1990-2023;SRC-SECONDARY-RATING-ANHUI-2022-CITY-CHART,B2,needs_review,true,已接入评级报告或其他二手公开来源的债务补缺值；不等同于官方决算数据，必须回到财政/人大预算决算或官方债务表复核。
CN-340800,340800,安庆市,34,安徽省,地级市,core,2022,2022-12-31,prefecture_whole,secondary_debt,2767.00,2.90,,174.86,531.42,,,,,,,765.00,,27.65,437.49,437.49,32.90,,,未采集,SRC-CITY-PANEL-1990-2023;SRC-SECONDARY-RATING-ANHUI-2022-CITY-CHART,B2,needs_review,true,已接入评级报告或其他二手公开来源的债务补缺值；不等同于官方决算数据，必须回到财政/人大预算决算或官方债务表复核。
CN-341000,341000,黄山市,34,安徽省,地级市,core,2022,2022-12-31,prefecture_whole,secondary_debt,1002.00,0.57,,90.71,221.28,,,,,,,345.00,,34.43,380.33,380.33,40.99,,,未采集,SRC-CITY-PANEL-1990-2023;SRC-SECONDARY-RATING-ANHUI-2022-CITY-CHART,B2,needs_review,true,已接入评级报告或其他二手公开来源的债务补缺值；不等同于官方决算数据，必须回到财政/人大预算决算或官方债务表复核。
CN-341100,341100,滁州市,34,安徽省,地级市,core,2022,2022-12-31,prefecture_whole,secondary_debt,3610.00,5.55,,277.85,513.47,,,,,,,1059.30,,29.34,381.25,381.25,54.11,,,未采集,SRC-CITY-PANEL-1990-2023;SRC-SECONDARY-RATING-ANHUI-2022-CITY-CHART,B2,needs_review,true,已接入评级报告或其他二手公开来源的债务补缺值；不等同于官方决算数据，必须回到财政/人大预算决算或官方债务表复核。
CN-341200,341200,阜阳市,34,安徽省,地级市,core,2022,2022-12-31,prefecture_whole,secondary_debt,3233.00,3.90,,184.80,646.74,,,,,,,1384.80,,42.83,749.35,749.35,28.57,,,未采集,SRC-CITY-PANEL-1990-2023;SRC-SECONDARY-RATING-ANHUI-2022-CITY-CHART,B2,needs_review,true,已接入评级报告或其他二手公开来源的债务补缺值；不等同于官方决算数据，必须回到财政/人大预算决算或官方债务表复核。
CN-341300,341300,宿州市,34,安徽省,地级市,core,2022,2022-12-31,prefecture_whole,secondary_debt,2225.00,3.90,,155.35,502.11,,,,,,,765.00,,34.38,492.44,492.44,30.94,,,未采集,SRC-CITY-PANEL-1990-2023;SRC-SECONDARY-RATING-ANHUI-2022-CITY-CHART,B2,needs_review,true,已接入评级报告或其他二手公开来源的债务补缺值；不等同于官方决算数据，必须回到财政/人大预算决算或官方债务表复核。
CN-341500,341500,六安市,34,安徽省,地级市,core,2022,2022-12-31,prefecture_whole,secondary_debt,2005.00,4.22,,161.26,528.31,,,,,,,954.60,,47.61,591.96,591.96,30.52,,,未采集,SRC-CITY-PANEL-1990-2023;SRC-SECONDARY-RATING-ANHUI-2022-CITY-CHART,B2,needs_review,true,已接入评级报告或其他二手公开来源的债务补缺值；不等同于官方决算数据，必须回到财政/人大预算决算或官方债务表复核。
CN-341600,341600,亳州市,34,安徽省,地级市,core,2022,2022-12-31,prefecture_whole,secondary_debt,2102.00,4.20,,148.13,397.18,,,,,,,830.00,,39.49,560.32,560.32,37.30,,,未采集,SRC-CITY-PANEL-1990-2023;SRC-SECONDARY-RATING-ANHUI-2022-CITY-CHART,B2,needs_review,true,已接入评级报告或其他二手公开来源的债务补缺值；不等同于官方决算数据，必须回到财政/人大预算决算或官方债务表复核。
CN-341700,341700,池州市,34,安徽省,地级市,core,2022,2022-12-31,prefecture_whole,secondary_debt,1079.00,5.40,,83.13,201.80,,,,,,,300.00,,27.80,360.88,360.88,41.19,,,未采集,SRC-CITY-PANEL-1990-2023;SRC-SECONDARY-RATING-ANHUI-2022-CITY-CHART,B2,needs_review,true,已接入评级报告或其他二手公开来源的债务补缺值；不等同于官方决算数据，必须回到财政/人大预算决算或官方债务表复核。
CN-341800,341800,宣城市,34,安徽省,地级市,core,2022,2022-12-31,prefecture_whole,secondary_debt,1914.00,4.20,,188.50,348.54,,,,,,,590.00,,30.83,313.00,313.00,54.08,,,未采集,SRC-CITY-PANEL-1990-2023;SRC-SECONDARY-RATING-ANHUI-2022-CITY-CHART,B2,needs_review,true,已接入评级报告或其他二手公开来源的债务补缺值；不等同于官方决算数据，必须回到财政/人大预算决算或官方债务表复核。
CN-350100,350100,福州市,35,福建省,地级市,core,2022,2022-12-31,prefecture_whole,preliminary,12308.00,4.42,,698.52,1006.09,,,502.45,,1336.65,,1839.10,,14.94,263.29,263.29,69.43,,,未采集,SRC-CITY-PANEL-1990-2023;SRC-OFFICIAL-DEBT-FUJIAN-FUZHOU-2022,A2,extracted,true,已从省级财政厅官方地级行政单元债务明细表提取；经济财政字段与债务字段的来源状态分开记录。
CN-350200,350200,厦门市,35,福建省,地级市,core,2022,2022-12-31,prefecture_whole,official_debt,7803.00,4.35,,883.81,1088.74,,,374.46,,1393.31,,1767.77,,22.66,200.02,200.02,81.18,,,未采集,SRC-CITY-PANEL-1990-2023;SRC-CELMA-API-DEBT-3502-2022,A2,extracted,true,已从省级财政厅官方地级行政单元债务明细表提取；经济财政字段与债务字段的来源状态分开记录。
CN-350300,350300,莆田市,35,福建省,地级市,core,2022,2022-12-31,prefecture_whole,secondary_debt,3116.00,4.03,,151.05,276.94,,,,,,,1109.15,,35.60,734.29,734.29,54.54,,,未采集,SRC-CITY-PANEL-1990-2023;SRC-SECONDARY-RATING-FUJIAN-PUTIAN-2024,B2,needs_review,true,已接入评级报告或其他二手公开来源的债务补缺值；不等同于官方决算数据，必须回到财政/人大预算决算或官方债务表复核。
CN-350400,350400,三明市,35,福建省,地级市,core,2022,2022-12-31,prefecture_whole,secondary_debt,3110.00,3.10,,111.35,349.57,,,,,,,775.53,,24.94,696.48,696.48,31.85,,,未采集,SRC-CITY-PANEL-1990-2023;SRC-SECONDARY-RATING-FUJIAN-SANMING-2024,B2,needs_review,true,已接入评级报告或其他二手公开来源的债务补缺值；不等同于官方决算数据，必须回到财政/人大预算决算或官方债务表复核。
CN-350500,350500,泉州市,35,福建省,地级市,core,2022,2022-12-31,prefecture_whole,official_debt,12103.00,3.50,,526.79,807.45,,,,,,,2112.52,,17.45,401.02,401.02,65.24,,,未采集,SRC-CITY-PANEL-1990-2023;SRC-OFFICIAL-DEBT-FUJIAN-QUANZHOU-2022,A2,extracted,true,已从省级财政厅官方地级行政单元债务明细表提取；经济财政字段与债务字段的来源状态分开记录。
CN-350600,350600,漳州市,35,福建省,地级市,core,2022,2022-12-31,prefecture_whole,secondary_debt,5707.00,6.95,,250.60,501.86,,,,,,,1100.61,,19.29,439.19,439.19,49.93,,,未采集,SRC-CITY-PANEL-1990-2023;SRC-SECONDARY-RATING-FUJIAN-ZHANGZHOU-2024,B2,needs_review,true,已接入评级报告或其他二手公开来源的债务补缺值；不等同于官方决算数据，必须回到财政/人大预算决算或官方债务表复核。
CN-350700,350700,南平市,35,福建省,地级市,core,2022,2022-12-31,prefecture_whole,secondary_debt,2212.00,3.81,,104.06,344.31,,,,,,,734.80,,33.22,706.13,706.13,30.22,,,未采集,SRC-CITY-PANEL-1990-2023;SRC-SECONDARY-DEBT-FUJIAN-NANPING-2022,B2,needs_review,true,已接入评级报告或其他二手公开来源的债务补缺值；不等同于官方决算数据，必须回到财政/人大预算决算或官方债务表复核。
CN-350800,350800,龙岩市,35,福建省,地级市,core,2022,2022-12-31,prefecture_whole,secondary_debt,3314.00,4.97,,165.46,361.42,,,,,,,980.84,,29.60,592.80,592.80,45.78,,,未采集,SRC-CITY-PANEL-1990-2023;SRC-SECONDARY-RATING-FUJIAN-LONGYAN-2023,B2,needs_review,true,已接入评级报告或其他二手公开来源的债务补缺值；不等同于官方决算数据，必须回到财政/人大预算决算或官方债务表复核。
CN-350900,350900,宁德市,35,福建省,地级市,core,2022,2022-12-31,prefecture_whole,secondary_debt,3555.00,10.65,,167.45,372.25,,,264.98,,548.10,,813.08,,22.87,485.57,485.57,44.98,,,未采集,SRC-CITY-PANEL-1990-2023;SRC-SECONDARY-DEBT-FUJIAN-NINGDE-2022,B2,needs_review,true,已接入评级报告或其他二手公开来源的债务补缺值；不等同于官方决算数据，必须回到财政/人大预算决算或官方债务表复核。
CN-360100,360100,南昌市,36,江西省,地级市,core,2022,2022-12-31,prefecture_whole,official_debt,7204.00,4.10,,457.68,939.04,,541.25,498.09,1066.67,983.65,1607.92,1481.74,92.15,20.57,323.75,323.75,48.74,,,未采集,SRC-CITY-PANEL-1990-2023;SRC-CITY-DEBT-JIANGXI-NANCHANG-2022,A1,extracted,true,已从省级财政厅官方地级行政单元债务明细表提取；经济财政字段与债务字段的来源状态分开记录。
CN-360200,360200,景德镇市,36,江西省,地级市,core,2022,2022-12-31,prefecture_whole,secondary_debt,1192.00,4.70,,94.00,247.55,,,162.35,,305.62,,467.97,,39.26,497.84,497.84,37.97,,,未采集,SRC-CITY-PANEL-1990-2023;SRC-SECONDARY-DEBT-JIANGXI-JINGDEZHEN-2022,B2,needs_review,true,已接入评级报告或其他二手公开来源的债务补缺值；不等同于官方决算数据，必须回到财政/人大预算决算或官方债务表复核。
CN-360300,360300,萍乡市,36,江西省,地级市,core,2022,2022-12-31,prefecture_whole,secondary_debt,1160.00,2.00,,107.11,306.79,,,204.85,,281.93,,486.78,,41.96,454.47,454.47,34.91,,,未采集,SRC-CITY-PANEL-1990-2023;SRC-SECONDARY-DEBT-JIANGXI-PINGXIANG-2022,B2,needs_review,true,已接入评级报告或其他二手公开来源的债务补缺值；不等同于官方决算数据，必须回到财政/人大预算决算或官方债务表复核。
CN-360400,360400,九江市,36,江西省,地级市,core,2022,2022-12-31,prefecture_whole,secondary_debt,4027.00,4.30,,303.38,691.75,,,424.87,,734.66,,1159.53,,28.79,382.20,382.20,43.86,,,未采集,SRC-CITY-PANEL-1990-2023;SRC-SECONDARY-DEBT-JIANGXI-JIUJIANG-2022,B2,needs_review,true,已接入评级报告或其他二手公开来源的债务补缺值；不等同于官方决算数据，必须回到财政/人大预算决算或官方债务表复核。
CN-360500,360500,新余市,36,江西省,地级市,core,2022,2022-12-31,prefecture_whole,official_debt,1252.00,4.80,,88.94,191.90,,,172.50,,173.25,,345.75,,27.62,388.75,388.75,46.35,,,未采集,SRC-CITY-PANEL-1990-2023;SRC-OFFICIAL-DEBT-JIANGXI-XINYU-2022,A2,extracted,true,已从省级财政厅官方地级行政单元债务明细表提取；经济财政字段与债务字段的来源状态分开记录。
CN-360600,360600,鹰潭市,36,江西省,地级市,core,2022,2022-12-31,prefecture_whole,secondary_debt,1238.00,4.90,,100.28,208.42,,,160.49,,234.27,,394.76,,31.89,393.66,393.66,48.11,,,未采集,SRC-CITY-PANEL-1990-2023;SRC-SECONDARY-DEBT-JIANGXI-YINGTAN-2022,B2,needs_review,true,已接入评级报告或其他二手公开来源的债务补缺值；不等同于官方决算数据，必须回到财政/人大预算决算或官方债务表复核。
CN-360700,360700,赣州市,36,江西省,地级市,core,2022,2022-12-31,prefecture_whole,official_debt,4524.00,5.20,,306.06,1027.66,,,494.85,,1095.84,,1590.69,,35.16,519.73,519.73,29.78,,,未采集,SRC-CITY-PANEL-1990-2023;SRC-OFFICIAL-DEBT-JIANGXI-GANZHOU-2022,A1,extracted,true,已从省级财政厅官方地级行政单元债务明细表提取；经济财政字段与债务字段的来源状态分开记录。
CN-360800,360800,吉安市,36,江西省,地级市,core,2022,2022-12-31,prefecture_whole,secondary_debt,2750.00,5.10,,190.87,610.82,,,,,,,905.57,,32.93,474.44,474.44,31.25,,,未采集,SRC-CITY-PANEL-1990-2023;SRC-SECONDARY-DEBT-JIANGXI-JIAN-2022,B2,needs_review,true,已接入评级报告或其他二手公开来源的债务补缺值；不等同于官方决算数据，必须回到财政/人大预算决算或官方债务表复核。
CN-360900,360900,宜春市,36,江西省,地级市,core,2022,2022-12-31,prefecture_whole,secondary_debt,3473.00,5.30,,277.48,701.99,,,320.42,,611.70,,932.12,,26.84,335.92,335.92,39.53,,,未采集,SRC-CITY-PANEL-1990-2023;SRC-SECONDARY-DEBT-JIANGXI-YICHUN-2022,B2,needs_review,true,已接入评级报告或其他二手公开来源的债务补缺值；不等同于官方决算数据，必须回到财政/人大预算决算或官方债务表复核。
CN-361000,361000,抚州市,36,江西省,地级市,core,2022,2022-12-31,prefecture_whole,secondary_debt,1946.00,5.00,,136.42,534.74,,,265.99,,478.32,,744.32,,38.25,545.61,545.61,25.51,,,未采集,SRC-CITY-PANEL-1990-2023;SRC-SECONDARY-DEBT-JIANGXI-FUZHOU-2022,B2,needs_review,true,已接入评级报告或其他二手公开来源的债务补缺值；不等同于官方决算数据，必须回到财政/人大预算决算或官方债务表复核。
CN-361100,361100,上饶市,36,江西省,地级市,core,2022,2022-12-31,prefecture_whole,secondary_debt,3310.00,5.10,,250.86,793.79,,,,,,,1118.19,,33.78,445.74,445.74,31.60,,,未采集,SRC-CITY-PANEL-1990-2023;SRC-SECONDARY-DEBT-JIANGXI-SHANGRAO-2022,B2,needs_review,true,已接入评级报告或其他二手公开来源的债务补缺值；不等同于官方决算数据，必须回到财政/人大预算决算或官方债务表复核。
CN-370100,370100,济南市,37,山东省,地级市,core,2022,2022-12-31,prefecture_whole,secondary_debt,12027.00,3.10,,1001.14,1225.57,,,,,,,2661.00,,22.13,265.80,265.80,81.69,,,未采集,SRC-CITY-PANEL-1990-2023;SRC-SECONDARY-SHANDONG-2022-CITY-TABLE,B2,needs_review,true,已接入评级报告或其他二手公开来源的债务补缺值；不等同于官方决算数据，必须回到财政/人大预算决算或官方债务表复核。
CN-370200,370200,青岛市,37,山东省,地级市,core,2022,2022-12-31,prefecture_whole,official_debt,14921.00,3.90,,1273.31,1696.17,,,1020.10,,2059.53,,3079.63,,20.64,241.86,241.86,75.07,,,未采集,SRC-CITY-PANEL-1990-2023;SRC-CELMA-API-DEBT-3702-2022,A2,extracted,true,已从省级财政厅官方地级行政单元债务明细表提取；经济财政字段与债务字段的来源状态分开记录。
CN-370300,370300,淄博市,37,山东省,地级市,core,2022,2022-12-31,prefecture_whole,secondary_debt,4403.00,4.65,,375.90,526.43,,,,,,,1312.00,,29.80,349.03,349.03,71.41,,,未采集,SRC-CITY-PANEL-1990-2023;SRC-SECONDARY-SHANDONG-2022-CITY-TABLE,B2,needs_review,true,已接入评级报告或其他二手公开来源的债务补缺值；不等同于官方决算数据，必须回到财政/人大预算决算或官方债务表复核。
CN-370400,370400,枣庄市,37,山东省,地级市,core,2022,2022-12-31,prefecture_whole,secondary_debt,2039.00,4.50,,168.88,325.51,,,,,,,653.00,,32.03,386.67,386.67,51.88,,,未采集,SRC-CITY-PANEL-1990-2023;SRC-SECONDARY-SHANDONG-2022-CITY-TABLE,B2,needs_review,true,已接入评级报告或其他二手公开来源的债务补缺值；不等同于官方决算数据，必须回到财政/人大预算决算或官方债务表复核。
CN-370500,370500,东营市,37,山东省,地级市,core,2022,2022-12-31,prefecture_whole,secondary_debt,3621.00,4.30,,265.48,369.48,,,,,,,745.00,,20.57,280.62,280.62,71.85,,,未采集,SRC-CITY-PANEL-1990-2023;SRC-SECONDARY-SHANDONG-2022-CITY-TABLE,B2,needs_review,true,已接入评级报告或其他二手公开来源的债务补缺值；不等同于官方决算数据，必须回到财政/人大预算决算或官方债务表复核。
CN-370600,370600,烟台市,37,山东省,地级市,core,2022,2022-12-31,prefecture_whole,secondary_debt,9516.00,5.10,,635.40,923.47,,,,,,,1816.00,,19.08,285.80,285.80,68.81,,,未采集,SRC-CITY-PANEL-1990-2023;SRC-SECONDARY-SHANDONG-2022-CITY-TABLE,B2,needs_review,true,已接入评级报告或其他二手公开来源的债务补缺值；不等同于官方决算数据，必须回到财政/人大预算决算或官方债务表复核。
CN-370700,370700,潍坊市,37,山东省,地级市,core,2022,2022-12-31,prefecture_whole,secondary_debt,7306.00,3.65,,608.01,842.47,,,,,,,1910.00,,26.14,314.14,314.14,72.17,,,未采集,SRC-CITY-PANEL-1990-2023;SRC-SECONDARY-SHANDONG-2022-CITY-TABLE,B2,needs_review,true,已接入评级报告或其他二手公开来源的债务补缺值；不等同于官方决算数据，必须回到财政/人大预算决算或官方债务表复核。
CN-370800,370800,济宁市,37,山东省,地级市,core,2022,2022-12-31,prefecture_whole,secondary_debt,5317.00,4.40,,447.66,747.03,,,,,,,1463.00,,27.52,326.81,326.81,59.93,,,未采集,SRC-CITY-PANEL-1990-2023;SRC-SECONDARY-SHANDONG-2022-CITY-TABLE,B2,needs_review,true,已接入评级报告或其他二手公开来源的债务补缺值；不等同于官方决算数据，必须回到财政/人大预算决算或官方债务表复核。
CN-370900,370900,泰安市,37,山东省,地级市,core,2022,2022-12-31,prefecture_whole,secondary_debt,3198.00,4.26,,222.74,441.75,,,,,,,832.00,,26.02,373.53,373.53,50.42,,,未采集,SRC-CITY-PANEL-1990-2023;SRC-SECONDARY-SHANDONG-2022-CITY-TABLE,B2,needs_review,true,已接入评级报告或其他二手公开来源的债务补缺值；不等同于官方决算数据，必须回到财政/人大预算决算或官方债务表复核。
CN-371000,371000,威海市,37,山东省,地级市,core,2022,2022-12-31,prefecture_whole,secondary_debt,3408.00,1.50,,225.21,417.35,,,,,,,895.00,,26.26,397.41,397.41,53.96,,,未采集,SRC-CITY-PANEL-1990-2023;SRC-SECONDARY-SHANDONG-2022-CITY-TABLE,B2,needs_review,true,已接入评级报告或其他二手公开来源的债务补缺值；不等同于官方决算数据，必须回到财政/人大预算决算或官方债务表复核。
CN-371100,371100,日照市,37,山东省,地级市,core,2022,2022-12-31,prefecture_whole,secondary_debt,2307.00,3.80,,185.54,289.10,,,,,,,533.00,,23.10,287.27,287.27,64.18,,,未采集,SRC-CITY-PANEL-1990-2023;SRC-SECONDARY-SHANDONG-2022-CITY-TABLE,B2,needs_review,true,已接入评级报告或其他二手公开来源的债务补缺值；不等同于官方决算数据，必须回到财政/人大预算决算或官方债务表复核。
CN-371300,371300,临沂市,37,山东省,地级市,core,2022,2022-12-31,prefecture_whole,secondary_debt,5779.00,4.16,,420.19,874.77,,,,,,,1514.00,,26.20,360.31,360.31,48.03,,,未采集,SRC-CITY-PANEL-1990-2023;SRC-SECONDARY-SHANDONG-2022-CITY-TABLE,B2,needs_review,true,已接入评级报告或其他二手公开来源的债务补缺值；不等同于官方决算数据，必须回到财政/人大预算决算或官方债务表复核。
CN-371400,371400,德州市,37,山东省,地级市,core,2022,2022-12-31,prefecture_whole,secondary_debt,3633.00,4.38,,235.04,573.26,,,,,,,1128.00,,31.05,479.92,479.92,41.00,,,未采集,SRC-CITY-PANEL-1990-2023;SRC-SECONDARY-SHANDONG-2022-CITY-TABLE,B2,needs_review,true,已接入评级报告或其他二手公开来源的债务补缺值；不等同于官方决算数据，必须回到财政/人大预算决算或官方债务表复核。
CN-371500,371500,聊城市,37,山东省,地级市,core,2022,2022-12-31,prefecture_whole,secondary_debt,2780.00,4.30,,230.60,512.42,,,,,,,974.00,,35.04,422.38,422.38,45.00,,,未采集,SRC-CITY-PANEL-1990-2023;SRC-SECONDARY-SHANDONG-2022-CITY-TABLE,B2,needs_review,true,已接入评级报告或其他二手公开来源的债务补缺值；不等同于官方决算数据，必须回到财政/人大预算决算或官方债务表复核。
CN-371600,371600,滨州市,37,山东省,地级市,core,2022,2022-12-31,prefecture_whole,secondary_debt,2975.00,3.90,,275.66,481.31,,,,,,,1080.00,,36.30,391.79,391.79,57.27,,,未采集,SRC-CITY-PANEL-1990-2023;SRC-SECONDARY-SHANDONG-2022-CITY-TABLE,B2,needs_review,true,已接入评级报告或其他二手公开来源的债务补缺值；不等同于官方决算数据，必须回到财政/人大预算决算或官方债务表复核。
CN-371700,371700,菏泽市,37,山东省,地级市,core,2022,2022-12-31,prefecture_whole,secondary_debt,4205.00,4.20,,300.61,692.10,,,,,,,1199.00,,28.51,398.86,398.86,43.43,,,未采集,SRC-CITY-PANEL-1990-2023;SRC-SECONDARY-SHANDONG-2022-CITY-TABLE,B2,needs_review,true,已接入评级报告或其他二手公开来源的债务补缺值；不等同于官方决算数据，必须回到财政/人大预算决算或官方债务表复核。
CN-410100,410100,郑州市,41,河南省,地级市,core,2022,2022-12-31,prefecture_whole,secondary_debt,12935.00,1.00,,1130.79,1456.41,,,,,,,2931.53,,22.66,259.25,259.25,77.64,,,未采集,SRC-CITY-PANEL-1990-2023;SRC-SECONDARY-RATING-HENAN-2020-2022-CITY-CHART,B2,needs_review,true,已接入评级报告或其他二手公开来源的债务补缺值；不等同于官方决算数据，必须回到财政/人大预算决算或官方债务表复核。
CN-410200,410200,开封市,41,河南省,地级市,core,2022,2022-12-31,prefecture_whole,secondary_debt,2657.00,4.30,,198.59,456.41,,,,,,,669.60,,25.20,337.18,337.18,43.51,,,未采集,SRC-CITY-PANEL-1990-2023;SRC-SECONDARY-RATING-HENAN-2020-2022-CITY-CHART,B2,needs_review,true,已接入评级报告或其他二手公开来源的债务补缺值；不等同于官方决算数据，必须回到财政/人大预算决算或官方债务表复核。
CN-410300,410300,洛阳市,41,河南省,地级市,core,2022,2022-12-31,prefecture_whole,secondary_debt,5675.00,3.00,,398.23,628.64,,,,,,,766.40,,13.50,192.45,192.45,63.35,,,未采集,SRC-CITY-PANEL-1990-2023;SRC-SECONDARY-RATING-HENAN-2020-2022-CITY-CHART,B2,needs_review,true,已接入评级报告或其他二手公开来源的债务补缺值；不等同于官方决算数据，必须回到财政/人大预算决算或官方债务表复核。
CN-410400,410400,平顶山市,41,河南省,地级市,core,2022,2022-12-31,prefecture_whole,secondary_debt,2839.00,4.10,,225.93,415.69,,,,,,,467.50,,16.47,206.92,206.92,54.35,,,未采集,SRC-CITY-PANEL-1990-2023;SRC-SECONDARY-RATING-HENAN-2020-2022-CITY-CHART,B2,needs_review,true,已接入评级报告或其他二手公开来源的债务补缺值；不等同于官方决算数据，必须回到财政/人大预算决算或官方债务表复核。
CN-410500,410500,安阳市,41,河南省,地级市,core,2022,2022-12-31,prefecture_whole,secondary_debt,2512.00,2.36,,222.11,428.56,,,,,,,621.00,,24.72,279.59,279.59,51.83,,,未采集,SRC-CITY-PANEL-1990-2023;SRC-SECONDARY-RATING-HENAN-2020-2022-CITY-CHART,B2,needs_review,true,已接入评级报告或其他二手公开来源的债务补缺值；不等同于官方决算数据，必须回到财政/人大预算决算或官方债务表复核。
CN-410600,410600,鹤壁市,41,河南省,地级市,core,2022,2022-12-31,prefecture_whole,secondary_debt,1107.00,4.30,,77.31,202.39,,,,,,,540.20,,48.80,698.75,698.75,38.20,,,未采集,SRC-CITY-PANEL-1990-2023;SRC-SECONDARY-RATING-HENAN-2020-2022-CITY-CHART,B2,needs_review,true,已接入评级报告或其他二手公开来源的债务补缺值；不等同于官方决算数据，必须回到财政/人大预算决算或官方债务表复核。
CN-410700,410700,新乡市,41,河南省,地级市,core,2022,2022-12-31,prefecture_whole,secondary_debt,3464.00,5.30,,227.03,477.25,,,,,,,653.40,,18.86,287.80,287.80,47.57,,,未采集,SRC-CITY-PANEL-1990-2023;SRC-SECONDARY-RATING-HENAN-2020-2022-CITY-CHART,B2,needs_review,true,已接入评级报告或其他二手公开来源的债务补缺值；不等同于官方决算数据，必须回到财政/人大预算决算或官方债务表复核。
CN-410800,410800,焦作市,41,河南省,地级市,core,2022,2022-12-31,prefecture_whole,secondary_debt,2235.00,3.30,,169.60,285.97,,,,,,,839.10,,37.54,494.75,494.75,59.31,,,未采集,SRC-CITY-PANEL-1990-2023;SRC-SECONDARY-RATING-HENAN-2020-2022-CITY-CHART,B2,needs_review,true,已接入评级报告或其他二手公开来源的债务补缺值；不等同于官方决算数据，必须回到财政/人大预算决算或官方债务表复核。
CN-410900,410900,濮阳市,41,河南省,地级市,core,2022,2022-12-31,prefecture_whole,secondary_debt,1890.00,4.90,,116.72,320.43,,,,,,,322.10,,17.04,275.96,275.96,36.43,,,未采集,SRC-CITY-PANEL-1990-2023;SRC-SECONDARY-RATING-HENAN-2020-2022-CITY-CHART,B2,needs_review,true,已接入评级报告或其他二手公开来源的债务补缺值；不等同于官方决算数据，必须回到财政/人大预算决算或官方债务表复核。
CN-411000,411000,许昌市,41,河南省,地级市,core,2022,2022-12-31,prefecture_whole,secondary_debt,3747.00,1.80,,203.86,346.78,,,,,,,750.30,,20.02,368.05,368.05,58.79,,,未采集,SRC-CITY-PANEL-1990-2023;SRC-SECONDARY-RATING-HENAN-2020-2022-CITY-CHART,B2,needs_review,true,已接入评级报告或其他二手公开来源的债务补缺值；不等同于官方决算数据，必须回到财政/人大预算决算或官方债务表复核。
CN-411100,411100,漯河市,41,河南省,地级市,core,2022,2022-12-31,prefecture_whole,secondary_debt,1813.00,5.20,,131.87,246.72,,,,,,,362.50,,19.99,274.89,274.89,53.45,,,未采集,SRC-CITY-PANEL-1990-2023;SRC-SECONDARY-RATING-HENAN-2020-2022-CITY-CHART,B2,needs_review,true,已接入评级报告或其他二手公开来源的债务补缺值；不等同于官方决算数据，必须回到财政/人大预算决算或官方债务表复核。
CN-411200,411200,三门峡市,41,河南省,地级市,core,2022,2022-12-31,prefecture_whole,secondary_debt,1676.00,4.60,,139.04,275.90,,,,,,,378.60,,22.59,272.30,272.30,50.40,,,未采集,SRC-CITY-PANEL-1990-2023;SRC-SECONDARY-RATING-HENAN-2020-2022-CITY-CHART,B2,needs_review,true,已接入评级报告或其他二手公开来源的债务补缺值；不等同于官方决算数据，必须回到财政/人大预算决算或官方债务表复核。
CN-411300,411300,南阳市,41,河南省,地级市,core,2022,2022-12-31,prefecture_whole,secondary_debt,4555.00,4.80,,256.87,771.46,,,,,,,1077.80,,23.66,419.59,419.59,33.30,,,未采集,SRC-CITY-PANEL-1990-2023;SRC-SECONDARY-RATING-HENAN-2020-2022-CITY-CHART,B2,needs_review,true,已接入评级报告或其他二手公开来源的债务补缺值；不等同于官方决算数据，必须回到财政/人大预算决算或官方债务表复核。
CN-411400,411400,商丘市,41,河南省,地级市,core,2022,2022-12-31,prefecture_whole,secondary_debt,3263.00,5.10,,200.12,553.11,,,,,,,806.90,,24.73,403.21,403.21,36.18,,,未采集,SRC-CITY-PANEL-1990-2023;SRC-SECONDARY-RATING-HENAN-2020-2022-CITY-CHART,B2,needs_review,true,已接入评级报告或其他二手公开来源的债务补缺值；不等同于官方决算数据，必须回到财政/人大预算决算或官方债务表复核。
CN-411500,411500,信阳市,41,河南省,地级市,core,2022,2022-12-31,prefecture_whole,secondary_debt,3196.00,3.20,,136.96,641.91,,,,,,,621.10,,19.43,453.49,453.49,21.34,,,未采集,SRC-CITY-PANEL-1990-2023;SRC-SECONDARY-RATING-HENAN-2020-2022-CITY-CHART,B2,needs_review,true,已接入评级报告或其他二手公开来源的债务补缺值；不等同于官方决算数据，必须回到财政/人大预算决算或官方债务表复核。
CN-411600,411600,周口市,41,河南省,地级市,core,2022,2022-12-31,prefecture_whole,secondary_debt,3617.00,2.90,,180.12,690.47,,,,,,,604.90,,16.72,335.83,335.83,26.09,,,未采集,SRC-CITY-PANEL-1990-2023;SRC-SECONDARY-RATING-HENAN-2020-2022-CITY-CHART,B2,needs_review,true,已接入评级报告或其他二手公开来源的债务补缺值；不等同于官方决算数据，必须回到财政/人大预算决算或官方债务表复核。
CN-411700,411700,驻马店市,41,河南省,地级市,core,2022,2022-12-31,prefecture_whole,secondary_debt,3257.00,5.20,,204.48,550.75,,,,,,,774.50,,23.78,378.77,378.77,37.13,,,未采集,SRC-CITY-PANEL-1990-2023;SRC-SECONDARY-RATING-HENAN-2020-2022-CITY-CHART,B2,needs_review,true,已接入评级报告或其他二手公开来源的债务补缺值；不等同于官方决算数据，必须回到财政/人大预算决算或官方债务表复核。
CN-419000,419000,省直辖县级行政区划,41,河南省,地级市,core,2022,2022-12-31,prefecture_whole,secondary_debt,,,,,,,,,,,,128.20,,,,,,,,未采集,SRC-SECONDARY-RATING-HENAN-2020-2022-CITY-CHART,B2,needs_review,true,已接入评级报告或其他二手公开来源的债务补缺值；不等同于官方决算数据，必须回到财政/人大预算决算或官方债务表复核。
CN-420100,420100,武汉市,42,湖北省,地级市,core,2022,2022-12-31,prefecture_whole,official_debt,18866.00,4.00,,1504.74,2223.15,,1929.79,1844.74,4559.78,4450.39,6489.57,6295.13,97.00,33.37,418.35,418.35,67.69,,,未采集,SRC-CITY-PANEL-1990-2023;SRC-OFFICIAL-DEBT-HUBEI-WUHAN-2022,A2,extracted,true,已从省级财政厅官方地级行政单元债务明细表提取；经济财政字段与债务字段的来源状态分开记录。
CN-420200,420200,黄石市,42,湖北省,地级市,core,2022,2022-12-31,prefecture_whole,official_debt,2042.00,5.60,,136.75,279.67,,200.00,175.00,245.00,237.00,445.00,412.00,92.58,20.18,301.28,301.28,48.90,,,未采集,SRC-CITY-PANEL-1990-2023;SRC-OFFICIAL-DEBT-HUBEI-HUANGSHI-2022,A1,extracted,true,已从省级财政厅官方地级行政单元债务明细表提取；经济财政字段与债务字段的来源状态分开记录。
CN-420300,420300,十堰市,42,湖北省,地级市,core,2022,2022-12-31,prefecture_whole,secondary_debt,2305.00,3.60,,115.66,408.13,,,,,,,602.95,,26.16,521.31,521.31,28.34,,,未采集,SRC-CITY-PANEL-1990-2023;SRC-SECONDARY-CEIC-CN-420300,D,needs_review,true,已接入商业数据库公开城市债务页的 provisional 补缺值；经济财政字段与债务字段来源状态分开记录，必须回到官方预算/决算或统计公报复核。
CN-420500,420500,宜昌市,42,湖北省,地级市,core,2022,2022-12-31,prefecture_whole,official_debt,5503.00,5.50,,218.21,563.56,,,,,,,925.89,,16.83,424.31,424.31,38.72,,,未采集,SRC-CITY-PANEL-1990-2023;SRC-OFFICIAL-DEBT-HUBEI-YICHANG-2022,A1,extracted,true,已从省级财政厅官方地级行政单元债务明细表提取；经济财政字段与债务字段的来源状态分开记录。
CN-420600,420600,襄阳市,42,湖北省,地级市,core,2022,2022-12-31,prefecture_whole,secondary_debt,5828.00,5.40,,220.93,630.55,,,,,,,1024.10,,17.57,463.54,463.54,35.04,,,未采集,SRC-CITY-PANEL-1990-2023;SRC-SECONDARY-DEBT-HUBEI-XIANGYANG-2022,B2,needs_review,true,已接入评级报告或其他二手公开来源的债务补缺值；不等同于官方决算数据，必须回到财政/人大预算决算或官方债务表复核。
CN-420700,420700,鄂州市,42,湖北省,地级市,core,2022,2022-12-31,prefecture_whole,official_debt,1265.00,5.10,,73.84,118.39,,92.91,88.25,266.38,263.34,359.29,351.59,97.86,27.79,476.15,476.15,62.37,,,未采集,SRC-CITY-PANEL-1990-2023;SRC-OFFICIAL-DEBT-HUBEI-EZHOU-2022,A1,extracted,true,已从省级财政厅官方地级行政单元债务明细表提取；经济财政字段与债务字段的来源状态分开记录。
CN-420800,420800,荆门市,42,湖北省,地级市,core,2022,2022-12-31,prefecture_whole,secondary_debt,2201.00,1.01,,103.17,284.28,,,,,,,390.10,,17.72,378.11,378.11,36.29,,,未采集,SRC-CITY-PANEL-1990-2023;SRC-SECONDARY-DEBT-HUBEI-JINGMEN-2022,B2,needs_review,true,已接入评级报告或其他二手公开来源的债务补缺值；不等同于官方决算数据，必须回到财政/人大预算决算或官方债务表复核。
CN-420900,420900,孝感市,42,湖北省,地级市,core,2022,2022-12-31,prefecture_whole,secondary_debt,2777.00,5.20,,137.21,428.37,,,,,,,548.22,,19.74,399.55,399.55,32.03,,,未采集,SRC-CITY-PANEL-1990-2023;SRC-SECONDARY-CEIC-CN-420900,D,needs_review,true,已接入商业数据库公开城市债务页的 provisional 补缺值；经济财政字段与债务字段来源状态分开记录，必须回到官方预算/决算或统计公报复核。
CN-421000,421000,荆州市,42,湖北省,地级市,core,2022,2022-12-31,prefecture_whole,secondary_debt,3009.00,5.10,,142.05,495.71,,,,,,,706.92,,23.49,497.66,497.66,28.66,,,未采集,SRC-CITY-PANEL-1990-2023;SRC-SECONDARY-CEIC-CN-421000,D,needs_review,true,已接入商业数据库公开城市债务页的 provisional 补缺值；经济财政字段与债务字段来源状态分开记录，必须回到官方预算/决算或统计公报复核。
CN-421100,421100,黄冈市,42,湖北省,地级市,core,2022,2022-12-31,prefecture_whole,secondary_debt,2748.00,4.87,,140.85,559.62,,,,,,,626.99,,22.82,445.15,445.15,25.17,,,未采集,SRC-CITY-PANEL-1990-2023;SRC-SECONDARY-DEBT-HUBEI-HUANGGANG-2022,B2,needs_review,true,已接入评级报告或其他二手公开来源的债务补缺值；不等同于官方决算数据，必须回到财政/人大预算决算或官方债务表复核。
CN-421200,421200,咸宁市,42,湖北省,地级市,core,2022,2022-12-31,prefecture_whole,secondary_debt,1876.00,4.30,,96.03,304.70,,,,,,,366.08,,19.51,381.21,381.21,31.52,,,未采集,SRC-CITY-PANEL-1990-2023;SRC-SECONDARY-CEIC-CN-421200,D,needs_review,true,已接入商业数据库公开城市债务页的 provisional 补缺值；经济财政字段与债务字段来源状态分开记录，必须回到官方预算/决算或统计公报复核。
CN-421300,421300,随州市,42,湖北省,地级市,core,2022,2022-12-31,prefecture_whole,secondary_debt,1329.00,4.40,,50.61,181.46,,,,,,,228.33,,17.18,451.16,451.16,27.89,,,未采集,SRC-CITY-PANEL-1990-2023;SRC-SECONDARY-DEBT-HUBEI-SUIZHOU-2022,B2,needs_review,true,已接入评级报告或其他二手公开来源的债务补缺值；不等同于官方决算数据，必须回到财政/人大预算决算或官方债务表复核。
CN-422800,422800,恩施土家族苗族自治州,42,湖北省,自治州,extended,2022,2022-12-31,prefecture_whole,secondary_debt,,,,,,,,,,,,516.00,,,,,,,,未采集,SRC-SECONDARY-RATING-HUBEI-2022-DEBT-RATIO-CHART,B2,needs_review,true,已接入评级报告或其他二手公开来源的债务补缺值；不等同于官方决算数据，必须回到财政/人大预算决算或官方债务表复核。
CN-429000,429000,省直辖县级行政区划,42,湖北省,地级市,core,2022,2022-12-31,prefecture_whole,provisional,,,,,,,,,,,,345.74,,,,,,,,未采集,SRC-SECONDARY-DEBT-HUBEI-2022-DIRECT-AGG,B2,needs_review,true,已接入评级报告或其他二手公开来源的债务补缺值；不等同于官方决算数据，必须回到财政/人大预算决算或官方债务表复核。
CN-430100,430100,长沙市,43,湖南省,地级市,core,2022,2022-12-31,prefecture_whole,official_debt,13966.00,4.50,,1202.00,1566.26,,709.33,708.50,2161.85,2161.85,2871.18,2870.35,99.97,20.55,238.80,238.80,76.74,,,未采集,SRC-CITY-PANEL-1990-2023;SRC-PROVINCE-DEBT-HUNAN-2022,A1,extracted,true,已从省级财政厅官方地级行政单元债务明细表提取；经济财政字段与债务字段的来源状态分开记录。
CN-430200,430200,株洲市,43,湖南省,地级市,core,2022,2022-12-31,prefecture_whole,official_debt,3617.00,4.50,,190.88,540.68,,396.73,395.56,619.56,619.56,1016.29,1015.12,99.88,28.07,531.81,531.81,35.30,,,未采集,SRC-CITY-PANEL-1990-2023;SRC-PROVINCE-DEBT-HUNAN-2022,A1,extracted,true,已从省级财政厅官方地级行政单元债务明细表提取；经济财政字段与债务字段的来源状态分开记录。
CN-430300,430300,湘潭市,43,湖南省,地级市,core,2022,2022-12-31,prefecture_whole,official_debt,2698.00,4.60,,127.43,269.85,,364.34,362.56,597.16,597.16,961.50,959.72,99.81,35.57,753.14,753.14,47.22,,,未采集,SRC-CITY-PANEL-1990-2023;SRC-PROVINCE-DEBT-HUNAN-2022,A1,extracted,true,已从省级财政厅官方地级行政单元债务明细表提取；经济财政字段与债务字段的来源状态分开记录。
CN-430400,430400,衡阳市,43,湖南省,地级市,core,2022,2022-12-31,prefecture_whole,official_debt,4090.00,5.20,,191.11,618.29,,452.57,443.94,681.60,681.60,1134.17,1125.54,99.24,27.52,588.95,588.95,30.91,,,未采集,SRC-CITY-PANEL-1990-2023;SRC-PROVINCE-DEBT-HUNAN-2022,A1,extracted,true,已从省级财政厅官方地级行政单元债务明细表提取；经济财政字段与债务字段的来源状态分开记录。
CN-430500,430500,邵阳市,43,湖南省,地级市,core,2022,2022-12-31,prefecture_whole,official_debt,2599.00,4.70,,127.97,637.25,,360.72,360.01,413.87,413.87,774.59,773.89,99.91,29.78,604.74,604.74,20.08,,,未采集,SRC-CITY-PANEL-1990-2023;SRC-PROVINCE-DEBT-HUNAN-2022,A1,extracted,true,已从省级财政厅官方地级行政单元债务明细表提取；经济财政字段与债务字段的来源状态分开记录。
CN-430600,430600,岳阳市,43,湖南省,地级市,core,2022,2022-12-31,prefecture_whole,official_debt,4711.00,5.36,,185.04,570.71,,379.64,375.88,546.71,546.70,926.34,922.58,99.59,19.58,498.58,498.58,32.42,,,未采集,SRC-CITY-PANEL-1990-2023;SRC-PROVINCE-DEBT-HUNAN-2022,A1,extracted,true,已从省级财政厅官方地级行政单元债务明细表提取；经济财政字段与债务字段的来源状态分开记录。
CN-430700,430700,常德市,43,湖南省,地级市,core,2022,2022-12-31,prefecture_whole,official_debt,4275.00,4.50,,209.65,637.15,,518.08,516.32,406.73,406.73,924.81,923.05,99.81,21.59,440.28,440.28,32.90,,,未采集,SRC-CITY-PANEL-1990-2023;SRC-PROVINCE-DEBT-HUNAN-2022,A1,extracted,true,已从省级财政厅官方地级行政单元债务明细表提取；经济财政字段与债务字段的来源状态分开记录。
CN-430800,430800,张家界市,43,湖南省,地级市,core,2022,2022-12-31,prefecture_whole,official_debt,592.00,2.30,,35.39,213.32,,166.38,165.83,188.10,188.10,354.48,353.94,99.85,59.79,1000.11,1000.11,16.59,,,未采集,SRC-CITY-PANEL-1990-2023;SRC-PROVINCE-DEBT-HUNAN-2022,A1,extracted,true,已从省级财政厅官方地级行政单元债务明细表提取；经济财政字段与债务字段的来源状态分开记录。
CN-430900,430900,益阳市,43,湖南省,地级市,core,2022,2022-12-31,prefecture_whole,official_debt,2108.00,4.58,,100.12,400.93,,263.04,261.94,351.02,351.02,614.06,612.95,99.82,29.08,612.22,612.22,24.97,,,未采集,SRC-CITY-PANEL-1990-2023;SRC-PROVINCE-DEBT-HUNAN-2022,A1,extracted,true,已从省级财政厅官方地级行政单元债务明细表提取；经济财政字段与债务字段的来源状态分开记录。
CN-431000,431000,郴州市,43,湖南省,地级市,core,2022,2022-12-31,prefecture_whole,official_debt,2980.00,5.70,,177.97,506.90,,599.06,591.35,436.30,436.30,1035.37,1027.66,99.26,34.49,577.43,577.43,35.11,,,未采集,SRC-CITY-PANEL-1990-2023;SRC-PROVINCE-DEBT-HUNAN-2022,A1,extracted,true,已从省级财政厅官方地级行政单元债务明细表提取；经济财政字段与债务字段的来源状态分开记录。
CN-431100,431100,永州市,43,湖南省,地级市,core,2022,2022-12-31,prefecture_whole,official_debt,2410.00,5.09,,158.58,524.79,,373.04,366.00,391.49,391.49,764.53,757.49,99.08,31.43,477.67,477.67,30.22,,,未采集,SRC-CITY-PANEL-1990-2023;SRC-PROVINCE-DEBT-HUNAN-2022,A1,extracted,true,已从省级财政厅官方地级行政单元债务明细表提取；经济财政字段与债务字段的来源状态分开记录。
CN-431200,431200,怀化市,43,湖南省,地级市,core,2022,2022-12-31,prefecture_whole,official_debt,1878.00,3.80,,119.56,508.91,,359.68,358.30,496.89,496.89,856.56,855.18,99.84,45.54,715.27,715.27,23.49,,,未采集,SRC-CITY-PANEL-1990-2023;SRC-PROVINCE-DEBT-HUNAN-2022,A1,extracted,true,已从省级财政厅官方地级行政单元债务明细表提取；经济财政字段与债务字段的来源状态分开记录。
CN-431300,431300,娄底市,43,湖南省,地级市,core,2022,2022-12-31,prefecture_whole,official_debt,1929.00,4.80,,91.71,358.12,,326.86,324.95,258.60,258.60,585.47,583.55,99.67,30.25,636.30,636.30,25.61,,,未采集,SRC-CITY-PANEL-1990-2023;SRC-PROVINCE-DEBT-HUNAN-2022,A1,extracted,true,已从省级财政厅官方地级行政单元债务明细表提取；经济财政字段与债务字段的来源状态分开记录。
CN-433100,433100,湘西土家族苗族自治州,43,湖南省,自治州,extended,2022,2022-12-31,prefecture_whole,official_debt,,,,,,,283.28,277.66,215.35,215.35,498.63,493.01,98.87,,,,,,,未采集,SRC-PROVINCE-DEBT-HUNAN-2022,A1,extracted,true,已从省级财政厅官方地级行政单元债务明细表提取；经济财政字段与债务字段的来源状态分开记录。
CN-440100,440100,广州市,44,广东省,地级市,core,2022,2022-12-31,prefecture_whole,official_debt,28839.00,1.00,,1855.10,3022.45,,1030.13,928.29,4067.54,3758.85,5097.67,4687.14,91.95,16.25,252.66,252.66,61.38,,,未采集,SRC-CITY-PANEL-1990-2023;SRC-CELMA-DEBT-GUANGDONG-2022,A2,extracted,true,已从省级财政厅官方地级行政单元债务明细表提取；经济财政字段与债务字段的来源状态分开记录。
CN-440200,440200,韶关市,44,广东省,地级市,core,2022,2022-12-31,prefecture_whole,official_debt,1564.00,0.20,,89.40,356.47,,244.19,170.02,371.03,168.93,615.22,338.95,55.09,21.67,379.14,379.14,25.08,,,未采集,SRC-CITY-PANEL-1990-2023;SRC-CELMA-DEBT-GUANGDONG-2022,A2,extracted,true,已从省级财政厅官方地级行政单元债务明细表提取；经济财政字段与债务字段的来源状态分开记录。
CN-440300,440300,深圳市,44,广东省,地级市,core,2022,2022-12-31,prefecture_whole,official_debt,32388.00,3.30,,4012.44,4997.38,,,126.80,,1956.08,,2082.88,,6.43,51.91,51.91,80.29,,,未采集,SRC-CITY-PANEL-1990-2023;SRC-CELMA-API-DEBT-4403-2022,A2,extracted,true,已从省级财政厅官方地级行政单元债务明细表提取；经济财政字段与债务字段的来源状态分开记录。
CN-440400,440400,珠海市,44,广东省,地级市,core,2022,2022-12-31,prefecture_whole,official_debt,4045.00,2.30,,437.41,754.13,,353.86,338.95,766.45,764.59,1120.31,1103.55,98.50,27.28,252.29,252.29,58.00,,,未采集,SRC-CITY-PANEL-1990-2023;SRC-CELMA-DEBT-GUANGDONG-2022,A2,extracted,true,已从省级财政厅官方地级行政单元债务明细表提取；经济财政字段与债务字段的来源状态分开记录。
CN-440500,440500,汕头市,44,广东省,地级市,core,2022,2022-12-31,prefecture_whole,official_debt,3017.00,1.00,,127.98,379.75,,175.02,168.29,640.36,631.49,815.39,799.78,98.09,26.51,624.93,624.93,33.70,,,未采集,SRC-CITY-PANEL-1990-2023;SRC-CELMA-DEBT-GUANGDONG-2022,A2,extracted,true,已从省级财政厅官方地级行政单元债务明细表提取；经济财政字段与债务字段的来源状态分开记录。
CN-440600,440600,佛山市,44,广东省,地级市,core,2022,2022-12-31,prefecture_whole,official_debt,12698.00,2.10,,796.76,1022.33,,536.11,395.70,1956.36,1882.11,2492.47,2277.81,91.39,17.94,285.88,285.88,77.94,,,未采集,SRC-CITY-PANEL-1990-2023;SRC-CELMA-DEBT-GUANGDONG-2022,A2,extracted,true,已从省级财政厅官方地级行政单元债务明细表提取；经济财政字段与债务字段的来源状态分开记录。
CN-440700,440700,江门市,44,广东省,地级市,core,2022,2022-12-31,prefecture_whole,official_debt,3773.00,3.30,,263.03,450.67,,342.06,207.96,586.41,319.85,928.47,527.81,56.85,13.99,200.67,200.67,58.36,,,未采集,SRC-CITY-PANEL-1990-2023;SRC-CELMA-DEBT-GUANGDONG-2022,A2,extracted,true,已从省级财政厅官方地级行政单元债务明细表提取；经济财政字段与债务字段的来源状态分开记录。
CN-440800,440800,湛江市,44,广东省,地级市,core,2022,2022-12-31,prefecture_whole,official_debt,3713.00,1.16,,136.94,535.56,,274.21,234.70,668.88,401.78,943.09,636.48,67.49,17.14,464.79,464.79,25.57,,,未采集,SRC-CITY-PANEL-1990-2023;SRC-CELMA-DEBT-GUANGDONG-2022,A2,extracted,true,已从省级财政厅官方地级行政单元债务明细表提取；经济财政字段与债务字段的来源状态分开记录。
CN-440900,440900,茂名市,44,广东省,地级市,core,2022,2022-12-31,prefecture_whole,official_debt,3905.00,0.50,,140.69,510.14,,219.74,181.65,455.36,294.02,675.10,475.67,70.46,12.18,338.10,338.10,27.58,,,未采集,SRC-CITY-PANEL-1990-2023;SRC-CELMA-DEBT-GUANGDONG-2022,A2,extracted,true,已从省级财政厅官方地级行政单元债务明细表提取；经济财政字段与债务字段的来源状态分开记录。
CN-441200,441200,肇庆市,44,广东省,地级市,core,2022,2022-12-31,prefecture_whole,official_debt,2705.00,1.06,,160.84,397.56,,244.72,163.46,752.60,511.68,997.32,675.14,67.70,24.96,419.76,419.76,40.46,,,未采集,SRC-CITY-PANEL-1990-2023;SRC-CELMA-DEBT-GUANGDONG-2022,A2,extracted,true,已从省级财政厅官方地级行政单元债务明细表提取；经济财政字段与债务字段的来源状态分开记录。
CN-441300,441300,惠州市,44,广东省,地级市,core,2022,2022-12-31,prefecture_whole,official_debt,5401.00,4.21,,441.73,693.03,,473.25,309.72,643.86,445.04,1117.10,754.77,67.57,13.97,170.87,170.87,63.74,,,未采集,SRC-CITY-PANEL-1990-2023;SRC-CELMA-DEBT-GUANGDONG-2022,A2,extracted,true,已从省级财政厅官方地级行政单元债务明细表提取；经济财政字段与债务字段的来源状态分开记录。
CN-441400,441400,梅州市,44,广东省,地级市,core,2022,2022-12-31,prefecture_whole,official_debt,1318.00,0.50,,82.22,449.51,,336.57,186.25,376.83,161.80,713.39,348.06,48.79,26.41,423.33,423.33,18.29,,,未采集,SRC-CITY-PANEL-1990-2023;SRC-CELMA-DEBT-GUANGDONG-2022,A2,extracted,true,已从省级财政厅官方地级行政单元债务明细表提取；经济财政字段与债务字段的来源状态分开记录。
CN-441500,441500,汕尾市,44,广东省,地级市,core,2022,2022-12-31,prefecture_whole,official_debt,1322.00,1.47,,61.30,296.72,,115.35,74.74,390.17,181.76,505.53,256.50,50.74,19.40,418.43,418.43,20.66,,,未采集,SRC-CITY-PANEL-1990-2023;SRC-CELMA-DEBT-GUANGDONG-2022,A2,extracted,true,已从省级财政厅官方地级行政单元债务明细表提取；经济财政字段与债务字段的来源状态分开记录。
CN-441600,441600,河源市,44,广东省,地级市,core,2022,2022-12-31,prefecture_whole,official_debt,1295.00,1.00,,69.32,335.92,,235.45,141.79,339.73,165.33,575.18,307.12,53.40,23.72,443.05,443.05,20.64,,,未采集,SRC-CITY-PANEL-1990-2023;SRC-CELMA-DEBT-GUANGDONG-2022,A2,extracted,true,已从省级财政厅官方地级行政单元债务明细表提取；经济财政字段与债务字段的来源状态分开记录。
CN-441700,441700,阳江市,44,广东省,地级市,core,2022,2022-12-31,prefecture_whole,official_debt,1535.00,0.84,,76.35,271.39,,169.93,127.26,215.77,119.11,385.70,246.37,63.88,16.05,322.69,322.69,28.13,,,未采集,SRC-CITY-PANEL-1990-2023;SRC-CELMA-DEBT-GUANGDONG-2022,A2,extracted,true,已从省级财政厅官方地级行政单元债务明细表提取；经济财政字段与债务字段的来源状态分开记录。
CN-441800,441800,清远市,44,广东省,地级市,core,2022,2022-12-31,prefecture_whole,official_debt,2032.00,1.00,,141.01,423.79,,205.51,152.73,558.04,355.29,763.56,508.03,66.53,25.00,360.28,360.28,33.27,,,未采集,SRC-CITY-PANEL-1990-2023;SRC-CELMA-DEBT-GUANGDONG-2022,A2,extracted,true,已从省级财政厅官方地级行政单元债务明细表提取；经济财政字段与债务字段的来源状态分开记录。
CN-441900,441900,东莞市,44,广东省,地级市,core,2022,2022-12-31,prefecture_whole,official_debt,11200.00,0.62,,766.13,861.60,,542.51,519.86,834.16,820.65,1376.66,1340.51,97.37,11.97,174.97,174.97,88.92,,,未采集,SRC-CITY-PANEL-1990-2023;SRC-CELMA-DEBT-GUANGDONG-2022,A2,extracted,true,已从省级财政厅官方地级行政单元债务明细表提取；经济财政字段与债务字段的来源状态分开记录。
CN-442000,442000,中山市,44,广东省,地级市,core,2022,2022-12-31,prefecture_whole,official_debt,3631.00,0.50,,316.04,463.10,,87.87,80.16,622.55,613.17,710.42,693.34,97.60,19.10,219.38,219.38,68.24,,,未采集,SRC-CITY-PANEL-1990-2023;SRC-CELMA-DEBT-GUANGDONG-2022,A2,extracted,true,已从省级财政厅官方地级行政单元债务明细表提取；经济财政字段与债务字段的来源状态分开记录。
CN-445100,445100,潮州市,44,广东省,地级市,core,2022,2022-12-31,prefecture_whole,official_debt,1313.00,2.30,,49.22,214.93,,165.11,142.11,176.74,123.94,341.85,266.05,77.83,20.26,540.53,540.53,22.90,,,未采集,SRC-CITY-PANEL-1990-2023;SRC-CELMA-DEBT-GUANGDONG-2022,A2,extracted,true,已从省级财政厅官方地级行政单元债务明细表提取；经济财政字段与债务字段的来源状态分开记录。
CN-445200,445200,揭阳市,44,广东省,地级市,core,2022,2022-12-31,prefecture_whole,official_debt,2261.00,-1.25,,71.39,374.84,,164.77,117.40,274.10,165.40,438.86,282.80,64.44,12.51,396.13,396.13,19.05,,,未采集,SRC-CITY-PANEL-1990-2023;SRC-CELMA-DEBT-GUANGDONG-2022,A2,extracted,true,已从省级财政厅官方地级行政单元债务明细表提取；经济财政字段与债务字段的来源状态分开记录。
CN-445300,445300,云浮市,44,广东省,地级市,core,2022,2022-12-31,prefecture_whole,official_debt,1162.00,2.10,,100.41,268.64,,190.63,91.49,252.97,115.57,443.60,207.06,46.68,17.82,206.21,206.21,37.38,,,未采集,SRC-CITY-PANEL-1990-2023;SRC-CELMA-DEBT-GUANGDONG-2022,A2,extracted,true,已从省级财政厅官方地级行政单元债务明细表提取；经济财政字段与债务字段的来源状态分开记录。
CN-450100,450100,南宁市,45,广西壮族自治区,地级市,core,2022,2022-12-31,prefecture_whole,secondary_debt,5218.00,1.40,,392.68,838.93,,,,,,,1328.22,,25.45,338.24,338.24,46.81,,,未采集,SRC-CITY-PANEL-1990-2023;SRC-SECONDARY-DEBT-GUANGXI-NANNING-2022,B2,needs_review,true,已接入评级报告或其他二手公开来源的债务补缺值；不等同于官方决算数据，必须回到财政/人大预算决算或官方债务表复核。
CN-450200,450200,柳州市,45,广西壮族自治区,地级市,core,2022,2022-12-31,prefecture_whole,secondary_debt,3109.00,-1.00,,151.19,362.05,,,,,,,763.45,,24.56,504.96,504.96,41.76,,,未采集,SRC-CITY-PANEL-1990-2023;SRC-SECONDARY-DEBT-GUANGXI-LIUZHOU-2022,B2,needs_review,true,已接入评级报告或其他二手公开来源的债务补缺值；不等同于官方决算数据，必须回到财政/人大预算决算或官方债务表复核。
CN-450300,450300,桂林市,45,广西壮族自治区,地级市,core,2022,2022-12-31,prefecture_whole,secondary_debt,2436.00,2.49,,125.36,464.66,,,305.40,,359.49,,664.89,,27.29,530.38,530.38,26.98,,,未采集,SRC-CITY-PANEL-1990-2023;SRC-SECONDARY-DEBT-GUANGXI-GUILIN-2022,B2,needs_review,true,已接入评级报告或其他二手公开来源的债务补缺值；不等同于官方决算数据，必须回到财政/人大预算决算或官方债务表复核。
CN-450400,450400,梧州市,45,广西壮族自治区,地级市,core,2022,2022-12-31,prefecture_whole,secondary_debt,1420.00,4.00,,75.70,254.37,,,,,,,413.54,,29.12,546.29,546.29,29.76,,,未采集,SRC-CITY-PANEL-1990-2023;SRC-SECONDARY-DEBT-GUANGXI-WUZHOU-2022,B2,needs_review,true,已接入评级报告或其他二手公开来源的债务补缺值；不等同于官方决算数据，必须回到财政/人大预算决算或官方债务表复核。
CN-450500,450500,北海市,45,广西壮族自治区,地级市,core,2022,2022-12-31,prefecture_whole,secondary_debt,1674.00,3.50,,67.65,190.29,,,,,,,304.52,,18.19,450.14,450.14,35.55,,,未采集,SRC-CITY-PANEL-1990-2023;SRC-SECONDARY-DEBT-GUANGXI-BEIHAI-2022,B2,needs_review,true,已接入评级报告或其他二手公开来源的债务补缺值；不等同于官方决算数据，必须回到财政/人大预算决算或官方债务表复核。
CN-450600,450600,防城港市,45,广西壮族自治区,地级市,core,2022,2022-12-31,prefecture_whole,secondary_debt,968.00,5.07,,44.06,150.31,,,,,,,253.72,,26.21,575.85,575.85,29.31,,,未采集,SRC-CITY-PANEL-1990-2023;SRC-SECONDARY-DEBT-GUANGXI-FANGCHENGGANG-2022,B2,needs_review,true,已接入评级报告或其他二手公开来源的债务补缺值；不等同于官方决算数据，必须回到财政/人大预算决算或官方债务表复核。
CN-450700,450700,钦州市,45,广西壮族自治区,地级市,core,2022,2022-12-31,prefecture_whole,secondary_debt,1917.00,8.24,,77.07,260.11,,,,,,,399.20,,20.82,517.97,517.97,29.63,,,未采集,SRC-CITY-PANEL-1990-2023;SRC-SECONDARY-DEBT-GUANGXI-QINZHOU-2022,B2,needs_review,true,已接入评级报告或其他二手公开来源的债务补缺值；不等同于官方决算数据，必须回到财政/人大预算决算或官方债务表复核。
CN-450800,450800,贵港市,45,广西壮族自治区,地级市,core,2022,2022-12-31,prefecture_whole,secondary_debt,1572.00,3.20,,70.01,307.71,,,,,,,320.81,,20.41,458.23,458.23,22.75,,,未采集,SRC-CITY-PANEL-1990-2023;SRC-SECONDARY-DEBT-GUANGXI-GUIGANG-2022,B2,needs_review,true,已接入评级报告或其他二手公开来源的债务补缺值；不等同于官方决算数据，必须回到财政/人大预算决算或官方债务表复核。
CN-450900,450900,玉林市,45,广西壮族自治区,地级市,core,2022,2022-12-31,prefecture_whole,secondary_debt,2167.00,2.50,,76.54,365.79,,,,,,,443.50,,20.47,579.44,579.44,20.92,,,未采集,SRC-CITY-PANEL-1990-2023;SRC-SECONDARY-DEBT-GUANGXI-YULIN-2022,B2,needs_review,true,已接入评级报告或其他二手公开来源的债务补缺值；不等同于官方决算数据，必须回到财政/人大预算决算或官方债务表复核。
CN-451000,451000,百色市,45,广西壮族自治区,地级市,core,2022,2022-12-31,prefecture_whole,secondary_debt,1729.00,4.23,,96.14,462.42,,,,,,,556.61,,32.19,578.96,578.96,20.79,,,未采集,SRC-CITY-PANEL-1990-2023;SRC-SECONDARY-DEBT-GUANGXI-BAISE-2022,B2,needs_review,true,已接入评级报告或其他二手公开来源的债务补缺值；不等同于官方决算数据，必须回到财政/人大预算决算或官方债务表复核。
CN-451100,451100,贺州市,45,广西壮族自治区,地级市,core,2022,2022-12-31,prefecture_whole,official_debt,972.00,3.44,,48.78,219.26,,,125.93,,177.12,,303.05,,31.18,621.26,621.26,22.25,,,未采集,SRC-CITY-PANEL-1990-2023;SRC-OFFICIAL-DEBT-GUANGXI-HEZHOU-2022,A2,extracted,true,已从省级财政厅官方地级行政单元债务明细表提取；经济财政字段与债务字段的来源状态分开记录。
CN-451200,451200,河池市,45,广西壮族自治区,地级市,core,2022,2022-12-31,prefecture_whole,secondary_debt,1136.00,3.90,,58.01,412.75,,,,,,,399.92,,35.20,689.40,689.40,14.05,,,未采集,SRC-CITY-PANEL-1990-2023;SRC-SECONDARY-DEBT-GUANGXI-HECHI-2022,B2,needs_review,true,已接入评级报告或其他二手公开来源的债务补缺值；不等同于官方决算数据，必须回到财政/人大预算决算或官方债务表复核。
CN-451300,451300,来宾市,45,广西壮族自治区,地级市,core,2022,2022-12-31,prefecture_whole,official_debt,901.00,3.60,,50.56,229.36,,,157.78,,151.34,,309.13,,34.31,611.41,611.41,22.04,,,未采集,SRC-CITY-PANEL-1990-2023;SRC-OFFICIAL-DEBT-GUANGXI-LAIBIN-2022,A2,extracted,true,已从省级财政厅官方地级行政单元债务明细表提取；经济财政字段与债务字段的来源状态分开记录。
CN-451400,451400,崇左市,45,广西壮族自治区,地级市,core,2022,2022-12-31,prefecture_whole,secondary_debt,1081.00,6.10,,39.59,246.11,,,,,,,390.84,,36.16,987.22,987.22,16.09,,,未采集,SRC-CITY-PANEL-1990-2023;SRC-SECONDARY-DEBT-GUANGXI-CHONGZUO-2022,B2,needs_review,true,已接入评级报告或其他二手公开来源的债务补缺值；不等同于官方决算数据，必须回到财政/人大预算决算或官方债务表复核。
CN-460100,460100,海口市,46,海南省,地级市,core,2022,2022-12-31,prefecture_whole,official_debt,2135.00,1.30,,204.82,332.68,,219.77,219.77,532.94,532.94,752.70,752.70,100.00,35.26,367.49,367.49,61.57,,,未采集,SRC-CITY-PANEL-1990-2023;SRC-CELMA-DEBT-HAINAN-2022,A2,extracted,true,已从省级财政厅官方地级行政单元债务明细表提取；经济财政字段与债务字段的来源状态分开记录。
CN-460200,460200,三亚市,46,海南省,地级市,core,2022,2022-12-31,prefecture_whole,official_debt,847.00,-4.50,,98.02,228.96,,148.47,148.47,365.28,365.28,513.75,513.75,100.00,60.66,524.13,524.13,42.81,,,未采集,SRC-CITY-PANEL-1990-2023;SRC-CELMA-DEBT-HAINAN-2022,A2,extracted,true,已从省级财政厅官方地级行政单元债务明细表提取；经济财政字段与债务字段的来源状态分开记录。
CN-460300,460300,三沙市,46,海南省,地级市,core,2022,2022-12-31,prefecture_whole,provisional,,,,,,,,,,,,,,,,,,,,未采集,SRC-CITY-PANEL-1990-2023,D,needs_review,true,公开研究型城市面板；字段口径与来源链条未完全公开，作为 provisional 暂存值，待官方年鉴/公报复核。
CN-460400,460400,儋州市,46,海南省,地级市,core,2022,2022-12-31,prefecture_whole,official_debt,879.00,0.10,,60.16,163.16,,108.78,108.77,154.45,154.45,263.23,263.23,100.00,29.95,437.55,437.55,36.87,,,未采集,SRC-CITY-PANEL-1990-2023;SRC-CELMA-DEBT-HAINAN-2022,A2,extracted,true,已从省级财政厅官方地级行政单元债务明细表提取；经济财政字段与债务字段的来源状态分开记录。
CN-469000,469000,省直辖县级行政区划,46,海南省,地级市,core,2022,2022-12-31,prefecture_whole,official_debt_calculated,,,,,,,,477.73,,328.09,,805.82,,,,,,,,未采集,SRC-OFFICIAL-DEBT-HAINAN-DIRECT-COUNTY-2022,A2,extracted,true,已从省级财政厅官方地级行政单元债务明细表提取；经济财政字段与债务字段的来源状态分开记录。
CN-500000,500000,重庆市,50,重庆市,直辖市,separate,2022,2022-12-31,prefecture_whole,official_debt,29129.00,2.60,,2103.42,4892.77,,3325.00,3180.00,6956.00,6891.00,10281.00,10071.00,97.96,34.57,478.79,478.79,42.99,,,未采集,SRC-CITY-PANEL-1990-2023;SRC-PROVINCE-DEBT-CHONGQING-2022,A1,extracted,true,已从省级财政厅官方地级行政单元债务明细表提取；经济财政字段与债务字段的来源状态分开记录。
CN-510100,510100,成都市,51,四川省,地级市,core,2022,2022-12-31,prefecture_whole,official_debt,20818.00,2.75,,1722.43,2435.01,,1350.90,1257.30,3424.90,3383.20,4775.80,4640.50,97.17,22.29,269.42,269.42,70.74,,,未采集,SRC-CITY-PANEL-1990-2023;SRC-OFFICIAL-DEBT-SICHUAN-CITIES-2022,A1,extracted,true,已从省级财政厅官方地级行政单元债务明细表提取；经济财政字段与债务字段的来源状态分开记录。
CN-510300,510300,自贡市,51,四川省,地级市,core,2022,2022-12-31,prefecture_whole,official_debt,1638.00,0.50,,62.68,256.86,,199.40,189.20,433.80,429.60,633.20,618.80,97.73,37.78,987.24,987.24,24.40,,,未采集,SRC-CITY-PANEL-1990-2023;SRC-OFFICIAL-DEBT-SICHUAN-CITIES-2022,A1,extracted,true,已从省级财政厅官方地级行政单元债务明细表提取；经济财政字段与债务字段的来源状态分开记录。
CN-510400,510400,攀枝花市,51,四川省,地级市,core,2022,2022-12-31,prefecture_whole,official_debt,1221.00,3.50,,83.97,147.13,,157.10,144.20,98.30,94.40,255.40,238.60,93.42,19.54,284.15,284.15,57.07,,,未采集,SRC-CITY-PANEL-1990-2023;SRC-OFFICIAL-DEBT-SICHUAN-CITIES-2022,A1,extracted,true,已从省级财政厅官方地级行政单元债务明细表提取；经济财政字段与债务字段的来源状态分开记录。
CN-510500,510500,泸州市,51,四川省,地级市,core,2022,2022-12-31,prefecture_whole,official_debt,2602.00,4.10,,192.61,458.71,,284.50,273.90,596.80,594.20,881.30,868.10,98.50,33.36,450.70,450.70,41.99,,,未采集,SRC-CITY-PANEL-1990-2023;SRC-OFFICIAL-DEBT-SICHUAN-CITIES-2022,A1,extracted,true,已从省级财政厅官方地级行政单元债务明细表提取；经济财政字段与债务字段的来源状态分开记录。
CN-510600,510600,德阳市,51,四川省,地级市,core,2022,2022-12-31,prefecture_whole,official_debt,2817.00,3.10,,156.50,350.34,,154.90,150.00,485.50,480.00,640.40,630.00,98.38,22.36,402.56,402.56,44.67,,,未采集,SRC-CITY-PANEL-1990-2023;SRC-OFFICIAL-DEBT-SICHUAN-CITIES-2022,A1,extracted,true,已从省级财政厅官方地级行政单元债务明细表提取；经济财政字段与债务字段的来源状态分开记录。
CN-510700,510700,绵阳市,51,四川省,地级市,core,2022,2022-12-31,prefecture_whole,official_debt,3627.00,5.01,,159.67,501.08,,309.00,293.90,561.00,557.00,870.00,850.80,97.79,23.46,532.85,532.85,31.87,,,未采集,SRC-CITY-PANEL-1990-2023;SRC-OFFICIAL-DEBT-SICHUAN-CITIES-2022,A1,extracted,true,已从省级财政厅官方地级行政单元债务明细表提取；经济财政字段与债务字段的来源状态分开记录。
CN-510800,510800,广元市,51,四川省,地级市,core,2022,2022-12-31,prefecture_whole,official_debt,1140.00,0.30,,61.35,302.76,,252.00,235.00,254.30,248.20,506.30,483.30,95.46,42.39,787.78,787.78,20.26,,,未采集,SRC-CITY-PANEL-1990-2023;SRC-OFFICIAL-DEBT-SICHUAN-CITIES-2022,A1,extracted,true,已从省级财政厅官方地级行政单元债务明细表提取；经济财政字段与债务字段的来源状态分开记录。
CN-510900,510900,遂宁市,51,四川省,地级市,core,2022,2022-12-31,prefecture_whole,official_debt,1614.00,4.20,,103.37,285.72,,209.60,199.50,411.60,407.10,621.20,606.70,97.67,37.59,586.92,586.92,36.18,,,未采集,SRC-CITY-PANEL-1990-2023;SRC-OFFICIAL-DEBT-SICHUAN-CITIES-2022,A1,extracted,true,已从省级财政厅官方地级行政单元债务明细表提取；经济财政字段与债务字段的来源状态分开记录。
CN-511000,511000,内江市,51,四川省,地级市,core,2022,2022-12-31,prefecture_whole,official_debt,1657.00,8.10,,76.01,258.57,,332.20,314.20,315.70,310.50,647.90,624.70,96.42,37.70,821.87,821.87,29.40,,,未采集,SRC-CITY-PANEL-1990-2023;SRC-OFFICIAL-DEBT-SICHUAN-CITIES-2022,A1,extracted,true,已从省级财政厅官方地级行政单元债务明细表提取；经济财政字段与债务字段的来源状态分开记录。
CN-511100,511100,乐山市,51,四川省,地级市,core,2022,2022-12-31,prefecture_whole,official_debt,2309.00,3.80,,147.99,315.12,,231.50,219.20,427.20,423.40,658.70,642.70,97.57,27.83,434.29,434.29,46.96,,,未采集,SRC-CITY-PANEL-1990-2023;SRC-OFFICIAL-DEBT-SICHUAN-CITIES-2022,A1,extracted,true,已从省级财政厅官方地级行政单元债务明细表提取；经济财政字段与债务字段的来源状态分开记录。
CN-511300,511300,南充市,51,四川省,地级市,core,2022,2022-12-31,prefecture_whole,official_debt,2685.00,1.30,,104.81,493.15,,378.20,359.80,637.30,626.90,1015.50,986.70,97.16,36.75,941.42,941.42,21.25,,,未采集,SRC-CITY-PANEL-1990-2023;SRC-OFFICIAL-DEBT-SICHUAN-CITIES-2022,A1,extracted,true,已从省级财政厅官方地级行政单元债务明细表提取；经济财政字段与债务字段的来源状态分开记录。
CN-511400,511400,眉山市,51,四川省,地级市,core,2022,2022-12-31,prefecture_whole,official_debt,1636.00,3.84,,156.17,310.71,,225.40,207.30,435.70,429.00,661.10,636.30,96.25,38.89,407.44,407.44,50.26,,,未采集,SRC-CITY-PANEL-1990-2023;SRC-OFFICIAL-DEBT-SICHUAN-CITIES-2022,A1,extracted,true,已从省级财政厅官方地级行政单元债务明细表提取；经济财政字段与债务字段的来源状态分开记录。
CN-511500,511500,宜宾市,51,四川省,地级市,core,2022,2022-12-31,prefecture_whole,official_debt,3428.00,4.55,,275.81,610.13,,300.20,291.40,619.20,612.30,919.40,903.70,98.29,26.36,327.65,327.65,45.21,,,未采集,SRC-CITY-PANEL-1990-2023;SRC-OFFICIAL-DEBT-SICHUAN-CITIES-2022,A1,extracted,true,已从省级财政厅官方地级行政单元债务明细表提取；经济财政字段与债务字段的来源状态分开记录。
CN-511600,511600,广安市,51,四川省,地级市,core,2022,2022-12-31,prefecture_whole,official_debt,1425.00,0.30,,95.32,324.02,,225.90,212.80,354.40,348.60,580.30,561.40,96.74,39.40,588.96,588.96,29.42,,,未采集,SRC-CITY-PANEL-1990-2023;SRC-OFFICIAL-DEBT-SICHUAN-CITIES-2022,A1,extracted,true,已从省级财政厅官方地级行政单元债务明细表提取；经济财政字段与债务字段的来源状态分开记录。
CN-511700,511700,达州市,51,四川省,地级市,core,2022,2022-12-31,prefecture_whole,official_debt,2503.00,3.50,,150.07,482.70,,394.50,373.90,503.40,496.80,897.90,870.70,96.97,34.79,580.20,580.20,31.09,,,未采集,SRC-CITY-PANEL-1990-2023;SRC-OFFICIAL-DEBT-SICHUAN-CITIES-2022,A1,extracted,true,已从省级财政厅官方地级行政单元债务明细表提取；经济财政字段与债务字段的来源状态分开记录。
CN-511800,511800,雅安市,51,四川省,地级市,core,2022,2022-12-31,prefecture_whole,official_debt,903.00,4.00,,65.57,185.20,,106.80,94.10,215.40,207.40,322.20,301.50,93.58,33.39,459.81,459.81,35.40,,,未采集,SRC-CITY-PANEL-1990-2023;SRC-OFFICIAL-DEBT-SICHUAN-CITIES-2022,A1,extracted,true,已从省级财政厅官方地级行政单元债务明细表提取；经济财政字段与债务字段的来源状态分开记录。
CN-511900,511900,巴中市,51,四川省,地级市,core,2022,2022-12-31,prefecture_whole,official_debt,765.00,1.30,,51.84,325.78,,384.60,378.80,357.10,350.10,741.70,728.90,98.27,95.28,1406.06,1406.06,15.91,,,未采集,SRC-CITY-PANEL-1990-2023;SRC-OFFICIAL-DEBT-SICHUAN-CITIES-2022,A1,extracted,true,已从省级财政厅官方地级行政单元债务明细表提取；经济财政字段与债务字段的来源状态分开记录。
CN-512000,512000,资阳市,51,四川省,地级市,core,2022,2022-12-31,prefecture_whole,official_debt,948.00,3.80,,60.99,251.52,,251.60,246.50,271.60,266.50,523.20,513.00,98.05,54.11,841.12,841.12,24.25,,,未采集,SRC-CITY-PANEL-1990-2023;SRC-OFFICIAL-DEBT-SICHUAN-CITIES-2022,A1,extracted,true,已从省级财政厅官方地级行政单元债务明细表提取；经济财政字段与债务字段的来源状态分开记录。
CN-513200,513200,阿坝藏族羌族自治州,51,四川省,自治州,extended,2022,2022-12-31,prefecture_whole,official_debt,,,,,,,97.60,73.70,61.50,61.10,159.10,134.80,84.73,,,,,,,未采集,SRC-OFFICIAL-DEBT-SICHUAN-CITIES-2022,A1,extracted,true,已从省级财政厅官方地级行政单元债务明细表提取；经济财政字段与债务字段的来源状态分开记录。
CN-513300,513300,甘孜藏族自治州,51,四川省,自治州,extended,2022,2022-12-31,prefecture_whole,official_debt,,,,,,,98.80,92.10,34.10,32.90,132.90,124.90,93.98,,,,,,,未采集,SRC-OFFICIAL-DEBT-SICHUAN-CITIES-2022,A1,extracted,true,已从省级财政厅官方地级行政单元债务明细表提取；经济财政字段与债务字段的来源状态分开记录。
CN-513400,513400,凉山彝族自治州,51,四川省,自治州,extended,2022,2022-12-31,prefecture_whole,official_debt,,,,,,,337.30,315.40,141.10,138.90,478.40,454.30,94.96,,,,,,,未采集,SRC-OFFICIAL-DEBT-SICHUAN-CITIES-2022,A1,extracted,true,已从省级财政厅官方地级行政单元债务明细表提取；经济财政字段与债务字段的来源状态分开记录。
CN-520100,520100,贵阳市,52,贵州省,地级市,core,2022,2022-12-31,prefecture_whole,official_debt,4921.00,2.00,,402.16,727.45,,429.81,404.82,2218.92,2198.22,2648.73,2603.04,98.28,52.90,647.26,647.26,55.28,,,未采集,SRC-CITY-PANEL-1990-2023;SRC-PROVINCE-DEBT-GUIZHOU-2022,A1,extracted,true,已从省级财政厅官方地级行政单元债务明细表提取；经济财政字段与债务字段的来源状态分开记录。
CN-520200,520200,六盘水市,52,贵州省,地级市,core,2022,2022-12-31,prefecture_whole,official_debt,1504.00,0.70,,96.09,326.50,,528.98,519.62,232.28,232.16,761.26,751.78,98.75,49.99,782.37,782.37,29.43,,,未采集,SRC-CITY-PANEL-1990-2023;SRC-PROVINCE-DEBT-GUIZHOU-2022,A1,extracted,true,已从省级财政厅官方地级行政单元债务明细表提取；经济财政字段与债务字段的来源状态分开记录。
CN-520300,520300,遵义市,52,贵州省,地级市,core,2022,2022-12-31,prefecture_whole,official_debt,4401.00,3.10,,276.12,717.08,,1166.77,1143.01,702.05,696.28,1868.82,1839.29,98.42,41.79,666.12,666.12,38.51,,,未采集,SRC-CITY-PANEL-1990-2023;SRC-PROVINCE-DEBT-GUIZHOU-2022,A1,extracted,true,已从省级财政厅官方地级行政单元债务明细表提取；经济财政字段与债务字段的来源状态分开记录。
CN-520400,520400,安顺市,52,贵州省,地级市,core,2022,2022-12-31,prefecture_whole,official_debt,1081.00,-1.70,,57.56,272.73,,347.77,338.38,295.21,291.78,642.98,630.16,98.01,58.29,1094.79,1094.79,21.11,,,未采集,SRC-CITY-PANEL-1990-2023;SRC-PROVINCE-DEBT-GUIZHOU-2022,A1,extracted,true,已从省级财政厅官方地级行政单元债务明细表提取；经济财政字段与债务字段的来源状态分开记录。
CN-520500,520500,毕节市,52,贵州省,地级市,core,2022,2022-12-31,prefecture_whole,official_debt,2207.00,0.20,,119.64,667.88,,760.26,741.77,412.02,410.22,1172.28,1151.99,98.27,52.20,962.88,962.88,17.91,,,未采集,SRC-CITY-PANEL-1990-2023;SRC-PROVINCE-DEBT-GUIZHOU-2022,A1,extracted,true,已从省级财政厅官方地级行政单元债务明细表提取；经济财政字段与债务字段的来源状态分开记录。
CN-520600,520600,铜仁市,52,贵州省,地级市,core,2022,2022-12-31,prefecture_whole,official_debt,1477.00,0.30,,62.98,446.28,,587.65,579.17,313.60,313.40,901.25,892.57,99.04,60.43,1417.23,1417.23,14.11,,,未采集,SRC-CITY-PANEL-1990-2023;SRC-PROVINCE-DEBT-GUIZHOU-2022,A1,extracted,true,已从省级财政厅官方地级行政单元债务明细表提取；经济财政字段与债务字段的来源状态分开记录。
CN-522300,522300,黔西南布依族苗族自治州,52,贵州省,自治州,extended,2022,2022-12-31,prefecture_whole,official_debt,,,,,,,424.76,420.18,308.11,304.94,732.87,725.12,98.94,,,,,,,未采集,SRC-PROVINCE-DEBT-GUIZHOU-2022,A1,extracted,true,已从省级财政厅官方地级行政单元债务明细表提取；经济财政字段与债务字段的来源状态分开记录。
CN-522600,522600,黔东南苗族侗族自治州,52,贵州省,自治州,extended,2022,2022-12-31,prefecture_whole,official_debt,,,,,,,379.74,362.08,384.37,377.95,764.11,740.03,96.85,,,,,,,未采集,SRC-PROVINCE-DEBT-GUIZHOU-2022,A1,extracted,true,已从省级财政厅官方地级行政单元债务明细表提取；经济财政字段与债务字段的来源状态分开记录。
CN-522700,522700,黔南布依族苗族自治州,52,贵州省,自治州,extended,2022,2022-12-31,prefecture_whole,official_debt,,,,,,,540.46,530.00,574.97,571.38,1115.43,1101.38,98.74,,,,,,,未采集,SRC-PROVINCE-DEBT-GUIZHOU-2022,A1,extracted,true,已从省级财政厅官方地级行政单元债务明细表提取；经济财政字段与债务字段的来源状态分开记录。
CN-530100,530100,昆明市,53,云南省,地级市,core,2022,2022-12-31,prefecture_whole,secondary_debt,7541.00,3.00,,505.25,863.32,,,,,,,2230.56,,29.58,441.48,441.48,58.52,,,未采集,SRC-CITY-PANEL-1990-2023;SRC-SECONDARY-DEBT-YUNNAN-KUNMING-2022,B2,needs_review,true,已接入评级报告或其他二手公开来源的债务补缺值；不等同于官方决算数据，必须回到财政/人大预算决算或官方债务表复核。
CN-530300,530300,曲靖市,53,云南省,地级市,core,2022,2022-12-31,prefecture_whole,secondary_debt,3802.00,8.10,,151.14,507.52,,,277.40,,496.16,,773.56,,20.35,511.82,511.82,29.78,,,未采集,SRC-CITY-PANEL-1990-2023;SRC-SECONDARY-DEBT-GCS66-YUNNAN-QUJING-2022,B2,needs_review,true,已接入评级报告或其他二手公开来源的债务补缺值；不等同于官方决算数据，必须回到财政/人大预算决算或官方债务表复核。
CN-530400,530400,玉溪市,53,云南省,地级市,core,2022,2022-12-31,prefecture_whole,official_debt,2521.00,4.30,,120.42,233.16,,,326.40,,339.32,,665.72,,26.41,552.83,552.83,51.65,,,未采集,SRC-CITY-PANEL-1990-2023;SRC-OFFICIAL-DEBT-YUNNAN-YUXI-2022,A2,extracted,true,已从省级财政厅官方地级行政单元债务明细表提取；经济财政字段与债务字段的来源状态分开记录。
CN-530500,530500,保山市,53,云南省,地级市,core,2022,2022-12-31,prefecture_whole,secondary_debt,1262.00,5.70,,54.62,232.32,,,,,,,449.83,,35.64,823.56,823.56,23.51,,,未采集,SRC-CITY-PANEL-1990-2023;SRC-SECONDARY-CEIC-CN-530500,D,needs_review,true,已接入商业数据库公开城市债务页的 provisional 补缺值；经济财政字段与债务字段来源状态分开记录，必须回到官方预算/决算或统计公报复核。
CN-530600,530600,昭通市,53,云南省,地级市,core,2022,2022-12-31,prefecture_whole,secondary_debt,1541.00,3.70,,74.30,536.24,,,,,,,858.76,,55.73,1155.80,1155.80,13.86,,,未采集,SRC-CITY-PANEL-1990-2023;SRC-SECONDARY-CEIC-CN-530600,D,needs_review,true,已接入商业数据库公开城市债务页的 provisional 补缺值；经济财政字段与债务字段来源状态分开记录，必须回到官方预算/决算或统计公报复核。
CN-530700,530700,丽江市,53,云南省,地级市,core,2022,2022-12-31,prefecture_whole,secondary_debt,620.00,6.10,,37.70,171.93,,,107.62,,212.15,,319.77,,51.58,848.20,848.20,21.93,,,未采集,SRC-CITY-PANEL-1990-2023;SRC-SECONDARY-DEBT-GCS66-YUNNAN-LIJIANG-2022,B2,needs_review,true,已接入评级报告或其他二手公开来源的债务补缺值；不等同于官方决算数据，必须回到财政/人大预算决算或官方债务表复核。
CN-530800,530800,普洱市,53,云南省,地级市,core,2022,2022-12-31,prefecture_whole,secondary_debt,1073.00,3.10,,46.28,308.72,,,,,,,451.50,,42.08,975.58,975.58,14.99,,,未采集,SRC-CITY-PANEL-1990-2023;SRC-SECONDARY-DEBT-YUNNAN-PUER-2022,B2,needs_review,true,已接入评级报告或其他二手公开来源的债务补缺值；不等同于官方决算数据，必须回到财政/人大预算决算或官方债务表复核。
CN-530900,530900,临沧市,53,云南省,地级市,core,2022,2022-12-31,prefecture_whole,secondary_debt,1000.00,4.70,,41.73,246.01,,,,,,,458.20,,45.82,1098.01,1098.01,16.96,,,未采集,SRC-CITY-PANEL-1990-2023;SRC-SECONDARY-DEBT-GCS66-YUNNAN-LINCANG-2022,B2,needs_review,true,已接入评级报告或其他二手公开来源的债务补缺值；不等同于官方决算数据，必须回到财政/人大预算决算或官方债务表复核。
CN-532300,532300,楚雄彝族自治州,53,云南省,自治州,extended,2022,2022-12-31,prefecture_whole,official_debt,,,,,,,,,,,,467.20,,,,,,,,未采集,SRC-OFFICIAL-DEBT-YUNNAN-CHUXIONG-2022,A2,extracted,true,已从省级财政厅官方地级行政单元债务明细表提取；经济财政字段与债务字段的来源状态分开记录。
CN-532500,532500,红河哈尼族彝族自治州,53,云南省,自治州,extended,2022,2022-12-31,prefecture_whole,secondary_debt,,,,,,,,218.75,,448.78,,667.53,,,,,,,,未采集,SRC-SECONDARY-DEBT-GCS66-YUNNAN-HONGHE-2022,B2,needs_review,true,已接入评级报告或其他二手公开来源的债务补缺值；不等同于官方决算数据，必须回到财政/人大预算决算或官方债务表复核。
CN-532600,532600,文山壮族苗族自治州,53,云南省,自治州,extended,2022,2022-12-31,prefecture_whole,secondary_debt,,,,,,,,,,,,560.24,,,,,,,,未采集,SRC-SECONDARY-DEBT-GCS66-YUNNAN-WENSHAN-2022,B2,needs_review,true,已接入评级报告或其他二手公开来源的债务补缺值；不等同于官方决算数据，必须回到财政/人大预算决算或官方债务表复核。
CN-532800,532800,西双版纳傣族自治州,53,云南省,自治州,extended,2022,2022-12-31,prefecture_whole,secondary_debt,,,,,,,,95.00,,204.00,,299.20,,,,,,,,未采集,SRC-SECONDARY-DEBT-YUNNAN-XISHUANGBANNA-2022,B2,needs_review,true,已接入评级报告或其他二手公开来源的债务补缺值；不等同于官方决算数据，必须回到财政/人大预算决算或官方债务表复核。
CN-532900,532900,大理白族自治州,53,云南省,自治州,extended,2022,2022-12-31,prefecture_whole,official_debt,,,,,,,,192.65,,450.45,,643.10,,,,,,,,未采集,SRC-OFFICIAL-DEBT-YUNNAN-DALI-2022,A1,extracted,true,已从省级财政厅官方地级行政单元债务明细表提取；经济财政字段与债务字段的来源状态分开记录。
CN-533100,533100,德宏傣族景颇族自治州,53,云南省,自治州,extended,2022,2022-12-31,prefecture_whole,secondary_debt,,,,,,,,96.32,,204.10,,300.42,,,,,,,,未采集,SRC-SECONDARY-DEBT-GCS66-YUNNAN-DEHONG-2022,B2,needs_review,true,已接入评级报告或其他二手公开来源的债务补缺值；不等同于官方决算数据，必须回到财政/人大预算决算或官方债务表复核。
CN-533300,533300,怒江傈僳族自治州,53,云南省,自治州,extended,2022,2022-12-31,prefecture_whole,secondary_debt,,,,,,,,,,,,121.76,,,,,,,,未采集,SRC-SECONDARY-DEBT-GCS66-YUNNAN-NUJIANG-2022,B2,needs_review,true,已接入评级报告或其他二手公开来源的债务补缺值；不等同于官方决算数据，必须回到财政/人大预算决算或官方债务表复核。
CN-533400,533400,迪庆藏族自治州,53,云南省,自治州,extended,2022,2022-12-31,prefecture_whole,secondary_debt,,,,,,,,88.65,,32.06,,120.71,,,,,,,,未采集,SRC-SECONDARY-DEBT-GCS66-YUNNAN-DIQING-2022,B2,needs_review,true,已接入评级报告或其他二手公开来源的债务补缺值；不等同于官方决算数据，必须回到财政/人大预算决算或官方债务表复核。
CN-540100,540100,拉萨市,54,西藏自治区,地级市,core,2022,2022-12-31,prefecture_whole,official_debt,748.00,0.20,,72.47,355.33,,,35.80,,56.14,,91.94,,12.29,126.87,126.87,20.40,,,未采集,SRC-CITY-PANEL-1990-2023;SRC-OFFICIAL-DEBT-TIBET-CITIES-2022,A1,extracted,true,已从省级财政厅官方地级行政单元债务明细表提取；经济财政字段与债务字段的来源状态分开记录。
CN-540200,540200,日喀则市,54,西藏自治区,地级市,core,2022,2022-12-31,prefecture_whole,official_debt,362.00,1.00,,13.14,348.82,,,57.65,,26.97,,84.62,,23.38,643.99,643.99,3.77,,,未采集,SRC-CITY-PANEL-1990-2023;SRC-OFFICIAL-DEBT-TIBET-CITIES-2022,A1,extracted,true,已从省级财政厅官方地级行政单元债务明细表提取；经济财政字段与债务字段的来源状态分开记录。
CN-540300,540300,昌都市,54,西藏自治区,地级市,core,2022,2022-12-31,prefecture_whole,official_debt,298.00,3.70,,21.23,303.51,,,67.06,,5.22,,72.28,,24.26,340.46,340.46,6.99,,,未采集,SRC-CITY-PANEL-1990-2023;SRC-OFFICIAL-DEBT-TIBET-CITIES-2022,A1,extracted,true,已从省级财政厅官方地级行政单元债务明细表提取；经济财政字段与债务字段的来源状态分开记录。
CN-540400,540400,林芝市,54,西藏自治区,地级市,core,2022,2022-12-31,prefecture_whole,official_debt,208.00,1.00,,12.70,140.73,,,16.45,,9.05,,25.50,,12.26,200.79,200.79,9.02,,,未采集,SRC-CITY-PANEL-1990-2023;SRC-OFFICIAL-DEBT-TIBET-CITIES-2022,A1,extracted,true,已从省级财政厅官方地级行政单元债务明细表提取；经济财政字段与债务字段的来源状态分开记录。
CN-540500,540500,山南市,54,西藏自治区,地级市,core,2022,2022-12-31,prefecture_whole,official_debt,243.00,1.70,,12.19,208.29,,,35.78,,33.05,,68.83,,28.33,564.64,564.64,5.85,,,未采集,SRC-CITY-PANEL-1990-2023;SRC-OFFICIAL-DEBT-TIBET-CITIES-2022,A1,extracted,true,已从省级财政厅官方地级行政单元债务明细表提取；经济财政字段与债务字段的来源状态分开记录。
CN-540600,540600,那曲市,54,西藏自治区,地级市,core,2022,2022-12-31,prefecture_whole,official_debt,193.00,0.90,,5.71,272.92,,,61.32,,41.02,,102.34,,53.03,1792.29,1792.29,2.09,,,未采集,SRC-CITY-PANEL-1990-2023;SRC-OFFICIAL-DEBT-TIBET-CITIES-2022,A1,extracted,true,已从省级财政厅官方地级行政单元债务明细表提取；经济财政字段与债务字段的来源状态分开记录。
CN-542500,542500,阿里地区,54,西藏自治区,地区,extended,2022,2022-12-31,prefecture_whole,official_debt,,,,,,,,25.21,,4.14,,29.35,,,,,,,,未采集,SRC-OFFICIAL-DEBT-TIBET-CITIES-2022,A1,extracted,true,已从省级财政厅官方地级行政单元债务明细表提取；经济财政字段与债务字段的来源状态分开记录。
CN-610100,610100,西安市,61,陕西省,地级市,core,2022,2022-12-31,prefecture_whole,secondary_debt,11487.00,4.40,,834.08,1569.81,,1174.83,1007.52,2725.14,2617.99,3899.97,3625.51,92.96,31.56,434.67,434.67,53.13,,,未采集,SRC-CITY-PANEL-1990-2023;SRC-SECONDARY-DEBT-SHAANXI-XIAN-2022,B2,needs_review,true,已接入评级报告或其他二手公开来源的债务补缺值；不等同于官方决算数据，必须回到财政/人大预算决算或官方债务表复核。
CN-610200,610200,铜川市,61,陕西省,地级市,core,2022,2022-12-31,prefecture_whole,secondary_debt,506.00,4.33,,22.24,133.71,,,,,,,221.41,,43.76,995.55,995.55,16.63,,,未采集,SRC-CITY-PANEL-1990-2023;SRC-SECONDARY-CEIC-CN-610200,D,needs_review,true,已接入商业数据库公开城市债务页的 provisional 补缺值；经济财政字段与债务字段来源状态分开记录，必须回到官方预算/决算或统计公报复核。
CN-610300,610300,宝鸡市,61,陕西省,地级市,core,2022,2022-12-31,prefecture_whole,official_debt,2743.00,2.80,,92.65,402.41,,,184.28,,185.20,,369.48,,13.47,398.79,398.79,23.02,,,未采集,SRC-CITY-PANEL-1990-2023;SRC-OFFICIAL-DEBT-SHAANXI-BAOJI-2022,A1,extracted,true,已从省级财政厅官方地级行政单元债务明细表提取；经济财政字段与债务字段的来源状态分开记录。
CN-610400,610400,咸阳市,61,陕西省,地级市,core,2022,2022-12-31,prefecture_whole,secondary_debt,2818.00,4.40,,115.58,492.76,,,171.31,,261.30,,432.61,,15.35,374.29,374.29,23.46,,,未采集,SRC-CITY-PANEL-1990-2023;SRC-SECONDARY-DEBT-SHAANXI-XIANYANG-2022,B2,needs_review,true,已接入评级报告或其他二手公开来源的债务补缺值；不等同于官方决算数据，必须回到财政/人大预算决算或官方债务表复核。
CN-610500,610500,渭南市,61,陕西省,地级市,core,2022,2022-12-31,prefecture_whole,secondary_debt,2201.00,4.00,,93.19,532.04,,,259.17,,294.28,,553.44,,25.14,593.88,593.88,17.52,,,未采集,SRC-CITY-PANEL-1990-2023;SRC-SECONDARY-DEBT-SHAANXI-WEINAN-2022,B2,needs_review,true,已接入评级报告或其他二手公开来源的债务补缺值；不等同于官方决算数据，必须回到财政/人大预算决算或官方债务表复核。
CN-610600,610600,延安市,61,陕西省,地级市,core,2022,2022-12-31,prefecture_whole,secondary_debt,2232.00,4.60,,180.45,477.37,,,314.57,,306.64,,621.21,,27.83,344.26,344.26,37.80,,,未采集,SRC-CITY-PANEL-1990-2023;SRC-SECONDARY-DEBT-SHAANXI-YANAN-2022,B2,needs_review,true,已接入评级报告或其他二手公开来源的债务补缺值；不等同于官方决算数据，必须回到财政/人大预算决算或官方债务表复核。
CN-610700,610700,汉中市,61,陕西省,地级市,core,2022,2022-12-31,prefecture_whole,official_debt,1905.00,4.30,,49.08,401.30,,,200.18,,231.20,,431.38,,22.64,878.93,878.93,12.23,,,未采集,SRC-CITY-PANEL-1990-2023;SRC-OFFICIAL-DEBT-SHAANXI-HANZHONG-2022,A1,extracted,true,已从省级财政厅官方地级行政单元债务明细表提取；经济财政字段与债务字段的来源状态分开记录。
CN-610800,610800,榆林市,61,陕西省,地级市,core,2022,2022-12-31,prefecture_whole,secondary_debt,6844.00,5.60,,926.81,1070.73,,,,,,,626.35,,9.15,67.58,67.58,86.56,,,未采集,SRC-CITY-PANEL-1990-2023;SRC-SECONDARY-CEIC-CN-610800,D,needs_review,true,已接入商业数据库公开城市债务页的 provisional 补缺值；经济财政字段与债务字段来源状态分开记录，必须回到官方预算/决算或统计公报复核。
CN-610900,610900,安康市,61,陕西省,地级市,core,2022,2022-12-31,prefecture_whole,secondary_debt,1269.00,2.00,,31.37,369.49,,,,,,,530.12,,41.77,1689.89,1689.89,8.49,,,未采集,SRC-CITY-PANEL-1990-2023;SRC-SECONDARY-CEIC-CN-610900,D,needs_review,true,已接入商业数据库公开城市债务页的 provisional 补缺值；经济财政字段与债务字段来源状态分开记录，必须回到官方预算/决算或统计公报复核。
CN-611000,611000,商洛市,61,陕西省,地级市,core,2022,2022-12-31,prefecture_whole,official_debt,903.00,3.30,,24.43,301.66,,,309.07,,95.90,,404.97,,44.85,1657.67,1657.67,8.10,,,未采集,SRC-CITY-PANEL-1990-2023;SRC-OFFICIAL-DEBT-SHAANXI-SHANGLUO-2022,A2,extracted,true,已从省级财政厅官方地级行政单元债务明细表提取；经济财政字段与债务字段的来源状态分开记录。
CN-620100,620100,兰州市,62,甘肃省,地级市,core,2022,2022-12-31,prefecture_whole,secondary_debt,3344.00,0.80,,220.98,498.80,,,,,,,996.60,,29.80,450.99,450.99,44.30,,,未采集,SRC-CITY-PANEL-1990-2023;SRC-SECONDARY-RATING-GANSU-2020-2022,B2,needs_review,true,已接入评级报告或其他二手公开来源的债务补缺值；不等同于官方决算数据，必须回到财政/人大预算决算或官方债务表复核。
CN-620200,620200,嘉峪关市,62,甘肃省,地级市,core,2022,2022-12-31,prefecture_whole,secondary_debt,363.00,4.80,,19.12,32.23,,,,,,,61.30,,16.89,320.61,320.61,59.32,,,未采集,SRC-CITY-PANEL-1990-2023;SRC-SECONDARY-RATING-GANSU-2020-2022,B2,needs_review,true,已接入评级报告或其他二手公开来源的债务补缺值；不等同于官方决算数据，必须回到财政/人大预算决算或官方债务表复核。
CN-620300,620300,金昌市,62,甘肃省,地级市,core,2022,2022-12-31,prefecture_whole,secondary_debt,523.00,13.50,,28.72,77.08,,,,,,,100.00,,19.12,348.19,348.19,37.26,,,未采集,SRC-CITY-PANEL-1990-2023;SRC-SECONDARY-RATING-GANSU-2020-2022,B2,needs_review,true,已接入评级报告或其他二手公开来源的债务补缺值；不等同于官方决算数据，必须回到财政/人大预算决算或官方债务表复核。
CN-620400,620400,白银市,62,甘肃省,地级市,core,2022,2022-12-31,prefecture_whole,secondary_debt,636.00,5.60,,32.53,213.88,,,,,,,267.70,,42.09,822.93,822.93,15.21,,,未采集,SRC-CITY-PANEL-1990-2023;SRC-SECONDARY-RATING-GANSU-2020-2022,B2,needs_review,true,已接入评级报告或其他二手公开来源的债务补缺值；不等同于官方决算数据，必须回到财政/人大预算决算或官方债务表复核。
CN-620500,620500,天水市,62,甘肃省,地级市,core,2022,2022-12-31,prefecture_whole,secondary_debt,814.00,5.30,,45.38,321.14,,,,,,,293.50,,36.06,646.76,646.76,14.13,,,未采集,SRC-CITY-PANEL-1990-2023;SRC-SECONDARY-RATING-GANSU-2020-2022,B2,needs_review,true,已接入评级报告或其他二手公开来源的债务补缺值；不等同于官方决算数据，必须回到财政/人大预算决算或官方债务表复核。
CN-620600,620600,武威市,62,甘肃省,地级市,core,2022,2022-12-31,prefecture_whole,secondary_debt,663.00,5.95,,27.80,237.12,,,,,,,319.40,,48.17,1148.92,1148.92,11.72,,,未采集,SRC-CITY-PANEL-1990-2023;SRC-SECONDARY-RATING-GANSU-2020-2022,B2,needs_review,true,已接入评级报告或其他二手公开来源的债务补缺值；不等同于官方决算数据，必须回到财政/人大预算决算或官方债务表复核。
CN-620700,620700,张掖市,62,甘肃省,地级市,core,2022,2022-12-31,prefecture_whole,secondary_debt,582.00,6.10,,31.29,194.75,,,,,,,267.70,,46.00,855.54,855.54,16.07,,,未采集,SRC-CITY-PANEL-1990-2023;SRC-SECONDARY-RATING-GANSU-2020-2022,B2,needs_review,true,已接入评级报告或其他二手公开来源的债务补缺值；不等同于官方决算数据，必须回到财政/人大预算决算或官方债务表复核。
CN-620800,620800,平凉市,62,甘肃省,地级市,core,2022,2022-12-31,prefecture_whole,secondary_debt,642.00,8.20,,40.97,260.25,,,,,,,241.90,,37.68,590.43,590.43,15.74,,,未采集,SRC-CITY-PANEL-1990-2023;SRC-SECONDARY-RATING-GANSU-2020-2022,B2,needs_review,true,已接入评级报告或其他二手公开来源的债务补缺值；不等同于官方决算数据，必须回到财政/人大预算决算或官方债务表复核。
CN-620900,620900,酒泉市,62,甘肃省,地级市,core,2022,2022-12-31,prefecture_whole,secondary_debt,841.00,6.10,,37.27,183.09,,,,,,,222.60,,26.47,597.26,597.26,20.36,,,未采集,SRC-CITY-PANEL-1990-2023;SRC-SECONDARY-RATING-GANSU-2020-2022,B2,needs_review,true,已接入评级报告或其他二手公开来源的债务补缺值；不等同于官方决算数据，必须回到财政/人大预算决算或官方债务表复核。
CN-621000,621000,庆阳市,62,甘肃省,地级市,core,2022,2022-12-31,prefecture_whole,secondary_debt,1022.00,4.37,,70.33,318.84,,,,,,,345.20,,33.78,490.83,490.83,22.06,,,未采集,SRC-CITY-PANEL-1990-2023;SRC-SECONDARY-RATING-GANSU-2020-2022,B2,needs_review,true,已接入评级报告或其他二手公开来源的债务补缺值；不等同于官方决算数据，必须回到财政/人大预算决算或官方债务表复核。
CN-621100,621100,定西市,62,甘肃省,地级市,core,2022,2022-12-31,prefecture_whole,secondary_debt,558.00,7.80,,30.92,313.00,,,,,,,287.10,,51.45,928.53,928.53,9.88,,,未采集,SRC-CITY-PANEL-1990-2023;SRC-SECONDARY-RATING-GANSU-2020-2022,B2,needs_review,true,已接入评级报告或其他二手公开来源的债务补缺值；不等同于官方决算数据，必须回到财政/人大预算决算或官方债务表复核。
CN-621200,621200,陇南市,62,甘肃省,地级市,core,2022,2022-12-31,prefecture_whole,secondary_debt,562.00,7.80,,27.76,318.42,,,,,,,254.80,,45.34,917.87,917.87,8.72,,,未采集,SRC-CITY-PANEL-1990-2023;SRC-SECONDARY-RATING-GANSU-2020-2022,B2,needs_review,true,已接入评级报告或其他二手公开来源的债务补缺值；不等同于官方决算数据，必须回到财政/人大预算决算或官方债务表复核。
CN-622900,622900,临夏回族自治州,62,甘肃省,自治州,extended,2022,2022-12-31,prefecture_whole,secondary_debt,,,,,,,,,,,,306.50,,,,,,,,未采集,SRC-SECONDARY-RATING-GANSU-2020-2022,B2,needs_review,true,已接入评级报告或其他二手公开来源的债务补缺值；不等同于官方决算数据，必须回到财政/人大预算决算或官方债务表复核。
CN-623000,623000,甘南藏族自治州,62,甘肃省,自治州,extended,2022,2022-12-31,prefecture_whole,secondary_debt,,,,,,,,,,,,203.20,,,,,,,,未采集,SRC-SECONDARY-RATING-GANSU-2020-2022,B2,needs_review,true,已接入评级报告或其他二手公开来源的债务补缺值；不等同于官方决算数据，必须回到财政/人大预算决算或官方债务表复核。
CN-630100,630100,西宁市,63,青海省,地级市,core,2022,2022-12-31,prefecture_whole,official_debt,1644.00,2.10,,131.72,339.04,,264.31,231.53,313.40,286.07,577.71,517.61,89.60,31.48,392.96,392.96,38.85,,,未采集,SRC-CITY-PANEL-1990-2023;SRC-PROVINCE-DEBT-QINGHAI-2022,A1,extracted,true,已从省级财政厅官方地级行政单元债务明细表提取；经济财政字段与债务字段的来源状态分开记录。
CN-630200,630200,海东市,63,青海省,地级市,core,2022,2022-12-31,prefecture_whole,official_debt,563.00,0.10,,20.28,224.03,,146.44,129.98,158.18,137.81,304.63,267.79,87.91,47.56,1320.46,1320.46,9.05,,,未采集,SRC-CITY-PANEL-1990-2023;SRC-PROVINCE-DEBT-QINGHAI-2022,A1,extracted,true,已从省级财政厅官方地级行政单元债务明细表提取；经济财政字段与债务字段的来源状态分开记录。
CN-632200,632200,海北藏族自治州,63,青海省,自治州,extended,2022,2022-12-31,prefecture_whole,official_debt,,,,,,,31.09,29.41,9.70,8.70,40.79,38.11,93.43,,,,,,,未采集,SRC-PROVINCE-DEBT-QINGHAI-2022,A1,extracted,true,已从省级财政厅官方地级行政单元债务明细表提取；经济财政字段与债务字段的来源状态分开记录。
CN-632300,632300,黄南藏族自治州,63,青海省,自治州,extended,2022,2022-12-31,prefecture_whole,official_debt,,,,,,,31.47,30.06,18.90,16.90,50.37,46.95,93.21,,,,,,,未采集,SRC-PROVINCE-DEBT-QINGHAI-2022,A1,extracted,true,已从省级财政厅官方地级行政单元债务明细表提取；经济财政字段与债务字段的来源状态分开记录。
CN-632500,632500,海南藏族自治州,63,青海省,自治州,extended,2022,2022-12-31,prefecture_whole,official_debt,,,,,,,40.62,37.45,12.37,9.14,52.99,46.59,87.92,,,,,,,未采集,SRC-CITY-PANEL-1990-2023;SRC-PROVINCE-DEBT-QINGHAI-2022,A1,extracted,true,已从省级财政厅官方地级行政单元债务明细表提取；经济财政字段与债务字段的来源状态分开记录。
CN-632600,632600,果洛藏族自治州,63,青海省,自治州,extended,2022,2022-12-31,prefecture_whole,official_debt,,,,,,,26.44,25.20,6.55,5.55,32.99,30.75,93.21,,,,,,,未采集,SRC-PROVINCE-DEBT-QINGHAI-2022,A1,extracted,true,已从省级财政厅官方地级行政单元债务明细表提取；经济财政字段与债务字段的来源状态分开记录。
CN-632700,632700,玉树藏族自治州,63,青海省,自治州,extended,2022,2022-12-31,prefecture_whole,official_debt,,,,,,,25.03,24.85,1.00,0.00,26.03,24.85,95.47,,,,,,,未采集,SRC-PROVINCE-DEBT-QINGHAI-2022,A1,extracted,true,已从省级财政厅官方地级行政单元债务明细表提取；经济财政字段与债务字段的来源状态分开记录。
CN-632800,632800,海西蒙古族藏族自治州,63,青海省,自治州,extended,2022,2022-12-31,prefecture_whole,official_debt,,,,,,,170.96,152.63,78.36,72.45,249.33,225.08,90.27,,,,,,,未采集,SRC-PROVINCE-DEBT-QINGHAI-2022,A1,extracted,true,已从省级财政厅官方地级行政单元债务明细表提取；经济财政字段与债务字段的来源状态分开记录。
CN-640100,640100,银川市,64,宁夏回族自治区,地级市,core,2022,2022-12-31,prefecture_whole,official_debt,2536.00,4.00,,168.86,356.55,,280.24,203.31,126.66,109.06,406.90,312.37,76.77,12.32,184.99,184.99,47.36,,,未采集,SRC-CITY-PANEL-1990-2023;SRC-PROVINCE-DEBT-NINGXIA-2022,A1,extracted,true,已从省级财政厅官方地级行政单元债务明细表提取；经济财政字段与债务字段的来源状态分开记录。
CN-640200,640200,石嘴山市,64,宁夏回族自治区,地级市,core,2022,2022-12-31,prefecture_whole,official_debt,693.00,3.60,,26.01,122.47,,88.38,76.40,12.96,9.34,101.34,85.75,84.62,12.37,329.68,329.68,21.24,,,未采集,SRC-CITY-PANEL-1990-2023;SRC-PROVINCE-DEBT-NINGXIA-2022,A1,extracted,true,已从省级财政厅官方地级行政单元债务明细表提取；经济财政字段与债务字段的来源状态分开记录。
CN-640300,640300,吴忠市,64,宁夏回族自治区,地级市,core,2022,2022-12-31,prefecture_whole,official_debt,867.00,4.10,,35.95,245.88,,84.00,74.30,31.79,27.26,115.78,101.56,87.72,11.71,282.50,282.50,14.62,,,未采集,SRC-CITY-PANEL-1990-2023;SRC-PROVINCE-DEBT-NINGXIA-2022,A1,extracted,true,已从省级财政厅官方地级行政单元债务明细表提取；经济财政字段与债务字段的来源状态分开记录。
CN-640400,640400,固原市,64,宁夏回族自治区,地级市,core,2022,2022-12-31,prefecture_whole,official_debt,410.00,4.60,,14.44,258.46,,78.34,73.50,18.84,13.06,97.18,86.56,89.07,21.11,599.45,599.45,5.59,,,未采集,SRC-CITY-PANEL-1990-2023;SRC-PROVINCE-DEBT-NINGXIA-2022,A1,extracted,true,已从省级财政厅官方地级行政单元债务明细表提取；经济财政字段与债务字段的来源状态分开记录。
CN-640500,640500,中卫市,64,宁夏回族自治区,地级市,core,2022,2022-12-31,prefecture_whole,official_debt,564.00,3.80,,21.86,195.55,,104.43,90.26,20.15,16.15,124.58,106.41,85.41,18.87,486.78,486.78,11.18,,,未采集,SRC-CITY-PANEL-1990-2023;SRC-PROVINCE-DEBT-NINGXIA-2022,A1,extracted,true,已从省级财政厅官方地级行政单元债务明细表提取；经济财政字段与债务字段的来源状态分开记录。
CN-650100,650100,乌鲁木齐市,65,新疆维吾尔自治区,地级市,core,2022,2022-12-31,prefecture_whole,official_debt,3893.00,0.30,,314.82,455.77,,489.06,431.87,1042.23,968.88,1531.30,1400.75,91.47,35.98,444.94,444.94,69.07,,,未采集,SRC-CITY-PANEL-1990-2023;SRC-PROVINCE-DEBT-XINJIANG-2022,A1,extracted,true,已从省级财政厅官方地级行政单元债务明细表提取；经济财政字段与债务字段的来源状态分开记录。
CN-650200,650200,克拉玛依市,65,新疆维吾尔自治区,地级市,core,2022,2022-12-31,prefecture_whole,official_debt,1188.00,4.70,,102.30,125.18,,188.28,158.99,99.50,99.50,287.78,258.49,89.82,21.76,252.68,252.68,81.72,,,未采集,SRC-CITY-PANEL-1990-2023;SRC-PROVINCE-DEBT-XINJIANG-2022,A1,extracted,true,已从省级财政厅官方地级行政单元债务明细表提取；经济财政字段与债务字段的来源状态分开记录。
CN-650400,650400,吐鲁番市,65,新疆维吾尔自治区,地级市,core,2022,2022-12-31,prefecture_whole,official_debt,527.00,7.38,,58.92,118.67,,93.79,78.79,128.25,125.91,222.04,204.70,92.19,38.84,347.42,347.42,49.65,,,未采集,SRC-CITY-PANEL-1990-2023;SRC-PROVINCE-DEBT-XINJIANG-2022,A1,extracted,true,已从省级财政厅官方地级行政单元债务明细表提取；经济财政字段与债务字段的来源状态分开记录。
CN-650500,650500,哈密市,65,新疆维吾尔自治区,地级市,core,2022,2022-12-31,prefecture_whole,official_debt,869.00,7.10,,93.89,169.46,,167.21,130.38,151.42,151.42,318.62,281.80,88.44,32.43,300.14,300.14,55.41,,,未采集,SRC-CITY-PANEL-1990-2023;SRC-PROVINCE-DEBT-XINJIANG-2022,A1,extracted,true,已从省级财政厅官方地级行政单元债务明细表提取；经济财政字段与债务字段的来源状态分开记录。
CN-652300,652300,昌吉回族自治州,65,新疆维吾尔自治区,自治州,extended,2022,2022-12-31,prefecture_whole,official_debt,,,,,,,272.77,232.30,328.50,316.16,601.27,548.46,91.22,,,,,,,未采集,SRC-PROVINCE-DEBT-XINJIANG-2022,A1,extracted,true,已从省级财政厅官方地级行政单元债务明细表提取；经济财政字段与债务字段的来源状态分开记录。
CN-652700,652700,博尔塔拉蒙古自治州,65,新疆维吾尔自治区,自治州,extended,2022,2022-12-31,prefecture_whole,official_debt,,,,,,,136.16,120.55,153.51,153.50,289.67,274.05,94.61,,,,,,,未采集,SRC-PROVINCE-DEBT-XINJIANG-2022,A1,extracted,true,已从省级财政厅官方地级行政单元债务明细表提取；经济财政字段与债务字段的来源状态分开记录。
CN-652800,652800,巴音郭楞蒙古自治州,65,新疆维吾尔自治区,自治州,extended,2022,2022-12-31,prefecture_whole,official_debt,,,,,,,227.79,204.88,340.24,329.14,568.02,534.02,94.01,,,,,,,未采集,SRC-PROVINCE-DEBT-XINJIANG-2022,A1,extracted,true,已从省级财政厅官方地级行政单元债务明细表提取；经济财政字段与债务字段的来源状态分开记录。
CN-652900,652900,阿克苏地区,65,新疆维吾尔自治区,地区,extended,2022,2022-12-31,prefecture_whole,official_debt,,,,,,,268.82,239.59,310.89,307.22,579.71,546.81,94.32,,,,,,,未采集,SRC-PROVINCE-DEBT-XINJIANG-2022,A1,extracted,true,已从省级财政厅官方地级行政单元债务明细表提取；经济财政字段与债务字段的来源状态分开记录。
CN-653000,653000,克孜勒苏柯尔克孜自治州,65,新疆维吾尔自治区,自治州,extended,2022,2022-12-31,prefecture_whole,official_debt,,,,,,,141.04,135.35,86.30,86.30,227.34,221.65,97.50,,,,,,,未采集,SRC-PROVINCE-DEBT-XINJIANG-2022,A1,extracted,true,已从省级财政厅官方地级行政单元债务明细表提取；经济财政字段与债务字段的来源状态分开记录。
CN-653100,653100,喀什地区,65,新疆维吾尔自治区,地区,extended,2022,2022-12-31,prefecture_whole,official_debt,,,,,,,304.62,280.55,324.98,321.62,629.59,602.17,95.64,,,,,,,未采集,SRC-PROVINCE-DEBT-XINJIANG-2022,A1,extracted,true,已从省级财政厅官方地级行政单元债务明细表提取；经济财政字段与债务字段的来源状态分开记录。
CN-653200,653200,和田地区,65,新疆维吾尔自治区,地区,extended,2022,2022-12-31,prefecture_whole,official_debt,,,,,,,273.36,260.85,196.05,196.05,469.41,456.90,97.33,,,,,,,未采集,SRC-PROVINCE-DEBT-XINJIANG-2022,A1,extracted,true,已从省级财政厅官方地级行政单元债务明细表提取；经济财政字段与债务字段的来源状态分开记录。
CN-654000,654000,伊犁哈萨克自治州,65,新疆维吾尔自治区,自治州,extended,2022,2022-12-31,prefecture_whole,official_debt,,,,,,,285.44,258.63,410.54,404.25,695.97,662.88,95.25,,,,,,,未采集,SRC-PROVINCE-DEBT-XINJIANG-2022,A1,extracted,true,已从省级财政厅官方地级行政单元债务明细表提取；经济财政字段与债务字段的来源状态分开记录。
CN-654200,654200,塔城地区,65,新疆维吾尔自治区,地区,extended,2022,2022-12-31,prefecture_whole,official_debt,,,,,,,186.19,153.35,185.30,185.30,371.49,338.65,91.16,,,,,,,未采集,SRC-PROVINCE-DEBT-XINJIANG-2022,A1,extracted,true,已从省级财政厅官方地级行政单元债务明细表提取；经济财政字段与债务字段的来源状态分开记录。
CN-654300,654300,阿勒泰地区,65,新疆维吾尔自治区,地区,extended,2022,2022-12-31,prefecture_whole,official_debt,,,,,,,176.52,161.79,167.32,167.32,343.84,329.11,95.72,,,,,,,未采集,SRC-PROVINCE-DEBT-XINJIANG-2022,A1,extracted,true,已从省级财政厅官方地级行政单元债务明细表提取；经济财政字段与债务字段的来源状态分开记录。
CN-659000,659000,自治区直辖县级行政区划,65,新疆维吾尔自治区,地级市,core,2022,2022-12-31,prefecture_whole,official_debt,,,,,,,,543.53,,589.16,,1132.69,,,,,,,,未采集,SRC-OFFICIAL-DEBT-XINJIANG-BINGTUAN-2022,A1,extracted,true,已从省级财政厅官方地级行政单元债务明细表提取；经济财政字段与债务字段的来源状态分开记录。
CN-110000,110000,北京市,11,北京市,直辖市,separate,2023,2023-12-31,prefecture_whole,official_debt,43761.00,5.20,,6181.10,7971.63,,3022.20,2459.82,9857.10,8916.26,12879.30,11376.08,88.33,26.00,184.05,184.05,77.54,,,未采集,SRC-CITY-PANEL-1990-2023;SRC-CITY-DEBT-BEIJING-2023,A1,extracted,true,已从省级财政厅官方地级行政单元债务明细表提取；经济财政字段与债务字段的来源状态分开记录。
CN-120000,120000,天津市,12,天津市,直辖市,separate,2023,2023-12-31,prefecture_whole,official_debt,16737.00,4.27,,2027.51,3280.42,,3157.83,2931.35,8488.30,8186.24,11646.13,11117.59,95.46,66.43,548.34,548.34,61.81,,,未采集,SRC-CITY-PANEL-1990-2023;SRC-PROVINCE-DEBT-TIANJIN-2023,A1,extracted,true,已从省级财政厅官方地级行政单元债务明细表提取；经济财政字段与债务字段的来源状态分开记录。
CN-130100,130100,石家庄市,13,河北省,地级市,core,2023,2023-12-31,prefecture_whole,secondary_debt,7534.00,6.10,,737.89,1274.83,,,,,,,2307.86,,30.63,312.76,312.76,57.88,,,未采集,SRC-CITY-PANEL-1990-2023;SRC-SECONDARY-DEBT-HEBEI-2023-RATING-TOTALS,B2,needs_review,true,已接入评级报告或其他二手公开来源的债务补缺值；不等同于官方决算数据，必须回到财政/人大预算决算或官方债务表复核。
CN-130200,130200,唐山市,13,河北省,地级市,core,2023,2023-12-31,prefecture_whole,secondary_debt,9133.00,5.85,,581.43,1001.53,,,,,,,2607.48,,28.55,448.46,448.46,58.05,,,未采集,SRC-CITY-PANEL-1990-2023;SRC-SECONDARY-DEBT-HEBEI-2023-RATING-TOTALS,B2,needs_review,true,已接入评级报告或其他二手公开来源的债务补缺值；不等同于官方决算数据，必须回到财政/人大预算决算或官方债务表复核。
CN-130300,130300,秦皇岛市,13,河北省,地级市,core,2023,2023-12-31,prefecture_whole,secondary_debt,2001.00,5.60,,172.53,378.15,,,,,,,746.49,,37.31,432.67,432.67,45.62,,,未采集,SRC-CITY-PANEL-1990-2023;SRC-SECONDARY-DEBT-HEBEI-QINHUANGDAO-2023,B2,needs_review,true,已接入评级报告或其他二手公开来源的债务补缺值；不等同于官方决算数据，必须回到财政/人大预算决算或官方债务表复核。
CN-130400,130400,邯郸市,13,河北省,地级市,core,2023,2023-12-31,prefecture_whole,secondary_debt,4382.00,5.65,,376.03,871.65,,,,,,,1381.14,,31.52,367.30,367.30,43.14,,,未采集,SRC-CITY-PANEL-1990-2023;SRC-SECONDARY-DEBT-HEBEI-HANDAN-2023,B2,needs_review,true,已接入评级报告或其他二手公开来源的债务补缺值；不等同于官方决算数据，必须回到财政/人大预算决算或官方债务表复核。
CN-130500,130500,邢台市,13,河北省,地级市,core,2023,2023-12-31,prefecture_whole,secondary_debt,2586.00,4.10,,214.42,641.74,,,302.81,,800.82,,1103.63,,42.68,514.70,514.70,33.41,,,未采集,SRC-CITY-PANEL-1990-2023;SRC-SECONDARY-DEBT-HEBEI-XINGTAI-2023,B2,needs_review,true,已接入评级报告或其他二手公开来源的债务补缺值；不等同于官方决算数据，必须回到财政/人大预算决算或官方债务表复核。
CN-130600,130600,保定市,13,河北省,地级市,core,2023,2023-12-31,prefecture_whole,secondary_debt,4825.00,6.18,,369.98,1420.62,,,,,,,1749.34,,36.26,472.82,472.82,26.04,,,未采集,SRC-CITY-PANEL-1990-2023;SRC-SECONDARY-DEBT-HEBEI-2023-RATING-TOTALS,B2,needs_review,true,已接入评级报告或其他二手公开来源的债务补缺值；不等同于官方决算数据，必须回到财政/人大预算决算或官方债务表复核。
CN-130700,130700,张家口市,13,河北省,地级市,core,2023,2023-12-31,prefecture_whole,secondary_debt,1843.00,5.05,,180.37,694.00,,,501.60,,832.28,,1333.88,,72.38,739.52,739.52,25.99,,,未采集,SRC-CITY-PANEL-1990-2023;SRC-SECONDARY-DEBT-HEBEI-ZHANGJIAKOU-2023,B2,needs_review,true,已接入评级报告或其他二手公开来源的债务补缺值；不等同于官方决算数据，必须回到财政/人大预算决算或官方债务表复核。
CN-130800,130800,承德市,13,河北省,地级市,core,2023,2023-12-31,prefecture_whole,official_debt,1852.00,5.55,,133.96,469.61,,,429.81,,333.26,,763.08,,41.20,569.63,569.63,28.53,,,未采集,SRC-CITY-PANEL-1990-2023;SRC-OFFICIAL-DEBT-HEBEI-CHENGDE-2023,A2,extracted,true,已从省级财政厅官方地级行政单元债务明细表提取；经济财政字段与债务字段的来源状态分开记录。
CN-130900,130900,沧州市,13,河北省,地级市,core,2023,2023-12-31,prefecture_whole,secondary_debt,4440.00,5.75,,342.73,730.91,,,,,,,1006.35,,22.67,293.63,293.63,46.89,,,未采集,SRC-CITY-PANEL-1990-2023;SRC-SECONDARY-DEBT-HEBEI-CANGZHOU-2023,B2,needs_review,true,已接入评级报告或其他二手公开来源的债务补缺值；不等同于官方决算数据，必须回到财政/人大预算决算或官方债务表复核。
CN-131000,131000,廊坊市,13,河北省,地级市,core,2023,2023-12-31,prefecture_whole,preliminary,3608.00,3.80,,320.22,595.46,,,,,,,1116.90,,30.96,348.79,348.79,53.78,,,未采集,SRC-CITY-PANEL-1990-2023;SRC-OFFICIAL-DEBT-HEBEI-LANGFANG-2023,A2,extracted,true,已从省级财政厅官方地级行政单元债务明细表提取；经济财政字段与债务字段的来源状态分开记录。
CN-131100,131100,衡水市,13,河北省,地级市,core,2023,2023-12-31,prefecture_whole,secondary_debt,1888.00,5.60,,151.77,440.34,,,,,,,651.79,,34.52,429.46,429.46,34.47,,,未采集,SRC-CITY-PANEL-1990-2023;SRC-SECONDARY-DEBT-HEBEI-2023-RATING-TOTALS,B2,needs_review,true,已接入评级报告或其他二手公开来源的债务补缺值；不等同于官方决算数据，必须回到财政/人大预算决算或官方债务表复核。
CN-140100,140100,太原市,14,山西省,地级市,core,2023,2023-12-31,prefecture_whole,secondary_debt,5574.00,3.80,,449.24,777.26,,,,,,,1167.48,,20.95,259.88,259.88,57.80,,,未采集,SRC-CITY-PANEL-1990-2023;SRC-SECONDARY-DEBT-SHANXI-2023-RATING-TOTALS,B2,needs_review,true,已接入评级报告或其他二手公开来源的债务补缺值；不等同于官方决算数据，必须回到财政/人大预算决算或官方债务表复核。
CN-140200,140200,大同市,14,山西省,地级市,core,2023,2023-12-31,prefecture_whole,official_debt,1872.00,5.10,,194.05,464.60,,305.81,305.81,254.48,254.48,560.29,560.29,100.00,29.93,288.73,288.73,41.77,,,未采集,SRC-CITY-PANEL-1990-2023;SRC-OFFICIAL-DEBT-SHANXI-DATONG-2023,A2,extracted,true,已从省级财政厅官方地级行政单元债务明细表提取；经济财政字段与债务字段的来源状态分开记录。
CN-140300,140300,阳泉市,14,山西省,地级市,core,2023,2023-12-31,prefecture_whole,official_debt,1003.00,3.20,,83.07,168.21,,,,,,,313.70,,31.28,377.63,377.63,49.38,,,未采集,SRC-CITY-PANEL-1990-2023;SRC-OFFICIAL-DEBT-SHANXI-YANGQUAN-2023,A2,extracted,true,已从省级财政厅官方地级行政单元债务明细表提取；经济财政字段与债务字段的来源状态分开记录。
CN-140400,140400,长治市,14,山西省,地级市,core,2023,2023-12-31,prefecture_whole,official_debt,2806.00,5.60,,315.08,572.62,,,190.09,,233.75,,423.84,,15.10,134.52,134.52,55.02,,,未采集,SRC-CITY-PANEL-1990-2023;SRC-OFFICIAL-DEBT-SHANXI-CHANGZHI-2023,A1,extracted,true,已从省级财政厅官方地级行政单元债务明细表提取；经济财政字段与债务字段的来源状态分开记录。
CN-140500,140500,晋城市,14,山西省,地级市,core,2023,2023-12-31,prefecture_whole,official_debt,2333.00,7.00,,277.19,431.24,,,118.03,,232.64,,350.67,,15.03,126.51,126.51,64.28,,,未采集,SRC-CITY-PANEL-1990-2023;SRC-OFFICIAL-DEBT-SHANXI-JINCHENG-2023,A1,extracted,true,已从省级财政厅官方地级行政单元债务明细表提取；经济财政字段与债务字段的来源状态分开记录。
CN-140600,140600,朔州市,14,山西省,地级市,core,2023,2023-12-31,prefecture_whole,secondary_debt,1539.00,4.70,,150.31,292.47,,,,,,,273.71,,17.78,182.10,182.10,51.39,,,未采集,SRC-CITY-PANEL-1990-2023;SRC-SECONDARY-DEBT-SHANXI-2023-RATING-TOTALS,B2,needs_review,true,已接入评级报告或其他二手公开来源的债务补缺值；不等同于官方决算数据，必须回到财政/人大预算决算或官方债务表复核。
CN-140700,140700,晋中市,14,山西省,地级市,core,2023,2023-12-31,prefecture_whole,secondary_debt,2091.00,4.00,,194.57,439.50,,,,,,,545.12,,26.07,280.17,280.17,44.27,,,未采集,SRC-CITY-PANEL-1990-2023;SRC-SECONDARY-DEBT-SHANXI-2023-RATING-TOTALS,B2,needs_review,true,已接入评级报告或其他二手公开来源的债务补缺值；不等同于官方决算数据，必须回到财政/人大预算决算或官方债务表复核。
CN-140800,140800,运城市,14,山西省,地级市,core,2023,2023-12-31,prefecture_whole,secondary_debt,2330.00,5.60,,124.64,519.17,,,173.10,,248.45,,421.55,,18.09,338.21,338.21,24.01,,,未采集,SRC-CITY-PANEL-1990-2023;SRC-SECONDARY-DEBT-SHANXI-YUNCHENG-2023,B2,needs_review,true,已接入评级报告或其他二手公开来源的债务补缺值；不等同于官方决算数据，必须回到财政/人大预算决算或官方债务表复核。
CN-140900,140900,忻州市,14,山西省,地级市,core,2023,2023-12-31,prefecture_whole,secondary_debt,1444.00,3.00,,147.67,455.75,,,,,,,420.00,,29.09,284.42,284.42,32.40,,,未采集,SRC-CITY-PANEL-1990-2023;SRC-SECONDARY-RATING-SHANXI-2022-2023-CITY-CHART,B2,needs_review,true,已接入评级报告或其他二手公开来源的债务补缺值；不等同于官方决算数据，必须回到财政/人大预算决算或官方债务表复核。
CN-141000,141000,临汾市,14,山西省,地级市,core,2023,2023-12-31,prefecture_whole,secondary_debt,2312.00,7.60,,198.89,544.11,,,,,,,553.02,,23.92,278.05,278.05,36.55,,,未采集,SRC-CITY-PANEL-1990-2023;SRC-SECONDARY-DEBT-SHANXI-2023-RATING-TOTALS,B2,needs_review,true,已接入评级报告或其他二手公开来源的债务补缺值；不等同于官方决算数据，必须回到财政/人大预算决算或官方债务表复核。
CN-141100,141100,吕梁市,14,山西省,地级市,core,2023,2023-12-31,prefecture_whole,official_debt,2366.00,4.30,,331.60,622.98,,,,,,,500.28,,21.14,150.87,150.87,53.23,,,未采集,SRC-CITY-PANEL-1990-2023;SRC-OFFICIAL-DEBT-SHANXI-LVLIANG-2023,A2,extracted,true,已从省级财政厅官方地级行政单元债务明细表提取；经济财政字段与债务字段的来源状态分开记录。
CN-150100,150100,呼和浩特市,15,内蒙古自治区,地级市,core,2023,2023-12-31,prefecture_whole,secondary_debt,3802.00,10.00,,238.06,592.97,,,,,,,1430.12,,37.61,600.74,600.74,40.15,,,未采集,SRC-CITY-PANEL-1990-2023;SRC-SECONDARY-CEIC-CN-150100,D,needs_review,true,已接入商业数据库公开城市债务页的 provisional 补缺值；经济财政字段与债务字段来源状态分开记录，必须回到官方预算/决算或统计公报复核。
CN-150200,150200,包头市,15,内蒙古自治区,地级市,core,2023,2023-12-31,prefecture_whole,secondary_debt,4264.00,10.18,,200.55,475.00,,,,,,,1280.45,,30.03,638.47,638.47,42.22,,,未采集,SRC-CITY-PANEL-1990-2023;SRC-SECONDARY-DEBT-INNER-MONGOLIA-BAOTOU-ALXA-2023,B2,needs_review,true,已接入评级报告或其他二手公开来源的债务补缺值；不等同于官方决算数据，必须回到财政/人大预算决算或官方债务表复核。
CN-150300,150300,乌海市,15,内蒙古自治区,地级市,core,2023,2023-12-31,prefecture_whole,official_debt,713.00,0.10,,85.70,171.93,,203.00,201.69,89.00,87.44,292.00,289.13,99.02,40.55,337.37,337.37,49.85,,,未采集,SRC-CITY-PANEL-1990-2023;SRC-OFFICIAL-DEBT-INNER-MONGOLIA-WUHAI-2023,A2,extracted,true,已从省级财政厅官方地级行政单元债务明细表提取；经济财政字段与债务字段的来源状态分开记录。
CN-150400,150400,赤峰市,15,内蒙古自治区,地级市,core,2023,2023-12-31,prefecture_whole,secondary_debt,2198.00,4.81,,121.33,678.26,,,,,,,756.93,,34.44,623.86,623.86,17.89,,,未采集,SRC-CITY-PANEL-1990-2023;SRC-SECONDARY-CEIC-CN-150400,D,needs_review,true,已接入商业数据库公开城市债务页的 provisional 补缺值；经济财政字段与债务字段来源状态分开记录，必须回到官方预算/决算或统计公报复核。
CN-150500,150500,通辽市,15,内蒙古自治区,地级市,core,2023,2023-12-31,prefecture_whole,official_debt,1609.00,5.20,,100.26,511.30,,548.00,546.83,189.00,187.15,737.00,733.99,99.59,45.62,732.09,732.09,19.61,,,未采集,SRC-CITY-PANEL-1990-2023;SRC-OFFICIAL-DEBT-INNER-MONGOLIA-TONGLIAO-2023,A2,extracted,true,已从省级财政厅官方地级行政单元债务明细表提取；经济财政字段与债务字段的来源状态分开记录。
CN-150600,150600,鄂尔多斯市,15,内蒙古自治区,地级市,core,2023,2023-12-31,prefecture_whole,secondary_debt,5850.00,7.00,,909.99,1119.50,,,1586.40,,283.70,,1870.10,,31.97,205.51,205.51,81.29,,,未采集,SRC-CITY-PANEL-1990-2023;SRC-SECONDARY-DEBT-INNER-MONGOLIA-ORDOS-2023,B2,needs_review,true,已接入评级报告或其他二手公开来源的债务补缺值；不等同于官方决算数据，必须回到财政/人大预算决算或官方债务表复核。
CN-150700,150700,呼伦贝尔市,15,内蒙古自治区,地级市,core,2023,2023-12-31,prefecture_whole,secondary_debt,1596.00,6.10,,110.63,576.32,,,,,,,720.32,,45.13,651.11,651.11,19.20,,,未采集,SRC-CITY-PANEL-1990-2023;SRC-SECONDARY-CEIC-CN-150700,D,needs_review,true,已接入商业数据库公开城市债务页的 provisional 补缺值；经济财政字段与债务字段来源状态分开记录，必须回到官方预算/决算或统计公报复核。
CN-150800,150800,巴彦淖尔市,15,内蒙古自治区,地级市,core,2023,2023-12-31,prefecture_whole,secondary_debt,1161.00,7.95,,80.15,364.73,,,,,,,608.70,,52.43,759.45,759.45,21.98,,,未采集,SRC-CITY-PANEL-1990-2023;SRC-SECONDARY-CEIC-CN-150800,D,needs_review,true,已接入商业数据库公开城市债务页的 provisional 补缺值；经济财政字段与债务字段来源状态分开记录，必须回到官方预算/决算或统计公报复核。
CN-150900,150900,乌兰察布市,15,内蒙古自治区,地级市,core,2023,2023-12-31,prefecture_whole,official_debt,1085.00,7.80,,67.92,415.83,,649.00,647.33,288.00,286.25,937.00,933.58,99.64,86.04,1374.53,1374.53,16.33,,,未采集,SRC-CITY-PANEL-1990-2023;SRC-OFFICIAL-DEBT-INNER-MONGOLIA-ULANQAB-2023-GENERAL,A2,extracted,true,已从省级财政厅官方地级行政单元债务明细表提取；经济财政字段与债务字段的来源状态分开记录。
CN-152200,152200,兴安盟,15,内蒙古自治区,盟,extended,2023,2023-12-31,prefecture_whole,official_debt,,,,,,,290.00,288.54,146.00,144.95,436.00,433.49,99.42,,,,,,,未采集,SRC-OFFICIAL-DEBT-INNER-MONGOLIA-XINGAN-2023,A2,extracted,true,已从省级财政厅官方地级行政单元债务明细表提取；经济财政字段与债务字段的来源状态分开记录。
CN-152500,152500,锡林郭勒盟,15,内蒙古自治区,盟,extended,2023,2023-12-31,prefecture_whole,secondary_debt,,,,,,,,,,,,553.70,,,,,,,,未采集,SRC-SECONDARY-RATING-INNER-MONGOLIA-2024-CITY-CHART,B2,needs_review,true,已接入评级报告或其他二手公开来源的债务补缺值；不等同于官方决算数据，必须回到财政/人大预算决算或官方债务表复核。
CN-152900,152900,阿拉善盟,15,内蒙古自治区,盟,extended,2023,2023-12-31,prefecture_whole,secondary_debt,,,,,,,,,,,,306.58,,,,,,,,未采集,SRC-SECONDARY-DEBT-INNER-MONGOLIA-BAOTOU-ALXA-2023,B2,needs_review,true,已接入评级报告或其他二手公开来源的债务补缺值；不等同于官方决算数据，必须回到财政/人大预算决算或官方债务表复核。
CN-210100,210100,沈阳市,21,辽宁省,地级市,core,2023,2023-12-31,prefecture_whole,official_debt,8122.00,6.10,,800.85,1084.06,,,1091.88,,1183.37,,2275.25,,28.01,284.10,284.10,73.88,,,未采集,SRC-CITY-PANEL-1990-2023;SRC-OFFICIAL-DEBT-LIAONING-CITIES-2023,A2,extracted,true,已从省级财政厅官方地级行政单元债务明细表提取；经济财政字段与债务字段的来源状态分开记录。
CN-210200,210200,大连市,21,辽宁省,地级市,core,2023,2023-12-31,prefecture_whole,official_debt,8753.00,5.95,,750.24,1013.50,,,1659.18,,1238.45,,2897.63,,33.10,386.23,386.23,74.02,,,未采集,SRC-CITY-PANEL-1990-2023;SRC-CELMA-API-DEBT-2102-2023,A2,extracted,true,已从省级财政厅官方地级行政单元债务明细表提取；经济财政字段与债务字段的来源状态分开记录。
CN-210300,210300,鞍山市,21,辽宁省,地级市,core,2023,2023-12-31,prefecture_whole,official_debt,2012.00,5.70,,160.38,310.46,,,533.69,,439.74,,973.42,,48.38,606.95,606.95,51.66,,,未采集,SRC-CITY-PANEL-1990-2023;SRC-OFFICIAL-DEBT-LIAONING-CITIES-2023,A2,extracted,true,已从省级财政厅官方地级行政单元债务明细表提取；经济财政字段与债务字段的来源状态分开记录。
CN-210400,210400,抚顺市,21,辽宁省,地级市,core,2023,2023-12-31,prefecture_whole,official_debt,949.00,4.40,,66.93,177.96,,,354.35,,89.65,,444.00,,46.79,663.38,663.38,37.61,,,未采集,SRC-CITY-PANEL-1990-2023;SRC-OFFICIAL-DEBT-LIAONING-CITIES-2023,A2,extracted,true,已从省级财政厅官方地级行政单元债务明细表提取；经济财政字段与债务字段的来源状态分开记录。
CN-210500,210500,本溪市,21,辽宁省,地级市,core,2023,2023-12-31,prefecture_whole,official_debt,971.00,5.75,,80.07,172.13,,,244.42,,147.14,,391.56,,40.33,489.02,489.02,46.52,,,未采集,SRC-CITY-PANEL-1990-2023;SRC-OFFICIAL-DEBT-LIAONING-CITIES-2023,A2,extracted,true,已从省级财政厅官方地级行政单元债务明细表提取；经济财政字段与债务字段的来源状态分开记录。
CN-210600,210600,丹东市,21,辽宁省,地级市,core,2023,2023-12-31,prefecture_whole,official_debt,945.00,6.05,,74.67,239.51,,,305.03,,94.32,,399.35,,42.26,534.82,534.82,31.18,,,未采集,SRC-CITY-PANEL-1990-2023;SRC-OFFICIAL-DEBT-LIAONING-CITIES-2023,A2,extracted,true,已从省级财政厅官方地级行政单元债务明细表提取；经济财政字段与债务字段的来源状态分开记录。
CN-210700,210700,锦州市,21,辽宁省,地级市,core,2023,2023-12-31,prefecture_whole,official_debt,1253.00,5.40,,114.29,278.92,,,442.52,,134.88,,577.40,,46.08,505.21,505.21,40.98,,,未采集,SRC-CITY-PANEL-1990-2023;SRC-OFFICIAL-DEBT-LIAONING-CITIES-2023,A2,extracted,true,已从省级财政厅官方地级行政单元债务明细表提取；经济财政字段与债务字段的来源状态分开记录。
CN-210800,210800,营口市,21,辽宁省,地级市,core,2023,2023-12-31,prefecture_whole,official_debt,1479.00,5.30,,137.09,251.13,,,939.46,,262.63,,1202.09,,81.28,876.86,876.86,54.59,,,未采集,SRC-CITY-PANEL-1990-2023;SRC-OFFICIAL-DEBT-LIAONING-CITIES-2023,A2,extracted,true,已从省级财政厅官方地级行政单元债务明细表提取；经济财政字段与债务字段的来源状态分开记录。
CN-210900,210900,阜新市,21,辽宁省,地级市,core,2023,2023-12-31,prefecture_whole,official_debt,602.00,4.60,,47.42,173.60,,,154.48,,98.87,,253.35,,42.08,534.27,534.27,27.32,,,未采集,SRC-CITY-PANEL-1990-2023;SRC-OFFICIAL-DEBT-LIAONING-CITIES-2023,A2,extracted,true,已从省级财政厅官方地级行政单元债务明细表提取；经济财政字段与债务字段的来源状态分开记录。
CN-211000,211000,辽阳市,21,辽宁省,地级市,core,2023,2023-12-31,prefecture_whole,official_debt,878.00,1.60,,79.82,212.95,,,279.94,,148.66,,428.60,,48.82,536.96,536.96,37.48,,,未采集,SRC-CITY-PANEL-1990-2023;SRC-OFFICIAL-DEBT-LIAONING-CITIES-2023,A2,extracted,true,已从省级财政厅官方地级行政单元债务明细表提取；经济财政字段与债务字段的来源状态分开记录。
CN-211100,211100,盘锦市,21,辽宁省,地级市,core,2023,2023-12-31,prefecture_whole,official_debt,1382.00,1.65,,129.64,210.10,,,816.13,,256.25,,1072.38,,77.60,827.20,827.20,61.70,,,未采集,SRC-CITY-PANEL-1990-2023;SRC-OFFICIAL-DEBT-LIAONING-CITIES-2023,A2,extracted,true,已从省级财政厅官方地级行政单元债务明细表提取；经济财政字段与债务字段的来源状态分开记录。
CN-211200,211200,铁岭市,21,辽宁省,地级市,core,2023,2023-12-31,prefecture_whole,official_debt,765.00,5.35,,51.61,238.23,,,206.92,,186.83,,393.75,,51.47,762.93,762.93,21.66,,,未采集,SRC-CITY-PANEL-1990-2023;SRC-OFFICIAL-DEBT-LIAONING-CITIES-2023,A2,extracted,true,已从省级财政厅官方地级行政单元债务明细表提取；经济财政字段与债务字段的来源状态分开记录。
CN-211300,211300,朝阳市,21,辽宁省,地级市,core,2023,2023-12-31,prefecture_whole,official_debt,1044.00,5.30,,82.67,318.31,,,160.71,,179.99,,340.70,,32.63,412.12,412.12,25.97,,,未采集,SRC-CITY-PANEL-1990-2023;SRC-OFFICIAL-DEBT-LIAONING-CITIES-2023,A2,extracted,true,已从省级财政厅官方地级行政单元债务明细表提取；经济财政字段与债务字段的来源状态分开记录。
CN-211400,211400,葫芦岛市,21,辽宁省,地级市,core,2023,2023-12-31,prefecture_whole,official_debt,912.00,6.00,,68.21,233.55,,,401.40,,144.97,,546.37,,59.91,801.01,801.01,29.21,,,未采集,SRC-CITY-PANEL-1990-2023;SRC-OFFICIAL-DEBT-LIAONING-CITIES-2023,A2,extracted,true,已从省级财政厅官方地级行政单元债务明细表提取；经济财政字段与债务字段的来源状态分开记录。
CN-220100,220100,长春市,22,吉林省,地级市,core,2023,2023-12-31,prefecture_whole,official_debt,7002.00,6.56,,576.52,1074.97,,943.95,932.59,1935.27,1930.64,2879.21,2863.23,99.44,40.89,496.64,496.64,53.63,,,未采集,SRC-CITY-PANEL-1990-2023;SRC-PROVINCE-DEBT-JILIN-2023,A1,extracted,true,已从省级财政厅官方地级行政单元债务明细表提取；经济财政字段与债务字段的来源状态分开记录。
CN-220200,220200,吉林市,22,吉林省,地级市,core,2023,2023-12-31,prefecture_whole,official_debt,1584.00,6.70,,85.29,411.11,,503.43,501.56,478.12,476.58,981.54,978.14,99.65,61.75,1146.84,1146.84,20.75,,,未采集,SRC-CITY-PANEL-1990-2023;SRC-PROVINCE-DEBT-JILIN-2023,A1,extracted,true,已从省级财政厅官方地级行政单元债务明细表提取；经济财政字段与债务字段的来源状态分开记录。
CN-220300,220300,四平市,22,吉林省,地级市,core,2023,2023-12-31,prefecture_whole,official_debt,589.00,5.90,,40.32,240.79,,101.14,100.39,63.91,63.90,165.05,164.28,99.53,27.89,407.44,407.44,16.74,,,未采集,SRC-CITY-PANEL-1990-2023;SRC-PROVINCE-DEBT-JILIN-2023,A1,extracted,true,已从省级财政厅官方地级行政单元债务明细表提取；经济财政字段与债务字段的来源状态分开记录。
CN-220400,220400,辽源市,22,吉林省,地级市,core,2023,2023-12-31,prefecture_whole,official_debt,517.00,5.70,,19.42,135.19,,99.32,99.17,124.39,124.37,223.70,223.54,99.93,43.24,1151.08,1151.08,14.36,,,未采集,SRC-CITY-PANEL-1990-2023;SRC-PROVINCE-DEBT-JILIN-2023,A1,extracted,true,已从省级财政厅官方地级行政单元债务明细表提取；经济财政字段与债务字段的来源状态分开记录。
CN-220500,220500,通化市,22,吉林省,地级市,core,2023,2023-12-31,prefecture_whole,official_debt,614.00,5.59,,38.82,201.56,,95.69,95.18,143.12,143.11,238.81,238.29,99.78,38.81,613.83,613.83,19.26,,,未采集,SRC-CITY-PANEL-1990-2023;SRC-PROVINCE-DEBT-JILIN-2023,A1,extracted,true,已从省级财政厅官方地级行政单元债务明细表提取；经济财政字段与债务字段的来源状态分开记录。
CN-220600,220600,白山市,22,吉林省,地级市,core,2023,2023-12-31,prefecture_whole,official_debt,553.00,5.30,,28.48,176.76,,121.08,120.89,69.41,69.41,190.49,190.30,99.90,34.41,668.19,668.19,16.11,,,未采集,SRC-CITY-PANEL-1990-2023;SRC-PROVINCE-DEBT-JILIN-2023,A1,extracted,true,已从省级财政厅官方地级行政单元债务明细表提取；经济财政字段与债务字段的来源状态分开记录。
CN-220700,220700,松原市,22,吉林省,地级市,core,2023,2023-12-31,prefecture_whole,official_debt,893.00,5.90,,46.11,310.93,,128.51,128.30,134.58,133.54,263.08,261.84,99.53,29.32,567.86,567.86,14.83,,,未采集,SRC-CITY-PANEL-1990-2023;SRC-PROVINCE-DEBT-JILIN-2023,A1,extracted,true,已从省级财政厅官方地级行政单元债务明细表提取；经济财政字段与债务字段的来源状态分开记录。
CN-220800,220800,白城市,22,吉林省,地级市,core,2023,2023-12-31,prefecture_whole,official_debt,593.00,6.00,,28.57,289.35,,101.51,100.92,50.52,50.37,152.03,151.30,99.52,25.51,529.58,529.58,9.87,,,未采集,SRC-CITY-PANEL-1990-2023;SRC-PROVINCE-DEBT-JILIN-2023,A1,extracted,true,已从省级财政厅官方地级行政单元债务明细表提取；经济财政字段与债务字段的来源状态分开记录。
CN-222400,222400,延边朝鲜族自治州,22,吉林省,自治州,extended,2023,2023-12-31,prefecture_whole,official_debt,,,,,,,377.90,376.32,373.64,373.06,751.55,749.38,99.71,,,,,,,未采集,SRC-PROVINCE-DEBT-JILIN-2023,A1,extracted,true,已从省级财政厅官方地级行政单元债务明细表提取；经济财政字段与债务字段的来源状态分开记录。
CN-230100,230100,哈尔滨市,23,黑龙江省,地级市,core,2023,2023-12-31,prefecture_whole,official_debt,5576.00,3.10,,313.07,1080.70,,1794.82,1791.86,1469.71,1461.42,3264.53,3253.28,99.66,58.34,1039.15,1039.15,28.97,,,未采集,SRC-CITY-PANEL-1990-2023;SRC-PROVINCE-DEBT-HEILONGJIANG-2023,A1,extracted,true,已从省级财政厅官方地级行政单元债务明细表提取；经济财政字段与债务字段的来源状态分开记录。
CN-230200,230200,齐齐哈尔市,23,黑龙江省,地级市,core,2023,2023-12-31,prefecture_whole,official_debt,1328.00,1.60,,112.17,605.90,,377.67,377.41,163.47,163.38,541.14,540.79,99.94,40.72,482.12,482.12,18.51,,,未采集,SRC-CITY-PANEL-1990-2023;SRC-PROVINCE-DEBT-HEILONGJIANG-2023,A1,extracted,true,已从省级财政厅官方地级行政单元债务明细表提取；经济财政字段与债务字段的来源状态分开记录。
CN-230300,230300,鸡西市,23,黑龙江省,地级市,core,2023,2023-12-31,prefecture_whole,official_debt,656.00,1.30,,49.66,237.65,,182.72,182.26,82.10,82.04,264.82,264.30,99.80,40.29,532.22,532.22,20.90,,,未采集,SRC-CITY-PANEL-1990-2023;SRC-PROVINCE-DEBT-HEILONGJIANG-2023,A1,extracted,true,已从省级财政厅官方地级行政单元债务明细表提取；经济财政字段与债务字段的来源状态分开记录。
CN-230400,230400,鹤岗市,23,黑龙江省,地级市,core,2023,2023-12-31,prefecture_whole,official_debt,384.00,2.20,,32.22,136.90,,149.00,148.89,68.58,68.39,217.58,217.28,99.86,56.58,674.36,674.36,23.54,,,未采集,SRC-CITY-PANEL-1990-2023;SRC-PROVINCE-DEBT-HEILONGJIANG-2023,A1,extracted,true,已从省级财政厅官方地级行政单元债务明细表提取；经济财政字段与债务字段的来源状态分开记录。
CN-230500,230500,双鸭山市,23,黑龙江省,地级市,core,2023,2023-12-31,prefecture_whole,official_debt,541.00,2.20,,43.46,198.43,,238.03,237.80,142.95,142.90,380.99,380.71,99.93,70.37,876.00,876.00,21.90,,,未采集,SRC-CITY-PANEL-1990-2023;SRC-PROVINCE-DEBT-HEILONGJIANG-2023,A1,extracted,true,已从省级财政厅官方地级行政单元债务明细表提取；经济财政字段与债务字段的来源状态分开记录。
CN-230600,230600,大庆市,23,黑龙江省,地级市,core,2023,2023-12-31,prefecture_whole,official_debt,2862.00,1.75,,170.08,368.95,,252.87,252.39,251.47,251.06,504.35,503.44,99.82,17.59,296.00,296.00,46.10,,,未采集,SRC-CITY-PANEL-1990-2023;SRC-PROVINCE-DEBT-HEILONGJIANG-2023,A1,extracted,true,已从省级财政厅官方地级行政单元债务明细表提取；经济财政字段与债务字段的来源状态分开记录。
CN-230700,230700,伊春市,23,黑龙江省,地级市,core,2023,2023-12-31,prefecture_whole,official_debt,358.00,3.67,,28.35,225.65,,185.87,185.58,43.58,40.52,229.45,226.10,98.54,63.16,797.53,797.53,12.56,,,未采集,SRC-CITY-PANEL-1990-2023;SRC-PROVINCE-DEBT-HEILONGJIANG-2023,A1,extracted,true,已从省级财政厅官方地级行政单元债务明细表提取；经济财政字段与债务字段的来源状态分开记录。
CN-230800,230800,佳木斯市,23,黑龙江省,地级市,core,2023,2023-12-31,prefecture_whole,official_debt,909.00,3.30,,77.13,370.08,,357.69,357.43,149.69,149.60,507.37,507.03,99.93,55.78,657.37,657.37,20.84,,,未采集,SRC-CITY-PANEL-1990-2023;SRC-PROVINCE-DEBT-HEILONGJIANG-2023,A1,extracted,true,已从省级财政厅官方地级行政单元债务明细表提取；经济财政字段与债务字段的来源状态分开记录。
CN-230900,230900,七台河市,23,黑龙江省,地级市,core,2023,2023-12-31,prefecture_whole,official_debt,263.00,3.40,,34.32,103.57,,148.55,148.52,85.29,85.24,233.84,233.76,99.97,88.88,681.12,681.12,33.14,,,未采集,SRC-CITY-PANEL-1990-2023;SRC-PROVINCE-DEBT-HEILONGJIANG-2023,A1,extracted,true,已从省级财政厅官方地级行政单元债务明细表提取；经济财政字段与债务字段的来源状态分开记录。
CN-231000,231000,牡丹江市,23,黑龙江省,地级市,core,2023,2023-12-31,prefecture_whole,official_debt,953.00,4.23,,88.29,351.86,,417.23,416.93,160.44,159.25,577.67,576.18,99.74,60.46,652.60,652.60,25.09,,,未采集,SRC-CITY-PANEL-1990-2023;SRC-PROVINCE-DEBT-HEILONGJIANG-2023,A1,extracted,true,已从省级财政厅官方地级行政单元债务明细表提取；经济财政字段与债务字段的来源状态分开记录。
CN-231100,231100,黑河市,23,黑龙江省,地级市,core,2023,2023-12-31,prefecture_whole,official_debt,661.00,4.00,,52.46,290.68,,140.73,140.56,87.88,87.82,228.61,228.38,99.90,34.55,435.34,435.34,18.05,,,未采集,SRC-CITY-PANEL-1990-2023;SRC-PROVINCE-DEBT-HEILONGJIANG-2023,A1,extracted,true,已从省级财政厅官方地级行政单元债务明细表提取；经济财政字段与债务字段的来源状态分开记录。
CN-231200,231200,绥化市,23,黑龙江省,地级市,core,2023,2023-12-31,prefecture_whole,official_debt,1235.00,3.00,,95.13,513.38,,390.51,390.01,162.69,161.31,553.20,551.32,99.66,44.64,579.54,579.54,18.53,,,未采集,SRC-CITY-PANEL-1990-2023;SRC-PROVINCE-DEBT-HEILONGJIANG-2023,A1,extracted,true,已从省级财政厅官方地级行政单元债务明细表提取；经济财政字段与债务字段的来源状态分开记录。
CN-232700,232700,大兴安岭地区,23,黑龙江省,地区,extended,2023,2023-12-31,prefecture_whole,official_debt,,,,,,,36.28,35.85,10.57,10.34,46.85,46.19,98.59,,,,,,,未采集,SRC-PROVINCE-DEBT-HEILONGJIANG-2023,A1,extracted,true,已从省级财政厅官方地级行政单元债务明细表提取；经济财政字段与债务字段的来源状态分开记录。
CN-310000,310000,上海市,31,上海市,直辖市,separate,2023,2023-12-31,prefecture_whole,official_debt,47219.00,5.00,,8312.50,9638.51,,4101.20,3675.50,5805.00,5156.80,9906.20,8832.30,89.16,18.70,106.25,106.25,86.24,,,未采集,SRC-CITY-PANEL-1990-2023;SRC-CITY-DEBT-SHANGHAI-2023,A1,extracted,true,已从省级财政厅官方地级行政单元债务明细表提取；经济财政字段与债务字段的来源状态分开记录。
CN-320100,320100,南京市,32,江苏省,地级市,core,2023,2023-12-31,prefecture_whole,official_debt,17421.00,4.55,,1619.98,1838.70,1254.30,1155.07,1117.58,2103.03,1952.45,3258.10,3070.03,94.23,17.62,189.51,189.51,88.10,43.64,77.43,省级财政厅官方分地区表（全市口径）,SRC-CITY-PANEL-1990-2023;SRC-PROVINCE-DEBT-JIANGSU-2023;SRC-PROVINCE-FUND-JIANGSU-2023,A1,extracted,true,已从省级财政厅官方地级行政单元债务明细表提取；经济财政字段与债务字段的来源状态分开记录。；已接入江苏省2023年财政厅分地区政府性基金预算收入执行表；经济财政其他字段仍按各自来源状态记录。
CN-320200,320200,无锡市,32,江苏省,地级市,core,2023,2023-12-31,prefecture_whole,official_debt,15456.00,6.00,,1195.42,1390.19,1075.83,569.22,564.68,1618.14,1606.69,2187.36,2171.37,99.27,14.05,181.64,181.64,85.99,47.37,90.00,省级财政厅官方分地区表（全市口径）,SRC-CITY-PANEL-1990-2023;SRC-PROVINCE-DEBT-JIANGSU-2023;SRC-PROVINCE-FUND-JIANGSU-2023,A1,extracted,true,已从省级财政厅官方地级行政单元债务明细表提取；经济财政字段与债务字段的来源状态分开记录。；已接入江苏省2023年财政厅分地区政府性基金预算收入执行表；经济财政其他字段仍按各自来源状态记录。
CN-320300,320300,徐州市,32,江苏省,地级市,core,2023,2023-12-31,prefecture_whole,official_debt,8900.00,7.10,,545.96,1056.90,697.82,363.81,351.06,1323.72,1283.72,1687.53,1634.78,96.87,18.37,299.43,299.43,51.66,56.10,127.82,省级财政厅官方分地区表（全市口径）,SRC-CITY-PANEL-1990-2023;SRC-PROVINCE-DEBT-JIANGSU-2023;SRC-PROVINCE-FUND-JIANGSU-2023,A1,extracted,true,已从省级财政厅官方地级行政单元债务明细表提取；经济财政字段与债务字段的来源状态分开记录。；已接入江苏省2023年财政厅分地区政府性基金预算收入执行表；经济财政其他字段仍按各自来源状态记录。
CN-320400,320400,常州市,32,江苏省,地级市,core,2023,2023-12-31,prefecture_whole,official_debt,10116.00,6.80,,680.30,854.77,1396.20,420.29,414.86,1502.60,1484.89,1922.89,1899.74,98.80,18.78,279.25,279.25,79.59,67.24,205.23,省级财政厅官方分地区表（全市口径）,SRC-CITY-PANEL-1990-2023;SRC-PROVINCE-DEBT-JIANGSU-2023;SRC-PROVINCE-FUND-JIANGSU-2023,A1,extracted,true,已从省级财政厅官方地级行政单元债务明细表提取；经济财政字段与债务字段的来源状态分开记录。；已接入江苏省2023年财政厅分地区政府性基金预算收入执行表；经济财政其他字段仍按各自来源状态记录。
CN-320500,320500,苏州市,32,江苏省,地级市,core,2023,2023-12-31,prefecture_whole,official_debt,24653.00,4.10,,2456.81,2621.28,1401.17,745.67,712.34,1456.37,1333.78,2202.04,2046.12,92.92,8.30,83.28,83.28,93.73,36.32,57.03,省级财政厅官方分地区表（全市口径）,SRC-CITY-PANEL-1990-2023;SRC-PROVINCE-DEBT-JIANGSU-2023;SRC-PROVINCE-FUND-JIANGSU-2023,A1,extracted,true,已从省级财政厅官方地级行政单元债务明细表提取；经济财政字段与债务字段的来源状态分开记录。；已接入江苏省2023年财政厅分地区政府性基金预算收入执行表；经济财政其他字段仍按各自来源状态记录。
CN-320600,320600,南通市,32,江苏省,地级市,core,2023,2023-12-31,prefecture_whole,official_debt,11813.00,5.80,,680.16,1180.93,982.91,852.46,840.24,1344.06,1289.71,2196.52,2129.94,96.97,18.03,313.15,313.15,57.60,59.10,144.51,省级财政厅官方分地区表（全市口径）,SRC-CITY-PANEL-1990-2023;SRC-PROVINCE-DEBT-JIANGSU-2023;SRC-PROVINCE-FUND-JIANGSU-2023,A1,extracted,true,已从省级财政厅官方地级行政单元债务明细表提取；经济财政字段与债务字段的来源状态分开记录。；已接入江苏省2023年财政厅分地区政府性基金预算收入执行表；经济财政其他字段仍按各自来源状态记录。
CN-320700,320700,连云港市,32,江苏省,地级市,core,2023,2023-12-31,prefecture_whole,official_debt,4364.00,10.20,,256.02,574.70,330.39,251.85,245.75,497.62,487.24,749.47,732.99,97.80,16.80,286.30,286.30,44.55,56.34,129.05,省级财政厅官方分地区表（全市口径）,SRC-CITY-PANEL-1990-2023;SRC-PROVINCE-DEBT-JIANGSU-2023;SRC-PROVINCE-FUND-JIANGSU-2023,A1,extracted,true,已从省级财政厅官方地级行政单元债务明细表提取；经济财政字段与债务字段的来源状态分开记录。；已接入江苏省2023年财政厅分地区政府性基金预算收入执行表；经济财政其他字段仍按各自来源状态记录。
CN-320800,320800,淮安市,32,江苏省,地级市,core,2023,2023-12-31,prefecture_whole,official_debt,5015.00,7.80,,316.61,717.35,435.92,405.42,395.06,466.55,437.59,871.97,832.65,95.49,16.60,262.99,262.99,44.14,57.93,137.68,省级财政厅官方分地区表（全市口径）,SRC-CITY-PANEL-1990-2023;SRC-PROVINCE-DEBT-JIANGSU-2023;SRC-PROVINCE-FUND-JIANGSU-2023,A1,extracted,true,已从省级财政厅官方地级行政单元债务明细表提取；经济财政字段与债务字段的来源状态分开记录。；已接入江苏省2023年财政厅分地区政府性基金预算收入执行表；经济财政其他字段仍按各自来源状态记录。
CN-320900,320900,盐城市,32,江苏省,地级市,core,2023,2023-12-31,prefecture_whole,official_debt,7404.00,5.90,,482.73,1228.23,810.19,706.96,696.69,1023.90,958.18,1730.86,1654.87,95.61,22.35,342.81,342.81,39.30,62.66,167.84,省级财政厅官方分地区表（全市口径）,SRC-CITY-PANEL-1990-2023;SRC-PROVINCE-DEBT-JIANGSU-2023;SRC-PROVINCE-FUND-JIANGSU-2023,A1,extracted,true,已从省级财政厅官方地级行政单元债务明细表提取；经济财政字段与债务字段的来源状态分开记录。；已接入江苏省2023年财政厅分地区政府性基金预算收入执行表；经济财政其他字段仍按各自来源状态记录。
CN-321000,321000,扬州市,32,江苏省,地级市,core,2023,2023-12-31,prefecture_whole,official_debt,7423.00,6.00,,347.57,711.24,651.63,441.89,436.37,811.50,780.44,1253.39,1216.80,97.08,16.39,350.09,350.09,48.87,65.22,187.48,省级财政厅官方分地区表（全市口径）,SRC-CITY-PANEL-1990-2023;SRC-PROVINCE-DEBT-JIANGSU-2023;SRC-PROVINCE-FUND-JIANGSU-2023,A1,extracted,true,已从省级财政厅官方地级行政单元债务明细表提取；经济财政字段与债务字段的来源状态分开记录。；已接入江苏省2023年财政厅分地区政府性基金预算收入执行表；经济财政其他字段仍按各自来源状态记录。
CN-321100,321100,镇江市,32,江苏省,地级市,core,2023,2023-12-31,prefecture_whole,official_debt,5264.00,6.30,,320.71,533.95,406.68,559.89,558.85,1900.96,1900.23,2460.85,2459.08,99.93,46.72,766.76,766.76,60.06,55.91,126.81,省级财政厅官方分地区表（全市口径）,SRC-CITY-PANEL-1990-2023;SRC-PROVINCE-DEBT-JIANGSU-2023;SRC-PROVINCE-FUND-JIANGSU-2023,A1,extracted,true,已从省级财政厅官方地级行政单元债务明细表提取；经济财政字段与债务字段的来源状态分开记录。；已接入江苏省2023年财政厅分地区政府性基金预算收入执行表；经济财政其他字段仍按各自来源状态记录。
CN-321200,321200,泰州市,32,江苏省,地级市,core,2023,2023-12-31,prefecture_whole,official_debt,6732.00,6.80,,439.70,697.42,493.01,479.68,468.03,622.46,602.69,1102.14,1070.72,97.15,15.90,243.51,243.51,63.05,52.86,112.12,省级财政厅官方分地区表（全市口径）,SRC-CITY-PANEL-1990-2023;SRC-PROVINCE-DEBT-JIANGSU-2023;SRC-PROVINCE-FUND-JIANGSU-2023,A1,extracted,true,已从省级财政厅官方地级行政单元债务明细表提取；经济财政字段与债务字段的来源状态分开记录。；已接入江苏省2023年财政厅分地区政府性基金预算收入执行表；经济财政其他字段仍按各自来源状态记录。
CN-321300,321300,宿迁市,32,江苏省,地级市,core,2023,2023-12-31,prefecture_whole,official_debt,4398.00,7.80,,302.00,641.84,309.20,385.39,381.42,591.86,587.43,977.25,968.85,99.14,22.03,320.81,320.81,47.05,50.59,102.38,省级财政厅官方分地区表（全市口径）,SRC-CITY-PANEL-1990-2023;SRC-PROVINCE-DEBT-JIANGSU-2023;SRC-PROVINCE-FUND-JIANGSU-2023,A1,extracted,true,已从省级财政厅官方地级行政单元债务明细表提取；经济财政字段与债务字段的来源状态分开记录。；已接入江苏省2023年财政厅分地区政府性基金预算收入执行表；经济财政其他字段仍按各自来源状态记录。
CN-330100,330100,杭州市,33,浙江省,地级市,core,2023,2023-12-31,prefecture_whole,official_debt,20059.00,5.55,,2616.81,2636.23,,1286.30,1285.99,2581.17,2581.10,3867.47,3867.09,99.99,19.28,147.78,147.78,99.26,,,未采集,SRC-CITY-PANEL-1990-2023;SRC-PROVINCE-DEBT-ZHEJIANG-GENERAL-2023,A1,extracted,true,已从省级财政厅官方地级行政单元债务明细表提取；经济财政字段与债务字段的来源状态分开记录。
CN-330200,330200,宁波市,33,浙江省,地级市,core,2023,2023-12-31,prefecture_whole,official_debt,16453.00,5.50,,1785.86,2235.09,,1287.47,1282.64,2010.88,1966.27,3298.35,3248.90,98.50,19.75,181.92,181.92,79.90,,,未采集,SRC-CITY-PANEL-1990-2023;SRC-CELMA-API-DEBT-3302-2023,A2,extracted,true,已从省级财政厅官方地级行政单元债务明细表提取；经济财政字段与债务字段的来源状态分开记录。
CN-330300,330300,温州市,33,浙江省,地级市,core,2023,2023-12-31,prefecture_whole,official_debt,8731.00,6.94,,622.68,1175.94,,673.27,673.22,2401.52,2401.50,3074.79,3074.71,100.00,35.22,493.79,493.79,52.95,,,未采集,SRC-CITY-PANEL-1990-2023;SRC-PROVINCE-DEBT-ZHEJIANG-GENERAL-2023,A1,extracted,true,已从省级财政厅官方地级行政单元债务明细表提取；经济财政字段与债务字段的来源状态分开记录。
CN-330400,330400,嘉兴市,33,浙江省,地级市,core,2023,2023-12-31,prefecture_whole,official_debt,7062.00,6.25,,632.02,826.99,,595.28,595.07,1393.57,1393.12,1988.85,1988.19,99.97,28.15,314.58,314.58,76.42,,,未采集,SRC-CITY-PANEL-1990-2023;SRC-PROVINCE-DEBT-ZHEJIANG-GENERAL-2023,A1,extracted,true,已从省级财政厅官方地级行政单元债务明细表提取；经济财政字段与债务字段的来源状态分开记录。
CN-330500,330500,湖州市,33,浙江省,地级市,core,2023,2023-12-31,prefecture_whole,official_debt,4015.00,5.80,,410.50,606.97,,544.72,544.67,819.04,819.01,1363.76,1363.68,99.99,33.96,332.20,332.20,67.63,,,未采集,SRC-CITY-PANEL-1990-2023;SRC-PROVINCE-DEBT-ZHEJIANG-GENERAL-2023,A1,extracted,true,已从省级财政厅官方地级行政单元债务明细表提取；经济财政字段与债务字段的来源状态分开记录。
CN-330600,330600,绍兴市,33,浙江省,地级市,core,2023,2023-12-31,prefecture_whole,official_debt,7791.00,7.75,,578.75,778.64,,475.78,475.72,1408.11,1408.07,1883.89,1883.79,99.99,24.18,325.49,325.49,74.33,,,未采集,SRC-CITY-PANEL-1990-2023;SRC-PROVINCE-DEBT-ZHEJIANG-GENERAL-2023,A1,extracted,true,已从省级财政厅官方地级行政单元债务明细表提取；经济财政字段与债务字段的来源状态分开记录。
CN-330700,330700,金华市,33,浙江省,地级市,core,2023,2023-12-31,prefecture_whole,official_debt,6011.00,6.76,,525.80,848.48,,579.89,579.83,1110.81,1110.76,1690.70,1690.59,99.99,28.12,321.53,321.53,61.97,,,未采集,SRC-CITY-PANEL-1990-2023;SRC-PROVINCE-DEBT-ZHEJIANG-GENERAL-2023,A1,extracted,true,已从省级财政厅官方地级行政单元债务明细表提取；经济财政字段与债务字段的来源状态分开记录。
CN-330800,330800,衢州市,33,浙江省,地级市,core,2023,2023-12-31,prefecture_whole,official_debt,2125.00,6.80,,204.21,606.48,,387.02,386.98,643.59,643.57,1030.61,1030.55,99.99,48.50,504.65,504.65,33.67,,,未采集,SRC-CITY-PANEL-1990-2023;SRC-PROVINCE-DEBT-ZHEJIANG-GENERAL-2023,A1,extracted,true,已从省级财政厅官方地级行政单元债务明细表提取；经济财政字段与债务字段的来源状态分开记录。
CN-330900,330900,舟山市,33,浙江省,地级市,core,2023,2023-12-31,prefecture_whole,official_debt,2101.00,8.24,,193.51,376.51,,307.05,307.03,320.62,320.61,627.67,627.64,100.00,29.87,324.34,324.34,51.40,,,未采集,SRC-CITY-PANEL-1990-2023;SRC-PROVINCE-DEBT-ZHEJIANG-GENERAL-2023,A1,extracted,true,已从省级财政厅官方地级行政单元债务明细表提取；经济财政字段与债务字段的来源状态分开记录。
CN-331000,331000,台州市,33,浙江省,地级市,core,2023,2023-12-31,prefecture_whole,official_debt,6241.00,4.50,,494.28,836.61,,736.90,736.86,1085.45,1085.42,1822.35,1822.27,100.00,29.20,368.67,368.67,59.08,,,未采集,SRC-CITY-PANEL-1990-2023;SRC-PROVINCE-DEBT-ZHEJIANG-GENERAL-2023,A1,extracted,true,已从省级财政厅官方地级行政单元债务明细表提取；经济财政字段与债务字段的来源状态分开记录。
CN-331100,331100,丽水市,33,浙江省,地级市,core,2023,2023-12-31,prefecture_whole,official_debt,1964.00,7.50,,186.06,653.65,,508.09,508.05,682.80,682.77,1190.89,1190.82,99.99,60.63,640.02,640.02,28.46,,,未采集,SRC-CITY-PANEL-1990-2023;SRC-PROVINCE-DEBT-ZHEJIANG-GENERAL-2023,A1,extracted,true,已从省级财政厅官方地级行政单元债务明细表提取；经济财政字段与债务字段的来源状态分开记录。
CN-340100,340100,合肥市,34,安徽省,地级市,core,2023,2023-12-31,prefecture_whole,secondary_debt,12674.00,5.75,,929.63,1411.34,,,409.72,,1849.45,,2259.16,,17.83,243.02,243.02,65.87,,,未采集,SRC-CITY-PANEL-1990-2023;SRC-SECONDARY-DEBT-ANHUI-HEFEI-2023,B2,needs_review,true,已接入评级报告或其他二手公开来源的债务补缺值；不等同于官方决算数据，必须回到财政/人大预算决算或官方债务表复核。
CN-340200,340200,芜湖市,34,安徽省,地级市,core,2023,2023-12-31,prefecture_whole,official_debt,4741.00,5.70,,414.28,619.22,,,415.70,,821.10,,1236.80,,26.09,298.54,298.54,66.90,,,未采集,SRC-CITY-PANEL-1990-2023;SRC-CITY-DEBT-ANHUI-WUHU-2023,A2,extracted,true,已从省级财政厅官方地级行政单元债务明细表提取；经济财政字段与债务字段的来源状态分开记录。
CN-340300,340300,蚌埠市,34,安徽省,地级市,core,2023,2023-12-31,prefecture_whole,secondary_debt,2116.00,5.60,,179.75,369.21,,,183.30,,555.20,,738.50,,34.90,410.85,410.85,48.69,,,未采集,SRC-CITY-PANEL-1990-2023;SRC-SECONDARY-DEBT-ANHUI-BENGBU-2023,B2,needs_review,true,已接入评级报告或其他二手公开来源的债务补缺值；不等同于官方决算数据，必须回到财政/人大预算决算或官方债务表复核。
CN-340400,340400,淮南市,34,安徽省,地级市,core,2023,2023-12-31,prefecture_whole,official_debt,1602.00,5.05,,130.50,316.04,,,,,,,591.30,,36.91,453.10,453.10,41.29,,,未采集,SRC-CITY-PANEL-1990-2023;SRC-CITY-DEBT-ANHUI-HUAINAN-2023,A2,extracted,true,已从省级财政厅官方地级行政单元债务明细表提取；经济财政字段与债务字段的来源状态分开记录。
CN-340500,340500,马鞍山市,34,安徽省,地级市,core,2023,2023-12-31,prefecture_whole,secondary_debt,2591.00,5.66,,208.37,320.33,,,304.24,,529.16,,833.41,,32.17,399.97,399.97,65.05,,,未采集,SRC-CITY-PANEL-1990-2023;SRC-SECONDARY-DEBT-ANHUI-MAANSHAN-2023,B2,needs_review,true,已接入评级报告或其他二手公开来源的债务补缺值；不等同于官方决算数据，必须回到财政/人大预算决算或官方债务表复核。
CN-340600,340600,淮北市,34,安徽省,地级市,core,2023,2023-12-31,prefecture_whole,secondary_debt,1366.00,5.30,,104.83,226.99,,,100.79,,258.35,,359.14,,26.29,342.59,342.59,46.18,,,未采集,SRC-CITY-PANEL-1990-2023;SRC-SECONDARY-DEBT-ANHUI-HUAIBEI-2023,B2,needs_review,true,已接入评级报告或其他二手公开来源的债务补缺值；不等同于官方决算数据，必须回到财政/人大预算决算或官方债务表复核。
CN-340700,340700,铜陵市,34,安徽省,地级市,core,2023,2023-12-31,prefecture_whole,secondary_debt,1230.00,5.55,,112.10,213.95,,,107.76,,325.87,,433.63,,35.25,386.82,386.82,52.40,,,未采集,SRC-CITY-PANEL-1990-2023;SRC-SECONDARY-DEBT-ANHUI-TONGLING-2023,B2,needs_review,true,已接入评级报告或其他二手公开来源的债务补缺值；不等同于官方决算数据，必须回到财政/人大预算决算或官方债务表复核。
CN-340800,340800,安庆市,34,安徽省,地级市,core,2023,2023-12-31,prefecture_whole,secondary_debt,2878.00,5.70,,193.54,548.30,,,298.60,,611.51,,910.11,,31.62,470.24,470.24,35.30,,,未采集,SRC-CITY-PANEL-1990-2023;SRC-SECONDARY-DEBT-ANHUI-ANQING-2023,B2,needs_review,true,已接入评级报告或其他二手公开来源的债务补缺值；不等同于官方决算数据，必须回到财政/人大预算决算或官方债务表复核。
CN-341000,341000,黄山市,34,安徽省,地级市,core,2023,2023-12-31,prefecture_whole,official_debt,1046.00,4.45,,84.30,221.73,,,133.74,,309.13,,442.87,,42.34,525.35,525.35,38.02,,,未采集,SRC-CITY-PANEL-1990-2023;SRC-SECONDARY-DEBT-ANHUI-HUANGSHAN-2023,A2,extracted,true,已从省级财政厅官方地级行政单元债务明细表提取；经济财政字段与债务字段的来源状态分开记录。
CN-341100,341100,滁州市,34,安徽省,地级市,core,2023,2023-12-31,prefecture_whole,secondary_debt,3782.00,6.40,,298.16,533.85,,,,,,,1289.80,,34.10,432.59,432.59,55.85,,,未采集,SRC-CITY-PANEL-1990-2023;SRC-SECONDARY-DEBT-ANHUI-CHUZHOU-2023,B2,needs_review,true,已接入评级报告或其他二手公开来源的债务补缺值；不等同于官方决算数据，必须回到财政/人大预算决算或官方债务表复核。
CN-341200,341200,阜阳市,34,安徽省,地级市,core,2023,2023-12-31,prefecture_whole,secondary_debt,3324.00,5.77,,194.71,648.98,,,,,,,1517.76,,45.66,779.50,779.50,30.00,,,未采集,SRC-CITY-PANEL-1990-2023;SRC-SECONDARY-DEBT-ANHUI-FUYANG-2023,B2,needs_review,true,已接入评级报告或其他二手公开来源的债务补缺值；不等同于官方决算数据，必须回到财政/人大预算决算或官方债务表复核。
CN-341300,341300,宿州市,34,安徽省,地级市,core,2023,2023-12-31,prefecture_whole,secondary_debt,2291.00,5.83,,161.76,501.97,,,233.91,,614.27,,848.18,,37.02,524.34,524.34,32.23,,,未采集,SRC-CITY-PANEL-1990-2023;SRC-SECONDARY-DEBT-ANHUI-SUZHOU-2023,B2,needs_review,true,已接入评级报告或其他二手公开来源的债务补缺值；不等同于官方决算数据，必须回到财政/人大预算决算或官方债务表复核。
CN-341500,341500,六安市,34,安徽省,地级市,core,2023,2023-12-31,prefecture_whole,official_debt,2113.00,6.24,,173.61,608.88,,,281.43,,808.48,,1089.91,,51.58,627.79,627.79,28.51,,,未采集,SRC-CITY-PANEL-1990-2023;SRC-SECONDARY-DEBT-ANHUI-LIUAN-2023,A2,extracted,true,已从省级财政厅官方地级行政单元债务明细表提取；经济财政字段与债务字段的来源状态分开记录。
CN-341600,341600,亳州市,34,安徽省,地级市,core,2023,2023-12-31,prefecture_whole,secondary_debt,2216.00,6.34,,160.04,412.92,,,245.01,,741.03,,986.04,,44.50,616.12,616.12,38.76,,,未采集,SRC-CITY-PANEL-1990-2023;SRC-SECONDARY-DEBT-ANHUI-BOZHOU-2023,B2,needs_review,true,已接入评级报告或其他二手公开来源的债务补缺值；不等同于官方决算数据，必须回到财政/人大预算决算或官方债务表复核。
CN-341700,341700,池州市,34,安徽省,地级市,core,2023,2023-12-31,prefecture_whole,secondary_debt,1112.00,6.54,,92.13,224.92,,,,,,,365.51,,32.87,396.73,396.73,40.96,,,未采集,SRC-CITY-PANEL-1990-2023;SRC-SECONDARY-DEBT-ANHUI-CHIZHOU-2023,B2,needs_review,true,已接入评级报告或其他二手公开来源的债务补缺值；不等同于官方决算数据，必须回到财政/人大预算决算或官方债务表复核。
CN-341800,341800,宣城市,34,安徽省,地级市,core,2023,2023-12-31,prefecture_whole,secondary_debt,1952.00,5.90,,197.92,368.43,,,211.34,,465.37,,676.70,,34.67,341.91,341.91,53.72,,,未采集,SRC-CITY-PANEL-1990-2023;SRC-SECONDARY-DEBT-ANHUI-XUANCHENG-2023,B2,needs_review,true,已接入评级报告或其他二手公开来源的债务补缺值；不等同于官方决算数据，必须回到财政/人大预算决算或官方债务表复核。
CN-350100,350100,福州市,35,福建省,地级市,core,2023,2023-12-31,prefecture_whole,official_debt,12928.00,5.16,,754.08,1004.90,,,,,,,2196.99,,16.99,291.35,291.35,75.04,,,未采集,SRC-CITY-PANEL-1990-2023;SRC-OFFICIAL-DEBT-FUJIAN-FUZHOU-2023,A2,extracted,true,已从省级财政厅官方地级行政单元债务明细表提取；经济财政字段与债务字段的来源状态分开记录。
CN-350200,350200,厦门市,35,福建省,地级市,core,2023,2023-12-31,prefecture_whole,official_debt,8066.00,3.06,,932.14,1084.65,,,393.44,,1727.31,,2120.75,,26.29,227.51,227.51,85.94,,,未采集,SRC-CITY-PANEL-1990-2023;SRC-CELMA-API-DEBT-3502-2023,A2,extracted,true,已从省级财政厅官方地级行政单元债务明细表提取；经济财政字段与债务字段的来源状态分开记录。
CN-350300,350300,莆田市,35,福建省,地级市,core,2023,2023-12-31,prefecture_whole,secondary_debt,3071.00,3.57,,162.81,266.32,,,,,,,1192.27,,38.82,732.31,732.31,61.13,,,未采集,SRC-CITY-PANEL-1990-2023;SRC-SECONDARY-RATING-FUJIAN-PUTIAN-2024,B2,needs_review,true,已接入评级报告或其他二手公开来源的债务补缺值；不等同于官方决算数据，必须回到财政/人大预算决算或官方债务表复核。
CN-350400,350400,三明市,35,福建省,地级市,core,2023,2023-12-31,prefecture_whole,secondary_debt,3007.00,1.80,,117.97,361.44,,,,,,,828.44,,27.55,702.25,702.25,32.64,,,未采集,SRC-CITY-PANEL-1990-2023;SRC-SECONDARY-RATING-FUJIAN-SANMING-2024,B2,needs_review,true,已接入评级报告或其他二手公开来源的债务补缺值；不等同于官方决算数据，必须回到财政/人大预算决算或官方债务表复核。
CN-350500,350500,泉州市,35,福建省,地级市,core,2023,2023-12-31,prefecture_whole,official_debt,12172.00,4.78,,580.79,850.27,,,779.03,,1563.51,,2342.54,,19.25,403.34,403.34,68.31,,,未采集,SRC-CITY-PANEL-1990-2023;SRC-OFFICIAL-DEBT-FUJIAN-QUANZHOU-2023,A2,extracted,true,已从省级财政厅官方地级行政单元债务明细表提取；经济财政字段与债务字段的来源状态分开记录。
CN-350600,350600,漳州市,35,福建省,地级市,core,2023,2023-12-31,prefecture_whole,secondary_debt,5728.00,5.94,,279.30,521.99,,,,,,,1428.11,,24.93,511.32,511.32,53.51,,,未采集,SRC-CITY-PANEL-1990-2023;SRC-SECONDARY-RATING-FUJIAN-ZHANGZHOU-2024,B2,needs_review,true,已接入评级报告或其他二手公开来源的债务补缺值；不等同于官方决算数据，必须回到财政/人大预算决算或官方债务表复核。
CN-350700,350700,南平市,35,福建省,地级市,core,2023,2023-12-31,prefecture_whole,secondary_debt,2270.00,5.00,,113.37,366.30,,,,,,,938.88,,41.36,828.16,828.16,30.95,,,未采集,SRC-CITY-PANEL-1990-2023;SRC-SECONDARY-RATING-FUJIAN-NANPING-2024,B2,needs_review,true,已接入评级报告或其他二手公开来源的债务补缺值；不等同于官方决算数据，必须回到财政/人大预算决算或官方债务表复核。
CN-350800,350800,龙岩市,35,福建省,地级市,core,2023,2023-12-31,prefecture_whole,secondary_debt,3318.00,3.77,,172.70,376.65,,,,,,,1070.75,,32.27,620.01,620.01,45.85,,,未采集,SRC-CITY-PANEL-1990-2023;SRC-SECONDARY-RATING-FUJIAN-LONGYAN-2024,B2,needs_review,true,已接入评级报告或其他二手公开来源的债务补缺值；不等同于官方决算数据，必须回到财政/人大预算决算或官方债务表复核。
CN-350900,350900,宁德市,35,福建省,地级市,core,2023,2023-12-31,prefecture_whole,secondary_debt,3807.00,8.56,,209.88,404.92,,,,,,,917.33,,24.10,437.07,437.07,51.83,,,未采集,SRC-CITY-PANEL-1990-2023;SRC-SECONDARY-DEBT-FUJIAN-NINGDE-2023,B2,needs_review,true,已接入评级报告或其他二手公开来源的债务补缺值；不等同于官方决算数据，必须回到财政/人大预算决算或官方债务表复核。
CN-360100,360100,南昌市,36,江西省,地级市,core,2023,2023-12-31,prefecture_whole,secondary_debt,7213.00,3.53,,500.18,925.55,,,,,,,1678.60,,23.27,335.60,335.60,54.04,,,未采集,SRC-CITY-PANEL-1990-2023;SRC-SECONDARY-DEBT-JIANGXI-REGIONAL-2023,B2,needs_review,true,已接入评级报告或其他二手公开来源的债务补缺值；不等同于官方决算数据，必须回到财政/人大预算决算或官方债务表复核。
CN-360200,360200,景德镇市,36,江西省,地级市,core,2023,2023-12-31,prefecture_whole,secondary_debt,1201.00,3.50,,90.30,239.95,,,129.81,,246.27,,376.08,,31.31,416.48,416.48,37.63,,,未采集,SRC-CITY-PANEL-1990-2023;SRC-SECONDARY-DEBT-JIANGXI-JINGDEZHEN-2023,B2,needs_review,true,已接入评级报告或其他二手公开来源的债务补缺值；不等同于官方决算数据，必须回到财政/人大预算决算或官方债务表复核。
CN-360300,360300,萍乡市,36,江西省,地级市,core,2023,2023-12-31,prefecture_whole,secondary_debt,1152.00,3.00,,112.20,325.67,,,217.64,,355.24,,572.89,,49.73,510.60,510.60,34.45,,,未采集,SRC-CITY-PANEL-1990-2023;SRC-SECONDARY-DEBT-JIANGXI-PINGXIANG-2023,B2,needs_review,true,已接入评级报告或其他二手公开来源的债务补缺值；不等同于官方决算数据，必须回到财政/人大预算决算或官方债务表复核。
CN-360400,360400,九江市,36,江西省,地级市,core,2023,2023-12-31,prefecture_whole,secondary_debt,3845.00,1.10,,322.40,751.52,,,,,,,1341.19,,34.88,416.00,416.00,42.90,,,未采集,SRC-CITY-PANEL-1990-2023;SRC-SECONDARY-DEBT-JIANGXI-REGIONAL-2023,B2,needs_review,true,已接入评级报告或其他二手公开来源的债务补缺值；不等同于官方决算数据，必须回到财政/人大预算决算或官方债务表复核。
CN-360500,360500,新余市,36,江西省,地级市,core,2023,2023-12-31,prefecture_whole,secondary_debt,1262.00,2.50,,91.61,207.34,,,,,,,395.25,,31.32,431.45,431.45,44.18,,,未采集,SRC-CITY-PANEL-1990-2023;SRC-SECONDARY-DEBT-JIANGXI-XINYU-2023,B2,needs_review,true,已接入评级报告或其他二手公开来源的债务补缺值；不等同于官方决算数据，必须回到财政/人大预算决算或官方债务表复核。
CN-360600,360600,鹰潭市,36,江西省,地级市,core,2023,2023-12-31,prefecture_whole,secondary_debt,1282.00,7.00,,108.56,249.81,,,,,,,456.89,,35.64,420.86,420.86,43.46,,,未采集,SRC-CITY-PANEL-1990-2023;SRC-SECONDARY-DEBT-JIANGXI-YINGTAN-2023,B2,needs_review,true,已接入评级报告或其他二手公开来源的债务补缺值；不等同于官方决算数据，必须回到财政/人大预算决算或官方债务表复核。
CN-360700,360700,赣州市,36,江西省,地级市,core,2023,2023-12-31,prefecture_whole,secondary_debt,4606.00,5.30,,319.59,1093.63,,,,,,,1902.59,,41.31,595.32,595.32,29.22,,,未采集,SRC-CITY-PANEL-1990-2023;SRC-SECONDARY-DEBT-JIANGXI-REGIONAL-2023,B2,needs_review,true,已接入评级报告或其他二手公开来源的债务补缺值；不等同于官方决算数据，必须回到财政/人大预算决算或官方债务表复核。
CN-360800,360800,吉安市,36,江西省,地级市,core,2023,2023-12-31,prefecture_whole,secondary_debt,2735.00,3.70,,204.82,647.26,,,,,,,1122.04,,41.03,547.82,547.82,31.64,,,未采集,SRC-CITY-PANEL-1990-2023;SRC-SECONDARY-DEBT-JIANGXI-REGIONAL-2023,B2,needs_review,true,已接入评级报告或其他二手公开来源的债务补缺值；不等同于官方决算数据，必须回到财政/人大预算决算或官方债务表复核。
CN-360900,360900,宜春市,36,江西省,地级市,core,2023,2023-12-31,prefecture_whole,secondary_debt,3467.00,3.70,,290.02,718.97,,,,,,,1083.38,,31.25,373.55,373.55,40.34,,,未采集,SRC-CITY-PANEL-1990-2023;SRC-SECONDARY-DEBT-JIANGXI-REGIONAL-2023,B2,needs_review,true,已接入评级报告或其他二手公开来源的债务补缺值；不等同于官方决算数据，必须回到财政/人大预算决算或官方债务表复核。
CN-361000,361000,抚州市,36,江西省,地级市,core,2023,2023-12-31,prefecture_whole,secondary_debt,2035.00,6.30,,141.64,538.86,,,289.69,,620.81,,910.50,,44.74,642.83,642.83,26.29,,,未采集,SRC-CITY-PANEL-1990-2023;SRC-SECONDARY-DEBT-JIANGXI-FUZHOU-2023,B2,needs_review,true,已接入评级报告或其他二手公开来源的债务补缺值；不等同于官方决算数据，必须回到财政/人大预算决算或官方债务表复核。
CN-361100,361100,上饶市,36,江西省,地级市,core,2023,2023-12-31,prefecture_whole,secondary_debt,3402.00,6.70,,270.68,814.77,,,,,,,1328.14,,39.04,490.67,490.67,33.22,,,未采集,SRC-CITY-PANEL-1990-2023;SRC-SECONDARY-DEBT-JIANGXI-REGIONAL-2023,B2,needs_review,true,已接入评级报告或其他二手公开来源的债务补缺值；不等同于官方决算数据，必须回到财政/人大预算决算或官方债务表复核。
CN-370100,370100,济南市,37,山东省,地级市,core,2023,2023-12-31,prefecture_whole,official_debt,12757.00,6.10,,1060.82,1365.29,,267.11,251.82,2935.23,2928.61,3202.34,3180.43,99.32,24.93,299.81,299.81,77.70,,,未采集,SRC-CITY-PANEL-1990-2023;SRC-PROVINCE-DEBT-SHANDONG-2023,A1,extracted,true,已从省级财政厅官方地级行政单元债务明细表提取；经济财政字段与债务字段的来源状态分开记录。
CN-370200,370200,青岛市,37,山东省,地级市,core,2023,2023-12-31,prefecture_whole,official_debt,15760.00,5.90,,1337.86,1718.80,,1077.45,1076.89,2573.50,2543.12,3650.95,3620.01,99.15,22.97,270.58,270.58,77.84,,,未采集,SRC-CITY-PANEL-1990-2023;SRC-PROVINCE-DEBT-SHANDONG-2023,A1,extracted,true,已从省级财政厅官方地级行政单元债务明细表提取；经济财政字段与债务字段的来源状态分开记录。
CN-370300,370300,淄博市,37,山东省,地级市,core,2023,2023-12-31,prefecture_whole,official_debt,4562.00,5.46,,395.30,550.33,,376.46,372.77,855.85,853.23,1232.31,1226.00,99.49,26.87,310.14,310.14,71.83,,,未采集,SRC-CITY-PANEL-1990-2023;SRC-PROVINCE-DEBT-SHANDONG-2023,A1,extracted,true,已从省级财政厅官方地级行政单元债务明细表提取；经济财政字段与债务字段的来源状态分开记录。
CN-370400,370400,枣庄市,37,山东省,地级市,core,2023,2023-12-31,prefecture_whole,official_debt,2157.00,6.40,,181.05,352.05,,195.94,193.68,597.39,597.12,793.33,790.80,99.68,36.66,436.79,436.79,51.43,,,未采集,SRC-CITY-PANEL-1990-2023;SRC-PROVINCE-DEBT-SHANDONG-2023,A1,extracted,true,已从省级财政厅官方地级行政单元债务明细表提取；经济财政字段与债务字段的来源状态分开记录。
CN-370500,370500,东营市,37,山东省,地级市,core,2023,2023-12-31,prefecture_whole,official_debt,3899.00,7.00,,284.63,381.73,,249.58,246.98,659.04,658.43,908.62,905.41,99.65,23.22,318.10,318.10,74.56,,,未采集,SRC-CITY-PANEL-1990-2023;SRC-PROVINCE-DEBT-SHANDONG-2023,A1,extracted,true,已从省级财政厅官方地级行政单元债务明细表提取；经济财政字段与债务字段的来源状态分开记录。
CN-370600,370600,烟台市,37,山东省,地级市,core,2023,2023-12-31,prefecture_whole,official_debt,10162.00,6.60,,673.87,952.73,,690.75,681.10,1420.12,1418.00,2110.87,2099.10,99.44,20.66,311.50,311.50,70.73,,,未采集,SRC-CITY-PANEL-1990-2023;SRC-PROVINCE-DEBT-SHANDONG-2023,A1,extracted,true,已从省级财政厅官方地级行政单元债务明细表提取；经济财政字段与债务字段的来源状态分开记录。
CN-370700,370700,潍坊市,37,山东省,地级市,core,2023,2023-12-31,prefecture_whole,official_debt,7606.00,5.10,,608.32,889.38,,796.35,791.45,1567.97,1567.88,2364.32,2359.33,99.79,31.02,387.84,387.84,68.40,,,未采集,SRC-CITY-PANEL-1990-2023;SRC-PROVINCE-DEBT-SHANDONG-2023,A1,extracted,true,已从省级财政厅官方地级行政单元债务明细表提取；经济财政字段与债务字段的来源状态分开记录。
CN-370800,370800,济宁市,37,山东省,地级市,core,2023,2023-12-31,prefecture_whole,official_debt,5516.00,6.50,,475.01,782.79,,531.33,523.67,1194.88,1190.47,1726.21,1714.14,99.30,31.08,360.86,360.86,60.68,,,未采集,SRC-CITY-PANEL-1990-2023;SRC-PROVINCE-DEBT-SHANDONG-2023,A1,extracted,true,已从省级财政厅官方地级行政单元债务明细表提取；经济财政字段与债务字段的来源状态分开记录。
CN-370900,370900,泰安市,37,山东省,地级市,core,2023,2023-12-31,prefecture_whole,official_debt,3324.00,6.35,,239.24,463.39,,371.98,367.67,600.39,592.58,972.37,960.25,98.75,28.89,401.38,401.38,51.63,,,未采集,SRC-CITY-PANEL-1990-2023;SRC-PROVINCE-DEBT-SHANDONG-2023,A1,extracted,true,已从省级财政厅官方地级行政单元债务明细表提取；经济财政字段与债务字段的来源状态分开记录。
CN-371000,371000,威海市,37,山东省,地级市,core,2023,2023-12-31,prefecture_whole,official_debt,3514.00,5.70,,237.38,430.44,,310.95,307.93,710.11,704.15,1021.06,1012.08,99.12,28.80,426.35,426.35,55.15,,,未采集,SRC-CITY-PANEL-1990-2023;SRC-PROVINCE-DEBT-SHANDONG-2023,A1,extracted,true,已从省级财政厅官方地级行政单元债务明细表提取；经济财政字段与债务字段的来源状态分开记录。
CN-371100,371100,日照市,37,山东省,地级市,core,2023,2023-12-31,prefecture_whole,official_debt,2391.00,5.60,,195.34,320.15,,130.93,128.60,499.83,498.36,630.76,626.96,99.40,26.22,320.96,320.96,61.02,,,未采集,SRC-CITY-PANEL-1990-2023;SRC-PROVINCE-DEBT-SHANDONG-2023,A1,extracted,true,已从省级财政厅官方地级行政单元债务明细表提取；经济财政字段与债务字段的来源状态分开记录。
CN-371300,371300,临沂市,37,山东省,地级市,core,2023,2023-12-31,prefecture_whole,official_debt,6105.00,6.25,,445.77,920.16,,338.08,333.25,1360.66,1357.50,1698.74,1690.75,99.53,27.69,379.29,379.29,48.44,,,未采集,SRC-CITY-PANEL-1990-2023;SRC-PROVINCE-DEBT-SHANDONG-2023,A1,extracted,true,已从省级财政厅官方地级行政单元债务明细表提取；经济财政字段与债务字段的来源状态分开记录。
CN-371400,371400,德州市,37,山东省,地级市,core,2023,2023-12-31,prefecture_whole,official_debt,3805.00,5.96,,250.60,622.85,,362.63,354.81,984.94,982.51,1347.57,1337.32,99.24,35.15,533.65,533.65,40.23,,,未采集,SRC-CITY-PANEL-1990-2023;SRC-PROVINCE-DEBT-SHANDONG-2023,A1,extracted,true,已从省级财政厅官方地级行政单元债务明细表提取；经济财政字段与债务字段的来源状态分开记录。
CN-371500,371500,聊城市,37,山东省,地级市,core,2023,2023-12-31,prefecture_whole,official_debt,2926.00,6.10,,244.62,535.67,,216.56,212.61,921.34,920.30,1137.90,1132.91,99.56,38.72,463.13,463.13,45.67,,,未采集,SRC-CITY-PANEL-1990-2023;SRC-PROVINCE-DEBT-SHANDONG-2023,A1,extracted,true,已从省级财政厅官方地级行政单元债务明细表提取；经济财政字段与债务字段的来源状态分开记录。
CN-371600,371600,滨州市,37,山东省,地级市,core,2023,2023-12-31,prefecture_whole,official_debt,3119.00,5.00,,292.14,527.11,,335.19,319.99,1022.37,1019.32,1357.56,1339.31,98.66,42.94,458.45,458.45,55.42,,,未采集,SRC-CITY-PANEL-1990-2023;SRC-PROVINCE-DEBT-SHANDONG-2023,A1,extracted,true,已从省级财政厅官方地级行政单元债务明细表提取；经济财政字段与债务字段的来源状态分开记录。
CN-371700,371700,菏泽市,37,山东省,地级市,core,2023,2023-12-31,prefecture_whole,official_debt,4464.00,6.80,,316.51,734.99,,154.19,150.45,1350.89,1350.48,1505.08,1500.93,99.72,33.62,474.21,474.21,43.06,,,未采集,SRC-CITY-PANEL-1990-2023;SRC-PROVINCE-DEBT-SHANDONG-2023,A1,extracted,true,已从省级财政厅官方地级行政单元债务明细表提取；经济财政字段与债务字段的来源状态分开记录。
CN-410100,410100,郑州市,41,河南省,地级市,core,2023,2023-12-31,prefecture_whole,secondary_debt,13618.00,7.40,,1165.85,1519.62,,,,,,,3355.33,,24.64,287.80,287.80,76.72,,,未采集,SRC-CITY-PANEL-1990-2023;SRC-SECONDARY-DEBT-HENAN-2023-CITY-TOTALS,B2,needs_review,true,已接入评级报告或其他二手公开来源的债务补缺值；不等同于官方决算数据，必须回到财政/人大预算决算或官方债务表复核。
CN-410200,410200,开封市,41,河南省,地级市,core,2023,2023-12-31,prefecture_whole,secondary_debt,2534.00,0.90,,153.86,414.22,,,,,,,737.20,,29.09,479.14,479.14,37.14,,,未采集,SRC-CITY-PANEL-1990-2023;SRC-SECONDARY-DEBT-HENAN-2023-CITY-TOTALS,B2,needs_review,true,已接入评级报告或其他二手公开来源的债务补缺值；不等同于官方决算数据，必须回到财政/人大预算决算或官方债务表复核。
CN-410300,410300,洛阳市,41,河南省,地级市,core,2023,2023-12-31,prefecture_whole,secondary_debt,5482.00,3.47,,404.29,666.60,,,,,,,1202.84,,21.94,297.52,297.52,60.65,,,未采集,SRC-CITY-PANEL-1990-2023;SRC-SECONDARY-DEBT-HENAN-2023-CITY-TOTALS,B2,needs_review,true,已接入评级报告或其他二手公开来源的债务补缺值；不等同于官方决算数据，必须回到财政/人大预算决算或官方债务表复核。
CN-410400,410400,平顶山市,41,河南省,地级市,core,2023,2023-12-31,prefecture_whole,secondary_debt,2720.00,3.20,,237.13,424.50,,,,,,,754.37,,27.73,318.13,318.13,55.86,,,未采集,SRC-CITY-PANEL-1990-2023;SRC-SECONDARY-DEBT-HENAN-2023-CITY-TOTALS,B2,needs_review,true,已接入评级报告或其他二手公开来源的债务补缺值；不等同于官方决算数据，必须回到财政/人大预算决算或官方债务表复核。
CN-410500,410500,安阳市,41,河南省,地级市,core,2023,2023-12-31,prefecture_whole,secondary_debt,2486.00,3.20,,235.68,447.58,,,,,,,713.23,,28.69,302.63,302.63,52.66,,,未采集,SRC-CITY-PANEL-1990-2023;SRC-SECONDARY-DEBT-HENAN-2023-CITY-TOTALS,B2,needs_review,true,已接入评级报告或其他二手公开来源的债务补缺值；不等同于官方决算数据，必须回到财政/人大预算决算或官方债务表复核。
CN-410600,410600,鹤壁市,41,河南省,地级市,core,2023,2023-12-31,prefecture_whole,secondary_debt,1033.00,3.11,,80.34,166.10,,,,,,,428.68,,41.50,533.58,533.58,48.37,,,未采集,SRC-CITY-PANEL-1990-2023;SRC-SECONDARY-DEBT-HENAN-2023-CITY-TOTALS,B2,needs_review,true,已接入评级报告或其他二手公开来源的债务补缺值；不等同于官方决算数据，必须回到财政/人大预算决算或官方债务表复核。
CN-410700,410700,新乡市,41,河南省,地级市,core,2023,2023-12-31,prefecture_whole,secondary_debt,3348.00,1.51,,241.51,489.88,,,,,,,746.69,,22.30,309.18,309.18,49.30,,,未采集,SRC-CITY-PANEL-1990-2023;SRC-SECONDARY-DEBT-HENAN-2023-CITY-TOTALS,B2,needs_review,true,已接入评级报告或其他二手公开来源的债务补缺值；不等同于官方决算数据，必须回到财政/人大预算决算或官方债务表复核。
CN-410800,410800,焦作市,41,河南省,地级市,core,2023,2023-12-31,prefecture_whole,secondary_debt,2234.00,3.94,,143.55,302.44,,,,,,,570.09,,25.52,397.14,397.14,47.46,,,未采集,SRC-CITY-PANEL-1990-2023;SRC-SECONDARY-DEBT-HENAN-2023-CITY-TOTALS,B2,needs_review,true,已接入评级报告或其他二手公开来源的债务补缺值；不等同于官方决算数据，必须回到财政/人大预算决算或官方债务表复核。
CN-410900,410900,濮阳市,41,河南省,地级市,core,2023,2023-12-31,prefecture_whole,secondary_debt,1851.00,2.80,,118.55,330.10,,,,,,,623.82,,33.70,526.21,526.21,35.91,,,未采集,SRC-CITY-PANEL-1990-2023;SRC-SECONDARY-DEBT-HENAN-2023-CITY-TOTALS,B2,needs_review,true,已接入评级报告或其他二手公开来源的债务补缺值；不等同于官方决算数据，必须回到财政/人大预算决算或官方债务表复核。
CN-411000,411000,许昌市,41,河南省,地级市,core,2023,2023-12-31,prefecture_whole,secondary_debt,3238.00,0.90,,211.87,348.11,,,,,,,828.30,,25.58,390.95,390.95,60.86,,,未采集,SRC-CITY-PANEL-1990-2023;SRC-SECONDARY-DEBT-HENAN-2023-CITY-TOTALS,B2,needs_review,true,已接入评级报告或其他二手公开来源的债务补缺值；不等同于官方决算数据，必须回到财政/人大预算决算或官方债务表复核。
CN-411100,411100,漯河市,41,河南省,地级市,core,2023,2023-12-31,prefecture_whole,secondary_debt,1764.00,5.40,,136.31,264.10,,,,,,,453.66,,25.72,332.81,332.81,51.61,,,未采集,SRC-CITY-PANEL-1990-2023;SRC-SECONDARY-DEBT-HENAN-2023-CITY-TOTALS,B2,needs_review,true,已接入评级报告或其他二手公开来源的债务补缺值；不等同于官方决算数据，必须回到财政/人大预算决算或官方债务表复核。
CN-411200,411200,三门峡市,41,河南省,地级市,core,2023,2023-12-31,prefecture_whole,secondary_debt,1620.00,2.00,,140.69,283.02,,,,,,,368.40,,22.74,261.85,261.85,49.71,,,未采集,SRC-CITY-PANEL-1990-2023;SRC-SECONDARY-DEBT-HENAN-2023-CITY-TOTALS,B2,needs_review,true,已接入评级报告或其他二手公开来源的债务补缺值；不等同于官方决算数据，必须回到财政/人大预算决算或官方债务表复核。
CN-411300,411300,南阳市,41,河南省,地级市,core,2023,2023-12-31,prefecture_whole,secondary_debt,4572.00,4.80,,289.38,816.68,,,,,,,1235.34,,27.02,426.89,426.89,35.43,,,未采集,SRC-CITY-PANEL-1990-2023;SRC-SECONDARY-DEBT-HENAN-2023-CITY-TOTALS,B2,needs_review,true,已接入评级报告或其他二手公开来源的债务补缺值；不等同于官方决算数据，必须回到财政/人大预算决算或官方债务表复核。
CN-411400,411400,商丘市,41,河南省,地级市,core,2023,2023-12-31,prefecture_whole,secondary_debt,3109.00,3.60,,200.94,561.82,,,,,,,947.11,,30.46,471.34,471.34,35.77,,,未采集,SRC-CITY-PANEL-1990-2023;SRC-SECONDARY-DEBT-HENAN-2023-CITY-TOTALS,B2,needs_review,true,已接入评级报告或其他二手公开来源的债务补缺值；不等同于官方决算数据，必须回到财政/人大预算决算或官方债务表复核。
CN-411500,411500,信阳市,41,河南省,地级市,core,2023,2023-12-31,prefecture_whole,secondary_debt,2959.00,2.50,,141.62,646.92,,,,,,,1004.68,,33.95,709.42,709.42,21.89,,,未采集,SRC-CITY-PANEL-1990-2023;SRC-SECONDARY-DEBT-HENAN-2023-CITY-TOTALS,B2,needs_review,true,已接入评级报告或其他二手公开来源的债务补缺值；不等同于官方决算数据，必须回到财政/人大预算决算或官方债务表复核。
CN-411600,411600,周口市,41,河南省,地级市,core,2023,2023-12-31,prefecture_whole,secondary_debt,3333.00,4.80,,202.27,730.99,,,,,,,960.54,,28.82,474.88,474.88,27.67,,,未采集,SRC-CITY-PANEL-1990-2023;SRC-SECONDARY-DEBT-HENAN-2023-CITY-TOTALS,B2,needs_review,true,已接入评级报告或其他二手公开来源的债务补缺值；不等同于官方决算数据，必须回到财政/人大预算决算或官方债务表复核。
CN-411700,411700,驻马店市,41,河南省,地级市,core,2023,2023-12-31,prefecture_whole,secondary_debt,3097.00,4.50,,211.29,655.71,,,,,,,933.95,,30.16,442.02,442.02,32.22,,,未采集,SRC-CITY-PANEL-1990-2023;SRC-SECONDARY-DEBT-HENAN-2023-CITY-TOTALS,B2,needs_review,true,已接入评级报告或其他二手公开来源的债务补缺值；不等同于官方决算数据，必须回到财政/人大预算决算或官方债务表复核。
CN-419000,419000,省直辖县级行政区划,41,河南省,地级市,core,2023,2023-12-31,prefecture_whole,secondary_debt,,,,,,,,,,,,148.71,,,,,,,,未采集,SRC-SECONDARY-DEBT-HENAN-2023-CITY-TOTALS,B2,needs_review,true,已接入评级报告或其他二手公开来源的债务补缺值；不等同于官方决算数据，必须回到财政/人大预算决算或官方债务表复核。
CN-420100,420100,武汉市,42,湖北省,地级市,core,2023,2023-12-31,prefecture_whole,secondary_debt,20012.00,5.70,,1601.20,2204.08,,,,,,,6846.00,,34.21,427.55,427.55,72.65,,,未采集,SRC-CITY-PANEL-1990-2023;SRC-SECONDARY-DEBT-HUBEI-2023-CITY-TOTALS,B2,needs_review,true,已接入评级报告或其他二手公开来源的债务补缺值；不等同于官方决算数据，必须回到财政/人大预算决算或官方债务表复核。
CN-420200,420200,黄石市,42,湖北省,地级市,core,2023,2023-12-31,prefecture_whole,secondary_debt,2109.00,6.80,,169.38,322.11,,,,,,,532.99,,25.27,314.67,314.67,52.58,,,未采集,SRC-CITY-PANEL-1990-2023;SRC-SECONDARY-DEBT-HUBEI-2023-CITY-TOTALS,B2,needs_review,true,已接入评级报告或其他二手公开来源的债务补缺值；不等同于官方决算数据，必须回到财政/人大预算决算或官方债务表复核。
CN-420300,420300,十堰市,42,湖北省,地级市,core,2023,2023-12-31,prefecture_whole,secondary_debt,2359.00,6.10,,139.42,458.15,,,,,,,691.08,,29.30,495.68,495.68,30.43,,,未采集,SRC-CITY-PANEL-1990-2023;SRC-SECONDARY-DEBT-HUBEI-2023-CITY-TOTALS,B2,needs_review,true,已接入评级报告或其他二手公开来源的债务补缺值；不等同于官方决算数据，必须回到财政/人大预算决算或官方债务表复核。
CN-420500,420500,宜昌市,42,湖北省,地级市,core,2023,2023-12-31,prefecture_whole,secondary_debt,5756.00,7.10,,268.99,680.14,,,,,,,987.13,,17.15,366.98,366.98,39.55,,,未采集,SRC-CITY-PANEL-1990-2023;SRC-SECONDARY-DEBT-HUBEI-2023-CITY-TOTALS,B2,needs_review,true,已接入评级报告或其他二手公开来源的债务补缺值；不等同于官方决算数据，必须回到财政/人大预算决算或官方债务表复核。
CN-420600,420600,襄阳市,42,湖北省,地级市,core,2023,2023-12-31,prefecture_whole,secondary_debt,5843.00,4.77,,265.56,704.98,,,,,,,1198.97,,20.52,451.49,451.49,37.67,,,未采集,SRC-CITY-PANEL-1990-2023;SRC-SECONDARY-DEBT-HUBEI-2023-CITY-TOTALS,B2,needs_review,true,已接入评级报告或其他二手公开来源的债务补缺值；不等同于官方决算数据，必须回到财政/人大预算决算或官方债务表复核。
CN-420700,420700,鄂州市,42,湖北省,地级市,core,2023,2023-12-31,prefecture_whole,secondary_debt,1266.00,6.00,,90.20,165.92,,,,,,,476.48,,37.64,528.25,528.25,54.36,,,未采集,SRC-CITY-PANEL-1990-2023;SRC-SECONDARY-DEBT-HUBEI-2023-CITY-TOTALS,B2,needs_review,true,已接入评级报告或其他二手公开来源的债务补缺值；不等同于官方决算数据，必须回到财政/人大预算决算或官方债务表复核。
CN-420800,420800,荆门市,42,湖北省,地级市,core,2023,2023-12-31,prefecture_whole,secondary_debt,2272.00,6.70,,122.79,310.04,,,,,,,448.78,,19.75,365.49,365.49,39.60,,,未采集,SRC-CITY-PANEL-1990-2023;SRC-SECONDARY-DEBT-HUBEI-2023-CITY-TOTALS,B2,needs_review,true,已接入评级报告或其他二手公开来源的债务补缺值；不等同于官方决算数据，必须回到财政/人大预算决算或官方债务表复核。
CN-420900,420900,孝感市,42,湖北省,地级市,core,2023,2023-12-31,prefecture_whole,secondary_debt,2920.00,6.70,,162.52,459.22,,,,,,,672.88,,23.04,414.03,414.03,35.39,,,未采集,SRC-CITY-PANEL-1990-2023;SRC-SECONDARY-DEBT-HUBEI-2023-CITY-TOTALS,B2,needs_review,true,已接入评级报告或其他二手公开来源的债务补缺值；不等同于官方决算数据，必须回到财政/人大预算决算或官方债务表复核。
CN-421000,421000,荆州市,42,湖北省,地级市,core,2023,2023-12-31,prefecture_whole,secondary_debt,3151.00,6.00,,168.75,562.13,,,,,,,779.14,,24.73,461.71,461.71,30.02,,,未采集,SRC-CITY-PANEL-1990-2023;SRC-SECONDARY-DEBT-HUBEI-2023-CITY-TOTALS,B2,needs_review,true,已接入评级报告或其他二手公开来源的债务补缺值；不等同于官方决算数据，必须回到财政/人大预算决算或官方债务表复核。
CN-421100,421100,黄冈市,42,湖北省,地级市,core,2023,2023-12-31,prefecture_whole,secondary_debt,2885.00,6.00,,177.76,646.32,,,,,,,700.59,,24.28,394.12,394.12,27.50,,,未采集,SRC-CITY-PANEL-1990-2023;SRC-SECONDARY-DEBT-HUBEI-2023-CITY-TOTALS,B2,needs_review,true,已接入评级报告或其他二手公开来源的债务补缺值；不等同于官方决算数据，必须回到财政/人大预算决算或官方债务表复核。
CN-421200,421200,咸宁市,42,湖北省,地级市,core,2023,2023-12-31,prefecture_whole,secondary_debt,1819.00,1.60,,106.97,320.55,,,,,,,414.79,,22.80,387.76,387.76,33.37,,,未采集,SRC-CITY-PANEL-1990-2023;SRC-SECONDARY-DEBT-HUBEI-2023-CITY-TOTALS,B2,needs_review,true,已接入评级报告或其他二手公开来源的债务补缺值；不等同于官方决算数据，必须回到财政/人大预算决算或官方债务表复核。
CN-421300,421300,随州市,42,湖北省,地级市,core,2023,2023-12-31,prefecture_whole,secondary_debt,1331.00,4.80,,61.09,215.95,,,,,,,259.43,,19.49,424.67,424.67,28.29,,,未采集,SRC-CITY-PANEL-1990-2023;SRC-SECONDARY-DEBT-HUBEI-SUIZHOU-2023,B2,needs_review,true,已接入评级报告或其他二手公开来源的债务补缺值；不等同于官方决算数据，必须回到财政/人大预算决算或官方债务表复核。
CN-422800,422800,恩施土家族苗族自治州,42,湖北省,自治州,extended,2023,2023-12-31,prefecture_whole,secondary_debt,,,,,,,,,,,,627.21,,,,,,,,未采集,SRC-SECONDARY-DEBT-HUBEI-2023-CITY-TOTALS,B2,needs_review,true,已接入评级报告或其他二手公开来源的债务补缺值；不等同于官方决算数据，必须回到财政/人大预算决算或官方债务表复核。
CN-429000,429000,省直辖县级行政区划,42,湖北省,地级市,core,2023,2023-12-31,prefecture_whole,secondary_debt,,,,,,,,,,,,415.92,,,,,,,,未采集,SRC-SECONDARY-DEBT-HUBEI-2023-DIRECT-AGG,B2,needs_review,true,已接入评级报告或其他二手公开来源的债务补缺值；不等同于官方决算数据，必须回到财政/人大预算决算或官方债务表复核。
CN-430100,430100,长沙市,43,湖南省,地级市,core,2023,2023-12-31,prefecture_whole,official_debt,14332.00,4.80,,1227.07,1626.83,,739.84,739.13,2330.64,2310.99,3070.49,3050.13,99.34,21.28,248.57,248.57,75.43,,,未采集,SRC-CITY-PANEL-1990-2023;SRC-PROVINCE-DEBT-HUNAN-2023,A1,extracted,true,已从省级财政厅官方地级行政单元债务明细表提取；经济财政字段与债务字段的来源状态分开记录。
CN-430200,430200,株洲市,43,湖南省,地级市,core,2023,2023-12-31,prefecture_whole,official_debt,3668.00,5.16,,192.32,592.43,,406.11,405.52,775.02,773.98,1181.13,1179.50,99.86,32.16,613.30,613.30,32.46,,,未采集,SRC-CITY-PANEL-1990-2023;SRC-PROVINCE-DEBT-HUNAN-2023,A1,extracted,true,已从省级财政厅官方地级行政单元债务明细表提取；经济财政字段与债务字段的来源状态分开记录。
CN-430300,430300,湘潭市,43,湖南省,地级市,core,2023,2023-12-31,prefecture_whole,official_debt,2742.00,5.10,,124.04,285.75,,843.41,841.79,935.34,935.15,1778.76,1776.94,99.90,64.80,1432.55,1432.55,43.41,,,未采集,SRC-CITY-PANEL-1990-2023;SRC-PROVINCE-DEBT-HUNAN-2023,A1,extracted,true,已从省级财政厅官方地级行政单元债务明细表提取；经济财政字段与债务字段的来源状态分开记录。
CN-430400,430400,衡阳市,43,湖南省,地级市,core,2023,2023-12-31,prefecture_whole,official_debt,4191.00,5.30,,195.61,663.00,,463.67,458.17,873.12,873.08,1336.79,1331.25,99.59,31.76,680.56,680.56,29.50,,,未采集,SRC-CITY-PANEL-1990-2023;SRC-PROVINCE-DEBT-HUNAN-2023,A1,extracted,true,已从省级财政厅官方地级行政单元债务明细表提取；经济财政字段与债务字段的来源状态分开记录。
CN-430500,430500,邵阳市,43,湖南省,地级市,core,2023,2023-12-31,prefecture_whole,official_debt,2731.00,4.81,,133.75,699.60,,379.74,378.85,581.06,578.36,960.80,957.21,99.63,35.05,715.67,715.67,19.12,,,未采集,SRC-CITY-PANEL-1990-2023;SRC-PROVINCE-DEBT-HUNAN-2023,A1,extracted,true,已从省级财政厅官方地级行政单元债务明细表提取；经济财政字段与债务字段的来源状态分开记录。
CN-430600,430600,岳阳市,43,湖南省,地级市,core,2023,2023-12-31,prefecture_whole,official_debt,4842.00,4.60,,200.15,632.48,,404.38,401.02,706.53,698.02,1110.91,1099.04,98.93,22.70,549.11,549.11,31.65,,,未采集,SRC-CITY-PANEL-1990-2023;SRC-PROVINCE-DEBT-HUNAN-2023,A1,extracted,true,已从省级财政厅官方地级行政单元债务明细表提取；经济财政字段与债务字段的来源状态分开记录。
CN-430700,430700,常德市,43,湖南省,地级市,core,2023,2023-12-31,prefecture_whole,official_debt,4386.00,3.60,,202.22,641.15,,533.19,531.91,575.42,573.04,1108.61,1104.95,99.67,25.19,546.41,546.41,31.54,,,未采集,SRC-CITY-PANEL-1990-2023;SRC-PROVINCE-DEBT-HUNAN-2023,A1,extracted,true,已从省级财政厅官方地级行政单元债务明细表提取；经济财政字段与债务字段的来源状态分开记录。
CN-430800,430800,张家界市,43,湖南省,地级市,core,2023,2023-12-31,prefecture_whole,official_debt,614.00,4.60,,35.88,222.38,,176.91,176.54,252.04,252.05,428.95,428.59,99.92,69.80,1194.51,1194.51,16.13,,,未采集,SRC-CITY-PANEL-1990-2023;SRC-PROVINCE-DEBT-HUNAN-2023,A1,extracted,true,已从省级财政厅官方地级行政单元债务明细表提取；经济财政字段与债务字段的来源状态分开记录。
CN-430900,430900,益阳市,43,湖南省,地级市,core,2023,2023-12-31,prefecture_whole,official_debt,2136.00,3.40,,106.40,417.25,,275.43,274.92,412.39,412.38,687.82,687.30,99.92,32.18,645.96,645.96,25.50,,,未采集,SRC-CITY-PANEL-1990-2023;SRC-PROVINCE-DEBT-HUNAN-2023,A1,extracted,true,已从省级财政厅官方地级行政单元债务明细表提取；经济财政字段与债务字段的来源状态分开记录。
CN-431000,431000,郴州市,43,湖南省,地级市,core,2023,2023-12-31,prefecture_whole,official_debt,3111.00,5.00,,188.03,560.82,,617.18,613.11,584.37,583.44,1201.55,1196.55,99.58,38.46,636.36,636.36,33.53,,,未采集,SRC-CITY-PANEL-1990-2023;SRC-PROVINCE-DEBT-HUNAN-2023,A1,extracted,true,已从省级财政厅官方地级行政单元债务明细表提取；经济财政字段与债务字段的来源状态分开记录。
CN-431100,431100,永州市,43,湖南省,地级市,core,2023,2023-12-31,prefecture_whole,official_debt,2496.00,4.23,,163.30,575.46,,389.53,387.08,541.11,540.97,930.64,928.05,99.72,37.18,568.31,568.31,28.38,,,未采集,SRC-CITY-PANEL-1990-2023;SRC-PROVINCE-DEBT-HUNAN-2023,A1,extracted,true,已从省级财政厅官方地级行政单元债务明细表提取；经济财政字段与债务字段的来源状态分开记录。
CN-431200,431200,怀化市,43,湖南省,地级市,core,2023,2023-12-31,prefecture_whole,official_debt,1949.00,5.60,,124.18,560.38,,408.11,407.40,604.72,601.33,1012.83,1008.72,99.59,51.76,812.30,812.30,22.16,,,未采集,SRC-CITY-PANEL-1990-2023;SRC-PROVINCE-DEBT-HUNAN-2023,A1,extracted,true,已从省级财政厅官方地级行政单元债务明细表提取；经济财政字段与债务字段的来源状态分开记录。
CN-431300,431300,娄底市,43,湖南省,地级市,core,2023,2023-12-31,prefecture_whole,official_debt,1991.00,5.00,,91.70,360.45,,336.50,335.25,333.91,332.11,670.41,667.36,99.55,33.52,727.76,727.76,25.44,,,未采集,SRC-CITY-PANEL-1990-2023;SRC-PROVINCE-DEBT-HUNAN-2023,A1,extracted,true,已从省级财政厅官方地级行政单元债务明细表提取；经济财政字段与债务字段的来源状态分开记录。
CN-433100,433100,湘西土家族苗族自治州,43,湖南省,自治州,extended,2023,2023-12-31,prefecture_whole,official_debt,,,,,,,294.75,286.05,284.96,284.95,579.71,571.00,98.50,,,,,,,未采集,SRC-PROVINCE-DEBT-HUNAN-2023,A1,extracted,true,已从省级财政厅官方地级行政单元债务明细表提取；经济财政字段与债务字段的来源状态分开记录。
CN-440100,440100,广州市,44,广东省,地级市,core,2023,2023-12-31,prefecture_whole,official_debt,30356.00,4.60,,1945.06,2971.65,,932.97,930.26,4694.91,4601.97,5627.88,5532.23,98.30,18.22,284.42,284.42,65.45,,,未采集,SRC-CITY-PANEL-1990-2023;SRC-OFFICIAL-DEBT-GUANGDONG-2023-TABLES35-36,A1,extracted,true,已从省级财政厅官方地级行政单元债务明细表提取；经济财政字段与债务字段的来源状态分开记录。
CN-440200,440200,韶关市,44,广东省,地级市,core,2023,2023-12-31,prefecture_whole,official_debt,1621.00,4.55,,101.15,368.43,,255.80,255.71,470.89,470.51,726.69,726.22,99.94,44.80,717.96,717.96,27.45,,,未采集,SRC-CITY-PANEL-1990-2023;SRC-OFFICIAL-DEBT-GUANGDONG-2023-TABLES35-36,A1,extracted,true,已从省级财政厅官方地级行政单元债务明细表提取；经济财政字段与债务字段的来源状态分开记录。
CN-440300,440300,深圳市,44,广东省,地级市,core,2023,2023-12-31,prefecture_whole,official_debt,34606.00,6.00,,4112.92,5012.43,,199.71,132.80,2574.47,2559.63,2774.18,2692.43,97.05,7.78,65.46,65.46,82.05,,,未采集,SRC-CITY-PANEL-1990-2023;SRC-OFFICIAL-DEBT-GUANGDONG-2023-TABLES35-36,A1,extracted,true,已从省级财政厅官方地级行政单元债务明细表提取；经济财政字段与债务字段的来源状态分开记录。
CN-440400,440400,珠海市,44,广东省,地级市,core,2023,2023-12-31,prefecture_whole,official_debt,4233.00,3.80,,482.51,671.86,,338.98,335.99,985.61,985.51,1324.59,1321.50,99.77,31.22,273.88,273.88,71.82,,,未采集,SRC-CITY-PANEL-1990-2023;SRC-OFFICIAL-DEBT-GUANGDONG-2023-TABLES35-36,A1,extracted,true,已从省级财政厅官方地级行政单元债务明细表提取；经济财政字段与债务字段的来源状态分开记录。
CN-440500,440500,汕头市,44,广东省,地级市,core,2023,2023-12-31,prefecture_whole,official_debt,3158.00,4.20,,133.07,372.46,,187.90,187.31,825.40,825.01,1013.30,1012.32,99.90,32.06,760.74,760.74,35.73,,,未采集,SRC-CITY-PANEL-1990-2023;SRC-OFFICIAL-DEBT-GUANGDONG-2023-TABLES35-36,A1,extracted,true,已从省级财政厅官方地级行政单元债务明细表提取；经济财政字段与债务字段的来源状态分开记录。
CN-440600,440600,佛山市,44,广东省,地级市,core,2023,2023-12-31,prefecture_whole,official_debt,13276.00,4.96,,800.46,982.73,,405.45,405.34,2355.15,2345.38,2760.60,2750.72,99.64,20.72,343.64,343.64,81.45,,,未采集,SRC-CITY-PANEL-1990-2023;SRC-OFFICIAL-DEBT-GUANGDONG-2023-TABLES35-36,A1,extracted,true,已从省级财政厅官方地级行政单元债务明细表提取；经济财政字段与债务字段的来源状态分开记录。
CN-440700,440700,江门市,44,广东省,地级市,core,2023,2023-12-31,prefecture_whole,official_debt,4022.00,5.50,,277.17,455.24,,318.77,318.55,770.58,769.14,1089.35,1087.69,99.85,27.04,392.43,392.43,60.88,,,未采集,SRC-CITY-PANEL-1990-2023;SRC-OFFICIAL-DEBT-GUANGDONG-2023-TABLES35-36,A1,extracted,true,已从省级财政厅官方地级行政单元债务明细表提取；经济财政字段与债务字段的来源状态分开记录。
CN-440800,440800,湛江市,44,广东省,地级市,core,2023,2023-12-31,prefecture_whole,official_debt,3794.00,2.95,,155.63,545.37,,286.96,286.75,827.56,827.34,1114.52,1114.09,99.96,29.36,715.86,715.86,28.54,,,未采集,SRC-CITY-PANEL-1990-2023;SRC-OFFICIAL-DEBT-GUANGDONG-2023-TABLES35-36,A1,extracted,true,已从省级财政厅官方地级行政单元债务明细表提取；经济财政字段与债务字段的来源状态分开记录。
CN-440900,440900,茂名市,44,广东省,地级市,core,2023,2023-12-31,prefecture_whole,official_debt,3987.00,3.65,,145.48,513.78,,231.18,230.84,577.21,576.63,808.39,807.47,99.89,20.25,555.04,555.04,28.32,,,未采集,SRC-CITY-PANEL-1990-2023;SRC-OFFICIAL-DEBT-GUANGDONG-2023-TABLES35-36,A1,extracted,true,已从省级财政厅官方地级行政单元债务明细表提取；经济财政字段与债务字段的来源状态分开记录。
CN-441200,441200,肇庆市,44,广东省,地级市,core,2023,2023-12-31,prefecture_whole,official_debt,2793.00,3.66,,176.56,416.91,,244.83,244.51,888.60,888.60,1133.43,1133.11,99.97,40.57,641.77,641.77,42.35,,,未采集,SRC-CITY-PANEL-1990-2023;SRC-OFFICIAL-DEBT-GUANGDONG-2023-TABLES35-36,A1,extracted,true,已从省级财政厅官方地级行政单元债务明细表提取；经济财政字段与债务字段的来源状态分开记录。
CN-441300,441300,惠州市,44,广东省,地级市,core,2023,2023-12-31,prefecture_whole,official_debt,5640.00,5.60,,473.30,726.73,,422.80,422.17,809.28,809.25,1232.08,1231.42,99.95,21.83,260.18,260.18,65.13,,,未采集,SRC-CITY-PANEL-1990-2023;SRC-OFFICIAL-DEBT-GUANGDONG-2023-TABLES35-36,A1,extracted,true,已从省级财政厅官方地级行政单元债务明细表提取；经济财政字段与债务字段的来源状态分开记录。
CN-441400,441400,梅州市,44,广东省,地级市,core,2023,2023-12-31,prefecture_whole,official_debt,1408.00,6.46,,92.72,425.16,,347.79,347.75,465.69,465.68,813.48,813.43,99.99,57.77,877.30,877.30,21.81,,,未采集,SRC-CITY-PANEL-1990-2023;SRC-OFFICIAL-DEBT-GUANGDONG-2023-TABLES35-36,A1,extracted,true,已从省级财政厅官方地级行政单元债务明细表提取；经济财政字段与债务字段的来源状态分开记录。
CN-441500,441500,汕尾市,44,广东省,地级市,core,2023,2023-12-31,prefecture_whole,official_debt,1431.00,4.96,,66.52,266.44,,119.53,119.42,476.80,476.78,596.33,596.20,99.98,41.66,896.27,896.27,24.97,,,未采集,SRC-CITY-PANEL-1990-2023;SRC-OFFICIAL-DEBT-GUANGDONG-2023-TABLES35-36,A1,extracted,true,已从省级财政厅官方地级行政单元债务明细表提取；经济财政字段与债务字段的来源状态分开记录。
CN-441600,441600,河源市,44,广东省,地级市,core,2023,2023-12-31,prefecture_whole,official_debt,1348.00,4.00,,72.91,333.61,,245.79,245.74,406.74,406.54,652.53,652.28,99.96,48.39,894.64,894.64,21.85,,,未采集,SRC-CITY-PANEL-1990-2023;SRC-OFFICIAL-DEBT-GUANGDONG-2023-TABLES35-36,A1,extracted,true,已从省级财政厅官方地级行政单元债务明细表提取；经济财政字段与债务字段的来源状态分开记录。
CN-441700,441700,阳江市,44,广东省,地级市,core,2023,2023-12-31,prefecture_whole,official_debt,1582.00,3.80,,78.71,263.75,,182.96,182.63,260.81,260.80,443.77,443.43,99.92,28.03,563.37,563.37,29.84,,,未采集,SRC-CITY-PANEL-1990-2023;SRC-OFFICIAL-DEBT-GUANGDONG-2023-TABLES35-36,A1,extracted,true,已从省级财政厅官方地级行政单元债务明细表提取；经济财政字段与债务字段的来源状态分开记录。
CN-441800,441800,清远市,44,广东省,地级市,core,2023,2023-12-31,prefecture_whole,official_debt,2120.00,4.45,,152.00,428.74,,224.47,224.02,702.33,693.63,926.80,917.65,99.01,43.29,603.72,603.72,35.45,,,未采集,SRC-CITY-PANEL-1990-2023;SRC-OFFICIAL-DEBT-GUANGDONG-2023-TABLES35-36,A1,extracted,true,已从省级财政厅官方地级行政单元债务明细表提取；经济财政字段与债务字段的来源状态分开记录。
CN-441900,441900,东莞市,44,广东省,地级市,core,2023,2023-12-31,prefecture_whole,official_debt,11438.00,2.55,,805.09,905.85,,519.87,519.59,1103.66,1103.06,1623.53,1622.65,99.95,14.19,201.55,201.55,88.88,,,未采集,SRC-CITY-PANEL-1990-2023;SRC-OFFICIAL-DEBT-GUANGDONG-2023-TABLES35-36,A1,extracted,true,已从省级财政厅官方地级行政单元债务明细表提取；经济财政字段与债务字段的来源状态分开记录。
CN-442000,442000,中山市,44,广东省,地级市,core,2023,2023-12-31,prefecture_whole,official_debt,3851.00,5.60,,332.98,465.87,,80.18,80.17,796.18,796.17,876.36,876.34,100.00,22.76,263.18,263.18,71.47,,,未采集,SRC-CITY-PANEL-1990-2023;SRC-OFFICIAL-DEBT-GUANGDONG-2023-TABLES35-36,A1,extracted,true,已从省级财政厅官方地级行政单元债务明细表提取；经济财政字段与债务字段的来源状态分开记录。
CN-445100,445100,潮州市,44,广东省,地级市,core,2023,2023-12-31,prefecture_whole,official_debt,1357.00,3.00,,59.67,201.80,,178.61,178.60,222.74,222.74,401.35,401.34,100.00,29.58,672.60,672.60,29.57,,,未采集,SRC-CITY-PANEL-1990-2023;SRC-OFFICIAL-DEBT-GUANGDONG-2023-TABLES35-36,A1,extracted,true,已从省级财政厅官方地级行政单元债务明细表提取；经济财政字段与债务字段的来源状态分开记录。
CN-445200,445200,揭阳市,44,广东省,地级市,core,2023,2023-12-31,prefecture_whole,official_debt,2445.00,7.50,,101.11,386.86,,177.96,177.91,323.91,323.72,501.87,501.63,99.95,20.52,496.12,496.12,26.14,,,未采集,SRC-CITY-PANEL-1990-2023;SRC-OFFICIAL-DEBT-GUANGDONG-2023-TABLES35-36,A1,extracted,true,已从省级财政厅官方地级行政单元债务明细表提取；经济财政字段与债务字段的来源状态分开记录。
CN-445300,445300,云浮市,44,广东省,地级市,core,2023,2023-12-31,prefecture_whole,official_debt,1207.00,3.80,,92.93,257.08,,205.77,205.75,314.12,313.81,519.89,519.56,99.94,43.05,559.09,559.09,36.15,,,未采集,SRC-CITY-PANEL-1990-2023;SRC-OFFICIAL-DEBT-GUANGDONG-2023-TABLES35-36,A1,extracted,true,已从省级财政厅官方地级行政单元债务明细表提取；经济财政字段与债务字段的来源状态分开记录。
CN-450100,450100,南宁市,45,广西壮族自治区,地级市,core,2023,2023-12-31,prefecture_whole,secondary_debt,5469.00,4.00,,400.88,816.48,,,,,,,1483.42,,27.12,370.04,370.04,49.10,,,未采集,SRC-CITY-PANEL-1990-2023;SRC-SECONDARY-DEBT-GUANGXI-2023-TOP3,B2,needs_review,true,已接入评级报告或其他二手公开来源的债务补缺值；不等同于官方决算数据，必须回到财政/人大预算决算或官方债务表复核。
CN-450200,450200,柳州市,45,广西壮族自治区,地级市,core,2023,2023-12-31,prefecture_whole,secondary_debt,3116.00,2.75,,156.57,379.71,,,,,,,897.70,,28.81,573.35,573.35,41.23,,,未采集,SRC-CITY-PANEL-1990-2023;SRC-SECONDARY-DEBT-GUANGXI-2023-TOP3,B2,needs_review,true,已接入评级报告或其他二手公开来源的债务补缺值；不等同于官方决算数据，必须回到财政/人大预算决算或官方债务表复核。
CN-450300,450300,桂林市,45,广西壮族自治区,地级市,core,2023,2023-12-31,prefecture_whole,secondary_debt,2523.00,3.50,,115.67,489.19,,,,,,,846.00,,33.53,731.39,731.39,23.65,,,未采集,SRC-CITY-PANEL-1990-2023;SRC-SECONDARY-DEBT-GUANGXI-2023-TOP3,B2,needs_review,true,已接入评级报告或其他二手公开来源的债务补缺值；不等同于官方决算数据，必须回到财政/人大预算决算或官方债务表复核。
CN-450400,450400,梧州市,45,广西壮族自治区,地级市,core,2023,2023-12-31,prefecture_whole,secondary_debt,1491.00,4.80,,73.18,267.14,,,,,,,545.92,,36.61,746.00,746.00,27.39,,,未采集,SRC-CITY-PANEL-1990-2023;SRC-SECONDARY-DEBT-GUANGXI-WUZHOU-2023,B2,needs_review,true,已接入评级报告或其他二手公开来源的债务补缺值；不等同于官方决算数据，必须回到财政/人大预算决算或官方债务表复核。
CN-450500,450500,北海市,45,广西壮族自治区,地级市,core,2023,2023-12-31,prefecture_whole,secondary_debt,1751.00,5.78,,85.41,194.02,,,,,,,338.81,,19.35,396.69,396.69,44.02,,,未采集,SRC-CITY-PANEL-1990-2023;SRC-SECONDARY-DEBT-GUANGXI-CITIES-2023-CCXI,B2,needs_review,true,已接入评级报告或其他二手公开来源的债务补缺值；不等同于官方决算数据，必须回到财政/人大预算决算或官方债务表复核。
CN-450600,450600,防城港市,45,广西壮族自治区,地级市,core,2023,2023-12-31,prefecture_whole,official_debt,1036.00,8.55,,60.11,160.65,,,132.66,,160.67,,293.33,,28.31,487.99,487.99,37.42,,,未采集,SRC-CITY-PANEL-1990-2023;SRC-OFFICIAL-DEBT-GUANGXI-FANGCHENGGANG-2023,A2,extracted,true,已从省级财政厅官方地级行政单元债务明细表提取；经济财政字段与债务字段的来源状态分开记录。
CN-450700,450700,钦州市,45,广西壮族自治区,地级市,core,2023,2023-12-31,prefecture_whole,secondary_debt,1961.00,6.00,,84.60,274.38,,,,,,,606.43,,30.92,716.82,716.82,30.83,,,未采集,SRC-CITY-PANEL-1990-2023;SRC-SECONDARY-DEBT-GUANGXI-CITIES-2023-CCXI,B2,needs_review,true,已接入评级报告或其他二手公开来源的债务补缺值；不等同于官方决算数据，必须回到财政/人大预算决算或官方债务表复核。
CN-450800,450800,贵港市,45,广西壮族自治区,地级市,core,2023,2023-12-31,prefecture_whole,secondary_debt,1573.00,0.10,,72.59,326.64,,,,,,,476.30,,30.28,656.15,656.15,22.22,,,未采集,SRC-CITY-PANEL-1990-2023;SRC-SECONDARY-DEBT-GUANGXI-CITIES-2023-CCXI,B2,needs_review,true,已接入评级报告或其他二手公开来源的债务补缺值；不等同于官方决算数据，必须回到财政/人大预算决算或官方债务表复核。
CN-450900,450900,玉林市,45,广西壮族自治区,地级市,core,2023,2023-12-31,prefecture_whole,secondary_debt,2194.00,3.30,,89.89,405.39,,,,,,,600.43,,27.37,667.96,667.96,22.17,,,未采集,SRC-CITY-PANEL-1990-2023;SRC-SECONDARY-DEBT-GUANGXI-YULIN-2023,B2,needs_review,true,已接入评级报告或其他二手公开来源的债务补缺值；不等同于官方决算数据，必须回到财政/人大预算决算或官方债务表复核。
CN-451000,451000,百色市,45,广西壮族自治区,地级市,core,2023,2023-12-31,prefecture_whole,secondary_debt,1850.00,6.10,,113.24,494.84,,,,,,,681.17,,36.82,601.53,601.53,22.88,,,未采集,SRC-CITY-PANEL-1990-2023;SRC-SECONDARY-DEBT-GUANGXI-CITIES-2023-CCXI,B2,needs_review,true,已接入评级报告或其他二手公开来源的债务补缺值；不等同于官方决算数据，必须回到财政/人大预算决算或官方债务表复核。
CN-451100,451100,贺州市,45,广西壮族自治区,地级市,core,2023,2023-12-31,prefecture_whole,official_debt,975.00,3.20,,47.09,217.35,,,154.59,,227.09,,381.68,,39.15,810.53,810.53,21.67,,,未采集,SRC-CITY-PANEL-1990-2023;SRC-OFFICIAL-DEBT-GUANGXI-HEZHOU-2023,A2,extracted,true,已从省级财政厅官方地级行政单元债务明细表提取；经济财政字段与债务字段的来源状态分开记录。
CN-451200,451200,河池市,45,广西壮族自治区,地级市,core,2023,2023-12-31,prefecture_whole,secondary_debt,1163.00,2.20,,62.36,406.01,,,,,,,463.05,,39.82,742.54,742.54,15.36,,,未采集,SRC-CITY-PANEL-1990-2023;SRC-SECONDARY-DEBT-GUANGXI-CITIES-2023-CCXI,B2,needs_review,true,已接入评级报告或其他二手公开来源的债务补缺值；不等同于官方决算数据，必须回到财政/人大预算决算或官方债务表复核。
CN-451300,451300,来宾市,45,广西壮族自治区,地级市,core,2023,2023-12-31,prefecture_whole,official_debt,981.00,5.10,,55.82,233.45,,,268.43,,200.38,,468.81,,47.79,839.86,839.86,23.91,,,未采集,SRC-CITY-PANEL-1990-2023;SRC-OFFICIAL-DEBT-GUANGXI-LAIBIN-2023,A2,extracted,true,已从省级财政厅官方地级行政单元债务明细表提取；经济财政字段与债务字段的来源状态分开记录。
CN-451400,451400,崇左市,45,广西壮族自治区,地级市,core,2023,2023-12-31,prefecture_whole,secondary_debt,1118.00,6.20,,50.37,264.99,,,,,,,452.38,,40.46,898.11,898.11,19.01,,,未采集,SRC-CITY-PANEL-1990-2023;SRC-SECONDARY-DEBT-GUANGXI-CITIES-2023-CCXI,B2,needs_review,true,已接入评级报告或其他二手公开来源的债务补缺值；不等同于官方决算数据，必须回到财政/人大预算决算或官方债务表复核。
CN-460100,460100,海口市,46,海南省,地级市,core,2023,2023-12-31,prefecture_whole,official_debt,2358.00,9.30,,266.87,369.54,,230.47,228.11,661.94,661.34,892.40,889.45,99.67,37.72,333.29,333.29,72.22,,,未采集,SRC-CITY-PANEL-1990-2023;SRC-CELMA-DEBT-HAINAN-2023,A2,extracted,true,已从省级财政厅官方地级行政单元债务明细表提取；经济财政字段与债务字段的来源状态分开记录。
CN-460200,460200,三亚市,46,海南省,地级市,core,2023,2023-12-31,prefecture_whole,official_debt,971.00,12.00,,147.42,232.50,,153.47,153.43,443.92,441.57,597.39,594.99,99.60,61.28,403.60,403.60,63.41,,,未采集,SRC-CITY-PANEL-1990-2023;SRC-CELMA-DEBT-HAINAN-2023,A2,extracted,true,已从省级财政厅官方地级行政单元债务明细表提取；经济财政字段与债务字段的来源状态分开记录。
CN-460300,460300,三沙市,46,海南省,地级市,core,2023,2023-12-31,prefecture_whole,provisional,,,,,,,,,,,,,,,,,,,,未采集,SRC-CITY-PANEL-1990-2023,D,needs_review,true,公开研究型城市面板；字段口径与来源链条未完全公开，作为 provisional 暂存值，待官方年鉴/公报复核。
CN-460400,460400,儋州市,46,海南省,地级市,core,2023,2023-12-31,prefecture_whole,official_debt,1003.00,11.85,,66.38,164.61,,110.39,110.00,216.99,216.94,327.38,326.94,99.87,32.60,492.53,492.53,40.33,,,未采集,SRC-CITY-PANEL-1990-2023;SRC-CELMA-DEBT-HAINAN-2023,A2,extracted,true,已从省级财政厅官方地级行政单元债务明细表提取；经济财政字段与债务字段的来源状态分开记录。
CN-469000,469000,省直辖县级行政区划,46,海南省,地级市,core,2023,2023-12-31,prefecture_whole,official_debt_calculated,,,,,,,,487.08,,396.87,,883.95,,,,,,,,未采集,SRC-OFFICIAL-DEBT-HAINAN-DIRECT-COUNTY-2023,A2,extracted,true,已从省级财政厅官方地级行政单元债务明细表提取；经济财政字段与债务字段的来源状态分开记录。
CN-500000,500000,重庆市,50,重庆市,直辖市,separate,2023,2023-12-31,prefecture_whole,official_debt,30146.00,6.10,,2440.77,5304.56,,3737.60,3713.66,8549.40,8544.10,12287.00,12257.76,99.76,40.66,502.21,502.21,46.01,,,未采集,SRC-CITY-PANEL-1990-2023;SRC-PROVINCE-DEBT-CHONGQING-2023,A1,extracted,true,已从省级财政厅官方地级行政单元债务明细表提取；经济财政字段与债务字段的来源状态分开记录。
CN-510100,510100,成都市,51,四川省,地级市,core,2023,2023-12-31,prefecture_whole,official_debt,22075.00,6.00,,1929.06,2586.83,,1384.20,1328.90,3999.20,3899.80,5383.40,5228.70,97.13,23.69,271.05,271.05,74.57,,,未采集,SRC-CITY-PANEL-1990-2023;SRC-OFFICIAL-DEBT-SICHUAN-CITIES-2023,A1,extracted,true,已从省级财政厅官方地级行政单元债务明细表提取；经济财政字段与债务字段的来源状态分开记录。
CN-510300,510300,自贡市,51,四川省,地级市,core,2023,2023-12-31,prefecture_whole,official_debt,1750.00,6.20,,81.38,297.67,,217.80,212.80,529.30,524.80,747.10,737.60,98.73,42.15,906.37,906.37,27.34,,,未采集,SRC-CITY-PANEL-1990-2023;SRC-OFFICIAL-DEBT-SICHUAN-CITIES-2023,A1,extracted,true,已从省级财政厅官方地级行政单元债务明细表提取；经济财政字段与债务字段的来源状态分开记录。
CN-510400,510400,攀枝花市,51,四川省,地级市,core,2023,2023-12-31,prefecture_whole,official_debt,1304.00,6.47,,101.23,175.81,,153.50,147.00,117.00,113.20,270.50,260.20,96.19,19.95,257.04,257.04,57.58,,,未采集,SRC-CITY-PANEL-1990-2023;SRC-OFFICIAL-DEBT-SICHUAN-CITIES-2023,A1,extracted,true,已从省级财政厅官方地级行政单元债务明细表提取；经济财政字段与债务字段的来源状态分开记录。
CN-510500,510500,泸州市,51,四川省,地级市,core,2023,2023-12-31,prefecture_whole,official_debt,2726.00,5.60,,212.38,472.71,,293.20,288.20,708.80,706.00,1002.00,994.20,99.22,36.47,468.12,468.12,44.93,,,未采集,SRC-CITY-PANEL-1990-2023;SRC-OFFICIAL-DEBT-SICHUAN-CITIES-2023,A1,extracted,true,已从省级财政厅官方地级行政单元债务明细表提取；经济财政字段与债务字段的来源状态分开记录。
CN-510600,510600,德阳市,51,四川省,地级市,core,2023,2023-12-31,prefecture_whole,official_debt,3014.00,6.70,,183.60,391.51,,168.70,166.40,599.50,594.50,768.20,760.90,99.05,25.25,414.43,414.43,46.90,,,未采集,SRC-CITY-PANEL-1990-2023;SRC-OFFICIAL-DEBT-SICHUAN-CITIES-2023,A1,extracted,true,已从省级财政厅官方地级行政单元债务明细表提取；经济财政字段与债务字段的来源状态分开记录。
CN-510700,510700,绵阳市,51,四川省,地级市,core,2023,2023-12-31,prefecture_whole,official_debt,4039.00,8.00,,201.47,577.60,,353.80,345.90,726.10,719.80,1079.90,1065.70,98.69,26.39,528.96,528.96,34.88,,,未采集,SRC-CITY-PANEL-1990-2023;SRC-OFFICIAL-DEBT-SICHUAN-CITIES-2023,A1,extracted,true,已从省级财政厅官方地级行政单元债务明细表提取；经济财政字段与债务字段的来源状态分开记录。
CN-510800,510800,广元市,51,四川省,地级市,core,2023,2023-12-31,prefecture_whole,official_debt,1180.00,6.20,,68.12,337.33,,254.60,245.70,317.80,306.30,572.40,552.00,96.44,46.78,810.33,810.33,20.19,,,未采集,SRC-CITY-PANEL-1990-2023;SRC-OFFICIAL-DEBT-SICHUAN-CITIES-2023,A1,extracted,true,已从省级财政厅官方地级行政单元债务明细表提取；经济财政字段与债务字段的来源状态分开记录。
CN-510900,510900,遂宁市,51,四川省,地级市,core,2023,2023-12-31,prefecture_whole,official_debt,1715.00,6.70,,113.64,310.04,,222.40,217.30,547.20,538.10,769.60,755.40,98.15,44.05,664.73,664.73,36.65,,,未采集,SRC-CITY-PANEL-1990-2023;SRC-OFFICIAL-DEBT-SICHUAN-CITIES-2023,A1,extracted,true,已从省级财政厅官方地级行政单元债务明细表提取；经济财政字段与债务字段的来源状态分开记录。
CN-511000,511000,内江市,51,四川省,地级市,core,2023,2023-12-31,prefecture_whole,official_debt,1807.00,7.00,,85.21,308.70,,334.90,325.10,388.10,373.60,723.00,698.70,96.64,38.67,819.97,819.97,27.60,,,未采集,SRC-CITY-PANEL-1990-2023;SRC-OFFICIAL-DEBT-SICHUAN-CITIES-2023,A1,extracted,true,已从省级财政厅官方地级行政单元债务明细表提取；经济财政字段与债务字段的来源状态分开记录。
CN-511100,511100,乐山市,51,四川省,地级市,core,2023,2023-12-31,prefecture_whole,official_debt,2448.00,6.50,,159.60,360.52,,241.90,234.60,518.50,513.30,760.40,747.90,98.36,30.55,468.61,468.61,44.27,,,未采集,SRC-CITY-PANEL-1990-2023;SRC-OFFICIAL-DEBT-SICHUAN-CITIES-2023,A1,extracted,true,已从省级财政厅官方地级行政单元债务明细表提取；经济财政字段与债务字段的来源状态分开记录。
CN-511300,511300,南充市,51,四川省,地级市,core,2023,2023-12-31,prefecture_whole,official_debt,2735.00,5.50,,110.20,556.50,,388.00,379.30,747.80,731.70,1135.80,1111.00,97.82,40.62,1008.17,1008.17,19.80,,,未采集,SRC-CITY-PANEL-1990-2023;SRC-OFFICIAL-DEBT-SICHUAN-CITIES-2023,A1,extracted,true,已从省级财政厅官方地级行政单元债务明细表提取；经济财政字段与债务字段的来源状态分开记录。
CN-511400,511400,眉山市,51,四川省,地级市,core,2023,2023-12-31,prefecture_whole,official_debt,1737.00,6.20,,159.84,369.21,,227.20,217.50,534.30,498.90,761.50,716.40,94.08,41.24,448.20,448.20,43.29,,,未采集,SRC-CITY-PANEL-1990-2023;SRC-OFFICIAL-DEBT-SICHUAN-CITIES-2023,A1,extracted,true,已从省级财政厅官方地级行政单元债务明细表提取；经济财政字段与债务字段的来源状态分开记录。
CN-511500,511500,宜宾市,51,四川省,地级市,core,2023,2023-12-31,prefecture_whole,official_debt,3807.00,7.50,,313.99,663.69,,327.00,322.50,787.60,779.40,1114.60,1101.90,98.86,28.94,350.93,350.93,47.31,,,未采集,SRC-CITY-PANEL-1990-2023;SRC-OFFICIAL-DEBT-SICHUAN-CITIES-2023,A1,extracted,true,已从省级财政厅官方地级行政单元债务明细表提取；经济财政字段与债务字段的来源状态分开记录。
CN-511600,511600,广安市,51,四川省,地级市,core,2023,2023-12-31,prefecture_whole,official_debt,1513.00,6.60,,105.67,347.26,,236.20,229.50,451.80,448.60,688.00,678.10,98.56,44.82,641.71,641.71,30.43,,,未采集,SRC-CITY-PANEL-1990-2023;SRC-OFFICIAL-DEBT-SICHUAN-CITIES-2023,A1,extracted,true,已从省级财政厅官方地级行政单元债务明细表提取；经济财政字段与债务字段的来源状态分开记录。
CN-511700,511700,达州市,51,四川省,地级市,core,2023,2023-12-31,prefecture_whole,official_debt,2657.00,6.50,,182.66,551.39,,397.90,387.20,630.00,619.00,1027.90,1006.20,97.89,37.87,550.86,550.86,33.13,,,未采集,SRC-CITY-PANEL-1990-2023;SRC-OFFICIAL-DEBT-SICHUAN-CITIES-2023,A1,extracted,true,已从省级财政厅官方地级行政单元债务明细表提取；经济财政字段与债务字段的来源状态分开记录。
CN-511800,511800,雅安市,51,四川省,地级市,core,2023,2023-12-31,prefecture_whole,official_debt,1010.00,5.80,,78.79,223.97,,116.10,108.30,277.00,259.00,393.10,367.30,93.44,36.37,466.18,466.18,35.18,,,未采集,SRC-CITY-PANEL-1990-2023;SRC-OFFICIAL-DEBT-SICHUAN-CITIES-2023,A1,extracted,true,已从省级财政厅官方地级行政单元债务明细表提取；经济财政字段与债务字段的来源状态分开记录。
CN-511900,511900,巴中市,51,四川省,地级市,core,2023,2023-12-31,prefecture_whole,official_debt,780.00,6.00,,56.07,339.78,,395.70,392.90,423.20,407.50,818.90,800.40,97.74,102.62,1427.50,1427.50,16.50,,,未采集,SRC-CITY-PANEL-1990-2023;SRC-OFFICIAL-DEBT-SICHUAN-CITIES-2023,A1,extracted,true,已从省级财政厅官方地级行政单元债务明细表提取；经济财政字段与债务字段的来源状态分开记录。
CN-512000,512000,资阳市,51,四川省,地级市,core,2023,2023-12-31,prefecture_whole,official_debt,1019.00,5.80,,70.31,255.23,,260.80,255.20,317.50,311.30,578.30,566.50,97.96,55.59,805.72,805.72,27.55,,,未采集,SRC-CITY-PANEL-1990-2023;SRC-OFFICIAL-DEBT-SICHUAN-CITIES-2023,A1,extracted,true,已从省级财政厅官方地级行政单元债务明细表提取；经济财政字段与债务字段的来源状态分开记录。
CN-513200,513200,阿坝藏族羌族自治州,51,四川省,自治州,extended,2023,2023-12-31,prefecture_whole,official_debt,,,,,,,92.20,80.90,69.40,69.30,161.60,150.20,92.95,,,,,,,未采集,SRC-OFFICIAL-DEBT-SICHUAN-CITIES-2023,A1,extracted,true,已从省级财政厅官方地级行政单元债务明细表提取；经济财政字段与债务字段的来源状态分开记录。
CN-513300,513300,甘孜藏族自治州,51,四川省,自治州,extended,2023,2023-12-31,prefecture_whole,official_debt,,,,,,,105.20,101.80,42.30,41.20,147.50,143.00,96.95,,,,,,,未采集,SRC-OFFICIAL-DEBT-SICHUAN-CITIES-2023,A1,extracted,true,已从省级财政厅官方地级行政单元债务明细表提取；经济财政字段与债务字段的来源状态分开记录。
CN-513400,513400,凉山彝族自治州,51,四川省,自治州,extended,2023,2023-12-31,prefecture_whole,official_debt,,,,,,,339.20,328.80,176.90,169.10,516.10,497.90,96.47,,,,,,,未采集,SRC-OFFICIAL-DEBT-SICHUAN-CITIES-2023,A1,extracted,true,已从省级财政厅官方地级行政单元债务明细表提取；经济财政字段与债务字段的来源状态分开记录。
CN-520100,520100,贵阳市,52,贵州省,地级市,core,2023,2023-12-31,prefecture_whole,official_debt,5155.00,6.00,,446.20,778.61,,789.75,761.10,2681.66,2674.71,3471.41,3435.81,98.97,66.65,770.02,770.02,57.31,,,未采集,SRC-CITY-PANEL-1990-2023;SRC-PROVINCE-DEBT-GUIZHOU-2023,A1,extracted,true,已从省级财政厅官方地级行政单元债务明细表提取；经济财政字段与债务字段的来源状态分开记录。
CN-520200,520200,六盘水市,52,贵州省,地级市,core,2023,2023-12-31,prefecture_whole,official_debt,1558.00,3.20,,110.33,341.09,,677.71,655.58,324.57,279.69,1002.28,935.27,93.31,60.03,847.70,847.70,32.35,,,未采集,SRC-CITY-PANEL-1990-2023;SRC-PROVINCE-DEBT-GUIZHOU-2023,A1,extracted,true,已从省级财政厅官方地级行政单元债务明细表提取；经济财政字段与债务字段的来源状态分开记录。
CN-520300,520300,遵义市,52,贵州省,地级市,core,2023,2023-12-31,prefecture_whole,official_debt,4602.00,6.80,,326.37,825.06,,1617.19,1533.27,822.58,818.29,2439.77,2351.56,96.38,51.10,720.52,720.52,39.56,,,未采集,SRC-CITY-PANEL-1990-2023;SRC-PROVINCE-DEBT-GUIZHOU-2023,A1,extracted,true,已从省级财政厅官方地级行政单元债务明细表提取；经济财政字段与债务字段的来源状态分开记录。
CN-520400,520400,安顺市,52,贵州省,地级市,core,2023,2023-12-31,prefecture_whole,official_debt,1100.00,3.00,,69.25,299.40,,417.83,410.91,317.59,315.67,735.42,726.58,98.80,66.05,1049.21,1049.21,23.13,,,未采集,SRC-CITY-PANEL-1990-2023;SRC-PROVINCE-DEBT-GUIZHOU-2023,A1,extracted,true,已从省级财政厅官方地级行政单元债务明细表提取；经济财政字段与债务字段的来源状态分开记录。
CN-520500,520500,毕节市,52,贵州省,地级市,core,2023,2023-12-31,prefecture_whole,official_debt,2302.00,4.90,,129.64,708.36,,965.44,941.88,482.10,435.68,1447.54,1377.56,95.17,59.84,1062.60,1062.60,18.30,,,未采集,SRC-CITY-PANEL-1990-2023;SRC-PROVINCE-DEBT-GUIZHOU-2023,A1,extracted,true,已从省级财政厅官方地级行政单元债务明细表提取；经济财政字段与债务字段的来源状态分开记录。
CN-520600,520600,铜仁市,52,贵州省,地级市,core,2023,2023-12-31,prefecture_whole,official_debt,1514.00,3.60,,72.26,471.26,,791.89,708.02,435.92,387.13,1227.81,1095.15,89.20,72.33,1515.57,1515.57,15.33,,,未采集,SRC-CITY-PANEL-1990-2023;SRC-PROVINCE-DEBT-GUIZHOU-2023,A1,extracted,true,已从省级财政厅官方地级行政单元债务明细表提取；经济财政字段与债务字段的来源状态分开记录。
CN-522300,522300,黔西南布依族苗族自治州,52,贵州省,自治州,extended,2023,2023-12-31,prefecture_whole,official_debt,,,,,,,604.14,541.61,408.52,351.87,1012.66,893.48,88.23,,,,,,,未采集,SRC-PROVINCE-DEBT-GUIZHOU-2023,A1,extracted,true,已从省级财政厅官方地级行政单元债务明细表提取；经济财政字段与债务字段的来源状态分开记录。
CN-522600,522600,黔东南苗族侗族自治州,52,贵州省,自治州,extended,2023,2023-12-31,prefecture_whole,official_debt,,,,,,,513.94,451.97,459.74,420.02,973.68,871.99,89.56,,,,,,,未采集,SRC-PROVINCE-DEBT-GUIZHOU-2023,A1,extracted,true,已从省级财政厅官方地级行政单元债务明细表提取；经济财政字段与债务字段的来源状态分开记录。
CN-522700,522700,黔南布依族苗族自治州,52,贵州省,自治州,extended,2023,2023-12-31,prefecture_whole,official_debt,,,,,,,740.39,688.73,647.32,627.92,1387.71,1316.65,94.88,,,,,,,未采集,SRC-PROVINCE-DEBT-GUIZHOU-2023,A1,extracted,true,已从省级财政厅官方地级行政单元债务明细表提取；经济财政字段与债务字段的来源状态分开记录。
CN-530100,530100,昆明市,53,云南省,地级市,core,2023,2023-12-31,prefecture_whole,secondary_debt,7865.00,3.30,,558.00,837.79,,,,,,,2566.20,,32.63,459.89,459.89,66.60,,,未采集,SRC-CITY-PANEL-1990-2023;SRC-SECONDARY-DEBT-YUNNAN-2023-TOP3,B2,needs_review,true,已接入评级报告或其他二手公开来源的债务补缺值；不等同于官方决算数据，必须回到财政/人大预算决算或官方债务表复核。
CN-530300,530300,曲靖市,53,云南省,地级市,core,2023,2023-12-31,prefecture_whole,secondary_debt,4049.00,7.50,,175.41,539.32,,,,,,,943.40,,23.30,537.83,537.83,32.52,,,未采集,SRC-CITY-PANEL-1990-2023;SRC-SECONDARY-DEBT-YUNNAN-2023-TOP3,B2,needs_review,true,已接入评级报告或其他二手公开来源的债务补缺值；不等同于官方决算数据，必须回到财政/人大预算决算或官方债务表复核。
CN-530400,530400,玉溪市,53,云南省,地级市,core,2023,2023-12-31,prefecture_whole,official_debt,2565.00,3.50,,134.76,248.07,,,,,,,744.99,,29.04,552.83,552.83,54.32,,,未采集,SRC-CITY-PANEL-1990-2023;SRC-OFFICIAL-DEBT-YUNNAN-YUXI-2023,A2,extracted,true,已从省级财政厅官方地级行政单元债务明细表提取；经济财政字段与债务字段的来源状态分开记录。
CN-530500,530500,保山市,53,云南省,地级市,core,2023,2023-12-31,prefecture_whole,official_debt,1254.00,1.40,,69.52,246.68,,293.42,290.50,346.22,341.49,639.64,631.99,98.80,50.40,909.08,909.08,28.18,,,未采集,SRC-CITY-PANEL-1990-2023;SRC-CITY-DEBT-YUNNAN-BAOSHAN-2023,A1,extracted,true,已从省级财政厅官方地级行政单元债务明细表提取；经济财政字段与债务字段的来源状态分开记录。
CN-530600,530600,昭通市,53,云南省,地级市,core,2023,2023-12-31,prefecture_whole,secondary_debt,1644.00,7.70,,105.92,575.45,,,,,,,1089.70,,66.28,1028.80,1028.80,18.41,,,未采集,SRC-CITY-PANEL-1990-2023;SRC-SECONDARY-DEBT-YUNNAN-2023-TOP3,B2,needs_review,true,已接入评级报告或其他二手公开来源的债务补缺值；不等同于官方决算数据，必须回到财政/人大预算决算或官方债务表复核。
CN-530700,530700,丽江市,53,云南省,地级市,core,2023,2023-12-31,prefecture_whole,secondary_debt,672.00,7.50,,46.77,175.29,,,,,,,419.34,,62.40,896.60,896.60,26.68,,,未采集,SRC-CITY-PANEL-1990-2023;SRC-SECONDARY-DEBT-YUNNAN-LIJIANG-2023,B2,needs_review,true,已接入评级报告或其他二手公开来源的债务补缺值；不等同于官方决算数据，必须回到财政/人大预算决算或官方债务表复核。
CN-530800,530800,普洱市,53,云南省,地级市,core,2023,2023-12-31,prefecture_whole,secondary_debt,1091.00,3.60,,72.45,326.97,,,,,,,516.35,,47.33,712.70,712.70,22.16,,,未采集,SRC-CITY-PANEL-1990-2023;SRC-SECONDARY-DEBT-YUNNAN-PUER-2023,B2,needs_review,true,已接入评级报告或其他二手公开来源的债务补缺值；不等同于官方决算数据，必须回到财政/人大预算决算或官方债务表复核。
CN-530900,530900,临沧市,53,云南省,地级市,core,2023,2023-12-31,prefecture_whole,official_debt,1050.00,3.80,,50.19,268.11,,,,,,,525.69,,50.07,1047.40,1047.40,18.72,,,未采集,SRC-CITY-PANEL-1990-2023;SRC-OFFICIAL-DEBT-YUNNAN-LINCANG-2023,A2,extracted,true,已从省级财政厅官方地级行政单元债务明细表提取；经济财政字段与债务字段的来源状态分开记录。
CN-532300,532300,楚雄彝族自治州,53,云南省,自治州,extended,2023,2023-12-31,prefecture_whole,official_debt,,,,,,,,,,,,589.41,,,,,,,,未采集,SRC-OFFICIAL-DEBT-YUNNAN-CHUXIONG-2023,A2,extracted,true,已从省级财政厅官方地级行政单元债务明细表提取；经济财政字段与债务字段的来源状态分开记录。
CN-532500,532500,红河哈尼族彝族自治州,53,云南省,自治州,extended,2023,2023-12-31,prefecture_whole,official_debt,,,,,,,,269.00,,537.75,,806.75,,,,,,,,未采集,SRC-OFFICIAL-DEBT-YUNNAN-HONGHE-2023,A2,extracted,true,已从省级财政厅官方地级行政单元债务明细表提取；经济财政字段与债务字段的来源状态分开记录。
CN-532600,532600,文山壮族苗族自治州,53,云南省,自治州,extended,2023,2023-12-31,prefecture_whole,official_debt,,,,,,,,339.87,,450.24,,790.11,,,,,,,,未采集,SRC-OFFICIAL-DEBT-YUNNAN-WENSHAN-2023,A2,extracted,true,已从省级财政厅官方地级行政单元债务明细表提取；经济财政字段与债务字段的来源状态分开记录。
CN-532800,532800,西双版纳傣族自治州,53,云南省,自治州,extended,2023,2023-12-31,prefecture_whole,official_debt,,,,,,,,,,,,260.60,,,,,,,,未采集,SRC-OFFICIAL-DEBT-YUNNAN-XISHUANGBANNA-2023-FROM-2024-REPORT,A2,extracted,true,已从省级财政厅官方地级行政单元债务明细表提取；经济财政字段与债务字段的来源状态分开记录。
CN-532900,532900,大理白族自治州,53,云南省,自治州,extended,2023,2023-12-31,prefecture_whole,official_debt,,,,,,,,220.50,,497.27,,717.77,,,,,,,,未采集,SRC-OFFICIAL-DEBT-YUNNAN-DALI-2023,A1,extracted,true,已从省级财政厅官方地级行政单元债务明细表提取；经济财政字段与债务字段的来源状态分开记录。
CN-533100,533100,德宏傣族景颇族自治州,53,云南省,自治州,extended,2023,2023-12-31,prefecture_whole,official_debt,,,,,,,,204.37,,219.66,,424.03,,,,,,,,未采集,SRC-OFFICIAL-DEBT-YUNNAN-DEHONG-2023,A1,extracted,true,已从省级财政厅官方地级行政单元债务明细表提取；经济财政字段与债务字段的来源状态分开记录。
CN-533300,533300,怒江傈僳族自治州,53,云南省,自治州,extended,2023,2023-12-31,prefecture_whole,secondary_debt,,,,,,,,,,,,145.00,,,,,,,,未采集,SRC-SECONDARY-RATING-YUNNAN-2022-2023-CITY-CHART,B2,needs_review,true,已接入评级报告或其他二手公开来源的债务补缺值；不等同于官方决算数据，必须回到财政/人大预算决算或官方债务表复核。
CN-533400,533400,迪庆藏族自治州,53,云南省,自治州,extended,2023,2023-12-31,prefecture_whole,official_debt,,,,,,,,105.12,,66.10,,171.22,,,,,,,,未采集,SRC-OFFICIAL-DEBT-YUNNAN-DIQING-2023,A2,extracted,true,已从省级财政厅官方地级行政单元债务明细表提取；经济财政字段与债务字段的来源状态分开记录。
CN-540100,540100,拉萨市,54,西藏自治区,地级市,core,2023,2023-12-31,prefecture_whole,official_debt,835.00,9.60,,109.14,452.12,,,45.85,,58.57,,104.42,,12.51,95.68,95.68,24.14,,,未采集,SRC-CITY-PANEL-1990-2023;SRC-CITY-DEBT-TIBET-LHASA-2023,A1,extracted,true,已从省级财政厅官方地级行政单元债务明细表提取；经济财政字段与债务字段的来源状态分开记录。
CN-540200,540200,日喀则市,54,西藏自治区,地级市,core,2023,2023-12-31,prefecture_whole,official_debt,407.00,10.20,,21.92,424.65,,,69.78,,47.57,,117.35,,28.83,535.36,535.36,5.16,,,未采集,SRC-CITY-PANEL-1990-2023;SRC-OFFICIAL-DEBT-TIBET-CITIES-2023-FROM-2024-DECISION,A1,extracted,true,已从省级财政厅官方地级行政单元债务明细表提取；经济财政字段与债务字段的来源状态分开记录。
CN-540300,540300,昌都市,54,西藏自治区,地级市,core,2023,2023-12-31,prefecture_whole,official_debt,334.00,9.70,,25.18,314.88,,,81.86,,12.06,,93.92,,28.12,372.99,372.99,8.00,,,未采集,SRC-CITY-PANEL-1990-2023;SRC-CITY-DEBT-TIBET-CHANGDU-2023,A1,extracted,true,已从省级财政厅官方地级行政单元债务明细表提取；经济财政字段与债务字段的来源状态分开记录。
CN-540400,540400,林芝市,54,西藏自治区,地级市,core,2023,2023-12-31,prefecture_whole,official_debt,236.00,9.50,,14.88,170.21,,,19.77,,35.46,,55.23,,23.40,371.17,371.17,8.74,,,未采集,SRC-CITY-PANEL-1990-2023;SRC-OFFICIAL-DEBT-TIBET-CITIES-2023-FROM-2024-DECISION,A1,extracted,true,已从省级财政厅官方地级行政单元债务明细表提取；经济财政字段与债务字段的来源状态分开记录。
CN-540500,540500,山南市,54,西藏自治区,地级市,core,2023,2023-12-31,prefecture_whole,official_debt,273.00,9.40,,20.10,282.37,,,42.50,,33.97,,76.47,,28.01,380.45,380.45,7.12,,,未采集,SRC-CITY-PANEL-1990-2023;SRC-CITY-DEBT-TIBET-SHANNAN-2023,A1,extracted,true,已从省级财政厅官方地级行政单元债务明细表提取；经济财政字段与债务字段的来源状态分开记录。
CN-540600,540600,那曲市,54,西藏自治区,地级市,core,2023,2023-12-31,prefecture_whole,official_debt,217.00,9.70,,8.35,255.40,,,71.99,,48.54,,120.53,,55.54,1443.47,1443.47,3.27,,,未采集,SRC-CITY-PANEL-1990-2023;SRC-OFFICIAL-DEBT-TIBET-CITIES-2023-FROM-2024-DECISION,A1,extracted,true,已从省级财政厅官方地级行政单元债务明细表提取；经济财政字段与债务字段的来源状态分开记录。
CN-542500,542500,阿里地区,54,西藏自治区,地区,extended,2023,2023-12-31,prefecture_whole,official_debt,,,,,,,,27.12,,10.83,,37.95,,,,,,,,未采集,SRC-CITY-DEBT-TIBET-ALI-2023,A1,extracted,true,已从省级财政厅官方地级行政单元债务明细表提取；经济财政字段与债务字段的来源状态分开记录。
CN-610100,610100,西安市,61,陕西省,地级市,core,2023,2023-12-31,prefecture_whole,official_debt,12011.00,5.15,,951.92,1730.47,,1146.46,1071.45,3065.97,2958.24,4212.43,4029.69,95.66,33.55,423.32,423.32,55.01,,,未采集,SRC-CITY-PANEL-1990-2023;SRC-PROVINCE-DEBT-SHAANXI-2023,A1,extracted,true,已从省级财政厅官方地级行政单元债务明细表提取；经济财政字段与债务字段的来源状态分开记录。
CN-610200,610200,铜川市,61,陕西省,地级市,core,2023,2023-12-31,prefecture_whole,official_debt,511.00,4.27,,25.14,143.45,,108.96,104.19,120.29,117.22,229.25,221.40,96.58,43.33,880.67,880.67,17.53,,,未采集,SRC-CITY-PANEL-1990-2023;SRC-PROVINCE-DEBT-SHAANXI-2023,A1,extracted,true,已从省级财政厅官方地级行政单元债务明细表提取；经济财政字段与债务字段的来源状态分开记录。
CN-610300,610300,宝鸡市,61,陕西省,地级市,core,2023,2023-12-31,prefecture_whole,official_debt,2641.00,3.30,,102.50,418.77,,223.61,204.10,247.93,229.55,471.54,433.65,91.96,16.42,423.07,423.07,24.48,,,未采集,SRC-CITY-PANEL-1990-2023;SRC-PROVINCE-DEBT-SHAANXI-2023,A1,extracted,true,已从省级财政厅官方地级行政单元债务明细表提取；经济财政字段与债务字段的来源状态分开记录。
CN-610400,610400,咸阳市,61,陕西省,地级市,core,2023,2023-12-31,prefecture_whole,official_debt,2878.00,4.30,,138.63,529.79,,209.65,194.66,335.54,329.94,545.19,524.60,96.22,18.23,378.42,378.42,26.17,,,未采集,SRC-CITY-PANEL-1990-2023;SRC-PROVINCE-DEBT-SHAANXI-2023,A1,extracted,true,已从省级财政厅官方地级行政单元债务明细表提取；经济财政字段与债务字段的来源状态分开记录。
CN-610500,610500,渭南市,61,陕西省,地级市,core,2023,2023-12-31,prefecture_whole,official_debt,2104.00,3.28,,106.90,564.41,,320.96,306.12,351.27,345.50,672.23,651.62,96.93,30.97,609.56,609.56,18.94,,,未采集,SRC-CITY-PANEL-1990-2023;SRC-PROVINCE-DEBT-SHAANXI-2023,A1,extracted,true,已从省级财政厅官方地级行政单元债务明细表提取；经济财政字段与债务字段的来源状态分开记录。
CN-610600,610600,延安市,61,陕西省,地级市,core,2023,2023-12-31,prefecture_whole,official_debt,2280.00,1.84,,165.13,507.97,,372.04,338.98,333.81,319.02,705.85,658.00,93.22,28.86,398.47,398.47,32.51,,,未采集,SRC-CITY-PANEL-1990-2023;SRC-PROVINCE-DEBT-SHAANXI-2023,A1,extracted,true,已从省级财政厅官方地级行政单元债务明细表提取；经济财政字段与债务字段的来源状态分开记录。
CN-610700,610700,汉中市,61,陕西省,地级市,core,2023,2023-12-31,prefecture_whole,official_debt,1895.00,4.00,,52.60,422.89,,233.09,219.58,305.42,289.36,538.51,508.95,94.51,26.86,967.59,967.59,12.44,,,未采集,SRC-CITY-PANEL-1990-2023;SRC-PROVINCE-DEBT-SHAANXI-2023,A1,extracted,true,已从省级财政厅官方地级行政单元债务明细表提取；经济财政字段与债务字段的来源状态分开记录。
CN-610800,610800,榆林市,61,陕西省,地级市,core,2023,2023-12-31,prefecture_whole,official_debt,7091.00,4.40,,661.88,1096.33,,389.59,372.63,278.06,253.72,667.65,626.35,93.81,8.83,94.63,94.63,60.37,,,未采集,SRC-CITY-PANEL-1990-2023;SRC-PROVINCE-DEBT-SHAANXI-2023,A1,extracted,true,已从省级财政厅官方地级行政单元债务明细表提取；经济财政字段与债务字段的来源状态分开记录。
CN-610900,610900,安康市,61,陕西省,地级市,core,2023,2023-12-31,prefecture_whole,official_debt,1217.00,1.70,,35.22,388.46,,345.12,332.65,204.80,197.47,549.92,530.12,96.40,43.56,1505.17,1505.17,9.07,,,未采集,SRC-CITY-PANEL-1990-2023;SRC-PROVINCE-DEBT-SHAANXI-2023,A1,extracted,true,已从省级财政厅官方地级行政单元债务明细表提取；经济财政字段与债务字段的来源状态分开记录。
CN-611000,611000,商洛市,61,陕西省,地级市,core,2023,2023-12-31,prefecture_whole,official_debt,836.00,4.10,,30.29,315.16,,336.45,320.55,130.78,122.32,467.23,442.87,94.79,52.97,1462.10,1462.10,9.61,,,未采集,SRC-CITY-PANEL-1990-2023;SRC-PROVINCE-DEBT-SHAANXI-2023,A1,extracted,true,已从省级财政厅官方地级行政单元债务明细表提取；经济财政字段与债务字段的来源状态分开记录。
CN-620100,620100,兰州市,62,甘肃省,地级市,core,2023,2023-12-31,prefecture_whole,secondary_debt,3487.00,4.40,,255.33,502.92,,,,,,,1145.87,,32.86,448.78,448.78,50.77,,,未采集,SRC-CITY-PANEL-1990-2023;SRC-SECONDARY-CEIC-CN-620100,D,needs_review,true,已接入商业数据库公开城市债务页的 provisional 补缺值；经济财政字段与债务字段来源状态分开记录，必须回到官方预算/决算或统计公报复核。
CN-620200,620200,嘉峪关市,62,甘肃省,地级市,core,2023,2023-12-31,prefecture_whole,secondary_debt,383.00,8.70,,27.11,41.34,,,,,,,66.70,,17.42,246.03,246.03,65.58,,,未采集,SRC-CITY-PANEL-1990-2023;SRC-SECONDARY-RATING-GANSU-2021-2023,B2,needs_review,true,已接入评级报告或其他二手公开来源的债务补缺值；不等同于官方决算数据，必须回到财政/人大预算决算或官方债务表复核。
CN-620300,620300,金昌市,62,甘肃省,地级市,core,2023,2023-12-31,prefecture_whole,secondary_debt,568.00,11.50,,31.01,85.62,,,,,,,113.00,,19.89,364.40,364.40,36.22,,,未采集,SRC-CITY-PANEL-1990-2023;SRC-SECONDARY-RATING-GANSU-2021-2023,B2,needs_review,true,已接入评级报告或其他二手公开来源的债务补缺值；不等同于官方决算数据，必须回到财政/人大预算决算或官方债务表复核。
CN-620400,620400,白银市,62,甘肃省,地级市,core,2023,2023-12-31,prefecture_whole,secondary_debt,672.00,7.00,,38.52,218.09,,,,,,,289.90,,43.14,752.60,752.60,17.66,,,未采集,SRC-CITY-PANEL-1990-2023;SRC-SECONDARY-RATING-GANSU-2021-2023,B2,needs_review,true,已接入评级报告或其他二手公开来源的债务补缺值；不等同于官方决算数据，必须回到财政/人大预算决算或官方债务表复核。
CN-620500,620500,天水市,62,甘肃省,地级市,core,2023,2023-12-31,prefecture_whole,secondary_debt,857.00,5.40,,46.34,350.79,,,,,,,373.90,,43.63,806.86,806.86,13.21,,,未采集,SRC-CITY-PANEL-1990-2023;SRC-SECONDARY-RATING-GANSU-2021-2023,B2,needs_review,true,已接入评级报告或其他二手公开来源的债务补缺值；不等同于官方决算数据，必须回到财政/人大预算决算或官方债务表复核。
CN-620600,620600,武威市,62,甘肃省,地级市,core,2023,2023-12-31,prefecture_whole,secondary_debt,708.00,7.00,,32.39,255.98,,,,,,,324.60,,45.85,1002.16,1002.16,12.65,,,未采集,SRC-CITY-PANEL-1990-2023;SRC-SECONDARY-RATING-GANSU-2021-2023,B2,needs_review,true,已接入评级报告或其他二手公开来源的债务补缺值；不等同于官方决算数据，必须回到财政/人大预算决算或官方债务表复核。
CN-620700,620700,张掖市,62,甘肃省,地级市,core,2023,2023-12-31,prefecture_whole,official_debt,608.00,5.50,,34.90,196.78,,,85.26,,224.30,,309.56,,50.91,886.99,886.99,17.74,,,未采集,SRC-CITY-PANEL-1990-2023;SRC-OFFICIAL-DEBT-GANSU-ZHANGYE-2023,A2,extracted,true,已从省级财政厅官方地级行政单元债务明细表提取；经济财政字段与债务字段的来源状态分开记录。
CN-620800,620800,平凉市,62,甘肃省,地级市,core,2023,2023-12-31,prefecture_whole,secondary_debt,669.00,5.60,,37.34,273.97,,,,,,,287.00,,42.90,768.61,768.61,13.63,,,未采集,SRC-CITY-PANEL-1990-2023;SRC-SECONDARY-RATING-GANSU-2021-2023,B2,needs_review,true,已接入评级报告或其他二手公开来源的债务补缺值；不等同于官方决算数据，必须回到财政/人大预算决算或官方债务表复核。
CN-620900,620900,酒泉市,62,甘肃省,地级市,core,2023,2023-12-31,prefecture_whole,secondary_debt,909.00,8.90,,55.76,208.61,,,,,,,278.30,,30.62,499.10,499.10,26.73,,,未采集,SRC-CITY-PANEL-1990-2023;SRC-SECONDARY-RATING-GANSU-2021-2023,B2,needs_review,true,已接入评级报告或其他二手公开来源的债务补缺值；不等同于官方决算数据，必须回到财政/人大预算决算或官方债务表复核。
CN-621000,621000,庆阳市,62,甘肃省,地级市,core,2023,2023-12-31,prefecture_whole,official_debt,1100.00,8.50,,77.93,347.74,,,159.28,,248.41,,407.68,,37.06,523.14,523.14,22.41,,,未采集,SRC-CITY-PANEL-1990-2023;SRC-OFFICIAL-DEBT-GANSU-QINGYANG-2023,A2,extracted,true,已从省级财政厅官方地级行政单元债务明细表提取；经济财政字段与债务字段的来源状态分开记录。
CN-621100,621100,定西市,62,甘肃省,地级市,core,2023,2023-12-31,prefecture_whole,secondary_debt,600.00,6.60,,32.60,334.90,,,,,,,342.00,,57.00,1049.08,1049.08,9.73,,,未采集,SRC-CITY-PANEL-1990-2023;SRC-SECONDARY-RATING-GANSU-2021-2023,B2,needs_review,true,已接入评级报告或其他二手公开来源的债务补缺值；不等同于官方决算数据，必须回到财政/人大预算决算或官方债务表复核。
CN-621200,621200,陇南市,62,甘肃省,地级市,core,2023,2023-12-31,prefecture_whole,secondary_debt,603.00,6.60,,31.90,350.41,,,,,,,336.20,,55.75,1053.92,1053.92,9.10,,,未采集,SRC-CITY-PANEL-1990-2023;SRC-SECONDARY-RATING-GANSU-2021-2023,B2,needs_review,true,已接入评级报告或其他二手公开来源的债务补缺值；不等同于官方决算数据，必须回到财政/人大预算决算或官方债务表复核。
CN-622900,622900,临夏回族自治州,62,甘肃省,自治州,extended,2023,2023-12-31,prefecture_whole,secondary_debt,,,,,,,,,,,,379.70,,,,,,,,未采集,SRC-SECONDARY-RATING-GANSU-2021-2023,B2,needs_review,true,已接入评级报告或其他二手公开来源的债务补缺值；不等同于官方决算数据，必须回到财政/人大预算决算或官方债务表复核。
CN-623000,623000,甘南藏族自治州,62,甘肃省,自治州,extended,2023,2023-12-31,prefecture_whole,secondary_debt,,,,,,,,,,,,260.90,,,,,,,,未采集,SRC-SECONDARY-RATING-GANSU-2021-2023,B2,needs_review,true,已接入评级报告或其他二手公开来源的债务补缺值；不等同于官方决算数据，必须回到财政/人大预算决算或官方债务表复核。
CN-630100,630100,西宁市,63,青海省,地级市,core,2023,2023-12-31,prefecture_whole,official_debt,1801.00,8.60,,144.09,418.75,,285.13,282.56,312.67,308.04,597.80,590.60,98.80,32.79,409.88,409.88,34.41,,,未采集,SRC-CITY-PANEL-1990-2023;SRC-PROVINCE-DEBT-QINGHAI-2023,A1,extracted,true,已从省级财政厅官方地级行政单元债务明细表提取；经济财政字段与债务字段的来源状态分开记录。
CN-630200,630200,海东市,63,青海省,地级市,core,2023,2023-12-31,prefecture_whole,official_debt,580.00,2.50,,35.46,256.99,,173.02,168.70,174.23,171.69,347.25,340.39,98.02,58.69,959.93,959.93,13.80,,,未采集,SRC-CITY-PANEL-1990-2023;SRC-PROVINCE-DEBT-QINGHAI-2023,A1,extracted,true,已从省级财政厅官方地级行政单元债务明细表提取；经济财政字段与债务字段的来源状态分开记录。
CN-632200,632200,海北藏族自治州,63,青海省,自治州,extended,2023,2023-12-31,prefecture_whole,official_debt,,,,,,,35.11,34.34,9.70,8.70,44.81,43.04,96.05,,,,,,,未采集,SRC-PROVINCE-DEBT-QINGHAI-2023,A1,extracted,true,已从省级财政厅官方地级行政单元债务明细表提取；经济财政字段与债务字段的来源状态分开记录。
CN-632300,632300,黄南藏族自治州,63,青海省,自治州,extended,2023,2023-12-31,prefecture_whole,official_debt,,,,,,,36.57,36.42,18.90,16.90,55.47,53.32,96.12,,,,,,,未采集,SRC-PROVINCE-DEBT-QINGHAI-2023,A1,extracted,true,已从省级财政厅官方地级行政单元债务明细表提取；经济财政字段与债务字段的来源状态分开记录。
CN-632500,632500,海南藏族自治州,63,青海省,自治州,extended,2023,2023-12-31,prefecture_whole,official_debt,,,,,,,47.27,46.65,10.37,8.87,57.64,55.52,96.32,,,,,,,未采集,SRC-CITY-PANEL-1990-2023;SRC-PROVINCE-DEBT-QINGHAI-2023,A1,extracted,true,已从省级财政厅官方地级行政单元债务明细表提取；经济财政字段与债务字段的来源状态分开记录。
CN-632600,632600,果洛藏族自治州,63,青海省,自治州,extended,2023,2023-12-31,prefecture_whole,official_debt,,,,,,,31.36,31.30,6.70,5.70,38.05,36.99,97.21,,,,,,,未采集,SRC-PROVINCE-DEBT-QINGHAI-2023,A1,extracted,true,已从省级财政厅官方地级行政单元债务明细表提取；经济财政字段与债务字段的来源状态分开记录。
CN-632700,632700,玉树藏族自治州,63,青海省,自治州,extended,2023,2023-12-31,prefecture_whole,official_debt,,,,,,,30.59,30.57,1.00,0.00,31.59,30.57,96.77,,,,,,,未采集,SRC-PROVINCE-DEBT-QINGHAI-2023,A1,extracted,true,已从省级财政厅官方地级行政单元债务明细表提取；经济财政字段与债务字段的来源状态分开记录。
CN-632800,632800,海西蒙古族藏族自治州,63,青海省,自治州,extended,2023,2023-12-31,prefecture_whole,official_debt,,,,,,,173.79,173.02,88.70,86.64,262.49,259.65,98.92,,,,,,,未采集,SRC-PROVINCE-DEBT-QINGHAI-2023,A1,extracted,true,已从省级财政厅官方地级行政单元债务明细表提取；经济财政字段与债务字段的来源状态分开记录。
CN-640100,640100,银川市,64,宁夏回族自治区,地级市,core,2023,2023-12-31,prefecture_whole,official_debt,2686.00,7.20,,197.76,438.15,,310.86,297.58,116.06,107.82,426.92,405.40,94.96,15.09,205.00,205.00,45.14,,,未采集,SRC-CITY-PANEL-1990-2023;SRC-PROVINCE-DEBT-NINGXIA-2023,A1,extracted,true,已从省级财政厅官方地级行政单元债务明细表提取；经济财政字段与债务字段的来源状态分开记录。
CN-640200,640200,石嘴山市,64,宁夏回族自治区,地级市,core,2023,2023-12-31,prefecture_whole,official_debt,699.00,3.80,,27.35,132.03,,89.50,84.54,13.63,8.36,103.13,92.90,90.08,13.29,339.67,339.67,20.71,,,未采集,SRC-CITY-PANEL-1990-2023;SRC-PROVINCE-DEBT-NINGXIA-2023,A1,extracted,true,已从省级财政厅官方地级行政单元债务明细表提取；经济财政字段与债务字段的来源状态分开记录。
CN-640300,640300,吴忠市,64,宁夏回族自治区,地级市,core,2023,2023-12-31,prefecture_whole,official_debt,902.00,7.20,,39.56,272.72,,108.66,102.55,52.04,44.09,160.70,146.63,91.24,16.26,370.65,370.65,14.51,,,未采集,SRC-CITY-PANEL-1990-2023;SRC-PROVINCE-DEBT-NINGXIA-2023,A1,extracted,true,已从省级财政厅官方地级行政单元债务明细表提取；经济财政字段与债务字段的来源状态分开记录。
CN-640400,640400,固原市,64,宁夏回族自治区,地级市,core,2023,2023-12-31,prefecture_whole,official_debt,437.00,5.60,,19.19,277.07,,92.90,89.88,19.40,17.24,112.30,107.12,95.39,24.51,558.21,558.21,6.93,,,未采集,SRC-CITY-PANEL-1990-2023;SRC-PROVINCE-DEBT-NINGXIA-2023,A1,extracted,true,已从省级财政厅官方地级行政单元债务明细表提取；经济财政字段与债务字段的来源状态分开记录。
CN-640500,640500,中卫市,64,宁夏回族自治区,地级市,core,2023,2023-12-31,prefecture_whole,official_debt,591.00,7.10,,23.17,211.86,,102.24,93.81,22.52,17.64,124.77,111.45,89.32,18.86,481.01,481.01,10.94,,,未采集,SRC-CITY-PANEL-1990-2023;SRC-PROVINCE-DEBT-NINGXIA-2023,A1,extracted,true,已从省级财政厅官方地级行政单元债务明细表提取；经济财政字段与债务字段的来源状态分开记录。
CN-650100,650100,乌鲁木齐市,65,新疆维吾尔自治区,地级市,core,2023,2023-12-31,prefecture_whole,official_debt,4168.00,6.00,,369.79,504.05,,512.96,441.17,1141.03,1091.01,1653.99,1532.18,92.64,36.76,414.34,414.34,73.36,,,未采集,SRC-CITY-PANEL-1990-2023;SRC-PROVINCE-DEBT-XINJIANG-2023,A1,extracted,true,已从省级财政厅官方地级行政单元债务明细表提取；经济财政字段与债务字段的来源状态分开记录。
CN-650200,650200,克拉玛依市,65,新疆维吾尔自治区,地级市,core,2023,2023-12-31,prefecture_whole,official_debt,1261.00,8.10,,110.55,126.76,,189.08,150.65,113.90,113.10,302.98,263.75,87.05,20.92,238.58,238.58,87.21,,,未采集,SRC-CITY-PANEL-1990-2023;SRC-PROVINCE-DEBT-XINJIANG-2023,A1,extracted,true,已从省级财政厅官方地级行政单元债务明细表提取；经济财政字段与债务字段的来源状态分开记录。
CN-650400,650400,吐鲁番市,65,新疆维吾尔自治区,地级市,core,2023,2023-12-31,prefecture_whole,official_debt,588.00,8.97,,68.20,119.66,,93.49,82.83,150.56,149.71,244.05,232.54,95.28,39.55,340.97,340.97,56.99,,,未采集,SRC-CITY-PANEL-1990-2023;SRC-PROVINCE-DEBT-XINJIANG-2023,A1,extracted,true,已从省级财政厅官方地级行政单元债务明细表提取；经济财政字段与债务字段的来源状态分开记录。
CN-650500,650500,哈密市,65,新疆维吾尔自治区,地级市,core,2023,2023-12-31,prefecture_whole,official_debt,983.00,11.30,,107.51,180.35,,166.42,133.93,185.41,185.06,351.83,318.99,90.67,32.45,296.71,296.71,59.61,,,未采集,SRC-CITY-PANEL-1990-2023;SRC-PROVINCE-DEBT-XINJIANG-2023,A1,extracted,true,已从省级财政厅官方地级行政单元债务明细表提取；经济财政字段与债务字段的来源状态分开记录。
CN-652300,652300,昌吉回族自治州,65,新疆维吾尔自治区,自治州,extended,2023,2023-12-31,prefecture_whole,official_debt,,,,,,,275.90,247.07,361.09,351.27,636.99,598.34,93.93,,,,,,,未采集,SRC-PROVINCE-DEBT-XINJIANG-2023,A1,extracted,true,已从省级财政厅官方地级行政单元债务明细表提取；经济财政字段与债务字段的来源状态分开记录。
CN-652700,652700,博尔塔拉蒙古自治州,65,新疆维吾尔自治区,自治州,extended,2023,2023-12-31,prefecture_whole,official_debt,,,,,,,148.96,132.04,211.01,210.26,359.97,342.30,95.09,,,,,,,未采集,SRC-PROVINCE-DEBT-XINJIANG-2023,A1,extracted,true,已从省级财政厅官方地级行政单元债务明细表提取；经济财政字段与债务字段的来源状态分开记录。
CN-652800,652800,巴音郭楞蒙古自治州,65,新疆维吾尔自治区,自治州,extended,2023,2023-12-31,prefecture_whole,official_debt,,,,,,,236.08,221.97,411.60,408.87,647.68,630.84,97.40,,,,,,,未采集,SRC-PROVINCE-DEBT-XINJIANG-2023,A1,extracted,true,已从省级财政厅官方地级行政单元债务明细表提取；经济财政字段与债务字段的来源状态分开记录。
CN-652900,652900,阿克苏地区,65,新疆维吾尔自治区,地区,extended,2023,2023-12-31,prefecture_whole,official_debt,,,,,,,277.02,243.72,425.59,424.04,702.61,667.76,95.04,,,,,,,未采集,SRC-PROVINCE-DEBT-XINJIANG-2023,A1,extracted,true,已从省级财政厅官方地级行政单元债务明细表提取；经济财政字段与债务字段的来源状态分开记录。
CN-653000,653000,克孜勒苏柯尔克孜自治州,65,新疆维吾尔自治区,自治州,extended,2023,2023-12-31,prefecture_whole,official_debt,,,,,,,154.94,144.90,114.70,114.70,269.64,259.60,96.28,,,,,,,未采集,SRC-PROVINCE-DEBT-XINJIANG-2023,A1,extracted,true,已从省级财政厅官方地级行政单元债务明细表提取；经济财政字段与债务字段的来源状态分开记录。
CN-653100,653100,喀什地区,65,新疆维吾尔自治区,地区,extended,2023,2023-12-31,prefecture_whole,official_debt,,,,,,,312.42,294.78,474.03,472.95,786.45,767.73,97.62,,,,,,,未采集,SRC-PROVINCE-DEBT-XINJIANG-2023,A1,extracted,true,已从省级财政厅官方地级行政单元债务明细表提取；经济财政字段与债务字段的来源状态分开记录。
CN-653200,653200,和田地区,65,新疆维吾尔自治区,地区,extended,2023,2023-12-31,prefecture_whole,official_debt,,,,,,,286.26,268.36,283.29,282.84,569.55,551.20,96.78,,,,,,,未采集,SRC-PROVINCE-DEBT-XINJIANG-2023,A1,extracted,true,已从省级财政厅官方地级行政单元债务明细表提取；经济财政字段与债务字段的来源状态分开记录。
CN-654000,654000,伊犁哈萨克自治州,65,新疆维吾尔自治区,自治州,extended,2023,2023-12-31,prefecture_whole,official_debt,,,,,,,296.53,280.48,565.94,561.02,862.47,841.50,97.57,,,,,,,未采集,SRC-PROVINCE-DEBT-XINJIANG-2023,A1,extracted,true,已从省级财政厅官方地级行政单元债务明细表提取；经济财政字段与债务字段的来源状态分开记录。
CN-654200,654200,塔城地区,65,新疆维吾尔自治区,地区,extended,2023,2023-12-31,prefecture_whole,official_debt,,,,,,,187.96,165.58,226.15,222.74,414.11,388.32,93.77,,,,,,,未采集,SRC-PROVINCE-DEBT-XINJIANG-2023,A1,extracted,true,已从省级财政厅官方地级行政单元债务明细表提取；经济财政字段与债务字段的来源状态分开记录。
CN-654300,654300,阿勒泰地区,65,新疆维吾尔自治区,地区,extended,2023,2023-12-31,prefecture_whole,official_debt,,,,,,,185.02,171.21,233.72,233.45,418.74,404.66,96.64,,,,,,,未采集,SRC-PROVINCE-DEBT-XINJIANG-2023,A1,extracted,true,已从省级财政厅官方地级行政单元债务明细表提取；经济财政字段与债务字段的来源状态分开记录。
CN-659000,659000,自治区直辖县级行政区划,65,新疆维吾尔自治区,地级市,core,2023,2023-12-31,prefecture_whole,official_debt,,,,,,,,633.33,,654.97,,1288.30,,,,,,,,未采集,SRC-OFFICIAL-DEBT-XINJIANG-BINGTUAN-2023,A1,extracted,true,已从省级财政厅官方地级行政单元债务明细表提取；经济财政字段与债务字段的来源状态分开记录。
CN-110000,110000,北京市,11,北京市,直辖市,separate,2024,2024-12-31,prefecture_whole,official_debt,,,,,,,3093.20,2689.71,10805.10,9890.10,13898.30,12579.81,90.51,,,,,,,未采集,SRC-PROVINCE-DEBT-BEIJING-2024,A1,extracted,true,已从省级财政厅官方地级行政单元债务明细表提取；经济财政字段与债务字段的来源状态分开记录。
CN-120000,120000,天津市,12,天津市,直辖市,separate,2024,2024-12-31,prefecture_whole,official_debt,,,,,,,3561.83,3513.37,11512.30,9889.17,15074.13,13402.54,88.91,,,,,,,未采集,SRC-PROVINCE-DEBT-TIANJIN-2024,A1,extracted,true,已从省级财政厅官方地级行政单元债务明细表提取；经济财政字段与债务字段的来源状态分开记录。
CN-130100,130100,石家庄市,13,河北省,地级市,core,2024,2024-12-31,prefecture_whole,official_debt,,,,,,,828.65,763.79,1787.71,1746.57,2616.36,2510.36,95.95,,,,,,,未采集,SRC-CITY-DEBT-HEBEI-SHIJIAZHUANG-2024,A1,extracted,true,已从省级财政厅官方地级行政单元债务明细表提取；经济财政字段与债务字段的来源状态分开记录。
CN-130200,130200,唐山市,13,河北省,地级市,core,2024,2024-12-31,prefecture_whole,secondary_debt,,,,,,,,,,,,2832.01,,,,,,,,未采集,SRC-SECONDARY-DEBT-HEBEI-TANGSHAN-2024,B2,needs_review,true,已接入评级报告或其他二手公开来源的债务补缺值；不等同于官方决算数据，必须回到财政/人大预算决算或官方债务表复核。
CN-130300,130300,秦皇岛市,13,河北省,地级市,core,2024,2024-12-31,prefecture_whole,secondary_debt,,,,,,,,,,,,884.72,,,,,,,,未采集,SRC-SECONDARY-DEBT-HEBEI-QINHUANGDAO-2024,B2,needs_review,true,已接入评级报告或其他二手公开来源的债务补缺值；不等同于官方决算数据，必须回到财政/人大预算决算或官方债务表复核。
CN-130400,130400,邯郸市,13,河北省,地级市,core,2024,2024-12-31,prefecture_whole,secondary_debt,,,,,,,,544.58,,987.06,,1531.64,,,,,,,,未采集,SRC-SECONDARY-DEBT-HEBEI-HANDAN-2024,B2,needs_review,true,已接入评级报告或其他二手公开来源的债务补缺值；不等同于官方决算数据，必须回到财政/人大预算决算或官方债务表复核。
CN-130500,130500,邢台市,13,河北省,地级市,core,2024,2024-12-31,prefecture_whole,secondary_debt,,,,,,,,,,,,1226.60,,,,,,,,未采集,SRC-SECONDARY-DEBT-HEBEI-XINGTAI-2024,B2,needs_review,true,已接入评级报告或其他二手公开来源的债务补缺值；不等同于官方决算数据，必须回到财政/人大预算决算或官方债务表复核。
CN-130600,130600,保定市,13,河北省,地级市,core,2024,2024-12-31,prefecture_whole,secondary_debt,,,,,,,,,,,,2001.23,,,,,,,,未采集,SRC-SECONDARY-DEBT-HEBEI-RATING-2024-BAODING,B2,needs_review,true,已接入评级报告或其他二手公开来源的债务补缺值；不等同于官方决算数据，必须回到财政/人大预算决算或官方债务表复核。
CN-130700,130700,张家口市,13,河北省,地级市,core,2024,2024-12-31,prefecture_whole,secondary_debt,,,,,,,,550.21,,996.96,,1547.17,,,,,,,,未采集,SRC-SECONDARY-DEBT-HEBEI-ZHANGJIAKOU-2024,B2,needs_review,true,已接入评级报告或其他二手公开来源的债务补缺值；不等同于官方决算数据，必须回到财政/人大预算决算或官方债务表复核。
CN-130800,130800,承德市,13,河北省,地级市,core,2024,2024-12-31,prefecture_whole,official_debt,,,,,,,480.37,457.96,440.53,420.77,920.90,878.74,95.42,,,,,,,未采集,SRC-CITY-DEBT-HEBEI-CHENGDE-2024,A1,extracted,true,已从省级财政厅官方地级行政单元债务明细表提取；经济财政字段与债务字段的来源状态分开记录。
CN-130900,130900,沧州市,13,河北省,地级市,core,2024,2024-12-31,prefecture_whole,secondary_debt,,,,,,,,,,,,1268.70,,,,,,,,未采集,SRC-SECONDARY-CEIC-CN-130900,D,needs_review,true,已接入商业数据库公开城市债务页的 provisional 补缺值；经济财政字段与债务字段来源状态分开记录，必须回到官方预算/决算或统计公报复核。
CN-131000,131000,廊坊市,13,河北省,地级市,core,2024,2024-12-31,prefecture_whole,secondary_debt,,,,,,,,,,,,1247.98,,,,,,,,未采集,SRC-SECONDARY-DEBT-HEBEI-LANGFANG-2024,B2,needs_review,true,已接入评级报告或其他二手公开来源的债务补缺值；不等同于官方决算数据，必须回到财政/人大预算决算或官方债务表复核。
CN-131100,131100,衡水市,13,河北省,地级市,core,2024,2024-12-31,prefecture_whole,secondary_debt,,,,,,,,,,,,722.35,,,,,,,,未采集,SRC-SECONDARY-CEIC-CN-131100,D,needs_review,true,已接入商业数据库公开城市债务页的 provisional 补缺值；经济财政字段与债务字段来源状态分开记录，必须回到官方预算/决算或统计公报复核。
CN-133100,133100,雄安新区,13,河北省,地级市,core,2024,2024-12-31,prefecture_whole,official_debt,,,,,,,1054.99,1047.16,1578.24,1578.05,2633.23,2625.21,99.70,,,,,,,未采集,SRC-OFFICIAL-DEBT-HEBEI-XIONGAN-2024,A1,extracted,true,已从省级财政厅官方地级行政单元债务明细表提取；经济财政字段与债务字段的来源状态分开记录。
CN-140100,140100,太原市,14,山西省,地级市,core,2024,2024-12-31,prefecture_whole,secondary_debt,,,,,,,,,,,,1422.98,,,,,,,,未采集,SRC-SECONDARY-DEBT-SHANXI-TAIYUAN-2024,B2,needs_review,true,已接入评级报告或其他二手公开来源的债务补缺值；不等同于官方决算数据，必须回到财政/人大预算决算或官方债务表复核。
CN-140200,140200,大同市,14,山西省,地级市,core,2024,2024-12-31,prefecture_whole,official_debt,,,,,,,316.54,315.27,369.35,365.16,685.89,680.43,99.20,,,,,,,未采集,SRC-CITY-DEBT-SHANXI-DATONG-2024,A1,extracted,true,已从省级财政厅官方地级行政单元债务明细表提取；经济财政字段与债务字段的来源状态分开记录。
CN-140300,140300,阳泉市,14,山西省,地级市,core,2024,2024-12-31,prefecture_whole,official_debt,,,,,,,,,,,,344.00,,,,,,,,未采集,SRC-CITY-DEBT-SHANXI-YANGQUAN-2024,A2,extracted,true,已从省级财政厅官方地级行政单元债务明细表提取；经济财政字段与债务字段的来源状态分开记录。
CN-140400,140400,长治市,14,山西省,地级市,core,2024,2024-12-31,prefecture_whole,official_debt,,,,,,,208.06,206.11,271.53,271.04,479.59,477.15,99.49,,,,,,,未采集,SRC-CITY-DEBT-SHANXI-CHANGZHI-2024,A1,extracted,true,已从省级财政厅官方地级行政单元债务明细表提取；经济财政字段与债务字段的来源状态分开记录。
CN-140500,140500,晋城市,14,山西省,地级市,core,2024,2024-12-31,prefecture_whole,official_debt,,,,,,,,,,,,411.92,,,,,,,,未采集,SRC-OFFICIAL-DEBT-SHANXI-JINCHENG-2024,A2,extracted,true,已从省级财政厅官方地级行政单元债务明细表提取；经济财政字段与债务字段的来源状态分开记录。
CN-140600,140600,朔州市,14,山西省,地级市,core,2024,2024-12-31,prefecture_whole,secondary_debt,,,,,,,,146.56,,158.86,,305.42,,,,,,,,未采集,SRC-SECONDARY-DEBT-SHANXI-SHUOZHOU-2024,B2,needs_review,true,已接入评级报告或其他二手公开来源的债务补缺值；不等同于官方决算数据，必须回到财政/人大预算决算或官方债务表复核。
CN-140700,140700,晋中市,14,山西省,地级市,core,2024,2024-12-31,prefecture_whole,secondary_debt,,,,,,,,283.55,,315.71,,599.26,,,,,,,,未采集,SRC-SECONDARY-DEBT-SHANXI-JINZHONG-2024,B2,needs_review,true,已接入评级报告或其他二手公开来源的债务补缺值；不等同于官方决算数据，必须回到财政/人大预算决算或官方债务表复核。
CN-140800,140800,运城市,14,山西省,地级市,core,2024,2024-12-31,prefecture_whole,secondary_debt,,,,,,,,,,,,508.72,,,,,,,,未采集,SRC-SECONDARY-DEBT-SHANXI-YUNCHENG-2024,B2,needs_review,true,已接入评级报告或其他二手公开来源的债务补缺值；不等同于官方决算数据，必须回到财政/人大预算决算或官方债务表复核。
CN-140900,140900,忻州市,14,山西省,地级市,core,2024,2024-12-31,prefecture_whole,official_debt,,,,,,,,,,,,553.34,,,,,,,,未采集,SRC-OFFICIAL-DEBT-SHANXI-XINZHOU-2024,A2,extracted,true,已从省级财政厅官方地级行政单元债务明细表提取；经济财政字段与债务字段的来源状态分开记录。
CN-141000,141000,临汾市,14,山西省,地级市,core,2024,2024-12-31,prefecture_whole,secondary_debt,,,,,,,,,,,,642.16,,,,,,,,未采集,SRC-SECONDARY-DEBT-SHANXI-LINFEN-2024,B2,needs_review,true,已接入评级报告或其他二手公开来源的债务补缺值；不等同于官方决算数据，必须回到财政/人大预算决算或官方债务表复核。
CN-141100,141100,吕梁市,14,山西省,地级市,core,2024,2024-12-31,prefecture_whole,official_debt,,,,,,,,270.25,,289.41,,559.66,,,,,,,,未采集,SRC-OFFICIAL-DEBT-SHANXI-LVLIANG-2024,A2,extracted,true,已从省级财政厅官方地级行政单元债务明细表提取；经济财政字段与债务字段的来源状态分开记录。
CN-150100,150100,呼和浩特市,15,内蒙古自治区,地级市,core,2024,2024-12-31,prefecture_whole,secondary_debt,,,,,,112.52,,,,,,1582.18,,,,,,,,城市预算执行报告（全市口径，B2精确来源）,SRC-SECONDARY-DEBT-INNER-MONGOLIA-TOP4-2024;SRC-B2-HOHHOT-CITY-FUND-2024,B2,needs_review,true,已接入评级报告或其他二手公开来源的债务补缺值；不等同于官方决算数据，必须回到财政/人大预算决算或官方债务表复核。；已接入2024年呼和浩特市全市政府性基金预算收入精确披露；来源等级为B2，保留执行状态，不改写为最终决算。
CN-150200,150200,包头市,15,内蒙古自治区,地级市,core,2024,2024-12-31,prefecture_whole,secondary_debt,,,,,,,,,,,,1374.56,,,,,,,,未采集,SRC-SECONDARY-DEBT-INNER-MONGOLIA-TOP4-2024,B2,needs_review,true,已接入评级报告或其他二手公开来源的债务补缺值；不等同于官方决算数据，必须回到财政/人大预算决算或官方债务表复核。
CN-150300,150300,乌海市,15,内蒙古自治区,地级市,core,2024,2024-12-31,prefecture_whole,official_debt,,,,,,,212.00,210.56,154.00,110.07,366.00,320.63,87.60,,,,,,,未采集,SRC-OFFICIAL-DEBT-INNER-MONGOLIA-WUHAI-2024,A2,extracted,true,已从省级财政厅官方地级行政单元债务明细表提取；经济财政字段与债务字段的来源状态分开记录。
CN-150400,150400,赤峰市,15,内蒙古自治区,地级市,core,2024,2024-12-31,prefecture_whole,secondary_debt,,,,,,,,,,,,881.02,,,,,,,,未采集,SRC-SECONDARY-CEIC-CN-150400,D,needs_review,true,已接入商业数据库公开城市债务页的 provisional 补缺值；经济财政字段与债务字段来源状态分开记录，必须回到官方预算/决算或统计公报复核。
CN-150500,150500,通辽市,15,内蒙古自治区,地级市,core,2024,2024-12-31,prefecture_whole,official_debt,,,,,,,557.00,555.82,343.00,244.16,900.00,799.98,88.89,,,,,,,未采集,SRC-OFFICIAL-DEBT-INNER-MONGOLIA-TONGLIAO-2024,A2,extracted,true,已从省级财政厅官方地级行政单元债务明细表提取；经济财政字段与债务字段的来源状态分开记录。
CN-150600,150600,鄂尔多斯市,15,内蒙古自治区,地级市,core,2024,2024-12-31,prefecture_whole,official_debt,,,,,,,,1582.78,,366.03,,1948.82,,,,,,,,未采集,SRC-OFFICIAL-DEBT-INNER-MONGOLIA-ORDOS-2024,A2,extracted,true,已从省级财政厅官方地级行政单元债务明细表提取；经济财政字段与债务字段的来源状态分开记录。
CN-150700,150700,呼伦贝尔市,15,内蒙古自治区,地级市,core,2024,2024-12-31,prefecture_whole,secondary_debt,,,,,,,,,,,,801.37,,,,,,,,未采集,SRC-SECONDARY-CEIC-CN-150700,D,needs_review,true,已接入商业数据库公开城市债务页的 provisional 补缺值；经济财政字段与债务字段来源状态分开记录，必须回到官方预算/决算或统计公报复核。
CN-150800,150800,巴彦淖尔市,15,内蒙古自治区,地级市,core,2024,2024-12-31,prefecture_whole,secondary_debt,,,,,,,,,,,,659.39,,,,,,,,未采集,SRC-SECONDARY-CEIC-CN-150800,D,needs_review,true,已接入商业数据库公开城市债务页的 provisional 补缺值；经济财政字段与债务字段来源状态分开记录，必须回到官方预算/决算或统计公报复核。
CN-150900,150900,乌兰察布市,15,内蒙古自治区,地级市,core,2024,2024-12-31,prefecture_whole,official_debt,,,,,,,657.00,655.33,456.00,351.48,1113.00,1006.81,90.46,,,,,,,未采集,SRC-OFFICIAL-DEBT-INNER-MONGOLIA-ULANQAB-2024-GENERAL,A2,extracted,true,已从省级财政厅官方地级行政单元债务明细表提取；经济财政字段与债务字段的来源状态分开记录。
CN-152200,152200,兴安盟,15,内蒙古自治区,盟,extended,2024,2024-12-31,prefecture_whole,official_debt,,,,,,,,299.11,,170.64,,469.75,,,,,,,,未采集,SRC-OFFICIAL-DEBT-INNER-MONGOLIA-XINGAN-2024,A2,extracted,true,已从省级财政厅官方地级行政单元债务明细表提取；经济财政字段与债务字段的来源状态分开记录。
CN-152500,152500,锡林郭勒盟,15,内蒙古自治区,盟,extended,2024,2024-12-31,prefecture_whole,official_debt,,,,,,,470.00,454.21,153.00,123.06,623.00,577.27,92.66,,,,,,,未采集,SRC-OFFICIAL-DEBT-INNER-MONGOLIA-XILINGOL-2024,A2,extracted,true,已从省级财政厅官方地级行政单元债务明细表提取；经济财政字段与债务字段的来源状态分开记录。
CN-152900,152900,阿拉善盟,15,内蒙古自治区,盟,extended,2024,2024-12-31,prefecture_whole,secondary_debt,,,,,,,,,,,,325.00,,,,,,,,未采集,SRC-SECONDARY-RATING-INNER-MONGOLIA-2024-CITY-CHART,B2,needs_review,true,已接入评级报告或其他二手公开来源的债务补缺值；不等同于官方决算数据，必须回到财政/人大预算决算或官方债务表复核。
CN-210100,210100,沈阳市,21,辽宁省,地级市,core,2024,2024-12-31,prefecture_whole,official_debt,,,,,,,1102.10,1086.40,1325.26,1315.46,2427.36,2401.86,98.95,,,,,,,未采集,SRC-PROVINCE-DEBT-LIAONING-2024,A1,extracted,true,已从省级财政厅官方地级行政单元债务明细表提取；经济财政字段与债务字段的来源状态分开记录。
CN-210200,210200,大连市,21,辽宁省,地级市,core,2024,2024-12-31,prefecture_whole,official_debt,,,,,,,1683.20,1670.90,1729.73,1502.94,3412.93,3173.84,92.99,,,,,,,未采集,SRC-PROVINCE-DEBT-LIAONING-2024,A1,extracted,true,已从省级财政厅官方地级行政单元债务明细表提取；经济财政字段与债务字段的来源状态分开记录。
CN-210300,210300,鞍山市,21,辽宁省,地级市,core,2024,2024-12-31,prefecture_whole,official_debt,,,,,,,535.40,529.80,503.29,498.46,1038.69,1028.26,99.00,,,,,,,未采集,SRC-PROVINCE-DEBT-LIAONING-2024,A1,extracted,true,已从省级财政厅官方地级行政单元债务明细表提取；经济财政字段与债务字段的来源状态分开记录。
CN-210400,210400,抚顺市,21,辽宁省,地级市,core,2024,2024-12-31,prefecture_whole,official_debt,,,,,,,244.10,239.60,88.86,88.67,332.96,328.27,98.59,,,,,,,未采集,SRC-PROVINCE-DEBT-LIAONING-2024,A1,extracted,true,已从省级财政厅官方地级行政单元债务明细表提取；经济财政字段与债务字段的来源状态分开记录。
CN-210500,210500,本溪市,21,辽宁省,地级市,core,2024,2024-12-31,prefecture_whole,official_debt,,,,,,,245.90,241.40,181.42,180.58,427.32,421.98,98.75,,,,,,,未采集,SRC-PROVINCE-DEBT-LIAONING-2024,A1,extracted,true,已从省级财政厅官方地级行政单元债务明细表提取；经济财政字段与债务字段的来源状态分开记录。
CN-210600,210600,丹东市,21,辽宁省,地级市,core,2024,2024-12-31,prefecture_whole,official_debt,,,,,,,307.30,301.90,121.48,121.34,428.78,423.24,98.71,,,,,,,未采集,SRC-PROVINCE-DEBT-LIAONING-2024,A1,extracted,true,已从省级财政厅官方地级行政单元债务明细表提取；经济财政字段与债务字段的来源状态分开记录。
CN-210700,210700,锦州市,21,辽宁省,地级市,core,2024,2024-12-31,prefecture_whole,official_debt,,,,,,,445.70,440.00,165.81,165.71,611.51,605.71,99.05,,,,,,,未采集,SRC-PROVINCE-DEBT-LIAONING-2024,A1,extracted,true,已从省级财政厅官方地级行政单元债务明细表提取；经济财政字段与债务字段的来源状态分开记录。
CN-210800,210800,营口市,21,辽宁省,地级市,core,2024,2024-12-31,prefecture_whole,official_debt,,,,,,,941.70,929.60,423.23,422.46,1364.93,1352.06,99.06,,,,,,,未采集,SRC-PROVINCE-DEBT-LIAONING-2024,A1,extracted,true,已从省级财政厅官方地级行政单元债务明细表提取；经济财政字段与债务字段的来源状态分开记录。
CN-210900,210900,阜新市,21,辽宁省,地级市,core,2024,2024-12-31,prefecture_whole,official_debt,,,,,,,156.50,154.40,115.62,115.25,272.12,269.65,99.09,,,,,,,未采集,SRC-PROVINCE-DEBT-LIAONING-2024,A1,extracted,true,已从省级财政厅官方地级行政单元债务明细表提取；经济财政字段与债务字段的来源状态分开记录。
CN-211000,211000,辽阳市,21,辽宁省,地级市,core,2024,2024-12-31,prefecture_whole,official_debt,,,,,,,282.80,279.20,198.70,198.33,481.50,477.53,99.18,,,,,,,未采集,SRC-PROVINCE-DEBT-LIAONING-2024,A1,extracted,true,已从省级财政厅官方地级行政单元债务明细表提取；经济财政字段与债务字段的来源状态分开记录。
CN-211100,211100,盘锦市,21,辽宁省,地级市,core,2024,2024-12-31,prefecture_whole,official_debt,,,,,,,817.20,807.60,364.61,363.46,1181.81,1171.06,99.09,,,,,,,未采集,SRC-PROVINCE-DEBT-LIAONING-2024,A1,extracted,true,已从省级财政厅官方地级行政单元债务明细表提取；经济财政字段与债务字段的来源状态分开记录。
CN-211200,211200,铁岭市,21,辽宁省,地级市,core,2024,2024-12-31,prefecture_whole,official_debt,,,,,,,209.80,208.00,280.14,279.30,489.94,487.30,99.46,,,,,,,未采集,SRC-PROVINCE-DEBT-LIAONING-2024,A1,extracted,true,已从省级财政厅官方地级行政单元债务明细表提取；经济财政字段与债务字段的来源状态分开记录。
CN-211300,211300,朝阳市,21,辽宁省,地级市,core,2024,2024-12-31,prefecture_whole,execution,,,,87.68,314.77,12.56,164.60,160.90,217.23,217.00,381.83,377.90,98.97,,431.00,431.00,27.86,12.53,14.32,城市财政局官方预算执行报告（全市口径）,SRC-PROVINCE-DEBT-LIAONING-2024;SRC-A2-CHAOYANG-CITY-FISCAL-2024,A2,extracted,true,已从省级财政厅官方地级行政单元债务明细表提取；经济财政字段与债务字段的来源状态分开记录。；已接入2024年朝阳市官方预算执行报告；财政三项字段为全市快报数，保留execution状态，不改写为最终决算。
CN-211400,211400,葫芦岛市,21,辽宁省,地级市,core,2024,2024-12-31,prefecture_whole,official_debt,,,,,,,403.50,397.70,171.39,170.85,574.89,568.55,98.90,,,,,,,未采集,SRC-PROVINCE-DEBT-LIAONING-2024,A1,extracted,true,已从省级财政厅官方地级行政单元债务明细表提取；经济财政字段与债务字段的来源状态分开记录。
CN-220100,220100,长春市,22,吉林省,地级市,core,2024,2024-12-31,prefecture_whole,official_debt,,,,,,,966.90,951.90,2213.90,2206.50,3180.80,3158.40,99.30,,,,,,,未采集,SRC-PROVINCE-DEBT-JILIN-2024,A1,extracted,true,已从省级财政厅官方地级行政单元债务明细表提取；经济财政字段与债务字段的来源状态分开记录。
CN-220200,220200,吉林市,22,吉林省,地级市,core,2024,2024-12-31,prefecture_whole,official_debt,,,,,,,514.60,511.80,623.10,620.80,1137.70,1132.60,99.55,,,,,,,未采集,SRC-PROVINCE-DEBT-JILIN-2024,A1,extracted,true,已从省级财政厅官方地级行政单元债务明细表提取；经济财政字段与债务字段的来源状态分开记录。
CN-220300,220300,四平市,22,吉林省,地级市,core,2024,2024-12-31,prefecture_whole,official_debt,,,,,,,104.20,103.90,77.10,77.00,181.30,180.90,99.78,,,,,,,未采集,SRC-PROVINCE-DEBT-JILIN-2024,A1,extracted,true,已从省级财政厅官方地级行政单元债务明细表提取；经济财政字段与债务字段的来源状态分开记录。
CN-220400,220400,辽源市,22,吉林省,地级市,core,2024,2024-12-31,prefecture_whole,official_debt,,,,,,,108.00,107.50,147.90,147.20,255.80,254.80,99.61,,,,,,,未采集,SRC-PROVINCE-DEBT-JILIN-2024,A1,extracted,true,已从省级财政厅官方地级行政单元债务明细表提取；经济财政字段与债务字段的来源状态分开记录。
CN-220500,220500,通化市,22,吉林省,地级市,core,2024,2024-12-31,prefecture_whole,official_debt,,,,,,,105.40,105.20,177.60,175.80,282.90,281.00,99.33,,,,,,,未采集,SRC-PROVINCE-DEBT-JILIN-2024,A1,extracted,true,已从省级财政厅官方地级行政单元债务明细表提取；经济财政字段与债务字段的来源状态分开记录。
CN-220600,220600,白山市,22,吉林省,地级市,core,2024,2024-12-31,prefecture_whole,official_debt,,,,,,,131.60,130.80,86.50,86.50,218.20,217.20,99.54,,,,,,,未采集,SRC-PROVINCE-DEBT-JILIN-2024,A1,extracted,true,已从省级财政厅官方地级行政单元债务明细表提取；经济财政字段与债务字段的来源状态分开记录。
CN-220700,220700,松原市,22,吉林省,地级市,core,2024,2024-12-31,prefecture_whole,official_debt,,,,,,,134.00,132.50,177.60,177.40,311.60,309.90,99.45,,,,,,,未采集,SRC-PROVINCE-DEBT-JILIN-2024,A1,extracted,true,已从省级财政厅官方地级行政单元债务明细表提取；经济财政字段与债务字段的来源状态分开记录。
CN-220800,220800,白城市,22,吉林省,地级市,core,2024,2024-12-31,prefecture_whole,official_debt,,,,,,,107.80,106.90,51.70,51.60,159.50,158.40,99.31,,,,,,,未采集,SRC-PROVINCE-DEBT-JILIN-2024,A1,extracted,true,已从省级财政厅官方地级行政单元债务明细表提取；经济财政字段与债务字段的来源状态分开记录。
CN-222400,222400,延边朝鲜族自治州,22,吉林省,自治州,extended,2024,2024-12-31,prefecture_whole,official_debt,,,,,,,399.60,396.20,455.70,454.20,855.30,850.40,99.43,,,,,,,未采集,SRC-PROVINCE-DEBT-JILIN-2024,A1,extracted,true,已从省级财政厅官方地级行政单元债务明细表提取；经济财政字段与债务字段的来源状态分开记录。
CN-230100,230100,哈尔滨市,23,黑龙江省,地级市,core,2024,2024-12-31,prefecture_whole,official_debt,,,,,,,1877.54,1867.15,1636.79,1619.16,3514.33,3486.31,99.20,,,,,,,未采集,SRC-PROVINCE-DEBT-HEILONGJIANG-2024,A1,extracted,true,已从省级财政厅官方地级行政单元债务明细表提取；经济财政字段与债务字段的来源状态分开记录。
CN-230200,230200,齐齐哈尔市,23,黑龙江省,地级市,core,2024,2024-12-31,prefecture_whole,official_debt,,,,,,,390.91,388.79,258.24,258.12,649.15,646.91,99.65,,,,,,,未采集,SRC-PROVINCE-DEBT-HEILONGJIANG-2024,A1,extracted,true,已从省级财政厅官方地级行政单元债务明细表提取；经济财政字段与债务字段的来源状态分开记录。
CN-230300,230300,鸡西市,23,黑龙江省,地级市,core,2024,2024-12-31,prefecture_whole,official_debt,,,,,,,198.82,197.61,162.74,162.37,361.56,359.98,99.56,,,,,,,未采集,SRC-PROVINCE-DEBT-HEILONGJIANG-2024,A1,extracted,true,已从省级财政厅官方地级行政单元债务明细表提取；经济财政字段与债务字段的来源状态分开记录。
CN-230400,230400,鹤岗市,23,黑龙江省,地级市,core,2024,2024-12-31,prefecture_whole,official_debt,,,,,,,154.75,154.07,77.14,75.58,231.88,229.65,99.04,,,,,,,未采集,SRC-PROVINCE-DEBT-HEILONGJIANG-2024,A1,extracted,true,已从省级财政厅官方地级行政单元债务明细表提取；经济财政字段与债务字段的来源状态分开记录。
CN-230500,230500,双鸭山市,23,黑龙江省,地级市,core,2024,2024-12-31,prefecture_whole,official_debt,,,,,,,257.37,256.23,194.39,194.30,451.76,450.53,99.73,,,,,,,未采集,SRC-PROVINCE-DEBT-HEILONGJIANG-2024,A1,extracted,true,已从省级财政厅官方地级行政单元债务明细表提取；经济财政字段与债务字段的来源状态分开记录。
CN-230600,230600,大庆市,23,黑龙江省,地级市,core,2024,2024-12-31,prefecture_whole,official_debt,,,,,,,271.06,269.46,333.21,332.79,604.26,602.25,99.67,,,,,,,未采集,SRC-PROVINCE-DEBT-HEILONGJIANG-2024,A1,extracted,true,已从省级财政厅官方地级行政单元债务明细表提取；经济财政字段与债务字段的来源状态分开记录。
CN-230700,230700,伊春市,23,黑龙江省,地级市,core,2024,2024-12-31,prefecture_whole,official_debt,,,,,,,194.31,192.71,46.17,41.39,240.48,234.10,97.35,,,,,,,未采集,SRC-PROVINCE-DEBT-HEILONGJIANG-2024,A1,extracted,true,已从省级财政厅官方地级行政单元债务明细表提取；经济财政字段与债务字段的来源状态分开记录。
CN-230800,230800,佳木斯市,23,黑龙江省,地级市,core,2024,2024-12-31,prefecture_whole,official_debt,,,,,,,397.07,395.45,224.74,224.65,621.81,620.10,99.72,,,,,,,未采集,SRC-PROVINCE-DEBT-HEILONGJIANG-2024,A1,extracted,true,已从省级财政厅官方地级行政单元债务明细表提取；经济财政字段与债务字段的来源状态分开记录。
CN-230900,230900,七台河市,23,黑龙江省,地级市,core,2024,2024-12-31,prefecture_whole,official_debt,,,,,,,155.88,155.39,116.14,115.94,272.02,271.33,99.75,,,,,,,未采集,SRC-PROVINCE-DEBT-HEILONGJIANG-2024,A1,extracted,true,已从省级财政厅官方地级行政单元债务明细表提取；经济财政字段与债务字段的来源状态分开记录。
CN-231000,231000,牡丹江市,23,黑龙江省,地级市,core,2024,2024-12-31,prefecture_whole,official_debt,,,,,,,447.84,444.42,263.74,261.60,711.58,706.02,99.22,,,,,,,未采集,SRC-PROVINCE-DEBT-HEILONGJIANG-2024,A1,extracted,true,已从省级财政厅官方地级行政单元债务明细表提取；经济财政字段与债务字段的来源状态分开记录。
CN-231100,231100,黑河市,23,黑龙江省,地级市,core,2024,2024-12-31,prefecture_whole,official_debt,,,,,,,150.78,150.16,97.82,97.76,248.61,247.92,99.72,,,,,,,未采集,SRC-PROVINCE-DEBT-HEILONGJIANG-2024,A1,extracted,true,已从省级财政厅官方地级行政单元债务明细表提取；经济财政字段与债务字段的来源状态分开记录。
CN-231200,231200,绥化市,23,黑龙江省,地级市,core,2024,2024-12-31,prefecture_whole,official_debt,,,,,,,426.02,423.82,191.11,189.42,617.12,613.24,99.37,,,,,,,未采集,SRC-PROVINCE-DEBT-HEILONGJIANG-2024,A1,extracted,true,已从省级财政厅官方地级行政单元债务明细表提取；经济财政字段与债务字段的来源状态分开记录。
CN-232700,232700,大兴安岭地区,23,黑龙江省,地区,extended,2024,2024-12-31,prefecture_whole,official_debt,,,,,,,40.11,39.88,11.38,11.10,51.49,50.98,99.01,,,,,,,未采集,SRC-PROVINCE-DEBT-HEILONGJIANG-2024,A1,extracted,true,已从省级财政厅官方地级行政单元债务明细表提取；经济财政字段与债务字段的来源状态分开记录。
CN-310000,310000,上海市,31,上海市,直辖市,separate,2024,2024-12-31,prefecture_whole,official_debt,,,,,,,4258.20,3946.80,6037.00,5144.10,10295.20,9090.90,88.30,,,,,,,未采集,SRC-CITY-DEBT-SHANGHAI-2024,A1,extracted,true,已从省级财政厅官方地级行政单元债务明细表提取；经济财政字段与债务字段的来源状态分开记录。
CN-320100,320100,南京市,32,江苏省,地级市,core,2024,2024-12-31,prefecture_whole,official_debt,,,,1596.02,1705.26,937.59,1229.38,1199.17,2592.91,2462.39,3822.29,3661.56,95.79,,229.42,229.42,93.59,37.01,58.75,省级财政厅官方分地区表（全市口径）,SRC-PROVINCE-DEBT-JIANGSU-2024;SRC-PROVINCE-FISCAL-JIANGSU-2024;SRC-PROVINCE-FUND-JIANGSU-2024,A1,extracted,true,已从省级财政厅官方地级行政单元债务明细表提取；经济财政字段与债务字段的来源状态分开记录。；已接入江苏省2024年财政厅分地区一般公共预算收入、支出执行表；经济财政字段为全市执行数，原始单位万元。；已接入江苏省2024年财政厅分地区政府性基金预算收入执行表；经济财政其他字段仍按各自来源状态记录。
CN-320200,320200,无锡市,32,江苏省,地级市,core,2024,2024-12-31,prefecture_whole,official_debt,,,,1210.09,1341.46,799.29,619.45,615.78,2012.43,1993.94,2631.88,2609.72,99.16,,215.66,215.66,90.21,39.78,66.05,省级财政厅官方分地区表（全市口径）,SRC-PROVINCE-DEBT-JIANGSU-2024;SRC-PROVINCE-FISCAL-JIANGSU-2024;SRC-PROVINCE-FUND-JIANGSU-2024,A1,extracted,true,已从省级财政厅官方地级行政单元债务明细表提取；经济财政字段与债务字段的来源状态分开记录。；已接入江苏省2024年财政厅分地区一般公共预算收入、支出执行表；经济财政字段为全市执行数，原始单位万元。；已接入江苏省2024年财政厅分地区政府性基金预算收入执行表；经济财政其他字段仍按各自来源状态记录。
CN-320300,320300,徐州市,32,江苏省,地级市,core,2024,2024-12-31,prefecture_whole,official_debt,,,,560.29,1052.38,388.41,382.15,361.52,1539.36,1510.85,1921.51,1872.37,97.44,,334.18,334.18,53.24,40.94,69.32,省级财政厅官方分地区表（全市口径）,SRC-PROVINCE-DEBT-JIANGSU-2024;SRC-PROVINCE-FISCAL-JIANGSU-2024;SRC-PROVINCE-FUND-JIANGSU-2024,A1,extracted,true,已从省级财政厅官方地级行政单元债务明细表提取；经济财政字段与债务字段的来源状态分开记录。；已接入江苏省2024年财政厅分地区一般公共预算收入、支出执行表；经济财政字段为全市执行数，原始单位万元。；已接入江苏省2024年财政厅分地区政府性基金预算收入执行表；经济财政其他字段仍按各自来源状态记录。
CN-320400,320400,常州市,32,江苏省,地级市,core,2024,2024-12-31,prefecture_whole,official_debt,,,,697.80,890.05,976.17,454.09,449.31,2016.09,1994.38,2470.18,2443.69,98.93,,350.20,350.20,78.40,58.31,139.89,省级财政厅官方分地区表（全市口径）,SRC-PROVINCE-DEBT-JIANGSU-2024;SRC-PROVINCE-FISCAL-JIANGSU-2024;SRC-PROVINCE-FUND-JIANGSU-2024,A1,extracted,true,已从省级财政厅官方地级行政单元债务明细表提取；经济财政字段与债务字段的来源状态分开记录。；已接入江苏省2024年财政厅分地区一般公共预算收入、支出执行表；经济财政字段为全市执行数，原始单位万元。；已接入江苏省2024年财政厅分地区政府性基金预算收入执行表；经济财政其他字段仍按各自来源状态记录。
CN-320500,320500,苏州市,32,江苏省,地级市,core,2024,2024-12-31,prefecture_whole,official_debt,,,,2459.10,2602.27,1048.08,754.74,730.40,3030.30,2927.56,3785.04,3657.97,96.64,,148.75,148.75,94.50,29.88,42.62,省级财政厅官方分地区表（全市口径）,SRC-PROVINCE-DEBT-JIANGSU-2024;SRC-PROVINCE-FISCAL-JIANGSU-2024;SRC-PROVINCE-FUND-JIANGSU-2024,A1,extracted,true,已从省级财政厅官方地级行政单元债务明细表提取；经济财政字段与债务字段的来源状态分开记录。；已接入江苏省2024年财政厅分地区一般公共预算收入、支出执行表；经济财政字段为全市执行数，原始单位万元。；已接入江苏省2024年财政厅分地区政府性基金预算收入执行表；经济财政其他字段仍按各自来源状态记录。
CN-320600,320600,南通市,32,江苏省,地级市,core,2024,2024-12-31,prefecture_whole,official_debt,,,,700.90,1179.05,834.54,886.28,877.09,1800.53,1738.99,2686.81,2616.08,97.37,,373.25,373.25,59.45,54.35,119.07,省级财政厅官方分地区表（全市口径）,SRC-PROVINCE-DEBT-JIANGSU-2024;SRC-PROVINCE-FISCAL-JIANGSU-2024;SRC-PROVINCE-FUND-JIANGSU-2024,A1,extracted,true,已从省级财政厅官方地级行政单元债务明细表提取；经济财政字段与债务字段的来源状态分开记录。；已接入江苏省2024年财政厅分地区一般公共预算收入、支出执行表；经济财政字段为全市执行数，原始单位万元。；已接入江苏省2024年财政厅分地区政府性基金预算收入执行表；经济财政其他字段仍按各自来源状态记录。
CN-320700,320700,连云港市,32,江苏省,地级市,core,2024,2024-12-31,prefecture_whole,official_debt,,,,287.07,596.44,208.22,280.42,267.96,593.73,584.51,874.15,852.47,97.52,,296.96,296.96,48.13,42.04,72.53,省级财政厅官方分地区表（全市口径）,SRC-PROVINCE-DEBT-JIANGSU-2024;SRC-PROVINCE-FISCAL-JIANGSU-2024;SRC-PROVINCE-FUND-JIANGSU-2024,A1,extracted,true,已从省级财政厅官方地级行政单元债务明细表提取；经济财政字段与债务字段的来源状态分开记录。；已接入江苏省2024年财政厅分地区一般公共预算收入、支出执行表；经济财政字段为全市执行数，原始单位万元。；已接入江苏省2024年财政厅分地区政府性基金预算收入执行表；经济财政其他字段仍按各自来源状态记录。
CN-320800,320800,淮安市,32,江苏省,地级市,core,2024,2024-12-31,prefecture_whole,official_debt,,,,325.54,742.48,370.71,433.75,420.61,630.00,610.68,1063.75,1031.29,96.95,,316.79,316.79,43.84,53.24,113.88,省级财政厅官方分地区表（全市口径）,SRC-PROVINCE-DEBT-JIANGSU-2024;SRC-PROVINCE-FISCAL-JIANGSU-2024;SRC-PROVINCE-FUND-JIANGSU-2024,A1,extracted,true,已从省级财政厅官方地级行政单元债务明细表提取；经济财政字段与债务字段的来源状态分开记录。；已接入江苏省2024年财政厅分地区一般公共预算收入、支出执行表；经济财政字段为全市执行数，原始单位万元。；已接入江苏省2024年财政厅分地区政府性基金预算收入执行表；经济财政其他字段仍按各自来源状态记录。
CN-320900,320900,盐城市,32,江苏省,地级市,core,2024,2024-12-31,prefecture_whole,official_debt,,,,496.24,1136.90,730.85,779.42,758.01,1254.11,1203.55,2033.53,1961.56,96.46,,395.28,395.28,43.65,59.56,147.28,省级财政厅官方分地区表（全市口径）,SRC-PROVINCE-DEBT-JIANGSU-2024;SRC-PROVINCE-FISCAL-JIANGSU-2024;SRC-PROVINCE-FUND-JIANGSU-2024,A1,extracted,true,已从省级财政厅官方地级行政单元债务明细表提取；经济财政字段与债务字段的来源状态分开记录。；已接入江苏省2024年财政厅分地区一般公共预算收入、支出执行表；经济财政字段为全市执行数，原始单位万元。；已接入江苏省2024年财政厅分地区政府性基金预算收入执行表；经济财政其他字段仍按各自来源状态记录。
CN-321000,321000,扬州市,32,江苏省,地级市,core,2024,2024-12-31,prefecture_whole,official_debt,,,,361.18,728.85,620.69,476.58,472.26,991.16,957.93,1467.74,1430.20,97.44,,395.98,395.98,49.55,63.22,171.85,省级财政厅官方分地区表（全市口径）,SRC-PROVINCE-DEBT-JIANGSU-2024;SRC-PROVINCE-FISCAL-JIANGSU-2024;SRC-PROVINCE-FUND-JIANGSU-2024,A1,extracted,true,已从省级财政厅官方地级行政单元债务明细表提取；经济财政字段与债务字段的来源状态分开记录。；已接入江苏省2024年财政厅分地区一般公共预算收入、支出执行表；经济财政字段为全市执行数，原始单位万元。；已接入江苏省2024年财政厅分地区政府性基金预算收入执行表；经济财政其他字段仍按各自来源状态记录。
CN-321100,321100,镇江市,32,江苏省,地级市,core,2024,2024-12-31,prefecture_whole,official_debt,,,,329.11,566.13,474.97,599.53,595.94,2101.41,2097.54,2700.94,2693.48,99.72,,818.41,818.41,58.13,59.07,144.32,省级财政厅官方分地区表（全市口径）,SRC-PROVINCE-DEBT-JIANGSU-2024;SRC-PROVINCE-FISCAL-JIANGSU-2024;SRC-PROVINCE-FUND-JIANGSU-2024,A1,extracted,true,已从省级财政厅官方地级行政单元债务明细表提取；经济财政字段与债务字段的来源状态分开记录。；已接入江苏省2024年财政厅分地区一般公共预算收入、支出执行表；经济财政字段为全市执行数，原始单位万元。；已接入江苏省2024年财政厅分地区政府性基金预算收入执行表；经济财政其他字段仍按各自来源状态记录。
CN-321200,321200,泰州市,32,江苏省,地级市,core,2024,2024-12-31,prefecture_whole,official_debt,,,,453.08,695.98,420.56,513.29,499.39,838.35,816.32,1351.64,1315.70,97.34,,290.39,290.39,65.10,48.14,92.82,省级财政厅官方分地区表（全市口径）,SRC-PROVINCE-DEBT-JIANGSU-2024;SRC-PROVINCE-FISCAL-JIANGSU-2024;SRC-PROVINCE-FUND-JIANGSU-2024,A1,extracted,true,已从省级财政厅官方地级行政单元债务明细表提取；经济财政字段与债务字段的来源状态分开记录。；已接入江苏省2024年财政厅分地区一般公共预算收入、支出执行表；经济财政字段为全市执行数，原始单位万元。；已接入江苏省2024年财政厅分地区政府性基金预算收入执行表；经济财政其他字段仍按各自来源状态记录。
CN-321300,321300,宿迁市,32,江苏省,地级市,core,2024,2024-12-31,prefecture_whole,official_debt,,,,310.00,662.82,217.18,414.27,406.20,708.44,703.19,1122.71,1109.39,98.81,,357.87,357.87,46.77,41.20,70.06,省级财政厅官方分地区表（全市口径）,SRC-PROVINCE-DEBT-JIANGSU-2024;SRC-PROVINCE-FISCAL-JIANGSU-2024;SRC-PROVINCE-FUND-JIANGSU-2024,A1,extracted,true,已从省级财政厅官方地级行政单元债务明细表提取；经济财政字段与债务字段的来源状态分开记录。；已接入江苏省2024年财政厅分地区一般公共预算收入、支出执行表；经济财政字段为全市执行数，原始单位万元。；已接入江苏省2024年财政厅分地区政府性基金预算收入执行表；经济财政其他字段仍按各自来源状态记录。
CN-330100,330100,杭州市,33,浙江省,地级市,core,2024,2024-12-31,prefecture_whole,official_debt,,,,,,,1317.03,1316.61,3148.37,3148.29,4465.40,4464.91,99.99,,,,,,,未采集,SRC-PROVINCE-DEBT-ZHEJIANG-GENERAL-2024,A1,extracted,true,已从省级财政厅官方地级行政单元债务明细表提取；经济财政字段与债务字段的来源状态分开记录。
CN-330200,330200,宁波市,33,浙江省,地级市,core,2024,2024-12-31,prefecture_whole,official_debt,,,,,,,1317.47,1313.12,3232.88,2684.27,4550.35,3997.40,87.85,,,,,,,未采集,SRC-PROVINCE-DEBT-ZHEJIANG-GENERAL-2024,A1,extracted,true,已从省级财政厅官方地级行政单元债务明细表提取；经济财政字段与债务字段的来源状态分开记录。
CN-330300,330300,温州市,33,浙江省,地级市,core,2024,2024-12-31,prefecture_whole,official_debt,,,,,,,719.34,719.30,2934.86,2934.83,3654.20,3654.14,100.00,,,,,,,未采集,SRC-PROVINCE-DEBT-ZHEJIANG-GENERAL-2024,A1,extracted,true,已从省级财政厅官方地级行政单元债务明细表提取；经济财政字段与债务字段的来源状态分开记录。
CN-330400,330400,嘉兴市,33,浙江省,地级市,core,2024,2024-12-31,prefecture_whole,official_debt,,,,,,,609.34,609.07,1791.89,1791.83,2401.23,2400.90,99.99,,,,,,,未采集,SRC-PROVINCE-DEBT-ZHEJIANG-GENERAL-2024,A1,extracted,true,已从省级财政厅官方地级行政单元债务明细表提取；经济财政字段与债务字段的来源状态分开记录。
CN-330500,330500,湖州市,33,浙江省,地级市,core,2024,2024-12-31,prefecture_whole,official_debt,,,,,,,560.37,560.33,1050.83,1050.80,1611.20,1611.13,100.00,,,,,,,未采集,SRC-PROVINCE-DEBT-ZHEJIANG-GENERAL-2024,A1,extracted,true,已从省级财政厅官方地级行政单元债务明细表提取；经济财政字段与债务字段的来源状态分开记录。
CN-330600,330600,绍兴市,33,浙江省,地级市,core,2024,2024-12-31,prefecture_whole,official_debt,,,,,,,496.24,496.20,1720.19,1720.15,2216.43,2216.35,100.00,,,,,,,未采集,SRC-PROVINCE-DEBT-ZHEJIANG-GENERAL-2024,A1,extracted,true,已从省级财政厅官方地级行政单元债务明细表提取；经济财政字段与债务字段的来源状态分开记录。
CN-330700,330700,金华市,33,浙江省,地级市,core,2024,2024-12-31,prefecture_whole,official_debt,,,,,,,614.35,614.30,1553.89,1553.85,2168.24,2168.16,100.00,,,,,,,未采集,SRC-PROVINCE-DEBT-ZHEJIANG-GENERAL-2024,A1,extracted,true,已从省级财政厅官方地级行政单元债务明细表提取；经济财政字段与债务字段的来源状态分开记录。
CN-330800,330800,衢州市,33,浙江省,地级市,core,2024,2024-12-31,prefecture_whole,official_debt,,,,,,,411.32,411.28,747.65,747.63,1158.97,1158.91,99.99,,,,,,,未采集,SRC-PROVINCE-DEBT-ZHEJIANG-GENERAL-2024,A1,extracted,true,已从省级财政厅官方地级行政单元债务明细表提取；经济财政字段与债务字段的来源状态分开记录。
CN-330900,330900,舟山市,33,浙江省,地级市,core,2024,2024-12-31,prefecture_whole,official_debt,,,,,,,310.14,310.12,374.57,374.56,684.71,684.68,100.00,,,,,,,未采集,SRC-PROVINCE-DEBT-ZHEJIANG-GENERAL-2024,A1,extracted,true,已从省级财政厅官方地级行政单元债务明细表提取；经济财政字段与债务字段的来源状态分开记录。
CN-331000,331000,台州市,33,浙江省,地级市,core,2024,2024-12-31,prefecture_whole,official_debt,,,,,,,782.71,782.67,1554.15,1554.12,2336.86,2336.79,100.00,,,,,,,未采集,SRC-PROVINCE-DEBT-ZHEJIANG-GENERAL-2024,A1,extracted,true,已从省级财政厅官方地级行政单元债务明细表提取；经济财政字段与债务字段的来源状态分开记录。
CN-331100,331100,丽水市,33,浙江省,地级市,core,2024,2024-12-31,prefecture_whole,official_debt,,,,,,,564.02,563.98,833.00,832.97,1397.02,1396.95,99.99,,,,,,,未采集,SRC-PROVINCE-DEBT-ZHEJIANG-GENERAL-2024,A1,extracted,true,已从省级财政厅官方地级行政单元债务明细表提取；经济财政字段与债务字段的来源状态分开记录。
CN-340100,340100,合肥市,34,安徽省,地级市,core,2024,2024-12-31,prefecture_whole,secondary_debt,,,,,,,,,,,,2749.76,,,,,,,,未采集,SRC-SECONDARY-DEBT-ANHUI-HEFEI-2024,B2,needs_review,true,已接入评级报告或其他二手公开来源的债务补缺值；不等同于官方决算数据，必须回到财政/人大预算决算或官方债务表复核。
CN-340200,340200,芜湖市,34,安徽省,地级市,core,2024,2024-12-31,prefecture_whole,official_debt,,,,,,,434.70,425.80,1054.90,1035.50,1489.60,1461.30,98.10,,,,,,,未采集,SRC-CITY-DEBT-ANHUI-WUHU-2024,A1,extracted,true,已从省级财政厅官方地级行政单元债务明细表提取；经济财政字段与债务字段的来源状态分开记录。
CN-340300,340300,蚌埠市,34,安徽省,地级市,core,2024,2024-12-31,prefecture_whole,secondary_debt,,,,,,,,,,,,903.38,,,,,,,,未采集,SRC-SECONDARY-DEBT-ANHUI-BENGBU-2024,B2,needs_review,true,已接入评级报告或其他二手公开来源的债务补缺值；不等同于官方决算数据，必须回到财政/人大预算决算或官方债务表复核。
CN-340400,340400,淮南市,34,安徽省,地级市,core,2024,2024-12-31,prefecture_whole,secondary_debt,,,,,,,,201.10,,479.80,,680.90,,,,,,,,未采集,SRC-SECONDARY-DEBT-ANHUI-HUAINAN-2024,B2,needs_review,true,已接入评级报告或其他二手公开来源的债务补缺值；不等同于官方决算数据，必须回到财政/人大预算决算或官方债务表复核。
CN-340500,340500,马鞍山市,34,安徽省,地级市,core,2024,2024-12-31,prefecture_whole,secondary_debt,,,,,,,,313.28,,647.96,,961.24,,,,,,,,未采集,SRC-SECONDARY-DEBT-ANHUI-MAANSHAN-2024,B2,needs_review,true,已接入评级报告或其他二手公开来源的债务补缺值；不等同于官方决算数据，必须回到财政/人大预算决算或官方债务表复核。
CN-340600,340600,淮北市,34,安徽省,地级市,core,2024,2024-12-31,prefecture_whole,secondary_debt,,,,,,,,104.97,,339.25,,444.22,,,,,,,,未采集,SRC-SECONDARY-DEBT-ANHUI-HUAIBEI-2024,B2,needs_review,true,已接入评级报告或其他二手公开来源的债务补缺值；不等同于官方决算数据，必须回到财政/人大预算决算或官方债务表复核。
CN-340700,340700,铜陵市,34,安徽省,地级市,core,2024,2024-12-31,prefecture_whole,official_debt,,,,,,,116.98,113.24,405.45,386.48,522.43,499.72,95.65,,,,,,,未采集,SRC-CITY-DEBT-ANHUI-TONGLING-2024,A1,extracted,true,已从省级财政厅官方地级行政单元债务明细表提取；经济财政字段与债务字段的来源状态分开记录。
CN-340800,340800,安庆市,34,安徽省,地级市,core,2024,2024-12-31,prefecture_whole,secondary_debt,,,,,,,,,,,,1175.60,,,,,,,,未采集,SRC-SECONDARY-DEBT-ANHUI-ANQING-2024,B2,needs_review,true,已接入评级报告或其他二手公开来源的债务补缺值；不等同于官方决算数据，必须回到财政/人大预算决算或官方债务表复核。
CN-341000,341000,黄山市,34,安徽省,地级市,core,2024,2024-12-31,prefecture_whole,official_debt,,,,,,,147.87,143.93,369.33,363.18,517.20,507.11,98.05,,,,,,,未采集,SRC-CITY-DEBT-ANHUI-HUANGSHAN-2024,A1,extracted,true,已从省级财政厅官方地级行政单元债务明细表提取；经济财政字段与债务字段的来源状态分开记录。
CN-341100,341100,滁州市,34,安徽省,地级市,core,2024,2024-12-31,prefecture_whole,secondary_debt,,,,,,,,254.78,,1231.92,,1486.70,,,,,,,,未采集,SRC-SECONDARY-DEBT-ANHUI-CHUZHOU-2024,B2,needs_review,true,已接入评级报告或其他二手公开来源的债务补缺值；不等同于官方决算数据，必须回到财政/人大预算决算或官方债务表复核。
CN-341200,341200,阜阳市,34,安徽省,地级市,core,2024,2024-12-31,prefecture_whole,secondary_debt,,,,,,,,,,,,1800.74,,,,,,,,未采集,SRC-SECONDARY-DEBT-ANHUI-FUYANG-2024,B2,needs_review,true,已接入评级报告或其他二手公开来源的债务补缺值；不等同于官方决算数据，必须回到财政/人大预算决算或官方债务表复核。
CN-341300,341300,宿州市,34,安徽省,地级市,core,2024,2024-12-31,prefecture_whole,official_debt,,,,,,,241.70,239.88,764.26,740.89,1005.95,980.78,97.50,,,,,,,未采集,SRC-CITY-DEBT-ANHUI-SUZHOU-2024,A1,extracted,true,已从省级财政厅官方地级行政单元债务明细表提取；经济财政字段与债务字段的来源状态分开记录。
CN-341500,341500,六安市,34,安徽省,地级市,core,2024,2024-12-31,prefecture_whole,official_debt,,,,,,,,296.07,,942.33,,1238.40,,,,,,,,未采集,SRC-OFFICIAL-DEBT-ANHUI-LIUAN-2024,A2,extracted,true,已从省级财政厅官方地级行政单元债务明细表提取；经济财政字段与债务字段的来源状态分开记录。
CN-341600,341600,亳州市,34,安徽省,地级市,core,2024,2024-12-31,prefecture_whole,secondary_debt,,,,,,,,,,,,1114.10,,,,,,,,未采集,SRC-SECONDARY-DEBT-ANHUI-BOZHOU-2024,B2,needs_review,true,已接入评级报告或其他二手公开来源的债务补缺值；不等同于官方决算数据，必须回到财政/人大预算决算或官方债务表复核。
CN-341700,341700,池州市,34,安徽省,地级市,core,2024,2024-12-31,prefecture_whole,secondary_debt,,,,,,,,152.55,,282.51,,435.06,,,,,,,,未采集,SRC-SECONDARY-DEBT-ANHUI-CHIZHOU-2024,B2,needs_review,true,已接入评级报告或其他二手公开来源的债务补缺值；不等同于官方决算数据，必须回到财政/人大预算决算或官方债务表复核。
CN-341800,341800,宣城市,34,安徽省,地级市,core,2024,2024-12-31,prefecture_whole,official_debt,,,,,,,226.02,221.82,571.66,562.46,797.67,784.28,98.32,,,,,,,未采集,SRC-CITY-DEBT-ANHUI-XUANCHENG-2024,A1,extracted,true,已从省级财政厅官方地级行政单元债务明细表提取；经济财政字段与债务字段的来源状态分开记录。
CN-350100,350100,福州市,35,福建省,地级市,core,2024,2024-12-31,prefecture_whole,official_debt,,,,,,,560.55,540.04,2296.09,2220.70,2856.64,2760.74,96.64,,,,,,,未采集,SRC-PROVINCE-DEBT-FUJIAN-2024,A1,extracted,true,已从省级财政厅官方地级行政单元债务明细表提取；经济财政字段与债务字段的来源状态分开记录。
CN-350200,350200,厦门市,35,福建省,地级市,core,2024,2024-12-31,prefecture_whole,official_debt,,,,,,,425.70,417.70,2346.40,2221.98,2772.10,2639.68,95.22,,,,,,,未采集,SRC-PROVINCE-DEBT-FUJIAN-2024,A1,extracted,true,已从省级财政厅官方地级行政单元债务明细表提取；经济财政字段与债务字段的来源状态分开记录。
CN-350300,350300,莆田市,35,福建省,地级市,core,2024,2024-12-31,prefecture_whole,official_debt,,,,,,,237.69,223.75,1095.00,1084.84,1332.69,1308.59,98.19,,,,,,,未采集,SRC-PROVINCE-DEBT-FUJIAN-2024,A1,extracted,true,已从省级财政厅官方地级行政单元债务明细表提取；经济财政字段与债务字段的来源状态分开记录。
CN-350400,350400,三明市,35,福建省,地级市,core,2024,2024-12-31,prefecture_whole,official_debt,,,,,,,406.05,383.91,578.53,566.97,984.58,950.88,96.58,,,,,,,未采集,SRC-PROVINCE-DEBT-FUJIAN-2024,A1,extracted,true,已从省级财政厅官方地级行政单元债务明细表提取；经济财政字段与债务字段的来源状态分开记录。
CN-350500,350500,泉州市,35,福建省,地级市,core,2024,2024-12-31,prefecture_whole,official_debt,,,,,,,842.07,798.25,1911.73,1862.90,2753.80,2661.15,96.64,,,,,,,未采集,SRC-PROVINCE-DEBT-FUJIAN-2024,A1,extracted,true,已从省级财政厅官方地级行政单元债务明细表提取；经济财政字段与债务字段的来源状态分开记录。
CN-350600,350600,漳州市,35,福建省,地级市,core,2024,2024-12-31,prefecture_whole,official_debt,,,,,,,534.72,516.39,1208.78,1177.51,1743.50,1693.90,97.16,,,,,,,未采集,SRC-PROVINCE-DEBT-FUJIAN-2024,A1,extracted,true,已从省级财政厅官方地级行政单元债务明细表提取；经济财政字段与债务字段的来源状态分开记录。
CN-350700,350700,南平市,35,福建省,地级市,core,2024,2024-12-31,prefecture_whole,official_debt,,,,,,,315.61,302.98,824.62,814.23,1140.23,1117.21,97.98,,,,,,,未采集,SRC-PROVINCE-DEBT-FUJIAN-2024,A1,extracted,true,已从省级财政厅官方地级行政单元债务明细表提取；经济财政字段与债务字段的来源状态分开记录。
CN-350800,350800,龙岩市,35,福建省,地级市,core,2024,2024-12-31,prefecture_whole,official_debt,,,,,,,325.24,310.93,829.94,808.72,1155.18,1119.65,96.92,,,,,,,未采集,SRC-PROVINCE-DEBT-FUJIAN-2024,A1,extracted,true,已从省级财政厅官方地级行政单元债务明细表提取；经济财政字段与债务字段的来源状态分开记录。
CN-350900,350900,宁德市,35,福建省,地级市,core,2024,2024-12-31,prefecture_whole,official_debt,,,,,,,308.55,296.92,838.27,823.03,1146.82,1119.95,97.66,,,,,,,未采集,SRC-PROVINCE-DEBT-FUJIAN-2024,A1,extracted,true,已从省级财政厅官方地级行政单元债务明细表提取；经济财政字段与债务字段的来源状态分开记录。
CN-360100,360100,南昌市,36,江西省,地级市,core,2024,2024-12-31,prefecture_whole,official_debt,,,,,,,616.76,609.91,1542.35,1320.07,2159.11,1929.98,89.39,,,,,,,未采集,SRC-CITY-DEBT-JIANGXI-NANCHANG-2024,A1,extracted,true,已从省级财政厅官方地级行政单元债务明细表提取；经济财政字段与债务字段的来源状态分开记录。
CN-360200,360200,景德镇市,36,江西省,地级市,core,2024,2024-12-31,prefecture_whole,secondary_debt,,,,,,,,,,,,710.12,,,,,,,,未采集,SRC-SECONDARY-DEBT-JIANGXI-JINGDEZHEN-2024,B2,needs_review,true,已接入评级报告或其他二手公开来源的债务补缺值；不等同于官方决算数据，必须回到财政/人大预算决算或官方债务表复核。
CN-360300,360300,萍乡市,36,江西省,地级市,core,2024,2024-12-31,prefecture_whole,secondary_debt,,,,,,,,231.95,,462.04,,694.00,,,,,,,,未采集,SRC-SECONDARY-DEBT-JIANGXI-PINGXIANG-2024,B2,needs_review,true,已接入评级报告或其他二手公开来源的债务补缺值；不等同于官方决算数据，必须回到财政/人大预算决算或官方债务表复核。
CN-360400,360400,九江市,36,江西省,地级市,core,2024,2024-12-31,prefecture_whole,secondary_debt,,,,,,,,,,,,1610.91,,,,,,,,未采集,SRC-SECONDARY-DEBT-JIANGXI-REGIONAL-2024,B2,needs_review,true,已接入评级报告或其他二手公开来源的债务补缺值；不等同于官方决算数据，必须回到财政/人大预算决算或官方债务表复核。
CN-360500,360500,新余市,36,江西省,地级市,core,2024,2024-12-31,prefecture_whole,secondary_debt,,,,,,,,,,,,475.40,,,,,,,,未采集,SRC-SECONDARY-DEBT-JIANGXI-XINYU-2024,B2,needs_review,true,已接入评级报告或其他二手公开来源的债务补缺值；不等同于官方决算数据，必须回到财政/人大预算决算或官方债务表复核。
CN-360600,360600,鹰潭市,36,江西省,地级市,core,2024,2024-12-31,prefecture_whole,secondary_debt,,,,,,,,,,,,529.85,,,,,,,,未采集,SRC-SECONDARY-DEBT-JIANGXI-YINGTAN-2024,B2,needs_review,true,已接入评级报告或其他二手公开来源的债务补缺值；不等同于官方决算数据，必须回到财政/人大预算决算或官方债务表复核。
CN-360700,360700,赣州市,36,江西省,地级市,core,2024,2024-12-31,prefecture_whole,official_debt,,,,,,,611.56,595.96,1746.89,1725.90,2358.45,2321.87,98.45,,,,,,,未采集,SRC-CITY-DEBT-JIANGXI-GANZHOU-2024,A1,extracted,true,已从省级财政厅官方地级行政单元债务明细表提取；经济财政字段与债务字段的来源状态分开记录。
CN-360800,360800,吉安市,36,江西省,地级市,core,2024,2024-12-31,prefecture_whole,secondary_debt,,,,,,,,,,,,1330.82,,,,,,,,未采集,SRC-SECONDARY-DEBT-JIANGXI-REGIONAL-2024,B2,needs_review,true,已接入评级报告或其他二手公开来源的债务补缺值；不等同于官方决算数据，必须回到财政/人大预算决算或官方债务表复核。
CN-360900,360900,宜春市,36,江西省,地级市,core,2024,2024-12-31,prefecture_whole,secondary_debt,,,,,,,,,,,,1327.65,,,,,,,,未采集,SRC-SECONDARY-DEBT-JIANGXI-REGIONAL-2024,B2,needs_review,true,已接入评级报告或其他二手公开来源的债务补缺值；不等同于官方决算数据，必须回到财政/人大预算决算或官方债务表复核。
CN-361000,361000,抚州市,36,江西省,地级市,core,2024,2024-12-31,prefecture_whole,secondary_debt,,,,,,,,,,,,1119.43,,,,,,,,未采集,SRC-SECONDARY-DEBT-JIANGXI-REGIONAL-2024,B2,needs_review,true,已接入评级报告或其他二手公开来源的债务补缺值；不等同于官方决算数据，必须回到财政/人大预算决算或官方债务表复核。
CN-361100,361100,上饶市,36,江西省,地级市,core,2024,2024-12-31,prefecture_whole,secondary_debt,,,,,,,,,,,,1570.99,,,,,,,,未采集,SRC-SECONDARY-DEBT-JIANGXI-REGIONAL-2024,B2,needs_review,true,已接入评级报告或其他二手公开来源的债务补缺值；不等同于官方决算数据，必须回到财政/人大预算决算或官方债务表复核。
CN-370100,370100,济南市,37,山东省,地级市,core,2024,2024-12-31,prefecture_whole,official_debt,,,,,,,278.85,270.55,3778.60,3500.01,4057.45,3770.56,92.93,,,,,,,未采集,SRC-PROVINCE-DEBT-SHANDONG-2024,A1,extracted,true,已从省级财政厅官方地级行政单元债务明细表提取；经济财政字段与债务字段的来源状态分开记录。
CN-370200,370200,青岛市,37,山东省,地级市,core,2024,2024-12-31,prefecture_whole,official_debt,,,,,,,1146.45,1145.59,3579.50,3236.98,4725.95,4382.57,92.73,,,,,,,未采集,SRC-PROVINCE-DEBT-SHANDONG-2024,A1,extracted,true,已从省级财政厅官方地级行政单元债务明细表提取；经济财政字段与债务字段的来源状态分开记录。
CN-370300,370300,淄博市,37,山东省,地级市,core,2024,2024-12-31,prefecture_whole,official_debt,,,,,,,380.46,373.95,1186.58,1053.17,1567.04,1427.12,91.07,,,,,,,未采集,SRC-PROVINCE-DEBT-SHANDONG-2024,A1,extracted,true,已从省级财政厅官方地级行政单元债务明细表提取；经济财政字段与债务字段的来源状态分开记录。
CN-370400,370400,枣庄市,37,山东省,地级市,core,2024,2024-12-31,prefecture_whole,official_debt,,,,,,,198.34,195.91,832.76,745.16,1031.10,941.07,91.27,,,,,,,未采集,SRC-PROVINCE-DEBT-SHANDONG-2024,A1,extracted,true,已从省级财政厅官方地级行政单元债务明细表提取；经济财政字段与债务字段的来源状态分开记录。
CN-370500,370500,东营市,37,山东省,地级市,core,2024,2024-12-31,prefecture_whole,official_debt,,,,,,,253.16,245.94,864.32,812.12,1117.48,1058.06,94.68,,,,,,,未采集,SRC-PROVINCE-DEBT-SHANDONG-2024,A1,extracted,true,已从省级财政厅官方地级行政单元债务明细表提取；经济财政字段与债务字段的来源状态分开记录。
CN-370600,370600,烟台市,37,山东省,地级市,core,2024,2024-12-31,prefecture_whole,official_debt,,,,,,,694.65,682.85,1963.54,1828.86,2658.19,2511.71,94.49,,,,,,,未采集,SRC-PROVINCE-DEBT-SHANDONG-2024,A1,extracted,true,已从省级财政厅官方地级行政单元债务明细表提取；经济财政字段与债务字段的来源状态分开记录。
CN-370700,370700,潍坊市,37,山东省,地级市,core,2024,2024-12-31,prefecture_whole,official_debt,,,,,,,804.85,802.02,2489.17,2052.38,3294.02,2854.40,86.65,,,,,,,未采集,SRC-PROVINCE-DEBT-SHANDONG-2024,A1,extracted,true,已从省级财政厅官方地级行政单元债务明细表提取；经济财政字段与债务字段的来源状态分开记录。
CN-370800,370800,济宁市,37,山东省,地级市,core,2024,2024-12-31,prefecture_whole,official_debt,,,,,,,535.93,526.82,1648.29,1489.44,2184.22,2016.26,92.31,,,,,,,未采集,SRC-PROVINCE-DEBT-SHANDONG-2024,A1,extracted,true,已从省级财政厅官方地级行政单元债务明细表提取；经济财政字段与债务字段的来源状态分开记录。
CN-370900,370900,泰安市,37,山东省,地级市,core,2024,2024-12-31,prefecture_whole,official_debt,,,,,,,380.28,372.12,847.00,751.99,1227.28,1124.11,91.59,,,,,,,未采集,SRC-PROVINCE-DEBT-SHANDONG-2024,A1,extracted,true,已从省级财政厅官方地级行政单元债务明细表提取；经济财政字段与债务字段的来源状态分开记录。
CN-371000,371000,威海市,37,山东省,地级市,core,2024,2024-12-31,prefecture_whole,official_debt,,,,,,,314.35,311.89,1061.49,903.20,1375.84,1215.09,88.32,,,,,,,未采集,SRC-PROVINCE-DEBT-SHANDONG-2024,A1,extracted,true,已从省级财政厅官方地级行政单元债务明细表提取；经济财政字段与债务字段的来源状态分开记录。
CN-371100,371100,日照市,37,山东省,地级市,core,2024,2024-12-31,prefecture_whole,official_debt,,,,,,,133.23,130.71,817.23,665.69,950.46,796.40,83.79,,,,,,,未采集,SRC-PROVINCE-DEBT-SHANDONG-2024,A1,extracted,true,已从省级财政厅官方地级行政单元债务明细表提取；经济财政字段与债务字段的来源状态分开记录。
CN-371300,371300,临沂市,37,山东省,地级市,core,2024,2024-12-31,prefecture_whole,official_debt,,,,,,,342.58,340.24,1736.47,1614.68,2079.05,1954.92,94.03,,,,,,,未采集,SRC-PROVINCE-DEBT-SHANDONG-2024,A1,extracted,true,已从省级财政厅官方地级行政单元债务明细表提取；经济财政字段与债务字段的来源状态分开记录。
CN-371400,371400,德州市,37,山东省,地级市,core,2024,2024-12-31,prefecture_whole,official_debt,,,,,,,365.43,358.07,1314.50,1199.27,1679.93,1557.34,92.70,,,,,,,未采集,SRC-PROVINCE-DEBT-SHANDONG-2024,A1,extracted,true,已从省级财政厅官方地级行政单元债务明细表提取；经济财政字段与债务字段的来源状态分开记录。
CN-371500,371500,聊城市,37,山东省,地级市,core,2024,2024-12-31,prefecture_whole,official_debt,,,,,,,218.98,214.00,1269.26,1145.44,1488.24,1359.44,91.35,,,,,,,未采集,SRC-PROVINCE-DEBT-SHANDONG-2024,A1,extracted,true,已从省级财政厅官方地级行政单元债务明细表提取；经济财政字段与债务字段的来源状态分开记录。
CN-371600,371600,滨州市,37,山东省,地级市,core,2024,2024-12-31,prefecture_whole,official_debt,,,,,,,338.19,322.40,1281.85,1204.72,1620.04,1527.12,94.26,,,,,,,未采集,SRC-PROVINCE-DEBT-SHANDONG-2024,A1,extracted,true,已从省级财政厅官方地级行政单元债务明细表提取；经济财政字段与债务字段的来源状态分开记录。
CN-371700,371700,菏泽市,37,山东省,地级市,core,2024,2024-12-31,prefecture_whole,official_debt,,,,,,,158.18,157.02,1916.03,1651.10,2074.21,1808.12,87.17,,,,,,,未采集,SRC-PROVINCE-DEBT-SHANDONG-2024,A1,extracted,true,已从省级财政厅官方地级行政单元债务明细表提取；经济财政字段与债务字段的来源状态分开记录。
CN-410100,410100,郑州市,41,河南省,地级市,core,2024,2024-12-31,prefecture_whole,official_debt,,,,,,,1636.13,1614.10,2362.03,2324.73,3998.16,3938.82,98.52,,,,,,,未采集,SRC-PROVINCE-DEBT-HENAN-2024,A1,extracted,true,已从省级财政厅官方地级行政单元债务明细表提取；经济财政字段与债务字段的来源状态分开记录。
CN-410200,410200,开封市,41,河南省,地级市,core,2024,2024-12-31,prefecture_whole,official_debt,,,,,,,199.19,196.86,672.93,665.92,872.12,862.78,98.93,,,,,,,未采集,SRC-PROVINCE-DEBT-HENAN-2024,A1,extracted,true,已从省级财政厅官方地级行政单元债务明细表提取；经济财政字段与债务字段的来源状态分开记录。
CN-410300,410300,洛阳市,41,河南省,地级市,core,2024,2024-12-31,prefecture_whole,official_debt,,,,,,,388.07,381.49,1176.46,1167.96,1564.53,1549.45,99.04,,,,,,,未采集,SRC-PROVINCE-DEBT-HENAN-2024,A1,extracted,true,已从省级财政厅官方地级行政单元债务明细表提取；经济财政字段与债务字段的来源状态分开记录。
CN-410400,410400,平顶山市,41,河南省,地级市,core,2024,2024-12-31,prefecture_whole,official_debt,,,,,,,268.54,267.60,687.72,679.59,956.25,947.19,99.05,,,,,,,未采集,SRC-PROVINCE-DEBT-HENAN-2024,A1,extracted,true,已从省级财政厅官方地级行政单元债务明细表提取；经济财政字段与债务字段的来源状态分开记录。
CN-410500,410500,安阳市,41,河南省,地级市,core,2024,2024-12-31,prefecture_whole,official_debt,,,,,,,193.71,191.94,634.50,626.28,828.21,818.22,98.79,,,,,,,未采集,SRC-PROVINCE-DEBT-HENAN-2024,A1,extracted,true,已从省级财政厅官方地级行政单元债务明细表提取；经济财政字段与债务字段的来源状态分开记录。
CN-410600,410600,鹤壁市,41,河南省,地级市,core,2024,2024-12-31,prefecture_whole,official_debt,,,,,,,91.79,90.31,397.77,393.99,489.56,484.30,98.93,,,,,,,未采集,SRC-PROVINCE-DEBT-HENAN-2024,A1,extracted,true,已从省级财政厅官方地级行政单元债务明细表提取；经济财政字段与债务字段的来源状态分开记录。
CN-410700,410700,新乡市,41,河南省,地级市,core,2024,2024-12-31,prefecture_whole,official_debt,,,,,,,246.09,244.12,636.97,627.03,883.07,871.15,98.65,,,,,,,未采集,SRC-PROVINCE-DEBT-HENAN-2024,A1,extracted,true,已从省级财政厅官方地级行政单元债务明细表提取；经济财政字段与债务字段的来源状态分开记录。
CN-410800,410800,焦作市,41,河南省,地级市,core,2024,2024-12-31,prefecture_whole,official_debt,,,,,,,156.56,155.00,525.69,522.87,682.25,677.87,99.36,,,,,,,未采集,SRC-PROVINCE-DEBT-HENAN-2024,A1,extracted,true,已从省级财政厅官方地级行政单元债务明细表提取；经济财政字段与债务字段的来源状态分开记录。
CN-410900,410900,濮阳市,41,河南省,地级市,core,2024,2024-12-31,prefecture_whole,official_debt,,,,,,,183.93,183.17,586.47,579.34,770.39,762.51,98.98,,,,,,,未采集,SRC-PROVINCE-DEBT-HENAN-2024,A1,extracted,true,已从省级财政厅官方地级行政单元债务明细表提取；经济财政字段与债务字段的来源状态分开记录。
CN-411000,411000,许昌市,41,河南省,地级市,core,2024,2024-12-31,prefecture_whole,official_debt,,,,,,,193.91,190.90,809.60,801.44,1003.51,992.34,98.89,,,,,,,未采集,SRC-PROVINCE-DEBT-HENAN-2024,A1,extracted,true,已从省级财政厅官方地级行政单元债务明细表提取；经济财政字段与债务字段的来源状态分开记录。
CN-411100,411100,漯河市,41,河南省,地级市,core,2024,2024-12-31,prefecture_whole,official_debt,,,,,,,74.00,73.37,476.33,472.12,550.33,545.49,99.12,,,,,,,未采集,SRC-PROVINCE-DEBT-HENAN-2024,A1,extracted,true,已从省级财政厅官方地级行政单元债务明细表提取；经济财政字段与债务字段的来源状态分开记录。
CN-411200,411200,三门峡市,41,河南省,地级市,core,2024,2024-12-31,prefecture_whole,official_debt,,,,,,,121.17,120.84,351.37,347.68,472.53,468.53,99.15,,,,,,,未采集,SRC-PROVINCE-DEBT-HENAN-2024,A1,extracted,true,已从省级财政厅官方地级行政单元债务明细表提取；经济财政字段与债务字段的来源状态分开记录。
CN-411300,411300,南阳市,41,河南省,地级市,core,2024,2024-12-31,prefecture_whole,official_debt,,,,,,,297.84,295.84,1169.71,1156.35,1467.56,1452.19,98.95,,,,,,,未采集,SRC-PROVINCE-DEBT-HENAN-2024,A1,extracted,true,已从省级财政厅官方地级行政单元债务明细表提取；经济财政字段与债务字段的来源状态分开记录。
CN-411400,411400,商丘市,41,河南省,地级市,core,2024,2024-12-31,prefecture_whole,official_debt,,,,,,,253.23,251.08,1150.74,1144.20,1403.97,1395.28,99.38,,,,,,,未采集,SRC-PROVINCE-DEBT-HENAN-2024,A1,extracted,true,已从省级财政厅官方地级行政单元债务明细表提取；经济财政字段与债务字段的来源状态分开记录。
CN-411500,411500,信阳市,41,河南省,地级市,core,2024,2024-12-31,prefecture_whole,official_debt,,,,,,,185.07,182.14,1000.66,990.04,1185.73,1172.18,98.86,,,,,,,未采集,SRC-PROVINCE-DEBT-HENAN-2024,A1,extracted,true,已从省级财政厅官方地级行政单元债务明细表提取；经济财政字段与债务字段的来源状态分开记录。
CN-411600,411600,周口市,41,河南省,地级市,core,2024,2024-12-31,prefecture_whole,official_debt,,,,,,,250.90,247.49,989.96,980.01,1240.86,1227.50,98.92,,,,,,,未采集,SRC-PROVINCE-DEBT-HENAN-2024,A1,extracted,true,已从省级财政厅官方地级行政单元债务明细表提取；经济财政字段与债务字段的来源状态分开记录。
CN-411700,411700,驻马店市,41,河南省,地级市,core,2024,2024-12-31,prefecture_whole,official_debt,,,,,,,227.95,226.61,924.44,915.69,1152.39,1142.30,99.12,,,,,,,未采集,SRC-PROVINCE-DEBT-HENAN-2024,A1,extracted,true,已从省级财政厅官方地级行政单元债务明细表提取；经济财政字段与债务字段的来源状态分开记录。
CN-419000,419000,省直辖县级行政区划,41,河南省,地级市,core,2024,2024-12-31,prefecture_whole,secondary_debt,,,,,,,,,,,,180.09,,,,,,,,未采集,SRC-SECONDARY-DEBT-HENAN-DIRECT-COUNTY-2024,B2,needs_review,true,已接入评级报告或其他二手公开来源的债务补缺值；不等同于官方决算数据，必须回到财政/人大预算决算或官方债务表复核。
CN-420100,420100,武汉市,42,湖北省,地级市,core,2024,2024-12-31,prefecture_whole,official_debt,,,,,,,2140.39,2044.64,6820.04,5761.76,8960.43,7806.40,87.12,,,,,,,未采集,SRC-CITY-DEBT-HUBEI-WUHAN-2024,A1,extracted,true,已从省级财政厅官方地级行政单元债务明细表提取；经济财政字段与债务字段的来源状态分开记录。
CN-420200,420200,黄石市,42,湖北省,地级市,core,2024,2024-12-31,prefecture_whole,official_debt,,,,,,,239.80,197.99,584.99,445.65,824.80,643.64,78.04,,,,,,,未采集,SRC-CITY-DEBT-HUBEI-HUANGSHI-2024,A1,extracted,true,已从省级财政厅官方地级行政单元债务明细表提取；经济财政字段与债务字段的来源状态分开记录。
CN-420300,420300,十堰市,42,湖北省,地级市,core,2024,2024-12-31,prefecture_whole,secondary_debt,,,,,,,,,,,,886.63,,,,,,,,未采集,SRC-SECONDARY-DEBT-HUBEI-REGION-2024-SHIYAN,B2,needs_review,true,已接入评级报告或其他二手公开来源的债务补缺值；不等同于官方决算数据，必须回到财政/人大预算决算或官方债务表复核。
CN-420500,420500,宜昌市,42,湖北省,地级市,core,2024,2024-12-31,prefecture_whole,official_debt,,,,,,,158.79,149.98,810.79,748.51,969.59,898.49,92.67,,,,,,,未采集,SRC-CITY-DEBT-HUBEI-YICHANG-2024,A1,extracted,true,已从省级财政厅官方地级行政单元债务明细表提取；经济财政字段与债务字段的来源状态分开记录。
CN-420600,420600,襄阳市,42,湖北省,地级市,core,2024,2024-12-31,prefecture_whole,secondary_debt,,,,,,,,,,,,1421.50,,,,,,,,未采集,SRC-SECONDARY-DEBT-HUBEI-REGION-2024-XIANGYANG,B2,needs_review,true,已接入评级报告或其他二手公开来源的债务补缺值；不等同于官方决算数据，必须回到财政/人大预算决算或官方债务表复核。
CN-420700,420700,鄂州市,42,湖北省,地级市,core,2024,2024-12-31,prefecture_whole,official_debt,,,,,,,111.74,103.48,495.13,484.13,606.87,587.61,96.83,,,,,,,未采集,SRC-CITY-DEBT-HUBEI-EZHOU-2024,A1,extracted,true,已从省级财政厅官方地级行政单元债务明细表提取；经济财政字段与债务字段的来源状态分开记录。
CN-420800,420800,荆门市,42,湖北省,地级市,core,2024,2024-12-31,prefecture_whole,secondary_debt,,,,,,,,,,,,540.58,,,,,,,,未采集,SRC-SECONDARY-DEBT-HUBEI-REGION-2024-JINGMEN,B2,needs_review,true,已接入评级报告或其他二手公开来源的债务补缺值；不等同于官方决算数据，必须回到财政/人大预算决算或官方债务表复核。
CN-420900,420900,孝感市,42,湖北省,地级市,core,2024,2024-12-31,prefecture_whole,secondary_debt,,,,,,,,,,,,840.58,,,,,,,,未采集,SRC-SECONDARY-DEBT-HUBEI-REGION-2024-XIAOGAN,B2,needs_review,true,已接入评级报告或其他二手公开来源的债务补缺值；不等同于官方决算数据，必须回到财政/人大预算决算或官方债务表复核。
CN-421000,421000,荆州市,42,湖北省,地级市,core,2024,2024-12-31,prefecture_whole,secondary_debt,,,,,,,,,,,,968.59,,,,,,,,未采集,SRC-SECONDARY-DEBT-HUBEI-REGION-2024-JINGZHOU,B2,needs_review,true,已接入评级报告或其他二手公开来源的债务补缺值；不等同于官方决算数据，必须回到财政/人大预算决算或官方债务表复核。
CN-421100,421100,黄冈市,42,湖北省,地级市,core,2024,2024-12-31,prefecture_whole,secondary_debt,,,,,,,,,,,,890.43,,,,,,,,未采集,SRC-SECONDARY-DEBT-HUBEI-REGION-2024-HUANGGANG,B2,needs_review,true,已接入评级报告或其他二手公开来源的债务补缺值；不等同于官方决算数据，必须回到财政/人大预算决算或官方债务表复核。
CN-421200,421200,咸宁市,42,湖北省,地级市,core,2024,2024-12-31,prefecture_whole,secondary_debt,,,,,,,,,,,,553.18,,,,,,,,未采集,SRC-SECONDARY-DEBT-HUBEI-REGION-2024-XIANNING,B2,needs_review,true,已接入评级报告或其他二手公开来源的债务补缺值；不等同于官方决算数据，必须回到财政/人大预算决算或官方债务表复核。
CN-421300,421300,随州市,42,湖北省,地级市,core,2024,2024-12-31,prefecture_whole,secondary_debt,,,,,,,,,,,,308.18,,,,,,,,未采集,SRC-SECONDARY-DEBT-HUBEI-REGION-2024-SUIZHOU,B2,needs_review,true,已接入评级报告或其他二手公开来源的债务补缺值；不等同于官方决算数据，必须回到财政/人大预算决算或官方债务表复核。
CN-422800,422800,恩施土家族苗族自治州,42,湖北省,自治州,extended,2024,2024-12-31,prefecture_whole,secondary_debt,,,,,,,,,,,,830.78,,,,,,,,未采集,SRC-SECONDARY-DEBT-HUBEI-REGION-2024-ENSHI,B2,needs_review,true,已接入评级报告或其他二手公开来源的债务补缺值；不等同于官方决算数据，必须回到财政/人大预算决算或官方债务表复核。
CN-429000,429000,省直辖县级行政区划,42,湖北省,地级市,core,2024,2024-12-31,prefecture_whole,secondary_debt,,,,,,,,,,,,520.91,,,,,,,,未采集,SRC-SECONDARY-DEBT-HUBEI-2024-DIRECT-AGG,B2,needs_review,true,已接入评级报告或其他二手公开来源的债务补缺值；不等同于官方决算数据，必须回到财政/人大预算决算或官方债务表复核。
CN-430100,430100,长沙市,43,湖南省,地级市,core,2024,2024-12-31,prefecture_whole,official_debt,,,,,,,775.70,774.46,2473.27,2437.13,3248.98,3211.59,98.85,,,,,,,未采集,SRC-PROVINCE-DEBT-HUNAN-2024,A1,extracted,true,已从省级财政厅官方地级行政单元债务明细表提取；经济财政字段与债务字段的来源状态分开记录。
CN-430200,430200,株洲市,43,湖南省,地级市,core,2024,2024-12-31,prefecture_whole,official_debt,,,,,,,425.08,420.61,1030.72,1023.25,1455.80,1443.86,99.18,,,,,,,未采集,SRC-PROVINCE-DEBT-HUNAN-2024,A1,extracted,true,已从省级财政厅官方地级行政单元债务明细表提取；经济财政字段与债务字段的来源状态分开记录。
CN-430300,430300,湘潭市,43,湖南省,地级市,core,2024,2024-12-31,prefecture_whole,official_debt,,,,,,,852.26,848.78,1238.65,1236.96,2090.92,2085.74,99.75,,,,,,,未采集,SRC-PROVINCE-DEBT-HUNAN-2024,A1,extracted,true,已从省级财政厅官方地级行政单元债务明细表提取；经济财政字段与债务字段的来源状态分开记录。
CN-430400,430400,衡阳市,43,湖南省,地级市,core,2024,2024-12-31,prefecture_whole,official_debt,,,,,,,484.85,482.83,967.02,961.20,1451.87,1444.03,99.46,,,,,,,未采集,SRC-PROVINCE-DEBT-HUNAN-2024,A1,extracted,true,已从省级财政厅官方地级行政单元债务明细表提取；经济财政字段与债务字段的来源状态分开记录。
CN-430500,430500,邵阳市,43,湖南省,地级市,core,2024,2024-12-31,prefecture_whole,official_debt,,,,,,,403.86,399.90,794.15,787.66,1198.01,1187.56,99.13,,,,,,,未采集,SRC-PROVINCE-DEBT-HUNAN-2024,A1,extracted,true,已从省级财政厅官方地级行政单元债务明细表提取；经济财政字段与债务字段的来源状态分开记录。
CN-430600,430600,岳阳市,43,湖南省,地级市,core,2024,2024-12-31,prefecture_whole,official_debt,,,,,,,425.02,421.64,922.02,906.33,1347.04,1327.97,98.58,,,,,,,未采集,SRC-PROVINCE-DEBT-HUNAN-2024,A1,extracted,true,已从省级财政厅官方地级行政单元债务明细表提取；经济财政字段与债务字段的来源状态分开记录。
CN-430700,430700,常德市,43,湖南省,地级市,core,2024,2024-12-31,prefecture_whole,official_debt,,,,,,,558.94,556.54,833.42,825.62,1392.36,1382.17,99.27,,,,,,,未采集,SRC-PROVINCE-DEBT-HUNAN-2024,A1,extracted,true,已从省级财政厅官方地级行政单元债务明细表提取；经济财政字段与债务字段的来源状态分开记录。
CN-430800,430800,张家界市,43,湖南省,地级市,core,2024,2024-12-31,prefecture_whole,official_debt,,,,,,,188.25,188.17,363.08,359.31,551.33,547.47,99.30,,,,,,,未采集,SRC-PROVINCE-DEBT-HUNAN-2024,A1,extracted,true,已从省级财政厅官方地级行政单元债务明细表提取；经济财政字段与债务字段的来源状态分开记录。
CN-430900,430900,益阳市,43,湖南省,地级市,core,2024,2024-12-31,prefecture_whole,official_debt,,,,,,,288.03,286.73,519.86,515.38,807.89,802.11,99.28,,,,,,,未采集,SRC-PROVINCE-DEBT-HUNAN-2024,A1,extracted,true,已从省级财政厅官方地级行政单元债务明细表提取；经济财政字段与债务字段的来源状态分开记录。
CN-431000,431000,郴州市,43,湖南省,地级市,core,2024,2024-12-31,prefecture_whole,official_debt,,,,,,,633.13,627.85,771.09,763.10,1404.22,1390.95,99.05,,,,,,,未采集,SRC-PROVINCE-DEBT-HUNAN-2024,A1,extracted,true,已从省级财政厅官方地级行政单元债务明细表提取；经济财政字段与债务字段的来源状态分开记录。
CN-431100,431100,永州市,43,湖南省,地级市,core,2024,2024-12-31,prefecture_whole,official_debt,,,,,,,406.40,402.99,747.58,744.60,1153.98,1147.59,99.45,,,,,,,未采集,SRC-PROVINCE-DEBT-HUNAN-2024,A1,extracted,true,已从省级财政厅官方地级行政单元债务明细表提取；经济财政字段与债务字段的来源状态分开记录。
CN-431200,431200,怀化市,43,湖南省,地级市,core,2024,2024-12-31,prefecture_whole,official_debt,,,,,,,428.43,427.41,729.45,720.23,1157.88,1147.63,99.11,,,,,,,未采集,SRC-PROVINCE-DEBT-HUNAN-2024,A1,extracted,true,已从省级财政厅官方地级行政单元债务明细表提取；经济财政字段与债务字段的来源状态分开记录。
CN-431300,431300,娄底市,43,湖南省,地级市,core,2024,2024-12-31,prefecture_whole,official_debt,,,,,,,348.57,346.34,467.07,464.62,815.64,810.96,99.43,,,,,,,未采集,SRC-PROVINCE-DEBT-HUNAN-2024,A1,extracted,true,已从省级财政厅官方地级行政单元债务明细表提取；经济财政字段与债务字段的来源状态分开记录。
CN-433100,433100,湘西土家族苗族自治州,43,湖南省,自治州,extended,2024,2024-12-31,prefecture_whole,official_debt,,,,,,,295.00,291.90,374.74,371.13,669.74,663.03,99.00,,,,,,,未采集,SRC-PROVINCE-DEBT-HUNAN-2024,A1,extracted,true,已从省级财政厅官方地级行政单元债务明细表提取；经济财政字段与债务字段的来源状态分开记录。
CN-440100,440100,广州市,44,广东省,地级市,core,2024,2024-12-31,prefecture_whole,official_debt,31032.50,2.10,1897.80,1954.74,2782.50,1281.75,935.82,932.92,5677.91,5549.92,6613.73,6482.84,98.02,20.89,331.65,331.65,70.25,39.60,65.57,二手来源，待官方复核,SRC-GD-YEARBOOK-2025;SRC-GD-DEBT-2024-FINAL;SRC-PROVINCE-DEBT-GUANGDONG-2024,A1,extracted,true,已从省级财政厅官方地级行政单元债务明细表提取；经济财政字段与债务字段的来源状态分开记录。
CN-440200,440200,韶关市,44,广东省,地级市,core,2024,2024-12-31,prefecture_whole,official_debt,1647.56,2.20,285.49,104.90,381.12,35.23,266.10,265.03,562.89,560.54,828.99,825.57,99.59,50.11,787.01,787.01,27.52,25.14,33.58,二手来源，待官方复核,SRC-GD-YEARBOOK-2025;SRC-GD-DEBT-2024-FINAL;SRC-PROVINCE-DEBT-GUANGDONG-2024,A1,extracted,true,已从省级财政厅官方地级行政单元债务明细表提取；经济财政字段与债务字段的来源状态分开记录。
CN-440300,440300,深圳市,44,广东省,地级市,core,2024,2024-12-31,prefecture_whole,official_debt,36801.87,5.80,1798.95,3914.79,4700.86,474.96,197.71,150.13,3332.47,3299.68,3530.18,3449.81,97.72,9.37,88.12,88.12,83.28,10.82,12.13,二手来源，待官方复核,SRC-GD-YEARBOOK-2025;SRC-GD-DEBT-2024-FINAL;SRC-PROVINCE-DEBT-GUANGDONG-2024,A1,extracted,true,已从省级财政厅官方地级行政单元债务明细表提取；经济财政字段与债务字段的来源状态分开记录。
CN-440400,440400,珠海市,44,广东省,地级市,core,2024,2024-12-31,prefecture_whole,official_debt,4479.06,3.50,251.85,475.16,649.98,91.38,339.98,336.86,1186.66,1183.06,1526.64,1519.92,99.56,33.93,319.88,319.88,73.10,16.13,19.23,二手来源，待官方复核,SRC-GD-YEARBOOK-2025;SRC-GD-DEBT-2024-FINAL;SRC-PROVINCE-DEBT-GUANGDONG-2024,A1,extracted,true,已从省级财政厅官方地级行政单元债务明细表提取；经济财政字段与债务字段的来源状态分开记录。
CN-440500,440500,汕头市,44,广东省,地级市,core,2024,2024-12-31,prefecture_whole,official_debt,3167.97,0.00,557.55,139.94,385.14,110.38,202.96,201.23,1007.40,1006.14,1210.36,1207.37,99.75,38.11,862.78,862.78,36.33,44.10,78.88,二手来源，待官方复核,SRC-GD-YEARBOOK-2025;SRC-GD-DEBT-2024-FINAL;SRC-PROVINCE-DEBT-GUANGDONG-2024,A1,extracted,true,已从省级财政厅官方地级行政单元债务明细表提取；经济财政字段与债务字段的来源状态分开记录。
CN-440600,440600,佛山市,44,广东省,地级市,core,2024,2024-12-31,prefecture_whole,official_debt,13361.90,1.30,969.89,767.08,919.99,492.80,406.45,406.19,2752.15,2730.58,3158.60,3136.77,99.31,23.48,408.92,408.92,83.38,39.11,64.24,二手来源，待官方复核,SRC-GD-YEARBOOK-2025;SRC-GD-DEBT-2024-FINAL;SRC-PROVINCE-DEBT-GUANGDONG-2024,A1,extracted,true,已从省级财政厅官方地级行政单元债务明细表提取；经济财政字段与债务字段的来源状态分开记录。
CN-440700,440700,江门市,44,广东省,地级市,core,2024,2024-12-31,prefecture_whole,official_debt,4210.18,3.40,482.26,277.60,456.38,86.72,322.97,322.42,940.58,937.98,1263.55,1260.40,99.75,29.94,454.03,454.03,60.83,23.80,31.24,二手来源，待官方复核,SRC-GD-YEARBOOK-2025;SRC-GD-DEBT-2024-FINAL;SRC-PROVINCE-DEBT-GUANGDONG-2024,A1,extracted,true,已从省级财政厅官方地级行政单元债务明细表提取；经济财政字段与债务字段的来源状态分开记录。
CN-440800,440800,湛江市,44,广东省,地级市,core,2024,2024-12-31,prefecture_whole,official_debt,3839.93,1.20,712.08,164.96,535.88,49.56,301.26,299.88,985.56,984.34,1286.82,1284.22,99.80,33.44,778.50,778.50,30.78,23.10,30.04,二手来源，待官方复核,SRC-GD-YEARBOOK-2025;SRC-GD-DEBT-2024-FINAL;SRC-PROVINCE-DEBT-GUANGDONG-2024,A1,extracted,true,已从省级财政厅官方地级行政单元债务明细表提取；经济财政字段与债务字段的来源状态分开记录。
CN-440900,440900,茂名市,44,广东省,地级市,core,2024,2024-12-31,prefecture_whole,official_debt,4072.04,2.50,627.32,151.43,517.17,,242.38,239.32,769.21,766.29,1011.59,1005.61,99.41,24.70,664.08,664.08,29.28,,,二手来源未披露，待官方全市决算表复核,SRC-GD-YEARBOOK-2025;SRC-GD-DEBT-2024-FINAL;SRC-PROVINCE-DEBT-GUANGDONG-2024,A1,extracted,true,已从省级财政厅官方地级行政单元债务明细表提取；经济财政字段与债务字段的来源状态分开记录。
CN-441200,441200,肇庆市,44,广东省,地级市,core,2024,2024-12-31,prefecture_whole,official_debt,2917.85,2.20,413.38,188.95,417.34,100.93,260.93,260.51,1027.60,1026.04,1288.53,1286.55,99.85,44.09,680.89,680.89,45.27,34.82,53.42,二手来源，待官方复核,SRC-GD-YEARBOOK-2025;SRC-GD-DEBT-2024-FINAL;SRC-PROVINCE-DEBT-GUANGDONG-2024,A1,extracted,true,已从省级财政厅官方地级行政单元债务明细表提取；经济财政字段与债务字段的来源状态分开记录。
CN-441300,441300,惠州市,44,广东省,地级市,core,2024,2024-12-31,prefecture_whole,official_debt,6136.39,4.20,611.68,476.10,703.36,111.70,440.60,439.86,1073.28,1068.55,1513.88,1508.41,99.64,24.58,316.83,316.83,67.69,19.00,23.46,二手来源，待官方复核,SRC-GD-YEARBOOK-2025;SRC-GD-DEBT-2024-FINAL;SRC-PROVINCE-DEBT-GUANGDONG-2024,A1,extracted,true,已从省级财政厅官方地级行政单元债务明细表提取；经济财政字段与债务字段的来源状态分开记录。
CN-441400,441400,梅州市,44,广东省,地级市,core,2024,2024-12-31,prefecture_whole,official_debt,1508.18,3.60,384.16,98.78,446.90,20.55,374.89,374.50,561.69,561.10,936.58,935.60,99.90,62.04,947.16,947.16,22.10,17.22,20.80,二手来源，待官方复核,SRC-GD-YEARBOOK-2025;SRC-GD-DEBT-2024-FINAL;SRC-PROVINCE-DEBT-GUANGDONG-2024,A1,extracted,true,已从省级财政厅官方地级行政单元债务明细表提取；经济财政字段与债务字段的来源状态分开记录。
CN-441500,441500,汕尾市,44,广东省,地级市,core,2024,2024-12-31,prefecture_whole,official_debt,1500.89,4.00,270.11,74.27,282.97,29.39,137.63,137.17,572.80,570.73,710.43,707.90,99.64,47.17,953.14,953.14,26.25,28.35,39.57,二手来源，待官方复核,SRC-GD-YEARBOOK-2025;SRC-GD-DEBT-2024-FINAL;SRC-PROVINCE-DEBT-GUANGDONG-2024,A1,extracted,true,已从省级财政厅官方地级行政单元债务明细表提取；经济财政字段与债务字段的来源状态分开记录。
CN-441600,441600,河源市,44,广东省,地级市,core,2024,2024-12-31,prefecture_whole,official_debt,1407.72,2.20,283.70,76.04,369.86,,275.27,275.21,477.74,477.03,753.01,752.24,99.90,53.44,989.27,989.27,20.56,,,二手来源未披露，待官方全市决算表复核,SRC-GD-YEARBOOK-2025;SRC-GD-DEBT-2024-FINAL;SRC-PROVINCE-DEBT-GUANGDONG-2024,A1,extracted,true,已从省级财政厅官方地级行政单元债务明细表提取；经济财政字段与债务字段的来源状态分开记录。
CN-441700,441700,阳江市,44,广东省,地级市,core,2024,2024-12-31,prefecture_whole,official_debt,1629.58,3.50,262.66,83.62,253.41,27.02,191.36,190.58,383.11,382.00,574.47,572.58,99.67,35.14,684.74,684.74,33.00,24.42,32.31,二手来源，待官方复核,SRC-GD-YEARBOOK-2025;SRC-GD-DEBT-2024-FINAL;SRC-PROVINCE-DEBT-GUANGDONG-2024,A1,extracted,true,已从省级财政厅官方地级行政单元债务明细表提取；经济财政字段与债务字段的来源状态分开记录。
CN-441800,441800,清远市,44,广东省,地级市,core,2024,2024-12-31,prefecture_whole,official_debt,2253.07,3.80,398.90,162.77,434.54,87.45,230.67,230.01,875.33,867.43,1106.00,1097.44,99.23,48.71,674.23,674.23,37.46,34.95,53.73,二手来源，待官方复核,SRC-GD-YEARBOOK-2025;SRC-GD-DEBT-2024-FINAL;SRC-PROVINCE-DEBT-GUANGDONG-2024,A1,extracted,true,已从省级财政厅官方地级行政单元债务明细表提取；经济财政字段与债务字段的来源状态分开记录。
CN-441900,441900,东莞市,44,广东省,地级市,core,2024,2024-12-31,prefecture_whole,official_debt,12282.15,4.60,1057.08,789.38,912.17,163.98,520.87,519.35,1475.66,1470.24,1996.53,1989.59,99.65,16.20,252.04,252.04,86.54,17.20,20.77,二手来源，待官方复核,SRC-GD-YEARBOOK-2025;SRC-GD-DEBT-2024-FINAL;SRC-PROVINCE-DEBT-GUANGDONG-2024,A1,extracted,true,已从省级财政厅官方地级行政单元债务明细表提取；经济财政字段与债务字段的来源状态分开记录。
CN-442000,442000,中山市,44,广东省,地级市,core,2024,2024-12-31,prefecture_whole,official_debt,4143.25,3.70,449.46,342.52,422.59,50.90,84.60,84.57,1013.18,1011.17,1097.78,1095.74,99.81,26.45,319.91,319.91,81.05,12.94,14.86,二手来源，待官方复核,SRC-GD-YEARBOOK-2025;SRC-GD-DEBT-2024-FINAL;SRC-PROVINCE-DEBT-GUANGDONG-2024,A1,extracted,true,已从省级财政厅官方地级行政单元债务明细表提取；经济财政字段与债务字段的来源状态分开记录。
CN-445100,445100,潮州市,44,广东省,地级市,core,2024,2024-12-31,prefecture_whole,official_debt,1402.83,3.70,257.74,64.19,214.05,30.26,188.31,187.81,290.74,290.54,479.05,478.35,99.85,34.10,745.21,745.21,29.99,32.04,47.14,二手来源，待官方复核,SRC-GD-YEARBOOK-2025;SRC-GD-DEBT-2024-FINAL;SRC-PROVINCE-DEBT-GUANGDONG-2024,A1,extracted,true,已从省级财政厅官方地级行政单元债务明细表提取；经济财政字段与债务字段的来源状态分开记录。
CN-445200,445200,揭阳市,44,广东省,地级市,core,2024,2024-12-31,prefecture_whole,official_debt,2529.70,3.90,568.21,101.79,350.76,26.96,185.86,185.24,403.91,403.62,589.77,588.86,99.85,23.28,578.50,578.50,29.02,20.94,26.49,二手来源，待官方复核,SRC-GD-YEARBOOK-2025;SRC-GD-DEBT-2024-FINAL;SRC-PROVINCE-DEBT-GUANGDONG-2024,A1,extracted,true,已从省级财政厅官方地级行政单元债务明细表提取；经济财政字段与债务字段的来源状态分开记录。
CN-445300,445300,云浮市,44,广东省,地级市,core,2024,2024-12-31,prefecture_whole,official_debt,1309.19,4.00,239.73,62.30,257.52,16.47,214.17,213.89,385.12,384.62,599.29,598.51,99.87,45.72,960.69,960.69,24.19,20.91,26.44,二手来源，待官方复核,SRC-GD-YEARBOOK-2025;SRC-GD-DEBT-2024-FINAL;SRC-PROVINCE-DEBT-GUANGDONG-2024,A1,extracted,true,已从省级财政厅官方地级行政单元债务明细表提取；经济财政字段与债务字段的来源状态分开记录。
CN-450100,450100,南宁市,45,广西壮族自治区,地级市,core,2024,2024-12-31,prefecture_whole,secondary_debt,,,,,,,,652.70,,978.80,,1631.48,,,,,,,,未采集,SRC-SECONDARY-DEBT-GUANGXI-NANNING-2024,B2,needs_review,true,已接入评级报告或其他二手公开来源的债务补缺值；不等同于官方决算数据，必须回到财政/人大预算决算或官方债务表复核。
CN-450200,450200,柳州市,45,广西壮族自治区,地级市,core,2024,2024-12-31,prefecture_whole,official_debt,,,,,,,,271.03,,771.69,,1042.72,,,,,,,,未采集,SRC-CITY-DEBT-GUANGXI-LIUZHOU-2024,A1,extracted,true,已从省级财政厅官方地级行政单元债务明细表提取；经济财政字段与债务字段的来源状态分开记录。
CN-450300,450300,桂林市,45,广西壮族自治区,地级市,core,2024,2024-12-31,prefecture_whole,secondary_debt,,,,,,,,,,,,925.43,,,,,,,,未采集,SRC-SECONDARY-DEBT-GUANGXI-GUILIN-2024,B2,needs_review,true,已接入评级报告或其他二手公开来源的债务补缺值；不等同于官方决算数据，必须回到财政/人大预算决算或官方债务表复核。
CN-450400,450400,梧州市,45,广西壮族自治区,地级市,core,2024,2024-12-31,prefecture_whole,secondary_debt,,,,,,,,,,,,606.26,,,,,,,,未采集,SRC-SECONDARY-CEIC-CN-450400,D,needs_review,true,已接入商业数据库公开城市债务页的 provisional 补缺值；经济财政字段与债务字段来源状态分开记录，必须回到官方预算/决算或统计公报复核。
CN-450500,450500,北海市,45,广西壮族自治区,地级市,core,2024,2024-12-31,prefecture_whole,secondary_debt,,,,,,,,,,,,396.06,,,,,,,,未采集,SRC-SECONDARY-CEIC-CN-450500,D,needs_review,true,已接入商业数据库公开城市债务页的 provisional 补缺值；经济财政字段与债务字段来源状态分开记录，必须回到官方预算/决算或统计公报复核。
CN-450600,450600,防城港市,45,广西壮族自治区,地级市,core,2024,2024-12-31,prefecture_whole,official_debt,,,,,,,146.00,141.10,201.80,199.60,347.80,340.70,97.96,,,,,,,未采集,SRC-CITY-DEBT-GUANGXI-FANGCHENGGANG-2024,A1,extracted,true,已从省级财政厅官方地级行政单元债务明细表提取；经济财政字段与债务字段的来源状态分开记录。
CN-450700,450700,钦州市,45,广西壮族自治区,地级市,core,2024,2024-12-31,prefecture_whole,official_debt,,,,,,,264.59,258.92,468.32,464.18,732.91,723.10,98.66,,,,,,,未采集,SRC-CITY-DEBT-GUANGXI-QINZHOU-2024,A1,extracted,true,已从省级财政厅官方地级行政单元债务明细表提取；经济财政字段与债务字段的来源状态分开记录。
CN-450800,450800,贵港市,45,广西壮族自治区,地级市,core,2024,2024-12-31,prefecture_whole,secondary_debt,,,,,,,,,,,,533.35,,,,,,,,未采集,SRC-SECONDARY-DEBT-GUANGXI-GUIGANG-2024,B2,needs_review,true,已接入评级报告或其他二手公开来源的债务补缺值；不等同于官方决算数据，必须回到财政/人大预算决算或官方债务表复核。
CN-450900,450900,玉林市,45,广西壮族自治区,地级市,core,2024,2024-12-31,prefecture_whole,official_debt,,,,,,,,239.71,,493.40,,733.11,,,,,,,,未采集,SRC-OFFICIAL-DEBT-GUANGXI-YULIN-2024,A2,extracted,true,已从省级财政厅官方地级行政单元债务明细表提取；经济财政字段与债务字段的来源状态分开记录。
CN-451000,451000,百色市,45,广西壮族自治区,地级市,core,2024,2024-12-31,prefecture_whole,secondary_debt,,,,,,,,,,,,782.48,,,,,,,,未采集,SRC-SECONDARY-DEBT-GUANGXI-BAISE-2024,B2,needs_review,true,已接入评级报告或其他二手公开来源的债务补缺值；不等同于官方决算数据，必须回到财政/人大预算决算或官方债务表复核。
CN-451100,451100,贺州市,45,广西壮族自治区,地级市,core,2024,2024-12-31,prefecture_whole,official_debt,,,,,,,,163.40,,264.06,,427.46,,,,,,,,未采集,SRC-OFFICIAL-DEBT-GUANGXI-HEZHOU-2024,A2,extracted,true,已从省级财政厅官方地级行政单元债务明细表提取；经济财政字段与债务字段的来源状态分开记录。
CN-451200,451200,河池市,45,广西壮族自治区,地级市,core,2024,2024-12-31,prefecture_whole,secondary_debt,,,,,,,,,,,,560.87,,,,,,,,未采集,SRC-SECONDARY-DEBT-GUANGXI-HECHI-2024,B2,needs_review,true,已接入评级报告或其他二手公开来源的债务补缺值；不等同于官方决算数据，必须回到财政/人大预算决算或官方债务表复核。
CN-451300,451300,来宾市,45,广西壮族自治区,地级市,core,2024,2024-12-31,prefecture_whole,official_debt,,,,,,,,274.26,,270.47,,544.73,,,,,,,,未采集,SRC-OFFICIAL-DEBT-GUANGXI-LAIBIN-2024,A2,extracted,true,已从省级财政厅官方地级行政单元债务明细表提取；经济财政字段与债务字段的来源状态分开记录。
CN-451400,451400,崇左市,45,广西壮族自治区,地级市,core,2024,2024-12-31,prefecture_whole,secondary_debt,,,,,,,,,,,,538.62,,,,,,,,未采集,SRC-SECONDARY-DEBT-GUANGXI-CHONGZUO-2024,B2,needs_review,true,已接入评级报告或其他二手公开来源的债务补缺值；不等同于官方决算数据，必须回到财政/人大预算决算或官方债务表复核。
CN-460100,460100,海口市,46,海南省,地级市,core,2024,2024-12-31,prefecture_whole,secondary_debt,,,,,,,,,,,,1141.70,,,,,,,,未采集,SRC-CITY-DEBT-HAINAN-HAIKOU-2024,C,needs_review,true,已接入评级报告或其他二手公开来源的债务补缺值；不等同于官方决算数据，必须回到财政/人大预算决算或官方债务表复核。
CN-460200,460200,三亚市,46,海南省,地级市,core,2024,2024-12-31,prefecture_whole,official_debt,,,,,,,,,,,,747.00,,,,,,,,未采集,SRC-CITY-DEBT-HAINAN-SANYA-2024,A2,extracted,true,已从省级财政厅官方地级行政单元债务明细表提取；经济财政字段与债务字段的来源状态分开记录。
CN-460300,460300,三沙市,46,海南省,地级市,core,2024,2024-12-31,prefecture_whole,not_collected,,,,,,,,,,,,,,,,,,,,未采集,,,needs_collection,true,未取得可审计的公开数值，保留 null，后续进入采集队列。
CN-460400,460400,儋州市,46,海南省,地级市,core,2024,2024-12-31,prefecture_whole,official_debt,,,,,,,110.99,108.85,256.95,255.40,367.94,364.25,99.00,,,,,,,未采集,SRC-OFFICIAL-DEBT-HAINAN-DANZHOU-2024,A2,extracted,true,已从省级财政厅官方地级行政单元债务明细表提取；经济财政字段与债务字段的来源状态分开记录。
CN-469000,469000,省直辖县级行政区划,46,海南省,地级市,core,2024,2024-12-31,prefecture_whole,official_debt_calculated,,,,,,,,531.60,,604.82,,1136.42,,,,,,,,未采集,SRC-OFFICIAL-DEBT-HAINAN-DIRECT-COUNTY-2024,A2,extracted,true,已从省级财政厅官方地级行政单元债务明细表提取；经济财政字段与债务字段的来源状态分开记录。
CN-500000,500000,重庆市,50,重庆市,直辖市,separate,2024,2024-12-31,prefecture_whole,official_debt,,,,,,,3912.00,3856.00,12079.00,10569.00,15991.00,14425.00,90.21,,,,,,,未采集,SRC-PROVINCE-DEBT-CHONGQING-2024,A1,extracted,true,已从省级财政厅官方地级行政单元债务明细表提取；经济财政字段与债务字段的来源状态分开记录。
CN-510100,510100,成都市,51,四川省,地级市,core,2024,2024-12-31,prefecture_whole,official_debt,,,,,,,1424.20,1374.80,5871.40,4831.80,7295.60,6206.60,85.07,,,,,,,未采集,SRC-PROVINCE-DEBT-SICHUAN-2024,A1,extracted,true,已从省级财政厅官方地级行政单元债务明细表提取；经济财政字段与债务字段的来源状态分开记录。
CN-510300,510300,自贡市,51,四川省,地级市,core,2024,2024-12-31,prefecture_whole,official_debt,,,,,,,230.70,227.40,723.50,647.90,954.30,875.40,91.73,,,,,,,未采集,SRC-PROVINCE-DEBT-SICHUAN-2024,A1,extracted,true,已从省级财政厅官方地级行政单元债务明细表提取；经济财政字段与债务字段的来源状态分开记录。
CN-510400,510400,攀枝花市,51,四川省,地级市,core,2024,2024-12-31,prefecture_whole,official_debt,,,,,,,154.10,149.30,257.10,187.10,411.20,336.40,81.81,,,,,,,未采集,SRC-PROVINCE-DEBT-SICHUAN-2024,A1,extracted,true,已从省级财政厅官方地级行政单元债务明细表提取；经济财政字段与债务字段的来源状态分开记录。
CN-510500,510500,泸州市,51,四川省,地级市,core,2024,2024-12-31,prefecture_whole,official_debt,,,,,,,308.60,305.30,974.90,866.00,1283.50,1171.30,91.26,,,,,,,未采集,SRC-PROVINCE-DEBT-SICHUAN-2024,A1,extracted,true,已从省级财政厅官方地级行政单元债务明细表提取；经济财政字段与债务字段的来源状态分开记录。
CN-510600,510600,德阳市,51,四川省,地级市,core,2024,2024-12-31,prefecture_whole,official_debt,,,,,,,184.00,182.40,828.20,748.90,1012.20,931.40,92.02,,,,,,,未采集,SRC-PROVINCE-DEBT-SICHUAN-2024,A1,extracted,true,已从省级财政厅官方地级行政单元债务明细表提取；经济财政字段与债务字段的来源状态分开记录。
CN-510700,510700,绵阳市,51,四川省,地级市,core,2024,2024-12-31,prefecture_whole,official_debt,,,,,,,378.30,372.00,1048.10,925.00,1426.40,1297.00,90.93,,,,,,,未采集,SRC-PROVINCE-DEBT-SICHUAN-2024,A1,extracted,true,已从省级财政厅官方地级行政单元债务明细表提取；经济财政字段与债务字段的来源状态分开记录。
CN-510800,510800,广元市,51,四川省,地级市,core,2024,2024-12-31,prefecture_whole,official_debt,,,,,,,266.00,260.10,454.00,399.30,720.00,659.40,91.58,,,,,,,未采集,SRC-PROVINCE-DEBT-SICHUAN-2024,A1,extracted,true,已从省级财政厅官方地级行政单元债务明细表提取；经济财政字段与债务字段的来源状态分开记录。
CN-510900,510900,遂宁市,51,四川省,地级市,core,2024,2024-12-31,prefecture_whole,official_debt,,,,,,,232.80,229.00,747.70,667.90,980.50,896.90,91.47,,,,,,,未采集,SRC-PROVINCE-DEBT-SICHUAN-2024,A1,extracted,true,已从省级财政厅官方地级行政单元债务明细表提取；经济财政字段与债务字段的来源状态分开记录。
CN-511000,511000,内江市,51,四川省,地级市,core,2024,2024-12-31,prefecture_whole,official_debt,,,,,,,350.50,342.10,598.20,502.40,948.70,844.40,89.01,,,,,,,未采集,SRC-PROVINCE-DEBT-SICHUAN-2024,A1,extracted,true,已从省级财政厅官方地级行政单元债务明细表提取；经济财政字段与债务字段的来源状态分开记录。
CN-511100,511100,乐山市,51,四川省,地级市,core,2024,2024-12-31,prefecture_whole,official_debt,,,,,,,257.50,251.70,780.10,667.80,1037.60,919.60,88.63,,,,,,,未采集,SRC-PROVINCE-DEBT-SICHUAN-2024,A1,extracted,true,已从省级财政厅官方地级行政单元债务明细表提取；经济财政字段与债务字段的来源状态分开记录。
CN-511300,511300,南充市,51,四川省,地级市,core,2024,2024-12-31,prefecture_whole,official_debt,,,,,,,418.50,412.30,1021.60,899.40,1440.10,1311.70,91.08,,,,,,,未采集,SRC-PROVINCE-DEBT-SICHUAN-2024,A1,extracted,true,已从省级财政厅官方地级行政单元债务明细表提取；经济财政字段与债务字段的来源状态分开记录。
CN-511400,511400,眉山市,51,四川省,地级市,core,2024,2024-12-31,prefecture_whole,official_debt,,,,,,,235.40,228.00,710.10,616.60,945.50,844.60,89.33,,,,,,,未采集,SRC-PROVINCE-DEBT-SICHUAN-2024,A1,extracted,true,已从省级财政厅官方地级行政单元债务明细表提取；经济财政字段与债务字段的来源状态分开记录。
CN-511500,511500,宜宾市,51,四川省,地级市,core,2024,2024-12-31,prefecture_whole,official_debt,,,,,,,355.70,352.60,1083.50,995.70,1439.30,1348.20,93.67,,,,,,,未采集,SRC-PROVINCE-DEBT-SICHUAN-2024,A1,extracted,true,已从省级财政厅官方地级行政单元债务明细表提取；经济财政字段与债务字段的来源状态分开记录。
CN-511600,511600,广安市,51,四川省,地级市,core,2024,2024-12-31,prefecture_whole,official_debt,,,,,,,255.70,251.10,613.90,561.10,869.60,812.20,93.40,,,,,,,未采集,SRC-PROVINCE-DEBT-SICHUAN-2024,A1,extracted,true,已从省级财政厅官方地级行政单元债务明细表提取；经济财政字段与债务字段的来源状态分开记录。
CN-511700,511700,达州市,51,四川省,地级市,core,2024,2024-12-31,prefecture_whole,official_debt,,,,,,,412.90,405.50,923.00,802.30,1335.90,1207.70,90.40,,,,,,,未采集,SRC-PROVINCE-DEBT-SICHUAN-2024,A1,extracted,true,已从省级财政厅官方地级行政单元债务明细表提取；经济财政字段与债务字段的来源状态分开记录。
CN-511800,511800,雅安市,51,四川省,地级市,core,2024,2024-12-31,prefecture_whole,official_debt,,,,,,,121.90,115.50,356.90,325.20,478.90,440.70,92.02,,,,,,,未采集,SRC-PROVINCE-DEBT-SICHUAN-2024,A1,extracted,true,已从省级财政厅官方地级行政单元债务明细表提取；经济财政字段与债务字段的来源状态分开记录。
CN-511900,511900,巴中市,51,四川省,地级市,core,2024,2024-12-31,prefecture_whole,official_debt,,,,,,,417.80,416.00,645.00,535.40,1062.80,951.30,89.51,,,,,,,未采集,SRC-PROVINCE-DEBT-SICHUAN-2024,A1,extracted,true,已从省级财政厅官方地级行政单元债务明细表提取；经济财政字段与债务字段的来源状态分开记录。
CN-512000,512000,资阳市,51,四川省,地级市,core,2024,2024-12-31,prefecture_whole,official_debt,,,,,,,285.80,278.10,446.70,391.50,732.50,669.60,91.41,,,,,,,未采集,SRC-PROVINCE-DEBT-SICHUAN-2024,A1,extracted,true,已从省级财政厅官方地级行政单元债务明细表提取；经济财政字段与债务字段的来源状态分开记录。
CN-513200,513200,阿坝藏族羌族自治州,51,四川省,自治州,extended,2024,2024-12-31,prefecture_whole,official_debt,,,,,,,100.00,92.00,78.30,77.90,178.20,169.90,95.34,,,,,,,未采集,SRC-PROVINCE-DEBT-SICHUAN-2024,A1,extracted,true,已从省级财政厅官方地级行政单元债务明细表提取；经济财政字段与债务字段的来源状态分开记录。
CN-513300,513300,甘孜藏族自治州,51,四川省,自治州,extended,2024,2024-12-31,prefecture_whole,official_debt,,,,,,,112.50,109.20,51.50,48.30,163.90,157.40,96.03,,,,,,,未采集,SRC-PROVINCE-DEBT-SICHUAN-2024,A1,extracted,true,已从省级财政厅官方地级行政单元债务明细表提取；经济财政字段与债务字段的来源状态分开记录。
CN-513400,513400,凉山彝族自治州,51,四川省,自治州,extended,2024,2024-12-31,prefecture_whole,official_debt,,,,,,,350.60,343.50,298.60,227.30,649.20,570.70,87.91,,,,,,,未采集,SRC-PROVINCE-DEBT-SICHUAN-2024,A1,extracted,true,已从省级财政厅官方地级行政单元债务明细表提取；经济财政字段与债务字段的来源状态分开记录。
CN-520100,520100,贵阳市,52,贵州省,地级市,core,2024,2024-12-31,prefecture_whole,official_debt,,,,,,,812.35,803.43,2986.99,2966.05,3799.34,3769.48,99.21,,,,,,,未采集,SRC-PROVINCE-DEBT-GUIZHOU-2024,A1,extracted,true,已从省级财政厅官方地级行政单元债务明细表提取；经济财政字段与债务字段的来源状态分开记录。
CN-520200,520200,六盘水市,52,贵州省,地级市,core,2024,2024-12-31,prefecture_whole,official_debt,,,,,,,682.82,676.01,456.97,455.77,1139.79,1131.78,99.30,,,,,,,未采集,SRC-PROVINCE-DEBT-GUIZHOU-2024,A1,extracted,true,已从省级财政厅官方地级行政单元债务明细表提取；经济财政字段与债务字段的来源状态分开记录。
CN-520300,520300,遵义市,52,贵州省,地级市,core,2024,2024-12-31,prefecture_whole,official_debt,,,,,,,1603.88,1594.11,1197.65,1194.29,2801.53,2788.40,99.53,,,,,,,未采集,SRC-PROVINCE-DEBT-GUIZHOU-2024,A1,extracted,true,已从省级财政厅官方地级行政单元债务明细表提取；经济财政字段与债务字段的来源状态分开记录。
CN-520400,520400,安顺市,52,贵州省,地级市,core,2024,2024-12-31,prefecture_whole,official_debt,,,,,,,423.45,419.97,423.28,421.74,846.73,841.71,99.41,,,,,,,未采集,SRC-PROVINCE-DEBT-GUIZHOU-2024,A1,extracted,true,已从省级财政厅官方地级行政单元债务明细表提取；经济财政字段与债务字段的来源状态分开记录。
CN-520500,520500,毕节市,52,贵州省,地级市,core,2024,2024-12-31,prefecture_whole,official_debt,,,,,,,968.60,956.36,648.85,647.02,1617.45,1603.38,99.13,,,,,,,未采集,SRC-PROVINCE-DEBT-GUIZHOU-2024,A1,extracted,true,已从省级财政厅官方地级行政单元债务明细表提取；经济财政字段与债务字段的来源状态分开记录。
CN-520600,520600,铜仁市,52,贵州省,地级市,core,2024,2024-12-31,prefecture_whole,official_debt,,,,,,,818.21,811.13,612.32,611.75,1430.53,1422.88,99.47,,,,,,,未采集,SRC-PROVINCE-DEBT-GUIZHOU-2024,A1,extracted,true,已从省级财政厅官方地级行政单元债务明细表提取；经济财政字段与债务字段的来源状态分开记录。
CN-522300,522300,黔西南布依族苗族自治州,52,贵州省,自治州,extended,2024,2024-12-31,prefecture_whole,official_debt,,,,,,,605.79,600.90,518.17,516.91,1123.96,1117.81,99.45,,,,,,,未采集,SRC-PROVINCE-DEBT-GUIZHOU-2024,A1,extracted,true,已从省级财政厅官方地级行政单元债务明细表提取；经济财政字段与债务字段的来源状态分开记录。
CN-522600,522600,黔东南苗族侗族自治州,52,贵州省,自治州,extended,2024,2024-12-31,prefecture_whole,official_debt,,,,,,,508.69,483.66,522.29,520.94,1030.98,1004.60,97.44,,,,,,,未采集,SRC-PROVINCE-DEBT-GUIZHOU-2024,A1,extracted,true,已从省级财政厅官方地级行政单元债务明细表提取；经济财政字段与债务字段的来源状态分开记录。
CN-522700,522700,黔南布依族苗族自治州,52,贵州省,自治州,extended,2024,2024-12-31,prefecture_whole,official_debt,,,,,,,751.37,747.03,827.12,822.60,1578.49,1569.63,99.44,,,,,,,未采集,SRC-PROVINCE-DEBT-GUIZHOU-2024,A1,extracted,true,已从省级财政厅官方地级行政单元债务明细表提取；经济财政字段与债务字段的来源状态分开记录。
CN-530100,530100,昆明市,53,云南省,地级市,core,2024,2024-12-31,prefecture_whole,secondary_debt,,,,,,,,758.46,,2083.58,,2842.04,,,,,,,,未采集,SRC-SECONDARY-DEBT-YUNNAN-KUNMING-2024,B2,needs_review,true,已接入评级报告或其他二手公开来源的债务补缺值；不等同于官方决算数据，必须回到财政/人大预算决算或官方债务表复核。
CN-530300,530300,曲靖市,53,云南省,地级市,core,2024,2024-12-31,prefecture_whole,secondary_debt,,,,,,,,,,,,1055.10,,,,,,,,未采集,SRC-SECONDARY-CEIC-CN-530300,D,needs_review,true,已接入商业数据库公开城市债务页的 provisional 补缺值；经济财政字段与债务字段来源状态分开记录，必须回到官方预算/决算或统计公报复核。
CN-530400,530400,玉溪市,53,云南省,地级市,core,2024,2024-12-31,prefecture_whole,official_debt,,,,,,,401.92,382.95,507.87,493.42,909.79,876.37,96.33,,,,,,,未采集,SRC-CITY-DEBT-YUNNAN-YUXI-2024,A1,extracted,true,已从省级财政厅官方地级行政单元债务明细表提取；经济财政字段与债务字段的来源状态分开记录。
CN-530500,530500,保山市,53,云南省,地级市,core,2024,2024-12-31,prefecture_whole,official_debt,,,,,,,,293.05,,473.82,,766.87,,,,,,,,未采集,SRC-CITY-DEBT-YUNNAN-BAOSHAN-2024,A2,extracted,true,已从省级财政厅官方地级行政单元债务明细表提取；经济财政字段与债务字段的来源状态分开记录。
CN-530600,530600,昭通市,53,云南省,地级市,core,2024,2024-12-31,prefecture_whole,secondary_debt,,,,,,,,,,,,1258.20,,,,,,,,未采集,SRC-SECONDARY-CEIC-CN-530600,D,needs_review,true,已接入商业数据库公开城市债务页的 provisional 补缺值；经济财政字段与债务字段来源状态分开记录，必须回到官方预算/决算或统计公报复核。
CN-530700,530700,丽江市,53,云南省,地级市,core,2024,2024-12-31,prefecture_whole,secondary_debt,,,,,,,,,,,,453.03,,,,,,,,未采集,SRC-SECONDARY-DEBT-YUNNAN-LIJIANG-2024,B2,needs_review,true,已接入评级报告或其他二手公开来源的债务补缺值；不等同于官方决算数据，必须回到财政/人大预算决算或官方债务表复核。
CN-530800,530800,普洱市,53,云南省,地级市,core,2024,2024-12-31,prefecture_whole,official_debt,,,,,,,,213.15,,386.91,,600.06,,,,,,,,未采集,SRC-OFFICIAL-DEBT-YUNNAN-PUER-2024,A2,extracted,true,已从省级财政厅官方地级行政单元债务明细表提取；经济财政字段与债务字段的来源状态分开记录。
CN-530900,530900,临沧市,53,云南省,地级市,core,2024,2024-12-31,prefecture_whole,official_debt,,,,,,,198.18,191.36,397.84,395.75,596.02,587.11,98.51,,,,,,,未采集,SRC-CITY-DEBT-YUNNAN-LINCANG-2024,A1,extracted,true,已从省级财政厅官方地级行政单元债务明细表提取；经济财政字段与债务字段的来源状态分开记录。
CN-532300,532300,楚雄彝族自治州,53,云南省,自治州,extended,2024,2024-12-31,prefecture_whole,official_debt,,,,,,,,,,,,707.08,,,,,,,,未采集,SRC-OFFICIAL-DEBT-YUNNAN-CHUXIONG-2024,A2,extracted,true,已从省级财政厅官方地级行政单元债务明细表提取；经济财政字段与债务字段的来源状态分开记录。
CN-532500,532500,红河哈尼族彝族自治州,53,云南省,自治州,extended,2024,2024-12-31,prefecture_whole,official_debt,,,,,,,280.53,271.73,716.57,710.02,997.10,981.75,98.46,,,,,,,未采集,SRC-CITY-DEBT-YUNNAN-HONGHE-2024,A1,extracted,true,已从省级财政厅官方地级行政单元债务明细表提取；经济财政字段与债务字段的来源状态分开记录。
CN-532600,532600,文山壮族苗族自治州,53,云南省,自治州,extended,2024,2024-12-31,prefecture_whole,official_debt,,,,,,,,,,,,896.59,,,,,,,,未采集,SRC-OFFICIAL-DEBT-YUNNAN-WENSHAN-2024,A2,extracted,true,已从省级财政厅官方地级行政单元债务明细表提取；经济财政字段与债务字段的来源状态分开记录。
CN-532800,532800,西双版纳傣族自治州,53,云南省,自治州,extended,2024,2024-12-31,prefecture_whole,official_debt,,,,,,,,,,,,305.39,,,,,,,,未采集,SRC-OFFICIAL-DEBT-YUNNAN-XISHUANGBANNA-2024,A2,extracted,true,已从省级财政厅官方地级行政单元债务明细表提取；经济财政字段与债务字段的来源状态分开记录。
CN-532900,532900,大理白族自治州,53,云南省,自治州,extended,2024,2024-12-31,prefecture_whole,official_debt,,,,,,,229.79,225.60,617.07,612.27,846.86,837.87,98.94,,,,,,,未采集,SRC-CITY-DEBT-YUNNAN-DALI-2024,A1,extracted,true,已从省级财政厅官方地级行政单元债务明细表提取；经济财政字段与债务字段的来源状态分开记录。
CN-533100,533100,德宏傣族景颇族自治州,53,云南省,自治州,extended,2024,2024-12-31,prefecture_whole,secondary_debt,,,,,,,,,,,,487.52,,,,,,,,未采集,SRC-SECONDARY-DEBT-YUNNAN-DEHONG-2024,B2,needs_review,true,已接入评级报告或其他二手公开来源的债务补缺值；不等同于官方决算数据，必须回到财政/人大预算决算或官方债务表复核。
CN-533300,533300,怒江傈僳族自治州,53,云南省,自治州,extended,2024,2024-12-31,prefecture_whole,official_debt,,,,,,,,111.59,,62.51,,174.10,,,,,,,,未采集,SRC-OFFICIAL-DEBT-YUNNAN-NUJIANG-2024,A2,extracted,true,已从省级财政厅官方地级行政单元债务明细表提取；经济财政字段与债务字段的来源状态分开记录。
CN-533400,533400,迪庆藏族自治州,53,云南省,自治州,extended,2024,2024-12-31,prefecture_whole,official_debt,,,,,,,109.33,106.81,88.94,88.47,198.27,195.28,98.49,,,,,,,未采集,SRC-CITY-DEBT-YUNNAN-DIQING-2024,A1,extracted,true,已从省级财政厅官方地级行政单元债务明细表提取；经济财政字段与债务字段的来源状态分开记录。
CN-540100,540100,拉萨市,54,西藏自治区,地级市,core,2024,2024-12-31,prefecture_whole,official_debt,,,,,,,53.17,52.30,87.12,85.26,140.29,137.56,98.05,,,,,,,未采集,SRC-CITY-DEBT-TIBET-LHASA-2024,A1,extracted,true,已从省级财政厅官方地级行政单元债务明细表提取；经济财政字段与债务字段的来源状态分开记录。
CN-540200,540200,日喀则市,54,西藏自治区,地级市,core,2024,2024-12-31,prefecture_whole,secondary_debt,,,,,,,,,,,,117.35,,,,,,,,未采集,SRC-SECONDARY-DEBT-TIBET-2024-TOTALS,B2,needs_review,true,已接入评级报告或其他二手公开来源的债务补缺值；不等同于官方决算数据，必须回到财政/人大预算决算或官方债务表复核。
CN-540300,540300,昌都市,54,西藏自治区,地级市,core,2024,2024-12-31,prefecture_whole,official_debt,,,,,,,92.85,89.32,20.58,20.58,113.42,109.90,96.90,,,,,,,未采集,SRC-CITY-DEBT-TIBET-CHANGDU-2024,A1,extracted,true,已从省级财政厅官方地级行政单元债务明细表提取；经济财政字段与债务字段的来源状态分开记录。
CN-540400,540400,林芝市,54,西藏自治区,地级市,core,2024,2024-12-31,prefecture_whole,secondary_debt,,,,,,,,,,,,55.23,,,,,,,,未采集,SRC-SECONDARY-DEBT-TIBET-2024-TOTALS,B2,needs_review,true,已接入评级报告或其他二手公开来源的债务补缺值；不等同于官方决算数据，必须回到财政/人大预算决算或官方债务表复核。
CN-540500,540500,山南市,54,西藏自治区,地级市,core,2024,2024-12-31,prefecture_whole,official_debt,,,,,,,50.02,48.34,36.42,35.37,86.44,83.71,96.84,,,,,,,未采集,SRC-CITY-DEBT-TIBET-SHANNAN-2024,A1,extracted,true,已从省级财政厅官方地级行政单元债务明细表提取；经济财政字段与债务字段的来源状态分开记录。
CN-540600,540600,那曲市,54,西藏自治区,地级市,core,2024,2024-12-31,prefecture_whole,secondary_debt,,,,,,,,,,,,120.53,,,,,,,,未采集,SRC-SECONDARY-DEBT-TIBET-2024-TOTALS,B2,needs_review,true,已接入评级报告或其他二手公开来源的债务补缺值；不等同于官方决算数据，必须回到财政/人大预算决算或官方债务表复核。
CN-542500,542500,阿里地区,54,西藏自治区,地区,extended,2024,2024-12-31,prefecture_whole,official_debt,,,,,,,33.41,32.35,22.32,22.32,55.73,54.68,98.12,,,,,,,未采集,SRC-CITY-DEBT-TIBET-ALI-2024,A1,extracted,true,已从省级财政厅官方地级行政单元债务明细表提取；经济财政字段与债务字段的来源状态分开记录。
CN-610100,610100,西安市,61,陕西省,地级市,core,2024,2024-12-31,prefecture_whole,official_debt,,,,,,,1222.67,1164.56,3588.24,3479.21,4810.92,4643.76,96.53,,,,,,,未采集,SRC-PROVINCE-DEBT-SHAANXI-2024,A2,extracted,true,已从省级财政厅官方地级行政单元债务明细表提取；经济财政字段与债务字段的来源状态分开记录。
CN-610200,610200,铜川市,61,陕西省,地级市,core,2024,2024-12-31,prefecture_whole,official_debt,,,,,,,116.89,111.89,165.03,161.23,281.93,273.12,96.88,,,,,,,未采集,SRC-PROVINCE-DEBT-SHAANXI-2024,A2,extracted,true,已从省级财政厅官方地级行政单元债务明细表提取；经济财政字段与债务字段的来源状态分开记录。
CN-610300,610300,宝鸡市,61,陕西省,地级市,core,2024,2024-12-31,prefecture_whole,official_debt,,,,,,,242.21,226.44,362.01,346.64,604.22,573.08,94.85,,,,,,,未采集,SRC-PROVINCE-DEBT-SHAANXI-2024,A2,extracted,true,已从省级财政厅官方地级行政单元债务明细表提取；经济财政字段与债务字段的来源状态分开记录。
CN-610400,610400,咸阳市,61,陕西省,地级市,core,2024,2024-12-31,prefecture_whole,official_debt,,,,,,,233.46,221.19,427.17,423.05,660.63,644.24,97.52,,,,,,,未采集,SRC-PROVINCE-DEBT-SHAANXI-2024,A2,extracted,true,已从省级财政厅官方地级行政单元债务明细表提取；经济财政字段与债务字段的来源状态分开记录。
CN-610500,610500,渭南市,61,陕西省,地级市,core,2024,2024-12-31,prefecture_whole,official_debt,,,,,,,354.65,338.65,474.67,468.01,829.31,806.66,97.27,,,,,,,未采集,SRC-PROVINCE-DEBT-SHAANXI-2024,A2,extracted,true,已从省级财政厅官方地级行政单元债务明细表提取；经济财政字段与债务字段的来源状态分开记录。
CN-610600,610600,延安市,61,陕西省,地级市,core,2024,2024-12-31,prefecture_whole,official_debt,,,,,,,388.74,364.70,404.68,390.47,793.42,755.17,95.18,,,,,,,未采集,SRC-PROVINCE-DEBT-SHAANXI-2024,A2,extracted,true,已从省级财政厅官方地级行政单元债务明细表提取；经济财政字段与债务字段的来源状态分开记录。
CN-610700,610700,汉中市,61,陕西省,地级市,core,2024,2024-12-31,prefecture_whole,official_debt,,,,,,,260.80,250.28,429.52,415.84,690.32,666.12,96.49,,,,,,,未采集,SRC-PROVINCE-DEBT-SHAANXI-2024,A2,extracted,true,已从省级财政厅官方地级行政单元债务明细表提取；经济财政字段与债务字段的来源状态分开记录。
CN-610800,610800,榆林市,61,陕西省,地级市,core,2024,2024-12-31,prefecture_whole,official_debt,,,,,,,437.87,425.37,338.63,318.87,776.50,744.24,95.85,,,,,,,未采集,SRC-PROVINCE-DEBT-SHAANXI-2024,A2,extracted,true,已从省级财政厅官方地级行政单元债务明细表提取；经济财政字段与债务字段的来源状态分开记录。
CN-610900,610900,安康市,61,陕西省,地级市,core,2024,2024-12-31,prefecture_whole,official_debt,,,,,,,362.77,353.61,295.38,287.39,658.15,641.00,97.39,,,,,,,未采集,SRC-CITY-DEBT-SHAANXI-ANKANG-2024,A1,extracted,true,已从省级财政厅官方地级行政单元债务明细表提取；经济财政字段与债务字段的来源状态分开记录。
CN-611000,611000,商洛市,61,陕西省,地级市,core,2024,2024-12-31,prefecture_whole,official_debt,,,,,,,348.47,337.03,185.22,175.75,533.68,512.78,96.08,,,,,,,未采集,SRC-PROVINCE-DEBT-SHAANXI-2024,A2,extracted,true,已从省级财政厅官方地级行政单元债务明细表提取；经济财政字段与债务字段的来源状态分开记录。
CN-620100,620100,兰州市,62,甘肃省,地级市,core,2024,2024-12-31,prefecture_whole,secondary_debt,,,,,,,,,,,,1609.72,,,,,,,,未采集,SRC-SECONDARY-CEIC-CN-620100,D,needs_review,true,已接入商业数据库公开城市债务页的 provisional 补缺值；经济财政字段与债务字段来源状态分开记录，必须回到官方预算/决算或统计公报复核。
CN-620200,620200,嘉峪关市,62,甘肃省,地级市,core,2024,2024-12-31,prefecture_whole,official_debt,,,,,,,,31.58,,41.71,,73.29,,,,,,,,未采集,SRC-OFFICIAL-DEBT-GANSU-JIAYUGUAN-2024,A2,extracted,true,已从省级财政厅官方地级行政单元债务明细表提取；经济财政字段与债务字段的来源状态分开记录。
CN-620300,620300,金昌市,62,甘肃省,地级市,core,2024,2024-12-31,prefecture_whole,secondary_debt,,,,,,,,,,,,128.28,,,,,,,,未采集,SRC-SECONDARY-DEBT-GANSU-JINCHANG-2024,B2,needs_review,true,已接入评级报告或其他二手公开来源的债务补缺值；不等同于官方决算数据，必须回到财政/人大预算决算或官方债务表复核。
CN-620400,620400,白银市,62,甘肃省,地级市,core,2024,2024-12-31,prefecture_whole,official_debt,,,,,,,125.94,121.13,229.61,225.99,355.55,347.12,97.63,,,,,,,未采集,SRC-CITY-DEBT-GANSU-BAIYIN-2024,A1,extracted,true,已从省级财政厅官方地级行政单元债务明细表提取；经济财政字段与债务字段的来源状态分开记录。
CN-620500,620500,天水市,62,甘肃省,地级市,core,2024,2024-12-31,prefecture_whole,secondary_debt,,,,,,,,,,,,460.36,,,,,,,,未采集,SRC-SECONDARY-DEBT-GANSU-TIANSHUI-2024,B2,needs_review,true,已接入评级报告或其他二手公开来源的债务补缺值；不等同于官方决算数据，必须回到财政/人大预算决算或官方债务表复核。
CN-620600,620600,武威市,62,甘肃省,地级市,core,2024,2024-12-31,prefecture_whole,secondary_debt,,,,,,,,,,,,410.90,,,,,,,,未采集,SRC-SECONDARY-RATING-GANSU-2024-CITY-CHART,B2,needs_review,true,已接入评级报告或其他二手公开来源的债务补缺值；不等同于官方决算数据，必须回到财政/人大预算决算或官方债务表复核。
CN-620700,620700,张掖市,62,甘肃省,地级市,core,2024,2024-12-31,prefecture_whole,official_debt,,,,,,,95.33,91.78,245.86,241.62,341.19,333.40,97.72,,,,,,,未采集,SRC-CITY-DEBT-GANSU-ZHANGYE-2024,A1,extracted,true,已从省级财政厅官方地级行政单元债务明细表提取；经济财政字段与债务字段的来源状态分开记录。
CN-620800,620800,平凉市,62,甘肃省,地级市,core,2024,2024-12-31,prefecture_whole,secondary_debt,,,,,,,,,,,,336.00,,,,,,,,未采集,SRC-SECONDARY-RATING-GANSU-2024-CITY-CHART,B2,needs_review,true,已接入评级报告或其他二手公开来源的债务补缺值；不等同于官方决算数据，必须回到财政/人大预算决算或官方债务表复核。
CN-620900,620900,酒泉市,62,甘肃省,地级市,core,2024,2024-12-31,prefecture_whole,secondary_debt,,,,,,,,,,,,307.70,,,,,,,,未采集,SRC-SECONDARY-RATING-GANSU-2024-CITY-CHART,B2,needs_review,true,已接入评级报告或其他二手公开来源的债务补缺值；不等同于官方决算数据，必须回到财政/人大预算决算或官方债务表复核。
CN-621000,621000,庆阳市,62,甘肃省,地级市,core,2024,2024-12-31,prefecture_whole,official_debt,,,,,,,,,,,,475.06,,,,,,,,未采集,SRC-CITY-DEBT-GANSU-QINGYANG-2024,A2,extracted,true,已从省级财政厅官方地级行政单元债务明细表提取；经济财政字段与债务字段的来源状态分开记录。
CN-621100,621100,定西市,62,甘肃省,地级市,core,2024,2024-12-31,prefecture_whole,secondary_debt,,,,,,,,,,,,394.07,,,,,,,,未采集,SRC-SECONDARY-DEBT-GANSU-DINGXI-2024,B2,needs_review,true,已接入评级报告或其他二手公开来源的债务补缺值；不等同于官方决算数据，必须回到财政/人大预算决算或官方债务表复核。
CN-621200,621200,陇南市,62,甘肃省,地级市,core,2024,2024-12-31,prefecture_whole,official_debt,,,,,,,145.43,141.01,262.08,258.58,407.50,399.59,98.06,,,,,,,未采集,SRC-OFFICIAL-DEBT-GANSU-LONGNAN-2024,A1,extracted,true,已从省级财政厅官方地级行政单元债务明细表提取；经济财政字段与债务字段的来源状态分开记录。
CN-622900,622900,临夏回族自治州,62,甘肃省,自治州,extended,2024,2024-12-31,prefecture_whole,secondary_debt,,,,,,,,,,,,441.30,,,,,,,,未采集,SRC-SECONDARY-RATING-GANSU-2024-CITY-CHART,B2,needs_review,true,已接入评级报告或其他二手公开来源的债务补缺值；不等同于官方决算数据，必须回到财政/人大预算决算或官方债务表复核。
CN-623000,623000,甘南藏族自治州,62,甘肃省,自治州,extended,2024,2024-12-31,prefecture_whole,secondary_debt,,,,,,,,,,,,303.60,,,,,,,,未采集,SRC-SECONDARY-RATING-GANSU-2024-CITY-CHART,B2,needs_review,true,已接入评级报告或其他二手公开来源的债务补缺值；不等同于官方决算数据，必须回到财政/人大预算决算或官方债务表复核。
CN-630100,630100,西宁市,63,青海省,地级市,core,2024,2024-12-31,prefecture_whole,official_debt,,,,,,,321.45,317.65,351.35,344.00,672.79,661.64,98.34,,,,,,,未采集,SRC-PROVINCE-DEBT-QINGHAI-2024,A1,extracted,true,已从省级财政厅官方地级行政单元债务明细表提取；经济财政字段与债务字段的来源状态分开记录。
CN-630200,630200,海东市,63,青海省,地级市,core,2024,2024-12-31,prefecture_whole,official_debt,,,,,,,198.81,191.83,197.53,196.49,396.35,388.31,97.97,,,,,,,未采集,SRC-PROVINCE-DEBT-QINGHAI-2024,A1,extracted,true,已从省级财政厅官方地级行政单元债务明细表提取；经济财政字段与债务字段的来源状态分开记录。
CN-632200,632200,海北藏族自治州,63,青海省,自治州,extended,2024,2024-12-31,prefecture_whole,official_debt,,,,,,,39.89,35.08,9.70,8.70,49.59,43.78,88.28,,,,,,,未采集,SRC-PROVINCE-DEBT-QINGHAI-2024,A1,extracted,true,已从省级财政厅官方地级行政单元债务明细表提取；经济财政字段与债务字段的来源状态分开记录。
CN-632300,632300,黄南藏族自治州,63,青海省,自治州,extended,2024,2024-12-31,prefecture_whole,official_debt,,,,,,,39.11,38.87,23.31,21.31,62.42,60.18,96.41,,,,,,,未采集,SRC-PROVINCE-DEBT-QINGHAI-2024,A1,extracted,true,已从省级财政厅官方地级行政单元债务明细表提取；经济财政字段与债务字段的来源状态分开记录。
CN-632500,632500,海南藏族自治州,63,青海省,自治州,extended,2024,2024-12-31,prefecture_whole,official_debt,,,,,,,53.84,52.81,20.73,19.23,74.57,72.04,96.61,,,,,,,未采集,SRC-PROVINCE-DEBT-QINGHAI-2024,A1,extracted,true,已从省级财政厅官方地级行政单元债务明细表提取；经济财政字段与债务字段的来源状态分开记录。
CN-632600,632600,果洛藏族自治州,63,青海省,自治州,extended,2024,2024-12-31,prefecture_whole,official_debt,,,,,,,35.57,35.45,6.70,5.70,42.26,41.14,97.35,,,,,,,未采集,SRC-PROVINCE-DEBT-QINGHAI-2024,A1,extracted,true,已从省级财政厅官方地级行政单元债务明细表提取；经济财政字段与债务字段的来源状态分开记录。
CN-632700,632700,玉树藏族自治州,63,青海省,自治州,extended,2024,2024-12-31,prefecture_whole,official_debt,,,,,,,34.59,34.38,6.25,5.25,40.84,39.64,97.06,,,,,,,未采集,SRC-PROVINCE-DEBT-QINGHAI-2024,A1,extracted,true,已从省级财政厅官方地级行政单元债务明细表提取；经济财政字段与债务字段的来源状态分开记录。
CN-632800,632800,海西蒙古族藏族自治州,63,青海省,自治州,extended,2024,2024-12-31,prefecture_whole,official_debt,,,,,,,188.36,176.68,108.70,106.64,297.07,283.31,95.37,,,,,,,未采集,SRC-PROVINCE-DEBT-QINGHAI-2024,A1,extracted,true,已从省级财政厅官方地级行政单元债务明细表提取；经济财政字段与债务字段的来源状态分开记录。
CN-640100,640100,银川市,64,宁夏回族自治区,地级市,core,2024,2024-12-31,prefecture_whole,official_debt,,,,,,,323.84,311.06,177.53,161.35,501.37,472.41,94.22,,,,,,,未采集,SRC-PROVINCE-DEBT-NINGXIA-2024,A1,extracted,true,已从省级财政厅官方地级行政单元债务明细表提取；经济财政字段与债务字段的来源状态分开记录。
CN-640200,640200,石嘴山市,64,宁夏回族自治区,地级市,core,2024,2024-12-31,prefecture_whole,official_debt,,,,,,,91.33,87.10,17.48,13.78,108.81,100.88,92.71,,,,,,,未采集,SRC-PROVINCE-DEBT-NINGXIA-2024,A1,extracted,true,已从省级财政厅官方地级行政单元债务明细表提取；经济财政字段与债务字段的来源状态分开记录。
CN-640300,640300,吴忠市,64,宁夏回族自治区,地级市,core,2024,2024-12-31,prefecture_whole,official_debt,,,,,,,86.28,81.26,53.80,49.65,140.07,130.90,93.45,,,,,,,未采集,SRC-PROVINCE-DEBT-NINGXIA-2024,A1,extracted,true,已从省级财政厅官方地级行政单元债务明细表提取；经济财政字段与债务字段的来源状态分开记录。
CN-640400,640400,固原市,64,宁夏回族自治区,地级市,core,2024,2024-12-31,prefecture_whole,official_debt,,,,,,,97.68,95.16,25.68,23.75,123.36,118.90,96.38,,,,,,,未采集,SRC-PROVINCE-DEBT-NINGXIA-2024,A1,extracted,true,已从省级财政厅官方地级行政单元债务明细表提取；经济财政字段与债务字段的来源状态分开记录。
CN-640500,640500,中卫市,64,宁夏回族自治区,地级市,core,2024,2024-12-31,prefecture_whole,official_debt,,,,,,,104.04,97.17,25.49,21.75,129.53,118.93,91.82,,,,,,,未采集,SRC-PROVINCE-DEBT-NINGXIA-2024,A1,extracted,true,已从省级财政厅官方地级行政单元债务明细表提取；经济财政字段与债务字段的来源状态分开记录。
CN-650100,650100,乌鲁木齐市,65,新疆维吾尔自治区,地级市,core,2024,2024-12-31,prefecture_whole,official_debt,,,,,,,535.01,494.60,1631.69,1588.90,2166.70,2083.50,96.16,,,,,,,未采集,SRC-PROVINCE-DEBT-XINJIANG-2024,A1,extracted,true,已从省级财政厅官方地级行政单元债务明细表提取；经济财政字段与债务字段的来源状态分开记录。
CN-650200,650200,克拉玛依市,65,新疆维吾尔自治区,地级市,core,2024,2024-12-31,prefecture_whole,official_debt,,,,,,,173.27,152.32,121.61,117.93,294.88,270.25,91.65,,,,,,,未采集,SRC-PROVINCE-DEBT-XINJIANG-2024,A1,extracted,true,已从省级财政厅官方地级行政单元债务明细表提取；经济财政字段与债务字段的来源状态分开记录。
CN-650400,650400,吐鲁番市,65,新疆维吾尔自治区,地级市,core,2024,2024-12-31,prefecture_whole,official_debt,,,,,,,91.73,85.84,196.35,195.81,288.08,281.65,97.77,,,,,,,未采集,SRC-PROVINCE-DEBT-XINJIANG-2024,A1,extracted,true,已从省级财政厅官方地级行政单元债务明细表提取；经济财政字段与债务字段的来源状态分开记录。
CN-650500,650500,哈密市,65,新疆维吾尔自治区,地级市,core,2024,2024-12-31,prefecture_whole,official_debt,,,,,,,161.11,141.54,214.48,213.08,375.59,354.62,94.42,,,,,,,未采集,SRC-PROVINCE-DEBT-XINJIANG-2024,A1,extracted,true,已从省级财政厅官方地级行政单元债务明细表提取；经济财政字段与债务字段的来源状态分开记录。
CN-652300,652300,昌吉回族自治州,65,新疆维吾尔自治区,自治州,extended,2024,2024-12-31,prefecture_whole,official_debt,,,,,,,297.25,280.27,531.12,523.92,828.37,804.19,97.08,,,,,,,未采集,SRC-PROVINCE-DEBT-XINJIANG-2024,A1,extracted,true,已从省级财政厅官方地级行政单元债务明细表提取；经济财政字段与债务字段的来源状态分开记录。
CN-652700,652700,博尔塔拉蒙古自治州,65,新疆维吾尔自治区,自治州,extended,2024,2024-12-31,prefecture_whole,official_debt,,,,,,,152.38,141.42,253.43,252.96,405.81,394.38,97.18,,,,,,,未采集,SRC-PROVINCE-DEBT-XINJIANG-2024,A1,extracted,true,已从省级财政厅官方地级行政单元债务明细表提取；经济财政字段与债务字段的来源状态分开记录。
CN-652800,652800,巴音郭楞蒙古自治州,65,新疆维吾尔自治区,自治州,extended,2024,2024-12-31,prefecture_whole,official_debt,,,,,,,239.80,228.67,488.50,484.31,728.30,712.98,97.90,,,,,,,未采集,SRC-PROVINCE-DEBT-XINJIANG-2024,A1,extracted,true,已从省级财政厅官方地级行政单元债务明细表提取；经济财政字段与债务字段的来源状态分开记录。
CN-652900,652900,阿克苏地区,65,新疆维吾尔自治区,地区,extended,2024,2024-12-31,prefecture_whole,official_debt,,,,,,,277.32,257.18,531.43,529.01,808.75,786.19,97.21,,,,,,,未采集,SRC-PROVINCE-DEBT-XINJIANG-2024,A1,extracted,true,已从省级财政厅官方地级行政单元债务明细表提取；经济财政字段与债务字段的来源状态分开记录。
CN-653000,653000,克孜勒苏柯尔克孜自治州,65,新疆维吾尔自治区,自治州,extended,2024,2024-12-31,prefecture_whole,official_debt,,,,,,,163.33,155.03,127.40,127.40,290.73,282.43,97.15,,,,,,,未采集,SRC-PROVINCE-DEBT-XINJIANG-2024,A1,extracted,true,已从省级财政厅官方地级行政单元债务明细表提取；经济财政字段与债务字段的来源状态分开记录。
CN-653100,653100,喀什地区,65,新疆维吾尔自治区,地区,extended,2024,2024-12-31,prefecture_whole,official_debt,,,,,,,329.04,315.36,651.84,651.14,980.88,966.50,98.53,,,,,,,未采集,SRC-PROVINCE-DEBT-XINJIANG-2024,A1,extracted,true,已从省级财政厅官方地级行政单元债务明细表提取；经济财政字段与债务字段的来源状态分开记录。
CN-653200,653200,和田地区,65,新疆维吾尔自治区,地区,extended,2024,2024-12-31,prefecture_whole,official_debt,,,,,,,299.10,288.52,376.53,376.24,675.63,664.76,98.39,,,,,,,未采集,SRC-PROVINCE-DEBT-XINJIANG-2024,A1,extracted,true,已从省级财政厅官方地级行政单元债务明细表提取；经济财政字段与债务字段的来源状态分开记录。
CN-654000,654000,伊犁哈萨克自治州,65,新疆维吾尔自治区,自治州,extended,2024,2024-12-31,prefecture_whole,official_debt,,,,,,,327.29,315.87,685.34,675.19,1012.63,991.06,97.87,,,,,,,未采集,SRC-PROVINCE-DEBT-XINJIANG-2024,A1,extracted,true,已从省级财政厅官方地级行政单元债务明细表提取；经济财政字段与债务字段的来源状态分开记录。
CN-654200,654200,塔城地区,65,新疆维吾尔自治区,地区,extended,2024,2024-12-31,prefecture_whole,official_debt,,,,,,,193.93,181.00,298.41,294.67,492.34,475.67,96.61,,,,,,,未采集,SRC-PROVINCE-DEBT-XINJIANG-2024,A1,extracted,true,已从省级财政厅官方地级行政单元债务明细表提取；经济财政字段与债务字段的来源状态分开记录。
CN-654300,654300,阿勒泰地区,65,新疆维吾尔自治区,地区,extended,2024,2024-12-31,prefecture_whole,official_debt,,,,,,,192.61,182.97,282.32,281.90,474.93,464.87,97.88,,,,,,,未采集,SRC-PROVINCE-DEBT-XINJIANG-2024,A1,extracted,true,已从省级财政厅官方地级行政单元债务明细表提取；经济财政字段与债务字段的来源状态分开记录。
CN-659000,659000,自治区直辖县级行政区划,65,新疆维吾尔自治区,地级市,core,2024,2024-12-31,prefecture_whole,official_debt,,,,,,,,712.00,,766.00,,1478.00,,,,,,,,未采集,SRC-OFFICIAL-DEBT-XINJIANG-BINGTUAN-2024,A1,extracted,true,已从省级财政厅官方地级行政单元债务明细表提取；经济财政字段与债务字段的来源状态分开记录。
CN-110000,110000,北京市,11,北京市,直辖市,separate,2025,2025-12-31,prefecture_whole,execution,,,,6680.60,8401.90,2193.90,3181.20,2927.78,11849.10,11006.45,15030.30,13934.23,92.71,,208.58,208.58,79.51,24.72,32.84,城市财政局官方预算执行报告（全市口径）,SRC-PROVINCE-DEBT-BEIJING-2025;SRC-A2-BEIJING-CITY-FISCAL-2025,A2,extracted,true,已从省级财政厅官方地级行政单元债务明细表提取；经济财政字段与债务字段的来源状态分开记录。；已接入2025年北京市官方预算执行报告；财政三项字段为全市快报数，保留execution状态，不改写为最终决算。
CN-120000,120000,天津市,12,天津市,直辖市,separate,2025,2025-12-31,prefecture_whole,execution,,,,2221.70,3359.70,605.50,,,,,,15099.40,,,679.63,679.63,66.13,21.42,27.25,城市财政局官方预算执行报告（全市口径）,SRC-CITY-DEBT-TIANJIN-2025;SRC-A2-TIANJIN-CITY-FISCAL-2025,A2,extracted,true,已从省级财政厅官方地级行政单元债务明细表提取；经济财政字段与债务字段的来源状态分开记录。；已接入2025年天津市官方预算执行报告；财政三项字段为全市快报数，保留execution状态，不改写为最终决算。
CN-130100,130100,石家庄市,13,河北省,地级市,core,2025,2025-12-31,prefecture_whole,execution,8651.70,6.00,1124.69,758.80,1320.70,372.65,,,,,,2798.25,,32.34,368.77,368.77,57.45,32.94,49.11,城市财政局官方预算执行报告（全市口径）,SRC-HEBEI-CITY-STATISTICAL-SHIJIAZHUANG-2025;SRC-SECONDARY-DEBT-HEBEI-SHIJIAZHUANG-2025;SRC-A1-SHIJIAZHUANG-CITY-FUND-2025,A1,extracted,true,已接入评级报告或其他二手公开来源的债务补缺值；不等同于官方决算数据，必须回到财政/人大预算决算或官方债务表复核。；已接入2025年石家庄市官方预算执行报告；财政三项字段为全市快报数，保留execution状态，不改写为最终决算。
CN-130200,130200,唐山市,13,河北省,地级市,core,2025,2025-12-31,prefecture_whole,secondary_debt,,,,,,,,1099.52,,2028.20,,3127.72,,,,,,,,未采集,SRC-SECONDARY-DEBT-HEBEI-TANGSHAN-2025,B2,needs_review,true,已接入评级报告或其他二手公开来源的债务补缺值；不等同于官方决算数据，必须回到财政/人大预算决算或官方债务表复核。
CN-130300,130300,秦皇岛市,13,河北省,地级市,core,2025,2025-12-31,prefecture_whole,secondary_debt,,,,,,,,,,,,1030.01,,,,,,,,未采集,SRC-SECONDARY-CEIC-CN-130300,D,needs_review,true,已接入商业数据库公开城市债务页的 provisional 补缺值；经济财政字段与债务字段来源状态分开记录，必须回到官方预算/决算或统计公报复核。
CN-130400,130400,邯郸市,13,河北省,地级市,core,2025,2025-12-31,prefecture_whole,secondary_debt,,,,,,,,,,,,1756.50,,,,,,,,未采集,SRC-SECONDARY-DEBT-HEBEI-HANDAN-2025,B2,needs_review,true,已接入评级报告或其他二手公开来源的债务补缺值；不等同于官方决算数据，必须回到财政/人大预算决算或官方债务表复核。
CN-130500,130500,邢台市,13,河北省,地级市,core,2025,2025-12-31,prefecture_whole,secondary_debt,,,,,,,,,,,,1409.08,,,,,,,,未采集,SRC-SECONDARY-DEBT-HEBEI-XINGTAI-2025,B2,needs_review,true,已接入评级报告或其他二手公开来源的债务补缺值；不等同于官方决算数据，必须回到财政/人大预算决算或官方债务表复核。
CN-130600,130600,保定市,13,河北省,地级市,core,2025,2025-12-31,prefecture_whole,official_debt,,,,,,,,401.75,,1880.63,,2282.38,,,,,,,,未采集,SRC-OFFICIAL-DEBT-HEBEI-BAODING-2025,A1,extracted,true,已从省级财政厅官方地级行政单元债务明细表提取；经济财政字段与债务字段的来源状态分开记录。
CN-130700,130700,张家口市,13,河北省,地级市,core,2025,2025-12-31,prefecture_whole,secondary_debt,,,,,,,,,,,,1895.29,,,,,,,,未采集,SRC-SECONDARY-DEBT-HEBEI-ZHANGJIAKOU-2025,B2,needs_review,true,已接入评级报告或其他二手公开来源的债务补缺值；不等同于官方决算数据，必须回到财政/人大预算决算或官方债务表复核。
CN-130800,130800,承德市,13,河北省,地级市,core,2025,2025-12-31,prefecture_whole,secondary_debt,,,,,,,,,,,,1020.18,,,,,,,,未采集,SRC-SECONDARY-CEIC-CN-130800,D,needs_review,true,已接入商业数据库公开城市债务页的 provisional 补缺值；经济财政字段与债务字段来源状态分开记录，必须回到官方预算/决算或统计公报复核。
CN-130900,130900,沧州市,13,河北省,地级市,core,2025,2025-12-31,prefecture_whole,secondary_debt,,,,,,,,,,,,1564.40,,,,,,,,未采集,SRC-SECONDARY-CEIC-CN-130900,D,needs_review,true,已接入商业数据库公开城市债务页的 provisional 补缺值；经济财政字段与债务字段来源状态分开记录，必须回到官方预算/决算或统计公报复核。
CN-131000,131000,廊坊市,13,河北省,地级市,core,2025,2025-12-31,prefecture_whole,official_debt,,,,,,,263.68,249.61,1227.93,1210.44,1491.61,1460.05,97.88,,,,,,,未采集,SRC-OFFICIAL-DEBT-HEBEI-LANGFANG-2025,A2,extracted,true,已从省级财政厅官方地级行政单元债务明细表提取；经济财政字段与债务字段的来源状态分开记录。
CN-131100,131100,衡水市,13,河北省,地级市,core,2025,2025-12-31,prefecture_whole,secondary_debt,,,,,,,,,,,,836.63,,,,,,,,未采集,SRC-SECONDARY-CEIC-CN-131100,D,needs_review,true,已接入商业数据库公开城市债务页的 provisional 补缺值；经济财政字段与债务字段来源状态分开记录，必须回到官方预算/决算或统计公报复核。
CN-133100,133100,雄安新区,13,河北省,地级市,core,2025,2025-12-31,prefecture_whole,official_debt,,,,,,,1201.51,1197.05,1728.16,1728.06,2929.67,2925.11,99.84,,,,,,,未采集,SRC-OFFICIAL-DEBT-HEBEI-XIONGAN-2025,A2,extracted,true,已从省级财政厅官方地级行政单元债务明细表提取；经济财政字段与债务字段的来源状态分开记录。
CN-140100,140100,太原市,14,山西省,地级市,core,2025,2025-12-31,prefecture_whole,secondary_debt,5382.45,1.30,,443.07,709.86,,,,,,,1791.69,,33.29,404.38,404.38,62.42,,,官方城市预算执行报告（全市口径）,SRC-B2-SHANXI-CITY-STATISTICAL-TAIYUAN-2025;SRC-SECONDARY-CEIC-CN-140100,D,needs_review,true,已接入商业数据库公开城市债务页的 provisional 补缺值；经济财政字段与债务字段来源状态分开记录，必须回到官方预算/决算或统计公报复核。
CN-140200,140200,大同市,14,山西省,地级市,core,2025,2025-12-31,prefecture_whole,official_debt,,,,,,44.74,334.15,328.32,421.67,419.58,755.82,747.90,98.95,,,,,,,城市预算执行报告（全市口径，B2精确来源）,SRC-OFFICIAL-DEBT-SHANXI-DATONG-2025;SRC-B2-DATONG-CITY-FUND-2025,B2,needs_review,true,已从省级财政厅官方地级行政单元债务明细表提取；经济财政字段与债务字段的来源状态分开记录。；已接入2025年大同市全市政府性基金预算收入精确披露；来源等级为B2，保留执行状态，不改写为最终决算。
CN-140300,140300,阳泉市,14,山西省,地级市,core,2025,2025-12-31,prefecture_whole,official_debt,,,,,,,,,,,,405.10,,,,,,,,未采集,SRC-CITY-DEBT-SHANXI-YANGQUAN-2025,A2,extracted,true,已从省级财政厅官方地级行政单元债务明细表提取；经济财政字段与债务字段的来源状态分开记录。
CN-140400,140400,长治市,14,山西省,地级市,core,2025,2025-12-31,prefecture_whole,official_debt,,,,,,,231.39,231.39,334.50,334.50,565.89,565.89,100.00,,,,,,,未采集,SRC-CITY-DEBT-SHANXI-CHANGZHI-2025,A1,extracted,true,已从省级财政厅官方地级行政单元债务明细表提取；经济财政字段与债务字段的来源状态分开记录。
CN-140500,140500,晋城市,14,山西省,地级市,core,2025,2025-12-31,prefecture_whole,execution,,,,230.58,392.05,40.64,,,,,,502.83,,,218.07,218.07,58.81,14.98,17.63,城市财政局官方预算执行报告（全市口径）,SRC-OFFICIAL-DEBT-SHANXI-JINCHENG-2025;SRC-A2-JINCHENG-CITY-FISCAL-2025,A2,extracted,true,已从省级财政厅官方地级行政单元债务明细表提取；经济财政字段与债务字段的来源状态分开记录。；已接入2025年晋城市官方预算执行报告；财政三项字段为全市快报数，保留execution状态，不改写为最终决算。
CN-140600,140600,朔州市,14,山西省,地级市,core,2025,2025-12-31,prefecture_whole,official_debt,,,,,,,,,,,,354.58,,,,,,,,未采集,SRC-OFFICIAL-DEBT-SHANXI-SHUOZHOU-2025,A2,extracted,true,已从省级财政厅官方地级行政单元债务明细表提取；经济财政字段与债务字段的来源状态分开记录。
CN-140700,140700,晋中市,14,山西省,地级市,core,2025,2025-12-31,prefecture_whole,secondary_debt,,,,,,,,,,,,716.80,,,,,,,,未采集,SRC-SECONDARY-DEBT-SHANXI-JINZHONG-2025,B2,needs_review,true,已接入评级报告或其他二手公开来源的债务补缺值；不等同于官方决算数据，必须回到财政/人大预算决算或官方债务表复核。
CN-140800,140800,运城市,14,山西省,地级市,core,2025,2025-12-31,prefecture_whole,official_debt,,,,,,,,,,,,614.96,,,,,,,,未采集,SRC-CITY-DEBT-SHANXI-YUNCHENG-2025,A2,extracted,true,已从省级财政厅官方地级行政单元债务明细表提取；经济财政字段与债务字段的来源状态分开记录。
CN-140900,140900,忻州市,14,山西省,地级市,core,2025,2025-12-31,prefecture_whole,official_debt,,,,,,,,,,,,631.97,,,,,,,,未采集,SRC-OFFICIAL-DEBT-SHANXI-XINZHOU-2025,A2,extracted,true,已从省级财政厅官方地级行政单元债务明细表提取；经济财政字段与债务字段的来源状态分开记录。
CN-141000,141000,临汾市,14,山西省,地级市,core,2025,2025-12-31,prefecture_whole,official_debt,,,,,,,,357.90,,414.40,,772.30,,,,,,,,未采集,SRC-OFFICIAL-DEBT-SHANXI-LINFEN-2025,A2,extracted,true,已从省级财政厅官方地级行政单元债务明细表提取；经济财政字段与债务字段的来源状态分开记录。
CN-141100,141100,吕梁市,14,山西省,地级市,core,2025,2025-12-31,prefecture_whole,execution,,,,278.26,585.48,21.62,290.97,290.97,351.04,351.04,642.01,642.01,100.00,,230.72,230.72,47.53,7.21,7.77,城市预算执行报告（全市口径，B2精确来源）,SRC-OFFICIAL-DEBT-SHANXI-LVLIANG-2025;SRC-A2-LVLIANG-CITY-FISCAL-2025;SRC-B2-LVLIANG-CITY-FUND-2025,B2,needs_review,true,已从省级财政厅官方地级行政单元债务明细表提取；经济财政字段与债务字段的来源状态分开记录。；已接入2025年吕梁市官方预算执行报告；财政三项字段为全市快报数，保留execution状态，不改写为最终决算。；已接入2025年吕梁市全市政府性基金预算收入精确披露；来源等级为B2，保留执行状态，不改写为最终决算。
CN-150100,150100,呼和浩特市,15,内蒙古自治区,地级市,core,2025,2025-12-31,prefecture_whole,official_debt,,,,,,75.78,,952.79,,841.82,,1794.61,,,,,,,,城市预算执行报告（全市口径，B2精确来源）,SRC-OFFICIAL-DEBT-INNER-MONGOLIA-HOHHOT-2025;SRC-B2-HOHHOT-CITY-FUND-2025,B2,needs_review,true,已从省级财政厅官方地级行政单元债务明细表提取；经济财政字段与债务字段的来源状态分开记录。；已接入2025年呼和浩特市全市政府性基金预算收入精确披露；来源等级为B2，保留执行状态，不改写为最终决算。
CN-150200,150200,包头市,15,内蒙古自治区,地级市,core,2025,2025-12-31,prefecture_whole,secondary_debt,,,,,,,,,,,,1158.20,,,,,,,,未采集,SRC-SECONDARY-DEBT-INNER-MONGOLIA-2025-TOTALS,B2,needs_review,true,已接入评级报告或其他二手公开来源的债务补缺值；不等同于官方决算数据，必须回到财政/人大预算决算或官方债务表复核。
CN-150300,150300,乌海市,15,内蒙古自治区,地级市,core,2025,2025-12-31,prefecture_whole,official_debt,540.75,-1.40,,86.06,132.40,,217.00,215.27,161.00,138.64,378.00,353.91,93.63,65.45,411.24,411.24,65.00,,,未采集,SRC-B2-INNER-MONGOLIA-CITY-STATISTICAL-WUHAI-2025;SRC-OFFICIAL-DEBT-INNER-MONGOLIA-WUHAI-2025,A2,extracted,true,已从省级财政厅官方地级行政单元债务明细表提取；经济财政字段与债务字段的来源状态分开记录。
CN-150400,150400,赤峰市,15,内蒙古自治区,地级市,core,2025,2025-12-31,prefecture_whole,secondary_debt,,,,,,46.69,,,,,,1075.80,,,,,,,,城市预算执行报告（全市口径，B2精确来源）,SRC-SECONDARY-DEBT-INNER-MONGOLIA-CHIFENG-2025;SRC-B2-CHIFENG-CITY-FUND-2025,B2,needs_review,true,已接入评级报告或其他二手公开来源的债务补缺值；不等同于官方决算数据，必须回到财政/人大预算决算或官方债务表复核。；已接入2025年赤峰市全市政府性基金预算收入精确披露；来源等级为B2，保留执行状态，不改写为最终决算。
CN-150500,150500,通辽市,15,内蒙古自治区,地级市,core,2025,2025-12-31,prefecture_whole,official_debt,,,,,,,590.02,577.85,364.84,311.75,954.86,889.60,93.17,,,,,,,未采集,SRC-OFFICIAL-DEBT-INNER-MONGOLIA-TONGLIAO-2025,A2,extracted,true,已从省级财政厅官方地级行政单元债务明细表提取；经济财政字段与债务字段的来源状态分开记录。
CN-150600,150600,鄂尔多斯市,15,内蒙古自治区,地级市,core,2025,2025-12-31,prefecture_whole,secondary_debt,,,,,,,,,,,,1823.50,,,,,,,,未采集,SRC-SECONDARY-DEBT-INNER-MONGOLIA-2025-TOTALS,B2,needs_review,true,已接入评级报告或其他二手公开来源的债务补缺值；不等同于官方决算数据，必须回到财政/人大预算决算或官方债务表复核。
CN-150700,150700,呼伦贝尔市,15,内蒙古自治区,地级市,core,2025,2025-12-31,prefecture_whole,secondary_debt,,,,,,,,,,,,630.80,,,,,,,,未采集,SRC-SECONDARY-DEBT-INNER-MONGOLIA-2025-TOTALS,B2,needs_review,true,已接入评级报告或其他二手公开来源的债务补缺值；不等同于官方决算数据，必须回到财政/人大预算决算或官方债务表复核。
CN-150800,150800,巴彦淖尔市,15,内蒙古自治区,地级市,core,2025,2025-12-31,prefecture_whole,official_debt,,,,,,,,,,,,736.92,,,,,,,,未采集,SRC-OFFICIAL-DEBT-INNER-MONGOLIA-BAYANNUR-2025,A2,extracted,true,已从省级财政厅官方地级行政单元债务明细表提取；经济财政字段与债务字段的来源状态分开记录。
CN-150900,150900,乌兰察布市,15,内蒙古自治区,地级市,core,2025,2025-12-31,prefecture_whole,secondary_debt,,,,,,,,,,,,835.90,,,,,,,,未采集,SRC-SECONDARY-DEBT-INNER-MONGOLIA-2025-TOTALS,B2,needs_review,true,已接入评级报告或其他二手公开来源的债务补缺值；不等同于官方决算数据，必须回到财政/人大预算决算或官方债务表复核。
CN-152200,152200,兴安盟,15,内蒙古自治区,盟,extended,2025,2025-12-31,prefecture_whole,official_debt,,,,,,,,308.71,,205.20,,513.90,,,,,,,,未采集,SRC-OFFICIAL-DEBT-INNER-MONGOLIA-XINGAN-2025,A2,extracted,true,已从省级财政厅官方地级行政单元债务明细表提取；经济财政字段与债务字段的来源状态分开记录。
CN-152500,152500,锡林郭勒盟,15,内蒙古自治区,盟,extended,2025,2025-12-31,prefecture_whole,preliminary,,,,,,,71.37,70.17,51.26,50.52,122.63,120.69,98.42,,,,,,,未采集,SRC-OFFICIAL-DEBT-INNER-MONGOLIA-XILINGOL-2025,A1,extracted,true,已从省级财政厅官方地级行政单元债务明细表提取；经济财政字段与债务字段的来源状态分开记录。
CN-152900,152900,阿拉善盟,15,内蒙古自治区,盟,extended,2025,2025-12-31,prefecture_whole,secondary_debt,,,,,,,,,,,,280.40,,,,,,,,未采集,SRC-SECONDARY-DEBT-INNER-MONGOLIA-2025-TOTALS,B2,needs_review,true,已接入评级报告或其他二手公开来源的债务补缺值；不等同于官方决算数据，必须回到财政/人大预算决算或官方债务表复核。
CN-210100,210100,沈阳市,21,辽宁省,地级市,core,2025,2025-12-31,prefecture_whole,official_debt,,,,794.20,1031.90,,1124.80,1107.80,1577.90,1577.00,2702.70,2684.80,99.34,,338.05,338.05,76.96,,,官方城市预算执行报告（全市口径）,SRC-B2-LIAONING-SHENYANG-FISCAL-2025;SRC-PROVINCE-DEBT-LIAONING-2025,A1,extracted,true,已从省级财政厅官方地级行政单元债务明细表提取；经济财政字段与债务字段的来源状态分开记录。
CN-210200,210200,大连市,21,辽宁省,地级市,core,2025,2025-12-31,prefecture_whole,official_debt,,,,,,,1711.20,1680.90,2005.70,1880.30,3716.90,3561.20,95.81,,,,,,,未采集,SRC-PROVINCE-DEBT-LIAONING-2025,A1,extracted,true,已从省级财政厅官方地级行政单元债务明细表提取；经济财政字段与债务字段的来源状态分开记录。
CN-210300,210300,鞍山市,21,辽宁省,地级市,core,2025,2025-12-31,prefecture_whole,official_debt,,,,,,,537.10,523.40,579.50,574.30,1116.60,1097.70,98.31,,,,,,,未采集,SRC-PROVINCE-DEBT-LIAONING-2025,A1,extracted,true,已从省级财政厅官方地级行政单元债务明细表提取；经济财政字段与债务字段的来源状态分开记录。
CN-210400,210400,抚顺市,21,辽宁省,地级市,core,2025,2025-12-31,prefecture_whole,official_debt,,,,,,,248.50,239.80,111.50,111.30,360.00,351.10,97.53,,,,,,,未采集,SRC-PROVINCE-DEBT-LIAONING-2025,A1,extracted,true,已从省级财政厅官方地级行政单元债务明细表提取；经济财政字段与债务字段的来源状态分开记录。
CN-210500,210500,本溪市,21,辽宁省,地级市,core,2025,2025-12-31,prefecture_whole,official_debt,,,,,,,247.10,239.10,211.90,210.90,459.00,450.00,98.04,,,,,,,未采集,SRC-PROVINCE-DEBT-LIAONING-2025,A1,extracted,true,已从省级财政厅官方地级行政单元债务明细表提取；经济财政字段与债务字段的来源状态分开记录。
CN-210600,210600,丹东市,21,辽宁省,地级市,core,2025,2025-12-31,prefecture_whole,official_debt,,,,,,,308.60,300.90,151.00,150.90,459.60,451.80,98.30,,,,,,,未采集,SRC-PROVINCE-DEBT-LIAONING-2025,A1,extracted,true,已从省级财政厅官方地级行政单元债务明细表提取；经济财政字段与债务字段的来源状态分开记录。
CN-210700,210700,锦州市,21,辽宁省,地级市,core,2025,2025-12-31,prefecture_whole,official_debt,,,,,,,449.10,438.50,191.60,191.50,640.70,630.00,98.33,,,,,,,未采集,SRC-PROVINCE-DEBT-LIAONING-2025,A1,extracted,true,已从省级财政厅官方地级行政单元债务明细表提取；经济财政字段与债务字段的来源状态分开记录。
CN-210800,210800,营口市,21,辽宁省,地级市,core,2025,2025-12-31,prefecture_whole,official_debt,1570.20,4.00,,146.00,253.60,,942.30,918.90,516.90,515.50,1459.20,1434.40,98.30,91.35,982.47,982.47,57.57,,,官方城市预算执行报告（全市口径）,SRC-LIAONING-CITY-STATISTICAL-YINGKOU-2025;SRC-PROVINCE-DEBT-LIAONING-2025,A1,extracted,true,已从省级财政厅官方地级行政单元债务明细表提取；经济财政字段与债务字段的来源状态分开记录。
CN-210900,210900,阜新市,21,辽宁省,地级市,core,2025,2025-12-31,prefecture_whole,official_debt,,,,,,,156.90,154.20,139.20,138.80,296.10,293.00,98.95,,,,,,,未采集,SRC-PROVINCE-DEBT-LIAONING-2025,A1,extracted,true,已从省级财政厅官方地级行政单元债务明细表提取；经济财政字段与债务字段的来源状态分开记录。
CN-211000,211000,辽阳市,21,辽宁省,地级市,core,2025,2025-12-31,prefecture_whole,official_debt,,,,,,,283.70,276.70,251.10,250.80,534.80,527.50,98.64,,,,,,,未采集,SRC-PROVINCE-DEBT-LIAONING-2025,A1,extracted,true,已从省级财政厅官方地级行政单元债务明细表提取；经济财政字段与债务字段的来源状态分开记录。
CN-211100,211100,盘锦市,21,辽宁省,地级市,core,2025,2025-12-31,prefecture_whole,official_debt,,,,,,,817.30,798.60,454.60,453.40,1271.90,1252.00,98.44,,,,,,,未采集,SRC-PROVINCE-DEBT-LIAONING-2025,A1,extracted,true,已从省级财政厅官方地级行政单元债务明细表提取；经济财政字段与债务字段的来源状态分开记录。
CN-211200,211200,铁岭市,21,辽宁省,地级市,core,2025,2025-12-31,prefecture_whole,official_debt,,,,,,,212.20,208.00,336.40,334.30,548.60,542.30,98.85,,,,,,,未采集,SRC-PROVINCE-DEBT-LIAONING-2025,A1,extracted,true,已从省级财政厅官方地级行政单元债务明细表提取；经济财政字段与债务字段的来源状态分开记录。
CN-211300,211300,朝阳市,21,辽宁省,地级市,core,2025,2025-12-31,prefecture_whole,official_debt,,,,,,,167.10,162.40,263.70,262.60,430.75,425.04,98.67,,,,,,,未采集,SRC-PROVINCE-DEBT-LIAONING-2025,A1,extracted,true,已从省级财政厅官方地级行政单元债务明细表提取；经济财政字段与债务字段的来源状态分开记录。
CN-211400,211400,葫芦岛市,21,辽宁省,地级市,core,2025,2025-12-31,prefecture_whole,official_debt,,,,,,,406.10,396.70,199.90,199.20,606.00,595.90,98.33,,,,,,,未采集,SRC-PROVINCE-DEBT-LIAONING-2025,A1,extracted,true,已从省级财政厅官方地级行政单元债务明细表提取；经济财政字段与债务字段的来源状态分开记录。
CN-220100,220100,长春市,22,吉林省,地级市,core,2025,2025-12-31,prefecture_whole,secondary_debt,,,,,,,976.90,956.20,2534.40,2525.70,3511.40,3481.90,99.16,,,,,,,未采集,SRC-SECONDARY-DEBT-JILIN-CHANGCHUN-2025,B2,needs_review,true,已接入评级报告或其他二手公开来源的债务补缺值；不等同于官方决算数据，必须回到财政/人大预算决算或官方债务表复核。
CN-220200,220200,吉林市,22,吉林省,地级市,core,2025,2025-12-31,prefecture_whole,secondary_debt,,,,,,,519.90,517.20,715.70,714.90,1235.60,1232.10,99.72,,,,,,,未采集,SRC-SECONDARY-DEBT-JILIN-JILIN-2025,B2,needs_review,true,已接入评级报告或其他二手公开来源的债务补缺值；不等同于官方决算数据，必须回到财政/人大预算决算或官方债务表复核。
CN-220300,220300,四平市,22,吉林省,地级市,core,2025,2025-12-31,prefecture_whole,official_debt,,,,,,,111.00,109.90,121.00,121.00,232.10,230.90,99.48,,,,,,,未采集,SRC-PROVINCE-DEBT-JILIN-2025,A1,extracted,true,已从省级财政厅官方地级行政单元债务明细表提取；经济财政字段与债务字段的来源状态分开记录。
CN-220400,220400,辽源市,22,吉林省,地级市,core,2025,2025-12-31,prefecture_whole,official_debt,,,,,,,114.00,112.70,168.70,168.20,282.60,280.90,99.40,,,,,,,未采集,SRC-PROVINCE-DEBT-JILIN-2025,A1,extracted,true,已从省级财政厅官方地级行政单元债务明细表提取；经济财政字段与债务字段的来源状态分开记录。
CN-220500,220500,通化市,22,吉林省,地级市,core,2025,2025-12-31,prefecture_whole,official_debt,,,,,,,113.80,113.20,185.90,185.20,299.70,298.40,99.57,,,,,,,未采集,SRC-PROVINCE-DEBT-JILIN-2025,A1,extracted,true,已从省级财政厅官方地级行政单元债务明细表提取；经济财政字段与债务字段的来源状态分开记录。
CN-220600,220600,白山市,22,吉林省,地级市,core,2025,2025-12-31,prefecture_whole,official_debt,,,,,,,139.90,138.00,100.60,100.50,240.50,238.50,99.17,,,,,,,未采集,SRC-PROVINCE-DEBT-JILIN-2025,A1,extracted,true,已从省级财政厅官方地级行政单元债务明细表提取；经济财政字段与债务字段的来源状态分开记录。
CN-220700,220700,松原市,22,吉林省,地级市,core,2025,2025-12-31,prefecture_whole,official_debt,,,,,,,138.00,135.80,198.40,198.10,336.30,334.00,99.32,,,,,,,未采集,SRC-PROVINCE-DEBT-JILIN-2025,A1,extracted,true,已从省级财政厅官方地级行政单元债务明细表提取；经济财政字段与债务字段的来源状态分开记录。
CN-220800,220800,白城市,22,吉林省,地级市,core,2025,2025-12-31,prefecture_whole,official_debt,,,,,,,115.10,113.10,53.40,53.20,168.50,166.30,98.69,,,,,,,未采集,SRC-PROVINCE-DEBT-JILIN-2025,A1,extracted,true,已从省级财政厅官方地级行政单元债务明细表提取；经济财政字段与债务字段的来源状态分开记录。
CN-222400,222400,延边朝鲜族自治州,22,吉林省,自治州,extended,2025,2025-12-31,prefecture_whole,official_debt,,,,,,,421.40,416.90,516.50,515.50,937.90,932.40,99.41,,,,,,,未采集,SRC-PROVINCE-DEBT-JILIN-2025,A1,extracted,true,已从省级财政厅官方地级行政单元债务明细表提取；经济财政字段与债务字段的来源状态分开记录。
CN-230100,230100,哈尔滨市,23,黑龙江省,地级市,core,2025,2025-12-31,prefecture_whole,official_debt,6188.50,4.60,988.70,368.30,1245.20,,1943.17,1920.46,1881.79,1863.84,3824.96,3784.29,98.94,61.15,1027.50,1027.50,29.58,,,官方城市预算执行报告（全市口径）,SRC-B2-HEILONGJIANG-CITY-STATISTICAL-HARBIN-2025;SRC-PROVINCE-DEBT-HEILONGJIANG-2025,A1,extracted,true,已从省级财政厅官方地级行政单元债务明细表提取；经济财政字段与债务字段的来源状态分开记录。
CN-230200,230200,齐齐哈尔市,23,黑龙江省,地级市,core,2025,2025-12-31,prefecture_whole,official_debt,,,,,,,413.38,409.78,313.41,313.23,726.79,723.02,99.48,,,,,,,未采集,SRC-PROVINCE-DEBT-HEILONGJIANG-2025,A1,extracted,true,已从省级财政厅官方地级行政单元债务明细表提取；经济财政字段与债务字段的来源状态分开记录。
CN-230300,230300,鸡西市,23,黑龙江省,地级市,core,2025,2025-12-31,prefecture_whole,official_debt,,,,,,,219.45,217.21,184.26,183.58,403.71,400.79,99.28,,,,,,,未采集,SRC-PROVINCE-DEBT-HEILONGJIANG-2025,A1,extracted,true,已从省级财政厅官方地级行政单元债务明细表提取；经济财政字段与债务字段的来源状态分开记录。
CN-230400,230400,鹤岗市,23,黑龙江省,地级市,core,2025,2025-12-31,prefecture_whole,official_debt,,,,,,,163.50,162.08,113.72,112.11,277.22,274.19,98.91,,,,,,,未采集,SRC-PROVINCE-DEBT-HEILONGJIANG-2025,A1,extracted,true,已从省级财政厅官方地级行政单元债务明细表提取；经济财政字段与债务字段的来源状态分开记录。
CN-230500,230500,双鸭山市,23,黑龙江省,地级市,core,2025,2025-12-31,prefecture_whole,official_debt,,,,,,,272.78,269.84,252.41,252.32,525.18,522.16,99.42,,,,,,,未采集,SRC-PROVINCE-DEBT-HEILONGJIANG-2025,A1,extracted,true,已从省级财政厅官方地级行政单元债务明细表提取；经济财政字段与债务字段的来源状态分开记录。
CN-230600,230600,大庆市,23,黑龙江省,地级市,core,2025,2025-12-31,prefecture_whole,official_debt,,,,,,,289.89,286.08,452.30,451.77,742.19,737.85,99.42,,,,,,,未采集,SRC-PROVINCE-DEBT-HEILONGJIANG-2025,A1,extracted,true,已从省级财政厅官方地级行政单元债务明细表提取；经济财政字段与债务字段的来源状态分开记录。
CN-230700,230700,伊春市,23,黑龙江省,地级市,core,2025,2025-12-31,prefecture_whole,official_debt,,,,,,,210.78,209.56,67.48,65.69,278.26,275.25,98.92,,,,,,,未采集,SRC-PROVINCE-DEBT-HEILONGJIANG-2025,A1,extracted,true,已从省级财政厅官方地级行政单元债务明细表提取；经济财政字段与债务字段的来源状态分开记录。
CN-230800,230800,佳木斯市,23,黑龙江省,地级市,core,2025,2025-12-31,prefecture_whole,official_debt,1052.30,4.70,,83.50,408.20,,444.88,440.20,275.33,275.00,720.20,715.20,99.31,67.97,856.53,856.53,20.46,,,官方城市预算执行报告（全市口径）,SRC-B2-HEILONGJIANG-CITY-STATISTICAL-JIAMUSI-2025;SRC-PROVINCE-DEBT-HEILONGJIANG-2025,A1,extracted,true,已从省级财政厅官方地级行政单元债务明细表提取；经济财政字段与债务字段的来源状态分开记录。
CN-230900,230900,七台河市,23,黑龙江省,地级市,core,2025,2025-12-31,prefecture_whole,official_debt,,,,,,,166.20,164.49,148.88,148.67,315.07,313.17,99.40,,,,,,,未采集,SRC-PROVINCE-DEBT-HEILONGJIANG-2025,A1,extracted,true,已从省级财政厅官方地级行政单元债务明细表提取；经济财政字段与债务字段的来源状态分开记录。
CN-231000,231000,牡丹江市,23,黑龙江省,地级市,core,2025,2025-12-31,prefecture_whole,official_debt,,,,,,,472.82,465.17,358.68,356.54,831.51,821.71,98.82,,,,,,,未采集,SRC-PROVINCE-DEBT-HEILONGJIANG-2025,A1,extracted,true,已从省级财政厅官方地级行政单元债务明细表提取；经济财政字段与债务字段的来源状态分开记录。
CN-231100,231100,黑河市,23,黑龙江省,地级市,core,2025,2025-12-31,prefecture_whole,official_debt,,,,,,,172.07,170.66,106.75,106.69,278.82,277.34,99.47,,,,,,,未采集,SRC-PROVINCE-DEBT-HEILONGJIANG-2025,A1,extracted,true,已从省级财政厅官方地级行政单元债务明细表提取；经济财政字段与债务字段的来源状态分开记录。
CN-231200,231200,绥化市,23,黑龙江省,地级市,core,2025,2025-12-31,prefecture_whole,official_debt,,,,,,,457.19,452.49,277.97,276.31,735.16,728.80,99.13,,,,,,,未采集,SRC-PROVINCE-DEBT-HEILONGJIANG-2025,A1,extracted,true,已从省级财政厅官方地级行政单元债务明细表提取；经济财政字段与债务字段的来源状态分开记录。
CN-232700,232700,大兴安岭地区,23,黑龙江省,地区,extended,2025,2025-12-31,prefecture_whole,official_debt,,,,,,,46.56,46.10,12.70,12.42,59.26,58.52,98.75,,,,,,,未采集,SRC-PROVINCE-DEBT-HEILONGJIANG-2025,A1,extracted,true,已从省级财政厅官方地级行政单元债务明细表提取；经济财政字段与债务字段的来源状态分开记录。
CN-310000,310000,上海市,31,上海市,直辖市,separate,2025,2025-12-31,prefecture_whole,execution,,,,8500.90,9976.00,3039.60,,,,,,10420.10,,,122.58,122.58,85.21,26.34,35.76,城市财政局官方预算执行报告（全市口径）,SRC-CITY-DEBT-SHANGHAI-2025;SRC-A2-SHANGHAI-CITY-FISCAL-2025,A2,extracted,true,已从省级财政厅官方地级行政单元债务明细表提取；经济财政字段与债务字段的来源状态分开记录。；已接入2025年上海市官方预算执行报告；财政三项字段为全市快报数，保留execution状态，不改写为最终决算。
CN-320100,320100,南京市,32,江苏省,地级市,core,2025,2025-12-31,prefecture_whole,official_debt,,,,,,,1283.83,1246.53,3293.93,3207.49,4577.76,4454.02,97.30,,,,,,,未采集,SRC-CITY-DEBT-JIANGSU-NANJING-2025,A1,extracted,true,已从省级财政厅官方地级行政单元债务明细表提取；经济财政字段与债务字段的来源状态分开记录。
CN-320200,320200,无锡市,32,江苏省,地级市,core,2025,2025-12-31,prefecture_whole,secondary_debt,,,,1225.39,1274.85,650.93,,646.06,,2671.49,,3317.55,,,270.73,270.73,96.12,34.69,53.12,官方城市预算执行报告（全市口径）,SRC-JIANGSU-CITY-FISCAL-WUXI-2025;SRC-SECONDARY-DEBT-JIANGSU-WUXI-2025,B2,needs_review,true,已接入评级报告或其他二手公开来源的债务补缺值；不等同于官方决算数据，必须回到财政/人大预算决算或官方债务表复核。
CN-320300,320300,徐州市,32,江苏省,地级市,core,2025,2025-12-31,prefecture_whole,secondary_debt,,,,575.33,1053.50,357.19,,,,,,2072.90,,,360.30,360.30,54.61,38.30,62.08,官方城市预算执行报告（全市口径）,SRC-B2-JIANGSU-XUZHOU-FISCAL-2025;SRC-SECONDARY-DEBT-JIANGSU-XUZHOU-2025,B2,needs_review,true,已接入评级报告或其他二手公开来源的债务补缺值；不等同于官方决算数据，必须回到财政/人大预算决算或官方债务表复核。
CN-320400,320400,常州市,32,江苏省,地级市,core,2025,2025-12-31,prefecture_whole,secondary_debt,,,,715.50,832.80,413.70,,,,,,3116.88,,,435.62,435.62,85.91,36.64,57.82,官方城市预算执行报告（全市口径）,SRC-JIANGSU-CITY-FISCAL-CHANGZHOU-2025;SRC-SECONDARY-DEBT-JIANGSU-CHANGZHOU-2025,B2,needs_review,true,已接入评级报告或其他二手公开来源的债务补缺值；不等同于官方决算数据，必须回到财政/人大预算决算或官方债务表复核。
CN-320500,320500,苏州市,32,江苏省,地级市,core,2025,2025-12-31,prefecture_whole,execution,27695.10,5.40,1304.77,2490.20,2545.80,788.00,,,,,,4445.60,,16.05,178.52,178.52,97.82,24.04,31.64,城市财政局官方预算执行报告（全市口径）,SRC-JIANGSU-CITY-STATISTICAL-SUZHOU-2025;SRC-CITY-DEBT-JIANGSU-SUZHOU-2025;SRC-A2-SUZHOU-CITY-FUND-2025,A2,extracted,true,已从省级财政厅官方地级行政单元债务明细表提取；经济财政字段与债务字段的来源状态分开记录。；已接入2025年苏州市官方预算执行报告；财政三项字段为全市快报数，保留execution状态，不改写为最终决算。
CN-320600,320600,南通市,32,江苏省,地级市,core,2025,2025-12-31,prefecture_whole,official_debt,,,,,,,133.59,131.87,759.43,750.39,893.02,882.26,98.80,,,,,,,未采集,SRC-CITY-DEBT-JIANGSU-NANTONG-2025-FINAL,A1,extracted,true,已从省级财政厅官方地级行政单元债务明细表提取；经济财政字段与债务字段的来源状态分开记录。
CN-320700,320700,连云港市,32,江苏省,地级市,core,2025,2025-12-31,prefecture_whole,secondary_debt,,,,,,,,,,,,986.27,,,,,,,,未采集,SRC-SECONDARY-CEIC-CN-320700,D,needs_review,true,已接入商业数据库公开城市债务页的 provisional 补缺值；经济财政字段与债务字段来源状态分开记录，必须回到官方预算/决算或统计公报复核。
CN-320800,320800,淮安市,32,江苏省,地级市,core,2025,2025-12-31,prefecture_whole,secondary_debt,,,,,,,,,,,,1304.56,,,,,,,,未采集,SRC-SECONDARY-DEBT-JIANGSU-HUAIAN-2025,B2,needs_review,true,已接入评级报告或其他二手公开来源的债务补缺值；不等同于官方决算数据，必须回到财政/人大预算决算或官方债务表复核。
CN-320900,320900,盐城市,32,江苏省,地级市,core,2025,2025-12-31,prefecture_whole,secondary_debt,,,,,,,,,,,,2092.10,,,,,,,,未采集,SRC-SECONDARY-DEBT-JIANGSU-YANCHENG-2025,B2,needs_review,true,已接入评级报告或其他二手公开来源的债务补缺值；不等同于官方决算数据，必须回到财政/人大预算决算或官方债务表复核。
CN-321000,321000,扬州市,32,江苏省,地级市,core,2025,2025-12-31,prefecture_whole,secondary_debt,8056.75,5.50,456.49,376.33,717.88,536.95,,,,,,1751.69,,21.74,465.47,465.47,52.42,58.79,142.68,官方城市预算执行报告（全市口径）,SRC-B2-JIANGSU-YANGZHOU-FISCAL-2025;SRC-B2-JIANGSU-CITY-STATISTICAL-YANGZHOU-2025-ECONOMIC;SRC-SECONDARY-DEBT-JIANGSU-YANGZHOU-2025,B2,needs_review,true,已接入评级报告或其他二手公开来源的债务补缺值；不等同于官方决算数据，必须回到财政/人大预算决算或官方债务表复核。
CN-321100,321100,镇江市,32,江苏省,地级市,core,2025,2025-12-31,prefecture_whole,secondary_debt,5736.78,5.40,,339.03,568.23,,,,,,,2939.77,,51.24,867.11,867.11,59.66,,,官方城市预算执行报告（全市口径）,SRC-B2-JIANGSU-ZHENJIANG-FISCAL-2025;SRC-B2-JIANGSU-CITY-STATISTICAL-ZHENJIANG-2025-ECONOMIC;SRC-SECONDARY-DEBT-JIANGSU-RATING-2025-ZHENJIANG,B2,needs_review,true,已接入评级报告或其他二手公开来源的债务补缺值；不等同于官方决算数据，必须回到财政/人大预算决算或官方债务表复核。
CN-321200,321200,泰州市,32,江苏省,地级市,core,2025,2025-12-31,prefecture_whole,secondary_debt,,,,475.49,686.40,388.35,,,,,,1559.08,,,327.89,327.89,69.27,44.96,81.67,官方城市预算执行报告（全市口径）,SRC-B2-JIANGSU-TAIZHOU-FISCAL-2025;SRC-SECONDARY-DEBT-JIANGSU-TAIZHOU-2025,B2,needs_review,true,已接入评级报告或其他二手公开来源的债务补缺值；不等同于官方决算数据，必须回到财政/人大预算决算或官方债务表复核。
CN-321300,321300,宿迁市,32,江苏省,地级市,core,2025,2025-12-31,prefecture_whole,secondary_debt,,,,,,,,,,,,1286.84,,,,,,,,未采集,SRC-SECONDARY-DEBT-JIANGSU-SUQIAN-2025,B2,needs_review,true,已接入评级报告或其他二手公开来源的债务补缺值；不等同于官方决算数据，必须回到财政/人大预算决算或官方债务表复核。
CN-330100,330100,杭州市,33,浙江省,地级市,core,2025,2025-12-31,prefecture_whole,official_debt,,,,,,,,,,,,5089.80,,,,,,,,未采集,SRC-CITY-DEBT-ZHEJIANG-HANGZHOU-2025,A2,extracted,true,已从省级财政厅官方地级行政单元债务明细表提取；经济财政字段与债务字段的来源状态分开记录。
CN-330200,330200,宁波市,33,浙江省,地级市,core,2025,2025-12-31,prefecture_whole,secondary_debt,,,,,,,,,,,,4854.50,,,,,,,,未采集,SRC-SECONDARY-DEBT-ZHEJIANG-NINGBO-2025,B2,needs_review,true,已接入评级报告或其他二手公开来源的债务补缺值；不等同于官方决算数据，必须回到财政/人大预算决算或官方债务表复核。
CN-330300,330300,温州市,33,浙江省,地级市,core,2025,2025-12-31,prefecture_whole,secondary_debt,,,,,,,,,,,,4380.54,,,,,,,,未采集,SRC-SECONDARY-DEBT-ZHEJIANG-WENZHOU-2025,B2,needs_review,true,已接入评级报告或其他二手公开来源的债务补缺值；不等同于官方决算数据，必须回到财政/人大预算决算或官方债务表复核。
CN-330400,330400,嘉兴市,33,浙江省,地级市,core,2025,2025-12-31,prefecture_whole,secondary_debt,,,,,,,,635.61,,2055.75,,2691.36,,,,,,,,未采集,SRC-SECONDARY-DEBT-ZHEJIANG-JIAXING-2025,B2,needs_review,true,已接入评级报告或其他二手公开来源的债务补缺值；不等同于官方决算数据，必须回到财政/人大预算决算或官方债务表复核。
CN-330500,330500,湖州市,33,浙江省,地级市,core,2025,2025-12-31,prefecture_whole,secondary_debt,,,,,,,,,,,,1873.21,,,,,,,,未采集,SRC-SECONDARY-DEBT-ZHEJIANG-HUZHOU-2025,B2,needs_review,true,已接入评级报告或其他二手公开来源的债务补缺值；不等同于官方决算数据，必须回到财政/人大预算决算或官方债务表复核。
CN-330600,330600,绍兴市,33,浙江省,地级市,core,2025,2025-12-31,prefecture_whole,secondary_debt,,,,,,,,,,,,2592.42,,,,,,,,未采集,SRC-SECONDARY-DEBT-ZHEJIANG-SHAOXING-2025,B2,needs_review,true,已接入评级报告或其他二手公开来源的债务补缺值；不等同于官方决算数据，必须回到财政/人大预算决算或官方债务表复核。
CN-330700,330700,金华市,33,浙江省,地级市,core,2025,2025-12-31,prefecture_whole,secondary_debt,,,,,,,,,,,,2678.09,,,,,,,,未采集,SRC-SECONDARY-DEBT-ZHEJIANG-JINHUA-2025,B2,needs_review,true,已接入评级报告或其他二手公开来源的债务补缺值；不等同于官方决算数据，必须回到财政/人大预算决算或官方债务表复核。
CN-330800,330800,衢州市,33,浙江省,地级市,core,2025,2025-12-31,prefecture_whole,secondary_debt,,,,,,,,,,,,1365.78,,,,,,,,未采集,SRC-SECONDARY-DEBT-ZHEJIANG-QUZHOU-2025,B2,needs_review,true,已接入评级报告或其他二手公开来源的债务补缺值；不等同于官方决算数据，必须回到财政/人大预算决算或官方债务表复核。
CN-330900,330900,舟山市,33,浙江省,地级市,core,2025,2025-12-31,prefecture_whole,secondary_debt,,,,,,,,,,,,778.05,,,,,,,,未采集,SRC-SECONDARY-DEBT-ZHEJIANG-ZHOUSHAN-2025,B2,needs_review,true,已接入评级报告或其他二手公开来源的债务补缺值；不等同于官方决算数据，必须回到财政/人大预算决算或官方债务表复核。
CN-331000,331000,台州市,33,浙江省,地级市,core,2025,2025-12-31,prefecture_whole,secondary_debt,,,,,,,,,,,,2846.47,,,,,,,,未采集,SRC-SECONDARY-DEBT-ZHEJIANG-TAIZHOU-2025,B2,needs_review,true,已接入评级报告或其他二手公开来源的债务补缺值；不等同于官方决算数据，必须回到财政/人大预算决算或官方债务表复核。
CN-331100,331100,丽水市,33,浙江省,地级市,core,2025,2025-12-31,prefecture_whole,secondary_debt,,,,,,,,,,,,1638.64,,,,,,,,未采集,SRC-SECONDARY-CEIC-CN-331100,D,needs_review,true,已接入商业数据库公开城市债务页的 provisional 补缺值；经济财政字段与债务字段来源状态分开记录，必须回到官方预算/决算或统计公报复核。
CN-340100,340100,合肥市,34,安徽省,地级市,core,2025,2025-12-31,prefecture_whole,secondary_debt,14210.00,6.10,,977.35,1558.59,,,,,,,3194.76,,22.48,326.88,326.88,62.71,,,官方城市预算执行报告（全市口径）,SRC-B2-ANHUI-CITY-STATISTICAL-HEFEI-2025;SRC-CITY-DEBT-ANHUI-HEFEI-2025,B2,needs_review,true,已接入评级报告或其他二手公开来源的债务补缺值；不等同于官方决算数据，必须回到财政/人大预算决算或官方债务表复核。
CN-340200,340200,芜湖市,34,安徽省,地级市,core,2025,2025-12-31,prefecture_whole,secondary_debt,,,,,,,,,,,,1710.90,,,,,,,,未采集,SRC-SECONDARY-DEBT-ANHUI-WUHU-2025,B2,needs_review,true,已接入评级报告或其他二手公开来源的债务补缺值；不等同于官方决算数据，必须回到财政/人大预算决算或官方债务表复核。
CN-340300,340300,蚌埠市,34,安徽省,地级市,core,2025,2025-12-31,prefecture_whole,secondary_debt,,,,,,,,,,,,1049.13,,,,,,,,未采集,SRC-SECONDARY-DEBT-ANHUI-BENGBU-2025,B2,needs_review,true,已接入评级报告或其他二手公开来源的债务补缺值；不等同于官方决算数据，必须回到财政/人大预算决算或官方债务表复核。
CN-340400,340400,淮南市,34,安徽省,地级市,core,2025,2025-12-31,prefecture_whole,official_debt,,,,,,,,,,,,782.70,,,,,,,,未采集,SRC-CITY-DEBT-ANHUI-HUAINAN-2025,A2,extracted,true,已从省级财政厅官方地级行政单元债务明细表提取；经济财政字段与债务字段的来源状态分开记录。
CN-340500,340500,马鞍山市,34,安徽省,地级市,core,2025,2025-12-31,prefecture_whole,secondary_debt,,,,,,,,,,,,1118.46,,,,,,,,未采集,SRC-CITY-DEBT-ANHUI-MAANSHAN-2025,B2,needs_review,true,已接入评级报告或其他二手公开来源的债务补缺值；不等同于官方决算数据，必须回到财政/人大预算决算或官方债务表复核。
CN-340600,340600,淮北市,34,安徽省,地级市,core,2025,2025-12-31,prefecture_whole,official_debt,,,,,,,112.67,108.53,448.05,447.59,560.72,556.12,99.18,,,,,,,未采集,SRC-CITY-DEBT-ANHUI-HUAIBEI-2025,A1,extracted,true,已从省级财政厅官方地级行政单元债务明细表提取；经济财政字段与债务字段的来源状态分开记录。
CN-340700,340700,铜陵市,34,安徽省,地级市,core,2025,2025-12-31,prefecture_whole,secondary_debt,,,,,,,,,,,,576.02,,,,,,,,未采集,SRC-SECONDARY-DEBT-ANHUI-TONGLING-2025,B2,needs_review,true,已接入评级报告或其他二手公开来源的债务补缺值；不等同于官方决算数据，必须回到财政/人大预算决算或官方债务表复核。
CN-340800,340800,安庆市,34,安徽省,地级市,core,2025,2025-12-31,prefecture_whole,secondary_debt,,,,,,,,,,,,1364.40,,,,,,,,未采集,SRC-CITY-DEBT-ANHUI-ANQING-2025,B2,needs_review,true,已接入评级报告或其他二手公开来源的债务补缺值；不等同于官方决算数据，必须回到财政/人大预算决算或官方债务表复核。
CN-341000,341000,黄山市,34,安徽省,地级市,core,2025,2025-12-31,prefecture_whole,official_debt,,,,,,,,150.74,,419.30,,570.00,,,,,,,,未采集,SRC-CITY-DEBT-ANHUI-HUANGSHAN-2025,A2,extracted,true,已从省级财政厅官方地级行政单元债务明细表提取；经济财政字段与债务字段的来源状态分开记录。
CN-341100,341100,滁州市,34,安徽省,地级市,core,2025,2025-12-31,prefecture_whole,secondary_debt,,,,,,,,266.17,,1575.71,,1841.89,,,,,,,,未采集,SRC-CITY-DEBT-ANHUI-CHUZHOU-2025,B2,needs_review,true,已接入评级报告或其他二手公开来源的债务补缺值；不等同于官方决算数据，必须回到财政/人大预算决算或官方债务表复核。
CN-341200,341200,阜阳市,34,安徽省,地级市,core,2025,2025-12-31,prefecture_whole,secondary_debt,,,,,,,,,,,,2052.83,,,,,,,,未采集,SRC-SECONDARY-DEBT-ANHUI-FUYANG-2025,B2,needs_review,true,已接入评级报告或其他二手公开来源的债务补缺值；不等同于官方决算数据，必须回到财政/人大预算决算或官方债务表复核。
CN-341300,341300,宿州市,34,安徽省,地级市,core,2025,2025-12-31,prefecture_whole,secondary_debt,,,,,,,,,,,,1111.22,,,,,,,,未采集,SRC-SECONDARY-DEBT-ANHUI-SUZHOU-2025,B2,needs_review,true,已接入评级报告或其他二手公开来源的债务补缺值；不等同于官方决算数据，必须回到财政/人大预算决算或官方债务表复核。
CN-341500,341500,六安市,34,安徽省,地级市,core,2025,2025-12-31,prefecture_whole,secondary_debt,,,,,,,,308.00,,1111.00,,1418.81,,,,,,,,未采集,SRC-CITY-DEBT-ANHUI-LUAN-2025,B2,needs_review,true,已接入评级报告或其他二手公开来源的债务补缺值；不等同于官方决算数据，必须回到财政/人大预算决算或官方债务表复核。
CN-341600,341600,亳州市,34,安徽省,地级市,core,2025,2025-12-31,prefecture_whole,secondary_debt,,,,,,,,,,,,1217.60,,,,,,,,未采集,SRC-SECONDARY-DEBT-ANHUI-BOZHOU-2025,B2,needs_review,true,已接入评级报告或其他二手公开来源的债务补缺值；不等同于官方决算数据，必须回到财政/人大预算决算或官方债务表复核。
CN-341700,341700,池州市,34,安徽省,地级市,core,2025,2025-12-31,prefecture_whole,secondary_debt,,,,,,,,,,,,500.19,,,,,,,,未采集,SRC-SECONDARY-DEBT-ANHUI-CHIZHOU-2025,B2,needs_review,true,已接入评级报告或其他二手公开来源的债务补缺值；不等同于官方决算数据，必须回到财政/人大预算决算或官方债务表复核。
CN-341800,341800,宣城市,34,安徽省,地级市,core,2025,2025-12-31,prefecture_whole,official_debt,,,,,,60.60,,,,,,921.50,,,,,,,,城市预算执行报告（全市口径，B2精确来源）,SRC-CITY-DEBT-ANHUI-XUANCHENG-2025;SRC-B2-XUANCHENG-CITY-FUND-2025,B2,needs_review,true,已从省级财政厅官方地级行政单元债务明细表提取；经济财政字段与债务字段的来源状态分开记录。；已接入2025年宣城市全市政府性基金预算收入精确披露；来源等级为B2，保留执行状态，不改写为最终决算。
CN-350100,350100,福州市,35,福建省,地级市,core,2025,2025-12-31,prefecture_whole,official_debt,,,,750.55,1037.15,502.60,575.30,558.31,2839.57,2791.29,3414.87,3349.60,98.09,,446.29,446.29,72.37,40.11,66.96,官方城市预算执行报告（全市口径）,SRC-FUJIAN-CITY-STATISTICAL-FUZHOU-2025;SRC-PROVINCE-DEBT-FUJIAN-2025,A1,extracted,true,已从省级财政厅官方地级行政单元债务明细表提取；经济财政字段与债务字段的来源状态分开记录。
CN-350200,350200,厦门市,35,福建省,地级市,core,2025,2025-12-31,prefecture_whole,official_debt,,,,,,,455.70,450.82,2814.40,2746.87,3270.10,3197.69,97.79,,,,,,,未采集,SRC-PROVINCE-DEBT-FUJIAN-2025,A1,extracted,true,已从省级财政厅官方地级行政单元债务明细表提取；经济财政字段与债务字段的来源状态分开记录。
CN-350300,350300,莆田市,35,福建省,地级市,core,2025,2025-12-31,prefecture_whole,official_debt,,,,,,,242.16,232.04,1236.07,1222.74,1478.23,1454.78,98.41,,,,,,,未采集,SRC-PROVINCE-DEBT-FUJIAN-2025,A1,extracted,true,已从省级财政厅官方地级行政单元债务明细表提取；经济财政字段与债务字段的来源状态分开记录。
CN-350400,350400,三明市,35,福建省,地级市,core,2025,2025-12-31,prefecture_whole,official_debt,,,,,,,414.90,398.10,698.52,689.32,1113.42,1087.42,97.66,,,,,,,未采集,SRC-PROVINCE-DEBT-FUJIAN-2025,A1,extracted,true,已从省级财政厅官方地级行政单元债务明细表提取；经济财政字段与债务字段的来源状态分开记录。
CN-350500,350500,泉州市,35,福建省,地级市,core,2025,2025-12-31,prefecture_whole,official_debt,13778.34,5.30,,592.07,880.29,292.07,857.36,828.49,2153.62,2110.28,3010.98,2938.77,97.60,21.33,496.36,496.36,67.26,33.03,49.33,官方城市预算执行报告（全市口径）,SRC-FUJIAN-CITY-STATISTICAL-QUANZHOU-2025;SRC-PROVINCE-DEBT-FUJIAN-2025,A1,extracted,true,已从省级财政厅官方地级行政单元债务明细表提取；经济财政字段与债务字段的来源状态分开记录。
CN-350600,350600,漳州市,35,福建省,地级市,core,2025,2025-12-31,prefecture_whole,official_debt,,,,,,,548.96,535.99,1424.97,1402.94,1973.93,1938.93,98.23,,,,,,,未采集,SRC-PROVINCE-DEBT-FUJIAN-2025,A1,extracted,true,已从省级财政厅官方地级行政单元债务明细表提取；经济财政字段与债务字段的来源状态分开记录。
CN-350700,350700,南平市,35,福建省,地级市,core,2025,2025-12-31,prefecture_whole,official_debt,,,,,,,339.92,332.52,1031.30,1023.92,1371.22,1356.44,98.92,,,,,,,未采集,SRC-PROVINCE-DEBT-FUJIAN-2025,A1,extracted,true,已从省级财政厅官方地级行政单元债务明细表提取；经济财政字段与债务字段的来源状态分开记录。
CN-350800,350800,龙岩市,35,福建省,地级市,core,2025,2025-12-31,prefecture_whole,official_debt,,,,,,,336.63,327.22,963.66,947.10,1300.29,1274.32,98.00,,,,,,,未采集,SRC-PROVINCE-DEBT-FUJIAN-2025,A1,extracted,true,已从省级财政厅官方地级行政单元债务明细表提取；经济财政字段与债务字段的来源状态分开记录。
CN-350900,350900,宁德市,35,福建省,地级市,core,2025,2025-12-31,prefecture_whole,official_debt,,,,,,,320.53,312.85,1007.47,993.33,1328.00,1306.18,98.36,,,,,,,未采集,SRC-PROVINCE-DEBT-FUJIAN-2025,A1,extracted,true,已从省级财政厅官方地级行政单元债务明细表提取；经济财政字段与债务字段的来源状态分开记录。
CN-360100,360100,南昌市,36,江西省,地级市,core,2025,2025-12-31,prefecture_whole,execution,8141.69,4.70,,537.77,914.44,160.20,,,,,,2200.07,,27.02,409.11,409.11,58.81,22.95,29.79,城市财政局官方预算执行报告（全市口径）,SRC-JIANGXI-CITY-STATISTICAL-NANCHANG-2025;SRC-SECONDARY-DEBT-JIANGXI-NANCHANG-2025;SRC-A1-NANCHANG-CITY-FISCAL-2025,A1,extracted,true,已接入评级报告或其他二手公开来源的债务补缺值；不等同于官方决算数据，必须回到财政/人大预算决算或官方债务表复核。；已接入2025年南昌市官方预算执行报告；财政三项字段为全市快报数，保留execution状态，不改写为最终决算。
CN-360200,360200,景德镇市,36,江西省,地级市,core,2025,2025-12-31,prefecture_whole,execution,,,,90.94,234.95,172.69,218.53,213.03,678.36,645.79,896.89,858.82,95.76,,944.38,944.38,38.71,65.50,189.89,城市财政局官方预算执行报告（全市口径）,SRC-CITY-DEBT-JIANGXI-JINGDEZHEN-2025;SRC-A2-JINGDEZHEN-CITY-FISCAL-2025,A2,extracted,true,已接入评级报告或其他二手公开来源的债务补缺值；不等同于官方决算数据，必须回到财政/人大预算决算或官方债务表复核。；已接入2025年景德镇市官方预算执行报告；财政三项字段为全市快报数，保留execution状态，不改写为最终决算。
CN-360300,360300,萍乡市,36,江西省,地级市,core,2025,2025-12-31,prefecture_whole,secondary_debt,,,,,,,,,,,,813.48,,,,,,,,未采集,SRC-SECONDARY-DEBT-JIANGXI-PINGXIANG-2025,B2,needs_review,true,已接入评级报告或其他二手公开来源的债务补缺值；不等同于官方决算数据，必须回到财政/人大预算决算或官方债务表复核。
CN-360400,360400,九江市,36,江西省,地级市,core,2025,2025-12-31,prefecture_whole,secondary_debt,,,,,,,,,,,,1874.57,,,,,,,,未采集,SRC-SECONDARY-DEBT-JIANGXI-JIUJIANG-2025,B2,needs_review,true,已接入评级报告或其他二手公开来源的债务补缺值；不等同于官方决算数据，必须回到财政/人大预算决算或官方债务表复核。
CN-360500,360500,新余市,36,江西省,地级市,core,2025,2025-12-31,prefecture_whole,secondary_debt,,,,,,,,,,,,550.41,,,,,,,,未采集,SRC-SECONDARY-CEIC-CN-360500,D,needs_review,true,已接入商业数据库公开城市债务页的 provisional 补缺值；经济财政字段与债务字段来源状态分开记录，必须回到官方预算/决算或统计公报复核。
CN-360600,360600,鹰潭市,36,江西省,地级市,core,2025,2025-12-31,prefecture_whole,secondary_debt,,,,,,,,,,,,597.80,,,,,,,,未采集,SRC-SECONDARY-DEBT-JIANGXI-YINGTAN-2025,B2,needs_review,true,已接入评级报告或其他二手公开来源的债务补缺值；不等同于官方决算数据，必须回到财政/人大预算决算或官方债务表复核。
CN-360700,360700,赣州市,36,江西省,地级市,core,2025,2025-12-31,prefecture_whole,secondary_debt,,,,,,,,,,,,2764.27,,,,,,,,未采集,SRC-SECONDARY-DEBT-JIANGXI-GANZHOU-2025,B2,needs_review,true,已接入评级报告或其他二手公开来源的债务补缺值；不等同于官方决算数据，必须回到财政/人大预算决算或官方债务表复核。
CN-360800,360800,吉安市,36,江西省,地级市,core,2025,2025-12-31,prefecture_whole,secondary_debt,,,,,,,,,,,,1531.34,,,,,,,,未采集,SRC-SECONDARY-DEBT-JIANGXI-JIAN-2025,B2,needs_review,true,已接入评级报告或其他二手公开来源的债务补缺值；不等同于官方决算数据，必须回到财政/人大预算决算或官方债务表复核。
CN-360900,360900,宜春市,36,江西省,地级市,core,2025,2025-12-31,prefecture_whole,secondary_debt,,,,,,,,,,,,1566.97,,,,,,,,未采集,SRC-SECONDARY-CEIC-CN-360900,D,needs_review,true,已接入商业数据库公开城市债务页的 provisional 补缺值；经济财政字段与债务字段来源状态分开记录，必须回到官方预算/决算或统计公报复核。
CN-361000,361000,抚州市,36,江西省,地级市,core,2025,2025-12-31,prefecture_whole,official_debt,,,,,,,355.11,343.19,1034.69,985.63,1389.80,1328.82,95.61,,,,,,,未采集,SRC-CITY-DEBT-JIANGXI-FUZHOU-2025,A1,extracted,true,已从省级财政厅官方地级行政单元债务明细表提取；经济财政字段与债务字段的来源状态分开记录。
CN-361100,361100,上饶市,36,江西省,地级市,core,2025,2025-12-31,prefecture_whole,secondary_debt,,,,,,,,,,,,1819.01,,,,,,,,未采集,SRC-SECONDARY-DEBT-JIANGXI-SHANGRAO-2025,B2,needs_review,true,已接入评级报告或其他二手公开来源的债务补缺值；不等同于官方决算数据，必须回到财政/人大预算决算或官方债务表复核。
CN-370100,370100,济南市,37,山东省,地级市,core,2025,2025-12-31,prefecture_whole,official_debt,,,,1093.35,1407.49,567.26,285.87,279.40,4298.70,4150.75,4584.57,4430.15,96.63,,405.19,405.19,77.68,34.16,51.88,官方城市预算执行报告（全市口径）,SRC-SHANDONG-CITY-FISCAL-JINAN-2025;SRC-PROVINCE-DEBT-SHANDONG-2025,A1,extracted,true,已从省级财政厅官方地级行政单元债务明细表提取；经济财政字段与债务字段的来源状态分开记录。
CN-370200,370200,青岛市,37,山东省,地级市,core,2025,2025-12-31,prefecture_whole,official_debt,,,,1340.72,1718.52,324.65,1224.45,1210.12,4230.50,4053.47,5454.95,5263.59,96.49,,392.59,392.59,78.02,19.49,24.21,官方城市预算执行报告（全市口径）,SRC-SHANDONG-CITY-FISCAL-QINGDAO-2025;SRC-PROVINCE-DEBT-SHANDONG-2025,A1,extracted,true,已从省级财政厅官方地级行政单元债务明细表提取；经济财政字段与债务字段的来源状态分开记录。
CN-370300,370300,淄博市,37,山东省,地级市,core,2025,2025-12-31,prefecture_whole,official_debt,,,,,,,384.96,378.51,1363.62,1294.55,1748.58,1673.06,95.68,,,,,,,未采集,SRC-PROVINCE-DEBT-SHANDONG-2025,A1,extracted,true,已从省级财政厅官方地级行政单元债务明细表提取；经济财政字段与债务字段的来源状态分开记录。
CN-370400,370400,枣庄市,37,山东省,地级市,core,2025,2025-12-31,prefecture_whole,official_debt,,,,,,,201.94,199.11,955.31,911.11,1157.25,1110.22,95.94,,,,,,,未采集,SRC-PROVINCE-DEBT-SHANDONG-2025,A1,extracted,true,已从省级财政厅官方地级行政单元债务明细表提取；经济财政字段与债务字段的来源状态分开记录。
CN-370500,370500,东营市,37,山东省,地级市,core,2025,2025-12-31,prefecture_whole,official_debt,,,,,,,258.49,251.50,1016.51,990.28,1275.00,1241.78,97.39,,,,,,,未采集,SRC-PROVINCE-DEBT-SHANDONG-2025,A1,extracted,true,已从省级财政厅官方地级行政单元债务明细表提取；经济财政字段与债务字段的来源状态分开记录。
CN-370600,370600,烟台市,37,山东省,地级市,core,2025,2025-12-31,prefecture_whole,official_debt,,,,,,,713.71,701.40,2308.58,2239.26,3022.29,2940.66,97.30,,,,,,,未采集,SRC-PROVINCE-DEBT-SHANDONG-2025,A1,extracted,true,已从省级财政厅官方地级行政单元债务明细表提取；经济财政字段与债务字段的来源状态分开记录。
CN-370700,370700,潍坊市,37,山东省,地级市,core,2025,2025-12-31,prefecture_whole,official_debt,,,,,,,815.76,808.05,2771.22,2550.36,3586.98,3358.41,93.63,,,,,,,未采集,SRC-PROVINCE-DEBT-SHANDONG-2025,A1,extracted,true,已从省级财政厅官方地级行政单元债务明细表提取；经济财政字段与债务字段的来源状态分开记录。
CN-370800,370800,济宁市,37,山东省,地级市,core,2025,2025-12-31,prefecture_whole,official_debt,,,,,,,542.43,533.70,1910.89,1829.63,2453.32,2363.33,96.33,,,,,,,未采集,SRC-PROVINCE-DEBT-SHANDONG-2025,A1,extracted,true,已从省级财政厅官方地级行政单元债务明细表提取；经济财政字段与债务字段的来源状态分开记录。
CN-370900,370900,泰安市,37,山东省,地级市,core,2025,2025-12-31,prefecture_whole,official_debt,,,,,,,381.58,374.94,982.70,934.07,1364.28,1309.01,95.95,,,,,,,未采集,SRC-PROVINCE-DEBT-SHANDONG-2025,A1,extracted,true,已从省级财政厅官方地级行政单元债务明细表提取；经济财政字段与债务字段的来源状态分开记录。
CN-371000,371000,威海市,37,山东省,地级市,core,2025,2025-12-31,prefecture_whole,official_debt,,,,,,,319.05,314.74,1220.31,1136.93,1539.36,1451.67,94.30,,,,,,,未采集,SRC-PROVINCE-DEBT-SHANDONG-2025,A1,extracted,true,已从省级财政厅官方地级行政单元债务明细表提取；经济财政字段与债务字段的来源状态分开记录。
CN-371100,371100,日照市,37,山东省,地级市,core,2025,2025-12-31,prefecture_whole,official_debt,,,,,,,140.32,136.98,936.05,859.28,1076.37,996.26,92.56,,,,,,,未采集,SRC-PROVINCE-DEBT-SHANDONG-2025,A1,extracted,true,已从省级财政厅官方地级行政单元债务明细表提取；经济财政字段与债务字段的来源状态分开记录。
CN-371300,371300,临沂市,37,山东省,地级市,core,2025,2025-12-31,prefecture_whole,official_debt,,,,,,,347.88,341.67,1982.71,1917.94,2330.59,2259.61,96.95,,,,,,,未采集,SRC-PROVINCE-DEBT-SHANDONG-2025,A1,extracted,true,已从省级财政厅官方地级行政单元债务明细表提取；经济财政字段与债务字段的来源状态分开记录。
CN-371400,371400,德州市,37,山东省,地级市,core,2025,2025-12-31,prefecture_whole,official_debt,,,,,,,367.63,360.21,1509.80,1450.27,1877.43,1810.48,96.43,,,,,,,未采集,SRC-PROVINCE-DEBT-SHANDONG-2025,A1,extracted,true,已从省级财政厅官方地级行政单元债务明细表提取；经济财政字段与债务字段的来源状态分开记录。
CN-371500,371500,聊城市,37,山东省,地级市,core,2025,2025-12-31,prefecture_whole,official_debt,,,,,,,223.01,217.22,1465.67,1403.16,1688.68,1620.38,95.96,,,,,,,未采集,SRC-PROVINCE-DEBT-SHANDONG-2025,A1,extracted,true,已从省级财政厅官方地级行政单元债务明细表提取；经济财政字段与债务字段的来源状态分开记录。
CN-371600,371600,滨州市,37,山东省,地级市,core,2025,2025-12-31,prefecture_whole,official_debt,,,,,,,336.87,325.64,1451.39,1412.02,1788.26,1737.66,97.17,,,,,,,未采集,SRC-PROVINCE-DEBT-SHANDONG-2025,A1,extracted,true,已从省级财政厅官方地级行政单元债务明细表提取；经济财政字段与债务字段的来源状态分开记录。
CN-371700,371700,菏泽市,37,山东省,地级市,core,2025,2025-12-31,prefecture_whole,official_debt,,,,,,,165.78,163.81,2123.01,1989.36,2288.79,2153.17,94.07,,,,,,,未采集,SRC-PROVINCE-DEBT-SHANDONG-2025,A1,extracted,true,已从省级财政厅官方地级行政单元债务明细表提取；经济财政字段与债务字段的来源状态分开记录。
CN-410100,410100,郑州市,41,河南省,地级市,core,2025,2025-12-31,prefecture_whole,official_debt,15244.60,5.40,1313.80,1181.30,1517.10,277.50,1761.60,1714.70,2986.80,2955.90,4748.40,4670.60,98.36,30.64,395.38,395.38,77.87,19.02,23.49,城市预算执行报告（全市口径，A2精确来源）,SRC-HENAN-CITY-STATISTICAL-ZHENGZHOU-2025;SRC-PROVINCE-DEBT-HENAN-2025;SRC-A2-ZHENGZHOU-CITY-FUND-2025,A2,extracted,true,已从省级财政厅官方地级行政单元债务明细表提取；经济财政字段与债务字段的来源状态分开记录。；已接入2025年郑州市全市政府性基金预算收入精确披露；来源等级为A2，保留执行状态，不改写为最终决算。
CN-410200,410200,开封市,41,河南省,地级市,core,2025,2025-12-31,prefecture_whole,official_debt,2860.06,5.10,468.70,139.70,419.25,,211.80,205.70,794.10,788.50,1005.90,994.20,98.84,34.76,711.67,711.67,33.32,,,未采集,SRC-B2-HENAN-CITY-STATISTICAL-KAIFENG-2025;SRC-PROVINCE-DEBT-HENAN-2025,A1,extracted,true,已从省级财政厅官方地级行政单元债务明细表提取；经济财政字段与债务字段的来源状态分开记录。
CN-410300,410300,洛阳市,41,河南省,地级市,core,2025,2025-12-31,prefecture_whole,official_debt,6164.52,6.00,708.30,421.80,723.30,225.70,408.30,396.60,1507.00,1498.60,1915.30,1895.20,98.95,30.74,449.31,449.31,58.32,34.86,53.51,官方城市预算执行报告（全市口径）,SRC-HENAN-CITY-FISCAL-LUOYANG-2025;SRC-B2-HENAN-CITY-STATISTICAL-LUOYANG-2025;SRC-PROVINCE-DEBT-HENAN-2025,A1,extracted,true,已从省级财政厅官方地级行政单元债务明细表提取；经济财政字段与债务字段的来源状态分开记录。
CN-410400,410400,平顶山市,41,河南省,地级市,core,2025,2025-12-31,prefecture_whole,execution,2929.40,5.40,484.40,226.62,451.26,70.30,287.90,283.70,830.70,822.60,1118.60,1106.30,98.90,37.77,488.17,488.17,50.22,23.68,31.02,城市预算执行报告（全市口径，B2精确来源）,SRC-A2-HENAN-CITY-STATISTICAL-PINGDINGSHAN-2025;SRC-PROVINCE-DEBT-HENAN-2025;SRC-A2-PINGDINGSHAN-CITY-FISCAL-2025;SRC-B2-PINGDINGSHAN-CITY-FUND-2025,B2,needs_review,true,已从省级财政厅官方地级行政单元债务明细表提取；经济财政字段与债务字段的来源状态分开记录。；已接入2025年平顶山市官方预算执行报告；财政三项字段为全市快报数，保留execution状态，不改写为最终决算。；已接入2025年平顶山市全市政府性基金预算收入精确披露；来源等级为B2，保留执行状态，不改写为最终决算。
CN-410500,410500,安阳市,41,河南省,地级市,core,2025,2025-12-31,prefecture_whole,official_debt,2765.80,5.50,535.00,244.20,458.90,,194.10,186.90,749.00,741.50,943.10,928.40,98.44,33.57,380.18,380.18,53.21,,,未采集,SRC-B2-HENAN-CITY-STATISTICAL-ANYANG-2025;SRC-PROVINCE-DEBT-HENAN-2025,A1,extracted,true,已从省级财政厅官方地级行政单元债务明细表提取；经济财政字段与债务字段的来源状态分开记录。
CN-410600,410600,鹤壁市,41,河南省,地级市,core,2025,2025-12-31,prefecture_whole,official_debt,1144.12,6.60,155.40,84.50,180.46,,93.50,89.40,451.50,446.80,545.00,536.20,98.39,46.87,634.56,634.56,46.82,,,未采集,SRC-B2-HENAN-CITY-STATISTICAL-HEBI-2025;SRC-PROVINCE-DEBT-HENAN-2025,A1,extracted,true,已从省级财政厅官方地级行政单元债务明细表提取；经济财政字段与债务字段的来源状态分开记录。
CN-410700,410700,新乡市,41,河南省,地级市,core,2025,2025-12-31,prefecture_whole,official_debt,3687.07,5.00,609.10,234.72,481.17,,264.60,251.30,767.90,758.20,1032.50,1009.50,97.77,27.38,430.09,430.09,48.78,,,未采集,SRC-B2-HENAN-CITY-STATISTICAL-XINXIANG-2025;SRC-PROVINCE-DEBT-HENAN-2025,A1,extracted,true,已从省级财政厅官方地级行政单元债务明细表提取；经济财政字段与债务字段的来源状态分开记录。
CN-410800,410800,焦作市,41,河南省,地级市,core,2025,2025-12-31,prefecture_whole,official_debt,2479.60,6.50,346.70,135.10,325.50,,159.00,152.80,646.20,641.20,805.20,794.00,98.61,32.02,587.71,587.71,41.51,,,未采集,SRC-A2-HENAN-CITY-STATISTICAL-JIAOZUO-2025;SRC-PROVINCE-DEBT-HENAN-2025,A1,extracted,true,已从省级财政厅官方地级行政单元债务明细表提取；经济财政字段与债务字段的来源状态分开记录。
CN-410900,410900,濮阳市,41,河南省,地级市,core,2025,2025-12-31,prefecture_whole,official_debt,2106.17,5.60,366.10,123.50,346.18,,189.00,184.00,702.00,695.70,891.00,879.70,98.73,41.77,712.31,712.31,35.68,,,未采集,SRC-B2-HENAN-CITY-STATISTICAL-PUYANG-2025;SRC-PROVINCE-DEBT-HENAN-2025,A1,extracted,true,已从省级财政厅官方地级行政单元债务明细表提取；经济财政字段与债务字段的来源状态分开记录。
CN-411000,411000,许昌市,41,河南省,地级市,core,2025,2025-12-31,prefecture_whole,official_debt,3583.40,6.30,434.60,192.10,381.00,,206.00,201.30,1008.50,1001.20,1214.50,1202.50,99.01,33.56,625.98,625.98,50.42,,,未采集,SRC-A2-HENAN-CITY-STATISTICAL-XUCHANG-2025;SRC-PROVINCE-DEBT-HENAN-2025,A1,extracted,true,已从省级财政厅官方地级行政单元债务明细表提取；经济财政字段与债务字段的来源状态分开记录。
CN-411100,411100,漯河市,41,河南省,地级市,core,2025,2025-12-31,prefecture_whole,official_debt,1954.00,6.10,233.50,145.50,281.20,,77.30,75.40,585.30,581.60,662.60,657.00,99.15,33.62,451.55,451.55,51.74,,,未采集,SRC-B2-HENAN-CITY-STATISTICAL-LUOHE-2025;SRC-PROVINCE-DEBT-HENAN-2025,A1,extracted,true,已从省级财政厅官方地级行政单元债务明细表提取；经济财政字段与债务字段的来源状态分开记录。
CN-411200,411200,三门峡市,41,河南省,地级市,core,2025,2025-12-31,prefecture_whole,official_debt,1702.61,6.10,199.50,149.51,286.72,,123.60,120.40,447.20,444.40,570.80,564.80,98.95,33.17,377.77,377.77,52.14,,,未采集,SRC-A2-HENAN-CITY-STATISTICAL-SANMENXIA-2025;SRC-PROVINCE-DEBT-HENAN-2025,A1,extracted,true,已从省级财政厅官方地级行政单元债务明细表提取；经济财政字段与债务字段的来源状态分开记录。
CN-411300,411300,南阳市,41,河南省,地级市,core,2025,2025-12-31,prefecture_whole,official_debt,5167.86,6.50,939.50,228.27,820.36,,313.30,301.00,1374.00,1362.80,1687.30,1663.80,98.61,32.20,728.87,728.87,27.83,,,未采集,SRC-A2-HENAN-CITY-STATISTICAL-NANYANG-2025;SRC-PROVINCE-DEBT-HENAN-2025,A1,extracted,true,已从省级财政厅官方地级行政单元债务明细表提取；经济财政字段与债务字段的来源状态分开记录。
CN-411400,411400,商丘市,41,河南省,地级市,core,2025,2025-12-31,prefecture_whole,official_debt,3475.38,6.20,756.40,193.35,575.56,,252.60,247.00,1387.80,1380.00,1640.40,1627.00,99.18,46.82,841.48,841.48,33.59,,,未采集,SRC-B2-HENAN-CITY-STATISTICAL-SHANGQIU-2025;SRC-PROVINCE-DEBT-HENAN-2025,A1,extracted,true,已从省级财政厅官方地级行政单元债务明细表提取；经济财政字段与债务字段的来源状态分开记录。
CN-411500,411500,信阳市,41,河南省,地级市,core,2025,2025-12-31,prefecture_whole,official_debt,3196.70,6.00,595.70,137.16,624.46,,184.30,179.50,1184.60,1174.90,1368.90,1354.40,98.94,42.37,987.46,987.46,21.96,,,未采集,SRC-A2-HENAN-CITY-STATISTICAL-XINYANG-2025;SRC-PROVINCE-DEBT-HENAN-2025,A1,extracted,true,已从省级财政厅官方地级行政单元债务明细表提取；经济财政字段与债务字段的来源状态分开记录。
CN-411600,411600,周口市,41,河南省,地级市,core,2025,2025-12-31,prefecture_whole,official_debt,3810.83,6.10,859.90,220.64,686.48,,250.10,242.80,1189.20,1179.10,1439.30,1421.90,98.79,37.31,644.44,644.44,32.14,,,未采集,SRC-B2-HENAN-CITY-STATISTICAL-ZHOUKOU-2025;SRC-PROVINCE-DEBT-HENAN-2025,A1,extracted,true,已从省级财政厅官方地级行政单元债务明细表提取；经济财政字段与债务字段的来源状态分开记录。
CN-411700,411700,驻马店市,41,河南省,地级市,core,2025,2025-12-31,prefecture_whole,official_debt,3501.64,6.00,665.90,214.04,641.18,,229.60,224.80,1119.30,1113.30,1348.90,1338.10,99.20,38.21,625.16,625.16,33.38,,,未采集,SRC-B2-HENAN-CITY-STATISTICAL-ZHUMADIAN-2025;SRC-PROVINCE-DEBT-HENAN-2025,A1,extracted,true,已从省级财政厅官方地级行政单元债务明细表提取；经济财政字段与债务字段的来源状态分开记录。
CN-419000,419000,省直辖县级行政区划,41,河南省,地级市,core,2025,2025-12-31,prefecture_whole,official_debt,,,,,,,71.10,68.50,143.90,143.20,215.00,211.70,98.47,,,,,,,未采集,SRC-PROVINCE-DEBT-HENAN-2025,A1,extracted,true,已从省级财政厅官方地级行政单元债务明细表提取；经济财政字段与债务字段的来源状态分开记录。
CN-420100,420100,武汉市,42,湖北省,地级市,core,2025,2025-12-31,prefecture_whole,official_debt,,,,1743.06,2520.61,1453.81,2240.20,2157.58,7227.39,6737.76,9467.59,8895.34,93.96,,510.33,510.33,69.15,45.48,83.41,官方城市预算执行报告（全市口径）,SRC-HUBEI-CITY-BUDGET-WUHAN-2025;SRC-CITY-DEBT-HUBEI-WUHAN-2025,A1,extracted,true,已从省级财政厅官方地级行政单元债务明细表提取；经济财政字段与债务字段的来源状态分开记录。
CN-420200,420200,黄石市,42,湖北省,地级市,core,2025,2025-12-31,prefecture_whole,official_debt,,,,213.50,352.00,,249.17,227.50,633.84,579.90,883.00,807.40,91.44,,378.17,378.17,60.65,,,官方城市预算执行报告（全市口径）,SRC-HUBEI-CITY-FINANCE-HUANGSHI-2025;SRC-CITY-DEBT-HUBEI-HUANGSHI-2025,A2,extracted,true,已从省级财政厅官方地级行政单元债务明细表提取；经济财政字段与债务字段的来源状态分开记录。
CN-420300,420300,十堰市,42,湖北省,地级市,core,2025,2025-12-31,prefecture_whole,secondary_debt,,,,,,,,,,,,1047.60,,,,,,,,未采集,SRC-SECONDARY-DEBT-HUBEI-SHIYAN-2025,B2,needs_review,true,已接入评级报告或其他二手公开来源的债务补缺值；不等同于官方决算数据，必须回到财政/人大预算决算或官方债务表复核。
CN-420500,420500,宜昌市,42,湖北省,地级市,core,2025,2025-12-31,prefecture_whole,secondary_debt,6464.42,6.10,,327.05,694.98,,,,,,,1471.00,,22.76,449.78,449.78,47.06,,,官方城市预算执行报告（全市口径）,SRC-B2-HUBEI-CITY-STATISTICAL-YICHANG-2025;SRC-SECONDARY-DEBT-HUBEI-YICHANG-2025,B2,needs_review,true,已接入评级报告或其他二手公开来源的债务补缺值；不等同于官方决算数据，必须回到财政/人大预算决算或官方债务表复核。
CN-420600,420600,襄阳市,42,湖北省,地级市,core,2025,2025-12-31,prefecture_whole,secondary_debt,,,,,,,,,,,,1742.20,,,,,,,,未采集,SRC-SECONDARY-DEBT-HUBEI-TOP4-2025,B2,needs_review,true,已接入评级报告或其他二手公开来源的债务补缺值；不等同于官方决算数据，必须回到财政/人大预算决算或官方债务表复核。
CN-420700,420700,鄂州市,42,湖北省,地级市,core,2025,2025-12-31,prefecture_whole,official_debt,,,,,,,117.13,111.11,578.60,576.88,695.73,687.99,98.89,,,,,,,未采集,SRC-CITY-DEBT-HUBEI-EZHOU-2025,A1,extracted,true,已从省级财政厅官方地级行政单元债务明细表提取；经济财政字段与债务字段的来源状态分开记录。
CN-420800,420800,荆门市,42,湖北省,地级市,core,2025,2025-12-31,prefecture_whole,secondary_debt,,,,,,,,,,,,600.74,,,,,,,,未采集,SRC-SECONDARY-DEBT-HUBEI-TOP4-2025,B2,needs_review,true,已接入评级报告或其他二手公开来源的债务补缺值；不等同于官方决算数据，必须回到财政/人大预算决算或官方债务表复核。
CN-420900,420900,孝感市,42,湖北省,地级市,core,2025,2025-12-31,prefecture_whole,secondary_debt,,,,,,,,,,,,980.50,,,,,,,,未采集,SRC-SECONDARY-CEIC-CN-420900,D,needs_review,true,已接入商业数据库公开城市债务页的 provisional 补缺值；经济财政字段与债务字段来源状态分开记录，必须回到官方预算/决算或统计公报复核。
CN-421000,421000,荆州市,42,湖北省,地级市,core,2025,2025-12-31,prefecture_whole,secondary_debt,3712.34,6.30,508.29,190.99,582.99,,,,,,,1102.46,,29.70,577.23,577.23,32.76,,,官方城市预算执行报告（全市口径）,SRC-HUBEI-CITY-STATISTICAL-JINGZHOU-2025;SRC-SECONDARY-DEBT-HUBEI-TOP4-2025,B2,needs_review,true,已接入评级报告或其他二手公开来源的债务补缺值；不等同于官方决算数据，必须回到财政/人大预算决算或官方债务表复核。
CN-421100,421100,黄冈市,42,湖北省,地级市,core,2025,2025-12-31,prefecture_whole,official_debt,,,,,,,463.50,441.69,749.58,642.80,1213.08,1084.48,89.40,,,,,,,未采集,SRC-CITY-DEBT-HUBEI-HUANGGANG-2025,A2,extracted,true,已从省级财政厅官方地级行政单元债务明细表提取；经济财政字段与债务字段的来源状态分开记录。
CN-421200,421200,咸宁市,42,湖北省,地级市,core,2025,2025-12-31,prefecture_whole,secondary_debt,,,,,,,,,,,,680.74,,,,,,,,未采集,SRC-SECONDARY-DEBT-HUBEI-TOP4-2025,B2,needs_review,true,已接入评级报告或其他二手公开来源的债务补缺值；不等同于官方决算数据，必须回到财政/人大预算决算或官方债务表复核。
CN-421300,421300,随州市,42,湖北省,地级市,core,2025,2025-12-31,prefecture_whole,official_debt,,,,,,,,126.69,,234.81,,361.50,,,,,,,,未采集,SRC-OFFICIAL-DEBT-HUBEI-SUIZHOU-2025,A2,extracted,true,已从省级财政厅官方地级行政单元债务明细表提取；经济财政字段与债务字段的来源状态分开记录。
CN-422800,422800,恩施土家族苗族自治州,42,湖北省,自治州,extended,2025,2025-12-31,prefecture_whole,official_debt,,,,,,,,349.39,,635.74,,985.13,,,,,,,,未采集,SRC-OFFICIAL-DEBT-HUBEI-ENSHI-2025,A2,extracted,true,已从省级财政厅官方地级行政单元债务明细表提取；经济财政字段与债务字段的来源状态分开记录。
CN-429000,429000,省直辖县级行政区划,42,湖北省,地级市,core,2025,2025-12-31,prefecture_whole,secondary_debt,,,,,,,,,,,,604.69,,,,,,,,未采集,SRC-SECONDARY-DEBT-HUBEI-2025-DIRECT-AGG,B2,needs_review,true,已接入评级报告或其他二手公开来源的债务补缺值；不等同于官方决算数据，必须回到财政/人大预算决算或官方债务表复核。
CN-430100,430100,长沙市,43,湖南省,地级市,core,2025,2025-12-31,prefecture_whole,execution,15737.82,4.00,1072.14,1296.87,1625.77,528.70,801.76,794.59,2905.05,2876.79,3706.82,3671.38,99.04,23.33,283.10,283.10,79.77,28.96,40.77,城市财政局官方预算执行报告（全市口径）,SRC-HUNAN-CITY-STATISTICAL-CHANGSHA-2025;SRC-A2-HUNAN-CITY-STATISTICAL-CHANGSHA-2025-POPULATION;SRC-PROVINCE-DEBT-HUNAN-2025-DETAILED;SRC-A2-CHANGSHA-CITY-FUND-2025,A2,extracted,true,已从省级财政厅官方地级行政单元债务明细表提取；经济财政字段与债务字段的来源状态分开记录。；已接入2025年长沙市官方预算执行报告；财政三项字段为全市快报数，保留execution状态，不改写为最终决算。
CN-430200,430200,株洲市,43,湖南省,地级市,core,2025,2025-12-31,prefecture_whole,secondary_debt,4063.50,5.60,382.04,200.40,490.30,,,433.84,,1260.22,,1694.06,,41.69,845.34,845.34,40.87,,,未采集,SRC-A2-HUNAN-CITY-STATISTICAL-ZHUZHOU-2025;SRC-SECONDARY-DEBT-HUNAN-ZHUZHOU-2025,B2,needs_review,true,已接入评级报告或其他二手公开来源的债务补缺值；不等同于官方决算数据，必须回到财政/人大预算决算或官方债务表复核。
CN-430300,430300,湘潭市,43,湖南省,地级市,core,2025,2025-12-31,prefecture_whole,official_debt,3077.23,4.80,267.02,108.29,295.50,,861.52,860.28,1540.24,1533.39,2401.76,2393.66,99.66,77.79,2210.42,2210.42,36.65,,,未采集,SRC-A2-HUNAN-CITY-STATISTICAL-XIANGTAN-2025;SRC-PROVINCE-DEBT-HUNAN-2025-DETAILED,A1,extracted,true,已从省级财政厅官方地级行政单元债务明细表提取；经济财政字段与债务字段的来源状态分开记录。
CN-430400,430400,衡阳市,43,湖南省,地级市,core,2025,2025-12-31,prefecture_whole,official_debt,4689.55,5.20,636.36,185.22,701.16,208.71,,502.73,,1184.50,,1687.23,,35.98,910.93,910.93,26.42,52.98,112.68,官方城市预算执行报告（全市口径）,SRC-HUNAN-CITY-FISCAL-HENGYANG-2025;SRC-A2-HUNAN-CITY-STATISTICAL-HENGYANG-2025;SRC-CITY-DEBT-HUNAN-HENGYANG-2025,A2,extracted,true,已从省级财政厅官方地级行政单元债务明细表提取；经济财政字段与债务字段的来源状态分开记录。
CN-430500,430500,邵阳市,43,湖南省,地级市,core,2025,2025-12-31,prefecture_whole,official_debt,2883.50,0.20,621.70,115.90,652.20,,429.82,424.73,973.40,963.85,1403.22,1388.58,98.96,48.16,1198.08,1198.08,17.77,,,未采集,SRC-A2-HUNAN-CITY-STATISTICAL-SHAOYANG-2025;SRC-PROVINCE-DEBT-HUNAN-2025-DETAILED,A1,extracted,true,已从省级财政厅官方地级行政单元债务明细表提取；经济财政字段与债务字段的来源状态分开记录。
CN-430600,430600,岳阳市,43,湖南省,地级市,core,2025,2025-12-31,prefecture_whole,official_debt,5386.88,5.50,493.27,207.00,664.20,224.10,,,,,,1580.16,,29.33,763.36,763.36,31.17,51.98,108.26,官方城市预算执行报告（全市口径）,SRC-HUNAN-CITY-FISCAL-YUEYANG-2025;SRC-A2-HUNAN-CITY-STATISTICAL-YUEYANG-2025;SRC-CITY-DEBT-HUNAN-YUEYANG-2025,A1,extracted,true,已从省级财政厅官方地级行政单元债务明细表提取；经济财政字段与债务字段的来源状态分开记录。
CN-430700,430700,常德市,43,湖南省,地级市,core,2025,2025-12-31,prefecture_whole,official_debt,4770.90,5.60,510.70,192.68,602.56,100.29,581.32,577.41,1051.00,1041.10,1632.32,1618.51,99.15,33.92,840.00,840.00,31.98,34.23,52.05,官方城市预算执行报告（全市口径）,SRC-HUNAN-CITY-FISCAL-CHANGDE-2025;SRC-A2-HUNAN-CITY-STATISTICAL-CHANGDE-2025;SRC-PROVINCE-DEBT-HUNAN-2025-DETAILED,A1,extracted,true,已从省级财政厅官方地级行政单元债务明细表提取；经济财政字段与债务字段的来源状态分开记录。
CN-430800,430800,张家界市,43,湖南省,地级市,core,2025,2025-12-31,prefecture_whole,official_debt,667.83,3.00,146.33,38.61,215.72,,201.66,199.52,465.03,461.96,666.68,661.48,99.22,99.05,1713.23,1713.23,17.90,,,未采集,SRC-A2-HUNAN-CITY-STATISTICAL-ZHANGJIAJIE-2025;SRC-PROVINCE-DEBT-HUNAN-2025-DETAILED,A1,extracted,true,已从省级财政厅官方地级行政单元债务明细表提取；经济财政字段与债务字段的来源状态分开记录。
CN-430900,430900,益阳市,43,湖南省,地级市,core,2025,2025-12-31,prefecture_whole,secondary_debt,2381.46,5.50,369.19,113.60,432.00,45.10,,301.40,,615.55,,916.95,,38.50,807.17,807.17,26.30,28.42,39.70,官方城市预算执行报告（全市口径）,SRC-HUNAN-CITY-FISCAL-YIYANG-2025;SRC-A2-HUNAN-CITY-STATISTICAL-YIYANG-2025;SRC-SECONDARY-DEBT-HUNAN-YIYANG-2025,B2,needs_review,true,已接入评级报告或其他二手公开来源的债务补缺值；不等同于官方决算数据，必须回到财政/人大预算决算或官方债务表复核。
CN-431000,431000,郴州市,43,湖南省,地级市,core,2025,2025-12-31,prefecture_whole,official_debt,3502.08,5.50,455.74,201.91,591.81,,658.76,653.40,941.79,935.81,1600.54,1589.21,99.29,45.38,787.09,787.09,34.12,,,未采集,SRC-A2-HUNAN-CITY-STATISTICAL-CHENZHOU-2025;SRC-PROVINCE-DEBT-HUNAN-2025-DETAILED,A1,extracted,true,已从省级财政厅官方地级行政单元债务明细表提取；经济财政字段与债务字段的来源状态分开记录。
CN-431100,431100,永州市,43,湖南省,地级市,core,2025,2025-12-31,prefecture_whole,official_debt,2829.58,5.60,494.86,146.24,557.92,,429.23,424.91,912.63,909.51,1341.87,1334.42,99.44,47.16,912.49,912.49,26.21,,,未采集,SRC-A2-HUNAN-CITY-STATISTICAL-YONGZHOU-2025;SRC-PROVINCE-DEBT-HUNAN-2025-DETAILED,A1,extracted,true,已从省级财政厅官方地级行政单元债务明细表提取；经济财政字段与债务字段的来源状态分开记录。
CN-431200,431200,怀化市,43,湖南省,地级市,core,2025,2025-12-31,prefecture_whole,official_debt,2191.55,5.70,438.39,125.94,540.58,,460.33,456.92,886.31,877.24,1346.64,1334.16,99.07,60.88,1059.36,1059.36,23.30,,,未采集,SRC-A2-HUNAN-CITY-STATISTICAL-HUAIHUA-2025;SRC-PROVINCE-DEBT-HUNAN-2025-DETAILED,A1,extracted,true,已从省级财政厅官方地级行政单元债务明细表提取；经济财政字段与债务字段的来源状态分开记录。
CN-431300,431300,娄底市,43,湖南省,地级市,core,2025,2025-12-31,prefecture_whole,official_debt,2237.30,5.70,368.28,93.52,386.82,,363.48,358.80,582.67,580.75,946.15,939.55,99.30,41.99,1004.65,1004.65,24.18,,,未采集,SRC-A2-HUNAN-CITY-STATISTICAL-LOUDI-2025;SRC-PROVINCE-DEBT-HUNAN-2025-DETAILED,A1,extracted,true,已从省级财政厅官方地级行政单元债务明细表提取；经济财政字段与债务字段的来源状态分开记录。
CN-433100,433100,湘西土家族苗族自治州,43,湖南省,自治州,extended,2025,2025-12-31,prefecture_whole,official_debt,889.50,4.20,236.06,79.90,354.60,,309.37,306.01,469.50,466.35,778.87,772.36,99.16,86.83,966.66,966.66,22.53,,,未采集,SRC-A2-HUNAN-PREFECTURE-STATISTICAL-XIANGXI-2025;SRC-PROVINCE-DEBT-HUNAN-2025-DETAILED,A1,extracted,true,已从省级财政厅官方地级行政单元债务明细表提取；经济财政字段与债务字段的来源状态分开记录。
CN-440100,440100,广州市,44,广东省,地级市,core,2025,2025-12-31,prefecture_whole,official_debt,32039.46,4.00,,2184.82,2801.54,1000.00,935.32,923.71,6631.41,6534.59,7566.73,7458.30,98.57,23.28,341.37,341.37,77.99,31.40,45.77,官方城市预算报告（全市口径）,SRC-GD-CITY-GDP-2025;SRC-GD-CITY-FISCAL-2025;SRC-GZ-CITY-FUND-2025;SRC-CITY-DEBT-GUANGDONG-GUANGZHOU-2025,A1,extracted,true,已从省级财政厅官方地级行政单元债务明细表提取；经济财政字段与债务字段的来源状态分开记录。
CN-440200,440200,韶关市,44,广东省,地级市,core,2025,2025-12-31,prefecture_whole,secondary_debt,1705.10,3.60,,120.14,377.52,,,,,,,937.62,,54.99,780.44,780.44,31.82,,,未采集,SRC-GD-CITY-GDP-2025;SRC-GD-CITY-FISCAL-2025;SRC-SECONDARY-DEBT-GUANGDONG-SHAOGUAN-2025,B2,needs_review,true,已接入评级报告或其他二手公开来源的债务补缺值；不等同于官方决算数据，必须回到财政/人大预算决算或官方债务表复核。
CN-440300,440300,深圳市,44,广东省,地级市,core,2025,2025-12-31,prefecture_whole,official_debt,38731.80,5.50,,4163.77,4502.55,667.00,,214.70,,4277.60,,4492.30,,11.60,107.89,107.89,92.48,13.81,16.02,官方城市预算报告（全市口径）,SRC-GD-CITY-GDP-2025;SRC-GD-CITY-FISCAL-2025;SRC-SZ-CITY-FUND-2025;SRC-CITY-DEBT-GUANGDONG-SHENZHEN-2025,A2,extracted,true,已从省级财政厅官方地级行政单元债务明细表提取；经济财政字段与债务字段的来源状态分开记录。
CN-440400,440400,珠海市,44,广东省,地级市,core,2025,2025-12-31,prefecture_whole,secondary_debt,4573.10,2.70,,494.10,668.64,,,338.25,,1388.84,,1727.09,,37.77,349.54,349.54,73.90,,,未采集,SRC-GD-CITY-GDP-2025;SRC-GD-CITY-FISCAL-2025;SRC-SECONDARY-DEBT-GUANGDONG-ZHUHAI-2025,B2,needs_review,true,已接入评级报告或其他二手公开来源的债务补缺值；不等同于官方决算数据，必须回到财政/人大预算决算或官方债务表复核。
CN-440500,440500,汕头市,44,广东省,地级市,core,2025,2025-12-31,prefecture_whole,official_debt,3023.83,0.10,,170.33,386.13,100.70,,218.80,,1178.10,,1396.90,,46.20,820.11,820.11,44.11,37.15,59.12,官方城市预算报告（全市口径）,SRC-GD-CITY-GDP-2025;SRC-GD-CITY-FISCAL-2025;SRC-ST-CITY-FUND-2025;SRC-CITY-DEBT-GUANGDONG-SHANTOU-2025,A2,extracted,true,已从省级财政厅官方地级行政单元债务明细表提取；经济财政字段与债务字段的来源状态分开记录。
CN-440600,440600,佛山市,44,广东省,地级市,core,2025,2025-12-31,prefecture_whole,secondary_debt,13157.35,0.20,,800.27,920.81,,,403.67,,3170.02,,3573.69,,27.16,446.56,446.56,86.91,,,未采集,SRC-GD-CITY-GDP-2025;SRC-GD-CITY-FISCAL-2025;SRC-SECONDARY-DEBT-GUANGDONG-FOSHAN-2025,B2,needs_review,true,已接入评级报告或其他二手公开来源的债务补缺值；不等同于官方决算数据，必须回到财政/人大预算决算或官方债务表复核。
CN-440700,440700,江门市,44,广东省,地级市,core,2025,2025-12-31,prefecture_whole,official_debt,4293.91,2.80,,324.85,462.54,,324.17,322.41,1112.58,1109.60,1436.75,1432.01,99.67,33.35,440.82,440.82,70.23,,,未采集,SRC-GD-CITY-GDP-2025;SRC-GD-CITY-FISCAL-2025;SRC-CITY-DEBT-GUANGDONG-JIANGMEN-2025,A2,extracted,true,已从省级财政厅官方地级行政单元债务明细表提取；经济财政字段与债务字段的来源状态分开记录。
CN-440800,440800,湛江市,44,广东省,地级市,core,2025,2025-12-31,prefecture_whole,official_debt,3952.94,4.50,,215.10,568.16,64.70,320.02,315.51,1190.56,1188.55,1510.58,1504.06,99.57,38.05,699.24,699.24,37.86,23.12,30.08,官方城市预算报告（全市口径）,SRC-GD-CITY-GDP-2025;SRC-GD-CITY-FISCAL-2025;SRC-ZJ-CITY-FUND-2025;SRC-CITY-DEBT-GUANGDONG-ZHANJIANG-2025,A1,extracted,true,已从省级财政厅官方地级行政单元债务明细表提取；经济财政字段与债务字段的来源状态分开记录。
CN-440900,440900,茂名市,44,广东省,地级市,core,2025,2025-12-31,prefecture_whole,secondary_debt,4106.40,3.60,,186.64,531.04,,,,,,,1203.78,,29.31,644.97,644.97,35.15,,,未采集,SRC-GD-CITY-GDP-2025;SRC-GD-CITY-FISCAL-2025;SRC-SECONDARY-DEBT-GUANGDONG-MAOMING-2025,B2,needs_review,true,已接入评级报告或其他二手公开来源的债务补缺值；不等同于官方决算数据，必须回到财政/人大预算决算或官方债务表复核。
CN-441200,441200,肇庆市,44,广东省,地级市,core,2025,2025-12-31,prefecture_whole,secondary_debt,2974.84,3.10,,240.19,442.89,,,,,,,1423.67,,47.86,592.73,592.73,54.23,,,未采集,SRC-GD-CITY-GDP-2025;SRC-GD-CITY-FISCAL-2025;SRC-SECONDARY-DEBT-GUANGDONG-ZHAOQING-2025,B2,needs_review,true,已接入评级报告或其他二手公开来源的债务补缺值；不等同于官方决算数据，必须回到财政/人大预算决算或官方债务表复核。
CN-441300,441300,惠州市,44,广东省,地级市,core,2025,2025-12-31,prefecture_whole,secondary_debt,6363.66,4.50,,538.68,705.24,,,,,,,1759.82,,27.65,326.69,326.69,76.38,,,未采集,SRC-GD-CITY-GDP-2025;SRC-GD-CITY-FISCAL-2025;SRC-SECONDARY-DEBT-GUANGDONG-HUIZHOU-2025,B2,needs_review,true,已接入评级报告或其他二手公开来源的债务补缺值；不等同于官方决算数据，必须回到财政/人大预算决算或官方债务表复核。
CN-441400,441400,梅州市,44,广东省,地级市,core,2025,2025-12-31,prefecture_whole,secondary_debt,1583.23,5.80,,121.35,474.32,,,,,,,1042.34,,65.84,858.95,858.95,25.58,,,未采集,SRC-GD-CITY-GDP-2025;SRC-GD-CITY-FISCAL-2025;SRC-SECONDARY-DEBT-GUANGDONG-MEIZHOU-2025,B2,needs_review,true,已接入评级报告或其他二手公开来源的债务补缺值；不等同于官方决算数据，必须回到财政/人大预算决算或官方债务表复核。
CN-441500,441500,汕尾市,44,广东省,地级市,core,2025,2025-12-31,prefecture_whole,official_debt,1546.30,4.20,,90.38,297.93,,151.10,150.20,684.30,681.90,835.40,832.10,99.60,53.81,920.67,920.67,30.34,,,未采集,SRC-GD-CITY-GDP-2025;SRC-GD-CITY-FISCAL-2025;SRC-CITY-DEBT-GUANGDONG-SHANWEI-2025,A2,extracted,true,已从省级财政厅官方地级行政单元债务明细表提取；经济财政字段与债务字段的来源状态分开记录。
CN-441600,441600,河源市,44,广东省,地级市,core,2025,2025-12-31,prefecture_whole,official_debt,1434.57,3.30,,95.34,386.30,,290.27,288.34,543.24,542.43,833.51,830.77,99.67,57.91,871.38,871.38,24.68,,,未采集,SRC-GD-CITY-GDP-2025;SRC-GD-CITY-FISCAL-2025;SRC-CITY-DEBT-GUANGDONG-HEYUAN-2025,A1,extracted,true,已从省级财政厅官方地级行政单元债务明细表提取；经济财政字段与债务字段的来源状态分开记录。
CN-441700,441700,阳江市,44,广东省,地级市,core,2025,2025-12-31,prefecture_whole,secondary_debt,1671.22,3.30,,115.37,268.73,,,,,,,679.70,,40.67,589.15,589.15,42.93,,,未采集,SRC-GD-CITY-GDP-2025;SRC-GD-CITY-FISCAL-2025;SRC-SECONDARY-DEBT-GUANGDONG-YANGJIANG-2025,B2,needs_review,true,已接入评级报告或其他二手公开来源的债务补缺值；不等同于官方决算数据，必须回到财政/人大预算决算或官方债务表复核。
CN-441800,441800,清远市,44,广东省,地级市,core,2025,2025-12-31,prefecture_whole,secondary_debt,2317.47,4.50,,208.12,449.86,,,,,,,1316.55,,56.81,632.59,632.59,46.26,,,未采集,SRC-GD-CITY-GDP-2025;SRC-GD-CITY-FISCAL-2025;SRC-SECONDARY-DEBT-GUANGDONG-QINGYUAN-2025,B2,needs_review,true,已接入评级报告或其他二手公开来源的债务补缺值；不等同于官方决算数据，必须回到财政/人大预算决算或官方债务表复核。
CN-441900,441900,东莞市,44,广东省,地级市,core,2025,2025-12-31,prefecture_whole,official_debt,12760.20,4.00,,891.73,915.60,138.49,,521.14,,1837.14,,2358.28,,18.48,264.46,264.46,97.39,13.44,15.53,官方城市预算报告（全市口径）,SRC-GD-CITY-GDP-2025;SRC-GD-CITY-FISCAL-2025;SRC-DG-CITY-FUND-2025;SRC-CITY-DEBT-GUANGDONG-DONGGUAN-2025,A2,extracted,true,已从省级财政厅官方地级行政单元债务明细表提取；经济财政字段与债务字段的来源状态分开记录。
CN-442000,442000,中山市,44,广东省,地级市,core,2025,2025-12-31,prefecture_whole,official_debt,4260.56,3.80,,380.01,441.89,80.40,8.86,8.80,124.12,123.90,132.98,132.70,99.79,3.11,34.92,34.92,86.00,17.46,21.16,官方城市预算报告（全市口径）,SRC-GD-CITY-GDP-2025;SRC-GD-CITY-FISCAL-2025;SRC-ZS-CITY-FUND-2025;SRC-OFFICIAL-DEBT-GUANGDONG-ZHONGSHAN-2025,A1,extracted,true,已从省级财政厅官方地级行政单元债务明细表提取；经济财政字段与债务字段的来源状态分开记录。
CN-445100,445100,潮州市,44,广东省,地级市,core,2025,2025-12-31,prefecture_whole,secondary_debt,1452.17,4.70,,81.93,220.52,,,,,,,562.38,,38.73,686.42,686.42,37.15,,,未采集,SRC-GD-CITY-GDP-2025;SRC-GD-CITY-FISCAL-2025;SRC-SECONDARY-DEBT-GUANGDONG-CHAOZHOU-2025,B2,needs_review,true,已接入评级报告或其他二手公开来源的债务补缺值；不等同于官方决算数据，必须回到财政/人大预算决算或官方债务表复核。
CN-445200,445200,揭阳市,44,广东省,地级市,core,2025,2025-12-31,prefecture_whole,secondary_debt,2553.75,3.20,,130.12,383.58,,,,,,,741.87,,29.05,570.14,570.14,33.92,,,未采集,SRC-GD-CITY-GDP-2025;SRC-GD-CITY-FISCAL-2025;SRC-SECONDARY-DEBT-GUANGDONG-JIEYANG-2025,B2,needs_review,true,已接入评级报告或其他二手公开来源的债务补缺值；不等同于官方决算数据，必须回到财政/人大预算决算或官方债务表复核。
CN-445300,445300,云浮市,44,广东省,地级市,core,2025,2025-12-31,prefecture_whole,official_debt,1344.87,4.00,,81.10,281.59,,,223.60,,467.83,,691.43,,51.41,852.56,852.56,28.80,,,未采集,SRC-GD-CITY-GDP-2025;SRC-GD-CITY-FISCAL-2025;SRC-OFFICIAL-DEBT-GUANGDONG-YUNFU-2025,A1,extracted,true,已从省级财政厅官方地级行政单元债务明细表提取；经济财政字段与债务字段的来源状态分开记录。
CN-450100,450100,南宁市,45,广西壮族自治区,地级市,core,2025,2025-12-31,prefecture_whole,secondary_debt,,,,381.69,822.34,,,,,,,1784.79,,,467.60,467.60,46.42,,,官方城市预算执行报告（全市口径）,SRC-B2-GUANGXI-CITY-STATISTICAL-NANNING-2025;SRC-SECONDARY-DEBT-GUANGXI-NANNING-2025,B2,needs_review,true,已接入评级报告或其他二手公开来源的债务补缺值；不等同于官方决算数据，必须回到财政/人大预算决算或官方债务表复核。
CN-450200,450200,柳州市,45,广西壮族自治区,地级市,core,2025,2025-12-31,prefecture_whole,secondary_debt,,,,,,,,,,,,1157.33,,,,,,,,未采集,SRC-SECONDARY-DEBT-GUANGXI-LIUZHOU-2025,B2,needs_review,true,已接入评级报告或其他二手公开来源的债务补缺值；不等同于官方决算数据，必须回到财政/人大预算决算或官方债务表复核。
CN-450300,450300,桂林市,45,广西壮族自治区,地级市,core,2025,2025-12-31,prefecture_whole,secondary_debt,,,,,,,,,,,,1075.41,,,,,,,,未采集,SRC-SECONDARY-CEIC-CN-450300,D,needs_review,true,已接入商业数据库公开城市债务页的 provisional 补缺值；经济财政字段与债务字段来源状态分开记录，必须回到官方预算/决算或统计公报复核。
CN-450400,450400,梧州市,45,广西壮族自治区,地级市,core,2025,2025-12-31,prefecture_whole,secondary_debt,,,,,,,,,,,,667.54,,,,,,,,未采集,SRC-SECONDARY-DEBT-GUANGXI-WUZHOU-2025,B2,needs_review,true,已接入评级报告或其他二手公开来源的债务补缺值；不等同于官方决算数据，必须回到财政/人大预算决算或官方债务表复核。
CN-450500,450500,北海市,45,广西壮族自治区,地级市,core,2025,2025-12-31,prefecture_whole,secondary_debt,,,,,,,,,,,,426.44,,,,,,,,未采集,SRC-SECONDARY-CEIC-CN-450500,D,needs_review,true,已接入商业数据库公开城市债务页的 provisional 补缺值；经济财政字段与债务字段来源状态分开记录，必须回到官方预算/决算或统计公报复核。
CN-450600,450600,防城港市,45,广西壮族自治区,地级市,core,2025,2025-12-31,prefecture_whole,official_debt,,,,,,,156.55,146.78,232.13,228.80,388.68,375.59,96.63,,,,,,,未采集,SRC-CITY-DEBT-GUANGXI-FANGCHENGGANG-2025,A1,extracted,true,已从省级财政厅官方地级行政单元债务明细表提取；经济财政字段与债务字段的来源状态分开记录。
CN-450700,450700,钦州市,45,广西壮族自治区,地级市,core,2025,2025-12-31,prefecture_whole,secondary_debt,,,,,,,,,,,,800.51,,,,,,,,未采集,SRC-SECONDARY-DEBT-GUANGXI-QINZHOU-CHONGZUO-2025,B2,needs_review,true,已接入评级报告或其他二手公开来源的债务补缺值；不等同于官方决算数据，必须回到财政/人大预算决算或官方债务表复核。
CN-450800,450800,贵港市,45,广西壮族自治区,地级市,core,2025,2025-12-31,prefecture_whole,secondary_debt,,,,,,,,,,,,608.25,,,,,,,,未采集,SRC-SECONDARY-DEBT-GUANGXI-GUIGANG-2025,B2,needs_review,true,已接入评级报告或其他二手公开来源的债务补缺值；不等同于官方决算数据，必须回到财政/人大预算决算或官方债务表复核。
CN-450900,450900,玉林市,45,广西壮族自治区,地级市,core,2025,2025-12-31,prefecture_whole,secondary_debt,,,,,,,,,,,,871.37,,,,,,,,未采集,SRC-SECONDARY-DEBT-GUANGXI-YULIN-2025,B2,needs_review,true,已接入评级报告或其他二手公开来源的债务补缺值；不等同于官方决算数据，必须回到财政/人大预算决算或官方债务表复核。
CN-451000,451000,百色市,45,广西壮族自治区,地级市,core,2025,2025-12-31,prefecture_whole,secondary_debt,,,,,,,,,,,,926.68,,,,,,,,未采集,SRC-SECONDARY-DEBT-GUANGXI-BAISE-2025,B2,needs_review,true,已接入评级报告或其他二手公开来源的债务补缺值；不等同于官方决算数据，必须回到财政/人大预算决算或官方债务表复核。
CN-451100,451100,贺州市,45,广西壮族自治区,地级市,core,2025,2025-12-31,prefecture_whole,official_debt,,,,,,,,170.51,,330.98,,501.50,,,,,,,,未采集,SRC-OFFICIAL-DEBT-GUANGXI-HEZHOU-2025,A2,extracted,true,已从省级财政厅官方地级行政单元债务明细表提取；经济财政字段与债务字段的来源状态分开记录。
CN-451200,451200,河池市,45,广西壮族自治区,地级市,core,2025,2025-12-31,prefecture_whole,secondary_debt,,,,,,,,,,,,633.06,,,,,,,,未采集,SRC-SECONDARY-CEIC-CN-451200,D,needs_review,true,已接入商业数据库公开城市债务页的 provisional 补缺值；经济财政字段与债务字段来源状态分开记录，必须回到官方预算/决算或统计公报复核。
CN-451300,451300,来宾市,45,广西壮族自治区,地级市,core,2025,2025-12-31,prefecture_whole,official_debt,,,,,,,,281.79,,359.74,,641.53,,,,,,,,未采集,SRC-OFFICIAL-DEBT-GUANGXI-LAIBIN-2025,A2,extracted,true,已从省级财政厅官方地级行政单元债务明细表提取；经济财政字段与债务字段的来源状态分开记录。
CN-451400,451400,崇左市,45,广西壮族自治区,地级市,core,2025,2025-12-31,prefecture_whole,secondary_debt,,,,,,,,,,,,646.63,,,,,,,,未采集,SRC-SECONDARY-DEBT-GUANGXI-QINZHOU-CHONGZUO-2025,B2,needs_review,true,已接入评级报告或其他二手公开来源的债务补缺值；不等同于官方决算数据，必须回到财政/人大预算决算或官方债务表复核。
CN-460100,460100,海口市,46,海南省,地级市,core,2025,2025-12-31,prefecture_whole,execution,,,,253.80,336.70,68.40,,232.90,,1143.90,,1376.80,,,542.47,542.47,75.38,21.23,26.95,城市财政局官方预算执行报告（全市口径）,SRC-B2-HAINAN-CITY-STATISTICAL-HAIKOU-2025;SRC-NEWS-DEBT-HAINAN-HAIKOU-2025;SRC-A2-HAIKOU-CITY-FISCAL-2025,A2,extracted,true,已接入评级报告或其他二手公开来源的债务补缺值；不等同于官方决算数据，必须回到财政/人大预算决算或官方债务表复核。；已接入2025年海口市官方预算执行报告；财政三项字段为全市快报数，保留execution状态，不改写为最终决算。
CN-460200,460200,三亚市,46,海南省,地级市,core,2025,2025-12-31,prefecture_whole,official_debt,,,,,,,,170.70,,665.50,,836.20,,,,,,,,未采集,SRC-CITY-DEBT-HAINAN-SANYA-2025,A2,extracted,true,已从省级财政厅官方地级行政单元债务明细表提取；经济财政字段与债务字段的来源状态分开记录。
CN-460300,460300,三沙市,46,海南省,地级市,core,2025,2025-12-31,prefecture_whole,not_collected,,,,,,,,,,,,,,,,,,,,未采集,,,needs_collection,true,未取得可审计的公开数值，保留 null，后续进入采集队列。
CN-460400,460400,儋州市,46,海南省,地级市,core,2025,2025-12-31,prefecture_whole,official_debt,,,,,,,,112.75,,307.95,,420.70,,,,,,,,未采集,SRC-OFFICIAL-DEBT-HAINAN-DANZHOU-2025,A2,extracted,true,已从省级财政厅官方地级行政单元债务明细表提取；经济财政字段与债务字段的来源状态分开记录。
CN-469000,469000,省直辖县级行政区划,46,海南省,地级市,core,2025,2025-12-31,prefecture_whole,preliminary,,,,,,,,565.75,,758.23,,1323.98,,,,,,,,未采集,SRC-OFFICIAL-DEBT-HAINAN-DIRECT-COUNTY-2025,A1,extracted,true,已从省级财政厅官方地级行政单元债务明细表提取；经济财政字段与债务字段的来源状态分开记录。
CN-500000,500000,重庆市,50,重庆市,直辖市,separate,2025,2025-12-31,prefecture_whole,execution,,,,2736.00,5691.00,1593.00,4077.00,3957.00,13604.00,12825.00,17681.00,16782.00,94.92,,613.38,613.38,48.08,36.80,58.22,城市财政局官方预算执行报告（全市口径）,SRC-PROVINCE-DEBT-CHONGQING-2025;SRC-A2-CHONGQING-CITY-FISCAL-2025,A2,extracted,true,已从省级财政厅官方地级行政单元债务明细表提取；经济财政字段与债务字段的来源状态分开记录。；已接入2025年重庆市官方预算执行报告；财政三项字段为全市快报数，保留execution状态，不改写为最终决算。
CN-510100,510100,成都市,51,四川省,地级市,core,2025,2025-12-31,prefecture_whole,secondary_debt,24763.60,5.80,2153.50,2000.70,2680.00,1280.45,,,,,,7223.90,,29.17,361.07,361.07,74.65,39.02,64.00,城市预算执行报告（全市口径，A1精确来源）,SRC-B2-SICHUAN-CITY-STATISTICAL-CHENGDU-2025;SRC-B2-SICHUAN-CITY-STATISTICAL-CHENGDU-2025-ECONOMIC;SRC-SECONDARY-DEBT-SICHUAN-TOP6-2025;SRC-A1-CHENGDU-CITY-FUND-2025,A1,extracted,true,已接入评级报告或其他二手公开来源的债务补缺值；不等同于官方决算数据，必须回到财政/人大预算决算或官方债务表复核。；已接入2025年成都市全市政府性基金预算收入精确披露；来源等级为A1，保留执行状态，不改写为最终决算。
CN-510300,510300,自贡市,51,四川省,地级市,core,2025,2025-12-31,prefecture_whole,secondary_debt,,,,,,,,,,,,1015.80,,,,,,,,未采集,SRC-SECONDARY-DEBT-SICHUAN-ZIGONG-2025,B2,needs_review,true,已接入评级报告或其他二手公开来源的债务补缺值；不等同于官方决算数据，必须回到财政/人大预算决算或官方债务表复核。
CN-510400,510400,攀枝花市,51,四川省,地级市,core,2025,2025-12-31,prefecture_whole,secondary_debt,,,,,,,,,,,,415.80,,,,,,,,未采集,SRC-SECONDARY-DEBT-SICHUAN-PANZHIHUA-2025,B2,needs_review,true,已接入评级报告或其他二手公开来源的债务补缺值；不等同于官方决算数据，必须回到财政/人大预算决算或官方债务表复核。
CN-510500,510500,泸州市,51,四川省,地级市,core,2025,2025-12-31,prefecture_whole,secondary_debt,,,,,,,,,,,,1343.00,,,,,,,,未采集,SRC-SECONDARY-DEBT-SICHUAN-TOP6-2025,B2,needs_review,true,已接入评级报告或其他二手公开来源的债务补缺值；不等同于官方决算数据，必须回到财政/人大预算决算或官方债务表复核。
CN-510600,510600,德阳市,51,四川省,地级市,core,2025,2025-12-31,prefecture_whole,secondary_debt,,,,,,,,,,,,1123.70,,,,,,,,未采集,SRC-SECONDARY-DEBT-SICHUAN-DEYANG-2025,B2,needs_review,true,已接入评级报告或其他二手公开来源的债务补缺值；不等同于官方决算数据，必须回到财政/人大预算决算或官方债务表复核。
CN-510700,510700,绵阳市,51,四川省,地级市,core,2025,2025-12-31,prefecture_whole,secondary_debt,,,,,,,,,,,,1537.00,,,,,,,,未采集,SRC-SECONDARY-DEBT-SICHUAN-TOP6-2025,B2,needs_review,true,已接入评级报告或其他二手公开来源的债务补缺值；不等同于官方决算数据，必须回到财政/人大预算决算或官方债务表复核。
CN-510800,510800,广元市,51,四川省,地级市,core,2025,2025-12-31,prefecture_whole,secondary_debt,,,,,,,,,,,,775.40,,,,,,,,未采集,SRC-SECONDARY-DEBT-SICHUAN-GUANGYUAN-2025,B2,needs_review,true,已接入评级报告或其他二手公开来源的债务补缺值；不等同于官方决算数据，必须回到财政/人大预算决算或官方债务表复核。
CN-510900,510900,遂宁市,51,四川省,地级市,core,2025,2025-12-31,prefecture_whole,secondary_debt,,,,,,,,,,,,1064.95,,,,,,,,未采集,SRC-SECONDARY-DEBT-SICHUAN-SUINING-2025,B2,needs_review,true,已接入评级报告或其他二手公开来源的债务补缺值；不等同于官方决算数据，必须回到财政/人大预算决算或官方债务表复核。
CN-511000,511000,内江市,51,四川省,地级市,core,2025,2025-12-31,prefecture_whole,secondary_debt,,,,,,,,359.46,,623.09,,982.55,,,,,,,,未采集,SRC-SECONDARY-DEBT-SICHUAN-NEIJIANG-2025,B2,needs_review,true,已接入评级报告或其他二手公开来源的债务补缺值；不等同于官方决算数据，必须回到财政/人大预算决算或官方债务表复核。
CN-511100,511100,乐山市,51,四川省,地级市,core,2025,2025-12-31,prefecture_whole,official_debt,,,,,,,,,,,,1128.90,,,,,,,,未采集,SRC-OFFICIAL-DEBT-SICHUAN-LESHAN-2025,A2,extracted,true,已从省级财政厅官方地级行政单元债务明细表提取；经济财政字段与债务字段的来源状态分开记录。
CN-511300,511300,南充市,51,四川省,地级市,core,2025,2025-12-31,prefecture_whole,secondary_debt,,,,,,,,,,,,1519.40,,,,,,,,未采集,SRC-SECONDARY-DEBT-SICHUAN-TOP6-2025,B2,needs_review,true,已接入评级报告或其他二手公开来源的债务补缺值；不等同于官方决算数据，必须回到财政/人大预算决算或官方债务表复核。
CN-511400,511400,眉山市,51,四川省,地级市,core,2025,2025-12-31,prefecture_whole,secondary_debt,,,,,,,,236.66,,747.45,,984.11,,,,,,,,未采集,SRC-SECONDARY-DEBT-SICHUAN-MEISHAN-2025,B2,needs_review,true,已接入评级报告或其他二手公开来源的债务补缺值；不等同于官方决算数据，必须回到财政/人大预算决算或官方债务表复核。
CN-511500,511500,宜宾市,51,四川省,地级市,core,2025,2025-12-31,prefecture_whole,secondary_debt,,,,,,,,,,,,1595.80,,,,,,,,未采集,SRC-SECONDARY-DEBT-SICHUAN-TOP6-2025,B2,needs_review,true,已接入评级报告或其他二手公开来源的债务补缺值；不等同于官方决算数据，必须回到财政/人大预算决算或官方债务表复核。
CN-511600,511600,广安市,51,四川省,地级市,core,2025,2025-12-31,prefecture_whole,secondary_debt,,,,,,,,,,,,968.03,,,,,,,,未采集,SRC-SECONDARY-DEBT-SICHUAN-GUANGAN-2025,B2,needs_review,true,已接入评级报告或其他二手公开来源的债务补缺值；不等同于官方决算数据，必须回到财政/人大预算决算或官方债务表复核。
CN-511700,511700,达州市,51,四川省,地级市,core,2025,2025-12-31,prefecture_whole,secondary_debt,,,,,,,,,,,,1427.70,,,,,,,,未采集,SRC-SECONDARY-DEBT-SICHUAN-TOP6-2025,B2,needs_review,true,已接入评级报告或其他二手公开来源的债务补缺值；不等同于官方决算数据，必须回到财政/人大预算决算或官方债务表复核。
CN-511800,511800,雅安市,51,四川省,地级市,core,2025,2025-12-31,prefecture_whole,official_debt,,,,,,37.92,,,,,,517.61,,,,,,,,城市预算执行报告（全市口径，B2精确来源）,SRC-CITY-DEBT-SICHUAN-YAAN-2025;SRC-B2-YAAN-CITY-FUND-2025,B2,needs_review,true,已从省级财政厅官方地级行政单元债务明细表提取；经济财政字段与债务字段的来源状态分开记录。；已接入2025年雅安市全市政府性基金预算收入精确披露；来源等级为B2，保留执行状态，不改写为最终决算。
CN-511900,511900,巴中市,51,四川省,地级市,core,2025,2025-12-31,prefecture_whole,secondary_debt,,,,,,,,,,,,1096.50,,,,,,,,未采集,SRC-SECONDARY-DEBT-SICHUAN-BAZHONG-2025,B2,needs_review,true,已接入评级报告或其他二手公开来源的债务补缺值；不等同于官方决算数据，必须回到财政/人大预算决算或官方债务表复核。
CN-512000,512000,资阳市,51,四川省,地级市,core,2025,2025-12-31,prefecture_whole,secondary_debt,,,,,,,,,,,,765.60,,,,,,,,未采集,SRC-SECONDARY-DEBT-SICHUAN-ZIYANG-2025,B2,needs_review,true,已接入评级报告或其他二手公开来源的债务补缺值；不等同于官方决算数据，必须回到财政/人大预算决算或官方债务表复核。
CN-513200,513200,阿坝藏族羌族自治州,51,四川省,自治州,extended,2025,2025-12-31,prefecture_whole,secondary_debt,,,,,,,,,,,,207.70,,,,,,,,未采集,SRC-SECONDARY-DEBT-SICHUAN-ABA-2025,B2,needs_review,true,已接入评级报告或其他二手公开来源的债务补缺值；不等同于官方决算数据，必须回到财政/人大预算决算或官方债务表复核。
CN-513300,513300,甘孜藏族自治州,51,四川省,自治州,extended,2025,2025-12-31,prefecture_whole,secondary_debt,,,,,,,,,,,,186.80,,,,,,,,未采集,SRC-SECONDARY-DEBT-SICHUAN-GANZI-2025,B2,needs_review,true,已接入评级报告或其他二手公开来源的债务补缺值；不等同于官方决算数据，必须回到财政/人大预算决算或官方债务表复核。
CN-513400,513400,凉山彝族自治州,51,四川省,自治州,extended,2025,2025-12-31,prefecture_whole,secondary_debt,,,,,,,,,,,,684.00,,,,,,,,未采集,SRC-SECONDARY-DEBT-SICHUAN-LIANGSHAN-2025,B2,needs_review,true,已接入评级报告或其他二手公开来源的债务补缺值；不等同于官方决算数据，必须回到财政/人大预算决算或官方债务表复核。
CN-520100,520100,贵阳市,52,贵州省,地级市,core,2025,2025-12-31,prefecture_whole,official_debt,,,,,,,886.19,875.52,3486.98,3454.37,4373.17,4329.89,99.01,,,,,,,未采集,SRC-PROVINCE-DEBT-GUIZHOU-2025,A1,extracted,true,已从省级财政厅官方地级行政单元债务明细表提取；经济财政字段与债务字段的来源状态分开记录。
CN-520200,520200,六盘水市,52,贵州省,地级市,core,2025,2025-12-31,prefecture_whole,official_debt,,,,,,,690.32,683.50,587.41,583.85,1277.73,1267.35,99.19,,,,,,,未采集,SRC-PROVINCE-DEBT-GUIZHOU-2025,A1,extracted,true,已从省级财政厅官方地级行政单元债务明细表提取；经济财政字段与债务字段的来源状态分开记录。
CN-520300,520300,遵义市,52,贵州省,地级市,core,2025,2025-12-31,prefecture_whole,official_debt,,,,,,,1620.18,1610.13,1450.96,1442.30,3071.14,3052.43,99.39,,,,,,,未采集,SRC-PROVINCE-DEBT-GUIZHOU-2025,A1,extracted,true,已从省级财政厅官方地级行政单元债务明细表提取；经济财政字段与债务字段的来源状态分开记录。
CN-520400,520400,安顺市,52,贵州省,地级市,core,2025,2025-12-31,prefecture_whole,official_debt,,,,,,,428.87,425.29,422.51,419.51,851.38,844.80,99.23,,,,,,,未采集,SRC-PROVINCE-DEBT-GUIZHOU-2025,A1,extracted,true,已从省级财政厅官方地级行政单元债务明细表提取；经济财政字段与债务字段的来源状态分开记录。
CN-520500,520500,毕节市,52,贵州省,地级市,core,2025,2025-12-31,prefecture_whole,official_debt,,,,,,,986.28,972.39,816.94,811.78,1803.22,1784.17,98.94,,,,,,,未采集,SRC-PROVINCE-DEBT-GUIZHOU-2025,A1,extracted,true,已从省级财政厅官方地级行政单元债务明细表提取；经济财政字段与债务字段的来源状态分开记录。
CN-520600,520600,铜仁市,52,贵州省,地级市,core,2025,2025-12-31,prefecture_whole,official_debt,,,,,,,830.76,822.66,697.67,695.01,1528.43,1517.67,99.30,,,,,,,未采集,SRC-PROVINCE-DEBT-GUIZHOU-2025,A1,extracted,true,已从省级财政厅官方地级行政单元债务明细表提取；经济财政字段与债务字段的来源状态分开记录。
CN-522300,522300,黔西南布依族苗族自治州,52,贵州省,自治州,extended,2025,2025-12-31,prefecture_whole,official_debt,,,,,,,616.66,611.52,606.99,603.98,1223.65,1215.50,99.33,,,,,,,未采集,SRC-PROVINCE-DEBT-GUIZHOU-2025,A1,extracted,true,已从省级财政厅官方地级行政单元债务明细表提取；经济财政字段与债务字段的来源状态分开记录。
CN-522600,522600,黔东南苗族侗族自治州,52,贵州省,自治州,extended,2025,2025-12-31,prefecture_whole,official_debt,,,,,,,533.29,518.08,623.64,621.04,1156.93,1139.12,98.46,,,,,,,未采集,SRC-PROVINCE-DEBT-GUIZHOU-2025,A1,extracted,true,已从省级财政厅官方地级行政单元债务明细表提取；经济财政字段与债务字段的来源状态分开记录。
CN-522700,522700,黔南布依族苗族自治州,52,贵州省,自治州,extended,2025,2025-12-31,prefecture_whole,official_debt,,,,,,,761.28,756.92,956.04,948.33,1717.32,1705.25,99.30,,,,,,,未采集,SRC-PROVINCE-DEBT-GUIZHOU-2025,A1,extracted,true,已从省级财政厅官方地级行政单元债务明细表提取；经济财政字段与债务字段的来源状态分开记录。
CN-530100,530100,昆明市,53,云南省,地级市,core,2025,2025-12-31,prefecture_whole,secondary_debt,8637.45,4.20,874.40,575.00,843.47,,,,,,,3132.10,,36.26,544.71,544.71,68.17,,,官方城市预算执行报告（全市口径）,SRC-B2-YUNNAN-CITY-STATISTICAL-KUNMING-2025;SRC-SECONDARY-DEBT-YUNNAN-KUNMING-2025,B2,needs_review,true,已接入评级报告或其他二手公开来源的债务补缺值；不等同于官方决算数据，必须回到财政/人大预算决算或官方债务表复核。
CN-530300,530300,曲靖市,53,云南省,地级市,core,2025,2025-12-31,prefecture_whole,official_debt,,,,,,,355.80,346.50,839.18,836.79,1194.98,1183.29,99.02,,,,,,,未采集,SRC-OFFICIAL-DEBT-YUNNAN-QUJING-2025,A2,extracted,true,已从省级财政厅官方地级行政单元债务明细表提取；经济财政字段与债务字段的来源状态分开记录。
CN-530400,530400,玉溪市,53,云南省,地级市,core,2025,2025-12-31,prefecture_whole,secondary_debt,,,,,,,,,,,,1003.15,,,,,,,,未采集,SRC-SECONDARY-DEBT-YUNNAN-YUXI-2025,B2,needs_review,true,已接入评级报告或其他二手公开来源的债务补缺值；不等同于官方决算数据，必须回到财政/人大预算决算或官方债务表复核。
CN-530500,530500,保山市,53,云南省,地级市,core,2025,2025-12-31,prefecture_whole,execution,,,,65.42,261.71,31.64,,298.37,,692.41,,990.77,,,1514.48,1514.48,25.00,32.60,48.36,城市财政局官方预算执行报告（全市口径）,SRC-CITY-DEBT-YUNNAN-BAOSHAN-2025;SRC-A2-BAOSHAN-CITY-FISCAL-2025,A2,extracted,true,已从省级财政厅官方地级行政单元债务明细表提取；经济财政字段与债务字段的来源状态分开记录。；已接入2025年保山市官方预算执行报告；财政三项字段为全市快报数，保留execution状态，不改写为最终决算。
CN-530600,530600,昭通市,53,云南省,地级市,core,2025,2025-12-31,prefecture_whole,secondary_debt,,,,,,,,,,,,1405.11,,,,,,,,未采集,SRC-SECONDARY-CEIC-CN-530600,D,needs_review,true,已接入商业数据库公开城市债务页的 provisional 补缺值；经济财政字段与债务字段来源状态分开记录，必须回到官方预算/决算或统计公报复核。
CN-530700,530700,丽江市,53,云南省,地级市,core,2025,2025-12-31,prefecture_whole,secondary_debt,,,,,,,,,,,,478.08,,,,,,,,未采集,SRC-SECONDARY-CEIC-CN-530700,D,needs_review,true,已接入商业数据库公开城市债务页的 provisional 补缺值；经济财政字段与债务字段来源状态分开记录，必须回到官方预算/决算或统计公报复核。
CN-530800,530800,普洱市,53,云南省,地级市,core,2025,2025-12-31,prefecture_whole,official_debt,,,,,,,,214.78,,492.58,,707.36,,,,,,,,未采集,SRC-OFFICIAL-DEBT-YUNNAN-PUER-2025,A2,extracted,true,已从省级财政厅官方地级行政单元债务明细表提取；经济财政字段与债务字段的来源状态分开记录。
CN-530900,530900,临沧市,53,云南省,地级市,core,2025,2025-12-31,prefecture_whole,secondary_debt,,,,,,,,,,,,689.07,,,,,,,,未采集,SRC-SECONDARY-DEBT-YUNNAN-LINCANG-2025,B2,needs_review,true,已接入评级报告或其他二手公开来源的债务补缺值；不等同于官方决算数据，必须回到财政/人大预算决算或官方债务表复核。
CN-532300,532300,楚雄彝族自治州,53,云南省,自治州,extended,2025,2025-12-31,prefecture_whole,execution,,,,35.17,55.57,27.24,,,,,,801.85,,,2279.93,2279.93,63.29,43.65,77.45,城市财政局官方预算执行报告（全市口径）,SRC-OFFICIAL-DEBT-YUNNAN-CHUXIONG-2025;SRC-A2-CHUXIONG-CITY-FISCAL-2025,A2,extracted,true,已从省级财政厅官方地级行政单元债务明细表提取；经济财政字段与债务字段的来源状态分开记录。；已接入2025年楚雄彝族自治州官方预算执行报告；财政三项字段为全市快报数，保留execution状态，不改写为最终决算。
CN-532500,532500,红河哈尼族彝族自治州,53,云南省,自治州,extended,2025,2025-12-31,prefecture_whole,official_debt,,,,,,,287.03,277.51,885.60,879.72,1172.63,1157.23,98.69,,,,,,,未采集,SRC-CITY-DEBT-YUNNAN-HONGHE-2025,A1,extracted,true,已从省级财政厅官方地级行政单元债务明细表提取；经济财政字段与债务字段的来源状态分开记录。
CN-532600,532600,文山壮族苗族自治州,53,云南省,自治州,extended,2025,2025-12-31,prefecture_whole,official_debt,,,,,,,,,,,,1018.95,,,,,,,,未采集,SRC-OFFICIAL-DEBT-YUNNAN-WENSHAN-2025,A2,extracted,true,已从省级财政厅官方地级行政单元债务明细表提取；经济财政字段与债务字段的来源状态分开记录。
CN-532800,532800,西双版纳傣族自治州,53,云南省,自治州,extended,2025,2025-12-31,prefecture_whole,official_debt,,,,,,,,,,,,340.34,,,,,,,,未采集,SRC-OFFICIAL-DEBT-YUNNAN-XISHUANGBANNA-2025,A2,extracted,true,已从省级财政厅官方地级行政单元债务明细表提取；经济财政字段与债务字段的来源状态分开记录。
CN-532900,532900,大理白族自治州,53,云南省,自治州,extended,2025,2025-12-31,prefecture_whole,official_debt,,,,,,,,2289.80,,7167.80,,9457.59,,,,,,,,未采集,SRC-OFFICIAL-DEBT-YUNNAN-DALI-2025,A1,extracted,true,已从省级财政厅官方地级行政单元债务明细表提取；经济财政字段与债务字段的来源状态分开记录。
CN-533100,533100,德宏傣族景颇族自治州,53,云南省,自治州,extended,2025,2025-12-31,prefecture_whole,official_debt,,,,,,,,207.77,,351.38,,559.14,,,,,,,,未采集,SRC-OFFICIAL-DEBT-YUNNAN-DEHONG-2025,A2,extracted,true,已从省级财政厅官方地级行政单元债务明细表提取；经济财政字段与债务字段的来源状态分开记录。
CN-533300,533300,怒江傈僳族自治州,53,云南省,自治州,extended,2025,2025-12-31,prefecture_whole,official_debt,,,,,,,,113.50,,86.59,,200.09,,,,,,,,未采集,SRC-OFFICIAL-DEBT-YUNNAN-NUJIANG-2025,A2,extracted,true,已从省级财政厅官方地级行政单元债务明细表提取；经济财政字段与债务字段的来源状态分开记录。
CN-533400,533400,迪庆藏族自治州,53,云南省,自治州,extended,2025,2025-12-31,prefecture_whole,official_debt,,,,,,,111.73,107.93,119.98,119.40,231.71,227.33,98.11,,,,,,,未采集,SRC-CITY-DEBT-YUNNAN-DIQING-2025,A1,extracted,true,已从省级财政厅官方地级行政单元债务明细表提取；经济财政字段与债务字段的来源状态分开记录。
CN-540100,540100,拉萨市,54,西藏自治区,地级市,core,2025,2025-12-31,prefecture_whole,official_debt,,,,,,,83.67,82.75,102.78,90.70,186.45,173.45,93.03,,,,,,,未采集,SRC-CITY-DEBT-TIBET-LHASA-2025,A1,extracted,true,已从省级财政厅官方地级行政单元债务明细表提取；经济财政字段与债务字段的来源状态分开记录。
CN-540200,540200,日喀则市,54,西藏自治区,地级市,core,2025,2025-12-31,prefecture_whole,official_debt,,,,,,,97.95,96.37,54.68,54.48,152.63,150.85,98.83,,,,,,,未采集,SRC-PROVINCE-DEBT-TIBET-2025,A1,extracted,true,已从省级财政厅官方地级行政单元债务明细表提取；经济财政字段与债务字段的来源状态分开记录。
CN-540300,540300,昌都市,54,西藏自治区,地级市,core,2025,2025-12-31,prefecture_whole,official_debt,424.86,6.70,77.20,33.64,342.32,,95.37,94.84,22.75,22.75,118.11,117.59,99.56,27.68,349.55,349.55,9.83,,,官方城市预算执行报告（全市口径）,SRC-B2-TIBET-CITY-STATISTICAL-CHANGDU-2025;SRC-CITY-DEBT-TIBET-CHANGDU-2025,A1,extracted,true,已从省级财政厅官方地级行政单元债务明细表提取；经济财政字段与债务字段的来源状态分开记录。
CN-540400,540400,林芝市,54,西藏自治区,地级市,core,2025,2025-12-31,prefecture_whole,official_debt,,,,,,,23.74,23.12,37.64,37.60,61.38,60.72,98.92,,,,,,,未采集,SRC-CITY-DEBT-TIBET-LINZHI-2025,A1,extracted,true,已从省级财政厅官方地级行政单元债务明细表提取；经济财政字段与债务字段的来源状态分开记录。
CN-540500,540500,山南市,54,西藏自治区,地级市,core,2025,2025-12-31,prefecture_whole,official_debt,,,,,,,,54.54,,40.41,,94.95,,,,,,,,未采集,SRC-CITY-DEBT-TIBET-SHANNAN-2025,A1,extracted,true,已从省级财政厅官方地级行政单元债务明细表提取；经济财政字段与债务字段的来源状态分开记录。
CN-540600,540600,那曲市,54,西藏自治区,地级市,core,2025,2025-12-31,prefecture_whole,official_debt,,,,,,,75.93,75.79,52.16,51.59,128.09,127.38,99.45,,,,,,,未采集,SRC-PROVINCE-DEBT-TIBET-2025,A1,extracted,true,已从省级财政厅官方地级行政单元债务明细表提取；经济财政字段与债务字段的来源状态分开记录。
CN-542500,542500,阿里地区,54,西藏自治区,地区,extended,2025,2025-12-31,prefecture_whole,official_debt,,,,,,,,32.69,,23.64,,56.33,,,,,,,,未采集,SRC-CITY-DEBT-TIBET-ALI-2025,A1,extracted,true,已从省级财政厅官方地级行政单元债务明细表提取；经济财政字段与债务字段的来源状态分开记录。
CN-610100,610100,西安市,61,陕西省,地级市,core,2025,2025-12-31,prefecture_whole,execution,13902.67,4.70,1323.63,979.35,1513.02,681.83,,,,,,5363.14,,38.58,547.62,547.62,64.73,41.04,69.62,城市财政局官方预算执行报告（全市口径）,SRC-SHAANXI-CITY-STATISTICAL-XIAN-2025;SRC-SECONDARY-DEBT-SHAANXI-XIAN-2025;SRC-A2-XIAN-CITY-FUND-2025,A2,extracted,true,已接入评级报告或其他二手公开来源的债务补缺值；不等同于官方决算数据，必须回到财政/人大预算决算或官方债务表复核。；已接入2025年西安市官方预算执行报告；财政三项字段为全市快报数，保留execution状态，不改写为最终决算。
CN-610200,610200,铜川市,61,陕西省,地级市,core,2025,2025-12-31,prefecture_whole,official_debt,,,,,,,133.20,128.10,211.90,209.30,345.10,337.40,97.77,,,,,,,未采集,SRC-PROVINCE-DEBT-SHAANXI-2025,A2,extracted,true,已从省级财政厅官方地级行政单元债务明细表提取；经济财政字段与债务字段的来源状态分开记录。
CN-610300,610300,宝鸡市,61,陕西省,地级市,core,2025,2025-12-31,prefecture_whole,official_debt,2648.87,6.00,321.56,,,29.84,275.20,259.80,496.70,484.60,771.90,744.40,96.44,28.10,,,,,,城市预算执行报告（全市口径，A2精确来源）,SRC-A2-BAOJI-CITY-ECONOMIC-2025;SRC-PROVINCE-DEBT-SHAANXI-2025;SRC-A2-BAOJI-CITY-FUND-2025,A2,extracted,true,已从省级财政厅官方地级行政单元债务明细表提取；经济财政字段与债务字段的来源状态分开记录。；已接入2025年宝鸡市全市政府性基金预算收入精确披露；来源等级为A2，保留执行状态，不改写为最终决算。
CN-610400,610400,咸阳市,61,陕西省,地级市,core,2025,2025-12-31,prefecture_whole,official_debt,,,,,,,269.90,259.30,561.10,553.60,831.00,812.90,97.82,,,,,,,未采集,SRC-PROVINCE-DEBT-SHAANXI-2025,A2,extracted,true,已从省级财政厅官方地级行政单元债务明细表提取；经济财政字段与债务字段的来源状态分开记录。
CN-610500,610500,渭南市,61,陕西省,地级市,core,2025,2025-12-31,prefecture_whole,official_debt,,,,,,,387.80,370.30,584.90,578.40,972.70,948.70,97.53,,,,,,,未采集,SRC-PROVINCE-DEBT-SHAANXI-2025,A2,extracted,true,已从省级财政厅官方地级行政单元债务明细表提取；经济财政字段与债务字段的来源状态分开记录。
CN-610600,610600,延安市,61,陕西省,地级市,core,2025,2025-12-31,prefecture_whole,official_debt,,,,,,,419.20,399.90,446.80,430.10,866.00,830.00,95.84,,,,,,,未采集,SRC-PROVINCE-DEBT-SHAANXI-2025,A2,extracted,true,已从省级财政厅官方地级行政单元债务明细表提取；经济财政字段与债务字段的来源状态分开记录。
CN-610700,610700,汉中市,61,陕西省,地级市,core,2025,2025-12-31,prefecture_whole,official_debt,,,,,,,284.50,276.10,502.30,476.20,786.80,752.30,95.62,,,,,,,未采集,SRC-PROVINCE-DEBT-SHAANXI-2025,A2,extracted,true,已从省级财政厅官方地级行政单元债务明细表提取；经济财政字段与债务字段的来源状态分开记录。
CN-610800,610800,榆林市,61,陕西省,地级市,core,2025,2025-12-31,prefecture_whole,official_debt,,,,,,,499.30,480.80,392.10,378.30,891.40,859.10,96.38,,,,,,,未采集,SRC-PROVINCE-DEBT-SHAANXI-2025,A2,extracted,true,已从省级财政厅官方地级行政单元债务明细表提取；经济财政字段与债务字段的来源状态分开记录。
CN-610900,610900,安康市,61,陕西省,地级市,core,2025,2025-12-31,prefecture_whole,official_debt,,,,,,36.98,395.00,386.00,399.80,389.40,794.80,775.40,97.56,,,,,,,城市预算执行报告（全市口径，B2精确来源）,SRC-PROVINCE-DEBT-SHAANXI-2025;SRC-B2-ANKANG-CITY-FUND-2025,B2,needs_review,true,已从省级财政厅官方地级行政单元债务明细表提取；经济财政字段与债务字段的来源状态分开记录。；已接入2025年安康市全市政府性基金预算收入精确披露；来源等级为B2，保留执行状态，不改写为最终决算。
CN-611000,611000,商洛市,61,陕西省,地级市,core,2025,2025-12-31,prefecture_whole,official_debt,,,,,,,370.90,360.50,233.40,223.60,604.30,584.10,96.66,,,,,,,未采集,SRC-PROVINCE-DEBT-SHAANXI-2025,A2,extracted,true,已从省级财政厅官方地级行政单元债务明细表提取；经济财政字段与债务字段的来源状态分开记录。
CN-620100,620100,兰州市,62,甘肃省,地级市,core,2025,2025-12-31,prefecture_whole,secondary_debt,,,,,,,,,,,,1979.51,,,,,,,,未采集,SRC-SECONDARY-CEIC-CN-620100,D,needs_review,true,已接入商业数据库公开城市债务页的 provisional 补缺值；经济财政字段与债务字段来源状态分开记录，必须回到官方预算/决算或统计公报复核。
CN-620200,620200,嘉峪关市,62,甘肃省,地级市,core,2025,2025-12-31,prefecture_whole,official_debt,,,,,,,,32.61,,47.96,,80.57,,,,,,,,未采集,SRC-OFFICIAL-DEBT-GANSU-JIAYUGUAN-2025,A2,extracted,true,已从省级财政厅官方地级行政单元债务明细表提取；经济财政字段与债务字段的来源状态分开记录。
CN-620300,620300,金昌市,62,甘肃省,地级市,core,2025,2025-12-31,prefecture_whole,official_debt,,,,,,,,54.44,,92.68,,147.12,,,,,,,,未采集,SRC-OFFICIAL-DEBT-GANSU-JINCHANG-2025,A2,extracted,true,已从省级财政厅官方地级行政单元债务明细表提取；经济财政字段与债务字段的来源状态分开记录。
CN-620400,620400,白银市,62,甘肃省,地级市,core,2025,2025-12-31,prefecture_whole,official_debt,,,,,,,,126.16,,275.29,,401.45,,,,,,,,未采集,SRC-CITY-DEBT-GANSU-BAIYIN-2025,A2,extracted,true,已从省级财政厅官方地级行政单元债务明细表提取；经济财政字段与债务字段的来源状态分开记录。
CN-620500,620500,天水市,62,甘肃省,地级市,core,2025,2025-12-31,prefecture_whole,official_debt,,,,,,,,1082.80,,4266.52,,5349.31,,,,,,,,未采集,SRC-OFFICIAL-DEBT-GANSU-TIANSHUI-2025,A2,extracted,true,已从省级财政厅官方地级行政单元债务明细表提取；经济财政字段与债务字段的来源状态分开记录。
CN-620600,620600,武威市,62,甘肃省,地级市,core,2025,2025-12-31,prefecture_whole,official_debt,,,,,,,113.89,109.90,330.69,327.99,444.58,437.89,98.50,,,,,,,未采集,SRC-OFFICIAL-DEBT-GANSU-WUWEI-2025,A1,extracted,true,已从省级财政厅官方地级行政单元债务明细表提取；经济财政字段与债务字段的来源状态分开记录。
CN-620700,620700,张掖市,62,甘肃省,地级市,core,2025,2025-12-31,prefecture_whole,execution,,,,38.90,194.40,8.70,,91.78,,241.62,,333.40,,,857.07,857.07,20.01,18.28,22.37,城市财政局官方预算执行报告（全市口径）,SRC-OFFICIAL-DEBT-GANSU-ZHANGYE-2025;SRC-A2-ZHANGYE-CITY-FISCAL-2025,A2,extracted,true,已从省级财政厅官方地级行政单元债务明细表提取；经济财政字段与债务字段的来源状态分开记录。；已接入2025年张掖市官方预算执行报告；财政三项字段为全市快报数，保留execution状态，不改写为最终决算。
CN-620800,620800,平凉市,62,甘肃省,地级市,core,2025,2025-12-31,prefecture_whole,execution,,,,34.60,260.70,13.70,,119.00,,273.80,,392.80,,,1135.26,1135.26,13.27,28.36,39.60,城市财政局官方预算执行报告（全市口径）,SRC-OFFICIAL-DEBT-GANSU-PINGLIANG-2025;SRC-A2-PINGLIANG-CITY-FISCAL-2025,A2,extracted,true,已从省级财政厅官方地级行政单元债务明细表提取；经济财政字段与债务字段的来源状态分开记录。；已接入2025年平凉市官方预算执行报告；财政三项字段为全市快报数，保留execution状态，不改写为最终决算。
CN-620900,620900,酒泉市,62,甘肃省,地级市,core,2025,2025-12-31,prefecture_whole,not_collected,,,,,,,,,,,,,,,,,,,,未采集,,,needs_collection,true,未取得可审计的公开数值，保留 null，后续进入采集队列。
CN-621000,621000,庆阳市,62,甘肃省,地级市,core,2025,2025-12-31,prefecture_whole,official_debt,,,,,,,,172.82,,371.20,,544.02,,,,,,,,未采集,SRC-OFFICIAL-DEBT-GANSU-QINGYANG-2025,A1,extracted,true,已从省级财政厅官方地级行政单元债务明细表提取；经济财政字段与债务字段的来源状态分开记录。
CN-621100,621100,定西市,62,甘肃省,地级市,core,2025,2025-12-31,prefecture_whole,official_debt,,,,,,,,129.94,,318.93,,448.87,,,,,,,,未采集,SRC-OFFICIAL-DEBT-GANSU-DINGXI-2025,A2,extracted,true,已从省级财政厅官方地级行政单元债务明细表提取；经济财政字段与债务字段的来源状态分开记录。
CN-621200,621200,陇南市,62,甘肃省,地级市,core,2025,2025-12-31,prefecture_whole,official_debt,,,,,,,153.68,150.37,296.82,296.65,450.50,447.02,99.23,,,,,,,未采集,SRC-OFFICIAL-DEBT-GANSU-LONGNAN-2025,A1,extracted,true,已从省级财政厅官方地级行政单元债务明细表提取；经济财政字段与债务字段的来源状态分开记录。
CN-622900,622900,临夏回族自治州,62,甘肃省,自治州,extended,2025,2025-12-31,prefecture_whole,official_debt,,,,,,,,155.41,,350.33,,505.74,,,,,,,,未采集,SRC-OFFICIAL-DEBT-GANSU-LINXIA-2025,A2,extracted,true,已从省级财政厅官方地级行政单元债务明细表提取；经济财政字段与债务字段的来源状态分开记录。
CN-623000,623000,甘南藏族自治州,62,甘肃省,自治州,extended,2025,2025-12-31,prefecture_whole,official_debt_calculated,,,,,,,,,,,,308.98,,,,,,,,未采集,SRC-OFFICIAL-DEBT-GANSU-GANNAN-2025-CALCULATED,B2,needs_review,true,已接入评级报告或其他二手公开来源的债务补缺值；不等同于官方决算数据，必须回到财政/人大预算决算或官方债务表复核。
CN-630100,630100,西宁市,63,青海省,地级市,core,2025,2025-12-31,prefecture_whole,official_debt,,,,,,,359.06,351.24,412.56,386.00,771.62,737.24,95.54,,,,,,,未采集,SRC-PROVINCE-DEBT-QINGHAI-2025,A1,extracted,true,已从省级财政厅官方地级行政单元债务明细表提取；经济财政字段与债务字段的来源状态分开记录。
CN-630200,630200,海东市,63,青海省,地级市,core,2025,2025-12-31,prefecture_whole,official_debt,,,,,,,231.60,220.70,232.44,228.15,464.04,448.85,96.73,,,,,,,未采集,SRC-PROVINCE-DEBT-QINGHAI-2025,A1,extracted,true,已从省级财政厅官方地级行政单元债务明细表提取；经济财政字段与债务字段的来源状态分开记录。
CN-632200,632200,海北藏族自治州,63,青海省,自治州,extended,2025,2025-12-31,prefecture_whole,official_debt,,,,,,,39.77,37.18,9.84,8.84,49.61,46.02,92.76,,,,,,,未采集,SRC-PROVINCE-DEBT-QINGHAI-2025,A1,extracted,true,已从省级财政厅官方地级行政单元债务明细表提取；经济财政字段与债务字段的来源状态分开记录。
CN-632300,632300,黄南藏族自治州,63,青海省,自治州,extended,2025,2025-12-31,prefecture_whole,official_debt,,,,,,,43.80,43.28,23.79,21.79,67.58,65.07,96.29,,,,,,,未采集,SRC-PROVINCE-DEBT-QINGHAI-2025,A1,extracted,true,已从省级财政厅官方地级行政单元债务明细表提取；经济财政字段与债务字段的来源状态分开记录。
CN-632500,632500,海南藏族自治州,63,青海省,自治州,extended,2025,2025-12-31,prefecture_whole,official_debt,,,,,,,63.68,62.13,23.80,22.30,87.48,84.43,96.51,,,,,,,未采集,SRC-PROVINCE-DEBT-QINGHAI-2025,A1,extracted,true,已从省级财政厅官方地级行政单元债务明细表提取；经济财政字段与债务字段的来源状态分开记录。
CN-632600,632600,果洛藏族自治州,63,青海省,自治州,extended,2025,2025-12-31,prefecture_whole,official_debt,,,,,,,42.30,42.10,6.92,5.92,49.22,48.02,97.56,,,,,,,未采集,SRC-PROVINCE-DEBT-QINGHAI-2025,A1,extracted,true,已从省级财政厅官方地级行政单元债务明细表提取；经济财政字段与债务字段的来源状态分开记录。
CN-632700,632700,玉树藏族自治州,63,青海省,自治州,extended,2025,2025-12-31,prefecture_whole,official_debt,,,,,,,40.96,40.64,6.91,5.91,47.87,46.55,97.24,,,,,,,未采集,SRC-PROVINCE-DEBT-QINGHAI-2025,A1,extracted,true,已从省级财政厅官方地级行政单元债务明细表提取；经济财政字段与债务字段的来源状态分开记录。
CN-632800,632800,海西蒙古族藏族自治州,63,青海省,自治州,extended,2025,2025-12-31,prefecture_whole,official_debt,,,,,,,187.36,182.79,108.84,99.78,296.20,282.57,95.40,,,,,,,未采集,SRC-PROVINCE-DEBT-QINGHAI-2025,A1,extracted,true,已从省级财政厅官方地级行政单元债务明细表提取；经济财政字段与债务字段的来源状态分开记录。
CN-640100,640100,银川市,64,宁夏回族自治区,地级市,core,2025,2025-12-31,prefecture_whole,execution,3033.52,5.30,294.26,171.59,406.04,45.26,528.93,511.87,471.02,457.98,999.95,969.85,96.99,31.97,565.21,565.21,42.26,20.87,26.38,城市财政局官方预算执行报告（全市口径）,SRC-NINGXIA-CITY-STATISTICAL-YINCHUAN-2025;SRC-CITY-DEBT-NINGXIA-YINCHUAN-2025;SRC-A2-YINCHUAN-CITY-FISCAL-2025,A2,extracted,true,已从省级财政厅官方地级行政单元债务明细表提取；经济财政字段与债务字段的来源状态分开记录。；已接入2025年银川市官方预算执行报告；财政三项字段为全市快报数，保留execution状态，不改写为最终决算。
CN-640200,640200,石嘴山市,64,宁夏回族自治区,地级市,core,2025,2025-12-31,prefecture_whole,official_debt,,,,29.23,42.11,5.90,145.18,136.67,67.10,61.22,212.28,197.88,93.22,,676.98,676.98,69.41,16.79,20.18,官方城市预算执行报告（全市口径）,SRC-NINGXIA-CITY-FISCAL-SHIZUISHAN-2025;SRC-CITY-DEBT-NINGXIA-SHIZUISHAN-2025,A1,extracted,true,已从省级财政厅官方地级行政单元债务明细表提取；经济财政字段与债务字段的来源状态分开记录。
CN-640300,640300,吴忠市,64,宁夏回族自治区,地级市,core,2025,2025-12-31,prefecture_whole,official_debt,,,,47.49,273.53,20.71,230.56,222.38,126.58,122.44,357.14,344.82,96.55,,726.09,726.09,17.36,30.37,43.61,官方城市预算执行报告（全市口径）,SRC-NINGXIA-CITY-FISCAL-WUZHONG-2025;SRC-CITY-DEBT-NINGXIA-WUZHONG-2025,A1,extracted,true,已从省级财政厅官方地级行政单元债务明细表提取；经济财政字段与债务字段的来源状态分开记录。
CN-640400,640400,固原市,64,宁夏回族自治区,地级市,core,2025,2025-12-31,prefecture_whole,official_debt,,,,,,,,220.64,,106.57,,327.21,,,,,,,,未采集,SRC-CITY-DEBT-NINGXIA-GUYUAN-2025,A1,extracted,true,已从省级财政厅官方地级行政单元债务明细表提取；经济财政字段与债务字段的来源状态分开记录。
CN-640500,640500,中卫市,64,宁夏回族自治区,地级市,core,2025,2025-12-31,prefecture_whole,official_debt,,,,31.99,212.71,10.32,,,,,,266.63,,,833.48,833.48,15.04,24.39,32.26,官方城市预算执行报告（全市口径）,SRC-NINGXIA-CITY-FISCAL-ZHONGWEI-2025;SRC-CITY-DEBT-NINGXIA-ZHONGWEI-2025,A1,extracted,true,已从省级财政厅官方地级行政单元债务明细表提取；经济财政字段与债务字段的来源状态分开记录。
CN-650100,650100,乌鲁木齐市,65,新疆维吾尔自治区,地级市,core,2025,2025-12-31,prefecture_whole,official_debt,4658.19,4.50,415.39,409.23,569.06,145.24,541.16,519.59,2005.52,1938.87,2546.68,2458.46,96.54,52.78,600.75,600.75,71.91,26.19,35.49,官方城市预算执行报告（全市口径）,SRC-XINJIANG-CITY-STATISTICAL-URUMQI-2025;SRC-PROVINCE-DEBT-XINJIANG-2025,A1,extracted,true,已从省级财政厅官方地级行政单元债务明细表提取；经济财政字段与债务字段的来源状态分开记录。
CN-650200,650200,克拉玛依市,65,新疆维吾尔自治区,地级市,core,2025,2025-12-31,prefecture_whole,official_debt,1303.96,4.60,49.59,106.92,174.77,,182.02,166.15,244.02,242.13,426.04,408.28,95.83,31.31,381.86,381.86,61.18,,,未采集,SRC-B2-XINJIANG-CITY-STATISTICAL-KARAMAY-2025;SRC-PROVINCE-DEBT-XINJIANG-2025,A1,extracted,true,已从省级财政厅官方地级行政单元债务明细表提取；经济财政字段与债务字段的来源状态分开记录。
CN-650400,650400,吐鲁番市,65,新疆维吾尔自治区,地级市,core,2025,2025-12-31,prefecture_whole,official_debt,668.10,3.30,70.15,79.34,151.43,,104.73,99.45,247.95,247.00,352.68,346.45,98.23,51.86,436.66,436.66,52.39,,,未采集,SRC-A2-XINJIANG-CITY-STATISTICAL-TURPAN-2025;SRC-PROVINCE-DEBT-XINJIANG-2025,A1,extracted,true,已从省级财政厅官方地级行政单元债务明细表提取；经济财政字段与债务字段的来源状态分开记录。
CN-650500,650500,哈密市,65,新疆维吾尔自治区,地级市,core,2025,2025-12-31,prefecture_whole,official_debt,1162.95,9.30,,133.20,233.43,,173.27,158.64,254.68,236.19,427.95,394.83,92.26,33.95,296.42,296.42,57.06,,,未采集,SRC-A2-XINJIANG-CITY-STATISTICAL-HAMI-2025;SRC-PROVINCE-DEBT-XINJIANG-2025,A1,extracted,true,已从省级财政厅官方地级行政单元债务明细表提取；经济财政字段与债务字段的来源状态分开记录。
CN-652300,652300,昌吉回族自治州,65,新疆维吾尔自治区,自治州,extended,2025,2025-12-31,prefecture_whole,official_debt,2637.67,6.80,,276.81,453.35,,314.95,301.78,617.50,609.88,932.45,911.66,97.77,34.56,329.35,329.35,61.06,,,未采集,SRC-B2-XINJIANG-PREFECTURE-STATISTICAL-CHANGJI-2025;SRC-PROVINCE-DEBT-XINJIANG-2025,A1,extracted,true,已从省级财政厅官方地级行政单元债务明细表提取；经济财政字段与债务字段的来源状态分开记录。
CN-652700,652700,博尔塔拉蒙古自治州,65,新疆维吾尔自治区,自治州,extended,2025,2025-12-31,prefecture_whole,official_debt,575.15,6.60,,56.93,151.54,25.52,167.54,158.91,337.53,336.08,505.07,494.99,98.00,86.06,869.47,869.47,37.57,30.95,44.83,官方城市预算执行报告（全市口径）,SRC-A2-XINJIANG-PREFECTURE-STATISTICAL-BOZHOU-2025;SRC-PROVINCE-DEBT-XINJIANG-2025,A1,extracted,true,已从省级财政厅官方地级行政单元债务明细表提取；经济财政字段与债务字段的来源状态分开记录。
CN-652800,652800,巴音郭楞蒙古自治州,65,新疆维吾尔自治区,自治州,extended,2025,2025-12-31,prefecture_whole,official_debt,1723.53,5.50,146.68,125.94,329.13,,252.08,244.24,603.48,600.25,855.56,844.49,98.71,49.00,670.55,670.55,38.26,,,未采集,SRC-B2-XINJIANG-PREFECTURE-STATISTICAL-BAZHOU-2025;SRC-PROVINCE-DEBT-XINJIANG-2025,A1,extracted,true,已从省级财政厅官方地级行政单元债务明细表提取；经济财政字段与债务字段的来源状态分开记录。
CN-652900,652900,阿克苏地区,65,新疆维吾尔自治区,地区,extended,2025,2025-12-31,prefecture_whole,official_debt,2042.98,5.40,,205.40,589.70,,297.22,281.58,676.91,669.55,974.13,951.13,97.64,46.56,463.06,463.06,34.83,,,未采集,SRC-B2-XINJIANG-PREFECTURE-AKSU-2025-STATISTICS-FISCAL;SRC-PROVINCE-DEBT-XINJIANG-2025,A1,extracted,true,已从省级财政厅官方地级行政单元债务明细表提取；经济财政字段与债务字段的来源状态分开记录。
CN-653000,653000,克孜勒苏柯尔克孜自治州,65,新疆维吾尔自治区,自治州,extended,2025,2025-12-31,prefecture_whole,official_debt,272.24,6.00,64.07,28.63,199.90,,172.36,167.39,170.80,160.50,343.16,327.89,95.55,120.44,1145.27,1145.27,14.32,,,未采集,SRC-A2-XINJIANG-PREFECTURE-KIZILSU-2025-STATISTICS-FISCAL;SRC-PROVINCE-DEBT-XINJIANG-2025,A1,extracted,true,已从省级财政厅官方地级行政单元债务明细表提取；经济财政字段与债务字段的来源状态分开记录。
CN-653100,653100,喀什地区,65,新疆维吾尔自治区,地区,extended,2025,2025-12-31,prefecture_whole,official_debt,1752.12,6.40,,110.51,812.52,,359.80,350.69,789.04,753.98,1148.84,1104.67,96.16,63.05,999.61,999.61,13.60,,,未采集,SRC-A2-XINJIANG-PREFECTURE-KASHGAR-2025-STATISTICS-FISCAL;SRC-PROVINCE-DEBT-XINJIANG-2025,A1,extracted,true,已从省级财政厅官方地级行政单元债务明细表提取；经济财政字段与债务字段的来源状态分开记录。
CN-653200,653200,和田地区,65,新疆维吾尔自治区,地区,extended,2025,2025-12-31,prefecture_whole,official_debt,,6.60,,51.73,454.22,10.34,324.13,318.00,494.13,493.84,818.26,811.84,99.22,,1569.38,1569.38,11.39,16.66,19.99,官方城市预算执行报告（全市口径）,SRC-A2-XINJIANG-PREFECTURE-HOTAN-2025-STATISTICS-FINAL-FISCAL;SRC-PROVINCE-DEBT-XINJIANG-2025,A1,extracted,true,已从省级财政厅官方地级行政单元债务明细表提取；经济财政字段与债务字段的来源状态分开记录。
CN-654000,654000,伊犁哈萨克自治州,65,新疆维吾尔自治区,自治州,extended,2025,2025-12-31,prefecture_whole,official_debt,,,,,,,374.67,362.42,813.11,802.48,1187.78,1164.90,98.07,,,,,,,未采集,SRC-PROVINCE-DEBT-XINJIANG-2025,A1,extracted,true,已从省级财政厅官方地级行政单元债务明细表提取；经济财政字段与债务字段的来源状态分开记录。
CN-654200,654200,塔城地区,65,新疆维吾尔自治区,地区,extended,2025,2025-12-31,prefecture_whole,official_debt,,,,,,,201.72,191.52,372.70,369.92,574.42,561.44,97.74,,,,,,,未采集,SRC-PROVINCE-DEBT-XINJIANG-2025,A1,extracted,true,已从省级财政厅官方地级行政单元债务明细表提取；经济财政字段与债务字段的来源状态分开记录。
CN-654300,654300,阿勒泰地区,65,新疆维吾尔自治区,地区,extended,2025,2025-12-31,prefecture_whole,official_debt,,,,,,,205.65,198.18,343.62,332.82,549.27,531.00,96.67,,,,,,,未采集,SRC-PROVINCE-DEBT-XINJIANG-2025,A1,extracted,true,已从省级财政厅官方地级行政单元债务明细表提取；经济财政字段与债务字段的来源状态分开记录。
CN-659000,659000,自治区直辖县级行政区划,65,新疆维吾尔自治区,地级市,core,2025,2025-12-31,prefecture_whole,secondary_debt,,,,,,,,,,,,1682.98,,,,,,,,未采集,SRC-SECONDARY-DEBT-XINJIANG-BINGTUAN-2025-12-11,B2,needs_review,true,已接入评级报告或其他二手公开来源的债务补缺值；不等同于官方决算数据，必须回到财政/人大预算决算或官方债务表复核。
CN-110000,110000,北京市,11,北京市,直辖市,separate,2026,2026-12-31,prefecture_whole,not_collected,,,,,,,,,,,,,,,,,,,,未采集,,,needs_collection,true,未取得可审计的公开数值，保留 null，后续进入采集队列。
CN-120000,120000,天津市,12,天津市,直辖市,separate,2026,2026-12-31,prefecture_whole,not_collected,,,,,,,,,,,,,,,,,,,,未采集,,,needs_collection,true,未取得可审计的公开数值，保留 null，后续进入采集队列。
CN-130100,130100,石家庄市,13,河北省,地级市,core,2026,2026-12-31,prefecture_whole,not_collected,,,,,,,,,,,,,,,,,,,,未采集,,,needs_collection,true,未取得可审计的公开数值，保留 null，后续进入采集队列。
CN-130200,130200,唐山市,13,河北省,地级市,core,2026,2026-12-31,prefecture_whole,not_collected,,,,,,,,,,,,,,,,,,,,未采集,,,needs_collection,true,未取得可审计的公开数值，保留 null，后续进入采集队列。
CN-130300,130300,秦皇岛市,13,河北省,地级市,core,2026,2026-12-31,prefecture_whole,not_collected,,,,,,,,,,,,,,,,,,,,未采集,,,needs_collection,true,未取得可审计的公开数值，保留 null，后续进入采集队列。
CN-130400,130400,邯郸市,13,河北省,地级市,core,2026,2026-12-31,prefecture_whole,not_collected,,,,,,,,,,,,,,,,,,,,未采集,,,needs_collection,true,未取得可审计的公开数值，保留 null，后续进入采集队列。
CN-130500,130500,邢台市,13,河北省,地级市,core,2026,2026-12-31,prefecture_whole,not_collected,,,,,,,,,,,,,,,,,,,,未采集,,,needs_collection,true,未取得可审计的公开数值，保留 null，后续进入采集队列。
CN-130600,130600,保定市,13,河北省,地级市,core,2026,2026-12-31,prefecture_whole,not_collected,,,,,,,,,,,,,,,,,,,,未采集,,,needs_collection,true,未取得可审计的公开数值，保留 null，后续进入采集队列。
CN-130700,130700,张家口市,13,河北省,地级市,core,2026,2026-12-31,prefecture_whole,not_collected,,,,,,,,,,,,,,,,,,,,未采集,,,needs_collection,true,未取得可审计的公开数值，保留 null，后续进入采集队列。
CN-130800,130800,承德市,13,河北省,地级市,core,2026,2026-12-31,prefecture_whole,not_collected,,,,,,,,,,,,,,,,,,,,未采集,,,needs_collection,true,未取得可审计的公开数值，保留 null，后续进入采集队列。
CN-130900,130900,沧州市,13,河北省,地级市,core,2026,2026-12-31,prefecture_whole,not_collected,,,,,,,,,,,,,,,,,,,,未采集,,,needs_collection,true,未取得可审计的公开数值，保留 null，后续进入采集队列。
CN-131000,131000,廊坊市,13,河北省,地级市,core,2026,2026-12-31,prefecture_whole,not_collected,,,,,,,,,,,,,,,,,,,,未采集,,,needs_collection,true,未取得可审计的公开数值，保留 null，后续进入采集队列。
CN-131100,131100,衡水市,13,河北省,地级市,core,2026,2026-12-31,prefecture_whole,not_collected,,,,,,,,,,,,,,,,,,,,未采集,,,needs_collection,true,未取得可审计的公开数值，保留 null，后续进入采集队列。
CN-133100,133100,雄安新区,13,河北省,地级市,core,2026,2026-12-31,prefecture_whole,not_collected,,,,,,,,,,,,,,,,,,,,未采集,,,needs_collection,true,未取得可审计的公开数值，保留 null，后续进入采集队列。
CN-140100,140100,太原市,14,山西省,地级市,core,2026,2026-12-31,prefecture_whole,not_collected,,,,,,,,,,,,,,,,,,,,未采集,,,needs_collection,true,未取得可审计的公开数值，保留 null，后续进入采集队列。
CN-140200,140200,大同市,14,山西省,地级市,core,2026,2026-12-31,prefecture_whole,not_collected,,,,,,,,,,,,,,,,,,,,未采集,,,needs_collection,true,未取得可审计的公开数值，保留 null，后续进入采集队列。
CN-140300,140300,阳泉市,14,山西省,地级市,core,2026,2026-12-31,prefecture_whole,not_collected,,,,,,,,,,,,,,,,,,,,未采集,,,needs_collection,true,未取得可审计的公开数值，保留 null，后续进入采集队列。
CN-140400,140400,长治市,14,山西省,地级市,core,2026,2026-12-31,prefecture_whole,not_collected,,,,,,,,,,,,,,,,,,,,未采集,,,needs_collection,true,未取得可审计的公开数值，保留 null，后续进入采集队列。
CN-140500,140500,晋城市,14,山西省,地级市,core,2026,2026-12-31,prefecture_whole,not_collected,,,,,,,,,,,,,,,,,,,,未采集,,,needs_collection,true,未取得可审计的公开数值，保留 null，后续进入采集队列。
CN-140600,140600,朔州市,14,山西省,地级市,core,2026,2026-12-31,prefecture_whole,not_collected,,,,,,,,,,,,,,,,,,,,未采集,,,needs_collection,true,未取得可审计的公开数值，保留 null，后续进入采集队列。
CN-140700,140700,晋中市,14,山西省,地级市,core,2026,2026-12-31,prefecture_whole,not_collected,,,,,,,,,,,,,,,,,,,,未采集,,,needs_collection,true,未取得可审计的公开数值，保留 null，后续进入采集队列。
CN-140800,140800,运城市,14,山西省,地级市,core,2026,2026-12-31,prefecture_whole,not_collected,,,,,,,,,,,,,,,,,,,,未采集,,,needs_collection,true,未取得可审计的公开数值，保留 null，后续进入采集队列。
CN-140900,140900,忻州市,14,山西省,地级市,core,2026,2026-12-31,prefecture_whole,not_collected,,,,,,,,,,,,,,,,,,,,未采集,,,needs_collection,true,未取得可审计的公开数值，保留 null，后续进入采集队列。
CN-141000,141000,临汾市,14,山西省,地级市,core,2026,2026-12-31,prefecture_whole,not_collected,,,,,,,,,,,,,,,,,,,,未采集,,,needs_collection,true,未取得可审计的公开数值，保留 null，后续进入采集队列。
CN-141100,141100,吕梁市,14,山西省,地级市,core,2026,2026-12-31,prefecture_whole,not_collected,,,,,,,,,,,,,,,,,,,,未采集,,,needs_collection,true,未取得可审计的公开数值，保留 null，后续进入采集队列。
CN-150100,150100,呼和浩特市,15,内蒙古自治区,地级市,core,2026,2026-12-31,prefecture_whole,not_collected,,,,,,,,,,,,,,,,,,,,未采集,,,needs_collection,true,未取得可审计的公开数值，保留 null，后续进入采集队列。
CN-150200,150200,包头市,15,内蒙古自治区,地级市,core,2026,2026-12-31,prefecture_whole,not_collected,,,,,,,,,,,,,,,,,,,,未采集,,,needs_collection,true,未取得可审计的公开数值，保留 null，后续进入采集队列。
CN-150300,150300,乌海市,15,内蒙古自治区,地级市,core,2026,2026-12-31,prefecture_whole,not_collected,,,,,,,,,,,,,,,,,,,,未采集,,,needs_collection,true,未取得可审计的公开数值，保留 null，后续进入采集队列。
CN-150400,150400,赤峰市,15,内蒙古自治区,地级市,core,2026,2026-12-31,prefecture_whole,not_collected,,,,,,,,,,,,,,,,,,,,未采集,,,needs_collection,true,未取得可审计的公开数值，保留 null，后续进入采集队列。
CN-150500,150500,通辽市,15,内蒙古自治区,地级市,core,2026,2026-12-31,prefecture_whole,not_collected,,,,,,,,,,,,,,,,,,,,未采集,,,needs_collection,true,未取得可审计的公开数值，保留 null，后续进入采集队列。
CN-150600,150600,鄂尔多斯市,15,内蒙古自治区,地级市,core,2026,2026-12-31,prefecture_whole,not_collected,,,,,,,,,,,,,,,,,,,,未采集,,,needs_collection,true,未取得可审计的公开数值，保留 null，后续进入采集队列。
CN-150700,150700,呼伦贝尔市,15,内蒙古自治区,地级市,core,2026,2026-12-31,prefecture_whole,not_collected,,,,,,,,,,,,,,,,,,,,未采集,,,needs_collection,true,未取得可审计的公开数值，保留 null，后续进入采集队列。
CN-150800,150800,巴彦淖尔市,15,内蒙古自治区,地级市,core,2026,2026-12-31,prefecture_whole,not_collected,,,,,,,,,,,,,,,,,,,,未采集,,,needs_collection,true,未取得可审计的公开数值，保留 null，后续进入采集队列。
CN-150900,150900,乌兰察布市,15,内蒙古自治区,地级市,core,2026,2026-12-31,prefecture_whole,not_collected,,,,,,,,,,,,,,,,,,,,未采集,,,needs_collection,true,未取得可审计的公开数值，保留 null，后续进入采集队列。
CN-152200,152200,兴安盟,15,内蒙古自治区,盟,extended,2026,2026-12-31,prefecture_whole,not_collected,,,,,,,,,,,,,,,,,,,,未采集,,,needs_collection,true,未取得可审计的公开数值，保留 null，后续进入采集队列。
CN-152500,152500,锡林郭勒盟,15,内蒙古自治区,盟,extended,2026,2026-12-31,prefecture_whole,not_collected,,,,,,,,,,,,,,,,,,,,未采集,,,needs_collection,true,未取得可审计的公开数值，保留 null，后续进入采集队列。
CN-152900,152900,阿拉善盟,15,内蒙古自治区,盟,extended,2026,2026-12-31,prefecture_whole,not_collected,,,,,,,,,,,,,,,,,,,,未采集,,,needs_collection,true,未取得可审计的公开数值，保留 null，后续进入采集队列。
CN-210100,210100,沈阳市,21,辽宁省,地级市,core,2026,2026-12-31,prefecture_whole,not_collected,,,,,,,,,,,,,,,,,,,,未采集,,,needs_collection,true,未取得可审计的公开数值，保留 null，后续进入采集队列。
CN-210200,210200,大连市,21,辽宁省,地级市,core,2026,2026-12-31,prefecture_whole,not_collected,,,,,,,,,,,,,,,,,,,,未采集,,,needs_collection,true,未取得可审计的公开数值，保留 null，后续进入采集队列。
CN-210300,210300,鞍山市,21,辽宁省,地级市,core,2026,2026-12-31,prefecture_whole,not_collected,,,,,,,,,,,,,,,,,,,,未采集,,,needs_collection,true,未取得可审计的公开数值，保留 null，后续进入采集队列。
CN-210400,210400,抚顺市,21,辽宁省,地级市,core,2026,2026-12-31,prefecture_whole,not_collected,,,,,,,,,,,,,,,,,,,,未采集,,,needs_collection,true,未取得可审计的公开数值，保留 null，后续进入采集队列。
CN-210500,210500,本溪市,21,辽宁省,地级市,core,2026,2026-12-31,prefecture_whole,not_collected,,,,,,,,,,,,,,,,,,,,未采集,,,needs_collection,true,未取得可审计的公开数值，保留 null，后续进入采集队列。
CN-210600,210600,丹东市,21,辽宁省,地级市,core,2026,2026-12-31,prefecture_whole,not_collected,,,,,,,,,,,,,,,,,,,,未采集,,,needs_collection,true,未取得可审计的公开数值，保留 null，后续进入采集队列。
CN-210700,210700,锦州市,21,辽宁省,地级市,core,2026,2026-12-31,prefecture_whole,not_collected,,,,,,,,,,,,,,,,,,,,未采集,,,needs_collection,true,未取得可审计的公开数值，保留 null，后续进入采集队列。
CN-210800,210800,营口市,21,辽宁省,地级市,core,2026,2026-12-31,prefecture_whole,not_collected,,,,,,,,,,,,,,,,,,,,未采集,,,needs_collection,true,未取得可审计的公开数值，保留 null，后续进入采集队列。
CN-210900,210900,阜新市,21,辽宁省,地级市,core,2026,2026-12-31,prefecture_whole,not_collected,,,,,,,,,,,,,,,,,,,,未采集,,,needs_collection,true,未取得可审计的公开数值，保留 null，后续进入采集队列。
CN-211000,211000,辽阳市,21,辽宁省,地级市,core,2026,2026-12-31,prefecture_whole,not_collected,,,,,,,,,,,,,,,,,,,,未采集,,,needs_collection,true,未取得可审计的公开数值，保留 null，后续进入采集队列。
CN-211100,211100,盘锦市,21,辽宁省,地级市,core,2026,2026-12-31,prefecture_whole,not_collected,,,,,,,,,,,,,,,,,,,,未采集,,,needs_collection,true,未取得可审计的公开数值，保留 null，后续进入采集队列。
CN-211200,211200,铁岭市,21,辽宁省,地级市,core,2026,2026-12-31,prefecture_whole,not_collected,,,,,,,,,,,,,,,,,,,,未采集,,,needs_collection,true,未取得可审计的公开数值，保留 null，后续进入采集队列。
CN-211300,211300,朝阳市,21,辽宁省,地级市,core,2026,2026-12-31,prefecture_whole,not_collected,,,,,,,,,,,,,,,,,,,,未采集,,,needs_collection,true,未取得可审计的公开数值，保留 null，后续进入采集队列。
CN-211400,211400,葫芦岛市,21,辽宁省,地级市,core,2026,2026-12-31,prefecture_whole,not_collected,,,,,,,,,,,,,,,,,,,,未采集,,,needs_collection,true,未取得可审计的公开数值，保留 null，后续进入采集队列。
CN-220100,220100,长春市,22,吉林省,地级市,core,2026,2026-12-31,prefecture_whole,not_collected,,,,,,,,,,,,,,,,,,,,未采集,,,needs_collection,true,未取得可审计的公开数值，保留 null，后续进入采集队列。
CN-220200,220200,吉林市,22,吉林省,地级市,core,2026,2026-12-31,prefecture_whole,not_collected,,,,,,,,,,,,,,,,,,,,未采集,,,needs_collection,true,未取得可审计的公开数值，保留 null，后续进入采集队列。
CN-220300,220300,四平市,22,吉林省,地级市,core,2026,2026-12-31,prefecture_whole,not_collected,,,,,,,,,,,,,,,,,,,,未采集,,,needs_collection,true,未取得可审计的公开数值，保留 null，后续进入采集队列。
CN-220400,220400,辽源市,22,吉林省,地级市,core,2026,2026-12-31,prefecture_whole,not_collected,,,,,,,,,,,,,,,,,,,,未采集,,,needs_collection,true,未取得可审计的公开数值，保留 null，后续进入采集队列。
CN-220500,220500,通化市,22,吉林省,地级市,core,2026,2026-12-31,prefecture_whole,not_collected,,,,,,,,,,,,,,,,,,,,未采集,,,needs_collection,true,未取得可审计的公开数值，保留 null，后续进入采集队列。
CN-220600,220600,白山市,22,吉林省,地级市,core,2026,2026-12-31,prefecture_whole,not_collected,,,,,,,,,,,,,,,,,,,,未采集,,,needs_collection,true,未取得可审计的公开数值，保留 null，后续进入采集队列。
CN-220700,220700,松原市,22,吉林省,地级市,core,2026,2026-12-31,prefecture_whole,not_collected,,,,,,,,,,,,,,,,,,,,未采集,,,needs_collection,true,未取得可审计的公开数值，保留 null，后续进入采集队列。
CN-220800,220800,白城市,22,吉林省,地级市,core,2026,2026-12-31,prefecture_whole,not_collected,,,,,,,,,,,,,,,,,,,,未采集,,,needs_collection,true,未取得可审计的公开数值，保留 null，后续进入采集队列。
CN-222400,222400,延边朝鲜族自治州,22,吉林省,自治州,extended,2026,2026-12-31,prefecture_whole,not_collected,,,,,,,,,,,,,,,,,,,,未采集,,,needs_collection,true,未取得可审计的公开数值，保留 null，后续进入采集队列。
CN-230100,230100,哈尔滨市,23,黑龙江省,地级市,core,2026,2026-12-31,prefecture_whole,not_collected,,,,,,,,,,,,,,,,,,,,未采集,,,needs_collection,true,未取得可审计的公开数值，保留 null，后续进入采集队列。
CN-230200,230200,齐齐哈尔市,23,黑龙江省,地级市,core,2026,2026-12-31,prefecture_whole,not_collected,,,,,,,,,,,,,,,,,,,,未采集,,,needs_collection,true,未取得可审计的公开数值，保留 null，后续进入采集队列。
CN-230300,230300,鸡西市,23,黑龙江省,地级市,core,2026,2026-12-31,prefecture_whole,not_collected,,,,,,,,,,,,,,,,,,,,未采集,,,needs_collection,true,未取得可审计的公开数值，保留 null，后续进入采集队列。
CN-230400,230400,鹤岗市,23,黑龙江省,地级市,core,2026,2026-12-31,prefecture_whole,not_collected,,,,,,,,,,,,,,,,,,,,未采集,,,needs_collection,true,未取得可审计的公开数值，保留 null，后续进入采集队列。
CN-230500,230500,双鸭山市,23,黑龙江省,地级市,core,2026,2026-12-31,prefecture_whole,not_collected,,,,,,,,,,,,,,,,,,,,未采集,,,needs_collection,true,未取得可审计的公开数值，保留 null，后续进入采集队列。
CN-230600,230600,大庆市,23,黑龙江省,地级市,core,2026,2026-12-31,prefecture_whole,not_collected,,,,,,,,,,,,,,,,,,,,未采集,,,needs_collection,true,未取得可审计的公开数值，保留 null，后续进入采集队列。
CN-230700,230700,伊春市,23,黑龙江省,地级市,core,2026,2026-12-31,prefecture_whole,not_collected,,,,,,,,,,,,,,,,,,,,未采集,,,needs_collection,true,未取得可审计的公开数值，保留 null，后续进入采集队列。
CN-230800,230800,佳木斯市,23,黑龙江省,地级市,core,2026,2026-12-31,prefecture_whole,not_collected,,,,,,,,,,,,,,,,,,,,未采集,,,needs_collection,true,未取得可审计的公开数值，保留 null，后续进入采集队列。
CN-230900,230900,七台河市,23,黑龙江省,地级市,core,2026,2026-12-31,prefecture_whole,not_collected,,,,,,,,,,,,,,,,,,,,未采集,,,needs_collection,true,未取得可审计的公开数值，保留 null，后续进入采集队列。
CN-231000,231000,牡丹江市,23,黑龙江省,地级市,core,2026,2026-12-31,prefecture_whole,not_collected,,,,,,,,,,,,,,,,,,,,未采集,,,needs_collection,true,未取得可审计的公开数值，保留 null，后续进入采集队列。
CN-231100,231100,黑河市,23,黑龙江省,地级市,core,2026,2026-12-31,prefecture_whole,not_collected,,,,,,,,,,,,,,,,,,,,未采集,,,needs_collection,true,未取得可审计的公开数值，保留 null，后续进入采集队列。
CN-231200,231200,绥化市,23,黑龙江省,地级市,core,2026,2026-12-31,prefecture_whole,not_collected,,,,,,,,,,,,,,,,,,,,未采集,,,needs_collection,true,未取得可审计的公开数值，保留 null，后续进入采集队列。
CN-232700,232700,大兴安岭地区,23,黑龙江省,地区,extended,2026,2026-12-31,prefecture_whole,not_collected,,,,,,,,,,,,,,,,,,,,未采集,,,needs_collection,true,未取得可审计的公开数值，保留 null，后续进入采集队列。
CN-310000,310000,上海市,31,上海市,直辖市,separate,2026,2026-12-31,prefecture_whole,not_collected,,,,,,,,,,,,,,,,,,,,未采集,,,needs_collection,true,未取得可审计的公开数值，保留 null，后续进入采集队列。
CN-320100,320100,南京市,32,江苏省,地级市,core,2026,2026-12-31,prefecture_whole,not_collected,,,,,,,,,,,,,,,,,,,,未采集,,,needs_collection,true,未取得可审计的公开数值，保留 null，后续进入采集队列。
CN-320200,320200,无锡市,32,江苏省,地级市,core,2026,2026-12-31,prefecture_whole,not_collected,,,,,,,,,,,,,,,,,,,,未采集,,,needs_collection,true,未取得可审计的公开数值，保留 null，后续进入采集队列。
CN-320300,320300,徐州市,32,江苏省,地级市,core,2026,2026-12-31,prefecture_whole,not_collected,,,,,,,,,,,,,,,,,,,,未采集,,,needs_collection,true,未取得可审计的公开数值，保留 null，后续进入采集队列。
CN-320400,320400,常州市,32,江苏省,地级市,core,2026,2026-12-31,prefecture_whole,not_collected,,,,,,,,,,,,,,,,,,,,未采集,,,needs_collection,true,未取得可审计的公开数值，保留 null，后续进入采集队列。
CN-320500,320500,苏州市,32,江苏省,地级市,core,2026,2026-12-31,prefecture_whole,not_collected,,,,,,,,,,,,,,,,,,,,未采集,,,needs_collection,true,未取得可审计的公开数值，保留 null，后续进入采集队列。
CN-320600,320600,南通市,32,江苏省,地级市,core,2026,2026-12-31,prefecture_whole,not_collected,,,,,,,,,,,,,,,,,,,,未采集,,,needs_collection,true,未取得可审计的公开数值，保留 null，后续进入采集队列。
CN-320700,320700,连云港市,32,江苏省,地级市,core,2026,2026-12-31,prefecture_whole,not_collected,,,,,,,,,,,,,,,,,,,,未采集,,,needs_collection,true,未取得可审计的公开数值，保留 null，后续进入采集队列。
CN-320800,320800,淮安市,32,江苏省,地级市,core,2026,2026-12-31,prefecture_whole,not_collected,,,,,,,,,,,,,,,,,,,,未采集,,,needs_collection,true,未取得可审计的公开数值，保留 null，后续进入采集队列。
CN-320900,320900,盐城市,32,江苏省,地级市,core,2026,2026-12-31,prefecture_whole,not_collected,,,,,,,,,,,,,,,,,,,,未采集,,,needs_collection,true,未取得可审计的公开数值，保留 null，后续进入采集队列。
CN-321000,321000,扬州市,32,江苏省,地级市,core,2026,2026-12-31,prefecture_whole,not_collected,,,,,,,,,,,,,,,,,,,,未采集,,,needs_collection,true,未取得可审计的公开数值，保留 null，后续进入采集队列。
CN-321100,321100,镇江市,32,江苏省,地级市,core,2026,2026-12-31,prefecture_whole,not_collected,,,,,,,,,,,,,,,,,,,,未采集,,,needs_collection,true,未取得可审计的公开数值，保留 null，后续进入采集队列。
CN-321200,321200,泰州市,32,江苏省,地级市,core,2026,2026-12-31,prefecture_whole,not_collected,,,,,,,,,,,,,,,,,,,,未采集,,,needs_collection,true,未取得可审计的公开数值，保留 null，后续进入采集队列。
CN-321300,321300,宿迁市,32,江苏省,地级市,core,2026,2026-12-31,prefecture_whole,not_collected,,,,,,,,,,,,,,,,,,,,未采集,,,needs_collection,true,未取得可审计的公开数值，保留 null，后续进入采集队列。
CN-330100,330100,杭州市,33,浙江省,地级市,core,2026,2026-12-31,prefecture_whole,not_collected,,,,,,,,,,,,,,,,,,,,未采集,,,needs_collection,true,未取得可审计的公开数值，保留 null，后续进入采集队列。
CN-330200,330200,宁波市,33,浙江省,地级市,core,2026,2026-12-31,prefecture_whole,not_collected,,,,,,,,,,,,,,,,,,,,未采集,,,needs_collection,true,未取得可审计的公开数值，保留 null，后续进入采集队列。
CN-330300,330300,温州市,33,浙江省,地级市,core,2026,2026-12-31,prefecture_whole,not_collected,,,,,,,,,,,,,,,,,,,,未采集,,,needs_collection,true,未取得可审计的公开数值，保留 null，后续进入采集队列。
CN-330400,330400,嘉兴市,33,浙江省,地级市,core,2026,2026-12-31,prefecture_whole,not_collected,,,,,,,,,,,,,,,,,,,,未采集,,,needs_collection,true,未取得可审计的公开数值，保留 null，后续进入采集队列。
CN-330500,330500,湖州市,33,浙江省,地级市,core,2026,2026-12-31,prefecture_whole,not_collected,,,,,,,,,,,,,,,,,,,,未采集,,,needs_collection,true,未取得可审计的公开数值，保留 null，后续进入采集队列。
CN-330600,330600,绍兴市,33,浙江省,地级市,core,2026,2026-12-31,prefecture_whole,not_collected,,,,,,,,,,,,,,,,,,,,未采集,,,needs_collection,true,未取得可审计的公开数值，保留 null，后续进入采集队列。
CN-330700,330700,金华市,33,浙江省,地级市,core,2026,2026-12-31,prefecture_whole,not_collected,,,,,,,,,,,,,,,,,,,,未采集,,,needs_collection,true,未取得可审计的公开数值，保留 null，后续进入采集队列。
CN-330800,330800,衢州市,33,浙江省,地级市,core,2026,2026-12-31,prefecture_whole,not_collected,,,,,,,,,,,,,,,,,,,,未采集,,,needs_collection,true,未取得可审计的公开数值，保留 null，后续进入采集队列。
CN-330900,330900,舟山市,33,浙江省,地级市,core,2026,2026-12-31,prefecture_whole,not_collected,,,,,,,,,,,,,,,,,,,,未采集,,,needs_collection,true,未取得可审计的公开数值，保留 null，后续进入采集队列。
CN-331000,331000,台州市,33,浙江省,地级市,core,2026,2026-12-31,prefecture_whole,not_collected,,,,,,,,,,,,,,,,,,,,未采集,,,needs_collection,true,未取得可审计的公开数值，保留 null，后续进入采集队列。
CN-331100,331100,丽水市,33,浙江省,地级市,core,2026,2026-12-31,prefecture_whole,not_collected,,,,,,,,,,,,,,,,,,,,未采集,,,needs_collection,true,未取得可审计的公开数值，保留 null，后续进入采集队列。
CN-340100,340100,合肥市,34,安徽省,地级市,core,2026,2026-12-31,prefecture_whole,not_collected,,,,,,,,,,,,,,,,,,,,未采集,,,needs_collection,true,未取得可审计的公开数值，保留 null，后续进入采集队列。
CN-340200,340200,芜湖市,34,安徽省,地级市,core,2026,2026-12-31,prefecture_whole,not_collected,,,,,,,,,,,,,,,,,,,,未采集,,,needs_collection,true,未取得可审计的公开数值，保留 null，后续进入采集队列。
CN-340300,340300,蚌埠市,34,安徽省,地级市,core,2026,2026-12-31,prefecture_whole,not_collected,,,,,,,,,,,,,,,,,,,,未采集,,,needs_collection,true,未取得可审计的公开数值，保留 null，后续进入采集队列。
CN-340400,340400,淮南市,34,安徽省,地级市,core,2026,2026-12-31,prefecture_whole,not_collected,,,,,,,,,,,,,,,,,,,,未采集,,,needs_collection,true,未取得可审计的公开数值，保留 null，后续进入采集队列。
CN-340500,340500,马鞍山市,34,安徽省,地级市,core,2026,2026-12-31,prefecture_whole,not_collected,,,,,,,,,,,,,,,,,,,,未采集,,,needs_collection,true,未取得可审计的公开数值，保留 null，后续进入采集队列。
CN-340600,340600,淮北市,34,安徽省,地级市,core,2026,2026-12-31,prefecture_whole,not_collected,,,,,,,,,,,,,,,,,,,,未采集,,,needs_collection,true,未取得可审计的公开数值，保留 null，后续进入采集队列。
CN-340700,340700,铜陵市,34,安徽省,地级市,core,2026,2026-12-31,prefecture_whole,not_collected,,,,,,,,,,,,,,,,,,,,未采集,,,needs_collection,true,未取得可审计的公开数值，保留 null，后续进入采集队列。
CN-340800,340800,安庆市,34,安徽省,地级市,core,2026,2026-12-31,prefecture_whole,not_collected,,,,,,,,,,,,,,,,,,,,未采集,,,needs_collection,true,未取得可审计的公开数值，保留 null，后续进入采集队列。
CN-341000,341000,黄山市,34,安徽省,地级市,core,2026,2026-12-31,prefecture_whole,not_collected,,,,,,,,,,,,,,,,,,,,未采集,,,needs_collection,true,未取得可审计的公开数值，保留 null，后续进入采集队列。
CN-341100,341100,滁州市,34,安徽省,地级市,core,2026,2026-12-31,prefecture_whole,not_collected,,,,,,,,,,,,,,,,,,,,未采集,,,needs_collection,true,未取得可审计的公开数值，保留 null，后续进入采集队列。
CN-341200,341200,阜阳市,34,安徽省,地级市,core,2026,2026-12-31,prefecture_whole,not_collected,,,,,,,,,,,,,,,,,,,,未采集,,,needs_collection,true,未取得可审计的公开数值，保留 null，后续进入采集队列。
CN-341300,341300,宿州市,34,安徽省,地级市,core,2026,2026-12-31,prefecture_whole,not_collected,,,,,,,,,,,,,,,,,,,,未采集,,,needs_collection,true,未取得可审计的公开数值，保留 null，后续进入采集队列。
CN-341500,341500,六安市,34,安徽省,地级市,core,2026,2026-12-31,prefecture_whole,not_collected,,,,,,,,,,,,,,,,,,,,未采集,,,needs_collection,true,未取得可审计的公开数值，保留 null，后续进入采集队列。
CN-341600,341600,亳州市,34,安徽省,地级市,core,2026,2026-12-31,prefecture_whole,not_collected,,,,,,,,,,,,,,,,,,,,未采集,,,needs_collection,true,未取得可审计的公开数值，保留 null，后续进入采集队列。
CN-341700,341700,池州市,34,安徽省,地级市,core,2026,2026-12-31,prefecture_whole,not_collected,,,,,,,,,,,,,,,,,,,,未采集,,,needs_collection,true,未取得可审计的公开数值，保留 null，后续进入采集队列。
CN-341800,341800,宣城市,34,安徽省,地级市,core,2026,2026-12-31,prefecture_whole,not_collected,,,,,,,,,,,,,,,,,,,,未采集,,,needs_collection,true,未取得可审计的公开数值，保留 null，后续进入采集队列。
CN-350100,350100,福州市,35,福建省,地级市,core,2026,2026-12-31,prefecture_whole,not_collected,,,,,,,,,,,,,,,,,,,,未采集,,,needs_collection,true,未取得可审计的公开数值，保留 null，后续进入采集队列。
CN-350200,350200,厦门市,35,福建省,地级市,core,2026,2026-12-31,prefecture_whole,not_collected,,,,,,,,,,,,,,,,,,,,未采集,,,needs_collection,true,未取得可审计的公开数值，保留 null，后续进入采集队列。
CN-350300,350300,莆田市,35,福建省,地级市,core,2026,2026-12-31,prefecture_whole,not_collected,,,,,,,,,,,,,,,,,,,,未采集,,,needs_collection,true,未取得可审计的公开数值，保留 null，后续进入采集队列。
CN-350400,350400,三明市,35,福建省,地级市,core,2026,2026-12-31,prefecture_whole,not_collected,,,,,,,,,,,,,,,,,,,,未采集,,,needs_collection,true,未取得可审计的公开数值，保留 null，后续进入采集队列。
CN-350500,350500,泉州市,35,福建省,地级市,core,2026,2026-12-31,prefecture_whole,not_collected,,,,,,,,,,,,,,,,,,,,未采集,,,needs_collection,true,未取得可审计的公开数值，保留 null，后续进入采集队列。
CN-350600,350600,漳州市,35,福建省,地级市,core,2026,2026-12-31,prefecture_whole,not_collected,,,,,,,,,,,,,,,,,,,,未采集,,,needs_collection,true,未取得可审计的公开数值，保留 null，后续进入采集队列。
CN-350700,350700,南平市,35,福建省,地级市,core,2026,2026-12-31,prefecture_whole,not_collected,,,,,,,,,,,,,,,,,,,,未采集,,,needs_collection,true,未取得可审计的公开数值，保留 null，后续进入采集队列。
CN-350800,350800,龙岩市,35,福建省,地级市,core,2026,2026-12-31,prefecture_whole,not_collected,,,,,,,,,,,,,,,,,,,,未采集,,,needs_collection,true,未取得可审计的公开数值，保留 null，后续进入采集队列。
CN-350900,350900,宁德市,35,福建省,地级市,core,2026,2026-12-31,prefecture_whole,not_collected,,,,,,,,,,,,,,,,,,,,未采集,,,needs_collection,true,未取得可审计的公开数值，保留 null，后续进入采集队列。
CN-360100,360100,南昌市,36,江西省,地级市,core,2026,2026-12-31,prefecture_whole,not_collected,,,,,,,,,,,,,,,,,,,,未采集,,,needs_collection,true,未取得可审计的公开数值，保留 null，后续进入采集队列。
CN-360200,360200,景德镇市,36,江西省,地级市,core,2026,2026-12-31,prefecture_whole,not_collected,,,,,,,,,,,,,,,,,,,,未采集,,,needs_collection,true,未取得可审计的公开数值，保留 null，后续进入采集队列。
CN-360300,360300,萍乡市,36,江西省,地级市,core,2026,2026-12-31,prefecture_whole,not_collected,,,,,,,,,,,,,,,,,,,,未采集,,,needs_collection,true,未取得可审计的公开数值，保留 null，后续进入采集队列。
CN-360400,360400,九江市,36,江西省,地级市,core,2026,2026-12-31,prefecture_whole,not_collected,,,,,,,,,,,,,,,,,,,,未采集,,,needs_collection,true,未取得可审计的公开数值，保留 null，后续进入采集队列。
CN-360500,360500,新余市,36,江西省,地级市,core,2026,2026-12-31,prefecture_whole,not_collected,,,,,,,,,,,,,,,,,,,,未采集,,,needs_collection,true,未取得可审计的公开数值，保留 null，后续进入采集队列。
CN-360600,360600,鹰潭市,36,江西省,地级市,core,2026,2026-12-31,prefecture_whole,not_collected,,,,,,,,,,,,,,,,,,,,未采集,,,needs_collection,true,未取得可审计的公开数值，保留 null，后续进入采集队列。
CN-360700,360700,赣州市,36,江西省,地级市,core,2026,2026-12-31,prefecture_whole,not_collected,,,,,,,,,,,,,,,,,,,,未采集,,,needs_collection,true,未取得可审计的公开数值，保留 null，后续进入采集队列。
CN-360800,360800,吉安市,36,江西省,地级市,core,2026,2026-12-31,prefecture_whole,not_collected,,,,,,,,,,,,,,,,,,,,未采集,,,needs_collection,true,未取得可审计的公开数值，保留 null，后续进入采集队列。
CN-360900,360900,宜春市,36,江西省,地级市,core,2026,2026-12-31,prefecture_whole,not_collected,,,,,,,,,,,,,,,,,,,,未采集,,,needs_collection,true,未取得可审计的公开数值，保留 null，后续进入采集队列。
CN-361000,361000,抚州市,36,江西省,地级市,core,2026,2026-12-31,prefecture_whole,not_collected,,,,,,,,,,,,,,,,,,,,未采集,,,needs_collection,true,未取得可审计的公开数值，保留 null，后续进入采集队列。
CN-361100,361100,上饶市,36,江西省,地级市,core,2026,2026-12-31,prefecture_whole,not_collected,,,,,,,,,,,,,,,,,,,,未采集,,,needs_collection,true,未取得可审计的公开数值，保留 null，后续进入采集队列。
CN-370100,370100,济南市,37,山东省,地级市,core,2026,2026-12-31,prefecture_whole,not_collected,,,,,,,,,,,,,,,,,,,,未采集,,,needs_collection,true,未取得可审计的公开数值，保留 null，后续进入采集队列。
CN-370200,370200,青岛市,37,山东省,地级市,core,2026,2026-12-31,prefecture_whole,not_collected,,,,,,,,,,,,,,,,,,,,未采集,,,needs_collection,true,未取得可审计的公开数值，保留 null，后续进入采集队列。
CN-370300,370300,淄博市,37,山东省,地级市,core,2026,2026-12-31,prefecture_whole,not_collected,,,,,,,,,,,,,,,,,,,,未采集,,,needs_collection,true,未取得可审计的公开数值，保留 null，后续进入采集队列。
CN-370400,370400,枣庄市,37,山东省,地级市,core,2026,2026-12-31,prefecture_whole,not_collected,,,,,,,,,,,,,,,,,,,,未采集,,,needs_collection,true,未取得可审计的公开数值，保留 null，后续进入采集队列。
CN-370500,370500,东营市,37,山东省,地级市,core,2026,2026-12-31,prefecture_whole,not_collected,,,,,,,,,,,,,,,,,,,,未采集,,,needs_collection,true,未取得可审计的公开数值，保留 null，后续进入采集队列。
CN-370600,370600,烟台市,37,山东省,地级市,core,2026,2026-12-31,prefecture_whole,not_collected,,,,,,,,,,,,,,,,,,,,未采集,,,needs_collection,true,未取得可审计的公开数值，保留 null，后续进入采集队列。
CN-370700,370700,潍坊市,37,山东省,地级市,core,2026,2026-12-31,prefecture_whole,not_collected,,,,,,,,,,,,,,,,,,,,未采集,,,needs_collection,true,未取得可审计的公开数值，保留 null，后续进入采集队列。
CN-370800,370800,济宁市,37,山东省,地级市,core,2026,2026-12-31,prefecture_whole,not_collected,,,,,,,,,,,,,,,,,,,,未采集,,,needs_collection,true,未取得可审计的公开数值，保留 null，后续进入采集队列。
CN-370900,370900,泰安市,37,山东省,地级市,core,2026,2026-12-31,prefecture_whole,not_collected,,,,,,,,,,,,,,,,,,,,未采集,,,needs_collection,true,未取得可审计的公开数值，保留 null，后续进入采集队列。
CN-371000,371000,威海市,37,山东省,地级市,core,2026,2026-12-31,prefecture_whole,not_collected,,,,,,,,,,,,,,,,,,,,未采集,,,needs_collection,true,未取得可审计的公开数值，保留 null，后续进入采集队列。
CN-371100,371100,日照市,37,山东省,地级市,core,2026,2026-12-31,prefecture_whole,not_collected,,,,,,,,,,,,,,,,,,,,未采集,,,needs_collection,true,未取得可审计的公开数值，保留 null，后续进入采集队列。
CN-371300,371300,临沂市,37,山东省,地级市,core,2026,2026-12-31,prefecture_whole,not_collected,,,,,,,,,,,,,,,,,,,,未采集,,,needs_collection,true,未取得可审计的公开数值，保留 null，后续进入采集队列。
CN-371400,371400,德州市,37,山东省,地级市,core,2026,2026-12-31,prefecture_whole,not_collected,,,,,,,,,,,,,,,,,,,,未采集,,,needs_collection,true,未取得可审计的公开数值，保留 null，后续进入采集队列。
CN-371500,371500,聊城市,37,山东省,地级市,core,2026,2026-12-31,prefecture_whole,not_collected,,,,,,,,,,,,,,,,,,,,未采集,,,needs_collection,true,未取得可审计的公开数值，保留 null，后续进入采集队列。
CN-371600,371600,滨州市,37,山东省,地级市,core,2026,2026-12-31,prefecture_whole,not_collected,,,,,,,,,,,,,,,,,,,,未采集,,,needs_collection,true,未取得可审计的公开数值，保留 null，后续进入采集队列。
CN-371700,371700,菏泽市,37,山东省,地级市,core,2026,2026-12-31,prefecture_whole,not_collected,,,,,,,,,,,,,,,,,,,,未采集,,,needs_collection,true,未取得可审计的公开数值，保留 null，后续进入采集队列。
CN-410100,410100,郑州市,41,河南省,地级市,core,2026,2026-12-31,prefecture_whole,not_collected,,,,,,,,,,,,,,,,,,,,未采集,,,needs_collection,true,未取得可审计的公开数值，保留 null，后续进入采集队列。
CN-410200,410200,开封市,41,河南省,地级市,core,2026,2026-12-31,prefecture_whole,not_collected,,,,,,,,,,,,,,,,,,,,未采集,,,needs_collection,true,未取得可审计的公开数值，保留 null，后续进入采集队列。
CN-410300,410300,洛阳市,41,河南省,地级市,core,2026,2026-12-31,prefecture_whole,not_collected,,,,,,,,,,,,,,,,,,,,未采集,,,needs_collection,true,未取得可审计的公开数值，保留 null，后续进入采集队列。
CN-410400,410400,平顶山市,41,河南省,地级市,core,2026,2026-12-31,prefecture_whole,not_collected,,,,,,,,,,,,,,,,,,,,未采集,,,needs_collection,true,未取得可审计的公开数值，保留 null，后续进入采集队列。
CN-410500,410500,安阳市,41,河南省,地级市,core,2026,2026-12-31,prefecture_whole,not_collected,,,,,,,,,,,,,,,,,,,,未采集,,,needs_collection,true,未取得可审计的公开数值，保留 null，后续进入采集队列。
CN-410600,410600,鹤壁市,41,河南省,地级市,core,2026,2026-12-31,prefecture_whole,not_collected,,,,,,,,,,,,,,,,,,,,未采集,,,needs_collection,true,未取得可审计的公开数值，保留 null，后续进入采集队列。
CN-410700,410700,新乡市,41,河南省,地级市,core,2026,2026-12-31,prefecture_whole,not_collected,,,,,,,,,,,,,,,,,,,,未采集,,,needs_collection,true,未取得可审计的公开数值，保留 null，后续进入采集队列。
CN-410800,410800,焦作市,41,河南省,地级市,core,2026,2026-12-31,prefecture_whole,not_collected,,,,,,,,,,,,,,,,,,,,未采集,,,needs_collection,true,未取得可审计的公开数值，保留 null，后续进入采集队列。
CN-410900,410900,濮阳市,41,河南省,地级市,core,2026,2026-12-31,prefecture_whole,not_collected,,,,,,,,,,,,,,,,,,,,未采集,,,needs_collection,true,未取得可审计的公开数值，保留 null，后续进入采集队列。
CN-411000,411000,许昌市,41,河南省,地级市,core,2026,2026-12-31,prefecture_whole,not_collected,,,,,,,,,,,,,,,,,,,,未采集,,,needs_collection,true,未取得可审计的公开数值，保留 null，后续进入采集队列。
CN-411100,411100,漯河市,41,河南省,地级市,core,2026,2026-12-31,prefecture_whole,not_collected,,,,,,,,,,,,,,,,,,,,未采集,,,needs_collection,true,未取得可审计的公开数值，保留 null，后续进入采集队列。
CN-411200,411200,三门峡市,41,河南省,地级市,core,2026,2026-12-31,prefecture_whole,not_collected,,,,,,,,,,,,,,,,,,,,未采集,,,needs_collection,true,未取得可审计的公开数值，保留 null，后续进入采集队列。
CN-411300,411300,南阳市,41,河南省,地级市,core,2026,2026-12-31,prefecture_whole,not_collected,,,,,,,,,,,,,,,,,,,,未采集,,,needs_collection,true,未取得可审计的公开数值，保留 null，后续进入采集队列。
CN-411400,411400,商丘市,41,河南省,地级市,core,2026,2026-12-31,prefecture_whole,not_collected,,,,,,,,,,,,,,,,,,,,未采集,,,needs_collection,true,未取得可审计的公开数值，保留 null，后续进入采集队列。
CN-411500,411500,信阳市,41,河南省,地级市,core,2026,2026-12-31,prefecture_whole,not_collected,,,,,,,,,,,,,,,,,,,,未采集,,,needs_collection,true,未取得可审计的公开数值，保留 null，后续进入采集队列。
CN-411600,411600,周口市,41,河南省,地级市,core,2026,2026-12-31,prefecture_whole,not_collected,,,,,,,,,,,,,,,,,,,,未采集,,,needs_collection,true,未取得可审计的公开数值，保留 null，后续进入采集队列。
CN-411700,411700,驻马店市,41,河南省,地级市,core,2026,2026-12-31,prefecture_whole,not_collected,,,,,,,,,,,,,,,,,,,,未采集,,,needs_collection,true,未取得可审计的公开数值，保留 null，后续进入采集队列。
CN-419000,419000,省直辖县级行政区划,41,河南省,地级市,core,2026,2026-12-31,prefecture_whole,not_collected,,,,,,,,,,,,,,,,,,,,未采集,,,needs_collection,true,未取得可审计的公开数值，保留 null，后续进入采集队列。
CN-420100,420100,武汉市,42,湖北省,地级市,core,2026,2026-12-31,prefecture_whole,not_collected,,,,,,,,,,,,,,,,,,,,未采集,,,needs_collection,true,未取得可审计的公开数值，保留 null，后续进入采集队列。
CN-420200,420200,黄石市,42,湖北省,地级市,core,2026,2026-12-31,prefecture_whole,not_collected,,,,,,,,,,,,,,,,,,,,未采集,,,needs_collection,true,未取得可审计的公开数值，保留 null，后续进入采集队列。
CN-420300,420300,十堰市,42,湖北省,地级市,core,2026,2026-12-31,prefecture_whole,not_collected,,,,,,,,,,,,,,,,,,,,未采集,,,needs_collection,true,未取得可审计的公开数值，保留 null，后续进入采集队列。
CN-420500,420500,宜昌市,42,湖北省,地级市,core,2026,2026-12-31,prefecture_whole,not_collected,,,,,,,,,,,,,,,,,,,,未采集,,,needs_collection,true,未取得可审计的公开数值，保留 null，后续进入采集队列。
CN-420600,420600,襄阳市,42,湖北省,地级市,core,2026,2026-12-31,prefecture_whole,not_collected,,,,,,,,,,,,,,,,,,,,未采集,,,needs_collection,true,未取得可审计的公开数值，保留 null，后续进入采集队列。
CN-420700,420700,鄂州市,42,湖北省,地级市,core,2026,2026-12-31,prefecture_whole,not_collected,,,,,,,,,,,,,,,,,,,,未采集,,,needs_collection,true,未取得可审计的公开数值，保留 null，后续进入采集队列。
CN-420800,420800,荆门市,42,湖北省,地级市,core,2026,2026-12-31,prefecture_whole,not_collected,,,,,,,,,,,,,,,,,,,,未采集,,,needs_collection,true,未取得可审计的公开数值，保留 null，后续进入采集队列。
CN-420900,420900,孝感市,42,湖北省,地级市,core,2026,2026-12-31,prefecture_whole,not_collected,,,,,,,,,,,,,,,,,,,,未采集,,,needs_collection,true,未取得可审计的公开数值，保留 null，后续进入采集队列。
CN-421000,421000,荆州市,42,湖北省,地级市,core,2026,2026-12-31,prefecture_whole,not_collected,,,,,,,,,,,,,,,,,,,,未采集,,,needs_collection,true,未取得可审计的公开数值，保留 null，后续进入采集队列。
CN-421100,421100,黄冈市,42,湖北省,地级市,core,2026,2026-12-31,prefecture_whole,not_collected,,,,,,,,,,,,,,,,,,,,未采集,,,needs_collection,true,未取得可审计的公开数值，保留 null，后续进入采集队列。
CN-421200,421200,咸宁市,42,湖北省,地级市,core,2026,2026-12-31,prefecture_whole,not_collected,,,,,,,,,,,,,,,,,,,,未采集,,,needs_collection,true,未取得可审计的公开数值，保留 null，后续进入采集队列。
CN-421300,421300,随州市,42,湖北省,地级市,core,2026,2026-12-31,prefecture_whole,not_collected,,,,,,,,,,,,,,,,,,,,未采集,,,needs_collection,true,未取得可审计的公开数值，保留 null，后续进入采集队列。
CN-422800,422800,恩施土家族苗族自治州,42,湖北省,自治州,extended,2026,2026-12-31,prefecture_whole,not_collected,,,,,,,,,,,,,,,,,,,,未采集,,,needs_collection,true,未取得可审计的公开数值，保留 null，后续进入采集队列。
CN-429000,429000,省直辖县级行政区划,42,湖北省,地级市,core,2026,2026-12-31,prefecture_whole,not_collected,,,,,,,,,,,,,,,,,,,,未采集,,,needs_collection,true,未取得可审计的公开数值，保留 null，后续进入采集队列。
CN-430100,430100,长沙市,43,湖南省,地级市,core,2026,2026-12-31,prefecture_whole,not_collected,,,,,,,,,,,,,,,,,,,,未采集,,,needs_collection,true,未取得可审计的公开数值，保留 null，后续进入采集队列。
CN-430200,430200,株洲市,43,湖南省,地级市,core,2026,2026-12-31,prefecture_whole,not_collected,,,,,,,,,,,,,,,,,,,,未采集,,,needs_collection,true,未取得可审计的公开数值，保留 null，后续进入采集队列。
CN-430300,430300,湘潭市,43,湖南省,地级市,core,2026,2026-12-31,prefecture_whole,not_collected,,,,,,,,,,,,,,,,,,,,未采集,,,needs_collection,true,未取得可审计的公开数值，保留 null，后续进入采集队列。
CN-430400,430400,衡阳市,43,湖南省,地级市,core,2026,2026-12-31,prefecture_whole,not_collected,,,,,,,,,,,,,,,,,,,,未采集,,,needs_collection,true,未取得可审计的公开数值，保留 null，后续进入采集队列。
CN-430500,430500,邵阳市,43,湖南省,地级市,core,2026,2026-12-31,prefecture_whole,not_collected,,,,,,,,,,,,,,,,,,,,未采集,,,needs_collection,true,未取得可审计的公开数值，保留 null，后续进入采集队列。
CN-430600,430600,岳阳市,43,湖南省,地级市,core,2026,2026-12-31,prefecture_whole,not_collected,,,,,,,,,,,,,,,,,,,,未采集,,,needs_collection,true,未取得可审计的公开数值，保留 null，后续进入采集队列。
CN-430700,430700,常德市,43,湖南省,地级市,core,2026,2026-12-31,prefecture_whole,not_collected,,,,,,,,,,,,,,,,,,,,未采集,,,needs_collection,true,未取得可审计的公开数值，保留 null，后续进入采集队列。
CN-430800,430800,张家界市,43,湖南省,地级市,core,2026,2026-12-31,prefecture_whole,not_collected,,,,,,,,,,,,,,,,,,,,未采集,,,needs_collection,true,未取得可审计的公开数值，保留 null，后续进入采集队列。
CN-430900,430900,益阳市,43,湖南省,地级市,core,2026,2026-12-31,prefecture_whole,not_collected,,,,,,,,,,,,,,,,,,,,未采集,,,needs_collection,true,未取得可审计的公开数值，保留 null，后续进入采集队列。
CN-431000,431000,郴州市,43,湖南省,地级市,core,2026,2026-12-31,prefecture_whole,not_collected,,,,,,,,,,,,,,,,,,,,未采集,,,needs_collection,true,未取得可审计的公开数值，保留 null，后续进入采集队列。
CN-431100,431100,永州市,43,湖南省,地级市,core,2026,2026-12-31,prefecture_whole,not_collected,,,,,,,,,,,,,,,,,,,,未采集,,,needs_collection,true,未取得可审计的公开数值，保留 null，后续进入采集队列。
CN-431200,431200,怀化市,43,湖南省,地级市,core,2026,2026-12-31,prefecture_whole,not_collected,,,,,,,,,,,,,,,,,,,,未采集,,,needs_collection,true,未取得可审计的公开数值，保留 null，后续进入采集队列。
CN-431300,431300,娄底市,43,湖南省,地级市,core,2026,2026-12-31,prefecture_whole,not_collected,,,,,,,,,,,,,,,,,,,,未采集,,,needs_collection,true,未取得可审计的公开数值，保留 null，后续进入采集队列。
CN-433100,433100,湘西土家族苗族自治州,43,湖南省,自治州,extended,2026,2026-12-31,prefecture_whole,not_collected,,,,,,,,,,,,,,,,,,,,未采集,,,needs_collection,true,未取得可审计的公开数值，保留 null，后续进入采集队列。
CN-440100,440100,广州市,44,广东省,地级市,core,2026,2026-12-31,prefecture_whole,not_collected,,,,,,,,,,,,,,,,,,,,未采集,,,needs_collection,true,未取得可审计的公开数值，保留 null，后续进入采集队列。
CN-440200,440200,韶关市,44,广东省,地级市,core,2026,2026-12-31,prefecture_whole,not_collected,,,,,,,,,,,,,,,,,,,,未采集,,,needs_collection,true,未取得可审计的公开数值，保留 null，后续进入采集队列。
CN-440300,440300,深圳市,44,广东省,地级市,core,2026,2026-12-31,prefecture_whole,not_collected,,,,,,,,,,,,,,,,,,,,未采集,,,needs_collection,true,未取得可审计的公开数值，保留 null，后续进入采集队列。
CN-440400,440400,珠海市,44,广东省,地级市,core,2026,2026-12-31,prefecture_whole,not_collected,,,,,,,,,,,,,,,,,,,,未采集,,,needs_collection,true,未取得可审计的公开数值，保留 null，后续进入采集队列。
CN-440500,440500,汕头市,44,广东省,地级市,core,2026,2026-12-31,prefecture_whole,not_collected,,,,,,,,,,,,,,,,,,,,未采集,,,needs_collection,true,未取得可审计的公开数值，保留 null，后续进入采集队列。
CN-440600,440600,佛山市,44,广东省,地级市,core,2026,2026-12-31,prefecture_whole,not_collected,,,,,,,,,,,,,,,,,,,,未采集,,,needs_collection,true,未取得可审计的公开数值，保留 null，后续进入采集队列。
CN-440700,440700,江门市,44,广东省,地级市,core,2026,2026-12-31,prefecture_whole,not_collected,,,,,,,,,,,,,,,,,,,,未采集,,,needs_collection,true,未取得可审计的公开数值，保留 null，后续进入采集队列。
CN-440800,440800,湛江市,44,广东省,地级市,core,2026,2026-12-31,prefecture_whole,not_collected,,,,,,,,,,,,,,,,,,,,未采集,,,needs_collection,true,未取得可审计的公开数值，保留 null，后续进入采集队列。
CN-440900,440900,茂名市,44,广东省,地级市,core,2026,2026-12-31,prefecture_whole,not_collected,,,,,,,,,,,,,,,,,,,,未采集,,,needs_collection,true,未取得可审计的公开数值，保留 null，后续进入采集队列。
CN-441200,441200,肇庆市,44,广东省,地级市,core,2026,2026-12-31,prefecture_whole,not_collected,,,,,,,,,,,,,,,,,,,,未采集,,,needs_collection,true,未取得可审计的公开数值，保留 null，后续进入采集队列。
CN-441300,441300,惠州市,44,广东省,地级市,core,2026,2026-12-31,prefecture_whole,not_collected,,,,,,,,,,,,,,,,,,,,未采集,,,needs_collection,true,未取得可审计的公开数值，保留 null，后续进入采集队列。
CN-441400,441400,梅州市,44,广东省,地级市,core,2026,2026-12-31,prefecture_whole,not_collected,,,,,,,,,,,,,,,,,,,,未采集,,,needs_collection,true,未取得可审计的公开数值，保留 null，后续进入采集队列。
CN-441500,441500,汕尾市,44,广东省,地级市,core,2026,2026-12-31,prefecture_whole,not_collected,,,,,,,,,,,,,,,,,,,,未采集,,,needs_collection,true,未取得可审计的公开数值，保留 null，后续进入采集队列。
CN-441600,441600,河源市,44,广东省,地级市,core,2026,2026-12-31,prefecture_whole,not_collected,,,,,,,,,,,,,,,,,,,,未采集,,,needs_collection,true,未取得可审计的公开数值，保留 null，后续进入采集队列。
CN-441700,441700,阳江市,44,广东省,地级市,core,2026,2026-12-31,prefecture_whole,not_collected,,,,,,,,,,,,,,,,,,,,未采集,,,needs_collection,true,未取得可审计的公开数值，保留 null，后续进入采集队列。
CN-441800,441800,清远市,44,广东省,地级市,core,2026,2026-12-31,prefecture_whole,not_collected,,,,,,,,,,,,,,,,,,,,未采集,,,needs_collection,true,未取得可审计的公开数值，保留 null，后续进入采集队列。
CN-441900,441900,东莞市,44,广东省,地级市,core,2026,2026-12-31,prefecture_whole,not_collected,,,,,,,,,,,,,,,,,,,,未采集,,,needs_collection,true,未取得可审计的公开数值，保留 null，后续进入采集队列。
CN-442000,442000,中山市,44,广东省,地级市,core,2026,2026-12-31,prefecture_whole,not_collected,,,,,,,,,,,,,,,,,,,,未采集,,,needs_collection,true,未取得可审计的公开数值，保留 null，后续进入采集队列。
CN-445100,445100,潮州市,44,广东省,地级市,core,2026,2026-12-31,prefecture_whole,not_collected,,,,,,,,,,,,,,,,,,,,未采集,,,needs_collection,true,未取得可审计的公开数值，保留 null，后续进入采集队列。
CN-445200,445200,揭阳市,44,广东省,地级市,core,2026,2026-12-31,prefecture_whole,not_collected,,,,,,,,,,,,,,,,,,,,未采集,,,needs_collection,true,未取得可审计的公开数值，保留 null，后续进入采集队列。
CN-445300,445300,云浮市,44,广东省,地级市,core,2026,2026-12-31,prefecture_whole,not_collected,,,,,,,,,,,,,,,,,,,,未采集,,,needs_collection,true,未取得可审计的公开数值，保留 null，后续进入采集队列。
CN-450100,450100,南宁市,45,广西壮族自治区,地级市,core,2026,2026-12-31,prefecture_whole,not_collected,,,,,,,,,,,,,,,,,,,,未采集,,,needs_collection,true,未取得可审计的公开数值，保留 null，后续进入采集队列。
CN-450200,450200,柳州市,45,广西壮族自治区,地级市,core,2026,2026-12-31,prefecture_whole,not_collected,,,,,,,,,,,,,,,,,,,,未采集,,,needs_collection,true,未取得可审计的公开数值，保留 null，后续进入采集队列。
CN-450300,450300,桂林市,45,广西壮族自治区,地级市,core,2026,2026-12-31,prefecture_whole,not_collected,,,,,,,,,,,,,,,,,,,,未采集,,,needs_collection,true,未取得可审计的公开数值，保留 null，后续进入采集队列。
CN-450400,450400,梧州市,45,广西壮族自治区,地级市,core,2026,2026-12-31,prefecture_whole,not_collected,,,,,,,,,,,,,,,,,,,,未采集,,,needs_collection,true,未取得可审计的公开数值，保留 null，后续进入采集队列。
CN-450500,450500,北海市,45,广西壮族自治区,地级市,core,2026,2026-12-31,prefecture_whole,not_collected,,,,,,,,,,,,,,,,,,,,未采集,,,needs_collection,true,未取得可审计的公开数值，保留 null，后续进入采集队列。
CN-450600,450600,防城港市,45,广西壮族自治区,地级市,core,2026,2026-12-31,prefecture_whole,not_collected,,,,,,,,,,,,,,,,,,,,未采集,,,needs_collection,true,未取得可审计的公开数值，保留 null，后续进入采集队列。
CN-450700,450700,钦州市,45,广西壮族自治区,地级市,core,2026,2026-12-31,prefecture_whole,not_collected,,,,,,,,,,,,,,,,,,,,未采集,,,needs_collection,true,未取得可审计的公开数值，保留 null，后续进入采集队列。
CN-450800,450800,贵港市,45,广西壮族自治区,地级市,core,2026,2026-12-31,prefecture_whole,not_collected,,,,,,,,,,,,,,,,,,,,未采集,,,needs_collection,true,未取得可审计的公开数值，保留 null，后续进入采集队列。
CN-450900,450900,玉林市,45,广西壮族自治区,地级市,core,2026,2026-12-31,prefecture_whole,not_collected,,,,,,,,,,,,,,,,,,,,未采集,,,needs_collection,true,未取得可审计的公开数值，保留 null，后续进入采集队列。
CN-451000,451000,百色市,45,广西壮族自治区,地级市,core,2026,2026-12-31,prefecture_whole,not_collected,,,,,,,,,,,,,,,,,,,,未采集,,,needs_collection,true,未取得可审计的公开数值，保留 null，后续进入采集队列。
CN-451100,451100,贺州市,45,广西壮族自治区,地级市,core,2026,2026-12-31,prefecture_whole,not_collected,,,,,,,,,,,,,,,,,,,,未采集,,,needs_collection,true,未取得可审计的公开数值，保留 null，后续进入采集队列。
CN-451200,451200,河池市,45,广西壮族自治区,地级市,core,2026,2026-12-31,prefecture_whole,not_collected,,,,,,,,,,,,,,,,,,,,未采集,,,needs_collection,true,未取得可审计的公开数值，保留 null，后续进入采集队列。
CN-451300,451300,来宾市,45,广西壮族自治区,地级市,core,2026,2026-12-31,prefecture_whole,not_collected,,,,,,,,,,,,,,,,,,,,未采集,,,needs_collection,true,未取得可审计的公开数值，保留 null，后续进入采集队列。
CN-451400,451400,崇左市,45,广西壮族自治区,地级市,core,2026,2026-12-31,prefecture_whole,not_collected,,,,,,,,,,,,,,,,,,,,未采集,,,needs_collection,true,未取得可审计的公开数值，保留 null，后续进入采集队列。
CN-460100,460100,海口市,46,海南省,地级市,core,2026,2026-12-31,prefecture_whole,not_collected,,,,,,,,,,,,,,,,,,,,未采集,,,needs_collection,true,未取得可审计的公开数值，保留 null，后续进入采集队列。
CN-460200,460200,三亚市,46,海南省,地级市,core,2026,2026-12-31,prefecture_whole,not_collected,,,,,,,,,,,,,,,,,,,,未采集,,,needs_collection,true,未取得可审计的公开数值，保留 null，后续进入采集队列。
CN-460300,460300,三沙市,46,海南省,地级市,core,2026,2026-12-31,prefecture_whole,not_collected,,,,,,,,,,,,,,,,,,,,未采集,,,needs_collection,true,未取得可审计的公开数值，保留 null，后续进入采集队列。
CN-460400,460400,儋州市,46,海南省,地级市,core,2026,2026-12-31,prefecture_whole,not_collected,,,,,,,,,,,,,,,,,,,,未采集,,,needs_collection,true,未取得可审计的公开数值，保留 null，后续进入采集队列。
CN-469000,469000,省直辖县级行政区划,46,海南省,地级市,core,2026,2026-12-31,prefecture_whole,not_collected,,,,,,,,,,,,,,,,,,,,未采集,,,needs_collection,true,未取得可审计的公开数值，保留 null，后续进入采集队列。
CN-500000,500000,重庆市,50,重庆市,直辖市,separate,2026,2026-12-31,prefecture_whole,not_collected,,,,,,,,,,,,,,,,,,,,未采集,,,needs_collection,true,未取得可审计的公开数值，保留 null，后续进入采集队列。
CN-510100,510100,成都市,51,四川省,地级市,core,2026,2026-12-31,prefecture_whole,not_collected,,,,,,,,,,,,,,,,,,,,未采集,,,needs_collection,true,未取得可审计的公开数值，保留 null，后续进入采集队列。
CN-510300,510300,自贡市,51,四川省,地级市,core,2026,2026-12-31,prefecture_whole,not_collected,,,,,,,,,,,,,,,,,,,,未采集,,,needs_collection,true,未取得可审计的公开数值，保留 null，后续进入采集队列。
CN-510400,510400,攀枝花市,51,四川省,地级市,core,2026,2026-12-31,prefecture_whole,not_collected,,,,,,,,,,,,,,,,,,,,未采集,,,needs_collection,true,未取得可审计的公开数值，保留 null，后续进入采集队列。
CN-510500,510500,泸州市,51,四川省,地级市,core,2026,2026-12-31,prefecture_whole,not_collected,,,,,,,,,,,,,,,,,,,,未采集,,,needs_collection,true,未取得可审计的公开数值，保留 null，后续进入采集队列。
CN-510600,510600,德阳市,51,四川省,地级市,core,2026,2026-12-31,prefecture_whole,not_collected,,,,,,,,,,,,,,,,,,,,未采集,,,needs_collection,true,未取得可审计的公开数值，保留 null，后续进入采集队列。
CN-510700,510700,绵阳市,51,四川省,地级市,core,2026,2026-12-31,prefecture_whole,not_collected,,,,,,,,,,,,,,,,,,,,未采集,,,needs_collection,true,未取得可审计的公开数值，保留 null，后续进入采集队列。
CN-510800,510800,广元市,51,四川省,地级市,core,2026,2026-12-31,prefecture_whole,not_collected,,,,,,,,,,,,,,,,,,,,未采集,,,needs_collection,true,未取得可审计的公开数值，保留 null，后续进入采集队列。
CN-510900,510900,遂宁市,51,四川省,地级市,core,2026,2026-12-31,prefecture_whole,not_collected,,,,,,,,,,,,,,,,,,,,未采集,,,needs_collection,true,未取得可审计的公开数值，保留 null，后续进入采集队列。
CN-511000,511000,内江市,51,四川省,地级市,core,2026,2026-12-31,prefecture_whole,not_collected,,,,,,,,,,,,,,,,,,,,未采集,,,needs_collection,true,未取得可审计的公开数值，保留 null，后续进入采集队列。
CN-511100,511100,乐山市,51,四川省,地级市,core,2026,2026-12-31,prefecture_whole,not_collected,,,,,,,,,,,,,,,,,,,,未采集,,,needs_collection,true,未取得可审计的公开数值，保留 null，后续进入采集队列。
CN-511300,511300,南充市,51,四川省,地级市,core,2026,2026-12-31,prefecture_whole,not_collected,,,,,,,,,,,,,,,,,,,,未采集,,,needs_collection,true,未取得可审计的公开数值，保留 null，后续进入采集队列。
CN-511400,511400,眉山市,51,四川省,地级市,core,2026,2026-12-31,prefecture_whole,not_collected,,,,,,,,,,,,,,,,,,,,未采集,,,needs_collection,true,未取得可审计的公开数值，保留 null，后续进入采集队列。
CN-511500,511500,宜宾市,51,四川省,地级市,core,2026,2026-12-31,prefecture_whole,not_collected,,,,,,,,,,,,,,,,,,,,未采集,,,needs_collection,true,未取得可审计的公开数值，保留 null，后续进入采集队列。
CN-511600,511600,广安市,51,四川省,地级市,core,2026,2026-12-31,prefecture_whole,not_collected,,,,,,,,,,,,,,,,,,,,未采集,,,needs_collection,true,未取得可审计的公开数值，保留 null，后续进入采集队列。
CN-511700,511700,达州市,51,四川省,地级市,core,2026,2026-12-31,prefecture_whole,not_collected,,,,,,,,,,,,,,,,,,,,未采集,,,needs_collection,true,未取得可审计的公开数值，保留 null，后续进入采集队列。
CN-511800,511800,雅安市,51,四川省,地级市,core,2026,2026-12-31,prefecture_whole,not_collected,,,,,,,,,,,,,,,,,,,,未采集,,,needs_collection,true,未取得可审计的公开数值，保留 null，后续进入采集队列。
CN-511900,511900,巴中市,51,四川省,地级市,core,2026,2026-12-31,prefecture_whole,not_collected,,,,,,,,,,,,,,,,,,,,未采集,,,needs_collection,true,未取得可审计的公开数值，保留 null，后续进入采集队列。
CN-512000,512000,资阳市,51,四川省,地级市,core,2026,2026-12-31,prefecture_whole,not_collected,,,,,,,,,,,,,,,,,,,,未采集,,,needs_collection,true,未取得可审计的公开数值，保留 null，后续进入采集队列。
CN-513200,513200,阿坝藏族羌族自治州,51,四川省,自治州,extended,2026,2026-12-31,prefecture_whole,not_collected,,,,,,,,,,,,,,,,,,,,未采集,,,needs_collection,true,未取得可审计的公开数值，保留 null，后续进入采集队列。
CN-513300,513300,甘孜藏族自治州,51,四川省,自治州,extended,2026,2026-12-31,prefecture_whole,not_collected,,,,,,,,,,,,,,,,,,,,未采集,,,needs_collection,true,未取得可审计的公开数值，保留 null，后续进入采集队列。
CN-513400,513400,凉山彝族自治州,51,四川省,自治州,extended,2026,2026-12-31,prefecture_whole,not_collected,,,,,,,,,,,,,,,,,,,,未采集,,,needs_collection,true,未取得可审计的公开数值，保留 null，后续进入采集队列。
CN-520100,520100,贵阳市,52,贵州省,地级市,core,2026,2026-12-31,prefecture_whole,not_collected,,,,,,,,,,,,,,,,,,,,未采集,,,needs_collection,true,未取得可审计的公开数值，保留 null，后续进入采集队列。
CN-520200,520200,六盘水市,52,贵州省,地级市,core,2026,2026-12-31,prefecture_whole,not_collected,,,,,,,,,,,,,,,,,,,,未采集,,,needs_collection,true,未取得可审计的公开数值，保留 null，后续进入采集队列。
CN-520300,520300,遵义市,52,贵州省,地级市,core,2026,2026-12-31,prefecture_whole,not_collected,,,,,,,,,,,,,,,,,,,,未采集,,,needs_collection,true,未取得可审计的公开数值，保留 null，后续进入采集队列。
CN-520400,520400,安顺市,52,贵州省,地级市,core,2026,2026-12-31,prefecture_whole,not_collected,,,,,,,,,,,,,,,,,,,,未采集,,,needs_collection,true,未取得可审计的公开数值，保留 null，后续进入采集队列。
CN-520500,520500,毕节市,52,贵州省,地级市,core,2026,2026-12-31,prefecture_whole,not_collected,,,,,,,,,,,,,,,,,,,,未采集,,,needs_collection,true,未取得可审计的公开数值，保留 null，后续进入采集队列。
CN-520600,520600,铜仁市,52,贵州省,地级市,core,2026,2026-12-31,prefecture_whole,not_collected,,,,,,,,,,,,,,,,,,,,未采集,,,needs_collection,true,未取得可审计的公开数值，保留 null，后续进入采集队列。
CN-522300,522300,黔西南布依族苗族自治州,52,贵州省,自治州,extended,2026,2026-12-31,prefecture_whole,not_collected,,,,,,,,,,,,,,,,,,,,未采集,,,needs_collection,true,未取得可审计的公开数值，保留 null，后续进入采集队列。
CN-522600,522600,黔东南苗族侗族自治州,52,贵州省,自治州,extended,2026,2026-12-31,prefecture_whole,not_collected,,,,,,,,,,,,,,,,,,,,未采集,,,needs_collection,true,未取得可审计的公开数值，保留 null，后续进入采集队列。
CN-522700,522700,黔南布依族苗族自治州,52,贵州省,自治州,extended,2026,2026-12-31,prefecture_whole,not_collected,,,,,,,,,,,,,,,,,,,,未采集,,,needs_collection,true,未取得可审计的公开数值，保留 null，后续进入采集队列。
CN-530100,530100,昆明市,53,云南省,地级市,core,2026,2026-12-31,prefecture_whole,not_collected,,,,,,,,,,,,,,,,,,,,未采集,,,needs_collection,true,未取得可审计的公开数值，保留 null，后续进入采集队列。
CN-530300,530300,曲靖市,53,云南省,地级市,core,2026,2026-12-31,prefecture_whole,not_collected,,,,,,,,,,,,,,,,,,,,未采集,,,needs_collection,true,未取得可审计的公开数值，保留 null，后续进入采集队列。
CN-530400,530400,玉溪市,53,云南省,地级市,core,2026,2026-12-31,prefecture_whole,not_collected,,,,,,,,,,,,,,,,,,,,未采集,,,needs_collection,true,未取得可审计的公开数值，保留 null，后续进入采集队列。
CN-530500,530500,保山市,53,云南省,地级市,core,2026,2026-12-31,prefecture_whole,not_collected,,,,,,,,,,,,,,,,,,,,未采集,,,needs_collection,true,未取得可审计的公开数值，保留 null，后续进入采集队列。
CN-530600,530600,昭通市,53,云南省,地级市,core,2026,2026-12-31,prefecture_whole,not_collected,,,,,,,,,,,,,,,,,,,,未采集,,,needs_collection,true,未取得可审计的公开数值，保留 null，后续进入采集队列。
CN-530700,530700,丽江市,53,云南省,地级市,core,2026,2026-12-31,prefecture_whole,not_collected,,,,,,,,,,,,,,,,,,,,未采集,,,needs_collection,true,未取得可审计的公开数值，保留 null，后续进入采集队列。
CN-530800,530800,普洱市,53,云南省,地级市,core,2026,2026-12-31,prefecture_whole,not_collected,,,,,,,,,,,,,,,,,,,,未采集,,,needs_collection,true,未取得可审计的公开数值，保留 null，后续进入采集队列。
CN-530900,530900,临沧市,53,云南省,地级市,core,2026,2026-12-31,prefecture_whole,not_collected,,,,,,,,,,,,,,,,,,,,未采集,,,needs_collection,true,未取得可审计的公开数值，保留 null，后续进入采集队列。
CN-532300,532300,楚雄彝族自治州,53,云南省,自治州,extended,2026,2026-12-31,prefecture_whole,not_collected,,,,,,,,,,,,,,,,,,,,未采集,,,needs_collection,true,未取得可审计的公开数值，保留 null，后续进入采集队列。
CN-532500,532500,红河哈尼族彝族自治州,53,云南省,自治州,extended,2026,2026-12-31,prefecture_whole,not_collected,,,,,,,,,,,,,,,,,,,,未采集,,,needs_collection,true,未取得可审计的公开数值，保留 null，后续进入采集队列。
CN-532600,532600,文山壮族苗族自治州,53,云南省,自治州,extended,2026,2026-12-31,prefecture_whole,not_collected,,,,,,,,,,,,,,,,,,,,未采集,,,needs_collection,true,未取得可审计的公开数值，保留 null，后续进入采集队列。
CN-532800,532800,西双版纳傣族自治州,53,云南省,自治州,extended,2026,2026-12-31,prefecture_whole,not_collected,,,,,,,,,,,,,,,,,,,,未采集,,,needs_collection,true,未取得可审计的公开数值，保留 null，后续进入采集队列。
CN-532900,532900,大理白族自治州,53,云南省,自治州,extended,2026,2026-12-31,prefecture_whole,not_collected,,,,,,,,,,,,,,,,,,,,未采集,,,needs_collection,true,未取得可审计的公开数值，保留 null，后续进入采集队列。
CN-533100,533100,德宏傣族景颇族自治州,53,云南省,自治州,extended,2026,2026-12-31,prefecture_whole,not_collected,,,,,,,,,,,,,,,,,,,,未采集,,,needs_collection,true,未取得可审计的公开数值，保留 null，后续进入采集队列。
CN-533300,533300,怒江傈僳族自治州,53,云南省,自治州,extended,2026,2026-12-31,prefecture_whole,not_collected,,,,,,,,,,,,,,,,,,,,未采集,,,needs_collection,true,未取得可审计的公开数值，保留 null，后续进入采集队列。
CN-533400,533400,迪庆藏族自治州,53,云南省,自治州,extended,2026,2026-12-31,prefecture_whole,not_collected,,,,,,,,,,,,,,,,,,,,未采集,,,needs_collection,true,未取得可审计的公开数值，保留 null，后续进入采集队列。
CN-540100,540100,拉萨市,54,西藏自治区,地级市,core,2026,2026-12-31,prefecture_whole,not_collected,,,,,,,,,,,,,,,,,,,,未采集,,,needs_collection,true,未取得可审计的公开数值，保留 null，后续进入采集队列。
CN-540200,540200,日喀则市,54,西藏自治区,地级市,core,2026,2026-12-31,prefecture_whole,not_collected,,,,,,,,,,,,,,,,,,,,未采集,,,needs_collection,true,未取得可审计的公开数值，保留 null，后续进入采集队列。
CN-540300,540300,昌都市,54,西藏自治区,地级市,core,2026,2026-12-31,prefecture_whole,not_collected,,,,,,,,,,,,,,,,,,,,未采集,,,needs_collection,true,未取得可审计的公开数值，保留 null，后续进入采集队列。
CN-540400,540400,林芝市,54,西藏自治区,地级市,core,2026,2026-12-31,prefecture_whole,not_collected,,,,,,,,,,,,,,,,,,,,未采集,,,needs_collection,true,未取得可审计的公开数值，保留 null，后续进入采集队列。
CN-540500,540500,山南市,54,西藏自治区,地级市,core,2026,2026-12-31,prefecture_whole,not_collected,,,,,,,,,,,,,,,,,,,,未采集,,,needs_collection,true,未取得可审计的公开数值，保留 null，后续进入采集队列。
CN-540600,540600,那曲市,54,西藏自治区,地级市,core,2026,2026-12-31,prefecture_whole,not_collected,,,,,,,,,,,,,,,,,,,,未采集,,,needs_collection,true,未取得可审计的公开数值，保留 null，后续进入采集队列。
CN-542500,542500,阿里地区,54,西藏自治区,地区,extended,2026,2026-12-31,prefecture_whole,not_collected,,,,,,,,,,,,,,,,,,,,未采集,,,needs_collection,true,未取得可审计的公开数值，保留 null，后续进入采集队列。
CN-610100,610100,西安市,61,陕西省,地级市,core,2026,2026-12-31,prefecture_whole,not_collected,,,,,,,,,,,,,,,,,,,,未采集,,,needs_collection,true,未取得可审计的公开数值，保留 null，后续进入采集队列。
CN-610200,610200,铜川市,61,陕西省,地级市,core,2026,2026-12-31,prefecture_whole,not_collected,,,,,,,,,,,,,,,,,,,,未采集,,,needs_collection,true,未取得可审计的公开数值，保留 null，后续进入采集队列。
CN-610300,610300,宝鸡市,61,陕西省,地级市,core,2026,2026-12-31,prefecture_whole,not_collected,,,,,,,,,,,,,,,,,,,,未采集,,,needs_collection,true,未取得可审计的公开数值，保留 null，后续进入采集队列。
CN-610400,610400,咸阳市,61,陕西省,地级市,core,2026,2026-12-31,prefecture_whole,not_collected,,,,,,,,,,,,,,,,,,,,未采集,,,needs_collection,true,未取得可审计的公开数值，保留 null，后续进入采集队列。
CN-610500,610500,渭南市,61,陕西省,地级市,core,2026,2026-12-31,prefecture_whole,not_collected,,,,,,,,,,,,,,,,,,,,未采集,,,needs_collection,true,未取得可审计的公开数值，保留 null，后续进入采集队列。
CN-610600,610600,延安市,61,陕西省,地级市,core,2026,2026-12-31,prefecture_whole,not_collected,,,,,,,,,,,,,,,,,,,,未采集,,,needs_collection,true,未取得可审计的公开数值，保留 null，后续进入采集队列。
CN-610700,610700,汉中市,61,陕西省,地级市,core,2026,2026-12-31,prefecture_whole,not_collected,,,,,,,,,,,,,,,,,,,,未采集,,,needs_collection,true,未取得可审计的公开数值，保留 null，后续进入采集队列。
CN-610800,610800,榆林市,61,陕西省,地级市,core,2026,2026-12-31,prefecture_whole,not_collected,,,,,,,,,,,,,,,,,,,,未采集,,,needs_collection,true,未取得可审计的公开数值，保留 null，后续进入采集队列。
CN-610900,610900,安康市,61,陕西省,地级市,core,2026,2026-12-31,prefecture_whole,not_collected,,,,,,,,,,,,,,,,,,,,未采集,,,needs_collection,true,未取得可审计的公开数值，保留 null，后续进入采集队列。
CN-611000,611000,商洛市,61,陕西省,地级市,core,2026,2026-12-31,prefecture_whole,not_collected,,,,,,,,,,,,,,,,,,,,未采集,,,needs_collection,true,未取得可审计的公开数值，保留 null，后续进入采集队列。
CN-620100,620100,兰州市,62,甘肃省,地级市,core,2026,2026-12-31,prefecture_whole,not_collected,,,,,,,,,,,,,,,,,,,,未采集,,,needs_collection,true,未取得可审计的公开数值，保留 null，后续进入采集队列。
CN-620200,620200,嘉峪关市,62,甘肃省,地级市,core,2026,2026-12-31,prefecture_whole,not_collected,,,,,,,,,,,,,,,,,,,,未采集,,,needs_collection,true,未取得可审计的公开数值，保留 null，后续进入采集队列。
CN-620300,620300,金昌市,62,甘肃省,地级市,core,2026,2026-12-31,prefecture_whole,not_collected,,,,,,,,,,,,,,,,,,,,未采集,,,needs_collection,true,未取得可审计的公开数值，保留 null，后续进入采集队列。
CN-620400,620400,白银市,62,甘肃省,地级市,core,2026,2026-12-31,prefecture_whole,not_collected,,,,,,,,,,,,,,,,,,,,未采集,,,needs_collection,true,未取得可审计的公开数值，保留 null，后续进入采集队列。
CN-620500,620500,天水市,62,甘肃省,地级市,core,2026,2026-12-31,prefecture_whole,not_collected,,,,,,,,,,,,,,,,,,,,未采集,,,needs_collection,true,未取得可审计的公开数值，保留 null，后续进入采集队列。
CN-620600,620600,武威市,62,甘肃省,地级市,core,2026,2026-12-31,prefecture_whole,not_collected,,,,,,,,,,,,,,,,,,,,未采集,,,needs_collection,true,未取得可审计的公开数值，保留 null，后续进入采集队列。
CN-620700,620700,张掖市,62,甘肃省,地级市,core,2026,2026-12-31,prefecture_whole,not_collected,,,,,,,,,,,,,,,,,,,,未采集,,,needs_collection,true,未取得可审计的公开数值，保留 null，后续进入采集队列。
CN-620800,620800,平凉市,62,甘肃省,地级市,core,2026,2026-12-31,prefecture_whole,not_collected,,,,,,,,,,,,,,,,,,,,未采集,,,needs_collection,true,未取得可审计的公开数值，保留 null，后续进入采集队列。
CN-620900,620900,酒泉市,62,甘肃省,地级市,core,2026,2026-12-31,prefecture_whole,not_collected,,,,,,,,,,,,,,,,,,,,未采集,,,needs_collection,true,未取得可审计的公开数值，保留 null，后续进入采集队列。
CN-621000,621000,庆阳市,62,甘肃省,地级市,core,2026,2026-12-31,prefecture_whole,not_collected,,,,,,,,,,,,,,,,,,,,未采集,,,needs_collection,true,未取得可审计的公开数值，保留 null，后续进入采集队列。
CN-621100,621100,定西市,62,甘肃省,地级市,core,2026,2026-12-31,prefecture_whole,not_collected,,,,,,,,,,,,,,,,,,,,未采集,,,needs_collection,true,未取得可审计的公开数值，保留 null，后续进入采集队列。
CN-621200,621200,陇南市,62,甘肃省,地级市,core,2026,2026-12-31,prefecture_whole,not_collected,,,,,,,,,,,,,,,,,,,,未采集,,,needs_collection,true,未取得可审计的公开数值，保留 null，后续进入采集队列。
CN-622900,622900,临夏回族自治州,62,甘肃省,自治州,extended,2026,2026-12-31,prefecture_whole,not_collected,,,,,,,,,,,,,,,,,,,,未采集,,,needs_collection,true,未取得可审计的公开数值，保留 null，后续进入采集队列。
CN-623000,623000,甘南藏族自治州,62,甘肃省,自治州,extended,2026,2026-12-31,prefecture_whole,not_collected,,,,,,,,,,,,,,,,,,,,未采集,,,needs_collection,true,未取得可审计的公开数值，保留 null，后续进入采集队列。
CN-630100,630100,西宁市,63,青海省,地级市,core,2026,2026-12-31,prefecture_whole,not_collected,,,,,,,,,,,,,,,,,,,,未采集,,,needs_collection,true,未取得可审计的公开数值，保留 null，后续进入采集队列。
CN-630200,630200,海东市,63,青海省,地级市,core,2026,2026-12-31,prefecture_whole,not_collected,,,,,,,,,,,,,,,,,,,,未采集,,,needs_collection,true,未取得可审计的公开数值，保留 null，后续进入采集队列。
CN-632200,632200,海北藏族自治州,63,青海省,自治州,extended,2026,2026-12-31,prefecture_whole,not_collected,,,,,,,,,,,,,,,,,,,,未采集,,,needs_collection,true,未取得可审计的公开数值，保留 null，后续进入采集队列。
CN-632300,632300,黄南藏族自治州,63,青海省,自治州,extended,2026,2026-12-31,prefecture_whole,not_collected,,,,,,,,,,,,,,,,,,,,未采集,,,needs_collection,true,未取得可审计的公开数值，保留 null，后续进入采集队列。
CN-632500,632500,海南藏族自治州,63,青海省,自治州,extended,2026,2026-12-31,prefecture_whole,not_collected,,,,,,,,,,,,,,,,,,,,未采集,,,needs_collection,true,未取得可审计的公开数值，保留 null，后续进入采集队列。
CN-632600,632600,果洛藏族自治州,63,青海省,自治州,extended,2026,2026-12-31,prefecture_whole,not_collected,,,,,,,,,,,,,,,,,,,,未采集,,,needs_collection,true,未取得可审计的公开数值，保留 null，后续进入采集队列。
CN-632700,632700,玉树藏族自治州,63,青海省,自治州,extended,2026,2026-12-31,prefecture_whole,not_collected,,,,,,,,,,,,,,,,,,,,未采集,,,needs_collection,true,未取得可审计的公开数值，保留 null，后续进入采集队列。
CN-632800,632800,海西蒙古族藏族自治州,63,青海省,自治州,extended,2026,2026-12-31,prefecture_whole,not_collected,,,,,,,,,,,,,,,,,,,,未采集,,,needs_collection,true,未取得可审计的公开数值，保留 null，后续进入采集队列。
CN-640100,640100,银川市,64,宁夏回族自治区,地级市,core,2026,2026-12-31,prefecture_whole,not_collected,,,,,,,,,,,,,,,,,,,,未采集,,,needs_collection,true,未取得可审计的公开数值，保留 null，后续进入采集队列。
CN-640200,640200,石嘴山市,64,宁夏回族自治区,地级市,core,2026,2026-12-31,prefecture_whole,not_collected,,,,,,,,,,,,,,,,,,,,未采集,,,needs_collection,true,未取得可审计的公开数值，保留 null，后续进入采集队列。
CN-640300,640300,吴忠市,64,宁夏回族自治区,地级市,core,2026,2026-12-31,prefecture_whole,not_collected,,,,,,,,,,,,,,,,,,,,未采集,,,needs_collection,true,未取得可审计的公开数值，保留 null，后续进入采集队列。
CN-640400,640400,固原市,64,宁夏回族自治区,地级市,core,2026,2026-12-31,prefecture_whole,not_collected,,,,,,,,,,,,,,,,,,,,未采集,,,needs_collection,true,未取得可审计的公开数值，保留 null，后续进入采集队列。
CN-640500,640500,中卫市,64,宁夏回族自治区,地级市,core,2026,2026-12-31,prefecture_whole,not_collected,,,,,,,,,,,,,,,,,,,,未采集,,,needs_collection,true,未取得可审计的公开数值，保留 null，后续进入采集队列。
CN-650100,650100,乌鲁木齐市,65,新疆维吾尔自治区,地级市,core,2026,2026-12-31,prefecture_whole,not_collected,,,,,,,,,,,,,,,,,,,,未采集,,,needs_collection,true,未取得可审计的公开数值，保留 null，后续进入采集队列。
CN-650200,650200,克拉玛依市,65,新疆维吾尔自治区,地级市,core,2026,2026-12-31,prefecture_whole,not_collected,,,,,,,,,,,,,,,,,,,,未采集,,,needs_collection,true,未取得可审计的公开数值，保留 null，后续进入采集队列。
CN-650400,650400,吐鲁番市,65,新疆维吾尔自治区,地级市,core,2026,2026-12-31,prefecture_whole,not_collected,,,,,,,,,,,,,,,,,,,,未采集,,,needs_collection,true,未取得可审计的公开数值，保留 null，后续进入采集队列。
CN-650500,650500,哈密市,65,新疆维吾尔自治区,地级市,core,2026,2026-12-31,prefecture_whole,not_collected,,,,,,,,,,,,,,,,,,,,未采集,,,needs_collection,true,未取得可审计的公开数值，保留 null，后续进入采集队列。
CN-652300,652300,昌吉回族自治州,65,新疆维吾尔自治区,自治州,extended,2026,2026-12-31,prefecture_whole,not_collected,,,,,,,,,,,,,,,,,,,,未采集,,,needs_collection,true,未取得可审计的公开数值，保留 null，后续进入采集队列。
CN-652700,652700,博尔塔拉蒙古自治州,65,新疆维吾尔自治区,自治州,extended,2026,2026-12-31,prefecture_whole,not_collected,,,,,,,,,,,,,,,,,,,,未采集,,,needs_collection,true,未取得可审计的公开数值，保留 null，后续进入采集队列。
CN-652800,652800,巴音郭楞蒙古自治州,65,新疆维吾尔自治区,自治州,extended,2026,2026-12-31,prefecture_whole,not_collected,,,,,,,,,,,,,,,,,,,,未采集,,,needs_collection,true,未取得可审计的公开数值，保留 null，后续进入采集队列。
CN-652900,652900,阿克苏地区,65,新疆维吾尔自治区,地区,extended,2026,2026-12-31,prefecture_whole,not_collected,,,,,,,,,,,,,,,,,,,,未采集,,,needs_collection,true,未取得可审计的公开数值，保留 null，后续进入采集队列。
CN-653000,653000,克孜勒苏柯尔克孜自治州,65,新疆维吾尔自治区,自治州,extended,2026,2026-12-31,prefecture_whole,not_collected,,,,,,,,,,,,,,,,,,,,未采集,,,needs_collection,true,未取得可审计的公开数值，保留 null，后续进入采集队列。
CN-653100,653100,喀什地区,65,新疆维吾尔自治区,地区,extended,2026,2026-12-31,prefecture_whole,not_collected,,,,,,,,,,,,,,,,,,,,未采集,,,needs_collection,true,未取得可审计的公开数值，保留 null，后续进入采集队列。
CN-653200,653200,和田地区,65,新疆维吾尔自治区,地区,extended,2026,2026-12-31,prefecture_whole,not_collected,,,,,,,,,,,,,,,,,,,,未采集,,,needs_collection,true,未取得可审计的公开数值，保留 null，后续进入采集队列。
CN-654000,654000,伊犁哈萨克自治州,65,新疆维吾尔自治区,自治州,extended,2026,2026-12-31,prefecture_whole,not_collected,,,,,,,,,,,,,,,,,,,,未采集,,,needs_collection,true,未取得可审计的公开数值，保留 null，后续进入采集队列。
CN-654200,654200,塔城地区,65,新疆维吾尔自治区,地区,extended,2026,2026-12-31,prefecture_whole,not_collected,,,,,,,,,,,,,,,,,,,,未采集,,,needs_collection,true,未取得可审计的公开数值，保留 null，后续进入采集队列。
CN-654300,654300,阿勒泰地区,65,新疆维吾尔自治区,地区,extended,2026,2026-12-31,prefecture_whole,not_collected,,,,,,,,,,,,,,,,,,,,未采集,,,needs_collection,true,未取得可审计的公开数值，保留 null，后续进入采集队列。
CN-659000,659000,自治区直辖县级行政区划,65,新疆维吾尔自治区,地级市,core,2026,2026-12-31,prefecture_whole,not_collected,,,,,,,,,,,,,,,,,,,,未采集,,,needs_collection,true,未取得可审计的公开数值，保留 null，后续进入采集队列。
