record_id,city_id,metric_year,period_end,geo_scope,general_debt_limit_100m,general_debt_balance_100m,special_debt_limit_100m,special_debt_balance_100m,statutory_debt_limit_100m,statutory_debt_balance_100m,data_status,source_doc_id,source_grade,collection_status,lineage_complete_flag,note
DEBT-CN-110000-2018-PREFECTURE,CN-110000,2018,2018-12-31,prefecture_whole,,,,,,,provisional,SRC-CITY-PANEL-1990-2023,D,missing,false,法定债务四个分项保持独立；缺失值保留 null。
DEBT-CN-120000-2018-PREFECTURE,CN-120000,2018,2018-12-31,prefecture_whole,,,,,,,provisional,SRC-CITY-PANEL-1990-2023,D,missing,false,法定债务四个分项保持独立；缺失值保留 null。
DEBT-CN-130100-2018-PREFECTURE,CN-130100,2018,2018-12-31,prefecture_whole,,,,,,,provisional,SRC-CITY-PANEL-1990-2023,D,missing,false,法定债务四个分项保持独立；缺失值保留 null。
DEBT-CN-130200-2018-PREFECTURE,CN-130200,2018,2018-12-31,prefecture_whole,,,,,,,provisional,SRC-CITY-PANEL-1990-2023,D,missing,false,法定债务四个分项保持独立；缺失值保留 null。
DEBT-CN-130300-2018-PREFECTURE,CN-130300,2018,2018-12-31,prefecture_whole,,,,,,,provisional,SRC-CITY-PANEL-1990-2023,D,missing,false,法定债务四个分项保持独立；缺失值保留 null。
DEBT-CN-130400-2018-PREFECTURE,CN-130400,2018,2018-12-31,prefecture_whole,,,,,,,provisional,SRC-CITY-PANEL-1990-2023,D,missing,false,法定债务四个分项保持独立；缺失值保留 null。
DEBT-CN-130500-2018-PREFECTURE,CN-130500,2018,2018-12-31,prefecture_whole,,,,,,,provisional,SRC-CITY-PANEL-1990-2023,D,missing,false,法定债务四个分项保持独立；缺失值保留 null。
DEBT-CN-130600-2018-PREFECTURE,CN-130600,2018,2018-12-31,prefecture_whole,,,,,,,provisional,SRC-CITY-PANEL-1990-2023,D,missing,false,法定债务四个分项保持独立；缺失值保留 null。
DEBT-CN-130700-2018-PREFECTURE,CN-130700,2018,2018-12-31,prefecture_whole,,,,,,,provisional,SRC-CITY-PANEL-1990-2023,D,missing,false,法定债务四个分项保持独立；缺失值保留 null。
DEBT-CN-130800-2018-PREFECTURE,CN-130800,2018,2018-12-31,prefecture_whole,,319.58,,181.45,,501.03,official_debt,SRC-CITY-PANEL-1990-2023;SRC-OFFICIAL-DEBT-HEBEI-CHENGDE-2018,A2,extracted,true,法定债务四个分项保持独立；缺失值保留 null。
DEBT-CN-130900-2018-PREFECTURE,CN-130900,2018,2018-12-31,prefecture_whole,,,,,,,provisional,SRC-CITY-PANEL-1990-2023,D,missing,false,法定债务四个分项保持独立；缺失值保留 null。
DEBT-CN-131000-2018-PREFECTURE,CN-131000,2018,2018-12-31,prefecture_whole,,,,,,,provisional,SRC-CITY-PANEL-1990-2023,D,missing,false,法定债务四个分项保持独立；缺失值保留 null。
DEBT-CN-131100-2018-PREFECTURE,CN-131100,2018,2018-12-31,prefecture_whole,,,,,,,provisional,SRC-CITY-PANEL-1990-2023,D,missing,false,法定债务四个分项保持独立；缺失值保留 null。
DEBT-CN-140100-2018-PREFECTURE,CN-140100,2018,2018-12-31,prefecture_whole,,,,,,,provisional,SRC-CITY-PANEL-1990-2023,D,missing,false,法定债务四个分项保持独立；缺失值保留 null。
DEBT-CN-140200-2018-PREFECTURE,CN-140200,2018,2018-12-31,prefecture_whole,,,,,,,provisional,SRC-CITY-PANEL-1990-2023,D,missing,false,法定债务四个分项保持独立；缺失值保留 null。
DEBT-CN-140300-2018-PREFECTURE,CN-140300,2018,2018-12-31,prefecture_whole,,,,,,,provisional,SRC-CITY-PANEL-1990-2023,D,missing,false,法定债务四个分项保持独立；缺失值保留 null。
DEBT-CN-140400-2018-PREFECTURE,CN-140400,2018,2018-12-31,prefecture_whole,,,,,,,provisional,SRC-CITY-PANEL-1990-2023,D,missing,false,法定债务四个分项保持独立；缺失值保留 null。
DEBT-CN-140500-2018-PREFECTURE,CN-140500,2018,2018-12-31,prefecture_whole,,,,,,,provisional,SRC-CITY-PANEL-1990-2023,D,missing,false,法定债务四个分项保持独立；缺失值保留 null。
DEBT-CN-140600-2018-PREFECTURE,CN-140600,2018,2018-12-31,prefecture_whole,,,,,,,provisional,SRC-CITY-PANEL-1990-2023,D,missing,false,法定债务四个分项保持独立；缺失值保留 null。
DEBT-CN-140700-2018-PREFECTURE,CN-140700,2018,2018-12-31,prefecture_whole,,,,,,,provisional,SRC-CITY-PANEL-1990-2023,D,missing,false,法定债务四个分项保持独立；缺失值保留 null。
DEBT-CN-140800-2018-PREFECTURE,CN-140800,2018,2018-12-31,prefecture_whole,,,,,,,provisional,SRC-CITY-PANEL-1990-2023,D,missing,false,法定债务四个分项保持独立；缺失值保留 null。
DEBT-CN-140900-2018-PREFECTURE,CN-140900,2018,2018-12-31,prefecture_whole,,,,,,,provisional,SRC-CITY-PANEL-1990-2023,D,missing,false,法定债务四个分项保持独立；缺失值保留 null。
DEBT-CN-141000-2018-PREFECTURE,CN-141000,2018,2018-12-31,prefecture_whole,,,,,,,provisional,SRC-CITY-PANEL-1990-2023,D,missing,false,法定债务四个分项保持独立；缺失值保留 null。
DEBT-CN-141100-2018-PREFECTURE,CN-141100,2018,2018-12-31,prefecture_whole,,,,,,,provisional,SRC-CITY-PANEL-1990-2023,D,missing,false,法定债务四个分项保持独立；缺失值保留 null。
DEBT-CN-150100-2018-PREFECTURE,CN-150100,2018,2018-12-31,prefecture_whole,,,,,,840.67,secondary_debt,SRC-CITY-PANEL-1990-2023;SRC-SECONDARY-CEIC-CN-150100,D,needs_review,true,法定债务四个分项保持独立；缺失值保留 null。
DEBT-CN-150200-2018-PREFECTURE,CN-150200,2018,2018-12-31,prefecture_whole,,,,,,,provisional,SRC-CITY-PANEL-1990-2023,D,missing,false,法定债务四个分项保持独立；缺失值保留 null。
DEBT-CN-150300-2018-PREFECTURE,CN-150300,2018,2018-12-31,prefecture_whole,,,,,,172.94,secondary_debt,SRC-CITY-PANEL-1990-2023;SRC-SECONDARY-CEIC-CN-150300,D,needs_review,true,法定债务四个分项保持独立；缺失值保留 null。
DEBT-CN-150400-2018-PREFECTURE,CN-150400,2018,2018-12-31,prefecture_whole,,,,,,336.94,secondary_debt,SRC-CITY-PANEL-1990-2023;SRC-SECONDARY-CEIC-CN-150400,D,needs_review,true,法定债务四个分项保持独立；缺失值保留 null。
DEBT-CN-150500-2018-PREFECTURE,CN-150500,2018,2018-12-31,prefecture_whole,347.00,348.00,62.51,53.37,409.51,401.37,official_debt,SRC-CITY-PANEL-1990-2023;SRC-OFFICIAL-DEBT-INNER-MONGOLIA-TONGLIAO-2018,A2,extracted,true,法定债务四个分项保持独立；缺失值保留 null。
DEBT-CN-150600-2018-PREFECTURE,CN-150600,2018,2018-12-31,prefecture_whole,1432.88,1413.99,44.45,37.82,1477.33,1451.80,official_debt,SRC-CITY-PANEL-1990-2023;SRC-OFFICIAL-DEBT-INNER-MONGOLIA-ORDOS-2018,A2,extracted,true,法定债务四个分项保持独立；缺失值保留 null。
DEBT-CN-150700-2018-PREFECTURE,CN-150700,2018,2018-12-31,prefecture_whole,,,,,,371.59,secondary_debt,SRC-CITY-PANEL-1990-2023;SRC-SECONDARY-CEIC-CN-150700,D,needs_review,true,法定债务四个分项保持独立；缺失值保留 null。
DEBT-CN-150800-2018-PREFECTURE,CN-150800,2018,2018-12-31,prefecture_whole,247.82,257.53,42.75,47.98,290.57,305.52,official_debt,SRC-CITY-PANEL-1990-2023;SRC-OFFICIAL-DEBT-INNER-MONGOLIA-BAYANNUR-2018,A2,extracted,true,法定债务四个分项保持独立；缺失值保留 null。
DEBT-CN-150900-2018-PREFECTURE,CN-150900,2018,2018-12-31,prefecture_whole,495.85,477.49,74.85,75.02,570.70,552.51,official_debt,SRC-CITY-PANEL-1990-2023;SRC-OFFICIAL-DEBT-INNER-MONGOLIA-ULANQAB-2018,A2,extracted,true,法定债务四个分项保持独立；缺失值保留 null。
DEBT-CN-152200-2018-PREFECTURE,CN-152200,2018,2018-12-31,prefecture_whole,188.57,189.89,32.37,30.42,220.94,220.32,official_debt,SRC-OFFICIAL-DEBT-INNER-MONGOLIA-XINGAN-2018,A2,extracted,true,法定债务四个分项保持独立；缺失值保留 null。
DEBT-CN-152500-2018-PREFECTURE,CN-152500,2018,2018-12-31,prefecture_whole,,,,,,,not_collected,,,missing,false,法定债务四个分项保持独立；缺失值保留 null。
DEBT-CN-152900-2018-PREFECTURE,CN-152900,2018,2018-12-31,prefecture_whole,131.52,128.27,31.48,31.32,163.00,159.59,official_debt,SRC-OFFICIAL-DEBT-INNER-MONGOLIA-ALXA-2018,A2,extracted,true,法定债务四个分项保持独立；缺失值保留 null。
DEBT-CN-210100-2018-PREFECTURE,CN-210100,2018,2018-12-31,prefecture_whole,,922.00,,764.00,,1686.00,official_debt,SRC-CITY-PANEL-1990-2023;SRC-OFFICIAL-DEBT-LIAONING-CITIES-2018,A2,extracted,true,法定债务四个分项保持独立；缺失值保留 null。
DEBT-CN-210200-2018-PREFECTURE,CN-210200,2018,2018-12-31,prefecture_whole,,1318.00,,667.00,,1985.00,official_debt,SRC-CITY-PANEL-1990-2023;SRC-OFFICIAL-DEBT-LIAONING-CITIES-2018,A2,extracted,true,法定债务四个分项保持独立；缺失值保留 null。
DEBT-CN-210300-2018-PREFECTURE,CN-210300,2018,2018-12-31,prefecture_whole,,433.00,,295.00,,728.00,official_debt,SRC-CITY-PANEL-1990-2023;SRC-OFFICIAL-DEBT-LIAONING-CITIES-2018,A2,extracted,true,法定债务四个分项保持独立；缺失值保留 null。
DEBT-CN-210400-2018-PREFECTURE,CN-210400,2018,2018-12-31,prefecture_whole,,341.00,,44.00,,385.00,official_debt,SRC-CITY-PANEL-1990-2023;SRC-OFFICIAL-DEBT-LIAONING-CITIES-2018,A2,extracted,true,法定债务四个分项保持独立；缺失值保留 null。
DEBT-CN-210500-2018-PREFECTURE,CN-210500,2018,2018-12-31,prefecture_whole,,201.00,,73.00,,274.00,official_debt,SRC-CITY-PANEL-1990-2023;SRC-OFFICIAL-DEBT-LIAONING-CITIES-2018,A2,extracted,true,法定债务四个分项保持独立；缺失值保留 null。
DEBT-CN-210600-2018-PREFECTURE,CN-210600,2018,2018-12-31,prefecture_whole,,248.00,,14.00,,262.00,official_debt,SRC-CITY-PANEL-1990-2023;SRC-OFFICIAL-DEBT-LIAONING-CITIES-2018,A2,extracted,true,法定债务四个分项保持独立；缺失值保留 null。
DEBT-CN-210700-2018-PREFECTURE,CN-210700,2018,2018-12-31,prefecture_whole,,329.00,,33.00,,362.00,official_debt,SRC-CITY-PANEL-1990-2023;SRC-OFFICIAL-DEBT-LIAONING-CITIES-2018,A2,extracted,true,法定债务四个分项保持独立；缺失值保留 null。
DEBT-CN-210800-2018-PREFECTURE,CN-210800,2018,2018-12-31,prefecture_whole,,704.00,,103.00,,807.00,official_debt,SRC-CITY-PANEL-1990-2023;SRC-OFFICIAL-DEBT-LIAONING-CITIES-2018,A2,extracted,true,法定债务四个分项保持独立；缺失值保留 null。
DEBT-CN-210900-2018-PREFECTURE,CN-210900,2018,2018-12-31,prefecture_whole,,116.00,,29.00,,145.00,official_debt,SRC-CITY-PANEL-1990-2023;SRC-OFFICIAL-DEBT-LIAONING-CITIES-2018,A2,extracted,true,法定债务四个分项保持独立；缺失值保留 null。
DEBT-CN-211000-2018-PREFECTURE,CN-211000,2018,2018-12-31,prefecture_whole,,247.00,,27.00,,274.00,official_debt,SRC-CITY-PANEL-1990-2023;SRC-OFFICIAL-DEBT-LIAONING-CITIES-2018,A2,extracted,true,法定债务四个分项保持独立；缺失值保留 null。
DEBT-CN-211100-2018-PREFECTURE,CN-211100,2018,2018-12-31,prefecture_whole,,568.00,,60.00,,628.00,official_debt,SRC-CITY-PANEL-1990-2023;SRC-OFFICIAL-DEBT-LIAONING-CITIES-2018,A2,extracted,true,法定债务四个分项保持独立；缺失值保留 null。
DEBT-CN-211200-2018-PREFECTURE,CN-211200,2018,2018-12-31,prefecture_whole,,147.00,,104.00,,251.00,official_debt,SRC-CITY-PANEL-1990-2023;SRC-OFFICIAL-DEBT-LIAONING-CITIES-2018,A2,extracted,true,法定债务四个分项保持独立；缺失值保留 null。
DEBT-CN-211300-2018-PREFECTURE,CN-211300,2018,2018-12-31,prefecture_whole,,121.00,,56.00,,177.00,official_debt,SRC-CITY-PANEL-1990-2023;SRC-OFFICIAL-DEBT-LIAONING-CITIES-2018,A2,extracted,true,法定债务四个分项保持独立；缺失值保留 null。
DEBT-CN-211400-2018-PREFECTURE,CN-211400,2018,2018-12-31,prefecture_whole,,331.00,,36.00,,367.00,official_debt,SRC-CITY-PANEL-1990-2023;SRC-OFFICIAL-DEBT-LIAONING-CITIES-2018,A2,extracted,true,法定债务四个分项保持独立；缺失值保留 null。
DEBT-CN-220100-2018-PREFECTURE,CN-220100,2018,2018-12-31,prefecture_whole,673.19,604.43,626.12,513.33,1299.32,1117.76,official_debt,SRC-CITY-PANEL-1990-2023;SRC-PROVINCE-DEBT-JILIN-2018,A1,extracted,true,法定债务四个分项保持独立；缺失值保留 null。
DEBT-CN-220200-2018-PREFECTURE,CN-220200,2018,2018-12-31,prefecture_whole,188.86,172.25,84.51,76.15,273.37,248.40,official_debt,SRC-CITY-PANEL-1990-2023;SRC-PROVINCE-DEBT-JILIN-2018,A1,extracted,true,法定债务四个分项保持独立；缺失值保留 null。
DEBT-CN-220300-2018-PREFECTURE,CN-220300,2018,2018-12-31,prefecture_whole,87.14,65.37,18.99,18.72,106.13,84.09,official_debt,SRC-CITY-PANEL-1990-2023;SRC-PROVINCE-DEBT-JILIN-2018,A1,extracted,true,法定债务四个分项保持独立；缺失值保留 null。
DEBT-CN-220400-2018-PREFECTURE,CN-220400,2018,2018-12-31,prefecture_whole,59.81,54.57,48.61,44.89,108.42,99.46,official_debt,SRC-CITY-PANEL-1990-2023;SRC-PROVINCE-DEBT-JILIN-2018,A1,extracted,true,法定债务四个分项保持独立；缺失值保留 null。
DEBT-CN-220500-2018-PREFECTURE,CN-220500,2018,2018-12-31,prefecture_whole,52.86,53.20,43.74,42.46,96.60,95.66,official_debt,SRC-CITY-PANEL-1990-2023;SRC-PROVINCE-DEBT-JILIN-2018,A1,extracted,true,法定债务四个分项保持独立；缺失值保留 null。
DEBT-CN-220600-2018-PREFECTURE,CN-220600,2018,2018-12-31,prefecture_whole,80.81,63.63,9.04,7.13,89.85,70.76,official_debt,SRC-CITY-PANEL-1990-2023;SRC-PROVINCE-DEBT-JILIN-2018,A1,extracted,true,法定债务四个分项保持独立；缺失值保留 null。
DEBT-CN-220700-2018-PREFECTURE,CN-220700,2018,2018-12-31,prefecture_whole,83.77,80.01,30.56,28.13,114.33,108.15,official_debt,SRC-CITY-PANEL-1990-2023;SRC-PROVINCE-DEBT-JILIN-2018,A1,extracted,true,法定债务四个分项保持独立；缺失值保留 null。
DEBT-CN-220800-2018-PREFECTURE,CN-220800,2018,2018-12-31,prefecture_whole,92.99,85.07,27.22,27.18,120.21,112.25,official_debt,SRC-CITY-PANEL-1990-2023;SRC-PROVINCE-DEBT-JILIN-2018,A1,extracted,true,法定债务四个分项保持独立；缺失值保留 null。
DEBT-CN-222400-2018-PREFECTURE,CN-222400,2018,2018-12-31,prefecture_whole,208.92,185.13,70.63,62.78,279.55,247.91,official_debt,SRC-PROVINCE-DEBT-JILIN-2018,A1,extracted,true,法定债务四个分项保持独立；缺失值保留 null。
DEBT-CN-230100-2018-PREFECTURE,CN-230100,2018,2018-12-31,prefecture_whole,,,,,,,provisional,SRC-CITY-PANEL-1990-2023,D,missing,false,法定债务四个分项保持独立；缺失值保留 null。
DEBT-CN-230200-2018-PREFECTURE,CN-230200,2018,2018-12-31,prefecture_whole,,,,,,,provisional,SRC-CITY-PANEL-1990-2023,D,missing,false,法定债务四个分项保持独立；缺失值保留 null。
DEBT-CN-230300-2018-PREFECTURE,CN-230300,2018,2018-12-31,prefecture_whole,,,,,,,provisional,SRC-CITY-PANEL-1990-2023,D,missing,false,法定债务四个分项保持独立；缺失值保留 null。
DEBT-CN-230400-2018-PREFECTURE,CN-230400,2018,2018-12-31,prefecture_whole,,,,,,,provisional,SRC-CITY-PANEL-1990-2023,D,missing,false,法定债务四个分项保持独立；缺失值保留 null。
DEBT-CN-230500-2018-PREFECTURE,CN-230500,2018,2018-12-31,prefecture_whole,,,,,,,provisional,SRC-CITY-PANEL-1990-2023,D,missing,false,法定债务四个分项保持独立；缺失值保留 null。
DEBT-CN-230600-2018-PREFECTURE,CN-230600,2018,2018-12-31,prefecture_whole,,,,,,,provisional,SRC-CITY-PANEL-1990-2023,D,missing,false,法定债务四个分项保持独立；缺失值保留 null。
DEBT-CN-230700-2018-PREFECTURE,CN-230700,2018,2018-12-31,prefecture_whole,,,,,,,provisional,SRC-CITY-PANEL-1990-2023,D,missing,false,法定债务四个分项保持独立；缺失值保留 null。
DEBT-CN-230800-2018-PREFECTURE,CN-230800,2018,2018-12-31,prefecture_whole,,,,,,,provisional,SRC-CITY-PANEL-1990-2023,D,missing,false,法定债务四个分项保持独立；缺失值保留 null。
DEBT-CN-230900-2018-PREFECTURE,CN-230900,2018,2018-12-31,prefecture_whole,,,,,,,provisional,SRC-CITY-PANEL-1990-2023,D,missing,false,法定债务四个分项保持独立；缺失值保留 null。
DEBT-CN-231000-2018-PREFECTURE,CN-231000,2018,2018-12-31,prefecture_whole,,,,,,,provisional,SRC-CITY-PANEL-1990-2023,D,missing,false,法定债务四个分项保持独立；缺失值保留 null。
DEBT-CN-231100-2018-PREFECTURE,CN-231100,2018,2018-12-31,prefecture_whole,,,,,,,provisional,SRC-CITY-PANEL-1990-2023,D,missing,false,法定债务四个分项保持独立；缺失值保留 null。
DEBT-CN-231200-2018-PREFECTURE,CN-231200,2018,2018-12-31,prefecture_whole,,,,,,,provisional,SRC-CITY-PANEL-1990-2023,D,missing,false,法定债务四个分项保持独立；缺失值保留 null。
DEBT-CN-232700-2018-PREFECTURE,CN-232700,2018,2018-12-31,prefecture_whole,,,,,,,not_collected,,,missing,false,法定债务四个分项保持独立；缺失值保留 null。
DEBT-CN-310000-2018-PREFECTURE,CN-310000,2018,2018-12-31,prefecture_whole,3962.90,2642.90,3740.60,2392.00,7703.50,5034.90,official_debt,SRC-CITY-PANEL-1990-2023;SRC-CITY-DEBT-SHANGHAI-2018,A1,extracted,true,法定债务四个分项保持独立；缺失值保留 null。
DEBT-CN-320100-2018-PREFECTURE,CN-320100,2018,2018-12-31,prefecture_whole,,,,,,2419.30,secondary_debt,SRC-CITY-PANEL-1990-2023;SRC-SECONDARY-DEBT-JIANGSU-2018-CITY-TOTALS,B2,needs_review,true,法定债务四个分项保持独立；缺失值保留 null。
DEBT-CN-320200-2018-PREFECTURE,CN-320200,2018,2018-12-31,prefecture_whole,,,,,,1081.60,secondary_debt,SRC-CITY-PANEL-1990-2023;SRC-SECONDARY-DEBT-JIANGSU-2018-CITY-TOTALS,B2,needs_review,true,法定债务四个分项保持独立；缺失值保留 null。
DEBT-CN-320300-2018-PREFECTURE,CN-320300,2018,2018-12-31,prefecture_whole,,,,,,766.40,secondary_debt,SRC-CITY-PANEL-1990-2023;SRC-SECONDARY-DEBT-JIANGSU-2018-CITY-TOTALS,B2,needs_review,true,法定债务四个分项保持独立；缺失值保留 null。
DEBT-CN-320400-2018-PREFECTURE,CN-320400,2018,2018-12-31,prefecture_whole,,,,,,854.70,secondary_debt,SRC-CITY-PANEL-1990-2023;SRC-SECONDARY-DEBT-JIANGSU-2018-CITY-TOTALS,B2,needs_review,true,法定债务四个分项保持独立；缺失值保留 null。
DEBT-CN-320500-2018-PREFECTURE,CN-320500,2018,2018-12-31,prefecture_whole,,,,,,1363.20,secondary_debt,SRC-CITY-PANEL-1990-2023;SRC-SECONDARY-DEBT-JIANGSU-2018-CITY-TOTALS,B2,needs_review,true,法定债务四个分项保持独立；缺失值保留 null。
DEBT-CN-320600-2018-PREFECTURE,CN-320600,2018,2018-12-31,prefecture_whole,,,,,,1500.70,secondary_debt,SRC-CITY-PANEL-1990-2023;SRC-SECONDARY-DEBT-JIANGSU-2018-CITY-TOTALS,B2,needs_review,true,法定债务四个分项保持独立；缺失值保留 null。
DEBT-CN-320700-2018-PREFECTURE,CN-320700,2018,2018-12-31,prefecture_whole,,,,,,467.20,secondary_debt,SRC-CITY-PANEL-1990-2023;SRC-SECONDARY-DEBT-JIANGSU-2018-CITY-TOTALS,B2,needs_review,true,法定债务四个分项保持独立；缺失值保留 null。
DEBT-CN-320800-2018-PREFECTURE,CN-320800,2018,2018-12-31,prefecture_whole,,,,,,524.90,secondary_debt,SRC-CITY-PANEL-1990-2023;SRC-SECONDARY-DEBT-JIANGSU-2018-CITY-TOTALS,B2,needs_review,true,法定债务四个分项保持独立；缺失值保留 null。
DEBT-CN-320900-2018-PREFECTURE,CN-320900,2018,2018-12-31,prefecture_whole,,,,,,1015.40,secondary_debt,SRC-CITY-PANEL-1990-2023;SRC-SECONDARY-DEBT-JIANGSU-2018-CITY-TOTALS,B2,needs_review,true,法定债务四个分项保持独立；缺失值保留 null。
DEBT-CN-321000-2018-PREFECTURE,CN-321000,2018,2018-12-31,prefecture_whole,,,,,,773.20,secondary_debt,SRC-CITY-PANEL-1990-2023;SRC-SECONDARY-DEBT-JIANGSU-2018-CITY-TOTALS,B2,needs_review,true,法定债务四个分项保持独立；缺失值保留 null。
DEBT-CN-321100-2018-PREFECTURE,CN-321100,2018,2018-12-31,prefecture_whole,,,,,,702.20,secondary_debt,SRC-CITY-PANEL-1990-2023;SRC-SECONDARY-DEBT-JIANGSU-2018-CITY-TOTALS,B2,needs_review,true,法定债务四个分项保持独立；缺失值保留 null。
DEBT-CN-321200-2018-PREFECTURE,CN-321200,2018,2018-12-31,prefecture_whole,,,,,,716.20,secondary_debt,SRC-CITY-PANEL-1990-2023;SRC-SECONDARY-DEBT-JIANGSU-2018-CITY-TOTALS,B2,needs_review,true,法定债务四个分项保持独立；缺失值保留 null。
DEBT-CN-321300-2018-PREFECTURE,CN-321300,2018,2018-12-31,prefecture_whole,,,,,,570.40,secondary_debt,SRC-CITY-PANEL-1990-2023;SRC-SECONDARY-DEBT-JIANGSU-2018-CITY-TOTALS,B2,needs_review,true,法定债务四个分项保持独立；缺失值保留 null。
DEBT-CN-330100-2018-PREFECTURE,CN-330100,2018,2018-12-31,prefecture_whole,,,,,,,provisional,SRC-CITY-PANEL-1990-2023,D,missing,false,法定债务四个分项保持独立；缺失值保留 null。
DEBT-CN-330200-2018-PREFECTURE,CN-330200,2018,2018-12-31,prefecture_whole,,1151.83,,655.47,,1807.30,official_debt,SRC-CITY-PANEL-1990-2023;SRC-CELMA-API-DEBT-3302-2018,A2,extracted,true,法定债务四个分项保持独立；缺失值保留 null。
DEBT-CN-330300-2018-PREFECTURE,CN-330300,2018,2018-12-31,prefecture_whole,,,,,,,provisional,SRC-CITY-PANEL-1990-2023,D,missing,false,法定债务四个分项保持独立；缺失值保留 null。
DEBT-CN-330400-2018-PREFECTURE,CN-330400,2018,2018-12-31,prefecture_whole,,,,,,,provisional,SRC-CITY-PANEL-1990-2023,D,missing,false,法定债务四个分项保持独立；缺失值保留 null。
DEBT-CN-330500-2018-PREFECTURE,CN-330500,2018,2018-12-31,prefecture_whole,,,,,,,provisional,SRC-CITY-PANEL-1990-2023,D,missing,false,法定债务四个分项保持独立；缺失值保留 null。
DEBT-CN-330600-2018-PREFECTURE,CN-330600,2018,2018-12-31,prefecture_whole,,,,,,,provisional,SRC-CITY-PANEL-1990-2023,D,missing,false,法定债务四个分项保持独立；缺失值保留 null。
DEBT-CN-330700-2018-PREFECTURE,CN-330700,2018,2018-12-31,prefecture_whole,,,,,,,provisional,SRC-CITY-PANEL-1990-2023,D,missing,false,法定债务四个分项保持独立；缺失值保留 null。
DEBT-CN-330800-2018-PREFECTURE,CN-330800,2018,2018-12-31,prefecture_whole,,,,,,,provisional,SRC-CITY-PANEL-1990-2023,D,missing,false,法定债务四个分项保持独立；缺失值保留 null。
DEBT-CN-330900-2018-PREFECTURE,CN-330900,2018,2018-12-31,prefecture_whole,,,,,,,provisional,SRC-CITY-PANEL-1990-2023,D,missing,false,法定债务四个分项保持独立；缺失值保留 null。
DEBT-CN-331000-2018-PREFECTURE,CN-331000,2018,2018-12-31,prefecture_whole,,,,,,,provisional,SRC-CITY-PANEL-1990-2023,D,missing,false,法定债务四个分项保持独立；缺失值保留 null。
DEBT-CN-331100-2018-PREFECTURE,CN-331100,2018,2018-12-31,prefecture_whole,,,,,,,provisional,SRC-CITY-PANEL-1990-2023,D,missing,false,法定债务四个分项保持独立；缺失值保留 null。
DEBT-CN-340100-2018-PREFECTURE,CN-340100,2018,2018-12-31,prefecture_whole,,,,,,836.66,secondary_debt,SRC-CITY-PANEL-1990-2023;SRC-SECONDARY-DEBT-ANHUI-2018-CITY-TOTALS,B2,needs_review,true,法定债务四个分项保持独立；缺失值保留 null。
DEBT-CN-340200-2018-PREFECTURE,CN-340200,2018,2018-12-31,prefecture_whole,,,,,,615.59,secondary_debt,SRC-CITY-PANEL-1990-2023;SRC-SECONDARY-DEBT-ANHUI-2018-CITY-TOTALS,B2,needs_review,true,法定债务四个分项保持独立；缺失值保留 null。
DEBT-CN-340300-2018-PREFECTURE,CN-340300,2018,2018-12-31,prefecture_whole,,,,,,281.81,secondary_debt,SRC-CITY-PANEL-1990-2023;SRC-SECONDARY-DEBT-ANHUI-2018-CITY-TOTALS,B2,needs_review,true,法定债务四个分项保持独立；缺失值保留 null。
DEBT-CN-340400-2018-PREFECTURE,CN-340400,2018,2018-12-31,prefecture_whole,,,,,,242.78,secondary_debt,SRC-CITY-PANEL-1990-2023;SRC-SECONDARY-DEBT-ANHUI-2018-CITY-TOTALS,B2,needs_review,true,法定债务四个分项保持独立；缺失值保留 null。
DEBT-CN-340500-2018-PREFECTURE,CN-340500,2018,2018-12-31,prefecture_whole,,,,,,310.50,secondary_debt,SRC-CITY-PANEL-1990-2023;SRC-SECONDARY-DEBT-ANHUI-2018-CITY-TOTALS,B2,needs_review,true,法定债务四个分项保持独立；缺失值保留 null。
DEBT-CN-340600-2018-PREFECTURE,CN-340600,2018,2018-12-31,prefecture_whole,,,,,,142.89,secondary_debt,SRC-CITY-PANEL-1990-2023;SRC-SECONDARY-DEBT-ANHUI-2018-CITY-TOTALS,B2,needs_review,true,法定债务四个分项保持独立；缺失值保留 null。
DEBT-CN-340700-2018-PREFECTURE,CN-340700,2018,2018-12-31,prefecture_whole,,,,,,255.93,secondary_debt,SRC-CITY-PANEL-1990-2023;SRC-SECONDARY-DEBT-ANHUI-2018-CITY-TOTALS,B2,needs_review,true,法定债务四个分项保持独立；缺失值保留 null。
DEBT-CN-340800-2018-PREFECTURE,CN-340800,2018,2018-12-31,prefecture_whole,,,,,,377.42,secondary_debt,SRC-CITY-PANEL-1990-2023;SRC-SECONDARY-DEBT-ANHUI-2018-CITY-TOTALS,B2,needs_review,true,法定债务四个分项保持独立；缺失值保留 null。
DEBT-CN-341000-2018-PREFECTURE,CN-341000,2018,2018-12-31,prefecture_whole,,,,,,187.26,secondary_debt,SRC-CITY-PANEL-1990-2023;SRC-SECONDARY-DEBT-ANHUI-2018-CITY-TOTALS,B2,needs_review,true,法定债务四个分项保持独立；缺失值保留 null。
DEBT-CN-341100-2018-PREFECTURE,CN-341100,2018,2018-12-31,prefecture_whole,,,,,,463.10,secondary_debt,SRC-CITY-PANEL-1990-2023;SRC-SECONDARY-DEBT-ANHUI-2018-CITY-TOTALS,B2,needs_review,true,法定债务四个分项保持独立；缺失值保留 null。
DEBT-CN-341200-2018-PREFECTURE,CN-341200,2018,2018-12-31,prefecture_whole,,,,,,722.71,secondary_debt,SRC-CITY-PANEL-1990-2023;SRC-SECONDARY-DEBT-ANHUI-2018-CITY-TOTALS,B2,needs_review,true,法定债务四个分项保持独立；缺失值保留 null。
DEBT-CN-341300-2018-PREFECTURE,CN-341300,2018,2018-12-31,prefecture_whole,,,,,,381.75,secondary_debt,SRC-CITY-PANEL-1990-2023;SRC-SECONDARY-DEBT-ANHUI-2018-CITY-TOTALS,B2,needs_review,true,法定债务四个分项保持独立；缺失值保留 null。
DEBT-CN-341500-2018-PREFECTURE,CN-341500,2018,2018-12-31,prefecture_whole,,,,,,435.27,secondary_debt,SRC-CITY-PANEL-1990-2023;SRC-SECONDARY-DEBT-ANHUI-2018-CITY-TOTALS,B2,needs_review,true,法定债务四个分项保持独立；缺失值保留 null。
DEBT-CN-341600-2018-PREFECTURE,CN-341600,2018,2018-12-31,prefecture_whole,,,,,,441.25,secondary_debt,SRC-CITY-PANEL-1990-2023;SRC-SECONDARY-DEBT-ANHUI-2018-CITY-TOTALS,B2,needs_review,true,法定债务四个分项保持独立；缺失值保留 null。
DEBT-CN-341700-2018-PREFECTURE,CN-341700,2018,2018-12-31,prefecture_whole,,,,,,232.24,secondary_debt,SRC-CITY-PANEL-1990-2023;SRC-SECONDARY-DEBT-ANHUI-2018-CITY-TOTALS,B2,needs_review,true,法定债务四个分项保持独立；缺失值保留 null。
DEBT-CN-341800-2018-PREFECTURE,CN-341800,2018,2018-12-31,prefecture_whole,,,,,,342.67,secondary_debt,SRC-CITY-PANEL-1990-2023;SRC-SECONDARY-DEBT-ANHUI-2018-CITY-TOTALS,B2,needs_review,true,法定债务四个分项保持独立；缺失值保留 null。
DEBT-CN-350100-2018-PREFECTURE,CN-350100,2018,2018-12-31,prefecture_whole,,,,,,,provisional,SRC-CITY-PANEL-1990-2023,D,missing,false,法定债务四个分项保持独立；缺失值保留 null。
DEBT-CN-350200-2018-PREFECTURE,CN-350200,2018,2018-12-31,prefecture_whole,,279.73,,357.59,,637.32,official_debt,SRC-CITY-PANEL-1990-2023;SRC-CELMA-API-DEBT-3502-2018,A2,extracted,true,法定债务四个分项保持独立；缺失值保留 null。
DEBT-CN-350300-2018-PREFECTURE,CN-350300,2018,2018-12-31,prefecture_whole,,,,,,,provisional,SRC-CITY-PANEL-1990-2023,D,missing,false,法定债务四个分项保持独立；缺失值保留 null。
DEBT-CN-350400-2018-PREFECTURE,CN-350400,2018,2018-12-31,prefecture_whole,,,,,,,provisional,SRC-CITY-PANEL-1990-2023,D,missing,false,法定债务四个分项保持独立；缺失值保留 null。
DEBT-CN-350500-2018-PREFECTURE,CN-350500,2018,2018-12-31,prefecture_whole,,,,,,,provisional,SRC-CITY-PANEL-1990-2023,D,missing,false,法定债务四个分项保持独立；缺失值保留 null。
DEBT-CN-350600-2018-PREFECTURE,CN-350600,2018,2018-12-31,prefecture_whole,,,,,,,provisional,SRC-CITY-PANEL-1990-2023,D,missing,false,法定债务四个分项保持独立；缺失值保留 null。
DEBT-CN-350700-2018-PREFECTURE,CN-350700,2018,2018-12-31,prefecture_whole,,,,,,,provisional,SRC-CITY-PANEL-1990-2023,D,missing,false,法定债务四个分项保持独立；缺失值保留 null。
DEBT-CN-350800-2018-PREFECTURE,CN-350800,2018,2018-12-31,prefecture_whole,,,,,,,provisional,SRC-CITY-PANEL-1990-2023,D,missing,false,法定债务四个分项保持独立；缺失值保留 null。
DEBT-CN-350900-2018-PREFECTURE,CN-350900,2018,2018-12-31,prefecture_whole,,,,,,,provisional,SRC-CITY-PANEL-1990-2023,D,missing,false,法定债务四个分项保持独立；缺失值保留 null。
DEBT-CN-360100-2018-PREFECTURE,CN-360100,2018,2018-12-31,prefecture_whole,,,,,,,provisional,SRC-CITY-PANEL-1990-2023,D,missing,false,法定债务四个分项保持独立；缺失值保留 null。
DEBT-CN-360200-2018-PREFECTURE,CN-360200,2018,2018-12-31,prefecture_whole,,,,,,,provisional,SRC-CITY-PANEL-1990-2023,D,missing,false,法定债务四个分项保持独立；缺失值保留 null。
DEBT-CN-360300-2018-PREFECTURE,CN-360300,2018,2018-12-31,prefecture_whole,,,,,,,provisional,SRC-CITY-PANEL-1990-2023,D,missing,false,法定债务四个分项保持独立；缺失值保留 null。
DEBT-CN-360400-2018-PREFECTURE,CN-360400,2018,2018-12-31,prefecture_whole,,,,,,,provisional,SRC-CITY-PANEL-1990-2023,D,missing,false,法定债务四个分项保持独立；缺失值保留 null。
DEBT-CN-360500-2018-PREFECTURE,CN-360500,2018,2018-12-31,prefecture_whole,,,,,,,provisional,SRC-CITY-PANEL-1990-2023,D,missing,false,法定债务四个分项保持独立；缺失值保留 null。
DEBT-CN-360600-2018-PREFECTURE,CN-360600,2018,2018-12-31,prefecture_whole,,,,,,,provisional,SRC-CITY-PANEL-1990-2023,D,missing,false,法定债务四个分项保持独立；缺失值保留 null。
DEBT-CN-360700-2018-PREFECTURE,CN-360700,2018,2018-12-31,prefecture_whole,,,,,,,provisional,SRC-CITY-PANEL-1990-2023,D,missing,false,法定债务四个分项保持独立；缺失值保留 null。
DEBT-CN-360800-2018-PREFECTURE,CN-360800,2018,2018-12-31,prefecture_whole,,,,,,,provisional,SRC-CITY-PANEL-1990-2023,D,missing,false,法定债务四个分项保持独立；缺失值保留 null。
DEBT-CN-360900-2018-PREFECTURE,CN-360900,2018,2018-12-31,prefecture_whole,,,,,,,provisional,SRC-CITY-PANEL-1990-2023,D,missing,false,法定债务四个分项保持独立；缺失值保留 null。
DEBT-CN-361000-2018-PREFECTURE,CN-361000,2018,2018-12-31,prefecture_whole,,,,,,,provisional,SRC-CITY-PANEL-1990-2023,D,missing,false,法定债务四个分项保持独立；缺失值保留 null。
DEBT-CN-361100-2018-PREFECTURE,CN-361100,2018,2018-12-31,prefecture_whole,,,,,,,provisional,SRC-CITY-PANEL-1990-2023,D,missing,false,法定债务四个分项保持独立；缺失值保留 null。
DEBT-CN-370100-2018-PREFECTURE,CN-370100,2018,2018-12-31,prefecture_whole,,,,,,,provisional,SRC-CITY-PANEL-1990-2023,D,missing,false,法定债务四个分项保持独立；缺失值保留 null。
DEBT-CN-370200-2018-PREFECTURE,CN-370200,2018,2018-12-31,prefecture_whole,,706.09,,566.04,,1272.13,official_debt,SRC-CITY-PANEL-1990-2023;SRC-CELMA-API-DEBT-3702-2018,A2,extracted,true,法定债务四个分项保持独立；缺失值保留 null。
DEBT-CN-370300-2018-PREFECTURE,CN-370300,2018,2018-12-31,prefecture_whole,,,,,,,provisional,SRC-CITY-PANEL-1990-2023,D,missing,false,法定债务四个分项保持独立；缺失值保留 null。
DEBT-CN-370400-2018-PREFECTURE,CN-370400,2018,2018-12-31,prefecture_whole,,,,,,,provisional,SRC-CITY-PANEL-1990-2023,D,missing,false,法定债务四个分项保持独立；缺失值保留 null。
DEBT-CN-370500-2018-PREFECTURE,CN-370500,2018,2018-12-31,prefecture_whole,,,,,,,provisional,SRC-CITY-PANEL-1990-2023,D,missing,false,法定债务四个分项保持独立；缺失值保留 null。
DEBT-CN-370600-2018-PREFECTURE,CN-370600,2018,2018-12-31,prefecture_whole,,,,,,,provisional,SRC-CITY-PANEL-1990-2023,D,missing,false,法定债务四个分项保持独立；缺失值保留 null。
DEBT-CN-370700-2018-PREFECTURE,CN-370700,2018,2018-12-31,prefecture_whole,,,,,,,provisional,SRC-CITY-PANEL-1990-2023,D,missing,false,法定债务四个分项保持独立；缺失值保留 null。
DEBT-CN-370800-2018-PREFECTURE,CN-370800,2018,2018-12-31,prefecture_whole,,,,,,,provisional,SRC-CITY-PANEL-1990-2023,D,missing,false,法定债务四个分项保持独立；缺失值保留 null。
DEBT-CN-370900-2018-PREFECTURE,CN-370900,2018,2018-12-31,prefecture_whole,,,,,,,provisional,SRC-CITY-PANEL-1990-2023,D,missing,false,法定债务四个分项保持独立；缺失值保留 null。
DEBT-CN-371000-2018-PREFECTURE,CN-371000,2018,2018-12-31,prefecture_whole,,,,,,,provisional,SRC-CITY-PANEL-1990-2023,D,missing,false,法定债务四个分项保持独立；缺失值保留 null。
DEBT-CN-371100-2018-PREFECTURE,CN-371100,2018,2018-12-31,prefecture_whole,,,,,,,provisional,SRC-CITY-PANEL-1990-2023,D,missing,false,法定债务四个分项保持独立；缺失值保留 null。
DEBT-CN-371200-2018-PREFECTURE,CN-371200,2018,2018-12-31,prefecture_whole,,,,,,,provisional,SRC-CITY-PANEL-1990-2023,D,missing,false,法定债务四个分项保持独立；缺失值保留 null。
DEBT-CN-371300-2018-PREFECTURE,CN-371300,2018,2018-12-31,prefecture_whole,,,,,,,provisional,SRC-CITY-PANEL-1990-2023,D,missing,false,法定债务四个分项保持独立；缺失值保留 null。
DEBT-CN-371400-2018-PREFECTURE,CN-371400,2018,2018-12-31,prefecture_whole,,,,,,,provisional,SRC-CITY-PANEL-1990-2023,D,missing,false,法定债务四个分项保持独立；缺失值保留 null。
DEBT-CN-371500-2018-PREFECTURE,CN-371500,2018,2018-12-31,prefecture_whole,,,,,,,provisional,SRC-CITY-PANEL-1990-2023,D,missing,false,法定债务四个分项保持独立；缺失值保留 null。
DEBT-CN-371600-2018-PREFECTURE,CN-371600,2018,2018-12-31,prefecture_whole,,,,,,,provisional,SRC-CITY-PANEL-1990-2023,D,missing,false,法定债务四个分项保持独立；缺失值保留 null。
DEBT-CN-371700-2018-PREFECTURE,CN-371700,2018,2018-12-31,prefecture_whole,,,,,,,provisional,SRC-CITY-PANEL-1990-2023,D,missing,false,法定债务四个分项保持独立；缺失值保留 null。
DEBT-CN-410100-2018-PREFECTURE,CN-410100,2018,2018-12-31,prefecture_whole,,,,,,,provisional,SRC-CITY-PANEL-1990-2023,D,missing,false,法定债务四个分项保持独立；缺失值保留 null。
DEBT-CN-410200-2018-PREFECTURE,CN-410200,2018,2018-12-31,prefecture_whole,,,,,,,provisional,SRC-CITY-PANEL-1990-2023,D,missing,false,法定债务四个分项保持独立；缺失值保留 null。
DEBT-CN-410300-2018-PREFECTURE,CN-410300,2018,2018-12-31,prefecture_whole,,,,,,,provisional,SRC-CITY-PANEL-1990-2023,D,missing,false,法定债务四个分项保持独立；缺失值保留 null。
DEBT-CN-410400-2018-PREFECTURE,CN-410400,2018,2018-12-31,prefecture_whole,,,,,,,provisional,SRC-CITY-PANEL-1990-2023,D,missing,false,法定债务四个分项保持独立；缺失值保留 null。
DEBT-CN-410500-2018-PREFECTURE,CN-410500,2018,2018-12-31,prefecture_whole,,,,,,,provisional,SRC-CITY-PANEL-1990-2023,D,missing,false,法定债务四个分项保持独立；缺失值保留 null。
DEBT-CN-410600-2018-PREFECTURE,CN-410600,2018,2018-12-31,prefecture_whole,,,,,,,provisional,SRC-CITY-PANEL-1990-2023,D,missing,false,法定债务四个分项保持独立；缺失值保留 null。
DEBT-CN-410700-2018-PREFECTURE,CN-410700,2018,2018-12-31,prefecture_whole,,,,,,,provisional,SRC-CITY-PANEL-1990-2023,D,missing,false,法定债务四个分项保持独立；缺失值保留 null。
DEBT-CN-410800-2018-PREFECTURE,CN-410800,2018,2018-12-31,prefecture_whole,,,,,,,provisional,SRC-CITY-PANEL-1990-2023,D,missing,false,法定债务四个分项保持独立；缺失值保留 null。
DEBT-CN-410900-2018-PREFECTURE,CN-410900,2018,2018-12-31,prefecture_whole,,,,,,,provisional,SRC-CITY-PANEL-1990-2023,D,missing,false,法定债务四个分项保持独立；缺失值保留 null。
DEBT-CN-411000-2018-PREFECTURE,CN-411000,2018,2018-12-31,prefecture_whole,,,,,,,provisional,SRC-CITY-PANEL-1990-2023,D,missing,false,法定债务四个分项保持独立；缺失值保留 null。
DEBT-CN-411100-2018-PREFECTURE,CN-411100,2018,2018-12-31,prefecture_whole,,,,,,,provisional,SRC-CITY-PANEL-1990-2023,D,missing,false,法定债务四个分项保持独立；缺失值保留 null。
DEBT-CN-411200-2018-PREFECTURE,CN-411200,2018,2018-12-31,prefecture_whole,,,,,,,provisional,SRC-CITY-PANEL-1990-2023,D,missing,false,法定债务四个分项保持独立；缺失值保留 null。
DEBT-CN-411300-2018-PREFECTURE,CN-411300,2018,2018-12-31,prefecture_whole,,,,,,,provisional,SRC-CITY-PANEL-1990-2023,D,missing,false,法定债务四个分项保持独立；缺失值保留 null。
DEBT-CN-411400-2018-PREFECTURE,CN-411400,2018,2018-12-31,prefecture_whole,,,,,,,provisional,SRC-CITY-PANEL-1990-2023,D,missing,false,法定债务四个分项保持独立；缺失值保留 null。
DEBT-CN-411500-2018-PREFECTURE,CN-411500,2018,2018-12-31,prefecture_whole,,,,,,,provisional,SRC-CITY-PANEL-1990-2023,D,missing,false,法定债务四个分项保持独立；缺失值保留 null。
DEBT-CN-411600-2018-PREFECTURE,CN-411600,2018,2018-12-31,prefecture_whole,,,,,,,provisional,SRC-CITY-PANEL-1990-2023,D,missing,false,法定债务四个分项保持独立；缺失值保留 null。
DEBT-CN-411700-2018-PREFECTURE,CN-411700,2018,2018-12-31,prefecture_whole,,,,,,,provisional,SRC-CITY-PANEL-1990-2023,D,missing,false,法定债务四个分项保持独立；缺失值保留 null。
DEBT-CN-419000-2018-PREFECTURE,CN-419000,2018,2018-12-31,prefecture_whole,,,,,,,not_collected,,,missing,false,法定债务四个分项保持独立；缺失值保留 null。
DEBT-CN-420100-2018-PREFECTURE,CN-420100,2018,2018-12-31,prefecture_whole,,,,,,,provisional,SRC-CITY-PANEL-1990-2023,D,missing,false,法定债务四个分项保持独立；缺失值保留 null。
DEBT-CN-420200-2018-PREFECTURE,CN-420200,2018,2018-12-31,prefecture_whole,,,,,,,provisional,SRC-CITY-PANEL-1990-2023,D,missing,false,法定债务四个分项保持独立；缺失值保留 null。
DEBT-CN-420300-2018-PREFECTURE,CN-420300,2018,2018-12-31,prefecture_whole,,,,,,373.35,secondary_debt,SRC-CITY-PANEL-1990-2023;SRC-SECONDARY-CEIC-CN-420300,D,needs_review,true,法定债务四个分项保持独立；缺失值保留 null。
DEBT-CN-420500-2018-PREFECTURE,CN-420500,2018,2018-12-31,prefecture_whole,,,,,,,provisional,SRC-CITY-PANEL-1990-2023,D,missing,false,法定债务四个分项保持独立；缺失值保留 null。
DEBT-CN-420600-2018-PREFECTURE,CN-420600,2018,2018-12-31,prefecture_whole,,,,,,,provisional,SRC-CITY-PANEL-1990-2023,D,missing,false,法定债务四个分项保持独立；缺失值保留 null。
DEBT-CN-420700-2018-PREFECTURE,CN-420700,2018,2018-12-31,prefecture_whole,,,,,,,provisional,SRC-CITY-PANEL-1990-2023,D,missing,false,法定债务四个分项保持独立；缺失值保留 null。
DEBT-CN-420800-2018-PREFECTURE,CN-420800,2018,2018-12-31,prefecture_whole,,,,,,,provisional,SRC-CITY-PANEL-1990-2023,D,missing,false,法定债务四个分项保持独立；缺失值保留 null。
DEBT-CN-420900-2018-PREFECTURE,CN-420900,2018,2018-12-31,prefecture_whole,,,,,,309.17,secondary_debt,SRC-CITY-PANEL-1990-2023;SRC-SECONDARY-CEIC-CN-420900,D,needs_review,true,法定债务四个分项保持独立；缺失值保留 null。
DEBT-CN-421000-2018-PREFECTURE,CN-421000,2018,2018-12-31,prefecture_whole,,,,,,317.24,secondary_debt,SRC-CITY-PANEL-1990-2023;SRC-SECONDARY-CEIC-CN-421000,D,needs_review,true,法定债务四个分项保持独立；缺失值保留 null。
DEBT-CN-421100-2018-PREFECTURE,CN-421100,2018,2018-12-31,prefecture_whole,,,,,,,provisional,SRC-CITY-PANEL-1990-2023,D,missing,false,法定债务四个分项保持独立；缺失值保留 null。
DEBT-CN-421200-2018-PREFECTURE,CN-421200,2018,2018-12-31,prefecture_whole,,,,,,183.41,secondary_debt,SRC-CITY-PANEL-1990-2023;SRC-SECONDARY-CEIC-CN-421200,D,needs_review,true,法定债务四个分项保持独立；缺失值保留 null。
DEBT-CN-421300-2018-PREFECTURE,CN-421300,2018,2018-12-31,prefecture_whole,,,,,,,provisional,SRC-CITY-PANEL-1990-2023,D,missing,false,法定债务四个分项保持独立；缺失值保留 null。
DEBT-CN-422800-2018-PREFECTURE,CN-422800,2018,2018-12-31,prefecture_whole,,,,,,,not_collected,,,missing,false,法定债务四个分项保持独立；缺失值保留 null。
DEBT-CN-429000-2018-PREFECTURE,CN-429000,2018,2018-12-31,prefecture_whole,,,,,,,not_collected,,,missing,false,法定债务四个分项保持独立；缺失值保留 null。
DEBT-CN-430100-2018-PREFECTURE,CN-430100,2018,2018-12-31,prefecture_whole,,557.53,,974.56,,1532.09,official_debt,SRC-CITY-PANEL-1990-2023;SRC-PROVINCE-DEBT-HUNAN-2018,A1,extracted,true,法定债务四个分项保持独立；缺失值保留 null。
DEBT-CN-430200-2018-PREFECTURE,CN-430200,2018,2018-12-31,prefecture_whole,,282.77,,286.21,,568.98,official_debt,SRC-CITY-PANEL-1990-2023;SRC-PROVINCE-DEBT-HUNAN-2018,A1,extracted,true,法定债务四个分项保持独立；缺失值保留 null。
DEBT-CN-430300-2018-PREFECTURE,CN-430300,2018,2018-12-31,prefecture_whole,,173.73,,203.08,,376.81,official_debt,SRC-CITY-PANEL-1990-2023;SRC-PROVINCE-DEBT-HUNAN-2018,A1,extracted,true,法定债务四个分项保持独立；缺失值保留 null。
DEBT-CN-430400-2018-PREFECTURE,CN-430400,2018,2018-12-31,prefecture_whole,,318.39,,328.11,,646.50,official_debt,SRC-CITY-PANEL-1990-2023;SRC-PROVINCE-DEBT-HUNAN-2018,A1,extracted,true,法定债务四个分项保持独立；缺失值保留 null。
DEBT-CN-430500-2018-PREFECTURE,CN-430500,2018,2018-12-31,prefecture_whole,,275.83,,109.59,,385.42,official_debt,SRC-CITY-PANEL-1990-2023;SRC-PROVINCE-DEBT-HUNAN-2018,A1,extracted,true,法定债务四个分项保持独立；缺失值保留 null。
DEBT-CN-430600-2018-PREFECTURE,CN-430600,2018,2018-12-31,prefecture_whole,,303.62,,184.45,,488.07,official_debt,SRC-CITY-PANEL-1990-2023;SRC-PROVINCE-DEBT-HUNAN-2018,A1,extracted,true,法定债务四个分项保持独立；缺失值保留 null。
DEBT-CN-430700-2018-PREFECTURE,CN-430700,2018,2018-12-31,prefecture_whole,,417.64,,82.53,,500.17,official_debt,SRC-CITY-PANEL-1990-2023;SRC-PROVINCE-DEBT-HUNAN-2018,A1,extracted,true,法定债务四个分项保持独立；缺失值保留 null。
DEBT-CN-430800-2018-PREFECTURE,CN-430800,2018,2018-12-31,prefecture_whole,,123.88,,29.04,,152.92,official_debt,SRC-CITY-PANEL-1990-2023;SRC-PROVINCE-DEBT-HUNAN-2018,A1,extracted,true,法定债务四个分项保持独立；缺失值保留 null。
DEBT-CN-430900-2018-PREFECTURE,CN-430900,2018,2018-12-31,prefecture_whole,,199.63,,114.20,,313.83,official_debt,SRC-CITY-PANEL-1990-2023;SRC-PROVINCE-DEBT-HUNAN-2018,A1,extracted,true,法定债务四个分项保持独立；缺失值保留 null。
DEBT-CN-431000-2018-PREFECTURE,CN-431000,2018,2018-12-31,prefecture_whole,,500.71,,180.50,,681.21,official_debt,SRC-CITY-PANEL-1990-2023;SRC-PROVINCE-DEBT-HUNAN-2018,A1,extracted,true,法定债务四个分项保持独立；缺失值保留 null。
DEBT-CN-431100-2018-PREFECTURE,CN-431100,2018,2018-12-31,prefecture_whole,,288.22,,81.56,,369.78,official_debt,SRC-CITY-PANEL-1990-2023;SRC-PROVINCE-DEBT-HUNAN-2018,A1,extracted,true,法定债务四个分项保持独立；缺失值保留 null。
DEBT-CN-431200-2018-PREFECTURE,CN-431200,2018,2018-12-31,prefecture_whole,,299.99,,160.63,,460.62,official_debt,SRC-CITY-PANEL-1990-2023;SRC-PROVINCE-DEBT-HUNAN-2018,A1,extracted,true,法定债务四个分项保持独立；缺失值保留 null。
DEBT-CN-431300-2018-PREFECTURE,CN-431300,2018,2018-12-31,prefecture_whole,,200.57,,90.00,,290.57,official_debt,SRC-CITY-PANEL-1990-2023;SRC-PROVINCE-DEBT-HUNAN-2018,A1,extracted,true,法定债务四个分项保持独立；缺失值保留 null。
DEBT-CN-433100-2018-PREFECTURE,CN-433100,2018,2018-12-31,prefecture_whole,,206.49,,31.32,,237.81,official_debt,SRC-PROVINCE-DEBT-HUNAN-2018,A1,extracted,true,法定债务四个分项保持独立；缺失值保留 null。
DEBT-CN-440100-2018-PREFECTURE,CN-440100,2018,2018-12-31,prefecture_whole,1053.62,900.97,1747.56,1502.83,2801.18,2403.79,official_debt,SRC-CITY-PANEL-1990-2023;SRC-OFFICIAL-DEBT-GUANGDONG-2018-TABLE18,A1,extracted,true,法定债务四个分项保持独立；缺失值保留 null。
DEBT-CN-440200-2018-PREFECTURE,CN-440200,2018,2018-12-31,prefecture_whole,163.13,128.64,80.47,65.50,243.60,194.14,official_debt,SRC-CITY-PANEL-1990-2023;SRC-OFFICIAL-DEBT-GUANGDONG-2018-TABLE18,A1,extracted,true,法定债务四个分项保持独立；缺失值保留 null。
DEBT-CN-440300-2018-PREFECTURE,CN-440300,2018,2018-12-31,prefecture_whole,313.60,86.52,70.90,59.40,384.50,145.92,official_debt,SRC-CITY-PANEL-1990-2023;SRC-OFFICIAL-DEBT-GUANGDONG-2018-TABLE18,A1,extracted,true,法定债务四个分项保持独立；缺失值保留 null。
DEBT-CN-440400-2018-PREFECTURE,CN-440400,2018,2018-12-31,prefecture_whole,375.25,258.96,197.52,187.16,572.77,446.13,official_debt,SRC-CITY-PANEL-1990-2023;SRC-OFFICIAL-DEBT-GUANGDONG-2018-TABLE18,A1,extracted,true,法定债务四个分项保持独立；缺失值保留 null。
DEBT-CN-440500-2018-PREFECTURE,CN-440500,2018,2018-12-31,prefecture_whole,92.54,78.22,128.26,124.77,220.79,202.99,official_debt,SRC-CITY-PANEL-1990-2023;SRC-OFFICIAL-DEBT-GUANGDONG-2018-TABLE18,A1,extracted,true,法定债务四个分项保持独立；缺失值保留 null。
DEBT-CN-440600-2018-PREFECTURE,CN-440600,2018,2018-12-31,prefecture_whole,643.19,386.13,999.77,876.97,1642.95,1263.10,official_debt,SRC-CITY-PANEL-1990-2023;SRC-OFFICIAL-DEBT-GUANGDONG-2018-TABLE18,A1,extracted,true,法定债务四个分项保持独立；缺失值保留 null。
DEBT-CN-440700-2018-PREFECTURE,CN-440700,2018,2018-12-31,prefecture_whole,355.61,269.41,186.15,172.16,541.76,441.57,official_debt,SRC-CITY-PANEL-1990-2023;SRC-OFFICIAL-DEBT-GUANGDONG-2018-TABLE18,A1,extracted,true,法定债务四个分项保持独立；缺失值保留 null。
DEBT-CN-440800-2018-PREFECTURE,CN-440800,2018,2018-12-31,prefecture_whole,152.82,148.55,178.88,173.97,331.70,322.51,official_debt,SRC-CITY-PANEL-1990-2023;SRC-OFFICIAL-DEBT-GUANGDONG-2018-TABLE18,A1,extracted,true,法定债务四个分项保持独立；缺失值保留 null。
DEBT-CN-440900-2018-PREFECTURE,CN-440900,2018,2018-12-31,prefecture_whole,153.65,132.19,97.28,82.00,250.93,214.20,official_debt,SRC-CITY-PANEL-1990-2023;SRC-OFFICIAL-DEBT-GUANGDONG-2018-TABLE18,A1,extracted,true,法定债务四个分项保持独立；缺失值保留 null。
DEBT-CN-441200-2018-PREFECTURE,CN-441200,2018,2018-12-31,prefecture_whole,198.14,176.75,186.37,137.65,384.51,314.40,official_debt,SRC-CITY-PANEL-1990-2023;SRC-OFFICIAL-DEBT-GUANGDONG-2018-TABLE18,A1,extracted,true,法定债务四个分项保持独立；缺失值保留 null。
DEBT-CN-441300-2018-PREFECTURE,CN-441300,2018,2018-12-31,prefecture_whole,534.58,418.56,160.06,145.04,694.64,563.60,official_debt,SRC-CITY-PANEL-1990-2023;SRC-OFFICIAL-DEBT-GUANGDONG-2018-TABLE18,A1,extracted,true,法定债务四个分项保持独立；缺失值保留 null。
DEBT-CN-441400-2018-PREFECTURE,CN-441400,2018,2018-12-31,prefecture_whole,186.38,149.86,126.10,111.00,312.48,260.87,official_debt,SRC-CITY-PANEL-1990-2023;SRC-OFFICIAL-DEBT-GUANGDONG-2018-TABLE18,A1,extracted,true,法定债务四个分项保持独立；缺失值保留 null。
DEBT-CN-441500-2018-PREFECTURE,CN-441500,2018,2018-12-31,prefecture_whole,65.90,60.49,91.56,82.15,157.47,142.65,official_debt,SRC-CITY-PANEL-1990-2023;SRC-OFFICIAL-DEBT-GUANGDONG-2018-TABLE18,A1,extracted,true,法定债务四个分项保持独立；缺失值保留 null。
DEBT-CN-441600-2018-PREFECTURE,CN-441600,2018,2018-12-31,prefecture_whole,154.77,139.76,81.71,80.80,236.49,220.56,official_debt,SRC-CITY-PANEL-1990-2023;SRC-OFFICIAL-DEBT-GUANGDONG-2018-TABLE18,A1,extracted,true,法定债务四个分项保持独立；缺失值保留 null。
DEBT-CN-441700-2018-PREFECTURE,CN-441700,2018,2018-12-31,prefecture_whole,103.22,98.12,78.54,71.73,181.75,169.86,official_debt,SRC-CITY-PANEL-1990-2023;SRC-OFFICIAL-DEBT-GUANGDONG-2018-TABLE18,A1,extracted,true,法定债务四个分项保持独立；缺失值保留 null。
DEBT-CN-441800-2018-PREFECTURE,CN-441800,2018,2018-12-31,prefecture_whole,120.34,97.69,182.16,176.80,302.50,274.49,official_debt,SRC-CITY-PANEL-1990-2023;SRC-OFFICIAL-DEBT-GUANGDONG-2018-TABLE18,A1,extracted,true,法定债务四个分项保持独立；缺失值保留 null。
DEBT-CN-441900-2018-PREFECTURE,CN-441900,2018,2018-12-31,prefecture_whole,558.00,531.10,119.12,104.73,677.12,635.84,official_debt,SRC-CITY-PANEL-1990-2023;SRC-OFFICIAL-DEBT-GUANGDONG-2018-TABLE18,A1,extracted,true,法定债务四个分项保持独立；缺失值保留 null。
DEBT-CN-442000-2018-PREFECTURE,CN-442000,2018,2018-12-31,prefecture_whole,97.58,79.97,180.82,170.49,278.40,250.46,official_debt,SRC-CITY-PANEL-1990-2023;SRC-OFFICIAL-DEBT-GUANGDONG-2018-TABLE18,A1,extracted,true,法定债务四个分项保持独立；缺失值保留 null。
DEBT-CN-445100-2018-PREFECTURE,CN-445100,2018,2018-12-31,prefecture_whole,92.49,83.73,51.65,47.52,144.14,131.25,official_debt,SRC-CITY-PANEL-1990-2023;SRC-OFFICIAL-DEBT-GUANGDONG-2018-TABLE18,A1,extracted,true,法定债务四个分项保持独立；缺失值保留 null。
DEBT-CN-445200-2018-PREFECTURE,CN-445200,2018,2018-12-31,prefecture_whole,116.10,110.11,101.06,92.65,217.16,202.76,official_debt,SRC-CITY-PANEL-1990-2023;SRC-OFFICIAL-DEBT-GUANGDONG-2018-TABLE18,A1,extracted,true,法定债务四个分项保持独立；缺失值保留 null。
DEBT-CN-445300-2018-PREFECTURE,CN-445300,2018,2018-12-31,prefecture_whole,93.28,76.58,100.79,84.13,194.07,160.70,official_debt,SRC-CITY-PANEL-1990-2023;SRC-OFFICIAL-DEBT-GUANGDONG-2018-TABLE18,A1,extracted,true,法定债务四个分项保持独立；缺失值保留 null。
DEBT-CN-450100-2018-PREFECTURE,CN-450100,2018,2018-12-31,prefecture_whole,,,,,,,provisional,SRC-CITY-PANEL-1990-2023,D,missing,false,法定债务四个分项保持独立；缺失值保留 null。
DEBT-CN-450200-2018-PREFECTURE,CN-450200,2018,2018-12-31,prefecture_whole,,,,,,,provisional,SRC-CITY-PANEL-1990-2023,D,missing,false,法定债务四个分项保持独立；缺失值保留 null。
DEBT-CN-450300-2018-PREFECTURE,CN-450300,2018,2018-12-31,prefecture_whole,,,,,,,provisional,SRC-CITY-PANEL-1990-2023,D,missing,false,法定债务四个分项保持独立；缺失值保留 null。
DEBT-CN-450400-2018-PREFECTURE,CN-450400,2018,2018-12-31,prefecture_whole,,,,,,,provisional,SRC-CITY-PANEL-1990-2023,D,missing,false,法定债务四个分项保持独立；缺失值保留 null。
DEBT-CN-450500-2018-PREFECTURE,CN-450500,2018,2018-12-31,prefecture_whole,,,,,,,provisional,SRC-CITY-PANEL-1990-2023,D,missing,false,法定债务四个分项保持独立；缺失值保留 null。
DEBT-CN-450600-2018-PREFECTURE,CN-450600,2018,2018-12-31,prefecture_whole,,,,,,,provisional,SRC-CITY-PANEL-1990-2023,D,missing,false,法定债务四个分项保持独立；缺失值保留 null。
DEBT-CN-450700-2018-PREFECTURE,CN-450700,2018,2018-12-31,prefecture_whole,,,,,,,provisional,SRC-CITY-PANEL-1990-2023,D,missing,false,法定债务四个分项保持独立；缺失值保留 null。
DEBT-CN-450800-2018-PREFECTURE,CN-450800,2018,2018-12-31,prefecture_whole,,,,,,,provisional,SRC-CITY-PANEL-1990-2023,D,missing,false,法定债务四个分项保持独立；缺失值保留 null。
DEBT-CN-450900-2018-PREFECTURE,CN-450900,2018,2018-12-31,prefecture_whole,,,,,,,provisional,SRC-CITY-PANEL-1990-2023,D,missing,false,法定债务四个分项保持独立；缺失值保留 null。
DEBT-CN-451000-2018-PREFECTURE,CN-451000,2018,2018-12-31,prefecture_whole,,,,,,,provisional,SRC-CITY-PANEL-1990-2023,D,missing,false,法定债务四个分项保持独立；缺失值保留 null。
DEBT-CN-451100-2018-PREFECTURE,CN-451100,2018,2018-12-31,prefecture_whole,,101.27,,40.52,,141.78,official_debt,SRC-CITY-PANEL-1990-2023;SRC-OFFICIAL-DEBT-GUANGXI-HEZHOU-2018,A2,extracted,true,法定债务四个分项保持独立；缺失值保留 null。
DEBT-CN-451200-2018-PREFECTURE,CN-451200,2018,2018-12-31,prefecture_whole,,,,,,,provisional,SRC-CITY-PANEL-1990-2023,D,missing,false,法定债务四个分项保持独立；缺失值保留 null。
DEBT-CN-451300-2018-PREFECTURE,CN-451300,2018,2018-12-31,prefecture_whole,,139.92,,47.33,,187.25,official_debt,SRC-CITY-PANEL-1990-2023;SRC-OFFICIAL-DEBT-GUANGXI-LAIBIN-2018,A2,extracted,true,法定债务四个分项保持独立；缺失值保留 null。
DEBT-CN-451400-2018-PREFECTURE,CN-451400,2018,2018-12-31,prefecture_whole,,,,,,,provisional,SRC-CITY-PANEL-1990-2023,D,missing,false,法定债务四个分项保持独立；缺失值保留 null。
DEBT-CN-460100-2018-PREFECTURE,CN-460100,2018,2018-12-31,prefecture_whole,,,,,,,provisional,SRC-CITY-PANEL-1990-2023,D,missing,false,法定债务四个分项保持独立；缺失值保留 null。
DEBT-CN-460200-2018-PREFECTURE,CN-460200,2018,2018-12-31,prefecture_whole,,,,,,,provisional,SRC-CITY-PANEL-1990-2023,D,missing,false,法定债务四个分项保持独立；缺失值保留 null。
DEBT-CN-460300-2018-PREFECTURE,CN-460300,2018,2018-12-31,prefecture_whole,,,,,,,provisional,SRC-CITY-PANEL-1990-2023,D,missing,false,法定债务四个分项保持独立；缺失值保留 null。
DEBT-CN-460400-2018-PREFECTURE,CN-460400,2018,2018-12-31,prefecture_whole,,,,,,,provisional,SRC-CITY-PANEL-1990-2023,D,missing,false,法定债务四个分项保持独立；缺失值保留 null。
DEBT-CN-469000-2018-PREFECTURE,CN-469000,2018,2018-12-31,prefecture_whole,,,,,,,not_collected,,,missing,false,法定债务四个分项保持独立；缺失值保留 null。
DEBT-CN-500000-2018-PREFECTURE,CN-500000,2018,2018-12-31,prefecture_whole,,,,,,,provisional,SRC-CITY-PANEL-1990-2023,D,missing,false,法定债务四个分项保持独立；缺失值保留 null。
DEBT-CN-510100-2018-PREFECTURE,CN-510100,2018,2018-12-31,prefecture_whole,,,,,,2339.60,secondary_debt,SRC-CITY-PANEL-1990-2023;SRC-SECONDARY-DEBT-SICHUAN-CHENGDU-2018,B2,needs_review,true,法定债务四个分项保持独立；缺失值保留 null。
DEBT-CN-510300-2018-PREFECTURE,CN-510300,2018,2018-12-31,prefecture_whole,,,,,,280.00,secondary_debt,SRC-CITY-PANEL-1990-2023;SRC-SECONDARY-CEIC-CN-510300,D,needs_review,true,法定债务四个分项保持独立；缺失值保留 null。
DEBT-CN-510400-2018-PREFECTURE,CN-510400,2018,2018-12-31,prefecture_whole,,,,,,,provisional,SRC-CITY-PANEL-1990-2023,D,missing,false,法定债务四个分项保持独立；缺失值保留 null。
DEBT-CN-510500-2018-PREFECTURE,CN-510500,2018,2018-12-31,prefecture_whole,,,,,,430.00,secondary_debt,SRC-CITY-PANEL-1990-2023;SRC-SECONDARY-CEIC-CN-510500,D,needs_review,true,法定债务四个分项保持独立；缺失值保留 null。
DEBT-CN-510600-2018-PREFECTURE,CN-510600,2018,2018-12-31,prefecture_whole,,,,,,281.00,secondary_debt,SRC-CITY-PANEL-1990-2023;SRC-SECONDARY-CEIC-CN-510600,D,needs_review,true,法定债务四个分项保持独立；缺失值保留 null。
DEBT-CN-510700-2018-PREFECTURE,CN-510700,2018,2018-12-31,prefecture_whole,,,,,,406.00,secondary_debt,SRC-CITY-PANEL-1990-2023;SRC-SECONDARY-CEIC-CN-510700,D,needs_review,true,法定债务四个分项保持独立；缺失值保留 null。
DEBT-CN-510800-2018-PREFECTURE,CN-510800,2018,2018-12-31,prefecture_whole,,,,,,289.00,secondary_debt,SRC-CITY-PANEL-1990-2023;SRC-SECONDARY-CEIC-CN-510800,D,needs_review,true,法定债务四个分项保持独立；缺失值保留 null。
DEBT-CN-510900-2018-PREFECTURE,CN-510900,2018,2018-12-31,prefecture_whole,,,,,,284.00,secondary_debt,SRC-CITY-PANEL-1990-2023;SRC-SECONDARY-CEIC-CN-510900,D,needs_review,true,法定债务四个分项保持独立；缺失值保留 null。
DEBT-CN-511000-2018-PREFECTURE,CN-511000,2018,2018-12-31,prefecture_whole,,,,,,,provisional,SRC-CITY-PANEL-1990-2023,D,missing,false,法定债务四个分项保持独立；缺失值保留 null。
DEBT-CN-511100-2018-PREFECTURE,CN-511100,2018,2018-12-31,prefecture_whole,,,,,,313.00,secondary_debt,SRC-CITY-PANEL-1990-2023;SRC-SECONDARY-CEIC-CN-511100,D,needs_review,true,法定债务四个分项保持独立；缺失值保留 null。
DEBT-CN-511300-2018-PREFECTURE,CN-511300,2018,2018-12-31,prefecture_whole,,,,,,668.00,secondary_debt,SRC-CITY-PANEL-1990-2023;SRC-SECONDARY-CEIC-CN-511300,D,needs_review,true,法定债务四个分项保持独立；缺失值保留 null。
DEBT-CN-511400-2018-PREFECTURE,CN-511400,2018,2018-12-31,prefecture_whole,,,,,,,provisional,SRC-CITY-PANEL-1990-2023,D,missing,false,法定债务四个分项保持独立；缺失值保留 null。
DEBT-CN-511500-2018-PREFECTURE,CN-511500,2018,2018-12-31,prefecture_whole,,,,,,401.00,secondary_debt,SRC-CITY-PANEL-1990-2023;SRC-SECONDARY-CEIC-CN-511500,D,needs_review,true,法定债务四个分项保持独立；缺失值保留 null。
DEBT-CN-511600-2018-PREFECTURE,CN-511600,2018,2018-12-31,prefecture_whole,,,,,,273.00,secondary_debt,SRC-CITY-PANEL-1990-2023;SRC-SECONDARY-CEIC-CN-511600,D,needs_review,true,法定债务四个分项保持独立；缺失值保留 null。
DEBT-CN-511700-2018-PREFECTURE,CN-511700,2018,2018-12-31,prefecture_whole,,,,,,461.00,secondary_debt,SRC-CITY-PANEL-1990-2023;SRC-SECONDARY-CEIC-CN-511700,D,needs_review,true,法定债务四个分项保持独立；缺失值保留 null。
DEBT-CN-511800-2018-PREFECTURE,CN-511800,2018,2018-12-31,prefecture_whole,,,,,,113.00,secondary_debt,SRC-CITY-PANEL-1990-2023;SRC-SECONDARY-CEIC-CN-511800,D,needs_review,true,法定债务四个分项保持独立；缺失值保留 null。
DEBT-CN-511900-2018-PREFECTURE,CN-511900,2018,2018-12-31,prefecture_whole,,,,,,444.00,secondary_debt,SRC-CITY-PANEL-1990-2023;SRC-SECONDARY-CEIC-CN-511900,D,needs_review,true,法定债务四个分项保持独立；缺失值保留 null。
DEBT-CN-512000-2018-PREFECTURE,CN-512000,2018,2018-12-31,prefecture_whole,,,,,,,provisional,SRC-CITY-PANEL-1990-2023,D,missing,false,法定债务四个分项保持独立；缺失值保留 null。
DEBT-CN-513200-2018-PREFECTURE,CN-513200,2018,2018-12-31,prefecture_whole,,,,,,,not_collected,,,missing,false,法定债务四个分项保持独立；缺失值保留 null。
DEBT-CN-513300-2018-PREFECTURE,CN-513300,2018,2018-12-31,prefecture_whole,,,,,,,not_collected,,,missing,false,法定债务四个分项保持独立；缺失值保留 null。
DEBT-CN-513400-2018-PREFECTURE,CN-513400,2018,2018-12-31,prefecture_whole,,,,,,,not_collected,,,missing,false,法定债务四个分项保持独立；缺失值保留 null。
DEBT-CN-520100-2018-PREFECTURE,CN-520100,2018,2018-12-31,prefecture_whole,,,,,,,provisional,SRC-CITY-PANEL-1990-2023,D,missing,false,法定债务四个分项保持独立；缺失值保留 null。
DEBT-CN-520200-2018-PREFECTURE,CN-520200,2018,2018-12-31,prefecture_whole,,,,,,,provisional,SRC-CITY-PANEL-1990-2023,D,missing,false,法定债务四个分项保持独立；缺失值保留 null。
DEBT-CN-520300-2018-PREFECTURE,CN-520300,2018,2018-12-31,prefecture_whole,,,,,,,provisional,SRC-CITY-PANEL-1990-2023,D,missing,false,法定债务四个分项保持独立；缺失值保留 null。
DEBT-CN-520400-2018-PREFECTURE,CN-520400,2018,2018-12-31,prefecture_whole,,,,,,,provisional,SRC-CITY-PANEL-1990-2023,D,missing,false,法定债务四个分项保持独立；缺失值保留 null。
DEBT-CN-520500-2018-PREFECTURE,CN-520500,2018,2018-12-31,prefecture_whole,,,,,,,provisional,SRC-CITY-PANEL-1990-2023,D,missing,false,法定债务四个分项保持独立；缺失值保留 null。
DEBT-CN-520600-2018-PREFECTURE,CN-520600,2018,2018-12-31,prefecture_whole,,,,,,,provisional,SRC-CITY-PANEL-1990-2023,D,missing,false,法定债务四个分项保持独立；缺失值保留 null。
DEBT-CN-522300-2018-PREFECTURE,CN-522300,2018,2018-12-31,prefecture_whole,,,,,,,not_collected,,,missing,false,法定债务四个分项保持独立；缺失值保留 null。
DEBT-CN-522600-2018-PREFECTURE,CN-522600,2018,2018-12-31,prefecture_whole,,,,,,,not_collected,,,missing,false,法定债务四个分项保持独立；缺失值保留 null。
DEBT-CN-522700-2018-PREFECTURE,CN-522700,2018,2018-12-31,prefecture_whole,,,,,,,not_collected,,,missing,false,法定债务四个分项保持独立；缺失值保留 null。
DEBT-CN-530100-2018-PREFECTURE,CN-530100,2018,2018-12-31,prefecture_whole,,,,,,2005.90,secondary_debt,SRC-CITY-PANEL-1990-2023;SRC-SECONDARY-DEBT-YUNNAN-KUNMING-2018,B2,needs_review,true,法定债务四个分项保持独立；缺失值保留 null。
DEBT-CN-530300-2018-PREFECTURE,CN-530300,2018,2018-12-31,prefecture_whole,,,,,,282.30,secondary_debt,SRC-CITY-PANEL-1990-2023;SRC-SECONDARY-CEIC-CN-530300,D,needs_review,true,法定债务四个分项保持独立；缺失值保留 null。
DEBT-CN-530400-2018-PREFECTURE,CN-530400,2018,2018-12-31,prefecture_whole,,,,,,,provisional,SRC-CITY-PANEL-1990-2023,D,missing,false,法定债务四个分项保持独立；缺失值保留 null。
DEBT-CN-530500-2018-PREFECTURE,CN-530500,2018,2018-12-31,prefecture_whole,,,,,,267.20,secondary_debt,SRC-CITY-PANEL-1990-2023;SRC-SECONDARY-CEIC-CN-530500,D,needs_review,true,法定债务四个分项保持独立；缺失值保留 null。
DEBT-CN-530600-2018-PREFECTURE,CN-530600,2018,2018-12-31,prefecture_whole,,,,,,302.90,secondary_debt,SRC-CITY-PANEL-1990-2023;SRC-SECONDARY-CEIC-CN-530600,D,needs_review,true,法定债务四个分项保持独立；缺失值保留 null。
DEBT-CN-530700-2018-PREFECTURE,CN-530700,2018,2018-12-31,prefecture_whole,,,,,,,provisional,SRC-CITY-PANEL-1990-2023,D,missing,false,法定债务四个分项保持独立；缺失值保留 null。
DEBT-CN-530800-2018-PREFECTURE,CN-530800,2018,2018-12-31,prefecture_whole,,,,,,,provisional,SRC-CITY-PANEL-1990-2023,D,missing,false,法定债务四个分项保持独立；缺失值保留 null。
DEBT-CN-530900-2018-PREFECTURE,CN-530900,2018,2018-12-31,prefecture_whole,,,,,,,provisional,SRC-CITY-PANEL-1990-2023,D,missing,false,法定债务四个分项保持独立；缺失值保留 null。
DEBT-CN-532300-2018-PREFECTURE,CN-532300,2018,2018-12-31,prefecture_whole,,133.86,,77.79,,211.65,official_debt,SRC-OFFICIAL-DEBT-YUNNAN-CHUXIONG-2018,A2,extracted,true,法定债务四个分项保持独立；缺失值保留 null。
DEBT-CN-532500-2018-PREFECTURE,CN-532500,2018,2018-12-31,prefecture_whole,,,,,,,not_collected,,,missing,false,法定债务四个分项保持独立；缺失值保留 null。
DEBT-CN-532600-2018-PREFECTURE,CN-532600,2018,2018-12-31,prefecture_whole,,,,,,,not_collected,,,missing,false,法定债务四个分项保持独立；缺失值保留 null。
DEBT-CN-532800-2018-PREFECTURE,CN-532800,2018,2018-12-31,prefecture_whole,,,,,,,not_collected,,,missing,false,法定债务四个分项保持独立；缺失值保留 null。
DEBT-CN-532900-2018-PREFECTURE,CN-532900,2018,2018-12-31,prefecture_whole,,,,,,,not_collected,,,missing,false,法定债务四个分项保持独立；缺失值保留 null。
DEBT-CN-533100-2018-PREFECTURE,CN-533100,2018,2018-12-31,prefecture_whole,,,,,,,not_collected,,,missing,false,法定债务四个分项保持独立；缺失值保留 null。
DEBT-CN-533300-2018-PREFECTURE,CN-533300,2018,2018-12-31,prefecture_whole,,,,,,,not_collected,,,missing,false,法定债务四个分项保持独立；缺失值保留 null。
DEBT-CN-533400-2018-PREFECTURE,CN-533400,2018,2018-12-31,prefecture_whole,,,,,,,not_collected,,,missing,false,法定债务四个分项保持独立；缺失值保留 null。
DEBT-CN-540100-2018-PREFECTURE,CN-540100,2018,2018-12-31,prefecture_whole,,,,,,,provisional,SRC-CITY-PANEL-1990-2023,D,missing,false,法定债务四个分项保持独立；缺失值保留 null。
DEBT-CN-540200-2018-PREFECTURE,CN-540200,2018,2018-12-31,prefecture_whole,,,,,,,provisional,SRC-CITY-PANEL-1990-2023,D,missing,false,法定债务四个分项保持独立；缺失值保留 null。
DEBT-CN-540300-2018-PREFECTURE,CN-540300,2018,2018-12-31,prefecture_whole,,,,,,,provisional,SRC-CITY-PANEL-1990-2023,D,missing,false,法定债务四个分项保持独立；缺失值保留 null。
DEBT-CN-540400-2018-PREFECTURE,CN-540400,2018,2018-12-31,prefecture_whole,,,,,,,provisional,SRC-CITY-PANEL-1990-2023,D,missing,false,法定债务四个分项保持独立；缺失值保留 null。
DEBT-CN-540500-2018-PREFECTURE,CN-540500,2018,2018-12-31,prefecture_whole,,,,,,,provisional,SRC-CITY-PANEL-1990-2023,D,missing,false,法定债务四个分项保持独立；缺失值保留 null。
DEBT-CN-542400-2018-PREFECTURE,CN-542400,2018,2018-12-31,prefecture_whole,,,,,,,not_collected,,,missing,false,法定债务四个分项保持独立；缺失值保留 null。
DEBT-CN-542500-2018-PREFECTURE,CN-542500,2018,2018-12-31,prefecture_whole,,,,,,,not_collected,,,missing,false,法定债务四个分项保持独立；缺失值保留 null。
DEBT-CN-610100-2018-PREFECTURE,CN-610100,2018,2018-12-31,prefecture_whole,,,,,,,provisional,SRC-CITY-PANEL-1990-2023,D,missing,false,法定债务四个分项保持独立；缺失值保留 null。
DEBT-CN-610200-2018-PREFECTURE,CN-610200,2018,2018-12-31,prefecture_whole,,,,,,93.27,secondary_debt,SRC-CITY-PANEL-1990-2023;SRC-SECONDARY-CEIC-CN-610200,D,needs_review,true,法定债务四个分项保持独立；缺失值保留 null。
DEBT-CN-610300-2018-PREFECTURE,CN-610300,2018,2018-12-31,prefecture_whole,,,,,,,provisional,SRC-CITY-PANEL-1990-2023,D,missing,false,法定债务四个分项保持独立；缺失值保留 null。
DEBT-CN-610400-2018-PREFECTURE,CN-610400,2018,2018-12-31,prefecture_whole,,,,,,,provisional,SRC-CITY-PANEL-1990-2023,D,missing,false,法定债务四个分项保持独立；缺失值保留 null。
DEBT-CN-610500-2018-PREFECTURE,CN-610500,2018,2018-12-31,prefecture_whole,,,,,,,provisional,SRC-CITY-PANEL-1990-2023,D,missing,false,法定债务四个分项保持独立；缺失值保留 null。
DEBT-CN-610600-2018-PREFECTURE,CN-610600,2018,2018-12-31,prefecture_whole,,,,,,,provisional,SRC-CITY-PANEL-1990-2023,D,missing,false,法定债务四个分项保持独立；缺失值保留 null。
DEBT-CN-610700-2018-PREFECTURE,CN-610700,2018,2018-12-31,prefecture_whole,,,,,,,provisional,SRC-CITY-PANEL-1990-2023,D,missing,false,法定债务四个分项保持独立；缺失值保留 null。
DEBT-CN-610800-2018-PREFECTURE,CN-610800,2018,2018-12-31,prefecture_whole,,,,,,326.24,secondary_debt,SRC-CITY-PANEL-1990-2023;SRC-SECONDARY-CEIC-CN-610800,D,needs_review,true,法定债务四个分项保持独立；缺失值保留 null。
DEBT-CN-610900-2018-PREFECTURE,CN-610900,2018,2018-12-31,prefecture_whole,,,,,,223.48,secondary_debt,SRC-CITY-PANEL-1990-2023;SRC-SECONDARY-CEIC-CN-610900,D,needs_review,true,法定债务四个分项保持独立；缺失值保留 null。
DEBT-CN-611000-2018-PREFECTURE,CN-611000,2018,2018-12-31,prefecture_whole,,,,,,,provisional,SRC-CITY-PANEL-1990-2023,D,missing,false,法定债务四个分项保持独立；缺失值保留 null。
DEBT-CN-620100-2018-PREFECTURE,CN-620100,2018,2018-12-31,prefecture_whole,113.83,102.54,480.06,420.01,593.88,522.55,official_debt,SRC-CITY-PANEL-1990-2023;SRC-PROVINCE-DEBT-GANSU-2018,A1,extracted,true,法定债务四个分项保持独立；缺失值保留 null。
DEBT-CN-620200-2018-PREFECTURE,CN-620200,2018,2018-12-31,prefecture_whole,23.49,22.50,17.61,10.10,41.10,32.60,official_debt,SRC-CITY-PANEL-1990-2023;SRC-PROVINCE-DEBT-GANSU-2018,A1,extracted,true,法定债务四个分项保持独立；缺失值保留 null。
DEBT-CN-620300-2018-PREFECTURE,CN-620300,2018,2018-12-31,prefecture_whole,40.38,34.74,13.54,8.85,53.92,43.59,official_debt,SRC-CITY-PANEL-1990-2023;SRC-PROVINCE-DEBT-GANSU-2018,A1,extracted,true,法定债务四个分项保持独立；缺失值保留 null。
DEBT-CN-620400-2018-PREFECTURE,CN-620400,2018,2018-12-31,prefecture_whole,75.77,66.43,69.49,58.88,145.26,125.31,official_debt,SRC-CITY-PANEL-1990-2023;SRC-PROVINCE-DEBT-GANSU-2018,A1,extracted,true,法定债务四个分项保持独立；缺失值保留 null。
DEBT-CN-620500-2018-PREFECTURE,CN-620500,2018,2018-12-31,prefecture_whole,67.85,62.55,63.16,52.48,131.01,115.02,official_debt,SRC-CITY-PANEL-1990-2023;SRC-PROVINCE-DEBT-GANSU-2018,A1,extracted,true,法定债务四个分项保持独立；缺失值保留 null。
DEBT-CN-620600-2018-PREFECTURE,CN-620600,2018,2018-12-31,prefecture_whole,62.60,59.59,42.08,37.43,104.68,97.02,official_debt,SRC-CITY-PANEL-1990-2023;SRC-PROVINCE-DEBT-GANSU-2018,A1,extracted,true,法定债务四个分项保持独立；缺失值保留 null。
DEBT-CN-620700-2018-PREFECTURE,CN-620700,2018,2018-12-31,prefecture_whole,57.49,51.18,32.45,25.66,89.94,76.84,official_debt,SRC-CITY-PANEL-1990-2023;SRC-PROVINCE-DEBT-GANSU-2018,A1,extracted,true,法定债务四个分项保持独立；缺失值保留 null。
DEBT-CN-620800-2018-PREFECTURE,CN-620800,2018,2018-12-31,prefecture_whole,73.98,66.93,39.61,34.76,113.59,101.69,official_debt,SRC-CITY-PANEL-1990-2023;SRC-PROVINCE-DEBT-GANSU-2018,A1,extracted,true,法定债务四个分项保持独立；缺失值保留 null。
DEBT-CN-620900-2018-PREFECTURE,CN-620900,2018,2018-12-31,prefecture_whole,57.61,52.58,52.43,31.92,110.04,84.50,official_debt,SRC-CITY-PANEL-1990-2023;SRC-PROVINCE-DEBT-GANSU-2018,A1,extracted,true,法定债务四个分项保持独立；缺失值保留 null。
DEBT-CN-621000-2018-PREFECTURE,CN-621000,2018,2018-12-31,prefecture_whole,118.52,105.21,56.78,41.94,175.30,147.15,official_debt,SRC-CITY-PANEL-1990-2023;SRC-PROVINCE-DEBT-GANSU-2018,A1,extracted,true,法定债务四个分项保持独立；缺失值保留 null。
DEBT-CN-621100-2018-PREFECTURE,CN-621100,2018,2018-12-31,prefecture_whole,58.36,54.21,37.31,29.90,95.67,84.11,official_debt,SRC-CITY-PANEL-1990-2023;SRC-PROVINCE-DEBT-GANSU-2018,A1,extracted,true,法定债务四个分项保持独立；缺失值保留 null。
DEBT-CN-621200-2018-PREFECTURE,CN-621200,2018,2018-12-31,prefecture_whole,62.39,59.84,25.44,24.18,87.83,84.02,official_debt,SRC-CITY-PANEL-1990-2023;SRC-PROVINCE-DEBT-GANSU-2018,A1,extracted,true,法定债务四个分项保持独立；缺失值保留 null。
DEBT-CN-622900-2018-PREFECTURE,CN-622900,2018,2018-12-31,prefecture_whole,75.79,70.71,29.81,23.04,105.60,93.75,official_debt,SRC-PROVINCE-DEBT-GANSU-2018,A1,extracted,true,法定债务四个分项保持独立；缺失值保留 null。
DEBT-CN-623000-2018-PREFECTURE,CN-623000,2018,2018-12-31,prefecture_whole,36.58,32.01,10.44,4.30,47.02,36.31,official_debt,SRC-PROVINCE-DEBT-GANSU-2018,A1,extracted,true,法定债务四个分项保持独立；缺失值保留 null。
DEBT-CN-630100-2018-PREFECTURE,CN-630100,2018,2018-12-31,prefecture_whole,185.16,155.58,151.25,140.53,336.41,296.11,official_debt,SRC-CITY-PANEL-1990-2023;SRC-PROVINCE-DEBT-QINGHAI-2018,A1,extracted,true,法定债务四个分项保持独立；缺失值保留 null。
DEBT-CN-630200-2018-PREFECTURE,CN-630200,2018,2018-12-31,prefecture_whole,100.02,79.51,65.84,49.94,165.86,129.45,official_debt,SRC-CITY-PANEL-1990-2023;SRC-PROVINCE-DEBT-QINGHAI-2018,A1,extracted,true,法定债务四个分项保持独立；缺失值保留 null。
DEBT-CN-632200-2018-PREFECTURE,CN-632200,2018,2018-12-31,prefecture_whole,15.41,13.83,1.00,1.00,16.41,14.83,official_debt,SRC-PROVINCE-DEBT-QINGHAI-2018,A1,extracted,true,法定债务四个分项保持独立；缺失值保留 null。
DEBT-CN-632300-2018-PREFECTURE,CN-632300,2018,2018-12-31,prefecture_whole,10.92,9.65,2.00,2.00,12.92,11.65,official_debt,SRC-PROVINCE-DEBT-QINGHAI-2018,A1,extracted,true,法定债务四个分项保持独立；缺失值保留 null。
DEBT-CN-632500-2018-PREFECTURE,CN-632500,2018,2018-12-31,prefecture_whole,16.87,14.35,3.69,1.94,20.56,16.29,official_debt,SRC-CITY-PANEL-1990-2023;SRC-PROVINCE-DEBT-QINGHAI-2018,A1,extracted,true,法定债务四个分项保持独立；缺失值保留 null。
DEBT-CN-632600-2018-PREFECTURE,CN-632600,2018,2018-12-31,prefecture_whole,7.27,6.06,1.00,1.00,8.27,7.06,official_debt,SRC-PROVINCE-DEBT-QINGHAI-2018,A1,extracted,true,法定债务四个分项保持独立；缺失值保留 null。
DEBT-CN-632700-2018-PREFECTURE,CN-632700,2018,2018-12-31,prefecture_whole,8.15,7.93,1.00,1.00,9.15,8.93,official_debt,SRC-PROVINCE-DEBT-QINGHAI-2018,A1,extracted,true,法定债务四个分项保持独立；缺失值保留 null。
DEBT-CN-632800-2018-PREFECTURE,CN-632800,2018,2018-12-31,prefecture_whole,113.11,95.10,21.84,17.90,134.95,113.00,official_debt,SRC-PROVINCE-DEBT-QINGHAI-2018,A1,extracted,true,法定债务四个分项保持独立；缺失值保留 null。
DEBT-CN-640100-2018-PREFECTURE,CN-640100,2018,2018-12-31,prefecture_whole,363.47,298.12,219.10,187.38,582.57,485.50,official_debt,SRC-CITY-PANEL-1990-2023;SRC-PROVINCE-DEBT-NINGXIA-2018,A1,extracted,true,法定债务四个分项保持独立；缺失值保留 null。
DEBT-CN-640200-2018-PREFECTURE,CN-640200,2018,2018-12-31,prefecture_whole,109.96,91.64,16.24,15.76,126.20,107.40,official_debt,SRC-CITY-PANEL-1990-2023;SRC-PROVINCE-DEBT-NINGXIA-2018,A1,extracted,true,法定债务四个分项保持独立；缺失值保留 null。
DEBT-CN-640300-2018-PREFECTURE,CN-640300,2018,2018-12-31,prefecture_whole,138.17,115.98,40.95,34.69,179.12,150.67,official_debt,SRC-CITY-PANEL-1990-2023;SRC-PROVINCE-DEBT-NINGXIA-2018,A1,extracted,true,法定债务四个分项保持独立；缺失值保留 null。
DEBT-CN-640400-2018-PREFECTURE,CN-640400,2018,2018-12-31,prefecture_whole,116.62,101.29,17.66,11.33,134.28,112.62,official_debt,SRC-CITY-PANEL-1990-2023;SRC-PROVINCE-DEBT-NINGXIA-2018,A1,extracted,true,法定债务四个分项保持独立；缺失值保留 null。
DEBT-CN-640500-2018-PREFECTURE,CN-640500,2018,2018-12-31,prefecture_whole,138.14,115.63,18.46,16.31,156.60,131.94,official_debt,SRC-CITY-PANEL-1990-2023;SRC-PROVINCE-DEBT-NINGXIA-2018,A1,extracted,true,法定债务四个分项保持独立；缺失值保留 null。
DEBT-CN-650100-2018-PREFECTURE,CN-650100,2018,2018-12-31,prefecture_whole,441.47,429.75,640.10,555.75,1081.57,985.51,official_debt,SRC-CITY-PANEL-1990-2023;SRC-PROVINCE-DEBT-XINJIANG-2018,A1,extracted,true,法定债务四个分项保持独立；缺失值保留 null。
DEBT-CN-650200-2018-PREFECTURE,CN-650200,2018,2018-12-31,prefecture_whole,162.90,157.24,8.70,7.70,171.60,164.94,official_debt,SRC-CITY-PANEL-1990-2023;SRC-PROVINCE-DEBT-XINJIANG-2018,A1,extracted,true,法定债务四个分项保持独立；缺失值保留 null。
DEBT-CN-650400-2018-PREFECTURE,CN-650400,2018,2018-12-31,prefecture_whole,63.69,54.49,17.00,16.33,80.69,70.81,official_debt,SRC-CITY-PANEL-1990-2023;SRC-PROVINCE-DEBT-XINJIANG-2018,A1,extracted,true,法定债务四个分项保持独立；缺失值保留 null。
DEBT-CN-650500-2018-PREFECTURE,CN-650500,2018,2018-12-31,prefecture_whole,116.80,104.60,20.10,18.96,136.90,123.56,official_debt,SRC-CITY-PANEL-1990-2023;SRC-PROVINCE-DEBT-XINJIANG-2018,A1,extracted,true,法定债务四个分项保持独立；缺失值保留 null。
DEBT-CN-652300-2018-PREFECTURE,CN-652300,2018,2018-12-31,prefecture_whole,176.56,159.61,64.20,62.76,240.76,222.37,official_debt,SRC-PROVINCE-DEBT-XINJIANG-2018,A1,extracted,true,法定债务四个分项保持独立；缺失值保留 null。
DEBT-CN-652700-2018-PREFECTURE,CN-652700,2018,2018-12-31,prefecture_whole,85.81,84.66,17.30,16.41,103.11,101.07,official_debt,SRC-PROVINCE-DEBT-XINJIANG-2018,A1,extracted,true,法定债务四个分项保持独立；缺失值保留 null。
DEBT-CN-652800-2018-PREFECTURE,CN-652800,2018,2018-12-31,prefecture_whole,144.76,129.16,62.10,54.05,206.86,183.22,official_debt,SRC-PROVINCE-DEBT-XINJIANG-2018,A1,extracted,true,法定债务四个分项保持独立；缺失值保留 null。
DEBT-CN-652900-2018-PREFECTURE,CN-652900,2018,2018-12-31,prefecture_whole,170.40,156.73,17.00,14.74,187.40,171.47,official_debt,SRC-PROVINCE-DEBT-XINJIANG-2018,A1,extracted,true,法定债务四个分项保持独立；缺失值保留 null。
DEBT-CN-653000-2018-PREFECTURE,CN-653000,2018,2018-12-31,prefecture_whole,74.84,73.06,0.00,0.00,74.84,73.06,official_debt,SRC-PROVINCE-DEBT-XINJIANG-2018,A1,extracted,true,法定债务四个分项保持独立；缺失值保留 null。
DEBT-CN-653100-2018-PREFECTURE,CN-653100,2018,2018-12-31,prefecture_whole,161.39,133.36,19.60,13.66,180.99,147.03,official_debt,SRC-PROVINCE-DEBT-XINJIANG-2018,A1,extracted,true,法定债务四个分项保持独立；缺失值保留 null。
DEBT-CN-653200-2018-PREFECTURE,CN-653200,2018,2018-12-31,prefecture_whole,124.49,115.00,6.30,4.59,130.79,119.59,official_debt,SRC-PROVINCE-DEBT-XINJIANG-2018,A1,extracted,true,法定债务四个分项保持独立；缺失值保留 null。
DEBT-CN-654000-2018-PREFECTURE,CN-654000,2018,2018-12-31,prefecture_whole,178.66,162.66,92.14,71.09,270.80,233.75,official_debt,SRC-PROVINCE-DEBT-XINJIANG-2018,A1,extracted,true,法定债务四个分项保持独立；缺失值保留 null。
DEBT-CN-654200-2018-PREFECTURE,CN-654200,2018,2018-12-31,prefecture_whole,127.02,108.14,25.50,20.38,152.52,128.53,official_debt,SRC-PROVINCE-DEBT-XINJIANG-2018,A1,extracted,true,法定债务四个分项保持独立；缺失值保留 null。
DEBT-CN-654300-2018-PREFECTURE,CN-654300,2018,2018-12-31,prefecture_whole,110.33,103.22,10.30,10.16,120.63,113.38,official_debt,SRC-PROVINCE-DEBT-XINJIANG-2018,A1,extracted,true,法定债务四个分项保持独立；缺失值保留 null。
DEBT-CN-659000-2018-PREFECTURE,CN-659000,2018,2018-12-31,prefecture_whole,,,,,,,not_collected,,,missing,false,法定债务四个分项保持独立；缺失值保留 null。
DEBT-CN-110000-2019-PREFECTURE,CN-110000,2019,2019-12-31,prefecture_whole,,,,,,,provisional,SRC-CITY-PANEL-1990-2023,D,missing,false,法定债务四个分项保持独立；缺失值保留 null。
DEBT-CN-120000-2019-PREFECTURE,CN-120000,2019,2019-12-31,prefecture_whole,,,,,,,provisional,SRC-CITY-PANEL-1990-2023,D,missing,false,法定债务四个分项保持独立；缺失值保留 null。
DEBT-CN-130100-2019-PREFECTURE,CN-130100,2019,2019-12-31,prefecture_whole,,,,,,,provisional,SRC-CITY-PANEL-1990-2023,D,missing,false,法定债务四个分项保持独立；缺失值保留 null。
DEBT-CN-130200-2019-PREFECTURE,CN-130200,2019,2019-12-31,prefecture_whole,,,,,,,provisional,SRC-CITY-PANEL-1990-2023,D,missing,false,法定债务四个分项保持独立；缺失值保留 null。
DEBT-CN-130300-2019-PREFECTURE,CN-130300,2019,2019-12-31,prefecture_whole,,,,,,,provisional,SRC-CITY-PANEL-1990-2023,D,missing,false,法定债务四个分项保持独立；缺失值保留 null。
DEBT-CN-130400-2019-PREFECTURE,CN-130400,2019,2019-12-31,prefecture_whole,,,,,,,provisional,SRC-CITY-PANEL-1990-2023,D,missing,false,法定债务四个分项保持独立；缺失值保留 null。
DEBT-CN-130500-2019-PREFECTURE,CN-130500,2019,2019-12-31,prefecture_whole,,,,,,,provisional,SRC-CITY-PANEL-1990-2023,D,missing,false,法定债务四个分项保持独立；缺失值保留 null。
DEBT-CN-130600-2019-PREFECTURE,CN-130600,2019,2019-12-31,prefecture_whole,,,,,,,provisional,SRC-CITY-PANEL-1990-2023,D,missing,false,法定债务四个分项保持独立；缺失值保留 null。
DEBT-CN-130700-2019-PREFECTURE,CN-130700,2019,2019-12-31,prefecture_whole,,,,,,,provisional,SRC-CITY-PANEL-1990-2023,D,missing,false,法定债务四个分项保持独立；缺失值保留 null。
DEBT-CN-130800-2019-PREFECTURE,CN-130800,2019,2019-12-31,prefecture_whole,,333.79,,209.28,,543.06,official_debt,SRC-CITY-PANEL-1990-2023;SRC-OFFICIAL-DEBT-HEBEI-CHENGDE-2019,A2,extracted,true,法定债务四个分项保持独立；缺失值保留 null。
DEBT-CN-130900-2019-PREFECTURE,CN-130900,2019,2019-12-31,prefecture_whole,,,,,,,provisional,SRC-CITY-PANEL-1990-2023,D,missing,false,法定债务四个分项保持独立；缺失值保留 null。
DEBT-CN-131000-2019-PREFECTURE,CN-131000,2019,2019-12-31,prefecture_whole,,,,,,,provisional,SRC-CITY-PANEL-1990-2023,D,missing,false,法定债务四个分项保持独立；缺失值保留 null。
DEBT-CN-131100-2019-PREFECTURE,CN-131100,2019,2019-12-31,prefecture_whole,,,,,,,provisional,SRC-CITY-PANEL-1990-2023,D,missing,false,法定债务四个分项保持独立；缺失值保留 null。
DEBT-CN-140100-2019-PREFECTURE,CN-140100,2019,2019-12-31,prefecture_whole,,,,,,,provisional,SRC-CITY-PANEL-1990-2023,D,missing,false,法定债务四个分项保持独立；缺失值保留 null。
DEBT-CN-140200-2019-PREFECTURE,CN-140200,2019,2019-12-31,prefecture_whole,,,,,,,provisional,SRC-CITY-PANEL-1990-2023,D,missing,false,法定债务四个分项保持独立；缺失值保留 null。
DEBT-CN-140300-2019-PREFECTURE,CN-140300,2019,2019-12-31,prefecture_whole,,,,,,,provisional,SRC-CITY-PANEL-1990-2023,D,missing,false,法定债务四个分项保持独立；缺失值保留 null。
DEBT-CN-140400-2019-PREFECTURE,CN-140400,2019,2019-12-31,prefecture_whole,,,,,,,provisional,SRC-CITY-PANEL-1990-2023,D,missing,false,法定债务四个分项保持独立；缺失值保留 null。
DEBT-CN-140500-2019-PREFECTURE,CN-140500,2019,2019-12-31,prefecture_whole,,,,,,,provisional,SRC-CITY-PANEL-1990-2023,D,missing,false,法定债务四个分项保持独立；缺失值保留 null。
DEBT-CN-140600-2019-PREFECTURE,CN-140600,2019,2019-12-31,prefecture_whole,,,,,,,provisional,SRC-CITY-PANEL-1990-2023,D,missing,false,法定债务四个分项保持独立；缺失值保留 null。
DEBT-CN-140700-2019-PREFECTURE,CN-140700,2019,2019-12-31,prefecture_whole,,,,,,,provisional,SRC-CITY-PANEL-1990-2023,D,missing,false,法定债务四个分项保持独立；缺失值保留 null。
DEBT-CN-140800-2019-PREFECTURE,CN-140800,2019,2019-12-31,prefecture_whole,,,,,,,provisional,SRC-CITY-PANEL-1990-2023,D,missing,false,法定债务四个分项保持独立；缺失值保留 null。
DEBT-CN-140900-2019-PREFECTURE,CN-140900,2019,2019-12-31,prefecture_whole,,,,,,,provisional,SRC-CITY-PANEL-1990-2023,D,missing,false,法定债务四个分项保持独立；缺失值保留 null。
DEBT-CN-141000-2019-PREFECTURE,CN-141000,2019,2019-12-31,prefecture_whole,,,,,,,provisional,SRC-CITY-PANEL-1990-2023,D,missing,false,法定债务四个分项保持独立；缺失值保留 null。
DEBT-CN-141100-2019-PREFECTURE,CN-141100,2019,2019-12-31,prefecture_whole,,,,,,,provisional,SRC-CITY-PANEL-1990-2023,D,missing,false,法定债务四个分项保持独立；缺失值保留 null。
DEBT-CN-150100-2019-PREFECTURE,CN-150100,2019,2019-12-31,prefecture_whole,,,,,,899.52,secondary_debt,SRC-CITY-PANEL-1990-2023;SRC-SECONDARY-CEIC-CN-150100,D,needs_review,true,法定债务四个分项保持独立；缺失值保留 null。
DEBT-CN-150200-2019-PREFECTURE,CN-150200,2019,2019-12-31,prefecture_whole,,,,,,,provisional,SRC-CITY-PANEL-1990-2023,D,missing,false,法定债务四个分项保持独立；缺失值保留 null。
DEBT-CN-150300-2019-PREFECTURE,CN-150300,2019,2019-12-31,prefecture_whole,,,,,,189.77,secondary_debt,SRC-CITY-PANEL-1990-2023;SRC-SECONDARY-CEIC-CN-150300,D,needs_review,true,法定债务四个分项保持独立；缺失值保留 null。
DEBT-CN-150400-2019-PREFECTURE,CN-150400,2019,2019-12-31,prefecture_whole,,,,,,430.00,secondary_debt,SRC-CITY-PANEL-1990-2023;SRC-SECONDARY-CEIC-CN-150400,D,needs_review,true,法定债务四个分项保持独立；缺失值保留 null。
DEBT-CN-150500-2019-PREFECTURE,CN-150500,2019,2019-12-31,prefecture_whole,389.85,389.89,88.97,79.81,478.82,469.70,official_debt,SRC-CITY-PANEL-1990-2023;SRC-OFFICIAL-DEBT-INNER-MONGOLIA-TONGLIAO-2019,A2,extracted,true,法定债务四个分项保持独立；缺失值保留 null。
DEBT-CN-150600-2019-PREFECTURE,CN-150600,2019,2019-12-31,prefecture_whole,1491.09,1467.10,96.98,70.59,1588.07,1537.69,official_debt,SRC-CITY-PANEL-1990-2023;SRC-OFFICIAL-DEBT-INNER-MONGOLIA-ORDOS-2019,A2,extracted,true,法定债务四个分项保持独立；缺失值保留 null。
DEBT-CN-150700-2019-PREFECTURE,CN-150700,2019,2019-12-31,prefecture_whole,,,,,,418.23,secondary_debt,SRC-CITY-PANEL-1990-2023;SRC-SECONDARY-CEIC-CN-150700,D,needs_review,true,法定债务四个分项保持独立；缺失值保留 null。
DEBT-CN-150800-2019-PREFECTURE,CN-150800,2019,2019-12-31,prefecture_whole,271.93,270.71,61.46,62.15,333.39,332.86,official_debt,SRC-CITY-PANEL-1990-2023;SRC-OFFICIAL-DEBT-INNER-MONGOLIA-BAYANNUR-2019,A2,extracted,true,法定债务四个分项保持独立；缺失值保留 null。
DEBT-CN-150900-2019-PREFECTURE,CN-150900,2019,2019-12-31,prefecture_whole,509.33,486.56,109.27,109.24,618.60,595.80,official_debt,SRC-CITY-PANEL-1990-2023;SRC-OFFICIAL-DEBT-INNER-MONGOLIA-ULANQAB-2019,A2,extracted,true,法定债务四个分项保持独立；缺失值保留 null。
DEBT-CN-152200-2019-PREFECTURE,CN-152200,2019,2019-12-31,prefecture_whole,220.09,218.82,61.60,60.12,281.69,278.94,official_debt,SRC-OFFICIAL-DEBT-INNER-MONGOLIA-XINGAN-2019,A2,extracted,true,法定债务四个分项保持独立；缺失值保留 null。
DEBT-CN-152500-2019-PREFECTURE,CN-152500,2019,2019-12-31,prefecture_whole,,,,,,,not_collected,,,missing,false,法定债务四个分项保持独立；缺失值保留 null。
DEBT-CN-152900-2019-PREFECTURE,CN-152900,2019,2019-12-31,prefecture_whole,149.72,144.18,65.16,64.36,214.88,208.54,official_debt,SRC-OFFICIAL-DEBT-INNER-MONGOLIA-ALXA-2019,A2,extracted,true,法定债务四个分项保持独立；缺失值保留 null。
DEBT-CN-210100-2019-PREFECTURE,CN-210100,2019,2019-12-31,prefecture_whole,1033.19,948.65,984.92,797.06,2018.11,1745.70,official_debt,SRC-CITY-PANEL-1990-2023;SRC-OFFICIAL-DEBT-LIAONING-2019-XLS,A1,extracted,true,法定债务四个分项保持独立；缺失值保留 null。
DEBT-CN-210200-2019-PREFECTURE,CN-210200,2019,2019-12-31,prefecture_whole,1421.32,1340.23,745.82,636.71,2167.14,1976.94,official_debt,SRC-CITY-PANEL-1990-2023;SRC-OFFICIAL-DEBT-LIAONING-2019-XLS,A1,extracted,true,法定债务四个分项保持独立；缺失值保留 null。
DEBT-CN-210300-2019-PREFECTURE,CN-210300,2019,2019-12-31,prefecture_whole,469.57,456.93,345.44,325.42,815.01,782.35,official_debt,SRC-CITY-PANEL-1990-2023;SRC-OFFICIAL-DEBT-LIAONING-2019-XLS,A1,extracted,true,法定债务四个分项保持独立；缺失值保留 null。
DEBT-CN-210400-2019-PREFECTURE,CN-210400,2019,2019-12-31,prefecture_whole,356.87,334.97,53.85,45.78,410.72,380.75,official_debt,SRC-CITY-PANEL-1990-2023;SRC-OFFICIAL-DEBT-LIAONING-2019-XLS,A1,extracted,true,法定债务四个分项保持独立；缺失值保留 null。
DEBT-CN-210500-2019-PREFECTURE,CN-210500,2019,2019-12-31,prefecture_whole,211.41,205.71,86.85,78.63,298.26,284.34,official_debt,SRC-CITY-PANEL-1990-2023;SRC-OFFICIAL-DEBT-LIAONING-2019-XLS,A1,extracted,true,法定债务四个分项保持独立；缺失值保留 null。
DEBT-CN-210600-2019-PREFECTURE,CN-210600,2019,2019-12-31,prefecture_whole,280.92,271.14,35.08,32.48,316.00,303.62,official_debt,SRC-CITY-PANEL-1990-2023;SRC-OFFICIAL-DEBT-LIAONING-2019-XLS,A1,extracted,true,法定债务四个分项保持独立；缺失值保留 null。
DEBT-CN-210700-2019-PREFECTURE,CN-210700,2019,2019-12-31,prefecture_whole,400.21,341.61,64.90,36.73,465.11,378.35,official_debt,SRC-CITY-PANEL-1990-2023;SRC-OFFICIAL-DEBT-LIAONING-2019-XLS,A1,extracted,true,法定债务四个分项保持独立；缺失值保留 null。
DEBT-CN-210800-2019-PREFECTURE,CN-210800,2019,2019-12-31,prefecture_whole,746.72,714.55,119.50,117.13,866.22,831.68,official_debt,SRC-CITY-PANEL-1990-2023;SRC-OFFICIAL-DEBT-LIAONING-2019-XLS,A1,extracted,true,法定债务四个分项保持独立；缺失值保留 null。
DEBT-CN-210900-2019-PREFECTURE,CN-210900,2019,2019-12-31,prefecture_whole,126.12,119.24,34.76,31.41,160.88,150.65,official_debt,SRC-CITY-PANEL-1990-2023;SRC-OFFICIAL-DEBT-LIAONING-2019-XLS,A1,extracted,true,法定债务四个分项保持独立；缺失值保留 null。
DEBT-CN-211000-2019-PREFECTURE,CN-211000,2019,2019-12-31,prefecture_whole,257.18,252.93,36.70,34.14,293.88,287.07,official_debt,SRC-CITY-PANEL-1990-2023;SRC-OFFICIAL-DEBT-LIAONING-2019-XLS,A1,extracted,true,法定债务四个分项保持独立；缺失值保留 null。
DEBT-CN-211100-2019-PREFECTURE,CN-211100,2019,2019-12-31,prefecture_whole,601.50,580.51,85.71,75.65,687.21,656.16,official_debt,SRC-CITY-PANEL-1990-2023;SRC-OFFICIAL-DEBT-LIAONING-2019-XLS,A1,extracted,true,法定债务四个分项保持独立；缺失值保留 null。
DEBT-CN-211200-2019-PREFECTURE,CN-211200,2019,2019-12-31,prefecture_whole,164.77,157.59,118.25,116.83,283.02,274.42,official_debt,SRC-CITY-PANEL-1990-2023;SRC-OFFICIAL-DEBT-LIAONING-2019-XLS,A1,extracted,true,法定债务四个分项保持独立；缺失值保留 null。
DEBT-CN-211300-2019-PREFECTURE,CN-211300,2019,2019-12-31,prefecture_whole,146.45,126.96,77.14,62.86,223.59,189.82,official_debt,SRC-CITY-PANEL-1990-2023;SRC-OFFICIAL-DEBT-LIAONING-2019-XLS,A1,extracted,true,法定债务四个分项保持独立；缺失值保留 null。
DEBT-CN-211400-2019-PREFECTURE,CN-211400,2019,2019-12-31,prefecture_whole,357.74,333.90,40.66,39.67,398.40,373.57,official_debt,SRC-CITY-PANEL-1990-2023;SRC-OFFICIAL-DEBT-LIAONING-2019-XLS,A1,extracted,true,法定债务四个分项保持独立；缺失值保留 null。
DEBT-CN-220100-2019-PREFECTURE,CN-220100,2019,2019-12-31,prefecture_whole,691.26,621.65,774.93,662.13,1466.19,1283.78,official_debt,SRC-CITY-PANEL-1990-2023;SRC-PROVINCE-DEBT-JILIN-2019,A1,extracted,true,法定债务四个分项保持独立；缺失值保留 null。
DEBT-CN-220200-2019-PREFECTURE,CN-220200,2019,2019-12-31,prefecture_whole,205.96,188.77,125.14,116.78,331.10,305.55,official_debt,SRC-CITY-PANEL-1990-2023;SRC-PROVINCE-DEBT-JILIN-2019,A1,extracted,true,法定债务四个分项保持独立；缺失值保留 null。
DEBT-CN-220300-2019-PREFECTURE,CN-220300,2019,2019-12-31,prefecture_whole,90.29,68.43,23.99,23.72,114.28,92.15,official_debt,SRC-CITY-PANEL-1990-2023;SRC-PROVINCE-DEBT-JILIN-2019,A1,extracted,true,法定债务四个分项保持独立；缺失值保留 null。
DEBT-CN-220400-2019-PREFECTURE,CN-220400,2019,2019-12-31,prefecture_whole,63.77,58.42,48.61,44.89,112.38,103.31,official_debt,SRC-CITY-PANEL-1990-2023;SRC-PROVINCE-DEBT-JILIN-2019,A1,extracted,true,法定债务四个分项保持独立；缺失值保留 null。
DEBT-CN-220500-2019-PREFECTURE,CN-220500,2019,2019-12-31,prefecture_whole,72.99,72.78,44.31,43.03,117.30,115.81,official_debt,SRC-CITY-PANEL-1990-2023;SRC-PROVINCE-DEBT-JILIN-2019,A1,extracted,true,法定债务四个分项保持独立；缺失值保留 null。
DEBT-CN-220600-2019-PREFECTURE,CN-220600,2019,2019-12-31,prefecture_whole,105.35,87.83,18.54,16.61,123.89,104.43,official_debt,SRC-CITY-PANEL-1990-2023;SRC-PROVINCE-DEBT-JILIN-2019,A1,extracted,true,法定债务四个分项保持独立；缺失值保留 null。
DEBT-CN-220700-2019-PREFECTURE,CN-220700,2019,2019-12-31,prefecture_whole,86.17,82.41,38.17,35.74,124.34,118.15,official_debt,SRC-CITY-PANEL-1990-2023;SRC-PROVINCE-DEBT-JILIN-2019,A1,extracted,true,法定债务四个分项保持独立；缺失值保留 null。
DEBT-CN-220800-2019-PREFECTURE,CN-220800,2019,2019-12-31,prefecture_whole,98.93,89.95,33.02,32.98,131.95,122.93,official_debt,SRC-CITY-PANEL-1990-2023;SRC-PROVINCE-DEBT-JILIN-2019,A1,extracted,true,法定债务四个分项保持独立；缺失值保留 null。
DEBT-CN-222400-2019-PREFECTURE,CN-222400,2019,2019-12-31,prefecture_whole,228.63,204.25,93.79,85.93,322.42,290.19,official_debt,SRC-PROVINCE-DEBT-JILIN-2019,A1,extracted,true,法定债务四个分项保持独立；缺失值保留 null。
DEBT-CN-230100-2019-PREFECTURE,CN-230100,2019,2019-12-31,prefecture_whole,,,,,,,provisional,SRC-CITY-PANEL-1990-2023,D,missing,false,法定债务四个分项保持独立；缺失值保留 null。
DEBT-CN-230200-2019-PREFECTURE,CN-230200,2019,2019-12-31,prefecture_whole,,,,,,,provisional,SRC-CITY-PANEL-1990-2023,D,missing,false,法定债务四个分项保持独立；缺失值保留 null。
DEBT-CN-230300-2019-PREFECTURE,CN-230300,2019,2019-12-31,prefecture_whole,,,,,,,provisional,SRC-CITY-PANEL-1990-2023,D,missing,false,法定债务四个分项保持独立；缺失值保留 null。
DEBT-CN-230400-2019-PREFECTURE,CN-230400,2019,2019-12-31,prefecture_whole,,,,,,,provisional,SRC-CITY-PANEL-1990-2023,D,missing,false,法定债务四个分项保持独立；缺失值保留 null。
DEBT-CN-230500-2019-PREFECTURE,CN-230500,2019,2019-12-31,prefecture_whole,,,,,,,provisional,SRC-CITY-PANEL-1990-2023,D,missing,false,法定债务四个分项保持独立；缺失值保留 null。
DEBT-CN-230600-2019-PREFECTURE,CN-230600,2019,2019-12-31,prefecture_whole,,,,,,,provisional,SRC-CITY-PANEL-1990-2023,D,missing,false,法定债务四个分项保持独立；缺失值保留 null。
DEBT-CN-230700-2019-PREFECTURE,CN-230700,2019,2019-12-31,prefecture_whole,,,,,,,provisional,SRC-CITY-PANEL-1990-2023,D,missing,false,法定债务四个分项保持独立；缺失值保留 null。
DEBT-CN-230800-2019-PREFECTURE,CN-230800,2019,2019-12-31,prefecture_whole,,,,,,,provisional,SRC-CITY-PANEL-1990-2023,D,missing,false,法定债务四个分项保持独立；缺失值保留 null。
DEBT-CN-230900-2019-PREFECTURE,CN-230900,2019,2019-12-31,prefecture_whole,,,,,,,provisional,SRC-CITY-PANEL-1990-2023,D,missing,false,法定债务四个分项保持独立；缺失值保留 null。
DEBT-CN-231000-2019-PREFECTURE,CN-231000,2019,2019-12-31,prefecture_whole,,,,,,,provisional,SRC-CITY-PANEL-1990-2023,D,missing,false,法定债务四个分项保持独立；缺失值保留 null。
DEBT-CN-231100-2019-PREFECTURE,CN-231100,2019,2019-12-31,prefecture_whole,,,,,,,provisional,SRC-CITY-PANEL-1990-2023,D,missing,false,法定债务四个分项保持独立；缺失值保留 null。
DEBT-CN-231200-2019-PREFECTURE,CN-231200,2019,2019-12-31,prefecture_whole,,,,,,,provisional,SRC-CITY-PANEL-1990-2023,D,missing,false,法定债务四个分项保持独立；缺失值保留 null。
DEBT-CN-232700-2019-PREFECTURE,CN-232700,2019,2019-12-31,prefecture_whole,,,,,,,not_collected,,,missing,false,法定债务四个分项保持独立；缺失值保留 null。
DEBT-CN-310000-2019-PREFECTURE,CN-310000,2019,2019-12-31,prefecture_whole,4191.50,2787.70,4385.60,2934.40,8577.10,5722.10,official_debt,SRC-CITY-PANEL-1990-2023;SRC-CITY-DEBT-SHANGHAI-2019,A1,extracted,true,法定债务四个分项保持独立；缺失值保留 null。
DEBT-CN-320100-2019-PREFECTURE,CN-320100,2019,2019-12-31,prefecture_whole,,,,,,,provisional,SRC-CITY-PANEL-1990-2023,D,missing,false,法定债务四个分项保持独立；缺失值保留 null。
DEBT-CN-320200-2019-PREFECTURE,CN-320200,2019,2019-12-31,prefecture_whole,,,,,,,provisional,SRC-CITY-PANEL-1990-2023,D,missing,false,法定债务四个分项保持独立；缺失值保留 null。
DEBT-CN-320300-2019-PREFECTURE,CN-320300,2019,2019-12-31,prefecture_whole,,,,,,,provisional,SRC-CITY-PANEL-1990-2023,D,missing,false,法定债务四个分项保持独立；缺失值保留 null。
DEBT-CN-320400-2019-PREFECTURE,CN-320400,2019,2019-12-31,prefecture_whole,,,,,,,provisional,SRC-CITY-PANEL-1990-2023,D,missing,false,法定债务四个分项保持独立；缺失值保留 null。
DEBT-CN-320500-2019-PREFECTURE,CN-320500,2019,2019-12-31,prefecture_whole,,,,,,,provisional,SRC-CITY-PANEL-1990-2023,D,missing,false,法定债务四个分项保持独立；缺失值保留 null。
DEBT-CN-320600-2019-PREFECTURE,CN-320600,2019,2019-12-31,prefecture_whole,,,,,,,provisional,SRC-CITY-PANEL-1990-2023,D,missing,false,法定债务四个分项保持独立；缺失值保留 null。
DEBT-CN-320700-2019-PREFECTURE,CN-320700,2019,2019-12-31,prefecture_whole,,,,,,,provisional,SRC-CITY-PANEL-1990-2023,D,missing,false,法定债务四个分项保持独立；缺失值保留 null。
DEBT-CN-320800-2019-PREFECTURE,CN-320800,2019,2019-12-31,prefecture_whole,,,,,,,provisional,SRC-CITY-PANEL-1990-2023,D,missing,false,法定债务四个分项保持独立；缺失值保留 null。
DEBT-CN-320900-2019-PREFECTURE,CN-320900,2019,2019-12-31,prefecture_whole,,,,,,,provisional,SRC-CITY-PANEL-1990-2023,D,missing,false,法定债务四个分项保持独立；缺失值保留 null。
DEBT-CN-321000-2019-PREFECTURE,CN-321000,2019,2019-12-31,prefecture_whole,,,,,,,provisional,SRC-CITY-PANEL-1990-2023,D,missing,false,法定债务四个分项保持独立；缺失值保留 null。
DEBT-CN-321100-2019-PREFECTURE,CN-321100,2019,2019-12-31,prefecture_whole,,,,,,,provisional,SRC-CITY-PANEL-1990-2023,D,missing,false,法定债务四个分项保持独立；缺失值保留 null。
DEBT-CN-321200-2019-PREFECTURE,CN-321200,2019,2019-12-31,prefecture_whole,,,,,,,provisional,SRC-CITY-PANEL-1990-2023,D,missing,false,法定债务四个分项保持独立；缺失值保留 null。
DEBT-CN-321300-2019-PREFECTURE,CN-321300,2019,2019-12-31,prefecture_whole,,,,,,,provisional,SRC-CITY-PANEL-1990-2023,D,missing,false,法定债务四个分项保持独立；缺失值保留 null。
DEBT-CN-330100-2019-PREFECTURE,CN-330100,2019,2019-12-31,prefecture_whole,,,,,,,provisional,SRC-CITY-PANEL-1990-2023,D,missing,false,法定债务四个分项保持独立；缺失值保留 null。
DEBT-CN-330200-2019-PREFECTURE,CN-330200,2019,2019-12-31,prefecture_whole,,1156.43,,765.07,,1921.50,official_debt,SRC-CITY-PANEL-1990-2023;SRC-CELMA-API-DEBT-3302-2019,A2,extracted,true,法定债务四个分项保持独立；缺失值保留 null。
DEBT-CN-330300-2019-PREFECTURE,CN-330300,2019,2019-12-31,prefecture_whole,,,,,,,provisional,SRC-CITY-PANEL-1990-2023,D,missing,false,法定债务四个分项保持独立；缺失值保留 null。
DEBT-CN-330400-2019-PREFECTURE,CN-330400,2019,2019-12-31,prefecture_whole,,,,,,,provisional,SRC-CITY-PANEL-1990-2023,D,missing,false,法定债务四个分项保持独立；缺失值保留 null。
DEBT-CN-330500-2019-PREFECTURE,CN-330500,2019,2019-12-31,prefecture_whole,,,,,,,provisional,SRC-CITY-PANEL-1990-2023,D,missing,false,法定债务四个分项保持独立；缺失值保留 null。
DEBT-CN-330600-2019-PREFECTURE,CN-330600,2019,2019-12-31,prefecture_whole,,,,,,,provisional,SRC-CITY-PANEL-1990-2023,D,missing,false,法定债务四个分项保持独立；缺失值保留 null。
DEBT-CN-330700-2019-PREFECTURE,CN-330700,2019,2019-12-31,prefecture_whole,,,,,,,provisional,SRC-CITY-PANEL-1990-2023,D,missing,false,法定债务四个分项保持独立；缺失值保留 null。
DEBT-CN-330800-2019-PREFECTURE,CN-330800,2019,2019-12-31,prefecture_whole,,,,,,,provisional,SRC-CITY-PANEL-1990-2023,D,missing,false,法定债务四个分项保持独立；缺失值保留 null。
DEBT-CN-330900-2019-PREFECTURE,CN-330900,2019,2019-12-31,prefecture_whole,,,,,,,provisional,SRC-CITY-PANEL-1990-2023,D,missing,false,法定债务四个分项保持独立；缺失值保留 null。
DEBT-CN-331000-2019-PREFECTURE,CN-331000,2019,2019-12-31,prefecture_whole,,,,,,,provisional,SRC-CITY-PANEL-1990-2023,D,missing,false,法定债务四个分项保持独立；缺失值保留 null。
DEBT-CN-331100-2019-PREFECTURE,CN-331100,2019,2019-12-31,prefecture_whole,,,,,,,provisional,SRC-CITY-PANEL-1990-2023,D,missing,false,法定债务四个分项保持独立；缺失值保留 null。
DEBT-CN-340100-2019-PREFECTURE,CN-340100,2019,2019-12-31,prefecture_whole,,,,,,,provisional,SRC-CITY-PANEL-1990-2023,D,missing,false,法定债务四个分项保持独立；缺失值保留 null。
DEBT-CN-340200-2019-PREFECTURE,CN-340200,2019,2019-12-31,prefecture_whole,,,,,,,provisional,SRC-CITY-PANEL-1990-2023,D,missing,false,法定债务四个分项保持独立；缺失值保留 null。
DEBT-CN-340300-2019-PREFECTURE,CN-340300,2019,2019-12-31,prefecture_whole,,,,,,,provisional,SRC-CITY-PANEL-1990-2023,D,missing,false,法定债务四个分项保持独立；缺失值保留 null。
DEBT-CN-340400-2019-PREFECTURE,CN-340400,2019,2019-12-31,prefecture_whole,,,,,,,provisional,SRC-CITY-PANEL-1990-2023,D,missing,false,法定债务四个分项保持独立；缺失值保留 null。
DEBT-CN-340500-2019-PREFECTURE,CN-340500,2019,2019-12-31,prefecture_whole,,,,,,,provisional,SRC-CITY-PANEL-1990-2023,D,missing,false,法定债务四个分项保持独立；缺失值保留 null。
DEBT-CN-340600-2019-PREFECTURE,CN-340600,2019,2019-12-31,prefecture_whole,,,,,,,provisional,SRC-CITY-PANEL-1990-2023,D,missing,false,法定债务四个分项保持独立；缺失值保留 null。
DEBT-CN-340700-2019-PREFECTURE,CN-340700,2019,2019-12-31,prefecture_whole,,,,,,,provisional,SRC-CITY-PANEL-1990-2023,D,missing,false,法定债务四个分项保持独立；缺失值保留 null。
DEBT-CN-340800-2019-PREFECTURE,CN-340800,2019,2019-12-31,prefecture_whole,,,,,,,provisional,SRC-CITY-PANEL-1990-2023,D,missing,false,法定债务四个分项保持独立；缺失值保留 null。
DEBT-CN-341000-2019-PREFECTURE,CN-341000,2019,2019-12-31,prefecture_whole,,,,,,,provisional,SRC-CITY-PANEL-1990-2023,D,missing,false,法定债务四个分项保持独立；缺失值保留 null。
DEBT-CN-341100-2019-PREFECTURE,CN-341100,2019,2019-12-31,prefecture_whole,,,,,,,provisional,SRC-CITY-PANEL-1990-2023,D,missing,false,法定债务四个分项保持独立；缺失值保留 null。
DEBT-CN-341200-2019-PREFECTURE,CN-341200,2019,2019-12-31,prefecture_whole,,,,,,,provisional,SRC-CITY-PANEL-1990-2023,D,missing,false,法定债务四个分项保持独立；缺失值保留 null。
DEBT-CN-341300-2019-PREFECTURE,CN-341300,2019,2019-12-31,prefecture_whole,,,,,,,provisional,SRC-CITY-PANEL-1990-2023,D,missing,false,法定债务四个分项保持独立；缺失值保留 null。
DEBT-CN-341500-2019-PREFECTURE,CN-341500,2019,2019-12-31,prefecture_whole,,,,,,,provisional,SRC-CITY-PANEL-1990-2023,D,missing,false,法定债务四个分项保持独立；缺失值保留 null。
DEBT-CN-341600-2019-PREFECTURE,CN-341600,2019,2019-12-31,prefecture_whole,,,,,,,provisional,SRC-CITY-PANEL-1990-2023,D,missing,false,法定债务四个分项保持独立；缺失值保留 null。
DEBT-CN-341700-2019-PREFECTURE,CN-341700,2019,2019-12-31,prefecture_whole,,,,,,,provisional,SRC-CITY-PANEL-1990-2023,D,missing,false,法定债务四个分项保持独立；缺失值保留 null。
DEBT-CN-341800-2019-PREFECTURE,CN-341800,2019,2019-12-31,prefecture_whole,,,,,,,provisional,SRC-CITY-PANEL-1990-2023,D,missing,false,法定债务四个分项保持独立；缺失值保留 null。
DEBT-CN-350100-2019-PREFECTURE,CN-350100,2019,2019-12-31,prefecture_whole,,,,,,,provisional,SRC-CITY-PANEL-1990-2023,D,missing,false,法定债务四个分项保持独立；缺失值保留 null。
DEBT-CN-350200-2019-PREFECTURE,CN-350200,2019,2019-12-31,prefecture_whole,,294.59,,493.59,,788.18,official_debt,SRC-CITY-PANEL-1990-2023;SRC-CELMA-API-DEBT-3502-2019,A2,extracted,true,法定债务四个分项保持独立；缺失值保留 null。
DEBT-CN-350300-2019-PREFECTURE,CN-350300,2019,2019-12-31,prefecture_whole,,,,,,,provisional,SRC-CITY-PANEL-1990-2023,D,missing,false,法定债务四个分项保持独立；缺失值保留 null。
DEBT-CN-350400-2019-PREFECTURE,CN-350400,2019,2019-12-31,prefecture_whole,,,,,,,provisional,SRC-CITY-PANEL-1990-2023,D,missing,false,法定债务四个分项保持独立；缺失值保留 null。
DEBT-CN-350500-2019-PREFECTURE,CN-350500,2019,2019-12-31,prefecture_whole,,,,,,,provisional,SRC-CITY-PANEL-1990-2023,D,missing,false,法定债务四个分项保持独立；缺失值保留 null。
DEBT-CN-350600-2019-PREFECTURE,CN-350600,2019,2019-12-31,prefecture_whole,,,,,,,provisional,SRC-CITY-PANEL-1990-2023,D,missing,false,法定债务四个分项保持独立；缺失值保留 null。
DEBT-CN-350700-2019-PREFECTURE,CN-350700,2019,2019-12-31,prefecture_whole,,,,,,,provisional,SRC-CITY-PANEL-1990-2023,D,missing,false,法定债务四个分项保持独立；缺失值保留 null。
DEBT-CN-350800-2019-PREFECTURE,CN-350800,2019,2019-12-31,prefecture_whole,,,,,,,provisional,SRC-CITY-PANEL-1990-2023,D,missing,false,法定债务四个分项保持独立；缺失值保留 null。
DEBT-CN-350900-2019-PREFECTURE,CN-350900,2019,2019-12-31,prefecture_whole,,,,,,,provisional,SRC-CITY-PANEL-1990-2023,D,missing,false,法定债务四个分项保持独立；缺失值保留 null。
DEBT-CN-360100-2019-PREFECTURE,CN-360100,2019,2019-12-31,prefecture_whole,,,,,,,provisional,SRC-CITY-PANEL-1990-2023,D,missing,false,法定债务四个分项保持独立；缺失值保留 null。
DEBT-CN-360200-2019-PREFECTURE,CN-360200,2019,2019-12-31,prefecture_whole,,,,,,,provisional,SRC-CITY-PANEL-1990-2023,D,missing,false,法定债务四个分项保持独立；缺失值保留 null。
DEBT-CN-360300-2019-PREFECTURE,CN-360300,2019,2019-12-31,prefecture_whole,,,,,,,provisional,SRC-CITY-PANEL-1990-2023,D,missing,false,法定债务四个分项保持独立；缺失值保留 null。
DEBT-CN-360400-2019-PREFECTURE,CN-360400,2019,2019-12-31,prefecture_whole,,,,,,,provisional,SRC-CITY-PANEL-1990-2023,D,missing,false,法定债务四个分项保持独立；缺失值保留 null。
DEBT-CN-360500-2019-PREFECTURE,CN-360500,2019,2019-12-31,prefecture_whole,,,,,,,provisional,SRC-CITY-PANEL-1990-2023,D,missing,false,法定债务四个分项保持独立；缺失值保留 null。
DEBT-CN-360600-2019-PREFECTURE,CN-360600,2019,2019-12-31,prefecture_whole,,,,,,,provisional,SRC-CITY-PANEL-1990-2023,D,missing,false,法定债务四个分项保持独立；缺失值保留 null。
DEBT-CN-360700-2019-PREFECTURE,CN-360700,2019,2019-12-31,prefecture_whole,,,,,,,provisional,SRC-CITY-PANEL-1990-2023,D,missing,false,法定债务四个分项保持独立；缺失值保留 null。
DEBT-CN-360800-2019-PREFECTURE,CN-360800,2019,2019-12-31,prefecture_whole,,,,,,,provisional,SRC-CITY-PANEL-1990-2023,D,missing,false,法定债务四个分项保持独立；缺失值保留 null。
DEBT-CN-360900-2019-PREFECTURE,CN-360900,2019,2019-12-31,prefecture_whole,,,,,,,provisional,SRC-CITY-PANEL-1990-2023,D,missing,false,法定债务四个分项保持独立；缺失值保留 null。
DEBT-CN-361000-2019-PREFECTURE,CN-361000,2019,2019-12-31,prefecture_whole,,,,,,,provisional,SRC-CITY-PANEL-1990-2023,D,missing,false,法定债务四个分项保持独立；缺失值保留 null。
DEBT-CN-361100-2019-PREFECTURE,CN-361100,2019,2019-12-31,prefecture_whole,,,,,,,provisional,SRC-CITY-PANEL-1990-2023,D,missing,false,法定债务四个分项保持独立；缺失值保留 null。
DEBT-CN-370100-2019-PREFECTURE,CN-370100,2019,2019-12-31,prefecture_whole,,,,,,,provisional,SRC-CITY-PANEL-1990-2023,D,missing,false,法定债务四个分项保持独立；缺失值保留 null。
DEBT-CN-370200-2019-PREFECTURE,CN-370200,2019,2019-12-31,prefecture_whole,,784.78,,796.89,,1581.66,official_debt,SRC-CITY-PANEL-1990-2023;SRC-CELMA-API-DEBT-3702-2019,A2,extracted,true,法定债务四个分项保持独立；缺失值保留 null。
DEBT-CN-370300-2019-PREFECTURE,CN-370300,2019,2019-12-31,prefecture_whole,,,,,,,provisional,SRC-CITY-PANEL-1990-2023,D,missing,false,法定债务四个分项保持独立；缺失值保留 null。
DEBT-CN-370400-2019-PREFECTURE,CN-370400,2019,2019-12-31,prefecture_whole,,,,,,,provisional,SRC-CITY-PANEL-1990-2023,D,missing,false,法定债务四个分项保持独立；缺失值保留 null。
DEBT-CN-370500-2019-PREFECTURE,CN-370500,2019,2019-12-31,prefecture_whole,,,,,,,provisional,SRC-CITY-PANEL-1990-2023,D,missing,false,法定债务四个分项保持独立；缺失值保留 null。
DEBT-CN-370600-2019-PREFECTURE,CN-370600,2019,2019-12-31,prefecture_whole,,,,,,,provisional,SRC-CITY-PANEL-1990-2023,D,missing,false,法定债务四个分项保持独立；缺失值保留 null。
DEBT-CN-370700-2019-PREFECTURE,CN-370700,2019,2019-12-31,prefecture_whole,,,,,,,provisional,SRC-CITY-PANEL-1990-2023,D,missing,false,法定债务四个分项保持独立；缺失值保留 null。
DEBT-CN-370800-2019-PREFECTURE,CN-370800,2019,2019-12-31,prefecture_whole,,,,,,,provisional,SRC-CITY-PANEL-1990-2023,D,missing,false,法定债务四个分项保持独立；缺失值保留 null。
DEBT-CN-370900-2019-PREFECTURE,CN-370900,2019,2019-12-31,prefecture_whole,,,,,,,provisional,SRC-CITY-PANEL-1990-2023,D,missing,false,法定债务四个分项保持独立；缺失值保留 null。
DEBT-CN-371000-2019-PREFECTURE,CN-371000,2019,2019-12-31,prefecture_whole,,,,,,,provisional,SRC-CITY-PANEL-1990-2023,D,missing,false,法定债务四个分项保持独立；缺失值保留 null。
DEBT-CN-371100-2019-PREFECTURE,CN-371100,2019,2019-12-31,prefecture_whole,,,,,,,provisional,SRC-CITY-PANEL-1990-2023,D,missing,false,法定债务四个分项保持独立；缺失值保留 null。
DEBT-CN-371200-2019-PREFECTURE,CN-371200,2019,2019-12-31,prefecture_whole,,,,,,,provisional,SRC-CITY-PANEL-1990-2023,D,missing,false,法定债务四个分项保持独立；缺失值保留 null。
DEBT-CN-371300-2019-PREFECTURE,CN-371300,2019,2019-12-31,prefecture_whole,,,,,,,provisional,SRC-CITY-PANEL-1990-2023,D,missing,false,法定债务四个分项保持独立；缺失值保留 null。
DEBT-CN-371400-2019-PREFECTURE,CN-371400,2019,2019-12-31,prefecture_whole,,,,,,,provisional,SRC-CITY-PANEL-1990-2023,D,missing,false,法定债务四个分项保持独立；缺失值保留 null。
DEBT-CN-371500-2019-PREFECTURE,CN-371500,2019,2019-12-31,prefecture_whole,,,,,,,provisional,SRC-CITY-PANEL-1990-2023,D,missing,false,法定债务四个分项保持独立；缺失值保留 null。
DEBT-CN-371600-2019-PREFECTURE,CN-371600,2019,2019-12-31,prefecture_whole,,,,,,,provisional,SRC-CITY-PANEL-1990-2023,D,missing,false,法定债务四个分项保持独立；缺失值保留 null。
DEBT-CN-371700-2019-PREFECTURE,CN-371700,2019,2019-12-31,prefecture_whole,,,,,,,provisional,SRC-CITY-PANEL-1990-2023,D,missing,false,法定债务四个分项保持独立；缺失值保留 null。
DEBT-CN-410100-2019-PREFECTURE,CN-410100,2019,2019-12-31,prefecture_whole,,,,,,,provisional,SRC-CITY-PANEL-1990-2023,D,missing,false,法定债务四个分项保持独立；缺失值保留 null。
DEBT-CN-410200-2019-PREFECTURE,CN-410200,2019,2019-12-31,prefecture_whole,,,,,,,provisional,SRC-CITY-PANEL-1990-2023,D,missing,false,法定债务四个分项保持独立；缺失值保留 null。
DEBT-CN-410300-2019-PREFECTURE,CN-410300,2019,2019-12-31,prefecture_whole,,,,,,,provisional,SRC-CITY-PANEL-1990-2023,D,missing,false,法定债务四个分项保持独立；缺失值保留 null。
DEBT-CN-410400-2019-PREFECTURE,CN-410400,2019,2019-12-31,prefecture_whole,,,,,,,provisional,SRC-CITY-PANEL-1990-2023,D,missing,false,法定债务四个分项保持独立；缺失值保留 null。
DEBT-CN-410500-2019-PREFECTURE,CN-410500,2019,2019-12-31,prefecture_whole,,,,,,,provisional,SRC-CITY-PANEL-1990-2023,D,missing,false,法定债务四个分项保持独立；缺失值保留 null。
DEBT-CN-410600-2019-PREFECTURE,CN-410600,2019,2019-12-31,prefecture_whole,,,,,,,provisional,SRC-CITY-PANEL-1990-2023,D,missing,false,法定债务四个分项保持独立；缺失值保留 null。
DEBT-CN-410700-2019-PREFECTURE,CN-410700,2019,2019-12-31,prefecture_whole,,,,,,,provisional,SRC-CITY-PANEL-1990-2023,D,missing,false,法定债务四个分项保持独立；缺失值保留 null。
DEBT-CN-410800-2019-PREFECTURE,CN-410800,2019,2019-12-31,prefecture_whole,,,,,,,provisional,SRC-CITY-PANEL-1990-2023,D,missing,false,法定债务四个分项保持独立；缺失值保留 null。
DEBT-CN-410900-2019-PREFECTURE,CN-410900,2019,2019-12-31,prefecture_whole,,,,,,,provisional,SRC-CITY-PANEL-1990-2023,D,missing,false,法定债务四个分项保持独立；缺失值保留 null。
DEBT-CN-411000-2019-PREFECTURE,CN-411000,2019,2019-12-31,prefecture_whole,,,,,,,provisional,SRC-CITY-PANEL-1990-2023,D,missing,false,法定债务四个分项保持独立；缺失值保留 null。
DEBT-CN-411100-2019-PREFECTURE,CN-411100,2019,2019-12-31,prefecture_whole,,,,,,,provisional,SRC-CITY-PANEL-1990-2023,D,missing,false,法定债务四个分项保持独立；缺失值保留 null。
DEBT-CN-411200-2019-PREFECTURE,CN-411200,2019,2019-12-31,prefecture_whole,,,,,,,provisional,SRC-CITY-PANEL-1990-2023,D,missing,false,法定债务四个分项保持独立；缺失值保留 null。
DEBT-CN-411300-2019-PREFECTURE,CN-411300,2019,2019-12-31,prefecture_whole,,,,,,,provisional,SRC-CITY-PANEL-1990-2023,D,missing,false,法定债务四个分项保持独立；缺失值保留 null。
DEBT-CN-411400-2019-PREFECTURE,CN-411400,2019,2019-12-31,prefecture_whole,,,,,,,provisional,SRC-CITY-PANEL-1990-2023,D,missing,false,法定债务四个分项保持独立；缺失值保留 null。
DEBT-CN-411500-2019-PREFECTURE,CN-411500,2019,2019-12-31,prefecture_whole,,,,,,,provisional,SRC-CITY-PANEL-1990-2023,D,missing,false,法定债务四个分项保持独立；缺失值保留 null。
DEBT-CN-411600-2019-PREFECTURE,CN-411600,2019,2019-12-31,prefecture_whole,,,,,,,provisional,SRC-CITY-PANEL-1990-2023,D,missing,false,法定债务四个分项保持独立；缺失值保留 null。
DEBT-CN-411700-2019-PREFECTURE,CN-411700,2019,2019-12-31,prefecture_whole,,,,,,,provisional,SRC-CITY-PANEL-1990-2023,D,missing,false,法定债务四个分项保持独立；缺失值保留 null。
DEBT-CN-419000-2019-PREFECTURE,CN-419000,2019,2019-12-31,prefecture_whole,,,,,,,not_collected,,,missing,false,法定债务四个分项保持独立；缺失值保留 null。
DEBT-CN-420100-2019-PREFECTURE,CN-420100,2019,2019-12-31,prefecture_whole,,,,,,,provisional,SRC-CITY-PANEL-1990-2023,D,missing,false,法定债务四个分项保持独立；缺失值保留 null。
DEBT-CN-420200-2019-PREFECTURE,CN-420200,2019,2019-12-31,prefecture_whole,,,,,,,provisional,SRC-CITY-PANEL-1990-2023,D,missing,false,法定债务四个分项保持独立；缺失值保留 null。
DEBT-CN-420300-2019-PREFECTURE,CN-420300,2019,2019-12-31,prefecture_whole,,,,,,410.45,secondary_debt,SRC-CITY-PANEL-1990-2023;SRC-SECONDARY-CEIC-CN-420300,D,needs_review,true,法定债务四个分项保持独立；缺失值保留 null。
DEBT-CN-420500-2019-PREFECTURE,CN-420500,2019,2019-12-31,prefecture_whole,,,,,,,provisional,SRC-CITY-PANEL-1990-2023,D,missing,false,法定债务四个分项保持独立；缺失值保留 null。
DEBT-CN-420600-2019-PREFECTURE,CN-420600,2019,2019-12-31,prefecture_whole,,,,,,,provisional,SRC-CITY-PANEL-1990-2023,D,missing,false,法定债务四个分项保持独立；缺失值保留 null。
DEBT-CN-420700-2019-PREFECTURE,CN-420700,2019,2019-12-31,prefecture_whole,,,,,,,provisional,SRC-CITY-PANEL-1990-2023,D,missing,false,法定债务四个分项保持独立；缺失值保留 null。
DEBT-CN-420800-2019-PREFECTURE,CN-420800,2019,2019-12-31,prefecture_whole,,,,,,,provisional,SRC-CITY-PANEL-1990-2023,D,missing,false,法定债务四个分项保持独立；缺失值保留 null。
DEBT-CN-420900-2019-PREFECTURE,CN-420900,2019,2019-12-31,prefecture_whole,,,,,,351.34,secondary_debt,SRC-CITY-PANEL-1990-2023;SRC-SECONDARY-CEIC-CN-420900,D,needs_review,true,法定债务四个分项保持独立；缺失值保留 null。
DEBT-CN-421000-2019-PREFECTURE,CN-421000,2019,2019-12-31,prefecture_whole,,,,,,412.42,secondary_debt,SRC-CITY-PANEL-1990-2023;SRC-SECONDARY-CEIC-CN-421000,D,needs_review,true,法定债务四个分项保持独立；缺失值保留 null。
DEBT-CN-421100-2019-PREFECTURE,CN-421100,2019,2019-12-31,prefecture_whole,,,,,,,provisional,SRC-CITY-PANEL-1990-2023,D,missing,false,法定债务四个分项保持独立；缺失值保留 null。
DEBT-CN-421200-2019-PREFECTURE,CN-421200,2019,2019-12-31,prefecture_whole,,,,,,216.29,secondary_debt,SRC-CITY-PANEL-1990-2023;SRC-SECONDARY-CEIC-CN-421200,D,needs_review,true,法定债务四个分项保持独立；缺失值保留 null。
DEBT-CN-421300-2019-PREFECTURE,CN-421300,2019,2019-12-31,prefecture_whole,,,,,,,provisional,SRC-CITY-PANEL-1990-2023,D,missing,false,法定债务四个分项保持独立；缺失值保留 null。
DEBT-CN-422800-2019-PREFECTURE,CN-422800,2019,2019-12-31,prefecture_whole,,,,,,,not_collected,,,missing,false,法定债务四个分项保持独立；缺失值保留 null。
DEBT-CN-429000-2019-PREFECTURE,CN-429000,2019,2019-12-31,prefecture_whole,,,,,,,not_collected,,,missing,false,法定债务四个分项保持独立；缺失值保留 null。
DEBT-CN-430100-2019-PREFECTURE,CN-430100,2019,2019-12-31,prefecture_whole,610.72,610.20,1213.10,1213.10,1823.82,1823.30,official_debt,SRC-CITY-PANEL-1990-2023;SRC-PROVINCE-DEBT-HUNAN-2019,A1,extracted,true,法定债务四个分项保持独立；缺失值保留 null。
DEBT-CN-430200-2019-PREFECTURE,CN-430200,2019,2019-12-31,prefecture_whole,341.80,341.44,363.70,363.70,705.50,705.14,official_debt,SRC-CITY-PANEL-1990-2023;SRC-PROVINCE-DEBT-HUNAN-2019,A1,extracted,true,法定债务四个分项保持独立；缺失值保留 null。
DEBT-CN-430300-2019-PREFECTURE,CN-430300,2019,2019-12-31,prefecture_whole,213.76,213.47,310.32,310.32,524.08,523.79,official_debt,SRC-CITY-PANEL-1990-2023;SRC-PROVINCE-DEBT-HUNAN-2019,A1,extracted,true,法定债务四个分项保持独立；缺失值保留 null。
DEBT-CN-430400-2019-PREFECTURE,CN-430400,2019,2019-12-31,prefecture_whole,381.04,376.30,416.88,416.88,797.92,793.18,official_debt,SRC-CITY-PANEL-1990-2023;SRC-PROVINCE-DEBT-HUNAN-2019,A1,extracted,true,法定债务四个分项保持独立；缺失值保留 null。
DEBT-CN-430500-2019-PREFECTURE,CN-430500,2019,2019-12-31,prefecture_whole,293.73,293.65,160.64,160.64,454.37,454.29,official_debt,SRC-CITY-PANEL-1990-2023;SRC-PROVINCE-DEBT-HUNAN-2019,A1,extracted,true,法定债务四个分项保持独立；缺失值保留 null。
DEBT-CN-430600-2019-PREFECTURE,CN-430600,2019,2019-12-31,prefecture_whole,322.71,321.77,227.54,227.54,550.25,549.31,official_debt,SRC-CITY-PANEL-1990-2023;SRC-PROVINCE-DEBT-HUNAN-2019,A1,extracted,true,法定债务四个分项保持独立；缺失值保留 null。
DEBT-CN-430700-2019-PREFECTURE,CN-430700,2019,2019-12-31,prefecture_whole,455.16,453.77,130.07,130.07,585.23,583.84,official_debt,SRC-CITY-PANEL-1990-2023;SRC-PROVINCE-DEBT-HUNAN-2019,A1,extracted,true,法定债务四个分项保持独立；缺失值保留 null。
DEBT-CN-430800-2019-PREFECTURE,CN-430800,2019,2019-12-31,prefecture_whole,132.02,131.55,42.74,42.74,174.76,174.29,official_debt,SRC-CITY-PANEL-1990-2023;SRC-PROVINCE-DEBT-HUNAN-2019,A1,extracted,true,法定债务四个分项保持独立；缺失值保留 null。
DEBT-CN-430900-2019-PREFECTURE,CN-430900,2019,2019-12-31,prefecture_whole,213.76,212.90,145.39,145.39,359.15,358.29,official_debt,SRC-CITY-PANEL-1990-2023;SRC-PROVINCE-DEBT-HUNAN-2019,A1,extracted,true,法定债务四个分项保持独立；缺失值保留 null。
DEBT-CN-431000-2019-PREFECTURE,CN-431000,2019,2019-12-31,prefecture_whole,536.48,530.84,216.76,216.76,753.24,747.60,official_debt,SRC-CITY-PANEL-1990-2023;SRC-PROVINCE-DEBT-HUNAN-2019,A1,extracted,true,法定债务四个分项保持独立；缺失值保留 null。
DEBT-CN-431100-2019-PREFECTURE,CN-431100,2019,2019-12-31,prefecture_whole,310.65,307.20,109.87,109.87,420.52,417.07,official_debt,SRC-CITY-PANEL-1990-2023;SRC-PROVINCE-DEBT-HUNAN-2019,A1,extracted,true,法定债务四个分项保持独立；缺失值保留 null。
DEBT-CN-431200-2019-PREFECTURE,CN-431200,2019,2019-12-31,prefecture_whole,316.40,315.44,235.99,235.87,552.39,551.31,official_debt,SRC-CITY-PANEL-1990-2023;SRC-PROVINCE-DEBT-HUNAN-2019,A1,extracted,true,法定债务四个分项保持独立；缺失值保留 null。
DEBT-CN-431300-2019-PREFECTURE,CN-431300,2019,2019-12-31,prefecture_whole,216.04,214.83,105.24,105.24,321.28,320.07,official_debt,SRC-CITY-PANEL-1990-2023;SRC-PROVINCE-DEBT-HUNAN-2019,A1,extracted,true,法定债务四个分项保持独立；缺失值保留 null。
DEBT-CN-433100-2019-PREFECTURE,CN-433100,2019,2019-12-31,prefecture_whole,241.97,240.78,60.71,60.71,302.68,301.49,official_debt,SRC-PROVINCE-DEBT-HUNAN-2019,A1,extracted,true,法定债务四个分项保持独立；缺失值保留 null。
DEBT-CN-440100-2019-PREFECTURE,CN-440100,2019,2019-12-31,prefecture_whole,1050.60,881.50,2081.18,1833.44,3131.79,2714.94,official_debt,SRC-CITY-PANEL-1990-2023;SRC-OFFICIAL-DEBT-GUANGDONG-2019-TABLE18,A1,extracted,true,法定债务四个分项保持独立；缺失值保留 null。
DEBT-CN-440200-2019-PREFECTURE,CN-440200,2019,2019-12-31,prefecture_whole,178.87,143.75,114.05,98.72,292.92,242.46,official_debt,SRC-CITY-PANEL-1990-2023;SRC-OFFICIAL-DEBT-GUANGDONG-2019-TABLE18,A1,extracted,true,法定债务四个分项保持独立；缺失值保留 null。
DEBT-CN-440300-2019-PREFECTURE,CN-440300,2019,2019-12-31,prefecture_whole,324.60,67.87,373.90,362.40,698.50,430.27,official_debt,SRC-CITY-PANEL-1990-2023;SRC-OFFICIAL-DEBT-GUANGDONG-2019-TABLE18,A1,extracted,true,法定债务四个分项保持独立；缺失值保留 null。
DEBT-CN-440400-2019-PREFECTURE,CN-440400,2019,2019-12-31,prefecture_whole,372.37,251.38,304.56,294.20,676.93,545.58,official_debt,SRC-CITY-PANEL-1990-2023;SRC-OFFICIAL-DEBT-GUANGDONG-2019-TABLE18,A1,extracted,true,法定债务四个分项保持独立；缺失值保留 null。
DEBT-CN-440500-2019-PREFECTURE,CN-440500,2019,2019-12-31,prefecture_whole,101.32,85.04,204.20,200.71,305.52,285.75,official_debt,SRC-CITY-PANEL-1990-2023;SRC-OFFICIAL-DEBT-GUANGDONG-2019-TABLE18,A1,extracted,true,法定债务四个分项保持独立；缺失值保留 null。
DEBT-CN-440600-2019-PREFECTURE,CN-440600,2019,2019-12-31,prefecture_whole,643.19,385.65,1125.53,1002.73,1768.71,1388.38,official_debt,SRC-CITY-PANEL-1990-2023;SRC-OFFICIAL-DEBT-GUANGDONG-2019-TABLE18,A1,extracted,true,法定债务四个分项保持独立；缺失值保留 null。
DEBT-CN-440700-2019-PREFECTURE,CN-440700,2019,2019-12-31,prefecture_whole,355.61,245.12,229.55,204.85,585.16,449.96,official_debt,SRC-CITY-PANEL-1990-2023;SRC-OFFICIAL-DEBT-GUANGDONG-2019-TABLE18,A1,extracted,true,法定债务四个分项保持独立；缺失值保留 null。
DEBT-CN-440800-2019-PREFECTURE,CN-440800,2019,2019-12-31,prefecture_whole,165.18,158.52,259.16,251.71,424.34,410.22,official_debt,SRC-CITY-PANEL-1990-2023;SRC-OFFICIAL-DEBT-GUANGDONG-2019-TABLE18,A1,extracted,true,法定债务四个分项保持独立；缺失值保留 null。
DEBT-CN-440900-2019-PREFECTURE,CN-440900,2019,2019-12-31,prefecture_whole,152.58,130.54,167.50,148.84,320.07,279.38,official_debt,SRC-CITY-PANEL-1990-2023;SRC-OFFICIAL-DEBT-GUANGDONG-2019-TABLE18,A1,extracted,true,法定债务四个分项保持独立；缺失值保留 null。
DEBT-CN-441200-2019-PREFECTURE,CN-441200,2019,2019-12-31,prefecture_whole,206.90,184.49,239.33,190.61,446.24,375.11,official_debt,SRC-CITY-PANEL-1990-2023;SRC-OFFICIAL-DEBT-GUANGDONG-2019-TABLE18,A1,extracted,true,法定债务四个分项保持独立；缺失值保留 null。
DEBT-CN-441300-2019-PREFECTURE,CN-441300,2019,2019-12-31,prefecture_whole,534.11,403.47,241.24,222.88,775.35,626.34,official_debt,SRC-CITY-PANEL-1990-2023;SRC-OFFICIAL-DEBT-GUANGDONG-2019-TABLE18,A1,extracted,true,法定债务四个分项保持独立；缺失值保留 null。
DEBT-CN-441400-2019-PREFECTURE,CN-441400,2019,2019-12-31,prefecture_whole,198.06,160.97,165.80,150.70,363.86,311.67,official_debt,SRC-CITY-PANEL-1990-2023;SRC-OFFICIAL-DEBT-GUANGDONG-2019-TABLE18,A1,extracted,true,法定债务四个分项保持独立；缺失值保留 null。
DEBT-CN-441500-2019-PREFECTURE,CN-441500,2019,2019-12-31,prefecture_whole,71.18,64.64,151.14,141.21,222.33,205.85,official_debt,SRC-CITY-PANEL-1990-2023;SRC-OFFICIAL-DEBT-GUANGDONG-2019-TABLE18,A1,extracted,true,法定债务四个分项保持独立；缺失值保留 null。
DEBT-CN-441600-2019-PREFECTURE,CN-441600,2019,2019-12-31,prefecture_whole,156.43,140.42,124.72,123.81,281.16,264.24,official_debt,SRC-CITY-PANEL-1990-2023;SRC-OFFICIAL-DEBT-GUANGDONG-2019-TABLE18,A1,extracted,true,法定债务四个分项保持独立；缺失值保留 null。
DEBT-CN-441700-2019-PREFECTURE,CN-441700,2019,2019-12-31,prefecture_whole,121.28,114.31,98.95,90.70,220.24,205.01,official_debt,SRC-CITY-PANEL-1990-2023;SRC-OFFICIAL-DEBT-GUANGDONG-2019-TABLE18,A1,extracted,true,法定债务四个分项保持独立；缺失值保留 null。
DEBT-CN-441800-2019-PREFECTURE,CN-441800,2019,2019-12-31,prefecture_whole,133.09,109.13,233.75,227.11,366.84,336.24,official_debt,SRC-CITY-PANEL-1990-2023;SRC-OFFICIAL-DEBT-GUANGDONG-2019-TABLE18,A1,extracted,true,法定债务四个分项保持独立；缺失值保留 null。
DEBT-CN-441900-2019-PREFECTURE,CN-441900,2019,2019-12-31,prefecture_whole,557.20,523.15,196.18,181.79,753.39,704.94,official_debt,SRC-CITY-PANEL-1990-2023;SRC-OFFICIAL-DEBT-GUANGDONG-2019-TABLE18,A1,extracted,true,法定债务四个分项保持独立；缺失值保留 null。
DEBT-CN-442000-2019-PREFECTURE,CN-442000,2019,2019-12-31,prefecture_whole,97.58,79.70,256.95,246.62,354.53,326.31,official_debt,SRC-CITY-PANEL-1990-2023;SRC-OFFICIAL-DEBT-GUANGDONG-2019-TABLE18,A1,extracted,true,法定债务四个分项保持独立；缺失值保留 null。
DEBT-CN-445100-2019-PREFECTURE,CN-445100,2019,2019-12-31,prefecture_whole,114.80,105.59,66.87,62.74,181.67,168.33,official_debt,SRC-CITY-PANEL-1990-2023;SRC-OFFICIAL-DEBT-GUANGDONG-2019-TABLE18,A1,extracted,true,法定债务四个分项保持独立；缺失值保留 null。
DEBT-CN-445200-2019-PREFECTURE,CN-445200,2019,2019-12-31,prefecture_whole,113.67,107.65,156.05,146.29,269.72,253.95,official_debt,SRC-CITY-PANEL-1990-2023;SRC-OFFICIAL-DEBT-GUANGDONG-2019-TABLE18,A1,extracted,true,法定债务四个分项保持独立；缺失值保留 null。
DEBT-CN-445300-2019-PREFECTURE,CN-445300,2019,2019-12-31,prefecture_whole,102.35,83.99,119.39,102.70,221.73,186.69,official_debt,SRC-CITY-PANEL-1990-2023;SRC-OFFICIAL-DEBT-GUANGDONG-2019-TABLE18,A1,extracted,true,法定债务四个分项保持独立；缺失值保留 null。
DEBT-CN-450100-2019-PREFECTURE,CN-450100,2019,2019-12-31,prefecture_whole,,,,,,,provisional,SRC-CITY-PANEL-1990-2023,D,missing,false,法定债务四个分项保持独立；缺失值保留 null。
DEBT-CN-450200-2019-PREFECTURE,CN-450200,2019,2019-12-31,prefecture_whole,,,,,,,provisional,SRC-CITY-PANEL-1990-2023,D,missing,false,法定债务四个分项保持独立；缺失值保留 null。
DEBT-CN-450300-2019-PREFECTURE,CN-450300,2019,2019-12-31,prefecture_whole,,,,,,,provisional,SRC-CITY-PANEL-1990-2023,D,missing,false,法定债务四个分项保持独立；缺失值保留 null。
DEBT-CN-450400-2019-PREFECTURE,CN-450400,2019,2019-12-31,prefecture_whole,,,,,,,provisional,SRC-CITY-PANEL-1990-2023,D,missing,false,法定债务四个分项保持独立；缺失值保留 null。
DEBT-CN-450500-2019-PREFECTURE,CN-450500,2019,2019-12-31,prefecture_whole,,,,,,,provisional,SRC-CITY-PANEL-1990-2023,D,missing,false,法定债务四个分项保持独立；缺失值保留 null。
DEBT-CN-450600-2019-PREFECTURE,CN-450600,2019,2019-12-31,prefecture_whole,,,,,,,provisional,SRC-CITY-PANEL-1990-2023,D,missing,false,法定债务四个分项保持独立；缺失值保留 null。
DEBT-CN-450700-2019-PREFECTURE,CN-450700,2019,2019-12-31,prefecture_whole,,,,,,,provisional,SRC-CITY-PANEL-1990-2023,D,missing,false,法定债务四个分项保持独立；缺失值保留 null。
DEBT-CN-450800-2019-PREFECTURE,CN-450800,2019,2019-12-31,prefecture_whole,,,,,,,provisional,SRC-CITY-PANEL-1990-2023,D,missing,false,法定债务四个分项保持独立；缺失值保留 null。
DEBT-CN-450900-2019-PREFECTURE,CN-450900,2019,2019-12-31,prefecture_whole,,,,,,,provisional,SRC-CITY-PANEL-1990-2023,D,missing,false,法定债务四个分项保持独立；缺失值保留 null。
DEBT-CN-451000-2019-PREFECTURE,CN-451000,2019,2019-12-31,prefecture_whole,,,,,,,provisional,SRC-CITY-PANEL-1990-2023,D,missing,false,法定债务四个分项保持独立；缺失值保留 null。
DEBT-CN-451100-2019-PREFECTURE,CN-451100,2019,2019-12-31,prefecture_whole,,113.15,,62.21,,175.36,official_debt,SRC-CITY-PANEL-1990-2023;SRC-OFFICIAL-DEBT-GUANGXI-HEZHOU-2019,A2,extracted,true,法定债务四个分项保持独立；缺失值保留 null。
DEBT-CN-451200-2019-PREFECTURE,CN-451200,2019,2019-12-31,prefecture_whole,,,,,,,provisional,SRC-CITY-PANEL-1990-2023,D,missing,false,法定债务四个分项保持独立；缺失值保留 null。
DEBT-CN-451300-2019-PREFECTURE,CN-451300,2019,2019-12-31,prefecture_whole,,149.45,,59.23,,208.68,official_debt,SRC-CITY-PANEL-1990-2023;SRC-OFFICIAL-DEBT-GUANGXI-LAIBIN-2019,A2,extracted,true,法定债务四个分项保持独立；缺失值保留 null。
DEBT-CN-451400-2019-PREFECTURE,CN-451400,2019,2019-12-31,prefecture_whole,,,,,,,provisional,SRC-CITY-PANEL-1990-2023,D,missing,false,法定债务四个分项保持独立；缺失值保留 null。
DEBT-CN-460100-2019-PREFECTURE,CN-460100,2019,2019-12-31,prefecture_whole,,,,,,,provisional,SRC-CITY-PANEL-1990-2023,D,missing,false,法定债务四个分项保持独立；缺失值保留 null。
DEBT-CN-460200-2019-PREFECTURE,CN-460200,2019,2019-12-31,prefecture_whole,,,,,,,provisional,SRC-CITY-PANEL-1990-2023,D,missing,false,法定债务四个分项保持独立；缺失值保留 null。
DEBT-CN-460300-2019-PREFECTURE,CN-460300,2019,2019-12-31,prefecture_whole,,,,,,,provisional,SRC-CITY-PANEL-1990-2023,D,missing,false,法定债务四个分项保持独立；缺失值保留 null。
DEBT-CN-460400-2019-PREFECTURE,CN-460400,2019,2019-12-31,prefecture_whole,,,,,,,provisional,SRC-CITY-PANEL-1990-2023,D,missing,false,法定债务四个分项保持独立；缺失值保留 null。
DEBT-CN-469000-2019-PREFECTURE,CN-469000,2019,2019-12-31,prefecture_whole,,,,,,,not_collected,,,missing,false,法定债务四个分项保持独立；缺失值保留 null。
DEBT-CN-500000-2019-PREFECTURE,CN-500000,2019,2019-12-31,prefecture_whole,,,,,,,provisional,SRC-CITY-PANEL-1990-2023,D,missing,false,法定债务四个分项保持独立；缺失值保留 null。
DEBT-CN-510100-2019-PREFECTURE,CN-510100,2019,2019-12-31,prefecture_whole,,,,,,,provisional,SRC-CITY-PANEL-1990-2023,D,missing,false,法定债务四个分项保持独立；缺失值保留 null。
DEBT-CN-510300-2019-PREFECTURE,CN-510300,2019,2019-12-31,prefecture_whole,,,,,,337.00,secondary_debt,SRC-CITY-PANEL-1990-2023;SRC-SECONDARY-CEIC-CN-510300,D,needs_review,true,法定债务四个分项保持独立；缺失值保留 null。
DEBT-CN-510400-2019-PREFECTURE,CN-510400,2019,2019-12-31,prefecture_whole,,,,,,,provisional,SRC-CITY-PANEL-1990-2023,D,missing,false,法定债务四个分项保持独立；缺失值保留 null。
DEBT-CN-510500-2019-PREFECTURE,CN-510500,2019,2019-12-31,prefecture_whole,,,,,,499.00,secondary_debt,SRC-CITY-PANEL-1990-2023;SRC-SECONDARY-CEIC-CN-510500,D,needs_review,true,法定债务四个分项保持独立；缺失值保留 null。
DEBT-CN-510600-2019-PREFECTURE,CN-510600,2019,2019-12-31,prefecture_whole,,,,,,312.00,secondary_debt,SRC-CITY-PANEL-1990-2023;SRC-SECONDARY-CEIC-CN-510600,D,needs_review,true,法定债务四个分项保持独立；缺失值保留 null。
DEBT-CN-510700-2019-PREFECTURE,CN-510700,2019,2019-12-31,prefecture_whole,,,,,,464.00,secondary_debt,SRC-CITY-PANEL-1990-2023;SRC-SECONDARY-CEIC-CN-510700,D,needs_review,true,法定债务四个分项保持独立；缺失值保留 null。
DEBT-CN-510800-2019-PREFECTURE,CN-510800,2019,2019-12-31,prefecture_whole,,,,,,316.00,secondary_debt,SRC-CITY-PANEL-1990-2023;SRC-SECONDARY-CEIC-CN-510800,D,needs_review,true,法定债务四个分项保持独立；缺失值保留 null。
DEBT-CN-510900-2019-PREFECTURE,CN-510900,2019,2019-12-31,prefecture_whole,,,,,,317.00,secondary_debt,SRC-CITY-PANEL-1990-2023;SRC-SECONDARY-CEIC-CN-510900,D,needs_review,true,法定债务四个分项保持独立；缺失值保留 null。
DEBT-CN-511000-2019-PREFECTURE,CN-511000,2019,2019-12-31,prefecture_whole,,,,,,,provisional,SRC-CITY-PANEL-1990-2023,D,missing,false,法定债务四个分项保持独立；缺失值保留 null。
DEBT-CN-511100-2019-PREFECTURE,CN-511100,2019,2019-12-31,prefecture_whole,,,,,,382.00,secondary_debt,SRC-CITY-PANEL-1990-2023;SRC-SECONDARY-CEIC-CN-511100,D,needs_review,true,法定债务四个分项保持独立；缺失值保留 null。
DEBT-CN-511300-2019-PREFECTURE,CN-511300,2019,2019-12-31,prefecture_whole,,,,,,744.00,secondary_debt,SRC-CITY-PANEL-1990-2023;SRC-SECONDARY-CEIC-CN-511300,D,needs_review,true,法定债务四个分项保持独立；缺失值保留 null。
DEBT-CN-511400-2019-PREFECTURE,CN-511400,2019,2019-12-31,prefecture_whole,,,,,,,provisional,SRC-CITY-PANEL-1990-2023,D,missing,false,法定债务四个分项保持独立；缺失值保留 null。
DEBT-CN-511500-2019-PREFECTURE,CN-511500,2019,2019-12-31,prefecture_whole,,,,,,471.00,secondary_debt,SRC-CITY-PANEL-1990-2023;SRC-SECONDARY-CEIC-CN-511500,D,needs_review,true,法定债务四个分项保持独立；缺失值保留 null。
DEBT-CN-511600-2019-PREFECTURE,CN-511600,2019,2019-12-31,prefecture_whole,,,,,,309.00,secondary_debt,SRC-CITY-PANEL-1990-2023;SRC-SECONDARY-CEIC-CN-511600,D,needs_review,true,法定债务四个分项保持独立；缺失值保留 null。
DEBT-CN-511700-2019-PREFECTURE,CN-511700,2019,2019-12-31,prefecture_whole,,,,,,507.00,secondary_debt,SRC-CITY-PANEL-1990-2023;SRC-SECONDARY-CEIC-CN-511700,D,needs_review,true,法定债务四个分项保持独立；缺失值保留 null。
DEBT-CN-511800-2019-PREFECTURE,CN-511800,2019,2019-12-31,prefecture_whole,,,,,,136.00,secondary_debt,SRC-CITY-PANEL-1990-2023;SRC-SECONDARY-CEIC-CN-511800,D,needs_review,true,法定债务四个分项保持独立；缺失值保留 null。
DEBT-CN-511900-2019-PREFECTURE,CN-511900,2019,2019-12-31,prefecture_whole,,,,,,468.00,secondary_debt,SRC-CITY-PANEL-1990-2023;SRC-SECONDARY-CEIC-CN-511900,D,needs_review,true,法定债务四个分项保持独立；缺失值保留 null。
DEBT-CN-512000-2019-PREFECTURE,CN-512000,2019,2019-12-31,prefecture_whole,,,,,,,provisional,SRC-CITY-PANEL-1990-2023,D,missing,false,法定债务四个分项保持独立；缺失值保留 null。
DEBT-CN-513200-2019-PREFECTURE,CN-513200,2019,2019-12-31,prefecture_whole,,,,,,,not_collected,,,missing,false,法定债务四个分项保持独立；缺失值保留 null。
DEBT-CN-513300-2019-PREFECTURE,CN-513300,2019,2019-12-31,prefecture_whole,,,,,,,not_collected,,,missing,false,法定债务四个分项保持独立；缺失值保留 null。
DEBT-CN-513400-2019-PREFECTURE,CN-513400,2019,2019-12-31,prefecture_whole,,,,,,,not_collected,,,missing,false,法定债务四个分项保持独立；缺失值保留 null。
DEBT-CN-520100-2019-PREFECTURE,CN-520100,2019,2019-12-31,prefecture_whole,405.97,378.62,1873.09,1810.23,2279.06,2188.84,official_debt,SRC-CITY-PANEL-1990-2023;SRC-PROVINCE-DEBT-GUIZHOU-2019,A1,extracted,true,法定债务四个分项保持独立；缺失值保留 null。
DEBT-CN-520200-2019-PREFECTURE,CN-520200,2019,2019-12-31,prefecture_whole,494.62,485.54,86.23,86.11,580.85,571.66,official_debt,SRC-CITY-PANEL-1990-2023;SRC-PROVINCE-DEBT-GUIZHOU-2019,A1,extracted,true,法定债务四个分项保持独立；缺失值保留 null。
DEBT-CN-520300-2019-PREFECTURE,CN-520300,2019,2019-12-31,prefecture_whole,1109.52,1070.66,394.86,387.64,1504.38,1458.30,official_debt,SRC-CITY-PANEL-1990-2023;SRC-PROVINCE-DEBT-GUIZHOU-2019,A1,extracted,true,法定债务四个分项保持独立；缺失值保留 null。
DEBT-CN-520400-2019-PREFECTURE,CN-520400,2019,2019-12-31,prefecture_whole,323.73,289.91,180.34,179.04,504.07,468.95,official_debt,SRC-CITY-PANEL-1990-2023;SRC-PROVINCE-DEBT-GUIZHOU-2019,A1,extracted,true,法定债务四个分项保持独立；缺失值保留 null。
DEBT-CN-520500-2019-PREFECTURE,CN-520500,2019,2019-12-31,prefecture_whole,730.83,705.53,223.69,220.57,954.52,926.10,official_debt,SRC-CITY-PANEL-1990-2023;SRC-PROVINCE-DEBT-GUIZHOU-2019,A1,extracted,true,法定债务四个分项保持独立；缺失值保留 null。
DEBT-CN-520600-2019-PREFECTURE,CN-520600,2019,2019-12-31,prefecture_whole,534.69,528.01,154.79,154.59,689.48,682.60,official_debt,SRC-CITY-PANEL-1990-2023;SRC-PROVINCE-DEBT-GUIZHOU-2019,A1,extracted,true,法定债务四个分项保持独立；缺失值保留 null。
DEBT-CN-522300-2019-PREFECTURE,CN-522300,2019,2019-12-31,prefecture_whole,380.41,376.22,118.11,117.15,498.52,493.37,official_debt,SRC-PROVINCE-DEBT-GUIZHOU-2019,A1,extracted,true,法定债务四个分项保持独立；缺失值保留 null。
DEBT-CN-522600-2019-PREFECTURE,CN-522600,2019,2019-12-31,prefecture_whole,357.21,345.11,165.28,159.03,522.49,504.14,official_debt,SRC-PROVINCE-DEBT-GUIZHOU-2019,A1,extracted,true,法定债务四个分项保持独立；缺失值保留 null。
DEBT-CN-522700-2019-PREFECTURE,CN-522700,2019,2019-12-31,prefecture_whole,506.98,493.12,405.04,388.08,912.03,881.20,official_debt,SRC-PROVINCE-DEBT-GUIZHOU-2019,A1,extracted,true,法定债务四个分项保持独立；缺失值保留 null。
DEBT-CN-530100-2019-PREFECTURE,CN-530100,2019,2019-12-31,prefecture_whole,,,,,,,provisional,SRC-CITY-PANEL-1990-2023,D,missing,false,法定债务四个分项保持独立；缺失值保留 null。
DEBT-CN-530300-2019-PREFECTURE,CN-530300,2019,2019-12-31,prefecture_whole,,,,,,362.00,secondary_debt,SRC-CITY-PANEL-1990-2023;SRC-SECONDARY-CEIC-CN-530300,D,needs_review,true,法定债务四个分项保持独立；缺失值保留 null。
DEBT-CN-530400-2019-PREFECTURE,CN-530400,2019,2019-12-31,prefecture_whole,,,,,,,provisional,SRC-CITY-PANEL-1990-2023,D,missing,false,法定债务四个分项保持独立；缺失值保留 null。
DEBT-CN-530500-2019-PREFECTURE,CN-530500,2019,2019-12-31,prefecture_whole,,,,,,318.50,secondary_debt,SRC-CITY-PANEL-1990-2023;SRC-SECONDARY-CEIC-CN-530500,D,needs_review,true,法定债务四个分项保持独立；缺失值保留 null。
DEBT-CN-530600-2019-PREFECTURE,CN-530600,2019,2019-12-31,prefecture_whole,,,,,,493.60,secondary_debt,SRC-CITY-PANEL-1990-2023;SRC-SECONDARY-CEIC-CN-530600,D,needs_review,true,法定债务四个分项保持独立；缺失值保留 null。
DEBT-CN-530700-2019-PREFECTURE,CN-530700,2019,2019-12-31,prefecture_whole,,,,,,,provisional,SRC-CITY-PANEL-1990-2023,D,missing,false,法定债务四个分项保持独立；缺失值保留 null。
DEBT-CN-530800-2019-PREFECTURE,CN-530800,2019,2019-12-31,prefecture_whole,,,,,,,provisional,SRC-CITY-PANEL-1990-2023,D,missing,false,法定债务四个分项保持独立；缺失值保留 null。
DEBT-CN-530900-2019-PREFECTURE,CN-530900,2019,2019-12-31,prefecture_whole,,,,,,,provisional,SRC-CITY-PANEL-1990-2023,D,missing,false,法定债务四个分项保持独立；缺失值保留 null。
DEBT-CN-532300-2019-PREFECTURE,CN-532300,2019,2019-12-31,prefecture_whole,,151.47,,133.27,,284.74,official_debt,SRC-OFFICIAL-DEBT-YUNNAN-CHUXIONG-2019,A2,extracted,true,法定债务四个分项保持独立；缺失值保留 null。
DEBT-CN-532500-2019-PREFECTURE,CN-532500,2019,2019-12-31,prefecture_whole,,,,,,,not_collected,,,missing,false,法定债务四个分项保持独立；缺失值保留 null。
DEBT-CN-532600-2019-PREFECTURE,CN-532600,2019,2019-12-31,prefecture_whole,,,,,,,not_collected,,,missing,false,法定债务四个分项保持独立；缺失值保留 null。
DEBT-CN-532800-2019-PREFECTURE,CN-532800,2019,2019-12-31,prefecture_whole,,,,,,,not_collected,,,missing,false,法定债务四个分项保持独立；缺失值保留 null。
DEBT-CN-532900-2019-PREFECTURE,CN-532900,2019,2019-12-31,prefecture_whole,,,,,,,not_collected,,,missing,false,法定债务四个分项保持独立；缺失值保留 null。
DEBT-CN-533100-2019-PREFECTURE,CN-533100,2019,2019-12-31,prefecture_whole,,,,,,,not_collected,,,missing,false,法定债务四个分项保持独立；缺失值保留 null。
DEBT-CN-533300-2019-PREFECTURE,CN-533300,2019,2019-12-31,prefecture_whole,,,,,,,not_collected,,,missing,false,法定债务四个分项保持独立；缺失值保留 null。
DEBT-CN-533400-2019-PREFECTURE,CN-533400,2019,2019-12-31,prefecture_whole,,,,,,,not_collected,,,missing,false,法定债务四个分项保持独立；缺失值保留 null。
DEBT-CN-540100-2019-PREFECTURE,CN-540100,2019,2019-12-31,prefecture_whole,,,,,,,provisional,SRC-CITY-PANEL-1990-2023,D,missing,false,法定债务四个分项保持独立；缺失值保留 null。
DEBT-CN-540200-2019-PREFECTURE,CN-540200,2019,2019-12-31,prefecture_whole,,,,,,,provisional,SRC-CITY-PANEL-1990-2023,D,missing,false,法定债务四个分项保持独立；缺失值保留 null。
DEBT-CN-540300-2019-PREFECTURE,CN-540300,2019,2019-12-31,prefecture_whole,,,,,,,provisional,SRC-CITY-PANEL-1990-2023,D,missing,false,法定债务四个分项保持独立；缺失值保留 null。
DEBT-CN-540400-2019-PREFECTURE,CN-540400,2019,2019-12-31,prefecture_whole,,,,,,,provisional,SRC-CITY-PANEL-1990-2023,D,missing,false,法定债务四个分项保持独立；缺失值保留 null。
DEBT-CN-540500-2019-PREFECTURE,CN-540500,2019,2019-12-31,prefecture_whole,,,,,,,provisional,SRC-CITY-PANEL-1990-2023,D,missing,false,法定债务四个分项保持独立；缺失值保留 null。
DEBT-CN-540600-2019-PREFECTURE,CN-540600,2019,2019-12-31,prefecture_whole,,,,,,,provisional,SRC-CITY-PANEL-1990-2023,D,missing,false,法定债务四个分项保持独立；缺失值保留 null。
DEBT-CN-542500-2019-PREFECTURE,CN-542500,2019,2019-12-31,prefecture_whole,,,,,,,not_collected,,,missing,false,法定债务四个分项保持独立；缺失值保留 null。
DEBT-CN-610100-2019-PREFECTURE,CN-610100,2019,2019-12-31,prefecture_whole,,,,,,,provisional,SRC-CITY-PANEL-1990-2023,D,missing,false,法定债务四个分项保持独立；缺失值保留 null。
DEBT-CN-610200-2019-PREFECTURE,CN-610200,2019,2019-12-31,prefecture_whole,,,,,,134.71,secondary_debt,SRC-CITY-PANEL-1990-2023;SRC-SECONDARY-CEIC-CN-610200,D,needs_review,true,法定债务四个分项保持独立；缺失值保留 null。
DEBT-CN-610300-2019-PREFECTURE,CN-610300,2019,2019-12-31,prefecture_whole,,,,,,,provisional,SRC-CITY-PANEL-1990-2023,D,missing,false,法定债务四个分项保持独立；缺失值保留 null。
DEBT-CN-610400-2019-PREFECTURE,CN-610400,2019,2019-12-31,prefecture_whole,,,,,,,provisional,SRC-CITY-PANEL-1990-2023,D,missing,false,法定债务四个分项保持独立；缺失值保留 null。
DEBT-CN-610500-2019-PREFECTURE,CN-610500,2019,2019-12-31,prefecture_whole,,,,,,,provisional,SRC-CITY-PANEL-1990-2023,D,missing,false,法定债务四个分项保持独立；缺失值保留 null。
DEBT-CN-610600-2019-PREFECTURE,CN-610600,2019,2019-12-31,prefecture_whole,,,,,,,provisional,SRC-CITY-PANEL-1990-2023,D,missing,false,法定债务四个分项保持独立；缺失值保留 null。
DEBT-CN-610700-2019-PREFECTURE,CN-610700,2019,2019-12-31,prefecture_whole,,,,,,,provisional,SRC-CITY-PANEL-1990-2023,D,missing,false,法定债务四个分项保持独立；缺失值保留 null。
DEBT-CN-610800-2019-PREFECTURE,CN-610800,2019,2019-12-31,prefecture_whole,,,,,,430.67,secondary_debt,SRC-CITY-PANEL-1990-2023;SRC-SECONDARY-CEIC-CN-610800,D,needs_review,true,法定债务四个分项保持独立；缺失值保留 null。
DEBT-CN-610900-2019-PREFECTURE,CN-610900,2019,2019-12-31,prefecture_whole,,,,,,373.02,secondary_debt,SRC-CITY-PANEL-1990-2023;SRC-SECONDARY-CEIC-CN-610900,D,needs_review,true,法定债务四个分项保持独立；缺失值保留 null。
DEBT-CN-611000-2019-PREFECTURE,CN-611000,2019,2019-12-31,prefecture_whole,,,,,,,provisional,SRC-CITY-PANEL-1990-2023,D,missing,false,法定债务四个分项保持独立；缺失值保留 null。
DEBT-CN-620100-2019-PREFECTURE,CN-620100,2019,2019-12-31,prefecture_whole,,,,,,546.22,secondary_debt,SRC-CITY-PANEL-1990-2023;SRC-SECONDARY-CEIC-CN-620100,D,needs_review,true,法定债务四个分项保持独立；缺失值保留 null。
DEBT-CN-620200-2019-PREFECTURE,CN-620200,2019,2019-12-31,prefecture_whole,,,,,,39.44,secondary_debt,SRC-CITY-PANEL-1990-2023;SRC-SECONDARY-CEIC-CN-620200,D,needs_review,true,法定债务四个分项保持独立；缺失值保留 null。
DEBT-CN-620300-2019-PREFECTURE,CN-620300,2019,2019-12-31,prefecture_whole,,,,,,,provisional,SRC-CITY-PANEL-1990-2023,D,missing,false,法定债务四个分项保持独立；缺失值保留 null。
DEBT-CN-620400-2019-PREFECTURE,CN-620400,2019,2019-12-31,prefecture_whole,,,,,,156.69,secondary_debt,SRC-CITY-PANEL-1990-2023;SRC-SECONDARY-CEIC-CN-620400,D,needs_review,true,法定债务四个分项保持独立；缺失值保留 null。
DEBT-CN-620500-2019-PREFECTURE,CN-620500,2019,2019-12-31,prefecture_whole,,,,,,,provisional,SRC-CITY-PANEL-1990-2023,D,missing,false,法定债务四个分项保持独立；缺失值保留 null。
DEBT-CN-620600-2019-PREFECTURE,CN-620600,2019,2019-12-31,prefecture_whole,,,,,,131.33,secondary_debt,SRC-CITY-PANEL-1990-2023;SRC-SECONDARY-CEIC-CN-620600,D,needs_review,true,法定债务四个分项保持独立；缺失值保留 null。
DEBT-CN-620700-2019-PREFECTURE,CN-620700,2019,2019-12-31,prefecture_whole,,,,,,124.49,secondary_debt,SRC-CITY-PANEL-1990-2023;SRC-SECONDARY-CEIC-CN-620700,D,needs_review,true,法定债务四个分项保持独立；缺失值保留 null。
DEBT-CN-620800-2019-PREFECTURE,CN-620800,2019,2019-12-31,prefecture_whole,,,,,,,provisional,SRC-CITY-PANEL-1990-2023,D,missing,false,法定债务四个分项保持独立；缺失值保留 null。
DEBT-CN-620900-2019-PREFECTURE,CN-620900,2019,2019-12-31,prefecture_whole,,,,,,,provisional,SRC-CITY-PANEL-1990-2023,D,missing,false,法定债务四个分项保持独立；缺失值保留 null。
DEBT-CN-621000-2019-PREFECTURE,CN-621000,2019,2019-12-31,prefecture_whole,,,,,,211.25,secondary_debt,SRC-CITY-PANEL-1990-2023;SRC-SECONDARY-CEIC-CN-621000,D,needs_review,true,法定债务四个分项保持独立；缺失值保留 null。
DEBT-CN-621100-2019-PREFECTURE,CN-621100,2019,2019-12-31,prefecture_whole,,,,,,143.73,secondary_debt,SRC-CITY-PANEL-1990-2023;SRC-SECONDARY-CEIC-CN-621100,D,needs_review,true,法定债务四个分项保持独立；缺失值保留 null。
DEBT-CN-621200-2019-PREFECTURE,CN-621200,2019,2019-12-31,prefecture_whole,,,,,,113.45,secondary_debt,SRC-CITY-PANEL-1990-2023;SRC-SECONDARY-CEIC-CN-621200,D,needs_review,true,法定债务四个分项保持独立；缺失值保留 null。
DEBT-CN-622900-2019-PREFECTURE,CN-622900,2019,2019-12-31,prefecture_whole,,,,,,,not_collected,,,missing,false,法定债务四个分项保持独立；缺失值保留 null。
DEBT-CN-623000-2019-PREFECTURE,CN-623000,2019,2019-12-31,prefecture_whole,,,,,,,not_collected,,,missing,false,法定债务四个分项保持独立；缺失值保留 null。
DEBT-CN-630100-2019-PREFECTURE,CN-630100,2019,2019-12-31,prefecture_whole,203.00,172.55,197.30,184.53,400.30,357.08,official_debt,SRC-CITY-PANEL-1990-2023;SRC-PROVINCE-DEBT-QINGHAI-2019,A1,extracted,true,法定债务四个分项保持独立；缺失值保留 null。
DEBT-CN-630200-2019-PREFECTURE,CN-630200,2019,2019-12-31,prefecture_whole,106.10,85.20,77.80,61.44,183.90,146.64,official_debt,SRC-CITY-PANEL-1990-2023;SRC-PROVINCE-DEBT-QINGHAI-2019,A1,extracted,true,法定债务四个分项保持独立；缺失值保留 null。
DEBT-CN-632200-2019-PREFECTURE,CN-632200,2019,2019-12-31,prefecture_whole,19.40,17.83,5.00,5.00,24.40,22.83,official_debt,SRC-PROVINCE-DEBT-QINGHAI-2019,A1,extracted,true,法定债务四个分项保持独立；缺失值保留 null。
DEBT-CN-632300-2019-PREFECTURE,CN-632300,2019,2019-12-31,prefecture_whole,14.00,12.71,6.00,6.00,20.00,18.71,official_debt,SRC-PROVINCE-DEBT-QINGHAI-2019,A1,extracted,true,法定债务四个分项保持独立；缺失值保留 null。
DEBT-CN-632500-2019-PREFECTURE,CN-632500,2019,2019-12-31,prefecture_whole,19.90,17.35,6.20,4.23,26.10,21.58,official_debt,SRC-CITY-PANEL-1990-2023;SRC-PROVINCE-DEBT-QINGHAI-2019,A1,extracted,true,法定债务四个分项保持独立；缺失值保留 null。
DEBT-CN-632600-2019-PREFECTURE,CN-632600,2019,2019-12-31,prefecture_whole,9.80,8.56,2.50,2.50,12.30,11.06,official_debt,SRC-PROVINCE-DEBT-QINGHAI-2019,A1,extracted,true,法定债务四个分项保持独立；缺失值保留 null。
DEBT-CN-632700-2019-PREFECTURE,CN-632700,2019,2019-12-31,prefecture_whole,12.10,11.93,1.00,1.00,13.10,12.93,official_debt,SRC-PROVINCE-DEBT-QINGHAI-2019,A1,extracted,true,法定债务四个分项保持独立；缺失值保留 null。
DEBT-CN-632800-2019-PREFECTURE,CN-632800,2019,2019-12-31,prefecture_whole,120.10,102.01,43.10,38.20,163.20,140.21,official_debt,SRC-PROVINCE-DEBT-QINGHAI-2019,A1,extracted,true,法定债务四个分项保持独立；缺失值保留 null。
DEBT-CN-640100-2019-PREFECTURE,CN-640100,2019,2019-12-31,prefecture_whole,236.10,189.99,129.70,116.80,365.70,306.78,official_debt,SRC-CITY-PANEL-1990-2023;SRC-PROVINCE-DEBT-NINGXIA-2019,A1,extracted,true,法定债务四个分项保持独立；缺失值保留 null。
DEBT-CN-640200-2019-PREFECTURE,CN-640200,2019,2019-12-31,prefecture_whole,74.90,64.56,12.70,11.88,87.60,76.44,official_debt,SRC-CITY-PANEL-1990-2023;SRC-PROVINCE-DEBT-NINGXIA-2019,A1,extracted,true,法定债务四个分项保持独立；缺失值保留 null。
DEBT-CN-640300-2019-PREFECTURE,CN-640300,2019,2019-12-31,prefecture_whole,63.00,54.39,30.60,27.24,93.70,81.63,official_debt,SRC-CITY-PANEL-1990-2023;SRC-PROVINCE-DEBT-NINGXIA-2019,A1,extracted,true,法定债务四个分项保持独立；缺失值保留 null。
DEBT-CN-640400-2019-PREFECTURE,CN-640400,2019,2019-12-31,prefecture_whole,61.30,59.12,20.70,14.40,82.00,73.53,official_debt,SRC-CITY-PANEL-1990-2023;SRC-PROVINCE-DEBT-NINGXIA-2019,A1,extracted,true,法定债务四个分项保持独立；缺失值保留 null。
DEBT-CN-640500-2019-PREFECTURE,CN-640500,2019,2019-12-31,prefecture_whole,83.00,70.06,18.10,15.72,101.10,85.78,official_debt,SRC-CITY-PANEL-1990-2023;SRC-PROVINCE-DEBT-NINGXIA-2019,A1,extracted,true,法定债务四个分项保持独立；缺失值保留 null。
DEBT-CN-650100-2019-PREFECTURE,CN-650100,2019,2019-12-31,prefecture_whole,442.97,420.78,779.92,677.27,1222.89,1098.05,official_debt,SRC-CITY-PANEL-1990-2023;SRC-PROVINCE-DEBT-XINJIANG-2019,A1,extracted,true,法定债务四个分项保持独立；缺失值保留 null。
DEBT-CN-650200-2019-PREFECTURE,CN-650200,2019,2019-12-31,prefecture_whole,168.30,159.60,25.90,24.90,194.20,184.50,official_debt,SRC-CITY-PANEL-1990-2023;SRC-PROVINCE-DEBT-XINJIANG-2019,A1,extracted,true,法定债务四个分项保持独立；缺失值保留 null。
DEBT-CN-650400-2019-PREFECTURE,CN-650400,2019,2019-12-31,prefecture_whole,70.82,62.91,41.20,40.12,112.02,103.04,official_debt,SRC-CITY-PANEL-1990-2023;SRC-PROVINCE-DEBT-XINJIANG-2019,A1,extracted,true,法定债务四个分项保持独立；缺失值保留 null。
DEBT-CN-650500-2019-PREFECTURE,CN-650500,2019,2019-12-31,prefecture_whole,126.19,111.70,44.60,43.41,170.79,155.11,official_debt,SRC-CITY-PANEL-1990-2023;SRC-PROVINCE-DEBT-XINJIANG-2019,A1,extracted,true,法定债务四个分项保持独立；缺失值保留 null。
DEBT-CN-652300-2019-PREFECTURE,CN-652300,2019,2019-12-31,prefecture_whole,191.76,168.83,96.90,94.30,288.66,263.14,official_debt,SRC-PROVINCE-DEBT-XINJIANG-2019,A1,extracted,true,法定债务四个分项保持独立；缺失值保留 null。
DEBT-CN-652700-2019-PREFECTURE,CN-652700,2019,2019-12-31,prefecture_whole,99.71,97.77,44.20,42.92,143.91,140.69,official_debt,SRC-PROVINCE-DEBT-XINJIANG-2019,A1,extracted,true,法定债务四个分项保持独立；缺失值保留 null。
DEBT-CN-652800-2019-PREFECTURE,CN-652800,2019,2019-12-31,prefecture_whole,156.24,140.57,104.78,95.74,261.02,236.31,official_debt,SRC-PROVINCE-DEBT-XINJIANG-2019,A1,extracted,true,法定债务四个分项保持独立；缺失值保留 null。
DEBT-CN-652900-2019-PREFECTURE,CN-652900,2019,2019-12-31,prefecture_whole,189.44,172.92,54.00,50.63,243.44,223.55,official_debt,SRC-PROVINCE-DEBT-XINJIANG-2019,A1,extracted,true,法定债务四个分项保持独立；缺失值保留 null。
DEBT-CN-653000-2019-PREFECTURE,CN-653000,2019,2019-12-31,prefecture_whole,94.74,92.19,8.00,8.00,102.74,100.19,official_debt,SRC-PROVINCE-DEBT-XINJIANG-2019,A1,extracted,true,法定债务四个分项保持独立；缺失值保留 null。
DEBT-CN-653100-2019-PREFECTURE,CN-653100,2019,2019-12-31,prefecture_whole,204.84,176.69,43.00,36.59,247.84,213.28,official_debt,SRC-PROVINCE-DEBT-XINJIANG-2019,A1,extracted,true,法定债务四个分项保持独立；缺失值保留 null。
DEBT-CN-653200-2019-PREFECTURE,CN-653200,2019,2019-12-31,prefecture_whole,165.75,155.97,20.30,17.69,186.05,173.66,official_debt,SRC-PROVINCE-DEBT-XINJIANG-2019,A1,extracted,true,法定债务四个分项保持独立；缺失值保留 null。
DEBT-CN-654000-2019-PREFECTURE,CN-654000,2019,2019-12-31,prefecture_whole,193.76,177.10,123.41,94.89,317.17,271.99,official_debt,SRC-PROVINCE-DEBT-XINJIANG-2019,A1,extracted,true,法定债务四个分项保持独立；缺失值保留 null。
DEBT-CN-654200-2019-PREFECTURE,CN-654200,2019,2019-12-31,prefecture_whole,144.51,122.52,49.40,44.11,193.91,166.63,official_debt,SRC-PROVINCE-DEBT-XINJIANG-2019,A1,extracted,true,法定债务四个分项保持独立；缺失值保留 null。
DEBT-CN-654300-2019-PREFECTURE,CN-654300,2019,2019-12-31,prefecture_whole,127.38,119.29,23.90,23.58,151.28,142.88,official_debt,SRC-PROVINCE-DEBT-XINJIANG-2019,A1,extracted,true,法定债务四个分项保持独立；缺失值保留 null。
DEBT-CN-659000-2019-PREFECTURE,CN-659000,2019,2019-12-31,prefecture_whole,,,,,,,not_collected,,,missing,false,法定债务四个分项保持独立；缺失值保留 null。
DEBT-CN-110000-2020-PREFECTURE,CN-110000,2020,2020-12-31,prefecture_whole,,,,,,,provisional,SRC-CITY-PANEL-1990-2023,D,missing,false,法定债务四个分项保持独立；缺失值保留 null。
DEBT-CN-120000-2020-PREFECTURE,CN-120000,2020,2020-12-31,prefecture_whole,1883.80,1705.90,4957.30,4662.30,6841.10,6368.20,official_debt,SRC-CITY-PANEL-1990-2023;SRC-PROVINCE-DEBT-TIANJIN-2020,A1,extracted,true,法定债务四个分项保持独立；缺失值保留 null。
DEBT-CN-130100-2020-PREFECTURE,CN-130100,2020,2020-12-31,prefecture_whole,,,,,,,provisional,SRC-CITY-PANEL-1990-2023,D,missing,false,法定债务四个分项保持独立；缺失值保留 null。
DEBT-CN-130200-2020-PREFECTURE,CN-130200,2020,2020-12-31,prefecture_whole,,,,,,,provisional,SRC-CITY-PANEL-1990-2023,D,missing,false,法定债务四个分项保持独立；缺失值保留 null。
DEBT-CN-130300-2020-PREFECTURE,CN-130300,2020,2020-12-31,prefecture_whole,,,,,,,provisional,SRC-CITY-PANEL-1990-2023,D,missing,false,法定债务四个分项保持独立；缺失值保留 null。
DEBT-CN-130400-2020-PREFECTURE,CN-130400,2020,2020-12-31,prefecture_whole,,,,,,,provisional,SRC-CITY-PANEL-1990-2023,D,missing,false,法定债务四个分项保持独立；缺失值保留 null。
DEBT-CN-130500-2020-PREFECTURE,CN-130500,2020,2020-12-31,prefecture_whole,,,,,,,provisional,SRC-CITY-PANEL-1990-2023,D,missing,false,法定债务四个分项保持独立；缺失值保留 null。
DEBT-CN-130600-2020-PREFECTURE,CN-130600,2020,2020-12-31,prefecture_whole,,,,,,706.84,secondary_debt,SRC-CITY-PANEL-1990-2023;SRC-SECONDARY-DEBT-HEBEI-BAODING-2020,B2,needs_review,true,法定债务四个分项保持独立；缺失值保留 null。
DEBT-CN-130700-2020-PREFECTURE,CN-130700,2020,2020-12-31,prefecture_whole,,,,,,,provisional,SRC-CITY-PANEL-1990-2023,D,missing,false,法定债务四个分项保持独立；缺失值保留 null。
DEBT-CN-130800-2020-PREFECTURE,CN-130800,2020,2020-12-31,prefecture_whole,,373.86,,244.20,,618.07,official_debt,SRC-CITY-PANEL-1990-2023;SRC-OFFICIAL-DEBT-HEBEI-CHENGDE-2020,A2,extracted,true,法定债务四个分项保持独立；缺失值保留 null。
DEBT-CN-130900-2020-PREFECTURE,CN-130900,2020,2020-12-31,prefecture_whole,,,,,,,provisional,SRC-CITY-PANEL-1990-2023,D,missing,false,法定债务四个分项保持独立；缺失值保留 null。
DEBT-CN-131000-2020-PREFECTURE,CN-131000,2020,2020-12-31,prefecture_whole,,,,,,,provisional,SRC-CITY-PANEL-1990-2023,D,missing,false,法定债务四个分项保持独立；缺失值保留 null。
DEBT-CN-131100-2020-PREFECTURE,CN-131100,2020,2020-12-31,prefecture_whole,,,,,,,provisional,SRC-CITY-PANEL-1990-2023,D,missing,false,法定债务四个分项保持独立；缺失值保留 null。
DEBT-CN-140100-2020-PREFECTURE,CN-140100,2020,2020-12-31,prefecture_whole,,,,,,,provisional,SRC-CITY-PANEL-1990-2023,D,missing,false,法定债务四个分项保持独立；缺失值保留 null。
DEBT-CN-140200-2020-PREFECTURE,CN-140200,2020,2020-12-31,prefecture_whole,,,,,,,provisional,SRC-CITY-PANEL-1990-2023,D,missing,false,法定债务四个分项保持独立；缺失值保留 null。
DEBT-CN-140300-2020-PREFECTURE,CN-140300,2020,2020-12-31,prefecture_whole,,,,,,,provisional,SRC-CITY-PANEL-1990-2023,D,missing,false,法定债务四个分项保持独立；缺失值保留 null。
DEBT-CN-140400-2020-PREFECTURE,CN-140400,2020,2020-12-31,prefecture_whole,,,,,,,provisional,SRC-CITY-PANEL-1990-2023,D,missing,false,法定债务四个分项保持独立；缺失值保留 null。
DEBT-CN-140500-2020-PREFECTURE,CN-140500,2020,2020-12-31,prefecture_whole,,,,,,,provisional,SRC-CITY-PANEL-1990-2023,D,missing,false,法定债务四个分项保持独立；缺失值保留 null。
DEBT-CN-140600-2020-PREFECTURE,CN-140600,2020,2020-12-31,prefecture_whole,,,,,,,provisional,SRC-CITY-PANEL-1990-2023,D,missing,false,法定债务四个分项保持独立；缺失值保留 null。
DEBT-CN-140700-2020-PREFECTURE,CN-140700,2020,2020-12-31,prefecture_whole,,,,,,,provisional,SRC-CITY-PANEL-1990-2023,D,missing,false,法定债务四个分项保持独立；缺失值保留 null。
DEBT-CN-140800-2020-PREFECTURE,CN-140800,2020,2020-12-31,prefecture_whole,,,,,,,provisional,SRC-CITY-PANEL-1990-2023,D,missing,false,法定债务四个分项保持独立；缺失值保留 null。
DEBT-CN-140900-2020-PREFECTURE,CN-140900,2020,2020-12-31,prefecture_whole,,,,,,,provisional,SRC-CITY-PANEL-1990-2023,D,missing,false,法定债务四个分项保持独立；缺失值保留 null。
DEBT-CN-141000-2020-PREFECTURE,CN-141000,2020,2020-12-31,prefecture_whole,,,,,,,provisional,SRC-CITY-PANEL-1990-2023,D,missing,false,法定债务四个分项保持独立；缺失值保留 null。
DEBT-CN-141100-2020-PREFECTURE,CN-141100,2020,2020-12-31,prefecture_whole,,,,,,,provisional,SRC-CITY-PANEL-1990-2023,D,missing,false,法定债务四个分项保持独立；缺失值保留 null。
DEBT-CN-150100-2020-PREFECTURE,CN-150100,2020,2020-12-31,prefecture_whole,,,,,,960.40,secondary_debt,SRC-CITY-PANEL-1990-2023;SRC-SECONDARY-CEIC-CN-150100,D,needs_review,true,法定债务四个分项保持独立；缺失值保留 null。
DEBT-CN-150200-2020-PREFECTURE,CN-150200,2020,2020-12-31,prefecture_whole,,,,,,,provisional,SRC-CITY-PANEL-1990-2023,D,missing,false,法定债务四个分项保持独立；缺失值保留 null。
DEBT-CN-150300-2020-PREFECTURE,CN-150300,2020,2020-12-31,prefecture_whole,,,,,,228.58,secondary_debt,SRC-CITY-PANEL-1990-2023;SRC-SECONDARY-CEIC-CN-150300,D,needs_review,true,法定债务四个分项保持独立；缺失值保留 null。
DEBT-CN-150400-2020-PREFECTURE,CN-150400,2020,2020-12-31,prefecture_whole,,,,,,500.44,secondary_debt,SRC-CITY-PANEL-1990-2023;SRC-SECONDARY-CEIC-CN-150400,D,needs_review,true,法定债务四个分项保持独立；缺失值保留 null。
DEBT-CN-150500-2020-PREFECTURE,CN-150500,2020,2020-12-31,prefecture_whole,422.80,420.29,117.70,115.33,540.50,535.62,official_debt,SRC-CITY-PANEL-1990-2023;SRC-OFFICIAL-DEBT-INNER-MONGOLIA-TONGLIAO-2020,A2,extracted,true,法定债务四个分项保持独立；缺失值保留 null。
DEBT-CN-150600-2020-PREFECTURE,CN-150600,2020,2020-12-31,prefecture_whole,1505.30,1481.41,150.00,141.91,1655.30,1623.32,official_debt,SRC-CITY-PANEL-1990-2023;SRC-OFFICIAL-DEBT-INNER-MONGOLIA-ORDOS-2020,A2,extracted,true,法定债务四个分项保持独立；缺失值保留 null。
DEBT-CN-150700-2020-PREFECTURE,CN-150700,2020,2020-12-31,prefecture_whole,,,,,,501.90,secondary_debt,SRC-CITY-PANEL-1990-2023;SRC-SECONDARY-CEIC-CN-150700,D,needs_review,true,法定债务四个分项保持独立；缺失值保留 null。
DEBT-CN-150800-2020-PREFECTURE,CN-150800,2020,2020-12-31,prefecture_whole,313.37,284.21,137.75,129.84,451.12,414.05,official_debt,SRC-CITY-PANEL-1990-2023;SRC-OFFICIAL-DEBT-INNER-MONGOLIA-BAYANNUR-2020,A2,extracted,true,法定债务四个分项保持独立；缺失值保留 null。
DEBT-CN-150900-2020-PREFECTURE,CN-150900,2020,2020-12-31,prefecture_whole,533.26,510.38,184.55,172.64,717.81,683.02,official_debt,SRC-CITY-PANEL-1990-2023;SRC-OFFICIAL-DEBT-INNER-MONGOLIA-ULANQAB-2020,A2,extracted,true,法定债务四个分项保持独立；缺失值保留 null。
DEBT-CN-152200-2020-PREFECTURE,CN-152200,2020,2020-12-31,prefecture_whole,236.40,235.98,98.00,97.76,334.40,333.74,official_debt,SRC-OFFICIAL-DEBT-INNER-MONGOLIA-XINGAN-2020,A2,extracted,true,法定债务四个分项保持独立；缺失值保留 null。
DEBT-CN-152500-2020-PREFECTURE,CN-152500,2020,2020-12-31,prefecture_whole,,,,,,,not_collected,,,missing,false,法定债务四个分项保持独立；缺失值保留 null。
DEBT-CN-152900-2020-PREFECTURE,CN-152900,2020,2020-12-31,prefecture_whole,156.80,155.53,86.70,86.50,243.50,242.03,official_debt,SRC-OFFICIAL-DEBT-INNER-MONGOLIA-ALXA-2020,A2,extracted,true,法定债务四个分项保持独立；缺失值保留 null。
DEBT-CN-210100-2020-PREFECTURE,CN-210100,2020,2020-12-31,prefecture_whole,,964.87,,813.43,,1778.12,official_debt,SRC-CITY-PANEL-1990-2023;SRC-OFFICIAL-DEBT-LIAONING-CITIES-2020,A2,extracted,true,法定债务四个分项保持独立；缺失值保留 null。
DEBT-CN-210200-2020-PREFECTURE,CN-210200,2020,2020-12-31,prefecture_whole,,1368.88,,695.49,,2064.37,official_debt,SRC-CITY-PANEL-1990-2023;SRC-OFFICIAL-DEBT-LIAONING-CITIES-2020,A2,extracted,true,法定债务四个分项保持独立；缺失值保留 null。
DEBT-CN-210300-2020-PREFECTURE,CN-210300,2020,2020-12-31,prefecture_whole,,459.77,,333.40,,793.17,official_debt,SRC-CITY-PANEL-1990-2023;SRC-OFFICIAL-DEBT-LIAONING-CITIES-2020,A2,extracted,true,法定债务四个分项保持独立；缺失值保留 null。
DEBT-CN-210400-2020-PREFECTURE,CN-210400,2020,2020-12-31,prefecture_whole,,336.29,,57.68,,393.97,official_debt,SRC-CITY-PANEL-1990-2023;SRC-OFFICIAL-DEBT-LIAONING-CITIES-2020,A2,extracted,true,法定债务四个分项保持独立；缺失值保留 null。
DEBT-CN-210500-2020-PREFECTURE,CN-210500,2020,2020-12-31,prefecture_whole,,209.38,,94.09,,303.47,official_debt,SRC-CITY-PANEL-1990-2023;SRC-OFFICIAL-DEBT-LIAONING-CITIES-2020,A2,extracted,true,法定债务四个分项保持独立；缺失值保留 null。
DEBT-CN-210600-2020-PREFECTURE,CN-210600,2020,2020-12-31,prefecture_whole,,275.44,,45.01,,320.45,official_debt,SRC-CITY-PANEL-1990-2023;SRC-OFFICIAL-DEBT-LIAONING-CITIES-2020,A2,extracted,true,法定债务四个分项保持独立；缺失值保留 null。
DEBT-CN-210700-2020-PREFECTURE,CN-210700,2020,2020-12-31,prefecture_whole,,342.86,,60.21,,403.07,official_debt,SRC-CITY-PANEL-1990-2023;SRC-OFFICIAL-DEBT-LIAONING-CITIES-2020,A2,extracted,true,法定债务四个分项保持独立；缺失值保留 null。
DEBT-CN-210800-2020-PREFECTURE,CN-210800,2020,2020-12-31,prefecture_whole,,723.52,,129.02,,852.54,official_debt,SRC-CITY-PANEL-1990-2023;SRC-OFFICIAL-DEBT-LIAONING-CITIES-2020,A2,extracted,true,法定债务四个分项保持独立；缺失值保留 null。
DEBT-CN-210900-2020-PREFECTURE,CN-210900,2020,2020-12-31,prefecture_whole,,123.07,,40.17,,163.24,official_debt,SRC-CITY-PANEL-1990-2023;SRC-OFFICIAL-DEBT-LIAONING-CITIES-2020,A2,extracted,true,法定债务四个分项保持独立；缺失值保留 null。
DEBT-CN-211000-2020-PREFECTURE,CN-211000,2020,2020-12-31,prefecture_whole,,255.21,,49.85,,305.06,official_debt,SRC-CITY-PANEL-1990-2023;SRC-OFFICIAL-DEBT-LIAONING-CITIES-2020,A2,extracted,true,法定债务四个分项保持独立；缺失值保留 null。
DEBT-CN-211100-2020-PREFECTURE,CN-211100,2020,2020-12-31,prefecture_whole,,584.11,,95.05,,679.16,official_debt,SRC-CITY-PANEL-1990-2023;SRC-OFFICIAL-DEBT-LIAONING-CITIES-2020,A2,extracted,true,法定债务四个分项保持独立；缺失值保留 null。
DEBT-CN-211200-2020-PREFECTURE,CN-211200,2020,2020-12-31,prefecture_whole,,161.74,,127.88,,289.62,official_debt,SRC-CITY-PANEL-1990-2023;SRC-OFFICIAL-DEBT-LIAONING-CITIES-2020,A2,extracted,true,法定债务四个分项保持独立；缺失值保留 null。
DEBT-CN-211300-2020-PREFECTURE,CN-211300,2020,2020-12-31,prefecture_whole,,131.88,,90.73,,222.61,official_debt,SRC-CITY-PANEL-1990-2023;SRC-OFFICIAL-DEBT-LIAONING-CITIES-2020,A2,extracted,true,法定债务四个分项保持独立；缺失值保留 null。
DEBT-CN-211400-2020-PREFECTURE,CN-211400,2020,2020-12-31,prefecture_whole,,338.07,,53.19,,391.26,official_debt,SRC-CITY-PANEL-1990-2023;SRC-OFFICIAL-DEBT-LIAONING-CITIES-2020,A2,extracted,true,法定债务四个分项保持独立；缺失值保留 null。
DEBT-CN-220100-2020-PREFECTURE,CN-220100,2020,2020-12-31,prefecture_whole,738.46,680.88,976.55,858.26,1715.01,1539.14,official_debt,SRC-CITY-PANEL-1990-2023;SRC-PROVINCE-DEBT-JILIN-2020,A1,extracted,true,法定债务四个分项保持独立；缺失值保留 null。
DEBT-CN-220200-2020-PREFECTURE,CN-220200,2020,2020-12-31,prefecture_whole,212.65,200.69,236.25,187.12,448.90,387.81,official_debt,SRC-CITY-PANEL-1990-2023;SRC-PROVINCE-DEBT-JILIN-2020,A1,extracted,true,法定债务四个分项保持独立；缺失值保留 null。
DEBT-CN-220300-2020-PREFECTURE,CN-220300,2020,2020-12-31,prefecture_whole,84.13,68.65,36.23,36.09,120.35,104.74,official_debt,SRC-CITY-PANEL-1990-2023;SRC-PROVINCE-DEBT-JILIN-2020,A1,extracted,true,法定债务四个分项保持独立；缺失值保留 null。
DEBT-CN-220400-2020-PREFECTURE,CN-220400,2020,2020-12-31,prefecture_whole,63.57,57.94,60.49,57.17,124.06,115.11,official_debt,SRC-CITY-PANEL-1990-2023;SRC-PROVINCE-DEBT-JILIN-2020,A1,extracted,true,法定债务四个分项保持独立；缺失值保留 null。
DEBT-CN-220500-2020-PREFECTURE,CN-220500,2020,2020-12-31,prefecture_whole,73.23,72.91,66.55,65.25,139.78,138.16,official_debt,SRC-CITY-PANEL-1990-2023;SRC-PROVINCE-DEBT-JILIN-2020,A1,extracted,true,法定债务四个分项保持独立；缺失值保留 null。
DEBT-CN-220600-2020-PREFECTURE,CN-220600,2020,2020-12-31,prefecture_whole,116.22,96.78,34.14,33.70,150.36,130.49,official_debt,SRC-CITY-PANEL-1990-2023;SRC-PROVINCE-DEBT-JILIN-2020,A1,extracted,true,法定债务四个分项保持独立；缺失值保留 null。
DEBT-CN-220700-2020-PREFECTURE,CN-220700,2020,2020-12-31,prefecture_whole,89.23,87.34,61.70,59.64,150.93,146.98,official_debt,SRC-CITY-PANEL-1990-2023;SRC-PROVINCE-DEBT-JILIN-2020,A1,extracted,true,法定债务四个分项保持独立；缺失值保留 null。
DEBT-CN-220800-2020-PREFECTURE,CN-220800,2020,2020-12-31,prefecture_whole,99.55,92.88,39.45,34.34,139.00,127.22,official_debt,SRC-CITY-PANEL-1990-2023;SRC-PROVINCE-DEBT-JILIN-2020,A1,extracted,true,法定债务四个分项保持独立；缺失值保留 null。
DEBT-CN-222400-2020-PREFECTURE,CN-222400,2020,2020-12-31,prefecture_whole,300.14,251.91,196.99,140.83,497.13,392.75,official_debt,SRC-PROVINCE-DEBT-JILIN-2020,A1,extracted,true,法定债务四个分项保持独立；缺失值保留 null。
DEBT-CN-230100-2020-PREFECTURE,CN-230100,2020,2020-12-31,prefecture_whole,1515.34,1488.23,1020.53,997.58,2535.87,2485.81,official_debt,SRC-CITY-PANEL-1990-2023;SRC-PROVINCE-DEBT-HEILONGJIANG-2020,A1,extracted,true,法定债务四个分项保持独立；缺失值保留 null。
DEBT-CN-230200-2020-PREFECTURE,CN-230200,2020,2020-12-31,prefecture_whole,240.15,236.68,72.46,66.75,312.61,303.43,official_debt,SRC-CITY-PANEL-1990-2023;SRC-PROVINCE-DEBT-HEILONGJIANG-2020,A1,extracted,true,法定债务四个分项保持独立；缺失值保留 null。
DEBT-CN-230300-2020-PREFECTURE,CN-230300,2020,2020-12-31,prefecture_whole,131.34,129.32,22.62,21.97,153.96,151.28,official_debt,SRC-CITY-PANEL-1990-2023;SRC-PROVINCE-DEBT-HEILONGJIANG-2020,A1,extracted,true,法定债务四个分项保持独立；缺失值保留 null。
DEBT-CN-230400-2020-PREFECTURE,CN-230400,2020,2020-12-31,prefecture_whole,111.08,109.61,26.98,21.68,138.06,131.29,official_debt,SRC-CITY-PANEL-1990-2023;SRC-PROVINCE-DEBT-HEILONGJIANG-2020,A1,extracted,true,法定债务四个分项保持独立；缺失值保留 null。
DEBT-CN-230500-2020-PREFECTURE,CN-230500,2020,2020-12-31,prefecture_whole,175.02,172.47,34.37,31.13,209.39,203.60,official_debt,SRC-CITY-PANEL-1990-2023;SRC-PROVINCE-DEBT-HEILONGJIANG-2020,A1,extracted,true,法定债务四个分项保持独立；缺失值保留 null。
DEBT-CN-230600-2020-PREFECTURE,CN-230600,2020,2020-12-31,prefecture_whole,193.66,190.17,90.81,80.95,284.46,271.13,official_debt,SRC-CITY-PANEL-1990-2023;SRC-PROVINCE-DEBT-HEILONGJIANG-2020,A1,extracted,true,法定债务四个分项保持独立；缺失值保留 null。
DEBT-CN-230700-2020-PREFECTURE,CN-230700,2020,2020-12-31,prefecture_whole,142.36,140.13,28.06,17.91,170.42,158.04,official_debt,SRC-CITY-PANEL-1990-2023;SRC-PROVINCE-DEBT-HEILONGJIANG-2020,A1,extracted,true,法定债务四个分项保持独立；缺失值保留 null。
DEBT-CN-230800-2020-PREFECTURE,CN-230800,2020,2020-12-31,prefecture_whole,237.16,234.12,63.83,48.02,300.98,282.14,official_debt,SRC-CITY-PANEL-1990-2023;SRC-PROVINCE-DEBT-HEILONGJIANG-2020,A1,extracted,true,法定债务四个分项保持独立；缺失值保留 null。
DEBT-CN-230900-2020-PREFECTURE,CN-230900,2020,2020-12-31,prefecture_whole,124.67,124.31,51.15,46.85,175.83,171.16,official_debt,SRC-CITY-PANEL-1990-2023;SRC-PROVINCE-DEBT-HEILONGJIANG-2020,A1,extracted,true,法定债务四个分项保持独立；缺失值保留 null。
DEBT-CN-231000-2020-PREFECTURE,CN-231000,2020,2020-12-31,prefecture_whole,282.77,277.88,82.12,64.52,364.90,342.40,official_debt,SRC-CITY-PANEL-1990-2023;SRC-PROVINCE-DEBT-HEILONGJIANG-2020,A1,extracted,true,法定债务四个分项保持独立；缺失值保留 null。
DEBT-CN-231100-2020-PREFECTURE,CN-231100,2020,2020-12-31,prefecture_whole,91.48,90.21,21.56,21.40,113.04,111.61,official_debt,SRC-CITY-PANEL-1990-2023;SRC-PROVINCE-DEBT-HEILONGJIANG-2020,A1,extracted,true,法定债务四个分项保持独立；缺失值保留 null。
DEBT-CN-231200-2020-PREFECTURE,CN-231200,2020,2020-12-31,prefecture_whole,270.24,266.44,79.54,72.47,349.78,338.91,official_debt,SRC-CITY-PANEL-1990-2023;SRC-PROVINCE-DEBT-HEILONGJIANG-2020,A1,extracted,true,法定债务四个分项保持独立；缺失值保留 null。
DEBT-CN-232700-2020-PREFECTURE,CN-232700,2020,2020-12-31,prefecture_whole,25.91,25.27,6.41,6.34,32.32,31.60,official_debt,SRC-PROVINCE-DEBT-HEILONGJIANG-2020,A1,extracted,true,法定债务四个分项保持独立；缺失值保留 null。
DEBT-CN-310000-2020-PREFECTURE,CN-310000,2020,2020-12-31,prefecture_whole,4391.50,2999.20,5331.60,3892.30,9723.10,6891.50,official_debt,SRC-CITY-PANEL-1990-2023;SRC-CITY-DEBT-SHANGHAI-2020,A1,extracted,true,法定债务四个分项保持独立；缺失值保留 null。
DEBT-CN-320100-2020-PREFECTURE,CN-320100,2020,2020-12-31,prefecture_whole,,,,,,2818.47,official_debt,SRC-CITY-PANEL-1990-2023;SRC-SECONDARY-DEBT-JIANGSU-NANJING-2020,A2,extracted,true,法定债务四个分项保持独立；缺失值保留 null。
DEBT-CN-320200-2020-PREFECTURE,CN-320200,2020,2020-12-31,prefecture_whole,,,,,,1420.84,official_debt,SRC-CITY-PANEL-1990-2023;SRC-SECONDARY-DEBT-JIANGSU-WUXI-2020,A2,extracted,true,法定债务四个分项保持独立；缺失值保留 null。
DEBT-CN-320300-2020-PREFECTURE,CN-320300,2020,2020-12-31,prefecture_whole,,,,,,1174.23,secondary_debt,SRC-CITY-PANEL-1990-2023;SRC-SECONDARY-DEBT-JIANGSU-XUZHOU-2020,B2,needs_review,true,法定债务四个分项保持独立；缺失值保留 null。
DEBT-CN-320400-2020-PREFECTURE,CN-320400,2020,2020-12-31,prefecture_whole,,,,,,1220.00,official_debt,SRC-CITY-PANEL-1990-2023;SRC-SECONDARY-DEBT-JIANGSU-CHANGZHOU-2020,A2,extracted,true,法定债务四个分项保持独立；缺失值保留 null。
DEBT-CN-320500-2020-PREFECTURE,CN-320500,2020,2020-12-31,prefecture_whole,,,,,,1532.42,official_debt,SRC-CITY-PANEL-1990-2023;SRC-SECONDARY-DEBT-JIANGSU-SUZHOU-2020,A2,extracted,true,法定债务四个分项保持独立；缺失值保留 null。
DEBT-CN-320600-2020-PREFECTURE,CN-320600,2020,2020-12-31,prefecture_whole,,,,,,1684.19,official_debt,SRC-CITY-PANEL-1990-2023;SRC-SECONDARY-DEBT-JIANGSU-NANTONG-2020,A2,extracted,true,法定债务四个分项保持独立；缺失值保留 null。
DEBT-CN-320700-2020-PREFECTURE,CN-320700,2020,2020-12-31,prefecture_whole,,,,,,614.00,official_debt,SRC-CITY-PANEL-1990-2023;SRC-SECONDARY-DEBT-JIANGSU-LIANYUNGANG-2020,A2,extracted,true,法定债务四个分项保持独立；缺失值保留 null。
DEBT-CN-320800-2020-PREFECTURE,CN-320800,2020,2020-12-31,prefecture_whole,,,,,,631.20,secondary_debt,SRC-CITY-PANEL-1990-2023;SRC-SECONDARY-DEBT-JIANGSU-HUAIAN-2020,B2,needs_review,true,法定债务四个分项保持独立；缺失值保留 null。
DEBT-CN-320900-2020-PREFECTURE,CN-320900,2020,2020-12-31,prefecture_whole,,,,,,1370.20,secondary_debt,SRC-CITY-PANEL-1990-2023;SRC-SECONDARY-DEBT-JIANGSU-YANCHENG-2020,B2,needs_review,true,法定债务四个分项保持独立；缺失值保留 null。
DEBT-CN-321000-2020-PREFECTURE,CN-321000,2020,2020-12-31,prefecture_whole,,,,,,905.63,secondary_debt,SRC-CITY-PANEL-1990-2023;SRC-SECONDARY-DEBT-JIANGSU-YANGZHOU-2020,B2,needs_review,true,法定债务四个分项保持独立；缺失值保留 null。
DEBT-CN-321100-2020-PREFECTURE,CN-321100,2020,2020-12-31,prefecture_whole,,,,,,1566.30,secondary_debt,SRC-CITY-PANEL-1990-2023;SRC-SECONDARY-DEBT-JIANGSU-ZHENJIANG-2020,B2,needs_review,true,法定债务四个分项保持独立；缺失值保留 null。
DEBT-CN-321200-2020-PREFECTURE,CN-321200,2020,2020-12-31,prefecture_whole,,,,,,844.14,secondary_debt,SRC-CITY-PANEL-1990-2023;SRC-SECONDARY-DEBT-JIANGSU-TAIZHOU-2020,B2,needs_review,true,法定债务四个分项保持独立；缺失值保留 null。
DEBT-CN-321300-2020-PREFECTURE,CN-321300,2020,2020-12-31,prefecture_whole,,,,,,794.17,secondary_debt,SRC-CITY-PANEL-1990-2023;SRC-SECONDARY-DEBT-JIANGSU-SUQIAN-2020,B2,needs_review,true,法定债务四个分项保持独立；缺失值保留 null。
DEBT-CN-330100-2020-PREFECTURE,CN-330100,2020,2020-12-31,prefecture_whole,,,,,,,provisional,SRC-CITY-PANEL-1990-2023,D,missing,false,法定债务四个分项保持独立；缺失值保留 null。
DEBT-CN-330200-2020-PREFECTURE,CN-330200,2020,2020-12-31,prefecture_whole,,1177.57,,983.91,,2161.48,official_debt,SRC-CITY-PANEL-1990-2023;SRC-CELMA-API-DEBT-3302-2020,A2,extracted,true,法定债务四个分项保持独立；缺失值保留 null。
DEBT-CN-330300-2020-PREFECTURE,CN-330300,2020,2020-12-31,prefecture_whole,,,,,,,provisional,SRC-CITY-PANEL-1990-2023,D,missing,false,法定债务四个分项保持独立；缺失值保留 null。
DEBT-CN-330400-2020-PREFECTURE,CN-330400,2020,2020-12-31,prefecture_whole,,,,,,,provisional,SRC-CITY-PANEL-1990-2023,D,missing,false,法定债务四个分项保持独立；缺失值保留 null。
DEBT-CN-330500-2020-PREFECTURE,CN-330500,2020,2020-12-31,prefecture_whole,,,,,,,provisional,SRC-CITY-PANEL-1990-2023,D,missing,false,法定债务四个分项保持独立；缺失值保留 null。
DEBT-CN-330600-2020-PREFECTURE,CN-330600,2020,2020-12-31,prefecture_whole,,,,,,,provisional,SRC-CITY-PANEL-1990-2023,D,missing,false,法定债务四个分项保持独立；缺失值保留 null。
DEBT-CN-330700-2020-PREFECTURE,CN-330700,2020,2020-12-31,prefecture_whole,,,,,,,provisional,SRC-CITY-PANEL-1990-2023,D,missing,false,法定债务四个分项保持独立；缺失值保留 null。
DEBT-CN-330800-2020-PREFECTURE,CN-330800,2020,2020-12-31,prefecture_whole,,,,,,,provisional,SRC-CITY-PANEL-1990-2023,D,missing,false,法定债务四个分项保持独立；缺失值保留 null。
DEBT-CN-330900-2020-PREFECTURE,CN-330900,2020,2020-12-31,prefecture_whole,,,,,,,provisional,SRC-CITY-PANEL-1990-2023,D,missing,false,法定债务四个分项保持独立；缺失值保留 null。
DEBT-CN-331000-2020-PREFECTURE,CN-331000,2020,2020-12-31,prefecture_whole,,,,,,,provisional,SRC-CITY-PANEL-1990-2023,D,missing,false,法定债务四个分项保持独立；缺失值保留 null。
DEBT-CN-331100-2020-PREFECTURE,CN-331100,2020,2020-12-31,prefecture_whole,,,,,,,provisional,SRC-CITY-PANEL-1990-2023,D,missing,false,法定债务四个分项保持独立；缺失值保留 null。
DEBT-CN-340100-2020-PREFECTURE,CN-340100,2020,2020-12-31,prefecture_whole,,,,,,,provisional,SRC-CITY-PANEL-1990-2023,D,missing,false,法定债务四个分项保持独立；缺失值保留 null。
DEBT-CN-340200-2020-PREFECTURE,CN-340200,2020,2020-12-31,prefecture_whole,,,,,,801.70,official_debt,SRC-CITY-PANEL-1990-2023;SRC-SECONDARY-DEBT-ANHUI-WUHU-2020,A2,extracted,true,法定债务四个分项保持独立；缺失值保留 null。
DEBT-CN-340300-2020-PREFECTURE,CN-340300,2020,2020-12-31,prefecture_whole,,,,,,455.50,secondary_debt,SRC-CITY-PANEL-1990-2023;SRC-SECONDARY-DEBT-ANHUI-BENGBU-2020,B2,needs_review,true,法定债务四个分项保持独立；缺失值保留 null。
DEBT-CN-340400-2020-PREFECTURE,CN-340400,2020,2020-12-31,prefecture_whole,,,,,,,provisional,SRC-CITY-PANEL-1990-2023,D,missing,false,法定债务四个分项保持独立；缺失值保留 null。
DEBT-CN-340500-2020-PREFECTURE,CN-340500,2020,2020-12-31,prefecture_whole,,,,,,,provisional,SRC-CITY-PANEL-1990-2023,D,missing,false,法定债务四个分项保持独立；缺失值保留 null。
DEBT-CN-340600-2020-PREFECTURE,CN-340600,2020,2020-12-31,prefecture_whole,,,,,,,provisional,SRC-CITY-PANEL-1990-2023,D,missing,false,法定债务四个分项保持独立；缺失值保留 null。
DEBT-CN-340700-2020-PREFECTURE,CN-340700,2020,2020-12-31,prefecture_whole,,,,,,,provisional,SRC-CITY-PANEL-1990-2023,D,missing,false,法定债务四个分项保持独立；缺失值保留 null。
DEBT-CN-340800-2020-PREFECTURE,CN-340800,2020,2020-12-31,prefecture_whole,,,,,,,provisional,SRC-CITY-PANEL-1990-2023,D,missing,false,法定债务四个分项保持独立；缺失值保留 null。
DEBT-CN-341000-2020-PREFECTURE,CN-341000,2020,2020-12-31,prefecture_whole,,,,,,,provisional,SRC-CITY-PANEL-1990-2023,D,missing,false,法定债务四个分项保持独立；缺失值保留 null。
DEBT-CN-341100-2020-PREFECTURE,CN-341100,2020,2020-12-31,prefecture_whole,,,,,,,provisional,SRC-CITY-PANEL-1990-2023,D,missing,false,法定债务四个分项保持独立；缺失值保留 null。
DEBT-CN-341200-2020-PREFECTURE,CN-341200,2020,2020-12-31,prefecture_whole,,,,,,,provisional,SRC-CITY-PANEL-1990-2023,D,missing,false,法定债务四个分项保持独立；缺失值保留 null。
DEBT-CN-341300-2020-PREFECTURE,CN-341300,2020,2020-12-31,prefecture_whole,,,,,,,provisional,SRC-CITY-PANEL-1990-2023,D,missing,false,法定债务四个分项保持独立；缺失值保留 null。
DEBT-CN-341500-2020-PREFECTURE,CN-341500,2020,2020-12-31,prefecture_whole,,,,,,,provisional,SRC-CITY-PANEL-1990-2023,D,missing,false,法定债务四个分项保持独立；缺失值保留 null。
DEBT-CN-341600-2020-PREFECTURE,CN-341600,2020,2020-12-31,prefecture_whole,,,,,,,provisional,SRC-CITY-PANEL-1990-2023,D,missing,false,法定债务四个分项保持独立；缺失值保留 null。
DEBT-CN-341700-2020-PREFECTURE,CN-341700,2020,2020-12-31,prefecture_whole,,,,,,,provisional,SRC-CITY-PANEL-1990-2023,D,missing,false,法定债务四个分项保持独立；缺失值保留 null。
DEBT-CN-341800-2020-PREFECTURE,CN-341800,2020,2020-12-31,prefecture_whole,,,,,,,provisional,SRC-CITY-PANEL-1990-2023,D,missing,false,法定债务四个分项保持独立；缺失值保留 null。
DEBT-CN-350100-2020-PREFECTURE,CN-350100,2020,2020-12-31,prefecture_whole,,,,,,,provisional,SRC-CITY-PANEL-1990-2023,D,missing,false,法定债务四个分项保持独立；缺失值保留 null。
DEBT-CN-350200-2020-PREFECTURE,CN-350200,2020,2020-12-31,prefecture_whole,,328.38,,783.73,,1112.10,official_debt,SRC-CITY-PANEL-1990-2023;SRC-CELMA-API-DEBT-3502-2020,A2,extracted,true,法定债务四个分项保持独立；缺失值保留 null。
DEBT-CN-350300-2020-PREFECTURE,CN-350300,2020,2020-12-31,prefecture_whole,,,,,,,provisional,SRC-CITY-PANEL-1990-2023,D,missing,false,法定债务四个分项保持独立；缺失值保留 null。
DEBT-CN-350400-2020-PREFECTURE,CN-350400,2020,2020-12-31,prefecture_whole,,,,,,,provisional,SRC-CITY-PANEL-1990-2023,D,missing,false,法定债务四个分项保持独立；缺失值保留 null。
DEBT-CN-350500-2020-PREFECTURE,CN-350500,2020,2020-12-31,prefecture_whole,,,,,,,provisional,SRC-CITY-PANEL-1990-2023,D,missing,false,法定债务四个分项保持独立；缺失值保留 null。
DEBT-CN-350600-2020-PREFECTURE,CN-350600,2020,2020-12-31,prefecture_whole,,,,,,,provisional,SRC-CITY-PANEL-1990-2023,D,missing,false,法定债务四个分项保持独立；缺失值保留 null。
DEBT-CN-350700-2020-PREFECTURE,CN-350700,2020,2020-12-31,prefecture_whole,,,,,,,provisional,SRC-CITY-PANEL-1990-2023,D,missing,false,法定债务四个分项保持独立；缺失值保留 null。
DEBT-CN-350800-2020-PREFECTURE,CN-350800,2020,2020-12-31,prefecture_whole,,,,,,,provisional,SRC-CITY-PANEL-1990-2023,D,missing,false,法定债务四个分项保持独立；缺失值保留 null。
DEBT-CN-350900-2020-PREFECTURE,CN-350900,2020,2020-12-31,prefecture_whole,,,,,,,provisional,SRC-CITY-PANEL-1990-2023,D,missing,false,法定债务四个分项保持独立；缺失值保留 null。
DEBT-CN-360100-2020-PREFECTURE,CN-360100,2020,2020-12-31,prefecture_whole,,,,,,,provisional,SRC-CITY-PANEL-1990-2023,D,missing,false,法定债务四个分项保持独立；缺失值保留 null。
DEBT-CN-360200-2020-PREFECTURE,CN-360200,2020,2020-12-31,prefecture_whole,,,,,,,provisional,SRC-CITY-PANEL-1990-2023,D,missing,false,法定债务四个分项保持独立；缺失值保留 null。
DEBT-CN-360300-2020-PREFECTURE,CN-360300,2020,2020-12-31,prefecture_whole,,,,,,,provisional,SRC-CITY-PANEL-1990-2023,D,missing,false,法定债务四个分项保持独立；缺失值保留 null。
DEBT-CN-360400-2020-PREFECTURE,CN-360400,2020,2020-12-31,prefecture_whole,,,,,,,provisional,SRC-CITY-PANEL-1990-2023,D,missing,false,法定债务四个分项保持独立；缺失值保留 null。
DEBT-CN-360500-2020-PREFECTURE,CN-360500,2020,2020-12-31,prefecture_whole,,,,,,,provisional,SRC-CITY-PANEL-1990-2023,D,missing,false,法定债务四个分项保持独立；缺失值保留 null。
DEBT-CN-360600-2020-PREFECTURE,CN-360600,2020,2020-12-31,prefecture_whole,,,,,,,provisional,SRC-CITY-PANEL-1990-2023,D,missing,false,法定债务四个分项保持独立；缺失值保留 null。
DEBT-CN-360700-2020-PREFECTURE,CN-360700,2020,2020-12-31,prefecture_whole,,,,,,,provisional,SRC-CITY-PANEL-1990-2023,D,missing,false,法定债务四个分项保持独立；缺失值保留 null。
DEBT-CN-360800-2020-PREFECTURE,CN-360800,2020,2020-12-31,prefecture_whole,,,,,,,provisional,SRC-CITY-PANEL-1990-2023,D,missing,false,法定债务四个分项保持独立；缺失值保留 null。
DEBT-CN-360900-2020-PREFECTURE,CN-360900,2020,2020-12-31,prefecture_whole,,,,,,,provisional,SRC-CITY-PANEL-1990-2023,D,missing,false,法定债务四个分项保持独立；缺失值保留 null。
DEBT-CN-361000-2020-PREFECTURE,CN-361000,2020,2020-12-31,prefecture_whole,,,,,,,provisional,SRC-CITY-PANEL-1990-2023,D,missing,false,法定债务四个分项保持独立；缺失值保留 null。
DEBT-CN-361100-2020-PREFECTURE,CN-361100,2020,2020-12-31,prefecture_whole,,,,,,,provisional,SRC-CITY-PANEL-1990-2023,D,missing,false,法定债务四个分项保持独立；缺失值保留 null。
DEBT-CN-370100-2020-PREFECTURE,CN-370100,2020,2020-12-31,prefecture_whole,,,,,,,provisional,SRC-CITY-PANEL-1990-2023,D,missing,false,法定债务四个分项保持独立；缺失值保留 null。
DEBT-CN-370200-2020-PREFECTURE,CN-370200,2020,2020-12-31,prefecture_whole,,876.06,,1182.23,,2058.28,official_debt,SRC-CITY-PANEL-1990-2023;SRC-CELMA-API-DEBT-3702-2020,A2,extracted,true,法定债务四个分项保持独立；缺失值保留 null。
DEBT-CN-370300-2020-PREFECTURE,CN-370300,2020,2020-12-31,prefecture_whole,,,,,,,provisional,SRC-CITY-PANEL-1990-2023,D,missing,false,法定债务四个分项保持独立；缺失值保留 null。
DEBT-CN-370400-2020-PREFECTURE,CN-370400,2020,2020-12-31,prefecture_whole,,,,,,,provisional,SRC-CITY-PANEL-1990-2023,D,missing,false,法定债务四个分项保持独立；缺失值保留 null。
DEBT-CN-370500-2020-PREFECTURE,CN-370500,2020,2020-12-31,prefecture_whole,,,,,,,provisional,SRC-CITY-PANEL-1990-2023,D,missing,false,法定债务四个分项保持独立；缺失值保留 null。
DEBT-CN-370600-2020-PREFECTURE,CN-370600,2020,2020-12-31,prefecture_whole,,,,,,,provisional,SRC-CITY-PANEL-1990-2023,D,missing,false,法定债务四个分项保持独立；缺失值保留 null。
DEBT-CN-370700-2020-PREFECTURE,CN-370700,2020,2020-12-31,prefecture_whole,,,,,,,provisional,SRC-CITY-PANEL-1990-2023,D,missing,false,法定债务四个分项保持独立；缺失值保留 null。
DEBT-CN-370800-2020-PREFECTURE,CN-370800,2020,2020-12-31,prefecture_whole,,,,,,,provisional,SRC-CITY-PANEL-1990-2023,D,missing,false,法定债务四个分项保持独立；缺失值保留 null。
DEBT-CN-370900-2020-PREFECTURE,CN-370900,2020,2020-12-31,prefecture_whole,,,,,,,provisional,SRC-CITY-PANEL-1990-2023,D,missing,false,法定债务四个分项保持独立；缺失值保留 null。
DEBT-CN-371000-2020-PREFECTURE,CN-371000,2020,2020-12-31,prefecture_whole,,,,,,,provisional,SRC-CITY-PANEL-1990-2023,D,missing,false,法定债务四个分项保持独立；缺失值保留 null。
DEBT-CN-371100-2020-PREFECTURE,CN-371100,2020,2020-12-31,prefecture_whole,,,,,,,provisional,SRC-CITY-PANEL-1990-2023,D,missing,false,法定债务四个分项保持独立；缺失值保留 null。
DEBT-CN-371300-2020-PREFECTURE,CN-371300,2020,2020-12-31,prefecture_whole,,,,,,,provisional,SRC-CITY-PANEL-1990-2023,D,missing,false,法定债务四个分项保持独立；缺失值保留 null。
DEBT-CN-371400-2020-PREFECTURE,CN-371400,2020,2020-12-31,prefecture_whole,,,,,,,provisional,SRC-CITY-PANEL-1990-2023,D,missing,false,法定债务四个分项保持独立；缺失值保留 null。
DEBT-CN-371500-2020-PREFECTURE,CN-371500,2020,2020-12-31,prefecture_whole,,,,,,,provisional,SRC-CITY-PANEL-1990-2023,D,missing,false,法定债务四个分项保持独立；缺失值保留 null。
DEBT-CN-371600-2020-PREFECTURE,CN-371600,2020,2020-12-31,prefecture_whole,,,,,,,provisional,SRC-CITY-PANEL-1990-2023,D,missing,false,法定债务四个分项保持独立；缺失值保留 null。
DEBT-CN-371700-2020-PREFECTURE,CN-371700,2020,2020-12-31,prefecture_whole,,,,,,,provisional,SRC-CITY-PANEL-1990-2023,D,missing,false,法定债务四个分项保持独立；缺失值保留 null。
DEBT-CN-410100-2020-PREFECTURE,CN-410100,2020,2020-12-31,prefecture_whole,,,,,,2173.80,secondary_debt,SRC-CITY-PANEL-1990-2023;SRC-SECONDARY-DEBT-HENAN-ZHENGZHOU-2020,B2,needs_review,true,法定债务四个分项保持独立；缺失值保留 null。
DEBT-CN-410200-2020-PREFECTURE,CN-410200,2020,2020-12-31,prefecture_whole,,,,,,396.70,secondary_debt,SRC-CITY-PANEL-1990-2023;SRC-SECONDARY-DEBT-HENAN-KAIFENG-2020,B2,needs_review,true,法定债务四个分项保持独立；缺失值保留 null。
DEBT-CN-410300-2020-PREFECTURE,CN-410300,2020,2020-12-31,prefecture_whole,,,,,,,provisional,SRC-CITY-PANEL-1990-2023,D,missing,false,法定债务四个分项保持独立；缺失值保留 null。
DEBT-CN-410400-2020-PREFECTURE,CN-410400,2020,2020-12-31,prefecture_whole,,,,,,343.50,secondary_debt,SRC-CITY-PANEL-1990-2023;SRC-SECONDARY-DEBT-HENAN-PINGDINGSHAN-2020,B2,needs_review,true,法定债务四个分项保持独立；缺失值保留 null。
DEBT-CN-410500-2020-PREFECTURE,CN-410500,2020,2020-12-31,prefecture_whole,,,,,,,provisional,SRC-CITY-PANEL-1990-2023,D,missing,false,法定债务四个分项保持独立；缺失值保留 null。
DEBT-CN-410600-2020-PREFECTURE,CN-410600,2020,2020-12-31,prefecture_whole,,,,,,,provisional,SRC-CITY-PANEL-1990-2023,D,missing,false,法定债务四个分项保持独立；缺失值保留 null。
DEBT-CN-410700-2020-PREFECTURE,CN-410700,2020,2020-12-31,prefecture_whole,,,,,,,provisional,SRC-CITY-PANEL-1990-2023,D,missing,false,法定债务四个分项保持独立；缺失值保留 null。
DEBT-CN-410800-2020-PREFECTURE,CN-410800,2020,2020-12-31,prefecture_whole,,,,,,280.92,secondary_debt,SRC-CITY-PANEL-1990-2023;SRC-SECONDARY-DEBT-HENAN-JIAOZUO-2020,B2,needs_review,true,法定债务四个分项保持独立；缺失值保留 null。
DEBT-CN-410900-2020-PREFECTURE,CN-410900,2020,2020-12-31,prefecture_whole,,,,,,,provisional,SRC-CITY-PANEL-1990-2023,D,missing,false,法定债务四个分项保持独立；缺失值保留 null。
DEBT-CN-411000-2020-PREFECTURE,CN-411000,2020,2020-12-31,prefecture_whole,,,,,,,provisional,SRC-CITY-PANEL-1990-2023,D,missing,false,法定债务四个分项保持独立；缺失值保留 null。
DEBT-CN-411100-2020-PREFECTURE,CN-411100,2020,2020-12-31,prefecture_whole,,,,,,,provisional,SRC-CITY-PANEL-1990-2023,D,missing,false,法定债务四个分项保持独立；缺失值保留 null。
DEBT-CN-411200-2020-PREFECTURE,CN-411200,2020,2020-12-31,prefecture_whole,,,,,,199.71,official_debt,SRC-CITY-PANEL-1990-2023;SRC-SECONDARY-DEBT-HENAN-SANMENXIA-2020,A2,extracted,true,法定债务四个分项保持独立；缺失值保留 null。
DEBT-CN-411300-2020-PREFECTURE,CN-411300,2020,2020-12-31,prefecture_whole,,,,,,626.30,official_debt,SRC-CITY-PANEL-1990-2023;SRC-SECONDARY-DEBT-HENAN-NANYANG-2020,A2,extracted,true,法定债务四个分项保持独立；缺失值保留 null。
DEBT-CN-411400-2020-PREFECTURE,CN-411400,2020,2020-12-31,prefecture_whole,,,,,,,provisional,SRC-CITY-PANEL-1990-2023,D,missing,false,法定债务四个分项保持独立；缺失值保留 null。
DEBT-CN-411500-2020-PREFECTURE,CN-411500,2020,2020-12-31,prefecture_whole,,,,,,481.59,secondary_debt,SRC-CITY-PANEL-1990-2023;SRC-SECONDARY-DEBT-HENAN-XINYANG-2020,B2,needs_review,true,法定债务四个分项保持独立；缺失值保留 null。
DEBT-CN-411600-2020-PREFECTURE,CN-411600,2020,2020-12-31,prefecture_whole,,,,,,435.70,official_debt,SRC-CITY-PANEL-1990-2023;SRC-SECONDARY-DEBT-HENAN-ZHOUKOU-2020,A2,extracted,true,法定债务四个分项保持独立；缺失值保留 null。
DEBT-CN-411700-2020-PREFECTURE,CN-411700,2020,2020-12-31,prefecture_whole,,,,,,,provisional,SRC-CITY-PANEL-1990-2023,D,missing,false,法定债务四个分项保持独立；缺失值保留 null。
DEBT-CN-419000-2020-PREFECTURE,CN-419000,2020,2020-12-31,prefecture_whole,,,,,,,not_collected,,,missing,false,法定债务四个分项保持独立；缺失值保留 null。
DEBT-CN-420100-2020-PREFECTURE,CN-420100,2020,2020-12-31,prefecture_whole,1698.70,1599.67,2988.47,2954.12,4687.17,4553.79,secondary_debt,SRC-CITY-PANEL-1990-2023;SRC-PROVINCE-DEBT-HUBEI-2020-RATING,B2,needs_review,true,法定债务四个分项保持独立；缺失值保留 null。
DEBT-CN-420200-2020-PREFECTURE,CN-420200,2020,2020-12-31,prefecture_whole,166.69,156.47,147.77,140.00,314.46,296.47,secondary_debt,SRC-CITY-PANEL-1990-2023;SRC-PROVINCE-DEBT-HUBEI-2020-RATING,B2,needs_review,true,法定债务四个分项保持独立；缺失值保留 null。
DEBT-CN-420300-2020-PREFECTURE,CN-420300,2020,2020-12-31,prefecture_whole,304.94,293.81,177.55,176.80,482.49,470.61,secondary_debt,SRC-CITY-PANEL-1990-2023;SRC-PROVINCE-DEBT-HUBEI-2020-RATING,B2,needs_review,true,法定债务四个分项保持独立；缺失值保留 null。
DEBT-CN-420500-2020-PREFECTURE,CN-420500,2020,2020-12-31,prefecture_whole,389.78,363.28,364.54,358.84,754.32,722.12,secondary_debt,SRC-CITY-PANEL-1990-2023;SRC-PROVINCE-DEBT-HUBEI-2020-RATING,B2,needs_review,true,法定债务四个分项保持独立；缺失值保留 null。
DEBT-CN-420600-2020-PREFECTURE,CN-420600,2020,2020-12-31,prefecture_whole,402.38,377.36,355.62,354.23,758.00,731.59,secondary_debt,SRC-CITY-PANEL-1990-2023;SRC-PROVINCE-DEBT-HUBEI-2020-RATING,B2,needs_review,true,法定债务四个分项保持独立；缺失值保留 null。
DEBT-CN-420700-2020-PREFECTURE,CN-420700,2020,2020-12-31,prefecture_whole,84.07,79.20,115.53,114.52,199.60,193.72,secondary_debt,SRC-CITY-PANEL-1990-2023;SRC-PROVINCE-DEBT-HUBEI-2020-RATING,B2,needs_review,true,法定债务四个分项保持独立；缺失值保留 null。
DEBT-CN-420800-2020-PREFECTURE,CN-420800,2020,2020-12-31,prefecture_whole,154.75,144.82,146.99,146.40,301.74,291.22,secondary_debt,SRC-CITY-PANEL-1990-2023;SRC-PROVINCE-DEBT-HUBEI-2020-RATING,B2,needs_review,true,法定债务四个分项保持独立；缺失值保留 null。
DEBT-CN-420900-2020-PREFECTURE,CN-420900,2020,2020-12-31,prefecture_whole,241.91,229.53,177.36,173.71,419.27,403.24,secondary_debt,SRC-CITY-PANEL-1990-2023;SRC-PROVINCE-DEBT-HUBEI-2020-RATING,B2,needs_review,true,法定债务四个分项保持独立；缺失值保留 null。
DEBT-CN-421000-2020-PREFECTURE,CN-421000,2020,2020-12-31,prefecture_whole,268.42,243.99,277.26,259.13,545.68,503.12,secondary_debt,SRC-CITY-PANEL-1990-2023;SRC-PROVINCE-DEBT-HUBEI-2020-RATING,B2,needs_review,true,法定债务四个分项保持独立；缺失值保留 null。
DEBT-CN-421100-2020-PREFECTURE,CN-421100,2020,2020-12-31,prefecture_whole,311.55,292.33,193.24,176.82,504.79,469.15,secondary_debt,SRC-CITY-PANEL-1990-2023;SRC-PROVINCE-DEBT-HUBEI-2020-RATING,B2,needs_review,true,法定债务四个分项保持独立；缺失值保留 null。
DEBT-CN-421200-2020-PREFECTURE,CN-421200,2020,2020-12-31,prefecture_whole,149.54,136.42,127.76,118.20,277.30,254.62,secondary_debt,SRC-CITY-PANEL-1990-2023;SRC-PROVINCE-DEBT-HUBEI-2020-RATING,B2,needs_review,true,法定债务四个分项保持独立；缺失值保留 null。
DEBT-CN-421300-2020-PREFECTURE,CN-421300,2020,2020-12-31,prefecture_whole,99.73,92.62,71.98,70.59,171.71,163.21,secondary_debt,SRC-CITY-PANEL-1990-2023;SRC-PROVINCE-DEBT-HUBEI-2020-RATING,B2,needs_review,true,法定债务四个分项保持独立；缺失值保留 null。
DEBT-CN-422800-2020-PREFECTURE,CN-422800,2020,2020-12-31,prefecture_whole,247.44,233.47,114.07,112.13,361.51,345.60,secondary_debt,SRC-PROVINCE-DEBT-HUBEI-2020-RATING,B2,needs_review,true,法定债务四个分项保持独立；缺失值保留 null。
DEBT-CN-429000-2020-PREFECTURE,CN-429000,2020,2020-12-31,prefecture_whole,,,,,,,not_collected,,,missing,false,法定债务四个分项保持独立；缺失值保留 null。
DEBT-CN-430100-2020-PREFECTURE,CN-430100,2020,2020-12-31,prefecture_whole,655.58,655.14,1567.43,1567.43,2223.01,2222.57,official_debt,SRC-CITY-PANEL-1990-2023;SRC-PROVINCE-DEBT-HUNAN-2020,A1,extracted,true,法定债务四个分项保持独立；缺失值保留 null。
DEBT-CN-430200-2020-PREFECTURE,CN-430200,2020,2020-12-31,prefecture_whole,371.44,351.44,478.52,457.52,849.96,808.96,official_debt,SRC-CITY-PANEL-1990-2023;SRC-PROVINCE-DEBT-HUNAN-2020,A1,extracted,true,法定债务四个分项保持独立；缺失值保留 null。
DEBT-CN-430300-2020-PREFECTURE,CN-430300,2020,2020-12-31,prefecture_whole,349.15,310.92,305.49,273.50,654.65,584.41,official_debt,SRC-CITY-PANEL-1990-2023;SRC-PROVINCE-DEBT-HUNAN-2020,A1,extracted,true,法定债务四个分项保持独立；缺失值保留 null。
DEBT-CN-430400-2020-PREFECTURE,CN-430400,2020,2020-12-31,prefecture_whole,419.11,388.31,509.38,499.38,928.49,887.69,official_debt,SRC-CITY-PANEL-1990-2023;SRC-PROVINCE-DEBT-HUNAN-2020,A1,extracted,true,法定债务四个分项保持独立；缺失值保留 null。
DEBT-CN-430500-2020-PREFECTURE,CN-430500,2020,2020-12-31,prefecture_whole,313.70,313.45,247.69,247.69,561.39,561.15,official_debt,SRC-CITY-PANEL-1990-2023;SRC-PROVINCE-DEBT-HUNAN-2020,A1,extracted,true,法定债务四个分项保持独立；缺失值保留 null。
DEBT-CN-430600-2020-PREFECTURE,CN-430600,2020,2020-12-31,prefecture_whole,342.96,342.13,334.24,334.24,677.20,676.36,official_debt,SRC-CITY-PANEL-1990-2023;SRC-PROVINCE-DEBT-HUNAN-2020,A1,extracted,true,法定债务四个分项保持独立；缺失值保留 null。
DEBT-CN-430700-2020-PREFECTURE,CN-430700,2020,2020-12-31,prefecture_whole,478.29,477.08,208.83,208.82,687.11,685.90,official_debt,SRC-CITY-PANEL-1990-2023;SRC-PROVINCE-DEBT-HUNAN-2020,A1,extracted,true,法定债务四个分项保持独立；缺失值保留 null。
DEBT-CN-430800-2020-PREFECTURE,CN-430800,2020,2020-12-31,prefecture_whole,144.34,143.84,94.31,81.31,238.65,225.15,official_debt,SRC-CITY-PANEL-1990-2023;SRC-PROVINCE-DEBT-HUNAN-2020,A1,extracted,true,法定债务四个分项保持独立；缺失值保留 null。
DEBT-CN-430900-2020-PREFECTURE,CN-430900,2020,2020-12-31,prefecture_whole,228.23,227.19,205.72,205.72,433.95,432.91,official_debt,SRC-CITY-PANEL-1990-2023;SRC-PROVINCE-DEBT-HUNAN-2020,A1,extracted,true,法定债务四个分项保持独立；缺失值保留 null。
DEBT-CN-431000-2020-PREFECTURE,CN-431000,2020,2020-12-31,prefecture_whole,566.06,546.56,288.42,286.42,854.48,832.98,official_debt,SRC-CITY-PANEL-1990-2023;SRC-PROVINCE-DEBT-HUNAN-2020,A1,extracted,true,法定债务四个分项保持独立；缺失值保留 null。
DEBT-CN-431100-2020-PREFECTURE,CN-431100,2020,2020-12-31,prefecture_whole,331.48,322.32,191.18,189.20,522.66,511.52,official_debt,SRC-CITY-PANEL-1990-2023;SRC-PROVINCE-DEBT-HUNAN-2020,A1,extracted,true,法定债务四个分项保持独立；缺失值保留 null。
DEBT-CN-431200-2020-PREFECTURE,CN-431200,2020,2020-12-31,prefecture_whole,319.25,318.44,324.83,324.70,644.08,643.14,official_debt,SRC-CITY-PANEL-1990-2023;SRC-PROVINCE-DEBT-HUNAN-2020,A1,extracted,true,法定债务四个分项保持独立；缺失值保留 null。
DEBT-CN-431300-2020-PREFECTURE,CN-431300,2020,2020-12-31,prefecture_whole,294.45,281.92,112.83,106.82,407.28,388.74,official_debt,SRC-CITY-PANEL-1990-2023;SRC-PROVINCE-DEBT-HUNAN-2020,A1,extracted,true,法定债务四个分项保持独立；缺失值保留 null。
DEBT-CN-433100-2020-PREFECTURE,CN-433100,2020,2020-12-31,prefecture_whole,254.72,253.66,114.91,114.90,369.63,368.56,official_debt,SRC-PROVINCE-DEBT-HUNAN-2020,A1,extracted,true,法定债务四个分项保持独立；缺失值保留 null。
DEBT-CN-440100-2020-PREFECTURE,CN-440100,2020,2020-12-31,prefecture_whole,1057.10,897.63,2548.98,2229.45,3606.09,3127.08,official_debt,SRC-CITY-PANEL-1990-2023;SRC-OFFICIAL-DEBT-GUANGDONG-2020-TABLE18,A1,extracted,true,法定债务四个分项保持独立；缺失值保留 null。
DEBT-CN-440200-2020-PREFECTURE,CN-440200,2020,2020-12-31,prefecture_whole,186.27,157.95,189.25,173.10,375.52,331.05,official_debt,SRC-CITY-PANEL-1990-2023;SRC-OFFICIAL-DEBT-GUANGDONG-2020-TABLE18,A1,extracted,true,法定债务四个分项保持独立；缺失值保留 null。
DEBT-CN-440300-2020-PREFECTURE,CN-440300,2020,2020-12-31,prefecture_whole,345.60,68.86,833.90,812.35,1179.50,881.21,official_debt,SRC-CITY-PANEL-1990-2023;SRC-OFFICIAL-DEBT-GUANGDONG-2020-TABLE18,A1,extracted,true,法定债务四个分项保持独立；缺失值保留 null。
DEBT-CN-440400-2020-PREFECTURE,CN-440400,2020,2020-12-31,prefecture_whole,360.38,233.65,417.86,401.55,778.24,635.21,official_debt,SRC-CITY-PANEL-1990-2023;SRC-OFFICIAL-DEBT-GUANGDONG-2020-TABLE18,A1,extracted,true,法定债务四个分项保持独立；缺失值保留 null。
DEBT-CN-440500-2020-PREFECTURE,CN-440500,2020,2020-12-31,prefecture_whole,112.38,100.69,318.62,316.36,431.00,417.05,official_debt,SRC-CITY-PANEL-1990-2023;SRC-OFFICIAL-DEBT-GUANGDONG-2020-TABLE18,A1,extracted,true,法定债务四个分项保持独立；缺失值保留 null。
DEBT-CN-440600-2020-PREFECTURE,CN-440600,2020,2020-12-31,prefecture_whole,619.75,387.31,1242.73,1139.46,1862.47,1526.77,official_debt,SRC-CITY-PANEL-1990-2023;SRC-OFFICIAL-DEBT-GUANGDONG-2020-TABLE18,A1,extracted,true,法定债务四个分项保持独立；缺失值保留 null。
DEBT-CN-440700-2020-PREFECTURE,CN-440700,2020,2020-12-31,prefecture_whole,350.13,245.29,285.15,263.24,635.28,508.52,official_debt,SRC-CITY-PANEL-1990-2023;SRC-OFFICIAL-DEBT-GUANGDONG-2020-TABLE18,A1,extracted,true,法定债务四个分项保持独立；缺失值保留 null。
DEBT-CN-440800-2020-PREFECTURE,CN-440800,2020,2020-12-31,prefecture_whole,182.88,176.10,369.06,361.40,551.94,537.50,official_debt,SRC-CITY-PANEL-1990-2023;SRC-OFFICIAL-DEBT-GUANGDONG-2020-TABLE18,A1,extracted,true,法定债务四个分项保持独立；缺失值保留 null。
DEBT-CN-440900-2020-PREFECTURE,CN-440900,2020,2020-12-31,prefecture_whole,162.38,141.31,252.40,236.61,414.77,377.92,official_debt,SRC-CITY-PANEL-1990-2023;SRC-OFFICIAL-DEBT-GUANGDONG-2020-TABLE18,A1,extracted,true,法定债务四个分项保持独立；缺失值保留 null。
DEBT-CN-441200-2020-PREFECTURE,CN-441200,2020,2020-12-31,prefecture_whole,208.00,193.79,359.23,339.44,567.24,533.24,official_debt,SRC-CITY-PANEL-1990-2023;SRC-OFFICIAL-DEBT-GUANGDONG-2020-TABLE18,A1,extracted,true,法定债务四个分项保持独立；缺失值保留 null。
DEBT-CN-441300-2020-PREFECTURE,CN-441300,2020,2020-12-31,prefecture_whole,496.31,400.21,338.34,318.17,834.65,718.38,official_debt,SRC-CITY-PANEL-1990-2023;SRC-OFFICIAL-DEBT-GUANGDONG-2020-TABLE18,A1,extracted,true,法定债务四个分项保持独立；缺失值保留 null。
DEBT-CN-441400-2020-PREFECTURE,CN-441400,2020,2020-12-31,prefecture_whole,210.76,175.14,236.60,222.69,447.36,397.83,official_debt,SRC-CITY-PANEL-1990-2023;SRC-OFFICIAL-DEBT-GUANGDONG-2020-TABLE18,A1,extracted,true,法定债务四个分项保持独立；缺失值保留 null。
DEBT-CN-441500-2020-PREFECTURE,CN-441500,2020,2020-12-31,prefecture_whole,85.88,74.81,225.94,215.44,311.83,290.25,official_debt,SRC-CITY-PANEL-1990-2023;SRC-OFFICIAL-DEBT-GUANGDONG-2020-TABLE18,A1,extracted,true,法定债务四个分项保持独立；缺失值保留 null。
DEBT-CN-441600-2020-PREFECTURE,CN-441600,2020,2020-12-31,prefecture_whole,163.53,151.80,181.72,180.50,345.26,332.30,official_debt,SRC-CITY-PANEL-1990-2023;SRC-OFFICIAL-DEBT-GUANGDONG-2020-TABLE18,A1,extracted,true,法定债务四个分项保持独立；缺失值保留 null。
DEBT-CN-441700-2020-PREFECTURE,CN-441700,2020,2020-12-31,prefecture_whole,134.08,122.99,135.45,124.28,269.54,247.27,official_debt,SRC-CITY-PANEL-1990-2023;SRC-OFFICIAL-DEBT-GUANGDONG-2020-TABLE18,A1,extracted,true,法定债务四个分项保持独立；缺失值保留 null。
DEBT-CN-441800-2020-PREFECTURE,CN-441800,2020,2020-12-31,prefecture_whole,143.19,123.34,330.65,322.76,473.84,446.11,official_debt,SRC-CITY-PANEL-1990-2023;SRC-OFFICIAL-DEBT-GUANGDONG-2020-TABLE18,A1,extracted,true,法定债务四个分项保持独立；缺失值保留 null。
DEBT-CN-441900-2020-PREFECTURE,CN-441900,2020,2020-12-31,prefecture_whole,555.06,520.78,358.88,344.49,913.94,865.28,official_debt,SRC-CITY-PANEL-1990-2023;SRC-OFFICIAL-DEBT-GUANGDONG-2020-TABLE18,A1,extracted,true,法定债务四个分项保持独立；缺失值保留 null。
DEBT-CN-442000-2020-PREFECTURE,CN-442000,2020,2020-12-31,prefecture_whole,92.46,80.17,341.45,330.18,433.91,410.35,official_debt,SRC-CITY-PANEL-1990-2023;SRC-OFFICIAL-DEBT-GUANGDONG-2020-TABLE18,A1,extracted,true,法定债务四个分项保持独立；缺失值保留 null。
DEBT-CN-445100-2020-PREFECTURE,CN-445100,2020,2020-12-31,prefecture_whole,125.82,118.38,102.87,98.74,228.69,217.12,official_debt,SRC-CITY-PANEL-1990-2023;SRC-OFFICIAL-DEBT-GUANGDONG-2020-TABLE18,A1,extracted,true,法定债务四个分项保持独立；缺失值保留 null。
DEBT-CN-445200-2020-PREFECTURE,CN-445200,2020,2020-12-31,prefecture_whole,125.47,121.04,192.95,183.10,318.42,304.13,official_debt,SRC-CITY-PANEL-1990-2023;SRC-OFFICIAL-DEBT-GUANGDONG-2020-TABLE18,A1,extracted,true,法定债务四个分项保持独立；缺失值保留 null。
DEBT-CN-445300-2020-PREFECTURE,CN-445300,2020,2020-12-31,prefecture_whole,110.75,95.88,145.39,143.58,256.13,239.46,official_debt,SRC-CITY-PANEL-1990-2023;SRC-OFFICIAL-DEBT-GUANGDONG-2020-TABLE18,A1,extracted,true,法定债务四个分项保持独立；缺失值保留 null。
DEBT-CN-450100-2020-PREFECTURE,CN-450100,2020,2020-12-31,prefecture_whole,,,,,,,provisional,SRC-CITY-PANEL-1990-2023,D,missing,false,法定债务四个分项保持独立；缺失值保留 null。
DEBT-CN-450200-2020-PREFECTURE,CN-450200,2020,2020-12-31,prefecture_whole,,,,,,,provisional,SRC-CITY-PANEL-1990-2023,D,missing,false,法定债务四个分项保持独立；缺失值保留 null。
DEBT-CN-450300-2020-PREFECTURE,CN-450300,2020,2020-12-31,prefecture_whole,,,,,,,provisional,SRC-CITY-PANEL-1990-2023,D,missing,false,法定债务四个分项保持独立；缺失值保留 null。
DEBT-CN-450400-2020-PREFECTURE,CN-450400,2020,2020-12-31,prefecture_whole,,,,,,,provisional,SRC-CITY-PANEL-1990-2023,D,missing,false,法定债务四个分项保持独立；缺失值保留 null。
DEBT-CN-450500-2020-PREFECTURE,CN-450500,2020,2020-12-31,prefecture_whole,,,,,,,provisional,SRC-CITY-PANEL-1990-2023,D,missing,false,法定债务四个分项保持独立；缺失值保留 null。
DEBT-CN-450600-2020-PREFECTURE,CN-450600,2020,2020-12-31,prefecture_whole,,,,,,,provisional,SRC-CITY-PANEL-1990-2023,D,missing,false,法定债务四个分项保持独立；缺失值保留 null。
DEBT-CN-450700-2020-PREFECTURE,CN-450700,2020,2020-12-31,prefecture_whole,,,,,,,provisional,SRC-CITY-PANEL-1990-2023,D,missing,false,法定债务四个分项保持独立；缺失值保留 null。
DEBT-CN-450800-2020-PREFECTURE,CN-450800,2020,2020-12-31,prefecture_whole,,,,,,,provisional,SRC-CITY-PANEL-1990-2023,D,missing,false,法定债务四个分项保持独立；缺失值保留 null。
DEBT-CN-450900-2020-PREFECTURE,CN-450900,2020,2020-12-31,prefecture_whole,,,,,,,provisional,SRC-CITY-PANEL-1990-2023,D,missing,false,法定债务四个分项保持独立；缺失值保留 null。
DEBT-CN-451000-2020-PREFECTURE,CN-451000,2020,2020-12-31,prefecture_whole,,,,,,,provisional,SRC-CITY-PANEL-1990-2023,D,missing,false,法定债务四个分项保持独立；缺失值保留 null。
DEBT-CN-451100-2020-PREFECTURE,CN-451100,2020,2020-12-31,prefecture_whole,,113.96,,98.91,,212.86,official_debt,SRC-CITY-PANEL-1990-2023;SRC-OFFICIAL-DEBT-GUANGXI-HEZHOU-2020,A2,extracted,true,法定债务四个分项保持独立；缺失值保留 null。
DEBT-CN-451200-2020-PREFECTURE,CN-451200,2020,2020-12-31,prefecture_whole,,,,,,,provisional,SRC-CITY-PANEL-1990-2023,D,missing,false,法定债务四个分项保持独立；缺失值保留 null。
DEBT-CN-451300-2020-PREFECTURE,CN-451300,2020,2020-12-31,prefecture_whole,,151.05,,100.76,,251.81,official_debt,SRC-CITY-PANEL-1990-2023;SRC-OFFICIAL-DEBT-GUANGXI-LAIBIN-2020,A2,extracted,true,法定债务四个分项保持独立；缺失值保留 null。
DEBT-CN-451400-2020-PREFECTURE,CN-451400,2020,2020-12-31,prefecture_whole,,,,,,,provisional,SRC-CITY-PANEL-1990-2023,D,missing,false,法定债务四个分项保持独立；缺失值保留 null。
DEBT-CN-460100-2020-PREFECTURE,CN-460100,2020,2020-12-31,prefecture_whole,425.98,421.07,342.46,341.31,768.44,762.38,official_debt,SRC-CITY-PANEL-1990-2023;SRC-CELMA-DEBT-HAINAN-2020-BUDGET-TABLE,A2,extracted,true,法定债务四个分项保持独立；缺失值保留 null。
DEBT-CN-460200-2020-PREFECTURE,CN-460200,2020,2020-12-31,prefecture_whole,132.98,132.41,220.71,219.35,353.69,351.76,official_debt,SRC-CITY-PANEL-1990-2023;SRC-CELMA-DEBT-HAINAN-2020-BUDGET-TABLE,A2,extracted,true,法定债务四个分项保持独立；缺失值保留 null。
DEBT-CN-460300-2020-PREFECTURE,CN-460300,2020,2020-12-31,prefecture_whole,,,,,,,provisional,SRC-CITY-PANEL-1990-2023,D,missing,false,法定债务四个分项保持独立；缺失值保留 null。
DEBT-CN-460400-2020-PREFECTURE,CN-460400,2020,2020-12-31,prefecture_whole,64.21,64.17,78.82,78.41,143.03,142.58,official_debt,SRC-CITY-PANEL-1990-2023;SRC-CELMA-DEBT-HAINAN-2020-BUDGET-TABLE,A2,extracted,true,法定债务四个分项保持独立；缺失值保留 null。
DEBT-CN-469000-2020-PREFECTURE,CN-469000,2020,2020-12-31,prefecture_whole,,,,,,,not_collected,,,missing,false,法定债务四个分项保持独立；缺失值保留 null。
DEBT-CN-500000-2020-PREFECTURE,CN-500000,2020,2020-12-31,prefecture_whole,3086.60,2678.80,4455.80,4120.40,7542.40,6799.20,official_debt,SRC-CITY-PANEL-1990-2023;SRC-PROVINCE-DEBT-CHONGQING-2020,A1,extracted,true,法定债务四个分项保持独立；缺失值保留 null。
DEBT-CN-510100-2020-PREFECTURE,CN-510100,2020,2020-12-31,prefecture_whole,,,,,,,provisional,SRC-CITY-PANEL-1990-2023,D,missing,false,法定债务四个分项保持独立；缺失值保留 null。
DEBT-CN-510300-2020-PREFECTURE,CN-510300,2020,2020-12-31,prefecture_whole,,,,,,401.00,secondary_debt,SRC-CITY-PANEL-1990-2023;SRC-SECONDARY-CEIC-CN-510300,D,needs_review,true,法定债务四个分项保持独立；缺失值保留 null。
DEBT-CN-510400-2020-PREFECTURE,CN-510400,2020,2020-12-31,prefecture_whole,,,,,,,provisional,SRC-CITY-PANEL-1990-2023,D,missing,false,法定债务四个分项保持独立；缺失值保留 null。
DEBT-CN-510500-2020-PREFECTURE,CN-510500,2020,2020-12-31,prefecture_whole,,,,,,610.00,secondary_debt,SRC-CITY-PANEL-1990-2023;SRC-SECONDARY-CEIC-CN-510500,D,needs_review,true,法定债务四个分项保持独立；缺失值保留 null。
DEBT-CN-510600-2020-PREFECTURE,CN-510600,2020,2020-12-31,prefecture_whole,,,,,,380.00,secondary_debt,SRC-CITY-PANEL-1990-2023;SRC-SECONDARY-CEIC-CN-510600,D,needs_review,true,法定债务四个分项保持独立；缺失值保留 null。
DEBT-CN-510700-2020-PREFECTURE,CN-510700,2020,2020-12-31,prefecture_whole,,,,,,574.00,secondary_debt,SRC-CITY-PANEL-1990-2023;SRC-SECONDARY-CEIC-CN-510700,D,needs_review,true,法定债务四个分项保持独立；缺失值保留 null。
DEBT-CN-510800-2020-PREFECTURE,CN-510800,2020,2020-12-31,prefecture_whole,,,,,,366.00,secondary_debt,SRC-CITY-PANEL-1990-2023;SRC-SECONDARY-CEIC-CN-510800,D,needs_review,true,法定债务四个分项保持独立；缺失值保留 null。
DEBT-CN-510900-2020-PREFECTURE,CN-510900,2020,2020-12-31,prefecture_whole,,,,,,386.00,secondary_debt,SRC-CITY-PANEL-1990-2023;SRC-SECONDARY-CEIC-CN-510900,D,needs_review,true,法定债务四个分项保持独立；缺失值保留 null。
DEBT-CN-511000-2020-PREFECTURE,CN-511000,2020,2020-12-31,prefecture_whole,,,,,,,provisional,SRC-CITY-PANEL-1990-2023,D,missing,false,法定债务四个分项保持独立；缺失值保留 null。
DEBT-CN-511100-2020-PREFECTURE,CN-511100,2020,2020-12-31,prefecture_whole,,,,,,443.00,secondary_debt,SRC-CITY-PANEL-1990-2023;SRC-SECONDARY-CEIC-CN-511100,D,needs_review,true,法定债务四个分项保持独立；缺失值保留 null。
DEBT-CN-511300-2020-PREFECTURE,CN-511300,2020,2020-12-31,prefecture_whole,,,,,,793.00,secondary_debt,SRC-CITY-PANEL-1990-2023;SRC-SECONDARY-CEIC-CN-511300,D,needs_review,true,法定债务四个分项保持独立；缺失值保留 null。
DEBT-CN-511400-2020-PREFECTURE,CN-511400,2020,2020-12-31,prefecture_whole,,,,,,,provisional,SRC-CITY-PANEL-1990-2023,D,missing,false,法定债务四个分项保持独立；缺失值保留 null。
DEBT-CN-511500-2020-PREFECTURE,CN-511500,2020,2020-12-31,prefecture_whole,,,,,,579.00,secondary_debt,SRC-CITY-PANEL-1990-2023;SRC-SECONDARY-CEIC-CN-511500,D,needs_review,true,法定债务四个分项保持独立；缺失值保留 null。
DEBT-CN-511600-2020-PREFECTURE,CN-511600,2020,2020-12-31,prefecture_whole,,,,,,381.00,secondary_debt,SRC-CITY-PANEL-1990-2023;SRC-SECONDARY-CEIC-CN-511600,D,needs_review,true,法定债务四个分项保持独立；缺失值保留 null。
DEBT-CN-511700-2020-PREFECTURE,CN-511700,2020,2020-12-31,prefecture_whole,,,,,,603.00,secondary_debt,SRC-CITY-PANEL-1990-2023;SRC-SECONDARY-CEIC-CN-511700,D,needs_review,true,法定债务四个分项保持独立；缺失值保留 null。
DEBT-CN-511800-2020-PREFECTURE,CN-511800,2020,2020-12-31,prefecture_whole,,,,,,189.00,secondary_debt,SRC-CITY-PANEL-1990-2023;SRC-SECONDARY-CEIC-CN-511800,D,needs_review,true,法定债务四个分项保持独立；缺失值保留 null。
DEBT-CN-511900-2020-PREFECTURE,CN-511900,2020,2020-12-31,prefecture_whole,,,,,,528.00,secondary_debt,SRC-CITY-PANEL-1990-2023;SRC-SECONDARY-CEIC-CN-511900,D,needs_review,true,法定债务四个分项保持独立；缺失值保留 null。
DEBT-CN-512000-2020-PREFECTURE,CN-512000,2020,2020-12-31,prefecture_whole,,,,,,,provisional,SRC-CITY-PANEL-1990-2023,D,missing,false,法定债务四个分项保持独立；缺失值保留 null。
DEBT-CN-513200-2020-PREFECTURE,CN-513200,2020,2020-12-31,prefecture_whole,,,,,,,not_collected,,,missing,false,法定债务四个分项保持独立；缺失值保留 null。
DEBT-CN-513300-2020-PREFECTURE,CN-513300,2020,2020-12-31,prefecture_whole,,,,,,,not_collected,,,missing,false,法定债务四个分项保持独立；缺失值保留 null。
DEBT-CN-513400-2020-PREFECTURE,CN-513400,2020,2020-12-31,prefecture_whole,,,,,,,not_collected,,,missing,false,法定债务四个分项保持独立；缺失值保留 null。
DEBT-CN-520100-2020-PREFECTURE,CN-520100,2020,2020-12-31,prefecture_whole,401.58,379.34,2037.95,2017.24,2439.52,2396.58,official_debt,SRC-CITY-PANEL-1990-2023;SRC-PROVINCE-DEBT-GUIZHOU-2020,A1,extracted,true,法定债务四个分项保持独立；缺失值保留 null。
DEBT-CN-520200-2020-PREFECTURE,CN-520200,2020,2020-12-31,prefecture_whole,497.24,488.15,168.07,167.96,665.31,656.11,official_debt,SRC-CITY-PANEL-1990-2023;SRC-PROVINCE-DEBT-GUIZHOU-2020,A1,extracted,true,法定债务四个分项保持独立；缺失值保留 null。
DEBT-CN-520300-2020-PREFECTURE,CN-520300,2020,2020-12-31,prefecture_whole,1128.69,1105.47,554.96,549.21,1683.65,1654.67,official_debt,SRC-CITY-PANEL-1990-2023;SRC-PROVINCE-DEBT-GUIZHOU-2020,A1,extracted,true,法定债务四个分项保持独立；缺失值保留 null。
DEBT-CN-520400-2020-PREFECTURE,CN-520400,2020,2020-12-31,prefecture_whole,306.74,299.32,240.31,238.91,547.05,538.22,official_debt,SRC-CITY-PANEL-1990-2023;SRC-PROVINCE-DEBT-GUIZHOU-2020,A1,extracted,true,法定债务四个分项保持独立；缺失值保留 null。
DEBT-CN-520500-2020-PREFECTURE,CN-520500,2020,2020-12-31,prefecture_whole,725.69,708.34,326.75,324.94,1052.44,1033.28,official_debt,SRC-CITY-PANEL-1990-2023;SRC-PROVINCE-DEBT-GUIZHOU-2020,A1,extracted,true,法定债务四个分项保持独立；缺失值保留 null。
DEBT-CN-520600-2020-PREFECTURE,CN-520600,2020,2020-12-31,prefecture_whole,548.56,541.35,229.70,229.49,778.26,770.84,official_debt,SRC-CITY-PANEL-1990-2023;SRC-PROVINCE-DEBT-GUIZHOU-2020,A1,extracted,true,法定债务四个分项保持独立；缺失值保留 null。
DEBT-CN-522300-2020-PREFECTURE,CN-522300,2020,2020-12-31,prefecture_whole,381.82,377.36,220.33,217.16,602.15,594.52,official_debt,SRC-PROVINCE-DEBT-GUIZHOU-2020,A1,extracted,true,法定债务四个分项保持独立；缺失值保留 null。
DEBT-CN-522600-2020-PREFECTURE,CN-522600,2020,2020-12-31,prefecture_whole,355.11,344.04,241.71,237.88,596.82,581.92,official_debt,SRC-PROVINCE-DEBT-GUIZHOU-2020,A1,extracted,true,法定债务四个分项保持独立；缺失值保留 null。
DEBT-CN-522700-2020-PREFECTURE,CN-522700,2020,2020-12-31,prefecture_whole,504.60,494.15,482.42,478.84,987.02,972.99,official_debt,SRC-PROVINCE-DEBT-GUIZHOU-2020,A1,extracted,true,法定债务四个分项保持独立；缺失值保留 null。
DEBT-CN-530100-2020-PREFECTURE,CN-530100,2020,2020-12-31,prefecture_whole,,,,,,,provisional,SRC-CITY-PANEL-1990-2023,D,missing,false,法定债务四个分项保持独立；缺失值保留 null。
DEBT-CN-530300-2020-PREFECTURE,CN-530300,2020,2020-12-31,prefecture_whole,,,,,,508.40,secondary_debt,SRC-CITY-PANEL-1990-2023;SRC-SECONDARY-CEIC-CN-530300,D,needs_review,true,法定债务四个分项保持独立；缺失值保留 null。
DEBT-CN-530400-2020-PREFECTURE,CN-530400,2020,2020-12-31,prefecture_whole,,,,,,,provisional,SRC-CITY-PANEL-1990-2023,D,missing,false,法定债务四个分项保持独立；缺失值保留 null。
DEBT-CN-530500-2020-PREFECTURE,CN-530500,2020,2020-12-31,prefecture_whole,,,,,,390.80,secondary_debt,SRC-CITY-PANEL-1990-2023;SRC-SECONDARY-CEIC-CN-530500,D,needs_review,true,法定债务四个分项保持独立；缺失值保留 null。
DEBT-CN-530600-2020-PREFECTURE,CN-530600,2020,2020-12-31,prefecture_whole,,,,,,575.00,secondary_debt,SRC-CITY-PANEL-1990-2023;SRC-SECONDARY-CEIC-CN-530600,D,needs_review,true,法定债务四个分项保持独立；缺失值保留 null。
DEBT-CN-530700-2020-PREFECTURE,CN-530700,2020,2020-12-31,prefecture_whole,,,,,,223.65,secondary_debt,SRC-CITY-PANEL-1990-2023;SRC-SECONDARY-DEBT-YUNNAN-LIJIANG-2020,B2,needs_review,true,法定债务四个分项保持独立；缺失值保留 null。
DEBT-CN-530800-2020-PREFECTURE,CN-530800,2020,2020-12-31,prefecture_whole,,,,,,,provisional,SRC-CITY-PANEL-1990-2023,D,missing,false,法定债务四个分项保持独立；缺失值保留 null。
DEBT-CN-530900-2020-PREFECTURE,CN-530900,2020,2020-12-31,prefecture_whole,,,,,,399.81,official_debt,SRC-CITY-PANEL-1990-2023;SRC-SECONDARY-DEBT-YUNNAN-LINCANG-2020,A2,extracted,true,法定债务四个分项保持独立；缺失值保留 null。
DEBT-CN-532300-2020-PREFECTURE,CN-532300,2020,2020-12-31,prefecture_whole,,156.40,,172.07,,328.47,official_debt,SRC-OFFICIAL-DEBT-YUNNAN-CHUXIONG-2020,A2,extracted,true,法定债务四个分项保持独立；缺失值保留 null。
DEBT-CN-532500-2020-PREFECTURE,CN-532500,2020,2020-12-31,prefecture_whole,,,,,,,not_collected,,,missing,false,法定债务四个分项保持独立；缺失值保留 null。
DEBT-CN-532600-2020-PREFECTURE,CN-532600,2020,2020-12-31,prefecture_whole,,,,,,,not_collected,,,missing,false,法定债务四个分项保持独立；缺失值保留 null。
DEBT-CN-532800-2020-PREFECTURE,CN-532800,2020,2020-12-31,prefecture_whole,,,,,,,not_collected,,,missing,false,法定债务四个分项保持独立；缺失值保留 null。
DEBT-CN-532900-2020-PREFECTURE,CN-532900,2020,2020-12-31,prefecture_whole,,,,,,,not_collected,,,missing,false,法定债务四个分项保持独立；缺失值保留 null。
DEBT-CN-533100-2020-PREFECTURE,CN-533100,2020,2020-12-31,prefecture_whole,,,,,,,not_collected,,,missing,false,法定债务四个分项保持独立；缺失值保留 null。
DEBT-CN-533300-2020-PREFECTURE,CN-533300,2020,2020-12-31,prefecture_whole,,,,,,,not_collected,,,missing,false,法定债务四个分项保持独立；缺失值保留 null。
DEBT-CN-533400-2020-PREFECTURE,CN-533400,2020,2020-12-31,prefecture_whole,,,,,,,not_collected,,,missing,false,法定债务四个分项保持独立；缺失值保留 null。
DEBT-CN-540100-2020-PREFECTURE,CN-540100,2020,2020-12-31,prefecture_whole,,,,,,,provisional,SRC-CITY-PANEL-1990-2023,D,missing,false,法定债务四个分项保持独立；缺失值保留 null。
DEBT-CN-540200-2020-PREFECTURE,CN-540200,2020,2020-12-31,prefecture_whole,,,,,,,provisional,SRC-CITY-PANEL-1990-2023,D,missing,false,法定债务四个分项保持独立；缺失值保留 null。
DEBT-CN-540300-2020-PREFECTURE,CN-540300,2020,2020-12-31,prefecture_whole,,,,,,,provisional,SRC-CITY-PANEL-1990-2023,D,missing,false,法定债务四个分项保持独立；缺失值保留 null。
DEBT-CN-540400-2020-PREFECTURE,CN-540400,2020,2020-12-31,prefecture_whole,,,,,,,provisional,SRC-CITY-PANEL-1990-2023,D,missing,false,法定债务四个分项保持独立；缺失值保留 null。
DEBT-CN-540500-2020-PREFECTURE,CN-540500,2020,2020-12-31,prefecture_whole,,,,,,,provisional,SRC-CITY-PANEL-1990-2023,D,missing,false,法定债务四个分项保持独立；缺失值保留 null。
DEBT-CN-540600-2020-PREFECTURE,CN-540600,2020,2020-12-31,prefecture_whole,,,,,,,provisional,SRC-CITY-PANEL-1990-2023,D,missing,false,法定债务四个分项保持独立；缺失值保留 null。
DEBT-CN-542500-2020-PREFECTURE,CN-542500,2020,2020-12-31,prefecture_whole,,,,,,,not_collected,,,missing,false,法定债务四个分项保持独立；缺失值保留 null。
DEBT-CN-610100-2020-PREFECTURE,CN-610100,2020,2020-12-31,prefecture_whole,,904.89,,1904.33,,2809.22,official_debt,SRC-CITY-PANEL-1990-2023;SRC-OFFICIAL-DEBT-SHAANXI-XIAN-2020,A2,extracted,true,法定债务四个分项保持独立；缺失值保留 null。
DEBT-CN-610200-2020-PREFECTURE,CN-610200,2020,2020-12-31,prefecture_whole,,,,,,162.94,secondary_debt,SRC-CITY-PANEL-1990-2023;SRC-SECONDARY-CEIC-CN-610200,D,needs_review,true,法定债务四个分项保持独立；缺失值保留 null。
DEBT-CN-610300-2020-PREFECTURE,CN-610300,2020,2020-12-31,prefecture_whole,,,,,,261.55,official_debt,SRC-CITY-PANEL-1990-2023;SRC-SECONDARY-DEBT-SHAANXI-BAOJI-2020,A2,extracted,true,法定债务四个分项保持独立；缺失值保留 null。
DEBT-CN-610400-2020-PREFECTURE,CN-610400,2020,2020-12-31,prefecture_whole,,,,,,268.26,secondary_debt,SRC-CITY-PANEL-1990-2023;SRC-SECONDARY-DEBT-SHAANXI-XIANYANG-2020,B2,needs_review,true,法定债务四个分项保持独立；缺失值保留 null。
DEBT-CN-610500-2020-PREFECTURE,CN-610500,2020,2020-12-31,prefecture_whole,,,,,,,provisional,SRC-CITY-PANEL-1990-2023,D,missing,false,法定债务四个分项保持独立；缺失值保留 null。
DEBT-CN-610600-2020-PREFECTURE,CN-610600,2020,2020-12-31,prefecture_whole,,,,,,498.11,secondary_debt,SRC-CITY-PANEL-1990-2023;SRC-SECONDARY-DEBT-SHAANXI-YANAN-2020,B2,needs_review,true,法定债务四个分项保持独立；缺失值保留 null。
DEBT-CN-610700-2020-PREFECTURE,CN-610700,2020,2020-12-31,prefecture_whole,,,,,,324.97,secondary_debt,SRC-CITY-PANEL-1990-2023;SRC-SECONDARY-DEBT-SHAANXI-HANZHONG-2020,B2,needs_review,true,法定债务四个分项保持独立；缺失值保留 null。
DEBT-CN-610800-2020-PREFECTURE,CN-610800,2020,2020-12-31,prefecture_whole,,,,,,496.04,secondary_debt,SRC-CITY-PANEL-1990-2023;SRC-SECONDARY-CEIC-CN-610800,D,needs_review,true,法定债务四个分项保持独立；缺失值保留 null。
DEBT-CN-610900-2020-PREFECTURE,CN-610900,2020,2020-12-31,prefecture_whole,,,,,,430.59,secondary_debt,SRC-CITY-PANEL-1990-2023;SRC-SECONDARY-CEIC-CN-610900,D,needs_review,true,法定债务四个分项保持独立；缺失值保留 null。
DEBT-CN-611000-2020-PREFECTURE,CN-611000,2020,2020-12-31,prefecture_whole,,,,,,,provisional,SRC-CITY-PANEL-1990-2023,D,missing,false,法定债务四个分项保持独立；缺失值保留 null。
DEBT-CN-620100-2020-PREFECTURE,CN-620100,2020,2020-12-31,prefecture_whole,,,,,,645.60,secondary_debt,SRC-CITY-PANEL-1990-2023;SRC-SECONDARY-CEIC-CN-620100,D,needs_review,true,法定债务四个分项保持独立；缺失值保留 null。
DEBT-CN-620200-2020-PREFECTURE,CN-620200,2020,2020-12-31,prefecture_whole,,,,,,47.75,secondary_debt,SRC-CITY-PANEL-1990-2023;SRC-SECONDARY-CEIC-CN-620200,D,needs_review,true,法定债务四个分项保持独立；缺失值保留 null。
DEBT-CN-620300-2020-PREFECTURE,CN-620300,2020,2020-12-31,prefecture_whole,,,,,,,provisional,SRC-CITY-PANEL-1990-2023,D,missing,false,法定债务四个分项保持独立；缺失值保留 null。
DEBT-CN-620400-2020-PREFECTURE,CN-620400,2020,2020-12-31,prefecture_whole,,,,,,194.78,secondary_debt,SRC-CITY-PANEL-1990-2023;SRC-SECONDARY-CEIC-CN-620400,D,needs_review,true,法定债务四个分项保持独立；缺失值保留 null。
DEBT-CN-620500-2020-PREFECTURE,CN-620500,2020,2020-12-31,prefecture_whole,,,,,,,provisional,SRC-CITY-PANEL-1990-2023,D,missing,false,法定债务四个分项保持独立；缺失值保留 null。
DEBT-CN-620600-2020-PREFECTURE,CN-620600,2020,2020-12-31,prefecture_whole,,,,,,157.71,secondary_debt,SRC-CITY-PANEL-1990-2023;SRC-SECONDARY-CEIC-CN-620600,D,needs_review,true,法定债务四个分项保持独立；缺失值保留 null。
DEBT-CN-620700-2020-PREFECTURE,CN-620700,2020,2020-12-31,prefecture_whole,,,,,,178.92,secondary_debt,SRC-CITY-PANEL-1990-2023;SRC-SECONDARY-CEIC-CN-620700,D,needs_review,true,法定债务四个分项保持独立；缺失值保留 null。
DEBT-CN-620800-2020-PREFECTURE,CN-620800,2020,2020-12-31,prefecture_whole,,,,,,,provisional,SRC-CITY-PANEL-1990-2023,D,missing,false,法定债务四个分项保持独立；缺失值保留 null。
DEBT-CN-620900-2020-PREFECTURE,CN-620900,2020,2020-12-31,prefecture_whole,,,,,,,provisional,SRC-CITY-PANEL-1990-2023,D,missing,false,法定债务四个分项保持独立；缺失值保留 null。
DEBT-CN-621000-2020-PREFECTURE,CN-621000,2020,2020-12-31,prefecture_whole,,,,,,248.80,secondary_debt,SRC-CITY-PANEL-1990-2023;SRC-SECONDARY-CEIC-CN-621000,D,needs_review,true,法定债务四个分项保持独立；缺失值保留 null。
DEBT-CN-621100-2020-PREFECTURE,CN-621100,2020,2020-12-31,prefecture_whole,,,,,,175.68,secondary_debt,SRC-CITY-PANEL-1990-2023;SRC-SECONDARY-CEIC-CN-621100,D,needs_review,true,法定债务四个分项保持独立；缺失值保留 null。
DEBT-CN-621200-2020-PREFECTURE,CN-621200,2020,2020-12-31,prefecture_whole,,,,,,145.87,secondary_debt,SRC-CITY-PANEL-1990-2023;SRC-SECONDARY-DEBT-GANSU-LONGNAN-2020,B2,needs_review,true,法定债务四个分项保持独立；缺失值保留 null。
DEBT-CN-622900-2020-PREFECTURE,CN-622900,2020,2020-12-31,prefecture_whole,,,,,,,not_collected,,,missing,false,法定债务四个分项保持独立；缺失值保留 null。
DEBT-CN-623000-2020-PREFECTURE,CN-623000,2020,2020-12-31,prefecture_whole,,,,,,,not_collected,,,missing,false,法定债务四个分项保持独立；缺失值保留 null。
DEBT-CN-630100-2020-PREFECTURE,CN-630100,2020,2020-12-31,prefecture_whole,220.63,189.81,235.85,217.88,456.48,407.69,official_debt,SRC-CITY-PANEL-1990-2023;SRC-PROVINCE-DEBT-QINGHAI-2020,A1,extracted,true,法定债务四个分项保持独立；缺失值保留 null。
DEBT-CN-630200-2020-PREFECTURE,CN-630200,2020,2020-12-31,prefecture_whole,126.59,96.94,120.50,81.64,247.09,178.58,official_debt,SRC-CITY-PANEL-1990-2023;SRC-PROVINCE-DEBT-QINGHAI-2020,A1,extracted,true,法定债务四个分项保持独立；缺失值保留 null。
DEBT-CN-632200-2020-PREFECTURE,CN-632200,2020,2020-12-31,prefecture_whole,23.86,22.29,9.70,9.70,33.56,31.99,official_debt,SRC-PROVINCE-DEBT-QINGHAI-2020,A1,extracted,true,法定债务四个分项保持独立；缺失值保留 null。
DEBT-CN-632300-2020-PREFECTURE,CN-632300,2020,2020-12-31,prefecture_whole,20.63,19.26,12.10,12.10,32.73,31.36,official_debt,SRC-PROVINCE-DEBT-QINGHAI-2020,A1,extracted,true,法定债务四个分项保持独立；缺失值保留 null。
DEBT-CN-632500-2020-PREFECTURE,CN-632500,2020,2020-12-31,prefecture_whole,28.15,21.10,10.00,5.03,38.15,26.13,official_debt,SRC-CITY-PANEL-1990-2023;SRC-PROVINCE-DEBT-QINGHAI-2020,A1,extracted,true,法定债务四个分项保持独立；缺失值保留 null。
DEBT-CN-632600-2020-PREFECTURE,CN-632600,2020,2020-12-31,prefecture_whole,13.29,12.05,6.40,6.40,19.69,18.45,official_debt,SRC-PROVINCE-DEBT-QINGHAI-2020,A1,extracted,true,法定债务四个分项保持独立；缺失值保留 null。
DEBT-CN-632700-2020-PREFECTURE,CN-632700,2020,2020-12-31,prefecture_whole,15.68,15.51,1.00,1.00,16.68,16.51,official_debt,SRC-PROVINCE-DEBT-QINGHAI-2020,A1,extracted,true,法定债务四个分项保持独立；缺失值保留 null。
DEBT-CN-632800-2020-PREFECTURE,CN-632800,2020,2020-12-31,prefecture_whole,150.00,111.01,72.51,62.61,222.51,173.62,official_debt,SRC-PROVINCE-DEBT-QINGHAI-2020,A1,extracted,true,法定债务四个分项保持独立；缺失值保留 null。
DEBT-CN-640100-2020-PREFECTURE,CN-640100,2020,2020-12-31,prefecture_whole,238.68,188.87,131.66,118.80,370.34,307.67,official_debt,SRC-CITY-PANEL-1990-2023;SRC-PROVINCE-DEBT-NINGXIA-2020,A1,extracted,true,法定债务四个分项保持独立；缺失值保留 null。
DEBT-CN-640200-2020-PREFECTURE,CN-640200,2020,2020-12-31,prefecture_whole,79.68,68.92,12.96,11.71,92.64,80.62,official_debt,SRC-CITY-PANEL-1990-2023;SRC-PROVINCE-DEBT-NINGXIA-2020,A1,extracted,true,法定债务四个分项保持独立；缺失值保留 null。
DEBT-CN-640300-2020-PREFECTURE,CN-640300,2020,2020-12-31,prefecture_whole,83.18,74.21,39.64,32.90,122.82,107.10,official_debt,SRC-CITY-PANEL-1990-2023;SRC-PROVINCE-DEBT-NINGXIA-2020,A1,extracted,true,法定债务四个分项保持独立；缺失值保留 null。
DEBT-CN-640400-2020-PREFECTURE,CN-640400,2020,2020-12-31,prefecture_whole,68.31,63.84,21.19,14.90,89.50,78.75,official_debt,SRC-CITY-PANEL-1990-2023;SRC-PROVINCE-DEBT-NINGXIA-2020,A1,extracted,true,法定债务四个分项保持独立；缺失值保留 null。
DEBT-CN-640500-2020-PREFECTURE,CN-640500,2020,2020-12-31,prefecture_whole,92.11,79.45,18.09,15.57,110.20,95.02,official_debt,SRC-CITY-PANEL-1990-2023;SRC-PROVINCE-DEBT-NINGXIA-2020,A1,extracted,true,法定债务四个分项保持独立；缺失值保留 null。
DEBT-CN-650100-2020-PREFECTURE,CN-650100,2020,2020-12-31,prefecture_whole,,,,,,,provisional,SRC-CITY-PANEL-1990-2023,D,missing,false,法定债务四个分项保持独立；缺失值保留 null。
DEBT-CN-650200-2020-PREFECTURE,CN-650200,2020,2020-12-31,prefecture_whole,,,,,,,provisional,SRC-CITY-PANEL-1990-2023,D,missing,false,法定债务四个分项保持独立；缺失值保留 null。
DEBT-CN-650400-2020-PREFECTURE,CN-650400,2020,2020-12-31,prefecture_whole,,,,,,,provisional,SRC-CITY-PANEL-1990-2023,D,missing,false,法定债务四个分项保持独立；缺失值保留 null。
DEBT-CN-650500-2020-PREFECTURE,CN-650500,2020,2020-12-31,prefecture_whole,,,,,,,provisional,SRC-CITY-PANEL-1990-2023,D,missing,false,法定债务四个分项保持独立；缺失值保留 null。
DEBT-CN-652300-2020-PREFECTURE,CN-652300,2020,2020-12-31,prefecture_whole,,,,,,,not_collected,,,missing,false,法定债务四个分项保持独立；缺失值保留 null。
DEBT-CN-652700-2020-PREFECTURE,CN-652700,2020,2020-12-31,prefecture_whole,,,,,,,not_collected,,,missing,false,法定债务四个分项保持独立；缺失值保留 null。
DEBT-CN-652800-2020-PREFECTURE,CN-652800,2020,2020-12-31,prefecture_whole,,,,,,,not_collected,,,missing,false,法定债务四个分项保持独立；缺失值保留 null。
DEBT-CN-652900-2020-PREFECTURE,CN-652900,2020,2020-12-31,prefecture_whole,,,,,,,not_collected,,,missing,false,法定债务四个分项保持独立；缺失值保留 null。
DEBT-CN-653000-2020-PREFECTURE,CN-653000,2020,2020-12-31,prefecture_whole,,,,,,,not_collected,,,missing,false,法定债务四个分项保持独立；缺失值保留 null。
DEBT-CN-653100-2020-PREFECTURE,CN-653100,2020,2020-12-31,prefecture_whole,,,,,,,not_collected,,,missing,false,法定债务四个分项保持独立；缺失值保留 null。
DEBT-CN-653200-2020-PREFECTURE,CN-653200,2020,2020-12-31,prefecture_whole,,,,,,,not_collected,,,missing,false,法定债务四个分项保持独立；缺失值保留 null。
DEBT-CN-654000-2020-PREFECTURE,CN-654000,2020,2020-12-31,prefecture_whole,,,,,,,not_collected,,,missing,false,法定债务四个分项保持独立；缺失值保留 null。
DEBT-CN-654200-2020-PREFECTURE,CN-654200,2020,2020-12-31,prefecture_whole,,,,,,,not_collected,,,missing,false,法定债务四个分项保持独立；缺失值保留 null。
DEBT-CN-654300-2020-PREFECTURE,CN-654300,2020,2020-12-31,prefecture_whole,,,,,,,not_collected,,,missing,false,法定债务四个分项保持独立；缺失值保留 null。
DEBT-CN-659000-2020-PREFECTURE,CN-659000,2020,2020-12-31,prefecture_whole,,,,,,,not_collected,,,missing,false,法定债务四个分项保持独立；缺失值保留 null。
DEBT-CN-110000-2021-PREFECTURE,CN-110000,2021,2021-12-31,prefecture_whole,,,,,,,provisional,SRC-CITY-PANEL-1990-2023,D,missing,false,法定债务四个分项保持独立；缺失值保留 null。
DEBT-CN-120000-2021-PREFECTURE,CN-120000,2021,2021-12-31,prefecture_whole,1951.80,1941.80,6030.30,5940.20,7982.10,7882.00,official_debt,SRC-CITY-PANEL-1990-2023;SRC-PROVINCE-DEBT-TIANJIN-2021,A1,extracted,true,法定债务四个分项保持独立；缺失值保留 null。
DEBT-CN-130100-2021-PREFECTURE,CN-130100,2021,2021-12-31,prefecture_whole,878.75,735.48,1072.99,991.41,1951.75,1726.89,secondary_debt,SRC-CITY-PANEL-1990-2023;SRC-PROVINCE-DEBT-HEBEI-2021,B2,needs_review,true,法定债务四个分项保持独立；缺失值保留 null。
DEBT-CN-130200-2021-PREFECTURE,CN-130200,2021,2021-12-31,prefecture_whole,1241.02,1001.64,1094.70,1026.03,2335.72,2027.67,secondary_debt,SRC-CITY-PANEL-1990-2023;SRC-PROVINCE-DEBT-HEBEI-2021,B2,needs_review,true,法定债务四个分项保持独立；缺失值保留 null。
DEBT-CN-130300-2021-PREFECTURE,CN-130300,2021,2021-12-31,prefecture_whole,430.87,349.89,296.30,264.32,727.17,614.20,secondary_debt,SRC-CITY-PANEL-1990-2023;SRC-PROVINCE-DEBT-HEBEI-2021,B2,needs_review,true,法定债务四个分项保持独立；缺失值保留 null。
DEBT-CN-130400-2021-PREFECTURE,CN-130400,2021,2021-12-31,prefecture_whole,585.93,477.87,610.48,509.99,1196.41,987.86,secondary_debt,SRC-CITY-PANEL-1990-2023;SRC-PROVINCE-DEBT-HEBEI-2021,B2,needs_review,true,法定债务四个分项保持独立；缺失值保留 null。
DEBT-CN-130500-2021-PREFECTURE,CN-130500,2021,2021-12-31,prefecture_whole,321.58,267.88,577.13,524.08,898.71,791.96,secondary_debt,SRC-CITY-PANEL-1990-2023;SRC-PROVINCE-DEBT-HEBEI-2021,B2,needs_review,true,法定债务四个分项保持独立；缺失值保留 null。
DEBT-CN-130600-2021-PREFECTURE,CN-130600,2021,2021-12-31,prefecture_whole,289.70,254.99,766.29,670.96,1055.99,925.95,secondary_debt,SRC-CITY-PANEL-1990-2023;SRC-PROVINCE-DEBT-HEBEI-2021,B2,needs_review,true,法定债务四个分项保持独立；缺失值保留 null。
DEBT-CN-130700-2021-PREFECTURE,CN-130700,2021,2021-12-31,prefecture_whole,462.35,387.67,517.72,490.14,980.07,877.82,secondary_debt,SRC-CITY-PANEL-1990-2023;SRC-PROVINCE-DEBT-HEBEI-2021,B2,needs_review,true,法定债务四个分项保持独立；缺失值保留 null。
DEBT-CN-130800-2021-PREFECTURE,CN-130800,2021,2021-12-31,prefecture_whole,442.39,384.20,311.63,264.57,754.02,648.77,secondary_debt,SRC-CITY-PANEL-1990-2023;SRC-PROVINCE-DEBT-HEBEI-2021,B2,needs_review,true,法定债务四个分项保持独立；缺失值保留 null。
DEBT-CN-130900-2021-PREFECTURE,CN-130900,2021,2021-12-31,prefecture_whole,318.75,262.42,440.83,398.81,759.58,661.24,secondary_debt,SRC-CITY-PANEL-1990-2023;SRC-PROVINCE-DEBT-HEBEI-2021,B2,needs_review,true,法定债务四个分项保持独立；缺失值保留 null。
DEBT-CN-131000-2021-PREFECTURE,CN-131000,2021,2021-12-31,prefecture_whole,244.92,193.86,544.64,483.26,789.56,677.12,secondary_debt,SRC-CITY-PANEL-1990-2023;SRC-PROVINCE-DEBT-HEBEI-2021,B2,needs_review,true,法定债务四个分项保持独立；缺失值保留 null。
DEBT-CN-131100-2021-PREFECTURE,CN-131100,2021,2021-12-31,prefecture_whole,186.58,167.25,325.61,301.87,512.18,469.12,secondary_debt,SRC-CITY-PANEL-1990-2023;SRC-PROVINCE-DEBT-HEBEI-2021,B2,needs_review,true,法定债务四个分项保持独立；缺失值保留 null。
DEBT-CN-140100-2021-PREFECTURE,CN-140100,2021,2021-12-31,prefecture_whole,,,,,,,provisional,SRC-CITY-PANEL-1990-2023,D,missing,false,法定债务四个分项保持独立；缺失值保留 null。
DEBT-CN-140200-2021-PREFECTURE,CN-140200,2021,2021-12-31,prefecture_whole,,,,,,,provisional,SRC-CITY-PANEL-1990-2023,D,missing,false,法定债务四个分项保持独立；缺失值保留 null。
DEBT-CN-140300-2021-PREFECTURE,CN-140300,2021,2021-12-31,prefecture_whole,,,,,,,provisional,SRC-CITY-PANEL-1990-2023,D,missing,false,法定债务四个分项保持独立；缺失值保留 null。
DEBT-CN-140400-2021-PREFECTURE,CN-140400,2021,2021-12-31,prefecture_whole,,,,,,,provisional,SRC-CITY-PANEL-1990-2023,D,missing,false,法定债务四个分项保持独立；缺失值保留 null。
DEBT-CN-140500-2021-PREFECTURE,CN-140500,2021,2021-12-31,prefecture_whole,,,,,,,provisional,SRC-CITY-PANEL-1990-2023,D,missing,false,法定债务四个分项保持独立；缺失值保留 null。
DEBT-CN-140600-2021-PREFECTURE,CN-140600,2021,2021-12-31,prefecture_whole,,,,,,,provisional,SRC-CITY-PANEL-1990-2023,D,missing,false,法定债务四个分项保持独立；缺失值保留 null。
DEBT-CN-140700-2021-PREFECTURE,CN-140700,2021,2021-12-31,prefecture_whole,,,,,,,provisional,SRC-CITY-PANEL-1990-2023,D,missing,false,法定债务四个分项保持独立；缺失值保留 null。
DEBT-CN-140800-2021-PREFECTURE,CN-140800,2021,2021-12-31,prefecture_whole,,,,,,,provisional,SRC-CITY-PANEL-1990-2023,D,missing,false,法定债务四个分项保持独立；缺失值保留 null。
DEBT-CN-140900-2021-PREFECTURE,CN-140900,2021,2021-12-31,prefecture_whole,,,,,,,provisional,SRC-CITY-PANEL-1990-2023,D,missing,false,法定债务四个分项保持独立；缺失值保留 null。
DEBT-CN-141000-2021-PREFECTURE,CN-141000,2021,2021-12-31,prefecture_whole,,,,,,,provisional,SRC-CITY-PANEL-1990-2023,D,missing,false,法定债务四个分项保持独立；缺失值保留 null。
DEBT-CN-141100-2021-PREFECTURE,CN-141100,2021,2021-12-31,prefecture_whole,,,,,,,provisional,SRC-CITY-PANEL-1990-2023,D,missing,false,法定债务四个分项保持独立；缺失值保留 null。
DEBT-CN-150100-2021-PREFECTURE,CN-150100,2021,2021-12-31,prefecture_whole,,,,,,979.09,secondary_debt,SRC-CITY-PANEL-1990-2023;SRC-SECONDARY-CEIC-CN-150100,D,needs_review,true,法定债务四个分项保持独立；缺失值保留 null。
DEBT-CN-150200-2021-PREFECTURE,CN-150200,2021,2021-12-31,prefecture_whole,,,,,,,provisional,SRC-CITY-PANEL-1990-2023,D,missing,false,法定债务四个分项保持独立；缺失值保留 null。
DEBT-CN-150300-2021-PREFECTURE,CN-150300,2021,2021-12-31,prefecture_whole,,170.91,,74.00,,244.91,official_debt,SRC-CITY-PANEL-1990-2023;SRC-OFFICIAL-DEBT-INNER-MONGOLIA-WUHAI-2021,A2,extracted,true,法定债务四个分项保持独立；缺失值保留 null。
DEBT-CN-150400-2021-PREFECTURE,CN-150400,2021,2021-12-31,prefecture_whole,,,,,,563.82,secondary_debt,SRC-CITY-PANEL-1990-2023;SRC-SECONDARY-CEIC-CN-150400,D,needs_review,true,法定债务四个分项保持独立；缺失值保留 null。
DEBT-CN-150500-2021-PREFECTURE,CN-150500,2021,2021-12-31,prefecture_whole,449.00,435.98,145.00,140.37,594.00,576.35,official_debt,SRC-CITY-PANEL-1990-2023;SRC-OFFICIAL-DEBT-INNER-MONGOLIA-TONGLIAO-2021,A2,extracted,true,法定债务四个分项保持独立；缺失值保留 null。
DEBT-CN-150600-2021-PREFECTURE,CN-150600,2021,2021-12-31,prefecture_whole,,,,,,,provisional,SRC-CITY-PANEL-1990-2023,D,missing,false,法定债务四个分项保持独立；缺失值保留 null。
DEBT-CN-150700-2021-PREFECTURE,CN-150700,2021,2021-12-31,prefecture_whole,,,,,,565.82,secondary_debt,SRC-CITY-PANEL-1990-2023;SRC-SECONDARY-CEIC-CN-150700,D,needs_review,true,法定债务四个分项保持独立；缺失值保留 null。
DEBT-CN-150800-2021-PREFECTURE,CN-150800,2021,2021-12-31,prefecture_whole,,,,,,505.17,secondary_debt,SRC-CITY-PANEL-1990-2023;SRC-SECONDARY-CEIC-CN-150800,D,needs_review,true,法定债务四个分项保持独立；缺失值保留 null。
DEBT-CN-150900-2021-PREFECTURE,CN-150900,2021,2021-12-31,prefecture_whole,550.00,544.47,200.00,195.38,750.00,739.85,official_debt,SRC-CITY-PANEL-1990-2023;SRC-OFFICIAL-DEBT-INNER-MONGOLIA-ULANQAB-2021,A2,extracted,true,法定债务四个分项保持独立；缺失值保留 null。
DEBT-CN-152200-2021-PREFECTURE,CN-152200,2021,2021-12-31,prefecture_whole,,250.74,,108.93,,359.67,official_debt,SRC-OFFICIAL-DEBT-INNER-MONGOLIA-XINGAN-2021,A2,extracted,true,法定债务四个分项保持独立；缺失值保留 null。
DEBT-CN-152500-2021-PREFECTURE,CN-152500,2021,2021-12-31,prefecture_whole,,,,,,,not_collected,,,missing,false,法定债务四个分项保持独立；缺失值保留 null。
DEBT-CN-152900-2021-PREFECTURE,CN-152900,2021,2021-12-31,prefecture_whole,164.00,156.52,94.00,92.59,258.00,249.11,official_debt,SRC-OFFICIAL-DEBT-INNER-MONGOLIA-ALXA-2021,A2,extracted,true,法定债务四个分项保持独立；缺失值保留 null。
DEBT-CN-210100-2021-PREFECTURE,CN-210100,2021,2021-12-31,prefecture_whole,,,,,,,provisional,SRC-CITY-PANEL-1990-2023,D,missing,false,法定债务四个分项保持独立；缺失值保留 null。
DEBT-CN-210200-2021-PREFECTURE,CN-210200,2021,2021-12-31,prefecture_whole,,1512.25,,857.25,,2369.50,official_debt,SRC-CITY-PANEL-1990-2023;SRC-CELMA-API-DEBT-2102-2021,A2,extracted,true,法定债务四个分项保持独立；缺失值保留 null。
DEBT-CN-210300-2021-PREFECTURE,CN-210300,2021,2021-12-31,prefecture_whole,,,,,,,provisional,SRC-CITY-PANEL-1990-2023,D,missing,false,法定债务四个分项保持独立；缺失值保留 null。
DEBT-CN-210400-2021-PREFECTURE,CN-210400,2021,2021-12-31,prefecture_whole,,,,,,,provisional,SRC-CITY-PANEL-1990-2023,D,missing,false,法定债务四个分项保持独立；缺失值保留 null。
DEBT-CN-210500-2021-PREFECTURE,CN-210500,2021,2021-12-31,prefecture_whole,,,,,,,provisional,SRC-CITY-PANEL-1990-2023,D,missing,false,法定债务四个分项保持独立；缺失值保留 null。
DEBT-CN-210600-2021-PREFECTURE,CN-210600,2021,2021-12-31,prefecture_whole,,,,,,,provisional,SRC-CITY-PANEL-1990-2023,D,missing,false,法定债务四个分项保持独立；缺失值保留 null。
DEBT-CN-210700-2021-PREFECTURE,CN-210700,2021,2021-12-31,prefecture_whole,,,,,,,provisional,SRC-CITY-PANEL-1990-2023,D,missing,false,法定债务四个分项保持独立；缺失值保留 null。
DEBT-CN-210800-2021-PREFECTURE,CN-210800,2021,2021-12-31,prefecture_whole,,,,,,,provisional,SRC-CITY-PANEL-1990-2023,D,missing,false,法定债务四个分项保持独立；缺失值保留 null。
DEBT-CN-210900-2021-PREFECTURE,CN-210900,2021,2021-12-31,prefecture_whole,,,,,,,provisional,SRC-CITY-PANEL-1990-2023,D,missing,false,法定债务四个分项保持独立；缺失值保留 null。
DEBT-CN-211000-2021-PREFECTURE,CN-211000,2021,2021-12-31,prefecture_whole,,,,,,,provisional,SRC-CITY-PANEL-1990-2023,D,missing,false,法定债务四个分项保持独立；缺失值保留 null。
DEBT-CN-211100-2021-PREFECTURE,CN-211100,2021,2021-12-31,prefecture_whole,,,,,,,provisional,SRC-CITY-PANEL-1990-2023,D,missing,false,法定债务四个分项保持独立；缺失值保留 null。
DEBT-CN-211200-2021-PREFECTURE,CN-211200,2021,2021-12-31,prefecture_whole,,,,,,,provisional,SRC-CITY-PANEL-1990-2023,D,missing,false,法定债务四个分项保持独立；缺失值保留 null。
DEBT-CN-211300-2021-PREFECTURE,CN-211300,2021,2021-12-31,prefecture_whole,,,,,,,provisional,SRC-CITY-PANEL-1990-2023,D,missing,false,法定债务四个分项保持独立；缺失值保留 null。
DEBT-CN-211400-2021-PREFECTURE,CN-211400,2021,2021-12-31,prefecture_whole,,,,,,,provisional,SRC-CITY-PANEL-1990-2023,D,missing,false,法定债务四个分项保持独立；缺失值保留 null。
DEBT-CN-220100-2021-PREFECTURE,CN-220100,2021,2021-12-31,prefecture_whole,790.76,726.39,1340.06,1229.40,2130.81,1955.79,official_debt,SRC-CITY-PANEL-1990-2023;SRC-PROVINCE-DEBT-JILIN-2021,A1,extracted,true,法定债务四个分项保持独立；缺失值保留 null。
DEBT-CN-220200-2021-PREFECTURE,CN-220200,2021,2021-12-31,prefecture_whole,223.42,209.82,263.80,258.46,487.22,468.28,official_debt,SRC-CITY-PANEL-1990-2023;SRC-PROVINCE-DEBT-JILIN-2021,A1,extracted,true,法定债务四个分项保持独立；缺失值保留 null。
DEBT-CN-220300-2021-PREFECTURE,CN-220300,2021,2021-12-31,prefecture_whole,87.61,72.10,39.39,39.25,126.99,111.35,official_debt,SRC-CITY-PANEL-1990-2023;SRC-PROVINCE-DEBT-JILIN-2021,A1,extracted,true,法定债务四个分项保持独立；缺失值保留 null。
DEBT-CN-220400-2021-PREFECTURE,CN-220400,2021,2021-12-31,prefecture_whole,64.57,58.88,65.40,62.08,129.97,120.95,official_debt,SRC-CITY-PANEL-1990-2023;SRC-PROVINCE-DEBT-JILIN-2021,A1,extracted,true,法定债务四个分项保持独立；缺失值保留 null。
DEBT-CN-220500-2021-PREFECTURE,CN-220500,2021,2021-12-31,prefecture_whole,78.96,78.46,93.74,92.44,172.70,170.89,official_debt,SRC-CITY-PANEL-1990-2023;SRC-PROVINCE-DEBT-JILIN-2021,A1,extracted,true,法定债务四个分项保持独立；缺失值保留 null。
DEBT-CN-220600-2021-PREFECTURE,CN-220600,2021,2021-12-31,prefecture_whole,122.25,108.02,46.49,46.05,168.74,154.06,official_debt,SRC-CITY-PANEL-1990-2023;SRC-PROVINCE-DEBT-JILIN-2021,A1,extracted,true,法定债务四个分项保持独立；缺失值保留 null。
DEBT-CN-220700-2021-PREFECTURE,CN-220700,2021,2021-12-31,prefecture_whole,92.82,90.65,77.51,75.45,170.33,166.10,official_debt,SRC-CITY-PANEL-1990-2023;SRC-PROVINCE-DEBT-JILIN-2021,A1,extracted,true,法定债务四个分项保持独立；缺失值保留 null。
DEBT-CN-220800-2021-PREFECTURE,CN-220800,2021,2021-12-31,prefecture_whole,102.69,96.55,40.56,40.43,143.25,136.98,official_debt,SRC-CITY-PANEL-1990-2023;SRC-PROVINCE-DEBT-JILIN-2021,A1,extracted,true,法定债务四个分项保持独立；缺失值保留 null。
DEBT-CN-222400-2021-PREFECTURE,CN-222400,2021,2021-12-31,prefecture_whole,330.59,312.22,244.77,234.91,575.36,547.12,official_debt,SRC-PROVINCE-DEBT-JILIN-2021,A1,extracted,true,法定债务四个分项保持独立；缺失值保留 null。
DEBT-CN-230100-2021-PREFECTURE,CN-230100,2021,2021-12-31,prefecture_whole,1619.13,1574.74,1152.91,1126.45,2772.04,2701.18,official_debt,SRC-CITY-PANEL-1990-2023;SRC-PROVINCE-DEBT-HEILONGJIANG-2021,A1,extracted,true,法定债务四个分项保持独立；缺失值保留 null。
DEBT-CN-230200-2021-PREFECTURE,CN-230200,2021,2021-12-31,prefecture_whole,279.61,275.98,98.68,98.46,378.28,374.44,official_debt,SRC-CITY-PANEL-1990-2023;SRC-PROVINCE-DEBT-HEILONGJIANG-2021,A1,extracted,true,法定债务四个分项保持独立；缺失值保留 null。
DEBT-CN-230300-2021-PREFECTURE,CN-230300,2021,2021-12-31,prefecture_whole,147.85,144.17,38.88,38.75,186.73,182.91,official_debt,SRC-CITY-PANEL-1990-2023;SRC-PROVINCE-DEBT-HEILONGJIANG-2021,A1,extracted,true,法定债务四个分项保持独立；缺失值保留 null。
DEBT-CN-230400-2021-PREFECTURE,CN-230400,2021,2021-12-31,prefecture_whole,117.46,115.99,32.18,32.06,149.64,148.05,official_debt,SRC-CITY-PANEL-1990-2023;SRC-PROVINCE-DEBT-HEILONGJIANG-2021,A1,extracted,true,法定债务四个分项保持独立；缺失值保留 null。
DEBT-CN-230500-2021-PREFECTURE,CN-230500,2021,2021-12-31,prefecture_whole,188.09,185.35,60.96,60.85,249.05,246.20,official_debt,SRC-CITY-PANEL-1990-2023;SRC-PROVINCE-DEBT-HEILONGJIANG-2021,A1,extracted,true,法定债务四个分项保持独立；缺失值保留 null。
DEBT-CN-230600-2021-PREFECTURE,CN-230600,2021,2021-12-31,prefecture_whole,206.84,200.48,101.77,101.09,308.62,301.57,official_debt,SRC-CITY-PANEL-1990-2023;SRC-PROVINCE-DEBT-HEILONGJIANG-2021,A1,extracted,true,法定债务四个分项保持独立；缺失值保留 null。
DEBT-CN-230700-2021-PREFECTURE,CN-230700,2021,2021-12-31,prefecture_whole,152.74,149.26,33.46,33.30,186.21,182.56,official_debt,SRC-CITY-PANEL-1990-2023;SRC-PROVINCE-DEBT-HEILONGJIANG-2021,A1,extracted,true,法定债务四个分项保持独立；缺失值保留 null。
DEBT-CN-230800-2021-PREFECTURE,CN-230800,2021,2021-12-31,prefecture_whole,284.21,280.85,85.46,85.26,369.67,366.12,official_debt,SRC-CITY-PANEL-1990-2023;SRC-PROVINCE-DEBT-HEILONGJIANG-2021,A1,extracted,true,法定债务四个分项保持独立；缺失值保留 null。
DEBT-CN-230900-2021-PREFECTURE,CN-230900,2021,2021-12-31,prefecture_whole,135.34,134.97,73.36,73.23,208.70,208.20,official_debt,SRC-CITY-PANEL-1990-2023;SRC-PROVINCE-DEBT-HEILONGJIANG-2021,A1,extracted,true,法定债务四个分项保持独立；缺失值保留 null。
DEBT-CN-231000-2021-PREFECTURE,CN-231000,2021,2021-12-31,prefecture_whole,325.25,320.19,99.89,98.24,425.14,418.42,official_debt,SRC-CITY-PANEL-1990-2023;SRC-PROVINCE-DEBT-HEILONGJIANG-2021,A1,extracted,true,法定债务四个分项保持独立；缺失值保留 null。
DEBT-CN-231100-2021-PREFECTURE,CN-231100,2021,2021-12-31,prefecture_whole,113.85,111.67,51.53,50.40,165.38,162.07,official_debt,SRC-CITY-PANEL-1990-2023;SRC-PROVINCE-DEBT-HEILONGJIANG-2021,A1,extracted,true,法定债务四个分项保持独立；缺失值保留 null。
DEBT-CN-231200-2021-PREFECTURE,CN-231200,2021,2021-12-31,prefecture_whole,307.67,303.31,94.39,91.46,402.06,394.76,official_debt,SRC-CITY-PANEL-1990-2023;SRC-PROVINCE-DEBT-HEILONGJIANG-2021,A1,extracted,true,法定债务四个分项保持独立；缺失值保留 null。
DEBT-CN-232700-2021-PREFECTURE,CN-232700,2021,2021-12-31,prefecture_whole,31.25,30.49,8.10,7.97,39.35,38.46,official_debt,SRC-PROVINCE-DEBT-HEILONGJIANG-2021,A1,extracted,true,法定债务四个分项保持独立；缺失值保留 null。
DEBT-CN-310000-2021-PREFECTURE,CN-310000,2021,2021-12-31,prefecture_whole,4639.50,3120.30,5963.60,4236.50,10603.10,7356.80,official_debt,SRC-CITY-PANEL-1990-2023;SRC-CITY-DEBT-SHANGHAI-2021,A1,extracted,true,法定债务四个分项保持独立；缺失值保留 null。
DEBT-CN-320100-2021-PREFECTURE,CN-320100,2021,2021-12-31,prefecture_whole,1211.34,1070.30,1997.54,1819.66,3208.88,2889.97,official_debt,SRC-CITY-PANEL-1990-2023;SRC-PROVINCE-DEBT-JIANGSU-2021,A1,extracted,true,法定债务四个分项保持独立；缺失值保留 null。
DEBT-CN-320200-2021-PREFECTURE,CN-320200,2021,2021-12-31,prefecture_whole,555.45,522.50,1125.49,1085.56,1680.94,1608.06,official_debt,SRC-CITY-PANEL-1990-2023;SRC-PROVINCE-DEBT-JIANGSU-2021,A1,extracted,true,法定债务四个分项保持独立；缺失值保留 null。
DEBT-CN-320300-2021-PREFECTURE,CN-320300,2021,2021-12-31,prefecture_whole,371.99,315.73,1051.84,1016.54,1423.83,1332.27,official_debt,SRC-CITY-PANEL-1990-2023;SRC-PROVINCE-DEBT-JIANGSU-2021,A1,extracted,true,法定债务四个分项保持独立；缺失值保留 null。
DEBT-CN-320400-2021-PREFECTURE,CN-320400,2021,2021-12-31,prefecture_whole,420.69,400.64,1029.49,1014.69,1450.18,1415.33,official_debt,SRC-CITY-PANEL-1990-2023;SRC-PROVINCE-DEBT-JIANGSU-2021,A1,extracted,true,法定债务四个分项保持独立；缺失值保留 null。
DEBT-CN-320500-2021-PREFECTURE,CN-320500,2021,2021-12-31,prefecture_whole,807.67,663.86,1134.11,924.50,1941.78,1588.36,official_debt,SRC-CITY-PANEL-1990-2023;SRC-PROVINCE-DEBT-JIANGSU-2021,A1,extracted,true,法定债务四个分项保持独立；缺失值保留 null。
DEBT-CN-320600-2021-PREFECTURE,CN-320600,2021,2021-12-31,prefecture_whole,872.22,790.74,1158.11,1071.97,2030.33,1862.70,official_debt,SRC-CITY-PANEL-1990-2023;SRC-PROVINCE-DEBT-JIANGSU-2021,A1,extracted,true,法定债务四个分项保持独立；缺失值保留 null。
DEBT-CN-320700-2021-PREFECTURE,CN-320700,2021,2021-12-31,prefecture_whole,260.08,230.87,446.07,427.55,706.15,658.42,official_debt,SRC-CITY-PANEL-1990-2023;SRC-PROVINCE-DEBT-JIANGSU-2021,A1,extracted,true,法定债务四个分项保持独立；缺失值保留 null。
DEBT-CN-320800-2021-PREFECTURE,CN-320800,2021,2021-12-31,prefecture_whole,416.73,383.08,336.96,309.54,753.69,692.62,official_debt,SRC-CITY-PANEL-1990-2023;SRC-PROVINCE-DEBT-JIANGSU-2021,A1,extracted,true,法定债务四个分项保持独立；缺失值保留 null。
DEBT-CN-320900-2021-PREFECTURE,CN-320900,2021,2021-12-31,prefecture_whole,666.80,633.96,880.68,838.87,1547.48,1472.83,official_debt,SRC-CITY-PANEL-1990-2023;SRC-PROVINCE-DEBT-JIANGSU-2021,A1,extracted,true,法定债务四个分项保持独立；缺失值保留 null。
DEBT-CN-321000-2021-PREFECTURE,CN-321000,2021,2021-12-31,prefecture_whole,446.77,412.90,637.28,564.80,1084.05,977.69,official_debt,SRC-CITY-PANEL-1990-2023;SRC-PROVINCE-DEBT-JIANGSU-2021,A1,extracted,true,法定债务四个分项保持独立；缺失值保留 null。
DEBT-CN-321100-2021-PREFECTURE,CN-321100,2021,2021-12-31,prefecture_whole,461.69,423.69,1512.73,1494.61,1974.42,1918.30,official_debt,SRC-CITY-PANEL-1990-2023;SRC-PROVINCE-DEBT-JIANGSU-2021,A1,extracted,true,法定债务四个分项保持独立；缺失值保留 null。
DEBT-CN-321200-2021-PREFECTURE,CN-321200,2021,2021-12-31,prefecture_whole,494.04,440.79,550.24,525.03,1044.28,965.83,official_debt,SRC-CITY-PANEL-1990-2023;SRC-PROVINCE-DEBT-JIANGSU-2021,A1,extracted,true,法定债务四个分项保持独立；缺失值保留 null。
DEBT-CN-321300-2021-PREFECTURE,CN-321300,2021,2021-12-31,prefecture_whole,378.83,359.81,519.63,516.04,898.46,875.84,official_debt,SRC-CITY-PANEL-1990-2023;SRC-PROVINCE-DEBT-JIANGSU-2021,A1,extracted,true,法定债务四个分项保持独立；缺失值保留 null。
DEBT-CN-330100-2021-PREFECTURE,CN-330100,2021,2021-12-31,prefecture_whole,,,,,,,provisional,SRC-CITY-PANEL-1990-2023,D,missing,false,法定债务四个分项保持独立；缺失值保留 null。
DEBT-CN-330200-2021-PREFECTURE,CN-330200,2021,2021-12-31,prefecture_whole,,1250.94,,1297.72,,2548.66,official_debt,SRC-CITY-PANEL-1990-2023;SRC-CELMA-API-DEBT-3302-2021,A2,extracted,true,法定债务四个分项保持独立；缺失值保留 null。
DEBT-CN-330300-2021-PREFECTURE,CN-330300,2021,2021-12-31,prefecture_whole,,,,,,,provisional,SRC-CITY-PANEL-1990-2023,D,missing,false,法定债务四个分项保持独立；缺失值保留 null。
DEBT-CN-330400-2021-PREFECTURE,CN-330400,2021,2021-12-31,prefecture_whole,,,,,,,provisional,SRC-CITY-PANEL-1990-2023,D,missing,false,法定债务四个分项保持独立；缺失值保留 null。
DEBT-CN-330500-2021-PREFECTURE,CN-330500,2021,2021-12-31,prefecture_whole,,,,,,,provisional,SRC-CITY-PANEL-1990-2023,D,missing,false,法定债务四个分项保持独立；缺失值保留 null。
DEBT-CN-330600-2021-PREFECTURE,CN-330600,2021,2021-12-31,prefecture_whole,,,,,,,provisional,SRC-CITY-PANEL-1990-2023,D,missing,false,法定债务四个分项保持独立；缺失值保留 null。
DEBT-CN-330700-2021-PREFECTURE,CN-330700,2021,2021-12-31,prefecture_whole,,,,,,,provisional,SRC-CITY-PANEL-1990-2023,D,missing,false,法定债务四个分项保持独立；缺失值保留 null。
DEBT-CN-330800-2021-PREFECTURE,CN-330800,2021,2021-12-31,prefecture_whole,,,,,,,provisional,SRC-CITY-PANEL-1990-2023,D,missing,false,法定债务四个分项保持独立；缺失值保留 null。
DEBT-CN-330900-2021-PREFECTURE,CN-330900,2021,2021-12-31,prefecture_whole,,,,,,,provisional,SRC-CITY-PANEL-1990-2023,D,missing,false,法定债务四个分项保持独立；缺失值保留 null。
DEBT-CN-331000-2021-PREFECTURE,CN-331000,2021,2021-12-31,prefecture_whole,,,,,,,provisional,SRC-CITY-PANEL-1990-2023,D,missing,false,法定债务四个分项保持独立；缺失值保留 null。
DEBT-CN-331100-2021-PREFECTURE,CN-331100,2021,2021-12-31,prefecture_whole,,,,,,,provisional,SRC-CITY-PANEL-1990-2023,D,missing,false,法定债务四个分项保持独立；缺失值保留 null。
DEBT-CN-340100-2021-PREFECTURE,CN-340100,2021,2021-12-31,prefecture_whole,,,,,,,provisional,SRC-CITY-PANEL-1990-2023,D,missing,false,法定债务四个分项保持独立；缺失值保留 null。
DEBT-CN-340200-2021-PREFECTURE,CN-340200,2021,2021-12-31,prefecture_whole,,,,,,,provisional,SRC-CITY-PANEL-1990-2023,D,missing,false,法定债务四个分项保持独立；缺失值保留 null。
DEBT-CN-340300-2021-PREFECTURE,CN-340300,2021,2021-12-31,prefecture_whole,,,,,,,provisional,SRC-CITY-PANEL-1990-2023,D,missing,false,法定债务四个分项保持独立；缺失值保留 null。
DEBT-CN-340400-2021-PREFECTURE,CN-340400,2021,2021-12-31,prefecture_whole,,,,,,,provisional,SRC-CITY-PANEL-1990-2023,D,missing,false,法定债务四个分项保持独立；缺失值保留 null。
DEBT-CN-340500-2021-PREFECTURE,CN-340500,2021,2021-12-31,prefecture_whole,,,,,,,provisional,SRC-CITY-PANEL-1990-2023,D,missing,false,法定债务四个分项保持独立；缺失值保留 null。
DEBT-CN-340600-2021-PREFECTURE,CN-340600,2021,2021-12-31,prefecture_whole,,,,,,,provisional,SRC-CITY-PANEL-1990-2023,D,missing,false,法定债务四个分项保持独立；缺失值保留 null。
DEBT-CN-340700-2021-PREFECTURE,CN-340700,2021,2021-12-31,prefecture_whole,,,,,,,provisional,SRC-CITY-PANEL-1990-2023,D,missing,false,法定债务四个分项保持独立；缺失值保留 null。
DEBT-CN-340800-2021-PREFECTURE,CN-340800,2021,2021-12-31,prefecture_whole,,,,,,,provisional,SRC-CITY-PANEL-1990-2023,D,missing,false,法定债务四个分项保持独立；缺失值保留 null。
DEBT-CN-341000-2021-PREFECTURE,CN-341000,2021,2021-12-31,prefecture_whole,,,,,,,provisional,SRC-CITY-PANEL-1990-2023,D,missing,false,法定债务四个分项保持独立；缺失值保留 null。
DEBT-CN-341100-2021-PREFECTURE,CN-341100,2021,2021-12-31,prefecture_whole,,,,,,,provisional,SRC-CITY-PANEL-1990-2023,D,missing,false,法定债务四个分项保持独立；缺失值保留 null。
DEBT-CN-341200-2021-PREFECTURE,CN-341200,2021,2021-12-31,prefecture_whole,,,,,,,provisional,SRC-CITY-PANEL-1990-2023,D,missing,false,法定债务四个分项保持独立；缺失值保留 null。
DEBT-CN-341300-2021-PREFECTURE,CN-341300,2021,2021-12-31,prefecture_whole,,,,,,,provisional,SRC-CITY-PANEL-1990-2023,D,missing,false,法定债务四个分项保持独立；缺失值保留 null。
DEBT-CN-341500-2021-PREFECTURE,CN-341500,2021,2021-12-31,prefecture_whole,,,,,,,provisional,SRC-CITY-PANEL-1990-2023,D,missing,false,法定债务四个分项保持独立；缺失值保留 null。
DEBT-CN-341600-2021-PREFECTURE,CN-341600,2021,2021-12-31,prefecture_whole,,,,,,,provisional,SRC-CITY-PANEL-1990-2023,D,missing,false,法定债务四个分项保持独立；缺失值保留 null。
DEBT-CN-341700-2021-PREFECTURE,CN-341700,2021,2021-12-31,prefecture_whole,,,,,,,provisional,SRC-CITY-PANEL-1990-2023,D,missing,false,法定债务四个分项保持独立；缺失值保留 null。
DEBT-CN-341800-2021-PREFECTURE,CN-341800,2021,2021-12-31,prefecture_whole,,,,,,,provisional,SRC-CITY-PANEL-1990-2023,D,missing,false,法定债务四个分项保持独立；缺失值保留 null。
DEBT-CN-350100-2021-PREFECTURE,CN-350100,2021,2021-12-31,prefecture_whole,,,,,,,provisional,SRC-CITY-PANEL-1990-2023,D,missing,false,法定债务四个分项保持独立；缺失值保留 null。
DEBT-CN-350200-2021-PREFECTURE,CN-350200,2021,2021-12-31,prefecture_whole,,356.87,,1069.32,,1426.19,official_debt,SRC-CITY-PANEL-1990-2023;SRC-CELMA-API-DEBT-3502-2021,A2,extracted,true,法定债务四个分项保持独立；缺失值保留 null。
DEBT-CN-350300-2021-PREFECTURE,CN-350300,2021,2021-12-31,prefecture_whole,,,,,,,provisional,SRC-CITY-PANEL-1990-2023,D,missing,false,法定债务四个分项保持独立；缺失值保留 null。
DEBT-CN-350400-2021-PREFECTURE,CN-350400,2021,2021-12-31,prefecture_whole,,,,,,,provisional,SRC-CITY-PANEL-1990-2023,D,missing,false,法定债务四个分项保持独立；缺失值保留 null。
DEBT-CN-350500-2021-PREFECTURE,CN-350500,2021,2021-12-31,prefecture_whole,,,,,,,provisional,SRC-CITY-PANEL-1990-2023,D,missing,false,法定债务四个分项保持独立；缺失值保留 null。
DEBT-CN-350600-2021-PREFECTURE,CN-350600,2021,2021-12-31,prefecture_whole,,,,,,,provisional,SRC-CITY-PANEL-1990-2023,D,missing,false,法定债务四个分项保持独立；缺失值保留 null。
DEBT-CN-350700-2021-PREFECTURE,CN-350700,2021,2021-12-31,prefecture_whole,,,,,,,provisional,SRC-CITY-PANEL-1990-2023,D,missing,false,法定债务四个分项保持独立；缺失值保留 null。
DEBT-CN-350800-2021-PREFECTURE,CN-350800,2021,2021-12-31,prefecture_whole,,,,,,,provisional,SRC-CITY-PANEL-1990-2023,D,missing,false,法定债务四个分项保持独立；缺失值保留 null。
DEBT-CN-350900-2021-PREFECTURE,CN-350900,2021,2021-12-31,prefecture_whole,,,,,,,provisional,SRC-CITY-PANEL-1990-2023,D,missing,false,法定债务四个分项保持独立；缺失值保留 null。
DEBT-CN-360100-2021-PREFECTURE,CN-360100,2021,2021-12-31,prefecture_whole,,,,,,,provisional,SRC-CITY-PANEL-1990-2023,D,missing,false,法定债务四个分项保持独立；缺失值保留 null。
DEBT-CN-360200-2021-PREFECTURE,CN-360200,2021,2021-12-31,prefecture_whole,,,,,,,provisional,SRC-CITY-PANEL-1990-2023,D,missing,false,法定债务四个分项保持独立；缺失值保留 null。
DEBT-CN-360300-2021-PREFECTURE,CN-360300,2021,2021-12-31,prefecture_whole,,,,,,,provisional,SRC-CITY-PANEL-1990-2023,D,missing,false,法定债务四个分项保持独立；缺失值保留 null。
DEBT-CN-360400-2021-PREFECTURE,CN-360400,2021,2021-12-31,prefecture_whole,,,,,,,provisional,SRC-CITY-PANEL-1990-2023,D,missing,false,法定债务四个分项保持独立；缺失值保留 null。
DEBT-CN-360500-2021-PREFECTURE,CN-360500,2021,2021-12-31,prefecture_whole,,,,,,,provisional,SRC-CITY-PANEL-1990-2023,D,missing,false,法定债务四个分项保持独立；缺失值保留 null。
DEBT-CN-360600-2021-PREFECTURE,CN-360600,2021,2021-12-31,prefecture_whole,,,,,,,provisional,SRC-CITY-PANEL-1990-2023,D,missing,false,法定债务四个分项保持独立；缺失值保留 null。
DEBT-CN-360700-2021-PREFECTURE,CN-360700,2021,2021-12-31,prefecture_whole,,,,,,,provisional,SRC-CITY-PANEL-1990-2023,D,missing,false,法定债务四个分项保持独立；缺失值保留 null。
DEBT-CN-360800-2021-PREFECTURE,CN-360800,2021,2021-12-31,prefecture_whole,,,,,,,provisional,SRC-CITY-PANEL-1990-2023,D,missing,false,法定债务四个分项保持独立；缺失值保留 null。
DEBT-CN-360900-2021-PREFECTURE,CN-360900,2021,2021-12-31,prefecture_whole,,,,,,,provisional,SRC-CITY-PANEL-1990-2023,D,missing,false,法定债务四个分项保持独立；缺失值保留 null。
DEBT-CN-361000-2021-PREFECTURE,CN-361000,2021,2021-12-31,prefecture_whole,,,,,,,provisional,SRC-CITY-PANEL-1990-2023,D,missing,false,法定债务四个分项保持独立；缺失值保留 null。
DEBT-CN-361100-2021-PREFECTURE,CN-361100,2021,2021-12-31,prefecture_whole,,,,,,,provisional,SRC-CITY-PANEL-1990-2023,D,missing,false,法定债务四个分项保持独立；缺失值保留 null。
DEBT-CN-370100-2021-PREFECTURE,CN-370100,2021,2021-12-31,prefecture_whole,286.61,233.75,2085.62,1885.74,2372.23,2119.49,official_debt,SRC-CITY-PANEL-1990-2023;SRC-OFFICIAL-DEBT-SHANDONG-2021-TABLE52,A1,extracted,true,法定债务四个分项保持独立；缺失值保留 null。
DEBT-CN-370200-2021-PREFECTURE,CN-370200,2021,2021-12-31,prefecture_whole,1142.65,952.15,1723.60,1606.92,2866.25,2559.07,official_debt,SRC-CITY-PANEL-1990-2023;SRC-OFFICIAL-DEBT-SHANDONG-2021-TABLE52,A1,extracted,true,法定债务四个分项保持独立；缺失值保留 null。
DEBT-CN-370300-2021-PREFECTURE,CN-370300,2021,2021-12-31,prefecture_whole,382.54,373.45,586.83,572.82,969.37,946.27,official_debt,SRC-CITY-PANEL-1990-2023;SRC-OFFICIAL-DEBT-SHANDONG-2021-TABLE52,A1,extracted,true,法定债务四个分项保持独立；缺失值保留 null。
DEBT-CN-370400-2021-PREFECTURE,CN-370400,2021,2021-12-31,prefecture_whole,198.23,195.04,370.60,366.60,568.83,561.64,official_debt,SRC-CITY-PANEL-1990-2023;SRC-OFFICIAL-DEBT-SHANDONG-2021-TABLE52,A1,extracted,true,法定债务四个分项保持独立；缺失值保留 null。
DEBT-CN-370500-2021-PREFECTURE,CN-370500,2021,2021-12-31,prefecture_whole,254.10,248.07,374.96,367.72,629.06,615.79,official_debt,SRC-CITY-PANEL-1990-2023;SRC-OFFICIAL-DEBT-SHANDONG-2021-TABLE52,A1,extracted,true,法定债务四个分项保持独立；缺失值保留 null。
DEBT-CN-370600-2021-PREFECTURE,CN-370600,2021,2021-12-31,prefecture_whole,709.24,680.56,893.88,860.19,1603.12,1540.75,official_debt,SRC-CITY-PANEL-1990-2023;SRC-OFFICIAL-DEBT-SHANDONG-2021-TABLE52,A1,extracted,true,法定债务四个分项保持独立；缺失值保留 null。
DEBT-CN-370700-2021-PREFECTURE,CN-370700,2021,2021-12-31,prefecture_whole,719.16,703.81,982.02,968.62,1701.18,1672.43,official_debt,SRC-CITY-PANEL-1990-2023;SRC-OFFICIAL-DEBT-SHANDONG-2021-TABLE52,A1,extracted,true,法定债务四个分项保持独立；缺失值保留 null。
DEBT-CN-370800-2021-PREFECTURE,CN-370800,2021,2021-12-31,prefecture_whole,526.45,509.06,856.43,836.12,1382.88,1345.18,official_debt,SRC-CITY-PANEL-1990-2023;SRC-OFFICIAL-DEBT-SHANDONG-2021-TABLE52,A1,extracted,true,法定债务四个分项保持独立；缺失值保留 null。
DEBT-CN-370900-2021-PREFECTURE,CN-370900,2021,2021-12-31,prefecture_whole,376.20,370.64,372.07,352.60,748.27,723.24,official_debt,SRC-CITY-PANEL-1990-2023;SRC-OFFICIAL-DEBT-SHANDONG-2021-TABLE52,A1,extracted,true,法定债务四个分项保持独立；缺失值保留 null。
DEBT-CN-371000-2021-PREFECTURE,CN-371000,2021,2021-12-31,prefecture_whole,317.90,309.18,501.54,485.55,819.44,794.73,official_debt,SRC-CITY-PANEL-1990-2023;SRC-OFFICIAL-DEBT-SHANDONG-2021-TABLE52,A1,extracted,true,法定债务四个分项保持独立；缺失值保留 null。
DEBT-CN-371100-2021-PREFECTURE,CN-371100,2021,2021-12-31,prefecture_whole,136.16,128.88,352.89,331.53,489.05,460.41,official_debt,SRC-CITY-PANEL-1990-2023;SRC-OFFICIAL-DEBT-SHANDONG-2021-TABLE52,A1,extracted,true,法定债务四个分项保持独立；缺失值保留 null。
DEBT-CN-371300-2021-PREFECTURE,CN-371300,2021,2021-12-31,prefecture_whole,346.32,330.57,974.95,926.81,1321.27,1257.38,official_debt,SRC-CITY-PANEL-1990-2023;SRC-OFFICIAL-DEBT-SHANDONG-2021-TABLE52,A1,extracted,true,法定债务四个分项保持独立；缺失值保留 null。
DEBT-CN-371400-2021-PREFECTURE,CN-371400,2021,2021-12-31,prefecture_whole,381.65,355.06,596.22,570.40,977.87,925.46,official_debt,SRC-CITY-PANEL-1990-2023;SRC-OFFICIAL-DEBT-SHANDONG-2021-TABLE52,A1,extracted,true,法定债务四个分项保持独立；缺失值保留 null。
DEBT-CN-371500-2021-PREFECTURE,CN-371500,2021,2021-12-31,prefecture_whole,222.46,212.25,626.45,607.24,848.91,819.49,official_debt,SRC-CITY-PANEL-1990-2023;SRC-OFFICIAL-DEBT-SHANDONG-2021-TABLE52,A1,extracted,true,法定债务四个分项保持独立；缺失值保留 null。
DEBT-CN-371600-2021-PREFECTURE,CN-371600,2021,2021-12-31,prefecture_whole,358.67,325.99,727.79,683.81,1086.46,1009.80,official_debt,SRC-CITY-PANEL-1990-2023;SRC-OFFICIAL-DEBT-SHANDONG-2021-TABLE52,A1,extracted,true,法定债务四个分项保持独立；缺失值保留 null。
DEBT-CN-371700-2021-PREFECTURE,CN-371700,2021,2021-12-31,prefecture_whole,161.75,150.41,983.81,957.32,1145.56,1107.73,official_debt,SRC-CITY-PANEL-1990-2023;SRC-OFFICIAL-DEBT-SHANDONG-2021-TABLE52,A1,extracted,true,法定债务四个分项保持独立；缺失值保留 null。
DEBT-CN-410100-2021-PREFECTURE,CN-410100,2021,2021-12-31,prefecture_whole,,,,,,,provisional,SRC-CITY-PANEL-1990-2023,D,missing,false,法定债务四个分项保持独立；缺失值保留 null。
DEBT-CN-410200-2021-PREFECTURE,CN-410200,2021,2021-12-31,prefecture_whole,,,,,,,provisional,SRC-CITY-PANEL-1990-2023,D,missing,false,法定债务四个分项保持独立；缺失值保留 null。
DEBT-CN-410300-2021-PREFECTURE,CN-410300,2021,2021-12-31,prefecture_whole,,,,,,,provisional,SRC-CITY-PANEL-1990-2023,D,missing,false,法定债务四个分项保持独立；缺失值保留 null。
DEBT-CN-410400-2021-PREFECTURE,CN-410400,2021,2021-12-31,prefecture_whole,,,,,,,provisional,SRC-CITY-PANEL-1990-2023,D,missing,false,法定债务四个分项保持独立；缺失值保留 null。
DEBT-CN-410500-2021-PREFECTURE,CN-410500,2021,2021-12-31,prefecture_whole,,,,,,,provisional,SRC-CITY-PANEL-1990-2023,D,missing,false,法定债务四个分项保持独立；缺失值保留 null。
DEBT-CN-410600-2021-PREFECTURE,CN-410600,2021,2021-12-31,prefecture_whole,,,,,,,provisional,SRC-CITY-PANEL-1990-2023,D,missing,false,法定债务四个分项保持独立；缺失值保留 null。
DEBT-CN-410700-2021-PREFECTURE,CN-410700,2021,2021-12-31,prefecture_whole,,,,,,,provisional,SRC-CITY-PANEL-1990-2023,D,missing,false,法定债务四个分项保持独立；缺失值保留 null。
DEBT-CN-410800-2021-PREFECTURE,CN-410800,2021,2021-12-31,prefecture_whole,,,,,,,provisional,SRC-CITY-PANEL-1990-2023,D,missing,false,法定债务四个分项保持独立；缺失值保留 null。
DEBT-CN-410900-2021-PREFECTURE,CN-410900,2021,2021-12-31,prefecture_whole,,,,,,,provisional,SRC-CITY-PANEL-1990-2023,D,missing,false,法定债务四个分项保持独立；缺失值保留 null。
DEBT-CN-411000-2021-PREFECTURE,CN-411000,2021,2021-12-31,prefecture_whole,,,,,,,provisional,SRC-CITY-PANEL-1990-2023,D,missing,false,法定债务四个分项保持独立；缺失值保留 null。
DEBT-CN-411100-2021-PREFECTURE,CN-411100,2021,2021-12-31,prefecture_whole,,,,,,,provisional,SRC-CITY-PANEL-1990-2023,D,missing,false,法定债务四个分项保持独立；缺失值保留 null。
DEBT-CN-411200-2021-PREFECTURE,CN-411200,2021,2021-12-31,prefecture_whole,,,,,,,provisional,SRC-CITY-PANEL-1990-2023,D,missing,false,法定债务四个分项保持独立；缺失值保留 null。
DEBT-CN-411300-2021-PREFECTURE,CN-411300,2021,2021-12-31,prefecture_whole,,,,,,,provisional,SRC-CITY-PANEL-1990-2023,D,missing,false,法定债务四个分项保持独立；缺失值保留 null。
DEBT-CN-411400-2021-PREFECTURE,CN-411400,2021,2021-12-31,prefecture_whole,,,,,,,provisional,SRC-CITY-PANEL-1990-2023,D,missing,false,法定债务四个分项保持独立；缺失值保留 null。
DEBT-CN-411500-2021-PREFECTURE,CN-411500,2021,2021-12-31,prefecture_whole,,,,,,,provisional,SRC-CITY-PANEL-1990-2023,D,missing,false,法定债务四个分项保持独立；缺失值保留 null。
DEBT-CN-411600-2021-PREFECTURE,CN-411600,2021,2021-12-31,prefecture_whole,,,,,,,provisional,SRC-CITY-PANEL-1990-2023,D,missing,false,法定债务四个分项保持独立；缺失值保留 null。
DEBT-CN-411700-2021-PREFECTURE,CN-411700,2021,2021-12-31,prefecture_whole,,,,,,,provisional,SRC-CITY-PANEL-1990-2023,D,missing,false,法定债务四个分项保持独立；缺失值保留 null。
DEBT-CN-419000-2021-PREFECTURE,CN-419000,2021,2021-12-31,prefecture_whole,,,,,,,not_collected,,,missing,false,法定债务四个分项保持独立；缺失值保留 null。
DEBT-CN-420100-2021-PREFECTURE,CN-420100,2021,2021-12-31,prefecture_whole,,,,,,,provisional,SRC-CITY-PANEL-1990-2023,D,missing,false,法定债务四个分项保持独立；缺失值保留 null。
DEBT-CN-420200-2021-PREFECTURE,CN-420200,2021,2021-12-31,prefecture_whole,,,,,,,provisional,SRC-CITY-PANEL-1990-2023,D,missing,false,法定债务四个分项保持独立；缺失值保留 null。
DEBT-CN-420300-2021-PREFECTURE,CN-420300,2021,2021-12-31,prefecture_whole,,,,,,514.79,secondary_debt,SRC-CITY-PANEL-1990-2023;SRC-SECONDARY-CEIC-CN-420300,D,needs_review,true,法定债务四个分项保持独立；缺失值保留 null。
DEBT-CN-420500-2021-PREFECTURE,CN-420500,2021,2021-12-31,prefecture_whole,,,,,,,provisional,SRC-CITY-PANEL-1990-2023,D,missing,false,法定债务四个分项保持独立；缺失值保留 null。
DEBT-CN-420600-2021-PREFECTURE,CN-420600,2021,2021-12-31,prefecture_whole,,,,,,,provisional,SRC-CITY-PANEL-1990-2023,D,missing,false,法定债务四个分项保持独立；缺失值保留 null。
DEBT-CN-420700-2021-PREFECTURE,CN-420700,2021,2021-12-31,prefecture_whole,,,,,,,provisional,SRC-CITY-PANEL-1990-2023,D,missing,false,法定债务四个分项保持独立；缺失值保留 null。
DEBT-CN-420800-2021-PREFECTURE,CN-420800,2021,2021-12-31,prefecture_whole,,,,,,,provisional,SRC-CITY-PANEL-1990-2023,D,missing,false,法定债务四个分项保持独立；缺失值保留 null。
DEBT-CN-420900-2021-PREFECTURE,CN-420900,2021,2021-12-31,prefecture_whole,,,,,,453.86,secondary_debt,SRC-CITY-PANEL-1990-2023;SRC-SECONDARY-CEIC-CN-420900,D,needs_review,true,法定债务四个分项保持独立；缺失值保留 null。
DEBT-CN-421000-2021-PREFECTURE,CN-421000,2021,2021-12-31,prefecture_whole,,,,,,573.16,secondary_debt,SRC-CITY-PANEL-1990-2023;SRC-SECONDARY-CEIC-CN-421000,D,needs_review,true,法定债务四个分项保持独立；缺失值保留 null。
DEBT-CN-421100-2021-PREFECTURE,CN-421100,2021,2021-12-31,prefecture_whole,,,,,,,provisional,SRC-CITY-PANEL-1990-2023,D,missing,false,法定债务四个分项保持独立；缺失值保留 null。
DEBT-CN-421200-2021-PREFECTURE,CN-421200,2021,2021-12-31,prefecture_whole,,,,,,281.06,secondary_debt,SRC-CITY-PANEL-1990-2023;SRC-SECONDARY-CEIC-CN-421200,D,needs_review,true,法定债务四个分项保持独立；缺失值保留 null。
DEBT-CN-421300-2021-PREFECTURE,CN-421300,2021,2021-12-31,prefecture_whole,,,,,,,provisional,SRC-CITY-PANEL-1990-2023,D,missing,false,法定债务四个分项保持独立；缺失值保留 null。
DEBT-CN-422800-2021-PREFECTURE,CN-422800,2021,2021-12-31,prefecture_whole,,,,,,,not_collected,,,missing,false,法定债务四个分项保持独立；缺失值保留 null。
DEBT-CN-429000-2021-PREFECTURE,CN-429000,2021,2021-12-31,prefecture_whole,,,,,,,not_collected,,,missing,false,法定债务四个分项保持独立；缺失值保留 null。
DEBT-CN-430100-2021-PREFECTURE,CN-430100,2021,2021-12-31,prefecture_whole,684.67,683.02,1876.47,1871.47,2561.14,2554.49,official_debt,SRC-CITY-PANEL-1990-2023;SRC-PROVINCE-DEBT-HUNAN-2021,A1,extracted,true,法定债务四个分项保持独立；缺失值保留 null。
DEBT-CN-430200-2021-PREFECTURE,CN-430200,2021,2021-12-31,prefecture_whole,384.38,382.75,532.84,522.84,917.22,905.59,official_debt,SRC-CITY-PANEL-1990-2023;SRC-PROVINCE-DEBT-HUNAN-2021,A1,extracted,true,法定债务四个分项保持独立；缺失值保留 null。
DEBT-CN-430300-2021-PREFECTURE,CN-430300,2021,2021-12-31,prefecture_whole,359.66,357.72,441.12,433.12,800.78,790.84,official_debt,SRC-CITY-PANEL-1990-2023;SRC-PROVINCE-DEBT-HUNAN-2021,A1,extracted,true,法定债务四个分项保持独立；缺失值保留 null。
DEBT-CN-430400-2021-PREFECTURE,CN-430400,2021,2021-12-31,prefecture_whole,438.76,430.22,590.44,590.44,1029.20,1020.66,official_debt,SRC-CITY-PANEL-1990-2023;SRC-PROVINCE-DEBT-HUNAN-2021,A1,extracted,true,法定债务四个分项保持独立；缺失值保留 null。
DEBT-CN-430500-2021-PREFECTURE,CN-430500,2021,2021-12-31,prefecture_whole,338.47,337.01,332.14,332.14,670.61,669.15,official_debt,SRC-CITY-PANEL-1990-2023;SRC-PROVINCE-DEBT-HUNAN-2021,A1,extracted,true,法定债务四个分项保持独立；缺失值保留 null。
DEBT-CN-430600-2021-PREFECTURE,CN-430600,2021,2021-12-31,prefecture_whole,363.88,360.93,433.84,433.83,797.71,794.77,official_debt,SRC-CITY-PANEL-1990-2023;SRC-PROVINCE-DEBT-HUNAN-2021,A1,extracted,true,法定债务四个分项保持独立；缺失值保留 null。
DEBT-CN-430700-2021-PREFECTURE,CN-430700,2021,2021-12-31,prefecture_whole,501.01,498.94,301.75,301.75,802.76,800.69,official_debt,SRC-CITY-PANEL-1990-2023;SRC-PROVINCE-DEBT-HUNAN-2021,A1,extracted,true,法定债务四个分项保持独立；缺失值保留 null。
DEBT-CN-430800-2021-PREFECTURE,CN-430800,2021,2021-12-31,prefecture_whole,153.04,152.22,140.31,140.31,293.35,292.54,official_debt,SRC-CITY-PANEL-1990-2023;SRC-PROVINCE-DEBT-HUNAN-2021,A1,extracted,true,法定债务四个分项保持独立；缺失值保留 null。
DEBT-CN-430900-2021-PREFECTURE,CN-430900,2021,2021-12-31,prefecture_whole,243.58,241.97,270.21,270.21,513.79,512.18,official_debt,SRC-CITY-PANEL-1990-2023;SRC-PROVINCE-DEBT-HUNAN-2021,A1,extracted,true,法定债务四个分项保持独立；缺失值保留 null。
DEBT-CN-431000-2021-PREFECTURE,CN-431000,2021,2021-12-31,prefecture_whole,582.89,576.09,361.62,361.62,944.52,937.71,official_debt,SRC-CITY-PANEL-1990-2023;SRC-PROVINCE-DEBT-HUNAN-2021,A1,extracted,true,法定债务四个分项保持独立；缺失值保留 null。
DEBT-CN-431100-2021-PREFECTURE,CN-431100,2021,2021-12-31,prefecture_whole,352.52,345.45,285.18,285.18,637.70,630.63,official_debt,SRC-CITY-PANEL-1990-2023;SRC-PROVINCE-DEBT-HUNAN-2021,A1,extracted,true,法定债务四个分项保持独立；缺失值保留 null。
DEBT-CN-431200-2021-PREFECTURE,CN-431200,2021,2021-12-31,prefecture_whole,340.34,338.14,398.74,398.62,739.08,736.76,official_debt,SRC-CITY-PANEL-1990-2023;SRC-PROVINCE-DEBT-HUNAN-2021,A1,extracted,true,法定债务四个分项保持独立；缺失值保留 null。
DEBT-CN-431300-2021-PREFECTURE,CN-431300,2021,2021-12-31,prefecture_whole,310.81,308.39,177.74,177.74,488.56,486.13,official_debt,SRC-CITY-PANEL-1990-2023;SRC-PROVINCE-DEBT-HUNAN-2021,A1,extracted,true,法定债务四个分项保持独立；缺失值保留 null。
DEBT-CN-433100-2021-PREFECTURE,CN-433100,2021,2021-12-31,prefecture_whole,270.74,268.09,166.14,166.14,436.88,434.23,official_debt,SRC-PROVINCE-DEBT-HUNAN-2021,A1,extracted,true,法定债务四个分项保持独立；缺失值保留 null。
DEBT-CN-440100-2021-PREFECTURE,CN-440100,2021,2021-12-31,prefecture_whole,1016.63,919.69,3156.12,2815.58,4172.75,3735.27,official_debt,SRC-CITY-PANEL-1990-2023;SRC-CELMA-DEBT-GUANGDONG-2021,A2,extracted,true,法定债务四个分项保持独立；缺失值保留 null。
DEBT-CN-440200-2021-PREFECTURE,CN-440200,2021,2021-12-31,prefecture_whole,230.29,185.45,275.53,184.71,505.82,370.16,official_debt,SRC-CITY-PANEL-1990-2023;SRC-CELMA-DEBT-GUANGDONG-2021,A2,extracted,true,法定债务四个分项保持独立；缺失值保留 null。
DEBT-CN-440300-2021-PREFECTURE,CN-440300,2021,2021-12-31,prefecture_whole,,115.88,,1304.10,,1419.97,official_debt,SRC-CITY-PANEL-1990-2023;SRC-CELMA-API-DEBT-4403-2021,A2,extracted,true,法定债务四个分项保持独立；缺失值保留 null。
DEBT-CN-440400-2021-PREFECTURE,CN-440400,2021,2021-12-31,prefecture_whole,353.86,339.85,553.45,551.59,907.31,891.44,official_debt,SRC-CITY-PANEL-1990-2023;SRC-CELMA-DEBT-GUANGDONG-2021,A2,extracted,true,法定债务四个分项保持独立；缺失值保留 null。
DEBT-CN-440500-2021-PREFECTURE,CN-440500,2021,2021-12-31,prefecture_whole,160.77,153.15,471.36,464.49,632.13,617.64,official_debt,SRC-CITY-PANEL-1990-2023;SRC-CELMA-DEBT-GUANGDONG-2021,A2,extracted,true,法定债务四个分项保持独立；缺失值保留 null。
DEBT-CN-440600-2021-PREFECTURE,CN-440600,2021,2021-12-31,prefecture_whole,536.11,235.61,1524.36,1081.67,2060.47,1317.28,official_debt,SRC-CITY-PANEL-1990-2023;SRC-CELMA-DEBT-GUANGDONG-2021,A2,extracted,true,法定债务四个分项保持独立；缺失值保留 null。
DEBT-CN-440700-2021-PREFECTURE,CN-440700,2021,2021-12-31,prefecture_whole,340.76,316.41,410.41,405.64,751.17,722.05,official_debt,SRC-CITY-PANEL-1990-2023;SRC-CELMA-DEBT-GUANGDONG-2021,A2,extracted,true,法定债务四个分项保持独立；缺失值保留 null。
DEBT-CN-440800-2021-PREFECTURE,CN-440800,2021,2021-12-31,prefecture_whole,260.42,237.01,514.88,388.44,775.30,625.46,official_debt,SRC-CITY-PANEL-1990-2023;SRC-CELMA-DEBT-GUANGDONG-2021,A2,extracted,true,法定债务四个分项保持独立；缺失值保留 null。
DEBT-CN-440900-2021-PREFECTURE,CN-440900,2021,2021-12-31,prefecture_whole,206.44,183.51,345.36,280.21,551.80,463.72,official_debt,SRC-CITY-PANEL-1990-2023;SRC-CELMA-DEBT-GUANGDONG-2021,A2,extracted,true,法定债务四个分项保持独立；缺失值保留 null。
DEBT-CN-441200-2021-PREFECTURE,CN-441200,2021,2021-12-31,prefecture_whole,242.22,182.70,635.60,506.54,877.82,689.24,official_debt,SRC-CITY-PANEL-1990-2023;SRC-CELMA-DEBT-GUANGDONG-2021,A2,extracted,true,法定债务四个分项保持独立；缺失值保留 null。
DEBT-CN-441300-2021-PREFECTURE,CN-441300,2021,2021-12-31,prefecture_whole,472.15,370.18,477.86,407.13,950.00,777.31,official_debt,SRC-CITY-PANEL-1990-2023;SRC-CELMA-DEBT-GUANGDONG-2021,A2,extracted,true,法定债务四个分项保持独立；缺失值保留 null。
DEBT-CN-441400-2021-PREFECTURE,CN-441400,2021,2021-12-31,prefecture_whole,322.27,208.88,298.83,167.84,621.09,376.72,official_debt,SRC-CITY-PANEL-1990-2023;SRC-CELMA-DEBT-GUANGDONG-2021,A2,extracted,true,法定债务四个分项保持独立；缺失值保留 null。
DEBT-CN-441500-2021-PREFECTURE,CN-441500,2021,2021-12-31,prefecture_whole,99.75,66.32,307.17,160.24,406.93,226.56,official_debt,SRC-CITY-PANEL-1990-2023;SRC-CELMA-DEBT-GUANGDONG-2021,A2,extracted,true,法定债务四个分项保持独立；缺失值保留 null。
DEBT-CN-441600-2021-PREFECTURE,CN-441600,2021,2021-12-31,prefecture_whole,207.81,165.75,275.23,211.58,483.04,377.33,official_debt,SRC-CITY-PANEL-1990-2023;SRC-CELMA-DEBT-GUANGDONG-2021,A2,extracted,true,法定债务四个分项保持独立；缺失值保留 null。
DEBT-CN-441700-2021-PREFECTURE,CN-441700,2021,2021-12-31,prefecture_whole,154.23,132.46,175.77,129.46,330.00,261.92,official_debt,SRC-CITY-PANEL-1990-2023;SRC-CELMA-DEBT-GUANGDONG-2021,A2,extracted,true,法定债务四个分项保持独立；缺失值保留 null。
DEBT-CN-441800-2021-PREFECTURE,CN-441800,2021,2021-12-31,prefecture_whole,192.01,158.39,437.04,357.67,629.06,516.06,official_debt,SRC-CITY-PANEL-1990-2023;SRC-CELMA-DEBT-GUANGDONG-2021,A2,extracted,true,法定债务四个分项保持独立；缺失值保留 null。
DEBT-CN-441900-2021-PREFECTURE,CN-441900,2021,2021-12-31,prefecture_whole,542.51,520.28,589.16,580.64,1131.66,1100.92,official_debt,SRC-CITY-PANEL-1990-2023;SRC-CELMA-DEBT-GUANGDONG-2021,A2,extracted,true,法定债务四个分项保持独立；缺失值保留 null。
DEBT-CN-442000-2021-PREFECTURE,CN-442000,2021,2021-12-31,prefecture_whole,87.87,80.16,451.55,442.18,539.42,522.34,official_debt,SRC-CITY-PANEL-1990-2023;SRC-CELMA-DEBT-GUANGDONG-2021,A2,extracted,true,法定债务四个分项保持独立；缺失值保留 null。
DEBT-CN-445100-2021-PREFECTURE,CN-445100,2021,2021-12-31,prefecture_whole,149.81,129.32,138.74,97.14,288.55,226.45,official_debt,SRC-CITY-PANEL-1990-2023;SRC-CELMA-DEBT-GUANGDONG-2021,A2,extracted,true,法定债务四个分项保持独立；缺失值保留 null。
DEBT-CN-445200-2021-PREFECTURE,CN-445200,2021,2021-12-31,prefecture_whole,150.27,113.08,230.10,146.28,380.36,259.36,official_debt,SRC-CITY-PANEL-1990-2023;SRC-CELMA-DEBT-GUANGDONG-2021,A2,extracted,true,法定债务四个分项保持独立；缺失值保留 null。
DEBT-CN-445300-2021-PREFECTURE,CN-445300,2021,2021-12-31,prefecture_whole,175.53,96.97,201.97,117.94,377.50,214.91,official_debt,SRC-CITY-PANEL-1990-2023;SRC-CELMA-DEBT-GUANGDONG-2021,A2,extracted,true,法定债务四个分项保持独立；缺失值保留 null。
DEBT-CN-450100-2021-PREFECTURE,CN-450100,2021,2021-12-31,prefecture_whole,,,,,,,provisional,SRC-CITY-PANEL-1990-2023,D,missing,false,法定债务四个分项保持独立；缺失值保留 null。
DEBT-CN-450200-2021-PREFECTURE,CN-450200,2021,2021-12-31,prefecture_whole,,,,,,,provisional,SRC-CITY-PANEL-1990-2023,D,missing,false,法定债务四个分项保持独立；缺失值保留 null。
DEBT-CN-450300-2021-PREFECTURE,CN-450300,2021,2021-12-31,prefecture_whole,,,,,,,provisional,SRC-CITY-PANEL-1990-2023,D,missing,false,法定债务四个分项保持独立；缺失值保留 null。
DEBT-CN-450400-2021-PREFECTURE,CN-450400,2021,2021-12-31,prefecture_whole,,,,,,,provisional,SRC-CITY-PANEL-1990-2023,D,missing,false,法定债务四个分项保持独立；缺失值保留 null。
DEBT-CN-450500-2021-PREFECTURE,CN-450500,2021,2021-12-31,prefecture_whole,,,,,,,provisional,SRC-CITY-PANEL-1990-2023,D,missing,false,法定债务四个分项保持独立；缺失值保留 null。
DEBT-CN-450600-2021-PREFECTURE,CN-450600,2021,2021-12-31,prefecture_whole,,,,,,,provisional,SRC-CITY-PANEL-1990-2023,D,missing,false,法定债务四个分项保持独立；缺失值保留 null。
DEBT-CN-450700-2021-PREFECTURE,CN-450700,2021,2021-12-31,prefecture_whole,,,,,,,provisional,SRC-CITY-PANEL-1990-2023,D,missing,false,法定债务四个分项保持独立；缺失值保留 null。
DEBT-CN-450800-2021-PREFECTURE,CN-450800,2021,2021-12-31,prefecture_whole,,,,,,,provisional,SRC-CITY-PANEL-1990-2023,D,missing,false,法定债务四个分项保持独立；缺失值保留 null。
DEBT-CN-450900-2021-PREFECTURE,CN-450900,2021,2021-12-31,prefecture_whole,,,,,,,provisional,SRC-CITY-PANEL-1990-2023,D,missing,false,法定债务四个分项保持独立；缺失值保留 null。
DEBT-CN-451000-2021-PREFECTURE,CN-451000,2021,2021-12-31,prefecture_whole,,,,,,,provisional,SRC-CITY-PANEL-1990-2023,D,missing,false,法定债务四个分项保持独立；缺失值保留 null。
DEBT-CN-451100-2021-PREFECTURE,CN-451100,2021,2021-12-31,prefecture_whole,,117.00,,130.27,,247.26,official_debt,SRC-CITY-PANEL-1990-2023;SRC-OFFICIAL-DEBT-GUANGXI-HEZHOU-2021,A2,extracted,true,法定债务四个分项保持独立；缺失值保留 null。
DEBT-CN-451200-2021-PREFECTURE,CN-451200,2021,2021-12-31,prefecture_whole,,,,,,,provisional,SRC-CITY-PANEL-1990-2023,D,missing,false,法定债务四个分项保持独立；缺失值保留 null。
DEBT-CN-451300-2021-PREFECTURE,CN-451300,2021,2021-12-31,prefecture_whole,,152.01,,120.15,,272.17,official_debt,SRC-CITY-PANEL-1990-2023;SRC-OFFICIAL-DEBT-GUANGXI-LAIBIN-2021,A2,extracted,true,法定债务四个分项保持独立；缺失值保留 null。
DEBT-CN-451400-2021-PREFECTURE,CN-451400,2021,2021-12-31,prefecture_whole,,,,,,,provisional,SRC-CITY-PANEL-1990-2023,D,missing,false,法定债务四个分项保持独立；缺失值保留 null。
DEBT-CN-460100-2021-PREFECTURE,CN-460100,2021,2021-12-31,prefecture_whole,417.34,417.34,441.79,441.79,859.13,859.13,official_debt,SRC-CITY-PANEL-1990-2023;SRC-CELMA-DEBT-HAINAN-2021-BUDGET-TABLE,A2,extracted,true,法定债务四个分项保持独立；缺失值保留 null。
DEBT-CN-460200-2021-PREFECTURE,CN-460200,2021,2021-12-31,prefecture_whole,142.69,142.69,288.28,288.28,430.97,430.97,official_debt,SRC-CITY-PANEL-1990-2023;SRC-CELMA-DEBT-HAINAN-2021-BUDGET-TABLE,A2,extracted,true,法定债务四个分项保持独立；缺失值保留 null。
DEBT-CN-460300-2021-PREFECTURE,CN-460300,2021,2021-12-31,prefecture_whole,,,,,,,provisional,SRC-CITY-PANEL-1990-2023,D,missing,false,法定债务四个分项保持独立；缺失值保留 null。
DEBT-CN-460400-2021-PREFECTURE,CN-460400,2021,2021-12-31,prefecture_whole,67.75,67.75,98.35,98.35,166.10,166.10,official_debt,SRC-CITY-PANEL-1990-2023;SRC-CELMA-DEBT-HAINAN-2021-BUDGET-TABLE,A2,extracted,true,法定债务四个分项保持独立；缺失值保留 null。
DEBT-CN-469000-2021-PREFECTURE,CN-469000,2021,2021-12-31,prefecture_whole,,,,,,,not_collected,,,missing,false,法定债务四个分项保持独立；缺失值保留 null。
DEBT-CN-500000-2021-PREFECTURE,CN-500000,2021,2021-12-31,prefecture_whole,3215.00,3065.00,5688.00,5545.00,8903.00,8610.00,official_debt,SRC-CITY-PANEL-1990-2023;SRC-PROVINCE-DEBT-CHONGQING-2021,A1,extracted,true,法定债务四个分项保持独立；缺失值保留 null。
DEBT-CN-510100-2021-PREFECTURE,CN-510100,2021,2021-12-31,prefecture_whole,1246.00,1205.00,2635.00,2271.00,3881.00,3476.00,official_debt,SRC-CITY-PANEL-1990-2023;SRC-PROVINCE-DEBT-SICHUAN-2021,A1,extracted,true,法定债务四个分项保持独立；缺失值保留 null。
DEBT-CN-510300-2021-PREFECTURE,CN-510300,2021,2021-12-31,prefecture_whole,200.00,163.00,261.00,238.00,461.00,401.00,official_debt,SRC-CITY-PANEL-1990-2023;SRC-PROVINCE-DEBT-SICHUAN-2021,A1,extracted,true,法定债务四个分项保持独立；缺失值保留 null。
DEBT-CN-510400-2021-PREFECTURE,CN-510400,2021,2021-12-31,prefecture_whole,154.00,144.00,86.00,74.00,240.00,218.00,official_debt,SRC-CITY-PANEL-1990-2023;SRC-PROVINCE-DEBT-SICHUAN-2021,A1,extracted,true,法定债务四个分项保持独立；缺失值保留 null。
DEBT-CN-510500-2021-PREFECTURE,CN-510500,2021,2021-12-31,prefecture_whole,270.00,264.00,372.00,344.00,642.00,608.00,official_debt,SRC-CITY-PANEL-1990-2023;SRC-PROVINCE-DEBT-SICHUAN-2021,A1,extracted,true,法定债务四个分项保持独立；缺失值保留 null。
DEBT-CN-510600-2021-PREFECTURE,CN-510600,2021,2021-12-31,prefecture_whole,130.00,135.00,292.00,255.00,422.00,390.00,official_debt,SRC-CITY-PANEL-1990-2023;SRC-PROVINCE-DEBT-SICHUAN-2021,A1,extracted,true,法定债务四个分项保持独立；缺失值保留 null。
DEBT-CN-510700-2021-PREFECTURE,CN-510700,2021,2021-12-31,prefecture_whole,276.00,272.00,342.00,322.00,618.00,594.00,official_debt,SRC-CITY-PANEL-1990-2023;SRC-PROVINCE-DEBT-SICHUAN-2021,A1,extracted,true,法定债务四个分项保持独立；缺失值保留 null。
DEBT-CN-510800-2021-PREFECTURE,CN-510800,2021,2021-12-31,prefecture_whole,253.00,229.00,155.00,137.00,408.00,366.00,official_debt,SRC-CITY-PANEL-1990-2023;SRC-PROVINCE-DEBT-SICHUAN-2021,A1,extracted,true,法定债务四个分项保持独立；缺失值保留 null。
DEBT-CN-510900-2021-PREFECTURE,CN-510900,2021,2021-12-31,prefecture_whole,210.00,173.00,238.00,216.00,448.00,389.00,official_debt,SRC-CITY-PANEL-1990-2023;SRC-PROVINCE-DEBT-SICHUAN-2021,A1,extracted,true,法定债务四个分项保持独立；缺失值保留 null。
DEBT-CN-511000-2021-PREFECTURE,CN-511000,2021,2021-12-31,prefecture_whole,348.00,293.00,180.00,169.00,528.00,462.00,official_debt,SRC-CITY-PANEL-1990-2023;SRC-PROVINCE-DEBT-SICHUAN-2021,A1,extracted,true,法定债务四个分项保持独立；缺失值保留 null。
DEBT-CN-511100-2021-PREFECTURE,CN-511100,2021,2021-12-31,prefecture_whole,237.00,218.00,243.00,230.00,480.00,448.00,official_debt,SRC-CITY-PANEL-1990-2023;SRC-PROVINCE-DEBT-SICHUAN-2021,A1,extracted,true,法定债务四个分项保持独立；缺失值保留 null。
DEBT-CN-511300-2021-PREFECTURE,CN-511300,2021,2021-12-31,prefecture_whole,383.00,357.00,502.00,438.00,885.00,795.00,official_debt,SRC-CITY-PANEL-1990-2023;SRC-PROVINCE-DEBT-SICHUAN-2021,A1,extracted,true,法定债务四个分项保持独立；缺失值保留 null。
DEBT-CN-511400-2021-PREFECTURE,CN-511400,2021,2021-12-31,prefecture_whole,225.00,204.00,297.00,263.00,522.00,467.00,official_debt,SRC-CITY-PANEL-1990-2023;SRC-PROVINCE-DEBT-SICHUAN-2021,A1,extracted,true,法定债务四个分项保持独立；缺失值保留 null。
DEBT-CN-511500-2021-PREFECTURE,CN-511500,2021,2021-12-31,prefecture_whole,298.00,255.00,353.00,325.00,651.00,580.00,official_debt,SRC-CITY-PANEL-1990-2023;SRC-PROVINCE-DEBT-SICHUAN-2021,A1,extracted,true,法定债务四个分项保持独立；缺失值保留 null。
DEBT-CN-511600-2021-PREFECTURE,CN-511600,2021,2021-12-31,prefecture_whole,223.00,211.00,191.00,159.00,414.00,370.00,official_debt,SRC-CITY-PANEL-1990-2023;SRC-PROVINCE-DEBT-SICHUAN-2021,A1,extracted,true,法定债务四个分项保持独立；缺失值保留 null。
DEBT-CN-511700-2021-PREFECTURE,CN-511700,2021,2021-12-31,prefecture_whole,392.00,373.00,296.00,225.00,688.00,598.00,official_debt,SRC-CITY-PANEL-1990-2023;SRC-PROVINCE-DEBT-SICHUAN-2021,A1,extracted,true,法定债务四个分项保持独立；缺失值保留 null。
DEBT-CN-511800-2021-PREFECTURE,CN-511800,2021,2021-12-31,prefecture_whole,106.00,90.00,112.00,91.00,218.00,181.00,official_debt,SRC-CITY-PANEL-1990-2023;SRC-PROVINCE-DEBT-SICHUAN-2021,A1,extracted,true,法定债务四个分项保持独立；缺失值保留 null。
DEBT-CN-511900-2021-PREFECTURE,CN-511900,2021,2021-12-31,prefecture_whole,378.00,353.00,284.00,173.00,662.00,526.00,official_debt,SRC-CITY-PANEL-1990-2023;SRC-PROVINCE-DEBT-SICHUAN-2021,A1,extracted,true,法定债务四个分项保持独立；缺失值保留 null。
DEBT-CN-512000-2021-PREFECTURE,CN-512000,2021,2021-12-31,prefecture_whole,231.00,166.00,231.00,193.00,462.00,359.00,official_debt,SRC-CITY-PANEL-1990-2023;SRC-PROVINCE-DEBT-SICHUAN-2021,A1,extracted,true,法定债务四个分项保持独立；缺失值保留 null。
DEBT-CN-513200-2021-PREFECTURE,CN-513200,2021,2021-12-31,prefecture_whole,90.00,72.00,32.00,30.00,122.00,102.00,official_debt,SRC-PROVINCE-DEBT-SICHUAN-2021,A1,extracted,true,法定债务四个分项保持独立；缺失值保留 null。
DEBT-CN-513300-2021-PREFECTURE,CN-513300,2021,2021-12-31,prefecture_whole,94.00,91.00,22.00,18.00,116.00,109.00,official_debt,SRC-PROVINCE-DEBT-SICHUAN-2021,A1,extracted,true,法定债务四个分项保持独立；缺失值保留 null。
DEBT-CN-513400-2021-PREFECTURE,CN-513400,2021,2021-12-31,prefecture_whole,330.00,312.00,89.00,81.00,419.00,393.00,official_debt,SRC-PROVINCE-DEBT-SICHUAN-2021,A1,extracted,true,法定债务四个分项保持独立；缺失值保留 null。
DEBT-CN-520100-2021-PREFECTURE,CN-520100,2021,2021-12-31,prefecture_whole,419.48,396.20,2123.57,2102.87,2543.06,2499.07,official_debt,SRC-CITY-PANEL-1990-2023;SRC-PROVINCE-DEBT-GUIZHOU-2021,A1,extracted,true,法定债务四个分项保持独立；缺失值保留 null。
DEBT-CN-520200-2021-PREFECTURE,CN-520200,2021,2021-12-31,prefecture_whole,525.05,515.95,208.60,208.48,733.64,724.43,official_debt,SRC-CITY-PANEL-1990-2023;SRC-PROVINCE-DEBT-GUIZHOU-2021,A1,extracted,true,法定债务四个分项保持独立；缺失值保留 null。
DEBT-CN-520300-2021-PREFECTURE,CN-520300,2021,2021-12-31,prefecture_whole,1159.60,1135.96,644.05,638.28,1803.65,1774.24,official_debt,SRC-CITY-PANEL-1990-2023;SRC-PROVINCE-DEBT-GUIZHOU-2021,A1,extracted,true,法定债务四个分项保持独立；缺失值保留 null。
DEBT-CN-520400-2021-PREFECTURE,CN-520400,2021,2021-12-31,prefecture_whole,343.76,334.45,275.53,272.10,619.30,606.54,official_debt,SRC-CITY-PANEL-1990-2023;SRC-PROVINCE-DEBT-GUIZHOU-2021,A1,extracted,true,法定债务四个分项保持独立；缺失值保留 null。
DEBT-CN-520500-2021-PREFECTURE,CN-520500,2021,2021-12-31,prefecture_whole,753.89,736.44,383.50,381.70,1137.39,1118.14,official_debt,SRC-CITY-PANEL-1990-2023;SRC-PROVINCE-DEBT-GUIZHOU-2021,A1,extracted,true,法定债务四个分项保持独立；缺失值保留 null。
DEBT-CN-520600-2021-PREFECTURE,CN-520600,2021,2021-12-31,prefecture_whole,581.30,574.05,277.31,277.10,858.60,851.16,official_debt,SRC-CITY-PANEL-1990-2023;SRC-PROVINCE-DEBT-GUIZHOU-2021,A1,extracted,true,法定债务四个分项保持独立；缺失值保留 null。
DEBT-CN-522300-2021-PREFECTURE,CN-522300,2021,2021-12-31,prefecture_whole,419.36,414.87,273.13,269.96,692.49,684.83,official_debt,SRC-PROVINCE-DEBT-GUIZHOU-2021,A1,extracted,true,法定债务四个分项保持独立；缺失值保留 null。
DEBT-CN-522600-2021-PREFECTURE,CN-522600,2021,2021-12-31,prefecture_whole,369.60,357.33,324.28,320.33,693.88,677.66,official_debt,SRC-PROVINCE-DEBT-GUIZHOU-2021,A1,extracted,true,法定债务四个分项保持独立；缺失值保留 null。
DEBT-CN-522700-2021-PREFECTURE,CN-522700,2021,2021-12-31,prefecture_whole,535.94,525.48,546.68,543.09,1082.62,1068.58,official_debt,SRC-PROVINCE-DEBT-GUIZHOU-2021,A1,extracted,true,法定债务四个分项保持独立；缺失值保留 null。
DEBT-CN-530100-2021-PREFECTURE,CN-530100,2021,2021-12-31,prefecture_whole,,,,,,,provisional,SRC-CITY-PANEL-1990-2023,D,missing,false,法定债务四个分项保持独立；缺失值保留 null。
DEBT-CN-530300-2021-PREFECTURE,CN-530300,2021,2021-12-31,prefecture_whole,,,,,,614.92,secondary_debt,SRC-CITY-PANEL-1990-2023;SRC-SECONDARY-CEIC-CN-530300,D,needs_review,true,法定债务四个分项保持独立；缺失值保留 null。
DEBT-CN-530400-2021-PREFECTURE,CN-530400,2021,2021-12-31,prefecture_whole,,,,,,,provisional,SRC-CITY-PANEL-1990-2023,D,missing,false,法定债务四个分项保持独立；缺失值保留 null。
DEBT-CN-530500-2021-PREFECTURE,CN-530500,2021,2021-12-31,prefecture_whole,,,,,,431.08,secondary_debt,SRC-CITY-PANEL-1990-2023;SRC-SECONDARY-CEIC-CN-530500,D,needs_review,true,法定债务四个分项保持独立；缺失值保留 null。
DEBT-CN-530600-2021-PREFECTURE,CN-530600,2021,2021-12-31,prefecture_whole,,,,,,738.18,secondary_debt,SRC-CITY-PANEL-1990-2023;SRC-SECONDARY-CEIC-CN-530600,D,needs_review,true,法定债务四个分项保持独立；缺失值保留 null。
DEBT-CN-530700-2021-PREFECTURE,CN-530700,2021,2021-12-31,prefecture_whole,,,,,,,provisional,SRC-CITY-PANEL-1990-2023,D,missing,false,法定债务四个分项保持独立；缺失值保留 null。
DEBT-CN-530800-2021-PREFECTURE,CN-530800,2021,2021-12-31,prefecture_whole,,,,,,382.57,secondary_debt,SRC-CITY-PANEL-1990-2023;SRC-SECONDARY-DEBT-YUNNAN-PUER-2021,B2,needs_review,true,法定债务四个分项保持独立；缺失值保留 null。
DEBT-CN-530900-2021-PREFECTURE,CN-530900,2021,2021-12-31,prefecture_whole,,,,,,,provisional,SRC-CITY-PANEL-1990-2023,D,missing,false,法定债务四个分项保持独立；缺失值保留 null。
DEBT-CN-532300-2021-PREFECTURE,CN-532300,2021,2021-12-31,prefecture_whole,,162.04,,238.71,,400.75,official_debt,SRC-OFFICIAL-DEBT-YUNNAN-CHUXIONG-2021,A2,extracted,true,法定债务四个分项保持独立；缺失值保留 null。
DEBT-CN-532500-2021-PREFECTURE,CN-532500,2021,2021-12-31,prefecture_whole,,,,,,,not_collected,,,missing,false,法定债务四个分项保持独立；缺失值保留 null。
DEBT-CN-532600-2021-PREFECTURE,CN-532600,2021,2021-12-31,prefecture_whole,,,,,,,not_collected,,,missing,false,法定债务四个分项保持独立；缺失值保留 null。
DEBT-CN-532800-2021-PREFECTURE,CN-532800,2021,2021-12-31,prefecture_whole,,,,,,,not_collected,,,missing,false,法定债务四个分项保持独立；缺失值保留 null。
DEBT-CN-532900-2021-PREFECTURE,CN-532900,2021,2021-12-31,prefecture_whole,,,,,,,not_collected,,,missing,false,法定债务四个分项保持独立；缺失值保留 null。
DEBT-CN-533100-2021-PREFECTURE,CN-533100,2021,2021-12-31,prefecture_whole,,,,,,,not_collected,,,missing,false,法定债务四个分项保持独立；缺失值保留 null。
DEBT-CN-533300-2021-PREFECTURE,CN-533300,2021,2021-12-31,prefecture_whole,,,,,,,not_collected,,,missing,false,法定债务四个分项保持独立；缺失值保留 null。
DEBT-CN-533400-2021-PREFECTURE,CN-533400,2021,2021-12-31,prefecture_whole,,,,,,,not_collected,,,missing,false,法定债务四个分项保持独立；缺失值保留 null。
DEBT-CN-540100-2021-PREFECTURE,CN-540100,2021,2021-12-31,prefecture_whole,,,,,,,provisional,SRC-CITY-PANEL-1990-2023,D,missing,false,法定债务四个分项保持独立；缺失值保留 null。
DEBT-CN-540200-2021-PREFECTURE,CN-540200,2021,2021-12-31,prefecture_whole,,,,,,,provisional,SRC-CITY-PANEL-1990-2023,D,missing,false,法定债务四个分项保持独立；缺失值保留 null。
DEBT-CN-540300-2021-PREFECTURE,CN-540300,2021,2021-12-31,prefecture_whole,,,,,,,provisional,SRC-CITY-PANEL-1990-2023,D,missing,false,法定债务四个分项保持独立；缺失值保留 null。
DEBT-CN-540400-2021-PREFECTURE,CN-540400,2021,2021-12-31,prefecture_whole,,,,,,,provisional,SRC-CITY-PANEL-1990-2023,D,missing,false,法定债务四个分项保持独立；缺失值保留 null。
DEBT-CN-540500-2021-PREFECTURE,CN-540500,2021,2021-12-31,prefecture_whole,,,,,,,provisional,SRC-CITY-PANEL-1990-2023,D,missing,false,法定债务四个分项保持独立；缺失值保留 null。
DEBT-CN-540600-2021-PREFECTURE,CN-540600,2021,2021-12-31,prefecture_whole,,,,,,,provisional,SRC-CITY-PANEL-1990-2023,D,missing,false,法定债务四个分项保持独立；缺失值保留 null。
DEBT-CN-542500-2021-PREFECTURE,CN-542500,2021,2021-12-31,prefecture_whole,,,,,,,not_collected,,,missing,false,法定债务四个分项保持独立；缺失值保留 null。
DEBT-CN-610100-2021-PREFECTURE,CN-610100,2021,2021-12-31,prefecture_whole,,,,,,,provisional,SRC-CITY-PANEL-1990-2023,D,missing,false,法定债务四个分项保持独立；缺失值保留 null。
DEBT-CN-610200-2021-PREFECTURE,CN-610200,2021,2021-12-31,prefecture_whole,,,,,,190.62,secondary_debt,SRC-CITY-PANEL-1990-2023;SRC-SECONDARY-CEIC-CN-610200,D,needs_review,true,法定债务四个分项保持独立；缺失值保留 null。
DEBT-CN-610300-2021-PREFECTURE,CN-610300,2021,2021-12-31,prefecture_whole,,,,,,,provisional,SRC-CITY-PANEL-1990-2023,D,missing,false,法定债务四个分项保持独立；缺失值保留 null。
DEBT-CN-610400-2021-PREFECTURE,CN-610400,2021,2021-12-31,prefecture_whole,,,,,,,provisional,SRC-CITY-PANEL-1990-2023,D,missing,false,法定债务四个分项保持独立；缺失值保留 null。
DEBT-CN-610500-2021-PREFECTURE,CN-610500,2021,2021-12-31,prefecture_whole,,,,,,,provisional,SRC-CITY-PANEL-1990-2023,D,missing,false,法定债务四个分项保持独立；缺失值保留 null。
DEBT-CN-610600-2021-PREFECTURE,CN-610600,2021,2021-12-31,prefecture_whole,,,,,,,provisional,SRC-CITY-PANEL-1990-2023,D,missing,false,法定债务四个分项保持独立；缺失值保留 null。
DEBT-CN-610700-2021-PREFECTURE,CN-610700,2021,2021-12-31,prefecture_whole,,,,,,,provisional,SRC-CITY-PANEL-1990-2023,D,missing,false,法定债务四个分项保持独立；缺失值保留 null。
DEBT-CN-610800-2021-PREFECTURE,CN-610800,2021,2021-12-31,prefecture_whole,,,,,,405.06,secondary_debt,SRC-CITY-PANEL-1990-2023;SRC-SECONDARY-CEIC-CN-610800,D,needs_review,true,法定债务四个分项保持独立；缺失值保留 null。
DEBT-CN-610900-2021-PREFECTURE,CN-610900,2021,2021-12-31,prefecture_whole,,,,,,621.22,secondary_debt,SRC-CITY-PANEL-1990-2023;SRC-SECONDARY-CEIC-CN-610900,D,needs_review,true,法定债务四个分项保持独立；缺失值保留 null。
DEBT-CN-611000-2021-PREFECTURE,CN-611000,2021,2021-12-31,prefecture_whole,,,,,,,provisional,SRC-CITY-PANEL-1990-2023,D,missing,false,法定债务四个分项保持独立；缺失值保留 null。
DEBT-CN-620100-2021-PREFECTURE,CN-620100,2021,2021-12-31,prefecture_whole,,,,,,726.36,secondary_debt,SRC-CITY-PANEL-1990-2023;SRC-SECONDARY-CEIC-CN-620100,D,needs_review,true,法定债务四个分项保持独立；缺失值保留 null。
DEBT-CN-620200-2021-PREFECTURE,CN-620200,2021,2021-12-31,prefecture_whole,,,,,,47.22,secondary_debt,SRC-CITY-PANEL-1990-2023;SRC-SECONDARY-CEIC-CN-620200,D,needs_review,true,法定债务四个分项保持独立；缺失值保留 null。
DEBT-CN-620300-2021-PREFECTURE,CN-620300,2021,2021-12-31,prefecture_whole,,,,,,,provisional,SRC-CITY-PANEL-1990-2023,D,missing,false,法定债务四个分项保持独立；缺失值保留 null。
DEBT-CN-620400-2021-PREFECTURE,CN-620400,2021,2021-12-31,prefecture_whole,,,,,,192.16,secondary_debt,SRC-CITY-PANEL-1990-2023;SRC-SECONDARY-CEIC-CN-620400,D,needs_review,true,法定债务四个分项保持独立；缺失值保留 null。
DEBT-CN-620500-2021-PREFECTURE,CN-620500,2021,2021-12-31,prefecture_whole,,,,,,,provisional,SRC-CITY-PANEL-1990-2023,D,missing,false,法定债务四个分项保持独立；缺失值保留 null。
DEBT-CN-620600-2021-PREFECTURE,CN-620600,2021,2021-12-31,prefecture_whole,,,,,,157.40,secondary_debt,SRC-CITY-PANEL-1990-2023;SRC-SECONDARY-CEIC-CN-620600,D,needs_review,true,法定债务四个分项保持独立；缺失值保留 null。
DEBT-CN-620700-2021-PREFECTURE,CN-620700,2021,2021-12-31,prefecture_whole,,,,,,207.52,official_debt,SRC-CITY-PANEL-1990-2023;SRC-CITY-DEBT-GANSU-ZHANGYE-2021,A2,extracted,true,法定债务四个分项保持独立；缺失值保留 null。
DEBT-CN-620800-2021-PREFECTURE,CN-620800,2021,2021-12-31,prefecture_whole,,,,,,,provisional,SRC-CITY-PANEL-1990-2023,D,missing,false,法定债务四个分项保持独立；缺失值保留 null。
DEBT-CN-620900-2021-PREFECTURE,CN-620900,2021,2021-12-31,prefecture_whole,,,,,,,provisional,SRC-CITY-PANEL-1990-2023,D,missing,false,法定债务四个分项保持独立；缺失值保留 null。
DEBT-CN-621000-2021-PREFECTURE,CN-621000,2021,2021-12-31,prefecture_whole,,,,,,246.51,secondary_debt,SRC-CITY-PANEL-1990-2023;SRC-SECONDARY-CEIC-CN-621000,D,needs_review,true,法定债务四个分项保持独立；缺失值保留 null。
DEBT-CN-621100-2021-PREFECTURE,CN-621100,2021,2021-12-31,prefecture_whole,,,,,,175.60,secondary_debt,SRC-CITY-PANEL-1990-2023;SRC-SECONDARY-CEIC-CN-621100,D,needs_review,true,法定债务四个分项保持独立；缺失值保留 null。
DEBT-CN-621200-2021-PREFECTURE,CN-621200,2021,2021-12-31,prefecture_whole,,,,,,145.01,secondary_debt,SRC-CITY-PANEL-1990-2023;SRC-SECONDARY-CEIC-CN-621200,D,needs_review,true,法定债务四个分项保持独立；缺失值保留 null。
DEBT-CN-622900-2021-PREFECTURE,CN-622900,2021,2021-12-31,prefecture_whole,,,,,,,not_collected,,,missing,false,法定债务四个分项保持独立；缺失值保留 null。
DEBT-CN-623000-2021-PREFECTURE,CN-623000,2021,2021-12-31,prefecture_whole,,,,,,,not_collected,,,missing,false,法定债务四个分项保持独立；缺失值保留 null。
DEBT-CN-630100-2021-PREFECTURE,CN-630100,2021,2021-12-31,prefecture_whole,244.27,211.19,290.85,235.92,535.12,447.11,official_debt,SRC-CITY-PANEL-1990-2023;SRC-PROVINCE-DEBT-QINGHAI-2021,A1,extracted,true,法定债务四个分项保持独立；缺失值保留 null。
DEBT-CN-630200-2021-PREFECTURE,CN-630200,2021,2021-12-31,prefecture_whole,136.55,119.85,150.50,128.39,287.05,248.24,official_debt,SRC-CITY-PANEL-1990-2023;SRC-PROVINCE-DEBT-QINGHAI-2021,A1,extracted,true,法定债务四个分项保持独立；缺失值保留 null。
DEBT-CN-632200-2021-PREFECTURE,CN-632200,2021,2021-12-31,prefecture_whole,27.95,26.38,13.70,9.70,41.65,36.08,official_debt,SRC-PROVINCE-DEBT-QINGHAI-2021,A1,extracted,true,法定债务四个分项保持独立；缺失值保留 null。
DEBT-CN-632300-2021-PREFECTURE,CN-632300,2021,2021-12-31,prefecture_whole,27.60,26.18,19.10,16.06,46.70,42.24,official_debt,SRC-PROVINCE-DEBT-QINGHAI-2021,A1,extracted,true,法定债务四个分项保持独立；缺失值保留 null。
DEBT-CN-632500-2021-PREFECTURE,CN-632500,2021,2021-12-31,prefecture_whole,34.98,32.06,13.00,9.40,47.98,41.46,official_debt,SRC-CITY-PANEL-1990-2023;SRC-PROVINCE-DEBT-QINGHAI-2021,A1,extracted,true,法定债务四个分项保持独立；缺失值保留 null。
DEBT-CN-632600-2021-PREFECTURE,CN-632600,2021,2021-12-31,prefecture_whole,20.34,19.10,9.40,6.55,29.74,25.65,official_debt,SRC-PROVINCE-DEBT-QINGHAI-2021,A1,extracted,true,法定债务四个分项保持独立；缺失值保留 null。
DEBT-CN-632700-2021-PREFECTURE,CN-632700,2021,2021-12-31,prefecture_whole,20.58,20.40,1.00,1.00,21.58,21.40,official_debt,SRC-PROVINCE-DEBT-QINGHAI-2021,A1,extracted,true,法定债务四个分项保持独立；缺失值保留 null。
DEBT-CN-632800-2021-PREFECTURE,CN-632800,2021,2021-12-31,prefecture_whole,162.09,143.84,102.51,73.54,264.60,217.38,official_debt,SRC-PROVINCE-DEBT-QINGHAI-2021,A1,extracted,true,法定债务四个分项保持独立；缺失值保留 null。
DEBT-CN-640100-2021-PREFECTURE,CN-640100,2021,2021-12-31,prefecture_whole,256.82,191.50,131.66,110.42,388.48,301.93,official_debt,SRC-CITY-PANEL-1990-2023;SRC-PROVINCE-DEBT-NINGXIA-2021,A1,extracted,true,法定债务四个分项保持独立；缺失值保留 null。
DEBT-CN-640200-2021-PREFECTURE,CN-640200,2021,2021-12-31,prefecture_whole,83.78,72.34,12.96,9.28,96.74,81.62,official_debt,SRC-CITY-PANEL-1990-2023;SRC-PROVINCE-DEBT-NINGXIA-2021,A1,extracted,true,法定债务四个分项保持独立；缺失值保留 null。
DEBT-CN-640300-2021-PREFECTURE,CN-640300,2021,2021-12-31,prefecture_whole,76.07,66.94,31.79,26.24,107.86,93.18,official_debt,SRC-CITY-PANEL-1990-2023;SRC-PROVINCE-DEBT-NINGXIA-2021,A1,extracted,true,法定债务四个分项保持独立；缺失值保留 null。
DEBT-CN-640400-2021-PREFECTURE,CN-640400,2021,2021-12-31,prefecture_whole,76.24,71.78,21.19,13.34,97.42,85.11,official_debt,SRC-CITY-PANEL-1990-2023;SRC-PROVINCE-DEBT-NINGXIA-2021,A1,extracted,true,法定债务四个分项保持独立；缺失值保留 null。
DEBT-CN-640500-2021-PREFECTURE,CN-640500,2021,2021-12-31,prefecture_whole,99.11,85.58,18.09,14.57,117.20,100.15,official_debt,SRC-CITY-PANEL-1990-2023;SRC-PROVINCE-DEBT-NINGXIA-2021,A1,extracted,true,法定债务四个分项保持独立；缺失值保留 null。
DEBT-CN-650100-2021-PREFECTURE,CN-650100,2021,2021-12-31,prefecture_whole,486.17,443.12,998.40,892.35,1484.57,1335.47,official_debt,SRC-CITY-PANEL-1990-2023;SRC-PROVINCE-DEBT-XINJIANG-2021,A1,extracted,true,法定债务四个分项保持独立；缺失值保留 null。
DEBT-CN-650200-2021-PREFECTURE,CN-650200,2021,2021-12-31,prefecture_whole,182.68,162.70,85.00,84.00,267.68,246.70,official_debt,SRC-CITY-PANEL-1990-2023;SRC-PROVINCE-DEBT-XINJIANG-2021,A1,extracted,true,法定债务四个分项保持独立；缺失值保留 null。
DEBT-CN-650400-2021-PREFECTURE,CN-650400,2021,2021-12-31,prefecture_whole,87.39,74.96,118.60,116.11,205.99,191.07,official_debt,SRC-CITY-PANEL-1990-2023;SRC-PROVINCE-DEBT-XINJIANG-2021,A1,extracted,true,法定债务四个分项保持独立；缺失值保留 null。
DEBT-CN-650500-2021-PREFECTURE,CN-650500,2021,2021-12-31,prefecture_whole,153.61,124.68,119.90,117.59,273.51,242.27,official_debt,SRC-CITY-PANEL-1990-2023;SRC-PROVINCE-DEBT-XINJIANG-2021,A1,extracted,true,法定债务四个分项保持独立；缺失值保留 null。
DEBT-CN-652300-2021-PREFECTURE,CN-652300,2021,2021-12-31,prefecture_whole,242.16,207.00,237.90,229.49,480.06,436.49,official_debt,SRC-PROVINCE-DEBT-XINJIANG-2021,A1,extracted,true,法定债务四个分项保持独立；缺失值保留 null。
DEBT-CN-652700-2021-PREFECTURE,CN-652700,2021,2021-12-31,prefecture_whole,123.06,112.51,100.27,97.09,223.33,209.60,official_debt,SRC-PROVINCE-DEBT-XINJIANG-2021,A1,extracted,true,法定债务四个分项保持独立；缺失值保留 null。
DEBT-CN-652800-2021-PREFECTURE,CN-652800,2021,2021-12-31,prefecture_whole,204.39,184.20,273.77,260.37,478.16,444.57,official_debt,SRC-PROVINCE-DEBT-XINJIANG-2021,A1,extracted,true,法定债务四个分项保持独立；缺失值保留 null。
DEBT-CN-652900-2021-PREFECTURE,CN-652900,2021,2021-12-31,prefecture_whole,240.82,214.73,193.54,186.85,434.36,401.58,official_debt,SRC-PROVINCE-DEBT-XINJIANG-2021,A1,extracted,true,法定债务四个分项保持独立；缺失值保留 null。
DEBT-CN-653000-2021-PREFECTURE,CN-653000,2021,2021-12-31,prefecture_whole,121.74,116.51,50.30,50.00,172.04,166.51,official_debt,SRC-PROVINCE-DEBT-XINJIANG-2021,A1,extracted,true,法定债务四个分项保持独立；缺失值保留 null。
DEBT-CN-653100-2021-PREFECTURE,CN-653100,2021,2021-12-31,prefecture_whole,278.12,254.91,178.66,171.29,456.78,426.19,official_debt,SRC-PROVINCE-DEBT-XINJIANG-2021,A1,extracted,true,法定债务四个分项保持独立；缺失值保留 null。
DEBT-CN-653200-2021-PREFECTURE,CN-653200,2021,2021-12-31,prefecture_whole,245.36,234.06,106.10,103.05,351.46,337.11,official_debt,SRC-PROVINCE-DEBT-XINJIANG-2021,A1,extracted,true,法定债务四个分项保持独立；缺失值保留 null。
DEBT-CN-654000-2021-PREFECTURE,CN-654000,2021,2021-12-31,prefecture_whole,258.14,235.31,263.27,236.15,521.41,471.46,official_debt,SRC-PROVINCE-DEBT-XINJIANG-2021,A1,extracted,true,法定债务四个分项保持独立；缺失值保留 null。
DEBT-CN-654200-2021-PREFECTURE,CN-654200,2021,2021-12-31,prefecture_whole,169.69,144.55,123.42,118.94,293.11,263.49,official_debt,SRC-PROVINCE-DEBT-XINJIANG-2021,A1,extracted,true,法定债务四个分项保持独立；缺失值保留 null。
DEBT-CN-654300-2021-PREFECTURE,CN-654300,2021,2021-12-31,prefecture_whole,159.72,147.74,110.19,108.63,269.91,256.37,official_debt,SRC-PROVINCE-DEBT-XINJIANG-2021,A1,extracted,true,法定债务四个分项保持独立；缺失值保留 null。
DEBT-CN-659000-2021-PREFECTURE,CN-659000,2021,2021-12-31,prefecture_whole,,,,,,,not_collected,,,missing,false,法定债务四个分项保持独立；缺失值保留 null。
DEBT-CN-110000-2022-PREFECTURE,CN-110000,2022,2022-12-31,prefecture_whole,3294.30,2349.14,8908.10,8216.19,12202.40,10565.33,official_debt,SRC-CITY-PANEL-1990-2023;SRC-CITY-DEBT-BEIJING-2022,A1,extracted,true,法定债务四个分项保持独立；缺失值保留 null。
DEBT-CN-120000-2022-PREFECTURE,CN-120000,2022,2022-12-31,prefecture_whole,2005.83,1994.77,6884.30,6650.78,8890.13,8645.55,official_debt,SRC-CITY-PANEL-1990-2023;SRC-PROVINCE-DEBT-TIANJIN-2022,A1,extracted,true,法定债务四个分项保持独立；缺失值保留 null。
DEBT-CN-130100-2022-PREFECTURE,CN-130100,2022,2022-12-31,prefecture_whole,,,,,,,provisional,SRC-CITY-PANEL-1990-2023,D,missing,false,法定债务四个分项保持独立；缺失值保留 null。
DEBT-CN-130200-2022-PREFECTURE,CN-130200,2022,2022-12-31,prefecture_whole,,,,,,,provisional,SRC-CITY-PANEL-1990-2023,D,missing,false,法定债务四个分项保持独立；缺失值保留 null。
DEBT-CN-130300-2022-PREFECTURE,CN-130300,2022,2022-12-31,prefecture_whole,,,,,,,provisional,SRC-CITY-PANEL-1990-2023,D,missing,false,法定债务四个分项保持独立；缺失值保留 null。
DEBT-CN-130400-2022-PREFECTURE,CN-130400,2022,2022-12-31,prefecture_whole,,,,,,,provisional,SRC-CITY-PANEL-1990-2023,D,missing,false,法定债务四个分项保持独立；缺失值保留 null。
DEBT-CN-130500-2022-PREFECTURE,CN-130500,2022,2022-12-31,prefecture_whole,,,,,,,provisional,SRC-CITY-PANEL-1990-2023,D,missing,false,法定债务四个分项保持独立；缺失值保留 null。
DEBT-CN-130600-2022-PREFECTURE,CN-130600,2022,2022-12-31,prefecture_whole,,,,,,,provisional,SRC-CITY-PANEL-1990-2023,D,missing,false,法定债务四个分项保持独立；缺失值保留 null。
DEBT-CN-130700-2022-PREFECTURE,CN-130700,2022,2022-12-31,prefecture_whole,,,,,,,provisional,SRC-CITY-PANEL-1990-2023,D,missing,false,法定债务四个分项保持独立；缺失值保留 null。
DEBT-CN-130800-2022-PREFECTURE,CN-130800,2022,2022-12-31,prefecture_whole,,402.35,,284.74,,687.09,official_debt,SRC-CITY-PANEL-1990-2023;SRC-OFFICIAL-DEBT-HEBEI-CHENGDE-2022,A2,extracted,true,法定债务四个分项保持独立；缺失值保留 null。
DEBT-CN-130900-2022-PREFECTURE,CN-130900,2022,2022-12-31,prefecture_whole,,,,,,,provisional,SRC-CITY-PANEL-1990-2023,D,missing,false,法定债务四个分项保持独立；缺失值保留 null。
DEBT-CN-131000-2022-PREFECTURE,CN-131000,2022,2022-12-31,prefecture_whole,,,,,,,provisional,SRC-CITY-PANEL-1990-2023,D,missing,false,法定债务四个分项保持独立；缺失值保留 null。
DEBT-CN-131100-2022-PREFECTURE,CN-131100,2022,2022-12-31,prefecture_whole,,,,,,,provisional,SRC-CITY-PANEL-1990-2023,D,missing,false,法定债务四个分项保持独立；缺失值保留 null。
DEBT-CN-140100-2022-PREFECTURE,CN-140100,2022,2022-12-31,prefecture_whole,,,,,,,provisional,SRC-CITY-PANEL-1990-2023,D,missing,false,法定债务四个分项保持独立；缺失值保留 null。
DEBT-CN-140200-2022-PREFECTURE,CN-140200,2022,2022-12-31,prefecture_whole,,,,,,,provisional,SRC-CITY-PANEL-1990-2023,D,missing,false,法定债务四个分项保持独立；缺失值保留 null。
DEBT-CN-140300-2022-PREFECTURE,CN-140300,2022,2022-12-31,prefecture_whole,,,,,,,provisional,SRC-CITY-PANEL-1990-2023,D,missing,false,法定债务四个分项保持独立；缺失值保留 null。
DEBT-CN-140400-2022-PREFECTURE,CN-140400,2022,2022-12-31,prefecture_whole,174.42,174.42,196.72,196.72,371.14,371.14,official_debt,SRC-CITY-PANEL-1990-2023;SRC-CITY-DEBT-SHANXI-CHANGZHI-2022,A1,extracted,true,法定债务四个分项保持独立；缺失值保留 null。
DEBT-CN-140500-2022-PREFECTURE,CN-140500,2022,2022-12-31,prefecture_whole,,,,,,,provisional,SRC-CITY-PANEL-1990-2023,D,missing,false,法定债务四个分项保持独立；缺失值保留 null。
DEBT-CN-140600-2022-PREFECTURE,CN-140600,2022,2022-12-31,prefecture_whole,,,,,,,provisional,SRC-CITY-PANEL-1990-2023,D,missing,false,法定债务四个分项保持独立；缺失值保留 null。
DEBT-CN-140700-2022-PREFECTURE,CN-140700,2022,2022-12-31,prefecture_whole,,,,,,,provisional,SRC-CITY-PANEL-1990-2023,D,missing,false,法定债务四个分项保持独立；缺失值保留 null。
DEBT-CN-140800-2022-PREFECTURE,CN-140800,2022,2022-12-31,prefecture_whole,,,,,,,provisional,SRC-CITY-PANEL-1990-2023,D,missing,false,法定债务四个分项保持独立；缺失值保留 null。
DEBT-CN-140900-2022-PREFECTURE,CN-140900,2022,2022-12-31,prefecture_whole,,,,,,,provisional,SRC-CITY-PANEL-1990-2023,D,missing,false,法定债务四个分项保持独立；缺失值保留 null。
DEBT-CN-141000-2022-PREFECTURE,CN-141000,2022,2022-12-31,prefecture_whole,,,,,,,provisional,SRC-CITY-PANEL-1990-2023,D,missing,false,法定债务四个分项保持独立；缺失值保留 null。
DEBT-CN-141100-2022-PREFECTURE,CN-141100,2022,2022-12-31,prefecture_whole,,245.67,,205.26,,450.93,official_debt,SRC-CITY-PANEL-1990-2023;SRC-OFFICIAL-DEBT-SHANXI-LVLIANG-2022,A2,extracted,true,法定债务四个分项保持独立；缺失值保留 null。
DEBT-CN-150100-2022-PREFECTURE,CN-150100,2022,2022-12-31,prefecture_whole,,,,,,1028.02,secondary_debt,SRC-CITY-PANEL-1990-2023;SRC-SECONDARY-CEIC-CN-150100,D,needs_review,true,法定债务四个分项保持独立；缺失值保留 null。
DEBT-CN-150200-2022-PREFECTURE,CN-150200,2022,2022-12-31,prefecture_whole,,,,,,,provisional,SRC-CITY-PANEL-1990-2023,D,missing,false,法定债务四个分项保持独立；缺失值保留 null。
DEBT-CN-150300-2022-PREFECTURE,CN-150300,2022,2022-12-31,prefecture_whole,182.80,175.24,82.15,79.17,264.95,254.41,official_debt,SRC-CITY-PANEL-1990-2023;SRC-OFFICIAL-DEBT-INNER-MONGOLIA-WUHAI-2022,A2,extracted,true,法定债务四个分项保持独立；缺失值保留 null。
DEBT-CN-150400-2022-PREFECTURE,CN-150400,2022,2022-12-31,prefecture_whole,,,,,,604.20,secondary_debt,SRC-CITY-PANEL-1990-2023;SRC-SECONDARY-CEIC-CN-150400,D,needs_review,true,法定债务四个分项保持独立；缺失值保留 null。
DEBT-CN-150500-2022-PREFECTURE,CN-150500,2022,2022-12-31,prefecture_whole,473.70,450.65,160.82,152.94,634.52,603.59,official_debt,SRC-CITY-PANEL-1990-2023;SRC-OFFICIAL-DEBT-INNER-MONGOLIA-TONGLIAO-2022,A2,extracted,true,法定债务四个分项保持独立；缺失值保留 null。
DEBT-CN-150600-2022-PREFECTURE,CN-150600,2022,2022-12-31,prefecture_whole,1557.50,1507.78,180.00,169.58,1737.50,1677.36,official_debt,SRC-CITY-PANEL-1990-2023;SRC-OFFICIAL-DEBT-INNER-MONGOLIA-ORDOS-2022,A2,extracted,true,法定债务四个分项保持独立；缺失值保留 null。
DEBT-CN-150700-2022-PREFECTURE,CN-150700,2022,2022-12-31,prefecture_whole,,,,,,600.15,secondary_debt,SRC-CITY-PANEL-1990-2023;SRC-SECONDARY-CEIC-CN-150700,D,needs_review,true,法定债务四个分项保持独立；缺失值保留 null。
DEBT-CN-150800-2022-PREFECTURE,CN-150800,2022,2022-12-31,prefecture_whole,,,,,,534.98,secondary_debt,SRC-CITY-PANEL-1990-2023;SRC-SECONDARY-CEIC-CN-150800,D,needs_review,true,法定债务四个分项保持独立；缺失值保留 null。
DEBT-CN-150900-2022-PREFECTURE,CN-150900,2022,2022-12-31,prefecture_whole,565.10,558.06,235.01,223.47,800.11,781.53,official_debt,SRC-CITY-PANEL-1990-2023;SRC-OFFICIAL-DEBT-INNER-MONGOLIA-ULANQAB-2022,A2,extracted,true,法定债务四个分项保持独立；缺失值保留 null。
DEBT-CN-152200-2022-PREFECTURE,CN-152200,2022,2022-12-31,prefecture_whole,271.20,264.26,132.30,127.61,403.50,391.87,official_debt,SRC-OFFICIAL-DEBT-INNER-MONGOLIA-XINGAN-2022,A2,extracted,true,法定债务四个分项保持独立；缺失值保留 null。
DEBT-CN-152500-2022-PREFECTURE,CN-152500,2022,2022-12-31,prefecture_whole,,,,,,,not_collected,,,missing,false,法定债务四个分项保持独立；缺失值保留 null。
DEBT-CN-152900-2022-PREFECTURE,CN-152900,2022,2022-12-31,prefecture_whole,,,,,,,not_collected,,,missing,false,法定债务四个分项保持独立；缺失值保留 null。
DEBT-CN-210100-2022-PREFECTURE,CN-210100,2022,2022-12-31,prefecture_whole,,980.41,,927.39,,1907.80,official_debt,SRC-CITY-PANEL-1990-2023;SRC-OFFICIAL-DEBT-LIAONING-CITIES-2022,A2,extracted,true,法定债务四个分项保持独立；缺失值保留 null。
DEBT-CN-210200-2022-PREFECTURE,CN-210200,2022,2022-12-31,prefecture_whole,,1532.67,,1012.23,,2544.90,official_debt,SRC-CITY-PANEL-1990-2023;SRC-OFFICIAL-DEBT-LIAONING-CITIES-2022,A2,extracted,true,法定债务四个分项保持独立；缺失值保留 null。
DEBT-CN-210300-2022-PREFECTURE,CN-210300,2022,2022-12-31,prefecture_whole,,477.09,,401.05,,878.14,official_debt,SRC-CITY-PANEL-1990-2023;SRC-OFFICIAL-DEBT-LIAONING-CITIES-2022,A2,extracted,true,法定债务四个分项保持独立；缺失值保留 null。
DEBT-CN-210400-2022-PREFECTURE,CN-210400,2022,2022-12-31,prefecture_whole,,338.85,,76.86,,415.71,official_debt,SRC-CITY-PANEL-1990-2023;SRC-OFFICIAL-DEBT-LIAONING-CITIES-2022,A2,extracted,true,法定债务四个分项保持独立；缺失值保留 null。
DEBT-CN-210500-2022-PREFECTURE,CN-210500,2022,2022-12-31,prefecture_whole,,220.94,,124.47,,345.41,official_debt,SRC-CITY-PANEL-1990-2023;SRC-OFFICIAL-DEBT-LIAONING-CITIES-2022,A2,extracted,true,法定债务四个分项保持独立；缺失值保留 null。
DEBT-CN-210600-2022-PREFECTURE,CN-210600,2022,2022-12-31,prefecture_whole,,284.45,,59.96,,344.41,official_debt,SRC-CITY-PANEL-1990-2023;SRC-OFFICIAL-DEBT-LIAONING-CITIES-2022,A2,extracted,true,法定债务四个分项保持独立；缺失值保留 null。
DEBT-CN-210700-2022-PREFECTURE,CN-210700,2022,2022-12-31,prefecture_whole,,351.74,,86.34,,438.08,official_debt,SRC-CITY-PANEL-1990-2023;SRC-OFFICIAL-DEBT-LIAONING-CITIES-2022,A2,extracted,true,法定债务四个分项保持独立；缺失值保留 null。
DEBT-CN-210800-2022-PREFECTURE,CN-210800,2022,2022-12-31,prefecture_whole,,812.81,,192.27,,1005.08,official_debt,SRC-CITY-PANEL-1990-2023;SRC-OFFICIAL-DEBT-LIAONING-CITIES-2022,A2,extracted,true,法定债务四个分项保持独立；缺失值保留 null。
DEBT-CN-210900-2022-PREFECTURE,CN-210900,2022,2022-12-31,prefecture_whole,,130.16,,56.71,,186.87,official_debt,SRC-CITY-PANEL-1990-2023;SRC-OFFICIAL-DEBT-LIAONING-CITIES-2022,A2,extracted,true,法定债务四个分项保持独立；缺失值保留 null。
DEBT-CN-211000-2022-PREFECTURE,CN-211000,2022,2022-12-31,prefecture_whole,,261.50,,110.10,,371.60,official_debt,SRC-CITY-PANEL-1990-2023;SRC-OFFICIAL-DEBT-LIAONING-CITIES-2022,A2,extracted,true,法定债务四个分项保持独立；缺失值保留 null。
DEBT-CN-211100-2022-PREFECTURE,CN-211100,2022,2022-12-31,prefecture_whole,,646.46,,138.55,,785.01,official_debt,SRC-CITY-PANEL-1990-2023;SRC-OFFICIAL-DEBT-LIAONING-CITIES-2022,A2,extracted,true,法定债务四个分项保持独立；缺失值保留 null。
DEBT-CN-211200-2022-PREFECTURE,CN-211200,2022,2022-12-31,prefecture_whole,,170.81,,163.28,,334.09,official_debt,SRC-CITY-PANEL-1990-2023;SRC-OFFICIAL-DEBT-LIAONING-CITIES-2022,A2,extracted,true,法定债务四个分项保持独立；缺失值保留 null。
DEBT-CN-211300-2022-PREFECTURE,CN-211300,2022,2022-12-31,prefecture_whole,,142.84,,116.44,,259.28,official_debt,SRC-CITY-PANEL-1990-2023;SRC-OFFICIAL-DEBT-LIAONING-CITIES-2022,A2,extracted,true,法定债务四个分项保持独立；缺失值保留 null。
DEBT-CN-211400-2022-PREFECTURE,CN-211400,2022,2022-12-31,prefecture_whole,,348.01,,81.49,,429.50,official_debt,SRC-CITY-PANEL-1990-2023;SRC-OFFICIAL-DEBT-LIAONING-CITIES-2022,A2,extracted,true,法定债务四个分项保持独立；缺失值保留 null。
DEBT-CN-220100-2022-PREFECTURE,CN-220100,2022,2022-12-31,prefecture_whole,846.20,787.17,1621.81,1532.73,2468.01,2319.90,official_debt,SRC-CITY-PANEL-1990-2023;SRC-PROVINCE-DEBT-JILIN-2022,A1,extracted,true,法定债务四个分项保持独立；缺失值保留 null。
DEBT-CN-220200-2022-PREFECTURE,CN-220200,2022,2022-12-31,prefecture_whole,245.76,231.69,284.55,278.73,530.31,510.42,official_debt,SRC-CITY-PANEL-1990-2023;SRC-PROVINCE-DEBT-JILIN-2022,A1,extracted,true,法定债务四个分项保持独立；缺失值保留 null。
DEBT-CN-220300-2022-PREFECTURE,CN-220300,2022,2022-12-31,prefecture_whole,89.31,73.74,49.91,49.77,139.21,123.51,official_debt,SRC-CITY-PANEL-1990-2023;SRC-PROVINCE-DEBT-JILIN-2022,A1,extracted,true,法定债务四个分项保持独立；缺失值保留 null。
DEBT-CN-220400-2022-PREFECTURE,CN-220400,2022,2022-12-31,prefecture_whole,66.52,60.76,76.98,73.65,143.50,134.41,official_debt,SRC-CITY-PANEL-1990-2023;SRC-PROVINCE-DEBT-JILIN-2022,A1,extracted,true,法定债务四个分项保持独立；缺失值保留 null。
DEBT-CN-220500-2022-PREFECTURE,CN-220500,2022,2022-12-31,prefecture_whole,83.29,82.68,117.84,116.66,201.13,199.34,official_debt,SRC-CITY-PANEL-1990-2023;SRC-PROVINCE-DEBT-JILIN-2022,A1,extracted,true,法定债务四个分项保持独立；缺失值保留 null。
DEBT-CN-220600-2022-PREFECTURE,CN-220600,2022,2022-12-31,prefecture_whole,125.30,112.03,63.59,63.17,188.89,175.20,official_debt,SRC-CITY-PANEL-1990-2023;SRC-PROVINCE-DEBT-JILIN-2022,A1,extracted,true,法定债务四个分项保持独立；缺失值保留 null。
DEBT-CN-220700-2022-PREFECTURE,CN-220700,2022,2022-12-31,prefecture_whole,95.16,92.87,92.25,90.19,187.41,183.06,official_debt,SRC-CITY-PANEL-1990-2023;SRC-PROVINCE-DEBT-JILIN-2022,A1,extracted,true,法定债务四个分项保持独立；缺失值保留 null。
DEBT-CN-220800-2022-PREFECTURE,CN-220800,2022,2022-12-31,prefecture_whole,104.22,98.57,46.09,46.05,150.31,144.63,official_debt,SRC-CITY-PANEL-1990-2023;SRC-PROVINCE-DEBT-JILIN-2022,A1,extracted,true,法定债务四个分项保持独立；缺失值保留 null。
DEBT-CN-222400-2022-PREFECTURE,CN-222400,2022,2022-12-31,prefecture_whole,352.41,334.72,314.66,307.73,667.06,642.45,official_debt,SRC-PROVINCE-DEBT-JILIN-2022,A1,extracted,true,法定债务四个分项保持独立；缺失值保留 null。
DEBT-CN-230100-2022-PREFECTURE,CN-230100,2022,2022-12-31,prefecture_whole,1681.01,1640.94,1271.41,1258.54,2952.42,2899.48,official_debt,SRC-CITY-PANEL-1990-2023;SRC-PROVINCE-DEBT-HEILONGJIANG-2022,A1,extracted,true,法定债务四个分项保持独立；缺失值保留 null。
DEBT-CN-230200-2022-PREFECTURE,CN-230200,2022,2022-12-31,prefecture_whole,310.86,307.24,136.63,136.41,447.49,443.65,official_debt,SRC-CITY-PANEL-1990-2023;SRC-PROVINCE-DEBT-HEILONGJIANG-2022,A1,extracted,true,法定债务四个分项保持独立；缺失值保留 null。
DEBT-CN-230300-2022-PREFECTURE,CN-230300,2022,2022-12-31,prefecture_whole,168.58,162.18,62.57,62.44,231.15,224.63,official_debt,SRC-CITY-PANEL-1990-2023;SRC-PROVINCE-DEBT-HEILONGJIANG-2022,A1,extracted,true,法定债务四个分项保持独立；缺失值保留 null。
DEBT-CN-230400-2022-PREFECTURE,CN-230400,2022,2022-12-31,prefecture_whole,128.38,126.90,35.46,35.34,163.84,162.24,official_debt,SRC-CITY-PANEL-1990-2023;SRC-PROVINCE-DEBT-HEILONGJIANG-2022,A1,extracted,true,法定债务四个分项保持独立；缺失值保留 null。
DEBT-CN-230500-2022-PREFECTURE,CN-230500,2022,2022-12-31,prefecture_whole,203.87,201.09,86.49,86.37,290.36,287.46,official_debt,SRC-CITY-PANEL-1990-2023;SRC-PROVINCE-DEBT-HEILONGJIANG-2022,A1,extracted,true,法定债务四个分项保持独立；缺失值保留 null。
DEBT-CN-230600-2022-PREFECTURE,CN-230600,2022,2022-12-31,prefecture_whole,227.45,220.94,119.50,118.54,346.95,339.48,official_debt,SRC-CITY-PANEL-1990-2023;SRC-PROVINCE-DEBT-HEILONGJIANG-2022,A1,extracted,true,法定债务四个分项保持独立；缺失值保留 null。
DEBT-CN-230700-2022-PREFECTURE,CN-230700,2022,2022-12-31,prefecture_whole,173.57,170.00,41.97,41.80,215.54,211.81,official_debt,SRC-CITY-PANEL-1990-2023;SRC-PROVINCE-DEBT-HEILONGJIANG-2022,A1,extracted,true,法定债务四个分项保持独立；缺失值保留 null。
DEBT-CN-230800-2022-PREFECTURE,CN-230800,2022,2022-12-31,prefecture_whole,323.05,319.64,107.61,107.41,430.66,427.05,official_debt,SRC-CITY-PANEL-1990-2023;SRC-PROVINCE-DEBT-HEILONGJIANG-2022,A1,extracted,true,法定债务四个分项保持独立；缺失值保留 null。
DEBT-CN-230900-2022-PREFECTURE,CN-230900,2022,2022-12-31,prefecture_whole,144.32,143.95,81.39,81.26,225.71,225.20,official_debt,SRC-CITY-PANEL-1990-2023;SRC-PROVINCE-DEBT-HEILONGJIANG-2022,A1,extracted,true,法定债务四个分项保持独立；缺失值保留 null。
DEBT-CN-231000-2022-PREFECTURE,CN-231000,2022,2022-12-31,prefecture_whole,345.73,340.36,113.95,112.28,459.68,452.64,official_debt,SRC-CITY-PANEL-1990-2023;SRC-PROVINCE-DEBT-HEILONGJIANG-2022,A1,extracted,true,法定债务四个分项保持独立；缺失值保留 null。
DEBT-CN-231100-2022-PREFECTURE,CN-231100,2022,2022-12-31,prefecture_whole,131.04,128.74,76.79,76.66,207.82,205.39,official_debt,SRC-CITY-PANEL-1990-2023;SRC-PROVINCE-DEBT-HEILONGJIANG-2022,A1,extracted,true,法定债务四个分项保持独立；缺失值保留 null。
DEBT-CN-231200-2022-PREFECTURE,CN-231200,2022,2022-12-31,prefecture_whole,348.87,344.42,138.45,135.51,487.32,479.94,official_debt,SRC-CITY-PANEL-1990-2023;SRC-PROVINCE-DEBT-HEILONGJIANG-2022,A1,extracted,true,法定债务四个分项保持独立；缺失值保留 null。
DEBT-CN-232700-2022-PREFECTURE,CN-232700,2022,2022-12-31,prefecture_whole,33.64,32.65,10.30,10.13,43.94,42.78,official_debt,SRC-PROVINCE-DEBT-HEILONGJIANG-2022,A1,extracted,true,法定债务四个分项保持独立；缺失值保留 null。
DEBT-CN-310000-2022-PREFECTURE,CN-310000,2022,2022-12-31,prefecture_whole,4867.50,3541.30,6435.60,4997.30,11303.10,8538.60,official_debt,SRC-CITY-PANEL-1990-2023;SRC-CITY-DEBT-SHANGHAI-2022,A1,extracted,true,法定债务四个分项保持独立；缺失值保留 null。
DEBT-CN-320100-2022-PREFECTURE,CN-320100,2022,2022-12-31,prefecture_whole,1236.24,1091.37,2063.44,1896.77,3299.68,2988.15,official_debt,SRC-CITY-PANEL-1990-2023;SRC-PROVINCE-DEBT-JIANGSU-2022,A1,extracted,true,法定债务四个分项保持独立；缺失值保留 null。
DEBT-CN-320200-2022-PREFECTURE,CN-320200,2022,2022-12-31,prefecture_whole,572.32,539.16,1365.06,1335.20,1937.38,1874.36,official_debt,SRC-CITY-PANEL-1990-2023;SRC-PROVINCE-DEBT-JIANGSU-2022,A1,extracted,true,法定债务四个分项保持独立；缺失值保留 null。
DEBT-CN-320300-2022-PREFECTURE,CN-320300,2022,2022-12-31,prefecture_whole,391.05,332.71,1238.19,1188.82,1629.24,1521.53,official_debt,SRC-CITY-PANEL-1990-2023;SRC-PROVINCE-DEBT-JIANGSU-2022,A1,extracted,true,法定债务四个分项保持独立；缺失值保留 null。
DEBT-CN-320400-2022-PREFECTURE,CN-320400,2022,2022-12-31,prefecture_whole,430.88,409.67,1218.31,1197.98,1649.19,1607.64,official_debt,SRC-CITY-PANEL-1990-2023;SRC-PROVINCE-DEBT-JIANGSU-2022,A1,extracted,true,法定债务四个分项保持独立；缺失值保留 null。
DEBT-CN-320500-2022-PREFECTURE,CN-320500,2022,2022-12-31,prefecture_whole,843.26,694.48,1267.50,1077.94,2110.76,1772.41,official_debt,SRC-CITY-PANEL-1990-2023;SRC-PROVINCE-DEBT-JIANGSU-2022,A1,extracted,true,法定债务四个分项保持独立；缺失值保留 null。
DEBT-CN-320600-2022-PREFECTURE,CN-320600,2022,2022-12-31,prefecture_whole,886.74,800.75,1281.54,1178.03,2168.28,1978.78,official_debt,SRC-CITY-PANEL-1990-2023;SRC-PROVINCE-DEBT-JIANGSU-2022,A1,extracted,true,法定债务四个分项保持独立；缺失值保留 null。
DEBT-CN-320700-2022-PREFECTURE,CN-320700,2022,2022-12-31,prefecture_whole,267.98,238.74,460.65,440.75,728.63,679.49,official_debt,SRC-CITY-PANEL-1990-2023;SRC-PROVINCE-DEBT-JIANGSU-2022,A1,extracted,true,法定债务四个分项保持独立；缺失值保留 null。
DEBT-CN-320800-2022-PREFECTURE,CN-320800,2022,2022-12-31,prefecture_whole,425.45,391.67,388.42,359.80,813.87,751.47,official_debt,SRC-CITY-PANEL-1990-2023;SRC-PROVINCE-DEBT-JIANGSU-2022,A1,extracted,true,法定债务四个分项保持独立；缺失值保留 null。
DEBT-CN-320900-2022-PREFECTURE,CN-320900,2022,2022-12-31,prefecture_whole,699.24,662.67,936.97,872.66,1636.21,1535.33,official_debt,SRC-CITY-PANEL-1990-2023;SRC-PROVINCE-DEBT-JIANGSU-2022,A1,extracted,true,法定债务四个分项保持独立；缺失值保留 null。
DEBT-CN-321000-2022-PREFECTURE,CN-321000,2022,2022-12-31,prefecture_whole,455.60,421.16,741.46,683.62,1197.06,1104.77,official_debt,SRC-CITY-PANEL-1990-2023;SRC-PROVINCE-DEBT-JIANGSU-2022,A1,extracted,true,法定债务四个分项保持独立；缺失值保留 null。
DEBT-CN-321100-2022-PREFECTURE,CN-321100,2022,2022-12-31,prefecture_whole,518.78,479.22,1725.86,1709.30,2244.64,2188.52,official_debt,SRC-CITY-PANEL-1990-2023;SRC-PROVINCE-DEBT-JIANGSU-2022,A1,extracted,true,法定债务四个分项保持独立；缺失值保留 null。
DEBT-CN-321200-2022-PREFECTURE,CN-321200,2022,2022-12-31,prefecture_whole,503.00,446.26,583.06,554.37,1086.06,1000.64,official_debt,SRC-CITY-PANEL-1990-2023;SRC-PROVINCE-DEBT-JIANGSU-2022,A1,extracted,true,法定债务四个分项保持独立；缺失值保留 null。
DEBT-CN-321300-2022-PREFECTURE,CN-321300,2022,2022-12-31,prefecture_whole,387.76,368.61,542.01,533.54,929.77,902.15,official_debt,SRC-CITY-PANEL-1990-2023;SRC-PROVINCE-DEBT-JIANGSU-2022,A1,extracted,true,法定债务四个分项保持独立；缺失值保留 null。
DEBT-CN-330100-2022-PREFECTURE,CN-330100,2022,2022-12-31,prefecture_whole,,,,,,3682.44,official_debt,SRC-CITY-PANEL-1990-2023;SRC-OFFICIAL-DEBT-ZHEJIANG-HANGZHOU-2022,A2,extracted,true,法定债务四个分项保持独立；缺失值保留 null。
DEBT-CN-330200-2022-PREFECTURE,CN-330200,2022,2022-12-31,prefecture_whole,,1262.81,,1622.70,,2885.50,official_debt,SRC-CITY-PANEL-1990-2023;SRC-CELMA-API-DEBT-3302-2022,A2,extracted,true,法定债务四个分项保持独立；缺失值保留 null。
DEBT-CN-330300-2022-PREFECTURE,CN-330300,2022,2022-12-31,prefecture_whole,,,,,,2635.00,secondary_debt,SRC-CITY-PANEL-1990-2023;SRC-SECONDARY-DEBT-ZHEJIANG-WENZHOU-2022,B2,needs_review,true,法定债务四个分项保持独立；缺失值保留 null。
DEBT-CN-330400-2022-PREFECTURE,CN-330400,2022,2022-12-31,prefecture_whole,,,,,,,provisional,SRC-CITY-PANEL-1990-2023,D,missing,false,法定债务四个分项保持独立；缺失值保留 null。
DEBT-CN-330500-2022-PREFECTURE,CN-330500,2022,2022-12-31,prefecture_whole,,,,,,,provisional,SRC-CITY-PANEL-1990-2023,D,missing,false,法定债务四个分项保持独立；缺失值保留 null。
DEBT-CN-330600-2022-PREFECTURE,CN-330600,2022,2022-12-31,prefecture_whole,,,,,,,provisional,SRC-CITY-PANEL-1990-2023,D,missing,false,法定债务四个分项保持独立；缺失值保留 null。
DEBT-CN-330700-2022-PREFECTURE,CN-330700,2022,2022-12-31,prefecture_whole,,,,,,,provisional,SRC-CITY-PANEL-1990-2023,D,missing,false,法定债务四个分项保持独立；缺失值保留 null。
DEBT-CN-330800-2022-PREFECTURE,CN-330800,2022,2022-12-31,prefecture_whole,,,,,,,provisional,SRC-CITY-PANEL-1990-2023,D,missing,false,法定债务四个分项保持独立；缺失值保留 null。
DEBT-CN-330900-2022-PREFECTURE,CN-330900,2022,2022-12-31,prefecture_whole,,,,,,,provisional,SRC-CITY-PANEL-1990-2023,D,missing,false,法定债务四个分项保持独立；缺失值保留 null。
DEBT-CN-331000-2022-PREFECTURE,CN-331000,2022,2022-12-31,prefecture_whole,,,,,,,provisional,SRC-CITY-PANEL-1990-2023,D,missing,false,法定债务四个分项保持独立；缺失值保留 null。
DEBT-CN-331100-2022-PREFECTURE,CN-331100,2022,2022-12-31,prefecture_whole,,,,,,,provisional,SRC-CITY-PANEL-1990-2023,D,missing,false,法定债务四个分项保持独立；缺失值保留 null。
DEBT-CN-340100-2022-PREFECTURE,CN-340100,2022,2022-12-31,prefecture_whole,,,,,,,provisional,SRC-CITY-PANEL-1990-2023,D,missing,false,法定债务四个分项保持独立；缺失值保留 null。
DEBT-CN-340200-2022-PREFECTURE,CN-340200,2022,2022-12-31,prefecture_whole,,,,,,,provisional,SRC-CITY-PANEL-1990-2023,D,missing,false,法定债务四个分项保持独立；缺失值保留 null。
DEBT-CN-340300-2022-PREFECTURE,CN-340300,2022,2022-12-31,prefecture_whole,,,,,,,provisional,SRC-CITY-PANEL-1990-2023,D,missing,false,法定债务四个分项保持独立；缺失值保留 null。
DEBT-CN-340400-2022-PREFECTURE,CN-340400,2022,2022-12-31,prefecture_whole,,,,,,,provisional,SRC-CITY-PANEL-1990-2023,D,missing,false,法定债务四个分项保持独立；缺失值保留 null。
DEBT-CN-340500-2022-PREFECTURE,CN-340500,2022,2022-12-31,prefecture_whole,,,,,,,provisional,SRC-CITY-PANEL-1990-2023,D,missing,false,法定债务四个分项保持独立；缺失值保留 null。
DEBT-CN-340600-2022-PREFECTURE,CN-340600,2022,2022-12-31,prefecture_whole,,,,,,,provisional,SRC-CITY-PANEL-1990-2023,D,missing,false,法定债务四个分项保持独立；缺失值保留 null。
DEBT-CN-340700-2022-PREFECTURE,CN-340700,2022,2022-12-31,prefecture_whole,,,,,,,provisional,SRC-CITY-PANEL-1990-2023,D,missing,false,法定债务四个分项保持独立；缺失值保留 null。
DEBT-CN-340800-2022-PREFECTURE,CN-340800,2022,2022-12-31,prefecture_whole,,,,,,,provisional,SRC-CITY-PANEL-1990-2023,D,missing,false,法定债务四个分项保持独立；缺失值保留 null。
DEBT-CN-341000-2022-PREFECTURE,CN-341000,2022,2022-12-31,prefecture_whole,,,,,,,provisional,SRC-CITY-PANEL-1990-2023,D,missing,false,法定债务四个分项保持独立；缺失值保留 null。
DEBT-CN-341100-2022-PREFECTURE,CN-341100,2022,2022-12-31,prefecture_whole,,,,,,,provisional,SRC-CITY-PANEL-1990-2023,D,missing,false,法定债务四个分项保持独立；缺失值保留 null。
DEBT-CN-341200-2022-PREFECTURE,CN-341200,2022,2022-12-31,prefecture_whole,,,,,,,provisional,SRC-CITY-PANEL-1990-2023,D,missing,false,法定债务四个分项保持独立；缺失值保留 null。
DEBT-CN-341300-2022-PREFECTURE,CN-341300,2022,2022-12-31,prefecture_whole,,,,,,,provisional,SRC-CITY-PANEL-1990-2023,D,missing,false,法定债务四个分项保持独立；缺失值保留 null。
DEBT-CN-341500-2022-PREFECTURE,CN-341500,2022,2022-12-31,prefecture_whole,,,,,,,provisional,SRC-CITY-PANEL-1990-2023,D,missing,false,法定债务四个分项保持独立；缺失值保留 null。
DEBT-CN-341600-2022-PREFECTURE,CN-341600,2022,2022-12-31,prefecture_whole,,,,,,,provisional,SRC-CITY-PANEL-1990-2023,D,missing,false,法定债务四个分项保持独立；缺失值保留 null。
DEBT-CN-341700-2022-PREFECTURE,CN-341700,2022,2022-12-31,prefecture_whole,,,,,,,provisional,SRC-CITY-PANEL-1990-2023,D,missing,false,法定债务四个分项保持独立；缺失值保留 null。
DEBT-CN-341800-2022-PREFECTURE,CN-341800,2022,2022-12-31,prefecture_whole,,,,,,,provisional,SRC-CITY-PANEL-1990-2023,D,missing,false,法定债务四个分项保持独立；缺失值保留 null。
DEBT-CN-350100-2022-PREFECTURE,CN-350100,2022,2022-12-31,prefecture_whole,,,,,,,provisional,SRC-CITY-PANEL-1990-2023,D,missing,false,法定债务四个分项保持独立；缺失值保留 null。
DEBT-CN-350200-2022-PREFECTURE,CN-350200,2022,2022-12-31,prefecture_whole,,374.46,,1393.31,,1767.77,official_debt,SRC-CITY-PANEL-1990-2023;SRC-CELMA-API-DEBT-3502-2022,A2,extracted,true,法定债务四个分项保持独立；缺失值保留 null。
DEBT-CN-350300-2022-PREFECTURE,CN-350300,2022,2022-12-31,prefecture_whole,,,,,,,provisional,SRC-CITY-PANEL-1990-2023,D,missing,false,法定债务四个分项保持独立；缺失值保留 null。
DEBT-CN-350400-2022-PREFECTURE,CN-350400,2022,2022-12-31,prefecture_whole,,,,,,,provisional,SRC-CITY-PANEL-1990-2023,D,missing,false,法定债务四个分项保持独立；缺失值保留 null。
DEBT-CN-350500-2022-PREFECTURE,CN-350500,2022,2022-12-31,prefecture_whole,,,,,,2112.52,official_debt,SRC-CITY-PANEL-1990-2023;SRC-OFFICIAL-DEBT-FUJIAN-QUANZHOU-2022,A2,extracted,true,法定债务四个分项保持独立；缺失值保留 null。
DEBT-CN-350600-2022-PREFECTURE,CN-350600,2022,2022-12-31,prefecture_whole,,,,,,,provisional,SRC-CITY-PANEL-1990-2023,D,missing,false,法定债务四个分项保持独立；缺失值保留 null。
DEBT-CN-350700-2022-PREFECTURE,CN-350700,2022,2022-12-31,prefecture_whole,,,,,,,provisional,SRC-CITY-PANEL-1990-2023,D,missing,false,法定债务四个分项保持独立；缺失值保留 null。
DEBT-CN-350800-2022-PREFECTURE,CN-350800,2022,2022-12-31,prefecture_whole,,,,,,,provisional,SRC-CITY-PANEL-1990-2023,D,missing,false,法定债务四个分项保持独立；缺失值保留 null。
DEBT-CN-350900-2022-PREFECTURE,CN-350900,2022,2022-12-31,prefecture_whole,,,,,,,provisional,SRC-CITY-PANEL-1990-2023,D,missing,false,法定债务四个分项保持独立；缺失值保留 null。
DEBT-CN-360100-2022-PREFECTURE,CN-360100,2022,2022-12-31,prefecture_whole,,,,,,,provisional,SRC-CITY-PANEL-1990-2023,D,missing,false,法定债务四个分项保持独立；缺失值保留 null。
DEBT-CN-360200-2022-PREFECTURE,CN-360200,2022,2022-12-31,prefecture_whole,,,,,,,provisional,SRC-CITY-PANEL-1990-2023,D,missing,false,法定债务四个分项保持独立；缺失值保留 null。
DEBT-CN-360300-2022-PREFECTURE,CN-360300,2022,2022-12-31,prefecture_whole,,,,,,,provisional,SRC-CITY-PANEL-1990-2023,D,missing,false,法定债务四个分项保持独立；缺失值保留 null。
DEBT-CN-360400-2022-PREFECTURE,CN-360400,2022,2022-12-31,prefecture_whole,,,,,,,provisional,SRC-CITY-PANEL-1990-2023,D,missing,false,法定债务四个分项保持独立；缺失值保留 null。
DEBT-CN-360500-2022-PREFECTURE,CN-360500,2022,2022-12-31,prefecture_whole,,,,,,,provisional,SRC-CITY-PANEL-1990-2023,D,missing,false,法定债务四个分项保持独立；缺失值保留 null。
DEBT-CN-360600-2022-PREFECTURE,CN-360600,2022,2022-12-31,prefecture_whole,,,,,,,provisional,SRC-CITY-PANEL-1990-2023,D,missing,false,法定债务四个分项保持独立；缺失值保留 null。
DEBT-CN-360700-2022-PREFECTURE,CN-360700,2022,2022-12-31,prefecture_whole,,,,,,,provisional,SRC-CITY-PANEL-1990-2023,D,missing,false,法定债务四个分项保持独立；缺失值保留 null。
DEBT-CN-360800-2022-PREFECTURE,CN-360800,2022,2022-12-31,prefecture_whole,,,,,,,provisional,SRC-CITY-PANEL-1990-2023,D,missing,false,法定债务四个分项保持独立；缺失值保留 null。
DEBT-CN-360900-2022-PREFECTURE,CN-360900,2022,2022-12-31,prefecture_whole,,,,,,,provisional,SRC-CITY-PANEL-1990-2023,D,missing,false,法定债务四个分项保持独立；缺失值保留 null。
DEBT-CN-361000-2022-PREFECTURE,CN-361000,2022,2022-12-31,prefecture_whole,,,,,,,provisional,SRC-CITY-PANEL-1990-2023,D,missing,false,法定债务四个分项保持独立；缺失值保留 null。
DEBT-CN-361100-2022-PREFECTURE,CN-361100,2022,2022-12-31,prefecture_whole,,,,,,,provisional,SRC-CITY-PANEL-1990-2023,D,missing,false,法定债务四个分项保持独立；缺失值保留 null。
DEBT-CN-370100-2022-PREFECTURE,CN-370100,2022,2022-12-31,prefecture_whole,,,,,,,provisional,SRC-CITY-PANEL-1990-2023,D,missing,false,法定债务四个分项保持独立；缺失值保留 null。
DEBT-CN-370200-2022-PREFECTURE,CN-370200,2022,2022-12-31,prefecture_whole,,1020.10,,2059.53,,3079.63,official_debt,SRC-CITY-PANEL-1990-2023;SRC-CELMA-API-DEBT-3702-2022,A2,extracted,true,法定债务四个分项保持独立；缺失值保留 null。
DEBT-CN-370300-2022-PREFECTURE,CN-370300,2022,2022-12-31,prefecture_whole,,,,,,,provisional,SRC-CITY-PANEL-1990-2023,D,missing,false,法定债务四个分项保持独立；缺失值保留 null。
DEBT-CN-370400-2022-PREFECTURE,CN-370400,2022,2022-12-31,prefecture_whole,,,,,,,provisional,SRC-CITY-PANEL-1990-2023,D,missing,false,法定债务四个分项保持独立；缺失值保留 null。
DEBT-CN-370500-2022-PREFECTURE,CN-370500,2022,2022-12-31,prefecture_whole,,,,,,,provisional,SRC-CITY-PANEL-1990-2023,D,missing,false,法定债务四个分项保持独立；缺失值保留 null。
DEBT-CN-370600-2022-PREFECTURE,CN-370600,2022,2022-12-31,prefecture_whole,,,,,,,provisional,SRC-CITY-PANEL-1990-2023,D,missing,false,法定债务四个分项保持独立；缺失值保留 null。
DEBT-CN-370700-2022-PREFECTURE,CN-370700,2022,2022-12-31,prefecture_whole,,,,,,,provisional,SRC-CITY-PANEL-1990-2023,D,missing,false,法定债务四个分项保持独立；缺失值保留 null。
DEBT-CN-370800-2022-PREFECTURE,CN-370800,2022,2022-12-31,prefecture_whole,,,,,,,provisional,SRC-CITY-PANEL-1990-2023,D,missing,false,法定债务四个分项保持独立；缺失值保留 null。
DEBT-CN-370900-2022-PREFECTURE,CN-370900,2022,2022-12-31,prefecture_whole,,,,,,,provisional,SRC-CITY-PANEL-1990-2023,D,missing,false,法定债务四个分项保持独立；缺失值保留 null。
DEBT-CN-371000-2022-PREFECTURE,CN-371000,2022,2022-12-31,prefecture_whole,,,,,,,provisional,SRC-CITY-PANEL-1990-2023,D,missing,false,法定债务四个分项保持独立；缺失值保留 null。
DEBT-CN-371100-2022-PREFECTURE,CN-371100,2022,2022-12-31,prefecture_whole,,,,,,,provisional,SRC-CITY-PANEL-1990-2023,D,missing,false,法定债务四个分项保持独立；缺失值保留 null。
DEBT-CN-371300-2022-PREFECTURE,CN-371300,2022,2022-12-31,prefecture_whole,,,,,,,provisional,SRC-CITY-PANEL-1990-2023,D,missing,false,法定债务四个分项保持独立；缺失值保留 null。
DEBT-CN-371400-2022-PREFECTURE,CN-371400,2022,2022-12-31,prefecture_whole,,,,,,,provisional,SRC-CITY-PANEL-1990-2023,D,missing,false,法定债务四个分项保持独立；缺失值保留 null。
DEBT-CN-371500-2022-PREFECTURE,CN-371500,2022,2022-12-31,prefecture_whole,,,,,,,provisional,SRC-CITY-PANEL-1990-2023,D,missing,false,法定债务四个分项保持独立；缺失值保留 null。
DEBT-CN-371600-2022-PREFECTURE,CN-371600,2022,2022-12-31,prefecture_whole,,,,,,,provisional,SRC-CITY-PANEL-1990-2023,D,missing,false,法定债务四个分项保持独立；缺失值保留 null。
DEBT-CN-371700-2022-PREFECTURE,CN-371700,2022,2022-12-31,prefecture_whole,,,,,,,provisional,SRC-CITY-PANEL-1990-2023,D,missing,false,法定债务四个分项保持独立；缺失值保留 null。
DEBT-CN-410100-2022-PREFECTURE,CN-410100,2022,2022-12-31,prefecture_whole,,,,,,,provisional,SRC-CITY-PANEL-1990-2023,D,missing,false,法定债务四个分项保持独立；缺失值保留 null。
DEBT-CN-410200-2022-PREFECTURE,CN-410200,2022,2022-12-31,prefecture_whole,,,,,,,provisional,SRC-CITY-PANEL-1990-2023,D,missing,false,法定债务四个分项保持独立；缺失值保留 null。
DEBT-CN-410300-2022-PREFECTURE,CN-410300,2022,2022-12-31,prefecture_whole,,,,,,,provisional,SRC-CITY-PANEL-1990-2023,D,missing,false,法定债务四个分项保持独立；缺失值保留 null。
DEBT-CN-410400-2022-PREFECTURE,CN-410400,2022,2022-12-31,prefecture_whole,,,,,,,provisional,SRC-CITY-PANEL-1990-2023,D,missing,false,法定债务四个分项保持独立；缺失值保留 null。
DEBT-CN-410500-2022-PREFECTURE,CN-410500,2022,2022-12-31,prefecture_whole,,,,,,,provisional,SRC-CITY-PANEL-1990-2023,D,missing,false,法定债务四个分项保持独立；缺失值保留 null。
DEBT-CN-410600-2022-PREFECTURE,CN-410600,2022,2022-12-31,prefecture_whole,,,,,,,provisional,SRC-CITY-PANEL-1990-2023,D,missing,false,法定债务四个分项保持独立；缺失值保留 null。
DEBT-CN-410700-2022-PREFECTURE,CN-410700,2022,2022-12-31,prefecture_whole,,,,,,,provisional,SRC-CITY-PANEL-1990-2023,D,missing,false,法定债务四个分项保持独立；缺失值保留 null。
DEBT-CN-410800-2022-PREFECTURE,CN-410800,2022,2022-12-31,prefecture_whole,,,,,,,provisional,SRC-CITY-PANEL-1990-2023,D,missing,false,法定债务四个分项保持独立；缺失值保留 null。
DEBT-CN-410900-2022-PREFECTURE,CN-410900,2022,2022-12-31,prefecture_whole,,,,,,,provisional,SRC-CITY-PANEL-1990-2023,D,missing,false,法定债务四个分项保持独立；缺失值保留 null。
DEBT-CN-411000-2022-PREFECTURE,CN-411000,2022,2022-12-31,prefecture_whole,,,,,,,provisional,SRC-CITY-PANEL-1990-2023,D,missing,false,法定债务四个分项保持独立；缺失值保留 null。
DEBT-CN-411100-2022-PREFECTURE,CN-411100,2022,2022-12-31,prefecture_whole,,,,,,,provisional,SRC-CITY-PANEL-1990-2023,D,missing,false,法定债务四个分项保持独立；缺失值保留 null。
DEBT-CN-411200-2022-PREFECTURE,CN-411200,2022,2022-12-31,prefecture_whole,,,,,,,provisional,SRC-CITY-PANEL-1990-2023,D,missing,false,法定债务四个分项保持独立；缺失值保留 null。
DEBT-CN-411300-2022-PREFECTURE,CN-411300,2022,2022-12-31,prefecture_whole,,,,,,,provisional,SRC-CITY-PANEL-1990-2023,D,missing,false,法定债务四个分项保持独立；缺失值保留 null。
DEBT-CN-411400-2022-PREFECTURE,CN-411400,2022,2022-12-31,prefecture_whole,,,,,,,provisional,SRC-CITY-PANEL-1990-2023,D,missing,false,法定债务四个分项保持独立；缺失值保留 null。
DEBT-CN-411500-2022-PREFECTURE,CN-411500,2022,2022-12-31,prefecture_whole,,,,,,,provisional,SRC-CITY-PANEL-1990-2023,D,missing,false,法定债务四个分项保持独立；缺失值保留 null。
DEBT-CN-411600-2022-PREFECTURE,CN-411600,2022,2022-12-31,prefecture_whole,,,,,,,provisional,SRC-CITY-PANEL-1990-2023,D,missing,false,法定债务四个分项保持独立；缺失值保留 null。
DEBT-CN-411700-2022-PREFECTURE,CN-411700,2022,2022-12-31,prefecture_whole,,,,,,,provisional,SRC-CITY-PANEL-1990-2023,D,missing,false,法定债务四个分项保持独立；缺失值保留 null。
DEBT-CN-419000-2022-PREFECTURE,CN-419000,2022,2022-12-31,prefecture_whole,,,,,,,not_collected,,,missing,false,法定债务四个分项保持独立；缺失值保留 null。
DEBT-CN-420100-2022-PREFECTURE,CN-420100,2022,2022-12-31,prefecture_whole,1929.79,1844.74,4559.78,4450.39,6489.57,6295.13,official_debt,SRC-CITY-PANEL-1990-2023;SRC-OFFICIAL-DEBT-HUBEI-WUHAN-2022,A2,extracted,true,法定债务四个分项保持独立；缺失值保留 null。
DEBT-CN-420200-2022-PREFECTURE,CN-420200,2022,2022-12-31,prefecture_whole,,,,,,,provisional,SRC-CITY-PANEL-1990-2023,D,missing,false,法定债务四个分项保持独立；缺失值保留 null。
DEBT-CN-420300-2022-PREFECTURE,CN-420300,2022,2022-12-31,prefecture_whole,,,,,,602.95,secondary_debt,SRC-CITY-PANEL-1990-2023;SRC-SECONDARY-CEIC-CN-420300,D,needs_review,true,法定债务四个分项保持独立；缺失值保留 null。
DEBT-CN-420500-2022-PREFECTURE,CN-420500,2022,2022-12-31,prefecture_whole,,,,,,,provisional,SRC-CITY-PANEL-1990-2023,D,missing,false,法定债务四个分项保持独立；缺失值保留 null。
DEBT-CN-420600-2022-PREFECTURE,CN-420600,2022,2022-12-31,prefecture_whole,,,,,,,provisional,SRC-CITY-PANEL-1990-2023,D,missing,false,法定债务四个分项保持独立；缺失值保留 null。
DEBT-CN-420700-2022-PREFECTURE,CN-420700,2022,2022-12-31,prefecture_whole,,,,,,,provisional,SRC-CITY-PANEL-1990-2023,D,missing,false,法定债务四个分项保持独立；缺失值保留 null。
DEBT-CN-420800-2022-PREFECTURE,CN-420800,2022,2022-12-31,prefecture_whole,,,,,,,provisional,SRC-CITY-PANEL-1990-2023,D,missing,false,法定债务四个分项保持独立；缺失值保留 null。
DEBT-CN-420900-2022-PREFECTURE,CN-420900,2022,2022-12-31,prefecture_whole,,,,,,548.22,secondary_debt,SRC-CITY-PANEL-1990-2023;SRC-SECONDARY-CEIC-CN-420900,D,needs_review,true,法定债务四个分项保持独立；缺失值保留 null。
DEBT-CN-421000-2022-PREFECTURE,CN-421000,2022,2022-12-31,prefecture_whole,,,,,,706.92,secondary_debt,SRC-CITY-PANEL-1990-2023;SRC-SECONDARY-CEIC-CN-421000,D,needs_review,true,法定债务四个分项保持独立；缺失值保留 null。
DEBT-CN-421100-2022-PREFECTURE,CN-421100,2022,2022-12-31,prefecture_whole,,,,,,,provisional,SRC-CITY-PANEL-1990-2023,D,missing,false,法定债务四个分项保持独立；缺失值保留 null。
DEBT-CN-421200-2022-PREFECTURE,CN-421200,2022,2022-12-31,prefecture_whole,,,,,,366.08,secondary_debt,SRC-CITY-PANEL-1990-2023;SRC-SECONDARY-CEIC-CN-421200,D,needs_review,true,法定债务四个分项保持独立；缺失值保留 null。
DEBT-CN-421300-2022-PREFECTURE,CN-421300,2022,2022-12-31,prefecture_whole,,,,,,,provisional,SRC-CITY-PANEL-1990-2023,D,missing,false,法定债务四个分项保持独立；缺失值保留 null。
DEBT-CN-422800-2022-PREFECTURE,CN-422800,2022,2022-12-31,prefecture_whole,,,,,,,not_collected,,,missing,false,法定债务四个分项保持独立；缺失值保留 null。
DEBT-CN-429000-2022-PREFECTURE,CN-429000,2022,2022-12-31,prefecture_whole,,,,,,,not_collected,,,missing,false,法定债务四个分项保持独立；缺失值保留 null。
DEBT-CN-430100-2022-PREFECTURE,CN-430100,2022,2022-12-31,prefecture_whole,709.33,708.50,2161.85,2161.85,2871.18,2870.35,official_debt,SRC-CITY-PANEL-1990-2023;SRC-PROVINCE-DEBT-HUNAN-2022,A1,extracted,true,法定债务四个分项保持独立；缺失值保留 null。
DEBT-CN-430200-2022-PREFECTURE,CN-430200,2022,2022-12-31,prefecture_whole,396.73,395.56,619.56,619.56,1016.29,1015.12,official_debt,SRC-CITY-PANEL-1990-2023;SRC-PROVINCE-DEBT-HUNAN-2022,A1,extracted,true,法定债务四个分项保持独立；缺失值保留 null。
DEBT-CN-430300-2022-PREFECTURE,CN-430300,2022,2022-12-31,prefecture_whole,364.34,362.56,597.16,597.16,961.50,959.72,official_debt,SRC-CITY-PANEL-1990-2023;SRC-PROVINCE-DEBT-HUNAN-2022,A1,extracted,true,法定债务四个分项保持独立；缺失值保留 null。
DEBT-CN-430400-2022-PREFECTURE,CN-430400,2022,2022-12-31,prefecture_whole,452.57,443.94,681.60,681.60,1134.17,1125.54,official_debt,SRC-CITY-PANEL-1990-2023;SRC-PROVINCE-DEBT-HUNAN-2022,A1,extracted,true,法定债务四个分项保持独立；缺失值保留 null。
DEBT-CN-430500-2022-PREFECTURE,CN-430500,2022,2022-12-31,prefecture_whole,360.72,360.01,413.87,413.87,774.59,773.89,official_debt,SRC-CITY-PANEL-1990-2023;SRC-PROVINCE-DEBT-HUNAN-2022,A1,extracted,true,法定债务四个分项保持独立；缺失值保留 null。
DEBT-CN-430600-2022-PREFECTURE,CN-430600,2022,2022-12-31,prefecture_whole,379.64,375.88,546.71,546.70,926.34,922.58,official_debt,SRC-CITY-PANEL-1990-2023;SRC-PROVINCE-DEBT-HUNAN-2022,A1,extracted,true,法定债务四个分项保持独立；缺失值保留 null。
DEBT-CN-430700-2022-PREFECTURE,CN-430700,2022,2022-12-31,prefecture_whole,518.08,516.32,406.73,406.73,924.81,923.05,official_debt,SRC-CITY-PANEL-1990-2023;SRC-PROVINCE-DEBT-HUNAN-2022,A1,extracted,true,法定债务四个分项保持独立；缺失值保留 null。
DEBT-CN-430800-2022-PREFECTURE,CN-430800,2022,2022-12-31,prefecture_whole,166.38,165.83,188.10,188.10,354.48,353.94,official_debt,SRC-CITY-PANEL-1990-2023;SRC-PROVINCE-DEBT-HUNAN-2022,A1,extracted,true,法定债务四个分项保持独立；缺失值保留 null。
DEBT-CN-430900-2022-PREFECTURE,CN-430900,2022,2022-12-31,prefecture_whole,263.04,261.94,351.02,351.02,614.06,612.95,official_debt,SRC-CITY-PANEL-1990-2023;SRC-PROVINCE-DEBT-HUNAN-2022,A1,extracted,true,法定债务四个分项保持独立；缺失值保留 null。
DEBT-CN-431000-2022-PREFECTURE,CN-431000,2022,2022-12-31,prefecture_whole,599.06,591.35,436.30,436.30,1035.37,1027.66,official_debt,SRC-CITY-PANEL-1990-2023;SRC-PROVINCE-DEBT-HUNAN-2022,A1,extracted,true,法定债务四个分项保持独立；缺失值保留 null。
DEBT-CN-431100-2022-PREFECTURE,CN-431100,2022,2022-12-31,prefecture_whole,373.04,366.00,391.49,391.49,764.53,757.49,official_debt,SRC-CITY-PANEL-1990-2023;SRC-PROVINCE-DEBT-HUNAN-2022,A1,extracted,true,法定债务四个分项保持独立；缺失值保留 null。
DEBT-CN-431200-2022-PREFECTURE,CN-431200,2022,2022-12-31,prefecture_whole,359.68,358.30,496.89,496.89,856.56,855.18,official_debt,SRC-CITY-PANEL-1990-2023;SRC-PROVINCE-DEBT-HUNAN-2022,A1,extracted,true,法定债务四个分项保持独立；缺失值保留 null。
DEBT-CN-431300-2022-PREFECTURE,CN-431300,2022,2022-12-31,prefecture_whole,326.86,324.95,258.60,258.60,585.47,583.55,official_debt,SRC-CITY-PANEL-1990-2023;SRC-PROVINCE-DEBT-HUNAN-2022,A1,extracted,true,法定债务四个分项保持独立；缺失值保留 null。
DEBT-CN-433100-2022-PREFECTURE,CN-433100,2022,2022-12-31,prefecture_whole,283.28,277.66,215.35,215.35,498.63,493.01,official_debt,SRC-PROVINCE-DEBT-HUNAN-2022,A1,extracted,true,法定债务四个分项保持独立；缺失值保留 null。
DEBT-CN-440100-2022-PREFECTURE,CN-440100,2022,2022-12-31,prefecture_whole,1030.13,928.29,4067.54,3758.85,5097.67,4687.14,official_debt,SRC-CITY-PANEL-1990-2023;SRC-CELMA-DEBT-GUANGDONG-2022,A2,extracted,true,法定债务四个分项保持独立；缺失值保留 null。
DEBT-CN-440200-2022-PREFECTURE,CN-440200,2022,2022-12-31,prefecture_whole,244.19,170.02,371.03,168.93,615.22,338.95,official_debt,SRC-CITY-PANEL-1990-2023;SRC-CELMA-DEBT-GUANGDONG-2022,A2,extracted,true,法定债务四个分项保持独立；缺失值保留 null。
DEBT-CN-440300-2022-PREFECTURE,CN-440300,2022,2022-12-31,prefecture_whole,,126.80,,1956.08,,2082.88,official_debt,SRC-CITY-PANEL-1990-2023;SRC-CELMA-API-DEBT-4403-2022,A2,extracted,true,法定债务四个分项保持独立；缺失值保留 null。
DEBT-CN-440400-2022-PREFECTURE,CN-440400,2022,2022-12-31,prefecture_whole,353.86,338.95,766.45,764.59,1120.31,1103.55,official_debt,SRC-CITY-PANEL-1990-2023;SRC-CELMA-DEBT-GUANGDONG-2022,A2,extracted,true,法定债务四个分项保持独立；缺失值保留 null。
DEBT-CN-440500-2022-PREFECTURE,CN-440500,2022,2022-12-31,prefecture_whole,175.02,168.29,640.36,631.49,815.39,799.78,official_debt,SRC-CITY-PANEL-1990-2023;SRC-CELMA-DEBT-GUANGDONG-2022,A2,extracted,true,法定债务四个分项保持独立；缺失值保留 null。
DEBT-CN-440600-2022-PREFECTURE,CN-440600,2022,2022-12-31,prefecture_whole,536.11,395.70,1956.36,1882.11,2492.47,2277.81,official_debt,SRC-CITY-PANEL-1990-2023;SRC-CELMA-DEBT-GUANGDONG-2022,A2,extracted,true,法定债务四个分项保持独立；缺失值保留 null。
DEBT-CN-440700-2022-PREFECTURE,CN-440700,2022,2022-12-31,prefecture_whole,342.06,207.96,586.41,319.85,928.47,527.81,official_debt,SRC-CITY-PANEL-1990-2023;SRC-CELMA-DEBT-GUANGDONG-2022,A2,extracted,true,法定债务四个分项保持独立；缺失值保留 null。
DEBT-CN-440800-2022-PREFECTURE,CN-440800,2022,2022-12-31,prefecture_whole,274.21,234.70,668.88,401.78,943.09,636.48,official_debt,SRC-CITY-PANEL-1990-2023;SRC-CELMA-DEBT-GUANGDONG-2022,A2,extracted,true,法定债务四个分项保持独立；缺失值保留 null。
DEBT-CN-440900-2022-PREFECTURE,CN-440900,2022,2022-12-31,prefecture_whole,219.74,181.65,455.36,294.02,675.10,475.67,official_debt,SRC-CITY-PANEL-1990-2023;SRC-CELMA-DEBT-GUANGDONG-2022,A2,extracted,true,法定债务四个分项保持独立；缺失值保留 null。
DEBT-CN-441200-2022-PREFECTURE,CN-441200,2022,2022-12-31,prefecture_whole,244.72,163.46,752.60,511.68,997.32,675.14,official_debt,SRC-CITY-PANEL-1990-2023;SRC-CELMA-DEBT-GUANGDONG-2022,A2,extracted,true,法定债务四个分项保持独立；缺失值保留 null。
DEBT-CN-441300-2022-PREFECTURE,CN-441300,2022,2022-12-31,prefecture_whole,473.25,309.72,643.86,445.04,1117.10,754.77,official_debt,SRC-CITY-PANEL-1990-2023;SRC-CELMA-DEBT-GUANGDONG-2022,A2,extracted,true,法定债务四个分项保持独立；缺失值保留 null。
DEBT-CN-441400-2022-PREFECTURE,CN-441400,2022,2022-12-31,prefecture_whole,336.57,186.25,376.83,161.80,713.39,348.06,official_debt,SRC-CITY-PANEL-1990-2023;SRC-CELMA-DEBT-GUANGDONG-2022,A2,extracted,true,法定债务四个分项保持独立；缺失值保留 null。
DEBT-CN-441500-2022-PREFECTURE,CN-441500,2022,2022-12-31,prefecture_whole,115.35,74.74,390.17,181.76,505.53,256.50,official_debt,SRC-CITY-PANEL-1990-2023;SRC-CELMA-DEBT-GUANGDONG-2022,A2,extracted,true,法定债务四个分项保持独立；缺失值保留 null。
DEBT-CN-441600-2022-PREFECTURE,CN-441600,2022,2022-12-31,prefecture_whole,235.45,141.79,339.73,165.33,575.18,307.12,official_debt,SRC-CITY-PANEL-1990-2023;SRC-CELMA-DEBT-GUANGDONG-2022,A2,extracted,true,法定债务四个分项保持独立；缺失值保留 null。
DEBT-CN-441700-2022-PREFECTURE,CN-441700,2022,2022-12-31,prefecture_whole,169.93,127.26,215.77,119.11,385.70,246.37,official_debt,SRC-CITY-PANEL-1990-2023;SRC-CELMA-DEBT-GUANGDONG-2022,A2,extracted,true,法定债务四个分项保持独立；缺失值保留 null。
DEBT-CN-441800-2022-PREFECTURE,CN-441800,2022,2022-12-31,prefecture_whole,205.51,152.73,558.04,355.29,763.56,508.03,official_debt,SRC-CITY-PANEL-1990-2023;SRC-CELMA-DEBT-GUANGDONG-2022,A2,extracted,true,法定债务四个分项保持独立；缺失值保留 null。
DEBT-CN-441900-2022-PREFECTURE,CN-441900,2022,2022-12-31,prefecture_whole,542.51,519.86,834.16,820.65,1376.66,1340.51,official_debt,SRC-CITY-PANEL-1990-2023;SRC-CELMA-DEBT-GUANGDONG-2022,A2,extracted,true,法定债务四个分项保持独立；缺失值保留 null。
DEBT-CN-442000-2022-PREFECTURE,CN-442000,2022,2022-12-31,prefecture_whole,87.87,80.16,622.55,613.17,710.42,693.34,official_debt,SRC-CITY-PANEL-1990-2023;SRC-CELMA-DEBT-GUANGDONG-2022,A2,extracted,true,法定债务四个分项保持独立；缺失值保留 null。
DEBT-CN-445100-2022-PREFECTURE,CN-445100,2022,2022-12-31,prefecture_whole,165.11,142.11,176.74,123.94,341.85,266.05,official_debt,SRC-CITY-PANEL-1990-2023;SRC-CELMA-DEBT-GUANGDONG-2022,A2,extracted,true,法定债务四个分项保持独立；缺失值保留 null。
DEBT-CN-445200-2022-PREFECTURE,CN-445200,2022,2022-12-31,prefecture_whole,164.77,117.40,274.10,165.40,438.86,282.80,official_debt,SRC-CITY-PANEL-1990-2023;SRC-CELMA-DEBT-GUANGDONG-2022,A2,extracted,true,法定债务四个分项保持独立；缺失值保留 null。
DEBT-CN-445300-2022-PREFECTURE,CN-445300,2022,2022-12-31,prefecture_whole,190.63,91.49,252.97,115.57,443.60,207.06,official_debt,SRC-CITY-PANEL-1990-2023;SRC-CELMA-DEBT-GUANGDONG-2022,A2,extracted,true,法定债务四个分项保持独立；缺失值保留 null。
DEBT-CN-450100-2022-PREFECTURE,CN-450100,2022,2022-12-31,prefecture_whole,,,,,,,provisional,SRC-CITY-PANEL-1990-2023,D,missing,false,法定债务四个分项保持独立；缺失值保留 null。
DEBT-CN-450200-2022-PREFECTURE,CN-450200,2022,2022-12-31,prefecture_whole,,,,,,,provisional,SRC-CITY-PANEL-1990-2023,D,missing,false,法定债务四个分项保持独立；缺失值保留 null。
DEBT-CN-450300-2022-PREFECTURE,CN-450300,2022,2022-12-31,prefecture_whole,,,,,,,provisional,SRC-CITY-PANEL-1990-2023,D,missing,false,法定债务四个分项保持独立；缺失值保留 null。
DEBT-CN-450400-2022-PREFECTURE,CN-450400,2022,2022-12-31,prefecture_whole,,,,,,,provisional,SRC-CITY-PANEL-1990-2023,D,missing,false,法定债务四个分项保持独立；缺失值保留 null。
DEBT-CN-450500-2022-PREFECTURE,CN-450500,2022,2022-12-31,prefecture_whole,,,,,,,provisional,SRC-CITY-PANEL-1990-2023,D,missing,false,法定债务四个分项保持独立；缺失值保留 null。
DEBT-CN-450600-2022-PREFECTURE,CN-450600,2022,2022-12-31,prefecture_whole,,,,,,,provisional,SRC-CITY-PANEL-1990-2023,D,missing,false,法定债务四个分项保持独立；缺失值保留 null。
DEBT-CN-450700-2022-PREFECTURE,CN-450700,2022,2022-12-31,prefecture_whole,,,,,,,provisional,SRC-CITY-PANEL-1990-2023,D,missing,false,法定债务四个分项保持独立；缺失值保留 null。
DEBT-CN-450800-2022-PREFECTURE,CN-450800,2022,2022-12-31,prefecture_whole,,,,,,,provisional,SRC-CITY-PANEL-1990-2023,D,missing,false,法定债务四个分项保持独立；缺失值保留 null。
DEBT-CN-450900-2022-PREFECTURE,CN-450900,2022,2022-12-31,prefecture_whole,,,,,,,provisional,SRC-CITY-PANEL-1990-2023,D,missing,false,法定债务四个分项保持独立；缺失值保留 null。
DEBT-CN-451000-2022-PREFECTURE,CN-451000,2022,2022-12-31,prefecture_whole,,,,,,,provisional,SRC-CITY-PANEL-1990-2023,D,missing,false,法定债务四个分项保持独立；缺失值保留 null。
DEBT-CN-451100-2022-PREFECTURE,CN-451100,2022,2022-12-31,prefecture_whole,,125.93,,177.12,,303.05,official_debt,SRC-CITY-PANEL-1990-2023;SRC-OFFICIAL-DEBT-GUANGXI-HEZHOU-2022,A2,extracted,true,法定债务四个分项保持独立；缺失值保留 null。
DEBT-CN-451200-2022-PREFECTURE,CN-451200,2022,2022-12-31,prefecture_whole,,,,,,,provisional,SRC-CITY-PANEL-1990-2023,D,missing,false,法定债务四个分项保持独立；缺失值保留 null。
DEBT-CN-451300-2022-PREFECTURE,CN-451300,2022,2022-12-31,prefecture_whole,,157.78,,151.34,,309.13,official_debt,SRC-CITY-PANEL-1990-2023;SRC-OFFICIAL-DEBT-GUANGXI-LAIBIN-2022,A2,extracted,true,法定债务四个分项保持独立；缺失值保留 null。
DEBT-CN-451400-2022-PREFECTURE,CN-451400,2022,2022-12-31,prefecture_whole,,,,,,,provisional,SRC-CITY-PANEL-1990-2023,D,missing,false,法定债务四个分项保持独立；缺失值保留 null。
DEBT-CN-460100-2022-PREFECTURE,CN-460100,2022,2022-12-31,prefecture_whole,219.77,219.77,532.94,532.94,752.70,752.70,official_debt,SRC-CITY-PANEL-1990-2023;SRC-CELMA-DEBT-HAINAN-2022,A2,extracted,true,法定债务四个分项保持独立；缺失值保留 null。
DEBT-CN-460200-2022-PREFECTURE,CN-460200,2022,2022-12-31,prefecture_whole,148.47,148.47,365.28,365.28,513.75,513.75,official_debt,SRC-CITY-PANEL-1990-2023;SRC-CELMA-DEBT-HAINAN-2022,A2,extracted,true,法定债务四个分项保持独立；缺失值保留 null。
DEBT-CN-460300-2022-PREFECTURE,CN-460300,2022,2022-12-31,prefecture_whole,,,,,,,provisional,SRC-CITY-PANEL-1990-2023,D,missing,false,法定债务四个分项保持独立；缺失值保留 null。
DEBT-CN-460400-2022-PREFECTURE,CN-460400,2022,2022-12-31,prefecture_whole,108.78,108.77,154.45,154.45,263.23,263.23,official_debt,SRC-CITY-PANEL-1990-2023;SRC-CELMA-DEBT-HAINAN-2022,A2,extracted,true,法定债务四个分项保持独立；缺失值保留 null。
DEBT-CN-469000-2022-PREFECTURE,CN-469000,2022,2022-12-31,prefecture_whole,,,,,,,not_collected,,,missing,false,法定债务四个分项保持独立；缺失值保留 null。
DEBT-CN-500000-2022-PREFECTURE,CN-500000,2022,2022-12-31,prefecture_whole,3325.00,3180.00,6956.00,6891.00,10281.00,10071.00,official_debt,SRC-CITY-PANEL-1990-2023;SRC-PROVINCE-DEBT-CHONGQING-2022,A1,extracted,true,法定债务四个分项保持独立；缺失值保留 null。
DEBT-CN-510100-2022-PREFECTURE,CN-510100,2022,2022-12-31,prefecture_whole,,,,,,4640.50,secondary_debt,SRC-CITY-PANEL-1990-2023;SRC-SECONDARY-DEBT-SICHUAN-2022-TOP6,B2,needs_review,true,法定债务四个分项保持独立；缺失值保留 null。
DEBT-CN-510300-2022-PREFECTURE,CN-510300,2022,2022-12-31,prefecture_whole,,,,,,618.80,secondary_debt,SRC-CITY-PANEL-1990-2023;SRC-SECONDARY-CEIC-CN-510300,D,needs_review,true,法定债务四个分项保持独立；缺失值保留 null。
DEBT-CN-510400-2022-PREFECTURE,CN-510400,2022,2022-12-31,prefecture_whole,,,,,,,provisional,SRC-CITY-PANEL-1990-2023,D,missing,false,法定债务四个分项保持独立；缺失值保留 null。
DEBT-CN-510500-2022-PREFECTURE,CN-510500,2022,2022-12-31,prefecture_whole,,,,,,868.10,secondary_debt,SRC-CITY-PANEL-1990-2023;SRC-SECONDARY-DEBT-SICHUAN-2022-TOP6,B2,needs_review,true,法定债务四个分项保持独立；缺失值保留 null。
DEBT-CN-510600-2022-PREFECTURE,CN-510600,2022,2022-12-31,prefecture_whole,,,,,,630.00,secondary_debt,SRC-CITY-PANEL-1990-2023;SRC-SECONDARY-CEIC-CN-510600,D,needs_review,true,法定债务四个分项保持独立；缺失值保留 null。
DEBT-CN-510700-2022-PREFECTURE,CN-510700,2022,2022-12-31,prefecture_whole,,,,,,850.80,secondary_debt,SRC-CITY-PANEL-1990-2023;SRC-SECONDARY-DEBT-SICHUAN-2022-TOP6,B2,needs_review,true,法定债务四个分项保持独立；缺失值保留 null。
DEBT-CN-510800-2022-PREFECTURE,CN-510800,2022,2022-12-31,prefecture_whole,,,,,,483.30,secondary_debt,SRC-CITY-PANEL-1990-2023;SRC-SECONDARY-CEIC-CN-510800,D,needs_review,true,法定债务四个分项保持独立；缺失值保留 null。
DEBT-CN-510900-2022-PREFECTURE,CN-510900,2022,2022-12-31,prefecture_whole,,,,,,606.70,secondary_debt,SRC-CITY-PANEL-1990-2023;SRC-SECONDARY-CEIC-CN-510900,D,needs_review,true,法定债务四个分项保持独立；缺失值保留 null。
DEBT-CN-511000-2022-PREFECTURE,CN-511000,2022,2022-12-31,prefecture_whole,,,,,,,provisional,SRC-CITY-PANEL-1990-2023,D,missing,false,法定债务四个分项保持独立；缺失值保留 null。
DEBT-CN-511100-2022-PREFECTURE,CN-511100,2022,2022-12-31,prefecture_whole,,,,,,642.60,secondary_debt,SRC-CITY-PANEL-1990-2023;SRC-SECONDARY-CEIC-CN-511100,D,needs_review,true,法定债务四个分项保持独立；缺失值保留 null。
DEBT-CN-511300-2022-PREFECTURE,CN-511300,2022,2022-12-31,prefecture_whole,,,,,,986.70,secondary_debt,SRC-CITY-PANEL-1990-2023;SRC-SECONDARY-DEBT-SICHUAN-2022-TOP6,B2,needs_review,true,法定债务四个分项保持独立；缺失值保留 null。
DEBT-CN-511400-2022-PREFECTURE,CN-511400,2022,2022-12-31,prefecture_whole,,,,,,,provisional,SRC-CITY-PANEL-1990-2023,D,missing,false,法定债务四个分项保持独立；缺失值保留 null。
DEBT-CN-511500-2022-PREFECTURE,CN-511500,2022,2022-12-31,prefecture_whole,,,,,,903.70,secondary_debt,SRC-CITY-PANEL-1990-2023;SRC-SECONDARY-DEBT-SICHUAN-2022-TOP6,B2,needs_review,true,法定债务四个分项保持独立；缺失值保留 null。
DEBT-CN-511600-2022-PREFECTURE,CN-511600,2022,2022-12-31,prefecture_whole,,,,,,561.40,secondary_debt,SRC-CITY-PANEL-1990-2023;SRC-SECONDARY-CEIC-CN-511600,D,needs_review,true,法定债务四个分项保持独立；缺失值保留 null。
DEBT-CN-511700-2022-PREFECTURE,CN-511700,2022,2022-12-31,prefecture_whole,,,,,,870.70,secondary_debt,SRC-CITY-PANEL-1990-2023;SRC-SECONDARY-DEBT-SICHUAN-2022-TOP6,B2,needs_review,true,法定债务四个分项保持独立；缺失值保留 null。
DEBT-CN-511800-2022-PREFECTURE,CN-511800,2022,2022-12-31,prefecture_whole,,,,,,301.50,secondary_debt,SRC-CITY-PANEL-1990-2023;SRC-SECONDARY-CEIC-CN-511800,D,needs_review,true,法定债务四个分项保持独立；缺失值保留 null。
DEBT-CN-511900-2022-PREFECTURE,CN-511900,2022,2022-12-31,prefecture_whole,,,,,,728.90,secondary_debt,SRC-CITY-PANEL-1990-2023;SRC-SECONDARY-CEIC-CN-511900,D,needs_review,true,法定债务四个分项保持独立；缺失值保留 null。
DEBT-CN-512000-2022-PREFECTURE,CN-512000,2022,2022-12-31,prefecture_whole,,,,,,,provisional,SRC-CITY-PANEL-1990-2023,D,missing,false,法定债务四个分项保持独立；缺失值保留 null。
DEBT-CN-513200-2022-PREFECTURE,CN-513200,2022,2022-12-31,prefecture_whole,,,,,,,not_collected,,,missing,false,法定债务四个分项保持独立；缺失值保留 null。
DEBT-CN-513300-2022-PREFECTURE,CN-513300,2022,2022-12-31,prefecture_whole,,,,,,,not_collected,,,missing,false,法定债务四个分项保持独立；缺失值保留 null。
DEBT-CN-513400-2022-PREFECTURE,CN-513400,2022,2022-12-31,prefecture_whole,,,,,,,not_collected,,,missing,false,法定债务四个分项保持独立；缺失值保留 null。
DEBT-CN-520100-2022-PREFECTURE,CN-520100,2022,2022-12-31,prefecture_whole,429.81,404.82,2218.92,2198.22,2648.73,2603.04,official_debt,SRC-CITY-PANEL-1990-2023;SRC-PROVINCE-DEBT-GUIZHOU-2022,A1,extracted,true,法定债务四个分项保持独立；缺失值保留 null。
DEBT-CN-520200-2022-PREFECTURE,CN-520200,2022,2022-12-31,prefecture_whole,528.98,519.62,232.28,232.16,761.26,751.78,official_debt,SRC-CITY-PANEL-1990-2023;SRC-PROVINCE-DEBT-GUIZHOU-2022,A1,extracted,true,法定债务四个分项保持独立；缺失值保留 null。
DEBT-CN-520300-2022-PREFECTURE,CN-520300,2022,2022-12-31,prefecture_whole,1166.77,1143.01,702.05,696.28,1868.82,1839.29,official_debt,SRC-CITY-PANEL-1990-2023;SRC-PROVINCE-DEBT-GUIZHOU-2022,A1,extracted,true,法定债务四个分项保持独立；缺失值保留 null。
DEBT-CN-520400-2022-PREFECTURE,CN-520400,2022,2022-12-31,prefecture_whole,347.77,338.38,295.21,291.78,642.98,630.16,official_debt,SRC-CITY-PANEL-1990-2023;SRC-PROVINCE-DEBT-GUIZHOU-2022,A1,extracted,true,法定债务四个分项保持独立；缺失值保留 null。
DEBT-CN-520500-2022-PREFECTURE,CN-520500,2022,2022-12-31,prefecture_whole,760.26,741.77,412.02,410.22,1172.28,1151.99,official_debt,SRC-CITY-PANEL-1990-2023;SRC-PROVINCE-DEBT-GUIZHOU-2022,A1,extracted,true,法定债务四个分项保持独立；缺失值保留 null。
DEBT-CN-520600-2022-PREFECTURE,CN-520600,2022,2022-12-31,prefecture_whole,587.65,579.17,313.60,313.40,901.25,892.57,official_debt,SRC-CITY-PANEL-1990-2023;SRC-PROVINCE-DEBT-GUIZHOU-2022,A1,extracted,true,法定债务四个分项保持独立；缺失值保留 null。
DEBT-CN-522300-2022-PREFECTURE,CN-522300,2022,2022-12-31,prefecture_whole,424.76,420.18,308.11,304.94,732.87,725.12,official_debt,SRC-PROVINCE-DEBT-GUIZHOU-2022,A1,extracted,true,法定债务四个分项保持独立；缺失值保留 null。
DEBT-CN-522600-2022-PREFECTURE,CN-522600,2022,2022-12-31,prefecture_whole,379.74,362.08,384.37,377.95,764.11,740.03,official_debt,SRC-PROVINCE-DEBT-GUIZHOU-2022,A1,extracted,true,法定债务四个分项保持独立；缺失值保留 null。
DEBT-CN-522700-2022-PREFECTURE,CN-522700,2022,2022-12-31,prefecture_whole,540.46,530.00,574.97,571.38,1115.43,1101.38,official_debt,SRC-PROVINCE-DEBT-GUIZHOU-2022,A1,extracted,true,法定债务四个分项保持独立；缺失值保留 null。
DEBT-CN-530100-2022-PREFECTURE,CN-530100,2022,2022-12-31,prefecture_whole,,,,,,,provisional,SRC-CITY-PANEL-1990-2023,D,missing,false,法定债务四个分项保持独立；缺失值保留 null。
DEBT-CN-530300-2022-PREFECTURE,CN-530300,2022,2022-12-31,prefecture_whole,,,,,,773.41,secondary_debt,SRC-CITY-PANEL-1990-2023;SRC-SECONDARY-CEIC-CN-530300,D,needs_review,true,法定债务四个分项保持独立；缺失值保留 null。
DEBT-CN-530400-2022-PREFECTURE,CN-530400,2022,2022-12-31,prefecture_whole,,,,,,,provisional,SRC-CITY-PANEL-1990-2023,D,missing,false,法定债务四个分项保持独立；缺失值保留 null。
DEBT-CN-530500-2022-PREFECTURE,CN-530500,2022,2022-12-31,prefecture_whole,,,,,,449.83,secondary_debt,SRC-CITY-PANEL-1990-2023;SRC-SECONDARY-CEIC-CN-530500,D,needs_review,true,法定债务四个分项保持独立；缺失值保留 null。
DEBT-CN-530600-2022-PREFECTURE,CN-530600,2022,2022-12-31,prefecture_whole,,,,,,858.76,secondary_debt,SRC-CITY-PANEL-1990-2023;SRC-SECONDARY-CEIC-CN-530600,D,needs_review,true,法定债务四个分项保持独立；缺失值保留 null。
DEBT-CN-530700-2022-PREFECTURE,CN-530700,2022,2022-12-31,prefecture_whole,,,,,,,provisional,SRC-CITY-PANEL-1990-2023,D,missing,false,法定债务四个分项保持独立；缺失值保留 null。
DEBT-CN-530800-2022-PREFECTURE,CN-530800,2022,2022-12-31,prefecture_whole,,,,,,451.50,secondary_debt,SRC-CITY-PANEL-1990-2023;SRC-SECONDARY-DEBT-YUNNAN-PUER-2022,B2,needs_review,true,法定债务四个分项保持独立；缺失值保留 null。
DEBT-CN-530900-2022-PREFECTURE,CN-530900,2022,2022-12-31,prefecture_whole,,,,,,,provisional,SRC-CITY-PANEL-1990-2023,D,missing,false,法定债务四个分项保持独立；缺失值保留 null。
DEBT-CN-532300-2022-PREFECTURE,CN-532300,2022,2022-12-31,prefecture_whole,,,,,,467.20,official_debt,SRC-OFFICIAL-DEBT-YUNNAN-CHUXIONG-2022,A2,extracted,true,法定债务四个分项保持独立；缺失值保留 null。
DEBT-CN-532500-2022-PREFECTURE,CN-532500,2022,2022-12-31,prefecture_whole,,,,,,,not_collected,,,missing,false,法定债务四个分项保持独立；缺失值保留 null。
DEBT-CN-532600-2022-PREFECTURE,CN-532600,2022,2022-12-31,prefecture_whole,,,,,,,not_collected,,,missing,false,法定债务四个分项保持独立；缺失值保留 null。
DEBT-CN-532800-2022-PREFECTURE,CN-532800,2022,2022-12-31,prefecture_whole,,,,,,,not_collected,,,missing,false,法定债务四个分项保持独立；缺失值保留 null。
DEBT-CN-532900-2022-PREFECTURE,CN-532900,2022,2022-12-31,prefecture_whole,,,,,,,not_collected,,,missing,false,法定债务四个分项保持独立；缺失值保留 null。
DEBT-CN-533100-2022-PREFECTURE,CN-533100,2022,2022-12-31,prefecture_whole,,,,,,,not_collected,,,missing,false,法定债务四个分项保持独立；缺失值保留 null。
DEBT-CN-533300-2022-PREFECTURE,CN-533300,2022,2022-12-31,prefecture_whole,,,,,,,not_collected,,,missing,false,法定债务四个分项保持独立；缺失值保留 null。
DEBT-CN-533400-2022-PREFECTURE,CN-533400,2022,2022-12-31,prefecture_whole,,,,,,,not_collected,,,missing,false,法定债务四个分项保持独立；缺失值保留 null。
DEBT-CN-540100-2022-PREFECTURE,CN-540100,2022,2022-12-31,prefecture_whole,,,,,,,provisional,SRC-CITY-PANEL-1990-2023,D,missing,false,法定债务四个分项保持独立；缺失值保留 null。
DEBT-CN-540200-2022-PREFECTURE,CN-540200,2022,2022-12-31,prefecture_whole,,,,,,,provisional,SRC-CITY-PANEL-1990-2023,D,missing,false,法定债务四个分项保持独立；缺失值保留 null。
DEBT-CN-540300-2022-PREFECTURE,CN-540300,2022,2022-12-31,prefecture_whole,,,,,,,provisional,SRC-CITY-PANEL-1990-2023,D,missing,false,法定债务四个分项保持独立；缺失值保留 null。
DEBT-CN-540400-2022-PREFECTURE,CN-540400,2022,2022-12-31,prefecture_whole,,,,,,,provisional,SRC-CITY-PANEL-1990-2023,D,missing,false,法定债务四个分项保持独立；缺失值保留 null。
DEBT-CN-540500-2022-PREFECTURE,CN-540500,2022,2022-12-31,prefecture_whole,,,,,,,provisional,SRC-CITY-PANEL-1990-2023,D,missing,false,法定债务四个分项保持独立；缺失值保留 null。
DEBT-CN-540600-2022-PREFECTURE,CN-540600,2022,2022-12-31,prefecture_whole,,,,,,,provisional,SRC-CITY-PANEL-1990-2023,D,missing,false,法定债务四个分项保持独立；缺失值保留 null。
DEBT-CN-542500-2022-PREFECTURE,CN-542500,2022,2022-12-31,prefecture_whole,,,,,,,not_collected,,,missing,false,法定债务四个分项保持独立；缺失值保留 null。
DEBT-CN-610100-2022-PREFECTURE,CN-610100,2022,2022-12-31,prefecture_whole,1174.83,1007.52,2725.14,2617.99,3899.97,3625.51,secondary_debt,SRC-CITY-PANEL-1990-2023;SRC-SECONDARY-DEBT-SHAANXI-XIAN-2022,B2,needs_review,true,法定债务四个分项保持独立；缺失值保留 null。
DEBT-CN-610200-2022-PREFECTURE,CN-610200,2022,2022-12-31,prefecture_whole,,,,,,221.41,secondary_debt,SRC-CITY-PANEL-1990-2023;SRC-SECONDARY-CEIC-CN-610200,D,needs_review,true,法定债务四个分项保持独立；缺失值保留 null。
DEBT-CN-610300-2022-PREFECTURE,CN-610300,2022,2022-12-31,prefecture_whole,,,,,,,provisional,SRC-CITY-PANEL-1990-2023,D,missing,false,法定债务四个分项保持独立；缺失值保留 null。
DEBT-CN-610400-2022-PREFECTURE,CN-610400,2022,2022-12-31,prefecture_whole,,,,,,,provisional,SRC-CITY-PANEL-1990-2023,D,missing,false,法定债务四个分项保持独立；缺失值保留 null。
DEBT-CN-610500-2022-PREFECTURE,CN-610500,2022,2022-12-31,prefecture_whole,,,,,,,provisional,SRC-CITY-PANEL-1990-2023,D,missing,false,法定债务四个分项保持独立；缺失值保留 null。
DEBT-CN-610600-2022-PREFECTURE,CN-610600,2022,2022-12-31,prefecture_whole,,,,,,,provisional,SRC-CITY-PANEL-1990-2023,D,missing,false,法定债务四个分项保持独立；缺失值保留 null。
DEBT-CN-610700-2022-PREFECTURE,CN-610700,2022,2022-12-31,prefecture_whole,,,,,,,provisional,SRC-CITY-PANEL-1990-2023,D,missing,false,法定债务四个分项保持独立；缺失值保留 null。
DEBT-CN-610800-2022-PREFECTURE,CN-610800,2022,2022-12-31,prefecture_whole,,,,,,626.35,secondary_debt,SRC-CITY-PANEL-1990-2023;SRC-SECONDARY-CEIC-CN-610800,D,needs_review,true,法定债务四个分项保持独立；缺失值保留 null。
DEBT-CN-610900-2022-PREFECTURE,CN-610900,2022,2022-12-31,prefecture_whole,,,,,,530.12,secondary_debt,SRC-CITY-PANEL-1990-2023;SRC-SECONDARY-CEIC-CN-610900,D,needs_review,true,法定债务四个分项保持独立；缺失值保留 null。
DEBT-CN-611000-2022-PREFECTURE,CN-611000,2022,2022-12-31,prefecture_whole,,,,,,,provisional,SRC-CITY-PANEL-1990-2023,D,missing,false,法定债务四个分项保持独立；缺失值保留 null。
DEBT-CN-620100-2022-PREFECTURE,CN-620100,2022,2022-12-31,prefecture_whole,,,,,,996.60,secondary_debt,SRC-CITY-PANEL-1990-2023;SRC-SECONDARY-CEIC-CN-620100,D,needs_review,true,法定债务四个分项保持独立；缺失值保留 null。
DEBT-CN-620200-2022-PREFECTURE,CN-620200,2022,2022-12-31,prefecture_whole,,,,,,,provisional,SRC-CITY-PANEL-1990-2023,D,missing,false,法定债务四个分项保持独立；缺失值保留 null。
DEBT-CN-620300-2022-PREFECTURE,CN-620300,2022,2022-12-31,prefecture_whole,,,,,,,provisional,SRC-CITY-PANEL-1990-2023,D,missing,false,法定债务四个分项保持独立；缺失值保留 null。
DEBT-CN-620400-2022-PREFECTURE,CN-620400,2022,2022-12-31,prefecture_whole,,,,,,,provisional,SRC-CITY-PANEL-1990-2023,D,missing,false,法定债务四个分项保持独立；缺失值保留 null。
DEBT-CN-620500-2022-PREFECTURE,CN-620500,2022,2022-12-31,prefecture_whole,,,,,,,provisional,SRC-CITY-PANEL-1990-2023,D,missing,false,法定债务四个分项保持独立；缺失值保留 null。
DEBT-CN-620600-2022-PREFECTURE,CN-620600,2022,2022-12-31,prefecture_whole,,,,,,,provisional,SRC-CITY-PANEL-1990-2023,D,missing,false,法定债务四个分项保持独立；缺失值保留 null。
DEBT-CN-620700-2022-PREFECTURE,CN-620700,2022,2022-12-31,prefecture_whole,,,,,,,provisional,SRC-CITY-PANEL-1990-2023,D,missing,false,法定债务四个分项保持独立；缺失值保留 null。
DEBT-CN-620800-2022-PREFECTURE,CN-620800,2022,2022-12-31,prefecture_whole,,,,,,,provisional,SRC-CITY-PANEL-1990-2023,D,missing,false,法定债务四个分项保持独立；缺失值保留 null。
DEBT-CN-620900-2022-PREFECTURE,CN-620900,2022,2022-12-31,prefecture_whole,,,,,,,provisional,SRC-CITY-PANEL-1990-2023,D,missing,false,法定债务四个分项保持独立；缺失值保留 null。
DEBT-CN-621000-2022-PREFECTURE,CN-621000,2022,2022-12-31,prefecture_whole,,,,,,,provisional,SRC-CITY-PANEL-1990-2023,D,missing,false,法定债务四个分项保持独立；缺失值保留 null。
DEBT-CN-621100-2022-PREFECTURE,CN-621100,2022,2022-12-31,prefecture_whole,,,,,,,provisional,SRC-CITY-PANEL-1990-2023,D,missing,false,法定债务四个分项保持独立；缺失值保留 null。
DEBT-CN-621200-2022-PREFECTURE,CN-621200,2022,2022-12-31,prefecture_whole,,,,,,,provisional,SRC-CITY-PANEL-1990-2023,D,missing,false,法定债务四个分项保持独立；缺失值保留 null。
DEBT-CN-622900-2022-PREFECTURE,CN-622900,2022,2022-12-31,prefecture_whole,,,,,,,not_collected,,,missing,false,法定债务四个分项保持独立；缺失值保留 null。
DEBT-CN-623000-2022-PREFECTURE,CN-623000,2022,2022-12-31,prefecture_whole,,,,,,,not_collected,,,missing,false,法定债务四个分项保持独立；缺失值保留 null。
DEBT-CN-630100-2022-PREFECTURE,CN-630100,2022,2022-12-31,prefecture_whole,264.31,231.53,313.40,286.07,577.71,517.61,official_debt,SRC-CITY-PANEL-1990-2023;SRC-PROVINCE-DEBT-QINGHAI-2022,A1,extracted,true,法定债务四个分项保持独立；缺失值保留 null。
DEBT-CN-630200-2022-PREFECTURE,CN-630200,2022,2022-12-31,prefecture_whole,146.44,129.98,158.18,137.81,304.63,267.79,official_debt,SRC-CITY-PANEL-1990-2023;SRC-PROVINCE-DEBT-QINGHAI-2022,A1,extracted,true,法定债务四个分项保持独立；缺失值保留 null。
DEBT-CN-632200-2022-PREFECTURE,CN-632200,2022,2022-12-31,prefecture_whole,31.09,29.41,9.70,8.70,40.79,38.11,official_debt,SRC-PROVINCE-DEBT-QINGHAI-2022,A1,extracted,true,法定债务四个分项保持独立；缺失值保留 null。
DEBT-CN-632300-2022-PREFECTURE,CN-632300,2022,2022-12-31,prefecture_whole,31.47,30.06,18.90,16.90,50.37,46.95,official_debt,SRC-PROVINCE-DEBT-QINGHAI-2022,A1,extracted,true,法定债务四个分项保持独立；缺失值保留 null。
DEBT-CN-632500-2022-PREFECTURE,CN-632500,2022,2022-12-31,prefecture_whole,40.62,37.45,12.37,9.14,52.99,46.59,official_debt,SRC-CITY-PANEL-1990-2023;SRC-PROVINCE-DEBT-QINGHAI-2022,A1,extracted,true,法定债务四个分项保持独立；缺失值保留 null。
DEBT-CN-632600-2022-PREFECTURE,CN-632600,2022,2022-12-31,prefecture_whole,26.44,25.20,6.55,5.55,32.99,30.75,official_debt,SRC-PROVINCE-DEBT-QINGHAI-2022,A1,extracted,true,法定债务四个分项保持独立；缺失值保留 null。
DEBT-CN-632700-2022-PREFECTURE,CN-632700,2022,2022-12-31,prefecture_whole,25.03,24.85,1.00,0.00,26.03,24.85,official_debt,SRC-PROVINCE-DEBT-QINGHAI-2022,A1,extracted,true,法定债务四个分项保持独立；缺失值保留 null。
DEBT-CN-632800-2022-PREFECTURE,CN-632800,2022,2022-12-31,prefecture_whole,170.96,152.63,78.36,72.45,249.33,225.08,official_debt,SRC-PROVINCE-DEBT-QINGHAI-2022,A1,extracted,true,法定债务四个分项保持独立；缺失值保留 null。
DEBT-CN-640100-2022-PREFECTURE,CN-640100,2022,2022-12-31,prefecture_whole,280.24,203.31,126.66,109.06,406.90,312.37,official_debt,SRC-CITY-PANEL-1990-2023;SRC-PROVINCE-DEBT-NINGXIA-2022,A1,extracted,true,法定债务四个分项保持独立；缺失值保留 null。
DEBT-CN-640200-2022-PREFECTURE,CN-640200,2022,2022-12-31,prefecture_whole,88.38,76.40,12.96,9.34,101.34,85.75,official_debt,SRC-CITY-PANEL-1990-2023;SRC-PROVINCE-DEBT-NINGXIA-2022,A1,extracted,true,法定债务四个分项保持独立；缺失值保留 null。
DEBT-CN-640300-2022-PREFECTURE,CN-640300,2022,2022-12-31,prefecture_whole,84.00,74.30,31.79,27.26,115.78,101.56,official_debt,SRC-CITY-PANEL-1990-2023;SRC-PROVINCE-DEBT-NINGXIA-2022,A1,extracted,true,法定债务四个分项保持独立；缺失值保留 null。
DEBT-CN-640400-2022-PREFECTURE,CN-640400,2022,2022-12-31,prefecture_whole,78.34,73.50,18.84,13.06,97.18,86.56,official_debt,SRC-CITY-PANEL-1990-2023;SRC-PROVINCE-DEBT-NINGXIA-2022,A1,extracted,true,法定债务四个分项保持独立；缺失值保留 null。
DEBT-CN-640500-2022-PREFECTURE,CN-640500,2022,2022-12-31,prefecture_whole,104.43,90.26,20.15,16.15,124.58,106.41,official_debt,SRC-CITY-PANEL-1990-2023;SRC-PROVINCE-DEBT-NINGXIA-2022,A1,extracted,true,法定债务四个分项保持独立；缺失值保留 null。
DEBT-CN-650100-2022-PREFECTURE,CN-650100,2022,2022-12-31,prefecture_whole,489.06,431.87,1042.23,968.88,1531.30,1400.75,official_debt,SRC-CITY-PANEL-1990-2023;SRC-PROVINCE-DEBT-XINJIANG-2022,A1,extracted,true,法定债务四个分项保持独立；缺失值保留 null。
DEBT-CN-650200-2022-PREFECTURE,CN-650200,2022,2022-12-31,prefecture_whole,188.28,158.99,99.50,99.50,287.78,258.49,official_debt,SRC-CITY-PANEL-1990-2023;SRC-PROVINCE-DEBT-XINJIANG-2022,A1,extracted,true,法定债务四个分项保持独立；缺失值保留 null。
DEBT-CN-650400-2022-PREFECTURE,CN-650400,2022,2022-12-31,prefecture_whole,93.79,78.79,128.25,125.91,222.04,204.70,official_debt,SRC-CITY-PANEL-1990-2023;SRC-PROVINCE-DEBT-XINJIANG-2022,A1,extracted,true,法定债务四个分项保持独立；缺失值保留 null。
DEBT-CN-650500-2022-PREFECTURE,CN-650500,2022,2022-12-31,prefecture_whole,167.21,130.38,151.42,151.42,318.62,281.80,official_debt,SRC-CITY-PANEL-1990-2023;SRC-PROVINCE-DEBT-XINJIANG-2022,A1,extracted,true,法定债务四个分项保持独立；缺失值保留 null。
DEBT-CN-652300-2022-PREFECTURE,CN-652300,2022,2022-12-31,prefecture_whole,272.77,232.30,328.50,316.16,601.27,548.46,official_debt,SRC-PROVINCE-DEBT-XINJIANG-2022,A1,extracted,true,法定债务四个分项保持独立；缺失值保留 null。
DEBT-CN-652700-2022-PREFECTURE,CN-652700,2022,2022-12-31,prefecture_whole,136.16,120.55,153.51,153.50,289.67,274.05,official_debt,SRC-PROVINCE-DEBT-XINJIANG-2022,A1,extracted,true,法定债务四个分项保持独立；缺失值保留 null。
DEBT-CN-652800-2022-PREFECTURE,CN-652800,2022,2022-12-31,prefecture_whole,227.79,204.88,340.24,329.14,568.02,534.02,official_debt,SRC-PROVINCE-DEBT-XINJIANG-2022,A1,extracted,true,法定债务四个分项保持独立；缺失值保留 null。
DEBT-CN-652900-2022-PREFECTURE,CN-652900,2022,2022-12-31,prefecture_whole,268.82,239.59,310.89,307.22,579.71,546.81,official_debt,SRC-PROVINCE-DEBT-XINJIANG-2022,A1,extracted,true,法定债务四个分项保持独立；缺失值保留 null。
DEBT-CN-653000-2022-PREFECTURE,CN-653000,2022,2022-12-31,prefecture_whole,141.04,135.35,86.30,86.30,227.34,221.65,official_debt,SRC-PROVINCE-DEBT-XINJIANG-2022,A1,extracted,true,法定债务四个分项保持独立；缺失值保留 null。
DEBT-CN-653100-2022-PREFECTURE,CN-653100,2022,2022-12-31,prefecture_whole,304.62,280.55,324.98,321.62,629.59,602.17,official_debt,SRC-PROVINCE-DEBT-XINJIANG-2022,A1,extracted,true,法定债务四个分项保持独立；缺失值保留 null。
DEBT-CN-653200-2022-PREFECTURE,CN-653200,2022,2022-12-31,prefecture_whole,273.36,260.85,196.05,196.05,469.41,456.90,official_debt,SRC-PROVINCE-DEBT-XINJIANG-2022,A1,extracted,true,法定债务四个分项保持独立；缺失值保留 null。
DEBT-CN-654000-2022-PREFECTURE,CN-654000,2022,2022-12-31,prefecture_whole,285.44,258.63,410.54,404.25,695.97,662.88,official_debt,SRC-PROVINCE-DEBT-XINJIANG-2022,A1,extracted,true,法定债务四个分项保持独立；缺失值保留 null。
DEBT-CN-654200-2022-PREFECTURE,CN-654200,2022,2022-12-31,prefecture_whole,186.19,153.35,185.30,185.30,371.49,338.65,official_debt,SRC-PROVINCE-DEBT-XINJIANG-2022,A1,extracted,true,法定债务四个分项保持独立；缺失值保留 null。
DEBT-CN-654300-2022-PREFECTURE,CN-654300,2022,2022-12-31,prefecture_whole,176.52,161.79,167.32,167.32,343.84,329.11,official_debt,SRC-PROVINCE-DEBT-XINJIANG-2022,A1,extracted,true,法定债务四个分项保持独立；缺失值保留 null。
DEBT-CN-659000-2022-PREFECTURE,CN-659000,2022,2022-12-31,prefecture_whole,,,,,,,not_collected,,,missing,false,法定债务四个分项保持独立；缺失值保留 null。
DEBT-CN-110000-2023-PREFECTURE,CN-110000,2023,2023-12-31,prefecture_whole,3022.20,2459.82,9857.10,8916.26,12879.30,11376.08,official_debt,SRC-CITY-PANEL-1990-2023;SRC-CITY-DEBT-BEIJING-2023,A1,extracted,true,法定债务四个分项保持独立；缺失值保留 null。
DEBT-CN-120000-2023-PREFECTURE,CN-120000,2023,2023-12-31,prefecture_whole,3157.83,2931.35,8488.30,8186.24,11646.13,11117.59,official_debt,SRC-CITY-PANEL-1990-2023;SRC-PROVINCE-DEBT-TIANJIN-2023,A1,extracted,true,法定债务四个分项保持独立；缺失值保留 null。
DEBT-CN-130100-2023-PREFECTURE,CN-130100,2023,2023-12-31,prefecture_whole,,,,,,2307.86,secondary_debt,SRC-CITY-PANEL-1990-2023;SRC-SECONDARY-DEBT-HEBEI-2023-RATING-TOTALS,B2,needs_review,true,法定债务四个分项保持独立；缺失值保留 null。
DEBT-CN-130200-2023-PREFECTURE,CN-130200,2023,2023-12-31,prefecture_whole,,,,,,2607.48,secondary_debt,SRC-CITY-PANEL-1990-2023;SRC-SECONDARY-DEBT-HEBEI-2023-RATING-TOTALS,B2,needs_review,true,法定债务四个分项保持独立；缺失值保留 null。
DEBT-CN-130300-2023-PREFECTURE,CN-130300,2023,2023-12-31,prefecture_whole,,,,,,,provisional,SRC-CITY-PANEL-1990-2023,D,missing,false,法定债务四个分项保持独立；缺失值保留 null。
DEBT-CN-130400-2023-PREFECTURE,CN-130400,2023,2023-12-31,prefecture_whole,,,,,,,provisional,SRC-CITY-PANEL-1990-2023,D,missing,false,法定债务四个分项保持独立；缺失值保留 null。
DEBT-CN-130500-2023-PREFECTURE,CN-130500,2023,2023-12-31,prefecture_whole,,,,,,,provisional,SRC-CITY-PANEL-1990-2023,D,missing,false,法定债务四个分项保持独立；缺失值保留 null。
DEBT-CN-130600-2023-PREFECTURE,CN-130600,2023,2023-12-31,prefecture_whole,,,,,,1749.34,secondary_debt,SRC-CITY-PANEL-1990-2023;SRC-SECONDARY-DEBT-HEBEI-2023-RATING-TOTALS,B2,needs_review,true,法定债务四个分项保持独立；缺失值保留 null。
DEBT-CN-130700-2023-PREFECTURE,CN-130700,2023,2023-12-31,prefecture_whole,,,,,,,provisional,SRC-CITY-PANEL-1990-2023,D,missing,false,法定债务四个分项保持独立；缺失值保留 null。
DEBT-CN-130800-2023-PREFECTURE,CN-130800,2023,2023-12-31,prefecture_whole,,429.81,,333.26,,763.08,official_debt,SRC-CITY-PANEL-1990-2023;SRC-OFFICIAL-DEBT-HEBEI-CHENGDE-2023,A2,extracted,true,法定债务四个分项保持独立；缺失值保留 null。
DEBT-CN-130900-2023-PREFECTURE,CN-130900,2023,2023-12-31,prefecture_whole,,,,,,,provisional,SRC-CITY-PANEL-1990-2023,D,missing,false,法定债务四个分项保持独立；缺失值保留 null。
DEBT-CN-131000-2023-PREFECTURE,CN-131000,2023,2023-12-31,prefecture_whole,,,,,,,provisional,SRC-CITY-PANEL-1990-2023,D,missing,false,法定债务四个分项保持独立；缺失值保留 null。
DEBT-CN-131100-2023-PREFECTURE,CN-131100,2023,2023-12-31,prefecture_whole,,,,,,651.79,secondary_debt,SRC-CITY-PANEL-1990-2023;SRC-SECONDARY-DEBT-HEBEI-2023-RATING-TOTALS,B2,needs_review,true,法定债务四个分项保持独立；缺失值保留 null。
DEBT-CN-140100-2023-PREFECTURE,CN-140100,2023,2023-12-31,prefecture_whole,,,,,,1167.48,secondary_debt,SRC-CITY-PANEL-1990-2023;SRC-SECONDARY-DEBT-SHANXI-2023-RATING-TOTALS,B2,needs_review,true,法定债务四个分项保持独立；缺失值保留 null。
DEBT-CN-140200-2023-PREFECTURE,CN-140200,2023,2023-12-31,prefecture_whole,305.81,305.81,254.48,254.48,560.29,560.29,official_debt,SRC-CITY-PANEL-1990-2023;SRC-OFFICIAL-DEBT-SHANXI-DATONG-2023,A2,extracted,true,法定债务四个分项保持独立；缺失值保留 null。
DEBT-CN-140300-2023-PREFECTURE,CN-140300,2023,2023-12-31,prefecture_whole,,,,,,,provisional,SRC-CITY-PANEL-1990-2023,D,missing,false,法定债务四个分项保持独立；缺失值保留 null。
DEBT-CN-140400-2023-PREFECTURE,CN-140400,2023,2023-12-31,prefecture_whole,,,,,,,provisional,SRC-CITY-PANEL-1990-2023,D,missing,false,法定债务四个分项保持独立；缺失值保留 null。
DEBT-CN-140500-2023-PREFECTURE,CN-140500,2023,2023-12-31,prefecture_whole,,,,,,,provisional,SRC-CITY-PANEL-1990-2023,D,missing,false,法定债务四个分项保持独立；缺失值保留 null。
DEBT-CN-140600-2023-PREFECTURE,CN-140600,2023,2023-12-31,prefecture_whole,,,,,,273.71,secondary_debt,SRC-CITY-PANEL-1990-2023;SRC-SECONDARY-DEBT-SHANXI-2023-RATING-TOTALS,B2,needs_review,true,法定债务四个分项保持独立；缺失值保留 null。
DEBT-CN-140700-2023-PREFECTURE,CN-140700,2023,2023-12-31,prefecture_whole,,,,,,545.12,secondary_debt,SRC-CITY-PANEL-1990-2023;SRC-SECONDARY-DEBT-SHANXI-2023-RATING-TOTALS,B2,needs_review,true,法定债务四个分项保持独立；缺失值保留 null。
DEBT-CN-140800-2023-PREFECTURE,CN-140800,2023,2023-12-31,prefecture_whole,,,,,,,provisional,SRC-CITY-PANEL-1990-2023,D,missing,false,法定债务四个分项保持独立；缺失值保留 null。
DEBT-CN-140900-2023-PREFECTURE,CN-140900,2023,2023-12-31,prefecture_whole,,,,,,,provisional,SRC-CITY-PANEL-1990-2023,D,missing,false,法定债务四个分项保持独立；缺失值保留 null。
DEBT-CN-141000-2023-PREFECTURE,CN-141000,2023,2023-12-31,prefecture_whole,,,,,,553.02,secondary_debt,SRC-CITY-PANEL-1990-2023;SRC-SECONDARY-DEBT-SHANXI-2023-RATING-TOTALS,B2,needs_review,true,法定债务四个分项保持独立；缺失值保留 null。
DEBT-CN-141100-2023-PREFECTURE,CN-141100,2023,2023-12-31,prefecture_whole,,,,,,,provisional,SRC-CITY-PANEL-1990-2023,D,missing,false,法定债务四个分项保持独立；缺失值保留 null。
DEBT-CN-150100-2023-PREFECTURE,CN-150100,2023,2023-12-31,prefecture_whole,,,,,,1430.12,secondary_debt,SRC-CITY-PANEL-1990-2023;SRC-SECONDARY-CEIC-CN-150100,D,needs_review,true,法定债务四个分项保持独立；缺失值保留 null。
DEBT-CN-150200-2023-PREFECTURE,CN-150200,2023,2023-12-31,prefecture_whole,,,,,,,provisional,SRC-CITY-PANEL-1990-2023,D,missing,false,法定债务四个分项保持独立；缺失值保留 null。
DEBT-CN-150300-2023-PREFECTURE,CN-150300,2023,2023-12-31,prefecture_whole,203.00,201.69,89.00,87.44,292.00,289.13,official_debt,SRC-CITY-PANEL-1990-2023;SRC-OFFICIAL-DEBT-INNER-MONGOLIA-WUHAI-2023,A2,extracted,true,法定债务四个分项保持独立；缺失值保留 null。
DEBT-CN-150400-2023-PREFECTURE,CN-150400,2023,2023-12-31,prefecture_whole,,,,,,756.93,secondary_debt,SRC-CITY-PANEL-1990-2023;SRC-SECONDARY-CEIC-CN-150400,D,needs_review,true,法定债务四个分项保持独立；缺失值保留 null。
DEBT-CN-150500-2023-PREFECTURE,CN-150500,2023,2023-12-31,prefecture_whole,548.00,546.83,189.00,187.15,737.00,733.99,official_debt,SRC-CITY-PANEL-1990-2023;SRC-OFFICIAL-DEBT-INNER-MONGOLIA-TONGLIAO-2023,A2,extracted,true,法定债务四个分项保持独立；缺失值保留 null。
DEBT-CN-150600-2023-PREFECTURE,CN-150600,2023,2023-12-31,prefecture_whole,,,,,,,provisional,SRC-CITY-PANEL-1990-2023,D,missing,false,法定债务四个分项保持独立；缺失值保留 null。
DEBT-CN-150700-2023-PREFECTURE,CN-150700,2023,2023-12-31,prefecture_whole,,,,,,720.32,secondary_debt,SRC-CITY-PANEL-1990-2023;SRC-SECONDARY-CEIC-CN-150700,D,needs_review,true,法定债务四个分项保持独立；缺失值保留 null。
DEBT-CN-150800-2023-PREFECTURE,CN-150800,2023,2023-12-31,prefecture_whole,,,,,,608.70,secondary_debt,SRC-CITY-PANEL-1990-2023;SRC-SECONDARY-CEIC-CN-150800,D,needs_review,true,法定债务四个分项保持独立；缺失值保留 null。
DEBT-CN-150900-2023-PREFECTURE,CN-150900,2023,2023-12-31,prefecture_whole,649.00,647.33,288.00,286.25,937.00,933.58,official_debt,SRC-CITY-PANEL-1990-2023;SRC-OFFICIAL-DEBT-INNER-MONGOLIA-ULANQAB-2023-GENERAL,A2,extracted,true,法定债务四个分项保持独立；缺失值保留 null。
DEBT-CN-152200-2023-PREFECTURE,CN-152200,2023,2023-12-31,prefecture_whole,290.00,288.54,146.00,144.95,436.00,433.49,official_debt,SRC-OFFICIAL-DEBT-INNER-MONGOLIA-XINGAN-2023,A2,extracted,true,法定债务四个分项保持独立；缺失值保留 null。
DEBT-CN-152500-2023-PREFECTURE,CN-152500,2023,2023-12-31,prefecture_whole,,,,,,,not_collected,,,missing,false,法定债务四个分项保持独立；缺失值保留 null。
DEBT-CN-152900-2023-PREFECTURE,CN-152900,2023,2023-12-31,prefecture_whole,,,,,,,not_collected,,,missing,false,法定债务四个分项保持独立；缺失值保留 null。
DEBT-CN-210100-2023-PREFECTURE,CN-210100,2023,2023-12-31,prefecture_whole,,,,,,,provisional,SRC-CITY-PANEL-1990-2023,D,missing,false,法定债务四个分项保持独立；缺失值保留 null。
DEBT-CN-210200-2023-PREFECTURE,CN-210200,2023,2023-12-31,prefecture_whole,,1659.18,,1238.45,,2897.63,official_debt,SRC-CITY-PANEL-1990-2023;SRC-CELMA-API-DEBT-2102-2023,A2,extracted,true,法定债务四个分项保持独立；缺失值保留 null。
DEBT-CN-210300-2023-PREFECTURE,CN-210300,2023,2023-12-31,prefecture_whole,,,,,,,provisional,SRC-CITY-PANEL-1990-2023,D,missing,false,法定债务四个分项保持独立；缺失值保留 null。
DEBT-CN-210400-2023-PREFECTURE,CN-210400,2023,2023-12-31,prefecture_whole,,,,,,,provisional,SRC-CITY-PANEL-1990-2023,D,missing,false,法定债务四个分项保持独立；缺失值保留 null。
DEBT-CN-210500-2023-PREFECTURE,CN-210500,2023,2023-12-31,prefecture_whole,,,,,,,provisional,SRC-CITY-PANEL-1990-2023,D,missing,false,法定债务四个分项保持独立；缺失值保留 null。
DEBT-CN-210600-2023-PREFECTURE,CN-210600,2023,2023-12-31,prefecture_whole,,,,,,,provisional,SRC-CITY-PANEL-1990-2023,D,missing,false,法定债务四个分项保持独立；缺失值保留 null。
DEBT-CN-210700-2023-PREFECTURE,CN-210700,2023,2023-12-31,prefecture_whole,,,,,,,provisional,SRC-CITY-PANEL-1990-2023,D,missing,false,法定债务四个分项保持独立；缺失值保留 null。
DEBT-CN-210800-2023-PREFECTURE,CN-210800,2023,2023-12-31,prefecture_whole,,,,,,,provisional,SRC-CITY-PANEL-1990-2023,D,missing,false,法定债务四个分项保持独立；缺失值保留 null。
DEBT-CN-210900-2023-PREFECTURE,CN-210900,2023,2023-12-31,prefecture_whole,,,,,,,provisional,SRC-CITY-PANEL-1990-2023,D,missing,false,法定债务四个分项保持独立；缺失值保留 null。
DEBT-CN-211000-2023-PREFECTURE,CN-211000,2023,2023-12-31,prefecture_whole,,,,,,,provisional,SRC-CITY-PANEL-1990-2023,D,missing,false,法定债务四个分项保持独立；缺失值保留 null。
DEBT-CN-211100-2023-PREFECTURE,CN-211100,2023,2023-12-31,prefecture_whole,,,,,,,provisional,SRC-CITY-PANEL-1990-2023,D,missing,false,法定债务四个分项保持独立；缺失值保留 null。
DEBT-CN-211200-2023-PREFECTURE,CN-211200,2023,2023-12-31,prefecture_whole,,,,,,,provisional,SRC-CITY-PANEL-1990-2023,D,missing,false,法定债务四个分项保持独立；缺失值保留 null。
DEBT-CN-211300-2023-PREFECTURE,CN-211300,2023,2023-12-31,prefecture_whole,,,,,,,provisional,SRC-CITY-PANEL-1990-2023,D,missing,false,法定债务四个分项保持独立；缺失值保留 null。
DEBT-CN-211400-2023-PREFECTURE,CN-211400,2023,2023-12-31,prefecture_whole,,,,,,,provisional,SRC-CITY-PANEL-1990-2023,D,missing,false,法定债务四个分项保持独立；缺失值保留 null。
DEBT-CN-220100-2023-PREFECTURE,CN-220100,2023,2023-12-31,prefecture_whole,943.95,932.59,1935.27,1930.64,2879.21,2863.23,official_debt,SRC-CITY-PANEL-1990-2023;SRC-PROVINCE-DEBT-JILIN-2023,A1,extracted,true,法定债务四个分项保持独立；缺失值保留 null。
DEBT-CN-220200-2023-PREFECTURE,CN-220200,2023,2023-12-31,prefecture_whole,503.43,501.56,478.12,476.58,981.54,978.14,official_debt,SRC-CITY-PANEL-1990-2023;SRC-PROVINCE-DEBT-JILIN-2023,A1,extracted,true,法定债务四个分项保持独立；缺失值保留 null。
DEBT-CN-220300-2023-PREFECTURE,CN-220300,2023,2023-12-31,prefecture_whole,101.14,100.39,63.91,63.90,165.05,164.28,official_debt,SRC-CITY-PANEL-1990-2023;SRC-PROVINCE-DEBT-JILIN-2023,A1,extracted,true,法定债务四个分项保持独立；缺失值保留 null。
DEBT-CN-220400-2023-PREFECTURE,CN-220400,2023,2023-12-31,prefecture_whole,99.32,99.17,124.39,124.37,223.70,223.54,official_debt,SRC-CITY-PANEL-1990-2023;SRC-PROVINCE-DEBT-JILIN-2023,A1,extracted,true,法定债务四个分项保持独立；缺失值保留 null。
DEBT-CN-220500-2023-PREFECTURE,CN-220500,2023,2023-12-31,prefecture_whole,95.69,95.18,143.12,143.11,238.81,238.29,official_debt,SRC-CITY-PANEL-1990-2023;SRC-PROVINCE-DEBT-JILIN-2023,A1,extracted,true,法定债务四个分项保持独立；缺失值保留 null。
DEBT-CN-220600-2023-PREFECTURE,CN-220600,2023,2023-12-31,prefecture_whole,121.08,120.89,69.41,69.41,190.49,190.30,official_debt,SRC-CITY-PANEL-1990-2023;SRC-PROVINCE-DEBT-JILIN-2023,A1,extracted,true,法定债务四个分项保持独立；缺失值保留 null。
DEBT-CN-220700-2023-PREFECTURE,CN-220700,2023,2023-12-31,prefecture_whole,128.51,128.30,134.58,133.54,263.08,261.84,official_debt,SRC-CITY-PANEL-1990-2023;SRC-PROVINCE-DEBT-JILIN-2023,A1,extracted,true,法定债务四个分项保持独立；缺失值保留 null。
DEBT-CN-220800-2023-PREFECTURE,CN-220800,2023,2023-12-31,prefecture_whole,101.51,100.92,50.52,50.37,152.03,151.30,official_debt,SRC-CITY-PANEL-1990-2023;SRC-PROVINCE-DEBT-JILIN-2023,A1,extracted,true,法定债务四个分项保持独立；缺失值保留 null。
DEBT-CN-222400-2023-PREFECTURE,CN-222400,2023,2023-12-31,prefecture_whole,377.90,376.32,373.64,373.06,751.55,749.38,official_debt,SRC-PROVINCE-DEBT-JILIN-2023,A1,extracted,true,法定债务四个分项保持独立；缺失值保留 null。
DEBT-CN-230100-2023-PREFECTURE,CN-230100,2023,2023-12-31,prefecture_whole,1794.82,1791.86,1469.71,1461.42,3264.53,3253.28,official_debt,SRC-CITY-PANEL-1990-2023;SRC-PROVINCE-DEBT-HEILONGJIANG-2023,A1,extracted,true,法定债务四个分项保持独立；缺失值保留 null。
DEBT-CN-230200-2023-PREFECTURE,CN-230200,2023,2023-12-31,prefecture_whole,377.67,377.41,163.47,163.38,541.14,540.79,official_debt,SRC-CITY-PANEL-1990-2023;SRC-PROVINCE-DEBT-HEILONGJIANG-2023,A1,extracted,true,法定债务四个分项保持独立；缺失值保留 null。
DEBT-CN-230300-2023-PREFECTURE,CN-230300,2023,2023-12-31,prefecture_whole,182.72,182.26,82.10,82.04,264.82,264.30,official_debt,SRC-CITY-PANEL-1990-2023;SRC-PROVINCE-DEBT-HEILONGJIANG-2023,A1,extracted,true,法定债务四个分项保持独立；缺失值保留 null。
DEBT-CN-230400-2023-PREFECTURE,CN-230400,2023,2023-12-31,prefecture_whole,149.00,148.89,68.58,68.39,217.58,217.28,official_debt,SRC-CITY-PANEL-1990-2023;SRC-PROVINCE-DEBT-HEILONGJIANG-2023,A1,extracted,true,法定债务四个分项保持独立；缺失值保留 null。
DEBT-CN-230500-2023-PREFECTURE,CN-230500,2023,2023-12-31,prefecture_whole,238.03,237.80,142.95,142.90,380.99,380.71,official_debt,SRC-CITY-PANEL-1990-2023;SRC-PROVINCE-DEBT-HEILONGJIANG-2023,A1,extracted,true,法定债务四个分项保持独立；缺失值保留 null。
DEBT-CN-230600-2023-PREFECTURE,CN-230600,2023,2023-12-31,prefecture_whole,252.87,252.39,251.47,251.06,504.35,503.44,official_debt,SRC-CITY-PANEL-1990-2023;SRC-PROVINCE-DEBT-HEILONGJIANG-2023,A1,extracted,true,法定债务四个分项保持独立；缺失值保留 null。
DEBT-CN-230700-2023-PREFECTURE,CN-230700,2023,2023-12-31,prefecture_whole,185.87,185.58,43.58,40.52,229.45,226.10,official_debt,SRC-CITY-PANEL-1990-2023;SRC-PROVINCE-DEBT-HEILONGJIANG-2023,A1,extracted,true,法定债务四个分项保持独立；缺失值保留 null。
DEBT-CN-230800-2023-PREFECTURE,CN-230800,2023,2023-12-31,prefecture_whole,357.69,357.43,149.69,149.60,507.37,507.03,official_debt,SRC-CITY-PANEL-1990-2023;SRC-PROVINCE-DEBT-HEILONGJIANG-2023,A1,extracted,true,法定债务四个分项保持独立；缺失值保留 null。
DEBT-CN-230900-2023-PREFECTURE,CN-230900,2023,2023-12-31,prefecture_whole,148.55,148.52,85.29,85.24,233.84,233.76,official_debt,SRC-CITY-PANEL-1990-2023;SRC-PROVINCE-DEBT-HEILONGJIANG-2023,A1,extracted,true,法定债务四个分项保持独立；缺失值保留 null。
DEBT-CN-231000-2023-PREFECTURE,CN-231000,2023,2023-12-31,prefecture_whole,417.23,416.93,160.44,159.25,577.67,576.18,official_debt,SRC-CITY-PANEL-1990-2023;SRC-PROVINCE-DEBT-HEILONGJIANG-2023,A1,extracted,true,法定债务四个分项保持独立；缺失值保留 null。
DEBT-CN-231100-2023-PREFECTURE,CN-231100,2023,2023-12-31,prefecture_whole,140.73,140.56,87.88,87.82,228.61,228.38,official_debt,SRC-CITY-PANEL-1990-2023;SRC-PROVINCE-DEBT-HEILONGJIANG-2023,A1,extracted,true,法定债务四个分项保持独立；缺失值保留 null。
DEBT-CN-231200-2023-PREFECTURE,CN-231200,2023,2023-12-31,prefecture_whole,390.51,390.01,162.69,161.31,553.20,551.32,official_debt,SRC-CITY-PANEL-1990-2023;SRC-PROVINCE-DEBT-HEILONGJIANG-2023,A1,extracted,true,法定债务四个分项保持独立；缺失值保留 null。
DEBT-CN-232700-2023-PREFECTURE,CN-232700,2023,2023-12-31,prefecture_whole,36.28,35.85,10.57,10.34,46.85,46.19,official_debt,SRC-PROVINCE-DEBT-HEILONGJIANG-2023,A1,extracted,true,法定债务四个分项保持独立；缺失值保留 null。
DEBT-CN-310000-2023-PREFECTURE,CN-310000,2023,2023-12-31,prefecture_whole,4101.20,3675.50,5805.00,5156.80,9906.20,8832.30,official_debt,SRC-CITY-PANEL-1990-2023;SRC-CITY-DEBT-SHANGHAI-2023,A1,extracted,true,法定债务四个分项保持独立；缺失值保留 null。
DEBT-CN-320100-2023-PREFECTURE,CN-320100,2023,2023-12-31,prefecture_whole,1155.07,1117.58,2103.03,1952.45,3258.10,3070.03,official_debt,SRC-CITY-PANEL-1990-2023;SRC-PROVINCE-DEBT-JIANGSU-2023,A1,extracted,true,法定债务四个分项保持独立；缺失值保留 null。
DEBT-CN-320200-2023-PREFECTURE,CN-320200,2023,2023-12-31,prefecture_whole,569.22,564.68,1618.14,1606.69,2187.36,2171.37,official_debt,SRC-CITY-PANEL-1990-2023;SRC-PROVINCE-DEBT-JIANGSU-2023,A1,extracted,true,法定债务四个分项保持独立；缺失值保留 null。
DEBT-CN-320300-2023-PREFECTURE,CN-320300,2023,2023-12-31,prefecture_whole,363.81,351.06,1323.72,1283.72,1687.53,1634.78,official_debt,SRC-CITY-PANEL-1990-2023;SRC-PROVINCE-DEBT-JIANGSU-2023,A1,extracted,true,法定债务四个分项保持独立；缺失值保留 null。
DEBT-CN-320400-2023-PREFECTURE,CN-320400,2023,2023-12-31,prefecture_whole,420.29,414.86,1502.60,1484.89,1922.89,1899.74,official_debt,SRC-CITY-PANEL-1990-2023;SRC-PROVINCE-DEBT-JIANGSU-2023,A1,extracted,true,法定债务四个分项保持独立；缺失值保留 null。
DEBT-CN-320500-2023-PREFECTURE,CN-320500,2023,2023-12-31,prefecture_whole,745.67,712.34,1456.37,1333.78,2202.04,2046.12,official_debt,SRC-CITY-PANEL-1990-2023;SRC-PROVINCE-DEBT-JIANGSU-2023,A1,extracted,true,法定债务四个分项保持独立；缺失值保留 null。
DEBT-CN-320600-2023-PREFECTURE,CN-320600,2023,2023-12-31,prefecture_whole,852.46,840.24,1344.06,1289.71,2196.52,2129.94,official_debt,SRC-CITY-PANEL-1990-2023;SRC-PROVINCE-DEBT-JIANGSU-2023,A1,extracted,true,法定债务四个分项保持独立；缺失值保留 null。
DEBT-CN-320700-2023-PREFECTURE,CN-320700,2023,2023-12-31,prefecture_whole,251.85,245.75,497.62,487.24,749.47,732.99,official_debt,SRC-CITY-PANEL-1990-2023;SRC-PROVINCE-DEBT-JIANGSU-2023,A1,extracted,true,法定债务四个分项保持独立；缺失值保留 null。
DEBT-CN-320800-2023-PREFECTURE,CN-320800,2023,2023-12-31,prefecture_whole,405.42,395.06,466.55,437.59,871.97,832.65,official_debt,SRC-CITY-PANEL-1990-2023;SRC-PROVINCE-DEBT-JIANGSU-2023,A1,extracted,true,法定债务四个分项保持独立；缺失值保留 null。
DEBT-CN-320900-2023-PREFECTURE,CN-320900,2023,2023-12-31,prefecture_whole,706.96,696.69,1023.90,958.18,1730.86,1654.87,official_debt,SRC-CITY-PANEL-1990-2023;SRC-PROVINCE-DEBT-JIANGSU-2023,A1,extracted,true,法定债务四个分项保持独立；缺失值保留 null。
DEBT-CN-321000-2023-PREFECTURE,CN-321000,2023,2023-12-31,prefecture_whole,441.89,436.37,811.50,780.44,1253.39,1216.80,official_debt,SRC-CITY-PANEL-1990-2023;SRC-PROVINCE-DEBT-JIANGSU-2023,A1,extracted,true,法定债务四个分项保持独立；缺失值保留 null。
DEBT-CN-321100-2023-PREFECTURE,CN-321100,2023,2023-12-31,prefecture_whole,559.89,558.85,1900.96,1900.23,2460.85,2459.08,official_debt,SRC-CITY-PANEL-1990-2023;SRC-PROVINCE-DEBT-JIANGSU-2023,A1,extracted,true,法定债务四个分项保持独立；缺失值保留 null。
DEBT-CN-321200-2023-PREFECTURE,CN-321200,2023,2023-12-31,prefecture_whole,479.68,468.03,622.46,602.69,1102.14,1070.72,official_debt,SRC-CITY-PANEL-1990-2023;SRC-PROVINCE-DEBT-JIANGSU-2023,A1,extracted,true,法定债务四个分项保持独立；缺失值保留 null。
DEBT-CN-321300-2023-PREFECTURE,CN-321300,2023,2023-12-31,prefecture_whole,385.39,381.42,591.86,587.43,977.25,968.85,official_debt,SRC-CITY-PANEL-1990-2023;SRC-PROVINCE-DEBT-JIANGSU-2023,A1,extracted,true,法定债务四个分项保持独立；缺失值保留 null。
DEBT-CN-330100-2023-PREFECTURE,CN-330100,2023,2023-12-31,prefecture_whole,,,,,,,provisional,SRC-CITY-PANEL-1990-2023,D,missing,false,法定债务四个分项保持独立；缺失值保留 null。
DEBT-CN-330200-2023-PREFECTURE,CN-330200,2023,2023-12-31,prefecture_whole,,1282.64,,1966.27,,3248.90,official_debt,SRC-CITY-PANEL-1990-2023;SRC-CELMA-API-DEBT-3302-2023,A2,extracted,true,法定债务四个分项保持独立；缺失值保留 null。
DEBT-CN-330300-2023-PREFECTURE,CN-330300,2023,2023-12-31,prefecture_whole,,,,,,,provisional,SRC-CITY-PANEL-1990-2023,D,missing,false,法定债务四个分项保持独立；缺失值保留 null。
DEBT-CN-330400-2023-PREFECTURE,CN-330400,2023,2023-12-31,prefecture_whole,,,,,,,provisional,SRC-CITY-PANEL-1990-2023,D,missing,false,法定债务四个分项保持独立；缺失值保留 null。
DEBT-CN-330500-2023-PREFECTURE,CN-330500,2023,2023-12-31,prefecture_whole,,,,,,,provisional,SRC-CITY-PANEL-1990-2023,D,missing,false,法定债务四个分项保持独立；缺失值保留 null。
DEBT-CN-330600-2023-PREFECTURE,CN-330600,2023,2023-12-31,prefecture_whole,,,,,,,provisional,SRC-CITY-PANEL-1990-2023,D,missing,false,法定债务四个分项保持独立；缺失值保留 null。
DEBT-CN-330700-2023-PREFECTURE,CN-330700,2023,2023-12-31,prefecture_whole,,,,,,,provisional,SRC-CITY-PANEL-1990-2023,D,missing,false,法定债务四个分项保持独立；缺失值保留 null。
DEBT-CN-330800-2023-PREFECTURE,CN-330800,2023,2023-12-31,prefecture_whole,,,,,,,provisional,SRC-CITY-PANEL-1990-2023,D,missing,false,法定债务四个分项保持独立；缺失值保留 null。
DEBT-CN-330900-2023-PREFECTURE,CN-330900,2023,2023-12-31,prefecture_whole,,,,,,,provisional,SRC-CITY-PANEL-1990-2023,D,missing,false,法定债务四个分项保持独立；缺失值保留 null。
DEBT-CN-331000-2023-PREFECTURE,CN-331000,2023,2023-12-31,prefecture_whole,,,,,,,provisional,SRC-CITY-PANEL-1990-2023,D,missing,false,法定债务四个分项保持独立；缺失值保留 null。
DEBT-CN-331100-2023-PREFECTURE,CN-331100,2023,2023-12-31,prefecture_whole,,,,,,,provisional,SRC-CITY-PANEL-1990-2023,D,missing,false,法定债务四个分项保持独立；缺失值保留 null。
DEBT-CN-340100-2023-PREFECTURE,CN-340100,2023,2023-12-31,prefecture_whole,,,,,,,provisional,SRC-CITY-PANEL-1990-2023,D,missing,false,法定债务四个分项保持独立；缺失值保留 null。
DEBT-CN-340200-2023-PREFECTURE,CN-340200,2023,2023-12-31,prefecture_whole,,415.70,,821.10,,1236.80,official_debt,SRC-CITY-PANEL-1990-2023;SRC-CITY-DEBT-ANHUI-WUHU-2023,A2,extracted,true,法定债务四个分项保持独立；缺失值保留 null。
DEBT-CN-340300-2023-PREFECTURE,CN-340300,2023,2023-12-31,prefecture_whole,,,,,,,provisional,SRC-CITY-PANEL-1990-2023,D,missing,false,法定债务四个分项保持独立；缺失值保留 null。
DEBT-CN-340400-2023-PREFECTURE,CN-340400,2023,2023-12-31,prefecture_whole,,,,,,591.30,official_debt,SRC-CITY-PANEL-1990-2023;SRC-CITY-DEBT-ANHUI-HUAINAN-2023,A2,extracted,true,法定债务四个分项保持独立；缺失值保留 null。
DEBT-CN-340500-2023-PREFECTURE,CN-340500,2023,2023-12-31,prefecture_whole,,,,,,,provisional,SRC-CITY-PANEL-1990-2023,D,missing,false,法定债务四个分项保持独立；缺失值保留 null。
DEBT-CN-340600-2023-PREFECTURE,CN-340600,2023,2023-12-31,prefecture_whole,,,,,,,provisional,SRC-CITY-PANEL-1990-2023,D,missing,false,法定债务四个分项保持独立；缺失值保留 null。
DEBT-CN-340700-2023-PREFECTURE,CN-340700,2023,2023-12-31,prefecture_whole,,,,,,,provisional,SRC-CITY-PANEL-1990-2023,D,missing,false,法定债务四个分项保持独立；缺失值保留 null。
DEBT-CN-340800-2023-PREFECTURE,CN-340800,2023,2023-12-31,prefecture_whole,,,,,,,provisional,SRC-CITY-PANEL-1990-2023,D,missing,false,法定债务四个分项保持独立；缺失值保留 null。
DEBT-CN-341000-2023-PREFECTURE,CN-341000,2023,2023-12-31,prefecture_whole,,,,,,,provisional,SRC-CITY-PANEL-1990-2023,D,missing,false,法定债务四个分项保持独立；缺失值保留 null。
DEBT-CN-341100-2023-PREFECTURE,CN-341100,2023,2023-12-31,prefecture_whole,,,,,,,provisional,SRC-CITY-PANEL-1990-2023,D,missing,false,法定债务四个分项保持独立；缺失值保留 null。
DEBT-CN-341200-2023-PREFECTURE,CN-341200,2023,2023-12-31,prefecture_whole,,,,,,,provisional,SRC-CITY-PANEL-1990-2023,D,missing,false,法定债务四个分项保持独立；缺失值保留 null。
DEBT-CN-341300-2023-PREFECTURE,CN-341300,2023,2023-12-31,prefecture_whole,,,,,,,provisional,SRC-CITY-PANEL-1990-2023,D,missing,false,法定债务四个分项保持独立；缺失值保留 null。
DEBT-CN-341500-2023-PREFECTURE,CN-341500,2023,2023-12-31,prefecture_whole,,,,,,,provisional,SRC-CITY-PANEL-1990-2023,D,missing,false,法定债务四个分项保持独立；缺失值保留 null。
DEBT-CN-341600-2023-PREFECTURE,CN-341600,2023,2023-12-31,prefecture_whole,,,,,,,provisional,SRC-CITY-PANEL-1990-2023,D,missing,false,法定债务四个分项保持独立；缺失值保留 null。
DEBT-CN-341700-2023-PREFECTURE,CN-341700,2023,2023-12-31,prefecture_whole,,,,,,,provisional,SRC-CITY-PANEL-1990-2023,D,missing,false,法定债务四个分项保持独立；缺失值保留 null。
DEBT-CN-341800-2023-PREFECTURE,CN-341800,2023,2023-12-31,prefecture_whole,,,,,,,provisional,SRC-CITY-PANEL-1990-2023,D,missing,false,法定债务四个分项保持独立；缺失值保留 null。
DEBT-CN-350100-2023-PREFECTURE,CN-350100,2023,2023-12-31,prefecture_whole,,,,,,,provisional,SRC-CITY-PANEL-1990-2023,D,missing,false,法定债务四个分项保持独立；缺失值保留 null。
DEBT-CN-350200-2023-PREFECTURE,CN-350200,2023,2023-12-31,prefecture_whole,,393.44,,1727.31,,2120.75,official_debt,SRC-CITY-PANEL-1990-2023;SRC-CELMA-API-DEBT-3502-2023,A2,extracted,true,法定债务四个分项保持独立；缺失值保留 null。
DEBT-CN-350300-2023-PREFECTURE,CN-350300,2023,2023-12-31,prefecture_whole,,,,,,,provisional,SRC-CITY-PANEL-1990-2023,D,missing,false,法定债务四个分项保持独立；缺失值保留 null。
DEBT-CN-350400-2023-PREFECTURE,CN-350400,2023,2023-12-31,prefecture_whole,,,,,,,provisional,SRC-CITY-PANEL-1990-2023,D,missing,false,法定债务四个分项保持独立；缺失值保留 null。
DEBT-CN-350500-2023-PREFECTURE,CN-350500,2023,2023-12-31,prefecture_whole,,,,,,,provisional,SRC-CITY-PANEL-1990-2023,D,missing,false,法定债务四个分项保持独立；缺失值保留 null。
DEBT-CN-350600-2023-PREFECTURE,CN-350600,2023,2023-12-31,prefecture_whole,,,,,,,provisional,SRC-CITY-PANEL-1990-2023,D,missing,false,法定债务四个分项保持独立；缺失值保留 null。
DEBT-CN-350700-2023-PREFECTURE,CN-350700,2023,2023-12-31,prefecture_whole,,,,,,,provisional,SRC-CITY-PANEL-1990-2023,D,missing,false,法定债务四个分项保持独立；缺失值保留 null。
DEBT-CN-350800-2023-PREFECTURE,CN-350800,2023,2023-12-31,prefecture_whole,,,,,,,provisional,SRC-CITY-PANEL-1990-2023,D,missing,false,法定债务四个分项保持独立；缺失值保留 null。
DEBT-CN-350900-2023-PREFECTURE,CN-350900,2023,2023-12-31,prefecture_whole,,,,,,,provisional,SRC-CITY-PANEL-1990-2023,D,missing,false,法定债务四个分项保持独立；缺失值保留 null。
DEBT-CN-360100-2023-PREFECTURE,CN-360100,2023,2023-12-31,prefecture_whole,,,,,,,provisional,SRC-CITY-PANEL-1990-2023,D,missing,false,法定债务四个分项保持独立；缺失值保留 null。
DEBT-CN-360200-2023-PREFECTURE,CN-360200,2023,2023-12-31,prefecture_whole,,,,,,,provisional,SRC-CITY-PANEL-1990-2023,D,missing,false,法定债务四个分项保持独立；缺失值保留 null。
DEBT-CN-360300-2023-PREFECTURE,CN-360300,2023,2023-12-31,prefecture_whole,,,,,,,provisional,SRC-CITY-PANEL-1990-2023,D,missing,false,法定债务四个分项保持独立；缺失值保留 null。
DEBT-CN-360400-2023-PREFECTURE,CN-360400,2023,2023-12-31,prefecture_whole,,,,,,,provisional,SRC-CITY-PANEL-1990-2023,D,missing,false,法定债务四个分项保持独立；缺失值保留 null。
DEBT-CN-360500-2023-PREFECTURE,CN-360500,2023,2023-12-31,prefecture_whole,,,,,,,provisional,SRC-CITY-PANEL-1990-2023,D,missing,false,法定债务四个分项保持独立；缺失值保留 null。
DEBT-CN-360600-2023-PREFECTURE,CN-360600,2023,2023-12-31,prefecture_whole,,,,,,,provisional,SRC-CITY-PANEL-1990-2023,D,missing,false,法定债务四个分项保持独立；缺失值保留 null。
DEBT-CN-360700-2023-PREFECTURE,CN-360700,2023,2023-12-31,prefecture_whole,,,,,,,provisional,SRC-CITY-PANEL-1990-2023,D,missing,false,法定债务四个分项保持独立；缺失值保留 null。
DEBT-CN-360800-2023-PREFECTURE,CN-360800,2023,2023-12-31,prefecture_whole,,,,,,,provisional,SRC-CITY-PANEL-1990-2023,D,missing,false,法定债务四个分项保持独立；缺失值保留 null。
DEBT-CN-360900-2023-PREFECTURE,CN-360900,2023,2023-12-31,prefecture_whole,,,,,,,provisional,SRC-CITY-PANEL-1990-2023,D,missing,false,法定债务四个分项保持独立；缺失值保留 null。
DEBT-CN-361000-2023-PREFECTURE,CN-361000,2023,2023-12-31,prefecture_whole,,,,,,,provisional,SRC-CITY-PANEL-1990-2023,D,missing,false,法定债务四个分项保持独立；缺失值保留 null。
DEBT-CN-361100-2023-PREFECTURE,CN-361100,2023,2023-12-31,prefecture_whole,,,,,,,provisional,SRC-CITY-PANEL-1990-2023,D,missing,false,法定债务四个分项保持独立；缺失值保留 null。
DEBT-CN-370100-2023-PREFECTURE,CN-370100,2023,2023-12-31,prefecture_whole,267.11,251.82,2935.23,2928.61,3202.34,3180.43,official_debt,SRC-CITY-PANEL-1990-2023;SRC-PROVINCE-DEBT-SHANDONG-2023,A1,extracted,true,法定债务四个分项保持独立；缺失值保留 null。
DEBT-CN-370200-2023-PREFECTURE,CN-370200,2023,2023-12-31,prefecture_whole,1077.45,1076.89,2573.50,2543.12,3650.95,3620.01,official_debt,SRC-CITY-PANEL-1990-2023;SRC-PROVINCE-DEBT-SHANDONG-2023,A1,extracted,true,法定债务四个分项保持独立；缺失值保留 null。
DEBT-CN-370300-2023-PREFECTURE,CN-370300,2023,2023-12-31,prefecture_whole,376.46,372.77,855.85,853.23,1232.31,1226.00,official_debt,SRC-CITY-PANEL-1990-2023;SRC-PROVINCE-DEBT-SHANDONG-2023,A1,extracted,true,法定债务四个分项保持独立；缺失值保留 null。
DEBT-CN-370400-2023-PREFECTURE,CN-370400,2023,2023-12-31,prefecture_whole,195.94,193.68,597.39,597.12,793.33,790.80,official_debt,SRC-CITY-PANEL-1990-2023;SRC-PROVINCE-DEBT-SHANDONG-2023,A1,extracted,true,法定债务四个分项保持独立；缺失值保留 null。
DEBT-CN-370500-2023-PREFECTURE,CN-370500,2023,2023-12-31,prefecture_whole,249.58,246.98,659.04,658.43,908.62,905.41,official_debt,SRC-CITY-PANEL-1990-2023;SRC-PROVINCE-DEBT-SHANDONG-2023,A1,extracted,true,法定债务四个分项保持独立；缺失值保留 null。
DEBT-CN-370600-2023-PREFECTURE,CN-370600,2023,2023-12-31,prefecture_whole,690.75,681.10,1420.12,1418.00,2110.87,2099.10,official_debt,SRC-CITY-PANEL-1990-2023;SRC-PROVINCE-DEBT-SHANDONG-2023,A1,extracted,true,法定债务四个分项保持独立；缺失值保留 null。
DEBT-CN-370700-2023-PREFECTURE,CN-370700,2023,2023-12-31,prefecture_whole,796.35,791.45,1567.97,1567.88,2364.32,2359.33,official_debt,SRC-CITY-PANEL-1990-2023;SRC-PROVINCE-DEBT-SHANDONG-2023,A1,extracted,true,法定债务四个分项保持独立；缺失值保留 null。
DEBT-CN-370800-2023-PREFECTURE,CN-370800,2023,2023-12-31,prefecture_whole,531.33,523.67,1194.88,1190.47,1726.21,1714.14,official_debt,SRC-CITY-PANEL-1990-2023;SRC-PROVINCE-DEBT-SHANDONG-2023,A1,extracted,true,法定债务四个分项保持独立；缺失值保留 null。
DEBT-CN-370900-2023-PREFECTURE,CN-370900,2023,2023-12-31,prefecture_whole,371.98,367.67,600.39,592.58,972.37,960.25,official_debt,SRC-CITY-PANEL-1990-2023;SRC-PROVINCE-DEBT-SHANDONG-2023,A1,extracted,true,法定债务四个分项保持独立；缺失值保留 null。
DEBT-CN-371000-2023-PREFECTURE,CN-371000,2023,2023-12-31,prefecture_whole,310.95,307.93,710.11,704.15,1021.06,1012.08,official_debt,SRC-CITY-PANEL-1990-2023;SRC-PROVINCE-DEBT-SHANDONG-2023,A1,extracted,true,法定债务四个分项保持独立；缺失值保留 null。
DEBT-CN-371100-2023-PREFECTURE,CN-371100,2023,2023-12-31,prefecture_whole,130.93,128.60,499.83,498.36,630.76,626.96,official_debt,SRC-CITY-PANEL-1990-2023;SRC-PROVINCE-DEBT-SHANDONG-2023,A1,extracted,true,法定债务四个分项保持独立；缺失值保留 null。
DEBT-CN-371300-2023-PREFECTURE,CN-371300,2023,2023-12-31,prefecture_whole,338.08,333.25,1360.66,1357.50,1698.74,1690.75,official_debt,SRC-CITY-PANEL-1990-2023;SRC-PROVINCE-DEBT-SHANDONG-2023,A1,extracted,true,法定债务四个分项保持独立；缺失值保留 null。
DEBT-CN-371400-2023-PREFECTURE,CN-371400,2023,2023-12-31,prefecture_whole,362.63,354.81,984.94,982.51,1347.57,1337.32,official_debt,SRC-CITY-PANEL-1990-2023;SRC-PROVINCE-DEBT-SHANDONG-2023,A1,extracted,true,法定债务四个分项保持独立；缺失值保留 null。
DEBT-CN-371500-2023-PREFECTURE,CN-371500,2023,2023-12-31,prefecture_whole,216.56,212.61,921.34,920.30,1137.90,1132.91,official_debt,SRC-CITY-PANEL-1990-2023;SRC-PROVINCE-DEBT-SHANDONG-2023,A1,extracted,true,法定债务四个分项保持独立；缺失值保留 null。
DEBT-CN-371600-2023-PREFECTURE,CN-371600,2023,2023-12-31,prefecture_whole,335.19,319.99,1022.37,1019.32,1357.56,1339.31,official_debt,SRC-CITY-PANEL-1990-2023;SRC-PROVINCE-DEBT-SHANDONG-2023,A1,extracted,true,法定债务四个分项保持独立；缺失值保留 null。
DEBT-CN-371700-2023-PREFECTURE,CN-371700,2023,2023-12-31,prefecture_whole,154.19,150.45,1350.89,1350.48,1505.08,1500.93,official_debt,SRC-CITY-PANEL-1990-2023;SRC-PROVINCE-DEBT-SHANDONG-2023,A1,extracted,true,法定债务四个分项保持独立；缺失值保留 null。
DEBT-CN-410100-2023-PREFECTURE,CN-410100,2023,2023-12-31,prefecture_whole,,,,,,3355.33,secondary_debt,SRC-CITY-PANEL-1990-2023;SRC-SECONDARY-DEBT-HENAN-2023-CITY-TOTALS,B2,needs_review,true,法定债务四个分项保持独立；缺失值保留 null。
DEBT-CN-410200-2023-PREFECTURE,CN-410200,2023,2023-12-31,prefecture_whole,,,,,,737.20,secondary_debt,SRC-CITY-PANEL-1990-2023;SRC-SECONDARY-DEBT-HENAN-2023-CITY-TOTALS,B2,needs_review,true,法定债务四个分项保持独立；缺失值保留 null。
DEBT-CN-410300-2023-PREFECTURE,CN-410300,2023,2023-12-31,prefecture_whole,,,,,,1202.84,secondary_debt,SRC-CITY-PANEL-1990-2023;SRC-SECONDARY-DEBT-HENAN-2023-CITY-TOTALS,B2,needs_review,true,法定债务四个分项保持独立；缺失值保留 null。
DEBT-CN-410400-2023-PREFECTURE,CN-410400,2023,2023-12-31,prefecture_whole,,,,,,754.37,secondary_debt,SRC-CITY-PANEL-1990-2023;SRC-SECONDARY-DEBT-HENAN-2023-CITY-TOTALS,B2,needs_review,true,法定债务四个分项保持独立；缺失值保留 null。
DEBT-CN-410500-2023-PREFECTURE,CN-410500,2023,2023-12-31,prefecture_whole,,,,,,713.23,secondary_debt,SRC-CITY-PANEL-1990-2023;SRC-SECONDARY-DEBT-HENAN-2023-CITY-TOTALS,B2,needs_review,true,法定债务四个分项保持独立；缺失值保留 null。
DEBT-CN-410600-2023-PREFECTURE,CN-410600,2023,2023-12-31,prefecture_whole,,,,,,428.68,secondary_debt,SRC-CITY-PANEL-1990-2023;SRC-SECONDARY-DEBT-HENAN-2023-CITY-TOTALS,B2,needs_review,true,法定债务四个分项保持独立；缺失值保留 null。
DEBT-CN-410700-2023-PREFECTURE,CN-410700,2023,2023-12-31,prefecture_whole,,,,,,746.69,secondary_debt,SRC-CITY-PANEL-1990-2023;SRC-SECONDARY-DEBT-HENAN-2023-CITY-TOTALS,B2,needs_review,true,法定债务四个分项保持独立；缺失值保留 null。
DEBT-CN-410800-2023-PREFECTURE,CN-410800,2023,2023-12-31,prefecture_whole,,,,,,570.09,secondary_debt,SRC-CITY-PANEL-1990-2023;SRC-SECONDARY-DEBT-HENAN-2023-CITY-TOTALS,B2,needs_review,true,法定债务四个分项保持独立；缺失值保留 null。
DEBT-CN-410900-2023-PREFECTURE,CN-410900,2023,2023-12-31,prefecture_whole,,,,,,623.82,secondary_debt,SRC-CITY-PANEL-1990-2023;SRC-SECONDARY-DEBT-HENAN-2023-CITY-TOTALS,B2,needs_review,true,法定债务四个分项保持独立；缺失值保留 null。
DEBT-CN-411000-2023-PREFECTURE,CN-411000,2023,2023-12-31,prefecture_whole,,,,,,828.30,secondary_debt,SRC-CITY-PANEL-1990-2023;SRC-SECONDARY-DEBT-HENAN-2023-CITY-TOTALS,B2,needs_review,true,法定债务四个分项保持独立；缺失值保留 null。
DEBT-CN-411100-2023-PREFECTURE,CN-411100,2023,2023-12-31,prefecture_whole,,,,,,453.66,secondary_debt,SRC-CITY-PANEL-1990-2023;SRC-SECONDARY-DEBT-HENAN-2023-CITY-TOTALS,B2,needs_review,true,法定债务四个分项保持独立；缺失值保留 null。
DEBT-CN-411200-2023-PREFECTURE,CN-411200,2023,2023-12-31,prefecture_whole,,,,,,368.40,secondary_debt,SRC-CITY-PANEL-1990-2023;SRC-SECONDARY-DEBT-HENAN-2023-CITY-TOTALS,B2,needs_review,true,法定债务四个分项保持独立；缺失值保留 null。
DEBT-CN-411300-2023-PREFECTURE,CN-411300,2023,2023-12-31,prefecture_whole,,,,,,1235.34,secondary_debt,SRC-CITY-PANEL-1990-2023;SRC-SECONDARY-DEBT-HENAN-2023-CITY-TOTALS,B2,needs_review,true,法定债务四个分项保持独立；缺失值保留 null。
DEBT-CN-411400-2023-PREFECTURE,CN-411400,2023,2023-12-31,prefecture_whole,,,,,,947.11,secondary_debt,SRC-CITY-PANEL-1990-2023;SRC-SECONDARY-DEBT-HENAN-2023-CITY-TOTALS,B2,needs_review,true,法定债务四个分项保持独立；缺失值保留 null。
DEBT-CN-411500-2023-PREFECTURE,CN-411500,2023,2023-12-31,prefecture_whole,,,,,,1004.68,secondary_debt,SRC-CITY-PANEL-1990-2023;SRC-SECONDARY-DEBT-HENAN-2023-CITY-TOTALS,B2,needs_review,true,法定债务四个分项保持独立；缺失值保留 null。
DEBT-CN-411600-2023-PREFECTURE,CN-411600,2023,2023-12-31,prefecture_whole,,,,,,960.54,secondary_debt,SRC-CITY-PANEL-1990-2023;SRC-SECONDARY-DEBT-HENAN-2023-CITY-TOTALS,B2,needs_review,true,法定债务四个分项保持独立；缺失值保留 null。
DEBT-CN-411700-2023-PREFECTURE,CN-411700,2023,2023-12-31,prefecture_whole,,,,,,933.95,secondary_debt,SRC-CITY-PANEL-1990-2023;SRC-SECONDARY-DEBT-HENAN-2023-CITY-TOTALS,B2,needs_review,true,法定债务四个分项保持独立；缺失值保留 null。
DEBT-CN-419000-2023-PREFECTURE,CN-419000,2023,2023-12-31,prefecture_whole,,,,,,,not_collected,,,missing,false,法定债务四个分项保持独立；缺失值保留 null。
DEBT-CN-420100-2023-PREFECTURE,CN-420100,2023,2023-12-31,prefecture_whole,,,,,,6846.00,secondary_debt,SRC-CITY-PANEL-1990-2023;SRC-SECONDARY-DEBT-HUBEI-2023-CITY-TOTALS,B2,needs_review,true,法定债务四个分项保持独立；缺失值保留 null。
DEBT-CN-420200-2023-PREFECTURE,CN-420200,2023,2023-12-31,prefecture_whole,,,,,,532.99,secondary_debt,SRC-CITY-PANEL-1990-2023;SRC-SECONDARY-DEBT-HUBEI-2023-CITY-TOTALS,B2,needs_review,true,法定债务四个分项保持独立；缺失值保留 null。
DEBT-CN-420300-2023-PREFECTURE,CN-420300,2023,2023-12-31,prefecture_whole,,,,,,691.08,secondary_debt,SRC-CITY-PANEL-1990-2023;SRC-SECONDARY-DEBT-HUBEI-2023-CITY-TOTALS,B2,needs_review,true,法定债务四个分项保持独立；缺失值保留 null。
DEBT-CN-420500-2023-PREFECTURE,CN-420500,2023,2023-12-31,prefecture_whole,,,,,,987.13,secondary_debt,SRC-CITY-PANEL-1990-2023;SRC-SECONDARY-DEBT-HUBEI-2023-CITY-TOTALS,B2,needs_review,true,法定债务四个分项保持独立；缺失值保留 null。
DEBT-CN-420600-2023-PREFECTURE,CN-420600,2023,2023-12-31,prefecture_whole,,,,,,1198.97,secondary_debt,SRC-CITY-PANEL-1990-2023;SRC-SECONDARY-DEBT-HUBEI-2023-CITY-TOTALS,B2,needs_review,true,法定债务四个分项保持独立；缺失值保留 null。
DEBT-CN-420700-2023-PREFECTURE,CN-420700,2023,2023-12-31,prefecture_whole,,,,,,476.48,secondary_debt,SRC-CITY-PANEL-1990-2023;SRC-SECONDARY-DEBT-HUBEI-2023-CITY-TOTALS,B2,needs_review,true,法定债务四个分项保持独立；缺失值保留 null。
DEBT-CN-420800-2023-PREFECTURE,CN-420800,2023,2023-12-31,prefecture_whole,,,,,,448.78,secondary_debt,SRC-CITY-PANEL-1990-2023;SRC-SECONDARY-DEBT-HUBEI-2023-CITY-TOTALS,B2,needs_review,true,法定债务四个分项保持独立；缺失值保留 null。
DEBT-CN-420900-2023-PREFECTURE,CN-420900,2023,2023-12-31,prefecture_whole,,,,,,672.88,secondary_debt,SRC-CITY-PANEL-1990-2023;SRC-SECONDARY-DEBT-HUBEI-2023-CITY-TOTALS,B2,needs_review,true,法定债务四个分项保持独立；缺失值保留 null。
DEBT-CN-421000-2023-PREFECTURE,CN-421000,2023,2023-12-31,prefecture_whole,,,,,,779.14,secondary_debt,SRC-CITY-PANEL-1990-2023;SRC-SECONDARY-DEBT-HUBEI-2023-CITY-TOTALS,B2,needs_review,true,法定债务四个分项保持独立；缺失值保留 null。
DEBT-CN-421100-2023-PREFECTURE,CN-421100,2023,2023-12-31,prefecture_whole,,,,,,700.59,secondary_debt,SRC-CITY-PANEL-1990-2023;SRC-SECONDARY-DEBT-HUBEI-2023-CITY-TOTALS,B2,needs_review,true,法定债务四个分项保持独立；缺失值保留 null。
DEBT-CN-421200-2023-PREFECTURE,CN-421200,2023,2023-12-31,prefecture_whole,,,,,,414.79,secondary_debt,SRC-CITY-PANEL-1990-2023;SRC-SECONDARY-DEBT-HUBEI-2023-CITY-TOTALS,B2,needs_review,true,法定债务四个分项保持独立；缺失值保留 null。
DEBT-CN-421300-2023-PREFECTURE,CN-421300,2023,2023-12-31,prefecture_whole,,,,,,,provisional,SRC-CITY-PANEL-1990-2023,D,missing,false,法定债务四个分项保持独立；缺失值保留 null。
DEBT-CN-422800-2023-PREFECTURE,CN-422800,2023,2023-12-31,prefecture_whole,,,,,,627.21,secondary_debt,SRC-SECONDARY-DEBT-HUBEI-2023-CITY-TOTALS,B2,needs_review,true,法定债务四个分项保持独立；缺失值保留 null。
DEBT-CN-429000-2023-PREFECTURE,CN-429000,2023,2023-12-31,prefecture_whole,,,,,,,not_collected,,,missing,false,法定债务四个分项保持独立；缺失值保留 null。
DEBT-CN-430100-2023-PREFECTURE,CN-430100,2023,2023-12-31,prefecture_whole,739.84,739.13,2330.64,2310.99,3070.49,3050.13,official_debt,SRC-CITY-PANEL-1990-2023;SRC-PROVINCE-DEBT-HUNAN-2023,A1,extracted,true,法定债务四个分项保持独立；缺失值保留 null。
DEBT-CN-430200-2023-PREFECTURE,CN-430200,2023,2023-12-31,prefecture_whole,406.11,405.52,775.02,773.98,1181.13,1179.50,official_debt,SRC-CITY-PANEL-1990-2023;SRC-PROVINCE-DEBT-HUNAN-2023,A1,extracted,true,法定债务四个分项保持独立；缺失值保留 null。
DEBT-CN-430300-2023-PREFECTURE,CN-430300,2023,2023-12-31,prefecture_whole,843.41,841.79,935.34,935.15,1778.76,1776.94,official_debt,SRC-CITY-PANEL-1990-2023;SRC-PROVINCE-DEBT-HUNAN-2023,A1,extracted,true,法定债务四个分项保持独立；缺失值保留 null。
DEBT-CN-430400-2023-PREFECTURE,CN-430400,2023,2023-12-31,prefecture_whole,463.67,458.17,873.12,873.08,1336.79,1331.25,official_debt,SRC-CITY-PANEL-1990-2023;SRC-PROVINCE-DEBT-HUNAN-2023,A1,extracted,true,法定债务四个分项保持独立；缺失值保留 null。
DEBT-CN-430500-2023-PREFECTURE,CN-430500,2023,2023-12-31,prefecture_whole,379.74,378.85,581.06,578.36,960.80,957.21,official_debt,SRC-CITY-PANEL-1990-2023;SRC-PROVINCE-DEBT-HUNAN-2023,A1,extracted,true,法定债务四个分项保持独立；缺失值保留 null。
DEBT-CN-430600-2023-PREFECTURE,CN-430600,2023,2023-12-31,prefecture_whole,404.38,401.02,706.53,698.02,1110.91,1099.04,official_debt,SRC-CITY-PANEL-1990-2023;SRC-PROVINCE-DEBT-HUNAN-2023,A1,extracted,true,法定债务四个分项保持独立；缺失值保留 null。
DEBT-CN-430700-2023-PREFECTURE,CN-430700,2023,2023-12-31,prefecture_whole,533.19,531.91,575.42,573.04,1108.61,1104.95,official_debt,SRC-CITY-PANEL-1990-2023;SRC-PROVINCE-DEBT-HUNAN-2023,A1,extracted,true,法定债务四个分项保持独立；缺失值保留 null。
DEBT-CN-430800-2023-PREFECTURE,CN-430800,2023,2023-12-31,prefecture_whole,176.91,176.54,252.04,252.05,428.95,428.59,official_debt,SRC-CITY-PANEL-1990-2023;SRC-PROVINCE-DEBT-HUNAN-2023,A1,extracted,true,法定债务四个分项保持独立；缺失值保留 null。
DEBT-CN-430900-2023-PREFECTURE,CN-430900,2023,2023-12-31,prefecture_whole,275.43,274.92,412.39,412.38,687.82,687.30,official_debt,SRC-CITY-PANEL-1990-2023;SRC-PROVINCE-DEBT-HUNAN-2023,A1,extracted,true,法定债务四个分项保持独立；缺失值保留 null。
DEBT-CN-431000-2023-PREFECTURE,CN-431000,2023,2023-12-31,prefecture_whole,617.18,613.11,584.37,583.44,1201.55,1196.55,official_debt,SRC-CITY-PANEL-1990-2023;SRC-PROVINCE-DEBT-HUNAN-2023,A1,extracted,true,法定债务四个分项保持独立；缺失值保留 null。
DEBT-CN-431100-2023-PREFECTURE,CN-431100,2023,2023-12-31,prefecture_whole,389.53,387.08,541.11,540.97,930.64,928.05,official_debt,SRC-CITY-PANEL-1990-2023;SRC-PROVINCE-DEBT-HUNAN-2023,A1,extracted,true,法定债务四个分项保持独立；缺失值保留 null。
DEBT-CN-431200-2023-PREFECTURE,CN-431200,2023,2023-12-31,prefecture_whole,408.11,407.40,604.72,601.33,1012.83,1008.72,official_debt,SRC-CITY-PANEL-1990-2023;SRC-PROVINCE-DEBT-HUNAN-2023,A1,extracted,true,法定债务四个分项保持独立；缺失值保留 null。
DEBT-CN-431300-2023-PREFECTURE,CN-431300,2023,2023-12-31,prefecture_whole,336.50,335.25,333.91,332.11,670.41,667.36,official_debt,SRC-CITY-PANEL-1990-2023;SRC-PROVINCE-DEBT-HUNAN-2023,A1,extracted,true,法定债务四个分项保持独立；缺失值保留 null。
DEBT-CN-433100-2023-PREFECTURE,CN-433100,2023,2023-12-31,prefecture_whole,294.75,286.05,284.96,284.95,579.71,571.00,official_debt,SRC-PROVINCE-DEBT-HUNAN-2023,A1,extracted,true,法定债务四个分项保持独立；缺失值保留 null。
DEBT-CN-440100-2023-PREFECTURE,CN-440100,2023,2023-12-31,prefecture_whole,932.97,930.26,4694.91,4601.97,5627.88,5532.23,official_debt,SRC-CITY-PANEL-1990-2023;SRC-OFFICIAL-DEBT-GUANGDONG-2023-TABLES35-36,A1,extracted,true,法定债务四个分项保持独立；缺失值保留 null。
DEBT-CN-440200-2023-PREFECTURE,CN-440200,2023,2023-12-31,prefecture_whole,255.80,255.71,470.89,470.51,726.69,726.22,official_debt,SRC-CITY-PANEL-1990-2023;SRC-OFFICIAL-DEBT-GUANGDONG-2023-TABLES35-36,A1,extracted,true,法定债务四个分项保持独立；缺失值保留 null。
DEBT-CN-440300-2023-PREFECTURE,CN-440300,2023,2023-12-31,prefecture_whole,199.71,132.80,2574.47,2559.63,2774.18,2692.43,official_debt,SRC-CITY-PANEL-1990-2023;SRC-OFFICIAL-DEBT-GUANGDONG-2023-TABLES35-36,A1,extracted,true,法定债务四个分项保持独立；缺失值保留 null。
DEBT-CN-440400-2023-PREFECTURE,CN-440400,2023,2023-12-31,prefecture_whole,338.98,335.99,985.61,985.51,1324.59,1321.50,official_debt,SRC-CITY-PANEL-1990-2023;SRC-OFFICIAL-DEBT-GUANGDONG-2023-TABLES35-36,A1,extracted,true,法定债务四个分项保持独立；缺失值保留 null。
DEBT-CN-440500-2023-PREFECTURE,CN-440500,2023,2023-12-31,prefecture_whole,187.90,187.31,825.40,825.01,1013.30,1012.32,official_debt,SRC-CITY-PANEL-1990-2023;SRC-OFFICIAL-DEBT-GUANGDONG-2023-TABLES35-36,A1,extracted,true,法定债务四个分项保持独立；缺失值保留 null。
DEBT-CN-440600-2023-PREFECTURE,CN-440600,2023,2023-12-31,prefecture_whole,405.45,405.34,2355.15,2345.38,2760.60,2750.72,official_debt,SRC-CITY-PANEL-1990-2023;SRC-OFFICIAL-DEBT-GUANGDONG-2023-TABLES35-36,A1,extracted,true,法定债务四个分项保持独立；缺失值保留 null。
DEBT-CN-440700-2023-PREFECTURE,CN-440700,2023,2023-12-31,prefecture_whole,318.77,318.55,770.58,769.14,1089.35,1087.69,official_debt,SRC-CITY-PANEL-1990-2023;SRC-OFFICIAL-DEBT-GUANGDONG-2023-TABLES35-36,A1,extracted,true,法定债务四个分项保持独立；缺失值保留 null。
DEBT-CN-440800-2023-PREFECTURE,CN-440800,2023,2023-12-31,prefecture_whole,286.96,286.75,827.56,827.34,1114.52,1114.09,official_debt,SRC-CITY-PANEL-1990-2023;SRC-OFFICIAL-DEBT-GUANGDONG-2023-TABLES35-36,A1,extracted,true,法定债务四个分项保持独立；缺失值保留 null。
DEBT-CN-440900-2023-PREFECTURE,CN-440900,2023,2023-12-31,prefecture_whole,231.18,230.84,577.21,576.63,808.39,807.47,official_debt,SRC-CITY-PANEL-1990-2023;SRC-OFFICIAL-DEBT-GUANGDONG-2023-TABLES35-36,A1,extracted,true,法定债务四个分项保持独立；缺失值保留 null。
DEBT-CN-441200-2023-PREFECTURE,CN-441200,2023,2023-12-31,prefecture_whole,244.83,244.51,888.60,888.60,1133.43,1133.11,official_debt,SRC-CITY-PANEL-1990-2023;SRC-OFFICIAL-DEBT-GUANGDONG-2023-TABLES35-36,A1,extracted,true,法定债务四个分项保持独立；缺失值保留 null。
DEBT-CN-441300-2023-PREFECTURE,CN-441300,2023,2023-12-31,prefecture_whole,422.80,422.17,809.28,809.25,1232.08,1231.42,official_debt,SRC-CITY-PANEL-1990-2023;SRC-OFFICIAL-DEBT-GUANGDONG-2023-TABLES35-36,A1,extracted,true,法定债务四个分项保持独立；缺失值保留 null。
DEBT-CN-441400-2023-PREFECTURE,CN-441400,2023,2023-12-31,prefecture_whole,347.79,347.75,465.69,465.68,813.48,813.43,official_debt,SRC-CITY-PANEL-1990-2023;SRC-OFFICIAL-DEBT-GUANGDONG-2023-TABLES35-36,A1,extracted,true,法定债务四个分项保持独立；缺失值保留 null。
DEBT-CN-441500-2023-PREFECTURE,CN-441500,2023,2023-12-31,prefecture_whole,119.53,119.42,476.80,476.78,596.33,596.20,official_debt,SRC-CITY-PANEL-1990-2023;SRC-OFFICIAL-DEBT-GUANGDONG-2023-TABLES35-36,A1,extracted,true,法定债务四个分项保持独立；缺失值保留 null。
DEBT-CN-441600-2023-PREFECTURE,CN-441600,2023,2023-12-31,prefecture_whole,245.79,245.74,406.74,406.54,652.53,652.28,official_debt,SRC-CITY-PANEL-1990-2023;SRC-OFFICIAL-DEBT-GUANGDONG-2023-TABLES35-36,A1,extracted,true,法定债务四个分项保持独立；缺失值保留 null。
DEBT-CN-441700-2023-PREFECTURE,CN-441700,2023,2023-12-31,prefecture_whole,182.96,182.63,260.81,260.80,443.77,443.43,official_debt,SRC-CITY-PANEL-1990-2023;SRC-OFFICIAL-DEBT-GUANGDONG-2023-TABLES35-36,A1,extracted,true,法定债务四个分项保持独立；缺失值保留 null。
DEBT-CN-441800-2023-PREFECTURE,CN-441800,2023,2023-12-31,prefecture_whole,224.47,224.02,702.33,693.63,926.80,917.65,official_debt,SRC-CITY-PANEL-1990-2023;SRC-OFFICIAL-DEBT-GUANGDONG-2023-TABLES35-36,A1,extracted,true,法定债务四个分项保持独立；缺失值保留 null。
DEBT-CN-441900-2023-PREFECTURE,CN-441900,2023,2023-12-31,prefecture_whole,519.87,519.59,1103.66,1103.06,1623.53,1622.65,official_debt,SRC-CITY-PANEL-1990-2023;SRC-OFFICIAL-DEBT-GUANGDONG-2023-TABLES35-36,A1,extracted,true,法定债务四个分项保持独立；缺失值保留 null。
DEBT-CN-442000-2023-PREFECTURE,CN-442000,2023,2023-12-31,prefecture_whole,80.18,80.17,796.18,796.17,876.36,876.34,official_debt,SRC-CITY-PANEL-1990-2023;SRC-OFFICIAL-DEBT-GUANGDONG-2023-TABLES35-36,A1,extracted,true,法定债务四个分项保持独立；缺失值保留 null。
DEBT-CN-445100-2023-PREFECTURE,CN-445100,2023,2023-12-31,prefecture_whole,178.61,178.60,222.74,222.74,401.35,401.34,official_debt,SRC-CITY-PANEL-1990-2023;SRC-OFFICIAL-DEBT-GUANGDONG-2023-TABLES35-36,A1,extracted,true,法定债务四个分项保持独立；缺失值保留 null。
DEBT-CN-445200-2023-PREFECTURE,CN-445200,2023,2023-12-31,prefecture_whole,177.96,177.91,323.91,323.72,501.87,501.63,official_debt,SRC-CITY-PANEL-1990-2023;SRC-OFFICIAL-DEBT-GUANGDONG-2023-TABLES35-36,A1,extracted,true,法定债务四个分项保持独立；缺失值保留 null。
DEBT-CN-445300-2023-PREFECTURE,CN-445300,2023,2023-12-31,prefecture_whole,205.77,205.75,314.12,313.81,519.89,519.56,official_debt,SRC-CITY-PANEL-1990-2023;SRC-OFFICIAL-DEBT-GUANGDONG-2023-TABLES35-36,A1,extracted,true,法定债务四个分项保持独立；缺失值保留 null。
DEBT-CN-450100-2023-PREFECTURE,CN-450100,2023,2023-12-31,prefecture_whole,,,,,,,provisional,SRC-CITY-PANEL-1990-2023,D,missing,false,法定债务四个分项保持独立；缺失值保留 null。
DEBT-CN-450200-2023-PREFECTURE,CN-450200,2023,2023-12-31,prefecture_whole,,,,,,,provisional,SRC-CITY-PANEL-1990-2023,D,missing,false,法定债务四个分项保持独立；缺失值保留 null。
DEBT-CN-450300-2023-PREFECTURE,CN-450300,2023,2023-12-31,prefecture_whole,,,,,,,provisional,SRC-CITY-PANEL-1990-2023,D,missing,false,法定债务四个分项保持独立；缺失值保留 null。
DEBT-CN-450400-2023-PREFECTURE,CN-450400,2023,2023-12-31,prefecture_whole,,,,,,,provisional,SRC-CITY-PANEL-1990-2023,D,missing,false,法定债务四个分项保持独立；缺失值保留 null。
DEBT-CN-450500-2023-PREFECTURE,CN-450500,2023,2023-12-31,prefecture_whole,,,,,,,provisional,SRC-CITY-PANEL-1990-2023,D,missing,false,法定债务四个分项保持独立；缺失值保留 null。
DEBT-CN-450600-2023-PREFECTURE,CN-450600,2023,2023-12-31,prefecture_whole,,,,,,,provisional,SRC-CITY-PANEL-1990-2023,D,missing,false,法定债务四个分项保持独立；缺失值保留 null。
DEBT-CN-450700-2023-PREFECTURE,CN-450700,2023,2023-12-31,prefecture_whole,,,,,,,provisional,SRC-CITY-PANEL-1990-2023,D,missing,false,法定债务四个分项保持独立；缺失值保留 null。
DEBT-CN-450800-2023-PREFECTURE,CN-450800,2023,2023-12-31,prefecture_whole,,,,,,,provisional,SRC-CITY-PANEL-1990-2023,D,missing,false,法定债务四个分项保持独立；缺失值保留 null。
DEBT-CN-450900-2023-PREFECTURE,CN-450900,2023,2023-12-31,prefecture_whole,,,,,,600.43,secondary_debt,SRC-CITY-PANEL-1990-2023;SRC-SECONDARY-DEBT-GUANGXI-YULIN-2023,B2,needs_review,true,法定债务四个分项保持独立；缺失值保留 null。
DEBT-CN-451000-2023-PREFECTURE,CN-451000,2023,2023-12-31,prefecture_whole,,,,,,,provisional,SRC-CITY-PANEL-1990-2023,D,missing,false,法定债务四个分项保持独立；缺失值保留 null。
DEBT-CN-451100-2023-PREFECTURE,CN-451100,2023,2023-12-31,prefecture_whole,,154.59,,227.09,,381.68,official_debt,SRC-CITY-PANEL-1990-2023;SRC-OFFICIAL-DEBT-GUANGXI-HEZHOU-2023,A2,extracted,true,法定债务四个分项保持独立；缺失值保留 null。
DEBT-CN-451200-2023-PREFECTURE,CN-451200,2023,2023-12-31,prefecture_whole,,,,,,,provisional,SRC-CITY-PANEL-1990-2023,D,missing,false,法定债务四个分项保持独立；缺失值保留 null。
DEBT-CN-451300-2023-PREFECTURE,CN-451300,2023,2023-12-31,prefecture_whole,,268.43,,200.38,,468.81,official_debt,SRC-CITY-PANEL-1990-2023;SRC-OFFICIAL-DEBT-GUANGXI-LAIBIN-2023,A2,extracted,true,法定债务四个分项保持独立；缺失值保留 null。
DEBT-CN-451400-2023-PREFECTURE,CN-451400,2023,2023-12-31,prefecture_whole,,,,,,,provisional,SRC-CITY-PANEL-1990-2023,D,missing,false,法定债务四个分项保持独立；缺失值保留 null。
DEBT-CN-460100-2023-PREFECTURE,CN-460100,2023,2023-12-31,prefecture_whole,230.47,228.11,661.94,661.34,892.40,889.45,official_debt,SRC-CITY-PANEL-1990-2023;SRC-CELMA-DEBT-HAINAN-2023,A2,extracted,true,法定债务四个分项保持独立；缺失值保留 null。
DEBT-CN-460200-2023-PREFECTURE,CN-460200,2023,2023-12-31,prefecture_whole,153.47,153.43,443.92,441.57,597.39,594.99,official_debt,SRC-CITY-PANEL-1990-2023;SRC-CELMA-DEBT-HAINAN-2023,A2,extracted,true,法定债务四个分项保持独立；缺失值保留 null。
DEBT-CN-460300-2023-PREFECTURE,CN-460300,2023,2023-12-31,prefecture_whole,,,,,,,provisional,SRC-CITY-PANEL-1990-2023,D,missing,false,法定债务四个分项保持独立；缺失值保留 null。
DEBT-CN-460400-2023-PREFECTURE,CN-460400,2023,2023-12-31,prefecture_whole,110.39,110.00,216.99,216.94,327.38,326.94,official_debt,SRC-CITY-PANEL-1990-2023;SRC-CELMA-DEBT-HAINAN-2023,A2,extracted,true,法定债务四个分项保持独立；缺失值保留 null。
DEBT-CN-469000-2023-PREFECTURE,CN-469000,2023,2023-12-31,prefecture_whole,,,,,,,not_collected,,,missing,false,法定债务四个分项保持独立；缺失值保留 null。
DEBT-CN-500000-2023-PREFECTURE,CN-500000,2023,2023-12-31,prefecture_whole,3737.60,3713.66,8549.40,8544.10,12287.00,12257.76,official_debt,SRC-CITY-PANEL-1990-2023;SRC-PROVINCE-DEBT-CHONGQING-2023,A1,extracted,true,法定债务四个分项保持独立；缺失值保留 null。
DEBT-CN-510100-2023-PREFECTURE,CN-510100,2023,2023-12-31,prefecture_whole,,,,,,5228.70,secondary_debt,SRC-CITY-PANEL-1990-2023;SRC-SECONDARY-DEBT-SICHUAN-2023-TOP6,B2,needs_review,true,法定债务四个分项保持独立；缺失值保留 null。
DEBT-CN-510300-2023-PREFECTURE,CN-510300,2023,2023-12-31,prefecture_whole,,,,,,737.60,secondary_debt,SRC-CITY-PANEL-1990-2023;SRC-SECONDARY-CEIC-CN-510300,D,needs_review,true,法定债务四个分项保持独立；缺失值保留 null。
DEBT-CN-510400-2023-PREFECTURE,CN-510400,2023,2023-12-31,prefecture_whole,,,,,,,provisional,SRC-CITY-PANEL-1990-2023,D,missing,false,法定债务四个分项保持独立；缺失值保留 null。
DEBT-CN-510500-2023-PREFECTURE,CN-510500,2023,2023-12-31,prefecture_whole,,,,,,994.20,secondary_debt,SRC-CITY-PANEL-1990-2023;SRC-SECONDARY-DEBT-SICHUAN-2023-TOP6,B2,needs_review,true,法定债务四个分项保持独立；缺失值保留 null。
DEBT-CN-510600-2023-PREFECTURE,CN-510600,2023,2023-12-31,prefecture_whole,,,,,,760.90,secondary_debt,SRC-CITY-PANEL-1990-2023;SRC-SECONDARY-CEIC-CN-510600,D,needs_review,true,法定债务四个分项保持独立；缺失值保留 null。
DEBT-CN-510700-2023-PREFECTURE,CN-510700,2023,2023-12-31,prefecture_whole,,,,,,1065.70,secondary_debt,SRC-CITY-PANEL-1990-2023;SRC-SECONDARY-DEBT-SICHUAN-2023-TOP6,B2,needs_review,true,法定债务四个分项保持独立；缺失值保留 null。
DEBT-CN-510800-2023-PREFECTURE,CN-510800,2023,2023-12-31,prefecture_whole,,,,,,552.00,secondary_debt,SRC-CITY-PANEL-1990-2023;SRC-SECONDARY-CEIC-CN-510800,D,needs_review,true,法定债务四个分项保持独立；缺失值保留 null。
DEBT-CN-510900-2023-PREFECTURE,CN-510900,2023,2023-12-31,prefecture_whole,,,,,,755.40,secondary_debt,SRC-CITY-PANEL-1990-2023;SRC-SECONDARY-CEIC-CN-510900,D,needs_review,true,法定债务四个分项保持独立；缺失值保留 null。
DEBT-CN-511000-2023-PREFECTURE,CN-511000,2023,2023-12-31,prefecture_whole,,,,,,,provisional,SRC-CITY-PANEL-1990-2023,D,missing,false,法定债务四个分项保持独立；缺失值保留 null。
DEBT-CN-511100-2023-PREFECTURE,CN-511100,2023,2023-12-31,prefecture_whole,,,,,,747.90,secondary_debt,SRC-CITY-PANEL-1990-2023;SRC-SECONDARY-CEIC-CN-511100,D,needs_review,true,法定债务四个分项保持独立；缺失值保留 null。
DEBT-CN-511300-2023-PREFECTURE,CN-511300,2023,2023-12-31,prefecture_whole,,,,,,1111.00,secondary_debt,SRC-CITY-PANEL-1990-2023;SRC-SECONDARY-DEBT-SICHUAN-2023-TOP6,B2,needs_review,true,法定债务四个分项保持独立；缺失值保留 null。
DEBT-CN-511400-2023-PREFECTURE,CN-511400,2023,2023-12-31,prefecture_whole,,,,,,,provisional,SRC-CITY-PANEL-1990-2023,D,missing,false,法定债务四个分项保持独立；缺失值保留 null。
DEBT-CN-511500-2023-PREFECTURE,CN-511500,2023,2023-12-31,prefecture_whole,,,,,,1101.90,secondary_debt,SRC-CITY-PANEL-1990-2023;SRC-SECONDARY-DEBT-SICHUAN-2023-TOP6,B2,needs_review,true,法定债务四个分项保持独立；缺失值保留 null。
DEBT-CN-511600-2023-PREFECTURE,CN-511600,2023,2023-12-31,prefecture_whole,,,,,,678.10,secondary_debt,SRC-CITY-PANEL-1990-2023;SRC-SECONDARY-CEIC-CN-511600,D,needs_review,true,法定债务四个分项保持独立；缺失值保留 null。
DEBT-CN-511700-2023-PREFECTURE,CN-511700,2023,2023-12-31,prefecture_whole,,,,,,1006.20,secondary_debt,SRC-CITY-PANEL-1990-2023;SRC-SECONDARY-DEBT-SICHUAN-2023-TOP6,B2,needs_review,true,法定债务四个分项保持独立；缺失值保留 null。
DEBT-CN-511800-2023-PREFECTURE,CN-511800,2023,2023-12-31,prefecture_whole,,,,,,367.30,secondary_debt,SRC-CITY-PANEL-1990-2023;SRC-SECONDARY-CEIC-CN-511800,D,needs_review,true,法定债务四个分项保持独立；缺失值保留 null。
DEBT-CN-511900-2023-PREFECTURE,CN-511900,2023,2023-12-31,prefecture_whole,,,,,,800.40,secondary_debt,SRC-CITY-PANEL-1990-2023;SRC-SECONDARY-CEIC-CN-511900,D,needs_review,true,法定债务四个分项保持独立；缺失值保留 null。
DEBT-CN-512000-2023-PREFECTURE,CN-512000,2023,2023-12-31,prefecture_whole,,,,,,,provisional,SRC-CITY-PANEL-1990-2023,D,missing,false,法定债务四个分项保持独立；缺失值保留 null。
DEBT-CN-513200-2023-PREFECTURE,CN-513200,2023,2023-12-31,prefecture_whole,,,,,,,not_collected,,,missing,false,法定债务四个分项保持独立；缺失值保留 null。
DEBT-CN-513300-2023-PREFECTURE,CN-513300,2023,2023-12-31,prefecture_whole,,,,,,,not_collected,,,missing,false,法定债务四个分项保持独立；缺失值保留 null。
DEBT-CN-513400-2023-PREFECTURE,CN-513400,2023,2023-12-31,prefecture_whole,,,,,,,not_collected,,,missing,false,法定债务四个分项保持独立；缺失值保留 null。
DEBT-CN-520100-2023-PREFECTURE,CN-520100,2023,2023-12-31,prefecture_whole,789.75,761.10,2681.66,2674.71,3471.41,3435.81,official_debt,SRC-CITY-PANEL-1990-2023;SRC-PROVINCE-DEBT-GUIZHOU-2023,A1,extracted,true,法定债务四个分项保持独立；缺失值保留 null。
DEBT-CN-520200-2023-PREFECTURE,CN-520200,2023,2023-12-31,prefecture_whole,677.71,655.58,324.57,279.69,1002.28,935.27,official_debt,SRC-CITY-PANEL-1990-2023;SRC-PROVINCE-DEBT-GUIZHOU-2023,A1,extracted,true,法定债务四个分项保持独立；缺失值保留 null。
DEBT-CN-520300-2023-PREFECTURE,CN-520300,2023,2023-12-31,prefecture_whole,1617.19,1533.27,822.58,818.29,2439.77,2351.56,official_debt,SRC-CITY-PANEL-1990-2023;SRC-PROVINCE-DEBT-GUIZHOU-2023,A1,extracted,true,法定债务四个分项保持独立；缺失值保留 null。
DEBT-CN-520400-2023-PREFECTURE,CN-520400,2023,2023-12-31,prefecture_whole,417.83,410.91,317.59,315.67,735.42,726.58,official_debt,SRC-CITY-PANEL-1990-2023;SRC-PROVINCE-DEBT-GUIZHOU-2023,A1,extracted,true,法定债务四个分项保持独立；缺失值保留 null。
DEBT-CN-520500-2023-PREFECTURE,CN-520500,2023,2023-12-31,prefecture_whole,965.44,941.88,482.10,435.68,1447.54,1377.56,official_debt,SRC-CITY-PANEL-1990-2023;SRC-PROVINCE-DEBT-GUIZHOU-2023,A1,extracted,true,法定债务四个分项保持独立；缺失值保留 null。
DEBT-CN-520600-2023-PREFECTURE,CN-520600,2023,2023-12-31,prefecture_whole,791.89,708.02,435.92,387.13,1227.81,1095.15,official_debt,SRC-CITY-PANEL-1990-2023;SRC-PROVINCE-DEBT-GUIZHOU-2023,A1,extracted,true,法定债务四个分项保持独立；缺失值保留 null。
DEBT-CN-522300-2023-PREFECTURE,CN-522300,2023,2023-12-31,prefecture_whole,604.14,541.61,408.52,351.87,1012.66,893.48,official_debt,SRC-PROVINCE-DEBT-GUIZHOU-2023,A1,extracted,true,法定债务四个分项保持独立；缺失值保留 null。
DEBT-CN-522600-2023-PREFECTURE,CN-522600,2023,2023-12-31,prefecture_whole,513.94,451.97,459.74,420.02,973.68,871.99,official_debt,SRC-PROVINCE-DEBT-GUIZHOU-2023,A1,extracted,true,法定债务四个分项保持独立；缺失值保留 null。
DEBT-CN-522700-2023-PREFECTURE,CN-522700,2023,2023-12-31,prefecture_whole,740.39,688.73,647.32,627.92,1387.71,1316.65,official_debt,SRC-PROVINCE-DEBT-GUIZHOU-2023,A1,extracted,true,法定债务四个分项保持独立；缺失值保留 null。
DEBT-CN-530100-2023-PREFECTURE,CN-530100,2023,2023-12-31,prefecture_whole,,,,,,2566.20,secondary_debt,SRC-CITY-PANEL-1990-2023;SRC-SECONDARY-DEBT-YUNNAN-2023-TOP3,B2,needs_review,true,法定债务四个分项保持独立；缺失值保留 null。
DEBT-CN-530300-2023-PREFECTURE,CN-530300,2023,2023-12-31,prefecture_whole,,,,,,943.40,secondary_debt,SRC-CITY-PANEL-1990-2023;SRC-SECONDARY-DEBT-YUNNAN-2023-TOP3,B2,needs_review,true,法定债务四个分项保持独立；缺失值保留 null。
DEBT-CN-530400-2023-PREFECTURE,CN-530400,2023,2023-12-31,prefecture_whole,,,,,,,provisional,SRC-CITY-PANEL-1990-2023,D,missing,false,法定债务四个分项保持独立；缺失值保留 null。
DEBT-CN-530500-2023-PREFECTURE,CN-530500,2023,2023-12-31,prefecture_whole,293.42,290.50,346.22,341.49,639.64,631.99,official_debt,SRC-CITY-PANEL-1990-2023;SRC-CITY-DEBT-YUNNAN-BAOSHAN-2023,A1,extracted,true,法定债务四个分项保持独立；缺失值保留 null。
DEBT-CN-530600-2023-PREFECTURE,CN-530600,2023,2023-12-31,prefecture_whole,,,,,,1089.70,secondary_debt,SRC-CITY-PANEL-1990-2023;SRC-SECONDARY-DEBT-YUNNAN-2023-TOP3,B2,needs_review,true,法定债务四个分项保持独立；缺失值保留 null。
DEBT-CN-530700-2023-PREFECTURE,CN-530700,2023,2023-12-31,prefecture_whole,,,,,,,provisional,SRC-CITY-PANEL-1990-2023,D,missing,false,法定债务四个分项保持独立；缺失值保留 null。
DEBT-CN-530800-2023-PREFECTURE,CN-530800,2023,2023-12-31,prefecture_whole,,,,,,516.35,secondary_debt,SRC-CITY-PANEL-1990-2023;SRC-SECONDARY-DEBT-YUNNAN-PUER-2023,B2,needs_review,true,法定债务四个分项保持独立；缺失值保留 null。
DEBT-CN-530900-2023-PREFECTURE,CN-530900,2023,2023-12-31,prefecture_whole,,,,,,,provisional,SRC-CITY-PANEL-1990-2023,D,missing,false,法定债务四个分项保持独立；缺失值保留 null。
DEBT-CN-532300-2023-PREFECTURE,CN-532300,2023,2023-12-31,prefecture_whole,,,,,,589.41,official_debt,SRC-OFFICIAL-DEBT-YUNNAN-CHUXIONG-2023,A2,extracted,true,法定债务四个分项保持独立；缺失值保留 null。
DEBT-CN-532500-2023-PREFECTURE,CN-532500,2023,2023-12-31,prefecture_whole,,,,,,,not_collected,,,missing,false,法定债务四个分项保持独立；缺失值保留 null。
DEBT-CN-532600-2023-PREFECTURE,CN-532600,2023,2023-12-31,prefecture_whole,,,,,,,not_collected,,,missing,false,法定债务四个分项保持独立；缺失值保留 null。
DEBT-CN-532800-2023-PREFECTURE,CN-532800,2023,2023-12-31,prefecture_whole,,,,,,,not_collected,,,missing,false,法定债务四个分项保持独立；缺失值保留 null。
DEBT-CN-532900-2023-PREFECTURE,CN-532900,2023,2023-12-31,prefecture_whole,,,,,,,not_collected,,,missing,false,法定债务四个分项保持独立；缺失值保留 null。
DEBT-CN-533100-2023-PREFECTURE,CN-533100,2023,2023-12-31,prefecture_whole,,204.37,,219.66,,424.03,official_debt,SRC-OFFICIAL-DEBT-YUNNAN-DEHONG-2023,A1,extracted,true,法定债务四个分项保持独立；缺失值保留 null。
DEBT-CN-533300-2023-PREFECTURE,CN-533300,2023,2023-12-31,prefecture_whole,,,,,,,not_collected,,,missing,false,法定债务四个分项保持独立；缺失值保留 null。
DEBT-CN-533400-2023-PREFECTURE,CN-533400,2023,2023-12-31,prefecture_whole,,,,,,,not_collected,,,missing,false,法定债务四个分项保持独立；缺失值保留 null。
DEBT-CN-540100-2023-PREFECTURE,CN-540100,2023,2023-12-31,prefecture_whole,,,,,,,provisional,SRC-CITY-PANEL-1990-2023,D,missing,false,法定债务四个分项保持独立；缺失值保留 null。
DEBT-CN-540200-2023-PREFECTURE,CN-540200,2023,2023-12-31,prefecture_whole,,,,,,,provisional,SRC-CITY-PANEL-1990-2023,D,missing,false,法定债务四个分项保持独立；缺失值保留 null。
DEBT-CN-540300-2023-PREFECTURE,CN-540300,2023,2023-12-31,prefecture_whole,,,,,,,provisional,SRC-CITY-PANEL-1990-2023,D,missing,false,法定债务四个分项保持独立；缺失值保留 null。
DEBT-CN-540400-2023-PREFECTURE,CN-540400,2023,2023-12-31,prefecture_whole,,,,,,,provisional,SRC-CITY-PANEL-1990-2023,D,missing,false,法定债务四个分项保持独立；缺失值保留 null。
DEBT-CN-540500-2023-PREFECTURE,CN-540500,2023,2023-12-31,prefecture_whole,,,,,,,provisional,SRC-CITY-PANEL-1990-2023,D,missing,false,法定债务四个分项保持独立；缺失值保留 null。
DEBT-CN-540600-2023-PREFECTURE,CN-540600,2023,2023-12-31,prefecture_whole,,,,,,,provisional,SRC-CITY-PANEL-1990-2023,D,missing,false,法定债务四个分项保持独立；缺失值保留 null。
DEBT-CN-542500-2023-PREFECTURE,CN-542500,2023,2023-12-31,prefecture_whole,,,,,,,not_collected,,,missing,false,法定债务四个分项保持独立；缺失值保留 null。
DEBT-CN-610100-2023-PREFECTURE,CN-610100,2023,2023-12-31,prefecture_whole,1146.46,1071.45,3065.97,2958.24,4212.43,4029.69,official_debt,SRC-CITY-PANEL-1990-2023;SRC-PROVINCE-DEBT-SHAANXI-2023,A1,extracted,true,法定债务四个分项保持独立；缺失值保留 null。
DEBT-CN-610200-2023-PREFECTURE,CN-610200,2023,2023-12-31,prefecture_whole,108.96,104.19,120.29,117.22,229.25,221.40,official_debt,SRC-CITY-PANEL-1990-2023;SRC-PROVINCE-DEBT-SHAANXI-2023,A1,extracted,true,法定债务四个分项保持独立；缺失值保留 null。
DEBT-CN-610300-2023-PREFECTURE,CN-610300,2023,2023-12-31,prefecture_whole,223.61,204.10,247.93,229.55,471.54,433.65,official_debt,SRC-CITY-PANEL-1990-2023;SRC-PROVINCE-DEBT-SHAANXI-2023,A1,extracted,true,法定债务四个分项保持独立；缺失值保留 null。
DEBT-CN-610400-2023-PREFECTURE,CN-610400,2023,2023-12-31,prefecture_whole,209.65,194.66,335.54,329.94,545.19,524.60,official_debt,SRC-CITY-PANEL-1990-2023;SRC-PROVINCE-DEBT-SHAANXI-2023,A1,extracted,true,法定债务四个分项保持独立；缺失值保留 null。
DEBT-CN-610500-2023-PREFECTURE,CN-610500,2023,2023-12-31,prefecture_whole,320.96,306.12,351.27,345.50,672.23,651.62,official_debt,SRC-CITY-PANEL-1990-2023;SRC-PROVINCE-DEBT-SHAANXI-2023,A1,extracted,true,法定债务四个分项保持独立；缺失值保留 null。
DEBT-CN-610600-2023-PREFECTURE,CN-610600,2023,2023-12-31,prefecture_whole,372.04,338.98,333.81,319.02,705.85,658.00,official_debt,SRC-CITY-PANEL-1990-2023;SRC-PROVINCE-DEBT-SHAANXI-2023,A1,extracted,true,法定债务四个分项保持独立；缺失值保留 null。
DEBT-CN-610700-2023-PREFECTURE,CN-610700,2023,2023-12-31,prefecture_whole,233.09,219.58,305.42,289.36,538.51,508.95,official_debt,SRC-CITY-PANEL-1990-2023;SRC-PROVINCE-DEBT-SHAANXI-2023,A1,extracted,true,法定债务四个分项保持独立；缺失值保留 null。
DEBT-CN-610800-2023-PREFECTURE,CN-610800,2023,2023-12-31,prefecture_whole,389.59,372.63,278.06,253.72,667.65,626.35,official_debt,SRC-CITY-PANEL-1990-2023;SRC-PROVINCE-DEBT-SHAANXI-2023,A1,extracted,true,法定债务四个分项保持独立；缺失值保留 null。
DEBT-CN-610900-2023-PREFECTURE,CN-610900,2023,2023-12-31,prefecture_whole,345.12,332.65,204.80,197.47,549.92,530.12,official_debt,SRC-CITY-PANEL-1990-2023;SRC-PROVINCE-DEBT-SHAANXI-2023,A1,extracted,true,法定债务四个分项保持独立；缺失值保留 null。
DEBT-CN-611000-2023-PREFECTURE,CN-611000,2023,2023-12-31,prefecture_whole,336.45,320.55,130.78,122.32,467.23,442.87,official_debt,SRC-CITY-PANEL-1990-2023;SRC-PROVINCE-DEBT-SHAANXI-2023,A1,extracted,true,法定债务四个分项保持独立；缺失值保留 null。
DEBT-CN-620100-2023-PREFECTURE,CN-620100,2023,2023-12-31,prefecture_whole,,,,,,1145.87,secondary_debt,SRC-CITY-PANEL-1990-2023;SRC-SECONDARY-CEIC-CN-620100,D,needs_review,true,法定债务四个分项保持独立；缺失值保留 null。
DEBT-CN-620200-2023-PREFECTURE,CN-620200,2023,2023-12-31,prefecture_whole,,,,,,,provisional,SRC-CITY-PANEL-1990-2023,D,missing,false,法定债务四个分项保持独立；缺失值保留 null。
DEBT-CN-620300-2023-PREFECTURE,CN-620300,2023,2023-12-31,prefecture_whole,,,,,,,provisional,SRC-CITY-PANEL-1990-2023,D,missing,false,法定债务四个分项保持独立；缺失值保留 null。
DEBT-CN-620400-2023-PREFECTURE,CN-620400,2023,2023-12-31,prefecture_whole,,,,,,,provisional,SRC-CITY-PANEL-1990-2023,D,missing,false,法定债务四个分项保持独立；缺失值保留 null。
DEBT-CN-620500-2023-PREFECTURE,CN-620500,2023,2023-12-31,prefecture_whole,,,,,,,provisional,SRC-CITY-PANEL-1990-2023,D,missing,false,法定债务四个分项保持独立；缺失值保留 null。
DEBT-CN-620600-2023-PREFECTURE,CN-620600,2023,2023-12-31,prefecture_whole,,,,,,,provisional,SRC-CITY-PANEL-1990-2023,D,missing,false,法定债务四个分项保持独立；缺失值保留 null。
DEBT-CN-620700-2023-PREFECTURE,CN-620700,2023,2023-12-31,prefecture_whole,,,,,,,provisional,SRC-CITY-PANEL-1990-2023,D,missing,false,法定债务四个分项保持独立；缺失值保留 null。
DEBT-CN-620800-2023-PREFECTURE,CN-620800,2023,2023-12-31,prefecture_whole,,,,,,,provisional,SRC-CITY-PANEL-1990-2023,D,missing,false,法定债务四个分项保持独立；缺失值保留 null。
DEBT-CN-620900-2023-PREFECTURE,CN-620900,2023,2023-12-31,prefecture_whole,,,,,,,provisional,SRC-CITY-PANEL-1990-2023,D,missing,false,法定债务四个分项保持独立；缺失值保留 null。
DEBT-CN-621000-2023-PREFECTURE,CN-621000,2023,2023-12-31,prefecture_whole,,,,,,,provisional,SRC-CITY-PANEL-1990-2023,D,missing,false,法定债务四个分项保持独立；缺失值保留 null。
DEBT-CN-621100-2023-PREFECTURE,CN-621100,2023,2023-12-31,prefecture_whole,,,,,,,provisional,SRC-CITY-PANEL-1990-2023,D,missing,false,法定债务四个分项保持独立；缺失值保留 null。
DEBT-CN-621200-2023-PREFECTURE,CN-621200,2023,2023-12-31,prefecture_whole,,,,,,,provisional,SRC-CITY-PANEL-1990-2023,D,missing,false,法定债务四个分项保持独立；缺失值保留 null。
DEBT-CN-622900-2023-PREFECTURE,CN-622900,2023,2023-12-31,prefecture_whole,,,,,,,not_collected,,,missing,false,法定债务四个分项保持独立；缺失值保留 null。
DEBT-CN-623000-2023-PREFECTURE,CN-623000,2023,2023-12-31,prefecture_whole,,,,,,,not_collected,,,missing,false,法定债务四个分项保持独立；缺失值保留 null。
DEBT-CN-630100-2023-PREFECTURE,CN-630100,2023,2023-12-31,prefecture_whole,285.13,282.56,312.67,308.04,597.80,590.60,official_debt,SRC-CITY-PANEL-1990-2023;SRC-PROVINCE-DEBT-QINGHAI-2023,A1,extracted,true,法定债务四个分项保持独立；缺失值保留 null。
DEBT-CN-630200-2023-PREFECTURE,CN-630200,2023,2023-12-31,prefecture_whole,173.02,168.70,174.23,171.69,347.25,340.39,official_debt,SRC-CITY-PANEL-1990-2023;SRC-PROVINCE-DEBT-QINGHAI-2023,A1,extracted,true,法定债务四个分项保持独立；缺失值保留 null。
DEBT-CN-632200-2023-PREFECTURE,CN-632200,2023,2023-12-31,prefecture_whole,35.11,34.34,9.70,8.70,44.81,43.04,official_debt,SRC-PROVINCE-DEBT-QINGHAI-2023,A1,extracted,true,法定债务四个分项保持独立；缺失值保留 null。
DEBT-CN-632300-2023-PREFECTURE,CN-632300,2023,2023-12-31,prefecture_whole,36.57,36.42,18.90,16.90,55.47,53.32,official_debt,SRC-PROVINCE-DEBT-QINGHAI-2023,A1,extracted,true,法定债务四个分项保持独立；缺失值保留 null。
DEBT-CN-632500-2023-PREFECTURE,CN-632500,2023,2023-12-31,prefecture_whole,47.27,46.65,10.37,8.87,57.64,55.52,official_debt,SRC-CITY-PANEL-1990-2023;SRC-PROVINCE-DEBT-QINGHAI-2023,A1,extracted,true,法定债务四个分项保持独立；缺失值保留 null。
DEBT-CN-632600-2023-PREFECTURE,CN-632600,2023,2023-12-31,prefecture_whole,31.36,31.30,6.70,5.70,38.05,36.99,official_debt,SRC-PROVINCE-DEBT-QINGHAI-2023,A1,extracted,true,法定债务四个分项保持独立；缺失值保留 null。
DEBT-CN-632700-2023-PREFECTURE,CN-632700,2023,2023-12-31,prefecture_whole,30.59,30.57,1.00,0.00,31.59,30.57,official_debt,SRC-PROVINCE-DEBT-QINGHAI-2023,A1,extracted,true,法定债务四个分项保持独立；缺失值保留 null。
DEBT-CN-632800-2023-PREFECTURE,CN-632800,2023,2023-12-31,prefecture_whole,173.79,173.02,88.70,86.64,262.49,259.65,official_debt,SRC-PROVINCE-DEBT-QINGHAI-2023,A1,extracted,true,法定债务四个分项保持独立；缺失值保留 null。
DEBT-CN-640100-2023-PREFECTURE,CN-640100,2023,2023-12-31,prefecture_whole,310.86,297.58,116.06,107.82,426.92,405.40,official_debt,SRC-CITY-PANEL-1990-2023;SRC-PROVINCE-DEBT-NINGXIA-2023,A1,extracted,true,法定债务四个分项保持独立；缺失值保留 null。
DEBT-CN-640200-2023-PREFECTURE,CN-640200,2023,2023-12-31,prefecture_whole,89.50,84.54,13.63,8.36,103.13,92.90,official_debt,SRC-CITY-PANEL-1990-2023;SRC-PROVINCE-DEBT-NINGXIA-2023,A1,extracted,true,法定债务四个分项保持独立；缺失值保留 null。
DEBT-CN-640300-2023-PREFECTURE,CN-640300,2023,2023-12-31,prefecture_whole,108.66,102.55,52.04,44.09,160.70,146.63,official_debt,SRC-CITY-PANEL-1990-2023;SRC-PROVINCE-DEBT-NINGXIA-2023,A1,extracted,true,法定债务四个分项保持独立；缺失值保留 null。
DEBT-CN-640400-2023-PREFECTURE,CN-640400,2023,2023-12-31,prefecture_whole,92.90,89.88,19.40,17.24,112.30,107.12,official_debt,SRC-CITY-PANEL-1990-2023;SRC-PROVINCE-DEBT-NINGXIA-2023,A1,extracted,true,法定债务四个分项保持独立；缺失值保留 null。
DEBT-CN-640500-2023-PREFECTURE,CN-640500,2023,2023-12-31,prefecture_whole,102.24,93.81,22.52,17.64,124.77,111.45,official_debt,SRC-CITY-PANEL-1990-2023;SRC-PROVINCE-DEBT-NINGXIA-2023,A1,extracted,true,法定债务四个分项保持独立；缺失值保留 null。
DEBT-CN-650100-2023-PREFECTURE,CN-650100,2023,2023-12-31,prefecture_whole,512.96,441.17,1141.03,1091.01,1653.99,1532.18,official_debt,SRC-CITY-PANEL-1990-2023;SRC-PROVINCE-DEBT-XINJIANG-2023,A1,extracted,true,法定债务四个分项保持独立；缺失值保留 null。
DEBT-CN-650200-2023-PREFECTURE,CN-650200,2023,2023-12-31,prefecture_whole,189.08,150.65,113.90,113.10,302.98,263.75,official_debt,SRC-CITY-PANEL-1990-2023;SRC-PROVINCE-DEBT-XINJIANG-2023,A1,extracted,true,法定债务四个分项保持独立；缺失值保留 null。
DEBT-CN-650400-2023-PREFECTURE,CN-650400,2023,2023-12-31,prefecture_whole,93.49,82.83,150.56,149.71,244.05,232.54,official_debt,SRC-CITY-PANEL-1990-2023;SRC-PROVINCE-DEBT-XINJIANG-2023,A1,extracted,true,法定债务四个分项保持独立；缺失值保留 null。
DEBT-CN-650500-2023-PREFECTURE,CN-650500,2023,2023-12-31,prefecture_whole,166.42,133.93,185.41,185.06,351.83,318.99,official_debt,SRC-CITY-PANEL-1990-2023;SRC-PROVINCE-DEBT-XINJIANG-2023,A1,extracted,true,法定债务四个分项保持独立；缺失值保留 null。
DEBT-CN-652300-2023-PREFECTURE,CN-652300,2023,2023-12-31,prefecture_whole,275.90,247.07,361.09,351.27,636.99,598.34,official_debt,SRC-PROVINCE-DEBT-XINJIANG-2023,A1,extracted,true,法定债务四个分项保持独立；缺失值保留 null。
DEBT-CN-652700-2023-PREFECTURE,CN-652700,2023,2023-12-31,prefecture_whole,148.96,132.04,211.01,210.26,359.97,342.30,official_debt,SRC-PROVINCE-DEBT-XINJIANG-2023,A1,extracted,true,法定债务四个分项保持独立；缺失值保留 null。
DEBT-CN-652800-2023-PREFECTURE,CN-652800,2023,2023-12-31,prefecture_whole,236.08,221.97,411.60,408.87,647.68,630.84,official_debt,SRC-PROVINCE-DEBT-XINJIANG-2023,A1,extracted,true,法定债务四个分项保持独立；缺失值保留 null。
DEBT-CN-652900-2023-PREFECTURE,CN-652900,2023,2023-12-31,prefecture_whole,277.02,243.72,425.59,424.04,702.61,667.76,official_debt,SRC-PROVINCE-DEBT-XINJIANG-2023,A1,extracted,true,法定债务四个分项保持独立；缺失值保留 null。
DEBT-CN-653000-2023-PREFECTURE,CN-653000,2023,2023-12-31,prefecture_whole,154.94,144.90,114.70,114.70,269.64,259.60,official_debt,SRC-PROVINCE-DEBT-XINJIANG-2023,A1,extracted,true,法定债务四个分项保持独立；缺失值保留 null。
DEBT-CN-653100-2023-PREFECTURE,CN-653100,2023,2023-12-31,prefecture_whole,312.42,294.78,474.03,472.95,786.45,767.73,official_debt,SRC-PROVINCE-DEBT-XINJIANG-2023,A1,extracted,true,法定债务四个分项保持独立；缺失值保留 null。
DEBT-CN-653200-2023-PREFECTURE,CN-653200,2023,2023-12-31,prefecture_whole,286.26,268.36,283.29,282.84,569.55,551.20,official_debt,SRC-PROVINCE-DEBT-XINJIANG-2023,A1,extracted,true,法定债务四个分项保持独立；缺失值保留 null。
DEBT-CN-654000-2023-PREFECTURE,CN-654000,2023,2023-12-31,prefecture_whole,296.53,280.48,565.94,561.02,862.47,841.50,official_debt,SRC-PROVINCE-DEBT-XINJIANG-2023,A1,extracted,true,法定债务四个分项保持独立；缺失值保留 null。
DEBT-CN-654200-2023-PREFECTURE,CN-654200,2023,2023-12-31,prefecture_whole,187.96,165.58,226.15,222.74,414.11,388.32,official_debt,SRC-PROVINCE-DEBT-XINJIANG-2023,A1,extracted,true,法定债务四个分项保持独立；缺失值保留 null。
DEBT-CN-654300-2023-PREFECTURE,CN-654300,2023,2023-12-31,prefecture_whole,185.02,171.21,233.72,233.45,418.74,404.66,official_debt,SRC-PROVINCE-DEBT-XINJIANG-2023,A1,extracted,true,法定债务四个分项保持独立；缺失值保留 null。
DEBT-CN-659000-2023-PREFECTURE,CN-659000,2023,2023-12-31,prefecture_whole,,,,,,,not_collected,,,missing,false,法定债务四个分项保持独立；缺失值保留 null。
DEBT-CN-110000-2024-PREFECTURE,CN-110000,2024,2024-12-31,prefecture_whole,3093.20,2689.71,10805.10,9890.10,13898.30,12579.81,official_debt,SRC-PROVINCE-DEBT-BEIJING-2024,A1,extracted,true,法定债务四个分项保持独立；缺失值保留 null。
DEBT-CN-120000-2024-PREFECTURE,CN-120000,2024,2024-12-31,prefecture_whole,3561.83,3513.37,11512.30,9889.17,15074.13,13402.54,official_debt,SRC-PROVINCE-DEBT-TIANJIN-2024,A1,extracted,true,法定债务四个分项保持独立；缺失值保留 null。
DEBT-CN-130100-2024-PREFECTURE,CN-130100,2024,2024-12-31,prefecture_whole,828.65,763.79,1787.71,1746.57,2616.36,2510.36,official_debt,SRC-CITY-DEBT-HEBEI-SHIJIAZHUANG-2024,A1,extracted,true,法定债务四个分项保持独立；缺失值保留 null。
DEBT-CN-130200-2024-PREFECTURE,CN-130200,2024,2024-12-31,prefecture_whole,,,,,,2832.01,secondary_debt,SRC-SECONDARY-DEBT-HEBEI-TANGSHAN-2024,B2,needs_review,true,法定债务四个分项保持独立；缺失值保留 null。
DEBT-CN-130300-2024-PREFECTURE,CN-130300,2024,2024-12-31,prefecture_whole,,,,,,884.72,secondary_debt,SRC-SECONDARY-DEBT-HEBEI-QINHUANGDAO-2024,B2,needs_review,true,法定债务四个分项保持独立；缺失值保留 null。
DEBT-CN-130400-2024-PREFECTURE,CN-130400,2024,2024-12-31,prefecture_whole,,544.58,,987.06,,1531.64,secondary_debt,SRC-SECONDARY-DEBT-HEBEI-HANDAN-2024,B2,needs_review,true,法定债务四个分项保持独立；缺失值保留 null。
DEBT-CN-130500-2024-PREFECTURE,CN-130500,2024,2024-12-31,prefecture_whole,,,,,,1226.60,secondary_debt,SRC-SECONDARY-DEBT-HEBEI-XINGTAI-2024,B2,needs_review,true,法定债务四个分项保持独立；缺失值保留 null。
DEBT-CN-130600-2024-PREFECTURE,CN-130600,2024,2024-12-31,prefecture_whole,,,,,,2001.23,secondary_debt,SRC-SECONDARY-DEBT-HEBEI-RATING-2024-BAODING,B2,needs_review,true,法定债务四个分项保持独立；缺失值保留 null。
DEBT-CN-130700-2024-PREFECTURE,CN-130700,2024,2024-12-31,prefecture_whole,,550.21,,996.96,,1547.17,secondary_debt,SRC-SECONDARY-DEBT-HEBEI-ZHANGJIAKOU-2024,B2,needs_review,true,法定债务四个分项保持独立；缺失值保留 null。
DEBT-CN-130800-2024-PREFECTURE,CN-130800,2024,2024-12-31,prefecture_whole,480.37,457.96,440.53,420.77,920.90,878.74,official_debt,SRC-CITY-DEBT-HEBEI-CHENGDE-2024,A1,extracted,true,法定债务四个分项保持独立；缺失值保留 null。
DEBT-CN-130900-2024-PREFECTURE,CN-130900,2024,2024-12-31,prefecture_whole,,,,,,1268.70,secondary_debt,SRC-SECONDARY-CEIC-CN-130900,D,needs_review,true,法定债务四个分项保持独立；缺失值保留 null。
DEBT-CN-131000-2024-PREFECTURE,CN-131000,2024,2024-12-31,prefecture_whole,,,,,,1247.98,secondary_debt,SRC-SECONDARY-DEBT-HEBEI-LANGFANG-2024,B2,needs_review,true,法定债务四个分项保持独立；缺失值保留 null。
DEBT-CN-131100-2024-PREFECTURE,CN-131100,2024,2024-12-31,prefecture_whole,,,,,,722.35,secondary_debt,SRC-SECONDARY-CEIC-CN-131100,D,needs_review,true,法定债务四个分项保持独立；缺失值保留 null。
DEBT-CN-133100-2024-PREFECTURE,CN-133100,2024,2024-12-31,prefecture_whole,1054.99,1047.16,1578.24,1578.05,2633.23,2625.21,official_debt,SRC-OFFICIAL-DEBT-HEBEI-XIONGAN-2024,A1,extracted,true,法定债务四个分项保持独立；缺失值保留 null。
DEBT-CN-140100-2024-PREFECTURE,CN-140100,2024,2024-12-31,prefecture_whole,,,,,,1422.98,secondary_debt,SRC-SECONDARY-DEBT-SHANXI-TAIYUAN-2024,B2,needs_review,true,法定债务四个分项保持独立；缺失值保留 null。
DEBT-CN-140200-2024-PREFECTURE,CN-140200,2024,2024-12-31,prefecture_whole,316.54,315.27,369.35,365.16,685.89,680.43,official_debt,SRC-CITY-DEBT-SHANXI-DATONG-2024,A1,extracted,true,法定债务四个分项保持独立；缺失值保留 null。
DEBT-CN-140300-2024-PREFECTURE,CN-140300,2024,2024-12-31,prefecture_whole,,,,,,2024.00,official_debt,SRC-CITY-DEBT-SHANXI-YANGQUAN-2024,A2,extracted,true,法定债务四个分项保持独立；缺失值保留 null。
DEBT-CN-140400-2024-PREFECTURE,CN-140400,2024,2024-12-31,prefecture_whole,208.06,206.11,271.53,271.04,479.59,477.15,official_debt,SRC-CITY-DEBT-SHANXI-CHANGZHI-2024,A1,extracted,true,法定债务四个分项保持独立；缺失值保留 null。
DEBT-CN-140500-2024-PREFECTURE,CN-140500,2024,2024-12-31,prefecture_whole,,,,,,411.92,official_debt,SRC-OFFICIAL-DEBT-SHANXI-JINCHENG-2024,A2,extracted,true,法定债务四个分项保持独立；缺失值保留 null。
DEBT-CN-140600-2024-PREFECTURE,CN-140600,2024,2024-12-31,prefecture_whole,,146.56,,158.86,,305.42,secondary_debt,SRC-SECONDARY-DEBT-SHANXI-SHUOZHOU-2024,B2,needs_review,true,法定债务四个分项保持独立；缺失值保留 null。
DEBT-CN-140700-2024-PREFECTURE,CN-140700,2024,2024-12-31,prefecture_whole,,283.55,,315.71,,599.26,secondary_debt,SRC-SECONDARY-DEBT-SHANXI-JINZHONG-2024,B2,needs_review,true,法定债务四个分项保持独立；缺失值保留 null。
DEBT-CN-140800-2024-PREFECTURE,CN-140800,2024,2024-12-31,prefecture_whole,,,,,,508.72,secondary_debt,SRC-SECONDARY-DEBT-SHANXI-YUNCHENG-2024,B2,needs_review,true,法定债务四个分项保持独立；缺失值保留 null。
DEBT-CN-140900-2024-PREFECTURE,CN-140900,2024,2024-12-31,prefecture_whole,,,,,,,not_collected,,,missing,false,法定债务四个分项保持独立；缺失值保留 null。
DEBT-CN-141000-2024-PREFECTURE,CN-141000,2024,2024-12-31,prefecture_whole,,,,,,642.16,secondary_debt,SRC-SECONDARY-DEBT-SHANXI-LINFEN-2024,B2,needs_review,true,法定债务四个分项保持独立；缺失值保留 null。
DEBT-CN-141100-2024-PREFECTURE,CN-141100,2024,2024-12-31,prefecture_whole,,270.25,,289.41,,559.66,official_debt,SRC-OFFICIAL-DEBT-SHANXI-LVLIANG-2024,A2,extracted,true,法定债务四个分项保持独立；缺失值保留 null。
DEBT-CN-150100-2024-PREFECTURE,CN-150100,2024,2024-12-31,prefecture_whole,,,,,,1582.18,secondary_debt,SRC-SECONDARY-DEBT-INNER-MONGOLIA-TOP4-2024,B2,needs_review,true,法定债务四个分项保持独立；缺失值保留 null。
DEBT-CN-150200-2024-PREFECTURE,CN-150200,2024,2024-12-31,prefecture_whole,,,,,,1374.56,secondary_debt,SRC-SECONDARY-DEBT-INNER-MONGOLIA-TOP4-2024,B2,needs_review,true,法定债务四个分项保持独立；缺失值保留 null。
DEBT-CN-150300-2024-PREFECTURE,CN-150300,2024,2024-12-31,prefecture_whole,212.00,210.56,154.00,110.07,366.00,320.63,official_debt,SRC-OFFICIAL-DEBT-INNER-MONGOLIA-WUHAI-2024,A2,extracted,true,法定债务四个分项保持独立；缺失值保留 null。
DEBT-CN-150400-2024-PREFECTURE,CN-150400,2024,2024-12-31,prefecture_whole,,,,,,881.02,secondary_debt,SRC-SECONDARY-CEIC-CN-150400,D,needs_review,true,法定债务四个分项保持独立；缺失值保留 null。
DEBT-CN-150500-2024-PREFECTURE,CN-150500,2024,2024-12-31,prefecture_whole,557.00,555.82,343.00,244.16,900.00,799.98,official_debt,SRC-OFFICIAL-DEBT-INNER-MONGOLIA-TONGLIAO-2024,A2,extracted,true,法定债务四个分项保持独立；缺失值保留 null。
DEBT-CN-150600-2024-PREFECTURE,CN-150600,2024,2024-12-31,prefecture_whole,,1582.78,,366.03,,1948.82,official_debt,SRC-OFFICIAL-DEBT-INNER-MONGOLIA-ORDOS-2024,A2,extracted,true,法定债务四个分项保持独立；缺失值保留 null。
DEBT-CN-150700-2024-PREFECTURE,CN-150700,2024,2024-12-31,prefecture_whole,,,,,,801.37,secondary_debt,SRC-SECONDARY-CEIC-CN-150700,D,needs_review,true,法定债务四个分项保持独立；缺失值保留 null。
DEBT-CN-150800-2024-PREFECTURE,CN-150800,2024,2024-12-31,prefecture_whole,,,,,,659.39,secondary_debt,SRC-SECONDARY-CEIC-CN-150800,D,needs_review,true,法定债务四个分项保持独立；缺失值保留 null。
DEBT-CN-150900-2024-PREFECTURE,CN-150900,2024,2024-12-31,prefecture_whole,657.00,655.33,456.00,351.48,1113.00,1006.81,official_debt,SRC-OFFICIAL-DEBT-INNER-MONGOLIA-ULANQAB-2024-GENERAL,A2,extracted,true,法定债务四个分项保持独立；缺失值保留 null。
DEBT-CN-152200-2024-PREFECTURE,CN-152200,2024,2024-12-31,prefecture_whole,,299.11,,170.64,,469.75,official_debt,SRC-OFFICIAL-DEBT-INNER-MONGOLIA-XINGAN-2024,A2,extracted,true,法定债务四个分项保持独立；缺失值保留 null。
DEBT-CN-152500-2024-PREFECTURE,CN-152500,2024,2024-12-31,prefecture_whole,470.00,454.21,153.00,123.06,623.00,577.27,official_debt,SRC-OFFICIAL-DEBT-INNER-MONGOLIA-XILINGOL-2024,A2,extracted,true,法定债务四个分项保持独立；缺失值保留 null。
DEBT-CN-152900-2024-PREFECTURE,CN-152900,2024,2024-12-31,prefecture_whole,,,,,,,not_collected,,,missing,false,法定债务四个分项保持独立；缺失值保留 null。
DEBT-CN-210100-2024-PREFECTURE,CN-210100,2024,2024-12-31,prefecture_whole,1102.10,1086.40,1325.26,1315.46,2427.36,2401.91,official_debt,SRC-PROVINCE-DEBT-LIAONING-2024,A1,extracted,true,法定债务四个分项保持独立；缺失值保留 null。
DEBT-CN-210200-2024-PREFECTURE,CN-210200,2024,2024-12-31,prefecture_whole,1683.20,1670.90,1729.73,1502.94,3412.93,3173.84,official_debt,SRC-PROVINCE-DEBT-LIAONING-2024,A1,extracted,true,法定债务四个分项保持独立；缺失值保留 null。
DEBT-CN-210300-2024-PREFECTURE,CN-210300,2024,2024-12-31,prefecture_whole,535.40,529.80,503.29,498.46,1038.69,1028.26,official_debt,SRC-PROVINCE-DEBT-LIAONING-2024,A1,extracted,true,法定债务四个分项保持独立；缺失值保留 null。
DEBT-CN-210400-2024-PREFECTURE,CN-210400,2024,2024-12-31,prefecture_whole,244.10,239.60,88.86,88.67,332.96,328.25,official_debt,SRC-PROVINCE-DEBT-LIAONING-2024,A1,extracted,true,法定债务四个分项保持独立；缺失值保留 null。
DEBT-CN-210500-2024-PREFECTURE,CN-210500,2024,2024-12-31,prefecture_whole,245.90,241.40,181.42,180.58,427.32,421.98,official_debt,SRC-PROVINCE-DEBT-LIAONING-2024,A1,extracted,true,法定债务四个分项保持独立；缺失值保留 null。
DEBT-CN-210600-2024-PREFECTURE,CN-210600,2024,2024-12-31,prefecture_whole,307.30,301.90,121.48,121.34,428.78,423.24,official_debt,SRC-PROVINCE-DEBT-LIAONING-2024,A1,extracted,true,法定债务四个分项保持独立；缺失值保留 null。
DEBT-CN-210700-2024-PREFECTURE,CN-210700,2024,2024-12-31,prefecture_whole,445.70,440.00,165.81,165.71,611.51,605.71,official_debt,SRC-PROVINCE-DEBT-LIAONING-2024,A1,extracted,true,法定债务四个分项保持独立；缺失值保留 null。
DEBT-CN-210800-2024-PREFECTURE,CN-210800,2024,2024-12-31,prefecture_whole,941.70,929.60,423.23,422.46,1364.93,1352.03,official_debt,SRC-PROVINCE-DEBT-LIAONING-2024,A1,extracted,true,法定债务四个分项保持独立；缺失值保留 null。
DEBT-CN-210900-2024-PREFECTURE,CN-210900,2024,2024-12-31,prefecture_whole,156.50,154.40,115.62,115.25,272.12,269.69,official_debt,SRC-PROVINCE-DEBT-LIAONING-2024,A1,extracted,true,法定债务四个分项保持独立；缺失值保留 null。
DEBT-CN-211000-2024-PREFECTURE,CN-211000,2024,2024-12-31,prefecture_whole,282.80,279.20,198.70,198.33,481.50,477.54,official_debt,SRC-PROVINCE-DEBT-LIAONING-2024,A1,extracted,true,法定债务四个分项保持独立；缺失值保留 null。
DEBT-CN-211100-2024-PREFECTURE,CN-211100,2024,2024-12-31,prefecture_whole,817.20,807.60,364.61,363.46,1181.81,1171.06,official_debt,SRC-PROVINCE-DEBT-LIAONING-2024,A1,extracted,true,法定债务四个分项保持独立；缺失值保留 null。
DEBT-CN-211200-2024-PREFECTURE,CN-211200,2024,2024-12-31,prefecture_whole,209.80,208.00,280.14,279.30,489.94,487.30,official_debt,SRC-PROVINCE-DEBT-LIAONING-2024,A1,extracted,true,法定债务四个分项保持独立；缺失值保留 null。
DEBT-CN-211300-2024-PREFECTURE,CN-211300,2024,2024-12-31,prefecture_whole,164.60,160.90,217.23,217.00,381.83,377.89,official_debt,SRC-PROVINCE-DEBT-LIAONING-2024,A1,extracted,true,法定债务四个分项保持独立；缺失值保留 null。
DEBT-CN-211400-2024-PREFECTURE,CN-211400,2024,2024-12-31,prefecture_whole,403.50,397.70,171.39,170.85,574.89,568.52,official_debt,SRC-PROVINCE-DEBT-LIAONING-2024,A1,extracted,true,法定债务四个分项保持独立；缺失值保留 null。
DEBT-CN-220100-2024-PREFECTURE,CN-220100,2024,2024-12-31,prefecture_whole,966.90,951.90,2213.90,2206.50,3180.80,3158.40,official_debt,SRC-PROVINCE-DEBT-JILIN-2024,A1,extracted,true,法定债务四个分项保持独立；缺失值保留 null。
DEBT-CN-220200-2024-PREFECTURE,CN-220200,2024,2024-12-31,prefecture_whole,514.60,511.80,623.10,620.80,1137.70,1132.60,official_debt,SRC-PROVINCE-DEBT-JILIN-2024,A1,extracted,true,法定债务四个分项保持独立；缺失值保留 null。
DEBT-CN-220300-2024-PREFECTURE,CN-220300,2024,2024-12-31,prefecture_whole,104.20,103.90,77.10,77.00,181.30,180.90,official_debt,SRC-PROVINCE-DEBT-JILIN-2024,A1,extracted,true,法定债务四个分项保持独立；缺失值保留 null。
DEBT-CN-220400-2024-PREFECTURE,CN-220400,2024,2024-12-31,prefecture_whole,108.00,107.50,147.90,147.20,255.80,254.80,official_debt,SRC-PROVINCE-DEBT-JILIN-2024,A1,extracted,true,法定债务四个分项保持独立；缺失值保留 null。
DEBT-CN-220500-2024-PREFECTURE,CN-220500,2024,2024-12-31,prefecture_whole,105.40,105.20,177.60,175.80,282.90,281.00,official_debt,SRC-PROVINCE-DEBT-JILIN-2024,A1,extracted,true,法定债务四个分项保持独立；缺失值保留 null。
DEBT-CN-220600-2024-PREFECTURE,CN-220600,2024,2024-12-31,prefecture_whole,131.60,130.80,86.50,86.50,218.20,217.20,official_debt,SRC-PROVINCE-DEBT-JILIN-2024,A1,extracted,true,法定债务四个分项保持独立；缺失值保留 null。
DEBT-CN-220700-2024-PREFECTURE,CN-220700,2024,2024-12-31,prefecture_whole,134.00,132.50,177.60,177.40,311.60,309.90,official_debt,SRC-PROVINCE-DEBT-JILIN-2024,A1,extracted,true,法定债务四个分项保持独立；缺失值保留 null。
DEBT-CN-220800-2024-PREFECTURE,CN-220800,2024,2024-12-31,prefecture_whole,107.80,106.90,51.70,51.60,159.50,158.40,official_debt,SRC-PROVINCE-DEBT-JILIN-2024,A1,extracted,true,法定债务四个分项保持独立；缺失值保留 null。
DEBT-CN-222400-2024-PREFECTURE,CN-222400,2024,2024-12-31,prefecture_whole,399.60,396.20,455.70,454.20,855.30,850.40,official_debt,SRC-PROVINCE-DEBT-JILIN-2024,A1,extracted,true,法定债务四个分项保持独立；缺失值保留 null。
DEBT-CN-230100-2024-PREFECTURE,CN-230100,2024,2024-12-31,prefecture_whole,1877.54,1867.15,1636.79,1619.16,3514.33,3486.31,official_debt,SRC-PROVINCE-DEBT-HEILONGJIANG-2024,A1,extracted,true,法定债务四个分项保持独立；缺失值保留 null。
DEBT-CN-230200-2024-PREFECTURE,CN-230200,2024,2024-12-31,prefecture_whole,390.91,388.79,258.24,258.12,649.15,646.91,official_debt,SRC-PROVINCE-DEBT-HEILONGJIANG-2024,A1,extracted,true,法定债务四个分项保持独立；缺失值保留 null。
DEBT-CN-230300-2024-PREFECTURE,CN-230300,2024,2024-12-31,prefecture_whole,198.82,197.61,162.74,162.37,361.56,359.98,official_debt,SRC-PROVINCE-DEBT-HEILONGJIANG-2024,A1,extracted,true,法定债务四个分项保持独立；缺失值保留 null。
DEBT-CN-230400-2024-PREFECTURE,CN-230400,2024,2024-12-31,prefecture_whole,154.75,154.07,77.14,75.58,231.88,229.65,official_debt,SRC-PROVINCE-DEBT-HEILONGJIANG-2024,A1,extracted,true,法定债务四个分项保持独立；缺失值保留 null。
DEBT-CN-230500-2024-PREFECTURE,CN-230500,2024,2024-12-31,prefecture_whole,257.37,256.23,194.39,194.30,451.76,450.53,official_debt,SRC-PROVINCE-DEBT-HEILONGJIANG-2024,A1,extracted,true,法定债务四个分项保持独立；缺失值保留 null。
DEBT-CN-230600-2024-PREFECTURE,CN-230600,2024,2024-12-31,prefecture_whole,271.06,269.46,333.21,332.79,604.26,602.25,official_debt,SRC-PROVINCE-DEBT-HEILONGJIANG-2024,A1,extracted,true,法定债务四个分项保持独立；缺失值保留 null。
DEBT-CN-230700-2024-PREFECTURE,CN-230700,2024,2024-12-31,prefecture_whole,194.31,192.71,46.17,41.39,240.48,234.10,official_debt,SRC-PROVINCE-DEBT-HEILONGJIANG-2024,A1,extracted,true,法定债务四个分项保持独立；缺失值保留 null。
DEBT-CN-230800-2024-PREFECTURE,CN-230800,2024,2024-12-31,prefecture_whole,397.07,395.45,224.74,224.65,621.81,620.10,official_debt,SRC-PROVINCE-DEBT-HEILONGJIANG-2024,A1,extracted,true,法定债务四个分项保持独立；缺失值保留 null。
DEBT-CN-230900-2024-PREFECTURE,CN-230900,2024,2024-12-31,prefecture_whole,155.88,155.39,116.14,115.94,272.02,271.33,official_debt,SRC-PROVINCE-DEBT-HEILONGJIANG-2024,A1,extracted,true,法定债务四个分项保持独立；缺失值保留 null。
DEBT-CN-231000-2024-PREFECTURE,CN-231000,2024,2024-12-31,prefecture_whole,447.84,444.42,263.74,261.60,711.58,706.02,official_debt,SRC-PROVINCE-DEBT-HEILONGJIANG-2024,A1,extracted,true,法定债务四个分项保持独立；缺失值保留 null。
DEBT-CN-231100-2024-PREFECTURE,CN-231100,2024,2024-12-31,prefecture_whole,150.78,150.16,97.82,97.76,248.61,247.92,official_debt,SRC-PROVINCE-DEBT-HEILONGJIANG-2024,A1,extracted,true,法定债务四个分项保持独立；缺失值保留 null。
DEBT-CN-231200-2024-PREFECTURE,CN-231200,2024,2024-12-31,prefecture_whole,426.02,423.82,191.11,189.42,617.12,613.24,official_debt,SRC-PROVINCE-DEBT-HEILONGJIANG-2024,A1,extracted,true,法定债务四个分项保持独立；缺失值保留 null。
DEBT-CN-232700-2024-PREFECTURE,CN-232700,2024,2024-12-31,prefecture_whole,40.11,39.88,11.38,11.10,51.49,50.98,official_debt,SRC-PROVINCE-DEBT-HEILONGJIANG-2024,A1,extracted,true,法定债务四个分项保持独立；缺失值保留 null。
DEBT-CN-310000-2024-PREFECTURE,CN-310000,2024,2024-12-31,prefecture_whole,4258.20,3946.80,6037.00,5144.10,10295.20,9090.90,official_debt,SRC-CITY-DEBT-SHANGHAI-2024,A1,extracted,true,法定债务四个分项保持独立；缺失值保留 null。
DEBT-CN-320100-2024-PREFECTURE,CN-320100,2024,2024-12-31,prefecture_whole,1229.38,1199.17,2592.91,2462.39,3822.29,3661.56,official_debt,SRC-PROVINCE-DEBT-JIANGSU-2024,A1,extracted,true,法定债务四个分项保持独立；缺失值保留 null。
DEBT-CN-320200-2024-PREFECTURE,CN-320200,2024,2024-12-31,prefecture_whole,619.45,615.78,2012.43,1993.94,2631.88,2609.72,official_debt,SRC-PROVINCE-DEBT-JIANGSU-2024,A1,extracted,true,法定债务四个分项保持独立；缺失值保留 null。
DEBT-CN-320300-2024-PREFECTURE,CN-320300,2024,2024-12-31,prefecture_whole,382.15,361.52,1539.36,1510.85,1921.51,1872.37,official_debt,SRC-PROVINCE-DEBT-JIANGSU-2024,A1,extracted,true,法定债务四个分项保持独立；缺失值保留 null。
DEBT-CN-320400-2024-PREFECTURE,CN-320400,2024,2024-12-31,prefecture_whole,454.09,449.31,2016.09,1994.38,2470.18,2443.69,official_debt,SRC-PROVINCE-DEBT-JIANGSU-2024,A1,extracted,true,法定债务四个分项保持独立；缺失值保留 null。
DEBT-CN-320500-2024-PREFECTURE,CN-320500,2024,2024-12-31,prefecture_whole,754.74,730.40,3030.30,2927.56,3785.04,3657.97,official_debt,SRC-PROVINCE-DEBT-JIANGSU-2024,A1,extracted,true,法定债务四个分项保持独立；缺失值保留 null。
DEBT-CN-320600-2024-PREFECTURE,CN-320600,2024,2024-12-31,prefecture_whole,886.28,877.09,1800.53,1738.99,2686.81,2616.08,official_debt,SRC-PROVINCE-DEBT-JIANGSU-2024,A1,extracted,true,法定债务四个分项保持独立；缺失值保留 null。
DEBT-CN-320700-2024-PREFECTURE,CN-320700,2024,2024-12-31,prefecture_whole,280.42,267.96,593.73,584.51,874.15,852.47,official_debt,SRC-PROVINCE-DEBT-JIANGSU-2024,A1,extracted,true,法定债务四个分项保持独立；缺失值保留 null。
DEBT-CN-320800-2024-PREFECTURE,CN-320800,2024,2024-12-31,prefecture_whole,433.75,420.61,630.00,610.68,1063.75,1031.29,official_debt,SRC-PROVINCE-DEBT-JIANGSU-2024,A1,extracted,true,法定债务四个分项保持独立；缺失值保留 null。
DEBT-CN-320900-2024-PREFECTURE,CN-320900,2024,2024-12-31,prefecture_whole,779.42,758.01,1254.11,1203.55,2033.53,1961.56,official_debt,SRC-PROVINCE-DEBT-JIANGSU-2024,A1,extracted,true,法定债务四个分项保持独立；缺失值保留 null。
DEBT-CN-321000-2024-PREFECTURE,CN-321000,2024,2024-12-31,prefecture_whole,476.58,472.26,991.16,957.93,1467.74,1430.20,official_debt,SRC-PROVINCE-DEBT-JIANGSU-2024,A1,extracted,true,法定债务四个分项保持独立；缺失值保留 null。
DEBT-CN-321100-2024-PREFECTURE,CN-321100,2024,2024-12-31,prefecture_whole,599.53,595.94,2101.41,2097.54,2700.94,2693.48,official_debt,SRC-PROVINCE-DEBT-JIANGSU-2024,A1,extracted,true,法定债务四个分项保持独立；缺失值保留 null。
DEBT-CN-321200-2024-PREFECTURE,CN-321200,2024,2024-12-31,prefecture_whole,513.29,499.39,838.35,816.32,1351.64,1315.70,official_debt,SRC-PROVINCE-DEBT-JIANGSU-2024,A1,extracted,true,法定债务四个分项保持独立；缺失值保留 null。
DEBT-CN-321300-2024-PREFECTURE,CN-321300,2024,2024-12-31,prefecture_whole,414.27,406.20,708.44,703.19,1122.71,1109.39,official_debt,SRC-PROVINCE-DEBT-JIANGSU-2024,A1,extracted,true,法定债务四个分项保持独立；缺失值保留 null。
DEBT-CN-330100-2024-PREFECTURE,CN-330100,2024,2024-12-31,prefecture_whole,1317.03,1316.61,3148.37,3148.29,4465.40,4464.91,official_debt,SRC-PROVINCE-DEBT-ZHEJIANG-GENERAL-2024,A1,extracted,true,法定债务四个分项保持独立；缺失值保留 null。
DEBT-CN-330200-2024-PREFECTURE,CN-330200,2024,2024-12-31,prefecture_whole,1317.47,1313.12,3232.88,2684.27,4550.35,3997.40,official_debt,SRC-PROVINCE-DEBT-ZHEJIANG-GENERAL-2024,A1,extracted,true,法定债务四个分项保持独立；缺失值保留 null。
DEBT-CN-330300-2024-PREFECTURE,CN-330300,2024,2024-12-31,prefecture_whole,719.34,719.30,2934.86,2934.83,3654.20,3654.14,official_debt,SRC-PROVINCE-DEBT-ZHEJIANG-GENERAL-2024,A1,extracted,true,法定债务四个分项保持独立；缺失值保留 null。
DEBT-CN-330400-2024-PREFECTURE,CN-330400,2024,2024-12-31,prefecture_whole,609.34,609.07,1791.89,1791.83,2401.23,2400.90,official_debt,SRC-PROVINCE-DEBT-ZHEJIANG-GENERAL-2024,A1,extracted,true,法定债务四个分项保持独立；缺失值保留 null。
DEBT-CN-330500-2024-PREFECTURE,CN-330500,2024,2024-12-31,prefecture_whole,560.37,560.33,1050.83,1050.80,1611.20,1611.13,official_debt,SRC-PROVINCE-DEBT-ZHEJIANG-GENERAL-2024,A1,extracted,true,法定债务四个分项保持独立；缺失值保留 null。
DEBT-CN-330600-2024-PREFECTURE,CN-330600,2024,2024-12-31,prefecture_whole,496.24,496.20,1720.19,1720.15,2216.43,2216.36,official_debt,SRC-PROVINCE-DEBT-ZHEJIANG-GENERAL-2024,A1,extracted,true,法定债务四个分项保持独立；缺失值保留 null。
DEBT-CN-330700-2024-PREFECTURE,CN-330700,2024,2024-12-31,prefecture_whole,614.35,614.30,1553.89,1553.85,2168.24,2168.16,official_debt,SRC-PROVINCE-DEBT-ZHEJIANG-GENERAL-2024,A1,extracted,true,法定债务四个分项保持独立；缺失值保留 null。
DEBT-CN-330800-2024-PREFECTURE,CN-330800,2024,2024-12-31,prefecture_whole,411.32,411.28,747.65,747.63,1158.97,1158.91,official_debt,SRC-PROVINCE-DEBT-ZHEJIANG-GENERAL-2024,A1,extracted,true,法定债务四个分项保持独立；缺失值保留 null。
DEBT-CN-330900-2024-PREFECTURE,CN-330900,2024,2024-12-31,prefecture_whole,310.14,310.12,374.57,374.56,684.71,684.68,official_debt,SRC-PROVINCE-DEBT-ZHEJIANG-GENERAL-2024,A1,extracted,true,法定债务四个分项保持独立；缺失值保留 null。
DEBT-CN-331000-2024-PREFECTURE,CN-331000,2024,2024-12-31,prefecture_whole,782.71,782.67,1554.15,1554.12,2336.86,2336.79,official_debt,SRC-PROVINCE-DEBT-ZHEJIANG-GENERAL-2024,A1,extracted,true,法定债务四个分项保持独立；缺失值保留 null。
DEBT-CN-331100-2024-PREFECTURE,CN-331100,2024,2024-12-31,prefecture_whole,564.02,563.98,833.00,832.97,1397.02,1396.95,official_debt,SRC-PROVINCE-DEBT-ZHEJIANG-GENERAL-2024,A1,extracted,true,法定债务四个分项保持独立；缺失值保留 null。
DEBT-CN-340100-2024-PREFECTURE,CN-340100,2024,2024-12-31,prefecture_whole,,,,,,2024.00,secondary_debt,SRC-SECONDARY-DEBT-ANHUI-HEFEI-2024,B2,needs_review,true,法定债务四个分项保持独立；缺失值保留 null。
DEBT-CN-340200-2024-PREFECTURE,CN-340200,2024,2024-12-31,prefecture_whole,434.70,425.80,1054.90,1035.50,1489.60,1461.30,official_debt,SRC-CITY-DEBT-ANHUI-WUHU-2024,A1,extracted,true,法定债务四个分项保持独立；缺失值保留 null。
DEBT-CN-340300-2024-PREFECTURE,CN-340300,2024,2024-12-31,prefecture_whole,,,,,,2024.00,secondary_debt,SRC-SECONDARY-DEBT-ANHUI-BENGBU-2024,B2,needs_review,true,法定债务四个分项保持独立；缺失值保留 null。
DEBT-CN-340400-2024-PREFECTURE,CN-340400,2024,2024-12-31,prefecture_whole,,680.90,,201.10,,882.00,secondary_debt,SRC-SECONDARY-DEBT-ANHUI-HUAINAN-2024,B2,needs_review,true,法定债务四个分项保持独立；缺失值保留 null。
DEBT-CN-340500-2024-PREFECTURE,CN-340500,2024,2024-12-31,prefecture_whole,,313.28,,647.96,,961.24,secondary_debt,SRC-SECONDARY-DEBT-ANHUI-MAANSHAN-2024,B2,needs_review,true,法定债务四个分项保持独立；缺失值保留 null。
DEBT-CN-340600-2024-PREFECTURE,CN-340600,2024,2024-12-31,prefecture_whole,,104.97,,339.25,,444.22,secondary_debt,SRC-SECONDARY-DEBT-ANHUI-HUAIBEI-2024,B2,needs_review,true,法定债务四个分项保持独立；缺失值保留 null。
DEBT-CN-340700-2024-PREFECTURE,CN-340700,2024,2024-12-31,prefecture_whole,116.98,113.24,405.45,386.48,522.43,499.72,official_debt,SRC-CITY-DEBT-ANHUI-TONGLING-2024,A1,extracted,true,法定债务四个分项保持独立；缺失值保留 null。
DEBT-CN-340800-2024-PREFECTURE,CN-340800,2024,2024-12-31,prefecture_whole,,,,,,2024.00,secondary_debt,SRC-SECONDARY-DEBT-ANHUI-ANQING-2024,B2,needs_review,true,法定债务四个分项保持独立；缺失值保留 null。
DEBT-CN-341000-2024-PREFECTURE,CN-341000,2024,2024-12-31,prefecture_whole,147.87,143.93,369.33,363.18,517.20,507.11,official_debt,SRC-CITY-DEBT-ANHUI-HUANGSHAN-2024,A1,extracted,true,法定债务四个分项保持独立；缺失值保留 null。
DEBT-CN-341100-2024-PREFECTURE,CN-341100,2024,2024-12-31,prefecture_whole,,254.78,,1231.92,,1486.70,secondary_debt,SRC-SECONDARY-DEBT-ANHUI-CHUZHOU-2024,B2,needs_review,true,法定债务四个分项保持独立；缺失值保留 null。
DEBT-CN-341200-2024-PREFECTURE,CN-341200,2024,2024-12-31,prefecture_whole,,,,,,2024.00,secondary_debt,SRC-SECONDARY-DEBT-ANHUI-FUYANG-2024,B2,needs_review,true,法定债务四个分项保持独立；缺失值保留 null。
DEBT-CN-341300-2024-PREFECTURE,CN-341300,2024,2024-12-31,prefecture_whole,241.70,239.88,764.26,740.89,1005.95,980.78,official_debt,SRC-CITY-DEBT-ANHUI-SUZHOU-2024,A1,extracted,true,法定债务四个分项保持独立；缺失值保留 null。
DEBT-CN-341500-2024-PREFECTURE,CN-341500,2024,2024-12-31,prefecture_whole,,1238.40,,296.07,,1534.47,official_debt,SRC-OFFICIAL-DEBT-ANHUI-LIUAN-2024,A2,extracted,true,法定债务四个分项保持独立；缺失值保留 null。
DEBT-CN-341600-2024-PREFECTURE,CN-341600,2024,2024-12-31,prefecture_whole,,,,,,2024.00,secondary_debt,SRC-SECONDARY-DEBT-ANHUI-BOZHOU-2024,B2,needs_review,true,法定债务四个分项保持独立；缺失值保留 null。
DEBT-CN-341700-2024-PREFECTURE,CN-341700,2024,2024-12-31,prefecture_whole,,152.55,,282.51,,435.06,secondary_debt,SRC-SECONDARY-DEBT-ANHUI-CHIZHOU-2024,B2,needs_review,true,法定债务四个分项保持独立；缺失值保留 null。
DEBT-CN-341800-2024-PREFECTURE,CN-341800,2024,2024-12-31,prefecture_whole,226.02,221.82,571.66,562.46,797.67,784.28,official_debt,SRC-CITY-DEBT-ANHUI-XUANCHENG-2024,A1,extracted,true,法定债务四个分项保持独立；缺失值保留 null。
DEBT-CN-350100-2024-PREFECTURE,CN-350100,2024,2024-12-31,prefecture_whole,560.55,540.04,2296.09,2220.70,2856.64,2760.74,official_debt,SRC-PROVINCE-DEBT-FUJIAN-2024,A1,extracted,true,法定债务四个分项保持独立；缺失值保留 null。
DEBT-CN-350200-2024-PREFECTURE,CN-350200,2024,2024-12-31,prefecture_whole,425.70,417.70,2346.40,2221.98,2772.10,2639.68,official_debt,SRC-PROVINCE-DEBT-FUJIAN-2024,A1,extracted,true,法定债务四个分项保持独立；缺失值保留 null。
DEBT-CN-350300-2024-PREFECTURE,CN-350300,2024,2024-12-31,prefecture_whole,237.69,223.75,1095.00,1084.84,1332.69,1308.59,official_debt,SRC-PROVINCE-DEBT-FUJIAN-2024,A1,extracted,true,法定债务四个分项保持独立；缺失值保留 null。
DEBT-CN-350400-2024-PREFECTURE,CN-350400,2024,2024-12-31,prefecture_whole,406.05,383.91,578.53,566.97,984.58,950.88,official_debt,SRC-PROVINCE-DEBT-FUJIAN-2024,A1,extracted,true,法定债务四个分项保持独立；缺失值保留 null。
DEBT-CN-350500-2024-PREFECTURE,CN-350500,2024,2024-12-31,prefecture_whole,842.07,798.25,1911.73,1862.90,2753.80,2661.15,official_debt,SRC-PROVINCE-DEBT-FUJIAN-2024,A1,extracted,true,法定债务四个分项保持独立；缺失值保留 null。
DEBT-CN-350600-2024-PREFECTURE,CN-350600,2024,2024-12-31,prefecture_whole,534.72,516.39,1208.78,1177.51,1743.50,1693.90,official_debt,SRC-PROVINCE-DEBT-FUJIAN-2024,A1,extracted,true,法定债务四个分项保持独立；缺失值保留 null。
DEBT-CN-350700-2024-PREFECTURE,CN-350700,2024,2024-12-31,prefecture_whole,315.61,302.98,824.62,814.23,1140.23,1117.21,official_debt,SRC-PROVINCE-DEBT-FUJIAN-2024,A1,extracted,true,法定债务四个分项保持独立；缺失值保留 null。
DEBT-CN-350800-2024-PREFECTURE,CN-350800,2024,2024-12-31,prefecture_whole,325.24,310.93,829.94,808.72,1155.18,1119.65,official_debt,SRC-PROVINCE-DEBT-FUJIAN-2024,A1,extracted,true,法定债务四个分项保持独立；缺失值保留 null。
DEBT-CN-350900-2024-PREFECTURE,CN-350900,2024,2024-12-31,prefecture_whole,308.55,296.92,838.27,823.03,1146.82,1119.95,official_debt,SRC-PROVINCE-DEBT-FUJIAN-2024,A1,extracted,true,法定债务四个分项保持独立；缺失值保留 null。
DEBT-CN-360100-2024-PREFECTURE,CN-360100,2024,2024-12-31,prefecture_whole,616.76,609.91,1542.35,1320.07,2159.11,1929.98,official_debt,SRC-CITY-DEBT-JIANGXI-NANCHANG-2024,A1,extracted,true,法定债务四个分项保持独立；缺失值保留 null。
DEBT-CN-360200-2024-PREFECTURE,CN-360200,2024,2024-12-31,prefecture_whole,,,,,,710.12,secondary_debt,SRC-SECONDARY-DEBT-JIANGXI-JINGDEZHEN-2024,B2,needs_review,true,法定债务四个分项保持独立；缺失值保留 null。
DEBT-CN-360300-2024-PREFECTURE,CN-360300,2024,2024-12-31,prefecture_whole,,694.00,,231.95,,925.95,secondary_debt,SRC-SECONDARY-DEBT-JIANGXI-PINGXIANG-2024,B2,needs_review,true,法定债务四个分项保持独立；缺失值保留 null。
DEBT-CN-360400-2024-PREFECTURE,CN-360400,2024,2024-12-31,prefecture_whole,,,,,,1610.91,secondary_debt,SRC-SECONDARY-DEBT-JIANGXI-REGIONAL-2024,B2,needs_review,true,法定债务四个分项保持独立；缺失值保留 null。
DEBT-CN-360500-2024-PREFECTURE,CN-360500,2024,2024-12-31,prefecture_whole,,,,,,475.40,secondary_debt,SRC-SECONDARY-DEBT-JIANGXI-XINYU-2024,B2,needs_review,true,法定债务四个分项保持独立；缺失值保留 null。
DEBT-CN-360600-2024-PREFECTURE,CN-360600,2024,2024-12-31,prefecture_whole,,,,,,529.85,secondary_debt,SRC-SECONDARY-DEBT-JIANGXI-YINGTAN-2024,B2,needs_review,true,法定债务四个分项保持独立；缺失值保留 null。
DEBT-CN-360700-2024-PREFECTURE,CN-360700,2024,2024-12-31,prefecture_whole,611.56,595.96,1746.89,1725.90,2358.45,2321.87,official_debt,SRC-CITY-DEBT-JIANGXI-GANZHOU-2024,A1,extracted,true,法定债务四个分项保持独立；缺失值保留 null。
DEBT-CN-360800-2024-PREFECTURE,CN-360800,2024,2024-12-31,prefecture_whole,,,,,,1330.82,secondary_debt,SRC-SECONDARY-DEBT-JIANGXI-REGIONAL-2024,B2,needs_review,true,法定债务四个分项保持独立；缺失值保留 null。
DEBT-CN-360900-2024-PREFECTURE,CN-360900,2024,2024-12-31,prefecture_whole,,,,,,1327.65,secondary_debt,SRC-SECONDARY-DEBT-JIANGXI-REGIONAL-2024,B2,needs_review,true,法定债务四个分项保持独立；缺失值保留 null。
DEBT-CN-361000-2024-PREFECTURE,CN-361000,2024,2024-12-31,prefecture_whole,,,,,,1119.43,secondary_debt,SRC-SECONDARY-DEBT-JIANGXI-REGIONAL-2024,B2,needs_review,true,法定债务四个分项保持独立；缺失值保留 null。
DEBT-CN-361100-2024-PREFECTURE,CN-361100,2024,2024-12-31,prefecture_whole,,,,,,1570.99,secondary_debt,SRC-SECONDARY-DEBT-JIANGXI-REGIONAL-2024,B2,needs_review,true,法定债务四个分项保持独立；缺失值保留 null。
DEBT-CN-370100-2024-PREFECTURE,CN-370100,2024,2024-12-31,prefecture_whole,278.85,270.55,3778.60,3500.01,4057.45,3770.56,official_debt,SRC-PROVINCE-DEBT-SHANDONG-2024,A1,extracted,true,法定债务四个分项保持独立；缺失值保留 null。
DEBT-CN-370200-2024-PREFECTURE,CN-370200,2024,2024-12-31,prefecture_whole,1146.45,1145.59,3579.50,3236.98,4725.95,4382.57,official_debt,SRC-PROVINCE-DEBT-SHANDONG-2024,A1,extracted,true,法定债务四个分项保持独立；缺失值保留 null。
DEBT-CN-370300-2024-PREFECTURE,CN-370300,2024,2024-12-31,prefecture_whole,380.46,373.95,1186.58,1053.17,1567.04,1427.12,official_debt,SRC-PROVINCE-DEBT-SHANDONG-2024,A1,extracted,true,法定债务四个分项保持独立；缺失值保留 null。
DEBT-CN-370400-2024-PREFECTURE,CN-370400,2024,2024-12-31,prefecture_whole,198.34,195.91,832.76,745.16,1031.10,941.07,official_debt,SRC-PROVINCE-DEBT-SHANDONG-2024,A1,extracted,true,法定债务四个分项保持独立；缺失值保留 null。
DEBT-CN-370500-2024-PREFECTURE,CN-370500,2024,2024-12-31,prefecture_whole,253.16,245.94,864.32,812.12,1117.48,1058.06,official_debt,SRC-PROVINCE-DEBT-SHANDONG-2024,A1,extracted,true,法定债务四个分项保持独立；缺失值保留 null。
DEBT-CN-370600-2024-PREFECTURE,CN-370600,2024,2024-12-31,prefecture_whole,694.65,682.85,1963.54,1828.86,2658.19,2511.71,official_debt,SRC-PROVINCE-DEBT-SHANDONG-2024,A1,extracted,true,法定债务四个分项保持独立；缺失值保留 null。
DEBT-CN-370700-2024-PREFECTURE,CN-370700,2024,2024-12-31,prefecture_whole,804.85,802.02,2489.17,2052.38,3294.02,2854.40,official_debt,SRC-PROVINCE-DEBT-SHANDONG-2024,A1,extracted,true,法定债务四个分项保持独立；缺失值保留 null。
DEBT-CN-370800-2024-PREFECTURE,CN-370800,2024,2024-12-31,prefecture_whole,535.93,526.82,1648.29,1489.44,2184.22,2016.26,official_debt,SRC-PROVINCE-DEBT-SHANDONG-2024,A1,extracted,true,法定债务四个分项保持独立；缺失值保留 null。
DEBT-CN-370900-2024-PREFECTURE,CN-370900,2024,2024-12-31,prefecture_whole,380.28,372.12,847.00,751.99,1227.28,1124.11,official_debt,SRC-PROVINCE-DEBT-SHANDONG-2024,A1,extracted,true,法定债务四个分项保持独立；缺失值保留 null。
DEBT-CN-371000-2024-PREFECTURE,CN-371000,2024,2024-12-31,prefecture_whole,314.35,311.89,1061.49,903.20,1375.84,1215.09,official_debt,SRC-PROVINCE-DEBT-SHANDONG-2024,A1,extracted,true,法定债务四个分项保持独立；缺失值保留 null。
DEBT-CN-371100-2024-PREFECTURE,CN-371100,2024,2024-12-31,prefecture_whole,133.23,130.71,817.23,665.69,950.46,796.40,official_debt,SRC-PROVINCE-DEBT-SHANDONG-2024,A1,extracted,true,法定债务四个分项保持独立；缺失值保留 null。
DEBT-CN-371300-2024-PREFECTURE,CN-371300,2024,2024-12-31,prefecture_whole,342.58,340.24,1736.47,1614.68,2079.05,1954.92,official_debt,SRC-PROVINCE-DEBT-SHANDONG-2024,A1,extracted,true,法定债务四个分项保持独立；缺失值保留 null。
DEBT-CN-371400-2024-PREFECTURE,CN-371400,2024,2024-12-31,prefecture_whole,365.43,358.07,1314.50,1199.27,1679.93,1557.34,official_debt,SRC-PROVINCE-DEBT-SHANDONG-2024,A1,extracted,true,法定债务四个分项保持独立；缺失值保留 null。
DEBT-CN-371500-2024-PREFECTURE,CN-371500,2024,2024-12-31,prefecture_whole,218.98,214.00,1269.26,1145.44,1488.24,1359.44,official_debt,SRC-PROVINCE-DEBT-SHANDONG-2024,A1,extracted,true,法定债务四个分项保持独立；缺失值保留 null。
DEBT-CN-371600-2024-PREFECTURE,CN-371600,2024,2024-12-31,prefecture_whole,338.19,322.40,1281.85,1204.72,1620.04,1527.12,official_debt,SRC-PROVINCE-DEBT-SHANDONG-2024,A1,extracted,true,法定债务四个分项保持独立；缺失值保留 null。
DEBT-CN-371700-2024-PREFECTURE,CN-371700,2024,2024-12-31,prefecture_whole,158.18,157.02,1916.03,1651.10,2074.21,1808.12,official_debt,SRC-PROVINCE-DEBT-SHANDONG-2024,A1,extracted,true,法定债务四个分项保持独立；缺失值保留 null。
DEBT-CN-410100-2024-PREFECTURE,CN-410100,2024,2024-12-31,prefecture_whole,1636.13,1614.10,2362.03,2324.73,3998.16,3938.82,official_debt,SRC-PROVINCE-DEBT-HENAN-2024,A1,extracted,true,法定债务四个分项保持独立；缺失值保留 null。
DEBT-CN-410200-2024-PREFECTURE,CN-410200,2024,2024-12-31,prefecture_whole,199.19,196.86,672.93,665.92,872.12,862.78,official_debt,SRC-PROVINCE-DEBT-HENAN-2024,A1,extracted,true,法定债务四个分项保持独立；缺失值保留 null。
DEBT-CN-410300-2024-PREFECTURE,CN-410300,2024,2024-12-31,prefecture_whole,388.07,381.49,1176.46,1167.96,1564.53,1549.45,official_debt,SRC-PROVINCE-DEBT-HENAN-2024,A1,extracted,true,法定债务四个分项保持独立；缺失值保留 null。
DEBT-CN-410400-2024-PREFECTURE,CN-410400,2024,2024-12-31,prefecture_whole,268.54,267.60,687.72,679.59,956.25,947.19,official_debt,SRC-PROVINCE-DEBT-HENAN-2024,A1,extracted,true,法定债务四个分项保持独立；缺失值保留 null。
DEBT-CN-410500-2024-PREFECTURE,CN-410500,2024,2024-12-31,prefecture_whole,193.71,191.94,634.50,626.28,828.21,818.22,official_debt,SRC-PROVINCE-DEBT-HENAN-2024,A1,extracted,true,法定债务四个分项保持独立；缺失值保留 null。
DEBT-CN-410600-2024-PREFECTURE,CN-410600,2024,2024-12-31,prefecture_whole,91.79,90.31,397.77,393.99,489.56,484.30,official_debt,SRC-PROVINCE-DEBT-HENAN-2024,A1,extracted,true,法定债务四个分项保持独立；缺失值保留 null。
DEBT-CN-410700-2024-PREFECTURE,CN-410700,2024,2024-12-31,prefecture_whole,246.09,244.12,636.97,627.03,883.07,871.15,official_debt,SRC-PROVINCE-DEBT-HENAN-2024,A1,extracted,true,法定债务四个分项保持独立；缺失值保留 null。
DEBT-CN-410800-2024-PREFECTURE,CN-410800,2024,2024-12-31,prefecture_whole,156.56,155.00,525.69,522.87,682.25,677.87,official_debt,SRC-PROVINCE-DEBT-HENAN-2024,A1,extracted,true,法定债务四个分项保持独立；缺失值保留 null。
DEBT-CN-410900-2024-PREFECTURE,CN-410900,2024,2024-12-31,prefecture_whole,183.93,183.17,586.47,579.34,770.39,762.51,official_debt,SRC-PROVINCE-DEBT-HENAN-2024,A1,extracted,true,法定债务四个分项保持独立；缺失值保留 null。
DEBT-CN-411000-2024-PREFECTURE,CN-411000,2024,2024-12-31,prefecture_whole,193.91,190.90,809.60,801.44,1003.51,992.34,official_debt,SRC-PROVINCE-DEBT-HENAN-2024,A1,extracted,true,法定债务四个分项保持独立；缺失值保留 null。
DEBT-CN-411100-2024-PREFECTURE,CN-411100,2024,2024-12-31,prefecture_whole,74.00,73.37,476.33,472.12,550.33,545.49,official_debt,SRC-PROVINCE-DEBT-HENAN-2024,A1,extracted,true,法定债务四个分项保持独立；缺失值保留 null。
DEBT-CN-411200-2024-PREFECTURE,CN-411200,2024,2024-12-31,prefecture_whole,121.17,120.84,351.37,347.68,472.53,468.53,official_debt,SRC-PROVINCE-DEBT-HENAN-2024,A1,extracted,true,法定债务四个分项保持独立；缺失值保留 null。
DEBT-CN-411300-2024-PREFECTURE,CN-411300,2024,2024-12-31,prefecture_whole,297.84,295.84,1169.71,1156.35,1467.56,1452.19,official_debt,SRC-PROVINCE-DEBT-HENAN-2024,A1,extracted,true,法定债务四个分项保持独立；缺失值保留 null。
DEBT-CN-411400-2024-PREFECTURE,CN-411400,2024,2024-12-31,prefecture_whole,253.23,251.08,1150.74,1144.20,1403.97,1395.28,official_debt,SRC-PROVINCE-DEBT-HENAN-2024,A1,extracted,true,法定债务四个分项保持独立；缺失值保留 null。
DEBT-CN-411500-2024-PREFECTURE,CN-411500,2024,2024-12-31,prefecture_whole,185.07,182.14,1000.66,990.04,1185.73,1172.18,official_debt,SRC-PROVINCE-DEBT-HENAN-2024,A1,extracted,true,法定债务四个分项保持独立；缺失值保留 null。
DEBT-CN-411600-2024-PREFECTURE,CN-411600,2024,2024-12-31,prefecture_whole,250.90,247.49,989.96,980.01,1240.86,1227.50,official_debt,SRC-PROVINCE-DEBT-HENAN-2024,A1,extracted,true,法定债务四个分项保持独立；缺失值保留 null。
DEBT-CN-411700-2024-PREFECTURE,CN-411700,2024,2024-12-31,prefecture_whole,227.95,226.61,924.44,915.69,1152.39,1142.30,official_debt,SRC-PROVINCE-DEBT-HENAN-2024,A1,extracted,true,法定债务四个分项保持独立；缺失值保留 null。
DEBT-CN-419000-2024-PREFECTURE,CN-419000,2024,2024-12-31,prefecture_whole,,,,,,180.09,secondary_debt,SRC-SECONDARY-DEBT-HENAN-DIRECT-COUNTY-2024,B2,needs_review,true,法定债务四个分项保持独立；缺失值保留 null。
DEBT-CN-420100-2024-PREFECTURE,CN-420100,2024,2024-12-31,prefecture_whole,2140.39,2044.64,6820.04,5761.76,8960.43,7806.40,official_debt,SRC-CITY-DEBT-HUBEI-WUHAN-2024,A1,extracted,true,法定债务四个分项保持独立；缺失值保留 null。
DEBT-CN-420200-2024-PREFECTURE,CN-420200,2024,2024-12-31,prefecture_whole,239.80,197.99,584.99,445.65,824.80,643.64,official_debt,SRC-CITY-DEBT-HUBEI-HUANGSHI-2024,A1,extracted,true,法定债务四个分项保持独立；缺失值保留 null。
DEBT-CN-420300-2024-PREFECTURE,CN-420300,2024,2024-12-31,prefecture_whole,,,,,,2024.00,secondary_debt,SRC-SECONDARY-DEBT-HUBEI-REGION-2024-SHIYAN,B2,needs_review,true,法定债务四个分项保持独立；缺失值保留 null。
DEBT-CN-420500-2024-PREFECTURE,CN-420500,2024,2024-12-31,prefecture_whole,158.79,149.98,810.79,748.51,969.59,898.49,official_debt,SRC-CITY-DEBT-HUBEI-YICHANG-2024,A1,extracted,true,法定债务四个分项保持独立；缺失值保留 null。
DEBT-CN-420600-2024-PREFECTURE,CN-420600,2024,2024-12-31,prefecture_whole,,,,,,2024.00,secondary_debt,SRC-SECONDARY-DEBT-HUBEI-REGION-2024-XIANGYANG,B2,needs_review,true,法定债务四个分项保持独立；缺失值保留 null。
DEBT-CN-420700-2024-PREFECTURE,CN-420700,2024,2024-12-31,prefecture_whole,111.74,103.48,495.13,484.13,606.87,587.61,official_debt,SRC-CITY-DEBT-HUBEI-EZHOU-2024,A1,extracted,true,法定债务四个分项保持独立；缺失值保留 null。
DEBT-CN-420800-2024-PREFECTURE,CN-420800,2024,2024-12-31,prefecture_whole,,,,,,2024.00,secondary_debt,SRC-SECONDARY-DEBT-HUBEI-REGION-2024-JINGMEN,B2,needs_review,true,法定债务四个分项保持独立；缺失值保留 null。
DEBT-CN-420900-2024-PREFECTURE,CN-420900,2024,2024-12-31,prefecture_whole,,,,,,2024.00,secondary_debt,SRC-SECONDARY-DEBT-HUBEI-REGION-2024-XIAOGAN,B2,needs_review,true,法定债务四个分项保持独立；缺失值保留 null。
DEBT-CN-421000-2024-PREFECTURE,CN-421000,2024,2024-12-31,prefecture_whole,,,,,,2024.00,secondary_debt,SRC-SECONDARY-DEBT-HUBEI-REGION-2024-JINGZHOU,B2,needs_review,true,法定债务四个分项保持独立；缺失值保留 null。
DEBT-CN-421100-2024-PREFECTURE,CN-421100,2024,2024-12-31,prefecture_whole,,,,,,890.43,secondary_debt,SRC-SECONDARY-DEBT-HUBEI-REGION-2024-HUANGGANG,B2,needs_review,true,法定债务四个分项保持独立；缺失值保留 null。
DEBT-CN-421200-2024-PREFECTURE,CN-421200,2024,2024-12-31,prefecture_whole,,,,,,2024.00,secondary_debt,SRC-SECONDARY-DEBT-HUBEI-REGION-2024-XIANNING,B2,needs_review,true,法定债务四个分项保持独立；缺失值保留 null。
DEBT-CN-421300-2024-PREFECTURE,CN-421300,2024,2024-12-31,prefecture_whole,,,,,,308.18,secondary_debt,SRC-SECONDARY-DEBT-HUBEI-REGION-2024-SUIZHOU,B2,needs_review,true,法定债务四个分项保持独立；缺失值保留 null。
DEBT-CN-422800-2024-PREFECTURE,CN-422800,2024,2024-12-31,prefecture_whole,,,,,,830.78,secondary_debt,SRC-SECONDARY-DEBT-HUBEI-REGION-2024-ENSHI,B2,needs_review,true,法定债务四个分项保持独立；缺失值保留 null。
DEBT-CN-429000-2024-PREFECTURE,CN-429000,2024,2024-12-31,prefecture_whole,,,,,,520.91,secondary_debt,SRC-SECONDARY-DEBT-HUBEI-2024-DIRECT-AGG,B2,needs_review,true,法定债务四个分项保持独立；缺失值保留 null。
DEBT-CN-430100-2024-PREFECTURE,CN-430100,2024,2024-12-31,prefecture_whole,775.70,774.46,2473.27,2437.13,3248.98,3211.59,official_debt,SRC-PROVINCE-DEBT-HUNAN-2024,A1,extracted,true,法定债务四个分项保持独立；缺失值保留 null。
DEBT-CN-430200-2024-PREFECTURE,CN-430200,2024,2024-12-31,prefecture_whole,425.08,420.61,1030.72,1023.25,1455.80,1443.86,official_debt,SRC-PROVINCE-DEBT-HUNAN-2024,A1,extracted,true,法定债务四个分项保持独立；缺失值保留 null。
DEBT-CN-430300-2024-PREFECTURE,CN-430300,2024,2024-12-31,prefecture_whole,852.26,848.78,1238.65,1236.96,2090.92,2085.74,official_debt,SRC-PROVINCE-DEBT-HUNAN-2024,A1,extracted,true,法定债务四个分项保持独立；缺失值保留 null。
DEBT-CN-430400-2024-PREFECTURE,CN-430400,2024,2024-12-31,prefecture_whole,484.85,482.83,967.02,961.20,1451.87,1444.03,official_debt,SRC-PROVINCE-DEBT-HUNAN-2024,A1,extracted,true,法定债务四个分项保持独立；缺失值保留 null。
DEBT-CN-430500-2024-PREFECTURE,CN-430500,2024,2024-12-31,prefecture_whole,403.86,399.90,794.15,787.66,1198.01,1187.56,official_debt,SRC-PROVINCE-DEBT-HUNAN-2024,A1,extracted,true,法定债务四个分项保持独立；缺失值保留 null。
DEBT-CN-430600-2024-PREFECTURE,CN-430600,2024,2024-12-31,prefecture_whole,425.02,421.64,922.02,906.33,1347.04,1327.97,official_debt,SRC-PROVINCE-DEBT-HUNAN-2024,A1,extracted,true,法定债务四个分项保持独立；缺失值保留 null。
DEBT-CN-430700-2024-PREFECTURE,CN-430700,2024,2024-12-31,prefecture_whole,558.94,556.54,833.42,825.62,1392.36,1382.17,official_debt,SRC-PROVINCE-DEBT-HUNAN-2024,A1,extracted,true,法定债务四个分项保持独立；缺失值保留 null。
DEBT-CN-430800-2024-PREFECTURE,CN-430800,2024,2024-12-31,prefecture_whole,188.25,188.17,363.08,359.31,551.33,547.47,official_debt,SRC-PROVINCE-DEBT-HUNAN-2024,A1,extracted,true,法定债务四个分项保持独立；缺失值保留 null。
DEBT-CN-430900-2024-PREFECTURE,CN-430900,2024,2024-12-31,prefecture_whole,288.03,286.73,519.86,515.38,807.89,802.11,official_debt,SRC-PROVINCE-DEBT-HUNAN-2024,A1,extracted,true,法定债务四个分项保持独立；缺失值保留 null。
DEBT-CN-431000-2024-PREFECTURE,CN-431000,2024,2024-12-31,prefecture_whole,633.13,627.85,771.09,763.10,1404.22,1390.95,official_debt,SRC-PROVINCE-DEBT-HUNAN-2024,A1,extracted,true,法定债务四个分项保持独立；缺失值保留 null。
DEBT-CN-431100-2024-PREFECTURE,CN-431100,2024,2024-12-31,prefecture_whole,406.40,402.99,747.58,744.60,1153.98,1147.59,official_debt,SRC-PROVINCE-DEBT-HUNAN-2024,A1,extracted,true,法定债务四个分项保持独立；缺失值保留 null。
DEBT-CN-431200-2024-PREFECTURE,CN-431200,2024,2024-12-31,prefecture_whole,428.43,427.41,729.45,720.23,1157.88,1147.63,official_debt,SRC-PROVINCE-DEBT-HUNAN-2024,A1,extracted,true,法定债务四个分项保持独立；缺失值保留 null。
DEBT-CN-431300-2024-PREFECTURE,CN-431300,2024,2024-12-31,prefecture_whole,348.57,346.34,467.07,464.62,815.64,810.96,official_debt,SRC-PROVINCE-DEBT-HUNAN-2024,A1,extracted,true,法定债务四个分项保持独立；缺失值保留 null。
DEBT-CN-433100-2024-PREFECTURE,CN-433100,2024,2024-12-31,prefecture_whole,295.00,291.90,374.74,371.13,669.74,663.03,official_debt,SRC-PROVINCE-DEBT-HUNAN-2024,A1,extracted,true,法定债务四个分项保持独立；缺失值保留 null。
DEBT-CN-440100-2024-PREFECTURE,CN-440100,2024,2024-12-31,prefecture_whole,935.82,932.92,5677.91,5549.92,6613.73,6482.84,official_debt,SRC-GD-YEARBOOK-2025;SRC-GD-DEBT-2024-FINAL;SRC-PROVINCE-DEBT-GUANGDONG-2024,A1,extracted,true,法定债务四个分项保持独立；缺失值保留 null。
DEBT-CN-440200-2024-PREFECTURE,CN-440200,2024,2024-12-31,prefecture_whole,266.10,265.03,562.89,560.54,828.99,825.57,official_debt,SRC-GD-YEARBOOK-2025;SRC-GD-DEBT-2024-FINAL;SRC-PROVINCE-DEBT-GUANGDONG-2024,A1,extracted,true,法定债务四个分项保持独立；缺失值保留 null。
DEBT-CN-440300-2024-PREFECTURE,CN-440300,2024,2024-12-31,prefecture_whole,197.71,150.13,3332.47,3299.68,3530.18,3449.81,official_debt,SRC-GD-YEARBOOK-2025;SRC-GD-DEBT-2024-FINAL;SRC-PROVINCE-DEBT-GUANGDONG-2024,A1,extracted,true,法定债务四个分项保持独立；缺失值保留 null。
DEBT-CN-440400-2024-PREFECTURE,CN-440400,2024,2024-12-31,prefecture_whole,339.98,336.86,1186.66,1183.06,1526.64,1519.92,official_debt,SRC-GD-YEARBOOK-2025;SRC-GD-DEBT-2024-FINAL;SRC-PROVINCE-DEBT-GUANGDONG-2024,A1,extracted,true,法定债务四个分项保持独立；缺失值保留 null。
DEBT-CN-440500-2024-PREFECTURE,CN-440500,2024,2024-12-31,prefecture_whole,202.96,201.23,1007.40,1006.14,1210.36,1207.37,official_debt,SRC-GD-YEARBOOK-2025;SRC-GD-DEBT-2024-FINAL;SRC-PROVINCE-DEBT-GUANGDONG-2024,A1,extracted,true,法定债务四个分项保持独立；缺失值保留 null。
DEBT-CN-440600-2024-PREFECTURE,CN-440600,2024,2024-12-31,prefecture_whole,406.45,406.19,2752.15,2730.58,3158.60,3136.77,official_debt,SRC-GD-YEARBOOK-2025;SRC-GD-DEBT-2024-FINAL;SRC-PROVINCE-DEBT-GUANGDONG-2024,A1,extracted,true,法定债务四个分项保持独立；缺失值保留 null。
DEBT-CN-440700-2024-PREFECTURE,CN-440700,2024,2024-12-31,prefecture_whole,322.97,322.42,940.58,937.98,1263.55,1260.40,official_debt,SRC-GD-YEARBOOK-2025;SRC-GD-DEBT-2024-FINAL;SRC-PROVINCE-DEBT-GUANGDONG-2024,A1,extracted,true,法定债务四个分项保持独立；缺失值保留 null。
DEBT-CN-440800-2024-PREFECTURE,CN-440800,2024,2024-12-31,prefecture_whole,301.26,299.88,985.56,984.34,1286.82,1284.22,official_debt,SRC-GD-YEARBOOK-2025;SRC-GD-DEBT-2024-FINAL;SRC-PROVINCE-DEBT-GUANGDONG-2024,A1,extracted,true,法定债务四个分项保持独立；缺失值保留 null。
DEBT-CN-440900-2024-PREFECTURE,CN-440900,2024,2024-12-31,prefecture_whole,242.38,239.32,769.21,766.29,1011.59,1005.61,official_debt,SRC-GD-YEARBOOK-2025;SRC-GD-DEBT-2024-FINAL;SRC-PROVINCE-DEBT-GUANGDONG-2024,A1,extracted,true,法定债务四个分项保持独立；缺失值保留 null。
DEBT-CN-441200-2024-PREFECTURE,CN-441200,2024,2024-12-31,prefecture_whole,260.93,260.51,1027.60,1026.04,1288.53,1286.56,official_debt,SRC-GD-YEARBOOK-2025;SRC-GD-DEBT-2024-FINAL;SRC-PROVINCE-DEBT-GUANGDONG-2024,A1,extracted,true,法定债务四个分项保持独立；缺失值保留 null。
DEBT-CN-441300-2024-PREFECTURE,CN-441300,2024,2024-12-31,prefecture_whole,440.60,439.86,1073.28,1068.55,1513.88,1508.40,official_debt,SRC-GD-YEARBOOK-2025;SRC-GD-DEBT-2024-FINAL;SRC-PROVINCE-DEBT-GUANGDONG-2024,A1,extracted,true,法定债务四个分项保持独立；缺失值保留 null。
DEBT-CN-441400-2024-PREFECTURE,CN-441400,2024,2024-12-31,prefecture_whole,374.89,374.50,561.69,561.10,936.58,935.60,official_debt,SRC-GD-YEARBOOK-2025;SRC-GD-DEBT-2024-FINAL;SRC-PROVINCE-DEBT-GUANGDONG-2024,A1,extracted,true,法定债务四个分项保持独立；缺失值保留 null。
DEBT-CN-441500-2024-PREFECTURE,CN-441500,2024,2024-12-31,prefecture_whole,137.63,137.17,572.80,570.73,710.43,707.91,official_debt,SRC-GD-YEARBOOK-2025;SRC-GD-DEBT-2024-FINAL;SRC-PROVINCE-DEBT-GUANGDONG-2024,A1,extracted,true,法定债务四个分项保持独立；缺失值保留 null。
DEBT-CN-441600-2024-PREFECTURE,CN-441600,2024,2024-12-31,prefecture_whole,275.27,275.21,477.74,477.03,753.01,752.24,official_debt,SRC-GD-YEARBOOK-2025;SRC-GD-DEBT-2024-FINAL;SRC-PROVINCE-DEBT-GUANGDONG-2024,A1,extracted,true,法定债务四个分项保持独立；缺失值保留 null。
DEBT-CN-441700-2024-PREFECTURE,CN-441700,2024,2024-12-31,prefecture_whole,191.36,190.58,383.11,382.00,574.47,572.58,official_debt,SRC-GD-YEARBOOK-2025;SRC-GD-DEBT-2024-FINAL;SRC-PROVINCE-DEBT-GUANGDONG-2024,A1,extracted,true,法定债务四个分项保持独立；缺失值保留 null。
DEBT-CN-441800-2024-PREFECTURE,CN-441800,2024,2024-12-31,prefecture_whole,230.67,230.01,875.33,867.43,1106.00,1097.44,official_debt,SRC-GD-YEARBOOK-2025;SRC-GD-DEBT-2024-FINAL;SRC-PROVINCE-DEBT-GUANGDONG-2024,A1,extracted,true,法定债务四个分项保持独立；缺失值保留 null。
DEBT-CN-441900-2024-PREFECTURE,CN-441900,2024,2024-12-31,prefecture_whole,520.87,519.35,1475.66,1470.24,1996.53,1989.59,official_debt,SRC-GD-YEARBOOK-2025;SRC-GD-DEBT-2024-FINAL;SRC-PROVINCE-DEBT-GUANGDONG-2024,A1,extracted,true,法定债务四个分项保持独立；缺失值保留 null。
DEBT-CN-442000-2024-PREFECTURE,CN-442000,2024,2024-12-31,prefecture_whole,84.60,84.57,1013.18,1011.17,1097.78,1095.74,official_debt,SRC-GD-YEARBOOK-2025;SRC-GD-DEBT-2024-FINAL;SRC-PROVINCE-DEBT-GUANGDONG-2024,A1,extracted,true,法定债务四个分项保持独立；缺失值保留 null。
DEBT-CN-445100-2024-PREFECTURE,CN-445100,2024,2024-12-31,prefecture_whole,188.31,187.81,290.74,290.54,479.05,478.35,official_debt,SRC-GD-YEARBOOK-2025;SRC-GD-DEBT-2024-FINAL;SRC-PROVINCE-DEBT-GUANGDONG-2024,A1,extracted,true,法定债务四个分项保持独立；缺失值保留 null。
DEBT-CN-445200-2024-PREFECTURE,CN-445200,2024,2024-12-31,prefecture_whole,185.86,185.24,403.91,403.62,589.77,588.86,official_debt,SRC-GD-YEARBOOK-2025;SRC-GD-DEBT-2024-FINAL;SRC-PROVINCE-DEBT-GUANGDONG-2024,A1,extracted,true,法定债务四个分项保持独立；缺失值保留 null。
DEBT-CN-445300-2024-PREFECTURE,CN-445300,2024,2024-12-31,prefecture_whole,214.17,213.89,385.12,384.62,599.29,598.51,official_debt,SRC-GD-YEARBOOK-2025;SRC-GD-DEBT-2024-FINAL;SRC-PROVINCE-DEBT-GUANGDONG-2024,A1,extracted,true,法定债务四个分项保持独立；缺失值保留 null。
DEBT-CN-450100-2024-PREFECTURE,CN-450100,2024,2024-12-31,prefecture_whole,,1631.48,,652.70,,2284.18,secondary_debt,SRC-SECONDARY-DEBT-GUANGXI-NANNING-2024,B2,needs_review,true,法定债务四个分项保持独立；缺失值保留 null。
DEBT-CN-450200-2024-PREFECTURE,CN-450200,2024,2024-12-31,prefecture_whole,,1042.72,,271.03,,1313.75,official_debt,SRC-CITY-DEBT-GUANGXI-LIUZHOU-2024,A1,extracted,true,法定债务四个分项保持独立；缺失值保留 null。
DEBT-CN-450300-2024-PREFECTURE,CN-450300,2024,2024-12-31,prefecture_whole,,,,,,925.43,secondary_debt,SRC-SECONDARY-DEBT-GUANGXI-GUILIN-2024,B2,needs_review,true,法定债务四个分项保持独立；缺失值保留 null。
DEBT-CN-450400-2024-PREFECTURE,CN-450400,2024,2024-12-31,prefecture_whole,,,,,,606.26,secondary_debt,SRC-SECONDARY-CEIC-CN-450400,D,needs_review,true,法定债务四个分项保持独立；缺失值保留 null。
DEBT-CN-450500-2024-PREFECTURE,CN-450500,2024,2024-12-31,prefecture_whole,,,,,,396.06,secondary_debt,SRC-SECONDARY-CEIC-CN-450500,D,needs_review,true,法定债务四个分项保持独立；缺失值保留 null。
DEBT-CN-450600-2024-PREFECTURE,CN-450600,2024,2024-12-31,prefecture_whole,146.00,141.10,201.80,199.60,347.80,340.70,official_debt,SRC-CITY-DEBT-GUANGXI-FANGCHENGGANG-2024,A1,extracted,true,法定债务四个分项保持独立；缺失值保留 null。
DEBT-CN-450700-2024-PREFECTURE,CN-450700,2024,2024-12-31,prefecture_whole,264.59,258.92,468.32,464.18,732.91,723.10,official_debt,SRC-CITY-DEBT-GUANGXI-QINZHOU-2024,A1,extracted,true,法定债务四个分项保持独立；缺失值保留 null。
DEBT-CN-450800-2024-PREFECTURE,CN-450800,2024,2024-12-31,prefecture_whole,,,,,,2024.00,secondary_debt,SRC-SECONDARY-DEBT-GUANGXI-GUIGANG-2024,B2,needs_review,true,法定债务四个分项保持独立；缺失值保留 null。
DEBT-CN-450900-2024-PREFECTURE,CN-450900,2024,2024-12-31,prefecture_whole,,,,,,,not_collected,,,missing,false,法定债务四个分项保持独立；缺失值保留 null。
DEBT-CN-451000-2024-PREFECTURE,CN-451000,2024,2024-12-31,prefecture_whole,,,,,,2024.00,secondary_debt,SRC-SECONDARY-DEBT-GUANGXI-BAISE-2024,B2,needs_review,true,法定债务四个分项保持独立；缺失值保留 null。
DEBT-CN-451100-2024-PREFECTURE,CN-451100,2024,2024-12-31,prefecture_whole,,163.40,,264.06,,427.46,official_debt,SRC-OFFICIAL-DEBT-GUANGXI-HEZHOU-2024,A2,extracted,true,法定债务四个分项保持独立；缺失值保留 null。
DEBT-CN-451200-2024-PREFECTURE,CN-451200,2024,2024-12-31,prefecture_whole,,,,,,560.87,secondary_debt,SRC-SECONDARY-DEBT-GUANGXI-HECHI-2024,B2,needs_review,true,法定债务四个分项保持独立；缺失值保留 null。
DEBT-CN-451300-2024-PREFECTURE,CN-451300,2024,2024-12-31,prefecture_whole,,274.26,,270.47,,544.73,official_debt,SRC-OFFICIAL-DEBT-GUANGXI-LAIBIN-2024,A2,extracted,true,法定债务四个分项保持独立；缺失值保留 null。
DEBT-CN-451400-2024-PREFECTURE,CN-451400,2024,2024-12-31,prefecture_whole,,,,,,2024.00,secondary_debt,SRC-SECONDARY-DEBT-GUANGXI-CHONGZUO-2024,B2,needs_review,true,法定债务四个分项保持独立；缺失值保留 null。
DEBT-CN-460100-2024-PREFECTURE,CN-460100,2024,2024-12-31,prefecture_whole,,,,,,2024.00,secondary_debt,SRC-CITY-DEBT-HAINAN-HAIKOU-2024,C,needs_review,true,法定债务四个分项保持独立；缺失值保留 null。
DEBT-CN-460200-2024-PREFECTURE,CN-460200,2024,2024-12-31,prefecture_whole,,,,,,747.00,official_debt,SRC-CITY-DEBT-HAINAN-SANYA-2024,A2,extracted,true,法定债务四个分项保持独立；缺失值保留 null。
DEBT-CN-460300-2024-PREFECTURE,CN-460300,2024,2024-12-31,prefecture_whole,,,,,,,not_collected,,,missing,false,法定债务四个分项保持独立；缺失值保留 null。
DEBT-CN-460400-2024-PREFECTURE,CN-460400,2024,2024-12-31,prefecture_whole,110.99,108.85,256.95,255.40,367.94,364.25,official_debt,SRC-OFFICIAL-DEBT-HAINAN-DANZHOU-2024,A2,extracted,true,法定债务四个分项保持独立；缺失值保留 null。
DEBT-CN-469000-2024-PREFECTURE,CN-469000,2024,2024-12-31,prefecture_whole,,,,,,,not_collected,,,missing,false,法定债务四个分项保持独立；缺失值保留 null。
DEBT-CN-500000-2024-PREFECTURE,CN-500000,2024,2024-12-31,prefecture_whole,3912.00,3856.00,12079.00,10569.00,15991.00,14425.00,official_debt,SRC-PROVINCE-DEBT-CHONGQING-2024,A1,extracted,true,法定债务四个分项保持独立；缺失值保留 null。
DEBT-CN-510100-2024-PREFECTURE,CN-510100,2024,2024-12-31,prefecture_whole,1424.20,1374.80,5871.40,4831.80,7295.60,6206.60,official_debt,SRC-PROVINCE-DEBT-SICHUAN-2024,A1,extracted,true,法定债务四个分项保持独立；缺失值保留 null。
DEBT-CN-510300-2024-PREFECTURE,CN-510300,2024,2024-12-31,prefecture_whole,230.70,227.40,723.50,647.90,954.30,875.40,official_debt,SRC-PROVINCE-DEBT-SICHUAN-2024,A1,extracted,true,法定债务四个分项保持独立；缺失值保留 null。
DEBT-CN-510400-2024-PREFECTURE,CN-510400,2024,2024-12-31,prefecture_whole,154.10,149.30,257.10,187.10,411.20,336.40,official_debt,SRC-PROVINCE-DEBT-SICHUAN-2024,A1,extracted,true,法定债务四个分项保持独立；缺失值保留 null。
DEBT-CN-510500-2024-PREFECTURE,CN-510500,2024,2024-12-31,prefecture_whole,308.60,305.30,974.90,866.00,1283.50,1171.30,official_debt,SRC-PROVINCE-DEBT-SICHUAN-2024,A1,extracted,true,法定债务四个分项保持独立；缺失值保留 null。
DEBT-CN-510600-2024-PREFECTURE,CN-510600,2024,2024-12-31,prefecture_whole,184.00,182.40,828.20,748.90,1012.20,931.40,official_debt,SRC-PROVINCE-DEBT-SICHUAN-2024,A1,extracted,true,法定债务四个分项保持独立；缺失值保留 null。
DEBT-CN-510700-2024-PREFECTURE,CN-510700,2024,2024-12-31,prefecture_whole,378.30,372.00,1048.10,925.00,1426.40,1297.00,official_debt,SRC-PROVINCE-DEBT-SICHUAN-2024,A1,extracted,true,法定债务四个分项保持独立；缺失值保留 null。
DEBT-CN-510800-2024-PREFECTURE,CN-510800,2024,2024-12-31,prefecture_whole,266.00,260.10,454.00,399.30,720.00,659.40,official_debt,SRC-PROVINCE-DEBT-SICHUAN-2024,A1,extracted,true,法定债务四个分项保持独立；缺失值保留 null。
DEBT-CN-510900-2024-PREFECTURE,CN-510900,2024,2024-12-31,prefecture_whole,232.80,229.00,747.70,667.90,980.50,896.90,official_debt,SRC-PROVINCE-DEBT-SICHUAN-2024,A1,extracted,true,法定债务四个分项保持独立；缺失值保留 null。
DEBT-CN-511000-2024-PREFECTURE,CN-511000,2024,2024-12-31,prefecture_whole,350.50,342.10,598.20,502.40,948.70,844.40,official_debt,SRC-PROVINCE-DEBT-SICHUAN-2024,A1,extracted,true,法定债务四个分项保持独立；缺失值保留 null。
DEBT-CN-511100-2024-PREFECTURE,CN-511100,2024,2024-12-31,prefecture_whole,257.50,251.70,780.10,667.80,1037.60,919.60,official_debt,SRC-PROVINCE-DEBT-SICHUAN-2024,A1,extracted,true,法定债务四个分项保持独立；缺失值保留 null。
DEBT-CN-511300-2024-PREFECTURE,CN-511300,2024,2024-12-31,prefecture_whole,418.50,412.30,1021.60,899.40,1440.10,1311.70,official_debt,SRC-PROVINCE-DEBT-SICHUAN-2024,A1,extracted,true,法定债务四个分项保持独立；缺失值保留 null。
DEBT-CN-511400-2024-PREFECTURE,CN-511400,2024,2024-12-31,prefecture_whole,235.40,228.00,710.10,616.60,945.50,844.60,official_debt,SRC-PROVINCE-DEBT-SICHUAN-2024,A1,extracted,true,法定债务四个分项保持独立；缺失值保留 null。
DEBT-CN-511500-2024-PREFECTURE,CN-511500,2024,2024-12-31,prefecture_whole,355.70,352.60,1083.50,995.70,1439.30,1348.20,official_debt,SRC-PROVINCE-DEBT-SICHUAN-2024,A1,extracted,true,法定债务四个分项保持独立；缺失值保留 null。
DEBT-CN-511600-2024-PREFECTURE,CN-511600,2024,2024-12-31,prefecture_whole,255.70,251.10,613.90,561.10,869.60,812.20,official_debt,SRC-PROVINCE-DEBT-SICHUAN-2024,A1,extracted,true,法定债务四个分项保持独立；缺失值保留 null。
DEBT-CN-511700-2024-PREFECTURE,CN-511700,2024,2024-12-31,prefecture_whole,412.90,405.50,923.00,802.30,1335.90,1207.70,official_debt,SRC-PROVINCE-DEBT-SICHUAN-2024,A1,extracted,true,法定债务四个分项保持独立；缺失值保留 null。
DEBT-CN-511800-2024-PREFECTURE,CN-511800,2024,2024-12-31,prefecture_whole,121.90,115.50,356.90,325.20,478.90,440.70,official_debt,SRC-PROVINCE-DEBT-SICHUAN-2024,A1,extracted,true,法定债务四个分项保持独立；缺失值保留 null。
DEBT-CN-511900-2024-PREFECTURE,CN-511900,2024,2024-12-31,prefecture_whole,417.80,416.00,645.00,535.40,1062.80,951.30,official_debt,SRC-PROVINCE-DEBT-SICHUAN-2024,A1,extracted,true,法定债务四个分项保持独立；缺失值保留 null。
DEBT-CN-512000-2024-PREFECTURE,CN-512000,2024,2024-12-31,prefecture_whole,285.80,278.10,446.70,391.50,732.50,669.60,official_debt,SRC-PROVINCE-DEBT-SICHUAN-2024,A1,extracted,true,法定债务四个分项保持独立；缺失值保留 null。
DEBT-CN-513200-2024-PREFECTURE,CN-513200,2024,2024-12-31,prefecture_whole,100.00,92.00,78.30,77.90,178.20,169.90,official_debt,SRC-PROVINCE-DEBT-SICHUAN-2024,A1,extracted,true,法定债务四个分项保持独立；缺失值保留 null。
DEBT-CN-513300-2024-PREFECTURE,CN-513300,2024,2024-12-31,prefecture_whole,112.50,109.20,51.50,48.30,163.90,157.40,official_debt,SRC-PROVINCE-DEBT-SICHUAN-2024,A1,extracted,true,法定债务四个分项保持独立；缺失值保留 null。
DEBT-CN-513400-2024-PREFECTURE,CN-513400,2024,2024-12-31,prefecture_whole,350.60,343.50,298.60,227.30,649.20,570.70,official_debt,SRC-PROVINCE-DEBT-SICHUAN-2024,A1,extracted,true,法定债务四个分项保持独立；缺失值保留 null。
DEBT-CN-520100-2024-PREFECTURE,CN-520100,2024,2024-12-31,prefecture_whole,812.35,803.43,2986.99,2966.05,3799.34,3769.48,official_debt,SRC-PROVINCE-DEBT-GUIZHOU-2024,A1,extracted,true,法定债务四个分项保持独立；缺失值保留 null。
DEBT-CN-520200-2024-PREFECTURE,CN-520200,2024,2024-12-31,prefecture_whole,682.82,676.01,456.97,455.77,1139.79,1131.78,official_debt,SRC-PROVINCE-DEBT-GUIZHOU-2024,A1,extracted,true,法定债务四个分项保持独立；缺失值保留 null。
DEBT-CN-520300-2024-PREFECTURE,CN-520300,2024,2024-12-31,prefecture_whole,1603.88,1594.11,1197.65,1194.29,2801.53,2788.40,official_debt,SRC-PROVINCE-DEBT-GUIZHOU-2024,A1,extracted,true,法定债务四个分项保持独立；缺失值保留 null。
DEBT-CN-520400-2024-PREFECTURE,CN-520400,2024,2024-12-31,prefecture_whole,423.45,419.97,423.28,421.74,846.73,841.71,official_debt,SRC-PROVINCE-DEBT-GUIZHOU-2024,A1,extracted,true,法定债务四个分项保持独立；缺失值保留 null。
DEBT-CN-520500-2024-PREFECTURE,CN-520500,2024,2024-12-31,prefecture_whole,968.60,956.36,648.85,647.02,1617.45,1603.38,official_debt,SRC-PROVINCE-DEBT-GUIZHOU-2024,A1,extracted,true,法定债务四个分项保持独立；缺失值保留 null。
DEBT-CN-520600-2024-PREFECTURE,CN-520600,2024,2024-12-31,prefecture_whole,818.21,811.13,612.32,611.75,1430.53,1422.88,official_debt,SRC-PROVINCE-DEBT-GUIZHOU-2024,A1,extracted,true,法定债务四个分项保持独立；缺失值保留 null。
DEBT-CN-522300-2024-PREFECTURE,CN-522300,2024,2024-12-31,prefecture_whole,605.79,600.90,518.17,516.91,1123.96,1117.81,official_debt,SRC-PROVINCE-DEBT-GUIZHOU-2024,A1,extracted,true,法定债务四个分项保持独立；缺失值保留 null。
DEBT-CN-522600-2024-PREFECTURE,CN-522600,2024,2024-12-31,prefecture_whole,508.69,483.66,522.29,520.94,1030.98,1004.60,official_debt,SRC-PROVINCE-DEBT-GUIZHOU-2024,A1,extracted,true,法定债务四个分项保持独立；缺失值保留 null。
DEBT-CN-522700-2024-PREFECTURE,CN-522700,2024,2024-12-31,prefecture_whole,751.37,747.03,827.12,822.60,1578.49,1569.63,official_debt,SRC-PROVINCE-DEBT-GUIZHOU-2024,A1,extracted,true,法定债务四个分项保持独立；缺失值保留 null。
DEBT-CN-530100-2024-PREFECTURE,CN-530100,2024,2024-12-31,prefecture_whole,,2842.04,,758.46,,3600.50,secondary_debt,SRC-SECONDARY-DEBT-YUNNAN-KUNMING-2024,B2,needs_review,true,法定债务四个分项保持独立；缺失值保留 null。
DEBT-CN-530300-2024-PREFECTURE,CN-530300,2024,2024-12-31,prefecture_whole,,,,,,1055.10,secondary_debt,SRC-SECONDARY-CEIC-CN-530300,D,needs_review,true,法定债务四个分项保持独立；缺失值保留 null。
DEBT-CN-530400-2024-PREFECTURE,CN-530400,2024,2024-12-31,prefecture_whole,401.92,382.95,507.87,493.42,909.79,876.37,official_debt,SRC-CITY-DEBT-YUNNAN-YUXI-2024,A1,extracted,true,法定债务四个分项保持独立；缺失值保留 null。
DEBT-CN-530500-2024-PREFECTURE,CN-530500,2024,2024-12-31,prefecture_whole,,293.05,,473.82,,766.87,official_debt,SRC-CITY-DEBT-YUNNAN-BAOSHAN-2024,A2,extracted,true,法定债务四个分项保持独立；缺失值保留 null。
DEBT-CN-530600-2024-PREFECTURE,CN-530600,2024,2024-12-31,prefecture_whole,,,,,,1258.20,secondary_debt,SRC-SECONDARY-CEIC-CN-530600,D,needs_review,true,法定债务四个分项保持独立；缺失值保留 null。
DEBT-CN-530700-2024-PREFECTURE,CN-530700,2024,2024-12-31,prefecture_whole,,,,,,453.03,secondary_debt,SRC-SECONDARY-DEBT-YUNNAN-LIJIANG-2024,B2,needs_review,true,法定债务四个分项保持独立；缺失值保留 null。
DEBT-CN-530800-2024-PREFECTURE,CN-530800,2024,2024-12-31,prefecture_whole,,,,,,,not_collected,,,missing,false,法定债务四个分项保持独立；缺失值保留 null。
DEBT-CN-530900-2024-PREFECTURE,CN-530900,2024,2024-12-31,prefecture_whole,198.18,191.36,397.84,395.75,596.02,587.11,official_debt,SRC-CITY-DEBT-YUNNAN-LINCANG-2024,A1,extracted,true,法定债务四个分项保持独立；缺失值保留 null。
DEBT-CN-532300-2024-PREFECTURE,CN-532300,2024,2024-12-31,prefecture_whole,,,,,,707.08,official_debt,SRC-OFFICIAL-DEBT-YUNNAN-CHUXIONG-2024,A2,extracted,true,法定债务四个分项保持独立；缺失值保留 null。
DEBT-CN-532500-2024-PREFECTURE,CN-532500,2024,2024-12-31,prefecture_whole,280.53,271.73,716.57,710.02,997.10,981.75,official_debt,SRC-CITY-DEBT-YUNNAN-HONGHE-2024,A1,extracted,true,法定债务四个分项保持独立；缺失值保留 null。
DEBT-CN-532600-2024-PREFECTURE,CN-532600,2024,2024-12-31,prefecture_whole,,,,,,,not_collected,,,missing,false,法定债务四个分项保持独立；缺失值保留 null。
DEBT-CN-532800-2024-PREFECTURE,CN-532800,2024,2024-12-31,prefecture_whole,,,,,,,not_collected,,,missing,false,法定债务四个分项保持独立；缺失值保留 null。
DEBT-CN-532900-2024-PREFECTURE,CN-532900,2024,2024-12-31,prefecture_whole,229.79,225.60,617.07,612.27,846.86,837.87,official_debt,SRC-CITY-DEBT-YUNNAN-DALI-2024,A1,extracted,true,法定债务四个分项保持独立；缺失值保留 null。
DEBT-CN-533100-2024-PREFECTURE,CN-533100,2024,2024-12-31,prefecture_whole,,,,,,487.52,secondary_debt,SRC-SECONDARY-DEBT-YUNNAN-DEHONG-2024,B2,needs_review,true,法定债务四个分项保持独立；缺失值保留 null。
DEBT-CN-533300-2024-PREFECTURE,CN-533300,2024,2024-12-31,prefecture_whole,,,,,,,not_collected,,,missing,false,法定债务四个分项保持独立；缺失值保留 null。
DEBT-CN-533400-2024-PREFECTURE,CN-533400,2024,2024-12-31,prefecture_whole,109.33,106.81,88.94,88.47,198.27,195.28,official_debt,SRC-CITY-DEBT-YUNNAN-DIQING-2024,A1,extracted,true,法定债务四个分项保持独立；缺失值保留 null。
DEBT-CN-540100-2024-PREFECTURE,CN-540100,2024,2024-12-31,prefecture_whole,53.17,52.30,87.12,85.26,140.29,137.56,official_debt,SRC-CITY-DEBT-TIBET-LHASA-2024,A1,extracted,true,法定债务四个分项保持独立；缺失值保留 null。
DEBT-CN-540200-2024-PREFECTURE,CN-540200,2024,2024-12-31,prefecture_whole,,,,,,117.35,secondary_debt,SRC-SECONDARY-DEBT-TIBET-2024-TOTALS,B2,needs_review,true,法定债务四个分项保持独立；缺失值保留 null。
DEBT-CN-540300-2024-PREFECTURE,CN-540300,2024,2024-12-31,prefecture_whole,92.85,89.32,20.58,20.58,113.42,109.90,official_debt,SRC-CITY-DEBT-TIBET-CHANGDU-2024,A1,extracted,true,法定债务四个分项保持独立；缺失值保留 null。
DEBT-CN-540400-2024-PREFECTURE,CN-540400,2024,2024-12-31,prefecture_whole,,,,,,55.23,secondary_debt,SRC-SECONDARY-DEBT-TIBET-2024-TOTALS,B2,needs_review,true,法定债务四个分项保持独立；缺失值保留 null。
DEBT-CN-540500-2024-PREFECTURE,CN-540500,2024,2024-12-31,prefecture_whole,50.02,48.34,36.42,35.37,86.44,83.71,official_debt,SRC-CITY-DEBT-TIBET-SHANNAN-2024,A1,extracted,true,法定债务四个分项保持独立；缺失值保留 null。
DEBT-CN-540600-2024-PREFECTURE,CN-540600,2024,2024-12-31,prefecture_whole,,,,,,120.53,secondary_debt,SRC-SECONDARY-DEBT-TIBET-2024-TOTALS,B2,needs_review,true,法定债务四个分项保持独立；缺失值保留 null。
DEBT-CN-542500-2024-PREFECTURE,CN-542500,2024,2024-12-31,prefecture_whole,33.41,32.35,22.32,22.32,55.73,54.68,official_debt,SRC-CITY-DEBT-TIBET-ALI-2024,A1,extracted,true,法定债务四个分项保持独立；缺失值保留 null。
DEBT-CN-610100-2024-PREFECTURE,CN-610100,2024,2024-12-31,prefecture_whole,1222.67,1164.56,3588.24,3479.21,4810.92,4643.76,official_debt,SRC-PROVINCE-DEBT-SHAANXI-2024,A2,extracted,true,法定债务四个分项保持独立；缺失值保留 null。
DEBT-CN-610200-2024-PREFECTURE,CN-610200,2024,2024-12-31,prefecture_whole,116.89,111.89,165.03,161.23,281.93,273.12,official_debt,SRC-PROVINCE-DEBT-SHAANXI-2024,A2,extracted,true,法定债务四个分项保持独立；缺失值保留 null。
DEBT-CN-610300-2024-PREFECTURE,CN-610300,2024,2024-12-31,prefecture_whole,242.21,226.44,362.01,346.64,604.22,573.08,official_debt,SRC-PROVINCE-DEBT-SHAANXI-2024,A2,extracted,true,法定债务四个分项保持独立；缺失值保留 null。
DEBT-CN-610400-2024-PREFECTURE,CN-610400,2024,2024-12-31,prefecture_whole,233.46,221.19,427.17,423.05,660.63,644.24,official_debt,SRC-PROVINCE-DEBT-SHAANXI-2024,A2,extracted,true,法定债务四个分项保持独立；缺失值保留 null。
DEBT-CN-610500-2024-PREFECTURE,CN-610500,2024,2024-12-31,prefecture_whole,354.65,338.65,474.67,468.01,829.31,806.66,official_debt,SRC-PROVINCE-DEBT-SHAANXI-2024,A2,extracted,true,法定债务四个分项保持独立；缺失值保留 null。
DEBT-CN-610600-2024-PREFECTURE,CN-610600,2024,2024-12-31,prefecture_whole,388.74,364.70,404.68,390.47,793.42,755.17,official_debt,SRC-PROVINCE-DEBT-SHAANXI-2024,A2,extracted,true,法定债务四个分项保持独立；缺失值保留 null。
DEBT-CN-610700-2024-PREFECTURE,CN-610700,2024,2024-12-31,prefecture_whole,260.80,250.28,429.52,415.84,690.32,666.12,official_debt,SRC-PROVINCE-DEBT-SHAANXI-2024,A2,extracted,true,法定债务四个分项保持独立；缺失值保留 null。
DEBT-CN-610800-2024-PREFECTURE,CN-610800,2024,2024-12-31,prefecture_whole,437.87,425.37,338.63,318.87,776.50,744.24,official_debt,SRC-PROVINCE-DEBT-SHAANXI-2024,A2,extracted,true,法定债务四个分项保持独立；缺失值保留 null。
DEBT-CN-610900-2024-PREFECTURE,CN-610900,2024,2024-12-31,prefecture_whole,362.77,353.61,295.38,287.39,658.15,641.00,official_debt,SRC-CITY-DEBT-SHAANXI-ANKANG-2024,A1,extracted,true,法定债务四个分项保持独立；缺失值保留 null。
DEBT-CN-611000-2024-PREFECTURE,CN-611000,2024,2024-12-31,prefecture_whole,348.47,337.03,185.22,175.75,533.68,512.78,official_debt,SRC-PROVINCE-DEBT-SHAANXI-2024,A2,extracted,true,法定债务四个分项保持独立；缺失值保留 null。
DEBT-CN-620100-2024-PREFECTURE,CN-620100,2024,2024-12-31,prefecture_whole,,,,,,1609.72,secondary_debt,SRC-SECONDARY-CEIC-CN-620100,D,needs_review,true,法定债务四个分项保持独立；缺失值保留 null。
DEBT-CN-620200-2024-PREFECTURE,CN-620200,2024,2024-12-31,prefecture_whole,,31.58,,41.71,,73.29,official_debt,SRC-OFFICIAL-DEBT-GANSU-JIAYUGUAN-2024,A2,extracted,true,法定债务四个分项保持独立；缺失值保留 null。
DEBT-CN-620300-2024-PREFECTURE,CN-620300,2024,2024-12-31,prefecture_whole,,,,,,128.28,secondary_debt,SRC-SECONDARY-DEBT-GANSU-JINCHANG-2024,B2,needs_review,true,法定债务四个分项保持独立；缺失值保留 null。
DEBT-CN-620400-2024-PREFECTURE,CN-620400,2024,2024-12-31,prefecture_whole,125.94,121.13,229.61,225.99,355.55,347.12,official_debt,SRC-CITY-DEBT-GANSU-BAIYIN-2024,A1,extracted,true,法定债务四个分项保持独立；缺失值保留 null。
DEBT-CN-620500-2024-PREFECTURE,CN-620500,2024,2024-12-31,prefecture_whole,,,,,,460.36,secondary_debt,SRC-SECONDARY-DEBT-GANSU-TIANSHUI-2024,B2,needs_review,true,法定债务四个分项保持独立；缺失值保留 null。
DEBT-CN-620600-2024-PREFECTURE,CN-620600,2024,2024-12-31,prefecture_whole,,,,,,,not_collected,,,missing,false,法定债务四个分项保持独立；缺失值保留 null。
DEBT-CN-620700-2024-PREFECTURE,CN-620700,2024,2024-12-31,prefecture_whole,95.33,91.78,245.86,241.62,341.19,333.40,official_debt,SRC-CITY-DEBT-GANSU-ZHANGYE-2024,A1,extracted,true,法定债务四个分项保持独立；缺失值保留 null。
DEBT-CN-620800-2024-PREFECTURE,CN-620800,2024,2024-12-31,prefecture_whole,,,,,,,not_collected,,,missing,false,法定债务四个分项保持独立；缺失值保留 null。
DEBT-CN-620900-2024-PREFECTURE,CN-620900,2024,2024-12-31,prefecture_whole,,,,,,,not_collected,,,missing,false,法定债务四个分项保持独立；缺失值保留 null。
DEBT-CN-621000-2024-PREFECTURE,CN-621000,2024,2024-12-31,prefecture_whole,,,,,,475.06,official_debt,SRC-CITY-DEBT-GANSU-QINGYANG-2024,A2,extracted,true,法定债务四个分项保持独立；缺失值保留 null。
DEBT-CN-621100-2024-PREFECTURE,CN-621100,2024,2024-12-31,prefecture_whole,,,,,,394.07,secondary_debt,SRC-SECONDARY-DEBT-GANSU-DINGXI-2024,B2,needs_review,true,法定债务四个分项保持独立；缺失值保留 null。
DEBT-CN-621200-2024-PREFECTURE,CN-621200,2024,2024-12-31,prefecture_whole,,,,,,,not_collected,,,missing,false,法定债务四个分项保持独立；缺失值保留 null。
DEBT-CN-622900-2024-PREFECTURE,CN-622900,2024,2024-12-31,prefecture_whole,,,,,,,not_collected,,,missing,false,法定债务四个分项保持独立；缺失值保留 null。
DEBT-CN-623000-2024-PREFECTURE,CN-623000,2024,2024-12-31,prefecture_whole,,,,,,,not_collected,,,missing,false,法定债务四个分项保持独立；缺失值保留 null。
DEBT-CN-630100-2024-PREFECTURE,CN-630100,2024,2024-12-31,prefecture_whole,321.45,317.65,351.35,344.00,672.79,661.64,official_debt,SRC-PROVINCE-DEBT-QINGHAI-2024,A1,extracted,true,法定债务四个分项保持独立；缺失值保留 null。
DEBT-CN-630200-2024-PREFECTURE,CN-630200,2024,2024-12-31,prefecture_whole,198.81,191.83,197.53,196.49,396.35,388.31,official_debt,SRC-PROVINCE-DEBT-QINGHAI-2024,A1,extracted,true,法定债务四个分项保持独立；缺失值保留 null。
DEBT-CN-632200-2024-PREFECTURE,CN-632200,2024,2024-12-31,prefecture_whole,39.89,35.08,9.70,8.70,49.59,43.78,official_debt,SRC-PROVINCE-DEBT-QINGHAI-2024,A1,extracted,true,法定债务四个分项保持独立；缺失值保留 null。
DEBT-CN-632300-2024-PREFECTURE,CN-632300,2024,2024-12-31,prefecture_whole,39.11,38.87,23.31,21.31,62.42,60.18,official_debt,SRC-PROVINCE-DEBT-QINGHAI-2024,A1,extracted,true,法定债务四个分项保持独立；缺失值保留 null。
DEBT-CN-632500-2024-PREFECTURE,CN-632500,2024,2024-12-31,prefecture_whole,53.84,52.81,20.73,19.23,74.57,72.04,official_debt,SRC-PROVINCE-DEBT-QINGHAI-2024,A1,extracted,true,法定债务四个分项保持独立；缺失值保留 null。
DEBT-CN-632600-2024-PREFECTURE,CN-632600,2024,2024-12-31,prefecture_whole,35.57,35.45,6.70,5.70,42.26,41.14,official_debt,SRC-PROVINCE-DEBT-QINGHAI-2024,A1,extracted,true,法定债务四个分项保持独立；缺失值保留 null。
DEBT-CN-632700-2024-PREFECTURE,CN-632700,2024,2024-12-31,prefecture_whole,34.59,34.38,6.25,5.25,40.84,39.64,official_debt,SRC-PROVINCE-DEBT-QINGHAI-2024,A1,extracted,true,法定债务四个分项保持独立；缺失值保留 null。
DEBT-CN-632800-2024-PREFECTURE,CN-632800,2024,2024-12-31,prefecture_whole,188.36,176.68,108.70,106.64,297.07,283.31,official_debt,SRC-PROVINCE-DEBT-QINGHAI-2024,A1,extracted,true,法定债务四个分项保持独立；缺失值保留 null。
DEBT-CN-640100-2024-PREFECTURE,CN-640100,2024,2024-12-31,prefecture_whole,323.84,311.06,177.53,161.35,501.37,472.41,official_debt,SRC-PROVINCE-DEBT-NINGXIA-2024,A1,extracted,true,法定债务四个分项保持独立；缺失值保留 null。
DEBT-CN-640200-2024-PREFECTURE,CN-640200,2024,2024-12-31,prefecture_whole,91.33,87.10,17.48,13.78,108.81,100.88,official_debt,SRC-PROVINCE-DEBT-NINGXIA-2024,A1,extracted,true,法定债务四个分项保持独立；缺失值保留 null。
DEBT-CN-640300-2024-PREFECTURE,CN-640300,2024,2024-12-31,prefecture_whole,86.28,81.26,53.80,49.65,140.07,130.90,official_debt,SRC-PROVINCE-DEBT-NINGXIA-2024,A1,extracted,true,法定债务四个分项保持独立；缺失值保留 null。
DEBT-CN-640400-2024-PREFECTURE,CN-640400,2024,2024-12-31,prefecture_whole,97.68,95.16,25.68,23.75,123.36,118.90,official_debt,SRC-PROVINCE-DEBT-NINGXIA-2024,A1,extracted,true,法定债务四个分项保持独立；缺失值保留 null。
DEBT-CN-640500-2024-PREFECTURE,CN-640500,2024,2024-12-31,prefecture_whole,104.04,97.17,25.49,21.75,129.53,118.93,official_debt,SRC-PROVINCE-DEBT-NINGXIA-2024,A1,extracted,true,法定债务四个分项保持独立；缺失值保留 null。
DEBT-CN-650100-2024-PREFECTURE,CN-650100,2024,2024-12-31,prefecture_whole,535.01,494.60,1631.69,1588.90,2166.70,2083.50,official_debt,SRC-PROVINCE-DEBT-XINJIANG-2024,A1,extracted,true,法定债务四个分项保持独立；缺失值保留 null。
DEBT-CN-650200-2024-PREFECTURE,CN-650200,2024,2024-12-31,prefecture_whole,173.27,152.32,121.61,117.93,294.88,270.25,official_debt,SRC-PROVINCE-DEBT-XINJIANG-2024,A1,extracted,true,法定债务四个分项保持独立；缺失值保留 null。
DEBT-CN-650400-2024-PREFECTURE,CN-650400,2024,2024-12-31,prefecture_whole,91.73,85.84,196.35,195.81,288.08,281.65,official_debt,SRC-PROVINCE-DEBT-XINJIANG-2024,A1,extracted,true,法定债务四个分项保持独立；缺失值保留 null。
DEBT-CN-650500-2024-PREFECTURE,CN-650500,2024,2024-12-31,prefecture_whole,161.11,141.54,214.48,213.08,375.59,354.62,official_debt,SRC-PROVINCE-DEBT-XINJIANG-2024,A1,extracted,true,法定债务四个分项保持独立；缺失值保留 null。
DEBT-CN-652300-2024-PREFECTURE,CN-652300,2024,2024-12-31,prefecture_whole,297.25,280.27,531.12,523.92,828.37,804.19,official_debt,SRC-PROVINCE-DEBT-XINJIANG-2024,A1,extracted,true,法定债务四个分项保持独立；缺失值保留 null。
DEBT-CN-652700-2024-PREFECTURE,CN-652700,2024,2024-12-31,prefecture_whole,152.38,141.42,253.43,252.96,405.81,394.38,official_debt,SRC-PROVINCE-DEBT-XINJIANG-2024,A1,extracted,true,法定债务四个分项保持独立；缺失值保留 null。
DEBT-CN-652800-2024-PREFECTURE,CN-652800,2024,2024-12-31,prefecture_whole,239.80,228.67,488.50,484.31,728.30,712.98,official_debt,SRC-PROVINCE-DEBT-XINJIANG-2024,A1,extracted,true,法定债务四个分项保持独立；缺失值保留 null。
DEBT-CN-652900-2024-PREFECTURE,CN-652900,2024,2024-12-31,prefecture_whole,277.32,257.18,531.43,529.01,808.75,786.19,official_debt,SRC-PROVINCE-DEBT-XINJIANG-2024,A1,extracted,true,法定债务四个分项保持独立；缺失值保留 null。
DEBT-CN-653000-2024-PREFECTURE,CN-653000,2024,2024-12-31,prefecture_whole,163.33,155.03,127.40,127.40,290.73,282.43,official_debt,SRC-PROVINCE-DEBT-XINJIANG-2024,A1,extracted,true,法定债务四个分项保持独立；缺失值保留 null。
DEBT-CN-653100-2024-PREFECTURE,CN-653100,2024,2024-12-31,prefecture_whole,329.04,315.36,651.84,651.14,980.88,966.50,official_debt,SRC-PROVINCE-DEBT-XINJIANG-2024,A1,extracted,true,法定债务四个分项保持独立；缺失值保留 null。
DEBT-CN-653200-2024-PREFECTURE,CN-653200,2024,2024-12-31,prefecture_whole,299.10,288.52,376.53,376.24,675.63,664.76,official_debt,SRC-PROVINCE-DEBT-XINJIANG-2024,A1,extracted,true,法定债务四个分项保持独立；缺失值保留 null。
DEBT-CN-654000-2024-PREFECTURE,CN-654000,2024,2024-12-31,prefecture_whole,327.29,315.87,685.34,675.19,1012.63,991.06,official_debt,SRC-PROVINCE-DEBT-XINJIANG-2024,A1,extracted,true,法定债务四个分项保持独立；缺失值保留 null。
DEBT-CN-654200-2024-PREFECTURE,CN-654200,2024,2024-12-31,prefecture_whole,193.93,181.00,298.41,294.67,492.34,475.67,official_debt,SRC-PROVINCE-DEBT-XINJIANG-2024,A1,extracted,true,法定债务四个分项保持独立；缺失值保留 null。
DEBT-CN-654300-2024-PREFECTURE,CN-654300,2024,2024-12-31,prefecture_whole,192.61,182.97,282.32,281.90,474.93,464.87,official_debt,SRC-PROVINCE-DEBT-XINJIANG-2024,A1,extracted,true,法定债务四个分项保持独立；缺失值保留 null。
DEBT-CN-659000-2024-PREFECTURE,CN-659000,2024,2024-12-31,prefecture_whole,,,,,,,not_collected,,,missing,false,法定债务四个分项保持独立；缺失值保留 null。
DEBT-CN-110000-2025-PREFECTURE,CN-110000,2025,2025-12-31,prefecture_whole,3181.20,2927.78,11849.10,11006.45,15030.30,13934.23,official_debt,SRC-PROVINCE-DEBT-BEIJING-2025,A1,extracted,true,法定债务四个分项保持独立；缺失值保留 null。
DEBT-CN-120000-2025-PREFECTURE,CN-120000,2025,2025-12-31,prefecture_whole,,,,,,15099.40,official_debt,SRC-CITY-DEBT-TIANJIN-2025,A1,extracted,true,法定债务四个分项保持独立；缺失值保留 null。
DEBT-CN-130100-2025-PREFECTURE,CN-130100,2025,2025-12-31,prefecture_whole,,,,,,2798.25,secondary_debt,SRC-SECONDARY-DEBT-HEBEI-SHIJIAZHUANG-2025,B2,needs_review,true,法定债务四个分项保持独立；缺失值保留 null。
DEBT-CN-130200-2025-PREFECTURE,CN-130200,2025,2025-12-31,prefecture_whole,,1099.52,,2028.20,,3127.72,secondary_debt,SRC-SECONDARY-DEBT-HEBEI-TANGSHAN-2025,B2,needs_review,true,法定债务四个分项保持独立；缺失值保留 null。
DEBT-CN-130300-2025-PREFECTURE,CN-130300,2025,2025-12-31,prefecture_whole,,,,,,1030.01,secondary_debt,SRC-SECONDARY-CEIC-CN-130300,D,needs_review,true,法定债务四个分项保持独立；缺失值保留 null。
DEBT-CN-130400-2025-PREFECTURE,CN-130400,2025,2025-12-31,prefecture_whole,,,,,,1756.50,secondary_debt,SRC-SECONDARY-DEBT-HEBEI-HANDAN-2025,B2,needs_review,true,法定债务四个分项保持独立；缺失值保留 null。
DEBT-CN-130500-2025-PREFECTURE,CN-130500,2025,2025-12-31,prefecture_whole,,,,,,1409.08,secondary_debt,SRC-SECONDARY-DEBT-HEBEI-XINGTAI-2025,B2,needs_review,true,法定债务四个分项保持独立；缺失值保留 null。
DEBT-CN-130600-2025-PREFECTURE,CN-130600,2025,2025-12-31,prefecture_whole,,401.75,,1880.63,,2282.38,official_debt,SRC-OFFICIAL-DEBT-HEBEI-BAODING-2025,A1,extracted,true,法定债务四个分项保持独立；缺失值保留 null。
DEBT-CN-130700-2025-PREFECTURE,CN-130700,2025,2025-12-31,prefecture_whole,,,,,,1895.29,secondary_debt,SRC-SECONDARY-DEBT-HEBEI-ZHANGJIAKOU-2025,B2,needs_review,true,法定债务四个分项保持独立；缺失值保留 null。
DEBT-CN-130800-2025-PREFECTURE,CN-130800,2025,2025-12-31,prefecture_whole,,,,,,1020.18,secondary_debt,SRC-SECONDARY-CEIC-CN-130800,D,needs_review,true,法定债务四个分项保持独立；缺失值保留 null。
DEBT-CN-130900-2025-PREFECTURE,CN-130900,2025,2025-12-31,prefecture_whole,,,,,,1564.40,secondary_debt,SRC-SECONDARY-CEIC-CN-130900,D,needs_review,true,法定债务四个分项保持独立；缺失值保留 null。
DEBT-CN-131000-2025-PREFECTURE,CN-131000,2025,2025-12-31,prefecture_whole,263.68,249.61,1227.93,1210.44,1491.61,1460.05,official_debt,SRC-OFFICIAL-DEBT-HEBEI-LANGFANG-2025,A2,extracted,true,法定债务四个分项保持独立；缺失值保留 null。
DEBT-CN-131100-2025-PREFECTURE,CN-131100,2025,2025-12-31,prefecture_whole,,,,,,836.63,secondary_debt,SRC-SECONDARY-CEIC-CN-131100,D,needs_review,true,法定债务四个分项保持独立；缺失值保留 null。
DEBT-CN-133100-2025-PREFECTURE,CN-133100,2025,2025-12-31,prefecture_whole,1201.51,1197.05,1728.16,1728.06,2929.67,2925.11,official_debt,SRC-OFFICIAL-DEBT-HEBEI-XIONGAN-2025,A2,extracted,true,法定债务四个分项保持独立；缺失值保留 null。
DEBT-CN-140100-2025-PREFECTURE,CN-140100,2025,2025-12-31,prefecture_whole,,,,,,1791.69,secondary_debt,SRC-SECONDARY-CEIC-CN-140100,D,needs_review,true,法定债务四个分项保持独立；缺失值保留 null。
DEBT-CN-140200-2025-PREFECTURE,CN-140200,2025,2025-12-31,prefecture_whole,334.15,328.32,421.67,419.58,755.82,747.90,official_debt,SRC-OFFICIAL-DEBT-SHANXI-DATONG-2025,A2,extracted,true,法定债务四个分项保持独立；缺失值保留 null。
DEBT-CN-140300-2025-PREFECTURE,CN-140300,2025,2025-12-31,prefecture_whole,,,,,,2025.00,official_debt,SRC-CITY-DEBT-SHANXI-YANGQUAN-2025,A2,extracted,true,法定债务四个分项保持独立；缺失值保留 null。
DEBT-CN-140400-2025-PREFECTURE,CN-140400,2025,2025-12-31,prefecture_whole,231.39,231.39,334.50,334.50,565.89,565.89,official_debt,SRC-CITY-DEBT-SHANXI-CHANGZHI-2025,A1,extracted,true,法定债务四个分项保持独立；缺失值保留 null。
DEBT-CN-140500-2025-PREFECTURE,CN-140500,2025,2025-12-31,prefecture_whole,,,,,,502.83,official_debt,SRC-OFFICIAL-DEBT-SHANXI-JINCHENG-2025,A2,extracted,true,法定债务四个分项保持独立；缺失值保留 null。
DEBT-CN-140600-2025-PREFECTURE,CN-140600,2025,2025-12-31,prefecture_whole,,,,,,,not_collected,,,missing,false,法定债务四个分项保持独立；缺失值保留 null。
DEBT-CN-140700-2025-PREFECTURE,CN-140700,2025,2025-12-31,prefecture_whole,,,,,,716.80,secondary_debt,SRC-SECONDARY-DEBT-SHANXI-JINZHONG-2025,B2,needs_review,true,法定债务四个分项保持独立；缺失值保留 null。
DEBT-CN-140800-2025-PREFECTURE,CN-140800,2025,2025-12-31,prefecture_whole,,,,,,,not_collected,,,missing,false,法定债务四个分项保持独立；缺失值保留 null。
DEBT-CN-140900-2025-PREFECTURE,CN-140900,2025,2025-12-31,prefecture_whole,,,,,,,not_collected,,,missing,false,法定债务四个分项保持独立；缺失值保留 null。
DEBT-CN-141000-2025-PREFECTURE,CN-141000,2025,2025-12-31,prefecture_whole,,,,,,,not_collected,,,missing,false,法定债务四个分项保持独立；缺失值保留 null。
DEBT-CN-141100-2025-PREFECTURE,CN-141100,2025,2025-12-31,prefecture_whole,290.97,290.97,351.04,351.04,642.01,642.01,official_debt,SRC-OFFICIAL-DEBT-SHANXI-LVLIANG-2025,A2,extracted,true,法定债务四个分项保持独立；缺失值保留 null。
DEBT-CN-150100-2025-PREFECTURE,CN-150100,2025,2025-12-31,prefecture_whole,,952.79,,841.82,,1794.61,official_debt,SRC-OFFICIAL-DEBT-INNER-MONGOLIA-HOHHOT-2025,A2,extracted,true,法定债务四个分项保持独立；缺失值保留 null。
DEBT-CN-150200-2025-PREFECTURE,CN-150200,2025,2025-12-31,prefecture_whole,,,,,,1158.20,secondary_debt,SRC-SECONDARY-DEBT-INNER-MONGOLIA-2025-TOTALS,B2,needs_review,true,法定债务四个分项保持独立；缺失值保留 null。
DEBT-CN-150300-2025-PREFECTURE,CN-150300,2025,2025-12-31,prefecture_whole,217.00,215.27,161.00,138.64,378.00,353.91,official_debt,SRC-OFFICIAL-DEBT-INNER-MONGOLIA-WUHAI-2025,A2,extracted,true,法定债务四个分项保持独立；缺失值保留 null。
DEBT-CN-150400-2025-PREFECTURE,CN-150400,2025,2025-12-31,prefecture_whole,,,,,,1075.80,secondary_debt,SRC-SECONDARY-DEBT-INNER-MONGOLIA-CHIFENG-2025,B2,needs_review,true,法定债务四个分项保持独立；缺失值保留 null。
DEBT-CN-150500-2025-PREFECTURE,CN-150500,2025,2025-12-31,prefecture_whole,590.02,577.85,364.84,311.75,954.86,889.60,official_debt,SRC-OFFICIAL-DEBT-INNER-MONGOLIA-TONGLIAO-2025,A2,extracted,true,法定债务四个分项保持独立；缺失值保留 null。
DEBT-CN-150600-2025-PREFECTURE,CN-150600,2025,2025-12-31,prefecture_whole,,,,,,1823.50,secondary_debt,SRC-SECONDARY-DEBT-INNER-MONGOLIA-2025-TOTALS,B2,needs_review,true,法定债务四个分项保持独立；缺失值保留 null。
DEBT-CN-150700-2025-PREFECTURE,CN-150700,2025,2025-12-31,prefecture_whole,,,,,,630.80,secondary_debt,SRC-SECONDARY-DEBT-INNER-MONGOLIA-2025-TOTALS,B2,needs_review,true,法定债务四个分项保持独立；缺失值保留 null。
DEBT-CN-150800-2025-PREFECTURE,CN-150800,2025,2025-12-31,prefecture_whole,,,,,,,not_collected,,,missing,false,法定债务四个分项保持独立；缺失值保留 null。
DEBT-CN-150900-2025-PREFECTURE,CN-150900,2025,2025-12-31,prefecture_whole,,,,,,835.90,secondary_debt,SRC-SECONDARY-DEBT-INNER-MONGOLIA-2025-TOTALS,B2,needs_review,true,法定债务四个分项保持独立；缺失值保留 null。
DEBT-CN-152200-2025-PREFECTURE,CN-152200,2025,2025-12-31,prefecture_whole,,308.71,,205.20,,513.90,official_debt,SRC-OFFICIAL-DEBT-INNER-MONGOLIA-XINGAN-2025,A2,extracted,true,法定债务四个分项保持独立；缺失值保留 null。
DEBT-CN-152500-2025-PREFECTURE,CN-152500,2025,2025-12-31,prefecture_whole,,,,,,,not_collected,,,missing,false,法定债务四个分项保持独立；缺失值保留 null。
DEBT-CN-152900-2025-PREFECTURE,CN-152900,2025,2025-12-31,prefecture_whole,,,,,,280.40,secondary_debt,SRC-SECONDARY-DEBT-INNER-MONGOLIA-2025-TOTALS,B2,needs_review,true,法定债务四个分项保持独立；缺失值保留 null。
DEBT-CN-210100-2025-PREFECTURE,CN-210100,2025,2025-12-31,prefecture_whole,1124.80,1107.80,1577.90,1577.00,2702.70,2684.80,official_debt,SRC-PROVINCE-DEBT-LIAONING-2025,A1,extracted,true,法定债务四个分项保持独立；缺失值保留 null。
DEBT-CN-210200-2025-PREFECTURE,CN-210200,2025,2025-12-31,prefecture_whole,1711.20,1680.90,2005.70,1880.30,3716.90,3561.20,official_debt,SRC-PROVINCE-DEBT-LIAONING-2025,A1,extracted,true,法定债务四个分项保持独立；缺失值保留 null。
DEBT-CN-210300-2025-PREFECTURE,CN-210300,2025,2025-12-31,prefecture_whole,537.10,523.40,579.50,574.30,1116.60,1097.70,official_debt,SRC-PROVINCE-DEBT-LIAONING-2025,A1,extracted,true,法定债务四个分项保持独立；缺失值保留 null。
DEBT-CN-210400-2025-PREFECTURE,CN-210400,2025,2025-12-31,prefecture_whole,248.50,239.80,111.50,111.30,360.00,351.10,official_debt,SRC-PROVINCE-DEBT-LIAONING-2025,A1,extracted,true,法定债务四个分项保持独立；缺失值保留 null。
DEBT-CN-210500-2025-PREFECTURE,CN-210500,2025,2025-12-31,prefecture_whole,247.10,239.10,211.90,210.90,459.00,450.00,official_debt,SRC-PROVINCE-DEBT-LIAONING-2025,A1,extracted,true,法定债务四个分项保持独立；缺失值保留 null。
DEBT-CN-210600-2025-PREFECTURE,CN-210600,2025,2025-12-31,prefecture_whole,308.60,300.90,151.00,150.90,459.60,451.80,official_debt,SRC-PROVINCE-DEBT-LIAONING-2025,A1,extracted,true,法定债务四个分项保持独立；缺失值保留 null。
DEBT-CN-210700-2025-PREFECTURE,CN-210700,2025,2025-12-31,prefecture_whole,449.10,438.50,191.60,191.50,640.70,630.00,official_debt,SRC-PROVINCE-DEBT-LIAONING-2025,A1,extracted,true,法定债务四个分项保持独立；缺失值保留 null。
DEBT-CN-210800-2025-PREFECTURE,CN-210800,2025,2025-12-31,prefecture_whole,942.30,918.90,516.90,515.50,1459.20,1434.40,official_debt,SRC-PROVINCE-DEBT-LIAONING-2025,A1,extracted,true,法定债务四个分项保持独立；缺失值保留 null。
DEBT-CN-210900-2025-PREFECTURE,CN-210900,2025,2025-12-31,prefecture_whole,156.90,154.20,139.20,138.80,296.10,293.00,official_debt,SRC-PROVINCE-DEBT-LIAONING-2025,A1,extracted,true,法定债务四个分项保持独立；缺失值保留 null。
DEBT-CN-211000-2025-PREFECTURE,CN-211000,2025,2025-12-31,prefecture_whole,283.70,276.70,251.10,250.80,534.80,527.50,official_debt,SRC-PROVINCE-DEBT-LIAONING-2025,A1,extracted,true,法定债务四个分项保持独立；缺失值保留 null。
DEBT-CN-211100-2025-PREFECTURE,CN-211100,2025,2025-12-31,prefecture_whole,817.30,798.60,454.60,453.40,1271.90,1252.00,official_debt,SRC-PROVINCE-DEBT-LIAONING-2025,A1,extracted,true,法定债务四个分项保持独立；缺失值保留 null。
DEBT-CN-211200-2025-PREFECTURE,CN-211200,2025,2025-12-31,prefecture_whole,212.20,208.00,336.40,334.30,548.60,542.30,official_debt,SRC-PROVINCE-DEBT-LIAONING-2025,A1,extracted,true,法定债务四个分项保持独立；缺失值保留 null。
DEBT-CN-211300-2025-PREFECTURE,CN-211300,2025,2025-12-31,prefecture_whole,167.10,162.40,263.70,262.60,430.75,425.04,official_debt,SRC-PROVINCE-DEBT-LIAONING-2025,A1,extracted,true,法定债务四个分项保持独立；缺失值保留 null。
DEBT-CN-211400-2025-PREFECTURE,CN-211400,2025,2025-12-31,prefecture_whole,406.10,396.70,199.90,199.20,606.00,595.89,official_debt,SRC-PROVINCE-DEBT-LIAONING-2025,A1,extracted,true,法定债务四个分项保持独立；缺失值保留 null。
DEBT-CN-220100-2025-PREFECTURE,CN-220100,2025,2025-12-31,prefecture_whole,976.90,956.20,2534.40,2525.70,3511.40,3481.90,secondary_debt,SRC-SECONDARY-DEBT-JILIN-CHANGCHUN-2025,B2,needs_review,true,法定债务四个分项保持独立；缺失值保留 null。
DEBT-CN-220200-2025-PREFECTURE,CN-220200,2025,2025-12-31,prefecture_whole,519.90,517.20,715.70,714.90,1235.60,1232.10,secondary_debt,SRC-SECONDARY-DEBT-JILIN-JILIN-2025,B2,needs_review,true,法定债务四个分项保持独立；缺失值保留 null。
DEBT-CN-220300-2025-PREFECTURE,CN-220300,2025,2025-12-31,prefecture_whole,111.00,109.90,121.00,121.00,232.10,230.90,official_debt,SRC-PROVINCE-DEBT-JILIN-2025,A1,extracted,true,法定债务四个分项保持独立；缺失值保留 null。
DEBT-CN-220400-2025-PREFECTURE,CN-220400,2025,2025-12-31,prefecture_whole,114.00,112.70,168.70,168.20,282.60,280.90,official_debt,SRC-PROVINCE-DEBT-JILIN-2025,A1,extracted,true,法定债务四个分项保持独立；缺失值保留 null。
DEBT-CN-220500-2025-PREFECTURE,CN-220500,2025,2025-12-31,prefecture_whole,113.80,113.20,185.90,185.20,299.70,298.40,official_debt,SRC-PROVINCE-DEBT-JILIN-2025,A1,extracted,true,法定债务四个分项保持独立；缺失值保留 null。
DEBT-CN-220600-2025-PREFECTURE,CN-220600,2025,2025-12-31,prefecture_whole,139.90,138.00,100.60,100.50,240.50,238.50,official_debt,SRC-PROVINCE-DEBT-JILIN-2025,A1,extracted,true,法定债务四个分项保持独立；缺失值保留 null。
DEBT-CN-220700-2025-PREFECTURE,CN-220700,2025,2025-12-31,prefecture_whole,138.00,135.80,198.40,198.10,336.30,334.00,official_debt,SRC-PROVINCE-DEBT-JILIN-2025,A1,extracted,true,法定债务四个分项保持独立；缺失值保留 null。
DEBT-CN-220800-2025-PREFECTURE,CN-220800,2025,2025-12-31,prefecture_whole,115.10,113.10,53.40,53.20,168.50,166.30,official_debt,SRC-PROVINCE-DEBT-JILIN-2025,A1,extracted,true,法定债务四个分项保持独立；缺失值保留 null。
DEBT-CN-222400-2025-PREFECTURE,CN-222400,2025,2025-12-31,prefecture_whole,421.40,416.90,516.50,515.50,937.90,932.40,official_debt,SRC-PROVINCE-DEBT-JILIN-2025,A1,extracted,true,法定债务四个分项保持独立；缺失值保留 null。
DEBT-CN-230100-2025-PREFECTURE,CN-230100,2025,2025-12-31,prefecture_whole,19431695.00,19204589.00,18817875.00,18638356.00,38249570.00,37842945.00,official_debt,SRC-PROVINCE-DEBT-HEILONGJIANG-2025,A1,extracted,true,法定债务四个分项保持独立；缺失值保留 null。
DEBT-CN-230200-2025-PREFECTURE,CN-230200,2025,2025-12-31,prefecture_whole,4133751.00,4097846.00,3134148.00,3132334.00,7267899.00,7230180.00,official_debt,SRC-PROVINCE-DEBT-HEILONGJIANG-2025,A1,extracted,true,法定债务四个分项保持独立；缺失值保留 null。
DEBT-CN-230300-2025-PREFECTURE,CN-230300,2025,2025-12-31,prefecture_whole,2194501.00,2172081.00,1842593.00,1835788.00,4037094.00,4007869.00,official_debt,SRC-PROVINCE-DEBT-HEILONGJIANG-2025,A1,extracted,true,法定债务四个分项保持独立；缺失值保留 null。
DEBT-CN-230400-2025-PREFECTURE,CN-230400,2025,2025-12-31,prefecture_whole,1635043.00,1620819.00,1137166.00,1121088.00,2772209.00,2741907.00,official_debt,SRC-PROVINCE-DEBT-HEILONGJIANG-2025,A1,extracted,true,法定债务四个分项保持独立；缺失值保留 null。
DEBT-CN-230500-2025-PREFECTURE,CN-230500,2025,2025-12-31,prefecture_whole,2727761.00,2698358.00,2524082.00,2523223.00,5251843.00,5221581.00,official_debt,SRC-PROVINCE-DEBT-HEILONGJIANG-2025,A1,extracted,true,法定债务四个分项保持独立；缺失值保留 null。
DEBT-CN-230600-2025-PREFECTURE,CN-230600,2025,2025-12-31,prefecture_whole,2898928.00,2860811.00,4522976.00,4517713.00,7421904.00,7378524.00,official_debt,SRC-PROVINCE-DEBT-HEILONGJIANG-2025,A1,extracted,true,法定债务四个分项保持独立；缺失值保留 null。
DEBT-CN-230700-2025-PREFECTURE,CN-230700,2025,2025-12-31,prefecture_whole,2107752.00,2095578.00,674813.00,656939.00,2782565.00,2752517.00,official_debt,SRC-PROVINCE-DEBT-HEILONGJIANG-2025,A1,extracted,true,法定债务四个分项保持独立；缺失值保留 null。
DEBT-CN-230800-2025-PREFECTURE,CN-230800,2025,2025-12-31,prefecture_whole,4448787.00,4401976.00,2753259.00,2749974.00,7202046.00,7151950.00,official_debt,SRC-PROVINCE-DEBT-HEILONGJIANG-2025,A1,extracted,true,法定债务四个分项保持独立；缺失值保留 null。
DEBT-CN-230900-2025-PREFECTURE,CN-230900,2025,2025-12-31,prefecture_whole,1661961.00,1644937.00,1488767.00,1486743.00,3150728.00,3131680.00,official_debt,SRC-PROVINCE-DEBT-HEILONGJIANG-2025,A1,extracted,true,法定债务四个分项保持独立；缺失值保留 null。
DEBT-CN-231000-2025-PREFECTURE,CN-231000,2025,2025-12-31,prefecture_whole,4728249.00,4651742.00,3586815.00,3565381.00,8315064.00,8217123.00,official_debt,SRC-PROVINCE-DEBT-HEILONGJIANG-2025,A1,extracted,true,法定债务四个分项保持独立；缺失值保留 null。
DEBT-CN-231100-2025-PREFECTURE,CN-231100,2025,2025-12-31,prefecture_whole,1720683.00,1706555.00,1067469.00,1066859.00,2788152.00,2773414.00,official_debt,SRC-PROVINCE-DEBT-HEILONGJIANG-2025,A1,extracted,true,法定债务四个分项保持独立；缺失值保留 null。
DEBT-CN-231200-2025-PREFECTURE,CN-231200,2025,2025-12-31,prefecture_whole,4571902.00,4524906.00,2779686.00,2763140.00,7351588.00,7288046.00,official_debt,SRC-PROVINCE-DEBT-HEILONGJIANG-2025,A1,extracted,true,法定债务四个分项保持独立；缺失值保留 null。
DEBT-CN-232700-2025-PREFECTURE,CN-232700,2025,2025-12-31,prefecture_whole,465567.00,461019.00,127002.00,124227.00,592569.00,585246.00,official_debt,SRC-PROVINCE-DEBT-HEILONGJIANG-2025,A1,extracted,true,法定债务四个分项保持独立；缺失值保留 null。
DEBT-CN-310000-2025-PREFECTURE,CN-310000,2025,2025-12-31,prefecture_whole,,,,,,10420.10,official_debt,SRC-CITY-DEBT-SHANGHAI-2025,A1,extracted,true,法定债务四个分项保持独立；缺失值保留 null。
DEBT-CN-320100-2025-PREFECTURE,CN-320100,2025,2025-12-31,prefecture_whole,1283.83,1246.53,3293.93,3207.49,4577.76,4454.02,official_debt,SRC-CITY-DEBT-JIANGSU-NANJING-2025,A1,extracted,true,法定债务四个分项保持独立；缺失值保留 null。
DEBT-CN-320200-2025-PREFECTURE,CN-320200,2025,2025-12-31,prefecture_whole,,646.06,,2671.49,,3317.55,secondary_debt,SRC-SECONDARY-DEBT-JIANGSU-WUXI-2025,B2,needs_review,true,法定债务四个分项保持独立；缺失值保留 null。
DEBT-CN-320300-2025-PREFECTURE,CN-320300,2025,2025-12-31,prefecture_whole,,,,,,2072.90,secondary_debt,SRC-SECONDARY-DEBT-JIANGSU-XUZHOU-2025,B2,needs_review,true,法定债务四个分项保持独立；缺失值保留 null。
DEBT-CN-320400-2025-PREFECTURE,CN-320400,2025,2025-12-31,prefecture_whole,,,,,,3116.88,secondary_debt,SRC-SECONDARY-DEBT-JIANGSU-CHANGZHOU-2025,B2,needs_review,true,法定债务四个分项保持独立；缺失值保留 null。
DEBT-CN-320500-2025-PREFECTURE,CN-320500,2025,2025-12-31,prefecture_whole,,,,,,4445.60,official_debt,SRC-CITY-DEBT-JIANGSU-SUZHOU-2025,A1,extracted,true,法定债务四个分项保持独立；缺失值保留 null。
DEBT-CN-320600-2025-PREFECTURE,CN-320600,2025,2025-12-31,prefecture_whole,133.59,131.87,759.43,750.39,893.02,882.26,official_debt,SRC-CITY-DEBT-JIANGSU-NANTONG-2025-FINAL,A1,extracted,true,法定债务四个分项保持独立；缺失值保留 null。
DEBT-CN-320700-2025-PREFECTURE,CN-320700,2025,2025-12-31,prefecture_whole,,,,,,986.27,secondary_debt,SRC-SECONDARY-CEIC-CN-320700,D,needs_review,true,法定债务四个分项保持独立；缺失值保留 null。
DEBT-CN-320800-2025-PREFECTURE,CN-320800,2025,2025-12-31,prefecture_whole,,,,,,1304.56,secondary_debt,SRC-SECONDARY-DEBT-JIANGSU-HUAIAN-2025,B2,needs_review,true,法定债务四个分项保持独立；缺失值保留 null。
DEBT-CN-320900-2025-PREFECTURE,CN-320900,2025,2025-12-31,prefecture_whole,,,,,,2092.10,secondary_debt,SRC-SECONDARY-DEBT-JIANGSU-YANCHENG-2025,B2,needs_review,true,法定债务四个分项保持独立；缺失值保留 null。
DEBT-CN-321000-2025-PREFECTURE,CN-321000,2025,2025-12-31,prefecture_whole,,,,,,1751.69,secondary_debt,SRC-SECONDARY-DEBT-JIANGSU-YANGZHOU-2025,B2,needs_review,true,法定债务四个分项保持独立；缺失值保留 null。
DEBT-CN-321100-2025-PREFECTURE,CN-321100,2025,2025-12-31,prefecture_whole,,,,,,2939.77,secondary_debt,SRC-SECONDARY-DEBT-JIANGSU-RATING-2025-ZHENJIANG,B2,needs_review,true,法定债务四个分项保持独立；缺失值保留 null。
DEBT-CN-321200-2025-PREFECTURE,CN-321200,2025,2025-12-31,prefecture_whole,,,,,,1559.08,secondary_debt,SRC-SECONDARY-DEBT-JIANGSU-TAIZHOU-2025,B2,needs_review,true,法定债务四个分项保持独立；缺失值保留 null。
DEBT-CN-321300-2025-PREFECTURE,CN-321300,2025,2025-12-31,prefecture_whole,,,,,,1286.84,secondary_debt,SRC-SECONDARY-DEBT-JIANGSU-SUQIAN-2025,B2,needs_review,true,法定债务四个分项保持独立；缺失值保留 null。
DEBT-CN-330100-2025-PREFECTURE,CN-330100,2025,2025-12-31,prefecture_whole,,,,,,5089.80,official_debt,SRC-CITY-DEBT-ZHEJIANG-HANGZHOU-2025,A2,extracted,true,法定债务四个分项保持独立；缺失值保留 null。
DEBT-CN-330200-2025-PREFECTURE,CN-330200,2025,2025-12-31,prefecture_whole,,,,,,4854.50,secondary_debt,SRC-SECONDARY-DEBT-ZHEJIANG-NINGBO-2025,B2,needs_review,true,法定债务四个分项保持独立；缺失值保留 null。
DEBT-CN-330300-2025-PREFECTURE,CN-330300,2025,2025-12-31,prefecture_whole,,,,,,4380.54,secondary_debt,SRC-SECONDARY-DEBT-ZHEJIANG-WENZHOU-2025,B2,needs_review,true,法定债务四个分项保持独立；缺失值保留 null。
DEBT-CN-330400-2025-PREFECTURE,CN-330400,2025,2025-12-31,prefecture_whole,,635.61,,2055.75,,2691.36,secondary_debt,SRC-SECONDARY-DEBT-ZHEJIANG-JIAXING-2025,B2,needs_review,true,法定债务四个分项保持独立；缺失值保留 null。
DEBT-CN-330500-2025-PREFECTURE,CN-330500,2025,2025-12-31,prefecture_whole,,,,,,1873.21,secondary_debt,SRC-SECONDARY-DEBT-ZHEJIANG-HUZHOU-2025,B2,needs_review,true,法定债务四个分项保持独立；缺失值保留 null。
DEBT-CN-330600-2025-PREFECTURE,CN-330600,2025,2025-12-31,prefecture_whole,,,,,,2592.42,secondary_debt,SRC-SECONDARY-DEBT-ZHEJIANG-SHAOXING-2025,B2,needs_review,true,法定债务四个分项保持独立；缺失值保留 null。
DEBT-CN-330700-2025-PREFECTURE,CN-330700,2025,2025-12-31,prefecture_whole,,,,,,2678.09,secondary_debt,SRC-SECONDARY-DEBT-ZHEJIANG-JINHUA-2025,B2,needs_review,true,法定债务四个分项保持独立；缺失值保留 null。
DEBT-CN-330800-2025-PREFECTURE,CN-330800,2025,2025-12-31,prefecture_whole,,,,,,1365.78,secondary_debt,SRC-SECONDARY-DEBT-ZHEJIANG-QUZHOU-2025,B2,needs_review,true,法定债务四个分项保持独立；缺失值保留 null。
DEBT-CN-330900-2025-PREFECTURE,CN-330900,2025,2025-12-31,prefecture_whole,,,,,,778.05,secondary_debt,SRC-SECONDARY-DEBT-ZHEJIANG-ZHOUSHAN-2025,B2,needs_review,true,法定债务四个分项保持独立；缺失值保留 null。
DEBT-CN-331000-2025-PREFECTURE,CN-331000,2025,2025-12-31,prefecture_whole,,,,,,2846.47,secondary_debt,SRC-SECONDARY-DEBT-ZHEJIANG-TAIZHOU-2025,B2,needs_review,true,法定债务四个分项保持独立；缺失值保留 null。
DEBT-CN-331100-2025-PREFECTURE,CN-331100,2025,2025-12-31,prefecture_whole,,,,,,1638.64,secondary_debt,SRC-SECONDARY-CEIC-CN-331100,D,needs_review,true,法定债务四个分项保持独立；缺失值保留 null。
DEBT-CN-340100-2025-PREFECTURE,CN-340100,2025,2025-12-31,prefecture_whole,,,,,,3194.76,secondary_debt,SRC-CITY-DEBT-ANHUI-HEFEI-2025,B2,needs_review,true,法定债务四个分项保持独立；缺失值保留 null。
DEBT-CN-340200-2025-PREFECTURE,CN-340200,2025,2025-12-31,prefecture_whole,,,,,,1710.90,secondary_debt,SRC-SECONDARY-DEBT-ANHUI-WUHU-2025,B2,needs_review,true,法定债务四个分项保持独立；缺失值保留 null。
DEBT-CN-340300-2025-PREFECTURE,CN-340300,2025,2025-12-31,prefecture_whole,,,,,,1049.13,secondary_debt,SRC-SECONDARY-DEBT-ANHUI-BENGBU-2025,B2,needs_review,true,法定债务四个分项保持独立；缺失值保留 null。
DEBT-CN-340400-2025-PREFECTURE,CN-340400,2025,2025-12-31,prefecture_whole,,,,,,782.70,official_debt,SRC-CITY-DEBT-ANHUI-HUAINAN-2025,A2,extracted,true,法定债务四个分项保持独立；缺失值保留 null。
DEBT-CN-340500-2025-PREFECTURE,CN-340500,2025,2025-12-31,prefecture_whole,,,,,,1118.46,secondary_debt,SRC-CITY-DEBT-ANHUI-MAANSHAN-2025,B2,needs_review,true,法定债务四个分项保持独立；缺失值保留 null。
DEBT-CN-340600-2025-PREFECTURE,CN-340600,2025,2025-12-31,prefecture_whole,112.67,108.53,448.05,447.59,560.72,556.12,official_debt,SRC-CITY-DEBT-ANHUI-HUAIBEI-2025,A1,extracted,true,法定债务四个分项保持独立；缺失值保留 null。
DEBT-CN-340700-2025-PREFECTURE,CN-340700,2025,2025-12-31,prefecture_whole,,,,,,576.02,secondary_debt,SRC-SECONDARY-DEBT-ANHUI-TONGLING-2025,B2,needs_review,true,法定债务四个分项保持独立；缺失值保留 null。
DEBT-CN-340800-2025-PREFECTURE,CN-340800,2025,2025-12-31,prefecture_whole,,,,,,1364.40,secondary_debt,SRC-CITY-DEBT-ANHUI-ANQING-2025,B2,needs_review,true,法定债务四个分项保持独立；缺失值保留 null。
DEBT-CN-341000-2025-PREFECTURE,CN-341000,2025,2025-12-31,prefecture_whole,,150.74,,419.30,,570.00,official_debt,SRC-CITY-DEBT-ANHUI-HUANGSHAN-2025,A2,extracted,true,法定债务四个分项保持独立；缺失值保留 null。
DEBT-CN-341100-2025-PREFECTURE,CN-341100,2025,2025-12-31,prefecture_whole,,266.17,,1575.71,,1841.89,secondary_debt,SRC-CITY-DEBT-ANHUI-CHUZHOU-2025,B2,needs_review,true,法定债务四个分项保持独立；缺失值保留 null。
DEBT-CN-341200-2025-PREFECTURE,CN-341200,2025,2025-12-31,prefecture_whole,,,,,,2052.83,secondary_debt,SRC-SECONDARY-DEBT-ANHUI-FUYANG-2025,B2,needs_review,true,法定债务四个分项保持独立；缺失值保留 null。
DEBT-CN-341300-2025-PREFECTURE,CN-341300,2025,2025-12-31,prefecture_whole,,,,,,1111.22,secondary_debt,SRC-SECONDARY-DEBT-ANHUI-SUZHOU-2025,B2,needs_review,true,法定债务四个分项保持独立；缺失值保留 null。
DEBT-CN-341500-2025-PREFECTURE,CN-341500,2025,2025-12-31,prefecture_whole,,308.00,,1111.00,,1418.81,secondary_debt,SRC-CITY-DEBT-ANHUI-LUAN-2025,B2,needs_review,true,法定债务四个分项保持独立；缺失值保留 null。
DEBT-CN-341600-2025-PREFECTURE,CN-341600,2025,2025-12-31,prefecture_whole,,,,,,1217.60,secondary_debt,SRC-SECONDARY-DEBT-ANHUI-BOZHOU-2025,B2,needs_review,true,法定债务四个分项保持独立；缺失值保留 null。
DEBT-CN-341700-2025-PREFECTURE,CN-341700,2025,2025-12-31,prefecture_whole,,,,,,500.19,secondary_debt,SRC-SECONDARY-DEBT-ANHUI-CHIZHOU-2025,B2,needs_review,true,法定债务四个分项保持独立；缺失值保留 null。
DEBT-CN-341800-2025-PREFECTURE,CN-341800,2025,2025-12-31,prefecture_whole,,,,,,921.50,official_debt,SRC-CITY-DEBT-ANHUI-XUANCHENG-2025,A1,extracted,true,法定债务四个分项保持独立；缺失值保留 null。
DEBT-CN-350100-2025-PREFECTURE,CN-350100,2025,2025-12-31,prefecture_whole,575.30,558.31,2839.57,2791.29,3414.87,3349.60,official_debt,SRC-PROVINCE-DEBT-FUJIAN-2025,A1,extracted,true,法定债务四个分项保持独立；缺失值保留 null。
DEBT-CN-350200-2025-PREFECTURE,CN-350200,2025,2025-12-31,prefecture_whole,455.70,450.82,2814.40,2746.87,3270.10,3197.69,official_debt,SRC-PROVINCE-DEBT-FUJIAN-2025,A1,extracted,true,法定债务四个分项保持独立；缺失值保留 null。
DEBT-CN-350300-2025-PREFECTURE,CN-350300,2025,2025-12-31,prefecture_whole,242.16,232.04,1236.07,1222.74,1478.23,1454.78,official_debt,SRC-PROVINCE-DEBT-FUJIAN-2025,A1,extracted,true,法定债务四个分项保持独立；缺失值保留 null。
DEBT-CN-350400-2025-PREFECTURE,CN-350400,2025,2025-12-31,prefecture_whole,414.90,398.10,698.52,689.32,1113.42,1087.42,official_debt,SRC-PROVINCE-DEBT-FUJIAN-2025,A1,extracted,true,法定债务四个分项保持独立；缺失值保留 null。
DEBT-CN-350500-2025-PREFECTURE,CN-350500,2025,2025-12-31,prefecture_whole,857.36,828.49,2153.62,2110.28,3010.98,2938.77,official_debt,SRC-PROVINCE-DEBT-FUJIAN-2025,A1,extracted,true,法定债务四个分项保持独立；缺失值保留 null。
DEBT-CN-350600-2025-PREFECTURE,CN-350600,2025,2025-12-31,prefecture_whole,548.96,535.99,1424.97,1402.94,1973.93,1938.93,official_debt,SRC-PROVINCE-DEBT-FUJIAN-2025,A1,extracted,true,法定债务四个分项保持独立；缺失值保留 null。
DEBT-CN-350700-2025-PREFECTURE,CN-350700,2025,2025-12-31,prefecture_whole,339.92,332.52,1031.30,1023.92,1371.22,1356.44,official_debt,SRC-PROVINCE-DEBT-FUJIAN-2025,A1,extracted,true,法定债务四个分项保持独立；缺失值保留 null。
DEBT-CN-350800-2025-PREFECTURE,CN-350800,2025,2025-12-31,prefecture_whole,336.63,327.22,963.66,947.10,1300.29,1274.32,official_debt,SRC-PROVINCE-DEBT-FUJIAN-2025,A1,extracted,true,法定债务四个分项保持独立；缺失值保留 null。
DEBT-CN-350900-2025-PREFECTURE,CN-350900,2025,2025-12-31,prefecture_whole,320.53,312.85,1007.47,993.33,1328.00,1306.18,official_debt,SRC-PROVINCE-DEBT-FUJIAN-2025,A1,extracted,true,法定债务四个分项保持独立；缺失值保留 null。
DEBT-CN-360100-2025-PREFECTURE,CN-360100,2025,2025-12-31,prefecture_whole,,,,,,2200.07,secondary_debt,SRC-SECONDARY-DEBT-JIANGXI-NANCHANG-2025,B2,needs_review,true,法定债务四个分项保持独立；缺失值保留 null。
DEBT-CN-360200-2025-PREFECTURE,CN-360200,2025,2025-12-31,prefecture_whole,218.53,213.03,678.36,645.79,896.89,858.82,secondary_debt,SRC-CITY-DEBT-JIANGXI-JINGDEZHEN-2025,B2,needs_review,true,法定债务四个分项保持独立；缺失值保留 null。
DEBT-CN-360300-2025-PREFECTURE,CN-360300,2025,2025-12-31,prefecture_whole,,,,,,813.48,secondary_debt,SRC-SECONDARY-DEBT-JIANGXI-PINGXIANG-2025,B2,needs_review,true,法定债务四个分项保持独立；缺失值保留 null。
DEBT-CN-360400-2025-PREFECTURE,CN-360400,2025,2025-12-31,prefecture_whole,,,,,,1874.57,secondary_debt,SRC-SECONDARY-DEBT-JIANGXI-JIUJIANG-2025,B2,needs_review,true,法定债务四个分项保持独立；缺失值保留 null。
DEBT-CN-360500-2025-PREFECTURE,CN-360500,2025,2025-12-31,prefecture_whole,,,,,,550.41,secondary_debt,SRC-SECONDARY-CEIC-CN-360500,D,needs_review,true,法定债务四个分项保持独立；缺失值保留 null。
DEBT-CN-360600-2025-PREFECTURE,CN-360600,2025,2025-12-31,prefecture_whole,,,,,,597.80,secondary_debt,SRC-SECONDARY-DEBT-JIANGXI-YINGTAN-2025,B2,needs_review,true,法定债务四个分项保持独立；缺失值保留 null。
DEBT-CN-360700-2025-PREFECTURE,CN-360700,2025,2025-12-31,prefecture_whole,,,,,,2764.27,secondary_debt,SRC-SECONDARY-DEBT-JIANGXI-GANZHOU-2025,B2,needs_review,true,法定债务四个分项保持独立；缺失值保留 null。
DEBT-CN-360800-2025-PREFECTURE,CN-360800,2025,2025-12-31,prefecture_whole,,,,,,1531.34,secondary_debt,SRC-SECONDARY-DEBT-JIANGXI-JIAN-2025,B2,needs_review,true,法定债务四个分项保持独立；缺失值保留 null。
DEBT-CN-360900-2025-PREFECTURE,CN-360900,2025,2025-12-31,prefecture_whole,,,,,,1566.97,secondary_debt,SRC-SECONDARY-CEIC-CN-360900,D,needs_review,true,法定债务四个分项保持独立；缺失值保留 null。
DEBT-CN-361000-2025-PREFECTURE,CN-361000,2025,2025-12-31,prefecture_whole,355.11,343.19,1034.69,985.63,1389.80,1328.82,official_debt,SRC-CITY-DEBT-JIANGXI-FUZHOU-2025,A1,extracted,true,法定债务四个分项保持独立；缺失值保留 null。
DEBT-CN-361100-2025-PREFECTURE,CN-361100,2025,2025-12-31,prefecture_whole,,,,,,1819.01,secondary_debt,SRC-SECONDARY-DEBT-JIANGXI-SHANGRAO-2025,B2,needs_review,true,法定债务四个分项保持独立；缺失值保留 null。
DEBT-CN-370100-2025-PREFECTURE,CN-370100,2025,2025-12-31,prefecture_whole,285.87,279.40,4298.70,4150.75,4584.57,4430.15,official_debt,SRC-PROVINCE-DEBT-SHANDONG-2025,A1,extracted,true,法定债务四个分项保持独立；缺失值保留 null。
DEBT-CN-370200-2025-PREFECTURE,CN-370200,2025,2025-12-31,prefecture_whole,1224.45,1210.12,4230.50,4053.47,5454.95,5263.59,official_debt,SRC-PROVINCE-DEBT-SHANDONG-2025,A1,extracted,true,法定债务四个分项保持独立；缺失值保留 null。
DEBT-CN-370300-2025-PREFECTURE,CN-370300,2025,2025-12-31,prefecture_whole,384.96,378.51,1363.62,1294.55,1748.58,1673.06,official_debt,SRC-PROVINCE-DEBT-SHANDONG-2025,A1,extracted,true,法定债务四个分项保持独立；缺失值保留 null。
DEBT-CN-370400-2025-PREFECTURE,CN-370400,2025,2025-12-31,prefecture_whole,201.94,199.11,955.31,911.11,1157.25,1110.22,official_debt,SRC-PROVINCE-DEBT-SHANDONG-2025,A1,extracted,true,法定债务四个分项保持独立；缺失值保留 null。
DEBT-CN-370500-2025-PREFECTURE,CN-370500,2025,2025-12-31,prefecture_whole,258.49,251.50,1016.51,990.28,1275.00,1241.78,official_debt,SRC-PROVINCE-DEBT-SHANDONG-2025,A1,extracted,true,法定债务四个分项保持独立；缺失值保留 null。
DEBT-CN-370600-2025-PREFECTURE,CN-370600,2025,2025-12-31,prefecture_whole,713.71,701.40,2308.58,2239.26,3022.29,2940.66,official_debt,SRC-PROVINCE-DEBT-SHANDONG-2025,A1,extracted,true,法定债务四个分项保持独立；缺失值保留 null。
DEBT-CN-370700-2025-PREFECTURE,CN-370700,2025,2025-12-31,prefecture_whole,815.76,808.05,2771.22,2550.36,3586.98,3358.41,official_debt,SRC-PROVINCE-DEBT-SHANDONG-2025,A1,extracted,true,法定债务四个分项保持独立；缺失值保留 null。
DEBT-CN-370800-2025-PREFECTURE,CN-370800,2025,2025-12-31,prefecture_whole,542.43,533.70,1910.89,1829.63,2453.32,2363.33,official_debt,SRC-PROVINCE-DEBT-SHANDONG-2025,A1,extracted,true,法定债务四个分项保持独立；缺失值保留 null。
DEBT-CN-370900-2025-PREFECTURE,CN-370900,2025,2025-12-31,prefecture_whole,381.58,374.94,982.70,934.07,1364.28,1309.01,official_debt,SRC-PROVINCE-DEBT-SHANDONG-2025,A1,extracted,true,法定债务四个分项保持独立；缺失值保留 null。
DEBT-CN-371000-2025-PREFECTURE,CN-371000,2025,2025-12-31,prefecture_whole,319.05,314.74,1220.31,1136.93,1539.36,1451.67,official_debt,SRC-PROVINCE-DEBT-SHANDONG-2025,A1,extracted,true,法定债务四个分项保持独立；缺失值保留 null。
DEBT-CN-371100-2025-PREFECTURE,CN-371100,2025,2025-12-31,prefecture_whole,140.32,136.98,936.05,859.28,1076.37,996.26,official_debt,SRC-PROVINCE-DEBT-SHANDONG-2025,A1,extracted,true,法定债务四个分项保持独立；缺失值保留 null。
DEBT-CN-371300-2025-PREFECTURE,CN-371300,2025,2025-12-31,prefecture_whole,347.88,341.67,1982.71,1917.94,2330.59,2259.61,official_debt,SRC-PROVINCE-DEBT-SHANDONG-2025,A1,extracted,true,法定债务四个分项保持独立；缺失值保留 null。
DEBT-CN-371400-2025-PREFECTURE,CN-371400,2025,2025-12-31,prefecture_whole,367.63,360.21,1509.80,1450.27,1877.43,1810.48,official_debt,SRC-PROVINCE-DEBT-SHANDONG-2025,A1,extracted,true,法定债务四个分项保持独立；缺失值保留 null。
DEBT-CN-371500-2025-PREFECTURE,CN-371500,2025,2025-12-31,prefecture_whole,223.01,217.22,1465.67,1403.16,1688.68,1620.38,official_debt,SRC-PROVINCE-DEBT-SHANDONG-2025,A1,extracted,true,法定债务四个分项保持独立；缺失值保留 null。
DEBT-CN-371600-2025-PREFECTURE,CN-371600,2025,2025-12-31,prefecture_whole,336.87,325.64,1451.39,1412.02,1788.26,1737.66,official_debt,SRC-PROVINCE-DEBT-SHANDONG-2025,A1,extracted,true,法定债务四个分项保持独立；缺失值保留 null。
DEBT-CN-371700-2025-PREFECTURE,CN-371700,2025,2025-12-31,prefecture_whole,165.78,163.81,2123.01,1989.36,2288.79,2153.17,official_debt,SRC-PROVINCE-DEBT-SHANDONG-2025,A1,extracted,true,法定债务四个分项保持独立；缺失值保留 null。
DEBT-CN-410100-2025-PREFECTURE,CN-410100,2025,2025-12-31,prefecture_whole,1761.60,1714.70,2986.80,2955.90,4748.40,4670.60,official_debt,SRC-PROVINCE-DEBT-HENAN-2025,A1,extracted,true,法定债务四个分项保持独立；缺失值保留 null。
DEBT-CN-410200-2025-PREFECTURE,CN-410200,2025,2025-12-31,prefecture_whole,211.80,205.70,794.10,788.50,1005.90,994.20,official_debt,SRC-PROVINCE-DEBT-HENAN-2025,A1,extracted,true,法定债务四个分项保持独立；缺失值保留 null。
DEBT-CN-410300-2025-PREFECTURE,CN-410300,2025,2025-12-31,prefecture_whole,408.30,396.60,1507.00,1498.60,1915.30,1895.20,official_debt,SRC-PROVINCE-DEBT-HENAN-2025,A1,extracted,true,法定债务四个分项保持独立；缺失值保留 null。
DEBT-CN-410400-2025-PREFECTURE,CN-410400,2025,2025-12-31,prefecture_whole,287.90,283.70,830.70,822.60,1118.60,1106.30,official_debt,SRC-PROVINCE-DEBT-HENAN-2025,A1,extracted,true,法定债务四个分项保持独立；缺失值保留 null。
DEBT-CN-410500-2025-PREFECTURE,CN-410500,2025,2025-12-31,prefecture_whole,194.10,186.90,749.00,741.50,943.10,928.40,official_debt,SRC-PROVINCE-DEBT-HENAN-2025,A1,extracted,true,法定债务四个分项保持独立；缺失值保留 null。
DEBT-CN-410600-2025-PREFECTURE,CN-410600,2025,2025-12-31,prefecture_whole,93.50,89.40,451.50,446.80,545.00,536.20,official_debt,SRC-PROVINCE-DEBT-HENAN-2025,A1,extracted,true,法定债务四个分项保持独立；缺失值保留 null。
DEBT-CN-410700-2025-PREFECTURE,CN-410700,2025,2025-12-31,prefecture_whole,264.60,251.30,767.90,758.20,1032.50,1009.50,official_debt,SRC-PROVINCE-DEBT-HENAN-2025,A1,extracted,true,法定债务四个分项保持独立；缺失值保留 null。
DEBT-CN-410800-2025-PREFECTURE,CN-410800,2025,2025-12-31,prefecture_whole,159.00,152.80,646.20,641.20,805.20,794.00,official_debt,SRC-PROVINCE-DEBT-HENAN-2025,A1,extracted,true,法定债务四个分项保持独立；缺失值保留 null。
DEBT-CN-410900-2025-PREFECTURE,CN-410900,2025,2025-12-31,prefecture_whole,189.00,184.00,702.00,695.70,891.00,879.70,official_debt,SRC-PROVINCE-DEBT-HENAN-2025,A1,extracted,true,法定债务四个分项保持独立；缺失值保留 null。
DEBT-CN-411000-2025-PREFECTURE,CN-411000,2025,2025-12-31,prefecture_whole,206.00,201.30,1008.50,1001.20,1214.50,1202.50,official_debt,SRC-PROVINCE-DEBT-HENAN-2025,A1,extracted,true,法定债务四个分项保持独立；缺失值保留 null。
DEBT-CN-411100-2025-PREFECTURE,CN-411100,2025,2025-12-31,prefecture_whole,77.30,75.40,585.30,581.60,662.60,657.00,official_debt,SRC-PROVINCE-DEBT-HENAN-2025,A1,extracted,true,法定债务四个分项保持独立；缺失值保留 null。
DEBT-CN-411200-2025-PREFECTURE,CN-411200,2025,2025-12-31,prefecture_whole,123.60,120.40,447.20,444.40,570.80,564.80,official_debt,SRC-PROVINCE-DEBT-HENAN-2025,A1,extracted,true,法定债务四个分项保持独立；缺失值保留 null。
DEBT-CN-411300-2025-PREFECTURE,CN-411300,2025,2025-12-31,prefecture_whole,313.30,301.00,1374.00,1362.80,1687.30,1663.80,official_debt,SRC-PROVINCE-DEBT-HENAN-2025,A1,extracted,true,法定债务四个分项保持独立；缺失值保留 null。
DEBT-CN-411400-2025-PREFECTURE,CN-411400,2025,2025-12-31,prefecture_whole,252.60,247.00,1387.80,1380.00,1640.40,1627.00,official_debt,SRC-PROVINCE-DEBT-HENAN-2025,A1,extracted,true,法定债务四个分项保持独立；缺失值保留 null。
DEBT-CN-411500-2025-PREFECTURE,CN-411500,2025,2025-12-31,prefecture_whole,184.30,179.50,1184.60,1174.90,1368.90,1354.40,official_debt,SRC-PROVINCE-DEBT-HENAN-2025,A1,extracted,true,法定债务四个分项保持独立；缺失值保留 null。
DEBT-CN-411600-2025-PREFECTURE,CN-411600,2025,2025-12-31,prefecture_whole,250.10,242.80,1189.20,1179.10,1439.30,1421.90,official_debt,SRC-PROVINCE-DEBT-HENAN-2025,A1,extracted,true,法定债务四个分项保持独立；缺失值保留 null。
DEBT-CN-411700-2025-PREFECTURE,CN-411700,2025,2025-12-31,prefecture_whole,229.60,224.80,1119.30,1113.30,1348.90,1338.10,official_debt,SRC-PROVINCE-DEBT-HENAN-2025,A1,extracted,true,法定债务四个分项保持独立；缺失值保留 null。
DEBT-CN-419000-2025-PREFECTURE,CN-419000,2025,2025-12-31,prefecture_whole,71.10,68.50,143.90,143.20,215.00,211.70,official_debt,SRC-PROVINCE-DEBT-HENAN-2025,A1,extracted,true,法定债务四个分项保持独立；缺失值保留 null。
DEBT-CN-420100-2025-PREFECTURE,CN-420100,2025,2025-12-31,prefecture_whole,9467.59,8895.34,2240.20,2157.58,11707.79,11052.92,official_debt,SRC-CITY-DEBT-HUBEI-WUHAN-2025,A1,extracted,true,法定债务四个分项保持独立；缺失值保留 null。
DEBT-CN-420200-2025-PREFECTURE,CN-420200,2025,2025-12-31,prefecture_whole,249.17,227.50,633.84,579.90,883.00,807.40,official_debt,SRC-CITY-DEBT-HUBEI-HUANGSHI-2025,A2,extracted,true,法定债务四个分项保持独立；缺失值保留 null。
DEBT-CN-420300-2025-PREFECTURE,CN-420300,2025,2025-12-31,prefecture_whole,,,,,,1047.60,secondary_debt,SRC-SECONDARY-DEBT-HUBEI-SHIYAN-2025,B2,needs_review,true,法定债务四个分项保持独立；缺失值保留 null。
DEBT-CN-420500-2025-PREFECTURE,CN-420500,2025,2025-12-31,prefecture_whole,,,,,,1471.00,secondary_debt,SRC-SECONDARY-DEBT-HUBEI-YICHANG-2025,B2,needs_review,true,法定债务四个分项保持独立；缺失值保留 null。
DEBT-CN-420600-2025-PREFECTURE,CN-420600,2025,2025-12-31,prefecture_whole,,,,,,1742.20,secondary_debt,SRC-SECONDARY-DEBT-HUBEI-TOP4-2025,B2,needs_review,true,法定债务四个分项保持独立；缺失值保留 null。
DEBT-CN-420700-2025-PREFECTURE,CN-420700,2025,2025-12-31,prefecture_whole,117.13,111.11,578.60,576.88,695.73,687.99,official_debt,SRC-CITY-DEBT-HUBEI-EZHOU-2025,A1,extracted,true,法定债务四个分项保持独立；缺失值保留 null。
DEBT-CN-420800-2025-PREFECTURE,CN-420800,2025,2025-12-31,prefecture_whole,,,,,,600.74,secondary_debt,SRC-SECONDARY-DEBT-HUBEI-TOP4-2025,B2,needs_review,true,法定债务四个分项保持独立；缺失值保留 null。
DEBT-CN-420900-2025-PREFECTURE,CN-420900,2025,2025-12-31,prefecture_whole,,,,,,980.50,secondary_debt,SRC-SECONDARY-CEIC-CN-420900,D,needs_review,true,法定债务四个分项保持独立；缺失值保留 null。
DEBT-CN-421000-2025-PREFECTURE,CN-421000,2025,2025-12-31,prefecture_whole,,,,,,1102.46,secondary_debt,SRC-SECONDARY-DEBT-HUBEI-TOP4-2025,B2,needs_review,true,法定债务四个分项保持独立；缺失值保留 null。
DEBT-CN-421100-2025-PREFECTURE,CN-421100,2025,2025-12-31,prefecture_whole,,,,,,,not_collected,,,missing,false,法定债务四个分项保持独立；缺失值保留 null。
DEBT-CN-421200-2025-PREFECTURE,CN-421200,2025,2025-12-31,prefecture_whole,,,,,,680.74,secondary_debt,SRC-SECONDARY-DEBT-HUBEI-TOP4-2025,B2,needs_review,true,法定债务四个分项保持独立；缺失值保留 null。
DEBT-CN-421300-2025-PREFECTURE,CN-421300,2025,2025-12-31,prefecture_whole,,,,,,,not_collected,,,missing,false,法定债务四个分项保持独立；缺失值保留 null。
DEBT-CN-422800-2025-PREFECTURE,CN-422800,2025,2025-12-31,prefecture_whole,,,,,,,not_collected,,,missing,false,法定债务四个分项保持独立；缺失值保留 null。
DEBT-CN-429000-2025-PREFECTURE,CN-429000,2025,2025-12-31,prefecture_whole,,,,,,,not_collected,,,missing,false,法定债务四个分项保持独立；缺失值保留 null。
DEBT-CN-430100-2025-PREFECTURE,CN-430100,2025,2025-12-31,prefecture_whole,801.76,794.59,2905.05,2876.79,3706.82,3671.38,official_debt,SRC-PROVINCE-DEBT-HUNAN-2025-DETAILED,A1,extracted,true,法定债务四个分项保持独立；缺失值保留 null。
DEBT-CN-430200-2025-PREFECTURE,CN-430200,2025,2025-12-31,prefecture_whole,,433.84,,1260.22,,1694.06,secondary_debt,SRC-SECONDARY-DEBT-HUNAN-ZHUZHOU-2025,B2,needs_review,true,法定债务四个分项保持独立；缺失值保留 null。
DEBT-CN-430300-2025-PREFECTURE,CN-430300,2025,2025-12-31,prefecture_whole,861.52,860.28,1540.24,1533.39,2401.76,2393.66,official_debt,SRC-PROVINCE-DEBT-HUNAN-2025-DETAILED,A1,extracted,true,法定债务四个分项保持独立；缺失值保留 null。
DEBT-CN-430400-2025-PREFECTURE,CN-430400,2025,2025-12-31,prefecture_whole,,502.73,,1184.50,,1687.23,official_debt,SRC-CITY-DEBT-HUNAN-HENGYANG-2025,A2,extracted,true,法定债务四个分项保持独立；缺失值保留 null。
DEBT-CN-430500-2025-PREFECTURE,CN-430500,2025,2025-12-31,prefecture_whole,429.82,424.73,973.40,963.85,1403.22,1388.58,official_debt,SRC-PROVINCE-DEBT-HUNAN-2025-DETAILED,A1,extracted,true,法定债务四个分项保持独立；缺失值保留 null。
DEBT-CN-430600-2025-PREFECTURE,CN-430600,2025,2025-12-31,prefecture_whole,,,,,,1580.16,official_debt,SRC-CITY-DEBT-HUNAN-YUEYANG-2025,A1,extracted,true,法定债务四个分项保持独立；缺失值保留 null。
DEBT-CN-430700-2025-PREFECTURE,CN-430700,2025,2025-12-31,prefecture_whole,581.32,577.41,1051.00,1041.10,1632.32,1618.51,official_debt,SRC-PROVINCE-DEBT-HUNAN-2025-DETAILED,A1,extracted,true,法定债务四个分项保持独立；缺失值保留 null。
DEBT-CN-430800-2025-PREFECTURE,CN-430800,2025,2025-12-31,prefecture_whole,201.66,199.52,465.03,461.96,666.68,661.48,official_debt,SRC-PROVINCE-DEBT-HUNAN-2025-DETAILED,A1,extracted,true,法定债务四个分项保持独立；缺失值保留 null。
DEBT-CN-430900-2025-PREFECTURE,CN-430900,2025,2025-12-31,prefecture_whole,,301.40,,615.55,,916.95,secondary_debt,SRC-SECONDARY-DEBT-HUNAN-YIYANG-2025,B2,needs_review,true,法定债务四个分项保持独立；缺失值保留 null。
DEBT-CN-431000-2025-PREFECTURE,CN-431000,2025,2025-12-31,prefecture_whole,658.76,653.40,941.79,935.81,1600.54,1589.21,official_debt,SRC-PROVINCE-DEBT-HUNAN-2025-DETAILED,A1,extracted,true,法定债务四个分项保持独立；缺失值保留 null。
DEBT-CN-431100-2025-PREFECTURE,CN-431100,2025,2025-12-31,prefecture_whole,429.23,424.91,912.63,909.51,1341.87,1334.42,official_debt,SRC-PROVINCE-DEBT-HUNAN-2025-DETAILED,A1,extracted,true,法定债务四个分项保持独立；缺失值保留 null。
DEBT-CN-431200-2025-PREFECTURE,CN-431200,2025,2025-12-31,prefecture_whole,460.33,456.92,886.31,877.24,1346.64,1334.16,official_debt,SRC-PROVINCE-DEBT-HUNAN-2025-DETAILED,A1,extracted,true,法定债务四个分项保持独立；缺失值保留 null。
DEBT-CN-431300-2025-PREFECTURE,CN-431300,2025,2025-12-31,prefecture_whole,363.48,358.80,582.67,580.75,946.15,939.55,official_debt,SRC-PROVINCE-DEBT-HUNAN-2025-DETAILED,A1,extracted,true,法定债务四个分项保持独立；缺失值保留 null。
DEBT-CN-433100-2025-PREFECTURE,CN-433100,2025,2025-12-31,prefecture_whole,309.37,306.01,469.50,466.35,778.87,772.36,official_debt,SRC-PROVINCE-DEBT-HUNAN-2025-DETAILED,A1,extracted,true,法定债务四个分项保持独立；缺失值保留 null。
DEBT-CN-440100-2025-PREFECTURE,CN-440100,2025,2025-12-31,prefecture_whole,935.32,923.71,6631.41,6534.59,7566.73,7458.30,official_debt,SRC-CITY-DEBT-GUANGDONG-GUANGZHOU-2025,A1,extracted,true,法定债务四个分项保持独立；缺失值保留 null。
DEBT-CN-440200-2025-PREFECTURE,CN-440200,2025,2025-12-31,prefecture_whole,,,,,,937.62,secondary_debt,SRC-SECONDARY-DEBT-GUANGDONG-SHAOGUAN-2025,B2,needs_review,true,法定债务四个分项保持独立；缺失值保留 null。
DEBT-CN-440300-2025-PREFECTURE,CN-440300,2025,2025-12-31,prefecture_whole,,214.70,,4277.60,,4492.30,official_debt,SRC-CITY-DEBT-GUANGDONG-SHENZHEN-2025,A2,extracted,true,法定债务四个分项保持独立；缺失值保留 null。
DEBT-CN-440400-2025-PREFECTURE,CN-440400,2025,2025-12-31,prefecture_whole,,338.25,,1388.84,,1727.09,secondary_debt,SRC-SECONDARY-DEBT-GUANGDONG-ZHUHAI-2025,B2,needs_review,true,法定债务四个分项保持独立；缺失值保留 null。
DEBT-CN-440500-2025-PREFECTURE,CN-440500,2025,2025-12-31,prefecture_whole,,218.80,,1178.10,,1396.90,official_debt,SRC-CITY-DEBT-GUANGDONG-SHANTOU-2025,A2,extracted,true,法定债务四个分项保持独立；缺失值保留 null。
DEBT-CN-440600-2025-PREFECTURE,CN-440600,2025,2025-12-31,prefecture_whole,,403.67,,3170.02,,3573.69,secondary_debt,SRC-SECONDARY-DEBT-GUANGDONG-FOSHAN-2025,B2,needs_review,true,法定债务四个分项保持独立；缺失值保留 null。
DEBT-CN-440700-2025-PREFECTURE,CN-440700,2025,2025-12-31,prefecture_whole,324.17,322.41,1112.58,1109.60,1436.75,1432.01,official_debt,SRC-CITY-DEBT-GUANGDONG-JIANGMEN-2025,A2,extracted,true,法定债务四个分项保持独立；缺失值保留 null。
DEBT-CN-440800-2025-PREFECTURE,CN-440800,2025,2025-12-31,prefecture_whole,320.02,315.51,1190.56,1188.55,1510.58,1504.06,official_debt,SRC-CITY-DEBT-GUANGDONG-ZHANJIANG-2025,A1,extracted,true,法定债务四个分项保持独立；缺失值保留 null。
DEBT-CN-440900-2025-PREFECTURE,CN-440900,2025,2025-12-31,prefecture_whole,,,,,,1203.78,secondary_debt,SRC-SECONDARY-DEBT-GUANGDONG-MAOMING-2025,B2,needs_review,true,法定债务四个分项保持独立；缺失值保留 null。
DEBT-CN-441200-2025-PREFECTURE,CN-441200,2025,2025-12-31,prefecture_whole,,,,,,1423.67,secondary_debt,SRC-SECONDARY-DEBT-GUANGDONG-ZHAOQING-2025,B2,needs_review,true,法定债务四个分项保持独立；缺失值保留 null。
DEBT-CN-441300-2025-PREFECTURE,CN-441300,2025,2025-12-31,prefecture_whole,,,,,,1759.82,secondary_debt,SRC-SECONDARY-DEBT-GUANGDONG-HUIZHOU-2025,B2,needs_review,true,法定债务四个分项保持独立；缺失值保留 null。
DEBT-CN-441400-2025-PREFECTURE,CN-441400,2025,2025-12-31,prefecture_whole,,,,,,1042.34,secondary_debt,SRC-SECONDARY-DEBT-GUANGDONG-MEIZHOU-2025,B2,needs_review,true,法定债务四个分项保持独立；缺失值保留 null。
DEBT-CN-441500-2025-PREFECTURE,CN-441500,2025,2025-12-31,prefecture_whole,151.10,150.20,684.30,681.90,835.40,832.10,official_debt,SRC-CITY-DEBT-GUANGDONG-SHANWEI-2025,A2,extracted,true,法定债务四个分项保持独立；缺失值保留 null。
DEBT-CN-441600-2025-PREFECTURE,CN-441600,2025,2025-12-31,prefecture_whole,290.27,288.34,543.24,542.43,833.51,830.77,official_debt,SRC-CITY-DEBT-GUANGDONG-HEYUAN-2025,A1,extracted,true,法定债务四个分项保持独立；缺失值保留 null。
DEBT-CN-441700-2025-PREFECTURE,CN-441700,2025,2025-12-31,prefecture_whole,,,,,,679.70,secondary_debt,SRC-SECONDARY-DEBT-GUANGDONG-YANGJIANG-2025,B2,needs_review,true,法定债务四个分项保持独立；缺失值保留 null。
DEBT-CN-441800-2025-PREFECTURE,CN-441800,2025,2025-12-31,prefecture_whole,,,,,,1316.55,secondary_debt,SRC-SECONDARY-DEBT-GUANGDONG-QINGYUAN-2025,B2,needs_review,true,法定债务四个分项保持独立；缺失值保留 null。
DEBT-CN-441900-2025-PREFECTURE,CN-441900,2025,2025-12-31,prefecture_whole,,521.14,,1837.14,,2358.28,official_debt,SRC-CITY-DEBT-GUANGDONG-DONGGUAN-2025,A2,extracted,true,法定债务四个分项保持独立；缺失值保留 null。
DEBT-CN-442000-2025-PREFECTURE,CN-442000,2025,2025-12-31,prefecture_whole,8.86,8.80,124.12,123.90,132.98,132.70,official_debt,SRC-OFFICIAL-DEBT-GUANGDONG-ZHONGSHAN-2025,A1,extracted,true,法定债务四个分项保持独立；缺失值保留 null。
DEBT-CN-445100-2025-PREFECTURE,CN-445100,2025,2025-12-31,prefecture_whole,,,,,,562.38,secondary_debt,SRC-SECONDARY-DEBT-GUANGDONG-CHAOZHOU-2025,B2,needs_review,true,法定债务四个分项保持独立；缺失值保留 null。
DEBT-CN-445200-2025-PREFECTURE,CN-445200,2025,2025-12-31,prefecture_whole,,,,,,741.87,secondary_debt,SRC-SECONDARY-DEBT-GUANGDONG-JIEYANG-2025,B2,needs_review,true,法定债务四个分项保持独立；缺失值保留 null。
DEBT-CN-445300-2025-PREFECTURE,CN-445300,2025,2025-12-31,prefecture_whole,,223.60,,467.83,,691.43,official_debt,SRC-OFFICIAL-DEBT-GUANGDONG-YUNFU-2025,A1,extracted,true,法定债务四个分项保持独立；缺失值保留 null。
DEBT-CN-450100-2025-PREFECTURE,CN-450100,2025,2025-12-31,prefecture_whole,,,,,,1784.79,secondary_debt,SRC-SECONDARY-DEBT-GUANGXI-NANNING-2025,B2,needs_review,true,法定债务四个分项保持独立；缺失值保留 null。
DEBT-CN-450200-2025-PREFECTURE,CN-450200,2025,2025-12-31,prefecture_whole,,,,,,1157.33,secondary_debt,SRC-SECONDARY-DEBT-GUANGXI-LIUZHOU-2025,B2,needs_review,true,法定债务四个分项保持独立；缺失值保留 null。
DEBT-CN-450300-2025-PREFECTURE,CN-450300,2025,2025-12-31,prefecture_whole,,,,,,1075.41,secondary_debt,SRC-SECONDARY-CEIC-CN-450300,D,needs_review,true,法定债务四个分项保持独立；缺失值保留 null。
DEBT-CN-450400-2025-PREFECTURE,CN-450400,2025,2025-12-31,prefecture_whole,,,,,,667.54,secondary_debt,SRC-SECONDARY-DEBT-GUANGXI-WUZHOU-2025,B2,needs_review,true,法定债务四个分项保持独立；缺失值保留 null。
DEBT-CN-450500-2025-PREFECTURE,CN-450500,2025,2025-12-31,prefecture_whole,,,,,,426.44,secondary_debt,SRC-SECONDARY-CEIC-CN-450500,D,needs_review,true,法定债务四个分项保持独立；缺失值保留 null。
DEBT-CN-450600-2025-PREFECTURE,CN-450600,2025,2025-12-31,prefecture_whole,156.55,146.78,232.13,228.80,388.68,375.59,official_debt,SRC-CITY-DEBT-GUANGXI-FANGCHENGGANG-2025,A1,extracted,true,法定债务四个分项保持独立；缺失值保留 null。
DEBT-CN-450700-2025-PREFECTURE,CN-450700,2025,2025-12-31,prefecture_whole,,,,,,800.51,secondary_debt,SRC-SECONDARY-DEBT-GUANGXI-QINZHOU-CHONGZUO-2025,B2,needs_review,true,法定债务四个分项保持独立；缺失值保留 null。
DEBT-CN-450800-2025-PREFECTURE,CN-450800,2025,2025-12-31,prefecture_whole,,,,,,608.25,secondary_debt,SRC-SECONDARY-DEBT-GUANGXI-GUIGANG-2025,B2,needs_review,true,法定债务四个分项保持独立；缺失值保留 null。
DEBT-CN-450900-2025-PREFECTURE,CN-450900,2025,2025-12-31,prefecture_whole,,,,,,871.37,secondary_debt,SRC-SECONDARY-DEBT-GUANGXI-YULIN-2025,B2,needs_review,true,法定债务四个分项保持独立；缺失值保留 null。
DEBT-CN-451000-2025-PREFECTURE,CN-451000,2025,2025-12-31,prefecture_whole,,,,,,926.68,secondary_debt,SRC-SECONDARY-DEBT-GUANGXI-BAISE-2025,B2,needs_review,true,法定债务四个分项保持独立；缺失值保留 null。
DEBT-CN-451100-2025-PREFECTURE,CN-451100,2025,2025-12-31,prefecture_whole,,170.51,,330.98,,501.50,official_debt,SRC-OFFICIAL-DEBT-GUANGXI-HEZHOU-2025,A2,extracted,true,法定债务四个分项保持独立；缺失值保留 null。
DEBT-CN-451200-2025-PREFECTURE,CN-451200,2025,2025-12-31,prefecture_whole,,,,,,633.06,secondary_debt,SRC-SECONDARY-CEIC-CN-451200,D,needs_review,true,法定债务四个分项保持独立；缺失值保留 null。
DEBT-CN-451300-2025-PREFECTURE,CN-451300,2025,2025-12-31,prefecture_whole,,281.79,,359.74,,641.53,official_debt,SRC-OFFICIAL-DEBT-GUANGXI-LAIBIN-2025,A2,extracted,true,法定债务四个分项保持独立；缺失值保留 null。
DEBT-CN-451400-2025-PREFECTURE,CN-451400,2025,2025-12-31,prefecture_whole,,,,,,646.63,secondary_debt,SRC-SECONDARY-DEBT-GUANGXI-QINZHOU-CHONGZUO-2025,B2,needs_review,true,法定债务四个分项保持独立；缺失值保留 null。
DEBT-CN-460100-2025-PREFECTURE,CN-460100,2025,2025-12-31,prefecture_whole,,232.90,,1143.90,,1376.80,secondary_debt,SRC-NEWS-DEBT-HAINAN-HAIKOU-2025,C,needs_review,true,法定债务四个分项保持独立；缺失值保留 null。
DEBT-CN-460200-2025-PREFECTURE,CN-460200,2025,2025-12-31,prefecture_whole,,170.70,,665.50,,836.20,official_debt,SRC-CITY-DEBT-HAINAN-SANYA-2025,A2,extracted,true,法定债务四个分项保持独立；缺失值保留 null。
DEBT-CN-460300-2025-PREFECTURE,CN-460300,2025,2025-12-31,prefecture_whole,,,,,,,not_collected,,,missing,false,法定债务四个分项保持独立；缺失值保留 null。
DEBT-CN-460400-2025-PREFECTURE,CN-460400,2025,2025-12-31,prefecture_whole,,,,,,,not_collected,,,missing,false,法定债务四个分项保持独立；缺失值保留 null。
DEBT-CN-469000-2025-PREFECTURE,CN-469000,2025,2025-12-31,prefecture_whole,,,,,,,not_collected,,,missing,false,法定债务四个分项保持独立；缺失值保留 null。
DEBT-CN-500000-2025-PREFECTURE,CN-500000,2025,2025-12-31,prefecture_whole,17681.00,16782.00,4077.00,3957.00,21758.00,20739.00,official_debt,SRC-PROVINCE-DEBT-CHONGQING-2025,A1,extracted,true,法定债务四个分项保持独立；缺失值保留 null。
DEBT-CN-510100-2025-PREFECTURE,CN-510100,2025,2025-12-31,prefecture_whole,,,,,,7223.90,secondary_debt,SRC-SECONDARY-DEBT-SICHUAN-TOP6-2025,B2,needs_review,true,法定债务四个分项保持独立；缺失值保留 null。
DEBT-CN-510300-2025-PREFECTURE,CN-510300,2025,2025-12-31,prefecture_whole,,,,,,1015.80,secondary_debt,SRC-SECONDARY-DEBT-SICHUAN-ZIGONG-2025,B2,needs_review,true,法定债务四个分项保持独立；缺失值保留 null。
DEBT-CN-510400-2025-PREFECTURE,CN-510400,2025,2025-12-31,prefecture_whole,,,,,,415.80,secondary_debt,SRC-SECONDARY-DEBT-SICHUAN-PANZHIHUA-2025,B2,needs_review,true,法定债务四个分项保持独立；缺失值保留 null。
DEBT-CN-510500-2025-PREFECTURE,CN-510500,2025,2025-12-31,prefecture_whole,,,,,,1343.00,secondary_debt,SRC-SECONDARY-DEBT-SICHUAN-TOP6-2025,B2,needs_review,true,法定债务四个分项保持独立；缺失值保留 null。
DEBT-CN-510600-2025-PREFECTURE,CN-510600,2025,2025-12-31,prefecture_whole,,,,,,1123.70,secondary_debt,SRC-SECONDARY-DEBT-SICHUAN-DEYANG-2025,B2,needs_review,true,法定债务四个分项保持独立；缺失值保留 null。
DEBT-CN-510700-2025-PREFECTURE,CN-510700,2025,2025-12-31,prefecture_whole,,,,,,1537.00,secondary_debt,SRC-SECONDARY-DEBT-SICHUAN-TOP6-2025,B2,needs_review,true,法定债务四个分项保持独立；缺失值保留 null。
DEBT-CN-510800-2025-PREFECTURE,CN-510800,2025,2025-12-31,prefecture_whole,,,,,,775.40,secondary_debt,SRC-SECONDARY-DEBT-SICHUAN-GUANGYUAN-2025,B2,needs_review,true,法定债务四个分项保持独立；缺失值保留 null。
DEBT-CN-510900-2025-PREFECTURE,CN-510900,2025,2025-12-31,prefecture_whole,,,,,,1064.95,secondary_debt,SRC-SECONDARY-DEBT-SICHUAN-SUINING-2025,B2,needs_review,true,法定债务四个分项保持独立；缺失值保留 null。
DEBT-CN-511000-2025-PREFECTURE,CN-511000,2025,2025-12-31,prefecture_whole,,359.46,,623.09,,982.55,secondary_debt,SRC-SECONDARY-DEBT-SICHUAN-NEIJIANG-2025,B2,needs_review,true,法定债务四个分项保持独立；缺失值保留 null。
DEBT-CN-511100-2025-PREFECTURE,CN-511100,2025,2025-12-31,prefecture_whole,,,,,,1128.90,official_debt,SRC-OFFICIAL-DEBT-SICHUAN-LESHAN-2025,A2,extracted,true,法定债务四个分项保持独立；缺失值保留 null。
DEBT-CN-511300-2025-PREFECTURE,CN-511300,2025,2025-12-31,prefecture_whole,,,,,,1519.40,secondary_debt,SRC-SECONDARY-DEBT-SICHUAN-TOP6-2025,B2,needs_review,true,法定债务四个分项保持独立；缺失值保留 null。
DEBT-CN-511400-2025-PREFECTURE,CN-511400,2025,2025-12-31,prefecture_whole,,236.66,,747.45,,984.11,secondary_debt,SRC-SECONDARY-DEBT-SICHUAN-MEISHAN-2025,B2,needs_review,true,法定债务四个分项保持独立；缺失值保留 null。
DEBT-CN-511500-2025-PREFECTURE,CN-511500,2025,2025-12-31,prefecture_whole,,,,,,1595.80,secondary_debt,SRC-SECONDARY-DEBT-SICHUAN-TOP6-2025,B2,needs_review,true,法定债务四个分项保持独立；缺失值保留 null。
DEBT-CN-511600-2025-PREFECTURE,CN-511600,2025,2025-12-31,prefecture_whole,,,,,,968.03,secondary_debt,SRC-SECONDARY-DEBT-SICHUAN-GUANGAN-2025,B2,needs_review,true,法定债务四个分项保持独立；缺失值保留 null。
DEBT-CN-511700-2025-PREFECTURE,CN-511700,2025,2025-12-31,prefecture_whole,,,,,,1427.70,secondary_debt,SRC-SECONDARY-DEBT-SICHUAN-TOP6-2025,B2,needs_review,true,法定债务四个分项保持独立；缺失值保留 null。
DEBT-CN-511800-2025-PREFECTURE,CN-511800,2025,2025-12-31,prefecture_whole,,,,,,517.61,official_debt,SRC-CITY-DEBT-SICHUAN-YAAN-2025,A2,extracted,true,法定债务四个分项保持独立；缺失值保留 null。
DEBT-CN-511900-2025-PREFECTURE,CN-511900,2025,2025-12-31,prefecture_whole,,,,,,1096.50,secondary_debt,SRC-SECONDARY-DEBT-SICHUAN-BAZHONG-2025,B2,needs_review,true,法定债务四个分项保持独立；缺失值保留 null。
DEBT-CN-512000-2025-PREFECTURE,CN-512000,2025,2025-12-31,prefecture_whole,,,,,,765.60,secondary_debt,SRC-SECONDARY-DEBT-SICHUAN-ZIYANG-2025,B2,needs_review,true,法定债务四个分项保持独立；缺失值保留 null。
DEBT-CN-513200-2025-PREFECTURE,CN-513200,2025,2025-12-31,prefecture_whole,,,,,,207.70,secondary_debt,SRC-SECONDARY-DEBT-SICHUAN-ABA-2025,B2,needs_review,true,法定债务四个分项保持独立；缺失值保留 null。
DEBT-CN-513300-2025-PREFECTURE,CN-513300,2025,2025-12-31,prefecture_whole,,,,,,186.80,secondary_debt,SRC-SECONDARY-DEBT-SICHUAN-GANZI-2025,B2,needs_review,true,法定债务四个分项保持独立；缺失值保留 null。
DEBT-CN-513400-2025-PREFECTURE,CN-513400,2025,2025-12-31,prefecture_whole,,,,,,684.00,secondary_debt,SRC-SECONDARY-DEBT-SICHUAN-LIANGSHAN-2025,B2,needs_review,true,法定债务四个分项保持独立；缺失值保留 null。
DEBT-CN-520100-2025-PREFECTURE,CN-520100,2025,2025-12-31,prefecture_whole,886.19,875.52,3486.98,3454.37,4373.17,4329.89,official_debt,SRC-PROVINCE-DEBT-GUIZHOU-2025,A1,extracted,true,法定债务四个分项保持独立；缺失值保留 null。
DEBT-CN-520200-2025-PREFECTURE,CN-520200,2025,2025-12-31,prefecture_whole,690.32,683.50,587.41,583.85,1277.73,1267.35,official_debt,SRC-PROVINCE-DEBT-GUIZHOU-2025,A1,extracted,true,法定债务四个分项保持独立；缺失值保留 null。
DEBT-CN-520300-2025-PREFECTURE,CN-520300,2025,2025-12-31,prefecture_whole,1620.18,1610.13,1450.96,1442.30,3071.14,3052.43,official_debt,SRC-PROVINCE-DEBT-GUIZHOU-2025,A1,extracted,true,法定债务四个分项保持独立；缺失值保留 null。
DEBT-CN-520400-2025-PREFECTURE,CN-520400,2025,2025-12-31,prefecture_whole,428.87,425.29,422.51,419.51,851.38,844.80,official_debt,SRC-PROVINCE-DEBT-GUIZHOU-2025,A1,extracted,true,法定债务四个分项保持独立；缺失值保留 null。
DEBT-CN-520500-2025-PREFECTURE,CN-520500,2025,2025-12-31,prefecture_whole,986.28,972.39,816.94,811.78,1803.22,1784.17,official_debt,SRC-PROVINCE-DEBT-GUIZHOU-2025,A1,extracted,true,法定债务四个分项保持独立；缺失值保留 null。
DEBT-CN-520600-2025-PREFECTURE,CN-520600,2025,2025-12-31,prefecture_whole,830.76,822.66,697.67,695.01,1528.43,1517.67,official_debt,SRC-PROVINCE-DEBT-GUIZHOU-2025,A1,extracted,true,法定债务四个分项保持独立；缺失值保留 null。
DEBT-CN-522300-2025-PREFECTURE,CN-522300,2025,2025-12-31,prefecture_whole,616.66,611.52,606.99,603.98,1223.65,1215.50,official_debt,SRC-PROVINCE-DEBT-GUIZHOU-2025,A1,extracted,true,法定债务四个分项保持独立；缺失值保留 null。
DEBT-CN-522600-2025-PREFECTURE,CN-522600,2025,2025-12-31,prefecture_whole,533.29,518.08,623.64,621.04,1156.93,1139.12,official_debt,SRC-PROVINCE-DEBT-GUIZHOU-2025,A1,extracted,true,法定债务四个分项保持独立；缺失值保留 null。
DEBT-CN-522700-2025-PREFECTURE,CN-522700,2025,2025-12-31,prefecture_whole,761.28,756.92,956.04,948.33,1717.32,1705.25,official_debt,SRC-PROVINCE-DEBT-GUIZHOU-2025,A1,extracted,true,法定债务四个分项保持独立；缺失值保留 null。
DEBT-CN-530100-2025-PREFECTURE,CN-530100,2025,2025-12-31,prefecture_whole,,,,,,3132.10,secondary_debt,SRC-SECONDARY-DEBT-YUNNAN-KUNMING-2025,B2,needs_review,true,法定债务四个分项保持独立；缺失值保留 null。
DEBT-CN-530300-2025-PREFECTURE,CN-530300,2025,2025-12-31,prefecture_whole,355.80,346.50,839.18,836.79,1194.98,1183.29,official_debt,SRC-OFFICIAL-DEBT-YUNNAN-QUJING-2025,A2,extracted,true,法定债务四个分项保持独立；缺失值保留 null。
DEBT-CN-530400-2025-PREFECTURE,CN-530400,2025,2025-12-31,prefecture_whole,,,,,,1003.15,secondary_debt,SRC-SECONDARY-DEBT-YUNNAN-YUXI-2025,B2,needs_review,true,法定债务四个分项保持独立；缺失值保留 null。
DEBT-CN-530500-2025-PREFECTURE,CN-530500,2025,2025-12-31,prefecture_whole,,298.37,,692.41,,990.77,official_debt,SRC-CITY-DEBT-YUNNAN-BAOSHAN-2025,A1,extracted,true,法定债务四个分项保持独立；缺失值保留 null。
DEBT-CN-530600-2025-PREFECTURE,CN-530600,2025,2025-12-31,prefecture_whole,,,,,,1405.11,secondary_debt,SRC-SECONDARY-CEIC-CN-530600,D,needs_review,true,法定债务四个分项保持独立；缺失值保留 null。
DEBT-CN-530700-2025-PREFECTURE,CN-530700,2025,2025-12-31,prefecture_whole,,,,,,478.08,secondary_debt,SRC-SECONDARY-CEIC-CN-530700,D,needs_review,true,法定债务四个分项保持独立；缺失值保留 null。
DEBT-CN-530800-2025-PREFECTURE,CN-530800,2025,2025-12-31,prefecture_whole,,214.78,,492.58,,707.36,official_debt,SRC-OFFICIAL-DEBT-YUNNAN-PUER-2025,A2,extracted,true,法定债务四个分项保持独立；缺失值保留 null。
DEBT-CN-530900-2025-PREFECTURE,CN-530900,2025,2025-12-31,prefecture_whole,,,,,,689.07,secondary_debt,SRC-SECONDARY-DEBT-YUNNAN-LINCANG-2025,B2,needs_review,true,法定债务四个分项保持独立；缺失值保留 null。
DEBT-CN-532300-2025-PREFECTURE,CN-532300,2025,2025-12-31,prefecture_whole,,,,,,801.85,official_debt,SRC-OFFICIAL-DEBT-YUNNAN-CHUXIONG-2025,A2,extracted,true,法定债务四个分项保持独立；缺失值保留 null。
DEBT-CN-532500-2025-PREFECTURE,CN-532500,2025,2025-12-31,prefecture_whole,287.03,277.51,885.60,879.72,1172.63,1157.23,official_debt,SRC-CITY-DEBT-YUNNAN-HONGHE-2025,A1,extracted,true,法定债务四个分项保持独立；缺失值保留 null。
DEBT-CN-532600-2025-PREFECTURE,CN-532600,2025,2025-12-31,prefecture_whole,,,,,,1018.95,official_debt,SRC-OFFICIAL-DEBT-YUNNAN-WENSHAN-2025,A2,extracted,true,法定债务四个分项保持独立；缺失值保留 null。
DEBT-CN-532800-2025-PREFECTURE,CN-532800,2025,2025-12-31,prefecture_whole,,,,,,340.34,official_debt,SRC-OFFICIAL-DEBT-YUNNAN-XISHUANGBANNA-2025,A2,extracted,true,法定债务四个分项保持独立；缺失值保留 null。
DEBT-CN-532900-2025-PREFECTURE,CN-532900,2025,2025-12-31,prefecture_whole,,2289.80,,7167.80,,9457.59,official_debt,SRC-OFFICIAL-DEBT-YUNNAN-DALI-2025,A1,extracted,true,法定债务四个分项保持独立；缺失值保留 null。
DEBT-CN-533100-2025-PREFECTURE,CN-533100,2025,2025-12-31,prefecture_whole,,207.77,,351.38,,559.14,official_debt,SRC-OFFICIAL-DEBT-YUNNAN-DEHONG-2025,A2,extracted,true,法定债务四个分项保持独立；缺失值保留 null。
DEBT-CN-533300-2025-PREFECTURE,CN-533300,2025,2025-12-31,prefecture_whole,,113.50,,86.59,,200.09,official_debt,SRC-OFFICIAL-DEBT-YUNNAN-NUJIANG-2025,A2,extracted,true,法定债务四个分项保持独立；缺失值保留 null。
DEBT-CN-533400-2025-PREFECTURE,CN-533400,2025,2025-12-31,prefecture_whole,111.73,107.93,119.98,119.40,231.71,227.33,official_debt,SRC-CITY-DEBT-YUNNAN-DIQING-2025,A1,extracted,true,法定债务四个分项保持独立；缺失值保留 null。
DEBT-CN-540100-2025-PREFECTURE,CN-540100,2025,2025-12-31,prefecture_whole,83.67,82.75,102.78,90.70,186.45,173.45,official_debt,SRC-CITY-DEBT-TIBET-LHASA-2025,A1,extracted,true,法定债务四个分项保持独立；缺失值保留 null。
DEBT-CN-540200-2025-PREFECTURE,CN-540200,2025,2025-12-31,prefecture_whole,97.95,96.37,54.68,54.48,152.63,150.85,official_debt,SRC-PROVINCE-DEBT-TIBET-2025,A1,extracted,true,法定债务四个分项保持独立；缺失值保留 null。
DEBT-CN-540300-2025-PREFECTURE,CN-540300,2025,2025-12-31,prefecture_whole,95.37,94.84,22.75,22.75,118.11,117.59,official_debt,SRC-CITY-DEBT-TIBET-CHANGDU-2025,A1,extracted,true,法定债务四个分项保持独立；缺失值保留 null。
DEBT-CN-540400-2025-PREFECTURE,CN-540400,2025,2025-12-31,prefecture_whole,23.74,23.12,37.64,37.60,61.38,60.72,official_debt,SRC-CITY-DEBT-TIBET-LINZHI-2025,A1,extracted,true,法定债务四个分项保持独立；缺失值保留 null。
DEBT-CN-540500-2025-PREFECTURE,CN-540500,2025,2025-12-31,prefecture_whole,,54.54,,40.41,,94.95,official_debt,SRC-CITY-DEBT-TIBET-SHANNAN-2025,A1,extracted,true,法定债务四个分项保持独立；缺失值保留 null。
DEBT-CN-540600-2025-PREFECTURE,CN-540600,2025,2025-12-31,prefecture_whole,75.93,75.79,52.16,51.59,128.09,127.38,official_debt,SRC-PROVINCE-DEBT-TIBET-2025,A1,extracted,true,法定债务四个分项保持独立；缺失值保留 null。
DEBT-CN-542500-2025-PREFECTURE,CN-542500,2025,2025-12-31,prefecture_whole,,56.33,,32.69,,89.02,official_debt,SRC-CITY-DEBT-TIBET-ALI-2025,A1,extracted,true,法定债务四个分项保持独立；缺失值保留 null。
DEBT-CN-610100-2025-PREFECTURE,CN-610100,2025,2025-12-31,prefecture_whole,,,,,,5363.14,secondary_debt,SRC-SECONDARY-DEBT-SHAANXI-XIAN-2025,B2,needs_review,true,法定债务四个分项保持独立；缺失值保留 null。
DEBT-CN-610200-2025-PREFECTURE,CN-610200,2025,2025-12-31,prefecture_whole,133.20,128.10,211.90,209.30,345.10,337.40,official_debt,SRC-PROVINCE-DEBT-SHAANXI-2025,A2,extracted,true,法定债务四个分项保持独立；缺失值保留 null。
DEBT-CN-610300-2025-PREFECTURE,CN-610300,2025,2025-12-31,prefecture_whole,275.20,259.80,496.70,484.60,771.90,744.40,official_debt,SRC-PROVINCE-DEBT-SHAANXI-2025,A2,extracted,true,法定债务四个分项保持独立；缺失值保留 null。
DEBT-CN-610400-2025-PREFECTURE,CN-610400,2025,2025-12-31,prefecture_whole,269.90,259.30,561.10,553.60,831.00,812.90,official_debt,SRC-PROVINCE-DEBT-SHAANXI-2025,A2,extracted,true,法定债务四个分项保持独立；缺失值保留 null。
DEBT-CN-610500-2025-PREFECTURE,CN-610500,2025,2025-12-31,prefecture_whole,387.80,370.30,584.90,578.40,972.70,948.70,official_debt,SRC-PROVINCE-DEBT-SHAANXI-2025,A2,extracted,true,法定债务四个分项保持独立；缺失值保留 null。
DEBT-CN-610600-2025-PREFECTURE,CN-610600,2025,2025-12-31,prefecture_whole,419.20,399.90,446.80,430.10,866.00,830.00,official_debt,SRC-PROVINCE-DEBT-SHAANXI-2025,A2,extracted,true,法定债务四个分项保持独立；缺失值保留 null。
DEBT-CN-610700-2025-PREFECTURE,CN-610700,2025,2025-12-31,prefecture_whole,284.50,276.10,502.30,476.20,786.80,752.30,official_debt,SRC-PROVINCE-DEBT-SHAANXI-2025,A2,extracted,true,法定债务四个分项保持独立；缺失值保留 null。
DEBT-CN-610800-2025-PREFECTURE,CN-610800,2025,2025-12-31,prefecture_whole,499.30,480.80,392.10,378.30,891.40,859.10,official_debt,SRC-PROVINCE-DEBT-SHAANXI-2025,A2,extracted,true,法定债务四个分项保持独立；缺失值保留 null。
DEBT-CN-610900-2025-PREFECTURE,CN-610900,2025,2025-12-31,prefecture_whole,395.00,386.00,399.80,389.40,794.80,775.40,official_debt,SRC-PROVINCE-DEBT-SHAANXI-2025,A2,extracted,true,法定债务四个分项保持独立；缺失值保留 null。
DEBT-CN-611000-2025-PREFECTURE,CN-611000,2025,2025-12-31,prefecture_whole,370.90,360.50,233.40,223.60,604.30,584.10,official_debt,SRC-PROVINCE-DEBT-SHAANXI-2025,A2,extracted,true,法定债务四个分项保持独立；缺失值保留 null。
DEBT-CN-620100-2025-PREFECTURE,CN-620100,2025,2025-12-31,prefecture_whole,,,,,,1979.51,secondary_debt,SRC-SECONDARY-CEIC-CN-620100,D,needs_review,true,法定债务四个分项保持独立；缺失值保留 null。
DEBT-CN-620200-2025-PREFECTURE,CN-620200,2025,2025-12-31,prefecture_whole,,80.57,,32.61,,113.18,official_debt,SRC-OFFICIAL-DEBT-GANSU-JIAYUGUAN-2025,A2,extracted,true,法定债务四个分项保持独立；缺失值保留 null。
DEBT-CN-620300-2025-PREFECTURE,CN-620300,2025,2025-12-31,prefecture_whole,,,,,,,not_collected,,,missing,false,法定债务四个分项保持独立；缺失值保留 null。
DEBT-CN-620400-2025-PREFECTURE,CN-620400,2025,2025-12-31,prefecture_whole,,126.16,,275.29,,401.45,official_debt,SRC-CITY-DEBT-GANSU-BAIYIN-2025,A2,extracted,true,法定债务四个分项保持独立；缺失值保留 null。
DEBT-CN-620500-2025-PREFECTURE,CN-620500,2025,2025-12-31,prefecture_whole,,1082.80,,4266.52,,5349.31,official_debt,SRC-OFFICIAL-DEBT-GANSU-TIANSHUI-2025,A2,extracted,true,法定债务四个分项保持独立；缺失值保留 null。
DEBT-CN-620600-2025-PREFECTURE,CN-620600,2025,2025-12-31,prefecture_whole,,,,,,,not_collected,,,missing,false,法定债务四个分项保持独立；缺失值保留 null。
DEBT-CN-620700-2025-PREFECTURE,CN-620700,2025,2025-12-31,prefecture_whole,,91.78,,241.62,,333.40,official_debt,SRC-OFFICIAL-DEBT-GANSU-ZHANGYE-2025,A2,extracted,true,法定债务四个分项保持独立；缺失值保留 null。
DEBT-CN-620800-2025-PREFECTURE,CN-620800,2025,2025-12-31,prefecture_whole,,119.00,,273.80,,392.80,official_debt,SRC-OFFICIAL-DEBT-GANSU-PINGLIANG-2025,A2,extracted,true,法定债务四个分项保持独立；缺失值保留 null。
DEBT-CN-620900-2025-PREFECTURE,CN-620900,2025,2025-12-31,prefecture_whole,,,,,,,not_collected,,,missing,false,法定债务四个分项保持独立；缺失值保留 null。
DEBT-CN-621000-2025-PREFECTURE,CN-621000,2025,2025-12-31,prefecture_whole,,,,,,,not_collected,,,missing,false,法定债务四个分项保持独立；缺失值保留 null。
DEBT-CN-621100-2025-PREFECTURE,CN-621100,2025,2025-12-31,prefecture_whole,,2025.00,,2026.00,,4051.00,official_debt,SRC-OFFICIAL-DEBT-GANSU-DINGXI-2025,A2,extracted,true,法定债务四个分项保持独立；缺失值保留 null。
DEBT-CN-621200-2025-PREFECTURE,CN-621200,2025,2025-12-31,prefecture_whole,,,,,,,not_collected,,,missing,false,法定债务四个分项保持独立；缺失值保留 null。
DEBT-CN-622900-2025-PREFECTURE,CN-622900,2025,2025-12-31,prefecture_whole,,155.41,,350.33,,505.74,official_debt,SRC-OFFICIAL-DEBT-GANSU-LINXIA-2025,A2,extracted,true,法定债务四个分项保持独立；缺失值保留 null。
DEBT-CN-623000-2025-PREFECTURE,CN-623000,2025,2025-12-31,prefecture_whole,,,,,,,not_collected,,,missing,false,法定债务四个分项保持独立；缺失值保留 null。
DEBT-CN-630100-2025-PREFECTURE,CN-630100,2025,2025-12-31,prefecture_whole,359.06,351.24,412.56,386.00,771.62,737.24,official_debt,SRC-PROVINCE-DEBT-QINGHAI-2025,A1,extracted,true,法定债务四个分项保持独立；缺失值保留 null。
DEBT-CN-630200-2025-PREFECTURE,CN-630200,2025,2025-12-31,prefecture_whole,231.60,220.70,232.44,228.15,464.04,448.85,official_debt,SRC-PROVINCE-DEBT-QINGHAI-2025,A1,extracted,true,法定债务四个分项保持独立；缺失值保留 null。
DEBT-CN-632200-2025-PREFECTURE,CN-632200,2025,2025-12-31,prefecture_whole,39.77,37.18,9.84,8.84,49.61,46.02,official_debt,SRC-PROVINCE-DEBT-QINGHAI-2025,A1,extracted,true,法定债务四个分项保持独立；缺失值保留 null。
DEBT-CN-632300-2025-PREFECTURE,CN-632300,2025,2025-12-31,prefecture_whole,43.80,43.28,23.79,21.79,67.58,65.07,official_debt,SRC-PROVINCE-DEBT-QINGHAI-2025,A1,extracted,true,法定债务四个分项保持独立；缺失值保留 null。
DEBT-CN-632500-2025-PREFECTURE,CN-632500,2025,2025-12-31,prefecture_whole,63.68,62.13,23.80,22.30,87.48,84.43,official_debt,SRC-PROVINCE-DEBT-QINGHAI-2025,A1,extracted,true,法定债务四个分项保持独立；缺失值保留 null。
DEBT-CN-632600-2025-PREFECTURE,CN-632600,2025,2025-12-31,prefecture_whole,42.30,42.10,6.92,5.92,49.22,48.02,official_debt,SRC-PROVINCE-DEBT-QINGHAI-2025,A1,extracted,true,法定债务四个分项保持独立；缺失值保留 null。
DEBT-CN-632700-2025-PREFECTURE,CN-632700,2025,2025-12-31,prefecture_whole,40.96,40.64,6.91,5.91,47.87,46.55,official_debt,SRC-PROVINCE-DEBT-QINGHAI-2025,A1,extracted,true,法定债务四个分项保持独立；缺失值保留 null。
DEBT-CN-632800-2025-PREFECTURE,CN-632800,2025,2025-12-31,prefecture_whole,187.36,182.79,108.84,99.78,296.20,282.57,official_debt,SRC-PROVINCE-DEBT-QINGHAI-2025,A1,extracted,true,法定债务四个分项保持独立；缺失值保留 null。
DEBT-CN-640100-2025-PREFECTURE,CN-640100,2025,2025-12-31,prefecture_whole,528.93,511.87,471.02,457.98,999.95,969.85,official_debt,SRC-CITY-DEBT-NINGXIA-YINCHUAN-2025,A1,extracted,true,法定债务四个分项保持独立；缺失值保留 null。
DEBT-CN-640200-2025-PREFECTURE,CN-640200,2025,2025-12-31,prefecture_whole,145.18,136.67,67.10,61.22,212.28,197.88,official_debt,SRC-CITY-DEBT-NINGXIA-SHIZUISHAN-2025,A1,extracted,true,法定债务四个分项保持独立；缺失值保留 null。
DEBT-CN-640300-2025-PREFECTURE,CN-640300,2025,2025-12-31,prefecture_whole,230.56,222.38,126.58,122.44,357.14,344.82,official_debt,SRC-CITY-DEBT-NINGXIA-WUZHONG-2025,A1,extracted,true,法定债务四个分项保持独立；缺失值保留 null。
DEBT-CN-640400-2025-PREFECTURE,CN-640400,2025,2025-12-31,prefecture_whole,,220.64,,106.57,,327.21,official_debt,SRC-CITY-DEBT-NINGXIA-GUYUAN-2025,A1,extracted,true,法定债务四个分项保持独立；缺失值保留 null。
DEBT-CN-640500-2025-PREFECTURE,CN-640500,2025,2025-12-31,prefecture_whole,,,,,,266.63,official_debt,SRC-CITY-DEBT-NINGXIA-ZHONGWEI-2025,A1,extracted,true,法定债务四个分项保持独立；缺失值保留 null。
DEBT-CN-650100-2025-PREFECTURE,CN-650100,2025,2025-12-31,prefecture_whole,541.16,519.59,2005.52,1938.87,2546.68,2458.46,official_debt,SRC-PROVINCE-DEBT-XINJIANG-2025,A1,extracted,true,法定债务四个分项保持独立；缺失值保留 null。
DEBT-CN-650200-2025-PREFECTURE,CN-650200,2025,2025-12-31,prefecture_whole,182.02,166.15,244.02,242.13,426.04,408.28,official_debt,SRC-PROVINCE-DEBT-XINJIANG-2025,A1,extracted,true,法定债务四个分项保持独立；缺失值保留 null。
DEBT-CN-650400-2025-PREFECTURE,CN-650400,2025,2025-12-31,prefecture_whole,104.73,99.45,247.95,247.00,352.68,346.45,official_debt,SRC-PROVINCE-DEBT-XINJIANG-2025,A1,extracted,true,法定债务四个分项保持独立；缺失值保留 null。
DEBT-CN-650500-2025-PREFECTURE,CN-650500,2025,2025-12-31,prefecture_whole,173.27,158.64,254.68,236.19,427.95,394.83,official_debt,SRC-PROVINCE-DEBT-XINJIANG-2025,A1,extracted,true,法定债务四个分项保持独立；缺失值保留 null。
DEBT-CN-652300-2025-PREFECTURE,CN-652300,2025,2025-12-31,prefecture_whole,314.95,301.78,617.50,609.88,932.45,911.66,official_debt,SRC-PROVINCE-DEBT-XINJIANG-2025,A1,extracted,true,法定债务四个分项保持独立；缺失值保留 null。
DEBT-CN-652700-2025-PREFECTURE,CN-652700,2025,2025-12-31,prefecture_whole,167.54,158.91,337.53,336.08,505.07,494.99,official_debt,SRC-PROVINCE-DEBT-XINJIANG-2025,A1,extracted,true,法定债务四个分项保持独立；缺失值保留 null。
DEBT-CN-652800-2025-PREFECTURE,CN-652800,2025,2025-12-31,prefecture_whole,252.08,244.24,603.48,600.25,855.56,844.49,official_debt,SRC-PROVINCE-DEBT-XINJIANG-2025,A1,extracted,true,法定债务四个分项保持独立；缺失值保留 null。
DEBT-CN-652900-2025-PREFECTURE,CN-652900,2025,2025-12-31,prefecture_whole,297.22,281.58,676.91,669.55,974.13,951.13,official_debt,SRC-PROVINCE-DEBT-XINJIANG-2025,A1,extracted,true,法定债务四个分项保持独立；缺失值保留 null。
DEBT-CN-653000-2025-PREFECTURE,CN-653000,2025,2025-12-31,prefecture_whole,172.36,167.39,170.80,160.50,343.16,327.89,official_debt,SRC-PROVINCE-DEBT-XINJIANG-2025,A1,extracted,true,法定债务四个分项保持独立；缺失值保留 null。
DEBT-CN-653100-2025-PREFECTURE,CN-653100,2025,2025-12-31,prefecture_whole,359.80,350.69,789.04,753.98,1148.84,1104.67,official_debt,SRC-PROVINCE-DEBT-XINJIANG-2025,A1,extracted,true,法定债务四个分项保持独立；缺失值保留 null。
DEBT-CN-653200-2025-PREFECTURE,CN-653200,2025,2025-12-31,prefecture_whole,324.13,318.00,494.13,493.84,818.26,811.84,official_debt,SRC-PROVINCE-DEBT-XINJIANG-2025,A1,extracted,true,法定债务四个分项保持独立；缺失值保留 null。
DEBT-CN-654000-2025-PREFECTURE,CN-654000,2025,2025-12-31,prefecture_whole,374.67,362.42,813.11,802.48,1187.78,1164.90,official_debt,SRC-PROVINCE-DEBT-XINJIANG-2025,A1,extracted,true,法定债务四个分项保持独立；缺失值保留 null。
DEBT-CN-654200-2025-PREFECTURE,CN-654200,2025,2025-12-31,prefecture_whole,201.72,191.52,372.70,369.92,574.42,561.44,official_debt,SRC-PROVINCE-DEBT-XINJIANG-2025,A1,extracted,true,法定债务四个分项保持独立；缺失值保留 null。
DEBT-CN-654300-2025-PREFECTURE,CN-654300,2025,2025-12-31,prefecture_whole,205.65,198.18,343.62,332.82,549.27,531.00,official_debt,SRC-PROVINCE-DEBT-XINJIANG-2025,A1,extracted,true,法定债务四个分项保持独立；缺失值保留 null。
DEBT-CN-659000-2025-PREFECTURE,CN-659000,2025,2025-12-31,prefecture_whole,,,,,,,not_collected,,,missing,false,法定债务四个分项保持独立；缺失值保留 null。
DEBT-CN-110000-2026-PREFECTURE,CN-110000,2026,2026-12-31,prefecture_whole,,,,,,,not_collected,,,missing,false,法定债务四个分项保持独立；缺失值保留 null。
DEBT-CN-120000-2026-PREFECTURE,CN-120000,2026,2026-12-31,prefecture_whole,,,,,,,not_collected,,,missing,false,法定债务四个分项保持独立；缺失值保留 null。
DEBT-CN-130100-2026-PREFECTURE,CN-130100,2026,2026-12-31,prefecture_whole,,,,,,,not_collected,,,missing,false,法定债务四个分项保持独立；缺失值保留 null。
DEBT-CN-130200-2026-PREFECTURE,CN-130200,2026,2026-12-31,prefecture_whole,,,,,,,not_collected,,,missing,false,法定债务四个分项保持独立；缺失值保留 null。
DEBT-CN-130300-2026-PREFECTURE,CN-130300,2026,2026-12-31,prefecture_whole,,,,,,,not_collected,,,missing,false,法定债务四个分项保持独立；缺失值保留 null。
DEBT-CN-130400-2026-PREFECTURE,CN-130400,2026,2026-12-31,prefecture_whole,,,,,,,not_collected,,,missing,false,法定债务四个分项保持独立；缺失值保留 null。
DEBT-CN-130500-2026-PREFECTURE,CN-130500,2026,2026-12-31,prefecture_whole,,,,,,,not_collected,,,missing,false,法定债务四个分项保持独立；缺失值保留 null。
DEBT-CN-130600-2026-PREFECTURE,CN-130600,2026,2026-12-31,prefecture_whole,,,,,,,not_collected,,,missing,false,法定债务四个分项保持独立；缺失值保留 null。
DEBT-CN-130700-2026-PREFECTURE,CN-130700,2026,2026-12-31,prefecture_whole,,,,,,,not_collected,,,missing,false,法定债务四个分项保持独立；缺失值保留 null。
DEBT-CN-130800-2026-PREFECTURE,CN-130800,2026,2026-12-31,prefecture_whole,,,,,,,not_collected,,,missing,false,法定债务四个分项保持独立；缺失值保留 null。
DEBT-CN-130900-2026-PREFECTURE,CN-130900,2026,2026-12-31,prefecture_whole,,,,,,,not_collected,,,missing,false,法定债务四个分项保持独立；缺失值保留 null。
DEBT-CN-131000-2026-PREFECTURE,CN-131000,2026,2026-12-31,prefecture_whole,,,,,,,not_collected,,,missing,false,法定债务四个分项保持独立；缺失值保留 null。
DEBT-CN-131100-2026-PREFECTURE,CN-131100,2026,2026-12-31,prefecture_whole,,,,,,,not_collected,,,missing,false,法定债务四个分项保持独立；缺失值保留 null。
DEBT-CN-133100-2026-PREFECTURE,CN-133100,2026,2026-12-31,prefecture_whole,,,,,,,not_collected,,,missing,false,法定债务四个分项保持独立；缺失值保留 null。
DEBT-CN-140100-2026-PREFECTURE,CN-140100,2026,2026-12-31,prefecture_whole,,,,,,,not_collected,,,missing,false,法定债务四个分项保持独立；缺失值保留 null。
DEBT-CN-140200-2026-PREFECTURE,CN-140200,2026,2026-12-31,prefecture_whole,,,,,,,not_collected,,,missing,false,法定债务四个分项保持独立；缺失值保留 null。
DEBT-CN-140300-2026-PREFECTURE,CN-140300,2026,2026-12-31,prefecture_whole,,,,,,,not_collected,,,missing,false,法定债务四个分项保持独立；缺失值保留 null。
DEBT-CN-140400-2026-PREFECTURE,CN-140400,2026,2026-12-31,prefecture_whole,,,,,,,not_collected,,,missing,false,法定债务四个分项保持独立；缺失值保留 null。
DEBT-CN-140500-2026-PREFECTURE,CN-140500,2026,2026-12-31,prefecture_whole,,,,,,,not_collected,,,missing,false,法定债务四个分项保持独立；缺失值保留 null。
DEBT-CN-140600-2026-PREFECTURE,CN-140600,2026,2026-12-31,prefecture_whole,,,,,,,not_collected,,,missing,false,法定债务四个分项保持独立；缺失值保留 null。
DEBT-CN-140700-2026-PREFECTURE,CN-140700,2026,2026-12-31,prefecture_whole,,,,,,,not_collected,,,missing,false,法定债务四个分项保持独立；缺失值保留 null。
DEBT-CN-140800-2026-PREFECTURE,CN-140800,2026,2026-12-31,prefecture_whole,,,,,,,not_collected,,,missing,false,法定债务四个分项保持独立；缺失值保留 null。
DEBT-CN-140900-2026-PREFECTURE,CN-140900,2026,2026-12-31,prefecture_whole,,,,,,,not_collected,,,missing,false,法定债务四个分项保持独立；缺失值保留 null。
DEBT-CN-141000-2026-PREFECTURE,CN-141000,2026,2026-12-31,prefecture_whole,,,,,,,not_collected,,,missing,false,法定债务四个分项保持独立；缺失值保留 null。
DEBT-CN-141100-2026-PREFECTURE,CN-141100,2026,2026-12-31,prefecture_whole,,,,,,,not_collected,,,missing,false,法定债务四个分项保持独立；缺失值保留 null。
DEBT-CN-150100-2026-PREFECTURE,CN-150100,2026,2026-12-31,prefecture_whole,,,,,,,not_collected,,,missing,false,法定债务四个分项保持独立；缺失值保留 null。
DEBT-CN-150200-2026-PREFECTURE,CN-150200,2026,2026-12-31,prefecture_whole,,,,,,,not_collected,,,missing,false,法定债务四个分项保持独立；缺失值保留 null。
DEBT-CN-150300-2026-PREFECTURE,CN-150300,2026,2026-12-31,prefecture_whole,,,,,,,not_collected,,,missing,false,法定债务四个分项保持独立；缺失值保留 null。
DEBT-CN-150400-2026-PREFECTURE,CN-150400,2026,2026-12-31,prefecture_whole,,,,,,,not_collected,,,missing,false,法定债务四个分项保持独立；缺失值保留 null。
DEBT-CN-150500-2026-PREFECTURE,CN-150500,2026,2026-12-31,prefecture_whole,,,,,,,not_collected,,,missing,false,法定债务四个分项保持独立；缺失值保留 null。
DEBT-CN-150600-2026-PREFECTURE,CN-150600,2026,2026-12-31,prefecture_whole,,,,,,,not_collected,,,missing,false,法定债务四个分项保持独立；缺失值保留 null。
DEBT-CN-150700-2026-PREFECTURE,CN-150700,2026,2026-12-31,prefecture_whole,,,,,,,not_collected,,,missing,false,法定债务四个分项保持独立；缺失值保留 null。
DEBT-CN-150800-2026-PREFECTURE,CN-150800,2026,2026-12-31,prefecture_whole,,,,,,,not_collected,,,missing,false,法定债务四个分项保持独立；缺失值保留 null。
DEBT-CN-150900-2026-PREFECTURE,CN-150900,2026,2026-12-31,prefecture_whole,,,,,,,not_collected,,,missing,false,法定债务四个分项保持独立；缺失值保留 null。
DEBT-CN-152200-2026-PREFECTURE,CN-152200,2026,2026-12-31,prefecture_whole,,,,,,,not_collected,,,missing,false,法定债务四个分项保持独立；缺失值保留 null。
DEBT-CN-152500-2026-PREFECTURE,CN-152500,2026,2026-12-31,prefecture_whole,,,,,,,not_collected,,,missing,false,法定债务四个分项保持独立；缺失值保留 null。
DEBT-CN-152900-2026-PREFECTURE,CN-152900,2026,2026-12-31,prefecture_whole,,,,,,,not_collected,,,missing,false,法定债务四个分项保持独立；缺失值保留 null。
DEBT-CN-210100-2026-PREFECTURE,CN-210100,2026,2026-12-31,prefecture_whole,,,,,,,not_collected,,,missing,false,法定债务四个分项保持独立；缺失值保留 null。
DEBT-CN-210200-2026-PREFECTURE,CN-210200,2026,2026-12-31,prefecture_whole,,,,,,,not_collected,,,missing,false,法定债务四个分项保持独立；缺失值保留 null。
DEBT-CN-210300-2026-PREFECTURE,CN-210300,2026,2026-12-31,prefecture_whole,,,,,,,not_collected,,,missing,false,法定债务四个分项保持独立；缺失值保留 null。
DEBT-CN-210400-2026-PREFECTURE,CN-210400,2026,2026-12-31,prefecture_whole,,,,,,,not_collected,,,missing,false,法定债务四个分项保持独立；缺失值保留 null。
DEBT-CN-210500-2026-PREFECTURE,CN-210500,2026,2026-12-31,prefecture_whole,,,,,,,not_collected,,,missing,false,法定债务四个分项保持独立；缺失值保留 null。
DEBT-CN-210600-2026-PREFECTURE,CN-210600,2026,2026-12-31,prefecture_whole,,,,,,,not_collected,,,missing,false,法定债务四个分项保持独立；缺失值保留 null。
DEBT-CN-210700-2026-PREFECTURE,CN-210700,2026,2026-12-31,prefecture_whole,,,,,,,not_collected,,,missing,false,法定债务四个分项保持独立；缺失值保留 null。
DEBT-CN-210800-2026-PREFECTURE,CN-210800,2026,2026-12-31,prefecture_whole,,,,,,,not_collected,,,missing,false,法定债务四个分项保持独立；缺失值保留 null。
DEBT-CN-210900-2026-PREFECTURE,CN-210900,2026,2026-12-31,prefecture_whole,,,,,,,not_collected,,,missing,false,法定债务四个分项保持独立；缺失值保留 null。
DEBT-CN-211000-2026-PREFECTURE,CN-211000,2026,2026-12-31,prefecture_whole,,,,,,,not_collected,,,missing,false,法定债务四个分项保持独立；缺失值保留 null。
DEBT-CN-211100-2026-PREFECTURE,CN-211100,2026,2026-12-31,prefecture_whole,,,,,,,not_collected,,,missing,false,法定债务四个分项保持独立；缺失值保留 null。
DEBT-CN-211200-2026-PREFECTURE,CN-211200,2026,2026-12-31,prefecture_whole,,,,,,,not_collected,,,missing,false,法定债务四个分项保持独立；缺失值保留 null。
DEBT-CN-211300-2026-PREFECTURE,CN-211300,2026,2026-12-31,prefecture_whole,,,,,,,not_collected,,,missing,false,法定债务四个分项保持独立；缺失值保留 null。
DEBT-CN-211400-2026-PREFECTURE,CN-211400,2026,2026-12-31,prefecture_whole,,,,,,,not_collected,,,missing,false,法定债务四个分项保持独立；缺失值保留 null。
DEBT-CN-220100-2026-PREFECTURE,CN-220100,2026,2026-12-31,prefecture_whole,,,,,,,not_collected,,,missing,false,法定债务四个分项保持独立；缺失值保留 null。
DEBT-CN-220200-2026-PREFECTURE,CN-220200,2026,2026-12-31,prefecture_whole,,,,,,,not_collected,,,missing,false,法定债务四个分项保持独立；缺失值保留 null。
DEBT-CN-220300-2026-PREFECTURE,CN-220300,2026,2026-12-31,prefecture_whole,,,,,,,not_collected,,,missing,false,法定债务四个分项保持独立；缺失值保留 null。
DEBT-CN-220400-2026-PREFECTURE,CN-220400,2026,2026-12-31,prefecture_whole,,,,,,,not_collected,,,missing,false,法定债务四个分项保持独立；缺失值保留 null。
DEBT-CN-220500-2026-PREFECTURE,CN-220500,2026,2026-12-31,prefecture_whole,,,,,,,not_collected,,,missing,false,法定债务四个分项保持独立；缺失值保留 null。
DEBT-CN-220600-2026-PREFECTURE,CN-220600,2026,2026-12-31,prefecture_whole,,,,,,,not_collected,,,missing,false,法定债务四个分项保持独立；缺失值保留 null。
DEBT-CN-220700-2026-PREFECTURE,CN-220700,2026,2026-12-31,prefecture_whole,,,,,,,not_collected,,,missing,false,法定债务四个分项保持独立；缺失值保留 null。
DEBT-CN-220800-2026-PREFECTURE,CN-220800,2026,2026-12-31,prefecture_whole,,,,,,,not_collected,,,missing,false,法定债务四个分项保持独立；缺失值保留 null。
DEBT-CN-222400-2026-PREFECTURE,CN-222400,2026,2026-12-31,prefecture_whole,,,,,,,not_collected,,,missing,false,法定债务四个分项保持独立；缺失值保留 null。
DEBT-CN-230100-2026-PREFECTURE,CN-230100,2026,2026-12-31,prefecture_whole,,,,,,,not_collected,,,missing,false,法定债务四个分项保持独立；缺失值保留 null。
DEBT-CN-230200-2026-PREFECTURE,CN-230200,2026,2026-12-31,prefecture_whole,,,,,,,not_collected,,,missing,false,法定债务四个分项保持独立；缺失值保留 null。
DEBT-CN-230300-2026-PREFECTURE,CN-230300,2026,2026-12-31,prefecture_whole,,,,,,,not_collected,,,missing,false,法定债务四个分项保持独立；缺失值保留 null。
DEBT-CN-230400-2026-PREFECTURE,CN-230400,2026,2026-12-31,prefecture_whole,,,,,,,not_collected,,,missing,false,法定债务四个分项保持独立；缺失值保留 null。
DEBT-CN-230500-2026-PREFECTURE,CN-230500,2026,2026-12-31,prefecture_whole,,,,,,,not_collected,,,missing,false,法定债务四个分项保持独立；缺失值保留 null。
DEBT-CN-230600-2026-PREFECTURE,CN-230600,2026,2026-12-31,prefecture_whole,,,,,,,not_collected,,,missing,false,法定债务四个分项保持独立；缺失值保留 null。
DEBT-CN-230700-2026-PREFECTURE,CN-230700,2026,2026-12-31,prefecture_whole,,,,,,,not_collected,,,missing,false,法定债务四个分项保持独立；缺失值保留 null。
DEBT-CN-230800-2026-PREFECTURE,CN-230800,2026,2026-12-31,prefecture_whole,,,,,,,not_collected,,,missing,false,法定债务四个分项保持独立；缺失值保留 null。
DEBT-CN-230900-2026-PREFECTURE,CN-230900,2026,2026-12-31,prefecture_whole,,,,,,,not_collected,,,missing,false,法定债务四个分项保持独立；缺失值保留 null。
DEBT-CN-231000-2026-PREFECTURE,CN-231000,2026,2026-12-31,prefecture_whole,,,,,,,not_collected,,,missing,false,法定债务四个分项保持独立；缺失值保留 null。
DEBT-CN-231100-2026-PREFECTURE,CN-231100,2026,2026-12-31,prefecture_whole,,,,,,,not_collected,,,missing,false,法定债务四个分项保持独立；缺失值保留 null。
DEBT-CN-231200-2026-PREFECTURE,CN-231200,2026,2026-12-31,prefecture_whole,,,,,,,not_collected,,,missing,false,法定债务四个分项保持独立；缺失值保留 null。
DEBT-CN-232700-2026-PREFECTURE,CN-232700,2026,2026-12-31,prefecture_whole,,,,,,,not_collected,,,missing,false,法定债务四个分项保持独立；缺失值保留 null。
DEBT-CN-310000-2026-PREFECTURE,CN-310000,2026,2026-12-31,prefecture_whole,,,,,,,not_collected,,,missing,false,法定债务四个分项保持独立；缺失值保留 null。
DEBT-CN-320100-2026-PREFECTURE,CN-320100,2026,2026-12-31,prefecture_whole,,,,,,,not_collected,,,missing,false,法定债务四个分项保持独立；缺失值保留 null。
DEBT-CN-320200-2026-PREFECTURE,CN-320200,2026,2026-12-31,prefecture_whole,,,,,,,not_collected,,,missing,false,法定债务四个分项保持独立；缺失值保留 null。
DEBT-CN-320300-2026-PREFECTURE,CN-320300,2026,2026-12-31,prefecture_whole,,,,,,,not_collected,,,missing,false,法定债务四个分项保持独立；缺失值保留 null。
DEBT-CN-320400-2026-PREFECTURE,CN-320400,2026,2026-12-31,prefecture_whole,,,,,,,not_collected,,,missing,false,法定债务四个分项保持独立；缺失值保留 null。
DEBT-CN-320500-2026-PREFECTURE,CN-320500,2026,2026-12-31,prefecture_whole,,,,,,,not_collected,,,missing,false,法定债务四个分项保持独立；缺失值保留 null。
DEBT-CN-320600-2026-PREFECTURE,CN-320600,2026,2026-12-31,prefecture_whole,,,,,,,not_collected,,,missing,false,法定债务四个分项保持独立；缺失值保留 null。
DEBT-CN-320700-2026-PREFECTURE,CN-320700,2026,2026-12-31,prefecture_whole,,,,,,,not_collected,,,missing,false,法定债务四个分项保持独立；缺失值保留 null。
DEBT-CN-320800-2026-PREFECTURE,CN-320800,2026,2026-12-31,prefecture_whole,,,,,,,not_collected,,,missing,false,法定债务四个分项保持独立；缺失值保留 null。
DEBT-CN-320900-2026-PREFECTURE,CN-320900,2026,2026-12-31,prefecture_whole,,,,,,,not_collected,,,missing,false,法定债务四个分项保持独立；缺失值保留 null。
DEBT-CN-321000-2026-PREFECTURE,CN-321000,2026,2026-12-31,prefecture_whole,,,,,,,not_collected,,,missing,false,法定债务四个分项保持独立；缺失值保留 null。
DEBT-CN-321100-2026-PREFECTURE,CN-321100,2026,2026-12-31,prefecture_whole,,,,,,,not_collected,,,missing,false,法定债务四个分项保持独立；缺失值保留 null。
DEBT-CN-321200-2026-PREFECTURE,CN-321200,2026,2026-12-31,prefecture_whole,,,,,,,not_collected,,,missing,false,法定债务四个分项保持独立；缺失值保留 null。
DEBT-CN-321300-2026-PREFECTURE,CN-321300,2026,2026-12-31,prefecture_whole,,,,,,,not_collected,,,missing,false,法定债务四个分项保持独立；缺失值保留 null。
DEBT-CN-330100-2026-PREFECTURE,CN-330100,2026,2026-12-31,prefecture_whole,,,,,,,not_collected,,,missing,false,法定债务四个分项保持独立；缺失值保留 null。
DEBT-CN-330200-2026-PREFECTURE,CN-330200,2026,2026-12-31,prefecture_whole,,,,,,,not_collected,,,missing,false,法定债务四个分项保持独立；缺失值保留 null。
DEBT-CN-330300-2026-PREFECTURE,CN-330300,2026,2026-12-31,prefecture_whole,,,,,,,not_collected,,,missing,false,法定债务四个分项保持独立；缺失值保留 null。
DEBT-CN-330400-2026-PREFECTURE,CN-330400,2026,2026-12-31,prefecture_whole,,,,,,,not_collected,,,missing,false,法定债务四个分项保持独立；缺失值保留 null。
DEBT-CN-330500-2026-PREFECTURE,CN-330500,2026,2026-12-31,prefecture_whole,,,,,,,not_collected,,,missing,false,法定债务四个分项保持独立；缺失值保留 null。
DEBT-CN-330600-2026-PREFECTURE,CN-330600,2026,2026-12-31,prefecture_whole,,,,,,,not_collected,,,missing,false,法定债务四个分项保持独立；缺失值保留 null。
DEBT-CN-330700-2026-PREFECTURE,CN-330700,2026,2026-12-31,prefecture_whole,,,,,,,not_collected,,,missing,false,法定债务四个分项保持独立；缺失值保留 null。
DEBT-CN-330800-2026-PREFECTURE,CN-330800,2026,2026-12-31,prefecture_whole,,,,,,,not_collected,,,missing,false,法定债务四个分项保持独立；缺失值保留 null。
DEBT-CN-330900-2026-PREFECTURE,CN-330900,2026,2026-12-31,prefecture_whole,,,,,,,not_collected,,,missing,false,法定债务四个分项保持独立；缺失值保留 null。
DEBT-CN-331000-2026-PREFECTURE,CN-331000,2026,2026-12-31,prefecture_whole,,,,,,,not_collected,,,missing,false,法定债务四个分项保持独立；缺失值保留 null。
DEBT-CN-331100-2026-PREFECTURE,CN-331100,2026,2026-12-31,prefecture_whole,,,,,,,not_collected,,,missing,false,法定债务四个分项保持独立；缺失值保留 null。
DEBT-CN-340100-2026-PREFECTURE,CN-340100,2026,2026-12-31,prefecture_whole,,,,,,,not_collected,,,missing,false,法定债务四个分项保持独立；缺失值保留 null。
DEBT-CN-340200-2026-PREFECTURE,CN-340200,2026,2026-12-31,prefecture_whole,,,,,,,not_collected,,,missing,false,法定债务四个分项保持独立；缺失值保留 null。
DEBT-CN-340300-2026-PREFECTURE,CN-340300,2026,2026-12-31,prefecture_whole,,,,,,,not_collected,,,missing,false,法定债务四个分项保持独立；缺失值保留 null。
DEBT-CN-340400-2026-PREFECTURE,CN-340400,2026,2026-12-31,prefecture_whole,,,,,,,not_collected,,,missing,false,法定债务四个分项保持独立；缺失值保留 null。
DEBT-CN-340500-2026-PREFECTURE,CN-340500,2026,2026-12-31,prefecture_whole,,,,,,,not_collected,,,missing,false,法定债务四个分项保持独立；缺失值保留 null。
DEBT-CN-340600-2026-PREFECTURE,CN-340600,2026,2026-12-31,prefecture_whole,,,,,,,not_collected,,,missing,false,法定债务四个分项保持独立；缺失值保留 null。
DEBT-CN-340700-2026-PREFECTURE,CN-340700,2026,2026-12-31,prefecture_whole,,,,,,,not_collected,,,missing,false,法定债务四个分项保持独立；缺失值保留 null。
DEBT-CN-340800-2026-PREFECTURE,CN-340800,2026,2026-12-31,prefecture_whole,,,,,,,not_collected,,,missing,false,法定债务四个分项保持独立；缺失值保留 null。
DEBT-CN-341000-2026-PREFECTURE,CN-341000,2026,2026-12-31,prefecture_whole,,,,,,,not_collected,,,missing,false,法定债务四个分项保持独立；缺失值保留 null。
DEBT-CN-341100-2026-PREFECTURE,CN-341100,2026,2026-12-31,prefecture_whole,,,,,,,not_collected,,,missing,false,法定债务四个分项保持独立；缺失值保留 null。
DEBT-CN-341200-2026-PREFECTURE,CN-341200,2026,2026-12-31,prefecture_whole,,,,,,,not_collected,,,missing,false,法定债务四个分项保持独立；缺失值保留 null。
DEBT-CN-341300-2026-PREFECTURE,CN-341300,2026,2026-12-31,prefecture_whole,,,,,,,not_collected,,,missing,false,法定债务四个分项保持独立；缺失值保留 null。
DEBT-CN-341500-2026-PREFECTURE,CN-341500,2026,2026-12-31,prefecture_whole,,,,,,,not_collected,,,missing,false,法定债务四个分项保持独立；缺失值保留 null。
DEBT-CN-341600-2026-PREFECTURE,CN-341600,2026,2026-12-31,prefecture_whole,,,,,,,not_collected,,,missing,false,法定债务四个分项保持独立；缺失值保留 null。
DEBT-CN-341700-2026-PREFECTURE,CN-341700,2026,2026-12-31,prefecture_whole,,,,,,,not_collected,,,missing,false,法定债务四个分项保持独立；缺失值保留 null。
DEBT-CN-341800-2026-PREFECTURE,CN-341800,2026,2026-12-31,prefecture_whole,,,,,,,not_collected,,,missing,false,法定债务四个分项保持独立；缺失值保留 null。
DEBT-CN-350100-2026-PREFECTURE,CN-350100,2026,2026-12-31,prefecture_whole,,,,,,,not_collected,,,missing,false,法定债务四个分项保持独立；缺失值保留 null。
DEBT-CN-350200-2026-PREFECTURE,CN-350200,2026,2026-12-31,prefecture_whole,,,,,,,not_collected,,,missing,false,法定债务四个分项保持独立；缺失值保留 null。
DEBT-CN-350300-2026-PREFECTURE,CN-350300,2026,2026-12-31,prefecture_whole,,,,,,,not_collected,,,missing,false,法定债务四个分项保持独立；缺失值保留 null。
DEBT-CN-350400-2026-PREFECTURE,CN-350400,2026,2026-12-31,prefecture_whole,,,,,,,not_collected,,,missing,false,法定债务四个分项保持独立；缺失值保留 null。
DEBT-CN-350500-2026-PREFECTURE,CN-350500,2026,2026-12-31,prefecture_whole,,,,,,,not_collected,,,missing,false,法定债务四个分项保持独立；缺失值保留 null。
DEBT-CN-350600-2026-PREFECTURE,CN-350600,2026,2026-12-31,prefecture_whole,,,,,,,not_collected,,,missing,false,法定债务四个分项保持独立；缺失值保留 null。
DEBT-CN-350700-2026-PREFECTURE,CN-350700,2026,2026-12-31,prefecture_whole,,,,,,,not_collected,,,missing,false,法定债务四个分项保持独立；缺失值保留 null。
DEBT-CN-350800-2026-PREFECTURE,CN-350800,2026,2026-12-31,prefecture_whole,,,,,,,not_collected,,,missing,false,法定债务四个分项保持独立；缺失值保留 null。
DEBT-CN-350900-2026-PREFECTURE,CN-350900,2026,2026-12-31,prefecture_whole,,,,,,,not_collected,,,missing,false,法定债务四个分项保持独立；缺失值保留 null。
DEBT-CN-360100-2026-PREFECTURE,CN-360100,2026,2026-12-31,prefecture_whole,,,,,,,not_collected,,,missing,false,法定债务四个分项保持独立；缺失值保留 null。
DEBT-CN-360200-2026-PREFECTURE,CN-360200,2026,2026-12-31,prefecture_whole,,,,,,,not_collected,,,missing,false,法定债务四个分项保持独立；缺失值保留 null。
DEBT-CN-360300-2026-PREFECTURE,CN-360300,2026,2026-12-31,prefecture_whole,,,,,,,not_collected,,,missing,false,法定债务四个分项保持独立；缺失值保留 null。
DEBT-CN-360400-2026-PREFECTURE,CN-360400,2026,2026-12-31,prefecture_whole,,,,,,,not_collected,,,missing,false,法定债务四个分项保持独立；缺失值保留 null。
DEBT-CN-360500-2026-PREFECTURE,CN-360500,2026,2026-12-31,prefecture_whole,,,,,,,not_collected,,,missing,false,法定债务四个分项保持独立；缺失值保留 null。
DEBT-CN-360600-2026-PREFECTURE,CN-360600,2026,2026-12-31,prefecture_whole,,,,,,,not_collected,,,missing,false,法定债务四个分项保持独立；缺失值保留 null。
DEBT-CN-360700-2026-PREFECTURE,CN-360700,2026,2026-12-31,prefecture_whole,,,,,,,not_collected,,,missing,false,法定债务四个分项保持独立；缺失值保留 null。
DEBT-CN-360800-2026-PREFECTURE,CN-360800,2026,2026-12-31,prefecture_whole,,,,,,,not_collected,,,missing,false,法定债务四个分项保持独立；缺失值保留 null。
DEBT-CN-360900-2026-PREFECTURE,CN-360900,2026,2026-12-31,prefecture_whole,,,,,,,not_collected,,,missing,false,法定债务四个分项保持独立；缺失值保留 null。
DEBT-CN-361000-2026-PREFECTURE,CN-361000,2026,2026-12-31,prefecture_whole,,,,,,,not_collected,,,missing,false,法定债务四个分项保持独立；缺失值保留 null。
DEBT-CN-361100-2026-PREFECTURE,CN-361100,2026,2026-12-31,prefecture_whole,,,,,,,not_collected,,,missing,false,法定债务四个分项保持独立；缺失值保留 null。
DEBT-CN-370100-2026-PREFECTURE,CN-370100,2026,2026-12-31,prefecture_whole,,,,,,,not_collected,,,missing,false,法定债务四个分项保持独立；缺失值保留 null。
DEBT-CN-370200-2026-PREFECTURE,CN-370200,2026,2026-12-31,prefecture_whole,,,,,,,not_collected,,,missing,false,法定债务四个分项保持独立；缺失值保留 null。
DEBT-CN-370300-2026-PREFECTURE,CN-370300,2026,2026-12-31,prefecture_whole,,,,,,,not_collected,,,missing,false,法定债务四个分项保持独立；缺失值保留 null。
DEBT-CN-370400-2026-PREFECTURE,CN-370400,2026,2026-12-31,prefecture_whole,,,,,,,not_collected,,,missing,false,法定债务四个分项保持独立；缺失值保留 null。
DEBT-CN-370500-2026-PREFECTURE,CN-370500,2026,2026-12-31,prefecture_whole,,,,,,,not_collected,,,missing,false,法定债务四个分项保持独立；缺失值保留 null。
DEBT-CN-370600-2026-PREFECTURE,CN-370600,2026,2026-12-31,prefecture_whole,,,,,,,not_collected,,,missing,false,法定债务四个分项保持独立；缺失值保留 null。
DEBT-CN-370700-2026-PREFECTURE,CN-370700,2026,2026-12-31,prefecture_whole,,,,,,,not_collected,,,missing,false,法定债务四个分项保持独立；缺失值保留 null。
DEBT-CN-370800-2026-PREFECTURE,CN-370800,2026,2026-12-31,prefecture_whole,,,,,,,not_collected,,,missing,false,法定债务四个分项保持独立；缺失值保留 null。
DEBT-CN-370900-2026-PREFECTURE,CN-370900,2026,2026-12-31,prefecture_whole,,,,,,,not_collected,,,missing,false,法定债务四个分项保持独立；缺失值保留 null。
DEBT-CN-371000-2026-PREFECTURE,CN-371000,2026,2026-12-31,prefecture_whole,,,,,,,not_collected,,,missing,false,法定债务四个分项保持独立；缺失值保留 null。
DEBT-CN-371100-2026-PREFECTURE,CN-371100,2026,2026-12-31,prefecture_whole,,,,,,,not_collected,,,missing,false,法定债务四个分项保持独立；缺失值保留 null。
DEBT-CN-371300-2026-PREFECTURE,CN-371300,2026,2026-12-31,prefecture_whole,,,,,,,not_collected,,,missing,false,法定债务四个分项保持独立；缺失值保留 null。
DEBT-CN-371400-2026-PREFECTURE,CN-371400,2026,2026-12-31,prefecture_whole,,,,,,,not_collected,,,missing,false,法定债务四个分项保持独立；缺失值保留 null。
DEBT-CN-371500-2026-PREFECTURE,CN-371500,2026,2026-12-31,prefecture_whole,,,,,,,not_collected,,,missing,false,法定债务四个分项保持独立；缺失值保留 null。
DEBT-CN-371600-2026-PREFECTURE,CN-371600,2026,2026-12-31,prefecture_whole,,,,,,,not_collected,,,missing,false,法定债务四个分项保持独立；缺失值保留 null。
DEBT-CN-371700-2026-PREFECTURE,CN-371700,2026,2026-12-31,prefecture_whole,,,,,,,not_collected,,,missing,false,法定债务四个分项保持独立；缺失值保留 null。
DEBT-CN-410100-2026-PREFECTURE,CN-410100,2026,2026-12-31,prefecture_whole,,,,,,,not_collected,,,missing,false,法定债务四个分项保持独立；缺失值保留 null。
DEBT-CN-410200-2026-PREFECTURE,CN-410200,2026,2026-12-31,prefecture_whole,,,,,,,not_collected,,,missing,false,法定债务四个分项保持独立；缺失值保留 null。
DEBT-CN-410300-2026-PREFECTURE,CN-410300,2026,2026-12-31,prefecture_whole,,,,,,,not_collected,,,missing,false,法定债务四个分项保持独立；缺失值保留 null。
DEBT-CN-410400-2026-PREFECTURE,CN-410400,2026,2026-12-31,prefecture_whole,,,,,,,not_collected,,,missing,false,法定债务四个分项保持独立；缺失值保留 null。
DEBT-CN-410500-2026-PREFECTURE,CN-410500,2026,2026-12-31,prefecture_whole,,,,,,,not_collected,,,missing,false,法定债务四个分项保持独立；缺失值保留 null。
DEBT-CN-410600-2026-PREFECTURE,CN-410600,2026,2026-12-31,prefecture_whole,,,,,,,not_collected,,,missing,false,法定债务四个分项保持独立；缺失值保留 null。
DEBT-CN-410700-2026-PREFECTURE,CN-410700,2026,2026-12-31,prefecture_whole,,,,,,,not_collected,,,missing,false,法定债务四个分项保持独立；缺失值保留 null。
DEBT-CN-410800-2026-PREFECTURE,CN-410800,2026,2026-12-31,prefecture_whole,,,,,,,not_collected,,,missing,false,法定债务四个分项保持独立；缺失值保留 null。
DEBT-CN-410900-2026-PREFECTURE,CN-410900,2026,2026-12-31,prefecture_whole,,,,,,,not_collected,,,missing,false,法定债务四个分项保持独立；缺失值保留 null。
DEBT-CN-411000-2026-PREFECTURE,CN-411000,2026,2026-12-31,prefecture_whole,,,,,,,not_collected,,,missing,false,法定债务四个分项保持独立；缺失值保留 null。
DEBT-CN-411100-2026-PREFECTURE,CN-411100,2026,2026-12-31,prefecture_whole,,,,,,,not_collected,,,missing,false,法定债务四个分项保持独立；缺失值保留 null。
DEBT-CN-411200-2026-PREFECTURE,CN-411200,2026,2026-12-31,prefecture_whole,,,,,,,not_collected,,,missing,false,法定债务四个分项保持独立；缺失值保留 null。
DEBT-CN-411300-2026-PREFECTURE,CN-411300,2026,2026-12-31,prefecture_whole,,,,,,,not_collected,,,missing,false,法定债务四个分项保持独立；缺失值保留 null。
DEBT-CN-411400-2026-PREFECTURE,CN-411400,2026,2026-12-31,prefecture_whole,,,,,,,not_collected,,,missing,false,法定债务四个分项保持独立；缺失值保留 null。
DEBT-CN-411500-2026-PREFECTURE,CN-411500,2026,2026-12-31,prefecture_whole,,,,,,,not_collected,,,missing,false,法定债务四个分项保持独立；缺失值保留 null。
DEBT-CN-411600-2026-PREFECTURE,CN-411600,2026,2026-12-31,prefecture_whole,,,,,,,not_collected,,,missing,false,法定债务四个分项保持独立；缺失值保留 null。
DEBT-CN-411700-2026-PREFECTURE,CN-411700,2026,2026-12-31,prefecture_whole,,,,,,,not_collected,,,missing,false,法定债务四个分项保持独立；缺失值保留 null。
DEBT-CN-419000-2026-PREFECTURE,CN-419000,2026,2026-12-31,prefecture_whole,,,,,,,not_collected,,,missing,false,法定债务四个分项保持独立；缺失值保留 null。
DEBT-CN-420100-2026-PREFECTURE,CN-420100,2026,2026-12-31,prefecture_whole,,,,,,,not_collected,,,missing,false,法定债务四个分项保持独立；缺失值保留 null。
DEBT-CN-420200-2026-PREFECTURE,CN-420200,2026,2026-12-31,prefecture_whole,,,,,,,not_collected,,,missing,false,法定债务四个分项保持独立；缺失值保留 null。
DEBT-CN-420300-2026-PREFECTURE,CN-420300,2026,2026-12-31,prefecture_whole,,,,,,,not_collected,,,missing,false,法定债务四个分项保持独立；缺失值保留 null。
DEBT-CN-420500-2026-PREFECTURE,CN-420500,2026,2026-12-31,prefecture_whole,,,,,,,not_collected,,,missing,false,法定债务四个分项保持独立；缺失值保留 null。
DEBT-CN-420600-2026-PREFECTURE,CN-420600,2026,2026-12-31,prefecture_whole,,,,,,,not_collected,,,missing,false,法定债务四个分项保持独立；缺失值保留 null。
DEBT-CN-420700-2026-PREFECTURE,CN-420700,2026,2026-12-31,prefecture_whole,,,,,,,not_collected,,,missing,false,法定债务四个分项保持独立；缺失值保留 null。
DEBT-CN-420800-2026-PREFECTURE,CN-420800,2026,2026-12-31,prefecture_whole,,,,,,,not_collected,,,missing,false,法定债务四个分项保持独立；缺失值保留 null。
DEBT-CN-420900-2026-PREFECTURE,CN-420900,2026,2026-12-31,prefecture_whole,,,,,,,not_collected,,,missing,false,法定债务四个分项保持独立；缺失值保留 null。
DEBT-CN-421000-2026-PREFECTURE,CN-421000,2026,2026-12-31,prefecture_whole,,,,,,,not_collected,,,missing,false,法定债务四个分项保持独立；缺失值保留 null。
DEBT-CN-421100-2026-PREFECTURE,CN-421100,2026,2026-12-31,prefecture_whole,,,,,,,not_collected,,,missing,false,法定债务四个分项保持独立；缺失值保留 null。
DEBT-CN-421200-2026-PREFECTURE,CN-421200,2026,2026-12-31,prefecture_whole,,,,,,,not_collected,,,missing,false,法定债务四个分项保持独立；缺失值保留 null。
DEBT-CN-421300-2026-PREFECTURE,CN-421300,2026,2026-12-31,prefecture_whole,,,,,,,not_collected,,,missing,false,法定债务四个分项保持独立；缺失值保留 null。
DEBT-CN-422800-2026-PREFECTURE,CN-422800,2026,2026-12-31,prefecture_whole,,,,,,,not_collected,,,missing,false,法定债务四个分项保持独立；缺失值保留 null。
DEBT-CN-429000-2026-PREFECTURE,CN-429000,2026,2026-12-31,prefecture_whole,,,,,,,not_collected,,,missing,false,法定债务四个分项保持独立；缺失值保留 null。
DEBT-CN-430100-2026-PREFECTURE,CN-430100,2026,2026-12-31,prefecture_whole,,,,,,,not_collected,,,missing,false,法定债务四个分项保持独立；缺失值保留 null。
DEBT-CN-430200-2026-PREFECTURE,CN-430200,2026,2026-12-31,prefecture_whole,,,,,,,not_collected,,,missing,false,法定债务四个分项保持独立；缺失值保留 null。
DEBT-CN-430300-2026-PREFECTURE,CN-430300,2026,2026-12-31,prefecture_whole,,,,,,,not_collected,,,missing,false,法定债务四个分项保持独立；缺失值保留 null。
DEBT-CN-430400-2026-PREFECTURE,CN-430400,2026,2026-12-31,prefecture_whole,,,,,,,not_collected,,,missing,false,法定债务四个分项保持独立；缺失值保留 null。
DEBT-CN-430500-2026-PREFECTURE,CN-430500,2026,2026-12-31,prefecture_whole,,,,,,,not_collected,,,missing,false,法定债务四个分项保持独立；缺失值保留 null。
DEBT-CN-430600-2026-PREFECTURE,CN-430600,2026,2026-12-31,prefecture_whole,,,,,,,not_collected,,,missing,false,法定债务四个分项保持独立；缺失值保留 null。
DEBT-CN-430700-2026-PREFECTURE,CN-430700,2026,2026-12-31,prefecture_whole,,,,,,,not_collected,,,missing,false,法定债务四个分项保持独立；缺失值保留 null。
DEBT-CN-430800-2026-PREFECTURE,CN-430800,2026,2026-12-31,prefecture_whole,,,,,,,not_collected,,,missing,false,法定债务四个分项保持独立；缺失值保留 null。
DEBT-CN-430900-2026-PREFECTURE,CN-430900,2026,2026-12-31,prefecture_whole,,,,,,,not_collected,,,missing,false,法定债务四个分项保持独立；缺失值保留 null。
DEBT-CN-431000-2026-PREFECTURE,CN-431000,2026,2026-12-31,prefecture_whole,,,,,,,not_collected,,,missing,false,法定债务四个分项保持独立；缺失值保留 null。
DEBT-CN-431100-2026-PREFECTURE,CN-431100,2026,2026-12-31,prefecture_whole,,,,,,,not_collected,,,missing,false,法定债务四个分项保持独立；缺失值保留 null。
DEBT-CN-431200-2026-PREFECTURE,CN-431200,2026,2026-12-31,prefecture_whole,,,,,,,not_collected,,,missing,false,法定债务四个分项保持独立；缺失值保留 null。
DEBT-CN-431300-2026-PREFECTURE,CN-431300,2026,2026-12-31,prefecture_whole,,,,,,,not_collected,,,missing,false,法定债务四个分项保持独立；缺失值保留 null。
DEBT-CN-433100-2026-PREFECTURE,CN-433100,2026,2026-12-31,prefecture_whole,,,,,,,not_collected,,,missing,false,法定债务四个分项保持独立；缺失值保留 null。
DEBT-CN-440100-2026-PREFECTURE,CN-440100,2026,2026-12-31,prefecture_whole,,,,,,,not_collected,,,missing,false,法定债务四个分项保持独立；缺失值保留 null。
DEBT-CN-440200-2026-PREFECTURE,CN-440200,2026,2026-12-31,prefecture_whole,,,,,,,not_collected,,,missing,false,法定债务四个分项保持独立；缺失值保留 null。
DEBT-CN-440300-2026-PREFECTURE,CN-440300,2026,2026-12-31,prefecture_whole,,,,,,,not_collected,,,missing,false,法定债务四个分项保持独立；缺失值保留 null。
DEBT-CN-440400-2026-PREFECTURE,CN-440400,2026,2026-12-31,prefecture_whole,,,,,,,not_collected,,,missing,false,法定债务四个分项保持独立；缺失值保留 null。
DEBT-CN-440500-2026-PREFECTURE,CN-440500,2026,2026-12-31,prefecture_whole,,,,,,,not_collected,,,missing,false,法定债务四个分项保持独立；缺失值保留 null。
DEBT-CN-440600-2026-PREFECTURE,CN-440600,2026,2026-12-31,prefecture_whole,,,,,,,not_collected,,,missing,false,法定债务四个分项保持独立；缺失值保留 null。
DEBT-CN-440700-2026-PREFECTURE,CN-440700,2026,2026-12-31,prefecture_whole,,,,,,,not_collected,,,missing,false,法定债务四个分项保持独立；缺失值保留 null。
DEBT-CN-440800-2026-PREFECTURE,CN-440800,2026,2026-12-31,prefecture_whole,,,,,,,not_collected,,,missing,false,法定债务四个分项保持独立；缺失值保留 null。
DEBT-CN-440900-2026-PREFECTURE,CN-440900,2026,2026-12-31,prefecture_whole,,,,,,,not_collected,,,missing,false,法定债务四个分项保持独立；缺失值保留 null。
DEBT-CN-441200-2026-PREFECTURE,CN-441200,2026,2026-12-31,prefecture_whole,,,,,,,not_collected,,,missing,false,法定债务四个分项保持独立；缺失值保留 null。
DEBT-CN-441300-2026-PREFECTURE,CN-441300,2026,2026-12-31,prefecture_whole,,,,,,,not_collected,,,missing,false,法定债务四个分项保持独立；缺失值保留 null。
DEBT-CN-441400-2026-PREFECTURE,CN-441400,2026,2026-12-31,prefecture_whole,,,,,,,not_collected,,,missing,false,法定债务四个分项保持独立；缺失值保留 null。
DEBT-CN-441500-2026-PREFECTURE,CN-441500,2026,2026-12-31,prefecture_whole,,,,,,,not_collected,,,missing,false,法定债务四个分项保持独立；缺失值保留 null。
DEBT-CN-441600-2026-PREFECTURE,CN-441600,2026,2026-12-31,prefecture_whole,,,,,,,not_collected,,,missing,false,法定债务四个分项保持独立；缺失值保留 null。
DEBT-CN-441700-2026-PREFECTURE,CN-441700,2026,2026-12-31,prefecture_whole,,,,,,,not_collected,,,missing,false,法定债务四个分项保持独立；缺失值保留 null。
DEBT-CN-441800-2026-PREFECTURE,CN-441800,2026,2026-12-31,prefecture_whole,,,,,,,not_collected,,,missing,false,法定债务四个分项保持独立；缺失值保留 null。
DEBT-CN-441900-2026-PREFECTURE,CN-441900,2026,2026-12-31,prefecture_whole,,,,,,,not_collected,,,missing,false,法定债务四个分项保持独立；缺失值保留 null。
DEBT-CN-442000-2026-PREFECTURE,CN-442000,2026,2026-12-31,prefecture_whole,,,,,,,not_collected,,,missing,false,法定债务四个分项保持独立；缺失值保留 null。
DEBT-CN-445100-2026-PREFECTURE,CN-445100,2026,2026-12-31,prefecture_whole,,,,,,,not_collected,,,missing,false,法定债务四个分项保持独立；缺失值保留 null。
DEBT-CN-445200-2026-PREFECTURE,CN-445200,2026,2026-12-31,prefecture_whole,,,,,,,not_collected,,,missing,false,法定债务四个分项保持独立；缺失值保留 null。
DEBT-CN-445300-2026-PREFECTURE,CN-445300,2026,2026-12-31,prefecture_whole,,,,,,,not_collected,,,missing,false,法定债务四个分项保持独立；缺失值保留 null。
DEBT-CN-450100-2026-PREFECTURE,CN-450100,2026,2026-12-31,prefecture_whole,,,,,,,not_collected,,,missing,false,法定债务四个分项保持独立；缺失值保留 null。
DEBT-CN-450200-2026-PREFECTURE,CN-450200,2026,2026-12-31,prefecture_whole,,,,,,,not_collected,,,missing,false,法定债务四个分项保持独立；缺失值保留 null。
DEBT-CN-450300-2026-PREFECTURE,CN-450300,2026,2026-12-31,prefecture_whole,,,,,,,not_collected,,,missing,false,法定债务四个分项保持独立；缺失值保留 null。
DEBT-CN-450400-2026-PREFECTURE,CN-450400,2026,2026-12-31,prefecture_whole,,,,,,,not_collected,,,missing,false,法定债务四个分项保持独立；缺失值保留 null。
DEBT-CN-450500-2026-PREFECTURE,CN-450500,2026,2026-12-31,prefecture_whole,,,,,,,not_collected,,,missing,false,法定债务四个分项保持独立；缺失值保留 null。
DEBT-CN-450600-2026-PREFECTURE,CN-450600,2026,2026-12-31,prefecture_whole,,,,,,,not_collected,,,missing,false,法定债务四个分项保持独立；缺失值保留 null。
DEBT-CN-450700-2026-PREFECTURE,CN-450700,2026,2026-12-31,prefecture_whole,,,,,,,not_collected,,,missing,false,法定债务四个分项保持独立；缺失值保留 null。
DEBT-CN-450800-2026-PREFECTURE,CN-450800,2026,2026-12-31,prefecture_whole,,,,,,,not_collected,,,missing,false,法定债务四个分项保持独立；缺失值保留 null。
DEBT-CN-450900-2026-PREFECTURE,CN-450900,2026,2026-12-31,prefecture_whole,,,,,,,not_collected,,,missing,false,法定债务四个分项保持独立；缺失值保留 null。
DEBT-CN-451000-2026-PREFECTURE,CN-451000,2026,2026-12-31,prefecture_whole,,,,,,,not_collected,,,missing,false,法定债务四个分项保持独立；缺失值保留 null。
DEBT-CN-451100-2026-PREFECTURE,CN-451100,2026,2026-12-31,prefecture_whole,,,,,,,not_collected,,,missing,false,法定债务四个分项保持独立；缺失值保留 null。
DEBT-CN-451200-2026-PREFECTURE,CN-451200,2026,2026-12-31,prefecture_whole,,,,,,,not_collected,,,missing,false,法定债务四个分项保持独立；缺失值保留 null。
DEBT-CN-451300-2026-PREFECTURE,CN-451300,2026,2026-12-31,prefecture_whole,,,,,,,not_collected,,,missing,false,法定债务四个分项保持独立；缺失值保留 null。
DEBT-CN-451400-2026-PREFECTURE,CN-451400,2026,2026-12-31,prefecture_whole,,,,,,,not_collected,,,missing,false,法定债务四个分项保持独立；缺失值保留 null。
DEBT-CN-460100-2026-PREFECTURE,CN-460100,2026,2026-12-31,prefecture_whole,,,,,,,not_collected,,,missing,false,法定债务四个分项保持独立；缺失值保留 null。
DEBT-CN-460200-2026-PREFECTURE,CN-460200,2026,2026-12-31,prefecture_whole,,,,,,,not_collected,,,missing,false,法定债务四个分项保持独立；缺失值保留 null。
DEBT-CN-460300-2026-PREFECTURE,CN-460300,2026,2026-12-31,prefecture_whole,,,,,,,not_collected,,,missing,false,法定债务四个分项保持独立；缺失值保留 null。
DEBT-CN-460400-2026-PREFECTURE,CN-460400,2026,2026-12-31,prefecture_whole,,,,,,,not_collected,,,missing,false,法定债务四个分项保持独立；缺失值保留 null。
DEBT-CN-469000-2026-PREFECTURE,CN-469000,2026,2026-12-31,prefecture_whole,,,,,,,not_collected,,,missing,false,法定债务四个分项保持独立；缺失值保留 null。
DEBT-CN-500000-2026-PREFECTURE,CN-500000,2026,2026-12-31,prefecture_whole,,,,,,,not_collected,,,missing,false,法定债务四个分项保持独立；缺失值保留 null。
DEBT-CN-510100-2026-PREFECTURE,CN-510100,2026,2026-12-31,prefecture_whole,,,,,,,not_collected,,,missing,false,法定债务四个分项保持独立；缺失值保留 null。
DEBT-CN-510300-2026-PREFECTURE,CN-510300,2026,2026-12-31,prefecture_whole,,,,,,,not_collected,,,missing,false,法定债务四个分项保持独立；缺失值保留 null。
DEBT-CN-510400-2026-PREFECTURE,CN-510400,2026,2026-12-31,prefecture_whole,,,,,,,not_collected,,,missing,false,法定债务四个分项保持独立；缺失值保留 null。
DEBT-CN-510500-2026-PREFECTURE,CN-510500,2026,2026-12-31,prefecture_whole,,,,,,,not_collected,,,missing,false,法定债务四个分项保持独立；缺失值保留 null。
DEBT-CN-510600-2026-PREFECTURE,CN-510600,2026,2026-12-31,prefecture_whole,,,,,,,not_collected,,,missing,false,法定债务四个分项保持独立；缺失值保留 null。
DEBT-CN-510700-2026-PREFECTURE,CN-510700,2026,2026-12-31,prefecture_whole,,,,,,,not_collected,,,missing,false,法定债务四个分项保持独立；缺失值保留 null。
DEBT-CN-510800-2026-PREFECTURE,CN-510800,2026,2026-12-31,prefecture_whole,,,,,,,not_collected,,,missing,false,法定债务四个分项保持独立；缺失值保留 null。
DEBT-CN-510900-2026-PREFECTURE,CN-510900,2026,2026-12-31,prefecture_whole,,,,,,,not_collected,,,missing,false,法定债务四个分项保持独立；缺失值保留 null。
DEBT-CN-511000-2026-PREFECTURE,CN-511000,2026,2026-12-31,prefecture_whole,,,,,,,not_collected,,,missing,false,法定债务四个分项保持独立；缺失值保留 null。
DEBT-CN-511100-2026-PREFECTURE,CN-511100,2026,2026-12-31,prefecture_whole,,,,,,,not_collected,,,missing,false,法定债务四个分项保持独立；缺失值保留 null。
DEBT-CN-511300-2026-PREFECTURE,CN-511300,2026,2026-12-31,prefecture_whole,,,,,,,not_collected,,,missing,false,法定债务四个分项保持独立；缺失值保留 null。
DEBT-CN-511400-2026-PREFECTURE,CN-511400,2026,2026-12-31,prefecture_whole,,,,,,,not_collected,,,missing,false,法定债务四个分项保持独立；缺失值保留 null。
DEBT-CN-511500-2026-PREFECTURE,CN-511500,2026,2026-12-31,prefecture_whole,,,,,,,not_collected,,,missing,false,法定债务四个分项保持独立；缺失值保留 null。
DEBT-CN-511600-2026-PREFECTURE,CN-511600,2026,2026-12-31,prefecture_whole,,,,,,,not_collected,,,missing,false,法定债务四个分项保持独立；缺失值保留 null。
DEBT-CN-511700-2026-PREFECTURE,CN-511700,2026,2026-12-31,prefecture_whole,,,,,,,not_collected,,,missing,false,法定债务四个分项保持独立；缺失值保留 null。
DEBT-CN-511800-2026-PREFECTURE,CN-511800,2026,2026-12-31,prefecture_whole,,,,,,,not_collected,,,missing,false,法定债务四个分项保持独立；缺失值保留 null。
DEBT-CN-511900-2026-PREFECTURE,CN-511900,2026,2026-12-31,prefecture_whole,,,,,,,not_collected,,,missing,false,法定债务四个分项保持独立；缺失值保留 null。
DEBT-CN-512000-2026-PREFECTURE,CN-512000,2026,2026-12-31,prefecture_whole,,,,,,,not_collected,,,missing,false,法定债务四个分项保持独立；缺失值保留 null。
DEBT-CN-513200-2026-PREFECTURE,CN-513200,2026,2026-12-31,prefecture_whole,,,,,,,not_collected,,,missing,false,法定债务四个分项保持独立；缺失值保留 null。
DEBT-CN-513300-2026-PREFECTURE,CN-513300,2026,2026-12-31,prefecture_whole,,,,,,,not_collected,,,missing,false,法定债务四个分项保持独立；缺失值保留 null。
DEBT-CN-513400-2026-PREFECTURE,CN-513400,2026,2026-12-31,prefecture_whole,,,,,,,not_collected,,,missing,false,法定债务四个分项保持独立；缺失值保留 null。
DEBT-CN-520100-2026-PREFECTURE,CN-520100,2026,2026-12-31,prefecture_whole,,,,,,,not_collected,,,missing,false,法定债务四个分项保持独立；缺失值保留 null。
DEBT-CN-520200-2026-PREFECTURE,CN-520200,2026,2026-12-31,prefecture_whole,,,,,,,not_collected,,,missing,false,法定债务四个分项保持独立；缺失值保留 null。
DEBT-CN-520300-2026-PREFECTURE,CN-520300,2026,2026-12-31,prefecture_whole,,,,,,,not_collected,,,missing,false,法定债务四个分项保持独立；缺失值保留 null。
DEBT-CN-520400-2026-PREFECTURE,CN-520400,2026,2026-12-31,prefecture_whole,,,,,,,not_collected,,,missing,false,法定债务四个分项保持独立；缺失值保留 null。
DEBT-CN-520500-2026-PREFECTURE,CN-520500,2026,2026-12-31,prefecture_whole,,,,,,,not_collected,,,missing,false,法定债务四个分项保持独立；缺失值保留 null。
DEBT-CN-520600-2026-PREFECTURE,CN-520600,2026,2026-12-31,prefecture_whole,,,,,,,not_collected,,,missing,false,法定债务四个分项保持独立；缺失值保留 null。
DEBT-CN-522300-2026-PREFECTURE,CN-522300,2026,2026-12-31,prefecture_whole,,,,,,,not_collected,,,missing,false,法定债务四个分项保持独立；缺失值保留 null。
DEBT-CN-522600-2026-PREFECTURE,CN-522600,2026,2026-12-31,prefecture_whole,,,,,,,not_collected,,,missing,false,法定债务四个分项保持独立；缺失值保留 null。
DEBT-CN-522700-2026-PREFECTURE,CN-522700,2026,2026-12-31,prefecture_whole,,,,,,,not_collected,,,missing,false,法定债务四个分项保持独立；缺失值保留 null。
DEBT-CN-530100-2026-PREFECTURE,CN-530100,2026,2026-12-31,prefecture_whole,,,,,,,not_collected,,,missing,false,法定债务四个分项保持独立；缺失值保留 null。
DEBT-CN-530300-2026-PREFECTURE,CN-530300,2026,2026-12-31,prefecture_whole,,,,,,,not_collected,,,missing,false,法定债务四个分项保持独立；缺失值保留 null。
DEBT-CN-530400-2026-PREFECTURE,CN-530400,2026,2026-12-31,prefecture_whole,,,,,,,not_collected,,,missing,false,法定债务四个分项保持独立；缺失值保留 null。
DEBT-CN-530500-2026-PREFECTURE,CN-530500,2026,2026-12-31,prefecture_whole,,,,,,,not_collected,,,missing,false,法定债务四个分项保持独立；缺失值保留 null。
DEBT-CN-530600-2026-PREFECTURE,CN-530600,2026,2026-12-31,prefecture_whole,,,,,,,not_collected,,,missing,false,法定债务四个分项保持独立；缺失值保留 null。
DEBT-CN-530700-2026-PREFECTURE,CN-530700,2026,2026-12-31,prefecture_whole,,,,,,,not_collected,,,missing,false,法定债务四个分项保持独立；缺失值保留 null。
DEBT-CN-530800-2026-PREFECTURE,CN-530800,2026,2026-12-31,prefecture_whole,,,,,,,not_collected,,,missing,false,法定债务四个分项保持独立；缺失值保留 null。
DEBT-CN-530900-2026-PREFECTURE,CN-530900,2026,2026-12-31,prefecture_whole,,,,,,,not_collected,,,missing,false,法定债务四个分项保持独立；缺失值保留 null。
DEBT-CN-532300-2026-PREFECTURE,CN-532300,2026,2026-12-31,prefecture_whole,,,,,,,not_collected,,,missing,false,法定债务四个分项保持独立；缺失值保留 null。
DEBT-CN-532500-2026-PREFECTURE,CN-532500,2026,2026-12-31,prefecture_whole,,,,,,,not_collected,,,missing,false,法定债务四个分项保持独立；缺失值保留 null。
DEBT-CN-532600-2026-PREFECTURE,CN-532600,2026,2026-12-31,prefecture_whole,,,,,,,not_collected,,,missing,false,法定债务四个分项保持独立；缺失值保留 null。
DEBT-CN-532800-2026-PREFECTURE,CN-532800,2026,2026-12-31,prefecture_whole,,,,,,,not_collected,,,missing,false,法定债务四个分项保持独立；缺失值保留 null。
DEBT-CN-532900-2026-PREFECTURE,CN-532900,2026,2026-12-31,prefecture_whole,,,,,,,not_collected,,,missing,false,法定债务四个分项保持独立；缺失值保留 null。
DEBT-CN-533100-2026-PREFECTURE,CN-533100,2026,2026-12-31,prefecture_whole,,,,,,,not_collected,,,missing,false,法定债务四个分项保持独立；缺失值保留 null。
DEBT-CN-533300-2026-PREFECTURE,CN-533300,2026,2026-12-31,prefecture_whole,,,,,,,not_collected,,,missing,false,法定债务四个分项保持独立；缺失值保留 null。
DEBT-CN-533400-2026-PREFECTURE,CN-533400,2026,2026-12-31,prefecture_whole,,,,,,,not_collected,,,missing,false,法定债务四个分项保持独立；缺失值保留 null。
DEBT-CN-540100-2026-PREFECTURE,CN-540100,2026,2026-12-31,prefecture_whole,,,,,,,not_collected,,,missing,false,法定债务四个分项保持独立；缺失值保留 null。
DEBT-CN-540200-2026-PREFECTURE,CN-540200,2026,2026-12-31,prefecture_whole,,,,,,,not_collected,,,missing,false,法定债务四个分项保持独立；缺失值保留 null。
DEBT-CN-540300-2026-PREFECTURE,CN-540300,2026,2026-12-31,prefecture_whole,,,,,,,not_collected,,,missing,false,法定债务四个分项保持独立；缺失值保留 null。
DEBT-CN-540400-2026-PREFECTURE,CN-540400,2026,2026-12-31,prefecture_whole,,,,,,,not_collected,,,missing,false,法定债务四个分项保持独立；缺失值保留 null。
DEBT-CN-540500-2026-PREFECTURE,CN-540500,2026,2026-12-31,prefecture_whole,,,,,,,not_collected,,,missing,false,法定债务四个分项保持独立；缺失值保留 null。
DEBT-CN-540600-2026-PREFECTURE,CN-540600,2026,2026-12-31,prefecture_whole,,,,,,,not_collected,,,missing,false,法定债务四个分项保持独立；缺失值保留 null。
DEBT-CN-542500-2026-PREFECTURE,CN-542500,2026,2026-12-31,prefecture_whole,,,,,,,not_collected,,,missing,false,法定债务四个分项保持独立；缺失值保留 null。
DEBT-CN-610100-2026-PREFECTURE,CN-610100,2026,2026-12-31,prefecture_whole,,,,,,,not_collected,,,missing,false,法定债务四个分项保持独立；缺失值保留 null。
DEBT-CN-610200-2026-PREFECTURE,CN-610200,2026,2026-12-31,prefecture_whole,,,,,,,not_collected,,,missing,false,法定债务四个分项保持独立；缺失值保留 null。
DEBT-CN-610300-2026-PREFECTURE,CN-610300,2026,2026-12-31,prefecture_whole,,,,,,,not_collected,,,missing,false,法定债务四个分项保持独立；缺失值保留 null。
DEBT-CN-610400-2026-PREFECTURE,CN-610400,2026,2026-12-31,prefecture_whole,,,,,,,not_collected,,,missing,false,法定债务四个分项保持独立；缺失值保留 null。
DEBT-CN-610500-2026-PREFECTURE,CN-610500,2026,2026-12-31,prefecture_whole,,,,,,,not_collected,,,missing,false,法定债务四个分项保持独立；缺失值保留 null。
DEBT-CN-610600-2026-PREFECTURE,CN-610600,2026,2026-12-31,prefecture_whole,,,,,,,not_collected,,,missing,false,法定债务四个分项保持独立；缺失值保留 null。
DEBT-CN-610700-2026-PREFECTURE,CN-610700,2026,2026-12-31,prefecture_whole,,,,,,,not_collected,,,missing,false,法定债务四个分项保持独立；缺失值保留 null。
DEBT-CN-610800-2026-PREFECTURE,CN-610800,2026,2026-12-31,prefecture_whole,,,,,,,not_collected,,,missing,false,法定债务四个分项保持独立；缺失值保留 null。
DEBT-CN-610900-2026-PREFECTURE,CN-610900,2026,2026-12-31,prefecture_whole,,,,,,,not_collected,,,missing,false,法定债务四个分项保持独立；缺失值保留 null。
DEBT-CN-611000-2026-PREFECTURE,CN-611000,2026,2026-12-31,prefecture_whole,,,,,,,not_collected,,,missing,false,法定债务四个分项保持独立；缺失值保留 null。
DEBT-CN-620100-2026-PREFECTURE,CN-620100,2026,2026-12-31,prefecture_whole,,,,,,,not_collected,,,missing,false,法定债务四个分项保持独立；缺失值保留 null。
DEBT-CN-620200-2026-PREFECTURE,CN-620200,2026,2026-12-31,prefecture_whole,,,,,,,not_collected,,,missing,false,法定债务四个分项保持独立；缺失值保留 null。
DEBT-CN-620300-2026-PREFECTURE,CN-620300,2026,2026-12-31,prefecture_whole,,,,,,,not_collected,,,missing,false,法定债务四个分项保持独立；缺失值保留 null。
DEBT-CN-620400-2026-PREFECTURE,CN-620400,2026,2026-12-31,prefecture_whole,,,,,,,not_collected,,,missing,false,法定债务四个分项保持独立；缺失值保留 null。
DEBT-CN-620500-2026-PREFECTURE,CN-620500,2026,2026-12-31,prefecture_whole,,,,,,,not_collected,,,missing,false,法定债务四个分项保持独立；缺失值保留 null。
DEBT-CN-620600-2026-PREFECTURE,CN-620600,2026,2026-12-31,prefecture_whole,,,,,,,not_collected,,,missing,false,法定债务四个分项保持独立；缺失值保留 null。
DEBT-CN-620700-2026-PREFECTURE,CN-620700,2026,2026-12-31,prefecture_whole,,,,,,,not_collected,,,missing,false,法定债务四个分项保持独立；缺失值保留 null。
DEBT-CN-620800-2026-PREFECTURE,CN-620800,2026,2026-12-31,prefecture_whole,,,,,,,not_collected,,,missing,false,法定债务四个分项保持独立；缺失值保留 null。
DEBT-CN-620900-2026-PREFECTURE,CN-620900,2026,2026-12-31,prefecture_whole,,,,,,,not_collected,,,missing,false,法定债务四个分项保持独立；缺失值保留 null。
DEBT-CN-621000-2026-PREFECTURE,CN-621000,2026,2026-12-31,prefecture_whole,,,,,,,not_collected,,,missing,false,法定债务四个分项保持独立；缺失值保留 null。
DEBT-CN-621100-2026-PREFECTURE,CN-621100,2026,2026-12-31,prefecture_whole,,,,,,,not_collected,,,missing,false,法定债务四个分项保持独立；缺失值保留 null。
DEBT-CN-621200-2026-PREFECTURE,CN-621200,2026,2026-12-31,prefecture_whole,,,,,,,not_collected,,,missing,false,法定债务四个分项保持独立；缺失值保留 null。
DEBT-CN-622900-2026-PREFECTURE,CN-622900,2026,2026-12-31,prefecture_whole,,,,,,,not_collected,,,missing,false,法定债务四个分项保持独立；缺失值保留 null。
DEBT-CN-623000-2026-PREFECTURE,CN-623000,2026,2026-12-31,prefecture_whole,,,,,,,not_collected,,,missing,false,法定债务四个分项保持独立；缺失值保留 null。
DEBT-CN-630100-2026-PREFECTURE,CN-630100,2026,2026-12-31,prefecture_whole,,,,,,,not_collected,,,missing,false,法定债务四个分项保持独立；缺失值保留 null。
DEBT-CN-630200-2026-PREFECTURE,CN-630200,2026,2026-12-31,prefecture_whole,,,,,,,not_collected,,,missing,false,法定债务四个分项保持独立；缺失值保留 null。
DEBT-CN-632200-2026-PREFECTURE,CN-632200,2026,2026-12-31,prefecture_whole,,,,,,,not_collected,,,missing,false,法定债务四个分项保持独立；缺失值保留 null。
DEBT-CN-632300-2026-PREFECTURE,CN-632300,2026,2026-12-31,prefecture_whole,,,,,,,not_collected,,,missing,false,法定债务四个分项保持独立；缺失值保留 null。
DEBT-CN-632500-2026-PREFECTURE,CN-632500,2026,2026-12-31,prefecture_whole,,,,,,,not_collected,,,missing,false,法定债务四个分项保持独立；缺失值保留 null。
DEBT-CN-632600-2026-PREFECTURE,CN-632600,2026,2026-12-31,prefecture_whole,,,,,,,not_collected,,,missing,false,法定债务四个分项保持独立；缺失值保留 null。
DEBT-CN-632700-2026-PREFECTURE,CN-632700,2026,2026-12-31,prefecture_whole,,,,,,,not_collected,,,missing,false,法定债务四个分项保持独立；缺失值保留 null。
DEBT-CN-632800-2026-PREFECTURE,CN-632800,2026,2026-12-31,prefecture_whole,,,,,,,not_collected,,,missing,false,法定债务四个分项保持独立；缺失值保留 null。
DEBT-CN-640100-2026-PREFECTURE,CN-640100,2026,2026-12-31,prefecture_whole,,,,,,,not_collected,,,missing,false,法定债务四个分项保持独立；缺失值保留 null。
DEBT-CN-640200-2026-PREFECTURE,CN-640200,2026,2026-12-31,prefecture_whole,,,,,,,not_collected,,,missing,false,法定债务四个分项保持独立；缺失值保留 null。
DEBT-CN-640300-2026-PREFECTURE,CN-640300,2026,2026-12-31,prefecture_whole,,,,,,,not_collected,,,missing,false,法定债务四个分项保持独立；缺失值保留 null。
DEBT-CN-640400-2026-PREFECTURE,CN-640400,2026,2026-12-31,prefecture_whole,,,,,,,not_collected,,,missing,false,法定债务四个分项保持独立；缺失值保留 null。
DEBT-CN-640500-2026-PREFECTURE,CN-640500,2026,2026-12-31,prefecture_whole,,,,,,,not_collected,,,missing,false,法定债务四个分项保持独立；缺失值保留 null。
DEBT-CN-650100-2026-PREFECTURE,CN-650100,2026,2026-12-31,prefecture_whole,,,,,,,not_collected,,,missing,false,法定债务四个分项保持独立；缺失值保留 null。
DEBT-CN-650200-2026-PREFECTURE,CN-650200,2026,2026-12-31,prefecture_whole,,,,,,,not_collected,,,missing,false,法定债务四个分项保持独立；缺失值保留 null。
DEBT-CN-650400-2026-PREFECTURE,CN-650400,2026,2026-12-31,prefecture_whole,,,,,,,not_collected,,,missing,false,法定债务四个分项保持独立；缺失值保留 null。
DEBT-CN-650500-2026-PREFECTURE,CN-650500,2026,2026-12-31,prefecture_whole,,,,,,,not_collected,,,missing,false,法定债务四个分项保持独立；缺失值保留 null。
DEBT-CN-652300-2026-PREFECTURE,CN-652300,2026,2026-12-31,prefecture_whole,,,,,,,not_collected,,,missing,false,法定债务四个分项保持独立；缺失值保留 null。
DEBT-CN-652700-2026-PREFECTURE,CN-652700,2026,2026-12-31,prefecture_whole,,,,,,,not_collected,,,missing,false,法定债务四个分项保持独立；缺失值保留 null。
DEBT-CN-652800-2026-PREFECTURE,CN-652800,2026,2026-12-31,prefecture_whole,,,,,,,not_collected,,,missing,false,法定债务四个分项保持独立；缺失值保留 null。
DEBT-CN-652900-2026-PREFECTURE,CN-652900,2026,2026-12-31,prefecture_whole,,,,,,,not_collected,,,missing,false,法定债务四个分项保持独立；缺失值保留 null。
DEBT-CN-653000-2026-PREFECTURE,CN-653000,2026,2026-12-31,prefecture_whole,,,,,,,not_collected,,,missing,false,法定债务四个分项保持独立；缺失值保留 null。
DEBT-CN-653100-2026-PREFECTURE,CN-653100,2026,2026-12-31,prefecture_whole,,,,,,,not_collected,,,missing,false,法定债务四个分项保持独立；缺失值保留 null。
DEBT-CN-653200-2026-PREFECTURE,CN-653200,2026,2026-12-31,prefecture_whole,,,,,,,not_collected,,,missing,false,法定债务四个分项保持独立；缺失值保留 null。
DEBT-CN-654000-2026-PREFECTURE,CN-654000,2026,2026-12-31,prefecture_whole,,,,,,,not_collected,,,missing,false,法定债务四个分项保持独立；缺失值保留 null。
DEBT-CN-654200-2026-PREFECTURE,CN-654200,2026,2026-12-31,prefecture_whole,,,,,,,not_collected,,,missing,false,法定债务四个分项保持独立；缺失值保留 null。
DEBT-CN-654300-2026-PREFECTURE,CN-654300,2026,2026-12-31,prefecture_whole,,,,,,,not_collected,,,missing,false,法定债务四个分项保持独立；缺失值保留 null。
DEBT-CN-659000-2026-PREFECTURE,CN-659000,2026,2026-12-31,prefecture_whole,,,,,,,not_collected,,,missing,false,法定债务四个分项保持独立；缺失值保留 null。
