city_id,admin_code_6,city_code_12,city_name_cn,province_code,province_name,prefecture_type,sample_tier,metric_year,roster_year,roster_source_year,valid_from,valid_to,roster_version_status,source_doc_id,source_locator,system_valid_from,system_valid_to,note
CN-110000,110000,110000000000,北京市,11,北京市,直辖市,separate,2018,2018,2018,2018-01-01,,official_source_snapshot,SRC-ADMIN-DIVISION-2018,"level=2, code=110100000000, parent=110000000000",2026-08-01T00:00:00+08:00,,
CN-120000,120000,120000000000,天津市,12,天津市,直辖市,separate,2018,2018,2018,2018-01-01,,official_source_snapshot,SRC-ADMIN-DIVISION-2018,"level=2, code=120100000000, parent=120000000000",2026-08-01T00:00:00+08:00,,
CN-130100,130100,130100000000,石家庄市,13,河北省,地级市,core,2018,2018,2018,2018-01-01,,official_source_snapshot,SRC-ADMIN-DIVISION-2018,"level=2, code=130100000000, parent=130000000000",2026-08-01T00:00:00+08:00,,
CN-130200,130200,130200000000,唐山市,13,河北省,地级市,core,2018,2018,2018,2018-01-01,,official_source_snapshot,SRC-ADMIN-DIVISION-2018,"level=2, code=130200000000, parent=130000000000",2026-08-01T00:00:00+08:00,,
CN-130300,130300,130300000000,秦皇岛市,13,河北省,地级市,core,2018,2018,2018,2018-01-01,,official_source_snapshot,SRC-ADMIN-DIVISION-2018,"level=2, code=130300000000, parent=130000000000",2026-08-01T00:00:00+08:00,,
CN-130400,130400,130400000000,邯郸市,13,河北省,地级市,core,2018,2018,2018,2018-01-01,,official_source_snapshot,SRC-ADMIN-DIVISION-2018,"level=2, code=130400000000, parent=130000000000",2026-08-01T00:00:00+08:00,,
CN-130500,130500,130500000000,邢台市,13,河北省,地级市,core,2018,2018,2018,2018-01-01,,official_source_snapshot,SRC-ADMIN-DIVISION-2018,"level=2, code=130500000000, parent=130000000000",2026-08-01T00:00:00+08:00,,
CN-130600,130600,130600000000,保定市,13,河北省,地级市,core,2018,2018,2018,2018-01-01,,official_source_snapshot,SRC-ADMIN-DIVISION-2018,"level=2, code=130600000000, parent=130000000000",2026-08-01T00:00:00+08:00,,
CN-130700,130700,130700000000,张家口市,13,河北省,地级市,core,2018,2018,2018,2018-01-01,,official_source_snapshot,SRC-ADMIN-DIVISION-2018,"level=2, code=130700000000, parent=130000000000",2026-08-01T00:00:00+08:00,,
CN-130800,130800,130800000000,承德市,13,河北省,地级市,core,2018,2018,2018,2018-01-01,,official_source_snapshot,SRC-ADMIN-DIVISION-2018,"level=2, code=130800000000, parent=130000000000",2026-08-01T00:00:00+08:00,,
CN-130900,130900,130900000000,沧州市,13,河北省,地级市,core,2018,2018,2018,2018-01-01,,official_source_snapshot,SRC-ADMIN-DIVISION-2018,"level=2, code=130900000000, parent=130000000000",2026-08-01T00:00:00+08:00,,
CN-131000,131000,131000000000,廊坊市,13,河北省,地级市,core,2018,2018,2018,2018-01-01,,official_source_snapshot,SRC-ADMIN-DIVISION-2018,"level=2, code=131000000000, parent=130000000000",2026-08-01T00:00:00+08:00,,
CN-131100,131100,131100000000,衡水市,13,河北省,地级市,core,2018,2018,2018,2018-01-01,,official_source_snapshot,SRC-ADMIN-DIVISION-2018,"level=2, code=131100000000, parent=130000000000",2026-08-01T00:00:00+08:00,,
CN-140100,140100,140100000000,太原市,14,山西省,地级市,core,2018,2018,2018,2018-01-01,,official_source_snapshot,SRC-ADMIN-DIVISION-2018,"level=2, code=140100000000, parent=140000000000",2026-08-01T00:00:00+08:00,,
CN-140200,140200,140200000000,大同市,14,山西省,地级市,core,2018,2018,2018,2018-01-01,,official_source_snapshot,SRC-ADMIN-DIVISION-2018,"level=2, code=140200000000, parent=140000000000",2026-08-01T00:00:00+08:00,,
CN-140300,140300,140300000000,阳泉市,14,山西省,地级市,core,2018,2018,2018,2018-01-01,,official_source_snapshot,SRC-ADMIN-DIVISION-2018,"level=2, code=140300000000, parent=140000000000",2026-08-01T00:00:00+08:00,,
CN-140400,140400,140400000000,长治市,14,山西省,地级市,core,2018,2018,2018,2018-01-01,,official_source_snapshot,SRC-ADMIN-DIVISION-2018,"level=2, code=140400000000, parent=140000000000",2026-08-01T00:00:00+08:00,,
CN-140500,140500,140500000000,晋城市,14,山西省,地级市,core,2018,2018,2018,2018-01-01,,official_source_snapshot,SRC-ADMIN-DIVISION-2018,"level=2, code=140500000000, parent=140000000000",2026-08-01T00:00:00+08:00,,
CN-140600,140600,140600000000,朔州市,14,山西省,地级市,core,2018,2018,2018,2018-01-01,,official_source_snapshot,SRC-ADMIN-DIVISION-2018,"level=2, code=140600000000, parent=140000000000",2026-08-01T00:00:00+08:00,,
CN-140700,140700,140700000000,晋中市,14,山西省,地级市,core,2018,2018,2018,2018-01-01,,official_source_snapshot,SRC-ADMIN-DIVISION-2018,"level=2, code=140700000000, parent=140000000000",2026-08-01T00:00:00+08:00,,
CN-140800,140800,140800000000,运城市,14,山西省,地级市,core,2018,2018,2018,2018-01-01,,official_source_snapshot,SRC-ADMIN-DIVISION-2018,"level=2, code=140800000000, parent=140000000000",2026-08-01T00:00:00+08:00,,
CN-140900,140900,140900000000,忻州市,14,山西省,地级市,core,2018,2018,2018,2018-01-01,,official_source_snapshot,SRC-ADMIN-DIVISION-2018,"level=2, code=140900000000, parent=140000000000",2026-08-01T00:00:00+08:00,,
CN-141000,141000,141000000000,临汾市,14,山西省,地级市,core,2018,2018,2018,2018-01-01,,official_source_snapshot,SRC-ADMIN-DIVISION-2018,"level=2, code=141000000000, parent=140000000000",2026-08-01T00:00:00+08:00,,
CN-141100,141100,141100000000,吕梁市,14,山西省,地级市,core,2018,2018,2018,2018-01-01,,official_source_snapshot,SRC-ADMIN-DIVISION-2018,"level=2, code=141100000000, parent=140000000000",2026-08-01T00:00:00+08:00,,
CN-150100,150100,150100000000,呼和浩特市,15,内蒙古自治区,地级市,core,2018,2018,2018,2018-01-01,,official_source_snapshot,SRC-ADMIN-DIVISION-2018,"level=2, code=150100000000, parent=150000000000",2026-08-01T00:00:00+08:00,,
CN-150200,150200,150200000000,包头市,15,内蒙古自治区,地级市,core,2018,2018,2018,2018-01-01,,official_source_snapshot,SRC-ADMIN-DIVISION-2018,"level=2, code=150200000000, parent=150000000000",2026-08-01T00:00:00+08:00,,
CN-150300,150300,150300000000,乌海市,15,内蒙古自治区,地级市,core,2018,2018,2018,2018-01-01,,official_source_snapshot,SRC-ADMIN-DIVISION-2018,"level=2, code=150300000000, parent=150000000000",2026-08-01T00:00:00+08:00,,
CN-150400,150400,150400000000,赤峰市,15,内蒙古自治区,地级市,core,2018,2018,2018,2018-01-01,,official_source_snapshot,SRC-ADMIN-DIVISION-2018,"level=2, code=150400000000, parent=150000000000",2026-08-01T00:00:00+08:00,,
CN-150500,150500,150500000000,通辽市,15,内蒙古自治区,地级市,core,2018,2018,2018,2018-01-01,,official_source_snapshot,SRC-ADMIN-DIVISION-2018,"level=2, code=150500000000, parent=150000000000",2026-08-01T00:00:00+08:00,,
CN-150600,150600,150600000000,鄂尔多斯市,15,内蒙古自治区,地级市,core,2018,2018,2018,2018-01-01,,official_source_snapshot,SRC-ADMIN-DIVISION-2018,"level=2, code=150600000000, parent=150000000000",2026-08-01T00:00:00+08:00,,
CN-150700,150700,150700000000,呼伦贝尔市,15,内蒙古自治区,地级市,core,2018,2018,2018,2018-01-01,,official_source_snapshot,SRC-ADMIN-DIVISION-2018,"level=2, code=150700000000, parent=150000000000",2026-08-01T00:00:00+08:00,,
CN-150800,150800,150800000000,巴彦淖尔市,15,内蒙古自治区,地级市,core,2018,2018,2018,2018-01-01,,official_source_snapshot,SRC-ADMIN-DIVISION-2018,"level=2, code=150800000000, parent=150000000000",2026-08-01T00:00:00+08:00,,
CN-150900,150900,150900000000,乌兰察布市,15,内蒙古自治区,地级市,core,2018,2018,2018,2018-01-01,,official_source_snapshot,SRC-ADMIN-DIVISION-2018,"level=2, code=150900000000, parent=150000000000",2026-08-01T00:00:00+08:00,,
CN-152200,152200,152200000000,兴安盟,15,内蒙古自治区,盟,extended,2018,2018,2018,2018-01-01,,official_source_snapshot,SRC-ADMIN-DIVISION-2018,"level=2, code=152200000000, parent=150000000000",2026-08-01T00:00:00+08:00,,
CN-152500,152500,152500000000,锡林郭勒盟,15,内蒙古自治区,盟,extended,2018,2018,2018,2018-01-01,,official_source_snapshot,SRC-ADMIN-DIVISION-2018,"level=2, code=152500000000, parent=150000000000",2026-08-01T00:00:00+08:00,,
CN-152900,152900,152900000000,阿拉善盟,15,内蒙古自治区,盟,extended,2018,2018,2018,2018-01-01,,official_source_snapshot,SRC-ADMIN-DIVISION-2018,"level=2, code=152900000000, parent=150000000000",2026-08-01T00:00:00+08:00,,
CN-210100,210100,210100000000,沈阳市,21,辽宁省,地级市,core,2018,2018,2018,2018-01-01,,official_source_snapshot,SRC-ADMIN-DIVISION-2018,"level=2, code=210100000000, parent=210000000000",2026-08-01T00:00:00+08:00,,
CN-210200,210200,210200000000,大连市,21,辽宁省,地级市,core,2018,2018,2018,2018-01-01,,official_source_snapshot,SRC-ADMIN-DIVISION-2018,"level=2, code=210200000000, parent=210000000000",2026-08-01T00:00:00+08:00,,
CN-210300,210300,210300000000,鞍山市,21,辽宁省,地级市,core,2018,2018,2018,2018-01-01,,official_source_snapshot,SRC-ADMIN-DIVISION-2018,"level=2, code=210300000000, parent=210000000000",2026-08-01T00:00:00+08:00,,
CN-210400,210400,210400000000,抚顺市,21,辽宁省,地级市,core,2018,2018,2018,2018-01-01,,official_source_snapshot,SRC-ADMIN-DIVISION-2018,"level=2, code=210400000000, parent=210000000000",2026-08-01T00:00:00+08:00,,
CN-210500,210500,210500000000,本溪市,21,辽宁省,地级市,core,2018,2018,2018,2018-01-01,,official_source_snapshot,SRC-ADMIN-DIVISION-2018,"level=2, code=210500000000, parent=210000000000",2026-08-01T00:00:00+08:00,,
CN-210600,210600,210600000000,丹东市,21,辽宁省,地级市,core,2018,2018,2018,2018-01-01,,official_source_snapshot,SRC-ADMIN-DIVISION-2018,"level=2, code=210600000000, parent=210000000000",2026-08-01T00:00:00+08:00,,
CN-210700,210700,210700000000,锦州市,21,辽宁省,地级市,core,2018,2018,2018,2018-01-01,,official_source_snapshot,SRC-ADMIN-DIVISION-2018,"level=2, code=210700000000, parent=210000000000",2026-08-01T00:00:00+08:00,,
CN-210800,210800,210800000000,营口市,21,辽宁省,地级市,core,2018,2018,2018,2018-01-01,,official_source_snapshot,SRC-ADMIN-DIVISION-2018,"level=2, code=210800000000, parent=210000000000",2026-08-01T00:00:00+08:00,,
CN-210900,210900,210900000000,阜新市,21,辽宁省,地级市,core,2018,2018,2018,2018-01-01,,official_source_snapshot,SRC-ADMIN-DIVISION-2018,"level=2, code=210900000000, parent=210000000000",2026-08-01T00:00:00+08:00,,
CN-211000,211000,211000000000,辽阳市,21,辽宁省,地级市,core,2018,2018,2018,2018-01-01,,official_source_snapshot,SRC-ADMIN-DIVISION-2018,"level=2, code=211000000000, parent=210000000000",2026-08-01T00:00:00+08:00,,
CN-211100,211100,211100000000,盘锦市,21,辽宁省,地级市,core,2018,2018,2018,2018-01-01,,official_source_snapshot,SRC-ADMIN-DIVISION-2018,"level=2, code=211100000000, parent=210000000000",2026-08-01T00:00:00+08:00,,
CN-211200,211200,211200000000,铁岭市,21,辽宁省,地级市,core,2018,2018,2018,2018-01-01,,official_source_snapshot,SRC-ADMIN-DIVISION-2018,"level=2, code=211200000000, parent=210000000000",2026-08-01T00:00:00+08:00,,
CN-211300,211300,211300000000,朝阳市,21,辽宁省,地级市,core,2018,2018,2018,2018-01-01,,official_source_snapshot,SRC-ADMIN-DIVISION-2018,"level=2, code=211300000000, parent=210000000000",2026-08-01T00:00:00+08:00,,
CN-211400,211400,211400000000,葫芦岛市,21,辽宁省,地级市,core,2018,2018,2018,2018-01-01,,official_source_snapshot,SRC-ADMIN-DIVISION-2018,"level=2, code=211400000000, parent=210000000000",2026-08-01T00:00:00+08:00,,
CN-220100,220100,220100000000,长春市,22,吉林省,地级市,core,2018,2018,2018,2018-01-01,,official_source_snapshot,SRC-ADMIN-DIVISION-2018,"level=2, code=220100000000, parent=220000000000",2026-08-01T00:00:00+08:00,,
CN-220200,220200,220200000000,吉林市,22,吉林省,地级市,core,2018,2018,2018,2018-01-01,,official_source_snapshot,SRC-ADMIN-DIVISION-2018,"level=2, code=220200000000, parent=220000000000",2026-08-01T00:00:00+08:00,,
CN-220300,220300,220300000000,四平市,22,吉林省,地级市,core,2018,2018,2018,2018-01-01,,official_source_snapshot,SRC-ADMIN-DIVISION-2018,"level=2, code=220300000000, parent=220000000000",2026-08-01T00:00:00+08:00,,
CN-220400,220400,220400000000,辽源市,22,吉林省,地级市,core,2018,2018,2018,2018-01-01,,official_source_snapshot,SRC-ADMIN-DIVISION-2018,"level=2, code=220400000000, parent=220000000000",2026-08-01T00:00:00+08:00,,
CN-220500,220500,220500000000,通化市,22,吉林省,地级市,core,2018,2018,2018,2018-01-01,,official_source_snapshot,SRC-ADMIN-DIVISION-2018,"level=2, code=220500000000, parent=220000000000",2026-08-01T00:00:00+08:00,,
CN-220600,220600,220600000000,白山市,22,吉林省,地级市,core,2018,2018,2018,2018-01-01,,official_source_snapshot,SRC-ADMIN-DIVISION-2018,"level=2, code=220600000000, parent=220000000000",2026-08-01T00:00:00+08:00,,
CN-220700,220700,220700000000,松原市,22,吉林省,地级市,core,2018,2018,2018,2018-01-01,,official_source_snapshot,SRC-ADMIN-DIVISION-2018,"level=2, code=220700000000, parent=220000000000",2026-08-01T00:00:00+08:00,,
CN-220800,220800,220800000000,白城市,22,吉林省,地级市,core,2018,2018,2018,2018-01-01,,official_source_snapshot,SRC-ADMIN-DIVISION-2018,"level=2, code=220800000000, parent=220000000000",2026-08-01T00:00:00+08:00,,
CN-222400,222400,222400000000,延边朝鲜族自治州,22,吉林省,自治州,extended,2018,2018,2018,2018-01-01,,official_source_snapshot,SRC-ADMIN-DIVISION-2018,"level=2, code=222400000000, parent=220000000000",2026-08-01T00:00:00+08:00,,
CN-230100,230100,230100000000,哈尔滨市,23,黑龙江省,地级市,core,2018,2018,2018,2018-01-01,,official_source_snapshot,SRC-ADMIN-DIVISION-2018,"level=2, code=230100000000, parent=230000000000",2026-08-01T00:00:00+08:00,,
CN-230200,230200,230200000000,齐齐哈尔市,23,黑龙江省,地级市,core,2018,2018,2018,2018-01-01,,official_source_snapshot,SRC-ADMIN-DIVISION-2018,"level=2, code=230200000000, parent=230000000000",2026-08-01T00:00:00+08:00,,
CN-230300,230300,230300000000,鸡西市,23,黑龙江省,地级市,core,2018,2018,2018,2018-01-01,,official_source_snapshot,SRC-ADMIN-DIVISION-2018,"level=2, code=230300000000, parent=230000000000",2026-08-01T00:00:00+08:00,,
CN-230400,230400,230400000000,鹤岗市,23,黑龙江省,地级市,core,2018,2018,2018,2018-01-01,,official_source_snapshot,SRC-ADMIN-DIVISION-2018,"level=2, code=230400000000, parent=230000000000",2026-08-01T00:00:00+08:00,,
CN-230500,230500,230500000000,双鸭山市,23,黑龙江省,地级市,core,2018,2018,2018,2018-01-01,,official_source_snapshot,SRC-ADMIN-DIVISION-2018,"level=2, code=230500000000, parent=230000000000",2026-08-01T00:00:00+08:00,,
CN-230600,230600,230600000000,大庆市,23,黑龙江省,地级市,core,2018,2018,2018,2018-01-01,,official_source_snapshot,SRC-ADMIN-DIVISION-2018,"level=2, code=230600000000, parent=230000000000",2026-08-01T00:00:00+08:00,,
CN-230700,230700,230700000000,伊春市,23,黑龙江省,地级市,core,2018,2018,2018,2018-01-01,,official_source_snapshot,SRC-ADMIN-DIVISION-2018,"level=2, code=230700000000, parent=230000000000",2026-08-01T00:00:00+08:00,,
CN-230800,230800,230800000000,佳木斯市,23,黑龙江省,地级市,core,2018,2018,2018,2018-01-01,,official_source_snapshot,SRC-ADMIN-DIVISION-2018,"level=2, code=230800000000, parent=230000000000",2026-08-01T00:00:00+08:00,,
CN-230900,230900,230900000000,七台河市,23,黑龙江省,地级市,core,2018,2018,2018,2018-01-01,,official_source_snapshot,SRC-ADMIN-DIVISION-2018,"level=2, code=230900000000, parent=230000000000",2026-08-01T00:00:00+08:00,,
CN-231000,231000,231000000000,牡丹江市,23,黑龙江省,地级市,core,2018,2018,2018,2018-01-01,,official_source_snapshot,SRC-ADMIN-DIVISION-2018,"level=2, code=231000000000, parent=230000000000",2026-08-01T00:00:00+08:00,,
CN-231100,231100,231100000000,黑河市,23,黑龙江省,地级市,core,2018,2018,2018,2018-01-01,,official_source_snapshot,SRC-ADMIN-DIVISION-2018,"level=2, code=231100000000, parent=230000000000",2026-08-01T00:00:00+08:00,,
CN-231200,231200,231200000000,绥化市,23,黑龙江省,地级市,core,2018,2018,2018,2018-01-01,,official_source_snapshot,SRC-ADMIN-DIVISION-2018,"level=2, code=231200000000, parent=230000000000",2026-08-01T00:00:00+08:00,,
CN-232700,232700,232700000000,大兴安岭地区,23,黑龙江省,地区,extended,2018,2018,2018,2018-01-01,,official_source_snapshot,SRC-ADMIN-DIVISION-2018,"level=2, code=232700000000, parent=230000000000",2026-08-01T00:00:00+08:00,,
CN-310000,310000,310000000000,上海市,31,上海市,直辖市,separate,2018,2018,2018,2018-01-01,,official_source_snapshot,SRC-ADMIN-DIVISION-2018,"level=2, code=310100000000, parent=310000000000",2026-08-01T00:00:00+08:00,,
CN-320100,320100,320100000000,南京市,32,江苏省,地级市,core,2018,2018,2018,2018-01-01,,official_source_snapshot,SRC-ADMIN-DIVISION-2018,"level=2, code=320100000000, parent=320000000000",2026-08-01T00:00:00+08:00,,
CN-320200,320200,320200000000,无锡市,32,江苏省,地级市,core,2018,2018,2018,2018-01-01,,official_source_snapshot,SRC-ADMIN-DIVISION-2018,"level=2, code=320200000000, parent=320000000000",2026-08-01T00:00:00+08:00,,
CN-320300,320300,320300000000,徐州市,32,江苏省,地级市,core,2018,2018,2018,2018-01-01,,official_source_snapshot,SRC-ADMIN-DIVISION-2018,"level=2, code=320300000000, parent=320000000000",2026-08-01T00:00:00+08:00,,
CN-320400,320400,320400000000,常州市,32,江苏省,地级市,core,2018,2018,2018,2018-01-01,,official_source_snapshot,SRC-ADMIN-DIVISION-2018,"level=2, code=320400000000, parent=320000000000",2026-08-01T00:00:00+08:00,,
CN-320500,320500,320500000000,苏州市,32,江苏省,地级市,core,2018,2018,2018,2018-01-01,,official_source_snapshot,SRC-ADMIN-DIVISION-2018,"level=2, code=320500000000, parent=320000000000",2026-08-01T00:00:00+08:00,,
CN-320600,320600,320600000000,南通市,32,江苏省,地级市,core,2018,2018,2018,2018-01-01,,official_source_snapshot,SRC-ADMIN-DIVISION-2018,"level=2, code=320600000000, parent=320000000000",2026-08-01T00:00:00+08:00,,
CN-320700,320700,320700000000,连云港市,32,江苏省,地级市,core,2018,2018,2018,2018-01-01,,official_source_snapshot,SRC-ADMIN-DIVISION-2018,"level=2, code=320700000000, parent=320000000000",2026-08-01T00:00:00+08:00,,
CN-320800,320800,320800000000,淮安市,32,江苏省,地级市,core,2018,2018,2018,2018-01-01,,official_source_snapshot,SRC-ADMIN-DIVISION-2018,"level=2, code=320800000000, parent=320000000000",2026-08-01T00:00:00+08:00,,
CN-320900,320900,320900000000,盐城市,32,江苏省,地级市,core,2018,2018,2018,2018-01-01,,official_source_snapshot,SRC-ADMIN-DIVISION-2018,"level=2, code=320900000000, parent=320000000000",2026-08-01T00:00:00+08:00,,
CN-321000,321000,321000000000,扬州市,32,江苏省,地级市,core,2018,2018,2018,2018-01-01,,official_source_snapshot,SRC-ADMIN-DIVISION-2018,"level=2, code=321000000000, parent=320000000000",2026-08-01T00:00:00+08:00,,
CN-321100,321100,321100000000,镇江市,32,江苏省,地级市,core,2018,2018,2018,2018-01-01,,official_source_snapshot,SRC-ADMIN-DIVISION-2018,"level=2, code=321100000000, parent=320000000000",2026-08-01T00:00:00+08:00,,
CN-321200,321200,321200000000,泰州市,32,江苏省,地级市,core,2018,2018,2018,2018-01-01,,official_source_snapshot,SRC-ADMIN-DIVISION-2018,"level=2, code=321200000000, parent=320000000000",2026-08-01T00:00:00+08:00,,
CN-321300,321300,321300000000,宿迁市,32,江苏省,地级市,core,2018,2018,2018,2018-01-01,,official_source_snapshot,SRC-ADMIN-DIVISION-2018,"level=2, code=321300000000, parent=320000000000",2026-08-01T00:00:00+08:00,,
CN-330100,330100,330100000000,杭州市,33,浙江省,地级市,core,2018,2018,2018,2018-01-01,,official_source_snapshot,SRC-ADMIN-DIVISION-2018,"level=2, code=330100000000, parent=330000000000",2026-08-01T00:00:00+08:00,,
CN-330200,330200,330200000000,宁波市,33,浙江省,地级市,core,2018,2018,2018,2018-01-01,,official_source_snapshot,SRC-ADMIN-DIVISION-2018,"level=2, code=330200000000, parent=330000000000",2026-08-01T00:00:00+08:00,,
CN-330300,330300,330300000000,温州市,33,浙江省,地级市,core,2018,2018,2018,2018-01-01,,official_source_snapshot,SRC-ADMIN-DIVISION-2018,"level=2, code=330300000000, parent=330000000000",2026-08-01T00:00:00+08:00,,
CN-330400,330400,330400000000,嘉兴市,33,浙江省,地级市,core,2018,2018,2018,2018-01-01,,official_source_snapshot,SRC-ADMIN-DIVISION-2018,"level=2, code=330400000000, parent=330000000000",2026-08-01T00:00:00+08:00,,
CN-330500,330500,330500000000,湖州市,33,浙江省,地级市,core,2018,2018,2018,2018-01-01,,official_source_snapshot,SRC-ADMIN-DIVISION-2018,"level=2, code=330500000000, parent=330000000000",2026-08-01T00:00:00+08:00,,
CN-330600,330600,330600000000,绍兴市,33,浙江省,地级市,core,2018,2018,2018,2018-01-01,,official_source_snapshot,SRC-ADMIN-DIVISION-2018,"level=2, code=330600000000, parent=330000000000",2026-08-01T00:00:00+08:00,,
CN-330700,330700,330700000000,金华市,33,浙江省,地级市,core,2018,2018,2018,2018-01-01,,official_source_snapshot,SRC-ADMIN-DIVISION-2018,"level=2, code=330700000000, parent=330000000000",2026-08-01T00:00:00+08:00,,
CN-330800,330800,330800000000,衢州市,33,浙江省,地级市,core,2018,2018,2018,2018-01-01,,official_source_snapshot,SRC-ADMIN-DIVISION-2018,"level=2, code=330800000000, parent=330000000000",2026-08-01T00:00:00+08:00,,
CN-330900,330900,330900000000,舟山市,33,浙江省,地级市,core,2018,2018,2018,2018-01-01,,official_source_snapshot,SRC-ADMIN-DIVISION-2018,"level=2, code=330900000000, parent=330000000000",2026-08-01T00:00:00+08:00,,
CN-331000,331000,331000000000,台州市,33,浙江省,地级市,core,2018,2018,2018,2018-01-01,,official_source_snapshot,SRC-ADMIN-DIVISION-2018,"level=2, code=331000000000, parent=330000000000",2026-08-01T00:00:00+08:00,,
CN-331100,331100,331100000000,丽水市,33,浙江省,地级市,core,2018,2018,2018,2018-01-01,,official_source_snapshot,SRC-ADMIN-DIVISION-2018,"level=2, code=331100000000, parent=330000000000",2026-08-01T00:00:00+08:00,,
CN-340100,340100,340100000000,合肥市,34,安徽省,地级市,core,2018,2018,2018,2018-01-01,,official_source_snapshot,SRC-ADMIN-DIVISION-2018,"level=2, code=340100000000, parent=340000000000",2026-08-01T00:00:00+08:00,,
CN-340200,340200,340200000000,芜湖市,34,安徽省,地级市,core,2018,2018,2018,2018-01-01,,official_source_snapshot,SRC-ADMIN-DIVISION-2018,"level=2, code=340200000000, parent=340000000000",2026-08-01T00:00:00+08:00,,
CN-340300,340300,340300000000,蚌埠市,34,安徽省,地级市,core,2018,2018,2018,2018-01-01,,official_source_snapshot,SRC-ADMIN-DIVISION-2018,"level=2, code=340300000000, parent=340000000000",2026-08-01T00:00:00+08:00,,
CN-340400,340400,340400000000,淮南市,34,安徽省,地级市,core,2018,2018,2018,2018-01-01,,official_source_snapshot,SRC-ADMIN-DIVISION-2018,"level=2, code=340400000000, parent=340000000000",2026-08-01T00:00:00+08:00,,
CN-340500,340500,340500000000,马鞍山市,34,安徽省,地级市,core,2018,2018,2018,2018-01-01,,official_source_snapshot,SRC-ADMIN-DIVISION-2018,"level=2, code=340500000000, parent=340000000000",2026-08-01T00:00:00+08:00,,
CN-340600,340600,340600000000,淮北市,34,安徽省,地级市,core,2018,2018,2018,2018-01-01,,official_source_snapshot,SRC-ADMIN-DIVISION-2018,"level=2, code=340600000000, parent=340000000000",2026-08-01T00:00:00+08:00,,
CN-340700,340700,340700000000,铜陵市,34,安徽省,地级市,core,2018,2018,2018,2018-01-01,,official_source_snapshot,SRC-ADMIN-DIVISION-2018,"level=2, code=340700000000, parent=340000000000",2026-08-01T00:00:00+08:00,,
CN-340800,340800,340800000000,安庆市,34,安徽省,地级市,core,2018,2018,2018,2018-01-01,,official_source_snapshot,SRC-ADMIN-DIVISION-2018,"level=2, code=340800000000, parent=340000000000",2026-08-01T00:00:00+08:00,,
CN-341000,341000,341000000000,黄山市,34,安徽省,地级市,core,2018,2018,2018,2018-01-01,,official_source_snapshot,SRC-ADMIN-DIVISION-2018,"level=2, code=341000000000, parent=340000000000",2026-08-01T00:00:00+08:00,,
CN-341100,341100,341100000000,滁州市,34,安徽省,地级市,core,2018,2018,2018,2018-01-01,,official_source_snapshot,SRC-ADMIN-DIVISION-2018,"level=2, code=341100000000, parent=340000000000",2026-08-01T00:00:00+08:00,,
CN-341200,341200,341200000000,阜阳市,34,安徽省,地级市,core,2018,2018,2018,2018-01-01,,official_source_snapshot,SRC-ADMIN-DIVISION-2018,"level=2, code=341200000000, parent=340000000000",2026-08-01T00:00:00+08:00,,
CN-341300,341300,341300000000,宿州市,34,安徽省,地级市,core,2018,2018,2018,2018-01-01,,official_source_snapshot,SRC-ADMIN-DIVISION-2018,"level=2, code=341300000000, parent=340000000000",2026-08-01T00:00:00+08:00,,
CN-341500,341500,341500000000,六安市,34,安徽省,地级市,core,2018,2018,2018,2018-01-01,,official_source_snapshot,SRC-ADMIN-DIVISION-2018,"level=2, code=341500000000, parent=340000000000",2026-08-01T00:00:00+08:00,,
CN-341600,341600,341600000000,亳州市,34,安徽省,地级市,core,2018,2018,2018,2018-01-01,,official_source_snapshot,SRC-ADMIN-DIVISION-2018,"level=2, code=341600000000, parent=340000000000",2026-08-01T00:00:00+08:00,,
CN-341700,341700,341700000000,池州市,34,安徽省,地级市,core,2018,2018,2018,2018-01-01,,official_source_snapshot,SRC-ADMIN-DIVISION-2018,"level=2, code=341700000000, parent=340000000000",2026-08-01T00:00:00+08:00,,
CN-341800,341800,341800000000,宣城市,34,安徽省,地级市,core,2018,2018,2018,2018-01-01,,official_source_snapshot,SRC-ADMIN-DIVISION-2018,"level=2, code=341800000000, parent=340000000000",2026-08-01T00:00:00+08:00,,
CN-350100,350100,350100000000,福州市,35,福建省,地级市,core,2018,2018,2018,2018-01-01,,official_source_snapshot,SRC-ADMIN-DIVISION-2018,"level=2, code=350100000000, parent=350000000000",2026-08-01T00:00:00+08:00,,
CN-350200,350200,350200000000,厦门市,35,福建省,地级市,core,2018,2018,2018,2018-01-01,,official_source_snapshot,SRC-ADMIN-DIVISION-2018,"level=2, code=350200000000, parent=350000000000",2026-08-01T00:00:00+08:00,,
CN-350300,350300,350300000000,莆田市,35,福建省,地级市,core,2018,2018,2018,2018-01-01,,official_source_snapshot,SRC-ADMIN-DIVISION-2018,"level=2, code=350300000000, parent=350000000000",2026-08-01T00:00:00+08:00,,
CN-350400,350400,350400000000,三明市,35,福建省,地级市,core,2018,2018,2018,2018-01-01,,official_source_snapshot,SRC-ADMIN-DIVISION-2018,"level=2, code=350400000000, parent=350000000000",2026-08-01T00:00:00+08:00,,
CN-350500,350500,350500000000,泉州市,35,福建省,地级市,core,2018,2018,2018,2018-01-01,,official_source_snapshot,SRC-ADMIN-DIVISION-2018,"level=2, code=350500000000, parent=350000000000",2026-08-01T00:00:00+08:00,,
CN-350600,350600,350600000000,漳州市,35,福建省,地级市,core,2018,2018,2018,2018-01-01,,official_source_snapshot,SRC-ADMIN-DIVISION-2018,"level=2, code=350600000000, parent=350000000000",2026-08-01T00:00:00+08:00,,
CN-350700,350700,350700000000,南平市,35,福建省,地级市,core,2018,2018,2018,2018-01-01,,official_source_snapshot,SRC-ADMIN-DIVISION-2018,"level=2, code=350700000000, parent=350000000000",2026-08-01T00:00:00+08:00,,
CN-350800,350800,350800000000,龙岩市,35,福建省,地级市,core,2018,2018,2018,2018-01-01,,official_source_snapshot,SRC-ADMIN-DIVISION-2018,"level=2, code=350800000000, parent=350000000000",2026-08-01T00:00:00+08:00,,
CN-350900,350900,350900000000,宁德市,35,福建省,地级市,core,2018,2018,2018,2018-01-01,,official_source_snapshot,SRC-ADMIN-DIVISION-2018,"level=2, code=350900000000, parent=350000000000",2026-08-01T00:00:00+08:00,,
CN-360100,360100,360100000000,南昌市,36,江西省,地级市,core,2018,2018,2018,2018-01-01,,official_source_snapshot,SRC-ADMIN-DIVISION-2018,"level=2, code=360100000000, parent=360000000000",2026-08-01T00:00:00+08:00,,
CN-360200,360200,360200000000,景德镇市,36,江西省,地级市,core,2018,2018,2018,2018-01-01,,official_source_snapshot,SRC-ADMIN-DIVISION-2018,"level=2, code=360200000000, parent=360000000000",2026-08-01T00:00:00+08:00,,
CN-360300,360300,360300000000,萍乡市,36,江西省,地级市,core,2018,2018,2018,2018-01-01,,official_source_snapshot,SRC-ADMIN-DIVISION-2018,"level=2, code=360300000000, parent=360000000000",2026-08-01T00:00:00+08:00,,
CN-360400,360400,360400000000,九江市,36,江西省,地级市,core,2018,2018,2018,2018-01-01,,official_source_snapshot,SRC-ADMIN-DIVISION-2018,"level=2, code=360400000000, parent=360000000000",2026-08-01T00:00:00+08:00,,
CN-360500,360500,360500000000,新余市,36,江西省,地级市,core,2018,2018,2018,2018-01-01,,official_source_snapshot,SRC-ADMIN-DIVISION-2018,"level=2, code=360500000000, parent=360000000000",2026-08-01T00:00:00+08:00,,
CN-360600,360600,360600000000,鹰潭市,36,江西省,地级市,core,2018,2018,2018,2018-01-01,,official_source_snapshot,SRC-ADMIN-DIVISION-2018,"level=2, code=360600000000, parent=360000000000",2026-08-01T00:00:00+08:00,,
CN-360700,360700,360700000000,赣州市,36,江西省,地级市,core,2018,2018,2018,2018-01-01,,official_source_snapshot,SRC-ADMIN-DIVISION-2018,"level=2, code=360700000000, parent=360000000000",2026-08-01T00:00:00+08:00,,
CN-360800,360800,360800000000,吉安市,36,江西省,地级市,core,2018,2018,2018,2018-01-01,,official_source_snapshot,SRC-ADMIN-DIVISION-2018,"level=2, code=360800000000, parent=360000000000",2026-08-01T00:00:00+08:00,,
CN-360900,360900,360900000000,宜春市,36,江西省,地级市,core,2018,2018,2018,2018-01-01,,official_source_snapshot,SRC-ADMIN-DIVISION-2018,"level=2, code=360900000000, parent=360000000000",2026-08-01T00:00:00+08:00,,
CN-361000,361000,361000000000,抚州市,36,江西省,地级市,core,2018,2018,2018,2018-01-01,,official_source_snapshot,SRC-ADMIN-DIVISION-2018,"level=2, code=361000000000, parent=360000000000",2026-08-01T00:00:00+08:00,,
CN-361100,361100,361100000000,上饶市,36,江西省,地级市,core,2018,2018,2018,2018-01-01,,official_source_snapshot,SRC-ADMIN-DIVISION-2018,"level=2, code=361100000000, parent=360000000000",2026-08-01T00:00:00+08:00,,
CN-370100,370100,370100000000,济南市,37,山东省,地级市,core,2018,2018,2018,2018-01-01,,official_source_snapshot,SRC-ADMIN-DIVISION-2018,"level=2, code=370100000000, parent=370000000000",2026-08-01T00:00:00+08:00,,
CN-370200,370200,370200000000,青岛市,37,山东省,地级市,core,2018,2018,2018,2018-01-01,,official_source_snapshot,SRC-ADMIN-DIVISION-2018,"level=2, code=370200000000, parent=370000000000",2026-08-01T00:00:00+08:00,,
CN-370300,370300,370300000000,淄博市,37,山东省,地级市,core,2018,2018,2018,2018-01-01,,official_source_snapshot,SRC-ADMIN-DIVISION-2018,"level=2, code=370300000000, parent=370000000000",2026-08-01T00:00:00+08:00,,
CN-370400,370400,370400000000,枣庄市,37,山东省,地级市,core,2018,2018,2018,2018-01-01,,official_source_snapshot,SRC-ADMIN-DIVISION-2018,"level=2, code=370400000000, parent=370000000000",2026-08-01T00:00:00+08:00,,
CN-370500,370500,370500000000,东营市,37,山东省,地级市,core,2018,2018,2018,2018-01-01,,official_source_snapshot,SRC-ADMIN-DIVISION-2018,"level=2, code=370500000000, parent=370000000000",2026-08-01T00:00:00+08:00,,
CN-370600,370600,370600000000,烟台市,37,山东省,地级市,core,2018,2018,2018,2018-01-01,,official_source_snapshot,SRC-ADMIN-DIVISION-2018,"level=2, code=370600000000, parent=370000000000",2026-08-01T00:00:00+08:00,,
CN-370700,370700,370700000000,潍坊市,37,山东省,地级市,core,2018,2018,2018,2018-01-01,,official_source_snapshot,SRC-ADMIN-DIVISION-2018,"level=2, code=370700000000, parent=370000000000",2026-08-01T00:00:00+08:00,,
CN-370800,370800,370800000000,济宁市,37,山东省,地级市,core,2018,2018,2018,2018-01-01,,official_source_snapshot,SRC-ADMIN-DIVISION-2018,"level=2, code=370800000000, parent=370000000000",2026-08-01T00:00:00+08:00,,
CN-370900,370900,370900000000,泰安市,37,山东省,地级市,core,2018,2018,2018,2018-01-01,,official_source_snapshot,SRC-ADMIN-DIVISION-2018,"level=2, code=370900000000, parent=370000000000",2026-08-01T00:00:00+08:00,,
CN-371000,371000,371000000000,威海市,37,山东省,地级市,core,2018,2018,2018,2018-01-01,,official_source_snapshot,SRC-ADMIN-DIVISION-2018,"level=2, code=371000000000, parent=370000000000",2026-08-01T00:00:00+08:00,,
CN-371100,371100,371100000000,日照市,37,山东省,地级市,core,2018,2018,2018,2018-01-01,,official_source_snapshot,SRC-ADMIN-DIVISION-2018,"level=2, code=371100000000, parent=370000000000",2026-08-01T00:00:00+08:00,,
CN-371200,371200,371200000000,莱芜市,37,山东省,地级市,core,2018,2018,2018,2018-01-01,,official_source_snapshot,SRC-ADMIN-DIVISION-2018,"level=2, code=371200000000, parent=370000000000",2026-08-01T00:00:00+08:00,,
CN-371300,371300,371300000000,临沂市,37,山东省,地级市,core,2018,2018,2018,2018-01-01,,official_source_snapshot,SRC-ADMIN-DIVISION-2018,"level=2, code=371300000000, parent=370000000000",2026-08-01T00:00:00+08:00,,
CN-371400,371400,371400000000,德州市,37,山东省,地级市,core,2018,2018,2018,2018-01-01,,official_source_snapshot,SRC-ADMIN-DIVISION-2018,"level=2, code=371400000000, parent=370000000000",2026-08-01T00:00:00+08:00,,
CN-371500,371500,371500000000,聊城市,37,山东省,地级市,core,2018,2018,2018,2018-01-01,,official_source_snapshot,SRC-ADMIN-DIVISION-2018,"level=2, code=371500000000, parent=370000000000",2026-08-01T00:00:00+08:00,,
CN-371600,371600,371600000000,滨州市,37,山东省,地级市,core,2018,2018,2018,2018-01-01,,official_source_snapshot,SRC-ADMIN-DIVISION-2018,"level=2, code=371600000000, parent=370000000000",2026-08-01T00:00:00+08:00,,
CN-371700,371700,371700000000,菏泽市,37,山东省,地级市,core,2018,2018,2018,2018-01-01,,official_source_snapshot,SRC-ADMIN-DIVISION-2018,"level=2, code=371700000000, parent=370000000000",2026-08-01T00:00:00+08:00,,
CN-410100,410100,410100000000,郑州市,41,河南省,地级市,core,2018,2018,2018,2018-01-01,,official_source_snapshot,SRC-ADMIN-DIVISION-2018,"level=2, code=410100000000, parent=410000000000",2026-08-01T00:00:00+08:00,,
CN-410200,410200,410200000000,开封市,41,河南省,地级市,core,2018,2018,2018,2018-01-01,,official_source_snapshot,SRC-ADMIN-DIVISION-2018,"level=2, code=410200000000, parent=410000000000",2026-08-01T00:00:00+08:00,,
CN-410300,410300,410300000000,洛阳市,41,河南省,地级市,core,2018,2018,2018,2018-01-01,,official_source_snapshot,SRC-ADMIN-DIVISION-2018,"level=2, code=410300000000, parent=410000000000",2026-08-01T00:00:00+08:00,,
CN-410400,410400,410400000000,平顶山市,41,河南省,地级市,core,2018,2018,2018,2018-01-01,,official_source_snapshot,SRC-ADMIN-DIVISION-2018,"level=2, code=410400000000, parent=410000000000",2026-08-01T00:00:00+08:00,,
CN-410500,410500,410500000000,安阳市,41,河南省,地级市,core,2018,2018,2018,2018-01-01,,official_source_snapshot,SRC-ADMIN-DIVISION-2018,"level=2, code=410500000000, parent=410000000000",2026-08-01T00:00:00+08:00,,
CN-410600,410600,410600000000,鹤壁市,41,河南省,地级市,core,2018,2018,2018,2018-01-01,,official_source_snapshot,SRC-ADMIN-DIVISION-2018,"level=2, code=410600000000, parent=410000000000",2026-08-01T00:00:00+08:00,,
CN-410700,410700,410700000000,新乡市,41,河南省,地级市,core,2018,2018,2018,2018-01-01,,official_source_snapshot,SRC-ADMIN-DIVISION-2018,"level=2, code=410700000000, parent=410000000000",2026-08-01T00:00:00+08:00,,
CN-410800,410800,410800000000,焦作市,41,河南省,地级市,core,2018,2018,2018,2018-01-01,,official_source_snapshot,SRC-ADMIN-DIVISION-2018,"level=2, code=410800000000, parent=410000000000",2026-08-01T00:00:00+08:00,,
CN-410900,410900,410900000000,濮阳市,41,河南省,地级市,core,2018,2018,2018,2018-01-01,,official_source_snapshot,SRC-ADMIN-DIVISION-2018,"level=2, code=410900000000, parent=410000000000",2026-08-01T00:00:00+08:00,,
CN-411000,411000,411000000000,许昌市,41,河南省,地级市,core,2018,2018,2018,2018-01-01,,official_source_snapshot,SRC-ADMIN-DIVISION-2018,"level=2, code=411000000000, parent=410000000000",2026-08-01T00:00:00+08:00,,
CN-411100,411100,411100000000,漯河市,41,河南省,地级市,core,2018,2018,2018,2018-01-01,,official_source_snapshot,SRC-ADMIN-DIVISION-2018,"level=2, code=411100000000, parent=410000000000",2026-08-01T00:00:00+08:00,,
CN-411200,411200,411200000000,三门峡市,41,河南省,地级市,core,2018,2018,2018,2018-01-01,,official_source_snapshot,SRC-ADMIN-DIVISION-2018,"level=2, code=411200000000, parent=410000000000",2026-08-01T00:00:00+08:00,,
CN-411300,411300,411300000000,南阳市,41,河南省,地级市,core,2018,2018,2018,2018-01-01,,official_source_snapshot,SRC-ADMIN-DIVISION-2018,"level=2, code=411300000000, parent=410000000000",2026-08-01T00:00:00+08:00,,
CN-411400,411400,411400000000,商丘市,41,河南省,地级市,core,2018,2018,2018,2018-01-01,,official_source_snapshot,SRC-ADMIN-DIVISION-2018,"level=2, code=411400000000, parent=410000000000",2026-08-01T00:00:00+08:00,,
CN-411500,411500,411500000000,信阳市,41,河南省,地级市,core,2018,2018,2018,2018-01-01,,official_source_snapshot,SRC-ADMIN-DIVISION-2018,"level=2, code=411500000000, parent=410000000000",2026-08-01T00:00:00+08:00,,
CN-411600,411600,411600000000,周口市,41,河南省,地级市,core,2018,2018,2018,2018-01-01,,official_source_snapshot,SRC-ADMIN-DIVISION-2018,"level=2, code=411600000000, parent=410000000000",2026-08-01T00:00:00+08:00,,
CN-411700,411700,411700000000,驻马店市,41,河南省,地级市,core,2018,2018,2018,2018-01-01,,official_source_snapshot,SRC-ADMIN-DIVISION-2018,"level=2, code=411700000000, parent=410000000000",2026-08-01T00:00:00+08:00,,
CN-419000,419000,419000000000,省直辖县级行政区划,41,河南省,地级市,core,2018,2018,2018,2018-01-01,,official_source_snapshot,SRC-ADMIN-DIVISION-2018,"level=2, code=419000000000, parent=410000000000",2026-08-01T00:00:00+08:00,,
CN-420100,420100,420100000000,武汉市,42,湖北省,地级市,core,2018,2018,2018,2018-01-01,,official_source_snapshot,SRC-ADMIN-DIVISION-2018,"level=2, code=420100000000, parent=420000000000",2026-08-01T00:00:00+08:00,,
CN-420200,420200,420200000000,黄石市,42,湖北省,地级市,core,2018,2018,2018,2018-01-01,,official_source_snapshot,SRC-ADMIN-DIVISION-2018,"level=2, code=420200000000, parent=420000000000",2026-08-01T00:00:00+08:00,,
CN-420300,420300,420300000000,十堰市,42,湖北省,地级市,core,2018,2018,2018,2018-01-01,,official_source_snapshot,SRC-ADMIN-DIVISION-2018,"level=2, code=420300000000, parent=420000000000",2026-08-01T00:00:00+08:00,,
CN-420500,420500,420500000000,宜昌市,42,湖北省,地级市,core,2018,2018,2018,2018-01-01,,official_source_snapshot,SRC-ADMIN-DIVISION-2018,"level=2, code=420500000000, parent=420000000000",2026-08-01T00:00:00+08:00,,
CN-420600,420600,420600000000,襄阳市,42,湖北省,地级市,core,2018,2018,2018,2018-01-01,,official_source_snapshot,SRC-ADMIN-DIVISION-2018,"level=2, code=420600000000, parent=420000000000",2026-08-01T00:00:00+08:00,,
CN-420700,420700,420700000000,鄂州市,42,湖北省,地级市,core,2018,2018,2018,2018-01-01,,official_source_snapshot,SRC-ADMIN-DIVISION-2018,"level=2, code=420700000000, parent=420000000000",2026-08-01T00:00:00+08:00,,
CN-420800,420800,420800000000,荆门市,42,湖北省,地级市,core,2018,2018,2018,2018-01-01,,official_source_snapshot,SRC-ADMIN-DIVISION-2018,"level=2, code=420800000000, parent=420000000000",2026-08-01T00:00:00+08:00,,
CN-420900,420900,420900000000,孝感市,42,湖北省,地级市,core,2018,2018,2018,2018-01-01,,official_source_snapshot,SRC-ADMIN-DIVISION-2018,"level=2, code=420900000000, parent=420000000000",2026-08-01T00:00:00+08:00,,
CN-421000,421000,421000000000,荆州市,42,湖北省,地级市,core,2018,2018,2018,2018-01-01,,official_source_snapshot,SRC-ADMIN-DIVISION-2018,"level=2, code=421000000000, parent=420000000000",2026-08-01T00:00:00+08:00,,
CN-421100,421100,421100000000,黄冈市,42,湖北省,地级市,core,2018,2018,2018,2018-01-01,,official_source_snapshot,SRC-ADMIN-DIVISION-2018,"level=2, code=421100000000, parent=420000000000",2026-08-01T00:00:00+08:00,,
CN-421200,421200,421200000000,咸宁市,42,湖北省,地级市,core,2018,2018,2018,2018-01-01,,official_source_snapshot,SRC-ADMIN-DIVISION-2018,"level=2, code=421200000000, parent=420000000000",2026-08-01T00:00:00+08:00,,
CN-421300,421300,421300000000,随州市,42,湖北省,地级市,core,2018,2018,2018,2018-01-01,,official_source_snapshot,SRC-ADMIN-DIVISION-2018,"level=2, code=421300000000, parent=420000000000",2026-08-01T00:00:00+08:00,,
CN-422800,422800,422800000000,恩施土家族苗族自治州,42,湖北省,自治州,extended,2018,2018,2018,2018-01-01,,official_source_snapshot,SRC-ADMIN-DIVISION-2018,"level=2, code=422800000000, parent=420000000000",2026-08-01T00:00:00+08:00,,
CN-429000,429000,429000000000,省直辖县级行政区划,42,湖北省,地级市,core,2018,2018,2018,2018-01-01,,official_source_snapshot,SRC-ADMIN-DIVISION-2018,"level=2, code=429000000000, parent=420000000000",2026-08-01T00:00:00+08:00,,
CN-430100,430100,430100000000,长沙市,43,湖南省,地级市,core,2018,2018,2018,2018-01-01,,official_source_snapshot,SRC-ADMIN-DIVISION-2018,"level=2, code=430100000000, parent=430000000000",2026-08-01T00:00:00+08:00,,
CN-430200,430200,430200000000,株洲市,43,湖南省,地级市,core,2018,2018,2018,2018-01-01,,official_source_snapshot,SRC-ADMIN-DIVISION-2018,"level=2, code=430200000000, parent=430000000000",2026-08-01T00:00:00+08:00,,
CN-430300,430300,430300000000,湘潭市,43,湖南省,地级市,core,2018,2018,2018,2018-01-01,,official_source_snapshot,SRC-ADMIN-DIVISION-2018,"level=2, code=430300000000, parent=430000000000",2026-08-01T00:00:00+08:00,,
CN-430400,430400,430400000000,衡阳市,43,湖南省,地级市,core,2018,2018,2018,2018-01-01,,official_source_snapshot,SRC-ADMIN-DIVISION-2018,"level=2, code=430400000000, parent=430000000000",2026-08-01T00:00:00+08:00,,
CN-430500,430500,430500000000,邵阳市,43,湖南省,地级市,core,2018,2018,2018,2018-01-01,,official_source_snapshot,SRC-ADMIN-DIVISION-2018,"level=2, code=430500000000, parent=430000000000",2026-08-01T00:00:00+08:00,,
CN-430600,430600,430600000000,岳阳市,43,湖南省,地级市,core,2018,2018,2018,2018-01-01,,official_source_snapshot,SRC-ADMIN-DIVISION-2018,"level=2, code=430600000000, parent=430000000000",2026-08-01T00:00:00+08:00,,
CN-430700,430700,430700000000,常德市,43,湖南省,地级市,core,2018,2018,2018,2018-01-01,,official_source_snapshot,SRC-ADMIN-DIVISION-2018,"level=2, code=430700000000, parent=430000000000",2026-08-01T00:00:00+08:00,,
CN-430800,430800,430800000000,张家界市,43,湖南省,地级市,core,2018,2018,2018,2018-01-01,,official_source_snapshot,SRC-ADMIN-DIVISION-2018,"level=2, code=430800000000, parent=430000000000",2026-08-01T00:00:00+08:00,,
CN-430900,430900,430900000000,益阳市,43,湖南省,地级市,core,2018,2018,2018,2018-01-01,,official_source_snapshot,SRC-ADMIN-DIVISION-2018,"level=2, code=430900000000, parent=430000000000",2026-08-01T00:00:00+08:00,,
CN-431000,431000,431000000000,郴州市,43,湖南省,地级市,core,2018,2018,2018,2018-01-01,,official_source_snapshot,SRC-ADMIN-DIVISION-2018,"level=2, code=431000000000, parent=430000000000",2026-08-01T00:00:00+08:00,,
CN-431100,431100,431100000000,永州市,43,湖南省,地级市,core,2018,2018,2018,2018-01-01,,official_source_snapshot,SRC-ADMIN-DIVISION-2018,"level=2, code=431100000000, parent=430000000000",2026-08-01T00:00:00+08:00,,
CN-431200,431200,431200000000,怀化市,43,湖南省,地级市,core,2018,2018,2018,2018-01-01,,official_source_snapshot,SRC-ADMIN-DIVISION-2018,"level=2, code=431200000000, parent=430000000000",2026-08-01T00:00:00+08:00,,
CN-431300,431300,431300000000,娄底市,43,湖南省,地级市,core,2018,2018,2018,2018-01-01,,official_source_snapshot,SRC-ADMIN-DIVISION-2018,"level=2, code=431300000000, parent=430000000000",2026-08-01T00:00:00+08:00,,
CN-433100,433100,433100000000,湘西土家族苗族自治州,43,湖南省,自治州,extended,2018,2018,2018,2018-01-01,,official_source_snapshot,SRC-ADMIN-DIVISION-2018,"level=2, code=433100000000, parent=430000000000",2026-08-01T00:00:00+08:00,,
CN-440100,440100,440100000000,广州市,44,广东省,地级市,core,2018,2018,2018,2018-01-01,,official_source_snapshot,SRC-ADMIN-DIVISION-2018,"level=2, code=440100000000, parent=440000000000",2026-08-01T00:00:00+08:00,,
CN-440200,440200,440200000000,韶关市,44,广东省,地级市,core,2018,2018,2018,2018-01-01,,official_source_snapshot,SRC-ADMIN-DIVISION-2018,"level=2, code=440200000000, parent=440000000000",2026-08-01T00:00:00+08:00,,
CN-440300,440300,440300000000,深圳市,44,广东省,地级市,core,2018,2018,2018,2018-01-01,,official_source_snapshot,SRC-ADMIN-DIVISION-2018,"level=2, code=440300000000, parent=440000000000",2026-08-01T00:00:00+08:00,,
CN-440400,440400,440400000000,珠海市,44,广东省,地级市,core,2018,2018,2018,2018-01-01,,official_source_snapshot,SRC-ADMIN-DIVISION-2018,"level=2, code=440400000000, parent=440000000000",2026-08-01T00:00:00+08:00,,
CN-440500,440500,440500000000,汕头市,44,广东省,地级市,core,2018,2018,2018,2018-01-01,,official_source_snapshot,SRC-ADMIN-DIVISION-2018,"level=2, code=440500000000, parent=440000000000",2026-08-01T00:00:00+08:00,,
CN-440600,440600,440600000000,佛山市,44,广东省,地级市,core,2018,2018,2018,2018-01-01,,official_source_snapshot,SRC-ADMIN-DIVISION-2018,"level=2, code=440600000000, parent=440000000000",2026-08-01T00:00:00+08:00,,
CN-440700,440700,440700000000,江门市,44,广东省,地级市,core,2018,2018,2018,2018-01-01,,official_source_snapshot,SRC-ADMIN-DIVISION-2018,"level=2, code=440700000000, parent=440000000000",2026-08-01T00:00:00+08:00,,
CN-440800,440800,440800000000,湛江市,44,广东省,地级市,core,2018,2018,2018,2018-01-01,,official_source_snapshot,SRC-ADMIN-DIVISION-2018,"level=2, code=440800000000, parent=440000000000",2026-08-01T00:00:00+08:00,,
CN-440900,440900,440900000000,茂名市,44,广东省,地级市,core,2018,2018,2018,2018-01-01,,official_source_snapshot,SRC-ADMIN-DIVISION-2018,"level=2, code=440900000000, parent=440000000000",2026-08-01T00:00:00+08:00,,
CN-441200,441200,441200000000,肇庆市,44,广东省,地级市,core,2018,2018,2018,2018-01-01,,official_source_snapshot,SRC-ADMIN-DIVISION-2018,"level=2, code=441200000000, parent=440000000000",2026-08-01T00:00:00+08:00,,
CN-441300,441300,441300000000,惠州市,44,广东省,地级市,core,2018,2018,2018,2018-01-01,,official_source_snapshot,SRC-ADMIN-DIVISION-2018,"level=2, code=441300000000, parent=440000000000",2026-08-01T00:00:00+08:00,,
CN-441400,441400,441400000000,梅州市,44,广东省,地级市,core,2018,2018,2018,2018-01-01,,official_source_snapshot,SRC-ADMIN-DIVISION-2018,"level=2, code=441400000000, parent=440000000000",2026-08-01T00:00:00+08:00,,
CN-441500,441500,441500000000,汕尾市,44,广东省,地级市,core,2018,2018,2018,2018-01-01,,official_source_snapshot,SRC-ADMIN-DIVISION-2018,"level=2, code=441500000000, parent=440000000000",2026-08-01T00:00:00+08:00,,
CN-441600,441600,441600000000,河源市,44,广东省,地级市,core,2018,2018,2018,2018-01-01,,official_source_snapshot,SRC-ADMIN-DIVISION-2018,"level=2, code=441600000000, parent=440000000000",2026-08-01T00:00:00+08:00,,
CN-441700,441700,441700000000,阳江市,44,广东省,地级市,core,2018,2018,2018,2018-01-01,,official_source_snapshot,SRC-ADMIN-DIVISION-2018,"level=2, code=441700000000, parent=440000000000",2026-08-01T00:00:00+08:00,,
CN-441800,441800,441800000000,清远市,44,广东省,地级市,core,2018,2018,2018,2018-01-01,,official_source_snapshot,SRC-ADMIN-DIVISION-2018,"level=2, code=441800000000, parent=440000000000",2026-08-01T00:00:00+08:00,,
CN-441900,441900,441900000000,东莞市,44,广东省,地级市,core,2018,2018,2018,2018-01-01,,official_source_snapshot,SRC-ADMIN-DIVISION-2018,"level=2, code=441900000000, parent=440000000000",2026-08-01T00:00:00+08:00,,
CN-442000,442000,442000000000,中山市,44,广东省,地级市,core,2018,2018,2018,2018-01-01,,official_source_snapshot,SRC-ADMIN-DIVISION-2018,"level=2, code=442000000000, parent=440000000000",2026-08-01T00:00:00+08:00,,
CN-445100,445100,445100000000,潮州市,44,广东省,地级市,core,2018,2018,2018,2018-01-01,,official_source_snapshot,SRC-ADMIN-DIVISION-2018,"level=2, code=445100000000, parent=440000000000",2026-08-01T00:00:00+08:00,,
CN-445200,445200,445200000000,揭阳市,44,广东省,地级市,core,2018,2018,2018,2018-01-01,,official_source_snapshot,SRC-ADMIN-DIVISION-2018,"level=2, code=445200000000, parent=440000000000",2026-08-01T00:00:00+08:00,,
CN-445300,445300,445300000000,云浮市,44,广东省,地级市,core,2018,2018,2018,2018-01-01,,official_source_snapshot,SRC-ADMIN-DIVISION-2018,"level=2, code=445300000000, parent=440000000000",2026-08-01T00:00:00+08:00,,
CN-450100,450100,450100000000,南宁市,45,广西壮族自治区,地级市,core,2018,2018,2018,2018-01-01,,official_source_snapshot,SRC-ADMIN-DIVISION-2018,"level=2, code=450100000000, parent=450000000000",2026-08-01T00:00:00+08:00,,
CN-450200,450200,450200000000,柳州市,45,广西壮族自治区,地级市,core,2018,2018,2018,2018-01-01,,official_source_snapshot,SRC-ADMIN-DIVISION-2018,"level=2, code=450200000000, parent=450000000000",2026-08-01T00:00:00+08:00,,
CN-450300,450300,450300000000,桂林市,45,广西壮族自治区,地级市,core,2018,2018,2018,2018-01-01,,official_source_snapshot,SRC-ADMIN-DIVISION-2018,"level=2, code=450300000000, parent=450000000000",2026-08-01T00:00:00+08:00,,
CN-450400,450400,450400000000,梧州市,45,广西壮族自治区,地级市,core,2018,2018,2018,2018-01-01,,official_source_snapshot,SRC-ADMIN-DIVISION-2018,"level=2, code=450400000000, parent=450000000000",2026-08-01T00:00:00+08:00,,
CN-450500,450500,450500000000,北海市,45,广西壮族自治区,地级市,core,2018,2018,2018,2018-01-01,,official_source_snapshot,SRC-ADMIN-DIVISION-2018,"level=2, code=450500000000, parent=450000000000",2026-08-01T00:00:00+08:00,,
CN-450600,450600,450600000000,防城港市,45,广西壮族自治区,地级市,core,2018,2018,2018,2018-01-01,,official_source_snapshot,SRC-ADMIN-DIVISION-2018,"level=2, code=450600000000, parent=450000000000",2026-08-01T00:00:00+08:00,,
CN-450700,450700,450700000000,钦州市,45,广西壮族自治区,地级市,core,2018,2018,2018,2018-01-01,,official_source_snapshot,SRC-ADMIN-DIVISION-2018,"level=2, code=450700000000, parent=450000000000",2026-08-01T00:00:00+08:00,,
CN-450800,450800,450800000000,贵港市,45,广西壮族自治区,地级市,core,2018,2018,2018,2018-01-01,,official_source_snapshot,SRC-ADMIN-DIVISION-2018,"level=2, code=450800000000, parent=450000000000",2026-08-01T00:00:00+08:00,,
CN-450900,450900,450900000000,玉林市,45,广西壮族自治区,地级市,core,2018,2018,2018,2018-01-01,,official_source_snapshot,SRC-ADMIN-DIVISION-2018,"level=2, code=450900000000, parent=450000000000",2026-08-01T00:00:00+08:00,,
CN-451000,451000,451000000000,百色市,45,广西壮族自治区,地级市,core,2018,2018,2018,2018-01-01,,official_source_snapshot,SRC-ADMIN-DIVISION-2018,"level=2, code=451000000000, parent=450000000000",2026-08-01T00:00:00+08:00,,
CN-451100,451100,451100000000,贺州市,45,广西壮族自治区,地级市,core,2018,2018,2018,2018-01-01,,official_source_snapshot,SRC-ADMIN-DIVISION-2018,"level=2, code=451100000000, parent=450000000000",2026-08-01T00:00:00+08:00,,
CN-451200,451200,451200000000,河池市,45,广西壮族自治区,地级市,core,2018,2018,2018,2018-01-01,,official_source_snapshot,SRC-ADMIN-DIVISION-2018,"level=2, code=451200000000, parent=450000000000",2026-08-01T00:00:00+08:00,,
CN-451300,451300,451300000000,来宾市,45,广西壮族自治区,地级市,core,2018,2018,2018,2018-01-01,,official_source_snapshot,SRC-ADMIN-DIVISION-2018,"level=2, code=451300000000, parent=450000000000",2026-08-01T00:00:00+08:00,,
CN-451400,451400,451400000000,崇左市,45,广西壮族自治区,地级市,core,2018,2018,2018,2018-01-01,,official_source_snapshot,SRC-ADMIN-DIVISION-2018,"level=2, code=451400000000, parent=450000000000",2026-08-01T00:00:00+08:00,,
CN-460100,460100,460100000000,海口市,46,海南省,地级市,core,2018,2018,2018,2018-01-01,,official_source_snapshot,SRC-ADMIN-DIVISION-2018,"level=2, code=460100000000, parent=460000000000",2026-08-01T00:00:00+08:00,,
CN-460200,460200,460200000000,三亚市,46,海南省,地级市,core,2018,2018,2018,2018-01-01,,official_source_snapshot,SRC-ADMIN-DIVISION-2018,"level=2, code=460200000000, parent=460000000000",2026-08-01T00:00:00+08:00,,
CN-460300,460300,460300000000,三沙市,46,海南省,地级市,core,2018,2018,2018,2018-01-01,,official_source_snapshot,SRC-ADMIN-DIVISION-2018,"level=2, code=460300000000, parent=460000000000",2026-08-01T00:00:00+08:00,,
CN-460400,460400,460400000000,儋州市,46,海南省,地级市,core,2018,2018,2018,2018-01-01,,official_source_snapshot,SRC-ADMIN-DIVISION-2018,"level=2, code=460400000000, parent=460000000000",2026-08-01T00:00:00+08:00,,
CN-469000,469000,469000000000,省直辖县级行政区划,46,海南省,地级市,core,2018,2018,2018,2018-01-01,,official_source_snapshot,SRC-ADMIN-DIVISION-2018,"level=2, code=469000000000, parent=460000000000",2026-08-01T00:00:00+08:00,,
CN-500000,500000,500000000000,重庆市,50,重庆市,直辖市,separate,2018,2018,2018,2018-01-01,,official_source_snapshot,SRC-ADMIN-DIVISION-2018,"level=2, code=500100000000, parent=500000000000",2026-08-01T00:00:00+08:00,,
CN-510100,510100,510100000000,成都市,51,四川省,地级市,core,2018,2018,2018,2018-01-01,,official_source_snapshot,SRC-ADMIN-DIVISION-2018,"level=2, code=510100000000, parent=510000000000",2026-08-01T00:00:00+08:00,,
CN-510300,510300,510300000000,自贡市,51,四川省,地级市,core,2018,2018,2018,2018-01-01,,official_source_snapshot,SRC-ADMIN-DIVISION-2018,"level=2, code=510300000000, parent=510000000000",2026-08-01T00:00:00+08:00,,
CN-510400,510400,510400000000,攀枝花市,51,四川省,地级市,core,2018,2018,2018,2018-01-01,,official_source_snapshot,SRC-ADMIN-DIVISION-2018,"level=2, code=510400000000, parent=510000000000",2026-08-01T00:00:00+08:00,,
CN-510500,510500,510500000000,泸州市,51,四川省,地级市,core,2018,2018,2018,2018-01-01,,official_source_snapshot,SRC-ADMIN-DIVISION-2018,"level=2, code=510500000000, parent=510000000000",2026-08-01T00:00:00+08:00,,
CN-510600,510600,510600000000,德阳市,51,四川省,地级市,core,2018,2018,2018,2018-01-01,,official_source_snapshot,SRC-ADMIN-DIVISION-2018,"level=2, code=510600000000, parent=510000000000",2026-08-01T00:00:00+08:00,,
CN-510700,510700,510700000000,绵阳市,51,四川省,地级市,core,2018,2018,2018,2018-01-01,,official_source_snapshot,SRC-ADMIN-DIVISION-2018,"level=2, code=510700000000, parent=510000000000",2026-08-01T00:00:00+08:00,,
CN-510800,510800,510800000000,广元市,51,四川省,地级市,core,2018,2018,2018,2018-01-01,,official_source_snapshot,SRC-ADMIN-DIVISION-2018,"level=2, code=510800000000, parent=510000000000",2026-08-01T00:00:00+08:00,,
CN-510900,510900,510900000000,遂宁市,51,四川省,地级市,core,2018,2018,2018,2018-01-01,,official_source_snapshot,SRC-ADMIN-DIVISION-2018,"level=2, code=510900000000, parent=510000000000",2026-08-01T00:00:00+08:00,,
CN-511000,511000,511000000000,内江市,51,四川省,地级市,core,2018,2018,2018,2018-01-01,,official_source_snapshot,SRC-ADMIN-DIVISION-2018,"level=2, code=511000000000, parent=510000000000",2026-08-01T00:00:00+08:00,,
CN-511100,511100,511100000000,乐山市,51,四川省,地级市,core,2018,2018,2018,2018-01-01,,official_source_snapshot,SRC-ADMIN-DIVISION-2018,"level=2, code=511100000000, parent=510000000000",2026-08-01T00:00:00+08:00,,
CN-511300,511300,511300000000,南充市,51,四川省,地级市,core,2018,2018,2018,2018-01-01,,official_source_snapshot,SRC-ADMIN-DIVISION-2018,"level=2, code=511300000000, parent=510000000000",2026-08-01T00:00:00+08:00,,
CN-511400,511400,511400000000,眉山市,51,四川省,地级市,core,2018,2018,2018,2018-01-01,,official_source_snapshot,SRC-ADMIN-DIVISION-2018,"level=2, code=511400000000, parent=510000000000",2026-08-01T00:00:00+08:00,,
CN-511500,511500,511500000000,宜宾市,51,四川省,地级市,core,2018,2018,2018,2018-01-01,,official_source_snapshot,SRC-ADMIN-DIVISION-2018,"level=2, code=511500000000, parent=510000000000",2026-08-01T00:00:00+08:00,,
CN-511600,511600,511600000000,广安市,51,四川省,地级市,core,2018,2018,2018,2018-01-01,,official_source_snapshot,SRC-ADMIN-DIVISION-2018,"level=2, code=511600000000, parent=510000000000",2026-08-01T00:00:00+08:00,,
CN-511700,511700,511700000000,达州市,51,四川省,地级市,core,2018,2018,2018,2018-01-01,,official_source_snapshot,SRC-ADMIN-DIVISION-2018,"level=2, code=511700000000, parent=510000000000",2026-08-01T00:00:00+08:00,,
CN-511800,511800,511800000000,雅安市,51,四川省,地级市,core,2018,2018,2018,2018-01-01,,official_source_snapshot,SRC-ADMIN-DIVISION-2018,"level=2, code=511800000000, parent=510000000000",2026-08-01T00:00:00+08:00,,
CN-511900,511900,511900000000,巴中市,51,四川省,地级市,core,2018,2018,2018,2018-01-01,,official_source_snapshot,SRC-ADMIN-DIVISION-2018,"level=2, code=511900000000, parent=510000000000",2026-08-01T00:00:00+08:00,,
CN-512000,512000,512000000000,资阳市,51,四川省,地级市,core,2018,2018,2018,2018-01-01,,official_source_snapshot,SRC-ADMIN-DIVISION-2018,"level=2, code=512000000000, parent=510000000000",2026-08-01T00:00:00+08:00,,
CN-513200,513200,513200000000,阿坝藏族羌族自治州,51,四川省,自治州,extended,2018,2018,2018,2018-01-01,,official_source_snapshot,SRC-ADMIN-DIVISION-2018,"level=2, code=513200000000, parent=510000000000",2026-08-01T00:00:00+08:00,,
CN-513300,513300,513300000000,甘孜藏族自治州,51,四川省,自治州,extended,2018,2018,2018,2018-01-01,,official_source_snapshot,SRC-ADMIN-DIVISION-2018,"level=2, code=513300000000, parent=510000000000",2026-08-01T00:00:00+08:00,,
CN-513400,513400,513400000000,凉山彝族自治州,51,四川省,自治州,extended,2018,2018,2018,2018-01-01,,official_source_snapshot,SRC-ADMIN-DIVISION-2018,"level=2, code=513400000000, parent=510000000000",2026-08-01T00:00:00+08:00,,
CN-520100,520100,520100000000,贵阳市,52,贵州省,地级市,core,2018,2018,2018,2018-01-01,,official_source_snapshot,SRC-ADMIN-DIVISION-2018,"level=2, code=520100000000, parent=520000000000",2026-08-01T00:00:00+08:00,,
CN-520200,520200,520200000000,六盘水市,52,贵州省,地级市,core,2018,2018,2018,2018-01-01,,official_source_snapshot,SRC-ADMIN-DIVISION-2018,"level=2, code=520200000000, parent=520000000000",2026-08-01T00:00:00+08:00,,
CN-520300,520300,520300000000,遵义市,52,贵州省,地级市,core,2018,2018,2018,2018-01-01,,official_source_snapshot,SRC-ADMIN-DIVISION-2018,"level=2, code=520300000000, parent=520000000000",2026-08-01T00:00:00+08:00,,
CN-520400,520400,520400000000,安顺市,52,贵州省,地级市,core,2018,2018,2018,2018-01-01,,official_source_snapshot,SRC-ADMIN-DIVISION-2018,"level=2, code=520400000000, parent=520000000000",2026-08-01T00:00:00+08:00,,
CN-520500,520500,520500000000,毕节市,52,贵州省,地级市,core,2018,2018,2018,2018-01-01,,official_source_snapshot,SRC-ADMIN-DIVISION-2018,"level=2, code=520500000000, parent=520000000000",2026-08-01T00:00:00+08:00,,
CN-520600,520600,520600000000,铜仁市,52,贵州省,地级市,core,2018,2018,2018,2018-01-01,,official_source_snapshot,SRC-ADMIN-DIVISION-2018,"level=2, code=520600000000, parent=520000000000",2026-08-01T00:00:00+08:00,,
CN-522300,522300,522300000000,黔西南布依族苗族自治州,52,贵州省,自治州,extended,2018,2018,2018,2018-01-01,,official_source_snapshot,SRC-ADMIN-DIVISION-2018,"level=2, code=522300000000, parent=520000000000",2026-08-01T00:00:00+08:00,,
CN-522600,522600,522600000000,黔东南苗族侗族自治州,52,贵州省,自治州,extended,2018,2018,2018,2018-01-01,,official_source_snapshot,SRC-ADMIN-DIVISION-2018,"level=2, code=522600000000, parent=520000000000",2026-08-01T00:00:00+08:00,,
CN-522700,522700,522700000000,黔南布依族苗族自治州,52,贵州省,自治州,extended,2018,2018,2018,2018-01-01,,official_source_snapshot,SRC-ADMIN-DIVISION-2018,"level=2, code=522700000000, parent=520000000000",2026-08-01T00:00:00+08:00,,
CN-530100,530100,530100000000,昆明市,53,云南省,地级市,core,2018,2018,2018,2018-01-01,,official_source_snapshot,SRC-ADMIN-DIVISION-2018,"level=2, code=530100000000, parent=530000000000",2026-08-01T00:00:00+08:00,,
CN-530300,530300,530300000000,曲靖市,53,云南省,地级市,core,2018,2018,2018,2018-01-01,,official_source_snapshot,SRC-ADMIN-DIVISION-2018,"level=2, code=530300000000, parent=530000000000",2026-08-01T00:00:00+08:00,,
CN-530400,530400,530400000000,玉溪市,53,云南省,地级市,core,2018,2018,2018,2018-01-01,,official_source_snapshot,SRC-ADMIN-DIVISION-2018,"level=2, code=530400000000, parent=530000000000",2026-08-01T00:00:00+08:00,,
CN-530500,530500,530500000000,保山市,53,云南省,地级市,core,2018,2018,2018,2018-01-01,,official_source_snapshot,SRC-ADMIN-DIVISION-2018,"level=2, code=530500000000, parent=530000000000",2026-08-01T00:00:00+08:00,,
CN-530600,530600,530600000000,昭通市,53,云南省,地级市,core,2018,2018,2018,2018-01-01,,official_source_snapshot,SRC-ADMIN-DIVISION-2018,"level=2, code=530600000000, parent=530000000000",2026-08-01T00:00:00+08:00,,
CN-530700,530700,530700000000,丽江市,53,云南省,地级市,core,2018,2018,2018,2018-01-01,,official_source_snapshot,SRC-ADMIN-DIVISION-2018,"level=2, code=530700000000, parent=530000000000",2026-08-01T00:00:00+08:00,,
CN-530800,530800,530800000000,普洱市,53,云南省,地级市,core,2018,2018,2018,2018-01-01,,official_source_snapshot,SRC-ADMIN-DIVISION-2018,"level=2, code=530800000000, parent=530000000000",2026-08-01T00:00:00+08:00,,
CN-530900,530900,530900000000,临沧市,53,云南省,地级市,core,2018,2018,2018,2018-01-01,,official_source_snapshot,SRC-ADMIN-DIVISION-2018,"level=2, code=530900000000, parent=530000000000",2026-08-01T00:00:00+08:00,,
CN-532300,532300,532300000000,楚雄彝族自治州,53,云南省,自治州,extended,2018,2018,2018,2018-01-01,,official_source_snapshot,SRC-ADMIN-DIVISION-2018,"level=2, code=532300000000, parent=530000000000",2026-08-01T00:00:00+08:00,,
CN-532500,532500,532500000000,红河哈尼族彝族自治州,53,云南省,自治州,extended,2018,2018,2018,2018-01-01,,official_source_snapshot,SRC-ADMIN-DIVISION-2018,"level=2, code=532500000000, parent=530000000000",2026-08-01T00:00:00+08:00,,
CN-532600,532600,532600000000,文山壮族苗族自治州,53,云南省,自治州,extended,2018,2018,2018,2018-01-01,,official_source_snapshot,SRC-ADMIN-DIVISION-2018,"level=2, code=532600000000, parent=530000000000",2026-08-01T00:00:00+08:00,,
CN-532800,532800,532800000000,西双版纳傣族自治州,53,云南省,自治州,extended,2018,2018,2018,2018-01-01,,official_source_snapshot,SRC-ADMIN-DIVISION-2018,"level=2, code=532800000000, parent=530000000000",2026-08-01T00:00:00+08:00,,
CN-532900,532900,532900000000,大理白族自治州,53,云南省,自治州,extended,2018,2018,2018,2018-01-01,,official_source_snapshot,SRC-ADMIN-DIVISION-2018,"level=2, code=532900000000, parent=530000000000",2026-08-01T00:00:00+08:00,,
CN-533100,533100,533100000000,德宏傣族景颇族自治州,53,云南省,自治州,extended,2018,2018,2018,2018-01-01,,official_source_snapshot,SRC-ADMIN-DIVISION-2018,"level=2, code=533100000000, parent=530000000000",2026-08-01T00:00:00+08:00,,
CN-533300,533300,533300000000,怒江傈僳族自治州,53,云南省,自治州,extended,2018,2018,2018,2018-01-01,,official_source_snapshot,SRC-ADMIN-DIVISION-2018,"level=2, code=533300000000, parent=530000000000",2026-08-01T00:00:00+08:00,,
CN-533400,533400,533400000000,迪庆藏族自治州,53,云南省,自治州,extended,2018,2018,2018,2018-01-01,,official_source_snapshot,SRC-ADMIN-DIVISION-2018,"level=2, code=533400000000, parent=530000000000",2026-08-01T00:00:00+08:00,,
CN-540100,540100,540100000000,拉萨市,54,西藏自治区,地级市,core,2018,2018,2018,2018-01-01,,official_source_snapshot,SRC-ADMIN-DIVISION-2018,"level=2, code=540100000000, parent=540000000000",2026-08-01T00:00:00+08:00,,
CN-540200,540200,540200000000,日喀则市,54,西藏自治区,地级市,core,2018,2018,2018,2018-01-01,,official_source_snapshot,SRC-ADMIN-DIVISION-2018,"level=2, code=540200000000, parent=540000000000",2026-08-01T00:00:00+08:00,,
CN-540300,540300,540300000000,昌都市,54,西藏自治区,地级市,core,2018,2018,2018,2018-01-01,,official_source_snapshot,SRC-ADMIN-DIVISION-2018,"level=2, code=540300000000, parent=540000000000",2026-08-01T00:00:00+08:00,,
CN-540400,540400,540400000000,林芝市,54,西藏自治区,地级市,core,2018,2018,2018,2018-01-01,,official_source_snapshot,SRC-ADMIN-DIVISION-2018,"level=2, code=540400000000, parent=540000000000",2026-08-01T00:00:00+08:00,,
CN-540500,540500,540500000000,山南市,54,西藏自治区,地级市,core,2018,2018,2018,2018-01-01,,official_source_snapshot,SRC-ADMIN-DIVISION-2018,"level=2, code=540500000000, parent=540000000000",2026-08-01T00:00:00+08:00,,
CN-542400,542400,542400000000,那曲地区,54,西藏自治区,地区,extended,2018,2018,2018,2018-01-01,,official_source_snapshot,SRC-ADMIN-DIVISION-2018,"level=2, code=542400000000, parent=540000000000",2026-08-01T00:00:00+08:00,,
CN-542500,542500,542500000000,阿里地区,54,西藏自治区,地区,extended,2018,2018,2018,2018-01-01,,official_source_snapshot,SRC-ADMIN-DIVISION-2018,"level=2, code=542500000000, parent=540000000000",2026-08-01T00:00:00+08:00,,
CN-610100,610100,610100000000,西安市,61,陕西省,地级市,core,2018,2018,2018,2018-01-01,,official_source_snapshot,SRC-ADMIN-DIVISION-2018,"level=2, code=610100000000, parent=610000000000",2026-08-01T00:00:00+08:00,,
CN-610200,610200,610200000000,铜川市,61,陕西省,地级市,core,2018,2018,2018,2018-01-01,,official_source_snapshot,SRC-ADMIN-DIVISION-2018,"level=2, code=610200000000, parent=610000000000",2026-08-01T00:00:00+08:00,,
CN-610300,610300,610300000000,宝鸡市,61,陕西省,地级市,core,2018,2018,2018,2018-01-01,,official_source_snapshot,SRC-ADMIN-DIVISION-2018,"level=2, code=610300000000, parent=610000000000",2026-08-01T00:00:00+08:00,,
CN-610400,610400,610400000000,咸阳市,61,陕西省,地级市,core,2018,2018,2018,2018-01-01,,official_source_snapshot,SRC-ADMIN-DIVISION-2018,"level=2, code=610400000000, parent=610000000000",2026-08-01T00:00:00+08:00,,
CN-610500,610500,610500000000,渭南市,61,陕西省,地级市,core,2018,2018,2018,2018-01-01,,official_source_snapshot,SRC-ADMIN-DIVISION-2018,"level=2, code=610500000000, parent=610000000000",2026-08-01T00:00:00+08:00,,
CN-610600,610600,610600000000,延安市,61,陕西省,地级市,core,2018,2018,2018,2018-01-01,,official_source_snapshot,SRC-ADMIN-DIVISION-2018,"level=2, code=610600000000, parent=610000000000",2026-08-01T00:00:00+08:00,,
CN-610700,610700,610700000000,汉中市,61,陕西省,地级市,core,2018,2018,2018,2018-01-01,,official_source_snapshot,SRC-ADMIN-DIVISION-2018,"level=2, code=610700000000, parent=610000000000",2026-08-01T00:00:00+08:00,,
CN-610800,610800,610800000000,榆林市,61,陕西省,地级市,core,2018,2018,2018,2018-01-01,,official_source_snapshot,SRC-ADMIN-DIVISION-2018,"level=2, code=610800000000, parent=610000000000",2026-08-01T00:00:00+08:00,,
CN-610900,610900,610900000000,安康市,61,陕西省,地级市,core,2018,2018,2018,2018-01-01,,official_source_snapshot,SRC-ADMIN-DIVISION-2018,"level=2, code=610900000000, parent=610000000000",2026-08-01T00:00:00+08:00,,
CN-611000,611000,611000000000,商洛市,61,陕西省,地级市,core,2018,2018,2018,2018-01-01,,official_source_snapshot,SRC-ADMIN-DIVISION-2018,"level=2, code=611000000000, parent=610000000000",2026-08-01T00:00:00+08:00,,
CN-620100,620100,620100000000,兰州市,62,甘肃省,地级市,core,2018,2018,2018,2018-01-01,,official_source_snapshot,SRC-ADMIN-DIVISION-2018,"level=2, code=620100000000, parent=620000000000",2026-08-01T00:00:00+08:00,,
CN-620200,620200,620200000000,嘉峪关市,62,甘肃省,地级市,core,2018,2018,2018,2018-01-01,,official_source_snapshot,SRC-ADMIN-DIVISION-2018,"level=2, code=620200000000, parent=620000000000",2026-08-01T00:00:00+08:00,,
CN-620300,620300,620300000000,金昌市,62,甘肃省,地级市,core,2018,2018,2018,2018-01-01,,official_source_snapshot,SRC-ADMIN-DIVISION-2018,"level=2, code=620300000000, parent=620000000000",2026-08-01T00:00:00+08:00,,
CN-620400,620400,620400000000,白银市,62,甘肃省,地级市,core,2018,2018,2018,2018-01-01,,official_source_snapshot,SRC-ADMIN-DIVISION-2018,"level=2, code=620400000000, parent=620000000000",2026-08-01T00:00:00+08:00,,
CN-620500,620500,620500000000,天水市,62,甘肃省,地级市,core,2018,2018,2018,2018-01-01,,official_source_snapshot,SRC-ADMIN-DIVISION-2018,"level=2, code=620500000000, parent=620000000000",2026-08-01T00:00:00+08:00,,
CN-620600,620600,620600000000,武威市,62,甘肃省,地级市,core,2018,2018,2018,2018-01-01,,official_source_snapshot,SRC-ADMIN-DIVISION-2018,"level=2, code=620600000000, parent=620000000000",2026-08-01T00:00:00+08:00,,
CN-620700,620700,620700000000,张掖市,62,甘肃省,地级市,core,2018,2018,2018,2018-01-01,,official_source_snapshot,SRC-ADMIN-DIVISION-2018,"level=2, code=620700000000, parent=620000000000",2026-08-01T00:00:00+08:00,,
CN-620800,620800,620800000000,平凉市,62,甘肃省,地级市,core,2018,2018,2018,2018-01-01,,official_source_snapshot,SRC-ADMIN-DIVISION-2018,"level=2, code=620800000000, parent=620000000000",2026-08-01T00:00:00+08:00,,
CN-620900,620900,620900000000,酒泉市,62,甘肃省,地级市,core,2018,2018,2018,2018-01-01,,official_source_snapshot,SRC-ADMIN-DIVISION-2018,"level=2, code=620900000000, parent=620000000000",2026-08-01T00:00:00+08:00,,
CN-621000,621000,621000000000,庆阳市,62,甘肃省,地级市,core,2018,2018,2018,2018-01-01,,official_source_snapshot,SRC-ADMIN-DIVISION-2018,"level=2, code=621000000000, parent=620000000000",2026-08-01T00:00:00+08:00,,
CN-621100,621100,621100000000,定西市,62,甘肃省,地级市,core,2018,2018,2018,2018-01-01,,official_source_snapshot,SRC-ADMIN-DIVISION-2018,"level=2, code=621100000000, parent=620000000000",2026-08-01T00:00:00+08:00,,
CN-621200,621200,621200000000,陇南市,62,甘肃省,地级市,core,2018,2018,2018,2018-01-01,,official_source_snapshot,SRC-ADMIN-DIVISION-2018,"level=2, code=621200000000, parent=620000000000",2026-08-01T00:00:00+08:00,,
CN-622900,622900,622900000000,临夏回族自治州,62,甘肃省,自治州,extended,2018,2018,2018,2018-01-01,,official_source_snapshot,SRC-ADMIN-DIVISION-2018,"level=2, code=622900000000, parent=620000000000",2026-08-01T00:00:00+08:00,,
CN-623000,623000,623000000000,甘南藏族自治州,62,甘肃省,自治州,extended,2018,2018,2018,2018-01-01,,official_source_snapshot,SRC-ADMIN-DIVISION-2018,"level=2, code=623000000000, parent=620000000000",2026-08-01T00:00:00+08:00,,
CN-630100,630100,630100000000,西宁市,63,青海省,地级市,core,2018,2018,2018,2018-01-01,,official_source_snapshot,SRC-ADMIN-DIVISION-2018,"level=2, code=630100000000, parent=630000000000",2026-08-01T00:00:00+08:00,,
CN-630200,630200,630200000000,海东市,63,青海省,地级市,core,2018,2018,2018,2018-01-01,,official_source_snapshot,SRC-ADMIN-DIVISION-2018,"level=2, code=630200000000, parent=630000000000",2026-08-01T00:00:00+08:00,,
CN-632200,632200,632200000000,海北藏族自治州,63,青海省,自治州,extended,2018,2018,2018,2018-01-01,,official_source_snapshot,SRC-ADMIN-DIVISION-2018,"level=2, code=632200000000, parent=630000000000",2026-08-01T00:00:00+08:00,,
CN-632300,632300,632300000000,黄南藏族自治州,63,青海省,自治州,extended,2018,2018,2018,2018-01-01,,official_source_snapshot,SRC-ADMIN-DIVISION-2018,"level=2, code=632300000000, parent=630000000000",2026-08-01T00:00:00+08:00,,
CN-632500,632500,632500000000,海南藏族自治州,63,青海省,自治州,extended,2018,2018,2018,2018-01-01,,official_source_snapshot,SRC-ADMIN-DIVISION-2018,"level=2, code=632500000000, parent=630000000000",2026-08-01T00:00:00+08:00,,
CN-632600,632600,632600000000,果洛藏族自治州,63,青海省,自治州,extended,2018,2018,2018,2018-01-01,,official_source_snapshot,SRC-ADMIN-DIVISION-2018,"level=2, code=632600000000, parent=630000000000",2026-08-01T00:00:00+08:00,,
CN-632700,632700,632700000000,玉树藏族自治州,63,青海省,自治州,extended,2018,2018,2018,2018-01-01,,official_source_snapshot,SRC-ADMIN-DIVISION-2018,"level=2, code=632700000000, parent=630000000000",2026-08-01T00:00:00+08:00,,
CN-632800,632800,632800000000,海西蒙古族藏族自治州,63,青海省,自治州,extended,2018,2018,2018,2018-01-01,,official_source_snapshot,SRC-ADMIN-DIVISION-2018,"level=2, code=632800000000, parent=630000000000",2026-08-01T00:00:00+08:00,,
CN-640100,640100,640100000000,银川市,64,宁夏回族自治区,地级市,core,2018,2018,2018,2018-01-01,,official_source_snapshot,SRC-ADMIN-DIVISION-2018,"level=2, code=640100000000, parent=640000000000",2026-08-01T00:00:00+08:00,,
CN-640200,640200,640200000000,石嘴山市,64,宁夏回族自治区,地级市,core,2018,2018,2018,2018-01-01,,official_source_snapshot,SRC-ADMIN-DIVISION-2018,"level=2, code=640200000000, parent=640000000000",2026-08-01T00:00:00+08:00,,
CN-640300,640300,640300000000,吴忠市,64,宁夏回族自治区,地级市,core,2018,2018,2018,2018-01-01,,official_source_snapshot,SRC-ADMIN-DIVISION-2018,"level=2, code=640300000000, parent=640000000000",2026-08-01T00:00:00+08:00,,
CN-640400,640400,640400000000,固原市,64,宁夏回族自治区,地级市,core,2018,2018,2018,2018-01-01,,official_source_snapshot,SRC-ADMIN-DIVISION-2018,"level=2, code=640400000000, parent=640000000000",2026-08-01T00:00:00+08:00,,
CN-640500,640500,640500000000,中卫市,64,宁夏回族自治区,地级市,core,2018,2018,2018,2018-01-01,,official_source_snapshot,SRC-ADMIN-DIVISION-2018,"level=2, code=640500000000, parent=640000000000",2026-08-01T00:00:00+08:00,,
CN-650100,650100,650100000000,乌鲁木齐市,65,新疆维吾尔自治区,地级市,core,2018,2018,2018,2018-01-01,,official_source_snapshot,SRC-ADMIN-DIVISION-2018,"level=2, code=650100000000, parent=650000000000",2026-08-01T00:00:00+08:00,,
CN-650200,650200,650200000000,克拉玛依市,65,新疆维吾尔自治区,地级市,core,2018,2018,2018,2018-01-01,,official_source_snapshot,SRC-ADMIN-DIVISION-2018,"level=2, code=650200000000, parent=650000000000",2026-08-01T00:00:00+08:00,,
CN-650400,650400,650400000000,吐鲁番市,65,新疆维吾尔自治区,地级市,core,2018,2018,2018,2018-01-01,,official_source_snapshot,SRC-ADMIN-DIVISION-2018,"level=2, code=650400000000, parent=650000000000",2026-08-01T00:00:00+08:00,,
CN-650500,650500,650500000000,哈密市,65,新疆维吾尔自治区,地级市,core,2018,2018,2018,2018-01-01,,official_source_snapshot,SRC-ADMIN-DIVISION-2018,"level=2, code=650500000000, parent=650000000000",2026-08-01T00:00:00+08:00,,
CN-652300,652300,652300000000,昌吉回族自治州,65,新疆维吾尔自治区,自治州,extended,2018,2018,2018,2018-01-01,,official_source_snapshot,SRC-ADMIN-DIVISION-2018,"level=2, code=652300000000, parent=650000000000",2026-08-01T00:00:00+08:00,,
CN-652700,652700,652700000000,博尔塔拉蒙古自治州,65,新疆维吾尔自治区,自治州,extended,2018,2018,2018,2018-01-01,,official_source_snapshot,SRC-ADMIN-DIVISION-2018,"level=2, code=652700000000, parent=650000000000",2026-08-01T00:00:00+08:00,,
CN-652800,652800,652800000000,巴音郭楞蒙古自治州,65,新疆维吾尔自治区,自治州,extended,2018,2018,2018,2018-01-01,,official_source_snapshot,SRC-ADMIN-DIVISION-2018,"level=2, code=652800000000, parent=650000000000",2026-08-01T00:00:00+08:00,,
CN-652900,652900,652900000000,阿克苏地区,65,新疆维吾尔自治区,地区,extended,2018,2018,2018,2018-01-01,,official_source_snapshot,SRC-ADMIN-DIVISION-2018,"level=2, code=652900000000, parent=650000000000",2026-08-01T00:00:00+08:00,,
CN-653000,653000,653000000000,克孜勒苏柯尔克孜自治州,65,新疆维吾尔自治区,自治州,extended,2018,2018,2018,2018-01-01,,official_source_snapshot,SRC-ADMIN-DIVISION-2018,"level=2, code=653000000000, parent=650000000000",2026-08-01T00:00:00+08:00,,
CN-653100,653100,653100000000,喀什地区,65,新疆维吾尔自治区,地区,extended,2018,2018,2018,2018-01-01,,official_source_snapshot,SRC-ADMIN-DIVISION-2018,"level=2, code=653100000000, parent=650000000000",2026-08-01T00:00:00+08:00,,
CN-653200,653200,653200000000,和田地区,65,新疆维吾尔自治区,地区,extended,2018,2018,2018,2018-01-01,,official_source_snapshot,SRC-ADMIN-DIVISION-2018,"level=2, code=653200000000, parent=650000000000",2026-08-01T00:00:00+08:00,,
CN-654000,654000,654000000000,伊犁哈萨克自治州,65,新疆维吾尔自治区,自治州,extended,2018,2018,2018,2018-01-01,,official_source_snapshot,SRC-ADMIN-DIVISION-2018,"level=2, code=654000000000, parent=650000000000",2026-08-01T00:00:00+08:00,,
CN-654200,654200,654200000000,塔城地区,65,新疆维吾尔自治区,地区,extended,2018,2018,2018,2018-01-01,,official_source_snapshot,SRC-ADMIN-DIVISION-2018,"level=2, code=654200000000, parent=650000000000",2026-08-01T00:00:00+08:00,,
CN-654300,654300,654300000000,阿勒泰地区,65,新疆维吾尔自治区,地区,extended,2018,2018,2018,2018-01-01,,official_source_snapshot,SRC-ADMIN-DIVISION-2018,"level=2, code=654300000000, parent=650000000000",2026-08-01T00:00:00+08:00,,
CN-659000,659000,659000000000,自治区直辖县级行政区划,65,新疆维吾尔自治区,地级市,core,2018,2018,2018,2018-01-01,,official_source_snapshot,SRC-ADMIN-DIVISION-2018,"level=2, code=659000000000, parent=650000000000",2026-08-01T00:00:00+08:00,,
CN-110000,110000,110000000000,北京市,11,北京市,直辖市,separate,2019,2019,2019,2019-01-01,,official_source_snapshot,SRC-ADMIN-DIVISION-2019,"level=2, code=110100000000, parent=110000000000",2026-08-01T00:00:00+08:00,,
CN-120000,120000,120000000000,天津市,12,天津市,直辖市,separate,2019,2019,2019,2019-01-01,,official_source_snapshot,SRC-ADMIN-DIVISION-2019,"level=2, code=120100000000, parent=120000000000",2026-08-01T00:00:00+08:00,,
CN-130100,130100,130100000000,石家庄市,13,河北省,地级市,core,2019,2019,2019,2019-01-01,,official_source_snapshot,SRC-ADMIN-DIVISION-2019,"level=2, code=130100000000, parent=130000000000",2026-08-01T00:00:00+08:00,,
CN-130200,130200,130200000000,唐山市,13,河北省,地级市,core,2019,2019,2019,2019-01-01,,official_source_snapshot,SRC-ADMIN-DIVISION-2019,"level=2, code=130200000000, parent=130000000000",2026-08-01T00:00:00+08:00,,
CN-130300,130300,130300000000,秦皇岛市,13,河北省,地级市,core,2019,2019,2019,2019-01-01,,official_source_snapshot,SRC-ADMIN-DIVISION-2019,"level=2, code=130300000000, parent=130000000000",2026-08-01T00:00:00+08:00,,
CN-130400,130400,130400000000,邯郸市,13,河北省,地级市,core,2019,2019,2019,2019-01-01,,official_source_snapshot,SRC-ADMIN-DIVISION-2019,"level=2, code=130400000000, parent=130000000000",2026-08-01T00:00:00+08:00,,
CN-130500,130500,130500000000,邢台市,13,河北省,地级市,core,2019,2019,2019,2019-01-01,,official_source_snapshot,SRC-ADMIN-DIVISION-2019,"level=2, code=130500000000, parent=130000000000",2026-08-01T00:00:00+08:00,,
CN-130600,130600,130600000000,保定市,13,河北省,地级市,core,2019,2019,2019,2019-01-01,,official_source_snapshot,SRC-ADMIN-DIVISION-2019,"level=2, code=130600000000, parent=130000000000",2026-08-01T00:00:00+08:00,,
CN-130700,130700,130700000000,张家口市,13,河北省,地级市,core,2019,2019,2019,2019-01-01,,official_source_snapshot,SRC-ADMIN-DIVISION-2019,"level=2, code=130700000000, parent=130000000000",2026-08-01T00:00:00+08:00,,
CN-130800,130800,130800000000,承德市,13,河北省,地级市,core,2019,2019,2019,2019-01-01,,official_source_snapshot,SRC-ADMIN-DIVISION-2019,"level=2, code=130800000000, parent=130000000000",2026-08-01T00:00:00+08:00,,
CN-130900,130900,130900000000,沧州市,13,河北省,地级市,core,2019,2019,2019,2019-01-01,,official_source_snapshot,SRC-ADMIN-DIVISION-2019,"level=2, code=130900000000, parent=130000000000",2026-08-01T00:00:00+08:00,,
CN-131000,131000,131000000000,廊坊市,13,河北省,地级市,core,2019,2019,2019,2019-01-01,,official_source_snapshot,SRC-ADMIN-DIVISION-2019,"level=2, code=131000000000, parent=130000000000",2026-08-01T00:00:00+08:00,,
CN-131100,131100,131100000000,衡水市,13,河北省,地级市,core,2019,2019,2019,2019-01-01,,official_source_snapshot,SRC-ADMIN-DIVISION-2019,"level=2, code=131100000000, parent=130000000000",2026-08-01T00:00:00+08:00,,
CN-140100,140100,140100000000,太原市,14,山西省,地级市,core,2019,2019,2019,2019-01-01,,official_source_snapshot,SRC-ADMIN-DIVISION-2019,"level=2, code=140100000000, parent=140000000000",2026-08-01T00:00:00+08:00,,
CN-140200,140200,140200000000,大同市,14,山西省,地级市,core,2019,2019,2019,2019-01-01,,official_source_snapshot,SRC-ADMIN-DIVISION-2019,"level=2, code=140200000000, parent=140000000000",2026-08-01T00:00:00+08:00,,
CN-140300,140300,140300000000,阳泉市,14,山西省,地级市,core,2019,2019,2019,2019-01-01,,official_source_snapshot,SRC-ADMIN-DIVISION-2019,"level=2, code=140300000000, parent=140000000000",2026-08-01T00:00:00+08:00,,
CN-140400,140400,140400000000,长治市,14,山西省,地级市,core,2019,2019,2019,2019-01-01,,official_source_snapshot,SRC-ADMIN-DIVISION-2019,"level=2, code=140400000000, parent=140000000000",2026-08-01T00:00:00+08:00,,
CN-140500,140500,140500000000,晋城市,14,山西省,地级市,core,2019,2019,2019,2019-01-01,,official_source_snapshot,SRC-ADMIN-DIVISION-2019,"level=2, code=140500000000, parent=140000000000",2026-08-01T00:00:00+08:00,,
CN-140600,140600,140600000000,朔州市,14,山西省,地级市,core,2019,2019,2019,2019-01-01,,official_source_snapshot,SRC-ADMIN-DIVISION-2019,"level=2, code=140600000000, parent=140000000000",2026-08-01T00:00:00+08:00,,
CN-140700,140700,140700000000,晋中市,14,山西省,地级市,core,2019,2019,2019,2019-01-01,,official_source_snapshot,SRC-ADMIN-DIVISION-2019,"level=2, code=140700000000, parent=140000000000",2026-08-01T00:00:00+08:00,,
CN-140800,140800,140800000000,运城市,14,山西省,地级市,core,2019,2019,2019,2019-01-01,,official_source_snapshot,SRC-ADMIN-DIVISION-2019,"level=2, code=140800000000, parent=140000000000",2026-08-01T00:00:00+08:00,,
CN-140900,140900,140900000000,忻州市,14,山西省,地级市,core,2019,2019,2019,2019-01-01,,official_source_snapshot,SRC-ADMIN-DIVISION-2019,"level=2, code=140900000000, parent=140000000000",2026-08-01T00:00:00+08:00,,
CN-141000,141000,141000000000,临汾市,14,山西省,地级市,core,2019,2019,2019,2019-01-01,,official_source_snapshot,SRC-ADMIN-DIVISION-2019,"level=2, code=141000000000, parent=140000000000",2026-08-01T00:00:00+08:00,,
CN-141100,141100,141100000000,吕梁市,14,山西省,地级市,core,2019,2019,2019,2019-01-01,,official_source_snapshot,SRC-ADMIN-DIVISION-2019,"level=2, code=141100000000, parent=140000000000",2026-08-01T00:00:00+08:00,,
CN-150100,150100,150100000000,呼和浩特市,15,内蒙古自治区,地级市,core,2019,2019,2019,2019-01-01,,official_source_snapshot,SRC-ADMIN-DIVISION-2019,"level=2, code=150100000000, parent=150000000000",2026-08-01T00:00:00+08:00,,
CN-150200,150200,150200000000,包头市,15,内蒙古自治区,地级市,core,2019,2019,2019,2019-01-01,,official_source_snapshot,SRC-ADMIN-DIVISION-2019,"level=2, code=150200000000, parent=150000000000",2026-08-01T00:00:00+08:00,,
CN-150300,150300,150300000000,乌海市,15,内蒙古自治区,地级市,core,2019,2019,2019,2019-01-01,,official_source_snapshot,SRC-ADMIN-DIVISION-2019,"level=2, code=150300000000, parent=150000000000",2026-08-01T00:00:00+08:00,,
CN-150400,150400,150400000000,赤峰市,15,内蒙古自治区,地级市,core,2019,2019,2019,2019-01-01,,official_source_snapshot,SRC-ADMIN-DIVISION-2019,"level=2, code=150400000000, parent=150000000000",2026-08-01T00:00:00+08:00,,
CN-150500,150500,150500000000,通辽市,15,内蒙古自治区,地级市,core,2019,2019,2019,2019-01-01,,official_source_snapshot,SRC-ADMIN-DIVISION-2019,"level=2, code=150500000000, parent=150000000000",2026-08-01T00:00:00+08:00,,
CN-150600,150600,150600000000,鄂尔多斯市,15,内蒙古自治区,地级市,core,2019,2019,2019,2019-01-01,,official_source_snapshot,SRC-ADMIN-DIVISION-2019,"level=2, code=150600000000, parent=150000000000",2026-08-01T00:00:00+08:00,,
CN-150700,150700,150700000000,呼伦贝尔市,15,内蒙古自治区,地级市,core,2019,2019,2019,2019-01-01,,official_source_snapshot,SRC-ADMIN-DIVISION-2019,"level=2, code=150700000000, parent=150000000000",2026-08-01T00:00:00+08:00,,
CN-150800,150800,150800000000,巴彦淖尔市,15,内蒙古自治区,地级市,core,2019,2019,2019,2019-01-01,,official_source_snapshot,SRC-ADMIN-DIVISION-2019,"level=2, code=150800000000, parent=150000000000",2026-08-01T00:00:00+08:00,,
CN-150900,150900,150900000000,乌兰察布市,15,内蒙古自治区,地级市,core,2019,2019,2019,2019-01-01,,official_source_snapshot,SRC-ADMIN-DIVISION-2019,"level=2, code=150900000000, parent=150000000000",2026-08-01T00:00:00+08:00,,
CN-152200,152200,152200000000,兴安盟,15,内蒙古自治区,盟,extended,2019,2019,2019,2019-01-01,,official_source_snapshot,SRC-ADMIN-DIVISION-2019,"level=2, code=152200000000, parent=150000000000",2026-08-01T00:00:00+08:00,,
CN-152500,152500,152500000000,锡林郭勒盟,15,内蒙古自治区,盟,extended,2019,2019,2019,2019-01-01,,official_source_snapshot,SRC-ADMIN-DIVISION-2019,"level=2, code=152500000000, parent=150000000000",2026-08-01T00:00:00+08:00,,
CN-152900,152900,152900000000,阿拉善盟,15,内蒙古自治区,盟,extended,2019,2019,2019,2019-01-01,,official_source_snapshot,SRC-ADMIN-DIVISION-2019,"level=2, code=152900000000, parent=150000000000",2026-08-01T00:00:00+08:00,,
CN-210100,210100,210100000000,沈阳市,21,辽宁省,地级市,core,2019,2019,2019,2019-01-01,,official_source_snapshot,SRC-ADMIN-DIVISION-2019,"level=2, code=210100000000, parent=210000000000",2026-08-01T00:00:00+08:00,,
CN-210200,210200,210200000000,大连市,21,辽宁省,地级市,core,2019,2019,2019,2019-01-01,,official_source_snapshot,SRC-ADMIN-DIVISION-2019,"level=2, code=210200000000, parent=210000000000",2026-08-01T00:00:00+08:00,,
CN-210300,210300,210300000000,鞍山市,21,辽宁省,地级市,core,2019,2019,2019,2019-01-01,,official_source_snapshot,SRC-ADMIN-DIVISION-2019,"level=2, code=210300000000, parent=210000000000",2026-08-01T00:00:00+08:00,,
CN-210400,210400,210400000000,抚顺市,21,辽宁省,地级市,core,2019,2019,2019,2019-01-01,,official_source_snapshot,SRC-ADMIN-DIVISION-2019,"level=2, code=210400000000, parent=210000000000",2026-08-01T00:00:00+08:00,,
CN-210500,210500,210500000000,本溪市,21,辽宁省,地级市,core,2019,2019,2019,2019-01-01,,official_source_snapshot,SRC-ADMIN-DIVISION-2019,"level=2, code=210500000000, parent=210000000000",2026-08-01T00:00:00+08:00,,
CN-210600,210600,210600000000,丹东市,21,辽宁省,地级市,core,2019,2019,2019,2019-01-01,,official_source_snapshot,SRC-ADMIN-DIVISION-2019,"level=2, code=210600000000, parent=210000000000",2026-08-01T00:00:00+08:00,,
CN-210700,210700,210700000000,锦州市,21,辽宁省,地级市,core,2019,2019,2019,2019-01-01,,official_source_snapshot,SRC-ADMIN-DIVISION-2019,"level=2, code=210700000000, parent=210000000000",2026-08-01T00:00:00+08:00,,
CN-210800,210800,210800000000,营口市,21,辽宁省,地级市,core,2019,2019,2019,2019-01-01,,official_source_snapshot,SRC-ADMIN-DIVISION-2019,"level=2, code=210800000000, parent=210000000000",2026-08-01T00:00:00+08:00,,
CN-210900,210900,210900000000,阜新市,21,辽宁省,地级市,core,2019,2019,2019,2019-01-01,,official_source_snapshot,SRC-ADMIN-DIVISION-2019,"level=2, code=210900000000, parent=210000000000",2026-08-01T00:00:00+08:00,,
CN-211000,211000,211000000000,辽阳市,21,辽宁省,地级市,core,2019,2019,2019,2019-01-01,,official_source_snapshot,SRC-ADMIN-DIVISION-2019,"level=2, code=211000000000, parent=210000000000",2026-08-01T00:00:00+08:00,,
CN-211100,211100,211100000000,盘锦市,21,辽宁省,地级市,core,2019,2019,2019,2019-01-01,,official_source_snapshot,SRC-ADMIN-DIVISION-2019,"level=2, code=211100000000, parent=210000000000",2026-08-01T00:00:00+08:00,,
CN-211200,211200,211200000000,铁岭市,21,辽宁省,地级市,core,2019,2019,2019,2019-01-01,,official_source_snapshot,SRC-ADMIN-DIVISION-2019,"level=2, code=211200000000, parent=210000000000",2026-08-01T00:00:00+08:00,,
CN-211300,211300,211300000000,朝阳市,21,辽宁省,地级市,core,2019,2019,2019,2019-01-01,,official_source_snapshot,SRC-ADMIN-DIVISION-2019,"level=2, code=211300000000, parent=210000000000",2026-08-01T00:00:00+08:00,,
CN-211400,211400,211400000000,葫芦岛市,21,辽宁省,地级市,core,2019,2019,2019,2019-01-01,,official_source_snapshot,SRC-ADMIN-DIVISION-2019,"level=2, code=211400000000, parent=210000000000",2026-08-01T00:00:00+08:00,,
CN-220100,220100,220100000000,长春市,22,吉林省,地级市,core,2019,2019,2019,2019-01-01,,official_source_snapshot,SRC-ADMIN-DIVISION-2019,"level=2, code=220100000000, parent=220000000000",2026-08-01T00:00:00+08:00,,
CN-220200,220200,220200000000,吉林市,22,吉林省,地级市,core,2019,2019,2019,2019-01-01,,official_source_snapshot,SRC-ADMIN-DIVISION-2019,"level=2, code=220200000000, parent=220000000000",2026-08-01T00:00:00+08:00,,
CN-220300,220300,220300000000,四平市,22,吉林省,地级市,core,2019,2019,2019,2019-01-01,,official_source_snapshot,SRC-ADMIN-DIVISION-2019,"level=2, code=220300000000, parent=220000000000",2026-08-01T00:00:00+08:00,,
CN-220400,220400,220400000000,辽源市,22,吉林省,地级市,core,2019,2019,2019,2019-01-01,,official_source_snapshot,SRC-ADMIN-DIVISION-2019,"level=2, code=220400000000, parent=220000000000",2026-08-01T00:00:00+08:00,,
CN-220500,220500,220500000000,通化市,22,吉林省,地级市,core,2019,2019,2019,2019-01-01,,official_source_snapshot,SRC-ADMIN-DIVISION-2019,"level=2, code=220500000000, parent=220000000000",2026-08-01T00:00:00+08:00,,
CN-220600,220600,220600000000,白山市,22,吉林省,地级市,core,2019,2019,2019,2019-01-01,,official_source_snapshot,SRC-ADMIN-DIVISION-2019,"level=2, code=220600000000, parent=220000000000",2026-08-01T00:00:00+08:00,,
CN-220700,220700,220700000000,松原市,22,吉林省,地级市,core,2019,2019,2019,2019-01-01,,official_source_snapshot,SRC-ADMIN-DIVISION-2019,"level=2, code=220700000000, parent=220000000000",2026-08-01T00:00:00+08:00,,
CN-220800,220800,220800000000,白城市,22,吉林省,地级市,core,2019,2019,2019,2019-01-01,,official_source_snapshot,SRC-ADMIN-DIVISION-2019,"level=2, code=220800000000, parent=220000000000",2026-08-01T00:00:00+08:00,,
CN-222400,222400,222400000000,延边朝鲜族自治州,22,吉林省,自治州,extended,2019,2019,2019,2019-01-01,,official_source_snapshot,SRC-ADMIN-DIVISION-2019,"level=2, code=222400000000, parent=220000000000",2026-08-01T00:00:00+08:00,,
CN-230100,230100,230100000000,哈尔滨市,23,黑龙江省,地级市,core,2019,2019,2019,2019-01-01,,official_source_snapshot,SRC-ADMIN-DIVISION-2019,"level=2, code=230100000000, parent=230000000000",2026-08-01T00:00:00+08:00,,
CN-230200,230200,230200000000,齐齐哈尔市,23,黑龙江省,地级市,core,2019,2019,2019,2019-01-01,,official_source_snapshot,SRC-ADMIN-DIVISION-2019,"level=2, code=230200000000, parent=230000000000",2026-08-01T00:00:00+08:00,,
CN-230300,230300,230300000000,鸡西市,23,黑龙江省,地级市,core,2019,2019,2019,2019-01-01,,official_source_snapshot,SRC-ADMIN-DIVISION-2019,"level=2, code=230300000000, parent=230000000000",2026-08-01T00:00:00+08:00,,
CN-230400,230400,230400000000,鹤岗市,23,黑龙江省,地级市,core,2019,2019,2019,2019-01-01,,official_source_snapshot,SRC-ADMIN-DIVISION-2019,"level=2, code=230400000000, parent=230000000000",2026-08-01T00:00:00+08:00,,
CN-230500,230500,230500000000,双鸭山市,23,黑龙江省,地级市,core,2019,2019,2019,2019-01-01,,official_source_snapshot,SRC-ADMIN-DIVISION-2019,"level=2, code=230500000000, parent=230000000000",2026-08-01T00:00:00+08:00,,
CN-230600,230600,230600000000,大庆市,23,黑龙江省,地级市,core,2019,2019,2019,2019-01-01,,official_source_snapshot,SRC-ADMIN-DIVISION-2019,"level=2, code=230600000000, parent=230000000000",2026-08-01T00:00:00+08:00,,
CN-230700,230700,230700000000,伊春市,23,黑龙江省,地级市,core,2019,2019,2019,2019-01-01,,official_source_snapshot,SRC-ADMIN-DIVISION-2019,"level=2, code=230700000000, parent=230000000000",2026-08-01T00:00:00+08:00,,
CN-230800,230800,230800000000,佳木斯市,23,黑龙江省,地级市,core,2019,2019,2019,2019-01-01,,official_source_snapshot,SRC-ADMIN-DIVISION-2019,"level=2, code=230800000000, parent=230000000000",2026-08-01T00:00:00+08:00,,
CN-230900,230900,230900000000,七台河市,23,黑龙江省,地级市,core,2019,2019,2019,2019-01-01,,official_source_snapshot,SRC-ADMIN-DIVISION-2019,"level=2, code=230900000000, parent=230000000000",2026-08-01T00:00:00+08:00,,
CN-231000,231000,231000000000,牡丹江市,23,黑龙江省,地级市,core,2019,2019,2019,2019-01-01,,official_source_snapshot,SRC-ADMIN-DIVISION-2019,"level=2, code=231000000000, parent=230000000000",2026-08-01T00:00:00+08:00,,
CN-231100,231100,231100000000,黑河市,23,黑龙江省,地级市,core,2019,2019,2019,2019-01-01,,official_source_snapshot,SRC-ADMIN-DIVISION-2019,"level=2, code=231100000000, parent=230000000000",2026-08-01T00:00:00+08:00,,
CN-231200,231200,231200000000,绥化市,23,黑龙江省,地级市,core,2019,2019,2019,2019-01-01,,official_source_snapshot,SRC-ADMIN-DIVISION-2019,"level=2, code=231200000000, parent=230000000000",2026-08-01T00:00:00+08:00,,
CN-232700,232700,232700000000,大兴安岭地区,23,黑龙江省,地区,extended,2019,2019,2019,2019-01-01,,official_source_snapshot,SRC-ADMIN-DIVISION-2019,"level=2, code=232700000000, parent=230000000000",2026-08-01T00:00:00+08:00,,
CN-310000,310000,310000000000,上海市,31,上海市,直辖市,separate,2019,2019,2019,2019-01-01,,official_source_snapshot,SRC-ADMIN-DIVISION-2019,"level=2, code=310100000000, parent=310000000000",2026-08-01T00:00:00+08:00,,
CN-320100,320100,320100000000,南京市,32,江苏省,地级市,core,2019,2019,2019,2019-01-01,,official_source_snapshot,SRC-ADMIN-DIVISION-2019,"level=2, code=320100000000, parent=320000000000",2026-08-01T00:00:00+08:00,,
CN-320200,320200,320200000000,无锡市,32,江苏省,地级市,core,2019,2019,2019,2019-01-01,,official_source_snapshot,SRC-ADMIN-DIVISION-2019,"level=2, code=320200000000, parent=320000000000",2026-08-01T00:00:00+08:00,,
CN-320300,320300,320300000000,徐州市,32,江苏省,地级市,core,2019,2019,2019,2019-01-01,,official_source_snapshot,SRC-ADMIN-DIVISION-2019,"level=2, code=320300000000, parent=320000000000",2026-08-01T00:00:00+08:00,,
CN-320400,320400,320400000000,常州市,32,江苏省,地级市,core,2019,2019,2019,2019-01-01,,official_source_snapshot,SRC-ADMIN-DIVISION-2019,"level=2, code=320400000000, parent=320000000000",2026-08-01T00:00:00+08:00,,
CN-320500,320500,320500000000,苏州市,32,江苏省,地级市,core,2019,2019,2019,2019-01-01,,official_source_snapshot,SRC-ADMIN-DIVISION-2019,"level=2, code=320500000000, parent=320000000000",2026-08-01T00:00:00+08:00,,
CN-320600,320600,320600000000,南通市,32,江苏省,地级市,core,2019,2019,2019,2019-01-01,,official_source_snapshot,SRC-ADMIN-DIVISION-2019,"level=2, code=320600000000, parent=320000000000",2026-08-01T00:00:00+08:00,,
CN-320700,320700,320700000000,连云港市,32,江苏省,地级市,core,2019,2019,2019,2019-01-01,,official_source_snapshot,SRC-ADMIN-DIVISION-2019,"level=2, code=320700000000, parent=320000000000",2026-08-01T00:00:00+08:00,,
CN-320800,320800,320800000000,淮安市,32,江苏省,地级市,core,2019,2019,2019,2019-01-01,,official_source_snapshot,SRC-ADMIN-DIVISION-2019,"level=2, code=320800000000, parent=320000000000",2026-08-01T00:00:00+08:00,,
CN-320900,320900,320900000000,盐城市,32,江苏省,地级市,core,2019,2019,2019,2019-01-01,,official_source_snapshot,SRC-ADMIN-DIVISION-2019,"level=2, code=320900000000, parent=320000000000",2026-08-01T00:00:00+08:00,,
CN-321000,321000,321000000000,扬州市,32,江苏省,地级市,core,2019,2019,2019,2019-01-01,,official_source_snapshot,SRC-ADMIN-DIVISION-2019,"level=2, code=321000000000, parent=320000000000",2026-08-01T00:00:00+08:00,,
CN-321100,321100,321100000000,镇江市,32,江苏省,地级市,core,2019,2019,2019,2019-01-01,,official_source_snapshot,SRC-ADMIN-DIVISION-2019,"level=2, code=321100000000, parent=320000000000",2026-08-01T00:00:00+08:00,,
CN-321200,321200,321200000000,泰州市,32,江苏省,地级市,core,2019,2019,2019,2019-01-01,,official_source_snapshot,SRC-ADMIN-DIVISION-2019,"level=2, code=321200000000, parent=320000000000",2026-08-01T00:00:00+08:00,,
CN-321300,321300,321300000000,宿迁市,32,江苏省,地级市,core,2019,2019,2019,2019-01-01,,official_source_snapshot,SRC-ADMIN-DIVISION-2019,"level=2, code=321300000000, parent=320000000000",2026-08-01T00:00:00+08:00,,
CN-330100,330100,330100000000,杭州市,33,浙江省,地级市,core,2019,2019,2019,2019-01-01,,official_source_snapshot,SRC-ADMIN-DIVISION-2019,"level=2, code=330100000000, parent=330000000000",2026-08-01T00:00:00+08:00,,
CN-330200,330200,330200000000,宁波市,33,浙江省,地级市,core,2019,2019,2019,2019-01-01,,official_source_snapshot,SRC-ADMIN-DIVISION-2019,"level=2, code=330200000000, parent=330000000000",2026-08-01T00:00:00+08:00,,
CN-330300,330300,330300000000,温州市,33,浙江省,地级市,core,2019,2019,2019,2019-01-01,,official_source_snapshot,SRC-ADMIN-DIVISION-2019,"level=2, code=330300000000, parent=330000000000",2026-08-01T00:00:00+08:00,,
CN-330400,330400,330400000000,嘉兴市,33,浙江省,地级市,core,2019,2019,2019,2019-01-01,,official_source_snapshot,SRC-ADMIN-DIVISION-2019,"level=2, code=330400000000, parent=330000000000",2026-08-01T00:00:00+08:00,,
CN-330500,330500,330500000000,湖州市,33,浙江省,地级市,core,2019,2019,2019,2019-01-01,,official_source_snapshot,SRC-ADMIN-DIVISION-2019,"level=2, code=330500000000, parent=330000000000",2026-08-01T00:00:00+08:00,,
CN-330600,330600,330600000000,绍兴市,33,浙江省,地级市,core,2019,2019,2019,2019-01-01,,official_source_snapshot,SRC-ADMIN-DIVISION-2019,"level=2, code=330600000000, parent=330000000000",2026-08-01T00:00:00+08:00,,
CN-330700,330700,330700000000,金华市,33,浙江省,地级市,core,2019,2019,2019,2019-01-01,,official_source_snapshot,SRC-ADMIN-DIVISION-2019,"level=2, code=330700000000, parent=330000000000",2026-08-01T00:00:00+08:00,,
CN-330800,330800,330800000000,衢州市,33,浙江省,地级市,core,2019,2019,2019,2019-01-01,,official_source_snapshot,SRC-ADMIN-DIVISION-2019,"level=2, code=330800000000, parent=330000000000",2026-08-01T00:00:00+08:00,,
CN-330900,330900,330900000000,舟山市,33,浙江省,地级市,core,2019,2019,2019,2019-01-01,,official_source_snapshot,SRC-ADMIN-DIVISION-2019,"level=2, code=330900000000, parent=330000000000",2026-08-01T00:00:00+08:00,,
CN-331000,331000,331000000000,台州市,33,浙江省,地级市,core,2019,2019,2019,2019-01-01,,official_source_snapshot,SRC-ADMIN-DIVISION-2019,"level=2, code=331000000000, parent=330000000000",2026-08-01T00:00:00+08:00,,
CN-331100,331100,331100000000,丽水市,33,浙江省,地级市,core,2019,2019,2019,2019-01-01,,official_source_snapshot,SRC-ADMIN-DIVISION-2019,"level=2, code=331100000000, parent=330000000000",2026-08-01T00:00:00+08:00,,
CN-340100,340100,340100000000,合肥市,34,安徽省,地级市,core,2019,2019,2019,2019-01-01,,official_source_snapshot,SRC-ADMIN-DIVISION-2019,"level=2, code=340100000000, parent=340000000000",2026-08-01T00:00:00+08:00,,
CN-340200,340200,340200000000,芜湖市,34,安徽省,地级市,core,2019,2019,2019,2019-01-01,,official_source_snapshot,SRC-ADMIN-DIVISION-2019,"level=2, code=340200000000, parent=340000000000",2026-08-01T00:00:00+08:00,,
CN-340300,340300,340300000000,蚌埠市,34,安徽省,地级市,core,2019,2019,2019,2019-01-01,,official_source_snapshot,SRC-ADMIN-DIVISION-2019,"level=2, code=340300000000, parent=340000000000",2026-08-01T00:00:00+08:00,,
CN-340400,340400,340400000000,淮南市,34,安徽省,地级市,core,2019,2019,2019,2019-01-01,,official_source_snapshot,SRC-ADMIN-DIVISION-2019,"level=2, code=340400000000, parent=340000000000",2026-08-01T00:00:00+08:00,,
CN-340500,340500,340500000000,马鞍山市,34,安徽省,地级市,core,2019,2019,2019,2019-01-01,,official_source_snapshot,SRC-ADMIN-DIVISION-2019,"level=2, code=340500000000, parent=340000000000",2026-08-01T00:00:00+08:00,,
CN-340600,340600,340600000000,淮北市,34,安徽省,地级市,core,2019,2019,2019,2019-01-01,,official_source_snapshot,SRC-ADMIN-DIVISION-2019,"level=2, code=340600000000, parent=340000000000",2026-08-01T00:00:00+08:00,,
CN-340700,340700,340700000000,铜陵市,34,安徽省,地级市,core,2019,2019,2019,2019-01-01,,official_source_snapshot,SRC-ADMIN-DIVISION-2019,"level=2, code=340700000000, parent=340000000000",2026-08-01T00:00:00+08:00,,
CN-340800,340800,340800000000,安庆市,34,安徽省,地级市,core,2019,2019,2019,2019-01-01,,official_source_snapshot,SRC-ADMIN-DIVISION-2019,"level=2, code=340800000000, parent=340000000000",2026-08-01T00:00:00+08:00,,
CN-341000,341000,341000000000,黄山市,34,安徽省,地级市,core,2019,2019,2019,2019-01-01,,official_source_snapshot,SRC-ADMIN-DIVISION-2019,"level=2, code=341000000000, parent=340000000000",2026-08-01T00:00:00+08:00,,
CN-341100,341100,341100000000,滁州市,34,安徽省,地级市,core,2019,2019,2019,2019-01-01,,official_source_snapshot,SRC-ADMIN-DIVISION-2019,"level=2, code=341100000000, parent=340000000000",2026-08-01T00:00:00+08:00,,
CN-341200,341200,341200000000,阜阳市,34,安徽省,地级市,core,2019,2019,2019,2019-01-01,,official_source_snapshot,SRC-ADMIN-DIVISION-2019,"level=2, code=341200000000, parent=340000000000",2026-08-01T00:00:00+08:00,,
CN-341300,341300,341300000000,宿州市,34,安徽省,地级市,core,2019,2019,2019,2019-01-01,,official_source_snapshot,SRC-ADMIN-DIVISION-2019,"level=2, code=341300000000, parent=340000000000",2026-08-01T00:00:00+08:00,,
CN-341500,341500,341500000000,六安市,34,安徽省,地级市,core,2019,2019,2019,2019-01-01,,official_source_snapshot,SRC-ADMIN-DIVISION-2019,"level=2, code=341500000000, parent=340000000000",2026-08-01T00:00:00+08:00,,
CN-341600,341600,341600000000,亳州市,34,安徽省,地级市,core,2019,2019,2019,2019-01-01,,official_source_snapshot,SRC-ADMIN-DIVISION-2019,"level=2, code=341600000000, parent=340000000000",2026-08-01T00:00:00+08:00,,
CN-341700,341700,341700000000,池州市,34,安徽省,地级市,core,2019,2019,2019,2019-01-01,,official_source_snapshot,SRC-ADMIN-DIVISION-2019,"level=2, code=341700000000, parent=340000000000",2026-08-01T00:00:00+08:00,,
CN-341800,341800,341800000000,宣城市,34,安徽省,地级市,core,2019,2019,2019,2019-01-01,,official_source_snapshot,SRC-ADMIN-DIVISION-2019,"level=2, code=341800000000, parent=340000000000",2026-08-01T00:00:00+08:00,,
CN-350100,350100,350100000000,福州市,35,福建省,地级市,core,2019,2019,2019,2019-01-01,,official_source_snapshot,SRC-ADMIN-DIVISION-2019,"level=2, code=350100000000, parent=350000000000",2026-08-01T00:00:00+08:00,,
CN-350200,350200,350200000000,厦门市,35,福建省,地级市,core,2019,2019,2019,2019-01-01,,official_source_snapshot,SRC-ADMIN-DIVISION-2019,"level=2, code=350200000000, parent=350000000000",2026-08-01T00:00:00+08:00,,
CN-350300,350300,350300000000,莆田市,35,福建省,地级市,core,2019,2019,2019,2019-01-01,,official_source_snapshot,SRC-ADMIN-DIVISION-2019,"level=2, code=350300000000, parent=350000000000",2026-08-01T00:00:00+08:00,,
CN-350400,350400,350400000000,三明市,35,福建省,地级市,core,2019,2019,2019,2019-01-01,,official_source_snapshot,SRC-ADMIN-DIVISION-2019,"level=2, code=350400000000, parent=350000000000",2026-08-01T00:00:00+08:00,,
CN-350500,350500,350500000000,泉州市,35,福建省,地级市,core,2019,2019,2019,2019-01-01,,official_source_snapshot,SRC-ADMIN-DIVISION-2019,"level=2, code=350500000000, parent=350000000000",2026-08-01T00:00:00+08:00,,
CN-350600,350600,350600000000,漳州市,35,福建省,地级市,core,2019,2019,2019,2019-01-01,,official_source_snapshot,SRC-ADMIN-DIVISION-2019,"level=2, code=350600000000, parent=350000000000",2026-08-01T00:00:00+08:00,,
CN-350700,350700,350700000000,南平市,35,福建省,地级市,core,2019,2019,2019,2019-01-01,,official_source_snapshot,SRC-ADMIN-DIVISION-2019,"level=2, code=350700000000, parent=350000000000",2026-08-01T00:00:00+08:00,,
CN-350800,350800,350800000000,龙岩市,35,福建省,地级市,core,2019,2019,2019,2019-01-01,,official_source_snapshot,SRC-ADMIN-DIVISION-2019,"level=2, code=350800000000, parent=350000000000",2026-08-01T00:00:00+08:00,,
CN-350900,350900,350900000000,宁德市,35,福建省,地级市,core,2019,2019,2019,2019-01-01,,official_source_snapshot,SRC-ADMIN-DIVISION-2019,"level=2, code=350900000000, parent=350000000000",2026-08-01T00:00:00+08:00,,
CN-360100,360100,360100000000,南昌市,36,江西省,地级市,core,2019,2019,2019,2019-01-01,,official_source_snapshot,SRC-ADMIN-DIVISION-2019,"level=2, code=360100000000, parent=360000000000",2026-08-01T00:00:00+08:00,,
CN-360200,360200,360200000000,景德镇市,36,江西省,地级市,core,2019,2019,2019,2019-01-01,,official_source_snapshot,SRC-ADMIN-DIVISION-2019,"level=2, code=360200000000, parent=360000000000",2026-08-01T00:00:00+08:00,,
CN-360300,360300,360300000000,萍乡市,36,江西省,地级市,core,2019,2019,2019,2019-01-01,,official_source_snapshot,SRC-ADMIN-DIVISION-2019,"level=2, code=360300000000, parent=360000000000",2026-08-01T00:00:00+08:00,,
CN-360400,360400,360400000000,九江市,36,江西省,地级市,core,2019,2019,2019,2019-01-01,,official_source_snapshot,SRC-ADMIN-DIVISION-2019,"level=2, code=360400000000, parent=360000000000",2026-08-01T00:00:00+08:00,,
CN-360500,360500,360500000000,新余市,36,江西省,地级市,core,2019,2019,2019,2019-01-01,,official_source_snapshot,SRC-ADMIN-DIVISION-2019,"level=2, code=360500000000, parent=360000000000",2026-08-01T00:00:00+08:00,,
CN-360600,360600,360600000000,鹰潭市,36,江西省,地级市,core,2019,2019,2019,2019-01-01,,official_source_snapshot,SRC-ADMIN-DIVISION-2019,"level=2, code=360600000000, parent=360000000000",2026-08-01T00:00:00+08:00,,
CN-360700,360700,360700000000,赣州市,36,江西省,地级市,core,2019,2019,2019,2019-01-01,,official_source_snapshot,SRC-ADMIN-DIVISION-2019,"level=2, code=360700000000, parent=360000000000",2026-08-01T00:00:00+08:00,,
CN-360800,360800,360800000000,吉安市,36,江西省,地级市,core,2019,2019,2019,2019-01-01,,official_source_snapshot,SRC-ADMIN-DIVISION-2019,"level=2, code=360800000000, parent=360000000000",2026-08-01T00:00:00+08:00,,
CN-360900,360900,360900000000,宜春市,36,江西省,地级市,core,2019,2019,2019,2019-01-01,,official_source_snapshot,SRC-ADMIN-DIVISION-2019,"level=2, code=360900000000, parent=360000000000",2026-08-01T00:00:00+08:00,,
CN-361000,361000,361000000000,抚州市,36,江西省,地级市,core,2019,2019,2019,2019-01-01,,official_source_snapshot,SRC-ADMIN-DIVISION-2019,"level=2, code=361000000000, parent=360000000000",2026-08-01T00:00:00+08:00,,
CN-361100,361100,361100000000,上饶市,36,江西省,地级市,core,2019,2019,2019,2019-01-01,,official_source_snapshot,SRC-ADMIN-DIVISION-2019,"level=2, code=361100000000, parent=360000000000",2026-08-01T00:00:00+08:00,,
CN-370100,370100,370100000000,济南市,37,山东省,地级市,core,2019,2019,2019,2019-01-01,,official_source_snapshot,SRC-ADMIN-DIVISION-2019,"level=2, code=370100000000, parent=370000000000",2026-08-01T00:00:00+08:00,,
CN-370200,370200,370200000000,青岛市,37,山东省,地级市,core,2019,2019,2019,2019-01-01,,official_source_snapshot,SRC-ADMIN-DIVISION-2019,"level=2, code=370200000000, parent=370000000000",2026-08-01T00:00:00+08:00,,
CN-370300,370300,370300000000,淄博市,37,山东省,地级市,core,2019,2019,2019,2019-01-01,,official_source_snapshot,SRC-ADMIN-DIVISION-2019,"level=2, code=370300000000, parent=370000000000",2026-08-01T00:00:00+08:00,,
CN-370400,370400,370400000000,枣庄市,37,山东省,地级市,core,2019,2019,2019,2019-01-01,,official_source_snapshot,SRC-ADMIN-DIVISION-2019,"level=2, code=370400000000, parent=370000000000",2026-08-01T00:00:00+08:00,,
CN-370500,370500,370500000000,东营市,37,山东省,地级市,core,2019,2019,2019,2019-01-01,,official_source_snapshot,SRC-ADMIN-DIVISION-2019,"level=2, code=370500000000, parent=370000000000",2026-08-01T00:00:00+08:00,,
CN-370600,370600,370600000000,烟台市,37,山东省,地级市,core,2019,2019,2019,2019-01-01,,official_source_snapshot,SRC-ADMIN-DIVISION-2019,"level=2, code=370600000000, parent=370000000000",2026-08-01T00:00:00+08:00,,
CN-370700,370700,370700000000,潍坊市,37,山东省,地级市,core,2019,2019,2019,2019-01-01,,official_source_snapshot,SRC-ADMIN-DIVISION-2019,"level=2, code=370700000000, parent=370000000000",2026-08-01T00:00:00+08:00,,
CN-370800,370800,370800000000,济宁市,37,山东省,地级市,core,2019,2019,2019,2019-01-01,,official_source_snapshot,SRC-ADMIN-DIVISION-2019,"level=2, code=370800000000, parent=370000000000",2026-08-01T00:00:00+08:00,,
CN-370900,370900,370900000000,泰安市,37,山东省,地级市,core,2019,2019,2019,2019-01-01,,official_source_snapshot,SRC-ADMIN-DIVISION-2019,"level=2, code=370900000000, parent=370000000000",2026-08-01T00:00:00+08:00,,
CN-371000,371000,371000000000,威海市,37,山东省,地级市,core,2019,2019,2019,2019-01-01,,official_source_snapshot,SRC-ADMIN-DIVISION-2019,"level=2, code=371000000000, parent=370000000000",2026-08-01T00:00:00+08:00,,
CN-371100,371100,371100000000,日照市,37,山东省,地级市,core,2019,2019,2019,2019-01-01,,official_source_snapshot,SRC-ADMIN-DIVISION-2019,"level=2, code=371100000000, parent=370000000000",2026-08-01T00:00:00+08:00,,
CN-371200,371200,371200000000,莱芜市,37,山东省,地级市,core,2019,2019,2019,2019-01-01,,official_source_snapshot,SRC-ADMIN-DIVISION-2019,"level=2, code=371200000000, parent=370000000000",2026-08-01T00:00:00+08:00,,
CN-371300,371300,371300000000,临沂市,37,山东省,地级市,core,2019,2019,2019,2019-01-01,,official_source_snapshot,SRC-ADMIN-DIVISION-2019,"level=2, code=371300000000, parent=370000000000",2026-08-01T00:00:00+08:00,,
CN-371400,371400,371400000000,德州市,37,山东省,地级市,core,2019,2019,2019,2019-01-01,,official_source_snapshot,SRC-ADMIN-DIVISION-2019,"level=2, code=371400000000, parent=370000000000",2026-08-01T00:00:00+08:00,,
CN-371500,371500,371500000000,聊城市,37,山东省,地级市,core,2019,2019,2019,2019-01-01,,official_source_snapshot,SRC-ADMIN-DIVISION-2019,"level=2, code=371500000000, parent=370000000000",2026-08-01T00:00:00+08:00,,
CN-371600,371600,371600000000,滨州市,37,山东省,地级市,core,2019,2019,2019,2019-01-01,,official_source_snapshot,SRC-ADMIN-DIVISION-2019,"level=2, code=371600000000, parent=370000000000",2026-08-01T00:00:00+08:00,,
CN-371700,371700,371700000000,菏泽市,37,山东省,地级市,core,2019,2019,2019,2019-01-01,,official_source_snapshot,SRC-ADMIN-DIVISION-2019,"level=2, code=371700000000, parent=370000000000",2026-08-01T00:00:00+08:00,,
CN-410100,410100,410100000000,郑州市,41,河南省,地级市,core,2019,2019,2019,2019-01-01,,official_source_snapshot,SRC-ADMIN-DIVISION-2019,"level=2, code=410100000000, parent=410000000000",2026-08-01T00:00:00+08:00,,
CN-410200,410200,410200000000,开封市,41,河南省,地级市,core,2019,2019,2019,2019-01-01,,official_source_snapshot,SRC-ADMIN-DIVISION-2019,"level=2, code=410200000000, parent=410000000000",2026-08-01T00:00:00+08:00,,
CN-410300,410300,410300000000,洛阳市,41,河南省,地级市,core,2019,2019,2019,2019-01-01,,official_source_snapshot,SRC-ADMIN-DIVISION-2019,"level=2, code=410300000000, parent=410000000000",2026-08-01T00:00:00+08:00,,
CN-410400,410400,410400000000,平顶山市,41,河南省,地级市,core,2019,2019,2019,2019-01-01,,official_source_snapshot,SRC-ADMIN-DIVISION-2019,"level=2, code=410400000000, parent=410000000000",2026-08-01T00:00:00+08:00,,
CN-410500,410500,410500000000,安阳市,41,河南省,地级市,core,2019,2019,2019,2019-01-01,,official_source_snapshot,SRC-ADMIN-DIVISION-2019,"level=2, code=410500000000, parent=410000000000",2026-08-01T00:00:00+08:00,,
CN-410600,410600,410600000000,鹤壁市,41,河南省,地级市,core,2019,2019,2019,2019-01-01,,official_source_snapshot,SRC-ADMIN-DIVISION-2019,"level=2, code=410600000000, parent=410000000000",2026-08-01T00:00:00+08:00,,
CN-410700,410700,410700000000,新乡市,41,河南省,地级市,core,2019,2019,2019,2019-01-01,,official_source_snapshot,SRC-ADMIN-DIVISION-2019,"level=2, code=410700000000, parent=410000000000",2026-08-01T00:00:00+08:00,,
CN-410800,410800,410800000000,焦作市,41,河南省,地级市,core,2019,2019,2019,2019-01-01,,official_source_snapshot,SRC-ADMIN-DIVISION-2019,"level=2, code=410800000000, parent=410000000000",2026-08-01T00:00:00+08:00,,
CN-410900,410900,410900000000,濮阳市,41,河南省,地级市,core,2019,2019,2019,2019-01-01,,official_source_snapshot,SRC-ADMIN-DIVISION-2019,"level=2, code=410900000000, parent=410000000000",2026-08-01T00:00:00+08:00,,
CN-411000,411000,411000000000,许昌市,41,河南省,地级市,core,2019,2019,2019,2019-01-01,,official_source_snapshot,SRC-ADMIN-DIVISION-2019,"level=2, code=411000000000, parent=410000000000",2026-08-01T00:00:00+08:00,,
CN-411100,411100,411100000000,漯河市,41,河南省,地级市,core,2019,2019,2019,2019-01-01,,official_source_snapshot,SRC-ADMIN-DIVISION-2019,"level=2, code=411100000000, parent=410000000000",2026-08-01T00:00:00+08:00,,
CN-411200,411200,411200000000,三门峡市,41,河南省,地级市,core,2019,2019,2019,2019-01-01,,official_source_snapshot,SRC-ADMIN-DIVISION-2019,"level=2, code=411200000000, parent=410000000000",2026-08-01T00:00:00+08:00,,
CN-411300,411300,411300000000,南阳市,41,河南省,地级市,core,2019,2019,2019,2019-01-01,,official_source_snapshot,SRC-ADMIN-DIVISION-2019,"level=2, code=411300000000, parent=410000000000",2026-08-01T00:00:00+08:00,,
CN-411400,411400,411400000000,商丘市,41,河南省,地级市,core,2019,2019,2019,2019-01-01,,official_source_snapshot,SRC-ADMIN-DIVISION-2019,"level=2, code=411400000000, parent=410000000000",2026-08-01T00:00:00+08:00,,
CN-411500,411500,411500000000,信阳市,41,河南省,地级市,core,2019,2019,2019,2019-01-01,,official_source_snapshot,SRC-ADMIN-DIVISION-2019,"level=2, code=411500000000, parent=410000000000",2026-08-01T00:00:00+08:00,,
CN-411600,411600,411600000000,周口市,41,河南省,地级市,core,2019,2019,2019,2019-01-01,,official_source_snapshot,SRC-ADMIN-DIVISION-2019,"level=2, code=411600000000, parent=410000000000",2026-08-01T00:00:00+08:00,,
CN-411700,411700,411700000000,驻马店市,41,河南省,地级市,core,2019,2019,2019,2019-01-01,,official_source_snapshot,SRC-ADMIN-DIVISION-2019,"level=2, code=411700000000, parent=410000000000",2026-08-01T00:00:00+08:00,,
CN-419000,419000,419000000000,省直辖县级行政区划,41,河南省,地级市,core,2019,2019,2019,2019-01-01,,official_source_snapshot,SRC-ADMIN-DIVISION-2019,"level=2, code=419000000000, parent=410000000000",2026-08-01T00:00:00+08:00,,
CN-420100,420100,420100000000,武汉市,42,湖北省,地级市,core,2019,2019,2019,2019-01-01,,official_source_snapshot,SRC-ADMIN-DIVISION-2019,"level=2, code=420100000000, parent=420000000000",2026-08-01T00:00:00+08:00,,
CN-420200,420200,420200000000,黄石市,42,湖北省,地级市,core,2019,2019,2019,2019-01-01,,official_source_snapshot,SRC-ADMIN-DIVISION-2019,"level=2, code=420200000000, parent=420000000000",2026-08-01T00:00:00+08:00,,
CN-420300,420300,420300000000,十堰市,42,湖北省,地级市,core,2019,2019,2019,2019-01-01,,official_source_snapshot,SRC-ADMIN-DIVISION-2019,"level=2, code=420300000000, parent=420000000000",2026-08-01T00:00:00+08:00,,
CN-420500,420500,420500000000,宜昌市,42,湖北省,地级市,core,2019,2019,2019,2019-01-01,,official_source_snapshot,SRC-ADMIN-DIVISION-2019,"level=2, code=420500000000, parent=420000000000",2026-08-01T00:00:00+08:00,,
CN-420600,420600,420600000000,襄阳市,42,湖北省,地级市,core,2019,2019,2019,2019-01-01,,official_source_snapshot,SRC-ADMIN-DIVISION-2019,"level=2, code=420600000000, parent=420000000000",2026-08-01T00:00:00+08:00,,
CN-420700,420700,420700000000,鄂州市,42,湖北省,地级市,core,2019,2019,2019,2019-01-01,,official_source_snapshot,SRC-ADMIN-DIVISION-2019,"level=2, code=420700000000, parent=420000000000",2026-08-01T00:00:00+08:00,,
CN-420800,420800,420800000000,荆门市,42,湖北省,地级市,core,2019,2019,2019,2019-01-01,,official_source_snapshot,SRC-ADMIN-DIVISION-2019,"level=2, code=420800000000, parent=420000000000",2026-08-01T00:00:00+08:00,,
CN-420900,420900,420900000000,孝感市,42,湖北省,地级市,core,2019,2019,2019,2019-01-01,,official_source_snapshot,SRC-ADMIN-DIVISION-2019,"level=2, code=420900000000, parent=420000000000",2026-08-01T00:00:00+08:00,,
CN-421000,421000,421000000000,荆州市,42,湖北省,地级市,core,2019,2019,2019,2019-01-01,,official_source_snapshot,SRC-ADMIN-DIVISION-2019,"level=2, code=421000000000, parent=420000000000",2026-08-01T00:00:00+08:00,,
CN-421100,421100,421100000000,黄冈市,42,湖北省,地级市,core,2019,2019,2019,2019-01-01,,official_source_snapshot,SRC-ADMIN-DIVISION-2019,"level=2, code=421100000000, parent=420000000000",2026-08-01T00:00:00+08:00,,
CN-421200,421200,421200000000,咸宁市,42,湖北省,地级市,core,2019,2019,2019,2019-01-01,,official_source_snapshot,SRC-ADMIN-DIVISION-2019,"level=2, code=421200000000, parent=420000000000",2026-08-01T00:00:00+08:00,,
CN-421300,421300,421300000000,随州市,42,湖北省,地级市,core,2019,2019,2019,2019-01-01,,official_source_snapshot,SRC-ADMIN-DIVISION-2019,"level=2, code=421300000000, parent=420000000000",2026-08-01T00:00:00+08:00,,
CN-422800,422800,422800000000,恩施土家族苗族自治州,42,湖北省,自治州,extended,2019,2019,2019,2019-01-01,,official_source_snapshot,SRC-ADMIN-DIVISION-2019,"level=2, code=422800000000, parent=420000000000",2026-08-01T00:00:00+08:00,,
CN-429000,429000,429000000000,省直辖县级行政区划,42,湖北省,地级市,core,2019,2019,2019,2019-01-01,,official_source_snapshot,SRC-ADMIN-DIVISION-2019,"level=2, code=429000000000, parent=420000000000",2026-08-01T00:00:00+08:00,,
CN-430100,430100,430100000000,长沙市,43,湖南省,地级市,core,2019,2019,2019,2019-01-01,,official_source_snapshot,SRC-ADMIN-DIVISION-2019,"level=2, code=430100000000, parent=430000000000",2026-08-01T00:00:00+08:00,,
CN-430200,430200,430200000000,株洲市,43,湖南省,地级市,core,2019,2019,2019,2019-01-01,,official_source_snapshot,SRC-ADMIN-DIVISION-2019,"level=2, code=430200000000, parent=430000000000",2026-08-01T00:00:00+08:00,,
CN-430300,430300,430300000000,湘潭市,43,湖南省,地级市,core,2019,2019,2019,2019-01-01,,official_source_snapshot,SRC-ADMIN-DIVISION-2019,"level=2, code=430300000000, parent=430000000000",2026-08-01T00:00:00+08:00,,
CN-430400,430400,430400000000,衡阳市,43,湖南省,地级市,core,2019,2019,2019,2019-01-01,,official_source_snapshot,SRC-ADMIN-DIVISION-2019,"level=2, code=430400000000, parent=430000000000",2026-08-01T00:00:00+08:00,,
CN-430500,430500,430500000000,邵阳市,43,湖南省,地级市,core,2019,2019,2019,2019-01-01,,official_source_snapshot,SRC-ADMIN-DIVISION-2019,"level=2, code=430500000000, parent=430000000000",2026-08-01T00:00:00+08:00,,
CN-430600,430600,430600000000,岳阳市,43,湖南省,地级市,core,2019,2019,2019,2019-01-01,,official_source_snapshot,SRC-ADMIN-DIVISION-2019,"level=2, code=430600000000, parent=430000000000",2026-08-01T00:00:00+08:00,,
CN-430700,430700,430700000000,常德市,43,湖南省,地级市,core,2019,2019,2019,2019-01-01,,official_source_snapshot,SRC-ADMIN-DIVISION-2019,"level=2, code=430700000000, parent=430000000000",2026-08-01T00:00:00+08:00,,
CN-430800,430800,430800000000,张家界市,43,湖南省,地级市,core,2019,2019,2019,2019-01-01,,official_source_snapshot,SRC-ADMIN-DIVISION-2019,"level=2, code=430800000000, parent=430000000000",2026-08-01T00:00:00+08:00,,
CN-430900,430900,430900000000,益阳市,43,湖南省,地级市,core,2019,2019,2019,2019-01-01,,official_source_snapshot,SRC-ADMIN-DIVISION-2019,"level=2, code=430900000000, parent=430000000000",2026-08-01T00:00:00+08:00,,
CN-431000,431000,431000000000,郴州市,43,湖南省,地级市,core,2019,2019,2019,2019-01-01,,official_source_snapshot,SRC-ADMIN-DIVISION-2019,"level=2, code=431000000000, parent=430000000000",2026-08-01T00:00:00+08:00,,
CN-431100,431100,431100000000,永州市,43,湖南省,地级市,core,2019,2019,2019,2019-01-01,,official_source_snapshot,SRC-ADMIN-DIVISION-2019,"level=2, code=431100000000, parent=430000000000",2026-08-01T00:00:00+08:00,,
CN-431200,431200,431200000000,怀化市,43,湖南省,地级市,core,2019,2019,2019,2019-01-01,,official_source_snapshot,SRC-ADMIN-DIVISION-2019,"level=2, code=431200000000, parent=430000000000",2026-08-01T00:00:00+08:00,,
CN-431300,431300,431300000000,娄底市,43,湖南省,地级市,core,2019,2019,2019,2019-01-01,,official_source_snapshot,SRC-ADMIN-DIVISION-2019,"level=2, code=431300000000, parent=430000000000",2026-08-01T00:00:00+08:00,,
CN-433100,433100,433100000000,湘西土家族苗族自治州,43,湖南省,自治州,extended,2019,2019,2019,2019-01-01,,official_source_snapshot,SRC-ADMIN-DIVISION-2019,"level=2, code=433100000000, parent=430000000000",2026-08-01T00:00:00+08:00,,
CN-440100,440100,440100000000,广州市,44,广东省,地级市,core,2019,2019,2019,2019-01-01,,official_source_snapshot,SRC-ADMIN-DIVISION-2019,"level=2, code=440100000000, parent=440000000000",2026-08-01T00:00:00+08:00,,
CN-440200,440200,440200000000,韶关市,44,广东省,地级市,core,2019,2019,2019,2019-01-01,,official_source_snapshot,SRC-ADMIN-DIVISION-2019,"level=2, code=440200000000, parent=440000000000",2026-08-01T00:00:00+08:00,,
CN-440300,440300,440300000000,深圳市,44,广东省,地级市,core,2019,2019,2019,2019-01-01,,official_source_snapshot,SRC-ADMIN-DIVISION-2019,"level=2, code=440300000000, parent=440000000000",2026-08-01T00:00:00+08:00,,
CN-440400,440400,440400000000,珠海市,44,广东省,地级市,core,2019,2019,2019,2019-01-01,,official_source_snapshot,SRC-ADMIN-DIVISION-2019,"level=2, code=440400000000, parent=440000000000",2026-08-01T00:00:00+08:00,,
CN-440500,440500,440500000000,汕头市,44,广东省,地级市,core,2019,2019,2019,2019-01-01,,official_source_snapshot,SRC-ADMIN-DIVISION-2019,"level=2, code=440500000000, parent=440000000000",2026-08-01T00:00:00+08:00,,
CN-440600,440600,440600000000,佛山市,44,广东省,地级市,core,2019,2019,2019,2019-01-01,,official_source_snapshot,SRC-ADMIN-DIVISION-2019,"level=2, code=440600000000, parent=440000000000",2026-08-01T00:00:00+08:00,,
CN-440700,440700,440700000000,江门市,44,广东省,地级市,core,2019,2019,2019,2019-01-01,,official_source_snapshot,SRC-ADMIN-DIVISION-2019,"level=2, code=440700000000, parent=440000000000",2026-08-01T00:00:00+08:00,,
CN-440800,440800,440800000000,湛江市,44,广东省,地级市,core,2019,2019,2019,2019-01-01,,official_source_snapshot,SRC-ADMIN-DIVISION-2019,"level=2, code=440800000000, parent=440000000000",2026-08-01T00:00:00+08:00,,
CN-440900,440900,440900000000,茂名市,44,广东省,地级市,core,2019,2019,2019,2019-01-01,,official_source_snapshot,SRC-ADMIN-DIVISION-2019,"level=2, code=440900000000, parent=440000000000",2026-08-01T00:00:00+08:00,,
CN-441200,441200,441200000000,肇庆市,44,广东省,地级市,core,2019,2019,2019,2019-01-01,,official_source_snapshot,SRC-ADMIN-DIVISION-2019,"level=2, code=441200000000, parent=440000000000",2026-08-01T00:00:00+08:00,,
CN-441300,441300,441300000000,惠州市,44,广东省,地级市,core,2019,2019,2019,2019-01-01,,official_source_snapshot,SRC-ADMIN-DIVISION-2019,"level=2, code=441300000000, parent=440000000000",2026-08-01T00:00:00+08:00,,
CN-441400,441400,441400000000,梅州市,44,广东省,地级市,core,2019,2019,2019,2019-01-01,,official_source_snapshot,SRC-ADMIN-DIVISION-2019,"level=2, code=441400000000, parent=440000000000",2026-08-01T00:00:00+08:00,,
CN-441500,441500,441500000000,汕尾市,44,广东省,地级市,core,2019,2019,2019,2019-01-01,,official_source_snapshot,SRC-ADMIN-DIVISION-2019,"level=2, code=441500000000, parent=440000000000",2026-08-01T00:00:00+08:00,,
CN-441600,441600,441600000000,河源市,44,广东省,地级市,core,2019,2019,2019,2019-01-01,,official_source_snapshot,SRC-ADMIN-DIVISION-2019,"level=2, code=441600000000, parent=440000000000",2026-08-01T00:00:00+08:00,,
CN-441700,441700,441700000000,阳江市,44,广东省,地级市,core,2019,2019,2019,2019-01-01,,official_source_snapshot,SRC-ADMIN-DIVISION-2019,"level=2, code=441700000000, parent=440000000000",2026-08-01T00:00:00+08:00,,
CN-441800,441800,441800000000,清远市,44,广东省,地级市,core,2019,2019,2019,2019-01-01,,official_source_snapshot,SRC-ADMIN-DIVISION-2019,"level=2, code=441800000000, parent=440000000000",2026-08-01T00:00:00+08:00,,
CN-441900,441900,441900000000,东莞市,44,广东省,地级市,core,2019,2019,2019,2019-01-01,,official_source_snapshot,SRC-ADMIN-DIVISION-2019,"level=2, code=441900000000, parent=440000000000",2026-08-01T00:00:00+08:00,,
CN-442000,442000,442000000000,中山市,44,广东省,地级市,core,2019,2019,2019,2019-01-01,,official_source_snapshot,SRC-ADMIN-DIVISION-2019,"level=2, code=442000000000, parent=440000000000",2026-08-01T00:00:00+08:00,,
CN-445100,445100,445100000000,潮州市,44,广东省,地级市,core,2019,2019,2019,2019-01-01,,official_source_snapshot,SRC-ADMIN-DIVISION-2019,"level=2, code=445100000000, parent=440000000000",2026-08-01T00:00:00+08:00,,
CN-445200,445200,445200000000,揭阳市,44,广东省,地级市,core,2019,2019,2019,2019-01-01,,official_source_snapshot,SRC-ADMIN-DIVISION-2019,"level=2, code=445200000000, parent=440000000000",2026-08-01T00:00:00+08:00,,
CN-445300,445300,445300000000,云浮市,44,广东省,地级市,core,2019,2019,2019,2019-01-01,,official_source_snapshot,SRC-ADMIN-DIVISION-2019,"level=2, code=445300000000, parent=440000000000",2026-08-01T00:00:00+08:00,,
CN-450100,450100,450100000000,南宁市,45,广西壮族自治区,地级市,core,2019,2019,2019,2019-01-01,,official_source_snapshot,SRC-ADMIN-DIVISION-2019,"level=2, code=450100000000, parent=450000000000",2026-08-01T00:00:00+08:00,,
CN-450200,450200,450200000000,柳州市,45,广西壮族自治区,地级市,core,2019,2019,2019,2019-01-01,,official_source_snapshot,SRC-ADMIN-DIVISION-2019,"level=2, code=450200000000, parent=450000000000",2026-08-01T00:00:00+08:00,,
CN-450300,450300,450300000000,桂林市,45,广西壮族自治区,地级市,core,2019,2019,2019,2019-01-01,,official_source_snapshot,SRC-ADMIN-DIVISION-2019,"level=2, code=450300000000, parent=450000000000",2026-08-01T00:00:00+08:00,,
CN-450400,450400,450400000000,梧州市,45,广西壮族自治区,地级市,core,2019,2019,2019,2019-01-01,,official_source_snapshot,SRC-ADMIN-DIVISION-2019,"level=2, code=450400000000, parent=450000000000",2026-08-01T00:00:00+08:00,,
CN-450500,450500,450500000000,北海市,45,广西壮族自治区,地级市,core,2019,2019,2019,2019-01-01,,official_source_snapshot,SRC-ADMIN-DIVISION-2019,"level=2, code=450500000000, parent=450000000000",2026-08-01T00:00:00+08:00,,
CN-450600,450600,450600000000,防城港市,45,广西壮族自治区,地级市,core,2019,2019,2019,2019-01-01,,official_source_snapshot,SRC-ADMIN-DIVISION-2019,"level=2, code=450600000000, parent=450000000000",2026-08-01T00:00:00+08:00,,
CN-450700,450700,450700000000,钦州市,45,广西壮族自治区,地级市,core,2019,2019,2019,2019-01-01,,official_source_snapshot,SRC-ADMIN-DIVISION-2019,"level=2, code=450700000000, parent=450000000000",2026-08-01T00:00:00+08:00,,
CN-450800,450800,450800000000,贵港市,45,广西壮族自治区,地级市,core,2019,2019,2019,2019-01-01,,official_source_snapshot,SRC-ADMIN-DIVISION-2019,"level=2, code=450800000000, parent=450000000000",2026-08-01T00:00:00+08:00,,
CN-450900,450900,450900000000,玉林市,45,广西壮族自治区,地级市,core,2019,2019,2019,2019-01-01,,official_source_snapshot,SRC-ADMIN-DIVISION-2019,"level=2, code=450900000000, parent=450000000000",2026-08-01T00:00:00+08:00,,
CN-451000,451000,451000000000,百色市,45,广西壮族自治区,地级市,core,2019,2019,2019,2019-01-01,,official_source_snapshot,SRC-ADMIN-DIVISION-2019,"level=2, code=451000000000, parent=450000000000",2026-08-01T00:00:00+08:00,,
CN-451100,451100,451100000000,贺州市,45,广西壮族自治区,地级市,core,2019,2019,2019,2019-01-01,,official_source_snapshot,SRC-ADMIN-DIVISION-2019,"level=2, code=451100000000, parent=450000000000",2026-08-01T00:00:00+08:00,,
CN-451200,451200,451200000000,河池市,45,广西壮族自治区,地级市,core,2019,2019,2019,2019-01-01,,official_source_snapshot,SRC-ADMIN-DIVISION-2019,"level=2, code=451200000000, parent=450000000000",2026-08-01T00:00:00+08:00,,
CN-451300,451300,451300000000,来宾市,45,广西壮族自治区,地级市,core,2019,2019,2019,2019-01-01,,official_source_snapshot,SRC-ADMIN-DIVISION-2019,"level=2, code=451300000000, parent=450000000000",2026-08-01T00:00:00+08:00,,
CN-451400,451400,451400000000,崇左市,45,广西壮族自治区,地级市,core,2019,2019,2019,2019-01-01,,official_source_snapshot,SRC-ADMIN-DIVISION-2019,"level=2, code=451400000000, parent=450000000000",2026-08-01T00:00:00+08:00,,
CN-460100,460100,460100000000,海口市,46,海南省,地级市,core,2019,2019,2019,2019-01-01,,official_source_snapshot,SRC-ADMIN-DIVISION-2019,"level=2, code=460100000000, parent=460000000000",2026-08-01T00:00:00+08:00,,
CN-460200,460200,460200000000,三亚市,46,海南省,地级市,core,2019,2019,2019,2019-01-01,,official_source_snapshot,SRC-ADMIN-DIVISION-2019,"level=2, code=460200000000, parent=460000000000",2026-08-01T00:00:00+08:00,,
CN-460300,460300,460300000000,三沙市,46,海南省,地级市,core,2019,2019,2019,2019-01-01,,official_source_snapshot,SRC-ADMIN-DIVISION-2019,"level=2, code=460300000000, parent=460000000000",2026-08-01T00:00:00+08:00,,
CN-460400,460400,460400000000,儋州市,46,海南省,地级市,core,2019,2019,2019,2019-01-01,,official_source_snapshot,SRC-ADMIN-DIVISION-2019,"level=2, code=460400000000, parent=460000000000",2026-08-01T00:00:00+08:00,,
CN-469000,469000,469000000000,省直辖县级行政区划,46,海南省,地级市,core,2019,2019,2019,2019-01-01,,official_source_snapshot,SRC-ADMIN-DIVISION-2019,"level=2, code=469000000000, parent=460000000000",2026-08-01T00:00:00+08:00,,
CN-500000,500000,500000000000,重庆市,50,重庆市,直辖市,separate,2019,2019,2019,2019-01-01,,official_source_snapshot,SRC-ADMIN-DIVISION-2019,"level=2, code=500100000000, parent=500000000000",2026-08-01T00:00:00+08:00,,
CN-510100,510100,510100000000,成都市,51,四川省,地级市,core,2019,2019,2019,2019-01-01,,official_source_snapshot,SRC-ADMIN-DIVISION-2019,"level=2, code=510100000000, parent=510000000000",2026-08-01T00:00:00+08:00,,
CN-510300,510300,510300000000,自贡市,51,四川省,地级市,core,2019,2019,2019,2019-01-01,,official_source_snapshot,SRC-ADMIN-DIVISION-2019,"level=2, code=510300000000, parent=510000000000",2026-08-01T00:00:00+08:00,,
CN-510400,510400,510400000000,攀枝花市,51,四川省,地级市,core,2019,2019,2019,2019-01-01,,official_source_snapshot,SRC-ADMIN-DIVISION-2019,"level=2, code=510400000000, parent=510000000000",2026-08-01T00:00:00+08:00,,
CN-510500,510500,510500000000,泸州市,51,四川省,地级市,core,2019,2019,2019,2019-01-01,,official_source_snapshot,SRC-ADMIN-DIVISION-2019,"level=2, code=510500000000, parent=510000000000",2026-08-01T00:00:00+08:00,,
CN-510600,510600,510600000000,德阳市,51,四川省,地级市,core,2019,2019,2019,2019-01-01,,official_source_snapshot,SRC-ADMIN-DIVISION-2019,"level=2, code=510600000000, parent=510000000000",2026-08-01T00:00:00+08:00,,
CN-510700,510700,510700000000,绵阳市,51,四川省,地级市,core,2019,2019,2019,2019-01-01,,official_source_snapshot,SRC-ADMIN-DIVISION-2019,"level=2, code=510700000000, parent=510000000000",2026-08-01T00:00:00+08:00,,
CN-510800,510800,510800000000,广元市,51,四川省,地级市,core,2019,2019,2019,2019-01-01,,official_source_snapshot,SRC-ADMIN-DIVISION-2019,"level=2, code=510800000000, parent=510000000000",2026-08-01T00:00:00+08:00,,
CN-510900,510900,510900000000,遂宁市,51,四川省,地级市,core,2019,2019,2019,2019-01-01,,official_source_snapshot,SRC-ADMIN-DIVISION-2019,"level=2, code=510900000000, parent=510000000000",2026-08-01T00:00:00+08:00,,
CN-511000,511000,511000000000,内江市,51,四川省,地级市,core,2019,2019,2019,2019-01-01,,official_source_snapshot,SRC-ADMIN-DIVISION-2019,"level=2, code=511000000000, parent=510000000000",2026-08-01T00:00:00+08:00,,
CN-511100,511100,511100000000,乐山市,51,四川省,地级市,core,2019,2019,2019,2019-01-01,,official_source_snapshot,SRC-ADMIN-DIVISION-2019,"level=2, code=511100000000, parent=510000000000",2026-08-01T00:00:00+08:00,,
CN-511300,511300,511300000000,南充市,51,四川省,地级市,core,2019,2019,2019,2019-01-01,,official_source_snapshot,SRC-ADMIN-DIVISION-2019,"level=2, code=511300000000, parent=510000000000",2026-08-01T00:00:00+08:00,,
CN-511400,511400,511400000000,眉山市,51,四川省,地级市,core,2019,2019,2019,2019-01-01,,official_source_snapshot,SRC-ADMIN-DIVISION-2019,"level=2, code=511400000000, parent=510000000000",2026-08-01T00:00:00+08:00,,
CN-511500,511500,511500000000,宜宾市,51,四川省,地级市,core,2019,2019,2019,2019-01-01,,official_source_snapshot,SRC-ADMIN-DIVISION-2019,"level=2, code=511500000000, parent=510000000000",2026-08-01T00:00:00+08:00,,
CN-511600,511600,511600000000,广安市,51,四川省,地级市,core,2019,2019,2019,2019-01-01,,official_source_snapshot,SRC-ADMIN-DIVISION-2019,"level=2, code=511600000000, parent=510000000000",2026-08-01T00:00:00+08:00,,
CN-511700,511700,511700000000,达州市,51,四川省,地级市,core,2019,2019,2019,2019-01-01,,official_source_snapshot,SRC-ADMIN-DIVISION-2019,"level=2, code=511700000000, parent=510000000000",2026-08-01T00:00:00+08:00,,
CN-511800,511800,511800000000,雅安市,51,四川省,地级市,core,2019,2019,2019,2019-01-01,,official_source_snapshot,SRC-ADMIN-DIVISION-2019,"level=2, code=511800000000, parent=510000000000",2026-08-01T00:00:00+08:00,,
CN-511900,511900,511900000000,巴中市,51,四川省,地级市,core,2019,2019,2019,2019-01-01,,official_source_snapshot,SRC-ADMIN-DIVISION-2019,"level=2, code=511900000000, parent=510000000000",2026-08-01T00:00:00+08:00,,
CN-512000,512000,512000000000,资阳市,51,四川省,地级市,core,2019,2019,2019,2019-01-01,,official_source_snapshot,SRC-ADMIN-DIVISION-2019,"level=2, code=512000000000, parent=510000000000",2026-08-01T00:00:00+08:00,,
CN-513200,513200,513200000000,阿坝藏族羌族自治州,51,四川省,自治州,extended,2019,2019,2019,2019-01-01,,official_source_snapshot,SRC-ADMIN-DIVISION-2019,"level=2, code=513200000000, parent=510000000000",2026-08-01T00:00:00+08:00,,
CN-513300,513300,513300000000,甘孜藏族自治州,51,四川省,自治州,extended,2019,2019,2019,2019-01-01,,official_source_snapshot,SRC-ADMIN-DIVISION-2019,"level=2, code=513300000000, parent=510000000000",2026-08-01T00:00:00+08:00,,
CN-513400,513400,513400000000,凉山彝族自治州,51,四川省,自治州,extended,2019,2019,2019,2019-01-01,,official_source_snapshot,SRC-ADMIN-DIVISION-2019,"level=2, code=513400000000, parent=510000000000",2026-08-01T00:00:00+08:00,,
CN-520100,520100,520100000000,贵阳市,52,贵州省,地级市,core,2019,2019,2019,2019-01-01,,official_source_snapshot,SRC-ADMIN-DIVISION-2019,"level=2, code=520100000000, parent=520000000000",2026-08-01T00:00:00+08:00,,
CN-520200,520200,520200000000,六盘水市,52,贵州省,地级市,core,2019,2019,2019,2019-01-01,,official_source_snapshot,SRC-ADMIN-DIVISION-2019,"level=2, code=520200000000, parent=520000000000",2026-08-01T00:00:00+08:00,,
CN-520300,520300,520300000000,遵义市,52,贵州省,地级市,core,2019,2019,2019,2019-01-01,,official_source_snapshot,SRC-ADMIN-DIVISION-2019,"level=2, code=520300000000, parent=520000000000",2026-08-01T00:00:00+08:00,,
CN-520400,520400,520400000000,安顺市,52,贵州省,地级市,core,2019,2019,2019,2019-01-01,,official_source_snapshot,SRC-ADMIN-DIVISION-2019,"level=2, code=520400000000, parent=520000000000",2026-08-01T00:00:00+08:00,,
CN-520500,520500,520500000000,毕节市,52,贵州省,地级市,core,2019,2019,2019,2019-01-01,,official_source_snapshot,SRC-ADMIN-DIVISION-2019,"level=2, code=520500000000, parent=520000000000",2026-08-01T00:00:00+08:00,,
CN-520600,520600,520600000000,铜仁市,52,贵州省,地级市,core,2019,2019,2019,2019-01-01,,official_source_snapshot,SRC-ADMIN-DIVISION-2019,"level=2, code=520600000000, parent=520000000000",2026-08-01T00:00:00+08:00,,
CN-522300,522300,522300000000,黔西南布依族苗族自治州,52,贵州省,自治州,extended,2019,2019,2019,2019-01-01,,official_source_snapshot,SRC-ADMIN-DIVISION-2019,"level=2, code=522300000000, parent=520000000000",2026-08-01T00:00:00+08:00,,
CN-522600,522600,522600000000,黔东南苗族侗族自治州,52,贵州省,自治州,extended,2019,2019,2019,2019-01-01,,official_source_snapshot,SRC-ADMIN-DIVISION-2019,"level=2, code=522600000000, parent=520000000000",2026-08-01T00:00:00+08:00,,
CN-522700,522700,522700000000,黔南布依族苗族自治州,52,贵州省,自治州,extended,2019,2019,2019,2019-01-01,,official_source_snapshot,SRC-ADMIN-DIVISION-2019,"level=2, code=522700000000, parent=520000000000",2026-08-01T00:00:00+08:00,,
CN-530100,530100,530100000000,昆明市,53,云南省,地级市,core,2019,2019,2019,2019-01-01,,official_source_snapshot,SRC-ADMIN-DIVISION-2019,"level=2, code=530100000000, parent=530000000000",2026-08-01T00:00:00+08:00,,
CN-530300,530300,530300000000,曲靖市,53,云南省,地级市,core,2019,2019,2019,2019-01-01,,official_source_snapshot,SRC-ADMIN-DIVISION-2019,"level=2, code=530300000000, parent=530000000000",2026-08-01T00:00:00+08:00,,
CN-530400,530400,530400000000,玉溪市,53,云南省,地级市,core,2019,2019,2019,2019-01-01,,official_source_snapshot,SRC-ADMIN-DIVISION-2019,"level=2, code=530400000000, parent=530000000000",2026-08-01T00:00:00+08:00,,
CN-530500,530500,530500000000,保山市,53,云南省,地级市,core,2019,2019,2019,2019-01-01,,official_source_snapshot,SRC-ADMIN-DIVISION-2019,"level=2, code=530500000000, parent=530000000000",2026-08-01T00:00:00+08:00,,
CN-530600,530600,530600000000,昭通市,53,云南省,地级市,core,2019,2019,2019,2019-01-01,,official_source_snapshot,SRC-ADMIN-DIVISION-2019,"level=2, code=530600000000, parent=530000000000",2026-08-01T00:00:00+08:00,,
CN-530700,530700,530700000000,丽江市,53,云南省,地级市,core,2019,2019,2019,2019-01-01,,official_source_snapshot,SRC-ADMIN-DIVISION-2019,"level=2, code=530700000000, parent=530000000000",2026-08-01T00:00:00+08:00,,
CN-530800,530800,530800000000,普洱市,53,云南省,地级市,core,2019,2019,2019,2019-01-01,,official_source_snapshot,SRC-ADMIN-DIVISION-2019,"level=2, code=530800000000, parent=530000000000",2026-08-01T00:00:00+08:00,,
CN-530900,530900,530900000000,临沧市,53,云南省,地级市,core,2019,2019,2019,2019-01-01,,official_source_snapshot,SRC-ADMIN-DIVISION-2019,"level=2, code=530900000000, parent=530000000000",2026-08-01T00:00:00+08:00,,
CN-532300,532300,532300000000,楚雄彝族自治州,53,云南省,自治州,extended,2019,2019,2019,2019-01-01,,official_source_snapshot,SRC-ADMIN-DIVISION-2019,"level=2, code=532300000000, parent=530000000000",2026-08-01T00:00:00+08:00,,
CN-532500,532500,532500000000,红河哈尼族彝族自治州,53,云南省,自治州,extended,2019,2019,2019,2019-01-01,,official_source_snapshot,SRC-ADMIN-DIVISION-2019,"level=2, code=532500000000, parent=530000000000",2026-08-01T00:00:00+08:00,,
CN-532600,532600,532600000000,文山壮族苗族自治州,53,云南省,自治州,extended,2019,2019,2019,2019-01-01,,official_source_snapshot,SRC-ADMIN-DIVISION-2019,"level=2, code=532600000000, parent=530000000000",2026-08-01T00:00:00+08:00,,
CN-532800,532800,532800000000,西双版纳傣族自治州,53,云南省,自治州,extended,2019,2019,2019,2019-01-01,,official_source_snapshot,SRC-ADMIN-DIVISION-2019,"level=2, code=532800000000, parent=530000000000",2026-08-01T00:00:00+08:00,,
CN-532900,532900,532900000000,大理白族自治州,53,云南省,自治州,extended,2019,2019,2019,2019-01-01,,official_source_snapshot,SRC-ADMIN-DIVISION-2019,"level=2, code=532900000000, parent=530000000000",2026-08-01T00:00:00+08:00,,
CN-533100,533100,533100000000,德宏傣族景颇族自治州,53,云南省,自治州,extended,2019,2019,2019,2019-01-01,,official_source_snapshot,SRC-ADMIN-DIVISION-2019,"level=2, code=533100000000, parent=530000000000",2026-08-01T00:00:00+08:00,,
CN-533300,533300,533300000000,怒江傈僳族自治州,53,云南省,自治州,extended,2019,2019,2019,2019-01-01,,official_source_snapshot,SRC-ADMIN-DIVISION-2019,"level=2, code=533300000000, parent=530000000000",2026-08-01T00:00:00+08:00,,
CN-533400,533400,533400000000,迪庆藏族自治州,53,云南省,自治州,extended,2019,2019,2019,2019-01-01,,official_source_snapshot,SRC-ADMIN-DIVISION-2019,"level=2, code=533400000000, parent=530000000000",2026-08-01T00:00:00+08:00,,
CN-540100,540100,540100000000,拉萨市,54,西藏自治区,地级市,core,2019,2019,2019,2019-01-01,,official_source_snapshot,SRC-ADMIN-DIVISION-2019,"level=2, code=540100000000, parent=540000000000",2026-08-01T00:00:00+08:00,,
CN-540200,540200,540200000000,日喀则市,54,西藏自治区,地级市,core,2019,2019,2019,2019-01-01,,official_source_snapshot,SRC-ADMIN-DIVISION-2019,"level=2, code=540200000000, parent=540000000000",2026-08-01T00:00:00+08:00,,
CN-540300,540300,540300000000,昌都市,54,西藏自治区,地级市,core,2019,2019,2019,2019-01-01,,official_source_snapshot,SRC-ADMIN-DIVISION-2019,"level=2, code=540300000000, parent=540000000000",2026-08-01T00:00:00+08:00,,
CN-540400,540400,540400000000,林芝市,54,西藏自治区,地级市,core,2019,2019,2019,2019-01-01,,official_source_snapshot,SRC-ADMIN-DIVISION-2019,"level=2, code=540400000000, parent=540000000000",2026-08-01T00:00:00+08:00,,
CN-540500,540500,540500000000,山南市,54,西藏自治区,地级市,core,2019,2019,2019,2019-01-01,,official_source_snapshot,SRC-ADMIN-DIVISION-2019,"level=2, code=540500000000, parent=540000000000",2026-08-01T00:00:00+08:00,,
CN-540600,540600,540600000000,那曲市,54,西藏自治区,地级市,core,2019,2019,2019,2019-01-01,,official_source_snapshot,SRC-ADMIN-DIVISION-2019,"level=2, code=540600000000, parent=540000000000",2026-08-01T00:00:00+08:00,,
CN-542500,542500,542500000000,阿里地区,54,西藏自治区,地区,extended,2019,2019,2019,2019-01-01,,official_source_snapshot,SRC-ADMIN-DIVISION-2019,"level=2, code=542500000000, parent=540000000000",2026-08-01T00:00:00+08:00,,
CN-610100,610100,610100000000,西安市,61,陕西省,地级市,core,2019,2019,2019,2019-01-01,,official_source_snapshot,SRC-ADMIN-DIVISION-2019,"level=2, code=610100000000, parent=610000000000",2026-08-01T00:00:00+08:00,,
CN-610200,610200,610200000000,铜川市,61,陕西省,地级市,core,2019,2019,2019,2019-01-01,,official_source_snapshot,SRC-ADMIN-DIVISION-2019,"level=2, code=610200000000, parent=610000000000",2026-08-01T00:00:00+08:00,,
CN-610300,610300,610300000000,宝鸡市,61,陕西省,地级市,core,2019,2019,2019,2019-01-01,,official_source_snapshot,SRC-ADMIN-DIVISION-2019,"level=2, code=610300000000, parent=610000000000",2026-08-01T00:00:00+08:00,,
CN-610400,610400,610400000000,咸阳市,61,陕西省,地级市,core,2019,2019,2019,2019-01-01,,official_source_snapshot,SRC-ADMIN-DIVISION-2019,"level=2, code=610400000000, parent=610000000000",2026-08-01T00:00:00+08:00,,
CN-610500,610500,610500000000,渭南市,61,陕西省,地级市,core,2019,2019,2019,2019-01-01,,official_source_snapshot,SRC-ADMIN-DIVISION-2019,"level=2, code=610500000000, parent=610000000000",2026-08-01T00:00:00+08:00,,
CN-610600,610600,610600000000,延安市,61,陕西省,地级市,core,2019,2019,2019,2019-01-01,,official_source_snapshot,SRC-ADMIN-DIVISION-2019,"level=2, code=610600000000, parent=610000000000",2026-08-01T00:00:00+08:00,,
CN-610700,610700,610700000000,汉中市,61,陕西省,地级市,core,2019,2019,2019,2019-01-01,,official_source_snapshot,SRC-ADMIN-DIVISION-2019,"level=2, code=610700000000, parent=610000000000",2026-08-01T00:00:00+08:00,,
CN-610800,610800,610800000000,榆林市,61,陕西省,地级市,core,2019,2019,2019,2019-01-01,,official_source_snapshot,SRC-ADMIN-DIVISION-2019,"level=2, code=610800000000, parent=610000000000",2026-08-01T00:00:00+08:00,,
CN-610900,610900,610900000000,安康市,61,陕西省,地级市,core,2019,2019,2019,2019-01-01,,official_source_snapshot,SRC-ADMIN-DIVISION-2019,"level=2, code=610900000000, parent=610000000000",2026-08-01T00:00:00+08:00,,
CN-611000,611000,611000000000,商洛市,61,陕西省,地级市,core,2019,2019,2019,2019-01-01,,official_source_snapshot,SRC-ADMIN-DIVISION-2019,"level=2, code=611000000000, parent=610000000000",2026-08-01T00:00:00+08:00,,
CN-620100,620100,620100000000,兰州市,62,甘肃省,地级市,core,2019,2019,2019,2019-01-01,,official_source_snapshot,SRC-ADMIN-DIVISION-2019,"level=2, code=620100000000, parent=620000000000",2026-08-01T00:00:00+08:00,,
CN-620200,620200,620200000000,嘉峪关市,62,甘肃省,地级市,core,2019,2019,2019,2019-01-01,,official_source_snapshot,SRC-ADMIN-DIVISION-2019,"level=2, code=620200000000, parent=620000000000",2026-08-01T00:00:00+08:00,,
CN-620300,620300,620300000000,金昌市,62,甘肃省,地级市,core,2019,2019,2019,2019-01-01,,official_source_snapshot,SRC-ADMIN-DIVISION-2019,"level=2, code=620300000000, parent=620000000000",2026-08-01T00:00:00+08:00,,
CN-620400,620400,620400000000,白银市,62,甘肃省,地级市,core,2019,2019,2019,2019-01-01,,official_source_snapshot,SRC-ADMIN-DIVISION-2019,"level=2, code=620400000000, parent=620000000000",2026-08-01T00:00:00+08:00,,
CN-620500,620500,620500000000,天水市,62,甘肃省,地级市,core,2019,2019,2019,2019-01-01,,official_source_snapshot,SRC-ADMIN-DIVISION-2019,"level=2, code=620500000000, parent=620000000000",2026-08-01T00:00:00+08:00,,
CN-620600,620600,620600000000,武威市,62,甘肃省,地级市,core,2019,2019,2019,2019-01-01,,official_source_snapshot,SRC-ADMIN-DIVISION-2019,"level=2, code=620600000000, parent=620000000000",2026-08-01T00:00:00+08:00,,
CN-620700,620700,620700000000,张掖市,62,甘肃省,地级市,core,2019,2019,2019,2019-01-01,,official_source_snapshot,SRC-ADMIN-DIVISION-2019,"level=2, code=620700000000, parent=620000000000",2026-08-01T00:00:00+08:00,,
CN-620800,620800,620800000000,平凉市,62,甘肃省,地级市,core,2019,2019,2019,2019-01-01,,official_source_snapshot,SRC-ADMIN-DIVISION-2019,"level=2, code=620800000000, parent=620000000000",2026-08-01T00:00:00+08:00,,
CN-620900,620900,620900000000,酒泉市,62,甘肃省,地级市,core,2019,2019,2019,2019-01-01,,official_source_snapshot,SRC-ADMIN-DIVISION-2019,"level=2, code=620900000000, parent=620000000000",2026-08-01T00:00:00+08:00,,
CN-621000,621000,621000000000,庆阳市,62,甘肃省,地级市,core,2019,2019,2019,2019-01-01,,official_source_snapshot,SRC-ADMIN-DIVISION-2019,"level=2, code=621000000000, parent=620000000000",2026-08-01T00:00:00+08:00,,
CN-621100,621100,621100000000,定西市,62,甘肃省,地级市,core,2019,2019,2019,2019-01-01,,official_source_snapshot,SRC-ADMIN-DIVISION-2019,"level=2, code=621100000000, parent=620000000000",2026-08-01T00:00:00+08:00,,
CN-621200,621200,621200000000,陇南市,62,甘肃省,地级市,core,2019,2019,2019,2019-01-01,,official_source_snapshot,SRC-ADMIN-DIVISION-2019,"level=2, code=621200000000, parent=620000000000",2026-08-01T00:00:00+08:00,,
CN-622900,622900,622900000000,临夏回族自治州,62,甘肃省,自治州,extended,2019,2019,2019,2019-01-01,,official_source_snapshot,SRC-ADMIN-DIVISION-2019,"level=2, code=622900000000, parent=620000000000",2026-08-01T00:00:00+08:00,,
CN-623000,623000,623000000000,甘南藏族自治州,62,甘肃省,自治州,extended,2019,2019,2019,2019-01-01,,official_source_snapshot,SRC-ADMIN-DIVISION-2019,"level=2, code=623000000000, parent=620000000000",2026-08-01T00:00:00+08:00,,
CN-630100,630100,630100000000,西宁市,63,青海省,地级市,core,2019,2019,2019,2019-01-01,,official_source_snapshot,SRC-ADMIN-DIVISION-2019,"level=2, code=630100000000, parent=630000000000",2026-08-01T00:00:00+08:00,,
CN-630200,630200,630200000000,海东市,63,青海省,地级市,core,2019,2019,2019,2019-01-01,,official_source_snapshot,SRC-ADMIN-DIVISION-2019,"level=2, code=630200000000, parent=630000000000",2026-08-01T00:00:00+08:00,,
CN-632200,632200,632200000000,海北藏族自治州,63,青海省,自治州,extended,2019,2019,2019,2019-01-01,,official_source_snapshot,SRC-ADMIN-DIVISION-2019,"level=2, code=632200000000, parent=630000000000",2026-08-01T00:00:00+08:00,,
CN-632300,632300,632300000000,黄南藏族自治州,63,青海省,自治州,extended,2019,2019,2019,2019-01-01,,official_source_snapshot,SRC-ADMIN-DIVISION-2019,"level=2, code=632300000000, parent=630000000000",2026-08-01T00:00:00+08:00,,
CN-632500,632500,632500000000,海南藏族自治州,63,青海省,自治州,extended,2019,2019,2019,2019-01-01,,official_source_snapshot,SRC-ADMIN-DIVISION-2019,"level=2, code=632500000000, parent=630000000000",2026-08-01T00:00:00+08:00,,
CN-632600,632600,632600000000,果洛藏族自治州,63,青海省,自治州,extended,2019,2019,2019,2019-01-01,,official_source_snapshot,SRC-ADMIN-DIVISION-2019,"level=2, code=632600000000, parent=630000000000",2026-08-01T00:00:00+08:00,,
CN-632700,632700,632700000000,玉树藏族自治州,63,青海省,自治州,extended,2019,2019,2019,2019-01-01,,official_source_snapshot,SRC-ADMIN-DIVISION-2019,"level=2, code=632700000000, parent=630000000000",2026-08-01T00:00:00+08:00,,
CN-632800,632800,632800000000,海西蒙古族藏族自治州,63,青海省,自治州,extended,2019,2019,2019,2019-01-01,,official_source_snapshot,SRC-ADMIN-DIVISION-2019,"level=2, code=632800000000, parent=630000000000",2026-08-01T00:00:00+08:00,,
CN-640100,640100,640100000000,银川市,64,宁夏回族自治区,地级市,core,2019,2019,2019,2019-01-01,,official_source_snapshot,SRC-ADMIN-DIVISION-2019,"level=2, code=640100000000, parent=640000000000",2026-08-01T00:00:00+08:00,,
CN-640200,640200,640200000000,石嘴山市,64,宁夏回族自治区,地级市,core,2019,2019,2019,2019-01-01,,official_source_snapshot,SRC-ADMIN-DIVISION-2019,"level=2, code=640200000000, parent=640000000000",2026-08-01T00:00:00+08:00,,
CN-640300,640300,640300000000,吴忠市,64,宁夏回族自治区,地级市,core,2019,2019,2019,2019-01-01,,official_source_snapshot,SRC-ADMIN-DIVISION-2019,"level=2, code=640300000000, parent=640000000000",2026-08-01T00:00:00+08:00,,
CN-640400,640400,640400000000,固原市,64,宁夏回族自治区,地级市,core,2019,2019,2019,2019-01-01,,official_source_snapshot,SRC-ADMIN-DIVISION-2019,"level=2, code=640400000000, parent=640000000000",2026-08-01T00:00:00+08:00,,
CN-640500,640500,640500000000,中卫市,64,宁夏回族自治区,地级市,core,2019,2019,2019,2019-01-01,,official_source_snapshot,SRC-ADMIN-DIVISION-2019,"level=2, code=640500000000, parent=640000000000",2026-08-01T00:00:00+08:00,,
CN-650100,650100,650100000000,乌鲁木齐市,65,新疆维吾尔自治区,地级市,core,2019,2019,2019,2019-01-01,,official_source_snapshot,SRC-ADMIN-DIVISION-2019,"level=2, code=650100000000, parent=650000000000",2026-08-01T00:00:00+08:00,,
CN-650200,650200,650200000000,克拉玛依市,65,新疆维吾尔自治区,地级市,core,2019,2019,2019,2019-01-01,,official_source_snapshot,SRC-ADMIN-DIVISION-2019,"level=2, code=650200000000, parent=650000000000",2026-08-01T00:00:00+08:00,,
CN-650400,650400,650400000000,吐鲁番市,65,新疆维吾尔自治区,地级市,core,2019,2019,2019,2019-01-01,,official_source_snapshot,SRC-ADMIN-DIVISION-2019,"level=2, code=650400000000, parent=650000000000",2026-08-01T00:00:00+08:00,,
CN-650500,650500,650500000000,哈密市,65,新疆维吾尔自治区,地级市,core,2019,2019,2019,2019-01-01,,official_source_snapshot,SRC-ADMIN-DIVISION-2019,"level=2, code=650500000000, parent=650000000000",2026-08-01T00:00:00+08:00,,
CN-652300,652300,652300000000,昌吉回族自治州,65,新疆维吾尔自治区,自治州,extended,2019,2019,2019,2019-01-01,,official_source_snapshot,SRC-ADMIN-DIVISION-2019,"level=2, code=652300000000, parent=650000000000",2026-08-01T00:00:00+08:00,,
CN-652700,652700,652700000000,博尔塔拉蒙古自治州,65,新疆维吾尔自治区,自治州,extended,2019,2019,2019,2019-01-01,,official_source_snapshot,SRC-ADMIN-DIVISION-2019,"level=2, code=652700000000, parent=650000000000",2026-08-01T00:00:00+08:00,,
CN-652800,652800,652800000000,巴音郭楞蒙古自治州,65,新疆维吾尔自治区,自治州,extended,2019,2019,2019,2019-01-01,,official_source_snapshot,SRC-ADMIN-DIVISION-2019,"level=2, code=652800000000, parent=650000000000",2026-08-01T00:00:00+08:00,,
CN-652900,652900,652900000000,阿克苏地区,65,新疆维吾尔自治区,地区,extended,2019,2019,2019,2019-01-01,,official_source_snapshot,SRC-ADMIN-DIVISION-2019,"level=2, code=652900000000, parent=650000000000",2026-08-01T00:00:00+08:00,,
CN-653000,653000,653000000000,克孜勒苏柯尔克孜自治州,65,新疆维吾尔自治区,自治州,extended,2019,2019,2019,2019-01-01,,official_source_snapshot,SRC-ADMIN-DIVISION-2019,"level=2, code=653000000000, parent=650000000000",2026-08-01T00:00:00+08:00,,
CN-653100,653100,653100000000,喀什地区,65,新疆维吾尔自治区,地区,extended,2019,2019,2019,2019-01-01,,official_source_snapshot,SRC-ADMIN-DIVISION-2019,"level=2, code=653100000000, parent=650000000000",2026-08-01T00:00:00+08:00,,
CN-653200,653200,653200000000,和田地区,65,新疆维吾尔自治区,地区,extended,2019,2019,2019,2019-01-01,,official_source_snapshot,SRC-ADMIN-DIVISION-2019,"level=2, code=653200000000, parent=650000000000",2026-08-01T00:00:00+08:00,,
CN-654000,654000,654000000000,伊犁哈萨克自治州,65,新疆维吾尔自治区,自治州,extended,2019,2019,2019,2019-01-01,,official_source_snapshot,SRC-ADMIN-DIVISION-2019,"level=2, code=654000000000, parent=650000000000",2026-08-01T00:00:00+08:00,,
CN-654200,654200,654200000000,塔城地区,65,新疆维吾尔自治区,地区,extended,2019,2019,2019,2019-01-01,,official_source_snapshot,SRC-ADMIN-DIVISION-2019,"level=2, code=654200000000, parent=650000000000",2026-08-01T00:00:00+08:00,,
CN-654300,654300,654300000000,阿勒泰地区,65,新疆维吾尔自治区,地区,extended,2019,2019,2019,2019-01-01,,official_source_snapshot,SRC-ADMIN-DIVISION-2019,"level=2, code=654300000000, parent=650000000000",2026-08-01T00:00:00+08:00,,
CN-659000,659000,659000000000,自治区直辖县级行政区划,65,新疆维吾尔自治区,地级市,core,2019,2019,2019,2019-01-01,,official_source_snapshot,SRC-ADMIN-DIVISION-2019,"level=2, code=659000000000, parent=650000000000",2026-08-01T00:00:00+08:00,,
CN-110000,110000,110000000000,北京市,11,北京市,直辖市,separate,2020,2020,2020,2020-01-01,,official_source_snapshot,SRC-ADMIN-DIVISION-2020,"level=2, code=110100000000, parent=110000000000",2026-08-01T00:00:00+08:00,,
CN-120000,120000,120000000000,天津市,12,天津市,直辖市,separate,2020,2020,2020,2020-01-01,,official_source_snapshot,SRC-ADMIN-DIVISION-2020,"level=2, code=120100000000, parent=120000000000",2026-08-01T00:00:00+08:00,,
CN-130100,130100,130100000000,石家庄市,13,河北省,地级市,core,2020,2020,2020,2020-01-01,,official_source_snapshot,SRC-ADMIN-DIVISION-2020,"level=2, code=130100000000, parent=130000000000",2026-08-01T00:00:00+08:00,,
CN-130200,130200,130200000000,唐山市,13,河北省,地级市,core,2020,2020,2020,2020-01-01,,official_source_snapshot,SRC-ADMIN-DIVISION-2020,"level=2, code=130200000000, parent=130000000000",2026-08-01T00:00:00+08:00,,
CN-130300,130300,130300000000,秦皇岛市,13,河北省,地级市,core,2020,2020,2020,2020-01-01,,official_source_snapshot,SRC-ADMIN-DIVISION-2020,"level=2, code=130300000000, parent=130000000000",2026-08-01T00:00:00+08:00,,
CN-130400,130400,130400000000,邯郸市,13,河北省,地级市,core,2020,2020,2020,2020-01-01,,official_source_snapshot,SRC-ADMIN-DIVISION-2020,"level=2, code=130400000000, parent=130000000000",2026-08-01T00:00:00+08:00,,
CN-130500,130500,130500000000,邢台市,13,河北省,地级市,core,2020,2020,2020,2020-01-01,,official_source_snapshot,SRC-ADMIN-DIVISION-2020,"level=2, code=130500000000, parent=130000000000",2026-08-01T00:00:00+08:00,,
CN-130600,130600,130600000000,保定市,13,河北省,地级市,core,2020,2020,2020,2020-01-01,,official_source_snapshot,SRC-ADMIN-DIVISION-2020,"level=2, code=130600000000, parent=130000000000",2026-08-01T00:00:00+08:00,,
CN-130700,130700,130700000000,张家口市,13,河北省,地级市,core,2020,2020,2020,2020-01-01,,official_source_snapshot,SRC-ADMIN-DIVISION-2020,"level=2, code=130700000000, parent=130000000000",2026-08-01T00:00:00+08:00,,
CN-130800,130800,130800000000,承德市,13,河北省,地级市,core,2020,2020,2020,2020-01-01,,official_source_snapshot,SRC-ADMIN-DIVISION-2020,"level=2, code=130800000000, parent=130000000000",2026-08-01T00:00:00+08:00,,
CN-130900,130900,130900000000,沧州市,13,河北省,地级市,core,2020,2020,2020,2020-01-01,,official_source_snapshot,SRC-ADMIN-DIVISION-2020,"level=2, code=130900000000, parent=130000000000",2026-08-01T00:00:00+08:00,,
CN-131000,131000,131000000000,廊坊市,13,河北省,地级市,core,2020,2020,2020,2020-01-01,,official_source_snapshot,SRC-ADMIN-DIVISION-2020,"level=2, code=131000000000, parent=130000000000",2026-08-01T00:00:00+08:00,,
CN-131100,131100,131100000000,衡水市,13,河北省,地级市,core,2020,2020,2020,2020-01-01,,official_source_snapshot,SRC-ADMIN-DIVISION-2020,"level=2, code=131100000000, parent=130000000000",2026-08-01T00:00:00+08:00,,
CN-140100,140100,140100000000,太原市,14,山西省,地级市,core,2020,2020,2020,2020-01-01,,official_source_snapshot,SRC-ADMIN-DIVISION-2020,"level=2, code=140100000000, parent=140000000000",2026-08-01T00:00:00+08:00,,
CN-140200,140200,140200000000,大同市,14,山西省,地级市,core,2020,2020,2020,2020-01-01,,official_source_snapshot,SRC-ADMIN-DIVISION-2020,"level=2, code=140200000000, parent=140000000000",2026-08-01T00:00:00+08:00,,
CN-140300,140300,140300000000,阳泉市,14,山西省,地级市,core,2020,2020,2020,2020-01-01,,official_source_snapshot,SRC-ADMIN-DIVISION-2020,"level=2, code=140300000000, parent=140000000000",2026-08-01T00:00:00+08:00,,
CN-140400,140400,140400000000,长治市,14,山西省,地级市,core,2020,2020,2020,2020-01-01,,official_source_snapshot,SRC-ADMIN-DIVISION-2020,"level=2, code=140400000000, parent=140000000000",2026-08-01T00:00:00+08:00,,
CN-140500,140500,140500000000,晋城市,14,山西省,地级市,core,2020,2020,2020,2020-01-01,,official_source_snapshot,SRC-ADMIN-DIVISION-2020,"level=2, code=140500000000, parent=140000000000",2026-08-01T00:00:00+08:00,,
CN-140600,140600,140600000000,朔州市,14,山西省,地级市,core,2020,2020,2020,2020-01-01,,official_source_snapshot,SRC-ADMIN-DIVISION-2020,"level=2, code=140600000000, parent=140000000000",2026-08-01T00:00:00+08:00,,
CN-140700,140700,140700000000,晋中市,14,山西省,地级市,core,2020,2020,2020,2020-01-01,,official_source_snapshot,SRC-ADMIN-DIVISION-2020,"level=2, code=140700000000, parent=140000000000",2026-08-01T00:00:00+08:00,,
CN-140800,140800,140800000000,运城市,14,山西省,地级市,core,2020,2020,2020,2020-01-01,,official_source_snapshot,SRC-ADMIN-DIVISION-2020,"level=2, code=140800000000, parent=140000000000",2026-08-01T00:00:00+08:00,,
CN-140900,140900,140900000000,忻州市,14,山西省,地级市,core,2020,2020,2020,2020-01-01,,official_source_snapshot,SRC-ADMIN-DIVISION-2020,"level=2, code=140900000000, parent=140000000000",2026-08-01T00:00:00+08:00,,
CN-141000,141000,141000000000,临汾市,14,山西省,地级市,core,2020,2020,2020,2020-01-01,,official_source_snapshot,SRC-ADMIN-DIVISION-2020,"level=2, code=141000000000, parent=140000000000",2026-08-01T00:00:00+08:00,,
CN-141100,141100,141100000000,吕梁市,14,山西省,地级市,core,2020,2020,2020,2020-01-01,,official_source_snapshot,SRC-ADMIN-DIVISION-2020,"level=2, code=141100000000, parent=140000000000",2026-08-01T00:00:00+08:00,,
CN-150100,150100,150100000000,呼和浩特市,15,内蒙古自治区,地级市,core,2020,2020,2020,2020-01-01,,official_source_snapshot,SRC-ADMIN-DIVISION-2020,"level=2, code=150100000000, parent=150000000000",2026-08-01T00:00:00+08:00,,
CN-150200,150200,150200000000,包头市,15,内蒙古自治区,地级市,core,2020,2020,2020,2020-01-01,,official_source_snapshot,SRC-ADMIN-DIVISION-2020,"level=2, code=150200000000, parent=150000000000",2026-08-01T00:00:00+08:00,,
CN-150300,150300,150300000000,乌海市,15,内蒙古自治区,地级市,core,2020,2020,2020,2020-01-01,,official_source_snapshot,SRC-ADMIN-DIVISION-2020,"level=2, code=150300000000, parent=150000000000",2026-08-01T00:00:00+08:00,,
CN-150400,150400,150400000000,赤峰市,15,内蒙古自治区,地级市,core,2020,2020,2020,2020-01-01,,official_source_snapshot,SRC-ADMIN-DIVISION-2020,"level=2, code=150400000000, parent=150000000000",2026-08-01T00:00:00+08:00,,
CN-150500,150500,150500000000,通辽市,15,内蒙古自治区,地级市,core,2020,2020,2020,2020-01-01,,official_source_snapshot,SRC-ADMIN-DIVISION-2020,"level=2, code=150500000000, parent=150000000000",2026-08-01T00:00:00+08:00,,
CN-150600,150600,150600000000,鄂尔多斯市,15,内蒙古自治区,地级市,core,2020,2020,2020,2020-01-01,,official_source_snapshot,SRC-ADMIN-DIVISION-2020,"level=2, code=150600000000, parent=150000000000",2026-08-01T00:00:00+08:00,,
CN-150700,150700,150700000000,呼伦贝尔市,15,内蒙古自治区,地级市,core,2020,2020,2020,2020-01-01,,official_source_snapshot,SRC-ADMIN-DIVISION-2020,"level=2, code=150700000000, parent=150000000000",2026-08-01T00:00:00+08:00,,
CN-150800,150800,150800000000,巴彦淖尔市,15,内蒙古自治区,地级市,core,2020,2020,2020,2020-01-01,,official_source_snapshot,SRC-ADMIN-DIVISION-2020,"level=2, code=150800000000, parent=150000000000",2026-08-01T00:00:00+08:00,,
CN-150900,150900,150900000000,乌兰察布市,15,内蒙古自治区,地级市,core,2020,2020,2020,2020-01-01,,official_source_snapshot,SRC-ADMIN-DIVISION-2020,"level=2, code=150900000000, parent=150000000000",2026-08-01T00:00:00+08:00,,
CN-152200,152200,152200000000,兴安盟,15,内蒙古自治区,盟,extended,2020,2020,2020,2020-01-01,,official_source_snapshot,SRC-ADMIN-DIVISION-2020,"level=2, code=152200000000, parent=150000000000",2026-08-01T00:00:00+08:00,,
CN-152500,152500,152500000000,锡林郭勒盟,15,内蒙古自治区,盟,extended,2020,2020,2020,2020-01-01,,official_source_snapshot,SRC-ADMIN-DIVISION-2020,"level=2, code=152500000000, parent=150000000000",2026-08-01T00:00:00+08:00,,
CN-152900,152900,152900000000,阿拉善盟,15,内蒙古自治区,盟,extended,2020,2020,2020,2020-01-01,,official_source_snapshot,SRC-ADMIN-DIVISION-2020,"level=2, code=152900000000, parent=150000000000",2026-08-01T00:00:00+08:00,,
CN-210100,210100,210100000000,沈阳市,21,辽宁省,地级市,core,2020,2020,2020,2020-01-01,,official_source_snapshot,SRC-ADMIN-DIVISION-2020,"level=2, code=210100000000, parent=210000000000",2026-08-01T00:00:00+08:00,,
CN-210200,210200,210200000000,大连市,21,辽宁省,地级市,core,2020,2020,2020,2020-01-01,,official_source_snapshot,SRC-ADMIN-DIVISION-2020,"level=2, code=210200000000, parent=210000000000",2026-08-01T00:00:00+08:00,,
CN-210300,210300,210300000000,鞍山市,21,辽宁省,地级市,core,2020,2020,2020,2020-01-01,,official_source_snapshot,SRC-ADMIN-DIVISION-2020,"level=2, code=210300000000, parent=210000000000",2026-08-01T00:00:00+08:00,,
CN-210400,210400,210400000000,抚顺市,21,辽宁省,地级市,core,2020,2020,2020,2020-01-01,,official_source_snapshot,SRC-ADMIN-DIVISION-2020,"level=2, code=210400000000, parent=210000000000",2026-08-01T00:00:00+08:00,,
CN-210500,210500,210500000000,本溪市,21,辽宁省,地级市,core,2020,2020,2020,2020-01-01,,official_source_snapshot,SRC-ADMIN-DIVISION-2020,"level=2, code=210500000000, parent=210000000000",2026-08-01T00:00:00+08:00,,
CN-210600,210600,210600000000,丹东市,21,辽宁省,地级市,core,2020,2020,2020,2020-01-01,,official_source_snapshot,SRC-ADMIN-DIVISION-2020,"level=2, code=210600000000, parent=210000000000",2026-08-01T00:00:00+08:00,,
CN-210700,210700,210700000000,锦州市,21,辽宁省,地级市,core,2020,2020,2020,2020-01-01,,official_source_snapshot,SRC-ADMIN-DIVISION-2020,"level=2, code=210700000000, parent=210000000000",2026-08-01T00:00:00+08:00,,
CN-210800,210800,210800000000,营口市,21,辽宁省,地级市,core,2020,2020,2020,2020-01-01,,official_source_snapshot,SRC-ADMIN-DIVISION-2020,"level=2, code=210800000000, parent=210000000000",2026-08-01T00:00:00+08:00,,
CN-210900,210900,210900000000,阜新市,21,辽宁省,地级市,core,2020,2020,2020,2020-01-01,,official_source_snapshot,SRC-ADMIN-DIVISION-2020,"level=2, code=210900000000, parent=210000000000",2026-08-01T00:00:00+08:00,,
CN-211000,211000,211000000000,辽阳市,21,辽宁省,地级市,core,2020,2020,2020,2020-01-01,,official_source_snapshot,SRC-ADMIN-DIVISION-2020,"level=2, code=211000000000, parent=210000000000",2026-08-01T00:00:00+08:00,,
CN-211100,211100,211100000000,盘锦市,21,辽宁省,地级市,core,2020,2020,2020,2020-01-01,,official_source_snapshot,SRC-ADMIN-DIVISION-2020,"level=2, code=211100000000, parent=210000000000",2026-08-01T00:00:00+08:00,,
CN-211200,211200,211200000000,铁岭市,21,辽宁省,地级市,core,2020,2020,2020,2020-01-01,,official_source_snapshot,SRC-ADMIN-DIVISION-2020,"level=2, code=211200000000, parent=210000000000",2026-08-01T00:00:00+08:00,,
CN-211300,211300,211300000000,朝阳市,21,辽宁省,地级市,core,2020,2020,2020,2020-01-01,,official_source_snapshot,SRC-ADMIN-DIVISION-2020,"level=2, code=211300000000, parent=210000000000",2026-08-01T00:00:00+08:00,,
CN-211400,211400,211400000000,葫芦岛市,21,辽宁省,地级市,core,2020,2020,2020,2020-01-01,,official_source_snapshot,SRC-ADMIN-DIVISION-2020,"level=2, code=211400000000, parent=210000000000",2026-08-01T00:00:00+08:00,,
CN-220100,220100,220100000000,长春市,22,吉林省,地级市,core,2020,2020,2020,2020-01-01,,official_source_snapshot,SRC-ADMIN-DIVISION-2020,"level=2, code=220100000000, parent=220000000000",2026-08-01T00:00:00+08:00,,
CN-220200,220200,220200000000,吉林市,22,吉林省,地级市,core,2020,2020,2020,2020-01-01,,official_source_snapshot,SRC-ADMIN-DIVISION-2020,"level=2, code=220200000000, parent=220000000000",2026-08-01T00:00:00+08:00,,
CN-220300,220300,220300000000,四平市,22,吉林省,地级市,core,2020,2020,2020,2020-01-01,,official_source_snapshot,SRC-ADMIN-DIVISION-2020,"level=2, code=220300000000, parent=220000000000",2026-08-01T00:00:00+08:00,,
CN-220400,220400,220400000000,辽源市,22,吉林省,地级市,core,2020,2020,2020,2020-01-01,,official_source_snapshot,SRC-ADMIN-DIVISION-2020,"level=2, code=220400000000, parent=220000000000",2026-08-01T00:00:00+08:00,,
CN-220500,220500,220500000000,通化市,22,吉林省,地级市,core,2020,2020,2020,2020-01-01,,official_source_snapshot,SRC-ADMIN-DIVISION-2020,"level=2, code=220500000000, parent=220000000000",2026-08-01T00:00:00+08:00,,
CN-220600,220600,220600000000,白山市,22,吉林省,地级市,core,2020,2020,2020,2020-01-01,,official_source_snapshot,SRC-ADMIN-DIVISION-2020,"level=2, code=220600000000, parent=220000000000",2026-08-01T00:00:00+08:00,,
CN-220700,220700,220700000000,松原市,22,吉林省,地级市,core,2020,2020,2020,2020-01-01,,official_source_snapshot,SRC-ADMIN-DIVISION-2020,"level=2, code=220700000000, parent=220000000000",2026-08-01T00:00:00+08:00,,
CN-220800,220800,220800000000,白城市,22,吉林省,地级市,core,2020,2020,2020,2020-01-01,,official_source_snapshot,SRC-ADMIN-DIVISION-2020,"level=2, code=220800000000, parent=220000000000",2026-08-01T00:00:00+08:00,,
CN-222400,222400,222400000000,延边朝鲜族自治州,22,吉林省,自治州,extended,2020,2020,2020,2020-01-01,,official_source_snapshot,SRC-ADMIN-DIVISION-2020,"level=2, code=222400000000, parent=220000000000",2026-08-01T00:00:00+08:00,,
CN-230100,230100,230100000000,哈尔滨市,23,黑龙江省,地级市,core,2020,2020,2020,2020-01-01,,official_source_snapshot,SRC-ADMIN-DIVISION-2020,"level=2, code=230100000000, parent=230000000000",2026-08-01T00:00:00+08:00,,
CN-230200,230200,230200000000,齐齐哈尔市,23,黑龙江省,地级市,core,2020,2020,2020,2020-01-01,,official_source_snapshot,SRC-ADMIN-DIVISION-2020,"level=2, code=230200000000, parent=230000000000",2026-08-01T00:00:00+08:00,,
CN-230300,230300,230300000000,鸡西市,23,黑龙江省,地级市,core,2020,2020,2020,2020-01-01,,official_source_snapshot,SRC-ADMIN-DIVISION-2020,"level=2, code=230300000000, parent=230000000000",2026-08-01T00:00:00+08:00,,
CN-230400,230400,230400000000,鹤岗市,23,黑龙江省,地级市,core,2020,2020,2020,2020-01-01,,official_source_snapshot,SRC-ADMIN-DIVISION-2020,"level=2, code=230400000000, parent=230000000000",2026-08-01T00:00:00+08:00,,
CN-230500,230500,230500000000,双鸭山市,23,黑龙江省,地级市,core,2020,2020,2020,2020-01-01,,official_source_snapshot,SRC-ADMIN-DIVISION-2020,"level=2, code=230500000000, parent=230000000000",2026-08-01T00:00:00+08:00,,
CN-230600,230600,230600000000,大庆市,23,黑龙江省,地级市,core,2020,2020,2020,2020-01-01,,official_source_snapshot,SRC-ADMIN-DIVISION-2020,"level=2, code=230600000000, parent=230000000000",2026-08-01T00:00:00+08:00,,
CN-230700,230700,230700000000,伊春市,23,黑龙江省,地级市,core,2020,2020,2020,2020-01-01,,official_source_snapshot,SRC-ADMIN-DIVISION-2020,"level=2, code=230700000000, parent=230000000000",2026-08-01T00:00:00+08:00,,
CN-230800,230800,230800000000,佳木斯市,23,黑龙江省,地级市,core,2020,2020,2020,2020-01-01,,official_source_snapshot,SRC-ADMIN-DIVISION-2020,"level=2, code=230800000000, parent=230000000000",2026-08-01T00:00:00+08:00,,
CN-230900,230900,230900000000,七台河市,23,黑龙江省,地级市,core,2020,2020,2020,2020-01-01,,official_source_snapshot,SRC-ADMIN-DIVISION-2020,"level=2, code=230900000000, parent=230000000000",2026-08-01T00:00:00+08:00,,
CN-231000,231000,231000000000,牡丹江市,23,黑龙江省,地级市,core,2020,2020,2020,2020-01-01,,official_source_snapshot,SRC-ADMIN-DIVISION-2020,"level=2, code=231000000000, parent=230000000000",2026-08-01T00:00:00+08:00,,
CN-231100,231100,231100000000,黑河市,23,黑龙江省,地级市,core,2020,2020,2020,2020-01-01,,official_source_snapshot,SRC-ADMIN-DIVISION-2020,"level=2, code=231100000000, parent=230000000000",2026-08-01T00:00:00+08:00,,
CN-231200,231200,231200000000,绥化市,23,黑龙江省,地级市,core,2020,2020,2020,2020-01-01,,official_source_snapshot,SRC-ADMIN-DIVISION-2020,"level=2, code=231200000000, parent=230000000000",2026-08-01T00:00:00+08:00,,
CN-232700,232700,232700000000,大兴安岭地区,23,黑龙江省,地区,extended,2020,2020,2020,2020-01-01,,official_source_snapshot,SRC-ADMIN-DIVISION-2020,"level=2, code=232700000000, parent=230000000000",2026-08-01T00:00:00+08:00,,
CN-310000,310000,310000000000,上海市,31,上海市,直辖市,separate,2020,2020,2020,2020-01-01,,official_source_snapshot,SRC-ADMIN-DIVISION-2020,"level=2, code=310100000000, parent=310000000000",2026-08-01T00:00:00+08:00,,
CN-320100,320100,320100000000,南京市,32,江苏省,地级市,core,2020,2020,2020,2020-01-01,,official_source_snapshot,SRC-ADMIN-DIVISION-2020,"level=2, code=320100000000, parent=320000000000",2026-08-01T00:00:00+08:00,,
CN-320200,320200,320200000000,无锡市,32,江苏省,地级市,core,2020,2020,2020,2020-01-01,,official_source_snapshot,SRC-ADMIN-DIVISION-2020,"level=2, code=320200000000, parent=320000000000",2026-08-01T00:00:00+08:00,,
CN-320300,320300,320300000000,徐州市,32,江苏省,地级市,core,2020,2020,2020,2020-01-01,,official_source_snapshot,SRC-ADMIN-DIVISION-2020,"level=2, code=320300000000, parent=320000000000",2026-08-01T00:00:00+08:00,,
CN-320400,320400,320400000000,常州市,32,江苏省,地级市,core,2020,2020,2020,2020-01-01,,official_source_snapshot,SRC-ADMIN-DIVISION-2020,"level=2, code=320400000000, parent=320000000000",2026-08-01T00:00:00+08:00,,
CN-320500,320500,320500000000,苏州市,32,江苏省,地级市,core,2020,2020,2020,2020-01-01,,official_source_snapshot,SRC-ADMIN-DIVISION-2020,"level=2, code=320500000000, parent=320000000000",2026-08-01T00:00:00+08:00,,
CN-320600,320600,320600000000,南通市,32,江苏省,地级市,core,2020,2020,2020,2020-01-01,,official_source_snapshot,SRC-ADMIN-DIVISION-2020,"level=2, code=320600000000, parent=320000000000",2026-08-01T00:00:00+08:00,,
CN-320700,320700,320700000000,连云港市,32,江苏省,地级市,core,2020,2020,2020,2020-01-01,,official_source_snapshot,SRC-ADMIN-DIVISION-2020,"level=2, code=320700000000, parent=320000000000",2026-08-01T00:00:00+08:00,,
CN-320800,320800,320800000000,淮安市,32,江苏省,地级市,core,2020,2020,2020,2020-01-01,,official_source_snapshot,SRC-ADMIN-DIVISION-2020,"level=2, code=320800000000, parent=320000000000",2026-08-01T00:00:00+08:00,,
CN-320900,320900,320900000000,盐城市,32,江苏省,地级市,core,2020,2020,2020,2020-01-01,,official_source_snapshot,SRC-ADMIN-DIVISION-2020,"level=2, code=320900000000, parent=320000000000",2026-08-01T00:00:00+08:00,,
CN-321000,321000,321000000000,扬州市,32,江苏省,地级市,core,2020,2020,2020,2020-01-01,,official_source_snapshot,SRC-ADMIN-DIVISION-2020,"level=2, code=321000000000, parent=320000000000",2026-08-01T00:00:00+08:00,,
CN-321100,321100,321100000000,镇江市,32,江苏省,地级市,core,2020,2020,2020,2020-01-01,,official_source_snapshot,SRC-ADMIN-DIVISION-2020,"level=2, code=321100000000, parent=320000000000",2026-08-01T00:00:00+08:00,,
CN-321200,321200,321200000000,泰州市,32,江苏省,地级市,core,2020,2020,2020,2020-01-01,,official_source_snapshot,SRC-ADMIN-DIVISION-2020,"level=2, code=321200000000, parent=320000000000",2026-08-01T00:00:00+08:00,,
CN-321300,321300,321300000000,宿迁市,32,江苏省,地级市,core,2020,2020,2020,2020-01-01,,official_source_snapshot,SRC-ADMIN-DIVISION-2020,"level=2, code=321300000000, parent=320000000000",2026-08-01T00:00:00+08:00,,
CN-330100,330100,330100000000,杭州市,33,浙江省,地级市,core,2020,2020,2020,2020-01-01,,official_source_snapshot,SRC-ADMIN-DIVISION-2020,"level=2, code=330100000000, parent=330000000000",2026-08-01T00:00:00+08:00,,
CN-330200,330200,330200000000,宁波市,33,浙江省,地级市,core,2020,2020,2020,2020-01-01,,official_source_snapshot,SRC-ADMIN-DIVISION-2020,"level=2, code=330200000000, parent=330000000000",2026-08-01T00:00:00+08:00,,
CN-330300,330300,330300000000,温州市,33,浙江省,地级市,core,2020,2020,2020,2020-01-01,,official_source_snapshot,SRC-ADMIN-DIVISION-2020,"level=2, code=330300000000, parent=330000000000",2026-08-01T00:00:00+08:00,,
CN-330400,330400,330400000000,嘉兴市,33,浙江省,地级市,core,2020,2020,2020,2020-01-01,,official_source_snapshot,SRC-ADMIN-DIVISION-2020,"level=2, code=330400000000, parent=330000000000",2026-08-01T00:00:00+08:00,,
CN-330500,330500,330500000000,湖州市,33,浙江省,地级市,core,2020,2020,2020,2020-01-01,,official_source_snapshot,SRC-ADMIN-DIVISION-2020,"level=2, code=330500000000, parent=330000000000",2026-08-01T00:00:00+08:00,,
CN-330600,330600,330600000000,绍兴市,33,浙江省,地级市,core,2020,2020,2020,2020-01-01,,official_source_snapshot,SRC-ADMIN-DIVISION-2020,"level=2, code=330600000000, parent=330000000000",2026-08-01T00:00:00+08:00,,
CN-330700,330700,330700000000,金华市,33,浙江省,地级市,core,2020,2020,2020,2020-01-01,,official_source_snapshot,SRC-ADMIN-DIVISION-2020,"level=2, code=330700000000, parent=330000000000",2026-08-01T00:00:00+08:00,,
CN-330800,330800,330800000000,衢州市,33,浙江省,地级市,core,2020,2020,2020,2020-01-01,,official_source_snapshot,SRC-ADMIN-DIVISION-2020,"level=2, code=330800000000, parent=330000000000",2026-08-01T00:00:00+08:00,,
CN-330900,330900,330900000000,舟山市,33,浙江省,地级市,core,2020,2020,2020,2020-01-01,,official_source_snapshot,SRC-ADMIN-DIVISION-2020,"level=2, code=330900000000, parent=330000000000",2026-08-01T00:00:00+08:00,,
CN-331000,331000,331000000000,台州市,33,浙江省,地级市,core,2020,2020,2020,2020-01-01,,official_source_snapshot,SRC-ADMIN-DIVISION-2020,"level=2, code=331000000000, parent=330000000000",2026-08-01T00:00:00+08:00,,
CN-331100,331100,331100000000,丽水市,33,浙江省,地级市,core,2020,2020,2020,2020-01-01,,official_source_snapshot,SRC-ADMIN-DIVISION-2020,"level=2, code=331100000000, parent=330000000000",2026-08-01T00:00:00+08:00,,
CN-340100,340100,340100000000,合肥市,34,安徽省,地级市,core,2020,2020,2020,2020-01-01,,official_source_snapshot,SRC-ADMIN-DIVISION-2020,"level=2, code=340100000000, parent=340000000000",2026-08-01T00:00:00+08:00,,
CN-340200,340200,340200000000,芜湖市,34,安徽省,地级市,core,2020,2020,2020,2020-01-01,,official_source_snapshot,SRC-ADMIN-DIVISION-2020,"level=2, code=340200000000, parent=340000000000",2026-08-01T00:00:00+08:00,,
CN-340300,340300,340300000000,蚌埠市,34,安徽省,地级市,core,2020,2020,2020,2020-01-01,,official_source_snapshot,SRC-ADMIN-DIVISION-2020,"level=2, code=340300000000, parent=340000000000",2026-08-01T00:00:00+08:00,,
CN-340400,340400,340400000000,淮南市,34,安徽省,地级市,core,2020,2020,2020,2020-01-01,,official_source_snapshot,SRC-ADMIN-DIVISION-2020,"level=2, code=340400000000, parent=340000000000",2026-08-01T00:00:00+08:00,,
CN-340500,340500,340500000000,马鞍山市,34,安徽省,地级市,core,2020,2020,2020,2020-01-01,,official_source_snapshot,SRC-ADMIN-DIVISION-2020,"level=2, code=340500000000, parent=340000000000",2026-08-01T00:00:00+08:00,,
CN-340600,340600,340600000000,淮北市,34,安徽省,地级市,core,2020,2020,2020,2020-01-01,,official_source_snapshot,SRC-ADMIN-DIVISION-2020,"level=2, code=340600000000, parent=340000000000",2026-08-01T00:00:00+08:00,,
CN-340700,340700,340700000000,铜陵市,34,安徽省,地级市,core,2020,2020,2020,2020-01-01,,official_source_snapshot,SRC-ADMIN-DIVISION-2020,"level=2, code=340700000000, parent=340000000000",2026-08-01T00:00:00+08:00,,
CN-340800,340800,340800000000,安庆市,34,安徽省,地级市,core,2020,2020,2020,2020-01-01,,official_source_snapshot,SRC-ADMIN-DIVISION-2020,"level=2, code=340800000000, parent=340000000000",2026-08-01T00:00:00+08:00,,
CN-341000,341000,341000000000,黄山市,34,安徽省,地级市,core,2020,2020,2020,2020-01-01,,official_source_snapshot,SRC-ADMIN-DIVISION-2020,"level=2, code=341000000000, parent=340000000000",2026-08-01T00:00:00+08:00,,
CN-341100,341100,341100000000,滁州市,34,安徽省,地级市,core,2020,2020,2020,2020-01-01,,official_source_snapshot,SRC-ADMIN-DIVISION-2020,"level=2, code=341100000000, parent=340000000000",2026-08-01T00:00:00+08:00,,
CN-341200,341200,341200000000,阜阳市,34,安徽省,地级市,core,2020,2020,2020,2020-01-01,,official_source_snapshot,SRC-ADMIN-DIVISION-2020,"level=2, code=341200000000, parent=340000000000",2026-08-01T00:00:00+08:00,,
CN-341300,341300,341300000000,宿州市,34,安徽省,地级市,core,2020,2020,2020,2020-01-01,,official_source_snapshot,SRC-ADMIN-DIVISION-2020,"level=2, code=341300000000, parent=340000000000",2026-08-01T00:00:00+08:00,,
CN-341500,341500,341500000000,六安市,34,安徽省,地级市,core,2020,2020,2020,2020-01-01,,official_source_snapshot,SRC-ADMIN-DIVISION-2020,"level=2, code=341500000000, parent=340000000000",2026-08-01T00:00:00+08:00,,
CN-341600,341600,341600000000,亳州市,34,安徽省,地级市,core,2020,2020,2020,2020-01-01,,official_source_snapshot,SRC-ADMIN-DIVISION-2020,"level=2, code=341600000000, parent=340000000000",2026-08-01T00:00:00+08:00,,
CN-341700,341700,341700000000,池州市,34,安徽省,地级市,core,2020,2020,2020,2020-01-01,,official_source_snapshot,SRC-ADMIN-DIVISION-2020,"level=2, code=341700000000, parent=340000000000",2026-08-01T00:00:00+08:00,,
CN-341800,341800,341800000000,宣城市,34,安徽省,地级市,core,2020,2020,2020,2020-01-01,,official_source_snapshot,SRC-ADMIN-DIVISION-2020,"level=2, code=341800000000, parent=340000000000",2026-08-01T00:00:00+08:00,,
CN-350100,350100,350100000000,福州市,35,福建省,地级市,core,2020,2020,2020,2020-01-01,,official_source_snapshot,SRC-ADMIN-DIVISION-2020,"level=2, code=350100000000, parent=350000000000",2026-08-01T00:00:00+08:00,,
CN-350200,350200,350200000000,厦门市,35,福建省,地级市,core,2020,2020,2020,2020-01-01,,official_source_snapshot,SRC-ADMIN-DIVISION-2020,"level=2, code=350200000000, parent=350000000000",2026-08-01T00:00:00+08:00,,
CN-350300,350300,350300000000,莆田市,35,福建省,地级市,core,2020,2020,2020,2020-01-01,,official_source_snapshot,SRC-ADMIN-DIVISION-2020,"level=2, code=350300000000, parent=350000000000",2026-08-01T00:00:00+08:00,,
CN-350400,350400,350400000000,三明市,35,福建省,地级市,core,2020,2020,2020,2020-01-01,,official_source_snapshot,SRC-ADMIN-DIVISION-2020,"level=2, code=350400000000, parent=350000000000",2026-08-01T00:00:00+08:00,,
CN-350500,350500,350500000000,泉州市,35,福建省,地级市,core,2020,2020,2020,2020-01-01,,official_source_snapshot,SRC-ADMIN-DIVISION-2020,"level=2, code=350500000000, parent=350000000000",2026-08-01T00:00:00+08:00,,
CN-350600,350600,350600000000,漳州市,35,福建省,地级市,core,2020,2020,2020,2020-01-01,,official_source_snapshot,SRC-ADMIN-DIVISION-2020,"level=2, code=350600000000, parent=350000000000",2026-08-01T00:00:00+08:00,,
CN-350700,350700,350700000000,南平市,35,福建省,地级市,core,2020,2020,2020,2020-01-01,,official_source_snapshot,SRC-ADMIN-DIVISION-2020,"level=2, code=350700000000, parent=350000000000",2026-08-01T00:00:00+08:00,,
CN-350800,350800,350800000000,龙岩市,35,福建省,地级市,core,2020,2020,2020,2020-01-01,,official_source_snapshot,SRC-ADMIN-DIVISION-2020,"level=2, code=350800000000, parent=350000000000",2026-08-01T00:00:00+08:00,,
CN-350900,350900,350900000000,宁德市,35,福建省,地级市,core,2020,2020,2020,2020-01-01,,official_source_snapshot,SRC-ADMIN-DIVISION-2020,"level=2, code=350900000000, parent=350000000000",2026-08-01T00:00:00+08:00,,
CN-360100,360100,360100000000,南昌市,36,江西省,地级市,core,2020,2020,2020,2020-01-01,,official_source_snapshot,SRC-ADMIN-DIVISION-2020,"level=2, code=360100000000, parent=360000000000",2026-08-01T00:00:00+08:00,,
CN-360200,360200,360200000000,景德镇市,36,江西省,地级市,core,2020,2020,2020,2020-01-01,,official_source_snapshot,SRC-ADMIN-DIVISION-2020,"level=2, code=360200000000, parent=360000000000",2026-08-01T00:00:00+08:00,,
CN-360300,360300,360300000000,萍乡市,36,江西省,地级市,core,2020,2020,2020,2020-01-01,,official_source_snapshot,SRC-ADMIN-DIVISION-2020,"level=2, code=360300000000, parent=360000000000",2026-08-01T00:00:00+08:00,,
CN-360400,360400,360400000000,九江市,36,江西省,地级市,core,2020,2020,2020,2020-01-01,,official_source_snapshot,SRC-ADMIN-DIVISION-2020,"level=2, code=360400000000, parent=360000000000",2026-08-01T00:00:00+08:00,,
CN-360500,360500,360500000000,新余市,36,江西省,地级市,core,2020,2020,2020,2020-01-01,,official_source_snapshot,SRC-ADMIN-DIVISION-2020,"level=2, code=360500000000, parent=360000000000",2026-08-01T00:00:00+08:00,,
CN-360600,360600,360600000000,鹰潭市,36,江西省,地级市,core,2020,2020,2020,2020-01-01,,official_source_snapshot,SRC-ADMIN-DIVISION-2020,"level=2, code=360600000000, parent=360000000000",2026-08-01T00:00:00+08:00,,
CN-360700,360700,360700000000,赣州市,36,江西省,地级市,core,2020,2020,2020,2020-01-01,,official_source_snapshot,SRC-ADMIN-DIVISION-2020,"level=2, code=360700000000, parent=360000000000",2026-08-01T00:00:00+08:00,,
CN-360800,360800,360800000000,吉安市,36,江西省,地级市,core,2020,2020,2020,2020-01-01,,official_source_snapshot,SRC-ADMIN-DIVISION-2020,"level=2, code=360800000000, parent=360000000000",2026-08-01T00:00:00+08:00,,
CN-360900,360900,360900000000,宜春市,36,江西省,地级市,core,2020,2020,2020,2020-01-01,,official_source_snapshot,SRC-ADMIN-DIVISION-2020,"level=2, code=360900000000, parent=360000000000",2026-08-01T00:00:00+08:00,,
CN-361000,361000,361000000000,抚州市,36,江西省,地级市,core,2020,2020,2020,2020-01-01,,official_source_snapshot,SRC-ADMIN-DIVISION-2020,"level=2, code=361000000000, parent=360000000000",2026-08-01T00:00:00+08:00,,
CN-361100,361100,361100000000,上饶市,36,江西省,地级市,core,2020,2020,2020,2020-01-01,,official_source_snapshot,SRC-ADMIN-DIVISION-2020,"level=2, code=361100000000, parent=360000000000",2026-08-01T00:00:00+08:00,,
CN-370100,370100,370100000000,济南市,37,山东省,地级市,core,2020,2020,2020,2020-01-01,,official_source_snapshot,SRC-ADMIN-DIVISION-2020,"level=2, code=370100000000, parent=370000000000",2026-08-01T00:00:00+08:00,,
CN-370200,370200,370200000000,青岛市,37,山东省,地级市,core,2020,2020,2020,2020-01-01,,official_source_snapshot,SRC-ADMIN-DIVISION-2020,"level=2, code=370200000000, parent=370000000000",2026-08-01T00:00:00+08:00,,
CN-370300,370300,370300000000,淄博市,37,山东省,地级市,core,2020,2020,2020,2020-01-01,,official_source_snapshot,SRC-ADMIN-DIVISION-2020,"level=2, code=370300000000, parent=370000000000",2026-08-01T00:00:00+08:00,,
CN-370400,370400,370400000000,枣庄市,37,山东省,地级市,core,2020,2020,2020,2020-01-01,,official_source_snapshot,SRC-ADMIN-DIVISION-2020,"level=2, code=370400000000, parent=370000000000",2026-08-01T00:00:00+08:00,,
CN-370500,370500,370500000000,东营市,37,山东省,地级市,core,2020,2020,2020,2020-01-01,,official_source_snapshot,SRC-ADMIN-DIVISION-2020,"level=2, code=370500000000, parent=370000000000",2026-08-01T00:00:00+08:00,,
CN-370600,370600,370600000000,烟台市,37,山东省,地级市,core,2020,2020,2020,2020-01-01,,official_source_snapshot,SRC-ADMIN-DIVISION-2020,"level=2, code=370600000000, parent=370000000000",2026-08-01T00:00:00+08:00,,
CN-370700,370700,370700000000,潍坊市,37,山东省,地级市,core,2020,2020,2020,2020-01-01,,official_source_snapshot,SRC-ADMIN-DIVISION-2020,"level=2, code=370700000000, parent=370000000000",2026-08-01T00:00:00+08:00,,
CN-370800,370800,370800000000,济宁市,37,山东省,地级市,core,2020,2020,2020,2020-01-01,,official_source_snapshot,SRC-ADMIN-DIVISION-2020,"level=2, code=370800000000, parent=370000000000",2026-08-01T00:00:00+08:00,,
CN-370900,370900,370900000000,泰安市,37,山东省,地级市,core,2020,2020,2020,2020-01-01,,official_source_snapshot,SRC-ADMIN-DIVISION-2020,"level=2, code=370900000000, parent=370000000000",2026-08-01T00:00:00+08:00,,
CN-371000,371000,371000000000,威海市,37,山东省,地级市,core,2020,2020,2020,2020-01-01,,official_source_snapshot,SRC-ADMIN-DIVISION-2020,"level=2, code=371000000000, parent=370000000000",2026-08-01T00:00:00+08:00,,
CN-371100,371100,371100000000,日照市,37,山东省,地级市,core,2020,2020,2020,2020-01-01,,official_source_snapshot,SRC-ADMIN-DIVISION-2020,"level=2, code=371100000000, parent=370000000000",2026-08-01T00:00:00+08:00,,
CN-371300,371300,371300000000,临沂市,37,山东省,地级市,core,2020,2020,2020,2020-01-01,,official_source_snapshot,SRC-ADMIN-DIVISION-2020,"level=2, code=371300000000, parent=370000000000",2026-08-01T00:00:00+08:00,,
CN-371400,371400,371400000000,德州市,37,山东省,地级市,core,2020,2020,2020,2020-01-01,,official_source_snapshot,SRC-ADMIN-DIVISION-2020,"level=2, code=371400000000, parent=370000000000",2026-08-01T00:00:00+08:00,,
CN-371500,371500,371500000000,聊城市,37,山东省,地级市,core,2020,2020,2020,2020-01-01,,official_source_snapshot,SRC-ADMIN-DIVISION-2020,"level=2, code=371500000000, parent=370000000000",2026-08-01T00:00:00+08:00,,
CN-371600,371600,371600000000,滨州市,37,山东省,地级市,core,2020,2020,2020,2020-01-01,,official_source_snapshot,SRC-ADMIN-DIVISION-2020,"level=2, code=371600000000, parent=370000000000",2026-08-01T00:00:00+08:00,,
CN-371700,371700,371700000000,菏泽市,37,山东省,地级市,core,2020,2020,2020,2020-01-01,,official_source_snapshot,SRC-ADMIN-DIVISION-2020,"level=2, code=371700000000, parent=370000000000",2026-08-01T00:00:00+08:00,,
CN-410100,410100,410100000000,郑州市,41,河南省,地级市,core,2020,2020,2020,2020-01-01,,official_source_snapshot,SRC-ADMIN-DIVISION-2020,"level=2, code=410100000000, parent=410000000000",2026-08-01T00:00:00+08:00,,
CN-410200,410200,410200000000,开封市,41,河南省,地级市,core,2020,2020,2020,2020-01-01,,official_source_snapshot,SRC-ADMIN-DIVISION-2020,"level=2, code=410200000000, parent=410000000000",2026-08-01T00:00:00+08:00,,
CN-410300,410300,410300000000,洛阳市,41,河南省,地级市,core,2020,2020,2020,2020-01-01,,official_source_snapshot,SRC-ADMIN-DIVISION-2020,"level=2, code=410300000000, parent=410000000000",2026-08-01T00:00:00+08:00,,
CN-410400,410400,410400000000,平顶山市,41,河南省,地级市,core,2020,2020,2020,2020-01-01,,official_source_snapshot,SRC-ADMIN-DIVISION-2020,"level=2, code=410400000000, parent=410000000000",2026-08-01T00:00:00+08:00,,
CN-410500,410500,410500000000,安阳市,41,河南省,地级市,core,2020,2020,2020,2020-01-01,,official_source_snapshot,SRC-ADMIN-DIVISION-2020,"level=2, code=410500000000, parent=410000000000",2026-08-01T00:00:00+08:00,,
CN-410600,410600,410600000000,鹤壁市,41,河南省,地级市,core,2020,2020,2020,2020-01-01,,official_source_snapshot,SRC-ADMIN-DIVISION-2020,"level=2, code=410600000000, parent=410000000000",2026-08-01T00:00:00+08:00,,
CN-410700,410700,410700000000,新乡市,41,河南省,地级市,core,2020,2020,2020,2020-01-01,,official_source_snapshot,SRC-ADMIN-DIVISION-2020,"level=2, code=410700000000, parent=410000000000",2026-08-01T00:00:00+08:00,,
CN-410800,410800,410800000000,焦作市,41,河南省,地级市,core,2020,2020,2020,2020-01-01,,official_source_snapshot,SRC-ADMIN-DIVISION-2020,"level=2, code=410800000000, parent=410000000000",2026-08-01T00:00:00+08:00,,
CN-410900,410900,410900000000,濮阳市,41,河南省,地级市,core,2020,2020,2020,2020-01-01,,official_source_snapshot,SRC-ADMIN-DIVISION-2020,"level=2, code=410900000000, parent=410000000000",2026-08-01T00:00:00+08:00,,
CN-411000,411000,411000000000,许昌市,41,河南省,地级市,core,2020,2020,2020,2020-01-01,,official_source_snapshot,SRC-ADMIN-DIVISION-2020,"level=2, code=411000000000, parent=410000000000",2026-08-01T00:00:00+08:00,,
CN-411100,411100,411100000000,漯河市,41,河南省,地级市,core,2020,2020,2020,2020-01-01,,official_source_snapshot,SRC-ADMIN-DIVISION-2020,"level=2, code=411100000000, parent=410000000000",2026-08-01T00:00:00+08:00,,
CN-411200,411200,411200000000,三门峡市,41,河南省,地级市,core,2020,2020,2020,2020-01-01,,official_source_snapshot,SRC-ADMIN-DIVISION-2020,"level=2, code=411200000000, parent=410000000000",2026-08-01T00:00:00+08:00,,
CN-411300,411300,411300000000,南阳市,41,河南省,地级市,core,2020,2020,2020,2020-01-01,,official_source_snapshot,SRC-ADMIN-DIVISION-2020,"level=2, code=411300000000, parent=410000000000",2026-08-01T00:00:00+08:00,,
CN-411400,411400,411400000000,商丘市,41,河南省,地级市,core,2020,2020,2020,2020-01-01,,official_source_snapshot,SRC-ADMIN-DIVISION-2020,"level=2, code=411400000000, parent=410000000000",2026-08-01T00:00:00+08:00,,
CN-411500,411500,411500000000,信阳市,41,河南省,地级市,core,2020,2020,2020,2020-01-01,,official_source_snapshot,SRC-ADMIN-DIVISION-2020,"level=2, code=411500000000, parent=410000000000",2026-08-01T00:00:00+08:00,,
CN-411600,411600,411600000000,周口市,41,河南省,地级市,core,2020,2020,2020,2020-01-01,,official_source_snapshot,SRC-ADMIN-DIVISION-2020,"level=2, code=411600000000, parent=410000000000",2026-08-01T00:00:00+08:00,,
CN-411700,411700,411700000000,驻马店市,41,河南省,地级市,core,2020,2020,2020,2020-01-01,,official_source_snapshot,SRC-ADMIN-DIVISION-2020,"level=2, code=411700000000, parent=410000000000",2026-08-01T00:00:00+08:00,,
CN-419000,419000,419000000000,省直辖县级行政区划,41,河南省,地级市,core,2020,2020,2020,2020-01-01,,official_source_snapshot,SRC-ADMIN-DIVISION-2020,"level=2, code=419000000000, parent=410000000000",2026-08-01T00:00:00+08:00,,
CN-420100,420100,420100000000,武汉市,42,湖北省,地级市,core,2020,2020,2020,2020-01-01,,official_source_snapshot,SRC-ADMIN-DIVISION-2020,"level=2, code=420100000000, parent=420000000000",2026-08-01T00:00:00+08:00,,
CN-420200,420200,420200000000,黄石市,42,湖北省,地级市,core,2020,2020,2020,2020-01-01,,official_source_snapshot,SRC-ADMIN-DIVISION-2020,"level=2, code=420200000000, parent=420000000000",2026-08-01T00:00:00+08:00,,
CN-420300,420300,420300000000,十堰市,42,湖北省,地级市,core,2020,2020,2020,2020-01-01,,official_source_snapshot,SRC-ADMIN-DIVISION-2020,"level=2, code=420300000000, parent=420000000000",2026-08-01T00:00:00+08:00,,
CN-420500,420500,420500000000,宜昌市,42,湖北省,地级市,core,2020,2020,2020,2020-01-01,,official_source_snapshot,SRC-ADMIN-DIVISION-2020,"level=2, code=420500000000, parent=420000000000",2026-08-01T00:00:00+08:00,,
CN-420600,420600,420600000000,襄阳市,42,湖北省,地级市,core,2020,2020,2020,2020-01-01,,official_source_snapshot,SRC-ADMIN-DIVISION-2020,"level=2, code=420600000000, parent=420000000000",2026-08-01T00:00:00+08:00,,
CN-420700,420700,420700000000,鄂州市,42,湖北省,地级市,core,2020,2020,2020,2020-01-01,,official_source_snapshot,SRC-ADMIN-DIVISION-2020,"level=2, code=420700000000, parent=420000000000",2026-08-01T00:00:00+08:00,,
CN-420800,420800,420800000000,荆门市,42,湖北省,地级市,core,2020,2020,2020,2020-01-01,,official_source_snapshot,SRC-ADMIN-DIVISION-2020,"level=2, code=420800000000, parent=420000000000",2026-08-01T00:00:00+08:00,,
CN-420900,420900,420900000000,孝感市,42,湖北省,地级市,core,2020,2020,2020,2020-01-01,,official_source_snapshot,SRC-ADMIN-DIVISION-2020,"level=2, code=420900000000, parent=420000000000",2026-08-01T00:00:00+08:00,,
CN-421000,421000,421000000000,荆州市,42,湖北省,地级市,core,2020,2020,2020,2020-01-01,,official_source_snapshot,SRC-ADMIN-DIVISION-2020,"level=2, code=421000000000, parent=420000000000",2026-08-01T00:00:00+08:00,,
CN-421100,421100,421100000000,黄冈市,42,湖北省,地级市,core,2020,2020,2020,2020-01-01,,official_source_snapshot,SRC-ADMIN-DIVISION-2020,"level=2, code=421100000000, parent=420000000000",2026-08-01T00:00:00+08:00,,
CN-421200,421200,421200000000,咸宁市,42,湖北省,地级市,core,2020,2020,2020,2020-01-01,,official_source_snapshot,SRC-ADMIN-DIVISION-2020,"level=2, code=421200000000, parent=420000000000",2026-08-01T00:00:00+08:00,,
CN-421300,421300,421300000000,随州市,42,湖北省,地级市,core,2020,2020,2020,2020-01-01,,official_source_snapshot,SRC-ADMIN-DIVISION-2020,"level=2, code=421300000000, parent=420000000000",2026-08-01T00:00:00+08:00,,
CN-422800,422800,422800000000,恩施土家族苗族自治州,42,湖北省,自治州,extended,2020,2020,2020,2020-01-01,,official_source_snapshot,SRC-ADMIN-DIVISION-2020,"level=2, code=422800000000, parent=420000000000",2026-08-01T00:00:00+08:00,,
CN-429000,429000,429000000000,省直辖县级行政区划,42,湖北省,地级市,core,2020,2020,2020,2020-01-01,,official_source_snapshot,SRC-ADMIN-DIVISION-2020,"level=2, code=429000000000, parent=420000000000",2026-08-01T00:00:00+08:00,,
CN-430100,430100,430100000000,长沙市,43,湖南省,地级市,core,2020,2020,2020,2020-01-01,,official_source_snapshot,SRC-ADMIN-DIVISION-2020,"level=2, code=430100000000, parent=430000000000",2026-08-01T00:00:00+08:00,,
CN-430200,430200,430200000000,株洲市,43,湖南省,地级市,core,2020,2020,2020,2020-01-01,,official_source_snapshot,SRC-ADMIN-DIVISION-2020,"level=2, code=430200000000, parent=430000000000",2026-08-01T00:00:00+08:00,,
CN-430300,430300,430300000000,湘潭市,43,湖南省,地级市,core,2020,2020,2020,2020-01-01,,official_source_snapshot,SRC-ADMIN-DIVISION-2020,"level=2, code=430300000000, parent=430000000000",2026-08-01T00:00:00+08:00,,
CN-430400,430400,430400000000,衡阳市,43,湖南省,地级市,core,2020,2020,2020,2020-01-01,,official_source_snapshot,SRC-ADMIN-DIVISION-2020,"level=2, code=430400000000, parent=430000000000",2026-08-01T00:00:00+08:00,,
CN-430500,430500,430500000000,邵阳市,43,湖南省,地级市,core,2020,2020,2020,2020-01-01,,official_source_snapshot,SRC-ADMIN-DIVISION-2020,"level=2, code=430500000000, parent=430000000000",2026-08-01T00:00:00+08:00,,
CN-430600,430600,430600000000,岳阳市,43,湖南省,地级市,core,2020,2020,2020,2020-01-01,,official_source_snapshot,SRC-ADMIN-DIVISION-2020,"level=2, code=430600000000, parent=430000000000",2026-08-01T00:00:00+08:00,,
CN-430700,430700,430700000000,常德市,43,湖南省,地级市,core,2020,2020,2020,2020-01-01,,official_source_snapshot,SRC-ADMIN-DIVISION-2020,"level=2, code=430700000000, parent=430000000000",2026-08-01T00:00:00+08:00,,
CN-430800,430800,430800000000,张家界市,43,湖南省,地级市,core,2020,2020,2020,2020-01-01,,official_source_snapshot,SRC-ADMIN-DIVISION-2020,"level=2, code=430800000000, parent=430000000000",2026-08-01T00:00:00+08:00,,
CN-430900,430900,430900000000,益阳市,43,湖南省,地级市,core,2020,2020,2020,2020-01-01,,official_source_snapshot,SRC-ADMIN-DIVISION-2020,"level=2, code=430900000000, parent=430000000000",2026-08-01T00:00:00+08:00,,
CN-431000,431000,431000000000,郴州市,43,湖南省,地级市,core,2020,2020,2020,2020-01-01,,official_source_snapshot,SRC-ADMIN-DIVISION-2020,"level=2, code=431000000000, parent=430000000000",2026-08-01T00:00:00+08:00,,
CN-431100,431100,431100000000,永州市,43,湖南省,地级市,core,2020,2020,2020,2020-01-01,,official_source_snapshot,SRC-ADMIN-DIVISION-2020,"level=2, code=431100000000, parent=430000000000",2026-08-01T00:00:00+08:00,,
CN-431200,431200,431200000000,怀化市,43,湖南省,地级市,core,2020,2020,2020,2020-01-01,,official_source_snapshot,SRC-ADMIN-DIVISION-2020,"level=2, code=431200000000, parent=430000000000",2026-08-01T00:00:00+08:00,,
CN-431300,431300,431300000000,娄底市,43,湖南省,地级市,core,2020,2020,2020,2020-01-01,,official_source_snapshot,SRC-ADMIN-DIVISION-2020,"level=2, code=431300000000, parent=430000000000",2026-08-01T00:00:00+08:00,,
CN-433100,433100,433100000000,湘西土家族苗族自治州,43,湖南省,自治州,extended,2020,2020,2020,2020-01-01,,official_source_snapshot,SRC-ADMIN-DIVISION-2020,"level=2, code=433100000000, parent=430000000000",2026-08-01T00:00:00+08:00,,
CN-440100,440100,440100000000,广州市,44,广东省,地级市,core,2020,2020,2020,2020-01-01,,official_source_snapshot,SRC-ADMIN-DIVISION-2020,"level=2, code=440100000000, parent=440000000000",2026-08-01T00:00:00+08:00,,
CN-440200,440200,440200000000,韶关市,44,广东省,地级市,core,2020,2020,2020,2020-01-01,,official_source_snapshot,SRC-ADMIN-DIVISION-2020,"level=2, code=440200000000, parent=440000000000",2026-08-01T00:00:00+08:00,,
CN-440300,440300,440300000000,深圳市,44,广东省,地级市,core,2020,2020,2020,2020-01-01,,official_source_snapshot,SRC-ADMIN-DIVISION-2020,"level=2, code=440300000000, parent=440000000000",2026-08-01T00:00:00+08:00,,
CN-440400,440400,440400000000,珠海市,44,广东省,地级市,core,2020,2020,2020,2020-01-01,,official_source_snapshot,SRC-ADMIN-DIVISION-2020,"level=2, code=440400000000, parent=440000000000",2026-08-01T00:00:00+08:00,,
CN-440500,440500,440500000000,汕头市,44,广东省,地级市,core,2020,2020,2020,2020-01-01,,official_source_snapshot,SRC-ADMIN-DIVISION-2020,"level=2, code=440500000000, parent=440000000000",2026-08-01T00:00:00+08:00,,
CN-440600,440600,440600000000,佛山市,44,广东省,地级市,core,2020,2020,2020,2020-01-01,,official_source_snapshot,SRC-ADMIN-DIVISION-2020,"level=2, code=440600000000, parent=440000000000",2026-08-01T00:00:00+08:00,,
CN-440700,440700,440700000000,江门市,44,广东省,地级市,core,2020,2020,2020,2020-01-01,,official_source_snapshot,SRC-ADMIN-DIVISION-2020,"level=2, code=440700000000, parent=440000000000",2026-08-01T00:00:00+08:00,,
CN-440800,440800,440800000000,湛江市,44,广东省,地级市,core,2020,2020,2020,2020-01-01,,official_source_snapshot,SRC-ADMIN-DIVISION-2020,"level=2, code=440800000000, parent=440000000000",2026-08-01T00:00:00+08:00,,
CN-440900,440900,440900000000,茂名市,44,广东省,地级市,core,2020,2020,2020,2020-01-01,,official_source_snapshot,SRC-ADMIN-DIVISION-2020,"level=2, code=440900000000, parent=440000000000",2026-08-01T00:00:00+08:00,,
CN-441200,441200,441200000000,肇庆市,44,广东省,地级市,core,2020,2020,2020,2020-01-01,,official_source_snapshot,SRC-ADMIN-DIVISION-2020,"level=2, code=441200000000, parent=440000000000",2026-08-01T00:00:00+08:00,,
CN-441300,441300,441300000000,惠州市,44,广东省,地级市,core,2020,2020,2020,2020-01-01,,official_source_snapshot,SRC-ADMIN-DIVISION-2020,"level=2, code=441300000000, parent=440000000000",2026-08-01T00:00:00+08:00,,
CN-441400,441400,441400000000,梅州市,44,广东省,地级市,core,2020,2020,2020,2020-01-01,,official_source_snapshot,SRC-ADMIN-DIVISION-2020,"level=2, code=441400000000, parent=440000000000",2026-08-01T00:00:00+08:00,,
CN-441500,441500,441500000000,汕尾市,44,广东省,地级市,core,2020,2020,2020,2020-01-01,,official_source_snapshot,SRC-ADMIN-DIVISION-2020,"level=2, code=441500000000, parent=440000000000",2026-08-01T00:00:00+08:00,,
CN-441600,441600,441600000000,河源市,44,广东省,地级市,core,2020,2020,2020,2020-01-01,,official_source_snapshot,SRC-ADMIN-DIVISION-2020,"level=2, code=441600000000, parent=440000000000",2026-08-01T00:00:00+08:00,,
CN-441700,441700,441700000000,阳江市,44,广东省,地级市,core,2020,2020,2020,2020-01-01,,official_source_snapshot,SRC-ADMIN-DIVISION-2020,"level=2, code=441700000000, parent=440000000000",2026-08-01T00:00:00+08:00,,
CN-441800,441800,441800000000,清远市,44,广东省,地级市,core,2020,2020,2020,2020-01-01,,official_source_snapshot,SRC-ADMIN-DIVISION-2020,"level=2, code=441800000000, parent=440000000000",2026-08-01T00:00:00+08:00,,
CN-441900,441900,441900000000,东莞市,44,广东省,地级市,core,2020,2020,2020,2020-01-01,,official_source_snapshot,SRC-ADMIN-DIVISION-2020,"level=2, code=441900000000, parent=440000000000",2026-08-01T00:00:00+08:00,,
CN-442000,442000,442000000000,中山市,44,广东省,地级市,core,2020,2020,2020,2020-01-01,,official_source_snapshot,SRC-ADMIN-DIVISION-2020,"level=2, code=442000000000, parent=440000000000",2026-08-01T00:00:00+08:00,,
CN-445100,445100,445100000000,潮州市,44,广东省,地级市,core,2020,2020,2020,2020-01-01,,official_source_snapshot,SRC-ADMIN-DIVISION-2020,"level=2, code=445100000000, parent=440000000000",2026-08-01T00:00:00+08:00,,
CN-445200,445200,445200000000,揭阳市,44,广东省,地级市,core,2020,2020,2020,2020-01-01,,official_source_snapshot,SRC-ADMIN-DIVISION-2020,"level=2, code=445200000000, parent=440000000000",2026-08-01T00:00:00+08:00,,
CN-445300,445300,445300000000,云浮市,44,广东省,地级市,core,2020,2020,2020,2020-01-01,,official_source_snapshot,SRC-ADMIN-DIVISION-2020,"level=2, code=445300000000, parent=440000000000",2026-08-01T00:00:00+08:00,,
CN-450100,450100,450100000000,南宁市,45,广西壮族自治区,地级市,core,2020,2020,2020,2020-01-01,,official_source_snapshot,SRC-ADMIN-DIVISION-2020,"level=2, code=450100000000, parent=450000000000",2026-08-01T00:00:00+08:00,,
CN-450200,450200,450200000000,柳州市,45,广西壮族自治区,地级市,core,2020,2020,2020,2020-01-01,,official_source_snapshot,SRC-ADMIN-DIVISION-2020,"level=2, code=450200000000, parent=450000000000",2026-08-01T00:00:00+08:00,,
CN-450300,450300,450300000000,桂林市,45,广西壮族自治区,地级市,core,2020,2020,2020,2020-01-01,,official_source_snapshot,SRC-ADMIN-DIVISION-2020,"level=2, code=450300000000, parent=450000000000",2026-08-01T00:00:00+08:00,,
CN-450400,450400,450400000000,梧州市,45,广西壮族自治区,地级市,core,2020,2020,2020,2020-01-01,,official_source_snapshot,SRC-ADMIN-DIVISION-2020,"level=2, code=450400000000, parent=450000000000",2026-08-01T00:00:00+08:00,,
CN-450500,450500,450500000000,北海市,45,广西壮族自治区,地级市,core,2020,2020,2020,2020-01-01,,official_source_snapshot,SRC-ADMIN-DIVISION-2020,"level=2, code=450500000000, parent=450000000000",2026-08-01T00:00:00+08:00,,
CN-450600,450600,450600000000,防城港市,45,广西壮族自治区,地级市,core,2020,2020,2020,2020-01-01,,official_source_snapshot,SRC-ADMIN-DIVISION-2020,"level=2, code=450600000000, parent=450000000000",2026-08-01T00:00:00+08:00,,
CN-450700,450700,450700000000,钦州市,45,广西壮族自治区,地级市,core,2020,2020,2020,2020-01-01,,official_source_snapshot,SRC-ADMIN-DIVISION-2020,"level=2, code=450700000000, parent=450000000000",2026-08-01T00:00:00+08:00,,
CN-450800,450800,450800000000,贵港市,45,广西壮族自治区,地级市,core,2020,2020,2020,2020-01-01,,official_source_snapshot,SRC-ADMIN-DIVISION-2020,"level=2, code=450800000000, parent=450000000000",2026-08-01T00:00:00+08:00,,
CN-450900,450900,450900000000,玉林市,45,广西壮族自治区,地级市,core,2020,2020,2020,2020-01-01,,official_source_snapshot,SRC-ADMIN-DIVISION-2020,"level=2, code=450900000000, parent=450000000000",2026-08-01T00:00:00+08:00,,
CN-451000,451000,451000000000,百色市,45,广西壮族自治区,地级市,core,2020,2020,2020,2020-01-01,,official_source_snapshot,SRC-ADMIN-DIVISION-2020,"level=2, code=451000000000, parent=450000000000",2026-08-01T00:00:00+08:00,,
CN-451100,451100,451100000000,贺州市,45,广西壮族自治区,地级市,core,2020,2020,2020,2020-01-01,,official_source_snapshot,SRC-ADMIN-DIVISION-2020,"level=2, code=451100000000, parent=450000000000",2026-08-01T00:00:00+08:00,,
CN-451200,451200,451200000000,河池市,45,广西壮族自治区,地级市,core,2020,2020,2020,2020-01-01,,official_source_snapshot,SRC-ADMIN-DIVISION-2020,"level=2, code=451200000000, parent=450000000000",2026-08-01T00:00:00+08:00,,
CN-451300,451300,451300000000,来宾市,45,广西壮族自治区,地级市,core,2020,2020,2020,2020-01-01,,official_source_snapshot,SRC-ADMIN-DIVISION-2020,"level=2, code=451300000000, parent=450000000000",2026-08-01T00:00:00+08:00,,
CN-451400,451400,451400000000,崇左市,45,广西壮族自治区,地级市,core,2020,2020,2020,2020-01-01,,official_source_snapshot,SRC-ADMIN-DIVISION-2020,"level=2, code=451400000000, parent=450000000000",2026-08-01T00:00:00+08:00,,
CN-460100,460100,460100000000,海口市,46,海南省,地级市,core,2020,2020,2020,2020-01-01,,official_source_snapshot,SRC-ADMIN-DIVISION-2020,"level=2, code=460100000000, parent=460000000000",2026-08-01T00:00:00+08:00,,
CN-460200,460200,460200000000,三亚市,46,海南省,地级市,core,2020,2020,2020,2020-01-01,,official_source_snapshot,SRC-ADMIN-DIVISION-2020,"level=2, code=460200000000, parent=460000000000",2026-08-01T00:00:00+08:00,,
CN-460300,460300,460300000000,三沙市,46,海南省,地级市,core,2020,2020,2020,2020-01-01,,official_source_snapshot,SRC-ADMIN-DIVISION-2020,"level=2, code=460300000000, parent=460000000000",2026-08-01T00:00:00+08:00,,
CN-460400,460400,460400000000,儋州市,46,海南省,地级市,core,2020,2020,2020,2020-01-01,,official_source_snapshot,SRC-ADMIN-DIVISION-2020,"level=2, code=460400000000, parent=460000000000",2026-08-01T00:00:00+08:00,,
CN-469000,469000,469000000000,省直辖县级行政区划,46,海南省,地级市,core,2020,2020,2020,2020-01-01,,official_source_snapshot,SRC-ADMIN-DIVISION-2020,"level=2, code=469000000000, parent=460000000000",2026-08-01T00:00:00+08:00,,
CN-500000,500000,500000000000,重庆市,50,重庆市,直辖市,separate,2020,2020,2020,2020-01-01,,official_source_snapshot,SRC-ADMIN-DIVISION-2020,"level=2, code=500100000000, parent=500000000000",2026-08-01T00:00:00+08:00,,
CN-510100,510100,510100000000,成都市,51,四川省,地级市,core,2020,2020,2020,2020-01-01,,official_source_snapshot,SRC-ADMIN-DIVISION-2020,"level=2, code=510100000000, parent=510000000000",2026-08-01T00:00:00+08:00,,
CN-510300,510300,510300000000,自贡市,51,四川省,地级市,core,2020,2020,2020,2020-01-01,,official_source_snapshot,SRC-ADMIN-DIVISION-2020,"level=2, code=510300000000, parent=510000000000",2026-08-01T00:00:00+08:00,,
CN-510400,510400,510400000000,攀枝花市,51,四川省,地级市,core,2020,2020,2020,2020-01-01,,official_source_snapshot,SRC-ADMIN-DIVISION-2020,"level=2, code=510400000000, parent=510000000000",2026-08-01T00:00:00+08:00,,
CN-510500,510500,510500000000,泸州市,51,四川省,地级市,core,2020,2020,2020,2020-01-01,,official_source_snapshot,SRC-ADMIN-DIVISION-2020,"level=2, code=510500000000, parent=510000000000",2026-08-01T00:00:00+08:00,,
CN-510600,510600,510600000000,德阳市,51,四川省,地级市,core,2020,2020,2020,2020-01-01,,official_source_snapshot,SRC-ADMIN-DIVISION-2020,"level=2, code=510600000000, parent=510000000000",2026-08-01T00:00:00+08:00,,
CN-510700,510700,510700000000,绵阳市,51,四川省,地级市,core,2020,2020,2020,2020-01-01,,official_source_snapshot,SRC-ADMIN-DIVISION-2020,"level=2, code=510700000000, parent=510000000000",2026-08-01T00:00:00+08:00,,
CN-510800,510800,510800000000,广元市,51,四川省,地级市,core,2020,2020,2020,2020-01-01,,official_source_snapshot,SRC-ADMIN-DIVISION-2020,"level=2, code=510800000000, parent=510000000000",2026-08-01T00:00:00+08:00,,
CN-510900,510900,510900000000,遂宁市,51,四川省,地级市,core,2020,2020,2020,2020-01-01,,official_source_snapshot,SRC-ADMIN-DIVISION-2020,"level=2, code=510900000000, parent=510000000000",2026-08-01T00:00:00+08:00,,
CN-511000,511000,511000000000,内江市,51,四川省,地级市,core,2020,2020,2020,2020-01-01,,official_source_snapshot,SRC-ADMIN-DIVISION-2020,"level=2, code=511000000000, parent=510000000000",2026-08-01T00:00:00+08:00,,
CN-511100,511100,511100000000,乐山市,51,四川省,地级市,core,2020,2020,2020,2020-01-01,,official_source_snapshot,SRC-ADMIN-DIVISION-2020,"level=2, code=511100000000, parent=510000000000",2026-08-01T00:00:00+08:00,,
CN-511300,511300,511300000000,南充市,51,四川省,地级市,core,2020,2020,2020,2020-01-01,,official_source_snapshot,SRC-ADMIN-DIVISION-2020,"level=2, code=511300000000, parent=510000000000",2026-08-01T00:00:00+08:00,,
CN-511400,511400,511400000000,眉山市,51,四川省,地级市,core,2020,2020,2020,2020-01-01,,official_source_snapshot,SRC-ADMIN-DIVISION-2020,"level=2, code=511400000000, parent=510000000000",2026-08-01T00:00:00+08:00,,
CN-511500,511500,511500000000,宜宾市,51,四川省,地级市,core,2020,2020,2020,2020-01-01,,official_source_snapshot,SRC-ADMIN-DIVISION-2020,"level=2, code=511500000000, parent=510000000000",2026-08-01T00:00:00+08:00,,
CN-511600,511600,511600000000,广安市,51,四川省,地级市,core,2020,2020,2020,2020-01-01,,official_source_snapshot,SRC-ADMIN-DIVISION-2020,"level=2, code=511600000000, parent=510000000000",2026-08-01T00:00:00+08:00,,
CN-511700,511700,511700000000,达州市,51,四川省,地级市,core,2020,2020,2020,2020-01-01,,official_source_snapshot,SRC-ADMIN-DIVISION-2020,"level=2, code=511700000000, parent=510000000000",2026-08-01T00:00:00+08:00,,
CN-511800,511800,511800000000,雅安市,51,四川省,地级市,core,2020,2020,2020,2020-01-01,,official_source_snapshot,SRC-ADMIN-DIVISION-2020,"level=2, code=511800000000, parent=510000000000",2026-08-01T00:00:00+08:00,,
CN-511900,511900,511900000000,巴中市,51,四川省,地级市,core,2020,2020,2020,2020-01-01,,official_source_snapshot,SRC-ADMIN-DIVISION-2020,"level=2, code=511900000000, parent=510000000000",2026-08-01T00:00:00+08:00,,
CN-512000,512000,512000000000,资阳市,51,四川省,地级市,core,2020,2020,2020,2020-01-01,,official_source_snapshot,SRC-ADMIN-DIVISION-2020,"level=2, code=512000000000, parent=510000000000",2026-08-01T00:00:00+08:00,,
CN-513200,513200,513200000000,阿坝藏族羌族自治州,51,四川省,自治州,extended,2020,2020,2020,2020-01-01,,official_source_snapshot,SRC-ADMIN-DIVISION-2020,"level=2, code=513200000000, parent=510000000000",2026-08-01T00:00:00+08:00,,
CN-513300,513300,513300000000,甘孜藏族自治州,51,四川省,自治州,extended,2020,2020,2020,2020-01-01,,official_source_snapshot,SRC-ADMIN-DIVISION-2020,"level=2, code=513300000000, parent=510000000000",2026-08-01T00:00:00+08:00,,
CN-513400,513400,513400000000,凉山彝族自治州,51,四川省,自治州,extended,2020,2020,2020,2020-01-01,,official_source_snapshot,SRC-ADMIN-DIVISION-2020,"level=2, code=513400000000, parent=510000000000",2026-08-01T00:00:00+08:00,,
CN-520100,520100,520100000000,贵阳市,52,贵州省,地级市,core,2020,2020,2020,2020-01-01,,official_source_snapshot,SRC-ADMIN-DIVISION-2020,"level=2, code=520100000000, parent=520000000000",2026-08-01T00:00:00+08:00,,
CN-520200,520200,520200000000,六盘水市,52,贵州省,地级市,core,2020,2020,2020,2020-01-01,,official_source_snapshot,SRC-ADMIN-DIVISION-2020,"level=2, code=520200000000, parent=520000000000",2026-08-01T00:00:00+08:00,,
CN-520300,520300,520300000000,遵义市,52,贵州省,地级市,core,2020,2020,2020,2020-01-01,,official_source_snapshot,SRC-ADMIN-DIVISION-2020,"level=2, code=520300000000, parent=520000000000",2026-08-01T00:00:00+08:00,,
CN-520400,520400,520400000000,安顺市,52,贵州省,地级市,core,2020,2020,2020,2020-01-01,,official_source_snapshot,SRC-ADMIN-DIVISION-2020,"level=2, code=520400000000, parent=520000000000",2026-08-01T00:00:00+08:00,,
CN-520500,520500,520500000000,毕节市,52,贵州省,地级市,core,2020,2020,2020,2020-01-01,,official_source_snapshot,SRC-ADMIN-DIVISION-2020,"level=2, code=520500000000, parent=520000000000",2026-08-01T00:00:00+08:00,,
CN-520600,520600,520600000000,铜仁市,52,贵州省,地级市,core,2020,2020,2020,2020-01-01,,official_source_snapshot,SRC-ADMIN-DIVISION-2020,"level=2, code=520600000000, parent=520000000000",2026-08-01T00:00:00+08:00,,
CN-522300,522300,522300000000,黔西南布依族苗族自治州,52,贵州省,自治州,extended,2020,2020,2020,2020-01-01,,official_source_snapshot,SRC-ADMIN-DIVISION-2020,"level=2, code=522300000000, parent=520000000000",2026-08-01T00:00:00+08:00,,
CN-522600,522600,522600000000,黔东南苗族侗族自治州,52,贵州省,自治州,extended,2020,2020,2020,2020-01-01,,official_source_snapshot,SRC-ADMIN-DIVISION-2020,"level=2, code=522600000000, parent=520000000000",2026-08-01T00:00:00+08:00,,
CN-522700,522700,522700000000,黔南布依族苗族自治州,52,贵州省,自治州,extended,2020,2020,2020,2020-01-01,,official_source_snapshot,SRC-ADMIN-DIVISION-2020,"level=2, code=522700000000, parent=520000000000",2026-08-01T00:00:00+08:00,,
CN-530100,530100,530100000000,昆明市,53,云南省,地级市,core,2020,2020,2020,2020-01-01,,official_source_snapshot,SRC-ADMIN-DIVISION-2020,"level=2, code=530100000000, parent=530000000000",2026-08-01T00:00:00+08:00,,
CN-530300,530300,530300000000,曲靖市,53,云南省,地级市,core,2020,2020,2020,2020-01-01,,official_source_snapshot,SRC-ADMIN-DIVISION-2020,"level=2, code=530300000000, parent=530000000000",2026-08-01T00:00:00+08:00,,
CN-530400,530400,530400000000,玉溪市,53,云南省,地级市,core,2020,2020,2020,2020-01-01,,official_source_snapshot,SRC-ADMIN-DIVISION-2020,"level=2, code=530400000000, parent=530000000000",2026-08-01T00:00:00+08:00,,
CN-530500,530500,530500000000,保山市,53,云南省,地级市,core,2020,2020,2020,2020-01-01,,official_source_snapshot,SRC-ADMIN-DIVISION-2020,"level=2, code=530500000000, parent=530000000000",2026-08-01T00:00:00+08:00,,
CN-530600,530600,530600000000,昭通市,53,云南省,地级市,core,2020,2020,2020,2020-01-01,,official_source_snapshot,SRC-ADMIN-DIVISION-2020,"level=2, code=530600000000, parent=530000000000",2026-08-01T00:00:00+08:00,,
CN-530700,530700,530700000000,丽江市,53,云南省,地级市,core,2020,2020,2020,2020-01-01,,official_source_snapshot,SRC-ADMIN-DIVISION-2020,"level=2, code=530700000000, parent=530000000000",2026-08-01T00:00:00+08:00,,
CN-530800,530800,530800000000,普洱市,53,云南省,地级市,core,2020,2020,2020,2020-01-01,,official_source_snapshot,SRC-ADMIN-DIVISION-2020,"level=2, code=530800000000, parent=530000000000",2026-08-01T00:00:00+08:00,,
CN-530900,530900,530900000000,临沧市,53,云南省,地级市,core,2020,2020,2020,2020-01-01,,official_source_snapshot,SRC-ADMIN-DIVISION-2020,"level=2, code=530900000000, parent=530000000000",2026-08-01T00:00:00+08:00,,
CN-532300,532300,532300000000,楚雄彝族自治州,53,云南省,自治州,extended,2020,2020,2020,2020-01-01,,official_source_snapshot,SRC-ADMIN-DIVISION-2020,"level=2, code=532300000000, parent=530000000000",2026-08-01T00:00:00+08:00,,
CN-532500,532500,532500000000,红河哈尼族彝族自治州,53,云南省,自治州,extended,2020,2020,2020,2020-01-01,,official_source_snapshot,SRC-ADMIN-DIVISION-2020,"level=2, code=532500000000, parent=530000000000",2026-08-01T00:00:00+08:00,,
CN-532600,532600,532600000000,文山壮族苗族自治州,53,云南省,自治州,extended,2020,2020,2020,2020-01-01,,official_source_snapshot,SRC-ADMIN-DIVISION-2020,"level=2, code=532600000000, parent=530000000000",2026-08-01T00:00:00+08:00,,
CN-532800,532800,532800000000,西双版纳傣族自治州,53,云南省,自治州,extended,2020,2020,2020,2020-01-01,,official_source_snapshot,SRC-ADMIN-DIVISION-2020,"level=2, code=532800000000, parent=530000000000",2026-08-01T00:00:00+08:00,,
CN-532900,532900,532900000000,大理白族自治州,53,云南省,自治州,extended,2020,2020,2020,2020-01-01,,official_source_snapshot,SRC-ADMIN-DIVISION-2020,"level=2, code=532900000000, parent=530000000000",2026-08-01T00:00:00+08:00,,
CN-533100,533100,533100000000,德宏傣族景颇族自治州,53,云南省,自治州,extended,2020,2020,2020,2020-01-01,,official_source_snapshot,SRC-ADMIN-DIVISION-2020,"level=2, code=533100000000, parent=530000000000",2026-08-01T00:00:00+08:00,,
CN-533300,533300,533300000000,怒江傈僳族自治州,53,云南省,自治州,extended,2020,2020,2020,2020-01-01,,official_source_snapshot,SRC-ADMIN-DIVISION-2020,"level=2, code=533300000000, parent=530000000000",2026-08-01T00:00:00+08:00,,
CN-533400,533400,533400000000,迪庆藏族自治州,53,云南省,自治州,extended,2020,2020,2020,2020-01-01,,official_source_snapshot,SRC-ADMIN-DIVISION-2020,"level=2, code=533400000000, parent=530000000000",2026-08-01T00:00:00+08:00,,
CN-540100,540100,540100000000,拉萨市,54,西藏自治区,地级市,core,2020,2020,2020,2020-01-01,,official_source_snapshot,SRC-ADMIN-DIVISION-2020,"level=2, code=540100000000, parent=540000000000",2026-08-01T00:00:00+08:00,,
CN-540200,540200,540200000000,日喀则市,54,西藏自治区,地级市,core,2020,2020,2020,2020-01-01,,official_source_snapshot,SRC-ADMIN-DIVISION-2020,"level=2, code=540200000000, parent=540000000000",2026-08-01T00:00:00+08:00,,
CN-540300,540300,540300000000,昌都市,54,西藏自治区,地级市,core,2020,2020,2020,2020-01-01,,official_source_snapshot,SRC-ADMIN-DIVISION-2020,"level=2, code=540300000000, parent=540000000000",2026-08-01T00:00:00+08:00,,
CN-540400,540400,540400000000,林芝市,54,西藏自治区,地级市,core,2020,2020,2020,2020-01-01,,official_source_snapshot,SRC-ADMIN-DIVISION-2020,"level=2, code=540400000000, parent=540000000000",2026-08-01T00:00:00+08:00,,
CN-540500,540500,540500000000,山南市,54,西藏自治区,地级市,core,2020,2020,2020,2020-01-01,,official_source_snapshot,SRC-ADMIN-DIVISION-2020,"level=2, code=540500000000, parent=540000000000",2026-08-01T00:00:00+08:00,,
CN-540600,540600,540600000000,那曲市,54,西藏自治区,地级市,core,2020,2020,2020,2020-01-01,,official_source_snapshot,SRC-ADMIN-DIVISION-2020,"level=2, code=540600000000, parent=540000000000",2026-08-01T00:00:00+08:00,,
CN-542500,542500,542500000000,阿里地区,54,西藏自治区,地区,extended,2020,2020,2020,2020-01-01,,official_source_snapshot,SRC-ADMIN-DIVISION-2020,"level=2, code=542500000000, parent=540000000000",2026-08-01T00:00:00+08:00,,
CN-610100,610100,610100000000,西安市,61,陕西省,地级市,core,2020,2020,2020,2020-01-01,,official_source_snapshot,SRC-ADMIN-DIVISION-2020,"level=2, code=610100000000, parent=610000000000",2026-08-01T00:00:00+08:00,,
CN-610200,610200,610200000000,铜川市,61,陕西省,地级市,core,2020,2020,2020,2020-01-01,,official_source_snapshot,SRC-ADMIN-DIVISION-2020,"level=2, code=610200000000, parent=610000000000",2026-08-01T00:00:00+08:00,,
CN-610300,610300,610300000000,宝鸡市,61,陕西省,地级市,core,2020,2020,2020,2020-01-01,,official_source_snapshot,SRC-ADMIN-DIVISION-2020,"level=2, code=610300000000, parent=610000000000",2026-08-01T00:00:00+08:00,,
CN-610400,610400,610400000000,咸阳市,61,陕西省,地级市,core,2020,2020,2020,2020-01-01,,official_source_snapshot,SRC-ADMIN-DIVISION-2020,"level=2, code=610400000000, parent=610000000000",2026-08-01T00:00:00+08:00,,
CN-610500,610500,610500000000,渭南市,61,陕西省,地级市,core,2020,2020,2020,2020-01-01,,official_source_snapshot,SRC-ADMIN-DIVISION-2020,"level=2, code=610500000000, parent=610000000000",2026-08-01T00:00:00+08:00,,
CN-610600,610600,610600000000,延安市,61,陕西省,地级市,core,2020,2020,2020,2020-01-01,,official_source_snapshot,SRC-ADMIN-DIVISION-2020,"level=2, code=610600000000, parent=610000000000",2026-08-01T00:00:00+08:00,,
CN-610700,610700,610700000000,汉中市,61,陕西省,地级市,core,2020,2020,2020,2020-01-01,,official_source_snapshot,SRC-ADMIN-DIVISION-2020,"level=2, code=610700000000, parent=610000000000",2026-08-01T00:00:00+08:00,,
CN-610800,610800,610800000000,榆林市,61,陕西省,地级市,core,2020,2020,2020,2020-01-01,,official_source_snapshot,SRC-ADMIN-DIVISION-2020,"level=2, code=610800000000, parent=610000000000",2026-08-01T00:00:00+08:00,,
CN-610900,610900,610900000000,安康市,61,陕西省,地级市,core,2020,2020,2020,2020-01-01,,official_source_snapshot,SRC-ADMIN-DIVISION-2020,"level=2, code=610900000000, parent=610000000000",2026-08-01T00:00:00+08:00,,
CN-611000,611000,611000000000,商洛市,61,陕西省,地级市,core,2020,2020,2020,2020-01-01,,official_source_snapshot,SRC-ADMIN-DIVISION-2020,"level=2, code=611000000000, parent=610000000000",2026-08-01T00:00:00+08:00,,
CN-620100,620100,620100000000,兰州市,62,甘肃省,地级市,core,2020,2020,2020,2020-01-01,,official_source_snapshot,SRC-ADMIN-DIVISION-2020,"level=2, code=620100000000, parent=620000000000",2026-08-01T00:00:00+08:00,,
CN-620200,620200,620200000000,嘉峪关市,62,甘肃省,地级市,core,2020,2020,2020,2020-01-01,,official_source_snapshot,SRC-ADMIN-DIVISION-2020,"level=2, code=620200000000, parent=620000000000",2026-08-01T00:00:00+08:00,,
CN-620300,620300,620300000000,金昌市,62,甘肃省,地级市,core,2020,2020,2020,2020-01-01,,official_source_snapshot,SRC-ADMIN-DIVISION-2020,"level=2, code=620300000000, parent=620000000000",2026-08-01T00:00:00+08:00,,
CN-620400,620400,620400000000,白银市,62,甘肃省,地级市,core,2020,2020,2020,2020-01-01,,official_source_snapshot,SRC-ADMIN-DIVISION-2020,"level=2, code=620400000000, parent=620000000000",2026-08-01T00:00:00+08:00,,
CN-620500,620500,620500000000,天水市,62,甘肃省,地级市,core,2020,2020,2020,2020-01-01,,official_source_snapshot,SRC-ADMIN-DIVISION-2020,"level=2, code=620500000000, parent=620000000000",2026-08-01T00:00:00+08:00,,
CN-620600,620600,620600000000,武威市,62,甘肃省,地级市,core,2020,2020,2020,2020-01-01,,official_source_snapshot,SRC-ADMIN-DIVISION-2020,"level=2, code=620600000000, parent=620000000000",2026-08-01T00:00:00+08:00,,
CN-620700,620700,620700000000,张掖市,62,甘肃省,地级市,core,2020,2020,2020,2020-01-01,,official_source_snapshot,SRC-ADMIN-DIVISION-2020,"level=2, code=620700000000, parent=620000000000",2026-08-01T00:00:00+08:00,,
CN-620800,620800,620800000000,平凉市,62,甘肃省,地级市,core,2020,2020,2020,2020-01-01,,official_source_snapshot,SRC-ADMIN-DIVISION-2020,"level=2, code=620800000000, parent=620000000000",2026-08-01T00:00:00+08:00,,
CN-620900,620900,620900000000,酒泉市,62,甘肃省,地级市,core,2020,2020,2020,2020-01-01,,official_source_snapshot,SRC-ADMIN-DIVISION-2020,"level=2, code=620900000000, parent=620000000000",2026-08-01T00:00:00+08:00,,
CN-621000,621000,621000000000,庆阳市,62,甘肃省,地级市,core,2020,2020,2020,2020-01-01,,official_source_snapshot,SRC-ADMIN-DIVISION-2020,"level=2, code=621000000000, parent=620000000000",2026-08-01T00:00:00+08:00,,
CN-621100,621100,621100000000,定西市,62,甘肃省,地级市,core,2020,2020,2020,2020-01-01,,official_source_snapshot,SRC-ADMIN-DIVISION-2020,"level=2, code=621100000000, parent=620000000000",2026-08-01T00:00:00+08:00,,
CN-621200,621200,621200000000,陇南市,62,甘肃省,地级市,core,2020,2020,2020,2020-01-01,,official_source_snapshot,SRC-ADMIN-DIVISION-2020,"level=2, code=621200000000, parent=620000000000",2026-08-01T00:00:00+08:00,,
CN-622900,622900,622900000000,临夏回族自治州,62,甘肃省,自治州,extended,2020,2020,2020,2020-01-01,,official_source_snapshot,SRC-ADMIN-DIVISION-2020,"level=2, code=622900000000, parent=620000000000",2026-08-01T00:00:00+08:00,,
CN-623000,623000,623000000000,甘南藏族自治州,62,甘肃省,自治州,extended,2020,2020,2020,2020-01-01,,official_source_snapshot,SRC-ADMIN-DIVISION-2020,"level=2, code=623000000000, parent=620000000000",2026-08-01T00:00:00+08:00,,
CN-630100,630100,630100000000,西宁市,63,青海省,地级市,core,2020,2020,2020,2020-01-01,,official_source_snapshot,SRC-ADMIN-DIVISION-2020,"level=2, code=630100000000, parent=630000000000",2026-08-01T00:00:00+08:00,,
CN-630200,630200,630200000000,海东市,63,青海省,地级市,core,2020,2020,2020,2020-01-01,,official_source_snapshot,SRC-ADMIN-DIVISION-2020,"level=2, code=630200000000, parent=630000000000",2026-08-01T00:00:00+08:00,,
CN-632200,632200,632200000000,海北藏族自治州,63,青海省,自治州,extended,2020,2020,2020,2020-01-01,,official_source_snapshot,SRC-ADMIN-DIVISION-2020,"level=2, code=632200000000, parent=630000000000",2026-08-01T00:00:00+08:00,,
CN-632300,632300,632300000000,黄南藏族自治州,63,青海省,自治州,extended,2020,2020,2020,2020-01-01,,official_source_snapshot,SRC-ADMIN-DIVISION-2020,"level=2, code=632300000000, parent=630000000000",2026-08-01T00:00:00+08:00,,
CN-632500,632500,632500000000,海南藏族自治州,63,青海省,自治州,extended,2020,2020,2020,2020-01-01,,official_source_snapshot,SRC-ADMIN-DIVISION-2020,"level=2, code=632500000000, parent=630000000000",2026-08-01T00:00:00+08:00,,
CN-632600,632600,632600000000,果洛藏族自治州,63,青海省,自治州,extended,2020,2020,2020,2020-01-01,,official_source_snapshot,SRC-ADMIN-DIVISION-2020,"level=2, code=632600000000, parent=630000000000",2026-08-01T00:00:00+08:00,,
CN-632700,632700,632700000000,玉树藏族自治州,63,青海省,自治州,extended,2020,2020,2020,2020-01-01,,official_source_snapshot,SRC-ADMIN-DIVISION-2020,"level=2, code=632700000000, parent=630000000000",2026-08-01T00:00:00+08:00,,
CN-632800,632800,632800000000,海西蒙古族藏族自治州,63,青海省,自治州,extended,2020,2020,2020,2020-01-01,,official_source_snapshot,SRC-ADMIN-DIVISION-2020,"level=2, code=632800000000, parent=630000000000",2026-08-01T00:00:00+08:00,,
CN-640100,640100,640100000000,银川市,64,宁夏回族自治区,地级市,core,2020,2020,2020,2020-01-01,,official_source_snapshot,SRC-ADMIN-DIVISION-2020,"level=2, code=640100000000, parent=640000000000",2026-08-01T00:00:00+08:00,,
CN-640200,640200,640200000000,石嘴山市,64,宁夏回族自治区,地级市,core,2020,2020,2020,2020-01-01,,official_source_snapshot,SRC-ADMIN-DIVISION-2020,"level=2, code=640200000000, parent=640000000000",2026-08-01T00:00:00+08:00,,
CN-640300,640300,640300000000,吴忠市,64,宁夏回族自治区,地级市,core,2020,2020,2020,2020-01-01,,official_source_snapshot,SRC-ADMIN-DIVISION-2020,"level=2, code=640300000000, parent=640000000000",2026-08-01T00:00:00+08:00,,
CN-640400,640400,640400000000,固原市,64,宁夏回族自治区,地级市,core,2020,2020,2020,2020-01-01,,official_source_snapshot,SRC-ADMIN-DIVISION-2020,"level=2, code=640400000000, parent=640000000000",2026-08-01T00:00:00+08:00,,
CN-640500,640500,640500000000,中卫市,64,宁夏回族自治区,地级市,core,2020,2020,2020,2020-01-01,,official_source_snapshot,SRC-ADMIN-DIVISION-2020,"level=2, code=640500000000, parent=640000000000",2026-08-01T00:00:00+08:00,,
CN-650100,650100,650100000000,乌鲁木齐市,65,新疆维吾尔自治区,地级市,core,2020,2020,2020,2020-01-01,,official_source_snapshot,SRC-ADMIN-DIVISION-2020,"level=2, code=650100000000, parent=650000000000",2026-08-01T00:00:00+08:00,,
CN-650200,650200,650200000000,克拉玛依市,65,新疆维吾尔自治区,地级市,core,2020,2020,2020,2020-01-01,,official_source_snapshot,SRC-ADMIN-DIVISION-2020,"level=2, code=650200000000, parent=650000000000",2026-08-01T00:00:00+08:00,,
CN-650400,650400,650400000000,吐鲁番市,65,新疆维吾尔自治区,地级市,core,2020,2020,2020,2020-01-01,,official_source_snapshot,SRC-ADMIN-DIVISION-2020,"level=2, code=650400000000, parent=650000000000",2026-08-01T00:00:00+08:00,,
CN-650500,650500,650500000000,哈密市,65,新疆维吾尔自治区,地级市,core,2020,2020,2020,2020-01-01,,official_source_snapshot,SRC-ADMIN-DIVISION-2020,"level=2, code=650500000000, parent=650000000000",2026-08-01T00:00:00+08:00,,
CN-652300,652300,652300000000,昌吉回族自治州,65,新疆维吾尔自治区,自治州,extended,2020,2020,2020,2020-01-01,,official_source_snapshot,SRC-ADMIN-DIVISION-2020,"level=2, code=652300000000, parent=650000000000",2026-08-01T00:00:00+08:00,,
CN-652700,652700,652700000000,博尔塔拉蒙古自治州,65,新疆维吾尔自治区,自治州,extended,2020,2020,2020,2020-01-01,,official_source_snapshot,SRC-ADMIN-DIVISION-2020,"level=2, code=652700000000, parent=650000000000",2026-08-01T00:00:00+08:00,,
CN-652800,652800,652800000000,巴音郭楞蒙古自治州,65,新疆维吾尔自治区,自治州,extended,2020,2020,2020,2020-01-01,,official_source_snapshot,SRC-ADMIN-DIVISION-2020,"level=2, code=652800000000, parent=650000000000",2026-08-01T00:00:00+08:00,,
CN-652900,652900,652900000000,阿克苏地区,65,新疆维吾尔自治区,地区,extended,2020,2020,2020,2020-01-01,,official_source_snapshot,SRC-ADMIN-DIVISION-2020,"level=2, code=652900000000, parent=650000000000",2026-08-01T00:00:00+08:00,,
CN-653000,653000,653000000000,克孜勒苏柯尔克孜自治州,65,新疆维吾尔自治区,自治州,extended,2020,2020,2020,2020-01-01,,official_source_snapshot,SRC-ADMIN-DIVISION-2020,"level=2, code=653000000000, parent=650000000000",2026-08-01T00:00:00+08:00,,
CN-653100,653100,653100000000,喀什地区,65,新疆维吾尔自治区,地区,extended,2020,2020,2020,2020-01-01,,official_source_snapshot,SRC-ADMIN-DIVISION-2020,"level=2, code=653100000000, parent=650000000000",2026-08-01T00:00:00+08:00,,
CN-653200,653200,653200000000,和田地区,65,新疆维吾尔自治区,地区,extended,2020,2020,2020,2020-01-01,,official_source_snapshot,SRC-ADMIN-DIVISION-2020,"level=2, code=653200000000, parent=650000000000",2026-08-01T00:00:00+08:00,,
CN-654000,654000,654000000000,伊犁哈萨克自治州,65,新疆维吾尔自治区,自治州,extended,2020,2020,2020,2020-01-01,,official_source_snapshot,SRC-ADMIN-DIVISION-2020,"level=2, code=654000000000, parent=650000000000",2026-08-01T00:00:00+08:00,,
CN-654200,654200,654200000000,塔城地区,65,新疆维吾尔自治区,地区,extended,2020,2020,2020,2020-01-01,,official_source_snapshot,SRC-ADMIN-DIVISION-2020,"level=2, code=654200000000, parent=650000000000",2026-08-01T00:00:00+08:00,,
CN-654300,654300,654300000000,阿勒泰地区,65,新疆维吾尔自治区,地区,extended,2020,2020,2020,2020-01-01,,official_source_snapshot,SRC-ADMIN-DIVISION-2020,"level=2, code=654300000000, parent=650000000000",2026-08-01T00:00:00+08:00,,
CN-659000,659000,659000000000,自治区直辖县级行政区划,65,新疆维吾尔自治区,地级市,core,2020,2020,2020,2020-01-01,,official_source_snapshot,SRC-ADMIN-DIVISION-2020,"level=2, code=659000000000, parent=650000000000",2026-08-01T00:00:00+08:00,,
CN-110000,110000,110000000000,北京市,11,北京市,直辖市,separate,2021,2021,2021,2021-01-01,,official_source_snapshot,SRC-ADMIN-DIVISION-2021,"level=2, code=110100000000, parent=110000000000",2026-08-01T00:00:00+08:00,,
CN-120000,120000,120000000000,天津市,12,天津市,直辖市,separate,2021,2021,2021,2021-01-01,,official_source_snapshot,SRC-ADMIN-DIVISION-2021,"level=2, code=120100000000, parent=120000000000",2026-08-01T00:00:00+08:00,,
CN-130100,130100,130100000000,石家庄市,13,河北省,地级市,core,2021,2021,2021,2021-01-01,,official_source_snapshot,SRC-ADMIN-DIVISION-2021,"level=2, code=130100000000, parent=130000000000",2026-08-01T00:00:00+08:00,,
CN-130200,130200,130200000000,唐山市,13,河北省,地级市,core,2021,2021,2021,2021-01-01,,official_source_snapshot,SRC-ADMIN-DIVISION-2021,"level=2, code=130200000000, parent=130000000000",2026-08-01T00:00:00+08:00,,
CN-130300,130300,130300000000,秦皇岛市,13,河北省,地级市,core,2021,2021,2021,2021-01-01,,official_source_snapshot,SRC-ADMIN-DIVISION-2021,"level=2, code=130300000000, parent=130000000000",2026-08-01T00:00:00+08:00,,
CN-130400,130400,130400000000,邯郸市,13,河北省,地级市,core,2021,2021,2021,2021-01-01,,official_source_snapshot,SRC-ADMIN-DIVISION-2021,"level=2, code=130400000000, parent=130000000000",2026-08-01T00:00:00+08:00,,
CN-130500,130500,130500000000,邢台市,13,河北省,地级市,core,2021,2021,2021,2021-01-01,,official_source_snapshot,SRC-ADMIN-DIVISION-2021,"level=2, code=130500000000, parent=130000000000",2026-08-01T00:00:00+08:00,,
CN-130600,130600,130600000000,保定市,13,河北省,地级市,core,2021,2021,2021,2021-01-01,,official_source_snapshot,SRC-ADMIN-DIVISION-2021,"level=2, code=130600000000, parent=130000000000",2026-08-01T00:00:00+08:00,,
CN-130700,130700,130700000000,张家口市,13,河北省,地级市,core,2021,2021,2021,2021-01-01,,official_source_snapshot,SRC-ADMIN-DIVISION-2021,"level=2, code=130700000000, parent=130000000000",2026-08-01T00:00:00+08:00,,
CN-130800,130800,130800000000,承德市,13,河北省,地级市,core,2021,2021,2021,2021-01-01,,official_source_snapshot,SRC-ADMIN-DIVISION-2021,"level=2, code=130800000000, parent=130000000000",2026-08-01T00:00:00+08:00,,
CN-130900,130900,130900000000,沧州市,13,河北省,地级市,core,2021,2021,2021,2021-01-01,,official_source_snapshot,SRC-ADMIN-DIVISION-2021,"level=2, code=130900000000, parent=130000000000",2026-08-01T00:00:00+08:00,,
CN-131000,131000,131000000000,廊坊市,13,河北省,地级市,core,2021,2021,2021,2021-01-01,,official_source_snapshot,SRC-ADMIN-DIVISION-2021,"level=2, code=131000000000, parent=130000000000",2026-08-01T00:00:00+08:00,,
CN-131100,131100,131100000000,衡水市,13,河北省,地级市,core,2021,2021,2021,2021-01-01,,official_source_snapshot,SRC-ADMIN-DIVISION-2021,"level=2, code=131100000000, parent=130000000000",2026-08-01T00:00:00+08:00,,
CN-140100,140100,140100000000,太原市,14,山西省,地级市,core,2021,2021,2021,2021-01-01,,official_source_snapshot,SRC-ADMIN-DIVISION-2021,"level=2, code=140100000000, parent=140000000000",2026-08-01T00:00:00+08:00,,
CN-140200,140200,140200000000,大同市,14,山西省,地级市,core,2021,2021,2021,2021-01-01,,official_source_snapshot,SRC-ADMIN-DIVISION-2021,"level=2, code=140200000000, parent=140000000000",2026-08-01T00:00:00+08:00,,
CN-140300,140300,140300000000,阳泉市,14,山西省,地级市,core,2021,2021,2021,2021-01-01,,official_source_snapshot,SRC-ADMIN-DIVISION-2021,"level=2, code=140300000000, parent=140000000000",2026-08-01T00:00:00+08:00,,
CN-140400,140400,140400000000,长治市,14,山西省,地级市,core,2021,2021,2021,2021-01-01,,official_source_snapshot,SRC-ADMIN-DIVISION-2021,"level=2, code=140400000000, parent=140000000000",2026-08-01T00:00:00+08:00,,
CN-140500,140500,140500000000,晋城市,14,山西省,地级市,core,2021,2021,2021,2021-01-01,,official_source_snapshot,SRC-ADMIN-DIVISION-2021,"level=2, code=140500000000, parent=140000000000",2026-08-01T00:00:00+08:00,,
CN-140600,140600,140600000000,朔州市,14,山西省,地级市,core,2021,2021,2021,2021-01-01,,official_source_snapshot,SRC-ADMIN-DIVISION-2021,"level=2, code=140600000000, parent=140000000000",2026-08-01T00:00:00+08:00,,
CN-140700,140700,140700000000,晋中市,14,山西省,地级市,core,2021,2021,2021,2021-01-01,,official_source_snapshot,SRC-ADMIN-DIVISION-2021,"level=2, code=140700000000, parent=140000000000",2026-08-01T00:00:00+08:00,,
CN-140800,140800,140800000000,运城市,14,山西省,地级市,core,2021,2021,2021,2021-01-01,,official_source_snapshot,SRC-ADMIN-DIVISION-2021,"level=2, code=140800000000, parent=140000000000",2026-08-01T00:00:00+08:00,,
CN-140900,140900,140900000000,忻州市,14,山西省,地级市,core,2021,2021,2021,2021-01-01,,official_source_snapshot,SRC-ADMIN-DIVISION-2021,"level=2, code=140900000000, parent=140000000000",2026-08-01T00:00:00+08:00,,
CN-141000,141000,141000000000,临汾市,14,山西省,地级市,core,2021,2021,2021,2021-01-01,,official_source_snapshot,SRC-ADMIN-DIVISION-2021,"level=2, code=141000000000, parent=140000000000",2026-08-01T00:00:00+08:00,,
CN-141100,141100,141100000000,吕梁市,14,山西省,地级市,core,2021,2021,2021,2021-01-01,,official_source_snapshot,SRC-ADMIN-DIVISION-2021,"level=2, code=141100000000, parent=140000000000",2026-08-01T00:00:00+08:00,,
CN-150100,150100,150100000000,呼和浩特市,15,内蒙古自治区,地级市,core,2021,2021,2021,2021-01-01,,official_source_snapshot,SRC-ADMIN-DIVISION-2021,"level=2, code=150100000000, parent=150000000000",2026-08-01T00:00:00+08:00,,
CN-150200,150200,150200000000,包头市,15,内蒙古自治区,地级市,core,2021,2021,2021,2021-01-01,,official_source_snapshot,SRC-ADMIN-DIVISION-2021,"level=2, code=150200000000, parent=150000000000",2026-08-01T00:00:00+08:00,,
CN-150300,150300,150300000000,乌海市,15,内蒙古自治区,地级市,core,2021,2021,2021,2021-01-01,,official_source_snapshot,SRC-ADMIN-DIVISION-2021,"level=2, code=150300000000, parent=150000000000",2026-08-01T00:00:00+08:00,,
CN-150400,150400,150400000000,赤峰市,15,内蒙古自治区,地级市,core,2021,2021,2021,2021-01-01,,official_source_snapshot,SRC-ADMIN-DIVISION-2021,"level=2, code=150400000000, parent=150000000000",2026-08-01T00:00:00+08:00,,
CN-150500,150500,150500000000,通辽市,15,内蒙古自治区,地级市,core,2021,2021,2021,2021-01-01,,official_source_snapshot,SRC-ADMIN-DIVISION-2021,"level=2, code=150500000000, parent=150000000000",2026-08-01T00:00:00+08:00,,
CN-150600,150600,150600000000,鄂尔多斯市,15,内蒙古自治区,地级市,core,2021,2021,2021,2021-01-01,,official_source_snapshot,SRC-ADMIN-DIVISION-2021,"level=2, code=150600000000, parent=150000000000",2026-08-01T00:00:00+08:00,,
CN-150700,150700,150700000000,呼伦贝尔市,15,内蒙古自治区,地级市,core,2021,2021,2021,2021-01-01,,official_source_snapshot,SRC-ADMIN-DIVISION-2021,"level=2, code=150700000000, parent=150000000000",2026-08-01T00:00:00+08:00,,
CN-150800,150800,150800000000,巴彦淖尔市,15,内蒙古自治区,地级市,core,2021,2021,2021,2021-01-01,,official_source_snapshot,SRC-ADMIN-DIVISION-2021,"level=2, code=150800000000, parent=150000000000",2026-08-01T00:00:00+08:00,,
CN-150900,150900,150900000000,乌兰察布市,15,内蒙古自治区,地级市,core,2021,2021,2021,2021-01-01,,official_source_snapshot,SRC-ADMIN-DIVISION-2021,"level=2, code=150900000000, parent=150000000000",2026-08-01T00:00:00+08:00,,
CN-152200,152200,152200000000,兴安盟,15,内蒙古自治区,盟,extended,2021,2021,2021,2021-01-01,,official_source_snapshot,SRC-ADMIN-DIVISION-2021,"level=2, code=152200000000, parent=150000000000",2026-08-01T00:00:00+08:00,,
CN-152500,152500,152500000000,锡林郭勒盟,15,内蒙古自治区,盟,extended,2021,2021,2021,2021-01-01,,official_source_snapshot,SRC-ADMIN-DIVISION-2021,"level=2, code=152500000000, parent=150000000000",2026-08-01T00:00:00+08:00,,
CN-152900,152900,152900000000,阿拉善盟,15,内蒙古自治区,盟,extended,2021,2021,2021,2021-01-01,,official_source_snapshot,SRC-ADMIN-DIVISION-2021,"level=2, code=152900000000, parent=150000000000",2026-08-01T00:00:00+08:00,,
CN-210100,210100,210100000000,沈阳市,21,辽宁省,地级市,core,2021,2021,2021,2021-01-01,,official_source_snapshot,SRC-ADMIN-DIVISION-2021,"level=2, code=210100000000, parent=210000000000",2026-08-01T00:00:00+08:00,,
CN-210200,210200,210200000000,大连市,21,辽宁省,地级市,core,2021,2021,2021,2021-01-01,,official_source_snapshot,SRC-ADMIN-DIVISION-2021,"level=2, code=210200000000, parent=210000000000",2026-08-01T00:00:00+08:00,,
CN-210300,210300,210300000000,鞍山市,21,辽宁省,地级市,core,2021,2021,2021,2021-01-01,,official_source_snapshot,SRC-ADMIN-DIVISION-2021,"level=2, code=210300000000, parent=210000000000",2026-08-01T00:00:00+08:00,,
CN-210400,210400,210400000000,抚顺市,21,辽宁省,地级市,core,2021,2021,2021,2021-01-01,,official_source_snapshot,SRC-ADMIN-DIVISION-2021,"level=2, code=210400000000, parent=210000000000",2026-08-01T00:00:00+08:00,,
CN-210500,210500,210500000000,本溪市,21,辽宁省,地级市,core,2021,2021,2021,2021-01-01,,official_source_snapshot,SRC-ADMIN-DIVISION-2021,"level=2, code=210500000000, parent=210000000000",2026-08-01T00:00:00+08:00,,
CN-210600,210600,210600000000,丹东市,21,辽宁省,地级市,core,2021,2021,2021,2021-01-01,,official_source_snapshot,SRC-ADMIN-DIVISION-2021,"level=2, code=210600000000, parent=210000000000",2026-08-01T00:00:00+08:00,,
CN-210700,210700,210700000000,锦州市,21,辽宁省,地级市,core,2021,2021,2021,2021-01-01,,official_source_snapshot,SRC-ADMIN-DIVISION-2021,"level=2, code=210700000000, parent=210000000000",2026-08-01T00:00:00+08:00,,
CN-210800,210800,210800000000,营口市,21,辽宁省,地级市,core,2021,2021,2021,2021-01-01,,official_source_snapshot,SRC-ADMIN-DIVISION-2021,"level=2, code=210800000000, parent=210000000000",2026-08-01T00:00:00+08:00,,
CN-210900,210900,210900000000,阜新市,21,辽宁省,地级市,core,2021,2021,2021,2021-01-01,,official_source_snapshot,SRC-ADMIN-DIVISION-2021,"level=2, code=210900000000, parent=210000000000",2026-08-01T00:00:00+08:00,,
CN-211000,211000,211000000000,辽阳市,21,辽宁省,地级市,core,2021,2021,2021,2021-01-01,,official_source_snapshot,SRC-ADMIN-DIVISION-2021,"level=2, code=211000000000, parent=210000000000",2026-08-01T00:00:00+08:00,,
CN-211100,211100,211100000000,盘锦市,21,辽宁省,地级市,core,2021,2021,2021,2021-01-01,,official_source_snapshot,SRC-ADMIN-DIVISION-2021,"level=2, code=211100000000, parent=210000000000",2026-08-01T00:00:00+08:00,,
CN-211200,211200,211200000000,铁岭市,21,辽宁省,地级市,core,2021,2021,2021,2021-01-01,,official_source_snapshot,SRC-ADMIN-DIVISION-2021,"level=2, code=211200000000, parent=210000000000",2026-08-01T00:00:00+08:00,,
CN-211300,211300,211300000000,朝阳市,21,辽宁省,地级市,core,2021,2021,2021,2021-01-01,,official_source_snapshot,SRC-ADMIN-DIVISION-2021,"level=2, code=211300000000, parent=210000000000",2026-08-01T00:00:00+08:00,,
CN-211400,211400,211400000000,葫芦岛市,21,辽宁省,地级市,core,2021,2021,2021,2021-01-01,,official_source_snapshot,SRC-ADMIN-DIVISION-2021,"level=2, code=211400000000, parent=210000000000",2026-08-01T00:00:00+08:00,,
CN-220100,220100,220100000000,长春市,22,吉林省,地级市,core,2021,2021,2021,2021-01-01,,official_source_snapshot,SRC-ADMIN-DIVISION-2021,"level=2, code=220100000000, parent=220000000000",2026-08-01T00:00:00+08:00,,
CN-220200,220200,220200000000,吉林市,22,吉林省,地级市,core,2021,2021,2021,2021-01-01,,official_source_snapshot,SRC-ADMIN-DIVISION-2021,"level=2, code=220200000000, parent=220000000000",2026-08-01T00:00:00+08:00,,
CN-220300,220300,220300000000,四平市,22,吉林省,地级市,core,2021,2021,2021,2021-01-01,,official_source_snapshot,SRC-ADMIN-DIVISION-2021,"level=2, code=220300000000, parent=220000000000",2026-08-01T00:00:00+08:00,,
CN-220400,220400,220400000000,辽源市,22,吉林省,地级市,core,2021,2021,2021,2021-01-01,,official_source_snapshot,SRC-ADMIN-DIVISION-2021,"level=2, code=220400000000, parent=220000000000",2026-08-01T00:00:00+08:00,,
CN-220500,220500,220500000000,通化市,22,吉林省,地级市,core,2021,2021,2021,2021-01-01,,official_source_snapshot,SRC-ADMIN-DIVISION-2021,"level=2, code=220500000000, parent=220000000000",2026-08-01T00:00:00+08:00,,
CN-220600,220600,220600000000,白山市,22,吉林省,地级市,core,2021,2021,2021,2021-01-01,,official_source_snapshot,SRC-ADMIN-DIVISION-2021,"level=2, code=220600000000, parent=220000000000",2026-08-01T00:00:00+08:00,,
CN-220700,220700,220700000000,松原市,22,吉林省,地级市,core,2021,2021,2021,2021-01-01,,official_source_snapshot,SRC-ADMIN-DIVISION-2021,"level=2, code=220700000000, parent=220000000000",2026-08-01T00:00:00+08:00,,
CN-220800,220800,220800000000,白城市,22,吉林省,地级市,core,2021,2021,2021,2021-01-01,,official_source_snapshot,SRC-ADMIN-DIVISION-2021,"level=2, code=220800000000, parent=220000000000",2026-08-01T00:00:00+08:00,,
CN-222400,222400,222400000000,延边朝鲜族自治州,22,吉林省,自治州,extended,2021,2021,2021,2021-01-01,,official_source_snapshot,SRC-ADMIN-DIVISION-2021,"level=2, code=222400000000, parent=220000000000",2026-08-01T00:00:00+08:00,,
CN-230100,230100,230100000000,哈尔滨市,23,黑龙江省,地级市,core,2021,2021,2021,2021-01-01,,official_source_snapshot,SRC-ADMIN-DIVISION-2021,"level=2, code=230100000000, parent=230000000000",2026-08-01T00:00:00+08:00,,
CN-230200,230200,230200000000,齐齐哈尔市,23,黑龙江省,地级市,core,2021,2021,2021,2021-01-01,,official_source_snapshot,SRC-ADMIN-DIVISION-2021,"level=2, code=230200000000, parent=230000000000",2026-08-01T00:00:00+08:00,,
CN-230300,230300,230300000000,鸡西市,23,黑龙江省,地级市,core,2021,2021,2021,2021-01-01,,official_source_snapshot,SRC-ADMIN-DIVISION-2021,"level=2, code=230300000000, parent=230000000000",2026-08-01T00:00:00+08:00,,
CN-230400,230400,230400000000,鹤岗市,23,黑龙江省,地级市,core,2021,2021,2021,2021-01-01,,official_source_snapshot,SRC-ADMIN-DIVISION-2021,"level=2, code=230400000000, parent=230000000000",2026-08-01T00:00:00+08:00,,
CN-230500,230500,230500000000,双鸭山市,23,黑龙江省,地级市,core,2021,2021,2021,2021-01-01,,official_source_snapshot,SRC-ADMIN-DIVISION-2021,"level=2, code=230500000000, parent=230000000000",2026-08-01T00:00:00+08:00,,
CN-230600,230600,230600000000,大庆市,23,黑龙江省,地级市,core,2021,2021,2021,2021-01-01,,official_source_snapshot,SRC-ADMIN-DIVISION-2021,"level=2, code=230600000000, parent=230000000000",2026-08-01T00:00:00+08:00,,
CN-230700,230700,230700000000,伊春市,23,黑龙江省,地级市,core,2021,2021,2021,2021-01-01,,official_source_snapshot,SRC-ADMIN-DIVISION-2021,"level=2, code=230700000000, parent=230000000000",2026-08-01T00:00:00+08:00,,
CN-230800,230800,230800000000,佳木斯市,23,黑龙江省,地级市,core,2021,2021,2021,2021-01-01,,official_source_snapshot,SRC-ADMIN-DIVISION-2021,"level=2, code=230800000000, parent=230000000000",2026-08-01T00:00:00+08:00,,
CN-230900,230900,230900000000,七台河市,23,黑龙江省,地级市,core,2021,2021,2021,2021-01-01,,official_source_snapshot,SRC-ADMIN-DIVISION-2021,"level=2, code=230900000000, parent=230000000000",2026-08-01T00:00:00+08:00,,
CN-231000,231000,231000000000,牡丹江市,23,黑龙江省,地级市,core,2021,2021,2021,2021-01-01,,official_source_snapshot,SRC-ADMIN-DIVISION-2021,"level=2, code=231000000000, parent=230000000000",2026-08-01T00:00:00+08:00,,
CN-231100,231100,231100000000,黑河市,23,黑龙江省,地级市,core,2021,2021,2021,2021-01-01,,official_source_snapshot,SRC-ADMIN-DIVISION-2021,"level=2, code=231100000000, parent=230000000000",2026-08-01T00:00:00+08:00,,
CN-231200,231200,231200000000,绥化市,23,黑龙江省,地级市,core,2021,2021,2021,2021-01-01,,official_source_snapshot,SRC-ADMIN-DIVISION-2021,"level=2, code=231200000000, parent=230000000000",2026-08-01T00:00:00+08:00,,
CN-232700,232700,232700000000,大兴安岭地区,23,黑龙江省,地区,extended,2021,2021,2021,2021-01-01,,official_source_snapshot,SRC-ADMIN-DIVISION-2021,"level=2, code=232700000000, parent=230000000000",2026-08-01T00:00:00+08:00,,
CN-310000,310000,310000000000,上海市,31,上海市,直辖市,separate,2021,2021,2021,2021-01-01,,official_source_snapshot,SRC-ADMIN-DIVISION-2021,"level=2, code=310100000000, parent=310000000000",2026-08-01T00:00:00+08:00,,
CN-320100,320100,320100000000,南京市,32,江苏省,地级市,core,2021,2021,2021,2021-01-01,,official_source_snapshot,SRC-ADMIN-DIVISION-2021,"level=2, code=320100000000, parent=320000000000",2026-08-01T00:00:00+08:00,,
CN-320200,320200,320200000000,无锡市,32,江苏省,地级市,core,2021,2021,2021,2021-01-01,,official_source_snapshot,SRC-ADMIN-DIVISION-2021,"level=2, code=320200000000, parent=320000000000",2026-08-01T00:00:00+08:00,,
CN-320300,320300,320300000000,徐州市,32,江苏省,地级市,core,2021,2021,2021,2021-01-01,,official_source_snapshot,SRC-ADMIN-DIVISION-2021,"level=2, code=320300000000, parent=320000000000",2026-08-01T00:00:00+08:00,,
CN-320400,320400,320400000000,常州市,32,江苏省,地级市,core,2021,2021,2021,2021-01-01,,official_source_snapshot,SRC-ADMIN-DIVISION-2021,"level=2, code=320400000000, parent=320000000000",2026-08-01T00:00:00+08:00,,
CN-320500,320500,320500000000,苏州市,32,江苏省,地级市,core,2021,2021,2021,2021-01-01,,official_source_snapshot,SRC-ADMIN-DIVISION-2021,"level=2, code=320500000000, parent=320000000000",2026-08-01T00:00:00+08:00,,
CN-320600,320600,320600000000,南通市,32,江苏省,地级市,core,2021,2021,2021,2021-01-01,,official_source_snapshot,SRC-ADMIN-DIVISION-2021,"level=2, code=320600000000, parent=320000000000",2026-08-01T00:00:00+08:00,,
CN-320700,320700,320700000000,连云港市,32,江苏省,地级市,core,2021,2021,2021,2021-01-01,,official_source_snapshot,SRC-ADMIN-DIVISION-2021,"level=2, code=320700000000, parent=320000000000",2026-08-01T00:00:00+08:00,,
CN-320800,320800,320800000000,淮安市,32,江苏省,地级市,core,2021,2021,2021,2021-01-01,,official_source_snapshot,SRC-ADMIN-DIVISION-2021,"level=2, code=320800000000, parent=320000000000",2026-08-01T00:00:00+08:00,,
CN-320900,320900,320900000000,盐城市,32,江苏省,地级市,core,2021,2021,2021,2021-01-01,,official_source_snapshot,SRC-ADMIN-DIVISION-2021,"level=2, code=320900000000, parent=320000000000",2026-08-01T00:00:00+08:00,,
CN-321000,321000,321000000000,扬州市,32,江苏省,地级市,core,2021,2021,2021,2021-01-01,,official_source_snapshot,SRC-ADMIN-DIVISION-2021,"level=2, code=321000000000, parent=320000000000",2026-08-01T00:00:00+08:00,,
CN-321100,321100,321100000000,镇江市,32,江苏省,地级市,core,2021,2021,2021,2021-01-01,,official_source_snapshot,SRC-ADMIN-DIVISION-2021,"level=2, code=321100000000, parent=320000000000",2026-08-01T00:00:00+08:00,,
CN-321200,321200,321200000000,泰州市,32,江苏省,地级市,core,2021,2021,2021,2021-01-01,,official_source_snapshot,SRC-ADMIN-DIVISION-2021,"level=2, code=321200000000, parent=320000000000",2026-08-01T00:00:00+08:00,,
CN-321300,321300,321300000000,宿迁市,32,江苏省,地级市,core,2021,2021,2021,2021-01-01,,official_source_snapshot,SRC-ADMIN-DIVISION-2021,"level=2, code=321300000000, parent=320000000000",2026-08-01T00:00:00+08:00,,
CN-330100,330100,330100000000,杭州市,33,浙江省,地级市,core,2021,2021,2021,2021-01-01,,official_source_snapshot,SRC-ADMIN-DIVISION-2021,"level=2, code=330100000000, parent=330000000000",2026-08-01T00:00:00+08:00,,
CN-330200,330200,330200000000,宁波市,33,浙江省,地级市,core,2021,2021,2021,2021-01-01,,official_source_snapshot,SRC-ADMIN-DIVISION-2021,"level=2, code=330200000000, parent=330000000000",2026-08-01T00:00:00+08:00,,
CN-330300,330300,330300000000,温州市,33,浙江省,地级市,core,2021,2021,2021,2021-01-01,,official_source_snapshot,SRC-ADMIN-DIVISION-2021,"level=2, code=330300000000, parent=330000000000",2026-08-01T00:00:00+08:00,,
CN-330400,330400,330400000000,嘉兴市,33,浙江省,地级市,core,2021,2021,2021,2021-01-01,,official_source_snapshot,SRC-ADMIN-DIVISION-2021,"level=2, code=330400000000, parent=330000000000",2026-08-01T00:00:00+08:00,,
CN-330500,330500,330500000000,湖州市,33,浙江省,地级市,core,2021,2021,2021,2021-01-01,,official_source_snapshot,SRC-ADMIN-DIVISION-2021,"level=2, code=330500000000, parent=330000000000",2026-08-01T00:00:00+08:00,,
CN-330600,330600,330600000000,绍兴市,33,浙江省,地级市,core,2021,2021,2021,2021-01-01,,official_source_snapshot,SRC-ADMIN-DIVISION-2021,"level=2, code=330600000000, parent=330000000000",2026-08-01T00:00:00+08:00,,
CN-330700,330700,330700000000,金华市,33,浙江省,地级市,core,2021,2021,2021,2021-01-01,,official_source_snapshot,SRC-ADMIN-DIVISION-2021,"level=2, code=330700000000, parent=330000000000",2026-08-01T00:00:00+08:00,,
CN-330800,330800,330800000000,衢州市,33,浙江省,地级市,core,2021,2021,2021,2021-01-01,,official_source_snapshot,SRC-ADMIN-DIVISION-2021,"level=2, code=330800000000, parent=330000000000",2026-08-01T00:00:00+08:00,,
CN-330900,330900,330900000000,舟山市,33,浙江省,地级市,core,2021,2021,2021,2021-01-01,,official_source_snapshot,SRC-ADMIN-DIVISION-2021,"level=2, code=330900000000, parent=330000000000",2026-08-01T00:00:00+08:00,,
CN-331000,331000,331000000000,台州市,33,浙江省,地级市,core,2021,2021,2021,2021-01-01,,official_source_snapshot,SRC-ADMIN-DIVISION-2021,"level=2, code=331000000000, parent=330000000000",2026-08-01T00:00:00+08:00,,
CN-331100,331100,331100000000,丽水市,33,浙江省,地级市,core,2021,2021,2021,2021-01-01,,official_source_snapshot,SRC-ADMIN-DIVISION-2021,"level=2, code=331100000000, parent=330000000000",2026-08-01T00:00:00+08:00,,
CN-340100,340100,340100000000,合肥市,34,安徽省,地级市,core,2021,2021,2021,2021-01-01,,official_source_snapshot,SRC-ADMIN-DIVISION-2021,"level=2, code=340100000000, parent=340000000000",2026-08-01T00:00:00+08:00,,
CN-340200,340200,340200000000,芜湖市,34,安徽省,地级市,core,2021,2021,2021,2021-01-01,,official_source_snapshot,SRC-ADMIN-DIVISION-2021,"level=2, code=340200000000, parent=340000000000",2026-08-01T00:00:00+08:00,,
CN-340300,340300,340300000000,蚌埠市,34,安徽省,地级市,core,2021,2021,2021,2021-01-01,,official_source_snapshot,SRC-ADMIN-DIVISION-2021,"level=2, code=340300000000, parent=340000000000",2026-08-01T00:00:00+08:00,,
CN-340400,340400,340400000000,淮南市,34,安徽省,地级市,core,2021,2021,2021,2021-01-01,,official_source_snapshot,SRC-ADMIN-DIVISION-2021,"level=2, code=340400000000, parent=340000000000",2026-08-01T00:00:00+08:00,,
CN-340500,340500,340500000000,马鞍山市,34,安徽省,地级市,core,2021,2021,2021,2021-01-01,,official_source_snapshot,SRC-ADMIN-DIVISION-2021,"level=2, code=340500000000, parent=340000000000",2026-08-01T00:00:00+08:00,,
CN-340600,340600,340600000000,淮北市,34,安徽省,地级市,core,2021,2021,2021,2021-01-01,,official_source_snapshot,SRC-ADMIN-DIVISION-2021,"level=2, code=340600000000, parent=340000000000",2026-08-01T00:00:00+08:00,,
CN-340700,340700,340700000000,铜陵市,34,安徽省,地级市,core,2021,2021,2021,2021-01-01,,official_source_snapshot,SRC-ADMIN-DIVISION-2021,"level=2, code=340700000000, parent=340000000000",2026-08-01T00:00:00+08:00,,
CN-340800,340800,340800000000,安庆市,34,安徽省,地级市,core,2021,2021,2021,2021-01-01,,official_source_snapshot,SRC-ADMIN-DIVISION-2021,"level=2, code=340800000000, parent=340000000000",2026-08-01T00:00:00+08:00,,
CN-341000,341000,341000000000,黄山市,34,安徽省,地级市,core,2021,2021,2021,2021-01-01,,official_source_snapshot,SRC-ADMIN-DIVISION-2021,"level=2, code=341000000000, parent=340000000000",2026-08-01T00:00:00+08:00,,
CN-341100,341100,341100000000,滁州市,34,安徽省,地级市,core,2021,2021,2021,2021-01-01,,official_source_snapshot,SRC-ADMIN-DIVISION-2021,"level=2, code=341100000000, parent=340000000000",2026-08-01T00:00:00+08:00,,
CN-341200,341200,341200000000,阜阳市,34,安徽省,地级市,core,2021,2021,2021,2021-01-01,,official_source_snapshot,SRC-ADMIN-DIVISION-2021,"level=2, code=341200000000, parent=340000000000",2026-08-01T00:00:00+08:00,,
CN-341300,341300,341300000000,宿州市,34,安徽省,地级市,core,2021,2021,2021,2021-01-01,,official_source_snapshot,SRC-ADMIN-DIVISION-2021,"level=2, code=341300000000, parent=340000000000",2026-08-01T00:00:00+08:00,,
CN-341500,341500,341500000000,六安市,34,安徽省,地级市,core,2021,2021,2021,2021-01-01,,official_source_snapshot,SRC-ADMIN-DIVISION-2021,"level=2, code=341500000000, parent=340000000000",2026-08-01T00:00:00+08:00,,
CN-341600,341600,341600000000,亳州市,34,安徽省,地级市,core,2021,2021,2021,2021-01-01,,official_source_snapshot,SRC-ADMIN-DIVISION-2021,"level=2, code=341600000000, parent=340000000000",2026-08-01T00:00:00+08:00,,
CN-341700,341700,341700000000,池州市,34,安徽省,地级市,core,2021,2021,2021,2021-01-01,,official_source_snapshot,SRC-ADMIN-DIVISION-2021,"level=2, code=341700000000, parent=340000000000",2026-08-01T00:00:00+08:00,,
CN-341800,341800,341800000000,宣城市,34,安徽省,地级市,core,2021,2021,2021,2021-01-01,,official_source_snapshot,SRC-ADMIN-DIVISION-2021,"level=2, code=341800000000, parent=340000000000",2026-08-01T00:00:00+08:00,,
CN-350100,350100,350100000000,福州市,35,福建省,地级市,core,2021,2021,2021,2021-01-01,,official_source_snapshot,SRC-ADMIN-DIVISION-2021,"level=2, code=350100000000, parent=350000000000",2026-08-01T00:00:00+08:00,,
CN-350200,350200,350200000000,厦门市,35,福建省,地级市,core,2021,2021,2021,2021-01-01,,official_source_snapshot,SRC-ADMIN-DIVISION-2021,"level=2, code=350200000000, parent=350000000000",2026-08-01T00:00:00+08:00,,
CN-350300,350300,350300000000,莆田市,35,福建省,地级市,core,2021,2021,2021,2021-01-01,,official_source_snapshot,SRC-ADMIN-DIVISION-2021,"level=2, code=350300000000, parent=350000000000",2026-08-01T00:00:00+08:00,,
CN-350400,350400,350400000000,三明市,35,福建省,地级市,core,2021,2021,2021,2021-01-01,,official_source_snapshot,SRC-ADMIN-DIVISION-2021,"level=2, code=350400000000, parent=350000000000",2026-08-01T00:00:00+08:00,,
CN-350500,350500,350500000000,泉州市,35,福建省,地级市,core,2021,2021,2021,2021-01-01,,official_source_snapshot,SRC-ADMIN-DIVISION-2021,"level=2, code=350500000000, parent=350000000000",2026-08-01T00:00:00+08:00,,
CN-350600,350600,350600000000,漳州市,35,福建省,地级市,core,2021,2021,2021,2021-01-01,,official_source_snapshot,SRC-ADMIN-DIVISION-2021,"level=2, code=350600000000, parent=350000000000",2026-08-01T00:00:00+08:00,,
CN-350700,350700,350700000000,南平市,35,福建省,地级市,core,2021,2021,2021,2021-01-01,,official_source_snapshot,SRC-ADMIN-DIVISION-2021,"level=2, code=350700000000, parent=350000000000",2026-08-01T00:00:00+08:00,,
CN-350800,350800,350800000000,龙岩市,35,福建省,地级市,core,2021,2021,2021,2021-01-01,,official_source_snapshot,SRC-ADMIN-DIVISION-2021,"level=2, code=350800000000, parent=350000000000",2026-08-01T00:00:00+08:00,,
CN-350900,350900,350900000000,宁德市,35,福建省,地级市,core,2021,2021,2021,2021-01-01,,official_source_snapshot,SRC-ADMIN-DIVISION-2021,"level=2, code=350900000000, parent=350000000000",2026-08-01T00:00:00+08:00,,
CN-360100,360100,360100000000,南昌市,36,江西省,地级市,core,2021,2021,2021,2021-01-01,,official_source_snapshot,SRC-ADMIN-DIVISION-2021,"level=2, code=360100000000, parent=360000000000",2026-08-01T00:00:00+08:00,,
CN-360200,360200,360200000000,景德镇市,36,江西省,地级市,core,2021,2021,2021,2021-01-01,,official_source_snapshot,SRC-ADMIN-DIVISION-2021,"level=2, code=360200000000, parent=360000000000",2026-08-01T00:00:00+08:00,,
CN-360300,360300,360300000000,萍乡市,36,江西省,地级市,core,2021,2021,2021,2021-01-01,,official_source_snapshot,SRC-ADMIN-DIVISION-2021,"level=2, code=360300000000, parent=360000000000",2026-08-01T00:00:00+08:00,,
CN-360400,360400,360400000000,九江市,36,江西省,地级市,core,2021,2021,2021,2021-01-01,,official_source_snapshot,SRC-ADMIN-DIVISION-2021,"level=2, code=360400000000, parent=360000000000",2026-08-01T00:00:00+08:00,,
CN-360500,360500,360500000000,新余市,36,江西省,地级市,core,2021,2021,2021,2021-01-01,,official_source_snapshot,SRC-ADMIN-DIVISION-2021,"level=2, code=360500000000, parent=360000000000",2026-08-01T00:00:00+08:00,,
CN-360600,360600,360600000000,鹰潭市,36,江西省,地级市,core,2021,2021,2021,2021-01-01,,official_source_snapshot,SRC-ADMIN-DIVISION-2021,"level=2, code=360600000000, parent=360000000000",2026-08-01T00:00:00+08:00,,
CN-360700,360700,360700000000,赣州市,36,江西省,地级市,core,2021,2021,2021,2021-01-01,,official_source_snapshot,SRC-ADMIN-DIVISION-2021,"level=2, code=360700000000, parent=360000000000",2026-08-01T00:00:00+08:00,,
CN-360800,360800,360800000000,吉安市,36,江西省,地级市,core,2021,2021,2021,2021-01-01,,official_source_snapshot,SRC-ADMIN-DIVISION-2021,"level=2, code=360800000000, parent=360000000000",2026-08-01T00:00:00+08:00,,
CN-360900,360900,360900000000,宜春市,36,江西省,地级市,core,2021,2021,2021,2021-01-01,,official_source_snapshot,SRC-ADMIN-DIVISION-2021,"level=2, code=360900000000, parent=360000000000",2026-08-01T00:00:00+08:00,,
CN-361000,361000,361000000000,抚州市,36,江西省,地级市,core,2021,2021,2021,2021-01-01,,official_source_snapshot,SRC-ADMIN-DIVISION-2021,"level=2, code=361000000000, parent=360000000000",2026-08-01T00:00:00+08:00,,
CN-361100,361100,361100000000,上饶市,36,江西省,地级市,core,2021,2021,2021,2021-01-01,,official_source_snapshot,SRC-ADMIN-DIVISION-2021,"level=2, code=361100000000, parent=360000000000",2026-08-01T00:00:00+08:00,,
CN-370100,370100,370100000000,济南市,37,山东省,地级市,core,2021,2021,2021,2021-01-01,,official_source_snapshot,SRC-ADMIN-DIVISION-2021,"level=2, code=370100000000, parent=370000000000",2026-08-01T00:00:00+08:00,,
CN-370200,370200,370200000000,青岛市,37,山东省,地级市,core,2021,2021,2021,2021-01-01,,official_source_snapshot,SRC-ADMIN-DIVISION-2021,"level=2, code=370200000000, parent=370000000000",2026-08-01T00:00:00+08:00,,
CN-370300,370300,370300000000,淄博市,37,山东省,地级市,core,2021,2021,2021,2021-01-01,,official_source_snapshot,SRC-ADMIN-DIVISION-2021,"level=2, code=370300000000, parent=370000000000",2026-08-01T00:00:00+08:00,,
CN-370400,370400,370400000000,枣庄市,37,山东省,地级市,core,2021,2021,2021,2021-01-01,,official_source_snapshot,SRC-ADMIN-DIVISION-2021,"level=2, code=370400000000, parent=370000000000",2026-08-01T00:00:00+08:00,,
CN-370500,370500,370500000000,东营市,37,山东省,地级市,core,2021,2021,2021,2021-01-01,,official_source_snapshot,SRC-ADMIN-DIVISION-2021,"level=2, code=370500000000, parent=370000000000",2026-08-01T00:00:00+08:00,,
CN-370600,370600,370600000000,烟台市,37,山东省,地级市,core,2021,2021,2021,2021-01-01,,official_source_snapshot,SRC-ADMIN-DIVISION-2021,"level=2, code=370600000000, parent=370000000000",2026-08-01T00:00:00+08:00,,
CN-370700,370700,370700000000,潍坊市,37,山东省,地级市,core,2021,2021,2021,2021-01-01,,official_source_snapshot,SRC-ADMIN-DIVISION-2021,"level=2, code=370700000000, parent=370000000000",2026-08-01T00:00:00+08:00,,
CN-370800,370800,370800000000,济宁市,37,山东省,地级市,core,2021,2021,2021,2021-01-01,,official_source_snapshot,SRC-ADMIN-DIVISION-2021,"level=2, code=370800000000, parent=370000000000",2026-08-01T00:00:00+08:00,,
CN-370900,370900,370900000000,泰安市,37,山东省,地级市,core,2021,2021,2021,2021-01-01,,official_source_snapshot,SRC-ADMIN-DIVISION-2021,"level=2, code=370900000000, parent=370000000000",2026-08-01T00:00:00+08:00,,
CN-371000,371000,371000000000,威海市,37,山东省,地级市,core,2021,2021,2021,2021-01-01,,official_source_snapshot,SRC-ADMIN-DIVISION-2021,"level=2, code=371000000000, parent=370000000000",2026-08-01T00:00:00+08:00,,
CN-371100,371100,371100000000,日照市,37,山东省,地级市,core,2021,2021,2021,2021-01-01,,official_source_snapshot,SRC-ADMIN-DIVISION-2021,"level=2, code=371100000000, parent=370000000000",2026-08-01T00:00:00+08:00,,
CN-371300,371300,371300000000,临沂市,37,山东省,地级市,core,2021,2021,2021,2021-01-01,,official_source_snapshot,SRC-ADMIN-DIVISION-2021,"level=2, code=371300000000, parent=370000000000",2026-08-01T00:00:00+08:00,,
CN-371400,371400,371400000000,德州市,37,山东省,地级市,core,2021,2021,2021,2021-01-01,,official_source_snapshot,SRC-ADMIN-DIVISION-2021,"level=2, code=371400000000, parent=370000000000",2026-08-01T00:00:00+08:00,,
CN-371500,371500,371500000000,聊城市,37,山东省,地级市,core,2021,2021,2021,2021-01-01,,official_source_snapshot,SRC-ADMIN-DIVISION-2021,"level=2, code=371500000000, parent=370000000000",2026-08-01T00:00:00+08:00,,
CN-371600,371600,371600000000,滨州市,37,山东省,地级市,core,2021,2021,2021,2021-01-01,,official_source_snapshot,SRC-ADMIN-DIVISION-2021,"level=2, code=371600000000, parent=370000000000",2026-08-01T00:00:00+08:00,,
CN-371700,371700,371700000000,菏泽市,37,山东省,地级市,core,2021,2021,2021,2021-01-01,,official_source_snapshot,SRC-ADMIN-DIVISION-2021,"level=2, code=371700000000, parent=370000000000",2026-08-01T00:00:00+08:00,,
CN-410100,410100,410100000000,郑州市,41,河南省,地级市,core,2021,2021,2021,2021-01-01,,official_source_snapshot,SRC-ADMIN-DIVISION-2021,"level=2, code=410100000000, parent=410000000000",2026-08-01T00:00:00+08:00,,
CN-410200,410200,410200000000,开封市,41,河南省,地级市,core,2021,2021,2021,2021-01-01,,official_source_snapshot,SRC-ADMIN-DIVISION-2021,"level=2, code=410200000000, parent=410000000000",2026-08-01T00:00:00+08:00,,
CN-410300,410300,410300000000,洛阳市,41,河南省,地级市,core,2021,2021,2021,2021-01-01,,official_source_snapshot,SRC-ADMIN-DIVISION-2021,"level=2, code=410300000000, parent=410000000000",2026-08-01T00:00:00+08:00,,
CN-410400,410400,410400000000,平顶山市,41,河南省,地级市,core,2021,2021,2021,2021-01-01,,official_source_snapshot,SRC-ADMIN-DIVISION-2021,"level=2, code=410400000000, parent=410000000000",2026-08-01T00:00:00+08:00,,
CN-410500,410500,410500000000,安阳市,41,河南省,地级市,core,2021,2021,2021,2021-01-01,,official_source_snapshot,SRC-ADMIN-DIVISION-2021,"level=2, code=410500000000, parent=410000000000",2026-08-01T00:00:00+08:00,,
CN-410600,410600,410600000000,鹤壁市,41,河南省,地级市,core,2021,2021,2021,2021-01-01,,official_source_snapshot,SRC-ADMIN-DIVISION-2021,"level=2, code=410600000000, parent=410000000000",2026-08-01T00:00:00+08:00,,
CN-410700,410700,410700000000,新乡市,41,河南省,地级市,core,2021,2021,2021,2021-01-01,,official_source_snapshot,SRC-ADMIN-DIVISION-2021,"level=2, code=410700000000, parent=410000000000",2026-08-01T00:00:00+08:00,,
CN-410800,410800,410800000000,焦作市,41,河南省,地级市,core,2021,2021,2021,2021-01-01,,official_source_snapshot,SRC-ADMIN-DIVISION-2021,"level=2, code=410800000000, parent=410000000000",2026-08-01T00:00:00+08:00,,
CN-410900,410900,410900000000,濮阳市,41,河南省,地级市,core,2021,2021,2021,2021-01-01,,official_source_snapshot,SRC-ADMIN-DIVISION-2021,"level=2, code=410900000000, parent=410000000000",2026-08-01T00:00:00+08:00,,
CN-411000,411000,411000000000,许昌市,41,河南省,地级市,core,2021,2021,2021,2021-01-01,,official_source_snapshot,SRC-ADMIN-DIVISION-2021,"level=2, code=411000000000, parent=410000000000",2026-08-01T00:00:00+08:00,,
CN-411100,411100,411100000000,漯河市,41,河南省,地级市,core,2021,2021,2021,2021-01-01,,official_source_snapshot,SRC-ADMIN-DIVISION-2021,"level=2, code=411100000000, parent=410000000000",2026-08-01T00:00:00+08:00,,
CN-411200,411200,411200000000,三门峡市,41,河南省,地级市,core,2021,2021,2021,2021-01-01,,official_source_snapshot,SRC-ADMIN-DIVISION-2021,"level=2, code=411200000000, parent=410000000000",2026-08-01T00:00:00+08:00,,
CN-411300,411300,411300000000,南阳市,41,河南省,地级市,core,2021,2021,2021,2021-01-01,,official_source_snapshot,SRC-ADMIN-DIVISION-2021,"level=2, code=411300000000, parent=410000000000",2026-08-01T00:00:00+08:00,,
CN-411400,411400,411400000000,商丘市,41,河南省,地级市,core,2021,2021,2021,2021-01-01,,official_source_snapshot,SRC-ADMIN-DIVISION-2021,"level=2, code=411400000000, parent=410000000000",2026-08-01T00:00:00+08:00,,
CN-411500,411500,411500000000,信阳市,41,河南省,地级市,core,2021,2021,2021,2021-01-01,,official_source_snapshot,SRC-ADMIN-DIVISION-2021,"level=2, code=411500000000, parent=410000000000",2026-08-01T00:00:00+08:00,,
CN-411600,411600,411600000000,周口市,41,河南省,地级市,core,2021,2021,2021,2021-01-01,,official_source_snapshot,SRC-ADMIN-DIVISION-2021,"level=2, code=411600000000, parent=410000000000",2026-08-01T00:00:00+08:00,,
CN-411700,411700,411700000000,驻马店市,41,河南省,地级市,core,2021,2021,2021,2021-01-01,,official_source_snapshot,SRC-ADMIN-DIVISION-2021,"level=2, code=411700000000, parent=410000000000",2026-08-01T00:00:00+08:00,,
CN-419000,419000,419000000000,省直辖县级行政区划,41,河南省,地级市,core,2021,2021,2021,2021-01-01,,official_source_snapshot,SRC-ADMIN-DIVISION-2021,"level=2, code=419000000000, parent=410000000000",2026-08-01T00:00:00+08:00,,
CN-420100,420100,420100000000,武汉市,42,湖北省,地级市,core,2021,2021,2021,2021-01-01,,official_source_snapshot,SRC-ADMIN-DIVISION-2021,"level=2, code=420100000000, parent=420000000000",2026-08-01T00:00:00+08:00,,
CN-420200,420200,420200000000,黄石市,42,湖北省,地级市,core,2021,2021,2021,2021-01-01,,official_source_snapshot,SRC-ADMIN-DIVISION-2021,"level=2, code=420200000000, parent=420000000000",2026-08-01T00:00:00+08:00,,
CN-420300,420300,420300000000,十堰市,42,湖北省,地级市,core,2021,2021,2021,2021-01-01,,official_source_snapshot,SRC-ADMIN-DIVISION-2021,"level=2, code=420300000000, parent=420000000000",2026-08-01T00:00:00+08:00,,
CN-420500,420500,420500000000,宜昌市,42,湖北省,地级市,core,2021,2021,2021,2021-01-01,,official_source_snapshot,SRC-ADMIN-DIVISION-2021,"level=2, code=420500000000, parent=420000000000",2026-08-01T00:00:00+08:00,,
CN-420600,420600,420600000000,襄阳市,42,湖北省,地级市,core,2021,2021,2021,2021-01-01,,official_source_snapshot,SRC-ADMIN-DIVISION-2021,"level=2, code=420600000000, parent=420000000000",2026-08-01T00:00:00+08:00,,
CN-420700,420700,420700000000,鄂州市,42,湖北省,地级市,core,2021,2021,2021,2021-01-01,,official_source_snapshot,SRC-ADMIN-DIVISION-2021,"level=2, code=420700000000, parent=420000000000",2026-08-01T00:00:00+08:00,,
CN-420800,420800,420800000000,荆门市,42,湖北省,地级市,core,2021,2021,2021,2021-01-01,,official_source_snapshot,SRC-ADMIN-DIVISION-2021,"level=2, code=420800000000, parent=420000000000",2026-08-01T00:00:00+08:00,,
CN-420900,420900,420900000000,孝感市,42,湖北省,地级市,core,2021,2021,2021,2021-01-01,,official_source_snapshot,SRC-ADMIN-DIVISION-2021,"level=2, code=420900000000, parent=420000000000",2026-08-01T00:00:00+08:00,,
CN-421000,421000,421000000000,荆州市,42,湖北省,地级市,core,2021,2021,2021,2021-01-01,,official_source_snapshot,SRC-ADMIN-DIVISION-2021,"level=2, code=421000000000, parent=420000000000",2026-08-01T00:00:00+08:00,,
CN-421100,421100,421100000000,黄冈市,42,湖北省,地级市,core,2021,2021,2021,2021-01-01,,official_source_snapshot,SRC-ADMIN-DIVISION-2021,"level=2, code=421100000000, parent=420000000000",2026-08-01T00:00:00+08:00,,
CN-421200,421200,421200000000,咸宁市,42,湖北省,地级市,core,2021,2021,2021,2021-01-01,,official_source_snapshot,SRC-ADMIN-DIVISION-2021,"level=2, code=421200000000, parent=420000000000",2026-08-01T00:00:00+08:00,,
CN-421300,421300,421300000000,随州市,42,湖北省,地级市,core,2021,2021,2021,2021-01-01,,official_source_snapshot,SRC-ADMIN-DIVISION-2021,"level=2, code=421300000000, parent=420000000000",2026-08-01T00:00:00+08:00,,
CN-422800,422800,422800000000,恩施土家族苗族自治州,42,湖北省,自治州,extended,2021,2021,2021,2021-01-01,,official_source_snapshot,SRC-ADMIN-DIVISION-2021,"level=2, code=422800000000, parent=420000000000",2026-08-01T00:00:00+08:00,,
CN-429000,429000,429000000000,省直辖县级行政区划,42,湖北省,地级市,core,2021,2021,2021,2021-01-01,,official_source_snapshot,SRC-ADMIN-DIVISION-2021,"level=2, code=429000000000, parent=420000000000",2026-08-01T00:00:00+08:00,,
CN-430100,430100,430100000000,长沙市,43,湖南省,地级市,core,2021,2021,2021,2021-01-01,,official_source_snapshot,SRC-ADMIN-DIVISION-2021,"level=2, code=430100000000, parent=430000000000",2026-08-01T00:00:00+08:00,,
CN-430200,430200,430200000000,株洲市,43,湖南省,地级市,core,2021,2021,2021,2021-01-01,,official_source_snapshot,SRC-ADMIN-DIVISION-2021,"level=2, code=430200000000, parent=430000000000",2026-08-01T00:00:00+08:00,,
CN-430300,430300,430300000000,湘潭市,43,湖南省,地级市,core,2021,2021,2021,2021-01-01,,official_source_snapshot,SRC-ADMIN-DIVISION-2021,"level=2, code=430300000000, parent=430000000000",2026-08-01T00:00:00+08:00,,
CN-430400,430400,430400000000,衡阳市,43,湖南省,地级市,core,2021,2021,2021,2021-01-01,,official_source_snapshot,SRC-ADMIN-DIVISION-2021,"level=2, code=430400000000, parent=430000000000",2026-08-01T00:00:00+08:00,,
CN-430500,430500,430500000000,邵阳市,43,湖南省,地级市,core,2021,2021,2021,2021-01-01,,official_source_snapshot,SRC-ADMIN-DIVISION-2021,"level=2, code=430500000000, parent=430000000000",2026-08-01T00:00:00+08:00,,
CN-430600,430600,430600000000,岳阳市,43,湖南省,地级市,core,2021,2021,2021,2021-01-01,,official_source_snapshot,SRC-ADMIN-DIVISION-2021,"level=2, code=430600000000, parent=430000000000",2026-08-01T00:00:00+08:00,,
CN-430700,430700,430700000000,常德市,43,湖南省,地级市,core,2021,2021,2021,2021-01-01,,official_source_snapshot,SRC-ADMIN-DIVISION-2021,"level=2, code=430700000000, parent=430000000000",2026-08-01T00:00:00+08:00,,
CN-430800,430800,430800000000,张家界市,43,湖南省,地级市,core,2021,2021,2021,2021-01-01,,official_source_snapshot,SRC-ADMIN-DIVISION-2021,"level=2, code=430800000000, parent=430000000000",2026-08-01T00:00:00+08:00,,
CN-430900,430900,430900000000,益阳市,43,湖南省,地级市,core,2021,2021,2021,2021-01-01,,official_source_snapshot,SRC-ADMIN-DIVISION-2021,"level=2, code=430900000000, parent=430000000000",2026-08-01T00:00:00+08:00,,
CN-431000,431000,431000000000,郴州市,43,湖南省,地级市,core,2021,2021,2021,2021-01-01,,official_source_snapshot,SRC-ADMIN-DIVISION-2021,"level=2, code=431000000000, parent=430000000000",2026-08-01T00:00:00+08:00,,
CN-431100,431100,431100000000,永州市,43,湖南省,地级市,core,2021,2021,2021,2021-01-01,,official_source_snapshot,SRC-ADMIN-DIVISION-2021,"level=2, code=431100000000, parent=430000000000",2026-08-01T00:00:00+08:00,,
CN-431200,431200,431200000000,怀化市,43,湖南省,地级市,core,2021,2021,2021,2021-01-01,,official_source_snapshot,SRC-ADMIN-DIVISION-2021,"level=2, code=431200000000, parent=430000000000",2026-08-01T00:00:00+08:00,,
CN-431300,431300,431300000000,娄底市,43,湖南省,地级市,core,2021,2021,2021,2021-01-01,,official_source_snapshot,SRC-ADMIN-DIVISION-2021,"level=2, code=431300000000, parent=430000000000",2026-08-01T00:00:00+08:00,,
CN-433100,433100,433100000000,湘西土家族苗族自治州,43,湖南省,自治州,extended,2021,2021,2021,2021-01-01,,official_source_snapshot,SRC-ADMIN-DIVISION-2021,"level=2, code=433100000000, parent=430000000000",2026-08-01T00:00:00+08:00,,
CN-440100,440100,440100000000,广州市,44,广东省,地级市,core,2021,2021,2021,2021-01-01,,official_source_snapshot,SRC-ADMIN-DIVISION-2021,"level=2, code=440100000000, parent=440000000000",2026-08-01T00:00:00+08:00,,
CN-440200,440200,440200000000,韶关市,44,广东省,地级市,core,2021,2021,2021,2021-01-01,,official_source_snapshot,SRC-ADMIN-DIVISION-2021,"level=2, code=440200000000, parent=440000000000",2026-08-01T00:00:00+08:00,,
CN-440300,440300,440300000000,深圳市,44,广东省,地级市,core,2021,2021,2021,2021-01-01,,official_source_snapshot,SRC-ADMIN-DIVISION-2021,"level=2, code=440300000000, parent=440000000000",2026-08-01T00:00:00+08:00,,
CN-440400,440400,440400000000,珠海市,44,广东省,地级市,core,2021,2021,2021,2021-01-01,,official_source_snapshot,SRC-ADMIN-DIVISION-2021,"level=2, code=440400000000, parent=440000000000",2026-08-01T00:00:00+08:00,,
CN-440500,440500,440500000000,汕头市,44,广东省,地级市,core,2021,2021,2021,2021-01-01,,official_source_snapshot,SRC-ADMIN-DIVISION-2021,"level=2, code=440500000000, parent=440000000000",2026-08-01T00:00:00+08:00,,
CN-440600,440600,440600000000,佛山市,44,广东省,地级市,core,2021,2021,2021,2021-01-01,,official_source_snapshot,SRC-ADMIN-DIVISION-2021,"level=2, code=440600000000, parent=440000000000",2026-08-01T00:00:00+08:00,,
CN-440700,440700,440700000000,江门市,44,广东省,地级市,core,2021,2021,2021,2021-01-01,,official_source_snapshot,SRC-ADMIN-DIVISION-2021,"level=2, code=440700000000, parent=440000000000",2026-08-01T00:00:00+08:00,,
CN-440800,440800,440800000000,湛江市,44,广东省,地级市,core,2021,2021,2021,2021-01-01,,official_source_snapshot,SRC-ADMIN-DIVISION-2021,"level=2, code=440800000000, parent=440000000000",2026-08-01T00:00:00+08:00,,
CN-440900,440900,440900000000,茂名市,44,广东省,地级市,core,2021,2021,2021,2021-01-01,,official_source_snapshot,SRC-ADMIN-DIVISION-2021,"level=2, code=440900000000, parent=440000000000",2026-08-01T00:00:00+08:00,,
CN-441200,441200,441200000000,肇庆市,44,广东省,地级市,core,2021,2021,2021,2021-01-01,,official_source_snapshot,SRC-ADMIN-DIVISION-2021,"level=2, code=441200000000, parent=440000000000",2026-08-01T00:00:00+08:00,,
CN-441300,441300,441300000000,惠州市,44,广东省,地级市,core,2021,2021,2021,2021-01-01,,official_source_snapshot,SRC-ADMIN-DIVISION-2021,"level=2, code=441300000000, parent=440000000000",2026-08-01T00:00:00+08:00,,
CN-441400,441400,441400000000,梅州市,44,广东省,地级市,core,2021,2021,2021,2021-01-01,,official_source_snapshot,SRC-ADMIN-DIVISION-2021,"level=2, code=441400000000, parent=440000000000",2026-08-01T00:00:00+08:00,,
CN-441500,441500,441500000000,汕尾市,44,广东省,地级市,core,2021,2021,2021,2021-01-01,,official_source_snapshot,SRC-ADMIN-DIVISION-2021,"level=2, code=441500000000, parent=440000000000",2026-08-01T00:00:00+08:00,,
CN-441600,441600,441600000000,河源市,44,广东省,地级市,core,2021,2021,2021,2021-01-01,,official_source_snapshot,SRC-ADMIN-DIVISION-2021,"level=2, code=441600000000, parent=440000000000",2026-08-01T00:00:00+08:00,,
CN-441700,441700,441700000000,阳江市,44,广东省,地级市,core,2021,2021,2021,2021-01-01,,official_source_snapshot,SRC-ADMIN-DIVISION-2021,"level=2, code=441700000000, parent=440000000000",2026-08-01T00:00:00+08:00,,
CN-441800,441800,441800000000,清远市,44,广东省,地级市,core,2021,2021,2021,2021-01-01,,official_source_snapshot,SRC-ADMIN-DIVISION-2021,"level=2, code=441800000000, parent=440000000000",2026-08-01T00:00:00+08:00,,
CN-441900,441900,441900000000,东莞市,44,广东省,地级市,core,2021,2021,2021,2021-01-01,,official_source_snapshot,SRC-ADMIN-DIVISION-2021,"level=2, code=441900000000, parent=440000000000",2026-08-01T00:00:00+08:00,,
CN-442000,442000,442000000000,中山市,44,广东省,地级市,core,2021,2021,2021,2021-01-01,,official_source_snapshot,SRC-ADMIN-DIVISION-2021,"level=2, code=442000000000, parent=440000000000",2026-08-01T00:00:00+08:00,,
CN-445100,445100,445100000000,潮州市,44,广东省,地级市,core,2021,2021,2021,2021-01-01,,official_source_snapshot,SRC-ADMIN-DIVISION-2021,"level=2, code=445100000000, parent=440000000000",2026-08-01T00:00:00+08:00,,
CN-445200,445200,445200000000,揭阳市,44,广东省,地级市,core,2021,2021,2021,2021-01-01,,official_source_snapshot,SRC-ADMIN-DIVISION-2021,"level=2, code=445200000000, parent=440000000000",2026-08-01T00:00:00+08:00,,
CN-445300,445300,445300000000,云浮市,44,广东省,地级市,core,2021,2021,2021,2021-01-01,,official_source_snapshot,SRC-ADMIN-DIVISION-2021,"level=2, code=445300000000, parent=440000000000",2026-08-01T00:00:00+08:00,,
CN-450100,450100,450100000000,南宁市,45,广西壮族自治区,地级市,core,2021,2021,2021,2021-01-01,,official_source_snapshot,SRC-ADMIN-DIVISION-2021,"level=2, code=450100000000, parent=450000000000",2026-08-01T00:00:00+08:00,,
CN-450200,450200,450200000000,柳州市,45,广西壮族自治区,地级市,core,2021,2021,2021,2021-01-01,,official_source_snapshot,SRC-ADMIN-DIVISION-2021,"level=2, code=450200000000, parent=450000000000",2026-08-01T00:00:00+08:00,,
CN-450300,450300,450300000000,桂林市,45,广西壮族自治区,地级市,core,2021,2021,2021,2021-01-01,,official_source_snapshot,SRC-ADMIN-DIVISION-2021,"level=2, code=450300000000, parent=450000000000",2026-08-01T00:00:00+08:00,,
CN-450400,450400,450400000000,梧州市,45,广西壮族自治区,地级市,core,2021,2021,2021,2021-01-01,,official_source_snapshot,SRC-ADMIN-DIVISION-2021,"level=2, code=450400000000, parent=450000000000",2026-08-01T00:00:00+08:00,,
CN-450500,450500,450500000000,北海市,45,广西壮族自治区,地级市,core,2021,2021,2021,2021-01-01,,official_source_snapshot,SRC-ADMIN-DIVISION-2021,"level=2, code=450500000000, parent=450000000000",2026-08-01T00:00:00+08:00,,
CN-450600,450600,450600000000,防城港市,45,广西壮族自治区,地级市,core,2021,2021,2021,2021-01-01,,official_source_snapshot,SRC-ADMIN-DIVISION-2021,"level=2, code=450600000000, parent=450000000000",2026-08-01T00:00:00+08:00,,
CN-450700,450700,450700000000,钦州市,45,广西壮族自治区,地级市,core,2021,2021,2021,2021-01-01,,official_source_snapshot,SRC-ADMIN-DIVISION-2021,"level=2, code=450700000000, parent=450000000000",2026-08-01T00:00:00+08:00,,
CN-450800,450800,450800000000,贵港市,45,广西壮族自治区,地级市,core,2021,2021,2021,2021-01-01,,official_source_snapshot,SRC-ADMIN-DIVISION-2021,"level=2, code=450800000000, parent=450000000000",2026-08-01T00:00:00+08:00,,
CN-450900,450900,450900000000,玉林市,45,广西壮族自治区,地级市,core,2021,2021,2021,2021-01-01,,official_source_snapshot,SRC-ADMIN-DIVISION-2021,"level=2, code=450900000000, parent=450000000000",2026-08-01T00:00:00+08:00,,
CN-451000,451000,451000000000,百色市,45,广西壮族自治区,地级市,core,2021,2021,2021,2021-01-01,,official_source_snapshot,SRC-ADMIN-DIVISION-2021,"level=2, code=451000000000, parent=450000000000",2026-08-01T00:00:00+08:00,,
CN-451100,451100,451100000000,贺州市,45,广西壮族自治区,地级市,core,2021,2021,2021,2021-01-01,,official_source_snapshot,SRC-ADMIN-DIVISION-2021,"level=2, code=451100000000, parent=450000000000",2026-08-01T00:00:00+08:00,,
CN-451200,451200,451200000000,河池市,45,广西壮族自治区,地级市,core,2021,2021,2021,2021-01-01,,official_source_snapshot,SRC-ADMIN-DIVISION-2021,"level=2, code=451200000000, parent=450000000000",2026-08-01T00:00:00+08:00,,
CN-451300,451300,451300000000,来宾市,45,广西壮族自治区,地级市,core,2021,2021,2021,2021-01-01,,official_source_snapshot,SRC-ADMIN-DIVISION-2021,"level=2, code=451300000000, parent=450000000000",2026-08-01T00:00:00+08:00,,
CN-451400,451400,451400000000,崇左市,45,广西壮族自治区,地级市,core,2021,2021,2021,2021-01-01,,official_source_snapshot,SRC-ADMIN-DIVISION-2021,"level=2, code=451400000000, parent=450000000000",2026-08-01T00:00:00+08:00,,
CN-460100,460100,460100000000,海口市,46,海南省,地级市,core,2021,2021,2021,2021-01-01,,official_source_snapshot,SRC-ADMIN-DIVISION-2021,"level=2, code=460100000000, parent=460000000000",2026-08-01T00:00:00+08:00,,
CN-460200,460200,460200000000,三亚市,46,海南省,地级市,core,2021,2021,2021,2021-01-01,,official_source_snapshot,SRC-ADMIN-DIVISION-2021,"level=2, code=460200000000, parent=460000000000",2026-08-01T00:00:00+08:00,,
CN-460300,460300,460300000000,三沙市,46,海南省,地级市,core,2021,2021,2021,2021-01-01,,official_source_snapshot,SRC-ADMIN-DIVISION-2021,"level=2, code=460300000000, parent=460000000000",2026-08-01T00:00:00+08:00,,
CN-460400,460400,460400000000,儋州市,46,海南省,地级市,core,2021,2021,2021,2021-01-01,,official_source_snapshot,SRC-ADMIN-DIVISION-2021,"level=2, code=460400000000, parent=460000000000",2026-08-01T00:00:00+08:00,,
CN-469000,469000,469000000000,省直辖县级行政区划,46,海南省,地级市,core,2021,2021,2021,2021-01-01,,official_source_snapshot,SRC-ADMIN-DIVISION-2021,"level=2, code=469000000000, parent=460000000000",2026-08-01T00:00:00+08:00,,
CN-500000,500000,500000000000,重庆市,50,重庆市,直辖市,separate,2021,2021,2021,2021-01-01,,official_source_snapshot,SRC-ADMIN-DIVISION-2021,"level=2, code=500100000000, parent=500000000000",2026-08-01T00:00:00+08:00,,
CN-510100,510100,510100000000,成都市,51,四川省,地级市,core,2021,2021,2021,2021-01-01,,official_source_snapshot,SRC-ADMIN-DIVISION-2021,"level=2, code=510100000000, parent=510000000000",2026-08-01T00:00:00+08:00,,
CN-510300,510300,510300000000,自贡市,51,四川省,地级市,core,2021,2021,2021,2021-01-01,,official_source_snapshot,SRC-ADMIN-DIVISION-2021,"level=2, code=510300000000, parent=510000000000",2026-08-01T00:00:00+08:00,,
CN-510400,510400,510400000000,攀枝花市,51,四川省,地级市,core,2021,2021,2021,2021-01-01,,official_source_snapshot,SRC-ADMIN-DIVISION-2021,"level=2, code=510400000000, parent=510000000000",2026-08-01T00:00:00+08:00,,
CN-510500,510500,510500000000,泸州市,51,四川省,地级市,core,2021,2021,2021,2021-01-01,,official_source_snapshot,SRC-ADMIN-DIVISION-2021,"level=2, code=510500000000, parent=510000000000",2026-08-01T00:00:00+08:00,,
CN-510600,510600,510600000000,德阳市,51,四川省,地级市,core,2021,2021,2021,2021-01-01,,official_source_snapshot,SRC-ADMIN-DIVISION-2021,"level=2, code=510600000000, parent=510000000000",2026-08-01T00:00:00+08:00,,
CN-510700,510700,510700000000,绵阳市,51,四川省,地级市,core,2021,2021,2021,2021-01-01,,official_source_snapshot,SRC-ADMIN-DIVISION-2021,"level=2, code=510700000000, parent=510000000000",2026-08-01T00:00:00+08:00,,
CN-510800,510800,510800000000,广元市,51,四川省,地级市,core,2021,2021,2021,2021-01-01,,official_source_snapshot,SRC-ADMIN-DIVISION-2021,"level=2, code=510800000000, parent=510000000000",2026-08-01T00:00:00+08:00,,
CN-510900,510900,510900000000,遂宁市,51,四川省,地级市,core,2021,2021,2021,2021-01-01,,official_source_snapshot,SRC-ADMIN-DIVISION-2021,"level=2, code=510900000000, parent=510000000000",2026-08-01T00:00:00+08:00,,
CN-511000,511000,511000000000,内江市,51,四川省,地级市,core,2021,2021,2021,2021-01-01,,official_source_snapshot,SRC-ADMIN-DIVISION-2021,"level=2, code=511000000000, parent=510000000000",2026-08-01T00:00:00+08:00,,
CN-511100,511100,511100000000,乐山市,51,四川省,地级市,core,2021,2021,2021,2021-01-01,,official_source_snapshot,SRC-ADMIN-DIVISION-2021,"level=2, code=511100000000, parent=510000000000",2026-08-01T00:00:00+08:00,,
CN-511300,511300,511300000000,南充市,51,四川省,地级市,core,2021,2021,2021,2021-01-01,,official_source_snapshot,SRC-ADMIN-DIVISION-2021,"level=2, code=511300000000, parent=510000000000",2026-08-01T00:00:00+08:00,,
CN-511400,511400,511400000000,眉山市,51,四川省,地级市,core,2021,2021,2021,2021-01-01,,official_source_snapshot,SRC-ADMIN-DIVISION-2021,"level=2, code=511400000000, parent=510000000000",2026-08-01T00:00:00+08:00,,
CN-511500,511500,511500000000,宜宾市,51,四川省,地级市,core,2021,2021,2021,2021-01-01,,official_source_snapshot,SRC-ADMIN-DIVISION-2021,"level=2, code=511500000000, parent=510000000000",2026-08-01T00:00:00+08:00,,
CN-511600,511600,511600000000,广安市,51,四川省,地级市,core,2021,2021,2021,2021-01-01,,official_source_snapshot,SRC-ADMIN-DIVISION-2021,"level=2, code=511600000000, parent=510000000000",2026-08-01T00:00:00+08:00,,
CN-511700,511700,511700000000,达州市,51,四川省,地级市,core,2021,2021,2021,2021-01-01,,official_source_snapshot,SRC-ADMIN-DIVISION-2021,"level=2, code=511700000000, parent=510000000000",2026-08-01T00:00:00+08:00,,
CN-511800,511800,511800000000,雅安市,51,四川省,地级市,core,2021,2021,2021,2021-01-01,,official_source_snapshot,SRC-ADMIN-DIVISION-2021,"level=2, code=511800000000, parent=510000000000",2026-08-01T00:00:00+08:00,,
CN-511900,511900,511900000000,巴中市,51,四川省,地级市,core,2021,2021,2021,2021-01-01,,official_source_snapshot,SRC-ADMIN-DIVISION-2021,"level=2, code=511900000000, parent=510000000000",2026-08-01T00:00:00+08:00,,
CN-512000,512000,512000000000,资阳市,51,四川省,地级市,core,2021,2021,2021,2021-01-01,,official_source_snapshot,SRC-ADMIN-DIVISION-2021,"level=2, code=512000000000, parent=510000000000",2026-08-01T00:00:00+08:00,,
CN-513200,513200,513200000000,阿坝藏族羌族自治州,51,四川省,自治州,extended,2021,2021,2021,2021-01-01,,official_source_snapshot,SRC-ADMIN-DIVISION-2021,"level=2, code=513200000000, parent=510000000000",2026-08-01T00:00:00+08:00,,
CN-513300,513300,513300000000,甘孜藏族自治州,51,四川省,自治州,extended,2021,2021,2021,2021-01-01,,official_source_snapshot,SRC-ADMIN-DIVISION-2021,"level=2, code=513300000000, parent=510000000000",2026-08-01T00:00:00+08:00,,
CN-513400,513400,513400000000,凉山彝族自治州,51,四川省,自治州,extended,2021,2021,2021,2021-01-01,,official_source_snapshot,SRC-ADMIN-DIVISION-2021,"level=2, code=513400000000, parent=510000000000",2026-08-01T00:00:00+08:00,,
CN-520100,520100,520100000000,贵阳市,52,贵州省,地级市,core,2021,2021,2021,2021-01-01,,official_source_snapshot,SRC-ADMIN-DIVISION-2021,"level=2, code=520100000000, parent=520000000000",2026-08-01T00:00:00+08:00,,
CN-520200,520200,520200000000,六盘水市,52,贵州省,地级市,core,2021,2021,2021,2021-01-01,,official_source_snapshot,SRC-ADMIN-DIVISION-2021,"level=2, code=520200000000, parent=520000000000",2026-08-01T00:00:00+08:00,,
CN-520300,520300,520300000000,遵义市,52,贵州省,地级市,core,2021,2021,2021,2021-01-01,,official_source_snapshot,SRC-ADMIN-DIVISION-2021,"level=2, code=520300000000, parent=520000000000",2026-08-01T00:00:00+08:00,,
CN-520400,520400,520400000000,安顺市,52,贵州省,地级市,core,2021,2021,2021,2021-01-01,,official_source_snapshot,SRC-ADMIN-DIVISION-2021,"level=2, code=520400000000, parent=520000000000",2026-08-01T00:00:00+08:00,,
CN-520500,520500,520500000000,毕节市,52,贵州省,地级市,core,2021,2021,2021,2021-01-01,,official_source_snapshot,SRC-ADMIN-DIVISION-2021,"level=2, code=520500000000, parent=520000000000",2026-08-01T00:00:00+08:00,,
CN-520600,520600,520600000000,铜仁市,52,贵州省,地级市,core,2021,2021,2021,2021-01-01,,official_source_snapshot,SRC-ADMIN-DIVISION-2021,"level=2, code=520600000000, parent=520000000000",2026-08-01T00:00:00+08:00,,
CN-522300,522300,522300000000,黔西南布依族苗族自治州,52,贵州省,自治州,extended,2021,2021,2021,2021-01-01,,official_source_snapshot,SRC-ADMIN-DIVISION-2021,"level=2, code=522300000000, parent=520000000000",2026-08-01T00:00:00+08:00,,
CN-522600,522600,522600000000,黔东南苗族侗族自治州,52,贵州省,自治州,extended,2021,2021,2021,2021-01-01,,official_source_snapshot,SRC-ADMIN-DIVISION-2021,"level=2, code=522600000000, parent=520000000000",2026-08-01T00:00:00+08:00,,
CN-522700,522700,522700000000,黔南布依族苗族自治州,52,贵州省,自治州,extended,2021,2021,2021,2021-01-01,,official_source_snapshot,SRC-ADMIN-DIVISION-2021,"level=2, code=522700000000, parent=520000000000",2026-08-01T00:00:00+08:00,,
CN-530100,530100,530100000000,昆明市,53,云南省,地级市,core,2021,2021,2021,2021-01-01,,official_source_snapshot,SRC-ADMIN-DIVISION-2021,"level=2, code=530100000000, parent=530000000000",2026-08-01T00:00:00+08:00,,
CN-530300,530300,530300000000,曲靖市,53,云南省,地级市,core,2021,2021,2021,2021-01-01,,official_source_snapshot,SRC-ADMIN-DIVISION-2021,"level=2, code=530300000000, parent=530000000000",2026-08-01T00:00:00+08:00,,
CN-530400,530400,530400000000,玉溪市,53,云南省,地级市,core,2021,2021,2021,2021-01-01,,official_source_snapshot,SRC-ADMIN-DIVISION-2021,"level=2, code=530400000000, parent=530000000000",2026-08-01T00:00:00+08:00,,
CN-530500,530500,530500000000,保山市,53,云南省,地级市,core,2021,2021,2021,2021-01-01,,official_source_snapshot,SRC-ADMIN-DIVISION-2021,"level=2, code=530500000000, parent=530000000000",2026-08-01T00:00:00+08:00,,
CN-530600,530600,530600000000,昭通市,53,云南省,地级市,core,2021,2021,2021,2021-01-01,,official_source_snapshot,SRC-ADMIN-DIVISION-2021,"level=2, code=530600000000, parent=530000000000",2026-08-01T00:00:00+08:00,,
CN-530700,530700,530700000000,丽江市,53,云南省,地级市,core,2021,2021,2021,2021-01-01,,official_source_snapshot,SRC-ADMIN-DIVISION-2021,"level=2, code=530700000000, parent=530000000000",2026-08-01T00:00:00+08:00,,
CN-530800,530800,530800000000,普洱市,53,云南省,地级市,core,2021,2021,2021,2021-01-01,,official_source_snapshot,SRC-ADMIN-DIVISION-2021,"level=2, code=530800000000, parent=530000000000",2026-08-01T00:00:00+08:00,,
CN-530900,530900,530900000000,临沧市,53,云南省,地级市,core,2021,2021,2021,2021-01-01,,official_source_snapshot,SRC-ADMIN-DIVISION-2021,"level=2, code=530900000000, parent=530000000000",2026-08-01T00:00:00+08:00,,
CN-532300,532300,532300000000,楚雄彝族自治州,53,云南省,自治州,extended,2021,2021,2021,2021-01-01,,official_source_snapshot,SRC-ADMIN-DIVISION-2021,"level=2, code=532300000000, parent=530000000000",2026-08-01T00:00:00+08:00,,
CN-532500,532500,532500000000,红河哈尼族彝族自治州,53,云南省,自治州,extended,2021,2021,2021,2021-01-01,,official_source_snapshot,SRC-ADMIN-DIVISION-2021,"level=2, code=532500000000, parent=530000000000",2026-08-01T00:00:00+08:00,,
CN-532600,532600,532600000000,文山壮族苗族自治州,53,云南省,自治州,extended,2021,2021,2021,2021-01-01,,official_source_snapshot,SRC-ADMIN-DIVISION-2021,"level=2, code=532600000000, parent=530000000000",2026-08-01T00:00:00+08:00,,
CN-532800,532800,532800000000,西双版纳傣族自治州,53,云南省,自治州,extended,2021,2021,2021,2021-01-01,,official_source_snapshot,SRC-ADMIN-DIVISION-2021,"level=2, code=532800000000, parent=530000000000",2026-08-01T00:00:00+08:00,,
CN-532900,532900,532900000000,大理白族自治州,53,云南省,自治州,extended,2021,2021,2021,2021-01-01,,official_source_snapshot,SRC-ADMIN-DIVISION-2021,"level=2, code=532900000000, parent=530000000000",2026-08-01T00:00:00+08:00,,
CN-533100,533100,533100000000,德宏傣族景颇族自治州,53,云南省,自治州,extended,2021,2021,2021,2021-01-01,,official_source_snapshot,SRC-ADMIN-DIVISION-2021,"level=2, code=533100000000, parent=530000000000",2026-08-01T00:00:00+08:00,,
CN-533300,533300,533300000000,怒江傈僳族自治州,53,云南省,自治州,extended,2021,2021,2021,2021-01-01,,official_source_snapshot,SRC-ADMIN-DIVISION-2021,"level=2, code=533300000000, parent=530000000000",2026-08-01T00:00:00+08:00,,
CN-533400,533400,533400000000,迪庆藏族自治州,53,云南省,自治州,extended,2021,2021,2021,2021-01-01,,official_source_snapshot,SRC-ADMIN-DIVISION-2021,"level=2, code=533400000000, parent=530000000000",2026-08-01T00:00:00+08:00,,
CN-540100,540100,540100000000,拉萨市,54,西藏自治区,地级市,core,2021,2021,2021,2021-01-01,,official_source_snapshot,SRC-ADMIN-DIVISION-2021,"level=2, code=540100000000, parent=540000000000",2026-08-01T00:00:00+08:00,,
CN-540200,540200,540200000000,日喀则市,54,西藏自治区,地级市,core,2021,2021,2021,2021-01-01,,official_source_snapshot,SRC-ADMIN-DIVISION-2021,"level=2, code=540200000000, parent=540000000000",2026-08-01T00:00:00+08:00,,
CN-540300,540300,540300000000,昌都市,54,西藏自治区,地级市,core,2021,2021,2021,2021-01-01,,official_source_snapshot,SRC-ADMIN-DIVISION-2021,"level=2, code=540300000000, parent=540000000000",2026-08-01T00:00:00+08:00,,
CN-540400,540400,540400000000,林芝市,54,西藏自治区,地级市,core,2021,2021,2021,2021-01-01,,official_source_snapshot,SRC-ADMIN-DIVISION-2021,"level=2, code=540400000000, parent=540000000000",2026-08-01T00:00:00+08:00,,
CN-540500,540500,540500000000,山南市,54,西藏自治区,地级市,core,2021,2021,2021,2021-01-01,,official_source_snapshot,SRC-ADMIN-DIVISION-2021,"level=2, code=540500000000, parent=540000000000",2026-08-01T00:00:00+08:00,,
CN-540600,540600,540600000000,那曲市,54,西藏自治区,地级市,core,2021,2021,2021,2021-01-01,,official_source_snapshot,SRC-ADMIN-DIVISION-2021,"level=2, code=540600000000, parent=540000000000",2026-08-01T00:00:00+08:00,,
CN-542500,542500,542500000000,阿里地区,54,西藏自治区,地区,extended,2021,2021,2021,2021-01-01,,official_source_snapshot,SRC-ADMIN-DIVISION-2021,"level=2, code=542500000000, parent=540000000000",2026-08-01T00:00:00+08:00,,
CN-610100,610100,610100000000,西安市,61,陕西省,地级市,core,2021,2021,2021,2021-01-01,,official_source_snapshot,SRC-ADMIN-DIVISION-2021,"level=2, code=610100000000, parent=610000000000",2026-08-01T00:00:00+08:00,,
CN-610200,610200,610200000000,铜川市,61,陕西省,地级市,core,2021,2021,2021,2021-01-01,,official_source_snapshot,SRC-ADMIN-DIVISION-2021,"level=2, code=610200000000, parent=610000000000",2026-08-01T00:00:00+08:00,,
CN-610300,610300,610300000000,宝鸡市,61,陕西省,地级市,core,2021,2021,2021,2021-01-01,,official_source_snapshot,SRC-ADMIN-DIVISION-2021,"level=2, code=610300000000, parent=610000000000",2026-08-01T00:00:00+08:00,,
CN-610400,610400,610400000000,咸阳市,61,陕西省,地级市,core,2021,2021,2021,2021-01-01,,official_source_snapshot,SRC-ADMIN-DIVISION-2021,"level=2, code=610400000000, parent=610000000000",2026-08-01T00:00:00+08:00,,
CN-610500,610500,610500000000,渭南市,61,陕西省,地级市,core,2021,2021,2021,2021-01-01,,official_source_snapshot,SRC-ADMIN-DIVISION-2021,"level=2, code=610500000000, parent=610000000000",2026-08-01T00:00:00+08:00,,
CN-610600,610600,610600000000,延安市,61,陕西省,地级市,core,2021,2021,2021,2021-01-01,,official_source_snapshot,SRC-ADMIN-DIVISION-2021,"level=2, code=610600000000, parent=610000000000",2026-08-01T00:00:00+08:00,,
CN-610700,610700,610700000000,汉中市,61,陕西省,地级市,core,2021,2021,2021,2021-01-01,,official_source_snapshot,SRC-ADMIN-DIVISION-2021,"level=2, code=610700000000, parent=610000000000",2026-08-01T00:00:00+08:00,,
CN-610800,610800,610800000000,榆林市,61,陕西省,地级市,core,2021,2021,2021,2021-01-01,,official_source_snapshot,SRC-ADMIN-DIVISION-2021,"level=2, code=610800000000, parent=610000000000",2026-08-01T00:00:00+08:00,,
CN-610900,610900,610900000000,安康市,61,陕西省,地级市,core,2021,2021,2021,2021-01-01,,official_source_snapshot,SRC-ADMIN-DIVISION-2021,"level=2, code=610900000000, parent=610000000000",2026-08-01T00:00:00+08:00,,
CN-611000,611000,611000000000,商洛市,61,陕西省,地级市,core,2021,2021,2021,2021-01-01,,official_source_snapshot,SRC-ADMIN-DIVISION-2021,"level=2, code=611000000000, parent=610000000000",2026-08-01T00:00:00+08:00,,
CN-620100,620100,620100000000,兰州市,62,甘肃省,地级市,core,2021,2021,2021,2021-01-01,,official_source_snapshot,SRC-ADMIN-DIVISION-2021,"level=2, code=620100000000, parent=620000000000",2026-08-01T00:00:00+08:00,,
CN-620200,620200,620200000000,嘉峪关市,62,甘肃省,地级市,core,2021,2021,2021,2021-01-01,,official_source_snapshot,SRC-ADMIN-DIVISION-2021,"level=2, code=620200000000, parent=620000000000",2026-08-01T00:00:00+08:00,,
CN-620300,620300,620300000000,金昌市,62,甘肃省,地级市,core,2021,2021,2021,2021-01-01,,official_source_snapshot,SRC-ADMIN-DIVISION-2021,"level=2, code=620300000000, parent=620000000000",2026-08-01T00:00:00+08:00,,
CN-620400,620400,620400000000,白银市,62,甘肃省,地级市,core,2021,2021,2021,2021-01-01,,official_source_snapshot,SRC-ADMIN-DIVISION-2021,"level=2, code=620400000000, parent=620000000000",2026-08-01T00:00:00+08:00,,
CN-620500,620500,620500000000,天水市,62,甘肃省,地级市,core,2021,2021,2021,2021-01-01,,official_source_snapshot,SRC-ADMIN-DIVISION-2021,"level=2, code=620500000000, parent=620000000000",2026-08-01T00:00:00+08:00,,
CN-620600,620600,620600000000,武威市,62,甘肃省,地级市,core,2021,2021,2021,2021-01-01,,official_source_snapshot,SRC-ADMIN-DIVISION-2021,"level=2, code=620600000000, parent=620000000000",2026-08-01T00:00:00+08:00,,
CN-620700,620700,620700000000,张掖市,62,甘肃省,地级市,core,2021,2021,2021,2021-01-01,,official_source_snapshot,SRC-ADMIN-DIVISION-2021,"level=2, code=620700000000, parent=620000000000",2026-08-01T00:00:00+08:00,,
CN-620800,620800,620800000000,平凉市,62,甘肃省,地级市,core,2021,2021,2021,2021-01-01,,official_source_snapshot,SRC-ADMIN-DIVISION-2021,"level=2, code=620800000000, parent=620000000000",2026-08-01T00:00:00+08:00,,
CN-620900,620900,620900000000,酒泉市,62,甘肃省,地级市,core,2021,2021,2021,2021-01-01,,official_source_snapshot,SRC-ADMIN-DIVISION-2021,"level=2, code=620900000000, parent=620000000000",2026-08-01T00:00:00+08:00,,
CN-621000,621000,621000000000,庆阳市,62,甘肃省,地级市,core,2021,2021,2021,2021-01-01,,official_source_snapshot,SRC-ADMIN-DIVISION-2021,"level=2, code=621000000000, parent=620000000000",2026-08-01T00:00:00+08:00,,
CN-621100,621100,621100000000,定西市,62,甘肃省,地级市,core,2021,2021,2021,2021-01-01,,official_source_snapshot,SRC-ADMIN-DIVISION-2021,"level=2, code=621100000000, parent=620000000000",2026-08-01T00:00:00+08:00,,
CN-621200,621200,621200000000,陇南市,62,甘肃省,地级市,core,2021,2021,2021,2021-01-01,,official_source_snapshot,SRC-ADMIN-DIVISION-2021,"level=2, code=621200000000, parent=620000000000",2026-08-01T00:00:00+08:00,,
CN-622900,622900,622900000000,临夏回族自治州,62,甘肃省,自治州,extended,2021,2021,2021,2021-01-01,,official_source_snapshot,SRC-ADMIN-DIVISION-2021,"level=2, code=622900000000, parent=620000000000",2026-08-01T00:00:00+08:00,,
CN-623000,623000,623000000000,甘南藏族自治州,62,甘肃省,自治州,extended,2021,2021,2021,2021-01-01,,official_source_snapshot,SRC-ADMIN-DIVISION-2021,"level=2, code=623000000000, parent=620000000000",2026-08-01T00:00:00+08:00,,
CN-630100,630100,630100000000,西宁市,63,青海省,地级市,core,2021,2021,2021,2021-01-01,,official_source_snapshot,SRC-ADMIN-DIVISION-2021,"level=2, code=630100000000, parent=630000000000",2026-08-01T00:00:00+08:00,,
CN-630200,630200,630200000000,海东市,63,青海省,地级市,core,2021,2021,2021,2021-01-01,,official_source_snapshot,SRC-ADMIN-DIVISION-2021,"level=2, code=630200000000, parent=630000000000",2026-08-01T00:00:00+08:00,,
CN-632200,632200,632200000000,海北藏族自治州,63,青海省,自治州,extended,2021,2021,2021,2021-01-01,,official_source_snapshot,SRC-ADMIN-DIVISION-2021,"level=2, code=632200000000, parent=630000000000",2026-08-01T00:00:00+08:00,,
CN-632300,632300,632300000000,黄南藏族自治州,63,青海省,自治州,extended,2021,2021,2021,2021-01-01,,official_source_snapshot,SRC-ADMIN-DIVISION-2021,"level=2, code=632300000000, parent=630000000000",2026-08-01T00:00:00+08:00,,
CN-632500,632500,632500000000,海南藏族自治州,63,青海省,自治州,extended,2021,2021,2021,2021-01-01,,official_source_snapshot,SRC-ADMIN-DIVISION-2021,"level=2, code=632500000000, parent=630000000000",2026-08-01T00:00:00+08:00,,
CN-632600,632600,632600000000,果洛藏族自治州,63,青海省,自治州,extended,2021,2021,2021,2021-01-01,,official_source_snapshot,SRC-ADMIN-DIVISION-2021,"level=2, code=632600000000, parent=630000000000",2026-08-01T00:00:00+08:00,,
CN-632700,632700,632700000000,玉树藏族自治州,63,青海省,自治州,extended,2021,2021,2021,2021-01-01,,official_source_snapshot,SRC-ADMIN-DIVISION-2021,"level=2, code=632700000000, parent=630000000000",2026-08-01T00:00:00+08:00,,
CN-632800,632800,632800000000,海西蒙古族藏族自治州,63,青海省,自治州,extended,2021,2021,2021,2021-01-01,,official_source_snapshot,SRC-ADMIN-DIVISION-2021,"level=2, code=632800000000, parent=630000000000",2026-08-01T00:00:00+08:00,,
CN-640100,640100,640100000000,银川市,64,宁夏回族自治区,地级市,core,2021,2021,2021,2021-01-01,,official_source_snapshot,SRC-ADMIN-DIVISION-2021,"level=2, code=640100000000, parent=640000000000",2026-08-01T00:00:00+08:00,,
CN-640200,640200,640200000000,石嘴山市,64,宁夏回族自治区,地级市,core,2021,2021,2021,2021-01-01,,official_source_snapshot,SRC-ADMIN-DIVISION-2021,"level=2, code=640200000000, parent=640000000000",2026-08-01T00:00:00+08:00,,
CN-640300,640300,640300000000,吴忠市,64,宁夏回族自治区,地级市,core,2021,2021,2021,2021-01-01,,official_source_snapshot,SRC-ADMIN-DIVISION-2021,"level=2, code=640300000000, parent=640000000000",2026-08-01T00:00:00+08:00,,
CN-640400,640400,640400000000,固原市,64,宁夏回族自治区,地级市,core,2021,2021,2021,2021-01-01,,official_source_snapshot,SRC-ADMIN-DIVISION-2021,"level=2, code=640400000000, parent=640000000000",2026-08-01T00:00:00+08:00,,
CN-640500,640500,640500000000,中卫市,64,宁夏回族自治区,地级市,core,2021,2021,2021,2021-01-01,,official_source_snapshot,SRC-ADMIN-DIVISION-2021,"level=2, code=640500000000, parent=640000000000",2026-08-01T00:00:00+08:00,,
CN-650100,650100,650100000000,乌鲁木齐市,65,新疆维吾尔自治区,地级市,core,2021,2021,2021,2021-01-01,,official_source_snapshot,SRC-ADMIN-DIVISION-2021,"level=2, code=650100000000, parent=650000000000",2026-08-01T00:00:00+08:00,,
CN-650200,650200,650200000000,克拉玛依市,65,新疆维吾尔自治区,地级市,core,2021,2021,2021,2021-01-01,,official_source_snapshot,SRC-ADMIN-DIVISION-2021,"level=2, code=650200000000, parent=650000000000",2026-08-01T00:00:00+08:00,,
CN-650400,650400,650400000000,吐鲁番市,65,新疆维吾尔自治区,地级市,core,2021,2021,2021,2021-01-01,,official_source_snapshot,SRC-ADMIN-DIVISION-2021,"level=2, code=650400000000, parent=650000000000",2026-08-01T00:00:00+08:00,,
CN-650500,650500,650500000000,哈密市,65,新疆维吾尔自治区,地级市,core,2021,2021,2021,2021-01-01,,official_source_snapshot,SRC-ADMIN-DIVISION-2021,"level=2, code=650500000000, parent=650000000000",2026-08-01T00:00:00+08:00,,
CN-652300,652300,652300000000,昌吉回族自治州,65,新疆维吾尔自治区,自治州,extended,2021,2021,2021,2021-01-01,,official_source_snapshot,SRC-ADMIN-DIVISION-2021,"level=2, code=652300000000, parent=650000000000",2026-08-01T00:00:00+08:00,,
CN-652700,652700,652700000000,博尔塔拉蒙古自治州,65,新疆维吾尔自治区,自治州,extended,2021,2021,2021,2021-01-01,,official_source_snapshot,SRC-ADMIN-DIVISION-2021,"level=2, code=652700000000, parent=650000000000",2026-08-01T00:00:00+08:00,,
CN-652800,652800,652800000000,巴音郭楞蒙古自治州,65,新疆维吾尔自治区,自治州,extended,2021,2021,2021,2021-01-01,,official_source_snapshot,SRC-ADMIN-DIVISION-2021,"level=2, code=652800000000, parent=650000000000",2026-08-01T00:00:00+08:00,,
CN-652900,652900,652900000000,阿克苏地区,65,新疆维吾尔自治区,地区,extended,2021,2021,2021,2021-01-01,,official_source_snapshot,SRC-ADMIN-DIVISION-2021,"level=2, code=652900000000, parent=650000000000",2026-08-01T00:00:00+08:00,,
CN-653000,653000,653000000000,克孜勒苏柯尔克孜自治州,65,新疆维吾尔自治区,自治州,extended,2021,2021,2021,2021-01-01,,official_source_snapshot,SRC-ADMIN-DIVISION-2021,"level=2, code=653000000000, parent=650000000000",2026-08-01T00:00:00+08:00,,
CN-653100,653100,653100000000,喀什地区,65,新疆维吾尔自治区,地区,extended,2021,2021,2021,2021-01-01,,official_source_snapshot,SRC-ADMIN-DIVISION-2021,"level=2, code=653100000000, parent=650000000000",2026-08-01T00:00:00+08:00,,
CN-653200,653200,653200000000,和田地区,65,新疆维吾尔自治区,地区,extended,2021,2021,2021,2021-01-01,,official_source_snapshot,SRC-ADMIN-DIVISION-2021,"level=2, code=653200000000, parent=650000000000",2026-08-01T00:00:00+08:00,,
CN-654000,654000,654000000000,伊犁哈萨克自治州,65,新疆维吾尔自治区,自治州,extended,2021,2021,2021,2021-01-01,,official_source_snapshot,SRC-ADMIN-DIVISION-2021,"level=2, code=654000000000, parent=650000000000",2026-08-01T00:00:00+08:00,,
CN-654200,654200,654200000000,塔城地区,65,新疆维吾尔自治区,地区,extended,2021,2021,2021,2021-01-01,,official_source_snapshot,SRC-ADMIN-DIVISION-2021,"level=2, code=654200000000, parent=650000000000",2026-08-01T00:00:00+08:00,,
CN-654300,654300,654300000000,阿勒泰地区,65,新疆维吾尔自治区,地区,extended,2021,2021,2021,2021-01-01,,official_source_snapshot,SRC-ADMIN-DIVISION-2021,"level=2, code=654300000000, parent=650000000000",2026-08-01T00:00:00+08:00,,
CN-659000,659000,659000000000,自治区直辖县级行政区划,65,新疆维吾尔自治区,地级市,core,2021,2021,2021,2021-01-01,,official_source_snapshot,SRC-ADMIN-DIVISION-2021,"level=2, code=659000000000, parent=650000000000",2026-08-01T00:00:00+08:00,,
CN-110000,110000,110000000000,北京市,11,北京市,直辖市,separate,2022,2022,2022,2022-01-01,,official_source_snapshot,SRC-ADMIN-DIVISION-2022,"level=2, code=110100000000, parent=110000000000",2026-08-01T00:00:00+08:00,,
CN-120000,120000,120000000000,天津市,12,天津市,直辖市,separate,2022,2022,2022,2022-01-01,,official_source_snapshot,SRC-ADMIN-DIVISION-2022,"level=2, code=120100000000, parent=120000000000",2026-08-01T00:00:00+08:00,,
CN-130100,130100,130100000000,石家庄市,13,河北省,地级市,core,2022,2022,2022,2022-01-01,,official_source_snapshot,SRC-ADMIN-DIVISION-2022,"level=2, code=130100000000, parent=130000000000",2026-08-01T00:00:00+08:00,,
CN-130200,130200,130200000000,唐山市,13,河北省,地级市,core,2022,2022,2022,2022-01-01,,official_source_snapshot,SRC-ADMIN-DIVISION-2022,"level=2, code=130200000000, parent=130000000000",2026-08-01T00:00:00+08:00,,
CN-130300,130300,130300000000,秦皇岛市,13,河北省,地级市,core,2022,2022,2022,2022-01-01,,official_source_snapshot,SRC-ADMIN-DIVISION-2022,"level=2, code=130300000000, parent=130000000000",2026-08-01T00:00:00+08:00,,
CN-130400,130400,130400000000,邯郸市,13,河北省,地级市,core,2022,2022,2022,2022-01-01,,official_source_snapshot,SRC-ADMIN-DIVISION-2022,"level=2, code=130400000000, parent=130000000000",2026-08-01T00:00:00+08:00,,
CN-130500,130500,130500000000,邢台市,13,河北省,地级市,core,2022,2022,2022,2022-01-01,,official_source_snapshot,SRC-ADMIN-DIVISION-2022,"level=2, code=130500000000, parent=130000000000",2026-08-01T00:00:00+08:00,,
CN-130600,130600,130600000000,保定市,13,河北省,地级市,core,2022,2022,2022,2022-01-01,,official_source_snapshot,SRC-ADMIN-DIVISION-2022,"level=2, code=130600000000, parent=130000000000",2026-08-01T00:00:00+08:00,,
CN-130700,130700,130700000000,张家口市,13,河北省,地级市,core,2022,2022,2022,2022-01-01,,official_source_snapshot,SRC-ADMIN-DIVISION-2022,"level=2, code=130700000000, parent=130000000000",2026-08-01T00:00:00+08:00,,
CN-130800,130800,130800000000,承德市,13,河北省,地级市,core,2022,2022,2022,2022-01-01,,official_source_snapshot,SRC-ADMIN-DIVISION-2022,"level=2, code=130800000000, parent=130000000000",2026-08-01T00:00:00+08:00,,
CN-130900,130900,130900000000,沧州市,13,河北省,地级市,core,2022,2022,2022,2022-01-01,,official_source_snapshot,SRC-ADMIN-DIVISION-2022,"level=2, code=130900000000, parent=130000000000",2026-08-01T00:00:00+08:00,,
CN-131000,131000,131000000000,廊坊市,13,河北省,地级市,core,2022,2022,2022,2022-01-01,,official_source_snapshot,SRC-ADMIN-DIVISION-2022,"level=2, code=131000000000, parent=130000000000",2026-08-01T00:00:00+08:00,,
CN-131100,131100,131100000000,衡水市,13,河北省,地级市,core,2022,2022,2022,2022-01-01,,official_source_snapshot,SRC-ADMIN-DIVISION-2022,"level=2, code=131100000000, parent=130000000000",2026-08-01T00:00:00+08:00,,
CN-140100,140100,140100000000,太原市,14,山西省,地级市,core,2022,2022,2022,2022-01-01,,official_source_snapshot,SRC-ADMIN-DIVISION-2022,"level=2, code=140100000000, parent=140000000000",2026-08-01T00:00:00+08:00,,
CN-140200,140200,140200000000,大同市,14,山西省,地级市,core,2022,2022,2022,2022-01-01,,official_source_snapshot,SRC-ADMIN-DIVISION-2022,"level=2, code=140200000000, parent=140000000000",2026-08-01T00:00:00+08:00,,
CN-140300,140300,140300000000,阳泉市,14,山西省,地级市,core,2022,2022,2022,2022-01-01,,official_source_snapshot,SRC-ADMIN-DIVISION-2022,"level=2, code=140300000000, parent=140000000000",2026-08-01T00:00:00+08:00,,
CN-140400,140400,140400000000,长治市,14,山西省,地级市,core,2022,2022,2022,2022-01-01,,official_source_snapshot,SRC-ADMIN-DIVISION-2022,"level=2, code=140400000000, parent=140000000000",2026-08-01T00:00:00+08:00,,
CN-140500,140500,140500000000,晋城市,14,山西省,地级市,core,2022,2022,2022,2022-01-01,,official_source_snapshot,SRC-ADMIN-DIVISION-2022,"level=2, code=140500000000, parent=140000000000",2026-08-01T00:00:00+08:00,,
CN-140600,140600,140600000000,朔州市,14,山西省,地级市,core,2022,2022,2022,2022-01-01,,official_source_snapshot,SRC-ADMIN-DIVISION-2022,"level=2, code=140600000000, parent=140000000000",2026-08-01T00:00:00+08:00,,
CN-140700,140700,140700000000,晋中市,14,山西省,地级市,core,2022,2022,2022,2022-01-01,,official_source_snapshot,SRC-ADMIN-DIVISION-2022,"level=2, code=140700000000, parent=140000000000",2026-08-01T00:00:00+08:00,,
CN-140800,140800,140800000000,运城市,14,山西省,地级市,core,2022,2022,2022,2022-01-01,,official_source_snapshot,SRC-ADMIN-DIVISION-2022,"level=2, code=140800000000, parent=140000000000",2026-08-01T00:00:00+08:00,,
CN-140900,140900,140900000000,忻州市,14,山西省,地级市,core,2022,2022,2022,2022-01-01,,official_source_snapshot,SRC-ADMIN-DIVISION-2022,"level=2, code=140900000000, parent=140000000000",2026-08-01T00:00:00+08:00,,
CN-141000,141000,141000000000,临汾市,14,山西省,地级市,core,2022,2022,2022,2022-01-01,,official_source_snapshot,SRC-ADMIN-DIVISION-2022,"level=2, code=141000000000, parent=140000000000",2026-08-01T00:00:00+08:00,,
CN-141100,141100,141100000000,吕梁市,14,山西省,地级市,core,2022,2022,2022,2022-01-01,,official_source_snapshot,SRC-ADMIN-DIVISION-2022,"level=2, code=141100000000, parent=140000000000",2026-08-01T00:00:00+08:00,,
CN-150100,150100,150100000000,呼和浩特市,15,内蒙古自治区,地级市,core,2022,2022,2022,2022-01-01,,official_source_snapshot,SRC-ADMIN-DIVISION-2022,"level=2, code=150100000000, parent=150000000000",2026-08-01T00:00:00+08:00,,
CN-150200,150200,150200000000,包头市,15,内蒙古自治区,地级市,core,2022,2022,2022,2022-01-01,,official_source_snapshot,SRC-ADMIN-DIVISION-2022,"level=2, code=150200000000, parent=150000000000",2026-08-01T00:00:00+08:00,,
CN-150300,150300,150300000000,乌海市,15,内蒙古自治区,地级市,core,2022,2022,2022,2022-01-01,,official_source_snapshot,SRC-ADMIN-DIVISION-2022,"level=2, code=150300000000, parent=150000000000",2026-08-01T00:00:00+08:00,,
CN-150400,150400,150400000000,赤峰市,15,内蒙古自治区,地级市,core,2022,2022,2022,2022-01-01,,official_source_snapshot,SRC-ADMIN-DIVISION-2022,"level=2, code=150400000000, parent=150000000000",2026-08-01T00:00:00+08:00,,
CN-150500,150500,150500000000,通辽市,15,内蒙古自治区,地级市,core,2022,2022,2022,2022-01-01,,official_source_snapshot,SRC-ADMIN-DIVISION-2022,"level=2, code=150500000000, parent=150000000000",2026-08-01T00:00:00+08:00,,
CN-150600,150600,150600000000,鄂尔多斯市,15,内蒙古自治区,地级市,core,2022,2022,2022,2022-01-01,,official_source_snapshot,SRC-ADMIN-DIVISION-2022,"level=2, code=150600000000, parent=150000000000",2026-08-01T00:00:00+08:00,,
CN-150700,150700,150700000000,呼伦贝尔市,15,内蒙古自治区,地级市,core,2022,2022,2022,2022-01-01,,official_source_snapshot,SRC-ADMIN-DIVISION-2022,"level=2, code=150700000000, parent=150000000000",2026-08-01T00:00:00+08:00,,
CN-150800,150800,150800000000,巴彦淖尔市,15,内蒙古自治区,地级市,core,2022,2022,2022,2022-01-01,,official_source_snapshot,SRC-ADMIN-DIVISION-2022,"level=2, code=150800000000, parent=150000000000",2026-08-01T00:00:00+08:00,,
CN-150900,150900,150900000000,乌兰察布市,15,内蒙古自治区,地级市,core,2022,2022,2022,2022-01-01,,official_source_snapshot,SRC-ADMIN-DIVISION-2022,"level=2, code=150900000000, parent=150000000000",2026-08-01T00:00:00+08:00,,
CN-152200,152200,152200000000,兴安盟,15,内蒙古自治区,盟,extended,2022,2022,2022,2022-01-01,,official_source_snapshot,SRC-ADMIN-DIVISION-2022,"level=2, code=152200000000, parent=150000000000",2026-08-01T00:00:00+08:00,,
CN-152500,152500,152500000000,锡林郭勒盟,15,内蒙古自治区,盟,extended,2022,2022,2022,2022-01-01,,official_source_snapshot,SRC-ADMIN-DIVISION-2022,"level=2, code=152500000000, parent=150000000000",2026-08-01T00:00:00+08:00,,
CN-152900,152900,152900000000,阿拉善盟,15,内蒙古自治区,盟,extended,2022,2022,2022,2022-01-01,,official_source_snapshot,SRC-ADMIN-DIVISION-2022,"level=2, code=152900000000, parent=150000000000",2026-08-01T00:00:00+08:00,,
CN-210100,210100,210100000000,沈阳市,21,辽宁省,地级市,core,2022,2022,2022,2022-01-01,,official_source_snapshot,SRC-ADMIN-DIVISION-2022,"level=2, code=210100000000, parent=210000000000",2026-08-01T00:00:00+08:00,,
CN-210200,210200,210200000000,大连市,21,辽宁省,地级市,core,2022,2022,2022,2022-01-01,,official_source_snapshot,SRC-ADMIN-DIVISION-2022,"level=2, code=210200000000, parent=210000000000",2026-08-01T00:00:00+08:00,,
CN-210300,210300,210300000000,鞍山市,21,辽宁省,地级市,core,2022,2022,2022,2022-01-01,,official_source_snapshot,SRC-ADMIN-DIVISION-2022,"level=2, code=210300000000, parent=210000000000",2026-08-01T00:00:00+08:00,,
CN-210400,210400,210400000000,抚顺市,21,辽宁省,地级市,core,2022,2022,2022,2022-01-01,,official_source_snapshot,SRC-ADMIN-DIVISION-2022,"level=2, code=210400000000, parent=210000000000",2026-08-01T00:00:00+08:00,,
CN-210500,210500,210500000000,本溪市,21,辽宁省,地级市,core,2022,2022,2022,2022-01-01,,official_source_snapshot,SRC-ADMIN-DIVISION-2022,"level=2, code=210500000000, parent=210000000000",2026-08-01T00:00:00+08:00,,
CN-210600,210600,210600000000,丹东市,21,辽宁省,地级市,core,2022,2022,2022,2022-01-01,,official_source_snapshot,SRC-ADMIN-DIVISION-2022,"level=2, code=210600000000, parent=210000000000",2026-08-01T00:00:00+08:00,,
CN-210700,210700,210700000000,锦州市,21,辽宁省,地级市,core,2022,2022,2022,2022-01-01,,official_source_snapshot,SRC-ADMIN-DIVISION-2022,"level=2, code=210700000000, parent=210000000000",2026-08-01T00:00:00+08:00,,
CN-210800,210800,210800000000,营口市,21,辽宁省,地级市,core,2022,2022,2022,2022-01-01,,official_source_snapshot,SRC-ADMIN-DIVISION-2022,"level=2, code=210800000000, parent=210000000000",2026-08-01T00:00:00+08:00,,
CN-210900,210900,210900000000,阜新市,21,辽宁省,地级市,core,2022,2022,2022,2022-01-01,,official_source_snapshot,SRC-ADMIN-DIVISION-2022,"level=2, code=210900000000, parent=210000000000",2026-08-01T00:00:00+08:00,,
CN-211000,211000,211000000000,辽阳市,21,辽宁省,地级市,core,2022,2022,2022,2022-01-01,,official_source_snapshot,SRC-ADMIN-DIVISION-2022,"level=2, code=211000000000, parent=210000000000",2026-08-01T00:00:00+08:00,,
CN-211100,211100,211100000000,盘锦市,21,辽宁省,地级市,core,2022,2022,2022,2022-01-01,,official_source_snapshot,SRC-ADMIN-DIVISION-2022,"level=2, code=211100000000, parent=210000000000",2026-08-01T00:00:00+08:00,,
CN-211200,211200,211200000000,铁岭市,21,辽宁省,地级市,core,2022,2022,2022,2022-01-01,,official_source_snapshot,SRC-ADMIN-DIVISION-2022,"level=2, code=211200000000, parent=210000000000",2026-08-01T00:00:00+08:00,,
CN-211300,211300,211300000000,朝阳市,21,辽宁省,地级市,core,2022,2022,2022,2022-01-01,,official_source_snapshot,SRC-ADMIN-DIVISION-2022,"level=2, code=211300000000, parent=210000000000",2026-08-01T00:00:00+08:00,,
CN-211400,211400,211400000000,葫芦岛市,21,辽宁省,地级市,core,2022,2022,2022,2022-01-01,,official_source_snapshot,SRC-ADMIN-DIVISION-2022,"level=2, code=211400000000, parent=210000000000",2026-08-01T00:00:00+08:00,,
CN-220100,220100,220100000000,长春市,22,吉林省,地级市,core,2022,2022,2022,2022-01-01,,official_source_snapshot,SRC-ADMIN-DIVISION-2022,"level=2, code=220100000000, parent=220000000000",2026-08-01T00:00:00+08:00,,
CN-220200,220200,220200000000,吉林市,22,吉林省,地级市,core,2022,2022,2022,2022-01-01,,official_source_snapshot,SRC-ADMIN-DIVISION-2022,"level=2, code=220200000000, parent=220000000000",2026-08-01T00:00:00+08:00,,
CN-220300,220300,220300000000,四平市,22,吉林省,地级市,core,2022,2022,2022,2022-01-01,,official_source_snapshot,SRC-ADMIN-DIVISION-2022,"level=2, code=220300000000, parent=220000000000",2026-08-01T00:00:00+08:00,,
CN-220400,220400,220400000000,辽源市,22,吉林省,地级市,core,2022,2022,2022,2022-01-01,,official_source_snapshot,SRC-ADMIN-DIVISION-2022,"level=2, code=220400000000, parent=220000000000",2026-08-01T00:00:00+08:00,,
CN-220500,220500,220500000000,通化市,22,吉林省,地级市,core,2022,2022,2022,2022-01-01,,official_source_snapshot,SRC-ADMIN-DIVISION-2022,"level=2, code=220500000000, parent=220000000000",2026-08-01T00:00:00+08:00,,
CN-220600,220600,220600000000,白山市,22,吉林省,地级市,core,2022,2022,2022,2022-01-01,,official_source_snapshot,SRC-ADMIN-DIVISION-2022,"level=2, code=220600000000, parent=220000000000",2026-08-01T00:00:00+08:00,,
CN-220700,220700,220700000000,松原市,22,吉林省,地级市,core,2022,2022,2022,2022-01-01,,official_source_snapshot,SRC-ADMIN-DIVISION-2022,"level=2, code=220700000000, parent=220000000000",2026-08-01T00:00:00+08:00,,
CN-220800,220800,220800000000,白城市,22,吉林省,地级市,core,2022,2022,2022,2022-01-01,,official_source_snapshot,SRC-ADMIN-DIVISION-2022,"level=2, code=220800000000, parent=220000000000",2026-08-01T00:00:00+08:00,,
CN-222400,222400,222400000000,延边朝鲜族自治州,22,吉林省,自治州,extended,2022,2022,2022,2022-01-01,,official_source_snapshot,SRC-ADMIN-DIVISION-2022,"level=2, code=222400000000, parent=220000000000",2026-08-01T00:00:00+08:00,,
CN-230100,230100,230100000000,哈尔滨市,23,黑龙江省,地级市,core,2022,2022,2022,2022-01-01,,official_source_snapshot,SRC-ADMIN-DIVISION-2022,"level=2, code=230100000000, parent=230000000000",2026-08-01T00:00:00+08:00,,
CN-230200,230200,230200000000,齐齐哈尔市,23,黑龙江省,地级市,core,2022,2022,2022,2022-01-01,,official_source_snapshot,SRC-ADMIN-DIVISION-2022,"level=2, code=230200000000, parent=230000000000",2026-08-01T00:00:00+08:00,,
CN-230300,230300,230300000000,鸡西市,23,黑龙江省,地级市,core,2022,2022,2022,2022-01-01,,official_source_snapshot,SRC-ADMIN-DIVISION-2022,"level=2, code=230300000000, parent=230000000000",2026-08-01T00:00:00+08:00,,
CN-230400,230400,230400000000,鹤岗市,23,黑龙江省,地级市,core,2022,2022,2022,2022-01-01,,official_source_snapshot,SRC-ADMIN-DIVISION-2022,"level=2, code=230400000000, parent=230000000000",2026-08-01T00:00:00+08:00,,
CN-230500,230500,230500000000,双鸭山市,23,黑龙江省,地级市,core,2022,2022,2022,2022-01-01,,official_source_snapshot,SRC-ADMIN-DIVISION-2022,"level=2, code=230500000000, parent=230000000000",2026-08-01T00:00:00+08:00,,
CN-230600,230600,230600000000,大庆市,23,黑龙江省,地级市,core,2022,2022,2022,2022-01-01,,official_source_snapshot,SRC-ADMIN-DIVISION-2022,"level=2, code=230600000000, parent=230000000000",2026-08-01T00:00:00+08:00,,
CN-230700,230700,230700000000,伊春市,23,黑龙江省,地级市,core,2022,2022,2022,2022-01-01,,official_source_snapshot,SRC-ADMIN-DIVISION-2022,"level=2, code=230700000000, parent=230000000000",2026-08-01T00:00:00+08:00,,
CN-230800,230800,230800000000,佳木斯市,23,黑龙江省,地级市,core,2022,2022,2022,2022-01-01,,official_source_snapshot,SRC-ADMIN-DIVISION-2022,"level=2, code=230800000000, parent=230000000000",2026-08-01T00:00:00+08:00,,
CN-230900,230900,230900000000,七台河市,23,黑龙江省,地级市,core,2022,2022,2022,2022-01-01,,official_source_snapshot,SRC-ADMIN-DIVISION-2022,"level=2, code=230900000000, parent=230000000000",2026-08-01T00:00:00+08:00,,
CN-231000,231000,231000000000,牡丹江市,23,黑龙江省,地级市,core,2022,2022,2022,2022-01-01,,official_source_snapshot,SRC-ADMIN-DIVISION-2022,"level=2, code=231000000000, parent=230000000000",2026-08-01T00:00:00+08:00,,
CN-231100,231100,231100000000,黑河市,23,黑龙江省,地级市,core,2022,2022,2022,2022-01-01,,official_source_snapshot,SRC-ADMIN-DIVISION-2022,"level=2, code=231100000000, parent=230000000000",2026-08-01T00:00:00+08:00,,
CN-231200,231200,231200000000,绥化市,23,黑龙江省,地级市,core,2022,2022,2022,2022-01-01,,official_source_snapshot,SRC-ADMIN-DIVISION-2022,"level=2, code=231200000000, parent=230000000000",2026-08-01T00:00:00+08:00,,
CN-232700,232700,232700000000,大兴安岭地区,23,黑龙江省,地区,extended,2022,2022,2022,2022-01-01,,official_source_snapshot,SRC-ADMIN-DIVISION-2022,"level=2, code=232700000000, parent=230000000000",2026-08-01T00:00:00+08:00,,
CN-310000,310000,310000000000,上海市,31,上海市,直辖市,separate,2022,2022,2022,2022-01-01,,official_source_snapshot,SRC-ADMIN-DIVISION-2022,"level=2, code=310100000000, parent=310000000000",2026-08-01T00:00:00+08:00,,
CN-320100,320100,320100000000,南京市,32,江苏省,地级市,core,2022,2022,2022,2022-01-01,,official_source_snapshot,SRC-ADMIN-DIVISION-2022,"level=2, code=320100000000, parent=320000000000",2026-08-01T00:00:00+08:00,,
CN-320200,320200,320200000000,无锡市,32,江苏省,地级市,core,2022,2022,2022,2022-01-01,,official_source_snapshot,SRC-ADMIN-DIVISION-2022,"level=2, code=320200000000, parent=320000000000",2026-08-01T00:00:00+08:00,,
CN-320300,320300,320300000000,徐州市,32,江苏省,地级市,core,2022,2022,2022,2022-01-01,,official_source_snapshot,SRC-ADMIN-DIVISION-2022,"level=2, code=320300000000, parent=320000000000",2026-08-01T00:00:00+08:00,,
CN-320400,320400,320400000000,常州市,32,江苏省,地级市,core,2022,2022,2022,2022-01-01,,official_source_snapshot,SRC-ADMIN-DIVISION-2022,"level=2, code=320400000000, parent=320000000000",2026-08-01T00:00:00+08:00,,
CN-320500,320500,320500000000,苏州市,32,江苏省,地级市,core,2022,2022,2022,2022-01-01,,official_source_snapshot,SRC-ADMIN-DIVISION-2022,"level=2, code=320500000000, parent=320000000000",2026-08-01T00:00:00+08:00,,
CN-320600,320600,320600000000,南通市,32,江苏省,地级市,core,2022,2022,2022,2022-01-01,,official_source_snapshot,SRC-ADMIN-DIVISION-2022,"level=2, code=320600000000, parent=320000000000",2026-08-01T00:00:00+08:00,,
CN-320700,320700,320700000000,连云港市,32,江苏省,地级市,core,2022,2022,2022,2022-01-01,,official_source_snapshot,SRC-ADMIN-DIVISION-2022,"level=2, code=320700000000, parent=320000000000",2026-08-01T00:00:00+08:00,,
CN-320800,320800,320800000000,淮安市,32,江苏省,地级市,core,2022,2022,2022,2022-01-01,,official_source_snapshot,SRC-ADMIN-DIVISION-2022,"level=2, code=320800000000, parent=320000000000",2026-08-01T00:00:00+08:00,,
CN-320900,320900,320900000000,盐城市,32,江苏省,地级市,core,2022,2022,2022,2022-01-01,,official_source_snapshot,SRC-ADMIN-DIVISION-2022,"level=2, code=320900000000, parent=320000000000",2026-08-01T00:00:00+08:00,,
CN-321000,321000,321000000000,扬州市,32,江苏省,地级市,core,2022,2022,2022,2022-01-01,,official_source_snapshot,SRC-ADMIN-DIVISION-2022,"level=2, code=321000000000, parent=320000000000",2026-08-01T00:00:00+08:00,,
CN-321100,321100,321100000000,镇江市,32,江苏省,地级市,core,2022,2022,2022,2022-01-01,,official_source_snapshot,SRC-ADMIN-DIVISION-2022,"level=2, code=321100000000, parent=320000000000",2026-08-01T00:00:00+08:00,,
CN-321200,321200,321200000000,泰州市,32,江苏省,地级市,core,2022,2022,2022,2022-01-01,,official_source_snapshot,SRC-ADMIN-DIVISION-2022,"level=2, code=321200000000, parent=320000000000",2026-08-01T00:00:00+08:00,,
CN-321300,321300,321300000000,宿迁市,32,江苏省,地级市,core,2022,2022,2022,2022-01-01,,official_source_snapshot,SRC-ADMIN-DIVISION-2022,"level=2, code=321300000000, parent=320000000000",2026-08-01T00:00:00+08:00,,
CN-330100,330100,330100000000,杭州市,33,浙江省,地级市,core,2022,2022,2022,2022-01-01,,official_source_snapshot,SRC-ADMIN-DIVISION-2022,"level=2, code=330100000000, parent=330000000000",2026-08-01T00:00:00+08:00,,
CN-330200,330200,330200000000,宁波市,33,浙江省,地级市,core,2022,2022,2022,2022-01-01,,official_source_snapshot,SRC-ADMIN-DIVISION-2022,"level=2, code=330200000000, parent=330000000000",2026-08-01T00:00:00+08:00,,
CN-330300,330300,330300000000,温州市,33,浙江省,地级市,core,2022,2022,2022,2022-01-01,,official_source_snapshot,SRC-ADMIN-DIVISION-2022,"level=2, code=330300000000, parent=330000000000",2026-08-01T00:00:00+08:00,,
CN-330400,330400,330400000000,嘉兴市,33,浙江省,地级市,core,2022,2022,2022,2022-01-01,,official_source_snapshot,SRC-ADMIN-DIVISION-2022,"level=2, code=330400000000, parent=330000000000",2026-08-01T00:00:00+08:00,,
CN-330500,330500,330500000000,湖州市,33,浙江省,地级市,core,2022,2022,2022,2022-01-01,,official_source_snapshot,SRC-ADMIN-DIVISION-2022,"level=2, code=330500000000, parent=330000000000",2026-08-01T00:00:00+08:00,,
CN-330600,330600,330600000000,绍兴市,33,浙江省,地级市,core,2022,2022,2022,2022-01-01,,official_source_snapshot,SRC-ADMIN-DIVISION-2022,"level=2, code=330600000000, parent=330000000000",2026-08-01T00:00:00+08:00,,
CN-330700,330700,330700000000,金华市,33,浙江省,地级市,core,2022,2022,2022,2022-01-01,,official_source_snapshot,SRC-ADMIN-DIVISION-2022,"level=2, code=330700000000, parent=330000000000",2026-08-01T00:00:00+08:00,,
CN-330800,330800,330800000000,衢州市,33,浙江省,地级市,core,2022,2022,2022,2022-01-01,,official_source_snapshot,SRC-ADMIN-DIVISION-2022,"level=2, code=330800000000, parent=330000000000",2026-08-01T00:00:00+08:00,,
CN-330900,330900,330900000000,舟山市,33,浙江省,地级市,core,2022,2022,2022,2022-01-01,,official_source_snapshot,SRC-ADMIN-DIVISION-2022,"level=2, code=330900000000, parent=330000000000",2026-08-01T00:00:00+08:00,,
CN-331000,331000,331000000000,台州市,33,浙江省,地级市,core,2022,2022,2022,2022-01-01,,official_source_snapshot,SRC-ADMIN-DIVISION-2022,"level=2, code=331000000000, parent=330000000000",2026-08-01T00:00:00+08:00,,
CN-331100,331100,331100000000,丽水市,33,浙江省,地级市,core,2022,2022,2022,2022-01-01,,official_source_snapshot,SRC-ADMIN-DIVISION-2022,"level=2, code=331100000000, parent=330000000000",2026-08-01T00:00:00+08:00,,
CN-340100,340100,340100000000,合肥市,34,安徽省,地级市,core,2022,2022,2022,2022-01-01,,official_source_snapshot,SRC-ADMIN-DIVISION-2022,"level=2, code=340100000000, parent=340000000000",2026-08-01T00:00:00+08:00,,
CN-340200,340200,340200000000,芜湖市,34,安徽省,地级市,core,2022,2022,2022,2022-01-01,,official_source_snapshot,SRC-ADMIN-DIVISION-2022,"level=2, code=340200000000, parent=340000000000",2026-08-01T00:00:00+08:00,,
CN-340300,340300,340300000000,蚌埠市,34,安徽省,地级市,core,2022,2022,2022,2022-01-01,,official_source_snapshot,SRC-ADMIN-DIVISION-2022,"level=2, code=340300000000, parent=340000000000",2026-08-01T00:00:00+08:00,,
CN-340400,340400,340400000000,淮南市,34,安徽省,地级市,core,2022,2022,2022,2022-01-01,,official_source_snapshot,SRC-ADMIN-DIVISION-2022,"level=2, code=340400000000, parent=340000000000",2026-08-01T00:00:00+08:00,,
CN-340500,340500,340500000000,马鞍山市,34,安徽省,地级市,core,2022,2022,2022,2022-01-01,,official_source_snapshot,SRC-ADMIN-DIVISION-2022,"level=2, code=340500000000, parent=340000000000",2026-08-01T00:00:00+08:00,,
CN-340600,340600,340600000000,淮北市,34,安徽省,地级市,core,2022,2022,2022,2022-01-01,,official_source_snapshot,SRC-ADMIN-DIVISION-2022,"level=2, code=340600000000, parent=340000000000",2026-08-01T00:00:00+08:00,,
CN-340700,340700,340700000000,铜陵市,34,安徽省,地级市,core,2022,2022,2022,2022-01-01,,official_source_snapshot,SRC-ADMIN-DIVISION-2022,"level=2, code=340700000000, parent=340000000000",2026-08-01T00:00:00+08:00,,
CN-340800,340800,340800000000,安庆市,34,安徽省,地级市,core,2022,2022,2022,2022-01-01,,official_source_snapshot,SRC-ADMIN-DIVISION-2022,"level=2, code=340800000000, parent=340000000000",2026-08-01T00:00:00+08:00,,
CN-341000,341000,341000000000,黄山市,34,安徽省,地级市,core,2022,2022,2022,2022-01-01,,official_source_snapshot,SRC-ADMIN-DIVISION-2022,"level=2, code=341000000000, parent=340000000000",2026-08-01T00:00:00+08:00,,
CN-341100,341100,341100000000,滁州市,34,安徽省,地级市,core,2022,2022,2022,2022-01-01,,official_source_snapshot,SRC-ADMIN-DIVISION-2022,"level=2, code=341100000000, parent=340000000000",2026-08-01T00:00:00+08:00,,
CN-341200,341200,341200000000,阜阳市,34,安徽省,地级市,core,2022,2022,2022,2022-01-01,,official_source_snapshot,SRC-ADMIN-DIVISION-2022,"level=2, code=341200000000, parent=340000000000",2026-08-01T00:00:00+08:00,,
CN-341300,341300,341300000000,宿州市,34,安徽省,地级市,core,2022,2022,2022,2022-01-01,,official_source_snapshot,SRC-ADMIN-DIVISION-2022,"level=2, code=341300000000, parent=340000000000",2026-08-01T00:00:00+08:00,,
CN-341500,341500,341500000000,六安市,34,安徽省,地级市,core,2022,2022,2022,2022-01-01,,official_source_snapshot,SRC-ADMIN-DIVISION-2022,"level=2, code=341500000000, parent=340000000000",2026-08-01T00:00:00+08:00,,
CN-341600,341600,341600000000,亳州市,34,安徽省,地级市,core,2022,2022,2022,2022-01-01,,official_source_snapshot,SRC-ADMIN-DIVISION-2022,"level=2, code=341600000000, parent=340000000000",2026-08-01T00:00:00+08:00,,
CN-341700,341700,341700000000,池州市,34,安徽省,地级市,core,2022,2022,2022,2022-01-01,,official_source_snapshot,SRC-ADMIN-DIVISION-2022,"level=2, code=341700000000, parent=340000000000",2026-08-01T00:00:00+08:00,,
CN-341800,341800,341800000000,宣城市,34,安徽省,地级市,core,2022,2022,2022,2022-01-01,,official_source_snapshot,SRC-ADMIN-DIVISION-2022,"level=2, code=341800000000, parent=340000000000",2026-08-01T00:00:00+08:00,,
CN-350100,350100,350100000000,福州市,35,福建省,地级市,core,2022,2022,2022,2022-01-01,,official_source_snapshot,SRC-ADMIN-DIVISION-2022,"level=2, code=350100000000, parent=350000000000",2026-08-01T00:00:00+08:00,,
CN-350200,350200,350200000000,厦门市,35,福建省,地级市,core,2022,2022,2022,2022-01-01,,official_source_snapshot,SRC-ADMIN-DIVISION-2022,"level=2, code=350200000000, parent=350000000000",2026-08-01T00:00:00+08:00,,
CN-350300,350300,350300000000,莆田市,35,福建省,地级市,core,2022,2022,2022,2022-01-01,,official_source_snapshot,SRC-ADMIN-DIVISION-2022,"level=2, code=350300000000, parent=350000000000",2026-08-01T00:00:00+08:00,,
CN-350400,350400,350400000000,三明市,35,福建省,地级市,core,2022,2022,2022,2022-01-01,,official_source_snapshot,SRC-ADMIN-DIVISION-2022,"level=2, code=350400000000, parent=350000000000",2026-08-01T00:00:00+08:00,,
CN-350500,350500,350500000000,泉州市,35,福建省,地级市,core,2022,2022,2022,2022-01-01,,official_source_snapshot,SRC-ADMIN-DIVISION-2022,"level=2, code=350500000000, parent=350000000000",2026-08-01T00:00:00+08:00,,
CN-350600,350600,350600000000,漳州市,35,福建省,地级市,core,2022,2022,2022,2022-01-01,,official_source_snapshot,SRC-ADMIN-DIVISION-2022,"level=2, code=350600000000, parent=350000000000",2026-08-01T00:00:00+08:00,,
CN-350700,350700,350700000000,南平市,35,福建省,地级市,core,2022,2022,2022,2022-01-01,,official_source_snapshot,SRC-ADMIN-DIVISION-2022,"level=2, code=350700000000, parent=350000000000",2026-08-01T00:00:00+08:00,,
CN-350800,350800,350800000000,龙岩市,35,福建省,地级市,core,2022,2022,2022,2022-01-01,,official_source_snapshot,SRC-ADMIN-DIVISION-2022,"level=2, code=350800000000, parent=350000000000",2026-08-01T00:00:00+08:00,,
CN-350900,350900,350900000000,宁德市,35,福建省,地级市,core,2022,2022,2022,2022-01-01,,official_source_snapshot,SRC-ADMIN-DIVISION-2022,"level=2, code=350900000000, parent=350000000000",2026-08-01T00:00:00+08:00,,
CN-360100,360100,360100000000,南昌市,36,江西省,地级市,core,2022,2022,2022,2022-01-01,,official_source_snapshot,SRC-ADMIN-DIVISION-2022,"level=2, code=360100000000, parent=360000000000",2026-08-01T00:00:00+08:00,,
CN-360200,360200,360200000000,景德镇市,36,江西省,地级市,core,2022,2022,2022,2022-01-01,,official_source_snapshot,SRC-ADMIN-DIVISION-2022,"level=2, code=360200000000, parent=360000000000",2026-08-01T00:00:00+08:00,,
CN-360300,360300,360300000000,萍乡市,36,江西省,地级市,core,2022,2022,2022,2022-01-01,,official_source_snapshot,SRC-ADMIN-DIVISION-2022,"level=2, code=360300000000, parent=360000000000",2026-08-01T00:00:00+08:00,,
CN-360400,360400,360400000000,九江市,36,江西省,地级市,core,2022,2022,2022,2022-01-01,,official_source_snapshot,SRC-ADMIN-DIVISION-2022,"level=2, code=360400000000, parent=360000000000",2026-08-01T00:00:00+08:00,,
CN-360500,360500,360500000000,新余市,36,江西省,地级市,core,2022,2022,2022,2022-01-01,,official_source_snapshot,SRC-ADMIN-DIVISION-2022,"level=2, code=360500000000, parent=360000000000",2026-08-01T00:00:00+08:00,,
CN-360600,360600,360600000000,鹰潭市,36,江西省,地级市,core,2022,2022,2022,2022-01-01,,official_source_snapshot,SRC-ADMIN-DIVISION-2022,"level=2, code=360600000000, parent=360000000000",2026-08-01T00:00:00+08:00,,
CN-360700,360700,360700000000,赣州市,36,江西省,地级市,core,2022,2022,2022,2022-01-01,,official_source_snapshot,SRC-ADMIN-DIVISION-2022,"level=2, code=360700000000, parent=360000000000",2026-08-01T00:00:00+08:00,,
CN-360800,360800,360800000000,吉安市,36,江西省,地级市,core,2022,2022,2022,2022-01-01,,official_source_snapshot,SRC-ADMIN-DIVISION-2022,"level=2, code=360800000000, parent=360000000000",2026-08-01T00:00:00+08:00,,
CN-360900,360900,360900000000,宜春市,36,江西省,地级市,core,2022,2022,2022,2022-01-01,,official_source_snapshot,SRC-ADMIN-DIVISION-2022,"level=2, code=360900000000, parent=360000000000",2026-08-01T00:00:00+08:00,,
CN-361000,361000,361000000000,抚州市,36,江西省,地级市,core,2022,2022,2022,2022-01-01,,official_source_snapshot,SRC-ADMIN-DIVISION-2022,"level=2, code=361000000000, parent=360000000000",2026-08-01T00:00:00+08:00,,
CN-361100,361100,361100000000,上饶市,36,江西省,地级市,core,2022,2022,2022,2022-01-01,,official_source_snapshot,SRC-ADMIN-DIVISION-2022,"level=2, code=361100000000, parent=360000000000",2026-08-01T00:00:00+08:00,,
CN-370100,370100,370100000000,济南市,37,山东省,地级市,core,2022,2022,2022,2022-01-01,,official_source_snapshot,SRC-ADMIN-DIVISION-2022,"level=2, code=370100000000, parent=370000000000",2026-08-01T00:00:00+08:00,,
CN-370200,370200,370200000000,青岛市,37,山东省,地级市,core,2022,2022,2022,2022-01-01,,official_source_snapshot,SRC-ADMIN-DIVISION-2022,"level=2, code=370200000000, parent=370000000000",2026-08-01T00:00:00+08:00,,
CN-370300,370300,370300000000,淄博市,37,山东省,地级市,core,2022,2022,2022,2022-01-01,,official_source_snapshot,SRC-ADMIN-DIVISION-2022,"level=2, code=370300000000, parent=370000000000",2026-08-01T00:00:00+08:00,,
CN-370400,370400,370400000000,枣庄市,37,山东省,地级市,core,2022,2022,2022,2022-01-01,,official_source_snapshot,SRC-ADMIN-DIVISION-2022,"level=2, code=370400000000, parent=370000000000",2026-08-01T00:00:00+08:00,,
CN-370500,370500,370500000000,东营市,37,山东省,地级市,core,2022,2022,2022,2022-01-01,,official_source_snapshot,SRC-ADMIN-DIVISION-2022,"level=2, code=370500000000, parent=370000000000",2026-08-01T00:00:00+08:00,,
CN-370600,370600,370600000000,烟台市,37,山东省,地级市,core,2022,2022,2022,2022-01-01,,official_source_snapshot,SRC-ADMIN-DIVISION-2022,"level=2, code=370600000000, parent=370000000000",2026-08-01T00:00:00+08:00,,
CN-370700,370700,370700000000,潍坊市,37,山东省,地级市,core,2022,2022,2022,2022-01-01,,official_source_snapshot,SRC-ADMIN-DIVISION-2022,"level=2, code=370700000000, parent=370000000000",2026-08-01T00:00:00+08:00,,
CN-370800,370800,370800000000,济宁市,37,山东省,地级市,core,2022,2022,2022,2022-01-01,,official_source_snapshot,SRC-ADMIN-DIVISION-2022,"level=2, code=370800000000, parent=370000000000",2026-08-01T00:00:00+08:00,,
CN-370900,370900,370900000000,泰安市,37,山东省,地级市,core,2022,2022,2022,2022-01-01,,official_source_snapshot,SRC-ADMIN-DIVISION-2022,"level=2, code=370900000000, parent=370000000000",2026-08-01T00:00:00+08:00,,
CN-371000,371000,371000000000,威海市,37,山东省,地级市,core,2022,2022,2022,2022-01-01,,official_source_snapshot,SRC-ADMIN-DIVISION-2022,"level=2, code=371000000000, parent=370000000000",2026-08-01T00:00:00+08:00,,
CN-371100,371100,371100000000,日照市,37,山东省,地级市,core,2022,2022,2022,2022-01-01,,official_source_snapshot,SRC-ADMIN-DIVISION-2022,"level=2, code=371100000000, parent=370000000000",2026-08-01T00:00:00+08:00,,
CN-371300,371300,371300000000,临沂市,37,山东省,地级市,core,2022,2022,2022,2022-01-01,,official_source_snapshot,SRC-ADMIN-DIVISION-2022,"level=2, code=371300000000, parent=370000000000",2026-08-01T00:00:00+08:00,,
CN-371400,371400,371400000000,德州市,37,山东省,地级市,core,2022,2022,2022,2022-01-01,,official_source_snapshot,SRC-ADMIN-DIVISION-2022,"level=2, code=371400000000, parent=370000000000",2026-08-01T00:00:00+08:00,,
CN-371500,371500,371500000000,聊城市,37,山东省,地级市,core,2022,2022,2022,2022-01-01,,official_source_snapshot,SRC-ADMIN-DIVISION-2022,"level=2, code=371500000000, parent=370000000000",2026-08-01T00:00:00+08:00,,
CN-371600,371600,371600000000,滨州市,37,山东省,地级市,core,2022,2022,2022,2022-01-01,,official_source_snapshot,SRC-ADMIN-DIVISION-2022,"level=2, code=371600000000, parent=370000000000",2026-08-01T00:00:00+08:00,,
CN-371700,371700,371700000000,菏泽市,37,山东省,地级市,core,2022,2022,2022,2022-01-01,,official_source_snapshot,SRC-ADMIN-DIVISION-2022,"level=2, code=371700000000, parent=370000000000",2026-08-01T00:00:00+08:00,,
CN-410100,410100,410100000000,郑州市,41,河南省,地级市,core,2022,2022,2022,2022-01-01,,official_source_snapshot,SRC-ADMIN-DIVISION-2022,"level=2, code=410100000000, parent=410000000000",2026-08-01T00:00:00+08:00,,
CN-410200,410200,410200000000,开封市,41,河南省,地级市,core,2022,2022,2022,2022-01-01,,official_source_snapshot,SRC-ADMIN-DIVISION-2022,"level=2, code=410200000000, parent=410000000000",2026-08-01T00:00:00+08:00,,
CN-410300,410300,410300000000,洛阳市,41,河南省,地级市,core,2022,2022,2022,2022-01-01,,official_source_snapshot,SRC-ADMIN-DIVISION-2022,"level=2, code=410300000000, parent=410000000000",2026-08-01T00:00:00+08:00,,
CN-410400,410400,410400000000,平顶山市,41,河南省,地级市,core,2022,2022,2022,2022-01-01,,official_source_snapshot,SRC-ADMIN-DIVISION-2022,"level=2, code=410400000000, parent=410000000000",2026-08-01T00:00:00+08:00,,
CN-410500,410500,410500000000,安阳市,41,河南省,地级市,core,2022,2022,2022,2022-01-01,,official_source_snapshot,SRC-ADMIN-DIVISION-2022,"level=2, code=410500000000, parent=410000000000",2026-08-01T00:00:00+08:00,,
CN-410600,410600,410600000000,鹤壁市,41,河南省,地级市,core,2022,2022,2022,2022-01-01,,official_source_snapshot,SRC-ADMIN-DIVISION-2022,"level=2, code=410600000000, parent=410000000000",2026-08-01T00:00:00+08:00,,
CN-410700,410700,410700000000,新乡市,41,河南省,地级市,core,2022,2022,2022,2022-01-01,,official_source_snapshot,SRC-ADMIN-DIVISION-2022,"level=2, code=410700000000, parent=410000000000",2026-08-01T00:00:00+08:00,,
CN-410800,410800,410800000000,焦作市,41,河南省,地级市,core,2022,2022,2022,2022-01-01,,official_source_snapshot,SRC-ADMIN-DIVISION-2022,"level=2, code=410800000000, parent=410000000000",2026-08-01T00:00:00+08:00,,
CN-410900,410900,410900000000,濮阳市,41,河南省,地级市,core,2022,2022,2022,2022-01-01,,official_source_snapshot,SRC-ADMIN-DIVISION-2022,"level=2, code=410900000000, parent=410000000000",2026-08-01T00:00:00+08:00,,
CN-411000,411000,411000000000,许昌市,41,河南省,地级市,core,2022,2022,2022,2022-01-01,,official_source_snapshot,SRC-ADMIN-DIVISION-2022,"level=2, code=411000000000, parent=410000000000",2026-08-01T00:00:00+08:00,,
CN-411100,411100,411100000000,漯河市,41,河南省,地级市,core,2022,2022,2022,2022-01-01,,official_source_snapshot,SRC-ADMIN-DIVISION-2022,"level=2, code=411100000000, parent=410000000000",2026-08-01T00:00:00+08:00,,
CN-411200,411200,411200000000,三门峡市,41,河南省,地级市,core,2022,2022,2022,2022-01-01,,official_source_snapshot,SRC-ADMIN-DIVISION-2022,"level=2, code=411200000000, parent=410000000000",2026-08-01T00:00:00+08:00,,
CN-411300,411300,411300000000,南阳市,41,河南省,地级市,core,2022,2022,2022,2022-01-01,,official_source_snapshot,SRC-ADMIN-DIVISION-2022,"level=2, code=411300000000, parent=410000000000",2026-08-01T00:00:00+08:00,,
CN-411400,411400,411400000000,商丘市,41,河南省,地级市,core,2022,2022,2022,2022-01-01,,official_source_snapshot,SRC-ADMIN-DIVISION-2022,"level=2, code=411400000000, parent=410000000000",2026-08-01T00:00:00+08:00,,
CN-411500,411500,411500000000,信阳市,41,河南省,地级市,core,2022,2022,2022,2022-01-01,,official_source_snapshot,SRC-ADMIN-DIVISION-2022,"level=2, code=411500000000, parent=410000000000",2026-08-01T00:00:00+08:00,,
CN-411600,411600,411600000000,周口市,41,河南省,地级市,core,2022,2022,2022,2022-01-01,,official_source_snapshot,SRC-ADMIN-DIVISION-2022,"level=2, code=411600000000, parent=410000000000",2026-08-01T00:00:00+08:00,,
CN-411700,411700,411700000000,驻马店市,41,河南省,地级市,core,2022,2022,2022,2022-01-01,,official_source_snapshot,SRC-ADMIN-DIVISION-2022,"level=2, code=411700000000, parent=410000000000",2026-08-01T00:00:00+08:00,,
CN-419000,419000,419000000000,省直辖县级行政区划,41,河南省,地级市,core,2022,2022,2022,2022-01-01,,official_source_snapshot,SRC-ADMIN-DIVISION-2022,"level=2, code=419000000000, parent=410000000000",2026-08-01T00:00:00+08:00,,
CN-420100,420100,420100000000,武汉市,42,湖北省,地级市,core,2022,2022,2022,2022-01-01,,official_source_snapshot,SRC-ADMIN-DIVISION-2022,"level=2, code=420100000000, parent=420000000000",2026-08-01T00:00:00+08:00,,
CN-420200,420200,420200000000,黄石市,42,湖北省,地级市,core,2022,2022,2022,2022-01-01,,official_source_snapshot,SRC-ADMIN-DIVISION-2022,"level=2, code=420200000000, parent=420000000000",2026-08-01T00:00:00+08:00,,
CN-420300,420300,420300000000,十堰市,42,湖北省,地级市,core,2022,2022,2022,2022-01-01,,official_source_snapshot,SRC-ADMIN-DIVISION-2022,"level=2, code=420300000000, parent=420000000000",2026-08-01T00:00:00+08:00,,
CN-420500,420500,420500000000,宜昌市,42,湖北省,地级市,core,2022,2022,2022,2022-01-01,,official_source_snapshot,SRC-ADMIN-DIVISION-2022,"level=2, code=420500000000, parent=420000000000",2026-08-01T00:00:00+08:00,,
CN-420600,420600,420600000000,襄阳市,42,湖北省,地级市,core,2022,2022,2022,2022-01-01,,official_source_snapshot,SRC-ADMIN-DIVISION-2022,"level=2, code=420600000000, parent=420000000000",2026-08-01T00:00:00+08:00,,
CN-420700,420700,420700000000,鄂州市,42,湖北省,地级市,core,2022,2022,2022,2022-01-01,,official_source_snapshot,SRC-ADMIN-DIVISION-2022,"level=2, code=420700000000, parent=420000000000",2026-08-01T00:00:00+08:00,,
CN-420800,420800,420800000000,荆门市,42,湖北省,地级市,core,2022,2022,2022,2022-01-01,,official_source_snapshot,SRC-ADMIN-DIVISION-2022,"level=2, code=420800000000, parent=420000000000",2026-08-01T00:00:00+08:00,,
CN-420900,420900,420900000000,孝感市,42,湖北省,地级市,core,2022,2022,2022,2022-01-01,,official_source_snapshot,SRC-ADMIN-DIVISION-2022,"level=2, code=420900000000, parent=420000000000",2026-08-01T00:00:00+08:00,,
CN-421000,421000,421000000000,荆州市,42,湖北省,地级市,core,2022,2022,2022,2022-01-01,,official_source_snapshot,SRC-ADMIN-DIVISION-2022,"level=2, code=421000000000, parent=420000000000",2026-08-01T00:00:00+08:00,,
CN-421100,421100,421100000000,黄冈市,42,湖北省,地级市,core,2022,2022,2022,2022-01-01,,official_source_snapshot,SRC-ADMIN-DIVISION-2022,"level=2, code=421100000000, parent=420000000000",2026-08-01T00:00:00+08:00,,
CN-421200,421200,421200000000,咸宁市,42,湖北省,地级市,core,2022,2022,2022,2022-01-01,,official_source_snapshot,SRC-ADMIN-DIVISION-2022,"level=2, code=421200000000, parent=420000000000",2026-08-01T00:00:00+08:00,,
CN-421300,421300,421300000000,随州市,42,湖北省,地级市,core,2022,2022,2022,2022-01-01,,official_source_snapshot,SRC-ADMIN-DIVISION-2022,"level=2, code=421300000000, parent=420000000000",2026-08-01T00:00:00+08:00,,
CN-422800,422800,422800000000,恩施土家族苗族自治州,42,湖北省,自治州,extended,2022,2022,2022,2022-01-01,,official_source_snapshot,SRC-ADMIN-DIVISION-2022,"level=2, code=422800000000, parent=420000000000",2026-08-01T00:00:00+08:00,,
CN-429000,429000,429000000000,省直辖县级行政区划,42,湖北省,地级市,core,2022,2022,2022,2022-01-01,,official_source_snapshot,SRC-ADMIN-DIVISION-2022,"level=2, code=429000000000, parent=420000000000",2026-08-01T00:00:00+08:00,,
CN-430100,430100,430100000000,长沙市,43,湖南省,地级市,core,2022,2022,2022,2022-01-01,,official_source_snapshot,SRC-ADMIN-DIVISION-2022,"level=2, code=430100000000, parent=430000000000",2026-08-01T00:00:00+08:00,,
CN-430200,430200,430200000000,株洲市,43,湖南省,地级市,core,2022,2022,2022,2022-01-01,,official_source_snapshot,SRC-ADMIN-DIVISION-2022,"level=2, code=430200000000, parent=430000000000",2026-08-01T00:00:00+08:00,,
CN-430300,430300,430300000000,湘潭市,43,湖南省,地级市,core,2022,2022,2022,2022-01-01,,official_source_snapshot,SRC-ADMIN-DIVISION-2022,"level=2, code=430300000000, parent=430000000000",2026-08-01T00:00:00+08:00,,
CN-430400,430400,430400000000,衡阳市,43,湖南省,地级市,core,2022,2022,2022,2022-01-01,,official_source_snapshot,SRC-ADMIN-DIVISION-2022,"level=2, code=430400000000, parent=430000000000",2026-08-01T00:00:00+08:00,,
CN-430500,430500,430500000000,邵阳市,43,湖南省,地级市,core,2022,2022,2022,2022-01-01,,official_source_snapshot,SRC-ADMIN-DIVISION-2022,"level=2, code=430500000000, parent=430000000000",2026-08-01T00:00:00+08:00,,
CN-430600,430600,430600000000,岳阳市,43,湖南省,地级市,core,2022,2022,2022,2022-01-01,,official_source_snapshot,SRC-ADMIN-DIVISION-2022,"level=2, code=430600000000, parent=430000000000",2026-08-01T00:00:00+08:00,,
CN-430700,430700,430700000000,常德市,43,湖南省,地级市,core,2022,2022,2022,2022-01-01,,official_source_snapshot,SRC-ADMIN-DIVISION-2022,"level=2, code=430700000000, parent=430000000000",2026-08-01T00:00:00+08:00,,
CN-430800,430800,430800000000,张家界市,43,湖南省,地级市,core,2022,2022,2022,2022-01-01,,official_source_snapshot,SRC-ADMIN-DIVISION-2022,"level=2, code=430800000000, parent=430000000000",2026-08-01T00:00:00+08:00,,
CN-430900,430900,430900000000,益阳市,43,湖南省,地级市,core,2022,2022,2022,2022-01-01,,official_source_snapshot,SRC-ADMIN-DIVISION-2022,"level=2, code=430900000000, parent=430000000000",2026-08-01T00:00:00+08:00,,
CN-431000,431000,431000000000,郴州市,43,湖南省,地级市,core,2022,2022,2022,2022-01-01,,official_source_snapshot,SRC-ADMIN-DIVISION-2022,"level=2, code=431000000000, parent=430000000000",2026-08-01T00:00:00+08:00,,
CN-431100,431100,431100000000,永州市,43,湖南省,地级市,core,2022,2022,2022,2022-01-01,,official_source_snapshot,SRC-ADMIN-DIVISION-2022,"level=2, code=431100000000, parent=430000000000",2026-08-01T00:00:00+08:00,,
CN-431200,431200,431200000000,怀化市,43,湖南省,地级市,core,2022,2022,2022,2022-01-01,,official_source_snapshot,SRC-ADMIN-DIVISION-2022,"level=2, code=431200000000, parent=430000000000",2026-08-01T00:00:00+08:00,,
CN-431300,431300,431300000000,娄底市,43,湖南省,地级市,core,2022,2022,2022,2022-01-01,,official_source_snapshot,SRC-ADMIN-DIVISION-2022,"level=2, code=431300000000, parent=430000000000",2026-08-01T00:00:00+08:00,,
CN-433100,433100,433100000000,湘西土家族苗族自治州,43,湖南省,自治州,extended,2022,2022,2022,2022-01-01,,official_source_snapshot,SRC-ADMIN-DIVISION-2022,"level=2, code=433100000000, parent=430000000000",2026-08-01T00:00:00+08:00,,
CN-440100,440100,440100000000,广州市,44,广东省,地级市,core,2022,2022,2022,2022-01-01,,official_source_snapshot,SRC-ADMIN-DIVISION-2022,"level=2, code=440100000000, parent=440000000000",2026-08-01T00:00:00+08:00,,
CN-440200,440200,440200000000,韶关市,44,广东省,地级市,core,2022,2022,2022,2022-01-01,,official_source_snapshot,SRC-ADMIN-DIVISION-2022,"level=2, code=440200000000, parent=440000000000",2026-08-01T00:00:00+08:00,,
CN-440300,440300,440300000000,深圳市,44,广东省,地级市,core,2022,2022,2022,2022-01-01,,official_source_snapshot,SRC-ADMIN-DIVISION-2022,"level=2, code=440300000000, parent=440000000000",2026-08-01T00:00:00+08:00,,
CN-440400,440400,440400000000,珠海市,44,广东省,地级市,core,2022,2022,2022,2022-01-01,,official_source_snapshot,SRC-ADMIN-DIVISION-2022,"level=2, code=440400000000, parent=440000000000",2026-08-01T00:00:00+08:00,,
CN-440500,440500,440500000000,汕头市,44,广东省,地级市,core,2022,2022,2022,2022-01-01,,official_source_snapshot,SRC-ADMIN-DIVISION-2022,"level=2, code=440500000000, parent=440000000000",2026-08-01T00:00:00+08:00,,
CN-440600,440600,440600000000,佛山市,44,广东省,地级市,core,2022,2022,2022,2022-01-01,,official_source_snapshot,SRC-ADMIN-DIVISION-2022,"level=2, code=440600000000, parent=440000000000",2026-08-01T00:00:00+08:00,,
CN-440700,440700,440700000000,江门市,44,广东省,地级市,core,2022,2022,2022,2022-01-01,,official_source_snapshot,SRC-ADMIN-DIVISION-2022,"level=2, code=440700000000, parent=440000000000",2026-08-01T00:00:00+08:00,,
CN-440800,440800,440800000000,湛江市,44,广东省,地级市,core,2022,2022,2022,2022-01-01,,official_source_snapshot,SRC-ADMIN-DIVISION-2022,"level=2, code=440800000000, parent=440000000000",2026-08-01T00:00:00+08:00,,
CN-440900,440900,440900000000,茂名市,44,广东省,地级市,core,2022,2022,2022,2022-01-01,,official_source_snapshot,SRC-ADMIN-DIVISION-2022,"level=2, code=440900000000, parent=440000000000",2026-08-01T00:00:00+08:00,,
CN-441200,441200,441200000000,肇庆市,44,广东省,地级市,core,2022,2022,2022,2022-01-01,,official_source_snapshot,SRC-ADMIN-DIVISION-2022,"level=2, code=441200000000, parent=440000000000",2026-08-01T00:00:00+08:00,,
CN-441300,441300,441300000000,惠州市,44,广东省,地级市,core,2022,2022,2022,2022-01-01,,official_source_snapshot,SRC-ADMIN-DIVISION-2022,"level=2, code=441300000000, parent=440000000000",2026-08-01T00:00:00+08:00,,
CN-441400,441400,441400000000,梅州市,44,广东省,地级市,core,2022,2022,2022,2022-01-01,,official_source_snapshot,SRC-ADMIN-DIVISION-2022,"level=2, code=441400000000, parent=440000000000",2026-08-01T00:00:00+08:00,,
CN-441500,441500,441500000000,汕尾市,44,广东省,地级市,core,2022,2022,2022,2022-01-01,,official_source_snapshot,SRC-ADMIN-DIVISION-2022,"level=2, code=441500000000, parent=440000000000",2026-08-01T00:00:00+08:00,,
CN-441600,441600,441600000000,河源市,44,广东省,地级市,core,2022,2022,2022,2022-01-01,,official_source_snapshot,SRC-ADMIN-DIVISION-2022,"level=2, code=441600000000, parent=440000000000",2026-08-01T00:00:00+08:00,,
CN-441700,441700,441700000000,阳江市,44,广东省,地级市,core,2022,2022,2022,2022-01-01,,official_source_snapshot,SRC-ADMIN-DIVISION-2022,"level=2, code=441700000000, parent=440000000000",2026-08-01T00:00:00+08:00,,
CN-441800,441800,441800000000,清远市,44,广东省,地级市,core,2022,2022,2022,2022-01-01,,official_source_snapshot,SRC-ADMIN-DIVISION-2022,"level=2, code=441800000000, parent=440000000000",2026-08-01T00:00:00+08:00,,
CN-441900,441900,441900000000,东莞市,44,广东省,地级市,core,2022,2022,2022,2022-01-01,,official_source_snapshot,SRC-ADMIN-DIVISION-2022,"level=2, code=441900000000, parent=440000000000",2026-08-01T00:00:00+08:00,,
CN-442000,442000,442000000000,中山市,44,广东省,地级市,core,2022,2022,2022,2022-01-01,,official_source_snapshot,SRC-ADMIN-DIVISION-2022,"level=2, code=442000000000, parent=440000000000",2026-08-01T00:00:00+08:00,,
CN-445100,445100,445100000000,潮州市,44,广东省,地级市,core,2022,2022,2022,2022-01-01,,official_source_snapshot,SRC-ADMIN-DIVISION-2022,"level=2, code=445100000000, parent=440000000000",2026-08-01T00:00:00+08:00,,
CN-445200,445200,445200000000,揭阳市,44,广东省,地级市,core,2022,2022,2022,2022-01-01,,official_source_snapshot,SRC-ADMIN-DIVISION-2022,"level=2, code=445200000000, parent=440000000000",2026-08-01T00:00:00+08:00,,
CN-445300,445300,445300000000,云浮市,44,广东省,地级市,core,2022,2022,2022,2022-01-01,,official_source_snapshot,SRC-ADMIN-DIVISION-2022,"level=2, code=445300000000, parent=440000000000",2026-08-01T00:00:00+08:00,,
CN-450100,450100,450100000000,南宁市,45,广西壮族自治区,地级市,core,2022,2022,2022,2022-01-01,,official_source_snapshot,SRC-ADMIN-DIVISION-2022,"level=2, code=450100000000, parent=450000000000",2026-08-01T00:00:00+08:00,,
CN-450200,450200,450200000000,柳州市,45,广西壮族自治区,地级市,core,2022,2022,2022,2022-01-01,,official_source_snapshot,SRC-ADMIN-DIVISION-2022,"level=2, code=450200000000, parent=450000000000",2026-08-01T00:00:00+08:00,,
CN-450300,450300,450300000000,桂林市,45,广西壮族自治区,地级市,core,2022,2022,2022,2022-01-01,,official_source_snapshot,SRC-ADMIN-DIVISION-2022,"level=2, code=450300000000, parent=450000000000",2026-08-01T00:00:00+08:00,,
CN-450400,450400,450400000000,梧州市,45,广西壮族自治区,地级市,core,2022,2022,2022,2022-01-01,,official_source_snapshot,SRC-ADMIN-DIVISION-2022,"level=2, code=450400000000, parent=450000000000",2026-08-01T00:00:00+08:00,,
CN-450500,450500,450500000000,北海市,45,广西壮族自治区,地级市,core,2022,2022,2022,2022-01-01,,official_source_snapshot,SRC-ADMIN-DIVISION-2022,"level=2, code=450500000000, parent=450000000000",2026-08-01T00:00:00+08:00,,
CN-450600,450600,450600000000,防城港市,45,广西壮族自治区,地级市,core,2022,2022,2022,2022-01-01,,official_source_snapshot,SRC-ADMIN-DIVISION-2022,"level=2, code=450600000000, parent=450000000000",2026-08-01T00:00:00+08:00,,
CN-450700,450700,450700000000,钦州市,45,广西壮族自治区,地级市,core,2022,2022,2022,2022-01-01,,official_source_snapshot,SRC-ADMIN-DIVISION-2022,"level=2, code=450700000000, parent=450000000000",2026-08-01T00:00:00+08:00,,
CN-450800,450800,450800000000,贵港市,45,广西壮族自治区,地级市,core,2022,2022,2022,2022-01-01,,official_source_snapshot,SRC-ADMIN-DIVISION-2022,"level=2, code=450800000000, parent=450000000000",2026-08-01T00:00:00+08:00,,
CN-450900,450900,450900000000,玉林市,45,广西壮族自治区,地级市,core,2022,2022,2022,2022-01-01,,official_source_snapshot,SRC-ADMIN-DIVISION-2022,"level=2, code=450900000000, parent=450000000000",2026-08-01T00:00:00+08:00,,
CN-451000,451000,451000000000,百色市,45,广西壮族自治区,地级市,core,2022,2022,2022,2022-01-01,,official_source_snapshot,SRC-ADMIN-DIVISION-2022,"level=2, code=451000000000, parent=450000000000",2026-08-01T00:00:00+08:00,,
CN-451100,451100,451100000000,贺州市,45,广西壮族自治区,地级市,core,2022,2022,2022,2022-01-01,,official_source_snapshot,SRC-ADMIN-DIVISION-2022,"level=2, code=451100000000, parent=450000000000",2026-08-01T00:00:00+08:00,,
CN-451200,451200,451200000000,河池市,45,广西壮族自治区,地级市,core,2022,2022,2022,2022-01-01,,official_source_snapshot,SRC-ADMIN-DIVISION-2022,"level=2, code=451200000000, parent=450000000000",2026-08-01T00:00:00+08:00,,
CN-451300,451300,451300000000,来宾市,45,广西壮族自治区,地级市,core,2022,2022,2022,2022-01-01,,official_source_snapshot,SRC-ADMIN-DIVISION-2022,"level=2, code=451300000000, parent=450000000000",2026-08-01T00:00:00+08:00,,
CN-451400,451400,451400000000,崇左市,45,广西壮族自治区,地级市,core,2022,2022,2022,2022-01-01,,official_source_snapshot,SRC-ADMIN-DIVISION-2022,"level=2, code=451400000000, parent=450000000000",2026-08-01T00:00:00+08:00,,
CN-460100,460100,460100000000,海口市,46,海南省,地级市,core,2022,2022,2022,2022-01-01,,official_source_snapshot,SRC-ADMIN-DIVISION-2022,"level=2, code=460100000000, parent=460000000000",2026-08-01T00:00:00+08:00,,
CN-460200,460200,460200000000,三亚市,46,海南省,地级市,core,2022,2022,2022,2022-01-01,,official_source_snapshot,SRC-ADMIN-DIVISION-2022,"level=2, code=460200000000, parent=460000000000",2026-08-01T00:00:00+08:00,,
CN-460300,460300,460300000000,三沙市,46,海南省,地级市,core,2022,2022,2022,2022-01-01,,official_source_snapshot,SRC-ADMIN-DIVISION-2022,"level=2, code=460300000000, parent=460000000000",2026-08-01T00:00:00+08:00,,
CN-460400,460400,460400000000,儋州市,46,海南省,地级市,core,2022,2022,2022,2022-01-01,,official_source_snapshot,SRC-ADMIN-DIVISION-2022,"level=2, code=460400000000, parent=460000000000",2026-08-01T00:00:00+08:00,,
CN-469000,469000,469000000000,省直辖县级行政区划,46,海南省,地级市,core,2022,2022,2022,2022-01-01,,official_source_snapshot,SRC-ADMIN-DIVISION-2022,"level=2, code=469000000000, parent=460000000000",2026-08-01T00:00:00+08:00,,
CN-500000,500000,500000000000,重庆市,50,重庆市,直辖市,separate,2022,2022,2022,2022-01-01,,official_source_snapshot,SRC-ADMIN-DIVISION-2022,"level=2, code=500100000000, parent=500000000000",2026-08-01T00:00:00+08:00,,
CN-510100,510100,510100000000,成都市,51,四川省,地级市,core,2022,2022,2022,2022-01-01,,official_source_snapshot,SRC-ADMIN-DIVISION-2022,"level=2, code=510100000000, parent=510000000000",2026-08-01T00:00:00+08:00,,
CN-510300,510300,510300000000,自贡市,51,四川省,地级市,core,2022,2022,2022,2022-01-01,,official_source_snapshot,SRC-ADMIN-DIVISION-2022,"level=2, code=510300000000, parent=510000000000",2026-08-01T00:00:00+08:00,,
CN-510400,510400,510400000000,攀枝花市,51,四川省,地级市,core,2022,2022,2022,2022-01-01,,official_source_snapshot,SRC-ADMIN-DIVISION-2022,"level=2, code=510400000000, parent=510000000000",2026-08-01T00:00:00+08:00,,
CN-510500,510500,510500000000,泸州市,51,四川省,地级市,core,2022,2022,2022,2022-01-01,,official_source_snapshot,SRC-ADMIN-DIVISION-2022,"level=2, code=510500000000, parent=510000000000",2026-08-01T00:00:00+08:00,,
CN-510600,510600,510600000000,德阳市,51,四川省,地级市,core,2022,2022,2022,2022-01-01,,official_source_snapshot,SRC-ADMIN-DIVISION-2022,"level=2, code=510600000000, parent=510000000000",2026-08-01T00:00:00+08:00,,
CN-510700,510700,510700000000,绵阳市,51,四川省,地级市,core,2022,2022,2022,2022-01-01,,official_source_snapshot,SRC-ADMIN-DIVISION-2022,"level=2, code=510700000000, parent=510000000000",2026-08-01T00:00:00+08:00,,
CN-510800,510800,510800000000,广元市,51,四川省,地级市,core,2022,2022,2022,2022-01-01,,official_source_snapshot,SRC-ADMIN-DIVISION-2022,"level=2, code=510800000000, parent=510000000000",2026-08-01T00:00:00+08:00,,
CN-510900,510900,510900000000,遂宁市,51,四川省,地级市,core,2022,2022,2022,2022-01-01,,official_source_snapshot,SRC-ADMIN-DIVISION-2022,"level=2, code=510900000000, parent=510000000000",2026-08-01T00:00:00+08:00,,
CN-511000,511000,511000000000,内江市,51,四川省,地级市,core,2022,2022,2022,2022-01-01,,official_source_snapshot,SRC-ADMIN-DIVISION-2022,"level=2, code=511000000000, parent=510000000000",2026-08-01T00:00:00+08:00,,
CN-511100,511100,511100000000,乐山市,51,四川省,地级市,core,2022,2022,2022,2022-01-01,,official_source_snapshot,SRC-ADMIN-DIVISION-2022,"level=2, code=511100000000, parent=510000000000",2026-08-01T00:00:00+08:00,,
CN-511300,511300,511300000000,南充市,51,四川省,地级市,core,2022,2022,2022,2022-01-01,,official_source_snapshot,SRC-ADMIN-DIVISION-2022,"level=2, code=511300000000, parent=510000000000",2026-08-01T00:00:00+08:00,,
CN-511400,511400,511400000000,眉山市,51,四川省,地级市,core,2022,2022,2022,2022-01-01,,official_source_snapshot,SRC-ADMIN-DIVISION-2022,"level=2, code=511400000000, parent=510000000000",2026-08-01T00:00:00+08:00,,
CN-511500,511500,511500000000,宜宾市,51,四川省,地级市,core,2022,2022,2022,2022-01-01,,official_source_snapshot,SRC-ADMIN-DIVISION-2022,"level=2, code=511500000000, parent=510000000000",2026-08-01T00:00:00+08:00,,
CN-511600,511600,511600000000,广安市,51,四川省,地级市,core,2022,2022,2022,2022-01-01,,official_source_snapshot,SRC-ADMIN-DIVISION-2022,"level=2, code=511600000000, parent=510000000000",2026-08-01T00:00:00+08:00,,
CN-511700,511700,511700000000,达州市,51,四川省,地级市,core,2022,2022,2022,2022-01-01,,official_source_snapshot,SRC-ADMIN-DIVISION-2022,"level=2, code=511700000000, parent=510000000000",2026-08-01T00:00:00+08:00,,
CN-511800,511800,511800000000,雅安市,51,四川省,地级市,core,2022,2022,2022,2022-01-01,,official_source_snapshot,SRC-ADMIN-DIVISION-2022,"level=2, code=511800000000, parent=510000000000",2026-08-01T00:00:00+08:00,,
CN-511900,511900,511900000000,巴中市,51,四川省,地级市,core,2022,2022,2022,2022-01-01,,official_source_snapshot,SRC-ADMIN-DIVISION-2022,"level=2, code=511900000000, parent=510000000000",2026-08-01T00:00:00+08:00,,
CN-512000,512000,512000000000,资阳市,51,四川省,地级市,core,2022,2022,2022,2022-01-01,,official_source_snapshot,SRC-ADMIN-DIVISION-2022,"level=2, code=512000000000, parent=510000000000",2026-08-01T00:00:00+08:00,,
CN-513200,513200,513200000000,阿坝藏族羌族自治州,51,四川省,自治州,extended,2022,2022,2022,2022-01-01,,official_source_snapshot,SRC-ADMIN-DIVISION-2022,"level=2, code=513200000000, parent=510000000000",2026-08-01T00:00:00+08:00,,
CN-513300,513300,513300000000,甘孜藏族自治州,51,四川省,自治州,extended,2022,2022,2022,2022-01-01,,official_source_snapshot,SRC-ADMIN-DIVISION-2022,"level=2, code=513300000000, parent=510000000000",2026-08-01T00:00:00+08:00,,
CN-513400,513400,513400000000,凉山彝族自治州,51,四川省,自治州,extended,2022,2022,2022,2022-01-01,,official_source_snapshot,SRC-ADMIN-DIVISION-2022,"level=2, code=513400000000, parent=510000000000",2026-08-01T00:00:00+08:00,,
CN-520100,520100,520100000000,贵阳市,52,贵州省,地级市,core,2022,2022,2022,2022-01-01,,official_source_snapshot,SRC-ADMIN-DIVISION-2022,"level=2, code=520100000000, parent=520000000000",2026-08-01T00:00:00+08:00,,
CN-520200,520200,520200000000,六盘水市,52,贵州省,地级市,core,2022,2022,2022,2022-01-01,,official_source_snapshot,SRC-ADMIN-DIVISION-2022,"level=2, code=520200000000, parent=520000000000",2026-08-01T00:00:00+08:00,,
CN-520300,520300,520300000000,遵义市,52,贵州省,地级市,core,2022,2022,2022,2022-01-01,,official_source_snapshot,SRC-ADMIN-DIVISION-2022,"level=2, code=520300000000, parent=520000000000",2026-08-01T00:00:00+08:00,,
CN-520400,520400,520400000000,安顺市,52,贵州省,地级市,core,2022,2022,2022,2022-01-01,,official_source_snapshot,SRC-ADMIN-DIVISION-2022,"level=2, code=520400000000, parent=520000000000",2026-08-01T00:00:00+08:00,,
CN-520500,520500,520500000000,毕节市,52,贵州省,地级市,core,2022,2022,2022,2022-01-01,,official_source_snapshot,SRC-ADMIN-DIVISION-2022,"level=2, code=520500000000, parent=520000000000",2026-08-01T00:00:00+08:00,,
CN-520600,520600,520600000000,铜仁市,52,贵州省,地级市,core,2022,2022,2022,2022-01-01,,official_source_snapshot,SRC-ADMIN-DIVISION-2022,"level=2, code=520600000000, parent=520000000000",2026-08-01T00:00:00+08:00,,
CN-522300,522300,522300000000,黔西南布依族苗族自治州,52,贵州省,自治州,extended,2022,2022,2022,2022-01-01,,official_source_snapshot,SRC-ADMIN-DIVISION-2022,"level=2, code=522300000000, parent=520000000000",2026-08-01T00:00:00+08:00,,
CN-522600,522600,522600000000,黔东南苗族侗族自治州,52,贵州省,自治州,extended,2022,2022,2022,2022-01-01,,official_source_snapshot,SRC-ADMIN-DIVISION-2022,"level=2, code=522600000000, parent=520000000000",2026-08-01T00:00:00+08:00,,
CN-522700,522700,522700000000,黔南布依族苗族自治州,52,贵州省,自治州,extended,2022,2022,2022,2022-01-01,,official_source_snapshot,SRC-ADMIN-DIVISION-2022,"level=2, code=522700000000, parent=520000000000",2026-08-01T00:00:00+08:00,,
CN-530100,530100,530100000000,昆明市,53,云南省,地级市,core,2022,2022,2022,2022-01-01,,official_source_snapshot,SRC-ADMIN-DIVISION-2022,"level=2, code=530100000000, parent=530000000000",2026-08-01T00:00:00+08:00,,
CN-530300,530300,530300000000,曲靖市,53,云南省,地级市,core,2022,2022,2022,2022-01-01,,official_source_snapshot,SRC-ADMIN-DIVISION-2022,"level=2, code=530300000000, parent=530000000000",2026-08-01T00:00:00+08:00,,
CN-530400,530400,530400000000,玉溪市,53,云南省,地级市,core,2022,2022,2022,2022-01-01,,official_source_snapshot,SRC-ADMIN-DIVISION-2022,"level=2, code=530400000000, parent=530000000000",2026-08-01T00:00:00+08:00,,
CN-530500,530500,530500000000,保山市,53,云南省,地级市,core,2022,2022,2022,2022-01-01,,official_source_snapshot,SRC-ADMIN-DIVISION-2022,"level=2, code=530500000000, parent=530000000000",2026-08-01T00:00:00+08:00,,
CN-530600,530600,530600000000,昭通市,53,云南省,地级市,core,2022,2022,2022,2022-01-01,,official_source_snapshot,SRC-ADMIN-DIVISION-2022,"level=2, code=530600000000, parent=530000000000",2026-08-01T00:00:00+08:00,,
CN-530700,530700,530700000000,丽江市,53,云南省,地级市,core,2022,2022,2022,2022-01-01,,official_source_snapshot,SRC-ADMIN-DIVISION-2022,"level=2, code=530700000000, parent=530000000000",2026-08-01T00:00:00+08:00,,
CN-530800,530800,530800000000,普洱市,53,云南省,地级市,core,2022,2022,2022,2022-01-01,,official_source_snapshot,SRC-ADMIN-DIVISION-2022,"level=2, code=530800000000, parent=530000000000",2026-08-01T00:00:00+08:00,,
CN-530900,530900,530900000000,临沧市,53,云南省,地级市,core,2022,2022,2022,2022-01-01,,official_source_snapshot,SRC-ADMIN-DIVISION-2022,"level=2, code=530900000000, parent=530000000000",2026-08-01T00:00:00+08:00,,
CN-532300,532300,532300000000,楚雄彝族自治州,53,云南省,自治州,extended,2022,2022,2022,2022-01-01,,official_source_snapshot,SRC-ADMIN-DIVISION-2022,"level=2, code=532300000000, parent=530000000000",2026-08-01T00:00:00+08:00,,
CN-532500,532500,532500000000,红河哈尼族彝族自治州,53,云南省,自治州,extended,2022,2022,2022,2022-01-01,,official_source_snapshot,SRC-ADMIN-DIVISION-2022,"level=2, code=532500000000, parent=530000000000",2026-08-01T00:00:00+08:00,,
CN-532600,532600,532600000000,文山壮族苗族自治州,53,云南省,自治州,extended,2022,2022,2022,2022-01-01,,official_source_snapshot,SRC-ADMIN-DIVISION-2022,"level=2, code=532600000000, parent=530000000000",2026-08-01T00:00:00+08:00,,
CN-532800,532800,532800000000,西双版纳傣族自治州,53,云南省,自治州,extended,2022,2022,2022,2022-01-01,,official_source_snapshot,SRC-ADMIN-DIVISION-2022,"level=2, code=532800000000, parent=530000000000",2026-08-01T00:00:00+08:00,,
CN-532900,532900,532900000000,大理白族自治州,53,云南省,自治州,extended,2022,2022,2022,2022-01-01,,official_source_snapshot,SRC-ADMIN-DIVISION-2022,"level=2, code=532900000000, parent=530000000000",2026-08-01T00:00:00+08:00,,
CN-533100,533100,533100000000,德宏傣族景颇族自治州,53,云南省,自治州,extended,2022,2022,2022,2022-01-01,,official_source_snapshot,SRC-ADMIN-DIVISION-2022,"level=2, code=533100000000, parent=530000000000",2026-08-01T00:00:00+08:00,,
CN-533300,533300,533300000000,怒江傈僳族自治州,53,云南省,自治州,extended,2022,2022,2022,2022-01-01,,official_source_snapshot,SRC-ADMIN-DIVISION-2022,"level=2, code=533300000000, parent=530000000000",2026-08-01T00:00:00+08:00,,
CN-533400,533400,533400000000,迪庆藏族自治州,53,云南省,自治州,extended,2022,2022,2022,2022-01-01,,official_source_snapshot,SRC-ADMIN-DIVISION-2022,"level=2, code=533400000000, parent=530000000000",2026-08-01T00:00:00+08:00,,
CN-540100,540100,540100000000,拉萨市,54,西藏自治区,地级市,core,2022,2022,2022,2022-01-01,,official_source_snapshot,SRC-ADMIN-DIVISION-2022,"level=2, code=540100000000, parent=540000000000",2026-08-01T00:00:00+08:00,,
CN-540200,540200,540200000000,日喀则市,54,西藏自治区,地级市,core,2022,2022,2022,2022-01-01,,official_source_snapshot,SRC-ADMIN-DIVISION-2022,"level=2, code=540200000000, parent=540000000000",2026-08-01T00:00:00+08:00,,
CN-540300,540300,540300000000,昌都市,54,西藏自治区,地级市,core,2022,2022,2022,2022-01-01,,official_source_snapshot,SRC-ADMIN-DIVISION-2022,"level=2, code=540300000000, parent=540000000000",2026-08-01T00:00:00+08:00,,
CN-540400,540400,540400000000,林芝市,54,西藏自治区,地级市,core,2022,2022,2022,2022-01-01,,official_source_snapshot,SRC-ADMIN-DIVISION-2022,"level=2, code=540400000000, parent=540000000000",2026-08-01T00:00:00+08:00,,
CN-540500,540500,540500000000,山南市,54,西藏自治区,地级市,core,2022,2022,2022,2022-01-01,,official_source_snapshot,SRC-ADMIN-DIVISION-2022,"level=2, code=540500000000, parent=540000000000",2026-08-01T00:00:00+08:00,,
CN-540600,540600,540600000000,那曲市,54,西藏自治区,地级市,core,2022,2022,2022,2022-01-01,,official_source_snapshot,SRC-ADMIN-DIVISION-2022,"level=2, code=540600000000, parent=540000000000",2026-08-01T00:00:00+08:00,,
CN-542500,542500,542500000000,阿里地区,54,西藏自治区,地区,extended,2022,2022,2022,2022-01-01,,official_source_snapshot,SRC-ADMIN-DIVISION-2022,"level=2, code=542500000000, parent=540000000000",2026-08-01T00:00:00+08:00,,
CN-610100,610100,610100000000,西安市,61,陕西省,地级市,core,2022,2022,2022,2022-01-01,,official_source_snapshot,SRC-ADMIN-DIVISION-2022,"level=2, code=610100000000, parent=610000000000",2026-08-01T00:00:00+08:00,,
CN-610200,610200,610200000000,铜川市,61,陕西省,地级市,core,2022,2022,2022,2022-01-01,,official_source_snapshot,SRC-ADMIN-DIVISION-2022,"level=2, code=610200000000, parent=610000000000",2026-08-01T00:00:00+08:00,,
CN-610300,610300,610300000000,宝鸡市,61,陕西省,地级市,core,2022,2022,2022,2022-01-01,,official_source_snapshot,SRC-ADMIN-DIVISION-2022,"level=2, code=610300000000, parent=610000000000",2026-08-01T00:00:00+08:00,,
CN-610400,610400,610400000000,咸阳市,61,陕西省,地级市,core,2022,2022,2022,2022-01-01,,official_source_snapshot,SRC-ADMIN-DIVISION-2022,"level=2, code=610400000000, parent=610000000000",2026-08-01T00:00:00+08:00,,
CN-610500,610500,610500000000,渭南市,61,陕西省,地级市,core,2022,2022,2022,2022-01-01,,official_source_snapshot,SRC-ADMIN-DIVISION-2022,"level=2, code=610500000000, parent=610000000000",2026-08-01T00:00:00+08:00,,
CN-610600,610600,610600000000,延安市,61,陕西省,地级市,core,2022,2022,2022,2022-01-01,,official_source_snapshot,SRC-ADMIN-DIVISION-2022,"level=2, code=610600000000, parent=610000000000",2026-08-01T00:00:00+08:00,,
CN-610700,610700,610700000000,汉中市,61,陕西省,地级市,core,2022,2022,2022,2022-01-01,,official_source_snapshot,SRC-ADMIN-DIVISION-2022,"level=2, code=610700000000, parent=610000000000",2026-08-01T00:00:00+08:00,,
CN-610800,610800,610800000000,榆林市,61,陕西省,地级市,core,2022,2022,2022,2022-01-01,,official_source_snapshot,SRC-ADMIN-DIVISION-2022,"level=2, code=610800000000, parent=610000000000",2026-08-01T00:00:00+08:00,,
CN-610900,610900,610900000000,安康市,61,陕西省,地级市,core,2022,2022,2022,2022-01-01,,official_source_snapshot,SRC-ADMIN-DIVISION-2022,"level=2, code=610900000000, parent=610000000000",2026-08-01T00:00:00+08:00,,
CN-611000,611000,611000000000,商洛市,61,陕西省,地级市,core,2022,2022,2022,2022-01-01,,official_source_snapshot,SRC-ADMIN-DIVISION-2022,"level=2, code=611000000000, parent=610000000000",2026-08-01T00:00:00+08:00,,
CN-620100,620100,620100000000,兰州市,62,甘肃省,地级市,core,2022,2022,2022,2022-01-01,,official_source_snapshot,SRC-ADMIN-DIVISION-2022,"level=2, code=620100000000, parent=620000000000",2026-08-01T00:00:00+08:00,,
CN-620200,620200,620200000000,嘉峪关市,62,甘肃省,地级市,core,2022,2022,2022,2022-01-01,,official_source_snapshot,SRC-ADMIN-DIVISION-2022,"level=2, code=620200000000, parent=620000000000",2026-08-01T00:00:00+08:00,,
CN-620300,620300,620300000000,金昌市,62,甘肃省,地级市,core,2022,2022,2022,2022-01-01,,official_source_snapshot,SRC-ADMIN-DIVISION-2022,"level=2, code=620300000000, parent=620000000000",2026-08-01T00:00:00+08:00,,
CN-620400,620400,620400000000,白银市,62,甘肃省,地级市,core,2022,2022,2022,2022-01-01,,official_source_snapshot,SRC-ADMIN-DIVISION-2022,"level=2, code=620400000000, parent=620000000000",2026-08-01T00:00:00+08:00,,
CN-620500,620500,620500000000,天水市,62,甘肃省,地级市,core,2022,2022,2022,2022-01-01,,official_source_snapshot,SRC-ADMIN-DIVISION-2022,"level=2, code=620500000000, parent=620000000000",2026-08-01T00:00:00+08:00,,
CN-620600,620600,620600000000,武威市,62,甘肃省,地级市,core,2022,2022,2022,2022-01-01,,official_source_snapshot,SRC-ADMIN-DIVISION-2022,"level=2, code=620600000000, parent=620000000000",2026-08-01T00:00:00+08:00,,
CN-620700,620700,620700000000,张掖市,62,甘肃省,地级市,core,2022,2022,2022,2022-01-01,,official_source_snapshot,SRC-ADMIN-DIVISION-2022,"level=2, code=620700000000, parent=620000000000",2026-08-01T00:00:00+08:00,,
CN-620800,620800,620800000000,平凉市,62,甘肃省,地级市,core,2022,2022,2022,2022-01-01,,official_source_snapshot,SRC-ADMIN-DIVISION-2022,"level=2, code=620800000000, parent=620000000000",2026-08-01T00:00:00+08:00,,
CN-620900,620900,620900000000,酒泉市,62,甘肃省,地级市,core,2022,2022,2022,2022-01-01,,official_source_snapshot,SRC-ADMIN-DIVISION-2022,"level=2, code=620900000000, parent=620000000000",2026-08-01T00:00:00+08:00,,
CN-621000,621000,621000000000,庆阳市,62,甘肃省,地级市,core,2022,2022,2022,2022-01-01,,official_source_snapshot,SRC-ADMIN-DIVISION-2022,"level=2, code=621000000000, parent=620000000000",2026-08-01T00:00:00+08:00,,
CN-621100,621100,621100000000,定西市,62,甘肃省,地级市,core,2022,2022,2022,2022-01-01,,official_source_snapshot,SRC-ADMIN-DIVISION-2022,"level=2, code=621100000000, parent=620000000000",2026-08-01T00:00:00+08:00,,
CN-621200,621200,621200000000,陇南市,62,甘肃省,地级市,core,2022,2022,2022,2022-01-01,,official_source_snapshot,SRC-ADMIN-DIVISION-2022,"level=2, code=621200000000, parent=620000000000",2026-08-01T00:00:00+08:00,,
CN-622900,622900,622900000000,临夏回族自治州,62,甘肃省,自治州,extended,2022,2022,2022,2022-01-01,,official_source_snapshot,SRC-ADMIN-DIVISION-2022,"level=2, code=622900000000, parent=620000000000",2026-08-01T00:00:00+08:00,,
CN-623000,623000,623000000000,甘南藏族自治州,62,甘肃省,自治州,extended,2022,2022,2022,2022-01-01,,official_source_snapshot,SRC-ADMIN-DIVISION-2022,"level=2, code=623000000000, parent=620000000000",2026-08-01T00:00:00+08:00,,
CN-630100,630100,630100000000,西宁市,63,青海省,地级市,core,2022,2022,2022,2022-01-01,,official_source_snapshot,SRC-ADMIN-DIVISION-2022,"level=2, code=630100000000, parent=630000000000",2026-08-01T00:00:00+08:00,,
CN-630200,630200,630200000000,海东市,63,青海省,地级市,core,2022,2022,2022,2022-01-01,,official_source_snapshot,SRC-ADMIN-DIVISION-2022,"level=2, code=630200000000, parent=630000000000",2026-08-01T00:00:00+08:00,,
CN-632200,632200,632200000000,海北藏族自治州,63,青海省,自治州,extended,2022,2022,2022,2022-01-01,,official_source_snapshot,SRC-ADMIN-DIVISION-2022,"level=2, code=632200000000, parent=630000000000",2026-08-01T00:00:00+08:00,,
CN-632300,632300,632300000000,黄南藏族自治州,63,青海省,自治州,extended,2022,2022,2022,2022-01-01,,official_source_snapshot,SRC-ADMIN-DIVISION-2022,"level=2, code=632300000000, parent=630000000000",2026-08-01T00:00:00+08:00,,
CN-632500,632500,632500000000,海南藏族自治州,63,青海省,自治州,extended,2022,2022,2022,2022-01-01,,official_source_snapshot,SRC-ADMIN-DIVISION-2022,"level=2, code=632500000000, parent=630000000000",2026-08-01T00:00:00+08:00,,
CN-632600,632600,632600000000,果洛藏族自治州,63,青海省,自治州,extended,2022,2022,2022,2022-01-01,,official_source_snapshot,SRC-ADMIN-DIVISION-2022,"level=2, code=632600000000, parent=630000000000",2026-08-01T00:00:00+08:00,,
CN-632700,632700,632700000000,玉树藏族自治州,63,青海省,自治州,extended,2022,2022,2022,2022-01-01,,official_source_snapshot,SRC-ADMIN-DIVISION-2022,"level=2, code=632700000000, parent=630000000000",2026-08-01T00:00:00+08:00,,
CN-632800,632800,632800000000,海西蒙古族藏族自治州,63,青海省,自治州,extended,2022,2022,2022,2022-01-01,,official_source_snapshot,SRC-ADMIN-DIVISION-2022,"level=2, code=632800000000, parent=630000000000",2026-08-01T00:00:00+08:00,,
CN-640100,640100,640100000000,银川市,64,宁夏回族自治区,地级市,core,2022,2022,2022,2022-01-01,,official_source_snapshot,SRC-ADMIN-DIVISION-2022,"level=2, code=640100000000, parent=640000000000",2026-08-01T00:00:00+08:00,,
CN-640200,640200,640200000000,石嘴山市,64,宁夏回族自治区,地级市,core,2022,2022,2022,2022-01-01,,official_source_snapshot,SRC-ADMIN-DIVISION-2022,"level=2, code=640200000000, parent=640000000000",2026-08-01T00:00:00+08:00,,
CN-640300,640300,640300000000,吴忠市,64,宁夏回族自治区,地级市,core,2022,2022,2022,2022-01-01,,official_source_snapshot,SRC-ADMIN-DIVISION-2022,"level=2, code=640300000000, parent=640000000000",2026-08-01T00:00:00+08:00,,
CN-640400,640400,640400000000,固原市,64,宁夏回族自治区,地级市,core,2022,2022,2022,2022-01-01,,official_source_snapshot,SRC-ADMIN-DIVISION-2022,"level=2, code=640400000000, parent=640000000000",2026-08-01T00:00:00+08:00,,
CN-640500,640500,640500000000,中卫市,64,宁夏回族自治区,地级市,core,2022,2022,2022,2022-01-01,,official_source_snapshot,SRC-ADMIN-DIVISION-2022,"level=2, code=640500000000, parent=640000000000",2026-08-01T00:00:00+08:00,,
CN-650100,650100,650100000000,乌鲁木齐市,65,新疆维吾尔自治区,地级市,core,2022,2022,2022,2022-01-01,,official_source_snapshot,SRC-ADMIN-DIVISION-2022,"level=2, code=650100000000, parent=650000000000",2026-08-01T00:00:00+08:00,,
CN-650200,650200,650200000000,克拉玛依市,65,新疆维吾尔自治区,地级市,core,2022,2022,2022,2022-01-01,,official_source_snapshot,SRC-ADMIN-DIVISION-2022,"level=2, code=650200000000, parent=650000000000",2026-08-01T00:00:00+08:00,,
CN-650400,650400,650400000000,吐鲁番市,65,新疆维吾尔自治区,地级市,core,2022,2022,2022,2022-01-01,,official_source_snapshot,SRC-ADMIN-DIVISION-2022,"level=2, code=650400000000, parent=650000000000",2026-08-01T00:00:00+08:00,,
CN-650500,650500,650500000000,哈密市,65,新疆维吾尔自治区,地级市,core,2022,2022,2022,2022-01-01,,official_source_snapshot,SRC-ADMIN-DIVISION-2022,"level=2, code=650500000000, parent=650000000000",2026-08-01T00:00:00+08:00,,
CN-652300,652300,652300000000,昌吉回族自治州,65,新疆维吾尔自治区,自治州,extended,2022,2022,2022,2022-01-01,,official_source_snapshot,SRC-ADMIN-DIVISION-2022,"level=2, code=652300000000, parent=650000000000",2026-08-01T00:00:00+08:00,,
CN-652700,652700,652700000000,博尔塔拉蒙古自治州,65,新疆维吾尔自治区,自治州,extended,2022,2022,2022,2022-01-01,,official_source_snapshot,SRC-ADMIN-DIVISION-2022,"level=2, code=652700000000, parent=650000000000",2026-08-01T00:00:00+08:00,,
CN-652800,652800,652800000000,巴音郭楞蒙古自治州,65,新疆维吾尔自治区,自治州,extended,2022,2022,2022,2022-01-01,,official_source_snapshot,SRC-ADMIN-DIVISION-2022,"level=2, code=652800000000, parent=650000000000",2026-08-01T00:00:00+08:00,,
CN-652900,652900,652900000000,阿克苏地区,65,新疆维吾尔自治区,地区,extended,2022,2022,2022,2022-01-01,,official_source_snapshot,SRC-ADMIN-DIVISION-2022,"level=2, code=652900000000, parent=650000000000",2026-08-01T00:00:00+08:00,,
CN-653000,653000,653000000000,克孜勒苏柯尔克孜自治州,65,新疆维吾尔自治区,自治州,extended,2022,2022,2022,2022-01-01,,official_source_snapshot,SRC-ADMIN-DIVISION-2022,"level=2, code=653000000000, parent=650000000000",2026-08-01T00:00:00+08:00,,
CN-653100,653100,653100000000,喀什地区,65,新疆维吾尔自治区,地区,extended,2022,2022,2022,2022-01-01,,official_source_snapshot,SRC-ADMIN-DIVISION-2022,"level=2, code=653100000000, parent=650000000000",2026-08-01T00:00:00+08:00,,
CN-653200,653200,653200000000,和田地区,65,新疆维吾尔自治区,地区,extended,2022,2022,2022,2022-01-01,,official_source_snapshot,SRC-ADMIN-DIVISION-2022,"level=2, code=653200000000, parent=650000000000",2026-08-01T00:00:00+08:00,,
CN-654000,654000,654000000000,伊犁哈萨克自治州,65,新疆维吾尔自治区,自治州,extended,2022,2022,2022,2022-01-01,,official_source_snapshot,SRC-ADMIN-DIVISION-2022,"level=2, code=654000000000, parent=650000000000",2026-08-01T00:00:00+08:00,,
CN-654200,654200,654200000000,塔城地区,65,新疆维吾尔自治区,地区,extended,2022,2022,2022,2022-01-01,,official_source_snapshot,SRC-ADMIN-DIVISION-2022,"level=2, code=654200000000, parent=650000000000",2026-08-01T00:00:00+08:00,,
CN-654300,654300,654300000000,阿勒泰地区,65,新疆维吾尔自治区,地区,extended,2022,2022,2022,2022-01-01,,official_source_snapshot,SRC-ADMIN-DIVISION-2022,"level=2, code=654300000000, parent=650000000000",2026-08-01T00:00:00+08:00,,
CN-659000,659000,659000000000,自治区直辖县级行政区划,65,新疆维吾尔自治区,地级市,core,2022,2022,2022,2022-01-01,,official_source_snapshot,SRC-ADMIN-DIVISION-2022,"level=2, code=659000000000, parent=650000000000",2026-08-01T00:00:00+08:00,,
CN-110000,110000,110000000000,北京市,11,北京市,直辖市,separate,2023,2023,2023,2023-01-01,,official_source_snapshot,SRC-ADMIN-DIVISION-2023,"level=2, code=110100000000, parent=110000000000",2026-08-01T00:00:00+08:00,,
CN-120000,120000,120000000000,天津市,12,天津市,直辖市,separate,2023,2023,2023,2023-01-01,,official_source_snapshot,SRC-ADMIN-DIVISION-2023,"level=2, code=120100000000, parent=120000000000",2026-08-01T00:00:00+08:00,,
CN-130100,130100,130100000000,石家庄市,13,河北省,地级市,core,2023,2023,2023,2023-01-01,,official_source_snapshot,SRC-ADMIN-DIVISION-2023,"level=2, code=130100000000, parent=130000000000",2026-08-01T00:00:00+08:00,,
CN-130200,130200,130200000000,唐山市,13,河北省,地级市,core,2023,2023,2023,2023-01-01,,official_source_snapshot,SRC-ADMIN-DIVISION-2023,"level=2, code=130200000000, parent=130000000000",2026-08-01T00:00:00+08:00,,
CN-130300,130300,130300000000,秦皇岛市,13,河北省,地级市,core,2023,2023,2023,2023-01-01,,official_source_snapshot,SRC-ADMIN-DIVISION-2023,"level=2, code=130300000000, parent=130000000000",2026-08-01T00:00:00+08:00,,
CN-130400,130400,130400000000,邯郸市,13,河北省,地级市,core,2023,2023,2023,2023-01-01,,official_source_snapshot,SRC-ADMIN-DIVISION-2023,"level=2, code=130400000000, parent=130000000000",2026-08-01T00:00:00+08:00,,
CN-130500,130500,130500000000,邢台市,13,河北省,地级市,core,2023,2023,2023,2023-01-01,,official_source_snapshot,SRC-ADMIN-DIVISION-2023,"level=2, code=130500000000, parent=130000000000",2026-08-01T00:00:00+08:00,,
CN-130600,130600,130600000000,保定市,13,河北省,地级市,core,2023,2023,2023,2023-01-01,,official_source_snapshot,SRC-ADMIN-DIVISION-2023,"level=2, code=130600000000, parent=130000000000",2026-08-01T00:00:00+08:00,,
CN-130700,130700,130700000000,张家口市,13,河北省,地级市,core,2023,2023,2023,2023-01-01,,official_source_snapshot,SRC-ADMIN-DIVISION-2023,"level=2, code=130700000000, parent=130000000000",2026-08-01T00:00:00+08:00,,
CN-130800,130800,130800000000,承德市,13,河北省,地级市,core,2023,2023,2023,2023-01-01,,official_source_snapshot,SRC-ADMIN-DIVISION-2023,"level=2, code=130800000000, parent=130000000000",2026-08-01T00:00:00+08:00,,
CN-130900,130900,130900000000,沧州市,13,河北省,地级市,core,2023,2023,2023,2023-01-01,,official_source_snapshot,SRC-ADMIN-DIVISION-2023,"level=2, code=130900000000, parent=130000000000",2026-08-01T00:00:00+08:00,,
CN-131000,131000,131000000000,廊坊市,13,河北省,地级市,core,2023,2023,2023,2023-01-01,,official_source_snapshot,SRC-ADMIN-DIVISION-2023,"level=2, code=131000000000, parent=130000000000",2026-08-01T00:00:00+08:00,,
CN-131100,131100,131100000000,衡水市,13,河北省,地级市,core,2023,2023,2023,2023-01-01,,official_source_snapshot,SRC-ADMIN-DIVISION-2023,"level=2, code=131100000000, parent=130000000000",2026-08-01T00:00:00+08:00,,
CN-140100,140100,140100000000,太原市,14,山西省,地级市,core,2023,2023,2023,2023-01-01,,official_source_snapshot,SRC-ADMIN-DIVISION-2023,"level=2, code=140100000000, parent=140000000000",2026-08-01T00:00:00+08:00,,
CN-140200,140200,140200000000,大同市,14,山西省,地级市,core,2023,2023,2023,2023-01-01,,official_source_snapshot,SRC-ADMIN-DIVISION-2023,"level=2, code=140200000000, parent=140000000000",2026-08-01T00:00:00+08:00,,
CN-140300,140300,140300000000,阳泉市,14,山西省,地级市,core,2023,2023,2023,2023-01-01,,official_source_snapshot,SRC-ADMIN-DIVISION-2023,"level=2, code=140300000000, parent=140000000000",2026-08-01T00:00:00+08:00,,
CN-140400,140400,140400000000,长治市,14,山西省,地级市,core,2023,2023,2023,2023-01-01,,official_source_snapshot,SRC-ADMIN-DIVISION-2023,"level=2, code=140400000000, parent=140000000000",2026-08-01T00:00:00+08:00,,
CN-140500,140500,140500000000,晋城市,14,山西省,地级市,core,2023,2023,2023,2023-01-01,,official_source_snapshot,SRC-ADMIN-DIVISION-2023,"level=2, code=140500000000, parent=140000000000",2026-08-01T00:00:00+08:00,,
CN-140600,140600,140600000000,朔州市,14,山西省,地级市,core,2023,2023,2023,2023-01-01,,official_source_snapshot,SRC-ADMIN-DIVISION-2023,"level=2, code=140600000000, parent=140000000000",2026-08-01T00:00:00+08:00,,
CN-140700,140700,140700000000,晋中市,14,山西省,地级市,core,2023,2023,2023,2023-01-01,,official_source_snapshot,SRC-ADMIN-DIVISION-2023,"level=2, code=140700000000, parent=140000000000",2026-08-01T00:00:00+08:00,,
CN-140800,140800,140800000000,运城市,14,山西省,地级市,core,2023,2023,2023,2023-01-01,,official_source_snapshot,SRC-ADMIN-DIVISION-2023,"level=2, code=140800000000, parent=140000000000",2026-08-01T00:00:00+08:00,,
CN-140900,140900,140900000000,忻州市,14,山西省,地级市,core,2023,2023,2023,2023-01-01,,official_source_snapshot,SRC-ADMIN-DIVISION-2023,"level=2, code=140900000000, parent=140000000000",2026-08-01T00:00:00+08:00,,
CN-141000,141000,141000000000,临汾市,14,山西省,地级市,core,2023,2023,2023,2023-01-01,,official_source_snapshot,SRC-ADMIN-DIVISION-2023,"level=2, code=141000000000, parent=140000000000",2026-08-01T00:00:00+08:00,,
CN-141100,141100,141100000000,吕梁市,14,山西省,地级市,core,2023,2023,2023,2023-01-01,,official_source_snapshot,SRC-ADMIN-DIVISION-2023,"level=2, code=141100000000, parent=140000000000",2026-08-01T00:00:00+08:00,,
CN-150100,150100,150100000000,呼和浩特市,15,内蒙古自治区,地级市,core,2023,2023,2023,2023-01-01,,official_source_snapshot,SRC-ADMIN-DIVISION-2023,"level=2, code=150100000000, parent=150000000000",2026-08-01T00:00:00+08:00,,
CN-150200,150200,150200000000,包头市,15,内蒙古自治区,地级市,core,2023,2023,2023,2023-01-01,,official_source_snapshot,SRC-ADMIN-DIVISION-2023,"level=2, code=150200000000, parent=150000000000",2026-08-01T00:00:00+08:00,,
CN-150300,150300,150300000000,乌海市,15,内蒙古自治区,地级市,core,2023,2023,2023,2023-01-01,,official_source_snapshot,SRC-ADMIN-DIVISION-2023,"level=2, code=150300000000, parent=150000000000",2026-08-01T00:00:00+08:00,,
CN-150400,150400,150400000000,赤峰市,15,内蒙古自治区,地级市,core,2023,2023,2023,2023-01-01,,official_source_snapshot,SRC-ADMIN-DIVISION-2023,"level=2, code=150400000000, parent=150000000000",2026-08-01T00:00:00+08:00,,
CN-150500,150500,150500000000,通辽市,15,内蒙古自治区,地级市,core,2023,2023,2023,2023-01-01,,official_source_snapshot,SRC-ADMIN-DIVISION-2023,"level=2, code=150500000000, parent=150000000000",2026-08-01T00:00:00+08:00,,
CN-150600,150600,150600000000,鄂尔多斯市,15,内蒙古自治区,地级市,core,2023,2023,2023,2023-01-01,,official_source_snapshot,SRC-ADMIN-DIVISION-2023,"level=2, code=150600000000, parent=150000000000",2026-08-01T00:00:00+08:00,,
CN-150700,150700,150700000000,呼伦贝尔市,15,内蒙古自治区,地级市,core,2023,2023,2023,2023-01-01,,official_source_snapshot,SRC-ADMIN-DIVISION-2023,"level=2, code=150700000000, parent=150000000000",2026-08-01T00:00:00+08:00,,
CN-150800,150800,150800000000,巴彦淖尔市,15,内蒙古自治区,地级市,core,2023,2023,2023,2023-01-01,,official_source_snapshot,SRC-ADMIN-DIVISION-2023,"level=2, code=150800000000, parent=150000000000",2026-08-01T00:00:00+08:00,,
CN-150900,150900,150900000000,乌兰察布市,15,内蒙古自治区,地级市,core,2023,2023,2023,2023-01-01,,official_source_snapshot,SRC-ADMIN-DIVISION-2023,"level=2, code=150900000000, parent=150000000000",2026-08-01T00:00:00+08:00,,
CN-152200,152200,152200000000,兴安盟,15,内蒙古自治区,盟,extended,2023,2023,2023,2023-01-01,,official_source_snapshot,SRC-ADMIN-DIVISION-2023,"level=2, code=152200000000, parent=150000000000",2026-08-01T00:00:00+08:00,,
CN-152500,152500,152500000000,锡林郭勒盟,15,内蒙古自治区,盟,extended,2023,2023,2023,2023-01-01,,official_source_snapshot,SRC-ADMIN-DIVISION-2023,"level=2, code=152500000000, parent=150000000000",2026-08-01T00:00:00+08:00,,
CN-152900,152900,152900000000,阿拉善盟,15,内蒙古自治区,盟,extended,2023,2023,2023,2023-01-01,,official_source_snapshot,SRC-ADMIN-DIVISION-2023,"level=2, code=152900000000, parent=150000000000",2026-08-01T00:00:00+08:00,,
CN-210100,210100,210100000000,沈阳市,21,辽宁省,地级市,core,2023,2023,2023,2023-01-01,,official_source_snapshot,SRC-ADMIN-DIVISION-2023,"level=2, code=210100000000, parent=210000000000",2026-08-01T00:00:00+08:00,,
CN-210200,210200,210200000000,大连市,21,辽宁省,地级市,core,2023,2023,2023,2023-01-01,,official_source_snapshot,SRC-ADMIN-DIVISION-2023,"level=2, code=210200000000, parent=210000000000",2026-08-01T00:00:00+08:00,,
CN-210300,210300,210300000000,鞍山市,21,辽宁省,地级市,core,2023,2023,2023,2023-01-01,,official_source_snapshot,SRC-ADMIN-DIVISION-2023,"level=2, code=210300000000, parent=210000000000",2026-08-01T00:00:00+08:00,,
CN-210400,210400,210400000000,抚顺市,21,辽宁省,地级市,core,2023,2023,2023,2023-01-01,,official_source_snapshot,SRC-ADMIN-DIVISION-2023,"level=2, code=210400000000, parent=210000000000",2026-08-01T00:00:00+08:00,,
CN-210500,210500,210500000000,本溪市,21,辽宁省,地级市,core,2023,2023,2023,2023-01-01,,official_source_snapshot,SRC-ADMIN-DIVISION-2023,"level=2, code=210500000000, parent=210000000000",2026-08-01T00:00:00+08:00,,
CN-210600,210600,210600000000,丹东市,21,辽宁省,地级市,core,2023,2023,2023,2023-01-01,,official_source_snapshot,SRC-ADMIN-DIVISION-2023,"level=2, code=210600000000, parent=210000000000",2026-08-01T00:00:00+08:00,,
CN-210700,210700,210700000000,锦州市,21,辽宁省,地级市,core,2023,2023,2023,2023-01-01,,official_source_snapshot,SRC-ADMIN-DIVISION-2023,"level=2, code=210700000000, parent=210000000000",2026-08-01T00:00:00+08:00,,
CN-210800,210800,210800000000,营口市,21,辽宁省,地级市,core,2023,2023,2023,2023-01-01,,official_source_snapshot,SRC-ADMIN-DIVISION-2023,"level=2, code=210800000000, parent=210000000000",2026-08-01T00:00:00+08:00,,
CN-210900,210900,210900000000,阜新市,21,辽宁省,地级市,core,2023,2023,2023,2023-01-01,,official_source_snapshot,SRC-ADMIN-DIVISION-2023,"level=2, code=210900000000, parent=210000000000",2026-08-01T00:00:00+08:00,,
CN-211000,211000,211000000000,辽阳市,21,辽宁省,地级市,core,2023,2023,2023,2023-01-01,,official_source_snapshot,SRC-ADMIN-DIVISION-2023,"level=2, code=211000000000, parent=210000000000",2026-08-01T00:00:00+08:00,,
CN-211100,211100,211100000000,盘锦市,21,辽宁省,地级市,core,2023,2023,2023,2023-01-01,,official_source_snapshot,SRC-ADMIN-DIVISION-2023,"level=2, code=211100000000, parent=210000000000",2026-08-01T00:00:00+08:00,,
CN-211200,211200,211200000000,铁岭市,21,辽宁省,地级市,core,2023,2023,2023,2023-01-01,,official_source_snapshot,SRC-ADMIN-DIVISION-2023,"level=2, code=211200000000, parent=210000000000",2026-08-01T00:00:00+08:00,,
CN-211300,211300,211300000000,朝阳市,21,辽宁省,地级市,core,2023,2023,2023,2023-01-01,,official_source_snapshot,SRC-ADMIN-DIVISION-2023,"level=2, code=211300000000, parent=210000000000",2026-08-01T00:00:00+08:00,,
CN-211400,211400,211400000000,葫芦岛市,21,辽宁省,地级市,core,2023,2023,2023,2023-01-01,,official_source_snapshot,SRC-ADMIN-DIVISION-2023,"level=2, code=211400000000, parent=210000000000",2026-08-01T00:00:00+08:00,,
CN-220100,220100,220100000000,长春市,22,吉林省,地级市,core,2023,2023,2023,2023-01-01,,official_source_snapshot,SRC-ADMIN-DIVISION-2023,"level=2, code=220100000000, parent=220000000000",2026-08-01T00:00:00+08:00,,
CN-220200,220200,220200000000,吉林市,22,吉林省,地级市,core,2023,2023,2023,2023-01-01,,official_source_snapshot,SRC-ADMIN-DIVISION-2023,"level=2, code=220200000000, parent=220000000000",2026-08-01T00:00:00+08:00,,
CN-220300,220300,220300000000,四平市,22,吉林省,地级市,core,2023,2023,2023,2023-01-01,,official_source_snapshot,SRC-ADMIN-DIVISION-2023,"level=2, code=220300000000, parent=220000000000",2026-08-01T00:00:00+08:00,,
CN-220400,220400,220400000000,辽源市,22,吉林省,地级市,core,2023,2023,2023,2023-01-01,,official_source_snapshot,SRC-ADMIN-DIVISION-2023,"level=2, code=220400000000, parent=220000000000",2026-08-01T00:00:00+08:00,,
CN-220500,220500,220500000000,通化市,22,吉林省,地级市,core,2023,2023,2023,2023-01-01,,official_source_snapshot,SRC-ADMIN-DIVISION-2023,"level=2, code=220500000000, parent=220000000000",2026-08-01T00:00:00+08:00,,
CN-220600,220600,220600000000,白山市,22,吉林省,地级市,core,2023,2023,2023,2023-01-01,,official_source_snapshot,SRC-ADMIN-DIVISION-2023,"level=2, code=220600000000, parent=220000000000",2026-08-01T00:00:00+08:00,,
CN-220700,220700,220700000000,松原市,22,吉林省,地级市,core,2023,2023,2023,2023-01-01,,official_source_snapshot,SRC-ADMIN-DIVISION-2023,"level=2, code=220700000000, parent=220000000000",2026-08-01T00:00:00+08:00,,
CN-220800,220800,220800000000,白城市,22,吉林省,地级市,core,2023,2023,2023,2023-01-01,,official_source_snapshot,SRC-ADMIN-DIVISION-2023,"level=2, code=220800000000, parent=220000000000",2026-08-01T00:00:00+08:00,,
CN-222400,222400,222400000000,延边朝鲜族自治州,22,吉林省,自治州,extended,2023,2023,2023,2023-01-01,,official_source_snapshot,SRC-ADMIN-DIVISION-2023,"level=2, code=222400000000, parent=220000000000",2026-08-01T00:00:00+08:00,,
CN-230100,230100,230100000000,哈尔滨市,23,黑龙江省,地级市,core,2023,2023,2023,2023-01-01,,official_source_snapshot,SRC-ADMIN-DIVISION-2023,"level=2, code=230100000000, parent=230000000000",2026-08-01T00:00:00+08:00,,
CN-230200,230200,230200000000,齐齐哈尔市,23,黑龙江省,地级市,core,2023,2023,2023,2023-01-01,,official_source_snapshot,SRC-ADMIN-DIVISION-2023,"level=2, code=230200000000, parent=230000000000",2026-08-01T00:00:00+08:00,,
CN-230300,230300,230300000000,鸡西市,23,黑龙江省,地级市,core,2023,2023,2023,2023-01-01,,official_source_snapshot,SRC-ADMIN-DIVISION-2023,"level=2, code=230300000000, parent=230000000000",2026-08-01T00:00:00+08:00,,
CN-230400,230400,230400000000,鹤岗市,23,黑龙江省,地级市,core,2023,2023,2023,2023-01-01,,official_source_snapshot,SRC-ADMIN-DIVISION-2023,"level=2, code=230400000000, parent=230000000000",2026-08-01T00:00:00+08:00,,
CN-230500,230500,230500000000,双鸭山市,23,黑龙江省,地级市,core,2023,2023,2023,2023-01-01,,official_source_snapshot,SRC-ADMIN-DIVISION-2023,"level=2, code=230500000000, parent=230000000000",2026-08-01T00:00:00+08:00,,
CN-230600,230600,230600000000,大庆市,23,黑龙江省,地级市,core,2023,2023,2023,2023-01-01,,official_source_snapshot,SRC-ADMIN-DIVISION-2023,"level=2, code=230600000000, parent=230000000000",2026-08-01T00:00:00+08:00,,
CN-230700,230700,230700000000,伊春市,23,黑龙江省,地级市,core,2023,2023,2023,2023-01-01,,official_source_snapshot,SRC-ADMIN-DIVISION-2023,"level=2, code=230700000000, parent=230000000000",2026-08-01T00:00:00+08:00,,
CN-230800,230800,230800000000,佳木斯市,23,黑龙江省,地级市,core,2023,2023,2023,2023-01-01,,official_source_snapshot,SRC-ADMIN-DIVISION-2023,"level=2, code=230800000000, parent=230000000000",2026-08-01T00:00:00+08:00,,
CN-230900,230900,230900000000,七台河市,23,黑龙江省,地级市,core,2023,2023,2023,2023-01-01,,official_source_snapshot,SRC-ADMIN-DIVISION-2023,"level=2, code=230900000000, parent=230000000000",2026-08-01T00:00:00+08:00,,
CN-231000,231000,231000000000,牡丹江市,23,黑龙江省,地级市,core,2023,2023,2023,2023-01-01,,official_source_snapshot,SRC-ADMIN-DIVISION-2023,"level=2, code=231000000000, parent=230000000000",2026-08-01T00:00:00+08:00,,
CN-231100,231100,231100000000,黑河市,23,黑龙江省,地级市,core,2023,2023,2023,2023-01-01,,official_source_snapshot,SRC-ADMIN-DIVISION-2023,"level=2, code=231100000000, parent=230000000000",2026-08-01T00:00:00+08:00,,
CN-231200,231200,231200000000,绥化市,23,黑龙江省,地级市,core,2023,2023,2023,2023-01-01,,official_source_snapshot,SRC-ADMIN-DIVISION-2023,"level=2, code=231200000000, parent=230000000000",2026-08-01T00:00:00+08:00,,
CN-232700,232700,232700000000,大兴安岭地区,23,黑龙江省,地区,extended,2023,2023,2023,2023-01-01,,official_source_snapshot,SRC-ADMIN-DIVISION-2023,"level=2, code=232700000000, parent=230000000000",2026-08-01T00:00:00+08:00,,
CN-310000,310000,310000000000,上海市,31,上海市,直辖市,separate,2023,2023,2023,2023-01-01,,official_source_snapshot,SRC-ADMIN-DIVISION-2023,"level=2, code=310100000000, parent=310000000000",2026-08-01T00:00:00+08:00,,
CN-320100,320100,320100000000,南京市,32,江苏省,地级市,core,2023,2023,2023,2023-01-01,,official_source_snapshot,SRC-ADMIN-DIVISION-2023,"level=2, code=320100000000, parent=320000000000",2026-08-01T00:00:00+08:00,,
CN-320200,320200,320200000000,无锡市,32,江苏省,地级市,core,2023,2023,2023,2023-01-01,,official_source_snapshot,SRC-ADMIN-DIVISION-2023,"level=2, code=320200000000, parent=320000000000",2026-08-01T00:00:00+08:00,,
CN-320300,320300,320300000000,徐州市,32,江苏省,地级市,core,2023,2023,2023,2023-01-01,,official_source_snapshot,SRC-ADMIN-DIVISION-2023,"level=2, code=320300000000, parent=320000000000",2026-08-01T00:00:00+08:00,,
CN-320400,320400,320400000000,常州市,32,江苏省,地级市,core,2023,2023,2023,2023-01-01,,official_source_snapshot,SRC-ADMIN-DIVISION-2023,"level=2, code=320400000000, parent=320000000000",2026-08-01T00:00:00+08:00,,
CN-320500,320500,320500000000,苏州市,32,江苏省,地级市,core,2023,2023,2023,2023-01-01,,official_source_snapshot,SRC-ADMIN-DIVISION-2023,"level=2, code=320500000000, parent=320000000000",2026-08-01T00:00:00+08:00,,
CN-320600,320600,320600000000,南通市,32,江苏省,地级市,core,2023,2023,2023,2023-01-01,,official_source_snapshot,SRC-ADMIN-DIVISION-2023,"level=2, code=320600000000, parent=320000000000",2026-08-01T00:00:00+08:00,,
CN-320700,320700,320700000000,连云港市,32,江苏省,地级市,core,2023,2023,2023,2023-01-01,,official_source_snapshot,SRC-ADMIN-DIVISION-2023,"level=2, code=320700000000, parent=320000000000",2026-08-01T00:00:00+08:00,,
CN-320800,320800,320800000000,淮安市,32,江苏省,地级市,core,2023,2023,2023,2023-01-01,,official_source_snapshot,SRC-ADMIN-DIVISION-2023,"level=2, code=320800000000, parent=320000000000",2026-08-01T00:00:00+08:00,,
CN-320900,320900,320900000000,盐城市,32,江苏省,地级市,core,2023,2023,2023,2023-01-01,,official_source_snapshot,SRC-ADMIN-DIVISION-2023,"level=2, code=320900000000, parent=320000000000",2026-08-01T00:00:00+08:00,,
CN-321000,321000,321000000000,扬州市,32,江苏省,地级市,core,2023,2023,2023,2023-01-01,,official_source_snapshot,SRC-ADMIN-DIVISION-2023,"level=2, code=321000000000, parent=320000000000",2026-08-01T00:00:00+08:00,,
CN-321100,321100,321100000000,镇江市,32,江苏省,地级市,core,2023,2023,2023,2023-01-01,,official_source_snapshot,SRC-ADMIN-DIVISION-2023,"level=2, code=321100000000, parent=320000000000",2026-08-01T00:00:00+08:00,,
CN-321200,321200,321200000000,泰州市,32,江苏省,地级市,core,2023,2023,2023,2023-01-01,,official_source_snapshot,SRC-ADMIN-DIVISION-2023,"level=2, code=321200000000, parent=320000000000",2026-08-01T00:00:00+08:00,,
CN-321300,321300,321300000000,宿迁市,32,江苏省,地级市,core,2023,2023,2023,2023-01-01,,official_source_snapshot,SRC-ADMIN-DIVISION-2023,"level=2, code=321300000000, parent=320000000000",2026-08-01T00:00:00+08:00,,
CN-330100,330100,330100000000,杭州市,33,浙江省,地级市,core,2023,2023,2023,2023-01-01,,official_source_snapshot,SRC-ADMIN-DIVISION-2023,"level=2, code=330100000000, parent=330000000000",2026-08-01T00:00:00+08:00,,
CN-330200,330200,330200000000,宁波市,33,浙江省,地级市,core,2023,2023,2023,2023-01-01,,official_source_snapshot,SRC-ADMIN-DIVISION-2023,"level=2, code=330200000000, parent=330000000000",2026-08-01T00:00:00+08:00,,
CN-330300,330300,330300000000,温州市,33,浙江省,地级市,core,2023,2023,2023,2023-01-01,,official_source_snapshot,SRC-ADMIN-DIVISION-2023,"level=2, code=330300000000, parent=330000000000",2026-08-01T00:00:00+08:00,,
CN-330400,330400,330400000000,嘉兴市,33,浙江省,地级市,core,2023,2023,2023,2023-01-01,,official_source_snapshot,SRC-ADMIN-DIVISION-2023,"level=2, code=330400000000, parent=330000000000",2026-08-01T00:00:00+08:00,,
CN-330500,330500,330500000000,湖州市,33,浙江省,地级市,core,2023,2023,2023,2023-01-01,,official_source_snapshot,SRC-ADMIN-DIVISION-2023,"level=2, code=330500000000, parent=330000000000",2026-08-01T00:00:00+08:00,,
CN-330600,330600,330600000000,绍兴市,33,浙江省,地级市,core,2023,2023,2023,2023-01-01,,official_source_snapshot,SRC-ADMIN-DIVISION-2023,"level=2, code=330600000000, parent=330000000000",2026-08-01T00:00:00+08:00,,
CN-330700,330700,330700000000,金华市,33,浙江省,地级市,core,2023,2023,2023,2023-01-01,,official_source_snapshot,SRC-ADMIN-DIVISION-2023,"level=2, code=330700000000, parent=330000000000",2026-08-01T00:00:00+08:00,,
CN-330800,330800,330800000000,衢州市,33,浙江省,地级市,core,2023,2023,2023,2023-01-01,,official_source_snapshot,SRC-ADMIN-DIVISION-2023,"level=2, code=330800000000, parent=330000000000",2026-08-01T00:00:00+08:00,,
CN-330900,330900,330900000000,舟山市,33,浙江省,地级市,core,2023,2023,2023,2023-01-01,,official_source_snapshot,SRC-ADMIN-DIVISION-2023,"level=2, code=330900000000, parent=330000000000",2026-08-01T00:00:00+08:00,,
CN-331000,331000,331000000000,台州市,33,浙江省,地级市,core,2023,2023,2023,2023-01-01,,official_source_snapshot,SRC-ADMIN-DIVISION-2023,"level=2, code=331000000000, parent=330000000000",2026-08-01T00:00:00+08:00,,
CN-331100,331100,331100000000,丽水市,33,浙江省,地级市,core,2023,2023,2023,2023-01-01,,official_source_snapshot,SRC-ADMIN-DIVISION-2023,"level=2, code=331100000000, parent=330000000000",2026-08-01T00:00:00+08:00,,
CN-340100,340100,340100000000,合肥市,34,安徽省,地级市,core,2023,2023,2023,2023-01-01,,official_source_snapshot,SRC-ADMIN-DIVISION-2023,"level=2, code=340100000000, parent=340000000000",2026-08-01T00:00:00+08:00,,
CN-340200,340200,340200000000,芜湖市,34,安徽省,地级市,core,2023,2023,2023,2023-01-01,,official_source_snapshot,SRC-ADMIN-DIVISION-2023,"level=2, code=340200000000, parent=340000000000",2026-08-01T00:00:00+08:00,,
CN-340300,340300,340300000000,蚌埠市,34,安徽省,地级市,core,2023,2023,2023,2023-01-01,,official_source_snapshot,SRC-ADMIN-DIVISION-2023,"level=2, code=340300000000, parent=340000000000",2026-08-01T00:00:00+08:00,,
CN-340400,340400,340400000000,淮南市,34,安徽省,地级市,core,2023,2023,2023,2023-01-01,,official_source_snapshot,SRC-ADMIN-DIVISION-2023,"level=2, code=340400000000, parent=340000000000",2026-08-01T00:00:00+08:00,,
CN-340500,340500,340500000000,马鞍山市,34,安徽省,地级市,core,2023,2023,2023,2023-01-01,,official_source_snapshot,SRC-ADMIN-DIVISION-2023,"level=2, code=340500000000, parent=340000000000",2026-08-01T00:00:00+08:00,,
CN-340600,340600,340600000000,淮北市,34,安徽省,地级市,core,2023,2023,2023,2023-01-01,,official_source_snapshot,SRC-ADMIN-DIVISION-2023,"level=2, code=340600000000, parent=340000000000",2026-08-01T00:00:00+08:00,,
CN-340700,340700,340700000000,铜陵市,34,安徽省,地级市,core,2023,2023,2023,2023-01-01,,official_source_snapshot,SRC-ADMIN-DIVISION-2023,"level=2, code=340700000000, parent=340000000000",2026-08-01T00:00:00+08:00,,
CN-340800,340800,340800000000,安庆市,34,安徽省,地级市,core,2023,2023,2023,2023-01-01,,official_source_snapshot,SRC-ADMIN-DIVISION-2023,"level=2, code=340800000000, parent=340000000000",2026-08-01T00:00:00+08:00,,
CN-341000,341000,341000000000,黄山市,34,安徽省,地级市,core,2023,2023,2023,2023-01-01,,official_source_snapshot,SRC-ADMIN-DIVISION-2023,"level=2, code=341000000000, parent=340000000000",2026-08-01T00:00:00+08:00,,
CN-341100,341100,341100000000,滁州市,34,安徽省,地级市,core,2023,2023,2023,2023-01-01,,official_source_snapshot,SRC-ADMIN-DIVISION-2023,"level=2, code=341100000000, parent=340000000000",2026-08-01T00:00:00+08:00,,
CN-341200,341200,341200000000,阜阳市,34,安徽省,地级市,core,2023,2023,2023,2023-01-01,,official_source_snapshot,SRC-ADMIN-DIVISION-2023,"level=2, code=341200000000, parent=340000000000",2026-08-01T00:00:00+08:00,,
CN-341300,341300,341300000000,宿州市,34,安徽省,地级市,core,2023,2023,2023,2023-01-01,,official_source_snapshot,SRC-ADMIN-DIVISION-2023,"level=2, code=341300000000, parent=340000000000",2026-08-01T00:00:00+08:00,,
CN-341500,341500,341500000000,六安市,34,安徽省,地级市,core,2023,2023,2023,2023-01-01,,official_source_snapshot,SRC-ADMIN-DIVISION-2023,"level=2, code=341500000000, parent=340000000000",2026-08-01T00:00:00+08:00,,
CN-341600,341600,341600000000,亳州市,34,安徽省,地级市,core,2023,2023,2023,2023-01-01,,official_source_snapshot,SRC-ADMIN-DIVISION-2023,"level=2, code=341600000000, parent=340000000000",2026-08-01T00:00:00+08:00,,
CN-341700,341700,341700000000,池州市,34,安徽省,地级市,core,2023,2023,2023,2023-01-01,,official_source_snapshot,SRC-ADMIN-DIVISION-2023,"level=2, code=341700000000, parent=340000000000",2026-08-01T00:00:00+08:00,,
CN-341800,341800,341800000000,宣城市,34,安徽省,地级市,core,2023,2023,2023,2023-01-01,,official_source_snapshot,SRC-ADMIN-DIVISION-2023,"level=2, code=341800000000, parent=340000000000",2026-08-01T00:00:00+08:00,,
CN-350100,350100,350100000000,福州市,35,福建省,地级市,core,2023,2023,2023,2023-01-01,,official_source_snapshot,SRC-ADMIN-DIVISION-2023,"level=2, code=350100000000, parent=350000000000",2026-08-01T00:00:00+08:00,,
CN-350200,350200,350200000000,厦门市,35,福建省,地级市,core,2023,2023,2023,2023-01-01,,official_source_snapshot,SRC-ADMIN-DIVISION-2023,"level=2, code=350200000000, parent=350000000000",2026-08-01T00:00:00+08:00,,
CN-350300,350300,350300000000,莆田市,35,福建省,地级市,core,2023,2023,2023,2023-01-01,,official_source_snapshot,SRC-ADMIN-DIVISION-2023,"level=2, code=350300000000, parent=350000000000",2026-08-01T00:00:00+08:00,,
CN-350400,350400,350400000000,三明市,35,福建省,地级市,core,2023,2023,2023,2023-01-01,,official_source_snapshot,SRC-ADMIN-DIVISION-2023,"level=2, code=350400000000, parent=350000000000",2026-08-01T00:00:00+08:00,,
CN-350500,350500,350500000000,泉州市,35,福建省,地级市,core,2023,2023,2023,2023-01-01,,official_source_snapshot,SRC-ADMIN-DIVISION-2023,"level=2, code=350500000000, parent=350000000000",2026-08-01T00:00:00+08:00,,
CN-350600,350600,350600000000,漳州市,35,福建省,地级市,core,2023,2023,2023,2023-01-01,,official_source_snapshot,SRC-ADMIN-DIVISION-2023,"level=2, code=350600000000, parent=350000000000",2026-08-01T00:00:00+08:00,,
CN-350700,350700,350700000000,南平市,35,福建省,地级市,core,2023,2023,2023,2023-01-01,,official_source_snapshot,SRC-ADMIN-DIVISION-2023,"level=2, code=350700000000, parent=350000000000",2026-08-01T00:00:00+08:00,,
CN-350800,350800,350800000000,龙岩市,35,福建省,地级市,core,2023,2023,2023,2023-01-01,,official_source_snapshot,SRC-ADMIN-DIVISION-2023,"level=2, code=350800000000, parent=350000000000",2026-08-01T00:00:00+08:00,,
CN-350900,350900,350900000000,宁德市,35,福建省,地级市,core,2023,2023,2023,2023-01-01,,official_source_snapshot,SRC-ADMIN-DIVISION-2023,"level=2, code=350900000000, parent=350000000000",2026-08-01T00:00:00+08:00,,
CN-360100,360100,360100000000,南昌市,36,江西省,地级市,core,2023,2023,2023,2023-01-01,,official_source_snapshot,SRC-ADMIN-DIVISION-2023,"level=2, code=360100000000, parent=360000000000",2026-08-01T00:00:00+08:00,,
CN-360200,360200,360200000000,景德镇市,36,江西省,地级市,core,2023,2023,2023,2023-01-01,,official_source_snapshot,SRC-ADMIN-DIVISION-2023,"level=2, code=360200000000, parent=360000000000",2026-08-01T00:00:00+08:00,,
CN-360300,360300,360300000000,萍乡市,36,江西省,地级市,core,2023,2023,2023,2023-01-01,,official_source_snapshot,SRC-ADMIN-DIVISION-2023,"level=2, code=360300000000, parent=360000000000",2026-08-01T00:00:00+08:00,,
CN-360400,360400,360400000000,九江市,36,江西省,地级市,core,2023,2023,2023,2023-01-01,,official_source_snapshot,SRC-ADMIN-DIVISION-2023,"level=2, code=360400000000, parent=360000000000",2026-08-01T00:00:00+08:00,,
CN-360500,360500,360500000000,新余市,36,江西省,地级市,core,2023,2023,2023,2023-01-01,,official_source_snapshot,SRC-ADMIN-DIVISION-2023,"level=2, code=360500000000, parent=360000000000",2026-08-01T00:00:00+08:00,,
CN-360600,360600,360600000000,鹰潭市,36,江西省,地级市,core,2023,2023,2023,2023-01-01,,official_source_snapshot,SRC-ADMIN-DIVISION-2023,"level=2, code=360600000000, parent=360000000000",2026-08-01T00:00:00+08:00,,
CN-360700,360700,360700000000,赣州市,36,江西省,地级市,core,2023,2023,2023,2023-01-01,,official_source_snapshot,SRC-ADMIN-DIVISION-2023,"level=2, code=360700000000, parent=360000000000",2026-08-01T00:00:00+08:00,,
CN-360800,360800,360800000000,吉安市,36,江西省,地级市,core,2023,2023,2023,2023-01-01,,official_source_snapshot,SRC-ADMIN-DIVISION-2023,"level=2, code=360800000000, parent=360000000000",2026-08-01T00:00:00+08:00,,
CN-360900,360900,360900000000,宜春市,36,江西省,地级市,core,2023,2023,2023,2023-01-01,,official_source_snapshot,SRC-ADMIN-DIVISION-2023,"level=2, code=360900000000, parent=360000000000",2026-08-01T00:00:00+08:00,,
CN-361000,361000,361000000000,抚州市,36,江西省,地级市,core,2023,2023,2023,2023-01-01,,official_source_snapshot,SRC-ADMIN-DIVISION-2023,"level=2, code=361000000000, parent=360000000000",2026-08-01T00:00:00+08:00,,
CN-361100,361100,361100000000,上饶市,36,江西省,地级市,core,2023,2023,2023,2023-01-01,,official_source_snapshot,SRC-ADMIN-DIVISION-2023,"level=2, code=361100000000, parent=360000000000",2026-08-01T00:00:00+08:00,,
CN-370100,370100,370100000000,济南市,37,山东省,地级市,core,2023,2023,2023,2023-01-01,,official_source_snapshot,SRC-ADMIN-DIVISION-2023,"level=2, code=370100000000, parent=370000000000",2026-08-01T00:00:00+08:00,,
CN-370200,370200,370200000000,青岛市,37,山东省,地级市,core,2023,2023,2023,2023-01-01,,official_source_snapshot,SRC-ADMIN-DIVISION-2023,"level=2, code=370200000000, parent=370000000000",2026-08-01T00:00:00+08:00,,
CN-370300,370300,370300000000,淄博市,37,山东省,地级市,core,2023,2023,2023,2023-01-01,,official_source_snapshot,SRC-ADMIN-DIVISION-2023,"level=2, code=370300000000, parent=370000000000",2026-08-01T00:00:00+08:00,,
CN-370400,370400,370400000000,枣庄市,37,山东省,地级市,core,2023,2023,2023,2023-01-01,,official_source_snapshot,SRC-ADMIN-DIVISION-2023,"level=2, code=370400000000, parent=370000000000",2026-08-01T00:00:00+08:00,,
CN-370500,370500,370500000000,东营市,37,山东省,地级市,core,2023,2023,2023,2023-01-01,,official_source_snapshot,SRC-ADMIN-DIVISION-2023,"level=2, code=370500000000, parent=370000000000",2026-08-01T00:00:00+08:00,,
CN-370600,370600,370600000000,烟台市,37,山东省,地级市,core,2023,2023,2023,2023-01-01,,official_source_snapshot,SRC-ADMIN-DIVISION-2023,"level=2, code=370600000000, parent=370000000000",2026-08-01T00:00:00+08:00,,
CN-370700,370700,370700000000,潍坊市,37,山东省,地级市,core,2023,2023,2023,2023-01-01,,official_source_snapshot,SRC-ADMIN-DIVISION-2023,"level=2, code=370700000000, parent=370000000000",2026-08-01T00:00:00+08:00,,
CN-370800,370800,370800000000,济宁市,37,山东省,地级市,core,2023,2023,2023,2023-01-01,,official_source_snapshot,SRC-ADMIN-DIVISION-2023,"level=2, code=370800000000, parent=370000000000",2026-08-01T00:00:00+08:00,,
CN-370900,370900,370900000000,泰安市,37,山东省,地级市,core,2023,2023,2023,2023-01-01,,official_source_snapshot,SRC-ADMIN-DIVISION-2023,"level=2, code=370900000000, parent=370000000000",2026-08-01T00:00:00+08:00,,
CN-371000,371000,371000000000,威海市,37,山东省,地级市,core,2023,2023,2023,2023-01-01,,official_source_snapshot,SRC-ADMIN-DIVISION-2023,"level=2, code=371000000000, parent=370000000000",2026-08-01T00:00:00+08:00,,
CN-371100,371100,371100000000,日照市,37,山东省,地级市,core,2023,2023,2023,2023-01-01,,official_source_snapshot,SRC-ADMIN-DIVISION-2023,"level=2, code=371100000000, parent=370000000000",2026-08-01T00:00:00+08:00,,
CN-371300,371300,371300000000,临沂市,37,山东省,地级市,core,2023,2023,2023,2023-01-01,,official_source_snapshot,SRC-ADMIN-DIVISION-2023,"level=2, code=371300000000, parent=370000000000",2026-08-01T00:00:00+08:00,,
CN-371400,371400,371400000000,德州市,37,山东省,地级市,core,2023,2023,2023,2023-01-01,,official_source_snapshot,SRC-ADMIN-DIVISION-2023,"level=2, code=371400000000, parent=370000000000",2026-08-01T00:00:00+08:00,,
CN-371500,371500,371500000000,聊城市,37,山东省,地级市,core,2023,2023,2023,2023-01-01,,official_source_snapshot,SRC-ADMIN-DIVISION-2023,"level=2, code=371500000000, parent=370000000000",2026-08-01T00:00:00+08:00,,
CN-371600,371600,371600000000,滨州市,37,山东省,地级市,core,2023,2023,2023,2023-01-01,,official_source_snapshot,SRC-ADMIN-DIVISION-2023,"level=2, code=371600000000, parent=370000000000",2026-08-01T00:00:00+08:00,,
CN-371700,371700,371700000000,菏泽市,37,山东省,地级市,core,2023,2023,2023,2023-01-01,,official_source_snapshot,SRC-ADMIN-DIVISION-2023,"level=2, code=371700000000, parent=370000000000",2026-08-01T00:00:00+08:00,,
CN-410100,410100,410100000000,郑州市,41,河南省,地级市,core,2023,2023,2023,2023-01-01,,official_source_snapshot,SRC-ADMIN-DIVISION-2023,"level=2, code=410100000000, parent=410000000000",2026-08-01T00:00:00+08:00,,
CN-410200,410200,410200000000,开封市,41,河南省,地级市,core,2023,2023,2023,2023-01-01,,official_source_snapshot,SRC-ADMIN-DIVISION-2023,"level=2, code=410200000000, parent=410000000000",2026-08-01T00:00:00+08:00,,
CN-410300,410300,410300000000,洛阳市,41,河南省,地级市,core,2023,2023,2023,2023-01-01,,official_source_snapshot,SRC-ADMIN-DIVISION-2023,"level=2, code=410300000000, parent=410000000000",2026-08-01T00:00:00+08:00,,
CN-410400,410400,410400000000,平顶山市,41,河南省,地级市,core,2023,2023,2023,2023-01-01,,official_source_snapshot,SRC-ADMIN-DIVISION-2023,"level=2, code=410400000000, parent=410000000000",2026-08-01T00:00:00+08:00,,
CN-410500,410500,410500000000,安阳市,41,河南省,地级市,core,2023,2023,2023,2023-01-01,,official_source_snapshot,SRC-ADMIN-DIVISION-2023,"level=2, code=410500000000, parent=410000000000",2026-08-01T00:00:00+08:00,,
CN-410600,410600,410600000000,鹤壁市,41,河南省,地级市,core,2023,2023,2023,2023-01-01,,official_source_snapshot,SRC-ADMIN-DIVISION-2023,"level=2, code=410600000000, parent=410000000000",2026-08-01T00:00:00+08:00,,
CN-410700,410700,410700000000,新乡市,41,河南省,地级市,core,2023,2023,2023,2023-01-01,,official_source_snapshot,SRC-ADMIN-DIVISION-2023,"level=2, code=410700000000, parent=410000000000",2026-08-01T00:00:00+08:00,,
CN-410800,410800,410800000000,焦作市,41,河南省,地级市,core,2023,2023,2023,2023-01-01,,official_source_snapshot,SRC-ADMIN-DIVISION-2023,"level=2, code=410800000000, parent=410000000000",2026-08-01T00:00:00+08:00,,
CN-410900,410900,410900000000,濮阳市,41,河南省,地级市,core,2023,2023,2023,2023-01-01,,official_source_snapshot,SRC-ADMIN-DIVISION-2023,"level=2, code=410900000000, parent=410000000000",2026-08-01T00:00:00+08:00,,
CN-411000,411000,411000000000,许昌市,41,河南省,地级市,core,2023,2023,2023,2023-01-01,,official_source_snapshot,SRC-ADMIN-DIVISION-2023,"level=2, code=411000000000, parent=410000000000",2026-08-01T00:00:00+08:00,,
CN-411100,411100,411100000000,漯河市,41,河南省,地级市,core,2023,2023,2023,2023-01-01,,official_source_snapshot,SRC-ADMIN-DIVISION-2023,"level=2, code=411100000000, parent=410000000000",2026-08-01T00:00:00+08:00,,
CN-411200,411200,411200000000,三门峡市,41,河南省,地级市,core,2023,2023,2023,2023-01-01,,official_source_snapshot,SRC-ADMIN-DIVISION-2023,"level=2, code=411200000000, parent=410000000000",2026-08-01T00:00:00+08:00,,
CN-411300,411300,411300000000,南阳市,41,河南省,地级市,core,2023,2023,2023,2023-01-01,,official_source_snapshot,SRC-ADMIN-DIVISION-2023,"level=2, code=411300000000, parent=410000000000",2026-08-01T00:00:00+08:00,,
CN-411400,411400,411400000000,商丘市,41,河南省,地级市,core,2023,2023,2023,2023-01-01,,official_source_snapshot,SRC-ADMIN-DIVISION-2023,"level=2, code=411400000000, parent=410000000000",2026-08-01T00:00:00+08:00,,
CN-411500,411500,411500000000,信阳市,41,河南省,地级市,core,2023,2023,2023,2023-01-01,,official_source_snapshot,SRC-ADMIN-DIVISION-2023,"level=2, code=411500000000, parent=410000000000",2026-08-01T00:00:00+08:00,,
CN-411600,411600,411600000000,周口市,41,河南省,地级市,core,2023,2023,2023,2023-01-01,,official_source_snapshot,SRC-ADMIN-DIVISION-2023,"level=2, code=411600000000, parent=410000000000",2026-08-01T00:00:00+08:00,,
CN-411700,411700,411700000000,驻马店市,41,河南省,地级市,core,2023,2023,2023,2023-01-01,,official_source_snapshot,SRC-ADMIN-DIVISION-2023,"level=2, code=411700000000, parent=410000000000",2026-08-01T00:00:00+08:00,,
CN-419000,419000,419000000000,省直辖县级行政区划,41,河南省,地级市,core,2023,2023,2023,2023-01-01,,official_source_snapshot,SRC-ADMIN-DIVISION-2023,"level=2, code=419000000000, parent=410000000000",2026-08-01T00:00:00+08:00,,
CN-420100,420100,420100000000,武汉市,42,湖北省,地级市,core,2023,2023,2023,2023-01-01,,official_source_snapshot,SRC-ADMIN-DIVISION-2023,"level=2, code=420100000000, parent=420000000000",2026-08-01T00:00:00+08:00,,
CN-420200,420200,420200000000,黄石市,42,湖北省,地级市,core,2023,2023,2023,2023-01-01,,official_source_snapshot,SRC-ADMIN-DIVISION-2023,"level=2, code=420200000000, parent=420000000000",2026-08-01T00:00:00+08:00,,
CN-420300,420300,420300000000,十堰市,42,湖北省,地级市,core,2023,2023,2023,2023-01-01,,official_source_snapshot,SRC-ADMIN-DIVISION-2023,"level=2, code=420300000000, parent=420000000000",2026-08-01T00:00:00+08:00,,
CN-420500,420500,420500000000,宜昌市,42,湖北省,地级市,core,2023,2023,2023,2023-01-01,,official_source_snapshot,SRC-ADMIN-DIVISION-2023,"level=2, code=420500000000, parent=420000000000",2026-08-01T00:00:00+08:00,,
CN-420600,420600,420600000000,襄阳市,42,湖北省,地级市,core,2023,2023,2023,2023-01-01,,official_source_snapshot,SRC-ADMIN-DIVISION-2023,"level=2, code=420600000000, parent=420000000000",2026-08-01T00:00:00+08:00,,
CN-420700,420700,420700000000,鄂州市,42,湖北省,地级市,core,2023,2023,2023,2023-01-01,,official_source_snapshot,SRC-ADMIN-DIVISION-2023,"level=2, code=420700000000, parent=420000000000",2026-08-01T00:00:00+08:00,,
CN-420800,420800,420800000000,荆门市,42,湖北省,地级市,core,2023,2023,2023,2023-01-01,,official_source_snapshot,SRC-ADMIN-DIVISION-2023,"level=2, code=420800000000, parent=420000000000",2026-08-01T00:00:00+08:00,,
CN-420900,420900,420900000000,孝感市,42,湖北省,地级市,core,2023,2023,2023,2023-01-01,,official_source_snapshot,SRC-ADMIN-DIVISION-2023,"level=2, code=420900000000, parent=420000000000",2026-08-01T00:00:00+08:00,,
CN-421000,421000,421000000000,荆州市,42,湖北省,地级市,core,2023,2023,2023,2023-01-01,,official_source_snapshot,SRC-ADMIN-DIVISION-2023,"level=2, code=421000000000, parent=420000000000",2026-08-01T00:00:00+08:00,,
CN-421100,421100,421100000000,黄冈市,42,湖北省,地级市,core,2023,2023,2023,2023-01-01,,official_source_snapshot,SRC-ADMIN-DIVISION-2023,"level=2, code=421100000000, parent=420000000000",2026-08-01T00:00:00+08:00,,
CN-421200,421200,421200000000,咸宁市,42,湖北省,地级市,core,2023,2023,2023,2023-01-01,,official_source_snapshot,SRC-ADMIN-DIVISION-2023,"level=2, code=421200000000, parent=420000000000",2026-08-01T00:00:00+08:00,,
CN-421300,421300,421300000000,随州市,42,湖北省,地级市,core,2023,2023,2023,2023-01-01,,official_source_snapshot,SRC-ADMIN-DIVISION-2023,"level=2, code=421300000000, parent=420000000000",2026-08-01T00:00:00+08:00,,
CN-422800,422800,422800000000,恩施土家族苗族自治州,42,湖北省,自治州,extended,2023,2023,2023,2023-01-01,,official_source_snapshot,SRC-ADMIN-DIVISION-2023,"level=2, code=422800000000, parent=420000000000",2026-08-01T00:00:00+08:00,,
CN-429000,429000,429000000000,省直辖县级行政区划,42,湖北省,地级市,core,2023,2023,2023,2023-01-01,,official_source_snapshot,SRC-ADMIN-DIVISION-2023,"level=2, code=429000000000, parent=420000000000",2026-08-01T00:00:00+08:00,,
CN-430100,430100,430100000000,长沙市,43,湖南省,地级市,core,2023,2023,2023,2023-01-01,,official_source_snapshot,SRC-ADMIN-DIVISION-2023,"level=2, code=430100000000, parent=430000000000",2026-08-01T00:00:00+08:00,,
CN-430200,430200,430200000000,株洲市,43,湖南省,地级市,core,2023,2023,2023,2023-01-01,,official_source_snapshot,SRC-ADMIN-DIVISION-2023,"level=2, code=430200000000, parent=430000000000",2026-08-01T00:00:00+08:00,,
CN-430300,430300,430300000000,湘潭市,43,湖南省,地级市,core,2023,2023,2023,2023-01-01,,official_source_snapshot,SRC-ADMIN-DIVISION-2023,"level=2, code=430300000000, parent=430000000000",2026-08-01T00:00:00+08:00,,
CN-430400,430400,430400000000,衡阳市,43,湖南省,地级市,core,2023,2023,2023,2023-01-01,,official_source_snapshot,SRC-ADMIN-DIVISION-2023,"level=2, code=430400000000, parent=430000000000",2026-08-01T00:00:00+08:00,,
CN-430500,430500,430500000000,邵阳市,43,湖南省,地级市,core,2023,2023,2023,2023-01-01,,official_source_snapshot,SRC-ADMIN-DIVISION-2023,"level=2, code=430500000000, parent=430000000000",2026-08-01T00:00:00+08:00,,
CN-430600,430600,430600000000,岳阳市,43,湖南省,地级市,core,2023,2023,2023,2023-01-01,,official_source_snapshot,SRC-ADMIN-DIVISION-2023,"level=2, code=430600000000, parent=430000000000",2026-08-01T00:00:00+08:00,,
CN-430700,430700,430700000000,常德市,43,湖南省,地级市,core,2023,2023,2023,2023-01-01,,official_source_snapshot,SRC-ADMIN-DIVISION-2023,"level=2, code=430700000000, parent=430000000000",2026-08-01T00:00:00+08:00,,
CN-430800,430800,430800000000,张家界市,43,湖南省,地级市,core,2023,2023,2023,2023-01-01,,official_source_snapshot,SRC-ADMIN-DIVISION-2023,"level=2, code=430800000000, parent=430000000000",2026-08-01T00:00:00+08:00,,
CN-430900,430900,430900000000,益阳市,43,湖南省,地级市,core,2023,2023,2023,2023-01-01,,official_source_snapshot,SRC-ADMIN-DIVISION-2023,"level=2, code=430900000000, parent=430000000000",2026-08-01T00:00:00+08:00,,
CN-431000,431000,431000000000,郴州市,43,湖南省,地级市,core,2023,2023,2023,2023-01-01,,official_source_snapshot,SRC-ADMIN-DIVISION-2023,"level=2, code=431000000000, parent=430000000000",2026-08-01T00:00:00+08:00,,
CN-431100,431100,431100000000,永州市,43,湖南省,地级市,core,2023,2023,2023,2023-01-01,,official_source_snapshot,SRC-ADMIN-DIVISION-2023,"level=2, code=431100000000, parent=430000000000",2026-08-01T00:00:00+08:00,,
CN-431200,431200,431200000000,怀化市,43,湖南省,地级市,core,2023,2023,2023,2023-01-01,,official_source_snapshot,SRC-ADMIN-DIVISION-2023,"level=2, code=431200000000, parent=430000000000",2026-08-01T00:00:00+08:00,,
CN-431300,431300,431300000000,娄底市,43,湖南省,地级市,core,2023,2023,2023,2023-01-01,,official_source_snapshot,SRC-ADMIN-DIVISION-2023,"level=2, code=431300000000, parent=430000000000",2026-08-01T00:00:00+08:00,,
CN-433100,433100,433100000000,湘西土家族苗族自治州,43,湖南省,自治州,extended,2023,2023,2023,2023-01-01,,official_source_snapshot,SRC-ADMIN-DIVISION-2023,"level=2, code=433100000000, parent=430000000000",2026-08-01T00:00:00+08:00,,
CN-440100,440100,440100000000,广州市,44,广东省,地级市,core,2023,2023,2023,2023-01-01,,official_source_snapshot,SRC-ADMIN-DIVISION-2023,"level=2, code=440100000000, parent=440000000000",2026-08-01T00:00:00+08:00,,
CN-440200,440200,440200000000,韶关市,44,广东省,地级市,core,2023,2023,2023,2023-01-01,,official_source_snapshot,SRC-ADMIN-DIVISION-2023,"level=2, code=440200000000, parent=440000000000",2026-08-01T00:00:00+08:00,,
CN-440300,440300,440300000000,深圳市,44,广东省,地级市,core,2023,2023,2023,2023-01-01,,official_source_snapshot,SRC-ADMIN-DIVISION-2023,"level=2, code=440300000000, parent=440000000000",2026-08-01T00:00:00+08:00,,
CN-440400,440400,440400000000,珠海市,44,广东省,地级市,core,2023,2023,2023,2023-01-01,,official_source_snapshot,SRC-ADMIN-DIVISION-2023,"level=2, code=440400000000, parent=440000000000",2026-08-01T00:00:00+08:00,,
CN-440500,440500,440500000000,汕头市,44,广东省,地级市,core,2023,2023,2023,2023-01-01,,official_source_snapshot,SRC-ADMIN-DIVISION-2023,"level=2, code=440500000000, parent=440000000000",2026-08-01T00:00:00+08:00,,
CN-440600,440600,440600000000,佛山市,44,广东省,地级市,core,2023,2023,2023,2023-01-01,,official_source_snapshot,SRC-ADMIN-DIVISION-2023,"level=2, code=440600000000, parent=440000000000",2026-08-01T00:00:00+08:00,,
CN-440700,440700,440700000000,江门市,44,广东省,地级市,core,2023,2023,2023,2023-01-01,,official_source_snapshot,SRC-ADMIN-DIVISION-2023,"level=2, code=440700000000, parent=440000000000",2026-08-01T00:00:00+08:00,,
CN-440800,440800,440800000000,湛江市,44,广东省,地级市,core,2023,2023,2023,2023-01-01,,official_source_snapshot,SRC-ADMIN-DIVISION-2023,"level=2, code=440800000000, parent=440000000000",2026-08-01T00:00:00+08:00,,
CN-440900,440900,440900000000,茂名市,44,广东省,地级市,core,2023,2023,2023,2023-01-01,,official_source_snapshot,SRC-ADMIN-DIVISION-2023,"level=2, code=440900000000, parent=440000000000",2026-08-01T00:00:00+08:00,,
CN-441200,441200,441200000000,肇庆市,44,广东省,地级市,core,2023,2023,2023,2023-01-01,,official_source_snapshot,SRC-ADMIN-DIVISION-2023,"level=2, code=441200000000, parent=440000000000",2026-08-01T00:00:00+08:00,,
CN-441300,441300,441300000000,惠州市,44,广东省,地级市,core,2023,2023,2023,2023-01-01,,official_source_snapshot,SRC-ADMIN-DIVISION-2023,"level=2, code=441300000000, parent=440000000000",2026-08-01T00:00:00+08:00,,
CN-441400,441400,441400000000,梅州市,44,广东省,地级市,core,2023,2023,2023,2023-01-01,,official_source_snapshot,SRC-ADMIN-DIVISION-2023,"level=2, code=441400000000, parent=440000000000",2026-08-01T00:00:00+08:00,,
CN-441500,441500,441500000000,汕尾市,44,广东省,地级市,core,2023,2023,2023,2023-01-01,,official_source_snapshot,SRC-ADMIN-DIVISION-2023,"level=2, code=441500000000, parent=440000000000",2026-08-01T00:00:00+08:00,,
CN-441600,441600,441600000000,河源市,44,广东省,地级市,core,2023,2023,2023,2023-01-01,,official_source_snapshot,SRC-ADMIN-DIVISION-2023,"level=2, code=441600000000, parent=440000000000",2026-08-01T00:00:00+08:00,,
CN-441700,441700,441700000000,阳江市,44,广东省,地级市,core,2023,2023,2023,2023-01-01,,official_source_snapshot,SRC-ADMIN-DIVISION-2023,"level=2, code=441700000000, parent=440000000000",2026-08-01T00:00:00+08:00,,
CN-441800,441800,441800000000,清远市,44,广东省,地级市,core,2023,2023,2023,2023-01-01,,official_source_snapshot,SRC-ADMIN-DIVISION-2023,"level=2, code=441800000000, parent=440000000000",2026-08-01T00:00:00+08:00,,
CN-441900,441900,441900000000,东莞市,44,广东省,地级市,core,2023,2023,2023,2023-01-01,,official_source_snapshot,SRC-ADMIN-DIVISION-2023,"level=2, code=441900000000, parent=440000000000",2026-08-01T00:00:00+08:00,,
CN-442000,442000,442000000000,中山市,44,广东省,地级市,core,2023,2023,2023,2023-01-01,,official_source_snapshot,SRC-ADMIN-DIVISION-2023,"level=2, code=442000000000, parent=440000000000",2026-08-01T00:00:00+08:00,,
CN-445100,445100,445100000000,潮州市,44,广东省,地级市,core,2023,2023,2023,2023-01-01,,official_source_snapshot,SRC-ADMIN-DIVISION-2023,"level=2, code=445100000000, parent=440000000000",2026-08-01T00:00:00+08:00,,
CN-445200,445200,445200000000,揭阳市,44,广东省,地级市,core,2023,2023,2023,2023-01-01,,official_source_snapshot,SRC-ADMIN-DIVISION-2023,"level=2, code=445200000000, parent=440000000000",2026-08-01T00:00:00+08:00,,
CN-445300,445300,445300000000,云浮市,44,广东省,地级市,core,2023,2023,2023,2023-01-01,,official_source_snapshot,SRC-ADMIN-DIVISION-2023,"level=2, code=445300000000, parent=440000000000",2026-08-01T00:00:00+08:00,,
CN-450100,450100,450100000000,南宁市,45,广西壮族自治区,地级市,core,2023,2023,2023,2023-01-01,,official_source_snapshot,SRC-ADMIN-DIVISION-2023,"level=2, code=450100000000, parent=450000000000",2026-08-01T00:00:00+08:00,,
CN-450200,450200,450200000000,柳州市,45,广西壮族自治区,地级市,core,2023,2023,2023,2023-01-01,,official_source_snapshot,SRC-ADMIN-DIVISION-2023,"level=2, code=450200000000, parent=450000000000",2026-08-01T00:00:00+08:00,,
CN-450300,450300,450300000000,桂林市,45,广西壮族自治区,地级市,core,2023,2023,2023,2023-01-01,,official_source_snapshot,SRC-ADMIN-DIVISION-2023,"level=2, code=450300000000, parent=450000000000",2026-08-01T00:00:00+08:00,,
CN-450400,450400,450400000000,梧州市,45,广西壮族自治区,地级市,core,2023,2023,2023,2023-01-01,,official_source_snapshot,SRC-ADMIN-DIVISION-2023,"level=2, code=450400000000, parent=450000000000",2026-08-01T00:00:00+08:00,,
CN-450500,450500,450500000000,北海市,45,广西壮族自治区,地级市,core,2023,2023,2023,2023-01-01,,official_source_snapshot,SRC-ADMIN-DIVISION-2023,"level=2, code=450500000000, parent=450000000000",2026-08-01T00:00:00+08:00,,
CN-450600,450600,450600000000,防城港市,45,广西壮族自治区,地级市,core,2023,2023,2023,2023-01-01,,official_source_snapshot,SRC-ADMIN-DIVISION-2023,"level=2, code=450600000000, parent=450000000000",2026-08-01T00:00:00+08:00,,
CN-450700,450700,450700000000,钦州市,45,广西壮族自治区,地级市,core,2023,2023,2023,2023-01-01,,official_source_snapshot,SRC-ADMIN-DIVISION-2023,"level=2, code=450700000000, parent=450000000000",2026-08-01T00:00:00+08:00,,
CN-450800,450800,450800000000,贵港市,45,广西壮族自治区,地级市,core,2023,2023,2023,2023-01-01,,official_source_snapshot,SRC-ADMIN-DIVISION-2023,"level=2, code=450800000000, parent=450000000000",2026-08-01T00:00:00+08:00,,
CN-450900,450900,450900000000,玉林市,45,广西壮族自治区,地级市,core,2023,2023,2023,2023-01-01,,official_source_snapshot,SRC-ADMIN-DIVISION-2023,"level=2, code=450900000000, parent=450000000000",2026-08-01T00:00:00+08:00,,
CN-451000,451000,451000000000,百色市,45,广西壮族自治区,地级市,core,2023,2023,2023,2023-01-01,,official_source_snapshot,SRC-ADMIN-DIVISION-2023,"level=2, code=451000000000, parent=450000000000",2026-08-01T00:00:00+08:00,,
CN-451100,451100,451100000000,贺州市,45,广西壮族自治区,地级市,core,2023,2023,2023,2023-01-01,,official_source_snapshot,SRC-ADMIN-DIVISION-2023,"level=2, code=451100000000, parent=450000000000",2026-08-01T00:00:00+08:00,,
CN-451200,451200,451200000000,河池市,45,广西壮族自治区,地级市,core,2023,2023,2023,2023-01-01,,official_source_snapshot,SRC-ADMIN-DIVISION-2023,"level=2, code=451200000000, parent=450000000000",2026-08-01T00:00:00+08:00,,
CN-451300,451300,451300000000,来宾市,45,广西壮族自治区,地级市,core,2023,2023,2023,2023-01-01,,official_source_snapshot,SRC-ADMIN-DIVISION-2023,"level=2, code=451300000000, parent=450000000000",2026-08-01T00:00:00+08:00,,
CN-451400,451400,451400000000,崇左市,45,广西壮族自治区,地级市,core,2023,2023,2023,2023-01-01,,official_source_snapshot,SRC-ADMIN-DIVISION-2023,"level=2, code=451400000000, parent=450000000000",2026-08-01T00:00:00+08:00,,
CN-460100,460100,460100000000,海口市,46,海南省,地级市,core,2023,2023,2023,2023-01-01,,official_source_snapshot,SRC-ADMIN-DIVISION-2023,"level=2, code=460100000000, parent=460000000000",2026-08-01T00:00:00+08:00,,
CN-460200,460200,460200000000,三亚市,46,海南省,地级市,core,2023,2023,2023,2023-01-01,,official_source_snapshot,SRC-ADMIN-DIVISION-2023,"level=2, code=460200000000, parent=460000000000",2026-08-01T00:00:00+08:00,,
CN-460300,460300,460300000000,三沙市,46,海南省,地级市,core,2023,2023,2023,2023-01-01,,official_source_snapshot,SRC-ADMIN-DIVISION-2023,"level=2, code=460300000000, parent=460000000000",2026-08-01T00:00:00+08:00,,
CN-460400,460400,460400000000,儋州市,46,海南省,地级市,core,2023,2023,2023,2023-01-01,,official_source_snapshot,SRC-ADMIN-DIVISION-2023,"level=2, code=460400000000, parent=460000000000",2026-08-01T00:00:00+08:00,,
CN-469000,469000,469000000000,省直辖县级行政区划,46,海南省,地级市,core,2023,2023,2023,2023-01-01,,official_source_snapshot,SRC-ADMIN-DIVISION-2023,"level=2, code=469000000000, parent=460000000000",2026-08-01T00:00:00+08:00,,
CN-500000,500000,500000000000,重庆市,50,重庆市,直辖市,separate,2023,2023,2023,2023-01-01,,official_source_snapshot,SRC-ADMIN-DIVISION-2023,"level=2, code=500100000000, parent=500000000000",2026-08-01T00:00:00+08:00,,
CN-510100,510100,510100000000,成都市,51,四川省,地级市,core,2023,2023,2023,2023-01-01,,official_source_snapshot,SRC-ADMIN-DIVISION-2023,"level=2, code=510100000000, parent=510000000000",2026-08-01T00:00:00+08:00,,
CN-510300,510300,510300000000,自贡市,51,四川省,地级市,core,2023,2023,2023,2023-01-01,,official_source_snapshot,SRC-ADMIN-DIVISION-2023,"level=2, code=510300000000, parent=510000000000",2026-08-01T00:00:00+08:00,,
CN-510400,510400,510400000000,攀枝花市,51,四川省,地级市,core,2023,2023,2023,2023-01-01,,official_source_snapshot,SRC-ADMIN-DIVISION-2023,"level=2, code=510400000000, parent=510000000000",2026-08-01T00:00:00+08:00,,
CN-510500,510500,510500000000,泸州市,51,四川省,地级市,core,2023,2023,2023,2023-01-01,,official_source_snapshot,SRC-ADMIN-DIVISION-2023,"level=2, code=510500000000, parent=510000000000",2026-08-01T00:00:00+08:00,,
CN-510600,510600,510600000000,德阳市,51,四川省,地级市,core,2023,2023,2023,2023-01-01,,official_source_snapshot,SRC-ADMIN-DIVISION-2023,"level=2, code=510600000000, parent=510000000000",2026-08-01T00:00:00+08:00,,
CN-510700,510700,510700000000,绵阳市,51,四川省,地级市,core,2023,2023,2023,2023-01-01,,official_source_snapshot,SRC-ADMIN-DIVISION-2023,"level=2, code=510700000000, parent=510000000000",2026-08-01T00:00:00+08:00,,
CN-510800,510800,510800000000,广元市,51,四川省,地级市,core,2023,2023,2023,2023-01-01,,official_source_snapshot,SRC-ADMIN-DIVISION-2023,"level=2, code=510800000000, parent=510000000000",2026-08-01T00:00:00+08:00,,
CN-510900,510900,510900000000,遂宁市,51,四川省,地级市,core,2023,2023,2023,2023-01-01,,official_source_snapshot,SRC-ADMIN-DIVISION-2023,"level=2, code=510900000000, parent=510000000000",2026-08-01T00:00:00+08:00,,
CN-511000,511000,511000000000,内江市,51,四川省,地级市,core,2023,2023,2023,2023-01-01,,official_source_snapshot,SRC-ADMIN-DIVISION-2023,"level=2, code=511000000000, parent=510000000000",2026-08-01T00:00:00+08:00,,
CN-511100,511100,511100000000,乐山市,51,四川省,地级市,core,2023,2023,2023,2023-01-01,,official_source_snapshot,SRC-ADMIN-DIVISION-2023,"level=2, code=511100000000, parent=510000000000",2026-08-01T00:00:00+08:00,,
CN-511300,511300,511300000000,南充市,51,四川省,地级市,core,2023,2023,2023,2023-01-01,,official_source_snapshot,SRC-ADMIN-DIVISION-2023,"level=2, code=511300000000, parent=510000000000",2026-08-01T00:00:00+08:00,,
CN-511400,511400,511400000000,眉山市,51,四川省,地级市,core,2023,2023,2023,2023-01-01,,official_source_snapshot,SRC-ADMIN-DIVISION-2023,"level=2, code=511400000000, parent=510000000000",2026-08-01T00:00:00+08:00,,
CN-511500,511500,511500000000,宜宾市,51,四川省,地级市,core,2023,2023,2023,2023-01-01,,official_source_snapshot,SRC-ADMIN-DIVISION-2023,"level=2, code=511500000000, parent=510000000000",2026-08-01T00:00:00+08:00,,
CN-511600,511600,511600000000,广安市,51,四川省,地级市,core,2023,2023,2023,2023-01-01,,official_source_snapshot,SRC-ADMIN-DIVISION-2023,"level=2, code=511600000000, parent=510000000000",2026-08-01T00:00:00+08:00,,
CN-511700,511700,511700000000,达州市,51,四川省,地级市,core,2023,2023,2023,2023-01-01,,official_source_snapshot,SRC-ADMIN-DIVISION-2023,"level=2, code=511700000000, parent=510000000000",2026-08-01T00:00:00+08:00,,
CN-511800,511800,511800000000,雅安市,51,四川省,地级市,core,2023,2023,2023,2023-01-01,,official_source_snapshot,SRC-ADMIN-DIVISION-2023,"level=2, code=511800000000, parent=510000000000",2026-08-01T00:00:00+08:00,,
CN-511900,511900,511900000000,巴中市,51,四川省,地级市,core,2023,2023,2023,2023-01-01,,official_source_snapshot,SRC-ADMIN-DIVISION-2023,"level=2, code=511900000000, parent=510000000000",2026-08-01T00:00:00+08:00,,
CN-512000,512000,512000000000,资阳市,51,四川省,地级市,core,2023,2023,2023,2023-01-01,,official_source_snapshot,SRC-ADMIN-DIVISION-2023,"level=2, code=512000000000, parent=510000000000",2026-08-01T00:00:00+08:00,,
CN-513200,513200,513200000000,阿坝藏族羌族自治州,51,四川省,自治州,extended,2023,2023,2023,2023-01-01,,official_source_snapshot,SRC-ADMIN-DIVISION-2023,"level=2, code=513200000000, parent=510000000000",2026-08-01T00:00:00+08:00,,
CN-513300,513300,513300000000,甘孜藏族自治州,51,四川省,自治州,extended,2023,2023,2023,2023-01-01,,official_source_snapshot,SRC-ADMIN-DIVISION-2023,"level=2, code=513300000000, parent=510000000000",2026-08-01T00:00:00+08:00,,
CN-513400,513400,513400000000,凉山彝族自治州,51,四川省,自治州,extended,2023,2023,2023,2023-01-01,,official_source_snapshot,SRC-ADMIN-DIVISION-2023,"level=2, code=513400000000, parent=510000000000",2026-08-01T00:00:00+08:00,,
CN-520100,520100,520100000000,贵阳市,52,贵州省,地级市,core,2023,2023,2023,2023-01-01,,official_source_snapshot,SRC-ADMIN-DIVISION-2023,"level=2, code=520100000000, parent=520000000000",2026-08-01T00:00:00+08:00,,
CN-520200,520200,520200000000,六盘水市,52,贵州省,地级市,core,2023,2023,2023,2023-01-01,,official_source_snapshot,SRC-ADMIN-DIVISION-2023,"level=2, code=520200000000, parent=520000000000",2026-08-01T00:00:00+08:00,,
CN-520300,520300,520300000000,遵义市,52,贵州省,地级市,core,2023,2023,2023,2023-01-01,,official_source_snapshot,SRC-ADMIN-DIVISION-2023,"level=2, code=520300000000, parent=520000000000",2026-08-01T00:00:00+08:00,,
CN-520400,520400,520400000000,安顺市,52,贵州省,地级市,core,2023,2023,2023,2023-01-01,,official_source_snapshot,SRC-ADMIN-DIVISION-2023,"level=2, code=520400000000, parent=520000000000",2026-08-01T00:00:00+08:00,,
CN-520500,520500,520500000000,毕节市,52,贵州省,地级市,core,2023,2023,2023,2023-01-01,,official_source_snapshot,SRC-ADMIN-DIVISION-2023,"level=2, code=520500000000, parent=520000000000",2026-08-01T00:00:00+08:00,,
CN-520600,520600,520600000000,铜仁市,52,贵州省,地级市,core,2023,2023,2023,2023-01-01,,official_source_snapshot,SRC-ADMIN-DIVISION-2023,"level=2, code=520600000000, parent=520000000000",2026-08-01T00:00:00+08:00,,
CN-522300,522300,522300000000,黔西南布依族苗族自治州,52,贵州省,自治州,extended,2023,2023,2023,2023-01-01,,official_source_snapshot,SRC-ADMIN-DIVISION-2023,"level=2, code=522300000000, parent=520000000000",2026-08-01T00:00:00+08:00,,
CN-522600,522600,522600000000,黔东南苗族侗族自治州,52,贵州省,自治州,extended,2023,2023,2023,2023-01-01,,official_source_snapshot,SRC-ADMIN-DIVISION-2023,"level=2, code=522600000000, parent=520000000000",2026-08-01T00:00:00+08:00,,
CN-522700,522700,522700000000,黔南布依族苗族自治州,52,贵州省,自治州,extended,2023,2023,2023,2023-01-01,,official_source_snapshot,SRC-ADMIN-DIVISION-2023,"level=2, code=522700000000, parent=520000000000",2026-08-01T00:00:00+08:00,,
CN-530100,530100,530100000000,昆明市,53,云南省,地级市,core,2023,2023,2023,2023-01-01,,official_source_snapshot,SRC-ADMIN-DIVISION-2023,"level=2, code=530100000000, parent=530000000000",2026-08-01T00:00:00+08:00,,
CN-530300,530300,530300000000,曲靖市,53,云南省,地级市,core,2023,2023,2023,2023-01-01,,official_source_snapshot,SRC-ADMIN-DIVISION-2023,"level=2, code=530300000000, parent=530000000000",2026-08-01T00:00:00+08:00,,
CN-530400,530400,530400000000,玉溪市,53,云南省,地级市,core,2023,2023,2023,2023-01-01,,official_source_snapshot,SRC-ADMIN-DIVISION-2023,"level=2, code=530400000000, parent=530000000000",2026-08-01T00:00:00+08:00,,
CN-530500,530500,530500000000,保山市,53,云南省,地级市,core,2023,2023,2023,2023-01-01,,official_source_snapshot,SRC-ADMIN-DIVISION-2023,"level=2, code=530500000000, parent=530000000000",2026-08-01T00:00:00+08:00,,
CN-530600,530600,530600000000,昭通市,53,云南省,地级市,core,2023,2023,2023,2023-01-01,,official_source_snapshot,SRC-ADMIN-DIVISION-2023,"level=2, code=530600000000, parent=530000000000",2026-08-01T00:00:00+08:00,,
CN-530700,530700,530700000000,丽江市,53,云南省,地级市,core,2023,2023,2023,2023-01-01,,official_source_snapshot,SRC-ADMIN-DIVISION-2023,"level=2, code=530700000000, parent=530000000000",2026-08-01T00:00:00+08:00,,
CN-530800,530800,530800000000,普洱市,53,云南省,地级市,core,2023,2023,2023,2023-01-01,,official_source_snapshot,SRC-ADMIN-DIVISION-2023,"level=2, code=530800000000, parent=530000000000",2026-08-01T00:00:00+08:00,,
CN-530900,530900,530900000000,临沧市,53,云南省,地级市,core,2023,2023,2023,2023-01-01,,official_source_snapshot,SRC-ADMIN-DIVISION-2023,"level=2, code=530900000000, parent=530000000000",2026-08-01T00:00:00+08:00,,
CN-532300,532300,532300000000,楚雄彝族自治州,53,云南省,自治州,extended,2023,2023,2023,2023-01-01,,official_source_snapshot,SRC-ADMIN-DIVISION-2023,"level=2, code=532300000000, parent=530000000000",2026-08-01T00:00:00+08:00,,
CN-532500,532500,532500000000,红河哈尼族彝族自治州,53,云南省,自治州,extended,2023,2023,2023,2023-01-01,,official_source_snapshot,SRC-ADMIN-DIVISION-2023,"level=2, code=532500000000, parent=530000000000",2026-08-01T00:00:00+08:00,,
CN-532600,532600,532600000000,文山壮族苗族自治州,53,云南省,自治州,extended,2023,2023,2023,2023-01-01,,official_source_snapshot,SRC-ADMIN-DIVISION-2023,"level=2, code=532600000000, parent=530000000000",2026-08-01T00:00:00+08:00,,
CN-532800,532800,532800000000,西双版纳傣族自治州,53,云南省,自治州,extended,2023,2023,2023,2023-01-01,,official_source_snapshot,SRC-ADMIN-DIVISION-2023,"level=2, code=532800000000, parent=530000000000",2026-08-01T00:00:00+08:00,,
CN-532900,532900,532900000000,大理白族自治州,53,云南省,自治州,extended,2023,2023,2023,2023-01-01,,official_source_snapshot,SRC-ADMIN-DIVISION-2023,"level=2, code=532900000000, parent=530000000000",2026-08-01T00:00:00+08:00,,
CN-533100,533100,533100000000,德宏傣族景颇族自治州,53,云南省,自治州,extended,2023,2023,2023,2023-01-01,,official_source_snapshot,SRC-ADMIN-DIVISION-2023,"level=2, code=533100000000, parent=530000000000",2026-08-01T00:00:00+08:00,,
CN-533300,533300,533300000000,怒江傈僳族自治州,53,云南省,自治州,extended,2023,2023,2023,2023-01-01,,official_source_snapshot,SRC-ADMIN-DIVISION-2023,"level=2, code=533300000000, parent=530000000000",2026-08-01T00:00:00+08:00,,
CN-533400,533400,533400000000,迪庆藏族自治州,53,云南省,自治州,extended,2023,2023,2023,2023-01-01,,official_source_snapshot,SRC-ADMIN-DIVISION-2023,"level=2, code=533400000000, parent=530000000000",2026-08-01T00:00:00+08:00,,
CN-540100,540100,540100000000,拉萨市,54,西藏自治区,地级市,core,2023,2023,2023,2023-01-01,,official_source_snapshot,SRC-ADMIN-DIVISION-2023,"level=2, code=540100000000, parent=540000000000",2026-08-01T00:00:00+08:00,,
CN-540200,540200,540200000000,日喀则市,54,西藏自治区,地级市,core,2023,2023,2023,2023-01-01,,official_source_snapshot,SRC-ADMIN-DIVISION-2023,"level=2, code=540200000000, parent=540000000000",2026-08-01T00:00:00+08:00,,
CN-540300,540300,540300000000,昌都市,54,西藏自治区,地级市,core,2023,2023,2023,2023-01-01,,official_source_snapshot,SRC-ADMIN-DIVISION-2023,"level=2, code=540300000000, parent=540000000000",2026-08-01T00:00:00+08:00,,
CN-540400,540400,540400000000,林芝市,54,西藏自治区,地级市,core,2023,2023,2023,2023-01-01,,official_source_snapshot,SRC-ADMIN-DIVISION-2023,"level=2, code=540400000000, parent=540000000000",2026-08-01T00:00:00+08:00,,
CN-540500,540500,540500000000,山南市,54,西藏自治区,地级市,core,2023,2023,2023,2023-01-01,,official_source_snapshot,SRC-ADMIN-DIVISION-2023,"level=2, code=540500000000, parent=540000000000",2026-08-01T00:00:00+08:00,,
CN-540600,540600,540600000000,那曲市,54,西藏自治区,地级市,core,2023,2023,2023,2023-01-01,,official_source_snapshot,SRC-ADMIN-DIVISION-2023,"level=2, code=540600000000, parent=540000000000",2026-08-01T00:00:00+08:00,,
CN-542500,542500,542500000000,阿里地区,54,西藏自治区,地区,extended,2023,2023,2023,2023-01-01,,official_source_snapshot,SRC-ADMIN-DIVISION-2023,"level=2, code=542500000000, parent=540000000000",2026-08-01T00:00:00+08:00,,
CN-610100,610100,610100000000,西安市,61,陕西省,地级市,core,2023,2023,2023,2023-01-01,,official_source_snapshot,SRC-ADMIN-DIVISION-2023,"level=2, code=610100000000, parent=610000000000",2026-08-01T00:00:00+08:00,,
CN-610200,610200,610200000000,铜川市,61,陕西省,地级市,core,2023,2023,2023,2023-01-01,,official_source_snapshot,SRC-ADMIN-DIVISION-2023,"level=2, code=610200000000, parent=610000000000",2026-08-01T00:00:00+08:00,,
CN-610300,610300,610300000000,宝鸡市,61,陕西省,地级市,core,2023,2023,2023,2023-01-01,,official_source_snapshot,SRC-ADMIN-DIVISION-2023,"level=2, code=610300000000, parent=610000000000",2026-08-01T00:00:00+08:00,,
CN-610400,610400,610400000000,咸阳市,61,陕西省,地级市,core,2023,2023,2023,2023-01-01,,official_source_snapshot,SRC-ADMIN-DIVISION-2023,"level=2, code=610400000000, parent=610000000000",2026-08-01T00:00:00+08:00,,
CN-610500,610500,610500000000,渭南市,61,陕西省,地级市,core,2023,2023,2023,2023-01-01,,official_source_snapshot,SRC-ADMIN-DIVISION-2023,"level=2, code=610500000000, parent=610000000000",2026-08-01T00:00:00+08:00,,
CN-610600,610600,610600000000,延安市,61,陕西省,地级市,core,2023,2023,2023,2023-01-01,,official_source_snapshot,SRC-ADMIN-DIVISION-2023,"level=2, code=610600000000, parent=610000000000",2026-08-01T00:00:00+08:00,,
CN-610700,610700,610700000000,汉中市,61,陕西省,地级市,core,2023,2023,2023,2023-01-01,,official_source_snapshot,SRC-ADMIN-DIVISION-2023,"level=2, code=610700000000, parent=610000000000",2026-08-01T00:00:00+08:00,,
CN-610800,610800,610800000000,榆林市,61,陕西省,地级市,core,2023,2023,2023,2023-01-01,,official_source_snapshot,SRC-ADMIN-DIVISION-2023,"level=2, code=610800000000, parent=610000000000",2026-08-01T00:00:00+08:00,,
CN-610900,610900,610900000000,安康市,61,陕西省,地级市,core,2023,2023,2023,2023-01-01,,official_source_snapshot,SRC-ADMIN-DIVISION-2023,"level=2, code=610900000000, parent=610000000000",2026-08-01T00:00:00+08:00,,
CN-611000,611000,611000000000,商洛市,61,陕西省,地级市,core,2023,2023,2023,2023-01-01,,official_source_snapshot,SRC-ADMIN-DIVISION-2023,"level=2, code=611000000000, parent=610000000000",2026-08-01T00:00:00+08:00,,
CN-620100,620100,620100000000,兰州市,62,甘肃省,地级市,core,2023,2023,2023,2023-01-01,,official_source_snapshot,SRC-ADMIN-DIVISION-2023,"level=2, code=620100000000, parent=620000000000",2026-08-01T00:00:00+08:00,,
CN-620200,620200,620200000000,嘉峪关市,62,甘肃省,地级市,core,2023,2023,2023,2023-01-01,,official_source_snapshot,SRC-ADMIN-DIVISION-2023,"level=2, code=620200000000, parent=620000000000",2026-08-01T00:00:00+08:00,,
CN-620300,620300,620300000000,金昌市,62,甘肃省,地级市,core,2023,2023,2023,2023-01-01,,official_source_snapshot,SRC-ADMIN-DIVISION-2023,"level=2, code=620300000000, parent=620000000000",2026-08-01T00:00:00+08:00,,
CN-620400,620400,620400000000,白银市,62,甘肃省,地级市,core,2023,2023,2023,2023-01-01,,official_source_snapshot,SRC-ADMIN-DIVISION-2023,"level=2, code=620400000000, parent=620000000000",2026-08-01T00:00:00+08:00,,
CN-620500,620500,620500000000,天水市,62,甘肃省,地级市,core,2023,2023,2023,2023-01-01,,official_source_snapshot,SRC-ADMIN-DIVISION-2023,"level=2, code=620500000000, parent=620000000000",2026-08-01T00:00:00+08:00,,
CN-620600,620600,620600000000,武威市,62,甘肃省,地级市,core,2023,2023,2023,2023-01-01,,official_source_snapshot,SRC-ADMIN-DIVISION-2023,"level=2, code=620600000000, parent=620000000000",2026-08-01T00:00:00+08:00,,
CN-620700,620700,620700000000,张掖市,62,甘肃省,地级市,core,2023,2023,2023,2023-01-01,,official_source_snapshot,SRC-ADMIN-DIVISION-2023,"level=2, code=620700000000, parent=620000000000",2026-08-01T00:00:00+08:00,,
CN-620800,620800,620800000000,平凉市,62,甘肃省,地级市,core,2023,2023,2023,2023-01-01,,official_source_snapshot,SRC-ADMIN-DIVISION-2023,"level=2, code=620800000000, parent=620000000000",2026-08-01T00:00:00+08:00,,
CN-620900,620900,620900000000,酒泉市,62,甘肃省,地级市,core,2023,2023,2023,2023-01-01,,official_source_snapshot,SRC-ADMIN-DIVISION-2023,"level=2, code=620900000000, parent=620000000000",2026-08-01T00:00:00+08:00,,
CN-621000,621000,621000000000,庆阳市,62,甘肃省,地级市,core,2023,2023,2023,2023-01-01,,official_source_snapshot,SRC-ADMIN-DIVISION-2023,"level=2, code=621000000000, parent=620000000000",2026-08-01T00:00:00+08:00,,
CN-621100,621100,621100000000,定西市,62,甘肃省,地级市,core,2023,2023,2023,2023-01-01,,official_source_snapshot,SRC-ADMIN-DIVISION-2023,"level=2, code=621100000000, parent=620000000000",2026-08-01T00:00:00+08:00,,
CN-621200,621200,621200000000,陇南市,62,甘肃省,地级市,core,2023,2023,2023,2023-01-01,,official_source_snapshot,SRC-ADMIN-DIVISION-2023,"level=2, code=621200000000, parent=620000000000",2026-08-01T00:00:00+08:00,,
CN-622900,622900,622900000000,临夏回族自治州,62,甘肃省,自治州,extended,2023,2023,2023,2023-01-01,,official_source_snapshot,SRC-ADMIN-DIVISION-2023,"level=2, code=622900000000, parent=620000000000",2026-08-01T00:00:00+08:00,,
CN-623000,623000,623000000000,甘南藏族自治州,62,甘肃省,自治州,extended,2023,2023,2023,2023-01-01,,official_source_snapshot,SRC-ADMIN-DIVISION-2023,"level=2, code=623000000000, parent=620000000000",2026-08-01T00:00:00+08:00,,
CN-630100,630100,630100000000,西宁市,63,青海省,地级市,core,2023,2023,2023,2023-01-01,,official_source_snapshot,SRC-ADMIN-DIVISION-2023,"level=2, code=630100000000, parent=630000000000",2026-08-01T00:00:00+08:00,,
CN-630200,630200,630200000000,海东市,63,青海省,地级市,core,2023,2023,2023,2023-01-01,,official_source_snapshot,SRC-ADMIN-DIVISION-2023,"level=2, code=630200000000, parent=630000000000",2026-08-01T00:00:00+08:00,,
CN-632200,632200,632200000000,海北藏族自治州,63,青海省,自治州,extended,2023,2023,2023,2023-01-01,,official_source_snapshot,SRC-ADMIN-DIVISION-2023,"level=2, code=632200000000, parent=630000000000",2026-08-01T00:00:00+08:00,,
CN-632300,632300,632300000000,黄南藏族自治州,63,青海省,自治州,extended,2023,2023,2023,2023-01-01,,official_source_snapshot,SRC-ADMIN-DIVISION-2023,"level=2, code=632300000000, parent=630000000000",2026-08-01T00:00:00+08:00,,
CN-632500,632500,632500000000,海南藏族自治州,63,青海省,自治州,extended,2023,2023,2023,2023-01-01,,official_source_snapshot,SRC-ADMIN-DIVISION-2023,"level=2, code=632500000000, parent=630000000000",2026-08-01T00:00:00+08:00,,
CN-632600,632600,632600000000,果洛藏族自治州,63,青海省,自治州,extended,2023,2023,2023,2023-01-01,,official_source_snapshot,SRC-ADMIN-DIVISION-2023,"level=2, code=632600000000, parent=630000000000",2026-08-01T00:00:00+08:00,,
CN-632700,632700,632700000000,玉树藏族自治州,63,青海省,自治州,extended,2023,2023,2023,2023-01-01,,official_source_snapshot,SRC-ADMIN-DIVISION-2023,"level=2, code=632700000000, parent=630000000000",2026-08-01T00:00:00+08:00,,
CN-632800,632800,632800000000,海西蒙古族藏族自治州,63,青海省,自治州,extended,2023,2023,2023,2023-01-01,,official_source_snapshot,SRC-ADMIN-DIVISION-2023,"level=2, code=632800000000, parent=630000000000",2026-08-01T00:00:00+08:00,,
CN-640100,640100,640100000000,银川市,64,宁夏回族自治区,地级市,core,2023,2023,2023,2023-01-01,,official_source_snapshot,SRC-ADMIN-DIVISION-2023,"level=2, code=640100000000, parent=640000000000",2026-08-01T00:00:00+08:00,,
CN-640200,640200,640200000000,石嘴山市,64,宁夏回族自治区,地级市,core,2023,2023,2023,2023-01-01,,official_source_snapshot,SRC-ADMIN-DIVISION-2023,"level=2, code=640200000000, parent=640000000000",2026-08-01T00:00:00+08:00,,
CN-640300,640300,640300000000,吴忠市,64,宁夏回族自治区,地级市,core,2023,2023,2023,2023-01-01,,official_source_snapshot,SRC-ADMIN-DIVISION-2023,"level=2, code=640300000000, parent=640000000000",2026-08-01T00:00:00+08:00,,
CN-640400,640400,640400000000,固原市,64,宁夏回族自治区,地级市,core,2023,2023,2023,2023-01-01,,official_source_snapshot,SRC-ADMIN-DIVISION-2023,"level=2, code=640400000000, parent=640000000000",2026-08-01T00:00:00+08:00,,
CN-640500,640500,640500000000,中卫市,64,宁夏回族自治区,地级市,core,2023,2023,2023,2023-01-01,,official_source_snapshot,SRC-ADMIN-DIVISION-2023,"level=2, code=640500000000, parent=640000000000",2026-08-01T00:00:00+08:00,,
CN-650100,650100,650100000000,乌鲁木齐市,65,新疆维吾尔自治区,地级市,core,2023,2023,2023,2023-01-01,,official_source_snapshot,SRC-ADMIN-DIVISION-2023,"level=2, code=650100000000, parent=650000000000",2026-08-01T00:00:00+08:00,,
CN-650200,650200,650200000000,克拉玛依市,65,新疆维吾尔自治区,地级市,core,2023,2023,2023,2023-01-01,,official_source_snapshot,SRC-ADMIN-DIVISION-2023,"level=2, code=650200000000, parent=650000000000",2026-08-01T00:00:00+08:00,,
CN-650400,650400,650400000000,吐鲁番市,65,新疆维吾尔自治区,地级市,core,2023,2023,2023,2023-01-01,,official_source_snapshot,SRC-ADMIN-DIVISION-2023,"level=2, code=650400000000, parent=650000000000",2026-08-01T00:00:00+08:00,,
CN-650500,650500,650500000000,哈密市,65,新疆维吾尔自治区,地级市,core,2023,2023,2023,2023-01-01,,official_source_snapshot,SRC-ADMIN-DIVISION-2023,"level=2, code=650500000000, parent=650000000000",2026-08-01T00:00:00+08:00,,
CN-652300,652300,652300000000,昌吉回族自治州,65,新疆维吾尔自治区,自治州,extended,2023,2023,2023,2023-01-01,,official_source_snapshot,SRC-ADMIN-DIVISION-2023,"level=2, code=652300000000, parent=650000000000",2026-08-01T00:00:00+08:00,,
CN-652700,652700,652700000000,博尔塔拉蒙古自治州,65,新疆维吾尔自治区,自治州,extended,2023,2023,2023,2023-01-01,,official_source_snapshot,SRC-ADMIN-DIVISION-2023,"level=2, code=652700000000, parent=650000000000",2026-08-01T00:00:00+08:00,,
CN-652800,652800,652800000000,巴音郭楞蒙古自治州,65,新疆维吾尔自治区,自治州,extended,2023,2023,2023,2023-01-01,,official_source_snapshot,SRC-ADMIN-DIVISION-2023,"level=2, code=652800000000, parent=650000000000",2026-08-01T00:00:00+08:00,,
CN-652900,652900,652900000000,阿克苏地区,65,新疆维吾尔自治区,地区,extended,2023,2023,2023,2023-01-01,,official_source_snapshot,SRC-ADMIN-DIVISION-2023,"level=2, code=652900000000, parent=650000000000",2026-08-01T00:00:00+08:00,,
CN-653000,653000,653000000000,克孜勒苏柯尔克孜自治州,65,新疆维吾尔自治区,自治州,extended,2023,2023,2023,2023-01-01,,official_source_snapshot,SRC-ADMIN-DIVISION-2023,"level=2, code=653000000000, parent=650000000000",2026-08-01T00:00:00+08:00,,
CN-653100,653100,653100000000,喀什地区,65,新疆维吾尔自治区,地区,extended,2023,2023,2023,2023-01-01,,official_source_snapshot,SRC-ADMIN-DIVISION-2023,"level=2, code=653100000000, parent=650000000000",2026-08-01T00:00:00+08:00,,
CN-653200,653200,653200000000,和田地区,65,新疆维吾尔自治区,地区,extended,2023,2023,2023,2023-01-01,,official_source_snapshot,SRC-ADMIN-DIVISION-2023,"level=2, code=653200000000, parent=650000000000",2026-08-01T00:00:00+08:00,,
CN-654000,654000,654000000000,伊犁哈萨克自治州,65,新疆维吾尔自治区,自治州,extended,2023,2023,2023,2023-01-01,,official_source_snapshot,SRC-ADMIN-DIVISION-2023,"level=2, code=654000000000, parent=650000000000",2026-08-01T00:00:00+08:00,,
CN-654200,654200,654200000000,塔城地区,65,新疆维吾尔自治区,地区,extended,2023,2023,2023,2023-01-01,,official_source_snapshot,SRC-ADMIN-DIVISION-2023,"level=2, code=654200000000, parent=650000000000",2026-08-01T00:00:00+08:00,,
CN-654300,654300,654300000000,阿勒泰地区,65,新疆维吾尔自治区,地区,extended,2023,2023,2023,2023-01-01,,official_source_snapshot,SRC-ADMIN-DIVISION-2023,"level=2, code=654300000000, parent=650000000000",2026-08-01T00:00:00+08:00,,
CN-659000,659000,659000000000,自治区直辖县级行政区划,65,新疆维吾尔自治区,地级市,core,2023,2023,2023,2023-01-01,,official_source_snapshot,SRC-ADMIN-DIVISION-2023,"level=2, code=659000000000, parent=650000000000",2026-08-01T00:00:00+08:00,,
CN-110000,110000,110000000000,北京市,11,北京市,直辖市,separate,2024,2024,2024,2024-01-01,,official_source_snapshot,SRC-ADMIN-DIVISION-2024,"level=2, code=110100000000, parent=110000000000",2026-08-01T00:00:00+08:00,,
CN-120000,120000,120000000000,天津市,12,天津市,直辖市,separate,2024,2024,2024,2024-01-01,,official_source_snapshot,SRC-ADMIN-DIVISION-2024,"level=2, code=120100000000, parent=120000000000",2026-08-01T00:00:00+08:00,,
CN-130100,130100,130100000000,石家庄市,13,河北省,地级市,core,2024,2024,2024,2024-01-01,,official_source_snapshot,SRC-ADMIN-DIVISION-2024,"level=2, code=130100000000, parent=130000000000",2026-08-01T00:00:00+08:00,,
CN-130200,130200,130200000000,唐山市,13,河北省,地级市,core,2024,2024,2024,2024-01-01,,official_source_snapshot,SRC-ADMIN-DIVISION-2024,"level=2, code=130200000000, parent=130000000000",2026-08-01T00:00:00+08:00,,
CN-130300,130300,130300000000,秦皇岛市,13,河北省,地级市,core,2024,2024,2024,2024-01-01,,official_source_snapshot,SRC-ADMIN-DIVISION-2024,"level=2, code=130300000000, parent=130000000000",2026-08-01T00:00:00+08:00,,
CN-130400,130400,130400000000,邯郸市,13,河北省,地级市,core,2024,2024,2024,2024-01-01,,official_source_snapshot,SRC-ADMIN-DIVISION-2024,"level=2, code=130400000000, parent=130000000000",2026-08-01T00:00:00+08:00,,
CN-130500,130500,130500000000,邢台市,13,河北省,地级市,core,2024,2024,2024,2024-01-01,,official_source_snapshot,SRC-ADMIN-DIVISION-2024,"level=2, code=130500000000, parent=130000000000",2026-08-01T00:00:00+08:00,,
CN-130600,130600,130600000000,保定市,13,河北省,地级市,core,2024,2024,2024,2024-01-01,,official_source_snapshot,SRC-ADMIN-DIVISION-2024,"level=2, code=130600000000, parent=130000000000",2026-08-01T00:00:00+08:00,,
CN-130700,130700,130700000000,张家口市,13,河北省,地级市,core,2024,2024,2024,2024-01-01,,official_source_snapshot,SRC-ADMIN-DIVISION-2024,"level=2, code=130700000000, parent=130000000000",2026-08-01T00:00:00+08:00,,
CN-130800,130800,130800000000,承德市,13,河北省,地级市,core,2024,2024,2024,2024-01-01,,official_source_snapshot,SRC-ADMIN-DIVISION-2024,"level=2, code=130800000000, parent=130000000000",2026-08-01T00:00:00+08:00,,
CN-130900,130900,130900000000,沧州市,13,河北省,地级市,core,2024,2024,2024,2024-01-01,,official_source_snapshot,SRC-ADMIN-DIVISION-2024,"level=2, code=130900000000, parent=130000000000",2026-08-01T00:00:00+08:00,,
CN-131000,131000,131000000000,廊坊市,13,河北省,地级市,core,2024,2024,2024,2024-01-01,,official_source_snapshot,SRC-ADMIN-DIVISION-2024,"level=2, code=131000000000, parent=130000000000",2026-08-01T00:00:00+08:00,,
CN-131100,131100,131100000000,衡水市,13,河北省,地级市,core,2024,2024,2024,2024-01-01,,official_source_snapshot,SRC-ADMIN-DIVISION-2024,"level=2, code=131100000000, parent=130000000000",2026-08-01T00:00:00+08:00,,
CN-133100,133100,133100000000,雄安新区,13,河北省,地级市,core,2024,2024,2024,2024-01-01,,official_source_snapshot,SRC-ADMIN-DIVISION-2024,"level=2, code=133100000000, parent=130000000000",2026-08-01T00:00:00+08:00,,
CN-140100,140100,140100000000,太原市,14,山西省,地级市,core,2024,2024,2024,2024-01-01,,official_source_snapshot,SRC-ADMIN-DIVISION-2024,"level=2, code=140100000000, parent=140000000000",2026-08-01T00:00:00+08:00,,
CN-140200,140200,140200000000,大同市,14,山西省,地级市,core,2024,2024,2024,2024-01-01,,official_source_snapshot,SRC-ADMIN-DIVISION-2024,"level=2, code=140200000000, parent=140000000000",2026-08-01T00:00:00+08:00,,
CN-140300,140300,140300000000,阳泉市,14,山西省,地级市,core,2024,2024,2024,2024-01-01,,official_source_snapshot,SRC-ADMIN-DIVISION-2024,"level=2, code=140300000000, parent=140000000000",2026-08-01T00:00:00+08:00,,
CN-140400,140400,140400000000,长治市,14,山西省,地级市,core,2024,2024,2024,2024-01-01,,official_source_snapshot,SRC-ADMIN-DIVISION-2024,"level=2, code=140400000000, parent=140000000000",2026-08-01T00:00:00+08:00,,
CN-140500,140500,140500000000,晋城市,14,山西省,地级市,core,2024,2024,2024,2024-01-01,,official_source_snapshot,SRC-ADMIN-DIVISION-2024,"level=2, code=140500000000, parent=140000000000",2026-08-01T00:00:00+08:00,,
CN-140600,140600,140600000000,朔州市,14,山西省,地级市,core,2024,2024,2024,2024-01-01,,official_source_snapshot,SRC-ADMIN-DIVISION-2024,"level=2, code=140600000000, parent=140000000000",2026-08-01T00:00:00+08:00,,
CN-140700,140700,140700000000,晋中市,14,山西省,地级市,core,2024,2024,2024,2024-01-01,,official_source_snapshot,SRC-ADMIN-DIVISION-2024,"level=2, code=140700000000, parent=140000000000",2026-08-01T00:00:00+08:00,,
CN-140800,140800,140800000000,运城市,14,山西省,地级市,core,2024,2024,2024,2024-01-01,,official_source_snapshot,SRC-ADMIN-DIVISION-2024,"level=2, code=140800000000, parent=140000000000",2026-08-01T00:00:00+08:00,,
CN-140900,140900,140900000000,忻州市,14,山西省,地级市,core,2024,2024,2024,2024-01-01,,official_source_snapshot,SRC-ADMIN-DIVISION-2024,"level=2, code=140900000000, parent=140000000000",2026-08-01T00:00:00+08:00,,
CN-141000,141000,141000000000,临汾市,14,山西省,地级市,core,2024,2024,2024,2024-01-01,,official_source_snapshot,SRC-ADMIN-DIVISION-2024,"level=2, code=141000000000, parent=140000000000",2026-08-01T00:00:00+08:00,,
CN-141100,141100,141100000000,吕梁市,14,山西省,地级市,core,2024,2024,2024,2024-01-01,,official_source_snapshot,SRC-ADMIN-DIVISION-2024,"level=2, code=141100000000, parent=140000000000",2026-08-01T00:00:00+08:00,,
CN-150100,150100,150100000000,呼和浩特市,15,内蒙古自治区,地级市,core,2024,2024,2024,2024-01-01,,official_source_snapshot,SRC-ADMIN-DIVISION-2024,"level=2, code=150100000000, parent=150000000000",2026-08-01T00:00:00+08:00,,
CN-150200,150200,150200000000,包头市,15,内蒙古自治区,地级市,core,2024,2024,2024,2024-01-01,,official_source_snapshot,SRC-ADMIN-DIVISION-2024,"level=2, code=150200000000, parent=150000000000",2026-08-01T00:00:00+08:00,,
CN-150300,150300,150300000000,乌海市,15,内蒙古自治区,地级市,core,2024,2024,2024,2024-01-01,,official_source_snapshot,SRC-ADMIN-DIVISION-2024,"level=2, code=150300000000, parent=150000000000",2026-08-01T00:00:00+08:00,,
CN-150400,150400,150400000000,赤峰市,15,内蒙古自治区,地级市,core,2024,2024,2024,2024-01-01,,official_source_snapshot,SRC-ADMIN-DIVISION-2024,"level=2, code=150400000000, parent=150000000000",2026-08-01T00:00:00+08:00,,
CN-150500,150500,150500000000,通辽市,15,内蒙古自治区,地级市,core,2024,2024,2024,2024-01-01,,official_source_snapshot,SRC-ADMIN-DIVISION-2024,"level=2, code=150500000000, parent=150000000000",2026-08-01T00:00:00+08:00,,
CN-150600,150600,150600000000,鄂尔多斯市,15,内蒙古自治区,地级市,core,2024,2024,2024,2024-01-01,,official_source_snapshot,SRC-ADMIN-DIVISION-2024,"level=2, code=150600000000, parent=150000000000",2026-08-01T00:00:00+08:00,,
CN-150700,150700,150700000000,呼伦贝尔市,15,内蒙古自治区,地级市,core,2024,2024,2024,2024-01-01,,official_source_snapshot,SRC-ADMIN-DIVISION-2024,"level=2, code=150700000000, parent=150000000000",2026-08-01T00:00:00+08:00,,
CN-150800,150800,150800000000,巴彦淖尔市,15,内蒙古自治区,地级市,core,2024,2024,2024,2024-01-01,,official_source_snapshot,SRC-ADMIN-DIVISION-2024,"level=2, code=150800000000, parent=150000000000",2026-08-01T00:00:00+08:00,,
CN-150900,150900,150900000000,乌兰察布市,15,内蒙古自治区,地级市,core,2024,2024,2024,2024-01-01,,official_source_snapshot,SRC-ADMIN-DIVISION-2024,"level=2, code=150900000000, parent=150000000000",2026-08-01T00:00:00+08:00,,
CN-152200,152200,152200000000,兴安盟,15,内蒙古自治区,盟,extended,2024,2024,2024,2024-01-01,,official_source_snapshot,SRC-ADMIN-DIVISION-2024,"level=2, code=152200000000, parent=150000000000",2026-08-01T00:00:00+08:00,,
CN-152500,152500,152500000000,锡林郭勒盟,15,内蒙古自治区,盟,extended,2024,2024,2024,2024-01-01,,official_source_snapshot,SRC-ADMIN-DIVISION-2024,"level=2, code=152500000000, parent=150000000000",2026-08-01T00:00:00+08:00,,
CN-152900,152900,152900000000,阿拉善盟,15,内蒙古自治区,盟,extended,2024,2024,2024,2024-01-01,,official_source_snapshot,SRC-ADMIN-DIVISION-2024,"level=2, code=152900000000, parent=150000000000",2026-08-01T00:00:00+08:00,,
CN-210100,210100,210100000000,沈阳市,21,辽宁省,地级市,core,2024,2024,2024,2024-01-01,,official_source_snapshot,SRC-ADMIN-DIVISION-2024,"level=2, code=210100000000, parent=210000000000",2026-08-01T00:00:00+08:00,,
CN-210200,210200,210200000000,大连市,21,辽宁省,地级市,core,2024,2024,2024,2024-01-01,,official_source_snapshot,SRC-ADMIN-DIVISION-2024,"level=2, code=210200000000, parent=210000000000",2026-08-01T00:00:00+08:00,,
CN-210300,210300,210300000000,鞍山市,21,辽宁省,地级市,core,2024,2024,2024,2024-01-01,,official_source_snapshot,SRC-ADMIN-DIVISION-2024,"level=2, code=210300000000, parent=210000000000",2026-08-01T00:00:00+08:00,,
CN-210400,210400,210400000000,抚顺市,21,辽宁省,地级市,core,2024,2024,2024,2024-01-01,,official_source_snapshot,SRC-ADMIN-DIVISION-2024,"level=2, code=210400000000, parent=210000000000",2026-08-01T00:00:00+08:00,,
CN-210500,210500,210500000000,本溪市,21,辽宁省,地级市,core,2024,2024,2024,2024-01-01,,official_source_snapshot,SRC-ADMIN-DIVISION-2024,"level=2, code=210500000000, parent=210000000000",2026-08-01T00:00:00+08:00,,
CN-210600,210600,210600000000,丹东市,21,辽宁省,地级市,core,2024,2024,2024,2024-01-01,,official_source_snapshot,SRC-ADMIN-DIVISION-2024,"level=2, code=210600000000, parent=210000000000",2026-08-01T00:00:00+08:00,,
CN-210700,210700,210700000000,锦州市,21,辽宁省,地级市,core,2024,2024,2024,2024-01-01,,official_source_snapshot,SRC-ADMIN-DIVISION-2024,"level=2, code=210700000000, parent=210000000000",2026-08-01T00:00:00+08:00,,
CN-210800,210800,210800000000,营口市,21,辽宁省,地级市,core,2024,2024,2024,2024-01-01,,official_source_snapshot,SRC-ADMIN-DIVISION-2024,"level=2, code=210800000000, parent=210000000000",2026-08-01T00:00:00+08:00,,
CN-210900,210900,210900000000,阜新市,21,辽宁省,地级市,core,2024,2024,2024,2024-01-01,,official_source_snapshot,SRC-ADMIN-DIVISION-2024,"level=2, code=210900000000, parent=210000000000",2026-08-01T00:00:00+08:00,,
CN-211000,211000,211000000000,辽阳市,21,辽宁省,地级市,core,2024,2024,2024,2024-01-01,,official_source_snapshot,SRC-ADMIN-DIVISION-2024,"level=2, code=211000000000, parent=210000000000",2026-08-01T00:00:00+08:00,,
CN-211100,211100,211100000000,盘锦市,21,辽宁省,地级市,core,2024,2024,2024,2024-01-01,,official_source_snapshot,SRC-ADMIN-DIVISION-2024,"level=2, code=211100000000, parent=210000000000",2026-08-01T00:00:00+08:00,,
CN-211200,211200,211200000000,铁岭市,21,辽宁省,地级市,core,2024,2024,2024,2024-01-01,,official_source_snapshot,SRC-ADMIN-DIVISION-2024,"level=2, code=211200000000, parent=210000000000",2026-08-01T00:00:00+08:00,,
CN-211300,211300,211300000000,朝阳市,21,辽宁省,地级市,core,2024,2024,2024,2024-01-01,,official_source_snapshot,SRC-ADMIN-DIVISION-2024,"level=2, code=211300000000, parent=210000000000",2026-08-01T00:00:00+08:00,,
CN-211400,211400,211400000000,葫芦岛市,21,辽宁省,地级市,core,2024,2024,2024,2024-01-01,,official_source_snapshot,SRC-ADMIN-DIVISION-2024,"level=2, code=211400000000, parent=210000000000",2026-08-01T00:00:00+08:00,,
CN-220100,220100,220100000000,长春市,22,吉林省,地级市,core,2024,2024,2024,2024-01-01,,official_source_snapshot,SRC-ADMIN-DIVISION-2024,"level=2, code=220100000000, parent=220000000000",2026-08-01T00:00:00+08:00,,
CN-220200,220200,220200000000,吉林市,22,吉林省,地级市,core,2024,2024,2024,2024-01-01,,official_source_snapshot,SRC-ADMIN-DIVISION-2024,"level=2, code=220200000000, parent=220000000000",2026-08-01T00:00:00+08:00,,
CN-220300,220300,220300000000,四平市,22,吉林省,地级市,core,2024,2024,2024,2024-01-01,,official_source_snapshot,SRC-ADMIN-DIVISION-2024,"level=2, code=220300000000, parent=220000000000",2026-08-01T00:00:00+08:00,,
CN-220400,220400,220400000000,辽源市,22,吉林省,地级市,core,2024,2024,2024,2024-01-01,,official_source_snapshot,SRC-ADMIN-DIVISION-2024,"level=2, code=220400000000, parent=220000000000",2026-08-01T00:00:00+08:00,,
CN-220500,220500,220500000000,通化市,22,吉林省,地级市,core,2024,2024,2024,2024-01-01,,official_source_snapshot,SRC-ADMIN-DIVISION-2024,"level=2, code=220500000000, parent=220000000000",2026-08-01T00:00:00+08:00,,
CN-220600,220600,220600000000,白山市,22,吉林省,地级市,core,2024,2024,2024,2024-01-01,,official_source_snapshot,SRC-ADMIN-DIVISION-2024,"level=2, code=220600000000, parent=220000000000",2026-08-01T00:00:00+08:00,,
CN-220700,220700,220700000000,松原市,22,吉林省,地级市,core,2024,2024,2024,2024-01-01,,official_source_snapshot,SRC-ADMIN-DIVISION-2024,"level=2, code=220700000000, parent=220000000000",2026-08-01T00:00:00+08:00,,
CN-220800,220800,220800000000,白城市,22,吉林省,地级市,core,2024,2024,2024,2024-01-01,,official_source_snapshot,SRC-ADMIN-DIVISION-2024,"level=2, code=220800000000, parent=220000000000",2026-08-01T00:00:00+08:00,,
CN-222400,222400,222400000000,延边朝鲜族自治州,22,吉林省,自治州,extended,2024,2024,2024,2024-01-01,,official_source_snapshot,SRC-ADMIN-DIVISION-2024,"level=2, code=222400000000, parent=220000000000",2026-08-01T00:00:00+08:00,,
CN-230100,230100,230100000000,哈尔滨市,23,黑龙江省,地级市,core,2024,2024,2024,2024-01-01,,official_source_snapshot,SRC-ADMIN-DIVISION-2024,"level=2, code=230100000000, parent=230000000000",2026-08-01T00:00:00+08:00,,
CN-230200,230200,230200000000,齐齐哈尔市,23,黑龙江省,地级市,core,2024,2024,2024,2024-01-01,,official_source_snapshot,SRC-ADMIN-DIVISION-2024,"level=2, code=230200000000, parent=230000000000",2026-08-01T00:00:00+08:00,,
CN-230300,230300,230300000000,鸡西市,23,黑龙江省,地级市,core,2024,2024,2024,2024-01-01,,official_source_snapshot,SRC-ADMIN-DIVISION-2024,"level=2, code=230300000000, parent=230000000000",2026-08-01T00:00:00+08:00,,
CN-230400,230400,230400000000,鹤岗市,23,黑龙江省,地级市,core,2024,2024,2024,2024-01-01,,official_source_snapshot,SRC-ADMIN-DIVISION-2024,"level=2, code=230400000000, parent=230000000000",2026-08-01T00:00:00+08:00,,
CN-230500,230500,230500000000,双鸭山市,23,黑龙江省,地级市,core,2024,2024,2024,2024-01-01,,official_source_snapshot,SRC-ADMIN-DIVISION-2024,"level=2, code=230500000000, parent=230000000000",2026-08-01T00:00:00+08:00,,
CN-230600,230600,230600000000,大庆市,23,黑龙江省,地级市,core,2024,2024,2024,2024-01-01,,official_source_snapshot,SRC-ADMIN-DIVISION-2024,"level=2, code=230600000000, parent=230000000000",2026-08-01T00:00:00+08:00,,
CN-230700,230700,230700000000,伊春市,23,黑龙江省,地级市,core,2024,2024,2024,2024-01-01,,official_source_snapshot,SRC-ADMIN-DIVISION-2024,"level=2, code=230700000000, parent=230000000000",2026-08-01T00:00:00+08:00,,
CN-230800,230800,230800000000,佳木斯市,23,黑龙江省,地级市,core,2024,2024,2024,2024-01-01,,official_source_snapshot,SRC-ADMIN-DIVISION-2024,"level=2, code=230800000000, parent=230000000000",2026-08-01T00:00:00+08:00,,
CN-230900,230900,230900000000,七台河市,23,黑龙江省,地级市,core,2024,2024,2024,2024-01-01,,official_source_snapshot,SRC-ADMIN-DIVISION-2024,"level=2, code=230900000000, parent=230000000000",2026-08-01T00:00:00+08:00,,
CN-231000,231000,231000000000,牡丹江市,23,黑龙江省,地级市,core,2024,2024,2024,2024-01-01,,official_source_snapshot,SRC-ADMIN-DIVISION-2024,"level=2, code=231000000000, parent=230000000000",2026-08-01T00:00:00+08:00,,
CN-231100,231100,231100000000,黑河市,23,黑龙江省,地级市,core,2024,2024,2024,2024-01-01,,official_source_snapshot,SRC-ADMIN-DIVISION-2024,"level=2, code=231100000000, parent=230000000000",2026-08-01T00:00:00+08:00,,
CN-231200,231200,231200000000,绥化市,23,黑龙江省,地级市,core,2024,2024,2024,2024-01-01,,official_source_snapshot,SRC-ADMIN-DIVISION-2024,"level=2, code=231200000000, parent=230000000000",2026-08-01T00:00:00+08:00,,
CN-232700,232700,232700000000,大兴安岭地区,23,黑龙江省,地区,extended,2024,2024,2024,2024-01-01,,official_source_snapshot,SRC-ADMIN-DIVISION-2024,"level=2, code=232700000000, parent=230000000000",2026-08-01T00:00:00+08:00,,
CN-310000,310000,310000000000,上海市,31,上海市,直辖市,separate,2024,2024,2024,2024-01-01,,official_source_snapshot,SRC-ADMIN-DIVISION-2024,"level=2, code=310100000000, parent=310000000000",2026-08-01T00:00:00+08:00,,
CN-320100,320100,320100000000,南京市,32,江苏省,地级市,core,2024,2024,2024,2024-01-01,,official_source_snapshot,SRC-ADMIN-DIVISION-2024,"level=2, code=320100000000, parent=320000000000",2026-08-01T00:00:00+08:00,,
CN-320200,320200,320200000000,无锡市,32,江苏省,地级市,core,2024,2024,2024,2024-01-01,,official_source_snapshot,SRC-ADMIN-DIVISION-2024,"level=2, code=320200000000, parent=320000000000",2026-08-01T00:00:00+08:00,,
CN-320300,320300,320300000000,徐州市,32,江苏省,地级市,core,2024,2024,2024,2024-01-01,,official_source_snapshot,SRC-ADMIN-DIVISION-2024,"level=2, code=320300000000, parent=320000000000",2026-08-01T00:00:00+08:00,,
CN-320400,320400,320400000000,常州市,32,江苏省,地级市,core,2024,2024,2024,2024-01-01,,official_source_snapshot,SRC-ADMIN-DIVISION-2024,"level=2, code=320400000000, parent=320000000000",2026-08-01T00:00:00+08:00,,
CN-320500,320500,320500000000,苏州市,32,江苏省,地级市,core,2024,2024,2024,2024-01-01,,official_source_snapshot,SRC-ADMIN-DIVISION-2024,"level=2, code=320500000000, parent=320000000000",2026-08-01T00:00:00+08:00,,
CN-320600,320600,320600000000,南通市,32,江苏省,地级市,core,2024,2024,2024,2024-01-01,,official_source_snapshot,SRC-ADMIN-DIVISION-2024,"level=2, code=320600000000, parent=320000000000",2026-08-01T00:00:00+08:00,,
CN-320700,320700,320700000000,连云港市,32,江苏省,地级市,core,2024,2024,2024,2024-01-01,,official_source_snapshot,SRC-ADMIN-DIVISION-2024,"level=2, code=320700000000, parent=320000000000",2026-08-01T00:00:00+08:00,,
CN-320800,320800,320800000000,淮安市,32,江苏省,地级市,core,2024,2024,2024,2024-01-01,,official_source_snapshot,SRC-ADMIN-DIVISION-2024,"level=2, code=320800000000, parent=320000000000",2026-08-01T00:00:00+08:00,,
CN-320900,320900,320900000000,盐城市,32,江苏省,地级市,core,2024,2024,2024,2024-01-01,,official_source_snapshot,SRC-ADMIN-DIVISION-2024,"level=2, code=320900000000, parent=320000000000",2026-08-01T00:00:00+08:00,,
CN-321000,321000,321000000000,扬州市,32,江苏省,地级市,core,2024,2024,2024,2024-01-01,,official_source_snapshot,SRC-ADMIN-DIVISION-2024,"level=2, code=321000000000, parent=320000000000",2026-08-01T00:00:00+08:00,,
CN-321100,321100,321100000000,镇江市,32,江苏省,地级市,core,2024,2024,2024,2024-01-01,,official_source_snapshot,SRC-ADMIN-DIVISION-2024,"level=2, code=321100000000, parent=320000000000",2026-08-01T00:00:00+08:00,,
CN-321200,321200,321200000000,泰州市,32,江苏省,地级市,core,2024,2024,2024,2024-01-01,,official_source_snapshot,SRC-ADMIN-DIVISION-2024,"level=2, code=321200000000, parent=320000000000",2026-08-01T00:00:00+08:00,,
CN-321300,321300,321300000000,宿迁市,32,江苏省,地级市,core,2024,2024,2024,2024-01-01,,official_source_snapshot,SRC-ADMIN-DIVISION-2024,"level=2, code=321300000000, parent=320000000000",2026-08-01T00:00:00+08:00,,
CN-330100,330100,330100000000,杭州市,33,浙江省,地级市,core,2024,2024,2024,2024-01-01,,official_source_snapshot,SRC-ADMIN-DIVISION-2024,"level=2, code=330100000000, parent=330000000000",2026-08-01T00:00:00+08:00,,
CN-330200,330200,330200000000,宁波市,33,浙江省,地级市,core,2024,2024,2024,2024-01-01,,official_source_snapshot,SRC-ADMIN-DIVISION-2024,"level=2, code=330200000000, parent=330000000000",2026-08-01T00:00:00+08:00,,
CN-330300,330300,330300000000,温州市,33,浙江省,地级市,core,2024,2024,2024,2024-01-01,,official_source_snapshot,SRC-ADMIN-DIVISION-2024,"level=2, code=330300000000, parent=330000000000",2026-08-01T00:00:00+08:00,,
CN-330400,330400,330400000000,嘉兴市,33,浙江省,地级市,core,2024,2024,2024,2024-01-01,,official_source_snapshot,SRC-ADMIN-DIVISION-2024,"level=2, code=330400000000, parent=330000000000",2026-08-01T00:00:00+08:00,,
CN-330500,330500,330500000000,湖州市,33,浙江省,地级市,core,2024,2024,2024,2024-01-01,,official_source_snapshot,SRC-ADMIN-DIVISION-2024,"level=2, code=330500000000, parent=330000000000",2026-08-01T00:00:00+08:00,,
CN-330600,330600,330600000000,绍兴市,33,浙江省,地级市,core,2024,2024,2024,2024-01-01,,official_source_snapshot,SRC-ADMIN-DIVISION-2024,"level=2, code=330600000000, parent=330000000000",2026-08-01T00:00:00+08:00,,
CN-330700,330700,330700000000,金华市,33,浙江省,地级市,core,2024,2024,2024,2024-01-01,,official_source_snapshot,SRC-ADMIN-DIVISION-2024,"level=2, code=330700000000, parent=330000000000",2026-08-01T00:00:00+08:00,,
CN-330800,330800,330800000000,衢州市,33,浙江省,地级市,core,2024,2024,2024,2024-01-01,,official_source_snapshot,SRC-ADMIN-DIVISION-2024,"level=2, code=330800000000, parent=330000000000",2026-08-01T00:00:00+08:00,,
CN-330900,330900,330900000000,舟山市,33,浙江省,地级市,core,2024,2024,2024,2024-01-01,,official_source_snapshot,SRC-ADMIN-DIVISION-2024,"level=2, code=330900000000, parent=330000000000",2026-08-01T00:00:00+08:00,,
CN-331000,331000,331000000000,台州市,33,浙江省,地级市,core,2024,2024,2024,2024-01-01,,official_source_snapshot,SRC-ADMIN-DIVISION-2024,"level=2, code=331000000000, parent=330000000000",2026-08-01T00:00:00+08:00,,
CN-331100,331100,331100000000,丽水市,33,浙江省,地级市,core,2024,2024,2024,2024-01-01,,official_source_snapshot,SRC-ADMIN-DIVISION-2024,"level=2, code=331100000000, parent=330000000000",2026-08-01T00:00:00+08:00,,
CN-340100,340100,340100000000,合肥市,34,安徽省,地级市,core,2024,2024,2024,2024-01-01,,official_source_snapshot,SRC-ADMIN-DIVISION-2024,"level=2, code=340100000000, parent=340000000000",2026-08-01T00:00:00+08:00,,
CN-340200,340200,340200000000,芜湖市,34,安徽省,地级市,core,2024,2024,2024,2024-01-01,,official_source_snapshot,SRC-ADMIN-DIVISION-2024,"level=2, code=340200000000, parent=340000000000",2026-08-01T00:00:00+08:00,,
CN-340300,340300,340300000000,蚌埠市,34,安徽省,地级市,core,2024,2024,2024,2024-01-01,,official_source_snapshot,SRC-ADMIN-DIVISION-2024,"level=2, code=340300000000, parent=340000000000",2026-08-01T00:00:00+08:00,,
CN-340400,340400,340400000000,淮南市,34,安徽省,地级市,core,2024,2024,2024,2024-01-01,,official_source_snapshot,SRC-ADMIN-DIVISION-2024,"level=2, code=340400000000, parent=340000000000",2026-08-01T00:00:00+08:00,,
CN-340500,340500,340500000000,马鞍山市,34,安徽省,地级市,core,2024,2024,2024,2024-01-01,,official_source_snapshot,SRC-ADMIN-DIVISION-2024,"level=2, code=340500000000, parent=340000000000",2026-08-01T00:00:00+08:00,,
CN-340600,340600,340600000000,淮北市,34,安徽省,地级市,core,2024,2024,2024,2024-01-01,,official_source_snapshot,SRC-ADMIN-DIVISION-2024,"level=2, code=340600000000, parent=340000000000",2026-08-01T00:00:00+08:00,,
CN-340700,340700,340700000000,铜陵市,34,安徽省,地级市,core,2024,2024,2024,2024-01-01,,official_source_snapshot,SRC-ADMIN-DIVISION-2024,"level=2, code=340700000000, parent=340000000000",2026-08-01T00:00:00+08:00,,
CN-340800,340800,340800000000,安庆市,34,安徽省,地级市,core,2024,2024,2024,2024-01-01,,official_source_snapshot,SRC-ADMIN-DIVISION-2024,"level=2, code=340800000000, parent=340000000000",2026-08-01T00:00:00+08:00,,
CN-341000,341000,341000000000,黄山市,34,安徽省,地级市,core,2024,2024,2024,2024-01-01,,official_source_snapshot,SRC-ADMIN-DIVISION-2024,"level=2, code=341000000000, parent=340000000000",2026-08-01T00:00:00+08:00,,
CN-341100,341100,341100000000,滁州市,34,安徽省,地级市,core,2024,2024,2024,2024-01-01,,official_source_snapshot,SRC-ADMIN-DIVISION-2024,"level=2, code=341100000000, parent=340000000000",2026-08-01T00:00:00+08:00,,
CN-341200,341200,341200000000,阜阳市,34,安徽省,地级市,core,2024,2024,2024,2024-01-01,,official_source_snapshot,SRC-ADMIN-DIVISION-2024,"level=2, code=341200000000, parent=340000000000",2026-08-01T00:00:00+08:00,,
CN-341300,341300,341300000000,宿州市,34,安徽省,地级市,core,2024,2024,2024,2024-01-01,,official_source_snapshot,SRC-ADMIN-DIVISION-2024,"level=2, code=341300000000, parent=340000000000",2026-08-01T00:00:00+08:00,,
CN-341500,341500,341500000000,六安市,34,安徽省,地级市,core,2024,2024,2024,2024-01-01,,official_source_snapshot,SRC-ADMIN-DIVISION-2024,"level=2, code=341500000000, parent=340000000000",2026-08-01T00:00:00+08:00,,
CN-341600,341600,341600000000,亳州市,34,安徽省,地级市,core,2024,2024,2024,2024-01-01,,official_source_snapshot,SRC-ADMIN-DIVISION-2024,"level=2, code=341600000000, parent=340000000000",2026-08-01T00:00:00+08:00,,
CN-341700,341700,341700000000,池州市,34,安徽省,地级市,core,2024,2024,2024,2024-01-01,,official_source_snapshot,SRC-ADMIN-DIVISION-2024,"level=2, code=341700000000, parent=340000000000",2026-08-01T00:00:00+08:00,,
CN-341800,341800,341800000000,宣城市,34,安徽省,地级市,core,2024,2024,2024,2024-01-01,,official_source_snapshot,SRC-ADMIN-DIVISION-2024,"level=2, code=341800000000, parent=340000000000",2026-08-01T00:00:00+08:00,,
CN-350100,350100,350100000000,福州市,35,福建省,地级市,core,2024,2024,2024,2024-01-01,,official_source_snapshot,SRC-ADMIN-DIVISION-2024,"level=2, code=350100000000, parent=350000000000",2026-08-01T00:00:00+08:00,,
CN-350200,350200,350200000000,厦门市,35,福建省,地级市,core,2024,2024,2024,2024-01-01,,official_source_snapshot,SRC-ADMIN-DIVISION-2024,"level=2, code=350200000000, parent=350000000000",2026-08-01T00:00:00+08:00,,
CN-350300,350300,350300000000,莆田市,35,福建省,地级市,core,2024,2024,2024,2024-01-01,,official_source_snapshot,SRC-ADMIN-DIVISION-2024,"level=2, code=350300000000, parent=350000000000",2026-08-01T00:00:00+08:00,,
CN-350400,350400,350400000000,三明市,35,福建省,地级市,core,2024,2024,2024,2024-01-01,,official_source_snapshot,SRC-ADMIN-DIVISION-2024,"level=2, code=350400000000, parent=350000000000",2026-08-01T00:00:00+08:00,,
CN-350500,350500,350500000000,泉州市,35,福建省,地级市,core,2024,2024,2024,2024-01-01,,official_source_snapshot,SRC-ADMIN-DIVISION-2024,"level=2, code=350500000000, parent=350000000000",2026-08-01T00:00:00+08:00,,
CN-350600,350600,350600000000,漳州市,35,福建省,地级市,core,2024,2024,2024,2024-01-01,,official_source_snapshot,SRC-ADMIN-DIVISION-2024,"level=2, code=350600000000, parent=350000000000",2026-08-01T00:00:00+08:00,,
CN-350700,350700,350700000000,南平市,35,福建省,地级市,core,2024,2024,2024,2024-01-01,,official_source_snapshot,SRC-ADMIN-DIVISION-2024,"level=2, code=350700000000, parent=350000000000",2026-08-01T00:00:00+08:00,,
CN-350800,350800,350800000000,龙岩市,35,福建省,地级市,core,2024,2024,2024,2024-01-01,,official_source_snapshot,SRC-ADMIN-DIVISION-2024,"level=2, code=350800000000, parent=350000000000",2026-08-01T00:00:00+08:00,,
CN-350900,350900,350900000000,宁德市,35,福建省,地级市,core,2024,2024,2024,2024-01-01,,official_source_snapshot,SRC-ADMIN-DIVISION-2024,"level=2, code=350900000000, parent=350000000000",2026-08-01T00:00:00+08:00,,
CN-360100,360100,360100000000,南昌市,36,江西省,地级市,core,2024,2024,2024,2024-01-01,,official_source_snapshot,SRC-ADMIN-DIVISION-2024,"level=2, code=360100000000, parent=360000000000",2026-08-01T00:00:00+08:00,,
CN-360200,360200,360200000000,景德镇市,36,江西省,地级市,core,2024,2024,2024,2024-01-01,,official_source_snapshot,SRC-ADMIN-DIVISION-2024,"level=2, code=360200000000, parent=360000000000",2026-08-01T00:00:00+08:00,,
CN-360300,360300,360300000000,萍乡市,36,江西省,地级市,core,2024,2024,2024,2024-01-01,,official_source_snapshot,SRC-ADMIN-DIVISION-2024,"level=2, code=360300000000, parent=360000000000",2026-08-01T00:00:00+08:00,,
CN-360400,360400,360400000000,九江市,36,江西省,地级市,core,2024,2024,2024,2024-01-01,,official_source_snapshot,SRC-ADMIN-DIVISION-2024,"level=2, code=360400000000, parent=360000000000",2026-08-01T00:00:00+08:00,,
CN-360500,360500,360500000000,新余市,36,江西省,地级市,core,2024,2024,2024,2024-01-01,,official_source_snapshot,SRC-ADMIN-DIVISION-2024,"level=2, code=360500000000, parent=360000000000",2026-08-01T00:00:00+08:00,,
CN-360600,360600,360600000000,鹰潭市,36,江西省,地级市,core,2024,2024,2024,2024-01-01,,official_source_snapshot,SRC-ADMIN-DIVISION-2024,"level=2, code=360600000000, parent=360000000000",2026-08-01T00:00:00+08:00,,
CN-360700,360700,360700000000,赣州市,36,江西省,地级市,core,2024,2024,2024,2024-01-01,,official_source_snapshot,SRC-ADMIN-DIVISION-2024,"level=2, code=360700000000, parent=360000000000",2026-08-01T00:00:00+08:00,,
CN-360800,360800,360800000000,吉安市,36,江西省,地级市,core,2024,2024,2024,2024-01-01,,official_source_snapshot,SRC-ADMIN-DIVISION-2024,"level=2, code=360800000000, parent=360000000000",2026-08-01T00:00:00+08:00,,
CN-360900,360900,360900000000,宜春市,36,江西省,地级市,core,2024,2024,2024,2024-01-01,,official_source_snapshot,SRC-ADMIN-DIVISION-2024,"level=2, code=360900000000, parent=360000000000",2026-08-01T00:00:00+08:00,,
CN-361000,361000,361000000000,抚州市,36,江西省,地级市,core,2024,2024,2024,2024-01-01,,official_source_snapshot,SRC-ADMIN-DIVISION-2024,"level=2, code=361000000000, parent=360000000000",2026-08-01T00:00:00+08:00,,
CN-361100,361100,361100000000,上饶市,36,江西省,地级市,core,2024,2024,2024,2024-01-01,,official_source_snapshot,SRC-ADMIN-DIVISION-2024,"level=2, code=361100000000, parent=360000000000",2026-08-01T00:00:00+08:00,,
CN-370100,370100,370100000000,济南市,37,山东省,地级市,core,2024,2024,2024,2024-01-01,,official_source_snapshot,SRC-ADMIN-DIVISION-2024,"level=2, code=370100000000, parent=370000000000",2026-08-01T00:00:00+08:00,,
CN-370200,370200,370200000000,青岛市,37,山东省,地级市,core,2024,2024,2024,2024-01-01,,official_source_snapshot,SRC-ADMIN-DIVISION-2024,"level=2, code=370200000000, parent=370000000000",2026-08-01T00:00:00+08:00,,
CN-370300,370300,370300000000,淄博市,37,山东省,地级市,core,2024,2024,2024,2024-01-01,,official_source_snapshot,SRC-ADMIN-DIVISION-2024,"level=2, code=370300000000, parent=370000000000",2026-08-01T00:00:00+08:00,,
CN-370400,370400,370400000000,枣庄市,37,山东省,地级市,core,2024,2024,2024,2024-01-01,,official_source_snapshot,SRC-ADMIN-DIVISION-2024,"level=2, code=370400000000, parent=370000000000",2026-08-01T00:00:00+08:00,,
CN-370500,370500,370500000000,东营市,37,山东省,地级市,core,2024,2024,2024,2024-01-01,,official_source_snapshot,SRC-ADMIN-DIVISION-2024,"level=2, code=370500000000, parent=370000000000",2026-08-01T00:00:00+08:00,,
CN-370600,370600,370600000000,烟台市,37,山东省,地级市,core,2024,2024,2024,2024-01-01,,official_source_snapshot,SRC-ADMIN-DIVISION-2024,"level=2, code=370600000000, parent=370000000000",2026-08-01T00:00:00+08:00,,
CN-370700,370700,370700000000,潍坊市,37,山东省,地级市,core,2024,2024,2024,2024-01-01,,official_source_snapshot,SRC-ADMIN-DIVISION-2024,"level=2, code=370700000000, parent=370000000000",2026-08-01T00:00:00+08:00,,
CN-370800,370800,370800000000,济宁市,37,山东省,地级市,core,2024,2024,2024,2024-01-01,,official_source_snapshot,SRC-ADMIN-DIVISION-2024,"level=2, code=370800000000, parent=370000000000",2026-08-01T00:00:00+08:00,,
CN-370900,370900,370900000000,泰安市,37,山东省,地级市,core,2024,2024,2024,2024-01-01,,official_source_snapshot,SRC-ADMIN-DIVISION-2024,"level=2, code=370900000000, parent=370000000000",2026-08-01T00:00:00+08:00,,
CN-371000,371000,371000000000,威海市,37,山东省,地级市,core,2024,2024,2024,2024-01-01,,official_source_snapshot,SRC-ADMIN-DIVISION-2024,"level=2, code=371000000000, parent=370000000000",2026-08-01T00:00:00+08:00,,
CN-371100,371100,371100000000,日照市,37,山东省,地级市,core,2024,2024,2024,2024-01-01,,official_source_snapshot,SRC-ADMIN-DIVISION-2024,"level=2, code=371100000000, parent=370000000000",2026-08-01T00:00:00+08:00,,
CN-371300,371300,371300000000,临沂市,37,山东省,地级市,core,2024,2024,2024,2024-01-01,,official_source_snapshot,SRC-ADMIN-DIVISION-2024,"level=2, code=371300000000, parent=370000000000",2026-08-01T00:00:00+08:00,,
CN-371400,371400,371400000000,德州市,37,山东省,地级市,core,2024,2024,2024,2024-01-01,,official_source_snapshot,SRC-ADMIN-DIVISION-2024,"level=2, code=371400000000, parent=370000000000",2026-08-01T00:00:00+08:00,,
CN-371500,371500,371500000000,聊城市,37,山东省,地级市,core,2024,2024,2024,2024-01-01,,official_source_snapshot,SRC-ADMIN-DIVISION-2024,"level=2, code=371500000000, parent=370000000000",2026-08-01T00:00:00+08:00,,
CN-371600,371600,371600000000,滨州市,37,山东省,地级市,core,2024,2024,2024,2024-01-01,,official_source_snapshot,SRC-ADMIN-DIVISION-2024,"level=2, code=371600000000, parent=370000000000",2026-08-01T00:00:00+08:00,,
CN-371700,371700,371700000000,菏泽市,37,山东省,地级市,core,2024,2024,2024,2024-01-01,,official_source_snapshot,SRC-ADMIN-DIVISION-2024,"level=2, code=371700000000, parent=370000000000",2026-08-01T00:00:00+08:00,,
CN-410100,410100,410100000000,郑州市,41,河南省,地级市,core,2024,2024,2024,2024-01-01,,official_source_snapshot,SRC-ADMIN-DIVISION-2024,"level=2, code=410100000000, parent=410000000000",2026-08-01T00:00:00+08:00,,
CN-410200,410200,410200000000,开封市,41,河南省,地级市,core,2024,2024,2024,2024-01-01,,official_source_snapshot,SRC-ADMIN-DIVISION-2024,"level=2, code=410200000000, parent=410000000000",2026-08-01T00:00:00+08:00,,
CN-410300,410300,410300000000,洛阳市,41,河南省,地级市,core,2024,2024,2024,2024-01-01,,official_source_snapshot,SRC-ADMIN-DIVISION-2024,"level=2, code=410300000000, parent=410000000000",2026-08-01T00:00:00+08:00,,
CN-410400,410400,410400000000,平顶山市,41,河南省,地级市,core,2024,2024,2024,2024-01-01,,official_source_snapshot,SRC-ADMIN-DIVISION-2024,"level=2, code=410400000000, parent=410000000000",2026-08-01T00:00:00+08:00,,
CN-410500,410500,410500000000,安阳市,41,河南省,地级市,core,2024,2024,2024,2024-01-01,,official_source_snapshot,SRC-ADMIN-DIVISION-2024,"level=2, code=410500000000, parent=410000000000",2026-08-01T00:00:00+08:00,,
CN-410600,410600,410600000000,鹤壁市,41,河南省,地级市,core,2024,2024,2024,2024-01-01,,official_source_snapshot,SRC-ADMIN-DIVISION-2024,"level=2, code=410600000000, parent=410000000000",2026-08-01T00:00:00+08:00,,
CN-410700,410700,410700000000,新乡市,41,河南省,地级市,core,2024,2024,2024,2024-01-01,,official_source_snapshot,SRC-ADMIN-DIVISION-2024,"level=2, code=410700000000, parent=410000000000",2026-08-01T00:00:00+08:00,,
CN-410800,410800,410800000000,焦作市,41,河南省,地级市,core,2024,2024,2024,2024-01-01,,official_source_snapshot,SRC-ADMIN-DIVISION-2024,"level=2, code=410800000000, parent=410000000000",2026-08-01T00:00:00+08:00,,
CN-410900,410900,410900000000,濮阳市,41,河南省,地级市,core,2024,2024,2024,2024-01-01,,official_source_snapshot,SRC-ADMIN-DIVISION-2024,"level=2, code=410900000000, parent=410000000000",2026-08-01T00:00:00+08:00,,
CN-411000,411000,411000000000,许昌市,41,河南省,地级市,core,2024,2024,2024,2024-01-01,,official_source_snapshot,SRC-ADMIN-DIVISION-2024,"level=2, code=411000000000, parent=410000000000",2026-08-01T00:00:00+08:00,,
CN-411100,411100,411100000000,漯河市,41,河南省,地级市,core,2024,2024,2024,2024-01-01,,official_source_snapshot,SRC-ADMIN-DIVISION-2024,"level=2, code=411100000000, parent=410000000000",2026-08-01T00:00:00+08:00,,
CN-411200,411200,411200000000,三门峡市,41,河南省,地级市,core,2024,2024,2024,2024-01-01,,official_source_snapshot,SRC-ADMIN-DIVISION-2024,"level=2, code=411200000000, parent=410000000000",2026-08-01T00:00:00+08:00,,
CN-411300,411300,411300000000,南阳市,41,河南省,地级市,core,2024,2024,2024,2024-01-01,,official_source_snapshot,SRC-ADMIN-DIVISION-2024,"level=2, code=411300000000, parent=410000000000",2026-08-01T00:00:00+08:00,,
CN-411400,411400,411400000000,商丘市,41,河南省,地级市,core,2024,2024,2024,2024-01-01,,official_source_snapshot,SRC-ADMIN-DIVISION-2024,"level=2, code=411400000000, parent=410000000000",2026-08-01T00:00:00+08:00,,
CN-411500,411500,411500000000,信阳市,41,河南省,地级市,core,2024,2024,2024,2024-01-01,,official_source_snapshot,SRC-ADMIN-DIVISION-2024,"level=2, code=411500000000, parent=410000000000",2026-08-01T00:00:00+08:00,,
CN-411600,411600,411600000000,周口市,41,河南省,地级市,core,2024,2024,2024,2024-01-01,,official_source_snapshot,SRC-ADMIN-DIVISION-2024,"level=2, code=411600000000, parent=410000000000",2026-08-01T00:00:00+08:00,,
CN-411700,411700,411700000000,驻马店市,41,河南省,地级市,core,2024,2024,2024,2024-01-01,,official_source_snapshot,SRC-ADMIN-DIVISION-2024,"level=2, code=411700000000, parent=410000000000",2026-08-01T00:00:00+08:00,,
CN-419000,419000,419000000000,省直辖县级行政区划,41,河南省,地级市,core,2024,2024,2024,2024-01-01,,official_source_snapshot,SRC-ADMIN-DIVISION-2024,"level=2, code=419000000000, parent=410000000000",2026-08-01T00:00:00+08:00,,
CN-420100,420100,420100000000,武汉市,42,湖北省,地级市,core,2024,2024,2024,2024-01-01,,official_source_snapshot,SRC-ADMIN-DIVISION-2024,"level=2, code=420100000000, parent=420000000000",2026-08-01T00:00:00+08:00,,
CN-420200,420200,420200000000,黄石市,42,湖北省,地级市,core,2024,2024,2024,2024-01-01,,official_source_snapshot,SRC-ADMIN-DIVISION-2024,"level=2, code=420200000000, parent=420000000000",2026-08-01T00:00:00+08:00,,
CN-420300,420300,420300000000,十堰市,42,湖北省,地级市,core,2024,2024,2024,2024-01-01,,official_source_snapshot,SRC-ADMIN-DIVISION-2024,"level=2, code=420300000000, parent=420000000000",2026-08-01T00:00:00+08:00,,
CN-420500,420500,420500000000,宜昌市,42,湖北省,地级市,core,2024,2024,2024,2024-01-01,,official_source_snapshot,SRC-ADMIN-DIVISION-2024,"level=2, code=420500000000, parent=420000000000",2026-08-01T00:00:00+08:00,,
CN-420600,420600,420600000000,襄阳市,42,湖北省,地级市,core,2024,2024,2024,2024-01-01,,official_source_snapshot,SRC-ADMIN-DIVISION-2024,"level=2, code=420600000000, parent=420000000000",2026-08-01T00:00:00+08:00,,
CN-420700,420700,420700000000,鄂州市,42,湖北省,地级市,core,2024,2024,2024,2024-01-01,,official_source_snapshot,SRC-ADMIN-DIVISION-2024,"level=2, code=420700000000, parent=420000000000",2026-08-01T00:00:00+08:00,,
CN-420800,420800,420800000000,荆门市,42,湖北省,地级市,core,2024,2024,2024,2024-01-01,,official_source_snapshot,SRC-ADMIN-DIVISION-2024,"level=2, code=420800000000, parent=420000000000",2026-08-01T00:00:00+08:00,,
CN-420900,420900,420900000000,孝感市,42,湖北省,地级市,core,2024,2024,2024,2024-01-01,,official_source_snapshot,SRC-ADMIN-DIVISION-2024,"level=2, code=420900000000, parent=420000000000",2026-08-01T00:00:00+08:00,,
CN-421000,421000,421000000000,荆州市,42,湖北省,地级市,core,2024,2024,2024,2024-01-01,,official_source_snapshot,SRC-ADMIN-DIVISION-2024,"level=2, code=421000000000, parent=420000000000",2026-08-01T00:00:00+08:00,,
CN-421100,421100,421100000000,黄冈市,42,湖北省,地级市,core,2024,2024,2024,2024-01-01,,official_source_snapshot,SRC-ADMIN-DIVISION-2024,"level=2, code=421100000000, parent=420000000000",2026-08-01T00:00:00+08:00,,
CN-421200,421200,421200000000,咸宁市,42,湖北省,地级市,core,2024,2024,2024,2024-01-01,,official_source_snapshot,SRC-ADMIN-DIVISION-2024,"level=2, code=421200000000, parent=420000000000",2026-08-01T00:00:00+08:00,,
CN-421300,421300,421300000000,随州市,42,湖北省,地级市,core,2024,2024,2024,2024-01-01,,official_source_snapshot,SRC-ADMIN-DIVISION-2024,"level=2, code=421300000000, parent=420000000000",2026-08-01T00:00:00+08:00,,
CN-422800,422800,422800000000,恩施土家族苗族自治州,42,湖北省,自治州,extended,2024,2024,2024,2024-01-01,,official_source_snapshot,SRC-ADMIN-DIVISION-2024,"level=2, code=422800000000, parent=420000000000",2026-08-01T00:00:00+08:00,,
CN-429000,429000,429000000000,省直辖县级行政区划,42,湖北省,地级市,core,2024,2024,2024,2024-01-01,,official_source_snapshot,SRC-ADMIN-DIVISION-2024,"level=2, code=429000000000, parent=420000000000",2026-08-01T00:00:00+08:00,,
CN-430100,430100,430100000000,长沙市,43,湖南省,地级市,core,2024,2024,2024,2024-01-01,,official_source_snapshot,SRC-ADMIN-DIVISION-2024,"level=2, code=430100000000, parent=430000000000",2026-08-01T00:00:00+08:00,,
CN-430200,430200,430200000000,株洲市,43,湖南省,地级市,core,2024,2024,2024,2024-01-01,,official_source_snapshot,SRC-ADMIN-DIVISION-2024,"level=2, code=430200000000, parent=430000000000",2026-08-01T00:00:00+08:00,,
CN-430300,430300,430300000000,湘潭市,43,湖南省,地级市,core,2024,2024,2024,2024-01-01,,official_source_snapshot,SRC-ADMIN-DIVISION-2024,"level=2, code=430300000000, parent=430000000000",2026-08-01T00:00:00+08:00,,
CN-430400,430400,430400000000,衡阳市,43,湖南省,地级市,core,2024,2024,2024,2024-01-01,,official_source_snapshot,SRC-ADMIN-DIVISION-2024,"level=2, code=430400000000, parent=430000000000",2026-08-01T00:00:00+08:00,,
CN-430500,430500,430500000000,邵阳市,43,湖南省,地级市,core,2024,2024,2024,2024-01-01,,official_source_snapshot,SRC-ADMIN-DIVISION-2024,"level=2, code=430500000000, parent=430000000000",2026-08-01T00:00:00+08:00,,
CN-430600,430600,430600000000,岳阳市,43,湖南省,地级市,core,2024,2024,2024,2024-01-01,,official_source_snapshot,SRC-ADMIN-DIVISION-2024,"level=2, code=430600000000, parent=430000000000",2026-08-01T00:00:00+08:00,,
CN-430700,430700,430700000000,常德市,43,湖南省,地级市,core,2024,2024,2024,2024-01-01,,official_source_snapshot,SRC-ADMIN-DIVISION-2024,"level=2, code=430700000000, parent=430000000000",2026-08-01T00:00:00+08:00,,
CN-430800,430800,430800000000,张家界市,43,湖南省,地级市,core,2024,2024,2024,2024-01-01,,official_source_snapshot,SRC-ADMIN-DIVISION-2024,"level=2, code=430800000000, parent=430000000000",2026-08-01T00:00:00+08:00,,
CN-430900,430900,430900000000,益阳市,43,湖南省,地级市,core,2024,2024,2024,2024-01-01,,official_source_snapshot,SRC-ADMIN-DIVISION-2024,"level=2, code=430900000000, parent=430000000000",2026-08-01T00:00:00+08:00,,
CN-431000,431000,431000000000,郴州市,43,湖南省,地级市,core,2024,2024,2024,2024-01-01,,official_source_snapshot,SRC-ADMIN-DIVISION-2024,"level=2, code=431000000000, parent=430000000000",2026-08-01T00:00:00+08:00,,
CN-431100,431100,431100000000,永州市,43,湖南省,地级市,core,2024,2024,2024,2024-01-01,,official_source_snapshot,SRC-ADMIN-DIVISION-2024,"level=2, code=431100000000, parent=430000000000",2026-08-01T00:00:00+08:00,,
CN-431200,431200,431200000000,怀化市,43,湖南省,地级市,core,2024,2024,2024,2024-01-01,,official_source_snapshot,SRC-ADMIN-DIVISION-2024,"level=2, code=431200000000, parent=430000000000",2026-08-01T00:00:00+08:00,,
CN-431300,431300,431300000000,娄底市,43,湖南省,地级市,core,2024,2024,2024,2024-01-01,,official_source_snapshot,SRC-ADMIN-DIVISION-2024,"level=2, code=431300000000, parent=430000000000",2026-08-01T00:00:00+08:00,,
CN-433100,433100,433100000000,湘西土家族苗族自治州,43,湖南省,自治州,extended,2024,2024,2024,2024-01-01,,official_source_snapshot,SRC-ADMIN-DIVISION-2024,"level=2, code=433100000000, parent=430000000000",2026-08-01T00:00:00+08:00,,
CN-440100,440100,440100000000,广州市,44,广东省,地级市,core,2024,2024,2024,2024-01-01,,official_source_snapshot,SRC-ADMIN-DIVISION-2024,"level=2, code=440100000000, parent=440000000000",2026-08-01T00:00:00+08:00,,
CN-440200,440200,440200000000,韶关市,44,广东省,地级市,core,2024,2024,2024,2024-01-01,,official_source_snapshot,SRC-ADMIN-DIVISION-2024,"level=2, code=440200000000, parent=440000000000",2026-08-01T00:00:00+08:00,,
CN-440300,440300,440300000000,深圳市,44,广东省,地级市,core,2024,2024,2024,2024-01-01,,official_source_snapshot,SRC-ADMIN-DIVISION-2024,"level=2, code=440300000000, parent=440000000000",2026-08-01T00:00:00+08:00,,
CN-440400,440400,440400000000,珠海市,44,广东省,地级市,core,2024,2024,2024,2024-01-01,,official_source_snapshot,SRC-ADMIN-DIVISION-2024,"level=2, code=440400000000, parent=440000000000",2026-08-01T00:00:00+08:00,,
CN-440500,440500,440500000000,汕头市,44,广东省,地级市,core,2024,2024,2024,2024-01-01,,official_source_snapshot,SRC-ADMIN-DIVISION-2024,"level=2, code=440500000000, parent=440000000000",2026-08-01T00:00:00+08:00,,
CN-440600,440600,440600000000,佛山市,44,广东省,地级市,core,2024,2024,2024,2024-01-01,,official_source_snapshot,SRC-ADMIN-DIVISION-2024,"level=2, code=440600000000, parent=440000000000",2026-08-01T00:00:00+08:00,,
CN-440700,440700,440700000000,江门市,44,广东省,地级市,core,2024,2024,2024,2024-01-01,,official_source_snapshot,SRC-ADMIN-DIVISION-2024,"level=2, code=440700000000, parent=440000000000",2026-08-01T00:00:00+08:00,,
CN-440800,440800,440800000000,湛江市,44,广东省,地级市,core,2024,2024,2024,2024-01-01,,official_source_snapshot,SRC-ADMIN-DIVISION-2024,"level=2, code=440800000000, parent=440000000000",2026-08-01T00:00:00+08:00,,
CN-440900,440900,440900000000,茂名市,44,广东省,地级市,core,2024,2024,2024,2024-01-01,,official_source_snapshot,SRC-ADMIN-DIVISION-2024,"level=2, code=440900000000, parent=440000000000",2026-08-01T00:00:00+08:00,,
CN-441200,441200,441200000000,肇庆市,44,广东省,地级市,core,2024,2024,2024,2024-01-01,,official_source_snapshot,SRC-ADMIN-DIVISION-2024,"level=2, code=441200000000, parent=440000000000",2026-08-01T00:00:00+08:00,,
CN-441300,441300,441300000000,惠州市,44,广东省,地级市,core,2024,2024,2024,2024-01-01,,official_source_snapshot,SRC-ADMIN-DIVISION-2024,"level=2, code=441300000000, parent=440000000000",2026-08-01T00:00:00+08:00,,
CN-441400,441400,441400000000,梅州市,44,广东省,地级市,core,2024,2024,2024,2024-01-01,,official_source_snapshot,SRC-ADMIN-DIVISION-2024,"level=2, code=441400000000, parent=440000000000",2026-08-01T00:00:00+08:00,,
CN-441500,441500,441500000000,汕尾市,44,广东省,地级市,core,2024,2024,2024,2024-01-01,,official_source_snapshot,SRC-ADMIN-DIVISION-2024,"level=2, code=441500000000, parent=440000000000",2026-08-01T00:00:00+08:00,,
CN-441600,441600,441600000000,河源市,44,广东省,地级市,core,2024,2024,2024,2024-01-01,,official_source_snapshot,SRC-ADMIN-DIVISION-2024,"level=2, code=441600000000, parent=440000000000",2026-08-01T00:00:00+08:00,,
CN-441700,441700,441700000000,阳江市,44,广东省,地级市,core,2024,2024,2024,2024-01-01,,official_source_snapshot,SRC-ADMIN-DIVISION-2024,"level=2, code=441700000000, parent=440000000000",2026-08-01T00:00:00+08:00,,
CN-441800,441800,441800000000,清远市,44,广东省,地级市,core,2024,2024,2024,2024-01-01,,official_source_snapshot,SRC-ADMIN-DIVISION-2024,"level=2, code=441800000000, parent=440000000000",2026-08-01T00:00:00+08:00,,
CN-441900,441900,441900000000,东莞市,44,广东省,地级市,core,2024,2024,2024,2024-01-01,,official_source_snapshot,SRC-ADMIN-DIVISION-2024,"level=2, code=441900000000, parent=440000000000",2026-08-01T00:00:00+08:00,,
CN-442000,442000,442000000000,中山市,44,广东省,地级市,core,2024,2024,2024,2024-01-01,,official_source_snapshot,SRC-ADMIN-DIVISION-2024,"level=2, code=442000000000, parent=440000000000",2026-08-01T00:00:00+08:00,,
CN-445100,445100,445100000000,潮州市,44,广东省,地级市,core,2024,2024,2024,2024-01-01,,official_source_snapshot,SRC-ADMIN-DIVISION-2024,"level=2, code=445100000000, parent=440000000000",2026-08-01T00:00:00+08:00,,
CN-445200,445200,445200000000,揭阳市,44,广东省,地级市,core,2024,2024,2024,2024-01-01,,official_source_snapshot,SRC-ADMIN-DIVISION-2024,"level=2, code=445200000000, parent=440000000000",2026-08-01T00:00:00+08:00,,
CN-445300,445300,445300000000,云浮市,44,广东省,地级市,core,2024,2024,2024,2024-01-01,,official_source_snapshot,SRC-ADMIN-DIVISION-2024,"level=2, code=445300000000, parent=440000000000",2026-08-01T00:00:00+08:00,,
CN-450100,450100,450100000000,南宁市,45,广西壮族自治区,地级市,core,2024,2024,2024,2024-01-01,,official_source_snapshot,SRC-ADMIN-DIVISION-2024,"level=2, code=450100000000, parent=450000000000",2026-08-01T00:00:00+08:00,,
CN-450200,450200,450200000000,柳州市,45,广西壮族自治区,地级市,core,2024,2024,2024,2024-01-01,,official_source_snapshot,SRC-ADMIN-DIVISION-2024,"level=2, code=450200000000, parent=450000000000",2026-08-01T00:00:00+08:00,,
CN-450300,450300,450300000000,桂林市,45,广西壮族自治区,地级市,core,2024,2024,2024,2024-01-01,,official_source_snapshot,SRC-ADMIN-DIVISION-2024,"level=2, code=450300000000, parent=450000000000",2026-08-01T00:00:00+08:00,,
CN-450400,450400,450400000000,梧州市,45,广西壮族自治区,地级市,core,2024,2024,2024,2024-01-01,,official_source_snapshot,SRC-ADMIN-DIVISION-2024,"level=2, code=450400000000, parent=450000000000",2026-08-01T00:00:00+08:00,,
CN-450500,450500,450500000000,北海市,45,广西壮族自治区,地级市,core,2024,2024,2024,2024-01-01,,official_source_snapshot,SRC-ADMIN-DIVISION-2024,"level=2, code=450500000000, parent=450000000000",2026-08-01T00:00:00+08:00,,
CN-450600,450600,450600000000,防城港市,45,广西壮族自治区,地级市,core,2024,2024,2024,2024-01-01,,official_source_snapshot,SRC-ADMIN-DIVISION-2024,"level=2, code=450600000000, parent=450000000000",2026-08-01T00:00:00+08:00,,
CN-450700,450700,450700000000,钦州市,45,广西壮族自治区,地级市,core,2024,2024,2024,2024-01-01,,official_source_snapshot,SRC-ADMIN-DIVISION-2024,"level=2, code=450700000000, parent=450000000000",2026-08-01T00:00:00+08:00,,
CN-450800,450800,450800000000,贵港市,45,广西壮族自治区,地级市,core,2024,2024,2024,2024-01-01,,official_source_snapshot,SRC-ADMIN-DIVISION-2024,"level=2, code=450800000000, parent=450000000000",2026-08-01T00:00:00+08:00,,
CN-450900,450900,450900000000,玉林市,45,广西壮族自治区,地级市,core,2024,2024,2024,2024-01-01,,official_source_snapshot,SRC-ADMIN-DIVISION-2024,"level=2, code=450900000000, parent=450000000000",2026-08-01T00:00:00+08:00,,
CN-451000,451000,451000000000,百色市,45,广西壮族自治区,地级市,core,2024,2024,2024,2024-01-01,,official_source_snapshot,SRC-ADMIN-DIVISION-2024,"level=2, code=451000000000, parent=450000000000",2026-08-01T00:00:00+08:00,,
CN-451100,451100,451100000000,贺州市,45,广西壮族自治区,地级市,core,2024,2024,2024,2024-01-01,,official_source_snapshot,SRC-ADMIN-DIVISION-2024,"level=2, code=451100000000, parent=450000000000",2026-08-01T00:00:00+08:00,,
CN-451200,451200,451200000000,河池市,45,广西壮族自治区,地级市,core,2024,2024,2024,2024-01-01,,official_source_snapshot,SRC-ADMIN-DIVISION-2024,"level=2, code=451200000000, parent=450000000000",2026-08-01T00:00:00+08:00,,
CN-451300,451300,451300000000,来宾市,45,广西壮族自治区,地级市,core,2024,2024,2024,2024-01-01,,official_source_snapshot,SRC-ADMIN-DIVISION-2024,"level=2, code=451300000000, parent=450000000000",2026-08-01T00:00:00+08:00,,
CN-451400,451400,451400000000,崇左市,45,广西壮族自治区,地级市,core,2024,2024,2024,2024-01-01,,official_source_snapshot,SRC-ADMIN-DIVISION-2024,"level=2, code=451400000000, parent=450000000000",2026-08-01T00:00:00+08:00,,
CN-460100,460100,460100000000,海口市,46,海南省,地级市,core,2024,2024,2024,2024-01-01,,official_source_snapshot,SRC-ADMIN-DIVISION-2024,"level=2, code=460100000000, parent=460000000000",2026-08-01T00:00:00+08:00,,
CN-460200,460200,460200000000,三亚市,46,海南省,地级市,core,2024,2024,2024,2024-01-01,,official_source_snapshot,SRC-ADMIN-DIVISION-2024,"level=2, code=460200000000, parent=460000000000",2026-08-01T00:00:00+08:00,,
CN-460300,460300,460300000000,三沙市,46,海南省,地级市,core,2024,2024,2024,2024-01-01,,official_source_snapshot,SRC-ADMIN-DIVISION-2024,"level=2, code=460300000000, parent=460000000000",2026-08-01T00:00:00+08:00,,
CN-460400,460400,460400000000,儋州市,46,海南省,地级市,core,2024,2024,2024,2024-01-01,,official_source_snapshot,SRC-ADMIN-DIVISION-2024,"level=2, code=460400000000, parent=460000000000",2026-08-01T00:00:00+08:00,,
CN-469000,469000,469000000000,省直辖县级行政区划,46,海南省,地级市,core,2024,2024,2024,2024-01-01,,official_source_snapshot,SRC-ADMIN-DIVISION-2024,"level=2, code=469000000000, parent=460000000000",2026-08-01T00:00:00+08:00,,
CN-500000,500000,500000000000,重庆市,50,重庆市,直辖市,separate,2024,2024,2024,2024-01-01,,official_source_snapshot,SRC-ADMIN-DIVISION-2024,"level=2, code=500100000000, parent=500000000000",2026-08-01T00:00:00+08:00,,
CN-510100,510100,510100000000,成都市,51,四川省,地级市,core,2024,2024,2024,2024-01-01,,official_source_snapshot,SRC-ADMIN-DIVISION-2024,"level=2, code=510100000000, parent=510000000000",2026-08-01T00:00:00+08:00,,
CN-510300,510300,510300000000,自贡市,51,四川省,地级市,core,2024,2024,2024,2024-01-01,,official_source_snapshot,SRC-ADMIN-DIVISION-2024,"level=2, code=510300000000, parent=510000000000",2026-08-01T00:00:00+08:00,,
CN-510400,510400,510400000000,攀枝花市,51,四川省,地级市,core,2024,2024,2024,2024-01-01,,official_source_snapshot,SRC-ADMIN-DIVISION-2024,"level=2, code=510400000000, parent=510000000000",2026-08-01T00:00:00+08:00,,
CN-510500,510500,510500000000,泸州市,51,四川省,地级市,core,2024,2024,2024,2024-01-01,,official_source_snapshot,SRC-ADMIN-DIVISION-2024,"level=2, code=510500000000, parent=510000000000",2026-08-01T00:00:00+08:00,,
CN-510600,510600,510600000000,德阳市,51,四川省,地级市,core,2024,2024,2024,2024-01-01,,official_source_snapshot,SRC-ADMIN-DIVISION-2024,"level=2, code=510600000000, parent=510000000000",2026-08-01T00:00:00+08:00,,
CN-510700,510700,510700000000,绵阳市,51,四川省,地级市,core,2024,2024,2024,2024-01-01,,official_source_snapshot,SRC-ADMIN-DIVISION-2024,"level=2, code=510700000000, parent=510000000000",2026-08-01T00:00:00+08:00,,
CN-510800,510800,510800000000,广元市,51,四川省,地级市,core,2024,2024,2024,2024-01-01,,official_source_snapshot,SRC-ADMIN-DIVISION-2024,"level=2, code=510800000000, parent=510000000000",2026-08-01T00:00:00+08:00,,
CN-510900,510900,510900000000,遂宁市,51,四川省,地级市,core,2024,2024,2024,2024-01-01,,official_source_snapshot,SRC-ADMIN-DIVISION-2024,"level=2, code=510900000000, parent=510000000000",2026-08-01T00:00:00+08:00,,
CN-511000,511000,511000000000,内江市,51,四川省,地级市,core,2024,2024,2024,2024-01-01,,official_source_snapshot,SRC-ADMIN-DIVISION-2024,"level=2, code=511000000000, parent=510000000000",2026-08-01T00:00:00+08:00,,
CN-511100,511100,511100000000,乐山市,51,四川省,地级市,core,2024,2024,2024,2024-01-01,,official_source_snapshot,SRC-ADMIN-DIVISION-2024,"level=2, code=511100000000, parent=510000000000",2026-08-01T00:00:00+08:00,,
CN-511300,511300,511300000000,南充市,51,四川省,地级市,core,2024,2024,2024,2024-01-01,,official_source_snapshot,SRC-ADMIN-DIVISION-2024,"level=2, code=511300000000, parent=510000000000",2026-08-01T00:00:00+08:00,,
CN-511400,511400,511400000000,眉山市,51,四川省,地级市,core,2024,2024,2024,2024-01-01,,official_source_snapshot,SRC-ADMIN-DIVISION-2024,"level=2, code=511400000000, parent=510000000000",2026-08-01T00:00:00+08:00,,
CN-511500,511500,511500000000,宜宾市,51,四川省,地级市,core,2024,2024,2024,2024-01-01,,official_source_snapshot,SRC-ADMIN-DIVISION-2024,"level=2, code=511500000000, parent=510000000000",2026-08-01T00:00:00+08:00,,
CN-511600,511600,511600000000,广安市,51,四川省,地级市,core,2024,2024,2024,2024-01-01,,official_source_snapshot,SRC-ADMIN-DIVISION-2024,"level=2, code=511600000000, parent=510000000000",2026-08-01T00:00:00+08:00,,
CN-511700,511700,511700000000,达州市,51,四川省,地级市,core,2024,2024,2024,2024-01-01,,official_source_snapshot,SRC-ADMIN-DIVISION-2024,"level=2, code=511700000000, parent=510000000000",2026-08-01T00:00:00+08:00,,
CN-511800,511800,511800000000,雅安市,51,四川省,地级市,core,2024,2024,2024,2024-01-01,,official_source_snapshot,SRC-ADMIN-DIVISION-2024,"level=2, code=511800000000, parent=510000000000",2026-08-01T00:00:00+08:00,,
CN-511900,511900,511900000000,巴中市,51,四川省,地级市,core,2024,2024,2024,2024-01-01,,official_source_snapshot,SRC-ADMIN-DIVISION-2024,"level=2, code=511900000000, parent=510000000000",2026-08-01T00:00:00+08:00,,
CN-512000,512000,512000000000,资阳市,51,四川省,地级市,core,2024,2024,2024,2024-01-01,,official_source_snapshot,SRC-ADMIN-DIVISION-2024,"level=2, code=512000000000, parent=510000000000",2026-08-01T00:00:00+08:00,,
CN-513200,513200,513200000000,阿坝藏族羌族自治州,51,四川省,自治州,extended,2024,2024,2024,2024-01-01,,official_source_snapshot,SRC-ADMIN-DIVISION-2024,"level=2, code=513200000000, parent=510000000000",2026-08-01T00:00:00+08:00,,
CN-513300,513300,513300000000,甘孜藏族自治州,51,四川省,自治州,extended,2024,2024,2024,2024-01-01,,official_source_snapshot,SRC-ADMIN-DIVISION-2024,"level=2, code=513300000000, parent=510000000000",2026-08-01T00:00:00+08:00,,
CN-513400,513400,513400000000,凉山彝族自治州,51,四川省,自治州,extended,2024,2024,2024,2024-01-01,,official_source_snapshot,SRC-ADMIN-DIVISION-2024,"level=2, code=513400000000, parent=510000000000",2026-08-01T00:00:00+08:00,,
CN-520100,520100,520100000000,贵阳市,52,贵州省,地级市,core,2024,2024,2024,2024-01-01,,official_source_snapshot,SRC-ADMIN-DIVISION-2024,"level=2, code=520100000000, parent=520000000000",2026-08-01T00:00:00+08:00,,
CN-520200,520200,520200000000,六盘水市,52,贵州省,地级市,core,2024,2024,2024,2024-01-01,,official_source_snapshot,SRC-ADMIN-DIVISION-2024,"level=2, code=520200000000, parent=520000000000",2026-08-01T00:00:00+08:00,,
CN-520300,520300,520300000000,遵义市,52,贵州省,地级市,core,2024,2024,2024,2024-01-01,,official_source_snapshot,SRC-ADMIN-DIVISION-2024,"level=2, code=520300000000, parent=520000000000",2026-08-01T00:00:00+08:00,,
CN-520400,520400,520400000000,安顺市,52,贵州省,地级市,core,2024,2024,2024,2024-01-01,,official_source_snapshot,SRC-ADMIN-DIVISION-2024,"level=2, code=520400000000, parent=520000000000",2026-08-01T00:00:00+08:00,,
CN-520500,520500,520500000000,毕节市,52,贵州省,地级市,core,2024,2024,2024,2024-01-01,,official_source_snapshot,SRC-ADMIN-DIVISION-2024,"level=2, code=520500000000, parent=520000000000",2026-08-01T00:00:00+08:00,,
CN-520600,520600,520600000000,铜仁市,52,贵州省,地级市,core,2024,2024,2024,2024-01-01,,official_source_snapshot,SRC-ADMIN-DIVISION-2024,"level=2, code=520600000000, parent=520000000000",2026-08-01T00:00:00+08:00,,
CN-522300,522300,522300000000,黔西南布依族苗族自治州,52,贵州省,自治州,extended,2024,2024,2024,2024-01-01,,official_source_snapshot,SRC-ADMIN-DIVISION-2024,"level=2, code=522300000000, parent=520000000000",2026-08-01T00:00:00+08:00,,
CN-522600,522600,522600000000,黔东南苗族侗族自治州,52,贵州省,自治州,extended,2024,2024,2024,2024-01-01,,official_source_snapshot,SRC-ADMIN-DIVISION-2024,"level=2, code=522600000000, parent=520000000000",2026-08-01T00:00:00+08:00,,
CN-522700,522700,522700000000,黔南布依族苗族自治州,52,贵州省,自治州,extended,2024,2024,2024,2024-01-01,,official_source_snapshot,SRC-ADMIN-DIVISION-2024,"level=2, code=522700000000, parent=520000000000",2026-08-01T00:00:00+08:00,,
CN-530100,530100,530100000000,昆明市,53,云南省,地级市,core,2024,2024,2024,2024-01-01,,official_source_snapshot,SRC-ADMIN-DIVISION-2024,"level=2, code=530100000000, parent=530000000000",2026-08-01T00:00:00+08:00,,
CN-530300,530300,530300000000,曲靖市,53,云南省,地级市,core,2024,2024,2024,2024-01-01,,official_source_snapshot,SRC-ADMIN-DIVISION-2024,"level=2, code=530300000000, parent=530000000000",2026-08-01T00:00:00+08:00,,
CN-530400,530400,530400000000,玉溪市,53,云南省,地级市,core,2024,2024,2024,2024-01-01,,official_source_snapshot,SRC-ADMIN-DIVISION-2024,"level=2, code=530400000000, parent=530000000000",2026-08-01T00:00:00+08:00,,
CN-530500,530500,530500000000,保山市,53,云南省,地级市,core,2024,2024,2024,2024-01-01,,official_source_snapshot,SRC-ADMIN-DIVISION-2024,"level=2, code=530500000000, parent=530000000000",2026-08-01T00:00:00+08:00,,
CN-530600,530600,530600000000,昭通市,53,云南省,地级市,core,2024,2024,2024,2024-01-01,,official_source_snapshot,SRC-ADMIN-DIVISION-2024,"level=2, code=530600000000, parent=530000000000",2026-08-01T00:00:00+08:00,,
CN-530700,530700,530700000000,丽江市,53,云南省,地级市,core,2024,2024,2024,2024-01-01,,official_source_snapshot,SRC-ADMIN-DIVISION-2024,"level=2, code=530700000000, parent=530000000000",2026-08-01T00:00:00+08:00,,
CN-530800,530800,530800000000,普洱市,53,云南省,地级市,core,2024,2024,2024,2024-01-01,,official_source_snapshot,SRC-ADMIN-DIVISION-2024,"level=2, code=530800000000, parent=530000000000",2026-08-01T00:00:00+08:00,,
CN-530900,530900,530900000000,临沧市,53,云南省,地级市,core,2024,2024,2024,2024-01-01,,official_source_snapshot,SRC-ADMIN-DIVISION-2024,"level=2, code=530900000000, parent=530000000000",2026-08-01T00:00:00+08:00,,
CN-532300,532300,532300000000,楚雄彝族自治州,53,云南省,自治州,extended,2024,2024,2024,2024-01-01,,official_source_snapshot,SRC-ADMIN-DIVISION-2024,"level=2, code=532300000000, parent=530000000000",2026-08-01T00:00:00+08:00,,
CN-532500,532500,532500000000,红河哈尼族彝族自治州,53,云南省,自治州,extended,2024,2024,2024,2024-01-01,,official_source_snapshot,SRC-ADMIN-DIVISION-2024,"level=2, code=532500000000, parent=530000000000",2026-08-01T00:00:00+08:00,,
CN-532600,532600,532600000000,文山壮族苗族自治州,53,云南省,自治州,extended,2024,2024,2024,2024-01-01,,official_source_snapshot,SRC-ADMIN-DIVISION-2024,"level=2, code=532600000000, parent=530000000000",2026-08-01T00:00:00+08:00,,
CN-532800,532800,532800000000,西双版纳傣族自治州,53,云南省,自治州,extended,2024,2024,2024,2024-01-01,,official_source_snapshot,SRC-ADMIN-DIVISION-2024,"level=2, code=532800000000, parent=530000000000",2026-08-01T00:00:00+08:00,,
CN-532900,532900,532900000000,大理白族自治州,53,云南省,自治州,extended,2024,2024,2024,2024-01-01,,official_source_snapshot,SRC-ADMIN-DIVISION-2024,"level=2, code=532900000000, parent=530000000000",2026-08-01T00:00:00+08:00,,
CN-533100,533100,533100000000,德宏傣族景颇族自治州,53,云南省,自治州,extended,2024,2024,2024,2024-01-01,,official_source_snapshot,SRC-ADMIN-DIVISION-2024,"level=2, code=533100000000, parent=530000000000",2026-08-01T00:00:00+08:00,,
CN-533300,533300,533300000000,怒江傈僳族自治州,53,云南省,自治州,extended,2024,2024,2024,2024-01-01,,official_source_snapshot,SRC-ADMIN-DIVISION-2024,"level=2, code=533300000000, parent=530000000000",2026-08-01T00:00:00+08:00,,
CN-533400,533400,533400000000,迪庆藏族自治州,53,云南省,自治州,extended,2024,2024,2024,2024-01-01,,official_source_snapshot,SRC-ADMIN-DIVISION-2024,"level=2, code=533400000000, parent=530000000000",2026-08-01T00:00:00+08:00,,
CN-540100,540100,540100000000,拉萨市,54,西藏自治区,地级市,core,2024,2024,2024,2024-01-01,,official_source_snapshot,SRC-ADMIN-DIVISION-2024,"level=2, code=540100000000, parent=540000000000",2026-08-01T00:00:00+08:00,,
CN-540200,540200,540200000000,日喀则市,54,西藏自治区,地级市,core,2024,2024,2024,2024-01-01,,official_source_snapshot,SRC-ADMIN-DIVISION-2024,"level=2, code=540200000000, parent=540000000000",2026-08-01T00:00:00+08:00,,
CN-540300,540300,540300000000,昌都市,54,西藏自治区,地级市,core,2024,2024,2024,2024-01-01,,official_source_snapshot,SRC-ADMIN-DIVISION-2024,"level=2, code=540300000000, parent=540000000000",2026-08-01T00:00:00+08:00,,
CN-540400,540400,540400000000,林芝市,54,西藏自治区,地级市,core,2024,2024,2024,2024-01-01,,official_source_snapshot,SRC-ADMIN-DIVISION-2024,"level=2, code=540400000000, parent=540000000000",2026-08-01T00:00:00+08:00,,
CN-540500,540500,540500000000,山南市,54,西藏自治区,地级市,core,2024,2024,2024,2024-01-01,,official_source_snapshot,SRC-ADMIN-DIVISION-2024,"level=2, code=540500000000, parent=540000000000",2026-08-01T00:00:00+08:00,,
CN-540600,540600,540600000000,那曲市,54,西藏自治区,地级市,core,2024,2024,2024,2024-01-01,,official_source_snapshot,SRC-ADMIN-DIVISION-2024,"level=2, code=540600000000, parent=540000000000",2026-08-01T00:00:00+08:00,,
CN-542500,542500,542500000000,阿里地区,54,西藏自治区,地区,extended,2024,2024,2024,2024-01-01,,official_source_snapshot,SRC-ADMIN-DIVISION-2024,"level=2, code=542500000000, parent=540000000000",2026-08-01T00:00:00+08:00,,
CN-610100,610100,610100000000,西安市,61,陕西省,地级市,core,2024,2024,2024,2024-01-01,,official_source_snapshot,SRC-ADMIN-DIVISION-2024,"level=2, code=610100000000, parent=610000000000",2026-08-01T00:00:00+08:00,,
CN-610200,610200,610200000000,铜川市,61,陕西省,地级市,core,2024,2024,2024,2024-01-01,,official_source_snapshot,SRC-ADMIN-DIVISION-2024,"level=2, code=610200000000, parent=610000000000",2026-08-01T00:00:00+08:00,,
CN-610300,610300,610300000000,宝鸡市,61,陕西省,地级市,core,2024,2024,2024,2024-01-01,,official_source_snapshot,SRC-ADMIN-DIVISION-2024,"level=2, code=610300000000, parent=610000000000",2026-08-01T00:00:00+08:00,,
CN-610400,610400,610400000000,咸阳市,61,陕西省,地级市,core,2024,2024,2024,2024-01-01,,official_source_snapshot,SRC-ADMIN-DIVISION-2024,"level=2, code=610400000000, parent=610000000000",2026-08-01T00:00:00+08:00,,
CN-610500,610500,610500000000,渭南市,61,陕西省,地级市,core,2024,2024,2024,2024-01-01,,official_source_snapshot,SRC-ADMIN-DIVISION-2024,"level=2, code=610500000000, parent=610000000000",2026-08-01T00:00:00+08:00,,
CN-610600,610600,610600000000,延安市,61,陕西省,地级市,core,2024,2024,2024,2024-01-01,,official_source_snapshot,SRC-ADMIN-DIVISION-2024,"level=2, code=610600000000, parent=610000000000",2026-08-01T00:00:00+08:00,,
CN-610700,610700,610700000000,汉中市,61,陕西省,地级市,core,2024,2024,2024,2024-01-01,,official_source_snapshot,SRC-ADMIN-DIVISION-2024,"level=2, code=610700000000, parent=610000000000",2026-08-01T00:00:00+08:00,,
CN-610800,610800,610800000000,榆林市,61,陕西省,地级市,core,2024,2024,2024,2024-01-01,,official_source_snapshot,SRC-ADMIN-DIVISION-2024,"level=2, code=610800000000, parent=610000000000",2026-08-01T00:00:00+08:00,,
CN-610900,610900,610900000000,安康市,61,陕西省,地级市,core,2024,2024,2024,2024-01-01,,official_source_snapshot,SRC-ADMIN-DIVISION-2024,"level=2, code=610900000000, parent=610000000000",2026-08-01T00:00:00+08:00,,
CN-611000,611000,611000000000,商洛市,61,陕西省,地级市,core,2024,2024,2024,2024-01-01,,official_source_snapshot,SRC-ADMIN-DIVISION-2024,"level=2, code=611000000000, parent=610000000000",2026-08-01T00:00:00+08:00,,
CN-620100,620100,620100000000,兰州市,62,甘肃省,地级市,core,2024,2024,2024,2024-01-01,,official_source_snapshot,SRC-ADMIN-DIVISION-2024,"level=2, code=620100000000, parent=620000000000",2026-08-01T00:00:00+08:00,,
CN-620200,620200,620200000000,嘉峪关市,62,甘肃省,地级市,core,2024,2024,2024,2024-01-01,,official_source_snapshot,SRC-ADMIN-DIVISION-2024,"level=2, code=620200000000, parent=620000000000",2026-08-01T00:00:00+08:00,,
CN-620300,620300,620300000000,金昌市,62,甘肃省,地级市,core,2024,2024,2024,2024-01-01,,official_source_snapshot,SRC-ADMIN-DIVISION-2024,"level=2, code=620300000000, parent=620000000000",2026-08-01T00:00:00+08:00,,
CN-620400,620400,620400000000,白银市,62,甘肃省,地级市,core,2024,2024,2024,2024-01-01,,official_source_snapshot,SRC-ADMIN-DIVISION-2024,"level=2, code=620400000000, parent=620000000000",2026-08-01T00:00:00+08:00,,
CN-620500,620500,620500000000,天水市,62,甘肃省,地级市,core,2024,2024,2024,2024-01-01,,official_source_snapshot,SRC-ADMIN-DIVISION-2024,"level=2, code=620500000000, parent=620000000000",2026-08-01T00:00:00+08:00,,
CN-620600,620600,620600000000,武威市,62,甘肃省,地级市,core,2024,2024,2024,2024-01-01,,official_source_snapshot,SRC-ADMIN-DIVISION-2024,"level=2, code=620600000000, parent=620000000000",2026-08-01T00:00:00+08:00,,
CN-620700,620700,620700000000,张掖市,62,甘肃省,地级市,core,2024,2024,2024,2024-01-01,,official_source_snapshot,SRC-ADMIN-DIVISION-2024,"level=2, code=620700000000, parent=620000000000",2026-08-01T00:00:00+08:00,,
CN-620800,620800,620800000000,平凉市,62,甘肃省,地级市,core,2024,2024,2024,2024-01-01,,official_source_snapshot,SRC-ADMIN-DIVISION-2024,"level=2, code=620800000000, parent=620000000000",2026-08-01T00:00:00+08:00,,
CN-620900,620900,620900000000,酒泉市,62,甘肃省,地级市,core,2024,2024,2024,2024-01-01,,official_source_snapshot,SRC-ADMIN-DIVISION-2024,"level=2, code=620900000000, parent=620000000000",2026-08-01T00:00:00+08:00,,
CN-621000,621000,621000000000,庆阳市,62,甘肃省,地级市,core,2024,2024,2024,2024-01-01,,official_source_snapshot,SRC-ADMIN-DIVISION-2024,"level=2, code=621000000000, parent=620000000000",2026-08-01T00:00:00+08:00,,
CN-621100,621100,621100000000,定西市,62,甘肃省,地级市,core,2024,2024,2024,2024-01-01,,official_source_snapshot,SRC-ADMIN-DIVISION-2024,"level=2, code=621100000000, parent=620000000000",2026-08-01T00:00:00+08:00,,
CN-621200,621200,621200000000,陇南市,62,甘肃省,地级市,core,2024,2024,2024,2024-01-01,,official_source_snapshot,SRC-ADMIN-DIVISION-2024,"level=2, code=621200000000, parent=620000000000",2026-08-01T00:00:00+08:00,,
CN-622900,622900,622900000000,临夏回族自治州,62,甘肃省,自治州,extended,2024,2024,2024,2024-01-01,,official_source_snapshot,SRC-ADMIN-DIVISION-2024,"level=2, code=622900000000, parent=620000000000",2026-08-01T00:00:00+08:00,,
CN-623000,623000,623000000000,甘南藏族自治州,62,甘肃省,自治州,extended,2024,2024,2024,2024-01-01,,official_source_snapshot,SRC-ADMIN-DIVISION-2024,"level=2, code=623000000000, parent=620000000000",2026-08-01T00:00:00+08:00,,
CN-630100,630100,630100000000,西宁市,63,青海省,地级市,core,2024,2024,2024,2024-01-01,,official_source_snapshot,SRC-ADMIN-DIVISION-2024,"level=2, code=630100000000, parent=630000000000",2026-08-01T00:00:00+08:00,,
CN-630200,630200,630200000000,海东市,63,青海省,地级市,core,2024,2024,2024,2024-01-01,,official_source_snapshot,SRC-ADMIN-DIVISION-2024,"level=2, code=630200000000, parent=630000000000",2026-08-01T00:00:00+08:00,,
CN-632200,632200,632200000000,海北藏族自治州,63,青海省,自治州,extended,2024,2024,2024,2024-01-01,,official_source_snapshot,SRC-ADMIN-DIVISION-2024,"level=2, code=632200000000, parent=630000000000",2026-08-01T00:00:00+08:00,,
CN-632300,632300,632300000000,黄南藏族自治州,63,青海省,自治州,extended,2024,2024,2024,2024-01-01,,official_source_snapshot,SRC-ADMIN-DIVISION-2024,"level=2, code=632300000000, parent=630000000000",2026-08-01T00:00:00+08:00,,
CN-632500,632500,632500000000,海南藏族自治州,63,青海省,自治州,extended,2024,2024,2024,2024-01-01,,official_source_snapshot,SRC-ADMIN-DIVISION-2024,"level=2, code=632500000000, parent=630000000000",2026-08-01T00:00:00+08:00,,
CN-632600,632600,632600000000,果洛藏族自治州,63,青海省,自治州,extended,2024,2024,2024,2024-01-01,,official_source_snapshot,SRC-ADMIN-DIVISION-2024,"level=2, code=632600000000, parent=630000000000",2026-08-01T00:00:00+08:00,,
CN-632700,632700,632700000000,玉树藏族自治州,63,青海省,自治州,extended,2024,2024,2024,2024-01-01,,official_source_snapshot,SRC-ADMIN-DIVISION-2024,"level=2, code=632700000000, parent=630000000000",2026-08-01T00:00:00+08:00,,
CN-632800,632800,632800000000,海西蒙古族藏族自治州,63,青海省,自治州,extended,2024,2024,2024,2024-01-01,,official_source_snapshot,SRC-ADMIN-DIVISION-2024,"level=2, code=632800000000, parent=630000000000",2026-08-01T00:00:00+08:00,,
CN-640100,640100,640100000000,银川市,64,宁夏回族自治区,地级市,core,2024,2024,2024,2024-01-01,,official_source_snapshot,SRC-ADMIN-DIVISION-2024,"level=2, code=640100000000, parent=640000000000",2026-08-01T00:00:00+08:00,,
CN-640200,640200,640200000000,石嘴山市,64,宁夏回族自治区,地级市,core,2024,2024,2024,2024-01-01,,official_source_snapshot,SRC-ADMIN-DIVISION-2024,"level=2, code=640200000000, parent=640000000000",2026-08-01T00:00:00+08:00,,
CN-640300,640300,640300000000,吴忠市,64,宁夏回族自治区,地级市,core,2024,2024,2024,2024-01-01,,official_source_snapshot,SRC-ADMIN-DIVISION-2024,"level=2, code=640300000000, parent=640000000000",2026-08-01T00:00:00+08:00,,
CN-640400,640400,640400000000,固原市,64,宁夏回族自治区,地级市,core,2024,2024,2024,2024-01-01,,official_source_snapshot,SRC-ADMIN-DIVISION-2024,"level=2, code=640400000000, parent=640000000000",2026-08-01T00:00:00+08:00,,
CN-640500,640500,640500000000,中卫市,64,宁夏回族自治区,地级市,core,2024,2024,2024,2024-01-01,,official_source_snapshot,SRC-ADMIN-DIVISION-2024,"level=2, code=640500000000, parent=640000000000",2026-08-01T00:00:00+08:00,,
CN-650100,650100,650100000000,乌鲁木齐市,65,新疆维吾尔自治区,地级市,core,2024,2024,2024,2024-01-01,,official_source_snapshot,SRC-ADMIN-DIVISION-2024,"level=2, code=650100000000, parent=650000000000",2026-08-01T00:00:00+08:00,,
CN-650200,650200,650200000000,克拉玛依市,65,新疆维吾尔自治区,地级市,core,2024,2024,2024,2024-01-01,,official_source_snapshot,SRC-ADMIN-DIVISION-2024,"level=2, code=650200000000, parent=650000000000",2026-08-01T00:00:00+08:00,,
CN-650400,650400,650400000000,吐鲁番市,65,新疆维吾尔自治区,地级市,core,2024,2024,2024,2024-01-01,,official_source_snapshot,SRC-ADMIN-DIVISION-2024,"level=2, code=650400000000, parent=650000000000",2026-08-01T00:00:00+08:00,,
CN-650500,650500,650500000000,哈密市,65,新疆维吾尔自治区,地级市,core,2024,2024,2024,2024-01-01,,official_source_snapshot,SRC-ADMIN-DIVISION-2024,"level=2, code=650500000000, parent=650000000000",2026-08-01T00:00:00+08:00,,
CN-652300,652300,652300000000,昌吉回族自治州,65,新疆维吾尔自治区,自治州,extended,2024,2024,2024,2024-01-01,,official_source_snapshot,SRC-ADMIN-DIVISION-2024,"level=2, code=652300000000, parent=650000000000",2026-08-01T00:00:00+08:00,,
CN-652700,652700,652700000000,博尔塔拉蒙古自治州,65,新疆维吾尔自治区,自治州,extended,2024,2024,2024,2024-01-01,,official_source_snapshot,SRC-ADMIN-DIVISION-2024,"level=2, code=652700000000, parent=650000000000",2026-08-01T00:00:00+08:00,,
CN-652800,652800,652800000000,巴音郭楞蒙古自治州,65,新疆维吾尔自治区,自治州,extended,2024,2024,2024,2024-01-01,,official_source_snapshot,SRC-ADMIN-DIVISION-2024,"level=2, code=652800000000, parent=650000000000",2026-08-01T00:00:00+08:00,,
CN-652900,652900,652900000000,阿克苏地区,65,新疆维吾尔自治区,地区,extended,2024,2024,2024,2024-01-01,,official_source_snapshot,SRC-ADMIN-DIVISION-2024,"level=2, code=652900000000, parent=650000000000",2026-08-01T00:00:00+08:00,,
CN-653000,653000,653000000000,克孜勒苏柯尔克孜自治州,65,新疆维吾尔自治区,自治州,extended,2024,2024,2024,2024-01-01,,official_source_snapshot,SRC-ADMIN-DIVISION-2024,"level=2, code=653000000000, parent=650000000000",2026-08-01T00:00:00+08:00,,
CN-653100,653100,653100000000,喀什地区,65,新疆维吾尔自治区,地区,extended,2024,2024,2024,2024-01-01,,official_source_snapshot,SRC-ADMIN-DIVISION-2024,"level=2, code=653100000000, parent=650000000000",2026-08-01T00:00:00+08:00,,
CN-653200,653200,653200000000,和田地区,65,新疆维吾尔自治区,地区,extended,2024,2024,2024,2024-01-01,,official_source_snapshot,SRC-ADMIN-DIVISION-2024,"level=2, code=653200000000, parent=650000000000",2026-08-01T00:00:00+08:00,,
CN-654000,654000,654000000000,伊犁哈萨克自治州,65,新疆维吾尔自治区,自治州,extended,2024,2024,2024,2024-01-01,,official_source_snapshot,SRC-ADMIN-DIVISION-2024,"level=2, code=654000000000, parent=650000000000",2026-08-01T00:00:00+08:00,,
CN-654200,654200,654200000000,塔城地区,65,新疆维吾尔自治区,地区,extended,2024,2024,2024,2024-01-01,,official_source_snapshot,SRC-ADMIN-DIVISION-2024,"level=2, code=654200000000, parent=650000000000",2026-08-01T00:00:00+08:00,,
CN-654300,654300,654300000000,阿勒泰地区,65,新疆维吾尔自治区,地区,extended,2024,2024,2024,2024-01-01,,official_source_snapshot,SRC-ADMIN-DIVISION-2024,"level=2, code=654300000000, parent=650000000000",2026-08-01T00:00:00+08:00,,
CN-659000,659000,659000000000,自治区直辖县级行政区划,65,新疆维吾尔自治区,地级市,core,2024,2024,2024,2024-01-01,,official_source_snapshot,SRC-ADMIN-DIVISION-2024,"level=2, code=659000000000, parent=650000000000",2026-08-01T00:00:00+08:00,,
CN-110000,110000,110000000000,北京市,11,北京市,直辖市,separate,2025,2025,2024,2025-01-01,,carry_forward,SRC-ADMIN-DIVISION-2024,"level=2, code=110100000000, parent=110000000000",2026-08-01T00:00:00+08:00,,2025—2026沿用最近可用行政区划版本，仅用于前向面板占位。
CN-120000,120000,120000000000,天津市,12,天津市,直辖市,separate,2025,2025,2024,2025-01-01,,carry_forward,SRC-ADMIN-DIVISION-2024,"level=2, code=120100000000, parent=120000000000",2026-08-01T00:00:00+08:00,,2025—2026沿用最近可用行政区划版本，仅用于前向面板占位。
CN-130100,130100,130100000000,石家庄市,13,河北省,地级市,core,2025,2025,2024,2025-01-01,,carry_forward,SRC-ADMIN-DIVISION-2024,"level=2, code=130100000000, parent=130000000000",2026-08-01T00:00:00+08:00,,2025—2026沿用最近可用行政区划版本，仅用于前向面板占位。
CN-130200,130200,130200000000,唐山市,13,河北省,地级市,core,2025,2025,2024,2025-01-01,,carry_forward,SRC-ADMIN-DIVISION-2024,"level=2, code=130200000000, parent=130000000000",2026-08-01T00:00:00+08:00,,2025—2026沿用最近可用行政区划版本，仅用于前向面板占位。
CN-130300,130300,130300000000,秦皇岛市,13,河北省,地级市,core,2025,2025,2024,2025-01-01,,carry_forward,SRC-ADMIN-DIVISION-2024,"level=2, code=130300000000, parent=130000000000",2026-08-01T00:00:00+08:00,,2025—2026沿用最近可用行政区划版本，仅用于前向面板占位。
CN-130400,130400,130400000000,邯郸市,13,河北省,地级市,core,2025,2025,2024,2025-01-01,,carry_forward,SRC-ADMIN-DIVISION-2024,"level=2, code=130400000000, parent=130000000000",2026-08-01T00:00:00+08:00,,2025—2026沿用最近可用行政区划版本，仅用于前向面板占位。
CN-130500,130500,130500000000,邢台市,13,河北省,地级市,core,2025,2025,2024,2025-01-01,,carry_forward,SRC-ADMIN-DIVISION-2024,"level=2, code=130500000000, parent=130000000000",2026-08-01T00:00:00+08:00,,2025—2026沿用最近可用行政区划版本，仅用于前向面板占位。
CN-130600,130600,130600000000,保定市,13,河北省,地级市,core,2025,2025,2024,2025-01-01,,carry_forward,SRC-ADMIN-DIVISION-2024,"level=2, code=130600000000, parent=130000000000",2026-08-01T00:00:00+08:00,,2025—2026沿用最近可用行政区划版本，仅用于前向面板占位。
CN-130700,130700,130700000000,张家口市,13,河北省,地级市,core,2025,2025,2024,2025-01-01,,carry_forward,SRC-ADMIN-DIVISION-2024,"level=2, code=130700000000, parent=130000000000",2026-08-01T00:00:00+08:00,,2025—2026沿用最近可用行政区划版本，仅用于前向面板占位。
CN-130800,130800,130800000000,承德市,13,河北省,地级市,core,2025,2025,2024,2025-01-01,,carry_forward,SRC-ADMIN-DIVISION-2024,"level=2, code=130800000000, parent=130000000000",2026-08-01T00:00:00+08:00,,2025—2026沿用最近可用行政区划版本，仅用于前向面板占位。
CN-130900,130900,130900000000,沧州市,13,河北省,地级市,core,2025,2025,2024,2025-01-01,,carry_forward,SRC-ADMIN-DIVISION-2024,"level=2, code=130900000000, parent=130000000000",2026-08-01T00:00:00+08:00,,2025—2026沿用最近可用行政区划版本，仅用于前向面板占位。
CN-131000,131000,131000000000,廊坊市,13,河北省,地级市,core,2025,2025,2024,2025-01-01,,carry_forward,SRC-ADMIN-DIVISION-2024,"level=2, code=131000000000, parent=130000000000",2026-08-01T00:00:00+08:00,,2025—2026沿用最近可用行政区划版本，仅用于前向面板占位。
CN-131100,131100,131100000000,衡水市,13,河北省,地级市,core,2025,2025,2024,2025-01-01,,carry_forward,SRC-ADMIN-DIVISION-2024,"level=2, code=131100000000, parent=130000000000",2026-08-01T00:00:00+08:00,,2025—2026沿用最近可用行政区划版本，仅用于前向面板占位。
CN-133100,133100,133100000000,雄安新区,13,河北省,地级市,core,2025,2025,2024,2025-01-01,,carry_forward,SRC-ADMIN-DIVISION-2024,"level=2, code=133100000000, parent=130000000000",2026-08-01T00:00:00+08:00,,2025—2026沿用最近可用行政区划版本，仅用于前向面板占位。
CN-140100,140100,140100000000,太原市,14,山西省,地级市,core,2025,2025,2024,2025-01-01,,carry_forward,SRC-ADMIN-DIVISION-2024,"level=2, code=140100000000, parent=140000000000",2026-08-01T00:00:00+08:00,,2025—2026沿用最近可用行政区划版本，仅用于前向面板占位。
CN-140200,140200,140200000000,大同市,14,山西省,地级市,core,2025,2025,2024,2025-01-01,,carry_forward,SRC-ADMIN-DIVISION-2024,"level=2, code=140200000000, parent=140000000000",2026-08-01T00:00:00+08:00,,2025—2026沿用最近可用行政区划版本，仅用于前向面板占位。
CN-140300,140300,140300000000,阳泉市,14,山西省,地级市,core,2025,2025,2024,2025-01-01,,carry_forward,SRC-ADMIN-DIVISION-2024,"level=2, code=140300000000, parent=140000000000",2026-08-01T00:00:00+08:00,,2025—2026沿用最近可用行政区划版本，仅用于前向面板占位。
CN-140400,140400,140400000000,长治市,14,山西省,地级市,core,2025,2025,2024,2025-01-01,,carry_forward,SRC-ADMIN-DIVISION-2024,"level=2, code=140400000000, parent=140000000000",2026-08-01T00:00:00+08:00,,2025—2026沿用最近可用行政区划版本，仅用于前向面板占位。
CN-140500,140500,140500000000,晋城市,14,山西省,地级市,core,2025,2025,2024,2025-01-01,,carry_forward,SRC-ADMIN-DIVISION-2024,"level=2, code=140500000000, parent=140000000000",2026-08-01T00:00:00+08:00,,2025—2026沿用最近可用行政区划版本，仅用于前向面板占位。
CN-140600,140600,140600000000,朔州市,14,山西省,地级市,core,2025,2025,2024,2025-01-01,,carry_forward,SRC-ADMIN-DIVISION-2024,"level=2, code=140600000000, parent=140000000000",2026-08-01T00:00:00+08:00,,2025—2026沿用最近可用行政区划版本，仅用于前向面板占位。
CN-140700,140700,140700000000,晋中市,14,山西省,地级市,core,2025,2025,2024,2025-01-01,,carry_forward,SRC-ADMIN-DIVISION-2024,"level=2, code=140700000000, parent=140000000000",2026-08-01T00:00:00+08:00,,2025—2026沿用最近可用行政区划版本，仅用于前向面板占位。
CN-140800,140800,140800000000,运城市,14,山西省,地级市,core,2025,2025,2024,2025-01-01,,carry_forward,SRC-ADMIN-DIVISION-2024,"level=2, code=140800000000, parent=140000000000",2026-08-01T00:00:00+08:00,,2025—2026沿用最近可用行政区划版本，仅用于前向面板占位。
CN-140900,140900,140900000000,忻州市,14,山西省,地级市,core,2025,2025,2024,2025-01-01,,carry_forward,SRC-ADMIN-DIVISION-2024,"level=2, code=140900000000, parent=140000000000",2026-08-01T00:00:00+08:00,,2025—2026沿用最近可用行政区划版本，仅用于前向面板占位。
CN-141000,141000,141000000000,临汾市,14,山西省,地级市,core,2025,2025,2024,2025-01-01,,carry_forward,SRC-ADMIN-DIVISION-2024,"level=2, code=141000000000, parent=140000000000",2026-08-01T00:00:00+08:00,,2025—2026沿用最近可用行政区划版本，仅用于前向面板占位。
CN-141100,141100,141100000000,吕梁市,14,山西省,地级市,core,2025,2025,2024,2025-01-01,,carry_forward,SRC-ADMIN-DIVISION-2024,"level=2, code=141100000000, parent=140000000000",2026-08-01T00:00:00+08:00,,2025—2026沿用最近可用行政区划版本，仅用于前向面板占位。
CN-150100,150100,150100000000,呼和浩特市,15,内蒙古自治区,地级市,core,2025,2025,2024,2025-01-01,,carry_forward,SRC-ADMIN-DIVISION-2024,"level=2, code=150100000000, parent=150000000000",2026-08-01T00:00:00+08:00,,2025—2026沿用最近可用行政区划版本，仅用于前向面板占位。
CN-150200,150200,150200000000,包头市,15,内蒙古自治区,地级市,core,2025,2025,2024,2025-01-01,,carry_forward,SRC-ADMIN-DIVISION-2024,"level=2, code=150200000000, parent=150000000000",2026-08-01T00:00:00+08:00,,2025—2026沿用最近可用行政区划版本，仅用于前向面板占位。
CN-150300,150300,150300000000,乌海市,15,内蒙古自治区,地级市,core,2025,2025,2024,2025-01-01,,carry_forward,SRC-ADMIN-DIVISION-2024,"level=2, code=150300000000, parent=150000000000",2026-08-01T00:00:00+08:00,,2025—2026沿用最近可用行政区划版本，仅用于前向面板占位。
CN-150400,150400,150400000000,赤峰市,15,内蒙古自治区,地级市,core,2025,2025,2024,2025-01-01,,carry_forward,SRC-ADMIN-DIVISION-2024,"level=2, code=150400000000, parent=150000000000",2026-08-01T00:00:00+08:00,,2025—2026沿用最近可用行政区划版本，仅用于前向面板占位。
CN-150500,150500,150500000000,通辽市,15,内蒙古自治区,地级市,core,2025,2025,2024,2025-01-01,,carry_forward,SRC-ADMIN-DIVISION-2024,"level=2, code=150500000000, parent=150000000000",2026-08-01T00:00:00+08:00,,2025—2026沿用最近可用行政区划版本，仅用于前向面板占位。
CN-150600,150600,150600000000,鄂尔多斯市,15,内蒙古自治区,地级市,core,2025,2025,2024,2025-01-01,,carry_forward,SRC-ADMIN-DIVISION-2024,"level=2, code=150600000000, parent=150000000000",2026-08-01T00:00:00+08:00,,2025—2026沿用最近可用行政区划版本，仅用于前向面板占位。
CN-150700,150700,150700000000,呼伦贝尔市,15,内蒙古自治区,地级市,core,2025,2025,2024,2025-01-01,,carry_forward,SRC-ADMIN-DIVISION-2024,"level=2, code=150700000000, parent=150000000000",2026-08-01T00:00:00+08:00,,2025—2026沿用最近可用行政区划版本，仅用于前向面板占位。
CN-150800,150800,150800000000,巴彦淖尔市,15,内蒙古自治区,地级市,core,2025,2025,2024,2025-01-01,,carry_forward,SRC-ADMIN-DIVISION-2024,"level=2, code=150800000000, parent=150000000000",2026-08-01T00:00:00+08:00,,2025—2026沿用最近可用行政区划版本，仅用于前向面板占位。
CN-150900,150900,150900000000,乌兰察布市,15,内蒙古自治区,地级市,core,2025,2025,2024,2025-01-01,,carry_forward,SRC-ADMIN-DIVISION-2024,"level=2, code=150900000000, parent=150000000000",2026-08-01T00:00:00+08:00,,2025—2026沿用最近可用行政区划版本，仅用于前向面板占位。
CN-152200,152200,152200000000,兴安盟,15,内蒙古自治区,盟,extended,2025,2025,2024,2025-01-01,,carry_forward,SRC-ADMIN-DIVISION-2024,"level=2, code=152200000000, parent=150000000000",2026-08-01T00:00:00+08:00,,2025—2026沿用最近可用行政区划版本，仅用于前向面板占位。
CN-152500,152500,152500000000,锡林郭勒盟,15,内蒙古自治区,盟,extended,2025,2025,2024,2025-01-01,,carry_forward,SRC-ADMIN-DIVISION-2024,"level=2, code=152500000000, parent=150000000000",2026-08-01T00:00:00+08:00,,2025—2026沿用最近可用行政区划版本，仅用于前向面板占位。
CN-152900,152900,152900000000,阿拉善盟,15,内蒙古自治区,盟,extended,2025,2025,2024,2025-01-01,,carry_forward,SRC-ADMIN-DIVISION-2024,"level=2, code=152900000000, parent=150000000000",2026-08-01T00:00:00+08:00,,2025—2026沿用最近可用行政区划版本，仅用于前向面板占位。
CN-210100,210100,210100000000,沈阳市,21,辽宁省,地级市,core,2025,2025,2024,2025-01-01,,carry_forward,SRC-ADMIN-DIVISION-2024,"level=2, code=210100000000, parent=210000000000",2026-08-01T00:00:00+08:00,,2025—2026沿用最近可用行政区划版本，仅用于前向面板占位。
CN-210200,210200,210200000000,大连市,21,辽宁省,地级市,core,2025,2025,2024,2025-01-01,,carry_forward,SRC-ADMIN-DIVISION-2024,"level=2, code=210200000000, parent=210000000000",2026-08-01T00:00:00+08:00,,2025—2026沿用最近可用行政区划版本，仅用于前向面板占位。
CN-210300,210300,210300000000,鞍山市,21,辽宁省,地级市,core,2025,2025,2024,2025-01-01,,carry_forward,SRC-ADMIN-DIVISION-2024,"level=2, code=210300000000, parent=210000000000",2026-08-01T00:00:00+08:00,,2025—2026沿用最近可用行政区划版本，仅用于前向面板占位。
CN-210400,210400,210400000000,抚顺市,21,辽宁省,地级市,core,2025,2025,2024,2025-01-01,,carry_forward,SRC-ADMIN-DIVISION-2024,"level=2, code=210400000000, parent=210000000000",2026-08-01T00:00:00+08:00,,2025—2026沿用最近可用行政区划版本，仅用于前向面板占位。
CN-210500,210500,210500000000,本溪市,21,辽宁省,地级市,core,2025,2025,2024,2025-01-01,,carry_forward,SRC-ADMIN-DIVISION-2024,"level=2, code=210500000000, parent=210000000000",2026-08-01T00:00:00+08:00,,2025—2026沿用最近可用行政区划版本，仅用于前向面板占位。
CN-210600,210600,210600000000,丹东市,21,辽宁省,地级市,core,2025,2025,2024,2025-01-01,,carry_forward,SRC-ADMIN-DIVISION-2024,"level=2, code=210600000000, parent=210000000000",2026-08-01T00:00:00+08:00,,2025—2026沿用最近可用行政区划版本，仅用于前向面板占位。
CN-210700,210700,210700000000,锦州市,21,辽宁省,地级市,core,2025,2025,2024,2025-01-01,,carry_forward,SRC-ADMIN-DIVISION-2024,"level=2, code=210700000000, parent=210000000000",2026-08-01T00:00:00+08:00,,2025—2026沿用最近可用行政区划版本，仅用于前向面板占位。
CN-210800,210800,210800000000,营口市,21,辽宁省,地级市,core,2025,2025,2024,2025-01-01,,carry_forward,SRC-ADMIN-DIVISION-2024,"level=2, code=210800000000, parent=210000000000",2026-08-01T00:00:00+08:00,,2025—2026沿用最近可用行政区划版本，仅用于前向面板占位。
CN-210900,210900,210900000000,阜新市,21,辽宁省,地级市,core,2025,2025,2024,2025-01-01,,carry_forward,SRC-ADMIN-DIVISION-2024,"level=2, code=210900000000, parent=210000000000",2026-08-01T00:00:00+08:00,,2025—2026沿用最近可用行政区划版本，仅用于前向面板占位。
CN-211000,211000,211000000000,辽阳市,21,辽宁省,地级市,core,2025,2025,2024,2025-01-01,,carry_forward,SRC-ADMIN-DIVISION-2024,"level=2, code=211000000000, parent=210000000000",2026-08-01T00:00:00+08:00,,2025—2026沿用最近可用行政区划版本，仅用于前向面板占位。
CN-211100,211100,211100000000,盘锦市,21,辽宁省,地级市,core,2025,2025,2024,2025-01-01,,carry_forward,SRC-ADMIN-DIVISION-2024,"level=2, code=211100000000, parent=210000000000",2026-08-01T00:00:00+08:00,,2025—2026沿用最近可用行政区划版本，仅用于前向面板占位。
CN-211200,211200,211200000000,铁岭市,21,辽宁省,地级市,core,2025,2025,2024,2025-01-01,,carry_forward,SRC-ADMIN-DIVISION-2024,"level=2, code=211200000000, parent=210000000000",2026-08-01T00:00:00+08:00,,2025—2026沿用最近可用行政区划版本，仅用于前向面板占位。
CN-211300,211300,211300000000,朝阳市,21,辽宁省,地级市,core,2025,2025,2024,2025-01-01,,carry_forward,SRC-ADMIN-DIVISION-2024,"level=2, code=211300000000, parent=210000000000",2026-08-01T00:00:00+08:00,,2025—2026沿用最近可用行政区划版本，仅用于前向面板占位。
CN-211400,211400,211400000000,葫芦岛市,21,辽宁省,地级市,core,2025,2025,2024,2025-01-01,,carry_forward,SRC-ADMIN-DIVISION-2024,"level=2, code=211400000000, parent=210000000000",2026-08-01T00:00:00+08:00,,2025—2026沿用最近可用行政区划版本，仅用于前向面板占位。
CN-220100,220100,220100000000,长春市,22,吉林省,地级市,core,2025,2025,2024,2025-01-01,,carry_forward,SRC-ADMIN-DIVISION-2024,"level=2, code=220100000000, parent=220000000000",2026-08-01T00:00:00+08:00,,2025—2026沿用最近可用行政区划版本，仅用于前向面板占位。
CN-220200,220200,220200000000,吉林市,22,吉林省,地级市,core,2025,2025,2024,2025-01-01,,carry_forward,SRC-ADMIN-DIVISION-2024,"level=2, code=220200000000, parent=220000000000",2026-08-01T00:00:00+08:00,,2025—2026沿用最近可用行政区划版本，仅用于前向面板占位。
CN-220300,220300,220300000000,四平市,22,吉林省,地级市,core,2025,2025,2024,2025-01-01,,carry_forward,SRC-ADMIN-DIVISION-2024,"level=2, code=220300000000, parent=220000000000",2026-08-01T00:00:00+08:00,,2025—2026沿用最近可用行政区划版本，仅用于前向面板占位。
CN-220400,220400,220400000000,辽源市,22,吉林省,地级市,core,2025,2025,2024,2025-01-01,,carry_forward,SRC-ADMIN-DIVISION-2024,"level=2, code=220400000000, parent=220000000000",2026-08-01T00:00:00+08:00,,2025—2026沿用最近可用行政区划版本，仅用于前向面板占位。
CN-220500,220500,220500000000,通化市,22,吉林省,地级市,core,2025,2025,2024,2025-01-01,,carry_forward,SRC-ADMIN-DIVISION-2024,"level=2, code=220500000000, parent=220000000000",2026-08-01T00:00:00+08:00,,2025—2026沿用最近可用行政区划版本，仅用于前向面板占位。
CN-220600,220600,220600000000,白山市,22,吉林省,地级市,core,2025,2025,2024,2025-01-01,,carry_forward,SRC-ADMIN-DIVISION-2024,"level=2, code=220600000000, parent=220000000000",2026-08-01T00:00:00+08:00,,2025—2026沿用最近可用行政区划版本，仅用于前向面板占位。
CN-220700,220700,220700000000,松原市,22,吉林省,地级市,core,2025,2025,2024,2025-01-01,,carry_forward,SRC-ADMIN-DIVISION-2024,"level=2, code=220700000000, parent=220000000000",2026-08-01T00:00:00+08:00,,2025—2026沿用最近可用行政区划版本，仅用于前向面板占位。
CN-220800,220800,220800000000,白城市,22,吉林省,地级市,core,2025,2025,2024,2025-01-01,,carry_forward,SRC-ADMIN-DIVISION-2024,"level=2, code=220800000000, parent=220000000000",2026-08-01T00:00:00+08:00,,2025—2026沿用最近可用行政区划版本，仅用于前向面板占位。
CN-222400,222400,222400000000,延边朝鲜族自治州,22,吉林省,自治州,extended,2025,2025,2024,2025-01-01,,carry_forward,SRC-ADMIN-DIVISION-2024,"level=2, code=222400000000, parent=220000000000",2026-08-01T00:00:00+08:00,,2025—2026沿用最近可用行政区划版本，仅用于前向面板占位。
CN-230100,230100,230100000000,哈尔滨市,23,黑龙江省,地级市,core,2025,2025,2024,2025-01-01,,carry_forward,SRC-ADMIN-DIVISION-2024,"level=2, code=230100000000, parent=230000000000",2026-08-01T00:00:00+08:00,,2025—2026沿用最近可用行政区划版本，仅用于前向面板占位。
CN-230200,230200,230200000000,齐齐哈尔市,23,黑龙江省,地级市,core,2025,2025,2024,2025-01-01,,carry_forward,SRC-ADMIN-DIVISION-2024,"level=2, code=230200000000, parent=230000000000",2026-08-01T00:00:00+08:00,,2025—2026沿用最近可用行政区划版本，仅用于前向面板占位。
CN-230300,230300,230300000000,鸡西市,23,黑龙江省,地级市,core,2025,2025,2024,2025-01-01,,carry_forward,SRC-ADMIN-DIVISION-2024,"level=2, code=230300000000, parent=230000000000",2026-08-01T00:00:00+08:00,,2025—2026沿用最近可用行政区划版本，仅用于前向面板占位。
CN-230400,230400,230400000000,鹤岗市,23,黑龙江省,地级市,core,2025,2025,2024,2025-01-01,,carry_forward,SRC-ADMIN-DIVISION-2024,"level=2, code=230400000000, parent=230000000000",2026-08-01T00:00:00+08:00,,2025—2026沿用最近可用行政区划版本，仅用于前向面板占位。
CN-230500,230500,230500000000,双鸭山市,23,黑龙江省,地级市,core,2025,2025,2024,2025-01-01,,carry_forward,SRC-ADMIN-DIVISION-2024,"level=2, code=230500000000, parent=230000000000",2026-08-01T00:00:00+08:00,,2025—2026沿用最近可用行政区划版本，仅用于前向面板占位。
CN-230600,230600,230600000000,大庆市,23,黑龙江省,地级市,core,2025,2025,2024,2025-01-01,,carry_forward,SRC-ADMIN-DIVISION-2024,"level=2, code=230600000000, parent=230000000000",2026-08-01T00:00:00+08:00,,2025—2026沿用最近可用行政区划版本，仅用于前向面板占位。
CN-230700,230700,230700000000,伊春市,23,黑龙江省,地级市,core,2025,2025,2024,2025-01-01,,carry_forward,SRC-ADMIN-DIVISION-2024,"level=2, code=230700000000, parent=230000000000",2026-08-01T00:00:00+08:00,,2025—2026沿用最近可用行政区划版本，仅用于前向面板占位。
CN-230800,230800,230800000000,佳木斯市,23,黑龙江省,地级市,core,2025,2025,2024,2025-01-01,,carry_forward,SRC-ADMIN-DIVISION-2024,"level=2, code=230800000000, parent=230000000000",2026-08-01T00:00:00+08:00,,2025—2026沿用最近可用行政区划版本，仅用于前向面板占位。
CN-230900,230900,230900000000,七台河市,23,黑龙江省,地级市,core,2025,2025,2024,2025-01-01,,carry_forward,SRC-ADMIN-DIVISION-2024,"level=2, code=230900000000, parent=230000000000",2026-08-01T00:00:00+08:00,,2025—2026沿用最近可用行政区划版本，仅用于前向面板占位。
CN-231000,231000,231000000000,牡丹江市,23,黑龙江省,地级市,core,2025,2025,2024,2025-01-01,,carry_forward,SRC-ADMIN-DIVISION-2024,"level=2, code=231000000000, parent=230000000000",2026-08-01T00:00:00+08:00,,2025—2026沿用最近可用行政区划版本，仅用于前向面板占位。
CN-231100,231100,231100000000,黑河市,23,黑龙江省,地级市,core,2025,2025,2024,2025-01-01,,carry_forward,SRC-ADMIN-DIVISION-2024,"level=2, code=231100000000, parent=230000000000",2026-08-01T00:00:00+08:00,,2025—2026沿用最近可用行政区划版本，仅用于前向面板占位。
CN-231200,231200,231200000000,绥化市,23,黑龙江省,地级市,core,2025,2025,2024,2025-01-01,,carry_forward,SRC-ADMIN-DIVISION-2024,"level=2, code=231200000000, parent=230000000000",2026-08-01T00:00:00+08:00,,2025—2026沿用最近可用行政区划版本，仅用于前向面板占位。
CN-232700,232700,232700000000,大兴安岭地区,23,黑龙江省,地区,extended,2025,2025,2024,2025-01-01,,carry_forward,SRC-ADMIN-DIVISION-2024,"level=2, code=232700000000, parent=230000000000",2026-08-01T00:00:00+08:00,,2025—2026沿用最近可用行政区划版本，仅用于前向面板占位。
CN-310000,310000,310000000000,上海市,31,上海市,直辖市,separate,2025,2025,2024,2025-01-01,,carry_forward,SRC-ADMIN-DIVISION-2024,"level=2, code=310100000000, parent=310000000000",2026-08-01T00:00:00+08:00,,2025—2026沿用最近可用行政区划版本，仅用于前向面板占位。
CN-320100,320100,320100000000,南京市,32,江苏省,地级市,core,2025,2025,2024,2025-01-01,,carry_forward,SRC-ADMIN-DIVISION-2024,"level=2, code=320100000000, parent=320000000000",2026-08-01T00:00:00+08:00,,2025—2026沿用最近可用行政区划版本，仅用于前向面板占位。
CN-320200,320200,320200000000,无锡市,32,江苏省,地级市,core,2025,2025,2024,2025-01-01,,carry_forward,SRC-ADMIN-DIVISION-2024,"level=2, code=320200000000, parent=320000000000",2026-08-01T00:00:00+08:00,,2025—2026沿用最近可用行政区划版本，仅用于前向面板占位。
CN-320300,320300,320300000000,徐州市,32,江苏省,地级市,core,2025,2025,2024,2025-01-01,,carry_forward,SRC-ADMIN-DIVISION-2024,"level=2, code=320300000000, parent=320000000000",2026-08-01T00:00:00+08:00,,2025—2026沿用最近可用行政区划版本，仅用于前向面板占位。
CN-320400,320400,320400000000,常州市,32,江苏省,地级市,core,2025,2025,2024,2025-01-01,,carry_forward,SRC-ADMIN-DIVISION-2024,"level=2, code=320400000000, parent=320000000000",2026-08-01T00:00:00+08:00,,2025—2026沿用最近可用行政区划版本，仅用于前向面板占位。
CN-320500,320500,320500000000,苏州市,32,江苏省,地级市,core,2025,2025,2024,2025-01-01,,carry_forward,SRC-ADMIN-DIVISION-2024,"level=2, code=320500000000, parent=320000000000",2026-08-01T00:00:00+08:00,,2025—2026沿用最近可用行政区划版本，仅用于前向面板占位。
CN-320600,320600,320600000000,南通市,32,江苏省,地级市,core,2025,2025,2024,2025-01-01,,carry_forward,SRC-ADMIN-DIVISION-2024,"level=2, code=320600000000, parent=320000000000",2026-08-01T00:00:00+08:00,,2025—2026沿用最近可用行政区划版本，仅用于前向面板占位。
CN-320700,320700,320700000000,连云港市,32,江苏省,地级市,core,2025,2025,2024,2025-01-01,,carry_forward,SRC-ADMIN-DIVISION-2024,"level=2, code=320700000000, parent=320000000000",2026-08-01T00:00:00+08:00,,2025—2026沿用最近可用行政区划版本，仅用于前向面板占位。
CN-320800,320800,320800000000,淮安市,32,江苏省,地级市,core,2025,2025,2024,2025-01-01,,carry_forward,SRC-ADMIN-DIVISION-2024,"level=2, code=320800000000, parent=320000000000",2026-08-01T00:00:00+08:00,,2025—2026沿用最近可用行政区划版本，仅用于前向面板占位。
CN-320900,320900,320900000000,盐城市,32,江苏省,地级市,core,2025,2025,2024,2025-01-01,,carry_forward,SRC-ADMIN-DIVISION-2024,"level=2, code=320900000000, parent=320000000000",2026-08-01T00:00:00+08:00,,2025—2026沿用最近可用行政区划版本，仅用于前向面板占位。
CN-321000,321000,321000000000,扬州市,32,江苏省,地级市,core,2025,2025,2024,2025-01-01,,carry_forward,SRC-ADMIN-DIVISION-2024,"level=2, code=321000000000, parent=320000000000",2026-08-01T00:00:00+08:00,,2025—2026沿用最近可用行政区划版本，仅用于前向面板占位。
CN-321100,321100,321100000000,镇江市,32,江苏省,地级市,core,2025,2025,2024,2025-01-01,,carry_forward,SRC-ADMIN-DIVISION-2024,"level=2, code=321100000000, parent=320000000000",2026-08-01T00:00:00+08:00,,2025—2026沿用最近可用行政区划版本，仅用于前向面板占位。
CN-321200,321200,321200000000,泰州市,32,江苏省,地级市,core,2025,2025,2024,2025-01-01,,carry_forward,SRC-ADMIN-DIVISION-2024,"level=2, code=321200000000, parent=320000000000",2026-08-01T00:00:00+08:00,,2025—2026沿用最近可用行政区划版本，仅用于前向面板占位。
CN-321300,321300,321300000000,宿迁市,32,江苏省,地级市,core,2025,2025,2024,2025-01-01,,carry_forward,SRC-ADMIN-DIVISION-2024,"level=2, code=321300000000, parent=320000000000",2026-08-01T00:00:00+08:00,,2025—2026沿用最近可用行政区划版本，仅用于前向面板占位。
CN-330100,330100,330100000000,杭州市,33,浙江省,地级市,core,2025,2025,2024,2025-01-01,,carry_forward,SRC-ADMIN-DIVISION-2024,"level=2, code=330100000000, parent=330000000000",2026-08-01T00:00:00+08:00,,2025—2026沿用最近可用行政区划版本，仅用于前向面板占位。
CN-330200,330200,330200000000,宁波市,33,浙江省,地级市,core,2025,2025,2024,2025-01-01,,carry_forward,SRC-ADMIN-DIVISION-2024,"level=2, code=330200000000, parent=330000000000",2026-08-01T00:00:00+08:00,,2025—2026沿用最近可用行政区划版本，仅用于前向面板占位。
CN-330300,330300,330300000000,温州市,33,浙江省,地级市,core,2025,2025,2024,2025-01-01,,carry_forward,SRC-ADMIN-DIVISION-2024,"level=2, code=330300000000, parent=330000000000",2026-08-01T00:00:00+08:00,,2025—2026沿用最近可用行政区划版本，仅用于前向面板占位。
CN-330400,330400,330400000000,嘉兴市,33,浙江省,地级市,core,2025,2025,2024,2025-01-01,,carry_forward,SRC-ADMIN-DIVISION-2024,"level=2, code=330400000000, parent=330000000000",2026-08-01T00:00:00+08:00,,2025—2026沿用最近可用行政区划版本，仅用于前向面板占位。
CN-330500,330500,330500000000,湖州市,33,浙江省,地级市,core,2025,2025,2024,2025-01-01,,carry_forward,SRC-ADMIN-DIVISION-2024,"level=2, code=330500000000, parent=330000000000",2026-08-01T00:00:00+08:00,,2025—2026沿用最近可用行政区划版本，仅用于前向面板占位。
CN-330600,330600,330600000000,绍兴市,33,浙江省,地级市,core,2025,2025,2024,2025-01-01,,carry_forward,SRC-ADMIN-DIVISION-2024,"level=2, code=330600000000, parent=330000000000",2026-08-01T00:00:00+08:00,,2025—2026沿用最近可用行政区划版本，仅用于前向面板占位。
CN-330700,330700,330700000000,金华市,33,浙江省,地级市,core,2025,2025,2024,2025-01-01,,carry_forward,SRC-ADMIN-DIVISION-2024,"level=2, code=330700000000, parent=330000000000",2026-08-01T00:00:00+08:00,,2025—2026沿用最近可用行政区划版本，仅用于前向面板占位。
CN-330800,330800,330800000000,衢州市,33,浙江省,地级市,core,2025,2025,2024,2025-01-01,,carry_forward,SRC-ADMIN-DIVISION-2024,"level=2, code=330800000000, parent=330000000000",2026-08-01T00:00:00+08:00,,2025—2026沿用最近可用行政区划版本，仅用于前向面板占位。
CN-330900,330900,330900000000,舟山市,33,浙江省,地级市,core,2025,2025,2024,2025-01-01,,carry_forward,SRC-ADMIN-DIVISION-2024,"level=2, code=330900000000, parent=330000000000",2026-08-01T00:00:00+08:00,,2025—2026沿用最近可用行政区划版本，仅用于前向面板占位。
CN-331000,331000,331000000000,台州市,33,浙江省,地级市,core,2025,2025,2024,2025-01-01,,carry_forward,SRC-ADMIN-DIVISION-2024,"level=2, code=331000000000, parent=330000000000",2026-08-01T00:00:00+08:00,,2025—2026沿用最近可用行政区划版本，仅用于前向面板占位。
CN-331100,331100,331100000000,丽水市,33,浙江省,地级市,core,2025,2025,2024,2025-01-01,,carry_forward,SRC-ADMIN-DIVISION-2024,"level=2, code=331100000000, parent=330000000000",2026-08-01T00:00:00+08:00,,2025—2026沿用最近可用行政区划版本，仅用于前向面板占位。
CN-340100,340100,340100000000,合肥市,34,安徽省,地级市,core,2025,2025,2024,2025-01-01,,carry_forward,SRC-ADMIN-DIVISION-2024,"level=2, code=340100000000, parent=340000000000",2026-08-01T00:00:00+08:00,,2025—2026沿用最近可用行政区划版本，仅用于前向面板占位。
CN-340200,340200,340200000000,芜湖市,34,安徽省,地级市,core,2025,2025,2024,2025-01-01,,carry_forward,SRC-ADMIN-DIVISION-2024,"level=2, code=340200000000, parent=340000000000",2026-08-01T00:00:00+08:00,,2025—2026沿用最近可用行政区划版本，仅用于前向面板占位。
CN-340300,340300,340300000000,蚌埠市,34,安徽省,地级市,core,2025,2025,2024,2025-01-01,,carry_forward,SRC-ADMIN-DIVISION-2024,"level=2, code=340300000000, parent=340000000000",2026-08-01T00:00:00+08:00,,2025—2026沿用最近可用行政区划版本，仅用于前向面板占位。
CN-340400,340400,340400000000,淮南市,34,安徽省,地级市,core,2025,2025,2024,2025-01-01,,carry_forward,SRC-ADMIN-DIVISION-2024,"level=2, code=340400000000, parent=340000000000",2026-08-01T00:00:00+08:00,,2025—2026沿用最近可用行政区划版本，仅用于前向面板占位。
CN-340500,340500,340500000000,马鞍山市,34,安徽省,地级市,core,2025,2025,2024,2025-01-01,,carry_forward,SRC-ADMIN-DIVISION-2024,"level=2, code=340500000000, parent=340000000000",2026-08-01T00:00:00+08:00,,2025—2026沿用最近可用行政区划版本，仅用于前向面板占位。
CN-340600,340600,340600000000,淮北市,34,安徽省,地级市,core,2025,2025,2024,2025-01-01,,carry_forward,SRC-ADMIN-DIVISION-2024,"level=2, code=340600000000, parent=340000000000",2026-08-01T00:00:00+08:00,,2025—2026沿用最近可用行政区划版本，仅用于前向面板占位。
CN-340700,340700,340700000000,铜陵市,34,安徽省,地级市,core,2025,2025,2024,2025-01-01,,carry_forward,SRC-ADMIN-DIVISION-2024,"level=2, code=340700000000, parent=340000000000",2026-08-01T00:00:00+08:00,,2025—2026沿用最近可用行政区划版本，仅用于前向面板占位。
CN-340800,340800,340800000000,安庆市,34,安徽省,地级市,core,2025,2025,2024,2025-01-01,,carry_forward,SRC-ADMIN-DIVISION-2024,"level=2, code=340800000000, parent=340000000000",2026-08-01T00:00:00+08:00,,2025—2026沿用最近可用行政区划版本，仅用于前向面板占位。
CN-341000,341000,341000000000,黄山市,34,安徽省,地级市,core,2025,2025,2024,2025-01-01,,carry_forward,SRC-ADMIN-DIVISION-2024,"level=2, code=341000000000, parent=340000000000",2026-08-01T00:00:00+08:00,,2025—2026沿用最近可用行政区划版本，仅用于前向面板占位。
CN-341100,341100,341100000000,滁州市,34,安徽省,地级市,core,2025,2025,2024,2025-01-01,,carry_forward,SRC-ADMIN-DIVISION-2024,"level=2, code=341100000000, parent=340000000000",2026-08-01T00:00:00+08:00,,2025—2026沿用最近可用行政区划版本，仅用于前向面板占位。
CN-341200,341200,341200000000,阜阳市,34,安徽省,地级市,core,2025,2025,2024,2025-01-01,,carry_forward,SRC-ADMIN-DIVISION-2024,"level=2, code=341200000000, parent=340000000000",2026-08-01T00:00:00+08:00,,2025—2026沿用最近可用行政区划版本，仅用于前向面板占位。
CN-341300,341300,341300000000,宿州市,34,安徽省,地级市,core,2025,2025,2024,2025-01-01,,carry_forward,SRC-ADMIN-DIVISION-2024,"level=2, code=341300000000, parent=340000000000",2026-08-01T00:00:00+08:00,,2025—2026沿用最近可用行政区划版本，仅用于前向面板占位。
CN-341500,341500,341500000000,六安市,34,安徽省,地级市,core,2025,2025,2024,2025-01-01,,carry_forward,SRC-ADMIN-DIVISION-2024,"level=2, code=341500000000, parent=340000000000",2026-08-01T00:00:00+08:00,,2025—2026沿用最近可用行政区划版本，仅用于前向面板占位。
CN-341600,341600,341600000000,亳州市,34,安徽省,地级市,core,2025,2025,2024,2025-01-01,,carry_forward,SRC-ADMIN-DIVISION-2024,"level=2, code=341600000000, parent=340000000000",2026-08-01T00:00:00+08:00,,2025—2026沿用最近可用行政区划版本，仅用于前向面板占位。
CN-341700,341700,341700000000,池州市,34,安徽省,地级市,core,2025,2025,2024,2025-01-01,,carry_forward,SRC-ADMIN-DIVISION-2024,"level=2, code=341700000000, parent=340000000000",2026-08-01T00:00:00+08:00,,2025—2026沿用最近可用行政区划版本，仅用于前向面板占位。
CN-341800,341800,341800000000,宣城市,34,安徽省,地级市,core,2025,2025,2024,2025-01-01,,carry_forward,SRC-ADMIN-DIVISION-2024,"level=2, code=341800000000, parent=340000000000",2026-08-01T00:00:00+08:00,,2025—2026沿用最近可用行政区划版本，仅用于前向面板占位。
CN-350100,350100,350100000000,福州市,35,福建省,地级市,core,2025,2025,2024,2025-01-01,,carry_forward,SRC-ADMIN-DIVISION-2024,"level=2, code=350100000000, parent=350000000000",2026-08-01T00:00:00+08:00,,2025—2026沿用最近可用行政区划版本，仅用于前向面板占位。
CN-350200,350200,350200000000,厦门市,35,福建省,地级市,core,2025,2025,2024,2025-01-01,,carry_forward,SRC-ADMIN-DIVISION-2024,"level=2, code=350200000000, parent=350000000000",2026-08-01T00:00:00+08:00,,2025—2026沿用最近可用行政区划版本，仅用于前向面板占位。
CN-350300,350300,350300000000,莆田市,35,福建省,地级市,core,2025,2025,2024,2025-01-01,,carry_forward,SRC-ADMIN-DIVISION-2024,"level=2, code=350300000000, parent=350000000000",2026-08-01T00:00:00+08:00,,2025—2026沿用最近可用行政区划版本，仅用于前向面板占位。
CN-350400,350400,350400000000,三明市,35,福建省,地级市,core,2025,2025,2024,2025-01-01,,carry_forward,SRC-ADMIN-DIVISION-2024,"level=2, code=350400000000, parent=350000000000",2026-08-01T00:00:00+08:00,,2025—2026沿用最近可用行政区划版本，仅用于前向面板占位。
CN-350500,350500,350500000000,泉州市,35,福建省,地级市,core,2025,2025,2024,2025-01-01,,carry_forward,SRC-ADMIN-DIVISION-2024,"level=2, code=350500000000, parent=350000000000",2026-08-01T00:00:00+08:00,,2025—2026沿用最近可用行政区划版本，仅用于前向面板占位。
CN-350600,350600,350600000000,漳州市,35,福建省,地级市,core,2025,2025,2024,2025-01-01,,carry_forward,SRC-ADMIN-DIVISION-2024,"level=2, code=350600000000, parent=350000000000",2026-08-01T00:00:00+08:00,,2025—2026沿用最近可用行政区划版本，仅用于前向面板占位。
CN-350700,350700,350700000000,南平市,35,福建省,地级市,core,2025,2025,2024,2025-01-01,,carry_forward,SRC-ADMIN-DIVISION-2024,"level=2, code=350700000000, parent=350000000000",2026-08-01T00:00:00+08:00,,2025—2026沿用最近可用行政区划版本，仅用于前向面板占位。
CN-350800,350800,350800000000,龙岩市,35,福建省,地级市,core,2025,2025,2024,2025-01-01,,carry_forward,SRC-ADMIN-DIVISION-2024,"level=2, code=350800000000, parent=350000000000",2026-08-01T00:00:00+08:00,,2025—2026沿用最近可用行政区划版本，仅用于前向面板占位。
CN-350900,350900,350900000000,宁德市,35,福建省,地级市,core,2025,2025,2024,2025-01-01,,carry_forward,SRC-ADMIN-DIVISION-2024,"level=2, code=350900000000, parent=350000000000",2026-08-01T00:00:00+08:00,,2025—2026沿用最近可用行政区划版本，仅用于前向面板占位。
CN-360100,360100,360100000000,南昌市,36,江西省,地级市,core,2025,2025,2024,2025-01-01,,carry_forward,SRC-ADMIN-DIVISION-2024,"level=2, code=360100000000, parent=360000000000",2026-08-01T00:00:00+08:00,,2025—2026沿用最近可用行政区划版本，仅用于前向面板占位。
CN-360200,360200,360200000000,景德镇市,36,江西省,地级市,core,2025,2025,2024,2025-01-01,,carry_forward,SRC-ADMIN-DIVISION-2024,"level=2, code=360200000000, parent=360000000000",2026-08-01T00:00:00+08:00,,2025—2026沿用最近可用行政区划版本，仅用于前向面板占位。
CN-360300,360300,360300000000,萍乡市,36,江西省,地级市,core,2025,2025,2024,2025-01-01,,carry_forward,SRC-ADMIN-DIVISION-2024,"level=2, code=360300000000, parent=360000000000",2026-08-01T00:00:00+08:00,,2025—2026沿用最近可用行政区划版本，仅用于前向面板占位。
CN-360400,360400,360400000000,九江市,36,江西省,地级市,core,2025,2025,2024,2025-01-01,,carry_forward,SRC-ADMIN-DIVISION-2024,"level=2, code=360400000000, parent=360000000000",2026-08-01T00:00:00+08:00,,2025—2026沿用最近可用行政区划版本，仅用于前向面板占位。
CN-360500,360500,360500000000,新余市,36,江西省,地级市,core,2025,2025,2024,2025-01-01,,carry_forward,SRC-ADMIN-DIVISION-2024,"level=2, code=360500000000, parent=360000000000",2026-08-01T00:00:00+08:00,,2025—2026沿用最近可用行政区划版本，仅用于前向面板占位。
CN-360600,360600,360600000000,鹰潭市,36,江西省,地级市,core,2025,2025,2024,2025-01-01,,carry_forward,SRC-ADMIN-DIVISION-2024,"level=2, code=360600000000, parent=360000000000",2026-08-01T00:00:00+08:00,,2025—2026沿用最近可用行政区划版本，仅用于前向面板占位。
CN-360700,360700,360700000000,赣州市,36,江西省,地级市,core,2025,2025,2024,2025-01-01,,carry_forward,SRC-ADMIN-DIVISION-2024,"level=2, code=360700000000, parent=360000000000",2026-08-01T00:00:00+08:00,,2025—2026沿用最近可用行政区划版本，仅用于前向面板占位。
CN-360800,360800,360800000000,吉安市,36,江西省,地级市,core,2025,2025,2024,2025-01-01,,carry_forward,SRC-ADMIN-DIVISION-2024,"level=2, code=360800000000, parent=360000000000",2026-08-01T00:00:00+08:00,,2025—2026沿用最近可用行政区划版本，仅用于前向面板占位。
CN-360900,360900,360900000000,宜春市,36,江西省,地级市,core,2025,2025,2024,2025-01-01,,carry_forward,SRC-ADMIN-DIVISION-2024,"level=2, code=360900000000, parent=360000000000",2026-08-01T00:00:00+08:00,,2025—2026沿用最近可用行政区划版本，仅用于前向面板占位。
CN-361000,361000,361000000000,抚州市,36,江西省,地级市,core,2025,2025,2024,2025-01-01,,carry_forward,SRC-ADMIN-DIVISION-2024,"level=2, code=361000000000, parent=360000000000",2026-08-01T00:00:00+08:00,,2025—2026沿用最近可用行政区划版本，仅用于前向面板占位。
CN-361100,361100,361100000000,上饶市,36,江西省,地级市,core,2025,2025,2024,2025-01-01,,carry_forward,SRC-ADMIN-DIVISION-2024,"level=2, code=361100000000, parent=360000000000",2026-08-01T00:00:00+08:00,,2025—2026沿用最近可用行政区划版本，仅用于前向面板占位。
CN-370100,370100,370100000000,济南市,37,山东省,地级市,core,2025,2025,2024,2025-01-01,,carry_forward,SRC-ADMIN-DIVISION-2024,"level=2, code=370100000000, parent=370000000000",2026-08-01T00:00:00+08:00,,2025—2026沿用最近可用行政区划版本，仅用于前向面板占位。
CN-370200,370200,370200000000,青岛市,37,山东省,地级市,core,2025,2025,2024,2025-01-01,,carry_forward,SRC-ADMIN-DIVISION-2024,"level=2, code=370200000000, parent=370000000000",2026-08-01T00:00:00+08:00,,2025—2026沿用最近可用行政区划版本，仅用于前向面板占位。
CN-370300,370300,370300000000,淄博市,37,山东省,地级市,core,2025,2025,2024,2025-01-01,,carry_forward,SRC-ADMIN-DIVISION-2024,"level=2, code=370300000000, parent=370000000000",2026-08-01T00:00:00+08:00,,2025—2026沿用最近可用行政区划版本，仅用于前向面板占位。
CN-370400,370400,370400000000,枣庄市,37,山东省,地级市,core,2025,2025,2024,2025-01-01,,carry_forward,SRC-ADMIN-DIVISION-2024,"level=2, code=370400000000, parent=370000000000",2026-08-01T00:00:00+08:00,,2025—2026沿用最近可用行政区划版本，仅用于前向面板占位。
CN-370500,370500,370500000000,东营市,37,山东省,地级市,core,2025,2025,2024,2025-01-01,,carry_forward,SRC-ADMIN-DIVISION-2024,"level=2, code=370500000000, parent=370000000000",2026-08-01T00:00:00+08:00,,2025—2026沿用最近可用行政区划版本，仅用于前向面板占位。
CN-370600,370600,370600000000,烟台市,37,山东省,地级市,core,2025,2025,2024,2025-01-01,,carry_forward,SRC-ADMIN-DIVISION-2024,"level=2, code=370600000000, parent=370000000000",2026-08-01T00:00:00+08:00,,2025—2026沿用最近可用行政区划版本，仅用于前向面板占位。
CN-370700,370700,370700000000,潍坊市,37,山东省,地级市,core,2025,2025,2024,2025-01-01,,carry_forward,SRC-ADMIN-DIVISION-2024,"level=2, code=370700000000, parent=370000000000",2026-08-01T00:00:00+08:00,,2025—2026沿用最近可用行政区划版本，仅用于前向面板占位。
CN-370800,370800,370800000000,济宁市,37,山东省,地级市,core,2025,2025,2024,2025-01-01,,carry_forward,SRC-ADMIN-DIVISION-2024,"level=2, code=370800000000, parent=370000000000",2026-08-01T00:00:00+08:00,,2025—2026沿用最近可用行政区划版本，仅用于前向面板占位。
CN-370900,370900,370900000000,泰安市,37,山东省,地级市,core,2025,2025,2024,2025-01-01,,carry_forward,SRC-ADMIN-DIVISION-2024,"level=2, code=370900000000, parent=370000000000",2026-08-01T00:00:00+08:00,,2025—2026沿用最近可用行政区划版本，仅用于前向面板占位。
CN-371000,371000,371000000000,威海市,37,山东省,地级市,core,2025,2025,2024,2025-01-01,,carry_forward,SRC-ADMIN-DIVISION-2024,"level=2, code=371000000000, parent=370000000000",2026-08-01T00:00:00+08:00,,2025—2026沿用最近可用行政区划版本，仅用于前向面板占位。
CN-371100,371100,371100000000,日照市,37,山东省,地级市,core,2025,2025,2024,2025-01-01,,carry_forward,SRC-ADMIN-DIVISION-2024,"level=2, code=371100000000, parent=370000000000",2026-08-01T00:00:00+08:00,,2025—2026沿用最近可用行政区划版本，仅用于前向面板占位。
CN-371300,371300,371300000000,临沂市,37,山东省,地级市,core,2025,2025,2024,2025-01-01,,carry_forward,SRC-ADMIN-DIVISION-2024,"level=2, code=371300000000, parent=370000000000",2026-08-01T00:00:00+08:00,,2025—2026沿用最近可用行政区划版本，仅用于前向面板占位。
CN-371400,371400,371400000000,德州市,37,山东省,地级市,core,2025,2025,2024,2025-01-01,,carry_forward,SRC-ADMIN-DIVISION-2024,"level=2, code=371400000000, parent=370000000000",2026-08-01T00:00:00+08:00,,2025—2026沿用最近可用行政区划版本，仅用于前向面板占位。
CN-371500,371500,371500000000,聊城市,37,山东省,地级市,core,2025,2025,2024,2025-01-01,,carry_forward,SRC-ADMIN-DIVISION-2024,"level=2, code=371500000000, parent=370000000000",2026-08-01T00:00:00+08:00,,2025—2026沿用最近可用行政区划版本，仅用于前向面板占位。
CN-371600,371600,371600000000,滨州市,37,山东省,地级市,core,2025,2025,2024,2025-01-01,,carry_forward,SRC-ADMIN-DIVISION-2024,"level=2, code=371600000000, parent=370000000000",2026-08-01T00:00:00+08:00,,2025—2026沿用最近可用行政区划版本，仅用于前向面板占位。
CN-371700,371700,371700000000,菏泽市,37,山东省,地级市,core,2025,2025,2024,2025-01-01,,carry_forward,SRC-ADMIN-DIVISION-2024,"level=2, code=371700000000, parent=370000000000",2026-08-01T00:00:00+08:00,,2025—2026沿用最近可用行政区划版本，仅用于前向面板占位。
CN-410100,410100,410100000000,郑州市,41,河南省,地级市,core,2025,2025,2024,2025-01-01,,carry_forward,SRC-ADMIN-DIVISION-2024,"level=2, code=410100000000, parent=410000000000",2026-08-01T00:00:00+08:00,,2025—2026沿用最近可用行政区划版本，仅用于前向面板占位。
CN-410200,410200,410200000000,开封市,41,河南省,地级市,core,2025,2025,2024,2025-01-01,,carry_forward,SRC-ADMIN-DIVISION-2024,"level=2, code=410200000000, parent=410000000000",2026-08-01T00:00:00+08:00,,2025—2026沿用最近可用行政区划版本，仅用于前向面板占位。
CN-410300,410300,410300000000,洛阳市,41,河南省,地级市,core,2025,2025,2024,2025-01-01,,carry_forward,SRC-ADMIN-DIVISION-2024,"level=2, code=410300000000, parent=410000000000",2026-08-01T00:00:00+08:00,,2025—2026沿用最近可用行政区划版本，仅用于前向面板占位。
CN-410400,410400,410400000000,平顶山市,41,河南省,地级市,core,2025,2025,2024,2025-01-01,,carry_forward,SRC-ADMIN-DIVISION-2024,"level=2, code=410400000000, parent=410000000000",2026-08-01T00:00:00+08:00,,2025—2026沿用最近可用行政区划版本，仅用于前向面板占位。
CN-410500,410500,410500000000,安阳市,41,河南省,地级市,core,2025,2025,2024,2025-01-01,,carry_forward,SRC-ADMIN-DIVISION-2024,"level=2, code=410500000000, parent=410000000000",2026-08-01T00:00:00+08:00,,2025—2026沿用最近可用行政区划版本，仅用于前向面板占位。
CN-410600,410600,410600000000,鹤壁市,41,河南省,地级市,core,2025,2025,2024,2025-01-01,,carry_forward,SRC-ADMIN-DIVISION-2024,"level=2, code=410600000000, parent=410000000000",2026-08-01T00:00:00+08:00,,2025—2026沿用最近可用行政区划版本，仅用于前向面板占位。
CN-410700,410700,410700000000,新乡市,41,河南省,地级市,core,2025,2025,2024,2025-01-01,,carry_forward,SRC-ADMIN-DIVISION-2024,"level=2, code=410700000000, parent=410000000000",2026-08-01T00:00:00+08:00,,2025—2026沿用最近可用行政区划版本，仅用于前向面板占位。
CN-410800,410800,410800000000,焦作市,41,河南省,地级市,core,2025,2025,2024,2025-01-01,,carry_forward,SRC-ADMIN-DIVISION-2024,"level=2, code=410800000000, parent=410000000000",2026-08-01T00:00:00+08:00,,2025—2026沿用最近可用行政区划版本，仅用于前向面板占位。
CN-410900,410900,410900000000,濮阳市,41,河南省,地级市,core,2025,2025,2024,2025-01-01,,carry_forward,SRC-ADMIN-DIVISION-2024,"level=2, code=410900000000, parent=410000000000",2026-08-01T00:00:00+08:00,,2025—2026沿用最近可用行政区划版本，仅用于前向面板占位。
CN-411000,411000,411000000000,许昌市,41,河南省,地级市,core,2025,2025,2024,2025-01-01,,carry_forward,SRC-ADMIN-DIVISION-2024,"level=2, code=411000000000, parent=410000000000",2026-08-01T00:00:00+08:00,,2025—2026沿用最近可用行政区划版本，仅用于前向面板占位。
CN-411100,411100,411100000000,漯河市,41,河南省,地级市,core,2025,2025,2024,2025-01-01,,carry_forward,SRC-ADMIN-DIVISION-2024,"level=2, code=411100000000, parent=410000000000",2026-08-01T00:00:00+08:00,,2025—2026沿用最近可用行政区划版本，仅用于前向面板占位。
CN-411200,411200,411200000000,三门峡市,41,河南省,地级市,core,2025,2025,2024,2025-01-01,,carry_forward,SRC-ADMIN-DIVISION-2024,"level=2, code=411200000000, parent=410000000000",2026-08-01T00:00:00+08:00,,2025—2026沿用最近可用行政区划版本，仅用于前向面板占位。
CN-411300,411300,411300000000,南阳市,41,河南省,地级市,core,2025,2025,2024,2025-01-01,,carry_forward,SRC-ADMIN-DIVISION-2024,"level=2, code=411300000000, parent=410000000000",2026-08-01T00:00:00+08:00,,2025—2026沿用最近可用行政区划版本，仅用于前向面板占位。
CN-411400,411400,411400000000,商丘市,41,河南省,地级市,core,2025,2025,2024,2025-01-01,,carry_forward,SRC-ADMIN-DIVISION-2024,"level=2, code=411400000000, parent=410000000000",2026-08-01T00:00:00+08:00,,2025—2026沿用最近可用行政区划版本，仅用于前向面板占位。
CN-411500,411500,411500000000,信阳市,41,河南省,地级市,core,2025,2025,2024,2025-01-01,,carry_forward,SRC-ADMIN-DIVISION-2024,"level=2, code=411500000000, parent=410000000000",2026-08-01T00:00:00+08:00,,2025—2026沿用最近可用行政区划版本，仅用于前向面板占位。
CN-411600,411600,411600000000,周口市,41,河南省,地级市,core,2025,2025,2024,2025-01-01,,carry_forward,SRC-ADMIN-DIVISION-2024,"level=2, code=411600000000, parent=410000000000",2026-08-01T00:00:00+08:00,,2025—2026沿用最近可用行政区划版本，仅用于前向面板占位。
CN-411700,411700,411700000000,驻马店市,41,河南省,地级市,core,2025,2025,2024,2025-01-01,,carry_forward,SRC-ADMIN-DIVISION-2024,"level=2, code=411700000000, parent=410000000000",2026-08-01T00:00:00+08:00,,2025—2026沿用最近可用行政区划版本，仅用于前向面板占位。
CN-419000,419000,419000000000,省直辖县级行政区划,41,河南省,地级市,core,2025,2025,2024,2025-01-01,,carry_forward,SRC-ADMIN-DIVISION-2024,"level=2, code=419000000000, parent=410000000000",2026-08-01T00:00:00+08:00,,2025—2026沿用最近可用行政区划版本，仅用于前向面板占位。
CN-420100,420100,420100000000,武汉市,42,湖北省,地级市,core,2025,2025,2024,2025-01-01,,carry_forward,SRC-ADMIN-DIVISION-2024,"level=2, code=420100000000, parent=420000000000",2026-08-01T00:00:00+08:00,,2025—2026沿用最近可用行政区划版本，仅用于前向面板占位。
CN-420200,420200,420200000000,黄石市,42,湖北省,地级市,core,2025,2025,2024,2025-01-01,,carry_forward,SRC-ADMIN-DIVISION-2024,"level=2, code=420200000000, parent=420000000000",2026-08-01T00:00:00+08:00,,2025—2026沿用最近可用行政区划版本，仅用于前向面板占位。
CN-420300,420300,420300000000,十堰市,42,湖北省,地级市,core,2025,2025,2024,2025-01-01,,carry_forward,SRC-ADMIN-DIVISION-2024,"level=2, code=420300000000, parent=420000000000",2026-08-01T00:00:00+08:00,,2025—2026沿用最近可用行政区划版本，仅用于前向面板占位。
CN-420500,420500,420500000000,宜昌市,42,湖北省,地级市,core,2025,2025,2024,2025-01-01,,carry_forward,SRC-ADMIN-DIVISION-2024,"level=2, code=420500000000, parent=420000000000",2026-08-01T00:00:00+08:00,,2025—2026沿用最近可用行政区划版本，仅用于前向面板占位。
CN-420600,420600,420600000000,襄阳市,42,湖北省,地级市,core,2025,2025,2024,2025-01-01,,carry_forward,SRC-ADMIN-DIVISION-2024,"level=2, code=420600000000, parent=420000000000",2026-08-01T00:00:00+08:00,,2025—2026沿用最近可用行政区划版本，仅用于前向面板占位。
CN-420700,420700,420700000000,鄂州市,42,湖北省,地级市,core,2025,2025,2024,2025-01-01,,carry_forward,SRC-ADMIN-DIVISION-2024,"level=2, code=420700000000, parent=420000000000",2026-08-01T00:00:00+08:00,,2025—2026沿用最近可用行政区划版本，仅用于前向面板占位。
CN-420800,420800,420800000000,荆门市,42,湖北省,地级市,core,2025,2025,2024,2025-01-01,,carry_forward,SRC-ADMIN-DIVISION-2024,"level=2, code=420800000000, parent=420000000000",2026-08-01T00:00:00+08:00,,2025—2026沿用最近可用行政区划版本，仅用于前向面板占位。
CN-420900,420900,420900000000,孝感市,42,湖北省,地级市,core,2025,2025,2024,2025-01-01,,carry_forward,SRC-ADMIN-DIVISION-2024,"level=2, code=420900000000, parent=420000000000",2026-08-01T00:00:00+08:00,,2025—2026沿用最近可用行政区划版本，仅用于前向面板占位。
CN-421000,421000,421000000000,荆州市,42,湖北省,地级市,core,2025,2025,2024,2025-01-01,,carry_forward,SRC-ADMIN-DIVISION-2024,"level=2, code=421000000000, parent=420000000000",2026-08-01T00:00:00+08:00,,2025—2026沿用最近可用行政区划版本，仅用于前向面板占位。
CN-421100,421100,421100000000,黄冈市,42,湖北省,地级市,core,2025,2025,2024,2025-01-01,,carry_forward,SRC-ADMIN-DIVISION-2024,"level=2, code=421100000000, parent=420000000000",2026-08-01T00:00:00+08:00,,2025—2026沿用最近可用行政区划版本，仅用于前向面板占位。
CN-421200,421200,421200000000,咸宁市,42,湖北省,地级市,core,2025,2025,2024,2025-01-01,,carry_forward,SRC-ADMIN-DIVISION-2024,"level=2, code=421200000000, parent=420000000000",2026-08-01T00:00:00+08:00,,2025—2026沿用最近可用行政区划版本，仅用于前向面板占位。
CN-421300,421300,421300000000,随州市,42,湖北省,地级市,core,2025,2025,2024,2025-01-01,,carry_forward,SRC-ADMIN-DIVISION-2024,"level=2, code=421300000000, parent=420000000000",2026-08-01T00:00:00+08:00,,2025—2026沿用最近可用行政区划版本，仅用于前向面板占位。
CN-422800,422800,422800000000,恩施土家族苗族自治州,42,湖北省,自治州,extended,2025,2025,2024,2025-01-01,,carry_forward,SRC-ADMIN-DIVISION-2024,"level=2, code=422800000000, parent=420000000000",2026-08-01T00:00:00+08:00,,2025—2026沿用最近可用行政区划版本，仅用于前向面板占位。
CN-429000,429000,429000000000,省直辖县级行政区划,42,湖北省,地级市,core,2025,2025,2024,2025-01-01,,carry_forward,SRC-ADMIN-DIVISION-2024,"level=2, code=429000000000, parent=420000000000",2026-08-01T00:00:00+08:00,,2025—2026沿用最近可用行政区划版本，仅用于前向面板占位。
CN-430100,430100,430100000000,长沙市,43,湖南省,地级市,core,2025,2025,2024,2025-01-01,,carry_forward,SRC-ADMIN-DIVISION-2024,"level=2, code=430100000000, parent=430000000000",2026-08-01T00:00:00+08:00,,2025—2026沿用最近可用行政区划版本，仅用于前向面板占位。
CN-430200,430200,430200000000,株洲市,43,湖南省,地级市,core,2025,2025,2024,2025-01-01,,carry_forward,SRC-ADMIN-DIVISION-2024,"level=2, code=430200000000, parent=430000000000",2026-08-01T00:00:00+08:00,,2025—2026沿用最近可用行政区划版本，仅用于前向面板占位。
CN-430300,430300,430300000000,湘潭市,43,湖南省,地级市,core,2025,2025,2024,2025-01-01,,carry_forward,SRC-ADMIN-DIVISION-2024,"level=2, code=430300000000, parent=430000000000",2026-08-01T00:00:00+08:00,,2025—2026沿用最近可用行政区划版本，仅用于前向面板占位。
CN-430400,430400,430400000000,衡阳市,43,湖南省,地级市,core,2025,2025,2024,2025-01-01,,carry_forward,SRC-ADMIN-DIVISION-2024,"level=2, code=430400000000, parent=430000000000",2026-08-01T00:00:00+08:00,,2025—2026沿用最近可用行政区划版本，仅用于前向面板占位。
CN-430500,430500,430500000000,邵阳市,43,湖南省,地级市,core,2025,2025,2024,2025-01-01,,carry_forward,SRC-ADMIN-DIVISION-2024,"level=2, code=430500000000, parent=430000000000",2026-08-01T00:00:00+08:00,,2025—2026沿用最近可用行政区划版本，仅用于前向面板占位。
CN-430600,430600,430600000000,岳阳市,43,湖南省,地级市,core,2025,2025,2024,2025-01-01,,carry_forward,SRC-ADMIN-DIVISION-2024,"level=2, code=430600000000, parent=430000000000",2026-08-01T00:00:00+08:00,,2025—2026沿用最近可用行政区划版本，仅用于前向面板占位。
CN-430700,430700,430700000000,常德市,43,湖南省,地级市,core,2025,2025,2024,2025-01-01,,carry_forward,SRC-ADMIN-DIVISION-2024,"level=2, code=430700000000, parent=430000000000",2026-08-01T00:00:00+08:00,,2025—2026沿用最近可用行政区划版本，仅用于前向面板占位。
CN-430800,430800,430800000000,张家界市,43,湖南省,地级市,core,2025,2025,2024,2025-01-01,,carry_forward,SRC-ADMIN-DIVISION-2024,"level=2, code=430800000000, parent=430000000000",2026-08-01T00:00:00+08:00,,2025—2026沿用最近可用行政区划版本，仅用于前向面板占位。
CN-430900,430900,430900000000,益阳市,43,湖南省,地级市,core,2025,2025,2024,2025-01-01,,carry_forward,SRC-ADMIN-DIVISION-2024,"level=2, code=430900000000, parent=430000000000",2026-08-01T00:00:00+08:00,,2025—2026沿用最近可用行政区划版本，仅用于前向面板占位。
CN-431000,431000,431000000000,郴州市,43,湖南省,地级市,core,2025,2025,2024,2025-01-01,,carry_forward,SRC-ADMIN-DIVISION-2024,"level=2, code=431000000000, parent=430000000000",2026-08-01T00:00:00+08:00,,2025—2026沿用最近可用行政区划版本，仅用于前向面板占位。
CN-431100,431100,431100000000,永州市,43,湖南省,地级市,core,2025,2025,2024,2025-01-01,,carry_forward,SRC-ADMIN-DIVISION-2024,"level=2, code=431100000000, parent=430000000000",2026-08-01T00:00:00+08:00,,2025—2026沿用最近可用行政区划版本，仅用于前向面板占位。
CN-431200,431200,431200000000,怀化市,43,湖南省,地级市,core,2025,2025,2024,2025-01-01,,carry_forward,SRC-ADMIN-DIVISION-2024,"level=2, code=431200000000, parent=430000000000",2026-08-01T00:00:00+08:00,,2025—2026沿用最近可用行政区划版本，仅用于前向面板占位。
CN-431300,431300,431300000000,娄底市,43,湖南省,地级市,core,2025,2025,2024,2025-01-01,,carry_forward,SRC-ADMIN-DIVISION-2024,"level=2, code=431300000000, parent=430000000000",2026-08-01T00:00:00+08:00,,2025—2026沿用最近可用行政区划版本，仅用于前向面板占位。
CN-433100,433100,433100000000,湘西土家族苗族自治州,43,湖南省,自治州,extended,2025,2025,2024,2025-01-01,,carry_forward,SRC-ADMIN-DIVISION-2024,"level=2, code=433100000000, parent=430000000000",2026-08-01T00:00:00+08:00,,2025—2026沿用最近可用行政区划版本，仅用于前向面板占位。
CN-440100,440100,440100000000,广州市,44,广东省,地级市,core,2025,2025,2024,2025-01-01,,carry_forward,SRC-ADMIN-DIVISION-2024,"level=2, code=440100000000, parent=440000000000",2026-08-01T00:00:00+08:00,,2025—2026沿用最近可用行政区划版本，仅用于前向面板占位。
CN-440200,440200,440200000000,韶关市,44,广东省,地级市,core,2025,2025,2024,2025-01-01,,carry_forward,SRC-ADMIN-DIVISION-2024,"level=2, code=440200000000, parent=440000000000",2026-08-01T00:00:00+08:00,,2025—2026沿用最近可用行政区划版本，仅用于前向面板占位。
CN-440300,440300,440300000000,深圳市,44,广东省,地级市,core,2025,2025,2024,2025-01-01,,carry_forward,SRC-ADMIN-DIVISION-2024,"level=2, code=440300000000, parent=440000000000",2026-08-01T00:00:00+08:00,,2025—2026沿用最近可用行政区划版本，仅用于前向面板占位。
CN-440400,440400,440400000000,珠海市,44,广东省,地级市,core,2025,2025,2024,2025-01-01,,carry_forward,SRC-ADMIN-DIVISION-2024,"level=2, code=440400000000, parent=440000000000",2026-08-01T00:00:00+08:00,,2025—2026沿用最近可用行政区划版本，仅用于前向面板占位。
CN-440500,440500,440500000000,汕头市,44,广东省,地级市,core,2025,2025,2024,2025-01-01,,carry_forward,SRC-ADMIN-DIVISION-2024,"level=2, code=440500000000, parent=440000000000",2026-08-01T00:00:00+08:00,,2025—2026沿用最近可用行政区划版本，仅用于前向面板占位。
CN-440600,440600,440600000000,佛山市,44,广东省,地级市,core,2025,2025,2024,2025-01-01,,carry_forward,SRC-ADMIN-DIVISION-2024,"level=2, code=440600000000, parent=440000000000",2026-08-01T00:00:00+08:00,,2025—2026沿用最近可用行政区划版本，仅用于前向面板占位。
CN-440700,440700,440700000000,江门市,44,广东省,地级市,core,2025,2025,2024,2025-01-01,,carry_forward,SRC-ADMIN-DIVISION-2024,"level=2, code=440700000000, parent=440000000000",2026-08-01T00:00:00+08:00,,2025—2026沿用最近可用行政区划版本，仅用于前向面板占位。
CN-440800,440800,440800000000,湛江市,44,广东省,地级市,core,2025,2025,2024,2025-01-01,,carry_forward,SRC-ADMIN-DIVISION-2024,"level=2, code=440800000000, parent=440000000000",2026-08-01T00:00:00+08:00,,2025—2026沿用最近可用行政区划版本，仅用于前向面板占位。
CN-440900,440900,440900000000,茂名市,44,广东省,地级市,core,2025,2025,2024,2025-01-01,,carry_forward,SRC-ADMIN-DIVISION-2024,"level=2, code=440900000000, parent=440000000000",2026-08-01T00:00:00+08:00,,2025—2026沿用最近可用行政区划版本，仅用于前向面板占位。
CN-441200,441200,441200000000,肇庆市,44,广东省,地级市,core,2025,2025,2024,2025-01-01,,carry_forward,SRC-ADMIN-DIVISION-2024,"level=2, code=441200000000, parent=440000000000",2026-08-01T00:00:00+08:00,,2025—2026沿用最近可用行政区划版本，仅用于前向面板占位。
CN-441300,441300,441300000000,惠州市,44,广东省,地级市,core,2025,2025,2024,2025-01-01,,carry_forward,SRC-ADMIN-DIVISION-2024,"level=2, code=441300000000, parent=440000000000",2026-08-01T00:00:00+08:00,,2025—2026沿用最近可用行政区划版本，仅用于前向面板占位。
CN-441400,441400,441400000000,梅州市,44,广东省,地级市,core,2025,2025,2024,2025-01-01,,carry_forward,SRC-ADMIN-DIVISION-2024,"level=2, code=441400000000, parent=440000000000",2026-08-01T00:00:00+08:00,,2025—2026沿用最近可用行政区划版本，仅用于前向面板占位。
CN-441500,441500,441500000000,汕尾市,44,广东省,地级市,core,2025,2025,2024,2025-01-01,,carry_forward,SRC-ADMIN-DIVISION-2024,"level=2, code=441500000000, parent=440000000000",2026-08-01T00:00:00+08:00,,2025—2026沿用最近可用行政区划版本，仅用于前向面板占位。
CN-441600,441600,441600000000,河源市,44,广东省,地级市,core,2025,2025,2024,2025-01-01,,carry_forward,SRC-ADMIN-DIVISION-2024,"level=2, code=441600000000, parent=440000000000",2026-08-01T00:00:00+08:00,,2025—2026沿用最近可用行政区划版本，仅用于前向面板占位。
CN-441700,441700,441700000000,阳江市,44,广东省,地级市,core,2025,2025,2024,2025-01-01,,carry_forward,SRC-ADMIN-DIVISION-2024,"level=2, code=441700000000, parent=440000000000",2026-08-01T00:00:00+08:00,,2025—2026沿用最近可用行政区划版本，仅用于前向面板占位。
CN-441800,441800,441800000000,清远市,44,广东省,地级市,core,2025,2025,2024,2025-01-01,,carry_forward,SRC-ADMIN-DIVISION-2024,"level=2, code=441800000000, parent=440000000000",2026-08-01T00:00:00+08:00,,2025—2026沿用最近可用行政区划版本，仅用于前向面板占位。
CN-441900,441900,441900000000,东莞市,44,广东省,地级市,core,2025,2025,2024,2025-01-01,,carry_forward,SRC-ADMIN-DIVISION-2024,"level=2, code=441900000000, parent=440000000000",2026-08-01T00:00:00+08:00,,2025—2026沿用最近可用行政区划版本，仅用于前向面板占位。
CN-442000,442000,442000000000,中山市,44,广东省,地级市,core,2025,2025,2024,2025-01-01,,carry_forward,SRC-ADMIN-DIVISION-2024,"level=2, code=442000000000, parent=440000000000",2026-08-01T00:00:00+08:00,,2025—2026沿用最近可用行政区划版本，仅用于前向面板占位。
CN-445100,445100,445100000000,潮州市,44,广东省,地级市,core,2025,2025,2024,2025-01-01,,carry_forward,SRC-ADMIN-DIVISION-2024,"level=2, code=445100000000, parent=440000000000",2026-08-01T00:00:00+08:00,,2025—2026沿用最近可用行政区划版本，仅用于前向面板占位。
CN-445200,445200,445200000000,揭阳市,44,广东省,地级市,core,2025,2025,2024,2025-01-01,,carry_forward,SRC-ADMIN-DIVISION-2024,"level=2, code=445200000000, parent=440000000000",2026-08-01T00:00:00+08:00,,2025—2026沿用最近可用行政区划版本，仅用于前向面板占位。
CN-445300,445300,445300000000,云浮市,44,广东省,地级市,core,2025,2025,2024,2025-01-01,,carry_forward,SRC-ADMIN-DIVISION-2024,"level=2, code=445300000000, parent=440000000000",2026-08-01T00:00:00+08:00,,2025—2026沿用最近可用行政区划版本，仅用于前向面板占位。
CN-450100,450100,450100000000,南宁市,45,广西壮族自治区,地级市,core,2025,2025,2024,2025-01-01,,carry_forward,SRC-ADMIN-DIVISION-2024,"level=2, code=450100000000, parent=450000000000",2026-08-01T00:00:00+08:00,,2025—2026沿用最近可用行政区划版本，仅用于前向面板占位。
CN-450200,450200,450200000000,柳州市,45,广西壮族自治区,地级市,core,2025,2025,2024,2025-01-01,,carry_forward,SRC-ADMIN-DIVISION-2024,"level=2, code=450200000000, parent=450000000000",2026-08-01T00:00:00+08:00,,2025—2026沿用最近可用行政区划版本，仅用于前向面板占位。
CN-450300,450300,450300000000,桂林市,45,广西壮族自治区,地级市,core,2025,2025,2024,2025-01-01,,carry_forward,SRC-ADMIN-DIVISION-2024,"level=2, code=450300000000, parent=450000000000",2026-08-01T00:00:00+08:00,,2025—2026沿用最近可用行政区划版本，仅用于前向面板占位。
CN-450400,450400,450400000000,梧州市,45,广西壮族自治区,地级市,core,2025,2025,2024,2025-01-01,,carry_forward,SRC-ADMIN-DIVISION-2024,"level=2, code=450400000000, parent=450000000000",2026-08-01T00:00:00+08:00,,2025—2026沿用最近可用行政区划版本，仅用于前向面板占位。
CN-450500,450500,450500000000,北海市,45,广西壮族自治区,地级市,core,2025,2025,2024,2025-01-01,,carry_forward,SRC-ADMIN-DIVISION-2024,"level=2, code=450500000000, parent=450000000000",2026-08-01T00:00:00+08:00,,2025—2026沿用最近可用行政区划版本，仅用于前向面板占位。
CN-450600,450600,450600000000,防城港市,45,广西壮族自治区,地级市,core,2025,2025,2024,2025-01-01,,carry_forward,SRC-ADMIN-DIVISION-2024,"level=2, code=450600000000, parent=450000000000",2026-08-01T00:00:00+08:00,,2025—2026沿用最近可用行政区划版本，仅用于前向面板占位。
CN-450700,450700,450700000000,钦州市,45,广西壮族自治区,地级市,core,2025,2025,2024,2025-01-01,,carry_forward,SRC-ADMIN-DIVISION-2024,"level=2, code=450700000000, parent=450000000000",2026-08-01T00:00:00+08:00,,2025—2026沿用最近可用行政区划版本，仅用于前向面板占位。
CN-450800,450800,450800000000,贵港市,45,广西壮族自治区,地级市,core,2025,2025,2024,2025-01-01,,carry_forward,SRC-ADMIN-DIVISION-2024,"level=2, code=450800000000, parent=450000000000",2026-08-01T00:00:00+08:00,,2025—2026沿用最近可用行政区划版本，仅用于前向面板占位。
CN-450900,450900,450900000000,玉林市,45,广西壮族自治区,地级市,core,2025,2025,2024,2025-01-01,,carry_forward,SRC-ADMIN-DIVISION-2024,"level=2, code=450900000000, parent=450000000000",2026-08-01T00:00:00+08:00,,2025—2026沿用最近可用行政区划版本，仅用于前向面板占位。
CN-451000,451000,451000000000,百色市,45,广西壮族自治区,地级市,core,2025,2025,2024,2025-01-01,,carry_forward,SRC-ADMIN-DIVISION-2024,"level=2, code=451000000000, parent=450000000000",2026-08-01T00:00:00+08:00,,2025—2026沿用最近可用行政区划版本，仅用于前向面板占位。
CN-451100,451100,451100000000,贺州市,45,广西壮族自治区,地级市,core,2025,2025,2024,2025-01-01,,carry_forward,SRC-ADMIN-DIVISION-2024,"level=2, code=451100000000, parent=450000000000",2026-08-01T00:00:00+08:00,,2025—2026沿用最近可用行政区划版本，仅用于前向面板占位。
CN-451200,451200,451200000000,河池市,45,广西壮族自治区,地级市,core,2025,2025,2024,2025-01-01,,carry_forward,SRC-ADMIN-DIVISION-2024,"level=2, code=451200000000, parent=450000000000",2026-08-01T00:00:00+08:00,,2025—2026沿用最近可用行政区划版本，仅用于前向面板占位。
CN-451300,451300,451300000000,来宾市,45,广西壮族自治区,地级市,core,2025,2025,2024,2025-01-01,,carry_forward,SRC-ADMIN-DIVISION-2024,"level=2, code=451300000000, parent=450000000000",2026-08-01T00:00:00+08:00,,2025—2026沿用最近可用行政区划版本，仅用于前向面板占位。
CN-451400,451400,451400000000,崇左市,45,广西壮族自治区,地级市,core,2025,2025,2024,2025-01-01,,carry_forward,SRC-ADMIN-DIVISION-2024,"level=2, code=451400000000, parent=450000000000",2026-08-01T00:00:00+08:00,,2025—2026沿用最近可用行政区划版本，仅用于前向面板占位。
CN-460100,460100,460100000000,海口市,46,海南省,地级市,core,2025,2025,2024,2025-01-01,,carry_forward,SRC-ADMIN-DIVISION-2024,"level=2, code=460100000000, parent=460000000000",2026-08-01T00:00:00+08:00,,2025—2026沿用最近可用行政区划版本，仅用于前向面板占位。
CN-460200,460200,460200000000,三亚市,46,海南省,地级市,core,2025,2025,2024,2025-01-01,,carry_forward,SRC-ADMIN-DIVISION-2024,"level=2, code=460200000000, parent=460000000000",2026-08-01T00:00:00+08:00,,2025—2026沿用最近可用行政区划版本，仅用于前向面板占位。
CN-460300,460300,460300000000,三沙市,46,海南省,地级市,core,2025,2025,2024,2025-01-01,,carry_forward,SRC-ADMIN-DIVISION-2024,"level=2, code=460300000000, parent=460000000000",2026-08-01T00:00:00+08:00,,2025—2026沿用最近可用行政区划版本，仅用于前向面板占位。
CN-460400,460400,460400000000,儋州市,46,海南省,地级市,core,2025,2025,2024,2025-01-01,,carry_forward,SRC-ADMIN-DIVISION-2024,"level=2, code=460400000000, parent=460000000000",2026-08-01T00:00:00+08:00,,2025—2026沿用最近可用行政区划版本，仅用于前向面板占位。
CN-469000,469000,469000000000,省直辖县级行政区划,46,海南省,地级市,core,2025,2025,2024,2025-01-01,,carry_forward,SRC-ADMIN-DIVISION-2024,"level=2, code=469000000000, parent=460000000000",2026-08-01T00:00:00+08:00,,2025—2026沿用最近可用行政区划版本，仅用于前向面板占位。
CN-500000,500000,500000000000,重庆市,50,重庆市,直辖市,separate,2025,2025,2024,2025-01-01,,carry_forward,SRC-ADMIN-DIVISION-2024,"level=2, code=500100000000, parent=500000000000",2026-08-01T00:00:00+08:00,,2025—2026沿用最近可用行政区划版本，仅用于前向面板占位。
CN-510100,510100,510100000000,成都市,51,四川省,地级市,core,2025,2025,2024,2025-01-01,,carry_forward,SRC-ADMIN-DIVISION-2024,"level=2, code=510100000000, parent=510000000000",2026-08-01T00:00:00+08:00,,2025—2026沿用最近可用行政区划版本，仅用于前向面板占位。
CN-510300,510300,510300000000,自贡市,51,四川省,地级市,core,2025,2025,2024,2025-01-01,,carry_forward,SRC-ADMIN-DIVISION-2024,"level=2, code=510300000000, parent=510000000000",2026-08-01T00:00:00+08:00,,2025—2026沿用最近可用行政区划版本，仅用于前向面板占位。
CN-510400,510400,510400000000,攀枝花市,51,四川省,地级市,core,2025,2025,2024,2025-01-01,,carry_forward,SRC-ADMIN-DIVISION-2024,"level=2, code=510400000000, parent=510000000000",2026-08-01T00:00:00+08:00,,2025—2026沿用最近可用行政区划版本，仅用于前向面板占位。
CN-510500,510500,510500000000,泸州市,51,四川省,地级市,core,2025,2025,2024,2025-01-01,,carry_forward,SRC-ADMIN-DIVISION-2024,"level=2, code=510500000000, parent=510000000000",2026-08-01T00:00:00+08:00,,2025—2026沿用最近可用行政区划版本，仅用于前向面板占位。
CN-510600,510600,510600000000,德阳市,51,四川省,地级市,core,2025,2025,2024,2025-01-01,,carry_forward,SRC-ADMIN-DIVISION-2024,"level=2, code=510600000000, parent=510000000000",2026-08-01T00:00:00+08:00,,2025—2026沿用最近可用行政区划版本，仅用于前向面板占位。
CN-510700,510700,510700000000,绵阳市,51,四川省,地级市,core,2025,2025,2024,2025-01-01,,carry_forward,SRC-ADMIN-DIVISION-2024,"level=2, code=510700000000, parent=510000000000",2026-08-01T00:00:00+08:00,,2025—2026沿用最近可用行政区划版本，仅用于前向面板占位。
CN-510800,510800,510800000000,广元市,51,四川省,地级市,core,2025,2025,2024,2025-01-01,,carry_forward,SRC-ADMIN-DIVISION-2024,"level=2, code=510800000000, parent=510000000000",2026-08-01T00:00:00+08:00,,2025—2026沿用最近可用行政区划版本，仅用于前向面板占位。
CN-510900,510900,510900000000,遂宁市,51,四川省,地级市,core,2025,2025,2024,2025-01-01,,carry_forward,SRC-ADMIN-DIVISION-2024,"level=2, code=510900000000, parent=510000000000",2026-08-01T00:00:00+08:00,,2025—2026沿用最近可用行政区划版本，仅用于前向面板占位。
CN-511000,511000,511000000000,内江市,51,四川省,地级市,core,2025,2025,2024,2025-01-01,,carry_forward,SRC-ADMIN-DIVISION-2024,"level=2, code=511000000000, parent=510000000000",2026-08-01T00:00:00+08:00,,2025—2026沿用最近可用行政区划版本，仅用于前向面板占位。
CN-511100,511100,511100000000,乐山市,51,四川省,地级市,core,2025,2025,2024,2025-01-01,,carry_forward,SRC-ADMIN-DIVISION-2024,"level=2, code=511100000000, parent=510000000000",2026-08-01T00:00:00+08:00,,2025—2026沿用最近可用行政区划版本，仅用于前向面板占位。
CN-511300,511300,511300000000,南充市,51,四川省,地级市,core,2025,2025,2024,2025-01-01,,carry_forward,SRC-ADMIN-DIVISION-2024,"level=2, code=511300000000, parent=510000000000",2026-08-01T00:00:00+08:00,,2025—2026沿用最近可用行政区划版本，仅用于前向面板占位。
CN-511400,511400,511400000000,眉山市,51,四川省,地级市,core,2025,2025,2024,2025-01-01,,carry_forward,SRC-ADMIN-DIVISION-2024,"level=2, code=511400000000, parent=510000000000",2026-08-01T00:00:00+08:00,,2025—2026沿用最近可用行政区划版本，仅用于前向面板占位。
CN-511500,511500,511500000000,宜宾市,51,四川省,地级市,core,2025,2025,2024,2025-01-01,,carry_forward,SRC-ADMIN-DIVISION-2024,"level=2, code=511500000000, parent=510000000000",2026-08-01T00:00:00+08:00,,2025—2026沿用最近可用行政区划版本，仅用于前向面板占位。
CN-511600,511600,511600000000,广安市,51,四川省,地级市,core,2025,2025,2024,2025-01-01,,carry_forward,SRC-ADMIN-DIVISION-2024,"level=2, code=511600000000, parent=510000000000",2026-08-01T00:00:00+08:00,,2025—2026沿用最近可用行政区划版本，仅用于前向面板占位。
CN-511700,511700,511700000000,达州市,51,四川省,地级市,core,2025,2025,2024,2025-01-01,,carry_forward,SRC-ADMIN-DIVISION-2024,"level=2, code=511700000000, parent=510000000000",2026-08-01T00:00:00+08:00,,2025—2026沿用最近可用行政区划版本，仅用于前向面板占位。
CN-511800,511800,511800000000,雅安市,51,四川省,地级市,core,2025,2025,2024,2025-01-01,,carry_forward,SRC-ADMIN-DIVISION-2024,"level=2, code=511800000000, parent=510000000000",2026-08-01T00:00:00+08:00,,2025—2026沿用最近可用行政区划版本，仅用于前向面板占位。
CN-511900,511900,511900000000,巴中市,51,四川省,地级市,core,2025,2025,2024,2025-01-01,,carry_forward,SRC-ADMIN-DIVISION-2024,"level=2, code=511900000000, parent=510000000000",2026-08-01T00:00:00+08:00,,2025—2026沿用最近可用行政区划版本，仅用于前向面板占位。
CN-512000,512000,512000000000,资阳市,51,四川省,地级市,core,2025,2025,2024,2025-01-01,,carry_forward,SRC-ADMIN-DIVISION-2024,"level=2, code=512000000000, parent=510000000000",2026-08-01T00:00:00+08:00,,2025—2026沿用最近可用行政区划版本，仅用于前向面板占位。
CN-513200,513200,513200000000,阿坝藏族羌族自治州,51,四川省,自治州,extended,2025,2025,2024,2025-01-01,,carry_forward,SRC-ADMIN-DIVISION-2024,"level=2, code=513200000000, parent=510000000000",2026-08-01T00:00:00+08:00,,2025—2026沿用最近可用行政区划版本，仅用于前向面板占位。
CN-513300,513300,513300000000,甘孜藏族自治州,51,四川省,自治州,extended,2025,2025,2024,2025-01-01,,carry_forward,SRC-ADMIN-DIVISION-2024,"level=2, code=513300000000, parent=510000000000",2026-08-01T00:00:00+08:00,,2025—2026沿用最近可用行政区划版本，仅用于前向面板占位。
CN-513400,513400,513400000000,凉山彝族自治州,51,四川省,自治州,extended,2025,2025,2024,2025-01-01,,carry_forward,SRC-ADMIN-DIVISION-2024,"level=2, code=513400000000, parent=510000000000",2026-08-01T00:00:00+08:00,,2025—2026沿用最近可用行政区划版本，仅用于前向面板占位。
CN-520100,520100,520100000000,贵阳市,52,贵州省,地级市,core,2025,2025,2024,2025-01-01,,carry_forward,SRC-ADMIN-DIVISION-2024,"level=2, code=520100000000, parent=520000000000",2026-08-01T00:00:00+08:00,,2025—2026沿用最近可用行政区划版本，仅用于前向面板占位。
CN-520200,520200,520200000000,六盘水市,52,贵州省,地级市,core,2025,2025,2024,2025-01-01,,carry_forward,SRC-ADMIN-DIVISION-2024,"level=2, code=520200000000, parent=520000000000",2026-08-01T00:00:00+08:00,,2025—2026沿用最近可用行政区划版本，仅用于前向面板占位。
CN-520300,520300,520300000000,遵义市,52,贵州省,地级市,core,2025,2025,2024,2025-01-01,,carry_forward,SRC-ADMIN-DIVISION-2024,"level=2, code=520300000000, parent=520000000000",2026-08-01T00:00:00+08:00,,2025—2026沿用最近可用行政区划版本，仅用于前向面板占位。
CN-520400,520400,520400000000,安顺市,52,贵州省,地级市,core,2025,2025,2024,2025-01-01,,carry_forward,SRC-ADMIN-DIVISION-2024,"level=2, code=520400000000, parent=520000000000",2026-08-01T00:00:00+08:00,,2025—2026沿用最近可用行政区划版本，仅用于前向面板占位。
CN-520500,520500,520500000000,毕节市,52,贵州省,地级市,core,2025,2025,2024,2025-01-01,,carry_forward,SRC-ADMIN-DIVISION-2024,"level=2, code=520500000000, parent=520000000000",2026-08-01T00:00:00+08:00,,2025—2026沿用最近可用行政区划版本，仅用于前向面板占位。
CN-520600,520600,520600000000,铜仁市,52,贵州省,地级市,core,2025,2025,2024,2025-01-01,,carry_forward,SRC-ADMIN-DIVISION-2024,"level=2, code=520600000000, parent=520000000000",2026-08-01T00:00:00+08:00,,2025—2026沿用最近可用行政区划版本，仅用于前向面板占位。
CN-522300,522300,522300000000,黔西南布依族苗族自治州,52,贵州省,自治州,extended,2025,2025,2024,2025-01-01,,carry_forward,SRC-ADMIN-DIVISION-2024,"level=2, code=522300000000, parent=520000000000",2026-08-01T00:00:00+08:00,,2025—2026沿用最近可用行政区划版本，仅用于前向面板占位。
CN-522600,522600,522600000000,黔东南苗族侗族自治州,52,贵州省,自治州,extended,2025,2025,2024,2025-01-01,,carry_forward,SRC-ADMIN-DIVISION-2024,"level=2, code=522600000000, parent=520000000000",2026-08-01T00:00:00+08:00,,2025—2026沿用最近可用行政区划版本，仅用于前向面板占位。
CN-522700,522700,522700000000,黔南布依族苗族自治州,52,贵州省,自治州,extended,2025,2025,2024,2025-01-01,,carry_forward,SRC-ADMIN-DIVISION-2024,"level=2, code=522700000000, parent=520000000000",2026-08-01T00:00:00+08:00,,2025—2026沿用最近可用行政区划版本，仅用于前向面板占位。
CN-530100,530100,530100000000,昆明市,53,云南省,地级市,core,2025,2025,2024,2025-01-01,,carry_forward,SRC-ADMIN-DIVISION-2024,"level=2, code=530100000000, parent=530000000000",2026-08-01T00:00:00+08:00,,2025—2026沿用最近可用行政区划版本，仅用于前向面板占位。
CN-530300,530300,530300000000,曲靖市,53,云南省,地级市,core,2025,2025,2024,2025-01-01,,carry_forward,SRC-ADMIN-DIVISION-2024,"level=2, code=530300000000, parent=530000000000",2026-08-01T00:00:00+08:00,,2025—2026沿用最近可用行政区划版本，仅用于前向面板占位。
CN-530400,530400,530400000000,玉溪市,53,云南省,地级市,core,2025,2025,2024,2025-01-01,,carry_forward,SRC-ADMIN-DIVISION-2024,"level=2, code=530400000000, parent=530000000000",2026-08-01T00:00:00+08:00,,2025—2026沿用最近可用行政区划版本，仅用于前向面板占位。
CN-530500,530500,530500000000,保山市,53,云南省,地级市,core,2025,2025,2024,2025-01-01,,carry_forward,SRC-ADMIN-DIVISION-2024,"level=2, code=530500000000, parent=530000000000",2026-08-01T00:00:00+08:00,,2025—2026沿用最近可用行政区划版本，仅用于前向面板占位。
CN-530600,530600,530600000000,昭通市,53,云南省,地级市,core,2025,2025,2024,2025-01-01,,carry_forward,SRC-ADMIN-DIVISION-2024,"level=2, code=530600000000, parent=530000000000",2026-08-01T00:00:00+08:00,,2025—2026沿用最近可用行政区划版本，仅用于前向面板占位。
CN-530700,530700,530700000000,丽江市,53,云南省,地级市,core,2025,2025,2024,2025-01-01,,carry_forward,SRC-ADMIN-DIVISION-2024,"level=2, code=530700000000, parent=530000000000",2026-08-01T00:00:00+08:00,,2025—2026沿用最近可用行政区划版本，仅用于前向面板占位。
CN-530800,530800,530800000000,普洱市,53,云南省,地级市,core,2025,2025,2024,2025-01-01,,carry_forward,SRC-ADMIN-DIVISION-2024,"level=2, code=530800000000, parent=530000000000",2026-08-01T00:00:00+08:00,,2025—2026沿用最近可用行政区划版本，仅用于前向面板占位。
CN-530900,530900,530900000000,临沧市,53,云南省,地级市,core,2025,2025,2024,2025-01-01,,carry_forward,SRC-ADMIN-DIVISION-2024,"level=2, code=530900000000, parent=530000000000",2026-08-01T00:00:00+08:00,,2025—2026沿用最近可用行政区划版本，仅用于前向面板占位。
CN-532300,532300,532300000000,楚雄彝族自治州,53,云南省,自治州,extended,2025,2025,2024,2025-01-01,,carry_forward,SRC-ADMIN-DIVISION-2024,"level=2, code=532300000000, parent=530000000000",2026-08-01T00:00:00+08:00,,2025—2026沿用最近可用行政区划版本，仅用于前向面板占位。
CN-532500,532500,532500000000,红河哈尼族彝族自治州,53,云南省,自治州,extended,2025,2025,2024,2025-01-01,,carry_forward,SRC-ADMIN-DIVISION-2024,"level=2, code=532500000000, parent=530000000000",2026-08-01T00:00:00+08:00,,2025—2026沿用最近可用行政区划版本，仅用于前向面板占位。
CN-532600,532600,532600000000,文山壮族苗族自治州,53,云南省,自治州,extended,2025,2025,2024,2025-01-01,,carry_forward,SRC-ADMIN-DIVISION-2024,"level=2, code=532600000000, parent=530000000000",2026-08-01T00:00:00+08:00,,2025—2026沿用最近可用行政区划版本，仅用于前向面板占位。
CN-532800,532800,532800000000,西双版纳傣族自治州,53,云南省,自治州,extended,2025,2025,2024,2025-01-01,,carry_forward,SRC-ADMIN-DIVISION-2024,"level=2, code=532800000000, parent=530000000000",2026-08-01T00:00:00+08:00,,2025—2026沿用最近可用行政区划版本，仅用于前向面板占位。
CN-532900,532900,532900000000,大理白族自治州,53,云南省,自治州,extended,2025,2025,2024,2025-01-01,,carry_forward,SRC-ADMIN-DIVISION-2024,"level=2, code=532900000000, parent=530000000000",2026-08-01T00:00:00+08:00,,2025—2026沿用最近可用行政区划版本，仅用于前向面板占位。
CN-533100,533100,533100000000,德宏傣族景颇族自治州,53,云南省,自治州,extended,2025,2025,2024,2025-01-01,,carry_forward,SRC-ADMIN-DIVISION-2024,"level=2, code=533100000000, parent=530000000000",2026-08-01T00:00:00+08:00,,2025—2026沿用最近可用行政区划版本，仅用于前向面板占位。
CN-533300,533300,533300000000,怒江傈僳族自治州,53,云南省,自治州,extended,2025,2025,2024,2025-01-01,,carry_forward,SRC-ADMIN-DIVISION-2024,"level=2, code=533300000000, parent=530000000000",2026-08-01T00:00:00+08:00,,2025—2026沿用最近可用行政区划版本，仅用于前向面板占位。
CN-533400,533400,533400000000,迪庆藏族自治州,53,云南省,自治州,extended,2025,2025,2024,2025-01-01,,carry_forward,SRC-ADMIN-DIVISION-2024,"level=2, code=533400000000, parent=530000000000",2026-08-01T00:00:00+08:00,,2025—2026沿用最近可用行政区划版本，仅用于前向面板占位。
CN-540100,540100,540100000000,拉萨市,54,西藏自治区,地级市,core,2025,2025,2024,2025-01-01,,carry_forward,SRC-ADMIN-DIVISION-2024,"level=2, code=540100000000, parent=540000000000",2026-08-01T00:00:00+08:00,,2025—2026沿用最近可用行政区划版本，仅用于前向面板占位。
CN-540200,540200,540200000000,日喀则市,54,西藏自治区,地级市,core,2025,2025,2024,2025-01-01,,carry_forward,SRC-ADMIN-DIVISION-2024,"level=2, code=540200000000, parent=540000000000",2026-08-01T00:00:00+08:00,,2025—2026沿用最近可用行政区划版本，仅用于前向面板占位。
CN-540300,540300,540300000000,昌都市,54,西藏自治区,地级市,core,2025,2025,2024,2025-01-01,,carry_forward,SRC-ADMIN-DIVISION-2024,"level=2, code=540300000000, parent=540000000000",2026-08-01T00:00:00+08:00,,2025—2026沿用最近可用行政区划版本，仅用于前向面板占位。
CN-540400,540400,540400000000,林芝市,54,西藏自治区,地级市,core,2025,2025,2024,2025-01-01,,carry_forward,SRC-ADMIN-DIVISION-2024,"level=2, code=540400000000, parent=540000000000",2026-08-01T00:00:00+08:00,,2025—2026沿用最近可用行政区划版本，仅用于前向面板占位。
CN-540500,540500,540500000000,山南市,54,西藏自治区,地级市,core,2025,2025,2024,2025-01-01,,carry_forward,SRC-ADMIN-DIVISION-2024,"level=2, code=540500000000, parent=540000000000",2026-08-01T00:00:00+08:00,,2025—2026沿用最近可用行政区划版本，仅用于前向面板占位。
CN-540600,540600,540600000000,那曲市,54,西藏自治区,地级市,core,2025,2025,2024,2025-01-01,,carry_forward,SRC-ADMIN-DIVISION-2024,"level=2, code=540600000000, parent=540000000000",2026-08-01T00:00:00+08:00,,2025—2026沿用最近可用行政区划版本，仅用于前向面板占位。
CN-542500,542500,542500000000,阿里地区,54,西藏自治区,地区,extended,2025,2025,2024,2025-01-01,,carry_forward,SRC-ADMIN-DIVISION-2024,"level=2, code=542500000000, parent=540000000000",2026-08-01T00:00:00+08:00,,2025—2026沿用最近可用行政区划版本，仅用于前向面板占位。
CN-610100,610100,610100000000,西安市,61,陕西省,地级市,core,2025,2025,2024,2025-01-01,,carry_forward,SRC-ADMIN-DIVISION-2024,"level=2, code=610100000000, parent=610000000000",2026-08-01T00:00:00+08:00,,2025—2026沿用最近可用行政区划版本，仅用于前向面板占位。
CN-610200,610200,610200000000,铜川市,61,陕西省,地级市,core,2025,2025,2024,2025-01-01,,carry_forward,SRC-ADMIN-DIVISION-2024,"level=2, code=610200000000, parent=610000000000",2026-08-01T00:00:00+08:00,,2025—2026沿用最近可用行政区划版本，仅用于前向面板占位。
CN-610300,610300,610300000000,宝鸡市,61,陕西省,地级市,core,2025,2025,2024,2025-01-01,,carry_forward,SRC-ADMIN-DIVISION-2024,"level=2, code=610300000000, parent=610000000000",2026-08-01T00:00:00+08:00,,2025—2026沿用最近可用行政区划版本，仅用于前向面板占位。
CN-610400,610400,610400000000,咸阳市,61,陕西省,地级市,core,2025,2025,2024,2025-01-01,,carry_forward,SRC-ADMIN-DIVISION-2024,"level=2, code=610400000000, parent=610000000000",2026-08-01T00:00:00+08:00,,2025—2026沿用最近可用行政区划版本，仅用于前向面板占位。
CN-610500,610500,610500000000,渭南市,61,陕西省,地级市,core,2025,2025,2024,2025-01-01,,carry_forward,SRC-ADMIN-DIVISION-2024,"level=2, code=610500000000, parent=610000000000",2026-08-01T00:00:00+08:00,,2025—2026沿用最近可用行政区划版本，仅用于前向面板占位。
CN-610600,610600,610600000000,延安市,61,陕西省,地级市,core,2025,2025,2024,2025-01-01,,carry_forward,SRC-ADMIN-DIVISION-2024,"level=2, code=610600000000, parent=610000000000",2026-08-01T00:00:00+08:00,,2025—2026沿用最近可用行政区划版本，仅用于前向面板占位。
CN-610700,610700,610700000000,汉中市,61,陕西省,地级市,core,2025,2025,2024,2025-01-01,,carry_forward,SRC-ADMIN-DIVISION-2024,"level=2, code=610700000000, parent=610000000000",2026-08-01T00:00:00+08:00,,2025—2026沿用最近可用行政区划版本，仅用于前向面板占位。
CN-610800,610800,610800000000,榆林市,61,陕西省,地级市,core,2025,2025,2024,2025-01-01,,carry_forward,SRC-ADMIN-DIVISION-2024,"level=2, code=610800000000, parent=610000000000",2026-08-01T00:00:00+08:00,,2025—2026沿用最近可用行政区划版本，仅用于前向面板占位。
CN-610900,610900,610900000000,安康市,61,陕西省,地级市,core,2025,2025,2024,2025-01-01,,carry_forward,SRC-ADMIN-DIVISION-2024,"level=2, code=610900000000, parent=610000000000",2026-08-01T00:00:00+08:00,,2025—2026沿用最近可用行政区划版本，仅用于前向面板占位。
CN-611000,611000,611000000000,商洛市,61,陕西省,地级市,core,2025,2025,2024,2025-01-01,,carry_forward,SRC-ADMIN-DIVISION-2024,"level=2, code=611000000000, parent=610000000000",2026-08-01T00:00:00+08:00,,2025—2026沿用最近可用行政区划版本，仅用于前向面板占位。
CN-620100,620100,620100000000,兰州市,62,甘肃省,地级市,core,2025,2025,2024,2025-01-01,,carry_forward,SRC-ADMIN-DIVISION-2024,"level=2, code=620100000000, parent=620000000000",2026-08-01T00:00:00+08:00,,2025—2026沿用最近可用行政区划版本，仅用于前向面板占位。
CN-620200,620200,620200000000,嘉峪关市,62,甘肃省,地级市,core,2025,2025,2024,2025-01-01,,carry_forward,SRC-ADMIN-DIVISION-2024,"level=2, code=620200000000, parent=620000000000",2026-08-01T00:00:00+08:00,,2025—2026沿用最近可用行政区划版本，仅用于前向面板占位。
CN-620300,620300,620300000000,金昌市,62,甘肃省,地级市,core,2025,2025,2024,2025-01-01,,carry_forward,SRC-ADMIN-DIVISION-2024,"level=2, code=620300000000, parent=620000000000",2026-08-01T00:00:00+08:00,,2025—2026沿用最近可用行政区划版本，仅用于前向面板占位。
CN-620400,620400,620400000000,白银市,62,甘肃省,地级市,core,2025,2025,2024,2025-01-01,,carry_forward,SRC-ADMIN-DIVISION-2024,"level=2, code=620400000000, parent=620000000000",2026-08-01T00:00:00+08:00,,2025—2026沿用最近可用行政区划版本，仅用于前向面板占位。
CN-620500,620500,620500000000,天水市,62,甘肃省,地级市,core,2025,2025,2024,2025-01-01,,carry_forward,SRC-ADMIN-DIVISION-2024,"level=2, code=620500000000, parent=620000000000",2026-08-01T00:00:00+08:00,,2025—2026沿用最近可用行政区划版本，仅用于前向面板占位。
CN-620600,620600,620600000000,武威市,62,甘肃省,地级市,core,2025,2025,2024,2025-01-01,,carry_forward,SRC-ADMIN-DIVISION-2024,"level=2, code=620600000000, parent=620000000000",2026-08-01T00:00:00+08:00,,2025—2026沿用最近可用行政区划版本，仅用于前向面板占位。
CN-620700,620700,620700000000,张掖市,62,甘肃省,地级市,core,2025,2025,2024,2025-01-01,,carry_forward,SRC-ADMIN-DIVISION-2024,"level=2, code=620700000000, parent=620000000000",2026-08-01T00:00:00+08:00,,2025—2026沿用最近可用行政区划版本，仅用于前向面板占位。
CN-620800,620800,620800000000,平凉市,62,甘肃省,地级市,core,2025,2025,2024,2025-01-01,,carry_forward,SRC-ADMIN-DIVISION-2024,"level=2, code=620800000000, parent=620000000000",2026-08-01T00:00:00+08:00,,2025—2026沿用最近可用行政区划版本，仅用于前向面板占位。
CN-620900,620900,620900000000,酒泉市,62,甘肃省,地级市,core,2025,2025,2024,2025-01-01,,carry_forward,SRC-ADMIN-DIVISION-2024,"level=2, code=620900000000, parent=620000000000",2026-08-01T00:00:00+08:00,,2025—2026沿用最近可用行政区划版本，仅用于前向面板占位。
CN-621000,621000,621000000000,庆阳市,62,甘肃省,地级市,core,2025,2025,2024,2025-01-01,,carry_forward,SRC-ADMIN-DIVISION-2024,"level=2, code=621000000000, parent=620000000000",2026-08-01T00:00:00+08:00,,2025—2026沿用最近可用行政区划版本，仅用于前向面板占位。
CN-621100,621100,621100000000,定西市,62,甘肃省,地级市,core,2025,2025,2024,2025-01-01,,carry_forward,SRC-ADMIN-DIVISION-2024,"level=2, code=621100000000, parent=620000000000",2026-08-01T00:00:00+08:00,,2025—2026沿用最近可用行政区划版本，仅用于前向面板占位。
CN-621200,621200,621200000000,陇南市,62,甘肃省,地级市,core,2025,2025,2024,2025-01-01,,carry_forward,SRC-ADMIN-DIVISION-2024,"level=2, code=621200000000, parent=620000000000",2026-08-01T00:00:00+08:00,,2025—2026沿用最近可用行政区划版本，仅用于前向面板占位。
CN-622900,622900,622900000000,临夏回族自治州,62,甘肃省,自治州,extended,2025,2025,2024,2025-01-01,,carry_forward,SRC-ADMIN-DIVISION-2024,"level=2, code=622900000000, parent=620000000000",2026-08-01T00:00:00+08:00,,2025—2026沿用最近可用行政区划版本，仅用于前向面板占位。
CN-623000,623000,623000000000,甘南藏族自治州,62,甘肃省,自治州,extended,2025,2025,2024,2025-01-01,,carry_forward,SRC-ADMIN-DIVISION-2024,"level=2, code=623000000000, parent=620000000000",2026-08-01T00:00:00+08:00,,2025—2026沿用最近可用行政区划版本，仅用于前向面板占位。
CN-630100,630100,630100000000,西宁市,63,青海省,地级市,core,2025,2025,2024,2025-01-01,,carry_forward,SRC-ADMIN-DIVISION-2024,"level=2, code=630100000000, parent=630000000000",2026-08-01T00:00:00+08:00,,2025—2026沿用最近可用行政区划版本，仅用于前向面板占位。
CN-630200,630200,630200000000,海东市,63,青海省,地级市,core,2025,2025,2024,2025-01-01,,carry_forward,SRC-ADMIN-DIVISION-2024,"level=2, code=630200000000, parent=630000000000",2026-08-01T00:00:00+08:00,,2025—2026沿用最近可用行政区划版本，仅用于前向面板占位。
CN-632200,632200,632200000000,海北藏族自治州,63,青海省,自治州,extended,2025,2025,2024,2025-01-01,,carry_forward,SRC-ADMIN-DIVISION-2024,"level=2, code=632200000000, parent=630000000000",2026-08-01T00:00:00+08:00,,2025—2026沿用最近可用行政区划版本，仅用于前向面板占位。
CN-632300,632300,632300000000,黄南藏族自治州,63,青海省,自治州,extended,2025,2025,2024,2025-01-01,,carry_forward,SRC-ADMIN-DIVISION-2024,"level=2, code=632300000000, parent=630000000000",2026-08-01T00:00:00+08:00,,2025—2026沿用最近可用行政区划版本，仅用于前向面板占位。
CN-632500,632500,632500000000,海南藏族自治州,63,青海省,自治州,extended,2025,2025,2024,2025-01-01,,carry_forward,SRC-ADMIN-DIVISION-2024,"level=2, code=632500000000, parent=630000000000",2026-08-01T00:00:00+08:00,,2025—2026沿用最近可用行政区划版本，仅用于前向面板占位。
CN-632600,632600,632600000000,果洛藏族自治州,63,青海省,自治州,extended,2025,2025,2024,2025-01-01,,carry_forward,SRC-ADMIN-DIVISION-2024,"level=2, code=632600000000, parent=630000000000",2026-08-01T00:00:00+08:00,,2025—2026沿用最近可用行政区划版本，仅用于前向面板占位。
CN-632700,632700,632700000000,玉树藏族自治州,63,青海省,自治州,extended,2025,2025,2024,2025-01-01,,carry_forward,SRC-ADMIN-DIVISION-2024,"level=2, code=632700000000, parent=630000000000",2026-08-01T00:00:00+08:00,,2025—2026沿用最近可用行政区划版本，仅用于前向面板占位。
CN-632800,632800,632800000000,海西蒙古族藏族自治州,63,青海省,自治州,extended,2025,2025,2024,2025-01-01,,carry_forward,SRC-ADMIN-DIVISION-2024,"level=2, code=632800000000, parent=630000000000",2026-08-01T00:00:00+08:00,,2025—2026沿用最近可用行政区划版本，仅用于前向面板占位。
CN-640100,640100,640100000000,银川市,64,宁夏回族自治区,地级市,core,2025,2025,2024,2025-01-01,,carry_forward,SRC-ADMIN-DIVISION-2024,"level=2, code=640100000000, parent=640000000000",2026-08-01T00:00:00+08:00,,2025—2026沿用最近可用行政区划版本，仅用于前向面板占位。
CN-640200,640200,640200000000,石嘴山市,64,宁夏回族自治区,地级市,core,2025,2025,2024,2025-01-01,,carry_forward,SRC-ADMIN-DIVISION-2024,"level=2, code=640200000000, parent=640000000000",2026-08-01T00:00:00+08:00,,2025—2026沿用最近可用行政区划版本，仅用于前向面板占位。
CN-640300,640300,640300000000,吴忠市,64,宁夏回族自治区,地级市,core,2025,2025,2024,2025-01-01,,carry_forward,SRC-ADMIN-DIVISION-2024,"level=2, code=640300000000, parent=640000000000",2026-08-01T00:00:00+08:00,,2025—2026沿用最近可用行政区划版本，仅用于前向面板占位。
CN-640400,640400,640400000000,固原市,64,宁夏回族自治区,地级市,core,2025,2025,2024,2025-01-01,,carry_forward,SRC-ADMIN-DIVISION-2024,"level=2, code=640400000000, parent=640000000000",2026-08-01T00:00:00+08:00,,2025—2026沿用最近可用行政区划版本，仅用于前向面板占位。
CN-640500,640500,640500000000,中卫市,64,宁夏回族自治区,地级市,core,2025,2025,2024,2025-01-01,,carry_forward,SRC-ADMIN-DIVISION-2024,"level=2, code=640500000000, parent=640000000000",2026-08-01T00:00:00+08:00,,2025—2026沿用最近可用行政区划版本，仅用于前向面板占位。
CN-650100,650100,650100000000,乌鲁木齐市,65,新疆维吾尔自治区,地级市,core,2025,2025,2024,2025-01-01,,carry_forward,SRC-ADMIN-DIVISION-2024,"level=2, code=650100000000, parent=650000000000",2026-08-01T00:00:00+08:00,,2025—2026沿用最近可用行政区划版本，仅用于前向面板占位。
CN-650200,650200,650200000000,克拉玛依市,65,新疆维吾尔自治区,地级市,core,2025,2025,2024,2025-01-01,,carry_forward,SRC-ADMIN-DIVISION-2024,"level=2, code=650200000000, parent=650000000000",2026-08-01T00:00:00+08:00,,2025—2026沿用最近可用行政区划版本，仅用于前向面板占位。
CN-650400,650400,650400000000,吐鲁番市,65,新疆维吾尔自治区,地级市,core,2025,2025,2024,2025-01-01,,carry_forward,SRC-ADMIN-DIVISION-2024,"level=2, code=650400000000, parent=650000000000",2026-08-01T00:00:00+08:00,,2025—2026沿用最近可用行政区划版本，仅用于前向面板占位。
CN-650500,650500,650500000000,哈密市,65,新疆维吾尔自治区,地级市,core,2025,2025,2024,2025-01-01,,carry_forward,SRC-ADMIN-DIVISION-2024,"level=2, code=650500000000, parent=650000000000",2026-08-01T00:00:00+08:00,,2025—2026沿用最近可用行政区划版本，仅用于前向面板占位。
CN-652300,652300,652300000000,昌吉回族自治州,65,新疆维吾尔自治区,自治州,extended,2025,2025,2024,2025-01-01,,carry_forward,SRC-ADMIN-DIVISION-2024,"level=2, code=652300000000, parent=650000000000",2026-08-01T00:00:00+08:00,,2025—2026沿用最近可用行政区划版本，仅用于前向面板占位。
CN-652700,652700,652700000000,博尔塔拉蒙古自治州,65,新疆维吾尔自治区,自治州,extended,2025,2025,2024,2025-01-01,,carry_forward,SRC-ADMIN-DIVISION-2024,"level=2, code=652700000000, parent=650000000000",2026-08-01T00:00:00+08:00,,2025—2026沿用最近可用行政区划版本，仅用于前向面板占位。
CN-652800,652800,652800000000,巴音郭楞蒙古自治州,65,新疆维吾尔自治区,自治州,extended,2025,2025,2024,2025-01-01,,carry_forward,SRC-ADMIN-DIVISION-2024,"level=2, code=652800000000, parent=650000000000",2026-08-01T00:00:00+08:00,,2025—2026沿用最近可用行政区划版本，仅用于前向面板占位。
CN-652900,652900,652900000000,阿克苏地区,65,新疆维吾尔自治区,地区,extended,2025,2025,2024,2025-01-01,,carry_forward,SRC-ADMIN-DIVISION-2024,"level=2, code=652900000000, parent=650000000000",2026-08-01T00:00:00+08:00,,2025—2026沿用最近可用行政区划版本，仅用于前向面板占位。
CN-653000,653000,653000000000,克孜勒苏柯尔克孜自治州,65,新疆维吾尔自治区,自治州,extended,2025,2025,2024,2025-01-01,,carry_forward,SRC-ADMIN-DIVISION-2024,"level=2, code=653000000000, parent=650000000000",2026-08-01T00:00:00+08:00,,2025—2026沿用最近可用行政区划版本，仅用于前向面板占位。
CN-653100,653100,653100000000,喀什地区,65,新疆维吾尔自治区,地区,extended,2025,2025,2024,2025-01-01,,carry_forward,SRC-ADMIN-DIVISION-2024,"level=2, code=653100000000, parent=650000000000",2026-08-01T00:00:00+08:00,,2025—2026沿用最近可用行政区划版本，仅用于前向面板占位。
CN-653200,653200,653200000000,和田地区,65,新疆维吾尔自治区,地区,extended,2025,2025,2024,2025-01-01,,carry_forward,SRC-ADMIN-DIVISION-2024,"level=2, code=653200000000, parent=650000000000",2026-08-01T00:00:00+08:00,,2025—2026沿用最近可用行政区划版本，仅用于前向面板占位。
CN-654000,654000,654000000000,伊犁哈萨克自治州,65,新疆维吾尔自治区,自治州,extended,2025,2025,2024,2025-01-01,,carry_forward,SRC-ADMIN-DIVISION-2024,"level=2, code=654000000000, parent=650000000000",2026-08-01T00:00:00+08:00,,2025—2026沿用最近可用行政区划版本，仅用于前向面板占位。
CN-654200,654200,654200000000,塔城地区,65,新疆维吾尔自治区,地区,extended,2025,2025,2024,2025-01-01,,carry_forward,SRC-ADMIN-DIVISION-2024,"level=2, code=654200000000, parent=650000000000",2026-08-01T00:00:00+08:00,,2025—2026沿用最近可用行政区划版本，仅用于前向面板占位。
CN-654300,654300,654300000000,阿勒泰地区,65,新疆维吾尔自治区,地区,extended,2025,2025,2024,2025-01-01,,carry_forward,SRC-ADMIN-DIVISION-2024,"level=2, code=654300000000, parent=650000000000",2026-08-01T00:00:00+08:00,,2025—2026沿用最近可用行政区划版本，仅用于前向面板占位。
CN-659000,659000,659000000000,自治区直辖县级行政区划,65,新疆维吾尔自治区,地级市,core,2025,2025,2024,2025-01-01,,carry_forward,SRC-ADMIN-DIVISION-2024,"level=2, code=659000000000, parent=650000000000",2026-08-01T00:00:00+08:00,,2025—2026沿用最近可用行政区划版本，仅用于前向面板占位。
CN-110000,110000,110000000000,北京市,11,北京市,直辖市,separate,2026,2026,2024,2026-01-01,,carry_forward,SRC-ADMIN-DIVISION-2024,"level=2, code=110100000000, parent=110000000000",2026-08-01T00:00:00+08:00,,2025—2026沿用最近可用行政区划版本，仅用于前向面板占位。
CN-120000,120000,120000000000,天津市,12,天津市,直辖市,separate,2026,2026,2024,2026-01-01,,carry_forward,SRC-ADMIN-DIVISION-2024,"level=2, code=120100000000, parent=120000000000",2026-08-01T00:00:00+08:00,,2025—2026沿用最近可用行政区划版本，仅用于前向面板占位。
CN-130100,130100,130100000000,石家庄市,13,河北省,地级市,core,2026,2026,2024,2026-01-01,,carry_forward,SRC-ADMIN-DIVISION-2024,"level=2, code=130100000000, parent=130000000000",2026-08-01T00:00:00+08:00,,2025—2026沿用最近可用行政区划版本，仅用于前向面板占位。
CN-130200,130200,130200000000,唐山市,13,河北省,地级市,core,2026,2026,2024,2026-01-01,,carry_forward,SRC-ADMIN-DIVISION-2024,"level=2, code=130200000000, parent=130000000000",2026-08-01T00:00:00+08:00,,2025—2026沿用最近可用行政区划版本，仅用于前向面板占位。
CN-130300,130300,130300000000,秦皇岛市,13,河北省,地级市,core,2026,2026,2024,2026-01-01,,carry_forward,SRC-ADMIN-DIVISION-2024,"level=2, code=130300000000, parent=130000000000",2026-08-01T00:00:00+08:00,,2025—2026沿用最近可用行政区划版本，仅用于前向面板占位。
CN-130400,130400,130400000000,邯郸市,13,河北省,地级市,core,2026,2026,2024,2026-01-01,,carry_forward,SRC-ADMIN-DIVISION-2024,"level=2, code=130400000000, parent=130000000000",2026-08-01T00:00:00+08:00,,2025—2026沿用最近可用行政区划版本，仅用于前向面板占位。
CN-130500,130500,130500000000,邢台市,13,河北省,地级市,core,2026,2026,2024,2026-01-01,,carry_forward,SRC-ADMIN-DIVISION-2024,"level=2, code=130500000000, parent=130000000000",2026-08-01T00:00:00+08:00,,2025—2026沿用最近可用行政区划版本，仅用于前向面板占位。
CN-130600,130600,130600000000,保定市,13,河北省,地级市,core,2026,2026,2024,2026-01-01,,carry_forward,SRC-ADMIN-DIVISION-2024,"level=2, code=130600000000, parent=130000000000",2026-08-01T00:00:00+08:00,,2025—2026沿用最近可用行政区划版本，仅用于前向面板占位。
CN-130700,130700,130700000000,张家口市,13,河北省,地级市,core,2026,2026,2024,2026-01-01,,carry_forward,SRC-ADMIN-DIVISION-2024,"level=2, code=130700000000, parent=130000000000",2026-08-01T00:00:00+08:00,,2025—2026沿用最近可用行政区划版本，仅用于前向面板占位。
CN-130800,130800,130800000000,承德市,13,河北省,地级市,core,2026,2026,2024,2026-01-01,,carry_forward,SRC-ADMIN-DIVISION-2024,"level=2, code=130800000000, parent=130000000000",2026-08-01T00:00:00+08:00,,2025—2026沿用最近可用行政区划版本，仅用于前向面板占位。
CN-130900,130900,130900000000,沧州市,13,河北省,地级市,core,2026,2026,2024,2026-01-01,,carry_forward,SRC-ADMIN-DIVISION-2024,"level=2, code=130900000000, parent=130000000000",2026-08-01T00:00:00+08:00,,2025—2026沿用最近可用行政区划版本，仅用于前向面板占位。
CN-131000,131000,131000000000,廊坊市,13,河北省,地级市,core,2026,2026,2024,2026-01-01,,carry_forward,SRC-ADMIN-DIVISION-2024,"level=2, code=131000000000, parent=130000000000",2026-08-01T00:00:00+08:00,,2025—2026沿用最近可用行政区划版本，仅用于前向面板占位。
CN-131100,131100,131100000000,衡水市,13,河北省,地级市,core,2026,2026,2024,2026-01-01,,carry_forward,SRC-ADMIN-DIVISION-2024,"level=2, code=131100000000, parent=130000000000",2026-08-01T00:00:00+08:00,,2025—2026沿用最近可用行政区划版本，仅用于前向面板占位。
CN-133100,133100,133100000000,雄安新区,13,河北省,地级市,core,2026,2026,2024,2026-01-01,,carry_forward,SRC-ADMIN-DIVISION-2024,"level=2, code=133100000000, parent=130000000000",2026-08-01T00:00:00+08:00,,2025—2026沿用最近可用行政区划版本，仅用于前向面板占位。
CN-140100,140100,140100000000,太原市,14,山西省,地级市,core,2026,2026,2024,2026-01-01,,carry_forward,SRC-ADMIN-DIVISION-2024,"level=2, code=140100000000, parent=140000000000",2026-08-01T00:00:00+08:00,,2025—2026沿用最近可用行政区划版本，仅用于前向面板占位。
CN-140200,140200,140200000000,大同市,14,山西省,地级市,core,2026,2026,2024,2026-01-01,,carry_forward,SRC-ADMIN-DIVISION-2024,"level=2, code=140200000000, parent=140000000000",2026-08-01T00:00:00+08:00,,2025—2026沿用最近可用行政区划版本，仅用于前向面板占位。
CN-140300,140300,140300000000,阳泉市,14,山西省,地级市,core,2026,2026,2024,2026-01-01,,carry_forward,SRC-ADMIN-DIVISION-2024,"level=2, code=140300000000, parent=140000000000",2026-08-01T00:00:00+08:00,,2025—2026沿用最近可用行政区划版本，仅用于前向面板占位。
CN-140400,140400,140400000000,长治市,14,山西省,地级市,core,2026,2026,2024,2026-01-01,,carry_forward,SRC-ADMIN-DIVISION-2024,"level=2, code=140400000000, parent=140000000000",2026-08-01T00:00:00+08:00,,2025—2026沿用最近可用行政区划版本，仅用于前向面板占位。
CN-140500,140500,140500000000,晋城市,14,山西省,地级市,core,2026,2026,2024,2026-01-01,,carry_forward,SRC-ADMIN-DIVISION-2024,"level=2, code=140500000000, parent=140000000000",2026-08-01T00:00:00+08:00,,2025—2026沿用最近可用行政区划版本，仅用于前向面板占位。
CN-140600,140600,140600000000,朔州市,14,山西省,地级市,core,2026,2026,2024,2026-01-01,,carry_forward,SRC-ADMIN-DIVISION-2024,"level=2, code=140600000000, parent=140000000000",2026-08-01T00:00:00+08:00,,2025—2026沿用最近可用行政区划版本，仅用于前向面板占位。
CN-140700,140700,140700000000,晋中市,14,山西省,地级市,core,2026,2026,2024,2026-01-01,,carry_forward,SRC-ADMIN-DIVISION-2024,"level=2, code=140700000000, parent=140000000000",2026-08-01T00:00:00+08:00,,2025—2026沿用最近可用行政区划版本，仅用于前向面板占位。
CN-140800,140800,140800000000,运城市,14,山西省,地级市,core,2026,2026,2024,2026-01-01,,carry_forward,SRC-ADMIN-DIVISION-2024,"level=2, code=140800000000, parent=140000000000",2026-08-01T00:00:00+08:00,,2025—2026沿用最近可用行政区划版本，仅用于前向面板占位。
CN-140900,140900,140900000000,忻州市,14,山西省,地级市,core,2026,2026,2024,2026-01-01,,carry_forward,SRC-ADMIN-DIVISION-2024,"level=2, code=140900000000, parent=140000000000",2026-08-01T00:00:00+08:00,,2025—2026沿用最近可用行政区划版本，仅用于前向面板占位。
CN-141000,141000,141000000000,临汾市,14,山西省,地级市,core,2026,2026,2024,2026-01-01,,carry_forward,SRC-ADMIN-DIVISION-2024,"level=2, code=141000000000, parent=140000000000",2026-08-01T00:00:00+08:00,,2025—2026沿用最近可用行政区划版本，仅用于前向面板占位。
CN-141100,141100,141100000000,吕梁市,14,山西省,地级市,core,2026,2026,2024,2026-01-01,,carry_forward,SRC-ADMIN-DIVISION-2024,"level=2, code=141100000000, parent=140000000000",2026-08-01T00:00:00+08:00,,2025—2026沿用最近可用行政区划版本，仅用于前向面板占位。
CN-150100,150100,150100000000,呼和浩特市,15,内蒙古自治区,地级市,core,2026,2026,2024,2026-01-01,,carry_forward,SRC-ADMIN-DIVISION-2024,"level=2, code=150100000000, parent=150000000000",2026-08-01T00:00:00+08:00,,2025—2026沿用最近可用行政区划版本，仅用于前向面板占位。
CN-150200,150200,150200000000,包头市,15,内蒙古自治区,地级市,core,2026,2026,2024,2026-01-01,,carry_forward,SRC-ADMIN-DIVISION-2024,"level=2, code=150200000000, parent=150000000000",2026-08-01T00:00:00+08:00,,2025—2026沿用最近可用行政区划版本，仅用于前向面板占位。
CN-150300,150300,150300000000,乌海市,15,内蒙古自治区,地级市,core,2026,2026,2024,2026-01-01,,carry_forward,SRC-ADMIN-DIVISION-2024,"level=2, code=150300000000, parent=150000000000",2026-08-01T00:00:00+08:00,,2025—2026沿用最近可用行政区划版本，仅用于前向面板占位。
CN-150400,150400,150400000000,赤峰市,15,内蒙古自治区,地级市,core,2026,2026,2024,2026-01-01,,carry_forward,SRC-ADMIN-DIVISION-2024,"level=2, code=150400000000, parent=150000000000",2026-08-01T00:00:00+08:00,,2025—2026沿用最近可用行政区划版本，仅用于前向面板占位。
CN-150500,150500,150500000000,通辽市,15,内蒙古自治区,地级市,core,2026,2026,2024,2026-01-01,,carry_forward,SRC-ADMIN-DIVISION-2024,"level=2, code=150500000000, parent=150000000000",2026-08-01T00:00:00+08:00,,2025—2026沿用最近可用行政区划版本，仅用于前向面板占位。
CN-150600,150600,150600000000,鄂尔多斯市,15,内蒙古自治区,地级市,core,2026,2026,2024,2026-01-01,,carry_forward,SRC-ADMIN-DIVISION-2024,"level=2, code=150600000000, parent=150000000000",2026-08-01T00:00:00+08:00,,2025—2026沿用最近可用行政区划版本，仅用于前向面板占位。
CN-150700,150700,150700000000,呼伦贝尔市,15,内蒙古自治区,地级市,core,2026,2026,2024,2026-01-01,,carry_forward,SRC-ADMIN-DIVISION-2024,"level=2, code=150700000000, parent=150000000000",2026-08-01T00:00:00+08:00,,2025—2026沿用最近可用行政区划版本，仅用于前向面板占位。
CN-150800,150800,150800000000,巴彦淖尔市,15,内蒙古自治区,地级市,core,2026,2026,2024,2026-01-01,,carry_forward,SRC-ADMIN-DIVISION-2024,"level=2, code=150800000000, parent=150000000000",2026-08-01T00:00:00+08:00,,2025—2026沿用最近可用行政区划版本，仅用于前向面板占位。
CN-150900,150900,150900000000,乌兰察布市,15,内蒙古自治区,地级市,core,2026,2026,2024,2026-01-01,,carry_forward,SRC-ADMIN-DIVISION-2024,"level=2, code=150900000000, parent=150000000000",2026-08-01T00:00:00+08:00,,2025—2026沿用最近可用行政区划版本，仅用于前向面板占位。
CN-152200,152200,152200000000,兴安盟,15,内蒙古自治区,盟,extended,2026,2026,2024,2026-01-01,,carry_forward,SRC-ADMIN-DIVISION-2024,"level=2, code=152200000000, parent=150000000000",2026-08-01T00:00:00+08:00,,2025—2026沿用最近可用行政区划版本，仅用于前向面板占位。
CN-152500,152500,152500000000,锡林郭勒盟,15,内蒙古自治区,盟,extended,2026,2026,2024,2026-01-01,,carry_forward,SRC-ADMIN-DIVISION-2024,"level=2, code=152500000000, parent=150000000000",2026-08-01T00:00:00+08:00,,2025—2026沿用最近可用行政区划版本，仅用于前向面板占位。
CN-152900,152900,152900000000,阿拉善盟,15,内蒙古自治区,盟,extended,2026,2026,2024,2026-01-01,,carry_forward,SRC-ADMIN-DIVISION-2024,"level=2, code=152900000000, parent=150000000000",2026-08-01T00:00:00+08:00,,2025—2026沿用最近可用行政区划版本，仅用于前向面板占位。
CN-210100,210100,210100000000,沈阳市,21,辽宁省,地级市,core,2026,2026,2024,2026-01-01,,carry_forward,SRC-ADMIN-DIVISION-2024,"level=2, code=210100000000, parent=210000000000",2026-08-01T00:00:00+08:00,,2025—2026沿用最近可用行政区划版本，仅用于前向面板占位。
CN-210200,210200,210200000000,大连市,21,辽宁省,地级市,core,2026,2026,2024,2026-01-01,,carry_forward,SRC-ADMIN-DIVISION-2024,"level=2, code=210200000000, parent=210000000000",2026-08-01T00:00:00+08:00,,2025—2026沿用最近可用行政区划版本，仅用于前向面板占位。
CN-210300,210300,210300000000,鞍山市,21,辽宁省,地级市,core,2026,2026,2024,2026-01-01,,carry_forward,SRC-ADMIN-DIVISION-2024,"level=2, code=210300000000, parent=210000000000",2026-08-01T00:00:00+08:00,,2025—2026沿用最近可用行政区划版本，仅用于前向面板占位。
CN-210400,210400,210400000000,抚顺市,21,辽宁省,地级市,core,2026,2026,2024,2026-01-01,,carry_forward,SRC-ADMIN-DIVISION-2024,"level=2, code=210400000000, parent=210000000000",2026-08-01T00:00:00+08:00,,2025—2026沿用最近可用行政区划版本，仅用于前向面板占位。
CN-210500,210500,210500000000,本溪市,21,辽宁省,地级市,core,2026,2026,2024,2026-01-01,,carry_forward,SRC-ADMIN-DIVISION-2024,"level=2, code=210500000000, parent=210000000000",2026-08-01T00:00:00+08:00,,2025—2026沿用最近可用行政区划版本，仅用于前向面板占位。
CN-210600,210600,210600000000,丹东市,21,辽宁省,地级市,core,2026,2026,2024,2026-01-01,,carry_forward,SRC-ADMIN-DIVISION-2024,"level=2, code=210600000000, parent=210000000000",2026-08-01T00:00:00+08:00,,2025—2026沿用最近可用行政区划版本，仅用于前向面板占位。
CN-210700,210700,210700000000,锦州市,21,辽宁省,地级市,core,2026,2026,2024,2026-01-01,,carry_forward,SRC-ADMIN-DIVISION-2024,"level=2, code=210700000000, parent=210000000000",2026-08-01T00:00:00+08:00,,2025—2026沿用最近可用行政区划版本，仅用于前向面板占位。
CN-210800,210800,210800000000,营口市,21,辽宁省,地级市,core,2026,2026,2024,2026-01-01,,carry_forward,SRC-ADMIN-DIVISION-2024,"level=2, code=210800000000, parent=210000000000",2026-08-01T00:00:00+08:00,,2025—2026沿用最近可用行政区划版本，仅用于前向面板占位。
CN-210900,210900,210900000000,阜新市,21,辽宁省,地级市,core,2026,2026,2024,2026-01-01,,carry_forward,SRC-ADMIN-DIVISION-2024,"level=2, code=210900000000, parent=210000000000",2026-08-01T00:00:00+08:00,,2025—2026沿用最近可用行政区划版本，仅用于前向面板占位。
CN-211000,211000,211000000000,辽阳市,21,辽宁省,地级市,core,2026,2026,2024,2026-01-01,,carry_forward,SRC-ADMIN-DIVISION-2024,"level=2, code=211000000000, parent=210000000000",2026-08-01T00:00:00+08:00,,2025—2026沿用最近可用行政区划版本，仅用于前向面板占位。
CN-211100,211100,211100000000,盘锦市,21,辽宁省,地级市,core,2026,2026,2024,2026-01-01,,carry_forward,SRC-ADMIN-DIVISION-2024,"level=2, code=211100000000, parent=210000000000",2026-08-01T00:00:00+08:00,,2025—2026沿用最近可用行政区划版本，仅用于前向面板占位。
CN-211200,211200,211200000000,铁岭市,21,辽宁省,地级市,core,2026,2026,2024,2026-01-01,,carry_forward,SRC-ADMIN-DIVISION-2024,"level=2, code=211200000000, parent=210000000000",2026-08-01T00:00:00+08:00,,2025—2026沿用最近可用行政区划版本，仅用于前向面板占位。
CN-211300,211300,211300000000,朝阳市,21,辽宁省,地级市,core,2026,2026,2024,2026-01-01,,carry_forward,SRC-ADMIN-DIVISION-2024,"level=2, code=211300000000, parent=210000000000",2026-08-01T00:00:00+08:00,,2025—2026沿用最近可用行政区划版本，仅用于前向面板占位。
CN-211400,211400,211400000000,葫芦岛市,21,辽宁省,地级市,core,2026,2026,2024,2026-01-01,,carry_forward,SRC-ADMIN-DIVISION-2024,"level=2, code=211400000000, parent=210000000000",2026-08-01T00:00:00+08:00,,2025—2026沿用最近可用行政区划版本，仅用于前向面板占位。
CN-220100,220100,220100000000,长春市,22,吉林省,地级市,core,2026,2026,2024,2026-01-01,,carry_forward,SRC-ADMIN-DIVISION-2024,"level=2, code=220100000000, parent=220000000000",2026-08-01T00:00:00+08:00,,2025—2026沿用最近可用行政区划版本，仅用于前向面板占位。
CN-220200,220200,220200000000,吉林市,22,吉林省,地级市,core,2026,2026,2024,2026-01-01,,carry_forward,SRC-ADMIN-DIVISION-2024,"level=2, code=220200000000, parent=220000000000",2026-08-01T00:00:00+08:00,,2025—2026沿用最近可用行政区划版本，仅用于前向面板占位。
CN-220300,220300,220300000000,四平市,22,吉林省,地级市,core,2026,2026,2024,2026-01-01,,carry_forward,SRC-ADMIN-DIVISION-2024,"level=2, code=220300000000, parent=220000000000",2026-08-01T00:00:00+08:00,,2025—2026沿用最近可用行政区划版本，仅用于前向面板占位。
CN-220400,220400,220400000000,辽源市,22,吉林省,地级市,core,2026,2026,2024,2026-01-01,,carry_forward,SRC-ADMIN-DIVISION-2024,"level=2, code=220400000000, parent=220000000000",2026-08-01T00:00:00+08:00,,2025—2026沿用最近可用行政区划版本，仅用于前向面板占位。
CN-220500,220500,220500000000,通化市,22,吉林省,地级市,core,2026,2026,2024,2026-01-01,,carry_forward,SRC-ADMIN-DIVISION-2024,"level=2, code=220500000000, parent=220000000000",2026-08-01T00:00:00+08:00,,2025—2026沿用最近可用行政区划版本，仅用于前向面板占位。
CN-220600,220600,220600000000,白山市,22,吉林省,地级市,core,2026,2026,2024,2026-01-01,,carry_forward,SRC-ADMIN-DIVISION-2024,"level=2, code=220600000000, parent=220000000000",2026-08-01T00:00:00+08:00,,2025—2026沿用最近可用行政区划版本，仅用于前向面板占位。
CN-220700,220700,220700000000,松原市,22,吉林省,地级市,core,2026,2026,2024,2026-01-01,,carry_forward,SRC-ADMIN-DIVISION-2024,"level=2, code=220700000000, parent=220000000000",2026-08-01T00:00:00+08:00,,2025—2026沿用最近可用行政区划版本，仅用于前向面板占位。
CN-220800,220800,220800000000,白城市,22,吉林省,地级市,core,2026,2026,2024,2026-01-01,,carry_forward,SRC-ADMIN-DIVISION-2024,"level=2, code=220800000000, parent=220000000000",2026-08-01T00:00:00+08:00,,2025—2026沿用最近可用行政区划版本，仅用于前向面板占位。
CN-222400,222400,222400000000,延边朝鲜族自治州,22,吉林省,自治州,extended,2026,2026,2024,2026-01-01,,carry_forward,SRC-ADMIN-DIVISION-2024,"level=2, code=222400000000, parent=220000000000",2026-08-01T00:00:00+08:00,,2025—2026沿用最近可用行政区划版本，仅用于前向面板占位。
CN-230100,230100,230100000000,哈尔滨市,23,黑龙江省,地级市,core,2026,2026,2024,2026-01-01,,carry_forward,SRC-ADMIN-DIVISION-2024,"level=2, code=230100000000, parent=230000000000",2026-08-01T00:00:00+08:00,,2025—2026沿用最近可用行政区划版本，仅用于前向面板占位。
CN-230200,230200,230200000000,齐齐哈尔市,23,黑龙江省,地级市,core,2026,2026,2024,2026-01-01,,carry_forward,SRC-ADMIN-DIVISION-2024,"level=2, code=230200000000, parent=230000000000",2026-08-01T00:00:00+08:00,,2025—2026沿用最近可用行政区划版本，仅用于前向面板占位。
CN-230300,230300,230300000000,鸡西市,23,黑龙江省,地级市,core,2026,2026,2024,2026-01-01,,carry_forward,SRC-ADMIN-DIVISION-2024,"level=2, code=230300000000, parent=230000000000",2026-08-01T00:00:00+08:00,,2025—2026沿用最近可用行政区划版本，仅用于前向面板占位。
CN-230400,230400,230400000000,鹤岗市,23,黑龙江省,地级市,core,2026,2026,2024,2026-01-01,,carry_forward,SRC-ADMIN-DIVISION-2024,"level=2, code=230400000000, parent=230000000000",2026-08-01T00:00:00+08:00,,2025—2026沿用最近可用行政区划版本，仅用于前向面板占位。
CN-230500,230500,230500000000,双鸭山市,23,黑龙江省,地级市,core,2026,2026,2024,2026-01-01,,carry_forward,SRC-ADMIN-DIVISION-2024,"level=2, code=230500000000, parent=230000000000",2026-08-01T00:00:00+08:00,,2025—2026沿用最近可用行政区划版本，仅用于前向面板占位。
CN-230600,230600,230600000000,大庆市,23,黑龙江省,地级市,core,2026,2026,2024,2026-01-01,,carry_forward,SRC-ADMIN-DIVISION-2024,"level=2, code=230600000000, parent=230000000000",2026-08-01T00:00:00+08:00,,2025—2026沿用最近可用行政区划版本，仅用于前向面板占位。
CN-230700,230700,230700000000,伊春市,23,黑龙江省,地级市,core,2026,2026,2024,2026-01-01,,carry_forward,SRC-ADMIN-DIVISION-2024,"level=2, code=230700000000, parent=230000000000",2026-08-01T00:00:00+08:00,,2025—2026沿用最近可用行政区划版本，仅用于前向面板占位。
CN-230800,230800,230800000000,佳木斯市,23,黑龙江省,地级市,core,2026,2026,2024,2026-01-01,,carry_forward,SRC-ADMIN-DIVISION-2024,"level=2, code=230800000000, parent=230000000000",2026-08-01T00:00:00+08:00,,2025—2026沿用最近可用行政区划版本，仅用于前向面板占位。
CN-230900,230900,230900000000,七台河市,23,黑龙江省,地级市,core,2026,2026,2024,2026-01-01,,carry_forward,SRC-ADMIN-DIVISION-2024,"level=2, code=230900000000, parent=230000000000",2026-08-01T00:00:00+08:00,,2025—2026沿用最近可用行政区划版本，仅用于前向面板占位。
CN-231000,231000,231000000000,牡丹江市,23,黑龙江省,地级市,core,2026,2026,2024,2026-01-01,,carry_forward,SRC-ADMIN-DIVISION-2024,"level=2, code=231000000000, parent=230000000000",2026-08-01T00:00:00+08:00,,2025—2026沿用最近可用行政区划版本，仅用于前向面板占位。
CN-231100,231100,231100000000,黑河市,23,黑龙江省,地级市,core,2026,2026,2024,2026-01-01,,carry_forward,SRC-ADMIN-DIVISION-2024,"level=2, code=231100000000, parent=230000000000",2026-08-01T00:00:00+08:00,,2025—2026沿用最近可用行政区划版本，仅用于前向面板占位。
CN-231200,231200,231200000000,绥化市,23,黑龙江省,地级市,core,2026,2026,2024,2026-01-01,,carry_forward,SRC-ADMIN-DIVISION-2024,"level=2, code=231200000000, parent=230000000000",2026-08-01T00:00:00+08:00,,2025—2026沿用最近可用行政区划版本，仅用于前向面板占位。
CN-232700,232700,232700000000,大兴安岭地区,23,黑龙江省,地区,extended,2026,2026,2024,2026-01-01,,carry_forward,SRC-ADMIN-DIVISION-2024,"level=2, code=232700000000, parent=230000000000",2026-08-01T00:00:00+08:00,,2025—2026沿用最近可用行政区划版本，仅用于前向面板占位。
CN-310000,310000,310000000000,上海市,31,上海市,直辖市,separate,2026,2026,2024,2026-01-01,,carry_forward,SRC-ADMIN-DIVISION-2024,"level=2, code=310100000000, parent=310000000000",2026-08-01T00:00:00+08:00,,2025—2026沿用最近可用行政区划版本，仅用于前向面板占位。
CN-320100,320100,320100000000,南京市,32,江苏省,地级市,core,2026,2026,2024,2026-01-01,,carry_forward,SRC-ADMIN-DIVISION-2024,"level=2, code=320100000000, parent=320000000000",2026-08-01T00:00:00+08:00,,2025—2026沿用最近可用行政区划版本，仅用于前向面板占位。
CN-320200,320200,320200000000,无锡市,32,江苏省,地级市,core,2026,2026,2024,2026-01-01,,carry_forward,SRC-ADMIN-DIVISION-2024,"level=2, code=320200000000, parent=320000000000",2026-08-01T00:00:00+08:00,,2025—2026沿用最近可用行政区划版本，仅用于前向面板占位。
CN-320300,320300,320300000000,徐州市,32,江苏省,地级市,core,2026,2026,2024,2026-01-01,,carry_forward,SRC-ADMIN-DIVISION-2024,"level=2, code=320300000000, parent=320000000000",2026-08-01T00:00:00+08:00,,2025—2026沿用最近可用行政区划版本，仅用于前向面板占位。
CN-320400,320400,320400000000,常州市,32,江苏省,地级市,core,2026,2026,2024,2026-01-01,,carry_forward,SRC-ADMIN-DIVISION-2024,"level=2, code=320400000000, parent=320000000000",2026-08-01T00:00:00+08:00,,2025—2026沿用最近可用行政区划版本，仅用于前向面板占位。
CN-320500,320500,320500000000,苏州市,32,江苏省,地级市,core,2026,2026,2024,2026-01-01,,carry_forward,SRC-ADMIN-DIVISION-2024,"level=2, code=320500000000, parent=320000000000",2026-08-01T00:00:00+08:00,,2025—2026沿用最近可用行政区划版本，仅用于前向面板占位。
CN-320600,320600,320600000000,南通市,32,江苏省,地级市,core,2026,2026,2024,2026-01-01,,carry_forward,SRC-ADMIN-DIVISION-2024,"level=2, code=320600000000, parent=320000000000",2026-08-01T00:00:00+08:00,,2025—2026沿用最近可用行政区划版本，仅用于前向面板占位。
CN-320700,320700,320700000000,连云港市,32,江苏省,地级市,core,2026,2026,2024,2026-01-01,,carry_forward,SRC-ADMIN-DIVISION-2024,"level=2, code=320700000000, parent=320000000000",2026-08-01T00:00:00+08:00,,2025—2026沿用最近可用行政区划版本，仅用于前向面板占位。
CN-320800,320800,320800000000,淮安市,32,江苏省,地级市,core,2026,2026,2024,2026-01-01,,carry_forward,SRC-ADMIN-DIVISION-2024,"level=2, code=320800000000, parent=320000000000",2026-08-01T00:00:00+08:00,,2025—2026沿用最近可用行政区划版本，仅用于前向面板占位。
CN-320900,320900,320900000000,盐城市,32,江苏省,地级市,core,2026,2026,2024,2026-01-01,,carry_forward,SRC-ADMIN-DIVISION-2024,"level=2, code=320900000000, parent=320000000000",2026-08-01T00:00:00+08:00,,2025—2026沿用最近可用行政区划版本，仅用于前向面板占位。
CN-321000,321000,321000000000,扬州市,32,江苏省,地级市,core,2026,2026,2024,2026-01-01,,carry_forward,SRC-ADMIN-DIVISION-2024,"level=2, code=321000000000, parent=320000000000",2026-08-01T00:00:00+08:00,,2025—2026沿用最近可用行政区划版本，仅用于前向面板占位。
CN-321100,321100,321100000000,镇江市,32,江苏省,地级市,core,2026,2026,2024,2026-01-01,,carry_forward,SRC-ADMIN-DIVISION-2024,"level=2, code=321100000000, parent=320000000000",2026-08-01T00:00:00+08:00,,2025—2026沿用最近可用行政区划版本，仅用于前向面板占位。
CN-321200,321200,321200000000,泰州市,32,江苏省,地级市,core,2026,2026,2024,2026-01-01,,carry_forward,SRC-ADMIN-DIVISION-2024,"level=2, code=321200000000, parent=320000000000",2026-08-01T00:00:00+08:00,,2025—2026沿用最近可用行政区划版本，仅用于前向面板占位。
CN-321300,321300,321300000000,宿迁市,32,江苏省,地级市,core,2026,2026,2024,2026-01-01,,carry_forward,SRC-ADMIN-DIVISION-2024,"level=2, code=321300000000, parent=320000000000",2026-08-01T00:00:00+08:00,,2025—2026沿用最近可用行政区划版本，仅用于前向面板占位。
CN-330100,330100,330100000000,杭州市,33,浙江省,地级市,core,2026,2026,2024,2026-01-01,,carry_forward,SRC-ADMIN-DIVISION-2024,"level=2, code=330100000000, parent=330000000000",2026-08-01T00:00:00+08:00,,2025—2026沿用最近可用行政区划版本，仅用于前向面板占位。
CN-330200,330200,330200000000,宁波市,33,浙江省,地级市,core,2026,2026,2024,2026-01-01,,carry_forward,SRC-ADMIN-DIVISION-2024,"level=2, code=330200000000, parent=330000000000",2026-08-01T00:00:00+08:00,,2025—2026沿用最近可用行政区划版本，仅用于前向面板占位。
CN-330300,330300,330300000000,温州市,33,浙江省,地级市,core,2026,2026,2024,2026-01-01,,carry_forward,SRC-ADMIN-DIVISION-2024,"level=2, code=330300000000, parent=330000000000",2026-08-01T00:00:00+08:00,,2025—2026沿用最近可用行政区划版本，仅用于前向面板占位。
CN-330400,330400,330400000000,嘉兴市,33,浙江省,地级市,core,2026,2026,2024,2026-01-01,,carry_forward,SRC-ADMIN-DIVISION-2024,"level=2, code=330400000000, parent=330000000000",2026-08-01T00:00:00+08:00,,2025—2026沿用最近可用行政区划版本，仅用于前向面板占位。
CN-330500,330500,330500000000,湖州市,33,浙江省,地级市,core,2026,2026,2024,2026-01-01,,carry_forward,SRC-ADMIN-DIVISION-2024,"level=2, code=330500000000, parent=330000000000",2026-08-01T00:00:00+08:00,,2025—2026沿用最近可用行政区划版本，仅用于前向面板占位。
CN-330600,330600,330600000000,绍兴市,33,浙江省,地级市,core,2026,2026,2024,2026-01-01,,carry_forward,SRC-ADMIN-DIVISION-2024,"level=2, code=330600000000, parent=330000000000",2026-08-01T00:00:00+08:00,,2025—2026沿用最近可用行政区划版本，仅用于前向面板占位。
CN-330700,330700,330700000000,金华市,33,浙江省,地级市,core,2026,2026,2024,2026-01-01,,carry_forward,SRC-ADMIN-DIVISION-2024,"level=2, code=330700000000, parent=330000000000",2026-08-01T00:00:00+08:00,,2025—2026沿用最近可用行政区划版本，仅用于前向面板占位。
CN-330800,330800,330800000000,衢州市,33,浙江省,地级市,core,2026,2026,2024,2026-01-01,,carry_forward,SRC-ADMIN-DIVISION-2024,"level=2, code=330800000000, parent=330000000000",2026-08-01T00:00:00+08:00,,2025—2026沿用最近可用行政区划版本，仅用于前向面板占位。
CN-330900,330900,330900000000,舟山市,33,浙江省,地级市,core,2026,2026,2024,2026-01-01,,carry_forward,SRC-ADMIN-DIVISION-2024,"level=2, code=330900000000, parent=330000000000",2026-08-01T00:00:00+08:00,,2025—2026沿用最近可用行政区划版本，仅用于前向面板占位。
CN-331000,331000,331000000000,台州市,33,浙江省,地级市,core,2026,2026,2024,2026-01-01,,carry_forward,SRC-ADMIN-DIVISION-2024,"level=2, code=331000000000, parent=330000000000",2026-08-01T00:00:00+08:00,,2025—2026沿用最近可用行政区划版本，仅用于前向面板占位。
CN-331100,331100,331100000000,丽水市,33,浙江省,地级市,core,2026,2026,2024,2026-01-01,,carry_forward,SRC-ADMIN-DIVISION-2024,"level=2, code=331100000000, parent=330000000000",2026-08-01T00:00:00+08:00,,2025—2026沿用最近可用行政区划版本，仅用于前向面板占位。
CN-340100,340100,340100000000,合肥市,34,安徽省,地级市,core,2026,2026,2024,2026-01-01,,carry_forward,SRC-ADMIN-DIVISION-2024,"level=2, code=340100000000, parent=340000000000",2026-08-01T00:00:00+08:00,,2025—2026沿用最近可用行政区划版本，仅用于前向面板占位。
CN-340200,340200,340200000000,芜湖市,34,安徽省,地级市,core,2026,2026,2024,2026-01-01,,carry_forward,SRC-ADMIN-DIVISION-2024,"level=2, code=340200000000, parent=340000000000",2026-08-01T00:00:00+08:00,,2025—2026沿用最近可用行政区划版本，仅用于前向面板占位。
CN-340300,340300,340300000000,蚌埠市,34,安徽省,地级市,core,2026,2026,2024,2026-01-01,,carry_forward,SRC-ADMIN-DIVISION-2024,"level=2, code=340300000000, parent=340000000000",2026-08-01T00:00:00+08:00,,2025—2026沿用最近可用行政区划版本，仅用于前向面板占位。
CN-340400,340400,340400000000,淮南市,34,安徽省,地级市,core,2026,2026,2024,2026-01-01,,carry_forward,SRC-ADMIN-DIVISION-2024,"level=2, code=340400000000, parent=340000000000",2026-08-01T00:00:00+08:00,,2025—2026沿用最近可用行政区划版本，仅用于前向面板占位。
CN-340500,340500,340500000000,马鞍山市,34,安徽省,地级市,core,2026,2026,2024,2026-01-01,,carry_forward,SRC-ADMIN-DIVISION-2024,"level=2, code=340500000000, parent=340000000000",2026-08-01T00:00:00+08:00,,2025—2026沿用最近可用行政区划版本，仅用于前向面板占位。
CN-340600,340600,340600000000,淮北市,34,安徽省,地级市,core,2026,2026,2024,2026-01-01,,carry_forward,SRC-ADMIN-DIVISION-2024,"level=2, code=340600000000, parent=340000000000",2026-08-01T00:00:00+08:00,,2025—2026沿用最近可用行政区划版本，仅用于前向面板占位。
CN-340700,340700,340700000000,铜陵市,34,安徽省,地级市,core,2026,2026,2024,2026-01-01,,carry_forward,SRC-ADMIN-DIVISION-2024,"level=2, code=340700000000, parent=340000000000",2026-08-01T00:00:00+08:00,,2025—2026沿用最近可用行政区划版本，仅用于前向面板占位。
CN-340800,340800,340800000000,安庆市,34,安徽省,地级市,core,2026,2026,2024,2026-01-01,,carry_forward,SRC-ADMIN-DIVISION-2024,"level=2, code=340800000000, parent=340000000000",2026-08-01T00:00:00+08:00,,2025—2026沿用最近可用行政区划版本，仅用于前向面板占位。
CN-341000,341000,341000000000,黄山市,34,安徽省,地级市,core,2026,2026,2024,2026-01-01,,carry_forward,SRC-ADMIN-DIVISION-2024,"level=2, code=341000000000, parent=340000000000",2026-08-01T00:00:00+08:00,,2025—2026沿用最近可用行政区划版本，仅用于前向面板占位。
CN-341100,341100,341100000000,滁州市,34,安徽省,地级市,core,2026,2026,2024,2026-01-01,,carry_forward,SRC-ADMIN-DIVISION-2024,"level=2, code=341100000000, parent=340000000000",2026-08-01T00:00:00+08:00,,2025—2026沿用最近可用行政区划版本，仅用于前向面板占位。
CN-341200,341200,341200000000,阜阳市,34,安徽省,地级市,core,2026,2026,2024,2026-01-01,,carry_forward,SRC-ADMIN-DIVISION-2024,"level=2, code=341200000000, parent=340000000000",2026-08-01T00:00:00+08:00,,2025—2026沿用最近可用行政区划版本，仅用于前向面板占位。
CN-341300,341300,341300000000,宿州市,34,安徽省,地级市,core,2026,2026,2024,2026-01-01,,carry_forward,SRC-ADMIN-DIVISION-2024,"level=2, code=341300000000, parent=340000000000",2026-08-01T00:00:00+08:00,,2025—2026沿用最近可用行政区划版本，仅用于前向面板占位。
CN-341500,341500,341500000000,六安市,34,安徽省,地级市,core,2026,2026,2024,2026-01-01,,carry_forward,SRC-ADMIN-DIVISION-2024,"level=2, code=341500000000, parent=340000000000",2026-08-01T00:00:00+08:00,,2025—2026沿用最近可用行政区划版本，仅用于前向面板占位。
CN-341600,341600,341600000000,亳州市,34,安徽省,地级市,core,2026,2026,2024,2026-01-01,,carry_forward,SRC-ADMIN-DIVISION-2024,"level=2, code=341600000000, parent=340000000000",2026-08-01T00:00:00+08:00,,2025—2026沿用最近可用行政区划版本，仅用于前向面板占位。
CN-341700,341700,341700000000,池州市,34,安徽省,地级市,core,2026,2026,2024,2026-01-01,,carry_forward,SRC-ADMIN-DIVISION-2024,"level=2, code=341700000000, parent=340000000000",2026-08-01T00:00:00+08:00,,2025—2026沿用最近可用行政区划版本，仅用于前向面板占位。
CN-341800,341800,341800000000,宣城市,34,安徽省,地级市,core,2026,2026,2024,2026-01-01,,carry_forward,SRC-ADMIN-DIVISION-2024,"level=2, code=341800000000, parent=340000000000",2026-08-01T00:00:00+08:00,,2025—2026沿用最近可用行政区划版本，仅用于前向面板占位。
CN-350100,350100,350100000000,福州市,35,福建省,地级市,core,2026,2026,2024,2026-01-01,,carry_forward,SRC-ADMIN-DIVISION-2024,"level=2, code=350100000000, parent=350000000000",2026-08-01T00:00:00+08:00,,2025—2026沿用最近可用行政区划版本，仅用于前向面板占位。
CN-350200,350200,350200000000,厦门市,35,福建省,地级市,core,2026,2026,2024,2026-01-01,,carry_forward,SRC-ADMIN-DIVISION-2024,"level=2, code=350200000000, parent=350000000000",2026-08-01T00:00:00+08:00,,2025—2026沿用最近可用行政区划版本，仅用于前向面板占位。
CN-350300,350300,350300000000,莆田市,35,福建省,地级市,core,2026,2026,2024,2026-01-01,,carry_forward,SRC-ADMIN-DIVISION-2024,"level=2, code=350300000000, parent=350000000000",2026-08-01T00:00:00+08:00,,2025—2026沿用最近可用行政区划版本，仅用于前向面板占位。
CN-350400,350400,350400000000,三明市,35,福建省,地级市,core,2026,2026,2024,2026-01-01,,carry_forward,SRC-ADMIN-DIVISION-2024,"level=2, code=350400000000, parent=350000000000",2026-08-01T00:00:00+08:00,,2025—2026沿用最近可用行政区划版本，仅用于前向面板占位。
CN-350500,350500,350500000000,泉州市,35,福建省,地级市,core,2026,2026,2024,2026-01-01,,carry_forward,SRC-ADMIN-DIVISION-2024,"level=2, code=350500000000, parent=350000000000",2026-08-01T00:00:00+08:00,,2025—2026沿用最近可用行政区划版本，仅用于前向面板占位。
CN-350600,350600,350600000000,漳州市,35,福建省,地级市,core,2026,2026,2024,2026-01-01,,carry_forward,SRC-ADMIN-DIVISION-2024,"level=2, code=350600000000, parent=350000000000",2026-08-01T00:00:00+08:00,,2025—2026沿用最近可用行政区划版本，仅用于前向面板占位。
CN-350700,350700,350700000000,南平市,35,福建省,地级市,core,2026,2026,2024,2026-01-01,,carry_forward,SRC-ADMIN-DIVISION-2024,"level=2, code=350700000000, parent=350000000000",2026-08-01T00:00:00+08:00,,2025—2026沿用最近可用行政区划版本，仅用于前向面板占位。
CN-350800,350800,350800000000,龙岩市,35,福建省,地级市,core,2026,2026,2024,2026-01-01,,carry_forward,SRC-ADMIN-DIVISION-2024,"level=2, code=350800000000, parent=350000000000",2026-08-01T00:00:00+08:00,,2025—2026沿用最近可用行政区划版本，仅用于前向面板占位。
CN-350900,350900,350900000000,宁德市,35,福建省,地级市,core,2026,2026,2024,2026-01-01,,carry_forward,SRC-ADMIN-DIVISION-2024,"level=2, code=350900000000, parent=350000000000",2026-08-01T00:00:00+08:00,,2025—2026沿用最近可用行政区划版本，仅用于前向面板占位。
CN-360100,360100,360100000000,南昌市,36,江西省,地级市,core,2026,2026,2024,2026-01-01,,carry_forward,SRC-ADMIN-DIVISION-2024,"level=2, code=360100000000, parent=360000000000",2026-08-01T00:00:00+08:00,,2025—2026沿用最近可用行政区划版本，仅用于前向面板占位。
CN-360200,360200,360200000000,景德镇市,36,江西省,地级市,core,2026,2026,2024,2026-01-01,,carry_forward,SRC-ADMIN-DIVISION-2024,"level=2, code=360200000000, parent=360000000000",2026-08-01T00:00:00+08:00,,2025—2026沿用最近可用行政区划版本，仅用于前向面板占位。
CN-360300,360300,360300000000,萍乡市,36,江西省,地级市,core,2026,2026,2024,2026-01-01,,carry_forward,SRC-ADMIN-DIVISION-2024,"level=2, code=360300000000, parent=360000000000",2026-08-01T00:00:00+08:00,,2025—2026沿用最近可用行政区划版本，仅用于前向面板占位。
CN-360400,360400,360400000000,九江市,36,江西省,地级市,core,2026,2026,2024,2026-01-01,,carry_forward,SRC-ADMIN-DIVISION-2024,"level=2, code=360400000000, parent=360000000000",2026-08-01T00:00:00+08:00,,2025—2026沿用最近可用行政区划版本，仅用于前向面板占位。
CN-360500,360500,360500000000,新余市,36,江西省,地级市,core,2026,2026,2024,2026-01-01,,carry_forward,SRC-ADMIN-DIVISION-2024,"level=2, code=360500000000, parent=360000000000",2026-08-01T00:00:00+08:00,,2025—2026沿用最近可用行政区划版本，仅用于前向面板占位。
CN-360600,360600,360600000000,鹰潭市,36,江西省,地级市,core,2026,2026,2024,2026-01-01,,carry_forward,SRC-ADMIN-DIVISION-2024,"level=2, code=360600000000, parent=360000000000",2026-08-01T00:00:00+08:00,,2025—2026沿用最近可用行政区划版本，仅用于前向面板占位。
CN-360700,360700,360700000000,赣州市,36,江西省,地级市,core,2026,2026,2024,2026-01-01,,carry_forward,SRC-ADMIN-DIVISION-2024,"level=2, code=360700000000, parent=360000000000",2026-08-01T00:00:00+08:00,,2025—2026沿用最近可用行政区划版本，仅用于前向面板占位。
CN-360800,360800,360800000000,吉安市,36,江西省,地级市,core,2026,2026,2024,2026-01-01,,carry_forward,SRC-ADMIN-DIVISION-2024,"level=2, code=360800000000, parent=360000000000",2026-08-01T00:00:00+08:00,,2025—2026沿用最近可用行政区划版本，仅用于前向面板占位。
CN-360900,360900,360900000000,宜春市,36,江西省,地级市,core,2026,2026,2024,2026-01-01,,carry_forward,SRC-ADMIN-DIVISION-2024,"level=2, code=360900000000, parent=360000000000",2026-08-01T00:00:00+08:00,,2025—2026沿用最近可用行政区划版本，仅用于前向面板占位。
CN-361000,361000,361000000000,抚州市,36,江西省,地级市,core,2026,2026,2024,2026-01-01,,carry_forward,SRC-ADMIN-DIVISION-2024,"level=2, code=361000000000, parent=360000000000",2026-08-01T00:00:00+08:00,,2025—2026沿用最近可用行政区划版本，仅用于前向面板占位。
CN-361100,361100,361100000000,上饶市,36,江西省,地级市,core,2026,2026,2024,2026-01-01,,carry_forward,SRC-ADMIN-DIVISION-2024,"level=2, code=361100000000, parent=360000000000",2026-08-01T00:00:00+08:00,,2025—2026沿用最近可用行政区划版本，仅用于前向面板占位。
CN-370100,370100,370100000000,济南市,37,山东省,地级市,core,2026,2026,2024,2026-01-01,,carry_forward,SRC-ADMIN-DIVISION-2024,"level=2, code=370100000000, parent=370000000000",2026-08-01T00:00:00+08:00,,2025—2026沿用最近可用行政区划版本，仅用于前向面板占位。
CN-370200,370200,370200000000,青岛市,37,山东省,地级市,core,2026,2026,2024,2026-01-01,,carry_forward,SRC-ADMIN-DIVISION-2024,"level=2, code=370200000000, parent=370000000000",2026-08-01T00:00:00+08:00,,2025—2026沿用最近可用行政区划版本，仅用于前向面板占位。
CN-370300,370300,370300000000,淄博市,37,山东省,地级市,core,2026,2026,2024,2026-01-01,,carry_forward,SRC-ADMIN-DIVISION-2024,"level=2, code=370300000000, parent=370000000000",2026-08-01T00:00:00+08:00,,2025—2026沿用最近可用行政区划版本，仅用于前向面板占位。
CN-370400,370400,370400000000,枣庄市,37,山东省,地级市,core,2026,2026,2024,2026-01-01,,carry_forward,SRC-ADMIN-DIVISION-2024,"level=2, code=370400000000, parent=370000000000",2026-08-01T00:00:00+08:00,,2025—2026沿用最近可用行政区划版本，仅用于前向面板占位。
CN-370500,370500,370500000000,东营市,37,山东省,地级市,core,2026,2026,2024,2026-01-01,,carry_forward,SRC-ADMIN-DIVISION-2024,"level=2, code=370500000000, parent=370000000000",2026-08-01T00:00:00+08:00,,2025—2026沿用最近可用行政区划版本，仅用于前向面板占位。
CN-370600,370600,370600000000,烟台市,37,山东省,地级市,core,2026,2026,2024,2026-01-01,,carry_forward,SRC-ADMIN-DIVISION-2024,"level=2, code=370600000000, parent=370000000000",2026-08-01T00:00:00+08:00,,2025—2026沿用最近可用行政区划版本，仅用于前向面板占位。
CN-370700,370700,370700000000,潍坊市,37,山东省,地级市,core,2026,2026,2024,2026-01-01,,carry_forward,SRC-ADMIN-DIVISION-2024,"level=2, code=370700000000, parent=370000000000",2026-08-01T00:00:00+08:00,,2025—2026沿用最近可用行政区划版本，仅用于前向面板占位。
CN-370800,370800,370800000000,济宁市,37,山东省,地级市,core,2026,2026,2024,2026-01-01,,carry_forward,SRC-ADMIN-DIVISION-2024,"level=2, code=370800000000, parent=370000000000",2026-08-01T00:00:00+08:00,,2025—2026沿用最近可用行政区划版本，仅用于前向面板占位。
CN-370900,370900,370900000000,泰安市,37,山东省,地级市,core,2026,2026,2024,2026-01-01,,carry_forward,SRC-ADMIN-DIVISION-2024,"level=2, code=370900000000, parent=370000000000",2026-08-01T00:00:00+08:00,,2025—2026沿用最近可用行政区划版本，仅用于前向面板占位。
CN-371000,371000,371000000000,威海市,37,山东省,地级市,core,2026,2026,2024,2026-01-01,,carry_forward,SRC-ADMIN-DIVISION-2024,"level=2, code=371000000000, parent=370000000000",2026-08-01T00:00:00+08:00,,2025—2026沿用最近可用行政区划版本，仅用于前向面板占位。
CN-371100,371100,371100000000,日照市,37,山东省,地级市,core,2026,2026,2024,2026-01-01,,carry_forward,SRC-ADMIN-DIVISION-2024,"level=2, code=371100000000, parent=370000000000",2026-08-01T00:00:00+08:00,,2025—2026沿用最近可用行政区划版本，仅用于前向面板占位。
CN-371300,371300,371300000000,临沂市,37,山东省,地级市,core,2026,2026,2024,2026-01-01,,carry_forward,SRC-ADMIN-DIVISION-2024,"level=2, code=371300000000, parent=370000000000",2026-08-01T00:00:00+08:00,,2025—2026沿用最近可用行政区划版本，仅用于前向面板占位。
CN-371400,371400,371400000000,德州市,37,山东省,地级市,core,2026,2026,2024,2026-01-01,,carry_forward,SRC-ADMIN-DIVISION-2024,"level=2, code=371400000000, parent=370000000000",2026-08-01T00:00:00+08:00,,2025—2026沿用最近可用行政区划版本，仅用于前向面板占位。
CN-371500,371500,371500000000,聊城市,37,山东省,地级市,core,2026,2026,2024,2026-01-01,,carry_forward,SRC-ADMIN-DIVISION-2024,"level=2, code=371500000000, parent=370000000000",2026-08-01T00:00:00+08:00,,2025—2026沿用最近可用行政区划版本，仅用于前向面板占位。
CN-371600,371600,371600000000,滨州市,37,山东省,地级市,core,2026,2026,2024,2026-01-01,,carry_forward,SRC-ADMIN-DIVISION-2024,"level=2, code=371600000000, parent=370000000000",2026-08-01T00:00:00+08:00,,2025—2026沿用最近可用行政区划版本，仅用于前向面板占位。
CN-371700,371700,371700000000,菏泽市,37,山东省,地级市,core,2026,2026,2024,2026-01-01,,carry_forward,SRC-ADMIN-DIVISION-2024,"level=2, code=371700000000, parent=370000000000",2026-08-01T00:00:00+08:00,,2025—2026沿用最近可用行政区划版本，仅用于前向面板占位。
CN-410100,410100,410100000000,郑州市,41,河南省,地级市,core,2026,2026,2024,2026-01-01,,carry_forward,SRC-ADMIN-DIVISION-2024,"level=2, code=410100000000, parent=410000000000",2026-08-01T00:00:00+08:00,,2025—2026沿用最近可用行政区划版本，仅用于前向面板占位。
CN-410200,410200,410200000000,开封市,41,河南省,地级市,core,2026,2026,2024,2026-01-01,,carry_forward,SRC-ADMIN-DIVISION-2024,"level=2, code=410200000000, parent=410000000000",2026-08-01T00:00:00+08:00,,2025—2026沿用最近可用行政区划版本，仅用于前向面板占位。
CN-410300,410300,410300000000,洛阳市,41,河南省,地级市,core,2026,2026,2024,2026-01-01,,carry_forward,SRC-ADMIN-DIVISION-2024,"level=2, code=410300000000, parent=410000000000",2026-08-01T00:00:00+08:00,,2025—2026沿用最近可用行政区划版本，仅用于前向面板占位。
CN-410400,410400,410400000000,平顶山市,41,河南省,地级市,core,2026,2026,2024,2026-01-01,,carry_forward,SRC-ADMIN-DIVISION-2024,"level=2, code=410400000000, parent=410000000000",2026-08-01T00:00:00+08:00,,2025—2026沿用最近可用行政区划版本，仅用于前向面板占位。
CN-410500,410500,410500000000,安阳市,41,河南省,地级市,core,2026,2026,2024,2026-01-01,,carry_forward,SRC-ADMIN-DIVISION-2024,"level=2, code=410500000000, parent=410000000000",2026-08-01T00:00:00+08:00,,2025—2026沿用最近可用行政区划版本，仅用于前向面板占位。
CN-410600,410600,410600000000,鹤壁市,41,河南省,地级市,core,2026,2026,2024,2026-01-01,,carry_forward,SRC-ADMIN-DIVISION-2024,"level=2, code=410600000000, parent=410000000000",2026-08-01T00:00:00+08:00,,2025—2026沿用最近可用行政区划版本，仅用于前向面板占位。
CN-410700,410700,410700000000,新乡市,41,河南省,地级市,core,2026,2026,2024,2026-01-01,,carry_forward,SRC-ADMIN-DIVISION-2024,"level=2, code=410700000000, parent=410000000000",2026-08-01T00:00:00+08:00,,2025—2026沿用最近可用行政区划版本，仅用于前向面板占位。
CN-410800,410800,410800000000,焦作市,41,河南省,地级市,core,2026,2026,2024,2026-01-01,,carry_forward,SRC-ADMIN-DIVISION-2024,"level=2, code=410800000000, parent=410000000000",2026-08-01T00:00:00+08:00,,2025—2026沿用最近可用行政区划版本，仅用于前向面板占位。
CN-410900,410900,410900000000,濮阳市,41,河南省,地级市,core,2026,2026,2024,2026-01-01,,carry_forward,SRC-ADMIN-DIVISION-2024,"level=2, code=410900000000, parent=410000000000",2026-08-01T00:00:00+08:00,,2025—2026沿用最近可用行政区划版本，仅用于前向面板占位。
CN-411000,411000,411000000000,许昌市,41,河南省,地级市,core,2026,2026,2024,2026-01-01,,carry_forward,SRC-ADMIN-DIVISION-2024,"level=2, code=411000000000, parent=410000000000",2026-08-01T00:00:00+08:00,,2025—2026沿用最近可用行政区划版本，仅用于前向面板占位。
CN-411100,411100,411100000000,漯河市,41,河南省,地级市,core,2026,2026,2024,2026-01-01,,carry_forward,SRC-ADMIN-DIVISION-2024,"level=2, code=411100000000, parent=410000000000",2026-08-01T00:00:00+08:00,,2025—2026沿用最近可用行政区划版本，仅用于前向面板占位。
CN-411200,411200,411200000000,三门峡市,41,河南省,地级市,core,2026,2026,2024,2026-01-01,,carry_forward,SRC-ADMIN-DIVISION-2024,"level=2, code=411200000000, parent=410000000000",2026-08-01T00:00:00+08:00,,2025—2026沿用最近可用行政区划版本，仅用于前向面板占位。
CN-411300,411300,411300000000,南阳市,41,河南省,地级市,core,2026,2026,2024,2026-01-01,,carry_forward,SRC-ADMIN-DIVISION-2024,"level=2, code=411300000000, parent=410000000000",2026-08-01T00:00:00+08:00,,2025—2026沿用最近可用行政区划版本，仅用于前向面板占位。
CN-411400,411400,411400000000,商丘市,41,河南省,地级市,core,2026,2026,2024,2026-01-01,,carry_forward,SRC-ADMIN-DIVISION-2024,"level=2, code=411400000000, parent=410000000000",2026-08-01T00:00:00+08:00,,2025—2026沿用最近可用行政区划版本，仅用于前向面板占位。
CN-411500,411500,411500000000,信阳市,41,河南省,地级市,core,2026,2026,2024,2026-01-01,,carry_forward,SRC-ADMIN-DIVISION-2024,"level=2, code=411500000000, parent=410000000000",2026-08-01T00:00:00+08:00,,2025—2026沿用最近可用行政区划版本，仅用于前向面板占位。
CN-411600,411600,411600000000,周口市,41,河南省,地级市,core,2026,2026,2024,2026-01-01,,carry_forward,SRC-ADMIN-DIVISION-2024,"level=2, code=411600000000, parent=410000000000",2026-08-01T00:00:00+08:00,,2025—2026沿用最近可用行政区划版本，仅用于前向面板占位。
CN-411700,411700,411700000000,驻马店市,41,河南省,地级市,core,2026,2026,2024,2026-01-01,,carry_forward,SRC-ADMIN-DIVISION-2024,"level=2, code=411700000000, parent=410000000000",2026-08-01T00:00:00+08:00,,2025—2026沿用最近可用行政区划版本，仅用于前向面板占位。
CN-419000,419000,419000000000,省直辖县级行政区划,41,河南省,地级市,core,2026,2026,2024,2026-01-01,,carry_forward,SRC-ADMIN-DIVISION-2024,"level=2, code=419000000000, parent=410000000000",2026-08-01T00:00:00+08:00,,2025—2026沿用最近可用行政区划版本，仅用于前向面板占位。
CN-420100,420100,420100000000,武汉市,42,湖北省,地级市,core,2026,2026,2024,2026-01-01,,carry_forward,SRC-ADMIN-DIVISION-2024,"level=2, code=420100000000, parent=420000000000",2026-08-01T00:00:00+08:00,,2025—2026沿用最近可用行政区划版本，仅用于前向面板占位。
CN-420200,420200,420200000000,黄石市,42,湖北省,地级市,core,2026,2026,2024,2026-01-01,,carry_forward,SRC-ADMIN-DIVISION-2024,"level=2, code=420200000000, parent=420000000000",2026-08-01T00:00:00+08:00,,2025—2026沿用最近可用行政区划版本，仅用于前向面板占位。
CN-420300,420300,420300000000,十堰市,42,湖北省,地级市,core,2026,2026,2024,2026-01-01,,carry_forward,SRC-ADMIN-DIVISION-2024,"level=2, code=420300000000, parent=420000000000",2026-08-01T00:00:00+08:00,,2025—2026沿用最近可用行政区划版本，仅用于前向面板占位。
CN-420500,420500,420500000000,宜昌市,42,湖北省,地级市,core,2026,2026,2024,2026-01-01,,carry_forward,SRC-ADMIN-DIVISION-2024,"level=2, code=420500000000, parent=420000000000",2026-08-01T00:00:00+08:00,,2025—2026沿用最近可用行政区划版本，仅用于前向面板占位。
CN-420600,420600,420600000000,襄阳市,42,湖北省,地级市,core,2026,2026,2024,2026-01-01,,carry_forward,SRC-ADMIN-DIVISION-2024,"level=2, code=420600000000, parent=420000000000",2026-08-01T00:00:00+08:00,,2025—2026沿用最近可用行政区划版本，仅用于前向面板占位。
CN-420700,420700,420700000000,鄂州市,42,湖北省,地级市,core,2026,2026,2024,2026-01-01,,carry_forward,SRC-ADMIN-DIVISION-2024,"level=2, code=420700000000, parent=420000000000",2026-08-01T00:00:00+08:00,,2025—2026沿用最近可用行政区划版本，仅用于前向面板占位。
CN-420800,420800,420800000000,荆门市,42,湖北省,地级市,core,2026,2026,2024,2026-01-01,,carry_forward,SRC-ADMIN-DIVISION-2024,"level=2, code=420800000000, parent=420000000000",2026-08-01T00:00:00+08:00,,2025—2026沿用最近可用行政区划版本，仅用于前向面板占位。
CN-420900,420900,420900000000,孝感市,42,湖北省,地级市,core,2026,2026,2024,2026-01-01,,carry_forward,SRC-ADMIN-DIVISION-2024,"level=2, code=420900000000, parent=420000000000",2026-08-01T00:00:00+08:00,,2025—2026沿用最近可用行政区划版本，仅用于前向面板占位。
CN-421000,421000,421000000000,荆州市,42,湖北省,地级市,core,2026,2026,2024,2026-01-01,,carry_forward,SRC-ADMIN-DIVISION-2024,"level=2, code=421000000000, parent=420000000000",2026-08-01T00:00:00+08:00,,2025—2026沿用最近可用行政区划版本，仅用于前向面板占位。
CN-421100,421100,421100000000,黄冈市,42,湖北省,地级市,core,2026,2026,2024,2026-01-01,,carry_forward,SRC-ADMIN-DIVISION-2024,"level=2, code=421100000000, parent=420000000000",2026-08-01T00:00:00+08:00,,2025—2026沿用最近可用行政区划版本，仅用于前向面板占位。
CN-421200,421200,421200000000,咸宁市,42,湖北省,地级市,core,2026,2026,2024,2026-01-01,,carry_forward,SRC-ADMIN-DIVISION-2024,"level=2, code=421200000000, parent=420000000000",2026-08-01T00:00:00+08:00,,2025—2026沿用最近可用行政区划版本，仅用于前向面板占位。
CN-421300,421300,421300000000,随州市,42,湖北省,地级市,core,2026,2026,2024,2026-01-01,,carry_forward,SRC-ADMIN-DIVISION-2024,"level=2, code=421300000000, parent=420000000000",2026-08-01T00:00:00+08:00,,2025—2026沿用最近可用行政区划版本，仅用于前向面板占位。
CN-422800,422800,422800000000,恩施土家族苗族自治州,42,湖北省,自治州,extended,2026,2026,2024,2026-01-01,,carry_forward,SRC-ADMIN-DIVISION-2024,"level=2, code=422800000000, parent=420000000000",2026-08-01T00:00:00+08:00,,2025—2026沿用最近可用行政区划版本，仅用于前向面板占位。
CN-429000,429000,429000000000,省直辖县级行政区划,42,湖北省,地级市,core,2026,2026,2024,2026-01-01,,carry_forward,SRC-ADMIN-DIVISION-2024,"level=2, code=429000000000, parent=420000000000",2026-08-01T00:00:00+08:00,,2025—2026沿用最近可用行政区划版本，仅用于前向面板占位。
CN-430100,430100,430100000000,长沙市,43,湖南省,地级市,core,2026,2026,2024,2026-01-01,,carry_forward,SRC-ADMIN-DIVISION-2024,"level=2, code=430100000000, parent=430000000000",2026-08-01T00:00:00+08:00,,2025—2026沿用最近可用行政区划版本，仅用于前向面板占位。
CN-430200,430200,430200000000,株洲市,43,湖南省,地级市,core,2026,2026,2024,2026-01-01,,carry_forward,SRC-ADMIN-DIVISION-2024,"level=2, code=430200000000, parent=430000000000",2026-08-01T00:00:00+08:00,,2025—2026沿用最近可用行政区划版本，仅用于前向面板占位。
CN-430300,430300,430300000000,湘潭市,43,湖南省,地级市,core,2026,2026,2024,2026-01-01,,carry_forward,SRC-ADMIN-DIVISION-2024,"level=2, code=430300000000, parent=430000000000",2026-08-01T00:00:00+08:00,,2025—2026沿用最近可用行政区划版本，仅用于前向面板占位。
CN-430400,430400,430400000000,衡阳市,43,湖南省,地级市,core,2026,2026,2024,2026-01-01,,carry_forward,SRC-ADMIN-DIVISION-2024,"level=2, code=430400000000, parent=430000000000",2026-08-01T00:00:00+08:00,,2025—2026沿用最近可用行政区划版本，仅用于前向面板占位。
CN-430500,430500,430500000000,邵阳市,43,湖南省,地级市,core,2026,2026,2024,2026-01-01,,carry_forward,SRC-ADMIN-DIVISION-2024,"level=2, code=430500000000, parent=430000000000",2026-08-01T00:00:00+08:00,,2025—2026沿用最近可用行政区划版本，仅用于前向面板占位。
CN-430600,430600,430600000000,岳阳市,43,湖南省,地级市,core,2026,2026,2024,2026-01-01,,carry_forward,SRC-ADMIN-DIVISION-2024,"level=2, code=430600000000, parent=430000000000",2026-08-01T00:00:00+08:00,,2025—2026沿用最近可用行政区划版本，仅用于前向面板占位。
CN-430700,430700,430700000000,常德市,43,湖南省,地级市,core,2026,2026,2024,2026-01-01,,carry_forward,SRC-ADMIN-DIVISION-2024,"level=2, code=430700000000, parent=430000000000",2026-08-01T00:00:00+08:00,,2025—2026沿用最近可用行政区划版本，仅用于前向面板占位。
CN-430800,430800,430800000000,张家界市,43,湖南省,地级市,core,2026,2026,2024,2026-01-01,,carry_forward,SRC-ADMIN-DIVISION-2024,"level=2, code=430800000000, parent=430000000000",2026-08-01T00:00:00+08:00,,2025—2026沿用最近可用行政区划版本，仅用于前向面板占位。
CN-430900,430900,430900000000,益阳市,43,湖南省,地级市,core,2026,2026,2024,2026-01-01,,carry_forward,SRC-ADMIN-DIVISION-2024,"level=2, code=430900000000, parent=430000000000",2026-08-01T00:00:00+08:00,,2025—2026沿用最近可用行政区划版本，仅用于前向面板占位。
CN-431000,431000,431000000000,郴州市,43,湖南省,地级市,core,2026,2026,2024,2026-01-01,,carry_forward,SRC-ADMIN-DIVISION-2024,"level=2, code=431000000000, parent=430000000000",2026-08-01T00:00:00+08:00,,2025—2026沿用最近可用行政区划版本，仅用于前向面板占位。
CN-431100,431100,431100000000,永州市,43,湖南省,地级市,core,2026,2026,2024,2026-01-01,,carry_forward,SRC-ADMIN-DIVISION-2024,"level=2, code=431100000000, parent=430000000000",2026-08-01T00:00:00+08:00,,2025—2026沿用最近可用行政区划版本，仅用于前向面板占位。
CN-431200,431200,431200000000,怀化市,43,湖南省,地级市,core,2026,2026,2024,2026-01-01,,carry_forward,SRC-ADMIN-DIVISION-2024,"level=2, code=431200000000, parent=430000000000",2026-08-01T00:00:00+08:00,,2025—2026沿用最近可用行政区划版本，仅用于前向面板占位。
CN-431300,431300,431300000000,娄底市,43,湖南省,地级市,core,2026,2026,2024,2026-01-01,,carry_forward,SRC-ADMIN-DIVISION-2024,"level=2, code=431300000000, parent=430000000000",2026-08-01T00:00:00+08:00,,2025—2026沿用最近可用行政区划版本，仅用于前向面板占位。
CN-433100,433100,433100000000,湘西土家族苗族自治州,43,湖南省,自治州,extended,2026,2026,2024,2026-01-01,,carry_forward,SRC-ADMIN-DIVISION-2024,"level=2, code=433100000000, parent=430000000000",2026-08-01T00:00:00+08:00,,2025—2026沿用最近可用行政区划版本，仅用于前向面板占位。
CN-440100,440100,440100000000,广州市,44,广东省,地级市,core,2026,2026,2024,2026-01-01,,carry_forward,SRC-ADMIN-DIVISION-2024,"level=2, code=440100000000, parent=440000000000",2026-08-01T00:00:00+08:00,,2025—2026沿用最近可用行政区划版本，仅用于前向面板占位。
CN-440200,440200,440200000000,韶关市,44,广东省,地级市,core,2026,2026,2024,2026-01-01,,carry_forward,SRC-ADMIN-DIVISION-2024,"level=2, code=440200000000, parent=440000000000",2026-08-01T00:00:00+08:00,,2025—2026沿用最近可用行政区划版本，仅用于前向面板占位。
CN-440300,440300,440300000000,深圳市,44,广东省,地级市,core,2026,2026,2024,2026-01-01,,carry_forward,SRC-ADMIN-DIVISION-2024,"level=2, code=440300000000, parent=440000000000",2026-08-01T00:00:00+08:00,,2025—2026沿用最近可用行政区划版本，仅用于前向面板占位。
CN-440400,440400,440400000000,珠海市,44,广东省,地级市,core,2026,2026,2024,2026-01-01,,carry_forward,SRC-ADMIN-DIVISION-2024,"level=2, code=440400000000, parent=440000000000",2026-08-01T00:00:00+08:00,,2025—2026沿用最近可用行政区划版本，仅用于前向面板占位。
CN-440500,440500,440500000000,汕头市,44,广东省,地级市,core,2026,2026,2024,2026-01-01,,carry_forward,SRC-ADMIN-DIVISION-2024,"level=2, code=440500000000, parent=440000000000",2026-08-01T00:00:00+08:00,,2025—2026沿用最近可用行政区划版本，仅用于前向面板占位。
CN-440600,440600,440600000000,佛山市,44,广东省,地级市,core,2026,2026,2024,2026-01-01,,carry_forward,SRC-ADMIN-DIVISION-2024,"level=2, code=440600000000, parent=440000000000",2026-08-01T00:00:00+08:00,,2025—2026沿用最近可用行政区划版本，仅用于前向面板占位。
CN-440700,440700,440700000000,江门市,44,广东省,地级市,core,2026,2026,2024,2026-01-01,,carry_forward,SRC-ADMIN-DIVISION-2024,"level=2, code=440700000000, parent=440000000000",2026-08-01T00:00:00+08:00,,2025—2026沿用最近可用行政区划版本，仅用于前向面板占位。
CN-440800,440800,440800000000,湛江市,44,广东省,地级市,core,2026,2026,2024,2026-01-01,,carry_forward,SRC-ADMIN-DIVISION-2024,"level=2, code=440800000000, parent=440000000000",2026-08-01T00:00:00+08:00,,2025—2026沿用最近可用行政区划版本，仅用于前向面板占位。
CN-440900,440900,440900000000,茂名市,44,广东省,地级市,core,2026,2026,2024,2026-01-01,,carry_forward,SRC-ADMIN-DIVISION-2024,"level=2, code=440900000000, parent=440000000000",2026-08-01T00:00:00+08:00,,2025—2026沿用最近可用行政区划版本，仅用于前向面板占位。
CN-441200,441200,441200000000,肇庆市,44,广东省,地级市,core,2026,2026,2024,2026-01-01,,carry_forward,SRC-ADMIN-DIVISION-2024,"level=2, code=441200000000, parent=440000000000",2026-08-01T00:00:00+08:00,,2025—2026沿用最近可用行政区划版本，仅用于前向面板占位。
CN-441300,441300,441300000000,惠州市,44,广东省,地级市,core,2026,2026,2024,2026-01-01,,carry_forward,SRC-ADMIN-DIVISION-2024,"level=2, code=441300000000, parent=440000000000",2026-08-01T00:00:00+08:00,,2025—2026沿用最近可用行政区划版本，仅用于前向面板占位。
CN-441400,441400,441400000000,梅州市,44,广东省,地级市,core,2026,2026,2024,2026-01-01,,carry_forward,SRC-ADMIN-DIVISION-2024,"level=2, code=441400000000, parent=440000000000",2026-08-01T00:00:00+08:00,,2025—2026沿用最近可用行政区划版本，仅用于前向面板占位。
CN-441500,441500,441500000000,汕尾市,44,广东省,地级市,core,2026,2026,2024,2026-01-01,,carry_forward,SRC-ADMIN-DIVISION-2024,"level=2, code=441500000000, parent=440000000000",2026-08-01T00:00:00+08:00,,2025—2026沿用最近可用行政区划版本，仅用于前向面板占位。
CN-441600,441600,441600000000,河源市,44,广东省,地级市,core,2026,2026,2024,2026-01-01,,carry_forward,SRC-ADMIN-DIVISION-2024,"level=2, code=441600000000, parent=440000000000",2026-08-01T00:00:00+08:00,,2025—2026沿用最近可用行政区划版本，仅用于前向面板占位。
CN-441700,441700,441700000000,阳江市,44,广东省,地级市,core,2026,2026,2024,2026-01-01,,carry_forward,SRC-ADMIN-DIVISION-2024,"level=2, code=441700000000, parent=440000000000",2026-08-01T00:00:00+08:00,,2025—2026沿用最近可用行政区划版本，仅用于前向面板占位。
CN-441800,441800,441800000000,清远市,44,广东省,地级市,core,2026,2026,2024,2026-01-01,,carry_forward,SRC-ADMIN-DIVISION-2024,"level=2, code=441800000000, parent=440000000000",2026-08-01T00:00:00+08:00,,2025—2026沿用最近可用行政区划版本，仅用于前向面板占位。
CN-441900,441900,441900000000,东莞市,44,广东省,地级市,core,2026,2026,2024,2026-01-01,,carry_forward,SRC-ADMIN-DIVISION-2024,"level=2, code=441900000000, parent=440000000000",2026-08-01T00:00:00+08:00,,2025—2026沿用最近可用行政区划版本，仅用于前向面板占位。
CN-442000,442000,442000000000,中山市,44,广东省,地级市,core,2026,2026,2024,2026-01-01,,carry_forward,SRC-ADMIN-DIVISION-2024,"level=2, code=442000000000, parent=440000000000",2026-08-01T00:00:00+08:00,,2025—2026沿用最近可用行政区划版本，仅用于前向面板占位。
CN-445100,445100,445100000000,潮州市,44,广东省,地级市,core,2026,2026,2024,2026-01-01,,carry_forward,SRC-ADMIN-DIVISION-2024,"level=2, code=445100000000, parent=440000000000",2026-08-01T00:00:00+08:00,,2025—2026沿用最近可用行政区划版本，仅用于前向面板占位。
CN-445200,445200,445200000000,揭阳市,44,广东省,地级市,core,2026,2026,2024,2026-01-01,,carry_forward,SRC-ADMIN-DIVISION-2024,"level=2, code=445200000000, parent=440000000000",2026-08-01T00:00:00+08:00,,2025—2026沿用最近可用行政区划版本，仅用于前向面板占位。
CN-445300,445300,445300000000,云浮市,44,广东省,地级市,core,2026,2026,2024,2026-01-01,,carry_forward,SRC-ADMIN-DIVISION-2024,"level=2, code=445300000000, parent=440000000000",2026-08-01T00:00:00+08:00,,2025—2026沿用最近可用行政区划版本，仅用于前向面板占位。
CN-450100,450100,450100000000,南宁市,45,广西壮族自治区,地级市,core,2026,2026,2024,2026-01-01,,carry_forward,SRC-ADMIN-DIVISION-2024,"level=2, code=450100000000, parent=450000000000",2026-08-01T00:00:00+08:00,,2025—2026沿用最近可用行政区划版本，仅用于前向面板占位。
CN-450200,450200,450200000000,柳州市,45,广西壮族自治区,地级市,core,2026,2026,2024,2026-01-01,,carry_forward,SRC-ADMIN-DIVISION-2024,"level=2, code=450200000000, parent=450000000000",2026-08-01T00:00:00+08:00,,2025—2026沿用最近可用行政区划版本，仅用于前向面板占位。
CN-450300,450300,450300000000,桂林市,45,广西壮族自治区,地级市,core,2026,2026,2024,2026-01-01,,carry_forward,SRC-ADMIN-DIVISION-2024,"level=2, code=450300000000, parent=450000000000",2026-08-01T00:00:00+08:00,,2025—2026沿用最近可用行政区划版本，仅用于前向面板占位。
CN-450400,450400,450400000000,梧州市,45,广西壮族自治区,地级市,core,2026,2026,2024,2026-01-01,,carry_forward,SRC-ADMIN-DIVISION-2024,"level=2, code=450400000000, parent=450000000000",2026-08-01T00:00:00+08:00,,2025—2026沿用最近可用行政区划版本，仅用于前向面板占位。
CN-450500,450500,450500000000,北海市,45,广西壮族自治区,地级市,core,2026,2026,2024,2026-01-01,,carry_forward,SRC-ADMIN-DIVISION-2024,"level=2, code=450500000000, parent=450000000000",2026-08-01T00:00:00+08:00,,2025—2026沿用最近可用行政区划版本，仅用于前向面板占位。
CN-450600,450600,450600000000,防城港市,45,广西壮族自治区,地级市,core,2026,2026,2024,2026-01-01,,carry_forward,SRC-ADMIN-DIVISION-2024,"level=2, code=450600000000, parent=450000000000",2026-08-01T00:00:00+08:00,,2025—2026沿用最近可用行政区划版本，仅用于前向面板占位。
CN-450700,450700,450700000000,钦州市,45,广西壮族自治区,地级市,core,2026,2026,2024,2026-01-01,,carry_forward,SRC-ADMIN-DIVISION-2024,"level=2, code=450700000000, parent=450000000000",2026-08-01T00:00:00+08:00,,2025—2026沿用最近可用行政区划版本，仅用于前向面板占位。
CN-450800,450800,450800000000,贵港市,45,广西壮族自治区,地级市,core,2026,2026,2024,2026-01-01,,carry_forward,SRC-ADMIN-DIVISION-2024,"level=2, code=450800000000, parent=450000000000",2026-08-01T00:00:00+08:00,,2025—2026沿用最近可用行政区划版本，仅用于前向面板占位。
CN-450900,450900,450900000000,玉林市,45,广西壮族自治区,地级市,core,2026,2026,2024,2026-01-01,,carry_forward,SRC-ADMIN-DIVISION-2024,"level=2, code=450900000000, parent=450000000000",2026-08-01T00:00:00+08:00,,2025—2026沿用最近可用行政区划版本，仅用于前向面板占位。
CN-451000,451000,451000000000,百色市,45,广西壮族自治区,地级市,core,2026,2026,2024,2026-01-01,,carry_forward,SRC-ADMIN-DIVISION-2024,"level=2, code=451000000000, parent=450000000000",2026-08-01T00:00:00+08:00,,2025—2026沿用最近可用行政区划版本，仅用于前向面板占位。
CN-451100,451100,451100000000,贺州市,45,广西壮族自治区,地级市,core,2026,2026,2024,2026-01-01,,carry_forward,SRC-ADMIN-DIVISION-2024,"level=2, code=451100000000, parent=450000000000",2026-08-01T00:00:00+08:00,,2025—2026沿用最近可用行政区划版本，仅用于前向面板占位。
CN-451200,451200,451200000000,河池市,45,广西壮族自治区,地级市,core,2026,2026,2024,2026-01-01,,carry_forward,SRC-ADMIN-DIVISION-2024,"level=2, code=451200000000, parent=450000000000",2026-08-01T00:00:00+08:00,,2025—2026沿用最近可用行政区划版本，仅用于前向面板占位。
CN-451300,451300,451300000000,来宾市,45,广西壮族自治区,地级市,core,2026,2026,2024,2026-01-01,,carry_forward,SRC-ADMIN-DIVISION-2024,"level=2, code=451300000000, parent=450000000000",2026-08-01T00:00:00+08:00,,2025—2026沿用最近可用行政区划版本，仅用于前向面板占位。
CN-451400,451400,451400000000,崇左市,45,广西壮族自治区,地级市,core,2026,2026,2024,2026-01-01,,carry_forward,SRC-ADMIN-DIVISION-2024,"level=2, code=451400000000, parent=450000000000",2026-08-01T00:00:00+08:00,,2025—2026沿用最近可用行政区划版本，仅用于前向面板占位。
CN-460100,460100,460100000000,海口市,46,海南省,地级市,core,2026,2026,2024,2026-01-01,,carry_forward,SRC-ADMIN-DIVISION-2024,"level=2, code=460100000000, parent=460000000000",2026-08-01T00:00:00+08:00,,2025—2026沿用最近可用行政区划版本，仅用于前向面板占位。
CN-460200,460200,460200000000,三亚市,46,海南省,地级市,core,2026,2026,2024,2026-01-01,,carry_forward,SRC-ADMIN-DIVISION-2024,"level=2, code=460200000000, parent=460000000000",2026-08-01T00:00:00+08:00,,2025—2026沿用最近可用行政区划版本，仅用于前向面板占位。
CN-460300,460300,460300000000,三沙市,46,海南省,地级市,core,2026,2026,2024,2026-01-01,,carry_forward,SRC-ADMIN-DIVISION-2024,"level=2, code=460300000000, parent=460000000000",2026-08-01T00:00:00+08:00,,2025—2026沿用最近可用行政区划版本，仅用于前向面板占位。
CN-460400,460400,460400000000,儋州市,46,海南省,地级市,core,2026,2026,2024,2026-01-01,,carry_forward,SRC-ADMIN-DIVISION-2024,"level=2, code=460400000000, parent=460000000000",2026-08-01T00:00:00+08:00,,2025—2026沿用最近可用行政区划版本，仅用于前向面板占位。
CN-469000,469000,469000000000,省直辖县级行政区划,46,海南省,地级市,core,2026,2026,2024,2026-01-01,,carry_forward,SRC-ADMIN-DIVISION-2024,"level=2, code=469000000000, parent=460000000000",2026-08-01T00:00:00+08:00,,2025—2026沿用最近可用行政区划版本，仅用于前向面板占位。
CN-500000,500000,500000000000,重庆市,50,重庆市,直辖市,separate,2026,2026,2024,2026-01-01,,carry_forward,SRC-ADMIN-DIVISION-2024,"level=2, code=500100000000, parent=500000000000",2026-08-01T00:00:00+08:00,,2025—2026沿用最近可用行政区划版本，仅用于前向面板占位。
CN-510100,510100,510100000000,成都市,51,四川省,地级市,core,2026,2026,2024,2026-01-01,,carry_forward,SRC-ADMIN-DIVISION-2024,"level=2, code=510100000000, parent=510000000000",2026-08-01T00:00:00+08:00,,2025—2026沿用最近可用行政区划版本，仅用于前向面板占位。
CN-510300,510300,510300000000,自贡市,51,四川省,地级市,core,2026,2026,2024,2026-01-01,,carry_forward,SRC-ADMIN-DIVISION-2024,"level=2, code=510300000000, parent=510000000000",2026-08-01T00:00:00+08:00,,2025—2026沿用最近可用行政区划版本，仅用于前向面板占位。
CN-510400,510400,510400000000,攀枝花市,51,四川省,地级市,core,2026,2026,2024,2026-01-01,,carry_forward,SRC-ADMIN-DIVISION-2024,"level=2, code=510400000000, parent=510000000000",2026-08-01T00:00:00+08:00,,2025—2026沿用最近可用行政区划版本，仅用于前向面板占位。
CN-510500,510500,510500000000,泸州市,51,四川省,地级市,core,2026,2026,2024,2026-01-01,,carry_forward,SRC-ADMIN-DIVISION-2024,"level=2, code=510500000000, parent=510000000000",2026-08-01T00:00:00+08:00,,2025—2026沿用最近可用行政区划版本，仅用于前向面板占位。
CN-510600,510600,510600000000,德阳市,51,四川省,地级市,core,2026,2026,2024,2026-01-01,,carry_forward,SRC-ADMIN-DIVISION-2024,"level=2, code=510600000000, parent=510000000000",2026-08-01T00:00:00+08:00,,2025—2026沿用最近可用行政区划版本，仅用于前向面板占位。
CN-510700,510700,510700000000,绵阳市,51,四川省,地级市,core,2026,2026,2024,2026-01-01,,carry_forward,SRC-ADMIN-DIVISION-2024,"level=2, code=510700000000, parent=510000000000",2026-08-01T00:00:00+08:00,,2025—2026沿用最近可用行政区划版本，仅用于前向面板占位。
CN-510800,510800,510800000000,广元市,51,四川省,地级市,core,2026,2026,2024,2026-01-01,,carry_forward,SRC-ADMIN-DIVISION-2024,"level=2, code=510800000000, parent=510000000000",2026-08-01T00:00:00+08:00,,2025—2026沿用最近可用行政区划版本，仅用于前向面板占位。
CN-510900,510900,510900000000,遂宁市,51,四川省,地级市,core,2026,2026,2024,2026-01-01,,carry_forward,SRC-ADMIN-DIVISION-2024,"level=2, code=510900000000, parent=510000000000",2026-08-01T00:00:00+08:00,,2025—2026沿用最近可用行政区划版本，仅用于前向面板占位。
CN-511000,511000,511000000000,内江市,51,四川省,地级市,core,2026,2026,2024,2026-01-01,,carry_forward,SRC-ADMIN-DIVISION-2024,"level=2, code=511000000000, parent=510000000000",2026-08-01T00:00:00+08:00,,2025—2026沿用最近可用行政区划版本，仅用于前向面板占位。
CN-511100,511100,511100000000,乐山市,51,四川省,地级市,core,2026,2026,2024,2026-01-01,,carry_forward,SRC-ADMIN-DIVISION-2024,"level=2, code=511100000000, parent=510000000000",2026-08-01T00:00:00+08:00,,2025—2026沿用最近可用行政区划版本，仅用于前向面板占位。
CN-511300,511300,511300000000,南充市,51,四川省,地级市,core,2026,2026,2024,2026-01-01,,carry_forward,SRC-ADMIN-DIVISION-2024,"level=2, code=511300000000, parent=510000000000",2026-08-01T00:00:00+08:00,,2025—2026沿用最近可用行政区划版本，仅用于前向面板占位。
CN-511400,511400,511400000000,眉山市,51,四川省,地级市,core,2026,2026,2024,2026-01-01,,carry_forward,SRC-ADMIN-DIVISION-2024,"level=2, code=511400000000, parent=510000000000",2026-08-01T00:00:00+08:00,,2025—2026沿用最近可用行政区划版本，仅用于前向面板占位。
CN-511500,511500,511500000000,宜宾市,51,四川省,地级市,core,2026,2026,2024,2026-01-01,,carry_forward,SRC-ADMIN-DIVISION-2024,"level=2, code=511500000000, parent=510000000000",2026-08-01T00:00:00+08:00,,2025—2026沿用最近可用行政区划版本，仅用于前向面板占位。
CN-511600,511600,511600000000,广安市,51,四川省,地级市,core,2026,2026,2024,2026-01-01,,carry_forward,SRC-ADMIN-DIVISION-2024,"level=2, code=511600000000, parent=510000000000",2026-08-01T00:00:00+08:00,,2025—2026沿用最近可用行政区划版本，仅用于前向面板占位。
CN-511700,511700,511700000000,达州市,51,四川省,地级市,core,2026,2026,2024,2026-01-01,,carry_forward,SRC-ADMIN-DIVISION-2024,"level=2, code=511700000000, parent=510000000000",2026-08-01T00:00:00+08:00,,2025—2026沿用最近可用行政区划版本，仅用于前向面板占位。
CN-511800,511800,511800000000,雅安市,51,四川省,地级市,core,2026,2026,2024,2026-01-01,,carry_forward,SRC-ADMIN-DIVISION-2024,"level=2, code=511800000000, parent=510000000000",2026-08-01T00:00:00+08:00,,2025—2026沿用最近可用行政区划版本，仅用于前向面板占位。
CN-511900,511900,511900000000,巴中市,51,四川省,地级市,core,2026,2026,2024,2026-01-01,,carry_forward,SRC-ADMIN-DIVISION-2024,"level=2, code=511900000000, parent=510000000000",2026-08-01T00:00:00+08:00,,2025—2026沿用最近可用行政区划版本，仅用于前向面板占位。
CN-512000,512000,512000000000,资阳市,51,四川省,地级市,core,2026,2026,2024,2026-01-01,,carry_forward,SRC-ADMIN-DIVISION-2024,"level=2, code=512000000000, parent=510000000000",2026-08-01T00:00:00+08:00,,2025—2026沿用最近可用行政区划版本，仅用于前向面板占位。
CN-513200,513200,513200000000,阿坝藏族羌族自治州,51,四川省,自治州,extended,2026,2026,2024,2026-01-01,,carry_forward,SRC-ADMIN-DIVISION-2024,"level=2, code=513200000000, parent=510000000000",2026-08-01T00:00:00+08:00,,2025—2026沿用最近可用行政区划版本，仅用于前向面板占位。
CN-513300,513300,513300000000,甘孜藏族自治州,51,四川省,自治州,extended,2026,2026,2024,2026-01-01,,carry_forward,SRC-ADMIN-DIVISION-2024,"level=2, code=513300000000, parent=510000000000",2026-08-01T00:00:00+08:00,,2025—2026沿用最近可用行政区划版本，仅用于前向面板占位。
CN-513400,513400,513400000000,凉山彝族自治州,51,四川省,自治州,extended,2026,2026,2024,2026-01-01,,carry_forward,SRC-ADMIN-DIVISION-2024,"level=2, code=513400000000, parent=510000000000",2026-08-01T00:00:00+08:00,,2025—2026沿用最近可用行政区划版本，仅用于前向面板占位。
CN-520100,520100,520100000000,贵阳市,52,贵州省,地级市,core,2026,2026,2024,2026-01-01,,carry_forward,SRC-ADMIN-DIVISION-2024,"level=2, code=520100000000, parent=520000000000",2026-08-01T00:00:00+08:00,,2025—2026沿用最近可用行政区划版本，仅用于前向面板占位。
CN-520200,520200,520200000000,六盘水市,52,贵州省,地级市,core,2026,2026,2024,2026-01-01,,carry_forward,SRC-ADMIN-DIVISION-2024,"level=2, code=520200000000, parent=520000000000",2026-08-01T00:00:00+08:00,,2025—2026沿用最近可用行政区划版本，仅用于前向面板占位。
CN-520300,520300,520300000000,遵义市,52,贵州省,地级市,core,2026,2026,2024,2026-01-01,,carry_forward,SRC-ADMIN-DIVISION-2024,"level=2, code=520300000000, parent=520000000000",2026-08-01T00:00:00+08:00,,2025—2026沿用最近可用行政区划版本，仅用于前向面板占位。
CN-520400,520400,520400000000,安顺市,52,贵州省,地级市,core,2026,2026,2024,2026-01-01,,carry_forward,SRC-ADMIN-DIVISION-2024,"level=2, code=520400000000, parent=520000000000",2026-08-01T00:00:00+08:00,,2025—2026沿用最近可用行政区划版本，仅用于前向面板占位。
CN-520500,520500,520500000000,毕节市,52,贵州省,地级市,core,2026,2026,2024,2026-01-01,,carry_forward,SRC-ADMIN-DIVISION-2024,"level=2, code=520500000000, parent=520000000000",2026-08-01T00:00:00+08:00,,2025—2026沿用最近可用行政区划版本，仅用于前向面板占位。
CN-520600,520600,520600000000,铜仁市,52,贵州省,地级市,core,2026,2026,2024,2026-01-01,,carry_forward,SRC-ADMIN-DIVISION-2024,"level=2, code=520600000000, parent=520000000000",2026-08-01T00:00:00+08:00,,2025—2026沿用最近可用行政区划版本，仅用于前向面板占位。
CN-522300,522300,522300000000,黔西南布依族苗族自治州,52,贵州省,自治州,extended,2026,2026,2024,2026-01-01,,carry_forward,SRC-ADMIN-DIVISION-2024,"level=2, code=522300000000, parent=520000000000",2026-08-01T00:00:00+08:00,,2025—2026沿用最近可用行政区划版本，仅用于前向面板占位。
CN-522600,522600,522600000000,黔东南苗族侗族自治州,52,贵州省,自治州,extended,2026,2026,2024,2026-01-01,,carry_forward,SRC-ADMIN-DIVISION-2024,"level=2, code=522600000000, parent=520000000000",2026-08-01T00:00:00+08:00,,2025—2026沿用最近可用行政区划版本，仅用于前向面板占位。
CN-522700,522700,522700000000,黔南布依族苗族自治州,52,贵州省,自治州,extended,2026,2026,2024,2026-01-01,,carry_forward,SRC-ADMIN-DIVISION-2024,"level=2, code=522700000000, parent=520000000000",2026-08-01T00:00:00+08:00,,2025—2026沿用最近可用行政区划版本，仅用于前向面板占位。
CN-530100,530100,530100000000,昆明市,53,云南省,地级市,core,2026,2026,2024,2026-01-01,,carry_forward,SRC-ADMIN-DIVISION-2024,"level=2, code=530100000000, parent=530000000000",2026-08-01T00:00:00+08:00,,2025—2026沿用最近可用行政区划版本，仅用于前向面板占位。
CN-530300,530300,530300000000,曲靖市,53,云南省,地级市,core,2026,2026,2024,2026-01-01,,carry_forward,SRC-ADMIN-DIVISION-2024,"level=2, code=530300000000, parent=530000000000",2026-08-01T00:00:00+08:00,,2025—2026沿用最近可用行政区划版本，仅用于前向面板占位。
CN-530400,530400,530400000000,玉溪市,53,云南省,地级市,core,2026,2026,2024,2026-01-01,,carry_forward,SRC-ADMIN-DIVISION-2024,"level=2, code=530400000000, parent=530000000000",2026-08-01T00:00:00+08:00,,2025—2026沿用最近可用行政区划版本，仅用于前向面板占位。
CN-530500,530500,530500000000,保山市,53,云南省,地级市,core,2026,2026,2024,2026-01-01,,carry_forward,SRC-ADMIN-DIVISION-2024,"level=2, code=530500000000, parent=530000000000",2026-08-01T00:00:00+08:00,,2025—2026沿用最近可用行政区划版本，仅用于前向面板占位。
CN-530600,530600,530600000000,昭通市,53,云南省,地级市,core,2026,2026,2024,2026-01-01,,carry_forward,SRC-ADMIN-DIVISION-2024,"level=2, code=530600000000, parent=530000000000",2026-08-01T00:00:00+08:00,,2025—2026沿用最近可用行政区划版本，仅用于前向面板占位。
CN-530700,530700,530700000000,丽江市,53,云南省,地级市,core,2026,2026,2024,2026-01-01,,carry_forward,SRC-ADMIN-DIVISION-2024,"level=2, code=530700000000, parent=530000000000",2026-08-01T00:00:00+08:00,,2025—2026沿用最近可用行政区划版本，仅用于前向面板占位。
CN-530800,530800,530800000000,普洱市,53,云南省,地级市,core,2026,2026,2024,2026-01-01,,carry_forward,SRC-ADMIN-DIVISION-2024,"level=2, code=530800000000, parent=530000000000",2026-08-01T00:00:00+08:00,,2025—2026沿用最近可用行政区划版本，仅用于前向面板占位。
CN-530900,530900,530900000000,临沧市,53,云南省,地级市,core,2026,2026,2024,2026-01-01,,carry_forward,SRC-ADMIN-DIVISION-2024,"level=2, code=530900000000, parent=530000000000",2026-08-01T00:00:00+08:00,,2025—2026沿用最近可用行政区划版本，仅用于前向面板占位。
CN-532300,532300,532300000000,楚雄彝族自治州,53,云南省,自治州,extended,2026,2026,2024,2026-01-01,,carry_forward,SRC-ADMIN-DIVISION-2024,"level=2, code=532300000000, parent=530000000000",2026-08-01T00:00:00+08:00,,2025—2026沿用最近可用行政区划版本，仅用于前向面板占位。
CN-532500,532500,532500000000,红河哈尼族彝族自治州,53,云南省,自治州,extended,2026,2026,2024,2026-01-01,,carry_forward,SRC-ADMIN-DIVISION-2024,"level=2, code=532500000000, parent=530000000000",2026-08-01T00:00:00+08:00,,2025—2026沿用最近可用行政区划版本，仅用于前向面板占位。
CN-532600,532600,532600000000,文山壮族苗族自治州,53,云南省,自治州,extended,2026,2026,2024,2026-01-01,,carry_forward,SRC-ADMIN-DIVISION-2024,"level=2, code=532600000000, parent=530000000000",2026-08-01T00:00:00+08:00,,2025—2026沿用最近可用行政区划版本，仅用于前向面板占位。
CN-532800,532800,532800000000,西双版纳傣族自治州,53,云南省,自治州,extended,2026,2026,2024,2026-01-01,,carry_forward,SRC-ADMIN-DIVISION-2024,"level=2, code=532800000000, parent=530000000000",2026-08-01T00:00:00+08:00,,2025—2026沿用最近可用行政区划版本，仅用于前向面板占位。
CN-532900,532900,532900000000,大理白族自治州,53,云南省,自治州,extended,2026,2026,2024,2026-01-01,,carry_forward,SRC-ADMIN-DIVISION-2024,"level=2, code=532900000000, parent=530000000000",2026-08-01T00:00:00+08:00,,2025—2026沿用最近可用行政区划版本，仅用于前向面板占位。
CN-533100,533100,533100000000,德宏傣族景颇族自治州,53,云南省,自治州,extended,2026,2026,2024,2026-01-01,,carry_forward,SRC-ADMIN-DIVISION-2024,"level=2, code=533100000000, parent=530000000000",2026-08-01T00:00:00+08:00,,2025—2026沿用最近可用行政区划版本，仅用于前向面板占位。
CN-533300,533300,533300000000,怒江傈僳族自治州,53,云南省,自治州,extended,2026,2026,2024,2026-01-01,,carry_forward,SRC-ADMIN-DIVISION-2024,"level=2, code=533300000000, parent=530000000000",2026-08-01T00:00:00+08:00,,2025—2026沿用最近可用行政区划版本，仅用于前向面板占位。
CN-533400,533400,533400000000,迪庆藏族自治州,53,云南省,自治州,extended,2026,2026,2024,2026-01-01,,carry_forward,SRC-ADMIN-DIVISION-2024,"level=2, code=533400000000, parent=530000000000",2026-08-01T00:00:00+08:00,,2025—2026沿用最近可用行政区划版本，仅用于前向面板占位。
CN-540100,540100,540100000000,拉萨市,54,西藏自治区,地级市,core,2026,2026,2024,2026-01-01,,carry_forward,SRC-ADMIN-DIVISION-2024,"level=2, code=540100000000, parent=540000000000",2026-08-01T00:00:00+08:00,,2025—2026沿用最近可用行政区划版本，仅用于前向面板占位。
CN-540200,540200,540200000000,日喀则市,54,西藏自治区,地级市,core,2026,2026,2024,2026-01-01,,carry_forward,SRC-ADMIN-DIVISION-2024,"level=2, code=540200000000, parent=540000000000",2026-08-01T00:00:00+08:00,,2025—2026沿用最近可用行政区划版本，仅用于前向面板占位。
CN-540300,540300,540300000000,昌都市,54,西藏自治区,地级市,core,2026,2026,2024,2026-01-01,,carry_forward,SRC-ADMIN-DIVISION-2024,"level=2, code=540300000000, parent=540000000000",2026-08-01T00:00:00+08:00,,2025—2026沿用最近可用行政区划版本，仅用于前向面板占位。
CN-540400,540400,540400000000,林芝市,54,西藏自治区,地级市,core,2026,2026,2024,2026-01-01,,carry_forward,SRC-ADMIN-DIVISION-2024,"level=2, code=540400000000, parent=540000000000",2026-08-01T00:00:00+08:00,,2025—2026沿用最近可用行政区划版本，仅用于前向面板占位。
CN-540500,540500,540500000000,山南市,54,西藏自治区,地级市,core,2026,2026,2024,2026-01-01,,carry_forward,SRC-ADMIN-DIVISION-2024,"level=2, code=540500000000, parent=540000000000",2026-08-01T00:00:00+08:00,,2025—2026沿用最近可用行政区划版本，仅用于前向面板占位。
CN-540600,540600,540600000000,那曲市,54,西藏自治区,地级市,core,2026,2026,2024,2026-01-01,,carry_forward,SRC-ADMIN-DIVISION-2024,"level=2, code=540600000000, parent=540000000000",2026-08-01T00:00:00+08:00,,2025—2026沿用最近可用行政区划版本，仅用于前向面板占位。
CN-542500,542500,542500000000,阿里地区,54,西藏自治区,地区,extended,2026,2026,2024,2026-01-01,,carry_forward,SRC-ADMIN-DIVISION-2024,"level=2, code=542500000000, parent=540000000000",2026-08-01T00:00:00+08:00,,2025—2026沿用最近可用行政区划版本，仅用于前向面板占位。
CN-610100,610100,610100000000,西安市,61,陕西省,地级市,core,2026,2026,2024,2026-01-01,,carry_forward,SRC-ADMIN-DIVISION-2024,"level=2, code=610100000000, parent=610000000000",2026-08-01T00:00:00+08:00,,2025—2026沿用最近可用行政区划版本，仅用于前向面板占位。
CN-610200,610200,610200000000,铜川市,61,陕西省,地级市,core,2026,2026,2024,2026-01-01,,carry_forward,SRC-ADMIN-DIVISION-2024,"level=2, code=610200000000, parent=610000000000",2026-08-01T00:00:00+08:00,,2025—2026沿用最近可用行政区划版本，仅用于前向面板占位。
CN-610300,610300,610300000000,宝鸡市,61,陕西省,地级市,core,2026,2026,2024,2026-01-01,,carry_forward,SRC-ADMIN-DIVISION-2024,"level=2, code=610300000000, parent=610000000000",2026-08-01T00:00:00+08:00,,2025—2026沿用最近可用行政区划版本，仅用于前向面板占位。
CN-610400,610400,610400000000,咸阳市,61,陕西省,地级市,core,2026,2026,2024,2026-01-01,,carry_forward,SRC-ADMIN-DIVISION-2024,"level=2, code=610400000000, parent=610000000000",2026-08-01T00:00:00+08:00,,2025—2026沿用最近可用行政区划版本，仅用于前向面板占位。
CN-610500,610500,610500000000,渭南市,61,陕西省,地级市,core,2026,2026,2024,2026-01-01,,carry_forward,SRC-ADMIN-DIVISION-2024,"level=2, code=610500000000, parent=610000000000",2026-08-01T00:00:00+08:00,,2025—2026沿用最近可用行政区划版本，仅用于前向面板占位。
CN-610600,610600,610600000000,延安市,61,陕西省,地级市,core,2026,2026,2024,2026-01-01,,carry_forward,SRC-ADMIN-DIVISION-2024,"level=2, code=610600000000, parent=610000000000",2026-08-01T00:00:00+08:00,,2025—2026沿用最近可用行政区划版本，仅用于前向面板占位。
CN-610700,610700,610700000000,汉中市,61,陕西省,地级市,core,2026,2026,2024,2026-01-01,,carry_forward,SRC-ADMIN-DIVISION-2024,"level=2, code=610700000000, parent=610000000000",2026-08-01T00:00:00+08:00,,2025—2026沿用最近可用行政区划版本，仅用于前向面板占位。
CN-610800,610800,610800000000,榆林市,61,陕西省,地级市,core,2026,2026,2024,2026-01-01,,carry_forward,SRC-ADMIN-DIVISION-2024,"level=2, code=610800000000, parent=610000000000",2026-08-01T00:00:00+08:00,,2025—2026沿用最近可用行政区划版本，仅用于前向面板占位。
CN-610900,610900,610900000000,安康市,61,陕西省,地级市,core,2026,2026,2024,2026-01-01,,carry_forward,SRC-ADMIN-DIVISION-2024,"level=2, code=610900000000, parent=610000000000",2026-08-01T00:00:00+08:00,,2025—2026沿用最近可用行政区划版本，仅用于前向面板占位。
CN-611000,611000,611000000000,商洛市,61,陕西省,地级市,core,2026,2026,2024,2026-01-01,,carry_forward,SRC-ADMIN-DIVISION-2024,"level=2, code=611000000000, parent=610000000000",2026-08-01T00:00:00+08:00,,2025—2026沿用最近可用行政区划版本，仅用于前向面板占位。
CN-620100,620100,620100000000,兰州市,62,甘肃省,地级市,core,2026,2026,2024,2026-01-01,,carry_forward,SRC-ADMIN-DIVISION-2024,"level=2, code=620100000000, parent=620000000000",2026-08-01T00:00:00+08:00,,2025—2026沿用最近可用行政区划版本，仅用于前向面板占位。
CN-620200,620200,620200000000,嘉峪关市,62,甘肃省,地级市,core,2026,2026,2024,2026-01-01,,carry_forward,SRC-ADMIN-DIVISION-2024,"level=2, code=620200000000, parent=620000000000",2026-08-01T00:00:00+08:00,,2025—2026沿用最近可用行政区划版本，仅用于前向面板占位。
CN-620300,620300,620300000000,金昌市,62,甘肃省,地级市,core,2026,2026,2024,2026-01-01,,carry_forward,SRC-ADMIN-DIVISION-2024,"level=2, code=620300000000, parent=620000000000",2026-08-01T00:00:00+08:00,,2025—2026沿用最近可用行政区划版本，仅用于前向面板占位。
CN-620400,620400,620400000000,白银市,62,甘肃省,地级市,core,2026,2026,2024,2026-01-01,,carry_forward,SRC-ADMIN-DIVISION-2024,"level=2, code=620400000000, parent=620000000000",2026-08-01T00:00:00+08:00,,2025—2026沿用最近可用行政区划版本，仅用于前向面板占位。
CN-620500,620500,620500000000,天水市,62,甘肃省,地级市,core,2026,2026,2024,2026-01-01,,carry_forward,SRC-ADMIN-DIVISION-2024,"level=2, code=620500000000, parent=620000000000",2026-08-01T00:00:00+08:00,,2025—2026沿用最近可用行政区划版本，仅用于前向面板占位。
CN-620600,620600,620600000000,武威市,62,甘肃省,地级市,core,2026,2026,2024,2026-01-01,,carry_forward,SRC-ADMIN-DIVISION-2024,"level=2, code=620600000000, parent=620000000000",2026-08-01T00:00:00+08:00,,2025—2026沿用最近可用行政区划版本，仅用于前向面板占位。
CN-620700,620700,620700000000,张掖市,62,甘肃省,地级市,core,2026,2026,2024,2026-01-01,,carry_forward,SRC-ADMIN-DIVISION-2024,"level=2, code=620700000000, parent=620000000000",2026-08-01T00:00:00+08:00,,2025—2026沿用最近可用行政区划版本，仅用于前向面板占位。
CN-620800,620800,620800000000,平凉市,62,甘肃省,地级市,core,2026,2026,2024,2026-01-01,,carry_forward,SRC-ADMIN-DIVISION-2024,"level=2, code=620800000000, parent=620000000000",2026-08-01T00:00:00+08:00,,2025—2026沿用最近可用行政区划版本，仅用于前向面板占位。
CN-620900,620900,620900000000,酒泉市,62,甘肃省,地级市,core,2026,2026,2024,2026-01-01,,carry_forward,SRC-ADMIN-DIVISION-2024,"level=2, code=620900000000, parent=620000000000",2026-08-01T00:00:00+08:00,,2025—2026沿用最近可用行政区划版本，仅用于前向面板占位。
CN-621000,621000,621000000000,庆阳市,62,甘肃省,地级市,core,2026,2026,2024,2026-01-01,,carry_forward,SRC-ADMIN-DIVISION-2024,"level=2, code=621000000000, parent=620000000000",2026-08-01T00:00:00+08:00,,2025—2026沿用最近可用行政区划版本，仅用于前向面板占位。
CN-621100,621100,621100000000,定西市,62,甘肃省,地级市,core,2026,2026,2024,2026-01-01,,carry_forward,SRC-ADMIN-DIVISION-2024,"level=2, code=621100000000, parent=620000000000",2026-08-01T00:00:00+08:00,,2025—2026沿用最近可用行政区划版本，仅用于前向面板占位。
CN-621200,621200,621200000000,陇南市,62,甘肃省,地级市,core,2026,2026,2024,2026-01-01,,carry_forward,SRC-ADMIN-DIVISION-2024,"level=2, code=621200000000, parent=620000000000",2026-08-01T00:00:00+08:00,,2025—2026沿用最近可用行政区划版本，仅用于前向面板占位。
CN-622900,622900,622900000000,临夏回族自治州,62,甘肃省,自治州,extended,2026,2026,2024,2026-01-01,,carry_forward,SRC-ADMIN-DIVISION-2024,"level=2, code=622900000000, parent=620000000000",2026-08-01T00:00:00+08:00,,2025—2026沿用最近可用行政区划版本，仅用于前向面板占位。
CN-623000,623000,623000000000,甘南藏族自治州,62,甘肃省,自治州,extended,2026,2026,2024,2026-01-01,,carry_forward,SRC-ADMIN-DIVISION-2024,"level=2, code=623000000000, parent=620000000000",2026-08-01T00:00:00+08:00,,2025—2026沿用最近可用行政区划版本，仅用于前向面板占位。
CN-630100,630100,630100000000,西宁市,63,青海省,地级市,core,2026,2026,2024,2026-01-01,,carry_forward,SRC-ADMIN-DIVISION-2024,"level=2, code=630100000000, parent=630000000000",2026-08-01T00:00:00+08:00,,2025—2026沿用最近可用行政区划版本，仅用于前向面板占位。
CN-630200,630200,630200000000,海东市,63,青海省,地级市,core,2026,2026,2024,2026-01-01,,carry_forward,SRC-ADMIN-DIVISION-2024,"level=2, code=630200000000, parent=630000000000",2026-08-01T00:00:00+08:00,,2025—2026沿用最近可用行政区划版本，仅用于前向面板占位。
CN-632200,632200,632200000000,海北藏族自治州,63,青海省,自治州,extended,2026,2026,2024,2026-01-01,,carry_forward,SRC-ADMIN-DIVISION-2024,"level=2, code=632200000000, parent=630000000000",2026-08-01T00:00:00+08:00,,2025—2026沿用最近可用行政区划版本，仅用于前向面板占位。
CN-632300,632300,632300000000,黄南藏族自治州,63,青海省,自治州,extended,2026,2026,2024,2026-01-01,,carry_forward,SRC-ADMIN-DIVISION-2024,"level=2, code=632300000000, parent=630000000000",2026-08-01T00:00:00+08:00,,2025—2026沿用最近可用行政区划版本，仅用于前向面板占位。
CN-632500,632500,632500000000,海南藏族自治州,63,青海省,自治州,extended,2026,2026,2024,2026-01-01,,carry_forward,SRC-ADMIN-DIVISION-2024,"level=2, code=632500000000, parent=630000000000",2026-08-01T00:00:00+08:00,,2025—2026沿用最近可用行政区划版本，仅用于前向面板占位。
CN-632600,632600,632600000000,果洛藏族自治州,63,青海省,自治州,extended,2026,2026,2024,2026-01-01,,carry_forward,SRC-ADMIN-DIVISION-2024,"level=2, code=632600000000, parent=630000000000",2026-08-01T00:00:00+08:00,,2025—2026沿用最近可用行政区划版本，仅用于前向面板占位。
CN-632700,632700,632700000000,玉树藏族自治州,63,青海省,自治州,extended,2026,2026,2024,2026-01-01,,carry_forward,SRC-ADMIN-DIVISION-2024,"level=2, code=632700000000, parent=630000000000",2026-08-01T00:00:00+08:00,,2025—2026沿用最近可用行政区划版本，仅用于前向面板占位。
CN-632800,632800,632800000000,海西蒙古族藏族自治州,63,青海省,自治州,extended,2026,2026,2024,2026-01-01,,carry_forward,SRC-ADMIN-DIVISION-2024,"level=2, code=632800000000, parent=630000000000",2026-08-01T00:00:00+08:00,,2025—2026沿用最近可用行政区划版本，仅用于前向面板占位。
CN-640100,640100,640100000000,银川市,64,宁夏回族自治区,地级市,core,2026,2026,2024,2026-01-01,,carry_forward,SRC-ADMIN-DIVISION-2024,"level=2, code=640100000000, parent=640000000000",2026-08-01T00:00:00+08:00,,2025—2026沿用最近可用行政区划版本，仅用于前向面板占位。
CN-640200,640200,640200000000,石嘴山市,64,宁夏回族自治区,地级市,core,2026,2026,2024,2026-01-01,,carry_forward,SRC-ADMIN-DIVISION-2024,"level=2, code=640200000000, parent=640000000000",2026-08-01T00:00:00+08:00,,2025—2026沿用最近可用行政区划版本，仅用于前向面板占位。
CN-640300,640300,640300000000,吴忠市,64,宁夏回族自治区,地级市,core,2026,2026,2024,2026-01-01,,carry_forward,SRC-ADMIN-DIVISION-2024,"level=2, code=640300000000, parent=640000000000",2026-08-01T00:00:00+08:00,,2025—2026沿用最近可用行政区划版本，仅用于前向面板占位。
CN-640400,640400,640400000000,固原市,64,宁夏回族自治区,地级市,core,2026,2026,2024,2026-01-01,,carry_forward,SRC-ADMIN-DIVISION-2024,"level=2, code=640400000000, parent=640000000000",2026-08-01T00:00:00+08:00,,2025—2026沿用最近可用行政区划版本，仅用于前向面板占位。
CN-640500,640500,640500000000,中卫市,64,宁夏回族自治区,地级市,core,2026,2026,2024,2026-01-01,,carry_forward,SRC-ADMIN-DIVISION-2024,"level=2, code=640500000000, parent=640000000000",2026-08-01T00:00:00+08:00,,2025—2026沿用最近可用行政区划版本，仅用于前向面板占位。
CN-650100,650100,650100000000,乌鲁木齐市,65,新疆维吾尔自治区,地级市,core,2026,2026,2024,2026-01-01,,carry_forward,SRC-ADMIN-DIVISION-2024,"level=2, code=650100000000, parent=650000000000",2026-08-01T00:00:00+08:00,,2025—2026沿用最近可用行政区划版本，仅用于前向面板占位。
CN-650200,650200,650200000000,克拉玛依市,65,新疆维吾尔自治区,地级市,core,2026,2026,2024,2026-01-01,,carry_forward,SRC-ADMIN-DIVISION-2024,"level=2, code=650200000000, parent=650000000000",2026-08-01T00:00:00+08:00,,2025—2026沿用最近可用行政区划版本，仅用于前向面板占位。
CN-650400,650400,650400000000,吐鲁番市,65,新疆维吾尔自治区,地级市,core,2026,2026,2024,2026-01-01,,carry_forward,SRC-ADMIN-DIVISION-2024,"level=2, code=650400000000, parent=650000000000",2026-08-01T00:00:00+08:00,,2025—2026沿用最近可用行政区划版本，仅用于前向面板占位。
CN-650500,650500,650500000000,哈密市,65,新疆维吾尔自治区,地级市,core,2026,2026,2024,2026-01-01,,carry_forward,SRC-ADMIN-DIVISION-2024,"level=2, code=650500000000, parent=650000000000",2026-08-01T00:00:00+08:00,,2025—2026沿用最近可用行政区划版本，仅用于前向面板占位。
CN-652300,652300,652300000000,昌吉回族自治州,65,新疆维吾尔自治区,自治州,extended,2026,2026,2024,2026-01-01,,carry_forward,SRC-ADMIN-DIVISION-2024,"level=2, code=652300000000, parent=650000000000",2026-08-01T00:00:00+08:00,,2025—2026沿用最近可用行政区划版本，仅用于前向面板占位。
CN-652700,652700,652700000000,博尔塔拉蒙古自治州,65,新疆维吾尔自治区,自治州,extended,2026,2026,2024,2026-01-01,,carry_forward,SRC-ADMIN-DIVISION-2024,"level=2, code=652700000000, parent=650000000000",2026-08-01T00:00:00+08:00,,2025—2026沿用最近可用行政区划版本，仅用于前向面板占位。
CN-652800,652800,652800000000,巴音郭楞蒙古自治州,65,新疆维吾尔自治区,自治州,extended,2026,2026,2024,2026-01-01,,carry_forward,SRC-ADMIN-DIVISION-2024,"level=2, code=652800000000, parent=650000000000",2026-08-01T00:00:00+08:00,,2025—2026沿用最近可用行政区划版本，仅用于前向面板占位。
CN-652900,652900,652900000000,阿克苏地区,65,新疆维吾尔自治区,地区,extended,2026,2026,2024,2026-01-01,,carry_forward,SRC-ADMIN-DIVISION-2024,"level=2, code=652900000000, parent=650000000000",2026-08-01T00:00:00+08:00,,2025—2026沿用最近可用行政区划版本，仅用于前向面板占位。
CN-653000,653000,653000000000,克孜勒苏柯尔克孜自治州,65,新疆维吾尔自治区,自治州,extended,2026,2026,2024,2026-01-01,,carry_forward,SRC-ADMIN-DIVISION-2024,"level=2, code=653000000000, parent=650000000000",2026-08-01T00:00:00+08:00,,2025—2026沿用最近可用行政区划版本，仅用于前向面板占位。
CN-653100,653100,653100000000,喀什地区,65,新疆维吾尔自治区,地区,extended,2026,2026,2024,2026-01-01,,carry_forward,SRC-ADMIN-DIVISION-2024,"level=2, code=653100000000, parent=650000000000",2026-08-01T00:00:00+08:00,,2025—2026沿用最近可用行政区划版本，仅用于前向面板占位。
CN-653200,653200,653200000000,和田地区,65,新疆维吾尔自治区,地区,extended,2026,2026,2024,2026-01-01,,carry_forward,SRC-ADMIN-DIVISION-2024,"level=2, code=653200000000, parent=650000000000",2026-08-01T00:00:00+08:00,,2025—2026沿用最近可用行政区划版本，仅用于前向面板占位。
CN-654000,654000,654000000000,伊犁哈萨克自治州,65,新疆维吾尔自治区,自治州,extended,2026,2026,2024,2026-01-01,,carry_forward,SRC-ADMIN-DIVISION-2024,"level=2, code=654000000000, parent=650000000000",2026-08-01T00:00:00+08:00,,2025—2026沿用最近可用行政区划版本，仅用于前向面板占位。
CN-654200,654200,654200000000,塔城地区,65,新疆维吾尔自治区,地区,extended,2026,2026,2024,2026-01-01,,carry_forward,SRC-ADMIN-DIVISION-2024,"level=2, code=654200000000, parent=650000000000",2026-08-01T00:00:00+08:00,,2025—2026沿用最近可用行政区划版本，仅用于前向面板占位。
CN-654300,654300,654300000000,阿勒泰地区,65,新疆维吾尔自治区,地区,extended,2026,2026,2024,2026-01-01,,carry_forward,SRC-ADMIN-DIVISION-2024,"level=2, code=654300000000, parent=650000000000",2026-08-01T00:00:00+08:00,,2025—2026沿用最近可用行政区划版本，仅用于前向面板占位。
CN-659000,659000,659000000000,自治区直辖县级行政区划,65,新疆维吾尔自治区,地级市,core,2026,2026,2024,2026-01-01,,carry_forward,SRC-ADMIN-DIVISION-2024,"level=2, code=659000000000, parent=650000000000",2026-08-01T00:00:00+08:00,,2025—2026沿用最近可用行政区划版本，仅用于前向面板占位。
