city_id,city_name_cn,province_name,metric_year,sample_tier,data_status,source_doc_id,source_grade,collection_status,note
CN-530400,玉溪市,云南省,2018,core,provisional,SRC-CITY-PANEL-1990-2023,D,needs_review,公开研究型城市面板；字段口径与来源链条未完全公开，作为 provisional 暂存值，待官方年鉴/公报复核。
CN-530700,丽江市,云南省,2018,core,provisional,SRC-CITY-PANEL-1990-2023,D,needs_review,公开研究型城市面板；字段口径与来源链条未完全公开，作为 provisional 暂存值，待官方年鉴/公报复核。
CN-530800,普洱市,云南省,2018,core,provisional,SRC-CITY-PANEL-1990-2023,D,needs_review,公开研究型城市面板；字段口径与来源链条未完全公开，作为 provisional 暂存值，待官方年鉴/公报复核。
CN-530900,临沧市,云南省,2018,core,provisional,SRC-CITY-PANEL-1990-2023,D,needs_review,公开研究型城市面板；字段口径与来源链条未完全公开，作为 provisional 暂存值，待官方年鉴/公报复核。
CN-532500,红河哈尼族彝族自治州,云南省,2018,extended,not_collected,,,needs_collection,未取得可审计的公开数值，保留 null，后续进入采集队列。
CN-532600,文山壮族苗族自治州,云南省,2018,extended,not_collected,,,needs_collection,未取得可审计的公开数值，保留 null，后续进入采集队列。
CN-532800,西双版纳傣族自治州,云南省,2018,extended,not_collected,,,needs_collection,未取得可审计的公开数值，保留 null，后续进入采集队列。
CN-532900,大理白族自治州,云南省,2018,extended,not_collected,,,needs_collection,未取得可审计的公开数值，保留 null，后续进入采集队列。
CN-533100,德宏傣族景颇族自治州,云南省,2018,extended,not_collected,,,needs_collection,未取得可审计的公开数值，保留 null，后续进入采集队列。
CN-533300,怒江傈僳族自治州,云南省,2018,extended,not_collected,,,needs_collection,未取得可审计的公开数值，保留 null，后续进入采集队列。
CN-533400,迪庆藏族自治州,云南省,2018,extended,not_collected,,,needs_collection,未取得可审计的公开数值，保留 null，后续进入采集队列。
CN-150200,包头市,内蒙古自治区,2018,core,provisional,SRC-CITY-PANEL-1990-2023,D,needs_review,公开研究型城市面板；字段口径与来源链条未完全公开，作为 provisional 暂存值，待官方年鉴/公报复核。
CN-152500,锡林郭勒盟,内蒙古自治区,2018,extended,not_collected,,,needs_collection,未取得可审计的公开数值，保留 null，后续进入采集队列。
CN-110000,北京市,北京市,2018,separate,provisional,SRC-CITY-PANEL-1990-2023,D,needs_review,公开研究型城市面板；字段口径与来源链条未完全公开，作为 provisional 暂存值，待官方年鉴/公报复核。
CN-510400,攀枝花市,四川省,2018,core,provisional,SRC-CITY-PANEL-1990-2023,D,needs_review,公开研究型城市面板；字段口径与来源链条未完全公开，作为 provisional 暂存值，待官方年鉴/公报复核。
CN-511000,内江市,四川省,2018,core,provisional,SRC-CITY-PANEL-1990-2023,D,needs_review,公开研究型城市面板；字段口径与来源链条未完全公开，作为 provisional 暂存值，待官方年鉴/公报复核。
CN-511400,眉山市,四川省,2018,core,provisional,SRC-CITY-PANEL-1990-2023,D,needs_review,公开研究型城市面板；字段口径与来源链条未完全公开，作为 provisional 暂存值，待官方年鉴/公报复核。
CN-512000,资阳市,四川省,2018,core,provisional,SRC-CITY-PANEL-1990-2023,D,needs_review,公开研究型城市面板；字段口径与来源链条未完全公开，作为 provisional 暂存值，待官方年鉴/公报复核。
CN-513200,阿坝藏族羌族自治州,四川省,2018,extended,not_collected,,,needs_collection,未取得可审计的公开数值，保留 null，后续进入采集队列。
CN-513300,甘孜藏族自治州,四川省,2018,extended,not_collected,,,needs_collection,未取得可审计的公开数值，保留 null，后续进入采集队列。
CN-513400,凉山彝族自治州,四川省,2018,extended,not_collected,,,needs_collection,未取得可审计的公开数值，保留 null，后续进入采集队列。
CN-120000,天津市,天津市,2018,separate,provisional,SRC-CITY-PANEL-1990-2023,D,needs_review,公开研究型城市面板；字段口径与来源链条未完全公开，作为 provisional 暂存值，待官方年鉴/公报复核。
CN-370100,济南市,山东省,2018,core,provisional,SRC-CITY-PANEL-1990-2023,D,needs_review,公开研究型城市面板；字段口径与来源链条未完全公开，作为 provisional 暂存值，待官方年鉴/公报复核。
CN-370300,淄博市,山东省,2018,core,provisional,SRC-CITY-PANEL-1990-2023,D,needs_review,公开研究型城市面板；字段口径与来源链条未完全公开，作为 provisional 暂存值，待官方年鉴/公报复核。
CN-370400,枣庄市,山东省,2018,core,provisional,SRC-CITY-PANEL-1990-2023,D,needs_review,公开研究型城市面板；字段口径与来源链条未完全公开，作为 provisional 暂存值，待官方年鉴/公报复核。
CN-370500,东营市,山东省,2018,core,provisional,SRC-CITY-PANEL-1990-2023,D,needs_review,公开研究型城市面板；字段口径与来源链条未完全公开，作为 provisional 暂存值，待官方年鉴/公报复核。
CN-370600,烟台市,山东省,2018,core,provisional,SRC-CITY-PANEL-1990-2023,D,needs_review,公开研究型城市面板；字段口径与来源链条未完全公开，作为 provisional 暂存值，待官方年鉴/公报复核。
CN-370700,潍坊市,山东省,2018,core,provisional,SRC-CITY-PANEL-1990-2023,D,needs_review,公开研究型城市面板；字段口径与来源链条未完全公开，作为 provisional 暂存值，待官方年鉴/公报复核。
CN-370800,济宁市,山东省,2018,core,provisional,SRC-CITY-PANEL-1990-2023,D,needs_review,公开研究型城市面板；字段口径与来源链条未完全公开，作为 provisional 暂存值，待官方年鉴/公报复核。
CN-370900,泰安市,山东省,2018,core,provisional,SRC-CITY-PANEL-1990-2023,D,needs_review,公开研究型城市面板；字段口径与来源链条未完全公开，作为 provisional 暂存值，待官方年鉴/公报复核。
CN-371000,威海市,山东省,2018,core,provisional,SRC-CITY-PANEL-1990-2023,D,needs_review,公开研究型城市面板；字段口径与来源链条未完全公开，作为 provisional 暂存值，待官方年鉴/公报复核。
CN-371100,日照市,山东省,2018,core,provisional,SRC-CITY-PANEL-1990-2023,D,needs_review,公开研究型城市面板；字段口径与来源链条未完全公开，作为 provisional 暂存值，待官方年鉴/公报复核。
CN-371200,莱芜市,山东省,2018,core,provisional,SRC-CITY-PANEL-1990-2023,D,needs_review,公开研究型城市面板；字段口径与来源链条未完全公开，作为 provisional 暂存值，待官方年鉴/公报复核。
CN-371300,临沂市,山东省,2018,core,provisional,SRC-CITY-PANEL-1990-2023,D,needs_review,公开研究型城市面板；字段口径与来源链条未完全公开，作为 provisional 暂存值，待官方年鉴/公报复核。
CN-371400,德州市,山东省,2018,core,provisional,SRC-CITY-PANEL-1990-2023,D,needs_review,公开研究型城市面板；字段口径与来源链条未完全公开，作为 provisional 暂存值，待官方年鉴/公报复核。
CN-371500,聊城市,山东省,2018,core,provisional,SRC-CITY-PANEL-1990-2023,D,needs_review,公开研究型城市面板；字段口径与来源链条未完全公开，作为 provisional 暂存值，待官方年鉴/公报复核。
CN-371600,滨州市,山东省,2018,core,provisional,SRC-CITY-PANEL-1990-2023,D,needs_review,公开研究型城市面板；字段口径与来源链条未完全公开，作为 provisional 暂存值，待官方年鉴/公报复核。
CN-371700,菏泽市,山东省,2018,core,provisional,SRC-CITY-PANEL-1990-2023,D,needs_review,公开研究型城市面板；字段口径与来源链条未完全公开，作为 provisional 暂存值，待官方年鉴/公报复核。
CN-140100,太原市,山西省,2018,core,provisional,SRC-CITY-PANEL-1990-2023,D,needs_review,公开研究型城市面板；字段口径与来源链条未完全公开，作为 provisional 暂存值，待官方年鉴/公报复核。
CN-140200,大同市,山西省,2018,core,provisional,SRC-CITY-PANEL-1990-2023,D,needs_review,公开研究型城市面板；字段口径与来源链条未完全公开，作为 provisional 暂存值，待官方年鉴/公报复核。
CN-140300,阳泉市,山西省,2018,core,provisional,SRC-CITY-PANEL-1990-2023,D,needs_review,公开研究型城市面板；字段口径与来源链条未完全公开，作为 provisional 暂存值，待官方年鉴/公报复核。
CN-140400,长治市,山西省,2018,core,provisional,SRC-CITY-PANEL-1990-2023,D,needs_review,公开研究型城市面板；字段口径与来源链条未完全公开，作为 provisional 暂存值，待官方年鉴/公报复核。
CN-140500,晋城市,山西省,2018,core,provisional,SRC-CITY-PANEL-1990-2023,D,needs_review,公开研究型城市面板；字段口径与来源链条未完全公开，作为 provisional 暂存值，待官方年鉴/公报复核。
CN-140600,朔州市,山西省,2018,core,provisional,SRC-CITY-PANEL-1990-2023,D,needs_review,公开研究型城市面板；字段口径与来源链条未完全公开，作为 provisional 暂存值，待官方年鉴/公报复核。
CN-140700,晋中市,山西省,2018,core,provisional,SRC-CITY-PANEL-1990-2023,D,needs_review,公开研究型城市面板；字段口径与来源链条未完全公开，作为 provisional 暂存值，待官方年鉴/公报复核。
CN-140800,运城市,山西省,2018,core,provisional,SRC-CITY-PANEL-1990-2023,D,needs_review,公开研究型城市面板；字段口径与来源链条未完全公开，作为 provisional 暂存值，待官方年鉴/公报复核。
CN-140900,忻州市,山西省,2018,core,provisional,SRC-CITY-PANEL-1990-2023,D,needs_review,公开研究型城市面板；字段口径与来源链条未完全公开，作为 provisional 暂存值，待官方年鉴/公报复核。
CN-141000,临汾市,山西省,2018,core,provisional,SRC-CITY-PANEL-1990-2023,D,needs_review,公开研究型城市面板；字段口径与来源链条未完全公开，作为 provisional 暂存值，待官方年鉴/公报复核。
CN-141100,吕梁市,山西省,2018,core,provisional,SRC-CITY-PANEL-1990-2023,D,needs_review,公开研究型城市面板；字段口径与来源链条未完全公开，作为 provisional 暂存值，待官方年鉴/公报复核。
CN-450100,南宁市,广西壮族自治区,2018,core,provisional,SRC-CITY-PANEL-1990-2023,D,needs_review,公开研究型城市面板；字段口径与来源链条未完全公开，作为 provisional 暂存值，待官方年鉴/公报复核。
CN-450200,柳州市,广西壮族自治区,2018,core,provisional,SRC-CITY-PANEL-1990-2023,D,needs_review,公开研究型城市面板；字段口径与来源链条未完全公开，作为 provisional 暂存值，待官方年鉴/公报复核。
CN-450300,桂林市,广西壮族自治区,2018,core,provisional,SRC-CITY-PANEL-1990-2023,D,needs_review,公开研究型城市面板；字段口径与来源链条未完全公开，作为 provisional 暂存值，待官方年鉴/公报复核。
CN-450400,梧州市,广西壮族自治区,2018,core,provisional,SRC-CITY-PANEL-1990-2023,D,needs_review,公开研究型城市面板；字段口径与来源链条未完全公开，作为 provisional 暂存值，待官方年鉴/公报复核。
CN-450500,北海市,广西壮族自治区,2018,core,provisional,SRC-CITY-PANEL-1990-2023,D,needs_review,公开研究型城市面板；字段口径与来源链条未完全公开，作为 provisional 暂存值，待官方年鉴/公报复核。
CN-450600,防城港市,广西壮族自治区,2018,core,provisional,SRC-CITY-PANEL-1990-2023,D,needs_review,公开研究型城市面板；字段口径与来源链条未完全公开，作为 provisional 暂存值，待官方年鉴/公报复核。
CN-450700,钦州市,广西壮族自治区,2018,core,provisional,SRC-CITY-PANEL-1990-2023,D,needs_review,公开研究型城市面板；字段口径与来源链条未完全公开，作为 provisional 暂存值，待官方年鉴/公报复核。
CN-450800,贵港市,广西壮族自治区,2018,core,provisional,SRC-CITY-PANEL-1990-2023,D,needs_review,公开研究型城市面板；字段口径与来源链条未完全公开，作为 provisional 暂存值，待官方年鉴/公报复核。
CN-450900,玉林市,广西壮族自治区,2018,core,provisional,SRC-CITY-PANEL-1990-2023,D,needs_review,公开研究型城市面板；字段口径与来源链条未完全公开，作为 provisional 暂存值，待官方年鉴/公报复核。
CN-451000,百色市,广西壮族自治区,2018,core,provisional,SRC-CITY-PANEL-1990-2023,D,needs_review,公开研究型城市面板；字段口径与来源链条未完全公开，作为 provisional 暂存值，待官方年鉴/公报复核。
CN-451200,河池市,广西壮族自治区,2018,core,provisional,SRC-CITY-PANEL-1990-2023,D,needs_review,公开研究型城市面板；字段口径与来源链条未完全公开，作为 provisional 暂存值，待官方年鉴/公报复核。
CN-451400,崇左市,广西壮族自治区,2018,core,provisional,SRC-CITY-PANEL-1990-2023,D,needs_review,公开研究型城市面板；字段口径与来源链条未完全公开，作为 provisional 暂存值，待官方年鉴/公报复核。
CN-659000,自治区直辖县级行政区划,新疆维吾尔自治区,2018,core,not_collected,,,needs_collection,未取得可审计的公开数值，保留 null，后续进入采集队列。
CN-360100,南昌市,江西省,2018,core,provisional,SRC-CITY-PANEL-1990-2023,D,needs_review,公开研究型城市面板；字段口径与来源链条未完全公开，作为 provisional 暂存值，待官方年鉴/公报复核。
CN-360200,景德镇市,江西省,2018,core,provisional,SRC-CITY-PANEL-1990-2023,D,needs_review,公开研究型城市面板；字段口径与来源链条未完全公开，作为 provisional 暂存值，待官方年鉴/公报复核。
CN-360300,萍乡市,江西省,2018,core,provisional,SRC-CITY-PANEL-1990-2023,D,needs_review,公开研究型城市面板；字段口径与来源链条未完全公开，作为 provisional 暂存值，待官方年鉴/公报复核。
CN-360400,九江市,江西省,2018,core,provisional,SRC-CITY-PANEL-1990-2023,D,needs_review,公开研究型城市面板；字段口径与来源链条未完全公开，作为 provisional 暂存值，待官方年鉴/公报复核。
CN-360500,新余市,江西省,2018,core,provisional,SRC-CITY-PANEL-1990-2023,D,needs_review,公开研究型城市面板；字段口径与来源链条未完全公开，作为 provisional 暂存值，待官方年鉴/公报复核。
CN-360600,鹰潭市,江西省,2018,core,provisional,SRC-CITY-PANEL-1990-2023,D,needs_review,公开研究型城市面板；字段口径与来源链条未完全公开，作为 provisional 暂存值，待官方年鉴/公报复核。
CN-360700,赣州市,江西省,2018,core,provisional,SRC-CITY-PANEL-1990-2023,D,needs_review,公开研究型城市面板；字段口径与来源链条未完全公开，作为 provisional 暂存值，待官方年鉴/公报复核。
CN-360800,吉安市,江西省,2018,core,provisional,SRC-CITY-PANEL-1990-2023,D,needs_review,公开研究型城市面板；字段口径与来源链条未完全公开，作为 provisional 暂存值，待官方年鉴/公报复核。
CN-360900,宜春市,江西省,2018,core,provisional,SRC-CITY-PANEL-1990-2023,D,needs_review,公开研究型城市面板；字段口径与来源链条未完全公开，作为 provisional 暂存值，待官方年鉴/公报复核。
CN-361000,抚州市,江西省,2018,core,provisional,SRC-CITY-PANEL-1990-2023,D,needs_review,公开研究型城市面板；字段口径与来源链条未完全公开，作为 provisional 暂存值，待官方年鉴/公报复核。
CN-361100,上饶市,江西省,2018,core,provisional,SRC-CITY-PANEL-1990-2023,D,needs_review,公开研究型城市面板；字段口径与来源链条未完全公开，作为 provisional 暂存值，待官方年鉴/公报复核。
CN-130100,石家庄市,河北省,2018,core,provisional,SRC-CITY-PANEL-1990-2023,D,needs_review,公开研究型城市面板；字段口径与来源链条未完全公开，作为 provisional 暂存值，待官方年鉴/公报复核。
CN-130200,唐山市,河北省,2018,core,provisional,SRC-CITY-PANEL-1990-2023,D,needs_review,公开研究型城市面板；字段口径与来源链条未完全公开，作为 provisional 暂存值，待官方年鉴/公报复核。
CN-130300,秦皇岛市,河北省,2018,core,provisional,SRC-CITY-PANEL-1990-2023,D,needs_review,公开研究型城市面板；字段口径与来源链条未完全公开，作为 provisional 暂存值，待官方年鉴/公报复核。
CN-130400,邯郸市,河北省,2018,core,provisional,SRC-CITY-PANEL-1990-2023,D,needs_review,公开研究型城市面板；字段口径与来源链条未完全公开，作为 provisional 暂存值，待官方年鉴/公报复核。
CN-130500,邢台市,河北省,2018,core,provisional,SRC-CITY-PANEL-1990-2023,D,needs_review,公开研究型城市面板；字段口径与来源链条未完全公开，作为 provisional 暂存值，待官方年鉴/公报复核。
CN-130600,保定市,河北省,2018,core,provisional,SRC-CITY-PANEL-1990-2023,D,needs_review,公开研究型城市面板；字段口径与来源链条未完全公开，作为 provisional 暂存值，待官方年鉴/公报复核。
CN-130700,张家口市,河北省,2018,core,provisional,SRC-CITY-PANEL-1990-2023,D,needs_review,公开研究型城市面板；字段口径与来源链条未完全公开，作为 provisional 暂存值，待官方年鉴/公报复核。
CN-130900,沧州市,河北省,2018,core,provisional,SRC-CITY-PANEL-1990-2023,D,needs_review,公开研究型城市面板；字段口径与来源链条未完全公开，作为 provisional 暂存值，待官方年鉴/公报复核。
CN-131000,廊坊市,河北省,2018,core,provisional,SRC-CITY-PANEL-1990-2023,D,needs_review,公开研究型城市面板；字段口径与来源链条未完全公开，作为 provisional 暂存值，待官方年鉴/公报复核。
CN-131100,衡水市,河北省,2018,core,provisional,SRC-CITY-PANEL-1990-2023,D,needs_review,公开研究型城市面板；字段口径与来源链条未完全公开，作为 provisional 暂存值，待官方年鉴/公报复核。
CN-410100,郑州市,河南省,2018,core,provisional,SRC-CITY-PANEL-1990-2023,D,needs_review,公开研究型城市面板；字段口径与来源链条未完全公开，作为 provisional 暂存值，待官方年鉴/公报复核。
CN-410200,开封市,河南省,2018,core,provisional,SRC-CITY-PANEL-1990-2023,D,needs_review,公开研究型城市面板；字段口径与来源链条未完全公开，作为 provisional 暂存值，待官方年鉴/公报复核。
CN-410300,洛阳市,河南省,2018,core,provisional,SRC-CITY-PANEL-1990-2023,D,needs_review,公开研究型城市面板；字段口径与来源链条未完全公开，作为 provisional 暂存值，待官方年鉴/公报复核。
CN-410400,平顶山市,河南省,2018,core,provisional,SRC-CITY-PANEL-1990-2023,D,needs_review,公开研究型城市面板；字段口径与来源链条未完全公开，作为 provisional 暂存值，待官方年鉴/公报复核。
CN-410500,安阳市,河南省,2018,core,provisional,SRC-CITY-PANEL-1990-2023,D,needs_review,公开研究型城市面板；字段口径与来源链条未完全公开，作为 provisional 暂存值，待官方年鉴/公报复核。
CN-410600,鹤壁市,河南省,2018,core,provisional,SRC-CITY-PANEL-1990-2023,D,needs_review,公开研究型城市面板；字段口径与来源链条未完全公开，作为 provisional 暂存值，待官方年鉴/公报复核。
CN-410700,新乡市,河南省,2018,core,provisional,SRC-CITY-PANEL-1990-2023,D,needs_review,公开研究型城市面板；字段口径与来源链条未完全公开，作为 provisional 暂存值，待官方年鉴/公报复核。
CN-410800,焦作市,河南省,2018,core,provisional,SRC-CITY-PANEL-1990-2023,D,needs_review,公开研究型城市面板；字段口径与来源链条未完全公开，作为 provisional 暂存值，待官方年鉴/公报复核。
CN-410900,濮阳市,河南省,2018,core,provisional,SRC-CITY-PANEL-1990-2023,D,needs_review,公开研究型城市面板；字段口径与来源链条未完全公开，作为 provisional 暂存值，待官方年鉴/公报复核。
CN-411000,许昌市,河南省,2018,core,provisional,SRC-CITY-PANEL-1990-2023,D,needs_review,公开研究型城市面板；字段口径与来源链条未完全公开，作为 provisional 暂存值，待官方年鉴/公报复核。
CN-411100,漯河市,河南省,2018,core,provisional,SRC-CITY-PANEL-1990-2023,D,needs_review,公开研究型城市面板；字段口径与来源链条未完全公开，作为 provisional 暂存值，待官方年鉴/公报复核。
CN-411200,三门峡市,河南省,2018,core,provisional,SRC-CITY-PANEL-1990-2023,D,needs_review,公开研究型城市面板；字段口径与来源链条未完全公开，作为 provisional 暂存值，待官方年鉴/公报复核。
CN-411300,南阳市,河南省,2018,core,provisional,SRC-CITY-PANEL-1990-2023,D,needs_review,公开研究型城市面板；字段口径与来源链条未完全公开，作为 provisional 暂存值，待官方年鉴/公报复核。
CN-411400,商丘市,河南省,2018,core,provisional,SRC-CITY-PANEL-1990-2023,D,needs_review,公开研究型城市面板；字段口径与来源链条未完全公开，作为 provisional 暂存值，待官方年鉴/公报复核。
CN-411500,信阳市,河南省,2018,core,provisional,SRC-CITY-PANEL-1990-2023,D,needs_review,公开研究型城市面板；字段口径与来源链条未完全公开，作为 provisional 暂存值，待官方年鉴/公报复核。
CN-411600,周口市,河南省,2018,core,provisional,SRC-CITY-PANEL-1990-2023,D,needs_review,公开研究型城市面板；字段口径与来源链条未完全公开，作为 provisional 暂存值，待官方年鉴/公报复核。
CN-411700,驻马店市,河南省,2018,core,provisional,SRC-CITY-PANEL-1990-2023,D,needs_review,公开研究型城市面板；字段口径与来源链条未完全公开，作为 provisional 暂存值，待官方年鉴/公报复核。
CN-419000,省直辖县级行政区划,河南省,2018,core,not_collected,,,needs_collection,未取得可审计的公开数值，保留 null，后续进入采集队列。
CN-330100,杭州市,浙江省,2018,core,provisional,SRC-CITY-PANEL-1990-2023,D,needs_review,公开研究型城市面板；字段口径与来源链条未完全公开，作为 provisional 暂存值，待官方年鉴/公报复核。
CN-330300,温州市,浙江省,2018,core,provisional,SRC-CITY-PANEL-1990-2023,D,needs_review,公开研究型城市面板；字段口径与来源链条未完全公开，作为 provisional 暂存值，待官方年鉴/公报复核。
CN-330400,嘉兴市,浙江省,2018,core,provisional,SRC-CITY-PANEL-1990-2023,D,needs_review,公开研究型城市面板；字段口径与来源链条未完全公开，作为 provisional 暂存值，待官方年鉴/公报复核。
CN-330500,湖州市,浙江省,2018,core,provisional,SRC-CITY-PANEL-1990-2023,D,needs_review,公开研究型城市面板；字段口径与来源链条未完全公开，作为 provisional 暂存值，待官方年鉴/公报复核。
CN-330600,绍兴市,浙江省,2018,core,provisional,SRC-CITY-PANEL-1990-2023,D,needs_review,公开研究型城市面板；字段口径与来源链条未完全公开，作为 provisional 暂存值，待官方年鉴/公报复核。
CN-330700,金华市,浙江省,2018,core,provisional,SRC-CITY-PANEL-1990-2023,D,needs_review,公开研究型城市面板；字段口径与来源链条未完全公开，作为 provisional 暂存值，待官方年鉴/公报复核。
CN-330800,衢州市,浙江省,2018,core,provisional,SRC-CITY-PANEL-1990-2023,D,needs_review,公开研究型城市面板；字段口径与来源链条未完全公开，作为 provisional 暂存值，待官方年鉴/公报复核。
CN-330900,舟山市,浙江省,2018,core,provisional,SRC-CITY-PANEL-1990-2023,D,needs_review,公开研究型城市面板；字段口径与来源链条未完全公开，作为 provisional 暂存值，待官方年鉴/公报复核。
CN-331000,台州市,浙江省,2018,core,provisional,SRC-CITY-PANEL-1990-2023,D,needs_review,公开研究型城市面板；字段口径与来源链条未完全公开，作为 provisional 暂存值，待官方年鉴/公报复核。
CN-331100,丽水市,浙江省,2018,core,provisional,SRC-CITY-PANEL-1990-2023,D,needs_review,公开研究型城市面板；字段口径与来源链条未完全公开，作为 provisional 暂存值，待官方年鉴/公报复核。
CN-460100,海口市,海南省,2018,core,provisional,SRC-CITY-PANEL-1990-2023,D,needs_review,公开研究型城市面板；字段口径与来源链条未完全公开，作为 provisional 暂存值，待官方年鉴/公报复核。
CN-460200,三亚市,海南省,2018,core,provisional,SRC-CITY-PANEL-1990-2023,D,needs_review,公开研究型城市面板；字段口径与来源链条未完全公开，作为 provisional 暂存值，待官方年鉴/公报复核。
CN-460300,三沙市,海南省,2018,core,provisional,SRC-CITY-PANEL-1990-2023,D,needs_review,公开研究型城市面板；字段口径与来源链条未完全公开，作为 provisional 暂存值，待官方年鉴/公报复核。
CN-460400,儋州市,海南省,2018,core,provisional,SRC-CITY-PANEL-1990-2023,D,needs_review,公开研究型城市面板；字段口径与来源链条未完全公开，作为 provisional 暂存值，待官方年鉴/公报复核。
CN-469000,省直辖县级行政区划,海南省,2018,core,not_collected,,,needs_collection,未取得可审计的公开数值，保留 null，后续进入采集队列。
CN-420100,武汉市,湖北省,2018,core,provisional,SRC-CITY-PANEL-1990-2023,D,needs_review,公开研究型城市面板；字段口径与来源链条未完全公开，作为 provisional 暂存值，待官方年鉴/公报复核。
CN-420200,黄石市,湖北省,2018,core,provisional,SRC-CITY-PANEL-1990-2023,D,needs_review,公开研究型城市面板；字段口径与来源链条未完全公开，作为 provisional 暂存值，待官方年鉴/公报复核。
CN-420500,宜昌市,湖北省,2018,core,provisional,SRC-CITY-PANEL-1990-2023,D,needs_review,公开研究型城市面板；字段口径与来源链条未完全公开，作为 provisional 暂存值，待官方年鉴/公报复核。
CN-420600,襄阳市,湖北省,2018,core,provisional,SRC-CITY-PANEL-1990-2023,D,needs_review,公开研究型城市面板；字段口径与来源链条未完全公开，作为 provisional 暂存值，待官方年鉴/公报复核。
CN-420700,鄂州市,湖北省,2018,core,provisional,SRC-CITY-PANEL-1990-2023,D,needs_review,公开研究型城市面板；字段口径与来源链条未完全公开，作为 provisional 暂存值，待官方年鉴/公报复核。
CN-420800,荆门市,湖北省,2018,core,provisional,SRC-CITY-PANEL-1990-2023,D,needs_review,公开研究型城市面板；字段口径与来源链条未完全公开，作为 provisional 暂存值，待官方年鉴/公报复核。
CN-421100,黄冈市,湖北省,2018,core,provisional,SRC-CITY-PANEL-1990-2023,D,needs_review,公开研究型城市面板；字段口径与来源链条未完全公开，作为 provisional 暂存值，待官方年鉴/公报复核。
CN-421300,随州市,湖北省,2018,core,provisional,SRC-CITY-PANEL-1990-2023,D,needs_review,公开研究型城市面板；字段口径与来源链条未完全公开，作为 provisional 暂存值，待官方年鉴/公报复核。
CN-422800,恩施土家族苗族自治州,湖北省,2018,extended,not_collected,,,needs_collection,未取得可审计的公开数值，保留 null，后续进入采集队列。
CN-429000,省直辖县级行政区划,湖北省,2018,core,not_collected,,,needs_collection,未取得可审计的公开数值，保留 null，后续进入采集队列。
CN-350100,福州市,福建省,2018,core,provisional,SRC-CITY-PANEL-1990-2023,D,needs_review,公开研究型城市面板；字段口径与来源链条未完全公开，作为 provisional 暂存值，待官方年鉴/公报复核。
CN-350300,莆田市,福建省,2018,core,provisional,SRC-CITY-PANEL-1990-2023,D,needs_review,公开研究型城市面板；字段口径与来源链条未完全公开，作为 provisional 暂存值，待官方年鉴/公报复核。
CN-350400,三明市,福建省,2018,core,provisional,SRC-CITY-PANEL-1990-2023,D,needs_review,公开研究型城市面板；字段口径与来源链条未完全公开，作为 provisional 暂存值，待官方年鉴/公报复核。
CN-350500,泉州市,福建省,2018,core,provisional,SRC-CITY-PANEL-1990-2023,D,needs_review,公开研究型城市面板；字段口径与来源链条未完全公开，作为 provisional 暂存值，待官方年鉴/公报复核。
CN-350600,漳州市,福建省,2018,core,provisional,SRC-CITY-PANEL-1990-2023,D,needs_review,公开研究型城市面板；字段口径与来源链条未完全公开，作为 provisional 暂存值，待官方年鉴/公报复核。
CN-350700,南平市,福建省,2018,core,provisional,SRC-CITY-PANEL-1990-2023,D,needs_review,公开研究型城市面板；字段口径与来源链条未完全公开，作为 provisional 暂存值，待官方年鉴/公报复核。
CN-350800,龙岩市,福建省,2018,core,provisional,SRC-CITY-PANEL-1990-2023,D,needs_review,公开研究型城市面板；字段口径与来源链条未完全公开，作为 provisional 暂存值，待官方年鉴/公报复核。
CN-350900,宁德市,福建省,2018,core,provisional,SRC-CITY-PANEL-1990-2023,D,needs_review,公开研究型城市面板；字段口径与来源链条未完全公开，作为 provisional 暂存值，待官方年鉴/公报复核。
CN-540100,拉萨市,西藏自治区,2018,core,provisional,SRC-CITY-PANEL-1990-2023,D,needs_review,公开研究型城市面板；字段口径与来源链条未完全公开，作为 provisional 暂存值，待官方年鉴/公报复核。
CN-540200,日喀则市,西藏自治区,2018,core,provisional,SRC-CITY-PANEL-1990-2023,D,needs_review,公开研究型城市面板；字段口径与来源链条未完全公开，作为 provisional 暂存值，待官方年鉴/公报复核。
CN-540300,昌都市,西藏自治区,2018,core,provisional,SRC-CITY-PANEL-1990-2023,D,needs_review,公开研究型城市面板；字段口径与来源链条未完全公开，作为 provisional 暂存值，待官方年鉴/公报复核。
CN-540400,林芝市,西藏自治区,2018,core,provisional,SRC-CITY-PANEL-1990-2023,D,needs_review,公开研究型城市面板；字段口径与来源链条未完全公开，作为 provisional 暂存值，待官方年鉴/公报复核。
CN-540500,山南市,西藏自治区,2018,core,provisional,SRC-CITY-PANEL-1990-2023,D,needs_review,公开研究型城市面板；字段口径与来源链条未完全公开，作为 provisional 暂存值，待官方年鉴/公报复核。
CN-542400,那曲地区,西藏自治区,2018,extended,not_collected,,,needs_collection,未取得可审计的公开数值，保留 null，后续进入采集队列。
CN-542500,阿里地区,西藏自治区,2018,extended,not_collected,,,needs_collection,未取得可审计的公开数值，保留 null，后续进入采集队列。
CN-520100,贵阳市,贵州省,2018,core,provisional,SRC-CITY-PANEL-1990-2023,D,needs_review,公开研究型城市面板；字段口径与来源链条未完全公开，作为 provisional 暂存值，待官方年鉴/公报复核。
CN-520200,六盘水市,贵州省,2018,core,provisional,SRC-CITY-PANEL-1990-2023,D,needs_review,公开研究型城市面板；字段口径与来源链条未完全公开，作为 provisional 暂存值，待官方年鉴/公报复核。
CN-520300,遵义市,贵州省,2018,core,provisional,SRC-CITY-PANEL-1990-2023,D,needs_review,公开研究型城市面板；字段口径与来源链条未完全公开，作为 provisional 暂存值，待官方年鉴/公报复核。
CN-520400,安顺市,贵州省,2018,core,provisional,SRC-CITY-PANEL-1990-2023,D,needs_review,公开研究型城市面板；字段口径与来源链条未完全公开，作为 provisional 暂存值，待官方年鉴/公报复核。
CN-520500,毕节市,贵州省,2018,core,provisional,SRC-CITY-PANEL-1990-2023,D,needs_review,公开研究型城市面板；字段口径与来源链条未完全公开，作为 provisional 暂存值，待官方年鉴/公报复核。
CN-520600,铜仁市,贵州省,2018,core,provisional,SRC-CITY-PANEL-1990-2023,D,needs_review,公开研究型城市面板；字段口径与来源链条未完全公开，作为 provisional 暂存值，待官方年鉴/公报复核。
CN-522300,黔西南布依族苗族自治州,贵州省,2018,extended,not_collected,,,needs_collection,未取得可审计的公开数值，保留 null，后续进入采集队列。
CN-522600,黔东南苗族侗族自治州,贵州省,2018,extended,not_collected,,,needs_collection,未取得可审计的公开数值，保留 null，后续进入采集队列。
CN-522700,黔南布依族苗族自治州,贵州省,2018,extended,not_collected,,,needs_collection,未取得可审计的公开数值，保留 null，后续进入采集队列。
CN-500000,重庆市,重庆市,2018,separate,provisional,SRC-CITY-PANEL-1990-2023,D,needs_review,公开研究型城市面板；字段口径与来源链条未完全公开，作为 provisional 暂存值，待官方年鉴/公报复核。
CN-610100,西安市,陕西省,2018,core,provisional,SRC-CITY-PANEL-1990-2023,D,needs_review,公开研究型城市面板；字段口径与来源链条未完全公开，作为 provisional 暂存值，待官方年鉴/公报复核。
CN-610300,宝鸡市,陕西省,2018,core,provisional,SRC-CITY-PANEL-1990-2023,D,needs_review,公开研究型城市面板；字段口径与来源链条未完全公开，作为 provisional 暂存值，待官方年鉴/公报复核。
CN-610400,咸阳市,陕西省,2018,core,provisional,SRC-CITY-PANEL-1990-2023,D,needs_review,公开研究型城市面板；字段口径与来源链条未完全公开，作为 provisional 暂存值，待官方年鉴/公报复核。
CN-610500,渭南市,陕西省,2018,core,provisional,SRC-CITY-PANEL-1990-2023,D,needs_review,公开研究型城市面板；字段口径与来源链条未完全公开，作为 provisional 暂存值，待官方年鉴/公报复核。
CN-610600,延安市,陕西省,2018,core,provisional,SRC-CITY-PANEL-1990-2023,D,needs_review,公开研究型城市面板；字段口径与来源链条未完全公开，作为 provisional 暂存值，待官方年鉴/公报复核。
CN-610700,汉中市,陕西省,2018,core,provisional,SRC-CITY-PANEL-1990-2023,D,needs_review,公开研究型城市面板；字段口径与来源链条未完全公开，作为 provisional 暂存值，待官方年鉴/公报复核。
CN-611000,商洛市,陕西省,2018,core,provisional,SRC-CITY-PANEL-1990-2023,D,needs_review,公开研究型城市面板；字段口径与来源链条未完全公开，作为 provisional 暂存值，待官方年鉴/公报复核。
CN-230100,哈尔滨市,黑龙江省,2018,core,provisional,SRC-CITY-PANEL-1990-2023,D,needs_review,公开研究型城市面板；字段口径与来源链条未完全公开，作为 provisional 暂存值，待官方年鉴/公报复核。
CN-230200,齐齐哈尔市,黑龙江省,2018,core,provisional,SRC-CITY-PANEL-1990-2023,D,needs_review,公开研究型城市面板；字段口径与来源链条未完全公开，作为 provisional 暂存值，待官方年鉴/公报复核。
CN-230300,鸡西市,黑龙江省,2018,core,provisional,SRC-CITY-PANEL-1990-2023,D,needs_review,公开研究型城市面板；字段口径与来源链条未完全公开，作为 provisional 暂存值，待官方年鉴/公报复核。
CN-230400,鹤岗市,黑龙江省,2018,core,provisional,SRC-CITY-PANEL-1990-2023,D,needs_review,公开研究型城市面板；字段口径与来源链条未完全公开，作为 provisional 暂存值，待官方年鉴/公报复核。
CN-230500,双鸭山市,黑龙江省,2018,core,provisional,SRC-CITY-PANEL-1990-2023,D,needs_review,公开研究型城市面板；字段口径与来源链条未完全公开，作为 provisional 暂存值，待官方年鉴/公报复核。
CN-230600,大庆市,黑龙江省,2018,core,provisional,SRC-CITY-PANEL-1990-2023,D,needs_review,公开研究型城市面板；字段口径与来源链条未完全公开，作为 provisional 暂存值，待官方年鉴/公报复核。
CN-230700,伊春市,黑龙江省,2018,core,provisional,SRC-CITY-PANEL-1990-2023,D,needs_review,公开研究型城市面板；字段口径与来源链条未完全公开，作为 provisional 暂存值，待官方年鉴/公报复核。
CN-230800,佳木斯市,黑龙江省,2018,core,provisional,SRC-CITY-PANEL-1990-2023,D,needs_review,公开研究型城市面板；字段口径与来源链条未完全公开，作为 provisional 暂存值，待官方年鉴/公报复核。
CN-230900,七台河市,黑龙江省,2018,core,provisional,SRC-CITY-PANEL-1990-2023,D,needs_review,公开研究型城市面板；字段口径与来源链条未完全公开，作为 provisional 暂存值，待官方年鉴/公报复核。
CN-231000,牡丹江市,黑龙江省,2018,core,provisional,SRC-CITY-PANEL-1990-2023,D,needs_review,公开研究型城市面板；字段口径与来源链条未完全公开，作为 provisional 暂存值，待官方年鉴/公报复核。
CN-231100,黑河市,黑龙江省,2018,core,provisional,SRC-CITY-PANEL-1990-2023,D,needs_review,公开研究型城市面板；字段口径与来源链条未完全公开，作为 provisional 暂存值，待官方年鉴/公报复核。
CN-231200,绥化市,黑龙江省,2018,core,provisional,SRC-CITY-PANEL-1990-2023,D,needs_review,公开研究型城市面板；字段口径与来源链条未完全公开，作为 provisional 暂存值，待官方年鉴/公报复核。
CN-232700,大兴安岭地区,黑龙江省,2018,extended,not_collected,,,needs_collection,未取得可审计的公开数值，保留 null，后续进入采集队列。
CN-530100,昆明市,云南省,2019,core,provisional,SRC-CITY-PANEL-1990-2023,D,needs_review,公开研究型城市面板；字段口径与来源链条未完全公开，作为 provisional 暂存值，待官方年鉴/公报复核。
CN-530400,玉溪市,云南省,2019,core,provisional,SRC-CITY-PANEL-1990-2023,D,needs_review,公开研究型城市面板；字段口径与来源链条未完全公开，作为 provisional 暂存值，待官方年鉴/公报复核。
CN-530700,丽江市,云南省,2019,core,provisional,SRC-CITY-PANEL-1990-2023,D,needs_review,公开研究型城市面板；字段口径与来源链条未完全公开，作为 provisional 暂存值，待官方年鉴/公报复核。
CN-530800,普洱市,云南省,2019,core,provisional,SRC-CITY-PANEL-1990-2023,D,needs_review,公开研究型城市面板；字段口径与来源链条未完全公开，作为 provisional 暂存值，待官方年鉴/公报复核。
CN-530900,临沧市,云南省,2019,core,provisional,SRC-CITY-PANEL-1990-2023,D,needs_review,公开研究型城市面板；字段口径与来源链条未完全公开，作为 provisional 暂存值，待官方年鉴/公报复核。
CN-532500,红河哈尼族彝族自治州,云南省,2019,extended,not_collected,,,needs_collection,未取得可审计的公开数值，保留 null，后续进入采集队列。
CN-532600,文山壮族苗族自治州,云南省,2019,extended,not_collected,,,needs_collection,未取得可审计的公开数值，保留 null，后续进入采集队列。
CN-532800,西双版纳傣族自治州,云南省,2019,extended,not_collected,,,needs_collection,未取得可审计的公开数值，保留 null，后续进入采集队列。
CN-532900,大理白族自治州,云南省,2019,extended,not_collected,,,needs_collection,未取得可审计的公开数值，保留 null，后续进入采集队列。
CN-533100,德宏傣族景颇族自治州,云南省,2019,extended,not_collected,,,needs_collection,未取得可审计的公开数值，保留 null，后续进入采集队列。
CN-533300,怒江傈僳族自治州,云南省,2019,extended,not_collected,,,needs_collection,未取得可审计的公开数值，保留 null，后续进入采集队列。
CN-533400,迪庆藏族自治州,云南省,2019,extended,not_collected,,,needs_collection,未取得可审计的公开数值，保留 null，后续进入采集队列。
CN-150200,包头市,内蒙古自治区,2019,core,provisional,SRC-CITY-PANEL-1990-2023,D,needs_review,公开研究型城市面板；字段口径与来源链条未完全公开，作为 provisional 暂存值，待官方年鉴/公报复核。
CN-152500,锡林郭勒盟,内蒙古自治区,2019,extended,not_collected,,,needs_collection,未取得可审计的公开数值，保留 null，后续进入采集队列。
CN-110000,北京市,北京市,2019,separate,provisional,SRC-CITY-PANEL-1990-2023,D,needs_review,公开研究型城市面板；字段口径与来源链条未完全公开，作为 provisional 暂存值，待官方年鉴/公报复核。
CN-510100,成都市,四川省,2019,core,provisional,SRC-CITY-PANEL-1990-2023,D,needs_review,公开研究型城市面板；字段口径与来源链条未完全公开，作为 provisional 暂存值，待官方年鉴/公报复核。
CN-510400,攀枝花市,四川省,2019,core,provisional,SRC-CITY-PANEL-1990-2023,D,needs_review,公开研究型城市面板；字段口径与来源链条未完全公开，作为 provisional 暂存值，待官方年鉴/公报复核。
CN-511000,内江市,四川省,2019,core,provisional,SRC-CITY-PANEL-1990-2023,D,needs_review,公开研究型城市面板；字段口径与来源链条未完全公开，作为 provisional 暂存值，待官方年鉴/公报复核。
CN-511400,眉山市,四川省,2019,core,provisional,SRC-CITY-PANEL-1990-2023,D,needs_review,公开研究型城市面板；字段口径与来源链条未完全公开，作为 provisional 暂存值，待官方年鉴/公报复核。
CN-512000,资阳市,四川省,2019,core,provisional,SRC-CITY-PANEL-1990-2023,D,needs_review,公开研究型城市面板；字段口径与来源链条未完全公开，作为 provisional 暂存值，待官方年鉴/公报复核。
CN-513200,阿坝藏族羌族自治州,四川省,2019,extended,not_collected,,,needs_collection,未取得可审计的公开数值，保留 null，后续进入采集队列。
CN-513300,甘孜藏族自治州,四川省,2019,extended,not_collected,,,needs_collection,未取得可审计的公开数值，保留 null，后续进入采集队列。
CN-513400,凉山彝族自治州,四川省,2019,extended,not_collected,,,needs_collection,未取得可审计的公开数值，保留 null，后续进入采集队列。
CN-120000,天津市,天津市,2019,separate,provisional,SRC-CITY-PANEL-1990-2023,D,needs_review,公开研究型城市面板；字段口径与来源链条未完全公开，作为 provisional 暂存值，待官方年鉴/公报复核。
CN-340100,合肥市,安徽省,2019,core,provisional,SRC-CITY-PANEL-1990-2023,D,needs_review,公开研究型城市面板；字段口径与来源链条未完全公开，作为 provisional 暂存值，待官方年鉴/公报复核。
CN-340200,芜湖市,安徽省,2019,core,provisional,SRC-CITY-PANEL-1990-2023,D,needs_review,公开研究型城市面板；字段口径与来源链条未完全公开，作为 provisional 暂存值，待官方年鉴/公报复核。
CN-340300,蚌埠市,安徽省,2019,core,provisional,SRC-CITY-PANEL-1990-2023,D,needs_review,公开研究型城市面板；字段口径与来源链条未完全公开，作为 provisional 暂存值，待官方年鉴/公报复核。
CN-340400,淮南市,安徽省,2019,core,provisional,SRC-CITY-PANEL-1990-2023,D,needs_review,公开研究型城市面板；字段口径与来源链条未完全公开，作为 provisional 暂存值，待官方年鉴/公报复核。
CN-340500,马鞍山市,安徽省,2019,core,provisional,SRC-CITY-PANEL-1990-2023,D,needs_review,公开研究型城市面板；字段口径与来源链条未完全公开，作为 provisional 暂存值，待官方年鉴/公报复核。
CN-340600,淮北市,安徽省,2019,core,provisional,SRC-CITY-PANEL-1990-2023,D,needs_review,公开研究型城市面板；字段口径与来源链条未完全公开，作为 provisional 暂存值，待官方年鉴/公报复核。
CN-340700,铜陵市,安徽省,2019,core,provisional,SRC-CITY-PANEL-1990-2023,D,needs_review,公开研究型城市面板；字段口径与来源链条未完全公开，作为 provisional 暂存值，待官方年鉴/公报复核。
CN-340800,安庆市,安徽省,2019,core,provisional,SRC-CITY-PANEL-1990-2023,D,needs_review,公开研究型城市面板；字段口径与来源链条未完全公开，作为 provisional 暂存值，待官方年鉴/公报复核。
CN-341000,黄山市,安徽省,2019,core,provisional,SRC-CITY-PANEL-1990-2023,D,needs_review,公开研究型城市面板；字段口径与来源链条未完全公开，作为 provisional 暂存值，待官方年鉴/公报复核。
CN-341100,滁州市,安徽省,2019,core,provisional,SRC-CITY-PANEL-1990-2023,D,needs_review,公开研究型城市面板；字段口径与来源链条未完全公开，作为 provisional 暂存值，待官方年鉴/公报复核。
CN-341200,阜阳市,安徽省,2019,core,provisional,SRC-CITY-PANEL-1990-2023,D,needs_review,公开研究型城市面板；字段口径与来源链条未完全公开，作为 provisional 暂存值，待官方年鉴/公报复核。
CN-341300,宿州市,安徽省,2019,core,provisional,SRC-CITY-PANEL-1990-2023,D,needs_review,公开研究型城市面板；字段口径与来源链条未完全公开，作为 provisional 暂存值，待官方年鉴/公报复核。
CN-341500,六安市,安徽省,2019,core,provisional,SRC-CITY-PANEL-1990-2023,D,needs_review,公开研究型城市面板；字段口径与来源链条未完全公开，作为 provisional 暂存值，待官方年鉴/公报复核。
CN-341600,亳州市,安徽省,2019,core,provisional,SRC-CITY-PANEL-1990-2023,D,needs_review,公开研究型城市面板；字段口径与来源链条未完全公开，作为 provisional 暂存值，待官方年鉴/公报复核。
CN-341700,池州市,安徽省,2019,core,provisional,SRC-CITY-PANEL-1990-2023,D,needs_review,公开研究型城市面板；字段口径与来源链条未完全公开，作为 provisional 暂存值，待官方年鉴/公报复核。
CN-341800,宣城市,安徽省,2019,core,provisional,SRC-CITY-PANEL-1990-2023,D,needs_review,公开研究型城市面板；字段口径与来源链条未完全公开，作为 provisional 暂存值，待官方年鉴/公报复核。
CN-370100,济南市,山东省,2019,core,provisional,SRC-CITY-PANEL-1990-2023,D,needs_review,公开研究型城市面板；字段口径与来源链条未完全公开，作为 provisional 暂存值，待官方年鉴/公报复核。
CN-370300,淄博市,山东省,2019,core,provisional,SRC-CITY-PANEL-1990-2023,D,needs_review,公开研究型城市面板；字段口径与来源链条未完全公开，作为 provisional 暂存值，待官方年鉴/公报复核。
CN-370400,枣庄市,山东省,2019,core,provisional,SRC-CITY-PANEL-1990-2023,D,needs_review,公开研究型城市面板；字段口径与来源链条未完全公开，作为 provisional 暂存值，待官方年鉴/公报复核。
CN-370500,东营市,山东省,2019,core,provisional,SRC-CITY-PANEL-1990-2023,D,needs_review,公开研究型城市面板；字段口径与来源链条未完全公开，作为 provisional 暂存值，待官方年鉴/公报复核。
CN-370600,烟台市,山东省,2019,core,provisional,SRC-CITY-PANEL-1990-2023,D,needs_review,公开研究型城市面板；字段口径与来源链条未完全公开，作为 provisional 暂存值，待官方年鉴/公报复核。
CN-370700,潍坊市,山东省,2019,core,provisional,SRC-CITY-PANEL-1990-2023,D,needs_review,公开研究型城市面板；字段口径与来源链条未完全公开，作为 provisional 暂存值，待官方年鉴/公报复核。
CN-370800,济宁市,山东省,2019,core,provisional,SRC-CITY-PANEL-1990-2023,D,needs_review,公开研究型城市面板；字段口径与来源链条未完全公开，作为 provisional 暂存值，待官方年鉴/公报复核。
CN-370900,泰安市,山东省,2019,core,provisional,SRC-CITY-PANEL-1990-2023,D,needs_review,公开研究型城市面板；字段口径与来源链条未完全公开，作为 provisional 暂存值，待官方年鉴/公报复核。
CN-371000,威海市,山东省,2019,core,provisional,SRC-CITY-PANEL-1990-2023,D,needs_review,公开研究型城市面板；字段口径与来源链条未完全公开，作为 provisional 暂存值，待官方年鉴/公报复核。
CN-371100,日照市,山东省,2019,core,provisional,SRC-CITY-PANEL-1990-2023,D,needs_review,公开研究型城市面板；字段口径与来源链条未完全公开，作为 provisional 暂存值，待官方年鉴/公报复核。
CN-371200,莱芜市,山东省,2019,core,provisional,SRC-CITY-PANEL-1990-2023,D,needs_review,公开研究型城市面板；字段口径与来源链条未完全公开，作为 provisional 暂存值，待官方年鉴/公报复核。
CN-371300,临沂市,山东省,2019,core,provisional,SRC-CITY-PANEL-1990-2023,D,needs_review,公开研究型城市面板；字段口径与来源链条未完全公开，作为 provisional 暂存值，待官方年鉴/公报复核。
CN-371400,德州市,山东省,2019,core,provisional,SRC-CITY-PANEL-1990-2023,D,needs_review,公开研究型城市面板；字段口径与来源链条未完全公开，作为 provisional 暂存值，待官方年鉴/公报复核。
CN-371500,聊城市,山东省,2019,core,provisional,SRC-CITY-PANEL-1990-2023,D,needs_review,公开研究型城市面板；字段口径与来源链条未完全公开，作为 provisional 暂存值，待官方年鉴/公报复核。
CN-371600,滨州市,山东省,2019,core,provisional,SRC-CITY-PANEL-1990-2023,D,needs_review,公开研究型城市面板；字段口径与来源链条未完全公开，作为 provisional 暂存值，待官方年鉴/公报复核。
CN-371700,菏泽市,山东省,2019,core,provisional,SRC-CITY-PANEL-1990-2023,D,needs_review,公开研究型城市面板；字段口径与来源链条未完全公开，作为 provisional 暂存值，待官方年鉴/公报复核。
CN-140100,太原市,山西省,2019,core,provisional,SRC-CITY-PANEL-1990-2023,D,needs_review,公开研究型城市面板；字段口径与来源链条未完全公开，作为 provisional 暂存值，待官方年鉴/公报复核。
CN-140200,大同市,山西省,2019,core,provisional,SRC-CITY-PANEL-1990-2023,D,needs_review,公开研究型城市面板；字段口径与来源链条未完全公开，作为 provisional 暂存值，待官方年鉴/公报复核。
CN-140300,阳泉市,山西省,2019,core,provisional,SRC-CITY-PANEL-1990-2023,D,needs_review,公开研究型城市面板；字段口径与来源链条未完全公开，作为 provisional 暂存值，待官方年鉴/公报复核。
CN-140400,长治市,山西省,2019,core,provisional,SRC-CITY-PANEL-1990-2023,D,needs_review,公开研究型城市面板；字段口径与来源链条未完全公开，作为 provisional 暂存值，待官方年鉴/公报复核。
CN-140500,晋城市,山西省,2019,core,provisional,SRC-CITY-PANEL-1990-2023,D,needs_review,公开研究型城市面板；字段口径与来源链条未完全公开，作为 provisional 暂存值，待官方年鉴/公报复核。
CN-140600,朔州市,山西省,2019,core,provisional,SRC-CITY-PANEL-1990-2023,D,needs_review,公开研究型城市面板；字段口径与来源链条未完全公开，作为 provisional 暂存值，待官方年鉴/公报复核。
CN-140700,晋中市,山西省,2019,core,provisional,SRC-CITY-PANEL-1990-2023,D,needs_review,公开研究型城市面板；字段口径与来源链条未完全公开，作为 provisional 暂存值，待官方年鉴/公报复核。
CN-140800,运城市,山西省,2019,core,provisional,SRC-CITY-PANEL-1990-2023,D,needs_review,公开研究型城市面板；字段口径与来源链条未完全公开，作为 provisional 暂存值，待官方年鉴/公报复核。
CN-140900,忻州市,山西省,2019,core,provisional,SRC-CITY-PANEL-1990-2023,D,needs_review,公开研究型城市面板；字段口径与来源链条未完全公开，作为 provisional 暂存值，待官方年鉴/公报复核。
CN-141000,临汾市,山西省,2019,core,provisional,SRC-CITY-PANEL-1990-2023,D,needs_review,公开研究型城市面板；字段口径与来源链条未完全公开，作为 provisional 暂存值，待官方年鉴/公报复核。
CN-141100,吕梁市,山西省,2019,core,provisional,SRC-CITY-PANEL-1990-2023,D,needs_review,公开研究型城市面板；字段口径与来源链条未完全公开，作为 provisional 暂存值，待官方年鉴/公报复核。
CN-450100,南宁市,广西壮族自治区,2019,core,provisional,SRC-CITY-PANEL-1990-2023,D,needs_review,公开研究型城市面板；字段口径与来源链条未完全公开，作为 provisional 暂存值，待官方年鉴/公报复核。
CN-450200,柳州市,广西壮族自治区,2019,core,provisional,SRC-CITY-PANEL-1990-2023,D,needs_review,公开研究型城市面板；字段口径与来源链条未完全公开，作为 provisional 暂存值，待官方年鉴/公报复核。
CN-450300,桂林市,广西壮族自治区,2019,core,provisional,SRC-CITY-PANEL-1990-2023,D,needs_review,公开研究型城市面板；字段口径与来源链条未完全公开，作为 provisional 暂存值，待官方年鉴/公报复核。
CN-450400,梧州市,广西壮族自治区,2019,core,provisional,SRC-CITY-PANEL-1990-2023,D,needs_review,公开研究型城市面板；字段口径与来源链条未完全公开，作为 provisional 暂存值，待官方年鉴/公报复核。
CN-450500,北海市,广西壮族自治区,2019,core,provisional,SRC-CITY-PANEL-1990-2023,D,needs_review,公开研究型城市面板；字段口径与来源链条未完全公开，作为 provisional 暂存值，待官方年鉴/公报复核。
CN-450600,防城港市,广西壮族自治区,2019,core,provisional,SRC-CITY-PANEL-1990-2023,D,needs_review,公开研究型城市面板；字段口径与来源链条未完全公开，作为 provisional 暂存值，待官方年鉴/公报复核。
CN-450700,钦州市,广西壮族自治区,2019,core,provisional,SRC-CITY-PANEL-1990-2023,D,needs_review,公开研究型城市面板；字段口径与来源链条未完全公开，作为 provisional 暂存值，待官方年鉴/公报复核。
CN-450800,贵港市,广西壮族自治区,2019,core,provisional,SRC-CITY-PANEL-1990-2023,D,needs_review,公开研究型城市面板；字段口径与来源链条未完全公开，作为 provisional 暂存值，待官方年鉴/公报复核。
CN-450900,玉林市,广西壮族自治区,2019,core,provisional,SRC-CITY-PANEL-1990-2023,D,needs_review,公开研究型城市面板；字段口径与来源链条未完全公开，作为 provisional 暂存值，待官方年鉴/公报复核。
CN-451000,百色市,广西壮族自治区,2019,core,provisional,SRC-CITY-PANEL-1990-2023,D,needs_review,公开研究型城市面板；字段口径与来源链条未完全公开，作为 provisional 暂存值，待官方年鉴/公报复核。
CN-451200,河池市,广西壮族自治区,2019,core,provisional,SRC-CITY-PANEL-1990-2023,D,needs_review,公开研究型城市面板；字段口径与来源链条未完全公开，作为 provisional 暂存值，待官方年鉴/公报复核。
CN-451400,崇左市,广西壮族自治区,2019,core,provisional,SRC-CITY-PANEL-1990-2023,D,needs_review,公开研究型城市面板；字段口径与来源链条未完全公开，作为 provisional 暂存值，待官方年鉴/公报复核。
CN-659000,自治区直辖县级行政区划,新疆维吾尔自治区,2019,core,not_collected,,,needs_collection,未取得可审计的公开数值，保留 null，后续进入采集队列。
CN-320100,南京市,江苏省,2019,core,provisional,SRC-CITY-PANEL-1990-2023,D,needs_review,公开研究型城市面板；字段口径与来源链条未完全公开，作为 provisional 暂存值，待官方年鉴/公报复核。
CN-320200,无锡市,江苏省,2019,core,provisional,SRC-CITY-PANEL-1990-2023,D,needs_review,公开研究型城市面板；字段口径与来源链条未完全公开，作为 provisional 暂存值，待官方年鉴/公报复核。
CN-320300,徐州市,江苏省,2019,core,provisional,SRC-CITY-PANEL-1990-2023,D,needs_review,公开研究型城市面板；字段口径与来源链条未完全公开，作为 provisional 暂存值，待官方年鉴/公报复核。
CN-320400,常州市,江苏省,2019,core,provisional,SRC-CITY-PANEL-1990-2023,D,needs_review,公开研究型城市面板；字段口径与来源链条未完全公开，作为 provisional 暂存值，待官方年鉴/公报复核。
CN-320500,苏州市,江苏省,2019,core,provisional,SRC-CITY-PANEL-1990-2023,D,needs_review,公开研究型城市面板；字段口径与来源链条未完全公开，作为 provisional 暂存值，待官方年鉴/公报复核。
CN-320600,南通市,江苏省,2019,core,provisional,SRC-CITY-PANEL-1990-2023,D,needs_review,公开研究型城市面板；字段口径与来源链条未完全公开，作为 provisional 暂存值，待官方年鉴/公报复核。
CN-320700,连云港市,江苏省,2019,core,provisional,SRC-CITY-PANEL-1990-2023,D,needs_review,公开研究型城市面板；字段口径与来源链条未完全公开，作为 provisional 暂存值，待官方年鉴/公报复核。
CN-320800,淮安市,江苏省,2019,core,provisional,SRC-CITY-PANEL-1990-2023,D,needs_review,公开研究型城市面板；字段口径与来源链条未完全公开，作为 provisional 暂存值，待官方年鉴/公报复核。
CN-320900,盐城市,江苏省,2019,core,provisional,SRC-CITY-PANEL-1990-2023,D,needs_review,公开研究型城市面板；字段口径与来源链条未完全公开，作为 provisional 暂存值，待官方年鉴/公报复核。
CN-321000,扬州市,江苏省,2019,core,provisional,SRC-CITY-PANEL-1990-2023,D,needs_review,公开研究型城市面板；字段口径与来源链条未完全公开，作为 provisional 暂存值，待官方年鉴/公报复核。
CN-321100,镇江市,江苏省,2019,core,provisional,SRC-CITY-PANEL-1990-2023,D,needs_review,公开研究型城市面板；字段口径与来源链条未完全公开，作为 provisional 暂存值，待官方年鉴/公报复核。
CN-321200,泰州市,江苏省,2019,core,provisional,SRC-CITY-PANEL-1990-2023,D,needs_review,公开研究型城市面板；字段口径与来源链条未完全公开，作为 provisional 暂存值，待官方年鉴/公报复核。
CN-321300,宿迁市,江苏省,2019,core,provisional,SRC-CITY-PANEL-1990-2023,D,needs_review,公开研究型城市面板；字段口径与来源链条未完全公开，作为 provisional 暂存值，待官方年鉴/公报复核。
CN-360100,南昌市,江西省,2019,core,provisional,SRC-CITY-PANEL-1990-2023,D,needs_review,公开研究型城市面板；字段口径与来源链条未完全公开，作为 provisional 暂存值，待官方年鉴/公报复核。
CN-360200,景德镇市,江西省,2019,core,provisional,SRC-CITY-PANEL-1990-2023,D,needs_review,公开研究型城市面板；字段口径与来源链条未完全公开，作为 provisional 暂存值，待官方年鉴/公报复核。
CN-360300,萍乡市,江西省,2019,core,provisional,SRC-CITY-PANEL-1990-2023,D,needs_review,公开研究型城市面板；字段口径与来源链条未完全公开，作为 provisional 暂存值，待官方年鉴/公报复核。
CN-360400,九江市,江西省,2019,core,provisional,SRC-CITY-PANEL-1990-2023,D,needs_review,公开研究型城市面板；字段口径与来源链条未完全公开，作为 provisional 暂存值，待官方年鉴/公报复核。
CN-360500,新余市,江西省,2019,core,provisional,SRC-CITY-PANEL-1990-2023,D,needs_review,公开研究型城市面板；字段口径与来源链条未完全公开，作为 provisional 暂存值，待官方年鉴/公报复核。
CN-360600,鹰潭市,江西省,2019,core,provisional,SRC-CITY-PANEL-1990-2023,D,needs_review,公开研究型城市面板；字段口径与来源链条未完全公开，作为 provisional 暂存值，待官方年鉴/公报复核。
CN-360700,赣州市,江西省,2019,core,provisional,SRC-CITY-PANEL-1990-2023,D,needs_review,公开研究型城市面板；字段口径与来源链条未完全公开，作为 provisional 暂存值，待官方年鉴/公报复核。
CN-360800,吉安市,江西省,2019,core,provisional,SRC-CITY-PANEL-1990-2023,D,needs_review,公开研究型城市面板；字段口径与来源链条未完全公开，作为 provisional 暂存值，待官方年鉴/公报复核。
CN-360900,宜春市,江西省,2019,core,provisional,SRC-CITY-PANEL-1990-2023,D,needs_review,公开研究型城市面板；字段口径与来源链条未完全公开，作为 provisional 暂存值，待官方年鉴/公报复核。
CN-361000,抚州市,江西省,2019,core,provisional,SRC-CITY-PANEL-1990-2023,D,needs_review,公开研究型城市面板；字段口径与来源链条未完全公开，作为 provisional 暂存值，待官方年鉴/公报复核。
CN-361100,上饶市,江西省,2019,core,provisional,SRC-CITY-PANEL-1990-2023,D,needs_review,公开研究型城市面板；字段口径与来源链条未完全公开，作为 provisional 暂存值，待官方年鉴/公报复核。
CN-130100,石家庄市,河北省,2019,core,provisional,SRC-CITY-PANEL-1990-2023,D,needs_review,公开研究型城市面板；字段口径与来源链条未完全公开，作为 provisional 暂存值，待官方年鉴/公报复核。
CN-130200,唐山市,河北省,2019,core,provisional,SRC-CITY-PANEL-1990-2023,D,needs_review,公开研究型城市面板；字段口径与来源链条未完全公开，作为 provisional 暂存值，待官方年鉴/公报复核。
CN-130300,秦皇岛市,河北省,2019,core,provisional,SRC-CITY-PANEL-1990-2023,D,needs_review,公开研究型城市面板；字段口径与来源链条未完全公开，作为 provisional 暂存值，待官方年鉴/公报复核。
CN-130400,邯郸市,河北省,2019,core,provisional,SRC-CITY-PANEL-1990-2023,D,needs_review,公开研究型城市面板；字段口径与来源链条未完全公开，作为 provisional 暂存值，待官方年鉴/公报复核。
CN-130500,邢台市,河北省,2019,core,provisional,SRC-CITY-PANEL-1990-2023,D,needs_review,公开研究型城市面板；字段口径与来源链条未完全公开，作为 provisional 暂存值，待官方年鉴/公报复核。
CN-130600,保定市,河北省,2019,core,provisional,SRC-CITY-PANEL-1990-2023,D,needs_review,公开研究型城市面板；字段口径与来源链条未完全公开，作为 provisional 暂存值，待官方年鉴/公报复核。
CN-130700,张家口市,河北省,2019,core,provisional,SRC-CITY-PANEL-1990-2023,D,needs_review,公开研究型城市面板；字段口径与来源链条未完全公开，作为 provisional 暂存值，待官方年鉴/公报复核。
CN-130900,沧州市,河北省,2019,core,provisional,SRC-CITY-PANEL-1990-2023,D,needs_review,公开研究型城市面板；字段口径与来源链条未完全公开，作为 provisional 暂存值，待官方年鉴/公报复核。
CN-131000,廊坊市,河北省,2019,core,provisional,SRC-CITY-PANEL-1990-2023,D,needs_review,公开研究型城市面板；字段口径与来源链条未完全公开，作为 provisional 暂存值，待官方年鉴/公报复核。
CN-131100,衡水市,河北省,2019,core,provisional,SRC-CITY-PANEL-1990-2023,D,needs_review,公开研究型城市面板；字段口径与来源链条未完全公开，作为 provisional 暂存值，待官方年鉴/公报复核。
CN-410100,郑州市,河南省,2019,core,provisional,SRC-CITY-PANEL-1990-2023,D,needs_review,公开研究型城市面板；字段口径与来源链条未完全公开，作为 provisional 暂存值，待官方年鉴/公报复核。
CN-410200,开封市,河南省,2019,core,provisional,SRC-CITY-PANEL-1990-2023,D,needs_review,公开研究型城市面板；字段口径与来源链条未完全公开，作为 provisional 暂存值，待官方年鉴/公报复核。
CN-410300,洛阳市,河南省,2019,core,provisional,SRC-CITY-PANEL-1990-2023,D,needs_review,公开研究型城市面板；字段口径与来源链条未完全公开，作为 provisional 暂存值，待官方年鉴/公报复核。
CN-410400,平顶山市,河南省,2019,core,provisional,SRC-CITY-PANEL-1990-2023,D,needs_review,公开研究型城市面板；字段口径与来源链条未完全公开，作为 provisional 暂存值，待官方年鉴/公报复核。
CN-410500,安阳市,河南省,2019,core,provisional,SRC-CITY-PANEL-1990-2023,D,needs_review,公开研究型城市面板；字段口径与来源链条未完全公开，作为 provisional 暂存值，待官方年鉴/公报复核。
CN-410600,鹤壁市,河南省,2019,core,provisional,SRC-CITY-PANEL-1990-2023,D,needs_review,公开研究型城市面板；字段口径与来源链条未完全公开，作为 provisional 暂存值，待官方年鉴/公报复核。
CN-410700,新乡市,河南省,2019,core,provisional,SRC-CITY-PANEL-1990-2023,D,needs_review,公开研究型城市面板；字段口径与来源链条未完全公开，作为 provisional 暂存值，待官方年鉴/公报复核。
CN-410800,焦作市,河南省,2019,core,provisional,SRC-CITY-PANEL-1990-2023,D,needs_review,公开研究型城市面板；字段口径与来源链条未完全公开，作为 provisional 暂存值，待官方年鉴/公报复核。
CN-410900,濮阳市,河南省,2019,core,provisional,SRC-CITY-PANEL-1990-2023,D,needs_review,公开研究型城市面板；字段口径与来源链条未完全公开，作为 provisional 暂存值，待官方年鉴/公报复核。
CN-411000,许昌市,河南省,2019,core,provisional,SRC-CITY-PANEL-1990-2023,D,needs_review,公开研究型城市面板；字段口径与来源链条未完全公开，作为 provisional 暂存值，待官方年鉴/公报复核。
CN-411100,漯河市,河南省,2019,core,provisional,SRC-CITY-PANEL-1990-2023,D,needs_review,公开研究型城市面板；字段口径与来源链条未完全公开，作为 provisional 暂存值，待官方年鉴/公报复核。
CN-411200,三门峡市,河南省,2019,core,provisional,SRC-CITY-PANEL-1990-2023,D,needs_review,公开研究型城市面板；字段口径与来源链条未完全公开，作为 provisional 暂存值，待官方年鉴/公报复核。
CN-411300,南阳市,河南省,2019,core,provisional,SRC-CITY-PANEL-1990-2023,D,needs_review,公开研究型城市面板；字段口径与来源链条未完全公开，作为 provisional 暂存值，待官方年鉴/公报复核。
CN-411400,商丘市,河南省,2019,core,provisional,SRC-CITY-PANEL-1990-2023,D,needs_review,公开研究型城市面板；字段口径与来源链条未完全公开，作为 provisional 暂存值，待官方年鉴/公报复核。
CN-411500,信阳市,河南省,2019,core,provisional,SRC-CITY-PANEL-1990-2023,D,needs_review,公开研究型城市面板；字段口径与来源链条未完全公开，作为 provisional 暂存值，待官方年鉴/公报复核。
CN-411600,周口市,河南省,2019,core,provisional,SRC-CITY-PANEL-1990-2023,D,needs_review,公开研究型城市面板；字段口径与来源链条未完全公开，作为 provisional 暂存值，待官方年鉴/公报复核。
CN-411700,驻马店市,河南省,2019,core,provisional,SRC-CITY-PANEL-1990-2023,D,needs_review,公开研究型城市面板；字段口径与来源链条未完全公开，作为 provisional 暂存值，待官方年鉴/公报复核。
CN-419000,省直辖县级行政区划,河南省,2019,core,not_collected,,,needs_collection,未取得可审计的公开数值，保留 null，后续进入采集队列。
CN-330100,杭州市,浙江省,2019,core,provisional,SRC-CITY-PANEL-1990-2023,D,needs_review,公开研究型城市面板；字段口径与来源链条未完全公开，作为 provisional 暂存值，待官方年鉴/公报复核。
CN-330300,温州市,浙江省,2019,core,provisional,SRC-CITY-PANEL-1990-2023,D,needs_review,公开研究型城市面板；字段口径与来源链条未完全公开，作为 provisional 暂存值，待官方年鉴/公报复核。
CN-330400,嘉兴市,浙江省,2019,core,provisional,SRC-CITY-PANEL-1990-2023,D,needs_review,公开研究型城市面板；字段口径与来源链条未完全公开，作为 provisional 暂存值，待官方年鉴/公报复核。
CN-330500,湖州市,浙江省,2019,core,provisional,SRC-CITY-PANEL-1990-2023,D,needs_review,公开研究型城市面板；字段口径与来源链条未完全公开，作为 provisional 暂存值，待官方年鉴/公报复核。
CN-330600,绍兴市,浙江省,2019,core,provisional,SRC-CITY-PANEL-1990-2023,D,needs_review,公开研究型城市面板；字段口径与来源链条未完全公开，作为 provisional 暂存值，待官方年鉴/公报复核。
CN-330700,金华市,浙江省,2019,core,provisional,SRC-CITY-PANEL-1990-2023,D,needs_review,公开研究型城市面板；字段口径与来源链条未完全公开，作为 provisional 暂存值，待官方年鉴/公报复核。
CN-330800,衢州市,浙江省,2019,core,provisional,SRC-CITY-PANEL-1990-2023,D,needs_review,公开研究型城市面板；字段口径与来源链条未完全公开，作为 provisional 暂存值，待官方年鉴/公报复核。
CN-330900,舟山市,浙江省,2019,core,provisional,SRC-CITY-PANEL-1990-2023,D,needs_review,公开研究型城市面板；字段口径与来源链条未完全公开，作为 provisional 暂存值，待官方年鉴/公报复核。
CN-331000,台州市,浙江省,2019,core,provisional,SRC-CITY-PANEL-1990-2023,D,needs_review,公开研究型城市面板；字段口径与来源链条未完全公开，作为 provisional 暂存值，待官方年鉴/公报复核。
CN-331100,丽水市,浙江省,2019,core,provisional,SRC-CITY-PANEL-1990-2023,D,needs_review,公开研究型城市面板；字段口径与来源链条未完全公开，作为 provisional 暂存值，待官方年鉴/公报复核。
CN-460100,海口市,海南省,2019,core,provisional,SRC-CITY-PANEL-1990-2023,D,needs_review,公开研究型城市面板；字段口径与来源链条未完全公开，作为 provisional 暂存值，待官方年鉴/公报复核。
CN-460200,三亚市,海南省,2019,core,provisional,SRC-CITY-PANEL-1990-2023,D,needs_review,公开研究型城市面板；字段口径与来源链条未完全公开，作为 provisional 暂存值，待官方年鉴/公报复核。
CN-460300,三沙市,海南省,2019,core,provisional,SRC-CITY-PANEL-1990-2023,D,needs_review,公开研究型城市面板；字段口径与来源链条未完全公开，作为 provisional 暂存值，待官方年鉴/公报复核。
CN-460400,儋州市,海南省,2019,core,provisional,SRC-CITY-PANEL-1990-2023,D,needs_review,公开研究型城市面板；字段口径与来源链条未完全公开，作为 provisional 暂存值，待官方年鉴/公报复核。
CN-469000,省直辖县级行政区划,海南省,2019,core,not_collected,,,needs_collection,未取得可审计的公开数值，保留 null，后续进入采集队列。
CN-420100,武汉市,湖北省,2019,core,provisional,SRC-CITY-PANEL-1990-2023,D,needs_review,公开研究型城市面板；字段口径与来源链条未完全公开，作为 provisional 暂存值，待官方年鉴/公报复核。
CN-420200,黄石市,湖北省,2019,core,provisional,SRC-CITY-PANEL-1990-2023,D,needs_review,公开研究型城市面板；字段口径与来源链条未完全公开，作为 provisional 暂存值，待官方年鉴/公报复核。
CN-420500,宜昌市,湖北省,2019,core,provisional,SRC-CITY-PANEL-1990-2023,D,needs_review,公开研究型城市面板；字段口径与来源链条未完全公开，作为 provisional 暂存值，待官方年鉴/公报复核。
CN-420600,襄阳市,湖北省,2019,core,provisional,SRC-CITY-PANEL-1990-2023,D,needs_review,公开研究型城市面板；字段口径与来源链条未完全公开，作为 provisional 暂存值，待官方年鉴/公报复核。
CN-420700,鄂州市,湖北省,2019,core,provisional,SRC-CITY-PANEL-1990-2023,D,needs_review,公开研究型城市面板；字段口径与来源链条未完全公开，作为 provisional 暂存值，待官方年鉴/公报复核。
CN-420800,荆门市,湖北省,2019,core,provisional,SRC-CITY-PANEL-1990-2023,D,needs_review,公开研究型城市面板；字段口径与来源链条未完全公开，作为 provisional 暂存值，待官方年鉴/公报复核。
CN-421100,黄冈市,湖北省,2019,core,provisional,SRC-CITY-PANEL-1990-2023,D,needs_review,公开研究型城市面板；字段口径与来源链条未完全公开，作为 provisional 暂存值，待官方年鉴/公报复核。
CN-421300,随州市,湖北省,2019,core,provisional,SRC-CITY-PANEL-1990-2023,D,needs_review,公开研究型城市面板；字段口径与来源链条未完全公开，作为 provisional 暂存值，待官方年鉴/公报复核。
CN-422800,恩施土家族苗族自治州,湖北省,2019,extended,not_collected,,,needs_collection,未取得可审计的公开数值，保留 null，后续进入采集队列。
CN-429000,省直辖县级行政区划,湖北省,2019,core,not_collected,,,needs_collection,未取得可审计的公开数值，保留 null，后续进入采集队列。
CN-620300,金昌市,甘肃省,2019,core,provisional,SRC-CITY-PANEL-1990-2023,D,needs_review,公开研究型城市面板；字段口径与来源链条未完全公开，作为 provisional 暂存值，待官方年鉴/公报复核。
CN-620500,天水市,甘肃省,2019,core,provisional,SRC-CITY-PANEL-1990-2023,D,needs_review,公开研究型城市面板；字段口径与来源链条未完全公开，作为 provisional 暂存值，待官方年鉴/公报复核。
CN-620800,平凉市,甘肃省,2019,core,provisional,SRC-CITY-PANEL-1990-2023,D,needs_review,公开研究型城市面板；字段口径与来源链条未完全公开，作为 provisional 暂存值，待官方年鉴/公报复核。
CN-620900,酒泉市,甘肃省,2019,core,provisional,SRC-CITY-PANEL-1990-2023,D,needs_review,公开研究型城市面板；字段口径与来源链条未完全公开，作为 provisional 暂存值，待官方年鉴/公报复核。
CN-622900,临夏回族自治州,甘肃省,2019,extended,not_collected,,,needs_collection,未取得可审计的公开数值，保留 null，后续进入采集队列。
CN-623000,甘南藏族自治州,甘肃省,2019,extended,not_collected,,,needs_collection,未取得可审计的公开数值，保留 null，后续进入采集队列。
CN-350100,福州市,福建省,2019,core,provisional,SRC-CITY-PANEL-1990-2023,D,needs_review,公开研究型城市面板；字段口径与来源链条未完全公开，作为 provisional 暂存值，待官方年鉴/公报复核。
CN-350300,莆田市,福建省,2019,core,provisional,SRC-CITY-PANEL-1990-2023,D,needs_review,公开研究型城市面板；字段口径与来源链条未完全公开，作为 provisional 暂存值，待官方年鉴/公报复核。
CN-350400,三明市,福建省,2019,core,provisional,SRC-CITY-PANEL-1990-2023,D,needs_review,公开研究型城市面板；字段口径与来源链条未完全公开，作为 provisional 暂存值，待官方年鉴/公报复核。
CN-350500,泉州市,福建省,2019,core,provisional,SRC-CITY-PANEL-1990-2023,D,needs_review,公开研究型城市面板；字段口径与来源链条未完全公开，作为 provisional 暂存值，待官方年鉴/公报复核。
CN-350600,漳州市,福建省,2019,core,provisional,SRC-CITY-PANEL-1990-2023,D,needs_review,公开研究型城市面板；字段口径与来源链条未完全公开，作为 provisional 暂存值，待官方年鉴/公报复核。
CN-350700,南平市,福建省,2019,core,provisional,SRC-CITY-PANEL-1990-2023,D,needs_review,公开研究型城市面板；字段口径与来源链条未完全公开，作为 provisional 暂存值，待官方年鉴/公报复核。
CN-350800,龙岩市,福建省,2019,core,provisional,SRC-CITY-PANEL-1990-2023,D,needs_review,公开研究型城市面板；字段口径与来源链条未完全公开，作为 provisional 暂存值，待官方年鉴/公报复核。
CN-350900,宁德市,福建省,2019,core,provisional,SRC-CITY-PANEL-1990-2023,D,needs_review,公开研究型城市面板；字段口径与来源链条未完全公开，作为 provisional 暂存值，待官方年鉴/公报复核。
CN-540100,拉萨市,西藏自治区,2019,core,provisional,SRC-CITY-PANEL-1990-2023,D,needs_review,公开研究型城市面板；字段口径与来源链条未完全公开，作为 provisional 暂存值，待官方年鉴/公报复核。
CN-540200,日喀则市,西藏自治区,2019,core,provisional,SRC-CITY-PANEL-1990-2023,D,needs_review,公开研究型城市面板；字段口径与来源链条未完全公开，作为 provisional 暂存值，待官方年鉴/公报复核。
CN-540300,昌都市,西藏自治区,2019,core,provisional,SRC-CITY-PANEL-1990-2023,D,needs_review,公开研究型城市面板；字段口径与来源链条未完全公开，作为 provisional 暂存值，待官方年鉴/公报复核。
CN-540400,林芝市,西藏自治区,2019,core,provisional,SRC-CITY-PANEL-1990-2023,D,needs_review,公开研究型城市面板；字段口径与来源链条未完全公开，作为 provisional 暂存值，待官方年鉴/公报复核。
CN-540500,山南市,西藏自治区,2019,core,provisional,SRC-CITY-PANEL-1990-2023,D,needs_review,公开研究型城市面板；字段口径与来源链条未完全公开，作为 provisional 暂存值，待官方年鉴/公报复核。
CN-540600,那曲市,西藏自治区,2019,core,provisional,SRC-CITY-PANEL-1990-2023,D,needs_review,公开研究型城市面板；字段口径与来源链条未完全公开，作为 provisional 暂存值，待官方年鉴/公报复核。
CN-542500,阿里地区,西藏自治区,2019,extended,not_collected,,,needs_collection,未取得可审计的公开数值，保留 null，后续进入采集队列。
CN-500000,重庆市,重庆市,2019,separate,provisional,SRC-CITY-PANEL-1990-2023,D,needs_review,公开研究型城市面板；字段口径与来源链条未完全公开，作为 provisional 暂存值，待官方年鉴/公报复核。
CN-610100,西安市,陕西省,2019,core,provisional,SRC-CITY-PANEL-1990-2023,D,needs_review,公开研究型城市面板；字段口径与来源链条未完全公开，作为 provisional 暂存值，待官方年鉴/公报复核。
CN-610300,宝鸡市,陕西省,2019,core,provisional,SRC-CITY-PANEL-1990-2023,D,needs_review,公开研究型城市面板；字段口径与来源链条未完全公开，作为 provisional 暂存值，待官方年鉴/公报复核。
CN-610400,咸阳市,陕西省,2019,core,provisional,SRC-CITY-PANEL-1990-2023,D,needs_review,公开研究型城市面板；字段口径与来源链条未完全公开，作为 provisional 暂存值，待官方年鉴/公报复核。
CN-610500,渭南市,陕西省,2019,core,provisional,SRC-CITY-PANEL-1990-2023,D,needs_review,公开研究型城市面板；字段口径与来源链条未完全公开，作为 provisional 暂存值，待官方年鉴/公报复核。
CN-610600,延安市,陕西省,2019,core,provisional,SRC-CITY-PANEL-1990-2023,D,needs_review,公开研究型城市面板；字段口径与来源链条未完全公开，作为 provisional 暂存值，待官方年鉴/公报复核。
CN-610700,汉中市,陕西省,2019,core,provisional,SRC-CITY-PANEL-1990-2023,D,needs_review,公开研究型城市面板；字段口径与来源链条未完全公开，作为 provisional 暂存值，待官方年鉴/公报复核。
CN-611000,商洛市,陕西省,2019,core,provisional,SRC-CITY-PANEL-1990-2023,D,needs_review,公开研究型城市面板；字段口径与来源链条未完全公开，作为 provisional 暂存值，待官方年鉴/公报复核。
CN-230100,哈尔滨市,黑龙江省,2019,core,provisional,SRC-CITY-PANEL-1990-2023,D,needs_review,公开研究型城市面板；字段口径与来源链条未完全公开，作为 provisional 暂存值，待官方年鉴/公报复核。
CN-230200,齐齐哈尔市,黑龙江省,2019,core,provisional,SRC-CITY-PANEL-1990-2023,D,needs_review,公开研究型城市面板；字段口径与来源链条未完全公开，作为 provisional 暂存值，待官方年鉴/公报复核。
CN-230300,鸡西市,黑龙江省,2019,core,provisional,SRC-CITY-PANEL-1990-2023,D,needs_review,公开研究型城市面板；字段口径与来源链条未完全公开，作为 provisional 暂存值，待官方年鉴/公报复核。
CN-230400,鹤岗市,黑龙江省,2019,core,provisional,SRC-CITY-PANEL-1990-2023,D,needs_review,公开研究型城市面板；字段口径与来源链条未完全公开，作为 provisional 暂存值，待官方年鉴/公报复核。
CN-230500,双鸭山市,黑龙江省,2019,core,provisional,SRC-CITY-PANEL-1990-2023,D,needs_review,公开研究型城市面板；字段口径与来源链条未完全公开，作为 provisional 暂存值，待官方年鉴/公报复核。
CN-230600,大庆市,黑龙江省,2019,core,provisional,SRC-CITY-PANEL-1990-2023,D,needs_review,公开研究型城市面板；字段口径与来源链条未完全公开，作为 provisional 暂存值，待官方年鉴/公报复核。
CN-230700,伊春市,黑龙江省,2019,core,provisional,SRC-CITY-PANEL-1990-2023,D,needs_review,公开研究型城市面板；字段口径与来源链条未完全公开，作为 provisional 暂存值，待官方年鉴/公报复核。
CN-230800,佳木斯市,黑龙江省,2019,core,provisional,SRC-CITY-PANEL-1990-2023,D,needs_review,公开研究型城市面板；字段口径与来源链条未完全公开，作为 provisional 暂存值，待官方年鉴/公报复核。
CN-230900,七台河市,黑龙江省,2019,core,provisional,SRC-CITY-PANEL-1990-2023,D,needs_review,公开研究型城市面板；字段口径与来源链条未完全公开，作为 provisional 暂存值，待官方年鉴/公报复核。
CN-231000,牡丹江市,黑龙江省,2019,core,provisional,SRC-CITY-PANEL-1990-2023,D,needs_review,公开研究型城市面板；字段口径与来源链条未完全公开，作为 provisional 暂存值，待官方年鉴/公报复核。
CN-231100,黑河市,黑龙江省,2019,core,provisional,SRC-CITY-PANEL-1990-2023,D,needs_review,公开研究型城市面板；字段口径与来源链条未完全公开，作为 provisional 暂存值，待官方年鉴/公报复核。
CN-231200,绥化市,黑龙江省,2019,core,provisional,SRC-CITY-PANEL-1990-2023,D,needs_review,公开研究型城市面板；字段口径与来源链条未完全公开，作为 provisional 暂存值，待官方年鉴/公报复核。
CN-232700,大兴安岭地区,黑龙江省,2019,extended,not_collected,,,needs_collection,未取得可审计的公开数值，保留 null，后续进入采集队列。
CN-530100,昆明市,云南省,2020,core,provisional,SRC-CITY-PANEL-1990-2023,D,needs_review,公开研究型城市面板；字段口径与来源链条未完全公开，作为 provisional 暂存值，待官方年鉴/公报复核。
CN-530400,玉溪市,云南省,2020,core,provisional,SRC-CITY-PANEL-1990-2023,D,needs_review,公开研究型城市面板；字段口径与来源链条未完全公开，作为 provisional 暂存值，待官方年鉴/公报复核。
CN-530700,丽江市,云南省,2020,core,provisional,SRC-CITY-PANEL-1990-2023,D,needs_review,公开研究型城市面板；字段口径与来源链条未完全公开，作为 provisional 暂存值，待官方年鉴/公报复核。
CN-530800,普洱市,云南省,2020,core,provisional,SRC-CITY-PANEL-1990-2023,D,needs_review,公开研究型城市面板；字段口径与来源链条未完全公开，作为 provisional 暂存值，待官方年鉴/公报复核。
CN-530900,临沧市,云南省,2020,core,provisional,SRC-CITY-PANEL-1990-2023,D,needs_review,公开研究型城市面板；字段口径与来源链条未完全公开，作为 provisional 暂存值，待官方年鉴/公报复核。
CN-532500,红河哈尼族彝族自治州,云南省,2020,extended,not_collected,,,needs_collection,未取得可审计的公开数值，保留 null，后续进入采集队列。
CN-532600,文山壮族苗族自治州,云南省,2020,extended,not_collected,,,needs_collection,未取得可审计的公开数值，保留 null，后续进入采集队列。
CN-532800,西双版纳傣族自治州,云南省,2020,extended,not_collected,,,needs_collection,未取得可审计的公开数值，保留 null，后续进入采集队列。
CN-532900,大理白族自治州,云南省,2020,extended,not_collected,,,needs_collection,未取得可审计的公开数值，保留 null，后续进入采集队列。
CN-533100,德宏傣族景颇族自治州,云南省,2020,extended,not_collected,,,needs_collection,未取得可审计的公开数值，保留 null，后续进入采集队列。
CN-533300,怒江傈僳族自治州,云南省,2020,extended,not_collected,,,needs_collection,未取得可审计的公开数值，保留 null，后续进入采集队列。
CN-533400,迪庆藏族自治州,云南省,2020,extended,not_collected,,,needs_collection,未取得可审计的公开数值，保留 null，后续进入采集队列。
CN-150200,包头市,内蒙古自治区,2020,core,provisional,SRC-CITY-PANEL-1990-2023,D,needs_review,公开研究型城市面板；字段口径与来源链条未完全公开，作为 provisional 暂存值，待官方年鉴/公报复核。
CN-152500,锡林郭勒盟,内蒙古自治区,2020,extended,not_collected,,,needs_collection,未取得可审计的公开数值，保留 null，后续进入采集队列。
CN-110000,北京市,北京市,2020,separate,provisional,SRC-CITY-PANEL-1990-2023,D,needs_review,公开研究型城市面板；字段口径与来源链条未完全公开，作为 provisional 暂存值，待官方年鉴/公报复核。
CN-510100,成都市,四川省,2020,core,provisional,SRC-CITY-PANEL-1990-2023,D,needs_review,公开研究型城市面板；字段口径与来源链条未完全公开，作为 provisional 暂存值，待官方年鉴/公报复核。
CN-510400,攀枝花市,四川省,2020,core,provisional,SRC-CITY-PANEL-1990-2023,D,needs_review,公开研究型城市面板；字段口径与来源链条未完全公开，作为 provisional 暂存值，待官方年鉴/公报复核。
CN-511000,内江市,四川省,2020,core,provisional,SRC-CITY-PANEL-1990-2023,D,needs_review,公开研究型城市面板；字段口径与来源链条未完全公开，作为 provisional 暂存值，待官方年鉴/公报复核。
CN-511400,眉山市,四川省,2020,core,provisional,SRC-CITY-PANEL-1990-2023,D,needs_review,公开研究型城市面板；字段口径与来源链条未完全公开，作为 provisional 暂存值，待官方年鉴/公报复核。
CN-512000,资阳市,四川省,2020,core,provisional,SRC-CITY-PANEL-1990-2023,D,needs_review,公开研究型城市面板；字段口径与来源链条未完全公开，作为 provisional 暂存值，待官方年鉴/公报复核。
CN-513200,阿坝藏族羌族自治州,四川省,2020,extended,not_collected,,,needs_collection,未取得可审计的公开数值，保留 null，后续进入采集队列。
CN-513300,甘孜藏族自治州,四川省,2020,extended,not_collected,,,needs_collection,未取得可审计的公开数值，保留 null，后续进入采集队列。
CN-513400,凉山彝族自治州,四川省,2020,extended,not_collected,,,needs_collection,未取得可审计的公开数值，保留 null，后续进入采集队列。
CN-340100,合肥市,安徽省,2020,core,provisional,SRC-CITY-PANEL-1990-2023,D,needs_review,公开研究型城市面板；字段口径与来源链条未完全公开，作为 provisional 暂存值，待官方年鉴/公报复核。
CN-340200,芜湖市,安徽省,2020,core,provisional,SRC-CITY-PANEL-1990-2023,D,needs_review,公开研究型城市面板；字段口径与来源链条未完全公开，作为 provisional 暂存值，待官方年鉴/公报复核。
CN-340300,蚌埠市,安徽省,2020,core,provisional,SRC-CITY-PANEL-1990-2023,D,needs_review,公开研究型城市面板；字段口径与来源链条未完全公开，作为 provisional 暂存值，待官方年鉴/公报复核。
CN-340400,淮南市,安徽省,2020,core,provisional,SRC-CITY-PANEL-1990-2023,D,needs_review,公开研究型城市面板；字段口径与来源链条未完全公开，作为 provisional 暂存值，待官方年鉴/公报复核。
CN-340500,马鞍山市,安徽省,2020,core,provisional,SRC-CITY-PANEL-1990-2023,D,needs_review,公开研究型城市面板；字段口径与来源链条未完全公开，作为 provisional 暂存值，待官方年鉴/公报复核。
CN-340600,淮北市,安徽省,2020,core,provisional,SRC-CITY-PANEL-1990-2023,D,needs_review,公开研究型城市面板；字段口径与来源链条未完全公开，作为 provisional 暂存值，待官方年鉴/公报复核。
CN-340700,铜陵市,安徽省,2020,core,provisional,SRC-CITY-PANEL-1990-2023,D,needs_review,公开研究型城市面板；字段口径与来源链条未完全公开，作为 provisional 暂存值，待官方年鉴/公报复核。
CN-340800,安庆市,安徽省,2020,core,provisional,SRC-CITY-PANEL-1990-2023,D,needs_review,公开研究型城市面板；字段口径与来源链条未完全公开，作为 provisional 暂存值，待官方年鉴/公报复核。
CN-341000,黄山市,安徽省,2020,core,provisional,SRC-CITY-PANEL-1990-2023,D,needs_review,公开研究型城市面板；字段口径与来源链条未完全公开，作为 provisional 暂存值，待官方年鉴/公报复核。
CN-341100,滁州市,安徽省,2020,core,provisional,SRC-CITY-PANEL-1990-2023,D,needs_review,公开研究型城市面板；字段口径与来源链条未完全公开，作为 provisional 暂存值，待官方年鉴/公报复核。
CN-341200,阜阳市,安徽省,2020,core,provisional,SRC-CITY-PANEL-1990-2023,D,needs_review,公开研究型城市面板；字段口径与来源链条未完全公开，作为 provisional 暂存值，待官方年鉴/公报复核。
CN-341300,宿州市,安徽省,2020,core,provisional,SRC-CITY-PANEL-1990-2023,D,needs_review,公开研究型城市面板；字段口径与来源链条未完全公开，作为 provisional 暂存值，待官方年鉴/公报复核。
CN-341500,六安市,安徽省,2020,core,provisional,SRC-CITY-PANEL-1990-2023,D,needs_review,公开研究型城市面板；字段口径与来源链条未完全公开，作为 provisional 暂存值，待官方年鉴/公报复核。
CN-341600,亳州市,安徽省,2020,core,provisional,SRC-CITY-PANEL-1990-2023,D,needs_review,公开研究型城市面板；字段口径与来源链条未完全公开，作为 provisional 暂存值，待官方年鉴/公报复核。
CN-341700,池州市,安徽省,2020,core,provisional,SRC-CITY-PANEL-1990-2023,D,needs_review,公开研究型城市面板；字段口径与来源链条未完全公开，作为 provisional 暂存值，待官方年鉴/公报复核。
CN-341800,宣城市,安徽省,2020,core,provisional,SRC-CITY-PANEL-1990-2023,D,needs_review,公开研究型城市面板；字段口径与来源链条未完全公开，作为 provisional 暂存值，待官方年鉴/公报复核。
CN-370100,济南市,山东省,2020,core,provisional,SRC-CITY-PANEL-1990-2023,D,needs_review,公开研究型城市面板；字段口径与来源链条未完全公开，作为 provisional 暂存值，待官方年鉴/公报复核。
CN-370300,淄博市,山东省,2020,core,provisional,SRC-CITY-PANEL-1990-2023,D,needs_review,公开研究型城市面板；字段口径与来源链条未完全公开，作为 provisional 暂存值，待官方年鉴/公报复核。
CN-370400,枣庄市,山东省,2020,core,provisional,SRC-CITY-PANEL-1990-2023,D,needs_review,公开研究型城市面板；字段口径与来源链条未完全公开，作为 provisional 暂存值，待官方年鉴/公报复核。
CN-370500,东营市,山东省,2020,core,provisional,SRC-CITY-PANEL-1990-2023,D,needs_review,公开研究型城市面板；字段口径与来源链条未完全公开，作为 provisional 暂存值，待官方年鉴/公报复核。
CN-370600,烟台市,山东省,2020,core,provisional,SRC-CITY-PANEL-1990-2023,D,needs_review,公开研究型城市面板；字段口径与来源链条未完全公开，作为 provisional 暂存值，待官方年鉴/公报复核。
CN-370700,潍坊市,山东省,2020,core,provisional,SRC-CITY-PANEL-1990-2023,D,needs_review,公开研究型城市面板；字段口径与来源链条未完全公开，作为 provisional 暂存值，待官方年鉴/公报复核。
CN-370800,济宁市,山东省,2020,core,provisional,SRC-CITY-PANEL-1990-2023,D,needs_review,公开研究型城市面板；字段口径与来源链条未完全公开，作为 provisional 暂存值，待官方年鉴/公报复核。
CN-370900,泰安市,山东省,2020,core,provisional,SRC-CITY-PANEL-1990-2023,D,needs_review,公开研究型城市面板；字段口径与来源链条未完全公开，作为 provisional 暂存值，待官方年鉴/公报复核。
CN-371000,威海市,山东省,2020,core,provisional,SRC-CITY-PANEL-1990-2023,D,needs_review,公开研究型城市面板；字段口径与来源链条未完全公开，作为 provisional 暂存值，待官方年鉴/公报复核。
CN-371100,日照市,山东省,2020,core,provisional,SRC-CITY-PANEL-1990-2023,D,needs_review,公开研究型城市面板；字段口径与来源链条未完全公开，作为 provisional 暂存值，待官方年鉴/公报复核。
CN-371300,临沂市,山东省,2020,core,provisional,SRC-CITY-PANEL-1990-2023,D,needs_review,公开研究型城市面板；字段口径与来源链条未完全公开，作为 provisional 暂存值，待官方年鉴/公报复核。
CN-371400,德州市,山东省,2020,core,provisional,SRC-CITY-PANEL-1990-2023,D,needs_review,公开研究型城市面板；字段口径与来源链条未完全公开，作为 provisional 暂存值，待官方年鉴/公报复核。
CN-371500,聊城市,山东省,2020,core,provisional,SRC-CITY-PANEL-1990-2023,D,needs_review,公开研究型城市面板；字段口径与来源链条未完全公开，作为 provisional 暂存值，待官方年鉴/公报复核。
CN-371600,滨州市,山东省,2020,core,provisional,SRC-CITY-PANEL-1990-2023,D,needs_review,公开研究型城市面板；字段口径与来源链条未完全公开，作为 provisional 暂存值，待官方年鉴/公报复核。
CN-371700,菏泽市,山东省,2020,core,provisional,SRC-CITY-PANEL-1990-2023,D,needs_review,公开研究型城市面板；字段口径与来源链条未完全公开，作为 provisional 暂存值，待官方年鉴/公报复核。
CN-140100,太原市,山西省,2020,core,provisional,SRC-CITY-PANEL-1990-2023,D,needs_review,公开研究型城市面板；字段口径与来源链条未完全公开，作为 provisional 暂存值，待官方年鉴/公报复核。
CN-140200,大同市,山西省,2020,core,provisional,SRC-CITY-PANEL-1990-2023,D,needs_review,公开研究型城市面板；字段口径与来源链条未完全公开，作为 provisional 暂存值，待官方年鉴/公报复核。
CN-140300,阳泉市,山西省,2020,core,provisional,SRC-CITY-PANEL-1990-2023,D,needs_review,公开研究型城市面板；字段口径与来源链条未完全公开，作为 provisional 暂存值，待官方年鉴/公报复核。
CN-140400,长治市,山西省,2020,core,provisional,SRC-CITY-PANEL-1990-2023,D,needs_review,公开研究型城市面板；字段口径与来源链条未完全公开，作为 provisional 暂存值，待官方年鉴/公报复核。
CN-140500,晋城市,山西省,2020,core,provisional,SRC-CITY-PANEL-1990-2023,D,needs_review,公开研究型城市面板；字段口径与来源链条未完全公开，作为 provisional 暂存值，待官方年鉴/公报复核。
CN-140600,朔州市,山西省,2020,core,provisional,SRC-CITY-PANEL-1990-2023,D,needs_review,公开研究型城市面板；字段口径与来源链条未完全公开，作为 provisional 暂存值，待官方年鉴/公报复核。
CN-140700,晋中市,山西省,2020,core,provisional,SRC-CITY-PANEL-1990-2023,D,needs_review,公开研究型城市面板；字段口径与来源链条未完全公开，作为 provisional 暂存值，待官方年鉴/公报复核。
CN-140800,运城市,山西省,2020,core,provisional,SRC-CITY-PANEL-1990-2023,D,needs_review,公开研究型城市面板；字段口径与来源链条未完全公开，作为 provisional 暂存值，待官方年鉴/公报复核。
CN-140900,忻州市,山西省,2020,core,provisional,SRC-CITY-PANEL-1990-2023,D,needs_review,公开研究型城市面板；字段口径与来源链条未完全公开，作为 provisional 暂存值，待官方年鉴/公报复核。
CN-141000,临汾市,山西省,2020,core,provisional,SRC-CITY-PANEL-1990-2023,D,needs_review,公开研究型城市面板；字段口径与来源链条未完全公开，作为 provisional 暂存值，待官方年鉴/公报复核。
CN-141100,吕梁市,山西省,2020,core,provisional,SRC-CITY-PANEL-1990-2023,D,needs_review,公开研究型城市面板；字段口径与来源链条未完全公开，作为 provisional 暂存值，待官方年鉴/公报复核。
CN-450100,南宁市,广西壮族自治区,2020,core,provisional,SRC-CITY-PANEL-1990-2023,D,needs_review,公开研究型城市面板；字段口径与来源链条未完全公开，作为 provisional 暂存值，待官方年鉴/公报复核。
CN-450200,柳州市,广西壮族自治区,2020,core,provisional,SRC-CITY-PANEL-1990-2023,D,needs_review,公开研究型城市面板；字段口径与来源链条未完全公开，作为 provisional 暂存值，待官方年鉴/公报复核。
CN-450300,桂林市,广西壮族自治区,2020,core,provisional,SRC-CITY-PANEL-1990-2023,D,needs_review,公开研究型城市面板；字段口径与来源链条未完全公开，作为 provisional 暂存值，待官方年鉴/公报复核。
CN-450400,梧州市,广西壮族自治区,2020,core,provisional,SRC-CITY-PANEL-1990-2023,D,needs_review,公开研究型城市面板；字段口径与来源链条未完全公开，作为 provisional 暂存值，待官方年鉴/公报复核。
CN-450500,北海市,广西壮族自治区,2020,core,provisional,SRC-CITY-PANEL-1990-2023,D,needs_review,公开研究型城市面板；字段口径与来源链条未完全公开，作为 provisional 暂存值，待官方年鉴/公报复核。
CN-450600,防城港市,广西壮族自治区,2020,core,provisional,SRC-CITY-PANEL-1990-2023,D,needs_review,公开研究型城市面板；字段口径与来源链条未完全公开，作为 provisional 暂存值，待官方年鉴/公报复核。
CN-450700,钦州市,广西壮族自治区,2020,core,provisional,SRC-CITY-PANEL-1990-2023,D,needs_review,公开研究型城市面板；字段口径与来源链条未完全公开，作为 provisional 暂存值，待官方年鉴/公报复核。
CN-450800,贵港市,广西壮族自治区,2020,core,provisional,SRC-CITY-PANEL-1990-2023,D,needs_review,公开研究型城市面板；字段口径与来源链条未完全公开，作为 provisional 暂存值，待官方年鉴/公报复核。
CN-450900,玉林市,广西壮族自治区,2020,core,provisional,SRC-CITY-PANEL-1990-2023,D,needs_review,公开研究型城市面板；字段口径与来源链条未完全公开，作为 provisional 暂存值，待官方年鉴/公报复核。
CN-451000,百色市,广西壮族自治区,2020,core,provisional,SRC-CITY-PANEL-1990-2023,D,needs_review,公开研究型城市面板；字段口径与来源链条未完全公开，作为 provisional 暂存值，待官方年鉴/公报复核。
CN-451200,河池市,广西壮族自治区,2020,core,provisional,SRC-CITY-PANEL-1990-2023,D,needs_review,公开研究型城市面板；字段口径与来源链条未完全公开，作为 provisional 暂存值，待官方年鉴/公报复核。
CN-451400,崇左市,广西壮族自治区,2020,core,provisional,SRC-CITY-PANEL-1990-2023,D,needs_review,公开研究型城市面板；字段口径与来源链条未完全公开，作为 provisional 暂存值，待官方年鉴/公报复核。
CN-650100,乌鲁木齐市,新疆维吾尔自治区,2020,core,provisional,SRC-CITY-PANEL-1990-2023,D,needs_review,公开研究型城市面板；字段口径与来源链条未完全公开，作为 provisional 暂存值，待官方年鉴/公报复核。
CN-650200,克拉玛依市,新疆维吾尔自治区,2020,core,provisional,SRC-CITY-PANEL-1990-2023,D,needs_review,公开研究型城市面板；字段口径与来源链条未完全公开，作为 provisional 暂存值，待官方年鉴/公报复核。
CN-650400,吐鲁番市,新疆维吾尔自治区,2020,core,provisional,SRC-CITY-PANEL-1990-2023,D,needs_review,公开研究型城市面板；字段口径与来源链条未完全公开，作为 provisional 暂存值，待官方年鉴/公报复核。
CN-650500,哈密市,新疆维吾尔自治区,2020,core,provisional,SRC-CITY-PANEL-1990-2023,D,needs_review,公开研究型城市面板；字段口径与来源链条未完全公开，作为 provisional 暂存值，待官方年鉴/公报复核。
CN-652300,昌吉回族自治州,新疆维吾尔自治区,2020,extended,not_collected,,,needs_collection,未取得可审计的公开数值，保留 null，后续进入采集队列。
CN-652700,博尔塔拉蒙古自治州,新疆维吾尔自治区,2020,extended,not_collected,,,needs_collection,未取得可审计的公开数值，保留 null，后续进入采集队列。
CN-652800,巴音郭楞蒙古自治州,新疆维吾尔自治区,2020,extended,not_collected,,,needs_collection,未取得可审计的公开数值，保留 null，后续进入采集队列。
CN-652900,阿克苏地区,新疆维吾尔自治区,2020,extended,not_collected,,,needs_collection,未取得可审计的公开数值，保留 null，后续进入采集队列。
CN-653000,克孜勒苏柯尔克孜自治州,新疆维吾尔自治区,2020,extended,not_collected,,,needs_collection,未取得可审计的公开数值，保留 null，后续进入采集队列。
CN-653100,喀什地区,新疆维吾尔自治区,2020,extended,not_collected,,,needs_collection,未取得可审计的公开数值，保留 null，后续进入采集队列。
CN-653200,和田地区,新疆维吾尔自治区,2020,extended,not_collected,,,needs_collection,未取得可审计的公开数值，保留 null，后续进入采集队列。
CN-654000,伊犁哈萨克自治州,新疆维吾尔自治区,2020,extended,not_collected,,,needs_collection,未取得可审计的公开数值，保留 null，后续进入采集队列。
CN-654200,塔城地区,新疆维吾尔自治区,2020,extended,not_collected,,,needs_collection,未取得可审计的公开数值，保留 null，后续进入采集队列。
CN-654300,阿勒泰地区,新疆维吾尔自治区,2020,extended,not_collected,,,needs_collection,未取得可审计的公开数值，保留 null，后续进入采集队列。
CN-659000,自治区直辖县级行政区划,新疆维吾尔自治区,2020,core,not_collected,,,needs_collection,未取得可审计的公开数值，保留 null，后续进入采集队列。
CN-320100,南京市,江苏省,2020,core,provisional,SRC-CITY-PANEL-1990-2023,D,needs_review,公开研究型城市面板；字段口径与来源链条未完全公开，作为 provisional 暂存值，待官方年鉴/公报复核。
CN-320200,无锡市,江苏省,2020,core,provisional,SRC-CITY-PANEL-1990-2023,D,needs_review,公开研究型城市面板；字段口径与来源链条未完全公开，作为 provisional 暂存值，待官方年鉴/公报复核。
CN-320300,徐州市,江苏省,2020,core,provisional,SRC-CITY-PANEL-1990-2023,D,needs_review,公开研究型城市面板；字段口径与来源链条未完全公开，作为 provisional 暂存值，待官方年鉴/公报复核。
CN-320400,常州市,江苏省,2020,core,provisional,SRC-CITY-PANEL-1990-2023,D,needs_review,公开研究型城市面板；字段口径与来源链条未完全公开，作为 provisional 暂存值，待官方年鉴/公报复核。
CN-320500,苏州市,江苏省,2020,core,provisional,SRC-CITY-PANEL-1990-2023,D,needs_review,公开研究型城市面板；字段口径与来源链条未完全公开，作为 provisional 暂存值，待官方年鉴/公报复核。
CN-320600,南通市,江苏省,2020,core,provisional,SRC-CITY-PANEL-1990-2023,D,needs_review,公开研究型城市面板；字段口径与来源链条未完全公开，作为 provisional 暂存值，待官方年鉴/公报复核。
CN-320700,连云港市,江苏省,2020,core,provisional,SRC-CITY-PANEL-1990-2023,D,needs_review,公开研究型城市面板；字段口径与来源链条未完全公开，作为 provisional 暂存值，待官方年鉴/公报复核。
CN-320800,淮安市,江苏省,2020,core,provisional,SRC-CITY-PANEL-1990-2023,D,needs_review,公开研究型城市面板；字段口径与来源链条未完全公开，作为 provisional 暂存值，待官方年鉴/公报复核。
CN-320900,盐城市,江苏省,2020,core,provisional,SRC-CITY-PANEL-1990-2023,D,needs_review,公开研究型城市面板；字段口径与来源链条未完全公开，作为 provisional 暂存值，待官方年鉴/公报复核。
CN-321000,扬州市,江苏省,2020,core,provisional,SRC-CITY-PANEL-1990-2023,D,needs_review,公开研究型城市面板；字段口径与来源链条未完全公开，作为 provisional 暂存值，待官方年鉴/公报复核。
CN-321100,镇江市,江苏省,2020,core,provisional,SRC-CITY-PANEL-1990-2023,D,needs_review,公开研究型城市面板；字段口径与来源链条未完全公开，作为 provisional 暂存值，待官方年鉴/公报复核。
CN-321200,泰州市,江苏省,2020,core,provisional,SRC-CITY-PANEL-1990-2023,D,needs_review,公开研究型城市面板；字段口径与来源链条未完全公开，作为 provisional 暂存值，待官方年鉴/公报复核。
CN-321300,宿迁市,江苏省,2020,core,provisional,SRC-CITY-PANEL-1990-2023,D,needs_review,公开研究型城市面板；字段口径与来源链条未完全公开，作为 provisional 暂存值，待官方年鉴/公报复核。
CN-360100,南昌市,江西省,2020,core,provisional,SRC-CITY-PANEL-1990-2023,D,needs_review,公开研究型城市面板；字段口径与来源链条未完全公开，作为 provisional 暂存值，待官方年鉴/公报复核。
CN-360200,景德镇市,江西省,2020,core,provisional,SRC-CITY-PANEL-1990-2023,D,needs_review,公开研究型城市面板；字段口径与来源链条未完全公开，作为 provisional 暂存值，待官方年鉴/公报复核。
CN-360300,萍乡市,江西省,2020,core,provisional,SRC-CITY-PANEL-1990-2023,D,needs_review,公开研究型城市面板；字段口径与来源链条未完全公开，作为 provisional 暂存值，待官方年鉴/公报复核。
CN-360400,九江市,江西省,2020,core,provisional,SRC-CITY-PANEL-1990-2023,D,needs_review,公开研究型城市面板；字段口径与来源链条未完全公开，作为 provisional 暂存值，待官方年鉴/公报复核。
CN-360500,新余市,江西省,2020,core,provisional,SRC-CITY-PANEL-1990-2023,D,needs_review,公开研究型城市面板；字段口径与来源链条未完全公开，作为 provisional 暂存值，待官方年鉴/公报复核。
CN-360600,鹰潭市,江西省,2020,core,provisional,SRC-CITY-PANEL-1990-2023,D,needs_review,公开研究型城市面板；字段口径与来源链条未完全公开，作为 provisional 暂存值，待官方年鉴/公报复核。
CN-360700,赣州市,江西省,2020,core,provisional,SRC-CITY-PANEL-1990-2023,D,needs_review,公开研究型城市面板；字段口径与来源链条未完全公开，作为 provisional 暂存值，待官方年鉴/公报复核。
CN-360800,吉安市,江西省,2020,core,provisional,SRC-CITY-PANEL-1990-2023,D,needs_review,公开研究型城市面板；字段口径与来源链条未完全公开，作为 provisional 暂存值，待官方年鉴/公报复核。
CN-360900,宜春市,江西省,2020,core,provisional,SRC-CITY-PANEL-1990-2023,D,needs_review,公开研究型城市面板；字段口径与来源链条未完全公开，作为 provisional 暂存值，待官方年鉴/公报复核。
CN-361000,抚州市,江西省,2020,core,provisional,SRC-CITY-PANEL-1990-2023,D,needs_review,公开研究型城市面板；字段口径与来源链条未完全公开，作为 provisional 暂存值，待官方年鉴/公报复核。
CN-361100,上饶市,江西省,2020,core,provisional,SRC-CITY-PANEL-1990-2023,D,needs_review,公开研究型城市面板；字段口径与来源链条未完全公开，作为 provisional 暂存值，待官方年鉴/公报复核。
CN-130100,石家庄市,河北省,2020,core,provisional,SRC-CITY-PANEL-1990-2023,D,needs_review,公开研究型城市面板；字段口径与来源链条未完全公开，作为 provisional 暂存值，待官方年鉴/公报复核。
CN-130200,唐山市,河北省,2020,core,provisional,SRC-CITY-PANEL-1990-2023,D,needs_review,公开研究型城市面板；字段口径与来源链条未完全公开，作为 provisional 暂存值，待官方年鉴/公报复核。
CN-130300,秦皇岛市,河北省,2020,core,provisional,SRC-CITY-PANEL-1990-2023,D,needs_review,公开研究型城市面板；字段口径与来源链条未完全公开，作为 provisional 暂存值，待官方年鉴/公报复核。
CN-130400,邯郸市,河北省,2020,core,provisional,SRC-CITY-PANEL-1990-2023,D,needs_review,公开研究型城市面板；字段口径与来源链条未完全公开，作为 provisional 暂存值，待官方年鉴/公报复核。
CN-130500,邢台市,河北省,2020,core,provisional,SRC-CITY-PANEL-1990-2023,D,needs_review,公开研究型城市面板；字段口径与来源链条未完全公开，作为 provisional 暂存值，待官方年鉴/公报复核。
CN-130700,张家口市,河北省,2020,core,provisional,SRC-CITY-PANEL-1990-2023,D,needs_review,公开研究型城市面板；字段口径与来源链条未完全公开，作为 provisional 暂存值，待官方年鉴/公报复核。
CN-130900,沧州市,河北省,2020,core,provisional,SRC-CITY-PANEL-1990-2023,D,needs_review,公开研究型城市面板；字段口径与来源链条未完全公开，作为 provisional 暂存值，待官方年鉴/公报复核。
CN-131000,廊坊市,河北省,2020,core,provisional,SRC-CITY-PANEL-1990-2023,D,needs_review,公开研究型城市面板；字段口径与来源链条未完全公开，作为 provisional 暂存值，待官方年鉴/公报复核。
CN-131100,衡水市,河北省,2020,core,provisional,SRC-CITY-PANEL-1990-2023,D,needs_review,公开研究型城市面板；字段口径与来源链条未完全公开，作为 provisional 暂存值，待官方年鉴/公报复核。
CN-410100,郑州市,河南省,2020,core,provisional,SRC-CITY-PANEL-1990-2023,D,needs_review,公开研究型城市面板；字段口径与来源链条未完全公开，作为 provisional 暂存值，待官方年鉴/公报复核。
CN-410200,开封市,河南省,2020,core,provisional,SRC-CITY-PANEL-1990-2023,D,needs_review,公开研究型城市面板；字段口径与来源链条未完全公开，作为 provisional 暂存值，待官方年鉴/公报复核。
CN-410300,洛阳市,河南省,2020,core,provisional,SRC-CITY-PANEL-1990-2023,D,needs_review,公开研究型城市面板；字段口径与来源链条未完全公开，作为 provisional 暂存值，待官方年鉴/公报复核。
CN-410400,平顶山市,河南省,2020,core,provisional,SRC-CITY-PANEL-1990-2023,D,needs_review,公开研究型城市面板；字段口径与来源链条未完全公开，作为 provisional 暂存值，待官方年鉴/公报复核。
CN-410500,安阳市,河南省,2020,core,provisional,SRC-CITY-PANEL-1990-2023,D,needs_review,公开研究型城市面板；字段口径与来源链条未完全公开，作为 provisional 暂存值，待官方年鉴/公报复核。
CN-410600,鹤壁市,河南省,2020,core,provisional,SRC-CITY-PANEL-1990-2023,D,needs_review,公开研究型城市面板；字段口径与来源链条未完全公开，作为 provisional 暂存值，待官方年鉴/公报复核。
CN-410700,新乡市,河南省,2020,core,provisional,SRC-CITY-PANEL-1990-2023,D,needs_review,公开研究型城市面板；字段口径与来源链条未完全公开，作为 provisional 暂存值，待官方年鉴/公报复核。
CN-410800,焦作市,河南省,2020,core,provisional,SRC-CITY-PANEL-1990-2023,D,needs_review,公开研究型城市面板；字段口径与来源链条未完全公开，作为 provisional 暂存值，待官方年鉴/公报复核。
CN-410900,濮阳市,河南省,2020,core,provisional,SRC-CITY-PANEL-1990-2023,D,needs_review,公开研究型城市面板；字段口径与来源链条未完全公开，作为 provisional 暂存值，待官方年鉴/公报复核。
CN-411000,许昌市,河南省,2020,core,provisional,SRC-CITY-PANEL-1990-2023,D,needs_review,公开研究型城市面板；字段口径与来源链条未完全公开，作为 provisional 暂存值，待官方年鉴/公报复核。
CN-411100,漯河市,河南省,2020,core,provisional,SRC-CITY-PANEL-1990-2023,D,needs_review,公开研究型城市面板；字段口径与来源链条未完全公开，作为 provisional 暂存值，待官方年鉴/公报复核。
CN-411200,三门峡市,河南省,2020,core,provisional,SRC-CITY-PANEL-1990-2023,D,needs_review,公开研究型城市面板；字段口径与来源链条未完全公开，作为 provisional 暂存值，待官方年鉴/公报复核。
CN-411300,南阳市,河南省,2020,core,provisional,SRC-CITY-PANEL-1990-2023,D,needs_review,公开研究型城市面板；字段口径与来源链条未完全公开，作为 provisional 暂存值，待官方年鉴/公报复核。
CN-411400,商丘市,河南省,2020,core,provisional,SRC-CITY-PANEL-1990-2023,D,needs_review,公开研究型城市面板；字段口径与来源链条未完全公开，作为 provisional 暂存值，待官方年鉴/公报复核。
CN-411500,信阳市,河南省,2020,core,provisional,SRC-CITY-PANEL-1990-2023,D,needs_review,公开研究型城市面板；字段口径与来源链条未完全公开，作为 provisional 暂存值，待官方年鉴/公报复核。
CN-411600,周口市,河南省,2020,core,provisional,SRC-CITY-PANEL-1990-2023,D,needs_review,公开研究型城市面板；字段口径与来源链条未完全公开，作为 provisional 暂存值，待官方年鉴/公报复核。
CN-411700,驻马店市,河南省,2020,core,provisional,SRC-CITY-PANEL-1990-2023,D,needs_review,公开研究型城市面板；字段口径与来源链条未完全公开，作为 provisional 暂存值，待官方年鉴/公报复核。
CN-419000,省直辖县级行政区划,河南省,2020,core,not_collected,,,needs_collection,未取得可审计的公开数值，保留 null，后续进入采集队列。
CN-330100,杭州市,浙江省,2020,core,provisional,SRC-CITY-PANEL-1990-2023,D,needs_review,公开研究型城市面板；字段口径与来源链条未完全公开，作为 provisional 暂存值，待官方年鉴/公报复核。
CN-330300,温州市,浙江省,2020,core,provisional,SRC-CITY-PANEL-1990-2023,D,needs_review,公开研究型城市面板；字段口径与来源链条未完全公开，作为 provisional 暂存值，待官方年鉴/公报复核。
CN-330400,嘉兴市,浙江省,2020,core,provisional,SRC-CITY-PANEL-1990-2023,D,needs_review,公开研究型城市面板；字段口径与来源链条未完全公开，作为 provisional 暂存值，待官方年鉴/公报复核。
CN-330500,湖州市,浙江省,2020,core,provisional,SRC-CITY-PANEL-1990-2023,D,needs_review,公开研究型城市面板；字段口径与来源链条未完全公开，作为 provisional 暂存值，待官方年鉴/公报复核。
CN-330600,绍兴市,浙江省,2020,core,provisional,SRC-CITY-PANEL-1990-2023,D,needs_review,公开研究型城市面板；字段口径与来源链条未完全公开，作为 provisional 暂存值，待官方年鉴/公报复核。
CN-330700,金华市,浙江省,2020,core,provisional,SRC-CITY-PANEL-1990-2023,D,needs_review,公开研究型城市面板；字段口径与来源链条未完全公开，作为 provisional 暂存值，待官方年鉴/公报复核。
CN-330800,衢州市,浙江省,2020,core,provisional,SRC-CITY-PANEL-1990-2023,D,needs_review,公开研究型城市面板；字段口径与来源链条未完全公开，作为 provisional 暂存值，待官方年鉴/公报复核。
CN-330900,舟山市,浙江省,2020,core,provisional,SRC-CITY-PANEL-1990-2023,D,needs_review,公开研究型城市面板；字段口径与来源链条未完全公开，作为 provisional 暂存值，待官方年鉴/公报复核。
CN-331000,台州市,浙江省,2020,core,provisional,SRC-CITY-PANEL-1990-2023,D,needs_review,公开研究型城市面板；字段口径与来源链条未完全公开，作为 provisional 暂存值，待官方年鉴/公报复核。
CN-331100,丽水市,浙江省,2020,core,provisional,SRC-CITY-PANEL-1990-2023,D,needs_review,公开研究型城市面板；字段口径与来源链条未完全公开，作为 provisional 暂存值，待官方年鉴/公报复核。
CN-460300,三沙市,海南省,2020,core,provisional,SRC-CITY-PANEL-1990-2023,D,needs_review,公开研究型城市面板；字段口径与来源链条未完全公开，作为 provisional 暂存值，待官方年鉴/公报复核。
CN-469000,省直辖县级行政区划,海南省,2020,core,not_collected,,,needs_collection,未取得可审计的公开数值，保留 null，后续进入采集队列。
CN-429000,省直辖县级行政区划,湖北省,2020,core,not_collected,,,needs_collection,未取得可审计的公开数值，保留 null，后续进入采集队列。
CN-620300,金昌市,甘肃省,2020,core,provisional,SRC-CITY-PANEL-1990-2023,D,needs_review,公开研究型城市面板；字段口径与来源链条未完全公开，作为 provisional 暂存值，待官方年鉴/公报复核。
CN-620500,天水市,甘肃省,2020,core,provisional,SRC-CITY-PANEL-1990-2023,D,needs_review,公开研究型城市面板；字段口径与来源链条未完全公开，作为 provisional 暂存值，待官方年鉴/公报复核。
CN-620800,平凉市,甘肃省,2020,core,provisional,SRC-CITY-PANEL-1990-2023,D,needs_review,公开研究型城市面板；字段口径与来源链条未完全公开，作为 provisional 暂存值，待官方年鉴/公报复核。
CN-620900,酒泉市,甘肃省,2020,core,provisional,SRC-CITY-PANEL-1990-2023,D,needs_review,公开研究型城市面板；字段口径与来源链条未完全公开，作为 provisional 暂存值，待官方年鉴/公报复核。
CN-622900,临夏回族自治州,甘肃省,2020,extended,not_collected,,,needs_collection,未取得可审计的公开数值，保留 null，后续进入采集队列。
CN-623000,甘南藏族自治州,甘肃省,2020,extended,not_collected,,,needs_collection,未取得可审计的公开数值，保留 null，后续进入采集队列。
CN-350100,福州市,福建省,2020,core,provisional,SRC-CITY-PANEL-1990-2023,D,needs_review,公开研究型城市面板；字段口径与来源链条未完全公开，作为 provisional 暂存值，待官方年鉴/公报复核。
CN-350300,莆田市,福建省,2020,core,provisional,SRC-CITY-PANEL-1990-2023,D,needs_review,公开研究型城市面板；字段口径与来源链条未完全公开，作为 provisional 暂存值，待官方年鉴/公报复核。
CN-350400,三明市,福建省,2020,core,provisional,SRC-CITY-PANEL-1990-2023,D,needs_review,公开研究型城市面板；字段口径与来源链条未完全公开，作为 provisional 暂存值，待官方年鉴/公报复核。
CN-350500,泉州市,福建省,2020,core,provisional,SRC-CITY-PANEL-1990-2023,D,needs_review,公开研究型城市面板；字段口径与来源链条未完全公开，作为 provisional 暂存值，待官方年鉴/公报复核。
CN-350600,漳州市,福建省,2020,core,provisional,SRC-CITY-PANEL-1990-2023,D,needs_review,公开研究型城市面板；字段口径与来源链条未完全公开，作为 provisional 暂存值，待官方年鉴/公报复核。
CN-350700,南平市,福建省,2020,core,provisional,SRC-CITY-PANEL-1990-2023,D,needs_review,公开研究型城市面板；字段口径与来源链条未完全公开，作为 provisional 暂存值，待官方年鉴/公报复核。
CN-350800,龙岩市,福建省,2020,core,provisional,SRC-CITY-PANEL-1990-2023,D,needs_review,公开研究型城市面板；字段口径与来源链条未完全公开，作为 provisional 暂存值，待官方年鉴/公报复核。
CN-350900,宁德市,福建省,2020,core,provisional,SRC-CITY-PANEL-1990-2023,D,needs_review,公开研究型城市面板；字段口径与来源链条未完全公开，作为 provisional 暂存值，待官方年鉴/公报复核。
CN-540100,拉萨市,西藏自治区,2020,core,provisional,SRC-CITY-PANEL-1990-2023,D,needs_review,公开研究型城市面板；字段口径与来源链条未完全公开，作为 provisional 暂存值，待官方年鉴/公报复核。
CN-540200,日喀则市,西藏自治区,2020,core,provisional,SRC-CITY-PANEL-1990-2023,D,needs_review,公开研究型城市面板；字段口径与来源链条未完全公开，作为 provisional 暂存值，待官方年鉴/公报复核。
CN-540300,昌都市,西藏自治区,2020,core,provisional,SRC-CITY-PANEL-1990-2023,D,needs_review,公开研究型城市面板；字段口径与来源链条未完全公开，作为 provisional 暂存值，待官方年鉴/公报复核。
CN-540400,林芝市,西藏自治区,2020,core,provisional,SRC-CITY-PANEL-1990-2023,D,needs_review,公开研究型城市面板；字段口径与来源链条未完全公开，作为 provisional 暂存值，待官方年鉴/公报复核。
CN-540500,山南市,西藏自治区,2020,core,provisional,SRC-CITY-PANEL-1990-2023,D,needs_review,公开研究型城市面板；字段口径与来源链条未完全公开，作为 provisional 暂存值，待官方年鉴/公报复核。
CN-540600,那曲市,西藏自治区,2020,core,provisional,SRC-CITY-PANEL-1990-2023,D,needs_review,公开研究型城市面板；字段口径与来源链条未完全公开，作为 provisional 暂存值，待官方年鉴/公报复核。
CN-542500,阿里地区,西藏自治区,2020,extended,not_collected,,,needs_collection,未取得可审计的公开数值，保留 null，后续进入采集队列。
CN-610100,西安市,陕西省,2020,core,provisional,SRC-CITY-PANEL-1990-2023,D,needs_review,公开研究型城市面板；字段口径与来源链条未完全公开，作为 provisional 暂存值，待官方年鉴/公报复核。
CN-610300,宝鸡市,陕西省,2020,core,provisional,SRC-CITY-PANEL-1990-2023,D,needs_review,公开研究型城市面板；字段口径与来源链条未完全公开，作为 provisional 暂存值，待官方年鉴/公报复核。
CN-610400,咸阳市,陕西省,2020,core,provisional,SRC-CITY-PANEL-1990-2023,D,needs_review,公开研究型城市面板；字段口径与来源链条未完全公开，作为 provisional 暂存值，待官方年鉴/公报复核。
CN-610500,渭南市,陕西省,2020,core,provisional,SRC-CITY-PANEL-1990-2023,D,needs_review,公开研究型城市面板；字段口径与来源链条未完全公开，作为 provisional 暂存值，待官方年鉴/公报复核。
CN-610600,延安市,陕西省,2020,core,provisional,SRC-CITY-PANEL-1990-2023,D,needs_review,公开研究型城市面板；字段口径与来源链条未完全公开，作为 provisional 暂存值，待官方年鉴/公报复核。
CN-610700,汉中市,陕西省,2020,core,provisional,SRC-CITY-PANEL-1990-2023,D,needs_review,公开研究型城市面板；字段口径与来源链条未完全公开，作为 provisional 暂存值，待官方年鉴/公报复核。
CN-611000,商洛市,陕西省,2020,core,provisional,SRC-CITY-PANEL-1990-2023,D,needs_review,公开研究型城市面板；字段口径与来源链条未完全公开，作为 provisional 暂存值，待官方年鉴/公报复核。
CN-530100,昆明市,云南省,2021,core,provisional,SRC-CITY-PANEL-1990-2023,D,needs_review,公开研究型城市面板；字段口径与来源链条未完全公开，作为 provisional 暂存值，待官方年鉴/公报复核。
CN-530400,玉溪市,云南省,2021,core,provisional,SRC-CITY-PANEL-1990-2023,D,needs_review,公开研究型城市面板；字段口径与来源链条未完全公开，作为 provisional 暂存值，待官方年鉴/公报复核。
CN-530700,丽江市,云南省,2021,core,provisional,SRC-CITY-PANEL-1990-2023,D,needs_review,公开研究型城市面板；字段口径与来源链条未完全公开，作为 provisional 暂存值，待官方年鉴/公报复核。
CN-530900,临沧市,云南省,2021,core,provisional,SRC-CITY-PANEL-1990-2023,D,needs_review,公开研究型城市面板；字段口径与来源链条未完全公开，作为 provisional 暂存值，待官方年鉴/公报复核。
CN-532500,红河哈尼族彝族自治州,云南省,2021,extended,not_collected,,,needs_collection,未取得可审计的公开数值，保留 null，后续进入采集队列。
CN-532600,文山壮族苗族自治州,云南省,2021,extended,not_collected,,,needs_collection,未取得可审计的公开数值，保留 null，后续进入采集队列。
CN-532800,西双版纳傣族自治州,云南省,2021,extended,not_collected,,,needs_collection,未取得可审计的公开数值，保留 null，后续进入采集队列。
CN-532900,大理白族自治州,云南省,2021,extended,not_collected,,,needs_collection,未取得可审计的公开数值，保留 null，后续进入采集队列。
CN-533100,德宏傣族景颇族自治州,云南省,2021,extended,not_collected,,,needs_collection,未取得可审计的公开数值，保留 null，后续进入采集队列。
CN-533300,怒江傈僳族自治州,云南省,2021,extended,not_collected,,,needs_collection,未取得可审计的公开数值，保留 null，后续进入采集队列。
CN-533400,迪庆藏族自治州,云南省,2021,extended,not_collected,,,needs_collection,未取得可审计的公开数值，保留 null，后续进入采集队列。
CN-150200,包头市,内蒙古自治区,2021,core,provisional,SRC-CITY-PANEL-1990-2023,D,needs_review,公开研究型城市面板；字段口径与来源链条未完全公开，作为 provisional 暂存值，待官方年鉴/公报复核。
CN-150600,鄂尔多斯市,内蒙古自治区,2021,core,provisional,SRC-CITY-PANEL-1990-2023,D,needs_review,公开研究型城市面板；字段口径与来源链条未完全公开，作为 provisional 暂存值，待官方年鉴/公报复核。
CN-152500,锡林郭勒盟,内蒙古自治区,2021,extended,not_collected,,,needs_collection,未取得可审计的公开数值，保留 null，后续进入采集队列。
CN-110000,北京市,北京市,2021,separate,provisional,SRC-CITY-PANEL-1990-2023,D,needs_review,公开研究型城市面板；字段口径与来源链条未完全公开，作为 provisional 暂存值，待官方年鉴/公报复核。
CN-340100,合肥市,安徽省,2021,core,provisional,SRC-CITY-PANEL-1990-2023,D,needs_review,公开研究型城市面板；字段口径与来源链条未完全公开，作为 provisional 暂存值，待官方年鉴/公报复核。
CN-340200,芜湖市,安徽省,2021,core,provisional,SRC-CITY-PANEL-1990-2023,D,needs_review,公开研究型城市面板；字段口径与来源链条未完全公开，作为 provisional 暂存值，待官方年鉴/公报复核。
CN-340300,蚌埠市,安徽省,2021,core,provisional,SRC-CITY-PANEL-1990-2023,D,needs_review,公开研究型城市面板；字段口径与来源链条未完全公开，作为 provisional 暂存值，待官方年鉴/公报复核。
CN-340400,淮南市,安徽省,2021,core,provisional,SRC-CITY-PANEL-1990-2023,D,needs_review,公开研究型城市面板；字段口径与来源链条未完全公开，作为 provisional 暂存值，待官方年鉴/公报复核。
CN-340500,马鞍山市,安徽省,2021,core,provisional,SRC-CITY-PANEL-1990-2023,D,needs_review,公开研究型城市面板；字段口径与来源链条未完全公开，作为 provisional 暂存值，待官方年鉴/公报复核。
CN-340600,淮北市,安徽省,2021,core,provisional,SRC-CITY-PANEL-1990-2023,D,needs_review,公开研究型城市面板；字段口径与来源链条未完全公开，作为 provisional 暂存值，待官方年鉴/公报复核。
CN-340700,铜陵市,安徽省,2021,core,provisional,SRC-CITY-PANEL-1990-2023,D,needs_review,公开研究型城市面板；字段口径与来源链条未完全公开，作为 provisional 暂存值，待官方年鉴/公报复核。
CN-340800,安庆市,安徽省,2021,core,provisional,SRC-CITY-PANEL-1990-2023,D,needs_review,公开研究型城市面板；字段口径与来源链条未完全公开，作为 provisional 暂存值，待官方年鉴/公报复核。
CN-341000,黄山市,安徽省,2021,core,provisional,SRC-CITY-PANEL-1990-2023,D,needs_review,公开研究型城市面板；字段口径与来源链条未完全公开，作为 provisional 暂存值，待官方年鉴/公报复核。
CN-341100,滁州市,安徽省,2021,core,provisional,SRC-CITY-PANEL-1990-2023,D,needs_review,公开研究型城市面板；字段口径与来源链条未完全公开，作为 provisional 暂存值，待官方年鉴/公报复核。
CN-341200,阜阳市,安徽省,2021,core,provisional,SRC-CITY-PANEL-1990-2023,D,needs_review,公开研究型城市面板；字段口径与来源链条未完全公开，作为 provisional 暂存值，待官方年鉴/公报复核。
CN-341300,宿州市,安徽省,2021,core,provisional,SRC-CITY-PANEL-1990-2023,D,needs_review,公开研究型城市面板；字段口径与来源链条未完全公开，作为 provisional 暂存值，待官方年鉴/公报复核。
CN-341500,六安市,安徽省,2021,core,provisional,SRC-CITY-PANEL-1990-2023,D,needs_review,公开研究型城市面板；字段口径与来源链条未完全公开，作为 provisional 暂存值，待官方年鉴/公报复核。
CN-341600,亳州市,安徽省,2021,core,provisional,SRC-CITY-PANEL-1990-2023,D,needs_review,公开研究型城市面板；字段口径与来源链条未完全公开，作为 provisional 暂存值，待官方年鉴/公报复核。
CN-341700,池州市,安徽省,2021,core,provisional,SRC-CITY-PANEL-1990-2023,D,needs_review,公开研究型城市面板；字段口径与来源链条未完全公开，作为 provisional 暂存值，待官方年鉴/公报复核。
CN-341800,宣城市,安徽省,2021,core,provisional,SRC-CITY-PANEL-1990-2023,D,needs_review,公开研究型城市面板；字段口径与来源链条未完全公开，作为 provisional 暂存值，待官方年鉴/公报复核。
CN-140100,太原市,山西省,2021,core,provisional,SRC-CITY-PANEL-1990-2023,D,needs_review,公开研究型城市面板；字段口径与来源链条未完全公开，作为 provisional 暂存值，待官方年鉴/公报复核。
CN-140200,大同市,山西省,2021,core,provisional,SRC-CITY-PANEL-1990-2023,D,needs_review,公开研究型城市面板；字段口径与来源链条未完全公开，作为 provisional 暂存值，待官方年鉴/公报复核。
CN-140300,阳泉市,山西省,2021,core,provisional,SRC-CITY-PANEL-1990-2023,D,needs_review,公开研究型城市面板；字段口径与来源链条未完全公开，作为 provisional 暂存值，待官方年鉴/公报复核。
CN-140400,长治市,山西省,2021,core,provisional,SRC-CITY-PANEL-1990-2023,D,needs_review,公开研究型城市面板；字段口径与来源链条未完全公开，作为 provisional 暂存值，待官方年鉴/公报复核。
CN-140500,晋城市,山西省,2021,core,provisional,SRC-CITY-PANEL-1990-2023,D,needs_review,公开研究型城市面板；字段口径与来源链条未完全公开，作为 provisional 暂存值，待官方年鉴/公报复核。
CN-140600,朔州市,山西省,2021,core,provisional,SRC-CITY-PANEL-1990-2023,D,needs_review,公开研究型城市面板；字段口径与来源链条未完全公开，作为 provisional 暂存值，待官方年鉴/公报复核。
CN-140700,晋中市,山西省,2021,core,provisional,SRC-CITY-PANEL-1990-2023,D,needs_review,公开研究型城市面板；字段口径与来源链条未完全公开，作为 provisional 暂存值，待官方年鉴/公报复核。
CN-140800,运城市,山西省,2021,core,provisional,SRC-CITY-PANEL-1990-2023,D,needs_review,公开研究型城市面板；字段口径与来源链条未完全公开，作为 provisional 暂存值，待官方年鉴/公报复核。
CN-140900,忻州市,山西省,2021,core,provisional,SRC-CITY-PANEL-1990-2023,D,needs_review,公开研究型城市面板；字段口径与来源链条未完全公开，作为 provisional 暂存值，待官方年鉴/公报复核。
CN-141000,临汾市,山西省,2021,core,provisional,SRC-CITY-PANEL-1990-2023,D,needs_review,公开研究型城市面板；字段口径与来源链条未完全公开，作为 provisional 暂存值，待官方年鉴/公报复核。
CN-141100,吕梁市,山西省,2021,core,provisional,SRC-CITY-PANEL-1990-2023,D,needs_review,公开研究型城市面板；字段口径与来源链条未完全公开，作为 provisional 暂存值，待官方年鉴/公报复核。
CN-450100,南宁市,广西壮族自治区,2021,core,provisional,SRC-CITY-PANEL-1990-2023,D,needs_review,公开研究型城市面板；字段口径与来源链条未完全公开，作为 provisional 暂存值，待官方年鉴/公报复核。
CN-450200,柳州市,广西壮族自治区,2021,core,provisional,SRC-CITY-PANEL-1990-2023,D,needs_review,公开研究型城市面板；字段口径与来源链条未完全公开，作为 provisional 暂存值，待官方年鉴/公报复核。
CN-450300,桂林市,广西壮族自治区,2021,core,provisional,SRC-CITY-PANEL-1990-2023,D,needs_review,公开研究型城市面板；字段口径与来源链条未完全公开，作为 provisional 暂存值，待官方年鉴/公报复核。
CN-450400,梧州市,广西壮族自治区,2021,core,provisional,SRC-CITY-PANEL-1990-2023,D,needs_review,公开研究型城市面板；字段口径与来源链条未完全公开，作为 provisional 暂存值，待官方年鉴/公报复核。
CN-450500,北海市,广西壮族自治区,2021,core,provisional,SRC-CITY-PANEL-1990-2023,D,needs_review,公开研究型城市面板；字段口径与来源链条未完全公开，作为 provisional 暂存值，待官方年鉴/公报复核。
CN-450600,防城港市,广西壮族自治区,2021,core,provisional,SRC-CITY-PANEL-1990-2023,D,needs_review,公开研究型城市面板；字段口径与来源链条未完全公开，作为 provisional 暂存值，待官方年鉴/公报复核。
CN-450700,钦州市,广西壮族自治区,2021,core,provisional,SRC-CITY-PANEL-1990-2023,D,needs_review,公开研究型城市面板；字段口径与来源链条未完全公开，作为 provisional 暂存值，待官方年鉴/公报复核。
CN-450800,贵港市,广西壮族自治区,2021,core,provisional,SRC-CITY-PANEL-1990-2023,D,needs_review,公开研究型城市面板；字段口径与来源链条未完全公开，作为 provisional 暂存值，待官方年鉴/公报复核。
CN-450900,玉林市,广西壮族自治区,2021,core,provisional,SRC-CITY-PANEL-1990-2023,D,needs_review,公开研究型城市面板；字段口径与来源链条未完全公开，作为 provisional 暂存值，待官方年鉴/公报复核。
CN-451000,百色市,广西壮族自治区,2021,core,provisional,SRC-CITY-PANEL-1990-2023,D,needs_review,公开研究型城市面板；字段口径与来源链条未完全公开，作为 provisional 暂存值，待官方年鉴/公报复核。
CN-451200,河池市,广西壮族自治区,2021,core,provisional,SRC-CITY-PANEL-1990-2023,D,needs_review,公开研究型城市面板；字段口径与来源链条未完全公开，作为 provisional 暂存值，待官方年鉴/公报复核。
CN-451400,崇左市,广西壮族自治区,2021,core,provisional,SRC-CITY-PANEL-1990-2023,D,needs_review,公开研究型城市面板；字段口径与来源链条未完全公开，作为 provisional 暂存值，待官方年鉴/公报复核。
CN-659000,自治区直辖县级行政区划,新疆维吾尔自治区,2021,core,not_collected,,,needs_collection,未取得可审计的公开数值，保留 null，后续进入采集队列。
CN-360100,南昌市,江西省,2021,core,provisional,SRC-CITY-PANEL-1990-2023,D,needs_review,公开研究型城市面板；字段口径与来源链条未完全公开，作为 provisional 暂存值，待官方年鉴/公报复核。
CN-360200,景德镇市,江西省,2021,core,provisional,SRC-CITY-PANEL-1990-2023,D,needs_review,公开研究型城市面板；字段口径与来源链条未完全公开，作为 provisional 暂存值，待官方年鉴/公报复核。
CN-360300,萍乡市,江西省,2021,core,provisional,SRC-CITY-PANEL-1990-2023,D,needs_review,公开研究型城市面板；字段口径与来源链条未完全公开，作为 provisional 暂存值，待官方年鉴/公报复核。
CN-360400,九江市,江西省,2021,core,provisional,SRC-CITY-PANEL-1990-2023,D,needs_review,公开研究型城市面板；字段口径与来源链条未完全公开，作为 provisional 暂存值，待官方年鉴/公报复核。
CN-360500,新余市,江西省,2021,core,provisional,SRC-CITY-PANEL-1990-2023,D,needs_review,公开研究型城市面板；字段口径与来源链条未完全公开，作为 provisional 暂存值，待官方年鉴/公报复核。
CN-360600,鹰潭市,江西省,2021,core,provisional,SRC-CITY-PANEL-1990-2023,D,needs_review,公开研究型城市面板；字段口径与来源链条未完全公开，作为 provisional 暂存值，待官方年鉴/公报复核。
CN-360700,赣州市,江西省,2021,core,provisional,SRC-CITY-PANEL-1990-2023,D,needs_review,公开研究型城市面板；字段口径与来源链条未完全公开，作为 provisional 暂存值，待官方年鉴/公报复核。
CN-360800,吉安市,江西省,2021,core,provisional,SRC-CITY-PANEL-1990-2023,D,needs_review,公开研究型城市面板；字段口径与来源链条未完全公开，作为 provisional 暂存值，待官方年鉴/公报复核。
CN-360900,宜春市,江西省,2021,core,provisional,SRC-CITY-PANEL-1990-2023,D,needs_review,公开研究型城市面板；字段口径与来源链条未完全公开，作为 provisional 暂存值，待官方年鉴/公报复核。
CN-361000,抚州市,江西省,2021,core,provisional,SRC-CITY-PANEL-1990-2023,D,needs_review,公开研究型城市面板；字段口径与来源链条未完全公开，作为 provisional 暂存值，待官方年鉴/公报复核。
CN-361100,上饶市,江西省,2021,core,provisional,SRC-CITY-PANEL-1990-2023,D,needs_review,公开研究型城市面板；字段口径与来源链条未完全公开，作为 provisional 暂存值，待官方年鉴/公报复核。
CN-410100,郑州市,河南省,2021,core,provisional,SRC-CITY-PANEL-1990-2023,D,needs_review,公开研究型城市面板；字段口径与来源链条未完全公开，作为 provisional 暂存值，待官方年鉴/公报复核。
CN-410200,开封市,河南省,2021,core,provisional,SRC-CITY-PANEL-1990-2023,D,needs_review,公开研究型城市面板；字段口径与来源链条未完全公开，作为 provisional 暂存值，待官方年鉴/公报复核。
CN-410300,洛阳市,河南省,2021,core,provisional,SRC-CITY-PANEL-1990-2023,D,needs_review,公开研究型城市面板；字段口径与来源链条未完全公开，作为 provisional 暂存值，待官方年鉴/公报复核。
CN-410400,平顶山市,河南省,2021,core,provisional,SRC-CITY-PANEL-1990-2023,D,needs_review,公开研究型城市面板；字段口径与来源链条未完全公开，作为 provisional 暂存值，待官方年鉴/公报复核。
CN-410500,安阳市,河南省,2021,core,provisional,SRC-CITY-PANEL-1990-2023,D,needs_review,公开研究型城市面板；字段口径与来源链条未完全公开，作为 provisional 暂存值，待官方年鉴/公报复核。
CN-410600,鹤壁市,河南省,2021,core,provisional,SRC-CITY-PANEL-1990-2023,D,needs_review,公开研究型城市面板；字段口径与来源链条未完全公开，作为 provisional 暂存值，待官方年鉴/公报复核。
CN-410700,新乡市,河南省,2021,core,provisional,SRC-CITY-PANEL-1990-2023,D,needs_review,公开研究型城市面板；字段口径与来源链条未完全公开，作为 provisional 暂存值，待官方年鉴/公报复核。
CN-410800,焦作市,河南省,2021,core,provisional,SRC-CITY-PANEL-1990-2023,D,needs_review,公开研究型城市面板；字段口径与来源链条未完全公开，作为 provisional 暂存值，待官方年鉴/公报复核。
CN-410900,濮阳市,河南省,2021,core,provisional,SRC-CITY-PANEL-1990-2023,D,needs_review,公开研究型城市面板；字段口径与来源链条未完全公开，作为 provisional 暂存值，待官方年鉴/公报复核。
CN-411000,许昌市,河南省,2021,core,provisional,SRC-CITY-PANEL-1990-2023,D,needs_review,公开研究型城市面板；字段口径与来源链条未完全公开，作为 provisional 暂存值，待官方年鉴/公报复核。
CN-411100,漯河市,河南省,2021,core,provisional,SRC-CITY-PANEL-1990-2023,D,needs_review,公开研究型城市面板；字段口径与来源链条未完全公开，作为 provisional 暂存值，待官方年鉴/公报复核。
CN-411200,三门峡市,河南省,2021,core,provisional,SRC-CITY-PANEL-1990-2023,D,needs_review,公开研究型城市面板；字段口径与来源链条未完全公开，作为 provisional 暂存值，待官方年鉴/公报复核。
CN-411300,南阳市,河南省,2021,core,provisional,SRC-CITY-PANEL-1990-2023,D,needs_review,公开研究型城市面板；字段口径与来源链条未完全公开，作为 provisional 暂存值，待官方年鉴/公报复核。
CN-411400,商丘市,河南省,2021,core,provisional,SRC-CITY-PANEL-1990-2023,D,needs_review,公开研究型城市面板；字段口径与来源链条未完全公开，作为 provisional 暂存值，待官方年鉴/公报复核。
CN-411500,信阳市,河南省,2021,core,provisional,SRC-CITY-PANEL-1990-2023,D,needs_review,公开研究型城市面板；字段口径与来源链条未完全公开，作为 provisional 暂存值，待官方年鉴/公报复核。
CN-411600,周口市,河南省,2021,core,provisional,SRC-CITY-PANEL-1990-2023,D,needs_review,公开研究型城市面板；字段口径与来源链条未完全公开，作为 provisional 暂存值，待官方年鉴/公报复核。
CN-411700,驻马店市,河南省,2021,core,provisional,SRC-CITY-PANEL-1990-2023,D,needs_review,公开研究型城市面板；字段口径与来源链条未完全公开，作为 provisional 暂存值，待官方年鉴/公报复核。
CN-419000,省直辖县级行政区划,河南省,2021,core,not_collected,,,needs_collection,未取得可审计的公开数值，保留 null，后续进入采集队列。
CN-330100,杭州市,浙江省,2021,core,provisional,SRC-CITY-PANEL-1990-2023,D,needs_review,公开研究型城市面板；字段口径与来源链条未完全公开，作为 provisional 暂存值，待官方年鉴/公报复核。
CN-330300,温州市,浙江省,2021,core,provisional,SRC-CITY-PANEL-1990-2023,D,needs_review,公开研究型城市面板；字段口径与来源链条未完全公开，作为 provisional 暂存值，待官方年鉴/公报复核。
CN-330400,嘉兴市,浙江省,2021,core,provisional,SRC-CITY-PANEL-1990-2023,D,needs_review,公开研究型城市面板；字段口径与来源链条未完全公开，作为 provisional 暂存值，待官方年鉴/公报复核。
CN-330500,湖州市,浙江省,2021,core,provisional,SRC-CITY-PANEL-1990-2023,D,needs_review,公开研究型城市面板；字段口径与来源链条未完全公开，作为 provisional 暂存值，待官方年鉴/公报复核。
CN-330600,绍兴市,浙江省,2021,core,provisional,SRC-CITY-PANEL-1990-2023,D,needs_review,公开研究型城市面板；字段口径与来源链条未完全公开，作为 provisional 暂存值，待官方年鉴/公报复核。
CN-330700,金华市,浙江省,2021,core,provisional,SRC-CITY-PANEL-1990-2023,D,needs_review,公开研究型城市面板；字段口径与来源链条未完全公开，作为 provisional 暂存值，待官方年鉴/公报复核。
CN-330800,衢州市,浙江省,2021,core,provisional,SRC-CITY-PANEL-1990-2023,D,needs_review,公开研究型城市面板；字段口径与来源链条未完全公开，作为 provisional 暂存值，待官方年鉴/公报复核。
CN-330900,舟山市,浙江省,2021,core,provisional,SRC-CITY-PANEL-1990-2023,D,needs_review,公开研究型城市面板；字段口径与来源链条未完全公开，作为 provisional 暂存值，待官方年鉴/公报复核。
CN-331000,台州市,浙江省,2021,core,provisional,SRC-CITY-PANEL-1990-2023,D,needs_review,公开研究型城市面板；字段口径与来源链条未完全公开，作为 provisional 暂存值，待官方年鉴/公报复核。
CN-331100,丽水市,浙江省,2021,core,provisional,SRC-CITY-PANEL-1990-2023,D,needs_review,公开研究型城市面板；字段口径与来源链条未完全公开，作为 provisional 暂存值，待官方年鉴/公报复核。
CN-460300,三沙市,海南省,2021,core,provisional,SRC-CITY-PANEL-1990-2023,D,needs_review,公开研究型城市面板；字段口径与来源链条未完全公开，作为 provisional 暂存值，待官方年鉴/公报复核。
CN-469000,省直辖县级行政区划,海南省,2021,core,not_collected,,,needs_collection,未取得可审计的公开数值，保留 null，后续进入采集队列。
CN-420100,武汉市,湖北省,2021,core,provisional,SRC-CITY-PANEL-1990-2023,D,needs_review,公开研究型城市面板；字段口径与来源链条未完全公开，作为 provisional 暂存值，待官方年鉴/公报复核。
CN-420200,黄石市,湖北省,2021,core,provisional,SRC-CITY-PANEL-1990-2023,D,needs_review,公开研究型城市面板；字段口径与来源链条未完全公开，作为 provisional 暂存值，待官方年鉴/公报复核。
CN-420500,宜昌市,湖北省,2021,core,provisional,SRC-CITY-PANEL-1990-2023,D,needs_review,公开研究型城市面板；字段口径与来源链条未完全公开，作为 provisional 暂存值，待官方年鉴/公报复核。
CN-420600,襄阳市,湖北省,2021,core,provisional,SRC-CITY-PANEL-1990-2023,D,needs_review,公开研究型城市面板；字段口径与来源链条未完全公开，作为 provisional 暂存值，待官方年鉴/公报复核。
CN-420700,鄂州市,湖北省,2021,core,provisional,SRC-CITY-PANEL-1990-2023,D,needs_review,公开研究型城市面板；字段口径与来源链条未完全公开，作为 provisional 暂存值，待官方年鉴/公报复核。
CN-420800,荆门市,湖北省,2021,core,provisional,SRC-CITY-PANEL-1990-2023,D,needs_review,公开研究型城市面板；字段口径与来源链条未完全公开，作为 provisional 暂存值，待官方年鉴/公报复核。
CN-421100,黄冈市,湖北省,2021,core,provisional,SRC-CITY-PANEL-1990-2023,D,needs_review,公开研究型城市面板；字段口径与来源链条未完全公开，作为 provisional 暂存值，待官方年鉴/公报复核。
CN-421300,随州市,湖北省,2021,core,provisional,SRC-CITY-PANEL-1990-2023,D,needs_review,公开研究型城市面板；字段口径与来源链条未完全公开，作为 provisional 暂存值，待官方年鉴/公报复核。
CN-422800,恩施土家族苗族自治州,湖北省,2021,extended,not_collected,,,needs_collection,未取得可审计的公开数值，保留 null，后续进入采集队列。
CN-429000,省直辖县级行政区划,湖北省,2021,core,not_collected,,,needs_collection,未取得可审计的公开数值，保留 null，后续进入采集队列。
CN-620300,金昌市,甘肃省,2021,core,provisional,SRC-CITY-PANEL-1990-2023,D,needs_review,公开研究型城市面板；字段口径与来源链条未完全公开，作为 provisional 暂存值，待官方年鉴/公报复核。
CN-620500,天水市,甘肃省,2021,core,provisional,SRC-CITY-PANEL-1990-2023,D,needs_review,公开研究型城市面板；字段口径与来源链条未完全公开，作为 provisional 暂存值，待官方年鉴/公报复核。
CN-620800,平凉市,甘肃省,2021,core,provisional,SRC-CITY-PANEL-1990-2023,D,needs_review,公开研究型城市面板；字段口径与来源链条未完全公开，作为 provisional 暂存值，待官方年鉴/公报复核。
CN-620900,酒泉市,甘肃省,2021,core,provisional,SRC-CITY-PANEL-1990-2023,D,needs_review,公开研究型城市面板；字段口径与来源链条未完全公开，作为 provisional 暂存值，待官方年鉴/公报复核。
CN-622900,临夏回族自治州,甘肃省,2021,extended,not_collected,,,needs_collection,未取得可审计的公开数值，保留 null，后续进入采集队列。
CN-623000,甘南藏族自治州,甘肃省,2021,extended,not_collected,,,needs_collection,未取得可审计的公开数值，保留 null，后续进入采集队列。
CN-350100,福州市,福建省,2021,core,provisional,SRC-CITY-PANEL-1990-2023,D,needs_review,公开研究型城市面板；字段口径与来源链条未完全公开，作为 provisional 暂存值，待官方年鉴/公报复核。
CN-350300,莆田市,福建省,2021,core,provisional,SRC-CITY-PANEL-1990-2023,D,needs_review,公开研究型城市面板；字段口径与来源链条未完全公开，作为 provisional 暂存值，待官方年鉴/公报复核。
CN-350400,三明市,福建省,2021,core,provisional,SRC-CITY-PANEL-1990-2023,D,needs_review,公开研究型城市面板；字段口径与来源链条未完全公开，作为 provisional 暂存值，待官方年鉴/公报复核。
CN-350500,泉州市,福建省,2021,core,provisional,SRC-CITY-PANEL-1990-2023,D,needs_review,公开研究型城市面板；字段口径与来源链条未完全公开，作为 provisional 暂存值，待官方年鉴/公报复核。
CN-350600,漳州市,福建省,2021,core,provisional,SRC-CITY-PANEL-1990-2023,D,needs_review,公开研究型城市面板；字段口径与来源链条未完全公开，作为 provisional 暂存值，待官方年鉴/公报复核。
CN-350700,南平市,福建省,2021,core,provisional,SRC-CITY-PANEL-1990-2023,D,needs_review,公开研究型城市面板；字段口径与来源链条未完全公开，作为 provisional 暂存值，待官方年鉴/公报复核。
CN-350800,龙岩市,福建省,2021,core,provisional,SRC-CITY-PANEL-1990-2023,D,needs_review,公开研究型城市面板；字段口径与来源链条未完全公开，作为 provisional 暂存值，待官方年鉴/公报复核。
CN-350900,宁德市,福建省,2021,core,provisional,SRC-CITY-PANEL-1990-2023,D,needs_review,公开研究型城市面板；字段口径与来源链条未完全公开，作为 provisional 暂存值，待官方年鉴/公报复核。
CN-540100,拉萨市,西藏自治区,2021,core,provisional,SRC-CITY-PANEL-1990-2023,D,needs_review,公开研究型城市面板；字段口径与来源链条未完全公开，作为 provisional 暂存值，待官方年鉴/公报复核。
CN-540200,日喀则市,西藏自治区,2021,core,provisional,SRC-CITY-PANEL-1990-2023,D,needs_review,公开研究型城市面板；字段口径与来源链条未完全公开，作为 provisional 暂存值，待官方年鉴/公报复核。
CN-540300,昌都市,西藏自治区,2021,core,provisional,SRC-CITY-PANEL-1990-2023,D,needs_review,公开研究型城市面板；字段口径与来源链条未完全公开，作为 provisional 暂存值，待官方年鉴/公报复核。
CN-540400,林芝市,西藏自治区,2021,core,provisional,SRC-CITY-PANEL-1990-2023,D,needs_review,公开研究型城市面板；字段口径与来源链条未完全公开，作为 provisional 暂存值，待官方年鉴/公报复核。
CN-540500,山南市,西藏自治区,2021,core,provisional,SRC-CITY-PANEL-1990-2023,D,needs_review,公开研究型城市面板；字段口径与来源链条未完全公开，作为 provisional 暂存值，待官方年鉴/公报复核。
CN-540600,那曲市,西藏自治区,2021,core,provisional,SRC-CITY-PANEL-1990-2023,D,needs_review,公开研究型城市面板；字段口径与来源链条未完全公开，作为 provisional 暂存值，待官方年鉴/公报复核。
CN-542500,阿里地区,西藏自治区,2021,extended,not_collected,,,needs_collection,未取得可审计的公开数值，保留 null，后续进入采集队列。
CN-210100,沈阳市,辽宁省,2021,core,provisional,SRC-CITY-PANEL-1990-2023,D,needs_review,公开研究型城市面板；字段口径与来源链条未完全公开，作为 provisional 暂存值，待官方年鉴/公报复核。
CN-210300,鞍山市,辽宁省,2021,core,provisional,SRC-CITY-PANEL-1990-2023,D,needs_review,公开研究型城市面板；字段口径与来源链条未完全公开，作为 provisional 暂存值，待官方年鉴/公报复核。
CN-210400,抚顺市,辽宁省,2021,core,provisional,SRC-CITY-PANEL-1990-2023,D,needs_review,公开研究型城市面板；字段口径与来源链条未完全公开，作为 provisional 暂存值，待官方年鉴/公报复核。
CN-210500,本溪市,辽宁省,2021,core,provisional,SRC-CITY-PANEL-1990-2023,D,needs_review,公开研究型城市面板；字段口径与来源链条未完全公开，作为 provisional 暂存值，待官方年鉴/公报复核。
CN-210600,丹东市,辽宁省,2021,core,provisional,SRC-CITY-PANEL-1990-2023,D,needs_review,公开研究型城市面板；字段口径与来源链条未完全公开，作为 provisional 暂存值，待官方年鉴/公报复核。
CN-210700,锦州市,辽宁省,2021,core,provisional,SRC-CITY-PANEL-1990-2023,D,needs_review,公开研究型城市面板；字段口径与来源链条未完全公开，作为 provisional 暂存值，待官方年鉴/公报复核。
CN-210800,营口市,辽宁省,2021,core,provisional,SRC-CITY-PANEL-1990-2023,D,needs_review,公开研究型城市面板；字段口径与来源链条未完全公开，作为 provisional 暂存值，待官方年鉴/公报复核。
CN-210900,阜新市,辽宁省,2021,core,provisional,SRC-CITY-PANEL-1990-2023,D,needs_review,公开研究型城市面板；字段口径与来源链条未完全公开，作为 provisional 暂存值，待官方年鉴/公报复核。
CN-211000,辽阳市,辽宁省,2021,core,provisional,SRC-CITY-PANEL-1990-2023,D,needs_review,公开研究型城市面板；字段口径与来源链条未完全公开，作为 provisional 暂存值，待官方年鉴/公报复核。
CN-211100,盘锦市,辽宁省,2021,core,provisional,SRC-CITY-PANEL-1990-2023,D,needs_review,公开研究型城市面板；字段口径与来源链条未完全公开，作为 provisional 暂存值，待官方年鉴/公报复核。
CN-211200,铁岭市,辽宁省,2021,core,provisional,SRC-CITY-PANEL-1990-2023,D,needs_review,公开研究型城市面板；字段口径与来源链条未完全公开，作为 provisional 暂存值，待官方年鉴/公报复核。
CN-211300,朝阳市,辽宁省,2021,core,provisional,SRC-CITY-PANEL-1990-2023,D,needs_review,公开研究型城市面板；字段口径与来源链条未完全公开，作为 provisional 暂存值，待官方年鉴/公报复核。
CN-211400,葫芦岛市,辽宁省,2021,core,provisional,SRC-CITY-PANEL-1990-2023,D,needs_review,公开研究型城市面板；字段口径与来源链条未完全公开，作为 provisional 暂存值，待官方年鉴/公报复核。
CN-610100,西安市,陕西省,2021,core,provisional,SRC-CITY-PANEL-1990-2023,D,needs_review,公开研究型城市面板；字段口径与来源链条未完全公开，作为 provisional 暂存值，待官方年鉴/公报复核。
CN-610300,宝鸡市,陕西省,2021,core,provisional,SRC-CITY-PANEL-1990-2023,D,needs_review,公开研究型城市面板；字段口径与来源链条未完全公开，作为 provisional 暂存值，待官方年鉴/公报复核。
CN-610400,咸阳市,陕西省,2021,core,provisional,SRC-CITY-PANEL-1990-2023,D,needs_review,公开研究型城市面板；字段口径与来源链条未完全公开，作为 provisional 暂存值，待官方年鉴/公报复核。
CN-610500,渭南市,陕西省,2021,core,provisional,SRC-CITY-PANEL-1990-2023,D,needs_review,公开研究型城市面板；字段口径与来源链条未完全公开，作为 provisional 暂存值，待官方年鉴/公报复核。
CN-610600,延安市,陕西省,2021,core,provisional,SRC-CITY-PANEL-1990-2023,D,needs_review,公开研究型城市面板；字段口径与来源链条未完全公开，作为 provisional 暂存值，待官方年鉴/公报复核。
CN-610700,汉中市,陕西省,2021,core,provisional,SRC-CITY-PANEL-1990-2023,D,needs_review,公开研究型城市面板；字段口径与来源链条未完全公开，作为 provisional 暂存值，待官方年鉴/公报复核。
CN-611000,商洛市,陕西省,2021,core,provisional,SRC-CITY-PANEL-1990-2023,D,needs_review,公开研究型城市面板；字段口径与来源链条未完全公开，作为 provisional 暂存值，待官方年鉴/公报复核。
CN-530100,昆明市,云南省,2022,core,provisional,SRC-CITY-PANEL-1990-2023,D,needs_review,公开研究型城市面板；字段口径与来源链条未完全公开，作为 provisional 暂存值，待官方年鉴/公报复核。
CN-530400,玉溪市,云南省,2022,core,provisional,SRC-CITY-PANEL-1990-2023,D,needs_review,公开研究型城市面板；字段口径与来源链条未完全公开，作为 provisional 暂存值，待官方年鉴/公报复核。
CN-530700,丽江市,云南省,2022,core,provisional,SRC-CITY-PANEL-1990-2023,D,needs_review,公开研究型城市面板；字段口径与来源链条未完全公开，作为 provisional 暂存值，待官方年鉴/公报复核。
CN-530900,临沧市,云南省,2022,core,provisional,SRC-CITY-PANEL-1990-2023,D,needs_review,公开研究型城市面板；字段口径与来源链条未完全公开，作为 provisional 暂存值，待官方年鉴/公报复核。
CN-532500,红河哈尼族彝族自治州,云南省,2022,extended,not_collected,,,needs_collection,未取得可审计的公开数值，保留 null，后续进入采集队列。
CN-532600,文山壮族苗族自治州,云南省,2022,extended,not_collected,,,needs_collection,未取得可审计的公开数值，保留 null，后续进入采集队列。
CN-532800,西双版纳傣族自治州,云南省,2022,extended,not_collected,,,needs_collection,未取得可审计的公开数值，保留 null，后续进入采集队列。
CN-532900,大理白族自治州,云南省,2022,extended,not_collected,,,needs_collection,未取得可审计的公开数值，保留 null，后续进入采集队列。
CN-533100,德宏傣族景颇族自治州,云南省,2022,extended,not_collected,,,needs_collection,未取得可审计的公开数值，保留 null，后续进入采集队列。
CN-533300,怒江傈僳族自治州,云南省,2022,extended,not_collected,,,needs_collection,未取得可审计的公开数值，保留 null，后续进入采集队列。
CN-533400,迪庆藏族自治州,云南省,2022,extended,not_collected,,,needs_collection,未取得可审计的公开数值，保留 null，后续进入采集队列。
CN-150200,包头市,内蒙古自治区,2022,core,provisional,SRC-CITY-PANEL-1990-2023,D,needs_review,公开研究型城市面板；字段口径与来源链条未完全公开，作为 provisional 暂存值，待官方年鉴/公报复核。
CN-152500,锡林郭勒盟,内蒙古自治区,2022,extended,not_collected,,,needs_collection,未取得可审计的公开数值，保留 null，后续进入采集队列。
CN-152900,阿拉善盟,内蒙古自治区,2022,extended,not_collected,,,needs_collection,未取得可审计的公开数值，保留 null，后续进入采集队列。
CN-510400,攀枝花市,四川省,2022,core,provisional,SRC-CITY-PANEL-1990-2023,D,needs_review,公开研究型城市面板；字段口径与来源链条未完全公开，作为 provisional 暂存值，待官方年鉴/公报复核。
CN-511000,内江市,四川省,2022,core,provisional,SRC-CITY-PANEL-1990-2023,D,needs_review,公开研究型城市面板；字段口径与来源链条未完全公开，作为 provisional 暂存值，待官方年鉴/公报复核。
CN-511400,眉山市,四川省,2022,core,provisional,SRC-CITY-PANEL-1990-2023,D,needs_review,公开研究型城市面板；字段口径与来源链条未完全公开，作为 provisional 暂存值，待官方年鉴/公报复核。
CN-512000,资阳市,四川省,2022,core,provisional,SRC-CITY-PANEL-1990-2023,D,needs_review,公开研究型城市面板；字段口径与来源链条未完全公开，作为 provisional 暂存值，待官方年鉴/公报复核。
CN-513200,阿坝藏族羌族自治州,四川省,2022,extended,not_collected,,,needs_collection,未取得可审计的公开数值，保留 null，后续进入采集队列。
CN-513300,甘孜藏族自治州,四川省,2022,extended,not_collected,,,needs_collection,未取得可审计的公开数值，保留 null，后续进入采集队列。
CN-513400,凉山彝族自治州,四川省,2022,extended,not_collected,,,needs_collection,未取得可审计的公开数值，保留 null，后续进入采集队列。
CN-340100,合肥市,安徽省,2022,core,provisional,SRC-CITY-PANEL-1990-2023,D,needs_review,公开研究型城市面板；字段口径与来源链条未完全公开，作为 provisional 暂存值，待官方年鉴/公报复核。
CN-340200,芜湖市,安徽省,2022,core,provisional,SRC-CITY-PANEL-1990-2023,D,needs_review,公开研究型城市面板；字段口径与来源链条未完全公开，作为 provisional 暂存值，待官方年鉴/公报复核。
CN-340300,蚌埠市,安徽省,2022,core,provisional,SRC-CITY-PANEL-1990-2023,D,needs_review,公开研究型城市面板；字段口径与来源链条未完全公开，作为 provisional 暂存值，待官方年鉴/公报复核。
CN-340400,淮南市,安徽省,2022,core,provisional,SRC-CITY-PANEL-1990-2023,D,needs_review,公开研究型城市面板；字段口径与来源链条未完全公开，作为 provisional 暂存值，待官方年鉴/公报复核。
CN-340500,马鞍山市,安徽省,2022,core,provisional,SRC-CITY-PANEL-1990-2023,D,needs_review,公开研究型城市面板；字段口径与来源链条未完全公开，作为 provisional 暂存值，待官方年鉴/公报复核。
CN-340600,淮北市,安徽省,2022,core,provisional,SRC-CITY-PANEL-1990-2023,D,needs_review,公开研究型城市面板；字段口径与来源链条未完全公开，作为 provisional 暂存值，待官方年鉴/公报复核。
CN-340700,铜陵市,安徽省,2022,core,provisional,SRC-CITY-PANEL-1990-2023,D,needs_review,公开研究型城市面板；字段口径与来源链条未完全公开，作为 provisional 暂存值，待官方年鉴/公报复核。
CN-340800,安庆市,安徽省,2022,core,provisional,SRC-CITY-PANEL-1990-2023,D,needs_review,公开研究型城市面板；字段口径与来源链条未完全公开，作为 provisional 暂存值，待官方年鉴/公报复核。
CN-341000,黄山市,安徽省,2022,core,provisional,SRC-CITY-PANEL-1990-2023,D,needs_review,公开研究型城市面板；字段口径与来源链条未完全公开，作为 provisional 暂存值，待官方年鉴/公报复核。
CN-341100,滁州市,安徽省,2022,core,provisional,SRC-CITY-PANEL-1990-2023,D,needs_review,公开研究型城市面板；字段口径与来源链条未完全公开，作为 provisional 暂存值，待官方年鉴/公报复核。
CN-341200,阜阳市,安徽省,2022,core,provisional,SRC-CITY-PANEL-1990-2023,D,needs_review,公开研究型城市面板；字段口径与来源链条未完全公开，作为 provisional 暂存值，待官方年鉴/公报复核。
CN-341300,宿州市,安徽省,2022,core,provisional,SRC-CITY-PANEL-1990-2023,D,needs_review,公开研究型城市面板；字段口径与来源链条未完全公开，作为 provisional 暂存值，待官方年鉴/公报复核。
CN-341500,六安市,安徽省,2022,core,provisional,SRC-CITY-PANEL-1990-2023,D,needs_review,公开研究型城市面板；字段口径与来源链条未完全公开，作为 provisional 暂存值，待官方年鉴/公报复核。
CN-341600,亳州市,安徽省,2022,core,provisional,SRC-CITY-PANEL-1990-2023,D,needs_review,公开研究型城市面板；字段口径与来源链条未完全公开，作为 provisional 暂存值，待官方年鉴/公报复核。
CN-341700,池州市,安徽省,2022,core,provisional,SRC-CITY-PANEL-1990-2023,D,needs_review,公开研究型城市面板；字段口径与来源链条未完全公开，作为 provisional 暂存值，待官方年鉴/公报复核。
CN-341800,宣城市,安徽省,2022,core,provisional,SRC-CITY-PANEL-1990-2023,D,needs_review,公开研究型城市面板；字段口径与来源链条未完全公开，作为 provisional 暂存值，待官方年鉴/公报复核。
CN-370100,济南市,山东省,2022,core,provisional,SRC-CITY-PANEL-1990-2023,D,needs_review,公开研究型城市面板；字段口径与来源链条未完全公开，作为 provisional 暂存值，待官方年鉴/公报复核。
CN-370300,淄博市,山东省,2022,core,provisional,SRC-CITY-PANEL-1990-2023,D,needs_review,公开研究型城市面板；字段口径与来源链条未完全公开，作为 provisional 暂存值，待官方年鉴/公报复核。
CN-370400,枣庄市,山东省,2022,core,provisional,SRC-CITY-PANEL-1990-2023,D,needs_review,公开研究型城市面板；字段口径与来源链条未完全公开，作为 provisional 暂存值，待官方年鉴/公报复核。
CN-370500,东营市,山东省,2022,core,provisional,SRC-CITY-PANEL-1990-2023,D,needs_review,公开研究型城市面板；字段口径与来源链条未完全公开，作为 provisional 暂存值，待官方年鉴/公报复核。
CN-370600,烟台市,山东省,2022,core,provisional,SRC-CITY-PANEL-1990-2023,D,needs_review,公开研究型城市面板；字段口径与来源链条未完全公开，作为 provisional 暂存值，待官方年鉴/公报复核。
CN-370700,潍坊市,山东省,2022,core,provisional,SRC-CITY-PANEL-1990-2023,D,needs_review,公开研究型城市面板；字段口径与来源链条未完全公开，作为 provisional 暂存值，待官方年鉴/公报复核。
CN-370800,济宁市,山东省,2022,core,provisional,SRC-CITY-PANEL-1990-2023,D,needs_review,公开研究型城市面板；字段口径与来源链条未完全公开，作为 provisional 暂存值，待官方年鉴/公报复核。
CN-370900,泰安市,山东省,2022,core,provisional,SRC-CITY-PANEL-1990-2023,D,needs_review,公开研究型城市面板；字段口径与来源链条未完全公开，作为 provisional 暂存值，待官方年鉴/公报复核。
CN-371000,威海市,山东省,2022,core,provisional,SRC-CITY-PANEL-1990-2023,D,needs_review,公开研究型城市面板；字段口径与来源链条未完全公开，作为 provisional 暂存值，待官方年鉴/公报复核。
CN-371100,日照市,山东省,2022,core,provisional,SRC-CITY-PANEL-1990-2023,D,needs_review,公开研究型城市面板；字段口径与来源链条未完全公开，作为 provisional 暂存值，待官方年鉴/公报复核。
CN-371300,临沂市,山东省,2022,core,provisional,SRC-CITY-PANEL-1990-2023,D,needs_review,公开研究型城市面板；字段口径与来源链条未完全公开，作为 provisional 暂存值，待官方年鉴/公报复核。
CN-371400,德州市,山东省,2022,core,provisional,SRC-CITY-PANEL-1990-2023,D,needs_review,公开研究型城市面板；字段口径与来源链条未完全公开，作为 provisional 暂存值，待官方年鉴/公报复核。
CN-371500,聊城市,山东省,2022,core,provisional,SRC-CITY-PANEL-1990-2023,D,needs_review,公开研究型城市面板；字段口径与来源链条未完全公开，作为 provisional 暂存值，待官方年鉴/公报复核。
CN-371600,滨州市,山东省,2022,core,provisional,SRC-CITY-PANEL-1990-2023,D,needs_review,公开研究型城市面板；字段口径与来源链条未完全公开，作为 provisional 暂存值，待官方年鉴/公报复核。
CN-371700,菏泽市,山东省,2022,core,provisional,SRC-CITY-PANEL-1990-2023,D,needs_review,公开研究型城市面板；字段口径与来源链条未完全公开，作为 provisional 暂存值，待官方年鉴/公报复核。
CN-140100,太原市,山西省,2022,core,provisional,SRC-CITY-PANEL-1990-2023,D,needs_review,公开研究型城市面板；字段口径与来源链条未完全公开，作为 provisional 暂存值，待官方年鉴/公报复核。
CN-140200,大同市,山西省,2022,core,provisional,SRC-CITY-PANEL-1990-2023,D,needs_review,公开研究型城市面板；字段口径与来源链条未完全公开，作为 provisional 暂存值，待官方年鉴/公报复核。
CN-140300,阳泉市,山西省,2022,core,provisional,SRC-CITY-PANEL-1990-2023,D,needs_review,公开研究型城市面板；字段口径与来源链条未完全公开，作为 provisional 暂存值，待官方年鉴/公报复核。
CN-140500,晋城市,山西省,2022,core,provisional,SRC-CITY-PANEL-1990-2023,D,needs_review,公开研究型城市面板；字段口径与来源链条未完全公开，作为 provisional 暂存值，待官方年鉴/公报复核。
CN-140600,朔州市,山西省,2022,core,provisional,SRC-CITY-PANEL-1990-2023,D,needs_review,公开研究型城市面板；字段口径与来源链条未完全公开，作为 provisional 暂存值，待官方年鉴/公报复核。
CN-140700,晋中市,山西省,2022,core,provisional,SRC-CITY-PANEL-1990-2023,D,needs_review,公开研究型城市面板；字段口径与来源链条未完全公开，作为 provisional 暂存值，待官方年鉴/公报复核。
CN-140800,运城市,山西省,2022,core,provisional,SRC-CITY-PANEL-1990-2023,D,needs_review,公开研究型城市面板；字段口径与来源链条未完全公开，作为 provisional 暂存值，待官方年鉴/公报复核。
CN-140900,忻州市,山西省,2022,core,provisional,SRC-CITY-PANEL-1990-2023,D,needs_review,公开研究型城市面板；字段口径与来源链条未完全公开，作为 provisional 暂存值，待官方年鉴/公报复核。
CN-141000,临汾市,山西省,2022,core,provisional,SRC-CITY-PANEL-1990-2023,D,needs_review,公开研究型城市面板；字段口径与来源链条未完全公开，作为 provisional 暂存值，待官方年鉴/公报复核。
CN-450100,南宁市,广西壮族自治区,2022,core,provisional,SRC-CITY-PANEL-1990-2023,D,needs_review,公开研究型城市面板；字段口径与来源链条未完全公开，作为 provisional 暂存值，待官方年鉴/公报复核。
CN-450200,柳州市,广西壮族自治区,2022,core,provisional,SRC-CITY-PANEL-1990-2023,D,needs_review,公开研究型城市面板；字段口径与来源链条未完全公开，作为 provisional 暂存值，待官方年鉴/公报复核。
CN-450300,桂林市,广西壮族自治区,2022,core,provisional,SRC-CITY-PANEL-1990-2023,D,needs_review,公开研究型城市面板；字段口径与来源链条未完全公开，作为 provisional 暂存值，待官方年鉴/公报复核。
CN-450400,梧州市,广西壮族自治区,2022,core,provisional,SRC-CITY-PANEL-1990-2023,D,needs_review,公开研究型城市面板；字段口径与来源链条未完全公开，作为 provisional 暂存值，待官方年鉴/公报复核。
CN-450500,北海市,广西壮族自治区,2022,core,provisional,SRC-CITY-PANEL-1990-2023,D,needs_review,公开研究型城市面板；字段口径与来源链条未完全公开，作为 provisional 暂存值，待官方年鉴/公报复核。
CN-450600,防城港市,广西壮族自治区,2022,core,provisional,SRC-CITY-PANEL-1990-2023,D,needs_review,公开研究型城市面板；字段口径与来源链条未完全公开，作为 provisional 暂存值，待官方年鉴/公报复核。
CN-450700,钦州市,广西壮族自治区,2022,core,provisional,SRC-CITY-PANEL-1990-2023,D,needs_review,公开研究型城市面板；字段口径与来源链条未完全公开，作为 provisional 暂存值，待官方年鉴/公报复核。
CN-450800,贵港市,广西壮族自治区,2022,core,provisional,SRC-CITY-PANEL-1990-2023,D,needs_review,公开研究型城市面板；字段口径与来源链条未完全公开，作为 provisional 暂存值，待官方年鉴/公报复核。
CN-450900,玉林市,广西壮族自治区,2022,core,provisional,SRC-CITY-PANEL-1990-2023,D,needs_review,公开研究型城市面板；字段口径与来源链条未完全公开，作为 provisional 暂存值，待官方年鉴/公报复核。
CN-451000,百色市,广西壮族自治区,2022,core,provisional,SRC-CITY-PANEL-1990-2023,D,needs_review,公开研究型城市面板；字段口径与来源链条未完全公开，作为 provisional 暂存值，待官方年鉴/公报复核。
CN-451200,河池市,广西壮族自治区,2022,core,provisional,SRC-CITY-PANEL-1990-2023,D,needs_review,公开研究型城市面板；字段口径与来源链条未完全公开，作为 provisional 暂存值，待官方年鉴/公报复核。
CN-451400,崇左市,广西壮族自治区,2022,core,provisional,SRC-CITY-PANEL-1990-2023,D,needs_review,公开研究型城市面板；字段口径与来源链条未完全公开，作为 provisional 暂存值，待官方年鉴/公报复核。
CN-659000,自治区直辖县级行政区划,新疆维吾尔自治区,2022,core,not_collected,,,needs_collection,未取得可审计的公开数值，保留 null，后续进入采集队列。
CN-360100,南昌市,江西省,2022,core,provisional,SRC-CITY-PANEL-1990-2023,D,needs_review,公开研究型城市面板；字段口径与来源链条未完全公开，作为 provisional 暂存值，待官方年鉴/公报复核。
CN-360200,景德镇市,江西省,2022,core,provisional,SRC-CITY-PANEL-1990-2023,D,needs_review,公开研究型城市面板；字段口径与来源链条未完全公开，作为 provisional 暂存值，待官方年鉴/公报复核。
CN-360300,萍乡市,江西省,2022,core,provisional,SRC-CITY-PANEL-1990-2023,D,needs_review,公开研究型城市面板；字段口径与来源链条未完全公开，作为 provisional 暂存值，待官方年鉴/公报复核。
CN-360400,九江市,江西省,2022,core,provisional,SRC-CITY-PANEL-1990-2023,D,needs_review,公开研究型城市面板；字段口径与来源链条未完全公开，作为 provisional 暂存值，待官方年鉴/公报复核。
CN-360500,新余市,江西省,2022,core,provisional,SRC-CITY-PANEL-1990-2023,D,needs_review,公开研究型城市面板；字段口径与来源链条未完全公开，作为 provisional 暂存值，待官方年鉴/公报复核。
CN-360600,鹰潭市,江西省,2022,core,provisional,SRC-CITY-PANEL-1990-2023,D,needs_review,公开研究型城市面板；字段口径与来源链条未完全公开，作为 provisional 暂存值，待官方年鉴/公报复核。
CN-360700,赣州市,江西省,2022,core,provisional,SRC-CITY-PANEL-1990-2023,D,needs_review,公开研究型城市面板；字段口径与来源链条未完全公开，作为 provisional 暂存值，待官方年鉴/公报复核。
CN-360800,吉安市,江西省,2022,core,provisional,SRC-CITY-PANEL-1990-2023,D,needs_review,公开研究型城市面板；字段口径与来源链条未完全公开，作为 provisional 暂存值，待官方年鉴/公报复核。
CN-360900,宜春市,江西省,2022,core,provisional,SRC-CITY-PANEL-1990-2023,D,needs_review,公开研究型城市面板；字段口径与来源链条未完全公开，作为 provisional 暂存值，待官方年鉴/公报复核。
CN-361000,抚州市,江西省,2022,core,provisional,SRC-CITY-PANEL-1990-2023,D,needs_review,公开研究型城市面板；字段口径与来源链条未完全公开，作为 provisional 暂存值，待官方年鉴/公报复核。
CN-361100,上饶市,江西省,2022,core,provisional,SRC-CITY-PANEL-1990-2023,D,needs_review,公开研究型城市面板；字段口径与来源链条未完全公开，作为 provisional 暂存值，待官方年鉴/公报复核。
CN-130100,石家庄市,河北省,2022,core,provisional,SRC-CITY-PANEL-1990-2023,D,needs_review,公开研究型城市面板；字段口径与来源链条未完全公开，作为 provisional 暂存值，待官方年鉴/公报复核。
CN-130200,唐山市,河北省,2022,core,provisional,SRC-CITY-PANEL-1990-2023,D,needs_review,公开研究型城市面板；字段口径与来源链条未完全公开，作为 provisional 暂存值，待官方年鉴/公报复核。
CN-130300,秦皇岛市,河北省,2022,core,provisional,SRC-CITY-PANEL-1990-2023,D,needs_review,公开研究型城市面板；字段口径与来源链条未完全公开，作为 provisional 暂存值，待官方年鉴/公报复核。
CN-130400,邯郸市,河北省,2022,core,provisional,SRC-CITY-PANEL-1990-2023,D,needs_review,公开研究型城市面板；字段口径与来源链条未完全公开，作为 provisional 暂存值，待官方年鉴/公报复核。
CN-130500,邢台市,河北省,2022,core,provisional,SRC-CITY-PANEL-1990-2023,D,needs_review,公开研究型城市面板；字段口径与来源链条未完全公开，作为 provisional 暂存值，待官方年鉴/公报复核。
CN-130600,保定市,河北省,2022,core,provisional,SRC-CITY-PANEL-1990-2023,D,needs_review,公开研究型城市面板；字段口径与来源链条未完全公开，作为 provisional 暂存值，待官方年鉴/公报复核。
CN-130700,张家口市,河北省,2022,core,provisional,SRC-CITY-PANEL-1990-2023,D,needs_review,公开研究型城市面板；字段口径与来源链条未完全公开，作为 provisional 暂存值，待官方年鉴/公报复核。
CN-130900,沧州市,河北省,2022,core,provisional,SRC-CITY-PANEL-1990-2023,D,needs_review,公开研究型城市面板；字段口径与来源链条未完全公开，作为 provisional 暂存值，待官方年鉴/公报复核。
CN-131000,廊坊市,河北省,2022,core,provisional,SRC-CITY-PANEL-1990-2023,D,needs_review,公开研究型城市面板；字段口径与来源链条未完全公开，作为 provisional 暂存值，待官方年鉴/公报复核。
CN-131100,衡水市,河北省,2022,core,provisional,SRC-CITY-PANEL-1990-2023,D,needs_review,公开研究型城市面板；字段口径与来源链条未完全公开，作为 provisional 暂存值，待官方年鉴/公报复核。
CN-410100,郑州市,河南省,2022,core,provisional,SRC-CITY-PANEL-1990-2023,D,needs_review,公开研究型城市面板；字段口径与来源链条未完全公开，作为 provisional 暂存值，待官方年鉴/公报复核。
CN-410200,开封市,河南省,2022,core,provisional,SRC-CITY-PANEL-1990-2023,D,needs_review,公开研究型城市面板；字段口径与来源链条未完全公开，作为 provisional 暂存值，待官方年鉴/公报复核。
CN-410300,洛阳市,河南省,2022,core,provisional,SRC-CITY-PANEL-1990-2023,D,needs_review,公开研究型城市面板；字段口径与来源链条未完全公开，作为 provisional 暂存值，待官方年鉴/公报复核。
CN-410400,平顶山市,河南省,2022,core,provisional,SRC-CITY-PANEL-1990-2023,D,needs_review,公开研究型城市面板；字段口径与来源链条未完全公开，作为 provisional 暂存值，待官方年鉴/公报复核。
CN-410500,安阳市,河南省,2022,core,provisional,SRC-CITY-PANEL-1990-2023,D,needs_review,公开研究型城市面板；字段口径与来源链条未完全公开，作为 provisional 暂存值，待官方年鉴/公报复核。
CN-410600,鹤壁市,河南省,2022,core,provisional,SRC-CITY-PANEL-1990-2023,D,needs_review,公开研究型城市面板；字段口径与来源链条未完全公开，作为 provisional 暂存值，待官方年鉴/公报复核。
CN-410700,新乡市,河南省,2022,core,provisional,SRC-CITY-PANEL-1990-2023,D,needs_review,公开研究型城市面板；字段口径与来源链条未完全公开，作为 provisional 暂存值，待官方年鉴/公报复核。
CN-410800,焦作市,河南省,2022,core,provisional,SRC-CITY-PANEL-1990-2023,D,needs_review,公开研究型城市面板；字段口径与来源链条未完全公开，作为 provisional 暂存值，待官方年鉴/公报复核。
CN-410900,濮阳市,河南省,2022,core,provisional,SRC-CITY-PANEL-1990-2023,D,needs_review,公开研究型城市面板；字段口径与来源链条未完全公开，作为 provisional 暂存值，待官方年鉴/公报复核。
CN-411000,许昌市,河南省,2022,core,provisional,SRC-CITY-PANEL-1990-2023,D,needs_review,公开研究型城市面板；字段口径与来源链条未完全公开，作为 provisional 暂存值，待官方年鉴/公报复核。
CN-411100,漯河市,河南省,2022,core,provisional,SRC-CITY-PANEL-1990-2023,D,needs_review,公开研究型城市面板；字段口径与来源链条未完全公开，作为 provisional 暂存值，待官方年鉴/公报复核。
CN-411200,三门峡市,河南省,2022,core,provisional,SRC-CITY-PANEL-1990-2023,D,needs_review,公开研究型城市面板；字段口径与来源链条未完全公开，作为 provisional 暂存值，待官方年鉴/公报复核。
CN-411300,南阳市,河南省,2022,core,provisional,SRC-CITY-PANEL-1990-2023,D,needs_review,公开研究型城市面板；字段口径与来源链条未完全公开，作为 provisional 暂存值，待官方年鉴/公报复核。
CN-411400,商丘市,河南省,2022,core,provisional,SRC-CITY-PANEL-1990-2023,D,needs_review,公开研究型城市面板；字段口径与来源链条未完全公开，作为 provisional 暂存值，待官方年鉴/公报复核。
CN-411500,信阳市,河南省,2022,core,provisional,SRC-CITY-PANEL-1990-2023,D,needs_review,公开研究型城市面板；字段口径与来源链条未完全公开，作为 provisional 暂存值，待官方年鉴/公报复核。
CN-411600,周口市,河南省,2022,core,provisional,SRC-CITY-PANEL-1990-2023,D,needs_review,公开研究型城市面板；字段口径与来源链条未完全公开，作为 provisional 暂存值，待官方年鉴/公报复核。
CN-411700,驻马店市,河南省,2022,core,provisional,SRC-CITY-PANEL-1990-2023,D,needs_review,公开研究型城市面板；字段口径与来源链条未完全公开，作为 provisional 暂存值，待官方年鉴/公报复核。
CN-419000,省直辖县级行政区划,河南省,2022,core,not_collected,,,needs_collection,未取得可审计的公开数值，保留 null，后续进入采集队列。
CN-330400,嘉兴市,浙江省,2022,core,provisional,SRC-CITY-PANEL-1990-2023,D,needs_review,公开研究型城市面板；字段口径与来源链条未完全公开，作为 provisional 暂存值，待官方年鉴/公报复核。
CN-330500,湖州市,浙江省,2022,core,provisional,SRC-CITY-PANEL-1990-2023,D,needs_review,公开研究型城市面板；字段口径与来源链条未完全公开，作为 provisional 暂存值，待官方年鉴/公报复核。
CN-330600,绍兴市,浙江省,2022,core,provisional,SRC-CITY-PANEL-1990-2023,D,needs_review,公开研究型城市面板；字段口径与来源链条未完全公开，作为 provisional 暂存值，待官方年鉴/公报复核。
CN-330700,金华市,浙江省,2022,core,provisional,SRC-CITY-PANEL-1990-2023,D,needs_review,公开研究型城市面板；字段口径与来源链条未完全公开，作为 provisional 暂存值，待官方年鉴/公报复核。
CN-330800,衢州市,浙江省,2022,core,provisional,SRC-CITY-PANEL-1990-2023,D,needs_review,公开研究型城市面板；字段口径与来源链条未完全公开，作为 provisional 暂存值，待官方年鉴/公报复核。
CN-330900,舟山市,浙江省,2022,core,provisional,SRC-CITY-PANEL-1990-2023,D,needs_review,公开研究型城市面板；字段口径与来源链条未完全公开，作为 provisional 暂存值，待官方年鉴/公报复核。
CN-331000,台州市,浙江省,2022,core,provisional,SRC-CITY-PANEL-1990-2023,D,needs_review,公开研究型城市面板；字段口径与来源链条未完全公开，作为 provisional 暂存值，待官方年鉴/公报复核。
CN-331100,丽水市,浙江省,2022,core,provisional,SRC-CITY-PANEL-1990-2023,D,needs_review,公开研究型城市面板；字段口径与来源链条未完全公开，作为 provisional 暂存值，待官方年鉴/公报复核。
CN-460300,三沙市,海南省,2022,core,provisional,SRC-CITY-PANEL-1990-2023,D,needs_review,公开研究型城市面板；字段口径与来源链条未完全公开，作为 provisional 暂存值，待官方年鉴/公报复核。
CN-469000,省直辖县级行政区划,海南省,2022,core,not_collected,,,needs_collection,未取得可审计的公开数值，保留 null，后续进入采集队列。
CN-420200,黄石市,湖北省,2022,core,provisional,SRC-CITY-PANEL-1990-2023,D,needs_review,公开研究型城市面板；字段口径与来源链条未完全公开，作为 provisional 暂存值，待官方年鉴/公报复核。
CN-420500,宜昌市,湖北省,2022,core,provisional,SRC-CITY-PANEL-1990-2023,D,needs_review,公开研究型城市面板；字段口径与来源链条未完全公开，作为 provisional 暂存值，待官方年鉴/公报复核。
CN-420600,襄阳市,湖北省,2022,core,provisional,SRC-CITY-PANEL-1990-2023,D,needs_review,公开研究型城市面板；字段口径与来源链条未完全公开，作为 provisional 暂存值，待官方年鉴/公报复核。
CN-420700,鄂州市,湖北省,2022,core,provisional,SRC-CITY-PANEL-1990-2023,D,needs_review,公开研究型城市面板；字段口径与来源链条未完全公开，作为 provisional 暂存值，待官方年鉴/公报复核。
CN-420800,荆门市,湖北省,2022,core,provisional,SRC-CITY-PANEL-1990-2023,D,needs_review,公开研究型城市面板；字段口径与来源链条未完全公开，作为 provisional 暂存值，待官方年鉴/公报复核。
CN-421100,黄冈市,湖北省,2022,core,provisional,SRC-CITY-PANEL-1990-2023,D,needs_review,公开研究型城市面板；字段口径与来源链条未完全公开，作为 provisional 暂存值，待官方年鉴/公报复核。
CN-421300,随州市,湖北省,2022,core,provisional,SRC-CITY-PANEL-1990-2023,D,needs_review,公开研究型城市面板；字段口径与来源链条未完全公开，作为 provisional 暂存值，待官方年鉴/公报复核。
CN-422800,恩施土家族苗族自治州,湖北省,2022,extended,not_collected,,,needs_collection,未取得可审计的公开数值，保留 null，后续进入采集队列。
CN-429000,省直辖县级行政区划,湖北省,2022,core,not_collected,,,needs_collection,未取得可审计的公开数值，保留 null，后续进入采集队列。
CN-620200,嘉峪关市,甘肃省,2022,core,provisional,SRC-CITY-PANEL-1990-2023,D,needs_review,公开研究型城市面板；字段口径与来源链条未完全公开，作为 provisional 暂存值，待官方年鉴/公报复核。
CN-620300,金昌市,甘肃省,2022,core,provisional,SRC-CITY-PANEL-1990-2023,D,needs_review,公开研究型城市面板；字段口径与来源链条未完全公开，作为 provisional 暂存值，待官方年鉴/公报复核。
CN-620400,白银市,甘肃省,2022,core,provisional,SRC-CITY-PANEL-1990-2023,D,needs_review,公开研究型城市面板；字段口径与来源链条未完全公开，作为 provisional 暂存值，待官方年鉴/公报复核。
CN-620500,天水市,甘肃省,2022,core,provisional,SRC-CITY-PANEL-1990-2023,D,needs_review,公开研究型城市面板；字段口径与来源链条未完全公开，作为 provisional 暂存值，待官方年鉴/公报复核。
CN-620600,武威市,甘肃省,2022,core,provisional,SRC-CITY-PANEL-1990-2023,D,needs_review,公开研究型城市面板；字段口径与来源链条未完全公开，作为 provisional 暂存值，待官方年鉴/公报复核。
CN-620700,张掖市,甘肃省,2022,core,provisional,SRC-CITY-PANEL-1990-2023,D,needs_review,公开研究型城市面板；字段口径与来源链条未完全公开，作为 provisional 暂存值，待官方年鉴/公报复核。
CN-620800,平凉市,甘肃省,2022,core,provisional,SRC-CITY-PANEL-1990-2023,D,needs_review,公开研究型城市面板；字段口径与来源链条未完全公开，作为 provisional 暂存值，待官方年鉴/公报复核。
CN-620900,酒泉市,甘肃省,2022,core,provisional,SRC-CITY-PANEL-1990-2023,D,needs_review,公开研究型城市面板；字段口径与来源链条未完全公开，作为 provisional 暂存值，待官方年鉴/公报复核。
CN-621000,庆阳市,甘肃省,2022,core,provisional,SRC-CITY-PANEL-1990-2023,D,needs_review,公开研究型城市面板；字段口径与来源链条未完全公开，作为 provisional 暂存值，待官方年鉴/公报复核。
CN-621100,定西市,甘肃省,2022,core,provisional,SRC-CITY-PANEL-1990-2023,D,needs_review,公开研究型城市面板；字段口径与来源链条未完全公开，作为 provisional 暂存值，待官方年鉴/公报复核。
CN-621200,陇南市,甘肃省,2022,core,provisional,SRC-CITY-PANEL-1990-2023,D,needs_review,公开研究型城市面板；字段口径与来源链条未完全公开，作为 provisional 暂存值，待官方年鉴/公报复核。
CN-622900,临夏回族自治州,甘肃省,2022,extended,not_collected,,,needs_collection,未取得可审计的公开数值，保留 null，后续进入采集队列。
CN-623000,甘南藏族自治州,甘肃省,2022,extended,not_collected,,,needs_collection,未取得可审计的公开数值，保留 null，后续进入采集队列。
CN-350100,福州市,福建省,2022,core,provisional,SRC-CITY-PANEL-1990-2023,D,needs_review,公开研究型城市面板；字段口径与来源链条未完全公开，作为 provisional 暂存值，待官方年鉴/公报复核。
CN-350300,莆田市,福建省,2022,core,provisional,SRC-CITY-PANEL-1990-2023,D,needs_review,公开研究型城市面板；字段口径与来源链条未完全公开，作为 provisional 暂存值，待官方年鉴/公报复核。
CN-350400,三明市,福建省,2022,core,provisional,SRC-CITY-PANEL-1990-2023,D,needs_review,公开研究型城市面板；字段口径与来源链条未完全公开，作为 provisional 暂存值，待官方年鉴/公报复核。
CN-350600,漳州市,福建省,2022,core,provisional,SRC-CITY-PANEL-1990-2023,D,needs_review,公开研究型城市面板；字段口径与来源链条未完全公开，作为 provisional 暂存值，待官方年鉴/公报复核。
CN-350700,南平市,福建省,2022,core,provisional,SRC-CITY-PANEL-1990-2023,D,needs_review,公开研究型城市面板；字段口径与来源链条未完全公开，作为 provisional 暂存值，待官方年鉴/公报复核。
CN-350800,龙岩市,福建省,2022,core,provisional,SRC-CITY-PANEL-1990-2023,D,needs_review,公开研究型城市面板；字段口径与来源链条未完全公开，作为 provisional 暂存值，待官方年鉴/公报复核。
CN-350900,宁德市,福建省,2022,core,provisional,SRC-CITY-PANEL-1990-2023,D,needs_review,公开研究型城市面板；字段口径与来源链条未完全公开，作为 provisional 暂存值，待官方年鉴/公报复核。
CN-540100,拉萨市,西藏自治区,2022,core,provisional,SRC-CITY-PANEL-1990-2023,D,needs_review,公开研究型城市面板；字段口径与来源链条未完全公开，作为 provisional 暂存值，待官方年鉴/公报复核。
CN-540200,日喀则市,西藏自治区,2022,core,provisional,SRC-CITY-PANEL-1990-2023,D,needs_review,公开研究型城市面板；字段口径与来源链条未完全公开，作为 provisional 暂存值，待官方年鉴/公报复核。
CN-540300,昌都市,西藏自治区,2022,core,provisional,SRC-CITY-PANEL-1990-2023,D,needs_review,公开研究型城市面板；字段口径与来源链条未完全公开，作为 provisional 暂存值，待官方年鉴/公报复核。
CN-540400,林芝市,西藏自治区,2022,core,provisional,SRC-CITY-PANEL-1990-2023,D,needs_review,公开研究型城市面板；字段口径与来源链条未完全公开，作为 provisional 暂存值，待官方年鉴/公报复核。
CN-540500,山南市,西藏自治区,2022,core,provisional,SRC-CITY-PANEL-1990-2023,D,needs_review,公开研究型城市面板；字段口径与来源链条未完全公开，作为 provisional 暂存值，待官方年鉴/公报复核。
CN-540600,那曲市,西藏自治区,2022,core,provisional,SRC-CITY-PANEL-1990-2023,D,needs_review,公开研究型城市面板；字段口径与来源链条未完全公开，作为 provisional 暂存值，待官方年鉴/公报复核。
CN-542500,阿里地区,西藏自治区,2022,extended,not_collected,,,needs_collection,未取得可审计的公开数值，保留 null，后续进入采集队列。
CN-610300,宝鸡市,陕西省,2022,core,provisional,SRC-CITY-PANEL-1990-2023,D,needs_review,公开研究型城市面板；字段口径与来源链条未完全公开，作为 provisional 暂存值，待官方年鉴/公报复核。
CN-610400,咸阳市,陕西省,2022,core,provisional,SRC-CITY-PANEL-1990-2023,D,needs_review,公开研究型城市面板；字段口径与来源链条未完全公开，作为 provisional 暂存值，待官方年鉴/公报复核。
CN-610500,渭南市,陕西省,2022,core,provisional,SRC-CITY-PANEL-1990-2023,D,needs_review,公开研究型城市面板；字段口径与来源链条未完全公开，作为 provisional 暂存值，待官方年鉴/公报复核。
CN-610600,延安市,陕西省,2022,core,provisional,SRC-CITY-PANEL-1990-2023,D,needs_review,公开研究型城市面板；字段口径与来源链条未完全公开，作为 provisional 暂存值，待官方年鉴/公报复核。
CN-610700,汉中市,陕西省,2022,core,provisional,SRC-CITY-PANEL-1990-2023,D,needs_review,公开研究型城市面板；字段口径与来源链条未完全公开，作为 provisional 暂存值，待官方年鉴/公报复核。
CN-611000,商洛市,陕西省,2022,core,provisional,SRC-CITY-PANEL-1990-2023,D,needs_review,公开研究型城市面板；字段口径与来源链条未完全公开，作为 provisional 暂存值，待官方年鉴/公报复核。
CN-530400,玉溪市,云南省,2023,core,provisional,SRC-CITY-PANEL-1990-2023,D,needs_review,公开研究型城市面板；字段口径与来源链条未完全公开，作为 provisional 暂存值，待官方年鉴/公报复核。
CN-530700,丽江市,云南省,2023,core,provisional,SRC-CITY-PANEL-1990-2023,D,needs_review,公开研究型城市面板；字段口径与来源链条未完全公开，作为 provisional 暂存值，待官方年鉴/公报复核。
CN-530900,临沧市,云南省,2023,core,provisional,SRC-CITY-PANEL-1990-2023,D,needs_review,公开研究型城市面板；字段口径与来源链条未完全公开，作为 provisional 暂存值，待官方年鉴/公报复核。
CN-532500,红河哈尼族彝族自治州,云南省,2023,extended,not_collected,,,needs_collection,未取得可审计的公开数值，保留 null，后续进入采集队列。
CN-532600,文山壮族苗族自治州,云南省,2023,extended,not_collected,,,needs_collection,未取得可审计的公开数值，保留 null，后续进入采集队列。
CN-532800,西双版纳傣族自治州,云南省,2023,extended,not_collected,,,needs_collection,未取得可审计的公开数值，保留 null，后续进入采集队列。
CN-532900,大理白族自治州,云南省,2023,extended,not_collected,,,needs_collection,未取得可审计的公开数值，保留 null，后续进入采集队列。
CN-533300,怒江傈僳族自治州,云南省,2023,extended,not_collected,,,needs_collection,未取得可审计的公开数值，保留 null，后续进入采集队列。
CN-533400,迪庆藏族自治州,云南省,2023,extended,not_collected,,,needs_collection,未取得可审计的公开数值，保留 null，后续进入采集队列。
CN-150200,包头市,内蒙古自治区,2023,core,provisional,SRC-CITY-PANEL-1990-2023,D,needs_review,公开研究型城市面板；字段口径与来源链条未完全公开，作为 provisional 暂存值，待官方年鉴/公报复核。
CN-150600,鄂尔多斯市,内蒙古自治区,2023,core,provisional,SRC-CITY-PANEL-1990-2023,D,needs_review,公开研究型城市面板；字段口径与来源链条未完全公开，作为 provisional 暂存值，待官方年鉴/公报复核。
CN-152500,锡林郭勒盟,内蒙古自治区,2023,extended,not_collected,,,needs_collection,未取得可审计的公开数值，保留 null，后续进入采集队列。
CN-152900,阿拉善盟,内蒙古自治区,2023,extended,not_collected,,,needs_collection,未取得可审计的公开数值，保留 null，后续进入采集队列。
CN-510400,攀枝花市,四川省,2023,core,provisional,SRC-CITY-PANEL-1990-2023,D,needs_review,公开研究型城市面板；字段口径与来源链条未完全公开，作为 provisional 暂存值，待官方年鉴/公报复核。
CN-511000,内江市,四川省,2023,core,provisional,SRC-CITY-PANEL-1990-2023,D,needs_review,公开研究型城市面板；字段口径与来源链条未完全公开，作为 provisional 暂存值，待官方年鉴/公报复核。
CN-511400,眉山市,四川省,2023,core,provisional,SRC-CITY-PANEL-1990-2023,D,needs_review,公开研究型城市面板；字段口径与来源链条未完全公开，作为 provisional 暂存值，待官方年鉴/公报复核。
CN-512000,资阳市,四川省,2023,core,provisional,SRC-CITY-PANEL-1990-2023,D,needs_review,公开研究型城市面板；字段口径与来源链条未完全公开，作为 provisional 暂存值，待官方年鉴/公报复核。
CN-513200,阿坝藏族羌族自治州,四川省,2023,extended,not_collected,,,needs_collection,未取得可审计的公开数值，保留 null，后续进入采集队列。
CN-513300,甘孜藏族自治州,四川省,2023,extended,not_collected,,,needs_collection,未取得可审计的公开数值，保留 null，后续进入采集队列。
CN-513400,凉山彝族自治州,四川省,2023,extended,not_collected,,,needs_collection,未取得可审计的公开数值，保留 null，后续进入采集队列。
CN-340100,合肥市,安徽省,2023,core,provisional,SRC-CITY-PANEL-1990-2023,D,needs_review,公开研究型城市面板；字段口径与来源链条未完全公开，作为 provisional 暂存值，待官方年鉴/公报复核。
CN-340300,蚌埠市,安徽省,2023,core,provisional,SRC-CITY-PANEL-1990-2023,D,needs_review,公开研究型城市面板；字段口径与来源链条未完全公开，作为 provisional 暂存值，待官方年鉴/公报复核。
CN-340500,马鞍山市,安徽省,2023,core,provisional,SRC-CITY-PANEL-1990-2023,D,needs_review,公开研究型城市面板；字段口径与来源链条未完全公开，作为 provisional 暂存值，待官方年鉴/公报复核。
CN-340600,淮北市,安徽省,2023,core,provisional,SRC-CITY-PANEL-1990-2023,D,needs_review,公开研究型城市面板；字段口径与来源链条未完全公开，作为 provisional 暂存值，待官方年鉴/公报复核。
CN-340700,铜陵市,安徽省,2023,core,provisional,SRC-CITY-PANEL-1990-2023,D,needs_review,公开研究型城市面板；字段口径与来源链条未完全公开，作为 provisional 暂存值，待官方年鉴/公报复核。
CN-340800,安庆市,安徽省,2023,core,provisional,SRC-CITY-PANEL-1990-2023,D,needs_review,公开研究型城市面板；字段口径与来源链条未完全公开，作为 provisional 暂存值，待官方年鉴/公报复核。
CN-341000,黄山市,安徽省,2023,core,provisional,SRC-CITY-PANEL-1990-2023,D,needs_review,公开研究型城市面板；字段口径与来源链条未完全公开，作为 provisional 暂存值，待官方年鉴/公报复核。
CN-341100,滁州市,安徽省,2023,core,provisional,SRC-CITY-PANEL-1990-2023,D,needs_review,公开研究型城市面板；字段口径与来源链条未完全公开，作为 provisional 暂存值，待官方年鉴/公报复核。
CN-341200,阜阳市,安徽省,2023,core,provisional,SRC-CITY-PANEL-1990-2023,D,needs_review,公开研究型城市面板；字段口径与来源链条未完全公开，作为 provisional 暂存值，待官方年鉴/公报复核。
CN-341300,宿州市,安徽省,2023,core,provisional,SRC-CITY-PANEL-1990-2023,D,needs_review,公开研究型城市面板；字段口径与来源链条未完全公开，作为 provisional 暂存值，待官方年鉴/公报复核。
CN-341500,六安市,安徽省,2023,core,provisional,SRC-CITY-PANEL-1990-2023,D,needs_review,公开研究型城市面板；字段口径与来源链条未完全公开，作为 provisional 暂存值，待官方年鉴/公报复核。
CN-341600,亳州市,安徽省,2023,core,provisional,SRC-CITY-PANEL-1990-2023,D,needs_review,公开研究型城市面板；字段口径与来源链条未完全公开，作为 provisional 暂存值，待官方年鉴/公报复核。
CN-341700,池州市,安徽省,2023,core,provisional,SRC-CITY-PANEL-1990-2023,D,needs_review,公开研究型城市面板；字段口径与来源链条未完全公开，作为 provisional 暂存值，待官方年鉴/公报复核。
CN-341800,宣城市,安徽省,2023,core,provisional,SRC-CITY-PANEL-1990-2023,D,needs_review,公开研究型城市面板；字段口径与来源链条未完全公开，作为 provisional 暂存值，待官方年鉴/公报复核。
CN-140300,阳泉市,山西省,2023,core,provisional,SRC-CITY-PANEL-1990-2023,D,needs_review,公开研究型城市面板；字段口径与来源链条未完全公开，作为 provisional 暂存值，待官方年鉴/公报复核。
CN-140400,长治市,山西省,2023,core,provisional,SRC-CITY-PANEL-1990-2023,D,needs_review,公开研究型城市面板；字段口径与来源链条未完全公开，作为 provisional 暂存值，待官方年鉴/公报复核。
CN-140500,晋城市,山西省,2023,core,provisional,SRC-CITY-PANEL-1990-2023,D,needs_review,公开研究型城市面板；字段口径与来源链条未完全公开，作为 provisional 暂存值，待官方年鉴/公报复核。
CN-140800,运城市,山西省,2023,core,provisional,SRC-CITY-PANEL-1990-2023,D,needs_review,公开研究型城市面板；字段口径与来源链条未完全公开，作为 provisional 暂存值，待官方年鉴/公报复核。
CN-140900,忻州市,山西省,2023,core,provisional,SRC-CITY-PANEL-1990-2023,D,needs_review,公开研究型城市面板；字段口径与来源链条未完全公开，作为 provisional 暂存值，待官方年鉴/公报复核。
CN-141100,吕梁市,山西省,2023,core,provisional,SRC-CITY-PANEL-1990-2023,D,needs_review,公开研究型城市面板；字段口径与来源链条未完全公开，作为 provisional 暂存值，待官方年鉴/公报复核。
CN-450100,南宁市,广西壮族自治区,2023,core,provisional,SRC-CITY-PANEL-1990-2023,D,needs_review,公开研究型城市面板；字段口径与来源链条未完全公开，作为 provisional 暂存值，待官方年鉴/公报复核。
CN-450200,柳州市,广西壮族自治区,2023,core,provisional,SRC-CITY-PANEL-1990-2023,D,needs_review,公开研究型城市面板；字段口径与来源链条未完全公开，作为 provisional 暂存值，待官方年鉴/公报复核。
CN-450300,桂林市,广西壮族自治区,2023,core,provisional,SRC-CITY-PANEL-1990-2023,D,needs_review,公开研究型城市面板；字段口径与来源链条未完全公开，作为 provisional 暂存值，待官方年鉴/公报复核。
CN-450400,梧州市,广西壮族自治区,2023,core,provisional,SRC-CITY-PANEL-1990-2023,D,needs_review,公开研究型城市面板；字段口径与来源链条未完全公开，作为 provisional 暂存值，待官方年鉴/公报复核。
CN-450500,北海市,广西壮族自治区,2023,core,provisional,SRC-CITY-PANEL-1990-2023,D,needs_review,公开研究型城市面板；字段口径与来源链条未完全公开，作为 provisional 暂存值，待官方年鉴/公报复核。
CN-450600,防城港市,广西壮族自治区,2023,core,provisional,SRC-CITY-PANEL-1990-2023,D,needs_review,公开研究型城市面板；字段口径与来源链条未完全公开，作为 provisional 暂存值，待官方年鉴/公报复核。
CN-450700,钦州市,广西壮族自治区,2023,core,provisional,SRC-CITY-PANEL-1990-2023,D,needs_review,公开研究型城市面板；字段口径与来源链条未完全公开，作为 provisional 暂存值，待官方年鉴/公报复核。
CN-450800,贵港市,广西壮族自治区,2023,core,provisional,SRC-CITY-PANEL-1990-2023,D,needs_review,公开研究型城市面板；字段口径与来源链条未完全公开，作为 provisional 暂存值，待官方年鉴/公报复核。
CN-451000,百色市,广西壮族自治区,2023,core,provisional,SRC-CITY-PANEL-1990-2023,D,needs_review,公开研究型城市面板；字段口径与来源链条未完全公开，作为 provisional 暂存值，待官方年鉴/公报复核。
CN-451200,河池市,广西壮族自治区,2023,core,provisional,SRC-CITY-PANEL-1990-2023,D,needs_review,公开研究型城市面板；字段口径与来源链条未完全公开，作为 provisional 暂存值，待官方年鉴/公报复核。
CN-451400,崇左市,广西壮族自治区,2023,core,provisional,SRC-CITY-PANEL-1990-2023,D,needs_review,公开研究型城市面板；字段口径与来源链条未完全公开，作为 provisional 暂存值，待官方年鉴/公报复核。
CN-659000,自治区直辖县级行政区划,新疆维吾尔自治区,2023,core,not_collected,,,needs_collection,未取得可审计的公开数值，保留 null，后续进入采集队列。
CN-360100,南昌市,江西省,2023,core,provisional,SRC-CITY-PANEL-1990-2023,D,needs_review,公开研究型城市面板；字段口径与来源链条未完全公开，作为 provisional 暂存值，待官方年鉴/公报复核。
CN-360200,景德镇市,江西省,2023,core,provisional,SRC-CITY-PANEL-1990-2023,D,needs_review,公开研究型城市面板；字段口径与来源链条未完全公开，作为 provisional 暂存值，待官方年鉴/公报复核。
CN-360300,萍乡市,江西省,2023,core,provisional,SRC-CITY-PANEL-1990-2023,D,needs_review,公开研究型城市面板；字段口径与来源链条未完全公开，作为 provisional 暂存值，待官方年鉴/公报复核。
CN-360400,九江市,江西省,2023,core,provisional,SRC-CITY-PANEL-1990-2023,D,needs_review,公开研究型城市面板；字段口径与来源链条未完全公开，作为 provisional 暂存值，待官方年鉴/公报复核。
CN-360500,新余市,江西省,2023,core,provisional,SRC-CITY-PANEL-1990-2023,D,needs_review,公开研究型城市面板；字段口径与来源链条未完全公开，作为 provisional 暂存值，待官方年鉴/公报复核。
CN-360600,鹰潭市,江西省,2023,core,provisional,SRC-CITY-PANEL-1990-2023,D,needs_review,公开研究型城市面板；字段口径与来源链条未完全公开，作为 provisional 暂存值，待官方年鉴/公报复核。
CN-360700,赣州市,江西省,2023,core,provisional,SRC-CITY-PANEL-1990-2023,D,needs_review,公开研究型城市面板；字段口径与来源链条未完全公开，作为 provisional 暂存值，待官方年鉴/公报复核。
CN-360800,吉安市,江西省,2023,core,provisional,SRC-CITY-PANEL-1990-2023,D,needs_review,公开研究型城市面板；字段口径与来源链条未完全公开，作为 provisional 暂存值，待官方年鉴/公报复核。
CN-360900,宜春市,江西省,2023,core,provisional,SRC-CITY-PANEL-1990-2023,D,needs_review,公开研究型城市面板；字段口径与来源链条未完全公开，作为 provisional 暂存值，待官方年鉴/公报复核。
CN-361000,抚州市,江西省,2023,core,provisional,SRC-CITY-PANEL-1990-2023,D,needs_review,公开研究型城市面板；字段口径与来源链条未完全公开，作为 provisional 暂存值，待官方年鉴/公报复核。
CN-361100,上饶市,江西省,2023,core,provisional,SRC-CITY-PANEL-1990-2023,D,needs_review,公开研究型城市面板；字段口径与来源链条未完全公开，作为 provisional 暂存值，待官方年鉴/公报复核。
CN-130300,秦皇岛市,河北省,2023,core,provisional,SRC-CITY-PANEL-1990-2023,D,needs_review,公开研究型城市面板；字段口径与来源链条未完全公开，作为 provisional 暂存值，待官方年鉴/公报复核。
CN-130400,邯郸市,河北省,2023,core,provisional,SRC-CITY-PANEL-1990-2023,D,needs_review,公开研究型城市面板；字段口径与来源链条未完全公开，作为 provisional 暂存值，待官方年鉴/公报复核。
CN-130500,邢台市,河北省,2023,core,provisional,SRC-CITY-PANEL-1990-2023,D,needs_review,公开研究型城市面板；字段口径与来源链条未完全公开，作为 provisional 暂存值，待官方年鉴/公报复核。
CN-130700,张家口市,河北省,2023,core,provisional,SRC-CITY-PANEL-1990-2023,D,needs_review,公开研究型城市面板；字段口径与来源链条未完全公开，作为 provisional 暂存值，待官方年鉴/公报复核。
CN-130900,沧州市,河北省,2023,core,provisional,SRC-CITY-PANEL-1990-2023,D,needs_review,公开研究型城市面板；字段口径与来源链条未完全公开，作为 provisional 暂存值，待官方年鉴/公报复核。
CN-131000,廊坊市,河北省,2023,core,provisional,SRC-CITY-PANEL-1990-2023,D,needs_review,公开研究型城市面板；字段口径与来源链条未完全公开，作为 provisional 暂存值，待官方年鉴/公报复核。
CN-419000,省直辖县级行政区划,河南省,2023,core,not_collected,,,needs_collection,未取得可审计的公开数值，保留 null，后续进入采集队列。
CN-330100,杭州市,浙江省,2023,core,provisional,SRC-CITY-PANEL-1990-2023,D,needs_review,公开研究型城市面板；字段口径与来源链条未完全公开，作为 provisional 暂存值，待官方年鉴/公报复核。
CN-330300,温州市,浙江省,2023,core,provisional,SRC-CITY-PANEL-1990-2023,D,needs_review,公开研究型城市面板；字段口径与来源链条未完全公开，作为 provisional 暂存值，待官方年鉴/公报复核。
CN-330400,嘉兴市,浙江省,2023,core,provisional,SRC-CITY-PANEL-1990-2023,D,needs_review,公开研究型城市面板；字段口径与来源链条未完全公开，作为 provisional 暂存值，待官方年鉴/公报复核。
CN-330500,湖州市,浙江省,2023,core,provisional,SRC-CITY-PANEL-1990-2023,D,needs_review,公开研究型城市面板；字段口径与来源链条未完全公开，作为 provisional 暂存值，待官方年鉴/公报复核。
CN-330600,绍兴市,浙江省,2023,core,provisional,SRC-CITY-PANEL-1990-2023,D,needs_review,公开研究型城市面板；字段口径与来源链条未完全公开，作为 provisional 暂存值，待官方年鉴/公报复核。
CN-330700,金华市,浙江省,2023,core,provisional,SRC-CITY-PANEL-1990-2023,D,needs_review,公开研究型城市面板；字段口径与来源链条未完全公开，作为 provisional 暂存值，待官方年鉴/公报复核。
CN-330800,衢州市,浙江省,2023,core,provisional,SRC-CITY-PANEL-1990-2023,D,needs_review,公开研究型城市面板；字段口径与来源链条未完全公开，作为 provisional 暂存值，待官方年鉴/公报复核。
CN-330900,舟山市,浙江省,2023,core,provisional,SRC-CITY-PANEL-1990-2023,D,needs_review,公开研究型城市面板；字段口径与来源链条未完全公开，作为 provisional 暂存值，待官方年鉴/公报复核。
CN-331000,台州市,浙江省,2023,core,provisional,SRC-CITY-PANEL-1990-2023,D,needs_review,公开研究型城市面板；字段口径与来源链条未完全公开，作为 provisional 暂存值，待官方年鉴/公报复核。
CN-331100,丽水市,浙江省,2023,core,provisional,SRC-CITY-PANEL-1990-2023,D,needs_review,公开研究型城市面板；字段口径与来源链条未完全公开，作为 provisional 暂存值，待官方年鉴/公报复核。
CN-460300,三沙市,海南省,2023,core,provisional,SRC-CITY-PANEL-1990-2023,D,needs_review,公开研究型城市面板；字段口径与来源链条未完全公开，作为 provisional 暂存值，待官方年鉴/公报复核。
CN-469000,省直辖县级行政区划,海南省,2023,core,not_collected,,,needs_collection,未取得可审计的公开数值，保留 null，后续进入采集队列。
CN-421300,随州市,湖北省,2023,core,provisional,SRC-CITY-PANEL-1990-2023,D,needs_review,公开研究型城市面板；字段口径与来源链条未完全公开，作为 provisional 暂存值，待官方年鉴/公报复核。
CN-429000,省直辖县级行政区划,湖北省,2023,core,not_collected,,,needs_collection,未取得可审计的公开数值，保留 null，后续进入采集队列。
CN-620200,嘉峪关市,甘肃省,2023,core,provisional,SRC-CITY-PANEL-1990-2023,D,needs_review,公开研究型城市面板；字段口径与来源链条未完全公开，作为 provisional 暂存值，待官方年鉴/公报复核。
CN-620300,金昌市,甘肃省,2023,core,provisional,SRC-CITY-PANEL-1990-2023,D,needs_review,公开研究型城市面板；字段口径与来源链条未完全公开，作为 provisional 暂存值，待官方年鉴/公报复核。
CN-620400,白银市,甘肃省,2023,core,provisional,SRC-CITY-PANEL-1990-2023,D,needs_review,公开研究型城市面板；字段口径与来源链条未完全公开，作为 provisional 暂存值，待官方年鉴/公报复核。
CN-620500,天水市,甘肃省,2023,core,provisional,SRC-CITY-PANEL-1990-2023,D,needs_review,公开研究型城市面板；字段口径与来源链条未完全公开，作为 provisional 暂存值，待官方年鉴/公报复核。
CN-620600,武威市,甘肃省,2023,core,provisional,SRC-CITY-PANEL-1990-2023,D,needs_review,公开研究型城市面板；字段口径与来源链条未完全公开，作为 provisional 暂存值，待官方年鉴/公报复核。
CN-620700,张掖市,甘肃省,2023,core,provisional,SRC-CITY-PANEL-1990-2023,D,needs_review,公开研究型城市面板；字段口径与来源链条未完全公开，作为 provisional 暂存值，待官方年鉴/公报复核。
CN-620800,平凉市,甘肃省,2023,core,provisional,SRC-CITY-PANEL-1990-2023,D,needs_review,公开研究型城市面板；字段口径与来源链条未完全公开，作为 provisional 暂存值，待官方年鉴/公报复核。
CN-620900,酒泉市,甘肃省,2023,core,provisional,SRC-CITY-PANEL-1990-2023,D,needs_review,公开研究型城市面板；字段口径与来源链条未完全公开，作为 provisional 暂存值，待官方年鉴/公报复核。
CN-621000,庆阳市,甘肃省,2023,core,provisional,SRC-CITY-PANEL-1990-2023,D,needs_review,公开研究型城市面板；字段口径与来源链条未完全公开，作为 provisional 暂存值，待官方年鉴/公报复核。
CN-621100,定西市,甘肃省,2023,core,provisional,SRC-CITY-PANEL-1990-2023,D,needs_review,公开研究型城市面板；字段口径与来源链条未完全公开，作为 provisional 暂存值，待官方年鉴/公报复核。
CN-621200,陇南市,甘肃省,2023,core,provisional,SRC-CITY-PANEL-1990-2023,D,needs_review,公开研究型城市面板；字段口径与来源链条未完全公开，作为 provisional 暂存值，待官方年鉴/公报复核。
CN-622900,临夏回族自治州,甘肃省,2023,extended,not_collected,,,needs_collection,未取得可审计的公开数值，保留 null，后续进入采集队列。
CN-623000,甘南藏族自治州,甘肃省,2023,extended,not_collected,,,needs_collection,未取得可审计的公开数值，保留 null，后续进入采集队列。
CN-350100,福州市,福建省,2023,core,provisional,SRC-CITY-PANEL-1990-2023,D,needs_review,公开研究型城市面板；字段口径与来源链条未完全公开，作为 provisional 暂存值，待官方年鉴/公报复核。
CN-350300,莆田市,福建省,2023,core,provisional,SRC-CITY-PANEL-1990-2023,D,needs_review,公开研究型城市面板；字段口径与来源链条未完全公开，作为 provisional 暂存值，待官方年鉴/公报复核。
CN-350400,三明市,福建省,2023,core,provisional,SRC-CITY-PANEL-1990-2023,D,needs_review,公开研究型城市面板；字段口径与来源链条未完全公开，作为 provisional 暂存值，待官方年鉴/公报复核。
CN-350500,泉州市,福建省,2023,core,provisional,SRC-CITY-PANEL-1990-2023,D,needs_review,公开研究型城市面板；字段口径与来源链条未完全公开，作为 provisional 暂存值，待官方年鉴/公报复核。
CN-350600,漳州市,福建省,2023,core,provisional,SRC-CITY-PANEL-1990-2023,D,needs_review,公开研究型城市面板；字段口径与来源链条未完全公开，作为 provisional 暂存值，待官方年鉴/公报复核。
CN-350700,南平市,福建省,2023,core,provisional,SRC-CITY-PANEL-1990-2023,D,needs_review,公开研究型城市面板；字段口径与来源链条未完全公开，作为 provisional 暂存值，待官方年鉴/公报复核。
CN-350800,龙岩市,福建省,2023,core,provisional,SRC-CITY-PANEL-1990-2023,D,needs_review,公开研究型城市面板；字段口径与来源链条未完全公开，作为 provisional 暂存值，待官方年鉴/公报复核。
CN-350900,宁德市,福建省,2023,core,provisional,SRC-CITY-PANEL-1990-2023,D,needs_review,公开研究型城市面板；字段口径与来源链条未完全公开，作为 provisional 暂存值，待官方年鉴/公报复核。
CN-540100,拉萨市,西藏自治区,2023,core,provisional,SRC-CITY-PANEL-1990-2023,D,needs_review,公开研究型城市面板；字段口径与来源链条未完全公开，作为 provisional 暂存值，待官方年鉴/公报复核。
CN-540200,日喀则市,西藏自治区,2023,core,provisional,SRC-CITY-PANEL-1990-2023,D,needs_review,公开研究型城市面板；字段口径与来源链条未完全公开，作为 provisional 暂存值，待官方年鉴/公报复核。
CN-540300,昌都市,西藏自治区,2023,core,provisional,SRC-CITY-PANEL-1990-2023,D,needs_review,公开研究型城市面板；字段口径与来源链条未完全公开，作为 provisional 暂存值，待官方年鉴/公报复核。
CN-540400,林芝市,西藏自治区,2023,core,provisional,SRC-CITY-PANEL-1990-2023,D,needs_review,公开研究型城市面板；字段口径与来源链条未完全公开，作为 provisional 暂存值，待官方年鉴/公报复核。
CN-540500,山南市,西藏自治区,2023,core,provisional,SRC-CITY-PANEL-1990-2023,D,needs_review,公开研究型城市面板；字段口径与来源链条未完全公开，作为 provisional 暂存值，待官方年鉴/公报复核。
CN-540600,那曲市,西藏自治区,2023,core,provisional,SRC-CITY-PANEL-1990-2023,D,needs_review,公开研究型城市面板；字段口径与来源链条未完全公开，作为 provisional 暂存值，待官方年鉴/公报复核。
CN-542500,阿里地区,西藏自治区,2023,extended,not_collected,,,needs_collection,未取得可审计的公开数值，保留 null，后续进入采集队列。
CN-210100,沈阳市,辽宁省,2023,core,provisional,SRC-CITY-PANEL-1990-2023,D,needs_review,公开研究型城市面板；字段口径与来源链条未完全公开，作为 provisional 暂存值，待官方年鉴/公报复核。
CN-210300,鞍山市,辽宁省,2023,core,provisional,SRC-CITY-PANEL-1990-2023,D,needs_review,公开研究型城市面板；字段口径与来源链条未完全公开，作为 provisional 暂存值，待官方年鉴/公报复核。
CN-210400,抚顺市,辽宁省,2023,core,provisional,SRC-CITY-PANEL-1990-2023,D,needs_review,公开研究型城市面板；字段口径与来源链条未完全公开，作为 provisional 暂存值，待官方年鉴/公报复核。
CN-210500,本溪市,辽宁省,2023,core,provisional,SRC-CITY-PANEL-1990-2023,D,needs_review,公开研究型城市面板；字段口径与来源链条未完全公开，作为 provisional 暂存值，待官方年鉴/公报复核。
CN-210600,丹东市,辽宁省,2023,core,provisional,SRC-CITY-PANEL-1990-2023,D,needs_review,公开研究型城市面板；字段口径与来源链条未完全公开，作为 provisional 暂存值，待官方年鉴/公报复核。
CN-210700,锦州市,辽宁省,2023,core,provisional,SRC-CITY-PANEL-1990-2023,D,needs_review,公开研究型城市面板；字段口径与来源链条未完全公开，作为 provisional 暂存值，待官方年鉴/公报复核。
CN-210800,营口市,辽宁省,2023,core,provisional,SRC-CITY-PANEL-1990-2023,D,needs_review,公开研究型城市面板；字段口径与来源链条未完全公开，作为 provisional 暂存值，待官方年鉴/公报复核。
CN-210900,阜新市,辽宁省,2023,core,provisional,SRC-CITY-PANEL-1990-2023,D,needs_review,公开研究型城市面板；字段口径与来源链条未完全公开，作为 provisional 暂存值，待官方年鉴/公报复核。
CN-211000,辽阳市,辽宁省,2023,core,provisional,SRC-CITY-PANEL-1990-2023,D,needs_review,公开研究型城市面板；字段口径与来源链条未完全公开，作为 provisional 暂存值，待官方年鉴/公报复核。
CN-211100,盘锦市,辽宁省,2023,core,provisional,SRC-CITY-PANEL-1990-2023,D,needs_review,公开研究型城市面板；字段口径与来源链条未完全公开，作为 provisional 暂存值，待官方年鉴/公报复核。
CN-211200,铁岭市,辽宁省,2023,core,provisional,SRC-CITY-PANEL-1990-2023,D,needs_review,公开研究型城市面板；字段口径与来源链条未完全公开，作为 provisional 暂存值，待官方年鉴/公报复核。
CN-211300,朝阳市,辽宁省,2023,core,provisional,SRC-CITY-PANEL-1990-2023,D,needs_review,公开研究型城市面板；字段口径与来源链条未完全公开，作为 provisional 暂存值，待官方年鉴/公报复核。
CN-211400,葫芦岛市,辽宁省,2023,core,provisional,SRC-CITY-PANEL-1990-2023,D,needs_review,公开研究型城市面板；字段口径与来源链条未完全公开，作为 provisional 暂存值，待官方年鉴/公报复核。
CN-530800,普洱市,云南省,2024,core,not_collected,,,needs_collection,未取得可审计的公开数值，保留 null，后续进入采集队列。
CN-532600,文山壮族苗族自治州,云南省,2024,extended,not_collected,,,needs_collection,未取得可审计的公开数值，保留 null，后续进入采集队列。
CN-532800,西双版纳傣族自治州,云南省,2024,extended,not_collected,,,needs_collection,未取得可审计的公开数值，保留 null，后续进入采集队列。
CN-533300,怒江傈僳族自治州,云南省,2024,extended,not_collected,,,needs_collection,未取得可审计的公开数值，保留 null，后续进入采集队列。
CN-152900,阿拉善盟,内蒙古自治区,2024,extended,not_collected,,,needs_collection,未取得可审计的公开数值，保留 null，后续进入采集队列。
CN-140900,忻州市,山西省,2024,core,not_collected,,,needs_collection,未取得可审计的公开数值，保留 null，后续进入采集队列。
CN-450900,玉林市,广西壮族自治区,2024,core,not_collected,,,needs_collection,未取得可审计的公开数值，保留 null，后续进入采集队列。
CN-659000,自治区直辖县级行政区划,新疆维吾尔自治区,2024,core,not_collected,,,needs_collection,未取得可审计的公开数值，保留 null，后续进入采集队列。
CN-460300,三沙市,海南省,2024,core,not_collected,,,needs_collection,未取得可审计的公开数值，保留 null，后续进入采集队列。
CN-469000,省直辖县级行政区划,海南省,2024,core,not_collected,,,needs_collection,未取得可审计的公开数值，保留 null，后续进入采集队列。
CN-620600,武威市,甘肃省,2024,core,not_collected,,,needs_collection,未取得可审计的公开数值，保留 null，后续进入采集队列。
CN-620800,平凉市,甘肃省,2024,core,not_collected,,,needs_collection,未取得可审计的公开数值，保留 null，后续进入采集队列。
CN-620900,酒泉市,甘肃省,2024,core,not_collected,,,needs_collection,未取得可审计的公开数值，保留 null，后续进入采集队列。
CN-621200,陇南市,甘肃省,2024,core,not_collected,,,needs_collection,未取得可审计的公开数值，保留 null，后续进入采集队列。
CN-622900,临夏回族自治州,甘肃省,2024,extended,not_collected,,,needs_collection,未取得可审计的公开数值，保留 null，后续进入采集队列。
CN-623000,甘南藏族自治州,甘肃省,2024,extended,not_collected,,,needs_collection,未取得可审计的公开数值，保留 null，后续进入采集队列。
CN-150800,巴彦淖尔市,内蒙古自治区,2025,core,not_collected,,,needs_collection,未取得可审计的公开数值，保留 null，后续进入采集队列。
CN-152500,锡林郭勒盟,内蒙古自治区,2025,extended,not_collected,,,needs_collection,未取得可审计的公开数值，保留 null，后续进入采集队列。
CN-140600,朔州市,山西省,2025,core,not_collected,,,needs_collection,未取得可审计的公开数值，保留 null，后续进入采集队列。
CN-140800,运城市,山西省,2025,core,not_collected,,,needs_collection,未取得可审计的公开数值，保留 null，后续进入采集队列。
CN-140900,忻州市,山西省,2025,core,not_collected,,,needs_collection,未取得可审计的公开数值，保留 null，后续进入采集队列。
CN-141000,临汾市,山西省,2025,core,not_collected,,,needs_collection,未取得可审计的公开数值，保留 null，后续进入采集队列。
CN-659000,自治区直辖县级行政区划,新疆维吾尔自治区,2025,core,not_collected,,,needs_collection,未取得可审计的公开数值，保留 null，后续进入采集队列。
CN-460300,三沙市,海南省,2025,core,not_collected,,,needs_collection,未取得可审计的公开数值，保留 null，后续进入采集队列。
CN-460400,儋州市,海南省,2025,core,not_collected,,,needs_collection,未取得可审计的公开数值，保留 null，后续进入采集队列。
CN-469000,省直辖县级行政区划,海南省,2025,core,not_collected,,,needs_collection,未取得可审计的公开数值，保留 null，后续进入采集队列。
CN-421100,黄冈市,湖北省,2025,core,not_collected,,,needs_collection,未取得可审计的公开数值，保留 null，后续进入采集队列。
CN-421300,随州市,湖北省,2025,core,not_collected,,,needs_collection,未取得可审计的公开数值，保留 null，后续进入采集队列。
CN-422800,恩施土家族苗族自治州,湖北省,2025,extended,not_collected,,,needs_collection,未取得可审计的公开数值，保留 null，后续进入采集队列。
CN-429000,省直辖县级行政区划,湖北省,2025,core,not_collected,,,needs_collection,未取得可审计的公开数值，保留 null，后续进入采集队列。
CN-620300,金昌市,甘肃省,2025,core,not_collected,,,needs_collection,未取得可审计的公开数值，保留 null，后续进入采集队列。
CN-620600,武威市,甘肃省,2025,core,not_collected,,,needs_collection,未取得可审计的公开数值，保留 null，后续进入采集队列。
CN-620900,酒泉市,甘肃省,2025,core,not_collected,,,needs_collection,未取得可审计的公开数值，保留 null，后续进入采集队列。
CN-621000,庆阳市,甘肃省,2025,core,not_collected,,,needs_collection,未取得可审计的公开数值，保留 null，后续进入采集队列。
CN-621200,陇南市,甘肃省,2025,core,not_collected,,,needs_collection,未取得可审计的公开数值，保留 null，后续进入采集队列。
CN-623000,甘南藏族自治州,甘肃省,2025,extended,not_collected,,,needs_collection,未取得可审计的公开数值，保留 null，后续进入采集队列。
