source_doc_id,publisher,publisher_level,document_title,title_source,attachment_title,document_type,source_url,landing_page_url,attachment_url,canonical_url,final_resolved_url,file_name,mime_type,publication_date,publication_date_raw,period_end,downloaded_at,content_hash_sha256,archive_uri,archive_backend,archive_path,page_count,source_grade,http_status,access_status,supersedes_doc_id,note
SRC-NBS-STATS-CODES-RULE,国家统计局,中央,国家统计局关于统计用区划代码和城乡划分代码编制规则的说明,html_heading,,统计标准,https://www.stats.gov.cn/hd/cjwtjd/202302/t20230207_1902279.html,https://www.stats.gov.cn/hd/cjwtjd/202302/t20230207_1902279.html,,https://www.stats.gov.cn/hd/cjwtjd/202302/t20230207_1902279.html,https://www.stats.gov.cn/hd/cjwtjd/202302/t20230207_1902279.html,,text/html,2023-02-07,2023-02-07,,2026-08-01T00:00:00+08:00,,https://www.stats.gov.cn/hd/cjwtjd/202302/t20230207_1902279.html,https,,,A1,200,正常,,用于解释统计用区划代码的制度口径，不直接提供城市年度经济财政数值。
SRC-CITY-PANEL-1990-2023,JasmineHao 公开研究项目,其他,China City Panel + Policies（1990—2023）,metadata,china_city_panel_with_policies.csv,研究数据集,https://raw.githubusercontent.com/JasmineHao/JasmineHao.github.io/main/econ6083/final-project/notebooks/data/china_city_panel_with_policies.csv,https://jasminehao.com/econ6083/final-project/,https://raw.githubusercontent.com/JasmineHao/JasmineHao.github.io/main/econ6083/final-project/notebooks/data/china_city_panel_with_policies.csv,https://raw.githubusercontent.com/JasmineHao/JasmineHao.github.io/main/econ6083/final-project/notebooks/data/china_city_panel_with_policies.csv,https://raw.githubusercontent.com/JasmineHao/JasmineHao.github.io/main/econ6083/final-project/notebooks/data/china_city_panel_with_policies.csv,china_city_panel_with_policies.csv,text/csv,2026-05-05,2026-05-05,2023-12-31,2026-08-01T00:00:00+08:00,65d337dd3fac3d3aa058c046ecb2827690a99f6af5d36726d406f761b7d3ca5d,archive://national-prefecture-panel/raw/city_panel/china_city_panel_with_policies.csv,internal_object,,,D,200,已归档,,公开研究型面板，仅作 provisional 暂存和字段覆盖基线；变量定义与官方逐表证据尚不完整。
SRC-ADMIN-DIVISION-2018,adyliu/china_area（注明数据来源为国家统计局）,其他,全国五级行政区划代码 2018 年版,metadata,area_code_2018.csv.gz,行政区划名册,https://raw.githubusercontent.com/adyliu/china_area/master/area_code_2018.csv.gz,https://github.com/adyliu/china_area,https://raw.githubusercontent.com/adyliu/china_area/master/area_code_2018.csv.gz,https://raw.githubusercontent.com/adyliu/china_area/master/area_code_2018.csv.gz,https://raw.githubusercontent.com/adyliu/china_area/master/area_code_2018.csv.gz,area_code_2018.csv.gz,application/gzip,2018-12-31,2018,2018-12-31,2026-08-01T00:00:00+08:00,30043f8e97cc6ba28e8894e19f4b07f1a84d72ff8e95d4cbad3ccfce14368797,archive://national-prefecture-panel/raw/administrative_divisions/area_code_2018.csv.gz,internal_object,,,C,200,已归档,,第三方归档并声称来源为国家统计局；作为城市主表版本来源，正式研究仍建议回读官方年度页面。
SRC-ADMIN-DIVISION-2019,adyliu/china_area（注明数据来源为国家统计局）,其他,全国五级行政区划代码 2019 年版,metadata,area_code_2019.csv.gz,行政区划名册,https://raw.githubusercontent.com/adyliu/china_area/master/area_code_2019.csv.gz,https://github.com/adyliu/china_area,https://raw.githubusercontent.com/adyliu/china_area/master/area_code_2019.csv.gz,https://raw.githubusercontent.com/adyliu/china_area/master/area_code_2019.csv.gz,https://raw.githubusercontent.com/adyliu/china_area/master/area_code_2019.csv.gz,area_code_2019.csv.gz,application/gzip,2019-12-31,2019,2019-12-31,2026-08-01T00:00:00+08:00,bc585f94c27cc55fe8f575b08c842d21da4715e777a43a02b9528476ea251013,archive://national-prefecture-panel/raw/administrative_divisions/area_code_2019.csv.gz,internal_object,,,C,200,已归档,,第三方归档并声称来源为国家统计局；作为城市主表版本来源，正式研究仍建议回读官方年度页面。
SRC-ADMIN-DIVISION-2020,adyliu/china_area（注明数据来源为国家统计局）,其他,全国五级行政区划代码 2020 年版,metadata,area_code_2020.csv.gz,行政区划名册,https://raw.githubusercontent.com/adyliu/china_area/master/area_code_2020.csv.gz,https://github.com/adyliu/china_area,https://raw.githubusercontent.com/adyliu/china_area/master/area_code_2020.csv.gz,https://raw.githubusercontent.com/adyliu/china_area/master/area_code_2020.csv.gz,https://raw.githubusercontent.com/adyliu/china_area/master/area_code_2020.csv.gz,area_code_2020.csv.gz,application/gzip,2020-12-31,2020,2020-12-31,2026-08-01T00:00:00+08:00,846aa6335c4bca9bd595d900ae0bcd12b22e830bd5f5463d2f7955f2162d5e8f,archive://national-prefecture-panel/raw/administrative_divisions/area_code_2020.csv.gz,internal_object,,,C,200,已归档,,第三方归档并声称来源为国家统计局；作为城市主表版本来源，正式研究仍建议回读官方年度页面。
SRC-ADMIN-DIVISION-2021,adyliu/china_area（注明数据来源为国家统计局）,其他,全国五级行政区划代码 2021 年版,metadata,area_code_2021.csv.gz,行政区划名册,https://raw.githubusercontent.com/adyliu/china_area/master/area_code_2021.csv.gz,https://github.com/adyliu/china_area,https://raw.githubusercontent.com/adyliu/china_area/master/area_code_2021.csv.gz,https://raw.githubusercontent.com/adyliu/china_area/master/area_code_2021.csv.gz,https://raw.githubusercontent.com/adyliu/china_area/master/area_code_2021.csv.gz,area_code_2021.csv.gz,application/gzip,2021-12-31,2021,2021-12-31,2026-08-01T00:00:00+08:00,55bf46a635dbb514acaa1bd3f0b60e87fdb01e271fb0d1905d7e02e9f97443cc,archive://national-prefecture-panel/raw/administrative_divisions/area_code_2021.csv.gz,internal_object,,,C,200,已归档,,第三方归档并声称来源为国家统计局；作为城市主表版本来源，正式研究仍建议回读官方年度页面。
SRC-ADMIN-DIVISION-2022,adyliu/china_area（注明数据来源为国家统计局）,其他,全国五级行政区划代码 2022 年版,metadata,area_code_2022.csv.gz,行政区划名册,https://raw.githubusercontent.com/adyliu/china_area/master/area_code_2022.csv.gz,https://github.com/adyliu/china_area,https://raw.githubusercontent.com/adyliu/china_area/master/area_code_2022.csv.gz,https://raw.githubusercontent.com/adyliu/china_area/master/area_code_2022.csv.gz,https://raw.githubusercontent.com/adyliu/china_area/master/area_code_2022.csv.gz,area_code_2022.csv.gz,application/gzip,2022-12-31,2022,2022-12-31,2026-08-01T00:00:00+08:00,08076a55ab7ce8f9e52688374ec2753f53771c98f2d3ecce5eb5688fa088baf3,archive://national-prefecture-panel/raw/administrative_divisions/area_code_2022.csv.gz,internal_object,,,C,200,已归档,,第三方归档并声称来源为国家统计局；作为城市主表版本来源，正式研究仍建议回读官方年度页面。
SRC-ADMIN-DIVISION-2023,adyliu/china_area（注明数据来源为国家统计局）,其他,全国五级行政区划代码 2023 年版,metadata,area_code_2023.csv.gz,行政区划名册,https://raw.githubusercontent.com/adyliu/china_area/master/area_code_2023.csv.gz,https://github.com/adyliu/china_area,https://raw.githubusercontent.com/adyliu/china_area/master/area_code_2023.csv.gz,https://raw.githubusercontent.com/adyliu/china_area/master/area_code_2023.csv.gz,https://raw.githubusercontent.com/adyliu/china_area/master/area_code_2023.csv.gz,area_code_2023.csv.gz,application/gzip,2023-12-31,2023,2023-12-31,2026-08-01T00:00:00+08:00,0e62a23905314b1167126b396b20601d5ca561d645c5947ba3fb0bce2964c30d,archive://national-prefecture-panel/raw/administrative_divisions/area_code_2023.csv.gz,internal_object,,,C,200,已归档,,第三方归档并声称来源为国家统计局；作为城市主表版本来源，正式研究仍建议回读官方年度页面。
SRC-ADMIN-DIVISION-2024,adyliu/china_area（注明数据来源为国家统计局）,其他,全国五级行政区划代码 2024 年版,metadata,area_code_2024.csv.gz,行政区划名册,https://raw.githubusercontent.com/adyliu/china_area/master/area_code_2024.csv.gz,https://github.com/adyliu/china_area,https://raw.githubusercontent.com/adyliu/china_area/master/area_code_2024.csv.gz,https://raw.githubusercontent.com/adyliu/china_area/master/area_code_2024.csv.gz,https://raw.githubusercontent.com/adyliu/china_area/master/area_code_2024.csv.gz,area_code_2024.csv.gz,application/gzip,2024-12-31,2024,2024-12-31,2026-08-01T00:00:00+08:00,4a978f5ebfcb3e023fa6188f57bd8115e95b9800fdbb58bb9041efba84fbb608,archive://national-prefecture-panel/raw/administrative_divisions/area_code_2024.csv.gz,internal_object,,,C,200,已归档,,第三方归档并声称来源为国家统计局；作为城市主表版本来源，正式研究仍建议回读官方年度页面。
SRC-GD-YEARBOOK-2025,广东省统计局、国家统计局广东调查总队,省级,广东统计年鉴2025年（含2024年数据）,metadata,,official_yearbook,https://stats.gd.gov.cn/gdtjnj/content/post_4810393.html,https://stats.gd.gov.cn/gdtjnj/content/post_4810393.html,https://stats.gd.gov.cn/attachment/0/615/615394/4810393.zip,https://stats.gd.gov.cn/gdtjnj/content/post_4810393.html,https://stats.gd.gov.cn/attachment/0/615/615394/4810393.zip,,application/zip,2025-12-09,2025-12-09,2024-12-31,2026-07-31,1415924265864a3039a2a2758082b3e3def48dcdcc38f8da3415e91b24d6a94e,https://stats.gd.gov.cn/attachment/0/615/615394/4810393.zip,https,,,A1,200,archived,,用于 GDP、GDP 增速、年末常住人口、地方一般公共预算收入与支出；原始目录中的 HTML 表可定位到 02/03/08 章。
SRC-GD-DEBT-2024-FINAL,广东省人民政府,省级,广东省人民政府关于我省2024年省级决算草案的报告（含地方政府债务决算表）,metadata,,official_debt_report,https://www.gd.gov.cn/attachment/0/589/589351/4760613.pdf,https://www.gd.gov.cn/attachment/0/589/589351/4760613.pdf,https://www.gd.gov.cn/attachment/0/589/589351/4760613.pdf,https://www.gd.gov.cn/attachment/0/589/589351/4760613.pdf,https://www.gd.gov.cn/attachment/0/589/589351/4760613.pdf,,application/pdf,2025-08-19,2025-08-19,2024-12-31,2026-07-31,e776fd726dba60ca843bb79b91040b774602e619b191379834cbc6313ec95387,https://www.gd.gov.cn/attachment/0/589/589351/4760613.pdf,https,,,A1,200,archived,,表35为一般债务限额及余额，表36为专项债务限额及余额；采用全市/地级市列示口径。
SRC-GD-FUND-SECONDARY-2025,远东资信评估有限公司,省级,广东省区域信用观察与建议,metadata,,secondary_credit_report,https://www.sfecr.com/upload/file/2025-12/col68/1765857166316.pdf,https://www.sfecr.com/upload/file/2025-12/col68/1765857166316.pdf,https://www.sfecr.com/upload/file/2025-12/col68/1765857166316.pdf,https://www.sfecr.com/upload/file/2025-12/col68/1765857166316.pdf,https://www.sfecr.com/upload/file/2025-12/col68/1765857166316.pdf,,application/pdf,2025-12-16,2025-12-16,2024-12-31,2026-07-31,c3ec3b095689c5bc25082bf4991f980383cc0b6ba3983accc3f17c2fa4fc3279,https://www.sfecr.com/upload/file/2025-12/col68/1765857166316.pdf,https,,,D,200,archived,,仅用于政府性基金收入补充抽取；报告表5注明数据来源为预警通，不能替代官方全市决算表。河源、茂名原文为“-”，保持 null。
SRC-PROVINCE-DEBT-HUNAN-2018,湖南省财政厅,省级,湖南省2018年省级决算草案和2019年上半年预算执行情况报告及相关决算表,official_attachment,hunan_2018.txt,地方政府债务限额及余额公开表,https://czt.hunan.gov.cn/czt/ztzl/hnczysgk/ysjsbg/201908/9459753/files/25b0151514cc414bbcfeb586698f414e.pdf,https://czt.hunan.gov.cn/czt/ztzl/hnczysgk/ysjsbg/201908/9459753/files/25b0151514cc414bbcfeb586698f414e.pdf,https://czt.hunan.gov.cn/czt/ztzl/hnczysgk/ysjsbg/201908/9459753/files/25b0151514cc414bbcfeb586698f414e.pdf,https://czt.hunan.gov.cn/czt/ztzl/hnczysgk/ysjsbg/201908/9459753/files/25b0151514cc414bbcfeb586698f414e.pdf,https://czt.hunan.gov.cn/czt/ztzl/hnczysgk/ysjsbg/201908/9459753/files/25b0151514cc414bbcfeb586698f414e.pdf,hunan_2018.txt,text/plain,2019-08-02,2019-08-02,2018-12-31,2026-08-01T00:00:00+08:00,a2e729211b5ea91f8938840954963a8c05c683e74a58bc23fbf032eda51bc331,archive://national-prefecture-panel/raw/province_debt/2018/official/hunan_2018.txt,internal_object,raw/province_debt/2018/official/hunan_2018.txt,,A1,200,官方附件已归档,,官方决算附件表13和表20分别披露一般债务、专项债务余额；本地仅转录14个地级市（州）合计行，余额合计按两项余额相加，未转录省本级、县区行和市县小计。
SRC-PROVINCE-DEBT-HUNAN-2024,湖南省财政厅,省级,湖南省2024年地方政府债务限额及余额决算情况表,official_attachment,hunan_detailed_2024.pdf,地方政府债务限额及余额公开表,https://czt.hunan.gov.cn/czt/dzqzfwz/202512/33884381/files/9dd1e8db94fc4293bad7bfb09ee5c904.pdf,https://czt.hunan.gov.cn/czt/dzqzfwz/202512/33884381/files/9dd1e8db94fc4293bad7bfb09ee5c904.pdf,https://czt.hunan.gov.cn/czt/dzqzfwz/202512/33884381/files/9dd1e8db94fc4293bad7bfb09ee5c904.pdf,https://czt.hunan.gov.cn/czt/dzqzfwz/202512/33884381/files/9dd1e8db94fc4293bad7bfb09ee5c904.pdf,https://czt.hunan.gov.cn/czt/dzqzfwz/202512/33884381/files/9dd1e8db94fc4293bad7bfb09ee5c904.pdf,hunan_detailed_2024.pdf,application/pdf,2025-12-01,2025-12-01,2024-12-31,2026-08-01T00:00:00+08:00,a4212f12de317cc3b6276e7f419d3b74db8e8d5e42bfed0895a734c65685d821,archive://national-prefecture-panel/raw/province_debt/2024/hunan_detailed_2024.pdf,internal_object,raw/province_debt/2024/hunan_detailed_2024.pdf,,A1,200,官方附件已归档,,按地级行政单元逐行读取官方 PDF、XLSX 或其归档文本中的全域政府债务限额与余额；省本级、市本级、区县和小计行不并入地级市。
SRC-PROVINCE-DEBT-SHANDONG-2024,山东省财政厅,省级,2024年山东省地方政府债务限额及余额分地区情况明细表,official_attachment,shandong_detailed_2024.pdf,地方政府债务限额及余额公开表,http://czt.shandong.gov.cn/module/download/downfile.jsp?classid=0&filename=bf2c87edaf8b4676821e50cb07434df3.pdf,http://czt.shandong.gov.cn/module/download/downfile.jsp?classid=0&filename=bf2c87edaf8b4676821e50cb07434df3.pdf,http://czt.shandong.gov.cn/module/download/downfile.jsp?classid=0&filename=bf2c87edaf8b4676821e50cb07434df3.pdf,http://czt.shandong.gov.cn/module/download/downfile.jsp?classid=0&filename=bf2c87edaf8b4676821e50cb07434df3.pdf,http://czt.shandong.gov.cn/module/download/downfile.jsp?classid=0&filename=bf2c87edaf8b4676821e50cb07434df3.pdf,shandong_detailed_2024.pdf,application/pdf,2025-09-01,2025-09-01,2024-12-31,2026-08-01T00:00:00+08:00,f228e599018a79b7fc57afda93cc6702739199425b8733d28de7d3275f66cc89,archive://national-prefecture-panel/raw/province_debt/2024/shandong_detailed_2024.pdf,internal_object,raw/province_debt/2024/shandong_detailed_2024.pdf,,A1,200,官方附件已归档,,按地级行政单元逐行读取官方 PDF、XLSX 或其归档文本中的全域政府债务限额与余额；省本级、市本级、区县和小计行不并入地级市。
SRC-PROVINCE-DEBT-FUJIAN-2024,福建省财政厅,省级,2024年度福建省地方政府债务限额余额情况表,official_attachment,fujian_2024.pdf,地方政府债务限额及余额公开表,https://czt.fujian.gov.cn/zwgk/tjsj/yjsbg/202508/P020250815565139557147.pdf,https://czt.fujian.gov.cn/zwgk/tjsj/yjsbg/202508/P020250815565139557147.pdf,https://czt.fujian.gov.cn/zwgk/tjsj/yjsbg/202508/P020250815565139557147.pdf,https://czt.fujian.gov.cn/zwgk/tjsj/yjsbg/202508/P020250815565139557147.pdf,https://czt.fujian.gov.cn/zwgk/tjsj/yjsbg/202508/P020250815565139557147.pdf,fujian_2024.pdf,application/pdf,2025-08-15,2025-08-15,2024-12-31,2026-08-01T00:00:00+08:00,26028adfb8529531785bd239cd1a1fe657f869ed9e14adc32b1bbaafb2dfedd8,archive://national-prefecture-panel/raw/province_debt/2024/official/fujian_2024.pdf,internal_object,raw/province_debt/2024/official/fujian_2024.pdf,,A1,200,官方附件已归档,,按地级行政单元逐行读取官方 PDF、XLSX 或其归档文本中的全域政府债务限额与余额；省本级、市本级、区县和小计行不并入地级市。
SRC-PROVINCE-DEBT-JILIN-2024,吉林省财政厅,省级,吉林省2024年地方政府债务限额及余额预算情况表,official_attachment,jilin_2024.pdf,地方政府债务限额及余额公开表,https://czt.jl.gov.cn/yjs/zfyjs/zfysjtz/2025/202502/P020250206507312092537.pdf,https://czt.jl.gov.cn/yjs/zfyjs/zfysjtz/2025/202502/P020250206507312092537.pdf,https://czt.jl.gov.cn/yjs/zfyjs/zfysjtz/2025/202502/P020250206507312092537.pdf,https://czt.jl.gov.cn/yjs/zfyjs/zfysjtz/2025/202502/P020250206507312092537.pdf,https://czt.jl.gov.cn/yjs/zfyjs/zfysjtz/2025/202502/P020250206507312092537.pdf,jilin_2024.pdf,application/pdf,2025-02-06,2025-02-06,2024-12-31,2026-08-01T00:00:00+08:00,355097b060465f40da2042335734ebed8a7bc847019d769dfd155004eec797b8,archive://national-prefecture-panel/raw/province_debt/2024/official/jilin_2024.pdf,internal_object,raw/province_debt/2024/official/jilin_2024.pdf,,A1,200,官方附件已归档,,按地级行政单元逐行读取官方 PDF、XLSX 或其归档文本中的全域政府债务限额与余额；省本级、市本级、区县和小计行不并入地级市。
SRC-PROVINCE-DEBT-LIAONING-2024,辽宁省财政厅,省级,2024年地方政府一般债务、专项债务分地区限额余额情况表,official_attachment,liaoning_2024.pdf,地方政府债务限额及余额公开表,https://czt.ln.gov.cn/eportal/attachDir/czt/2025/01/2025012615294241406.pdf,https://czt.ln.gov.cn/eportal/attachDir/czt/2025/01/2025012615294241406.pdf,https://czt.ln.gov.cn/eportal/attachDir/czt/2025/01/2025012615294241406.pdf,https://czt.ln.gov.cn/eportal/attachDir/czt/2025/01/2025012615294241406.pdf,https://czt.ln.gov.cn/eportal/attachDir/czt/2025/01/2025012615294241406.pdf,liaoning_2024.pdf,application/pdf,2025-01-26,2025-01-26,2024-12-31,2026-08-01T00:00:00+08:00,c14b5410f68aeacc7310d0fa6ee5f8000761de93657ce5ec56106b748df39c57,archive://national-prefecture-panel/raw/province_debt/2024/official/liaoning_2024.pdf,internal_object,raw/province_debt/2024/official/liaoning_2024.pdf,,A1,200,官方附件已归档,,按地级行政单元逐行读取官方 PDF、XLSX 或其归档文本中的全域政府债务限额与余额；省本级、市本级、区县和小计行不并入地级市。
SRC-PROVINCE-DEBT-HENAN-2024,河南省财政厅,省级,河南省2024年政府一般债务、专项债务限额和余额情况表,official_attachment,henan_2024.pdf,地方政府债务限额及余额公开表,https://xcoss.henan.gov.cn/typtfile/20250812/3c2e848ac1104ecea392918335273fae.pdf,https://xcoss.henan.gov.cn/typtfile/20250812/3c2e848ac1104ecea392918335273fae.pdf,https://xcoss.henan.gov.cn/typtfile/20250812/3c2e848ac1104ecea392918335273fae.pdf,https://xcoss.henan.gov.cn/typtfile/20250812/3c2e848ac1104ecea392918335273fae.pdf,https://xcoss.henan.gov.cn/typtfile/20250812/3c2e848ac1104ecea392918335273fae.pdf,henan_2024.pdf,application/pdf,2025-08-12,2025-08-12,2024-12-31,2026-08-01T00:00:00+08:00,322a4cdad96c3881cb8774acf9a50bde3ff4d6f30b05659b8b50f831cf16ca09,archive://national-prefecture-panel/raw/province_debt/2024/official/henan_2024.pdf,internal_object,raw/province_debt/2024/official/henan_2024.pdf,,A1,200,官方附件已归档,,按地级行政单元逐行读取官方 PDF、XLSX 或其归档文本中的全域政府债务限额与余额；省本级、市本级、区县和小计行不并入地级市。
SRC-PROVINCE-DEBT-QINGHAI-2024,青海省财政厅,省级,青海省2024年地方政府债务限额及余额预算情况表,official_attachment,qinghai_2024.pdf,地方政府债务限额及余额公开表,https://czt.qinghai.gov.cn/static/media/20250211/20250211025828_829.pdf,https://czt.qinghai.gov.cn/static/media/20250211/20250211025828_829.pdf,https://czt.qinghai.gov.cn/static/media/20250211/20250211025828_829.pdf,https://czt.qinghai.gov.cn/static/media/20250211/20250211025828_829.pdf,https://czt.qinghai.gov.cn/static/media/20250211/20250211025828_829.pdf,qinghai_2024.pdf,application/pdf,2025-02-11,2025-02-11,2024-12-31,2026-08-01T00:00:00+08:00,1ea65ad4dff1c922ce86d6faff02558e0e4e6697bff58d4de68bd9a9d36c3641,archive://national-prefecture-panel/raw/province_debt/2024/official/qinghai_2024.pdf,internal_object,raw/province_debt/2024/official/qinghai_2024.pdf,,A1,200,官方附件已归档,,按地级行政单元逐行读取官方 PDF、XLSX 或其归档文本中的全域政府债务限额与余额；省本级、市本级、区县和小计行不并入地级市。
SRC-PROVINCE-DEBT-QINGHAI-2025,青海省财政厅,省级,表1 2025年地方政府债务限额及余额预算情况表,official_attachment,qinghai_2025.txt,地方政府债务限额及余额公开表,https://czt.qinghai.gov.cn/static/media/20260202/20260202085950_708.pdf,https://czt.qinghai.gov.cn/static/media/20260202/20260202085950_708.pdf,https://czt.qinghai.gov.cn/static/media/20260202/20260202085950_708.pdf,https://czt.qinghai.gov.cn/static/media/20260202/20260202085950_708.pdf,https://czt.qinghai.gov.cn/static/media/20260202/20260202085950_708.pdf,qinghai_2025.txt,text/plain,2026-02-02,2026-02-02,2025-12-31,2026-08-01T00:00:00+08:00,6e2e2abed62f7ed3ff9f9195ccf2c24f12bf5d9bec78d037cbd25ac7b4fb4b79,archive://national-prefecture-panel/raw/province_debt/2025/official/qinghai_2025.txt,internal_object,raw/province_debt/2025/official/qinghai_2025.txt,,A1,200,官方附件已归档,,依据青海省财政厅官方《2025年青海省地方政府债务情况表（预算执行）》分地区表摘录；余额为2025年债务余额预算执行数，不将区县本级行并入地级行政单元。
SRC-PROVINCE-DEBT-QINGHAI-2019,青海省财政厅,省级,青海省2019年地方政府债务限额及余额预算情况表,official_attachment,qinghai_2019.txt,地方政府债务限额及余额公开表,https://czt.qinghai.gov.cn/Uploads/file/2021/5/2019%E5%B9%B4%E5%9C%B0%E6%96%B9%E6%94%BF%E5%BA%9C%E5%80%BA%E5%8A%A1%E6%83%85%E5%86%B5%E8%A1%A8%EF%BC%88%E9%A2%84%E7%AE%97%EF%BC%89.pdf,https://czt.qinghai.gov.cn/Uploads/file/2021/5/2019%E5%B9%B4%E5%9C%B0%E6%96%B9%E6%94%BF%E5%BA%9C%E5%80%BA%E5%8A%A1%E6%83%85%E5%86%B5%E8%A1%A8%EF%BC%88%E9%A2%84%E7%AE%97%EF%BC%89.pdf,https://czt.qinghai.gov.cn/Uploads/file/2021/5/2019%E5%B9%B4%E5%9C%B0%E6%96%B9%E6%94%BF%E5%BA%9C%E5%80%BA%E5%8A%A1%E6%83%85%E5%86%B5%E8%A1%A8%EF%BC%88%E9%A2%84%E7%AE%97%EF%BC%89.pdf,https://czt.qinghai.gov.cn/Uploads/file/2021/5/2019%E5%B9%B4%E5%9C%B0%E6%96%B9%E6%94%BF%E5%BA%9C%E5%80%BA%E5%8A%A1%E6%83%85%E5%86%B5%E8%A1%A8%EF%BC%88%E9%A2%84%E7%AE%97%EF%BC%89.pdf,https://czt.qinghai.gov.cn/Uploads/file/2021/5/2019%E5%B9%B4%E5%9C%B0%E6%96%B9%E6%94%BF%E5%BA%9C%E5%80%BA%E5%8A%A1%E6%83%85%E5%86%B5%E8%A1%A8%EF%BC%88%E9%A2%84%E7%AE%97%EF%BC%89.pdf,qinghai_2019.txt,text/plain,2021-05-01,2021-05-01,2019-12-31,2026-08-01T00:00:00+08:00,be3d5604994fd89809deb98cea4a4220cdf7dc7387ae7a67622d34964501e5fe,archive://national-prefecture-panel/raw/province_debt/2019/official/qinghai_2019.txt,internal_object,raw/province_debt/2019/official/qinghai_2019.txt,,A1,200,官方附件已归档,,依据青海省财政厅官方 PDF 的分地区表摘录；余额列为2019年债务余额预计执行数，保留官方预算公开口径，不将区县行并入地级行政单元。
SRC-PROVINCE-DEBT-QINGHAI-2018,青海省财政厅,省级,63 青海省2018年地方政府债务限额及余额决算情况表,official_attachment,qinghai_2018.txt,地方政府债务限额及余额公开表,https://czt.qinghai.gov.cn/Uploads/file/2019/8/%E9%9D%92%E6%B5%B7%E7%9C%812018%E5%B9%B4%E5%9C%B0%E6%96%B9%E6%94%BF%E5%BA%9C%E5%80%BA%E5%8A%A1%E9%99%90%E9%A2%9D%E5%8F%8A%E4%BD%99%E9%A2%9D%E5%86%B3%E7%AE%97%E6%83%85%E5%86%B5%E8%A1%A8.pdf,https://czt.qinghai.gov.cn/Uploads/file/2019/8/%E9%9D%92%E6%B5%B7%E7%9C%812018%E5%B9%B4%E5%9C%B0%E6%96%B9%E6%94%BF%E5%BA%9C%E5%80%BA%E5%8A%A1%E9%99%90%E9%A2%9D%E5%8F%8A%E4%BD%99%E9%A2%9D%E5%86%B3%E7%AE%97%E6%83%85%E5%86%B5%E8%A1%A8.pdf,https://czt.qinghai.gov.cn/Uploads/file/2019/8/%E9%9D%92%E6%B5%B7%E7%9C%812018%E5%B9%B4%E5%9C%B0%E6%96%B9%E6%94%BF%E5%BA%9C%E5%80%BA%E5%8A%A1%E9%99%90%E9%A2%9D%E5%8F%8A%E4%BD%99%E9%A2%9D%E5%86%B3%E7%AE%97%E6%83%85%E5%86%B5%E8%A1%A8.pdf,https://czt.qinghai.gov.cn/Uploads/file/2019/8/%E9%9D%92%E6%B5%B7%E7%9C%812018%E5%B9%B4%E5%9C%B0%E6%96%B9%E6%94%BF%E5%BA%9C%E5%80%BA%E5%8A%A1%E9%99%90%E9%A2%9D%E5%8F%8A%E4%BD%99%E9%A2%9D%E5%86%B3%E7%AE%97%E6%83%85%E5%86%B5%E8%A1%A8.pdf,https://czt.qinghai.gov.cn/Uploads/file/2019/8/%E9%9D%92%E6%B5%B7%E7%9C%812018%E5%B9%B4%E5%9C%B0%E6%96%B9%E6%94%BF%E5%BA%9C%E5%80%BA%E5%8A%A1%E9%99%90%E9%A2%9D%E5%8F%8A%E4%BD%99%E9%A2%9D%E5%86%B3%E7%AE%97%E6%83%85%E5%86%B5%E8%A1%A8.pdf,qinghai_2018.txt,text/plain,2019-08-14,2019-08-14,2018-12-31,2026-08-01T00:00:00+08:00,8936366d5e5de65daaf8bc48224a28d1d07c74fcd466d48200d25dbc2b834761,archive://national-prefecture-panel/raw/province_debt/2018/official/qinghai_2018.txt,internal_object,raw/province_debt/2018/official/qinghai_2018.txt,,A1,200,官方附件已归档,,依据青海省财政厅官方决算表分地区表摘录；余额为2018年债务余额决算数，不将区县行并入地级行政单元。
SRC-PROVINCE-DEBT-QINGHAI-2020,青海省财政厅,省级,2020年地方政府债务情况表（预算）,official_attachment,qinghai_2020.txt,地方政府债务限额及余额公开表,https://czt.qinghai.gov.cn/static/media/20230523033328_993.pdf,https://czt.qinghai.gov.cn/static/media/20230523033328_993.pdf,https://czt.qinghai.gov.cn/static/media/20230523033328_993.pdf,https://czt.qinghai.gov.cn/static/media/20230523033328_993.pdf,https://czt.qinghai.gov.cn/static/media/20230523033328_993.pdf,qinghai_2020.txt,text/plain,2023-05-23,2023-05-23,2020-12-31,2026-08-01T00:00:00+08:00,2eca85d25b5f641e0807f43bbbfef393b620c02a1419b6ecb2a97768abdf2695,archive://national-prefecture-panel/raw/province_debt/2020/official/qinghai_2020.txt,internal_object,raw/province_debt/2020/official/qinghai_2020.txt,,A1,200,官方附件已归档,,依据青海省财政厅官方《2020年地方政府债务情况表（预算）》分地区表摘录；余额列为2020年债务余额预计执行数，不将区县行并入地级行政单元。
SRC-PROVINCE-DEBT-QINGHAI-2021,青海省财政厅,省级,63 青海省2021年地方政府债务限额及余额决算情况表,official_attachment,qinghai_2021.txt,地方政府债务限额及余额公开表,https://czt.qinghai.gov.cn/static/media/20220810073553_549.pdf,https://czt.qinghai.gov.cn/static/media/20220810073553_549.pdf,https://czt.qinghai.gov.cn/static/media/20220810073553_549.pdf,https://czt.qinghai.gov.cn/static/media/20220810073553_549.pdf,https://czt.qinghai.gov.cn/static/media/20220810073553_549.pdf,qinghai_2021.txt,text/plain,2022-08-10,2022-08-10,2021-12-31,2026-08-01T00:00:00+08:00,782c1595187424e8341d6a32670b65bd366ed1841aaf16aa8389e064f5fe77a3,archive://national-prefecture-panel/raw/province_debt/2021/official/qinghai_2021.txt,internal_object,raw/province_debt/2021/official/qinghai_2021.txt,,A1,200,官方附件已归档,,依据青海省财政厅官方决算表分地区表摘录；余额为2021年债务余额决算数，不将区县行并入地级行政单元。
SRC-PROVINCE-DEBT-QINGHAI-2022,青海省财政厅,省级,表1-1 63 青海省2022年地方政府债务限额及余额预算情况表,official_attachment,qinghai_2022.txt,地方政府债务限额及余额公开表,https://czt.qinghai.gov.cn/static/media/20230201022736_767.pdf,https://czt.qinghai.gov.cn/static/media/20230201022736_767.pdf,https://czt.qinghai.gov.cn/static/media/20230201022736_767.pdf,https://czt.qinghai.gov.cn/static/media/20230201022736_767.pdf,https://czt.qinghai.gov.cn/static/media/20230201022736_767.pdf,qinghai_2022.txt,text/plain,2023-02-01,2023-02-01,2022-12-31,2026-08-01T00:00:00+08:00,d7c675ddacdacf6151cae12e4f916a0ce1a769904d583b9be23a1441795eaffd,archive://national-prefecture-panel/raw/province_debt/2022/official/qinghai_2022.txt,internal_object,raw/province_debt/2022/official/qinghai_2022.txt,,A1,200,官方附件已归档,,依据青海省财政厅官方预算表分地区表摘录；余额列为2022年债务余额预计执行数，不将区县行并入地级行政单元。
SRC-PROVINCE-DEBT-HENAN-2025,河南省财政厅,省级,2025年政府债务分地区限额余额情况表,official_attachment,henan_2025_detailed.pdf,地方政府债务限额及余额公开表,https://xcoss.henan.gov.cn/typtfile/20260206/af8a62949574472bb416497a2e338304.pdf,https://xcoss.henan.gov.cn/typtfile/20260206/af8a62949574472bb416497a2e338304.pdf,https://xcoss.henan.gov.cn/typtfile/20260206/af8a62949574472bb416497a2e338304.pdf,https://xcoss.henan.gov.cn/typtfile/20260206/af8a62949574472bb416497a2e338304.pdf,https://xcoss.henan.gov.cn/typtfile/20260206/af8a62949574472bb416497a2e338304.pdf,henan_2025_detailed.pdf,application/pdf,2026-02-06,2026-02-06,2025-12-31,2026-08-01T00:00:00+08:00,b07d38d4df77d3a6b6c9c3ba98b0678e22659333580660ff0f1b87880126aa38,archive://national-prefecture-panel/raw/province_debt/2025/official/henan_2025_detailed.pdf,internal_object,raw/province_debt/2025/official/henan_2025_detailed.pdf,,A1,200,官方附件已归档,,按地级行政单元逐行读取官方 PDF、XLSX 或其归档文本中的全域政府债务限额与余额；省本级、市本级、区县和小计行不并入地级市。
SRC-PROVINCE-DEBT-LIAONING-2025,辽宁省财政厅,省级,2025年地方政府一般债务、专项债务分地区限额余额情况表,official_attachment,liaoning_2025.txt,地方政府债务限额及余额公开表,https://czt.ln.gov.cn/czt/zwgkzdgz/czyjs/czyjsbg/2026050609303952396/index.shtml,https://czt.ln.gov.cn/czt/zwgkzdgz/czyjs/czyjsbg/2026050609303952396/index.shtml,https://czt.ln.gov.cn/czt/zwgkzdgz/czyjs/czyjsbg/2026050609303952396/index.shtml,https://czt.ln.gov.cn/czt/zwgkzdgz/czyjs/czyjsbg/2026050609303952396/index.shtml,https://czt.ln.gov.cn/czt/zwgkzdgz/czyjs/czyjsbg/2026050609303952396/index.shtml,liaoning_2025.txt,text/plain,2026-05-06,2026-05-06,2025-12-31,2026-08-01T00:00:00+08:00,7e8e538c65dbcc8643385bd3926d7c7e7a4ed2adad89e59e0e81d4a6d511e56b,archive://national-prefecture-panel/raw/province_debt/2025/official/liaoning_2025.txt,internal_object,raw/province_debt/2025/official/liaoning_2025.txt,,A1,200,官方附件已归档,,按地级行政单元逐行读取官方 PDF、XLSX 或其归档文本中的全域政府债务限额与余额；省本级、市本级、区县和小计行不并入地级市。
SRC-PROVINCE-DEBT-SHANDONG-2025,山东省财政厅,省级,2025年山东省地方政府债务限额及余额分地区执行情况明细表,official_attachment,shandong_2025_detailed.pdf,地方政府债务限额及余额公开表,http://www.sd.gov.cn/module/download/downfile.jsp?classid=0&filename=375c15b2d1344f0ab41a7ed79b89aa74.pdf,http://www.sd.gov.cn/module/download/downfile.jsp?classid=0&filename=375c15b2d1344f0ab41a7ed79b89aa74.pdf,http://www.sd.gov.cn/module/download/downfile.jsp?classid=0&filename=375c15b2d1344f0ab41a7ed79b89aa74.pdf,http://www.sd.gov.cn/module/download/downfile.jsp?classid=0&filename=375c15b2d1344f0ab41a7ed79b89aa74.pdf,http://www.sd.gov.cn/module/download/downfile.jsp?classid=0&filename=375c15b2d1344f0ab41a7ed79b89aa74.pdf,shandong_2025_detailed.pdf,application/pdf,2026-02-08,2026-02-08,2025-12-31,2026-08-01T00:00:00+08:00,cd85df1fa74824a10038251ae564f3451f49bc46220153cfd5af09bf4f848496,archive://national-prefecture-panel/raw/province_debt/2025/official/shandong_2025_detailed.pdf,internal_object,raw/province_debt/2025/official/shandong_2025_detailed.pdf,,A1,200,官方附件已归档,,按地级行政单元逐行读取官方 PDF、XLSX 或其归档文本中的全域政府债务限额与余额；省本级、市本级、区县和小计行不并入地级市。
SRC-PROVINCE-DEBT-GUIZHOU-2025,贵州省财政厅,省级,贵州省2025年分地区政府债务限额和余额情况表,official_attachment,guizhou_2025_detailed.txt,地方政府债务限额及余额公开表,https://czt.guizhou.gov.cn/zwgk/zdlyxx/czys/202602/P020260214542445283377.pdf,https://czt.guizhou.gov.cn/zwgk/zdlyxx/czys/202602/P020260214542445283377.pdf,https://czt.guizhou.gov.cn/zwgk/zdlyxx/czys/202602/P020260214542445283377.pdf,https://czt.guizhou.gov.cn/zwgk/zdlyxx/czys/202602/P020260214542445283377.pdf,https://czt.guizhou.gov.cn/zwgk/zdlyxx/czys/202602/P020260214542445283377.pdf,guizhou_2025_detailed.txt,text/plain,2026-02-14,2026-02-14,2025-12-31,2026-08-01T00:00:00+08:00,fe4914284f355dcd8c5a6f6806281c40d2f421ebbbcab587678cf4063765da66,archive://national-prefecture-panel/raw/province_debt/2025/official/guizhou_2025_detailed.txt,internal_object,raw/province_debt/2025/official/guizhou_2025_detailed.txt,,A1,200,官方附件已归档,,按地级行政单元逐行读取官方 PDF、XLSX 或其归档文本中的全域政府债务限额与余额；省本级、市本级、区县和小计行不并入地级市。
SRC-PROVINCE-DEBT-HEILONGJIANG-2025,黑龙江省财政厅,省级,2025年全省地方政府法定债务执行情况表,official_attachment,heilongjiang_2025.pdf,地方政府债务限额及余额公开表,https://www.hlj.gov.cn/hlj/c110008/202602/31913858/files/%E9%99%84%E4%BB%B65%202026%E5%B9%B4%E7%9C%81%E6%9C%AC%E7%BA%A7%E9%A2%84%E7%AE%97%E5%85%AC%E5%BC%80%E8%A1%A8.pdf,https://www.hlj.gov.cn/hlj/c110008/202602/31913858/files/%E9%99%84%E4%BB%B65%202026%E5%B9%B4%E7%9C%81%E6%9C%AC%E7%BA%A7%E9%A2%84%E7%AE%97%E5%85%AC%E5%BC%80%E8%A1%A8.pdf,https://www.hlj.gov.cn/hlj/c110008/202602/31913858/files/%E9%99%84%E4%BB%B65%202026%E5%B9%B4%E7%9C%81%E6%9C%AC%E7%BA%A7%E9%A2%84%E7%AE%97%E5%85%AC%E5%BC%80%E8%A1%A8.pdf,https://www.hlj.gov.cn/hlj/c110008/202602/31913858/files/%E9%99%84%E4%BB%B65%202026%E5%B9%B4%E7%9C%81%E6%9C%AC%E7%BA%A7%E9%A2%84%E7%AE%97%E5%85%AC%E5%BC%80%E8%A1%A8.pdf,https://www.hlj.gov.cn/hlj/c110008/202602/31913858/files/%E9%99%84%E4%BB%B65%202026%E5%B9%B4%E7%9C%81%E6%9C%AC%E7%BA%A7%E9%A2%84%E7%AE%97%E5%85%AC%E5%BC%80%E8%A1%A8.pdf,heilongjiang_2025.pdf,application/pdf,2026-02-05,2026-02-05,2025-12-31,2026-08-01T00:00:00+08:00,3fcfbcf755762e1e8945fd46bd17603905189b9f6ae36b844eb1458876445de4,archive://national-prefecture-panel/raw/province_debt/2025/official/heilongjiang_2025.pdf,internal_object,raw/province_debt/2025/official/heilongjiang_2025.pdf,,A1,200,官方附件已归档,,黑龙江省财政厅官方省本级预算公开附件第62页按市地列示政府债务限额及余额，原表单位为万元，按 0.0001 转换为亿元；仅采集地级行政单元，不采集省本级和市县合计行。
SRC-PROVINCE-DEBT-NINGXIA-2024,宁夏回族自治区财政厅,省级,2024年全区地方政府债务限额及余额决算情况表,official_attachment,ningxia_2024.pdf,地方政府债务限额及余额公开表,https://czt.nx.gov.cn/zwgk/zfxxgkml/zfyjs/202508/W020250820318139540929.pdf,https://czt.nx.gov.cn/zwgk/zfxxgkml/zfyjs/202508/W020250820318139540929.pdf,https://czt.nx.gov.cn/zwgk/zfxxgkml/zfyjs/202508/W020250820318139540929.pdf,https://czt.nx.gov.cn/zwgk/zfxxgkml/zfyjs/202508/W020250820318139540929.pdf,https://czt.nx.gov.cn/zwgk/zfxxgkml/zfyjs/202508/W020250820318139540929.pdf,ningxia_2024.pdf,application/pdf,2025-08-20,2025-08-20,2024-12-31,2026-08-01T00:00:00+08:00,42d201922a90f0abcccb223310013ac7fe9856fd02e75aaeb744945933294af9,archive://national-prefecture-panel/raw/province_debt/2024/official/ningxia_2024.pdf,internal_object,raw/province_debt/2024/official/ningxia_2024.pdf,,A1,200,官方附件已归档,,按地级行政单元逐行读取官方 PDF、XLSX 或其归档文本中的全域政府债务限额与余额；省本级、市本级、区县和小计行不并入地级市。
SRC-PROVINCE-DEBT-GUANGDONG-2024,广东省财政厅,省级,2024年广东省地方政府一般债务、专项债务限额及余额决算情况表,official_attachment,guangdong_2024.pdf,地方政府债务限额及余额公开表,https://www.gov.cn/zhengce/zhengceku/2025-08/20/content_7035582.htm,https://www.gov.cn/zhengce/zhengceku/2025-08/20/content_7035582.htm,https://www.gd.gov.cn/attachment/0/589/589351/4760613.pdf,https://www.gov.cn/zhengce/zhengceku/2025-08/20/content_7035582.htm,https://www.gd.gov.cn/attachment/0/589/589351/4760613.pdf,guangdong_2024.pdf,application/pdf,2025-08-20,2025-08-20,2024-12-31,2026-08-01T00:00:00+08:00,e776fd726dba60ca843bb79b91040b774602e619b191379834cbc6313ec95387,archive://national-prefecture-panel/raw/province_debt/2024/official/guangdong_2024.pdf,internal_object,raw/province_debt/2024/official/guangdong_2024.pdf,,A1,200,官方附件已归档,,按地级行政单元逐行读取官方 PDF、XLSX 或其归档文本中的全域政府债务限额与余额；省本级、市本级、区县和小计行不并入地级市。
SRC-PROVINCE-DEBT-GUIZHOU-2024,贵州省财政厅,省级,贵州省2024年分地区政府债务限额和余额情况表,official_attachment,guizhou_2024.txt,地方政府债务限额及余额公开表,https://czt.guizhou.gov.cn/zwgk/zdlyxx/czys/202502/P020250210598356068301.pdf,https://czt.guizhou.gov.cn/zwgk/zdlyxx/czys/202502/P020250210598356068301.pdf,https://czt.guizhou.gov.cn/zwgk/zdlyxx/czys/202502/P020250210598356068301.pdf,https://czt.guizhou.gov.cn/zwgk/zdlyxx/czys/202502/P020250210598356068301.pdf,https://czt.guizhou.gov.cn/zwgk/zdlyxx/czys/202502/P020250210598356068301.pdf,guizhou_2024.txt,text/plain,2025-02-10,2025-02-10,2024-12-31,2026-08-01T00:00:00+08:00,8a66069cb23baf86c1c1831da61748eed94f8fc44c49254c76f97fe2110142fb,archive://national-prefecture-panel/raw/province_debt/2024/official/guizhou_2024.txt,internal_object,raw/province_debt/2024/official/guizhou_2024.txt,,A1,200,官方附件已归档,,按地级行政单元逐行读取官方 PDF、XLSX 或其归档文本中的全域政府债务限额与余额；省本级、市本级、区县和小计行不并入地级市。
SRC-PROVINCE-DEBT-JIANGSU-2024,江苏省财政厅,省级,江苏省2024年地方政府债务限额及余额情况表,official_attachment,jiangsu_2024.pdf,地方政府债务限额及余额公开表,https://czt.jiangsu.gov.cn/attach/-1/2504291825052954904.pdf,https://czt.jiangsu.gov.cn/attach/-1/2504291825052954904.pdf,https://czt.jiangsu.gov.cn/attach/-1/2504291825052954904.pdf,https://czt.jiangsu.gov.cn/attach/-1/2504291825052954904.pdf,https://czt.jiangsu.gov.cn/attach/-1/2504291825052954904.pdf,jiangsu_2024.pdf,application/pdf,2025-04-29,2025-04-29,2024-12-31,2026-08-01T00:00:00+08:00,26fe67d9791953412425402d523ed8c4c04f10a7b99ef3b1be7ea6677d59d1da,archive://national-prefecture-panel/raw/province_debt/2024/official/jiangsu_2024.pdf,internal_object,raw/province_debt/2024/official/jiangsu_2024.pdf,,A1,200,官方附件已归档,,按地级行政单元逐行读取官方 PDF、XLSX 或其归档文本中的全域政府债务限额与余额；省本级、市本级、区县和小计行不并入地级市。
SRC-PROVINCE-DEBT-SICHUAN-2024,四川省财政厅,省级,2024年四川省地方政府债务限额及余额情况表,official_attachment,sichuan_2024.txt,地方政府债务限额及余额公开表,https://czt.sc.gov.cn/scczt/c102361/2025/2/12/a75ec75444d249629db82cc42c5829b2/files/4.%E5%9C%B0%E6%96%B9%E6%94%BF%E5%BA%9C%E5%80%BA%E5%8A%A1%E6%83%85%E5%86%B5.pdf,https://czt.sc.gov.cn/scczt/c102361/2025/2/12/a75ec75444d249629db82cc42c5829b2/files/4.%E5%9C%B0%E6%96%B9%E6%94%BF%E5%BA%9C%E5%80%BA%E5%8A%A1%E6%83%85%E5%86%B5.pdf,https://czt.sc.gov.cn/scczt/c102361/2025/2/12/a75ec75444d249629db82cc42c5829b2/files/4.%E5%9C%B0%E6%96%B9%E6%94%BF%E5%BA%9C%E5%80%BA%E5%8A%A1%E6%83%85%E5%86%B5.pdf,https://czt.sc.gov.cn/scczt/c102361/2025/2/12/a75ec75444d249629db82cc42c5829b2/files/4.%E5%9C%B0%E6%96%B9%E6%94%BF%E5%BA%9C%E5%80%BA%E5%8A%A1%E6%83%85%E5%86%B5.pdf,https://czt.sc.gov.cn/scczt/c102361/2025/2/12/a75ec75444d249629db82cc42c5829b2/files/4.%E5%9C%B0%E6%96%B9%E6%94%BF%E5%BA%9C%E5%80%BA%E5%8A%A1%E6%83%85%E5%86%B5.pdf,sichuan_2024.txt,text/plain,2025-02-12,2025-02-12,2024-12-31,2026-08-01T00:00:00+08:00,f816754e174072aee2b5c08f0375894c83829be6f5312c6bcbb7f1a2ff6a2f29,archive://national-prefecture-panel/raw/province_debt/2024/official/sichuan_2024.txt,internal_object,raw/province_debt/2024/official/sichuan_2024.txt,,A1,200,官方附件已归档,,按地级行政单元逐行读取官方 PDF、XLSX 或其归档文本中的全域政府债务限额与余额；省本级、市本级、区县和小计行不并入地级市。
SRC-PROVINCE-DEBT-SICHUAN-2021,四川省财政厅,省级,四川省2021年地方政府债务限额及余额预算情况表,official_attachment,sichuan_2021.txt,地方政府债务限额及余额公开表,https://czt.sc.gov.cn/scczt/c102371/2021/2/9/f0c5f5e7f83a4a4ea84149b93cf7dcd4/files/96b3bf335a4246bea532d157aa482651.pdf,https://czt.sc.gov.cn/scczt/c102371/2021/2/9/f0c5f5e7f83a4a4ea84149b93cf7dcd4/files/96b3bf335a4246bea532d157aa482651.pdf,https://czt.sc.gov.cn/scczt/c102371/2021/2/9/f0c5f5e7f83a4a4ea84149b93cf7dcd4/files/96b3bf335a4246bea532d157aa482651.pdf,https://czt.sc.gov.cn/scczt/c102371/2021/2/9/f0c5f5e7f83a4a4ea84149b93cf7dcd4/files/96b3bf335a4246bea532d157aa482651.pdf,https://czt.sc.gov.cn/scczt/c102371/2021/2/9/f0c5f5e7f83a4a4ea84149b93cf7dcd4/files/96b3bf335a4246bea532d157aa482651.pdf,sichuan_2021.txt,text/plain,2022-02-09,2022-02-09,2021-12-31,2026-08-01T00:00:00+08:00,8980ba20692ddac7cad081f5a5c6d1be0c23a07e8b633a999b4c3fe73a70f57e,archive://national-prefecture-panel/raw/province_debt/2021/official/sichuan_2021.txt,internal_object,raw/province_debt/2021/official/sichuan_2021.txt,,A1,200,官方附件已归档,,原始表为四川省财政厅公开附件；本地文本为官方附件网页索引中的逐行转录，待附件下载链路恢复后以原始 PDF 替换。
SRC-PROVINCE-DEBT-ZHEJIANG-GENERAL-2024,浙江省财政厅,省级,2024年浙江省地方政府一般债务分地区限额和余额表,official_attachment,zhejiang_2024_general.txt,地方政府债务限额及余额公开表,https://zjjcmspublic.oss-cn-hangzhou-zwynet-d01-a.internet.cloud.zj.gov.cn/jcms_files/jcms1/web1791/site/attach/0/85bc49d5313043b48bdf036eb1b11116.pdf,https://zjjcmspublic.oss-cn-hangzhou-zwynet-d01-a.internet.cloud.zj.gov.cn/jcms_files/jcms1/web1791/site/attach/0/85bc49d5313043b48bdf036eb1b11116.pdf,https://zjjcmspublic.oss-cn-hangzhou-zwynet-d01-a.internet.cloud.zj.gov.cn/jcms_files/jcms1/web1791/site/attach/0/85bc49d5313043b48bdf036eb1b11116.pdf,https://zjjcmspublic.oss-cn-hangzhou-zwynet-d01-a.internet.cloud.zj.gov.cn/jcms_files/jcms1/web1791/site/attach/0/85bc49d5313043b48bdf036eb1b11116.pdf,https://zjjcmspublic.oss-cn-hangzhou-zwynet-d01-a.internet.cloud.zj.gov.cn/jcms_files/jcms1/web1791/site/attach/0/85bc49d5313043b48bdf036eb1b11116.pdf,zhejiang_2024_general.txt,text/plain,2025-08-01,2025-08-01,2024-12-31,2026-08-01T00:00:00+08:00,887fabc0aa0ca12e17c607862a84ebcf8924678a413fa575bef65a47124e5aaf,archive://national-prefecture-panel/raw/province_debt/2024/official/zhejiang_2024_general.txt,internal_object,raw/province_debt/2024/official/zhejiang_2024_general.txt,,A1,200,官方附件已归档,,按地级行政单元逐行读取官方 PDF、XLSX 或其归档文本中的全域政府债务限额与余额；省本级、市本级、区县和小计行不并入地级市。
SRC-PROVINCE-DEBT-ZHEJIANG-SPECIAL-2024,浙江省财政厅,省级,2024年浙江省地方政府专项债务分地区限额和余额表,official_attachment,zhejiang_2024_special.txt,地方政府债务限额及余额公开表,https://zjjcmspublic.oss-cn-hangzhou-zwynet-d01-a.internet.cloud.zj.gov.cn/jcms_files/jcms1/web1791/site/attach/0/8f16ab3fdd1b4843831fa2b1a6176568.pdf,https://zjjcmspublic.oss-cn-hangzhou-zwynet-d01-a.internet.cloud.zj.gov.cn/jcms_files/jcms1/web1791/site/attach/0/8f16ab3fdd1b4843831fa2b1a6176568.pdf,https://zjjcmspublic.oss-cn-hangzhou-zwynet-d01-a.internet.cloud.zj.gov.cn/jcms_files/jcms1/web1791/site/attach/0/8f16ab3fdd1b4843831fa2b1a6176568.pdf,https://zjjcmspublic.oss-cn-hangzhou-zwynet-d01-a.internet.cloud.zj.gov.cn/jcms_files/jcms1/web1791/site/attach/0/8f16ab3fdd1b4843831fa2b1a6176568.pdf,https://zjjcmspublic.oss-cn-hangzhou-zwynet-d01-a.internet.cloud.zj.gov.cn/jcms_files/jcms1/web1791/site/attach/0/8f16ab3fdd1b4843831fa2b1a6176568.pdf,zhejiang_2024_special.txt,text/plain,2025-08-01,2025-08-01,2024-12-31,2026-08-01T00:00:00+08:00,54fa30f3f222e4b5c8319971d1134c737a0688f87c67b3d6b5e51f917a499d1f,archive://national-prefecture-panel/raw/province_debt/2024/official/zhejiang_2024_special.txt,internal_object,raw/province_debt/2024/official/zhejiang_2024_special.txt,,A1,200,官方附件已归档,,按地级行政单元逐行读取官方 PDF、XLSX 或其归档文本中的全域政府债务限额与余额；省本级、市本级、区县和小计行不并入地级市。
SRC-PROVINCE-DEBT-HUNAN-2023,湖南省财政厅,省级,湖南省2023年地方政府债务限额及余额决算情况表,official_attachment,hunan_2023.pdf,地方政府债务限额及余额公开表,https://czt.hunan.gov.cn/czt/dzqzfwz/202410/33481314/files/92b5d1216cd14a36956345d42bf9f012.pdf,https://czt.hunan.gov.cn/czt/dzqzfwz/202410/33481314/files/92b5d1216cd14a36956345d42bf9f012.pdf,https://czt.hunan.gov.cn/czt/dzqzfwz/202410/33481314/files/92b5d1216cd14a36956345d42bf9f012.pdf,https://czt.hunan.gov.cn/czt/dzqzfwz/202410/33481314/files/92b5d1216cd14a36956345d42bf9f012.pdf,https://czt.hunan.gov.cn/czt/dzqzfwz/202410/33481314/files/92b5d1216cd14a36956345d42bf9f012.pdf,hunan_2023.pdf,application/pdf,2024-10-21,2024-10-21,2023-12-31,2026-08-01T00:00:00+08:00,fde27587c1d8f1956efbc8db4915386d5cbdcaa5c33347f96da583500436572e,archive://national-prefecture-panel/raw/province_debt/2023/official/hunan_2023.pdf,internal_object,raw/province_debt/2023/official/hunan_2023.pdf,,A1,200,官方附件已归档,,按地级行政单元逐行读取官方 PDF、XLSX 或其归档文本中的全域政府债务限额与余额；省本级、市本级、区县和小计行不并入地级市。
SRC-PROVINCE-DEBT-SHANDONG-2023,山东省财政厅,省级,2023年山东省地方政府债务限额及余额分地区情况明细表,official_attachment,shandong_2023.pdf,地方政府债务限额及余额公开表,http://czt.shandong.gov.cn/module/download/downfile.jsp?classid=0&filename=c5dc2f630ca24cf2b17b4487ec892f4d.pdf,http://czt.shandong.gov.cn/module/download/downfile.jsp?classid=0&filename=c5dc2f630ca24cf2b17b4487ec892f4d.pdf,http://czt.shandong.gov.cn/module/download/downfile.jsp?classid=0&filename=c5dc2f630ca24cf2b17b4487ec892f4d.pdf,http://czt.shandong.gov.cn/module/download/downfile.jsp?classid=0&filename=c5dc2f630ca24cf2b17b4487ec892f4d.pdf,http://czt.shandong.gov.cn/module/download/downfile.jsp?classid=0&filename=c5dc2f630ca24cf2b17b4487ec892f4d.pdf,shandong_2023.pdf,application/pdf,2024-09-01,2024-09-01,2023-12-31,2026-08-01T00:00:00+08:00,d5eba5145053bc3aa1e3242a8f34d708ebb4ea9fba0f4b7eb8676f65c2c2fbee,archive://national-prefecture-panel/raw/province_debt/2023/official/shandong_2023.pdf,internal_object,raw/province_debt/2023/official/shandong_2023.pdf,,A1,200,官方附件已归档,,按地级行政单元逐行读取官方 PDF、XLSX 或其归档文本中的全域政府债务限额与余额；省本级、市本级、区县和小计行不并入地级市。
SRC-PROVINCE-DEBT-JILIN-2023,吉林省财政厅,省级,2023年地方政府债务限额及余额决算情况表,official_attachment,jilin_2023.pdf,地方政府债务限额及余额公开表,https://czt.jl.gov.cn/yjs/zfyjs/zfjsjzx/2023/202408/P020240827567361297844.pdf,https://czt.jl.gov.cn/yjs/zfyjs/zfjsjzx/2023/202408/P020240827567361297844.pdf,https://czt.jl.gov.cn/yjs/zfyjs/zfjsjzx/2023/202408/P020240827567361297844.pdf,https://czt.jl.gov.cn/yjs/zfyjs/zfjsjzx/2023/202408/P020240827567361297844.pdf,https://czt.jl.gov.cn/yjs/zfyjs/zfjsjzx/2023/202408/P020240827567361297844.pdf,jilin_2023.pdf,application/pdf,2024-08-27,2024-08-27,2023-12-31,2026-08-01T00:00:00+08:00,7c8bf681431981ea50085264eef1eaaa5f840feb805a31d3508961a52abbe97e,archive://national-prefecture-panel/raw/province_debt/2023/official/jilin_2023.pdf,internal_object,raw/province_debt/2023/official/jilin_2023.pdf,,A1,200,官方附件已归档,,按地级行政单元逐行读取官方 PDF、XLSX 或其归档文本中的全域政府债务限额与余额；省本级、市本级、区县和小计行不并入地级市。
SRC-PROVINCE-DEBT-QINGHAI-2023,青海省财政厅,省级,青海省2023年地方政府债务限额及余额预算情况表,official_attachment,qinghai_2023.pdf,地方政府债务限额及余额公开表,https://czt.qinghai.gov.cn/static/media/20240201032640_356.pdf,https://czt.qinghai.gov.cn/static/media/20240201032640_356.pdf,https://czt.qinghai.gov.cn/static/media/20240201032640_356.pdf,https://czt.qinghai.gov.cn/static/media/20240201032640_356.pdf,https://czt.qinghai.gov.cn/static/media/20240201032640_356.pdf,qinghai_2023.pdf,application/pdf,2024-02-01,2024-02-01,2023-12-31,2026-08-01T00:00:00+08:00,5fe463344939fc3d41621559165235651a3d760bc4a83abd8e52a29d5c0bde43,archive://national-prefecture-panel/raw/province_debt/2023/official/qinghai_2023.pdf,internal_object,raw/province_debt/2023/official/qinghai_2023.pdf,,A1,200,官方附件已归档,,按地级行政单元逐行读取官方 PDF、XLSX 或其归档文本中的全域政府债务限额与余额；省本级、市本级、区县和小计行不并入地级市。
SRC-PROVINCE-DEBT-NINGXIA-2022,宁夏回族自治区财政厅,省级,2022年全区地方政府债务限额及余额决算情况表,official_attachment,ningxia_2022.pdf,地方政府债务限额及余额公开表,https://czt.nx.gov.cn/zwgk/zfxxgkml/yjsgk/czjs/202308/P020230818678771536776.pdf,https://czt.nx.gov.cn/zwgk/zfxxgkml/yjsgk/czjs/202308/P020230818678771536776.pdf,https://czt.nx.gov.cn/zwgk/zfxxgkml/yjsgk/czjs/202308/P020230818678771536776.pdf,https://czt.nx.gov.cn/zwgk/zfxxgkml/yjsgk/czjs/202308/P020230818678771536776.pdf,https://czt.nx.gov.cn/zwgk/zfxxgkml/yjsgk/czjs/202308/P020230818678771536776.pdf,ningxia_2022.pdf,application/pdf,2023-08-18,2023-08-18,2022-12-31,2026-08-01T00:00:00+08:00,db709c980d0276613cc7e4b2bc09830bf1dc607271ed45c9c8802379d2fffaf8,archive://national-prefecture-panel/raw/province_debt/2022/official/ningxia_2022.pdf,internal_object,raw/province_debt/2022/official/ningxia_2022.pdf,,A1,200,官方附件已归档,,官方决算附件第113页列示五个地级市及其县区行；本地仅转录五个地级市行，排除市县合计、自治区本级、县区和宁东行；原表单位为万元，按 0.0001 换算为亿元。
SRC-PROVINCE-DEBT-NINGXIA-2023,宁夏回族自治区财政厅,省级,2023年全区地方政府债务限额及余额决算情况表,official_attachment,ningxia_2023.pdf,地方政府债务限额及余额公开表,https://czt.nx.gov.cn/zwgk/zfxxgkml/yjsgk/czjs/202408/P020240816613295445718.pdf,https://czt.nx.gov.cn/zwgk/zfxxgkml/yjsgk/czjs/202408/P020240816613295445718.pdf,https://czt.nx.gov.cn/zwgk/zfxxgkml/yjsgk/czjs/202408/P020240816613295445718.pdf,https://czt.nx.gov.cn/zwgk/zfxxgkml/yjsgk/czjs/202408/P020240816613295445718.pdf,https://czt.nx.gov.cn/zwgk/zfxxgkml/yjsgk/czjs/202408/P020240816613295445718.pdf,ningxia_2023.pdf,application/pdf,2024-08-16,2024-08-16,2023-12-31,2026-08-01T00:00:00+08:00,67df6936818b59748d12f731f30372d669ee1e2ae89ce205ad67fc5a36e3ee84,archive://national-prefecture-panel/raw/province_debt/2023/official/ningxia_2023.pdf,internal_object,raw/province_debt/2023/official/ningxia_2023.pdf,,A1,200,官方附件已归档,,按地级行政单元逐行读取官方 PDF、XLSX 或其归档文本中的全域政府债务限额与余额；省本级、市本级、区县和小计行不并入地级市。
SRC-PROVINCE-DEBT-JILIN-2018,吉林省财政厅,省级,吉林省2018年地方政府债务限额及余额决算情况表,official_attachment,jilin_2018.pdf,地方政府债务限额及余额公开表,https://czt.jl.gov.cn/yjs/zfyjs/zfjsjzx/2018/202106/P020220709649374930980.pdf,https://czt.jl.gov.cn/yjs/zfyjs/zfjsjzx/2018/202106/P020220709649374930980.pdf,https://czt.jl.gov.cn/yjs/zfyjs/zfjsjzx/2018/202106/P020220709649374930980.pdf,https://czt.jl.gov.cn/yjs/zfyjs/zfjsjzx/2018/202106/P020220709649374930980.pdf,https://czt.jl.gov.cn/yjs/zfyjs/zfjsjzx/2018/202106/P020220709649374930980.pdf,jilin_2018.pdf,application/pdf,2021-06-03,2021-06-03,2018-12-31,2026-08-01T00:00:00+08:00,9ab5f49f0575f2ce642d6b6962445a9449d37d10982fb03d44789b659fd81578,archive://national-prefecture-panel/raw/province_debt/2018/official/jilin_2018.pdf,internal_object,raw/province_debt/2018/official/jilin_2018.pdf,,A1,200,官方附件已归档,,按地级行政单元逐行读取官方 PDF、XLSX 或其归档文本中的全域政府债务限额与余额；省本级、市本级、区县和小计行不并入地级市。
SRC-PROVINCE-DEBT-JILIN-2019,吉林省财政厅,省级,吉林省2019年地方政府债务限额及余额决算情况表,official_attachment,jilin_2019.pdf,地方政府债务限额及余额公开表,https://czt.jl.gov.cn/yjs/zfyjs/zfjsjzx/2019/202106/P020220709623508898716.pdf,https://czt.jl.gov.cn/yjs/zfyjs/zfjsjzx/2019/202106/P020220709623508898716.pdf,https://czt.jl.gov.cn/yjs/zfyjs/zfjsjzx/2019/202106/P020220709623508898716.pdf,https://czt.jl.gov.cn/yjs/zfyjs/zfjsjzx/2019/202106/P020220709623508898716.pdf,https://czt.jl.gov.cn/yjs/zfyjs/zfjsjzx/2019/202106/P020220709623508898716.pdf,jilin_2019.pdf,application/pdf,2021-06-03,2021-06-03,2019-12-31,2026-08-01T00:00:00+08:00,b79cd6918053f60bff2a71e24bcb82b5b0df341734fd31360ad4e3e9254b1499,archive://national-prefecture-panel/raw/province_debt/2019/official/jilin_2019.pdf,internal_object,raw/province_debt/2019/official/jilin_2019.pdf,,A1,200,官方附件已归档,,按地级行政单元逐行读取官方 PDF、XLSX 或其归档文本中的全域政府债务限额与余额；省本级、市本级、区县和小计行不并入地级市。
SRC-PROVINCE-DEBT-JILIN-2020,吉林省财政厅,省级,吉林省2020年地方政府债务限额及余额决算情况表,official_attachment,jilin_2020.pdf,地方政府债务限额及余额公开表,https://czt.jl.gov.cn/yjs/zfyjs/zfjsjzx/2019_294916/202301/P020250711357637031951.pdf,https://czt.jl.gov.cn/yjs/zfyjs/zfjsjzx/2019_294916/202301/P020250711357637031951.pdf,https://czt.jl.gov.cn/yjs/zfyjs/zfjsjzx/2019_294916/202301/P020250711357637031951.pdf,https://czt.jl.gov.cn/yjs/zfyjs/zfjsjzx/2019_294916/202301/P020250711357637031951.pdf,https://czt.jl.gov.cn/yjs/zfyjs/zfjsjzx/2019_294916/202301/P020250711357637031951.pdf,jilin_2020.pdf,application/pdf,2023-01-01,2023-01-01,2020-12-31,2026-08-01T00:00:00+08:00,684099abdc25344176c88d25d63494c558546cb330db02fd74054bd631d592a2,archive://national-prefecture-panel/raw/province_debt/2020/official/jilin_2020.pdf,internal_object,raw/province_debt/2020/official/jilin_2020.pdf,,A1,200,官方附件已归档,,按地级行政单元逐行读取官方 PDF、XLSX 或其归档文本中的全域政府债务限额与余额；省本级、市本级、区县和小计行不并入地级市。
SRC-PROVINCE-DEBT-JILIN-2021,吉林省财政厅,省级,吉林省2021年地方政府债务限额及余额决算情况表,official_attachment,jilin_2021.pdf,地方政府债务限额及余额公开表,https://czt.jl.gov.cn/yjs/zfyjs/zfjsjzx/2021/202301/P020250724523602050663.pdf,https://czt.jl.gov.cn/yjs/zfyjs/zfjsjzx/2021/202301/P020250724523602050663.pdf,https://czt.jl.gov.cn/yjs/zfyjs/zfjsjzx/2021/202301/P020250724523602050663.pdf,https://czt.jl.gov.cn/yjs/zfyjs/zfjsjzx/2021/202301/P020250724523602050663.pdf,https://czt.jl.gov.cn/yjs/zfyjs/zfjsjzx/2021/202301/P020250724523602050663.pdf,jilin_2021.pdf,application/pdf,2023-01-01,2023-01-01,2021-12-31,2026-08-01T00:00:00+08:00,08157265310cbb38d9a12492864f675f9b67f5ff8f49820ff926a27b97554a42,archive://national-prefecture-panel/raw/province_debt/2021/official/jilin_2021.pdf,internal_object,raw/province_debt/2021/official/jilin_2021.pdf,,A1,200,官方附件已归档,,按地级行政单元逐行读取官方 PDF、XLSX 或其归档文本中的全域政府债务限额与余额；省本级、市本级、区县和小计行不并入地级市。
SRC-PROVINCE-DEBT-JILIN-2022,吉林省财政厅,省级,吉林省2022年地方政府债务限额及余额决算情况表,official_attachment,jilin_2022.pdf,地方政府债务限额及余额公开表,https://czt.jl.gov.cn/yjs/zfyjs/zfjsjzx/2022/202308/P020250724523258348417.pdf,https://czt.jl.gov.cn/yjs/zfyjs/zfjsjzx/2022/202308/P020250724523258348417.pdf,https://czt.jl.gov.cn/yjs/zfyjs/zfjsjzx/2022/202308/P020250724523258348417.pdf,https://czt.jl.gov.cn/yjs/zfyjs/zfjsjzx/2022/202308/P020250724523258348417.pdf,https://czt.jl.gov.cn/yjs/zfyjs/zfjsjzx/2022/202308/P020250724523258348417.pdf,jilin_2022.pdf,application/pdf,2023-08-01,2023-08-01,2022-12-31,2026-08-01T00:00:00+08:00,70feab9135066ab33ad1858787360719050409bdf41822edaa5bc7c710fbbdbd,archive://national-prefecture-panel/raw/province_debt/2022/official/jilin_2022.pdf,internal_object,raw/province_debt/2022/official/jilin_2022.pdf,,A1,200,官方附件已归档,,按地级行政单元逐行读取官方 PDF、XLSX 或其归档文本中的全域政府债务限额与余额；省本级、市本级、区县和小计行不并入地级市。
SRC-OFFICIAL-DEBT-HEBEI-BAODING-2025,保定市财政局,市级财政部门,保定市人民政府关于保定市2025年预算执行情况和2026年预算草案的报告,official_attachment,baoding_2025_official_report.txt,地方政府债务限额及余额公开表,https://www.baoding.gov.cn/zwgknr-1004-538624.html,https://www.baoding.gov.cn/zwgknr-1004-538624.html,https://www.baoding.gov.cn/zwgknr-1004-538624.html,https://www.baoding.gov.cn/zwgknr-1004-538624.html,https://www.baoding.gov.cn/zwgknr-1004-538624.html,baoding_2025_official_report.txt,text/plain,2026-03-03,2026-03-03,2025-12-31,2026-08-01T00:00:00+08:00,ca304f94a7ab8b42985e951ba88f6e10185a7521955a0ae0fa8e70a2193e205a,archive://national-prefecture-panel/raw/province_debt/2025/official/baoding_2025_official_report.txt,internal_object,raw/province_debt/2025/official/baoding_2025_official_report.txt,,A1,200,官方附件已归档,,保定市官方预算报告附件十八按全市口径披露债务余额22823786万元，其中一般债4017531万元、专项债18806255万元；接入全市行，不使用市本级或县区级行替代全市。
SRC-SECONDARY-DEBT-JIANGSU-NANJING-2020,南京市财政局,市级,南京市2020年财政决算（草案）报告/相关预算公开资料,official_attachment,national_gap_fill_2020_city_totals.txt,地方政府债务限额及余额公开表,https://czj.nanjing.gov.cn/njsczj/202109/P020210922409111717063.pdf,https://czj.nanjing.gov.cn/njsczj/202109/P020210922409111717063.pdf,https://czj.nanjing.gov.cn/njsczj/202109/P020210922409111717063.pdf,https://czj.nanjing.gov.cn/njsczj/202109/P020210922409111717063.pdf,https://czj.nanjing.gov.cn/njsczj/202109/P020210922409111717063.pdf,national_gap_fill_2020_city_totals.txt,text/plain,2021-09-22,2021-09-22,2020-12-31,2026-08-01T00:00:00+08:00,aede713c20732177fec9ae7ed5c1a69feba2ee77ee950ee6c87fe56eba294ba2,archive://national-prefecture-panel/raw/province_debt/2020/official/national_gap_fill_2020_city_totals.txt,internal_object,raw/province_debt/2020/official/national_gap_fill_2020_city_totals.txt,,A2,200,官方附件已归档,,公开文件明确列示全市2020年末余额2818.47亿元；一般/专项分项与限额未在本条接入。
SRC-SECONDARY-DEBT-JIANGSU-WUXI-2020,无锡市财政局,市级,无锡市2020年财政决算（草案）报告/预算公开资料,official_attachment,national_gap_fill_2020_city_totals.txt,地方政府债务限额及余额公开表,https://cz.wuxi.gov.cn/doc/2021/09/10/3422654.shtml,https://cz.wuxi.gov.cn/doc/2021/09/10/3422654.shtml,https://cz.wuxi.gov.cn/doc/2021/09/10/3422654.shtml,https://cz.wuxi.gov.cn/doc/2021/09/10/3422654.shtml,https://cz.wuxi.gov.cn/doc/2021/09/10/3422654.shtml,national_gap_fill_2020_city_totals.txt,text/plain,2021-09-10,2021-09-10,2020-12-31,2026-08-01T00:00:00+08:00,aede713c20732177fec9ae7ed5c1a69feba2ee77ee950ee6c87fe56eba294ba2,archive://national-prefecture-panel/raw/province_debt/2020/official/national_gap_fill_2020_city_totals.txt,internal_object,raw/province_debt/2020/official/national_gap_fill_2020_city_totals.txt,,A2,200,官方附件已归档,,公开文件明确列示全市2020年末余额1420.84亿元；一般/专项分项与限额未在本条接入。
SRC-SECONDARY-DEBT-JIANGSU-XUZHOU-2020,公开评级资料,评级机构研究报告,徐州市地方政府债务及财政实力公开评级资料,official_attachment,national_gap_fill_2020_city_totals.txt,地方政府债务限额及余额公开表,https://www.chinamoney.com.cn/dqs/cm-s-notice-query/fileDownLoad.do?contentId=2655343&mode=open&priority=0,https://www.chinamoney.com.cn/dqs/cm-s-notice-query/fileDownLoad.do?contentId=2655343&mode=open&priority=0,https://www.chinamoney.com.cn/dqs/cm-s-notice-query/fileDownLoad.do?contentId=2655343&mode=open&priority=0,https://www.chinamoney.com.cn/dqs/cm-s-notice-query/fileDownLoad.do?contentId=2655343&mode=open&priority=0,https://www.chinamoney.com.cn/dqs/cm-s-notice-query/fileDownLoad.do?contentId=2655343&mode=open&priority=0,national_gap_fill_2020_city_totals.txt,text/plain,2021-06-01,2021-06-01,2020-12-31,2026-08-01T00:00:00+08:00,aede713c20732177fec9ae7ed5c1a69feba2ee77ee950ee6c87fe56eba294ba2,archive://national-prefecture-panel/raw/province_debt/2020/official/national_gap_fill_2020_city_totals.txt,internal_object,raw/province_debt/2020/official/national_gap_fill_2020_city_totals.txt,,B2,200,官方附件已归档,,评级公开资料明确列示全市2020年末余额1174.23亿元；仅接入总额。
SRC-SECONDARY-DEBT-JIANGSU-CHANGZHOU-2020,常州市人大常委会,市级,常州市2020年财政决算报告,official_attachment,national_gap_fill_2020_city_totals.txt,地方政府债务限额及余额公开表,https://rd.changzhou.gov.cn/html/rd/2021/OPQFJQAA_0625/30103.html,https://rd.changzhou.gov.cn/html/rd/2021/OPQFJQAA_0625/30103.html,https://rd.changzhou.gov.cn/html/rd/2021/OPQFJQAA_0625/30103.html,https://rd.changzhou.gov.cn/html/rd/2021/OPQFJQAA_0625/30103.html,https://rd.changzhou.gov.cn/html/rd/2021/OPQFJQAA_0625/30103.html,national_gap_fill_2020_city_totals.txt,text/plain,2021-06-25,2021-06-25,2020-12-31,2026-08-01T00:00:00+08:00,aede713c20732177fec9ae7ed5c1a69feba2ee77ee950ee6c87fe56eba294ba2,archive://national-prefecture-panel/raw/province_debt/2020/official/national_gap_fill_2020_city_totals.txt,internal_object,raw/province_debt/2020/official/national_gap_fill_2020_city_totals.txt,,A2,200,官方附件已归档,,公开决算资料明确列示全市2020年末余额1220.00亿元；一般/专项分项与限额未在本条接入。
SRC-SECONDARY-DEBT-JIANGSU-SUZHOU-2020,苏州市人民政府,市级,苏州市2020年财政预算执行情况和2021年财政预算草案报告,official_attachment,national_gap_fill_2020_city_totals.txt,地方政府债务限额及余额公开表,https://www.suzhou.gov.cn/szsrmzf/czyjsbg/202102/a5265875ac84442b99fda5aa14f0a2ed.shtml,https://www.suzhou.gov.cn/szsrmzf/czyjsbg/202102/a5265875ac84442b99fda5aa14f0a2ed.shtml,https://www.suzhou.gov.cn/szsrmzf/czyjsbg/202102/a5265875ac84442b99fda5aa14f0a2ed.shtml,https://www.suzhou.gov.cn/szsrmzf/czyjsbg/202102/a5265875ac84442b99fda5aa14f0a2ed.shtml,https://www.suzhou.gov.cn/szsrmzf/czyjsbg/202102/a5265875ac84442b99fda5aa14f0a2ed.shtml,national_gap_fill_2020_city_totals.txt,text/plain,2021-02-01,2021-02-01,2020-12-31,2026-08-01T00:00:00+08:00,aede713c20732177fec9ae7ed5c1a69feba2ee77ee950ee6c87fe56eba294ba2,archive://national-prefecture-panel/raw/province_debt/2020/official/national_gap_fill_2020_city_totals.txt,internal_object,raw/province_debt/2020/official/national_gap_fill_2020_city_totals.txt,,A2,200,官方附件已归档,,公开报告表格明确列示全市2020年末余额1532.4246亿元；一般/专项分项与限额未在本条接入。
SRC-SECONDARY-DEBT-JIANGSU-NANTONG-2020,南通市财政局,市级,南通市2020年财政决算报告,official_attachment,national_gap_fill_2020_city_totals.txt,地方政府债务限额及余额公开表,https://czj.nantong.gov.cn/ntsczj/zfzw/content/1a1a0279-ea9a-4807-8a7f-f2c3f9f89383.html,https://czj.nantong.gov.cn/ntsczj/zfzw/content/1a1a0279-ea9a-4807-8a7f-f2c3f9f89383.html,https://czj.nantong.gov.cn/ntsczj/zfzw/content/1a1a0279-ea9a-4807-8a7f-f2c3f9f89383.html,https://czj.nantong.gov.cn/ntsczj/zfzw/content/1a1a0279-ea9a-4807-8a7f-f2c3f9f89383.html,https://czj.nantong.gov.cn/ntsczj/zfzw/content/1a1a0279-ea9a-4807-8a7f-f2c3f9f89383.html,national_gap_fill_2020_city_totals.txt,text/plain,2021-06-01,2021-06-01,2020-12-31,2026-08-01T00:00:00+08:00,aede713c20732177fec9ae7ed5c1a69feba2ee77ee950ee6c87fe56eba294ba2,archive://national-prefecture-panel/raw/province_debt/2020/official/national_gap_fill_2020_city_totals.txt,internal_object,raw/province_debt/2020/official/national_gap_fill_2020_city_totals.txt,,A2,200,官方附件已归档,,官方表格精确列示全市2020年末余额1684.19亿元；叙述文本四舍五入值为1684.20亿元，本地采用表格精确值。
SRC-SECONDARY-DEBT-JIANGSU-LIANYUNGANG-2020,连云港市人民政府,市级,连云港市2020年财政预算执行情况和2021年财政预算草案报告,official_attachment,national_gap_fill_2020_city_totals.txt,地方政府债务限额及余额公开表,https://www.lyg.gov.cn/zglygzfmhwz/rdcl_lh2021/content/9895f55c-25c1-4fad-a229-c58a940ca94c.htm,https://www.lyg.gov.cn/zglygzfmhwz/rdcl_lh2021/content/9895f55c-25c1-4fad-a229-c58a940ca94c.htm,https://www.lyg.gov.cn/zglygzfmhwz/rdcl_lh2021/content/9895f55c-25c1-4fad-a229-c58a940ca94c.htm,https://www.lyg.gov.cn/zglygzfmhwz/rdcl_lh2021/content/9895f55c-25c1-4fad-a229-c58a940ca94c.htm,https://www.lyg.gov.cn/zglygzfmhwz/rdcl_lh2021/content/9895f55c-25c1-4fad-a229-c58a940ca94c.htm,national_gap_fill_2020_city_totals.txt,text/plain,2021-02-01,2021-02-01,2020-12-31,2026-08-01T00:00:00+08:00,aede713c20732177fec9ae7ed5c1a69feba2ee77ee950ee6c87fe56eba294ba2,archive://national-prefecture-panel/raw/province_debt/2020/official/national_gap_fill_2020_city_totals.txt,internal_object,raw/province_debt/2020/official/national_gap_fill_2020_city_totals.txt,,A2,200,官方附件已归档,,公开报告明确列示全市2020年末余额614.00亿元；一般/专项分项与限额未在本条接入。
SRC-SECONDARY-DEBT-JIANGSU-HUAIAN-2020,公开评级资料,评级机构研究报告,淮安市地方政府债务及财政实力评级资料,official_attachment,national_gap_fill_2020_city_totals.txt,地方政府债务限额及余额公开表,https://file.finance.sina.com.cn/211.154.219.97%3A9494/MRGG/BOND/2021/2021-11/2021-11-12/16534080.PDF,https://file.finance.sina.com.cn/211.154.219.97%3A9494/MRGG/BOND/2021/2021-11/2021-11-12/16534080.PDF,https://file.finance.sina.com.cn/211.154.219.97%3A9494/MRGG/BOND/2021/2021-11/2021-11-12/16534080.PDF,https://file.finance.sina.com.cn/211.154.219.97%3A9494/MRGG/BOND/2021/2021-11/2021-11-12/16534080.PDF,https://file.finance.sina.com.cn/211.154.219.97%3A9494/MRGG/BOND/2021/2021-11/2021-11-12/16534080.PDF,national_gap_fill_2020_city_totals.txt,text/plain,2021-11-12,2021-11-12,2020-12-31,2026-08-01T00:00:00+08:00,aede713c20732177fec9ae7ed5c1a69feba2ee77ee950ee6c87fe56eba294ba2,archive://national-prefecture-panel/raw/province_debt/2020/official/national_gap_fill_2020_city_totals.txt,internal_object,raw/province_debt/2020/official/national_gap_fill_2020_city_totals.txt,,B2,200,官方附件已归档,,评级公开资料明确列示全市2020年末余额631.20亿元；仅接入总额。
SRC-SECONDARY-DEBT-JIANGSU-YANCHENG-2020,公开评级资料,评级机构研究报告,盐城市地方政府债务及财政实力评级资料,official_attachment,national_gap_fill_2020_city_totals.txt,地方政府债务限额及余额公开表,https://qxb-pdf-osscache.qixin.com/AnBaseinfo/8136461d6bfe206e00a4b0058141373a.pdf,https://qxb-pdf-osscache.qixin.com/AnBaseinfo/8136461d6bfe206e00a4b0058141373a.pdf,https://qxb-pdf-osscache.qixin.com/AnBaseinfo/8136461d6bfe206e00a4b0058141373a.pdf,https://qxb-pdf-osscache.qixin.com/AnBaseinfo/8136461d6bfe206e00a4b0058141373a.pdf,https://qxb-pdf-osscache.qixin.com/AnBaseinfo/8136461d6bfe206e00a4b0058141373a.pdf,national_gap_fill_2020_city_totals.txt,text/plain,2021-01-01,2021-01-01,2020-12-31,2026-08-01T00:00:00+08:00,aede713c20732177fec9ae7ed5c1a69feba2ee77ee950ee6c87fe56eba294ba2,archive://national-prefecture-panel/raw/province_debt/2020/official/national_gap_fill_2020_city_totals.txt,internal_object,raw/province_debt/2020/official/national_gap_fill_2020_city_totals.txt,,B2,200,官方附件已归档,,评级公开资料明确列示全市2020年末余额1370.20亿元；仅接入总额。
SRC-SECONDARY-DEBT-JIANGSU-YANGZHOU-2020,公开评级资料,评级机构研究报告,扬州市地方政府债务及财政实力评级资料,official_attachment,national_gap_fill_2020_city_totals.txt,地方政府债务限额及余额公开表,https://static.sse.com.cn/disclosure/bond/announcement/company/c/2021-10-29/4328354669048677694548110.pdf,https://static.sse.com.cn/disclosure/bond/announcement/company/c/2021-10-29/4328354669048677694548110.pdf,https://static.sse.com.cn/disclosure/bond/announcement/company/c/2021-10-29/4328354669048677694548110.pdf,https://static.sse.com.cn/disclosure/bond/announcement/company/c/2021-10-29/4328354669048677694548110.pdf,https://static.sse.com.cn/disclosure/bond/announcement/company/c/2021-10-29/4328354669048677694548110.pdf,national_gap_fill_2020_city_totals.txt,text/plain,2021-10-29,2021-10-29,2020-12-31,2026-08-01T00:00:00+08:00,aede713c20732177fec9ae7ed5c1a69feba2ee77ee950ee6c87fe56eba294ba2,archive://national-prefecture-panel/raw/province_debt/2020/official/national_gap_fill_2020_city_totals.txt,internal_object,raw/province_debt/2020/official/national_gap_fill_2020_city_totals.txt,,B2,200,官方附件已归档,,评级公开资料明确列示全市2020年末余额905.63亿元；仅接入总额。
SRC-SECONDARY-DEBT-JIANGSU-ZHENJIANG-2020,公开评级资料,评级机构研究报告,镇江市地方政府债务及财政实力评级资料,official_attachment,national_gap_fill_2020_city_totals.txt,地方政府债务限额及余额公开表,https://pdf.dfcfw.com/pdf/H2_AN202106211499075003_1.pdf,https://pdf.dfcfw.com/pdf/H2_AN202106211499075003_1.pdf,https://pdf.dfcfw.com/pdf/H2_AN202106211499075003_1.pdf,https://pdf.dfcfw.com/pdf/H2_AN202106211499075003_1.pdf,https://pdf.dfcfw.com/pdf/H2_AN202106211499075003_1.pdf,national_gap_fill_2020_city_totals.txt,text/plain,2021-06-21,2021-06-21,2020-12-31,2026-08-01T00:00:00+08:00,aede713c20732177fec9ae7ed5c1a69feba2ee77ee950ee6c87fe56eba294ba2,archive://national-prefecture-panel/raw/province_debt/2020/official/national_gap_fill_2020_city_totals.txt,internal_object,raw/province_debt/2020/official/national_gap_fill_2020_city_totals.txt,,B2,200,官方附件已归档,,评级公开资料明确列示全市2020年末余额1566.30亿元；仅接入总额。
SRC-SECONDARY-DEBT-JIANGSU-TAIZHOU-2020,公开评级资料,评级机构研究报告,泰州市地方政府债务及财政实力评级资料,official_attachment,national_gap_fill_2020_city_totals.txt,地方政府债务限额及余额公开表,https://pdf.dfcfw.com/pdf/H2_AN202106241499731153_1.pdf?1624550948000.pdf=,https://pdf.dfcfw.com/pdf/H2_AN202106241499731153_1.pdf?1624550948000.pdf=,https://pdf.dfcfw.com/pdf/H2_AN202106241499731153_1.pdf?1624550948000.pdf=,https://pdf.dfcfw.com/pdf/H2_AN202106241499731153_1.pdf?1624550948000.pdf=,https://pdf.dfcfw.com/pdf/H2_AN202106241499731153_1.pdf?1624550948000.pdf=,national_gap_fill_2020_city_totals.txt,text/plain,2021-06-24,2021-06-24,2020-12-31,2026-08-01T00:00:00+08:00,aede713c20732177fec9ae7ed5c1a69feba2ee77ee950ee6c87fe56eba294ba2,archive://national-prefecture-panel/raw/province_debt/2020/official/national_gap_fill_2020_city_totals.txt,internal_object,raw/province_debt/2020/official/national_gap_fill_2020_city_totals.txt,,B2,200,官方附件已归档,,评级公开资料明确列示全市2020年末余额844.14亿元；仅接入总额。
SRC-SECONDARY-DEBT-JIANGSU-SUQIAN-2020,公开评级资料,评级机构研究报告,宿迁市地方政府债务及财政实力评级资料,official_attachment,national_gap_fill_2020_city_totals.txt,地方政府债务限额及余额公开表,https://static.sse.com.cn/disclosure/bond/announcement/corporate/c/2021-06-29/4223987736670928420543785.pdf,https://static.sse.com.cn/disclosure/bond/announcement/corporate/c/2021-06-29/4223987736670928420543785.pdf,https://static.sse.com.cn/disclosure/bond/announcement/corporate/c/2021-06-29/4223987736670928420543785.pdf,https://static.sse.com.cn/disclosure/bond/announcement/corporate/c/2021-06-29/4223987736670928420543785.pdf,https://static.sse.com.cn/disclosure/bond/announcement/corporate/c/2021-06-29/4223987736670928420543785.pdf,national_gap_fill_2020_city_totals.txt,text/plain,2021-06-29,2021-06-29,2020-12-31,2026-08-01T00:00:00+08:00,aede713c20732177fec9ae7ed5c1a69feba2ee77ee950ee6c87fe56eba294ba2,archive://national-prefecture-panel/raw/province_debt/2020/official/national_gap_fill_2020_city_totals.txt,internal_object,raw/province_debt/2020/official/national_gap_fill_2020_city_totals.txt,,B2,200,官方附件已归档,,公开评级/债券披露资料明确列示全市2020年末余额794.17亿元；仅接入总额。
SRC-SECONDARY-DEBT-ANHUI-WUHU-2020,芜湖市财政局,市级,芜湖市2020年预算执行和2021年预算草案报告,official_attachment,national_gap_fill_2020_city_totals.txt,地方政府债务限额及余额公开表,https://czgz.wuhu.gov.cn/openness/public/6596381/38850201.html,https://czgz.wuhu.gov.cn/openness/public/6596381/38850201.html,https://czgz.wuhu.gov.cn/openness/public/6596381/38850201.html,https://czgz.wuhu.gov.cn/openness/public/6596381/38850201.html,https://czgz.wuhu.gov.cn/openness/public/6596381/38850201.html,national_gap_fill_2020_city_totals.txt,text/plain,2021-02-01,2021-02-01,2020-12-31,2026-08-01T00:00:00+08:00,aede713c20732177fec9ae7ed5c1a69feba2ee77ee950ee6c87fe56eba294ba2,archive://national-prefecture-panel/raw/province_debt/2020/official/national_gap_fill_2020_city_totals.txt,internal_object,raw/province_debt/2020/official/national_gap_fill_2020_city_totals.txt,,A2,200,官方附件已归档,,官方资料同时披露一般债务354.8亿元、专项债务446.9亿元；本轮主表先接入总额801.70亿元。
SRC-SECONDARY-DEBT-ANHUI-BENGBU-2020,公开研究资料,公开二手研究资料,蚌埠市地方政府债务及财政实力公开研究资料,official_attachment,national_gap_fill_2020_city_totals.txt,地方政府债务限额及余额公开表,https://www.gcs66.com/document_detail/107916.html,https://www.gcs66.com/document_detail/107916.html,https://www.gcs66.com/document_detail/107916.html,https://www.gcs66.com/document_detail/107916.html,https://www.gcs66.com/document_detail/107916.html,national_gap_fill_2020_city_totals.txt,text/plain,2021-01-01,2021-01-01,2020-12-31,2026-08-01T00:00:00+08:00,aede713c20732177fec9ae7ed5c1a69feba2ee77ee950ee6c87fe56eba294ba2,archive://national-prefecture-panel/raw/province_debt/2020/official/national_gap_fill_2020_city_totals.txt,internal_object,raw/province_debt/2020/official/national_gap_fill_2020_city_totals.txt,,B2,200,官方附件已归档,,公开研究资料同时披露一般债务158.7亿元、专项债务296.8亿元；本条接入总额455.50亿元。
SRC-OFFICIAL-DEBT-SHAANXI-WEINAN-2020,陕西省财政厅,省级,陕西省2020年财政预算执行情况和2021年财政预算（草案）,official_attachment,national_gap_fill_2020_city_totals.txt,地方政府债务限额及余额公开表,https://www.shaanxi.gov.cn/zfxxgk/fdzdgknr/ysjs/yjsbg/202102/P020210223485336563657.pdf,https://www.shaanxi.gov.cn/zfxxgk/fdzdgknr/ysjs/yjsbg/202102/P020210223485336563657.pdf,https://www.shaanxi.gov.cn/zfxxgk/fdzdgknr/ysjs/yjsbg/202102/P020210223485336563657.pdf,https://www.shaanxi.gov.cn/zfxxgk/fdzdgknr/ysjs/yjsbg/202102/P020210223485336563657.pdf,https://www.shaanxi.gov.cn/zfxxgk/fdzdgknr/ysjs/yjsbg/202102/P020210223485336563657.pdf,national_gap_fill_2020_city_totals.txt,text/plain,2021-01-01,2021-01-01,2020-12-31,2026-08-01T00:00:00+08:00,aede713c20732177fec9ae7ed5c1a69feba2ee77ee950ee6c87fe56eba294ba2,archive://national-prefecture-panel/raw/province_debt/2020/official/national_gap_fill_2020_city_totals.txt,internal_object,raw/province_debt/2020/official/national_gap_fill_2020_city_totals.txt,,A2,200,官方附件已归档,,官方省级预算附件列示渭南市一般债务余额229.94亿元、专项债务余额177.55亿元；法定债务余额407.49亿元为两项官方分项的精确加总。
SRC-OFFICIAL-DEBT-SHAANXI-SHANGLUO-2020,陕西省财政厅,省级,陕西省2020年财政预算执行情况和2021年财政预算（草案）,official_attachment,national_gap_fill_2020_city_totals.txt,地方政府债务限额及余额公开表,https://www.shaanxi.gov.cn/zfxxgk/fdzdgknr/ysjs/yjsbg/202102/P020210223485336563657.pdf,https://www.shaanxi.gov.cn/zfxxgk/fdzdgknr/ysjs/yjsbg/202102/P020210223485336563657.pdf,https://www.shaanxi.gov.cn/zfxxgk/fdzdgknr/ysjs/yjsbg/202102/P020210223485336563657.pdf,https://www.shaanxi.gov.cn/zfxxgk/fdzdgknr/ysjs/yjsbg/202102/P020210223485336563657.pdf,https://www.shaanxi.gov.cn/zfxxgk/fdzdgknr/ysjs/yjsbg/202102/P020210223485336563657.pdf,national_gap_fill_2020_city_totals.txt,text/plain,2021-01-01,2021-01-01,2020-12-31,2026-08-01T00:00:00+08:00,aede713c20732177fec9ae7ed5c1a69feba2ee77ee950ee6c87fe56eba294ba2,archive://national-prefecture-panel/raw/province_debt/2020/official/national_gap_fill_2020_city_totals.txt,internal_object,raw/province_debt/2020/official/national_gap_fill_2020_city_totals.txt,,A2,200,官方附件已归档,,官方省级预算附件列示商洛市一般债务余额237.15亿元、专项债务余额50.80亿元；法定债务余额287.95亿元为两项官方分项的精确加总。
SRC-SECONDARY-DEBT-SHAANXI-BAOJI-2020,宝鸡市财政局,市级,宝鸡市2020年财政决算公开,official_attachment,national_gap_fill_2020_city_totals.txt,地方政府债务限额及余额公开表,https://czj.baoji.gov.cn/zzzb/yjsgk/202109/t20210913_682003.html,https://czj.baoji.gov.cn/zzzb/yjsgk/202109/t20210913_682003.html,https://czj.baoji.gov.cn/zzzb/yjsgk/202109/t20210913_682003.html,https://czj.baoji.gov.cn/zzzb/yjsgk/202109/t20210913_682003.html,https://czj.baoji.gov.cn/zzzb/yjsgk/202109/t20210913_682003.html,national_gap_fill_2020_city_totals.txt,text/plain,2021-09-13,2021-09-13,2020-12-31,2026-08-01T00:00:00+08:00,aede713c20732177fec9ae7ed5c1a69feba2ee77ee950ee6c87fe56eba294ba2,archive://national-prefecture-panel/raw/province_debt/2020/official/national_gap_fill_2020_city_totals.txt,internal_object,raw/province_debt/2020/official/national_gap_fill_2020_city_totals.txt,,A2,200,官方附件已归档,,官方资料同时披露一般债务166.78亿元、专项债务94.77亿元；本条接入总额261.55亿元。
SRC-OFFICIAL-DEBT-SHAANXI-XIAN-2020,陕西省财政厅,省级,陕西省2020年财政预算执行情况和2021年财政预算（草案）,official_attachment,national_gap_fill_2020_city_totals.txt,地方政府债务限额及余额公开表,https://www.shaanxi.gov.cn/zfxxgk/fdzdgknr/ysjs/yjsbg/202102/P020210223485336563657.pdf,https://www.shaanxi.gov.cn/zfxxgk/fdzdgknr/ysjs/yjsbg/202102/P020210223485336563657.pdf,https://www.shaanxi.gov.cn/zfxxgk/fdzdgknr/ysjs/yjsbg/202102/P020210223485336563657.pdf,https://www.shaanxi.gov.cn/zfxxgk/fdzdgknr/ysjs/yjsbg/202102/P020210223485336563657.pdf,https://www.shaanxi.gov.cn/zfxxgk/fdzdgknr/ysjs/yjsbg/202102/P020210223485336563657.pdf,national_gap_fill_2020_city_totals.txt,text/plain,2021-01-01,2021-01-01,2020-12-31,2026-08-01T00:00:00+08:00,aede713c20732177fec9ae7ed5c1a69feba2ee77ee950ee6c87fe56eba294ba2,archive://national-prefecture-panel/raw/province_debt/2020/official/national_gap_fill_2020_city_totals.txt,internal_object,raw/province_debt/2020/official/national_gap_fill_2020_city_totals.txt,,A2,200,官方附件已归档,,官方省级预算附件分别列示西安市一般债务余额904.89亿元、专项债务余额1904.33亿元；法定债务余额2809.22亿元为两项官方分项的精确加总，不采用西安市（不含西咸新区）的市级报告口径。
SRC-SECONDARY-DEBT-SHAANXI-XIANYANG-2020,咸阳市财政公开资料,市级,咸阳市2020年财政决算公开资料,official_attachment,national_gap_fill_2020_city_totals.txt,地方政府债务限额及余额公开表,https://bjklbn.com/www/zfxxgk/fdzdgknr/czzj/sjyjssgjf/202109/t20210906_127846/,https://bjklbn.com/www/zfxxgk/fdzdgknr/czzj/sjyjssgjf/202109/t20210906_127846/,https://bjklbn.com/www/zfxxgk/fdzdgknr/czzj/sjyjssgjf/202109/t20210906_127846/,https://bjklbn.com/www/zfxxgk/fdzdgknr/czzj/sjyjssgjf/202109/t20210906_127846/,https://bjklbn.com/www/zfxxgk/fdzdgknr/czzj/sjyjssgjf/202109/t20210906_127846/,national_gap_fill_2020_city_totals.txt,text/plain,2021-09-06,2021-09-06,2020-12-31,2026-08-01T00:00:00+08:00,aede713c20732177fec9ae7ed5c1a69feba2ee77ee950ee6c87fe56eba294ba2,archive://national-prefecture-panel/raw/province_debt/2020/official/national_gap_fill_2020_city_totals.txt,internal_object,raw/province_debt/2020/official/national_gap_fill_2020_city_totals.txt,,B2,200,官方附件已归档,,公开资料原值为2682634万元，折合268.2634亿元；同时披露一般142.6524、专项125.6110亿元。
SRC-SECONDARY-DEBT-SHAANXI-YANAN-2020,公开研究资料,公开二手研究资料,延安市地方政府债务及财政实力公开研究资料,official_attachment,national_gap_fill_2020_city_totals.txt,地方政府债务限额及余额公开表,https://www.gcs66.com/document_detail/114379.html,https://www.gcs66.com/document_detail/114379.html,https://www.gcs66.com/document_detail/114379.html,https://www.gcs66.com/document_detail/114379.html,https://www.gcs66.com/document_detail/114379.html,national_gap_fill_2020_city_totals.txt,text/plain,2021-01-01,2021-01-01,2020-12-31,2026-08-01T00:00:00+08:00,aede713c20732177fec9ae7ed5c1a69feba2ee77ee950ee6c87fe56eba294ba2,archive://national-prefecture-panel/raw/province_debt/2020/official/national_gap_fill_2020_city_totals.txt,internal_object,raw/province_debt/2020/official/national_gap_fill_2020_city_totals.txt,,B2,200,官方附件已归档,,公开资料原值为4981069万元，折合498.1069亿元；同时披露一般270.3212、专项227.7857亿元。
SRC-SECONDARY-DEBT-SHAANXI-HANZHONG-2020,汉中市人民政府,市级,汉中市2020年财政决算补充说明,official_attachment,national_gap_fill_2020_city_totals.txt,地方政府债务限额及余额公开表,https://gjzwxgk.com/www/hzszf/2019ndjs/202111/3075fb91e1a7414086f964972a19a8e9/files/%E6%B1%89%E4%B8%AD%E5%B8%822020%E5%B9%B4%E8%B4%A2%E6%94%BF%E5%86%B3%E7%AE%97%E8%A1%A5%E5%85%85%E8%AF%B4%E6%98%8E.pdf,https://gjzwxgk.com/www/hzszf/2019ndjs/202111/3075fb91e1a7414086f964972a19a8e9/files/%E6%B1%89%E4%B8%AD%E5%B8%822020%E5%B9%B4%E8%B4%A2%E6%94%BF%E5%86%B3%E7%AE%97%E8%A1%A5%E5%85%85%E8%AF%B4%E6%98%8E.pdf,https://gjzwxgk.com/www/hzszf/2019ndjs/202111/3075fb91e1a7414086f964972a19a8e9/files/%E6%B1%89%E4%B8%AD%E5%B8%822020%E5%B9%B4%E8%B4%A2%E6%94%BF%E5%86%B3%E7%AE%97%E8%A1%A5%E5%85%85%E8%AF%B4%E6%98%8E.pdf,https://gjzwxgk.com/www/hzszf/2019ndjs/202111/3075fb91e1a7414086f964972a19a8e9/files/%E6%B1%89%E4%B8%AD%E5%B8%822020%E5%B9%B4%E8%B4%A2%E6%94%BF%E5%86%B3%E7%AE%97%E8%A1%A5%E5%85%85%E8%AF%B4%E6%98%8E.pdf,https://gjzwxgk.com/www/hzszf/2019ndjs/202111/3075fb91e1a7414086f964972a19a8e9/files/%E6%B1%89%E4%B8%AD%E5%B8%822020%E5%B9%B4%E8%B4%A2%E6%94%BF%E5%86%B3%E7%AE%97%E8%A1%A5%E5%85%85%E8%AF%B4%E6%98%8E.pdf,national_gap_fill_2020_city_totals.txt,text/plain,2021-11-01,2021-11-01,2020-12-31,2026-08-01T00:00:00+08:00,aede713c20732177fec9ae7ed5c1a69feba2ee77ee950ee6c87fe56eba294ba2,archive://national-prefecture-panel/raw/province_debt/2020/official/national_gap_fill_2020_city_totals.txt,internal_object,raw/province_debt/2020/official/national_gap_fill_2020_city_totals.txt,,B2,200,官方附件已归档,,公开 PDF 原值为3249661万元，折合324.9661亿元；同时披露一般182.1637、专项142.8024亿元。
SRC-SECONDARY-DEBT-YUNNAN-LIJIANG-2020,公开研究资料,公开二手研究资料,丽江市地方政府债务及财政实力公开研究资料,official_attachment,national_gap_fill_2020_city_totals.txt,地方政府债务限额及余额公开表,https://www.gcs66.com/document_detail/114024.html,https://www.gcs66.com/document_detail/114024.html,https://www.gcs66.com/document_detail/114024.html,https://www.gcs66.com/document_detail/114024.html,https://www.gcs66.com/document_detail/114024.html,national_gap_fill_2020_city_totals.txt,text/plain,2021-01-01,2021-01-01,2020-12-31,2026-08-01T00:00:00+08:00,aede713c20732177fec9ae7ed5c1a69feba2ee77ee950ee6c87fe56eba294ba2,archive://national-prefecture-panel/raw/province_debt/2020/official/national_gap_fill_2020_city_totals.txt,internal_object,raw/province_debt/2020/official/national_gap_fill_2020_city_totals.txt,,B2,200,官方附件已归档,,公开资料明确给出2020年末全市余额223.65亿元；本条仅接入总额。
SRC-SECONDARY-DEBT-YUNNAN-LINCANG-2020,临沧市人民政府,市级,临沧市2020年财政决算公开资料,official_attachment,national_gap_fill_2020_city_totals.txt,地方政府债务限额及余额公开表,https://lincang.gov.cn/zfxxgk_lcs/artview/347/317934.html,https://lincang.gov.cn/zfxxgk_lcs/artview/347/317934.html,https://lincang.gov.cn/zfxxgk_lcs/artview/347/317934.html,https://lincang.gov.cn/zfxxgk_lcs/artview/347/317934.html,https://lincang.gov.cn/zfxxgk_lcs/artview/347/317934.html,national_gap_fill_2020_city_totals.txt,text/plain,2021-01-01,2021-01-01,2020-12-31,2026-08-01T00:00:00+08:00,aede713c20732177fec9ae7ed5c1a69feba2ee77ee950ee6c87fe56eba294ba2,archive://national-prefecture-panel/raw/province_debt/2020/official/national_gap_fill_2020_city_totals.txt,internal_object,raw/province_debt/2020/official/national_gap_fill_2020_city_totals.txt,,A2,200,官方附件已归档,,官方页面原值为3998058万元，折合399.8058亿元；本条仅接入全市总额。
SRC-SECONDARY-DEBT-GANSU-LONGNAN-2020,公开研究资料,公开二手研究资料,陇南市地方政府债务及财政实力公开研究资料,official_attachment,national_gap_fill_2020_city_totals.txt,地方政府债务限额及余额公开表,https://gcs66.com/document_detail/114725.html,https://gcs66.com/document_detail/114725.html,https://gcs66.com/document_detail/114725.html,https://gcs66.com/document_detail/114725.html,https://gcs66.com/document_detail/114725.html,national_gap_fill_2020_city_totals.txt,text/plain,2021-01-01,2021-01-01,2020-12-31,2026-08-01T00:00:00+08:00,aede713c20732177fec9ae7ed5c1a69feba2ee77ee950ee6c87fe56eba294ba2,archive://national-prefecture-panel/raw/province_debt/2020/official/national_gap_fill_2020_city_totals.txt,internal_object,raw/province_debt/2020/official/national_gap_fill_2020_city_totals.txt,,B2,200,官方附件已归档,,公开资料同时披露一般债务81.90亿元、专项债务63.97亿元；本条接入总额145.87亿元。
SRC-SECONDARY-DEBT-HENAN-ZHENGZHOU-2020,公开评级资料,评级机构研究报告,郑州市地方政府债务及财政实力评级资料,official_attachment,national_gap_fill_2020_city_totals.txt,地方政府债务限额及余额公开表,https://static.sse.com.cn/bond/bridge2/disclosure/announcement/c/202202/019657_20220216_PSYM.pdf,https://static.sse.com.cn/bond/bridge2/disclosure/announcement/c/202202/019657_20220216_PSYM.pdf,https://static.sse.com.cn/bond/bridge2/disclosure/announcement/c/202202/019657_20220216_PSYM.pdf,https://static.sse.com.cn/bond/bridge2/disclosure/announcement/c/202202/019657_20220216_PSYM.pdf,https://static.sse.com.cn/bond/bridge2/disclosure/announcement/c/202202/019657_20220216_PSYM.pdf,national_gap_fill_2020_city_totals.txt,text/plain,2022-02-16,2022-02-16,2020-12-31,2026-08-01T00:00:00+08:00,aede713c20732177fec9ae7ed5c1a69feba2ee77ee950ee6c87fe56eba294ba2,archive://national-prefecture-panel/raw/province_debt/2020/official/national_gap_fill_2020_city_totals.txt,internal_object,raw/province_debt/2020/official/national_gap_fill_2020_city_totals.txt,,B2,200,官方附件已归档,,评级公开资料同时披露一般债务1266.3亿元、专项债务907.5亿元；本条接入总额2173.8亿元。
SRC-SECONDARY-DEBT-HENAN-KAIFENG-2020,公开研究资料,公开二手研究资料,开封市地方政府债务及财政实力公开研究资料,official_attachment,national_gap_fill_2020_city_totals.txt,地方政府债务限额及余额公开表,https://www.gcs66.com/document_detail/109352.html,https://www.gcs66.com/document_detail/109352.html,https://www.gcs66.com/document_detail/109352.html,https://www.gcs66.com/document_detail/109352.html,https://www.gcs66.com/document_detail/109352.html,national_gap_fill_2020_city_totals.txt,text/plain,2021-01-01,2021-01-01,2020-12-31,2026-08-01T00:00:00+08:00,aede713c20732177fec9ae7ed5c1a69feba2ee77ee950ee6c87fe56eba294ba2,archive://national-prefecture-panel/raw/province_debt/2020/official/national_gap_fill_2020_city_totals.txt,internal_object,raw/province_debt/2020/official/national_gap_fill_2020_city_totals.txt,,B2,200,官方附件已归档,,公开资料同时披露一般债务158.9亿元、专项债务237.8亿元；本条接入总额396.7亿元。
SRC-SECONDARY-DEBT-HENAN-PINGDINGSHAN-2020,公开评级资料,评级机构研究报告,平顶山市地方政府债务及财政实力评级资料,official_attachment,national_gap_fill_2020_city_totals.txt,地方政府债务限额及余额公开表,https://gu.sina.cn/bd/hq/notice.php?annid=16752186&source=bdquote,https://gu.sina.cn/bd/hq/notice.php?annid=16752186&source=bdquote,https://gu.sina.cn/bd/hq/notice.php?annid=16752186&source=bdquote,https://gu.sina.cn/bd/hq/notice.php?annid=16752186&source=bdquote,https://gu.sina.cn/bd/hq/notice.php?annid=16752186&source=bdquote,national_gap_fill_2020_city_totals.txt,text/plain,2021-01-01,2021-01-01,2020-12-31,2026-08-01T00:00:00+08:00,aede713c20732177fec9ae7ed5c1a69feba2ee77ee950ee6c87fe56eba294ba2,archive://national-prefecture-panel/raw/province_debt/2020/official/national_gap_fill_2020_city_totals.txt,internal_object,raw/province_debt/2020/official/national_gap_fill_2020_city_totals.txt,,B2,200,官方附件已归档,,评级公开资料明确列示全市2020年末余额343.50亿元；仅接入总额。
SRC-SECONDARY-DEBT-HENAN-JIAOZUO-2020,公开研究资料,公开二手研究资料,焦作市地方政府债务及财政实力公开研究资料,official_attachment,national_gap_fill_2020_city_totals.txt,地方政府债务限额及余额公开表,https://www.gcs66.com/document_detail/110106.html,https://www.gcs66.com/document_detail/110106.html,https://www.gcs66.com/document_detail/110106.html,https://www.gcs66.com/document_detail/110106.html,https://www.gcs66.com/document_detail/110106.html,national_gap_fill_2020_city_totals.txt,text/plain,2021-01-01,2021-01-01,2020-12-31,2026-08-01T00:00:00+08:00,aede713c20732177fec9ae7ed5c1a69feba2ee77ee950ee6c87fe56eba294ba2,archive://national-prefecture-panel/raw/province_debt/2020/official/national_gap_fill_2020_city_totals.txt,internal_object,raw/province_debt/2020/official/national_gap_fill_2020_city_totals.txt,,B2,200,官方附件已归档,,公开资料同时披露一般债务128.01亿元、专项债务152.91亿元；本条接入总额280.92亿元。
SRC-SECONDARY-DEBT-HENAN-NANYANG-2020,南阳市财政局,市级,南阳市2020年财政决算公开资料,official_attachment,national_gap_fill_2020_city_totals.txt,地方政府债务限额及余额公开表,https://caizj.nanyang.gov.cn/2021/04-30/98745.html,https://caizj.nanyang.gov.cn/2021/04-30/98745.html,https://caizj.nanyang.gov.cn/2021/04-30/98745.html,https://caizj.nanyang.gov.cn/2021/04-30/98745.html,https://caizj.nanyang.gov.cn/2021/04-30/98745.html,national_gap_fill_2020_city_totals.txt,text/plain,2021-04-30,2021-04-30,2020-12-31,2026-08-01T00:00:00+08:00,aede713c20732177fec9ae7ed5c1a69feba2ee77ee950ee6c87fe56eba294ba2,archive://national-prefecture-panel/raw/province_debt/2020/official/national_gap_fill_2020_city_totals.txt,internal_object,raw/province_debt/2020/official/national_gap_fill_2020_city_totals.txt,,A2,200,官方附件已归档,,官方资料同时披露一般债务239.55亿元、专项债务386.75亿元；本条接入总额626.30亿元。
SRC-SECONDARY-DEBT-HENAN-XINYANG-2020,公开评级资料,评级机构研究报告,信阳市地方政府债务及财政实力评级资料,official_attachment,national_gap_fill_2020_city_totals.txt,地方政府债务限额及余额公开表,https://bjcrtx.com/czj/plus/view/aid/2934,https://bjcrtx.com/czj/plus/view/aid/2934,https://bjcrtx.com/czj/plus/view/aid/2934,https://bjcrtx.com/czj/plus/view/aid/2934,https://bjcrtx.com/czj/plus/view/aid/2934,national_gap_fill_2020_city_totals.txt,text/plain,2021-01-01,2021-01-01,2020-12-31,2026-08-01T00:00:00+08:00,aede713c20732177fec9ae7ed5c1a69feba2ee77ee950ee6c87fe56eba294ba2,archive://national-prefecture-panel/raw/province_debt/2020/official/national_gap_fill_2020_city_totals.txt,internal_object,raw/province_debt/2020/official/national_gap_fill_2020_city_totals.txt,,B2,200,官方附件已归档,,公开评级资料明确列示全市2020年末余额481.59亿元；仅接入总额。
SRC-SECONDARY-DEBT-HENAN-ZHOUKOU-2020,周口市人民政府,市级,周口市2020年财政决算公开资料,official_attachment,national_gap_fill_2020_city_totals.txt,地方政府债务限额及余额公开表,https://www.zhoukou.gov.cn/sitesources/zksrmzf/upload/202209/20220902103351563.pdf,https://www.zhoukou.gov.cn/sitesources/zksrmzf/upload/202209/20220902103351563.pdf,https://www.zhoukou.gov.cn/sitesources/zksrmzf/upload/202209/20220902103351563.pdf,https://www.zhoukou.gov.cn/sitesources/zksrmzf/upload/202209/20220902103351563.pdf,https://www.zhoukou.gov.cn/sitesources/zksrmzf/upload/202209/20220902103351563.pdf,national_gap_fill_2020_city_totals.txt,text/plain,2022-09-02,2022-09-02,2020-12-31,2026-08-01T00:00:00+08:00,aede713c20732177fec9ae7ed5c1a69feba2ee77ee950ee6c87fe56eba294ba2,archive://national-prefecture-panel/raw/province_debt/2020/official/national_gap_fill_2020_city_totals.txt,internal_object,raw/province_debt/2020/official/national_gap_fill_2020_city_totals.txt,,A2,200,官方附件已归档,,官方 PDF 同时披露一般债务194.0亿元、专项债务241.7亿元；本条接入总额435.70亿元。
SRC-SECONDARY-DEBT-HENAN-SANMENXIA-2020,三门峡市人民政府,市级,三门峡市2020年财政决算公开资料,official_attachment,national_gap_fill_2020_city_totals.txt,地方政府债务限额及余额公开表,https://www.smx.gov.cn/group1/M00/01/8A/CqDIKWCJBcGASu1QAG3j04__PnE296.pdf,https://www.smx.gov.cn/group1/M00/01/8A/CqDIKWCJBcGASu1QAG3j04__PnE296.pdf,https://www.smx.gov.cn/group1/M00/01/8A/CqDIKWCJBcGASu1QAG3j04__PnE296.pdf,https://www.smx.gov.cn/group1/M00/01/8A/CqDIKWCJBcGASu1QAG3j04__PnE296.pdf,https://www.smx.gov.cn/group1/M00/01/8A/CqDIKWCJBcGASu1QAG3j04__PnE296.pdf,national_gap_fill_2020_city_totals.txt,text/plain,2021-01-01,2021-01-01,2020-12-31,2026-08-01T00:00:00+08:00,aede713c20732177fec9ae7ed5c1a69feba2ee77ee950ee6c87fe56eba294ba2,archive://national-prefecture-panel/raw/province_debt/2020/official/national_gap_fill_2020_city_totals.txt,internal_object,raw/province_debt/2020/official/national_gap_fill_2020_city_totals.txt,,A2,200,官方附件已归档,,官方 PDF 原值为1997098万元，折合199.7098亿元；同时披露一般103.4594、专项96.2504亿元。
SRC-SECONDARY-DEBT-TIBET-2024-TOTALS,上海新世纪资信评估投资服务有限公司,评级机构研究报告,西藏自治区及下辖市（地区）经济财政实力与债务研究（2025）,official_attachment,xizang_rating_2024_totals.txt,地方政府债务限额及余额公开表,https://pdf.dfcfw.com/pdf/H3_AP202601021813288922_1.pdf,https://pdf.dfcfw.com/pdf/H3_AP202601021813288922_1.pdf,https://pdf.dfcfw.com/pdf/H3_AP202601021813288922_1.pdf,https://pdf.dfcfw.com/pdf/H3_AP202601021813288922_1.pdf,https://pdf.dfcfw.com/pdf/H3_AP202601021813288922_1.pdf,xizang_rating_2024_totals.txt,text/plain,2026-01-02,2026-01-02,2024-12-31,2026-08-01T00:00:00+08:00,d2d0c2e77017dd4eae99d9b35404d82c8fca66d4fea111386a90361895d9a4a5,archive://national-prefecture-panel/raw/province_debt/2024/official/xizang_rating_2024_totals.txt,internal_object,raw/province_debt/2024/official/xizang_rating_2024_totals.txt,,B2,200,官方附件已归档,,报告依据财政部及各省市财政预决算报告等公开资料整理，列示日喀则市117.35亿元、林芝市55.23亿元、那曲市120.53亿元；仅接入全市/全地区总余额，不反推一般债务和专项债务，待市级财政决算表复核。
SRC-CITY-DEBT-TIBET-SHANNAN-2024,山南市财政局,市级,关于公开2024年山南市全辖及本级政府决算的公告（7.2024年度政府债务限额及余额决算情况表）,official_attachment,shannan_2024.txt,地方政府债务限额及余额公开表,https://czj.shannan.gov.cn/zwgk/zdlyxxgk/czzj/czjs/202511/t20251104_157765.html,https://czj.shannan.gov.cn/zwgk/zdlyxxgk/czzj/czjs/202511/t20251104_157765.html,https://czj.shannan.gov.cn/zwgk/zdlyxxgk/czzj/czjs/202511/t20251104_157765.html,https://czj.shannan.gov.cn/zwgk/zdlyxxgk/czzj/czjs/202511/t20251104_157765.html,https://czj.shannan.gov.cn/zwgk/zdlyxxgk/czzj/czjs/202511/t20251104_157765.html,shannan_2024.txt,text/plain,2025-11-04,2025-11-04,2024-12-31,2026-08-01T00:00:00+08:00,671a7ff796cbff291892f6e426149852ca6333340bc1850f5b83ee0846d2379a,archive://national-prefecture-panel/raw/province_debt/2024/official/shannan_2024.txt,internal_object,raw/province_debt/2024/official/shannan_2024.txt,,A1,200,官方附件已归档,,官方决算公开表列示山南市全辖口径限额及余额；不把市本级或区县数据并入全市行。
SRC-CITY-DEBT-TIBET-ALI-2024,阿里地区财政局,地区级,阿里地区2024年财政决算报告,official_attachment,ali_2024.txt,地方政府债务限额及余额公开表,https://cz.al.gov.cn/info/2593/25022.htm,https://cz.al.gov.cn/info/2593/25022.htm,https://cz.al.gov.cn/info/2593/25022.htm,https://cz.al.gov.cn/info/2593/25022.htm,https://cz.al.gov.cn/info/2593/25022.htm,ali_2024.txt,text/plain,2025-09-15,2025-09-15,2024-12-31,2026-08-01T00:00:00+08:00,9daa4e7429fb8ca7bc571a19bef1e814b482d35336a3ea6a141135a7cc26c927,archive://national-prefecture-panel/raw/province_debt/2024/official/ali_2024.txt,internal_object,raw/province_debt/2024/official/ali_2024.txt,,A1,200,官方附件已归档,,官方决算报告披露原值为万元，已换算为亿元：限额55.7309亿元（一般33.4076、专项22.3233），余额54.6774亿元（一般32.3541、专项22.3233）。
SRC-OFFICIAL-DEBT-YUNNAN-CHUXIONG-2018,楚雄州人民政府、楚雄州财政局,州级,楚雄彝族自治州2018年地方财政预算执行情况和2019年地方财政预算草案的报告,official_attachment,chuxiong_2018_2024_official_debt.txt,地方政府债务限额及余额公开表,https://www.cxz.gov.cn/info/1994/112224.htm,https://www.cxz.gov.cn/info/1994/112224.htm,https://www.cxz.gov.cn/info/1994/112224.htm,https://www.cxz.gov.cn/info/1994/112224.htm,https://www.cxz.gov.cn/info/1994/112224.htm,chuxiong_2018_2024_official_debt.txt,text/plain,2019-02-28,2019-02-28,2018-12-31,2026-08-01T00:00:00+08:00,bfc5a2da1762d6f85d53be2c8b35d6a85f898b067f1a861ce484073e21a6cc90,archive://national-prefecture-panel/raw/province_debt/multi_year_official/chuxiong_2018_2024_official_debt.txt,internal_object,raw/province_debt/multi_year_official/chuxiong_2018_2024_official_debt.txt,,A2,200,官方附件已归档,,楚雄州官方预算执行报告正文披露2018年末全州政府债务总额，并拆分一般债务与专项债务。
SRC-OFFICIAL-DEBT-YUNNAN-CHUXIONG-2019,楚雄州人民政府、楚雄州财政局,州级,楚雄彝族自治州2019年地方财政预算执行情况和2020年地方财政预算草案的报告,official_attachment,chuxiong_2018_2024_official_debt.txt,地方政府债务限额及余额公开表,https://www.cxz.gov.cn/info/1994/112324.htm,https://www.cxz.gov.cn/info/1994/112324.htm,https://www.cxz.gov.cn/info/1994/112324.htm,https://www.cxz.gov.cn/info/1994/112324.htm,https://www.cxz.gov.cn/info/1994/112324.htm,chuxiong_2018_2024_official_debt.txt,text/plain,2021-02-24,2021-02-24,2019-12-31,2026-08-01T00:00:00+08:00,bfc5a2da1762d6f85d53be2c8b35d6a85f898b067f1a861ce484073e21a6cc90,archive://national-prefecture-panel/raw/province_debt/multi_year_official/chuxiong_2018_2024_official_debt.txt,internal_object,raw/province_debt/multi_year_official/chuxiong_2018_2024_official_debt.txt,,A2,200,官方附件已归档,,楚雄州官方2020年预算执行附表同时披露全州2019年决算债务余额及一般、专项拆分；保留原表万元精度后换算为亿元。
SRC-OFFICIAL-DEBT-YUNNAN-CHUXIONG-2020,楚雄州人民政府、楚雄州财政局,州级,楚雄彝族自治州2020年地方财政预算执行情况和2021年地方财政预算草案的报告,official_attachment,chuxiong_2018_2024_official_debt.txt,地方政府债务限额及余额公开表,https://www.cxz.gov.cn/info/1994/112324.htm,https://www.cxz.gov.cn/info/1994/112324.htm,https://www.cxz.gov.cn/info/1994/112324.htm,https://www.cxz.gov.cn/info/1994/112324.htm,https://www.cxz.gov.cn/info/1994/112324.htm,chuxiong_2018_2024_official_debt.txt,text/plain,2021-02-24,2021-02-24,2020-12-31,2026-08-01T00:00:00+08:00,bfc5a2da1762d6f85d53be2c8b35d6a85f898b067f1a861ce484073e21a6cc90,archive://national-prefecture-panel/raw/province_debt/multi_year_official/chuxiong_2018_2024_official_debt.txt,internal_object,raw/province_debt/multi_year_official/chuxiong_2018_2024_official_debt.txt,,A2,200,官方附件已归档,,楚雄州官方2020年预算执行附表披露全州2020年执行债务余额及一般、专项拆分；保留原表万元精度后换算为亿元。
SRC-OFFICIAL-DEBT-YUNNAN-CHUXIONG-2021,楚雄州人民政府、楚雄州财政局,州级,楚雄彝族自治州2021年地方财政预算执行情况和2022年地方财政预算草案的报告,official_attachment,chuxiong_2018_2024_official_debt.txt,地方政府债务限额及余额公开表,https://www.cxz.gov.cn/info/1994/112644.htm,https://www.cxz.gov.cn/info/1994/112644.htm,https://www.cxz.gov.cn/info/1994/112644.htm,https://www.cxz.gov.cn/info/1994/112644.htm,https://www.cxz.gov.cn/info/1994/112644.htm,chuxiong_2018_2024_official_debt.txt,text/plain,2022-03-03,2022-03-03,2021-12-31,2026-08-01T00:00:00+08:00,bfc5a2da1762d6f85d53be2c8b35d6a85f898b067f1a861ce484073e21a6cc90,archive://national-prefecture-panel/raw/province_debt/multi_year_official/chuxiong_2018_2024_official_debt.txt,internal_object,raw/province_debt/multi_year_official/chuxiong_2018_2024_official_debt.txt,,A2,200,官方附件已归档,,楚雄州官方2021年预算执行附表披露全州2021年执行债务余额及一般、专项拆分；保留原表万元精度后换算为亿元。
SRC-OFFICIAL-DEBT-YUNNAN-CHUXIONG-2022,楚雄州人民政府、楚雄州财政局,州级,楚雄彝族自治州2022年地方财政预算执行情况和2023年地方财政预算草案的报告,official_attachment,chuxiong_2018_2024_official_debt.txt,地方政府债务限额及余额公开表,https://www.cxz.gov.cn/info/1994/112744.htm,https://www.cxz.gov.cn/info/1994/112744.htm,https://www.cxz.gov.cn/info/1994/112744.htm,https://www.cxz.gov.cn/info/1994/112744.htm,https://www.cxz.gov.cn/info/1994/112744.htm,chuxiong_2018_2024_official_debt.txt,text/plain,2024-02-21,2024-02-21,2022-12-31,2026-08-01T00:00:00+08:00,bfc5a2da1762d6f85d53be2c8b35d6a85f898b067f1a861ce484073e21a6cc90,archive://national-prefecture-panel/raw/province_debt/multi_year_official/chuxiong_2018_2024_official_debt.txt,internal_object,raw/province_debt/multi_year_official/chuxiong_2018_2024_official_debt.txt,,A2,200,官方附件已归档,,楚雄州官方2023年预算执行报告正文追溯披露2022年末全州地方政府债务余额467.2亿元；正文未披露一般、专项拆分。
SRC-OFFICIAL-DEBT-YUNNAN-CHUXIONG-2023,楚雄州人民政府、楚雄州财政局,州级,楚雄彝族自治州2023年地方财政预算执行情况和2024年地方财政预算草案的报告,official_attachment,chuxiong_2018_2024_official_debt.txt,地方政府债务限额及余额公开表,https://www.cxz.gov.cn/info/1994/112744.htm,https://www.cxz.gov.cn/info/1994/112744.htm,https://www.cxz.gov.cn/info/1994/112744.htm,https://www.cxz.gov.cn/info/1994/112744.htm,https://www.cxz.gov.cn/info/1994/112744.htm,chuxiong_2018_2024_official_debt.txt,text/plain,2024-02-21,2024-02-21,2023-12-31,2026-08-01T00:00:00+08:00,bfc5a2da1762d6f85d53be2c8b35d6a85f898b067f1a861ce484073e21a6cc90,archive://national-prefecture-panel/raw/province_debt/multi_year_official/chuxiong_2018_2024_official_debt.txt,internal_object,raw/province_debt/multi_year_official/chuxiong_2018_2024_official_debt.txt,,A2,200,官方附件已归档,,楚雄州官方预算执行报告正文披露2023年末全州政府债务余额；正文未披露一般债务与专项债务拆分。
SRC-OFFICIAL-DEBT-YUNNAN-CHUXIONG-2024,楚雄州人民政府、楚雄州财政局,州级,楚雄彝族自治州2024年地方财政预算执行情况和2025年地方财政预算草案的报告,official_attachment,chuxiong_2018_2024_official_debt.txt,地方政府债务限额及余额公开表,https://www.cxz.gov.cn/info/1994/5240255.htm,https://www.cxz.gov.cn/info/1994/5240255.htm,https://www.cxz.gov.cn/info/1994/5240255.htm,https://www.cxz.gov.cn/info/1994/5240255.htm,https://www.cxz.gov.cn/info/1994/5240255.htm,chuxiong_2018_2024_official_debt.txt,text/plain,2025-02-09,2025-02-09,2024-12-31,2026-08-01T00:00:00+08:00,bfc5a2da1762d6f85d53be2c8b35d6a85f898b067f1a861ce484073e21a6cc90,archive://national-prefecture-panel/raw/province_debt/multi_year_official/chuxiong_2018_2024_official_debt.txt,internal_object,raw/province_debt/multi_year_official/chuxiong_2018_2024_official_debt.txt,,A2,200,官方附件已归档,,楚雄州官方预算执行报告正文披露2024年末全州政府债务余额；正文未披露一般债务与专项债务拆分。
SRC-OFFICIAL-DEBT-YUNNAN-XISHUANGBANNA-2025,西双版纳州财政局,州级财政部门,关于西双版纳州2025年地方财政预算执行情况和2026年地方财政预算草案的报告,official_attachment,xishuangbanna_2025_official_report.txt,地方政府债务限额及余额公开表,https://www.xsbn.gov.cn/czj/93667.news.detail.dhtml?news_id=2976733,https://www.xsbn.gov.cn/czj/93667.news.detail.dhtml?news_id=2976733,https://www.xsbn.gov.cn/czj/93667.news.detail.dhtml?news_id=2976733,https://www.xsbn.gov.cn/czj/93667.news.detail.dhtml?news_id=2976733,https://www.xsbn.gov.cn/czj/93667.news.detail.dhtml?news_id=2976733,xishuangbanna_2025_official_report.txt,text/plain,2026-02-27,2026-02-27,2025-12-31,2026-08-01T00:00:00+08:00,110afb04811372a40ef3ee1128780a16e1745b7cca11455190db89984395e47f,archive://national-prefecture-panel/raw/province_debt/2025/official/xishuangbanna_2025_official_report.txt,internal_object,raw/province_debt/2025/official/xishuangbanna_2025_official_report.txt,,A2,200,官方附件已归档,,官方预算执行报告披露2025年末全州地方政府债务余额340.34亿元；同时披露州本级余额46.75亿元。本条接入全州合计，未将州本级替代全州，也未对未披露的一般/专项分项进行反推。
SRC-OFFICIAL-DEBT-YUNNAN-PUER-2025,普洱市财政局,市级财政部门,关于普洱市2025年地方财政预算执行情况和2026年地方财政预算草案的报告,official_attachment,puer_2025_official_report.txt,地方政府债务限额及余额公开表,https://www.puershi.gov.cn/info/13851/1976612.htm,https://www.puershi.gov.cn/info/13851/1976612.htm,https://www.puershi.gov.cn/info/13851/1976612.htm,https://www.puershi.gov.cn/info/13851/1976612.htm,https://www.puershi.gov.cn/info/13851/1976612.htm,puer_2025_official_report.txt,text/plain,2026-02-28,2026-02-28,2025-12-31,2026-08-01T00:00:00+08:00,8caa3e4dd4106d05dec65fc8ccabdcb47e4b33d1afb830dcc461171d08aaa579,archive://national-prefecture-panel/raw/province_debt/2025/official/puer_2025_official_report.txt,internal_object,raw/province_debt/2025/official/puer_2025_official_report.txt,,A2,200,官方附件已归档,,普洱市财政局预算执行报告明确披露截至2025年末全市政府债务余额7073627.76万元，其中一般债务2147812.76万元、专项债务4925815万元；接入全市口径，不使用市本级余额替代全市余额。
SRC-OFFICIAL-DEBT-YUNNAN-DEHONG-2025,德宏州财政局,州级财政部门,德宏州2025年地方财政预算执行情况和2026年地方财政预算草案的报告,official_attachment,dehong_2025_official_report.txt,地方政府债务限额及余额公开表,https://www.dh.gov.cn/czj/Web/_F0_0_6MAKOQ3XA932142D09E245889F.htm,https://www.dh.gov.cn/czj/Web/_F0_0_6MAKOQ3XA932142D09E245889F.htm,https://www.dh.gov.cn/czj/Web/_F0_0_6MAKOQ3XA932142D09E245889F.htm,https://www.dh.gov.cn/czj/Web/_F0_0_6MAKOQ3XA932142D09E245889F.htm,https://www.dh.gov.cn/czj/Web/_F0_0_6MAKOQ3XA932142D09E245889F.htm,dehong_2025_official_report.txt,text/plain,2026-06-09,2026-06-09,2025-12-31,2026-08-01T00:00:00+08:00,5e8676e80a64136bd3135ff7c0ab89b0d29b690fd5f6161ec10b31d70d9e7828,archive://national-prefecture-panel/raw/province_debt/2025/official/dehong_2025_official_report.txt,internal_object,raw/province_debt/2025/official/dehong_2025_official_report.txt,,A2,200,官方附件已归档,,官方预算执行报告逐项披露全州余额及一般、专项债务分项；接入德宏州全州口径，不使用州本级或县市行替代。
SRC-OFFICIAL-DEBT-YUNNAN-WENSHAN-2025,文山州财政局,州级财政部门,文山州2025年地方财政预算执行情况和2026年地方财政预算草案的报告（书面）,official_attachment,wenshan_2025_official_report.txt,地方政府债务限额及余额公开表,https://www.ynws.gov.cn/wszzf/zczj100/pc/content/content_2016721143864877056.html,https://www.ynws.gov.cn/wszzf/zczj100/pc/content/content_2016721143864877056.html,https://www.ynws.gov.cn/wszzf/zczj100/pc/content/content_2016721143864877056.html,https://www.ynws.gov.cn/wszzf/zczj100/pc/content/content_2016721143864877056.html,https://www.ynws.gov.cn/wszzf/zczj100/pc/content/content_2016721143864877056.html,wenshan_2025_official_report.txt,text/plain,2026-01-29,2026-01-29,2025-12-31,2026-08-01T00:00:00+08:00,8d58a7e930e22dbc160153c2832034eef1996fe75faa9644df010e0b04cbd351,archive://national-prefecture-panel/raw/province_debt/2025/official/wenshan_2025_official_report.txt,internal_object,raw/province_debt/2025/official/wenshan_2025_official_report.txt,,A2,200,官方附件已归档,,官方预算执行报告披露2025年末全州政府法定债务余额10189540万元，即1018.9540亿元；全州口径，不使用州本级余额替代全州余额。
SRC-OFFICIAL-DEBT-YUNNAN-DEHONG-2023,德宏州财政局,州级财政部门,德宏州2023年地方财政决算（草案）报告,official_attachment,yunnan_dehong_2023.txt,地方政府债务限额及余额公开表,https://www.dh.gov.cn/czj/Web/_F0_0_5WZBSNU6668F400B46E54C958A.htm,https://www.dh.gov.cn/czj/Web/_F0_0_5WZBSNU6668F400B46E54C958A.htm,https://www.dh.gov.cn/czj/Web/_F0_0_5WZBSNU6668F400B46E54C958A.htm,https://www.dh.gov.cn/czj/Web/_F0_0_5WZBSNU6668F400B46E54C958A.htm,https://www.dh.gov.cn/czj/Web/_F0_0_5WZBSNU6668F400B46E54C958A.htm,yunnan_dehong_2023.txt,text/plain,2024-09-09,2024-09-09,2023-12-31,2026-08-01T00:00:00+08:00,06af29454976aedf049bf4adb05d360da350bafca15dfc8ef85aadc9fcc3e13c,archive://national-prefecture-panel/raw/province_debt/2023/official/yunnan_dehong_2023.txt,internal_object,raw/province_debt/2023/official/yunnan_dehong_2023.txt,,A1,200,官方附件已归档,,德宏州财政局公开决算报告明确列示2023年末全州政府债务余额424.03亿元，其中一般债务204.37亿元、专项债务219.66亿元；接入全州口径，不使用州本级行替代全州行。
SRC-SECONDARY-DEBT-YUNNAN-PUER-2021,中证鹏元资信评估股份有限公司,评级机构研究报告,2019年第一期普洱市思茅国拓资产经营有限公司公司债券2024年跟踪评级报告,official_attachment,yunnan_puer_2023_rating.txt,地方政府债务限额及余额公开表,https://static.sse.com.cn/disclosure/bond/announcement/corporate/c/new/2024-07-17/152132_20240717_2ZBU.pdf,https://static.sse.com.cn/disclosure/bond/announcement/corporate/c/new/2024-07-17/152132_20240717_2ZBU.pdf,https://static.sse.com.cn/disclosure/bond/announcement/corporate/c/new/2024-07-17/152132_20240717_2ZBU.pdf,https://static.sse.com.cn/disclosure/bond/announcement/corporate/c/new/2024-07-17/152132_20240717_2ZBU.pdf,https://static.sse.com.cn/disclosure/bond/announcement/corporate/c/new/2024-07-17/152132_20240717_2ZBU.pdf,yunnan_puer_2023_rating.txt,text/plain,2024-07-17,2024-07-17,2021-12-31,2026-08-01T00:00:00+08:00,707f52ca6393c2540c43c814a86a95ad3d58b7c0cca0dbd2dd0771c6c80d9e5d,archive://national-prefecture-panel/raw/province_debt/2024/official/yunnan_puer_2023_rating.txt,internal_object,raw/province_debt/2024/official/yunnan_puer_2023_rating.txt,,B2,200,官方附件已归档,,评级报告第8页表3列示普洱市2021年地方政府债务余额382.57亿元；全市口径，仅接入总余额，不反推一般债务和专项债务。
SRC-SECONDARY-DEBT-YUNNAN-PUER-2022,中证鹏元资信评估股份有限公司,评级机构研究报告,2019年第一期普洱市思茅国拓资产经营有限公司公司债券2024年跟踪评级报告,official_attachment,yunnan_puer_2023_rating.txt,地方政府债务限额及余额公开表,https://static.sse.com.cn/disclosure/bond/announcement/corporate/c/new/2024-07-17/152132_20240717_2ZBU.pdf,https://static.sse.com.cn/disclosure/bond/announcement/corporate/c/new/2024-07-17/152132_20240717_2ZBU.pdf,https://static.sse.com.cn/disclosure/bond/announcement/corporate/c/new/2024-07-17/152132_20240717_2ZBU.pdf,https://static.sse.com.cn/disclosure/bond/announcement/corporate/c/new/2024-07-17/152132_20240717_2ZBU.pdf,https://static.sse.com.cn/disclosure/bond/announcement/corporate/c/new/2024-07-17/152132_20240717_2ZBU.pdf,yunnan_puer_2023_rating.txt,text/plain,2024-07-17,2024-07-17,2022-12-31,2026-08-01T00:00:00+08:00,707f52ca6393c2540c43c814a86a95ad3d58b7c0cca0dbd2dd0771c6c80d9e5d,archive://national-prefecture-panel/raw/province_debt/2024/official/yunnan_puer_2023_rating.txt,internal_object,raw/province_debt/2024/official/yunnan_puer_2023_rating.txt,,B2,200,官方附件已归档,,评级报告第8页表3列示普洱市2022年地方政府债务余额451.50亿元；全市口径，仅接入总余额，不反推一般债务和专项债务。
SRC-SECONDARY-DEBT-YUNNAN-PUER-2023,中证鹏元资信评估股份有限公司,评级机构研究报告,2019年第一期普洱市思茅国拓资产经营有限公司公司债券2024年跟踪评级报告,official_attachment,yunnan_puer_2023_rating.txt,地方政府债务限额及余额公开表,https://static.sse.com.cn/disclosure/bond/announcement/corporate/c/new/2024-07-17/152132_20240717_2ZBU.pdf,https://static.sse.com.cn/disclosure/bond/announcement/corporate/c/new/2024-07-17/152132_20240717_2ZBU.pdf,https://static.sse.com.cn/disclosure/bond/announcement/corporate/c/new/2024-07-17/152132_20240717_2ZBU.pdf,https://static.sse.com.cn/disclosure/bond/announcement/corporate/c/new/2024-07-17/152132_20240717_2ZBU.pdf,https://static.sse.com.cn/disclosure/bond/announcement/corporate/c/new/2024-07-17/152132_20240717_2ZBU.pdf,yunnan_puer_2023_rating.txt,text/plain,2024-07-17,2024-07-17,2023-12-31,2026-08-01T00:00:00+08:00,707f52ca6393c2540c43c814a86a95ad3d58b7c0cca0dbd2dd0771c6c80d9e5d,archive://national-prefecture-panel/raw/province_debt/2024/official/yunnan_puer_2023_rating.txt,internal_object,raw/province_debt/2024/official/yunnan_puer_2023_rating.txt,,B2,200,官方附件已归档,,评级报告第8页表3列示普洱市2023年地方政府债务余额516.35亿元；全市口径，仅接入总余额，不反推一般债务和专项债务。
SRC-OFFICIAL-DEBT-HAINAN-DANZHOU-2024,儋州市人民政府,市级,儋州市人民政府关于2024年儋州市财政决算的报告,official_attachment,danzhou_2024_official.txt,地方政府债务限额及余额公开表,https://15207832.s21i.faiusr.com/61/2/ABUIABA9GAAg4KbVyAYosNiJzAc.pdf,https://15207832.s21i.faiusr.com/61/2/ABUIABA9GAAg4KbVyAYosNiJzAc.pdf,https://15207832.s21i.faiusr.com/61/2/ABUIABA9GAAg4KbVyAYosNiJzAc.pdf,https://15207832.s21i.faiusr.com/61/2/ABUIABA9GAAg4KbVyAYosNiJzAc.pdf,https://15207832.s21i.faiusr.com/61/2/ABUIABA9GAAg4KbVyAYosNiJzAc.pdf,danzhou_2024_official.txt,text/plain,2025-07-31,2025-07-31,2024-12-31,2026-08-01T00:00:00+08:00,edf2150021ac3aa873890bc94cd1aa02f24d30b3c261b9826d339a29af9f10e8,archive://national-prefecture-panel/raw/province_debt/2024/official/danzhou_2024_official.txt,internal_object,raw/province_debt/2024/official/danzhou_2024_official.txt,,A2,200,官方附件已归档,,儋州市财政决算报告表5-1披露2024年年末全市地方政府债务余额3642520万元，其中一般债务1088485万元、专项债务2554035万元；按万元换算为亿元后入库。
SRC-OFFICIAL-DEBT-INNER-MONGOLIA-XILINGOL-2024,锡林郭勒盟财政局,盟级,锡林郭勒盟2024年度决算公开（政府债务限额和余额情况表）,official_attachment,inner_mongolia_xilingol_2024.txt,地方政府债务限额及余额公开表,https://czj.xlgl.gov.cn/czj/zwgk/zfxxgkzn/fdzdgknr/yjsgk/2025102915190131127/index.html,https://czj.xlgl.gov.cn/czj/zwgk/zfxxgkzn/fdzdgknr/yjsgk/2025102915190131127/index.html,https://czj.xlgl.gov.cn/czj/attachDir/2025/10/2025102915341010199.XLS;https://czj.xlgl.gov.cn/czj/attachDir/2025/10/2025102915342856571.XLS,https://czj.xlgl.gov.cn/czj/zwgk/zfxxgkzn/fdzdgknr/yjsgk/2025102915190131127/index.html,https://czj.xlgl.gov.cn/czj/attachDir/2025/10/2025102915341010199.XLS;https://czj.xlgl.gov.cn/czj/attachDir/2025/10/2025102915342856571.XLS,inner_mongolia_xilingol_2024.txt,text/plain,2025-10-29,2025-10-29,2024-12-31,2026-08-01T00:00:00+08:00,210556062f7e1649eca74e1d6e8e1bf97f9e261f34c66328c9621274c0598fa4,archive://national-prefecture-panel/raw/province_debt/2024/official/inner_mongolia_xilingol_2024.txt,internal_object,raw/province_debt/2024/official/inner_mongolia_xilingol_2024.txt,,A2,200,官方附件已归档,,官方决算附件19、附件32的全盟行直接披露：2024年末法定债务余额577.2721亿元，其中一般454.2142亿元、专项123.0579亿元；限额分别为623.0000、470.0000、153.0000亿元。
SRC-OFFICIAL-DEBT-INNER-MONGOLIA-ORDOS-2018,鄂尔多斯市政府（内蒙古自治区财政厅集中预算公开平台）,市级,2018年鄂尔多斯市决算债务债券公开,official_attachment,inner_mongolia_ordos_historical.txt,地方政府债务限额及余额公开表,https://czt.nmg.gov.cn/yjs/business/article/select/1b26f0ba5e521283934d9567befb347c,https://czt.nmg.gov.cn/yjs/business/article/select/1b26f0ba5e521283934d9567befb347c,https://czt.nmg.gov.cn/yjs/business/file/download/c6d15be4dcfd44ecaa9a6b72604887f6,https://czt.nmg.gov.cn/yjs/business/article/select/1b26f0ba5e521283934d9567befb347c,https://czt.nmg.gov.cn/yjs/business/file/download/c6d15be4dcfd44ecaa9a6b72604887f6,inner_mongolia_ordos_historical.txt,text/plain,2019-09-19,2019-09-19,2018-12-31,2026-08-01T00:00:00+08:00,d58904fbc3c8a840814d5ca1458e72006c0986d84af98afd215cb7c5ffebabd2,archive://national-prefecture-panel/raw/province_debt/2025/official/inner_mongolia_ordos_historical.txt,internal_object,raw/province_debt/2025/official/inner_mongolia_ordos_historical.txt,,A2,200,官方附件已归档,,官方全市行直接列示余额1451.8048173817亿元，其中一般1413.9866058617亿元、专项37.81821152亿元。
SRC-OFFICIAL-DEBT-INNER-MONGOLIA-ORDOS-2019,鄂尔多斯市政府（内蒙古自治区财政厅集中预算公开平台）,市级,2019年鄂尔多斯市决算债务债券公开,official_attachment,inner_mongolia_ordos_historical.txt,地方政府债务限额及余额公开表,https://czt.nmg.gov.cn/yjs/business/article/select/6b5f89dd8ab58fddb532dafbac3d55ed,https://czt.nmg.gov.cn/yjs/business/article/select/6b5f89dd8ab58fddb532dafbac3d55ed,https://czt.nmg.gov.cn/yjs/business/file/download/fa5f70e372314a58a591aa1ec0da6321,https://czt.nmg.gov.cn/yjs/business/article/select/6b5f89dd8ab58fddb532dafbac3d55ed,https://czt.nmg.gov.cn/yjs/business/file/download/fa5f70e372314a58a591aa1ec0da6321,inner_mongolia_ordos_historical.txt,text/plain,2020-09-17,2020-09-17,2019-12-31,2026-08-01T00:00:00+08:00,d58904fbc3c8a840814d5ca1458e72006c0986d84af98afd215cb7c5ffebabd2,archive://national-prefecture-panel/raw/province_debt/2025/official/inner_mongolia_ordos_historical.txt,internal_object,raw/province_debt/2025/official/inner_mongolia_ordos_historical.txt,,A2,200,官方附件已归档,,官方全市行直接列示余额1537.6909505721亿元，其中一般1467.0971930237亿元、专项70.5937575484亿元。
SRC-OFFICIAL-DEBT-INNER-MONGOLIA-ORDOS-2020,鄂尔多斯市政府（内蒙古自治区财政厅集中预算公开平台）,市级,2021年鄂尔多斯市预算债务债券公开（附2020年余额表）,official_attachment,inner_mongolia_ordos_historical.txt,地方政府债务限额及余额公开表,https://czt.nmg.gov.cn/yjs/business/article/select/827e492a47c27e409d0f55d3d622201d,https://czt.nmg.gov.cn/yjs/business/article/select/827e492a47c27e409d0f55d3d622201d,https://czt.nmg.gov.cn/yjs/business/file/download/949da97fefa14bb1b9f4067972d2db09,https://czt.nmg.gov.cn/yjs/business/article/select/827e492a47c27e409d0f55d3d622201d,https://czt.nmg.gov.cn/yjs/business/file/download/949da97fefa14bb1b9f4067972d2db09,inner_mongolia_ordos_historical.txt,text/plain,2021-03-19,2021-03-19,2020-12-31,2026-08-01T00:00:00+08:00,d58904fbc3c8a840814d5ca1458e72006c0986d84af98afd215cb7c5ffebabd2,archive://national-prefecture-panel/raw/province_debt/2025/official/inner_mongolia_ordos_historical.txt,internal_object,raw/province_debt/2025/official/inner_mongolia_ordos_historical.txt,,A2,200,官方附件已归档,,官方全市行直接列示2020年末债务余额预计执行数1623.31710623亿元，其中一般1481.4084061516亿元、专项141.9087000784亿元。
SRC-OFFICIAL-DEBT-INNER-MONGOLIA-ORDOS-2022,鄂尔多斯市政府（内蒙古自治区财政厅集中预算公开平台）,市级,2022年鄂尔多斯市预算债务债券公开,official_attachment,inner_mongolia_ordos_historical.txt,地方政府债务限额及余额公开表,https://czt.nmg.gov.cn/yjs/business/article/select/07c42a428e186a65afb17ee161d29fb2,https://czt.nmg.gov.cn/yjs/business/article/select/07c42a428e186a65afb17ee161d29fb2,https://czt.nmg.gov.cn/yjs/business/file/download/1103b27773ce472c9883a8b0d0d60dd0,https://czt.nmg.gov.cn/yjs/business/article/select/07c42a428e186a65afb17ee161d29fb2,https://czt.nmg.gov.cn/yjs/business/file/download/1103b27773ce472c9883a8b0d0d60dd0,inner_mongolia_ordos_historical.txt,text/plain,2023-08-15,2023-08-15,2022-12-31,2026-08-01T00:00:00+08:00,d58904fbc3c8a840814d5ca1458e72006c0986d84af98afd215cb7c5ffebabd2,archive://national-prefecture-panel/raw/province_debt/2025/official/inner_mongolia_ordos_historical.txt,internal_object,raw/province_debt/2025/official/inner_mongolia_ordos_historical.txt,,A2,200,官方附件已归档,,官方全市行直接列示2022年末债务余额预计执行数1677.36亿元，其中一般1507.78亿元、专项169.58亿元。
SRC-OFFICIAL-DEBT-INNER-MONGOLIA-ORDOS-2024,鄂尔多斯市政府（内蒙古自治区财政厅集中预算公开平台）,市级,2024年鄂尔多斯市预算债务债券公开,official_attachment,inner_mongolia_ordos_historical.txt,地方政府债务限额及余额公开表,https://czt.nmg.gov.cn/yjs/business/article/select/471fe7049473cf99d3d77e48074bd0cf,https://czt.nmg.gov.cn/yjs/business/article/select/471fe7049473cf99d3d77e48074bd0cf,https://czt.nmg.gov.cn/yjs/business/file/download/fb27529573474faca37ec35a18a94c3e,https://czt.nmg.gov.cn/yjs/business/article/select/471fe7049473cf99d3d77e48074bd0cf,https://czt.nmg.gov.cn/yjs/business/file/download/fb27529573474faca37ec35a18a94c3e,inner_mongolia_ordos_historical.txt,text/plain,2025-02-07,2025-02-07,2024-12-31,2026-08-01T00:00:00+08:00,d58904fbc3c8a840814d5ca1458e72006c0986d84af98afd215cb7c5ffebabd2,archive://national-prefecture-panel/raw/province_debt/2025/official/inner_mongolia_ordos_historical.txt,internal_object,raw/province_debt/2025/official/inner_mongolia_ordos_historical.txt,,A2,200,官方附件已归档,,官方全市行直接列示2024年末债务余额预计执行数1948.818177335亿元，其中一般1582.7836772566亿元、专项366.0345000784亿元；表中限额待自治区财政厅下达，未填限额。
SRC-OFFICIAL-DEBT-INNER-MONGOLIA-BAYANNUR-2018,巴彦淖尔市政府（内蒙古自治区财政厅集中预算公开平台）,市级,2018年巴彦淖尔市决算债务债券公开,official_attachment,inner_mongolia_bayannur_historical.txt,地方政府债务限额及余额公开表,https://czt.nmg.gov.cn/yjs/business/article/select/25d086a787acb4dd379a4176acdec756,https://czt.nmg.gov.cn/yjs/business/article/select/25d086a787acb4dd379a4176acdec756,https://czt.nmg.gov.cn/yjs/business/file/download/96577540d8de4dcc807b3e9ff4e4a9dd,https://czt.nmg.gov.cn/yjs/business/article/select/25d086a787acb4dd379a4176acdec756,https://czt.nmg.gov.cn/yjs/business/file/download/96577540d8de4dcc807b3e9ff4e4a9dd,inner_mongolia_bayannur_historical.txt,text/plain,2019-09-10,2019-09-10,2018-12-31,2026-08-01T00:00:00+08:00,8b8f51bf3bd617edaf40b954278598265db34bd239f0fb8a8138256842a6ded2,archive://national-prefecture-panel/raw/province_debt/2025/official/inner_mongolia_bayannur_historical.txt,internal_object,raw/province_debt/2025/official/inner_mongolia_bayannur_historical.txt,,A2,200,官方附件已归档,,官方全市行直接列示余额305.5167亿元，其中一般257.5332亿元、专项47.9835亿元。
SRC-OFFICIAL-DEBT-INNER-MONGOLIA-BAYANNUR-2019,巴彦淖尔市政府（内蒙古自治区财政厅集中预算公开平台）,市级,2019年巴彦淖尔市决算债务债券公开,official_attachment,inner_mongolia_bayannur_historical.txt,地方政府债务限额及余额公开表,https://czt.nmg.gov.cn/yjs/business/article/select/2682f81b3573408d7b5b19c1b31d8370,https://czt.nmg.gov.cn/yjs/business/article/select/2682f81b3573408d7b5b19c1b31d8370,https://czt.nmg.gov.cn/yjs/business/file/download/80c48d33f600424ea10965da062b1138,https://czt.nmg.gov.cn/yjs/business/article/select/2682f81b3573408d7b5b19c1b31d8370,https://czt.nmg.gov.cn/yjs/business/file/download/80c48d33f600424ea10965da062b1138,inner_mongolia_bayannur_historical.txt,text/plain,2020-09-02,2020-09-02,2019-12-31,2026-08-01T00:00:00+08:00,8b8f51bf3bd617edaf40b954278598265db34bd239f0fb8a8138256842a6ded2,archive://national-prefecture-panel/raw/province_debt/2025/official/inner_mongolia_bayannur_historical.txt,internal_object,raw/province_debt/2025/official/inner_mongolia_bayannur_historical.txt,,A2,200,官方附件已归档,,官方全市行直接列示余额332.8613611017亿元，其中一般270.7067292068亿元、专项62.1546318949亿元。
SRC-OFFICIAL-DEBT-INNER-MONGOLIA-BAYANNUR-2020,巴彦淖尔市政府（内蒙古自治区财政厅集中预算公开平台）,市级,2020年巴彦淖尔市决算债务债券公开,official_attachment,inner_mongolia_bayannur_historical.txt,地方政府债务限额及余额公开表,https://czt.nmg.gov.cn/yjs/business/article/select/6871a4f38e09403eb89cf5950367c5cf,https://czt.nmg.gov.cn/yjs/business/article/select/6871a4f38e09403eb89cf5950367c5cf,https://czt.nmg.gov.cn/yjs/business/file/download/0e028749a4dc4152a3c6cb3443be1201,https://czt.nmg.gov.cn/yjs/business/article/select/6871a4f38e09403eb89cf5950367c5cf,https://czt.nmg.gov.cn/yjs/business/file/download/0e028749a4dc4152a3c6cb3443be1201,inner_mongolia_bayannur_historical.txt,text/plain,2021-09-16,2021-09-16,2020-12-31,2026-08-01T00:00:00+08:00,8b8f51bf3bd617edaf40b954278598265db34bd239f0fb8a8138256842a6ded2,archive://national-prefecture-panel/raw/province_debt/2025/official/inner_mongolia_bayannur_historical.txt,internal_object,raw/province_debt/2025/official/inner_mongolia_bayannur_historical.txt,,A2,200,官方附件已归档,,官方全市行直接列示余额414.0511711545亿元，其中一般284.2098382612亿元、专项129.8413328933亿元。
SRC-OFFICIAL-DEBT-INNER-MONGOLIA-ALXA-2018,阿拉善盟政府（内蒙古自治区财政厅集中预算公开平台）,盟级,2018年阿拉善盟决算债务债券公开,official_attachment,inner_mongolia_alxa_historical.txt,地方政府债务限额及余额公开表,https://czt.nmg.gov.cn/yjs/business/article/select/bfcbd3d1310281a83ae90a351e10f68e,https://czt.nmg.gov.cn/yjs/business/article/select/bfcbd3d1310281a83ae90a351e10f68e,https://czt.nmg.gov.cn/yjs/business/file/download/84d4cdc6f25441139252049150d82b05,https://czt.nmg.gov.cn/yjs/business/article/select/bfcbd3d1310281a83ae90a351e10f68e,https://czt.nmg.gov.cn/yjs/business/file/download/84d4cdc6f25441139252049150d82b05,inner_mongolia_alxa_historical.txt,text/plain,2019-11-18,2019-11-18,2018-12-31,2026-08-01T00:00:00+08:00,deb69a439b6d7afd01581cd762102782ae891b54bf37eb25c06a8a2de4e5d60f,archive://national-prefecture-panel/raw/province_debt/2025/official/inner_mongolia_alxa_historical.txt,internal_object,raw/province_debt/2025/official/inner_mongolia_alxa_historical.txt,,A2,200,官方附件已归档,,官方全盟行直接列示余额159.59亿元，其中一般128.27亿元、专项31.3219502943亿元。
SRC-OFFICIAL-DEBT-INNER-MONGOLIA-ALXA-2019,阿拉善盟政府（内蒙古自治区财政厅集中预算公开平台）,盟级,2019年阿拉善盟决算债务债券公开,official_attachment,inner_mongolia_alxa_historical.txt,地方政府债务限额及余额公开表,https://czt.nmg.gov.cn/yjs/business/article/select/bd27f90ee964e244d5ec1db5f82fcd74,https://czt.nmg.gov.cn/yjs/business/article/select/bd27f90ee964e244d5ec1db5f82fcd74,https://czt.nmg.gov.cn/yjs/business/file/download/6d23ef2dc118466389649713d2d46c0c,https://czt.nmg.gov.cn/yjs/business/article/select/bd27f90ee964e244d5ec1db5f82fcd74,https://czt.nmg.gov.cn/yjs/business/file/download/6d23ef2dc118466389649713d2d46c0c,inner_mongolia_alxa_historical.txt,text/plain,2020-11-26,2020-11-26,2019-12-31,2026-08-01T00:00:00+08:00,deb69a439b6d7afd01581cd762102782ae891b54bf37eb25c06a8a2de4e5d60f,archive://national-prefecture-panel/raw/province_debt/2025/official/inner_mongolia_alxa_historical.txt,internal_object,raw/province_debt/2025/official/inner_mongolia_alxa_historical.txt,,A2,200,官方附件已归档,,官方全盟行直接列示余额208.5446128711亿元，其中一般144.1823665934亿元、专项64.3622462777亿元。
SRC-OFFICIAL-DEBT-INNER-MONGOLIA-ALXA-2020,阿拉善盟政府（内蒙古自治区财政厅集中预算公开平台）,盟级,2020年阿拉善盟决算债务债券公开,official_attachment,inner_mongolia_alxa_historical.txt,地方政府债务限额及余额公开表,https://czt.nmg.gov.cn/yjs/business/article/select/ad4cd96ade7c0f399760d936e71a6612,https://czt.nmg.gov.cn/yjs/business/article/select/ad4cd96ade7c0f399760d936e71a6612,https://czt.nmg.gov.cn/yjs/business/file/download/b8b1803c90ca486b9eb906adf47e4e8e,https://czt.nmg.gov.cn/yjs/business/article/select/ad4cd96ade7c0f399760d936e71a6612,https://czt.nmg.gov.cn/yjs/business/file/download/b8b1803c90ca486b9eb906adf47e4e8e,inner_mongolia_alxa_historical.txt,text/plain,2021-10-27,2021-10-27,2020-12-31,2026-08-01T00:00:00+08:00,deb69a439b6d7afd01581cd762102782ae891b54bf37eb25c06a8a2de4e5d60f,archive://national-prefecture-panel/raw/province_debt/2025/official/inner_mongolia_alxa_historical.txt,internal_object,raw/province_debt/2025/official/inner_mongolia_alxa_historical.txt,,A2,200,官方附件已归档,,官方全盟行直接列示余额242.0291亿元，其中一般155.5288亿元、专项86.5003亿元。
SRC-OFFICIAL-DEBT-INNER-MONGOLIA-ALXA-2021,阿拉善盟政府（内蒙古自治区财政厅集中预算公开平台）,盟级,2021年阿拉善盟预算债务债券公开,official_attachment,inner_mongolia_alxa_historical.txt,地方政府债务限额及余额公开表,https://czt.nmg.gov.cn/yjs/business/article/select/bda332d18d501bf495193f8581f40ca5,https://czt.nmg.gov.cn/yjs/business/article/select/bda332d18d501bf495193f8581f40ca5,https://czt.nmg.gov.cn/yjs/business/file/download/e89f444ea1634ce0867443487adea760,https://czt.nmg.gov.cn/yjs/business/article/select/bda332d18d501bf495193f8581f40ca5,https://czt.nmg.gov.cn/yjs/business/file/download/e89f444ea1634ce0867443487adea760,inner_mongolia_alxa_historical.txt,text/plain,2021-05-10,2021-05-10,2021-12-31,2026-08-01T00:00:00+08:00,deb69a439b6d7afd01581cd762102782ae891b54bf37eb25c06a8a2de4e5d60f,archive://national-prefecture-panel/raw/province_debt/2025/official/inner_mongolia_alxa_historical.txt,internal_object,raw/province_debt/2025/official/inner_mongolia_alxa_historical.txt,,A2,200,官方附件已归档,,官方全盟行直接列示2021年末债务余额预计执行数249.11亿元，其中一般156.52亿元、专项92.59亿元。
SRC-OFFICIAL-DEBT-INNER-MONGOLIA-ULANQAB-2018,乌兰察布市政府（内蒙古自治区财政厅集中预算公开平台）,市级,2018年政府债务及债券决算（乌兰察布市）,official_attachment,inner_mongolia_ulanqab_historical.txt,地方政府债务限额及余额公开表,https://czt.nmg.gov.cn/yjs/business/article/select/178f406a6f680aa7d17320053c86806c,https://czt.nmg.gov.cn/yjs/business/article/select/178f406a6f680aa7d17320053c86806c,https://czt.nmg.gov.cn/yjs/business/file/download/19ca5c34326c4c78a22e54973246b5ea,https://czt.nmg.gov.cn/yjs/business/article/select/178f406a6f680aa7d17320053c86806c,https://czt.nmg.gov.cn/yjs/business/file/download/19ca5c34326c4c78a22e54973246b5ea,inner_mongolia_ulanqab_historical.txt,text/plain,2019-09-12,2019-09-12,2018-12-31,2026-08-01T00:00:00+08:00,678406581c16b7841693817d20592ccc27964971258e212991ffe41f08c4090e,archive://national-prefecture-panel/raw/province_debt/2025/official/inner_mongolia_ulanqab_historical.txt,internal_object,raw/province_debt/2025/official/inner_mongolia_ulanqab_historical.txt,,A2,200,官方附件已归档,,官方全市行直接列示余额552.5064亿元，其中一般477.4857亿元、专项75.0207亿元。
SRC-OFFICIAL-DEBT-INNER-MONGOLIA-ULANQAB-2019,乌兰察布市政府（内蒙古自治区财政厅集中预算公开平台）,市级,2019年政府债务及债券决算（乌兰察布市）,official_attachment,inner_mongolia_ulanqab_historical.txt,地方政府债务限额及余额公开表,https://czt.nmg.gov.cn/yjs/business/article/select/7707cc22a9b47fc2d527a06abf7b89ee,https://czt.nmg.gov.cn/yjs/business/article/select/7707cc22a9b47fc2d527a06abf7b89ee,https://czt.nmg.gov.cn/yjs/business/file/download/0ba6eafab447493a9d95fd9e92218b05,https://czt.nmg.gov.cn/yjs/business/article/select/7707cc22a9b47fc2d527a06abf7b89ee,https://czt.nmg.gov.cn/yjs/business/file/download/0ba6eafab447493a9d95fd9e92218b05,inner_mongolia_ulanqab_historical.txt,text/plain,2020-08-26,2020-08-26,2019-12-31,2026-08-01T00:00:00+08:00,678406581c16b7841693817d20592ccc27964971258e212991ffe41f08c4090e,archive://national-prefecture-panel/raw/province_debt/2025/official/inner_mongolia_ulanqab_historical.txt,internal_object,raw/province_debt/2025/official/inner_mongolia_ulanqab_historical.txt,,A2,200,官方附件已归档,,官方全市行直接列示余额595.79879597亿元，其中一般486.5572亿元、专项109.24159597亿元。
SRC-OFFICIAL-DEBT-INNER-MONGOLIA-ULANQAB-2020,乌兰察布市政府（内蒙古自治区财政厅集中预算公开平台）,市级,2020年政府债务及债券决算（乌兰察布市）,official_attachment,inner_mongolia_ulanqab_historical.txt,地方政府债务限额及余额公开表,https://czt.nmg.gov.cn/yjs/business/article/select/e8bd7396d1022780cee26383a0ad87ba,https://czt.nmg.gov.cn/yjs/business/article/select/e8bd7396d1022780cee26383a0ad87ba,https://czt.nmg.gov.cn/yjs/business/file/download/53b447f6e64b4486bfefbfc210795c6b,https://czt.nmg.gov.cn/yjs/business/article/select/e8bd7396d1022780cee26383a0ad87ba,https://czt.nmg.gov.cn/yjs/business/file/download/53b447f6e64b4486bfefbfc210795c6b,inner_mongolia_ulanqab_historical.txt,text/plain,2021-09-10,2021-09-10,2020-12-31,2026-08-01T00:00:00+08:00,678406581c16b7841693817d20592ccc27964971258e212991ffe41f08c4090e,archive://national-prefecture-panel/raw/province_debt/2025/official/inner_mongolia_ulanqab_historical.txt,internal_object,raw/province_debt/2025/official/inner_mongolia_ulanqab_historical.txt,,A2,200,官方附件已归档,,官方全市行直接列示余额683.019亿元，其中一般510.3778亿元、专项172.6412亿元。
SRC-OFFICIAL-DEBT-INNER-MONGOLIA-ULANQAB-2021,乌兰察布市政府（内蒙古自治区财政厅集中预算公开平台）,市级,2021年政府债务及债券决算（乌兰察布市）,official_attachment,inner_mongolia_ulanqab_historical.txt,地方政府债务限额及余额公开表,https://czt.nmg.gov.cn/yjs/business/article/select/36f9bb5b751f6d8173756f4d31653b24,https://czt.nmg.gov.cn/yjs/business/article/select/36f9bb5b751f6d8173756f4d31653b24,https://czt.nmg.gov.cn/yjs/business/file/download/0cfb16fd40d64431aec654d959c84582,https://czt.nmg.gov.cn/yjs/business/article/select/36f9bb5b751f6d8173756f4d31653b24,https://czt.nmg.gov.cn/yjs/business/file/download/0cfb16fd40d64431aec654d959c84582,inner_mongolia_ulanqab_historical.txt,text/plain,2022-08-30,2022-08-30,2021-12-31,2026-08-01T00:00:00+08:00,678406581c16b7841693817d20592ccc27964971258e212991ffe41f08c4090e,archive://national-prefecture-panel/raw/province_debt/2025/official/inner_mongolia_ulanqab_historical.txt,internal_object,raw/province_debt/2025/official/inner_mongolia_ulanqab_historical.txt,,A2,200,官方附件已归档,,官方全市行直接列示余额739.8543亿元，其中一般544.4726亿元、专项195.3817亿元。
SRC-OFFICIAL-DEBT-INNER-MONGOLIA-ULANQAB-2022,乌兰察布市政府（内蒙古自治区财政厅集中预算公开平台）,市级,2023年政府债务及债券预算（附2022年余额表）,official_attachment,inner_mongolia_ulanqab_historical.txt,地方政府债务限额及余额公开表,https://czt.nmg.gov.cn/yjs/business/article/select/e8d6e622d46331af8798c500bae9b3b3,https://czt.nmg.gov.cn/yjs/business/article/select/e8d6e622d46331af8798c500bae9b3b3,https://czt.nmg.gov.cn/yjs/business/file/download/e30d79930f3b4c2bb666a4bcf2a0d18c,https://czt.nmg.gov.cn/yjs/business/article/select/e8d6e622d46331af8798c500bae9b3b3,https://czt.nmg.gov.cn/yjs/business/file/download/e30d79930f3b4c2bb666a4bcf2a0d18c,inner_mongolia_ulanqab_historical.txt,text/plain,2023-01-17,2023-01-17,2022-12-31,2026-08-01T00:00:00+08:00,678406581c16b7841693817d20592ccc27964971258e212991ffe41f08c4090e,archive://national-prefecture-panel/raw/province_debt/2025/official/inner_mongolia_ulanqab_historical.txt,internal_object,raw/province_debt/2025/official/inner_mongolia_ulanqab_historical.txt,,A2,200,官方附件已归档,,官方全市行直接列示2022年末债务余额预计执行数781.53亿元，其中一般558.06亿元、专项223.47亿元。
SRC-OFFICIAL-DEBT-INNER-MONGOLIA-ULANQAB-2023-GENERAL,乌兰察布市政府（内蒙古自治区财政厅集中预算公开平台）,市级,2024年政府债务及债券预算：2023年一般债务余额表,official_attachment,inner_mongolia_ulanqab_historical.txt,地方政府债务限额及余额公开表,https://czt.nmg.gov.cn/yjs/business/article/select/d0127a5f4d215f57c54878ed7fe60c91,https://czt.nmg.gov.cn/yjs/business/article/select/d0127a5f4d215f57c54878ed7fe60c91,https://czt.nmg.gov.cn/yjs/business/file/download/2615f6d49f92442b87e9321d0fdaef12,https://czt.nmg.gov.cn/yjs/business/article/select/d0127a5f4d215f57c54878ed7fe60c91,https://czt.nmg.gov.cn/yjs/business/file/download/2615f6d49f92442b87e9321d0fdaef12,inner_mongolia_ulanqab_historical.txt,text/plain,2024-01-22,2024-01-22,2023-12-31,2026-08-01T00:00:00+08:00,678406581c16b7841693817d20592ccc27964971258e212991ffe41f08c4090e,archive://national-prefecture-panel/raw/province_debt/2025/official/inner_mongolia_ulanqab_historical.txt,internal_object,raw/province_debt/2025/official/inner_mongolia_ulanqab_historical.txt,,A2,200,官方附件已归档,,官方一般债务表列示2023年末一般债务余额预计执行数647.33亿元；与同一公开文章的专项表合并后形成法定债务总额。
SRC-OFFICIAL-DEBT-INNER-MONGOLIA-ULANQAB-2023-SPECIAL,乌兰察布市政府（内蒙古自治区财政厅集中预算公开平台）,市级,2024年政府债务及债券预算：2023年专项债务余额表,official_attachment,inner_mongolia_ulanqab_historical.txt,地方政府债务限额及余额公开表,https://czt.nmg.gov.cn/yjs/business/article/select/d0127a5f4d215f57c54878ed7fe60c91,https://czt.nmg.gov.cn/yjs/business/article/select/d0127a5f4d215f57c54878ed7fe60c91,https://czt.nmg.gov.cn/yjs/business/file/download/76a8a1f2f1c54cb1ba21249df069599b,https://czt.nmg.gov.cn/yjs/business/article/select/d0127a5f4d215f57c54878ed7fe60c91,https://czt.nmg.gov.cn/yjs/business/file/download/76a8a1f2f1c54cb1ba21249df069599b,inner_mongolia_ulanqab_historical.txt,text/plain,2024-01-22,2024-01-22,2023-12-31,2026-08-01T00:00:00+08:00,678406581c16b7841693817d20592ccc27964971258e212991ffe41f08c4090e,archive://national-prefecture-panel/raw/province_debt/2025/official/inner_mongolia_ulanqab_historical.txt,internal_object,raw/province_debt/2025/official/inner_mongolia_ulanqab_historical.txt,,A2,200,官方附件已归档,,官方专项债务表列示2023年末专项债务余额预计执行数286.25亿元；与同一公开文章的一般表合并后形成法定债务总额。
SRC-OFFICIAL-DEBT-INNER-MONGOLIA-ULANQAB-2024-GENERAL,乌兰察布市政府（内蒙古自治区财政厅集中预算公开平台）,市级,2025年政府债务及债券预算：2024年一般债务余额表,official_attachment,inner_mongolia_ulanqab_historical.txt,地方政府债务限额及余额公开表,https://czt.nmg.gov.cn/yjs/business/article/select/87fb8d20169c917d8a9b49996c5c2864,https://czt.nmg.gov.cn/yjs/business/article/select/87fb8d20169c917d8a9b49996c5c2864,https://czt.nmg.gov.cn/yjs/business/file/download/93e23d20284d4b84a7a4aff1ce38978c,https://czt.nmg.gov.cn/yjs/business/article/select/87fb8d20169c917d8a9b49996c5c2864,https://czt.nmg.gov.cn/yjs/business/file/download/93e23d20284d4b84a7a4aff1ce38978c,inner_mongolia_ulanqab_historical.txt,text/plain,2025-02-28,2025-02-28,2024-12-31,2026-08-01T00:00:00+08:00,678406581c16b7841693817d20592ccc27964971258e212991ffe41f08c4090e,archive://national-prefecture-panel/raw/province_debt/2025/official/inner_mongolia_ulanqab_historical.txt,internal_object,raw/province_debt/2025/official/inner_mongolia_ulanqab_historical.txt,,A2,200,官方附件已归档,,官方一般债务表列示2024年末一般债务余额预计执行数655.33亿元；与同一公开文章的专项表合并后形成法定债务总额。
SRC-OFFICIAL-DEBT-INNER-MONGOLIA-ULANQAB-2024-SPECIAL,乌兰察布市政府（内蒙古自治区财政厅集中预算公开平台）,市级,2025年政府债务及债券预算：2024年专项债务余额表,official_attachment,inner_mongolia_ulanqab_historical.txt,地方政府债务限额及余额公开表,https://czt.nmg.gov.cn/yjs/business/article/select/87fb8d20169c917d8a9b49996c5c2864,https://czt.nmg.gov.cn/yjs/business/article/select/87fb8d20169c917d8a9b49996c5c2864,https://czt.nmg.gov.cn/yjs/business/file/download/dfc067f37f55487a8021831f40d64361,https://czt.nmg.gov.cn/yjs/business/article/select/87fb8d20169c917d8a9b49996c5c2864,https://czt.nmg.gov.cn/yjs/business/file/download/dfc067f37f55487a8021831f40d64361,inner_mongolia_ulanqab_historical.txt,text/plain,2025-02-28,2025-02-28,2024-12-31,2026-08-01T00:00:00+08:00,678406581c16b7841693817d20592ccc27964971258e212991ffe41f08c4090e,archive://national-prefecture-panel/raw/province_debt/2025/official/inner_mongolia_ulanqab_historical.txt,internal_object,raw/province_debt/2025/official/inner_mongolia_ulanqab_historical.txt,,A2,200,官方附件已归档,,官方专项债务表列示2024年末专项债务余额预计执行数351.48亿元；与同一公开文章的一般表合并后形成法定债务总额。
SRC-OFFICIAL-DEBT-INNER-MONGOLIA-XINGAN-2018,兴安盟政府（内蒙古自治区财政厅集中预算公开平台）,盟级,2018年兴安盟债务债券决算公开,official_attachment,inner_mongolia_xingan_historical.txt,地方政府债务限额及余额公开表,https://czt.nmg.gov.cn/yjs/business/article/select/c3f2420cd2e0f124d7c951d104bad990,https://czt.nmg.gov.cn/yjs/business/article/select/c3f2420cd2e0f124d7c951d104bad990,https://czt.nmg.gov.cn/yjs/business/file/download/4f54ade760f2492c92b32f032ece9cc0,https://czt.nmg.gov.cn/yjs/business/article/select/c3f2420cd2e0f124d7c951d104bad990,https://czt.nmg.gov.cn/yjs/business/file/download/4f54ade760f2492c92b32f032ece9cc0,inner_mongolia_xingan_historical.txt,text/plain,2019-09-26,2019-09-26,2018-12-31,2026-08-01T00:00:00+08:00,b247fbc569940a32289dacee6891762f31df0cc43e97b567d5f09c470b891447,archive://national-prefecture-panel/raw/province_debt/2025/official/inner_mongolia_xingan_historical.txt,internal_object,raw/province_debt/2025/official/inner_mongolia_xingan_historical.txt,,A2,200,官方附件已归档,,官方全盟行直接列示余额220.316亿元，其中一般189.8921亿元、专项30.4239亿元。
SRC-OFFICIAL-DEBT-INNER-MONGOLIA-XINGAN-2019,兴安盟政府（内蒙古自治区财政厅集中预算公开平台）,盟级,2019年兴安盟债务债券决算公开,official_attachment,inner_mongolia_xingan_historical.txt,地方政府债务限额及余额公开表,https://czt.nmg.gov.cn/yjs/business/article/select/badbb41caaa88da46ed278370d0a2ba5,https://czt.nmg.gov.cn/yjs/business/article/select/badbb41caaa88da46ed278370d0a2ba5,https://czt.nmg.gov.cn/yjs/business/file/download/3ee1033466704f0bb70ae2f2cc97cf5f,https://czt.nmg.gov.cn/yjs/business/article/select/badbb41caaa88da46ed278370d0a2ba5,https://czt.nmg.gov.cn/yjs/business/file/download/3ee1033466704f0bb70ae2f2cc97cf5f,inner_mongolia_xingan_historical.txt,text/plain,2020-11-15,2020-11-15,2019-12-31,2026-08-01T00:00:00+08:00,b247fbc569940a32289dacee6891762f31df0cc43e97b567d5f09c470b891447,archive://national-prefecture-panel/raw/province_debt/2025/official/inner_mongolia_xingan_historical.txt,internal_object,raw/province_debt/2025/official/inner_mongolia_xingan_historical.txt,,A2,200,官方附件已归档,,官方全盟行直接列示余额278.9437亿元，其中一般218.8211亿元、专项60.1226亿元。
SRC-OFFICIAL-DEBT-INNER-MONGOLIA-XINGAN-2020,兴安盟政府（内蒙古自治区财政厅集中预算公开平台）,盟级,2021年兴安盟预算债务债券公开（附2020年余额表）,official_attachment,inner_mongolia_xingan_historical.txt,地方政府债务限额及余额公开表,https://czt.nmg.gov.cn/yjs/business/article/select/33cbe59d25c412a9b6beb33e40eddbe6,https://czt.nmg.gov.cn/yjs/business/article/select/33cbe59d25c412a9b6beb33e40eddbe6,https://czt.nmg.gov.cn/yjs/business/file/download/736d2854b408423387de5cdd286d9470,https://czt.nmg.gov.cn/yjs/business/article/select/33cbe59d25c412a9b6beb33e40eddbe6,https://czt.nmg.gov.cn/yjs/business/file/download/736d2854b408423387de5cdd286d9470,inner_mongolia_xingan_historical.txt,text/plain,2021-04-30,2021-04-30,2020-12-31,2026-08-01T00:00:00+08:00,b247fbc569940a32289dacee6891762f31df0cc43e97b567d5f09c470b891447,archive://national-prefecture-panel/raw/province_debt/2025/official/inner_mongolia_xingan_historical.txt,internal_object,raw/province_debt/2025/official/inner_mongolia_xingan_historical.txt,,A2,200,官方附件已归档,,官方全盟行列示2020年末债务余额预计执行数333.7362710859亿元，其中一般235.9777710859亿元、专项97.7585亿元。
SRC-OFFICIAL-DEBT-INNER-MONGOLIA-XINGAN-2021,兴安盟政府（内蒙古自治区财政厅集中预算公开平台）,盟级,2021年兴安盟政府债务发行、余额、限额及还本付息公开数,official_attachment,inner_mongolia_xingan_historical.txt,地方政府债务限额及余额公开表,https://czt.nmg.gov.cn/yjs/business/article/select/398791e417b3ca8b0bbafcb3e423af1b,https://czt.nmg.gov.cn/yjs/business/article/select/398791e417b3ca8b0bbafcb3e423af1b,https://czt.nmg.gov.cn/yjs/business/file/download/8471174091114c2ead97cbfa39c5b5f8,https://czt.nmg.gov.cn/yjs/business/article/select/398791e417b3ca8b0bbafcb3e423af1b,https://czt.nmg.gov.cn/yjs/business/file/download/8471174091114c2ead97cbfa39c5b5f8,inner_mongolia_xingan_historical.txt,text/plain,2022-06-30,2022-06-30,2021-12-31,2026-08-01T00:00:00+08:00,b247fbc569940a32289dacee6891762f31df0cc43e97b567d5f09c470b891447,archive://national-prefecture-panel/raw/province_debt/2025/official/inner_mongolia_xingan_historical.txt,internal_object,raw/province_debt/2025/official/inner_mongolia_xingan_historical.txt,,A2,200,官方附件已归档,,官方全盟表直接列示2021年末债务余额359.6696146亿元，其中一般250.7361146亿元、专项108.9335亿元。
SRC-OFFICIAL-DEBT-INNER-MONGOLIA-XINGAN-2022,兴安盟政府（内蒙古自治区财政厅集中预算公开平台）,盟级,2022年兴安盟决算债务债券公开,official_attachment,inner_mongolia_xingan_historical.txt,地方政府债务限额及余额公开表,https://czt.nmg.gov.cn/yjs/business/article/select/51087c910173b813197a41619945e52f,https://czt.nmg.gov.cn/yjs/business/article/select/51087c910173b813197a41619945e52f,https://czt.nmg.gov.cn/yjs/business/file/download/7082654bfbe0410b9c309e076779d88b,https://czt.nmg.gov.cn/yjs/business/article/select/51087c910173b813197a41619945e52f,https://czt.nmg.gov.cn/yjs/business/file/download/7082654bfbe0410b9c309e076779d88b,inner_mongolia_xingan_historical.txt,text/plain,2023-10-11,2023-10-11,2022-12-31,2026-08-01T00:00:00+08:00,b247fbc569940a32289dacee6891762f31df0cc43e97b567d5f09c470b891447,archive://national-prefecture-panel/raw/province_debt/2025/official/inner_mongolia_xingan_historical.txt,internal_object,raw/province_debt/2025/official/inner_mongolia_xingan_historical.txt,,A2,200,官方附件已归档,,官方全盟行直接列示余额391.8674429469亿元，其中一般264.2581429469亿元、专项127.6093亿元。
SRC-OFFICIAL-DEBT-INNER-MONGOLIA-XINGAN-2023,兴安盟政府（内蒙古自治区财政厅集中预算公开平台）,盟级,2023年兴安盟决算债务债券公开,official_attachment,inner_mongolia_xingan_historical.txt,地方政府债务限额及余额公开表,https://czt.nmg.gov.cn/yjs/business/article/select/0223dc8a043acdce72163c6fe440a129,https://czt.nmg.gov.cn/yjs/business/article/select/0223dc8a043acdce72163c6fe440a129,https://czt.nmg.gov.cn/yjs/business/file/download/7fd41ffa287b409ba1c48cb11fc27f34,https://czt.nmg.gov.cn/yjs/business/article/select/0223dc8a043acdce72163c6fe440a129,https://czt.nmg.gov.cn/yjs/business/file/download/7fd41ffa287b409ba1c48cb11fc27f34,inner_mongolia_xingan_historical.txt,text/plain,2024-09-20,2024-09-20,2023-12-31,2026-08-01T00:00:00+08:00,b247fbc569940a32289dacee6891762f31df0cc43e97b567d5f09c470b891447,archive://national-prefecture-panel/raw/province_debt/2025/official/inner_mongolia_xingan_historical.txt,internal_object,raw/province_debt/2025/official/inner_mongolia_xingan_historical.txt,,A2,200,官方附件已归档,,官方全盟行直接列示余额433.4929324985亿元，其中一般288.5437324985亿元、专项144.9492亿元。
SRC-OFFICIAL-DEBT-INNER-MONGOLIA-XINGAN-2024,兴安盟政府（内蒙古自治区财政厅集中预算公开平台）,盟级,2025年兴安盟预算债务债券公开（附2024年余额表）,official_attachment,inner_mongolia_xingan_historical.txt,地方政府债务限额及余额公开表,https://czt.nmg.gov.cn/yjs/business/article/select/31b0a38d85c5e22ce552a3d4ea33a1b,https://czt.nmg.gov.cn/yjs/business/article/select/31b0a38d85c5e22ce552a3d4ea33a1b,https://czt.nmg.gov.cn/yjs/business/file/download/9ecce1d6a10f4a5197b91e02d0dc03bf,https://czt.nmg.gov.cn/yjs/business/article/select/31b0a38d85c5e22ce552a3d4ea33a1b,https://czt.nmg.gov.cn/yjs/business/file/download/9ecce1d6a10f4a5197b91e02d0dc03bf,inner_mongolia_xingan_historical.txt,text/plain,2025-03-15,2025-03-15,2024-12-31,2026-08-01T00:00:00+08:00,b247fbc569940a32289dacee6891762f31df0cc43e97b567d5f09c470b891447,archive://national-prefecture-panel/raw/province_debt/2025/official/inner_mongolia_xingan_historical.txt,internal_object,raw/province_debt/2025/official/inner_mongolia_xingan_historical.txt,,A2,200,官方附件已归档,,官方全盟表列示2024年末债务余额预计执行数469.7523948901亿元，其中一般299.1125948901亿元、专项170.6398亿元；限额待财政厅下达，余额字段为本次接入对象。
SRC-OFFICIAL-DEBT-INNER-MONGOLIA-XINGAN-2025,兴安盟政府（内蒙古自治区财政厅集中预算公开平台）,盟级,2026年兴安盟预算债务债券公开（附2025年余额表）,official_attachment,inner_mongolia_xingan_historical.txt,地方政府债务限额及余额公开表,https://czt.nmg.gov.cn/yjs/business/article/select/50efa07be9337f442a1d24d0cd6eab08,https://czt.nmg.gov.cn/yjs/business/article/select/50efa07be9337f442a1d24d0cd6eab08,https://czt.nmg.gov.cn/yjs/business/file/download/aa9309655c3f4b6c8b5f9a56b8f0b8b3,https://czt.nmg.gov.cn/yjs/business/article/select/50efa07be9337f442a1d24d0cd6eab08,https://czt.nmg.gov.cn/yjs/business/file/download/aa9309655c3f4b6c8b5f9a56b8f0b8b3,inner_mongolia_xingan_historical.txt,text/plain,2026-04-01,2026-04-01,2025-12-31,2026-08-01T00:00:00+08:00,b247fbc569940a32289dacee6891762f31df0cc43e97b567d5f09c470b891447,archive://national-prefecture-panel/raw/province_debt/2025/official/inner_mongolia_xingan_historical.txt,internal_object,raw/province_debt/2025/official/inner_mongolia_xingan_historical.txt,,A2,200,官方附件已归档,,官方全盟总表直接列示2025年末债务余额预计执行数513.9032460481亿元，其中一般308.7051460481亿元、专项205.1981亿元。
SRC-OFFICIAL-DEBT-INNER-MONGOLIA-TONGLIAO-2018,通辽市政府（内蒙古自治区财政厅集中预算公开平台）,市级,2018年通辽市决算债务债券公开,official_attachment,inner_mongolia_tongliao_2018.txt,地方政府债务限额及余额公开表,https://czt.nmg.gov.cn/yjs/business/article/select/84e96317e115de1446333127021713ed,https://czt.nmg.gov.cn/yjs/business/article/select/84e96317e115de1446333127021713ed,https://czt.nmg.gov.cn/yjs/business/file/download/1af3edc3417344ff890cea8b21d80ad8,https://czt.nmg.gov.cn/yjs/business/article/select/84e96317e115de1446333127021713ed,https://czt.nmg.gov.cn/yjs/business/file/download/1af3edc3417344ff890cea8b21d80ad8,inner_mongolia_tongliao_2018.txt,text/plain,2019-09-25,2019-09-25,2018-12-31,2026-08-01T00:00:00+08:00,60c9920546ff42e31e2ac18e86e6d6836c5db96646761d0bb5e701cf413d43a7,archive://national-prefecture-panel/raw/province_debt/2018/official/inner_mongolia_tongliao_2018.txt,internal_object,raw/province_debt/2018/official/inner_mongolia_tongliao_2018.txt,,A2,200,官方附件已归档,,官方全市决算表直接列示通辽市全域余额401.3651亿元，其中一般347.9992亿元、专项53.3659亿元。
SRC-OFFICIAL-DEBT-INNER-MONGOLIA-TONGLIAO-2019,通辽市政府（内蒙古自治区财政厅集中预算公开平台）,市级,2019年通辽市决算债务债券公开,official_attachment,inner_mongolia_tongliao_2019.txt,地方政府债务限额及余额公开表,https://czt.nmg.gov.cn/yjs/business/article/select/908d496040168bfbd77d17fb102a11fd,https://czt.nmg.gov.cn/yjs/business/article/select/908d496040168bfbd77d17fb102a11fd,https://czt.nmg.gov.cn/yjs/business/file/download/c1bd710bca844bf181a7893913bc7128,https://czt.nmg.gov.cn/yjs/business/article/select/908d496040168bfbd77d17fb102a11fd,https://czt.nmg.gov.cn/yjs/business/file/download/c1bd710bca844bf181a7893913bc7128,inner_mongolia_tongliao_2019.txt,text/plain,2020-09-15,2020-09-15,2019-12-31,2026-08-01T00:00:00+08:00,c576f4db48630589fa36ce33b57c848e847266e488dc071d33806dd8e10e8f01,archive://national-prefecture-panel/raw/province_debt/2019/official/inner_mongolia_tongliao_2019.txt,internal_object,raw/province_debt/2019/official/inner_mongolia_tongliao_2019.txt,,A2,200,官方附件已归档,,官方全市决算表直接列示通辽市全域余额469.7027亿元，其中一般389.8889亿元、专项79.8138亿元。
SRC-OFFICIAL-DEBT-INNER-MONGOLIA-TONGLIAO-2020,通辽市政府（内蒙古自治区财政厅集中预算公开平台）,市级,2020年通辽市决算债务债券公开,official_attachment,inner_mongolia_tongliao_2020.txt,地方政府债务限额及余额公开表,https://czt.nmg.gov.cn/yjs/business/article/select/b5f0a76675d362e87b26958295975c85,https://czt.nmg.gov.cn/yjs/business/article/select/b5f0a76675d362e87b26958295975c85,https://czt.nmg.gov.cn/yjs/business/file/download/c8b1560aa8d0481bbe5f472dc5a7a996,https://czt.nmg.gov.cn/yjs/business/article/select/b5f0a76675d362e87b26958295975c85,https://czt.nmg.gov.cn/yjs/business/file/download/c8b1560aa8d0481bbe5f472dc5a7a996,inner_mongolia_tongliao_2020.txt,text/plain,2021-09-18,2021-09-18,2020-12-31,2026-08-01T00:00:00+08:00,37d349e6bae68436e5d3e9e1a612f0a2154944c5b155596580c37e65e01e5e1d,archive://national-prefecture-panel/raw/province_debt/2020/official/inner_mongolia_tongliao_2020.txt,internal_object,raw/province_debt/2020/official/inner_mongolia_tongliao_2020.txt,,A2,200,官方附件已归档,,官方全市决算表直接列示通辽市全域余额535.6226亿元，其中一般420.2888亿元、专项115.3338亿元。
SRC-OFFICIAL-DEBT-INNER-MONGOLIA-TONGLIAO-2021,通辽市政府（内蒙古自治区财政厅集中预算公开平台）,市级,2021年通辽市决算债务债券公开,official_attachment,inner_mongolia_tongliao_2021.txt,地方政府债务限额及余额公开表,https://czt.nmg.gov.cn/yjs/business/article/select/9ab69c13257a3b6d507cc8acd17ab075,https://czt.nmg.gov.cn/yjs/business/article/select/9ab69c13257a3b6d507cc8acd17ab075,https://czt.nmg.gov.cn/yjs/business/file/download/85761a525f91447eb1f9d48e78370b19,https://czt.nmg.gov.cn/yjs/business/article/select/9ab69c13257a3b6d507cc8acd17ab075,https://czt.nmg.gov.cn/yjs/business/file/download/85761a525f91447eb1f9d48e78370b19,inner_mongolia_tongliao_2021.txt,text/plain,2022-09-30,2022-09-30,2021-12-31,2026-08-01T00:00:00+08:00,481b5044f030626fb74818c3745b6820e7544a88394564c81142dce6f6323e9d,archive://national-prefecture-panel/raw/province_debt/2021/official/inner_mongolia_tongliao_2021.txt,internal_object,raw/province_debt/2021/official/inner_mongolia_tongliao_2021.txt,,A2,200,官方附件已归档,,官方全市决算表直接列示通辽市全域余额576.3515亿元，其中一般435.9777亿元、专项140.3738亿元。
SRC-OFFICIAL-DEBT-INNER-MONGOLIA-TONGLIAO-2022,通辽市政府（内蒙古自治区财政厅集中预算公开平台）,市级,2022年通辽市决算债务债券公开,official_attachment,inner_mongolia_tongliao_2022.txt,地方政府债务限额及余额公开表,https://czt.nmg.gov.cn/yjs/business/article/select/2a32988d89474e2433968f819bddd098,https://czt.nmg.gov.cn/yjs/business/article/select/2a32988d89474e2433968f819bddd098,https://czt.nmg.gov.cn/yjs/business/file/download/ab1da0df3a014035b7dc90169099e64c,https://czt.nmg.gov.cn/yjs/business/article/select/2a32988d89474e2433968f819bddd098,https://czt.nmg.gov.cn/yjs/business/file/download/ab1da0df3a014035b7dc90169099e64c,inner_mongolia_tongliao_2022.txt,text/plain,2023-09-15,2023-09-15,2022-12-31,2026-08-01T00:00:00+08:00,4f349943bf33ace05f693ad3868dcfa3a5aa18cf2efdd3f2b0f8e8c073c08dda,archive://national-prefecture-panel/raw/province_debt/2022/official/inner_mongolia_tongliao_2022.txt,internal_object,raw/province_debt/2022/official/inner_mongolia_tongliao_2022.txt,,A2,200,官方附件已归档,,官方全市决算表直接列示通辽市全域余额603.5913亿元，其中一般450.6502亿元、专项152.9411亿元。
SRC-OFFICIAL-DEBT-INNER-MONGOLIA-TONGLIAO-2023,通辽市政府（内蒙古自治区财政厅集中预算公开平台）,市级,2023年通辽市决算债务债券公开,official_attachment,inner_mongolia_tongliao_2023.txt,地方政府债务限额及余额公开表,https://czt.nmg.gov.cn/yjs/business/article/select/85b1d349f1e524619b992cf4e7d2e95e,https://czt.nmg.gov.cn/yjs/business/article/select/85b1d349f1e524619b992cf4e7d2e95e,https://czt.nmg.gov.cn/yjs/business/file/download/34f6c634af3a460894ac656372e2e9b9,https://czt.nmg.gov.cn/yjs/business/article/select/85b1d349f1e524619b992cf4e7d2e95e,https://czt.nmg.gov.cn/yjs/business/file/download/34f6c634af3a460894ac656372e2e9b9,inner_mongolia_tongliao_2023.txt,text/plain,2024-09-11,2024-09-11,2023-12-31,2026-08-01T00:00:00+08:00,037c1191b8399024403262cfdec6f9fea6ef61d1a56696ca41f6b1d20ab563f5,archive://national-prefecture-panel/raw/province_debt/2023/official/inner_mongolia_tongliao_2023.txt,internal_object,raw/province_debt/2023/official/inner_mongolia_tongliao_2023.txt,,A2,200,官方附件已归档,,官方全市决算表直接列示通辽市全域余额733.9873亿元，其中一般546.8337亿元、专项187.1536亿元。
SRC-OFFICIAL-DEBT-INNER-MONGOLIA-TONGLIAO-2024,通辽市政府（内蒙古自治区财政厅集中预算公开平台）,市级,2024年通辽市决算债务债券公开,official_attachment,inner_mongolia_tongliao_2024.txt,地方政府债务限额及余额公开表,https://czt.nmg.gov.cn/yjs/business/article/select/7c55134c1c64757b94a1a28af487dba9,https://czt.nmg.gov.cn/yjs/business/article/select/7c55134c1c64757b94a1a28af487dba9,https://czt.nmg.gov.cn/yjs/business/file/download/42803ab9852d4368a25af2dc11e0629f,https://czt.nmg.gov.cn/yjs/business/article/select/7c55134c1c64757b94a1a28af487dba9,https://czt.nmg.gov.cn/yjs/business/file/download/42803ab9852d4368a25af2dc11e0629f,inner_mongolia_tongliao_2024.txt,text/plain,2025-09-16,2025-09-16,2024-12-31,2026-08-01T00:00:00+08:00,492f40e71703a5c6effc69d2f1a9af616c1a8c81124af98e3e6f635dec718f81,archive://national-prefecture-panel/raw/province_debt/2024/official/inner_mongolia_tongliao_2024.txt,internal_object,raw/province_debt/2024/official/inner_mongolia_tongliao_2024.txt,,A2,200,官方附件已归档,,官方全市决算表直接列示通辽市全域余额799.981186亿元，其中一般555.817986亿元、专项244.1632亿元。
SRC-OFFICIAL-DEBT-INNER-MONGOLIA-WUHAI-2021,乌海市政府（内蒙古自治区财政厅集中预算公开平台）,市级,2021年乌海市政府债务发行、限额、余额、还本付息公开数,official_attachment,inner_mongolia_wuhai_2021.txt,地方政府债务限额及余额公开表,https://czt.nmg.gov.cn/yjs/business/article/select/44b03387c78e4e7e162f89798b3e9bb8,https://czt.nmg.gov.cn/yjs/business/article/select/44b03387c78e4e7e162f89798b3e9bb8,https://czt.nmg.gov.cn/yjs/business/file/download/141e33be1de3472981bd95f59decc61c,https://czt.nmg.gov.cn/yjs/business/article/select/44b03387c78e4e7e162f89798b3e9bb8,https://czt.nmg.gov.cn/yjs/business/file/download/141e33be1de3472981bd95f59decc61c,inner_mongolia_wuhai_2021.txt,text/plain,2022-09-16,2022-09-16,2021-12-31,2026-08-01T00:00:00+08:00,aab14d4cb6d66d496a8b428391b400aeb3a288faf2cd36251c0056f4cb066fec,archive://national-prefecture-panel/raw/province_debt/2021/official/inner_mongolia_wuhai_2021.txt,internal_object,raw/province_debt/2021/official/inner_mongolia_wuhai_2021.txt,,A2,200,官方附件已归档,,官方公开表直接列示乌海市全市2021年末债务余额244.9059亿元，其中一般170.9055亿元、专项74.0004亿元。
SRC-OFFICIAL-DEBT-INNER-MONGOLIA-WUHAI-2022,乌海市政府（内蒙古自治区财政厅集中预算公开平台）,市级,2022年乌海市决算债务债券公开,official_attachment,inner_mongolia_wuhai_2022.txt,地方政府债务限额及余额公开表,https://czt.nmg.gov.cn/yjs/business/article/select/8d0529e546c78afdf56d8dbc1fef5d8f,https://czt.nmg.gov.cn/yjs/business/article/select/8d0529e546c78afdf56d8dbc1fef5d8f,https://czt.nmg.gov.cn/yjs/business/file/download/168bcaf05ce84e3b958475db8e0e7070,https://czt.nmg.gov.cn/yjs/business/article/select/8d0529e546c78afdf56d8dbc1fef5d8f,https://czt.nmg.gov.cn/yjs/business/file/download/168bcaf05ce84e3b958475db8e0e7070,inner_mongolia_wuhai_2022.txt,text/plain,2023-09-15,2023-09-15,2022-12-31,2026-08-01T00:00:00+08:00,cc2bc5a931df5dbaedba64f2124b6fd63c2eea54d1dbd52fc4d20469f06d2535,archive://national-prefecture-panel/raw/province_debt/2022/official/inner_mongolia_wuhai_2022.txt,internal_object,raw/province_debt/2022/official/inner_mongolia_wuhai_2022.txt,,A2,200,官方附件已归档,,官方全市决算表的全市行原名为“乌海市市”，直接列示余额254.41亿元，其中一般175.24亿元、专项79.17亿元。
SRC-OFFICIAL-DEBT-INNER-MONGOLIA-WUHAI-2023,乌海市政府（内蒙古自治区财政厅集中预算公开平台）,市级,2023年乌海市决算债务债券公开,official_attachment,inner_mongolia_wuhai_2023.txt,地方政府债务限额及余额公开表,https://czt.nmg.gov.cn/yjs/business/article/select/09f9d4c5674087a3696bf501c55c3689,https://czt.nmg.gov.cn/yjs/business/article/select/09f9d4c5674087a3696bf501c55c3689,https://czt.nmg.gov.cn/yjs/business/file/download/b5b4d098101f4d7197893831a535fca2,https://czt.nmg.gov.cn/yjs/business/article/select/09f9d4c5674087a3696bf501c55c3689,https://czt.nmg.gov.cn/yjs/business/file/download/b5b4d098101f4d7197893831a535fca2,inner_mongolia_wuhai_2023.txt,text/plain,2024-10-15,2024-10-15,2023-12-31,2026-08-01T00:00:00+08:00,770e088c93f491d2e53aa21b87944e3781278246645f002475c5d857ed4fb620,archive://national-prefecture-panel/raw/province_debt/2023/official/inner_mongolia_wuhai_2023.txt,internal_object,raw/province_debt/2023/official/inner_mongolia_wuhai_2023.txt,,A2,200,官方附件已归档,,官方全市决算表的全市行原名为“乌海市市”，直接列示余额289.131亿元，其中一般201.6942亿元、专项87.4368亿元。
SRC-OFFICIAL-DEBT-INNER-MONGOLIA-WUHAI-2024,乌海市政府（内蒙古自治区财政厅集中预算公开平台）,市级,2024年乌海市决算债务债券公开,official_attachment,inner_mongolia_wuhai_2024.txt,地方政府债务限额及余额公开表,https://czt.nmg.gov.cn/yjs/business/article/select/bc3c49055578d6005441f98f09072875,https://czt.nmg.gov.cn/yjs/business/article/select/bc3c49055578d6005441f98f09072875,https://czt.nmg.gov.cn/yjs/business/file/download/ce228fc637d44980a01b62a825fca077,https://czt.nmg.gov.cn/yjs/business/article/select/bc3c49055578d6005441f98f09072875,https://czt.nmg.gov.cn/yjs/business/file/download/ce228fc637d44980a01b62a825fca077,inner_mongolia_wuhai_2024.txt,text/plain,2025-09-17,2025-09-17,2024-12-31,2026-08-01T00:00:00+08:00,dedf28ec678d43e3964c833a004d76fb6f87292b5d8afdacf9b491a4a0647390,archive://national-prefecture-panel/raw/province_debt/2024/official/inner_mongolia_wuhai_2024.txt,internal_object,raw/province_debt/2024/official/inner_mongolia_wuhai_2024.txt,,A2,200,官方附件已归档,,官方全市决算表的全市行原名为“乌海市市”，直接列示余额320.6258亿元，其中一般210.5604亿元、专项110.0654亿元。
SRC-OFFICIAL-DEBT-HEBEI-XIONGAN-2024,雄安新区管理委员会,新区财政部门,第一部分 2024年区本级财政决算（雄安新区政府债务分地区限额及余额情况表）,official_attachment,xiongan_2024_debt_total6.txt,地方政府债务限额及余额公开表,https://www.xiongan.gov.cn/20250815/55ee154e81654d3bbc6989f33626347f/2025081555ee154e81654d3bbc6989f33626347f_47592039206d8e429191c8781b353f1572.pdf,https://www.xiongan.gov.cn/20250815/55ee154e81654d3bbc6989f33626347f/2025081555ee154e81654d3bbc6989f33626347f_47592039206d8e429191c8781b353f1572.pdf,https://www.xiongan.gov.cn/20250815/55ee154e81654d3bbc6989f33626347f/2025081555ee154e81654d3bbc6989f33626347f_47592039206d8e429191c8781b353f1572.pdf,https://www.xiongan.gov.cn/20250815/55ee154e81654d3bbc6989f33626347f/2025081555ee154e81654d3bbc6989f33626347f_47592039206d8e429191c8781b353f1572.pdf,https://www.xiongan.gov.cn/20250815/55ee154e81654d3bbc6989f33626347f/2025081555ee154e81654d3bbc6989f33626347f_47592039206d8e429191c8781b353f1572.pdf,xiongan_2024_debt_total6.txt,text/plain,2025-08-15,2025-08-15,2024-12-31,2026-08-01T00:00:00+08:00,3ba9abda8b82187e8995f06f99d35a158fcec507fef1b470bee5a74c0b7fc35f,archive://national-prefecture-panel/raw/province_debt/2024/official/xiongan_2024_debt_total6.txt,internal_object,raw/province_debt/2024/official/xiongan_2024_debt_total6.txt,,A1,200,官方附件已归档,,雄安新区官方决算附件列示新区合计全域口径：2024年债务限额2633.23亿元、年末余额2625.21亿元，并拆分一般/专项债务。
SRC-OFFICIAL-DEBT-HEBEI-XIONGAN-2025,雄安新区管理委员会,市级,2026年雄安新区政府预算公开（附表19）,official_attachment,xiongan_2025_debt_total6.txt,地方政府债务限额及余额公开表,https://www.xiongan.gov.cn/20260206/a8e0bdddb0a84c6b9c9b516640f1c3ee/20260206a8e0bdddb0a84c6b9c9b516640f1c3ee_570763fe79ea54428b9fa5c41c55b9e50c.pdf,https://www.xiongan.gov.cn/20260206/a8e0bdddb0a84c6b9c9b516640f1c3ee/20260206a8e0bdddb0a84c6b9c9b516640f1c3ee_570763fe79ea54428b9fa5c41c55b9e50c.pdf,https://www.xiongan.gov.cn/20260206/a8e0bdddb0a84c6b9c9b516640f1c3ee/20260206a8e0bdddb0a84c6b9c9b516640f1c3ee_570763fe79ea54428b9fa5c41c55b9e50c.pdf,https://www.xiongan.gov.cn/20260206/a8e0bdddb0a84c6b9c9b516640f1c3ee/20260206a8e0bdddb0a84c6b9c9b516640f1c3ee_570763fe79ea54428b9fa5c41c55b9e50c.pdf,https://www.xiongan.gov.cn/20260206/a8e0bdddb0a84c6b9c9b516640f1c3ee/20260206a8e0bdddb0a84c6b9c9b516640f1c3ee_570763fe79ea54428b9fa5c41c55b9e50c.pdf,xiongan_2025_debt_total6.txt,text/plain,2026-02-06,2026-02-06,2025-12-31,2026-08-01T00:00:00+08:00,bfdf2cd44628ea4c46785b4fd94c3c257e4ec329cb594592498671c55c5fba92,archive://national-prefecture-panel/raw/province_debt/2025/official/xiongan_2025_debt_total6.txt,internal_object,raw/province_debt/2025/official/xiongan_2025_debt_total6.txt,,A2,200,官方附件已归档,,雄安新区官方预算公开附表逐行披露新区全域2025年地方政府债务限额及年末余额，并列示一般/专项分项。
SRC-SECONDARY-DEBT-SHAANXI-XIAN-2022,西安市人民政府（公开转载）,市级,关于西安市2022年预算执行情况和2023年预算草案的报告,official_attachment,xian_2022_debt_balance3.txt,地方政府债务限额及余额公开表,https://www.gcs66.com/document_detail/114159.html,https://www.gcs66.com/document_detail/114159.html,https://www.gcs66.com/document_detail/114159.html,https://www.gcs66.com/document_detail/114159.html,https://www.gcs66.com/document_detail/114159.html,xian_2022_debt_balance3.txt,text/plain,2023-01-12,2023-01-12,2022-12-31,2026-08-01T00:00:00+08:00,8ed01639c6cff556e40a1f8e34b3da7cd4b2be641c86af9c80bb2ace648872eb,archive://national-prefecture-panel/raw/province_debt/2022/official/xian_2022_debt_balance3.txt,internal_object,raw/province_debt/2022/official/xian_2022_debt_balance3.txt,,B2,200,官方附件已归档,,公开转载的西安市政府预算报告明确披露全市口径2022年末限额、一般/专项限额及余额；原始报告数值与公开评级材料交叉一致。
SRC-OFFICIAL-DEBT-HUBEI-WUHAN-2022,武汉市财政局,市级,武汉市2022年政府债务决算公开情况说明,official_attachment,wuhan_2022_debt_total6.txt,地方政府债务限额及余额公开表,https://czj.wuhan.gov.cn/FBJD/XXGKML/CZGK/CZYJS/202309/P020230927552834107848.pdf,https://czj.wuhan.gov.cn/FBJD/XXGKML/CZGK/CZYJS/202309/P020230927552834107848.pdf,https://czj.wuhan.gov.cn/FBJD/XXGKML/CZGK/CZYJS/202309/P020230927552834107848.pdf,https://czj.wuhan.gov.cn/FBJD/XXGKML/CZGK/CZYJS/202309/P020230927552834107848.pdf,https://czj.wuhan.gov.cn/FBJD/XXGKML/CZGK/CZYJS/202309/P020230927552834107848.pdf,wuhan_2022_debt_total6.txt,text/plain,2023-09-27,2023-09-27,2022-12-31,2026-08-01T00:00:00+08:00,82c1400e08c930936fad91238a73f1fc1cde6d08cf6b3e7e9cc1429430aeee9a,archive://national-prefecture-panel/raw/province_debt/2022/official/wuhan_2022_debt_total6.txt,internal_object,raw/province_debt/2022/official/wuhan_2022_debt_total6.txt,,A2,200,官方附件已归档,,武汉市财政局官方决算公开表披露全市限额、一般/专项限额和余额；原表为万元，本地转录后换算为亿元。
SRC-OFFICIAL-DEBT-ZHEJIANG-HANGZHOU-2022,杭州市人民政府,市级,关于杭州市及市本级2022年预算执行情况和2023年预算草案的报告（摘要）,official_attachment,hangzhou_2022_debt_total.txt,地方政府债务限额及余额公开表,https://z.hangzhou.com.cn/2023/hzlh/content/content_8480240.html,https://z.hangzhou.com.cn/2023/hzlh/content/content_8480240.html,https://z.hangzhou.com.cn/2023/hzlh/content/content_8480240.html,https://z.hangzhou.com.cn/2023/hzlh/content/content_8480240.html,https://z.hangzhou.com.cn/2023/hzlh/content/content_8480240.html,hangzhou_2022_debt_total.txt,text/plain,2023-02-01,2023-02-01,2022-12-31,2026-08-01T00:00:00+08:00,39ba57bf40ee875190b118cbd78c669329d4339019d2e57f3b5eed29f21ddf3f,archive://national-prefecture-panel/raw/province_debt/2022/official/hangzhou_2022_debt_total.txt,internal_object,raw/province_debt/2022/official/hangzhou_2022_debt_total.txt,,A2,200,官方附件已归档,,杭州市政府公开预算报告明确披露全市口径2022年末地方政府债务余额；材料未在本地摘录中同时列示可用的全市一般/专项拆分和限额，相关字段保留为空。
SRC-OFFICIAL-DEBT-FUJIAN-QUANZHOU-2022,泉州市人民政府,市级,关于泉州市2022年预算执行情况与2023年预算草案的报告,official_attachment,quanzhou_2022_debt_total.txt,地方政府债务限额及余额公开表,https://quanzhou.gov.cn/zfb/xxgk/ztxxgk/czzj/zfzw/202302/t20230203_2843557.htm,https://quanzhou.gov.cn/zfb/xxgk/ztxxgk/czzj/zfzw/202302/t20230203_2843557.htm,https://quanzhou.gov.cn/zfb/xxgk/ztxxgk/czzj/zfzw/202302/t20230203_2843557.htm,https://quanzhou.gov.cn/zfb/xxgk/ztxxgk/czzj/zfzw/202302/t20230203_2843557.htm,https://quanzhou.gov.cn/zfb/xxgk/ztxxgk/czzj/zfzw/202302/t20230203_2843557.htm,quanzhou_2022_debt_total.txt,text/plain,2023-02-03,2023-02-03,2022-12-31,2026-08-01T00:00:00+08:00,a2c2434292444c4187ab489e8de40cd0cc2499af33180832f1d4d2f9c4ce2f22,archive://national-prefecture-panel/raw/province_debt/2022/official/quanzhou_2022_debt_total.txt,internal_object,raw/province_debt/2022/official/quanzhou_2022_debt_total.txt,,A2,200,官方附件已归档,,泉州市政府公开预算报告附件明确列示2022年末全市政府债务余额；本地摘录未同时列示全市一般/专项拆分和限额，相关字段保留为空。
SRC-SECONDARY-DEBT-ZHEJIANG-WENZHOU-2022,粤开证券研究院,证券公司研究报告,粤开证券：311个地市州政府债务全景（2022）,official_attachment,wenzhou_2022_debt_total.txt,地方政府债务限额及余额公开表,https://finance.sina.cn/2023-02-27/detail-imyiavcf4892205.d.html?vt=4,https://finance.sina.cn/2023-02-27/detail-imyiavcf4892205.d.html?vt=4,https://finance.sina.cn/2023-02-27/detail-imyiavcf4892205.d.html?vt=4,https://finance.sina.cn/2023-02-27/detail-imyiavcf4892205.d.html?vt=4,https://finance.sina.cn/2023-02-27/detail-imyiavcf4892205.d.html?vt=4,wenzhou_2022_debt_total.txt,text/plain,2023-02-27,2023-02-27,2022-12-31,2026-08-01T00:00:00+08:00,f92632abb04409ff1acda5806f0452c609aef8e8e37b3f585cecf45b22dc86be,archive://national-prefecture-panel/raw/province_debt/2022/official/wenzhou_2022_debt_total.txt,internal_object,raw/province_debt/2022/official/wenzhou_2022_debt_total.txt,,B2,200,官方附件已归档,,证券研究报告明确列示温州市2022年全市地方政府债务余额；本条仅接入总余额，不反推一般债务和专项债务，未披露的限额字段保留为空。
SRC-SECONDARY-DEBT-HENAN-2023-CITY-TOTALS,中诚信国际信用评级有限责任公司,评级机构研究报告,2024年度洛阳国晟投资控股集团有限公司信用评级报告,official_attachment,henan_2023_rating_city_totals.txt,地方政府债务限额及余额公开表,https://qxb-pdf-osscache.qixin.com/AnBaseinfo/875a44dd1873f2462097b2303684708c.pdf,https://qxb-pdf-osscache.qixin.com/AnBaseinfo/875a44dd1873f2462097b2303684708c.pdf,https://qxb-pdf-osscache.qixin.com/AnBaseinfo/875a44dd1873f2462097b2303684708c.pdf,https://qxb-pdf-osscache.qixin.com/AnBaseinfo/875a44dd1873f2462097b2303684708c.pdf,https://qxb-pdf-osscache.qixin.com/AnBaseinfo/875a44dd1873f2462097b2303684708c.pdf,henan_2023_rating_city_totals.txt,text/plain,2024-07-12,2024-07-12,2023-12-31,2026-08-01T00:00:00+08:00,744874a2164be36b49b766498263980864cff562003b003bb272fa425815f1a1,archive://national-prefecture-panel/raw/province_debt/2023/official/henan_2023_rating_city_totals.txt,internal_object,raw/province_debt/2023/official/henan_2023_rating_city_totals.txt,,B2,200,官方附件已归档,,中诚信国际评级报告表2列示河南省18个地级行政单元2023年地方政府债务余额；报告注明依据公开资料整理，本条仅接入明确的全市/示范区总余额，不反推一般债务和专项债务。济源市映射至河南省直辖县级行政区划目标行。
SRC-SECONDARY-DEBT-SICHUAN-2023-TOP6,联合资信评估股份有限公司,评级机构研究报告,2024年四川省政府一般债券（三至五期）信用评级报告,official_attachment,sichuan_2023_rating_city_totals.txt,地方政府债务限额及余额公开表,https://czt.sc.gov.cn/scczt/tzgg/2024/9/4/5c7775b28fe04a8f95bf5579c0932496/files/2024%E5%B9%B4%E5%9B%9B%E5%B7%9D%E7%9C%81%E6%94%BF%E5%BA%9C%E4%B8%80%E8%88%AC%E5%80%BA%E5%88%B8%EF%BC%88%E4%B8%89%E8%87%B3%E4%BA%94%E6%9C%9F%EF%BC%89%E4%BF%A1%E7%94%A8%E8%AF%84%E7%BA%A7%E6%8A%A5%E5%91%8A.pdf,https://czt.sc.gov.cn/scczt/tzgg/2024/9/4/5c7775b28fe04a8f95bf5579c0932496/files/2024%E5%B9%B4%E5%9B%9B%E5%B7%9D%E7%9C%81%E6%94%BF%E5%BA%9C%E4%B8%80%E8%88%AC%E5%80%BA%E5%88%B8%EF%BC%88%E4%B8%89%E8%87%B3%E4%BA%94%E6%9C%9F%EF%BC%89%E4%BF%A1%E7%94%A8%E8%AF%84%E7%BA%A7%E6%8A%A5%E5%91%8A.pdf,https://czt.sc.gov.cn/scczt/tzgg/2024/9/4/5c7775b28fe04a8f95bf5579c0932496/files/2024%E5%B9%B4%E5%9B%9B%E5%B7%9D%E7%9C%81%E6%94%BF%E5%BA%9C%E4%B8%80%E8%88%AC%E5%80%BA%E5%88%B8%EF%BC%88%E4%B8%89%E8%87%B3%E4%BA%94%E6%9C%9F%EF%BC%89%E4%BF%A1%E7%94%A8%E8%AF%84%E7%BA%A7%E6%8A%A5%E5%91%8A.pdf,https://czt.sc.gov.cn/scczt/tzgg/2024/9/4/5c7775b28fe04a8f95bf5579c0932496/files/2024%E5%B9%B4%E5%9B%9B%E5%B7%9D%E7%9C%81%E6%94%BF%E5%BA%9C%E4%B8%80%E8%88%AC%E5%80%BA%E5%88%B8%EF%BC%88%E4%B8%89%E8%87%B3%E4%BA%94%E6%9C%9F%EF%BC%89%E4%BF%A1%E7%94%A8%E8%AF%84%E7%BA%A7%E6%8A%A5%E5%91%8A.pdf,https://czt.sc.gov.cn/scczt/tzgg/2024/9/4/5c7775b28fe04a8f95bf5579c0932496/files/2024%E5%B9%B4%E5%9B%9B%E5%B7%9D%E7%9C%81%E6%94%BF%E5%BA%9C%E4%B8%80%E8%88%AC%E5%80%BA%E5%88%B8%EF%BC%88%E4%B8%89%E8%87%B3%E4%BA%94%E6%9C%9F%EF%BC%89%E4%BF%A1%E7%94%A8%E8%AF%84%E7%BA%A7%E6%8A%A5%E5%91%8A.pdf,sichuan_2023_rating_city_totals.txt,text/plain,2024-09-04,2024-09-04,2023-12-31,2026-08-01T00:00:00+08:00,2fe467aaa2c364cbf2670b84e9e711567d1c3bffd21382e5d800c0a803210d8b,archive://national-prefecture-panel/raw/province_debt/2023/official/sichuan_2023_rating_city_totals.txt,internal_object,raw/province_debt/2023/official/sichuan_2023_rating_city_totals.txt,,B2,200,官方附件已归档,,四川省财政厅公开的政府债券评级报告正文明确列示6个重点市州2023年末政府债务余额；仅接入全市/全州总余额，不反推一般债务和专项债务，其余市州保留缺失。
SRC-CELMA-API-DEBT-2102-2021,中国地方政府债券信息公开平台,中央平台,中国地方政府债券信息公开平台年度债务余额接口（大连市）,official_attachment,central_api_2102.txt,地方政府债务限额及余额公开表,https://www.governbond.org.cn:4443/api/loadBondData.action,https://www.governbond.org.cn:4443/api/loadBondData.action,https://www.governbond.org.cn:4443/api/loadBondData.action,https://www.governbond.org.cn:4443/api/loadBondData.action,https://www.governbond.org.cn:4443/api/loadBondData.action,central_api_2102.txt,text/plain,2026-08-01,2026-08-01,2021-12-31,2026-08-01T00:00:00+08:00,8e9a58c12f2ab4a95a715c922ce8192d05c2a4684c38f3976d8af38dec7c9e5d,archive://national-prefecture-panel/raw/province_debt/2018/official/central_api_2102.txt,internal_object,raw/province_debt/2018/official/central_api_2102.txt,,A2,200,官方附件已归档,,平台查询参数 AD_CODE=2102、SET_YEAR=2021；仅返回余额三列，限额字段保留为空。
SRC-CELMA-API-DEBT-2102-2023,中国地方政府债券信息公开平台,中央平台,中国地方政府债券信息公开平台年度债务余额接口（大连市）,official_attachment,central_api_2102.txt,地方政府债务限额及余额公开表,https://www.governbond.org.cn:4443/api/loadBondData.action,https://www.governbond.org.cn:4443/api/loadBondData.action,https://www.governbond.org.cn:4443/api/loadBondData.action,https://www.governbond.org.cn:4443/api/loadBondData.action,https://www.governbond.org.cn:4443/api/loadBondData.action,central_api_2102.txt,text/plain,2026-08-01,2026-08-01,2023-12-31,2026-08-01T00:00:00+08:00,8e9a58c12f2ab4a95a715c922ce8192d05c2a4684c38f3976d8af38dec7c9e5d,archive://national-prefecture-panel/raw/province_debt/2018/official/central_api_2102.txt,internal_object,raw/province_debt/2018/official/central_api_2102.txt,,A2,200,官方附件已归档,,平台查询参数 AD_CODE=2102、SET_YEAR=2023；仅返回余额三列，限额字段保留为空。
SRC-CELMA-API-DEBT-3302-2018,中国地方政府债券信息公开平台,中央平台,中国地方政府债券信息公开平台年度债务余额接口（宁波市）,official_attachment,central_api_3302.txt,地方政府债务限额及余额公开表,https://www.governbond.org.cn:4443/api/loadBondData.action,https://www.governbond.org.cn:4443/api/loadBondData.action,https://www.governbond.org.cn:4443/api/loadBondData.action,https://www.governbond.org.cn:4443/api/loadBondData.action,https://www.governbond.org.cn:4443/api/loadBondData.action,central_api_3302.txt,text/plain,2026-08-01,2026-08-01,2018-12-31,2026-08-01T00:00:00+08:00,f2a7206354058a9ed4220e31906f19ab4907604c675f1d2dba5042ec281362a9,archive://national-prefecture-panel/raw/province_debt/2018/official/central_api_3302.txt,internal_object,raw/province_debt/2018/official/central_api_3302.txt,,A2,200,官方附件已归档,,平台查询参数 AD_CODE=3302、SET_YEAR=2018；仅返回余额三列，限额字段保留为空。
SRC-CELMA-API-DEBT-3302-2019,中国地方政府债券信息公开平台,中央平台,中国地方政府债券信息公开平台年度债务余额接口（宁波市）,official_attachment,central_api_3302.txt,地方政府债务限额及余额公开表,https://www.governbond.org.cn:4443/api/loadBondData.action,https://www.governbond.org.cn:4443/api/loadBondData.action,https://www.governbond.org.cn:4443/api/loadBondData.action,https://www.governbond.org.cn:4443/api/loadBondData.action,https://www.governbond.org.cn:4443/api/loadBondData.action,central_api_3302.txt,text/plain,2026-08-01,2026-08-01,2019-12-31,2026-08-01T00:00:00+08:00,f2a7206354058a9ed4220e31906f19ab4907604c675f1d2dba5042ec281362a9,archive://national-prefecture-panel/raw/province_debt/2018/official/central_api_3302.txt,internal_object,raw/province_debt/2018/official/central_api_3302.txt,,A2,200,官方附件已归档,,平台查询参数 AD_CODE=3302、SET_YEAR=2019；仅返回余额三列，限额字段保留为空。
SRC-CELMA-API-DEBT-3302-2020,中国地方政府债券信息公开平台,中央平台,中国地方政府债券信息公开平台年度债务余额接口（宁波市）,official_attachment,central_api_3302.txt,地方政府债务限额及余额公开表,https://www.governbond.org.cn:4443/api/loadBondData.action,https://www.governbond.org.cn:4443/api/loadBondData.action,https://www.governbond.org.cn:4443/api/loadBondData.action,https://www.governbond.org.cn:4443/api/loadBondData.action,https://www.governbond.org.cn:4443/api/loadBondData.action,central_api_3302.txt,text/plain,2026-08-01,2026-08-01,2020-12-31,2026-08-01T00:00:00+08:00,f2a7206354058a9ed4220e31906f19ab4907604c675f1d2dba5042ec281362a9,archive://national-prefecture-panel/raw/province_debt/2018/official/central_api_3302.txt,internal_object,raw/province_debt/2018/official/central_api_3302.txt,,A2,200,官方附件已归档,,平台查询参数 AD_CODE=3302、SET_YEAR=2020；仅返回余额三列，限额字段保留为空。
SRC-CELMA-API-DEBT-3302-2021,中国地方政府债券信息公开平台,中央平台,中国地方政府债券信息公开平台年度债务余额接口（宁波市）,official_attachment,central_api_3302.txt,地方政府债务限额及余额公开表,https://www.governbond.org.cn:4443/api/loadBondData.action,https://www.governbond.org.cn:4443/api/loadBondData.action,https://www.governbond.org.cn:4443/api/loadBondData.action,https://www.governbond.org.cn:4443/api/loadBondData.action,https://www.governbond.org.cn:4443/api/loadBondData.action,central_api_3302.txt,text/plain,2026-08-01,2026-08-01,2021-12-31,2026-08-01T00:00:00+08:00,f2a7206354058a9ed4220e31906f19ab4907604c675f1d2dba5042ec281362a9,archive://national-prefecture-panel/raw/province_debt/2018/official/central_api_3302.txt,internal_object,raw/province_debt/2018/official/central_api_3302.txt,,A2,200,官方附件已归档,,平台查询参数 AD_CODE=3302、SET_YEAR=2021；仅返回余额三列，限额字段保留为空。
SRC-CELMA-API-DEBT-3302-2022,中国地方政府债券信息公开平台,中央平台,中国地方政府债券信息公开平台年度债务余额接口（宁波市）,official_attachment,central_api_3302.txt,地方政府债务限额及余额公开表,https://www.governbond.org.cn:4443/api/loadBondData.action,https://www.governbond.org.cn:4443/api/loadBondData.action,https://www.governbond.org.cn:4443/api/loadBondData.action,https://www.governbond.org.cn:4443/api/loadBondData.action,https://www.governbond.org.cn:4443/api/loadBondData.action,central_api_3302.txt,text/plain,2026-08-01,2026-08-01,2022-12-31,2026-08-01T00:00:00+08:00,f2a7206354058a9ed4220e31906f19ab4907604c675f1d2dba5042ec281362a9,archive://national-prefecture-panel/raw/province_debt/2018/official/central_api_3302.txt,internal_object,raw/province_debt/2018/official/central_api_3302.txt,,A2,200,官方附件已归档,,平台查询参数 AD_CODE=3302、SET_YEAR=2022；仅返回余额三列，限额字段保留为空。
SRC-CELMA-API-DEBT-3302-2023,中国地方政府债券信息公开平台,中央平台,中国地方政府债券信息公开平台年度债务余额接口（宁波市）,official_attachment,central_api_3302.txt,地方政府债务限额及余额公开表,https://www.governbond.org.cn:4443/api/loadBondData.action,https://www.governbond.org.cn:4443/api/loadBondData.action,https://www.governbond.org.cn:4443/api/loadBondData.action,https://www.governbond.org.cn:4443/api/loadBondData.action,https://www.governbond.org.cn:4443/api/loadBondData.action,central_api_3302.txt,text/plain,2026-08-01,2026-08-01,2023-12-31,2026-08-01T00:00:00+08:00,f2a7206354058a9ed4220e31906f19ab4907604c675f1d2dba5042ec281362a9,archive://national-prefecture-panel/raw/province_debt/2018/official/central_api_3302.txt,internal_object,raw/province_debt/2018/official/central_api_3302.txt,,A2,200,官方附件已归档,,平台查询参数 AD_CODE=3302、SET_YEAR=2023；仅返回余额三列，限额字段保留为空。
SRC-CELMA-API-DEBT-3502-2018,中国地方政府债券信息公开平台,中央平台,中国地方政府债券信息公开平台年度债务余额接口（厦门市）,official_attachment,central_api_3502.txt,地方政府债务限额及余额公开表,https://www.governbond.org.cn:4443/api/loadBondData.action,https://www.governbond.org.cn:4443/api/loadBondData.action,https://www.governbond.org.cn:4443/api/loadBondData.action,https://www.governbond.org.cn:4443/api/loadBondData.action,https://www.governbond.org.cn:4443/api/loadBondData.action,central_api_3502.txt,text/plain,2026-08-01,2026-08-01,2018-12-31,2026-08-01T00:00:00+08:00,b6d31fba49db6162d29d1120b65ac3895b187015992a3455ff6c192dbdea41ec,archive://national-prefecture-panel/raw/province_debt/2018/official/central_api_3502.txt,internal_object,raw/province_debt/2018/official/central_api_3502.txt,,A2,200,官方附件已归档,,平台查询参数 AD_CODE=3502、SET_YEAR=2018；仅返回余额三列，限额字段保留为空。
SRC-CELMA-API-DEBT-3502-2019,中国地方政府债券信息公开平台,中央平台,中国地方政府债券信息公开平台年度债务余额接口（厦门市）,official_attachment,central_api_3502.txt,地方政府债务限额及余额公开表,https://www.governbond.org.cn:4443/api/loadBondData.action,https://www.governbond.org.cn:4443/api/loadBondData.action,https://www.governbond.org.cn:4443/api/loadBondData.action,https://www.governbond.org.cn:4443/api/loadBondData.action,https://www.governbond.org.cn:4443/api/loadBondData.action,central_api_3502.txt,text/plain,2026-08-01,2026-08-01,2019-12-31,2026-08-01T00:00:00+08:00,b6d31fba49db6162d29d1120b65ac3895b187015992a3455ff6c192dbdea41ec,archive://national-prefecture-panel/raw/province_debt/2018/official/central_api_3502.txt,internal_object,raw/province_debt/2018/official/central_api_3502.txt,,A2,200,官方附件已归档,,平台查询参数 AD_CODE=3502、SET_YEAR=2019；仅返回余额三列，限额字段保留为空。
SRC-CELMA-API-DEBT-3502-2020,中国地方政府债券信息公开平台,中央平台,中国地方政府债券信息公开平台年度债务余额接口（厦门市）,official_attachment,central_api_3502.txt,地方政府债务限额及余额公开表,https://www.governbond.org.cn:4443/api/loadBondData.action,https://www.governbond.org.cn:4443/api/loadBondData.action,https://www.governbond.org.cn:4443/api/loadBondData.action,https://www.governbond.org.cn:4443/api/loadBondData.action,https://www.governbond.org.cn:4443/api/loadBondData.action,central_api_3502.txt,text/plain,2026-08-01,2026-08-01,2020-12-31,2026-08-01T00:00:00+08:00,b6d31fba49db6162d29d1120b65ac3895b187015992a3455ff6c192dbdea41ec,archive://national-prefecture-panel/raw/province_debt/2018/official/central_api_3502.txt,internal_object,raw/province_debt/2018/official/central_api_3502.txt,,A2,200,官方附件已归档,,平台查询参数 AD_CODE=3502、SET_YEAR=2020；仅返回余额三列，限额字段保留为空。
SRC-CELMA-API-DEBT-3502-2021,中国地方政府债券信息公开平台,中央平台,中国地方政府债券信息公开平台年度债务余额接口（厦门市）,official_attachment,central_api_3502.txt,地方政府债务限额及余额公开表,https://www.governbond.org.cn:4443/api/loadBondData.action,https://www.governbond.org.cn:4443/api/loadBondData.action,https://www.governbond.org.cn:4443/api/loadBondData.action,https://www.governbond.org.cn:4443/api/loadBondData.action,https://www.governbond.org.cn:4443/api/loadBondData.action,central_api_3502.txt,text/plain,2026-08-01,2026-08-01,2021-12-31,2026-08-01T00:00:00+08:00,b6d31fba49db6162d29d1120b65ac3895b187015992a3455ff6c192dbdea41ec,archive://national-prefecture-panel/raw/province_debt/2018/official/central_api_3502.txt,internal_object,raw/province_debt/2018/official/central_api_3502.txt,,A2,200,官方附件已归档,,平台查询参数 AD_CODE=3502、SET_YEAR=2021；仅返回余额三列，限额字段保留为空。
SRC-CELMA-API-DEBT-3502-2022,中国地方政府债券信息公开平台,中央平台,中国地方政府债券信息公开平台年度债务余额接口（厦门市）,official_attachment,central_api_3502.txt,地方政府债务限额及余额公开表,https://www.governbond.org.cn:4443/api/loadBondData.action,https://www.governbond.org.cn:4443/api/loadBondData.action,https://www.governbond.org.cn:4443/api/loadBondData.action,https://www.governbond.org.cn:4443/api/loadBondData.action,https://www.governbond.org.cn:4443/api/loadBondData.action,central_api_3502.txt,text/plain,2026-08-01,2026-08-01,2022-12-31,2026-08-01T00:00:00+08:00,b6d31fba49db6162d29d1120b65ac3895b187015992a3455ff6c192dbdea41ec,archive://national-prefecture-panel/raw/province_debt/2018/official/central_api_3502.txt,internal_object,raw/province_debt/2018/official/central_api_3502.txt,,A2,200,官方附件已归档,,平台查询参数 AD_CODE=3502、SET_YEAR=2022；仅返回余额三列，限额字段保留为空。
SRC-CELMA-API-DEBT-3502-2023,中国地方政府债券信息公开平台,中央平台,中国地方政府债券信息公开平台年度债务余额接口（厦门市）,official_attachment,central_api_3502.txt,地方政府债务限额及余额公开表,https://www.governbond.org.cn:4443/api/loadBondData.action,https://www.governbond.org.cn:4443/api/loadBondData.action,https://www.governbond.org.cn:4443/api/loadBondData.action,https://www.governbond.org.cn:4443/api/loadBondData.action,https://www.governbond.org.cn:4443/api/loadBondData.action,central_api_3502.txt,text/plain,2026-08-01,2026-08-01,2023-12-31,2026-08-01T00:00:00+08:00,b6d31fba49db6162d29d1120b65ac3895b187015992a3455ff6c192dbdea41ec,archive://national-prefecture-panel/raw/province_debt/2018/official/central_api_3502.txt,internal_object,raw/province_debt/2018/official/central_api_3502.txt,,A2,200,官方附件已归档,,平台查询参数 AD_CODE=3502、SET_YEAR=2023；仅返回余额三列，限额字段保留为空。
SRC-CELMA-API-DEBT-3702-2018,中国地方政府债券信息公开平台,中央平台,中国地方政府债券信息公开平台年度债务余额接口（青岛市）,official_attachment,central_api_3702.txt,地方政府债务限额及余额公开表,https://www.governbond.org.cn:4443/api/loadBondData.action,https://www.governbond.org.cn:4443/api/loadBondData.action,https://www.governbond.org.cn:4443/api/loadBondData.action,https://www.governbond.org.cn:4443/api/loadBondData.action,https://www.governbond.org.cn:4443/api/loadBondData.action,central_api_3702.txt,text/plain,2026-08-01,2026-08-01,2018-12-31,2026-08-01T00:00:00+08:00,c34f3ce08e32edbe58d28b2ebf518b3f138bdf43c9049e84fbd458bd71f8b82f,archive://national-prefecture-panel/raw/province_debt/2018/official/central_api_3702.txt,internal_object,raw/province_debt/2018/official/central_api_3702.txt,,A2,200,官方附件已归档,,平台查询参数 AD_CODE=3702、SET_YEAR=2018；仅返回余额三列，限额字段保留为空。
SRC-CELMA-API-DEBT-3702-2019,中国地方政府债券信息公开平台,中央平台,中国地方政府债券信息公开平台年度债务余额接口（青岛市）,official_attachment,central_api_3702.txt,地方政府债务限额及余额公开表,https://www.governbond.org.cn:4443/api/loadBondData.action,https://www.governbond.org.cn:4443/api/loadBondData.action,https://www.governbond.org.cn:4443/api/loadBondData.action,https://www.governbond.org.cn:4443/api/loadBondData.action,https://www.governbond.org.cn:4443/api/loadBondData.action,central_api_3702.txt,text/plain,2026-08-01,2026-08-01,2019-12-31,2026-08-01T00:00:00+08:00,c34f3ce08e32edbe58d28b2ebf518b3f138bdf43c9049e84fbd458bd71f8b82f,archive://national-prefecture-panel/raw/province_debt/2018/official/central_api_3702.txt,internal_object,raw/province_debt/2018/official/central_api_3702.txt,,A2,200,官方附件已归档,,平台查询参数 AD_CODE=3702、SET_YEAR=2019；仅返回余额三列，限额字段保留为空。
SRC-CELMA-API-DEBT-3702-2020,中国地方政府债券信息公开平台,中央平台,中国地方政府债券信息公开平台年度债务余额接口（青岛市）,official_attachment,central_api_3702.txt,地方政府债务限额及余额公开表,https://www.governbond.org.cn:4443/api/loadBondData.action,https://www.governbond.org.cn:4443/api/loadBondData.action,https://www.governbond.org.cn:4443/api/loadBondData.action,https://www.governbond.org.cn:4443/api/loadBondData.action,https://www.governbond.org.cn:4443/api/loadBondData.action,central_api_3702.txt,text/plain,2026-08-01,2026-08-01,2020-12-31,2026-08-01T00:00:00+08:00,c34f3ce08e32edbe58d28b2ebf518b3f138bdf43c9049e84fbd458bd71f8b82f,archive://national-prefecture-panel/raw/province_debt/2018/official/central_api_3702.txt,internal_object,raw/province_debt/2018/official/central_api_3702.txt,,A2,200,官方附件已归档,,平台查询参数 AD_CODE=3702、SET_YEAR=2020；仅返回余额三列，限额字段保留为空。
SRC-CELMA-API-DEBT-3702-2022,中国地方政府债券信息公开平台,中央平台,中国地方政府债券信息公开平台年度债务余额接口（青岛市）,official_attachment,central_api_3702.txt,地方政府债务限额及余额公开表,https://www.governbond.org.cn:4443/api/loadBondData.action,https://www.governbond.org.cn:4443/api/loadBondData.action,https://www.governbond.org.cn:4443/api/loadBondData.action,https://www.governbond.org.cn:4443/api/loadBondData.action,https://www.governbond.org.cn:4443/api/loadBondData.action,central_api_3702.txt,text/plain,2026-08-01,2026-08-01,2022-12-31,2026-08-01T00:00:00+08:00,c34f3ce08e32edbe58d28b2ebf518b3f138bdf43c9049e84fbd458bd71f8b82f,archive://national-prefecture-panel/raw/province_debt/2018/official/central_api_3702.txt,internal_object,raw/province_debt/2018/official/central_api_3702.txt,,A2,200,官方附件已归档,,平台查询参数 AD_CODE=3702、SET_YEAR=2022；仅返回余额三列，限额字段保留为空。
SRC-CELMA-API-DEBT-4403-2021,中国地方政府债券信息公开平台,中央平台,中国地方政府债券信息公开平台年度债务余额接口（深圳市）,official_attachment,central_api_4403.txt,地方政府债务限额及余额公开表,https://www.governbond.org.cn:4443/api/loadBondData.action,https://www.governbond.org.cn:4443/api/loadBondData.action,https://www.governbond.org.cn:4443/api/loadBondData.action,https://www.governbond.org.cn:4443/api/loadBondData.action,https://www.governbond.org.cn:4443/api/loadBondData.action,central_api_4403.txt,text/plain,2026-08-01,2026-08-01,2021-12-31,2026-08-01T00:00:00+08:00,1c8dd9aab5567b616e9dfb05a0b065d9e366475a228cf5bd432c41f7863dc7b2,archive://national-prefecture-panel/raw/province_debt/2021/official/central_api_4403.txt,internal_object,raw/province_debt/2021/official/central_api_4403.txt,,A2,200,官方附件已归档,,平台查询参数 AD_CODE=4403、SET_YEAR=2021；仅返回余额三列，限额字段保留为空。
SRC-CELMA-API-DEBT-4403-2022,中国地方政府债券信息公开平台,中央平台,中国地方政府债券信息公开平台年度债务余额接口（深圳市）,official_attachment,central_api_4403.txt,地方政府债务限额及余额公开表,https://www.governbond.org.cn:4443/api/loadBondData.action,https://www.governbond.org.cn:4443/api/loadBondData.action,https://www.governbond.org.cn:4443/api/loadBondData.action,https://www.governbond.org.cn:4443/api/loadBondData.action,https://www.governbond.org.cn:4443/api/loadBondData.action,central_api_4403.txt,text/plain,2026-08-01,2026-08-01,2022-12-31,2026-08-01T00:00:00+08:00,1c8dd9aab5567b616e9dfb05a0b065d9e366475a228cf5bd432c41f7863dc7b2,archive://national-prefecture-panel/raw/province_debt/2021/official/central_api_4403.txt,internal_object,raw/province_debt/2021/official/central_api_4403.txt,,A2,200,官方附件已归档,,平台查询参数 AD_CODE=4403、SET_YEAR=2022；仅返回余额三列，限额字段保留为空。
SRC-NEWS-DEBT-HAINAN-HAIKOU-2025,海南日报报业集团,省级新闻媒体（转述市级预算报告）,2026年，海口“钱袋子”将重点花在10个方面,official_attachment,haikou_2025_news.txt,地方政府债务限额及余额公开表,https://www.hndnews.com/p/737711.html,https://www.hndnews.com/p/737711.html,https://www.hndnews.com/p/737711.html,https://www.hndnews.com/p/737711.html,https://www.hndnews.com/p/737711.html,haikou_2025_news.txt,text/plain,2026-02-03,2026-02-03,2025-12-31,2026-08-01T00:00:00+08:00,c85f18a84965e206e6eb4ea4a27d12eccc20a2cc64689bb33dcb6b5be0d123ca,archive://national-prefecture-panel/raw/province_debt/2025/official/haikou_2025_news.txt,internal_object,raw/province_debt/2025/official/haikou_2025_news.txt,,C,200,官方附件已归档,,海南日报报业集团旗下媒体转述《海口市2025年预算执行情况和2026年预算草案的报告》，明确给出全市2025年末余额1376.8亿元，其中一般债务232.9亿元、专项债务1143.9亿元；因暂未取得市财政局原始附件，按C级新闻转述证据入库，保留来源等级。
SRC-OFFICIAL-DEBT-HEBEI-LANGFANG-2025,廊坊市财政局,地级市财政部门,廊坊市本级2026年政府预算公开（表21至27：政府债务公开情况）,official_attachment,langfang_2025_official_budget_debt.txt,地方政府债务限额及余额公开表,https://zhuanti.lf.gov.cn/Item/2827.aspx,https://zhuanti.lf.gov.cn/Item/2827.aspx,https://zhuanti.lf.gov.cn/Item/2827.aspx,https://zhuanti.lf.gov.cn/Item/2827.aspx,https://zhuanti.lf.gov.cn/Item/2827.aspx,langfang_2025_official_budget_debt.txt,text/plain,2026-02-09,2026-02-09,2025-12-31,2026-08-01T00:00:00+08:00,f1ff1794a706f87db08cda2f910c1b7ced61c98ea1358443fa0eafc66a643562,archive://national-prefecture-panel/raw/province_debt/2025/official/langfang_2025_official_budget_debt.txt,internal_object,raw/province_debt/2025/official/langfang_2025_official_budget_debt.txt,,A2,200,官方附件已归档,,廊坊市政府预算公开附件表21按全市口径列示2025年债务限额及余额，余额合计1460.05亿元，其中一般债务249.61亿元、专项债务1210.44亿元；不采用市本级行，保持prefecture_whole口径。
SRC-SECONDARY-DEBT-ANHUI-2018-CITY-TOTALS,联合资信评估股份有限公司,评级机构研究报告,安徽省地方政府债券信用评级报告,official_attachment,anhui_2018_rating_city_totals.txt,地方政府债务限额及余额公开表,https://www.lhratings.com/file/4cd7d764-2ae1-4b2b-a440-f8636edb3584.pdf,https://www.lhratings.com/file/4cd7d764-2ae1-4b2b-a440-f8636edb3584.pdf,https://www.lhratings.com/file/4cd7d764-2ae1-4b2b-a440-f8636edb3584.pdf,https://www.lhratings.com/file/4cd7d764-2ae1-4b2b-a440-f8636edb3584.pdf,https://www.lhratings.com/file/4cd7d764-2ae1-4b2b-a440-f8636edb3584.pdf,anhui_2018_rating_city_totals.txt,text/plain,2019-12-18,2019-12-18,2018-12-31,2026-08-01T00:00:00+08:00,8f348c0a3a05cec0e11a2844b15125a500f4c04498fad37688f5e2ae08264ee2,archive://national-prefecture-panel/raw/province_debt/2018/official/anhui_2018_rating_city_totals.txt,internal_object,raw/province_debt/2018/official/anhui_2018_rating_city_totals.txt,,B2,200,官方附件已归档,,联合资信评级报告依据各级政府财政预算报告整理并列示安徽省16个地级市2018年地方政府债务余额；该条为评级报告二手引用，未拆分一般债务和专项债务，仅接入总余额。
SRC-OFFICIAL-DEBT-SHANXI-JINCHENG-2025,晋城市财政局,地级市财政部门,晋城市2025年全市和市本级预算执行情况与2026年全市和市本级预算草案的报告,official_attachment,jincheng_2025_official_report.txt,地方政府债务限额及余额公开表,https://xxgk.jcgov.gov.cn/szfgzbm/jcsczj/fdzdgknr_31229/czyjsgk/zfys_czj/202603/P020260324646165200955.pdf,https://xxgk.jcgov.gov.cn/szfgzbm/jcsczj/fdzdgknr_31229/czyjsgk/zfys_czj/202603/P020260324646165200955.pdf,https://xxgk.jcgov.gov.cn/szfgzbm/jcsczj/fdzdgknr_31229/czyjsgk/zfys_czj/202603/P020260324646165200955.pdf,https://xxgk.jcgov.gov.cn/szfgzbm/jcsczj/fdzdgknr_31229/czyjsgk/zfys_czj/202603/P020260324646165200955.pdf,https://xxgk.jcgov.gov.cn/szfgzbm/jcsczj/fdzdgknr_31229/czyjsgk/zfys_czj/202603/P020260324646165200955.pdf,jincheng_2025_official_report.txt,text/plain,2026-02-06,2026-02-06,2025-12-31,2026-08-01T00:00:00+08:00,cb625cd452819893b7bbae5bcd10de0bcf9efc512280fd345fd16f3ab49ca26c,archive://national-prefecture-panel/raw/province_debt/2025/official/jincheng_2025_official_report.txt,internal_object,raw/province_debt/2025/official/jincheng_2025_official_report.txt,,A2,200,官方附件已归档,,官方预算执行报告披露2025年末全市地方政府债务限额及余额502.83亿元；报告正文未拆分一般债务与专项债务，因此仅入库法定债务余额，不推算分项。
SRC-OFFICIAL-DEBT-HEBEI-CHENGDE-2018,承德市财政局,市级,承德市及市本级2018年度财政总决算公开目录,official_attachment,chengde_2018_official_report.txt,地方政府债务限额及余额公开表,https://www.chengde.gov.cn/attach/0/c59d30b3b09341b195c2982e9a781cb4.pdf,https://www.chengde.gov.cn/attach/0/c59d30b3b09341b195c2982e9a781cb4.pdf,https://www.chengde.gov.cn/attach/0/c59d30b3b09341b195c2982e9a781cb4.pdf,https://www.chengde.gov.cn/attach/0/c59d30b3b09341b195c2982e9a781cb4.pdf,https://www.chengde.gov.cn/attach/0/c59d30b3b09341b195c2982e9a781cb4.pdf,chengde_2018_official_report.txt,text/plain,2019-09-01,2019-09-01,2018-12-31,2026-08-01T00:00:00+08:00,cf0a1dc71bb26528d2d335fc87474cbdb57b1b6a24a7242878c603394af3bb1c,archive://national-prefecture-panel/raw/province_debt/2018/official/chengde_2018_official_report.txt,internal_object,raw/province_debt/2018/official/chengde_2018_official_report.txt,,A2,200,官方附件已归档,,承德市官方财政决算公开资料披露本地区口径2018年末余额5010293万元，其中一般债务3195769万元、专项债务1814524万元。
SRC-OFFICIAL-DEBT-HEBEI-CHENGDE-2019,承德市财政局,市级,承德市2019年度财政决算公开资料,official_attachment,chengde_2019_official_report.txt,地方政府债务限额及余额公开表,https://www.chengde.gov.cn/attach/0/302b7e27f7d74b1bb3efba8452ff5866.pdf,https://www.chengde.gov.cn/attach/0/302b7e27f7d74b1bb3efba8452ff5866.pdf,https://www.chengde.gov.cn/attach/0/302b7e27f7d74b1bb3efba8452ff5866.pdf,https://www.chengde.gov.cn/attach/0/302b7e27f7d74b1bb3efba8452ff5866.pdf,https://www.chengde.gov.cn/attach/0/302b7e27f7d74b1bb3efba8452ff5866.pdf,chengde_2019_official_report.txt,text/plain,2020-09-01,2020-09-01,2019-12-31,2026-08-01T00:00:00+08:00,291e014f39f17fa08265a82fdaa159524c57616957d77af7315cc3bde4c6de31,archive://national-prefecture-panel/raw/province_debt/2019/official/chengde_2019_official_report.txt,internal_object,raw/province_debt/2019/official/chengde_2019_official_report.txt,,A2,200,官方附件已归档,,承德市官方财政决算公开资料披露本地区口径2019年末余额5430623万元，其中一般债务3337858万元、专项债务2092765万元。
SRC-OFFICIAL-DEBT-HEBEI-CHENGDE-2020,承德市财政局,市级,2020年度承德市本级和全市财政决算,official_attachment,chengde_2020_official_report.txt,地方政府债务限额及余额公开表,https://www.chengde.gov.cn/attach/0/a678fb1bb0304e9da03fdada85d00ce1.pdf,https://www.chengde.gov.cn/attach/0/a678fb1bb0304e9da03fdada85d00ce1.pdf,https://www.chengde.gov.cn/attach/0/a678fb1bb0304e9da03fdada85d00ce1.pdf,https://www.chengde.gov.cn/attach/0/a678fb1bb0304e9da03fdada85d00ce1.pdf,https://www.chengde.gov.cn/attach/0/a678fb1bb0304e9da03fdada85d00ce1.pdf,chengde_2020_official_report.txt,text/plain,2021-11-01,2021-11-01,2020-12-31,2026-08-01T00:00:00+08:00,86fe774a1cf292dc66de735e3a699c3d3ab97d3909990363ad69429013f41fbc,archive://national-prefecture-panel/raw/province_debt/2020/official/chengde_2020_official_report.txt,internal_object,raw/province_debt/2020/official/chengde_2020_official_report.txt,,A2,200,官方附件已归档,,承德市官方财政决算公开资料披露本地区口径2020年末余额6180654万元，其中一般债务3738610万元、专项债务2442044万元。
SRC-OFFICIAL-DEBT-HEBEI-CHENGDE-2022,承德市财政局,市级,承德市2022年度财政决算公开资料,official_attachment,chengde_2022_official_report.txt,地方政府债务限额及余额公开表,https://www.chengde.gov.cn/attach/0/4cab0a97547e40618cb5f3b1a722afdf.pdf,https://www.chengde.gov.cn/attach/0/4cab0a97547e40618cb5f3b1a722afdf.pdf,https://www.chengde.gov.cn/attach/0/4cab0a97547e40618cb5f3b1a722afdf.pdf,https://www.chengde.gov.cn/attach/0/4cab0a97547e40618cb5f3b1a722afdf.pdf,https://www.chengde.gov.cn/attach/0/4cab0a97547e40618cb5f3b1a722afdf.pdf,chengde_2022_official_report.txt,text/plain,2023-09-01,2023-09-01,2022-12-31,2026-08-01T00:00:00+08:00,d8c29278330c90718faf50b5f070597ff3fd1122ccae5d150a2d918a8c87ac36,archive://national-prefecture-panel/raw/province_debt/2022/official/chengde_2022_official_report.txt,internal_object,raw/province_debt/2022/official/chengde_2022_official_report.txt,,A2,200,官方附件已归档,,承德市官方财政决算公开资料披露本地区口径2022年末余额6870904万元，其中一般债务4023462万元、专项债务2847442万元。
SRC-SECONDARY-DEBT-SHANXI-YUNCHENG-2024,东方金诚国际信用评估有限公司,评级机构研究报告,运城市城市建设投资开发集团有限公司2025年度跟踪评级报告（区域债务数据）,official_attachment,yuncheng_2024_rating_total.txt,地方政府债务限额及余额公开表,https://www.chinamoney.org.cn/dqs/cm-s-notice-query/fileDownLoad.do?contentId=3164400&mode=save&priority=0,https://www.chinamoney.org.cn/dqs/cm-s-notice-query/fileDownLoad.do?contentId=3164400&mode=save&priority=0,https://www.chinamoney.org.cn/dqs/cm-s-notice-query/fileDownLoad.do?contentId=3164400&mode=save&priority=0,https://www.chinamoney.org.cn/dqs/cm-s-notice-query/fileDownLoad.do?contentId=3164400&mode=save&priority=0,https://www.chinamoney.org.cn/dqs/cm-s-notice-query/fileDownLoad.do?contentId=3164400&mode=save&priority=0,yuncheng_2024_rating_total.txt,text/plain,2025-11-28,2025-11-28,2024-12-31,2026-08-01T00:00:00+08:00,fd6193fe4a00f312f2975c18fa63a251beea175cf4875331fcdaa0b14ad618a0,archive://national-prefecture-panel/raw/province_debt/2024/official/yuncheng_2024_rating_total.txt,internal_object,raw/province_debt/2024/official/yuncheng_2024_rating_total.txt,,B2,200,官方附件已归档,,中国外汇交易中心公开的东方金诚评级附件披露截至2024年末运城市地方政府债务余额508.72亿元；报告未拆分一般债务和专项债务，因此仅接入总余额，不反推分项。
SRC-OFFICIAL-DEBT-SHANXI-JINCHENG-2024,晋城市财政局,市级,关于2024年全市和市本级预算执行情况与2025年全市和市本级预算草案的报告,official_attachment,jincheng_2024_official_budget_total.txt,地方政府债务限额及余额公开表,https://www.jcgov.gov.cn/zwgk/czxx_23406/zfys_24261/202503/P020250331600667491840.pdf,https://www.jcgov.gov.cn/zwgk/czxx_23406/zfys_24261/202503/P020250331600667491840.pdf,https://www.jcgov.gov.cn/zwgk/czxx_23406/zfys_24261/202503/P020250331600667491840.pdf,https://www.jcgov.gov.cn/zwgk/czxx_23406/zfys_24261/202503/P020250331600667491840.pdf,https://www.jcgov.gov.cn/zwgk/czxx_23406/zfys_24261/202503/P020250331600667491840.pdf,jincheng_2024_official_budget_total.txt,text/plain,2025-03-06,2025-03-06,2024-12-31,2026-08-01T00:00:00+08:00,9c2875ba65f1df8551e34c8ddadf81a68ecdca49fd77500723b3ca82e244adbd,archive://national-prefecture-panel/raw/province_debt/2024/official/jincheng_2024_official_budget_total.txt,internal_object,raw/province_debt/2024/official/jincheng_2024_official_budget_total.txt,,A2,200,官方附件已归档,,晋城市官方预算报告披露2024年底全市地方政府债券限额414.43亿元、余额411.92亿元；本条仅接入全市总余额，报告未在该段提供一般/专项分项。
SRC-SECONDARY-DEBT-GANSU-TIANSHUI-2024,东方金诚国际信用评估有限公司,评级机构研究报告,广西崇左市城市建设投资发展集团有限公司2025年度跟踪评级报告（同业比较区域债务数据）,official_attachment,tianshui_2024_rating_comparison.txt,地方政府债务限额及余额公开表,https://www.dfratings.com/uploads/files/2025/0620/gTwlYQIOpXpIe2gwzw6M9ZRlCDY3b4qGfPne15hg.pdf,https://www.dfratings.com/uploads/files/2025/0620/gTwlYQIOpXpIe2gwzw6M9ZRlCDY3b4qGfPne15hg.pdf,https://www.dfratings.com/uploads/files/2025/0620/gTwlYQIOpXpIe2gwzw6M9ZRlCDY3b4qGfPne15hg.pdf,https://www.dfratings.com/uploads/files/2025/0620/gTwlYQIOpXpIe2gwzw6M9ZRlCDY3b4qGfPne15hg.pdf,https://www.dfratings.com/uploads/files/2025/0620/gTwlYQIOpXpIe2gwzw6M9ZRlCDY3b4qGfPne15hg.pdf,tianshui_2024_rating_comparison.txt,text/plain,2025-06-20,2025-06-20,2024-12-31,2026-08-01T00:00:00+08:00,d328e6d22c6dc1d4d087c1899d7e0fad6e82f36df92370f8df31ca72fce27788,archive://national-prefecture-panel/raw/province_debt/2024/official/tianshui_2024_rating_comparison.txt,internal_object,raw/province_debt/2024/official/tianshui_2024_rating_comparison.txt,,B2,200,官方附件已归档,,东方金诚官方评级附件的同业比较表列示天水市2024年政府债务余额460.36亿元；该值为评级报告二手引用，未拆分一般/专项债务，仅接入总余额。
SRC-SECONDARY-DEBT-GANSU-DINGXI-2024,东方金诚国际信用评估有限公司,评级机构研究报告,通化市丰源投资开发有限公司2025年度跟踪评级报告（同业比较区域债务数据）,official_attachment,dingxi_2024_rating_comparison.txt,地方政府债务限额及余额公开表,https://www.dfratings.com/uploads/files/2025/0624/eiKMPe5HfQhbmG73YuAYpWDF7z0sPQbvYMjb8asN.pdf,https://www.dfratings.com/uploads/files/2025/0624/eiKMPe5HfQhbmG73YuAYpWDF7z0sPQbvYMjb8asN.pdf,https://www.dfratings.com/uploads/files/2025/0624/eiKMPe5HfQhbmG73YuAYpWDF7z0sPQbvYMjb8asN.pdf,https://www.dfratings.com/uploads/files/2025/0624/eiKMPe5HfQhbmG73YuAYpWDF7z0sPQbvYMjb8asN.pdf,https://www.dfratings.com/uploads/files/2025/0624/eiKMPe5HfQhbmG73YuAYpWDF7z0sPQbvYMjb8asN.pdf,dingxi_2024_rating_comparison.txt,text/plain,2025-06-17,2025-06-17,2024-12-31,2026-08-01T00:00:00+08:00,eacae992cc0dc0717f3d7abe07d2164ec8c19d176461c72be9adc779a2ae2f5d,archive://national-prefecture-panel/raw/province_debt/2024/official/dingxi_2024_rating_comparison.txt,internal_object,raw/province_debt/2024/official/dingxi_2024_rating_comparison.txt,,B2,200,官方附件已归档,,东方金诚官方评级附件同业比较表列示定西市2024年政府债务余额394.07亿元；该值为评级报告二手引用，未拆分一般/专项债务，仅接入总余额。
SRC-SECONDARY-DEBT-GUANGXI-HECHI-2024,东方金诚国际信用评估有限公司,评级机构研究报告,通化市丰源投资开发有限公司2025年度跟踪评级报告（同业比较区域债务数据）,official_attachment,hechi_2024_rating_comparison.txt,地方政府债务限额及余额公开表,https://www.dfratings.com/uploads/files/2025/0624/eiKMPe5HfQhbmG73YuAYpWDF7z0sPQbvYMjb8asN.pdf,https://www.dfratings.com/uploads/files/2025/0624/eiKMPe5HfQhbmG73YuAYpWDF7z0sPQbvYMjb8asN.pdf,https://www.dfratings.com/uploads/files/2025/0624/eiKMPe5HfQhbmG73YuAYpWDF7z0sPQbvYMjb8asN.pdf,https://www.dfratings.com/uploads/files/2025/0624/eiKMPe5HfQhbmG73YuAYpWDF7z0sPQbvYMjb8asN.pdf,https://www.dfratings.com/uploads/files/2025/0624/eiKMPe5HfQhbmG73YuAYpWDF7z0sPQbvYMjb8asN.pdf,hechi_2024_rating_comparison.txt,text/plain,2025-06-17,2025-06-17,2024-12-31,2026-08-01T00:00:00+08:00,b1162fceeeeec17ec61f85a146206703893ec43fa3d83995b5fe7b0b3136bf28,archive://national-prefecture-panel/raw/province_debt/2024/official/hechi_2024_rating_comparison.txt,internal_object,raw/province_debt/2024/official/hechi_2024_rating_comparison.txt,,B2,200,官方附件已归档,,东方金诚官方评级附件同业比较表列示河池市2024年政府债务余额560.87亿元；该值为评级报告二手引用，未拆分一般/专项债务，仅接入总余额。
SRC-SECONDARY-DEBT-GUANGXI-YULIN-2023,东方金诚国际信用评估有限公司,评级机构研究报告,黔东南州凯宏城市投资运营（集团）有限责任公司2024年度跟踪评级报告（同业比较区域债务数据）,official_attachment,yulin_2023_rating_comparison.txt,地方政府债务限额及余额公开表,https://www.dfratings.com/uploads/files/2024/0627/PJU1Y3mJRvWrueW5a68lmtQRLlywvr2qEP90gBMl.pdf,https://www.dfratings.com/uploads/files/2024/0627/PJU1Y3mJRvWrueW5a68lmtQRLlywvr2qEP90gBMl.pdf,https://www.dfratings.com/uploads/files/2024/0627/PJU1Y3mJRvWrueW5a68lmtQRLlywvr2qEP90gBMl.pdf,https://www.dfratings.com/uploads/files/2024/0627/PJU1Y3mJRvWrueW5a68lmtQRLlywvr2qEP90gBMl.pdf,https://www.dfratings.com/uploads/files/2024/0627/PJU1Y3mJRvWrueW5a68lmtQRLlywvr2qEP90gBMl.pdf,yulin_2023_rating_comparison.txt,text/plain,2024-06-24,2024-06-24,2023-12-31,2026-08-01T00:00:00+08:00,42e95dc0cbf0351c4b2c2c4a5096fa96d0e15ae72a507d049493cf9559c6171a,archive://national-prefecture-panel/raw/province_debt/2023/official/yulin_2023_rating_comparison.txt,internal_object,raw/province_debt/2023/official/yulin_2023_rating_comparison.txt,,B2,200,官方附件已归档,,东方金诚官方评级附件同业比较表列示玉林市2023年政府债务余额600.43亿元；该值为评级报告二手引用，未拆分一般/专项债务，仅接入总余额。
SRC-CITY-DEBT-ANHUI-WUHU-2023,芜湖市财政局,市级,关于芜湖市2023年预算执行情况和2024年预算草案的报告,official_attachment,anhui_wuhu_2023.txt,地方政府债务限额及余额公开表,https://www.wuhurd.gov.cn/xbcs/gzbg/8519896.html,https://www.wuhurd.gov.cn/xbcs/gzbg/8519896.html,https://www.wuhurd.gov.cn/xbcs/gzbg/8519896.html,https://www.wuhurd.gov.cn/xbcs/gzbg/8519896.html,https://www.wuhurd.gov.cn/xbcs/gzbg/8519896.html,anhui_wuhu_2023.txt,text/plain,2024-02-21,2024-02-21,2023-12-31,2026-08-01T00:00:00+08:00,0210bdf2db935334586e66fee5aeca1b4e8eed83b034635a8acb94c2cfbe4946,archive://national-prefecture-panel/raw/province_debt/2023/official/anhui_wuhu_2023.txt,internal_object,raw/province_debt/2023/official/anhui_wuhu_2023.txt,,A2,200,官方附件已归档,,芜湖市人大公开的预算执行报告披露全市2023年末余额1236.8亿元，其中一般债务415.7亿元、专项债务821.1亿元；本条不接入报告中的债务限额字段。
SRC-CITY-DEBT-ANHUI-HUAINAN-2023,淮南市财政局,市级,关于淮南市2023年预算执行情况和2024年预算草案的报告,official_attachment,anhui_huainan_2023.txt,地方政府债务限额及余额公开表,https://cz.huainan.gov.cn/group1/M00/1B/DE/rB406mXEic6AfUsgAAXpF_4uwt8615.pdf,https://cz.huainan.gov.cn/group1/M00/1B/DE/rB406mXEic6AfUsgAAXpF_4uwt8615.pdf,https://cz.huainan.gov.cn/group1/M00/1B/DE/rB406mXEic6AfUsgAAXpF_4uwt8615.pdf,https://cz.huainan.gov.cn/group1/M00/1B/DE/rB406mXEic6AfUsgAAXpF_4uwt8615.pdf,https://cz.huainan.gov.cn/group1/M00/1B/DE/rB406mXEic6AfUsgAAXpF_4uwt8615.pdf,anhui_huainan_2023.txt,text/plain,2024-01-16,2024-01-16,2023-12-31,2026-08-01T00:00:00+08:00,aa4d3ff46b2c7f50b38e58510210c47fd13034da31368e2c71f613e12b5d3707,archive://national-prefecture-panel/raw/province_debt/2023/official/anhui_huainan_2023.txt,internal_object,raw/province_debt/2023/official/anhui_huainan_2023.txt,,A2,200,官方附件已归档,,淮南市预算执行报告披露截至2023年底全市政府债务余额591.3亿元，但未披露可供本次摘录使用的一般/专项分项，因此仅接入总余额，不反推分项。
SRC-SECONDARY-DEBT-JIANGXI-REGIONAL-2024,大公国际资信评估有限公司,评级机构研究报告,江西省政府债券2025年度跟踪评级报告,official_attachment,jiangxi_regional_2024_rating.txt,地方政府债务限额及余额公开表,https://www.governbond.org.cn/uploadFiles/36/attachFiles/202512/10aafce9-b254-4bba-8c98-849579989fd0.pdf,https://www.governbond.org.cn/uploadFiles/36/attachFiles/202512/10aafce9-b254-4bba-8c98-849579989fd0.pdf,https://www.governbond.org.cn/uploadFiles/36/attachFiles/202512/10aafce9-b254-4bba-8c98-849579989fd0.pdf,https://www.governbond.org.cn/uploadFiles/36/attachFiles/202512/10aafce9-b254-4bba-8c98-849579989fd0.pdf,https://www.governbond.org.cn/uploadFiles/36/attachFiles/202512/10aafce9-b254-4bba-8c98-849579989fd0.pdf,jiangxi_regional_2024_rating.txt,text/plain,2025-12-30,2025-12-30,2024-12-31,2026-08-01T00:00:00+08:00,8a1ffb97208cefa5a9ad12d35709595b82e27d4938ad05692af42dbfbadbf240,archive://national-prefecture-panel/raw/province_debt/2024/official/jiangxi_regional_2024_rating.txt,internal_object,raw/province_debt/2024/official/jiangxi_regional_2024_rating.txt,,B2,200,官方附件已归档,,评级报告根据江西省财政厅提供的2024年地方政府债务限额及余额决算数据列示九江、上饶、吉安、宜春、抚州五个地级市的全市口径债务余额；原报告此处未列一般/专项分项，仅接入总余额。
SRC-SECONDARY-DEBT-JIANGXI-PINGXIANG-2024,中证鹏元资信评估股份有限公司,评级机构研究报告,萍乡创新发展投资集团有限公司2025年度主动评级报告（区域债务数据）,official_attachment,jiangxi_pingxiang_2024_rating.txt,地方政府债务限额及余额公开表,https://file.finance.sina.com.cn/211.154.219.97%3A9494/MRGG/BOND/2025/2025-11/2025-11-25/23680199.PDF,https://file.finance.sina.com.cn/211.154.219.97%3A9494/MRGG/BOND/2025/2025-11/2025-11-25/23680199.PDF,https://file.finance.sina.com.cn/211.154.219.97%3A9494/MRGG/BOND/2025/2025-11/2025-11-25/23680199.PDF,https://file.finance.sina.com.cn/211.154.219.97%3A9494/MRGG/BOND/2025/2025-11/2025-11-25/23680199.PDF,https://file.finance.sina.com.cn/211.154.219.97%3A9494/MRGG/BOND/2025/2025-11/2025-11-25/23680199.PDF,jiangxi_pingxiang_2024_rating.txt,text/plain,2025-11-25,2025-11-25,2024-12-31,2026-08-01T00:00:00+08:00,f4b827e44a7eddd004d681601ccf4b377574f371ff9a90393de6cac2fd44549f,archive://national-prefecture-panel/raw/province_debt/2024/official/jiangxi_pingxiang_2024_rating.txt,internal_object,raw/province_debt/2024/official/jiangxi_pingxiang_2024_rating.txt,,B2,200,官方附件已归档,,评级报告根据江西省财政厅公开的2024年地方政府债务限额及余额情况表整理，列示萍乡市全市余额694.00亿元，其中一般债务231.95亿元、专项债务462.04亿元。
SRC-PROVINCE-DEBT-TIBET-2025,西藏自治区财政厅,省级,自治区政府债务情况表（附表1：2025年政府债务限额及余额情况表）,official_attachment,xizang_prefecture_2025.txt,地方政府债务限额及余额公开表,https://www.xizang.gov.cn/zwgk/zdxxlygk/czyjsgk/202602/t20260213_525054.html,https://www.xizang.gov.cn/zwgk/zdxxlygk/czyjsgk/202602/t20260213_525054.html,https://www.xizang.gov.cn/gjbs/xxgk/202602/W020260213365407845572.xlsx,https://www.xizang.gov.cn/zwgk/zdxxlygk/czyjsgk/202602/t20260213_525054.html,https://www.xizang.gov.cn/gjbs/xxgk/202602/W020260213365407845572.xlsx,xizang_prefecture_2025.txt,text/plain,2026-02-13,2026-02-13,2025-12-31,2026-08-01T00:00:00+08:00,78031fc8571f1f454e659ddeda8c3dabce7f3565851cc3b1c17d40b08547b02c,archive://national-prefecture-panel/raw/province_debt/2025/official/xizang_prefecture_2025.txt,internal_object,raw/province_debt/2025/official/xizang_prefecture_2025.txt,,A1,200,官方附件已归档,,官方附件表1的地市整行；仅接入日喀则市、那曲市全市口径，不把市本级或区县行并入地市。
SRC-OFFICIAL-DEBT-LIAONING-CITIES-2018,辽宁省财政厅,省级,2018年地方政府一般债务限额、余额情况表及专项债务限额、余额情况表,official_attachment,liaoning_2018_city_debt.txt,地方政府债务限额及余额公开表,https://czt.ln.gov.cn/czt/zfxxgk/fdzdgknr/czyjs/czyjsbg/910D6D0D79EE42D4BECFF85A5A60E0B2/P020201130589210950861.pdf,https://czt.ln.gov.cn/czt/zfxxgk/fdzdgknr/czyjs/czyjsbg/910D6D0D79EE42D4BECFF85A5A60E0B2/P020201130589210950861.pdf,https://czt.ln.gov.cn/czt/zfxxgk/fdzdgknr/czyjs/czyjsbg/910D6D0D79EE42D4BECFF85A5A60E0B2/P020201130589210950861.pdf,https://czt.ln.gov.cn/czt/zfxxgk/fdzdgknr/czyjs/czyjsbg/910D6D0D79EE42D4BECFF85A5A60E0B2/P020201130589210950861.pdf,https://czt.ln.gov.cn/czt/zfxxgk/fdzdgknr/czyjs/czyjsbg/910D6D0D79EE42D4BECFF85A5A60E0B2/P020201130589210950861.pdf,liaoning_2018_city_debt.txt,text/plain,2020-11-30,2020-11-30,2018-12-31,2026-08-01T00:00:00+08:00,d6a10d8b2a967f28d07665029ff9eb5888f7382b56c33ea94a370f00c6c8141c,archive://national-prefecture-panel/raw/province_debt/2018/official/liaoning_2018_city_debt.txt,internal_object,raw/province_debt/2018/official/liaoning_2018_city_debt.txt,,A2,200,官方附件已归档,,辽宁省财政厅公开表按各市上报快报数列示一般债务余额和专项债务余额；法定债务余额为两项余额之和，本采集保留分项并计算总额。
SRC-OFFICIAL-DEBT-LIAONING-CITIES-2020,辽宁省财政厅,省级,2020年地方政府一般债务分地区限额、余额情况表及专项债务分地区限额、余额情况表,official_attachment,liaoning_2020_city_debt.txt,地方政府债务限额及余额公开表,https://czt.ln.gov.cn/czt/zfxxgk/fdzdgknr/czyjs/czyjsbg/8024EE7C2D0940C1AEF0F0D8E51EB4D4/P020210207572535482191.pdf,https://czt.ln.gov.cn/czt/zfxxgk/fdzdgknr/czyjs/czyjsbg/8024EE7C2D0940C1AEF0F0D8E51EB4D4/P020210207572535482191.pdf,https://czt.ln.gov.cn/czt/zfxxgk/fdzdgknr/czyjs/czyjsbg/8024EE7C2D0940C1AEF0F0D8E51EB4D4/P020210207572535482191.pdf,https://czt.ln.gov.cn/czt/zfxxgk/fdzdgknr/czyjs/czyjsbg/8024EE7C2D0940C1AEF0F0D8E51EB4D4/P020210207572535482191.pdf,https://czt.ln.gov.cn/czt/zfxxgk/fdzdgknr/czyjs/czyjsbg/8024EE7C2D0940C1AEF0F0D8E51EB4D4/P020210207572535482191.pdf,liaoning_2020_city_debt.txt,text/plain,2021-02-07,2021-02-07,2020-12-31,2026-08-01T00:00:00+08:00,f31ae6abdf376119a2f6e02d8c8703469e72f7607a6cea184947c940006521e8,archive://national-prefecture-panel/raw/province_debt/2020/official/liaoning_2020_city_debt.txt,internal_object,raw/province_debt/2020/official/liaoning_2020_city_debt.txt,,A2,200,官方附件已归档,,辽宁省财政厅公开表按各市上报快报数列示一般债务余额和专项债务余额；法定债务余额为两项余额之和，本采集保留分项并计算总额。
SRC-OFFICIAL-DEBT-LIAONING-CITIES-2022,辽宁省财政厅,省级,2022年地方政府一般债务分地区限额、余额情况表及专项债务分地区限额、余额情况表,official_attachment,liaoning_2022_city_debt.txt,地方政府债务限额及余额公开表,https://czt.ln.gov.cn/czt/attachDir/2023/01/2023012814275619955.pdf,https://czt.ln.gov.cn/czt/attachDir/2023/01/2023012814275619955.pdf,https://czt.ln.gov.cn/czt/attachDir/2023/01/2023012814275619955.pdf,https://czt.ln.gov.cn/czt/attachDir/2023/01/2023012814275619955.pdf,https://czt.ln.gov.cn/czt/attachDir/2023/01/2023012814275619955.pdf,liaoning_2022_city_debt.txt,text/plain,2023-01-28,2023-01-28,2022-12-31,2026-08-01T00:00:00+08:00,92d2dfdb7a5043fde384f8acf8aed92c6129cc6f8e5ae588af8ec5786e6e4fba,archive://national-prefecture-panel/raw/province_debt/2022/official/liaoning_2022_city_debt.txt,internal_object,raw/province_debt/2022/official/liaoning_2022_city_debt.txt,,A2,200,官方附件已归档,,辽宁省财政厅公开表按各市上报快报数列示一般债务余额和专项债务余额；法定债务余额为两项余额之和，本采集保留分项并计算总额。
SRC-PROVINCE-DEBT-GANSU-2018,甘肃省财政厅,省级,甘肃省2018年地方政府债务限额及余额预计决算情况表,official_attachment,gansu_2018.txt,地方政府债务限额及余额公开表,https://czt.gansu.gov.cn/doc/2019_05/%7B127E98FA-1707-4A40-BE3D-3842070C714C%7D.pdf,https://czt.gansu.gov.cn/doc/2019_05/%7B127E98FA-1707-4A40-BE3D-3842070C714C%7D.pdf,https://czt.gansu.gov.cn/doc/2019_05/%7B127E98FA-1707-4A40-BE3D-3842070C714C%7D.pdf,https://czt.gansu.gov.cn/doc/2019_05/%7B127E98FA-1707-4A40-BE3D-3842070C714C%7D.pdf,https://czt.gansu.gov.cn/doc/2019_05/%7B127E98FA-1707-4A40-BE3D-3842070C714C%7D.pdf,gansu_2018.txt,text/plain,2019-05-01,2019-05-01,2018-12-31,2026-08-01T00:00:00+08:00,19e4709515777646e75c4bee4b011788dee972963c900d68430093bacd41a664,archive://national-prefecture-panel/raw/province_debt/2018/official/gansu_2018.txt,internal_object,raw/province_debt/2018/official/gansu_2018.txt,,A1,200,官方附件已归档,,原始表为甘肃省财政厅公开PDF；本地文本为官方PDF网页索引的逐行转录，保留市州汇总行并排除市本级、区县及新区行。
SRC-PROVINCE-DEBT-HEBEI-2021,河北省财政厅,省级,2021年度省本级及全省财政总决算公开（第11表：2021年河北省地方政府债务限额及余额情况表）,official_attachment,hebei_2021.pdf,地方政府债务限额及余额公开表,https://qccdata.qichacha.com/tenderV2Attach/c7b9fcb1a77834fd4da453d615c413e1.pdf,https://qccdata.qichacha.com/tenderV2Attach/c7b9fcb1a77834fd4da453d615c413e1.pdf,https://qccdata.qichacha.com/tenderV2Attach/c7b9fcb1a77834fd4da453d615c413e1.pdf,https://qccdata.qichacha.com/tenderV2Attach/c7b9fcb1a77834fd4da453d615c413e1.pdf,https://qccdata.qichacha.com/tenderV2Attach/c7b9fcb1a77834fd4da453d615c413e1.pdf,hebei_2021.pdf,application/pdf,2022-08-01,2022-08-01,2021-12-31,2026-08-01T00:00:00+08:00,b4fdddf7eb029fa0857f1d824879cd4cd6ff29145071baef0f389976301cdb48,archive://national-prefecture-panel/raw/province_debt/2021/official/hebei_2021.pdf,internal_object,raw/province_debt/2021/official/hebei_2021.pdf,,B2,200,官方附件已归档,,原始内容为河北省财政厅《省本级及全省财政总决算公开》中的第11表；当前归档来自公开财政资料镜像，余额字段按原表标注为预计执行数，保留地级市汇总行并排除本级、区县、定州辛集等非目标行。
SRC-PROVINCE-DEBT-GUIZHOU-2019,贵州省财政厅,省级,贵州省2019年分地区政府债务限额和余额情况表,official_attachment,guizhou_2019.txt,地方政府债务限额及余额公开表,https://czt.guizhou.gov.cn/zwgk/zfxxgk/fdzdgknr/zcfg/wjca/202006/P020201102378431088920.pdf,https://czt.guizhou.gov.cn/zwgk/zfxxgk/fdzdgknr/zcfg/wjca/202006/P020201102378431088920.pdf,https://czt.guizhou.gov.cn/zwgk/zfxxgk/fdzdgknr/zcfg/wjca/202006/P020201102378431088920.pdf,https://czt.guizhou.gov.cn/zwgk/zfxxgk/fdzdgknr/zcfg/wjca/202006/P020201102378431088920.pdf,https://czt.guizhou.gov.cn/zwgk/zfxxgk/fdzdgknr/zcfg/wjca/202006/P020201102378431088920.pdf,guizhou_2019.txt,text/plain,2020-06-01,2020-06-01,2019-12-31,2026-08-01T00:00:00+08:00,f8eab184e9b6c2bc71f3cb3b61d6d06e9d8244479cd87e7ed0eaeef54524b9b1,archive://national-prefecture-panel/raw/province_debt/2019/official/guizhou_2019.txt,internal_object,raw/province_debt/2019/official/guizhou_2019.txt,,A1,200,官方附件已归档,,原始表为贵州省财政厅官方公开PDF的表15；本地文本为官方PDF网页索引的逐行转录，保留9个市州汇总行并排除省本级、市县小计及区县行。
SRC-PROVINCE-DEBT-GUIZHOU-2020,贵州省财政厅,省级,贵州省2020年分地区政府债务限额和余额情况表,official_attachment,guizhou_2020.txt,地方政府债务限额及余额公开表,https://czt.guizhou.gov.cn/ztzl/gzsczzjxxgkzl/gzssbjczysjsgjf/202110/P020210210402856605771.pdf,https://czt.guizhou.gov.cn/ztzl/gzsczzjxxgkzl/gzssbjczysjsgjf/202110/P020210210402856605771.pdf,https://czt.guizhou.gov.cn/ztzl/gzsczzjxxgkzl/gzssbjczysjsgjf/202110/P020210210402856605771.pdf,https://czt.guizhou.gov.cn/ztzl/gzsczzjxxgkzl/gzssbjczysjsgjf/202110/P020210210402856605771.pdf,https://czt.guizhou.gov.cn/ztzl/gzsczzjxxgkzl/gzssbjczysjsgjf/202110/P020210210402856605771.pdf,guizhou_2020.txt,text/plain,2021-02-10,2021-02-10,2020-12-31,2026-08-01T00:00:00+08:00,74d57fad73e77df4d3577ce2360a781f5ba3e66e1016864b38f528b9fe99535a,archive://national-prefecture-panel/raw/province_debt/2020/official/guizhou_2020.txt,internal_object,raw/province_debt/2020/official/guizhou_2020.txt,,A1,200,官方附件已归档,,原始表为贵州省财政厅官方公开PDF；本地文本为官方PDF网页索引的逐行转录，保留9个市州汇总行并排除省本级、市县小计及区县行。
SRC-PROVINCE-DEBT-GUIZHOU-2021,贵州省财政厅,省级,贵州省2021年分地区政府债务限额和余额情况表,official_attachment,guizhou_2021.txt,地方政府债务限额及余额公开表,https://czt.guizhou.gov.cn/zwgk/zdlyxx/czys/202202/P020220218332321045802.pdf,https://czt.guizhou.gov.cn/zwgk/zdlyxx/czys/202202/P020220218332321045802.pdf,https://czt.guizhou.gov.cn/zwgk/zdlyxx/czys/202202/P020220218332321045802.pdf,https://czt.guizhou.gov.cn/zwgk/zdlyxx/czys/202202/P020220218332321045802.pdf,https://czt.guizhou.gov.cn/zwgk/zdlyxx/czys/202202/P020220218332321045802.pdf,guizhou_2021.txt,text/plain,2022-02-18,2022-02-18,2021-12-31,2026-08-01T00:00:00+08:00,ccade573457c9e56201b2431970e1e8a3bf95b51ac127f5b641dba9e46b83185,archive://national-prefecture-panel/raw/province_debt/2021/official/guizhou_2021.txt,internal_object,raw/province_debt/2021/official/guizhou_2021.txt,,A1,200,官方附件已归档,,原始表为贵州省财政厅官方公开PDF；本地文本为官方PDF网页索引的逐行转录，保留9个市州汇总行并排除省本级、市县小计及区县行。
SRC-PROVINCE-DEBT-GUIZHOU-2022,贵州省财政厅,省级,贵州省2022年分地区政府债务限额和余额情况表,official_attachment,guizhou_2022.txt,地方政府债务限额及余额公开表,https://czt.guizhou.gov.cn/zwgk/zfxxgk/fdzdgknr/zcfg/wjca/202302/P020230202622256477692.pdf,https://czt.guizhou.gov.cn/zwgk/zfxxgk/fdzdgknr/zcfg/wjca/202302/P020230202622256477692.pdf,https://czt.guizhou.gov.cn/zwgk/zfxxgk/fdzdgknr/zcfg/wjca/202302/P020230202622256477692.pdf,https://czt.guizhou.gov.cn/zwgk/zfxxgk/fdzdgknr/zcfg/wjca/202302/P020230202622256477692.pdf,https://czt.guizhou.gov.cn/zwgk/zfxxgk/fdzdgknr/zcfg/wjca/202302/P020230202622256477692.pdf,guizhou_2022.txt,text/plain,2023-02-02,2023-02-02,2022-12-31,2026-08-01T00:00:00+08:00,881f8ce49ae74ed0d86876e8b8f2e6e4358c3df1b0d014f0543cff2241baacc7,archive://national-prefecture-panel/raw/province_debt/2022/official/guizhou_2022.txt,internal_object,raw/province_debt/2022/official/guizhou_2022.txt,,A1,200,官方附件已归档,,原始表为贵州省财政厅官方公开PDF；本地文本为官方PDF网页索引的逐行转录，保留9个市州汇总行并排除省本级、市州小计及区县行。
SRC-PROVINCE-DEBT-TIANJIN-2022,天津市财政局,市级,天津市2022年地方政府债务限额及余额决算情况表,official_attachment,tianjin_2022.txt,地方政府债务限额及余额公开表,https://cz.tj.gov.cn/zwgk_53713/yjsgktypt/jsgk/2022nzfjs/202308/W020230810698187167051.pdf,https://cz.tj.gov.cn/zwgk_53713/yjsgktypt/jsgk/2022nzfjs/202308/W020230810698187167051.pdf,https://cz.tj.gov.cn/zwgk_53713/yjsgktypt/jsgk/2022nzfjs/202308/W020230810698187167051.pdf,https://cz.tj.gov.cn/zwgk_53713/yjsgktypt/jsgk/2022nzfjs/202308/W020230810698187167051.pdf,https://cz.tj.gov.cn/zwgk_53713/yjsgktypt/jsgk/2022nzfjs/202308/W020230810698187167051.pdf,tianjin_2022.txt,text/plain,2023-08-10,2023-08-10,2022-12-31,2026-08-01T00:00:00+08:00,c8c4095835da91c47787f8817fe9989a7df380018eb84fd70fb7c05d4e9ecad0,archive://national-prefecture-panel/raw/province_debt/2022/official/tianjin_2022.txt,internal_object,raw/province_debt/2022/official/tianjin_2022.txt,,A1,200,官方附件已归档,,原始表为天津市财政局官方PDF；本地文本保留全市合计行并将官方万元列按 unit_factor 转换为亿元。
SRC-PROVINCE-DEBT-TIANJIN-2024,天津市财政局,市级,天津市2024年地方政府债务限额及余额决算情况表,official_attachment,tianjin_2024.txt,地方政府债务限额及余额公开表,https://cz.tj.gov.cn/zwgk_53713/ysgk_59783/ysjs/202508/W020250818543015977373.pdf,https://cz.tj.gov.cn/zwgk_53713/ysgk_59783/ysjs/202508/W020250818543015977373.pdf,https://cz.tj.gov.cn/zwgk_53713/ysgk_59783/ysjs/202508/W020250818543015977373.pdf,https://cz.tj.gov.cn/zwgk_53713/ysgk_59783/ysjs/202508/W020250818543015977373.pdf,https://cz.tj.gov.cn/zwgk_53713/ysgk_59783/ysjs/202508/W020250818543015977373.pdf,tianjin_2024.txt,text/plain,2025-08-18,2025-08-18,2024-12-31,2026-08-01T00:00:00+08:00,93a8c5a79740ac64d02cb1b589c3f7a6961c2d404b4a26b2bd88b7a07c6a741e,archive://national-prefecture-panel/raw/province_debt/2024/official/tianjin_2024.txt,internal_object,raw/province_debt/2024/official/tianjin_2024.txt,,A1,200,官方附件已归档,,原始表为天津市财政局官方PDF；本地文本保留全市合计行并将官方万元列按 unit_factor 转换为亿元。
SRC-PROVINCE-DEBT-BEIJING-2024,北京市财政局,市级,北京市2024年地方政府债务限额及余额决算情况表,official_attachment,beijing_2024.txt,地方政府债务限额及余额公开表,https://www.beijing.gov.cn/gongkai/caizheng/czbg/jsbg/202508/W020250818388651947882.pdf,https://www.beijing.gov.cn/gongkai/caizheng/czbg/jsbg/202508/W020250818388651947882.pdf,https://www.beijing.gov.cn/gongkai/caizheng/czbg/jsbg/202508/W020250818388651947882.pdf,https://www.beijing.gov.cn/gongkai/caizheng/czbg/jsbg/202508/W020250818388651947882.pdf,https://www.beijing.gov.cn/gongkai/caizheng/czbg/jsbg/202508/W020250818388651947882.pdf,beijing_2024.txt,text/plain,2025-08-18,2025-08-18,2024-12-31,2026-08-01T00:00:00+08:00,9fb52bde454b1900b44334d1bc6e24f67f30e97ecc74402a1f6e073c4513861d,archive://national-prefecture-panel/raw/province_debt/2024/official/beijing_2024.txt,internal_object,raw/province_debt/2024/official/beijing_2024.txt,,A1,200,官方附件已归档,,原表按一般、专项分项列示；限额合计和余额合计按原表公式 A=B+C、D=E+F 重构，未引入外部估计。
SRC-PROVINCE-DEBT-BEIJING-2025,北京市财政局,市级,北京市2025年地方政府债务限额及余额情况表,official_attachment,beijing_2025.txt,地方政府债务限额及余额公开表,https://www.beijing.gov.cn/gongkai/caizheng/czbg/ysbg/202602/W020260206376171591228.pdf,https://www.beijing.gov.cn/gongkai/caizheng/czbg/ysbg/202602/W020260206376171591228.pdf,https://www.beijing.gov.cn/gongkai/caizheng/czbg/ysbg/202602/W020260206376171591228.pdf,https://www.beijing.gov.cn/gongkai/caizheng/czbg/ysbg/202602/W020260206376171591228.pdf,https://www.beijing.gov.cn/gongkai/caizheng/czbg/ysbg/202602/W020260206376171591228.pdf,beijing_2025.txt,text/plain,2026-02-06,2026-02-06,2025-12-31,2026-08-01T00:00:00+08:00,d10a3b35b8162941a71b7e3373e27a214262e56f996c4d0f93abf8d65a27cb67,archive://national-prefecture-panel/raw/province_debt/2025/official/beijing_2025.txt,internal_object,raw/province_debt/2025/official/beijing_2025.txt,,A1,200,官方附件已归档,,原表按一般、专项分项列示；限额合计和余额合计按原表公式 A=B+C、D=E+F 重构，未引入外部估计。
SRC-PROVINCE-DEBT-CHONGQING-2020,重庆市财政局,市级,重庆市2020年地方政府债务限额及余额情况表,official_attachment,chongqing_2020.txt,地方政府债务限额及余额公开表,https://czj.cq.gov.cn/zwgk_268/fdzdgknr/ysjs/zfys/202102/W020210206544478084554.pdf,https://czj.cq.gov.cn/zwgk_268/fdzdgknr/ysjs/zfys/202102/W020210206544478084554.pdf,https://czj.cq.gov.cn/zwgk_268/fdzdgknr/ysjs/zfys/202102/W020210206544478084554.pdf,https://czj.cq.gov.cn/zwgk_268/fdzdgknr/ysjs/zfys/202102/W020210206544478084554.pdf,https://czj.cq.gov.cn/zwgk_268/fdzdgknr/ysjs/zfys/202102/W020210206544478084554.pdf,chongqing_2020.txt,text/plain,2021-02-06,2021-02-06,2020-12-31,2026-08-01T00:00:00+08:00,0e639d765eaf5627f14801e2ac986b870ce150575299fc2c9896e581f9d46976,archive://national-prefecture-panel/raw/province_debt/2020/official/chongqing_2020.txt,internal_object,raw/province_debt/2020/official/chongqing_2020.txt,,A1,200,官方附件已归档,,原始表为重庆市财政局官方PDF；本地文本保留全市合计行。
SRC-PROVINCE-DEBT-CHONGQING-2021,重庆市财政局,市级,重庆市2021年地方政府债务限额及余额情况表,official_attachment,chongqing_2021.txt,地方政府债务限额及余额公开表,https://czj.cq.gov.cn/zwgk_268/fdzdgknr/ysjs/zfjs/202308/W020230808641542722794.pdf,https://czj.cq.gov.cn/zwgk_268/fdzdgknr/ysjs/zfjs/202308/W020230808641542722794.pdf,https://czj.cq.gov.cn/zwgk_268/fdzdgknr/ysjs/zfjs/202308/W020230808641542722794.pdf,https://czj.cq.gov.cn/zwgk_268/fdzdgknr/ysjs/zfjs/202308/W020230808641542722794.pdf,https://czj.cq.gov.cn/zwgk_268/fdzdgknr/ysjs/zfjs/202308/W020230808641542722794.pdf,chongqing_2021.txt,text/plain,2023-08-08,2023-08-08,2021-12-31,2026-08-01T00:00:00+08:00,f4c692db9f3712a3d5d19f51ed64859aca491610b56f264fe01882eda6730d7e,archive://national-prefecture-panel/raw/province_debt/2021/official/chongqing_2021.txt,internal_object,raw/province_debt/2021/official/chongqing_2021.txt,,A1,200,官方附件已归档,,重庆市官方2022年决算报告表23列示2021年末全市限额和余额分项；本地文本按该表转录。
SRC-PROVINCE-DEBT-CHONGQING-2022,重庆市财政局,市级,重庆市2022年地方政府债务限额及余额情况表,official_attachment,chongqing_2022.txt,地方政府债务限额及余额公开表,https://czj.cq.gov.cn/zwgk_268/fdzdgknr/ysjs/zfjs/202308/W020230808641542722794.pdf,https://czj.cq.gov.cn/zwgk_268/fdzdgknr/ysjs/zfjs/202308/W020230808641542722794.pdf,https://czj.cq.gov.cn/zwgk_268/fdzdgknr/ysjs/zfjs/202308/W020230808641542722794.pdf,https://czj.cq.gov.cn/zwgk_268/fdzdgknr/ysjs/zfjs/202308/W020230808641542722794.pdf,https://czj.cq.gov.cn/zwgk_268/fdzdgknr/ysjs/zfjs/202308/W020230808641542722794.pdf,chongqing_2022.txt,text/plain,2023-08-08,2023-08-08,2022-12-31,2026-08-01T00:00:00+08:00,e54acb3387b4182bb16e0f6acb16ac9f9a155eb2689f3d922312831d62a16f1a,archive://national-prefecture-panel/raw/province_debt/2022/official/chongqing_2022.txt,internal_object,raw/province_debt/2022/official/chongqing_2022.txt,,A1,200,官方附件已归档,,原始表为重庆市财政局官方PDF；本地文本保留本地区（全市）行。
SRC-PROVINCE-DEBT-CHONGQING-2023,重庆市财政局,市级,重庆市2023年地方政府债务限额及余额情况表,official_attachment,chongqing_2023.txt,地方政府债务限额及余额公开表,https://www.cq.gov.cn/zwgk/zfxxgkzl/fdzdgknr/ysjs/sjyjsqk/ys/202408/W020241126412710970908.pdf,https://www.cq.gov.cn/zwgk/zfxxgkzl/fdzdgknr/ysjs/sjyjsqk/ys/202408/W020241126412710970908.pdf,https://www.cq.gov.cn/zwgk/zfxxgkzl/fdzdgknr/ysjs/sjyjsqk/ys/202408/W020241126412710970908.pdf,https://www.cq.gov.cn/zwgk/zfxxgkzl/fdzdgknr/ysjs/sjyjsqk/ys/202408/W020241126412710970908.pdf,https://www.cq.gov.cn/zwgk/zfxxgkzl/fdzdgknr/ysjs/sjyjsqk/ys/202408/W020241126412710970908.pdf,chongqing_2023.txt,text/plain,2024-08-12,2024-08-12,2023-12-31,2026-08-01T00:00:00+08:00,ebfee1ca07bad080f9410e4e60578ea17d22bfc252d3d9dc617be781865800bd,archive://national-prefecture-panel/raw/province_debt/2023/official/chongqing_2023.txt,internal_object,raw/province_debt/2023/official/chongqing_2023.txt,,A1,200,官方附件已归档,,限额来自官方2024年市级预算调整报告；余额由同一官方报告列示的一般、专项余额相加形成，保留原始分项精度。
SRC-PROVINCE-DEBT-CHONGQING-2024,重庆市财政局,市级,重庆市2024年地方政府债务限额及余额情况表,official_attachment,chongqing_2024.txt,地方政府债务限额及余额公开表,https://czj.cq.gov.cn/zwgk_268/fdzdgknr/ysjs/zfys/202502/W020250207592731311122.pdf,https://czj.cq.gov.cn/zwgk_268/fdzdgknr/ysjs/zfys/202502/W020250207592731311122.pdf,https://czj.cq.gov.cn/zwgk_268/fdzdgknr/ysjs/zfys/202502/W020250207592731311122.pdf,https://czj.cq.gov.cn/zwgk_268/fdzdgknr/ysjs/zfys/202502/W020250207592731311122.pdf,https://czj.cq.gov.cn/zwgk_268/fdzdgknr/ysjs/zfys/202502/W020250207592731311122.pdf,chongqing_2024.txt,text/plain,2025-02-07,2025-02-07,2024-12-31,2026-08-01T00:00:00+08:00,0708a79f3797831bd6501b09073f4c4f8cb2c6060909875d2eab1f2dcecfad19,archive://national-prefecture-panel/raw/province_debt/2024/official/chongqing_2024.txt,internal_object,raw/province_debt/2024/official/chongqing_2024.txt,,A1,200,官方附件已归档,,原始表为重庆市财政局官方PDF；本地文本保留全市合计行。
SRC-PROVINCE-DEBT-CHONGQING-2025,重庆市财政局,市级,关于重庆市2025年预算执行情况和2026年预算草案的报告,official_attachment,chongqing_2025.txt,地方政府债务限额及余额公开表,https://czj.cq.gov.cn/zwgk_268/fdzdgknr/ysjs/zfys/202602/t20260211_15434623.html,https://czj.cq.gov.cn/zwgk_268/fdzdgknr/ysjs/zfys/202602/t20260211_15434623.html,https://czj.cq.gov.cn/zwgk_268/fdzdgknr/ysjs/zfys/202602/t20260211_15434623.html,https://czj.cq.gov.cn/zwgk_268/fdzdgknr/ysjs/zfys/202602/t20260211_15434623.html,https://czj.cq.gov.cn/zwgk_268/fdzdgknr/ysjs/zfys/202602/t20260211_15434623.html,chongqing_2025.txt,text/plain,2026-02-11,2026-02-11,2025-12-31,2026-08-01T00:00:00+08:00,2fd164e4f1737975464d890b8fbe1463a7c6dc3f0bbe0414a1380590524d1efd,archive://national-prefecture-panel/raw/province_debt/2025/official/chongqing_2025.txt,internal_object,raw/province_debt/2025/official/chongqing_2025.txt,,A1,200,官方附件已归档,,官方预算执行报告明确列示2025年限额、一般/专项限额及余额；本地文本按报告原文转录。
SRC-PROVINCE-DEBT-HUBEI-2020-RATING,中诚信国际信用评级有限责任公司,评级机构,湖北省2020年地方政府债务限额和余额情况表（政府债券信用评级报告附表）,official_attachment,hubei_2020_rating.pdf,地方政府债务限额及余额公开表,https://www.governbond.org.cn/uploadFiles/42/attachFiles/202104/af9abb27-dab6-42c4-ae3c-f018ff299aaf.pdf,https://www.governbond.org.cn/uploadFiles/42/attachFiles/202104/af9abb27-dab6-42c4-ae3c-f018ff299aaf.pdf,https://www.governbond.org.cn/uploadFiles/42/attachFiles/202104/af9abb27-dab6-42c4-ae3c-f018ff299aaf.pdf,https://www.governbond.org.cn/uploadFiles/42/attachFiles/202104/af9abb27-dab6-42c4-ae3c-f018ff299aaf.pdf,https://www.governbond.org.cn/uploadFiles/42/attachFiles/202104/af9abb27-dab6-42c4-ae3c-f018ff299aaf.pdf,hubei_2020_rating.pdf,application/pdf,2021-04-01,2021-04-01,2020-12-31,2026-08-01T00:00:00+08:00,0a6c6d1b670b2ac707448db584d8743a061931445c9df1412e961addccca4f74,archive://national-prefecture-panel/raw/province_debt/2020/official/hubei_2020_rating.pdf,internal_object,raw/province_debt/2020/official/hubei_2020_rating.pdf,,B2,200,官方附件已归档,,原始评级报告PDF已归档；本地文本为该官方平台评级报告附表的逐行转录，保留省本级、地级行政单元及省直辖县级行政区行，解析时仅匹配目标地级行政单元。
SRC-PROVINCE-DEBT-GUIZHOU-2023,贵州省财政厅,省级,贵州省2023年分地区政府债务限额和余额情况表,official_attachment,guizhou_2023.txt,地方政府债务限额及余额公开表,https://czt.guizhou.gov.cn/ztzl/gzsczzjxxgkzl/gzssbjczysjsgjf/202402/P020240208556686207517.pdf,https://czt.guizhou.gov.cn/ztzl/gzsczzjxxgkzl/gzssbjczysjsgjf/202402/P020240208556686207517.pdf,https://czt.guizhou.gov.cn/ztzl/gzsczzjxxgkzl/gzssbjczysjsgjf/202402/P020240208556686207517.pdf,https://czt.guizhou.gov.cn/ztzl/gzsczzjxxgkzl/gzssbjczysjsgjf/202402/P020240208556686207517.pdf,https://czt.guizhou.gov.cn/ztzl/gzsczzjxxgkzl/gzssbjczysjsgjf/202402/P020240208556686207517.pdf,guizhou_2023.txt,text/plain,2024-02-08,2024-02-08,2023-12-31,2026-08-01T00:00:00+08:00,0cd88d8b43ccdd3b689da2d4f6bf99394f80bc0f058f87bee845c4eb362d9176,archive://national-prefecture-panel/raw/province_debt/2023/official/guizhou_2023.txt,internal_object,raw/province_debt/2023/official/guizhou_2023.txt,,A1,200,官方附件已归档,,按地级行政单元逐行读取官方 PDF、XLSX 或其归档文本中的全域政府债务限额与余额；省本级、市本级、区县和小计行不并入地级市。
SRC-PROVINCE-DEBT-SHAANXI-2023,陕西省财政厅,省级,2023年陕西省地方政府债务限额和余额情况表,official_attachment,shaanxi_2023.txt,地方政府债务限额及余额公开表,https://www.shaanxi.gov.cn/zfxxgk/fdzdgknr/ysjs/yjsbg/202408/P020240807569808678219.pdf,https://www.shaanxi.gov.cn/zfxxgk/fdzdgknr/ysjs/yjsbg/202408/P020240807569808678219.pdf,https://www.shaanxi.gov.cn/zfxxgk/fdzdgknr/ysjs/yjsbg/202408/P020240807569808678219.pdf,https://www.shaanxi.gov.cn/zfxxgk/fdzdgknr/ysjs/yjsbg/202408/P020240807569808678219.pdf,https://www.shaanxi.gov.cn/zfxxgk/fdzdgknr/ysjs/yjsbg/202408/P020240807569808678219.pdf,shaanxi_2023.txt,text/plain,2024-08-07,2024-08-07,2023-12-31,2026-08-01T00:00:00+08:00,b58f159c29f3a4881f479bf4e48ef903f3737f41b80888e5fb4d87f5eba8c84a,archive://national-prefecture-panel/raw/province_debt/2023/official/shaanxi_2023.txt,internal_object,raw/province_debt/2023/official/shaanxi_2023.txt,,A1,200,官方附件已归档,,按地级行政单元逐行读取官方 PDF、XLSX 或其归档文本中的全域政府债务限额与余额；省本级、市本级、区县和小计行不并入地级市。
SRC-PROVINCE-DEBT-HEILONGJIANG-2023,黑龙江省财政厅,省级,2.21 2023年黑龙江省地方政府债务限额和余额情况表（分地区）,official_attachment,heilongjiang_2023.pdf,地方政府债务限额及余额公开表,https://www.hlj.gov.cn/hlj/c110008/202409/31767867/files/2023%E5%B9%B4%E9%BB%91%E9%BE%99%E6%B1%9F%E7%9C%81%E5%92%8C%E7%9C%81%E6%9C%AC%E7%BA%A7%E8%B4%A2%E6%94%BF%E5%86%B3%E7%AE%97.pdf,https://www.hlj.gov.cn/hlj/c110008/202409/31767867/files/2023%E5%B9%B4%E9%BB%91%E9%BE%99%E6%B1%9F%E7%9C%81%E5%92%8C%E7%9C%81%E6%9C%AC%E7%BA%A7%E8%B4%A2%E6%94%BF%E5%86%B3%E7%AE%97.pdf,https://www.hlj.gov.cn/hlj/c110008/202409/31767867/files/2023%E5%B9%B4%E9%BB%91%E9%BE%99%E6%B1%9F%E7%9C%81%E5%92%8C%E7%9C%81%E6%9C%AC%E7%BA%A7%E8%B4%A2%E6%94%BF%E5%86%B3%E7%AE%97.pdf,https://www.hlj.gov.cn/hlj/c110008/202409/31767867/files/2023%E5%B9%B4%E9%BB%91%E9%BE%99%E6%B1%9F%E7%9C%81%E5%92%8C%E7%9C%81%E6%9C%AC%E7%BA%A7%E8%B4%A2%E6%94%BF%E5%86%B3%E7%AE%97.pdf,https://www.hlj.gov.cn/hlj/c110008/202409/31767867/files/2023%E5%B9%B4%E9%BB%91%E9%BE%99%E6%B1%9F%E7%9C%81%E5%92%8C%E7%9C%81%E6%9C%AC%E7%BA%A7%E8%B4%A2%E6%94%BF%E5%86%B3%E7%AE%97.pdf,heilongjiang_2023.pdf,application/pdf,2024-09-01,2024-09-01,2023-12-31,2026-08-01T00:00:00+08:00,206d2d088eea632027a4a405b70e00759749b095eb43d19e5261a806c4e60552,archive://national-prefecture-panel/raw/province_debt/2023/official/heilongjiang_2023.pdf,internal_object,raw/province_debt/2023/official/heilongjiang_2023.pdf,,A1,200,官方附件已归档,,按地级行政单元逐行读取官方 PDF、XLSX 或其归档文本中的全域政府债务限额与余额；省本级、市本级、区县和小计行不并入地级市。
SRC-PROVINCE-DEBT-HEILONGJIANG-2021,黑龙江省财政厅,省级,2021年黑龙江省地方政府一般、专项债务分地区余额情况表,official_attachment,heilongjiang_2021.pdf,地方政府债务限额及余额公开表,https://www.hlj.gov.cn/hlj/c110008/202209/31367524/files/1663225412281015139.pdf,https://www.hlj.gov.cn/hlj/c110008/202209/31367524/files/1663225412281015139.pdf,https://www.hlj.gov.cn/hlj/c110008/202209/31367524/files/1663225412281015139.pdf,https://www.hlj.gov.cn/hlj/c110008/202209/31367524/files/1663225412281015139.pdf,https://www.hlj.gov.cn/hlj/c110008/202209/31367524/files/1663225412281015139.pdf,heilongjiang_2021.pdf,application/pdf,2022-09-01,2022-09-01,2021-12-31,2026-08-01T00:00:00+08:00,5ba2a9c4784a88e77f1e9ad5799e6e6b2931a4cf8cc243fd5b1090d64818f067,archive://national-prefecture-panel/raw/province_debt/2021/official/heilongjiang_2021.pdf,internal_object,raw/province_debt/2021/official/heilongjiang_2021.pdf,,A1,200,官方附件已归档,,按地级行政单元逐行读取官方 PDF、XLSX 或其归档文本中的全域政府债务限额与余额；省本级、市本级、区县和小计行不并入地级市。
SRC-PROVINCE-DEBT-HEILONGJIANG-2020,黑龙江省财政厅,省级,2020年黑龙江省地方政府一般、专项债务分地区余额情况表,official_attachment,heilongjiang_2020.pdf,地方政府债务限额及余额公开表,https://www.hlj.gov.cn/hlj/c110008/202109/31296058/files/1631173688444042193.pdf,https://www.hlj.gov.cn/hlj/c110008/202109/31296058/files/1631173688444042193.pdf,https://www.hlj.gov.cn/hlj/c110008/202109/31296058/files/1631173688444042193.pdf,https://www.hlj.gov.cn/hlj/c110008/202109/31296058/files/1631173688444042193.pdf,https://www.hlj.gov.cn/hlj/c110008/202109/31296058/files/1631173688444042193.pdf,heilongjiang_2020.pdf,application/pdf,2021-09-01,2021-09-01,2020-12-31,2026-08-01T00:00:00+08:00,f13f134b1035c88142dd7285e4d30889775edf93d712afcce10422dd111f5059,archive://national-prefecture-panel/raw/province_debt/2020/official/heilongjiang_2020.pdf,internal_object,raw/province_debt/2020/official/heilongjiang_2020.pdf,,A1,200,官方附件已归档,,按地级行政单元逐行读取官方 PDF、XLSX 或其归档文本中的全域政府债务限额与余额；省本级、市本级、区县和小计行不并入地级市。
SRC-PROVINCE-DEBT-HUNAN-2019,湖南省财政厅,省级,湖南省2019年地方政府债务限额及余额决算情况表,official_attachment,hunan_2019.pdf,地方政府债务限额及余额公开表,https://czt.hunan.gov.cn/czt/sbj/202008/13584963/files/79668ebcab234e6e93c7c7fc53ba64a6.pdf,https://czt.hunan.gov.cn/czt/sbj/202008/13584963/files/79668ebcab234e6e93c7c7fc53ba64a6.pdf,https://czt.hunan.gov.cn/czt/sbj/202008/13584963/files/79668ebcab234e6e93c7c7fc53ba64a6.pdf,https://czt.hunan.gov.cn/czt/sbj/202008/13584963/files/79668ebcab234e6e93c7c7fc53ba64a6.pdf,https://czt.hunan.gov.cn/czt/sbj/202008/13584963/files/79668ebcab234e6e93c7c7fc53ba64a6.pdf,hunan_2019.pdf,application/pdf,2020-08-18,2020-08-18,2019-12-31,2026-08-01T00:00:00+08:00,b0a8489bc21c0c03bd12f71967eb884e1a5133660c6b4e59e2d0be833870f52e,archive://national-prefecture-panel/raw/province_debt/2019/official/hunan_2019.pdf,internal_object,raw/province_debt/2019/official/hunan_2019.pdf,,A1,200,官方附件已归档,,按地级行政单元逐行读取官方 PDF、XLSX 或其归档文本中的全域政府债务限额与余额；省本级、市本级、区县和小计行不并入地级市。
SRC-PROVINCE-DEBT-HUNAN-2021,湖南省财政厅,省级,湖南省2021年地方政府债务限额及余额决算情况表,official_attachment,hunan_2021.txt,地方政府债务限额及余额公开表,https://czt.hunan.gov.cn/czt/dzqzfwz/202208/27585469/files/f6a08d51dd1d447d980dad56634c1015.pdf,https://czt.hunan.gov.cn/czt/dzqzfwz/202208/27585469/files/f6a08d51dd1d447d980dad56634c1015.pdf,https://czt.hunan.gov.cn/czt/dzqzfwz/202208/27585469/files/f6a08d51dd1d447d980dad56634c1015.pdf,https://czt.hunan.gov.cn/czt/dzqzfwz/202208/27585469/files/f6a08d51dd1d447d980dad56634c1015.pdf,https://czt.hunan.gov.cn/czt/dzqzfwz/202208/27585469/files/f6a08d51dd1d447d980dad56634c1015.pdf,hunan_2021.txt,text/plain,2022-08-17,2022-08-17,2021-12-31,2026-08-01T00:00:00+08:00,5e8118b164e5daab43fa028e635c143f61ffb7ab7da68ecf2e77d2729d6871c5,archive://national-prefecture-panel/raw/province_debt/2021/official/hunan_2021.txt,internal_object,raw/province_debt/2021/official/hunan_2021.txt,,A1,200,官方附件已归档,,按地级行政单元逐行读取官方 PDF、XLSX 或其归档文本中的全域政府债务限额与余额；省本级、市本级、区县和小计行不并入地级市。
SRC-PROVINCE-DEBT-HUNAN-2022,湖南省财政厅,省级,湖南省2022年地方政府债务限额、余额决算表,official_attachment,hunan_2022.zip,地方政府债务限额及余额公开表,https://czt.hunan.gov.cn/czt/dzqzfwz/202308/29460127/files/113891f5f58f4258bb9278d2a8578c63.zip,https://czt.hunan.gov.cn/czt/dzqzfwz/202308/29460127/files/113891f5f58f4258bb9278d2a8578c63.zip,https://czt.hunan.gov.cn/czt/dzqzfwz/202308/29460127/files/113891f5f58f4258bb9278d2a8578c63.zip,https://czt.hunan.gov.cn/czt/dzqzfwz/202308/29460127/files/113891f5f58f4258bb9278d2a8578c63.zip,https://czt.hunan.gov.cn/czt/dzqzfwz/202308/29460127/files/113891f5f58f4258bb9278d2a8578c63.zip,hunan_2022.zip,text/plain,2023-08-15,2023-08-15,2022-12-31,2026-08-01T00:00:00+08:00,ba66d7c3f38eaf8156aeedba5c5ad80ca2076105cc2f9e1432ade1dc4147a4e8,archive://national-prefecture-panel/raw/province_debt/2022/official/hunan_2022.zip,internal_object,raw/province_debt/2022/official/hunan_2022.zip,,A1,200,官方附件已归档,,按地级行政单元逐行读取官方 PDF、XLSX 或其归档文本中的全域政府债务限额与余额；省本级、市本级、区县和小计行不并入地级市。
SRC-PROVINCE-DEBT-HEILONGJIANG-2022,黑龙江省财政厅,省级,2.21 2022年黑龙江省地方政府债务限额和余额情况表（分地区）,official_attachment,heilongjiang_2022.pdf,地方政府债务限额及余额公开表,https://www.hlj.gov.cn/hlj/c110008/202309/31670000/files/2022%E5%B9%B4%E9%BB%91%E9%BE%99%E6%B1%9F%E7%9C%81%E5%92%8C%E7%9C%81%E6%9C%AC%E7%BA%A7%E8%B4%A2%E5%86%B3%E7%AE%97-20250804140431375.pdf,https://www.hlj.gov.cn/hlj/c110008/202309/31670000/files/2022%E5%B9%B4%E9%BB%91%E9%BE%99%E6%B1%9F%E7%9C%81%E5%92%8C%E7%9C%81%E6%9C%AC%E7%BA%A7%E8%B4%A2%E5%86%B3%E7%AE%97-20250804140431375.pdf,https://www.hlj.gov.cn/hlj/c110008/202309/31670000/files/2022%E5%B9%B4%E9%BB%91%E9%BE%99%E6%B1%9F%E7%9C%81%E5%92%8C%E7%9C%81%E6%9C%AC%E7%BA%A7%E8%B4%A2%E5%86%B3%E7%AE%97-20250804140431375.pdf,https://www.hlj.gov.cn/hlj/c110008/202309/31670000/files/2022%E5%B9%B4%E9%BB%91%E9%BE%99%E6%B1%9F%E7%9C%81%E5%92%8C%E7%9C%81%E6%9C%AC%E7%BA%A7%E8%B4%A2%E5%86%B3%E7%AE%97-20250804140431375.pdf,https://www.hlj.gov.cn/hlj/c110008/202309/31670000/files/2022%E5%B9%B4%E9%BB%91%E9%BE%99%E6%B1%9F%E7%9C%81%E5%92%8C%E7%9C%81%E6%9C%AC%E7%BA%A7%E8%B4%A2%E5%86%B3%E7%AE%97-20250804140431375.pdf,heilongjiang_2022.pdf,application/pdf,2023-09-01,2023-09-01,2022-12-31,2026-08-01T00:00:00+08:00,5384ea4081044681827ee9d4cccda45bf324918da69b48dfee597a117c7b462e,archive://national-prefecture-panel/raw/province_debt/2022/official/heilongjiang_2022.pdf,internal_object,raw/province_debt/2022/official/heilongjiang_2022.pdf,,A1,200,官方附件已归档,,按地级行政单元逐行读取官方 PDF、XLSX 或其归档文本中的全域政府债务限额与余额；省本级、市本级、区县和小计行不并入地级市。
SRC-PROVINCE-DEBT-HEILONGJIANG-2024,黑龙江省财政厅,省级,2.21 2024年黑龙江省地方政府债务限额和余额情况表（分地区）,official_attachment,heilongjiang_2024.pdf,地方政府债务限额及余额公开表,https://www.hlj.gov.cn/hlj/c110008/202510/31879925/files/2024%E5%B9%B4%E9%BB%91%E9%BE%99%E6%B1%9F%E7%9C%81%E5%92%8C%E7%9C%81%E6%9C%AC%E7%BA%A7%E8%B4%A2%E6%94%BF%E5%86%B3%E7%AE%97%281%29.pdf,https://www.hlj.gov.cn/hlj/c110008/202510/31879925/files/2024%E5%B9%B4%E9%BB%91%E9%BE%99%E6%B1%9F%E7%9C%81%E5%92%8C%E7%9C%81%E6%9C%AC%E7%BA%A7%E8%B4%A2%E6%94%BF%E5%86%B3%E7%AE%97%281%29.pdf,https://www.hlj.gov.cn/hlj/c110008/202510/31879925/files/2024%E5%B9%B4%E9%BB%91%E9%BE%99%E6%B1%9F%E7%9C%81%E5%92%8C%E7%9C%81%E6%9C%AC%E7%BA%A7%E8%B4%A2%E6%94%BF%E5%86%B3%E7%AE%97%281%29.pdf,https://www.hlj.gov.cn/hlj/c110008/202510/31879925/files/2024%E5%B9%B4%E9%BB%91%E9%BE%99%E6%B1%9F%E7%9C%81%E5%92%8C%E7%9C%81%E6%9C%AC%E7%BA%A7%E8%B4%A2%E6%94%BF%E5%86%B3%E7%AE%97%281%29.pdf,https://www.hlj.gov.cn/hlj/c110008/202510/31879925/files/2024%E5%B9%B4%E9%BB%91%E9%BE%99%E6%B1%9F%E7%9C%81%E5%92%8C%E7%9C%81%E6%9C%AC%E7%BA%A7%E8%B4%A2%E6%94%BF%E5%86%B3%E7%AE%97%281%29.pdf,heilongjiang_2024.pdf,application/pdf,2025-10-01,2025-10-01,2024-12-31,2026-08-01T00:00:00+08:00,c9fde2796205251d75459acbe281539e23bca18fd3ca60032b8dde5830f4667a,archive://national-prefecture-panel/raw/province_debt/2024/official/heilongjiang_2024.pdf,internal_object,raw/province_debt/2024/official/heilongjiang_2024.pdf,,A1,200,官方附件已归档,,按地级行政单元逐行读取官方 PDF、XLSX 或其归档文本中的全域政府债务限额与余额；省本级、市本级、区县和小计行不并入地级市。
SRC-PROVINCE-DEBT-HUNAN-2020,湖南省财政厅,省级,湖南省2020年地方政府债务限额及余额决算情况表,official_attachment,hunan_2020_file_2.pdf,地方政府债务限额及余额公开表,https://czt.hunan.gov.cn/czt/sbj/202108/20374117/files/6fe22f2864ab4da4bb152616e5bcf726.zip,https://czt.hunan.gov.cn/czt/sbj/202108/20374117/files/6fe22f2864ab4da4bb152616e5bcf726.zip,https://czt.hunan.gov.cn/czt/sbj/202108/20374117/files/6fe22f2864ab4da4bb152616e5bcf726.zip,https://czt.hunan.gov.cn/czt/sbj/202108/20374117/files/6fe22f2864ab4da4bb152616e5bcf726.zip,https://czt.hunan.gov.cn/czt/sbj/202108/20374117/files/6fe22f2864ab4da4bb152616e5bcf726.zip,hunan_2020_file_2.pdf,application/pdf,2021-08-18,2021-08-18,2020-12-31,2026-08-01T00:00:00+08:00,d5dc83af466da4582d3a64fe0a67dbafb425795cbaabc136281ff5c1da1bf1ee,archive://national-prefecture-panel/raw/province_debt/2020/official/extracted/hunan_2020_file_2.pdf,internal_object,raw/province_debt/2020/official/extracted/hunan_2020_file_2.pdf,,A1,200,官方附件已归档,,按地级行政单元逐行读取官方 PDF、XLSX 或其归档文本中的全域政府债务限额与余额；省本级、市本级、区县和小计行不并入地级市。
SRC-PROVINCE-DEBT-JIANGSU-2023,江苏省财政厅,省级,江苏省2023年地方政府债务限额及余额情况表,official_attachment,jiangsu_2023.pdf,地方政府债务限额及余额公开表,https://czt.jiangsu.gov.cn/attach/-1/2504291824050610353.pdf,https://czt.jiangsu.gov.cn/attach/-1/2504291824050610353.pdf,https://czt.jiangsu.gov.cn/attach/-1/2504291824050610353.pdf,https://czt.jiangsu.gov.cn/attach/-1/2504291824050610353.pdf,https://czt.jiangsu.gov.cn/attach/-1/2504291824050610353.pdf,jiangsu_2023.pdf,application/pdf,2024-04-29,2024-04-29,2023-12-31,2026-08-01T00:00:00+08:00,596ce78199b3e8eae73b8d5f773a88cf30b887d1e3b1c642e666d7d7e61360b7,archive://national-prefecture-panel/raw/province_debt/2023/official/jiangsu_2023.pdf,internal_object,raw/province_debt/2023/official/jiangsu_2023.pdf,,A1,200,官方附件已归档,,按地级行政单元逐行读取官方 PDF、XLSX 或其归档文本中的全域政府债务限额与余额；省本级、市本级、区县和小计行不并入地级市。
SRC-PROVINCE-DEBT-JIANGSU-2022,江苏省财政厅,省级,江苏省2022年地方政府债务限额及余额情况表,official_attachment,jiangsu_2022.pdf,地方政府债务限额及余额公开表,https://czt.jiangsu.gov.cn/attach/-1/2504291823071189279.pdf,https://czt.jiangsu.gov.cn/attach/-1/2504291823071189279.pdf,https://czt.jiangsu.gov.cn/attach/-1/2504291823071189279.pdf,https://czt.jiangsu.gov.cn/attach/-1/2504291823071189279.pdf,https://czt.jiangsu.gov.cn/attach/-1/2504291823071189279.pdf,jiangsu_2022.pdf,application/pdf,2023-04-03,2023-04-03,2022-12-31,2026-08-01T00:00:00+08:00,a589e52ec036125bbb2c1238d077560149640d6a64060bc6acde358af74ff6ab,archive://national-prefecture-panel/raw/province_debt/2022/official/jiangsu_2022.pdf,internal_object,raw/province_debt/2022/official/jiangsu_2022.pdf,,A1,200,官方附件已归档,,按地级行政单元逐行读取官方 PDF、XLSX 或其归档文本中的全域政府债务限额与余额；省本级、市本级、区县和小计行不并入地级市。
SRC-PROVINCE-DEBT-JIANGSU-2021,江苏省财政厅,省级,江苏省2021年地方政府债务限额及余额情况表,official_attachment,jiangsu_2021.pdf,地方政府债务限额及余额公开表,https://czt.jiangsu.gov.cn/attach/0/d8a51d4d8db842dc82c3db7b6a6ae840.pdf,https://czt.jiangsu.gov.cn/attach/0/d8a51d4d8db842dc82c3db7b6a6ae840.pdf,https://czt.jiangsu.gov.cn/attach/0/d8a51d4d8db842dc82c3db7b6a6ae840.pdf,https://czt.jiangsu.gov.cn/attach/0/d8a51d4d8db842dc82c3db7b6a6ae840.pdf,https://czt.jiangsu.gov.cn/attach/0/d8a51d4d8db842dc82c3db7b6a6ae840.pdf,jiangsu_2021.pdf,application/pdf,2022-02-01,2022-02-01,2021-12-31,2026-08-01T00:00:00+08:00,825760bb16be80bc8ae13b6b458f6e572bdc3a43ac5c5c7b152a151e5e8cbfd1,archive://national-prefecture-panel/raw/province_debt/2021/official/jiangsu_2021.pdf,internal_object,raw/province_debt/2021/official/jiangsu_2021.pdf,,A1,200,官方附件已归档,,按地级行政单元逐行读取官方 PDF、XLSX 或其归档文本中的全域政府债务限额与余额；省本级、市本级、区县和小计行不并入地级市。
SRC-CELMA-DEBT-GUANGDONG-2021,中央国债登记结算有限责任公司,中央,广东省2021年地方政府债务限额及余额决算情况表,official_attachment,广东_2021_57700.xlsx,地方政府债务限额及余额公开表,https://www.governbond.org.cn:4443/api/loadBondData.action,https://www.governbond.org.cn:4443/api/loadBondData.action,https://www.governbond.org.cn:4443/api/loadBondData.action,https://www.governbond.org.cn:4443/api/loadBondData.action,https://www.governbond.org.cn:4443/api/loadBondData.action,广东_2021_57700.xlsx,application/vnd.openxmlformats-officedocument.spreadsheetml.sheet,2022-01-01,2022-01-01,2021-12-31,2026-08-01T00:00:00+08:00,449fe3df7cfdb0d3d023333a71a6250f211c376b7324f9e8d094a45506d3fae8,archive://national-prefecture-panel/raw/province_debt/celma/2021/广东_2021_57700.xlsx,internal_object,raw/province_debt/celma/2021/广东_2021_57700.xlsx,,A2,200,官方附件已归档,,按地级行政单元逐行读取官方 PDF、XLSX 或其归档文本中的全域政府债务限额与余额；省本级、市本级、区县和小计行不并入地级市。
SRC-CELMA-DEBT-GUANGDONG-2022,中央国债登记结算有限责任公司,中央,广东省2022年地方政府债务限额及余额决算情况表,official_attachment,广东_2023_61450.xlsx,地方政府债务限额及余额公开表,https://www.governbond.org.cn:4443/api/loadBondData.action,https://www.governbond.org.cn:4443/api/loadBondData.action,https://www.governbond.org.cn:4443/api/loadBondData.action,https://www.governbond.org.cn:4443/api/loadBondData.action,https://www.governbond.org.cn:4443/api/loadBondData.action,广东_2023_61450.xlsx,application/vnd.openxmlformats-officedocument.spreadsheetml.sheet,2023-01-01,2023-01-01,2022-12-31,2026-08-01T00:00:00+08:00,c76984e28958985a30ffd49087c5074d7052dff4bf13bf6478143ad9b67d5b00,archive://national-prefecture-panel/raw/province_debt/celma/2023/广东_2023_61450.xlsx,internal_object,raw/province_debt/celma/2023/广东_2023_61450.xlsx,,A2,200,官方附件已归档,,按地级行政单元逐行读取官方 PDF、XLSX 或其归档文本中的全域政府债务限额与余额；省本级、市本级、区县和小计行不并入地级市。
SRC-CELMA-DEBT-HAINAN-2022,中央国债登记结算有限责任公司,中央,海南省2022年地方政府债务限额及余额决算情况表,official_attachment,海南_2022_60810.xlsx,地方政府债务限额及余额公开表,https://www.governbond.org.cn:4443/api/loadBondData.action,https://www.governbond.org.cn:4443/api/loadBondData.action,https://www.governbond.org.cn:4443/api/loadBondData.action,https://www.governbond.org.cn:4443/api/loadBondData.action,https://www.governbond.org.cn:4443/api/loadBondData.action,海南_2022_60810.xlsx,application/vnd.openxmlformats-officedocument.spreadsheetml.sheet,2023-01-01,2023-01-01,2022-12-31,2026-08-01T00:00:00+08:00,af71fc11dd075daa954163631f3ed5916157898fefcf0fb075f40d5de9b2457e,archive://national-prefecture-panel/raw/province_debt/celma/2022/海南_2022_60810.xlsx,internal_object,raw/province_debt/celma/2022/海南_2022_60810.xlsx,,A2,200,官方附件已归档,,按地级行政单元逐行读取官方 PDF、XLSX 或其归档文本中的全域政府债务限额与余额；省本级、市本级、区县和小计行不并入地级市。
SRC-CELMA-DEBT-HAINAN-2023,中央国债登记结算有限责任公司,中央,海南省2023年地方政府债务限额及余额决算情况表,official_attachment,海南_2023_60812.xlsx,地方政府债务限额及余额公开表,https://www.governbond.org.cn:4443/api/loadBondData.action,https://www.governbond.org.cn:4443/api/loadBondData.action,https://www.governbond.org.cn:4443/api/loadBondData.action,https://www.governbond.org.cn:4443/api/loadBondData.action,https://www.governbond.org.cn:4443/api/loadBondData.action,海南_2023_60812.xlsx,application/vnd.openxmlformats-officedocument.spreadsheetml.sheet,2024-01-01,2024-01-01,2023-12-31,2026-08-01T00:00:00+08:00,8fb76d8862a652799c1551b11271414d4fb94d895cc97d6fcb51bbd55c5d3c1d,archive://national-prefecture-panel/raw/province_debt/celma/2023/海南_2023_60812.xlsx,internal_object,raw/province_debt/celma/2023/海南_2023_60812.xlsx,,A2,200,官方附件已归档,,按地级行政单元逐行读取官方 PDF、XLSX 或其归档文本中的全域政府债务限额与余额；省本级、市本级、区县和小计行不并入地级市。
SRC-CITY-DEBT-TIBET-SHANNAN-2025,山南市财政局,市级,关于公开2026年山南市本级政府预算的公告（表6：2025年末山南市政府债务余额表）,official_attachment,shannan_2025.txt,地方政府债务限额及余额公开表,https://www.shannan.gov.cn/zwgk/zdlyxxgk/yjsgk/202602/t20260206_164492.html,https://www.shannan.gov.cn/zwgk/zdlyxxgk/yjsgk/202602/t20260206_164492.html,https://www.shannan.gov.cn/zwgk/zdlyxxgk/yjsgk/202602/P020260206652477610598.xlsx,https://www.shannan.gov.cn/zwgk/zdlyxxgk/yjsgk/202602/t20260206_164492.html,https://www.shannan.gov.cn/zwgk/zdlyxxgk/yjsgk/202602/P020260206652477610598.xlsx,shannan_2025.txt,text/plain,2026-02-06,2026-02-06,2025-12-31,2026-08-01T00:00:00+08:00,3b649baf5842620ed4e56ca9cf93b8d5e7bb4c709a41516244fd3fe442b8066f,archive://national-prefecture-panel/raw/province_debt/2025/official/shannan_2025.txt,internal_object,raw/province_debt/2025/official/shannan_2025.txt,,A1,200,官方附件已归档,,官方预算公开 XLSX 的表6列示全市余额合计94.95亿元、一般债务54.54亿元、专项债务40.41亿元；不把表中市本级或区县预算数据并入全市口径。
SRC-CITY-DEBT-TIBET-LINZHI-2025,林芝市财政局,市级,林芝市政府预算公开（2025年末林芝市政府债务限额及余额情况表）,official_attachment,linzhi_2025.txt,地方政府债务限额及余额公开表,https://czj.linzhi.gov.cn/lzczj/c106319/202601/c3370ed69bdf4def97334c6c6697c3ad.shtml,https://czj.linzhi.gov.cn/lzczj/c106319/202601/c3370ed69bdf4def97334c6c6697c3ad.shtml,https://czj.linzhi.gov.cn/lzczj/c106319/202601/c3370ed69bdf4def97334c6c6697c3ad/files/3.%E6%9E%97%E8%8A%9D%E5%B8%82%E6%94%BF%E5%BA%9C%E5%80%BA%E5%8A%A1%E7%9B%B8%E5%85%B3%E6%83%85%E5%86%B5%E8%AF%B4%E6%98%8E2025.doc,https://czj.linzhi.gov.cn/lzczj/c106319/202601/c3370ed69bdf4def97334c6c6697c3ad.shtml,https://czj.linzhi.gov.cn/lzczj/c106319/202601/c3370ed69bdf4def97334c6c6697c3ad/files/3.%E6%9E%97%E8%8A%9D%E5%B8%82%E6%94%BF%E5%BA%9C%E5%80%BA%E5%8A%A1%E7%9B%B8%E5%85%B3%E6%83%85%E5%86%B5%E8%AF%B4%E6%98%8E2025.doc,linzhi_2025.txt,text/plain,2026-01-01,2026-01-01,2025-12-31,2026-08-01T00:00:00+08:00,bb5449e7f6fb38e6a97c730b7fade2a495187e606b9fae852b938c681fc8c0a9,archive://national-prefecture-panel/raw/province_debt/2025/official/linzhi_2025.txt,internal_object,raw/province_debt/2025/official/linzhi_2025.txt,,A1,200,官方附件已归档,,官方政府债务情况说明及附件3列示林芝市全市口径；区县行不并入地级市。
SRC-OFFICIAL-DEBT-GANSU-JIAYUGUAN-2024,嘉峪关市人民政府、嘉峪关市财政局,市级,嘉峪关市2024年市级财政决算草案和2025年上半年财政预算执行情况报告,official_attachment,jiayuguan_2024_official.txt,地方政府债务限额及余额公开表,https://wap.jyg.gov.cn/cms_files/filemanager/958854702/attach/20257/b56a8828204c4424aaeee2ab0a0ea36e.pdf,https://wap.jyg.gov.cn/cms_files/filemanager/958854702/attach/20257/b56a8828204c4424aaeee2ab0a0ea36e.pdf,https://wap.jyg.gov.cn/cms_files/filemanager/958854702/attach/20257/b56a8828204c4424aaeee2ab0a0ea36e.pdf,https://wap.jyg.gov.cn/cms_files/filemanager/958854702/attach/20257/b56a8828204c4424aaeee2ab0a0ea36e.pdf,https://wap.jyg.gov.cn/cms_files/filemanager/958854702/attach/20257/b56a8828204c4424aaeee2ab0a0ea36e.pdf,jiayuguan_2024_official.txt,text/plain,2025-09-02,2025-09-02,2024-12-31,2026-08-01T00:00:00+08:00,2a10fbc6f0985ef2e339dbde7639b81643d9d991170f288a882b45822abcf46e,archive://national-prefecture-panel/raw/province_debt/2024/official/jiayuguan_2024_official.txt,internal_object,raw/province_debt/2024/official/jiayuguan_2024_official.txt,,A2,200,官方附件已归档,,官方报告明确披露2024年末市级政府债务余额73.29亿元，其中一般债务31.58亿元、专项债务41.71亿元。
SRC-PROVINCE-DEBT-XINJIANG-2018,新疆维吾尔自治区财政厅,省级,新疆维吾尔自治区2018年地方政府债务限额及余额决算情况表,official_attachment,xinjiang_2018.xlsx,地方政府债务限额及余额公开表,https://czt.xinjiang.gov.cn/xjczt/c115183/202106/eac25c0761a4404ea3ee027b33d90d20.shtml,https://czt.xinjiang.gov.cn/xjczt/c115183/202106/eac25c0761a4404ea3ee027b33d90d20.shtml,https://czt.xinjiang.gov.cn/xjczt/c115183/202106/eac25c0761a4404ea3ee027b33d90d20.shtml,https://czt.xinjiang.gov.cn/xjczt/c115183/202106/eac25c0761a4404ea3ee027b33d90d20.shtml,https://czt.xinjiang.gov.cn/xjczt/c115183/202106/eac25c0761a4404ea3ee027b33d90d20.shtml,xinjiang_2018.xlsx,application/vnd.openxmlformats-officedocument.spreadsheetml.sheet,2021-06-01,2021-06-01,2018-12-31,2026-08-01T00:00:00+08:00,d50685f5e56fa46c42130b0323ecff6d604c6cdfaedbf05118007e72b85787e2,archive://national-prefecture-panel/raw/province_debt/2018/official/xinjiang_2018.xlsx,internal_object,raw/province_debt/2018/official/xinjiang_2018.xlsx,,A1,200,官方附件已归档,,按地级行政单元逐行读取官方 PDF、XLSX 或其归档文本中的全域政府债务限额与余额；省本级、市本级、区县和小计行不并入地级市。
SRC-PROVINCE-DEBT-XINJIANG-2019,新疆维吾尔自治区财政厅,省级,新疆维吾尔自治区2019年地方政府债务限额及余额决算情况表,official_attachment,xinjiang_2019.xlsx,地方政府债务限额及余额公开表,https://czt.xinjiang.gov.cn/xjczt/c115182/202106/4fa4cfb446ae468aae023696cbc80a72.shtml,https://czt.xinjiang.gov.cn/xjczt/c115182/202106/4fa4cfb446ae468aae023696cbc80a72.shtml,https://czt.xinjiang.gov.cn/xjczt/c115182/202106/4fa4cfb446ae468aae023696cbc80a72.shtml,https://czt.xinjiang.gov.cn/xjczt/c115182/202106/4fa4cfb446ae468aae023696cbc80a72.shtml,https://czt.xinjiang.gov.cn/xjczt/c115182/202106/4fa4cfb446ae468aae023696cbc80a72.shtml,xinjiang_2019.xlsx,application/vnd.openxmlformats-officedocument.spreadsheetml.sheet,2021-06-01,2021-06-01,2019-12-31,2026-08-01T00:00:00+08:00,428a4bb6543a0c05a8475a6c8f2232c61649e63e84560891bf8b3856ecd7b5d9,archive://national-prefecture-panel/raw/province_debt/2019/official/xinjiang_2019.xlsx,internal_object,raw/province_debt/2019/official/xinjiang_2019.xlsx,,A1,200,官方附件已归档,,按地级行政单元逐行读取官方 PDF、XLSX 或其归档文本中的全域政府债务限额与余额；省本级、市本级、区县和小计行不并入地级市。
SRC-PROVINCE-DEBT-XINJIANG-2021,新疆维吾尔自治区财政厅,省级,2021年度自治区政府债务限额、余额（含一般债务限额、余额和专项债务限额、余额）情况表,official_attachment,xinjiang_2021.xlsx,地方政府债务限额及余额公开表,https://czt.xinjiang.gov.cn/xjczt/c115180/202208/303b201c33f249719d24026c926cf1f9.shtml,https://czt.xinjiang.gov.cn/xjczt/c115180/202208/303b201c33f249719d24026c926cf1f9.shtml,https://czt.xinjiang.gov.cn/xjczt/c115180/202208/303b201c33f249719d24026c926cf1f9.shtml,https://czt.xinjiang.gov.cn/xjczt/c115180/202208/303b201c33f249719d24026c926cf1f9.shtml,https://czt.xinjiang.gov.cn/xjczt/c115180/202208/303b201c33f249719d24026c926cf1f9.shtml,xinjiang_2021.xlsx,application/vnd.openxmlformats-officedocument.spreadsheetml.sheet,2022-08-01,2022-08-01,2021-12-31,2026-08-01T00:00:00+08:00,b055ac2f7fd923a5171fcc37295858ed3e468380bc6ee1dc5d524cd5cab8381f,archive://national-prefecture-panel/raw/province_debt/2021/official/xinjiang_2021.xlsx,internal_object,raw/province_debt/2021/official/xinjiang_2021.xlsx,,A1,200,官方附件已归档,,按地级行政单元逐行读取官方 PDF、XLSX 或其归档文本中的全域政府债务限额与余额；省本级、市本级、区县和小计行不并入地级市。
SRC-PROVINCE-DEBT-XINJIANG-2022,新疆维吾尔自治区财政厅,省级,2022年度自治区政府债务限额、余额（含一般债务限额、余额和专项债务限额、余额）情况表,official_attachment,xinjiang_2022.xlsx,地方政府债务限额及余额公开表,https://czt.xinjiang.gov.cn/xjczt/c115179/202308/7dfaabbaa50343e6b46340330427ca09.shtml,https://czt.xinjiang.gov.cn/xjczt/c115179/202308/7dfaabbaa50343e6b46340330427ca09.shtml,https://czt.xinjiang.gov.cn/xjczt/c115179/202308/7dfaabbaa50343e6b46340330427ca09.shtml,https://czt.xinjiang.gov.cn/xjczt/c115179/202308/7dfaabbaa50343e6b46340330427ca09.shtml,https://czt.xinjiang.gov.cn/xjczt/c115179/202308/7dfaabbaa50343e6b46340330427ca09.shtml,xinjiang_2022.xlsx,application/vnd.openxmlformats-officedocument.spreadsheetml.sheet,2023-08-01,2023-08-01,2022-12-31,2026-08-01T00:00:00+08:00,31745063a2207bbd259ff11cb3a1a4665133efdb3090e3cbeb7f2ec5a735ac36,archive://national-prefecture-panel/raw/province_debt/2022/official/xinjiang_2022.xlsx,internal_object,raw/province_debt/2022/official/xinjiang_2022.xlsx,,A1,200,官方附件已归档,,按地级行政单元逐行读取官方 PDF、XLSX 或其归档文本中的全域政府债务限额与余额；省本级、市本级、区县和小计行不并入地级市。
SRC-PROVINCE-DEBT-XINJIANG-2023,新疆维吾尔自治区财政厅,省级,2023年度新疆维吾尔自治区政府债务限额、余额（含一般债务限额、余额和专项债务限额、余额）情况表,official_attachment,xinjiang_2023.pdf,地方政府债务限额及余额公开表,https://czt.xinjiang.gov.cn/xjczt/c115264/202408/77c9015ace964208ae8fc8e9b6490d71.shtml,https://czt.xinjiang.gov.cn/xjczt/c115264/202408/77c9015ace964208ae8fc8e9b6490d71.shtml,https://czt.xinjiang.gov.cn/xjczt/c115264/202408/77c9015ace964208ae8fc8e9b6490d71.shtml,https://czt.xinjiang.gov.cn/xjczt/c115264/202408/77c9015ace964208ae8fc8e9b6490d71.shtml,https://czt.xinjiang.gov.cn/xjczt/c115264/202408/77c9015ace964208ae8fc8e9b6490d71.shtml,xinjiang_2023.pdf,application/pdf,2024-08-01,2024-08-01,2023-12-31,2026-08-01T00:00:00+08:00,881cebd85333aed33c495d0b9fa9a52aaaa6e5681c7dacf1847e6c2cd3b72777,archive://national-prefecture-panel/raw/province_debt/2023/official/xinjiang_2023.pdf,internal_object,raw/province_debt/2023/official/xinjiang_2023.pdf,,A1,200,官方附件已归档,,按地级行政单元逐行读取官方 PDF、XLSX 或其归档文本中的全域政府债务限额与余额；省本级、市本级、区县和小计行不并入地级市。
SRC-PROVINCE-DEBT-XINJIANG-2024,新疆维吾尔自治区财政厅,省级,2024年度新疆维吾尔自治区政府债务限额、余额情况表,official_attachment,xinjiang_2024.pdf,地方政府债务限额及余额公开表,https://czt.xinjiang.gov.cn/xjczt/c115005/202508/ba2ded541fca4b7b908e68b663e29e3e/files/2024%E5%B9%B4%E5%BA%A6%E8%87%AA%E6%B2%BB%E5%8C%BA%E6%94%BF%E5%BA%9C%E5%80%BA%E5%8A%A1%E5%86%B3%E7%AE%97%E6%83%85%E5%86%B5%E8%AF%B4%E6%98%8E%EF%BC%88%E9%99%84%E4%BB%B6%E6%B1%87%E6%80%BB%EF%BC%89.pdf,https://czt.xinjiang.gov.cn/xjczt/c115005/202508/ba2ded541fca4b7b908e68b663e29e3e/files/2024%E5%B9%B4%E5%BA%A6%E8%87%AA%E6%B2%BB%E5%8C%BA%E6%94%BF%E5%BA%9C%E5%80%BA%E5%8A%A1%E5%86%B3%E7%AE%97%E6%83%85%E5%86%B5%E8%AF%B4%E6%98%8E%EF%BC%88%E9%99%84%E4%BB%B6%E6%B1%87%E6%80%BB%EF%BC%89.pdf,https://czt.xinjiang.gov.cn/xjczt/c115005/202508/ba2ded541fca4b7b908e68b663e29e3e/files/2024%E5%B9%B4%E5%BA%A6%E8%87%AA%E6%B2%BB%E5%8C%BA%E6%94%BF%E5%BA%9C%E5%80%BA%E5%8A%A1%E5%86%B3%E7%AE%97%E6%83%85%E5%86%B5%E8%AF%B4%E6%98%8E%EF%BC%88%E9%99%84%E4%BB%B6%E6%B1%87%E6%80%BB%EF%BC%89.pdf,https://czt.xinjiang.gov.cn/xjczt/c115005/202508/ba2ded541fca4b7b908e68b663e29e3e/files/2024%E5%B9%B4%E5%BA%A6%E8%87%AA%E6%B2%BB%E5%8C%BA%E6%94%BF%E5%BA%9C%E5%80%BA%E5%8A%A1%E5%86%B3%E7%AE%97%E6%83%85%E5%86%B5%E8%AF%B4%E6%98%8E%EF%BC%88%E9%99%84%E4%BB%B6%E6%B1%87%E6%80%BB%EF%BC%89.pdf,https://czt.xinjiang.gov.cn/xjczt/c115005/202508/ba2ded541fca4b7b908e68b663e29e3e/files/2024%E5%B9%B4%E5%BA%A6%E8%87%AA%E6%B2%BB%E5%8C%BA%E6%94%BF%E5%BA%9C%E5%80%BA%E5%8A%A1%E5%86%B3%E7%AE%97%E6%83%85%E5%86%B5%E8%AF%B4%E6%98%8E%EF%BC%88%E9%99%84%E4%BB%B6%E6%B1%87%E6%80%BB%EF%BC%89.pdf,xinjiang_2024.pdf,application/pdf,2025-08-13,2025-08-13,2024-12-31,2026-08-01T00:00:00+08:00,,,internal_object,,,A1,200,官方附件已归档,,按地级行政单元逐行读取官方 PDF、XLSX 或其归档文本中的全域政府债务限额与余额；省本级、市本级、区县和小计行不并入地级市。
SRC-CITY-DEBT-HEBEI-SHIJIAZHUANG-2024,石家庄市财政局,市级,石家庄市2024年市本级和全市财政决算公开表及有关情况的说明,official_attachment,shijiazhuang_2024.pdf,地方政府债务限额及余额公开表,https://www.sjz.gov.cn/yjsgk/atm/b16fa88e-0b1e-4fa9-a8d3-d54dccd37295/%E7%9F%B3%E5%AE%B6%E5%BA%84%E5%B8%822024%E5%B9%B4%E5%B8%82%E6%9C%AC%E7%BA%A7%E5%92%8C%E5%85%A8%E5%B8%82%E8%B4%A2%E6%94%BF%E5%86%B3%E7%AE%97%E5%85%AC%E5%BC%80%E8%A1%A8%E5%8F%8A%E6%9C%89%E5%85%B3%E6%83%85%E5%86%B5%E7%9A%84%E8%AF%B4%E6%98%8E20250911164818949.pdf?sid=,https://www.sjz.gov.cn/yjsgk/atm/b16fa88e-0b1e-4fa9-a8d3-d54dccd37295/%E7%9F%B3%E5%AE%B6%E5%BA%84%E5%B8%822024%E5%B9%B4%E5%B8%82%E6%9C%AC%E7%BA%A7%E5%92%8C%E5%85%A8%E5%B8%82%E8%B4%A2%E6%94%BF%E5%86%B3%E7%AE%97%E5%85%AC%E5%BC%80%E8%A1%A8%E5%8F%8A%E6%9C%89%E5%85%B3%E6%83%85%E5%86%B5%E7%9A%84%E8%AF%B4%E6%98%8E20250911164818949.pdf?sid=,https://www.sjz.gov.cn/yjsgk/atm/b16fa88e-0b1e-4fa9-a8d3-d54dccd37295/%E7%9F%B3%E5%AE%B6%E5%BA%84%E5%B8%822024%E5%B9%B4%E5%B8%82%E6%9C%AC%E7%BA%A7%E5%92%8C%E5%85%A8%E5%B8%82%E8%B4%A2%E6%94%BF%E5%86%B3%E7%AE%97%E5%85%AC%E5%BC%80%E8%A1%A8%E5%8F%8A%E6%9C%89%E5%85%B3%E6%83%85%E5%86%B5%E7%9A%84%E8%AF%B4%E6%98%8E20250911164818949.pdf?sid=,https://www.sjz.gov.cn/yjsgk/atm/b16fa88e-0b1e-4fa9-a8d3-d54dccd37295/%E7%9F%B3%E5%AE%B6%E5%BA%84%E5%B8%822024%E5%B9%B4%E5%B8%82%E6%9C%AC%E7%BA%A7%E5%92%8C%E5%85%A8%E5%B8%82%E8%B4%A2%E6%94%BF%E5%86%B3%E7%AE%97%E5%85%AC%E5%BC%80%E8%A1%A8%E5%8F%8A%E6%9C%89%E5%85%B3%E6%83%85%E5%86%B5%E7%9A%84%E8%AF%B4%E6%98%8E20250911164818949.pdf?sid=,https://www.sjz.gov.cn/yjsgk/atm/b16fa88e-0b1e-4fa9-a8d3-d54dccd37295/%E7%9F%B3%E5%AE%B6%E5%BA%84%E5%B8%822024%E5%B9%B4%E5%B8%82%E6%9C%AC%E7%BA%A7%E5%92%8C%E5%85%A8%E5%B8%82%E8%B4%A2%E6%94%BF%E5%86%B3%E7%AE%97%E5%85%AC%E5%BC%80%E8%A1%A8%E5%8F%8A%E6%9C%89%E5%85%B3%E6%83%85%E5%86%B5%E7%9A%84%E8%AF%B4%E6%98%8E20250911164818949.pdf?sid=,shijiazhuang_2024.pdf,application/pdf,2025-09-11,2025-09-11,2024-12-31,2026-08-01T00:00:00+08:00,,,internal_object,,,A1,200,官方附件已归档,,按地级行政单元逐行读取官方 PDF、XLSX 或其归档文本中的全域政府债务限额与余额；省本级、市本级、区县和小计行不并入地级市。
SRC-CITY-DEBT-HEBEI-CHENGDE-2024,承德市财政局,市级,承德市2024年财政决算公开表及说明,official_attachment,chengde_2024.pdf,地方政府债务限额及余额公开表,https://www.chengde.gov.cn/attach/0/646ee12fa88341b491b741e958001b45.pdf,https://www.chengde.gov.cn/attach/0/646ee12fa88341b491b741e958001b45.pdf,https://www.chengde.gov.cn/attach/0/646ee12fa88341b491b741e958001b45.pdf,https://www.chengde.gov.cn/attach/0/646ee12fa88341b491b741e958001b45.pdf,https://www.chengde.gov.cn/attach/0/646ee12fa88341b491b741e958001b45.pdf,chengde_2024.pdf,application/pdf,2025-08-29,2025-08-29,2024-12-31,2026-08-01T00:00:00+08:00,,,internal_object,,,A1,200,官方附件已归档,,按地级行政单元逐行读取官方 PDF、XLSX 或其归档文本中的全域政府债务限额与余额；省本级、市本级、区县和小计行不并入地级市。
SRC-CITY-DEBT-TIBET-LHASA-2024,拉萨市财政局,市级,拉萨市2024年财政决算公开及相关说明,official_attachment,lhasa_2024.pdf,地方政府债务限额及余额公开表,https://czj.lasa.gov.cn/czj/czjs/202509/88feb7dca1e549edb2a144dab65e8adf/files/58f948731a0a42d889497fc936efa0a1.pdf,https://czj.lasa.gov.cn/czj/czjs/202509/88feb7dca1e549edb2a144dab65e8adf/files/58f948731a0a42d889497fc936efa0a1.pdf,https://czj.lasa.gov.cn/czj/czjs/202509/88feb7dca1e549edb2a144dab65e8adf/files/58f948731a0a42d889497fc936efa0a1.pdf,https://czj.lasa.gov.cn/czj/czjs/202509/88feb7dca1e549edb2a144dab65e8adf/files/58f948731a0a42d889497fc936efa0a1.pdf,https://czj.lasa.gov.cn/czj/czjs/202509/88feb7dca1e549edb2a144dab65e8adf/files/58f948731a0a42d889497fc936efa0a1.pdf,lhasa_2024.pdf,application/pdf,2025-09-01,2025-09-01,2024-12-31,2026-08-01T00:00:00+08:00,,,internal_object,,,A1,200,官方附件已归档,,按地级行政单元逐行读取官方 PDF、XLSX 或其归档文本中的全域政府债务限额与余额；省本级、市本级、区县和小计行不并入地级市。
SRC-CITY-DEBT-SHANXI-DATONG-2024,大同市财政局,市级,2024年度大同市地方政府债务余额情况表,official_attachment,datong_2024.pdf,地方政府债务限额及余额公开表,https://www.dt.gov.cn/dtszf/czzjxx/202509/6e0048fe33e94b58a494f4fab4e696be.shtml,https://www.dt.gov.cn/dtszf/czzjxx/202509/6e0048fe33e94b58a494f4fab4e696be.shtml,https://www.dt.gov.cn/dtszf/czzjxx/202509/6e0048fe33e94b58a494f4fab4e696be.shtml,https://www.dt.gov.cn/dtszf/czzjxx/202509/6e0048fe33e94b58a494f4fab4e696be.shtml,https://www.dt.gov.cn/dtszf/czzjxx/202509/6e0048fe33e94b58a494f4fab4e696be.shtml,datong_2024.pdf,application/pdf,2025-09-02,2025-09-02,2024-12-31,2026-08-01T00:00:00+08:00,,,internal_object,,,A1,200,官方附件已归档,,按地级行政单元逐行读取官方 PDF、XLSX 或其归档文本中的全域政府债务限额与余额；省本级、市本级、区县和小计行不并入地级市。
SRC-CITY-DEBT-ANHUI-SUZHOU-2024,宿州市财政局,市级,宿州市2024年地方政府债务限额及余额决算情况表,official_attachment,suzhou_2024.pdf,地方政府债务限额及余额公开表,https://czj.ahsz.gov.cn/group1/M00/59/29/Cpc8VmiUDNGAP6rcAAMPLToTNWg618.pdf,https://czj.ahsz.gov.cn/group1/M00/59/29/Cpc8VmiUDNGAP6rcAAMPLToTNWg618.pdf,https://czj.ahsz.gov.cn/group1/M00/59/29/Cpc8VmiUDNGAP6rcAAMPLToTNWg618.pdf,https://czj.ahsz.gov.cn/group1/M00/59/29/Cpc8VmiUDNGAP6rcAAMPLToTNWg618.pdf,https://czj.ahsz.gov.cn/group1/M00/59/29/Cpc8VmiUDNGAP6rcAAMPLToTNWg618.pdf,suzhou_2024.pdf,application/pdf,2025-09-01,2025-09-01,2024-12-31,2026-08-01T00:00:00+08:00,,,internal_object,,,A1,200,官方附件已归档,,按地级行政单元逐行读取官方 PDF、XLSX 或其归档文本中的全域政府债务限额与余额；省本级、市本级、区县和小计行不并入地级市。
SRC-CITY-DEBT-SHANXI-CHANGZHI-2022,长治市财政局,市级,2022年度长治市地方政府债务余额情况表,official_attachment,changzhi_2022.pdf,地方政府债务限额及余额公开表,https://www.changzhi.gov.cn/xxgkml/zfxxgkml/szfgzbm/sczj/czsrmzf/czyjs/2022czjs/202307/P020230703323397901860.pdf,https://www.changzhi.gov.cn/xxgkml/zfxxgkml/szfgzbm/sczj/czsrmzf/czyjs/2022czjs/202307/P020230703323397901860.pdf,https://www.changzhi.gov.cn/xxgkml/zfxxgkml/szfgzbm/sczj/czsrmzf/czyjs/2022czjs/202307/P020230703323397901860.pdf,https://www.changzhi.gov.cn/xxgkml/zfxxgkml/szfgzbm/sczj/czsrmzf/czyjs/2022czjs/202307/P020230703323397901860.pdf,https://www.changzhi.gov.cn/xxgkml/zfxxgkml/szfgzbm/sczj/czsrmzf/czyjs/2022czjs/202307/P020230703323397901860.pdf,changzhi_2022.pdf,application/pdf,2023-07-03,2023-07-03,2022-12-31,2026-08-01T00:00:00+08:00,,,internal_object,,,A1,200,官方附件已归档,,按地级行政单元逐行读取官方 PDF、XLSX 或其归档文本中的全域政府债务限额与余额；省本级、市本级、区县和小计行不并入地级市。
SRC-CITY-DEBT-TIBET-CHANGDU-2024,西藏昌都市财政局,市级,2024年末昌都市地方政府债务限额及余额决算情况表,official_attachment,changdu_2024.xls,地方政府债务限额及余额公开表,https://czj.changdu.gov.cn/cdsczj/c102357/202501/9b530b85f77246cf81d4ef855fb5980d.shtml,https://czj.changdu.gov.cn/cdsczj/c102357/202501/9b530b85f77246cf81d4ef855fb5980d.shtml,https://czj.changdu.gov.cn/cdsczj/c102357/202501/9b530b85f77246cf81d4ef855fb5980d.shtml,https://czj.changdu.gov.cn/cdsczj/c102357/202501/9b530b85f77246cf81d4ef855fb5980d.shtml,https://czj.changdu.gov.cn/cdsczj/c102357/202501/9b530b85f77246cf81d4ef855fb5980d.shtml,changdu_2024.xls,text/plain,2025-01-01,2025-01-01,2024-12-31,2026-08-01T00:00:00+08:00,3cb40e59f9c1fcd18208c3652a8e8b67f5e6329fade4829f53f86a6e69c0749b,archive://national-prefecture-panel/raw/province_debt/2024/official/changdu_2024.xls,internal_object,raw/province_debt/2024/official/changdu_2024.xls,,A1,200,官方附件已归档,,按地级行政单元逐行读取官方 PDF、XLSX 或其归档文本中的全域政府债务限额与余额；省本级、市本级、区县和小计行不并入地级市。
SRC-CITY-DEBT-JIANGXI-NANCHANG-2024,南昌市财政局,市级,2024年南昌市级政府举借债务情况说明,official_attachment,nanchang_2024.pdf,地方政府债务限额及余额公开表,https://czj.nc.gov.cn/ncczj/2024sjzfjs/202509/8ee54fa7dc764867b9a5bc2421206392/files/39%202024%E5%B9%B4%E5%8D%97%E6%98%8C%E5%B8%82%E6%94%BF%E5%BA%9C%E4%B8%BE%E5%80%9F%E5%80%BA%E5%8A%A1%E6%83%85%E5%86%B5%E8%AF%B4%E6%98%8E.pdf,https://czj.nc.gov.cn/ncczj/2024sjzfjs/202509/8ee54fa7dc764867b9a5bc2421206392/files/39%202024%E5%B9%B4%E5%8D%97%E6%98%8C%E5%B8%82%E6%94%BF%E5%BA%9C%E4%B8%BE%E5%80%9F%E5%80%BA%E5%8A%A1%E6%83%85%E5%86%B5%E8%AF%B4%E6%98%8E.pdf,https://czj.nc.gov.cn/ncczj/2024sjzfjs/202509/8ee54fa7dc764867b9a5bc2421206392/files/39%202024%E5%B9%B4%E5%8D%97%E6%98%8C%E5%B8%82%E6%94%BF%E5%BA%9C%E4%B8%BE%E5%80%9F%E5%80%BA%E5%8A%A1%E6%83%85%E5%86%B5%E8%AF%B4%E6%98%8E.pdf,https://czj.nc.gov.cn/ncczj/2024sjzfjs/202509/8ee54fa7dc764867b9a5bc2421206392/files/39%202024%E5%B9%B4%E5%8D%97%E6%98%8C%E5%B8%82%E6%94%BF%E5%BA%9C%E4%B8%BE%E5%80%9F%E5%80%BA%E5%8A%A1%E6%83%85%E5%86%B5%E8%AF%B4%E6%98%8E.pdf,https://czj.nc.gov.cn/ncczj/2024sjzfjs/202509/8ee54fa7dc764867b9a5bc2421206392/files/39%202024%E5%B9%B4%E5%8D%97%E6%98%8C%E5%B8%82%E6%94%BF%E5%BA%9C%E4%B8%BE%E5%80%9F%E5%80%BA%E5%8A%A1%E6%83%85%E5%86%B5%E8%AF%B4%E6%98%8E.pdf,nanchang_2024.pdf,application/pdf,2025-09-15,2025-09-15,2024-12-31,2026-08-01T00:00:00+08:00,,,internal_object,,,A1,200,官方附件已归档,,按地级行政单元逐行读取官方 PDF、XLSX 或其归档文本中的全域政府债务限额与余额；省本级、市本级、区县和小计行不并入地级市。
SRC-CITY-DEBT-JIANGXI-GANZHOU-2024,赣州市财政局,市级,2024年赣州市本级及所属地区地方政府债务发行、还本付息决算表,official_attachment,ganzhou_2024.pdf,地方政府债务限额及余额公开表,https://czj.ganzhou.gov.cn/gzsczj/c103011/202509/38c5cf5d527b4d2695a812e3d1fee9d7/files/e0e9f091fda6493bace5dfa8f9ccd362.pdf,https://czj.ganzhou.gov.cn/gzsczj/c103011/202509/38c5cf5d527b4d2695a812e3d1fee9d7/files/e0e9f091fda6493bace5dfa8f9ccd362.pdf,https://czj.ganzhou.gov.cn/gzsczj/c103011/202509/38c5cf5d527b4d2695a812e3d1fee9d7/files/e0e9f091fda6493bace5dfa8f9ccd362.pdf,https://czj.ganzhou.gov.cn/gzsczj/c103011/202509/38c5cf5d527b4d2695a812e3d1fee9d7/files/e0e9f091fda6493bace5dfa8f9ccd362.pdf,https://czj.ganzhou.gov.cn/gzsczj/c103011/202509/38c5cf5d527b4d2695a812e3d1fee9d7/files/e0e9f091fda6493bace5dfa8f9ccd362.pdf,ganzhou_2024.pdf,application/pdf,2025-09-01,2025-09-01,2024-12-31,2026-08-01T00:00:00+08:00,,,internal_object,,,A1,200,官方附件已归档,,按地级行政单元逐行读取官方 PDF、XLSX 或其归档文本中的全域政府债务限额与余额；省本级、市本级、区县和小计行不并入地级市。
SRC-CITY-DEBT-HUBEI-WUHAN-2024,武汉市财政局,市级,武汉市2024年地方政府债务限额及余额情况表,official_attachment,wuhan_2024.pdf,地方政府债务限额及余额公开表,https://www.wuhan.gov.cn/ztzl/yjs/2025/yjsgk/sndjs_37171/202509/P020250915402043976336.pdf,https://www.wuhan.gov.cn/ztzl/yjs/2025/yjsgk/sndjs_37171/202509/P020250915402043976336.pdf,https://www.wuhan.gov.cn/ztzl/yjs/2025/yjsgk/sndjs_37171/202509/P020250915402043976336.pdf,https://www.wuhan.gov.cn/ztzl/yjs/2025/yjsgk/sndjs_37171/202509/P020250915402043976336.pdf,https://www.wuhan.gov.cn/ztzl/yjs/2025/yjsgk/sndjs_37171/202509/P020250915402043976336.pdf,wuhan_2024.pdf,application/pdf,2025-09-15,2025-09-15,2024-12-31,2026-08-01T00:00:00+08:00,,,internal_object,,,A1,200,官方附件已归档,,按地级行政单元逐行读取官方 PDF、XLSX 或其归档文本中的全域政府债务限额与余额；省本级、市本级、区县和小计行不并入地级市。
SRC-CITY-DEBT-YUNNAN-DALI-2024,大理白族自治州财政局,州级,27-2024年大理白族自治州地方政府债务限额及余额决算表,official_attachment,dali_2024.pdf,地方政府债务限额及余额公开表,https://www.dali.gov.cn/dlzrmzf/c106264/1971044887813001216/ErMdRBee.pdf,https://www.dali.gov.cn/dlzrmzf/c106264/1971044887813001216/ErMdRBee.pdf,https://www.dali.gov.cn/dlzrmzf/c106264/1971044887813001216/ErMdRBee.pdf,https://www.dali.gov.cn/dlzrmzf/c106264/1971044887813001216/ErMdRBee.pdf,https://www.dali.gov.cn/dlzrmzf/c106264/1971044887813001216/ErMdRBee.pdf,dali_2024.pdf,application/pdf,2025-09-01,2025-09-01,2024-12-31,2026-08-01T00:00:00+08:00,,,internal_object,,,A1,200,官方附件已归档,,按地级行政单元逐行读取官方 PDF、XLSX 或其归档文本中的全域政府债务限额与余额；省本级、市本级、区县和小计行不并入地级市。
SRC-CITY-DEBT-YUNNAN-YUXI-2024,玉溪市财政局,市级,27-2024年玉溪市地方政府债务限额及余额决算表,official_attachment,yuxi_2024.pdf,地方政府债务限额及余额公开表,https://www.yuxi.gov.cn/u/cms/yxszfxxgk/202509/161029480q8r.pdf,https://www.yuxi.gov.cn/u/cms/yxszfxxgk/202509/161029480q8r.pdf,https://www.yuxi.gov.cn/u/cms/yxszfxxgk/202509/161029480q8r.pdf,https://www.yuxi.gov.cn/u/cms/yxszfxxgk/202509/161029480q8r.pdf,https://www.yuxi.gov.cn/u/cms/yxszfxxgk/202509/161029480q8r.pdf,yuxi_2024.pdf,application/pdf,2025-09-01,2025-09-01,2024-12-31,2026-08-01T00:00:00+08:00,,,internal_object,,,A1,200,官方附件已归档,,按地级行政单元逐行读取官方 PDF、XLSX 或其归档文本中的全域政府债务限额与余额；省本级、市本级、区县和小计行不并入地级市。
SRC-CITY-DEBT-YUNNAN-HONGHE-2024,红河哈尼族彝族自治州财政局,州级,附件4：红河州2024年地方政府债务情况说明,official_attachment,honghe_2024_debt.docx,地方政府债务限额及余额公开表,https://www.hh.gov.cn/virtual_attach_file.vsb?afc=AU8C14nmTVo7WkLmz-bUmr7M7VVoRvNbMRlbnm-bU4V2nz90gihFp2hmCIa0U1yiLkyYnkhRo7M2LRUDMlUbMlQ7n7LYU4T2LzT2LRTknmAFMRN4LRL8MzrFMz7YnSbNpDMZo40XtCzNJeC8gJ_EwJqYO3Isjm-aLmzTJpzTjgRtTKjtTgBTJX4T9gKT1/dt9Z5TAK5wKeztt-ZJQ2hm_ROeq2AEvtiEQ1hXptQ0g47PL4UPg47YLR-YL4-JqdTnx,https://www.hh.gov.cn/virtual_attach_file.vsb?afc=AU8C14nmTVo7WkLmz-bUmr7M7VVoRvNbMRlbnm-bU4V2nz90gihFp2hmCIa0U1yiLkyYnkhRo7M2LRUDMlUbMlQ7n7LYU4T2LzT2LRTknmAFMRN4LRL8MzrFMz7YnSbNpDMZo40XtCzNJeC8gJ_EwJqYO3Isjm-aLmzTJpzTjgRtTKjtTgBTJX4T9gKT1/dt9Z5TAK5wKeztt-ZJQ2hm_ROeq2AEvtiEQ1hXptQ0g47PL4UPg47YLR-YL4-JqdTnx,https://www.hh.gov.cn/virtual_attach_file.vsb?afc=AU8C14nmTVo7WkLmz-bUmr7M7VVoRvNbMRlbnm-bU4V2nz90gihFp2hmCIa0U1yiLkyYnkhRo7M2LRUDMlUbMlQ7n7LYU4T2LzT2LRTknmAFMRN4LRL8MzrFMz7YnSbNpDMZo40XtCzNJeC8gJ_EwJqYO3Isjm-aLmzTJpzTjgRtTKjtTgBTJX4T9gKT1/dt9Z5TAK5wKeztt-ZJQ2hm_ROeq2AEvtiEQ1hXptQ0g47PL4UPg47YLR-YL4-JqdTnx,https://www.hh.gov.cn/virtual_attach_file.vsb?afc=AU8C14nmTVo7WkLmz-bUmr7M7VVoRvNbMRlbnm-bU4V2nz90gihFp2hmCIa0U1yiLkyYnkhRo7M2LRUDMlUbMlQ7n7LYU4T2LzT2LRTknmAFMRN4LRL8MzrFMz7YnSbNpDMZo40XtCzNJeC8gJ_EwJqYO3Isjm-aLmzTJpzTjgRtTKjtTgBTJX4T9gKT1/dt9Z5TAK5wKeztt-ZJQ2hm_ROeq2AEvtiEQ1hXptQ0g47PL4UPg47YLR-YL4-JqdTnx,https://www.hh.gov.cn/virtual_attach_file.vsb?afc=AU8C14nmTVo7WkLmz-bUmr7M7VVoRvNbMRlbnm-bU4V2nz90gihFp2hmCIa0U1yiLkyYnkhRo7M2LRUDMlUbMlQ7n7LYU4T2LzT2LRTknmAFMRN4LRL8MzrFMz7YnSbNpDMZo40XtCzNJeC8gJ_EwJqYO3Isjm-aLmzTJpzTjgRtTKjtTgBTJX4T9gKT1/dt9Z5TAK5wKeztt-ZJQ2hm_ROeq2AEvtiEQ1hXptQ0g47PL4UPg47YLR-YL4-JqdTnx,honghe_2024_debt.docx,text/plain,2025-09-15,2025-09-15,2024-12-31,2026-08-01T00:00:00+08:00,,,internal_object,,,A1,200,官方附件已归档,,按地级行政单元逐行读取官方 PDF、XLSX 或其归档文本中的全域政府债务限额与余额；省本级、市本级、区县和小计行不并入地级市。
SRC-CITY-DEBT-YUNNAN-BAOSHAN-2023,保山市财政局,市级,2023年保山市地方政府债务限额及余额决算表,official_attachment,baoshan_2023.pdf,地方政府债务限额及余额公开表,https://www.baoshan.gov.cn/virtual_attach_file.vsb?afc=LnmLMiMm9YL7LYLomCsL4-iL4l4oznu7MN7aMmGiU4-YL4v0gihFp2hmCIa0MSyDnkysnShfLz7Yn7nVU4lDM4CYMzLaM7n2nNMRMNr2Lz6FnRGanmNZUznLz67nmGJv2nto4OeoDW4vsWx_tQxqd6ELmGYL1hXptQ0g4UiM4U0LzGPLRUaLzUJqdUnx,https://www.baoshan.gov.cn/virtual_attach_file.vsb?afc=LnmLMiMm9YL7LYLomCsL4-iL4l4oznu7MN7aMmGiU4-YL4v0gihFp2hmCIa0MSyDnkysnShfLz7Yn7nVU4lDM4CYMzLaM7n2nNMRMNr2Lz6FnRGanmNZUznLz67nmGJv2nto4OeoDW4vsWx_tQxqd6ELmGYL1hXptQ0g4UiM4U0LzGPLRUaLzUJqdUnx,https://www.baoshan.gov.cn/virtual_attach_file.vsb?afc=LnmLMiMm9YL7LYLomCsL4-iL4l4oznu7MN7aMmGiU4-YL4v0gihFp2hmCIa0MSyDnkysnShfLz7Yn7nVU4lDM4CYMzLaM7n2nNMRMNr2Lz6FnRGanmNZUznLz67nmGJv2nto4OeoDW4vsWx_tQxqd6ELmGYL1hXptQ0g4UiM4U0LzGPLRUaLzUJqdUnx,https://www.baoshan.gov.cn/virtual_attach_file.vsb?afc=LnmLMiMm9YL7LYLomCsL4-iL4l4oznu7MN7aMmGiU4-YL4v0gihFp2hmCIa0MSyDnkysnShfLz7Yn7nVU4lDM4CYMzLaM7n2nNMRMNr2Lz6FnRGanmNZUznLz67nmGJv2nto4OeoDW4vsWx_tQxqd6ELmGYL1hXptQ0g4UiM4U0LzGPLRUaLzUJqdUnx,https://www.baoshan.gov.cn/virtual_attach_file.vsb?afc=LnmLMiMm9YL7LYLomCsL4-iL4l4oznu7MN7aMmGiU4-YL4v0gihFp2hmCIa0MSyDnkysnShfLz7Yn7nVU4lDM4CYMzLaM7n2nNMRMNr2Lz6FnRGanmNZUznLz67nmGJv2nto4OeoDW4vsWx_tQxqd6ELmGYL1hXptQ0g4UiM4U0LzGPLRUaLzUJqdUnx,baoshan_2023.pdf,application/pdf,2024-09-01,2024-09-01,2023-12-31,2026-08-01T00:00:00+08:00,,,internal_object,,,A1,200,官方附件已归档,,按地级行政单元逐行读取官方 PDF、XLSX 或其归档文本中的全域政府债务限额与余额；省本级、市本级、区县和小计行不并入地级市。
SRC-CITY-DEBT-YUNNAN-LINCANG-2024,临沧市财政局,市级,临沧市人民政府关于临沧市2024年地方财政决算（草案）的报告,official_attachment,lincang_2024_debt_report.pdf,地方政府债务限额及余额公开表,https://lincang.gov.cn/zfxxgk_lcs/artview/347/332149.html?chapter=null&ml=null&year=null,https://lincang.gov.cn/zfxxgk_lcs/artview/347/332149.html?chapter=null&ml=null&year=null,https://lincang.gov.cn/zfxxgk_lcs/artview/347/332149.html?chapter=null&ml=null&year=null,https://lincang.gov.cn/zfxxgk_lcs/artview/347/332149.html?chapter=null&ml=null&year=null,https://lincang.gov.cn/zfxxgk_lcs/artview/347/332149.html?chapter=null&ml=null&year=null,lincang_2024_debt_report.pdf,application/pdf,2025-09-01,2025-09-01,2024-12-31,2026-08-01T00:00:00+08:00,,,internal_object,,,A1,200,官方附件已归档,,按地级行政单元逐行读取官方 PDF、XLSX 或其归档文本中的全域政府债务限额与余额；省本级、市本级、区县和小计行不并入地级市。
SRC-CITY-DEBT-SHANGHAI-2024,上海市财政局,市级,上海市2024年地方政府债务限额和余额决算情况表,official_attachment,shanghai_2024.pdf,地方政府债务限额及余额公开表,https://czj.sh.gov.cn/cmsres/be/be1d973f731e481c91fdcfaac5a05f87/7aff8fa0cd36b424a2e1cf6ae4c0afc0.pdf,https://czj.sh.gov.cn/cmsres/be/be1d973f731e481c91fdcfaac5a05f87/7aff8fa0cd36b424a2e1cf6ae4c0afc0.pdf,https://czj.sh.gov.cn/cmsres/be/be1d973f731e481c91fdcfaac5a05f87/7aff8fa0cd36b424a2e1cf6ae4c0afc0.pdf,https://czj.sh.gov.cn/cmsres/be/be1d973f731e481c91fdcfaac5a05f87/7aff8fa0cd36b424a2e1cf6ae4c0afc0.pdf,https://czj.sh.gov.cn/cmsres/be/be1d973f731e481c91fdcfaac5a05f87/7aff8fa0cd36b424a2e1cf6ae4c0afc0.pdf,shanghai_2024.pdf,application/pdf,2025-08-20,2025-08-20,2024-12-31,2026-08-01T00:00:00+08:00,,,internal_object,,,A1,200,官方附件已归档,,按地级行政单元逐行读取官方 PDF、XLSX 或其归档文本中的全域政府债务限额与余额；省本级、市本级、区县和小计行不并入地级市。
SRC-CITY-DEBT-SHANGHAI-2023,上海市财政局,市级,上海市2023年地方政府债务限额和余额决算情况表,official_attachment,shanghai_2023.pdf,地方政府债务限额及余额公开表,https://czj.sh.gov.cn/cmsres/4e/4e35752070814a02b111f93dfe9f7c14/1af3b5673a80d8c9760096040fb4f86b.pdf,https://czj.sh.gov.cn/cmsres/4e/4e35752070814a02b111f93dfe9f7c14/1af3b5673a80d8c9760096040fb4f86b.pdf,https://czj.sh.gov.cn/cmsres/4e/4e35752070814a02b111f93dfe9f7c14/1af3b5673a80d8c9760096040fb4f86b.pdf,https://czj.sh.gov.cn/cmsres/4e/4e35752070814a02b111f93dfe9f7c14/1af3b5673a80d8c9760096040fb4f86b.pdf,https://czj.sh.gov.cn/cmsres/4e/4e35752070814a02b111f93dfe9f7c14/1af3b5673a80d8c9760096040fb4f86b.pdf,shanghai_2023.pdf,application/pdf,2024-09-06,2024-09-06,2023-12-31,2026-08-01T00:00:00+08:00,,,internal_object,,,A1,200,官方附件已归档,,按地级行政单元逐行读取官方 PDF、XLSX 或其归档文本中的全域政府债务限额与余额；省本级、市本级、区县和小计行不并入地级市。
SRC-CITY-DEBT-SHANGHAI-2022,上海市财政局,市级,上海市2022年地方政府债务限额和余额决算情况表,official_attachment,shanghai_2022.pdf,地方政府债务限额及余额公开表,https://czj.sh.gov.cn/cmsres/17/1726c5c8e30f4ad9bc335dd372c3c07c/72f49f10a8e0c050aed33cf74908518c.pdf,https://czj.sh.gov.cn/cmsres/17/1726c5c8e30f4ad9bc335dd372c3c07c/72f49f10a8e0c050aed33cf74908518c.pdf,https://czj.sh.gov.cn/cmsres/17/1726c5c8e30f4ad9bc335dd372c3c07c/72f49f10a8e0c050aed33cf74908518c.pdf,https://czj.sh.gov.cn/cmsres/17/1726c5c8e30f4ad9bc335dd372c3c07c/72f49f10a8e0c050aed33cf74908518c.pdf,https://czj.sh.gov.cn/cmsres/17/1726c5c8e30f4ad9bc335dd372c3c07c/72f49f10a8e0c050aed33cf74908518c.pdf,shanghai_2022.pdf,application/pdf,2023-08-08,2023-08-08,2022-12-31,2026-08-01T00:00:00+08:00,,,internal_object,,,A1,200,官方附件已归档,,按地级行政单元逐行读取官方 PDF、XLSX 或其归档文本中的全域政府债务限额与余额；省本级、市本级、区县和小计行不并入地级市。
SRC-CITY-DEBT-SHANGHAI-2021,上海市财政局,市级,上海市2021年地方政府债务限额和余额决算情况表,official_attachment,shanghai_2021.pdf,地方政府债务限额及余额公开表,https://czj.sh.gov.cn/cmsres/29/290eeffa912544439929404d1329848b/67ca958fa33716f6c93781864bf6d87d.pdf,https://czj.sh.gov.cn/cmsres/29/290eeffa912544439929404d1329848b/67ca958fa33716f6c93781864bf6d87d.pdf,https://czj.sh.gov.cn/cmsres/29/290eeffa912544439929404d1329848b/67ca958fa33716f6c93781864bf6d87d.pdf,https://czj.sh.gov.cn/cmsres/29/290eeffa912544439929404d1329848b/67ca958fa33716f6c93781864bf6d87d.pdf,https://czj.sh.gov.cn/cmsres/29/290eeffa912544439929404d1329848b/67ca958fa33716f6c93781864bf6d87d.pdf,shanghai_2021.pdf,application/pdf,2022-09-07,2022-09-07,2021-12-31,2026-08-01T00:00:00+08:00,,,internal_object,,,A1,200,官方附件已归档,,按地级行政单元逐行读取官方 PDF、XLSX 或其归档文本中的全域政府债务限额与余额；省本级、市本级、区县和小计行不并入地级市。
SRC-CITY-DEBT-SHANGHAI-2020,上海市财政局,市级,上海市2020年地方政府债务限额和余额决算情况表,official_attachment,shanghai_2020.pdf,地方政府债务限额及余额公开表,https://czj.sh.gov.cn/cmsres/35/3535356829104099b9cb93d832aaa864/f5b1e16f2c26d33e8a8f2de87d216fc9.pdf,https://czj.sh.gov.cn/cmsres/35/3535356829104099b9cb93d832aaa864/f5b1e16f2c26d33e8a8f2de87d216fc9.pdf,https://czj.sh.gov.cn/cmsres/35/3535356829104099b9cb93d832aaa864/f5b1e16f2c26d33e8a8f2de87d216fc9.pdf,https://czj.sh.gov.cn/cmsres/35/3535356829104099b9cb93d832aaa864/f5b1e16f2c26d33e8a8f2de87d216fc9.pdf,https://czj.sh.gov.cn/cmsres/35/3535356829104099b9cb93d832aaa864/f5b1e16f2c26d33e8a8f2de87d216fc9.pdf,shanghai_2020.pdf,application/pdf,2021-08-01,2021-08-01,2020-12-31,2026-08-01T00:00:00+08:00,,,internal_object,,,A1,200,官方附件已归档,,按地级行政单元逐行读取官方 PDF、XLSX 或其归档文本中的全域政府债务限额与余额；省本级、市本级、区县和小计行不并入地级市。
SRC-CITY-DEBT-SHANGHAI-2019,上海市财政局,市级,上海市2019年地方政府债务限额及余额决算情况表,official_attachment,shanghai_2019.pdf,地方政府债务限额及余额公开表,https://czj.sh.gov.cn/cmsres/84/84704b4a4f5e4a96b0848c0edc5a6fc4/e418a6b12901d4eedefbba454d32ed5a.pdf,https://czj.sh.gov.cn/cmsres/84/84704b4a4f5e4a96b0848c0edc5a6fc4/e418a6b12901d4eedefbba454d32ed5a.pdf,https://czj.sh.gov.cn/cmsres/84/84704b4a4f5e4a96b0848c0edc5a6fc4/e418a6b12901d4eedefbba454d32ed5a.pdf,https://czj.sh.gov.cn/cmsres/84/84704b4a4f5e4a96b0848c0edc5a6fc4/e418a6b12901d4eedefbba454d32ed5a.pdf,https://czj.sh.gov.cn/cmsres/84/84704b4a4f5e4a96b0848c0edc5a6fc4/e418a6b12901d4eedefbba454d32ed5a.pdf,shanghai_2019.pdf,application/pdf,2020-07-31,2020-07-31,2019-12-31,2026-08-01T00:00:00+08:00,,,internal_object,,,A1,200,官方附件已归档,,按地级行政单元逐行读取官方 PDF、XLSX 或其归档文本中的全域政府债务限额与余额；省本级、市本级、区县和小计行不并入地级市。
SRC-CITY-DEBT-SHANGHAI-2018,上海市财政局,市级,上海市2018年地方政府债务限额及余额决算情况表,official_attachment,shanghai_2018.pdf,地方政府债务限额及余额公开表,https://czj.sh.gov.cn/cmsres/37/37d2848fdf054bc39b9e907235847863/c86f8b03463573bec70b364f4f2d0db5.pdf,https://czj.sh.gov.cn/cmsres/37/37d2848fdf054bc39b9e907235847863/c86f8b03463573bec70b364f4f2d0db5.pdf,https://czj.sh.gov.cn/cmsres/37/37d2848fdf054bc39b9e907235847863/c86f8b03463573bec70b364f4f2d0db5.pdf,https://czj.sh.gov.cn/cmsres/37/37d2848fdf054bc39b9e907235847863/c86f8b03463573bec70b364f4f2d0db5.pdf,https://czj.sh.gov.cn/cmsres/37/37d2848fdf054bc39b9e907235847863/c86f8b03463573bec70b364f4f2d0db5.pdf,shanghai_2018.pdf,application/pdf,2019-07-31,2019-07-31,2018-12-31,2026-08-01T00:00:00+08:00,,,internal_object,,,A1,200,官方附件已归档,,按地级行政单元逐行读取官方 PDF、XLSX 或其归档文本中的全域政府债务限额与余额；省本级、市本级、区县和小计行不并入地级市。
SRC-CITY-DEBT-BEIJING-2024,北京市财政局,市级,附表七 北京市2024年地方政府债务限额及余额决算情况表,official_attachment,beijing_2024.pdf,地方政府债务限额及余额公开表,https://czj.beijing.gov.cn/zwxx/czsj/czyjs/202508/P020250818374426796483.pdf,https://czj.beijing.gov.cn/zwxx/czsj/czyjs/202508/P020250818374426796483.pdf,https://czj.beijing.gov.cn/zwxx/czsj/czyjs/202508/P020250818374426796483.pdf,https://czj.beijing.gov.cn/zwxx/czsj/czyjs/202508/P020250818374426796483.pdf,https://czj.beijing.gov.cn/zwxx/czsj/czyjs/202508/P020250818374426796483.pdf,beijing_2024.pdf,application/pdf,2025-08-11,2025-08-11,2024-12-31,2026-08-01T00:00:00+08:00,,,internal_object,,,A1,200,官方附件已归档,,按地级行政单元逐行读取官方 PDF、XLSX 或其归档文本中的全域政府债务限额与余额；省本级、市本级、区县和小计行不并入地级市。
SRC-CITY-DEBT-BEIJING-2023,北京市财政局,市级,北京市2023年地方政府债务限额及余额决算情况表,official_attachment,beijing_2023.pdf,地方政府债务限额及余额公开表,https://czj.beijing.gov.cn/zwxx/czsj/czyjs/202408/P020240809348099404561.pdf,https://czj.beijing.gov.cn/zwxx/czsj/czyjs/202408/P020240809348099404561.pdf,https://czj.beijing.gov.cn/zwxx/czsj/czyjs/202408/P020240809348099404561.pdf,https://czj.beijing.gov.cn/zwxx/czsj/czyjs/202408/P020240809348099404561.pdf,https://czj.beijing.gov.cn/zwxx/czsj/czyjs/202408/P020240809348099404561.pdf,beijing_2023.pdf,application/pdf,2024-08-09,2024-08-09,2023-12-31,2026-08-01T00:00:00+08:00,,,internal_object,,,A1,200,官方附件已归档,,按地级行政单元逐行读取官方 PDF、XLSX 或其归档文本中的全域政府债务限额与余额；省本级、市本级、区县和小计行不并入地级市。
SRC-CITY-DEBT-BEIJING-2022,北京市财政局,市级,北京市2022年地方政府债务限额及余额情况表,official_attachment,beijing_2022.pdf,地方政府债务限额及余额公开表,https://www.beijing.gov.cn/gongkai/caizheng/czbg/jsbg/202308/W020230817473840394056.pdf,https://www.beijing.gov.cn/gongkai/caizheng/czbg/jsbg/202308/W020230817473840394056.pdf,https://www.beijing.gov.cn/gongkai/caizheng/czbg/jsbg/202308/W020230817473840394056.pdf,https://www.beijing.gov.cn/gongkai/caizheng/czbg/jsbg/202308/W020230817473840394056.pdf,https://www.beijing.gov.cn/gongkai/caizheng/czbg/jsbg/202308/W020230817473840394056.pdf,beijing_2022.pdf,application/pdf,2023-08-17,2023-08-17,2022-12-31,2026-08-01T00:00:00+08:00,,,internal_object,,,A1,200,官方附件已归档,,按地级行政单元逐行读取官方 PDF、XLSX 或其归档文本中的全域政府债务限额与余额；省本级、市本级、区县和小计行不并入地级市。
SRC-PROVINCE-DEBT-TIANJIN-2023,天津市财政局,市级,天津市2023年地方政府债务限额及余额决算情况表,official_attachment,tianjin_2023.pdf,地方政府债务限额及余额公开表,https://cz.tj.gov.cn/zwgk_53713/ysgk_59783/ysjs/202408/W020240816643632999528.pdf,https://cz.tj.gov.cn/zwgk_53713/ysgk_59783/ysjs/202408/W020240816643632999528.pdf,https://cz.tj.gov.cn/zwgk_53713/ysgk_59783/ysjs/202408/W020240816643632999528.pdf,https://cz.tj.gov.cn/zwgk_53713/ysgk_59783/ysjs/202408/W020240816643632999528.pdf,https://cz.tj.gov.cn/zwgk_53713/ysgk_59783/ysjs/202408/W020240816643632999528.pdf,tianjin_2023.pdf,application/pdf,2024-08-16,2024-08-16,2023-12-31,2026-08-01T00:00:00+08:00,,,internal_object,,,A1,200,官方附件已归档,,按地级行政单元逐行读取官方 PDF、XLSX 或其归档文本中的全域政府债务限额与余额；省本级、市本级、区县和小计行不并入地级市。
SRC-CITY-DEBT-ANHUI-WUHU-2024,芜湖市财政局,市级,关于芜湖市2024年预算执行情况和2025年预算草案的报告,official_attachment,anhui_wuhu_2024.pdf,地方政府债务限额及余额公开表,https://weda.wuhu.gov.cn/group1/M00/20/28/rBwdTGeu7-KAd420AATHBb8Exk8642.pdf,https://weda.wuhu.gov.cn/group1/M00/20/28/rBwdTGeu7-KAd420AATHBb8Exk8642.pdf,https://weda.wuhu.gov.cn/group1/M00/20/28/rBwdTGeu7-KAd420AATHBb8Exk8642.pdf,https://weda.wuhu.gov.cn/group1/M00/20/28/rBwdTGeu7-KAd420AATHBb8Exk8642.pdf,https://weda.wuhu.gov.cn/group1/M00/20/28/rBwdTGeu7-KAd420AATHBb8Exk8642.pdf,anhui_wuhu_2024.pdf,application/pdf,2025-01-01,2025-01-01,2024-12-31,2026-08-01T00:00:00+08:00,,,internal_object,,,A1,200,官方附件已归档,,官方预算执行报告披露的 2024 年全市年末限额与余额；保留一般、专项限额及余额四个分项。
SRC-CITY-DEBT-ANHUI-HUANGSHAN-2024,黄山市财政局,市级,2024年全市地方政府债务余额情况,official_attachment,anhui_huangshan_2024.html,地方政府债务限额及余额公开表,https://www.huangshan.gov.cn/zwgk/public/6615714/11705734.html,https://www.huangshan.gov.cn/zwgk/public/6615714/11705734.html,https://www.huangshan.gov.cn/zwgk/public/6615714/11705734.html,https://www.huangshan.gov.cn/zwgk/public/6615714/11705734.html,https://www.huangshan.gov.cn/zwgk/public/6615714/11705734.html,anhui_huangshan_2024.html,text/plain,2025-01-14,2025-01-14,2024-12-31,2026-08-01T00:00:00+08:00,,,internal_object,,,A1,200,官方附件已归档,,黄山市人民政府网站公开的市财政局说明，采用全市口径并保留一般、专项限额及余额四个分项。
SRC-CITY-DEBT-GANSU-ZHANGYE-2024,张掖市财政局,市级,张掖市人民政府关于2025年地方政府债务管理情况的报告,official_attachment,gansu_zhangye_2024.html,地方政府债务限额及余额公开表,https://www.zhangye.gov.cn/zyszfxxgk/fdzdgknr_5657/sgjfjysxx/zfzwxx/202511/t20251105_1473708.html,https://www.zhangye.gov.cn/zyszfxxgk/fdzdgknr_5657/sgjfjysxx/zfzwxx/202511/t20251105_1473708.html,https://www.zhangye.gov.cn/zyszfxxgk/fdzdgknr_5657/sgjfjysxx/zfzwxx/202511/t20251105_1473708.html,https://www.zhangye.gov.cn/zyszfxxgk/fdzdgknr_5657/sgjfjysxx/zfzwxx/202511/t20251105_1473708.html,https://www.zhangye.gov.cn/zyszfxxgk/fdzdgknr_5657/sgjfjysxx/zfzwxx/202511/t20251105_1473708.html,gansu_zhangye_2024.html,text/plain,2025-10-24,2025-10-24,2024-12-31,2026-08-01T00:00:00+08:00,,,internal_object,,,A1,200,官方附件已归档,,官方2025年债务管理报告回溯披露2024年全市限额与年末法定债务余额。
SRC-CITY-DEBT-GANSU-ZHANGYE-2021,张掖市财政局,市级,关于张掖市2021年财政预算调整方案的报告,official_attachment,gansu_zhangye_2021.txt,地方政府债务限额及余额公开表,https://www.zhangye.gov.cn/zyszfxxgk/fdzdgknr_5657/sgjfjysxx/sjczyjsjsgjf/202207/t20220721_881528.html,https://www.zhangye.gov.cn/zyszfxxgk/fdzdgknr_5657/sgjfjysxx/sjczyjsjsgjf/202207/t20220721_881528.html,https://www.zhangye.gov.cn/zyszfxxgk/fdzdgknr_5657/sgjfjysxx/sjczyjsjsgjf/202207/t20220721_881528.html,https://www.zhangye.gov.cn/zyszfxxgk/fdzdgknr_5657/sgjfjysxx/sjczyjsjsgjf/202207/t20220721_881528.html,https://www.zhangye.gov.cn/zyszfxxgk/fdzdgknr_5657/sgjfjysxx/sjczyjsjsgjf/202207/t20220721_881528.html,gansu_zhangye_2021.txt,text/plain,2021-11-19,2021-11-19,2021-12-31,2026-08-01T00:00:00+08:00,99f97b067108c93dd4671e8b51f308d00b036559f35a386105035de3734107b1,archive://national-prefecture-panel/raw/province_debt/2021/official/gansu_zhangye_2021.txt,internal_object,raw/province_debt/2021/official/gansu_zhangye_2021.txt,,A2,200,官方附件已归档,,官方预算调整报告第106—107行披露2021年全市地方政府债务余额207.52亿元（市级与县区合计）；未披露可供本次摘录使用的一般/专项分项，因此仅接入总余额，不反推分项。
SRC-CITY-DEBT-GANSU-BAIYIN-2024,白银市财政局,市级,关于2024年全市财政预算执行情况和2025年全市及市级财政预算草案的报告,official_attachment,gansu_baiyin_2024.txt,地方政府债务限额及余额公开表,https://www.baiyin.gov.cn/api-gateway/jpaas-web-server/front/document/download?fileName=%E5%85%B3%E4%BA%8E2024%E5%B9%B4%E5%85%A8%E5%B8%82%E8%B4%A2%E6%94%BF%E9%A2%84%E7%AE%97%E6%89%A7%E8%A1%8C%E6%83%85%E5%86%B5%E5%92%8C2025%E5%B9%B4%E5%85%A8%E5%B8%82%E5%8F%8A%E5%B8%82%E7%BA%A7%E8%B4%A2%E6%94%BF%E9%A2%84%E7%AE%97%E8%8D%89%E6%A1%88%E7%9A%84%E6%8A%A5%E5%91%8A.pdf&fileUrl=YW5UzzlvCwcM%2FNHHX%2FtT6JI7%2BmdwurFhswv%2Fk4IqNLY7rAMl6tHQBKl5MNeT15Y7Uv0ebTD%2BTqbMhjfQA%2FErRFWUDOjyU0mgY%2BD%2Bo6%2FWt7LdD5bttE8E%2FCWopleAkt6tBh57PwovGFdyVGhJUe7XTXgxAiX%2FlInka20XS875Py4%3D,https://www.baiyin.gov.cn/api-gateway/jpaas-web-server/front/document/download?fileName=%E5%85%B3%E4%BA%8E2024%E5%B9%B4%E5%85%A8%E5%B8%82%E8%B4%A2%E6%94%BF%E9%A2%84%E7%AE%97%E6%89%A7%E8%A1%8C%E6%83%85%E5%86%B5%E5%92%8C2025%E5%B9%B4%E5%85%A8%E5%B8%82%E5%8F%8A%E5%B8%82%E7%BA%A7%E8%B4%A2%E6%94%BF%E9%A2%84%E7%AE%97%E8%8D%89%E6%A1%88%E7%9A%84%E6%8A%A5%E5%91%8A.pdf&fileUrl=YW5UzzlvCwcM%2FNHHX%2FtT6JI7%2BmdwurFhswv%2Fk4IqNLY7rAMl6tHQBKl5MNeT15Y7Uv0ebTD%2BTqbMhjfQA%2FErRFWUDOjyU0mgY%2BD%2Bo6%2FWt7LdD5bttE8E%2FCWopleAkt6tBh57PwovGFdyVGhJUe7XTXgxAiX%2FlInka20XS875Py4%3D,https://www.baiyin.gov.cn/api-gateway/jpaas-web-server/front/document/download?fileName=%E5%85%B3%E4%BA%8E2024%E5%B9%B4%E5%85%A8%E5%B8%82%E8%B4%A2%E6%94%BF%E9%A2%84%E7%AE%97%E6%89%A7%E8%A1%8C%E6%83%85%E5%86%B5%E5%92%8C2025%E5%B9%B4%E5%85%A8%E5%B8%82%E5%8F%8A%E5%B8%82%E7%BA%A7%E8%B4%A2%E6%94%BF%E9%A2%84%E7%AE%97%E8%8D%89%E6%A1%88%E7%9A%84%E6%8A%A5%E5%91%8A.pdf&fileUrl=YW5UzzlvCwcM%2FNHHX%2FtT6JI7%2BmdwurFhswv%2Fk4IqNLY7rAMl6tHQBKl5MNeT15Y7Uv0ebTD%2BTqbMhjfQA%2FErRFWUDOjyU0mgY%2BD%2Bo6%2FWt7LdD5bttE8E%2FCWopleAkt6tBh57PwovGFdyVGhJUe7XTXgxAiX%2FlInka20XS875Py4%3D,https://www.baiyin.gov.cn/api-gateway/jpaas-web-server/front/document/download?fileName=%E5%85%B3%E4%BA%8E2024%E5%B9%B4%E5%85%A8%E5%B8%82%E8%B4%A2%E6%94%BF%E9%A2%84%E7%AE%97%E6%89%A7%E8%A1%8C%E6%83%85%E5%86%B5%E5%92%8C2025%E5%B9%B4%E5%85%A8%E5%B8%82%E5%8F%8A%E5%B8%82%E7%BA%A7%E8%B4%A2%E6%94%BF%E9%A2%84%E7%AE%97%E8%8D%89%E6%A1%88%E7%9A%84%E6%8A%A5%E5%91%8A.pdf&fileUrl=YW5UzzlvCwcM%2FNHHX%2FtT6JI7%2BmdwurFhswv%2Fk4IqNLY7rAMl6tHQBKl5MNeT15Y7Uv0ebTD%2BTqbMhjfQA%2FErRFWUDOjyU0mgY%2BD%2Bo6%2FWt7LdD5bttE8E%2FCWopleAkt6tBh57PwovGFdyVGhJUe7XTXgxAiX%2FlInka20XS875Py4%3D,https://www.baiyin.gov.cn/api-gateway/jpaas-web-server/front/document/download?fileName=%E5%85%B3%E4%BA%8E2024%E5%B9%B4%E5%85%A8%E5%B8%82%E8%B4%A2%E6%94%BF%E9%A2%84%E7%AE%97%E6%89%A7%E8%A1%8C%E6%83%85%E5%86%B5%E5%92%8C2025%E5%B9%B4%E5%85%A8%E5%B8%82%E5%8F%8A%E5%B8%82%E7%BA%A7%E8%B4%A2%E6%94%BF%E9%A2%84%E7%AE%97%E8%8D%89%E6%A1%88%E7%9A%84%E6%8A%A5%E5%91%8A.pdf&fileUrl=YW5UzzlvCwcM%2FNHHX%2FtT6JI7%2BmdwurFhswv%2Fk4IqNLY7rAMl6tHQBKl5MNeT15Y7Uv0ebTD%2BTqbMhjfQA%2FErRFWUDOjyU0mgY%2BD%2Bo6%2FWt7LdD5bttE8E%2FCWopleAkt6tBh57PwovGFdyVGhJUe7XTXgxAiX%2FlInka20XS875Py4%3D,gansu_baiyin_2024.txt,text/plain,2025-01-22,2025-01-22,2024-12-31,2026-08-01T00:00:00+08:00,dbe13ad3ca7e2b091a38e4f44ca1f5a90e48b805e182a2df6dd27d23439a3704,archive://national-prefecture-panel/raw/province_debt/2024/official/gansu_baiyin_2024.txt,internal_object,raw/province_debt/2024/official/gansu_baiyin_2024.txt,,A1,200,官方附件已归档,,官方预算报告披露的2024年全市年末法定债务余额；采用全市口径，不将市级本级余额误作全市值。
SRC-CITY-DEBT-GANSU-QINGYANG-2024,庆阳市人民政府,市级,关于庆阳市2024年财政预算执行情况和2025年全市及市级财政预算（草案）的报告,official_attachment,gansu_qingyang_2024.txt,地方政府债务限额及余额公开表,https://zgqingyang.gov.cn/gk/zfxxgk/zfgb35zwgkb/content_27168,https://zgqingyang.gov.cn/gk/zfxxgk/zfgb35zwgkb/content_27168,https://zgqingyang.gov.cn/gk/zfxxgk/zfgb35zwgkb/content_27168,https://zgqingyang.gov.cn/gk/zfxxgk/zfgb35zwgkb/content_27168,https://zgqingyang.gov.cn/gk/zfxxgk/zfgb35zwgkb/content_27168,gansu_qingyang_2024.txt,text/plain,2025-05-29,2025-05-29,2024-12-31,2026-08-01T00:00:00+08:00,fa16119bd6f6b4ce9d2cb5a8dc999fa408b45fe70686c637c7e3e63fea923e1a,archive://national-prefecture-panel/raw/province_debt/2024/official/gansu_qingyang_2024.txt,internal_object,raw/province_debt/2024/official/gansu_qingyang_2024.txt,,A2,200,官方附件已归档,,官方政府公报披露2024年全市债务余额475.06亿元；同页另列市级余额104.6亿元，本条仅接入全市口径，未将市级本级值误作全市值。
SRC-CITY-DEBT-GUANGXI-QINZHOU-2024,钦州市财政局,市级,关于钦州市全市与市本级2024年预算执行情况和2025年预算草案的报告,official_attachment,guangxi_qinzhou_2024.html,地方政府债务限额及余额公开表,https://czj.qinzhou.gov.cn/zfxxgk/fdzdgknryjsgk/zfys/t19562397.shtml,https://czj.qinzhou.gov.cn/zfxxgk/fdzdgknryjsgk/zfys/t19562397.shtml,https://czj.qinzhou.gov.cn/zfxxgk/fdzdgknryjsgk/zfys/t19562397.shtml,https://czj.qinzhou.gov.cn/zfxxgk/fdzdgknryjsgk/zfys/t19562397.shtml,https://czj.qinzhou.gov.cn/zfxxgk/fdzdgknryjsgk/zfys/t19562397.shtml,guangxi_qinzhou_2024.html,text/plain,2025-01-01,2025-01-01,2024-12-31,2026-08-01T00:00:00+08:00,,,internal_object,,,A1,200,官方附件已归档,,官方预算执行报告披露全市口径预计数；保留限额合计、一般、专项以及余额合计、一般、专项六项，状态按预算执行预计数记录。
SRC-CITY-DEBT-GUANGXI-FANGCHENGGANG-2024,防城港市财政局,市级,防城港市全市与市本级2024年预算执行情况和2025年预算（草案）,official_attachment,guangxi_fangchenggang_2024.pdf,地方政府债务限额及余额公开表,https://www.fcgs.gov.cn/zfxxgk/zdlyxxgk/czzj/szfys/zfys2025/P020250714310206547861.pdf,https://www.fcgs.gov.cn/zfxxgk/zdlyxxgk/czzj/szfys/zfys2025/P020250714310206547861.pdf,https://www.fcgs.gov.cn/zfxxgk/zdlyxxgk/czzj/szfys/zfys2025/P020250714310206547861.pdf,https://www.fcgs.gov.cn/zfxxgk/zdlyxxgk/czzj/szfys/zfys2025/P020250714310206547861.pdf,https://www.fcgs.gov.cn/zfxxgk/zdlyxxgk/czzj/szfys/zfys2025/P020250714310206547861.pdf,guangxi_fangchenggang_2024.pdf,application/pdf,2025-01-01,2025-01-01,2024-12-31,2026-08-01T00:00:00+08:00,,,internal_object,,,A1,200,官方附件已归档,,官方预算文件附件列示全市口径预计数，原表单位为万元，转换为亿元；2024年最终决算发布后应以决算数替换。
SRC-CITY-DEBT-HUBEI-HUANGSHI-2024,黄石市财政局,市级,黄石市2024年政府债务限额及债务余额情况,official_attachment,hubei_huangshi_2024.html,地方政府债务限额及余额公开表,https://czj.huangshi.gov.cn/2020xxgkzn/2020gknr/2020czzj/sbjyjs/202502/t20250225_1197278.html,https://czj.huangshi.gov.cn/2020xxgkzn/2020gknr/2020czzj/sbjyjs/202502/t20250225_1197278.html,https://czj.huangshi.gov.cn/2020xxgkzn/2020gknr/2020czzj/sbjyjs/202502/t20250225_1197278.html,https://czj.huangshi.gov.cn/2020xxgkzn/2020gknr/2020czzj/sbjyjs/202502/t20250225_1197278.html,https://czj.huangshi.gov.cn/2020xxgkzn/2020gknr/2020czzj/sbjyjs/202502/t20250225_1197278.html,hubei_huangshi_2024.html,text/plain,2025-02-25,2025-02-25,2024-12-31,2026-08-01T00:00:00+08:00,,,internal_object,,,A1,200,官方附件已归档,,按地级行政单元逐行读取官方 PDF、XLSX 或其归档文本中的全域政府债务限额与余额；省本级、市本级、区县和小计行不并入地级市。
SRC-CITY-DEBT-HUBEI-YICHANG-2024,宜昌市财政局,市级,2024年政府债务情况公开表格目录,official_attachment,hubei_yichang_2024.pdf,地方政府债务限额及余额公开表,https://img.xxgk.yichang.gov.cn/uploads/image/20250121/8b64460b5f255fc7848ad21b02a20aef.pdf,https://img.xxgk.yichang.gov.cn/uploads/image/20250121/8b64460b5f255fc7848ad21b02a20aef.pdf,https://img.xxgk.yichang.gov.cn/uploads/image/20250121/8b64460b5f255fc7848ad21b02a20aef.pdf,https://img.xxgk.yichang.gov.cn/uploads/image/20250121/8b64460b5f255fc7848ad21b02a20aef.pdf,https://img.xxgk.yichang.gov.cn/uploads/image/20250121/8b64460b5f255fc7848ad21b02a20aef.pdf,hubei_yichang_2024.pdf,application/pdf,2025-01-21,2025-01-21,2024-12-31,2026-08-01T00:00:00+08:00,,,internal_object,,,A1,200,官方附件已归档,,官方公开表分别列示一般债务与专项债务，限额合计和余额合计由四个分项按设计文档规则计算。
SRC-CITY-DEBT-HUBEI-EZHOU-2024,鄂州市财政局,市级,鄂州市2024年政府债务限额及余额情况,official_attachment,hubei_ezhou_2024.html,地方政府债务限额及余额公开表,https://www.ezhou.gov.cn/gk/xxgkml/czgk/zfzw/202503/t20250306_692165.html,https://www.ezhou.gov.cn/gk/xxgkml/czgk/zfzw/202503/t20250306_692165.html,https://www.ezhou.gov.cn/gk/xxgkml/czgk/zfzw/202503/t20250306_692165.html,https://www.ezhou.gov.cn/gk/xxgkml/czgk/zfzw/202503/t20250306_692165.html,https://www.ezhou.gov.cn/gk/xxgkml/czgk/zfzw/202503/t20250306_692165.html,hubei_ezhou_2024.html,text/plain,2025-03-06,2025-03-06,2024-12-31,2026-08-01T00:00:00+08:00,,,internal_object,,,A1,200,官方附件已归档,,按地级行政单元逐行读取官方 PDF、XLSX 或其归档文本中的全域政府债务限额与余额；省本级、市本级、区县和小计行不并入地级市。
SRC-CITY-DEBT-SHAANXI-ANKANG-2024,安康市财政局,市级,关于安康市2024年财政决算（草案）和2025年上半年财政预算执行情况的报告,official_attachment,shaanxi_ankang_2024.html,地方政府债务限额及余额公开表,https://www.ankang.gov.cn/Content-2853946.html,https://www.ankang.gov.cn/Content-2853946.html,https://www.ankang.gov.cn/Content-2853946.html,https://www.ankang.gov.cn/Content-2853946.html,https://www.ankang.gov.cn/Content-2853946.html,shaanxi_ankang_2024.html,text/plain,,,2024-12-31,2026-08-01T00:00:00+08:00,,,internal_object,,,A1,200,官方附件已归档,,按地级行政单元逐行读取官方 PDF、XLSX 或其归档文本中的全域政府债务限额与余额；省本级、市本级、区县和小计行不并入地级市。
SRC-CITY-DEBT-YUNNAN-DIQING-2024,迪庆州财政局,州级,关于迪庆藏族自治州2024年地方财政预算执行情况和2025年地方财政预算草案的报告,official_attachment,yunnan_diqing_2024.html,地方政府债务限额及余额公开表,https://www.diqing.gov.cn/zfxxgk_dqzzf_zczj/fdzdgknr/caizhengxinxigongkaizhuanlan/zhengfuyujuesuan/202503/20250304_224128.html,https://www.diqing.gov.cn/zfxxgk_dqzzf_zczj/fdzdgknr/caizhengxinxigongkaizhuanlan/zhengfuyujuesuan/202503/20250304_224128.html,https://www.diqing.gov.cn/zfxxgk_dqzzf_zczj/fdzdgknr/caizhengxinxigongkaizhuanlan/zhengfuyujuesuan/202503/20250304_224128.html,https://www.diqing.gov.cn/zfxxgk_dqzzf_zczj/fdzdgknr/caizhengxinxigongkaizhuanlan/zhengfuyujuesuan/202503/20250304_224128.html,https://www.diqing.gov.cn/zfxxgk_dqzzf_zczj/fdzdgknr/caizhengxinxigongkaizhuanlan/zhengfuyujuesuan/202503/20250304_224128.html,yunnan_diqing_2024.html,text/plain,2025-03-04,2025-03-04,2024-12-31,2026-08-01T00:00:00+08:00,,,internal_object,,,A1,200,官方附件已归档,,按地级行政单元逐行读取官方 PDF、XLSX 或其归档文本中的全域政府债务限额与余额；省本级、市本级、区县和小计行不并入地级市。
SRC-CITY-DEBT-ANHUI-TONGLING-2024,铜陵市财政局,市级,随同铜陵市2024年市级决算公开的地方政府债务相关信息,official_attachment,anhui_tongling_2024.html,地方政府债务限额及余额公开表,https://czj.tl.gov.cn/tlsczj/c00121/pc/content/content_1967776582464233472.html,https://czj.tl.gov.cn/tlsczj/c00121/pc/content/content_1967776582464233472.html,https://czj.tl.gov.cn/tlsczj/c00121/pc/content/content_1967776582464233472.html,https://czj.tl.gov.cn/tlsczj/c00121/pc/content/content_1967776582464233472.html,https://czj.tl.gov.cn/tlsczj/c00121/pc/content/content_1967776582464233472.html,anhui_tongling_2024.html,text/plain,2025-09-16,2025-09-16,2024-12-31,2026-08-01T00:00:00+08:00,,,internal_object,,,A1,200,官方附件已归档,,官方决算公开分别列示一般债务和专项债务；法定债务总限额与总余额由两项分项按设计文档规则计算。
SRC-CITY-DEBT-ANHUI-XUANCHENG-2024,宣城市财政局,市级,随同宣城市2024年市级决算公开的地方政府债务相关信息,official_attachment,anhui_xuancheng_2024.pdf,地方政府债务限额及余额公开表,https://www.xuancheng.gov.cn/OpennessContent/show/3594871.html,https://www.xuancheng.gov.cn/OpennessContent/show/3594871.html,https://www.xuancheng.gov.cn/upload_xc/download?siteId=1&id=1196131,https://www.xuancheng.gov.cn/OpennessContent/show/3594871.html,https://www.xuancheng.gov.cn/upload_xc/download?siteId=1&id=1196131,anhui_xuancheng_2024.pdf,application/pdf,2025-09-12,2025-09-12,2024-12-31,2026-08-01T00:00:00+08:00,283589b07ed6a19183349c60edb597cdac4a56343676ff02ad45a903641c0f93,archive://national-prefecture-panel/raw/province_debt/2024/official/anhui_xuancheng_2024.pdf,internal_object,raw/province_debt/2024/official/anhui_xuancheng_2024.pdf,,A1,200,官方附件已归档,,按地级行政单元逐行读取官方 PDF、XLSX 或其归档文本中的全域政府债务限额与余额；省本级、市本级、区县和小计行不并入地级市。
SRC-CITY-DEBT-TIBET-LHASA-2025,拉萨市财政局,市级,2025年拉萨市地方政府债务限额及余额决算情况表,official_attachment,lhasa_2025.pdf,地方政府债务限额及余额公开表,https://czj.lasa.gov.cn/czj/czys/202602/7ec4f3dd1ec24c67a1a06e41848e9fa4/files/04b5c6f9b3264e3092d3079d7983fd4d.pdf,https://czj.lasa.gov.cn/czj/czys/202602/7ec4f3dd1ec24c67a1a06e41848e9fa4/files/04b5c6f9b3264e3092d3079d7983fd4d.pdf,https://czj.lasa.gov.cn/czj/czys/202602/7ec4f3dd1ec24c67a1a06e41848e9fa4/files/04b5c6f9b3264e3092d3079d7983fd4d.pdf,https://czj.lasa.gov.cn/czj/czys/202602/7ec4f3dd1ec24c67a1a06e41848e9fa4/files/04b5c6f9b3264e3092d3079d7983fd4d.pdf,https://czj.lasa.gov.cn/czj/czys/202602/7ec4f3dd1ec24c67a1a06e41848e9fa4/files/04b5c6f9b3264e3092d3079d7983fd4d.pdf,lhasa_2025.pdf,application/pdf,,,2025-12-31,2026-08-01T00:00:00+08:00,810a9b3217456e768329862207dcc5204796cd5d1428af0040452b3960b916ad,archive://national-prefecture-panel/raw/province_debt/2025/official/lhasa_2025.pdf,internal_object,raw/province_debt/2025/official/lhasa_2025.pdf,,A1,200,官方附件已归档,,官方预算公开附件中的决算表（表6/表7）；保留拉萨市全市口径，区县行不并入地级市。
SRC-CITY-DEBT-ANHUI-HUAIBEI-2025,淮北市财政局,市级,随同淮北市2025年市级政府决算公开的地方政府债务相关信息,official_attachment,anhui_huaibei_2025.txt,地方政府债务限额及余额公开表,https://czj.huaibei.gov.cn/zwgk/public/44/65067483.html,https://czj.huaibei.gov.cn/zwgk/public/44/65067483.html,https://czj.huaibei.gov.cn/group1/M00/15/6C/CqET9GpZ2pWAUZ1MAAGYj0w27-8908.pdf,https://czj.huaibei.gov.cn/zwgk/public/44/65067483.html,https://czj.huaibei.gov.cn/group1/M00/15/6C/CqET9GpZ2pWAUZ1MAAGYj0w27-8908.pdf,anhui_huaibei_2025.txt,text/plain,2026-07-17,2026-07-17,2025-12-31,2026-08-01T00:00:00+08:00,3d22c65a08a59f5b23444b63d5b7f32c74b0e29b36fad7c0f75aa46b2e63e933,archive://national-prefecture-panel/raw/province_debt/2025/official/anhui_huaibei_2025.txt,internal_object,raw/province_debt/2025/official/anhui_huaibei_2025.txt,,A1,200,官方附件已归档,,官方决算公开附件表1列示淮北市全市及市本级、区县债务限额和余额；仅采集全市行，不将市本级或区县行并入地级市口径。
SRC-CITY-DEBT-GUANGDONG-JIANGMEN-2025,江门市财政局,市级,关于2025年江门市本级财政预算调整方案的报告,official_attachment,guangdong_jiangmen_2025.html,地方政府债务限额及余额公开表,https://www.jiangmen.gov.cn/bmpd/jmsczj/zwgk/jmsjyjsgkpt/sjzfys/content/post_3349518.html,https://www.jiangmen.gov.cn/bmpd/jmsczj/zwgk/jmsjyjsgkpt/sjzfys/content/post_3349518.html,https://www.jiangmen.gov.cn/bmpd/jmsczj/zwgk/jmsjyjsgkpt/sjzfys/content/post_3349518.html,https://www.jiangmen.gov.cn/bmpd/jmsczj/zwgk/jmsjyjsgkpt/sjzfys/content/post_3349518.html,https://www.jiangmen.gov.cn/bmpd/jmsczj/zwgk/jmsjyjsgkpt/sjzfys/content/post_3349518.html,guangdong_jiangmen_2025.html,text/plain,2025-08-19,2025-08-19,2025-12-31,2026-08-01T00:00:00+08:00,167e214f871356f93e687b5f1982ff9d0e30a295c95d6d2fdcebaa0bbe5433ce,archive://national-prefecture-panel/raw/province_debt/2025/official/guangdong_jiangmen_2025.html,internal_object,raw/province_debt/2025/official/guangdong_jiangmen_2025.html,,A2,200,官方附件已归档,,官方预算调整报告披露的 2025 年末预算执行预计数；决算公开后应以决算数替换。
SRC-PROVINCE-DEBT-TIANJIN-2021,天津市财政局,市级,天津市2021年地方政府债务限额及余额决算情况表,official_attachment,tianjin_2021.pdf,地方政府债务限额及余额公开表,https://cz.tj.gov.cn/zwgk_53713/yjsgktypt/jsgk/2021zfjs/202208/W020220816417057686073.pdf,https://cz.tj.gov.cn/zwgk_53713/yjsgktypt/jsgk/2021zfjs/202208/W020220816417057686073.pdf,https://cz.tj.gov.cn/zwgk_53713/yjsgktypt/jsgk/2021zfjs/202208/W020220816417057686073.pdf,https://cz.tj.gov.cn/zwgk_53713/yjsgktypt/jsgk/2021zfjs/202208/W020220816417057686073.pdf,https://cz.tj.gov.cn/zwgk_53713/yjsgktypt/jsgk/2021zfjs/202208/W020220816417057686073.pdf,tianjin_2021.pdf,application/pdf,2022-08-16,2022-08-16,2021-12-31,2026-08-01T00:00:00+08:00,,,internal_object,,,A1,200,官方附件已归档,,按地级行政单元逐行读取官方 PDF、XLSX 或其归档文本中的全域政府债务限额与余额；省本级、市本级、区县和小计行不并入地级市。
SRC-PROVINCE-DEBT-TIANJIN-2020,天津市财政局,市级,天津市2020年地方政府债务限额及余额决算情况表,official_attachment,tianjin_2020.pdf,地方政府债务限额及余额公开表,https://cz.tj.gov.cn/zwgk_53713/yjsgktypt/jsgk/2020nzfjs/202108/W020210812621357774891.pdf,https://cz.tj.gov.cn/zwgk_53713/yjsgktypt/jsgk/2020nzfjs/202108/W020210812621357774891.pdf,https://cz.tj.gov.cn/zwgk_53713/yjsgktypt/jsgk/2020nzfjs/202108/W020210812621357774891.pdf,https://cz.tj.gov.cn/zwgk_53713/yjsgktypt/jsgk/2020nzfjs/202108/W020210812621357774891.pdf,https://cz.tj.gov.cn/zwgk_53713/yjsgktypt/jsgk/2020nzfjs/202108/W020210812621357774891.pdf,tianjin_2020.pdf,application/pdf,2021-08-12,2021-08-12,2020-12-31,2026-08-01T00:00:00+08:00,,,internal_object,,,A1,200,官方附件已归档,,按地级行政单元逐行读取官方 PDF、XLSX 或其归档文本中的全域政府债务限额与余额；省本级、市本级、区县和小计行不并入地级市。
SRC-CITY-DEBT-YUNNAN-BAOSHAN-2024,保山市财政局,市级,保山市2024年地方政府债务限额及余额预算情况表,official_attachment,yunnan_baoshan_2024.pdf,地方政府债务限额及余额公开表,https://www.baoshan.gov.cn/info/4632/10136174.htm,https://www.baoshan.gov.cn/info/4632/10136174.htm,https://baoshan.gov.cn/virtual_attach_file.vsb?afc=_oRnFRoR-YnmTkU9zN8U4CaLzMfoRfAknlLbnRviLlCPUlL0gihFp2hmCIa0Mkh2oSybL1ybL8UsUmvaM4Gio7n7M4C4o7U4MlWfolVFL4lZo7lsMlMFLzC8nRvJv2nto4OeoDW4vsWx_tQxqd6ELmGYL1hXptQ0g4UiM4U0LzGPMRlYozUJqd1nx,https://www.baoshan.gov.cn/info/4632/10136174.htm,https://baoshan.gov.cn/virtual_attach_file.vsb?afc=_oRnFRoR-YnmTkU9zN8U4CaLzMfoRfAknlLbnRviLlCPUlL0gihFp2hmCIa0Mkh2oSybL1ybL8UsUmvaM4Gio7n7M4C4o7U4MlWfolVFL4lZo7lsMlMFLzC8nRvJv2nto4OeoDW4vsWx_tQxqd6ELmGYL1hXptQ0g4UiM4U0LzGPMRlYozUJqd1nx,yunnan_baoshan_2024.pdf,application/pdf,2025-01-01,2025-01-01,2024-12-31,2026-08-01T00:00:00+08:00,aa9ef4d89b414b0ebcce8add641dd076b6d06ea9008dc7a4c1dcd98b111cf679,archive://national-prefecture-panel/raw/province_debt/2024/official/yunnan_baoshan_2024.pdf,internal_object,raw/province_debt/2024/official/yunnan_baoshan_2024.pdf,,A2,200,官方附件已归档,,官方预算公开表披露 2024 年全市余额预计执行数及一般、专项拆分；因省财政厅尚未下达当年限额，限额三列按官方空白保留为 null，待后续正式限额公开后替换。
SRC-PROVINCE-DEBT-SHAANXI-2024,陕西省财政厅,省级,陕西省2024年财政决算（草案）和2025年上半年预算执行情况报表（表二十二）,official_attachment,shaanxi_2024_province.txt,地方政府债务限额及余额公开表,https://czt.shaanxi.gov.cn/xxgk/zdgk/cjsj/2025/202508/P020250813600972465427.pdf,https://czt.shaanxi.gov.cn/xxgk/zdgk/cjsj/2025/202508/P020250813600972465427.pdf,https://czt.shaanxi.gov.cn/xxgk/zdgk/cjsj/2025/202508/P020250813600972465427.pdf,https://czt.shaanxi.gov.cn/xxgk/zdgk/cjsj/2025/202508/P020250813600972465427.pdf,https://czt.shaanxi.gov.cn/xxgk/zdgk/cjsj/2025/202508/P020250813600972465427.pdf,shaanxi_2024_province.txt,text/plain,2025-08-13,2025-08-13,2024-12-31,2026-08-01T00:00:00+08:00,715dc4c30747c4825be2e19fac09870a6611a1e81f2f0538130bba67505460d9,archive://national-prefecture-panel/raw/province_debt/2024/official/shaanxi_2024_province.txt,internal_object,raw/province_debt/2024/official/shaanxi_2024_province.txt,,A2,200,官方附件已归档,,官方财政决算附件的表二十二，按原表列序转录 10 个地级行政单元六项债务值；当前陕西财政厅 PDF 下载超时，先归档官方检索返回的逐行文本，待附件下载成功后以 PDF 原件替换并复核。
SRC-PROVINCE-DEBT-SHAANXI-2025,陕西省财政厅,省级,陕西省2025年财政预算执行情况（2025年地方政府债务限额和余额情况表）,official_attachment,shaanxi_2025_province.txt,地方政府债务限额及余额公开表,https://czt.shaanxi.gov.cn/xxgk/zdgk/cjsj/2026/202602/P020260203654585586314.pdf,https://czt.shaanxi.gov.cn/xxgk/zdgk/cjsj/2026/202602/P020260203654585586314.pdf,https://czt.shaanxi.gov.cn/xxgk/zdgk/cjsj/2026/202602/P020260203654585586314.pdf,https://czt.shaanxi.gov.cn/xxgk/zdgk/cjsj/2026/202602/P020260203654585586314.pdf,https://czt.shaanxi.gov.cn/xxgk/zdgk/cjsj/2026/202602/P020260203654585586314.pdf,shaanxi_2025_province.txt,text/plain,2026-02-03,2026-02-03,2025-12-31,2026-08-01T00:00:00+08:00,dfb2cebc50aacd080933b42333afe017eccc45911fd601ff2c59d4513ada878a,archive://national-prefecture-panel/raw/province_debt/2025/official/shaanxi_2025_province.txt,internal_object,raw/province_debt/2025/official/shaanxi_2025_province.txt,,A2,200,官方附件已归档,,官方财政预算执行情况附件的表二十二、表二十三，按原表列序转录陕西省各市一般债务和专项债务限额及余额；本地文本合并两表对应的六项值，解析时仅匹配目标地级行政单元。
SRC-OFFICIAL-DEBT-GANSU-TIANSHUI-2025,天水市人民政府、天水市财政局,市级,天水市人民政府关于2025年市级财政预算调整方案的报告（全市债务余额摘录）,official_attachment,tianshui_2025_official.txt,地方政府债务限额及余额公开表,https://www.tianshui.gov.cn/czj/info/1111/59732.htm,https://www.tianshui.gov.cn/czj/info/1111/59732.htm,https://www.tianshui.gov.cn/czj/info/1111/59732.htm,https://www.tianshui.gov.cn/czj/info/1111/59732.htm,https://www.tianshui.gov.cn/czj/info/1111/59732.htm,tianshui_2025_official.txt,text/plain,2025-12-01,2025-12-01,2025-12-31,2026-08-01T00:00:00+08:00,82c732a0b173e067eb22b71cc27ed60240d408aac385d6e24ad7c0fffd20d0be,archive://national-prefecture-panel/raw/province_debt/2025/official/tianshui_2025_official.txt,internal_object,raw/province_debt/2025/official/tianshui_2025_official.txt,,A2,200,官方附件已归档,,官方预算调整报告披露2025年底全市政府法定债务余额预计5349314万元，其中一般债务1082798万元、专项债务4266516万元；换算为亿元接入天水市全市目标行。原文为预算调整阶段预计数，保留 A2 来源等级并在来源说明中注明，不将市本级1798614万元误作全市口径。
SRC-OFFICIAL-DEBT-GANSU-DINGXI-2025,定西市人民政府、定西市财政局,市级,2026年全市及市级政府预算公开目录（定西市2025年地方政府债务余额情况表）,official_attachment,dingxi_2025_official.txt,地方政府债务限额及余额公开表,https://www.dingxi.gov.cn/module/download/downfile.jsp?classid=0&filename=4b0645d1e53547479bcc564a595181d8.xlsx,https://www.dingxi.gov.cn/module/download/downfile.jsp?classid=0&filename=4b0645d1e53547479bcc564a595181d8.xlsx,https://www.dingxi.gov.cn/module/download/downfile.jsp?classid=0&filename=4b0645d1e53547479bcc564a595181d8.xlsx,https://www.dingxi.gov.cn/module/download/downfile.jsp?classid=0&filename=4b0645d1e53547479bcc564a595181d8.xlsx,https://www.dingxi.gov.cn/module/download/downfile.jsp?classid=0&filename=4b0645d1e53547479bcc564a595181d8.xlsx,dingxi_2025_official.txt,text/plain,2026-02-02,2026-02-02,2025-12-31,2026-08-01T00:00:00+08:00,7d016273f736f4721d48a33e4fd1e2f4a9035a0251f3afc11aef7b1ec14ee069,archive://national-prefecture-panel/raw/province_debt/2025/official/dingxi_2025_official.txt,internal_object,raw/province_debt/2025/official/dingxi_2025_official.txt,,A2,200,官方附件已归档,,官方预算附件《6-4-定西市2025年地方政府债务余额情况表.xlsx》直接披露全市2025年末余额预计执行数：一般129.94亿元、专项318.93亿元；合计448.87亿元。该项为预算公开中的预计执行数，不冒充最终决算。
SRC-OFFICIAL-DEBT-GANSU-LINXIA-2025,临夏回族自治州人民政府、临夏州财政局,市级,2026年政府预算公开（临夏州2025年债务公开数据）,official_attachment,linxia_2025_official.txt,地方政府债务限额及余额公开表,https://www.linxia.gov.cn/lxz/zwgk/fdzdgknr/ysjs/zfysgk/art/2026/art_5eae77e8835d4edd954b4f1385ba37d0.html,https://www.linxia.gov.cn/lxz/zwgk/fdzdgknr/ysjs/zfysgk/art/2026/art_5eae77e8835d4edd954b4f1385ba37d0.html,https://www.linxia.gov.cn/lxz/zwgk/fdzdgknr/ysjs/zfysgk/art/2026/art_5eae77e8835d4edd954b4f1385ba37d0.html,https://www.linxia.gov.cn/lxz/zwgk/fdzdgknr/ysjs/zfysgk/art/2026/art_5eae77e8835d4edd954b4f1385ba37d0.html,https://www.linxia.gov.cn/lxz/zwgk/fdzdgknr/ysjs/zfysgk/art/2026/art_5eae77e8835d4edd954b4f1385ba37d0.html,linxia_2025_official.txt,text/plain,2026-02-01,2026-02-01,2025-12-31,2026-08-01T00:00:00+08:00,81f4ecb9090b657779220a13b390d271d7bdf91df9dd4edc52f4d1e4494b362a,archive://national-prefecture-panel/raw/province_debt/2025/official/linxia_2025_official.txt,internal_object,raw/province_debt/2025/official/linxia_2025_official.txt,,A2,200,官方附件已归档,,官方预算公开附件《5.临夏州2025年债务公开数据.pdf》表5-1直接披露全州2025年债务余额505.74亿元，其中一般债务155.41亿元、专项债务350.33亿元；表5-2另列州本级42.06亿元，本入库不混用州本级口径。
SRC-OFFICIAL-DEBT-GANSU-JIAYUGUAN-2025,嘉峪关市人民政府、嘉峪关市财政局,市级,关于嘉峪关市2025年市级财政预算执行情况和2026年市级财政预算草案的报告,official_attachment,jiayuguan_2025_official.txt,地方政府债务限额及余额公开表,https://www.jyg.gov.cn/zfxxgk/fdzdgknr/zdlyxxgk/czzjxx/sjzfyjs/art/2026/art_e5db66dedc0748059838d0a5e017e956.html,https://www.jyg.gov.cn/zfxxgk/fdzdgknr/zdlyxxgk/czzjxx/sjzfyjs/art/2026/art_e5db66dedc0748059838d0a5e017e956.html,https://www.jyg.gov.cn/zfxxgk/fdzdgknr/zdlyxxgk/czzjxx/sjzfyjs/art/2026/art_e5db66dedc0748059838d0a5e017e956.html,https://www.jyg.gov.cn/zfxxgk/fdzdgknr/zdlyxxgk/czzjxx/sjzfyjs/art/2026/art_e5db66dedc0748059838d0a5e017e956.html,https://www.jyg.gov.cn/zfxxgk/fdzdgknr/zdlyxxgk/czzjxx/sjzfyjs/art/2026/art_e5db66dedc0748059838d0a5e017e956.html,jiayuguan_2025_official.txt,text/plain,2026-05-22,2026-05-22,2025-12-31,2026-08-01T00:00:00+08:00,819099c621ad55c0f1beabb0d46c5e1ac1ceb65986d8a49696032d94c1f00ec3,archive://national-prefecture-panel/raw/province_debt/2025/official/jiayuguan_2025_official.txt,internal_object,raw/province_debt/2025/official/jiayuguan_2025_official.txt,,A2,200,官方附件已归档,,官方预算报告政府债务情况段落披露截至2025年底我市政府债务余额80.57亿元，其中一般债务32.61亿元、专项债务47.96亿元；与已入库的2024年市级政府债务口径一致。
SRC-SECONDARY-DEBT-GUANGXI-GUILIN-2024,新世纪评级（公开转载）,评级机构研究,广西自治区及下辖各市经济财政实力与债务研究（2025）,official_attachment,guilin_2024_rating_total.txt,地方政府债务限额及余额公开表,https://www.fxbaogao.com/detail/5183988,https://www.fxbaogao.com/detail/5183988,https://www.fxbaogao.com/detail/5183988,https://www.fxbaogao.com/detail/5183988,https://www.fxbaogao.com/detail/5183988,guilin_2024_rating_total.txt,text/plain,2025-12-02,2025-12-02,2024-12-31,2026-08-01T00:00:00+08:00,b572ea5dd9367a08844831a24d12281ff5a9a5e63bd47dc18a9d119eae6c4373,archive://national-prefecture-panel/raw/province_debt/2024/official/guilin_2024_rating_total.txt,internal_object,raw/province_debt/2024/official/guilin_2024_rating_total.txt,,B2,200,官方附件已归档,,评级研究明确披露桂林市2024年末政府债务余额925.43亿元；当前公开摘要未提供一般债务与专项债务拆分，因此只录入法定债务总额，不拆分组件。
SRC-OFFICIAL-DEBT-GANSU-ZHANGYE-2025,张掖市人民政府、张掖市财政局,市级,张掖市人民政府关于2025年地方政府债务管理情况的报告,official_attachment,zhangye_2025_official.txt,地方政府债务限额及余额公开表,https://www.zhangye.gov.cn/zyszfxxgk/fdzdgknr_5657/sgjfjysxx/zfzwxx/202511/t20251105_1473708.html,https://www.zhangye.gov.cn/zyszfxxgk/fdzdgknr_5657/sgjfjysxx/zfzwxx/202511/t20251105_1473708.html,https://www.zhangye.gov.cn/zyszfxxgk/fdzdgknr_5657/sgjfjysxx/zfzwxx/202511/t20251105_1473708.html,https://www.zhangye.gov.cn/zyszfxxgk/fdzdgknr_5657/sgjfjysxx/zfzwxx/202511/t20251105_1473708.html,https://www.zhangye.gov.cn/zyszfxxgk/fdzdgknr_5657/sgjfjysxx/zfzwxx/202511/t20251105_1473708.html,zhangye_2025_official.txt,text/plain,2025-10-24,2025-10-24,2025-12-31,2026-08-01T00:00:00+08:00,83d1a3e3b3a368f8769a748b066aab5c19ce15f618417166e65d1de046e3b46f,archive://national-prefecture-panel/raw/province_debt/2025/official/zhangye_2025_official.txt,internal_object,raw/province_debt/2025/official/zhangye_2025_official.txt,,A2,200,官方附件已归档,,官方债务管理报告明确披露全市2025年末法定债务余额333.4亿元，其中一般债务91.78亿元、专项债务241.62亿元；按全市年末口径接入。
SRC-CITY-DEBT-GANSU-BAIYIN-2025,白银市财政局,市级,关于2025年市级财政收支预算调整方案（草案）的报告,official_attachment,gansu_baiyin_2025.txt,地方政府债务限额及余额公开表,https://www.baiyin.gov.cn/api-gateway/jpaas-web-server/front/document/download?fileName=%E5%85%B3%E4%BA%8E2025%E5%B9%B4%E5%B8%82%E7%BA%A7%E8%B4%A2%E6%94%BF%E6%94%B6%E6%94%AF%E9%A2%84%E7%AE%97%E8%B0%83%E6%95%B4%E6%96%B9%E6%A1%88%EF%BC%88%E8%8D%89%E6%A1%88%EF%BC%89%E7%9A%84%E6%8A%A5%E5%91%8A.pdf&fileUrl=YW5UzzlvCwcM%2FNHHX%2FtT6JI7%2BmdwurFhswv%2Fk4IqNLYYadk2ANPcOwGkXdIeiKxjq1o7sAZEZNnZc5GYRb9BIPD%2FnqiHRDBQ98n0eA50qPdb4HNyCToYw03QNALvqXvNRwi2zU0vNWVqBFkheRM0jJZ%2FIu3Gzra6X6MjEJScTDI%3D,https://www.baiyin.gov.cn/api-gateway/jpaas-web-server/front/document/download?fileName=%E5%85%B3%E4%BA%8E2025%E5%B9%B4%E5%B8%82%E7%BA%A7%E8%B4%A2%E6%94%BF%E6%94%B6%E6%94%AF%E9%A2%84%E7%AE%97%E8%B0%83%E6%95%B4%E6%96%B9%E6%A1%88%EF%BC%88%E8%8D%89%E6%A1%88%EF%BC%89%E7%9A%84%E6%8A%A5%E5%91%8A.pdf&fileUrl=YW5UzzlvCwcM%2FNHHX%2FtT6JI7%2BmdwurFhswv%2Fk4IqNLYYadk2ANPcOwGkXdIeiKxjq1o7sAZEZNnZc5GYRb9BIPD%2FnqiHRDBQ98n0eA50qPdb4HNyCToYw03QNALvqXvNRwi2zU0vNWVqBFkheRM0jJZ%2FIu3Gzra6X6MjEJScTDI%3D,https://www.baiyin.gov.cn/api-gateway/jpaas-web-server/front/document/download?fileName=%E5%85%B3%E4%BA%8E2025%E5%B9%B4%E5%B8%82%E7%BA%A7%E8%B4%A2%E6%94%BF%E6%94%B6%E6%94%AF%E9%A2%84%E7%AE%97%E8%B0%83%E6%95%B4%E6%96%B9%E6%A1%88%EF%BC%88%E8%8D%89%E6%A1%88%EF%BC%89%E7%9A%84%E6%8A%A5%E5%91%8A.pdf&fileUrl=YW5UzzlvCwcM%2FNHHX%2FtT6JI7%2BmdwurFhswv%2Fk4IqNLYYadk2ANPcOwGkXdIeiKxjq1o7sAZEZNnZc5GYRb9BIPD%2FnqiHRDBQ98n0eA50qPdb4HNyCToYw03QNALvqXvNRwi2zU0vNWVqBFkheRM0jJZ%2FIu3Gzra6X6MjEJScTDI%3D,https://www.baiyin.gov.cn/api-gateway/jpaas-web-server/front/document/download?fileName=%E5%85%B3%E4%BA%8E2025%E5%B9%B4%E5%B8%82%E7%BA%A7%E8%B4%A2%E6%94%BF%E6%94%B6%E6%94%AF%E9%A2%84%E7%AE%97%E8%B0%83%E6%95%B4%E6%96%B9%E6%A1%88%EF%BC%88%E8%8D%89%E6%A1%88%EF%BC%89%E7%9A%84%E6%8A%A5%E5%91%8A.pdf&fileUrl=YW5UzzlvCwcM%2FNHHX%2FtT6JI7%2BmdwurFhswv%2Fk4IqNLYYadk2ANPcOwGkXdIeiKxjq1o7sAZEZNnZc5GYRb9BIPD%2FnqiHRDBQ98n0eA50qPdb4HNyCToYw03QNALvqXvNRwi2zU0vNWVqBFkheRM0jJZ%2FIu3Gzra6X6MjEJScTDI%3D,https://www.baiyin.gov.cn/api-gateway/jpaas-web-server/front/document/download?fileName=%E5%85%B3%E4%BA%8E2025%E5%B9%B4%E5%B8%82%E7%BA%A7%E8%B4%A2%E6%94%BF%E6%94%B6%E6%94%AF%E9%A2%84%E7%AE%97%E8%B0%83%E6%95%B4%E6%96%B9%E6%A1%88%EF%BC%88%E8%8D%89%E6%A1%88%EF%BC%89%E7%9A%84%E6%8A%A5%E5%91%8A.pdf&fileUrl=YW5UzzlvCwcM%2FNHHX%2FtT6JI7%2BmdwurFhswv%2Fk4IqNLYYadk2ANPcOwGkXdIeiKxjq1o7sAZEZNnZc5GYRb9BIPD%2FnqiHRDBQ98n0eA50qPdb4HNyCToYw03QNALvqXvNRwi2zU0vNWVqBFkheRM0jJZ%2FIu3Gzra6X6MjEJScTDI%3D,gansu_baiyin_2025.txt,text/plain,2025-09-28,2025-09-28,2025-12-31,2026-08-01T00:00:00+08:00,c5c03d628049887d047d5d3c43bae4afdd857356e1e8e3badc26b45cc99476ca,archive://national-prefecture-panel/raw/province_debt/2025/official/gansu_baiyin_2025.txt,internal_object,raw/province_debt/2025/official/gansu_baiyin_2025.txt,,A2,200,官方附件已归档,,官方市人大常委会预算调整报告披露：2024年决算全市余额347.12亿元，叠加2025年新增、再融资、置换存量隐性债务再融资及外贷限额并扣除自有财力还本后，2025年调整口径全市政府债务余额401.45亿元，其中一般126.16、专项275.29。该数为预算调整阶段的预计/调整口径，不冒充2025年最终决算；市级本级91.38亿元未接入全市行。
SRC-OFFICIAL-DEBT-GANSU-PINGLIANG-2025,平凉市人民政府、平凉市财政局,市级,关于平凉市2025年财政预算执行情况和2026年全市及市级财政预算（草案）的报告,official_attachment,pingliang_2025_official.txt,地方政府债务限额及余额公开表,https://www.pingliang.gov.cn/zfxxgk/fdzdgknr/ysjs/szfjszfbgsys/art/2026/art_b8bae9dbcacf44c2bd4d833f11ba8553.html,https://www.pingliang.gov.cn/zfxxgk/fdzdgknr/ysjs/szfjszfbgsys/art/2026/art_b8bae9dbcacf44c2bd4d833f11ba8553.html,https://www.pingliang.gov.cn/zfxxgk/fdzdgknr/ysjs/szfjszfbgsys/art/2026/art_b8bae9dbcacf44c2bd4d833f11ba8553.html,https://www.pingliang.gov.cn/zfxxgk/fdzdgknr/ysjs/szfjszfbgsys/art/2026/art_b8bae9dbcacf44c2bd4d833f11ba8553.html,https://www.pingliang.gov.cn/zfxxgk/fdzdgknr/ysjs/szfjszfbgsys/art/2026/art_b8bae9dbcacf44c2bd4d833f11ba8553.html,pingliang_2025_official.txt,text/plain,2026-02-13,2026-02-13,2025-12-31,2026-08-01T00:00:00+08:00,781246bcd5e308a3e3e5072fe1d5cb6a4174a66faed55cfa41d73073201f83f1,archive://national-prefecture-panel/raw/province_debt/2025/official/pingliang_2025_official.txt,internal_object,raw/province_debt/2025/official/pingliang_2025_official.txt,,A2,200,官方附件已归档,,平凉市人民政府预算执行报告明确披露：年末全市政府债务余额392.8亿元，其中一般债务119亿元、专项债务273.8亿元；同时披露市级余额77.4亿元，本入库采用全市口径。
SRC-CITY-DEBT-HAINAN-HAIKOU-2024,海口市人民政府（报告经官方媒体发布）,市级,海口市2024年预算执行情况和2025年预算草案报告（债务余额摘录）,official_attachment,hainan_haikou_2024.txt,地方政府债务限额及余额公开表,https://hndnews.com/p/700596.html,https://hndnews.com/p/700596.html,https://hndnews.com/p/700596.html,https://hndnews.com/p/700596.html,https://hndnews.com/p/700596.html,hainan_haikou_2024.txt,text/plain,2025-01-11,2025-01-11,2024-12-31,2026-08-01T00:00:00+08:00,0fd96a9c53ce798affeda21fca808068516043783dd1117faa5d467c442bb0b6,archive://national-prefecture-panel/raw/province_debt/2024/official/hainan_haikou_2024.txt,internal_object,raw/province_debt/2024/official/hainan_haikou_2024.txt,,C,200,官方附件已归档,,官方预算执行报告的公开媒体摘录披露全市年末总余额及一般、专项拆分；未反推未披露的总限额，待海口财政决算附件归档后升级来源。
SRC-CITY-DEBT-HAINAN-SANYA-2024,三亚市人民代表大会常务委员会,市级,关于三亚市2024年预算执行情况和2025年预算草案的审查报告,official_attachment,hainan_sanya_2024.txt,地方政府债务限额及余额公开表,https://rd.sanya.gov.cn/rdsite/c100027d/202501/4fcc45885917466aba4fd6b989111ca8.shtml,https://rd.sanya.gov.cn/rdsite/c100027d/202501/4fcc45885917466aba4fd6b989111ca8.shtml,https://rd.sanya.gov.cn/rdsite/c100027d/202501/4fcc45885917466aba4fd6b989111ca8.shtml,https://rd.sanya.gov.cn/rdsite/c100027d/202501/4fcc45885917466aba4fd6b989111ca8.shtml,https://rd.sanya.gov.cn/rdsite/c100027d/202501/4fcc45885917466aba4fd6b989111ca8.shtml,hainan_sanya_2024.txt,text/plain,2025-01-10,2025-01-10,2024-12-31,2026-08-01T00:00:00+08:00,6bb27548e4cfc70c67059d7aa846bf6fa436dcdbb01018c9daaf0b97fc8786b2,archive://national-prefecture-panel/raw/province_debt/2024/official/hainan_sanya_2024.txt,internal_object,raw/province_debt/2024/official/hainan_sanya_2024.txt,,A2,200,官方附件已归档,,市人大预算审查报告仅披露全市法定政府债务余额 747 亿元，按设计文档不反推一般、专项分项。
SRC-CITY-DEBT-HAINAN-DANZHOU-2024,儋州市人民政府,市级,儋州市人民政府关于2024年儋州市财政决算的报告（表5-1）,official_attachment,hainan_danzhou_2024.txt,地方政府债务限额及余额公开表,https://15207832.s21i.faiusr.com/61/2/ABUIABA9GAAg4KbVyAYosNiJzAc.pdf,https://15207832.s21i.faiusr.com/61/2/ABUIABA9GAAg4KbVyAYosNiJzAc.pdf,https://15207832.s21i.faiusr.com/61/2/ABUIABA9GAAg4KbVyAYosNiJzAc.pdf,https://15207832.s21i.faiusr.com/61/2/ABUIABA9GAAg4KbVyAYosNiJzAc.pdf,https://15207832.s21i.faiusr.com/61/2/ABUIABA9GAAg4KbVyAYosNiJzAc.pdf,hainan_danzhou_2024.txt,text/plain,2025-07-31,2025-07-31,2024-12-31,2026-08-01T00:00:00+08:00,e33677a0504868c03427615e68a297ba83a17b55a1df21b72e7927accc573fb2,archive://national-prefecture-panel/raw/province_debt/2024/official/hainan_danzhou_2024.txt,internal_object,raw/province_debt/2024/official/hainan_danzhou_2024.txt,,A2,200,官方附件已归档,,官方财政决算报告表 5-1 的全市口径限额、余额及一般/专项拆分；原始附件为 PDF，当前先归档可检索逐行文本。
SRC-SECONDARY-DEBT-INNER-MONGOLIA-TOP4-2024,上海新世纪资信评估投资服务有限公司（公开转载）,评级机构研究报告,内蒙古自治区及下辖各盟市经济财政实力与债务研究（2025）,official_attachment,inner_mongolia_2024_rating_totals.txt,地方政府债务限额及余额公开表,https://www.fxbaogao.com/detail/5205792,https://www.fxbaogao.com/detail/5205792,https://www.fxbaogao.com/detail/5205792,https://www.fxbaogao.com/detail/5205792,https://www.fxbaogao.com/detail/5205792,inner_mongolia_2024_rating_totals.txt,text/plain,2025-12-18,2025-12-18,2024-12-31,2026-08-01T00:00:00+08:00,7a5fdc2289e02859cd7a2230dd519d78b03d8e9f4f5df85712f3692e264bb734,archive://national-prefecture-panel/raw/province_debt/2024/official/inner_mongolia_2024_rating_totals.txt,internal_object,raw/province_debt/2024/official/inner_mongolia_2024_rating_totals.txt,,B2,200,官方附件已归档,,评级研究报告公开转载文本披露鄂尔多斯、呼和浩特、包头、乌兰察布四个盟市总余额；仅作为补缺暂存，不反推一般/专项分项，待内蒙古财政厅或盟市正式决算表替换。
SRC-SECONDARY-DEBT-HUBEI-TOP4-2025,东方金诚/中诚信国际公开评级跟踪报告,评级机构研究报告,湖北省地级市2025年政府债务余额补缺摘录（评级跟踪报告）,official_attachment,hubei_2025_rating_totals.txt,地方政府债务限额及余额公开表,https://www.chinamoney.com.cn/dqs/cm-s-notice-query/fileDownLoad.do?contentId=3367833&mode=save&priority=0,https://www.chinamoney.com.cn/dqs/cm-s-notice-query/fileDownLoad.do?contentId=3367833&mode=save&priority=0,https://www.chinamoney.com.cn/dqs/cm-s-notice-query/fileDownLoad.do?contentId=3367833&mode=save&priority=0,https://www.chinamoney.com.cn/dqs/cm-s-notice-query/fileDownLoad.do?contentId=3367833&mode=save&priority=0,https://www.chinamoney.com.cn/dqs/cm-s-notice-query/fileDownLoad.do?contentId=3367833&mode=save&priority=0,hubei_2025_rating_totals.txt,text/plain,2026-06-29,2026-06-29,2025-12-31,2026-08-01T00:00:00+08:00,f0f25b4f837dd5fa217a9cab33f257e713c7e7268fdd7050570da4675ed457e2,archive://national-prefecture-panel/raw/province_debt/2025/official/hubei_2025_rating_totals.txt,internal_object,raw/province_debt/2025/official/hubei_2025_rating_totals.txt,,B2,200,官方附件已归档,,以评级跟踪报告转引的各市财政局/政府公开资料补齐襄阳、荆门、荆州、咸宁总余额；只披露总额，不反推一般/专项分项，待市级决算附件替换。
SRC-CITY-DEBT-HUBEI-HUANGSHI-2025,黄石市人民政府国有资产监督管理委员会,市级,黄石市政府债务情况说明,official_attachment,hubei_huangshi_2025.txt,地方政府债务限额及余额公开表,https://gzw.huangshi.gov.cn/xxgk/fdzdgknr/zjxx/202605/t20260511_1326617.html,https://gzw.huangshi.gov.cn/xxgk/fdzdgknr/zjxx/202605/t20260511_1326617.html,https://gzw.huangshi.gov.cn/xxgk/fdzdgknr/zjxx/202605/t20260511_1326617.html,https://gzw.huangshi.gov.cn/xxgk/fdzdgknr/zjxx/202605/t20260511_1326617.html,https://gzw.huangshi.gov.cn/xxgk/fdzdgknr/zjxx/202605/t20260511_1326617.html,hubei_huangshi_2025.txt,text/plain,2026-01-28,2026-01-28,2025-12-31,2026-08-01T00:00:00+08:00,d0e1be7ec967b03b7cca7118fe8a88b49007d76bc1bb192a16888b05dd0db01e,archive://national-prefecture-panel/raw/province_debt/2025/official/hubei_huangshi_2025.txt,internal_object,raw/province_debt/2025/official/hubei_huangshi_2025.txt,,A2,200,官方附件已归档,,官方市级说明披露全市口径限额及年末余额一般、专项拆分，万元按 0.0001 换算为亿元。
SRC-CITY-DEBT-ANHUI-HEFEI-2025,评级机构公开报告,评级机构研究报告,合肥市2025年政府债务余额（评级跟踪报告引用）,official_attachment,anhui_hefei_2025.pdf,地方政府债务限额及余额公开表,https://static.sse.com.cn/disclosure/bond/announcement/corporate/c/new/2026-06-26/152715_20260626_MTJ4.pdf,https://static.sse.com.cn/disclosure/bond/announcement/corporate/c/new/2026-06-26/152715_20260626_MTJ4.pdf,https://static.sse.com.cn/disclosure/bond/announcement/corporate/c/new/2026-06-26/152715_20260626_MTJ4.pdf,https://static.sse.com.cn/disclosure/bond/announcement/corporate/c/new/2026-06-26/152715_20260626_MTJ4.pdf,https://static.sse.com.cn/disclosure/bond/announcement/corporate/c/new/2026-06-26/152715_20260626_MTJ4.pdf,anhui_hefei_2025.pdf,application/pdf,2026-06-26,2026-06-26,2025-12-31,2026-08-01T00:00:00+08:00,,,internal_object,,,B2,200,官方附件已归档,,评级跟踪报告引用市级公开资料，仅保存全市总余额，不反推一般、专项分项，待合肥市财政决算附件替换。
SRC-CITY-DEBT-ANHUI-HUAINAN-2025,淮南市财政局,市级,淮南市2025年政府债务余额（官方预算公开材料）,official_attachment,anhui_huainan_2025.pdf,地方政府债务限额及余额公开表,https://cz.huainan.gov.cn/group1/M00/2B/2F/rB406mmOynGAFohfAARp0MA4j94698.pdf?attachDownload=1,https://cz.huainan.gov.cn/group1/M00/2B/2F/rB406mmOynGAFohfAARp0MA4j94698.pdf?attachDownload=1,https://cz.huainan.gov.cn/group1/M00/2B/2F/rB406mmOynGAFohfAARp0MA4j94698.pdf?attachDownload=1,https://cz.huainan.gov.cn/group1/M00/2B/2F/rB406mmOynGAFohfAARp0MA4j94698.pdf?attachDownload=1,https://cz.huainan.gov.cn/group1/M00/2B/2F/rB406mmOynGAFohfAARp0MA4j94698.pdf?attachDownload=1,anhui_huainan_2025.pdf,application/pdf,2026-02-01,2026-02-01,2025-12-31,2026-08-01T00:00:00+08:00,,,internal_object,,,A2,200,官方附件已归档,,官方预算公开材料披露全市总余额，未披露可供本次摘录使用的一般、专项分项，不反推分项。
SRC-CITY-DEBT-ANHUI-CHUZHOU-2025,评级机构公开报告,评级机构研究报告,滁州市2025年政府债务余额（评级跟踪报告引用）,official_attachment,anhui_chuzhou_2025.pdf,地方政府债务限额及余额公开表,https://www.chinamoney.com.cn/dqs/cm-s-notice-query/fileDownLoad.do?contentId=3363358&mode=save&priority=0,https://www.chinamoney.com.cn/dqs/cm-s-notice-query/fileDownLoad.do?contentId=3363358&mode=save&priority=0,https://www.chinamoney.com.cn/dqs/cm-s-notice-query/fileDownLoad.do?contentId=3363358&mode=save&priority=0,https://www.chinamoney.com.cn/dqs/cm-s-notice-query/fileDownLoad.do?contentId=3363358&mode=save&priority=0,https://www.chinamoney.com.cn/dqs/cm-s-notice-query/fileDownLoad.do?contentId=3363358&mode=save&priority=0,anhui_chuzhou_2025.pdf,application/pdf,2026-06-25,2026-06-25,2025-12-31,2026-08-01T00:00:00+08:00,,,internal_object,,,B2,200,官方附件已归档,,评级跟踪报告引用市级公开资料，披露全市总余额及一般、专项余额；未披露限额，本次保留限额为空。
SRC-CITY-DEBT-ANHUI-ANQING-2025,评级机构公开报告,评级机构研究报告,安庆市2025年政府债务余额（评级跟踪报告引用）,official_attachment,anhui_anqing_2025.pdf,地方政府债务限额及余额公开表,https://www.chinamoney.com.cn/dqs/cm-s-notice-query/fileDownLoad.do?contentId=3359176&mode=save&priority=0,https://www.chinamoney.com.cn/dqs/cm-s-notice-query/fileDownLoad.do?contentId=3359176&mode=save&priority=0,https://www.chinamoney.com.cn/dqs/cm-s-notice-query/fileDownLoad.do?contentId=3359176&mode=save&priority=0,https://www.chinamoney.com.cn/dqs/cm-s-notice-query/fileDownLoad.do?contentId=3359176&mode=save&priority=0,https://www.chinamoney.com.cn/dqs/cm-s-notice-query/fileDownLoad.do?contentId=3359176&mode=save&priority=0,anhui_anqing_2025.pdf,application/pdf,2026-06-24,2026-06-24,2025-12-31,2026-08-01T00:00:00+08:00,,,internal_object,,,B2,200,官方附件已归档,,评级跟踪报告引用市级公开资料，仅保存全市总余额，不反推一般、专项分项。
SRC-CITY-DEBT-ANHUI-MAANSHAN-2025,评级机构公开报告,评级机构研究报告,马鞍山市2025年政府债务余额（评级跟踪报告引用）,official_attachment,anhui_maanshan_2025.pdf,地方政府债务限额及余额公开表,https://static.sse.com.cn/disclosure/bond/announcement/corporate/c/new/2026-06-18/270090_20260618_U6IP.pdf,https://static.sse.com.cn/disclosure/bond/announcement/corporate/c/new/2026-06-18/270090_20260618_U6IP.pdf,https://static.sse.com.cn/disclosure/bond/announcement/corporate/c/new/2026-06-18/270090_20260618_U6IP.pdf,https://static.sse.com.cn/disclosure/bond/announcement/corporate/c/new/2026-06-18/270090_20260618_U6IP.pdf,https://static.sse.com.cn/disclosure/bond/announcement/corporate/c/new/2026-06-18/270090_20260618_U6IP.pdf,anhui_maanshan_2025.pdf,application/pdf,2026-06-18,2026-06-18,2025-12-31,2026-08-01T00:00:00+08:00,,,internal_object,,,B2,200,官方附件已归档,,评级跟踪报告引用市级公开资料，仅保存全市总余额，不反推一般、专项分项。
SRC-CITY-DEBT-ANHUI-LUAN-2025,评级机构公开报告,评级机构研究报告,六安市2025年政府债务余额（评级跟踪报告引用市级公开材料）,official_attachment,anhui_luan_2025.pdf,地方政府债务限额及余额公开表,https://static.sse.com.cn/disclosure/bond/announcement/corporate/c/new/2026-06-28/184097_20260628_X5LX.pdf,https://static.sse.com.cn/disclosure/bond/announcement/corporate/c/new/2026-06-28/184097_20260628_X5LX.pdf,https://static.sse.com.cn/disclosure/bond/announcement/corporate/c/new/2026-06-28/184097_20260628_X5LX.pdf,https://static.sse.com.cn/disclosure/bond/announcement/corporate/c/new/2026-06-28/184097_20260628_X5LX.pdf,https://static.sse.com.cn/disclosure/bond/announcement/corporate/c/new/2026-06-28/184097_20260628_X5LX.pdf,anhui_luan_2025.pdf,application/pdf,2026-06-28,2026-06-28,2025-12-31,2026-08-01T00:00:00+08:00,,,internal_object,,,B2,200,官方附件已归档,,公开评级报告汇总市级公开材料，披露全市总余额及一般、专项余额；未披露限额，本次保留限额为空，不对缺失限额做推算。
SRC-PROVINCE-DEBT-FUJIAN-2025,福建省财政厅,省级,2025年度全省地方政府债务限额及余额情况表,official_attachment,fujian_2025.pdf,地方政府债务限额及余额公开表,https://czt.fujian.gov.cn/zwgk/tjsj/ndszqk/202602/P020260211401279360319.pdf,https://czt.fujian.gov.cn/zwgk/tjsj/ndszqk/202602/P020260211401279360319.pdf,https://czt.fujian.gov.cn/zwgk/tjsj/ndszqk/202602/P020260211401279360319.pdf,https://czt.fujian.gov.cn/zwgk/tjsj/ndszqk/202602/P020260211401279360319.pdf,https://czt.fujian.gov.cn/zwgk/tjsj/ndszqk/202602/P020260211401279360319.pdf,fujian_2025.pdf,application/pdf,2026-02-11,2026-02-11,2025-12-31,2026-08-01T00:00:00+08:00,63188a3bd04ff397b2daa3edbbe7bc3baedb34df34afd85174cb258a91e2fe15,archive://national-prefecture-panel/raw/province_debt/2025/official/fujian_2025.pdf,internal_object,raw/province_debt/2025/official/fujian_2025.pdf,,A1,200,官方附件已归档,,福建省财政厅官方预算附件列示9个地级市全市口径债务限额及余额；平潭综合实验区为非地级市行政单元，按设计文档不并入地级市主表。
SRC-CITY-DEBT-GUANGDONG-GUANGZHOU-2025,广州市财政局,市级,2025年广州市地方政府债务限额及余额情况表,official_attachment,guangzhou_2025.pdf,地方政府债务限额及余额公开表,https://www.gz.gov.cn/attachment/7/7970/7970897/10682388.pdf,https://www.gz.gov.cn/attachment/7/7970/7970897/10682388.pdf,https://www.gz.gov.cn/attachment/7/7970/7970897/10682388.pdf,https://www.gz.gov.cn/attachment/7/7970/7970897/10682388.pdf,https://www.gz.gov.cn/attachment/7/7970/7970897/10682388.pdf,guangzhou_2025.pdf,application/pdf,2026-02-06,2026-02-06,2025-12-31,2026-08-01T00:00:00+08:00,5e4adb9eb5ed377d18a651391799904226210353a0a1683994370d8cc9a28c05,archive://national-prefecture-panel/raw/province_debt/2025/official/guangzhou_2025.pdf,internal_object,raw/province_debt/2025/official/guangzhou_2025.pdf,,A1,200,官方附件已归档,,广州市官方预算公开PDF第114页列示全市口径债务六列，原表单位为万元，按 0.0001 转换为亿元；不采集区级行。
SRC-CITY-DEBT-GUANGDONG-SHENZHEN-2025,深圳市人民政府,市级,关于深圳市2025年预算执行情况和2026年预算草案的报告,official_attachment,shenzhen_2025.html,地方政府债务限额及余额公开表,https://www.sz.gov.cn/zfgb/2026/gb1409/content/post_12737909.html,https://www.sz.gov.cn/zfgb/2026/gb1409/content/post_12737909.html,https://www.sz.gov.cn/zfgb/2026/gb1409/content/post_12737909.html,https://www.sz.gov.cn/zfgb/2026/gb1409/content/post_12737909.html,https://www.sz.gov.cn/zfgb/2026/gb1409/content/post_12737909.html,shenzhen_2025.html,text/plain,2026-02-01,2026-02-01,2025-12-31,2026-08-01T00:00:00+08:00,,,internal_object,,,A2,200,官方附件已归档,,官方预算执行报告披露全市预计执行数及一般、专项余额；总限额在可检索摘录中未以完整年末限额列示，按设计文档保留限额为空，决算公开后替换。
SRC-CITY-DEBT-ANHUI-HUANGSHAN-2025,黄山市人民政府,市级,关于黄山市2025年财政预算执行情况和2026年财政预算草案的报告（摘要）,official_attachment,anhui_huangshan_2025.html,地方政府债务限额及余额公开表,https://www.huangshan.gov.cn/zxzx/zwyw/8418773.html,https://www.huangshan.gov.cn/zxzx/zwyw/8418773.html,https://www.huangshan.gov.cn/zxzx/zwyw/8418773.html,https://www.huangshan.gov.cn/zxzx/zwyw/8418773.html,https://www.huangshan.gov.cn/zxzx/zwyw/8418773.html,anhui_huangshan_2025.html,text/plain,2026-02-01,2026-02-01,2025-12-31,2026-08-01T00:00:00+08:00,,,internal_object,,,A2,200,官方附件已归档,,官方预算执行情况摘要披露全市总余额及一般、专项拆分；总限额未在摘录中直接列示，本次保留限额为空。
SRC-CITY-DEBT-HAINAN-SANYA-2025,三亚市人民代表大会,市级,关于三亚市2025年预算执行情况和2026年预算草案的报告,official_attachment,hainan_sanya_2025.html,地方政府债务限额及余额公开表,https://rd.sanya.gov.cn/rdsite/c100028d/202602/9f39ba4d9a0e4eb9b30023b5da21915f.shtml,https://rd.sanya.gov.cn/rdsite/c100028d/202602/9f39ba4d9a0e4eb9b30023b5da21915f.shtml,https://rd.sanya.gov.cn/rdsite/c100028d/202602/9f39ba4d9a0e4eb9b30023b5da21915f.shtml,https://rd.sanya.gov.cn/rdsite/c100028d/202602/9f39ba4d9a0e4eb9b30023b5da21915f.shtml,https://rd.sanya.gov.cn/rdsite/c100028d/202602/9f39ba4d9a0e4eb9b30023b5da21915f.shtml,hainan_sanya_2025.html,text/plain,2026-02-01,2026-02-01,2025-12-31,2026-08-01T00:00:00+08:00,,,internal_object,,,A2,200,官方附件已归档,,市人大预算执行报告披露全市法定债务余额及一般、专项拆分；总限额未在摘录中直接列示，本次保留限额为空。
SRC-PROVINCE-DEBT-NINGXIA-2018,宁夏回族自治区财政厅,省级,宁夏回族自治区2018年预算执行情况及2019年预算草案的报告（债务分地区表）,official_attachment,ningxia_2018.pdf,地方政府债务限额及余额公开表,https://czt.nx.gov.cn/zwgk/zfxxgkml/yjsgk/czys/201902/P020220322595463349250.pdf,https://czt.nx.gov.cn/zwgk/zfxxgkml/yjsgk/czys/201902/P020220322595463349250.pdf,https://czt.nx.gov.cn/zwgk/zfxxgkml/yjsgk/czys/201902/P020220322595463349250.pdf,https://czt.nx.gov.cn/zwgk/zfxxgkml/yjsgk/czys/201902/P020220322595463349250.pdf,https://czt.nx.gov.cn/zwgk/zfxxgkml/yjsgk/czys/201902/P020220322595463349250.pdf,ningxia_2018.pdf,application/pdf,2019-02-01,2019-02-01,2018-12-31,2026-08-01T00:00:00+08:00,9ce3c27f8ecfcb42818b792509043af3334c98aa72e51e3f40d3ffd7667db88d,archive://national-prefecture-panel/raw/province_debt/2018/official/ningxia_2018.pdf,internal_object,raw/province_debt/2018/official/ningxia_2018.pdf,,A1,200,官方附件已归档,,官方附件分别列示全区分地区地方政府一般债务和专项债务限额、余额；本地按五个地级市逐项合并为标准六列，未纳入自治区本级、宁东及县区行，不做估算。
SRC-PROVINCE-DEBT-NINGXIA-2019,宁夏回族自治区财政厅,省级,2019年全区地方政府债务限额及余额决算情况表,official_attachment,ningxia_2019.pdf,地方政府债务限额及余额公开表,https://czt.nx.gov.cn/zwgk/zfxxgkml/yjsgk/czjs/202008/P020220322595205777081.pdf,https://czt.nx.gov.cn/zwgk/zfxxgkml/yjsgk/czjs/202008/P020220322595205777081.pdf,https://czt.nx.gov.cn/zwgk/zfxxgkml/yjsgk/czjs/202008/P020220322595205777081.pdf,https://czt.nx.gov.cn/zwgk/zfxxgkml/yjsgk/czjs/202008/P020220322595205777081.pdf,https://czt.nx.gov.cn/zwgk/zfxxgkml/yjsgk/czjs/202008/P020220322595205777081.pdf,ningxia_2019.pdf,application/pdf,2020-08-01,2020-08-01,2019-12-31,2026-08-01T00:00:00+08:00,7389ba1c2e8ad58d2f2f0211cfedd4fa87db25112aee52e9166984ed74bf532b,archive://national-prefecture-panel/raw/province_debt/2019/official/ningxia_2019.pdf,internal_object,raw/province_debt/2019/official/ningxia_2019.pdf,,A1,200,官方附件已归档,,官方决算附件列示五个地级市及其县区行；本地仅转录地级市行，排除市县合计、自治区本级、县区和宁东行。
SRC-PROVINCE-DEBT-NINGXIA-2020,宁夏回族自治区财政厅,省级,2020年全区地方政府债务限额及余额决算情况表,official_attachment,ningxia_2020.pdf,地方政府债务限额及余额公开表,https://czt.nx.gov.cn/zwgk/zfxxgkml/zfyjs/202108/W020211115352441081621.pdf,https://czt.nx.gov.cn/zwgk/zfxxgkml/zfyjs/202108/W020211115352441081621.pdf,https://czt.nx.gov.cn/zwgk/zfxxgkml/zfyjs/202108/W020211115352441081621.pdf,https://czt.nx.gov.cn/zwgk/zfxxgkml/zfyjs/202108/W020211115352441081621.pdf,https://czt.nx.gov.cn/zwgk/zfxxgkml/zfyjs/202108/W020211115352441081621.pdf,ningxia_2020.pdf,application/pdf,2021-08-01,2021-08-01,2020-12-31,2026-08-01T00:00:00+08:00,94b0c3278739655c23a76d9d37424e961e10a923957ceccbbe28bb745fb98ef3,archive://national-prefecture-panel/raw/province_debt/2020/official/ningxia_2020.pdf,internal_object,raw/province_debt/2020/official/ningxia_2020.pdf,,A1,200,官方附件已归档,,官方决算附件列示五个地级市及其县区行；本地仅转录地级市行，排除市县合计、自治区本级、县区和宁东行。
SRC-PROVINCE-DEBT-NINGXIA-2021,宁夏回族自治区财政厅,省级,2021年全区地方政府债务限额及余额决算情况表,official_attachment,ningxia_2021.pdf,地方政府债务限额及余额公开表,https://czt.nx.gov.cn/zwgk/zfxxgkml/zfyjs/202208/W020231022599749985450.pdf,https://czt.nx.gov.cn/zwgk/zfxxgkml/zfyjs/202208/W020231022599749985450.pdf,https://czt.nx.gov.cn/zwgk/zfxxgkml/zfyjs/202208/W020231022599749985450.pdf,https://czt.nx.gov.cn/zwgk/zfxxgkml/zfyjs/202208/W020231022599749985450.pdf,https://czt.nx.gov.cn/zwgk/zfxxgkml/zfyjs/202208/W020231022599749985450.pdf,ningxia_2021.pdf,application/pdf,2022-08-01,2022-08-01,2021-12-31,2026-08-01T00:00:00+08:00,75559106cce91bf800476c07531b54c331892f858276bfcc79dd1d1c95615142,archive://national-prefecture-panel/raw/province_debt/2021/official/ningxia_2021.pdf,internal_object,raw/province_debt/2021/official/ningxia_2021.pdf,,A1,200,官方附件已归档,,官方决算附件原表单位为万元，按 0.0001 换算为亿元；本地仅转录五个地级市行，排除市县合计、自治区本级和县区行。
SRC-CITY-DEBT-HUNAN-HENGYANG-2025,衡阳市财政局,市级,关于衡阳市2025年预算执行情况与2026年预算草案的报告,official_attachment,hengyang_2025.txt,地方政府债务限额及余额公开表,https://www.hengyang.gov.cn/czj/ztxx/czysjsgk/cxzyhyjsgk/ysjsbg/20260115/i3850020.html,https://www.hengyang.gov.cn/czj/ztxx/czysjsgk/cxzyhyjsgk/ysjsbg/20260115/i3850020.html,https://www.hengyang.gov.cn/czj/ztxx/czysjsgk/cxzyhyjsgk/ysjsbg/20260115/i3850020.html,https://www.hengyang.gov.cn/czj/ztxx/czysjsgk/cxzyhyjsgk/ysjsbg/20260115/i3850020.html,https://www.hengyang.gov.cn/czj/ztxx/czysjsgk/cxzyhyjsgk/ysjsbg/20260115/i3850020.html,hengyang_2025.txt,text/plain,2026-01-15,2026-01-15,2025-12-31,2026-08-01T00:00:00+08:00,402e9a1796e73b66b182a3616dab927bcd41045a6e21b2d6e9398aced2a69aa1,archive://national-prefecture-panel/raw/province_debt/2025/official/hengyang_2025.txt,internal_object,raw/province_debt/2025/official/hengyang_2025.txt,,A2,200,官方附件已归档,,官方预算执行报告披露全市预计执行数及一般、专项余额；报告附件一般债务表与正文叙述存在 1.89 亿元差异，本次保留正文全市债务摘要口径，待决算定稿后复核。
SRC-CITY-DEBT-GUANGDONG-SHANTOU-2025,汕头市人民代表大会,市级,汕头市第十五届人民代表大会财政经济委员会关于汕头市2025年预算执行情况和2026年预算草案的审查结果报告,official_attachment,shantou_2025.txt,地方政府债务限额及余额公开表,https://rd.shantou.gov.cn/swjdbzhy/wjgg/202602/d8eb76c630924e459f556039f751330f.shtml,https://rd.shantou.gov.cn/swjdbzhy/wjgg/202602/d8eb76c630924e459f556039f751330f.shtml,https://rd.shantou.gov.cn/swjdbzhy/wjgg/202602/d8eb76c630924e459f556039f751330f.shtml,https://rd.shantou.gov.cn/swjdbzhy/wjgg/202602/d8eb76c630924e459f556039f751330f.shtml,https://rd.shantou.gov.cn/swjdbzhy/wjgg/202602/d8eb76c630924e459f556039f751330f.shtml,shantou_2025.txt,text/plain,2026-02-01,2026-02-01,2025-12-31,2026-08-01T00:00:00+08:00,14e1865e0f35c327bca2e9108cc3dce18c629ed19bfe09149a2c4bccf8c5b33c,archive://national-prefecture-panel/raw/province_debt/2025/official/shantou_2025.txt,internal_object,raw/province_debt/2025/official/shantou_2025.txt,,A2,200,官方附件已归档,,官方人大财政经济委员会审查结果报告披露全市年末法定债务余额及一般、专项拆分，未在本次摘录中列示完整年末限额，限额字段保留为空。
SRC-CITY-DEBT-GUANGDONG-SHANWEI-2025,汕尾市财政局,市级,汕尾市2025年预算执行情况和2026年预算草案的报告,official_attachment,shanwei_2025.txt,地方政府债务限额及余额公开表,https://www.shanwei.gov.cn/shanwei/swzdly/sgjf/czyjs/szfys/2026/content/post_1226558.html,https://www.shanwei.gov.cn/shanwei/swzdly/sgjf/czyjs/szfys/2026/content/post_1226558.html,https://www.shanwei.gov.cn/shanwei/swzdly/sgjf/czyjs/szfys/2026/content/post_1226558.html,https://www.shanwei.gov.cn/shanwei/swzdly/sgjf/czyjs/szfys/2026/content/post_1226558.html,https://www.shanwei.gov.cn/shanwei/swzdly/sgjf/czyjs/szfys/2026/content/post_1226558.html,shanwei_2025.txt,text/plain,2026-02-01,2026-02-01,2025-12-31,2026-08-01T00:00:00+08:00,8cfb9aba60a7306fb387f90962c1895a9ad3730f91a6a917d0b1682e87b28821,archive://national-prefecture-panel/raw/province_debt/2025/official/shanwei_2025.txt,internal_object,raw/province_debt/2025/official/shanwei_2025.txt,,A2,200,官方附件已归档,,官方预算执行报告披露全市口径债务限额、余额及一般、专项拆分；与市本级数据区分，不采集市本级行。
SRC-CITY-DEBT-GUANGDONG-ZHANJIANG-2025,湛江市财政局,市级,2026年湛江市本级政府预算公开（2025年全市地方政府债务限额及余额情况表）,official_attachment,zhanjiang_2025.txt,地方政府债务限额及余额公开表,https://www.zhanjiang.gov.cn/attachment/0/273/273905/2158113.pdf,https://www.zhanjiang.gov.cn/attachment/0/273/273905/2158113.pdf,https://www.zhanjiang.gov.cn/attachment/0/273/273905/2158113.pdf,https://www.zhanjiang.gov.cn/attachment/0/273/273905/2158113.pdf,https://www.zhanjiang.gov.cn/attachment/0/273/273905/2158113.pdf,zhanjiang_2025.txt,text/plain,2026-02-01,2026-02-01,2025-12-31,2026-08-01T00:00:00+08:00,2cb8815dd984cd1ec1a169a1180d88f3d1e7c870d6738388f8bf54dc992d79d2,archive://national-prefecture-panel/raw/province_debt/2025/official/zhanjiang_2025.txt,internal_object,raw/province_debt/2025/official/zhanjiang_2025.txt,,A1,200,官方附件已归档,,官方预算公开附件第78页列示全市口径六列，原始表单位为万元；采集层原始文本已换算为亿元。
SRC-CITY-DEBT-HUBEI-EZHOU-2025,鄂州市财政局,市级,鄂州市2025年预算执行情况和2026年预算草案报告,official_attachment,ezhou_2025.txt,地方政府债务限额及余额公开表,https://www.ezhou.gov.cn/gk/xxgkml/czgk/zfyjs/202602/P020260210596955358993.pdf,https://www.ezhou.gov.cn/gk/xxgkml/czgk/zfyjs/202602/P020260210596955358993.pdf,https://www.ezhou.gov.cn/gk/xxgkml/czgk/zfyjs/202602/P020260210596955358993.pdf,https://www.ezhou.gov.cn/gk/xxgkml/czgk/zfyjs/202602/P020260210596955358993.pdf,https://www.ezhou.gov.cn/gk/xxgkml/czgk/zfyjs/202602/P020260210596955358993.pdf,ezhou_2025.txt,text/plain,2026-02-10,2026-02-10,2025-12-31,2026-08-01T00:00:00+08:00,5602139914c6143df55184464ef3cf4936055d8f5cc59bd5fa9ca230958fbe8d,archive://national-prefecture-panel/raw/province_debt/2025/official/ezhou_2025.txt,internal_object,raw/province_debt/2025/official/ezhou_2025.txt,,A1,200,官方附件已归档,,官方预算执行报告第4页披露全市限额、余额及一般/专项拆分；原表单位万元，采集层已换算为亿元。
SRC-CITY-DEBT-LIAONING-CHAOYANG-2025,朝阳市财政局,市级,关于朝阳市2025年预算执行情况和2026年预算草案的报告,official_attachment,chaoyang_2025.txt,地方政府债务限额及余额公开表,https://files.chaoyang.gov.cn/files/ueditor/CYCZJ/jsp/upload/file/20260121/1768985042690094808.pdf,https://files.chaoyang.gov.cn/files/ueditor/CYCZJ/jsp/upload/file/20260121/1768985042690094808.pdf,https://files.chaoyang.gov.cn/files/ueditor/CYCZJ/jsp/upload/file/20260121/1768985042690094808.pdf,https://files.chaoyang.gov.cn/files/ueditor/CYCZJ/jsp/upload/file/20260121/1768985042690094808.pdf,https://files.chaoyang.gov.cn/files/ueditor/CYCZJ/jsp/upload/file/20260121/1768985042690094808.pdf,chaoyang_2025.txt,text/plain,2026-01-21,2026-01-21,2025-12-31,2026-08-01T00:00:00+08:00,80e1872b56a2543e281a8b9603c093fb685b69a51ece6896cd78934826af1580,archive://national-prefecture-panel/raw/province_debt/2025/official/chaoyang_2025.txt,internal_object,raw/province_debt/2025/official/chaoyang_2025.txt,,A1,200,官方附件已归档,,官方预算执行报告第64表列示全市合计及市本级、县区分项；原表单位万元，采集层已换算为亿元，保留全市合计行。
SRC-SECONDARY-DEBT-HUNAN-ZHUZHOU-2025,联合资信公开评级跟踪报告,评级机构研究报告,株洲市2025年政府债务余额（评级跟踪报告引用）,official_attachment,zhuzhou_2025.txt,地方政府债务限额及余额公开表,https://www.chinamoney.com.cn/dqs/cm-s-notice-query/fileDownLoad.do?contentId=3361492&mode=save&priority=0,https://www.chinamoney.com.cn/dqs/cm-s-notice-query/fileDownLoad.do?contentId=3361492&mode=save&priority=0,https://www.chinamoney.com.cn/dqs/cm-s-notice-query/fileDownLoad.do?contentId=3361492&mode=save&priority=0,https://www.chinamoney.com.cn/dqs/cm-s-notice-query/fileDownLoad.do?contentId=3361492&mode=save&priority=0,https://www.chinamoney.com.cn/dqs/cm-s-notice-query/fileDownLoad.do?contentId=3361492&mode=save&priority=0,zhuzhou_2025.txt,text/plain,2026-06-29,2026-06-29,2025-12-31,2026-08-01T00:00:00+08:00,a78f1d708d9430dfd35e9187b2a491160fcab97a5f52e3f3b8537b2116352ba7,archive://national-prefecture-panel/raw/province_debt/2025/official/zhuzhou_2025.txt,internal_object,raw/province_debt/2025/official/zhuzhou_2025.txt,,B2,200,官方附件已归档,,评级跟踪报告引用湖南省预算执行公开数据，披露全市总余额及一般/专项余额；未披露限额，待株洲市正式决算附件替换。
SRC-SECONDARY-DEBT-GUANGDONG-ZHUHAI-2025,公开评级报告,评级机构研究报告,珠海市2025年政府债务余额（评级报告引用）,official_attachment,zhuhai_2025.txt,地方政府债务限额及余额公开表,https://static.sse.com.cn/disclosure/bond/announcement/company/c/new/2026-06-18/115526_20260618_0SAP.pdf,https://static.sse.com.cn/disclosure/bond/announcement/company/c/new/2026-06-18/115526_20260618_0SAP.pdf,https://static.sse.com.cn/disclosure/bond/announcement/company/c/new/2026-06-18/115526_20260618_0SAP.pdf,https://static.sse.com.cn/disclosure/bond/announcement/company/c/new/2026-06-18/115526_20260618_0SAP.pdf,https://static.sse.com.cn/disclosure/bond/announcement/company/c/new/2026-06-18/115526_20260618_0SAP.pdf,zhuhai_2025.txt,text/plain,2026-06-18,2026-06-18,2025-12-31,2026-08-01T00:00:00+08:00,34b6ee5ce465e390d6295e0714469b9df6fecc6f72f5c4f2999ea76a8312a501,archive://national-prefecture-panel/raw/province_debt/2025/official/zhuhai_2025.txt,internal_object,raw/province_debt/2025/official/zhuhai_2025.txt,,B2,200,官方附件已归档,,评级报告引用珠海市公开财政资料，披露全市总余额及一般/专项余额；未披露限额，待珠海市正式决算附件替换。
SRC-SECONDARY-DEBT-GUANGDONG-FOSHAN-2025,联合资信公开评级报告,评级机构研究报告,佛山市2025年政府债务余额（评级报告引用）,official_attachment,foshan_2025.txt,地方政府债务限额及余额公开表,https://www.chinamoney.com.cn/dqs/cm-s-notice-query/fileDownLoad.do?contentId=3295435&mode=save&priority=0,https://www.chinamoney.com.cn/dqs/cm-s-notice-query/fileDownLoad.do?contentId=3295435&mode=save&priority=0,https://www.chinamoney.com.cn/dqs/cm-s-notice-query/fileDownLoad.do?contentId=3295435&mode=save&priority=0,https://www.chinamoney.com.cn/dqs/cm-s-notice-query/fileDownLoad.do?contentId=3295435&mode=save&priority=0,https://www.chinamoney.com.cn/dqs/cm-s-notice-query/fileDownLoad.do?contentId=3295435&mode=save&priority=0,foshan_2025.txt,text/plain,2026-04-01,2026-04-01,2025-12-31,2026-08-01T00:00:00+08:00,d09314d7ef0ffd687b3fb294170f233b307f928777368f7bf8e323b5914699a3,archive://national-prefecture-panel/raw/province_debt/2025/official/foshan_2025.txt,internal_object,raw/province_debt/2025/official/foshan_2025.txt,,B2,200,官方附件已归档,,评级报告引用佛山市公开财政资料，披露全市总余额及一般/专项余额；未披露限额，待佛山市正式决算附件替换。
SRC-CITY-DEBT-GUANGDONG-DONGGUAN-2025,东莞市人民代表大会,市级,东莞市第十七届人民代表大会财政经济委员会关于东莞市2025年预算执行情况和2026年预算草案的审查结果报告,official_attachment,dongguan_2025.txt,地方政府债务限额及余额公开表,https://dgrd.dg.gov.cn/dgrd/ggtz/202602/216e224d9fcb4f1eb95d5680d9264b5d.shtml,https://dgrd.dg.gov.cn/dgrd/ggtz/202602/216e224d9fcb4f1eb95d5680d9264b5d.shtml,https://dgrd.dg.gov.cn/dgrd/ggtz/202602/216e224d9fcb4f1eb95d5680d9264b5d.shtml,https://dgrd.dg.gov.cn/dgrd/ggtz/202602/216e224d9fcb4f1eb95d5680d9264b5d.shtml,https://dgrd.dg.gov.cn/dgrd/ggtz/202602/216e224d9fcb4f1eb95d5680d9264b5d.shtml,dongguan_2025.txt,text/plain,2026-02-01,2026-02-01,2025-12-31,2026-08-01T00:00:00+08:00,10e54bdf9b2f969bef2d3df1d69ecfcb5d16e6f6e686283248b1078b6d7724bd,archive://national-prefecture-panel/raw/province_debt/2025/official/dongguan_2025.txt,internal_object,raw/province_debt/2025/official/dongguan_2025.txt,,A2,200,官方附件已归档,,官方市级预算执行报告披露全市地方政府债务余额及一般/专项拆分，未在本次摘录中列示完整限额，限额字段保留为空。
SRC-CITY-DEBT-GUANGDONG-HEYUAN-2025,河源市财政局,市级,2026年河源市本级政府预算公开（2025年河源市地方政府债务限额及余额情况表）,official_attachment,heyuan_2025.pdf,地方政府债务限额及余额公开表,https://www.heyuan.gov.cn/attachment/0/112/112736/691913.pdf,https://www.heyuan.gov.cn/attachment/0/112/112736/691913.pdf,https://www.heyuan.gov.cn/attachment/0/112/112736/691913.pdf,https://www.heyuan.gov.cn/attachment/0/112/112736/691913.pdf,https://www.heyuan.gov.cn/attachment/0/112/112736/691913.pdf,heyuan_2025.pdf,application/pdf,2026-02-01,2026-02-01,2025-12-31,2026-08-01T00:00:00+08:00,,,internal_object,,,A1,200,官方附件已归档,,官方市级预算公开附件表22列示全市口径限额、余额及一般/专项拆分；原表单位为万元，按 0.0001 换算为亿元。
SRC-CITY-DEBT-SICHUAN-YAAN-2025,雅安市人民政府,市级,关于雅安市2025年预算执行情况和2026年预算草案的报告,official_attachment,yaan_2025.txt,地方政府债务限额及余额公开表,https://www.yaan.gov.cn/xinwen/show/511f3181-a603-469c-b00c-dd2e2370f460.html,https://www.yaan.gov.cn/xinwen/show/511f3181-a603-469c-b00c-dd2e2370f460.html,https://www.yaan.gov.cn/xinwen/show/511f3181-a603-469c-b00c-dd2e2370f460.html,https://www.yaan.gov.cn/xinwen/show/511f3181-a603-469c-b00c-dd2e2370f460.html,https://www.yaan.gov.cn/xinwen/show/511f3181-a603-469c-b00c-dd2e2370f460.html,yaan_2025.txt,text/plain,2026-01-21,2026-01-21,2025-12-31,2026-08-01T00:00:00+08:00,0988edab646b060d5938a2bc86c016d7b087fd31093f907a61be5ba6590b6b3a,archive://national-prefecture-panel/raw/province_debt/2025/official/yaan_2025.txt,internal_object,raw/province_debt/2025/official/yaan_2025.txt,,A2,200,官方附件已归档,,官方预算执行报告披露全市2025年末债务余额及一般/专项限额、余额，但本次先接入总余额；原表单位为万元，按 0.0001 换算为亿元，待分项表归档后补齐。
SRC-CITY-DEBT-ZHEJIANG-HANGZHOU-2025,杭州日报,市级媒体,关于杭州市及市本级2025年预算执行情况和2026年预算草案的报告（摘要）,official_attachment,hangzhou_2025.txt,地方政府债务限额及余额公开表,https://mdaily.hangzhou.com.cn/hzrb/2026/02/05/article_detail_1_20260205A033.html,https://mdaily.hangzhou.com.cn/hzrb/2026/02/05/article_detail_1_20260205A033.html,https://mdaily.hangzhou.com.cn/hzrb/2026/02/05/article_detail_1_20260205A033.html,https://mdaily.hangzhou.com.cn/hzrb/2026/02/05/article_detail_1_20260205A033.html,https://mdaily.hangzhou.com.cn/hzrb/2026/02/05/article_detail_1_20260205A033.html,hangzhou_2025.txt,text/plain,2026-02-05,2026-02-05,2025-12-31,2026-08-01T00:00:00+08:00,9baf9180c85763cd3fbf316e2492cdd4f5fde294bc651ab95c85f7d03c5e02ca,archive://national-prefecture-panel/raw/province_debt/2025/official/hangzhou_2025.txt,internal_object,raw/province_debt/2025/official/hangzhou_2025.txt,,A2,200,官方附件已归档,,公开报告摘要披露截至2025年末全市地方政府债务余额5089.8亿元，未披露可供本次摘录使用的一般/专项分项，不反推分项。
SRC-CITY-DEBT-JIANGSU-SUZHOU-2025,苏州市人民政府,市级,关于苏州市2025年预算执行情况和2026年预算草案的报告,official_attachment,suzhou_2025.txt,地方政府债务限额及余额公开表,https://www.suzhou.gov.cn/szsrmzf/czyjsbg/202603/57f2227cdfff4bef8a8c37ee8580add5.shtml,https://www.suzhou.gov.cn/szsrmzf/czyjsbg/202603/57f2227cdfff4bef8a8c37ee8580add5.shtml,https://www.suzhou.gov.cn/szsrmzf/czyjsbg/202603/57f2227cdfff4bef8a8c37ee8580add5.shtml,https://www.suzhou.gov.cn/szsrmzf/czyjsbg/202603/57f2227cdfff4bef8a8c37ee8580add5.shtml,https://www.suzhou.gov.cn/szsrmzf/czyjsbg/202603/57f2227cdfff4bef8a8c37ee8580add5.shtml,suzhou_2025.txt,text/plain,2026-03-01,2026-03-01,2025-12-31,2026-08-01T00:00:00+08:00,2b595030342b7678b5594e8c7f2d890115de5909e8792b8d02ac32888f430a72,archive://national-prefecture-panel/raw/province_debt/2025/official/suzhou_2025.txt,internal_object,raw/province_debt/2025/official/suzhou_2025.txt,,A1,200,官方附件已归档,,官方市级预算报告披露截至2025年末政府债务余额4445.6亿元，未披露可供本次摘录使用的一般/专项分项，不反推分项。
SRC-CITY-DEBT-SHANGHAI-2025,上海市财政局,省级（直辖市）,关于上海市2025年预算执行情况和2026年预算草案的报告,official_attachment,shanghai_2025.txt,地方政府债务限额及余额公开表,https://www.shanghai.gov.cn/nw12338/20260515/a97f758537314ce7b2c0e26614e179f6.html,https://www.shanghai.gov.cn/nw12338/20260515/a97f758537314ce7b2c0e26614e179f6.html,https://www.shanghai.gov.cn/nw12338/20260515/a97f758537314ce7b2c0e26614e179f6.html,https://www.shanghai.gov.cn/nw12338/20260515/a97f758537314ce7b2c0e26614e179f6.html,https://www.shanghai.gov.cn/nw12338/20260515/a97f758537314ce7b2c0e26614e179f6.html,shanghai_2025.txt,text/plain,2026-05-15,2026-05-15,2025-12-31,2026-08-01T00:00:00+08:00,ebc0f805acee5edeb20cf3a9d54824ca9bf368bb09f20b0e6eaab968013582f4,archive://national-prefecture-panel/raw/province_debt/2025/official/shanghai_2025.txt,internal_object,raw/province_debt/2025/official/shanghai_2025.txt,,A1,200,官方附件已归档,,官方市级预算报告披露截至2025年底本市政府债务余额10420.1亿元，未披露可供本次摘录使用的一般/专项分项，不反推分项。
SRC-CITY-DEBT-JIANGSU-NANJING-2025,南京市财政局,市级,2026年南京市政府预算草案说明,official_attachment,nanjing_2025.pdf,地方政府债务限额及余额公开表,https://czj.nanjing.gov.cn/njsczj/202603/P020260402444824555494.pdf,https://czj.nanjing.gov.cn/njsczj/202603/P020260402444824555494.pdf,https://czj.nanjing.gov.cn/njsczj/202603/P020260402444824555494.pdf,https://czj.nanjing.gov.cn/njsczj/202603/P020260402444824555494.pdf,https://czj.nanjing.gov.cn/njsczj/202603/P020260402444824555494.pdf,nanjing_2025.pdf,application/pdf,2026-04-02,2026-04-02,2025-12-31,2026-08-01T00:00:00+08:00,,,internal_object,,,A1,200,官方附件已归档,,官方预算草案说明第1页列示全市2025年末债务限额、余额及一般/专项拆分；专项限额按表中总限额与一般限额的公开值列示为3293.93亿元。
SRC-CITY-DEBT-NINGXIA-YINCHUAN-2025,银川市财政局,市级,2025年银川市及市本级预算执行情况和2026年银川市及市本级预算草案的报告（表24）,official_attachment,yinchuan_2025.pdf,地方政府债务限额及余额公开表,https://www.yinchuan.gov.cn/xxgk/bmxxgkml/sczj/xxgkml_2101/czyjsjsgjf_2119/zfys/202602/t20260212_5171239.html,https://www.yinchuan.gov.cn/xxgk/bmxxgkml/sczj/xxgkml_2101/czyjsjsgjf_2119/zfys/202602/t20260212_5171239.html,https://www.yinchuan.gov.cn/xxgk/bmxxgkml/sczj/xxgkml_2101/czyjsjsgjf_2119/zfys/202602/t20260212_5171239.html,https://www.yinchuan.gov.cn/xxgk/bmxxgkml/sczj/xxgkml_2101/czyjsjsgjf_2119/zfys/202602/t20260212_5171239.html,https://www.yinchuan.gov.cn/xxgk/bmxxgkml/sczj/xxgkml_2101/czyjsjsgjf_2119/zfys/202602/t20260212_5171239.html,yinchuan_2025.pdf,application/pdf,2026-02-12,2026-02-12,2025-12-31,2026-08-01T00:00:00+08:00,ea8799fb7f0accfd599cb326fdd33519c52094c7e8934e7a371947354a3525f9,archive://national-prefecture-panel/raw/province_debt/2025/official/yinchuan_2025.pdf,internal_object,raw/province_debt/2025/official/yinchuan_2025.pdf,,A1,200,官方附件已归档,,官方预算公开附件表24列示全市六列数据，原表单位为万元，按 0.0001 换算为亿元；全市行已规范转录为银川市行。
SRC-CITY-DEBT-NINGXIA-SHIZUISHAN-2025,石嘴山市财政局,市级,关于2025年全市及市本级预算执行情况和2026年全市及市本级预算（草案）的报告（政府债务表）,official_attachment,shizuishan_2025.pdf,地方政府债务限额及余额公开表,https://www.shizuishan.gov.cn/zwgk/zfxxgkml/czyjsgk/zfys/2026df/202601/P020260206403630063012.pdf,https://www.shizuishan.gov.cn/zwgk/zfxxgkml/czyjsgk/zfys/2026df/202601/P020260206403630063012.pdf,https://www.shizuishan.gov.cn/zwgk/zfxxgkml/czyjsgk/zfys/2026df/202601/P020260206403630063012.pdf,https://www.shizuishan.gov.cn/zwgk/zfxxgkml/czyjsgk/zfys/2026df/202601/P020260206403630063012.pdf,https://www.shizuishan.gov.cn/zwgk/zfxxgkml/czyjsgk/zfys/2026df/202601/P020260206403630063012.pdf,shizuishan_2025.pdf,application/pdf,2026-01-29,2026-01-29,2025-12-31,2026-08-01T00:00:00+08:00,74fa62a8d9fd06a5dee1f6e95b1383275f9380e4454a06ed75268226f0fe02cb,archive://national-prefecture-panel/raw/province_debt/2025/official/shizuishan_2025.pdf,internal_object,raw/province_debt/2025/official/shizuishan_2025.pdf,,A1,200,官方附件已归档,,官方预算公开表列示全市六列数据，原表单位为万元，按 0.0001 换算为亿元；全市行已规范转录为石嘴山市行。
SRC-CITY-DEBT-NINGXIA-GUYUAN-2025,固原市财政局,市级,2026年全市及市本级财政预算公开（2025年末法定政府债务余额）,official_attachment,guyuan_2025_city.txt,地方政府债务限额及余额公开表,https://www.nxgy.gov.cn/zwgk/zfxxgkml/czgk/czyjsjsgjf/202602/t20260212_5172086.html,https://www.nxgy.gov.cn/zwgk/zfxxgkml/czgk/czyjsjsgjf/202602/t20260212_5172086.html,https://www.nxgy.gov.cn/zwgk/zfxxgkml/czgk/czyjsjsgjf/202602/t20260212_5172086.html,https://www.nxgy.gov.cn/zwgk/zfxxgkml/czgk/czyjsjsgjf/202602/t20260212_5172086.html,https://www.nxgy.gov.cn/zwgk/zfxxgkml/czgk/czyjsjsgjf/202602/t20260212_5172086.html,guyuan_2025_city.txt,text/plain,2026-02-12,2026-02-12,2025-12-31,2026-08-01T00:00:00+08:00,fc9a5f01d524b75f9a6318afdd4a256745fa5cec63cb5b52bd7580f5b2c99006,archive://national-prefecture-panel/raw/province_debt/2025/official/guyuan_2025_city.txt,internal_object,raw/province_debt/2025/official/guyuan_2025_city.txt,,A1,200,官方附件已归档,,官方2026年预算报告明确披露全市法定债务年初余额327.21亿元；因其对应2026年年初，按时间口径接入为2025年末余额，并使用同期公开表中的一般/专项余额分项，不填2025年限额。
SRC-CITY-DEBT-NINGXIA-ZHONGWEI-2025,中卫市财政局,市级,中卫市2026年政府预算信息公开（2025年全市政府债务余额）,official_attachment,zhongwei_2025.pdf,地方政府债务限额及余额公开表,https://www.nxzw.gov.cn/zwgk/bmxxgkml/sczj/fdzdgknr_49463/ysjsxx_49468/zfys/202602/P020260323561503366266.pdf,https://www.nxzw.gov.cn/zwgk/bmxxgkml/sczj/fdzdgknr_49463/ysjsxx_49468/zfys/202602/P020260323561503366266.pdf,https://www.nxzw.gov.cn/zwgk/bmxxgkml/sczj/fdzdgknr_49463/ysjsxx_49468/zfys/202602/P020260323561503366266.pdf,https://www.nxzw.gov.cn/zwgk/bmxxgkml/sczj/fdzdgknr_49463/ysjsxx_49468/zfys/202602/P020260323561503366266.pdf,https://www.nxzw.gov.cn/zwgk/bmxxgkml/sczj/fdzdgknr_49463/ysjsxx_49468/zfys/202602/P020260323561503366266.pdf,zhongwei_2025.pdf,application/pdf,2026-02-12,2026-02-12,2025-12-31,2026-08-01T00:00:00+08:00,7afbff212d9d3dd809c4a016d5282598e37433b1eeb5a41faf76f4ea11f62d96,archive://national-prefecture-panel/raw/province_debt/2025/official/zhongwei_2025.pdf,internal_object,raw/province_debt/2025/official/zhongwei_2025.pdf,,A1,200,官方附件已归档,,官方预算报告披露2025年末全市限额内政府性债务余额266.63亿元，未披露可供本次摘录使用的一般/专项分项，不反推分项。
SRC-CITY-DEBT-NINGXIA-WUZHONG-2025,吴忠市财政局,市级,吴忠市2026年政府预算公开（2025年全市政府债务限额和余额表）,official_attachment,wuzhong_2025.pdf,地方政府债务限额及余额公开表,https://www.wuzhong.gov.cn/xxgk/zfxxgkml/yjsgkqk/zfys/2026n/202602/P020260204632187152760.pdf,https://www.wuzhong.gov.cn/xxgk/zfxxgkml/yjsgkqk/zfys/2026n/202602/P020260204632187152760.pdf,https://www.wuzhong.gov.cn/xxgk/zfxxgkml/yjsgkqk/zfys/2026n/202602/P020260204632187152760.pdf,https://www.wuzhong.gov.cn/xxgk/zfxxgkml/yjsgkqk/zfys/2026n/202602/P020260204632187152760.pdf,https://www.wuzhong.gov.cn/xxgk/zfxxgkml/yjsgkqk/zfys/2026n/202602/P020260204632187152760.pdf,wuzhong_2025.pdf,application/pdf,2026-02-04,2026-02-04,2025-12-31,2026-08-01T00:00:00+08:00,03563df0be02187d05d7a952de46d389854a00618893722b4aa6a5ab40d53dd3,archive://national-prefecture-panel/raw/province_debt/2025/official/wuzhong_2025.pdf,internal_object,raw/province_debt/2025/official/wuzhong_2025.pdf,,A1,200,官方附件已归档,,官方预算公开附件第169页列示全市六列数据，原表单位为万元，按 0.0001 换算为亿元；全市行即吴忠市行。
SRC-CITY-DEBT-SHANXI-CHANGZHI-2025,长治市财政局,市级,2026年政府预算公开相关说明,official_attachment,changzhi_2025_city.txt,地方政府债务限额及余额公开表,https://www.changzhi.gov.cn/xxgkml/zfxxgkml/szfgzbm/sczj/czsrmzf/czyjs_522/2026/202601/P020260122388193442361.pdf,https://www.changzhi.gov.cn/xxgkml/zfxxgkml/szfgzbm/sczj/czsrmzf/czyjs_522/2026/202601/P020260122388193442361.pdf,https://www.changzhi.gov.cn/xxgkml/zfxxgkml/szfgzbm/sczj/czsrmzf/czyjs_522/2026/202601/P020260122388193442361.pdf,https://www.changzhi.gov.cn/xxgkml/zfxxgkml/szfgzbm/sczj/czsrmzf/czyjs_522/2026/202601/P020260122388193442361.pdf,https://www.changzhi.gov.cn/xxgkml/zfxxgkml/szfgzbm/sczj/czsrmzf/czyjs_522/2026/202601/P020260122388193442361.pdf,changzhi_2025_city.txt,text/plain,2026-01-22,2026-01-22,2025-12-31,2026-08-01T00:00:00+08:00,444267ae904218a9fd38101a19c40813e37e4aa89f6ce97448e8119d5dd74872,archive://national-prefecture-panel/raw/province_debt/2025/official/changzhi_2025_city.txt,internal_object,raw/province_debt/2025/official/changzhi_2025_city.txt,,A1,200,官方附件已归档,,官方预算公开说明披露截至2025年底全市债务余额、限额及一般/专项拆分，三项余额与限额均为565.89、231.39、334.50亿元。
SRC-CITY-DEBT-HUNAN-YUEYANG-2025,岳阳市财政局,市级,关于岳阳市2025年预算执行情况与2026年预算草案的报告,official_attachment,yueyang_2025.txt,地方政府债务限额及余额公开表,https://www.yueyang.gov.cn/uploadfiles/202601/2026012609340543556.pdf,https://www.yueyang.gov.cn/uploadfiles/202601/2026012609340543556.pdf,https://www.yueyang.gov.cn/uploadfiles/202601/2026012609340543556.pdf,https://www.yueyang.gov.cn/uploadfiles/202601/2026012609340543556.pdf,https://www.yueyang.gov.cn/uploadfiles/202601/2026012609340543556.pdf,yueyang_2025.txt,text/plain,2026-01-26,2026-01-26,2025-12-31,2026-08-01T00:00:00+08:00,39d49bdf4a52aa004f5c0494ebcff8549fbc68e7acdd46472bad93921bf68c33,archive://national-prefecture-panel/raw/province_debt/2025/official/yueyang_2025.txt,internal_object,raw/province_debt/2025/official/yueyang_2025.txt,,A1,200,官方附件已归档,,官方市级预算报告披露截至2025年底全市地方政府债务余额1580.16亿元，未披露可供本次摘录使用的一般/专项分项，不反推分项。
SRC-SECONDARY-DEBT-HUNAN-YIYANG-2025,公开评级机构报告,评级机构研究报告,益阳高新产业发展投资集团有限公司主体与相关债项2026年度跟踪评级报告,official_attachment,yiyang_2025.txt,地方政府债务限额及余额公开表,https://static.sse.com.cn/disclosure/bond/announcement/corporate/c/new/2026-06-22/184184_20260622_VFK1.pdf,https://static.sse.com.cn/disclosure/bond/announcement/corporate/c/new/2026-06-22/184184_20260622_VFK1.pdf,https://static.sse.com.cn/disclosure/bond/announcement/corporate/c/new/2026-06-22/184184_20260622_VFK1.pdf,https://static.sse.com.cn/disclosure/bond/announcement/corporate/c/new/2026-06-22/184184_20260622_VFK1.pdf,https://static.sse.com.cn/disclosure/bond/announcement/corporate/c/new/2026-06-22/184184_20260622_VFK1.pdf,yiyang_2025.txt,text/plain,2026-06-22,2026-06-22,2025-12-31,2026-08-01T00:00:00+08:00,5c46d72d531c8cbf4eaac21e689ae46f7b02e0eb827133d962e50bd1ca3e0c0b,archive://national-prefecture-panel/raw/province_debt/2025/official/yiyang_2025.txt,internal_object,raw/province_debt/2025/official/yiyang_2025.txt,,B2,200,官方附件已归档,,公开评级跟踪报告引用益阳市预算执行公开资料，披露2025年末全市总余额及一般/专项拆分；未披露限额，本次限额字段保留为空，待市级正式决算附件替换。
SRC-CITY-DEBT-JIANGXI-JINGDEZHEN-2025,江西日报/江西新闻网,省级媒体转发市级预算报告,关于景德镇市2025年全市和市级预算执行情况与2026年全市和市级预算草案的报告,official_attachment,jingdezhen_2025.txt,地方政府债务限额及余额公开表,https://tt.jxnews.com.cn/papers/24/10627547,https://tt.jxnews.com.cn/papers/24/10627547,https://tt.jxnews.com.cn/papers/24/10627547,https://tt.jxnews.com.cn/papers/24/10627547,https://tt.jxnews.com.cn/papers/24/10627547,jingdezhen_2025.txt,text/plain,2026-01-27,2026-01-27,2025-12-31,2026-08-01T00:00:00+08:00,aac60b86c4b460f206318eed450dd31da42da61e139a5cf07c5a37581dd8f588,archive://national-prefecture-panel/raw/province_debt/2025/official/jingdezhen_2025.txt,internal_object,raw/province_debt/2025/official/jingdezhen_2025.txt,,B2,200,官方附件已归档,,公开的市级预算报告全文披露全市六列数据；来源为省级媒体刊载的政府预算报告，待景德镇市财政局正式附件归档后替换。
SRC-SECONDARY-DEBT-JIANGXI-SHANGRAO-2025,同花顺7x24快讯（转述上饶市预算报告）,财经媒体,江西上饶市获省财政厅提前下达2026年新增地方政府债务限额125.38亿元,official_attachment,shangrao_2025.txt,地方政府债务限额及余额公开表,https://news.10jqka.com.cn/20260224/c674857977.shtml,https://news.10jqka.com.cn/20260224/c674857977.shtml,https://news.10jqka.com.cn/20260224/c674857977.shtml,https://news.10jqka.com.cn/20260224/c674857977.shtml,https://news.10jqka.com.cn/20260224/c674857977.shtml,shangrao_2025.txt,text/plain,2026-02-24,2026-02-24,2025-12-31,2026-08-01T00:00:00+08:00,a50b052f1d49a588a730a2493882458be283a1a5e023cb4f6bef078ea83e927f,archive://national-prefecture-panel/raw/province_debt/2025/official/shangrao_2025.txt,internal_object,raw/province_debt/2025/official/shangrao_2025.txt,,B2,200,官方附件已归档,,二手材料明确转述上饶市预算报告的全市限额与余额，仅接入全市余额1819.01亿元；一般/专项分项未披露，不反推。
SRC-CITY-DEBT-TIANJIN-2025,天津市财政局,市级,关于天津市2025年预算执行情况和2026年预算草案的报告,official_attachment,tianjin_2025.txt,地方政府债务限额及余额公开表,https://cz.tj.gov.cn/zwgk_53713/yjsgktypt/ysgk/2026zfys/202602/t20260213_7246728.html,https://cz.tj.gov.cn/zwgk_53713/yjsgktypt/ysgk/2026zfys/202602/t20260213_7246728.html,https://cz.tj.gov.cn/zwgk_53713/yjsgktypt/ysgk/2026zfys/202602/t20260213_7246728.html,https://cz.tj.gov.cn/zwgk_53713/yjsgktypt/ysgk/2026zfys/202602/t20260213_7246728.html,https://cz.tj.gov.cn/zwgk_53713/yjsgktypt/ysgk/2026zfys/202602/t20260213_7246728.html,tianjin_2025.txt,text/plain,2026-02-13,2026-02-13,2025-12-31,2026-08-01T00:00:00+08:00,4eb2d71d85d8d55df42f9c9d0e93bcc3afefca1c10c47f93c22472a5451a285a,archive://national-prefecture-panel/raw/province_debt/2025/official/tianjin_2025.txt,internal_object,raw/province_debt/2025/official/tianjin_2025.txt,,A1,200,官方附件已归档,,官方预算报告披露全市年末地方政府债务余额15099.4亿元，市级与区级余额分别列示；本次仅接入全市余额，未从总额反推一般/专项分项。
SRC-CITY-DEBT-TIBET-ALI-2025,阿里地区财政局,地区级,阿里地区2025年地方政府债务情况,official_attachment,ali_2025.txt,地方政府债务限额及余额公开表,https://cz.al.gov.cn/info/2503/25342.htm,https://cz.al.gov.cn/info/2503/25342.htm,https://cz.al.gov.cn/info/2503/25342.htm,https://cz.al.gov.cn/info/2503/25342.htm,https://cz.al.gov.cn/info/2503/25342.htm,ali_2025.txt,text/plain,2026-02-01,2026-02-01,2025-12-31,2026-08-01T00:00:00+08:00,a583fbec46ad17a52826d4f0fe707741e68a35c7981c7ced637f423f379421d4,archive://national-prefecture-panel/raw/province_debt/2025/official/ali_2025.txt,internal_object,raw/province_debt/2025/official/ali_2025.txt,,A1,200,官方附件已归档,,官方债务信息公开页面披露2025年余额563311.02万元，其中一般债务326878.11万元、专项债务236432.91万元；页面未披露同期限额。
SRC-PROVINCE-DEBT-HUNAN-2025-DETAILED,湖南省财政厅,省级,湖南省2025年预算执行情况与2026年预算草案（表23）,official_attachment,hunan_2025_budget.pdf,地方政府债务限额及余额公开表,https://czt.hunan.gov.cn/czt/xxgk/czyjsgk/czyjs/202602/t20260226_33922264.html,https://czt.hunan.gov.cn/czt/xxgk/czyjsgk/czyjs/202602/t20260226_33922264.html,https://czt.hunan.gov.cn/czt/xxgk/czyjsgk/czyjs/202602/t20260226_33922264.html,https://czt.hunan.gov.cn/czt/xxgk/czyjsgk/czyjs/202602/t20260226_33922264.html,https://czt.hunan.gov.cn/czt/xxgk/czyjsgk/czyjs/202602/t20260226_33922264.html,hunan_2025_budget.pdf,application/pdf,2026-02-26,2026-02-26,2025-12-31,2026-08-01T00:00:00+08:00,b3d96ae3601e2e4eabc3e8989146dcb3aaad14c567e4f38ddc2326441c95206d,archive://national-prefecture-panel/raw/province_debt/2025/official/hunan_2025_budget.pdf,internal_object,raw/province_debt/2025/official/hunan_2025_budget.pdf,,A1,200,官方附件已归档,,官方省级预算报告表23逐行列示市州全域数据；本地转录仅保留地级市/自治州行，排除市县本级、区县和小计行。
SRC-CITY-DEBT-JIANGSU-NANJING-2025-FINAL,南京市财政局,市级,2026年南京市政府预算草案说明,official_attachment,nanjing_2025_final.pdf,地方政府债务限额及余额公开表,https://czj.nanjing.gov.cn/njsczj/202603/P020260402444824555494.pdf,https://czj.nanjing.gov.cn/njsczj/202603/P020260402444824555494.pdf,https://czj.nanjing.gov.cn/njsczj/202603/P020260402444824555494.pdf,https://czj.nanjing.gov.cn/njsczj/202603/P020260402444824555494.pdf,https://czj.nanjing.gov.cn/njsczj/202603/P020260402444824555494.pdf,nanjing_2025_final.pdf,application/pdf,2026-03-04,2026-03-04,2025-12-31,2026-08-01T00:00:00+08:00,,,internal_object,,,A1,200,官方附件已归档,,官方预算草案说明列示2025年末全市政府债务限额、一般/专项限额及余额。
SRC-CITY-DEBT-JIANGSU-SUZHOU-2025-FINAL,苏州市人民政府,市级,关于苏州市2025年预算执行情况和2026年预算草案的报告,official_attachment,suzhou_2025_final.pdf,地方政府债务限额及余额公开表,https://www.suzhou.gov.cn/szsrmzf/czyjsbg/202603/57f2227cdfff4bef8a8c37ee8580add5.shtml,https://www.suzhou.gov.cn/szsrmzf/czyjsbg/202603/57f2227cdfff4bef8a8c37ee8580add5.shtml,https://www.suzhou.gov.cn/szsrmzf/czyjsbg/202603/57f2227cdfff4bef8a8c37ee8580add5.shtml,https://www.suzhou.gov.cn/szsrmzf/czyjsbg/202603/57f2227cdfff4bef8a8c37ee8580add5.shtml,https://www.suzhou.gov.cn/szsrmzf/czyjsbg/202603/57f2227cdfff4bef8a8c37ee8580add5.shtml,suzhou_2025_final.pdf,application/pdf,2026-03-11,2026-03-11,2025-12-31,2026-08-01T00:00:00+08:00,,,internal_object,,,A1,200,官方附件已归档,,官方市级预算报告披露全市总余额4445.6亿元，未披露本次可直接使用的一般/专项拆分，限额字段保留为空。
SRC-CITY-DEBT-JIANGSU-NANTONG-2025-FINAL,南通市人民政府,市级,2025年南通市一般/专项政府债务余额情况表,official_attachment,nantong_2025_final.pdf,地方政府债务限额及余额公开表,https://www.nantong.gov.cn/ntsrmzf/upload/be8b478a-230d-4edc-b0b1-bf8c71a8379e.pdf,https://www.nantong.gov.cn/ntsrmzf/upload/be8b478a-230d-4edc-b0b1-bf8c71a8379e.pdf,https://www.nantong.gov.cn/ntsrmzf/upload/be8b478a-230d-4edc-b0b1-bf8c71a8379e.pdf,https://www.nantong.gov.cn/ntsrmzf/upload/be8b478a-230d-4edc-b0b1-bf8c71a8379e.pdf,https://www.nantong.gov.cn/ntsrmzf/upload/be8b478a-230d-4edc-b0b1-bf8c71a8379e.pdf,nantong_2025_final.pdf,application/pdf,,,2025-12-31,2026-08-01T00:00:00+08:00,,,internal_object,,,A1,200,官方附件已归档,,市级预算公开附件分别列示一般/专项限额和余额；合计为两项公开数相加，未采用反推。
SRC-SECONDARY-DEBT-JIANGSU-WUXI-2025,上海证券交易所披露平台文件,其他,无锡市政府债务相关评级/披露报告（2026年）,official_attachment,wuxi_2025_final.pdf,地方政府债务限额及余额公开表,https://static.sse.com.cn/disclosure/bond/announcement/company/c/new/2026-06-18/137573_20260618_4A4G.pdf,https://static.sse.com.cn/disclosure/bond/announcement/company/c/new/2026-06-18/137573_20260618_4A4G.pdf,https://static.sse.com.cn/disclosure/bond/announcement/company/c/new/2026-06-18/137573_20260618_4A4G.pdf,https://static.sse.com.cn/disclosure/bond/announcement/company/c/new/2026-06-18/137573_20260618_4A4G.pdf,https://static.sse.com.cn/disclosure/bond/announcement/company/c/new/2026-06-18/137573_20260618_4A4G.pdf,wuxi_2025_final.pdf,application/pdf,2026-06-18,2026-06-18,2025-12-31,2026-08-01T00:00:00+08:00,,,internal_object,,,B2,200,官方附件已归档,,交易所披露的发行人/评级材料列示全市总额和一般、专项余额，未披露同期限额；本次不反推限额。
SRC-SECONDARY-DEBT-SICHUAN-TOP6-2025,四川省财政厅/上海证券交易所披露平台,省级及交易所披露平台,2026年四川省政府一般债券（二期）信息披露文件,official_attachment,sichuan_2025_secondary_top6.pdf,地方政府债务限额及余额公开表,https://static.sse.com.cn/disclosure/bond/announcement/local/c/new/2026-03-24/0000_20260324_QSGA.pdf,https://static.sse.com.cn/disclosure/bond/announcement/local/c/new/2026-03-24/0000_20260324_QSGA.pdf,https://static.sse.com.cn/disclosure/bond/announcement/local/c/new/2026-03-24/0000_20260324_QSGA.pdf,https://static.sse.com.cn/disclosure/bond/announcement/local/c/new/2026-03-24/0000_20260324_QSGA.pdf,https://static.sse.com.cn/disclosure/bond/announcement/local/c/new/2026-03-24/0000_20260324_QSGA.pdf,sichuan_2025_secondary_top6.pdf,application/pdf,2026-03-24,2026-03-24,2025-12-31,2026-08-01T00:00:00+08:00,,,internal_object,,,B2,200,官方附件已归档,,政府债券发行信息披露文件引用四川省预算执行情况及相关表格，明确列示六个重点市2025年末债务余额；未披露本批城市的一般/专项拆分和限额，本次仅接入总余额。
SRC-CITY-DEBT-YUNNAN-BAOSHAN-2025,保山市财政局,市级,保山市2025年地方财政预算执行情况和2026年地方财政预算（草案）公开版,official_attachment,baoshan_2025.pdf,地方政府债务限额及余额公开表,https://www.baoshan.gov.cn/virtual_attach_file.vsb?afc=nM77SiU49ZMzW2Mzm74nNM7nRGsL4MlRLlLbnmV2oRGsM490gihFp2hmCIa0LYy4nky4nkh2L7W2U47DL4UiLz9sM7-4UzLaozfkn7-8L8nFoRLDUl-4MRWFM4-bM7UJv2nto40N0bsTOpdTJ--YLR-ibpt8bQYabXqbEgS1bXSBEqH7bEE5bwtjEH2LbwoVbCqibQHLLmGYMJIbxoIvOoqIJ_18wJql03t1Ao_JT33y1o1M1_qA1o3y1_3y1oIVKoIy9o_W1o3y1SbaQ2CeoDW4vsWx_tQxqd6ELmGYL1hXptQ0g4UDL4-0LzG4L4UaMzUJqdrnx,https://www.baoshan.gov.cn/virtual_attach_file.vsb?afc=nM77SiU49ZMzW2Mzm74nNM7nRGsL4MlRLlLbnmV2oRGsM490gihFp2hmCIa0LYy4nky4nkh2L7W2U47DL4UiLz9sM7-4UzLaozfkn7-8L8nFoRLDUl-4MRWFM4-bM7UJv2nto40N0bsTOpdTJ--YLR-ibpt8bQYabXqbEgS1bXSBEqH7bEE5bwtjEH2LbwoVbCqibQHLLmGYMJIbxoIvOoqIJ_18wJql03t1Ao_JT33y1o1M1_qA1o3y1_3y1oIVKoIy9o_W1o3y1SbaQ2CeoDW4vsWx_tQxqd6ELmGYL1hXptQ0g4UDL4-0LzG4L4UaMzUJqdrnx,https://www.baoshan.gov.cn/virtual_attach_file.vsb?afc=nM77SiU49ZMzW2Mzm74nNM7nRGsL4MlRLlLbnmV2oRGsM490gihFp2hmCIa0LYy4nky4nkh2L7W2U47DL4UiLz9sM7-4UzLaozfkn7-8L8nFoRLDUl-4MRWFM4-bM7UJv2nto40N0bsTOpdTJ--YLR-ibpt8bQYabXqbEgS1bXSBEqH7bEE5bwtjEH2LbwoVbCqibQHLLmGYMJIbxoIvOoqIJ_18wJql03t1Ao_JT33y1o1M1_qA1o3y1_3y1oIVKoIy9o_W1o3y1SbaQ2CeoDW4vsWx_tQxqd6ELmGYL1hXptQ0g4UDL4-0LzG4L4UaMzUJqdrnx,https://www.baoshan.gov.cn/virtual_attach_file.vsb?afc=nM77SiU49ZMzW2Mzm74nNM7nRGsL4MlRLlLbnmV2oRGsM490gihFp2hmCIa0LYy4nky4nkh2L7W2U47DL4UiLz9sM7-4UzLaozfkn7-8L8nFoRLDUl-4MRWFM4-bM7UJv2nto40N0bsTOpdTJ--YLR-ibpt8bQYabXqbEgS1bXSBEqH7bEE5bwtjEH2LbwoVbCqibQHLLmGYMJIbxoIvOoqIJ_18wJql03t1Ao_JT33y1o1M1_qA1o3y1_3y1oIVKoIy9o_W1o3y1SbaQ2CeoDW4vsWx_tQxqd6ELmGYL1hXptQ0g4UDL4-0LzG4L4UaMzUJqdrnx,https://www.baoshan.gov.cn/virtual_attach_file.vsb?afc=nM77SiU49ZMzW2Mzm74nNM7nRGsL4MlRLlLbnmV2oRGsM490gihFp2hmCIa0LYy4nky4nkh2L7W2U47DL4UiLz9sM7-4UzLaozfkn7-8L8nFoRLDUl-4MRWFM4-bM7UJv2nto40N0bsTOpdTJ--YLR-ibpt8bQYabXqbEgS1bXSBEqH7bEE5bwtjEH2LbwoVbCqibQHLLmGYMJIbxoIvOoqIJ_18wJql03t1Ao_JT33y1o1M1_qA1o3y1_3y1oIVKoIy9o_W1o3y1SbaQ2CeoDW4vsWx_tQxqd6ELmGYL1hXptQ0g4UDL4-0LzG4L4UaMzUJqdrnx,baoshan_2025.pdf,application/pdf,2026-02-05,2026-02-05,2025-12-31,2026-08-01T00:00:00+08:00,,,internal_object,,,A1,200,官方附件已归档,,官方预算公开表披露保山市合计2025年末债务余额990.77亿元，其中一般债务298.37亿元、专项债务692.41亿元；该表注明2025年限额尚待省财政厅下达，限额字段保留为空。
SRC-CITY-DEBT-TIBET-CHANGDU-2025,昌都市财政局,市级,昌都市2025年预算执行情况和2026年预算草案的报告,official_attachment,changdu_2025.pdf,地方政府债务限额及余额公开表,https://czj.changdu.gov.cn/cdsczj/c102357/202601/83ed74f824df49cca5f123244a50e4b5.shtml,https://czj.changdu.gov.cn/cdsczj/c102357/202601/83ed74f824df49cca5f123244a50e4b5.shtml,https://czj.changdu.gov.cn/cdsczj/c102357/202601/83ed74f824df49cca5f123244a50e4b5.shtml,https://czj.changdu.gov.cn/cdsczj/c102357/202601/83ed74f824df49cca5f123244a50e4b5.shtml,https://czj.changdu.gov.cn/cdsczj/c102357/202601/83ed74f824df49cca5f123244a50e4b5.shtml,changdu_2025.pdf,application/pdf,2026-01-27,2026-01-27,2025-12-31,2026-08-01T00:00:00+08:00,,,internal_object,,,A1,200,官方附件已归档,,官方市级预算报告披露全市口径总额、一般、专项限额及余额，原表单位为万元，统一转换为亿元。
SRC-CITY-DEBT-GUANGXI-FANGCHENGGANG-2025,防城港市财政局,市级,防城港市全市与市本级2025年预算执行情况和2026年预算（草案）,official_attachment,fangchenggang_2025.pdf,地方政府债务限额及余额公开表,https://www.fcgs.gov.cn/zfxxgk/zdlyxxgk/czzj/szfys/zfys2026/P020260303601123245736.pdf,https://www.fcgs.gov.cn/zfxxgk/zdlyxxgk/czzj/szfys/zfys2026/P020260303601123245736.pdf,https://www.fcgs.gov.cn/zfxxgk/zdlyxxgk/czzj/szfys/zfys2026/P020260303601123245736.pdf,https://www.fcgs.gov.cn/zfxxgk/zdlyxxgk/czzj/szfys/zfys2026/P020260303601123245736.pdf,https://www.fcgs.gov.cn/zfxxgk/zdlyxxgk/czzj/szfys/zfys2026/P020260303601123245736.pdf,fangchenggang_2025.pdf,application/pdf,2026-03-03,2026-03-03,2025-12-31,2026-08-01T00:00:00+08:00,,,internal_object,,,A1,200,官方附件已归档,,官方市级预算公开表列示全市政府债务限额及余额的总额、一般、专项六项数值，原表单位为万元，统一转换为亿元。
SRC-PROVINCE-DEBT-FUJIAN-2025-DETAILED,福建省财政厅,省级,2026年福建省预算收支表（附表24：2025年度全省地方政府债务限额及余额情况表）,official_attachment,fujian_2025_detailed.pdf,地方政府债务限额及余额公开表,https://czt.fujian.gov.cn/zwgk/tjsj/ndszqk/202602/P020260211401279360319.pdf,https://czt.fujian.gov.cn/zwgk/tjsj/ndszqk/202602/P020260211401279360319.pdf,https://czt.fujian.gov.cn/zwgk/tjsj/ndszqk/202602/P020260211401279360319.pdf,https://czt.fujian.gov.cn/zwgk/tjsj/ndszqk/202602/P020260211401279360319.pdf,https://czt.fujian.gov.cn/zwgk/tjsj/ndszqk/202602/P020260211401279360319.pdf,fujian_2025_detailed.pdf,application/pdf,2026-02-11,2026-02-11,2025-12-31,2026-08-01T00:00:00+08:00,,,internal_object,,,A1,200,官方附件已归档,,福建省财政厅官方预算附表逐行列示2025年各地市债务限额及余额；本地保留九个地级市和厦门市，排除省本级、平潭综合实验区等非目标行。
SRC-SECONDARY-DEBT-JILIN-CHANGCHUN-2025,东方金诚国际信用评估有限公司,其他,长春新区发展集团有限公司2026年跟踪评级报告,official_attachment,changchun_2025_rating.txt,地方政府债务限额及余额公开表,https://www.dfratings.com/uploads/files/2026/0622/cUTWum2GBNICBatCbWVUctfR8LiRoDdRts1xs8ix.pdf,https://www.dfratings.com/uploads/files/2026/0622/cUTWum2GBNICBatCbWVUctfR8LiRoDdRts1xs8ix.pdf,https://www.dfratings.com/uploads/files/2026/0622/cUTWum2GBNICBatCbWVUctfR8LiRoDdRts1xs8ix.pdf,https://www.dfratings.com/uploads/files/2026/0622/cUTWum2GBNICBatCbWVUctfR8LiRoDdRts1xs8ix.pdf,https://www.dfratings.com/uploads/files/2026/0622/cUTWum2GBNICBatCbWVUctfR8LiRoDdRts1xs8ix.pdf,changchun_2025_rating.txt,text/plain,2026-06-22,2026-06-22,2025-12-31,2026-08-01T00:00:00+08:00,4a15ca47f6a6fcef6cfc9a4624e44e0703d496249eb5020d033c41e6aaa1fea5,archive://national-prefecture-panel/raw/province_debt/2025/official/changchun_2025_rating.txt,internal_object,raw/province_debt/2025/official/changchun_2025_rating.txt,,B2,200,官方附件已归档,,交易所/评级公开材料明确披露长春市全市法定政府债务余额；未披露本次可直接使用的限额和一般/专项拆分，因此仅接入总余额。
SRC-SECONDARY-DEBT-JILIN-JILIN-2025,东方金诚国际信用评估有限公司,其他,吉林经济技术开发区城市建设发展有限责任公司2026年跟踪评级报告,official_attachment,jilin_city_2025_rating.txt,地方政府债务限额及余额公开表,https://static.sse.com.cn/disclosure/bond/announcement/corporate/c/new/2026-06-18/152793_20260618_P679.pdf,https://static.sse.com.cn/disclosure/bond/announcement/corporate/c/new/2026-06-18/152793_20260618_P679.pdf,https://static.sse.com.cn/disclosure/bond/announcement/corporate/c/new/2026-06-18/152793_20260618_P679.pdf,https://static.sse.com.cn/disclosure/bond/announcement/corporate/c/new/2026-06-18/152793_20260618_P679.pdf,https://static.sse.com.cn/disclosure/bond/announcement/corporate/c/new/2026-06-18/152793_20260618_P679.pdf,jilin_city_2025_rating.txt,text/plain,2026-06-18,2026-06-18,2025-12-31,2026-08-01T00:00:00+08:00,50857fd83c984c61ec8d6a9c4e23442c3d43778a4a2bfe3b3523cc99ee0986ee,archive://national-prefecture-panel/raw/province_debt/2025/official/jilin_city_2025_rating.txt,internal_object,raw/province_debt/2025/official/jilin_city_2025_rating.txt,,B2,200,官方附件已归档,,交易所/评级公开材料明确披露吉林市全市法定政府债务余额；限额和一般/专项拆分未在本条材料中完整列示，因此仅接入总余额。
SRC-SECONDARY-DEBT-JIANGXI-NANCHANG-2025,东方金诚国际信用评估有限公司,其他,南昌市产业投资集团有限公司2026年跟踪评级报告,official_attachment,nanchang_2025_rating.txt,地方政府债务限额及余额公开表,https://static.sse.com.cn/disclosure/bond/announcement/company/c/new/2026-06-18/152449_20260618_RW7K.pdf,https://static.sse.com.cn/disclosure/bond/announcement/company/c/new/2026-06-18/152449_20260618_RW7K.pdf,https://static.sse.com.cn/disclosure/bond/announcement/company/c/new/2026-06-18/152449_20260618_RW7K.pdf,https://static.sse.com.cn/disclosure/bond/announcement/company/c/new/2026-06-18/152449_20260618_RW7K.pdf,https://static.sse.com.cn/disclosure/bond/announcement/company/c/new/2026-06-18/152449_20260618_RW7K.pdf,nanchang_2025_rating.txt,text/plain,2026-06-18,2026-06-18,2025-12-31,2026-08-01T00:00:00+08:00,6e131bfcf09960eb3367c8087b21a28c109e5b78b39d8005fd6795f961f479f3,archive://national-prefecture-panel/raw/province_debt/2025/official/nanchang_2025_rating.txt,internal_object,raw/province_debt/2025/official/nanchang_2025_rating.txt,,B2,200,官方附件已归档,,交易所/评级公开材料列示南昌市全市地方政府债务余额2200.07亿元；未完整披露本次可直接使用的限额和分项，因此仅接入总余额。
SRC-CITY-DEBT-YUNNAN-DALI-2025,大理白族自治州财政局,市级,关于大理白族自治州2025年地方财政预算执行情况和2026年地方财政预算草案的报告,official_attachment,dali_2025.txt,地方政府债务限额及余额公开表,https://www.dali.gov.cn/dlzrmzf/xxgkml/c106264/pc/content/2026957153552601088/content_2026957153552601088.html,https://www.dali.gov.cn/dlzrmzf/xxgkml/c106264/pc/content/2026957153552601088/content_2026957153552601088.html,https://www.dali.gov.cn/dlzrmzf/xxgkml/c106264/pc/content/2026957153552601088/content_2026957153552601088.html,https://www.dali.gov.cn/dlzrmzf/xxgkml/c106264/pc/content/2026957153552601088/content_2026957153552601088.html,https://www.dali.gov.cn/dlzrmzf/xxgkml/c106264/pc/content/2026957153552601088/content_2026957153552601088.html,dali_2025.txt,text/plain,2026-02-26,2026-02-26,2025-12-31,2026-08-01T00:00:00+08:00,f7da1518cc540c0bb1320ea2505e59e3194a7d40a6816935bddbe36bfcab2a9c,archive://national-prefecture-panel/raw/province_debt/2025/official/dali_2025.txt,internal_object,raw/province_debt/2025/official/dali_2025.txt,,A1,200,官方附件已归档,,官方州级预算报告披露全州政府债务余额及一般/专项余额，原表单位为万元，统一转换为亿元；限额总额虽公开但未在本条标准三列中接入。
SRC-CITY-DEBT-YUNNAN-HONGHE-2025,红河哈尼族彝族自治州财政局,市级,红河州2026年度政府预算公开,official_attachment,honghe_2025.txt,地方政府债务限额及余额公开表,https://www.hh.gov.cn/info/11351/1241182.htm,https://www.hh.gov.cn/info/11351/1241182.htm,https://www.hh.gov.cn/info/11351/1241182.htm,https://www.hh.gov.cn/info/11351/1241182.htm,https://www.hh.gov.cn/info/11351/1241182.htm,honghe_2025.txt,text/plain,2026-02-12,2026-02-12,2025-12-31,2026-08-01T00:00:00+08:00,dfcac5721fcd140c7f66ef5e74fa3fbcfcc6f94bc890f0a8f7e0cdb97a0fd7a8,archive://national-prefecture-panel/raw/province_debt/2025/official/honghe_2025.txt,internal_object,raw/province_debt/2025/official/honghe_2025.txt,,A1,200,官方附件已归档,,官方州级预算公开说明分别披露全州一般、专项债务限额及余额，按全州口径接入六项标准字段。
SRC-CITY-DEBT-YUNNAN-DIQING-2025,迪庆藏族自治州财政局,市级,关于迪庆藏族自治州2025年地方财政预算执行情况和2026年地方财政预算草案的报告,official_attachment,diqing_2025.txt,地方政府债务限额及余额公开表,https://www.diqing.gov.cn/zfxxgk_dqzzf/fdzdgknr/caizhengxinxigongkaizhuanlan/zhengfuyujuesuan/202602/20260204_237925.html,https://www.diqing.gov.cn/zfxxgk_dqzzf/fdzdgknr/caizhengxinxigongkaizhuanlan/zhengfuyujuesuan/202602/20260204_237925.html,https://www.diqing.gov.cn/zfxxgk_dqzzf/fdzdgknr/caizhengxinxigongkaizhuanlan/zhengfuyujuesuan/202602/20260204_237925.html,https://www.diqing.gov.cn/zfxxgk_dqzzf/fdzdgknr/caizhengxinxigongkaizhuanlan/zhengfuyujuesuan/202602/20260204_237925.html,https://www.diqing.gov.cn/zfxxgk_dqzzf/fdzdgknr/caizhengxinxigongkaizhuanlan/zhengfuyujuesuan/202602/20260204_237925.html,diqing_2025.txt,text/plain,2026-02-04,2026-02-04,2025-12-31,2026-08-01T00:00:00+08:00,0840a8ab6aba2e1e0eb5d0e10eab45c767ef40abcd9c8c566164ad774fe233d3,archive://national-prefecture-panel/raw/province_debt/2025/official/diqing_2025.txt,internal_object,raw/province_debt/2025/official/diqing_2025.txt,,A1,200,官方附件已归档,,官方州级预算报告及债务表披露全州总额、一般、专项限额及余额，原表单位为万元，统一转换为亿元。
SRC-SECONDARY-DEBT-JIANGSU-XUZHOU-2025,中诚信国际信用评级有限责任公司,其他,丰县城市建设投资集团有限公司2026年度跟踪评级报告,official_attachment,xuzhou_2025_rating.txt,地方政府债务限额及余额公开表,https://www.chinamoney.com.cn/dqs/cm-s-notice-query/fileDownLoad.do?contentId=3363529&mode=save&priority=0,https://www.chinamoney.com.cn/dqs/cm-s-notice-query/fileDownLoad.do?contentId=3363529&mode=save&priority=0,https://www.chinamoney.com.cn/dqs/cm-s-notice-query/fileDownLoad.do?contentId=3363529&mode=save&priority=0,https://www.chinamoney.com.cn/dqs/cm-s-notice-query/fileDownLoad.do?contentId=3363529&mode=save&priority=0,https://www.chinamoney.com.cn/dqs/cm-s-notice-query/fileDownLoad.do?contentId=3363529&mode=save&priority=0,xuzhou_2025_rating.txt,text/plain,2026-06-18,2026-06-18,2025-12-31,2026-08-01T00:00:00+08:00,18bef7383c4aa9b27a29d79559b856a8c12581dc944a58fac3e36a672ff1cece,archive://national-prefecture-panel/raw/province_debt/2025/official/xuzhou_2025_rating.txt,internal_object,raw/province_debt/2025/official/xuzhou_2025_rating.txt,,B2,200,官方附件已归档,,公开评级材料明确披露徐州市2025年末地方政府债务余额2072.90亿元；限额和一般/专项拆分未在本条材料中完整列示，因此仅接入总余额。
SRC-SECONDARY-DEBT-GUANGXI-LIUZHOU-2025,联合资信评估股份有限公司,其他,柳州市城市投资建设发展有限公司2026年跟踪评级报告,official_attachment,liuzhou_2025_rating.txt,地方政府债务限额及余额公开表,https://static.sse.com.cn/disclosure/bond/announcement/company/c/new/2026-06-26/185342_20260626_C5O4.pdf,https://static.sse.com.cn/disclosure/bond/announcement/company/c/new/2026-06-26/185342_20260626_C5O4.pdf,https://static.sse.com.cn/disclosure/bond/announcement/company/c/new/2026-06-26/185342_20260626_C5O4.pdf,https://static.sse.com.cn/disclosure/bond/announcement/company/c/new/2026-06-26/185342_20260626_C5O4.pdf,https://static.sse.com.cn/disclosure/bond/announcement/company/c/new/2026-06-26/185342_20260626_C5O4.pdf,liuzhou_2025_rating.txt,text/plain,2026-06-26,2026-06-26,2025-12-31,2026-08-01T00:00:00+08:00,d78f940f052f7099f8c8865eec187d1a7dcd4b773b91c0f581a925eea15ed6b2,archive://national-prefecture-panel/raw/province_debt/2025/official/liuzhou_2025_rating.txt,internal_object,raw/province_debt/2025/official/liuzhou_2025_rating.txt,,B2,200,官方附件已归档,,上海证券交易所公开评级材料明确披露柳州市2025年末政府债务余额1157.33亿元；限额和一般/专项拆分未在本条材料中完整列示，因此仅接入总余额。
SRC-SECONDARY-DEBT-GUANGXI-GUIGANG-2025,中诚信国际信用评级有限责任公司,其他,贵港市城市投资发展集团有限公司2026年跟踪评级报告,official_attachment,guigang_2025_rating.txt,地方政府债务限额及余额公开表,https://www.chinamoney.com.cn/dqs/cm-s-notice-query/fileDownLoad.do?contentId=3362370&mode=save&priority=0,https://www.chinamoney.com.cn/dqs/cm-s-notice-query/fileDownLoad.do?contentId=3362370&mode=save&priority=0,https://www.chinamoney.com.cn/dqs/cm-s-notice-query/fileDownLoad.do?contentId=3362370&mode=save&priority=0,https://www.chinamoney.com.cn/dqs/cm-s-notice-query/fileDownLoad.do?contentId=3362370&mode=save&priority=0,https://www.chinamoney.com.cn/dqs/cm-s-notice-query/fileDownLoad.do?contentId=3362370&mode=save&priority=0,guigang_2025_rating.txt,text/plain,2026-06-26,2026-06-26,2025-12-31,2026-08-01T00:00:00+08:00,19e8a110059ceda6c1d2df9efbdfa7cd50e8287044520a0cc6b6a08e17a42076,archive://national-prefecture-panel/raw/province_debt/2025/official/guigang_2025_rating.txt,internal_object,raw/province_debt/2025/official/guigang_2025_rating.txt,,B2,200,官方附件已归档,,中国货币网公开评级材料明确披露贵港市2025年末政府债务余额608.25亿元；限额和一般/专项拆分未在本条材料中完整列示，因此仅接入总余额。
SRC-CITY-DEBT-HUBEI-WUHAN-2025,武汉市财政局,市级,武汉市2025年政府债务限额及余额表,official_attachment,wuhan_2025_detailed.txt,地方政府债务限额及余额公开表,https://czj.wuhan.gov.cn/FBJD/XXGKML/CZGK/CZYJS/202601/P020260126617747300599.pdf,https://czj.wuhan.gov.cn/FBJD/XXGKML/CZGK/CZYJS/202601/P020260126617747300599.pdf,https://czj.wuhan.gov.cn/FBJD/XXGKML/CZGK/CZYJS/202601/P020260126617747300599.pdf,https://czj.wuhan.gov.cn/FBJD/XXGKML/CZGK/CZYJS/202601/P020260126617747300599.pdf,https://czj.wuhan.gov.cn/FBJD/XXGKML/CZGK/CZYJS/202601/P020260126617747300599.pdf,wuhan_2025_detailed.txt,text/plain,2026-01-26,2026-01-26,2025-12-31,2026-08-01T00:00:00+08:00,3cc8fb6f5de16c061b5d93eb5ba0e9d537bf814e2954fa2d1788b3a7c6335392,archive://national-prefecture-panel/raw/province_debt/2025/official/wuhan_2025_detailed.txt,internal_object,raw/province_debt/2025/official/wuhan_2025_detailed.txt,,A1,200,官方附件已归档,,武汉市财政局官方预算公开分别披露全市政府债务、一般债务和专项债务限额及余额，本条按三张官方表的全市行接入六项标准字段，原表单位为万元，统一转换为亿元。
SRC-SECONDARY-DEBT-HUBEI-YICHANG-2025,中诚信国际信用评级有限责任公司,其他,宜昌城市发展投资集团有限公司2026年跟踪评级报告,official_attachment,yichang_2025_rating.txt,地方政府债务限额及余额公开表,https://static.sse.com.cn/disclosure/bond/announcement/corporate/c/new/2026-06-24/184124_20260624_1PFG.pdf,https://static.sse.com.cn/disclosure/bond/announcement/corporate/c/new/2026-06-24/184124_20260624_1PFG.pdf,https://static.sse.com.cn/disclosure/bond/announcement/corporate/c/new/2026-06-24/184124_20260624_1PFG.pdf,https://static.sse.com.cn/disclosure/bond/announcement/corporate/c/new/2026-06-24/184124_20260624_1PFG.pdf,https://static.sse.com.cn/disclosure/bond/announcement/corporate/c/new/2026-06-24/184124_20260624_1PFG.pdf,yichang_2025_rating.txt,text/plain,2026-06-24,2026-06-24,2025-12-31,2026-08-01T00:00:00+08:00,35d1146f087400e57de03f8f317debbae881a442df7a4df7ca4a7fe236f29151,archive://national-prefecture-panel/raw/province_debt/2025/official/yichang_2025_rating.txt,internal_object,raw/province_debt/2025/official/yichang_2025_rating.txt,,B2,200,官方附件已归档,,上海证券交易所公开评级材料明确披露宜昌市2025年末政府债务余额1471亿元；限额和一般/专项拆分未在本条材料中完整列示，因此仅接入总余额。
SRC-SECONDARY-DEBT-ANHUI-WUHU-2025,中诚信国际信用评级有限责任公司,其他,芜湖市投资控股集团有限公司2026年度跟踪评级报告,official_attachment,wuhu_2025_rating.txt,地方政府债务限额及余额公开表,https://www.chinamoney.com.cn/dqs/cm-s-notice-query/fileDownLoad.do?contentId=3353987&mode=save&priority=0,https://www.chinamoney.com.cn/dqs/cm-s-notice-query/fileDownLoad.do?contentId=3353987&mode=save&priority=0,https://www.chinamoney.com.cn/dqs/cm-s-notice-query/fileDownLoad.do?contentId=3353987&mode=save&priority=0,https://www.chinamoney.com.cn/dqs/cm-s-notice-query/fileDownLoad.do?contentId=3353987&mode=save&priority=0,https://www.chinamoney.com.cn/dqs/cm-s-notice-query/fileDownLoad.do?contentId=3353987&mode=save&priority=0,wuhu_2025_rating.txt,text/plain,2026-06-01,2026-06-01,2025-12-31,2026-08-01T00:00:00+08:00,2f587d0280d442055cfae4c56c09d673cce52565be14b6a2b23230e95e832411,archive://national-prefecture-panel/raw/province_debt/2025/official/wuhu_2025_rating.txt,internal_object,raw/province_debt/2025/official/wuhu_2025_rating.txt,,B2,200,官方附件已归档,,公开评级材料明确披露芜湖市2025年末地方政府债务余额1710.90亿元；本条材料未完整列示限额和一般/专项拆分，因此仅接入总余额。
SRC-SECONDARY-DEBT-ANHUI-BENGBU-2025,东方金诚国际信用评估有限公司,其他,蚌埠市城市投资控股有限公司2026年度跟踪评级报告,official_attachment,bengbu_2025_rating.txt,地方政府债务限额及余额公开表,https://www.chinamoney.com.cn/dqs/cm-s-notice-query/fileDownLoad.do?contentId=3363365&mode=save&priority=0,https://www.chinamoney.com.cn/dqs/cm-s-notice-query/fileDownLoad.do?contentId=3363365&mode=save&priority=0,https://www.chinamoney.com.cn/dqs/cm-s-notice-query/fileDownLoad.do?contentId=3363365&mode=save&priority=0,https://www.chinamoney.com.cn/dqs/cm-s-notice-query/fileDownLoad.do?contentId=3363365&mode=save&priority=0,https://www.chinamoney.com.cn/dqs/cm-s-notice-query/fileDownLoad.do?contentId=3363365&mode=save&priority=0,bengbu_2025_rating.txt,text/plain,2026-06-22,2026-06-22,2025-12-31,2026-08-01T00:00:00+08:00,0e3becb27324c7e46c2a3a75ca2d28b9783b499459016d7e72a3796aec991c51,archive://national-prefecture-panel/raw/province_debt/2025/official/bengbu_2025_rating.txt,internal_object,raw/province_debt/2025/official/bengbu_2025_rating.txt,,B2,200,官方附件已归档,,公开评级材料明确披露蚌埠市2025年末地方政府债务余额1049.13亿元；本条材料未完整列示限额和一般/专项拆分，因此仅接入总余额。
SRC-SECONDARY-DEBT-ANHUI-TONGLING-2025,东方金诚国际信用评估有限公司,其他,安徽省铜陵市承接产业转移示范园区建设投资有限责任公司2026年度跟踪评级报告,official_attachment,tongling_2025_rating.txt,地方政府债务限额及余额公开表,https://www.dfratings.com/uploads/files/2026/0626/csKCtSeyGvgi417LOiat4fef10W3l1hqfpE6HAdq.pdf,https://www.dfratings.com/uploads/files/2026/0626/csKCtSeyGvgi417LOiat4fef10W3l1hqfpE6HAdq.pdf,https://www.dfratings.com/uploads/files/2026/0626/csKCtSeyGvgi417LOiat4fef10W3l1hqfpE6HAdq.pdf,https://www.dfratings.com/uploads/files/2026/0626/csKCtSeyGvgi417LOiat4fef10W3l1hqfpE6HAdq.pdf,https://www.dfratings.com/uploads/files/2026/0626/csKCtSeyGvgi417LOiat4fef10W3l1hqfpE6HAdq.pdf,tongling_2025_rating.txt,text/plain,2026-06-26,2026-06-26,2025-12-31,2026-08-01T00:00:00+08:00,afae2e4093101d7d67c05f18236a537270710a1878e07ef8b8c648fe5b8f3aad,archive://national-prefecture-panel/raw/province_debt/2025/official/tongling_2025_rating.txt,internal_object,raw/province_debt/2025/official/tongling_2025_rating.txt,,B2,200,官方附件已归档,,公开评级材料明确披露铜陵市2025年末地方政府债务余额576.02亿元；本条材料未完整列示限额和一般/专项拆分，因此仅接入总余额。
SRC-SECONDARY-DEBT-ANHUI-FUYANG-2025,中诚信国际信用评级有限责任公司,其他,阜阳市城市建设投资有限公司2026年度跟踪评级报告,official_attachment,fuyang_2025_rating.txt,地方政府债务限额及余额公开表,https://www.chinamoney.com.cn/dqs/cm-s-notice-query/fileDownLoad.do?contentId=3367479&mode=save&priority=0,https://www.chinamoney.com.cn/dqs/cm-s-notice-query/fileDownLoad.do?contentId=3367479&mode=save&priority=0,https://www.chinamoney.com.cn/dqs/cm-s-notice-query/fileDownLoad.do?contentId=3367479&mode=save&priority=0,https://www.chinamoney.com.cn/dqs/cm-s-notice-query/fileDownLoad.do?contentId=3367479&mode=save&priority=0,https://www.chinamoney.com.cn/dqs/cm-s-notice-query/fileDownLoad.do?contentId=3367479&mode=save&priority=0,fuyang_2025_rating.txt,text/plain,2026-06-29,2026-06-29,2025-12-31,2026-08-01T00:00:00+08:00,f4b8c232498b9c6fae22d13893d1767838f0293817e4de811d10c49049a410f8,archive://national-prefecture-panel/raw/province_debt/2025/official/fuyang_2025_rating.txt,internal_object,raw/province_debt/2025/official/fuyang_2025_rating.txt,,B2,200,官方附件已归档,,公开评级材料明确披露阜阳市2025年末地方政府债务余额2052.83亿元；本条材料未完整列示限额和一般/专项拆分，因此仅接入总余额。
SRC-SECONDARY-DEBT-ANHUI-SUZHOU-2025,东方金诚国际信用评估有限公司,其他,宿州市城市建设投资集团（控股）有限公司2026年度跟踪评级报告,official_attachment,suzhou_anhui_2025_rating.txt,地方政府债务限额及余额公开表,https://static.sse.com.cn/disclosure/bond/announcement/corporate/c/new/2026-06-22/270051_20260622_0OUB.pdf,https://static.sse.com.cn/disclosure/bond/announcement/corporate/c/new/2026-06-22/270051_20260622_0OUB.pdf,https://static.sse.com.cn/disclosure/bond/announcement/corporate/c/new/2026-06-22/270051_20260622_0OUB.pdf,https://static.sse.com.cn/disclosure/bond/announcement/corporate/c/new/2026-06-22/270051_20260622_0OUB.pdf,https://static.sse.com.cn/disclosure/bond/announcement/corporate/c/new/2026-06-22/270051_20260622_0OUB.pdf,suzhou_anhui_2025_rating.txt,text/plain,2026-06-22,2026-06-22,2025-12-31,2026-08-01T00:00:00+08:00,d28ca1d3e4b82922d69d2aee2b26f5241c607abc9a11be0082bfa4d68f5d6c6b,archive://national-prefecture-panel/raw/province_debt/2025/official/suzhou_anhui_2025_rating.txt,internal_object,raw/province_debt/2025/official/suzhou_anhui_2025_rating.txt,,B2,200,官方附件已归档,,公开评级材料明确披露宿州市2025年末地方政府债务余额1111.22亿元；本条材料未完整列示限额和一般/专项拆分，因此仅接入总余额。
SRC-SECONDARY-DEBT-ANHUI-CHIZHOU-2025,东方金诚国际信用评估有限公司,其他,安徽平天湖投资控股集团有限公司2026年度跟踪评级报告,official_attachment,chizhou_2025_rating.txt,地方政府债务限额及余额公开表,https://www.dfratings.com/uploads/files/2026/0629/itX3d0tuLzaTYVQEjdr70TIgWVlQQNefgfJXynV0.pdf,https://www.dfratings.com/uploads/files/2026/0629/itX3d0tuLzaTYVQEjdr70TIgWVlQQNefgfJXynV0.pdf,https://www.dfratings.com/uploads/files/2026/0629/itX3d0tuLzaTYVQEjdr70TIgWVlQQNefgfJXynV0.pdf,https://www.dfratings.com/uploads/files/2026/0629/itX3d0tuLzaTYVQEjdr70TIgWVlQQNefgfJXynV0.pdf,https://www.dfratings.com/uploads/files/2026/0629/itX3d0tuLzaTYVQEjdr70TIgWVlQQNefgfJXynV0.pdf,chizhou_2025_rating.txt,text/plain,2026-06-29,2026-06-29,2025-12-31,2026-08-01T00:00:00+08:00,b2ae9759e3498c12e2a327f328a322a35074923e8e1d8c928fec69c47d45c381,archive://national-prefecture-panel/raw/province_debt/2025/official/chizhou_2025_rating.txt,internal_object,raw/province_debt/2025/official/chizhou_2025_rating.txt,,B2,200,官方附件已归档,,公开评级材料明确披露池州市2025年末地方政府债务余额500.19亿元；本条材料未完整列示限额和一般/专项拆分，因此仅接入总余额。
SRC-CITY-DEBT-ANHUI-XUANCHENG-2025,宣城市财政局,市级,关于宣城市2025年预算执行情况和2026年预算草案的报告,official_attachment,xuancheng_2025_official.txt,地方政府债务限额及余额公开表,https://tyjr.xuancheng.gov.cn/file_xc/20/202602/20260206a37c3db21a3a448a91fb29d6117c45f5.pdf,https://tyjr.xuancheng.gov.cn/file_xc/20/202602/20260206a37c3db21a3a448a91fb29d6117c45f5.pdf,https://tyjr.xuancheng.gov.cn/file_xc/20/202602/20260206a37c3db21a3a448a91fb29d6117c45f5.pdf,https://tyjr.xuancheng.gov.cn/file_xc/20/202602/20260206a37c3db21a3a448a91fb29d6117c45f5.pdf,https://tyjr.xuancheng.gov.cn/file_xc/20/202602/20260206a37c3db21a3a448a91fb29d6117c45f5.pdf,xuancheng_2025_official.txt,text/plain,2026-02-06,2026-02-06,2025-12-31,2026-08-01T00:00:00+08:00,cbd51c32f36e40e35d33a4efadea734d783ad0fa190e606a15ce9dd1f8564774,archive://national-prefecture-panel/raw/province_debt/2025/official/xuancheng_2025_official.txt,internal_object,raw/province_debt/2025/official/xuancheng_2025_official.txt,,A1,200,官方附件已归档,,宣城市财政预算报告披露全市2025年末地方政府债务余额921.5亿元；本条摘录未完整列示限额和一般/专项拆分，因此仅接入总余额。
SRC-SECONDARY-DEBT-SHAANXI-XIAN-2025,中诚信国际信用评级有限责任公司,其他,西安市地方政府债务余额相关评级披露,official_attachment,xian_2025_rating.txt,地方政府债务限额及余额公开表,https://www.chinamoney.com.cn/dqs/cm-s-notice-query/fileDownLoad.do?contentId=3350330&mode=save&priority=0,https://www.chinamoney.com.cn/dqs/cm-s-notice-query/fileDownLoad.do?contentId=3350330&mode=save&priority=0,https://www.chinamoney.com.cn/dqs/cm-s-notice-query/fileDownLoad.do?contentId=3350330&mode=save&priority=0,https://www.chinamoney.com.cn/dqs/cm-s-notice-query/fileDownLoad.do?contentId=3350330&mode=save&priority=0,https://www.chinamoney.com.cn/dqs/cm-s-notice-query/fileDownLoad.do?contentId=3350330&mode=save&priority=0,xian_2025_rating.txt,text/plain,2026-06-01,2026-06-01,2025-12-31,2026-08-01T00:00:00+08:00,37d3fce8425535e9f9f1bfc3a9ef84116550105b059f2c44f0ba2862cb35b495,archive://national-prefecture-panel/raw/province_debt/2025/official/xian_2025_rating.txt,internal_object,raw/province_debt/2025/official/xian_2025_rating.txt,,B2,200,官方附件已归档,,公开评级材料明确披露西安市2025年末地方政府债务余额5363.14亿元；本条材料未完整列示限额和一般/专项拆分，因此仅接入总余额。
SRC-SECONDARY-DEBT-JIANGSU-TAIZHOU-2025,东方金诚国际信用评估有限公司,其他,泰州市城市建设投资集团有限公司2026年度跟踪评级报告,official_attachment,taizhou_jiangsu_2025_rating.txt,地方政府债务限额及余额公开表,https://www.chinamoney.com.cn/dqs/cm-s-notice-query/fileDownLoad.do?contentId=3365561&mode=save&priority=0,https://www.chinamoney.com.cn/dqs/cm-s-notice-query/fileDownLoad.do?contentId=3365561&mode=save&priority=0,https://www.chinamoney.com.cn/dqs/cm-s-notice-query/fileDownLoad.do?contentId=3365561&mode=save&priority=0,https://www.chinamoney.com.cn/dqs/cm-s-notice-query/fileDownLoad.do?contentId=3365561&mode=save&priority=0,https://www.chinamoney.com.cn/dqs/cm-s-notice-query/fileDownLoad.do?contentId=3365561&mode=save&priority=0,taizhou_jiangsu_2025_rating.txt,text/plain,2026-06-26,2026-06-26,2025-12-31,2026-08-01T00:00:00+08:00,b49ad3e1b78c836f86ead236592cd52e6cdebc0a612ac9fd4f5d57cefd11de5d,archive://national-prefecture-panel/raw/province_debt/2025/official/taizhou_jiangsu_2025_rating.txt,internal_object,raw/province_debt/2025/official/taizhou_jiangsu_2025_rating.txt,,B2,200,官方附件已归档,,公开评级材料明确披露泰州市2025年末地方政府债务余额1559.08亿元；本条材料未完整列示限额和一般/专项拆分，因此仅接入总余额。
SRC-SECONDARY-DEBT-SICHUAN-GUANGAN-2025,东方金诚国际信用评估有限公司,其他,吉林经济技术开发区城市建设发展有限责任公司2026年跟踪评级报告（同业比较表）,official_attachment,guangan_2025_rating.txt,地方政府债务限额及余额公开表,https://static.sse.com.cn/disclosure/bond/announcement/corporate/c/new/2026-06-18/152793_20260618_P679.pdf,https://static.sse.com.cn/disclosure/bond/announcement/corporate/c/new/2026-06-18/152793_20260618_P679.pdf,https://static.sse.com.cn/disclosure/bond/announcement/corporate/c/new/2026-06-18/152793_20260618_P679.pdf,https://static.sse.com.cn/disclosure/bond/announcement/corporate/c/new/2026-06-18/152793_20260618_P679.pdf,https://static.sse.com.cn/disclosure/bond/announcement/corporate/c/new/2026-06-18/152793_20260618_P679.pdf,guangan_2025_rating.txt,text/plain,2026-06-18,2026-06-18,2025-12-31,2026-08-01T00:00:00+08:00,92e16c87784489d5a3408b512ec263bd27b3176d1b0ebb7b97b75d375b1de878,archive://national-prefecture-panel/raw/province_debt/2025/official/guangan_2025_rating.txt,internal_object,raw/province_debt/2025/official/guangan_2025_rating.txt,,B2,200,官方附件已归档,,交易所公开评级报告同业比较表列示广安市2025年地方政府债务余额968.03亿元；该条材料未完整列示限额和一般/专项拆分，因此仅接入总余额。
SRC-SECONDARY-DEBT-JIANGXI-PINGXIANG-2025,东方金诚国际信用评估有限公司,其他,萍乡市汇丰投资有限公司2026年度跟踪评级报告,official_attachment,pingxiang_2025_rating.txt,地方政府债务限额及余额公开表,https://static.sse.com.cn/disclosure/bond/announcement/corporate/c/new/2026-06-25/152574_20260625_55JA.pdf,https://static.sse.com.cn/disclosure/bond/announcement/corporate/c/new/2026-06-25/152574_20260625_55JA.pdf,https://static.sse.com.cn/disclosure/bond/announcement/corporate/c/new/2026-06-25/152574_20260625_55JA.pdf,https://static.sse.com.cn/disclosure/bond/announcement/corporate/c/new/2026-06-25/152574_20260625_55JA.pdf,https://static.sse.com.cn/disclosure/bond/announcement/corporate/c/new/2026-06-25/152574_20260625_55JA.pdf,pingxiang_2025_rating.txt,text/plain,2026-06-25,2026-06-25,2025-12-31,2026-08-01T00:00:00+08:00,2b06dac88b21d0cc725fac87f038fa9b3631fe977d93893ce2c0543a5c006dc7,archive://national-prefecture-panel/raw/province_debt/2025/official/pingxiang_2025_rating.txt,internal_object,raw/province_debt/2025/official/pingxiang_2025_rating.txt,,B2,200,官方附件已归档,,公开评级材料明确披露萍乡市2025年末地方政府债务余额813.48亿元；本条材料未完整列示限额和一般/专项拆分，因此仅接入总余额。
SRC-SECONDARY-DEBT-JIANGXI-JIUJIANG-2025,东方金诚国际信用评估有限公司,其他,德安县城市发展有限公司2026年度跟踪评级报告（九江市区域数据）,official_attachment,jiujiang_2025_rating.txt,地方政府债务限额及余额公开表,https://www.chinamoney.com.cn/dqs/cm-s-notice-query/fileDownLoad.do?contentId=3363646&mode=save&priority=0,https://www.chinamoney.com.cn/dqs/cm-s-notice-query/fileDownLoad.do?contentId=3363646&mode=save&priority=0,https://www.chinamoney.com.cn/dqs/cm-s-notice-query/fileDownLoad.do?contentId=3363646&mode=save&priority=0,https://www.chinamoney.com.cn/dqs/cm-s-notice-query/fileDownLoad.do?contentId=3363646&mode=save&priority=0,https://www.chinamoney.com.cn/dqs/cm-s-notice-query/fileDownLoad.do?contentId=3363646&mode=save&priority=0,jiujiang_2025_rating.txt,text/plain,2026-06-24,2026-06-24,2025-12-31,2026-08-01T00:00:00+08:00,c7b91a5254c133388536deaa4c3867545c81214d4fb5486f97c02bf5aa505365,archive://national-prefecture-panel/raw/province_debt/2025/official/jiujiang_2025_rating.txt,internal_object,raw/province_debt/2025/official/jiujiang_2025_rating.txt,,B2,200,官方附件已归档,,公开评级材料列示九江市2025年末地方政府债务余额1874.57亿元；本条材料未完整列示限额和一般/专项拆分，因此仅接入总余额。
SRC-SECONDARY-DEBT-JIANGXI-YINGTAN-2025,东方金诚国际信用评估有限公司,其他,宿州市高新建设投资集团有限公司2026年度跟踪评级报告（同业比较表）,official_attachment,yingtan_2025_rating.txt,地方政府债务限额及余额公开表,https://static.sse.com.cn/disclosure/bond/announcement/corporate/c/new/2026-06-18/270090_20260618_U6IP.pdf,https://static.sse.com.cn/disclosure/bond/announcement/corporate/c/new/2026-06-18/270090_20260618_U6IP.pdf,https://static.sse.com.cn/disclosure/bond/announcement/corporate/c/new/2026-06-18/270090_20260618_U6IP.pdf,https://static.sse.com.cn/disclosure/bond/announcement/corporate/c/new/2026-06-18/270090_20260618_U6IP.pdf,https://static.sse.com.cn/disclosure/bond/announcement/corporate/c/new/2026-06-18/270090_20260618_U6IP.pdf,yingtan_2025_rating.txt,text/plain,2026-06-18,2026-06-18,2025-12-31,2026-08-01T00:00:00+08:00,851f52f9009e77d5110ddcee6f101c8f0bc8bfc9e7330f802298bd1024594932,archive://national-prefecture-panel/raw/province_debt/2025/official/yingtan_2025_rating.txt,internal_object,raw/province_debt/2025/official/yingtan_2025_rating.txt,,B2,200,官方附件已归档,,公开评级报告同业比较表列示鹰潭市2025年地方政府债务余额597.80亿元；本条材料未完整列示限额和一般/专项拆分，因此仅接入总余额。
SRC-SECONDARY-DEBT-JIANGXI-JIAN-2025,中证鹏元资信评估股份有限公司,其他,吉安市新庐陵投资发展有限公司2026年度跟踪评级报告,official_attachment,jian_2025_rating.txt,地方政府债务限额及余额公开表,https://www.chinamoney.org.cn/dqs/cm-s-notice-query/fileDownLoad.do?contentId=3347338&mode=save&priority=0,https://www.chinamoney.org.cn/dqs/cm-s-notice-query/fileDownLoad.do?contentId=3347338&mode=save&priority=0,https://www.chinamoney.org.cn/dqs/cm-s-notice-query/fileDownLoad.do?contentId=3347338&mode=save&priority=0,https://www.chinamoney.org.cn/dqs/cm-s-notice-query/fileDownLoad.do?contentId=3347338&mode=save&priority=0,https://www.chinamoney.org.cn/dqs/cm-s-notice-query/fileDownLoad.do?contentId=3347338&mode=save&priority=0,jian_2025_rating.txt,text/plain,2026-06-18,2026-06-18,2025-12-31,2026-08-01T00:00:00+08:00,7e2436df58364cf0265c001460212e65fb1d37f9a8e9b7cc8259e132a2c2e705,archive://national-prefecture-panel/raw/province_debt/2025/official/jian_2025_rating.txt,internal_object,raw/province_debt/2025/official/jian_2025_rating.txt,,B2,200,官方附件已归档,,公开评级材料明确披露吉安市2025年末地方政府债务余额1531.34亿元；本条材料未完整列示限额和一般/专项拆分，因此仅接入总余额。
SRC-SECONDARY-DEBT-JIANGXI-GANZHOU-2025,东方金诚国际信用评估有限公司,其他,宁都县城市发展投资有限公司2026年度跟踪评级报告（赣州市区域数据）,official_attachment,ganzhou_2025_rating.txt,地方政府债务限额及余额公开表,https://static.sse.com.cn/disclosure/bond/announcement/corporate/c/new/2026-06-18/184753_20260618_HP19.pdf,https://static.sse.com.cn/disclosure/bond/announcement/corporate/c/new/2026-06-18/184753_20260618_HP19.pdf,https://static.sse.com.cn/disclosure/bond/announcement/corporate/c/new/2026-06-18/184753_20260618_HP19.pdf,https://static.sse.com.cn/disclosure/bond/announcement/corporate/c/new/2026-06-18/184753_20260618_HP19.pdf,https://static.sse.com.cn/disclosure/bond/announcement/corporate/c/new/2026-06-18/184753_20260618_HP19.pdf,ganzhou_2025_rating.txt,text/plain,2026-06-18,2026-06-18,2025-12-31,2026-08-01T00:00:00+08:00,bf1e94359d96273458a66e226b7428e68a2ef8c8414eadb45eaa27b5ac33b764,archive://national-prefecture-panel/raw/province_debt/2025/official/ganzhou_2025_rating.txt,internal_object,raw/province_debt/2025/official/ganzhou_2025_rating.txt,,B2,200,官方附件已归档,,公开评级材料列示赣州市2025年末地方政府债务余额2764.27亿元；本条材料未完整列示限额和一般/专项拆分，因此仅接入总余额。
SRC-CITY-DEBT-JIANGXI-FUZHOU-2025,抚州市财政局,市级,2025年抚州市地方政府债务限额及余额情况表,official_attachment,fuzhou_jiangxi_2025.txt,地方政府债务限额及余额公开表,https://www.jxfz.gov.cn/module/download/downfile.jsp?classid=0&filename=21e6bbbe6e554c06bb067765ebb09ce3.pdf,https://www.jxfz.gov.cn/module/download/downfile.jsp?classid=0&filename=21e6bbbe6e554c06bb067765ebb09ce3.pdf,https://www.jxfz.gov.cn/module/download/downfile.jsp?classid=0&filename=21e6bbbe6e554c06bb067765ebb09ce3.pdf,https://www.jxfz.gov.cn/module/download/downfile.jsp?classid=0&filename=21e6bbbe6e554c06bb067765ebb09ce3.pdf,https://www.jxfz.gov.cn/module/download/downfile.jsp?classid=0&filename=21e6bbbe6e554c06bb067765ebb09ce3.pdf,fuzhou_jiangxi_2025.txt,text/plain,2026-02-01,2026-02-01,2025-12-31,2026-08-01T00:00:00+08:00,1ba24178fac26d6257d211ab75bfbf8604018d69520305adaacf4bab377d349a,archive://national-prefecture-panel/raw/province_debt/2025/official/fuzhou_jiangxi_2025.txt,internal_object,raw/province_debt/2025/official/fuzhou_jiangxi_2025.txt,,A1,200,官方附件已归档,,抚州市财政部门公开表披露全市2025年债务限额及决算余额、一般/专项分项，按六项标准字段接入。
SRC-SECONDARY-DEBT-JIANGSU-CHANGZHOU-2025,联合资信评估股份有限公司,其他,常州滨江投资发展集团有限公司2026年度跟踪评级报告,official_attachment,changzhou_2025_rating.txt,地方政府债务限额及余额公开表,https://static.sse.com.cn/disclosure/bond/announcement/corporate/c/new/2026-06-25/152470_20260625_QFI5.pdf,https://static.sse.com.cn/disclosure/bond/announcement/corporate/c/new/2026-06-25/152470_20260625_QFI5.pdf,https://static.sse.com.cn/disclosure/bond/announcement/corporate/c/new/2026-06-25/152470_20260625_QFI5.pdf,https://static.sse.com.cn/disclosure/bond/announcement/corporate/c/new/2026-06-25/152470_20260625_QFI5.pdf,https://static.sse.com.cn/disclosure/bond/announcement/corporate/c/new/2026-06-25/152470_20260625_QFI5.pdf,changzhou_2025_rating.txt,text/plain,2026-06-25,2026-06-25,2025-12-31,2026-08-01T00:00:00+08:00,ad70ec5d80722512ed21b139320d853d415efa58ae1b7605e2c27be52a18f67c,archive://national-prefecture-panel/raw/province_debt/2025/official/changzhou_2025_rating.txt,internal_object,raw/province_debt/2025/official/changzhou_2025_rating.txt,,B2,200,官方附件已归档,,公开评级材料披露常州市2025年末地方政府债务余额3116.88亿元；本条材料未完整列示限额和一般/专项拆分，因此仅接入总余额。
SRC-SECONDARY-DEBT-JIANGSU-HUAIAN-2025,东方金诚国际信用评估有限公司,其他,淮安市国有联合投资发展集团有限公司2026年度跟踪评级报告,official_attachment,huaian_2025_rating.txt,地方政府债务限额及余额公开表,https://static.sse.com.cn/disclosure/bond/announcement/corporate/c/new/2026-06-10/184798_20260610_GX4N.pdf,https://static.sse.com.cn/disclosure/bond/announcement/corporate/c/new/2026-06-10/184798_20260610_GX4N.pdf,https://static.sse.com.cn/disclosure/bond/announcement/corporate/c/new/2026-06-10/184798_20260610_GX4N.pdf,https://static.sse.com.cn/disclosure/bond/announcement/corporate/c/new/2026-06-10/184798_20260610_GX4N.pdf,https://static.sse.com.cn/disclosure/bond/announcement/corporate/c/new/2026-06-10/184798_20260610_GX4N.pdf,huaian_2025_rating.txt,text/plain,2026-06-10,2026-06-10,2025-12-31,2026-08-01T00:00:00+08:00,6dd53091c4be57b87f419b706fd00f757477f9a2920a394fcd8a2b768b20e280,archive://national-prefecture-panel/raw/province_debt/2025/official/huaian_2025_rating.txt,internal_object,raw/province_debt/2025/official/huaian_2025_rating.txt,,B2,200,官方附件已归档,,公开评级材料披露淮安市2025年末地方政府债务余额1304.56亿元；本条材料未完整列示限额和一般/专项拆分，因此仅接入总余额。
SRC-SECONDARY-DEBT-JIANGSU-YANCHENG-2025,其他评级机构公开材料,其他,盐城东方投资开发集团有限公司2026年度跟踪评级报告,official_attachment,yancheng_2025_rating.txt,地方政府债务限额及余额公开表,https://static.sse.com.cn/disclosure/bond/announcement/company/c/new/2026-06-29/242476_20260629_E0KG.pdf,https://static.sse.com.cn/disclosure/bond/announcement/company/c/new/2026-06-29/242476_20260629_E0KG.pdf,https://static.sse.com.cn/disclosure/bond/announcement/company/c/new/2026-06-29/242476_20260629_E0KG.pdf,https://static.sse.com.cn/disclosure/bond/announcement/company/c/new/2026-06-29/242476_20260629_E0KG.pdf,https://static.sse.com.cn/disclosure/bond/announcement/company/c/new/2026-06-29/242476_20260629_E0KG.pdf,yancheng_2025_rating.txt,text/plain,2026-06-29,2026-06-29,2025-12-31,2026-08-01T00:00:00+08:00,77830bee717f2752ec4ac4140e9f903ab5f5f2670be1e262a6053b19008956eb,archive://national-prefecture-panel/raw/province_debt/2025/official/yancheng_2025_rating.txt,internal_object,raw/province_debt/2025/official/yancheng_2025_rating.txt,,B2,200,官方附件已归档,,公开评级材料披露盐城市2025年末地方政府债务余额2092.1亿元；本条材料未完整列示限额和一般/专项拆分，因此仅接入总余额。
SRC-SECONDARY-DEBT-JIANGSU-YANGZHOU-2025,东方金诚国际信用评估有限公司,其他,扬州市城建国有资产控股（集团）有限责任公司2026年度跟踪评级报告,official_attachment,yangzhou_2025_rating.txt,地方政府债务限额及余额公开表,https://static.sse.com.cn/disclosure/bond/announcement/corporate/c/new/2026-06-17/271138_20260617_LQK6.pdf,https://static.sse.com.cn/disclosure/bond/announcement/corporate/c/new/2026-06-17/271138_20260617_LQK6.pdf,https://static.sse.com.cn/disclosure/bond/announcement/corporate/c/new/2026-06-17/271138_20260617_LQK6.pdf,https://static.sse.com.cn/disclosure/bond/announcement/corporate/c/new/2026-06-17/271138_20260617_LQK6.pdf,https://static.sse.com.cn/disclosure/bond/announcement/corporate/c/new/2026-06-17/271138_20260617_LQK6.pdf,yangzhou_2025_rating.txt,text/plain,2026-06-17,2026-06-17,2025-12-31,2026-08-01T00:00:00+08:00,d6d79ee8eb99f28224e05ccd252f68e7a35d070f127aa78cb9108ab3de9fc3aa,archive://national-prefecture-panel/raw/province_debt/2025/official/yangzhou_2025_rating.txt,internal_object,raw/province_debt/2025/official/yangzhou_2025_rating.txt,,B2,200,官方附件已归档,,公开评级材料披露扬州市2025年末地方政府债务余额1751.69亿元；本条材料未完整列示限额和一般/专项拆分，因此仅接入总余额。
SRC-SECONDARY-DEBT-JIANGSU-SUQIAN-2025,其他评级机构公开材料,其他,宿迁高新开发投资有限公司2026年度跟踪评级报告,official_attachment,suqian_2025_rating.txt,地方政府债务限额及余额公开表,https://www.chinamoney.com.cn/dqs/cm-s-notice-query/fileDownLoad.do?contentId=3360085&mode=save&priority=0,https://www.chinamoney.com.cn/dqs/cm-s-notice-query/fileDownLoad.do?contentId=3360085&mode=save&priority=0,https://www.chinamoney.com.cn/dqs/cm-s-notice-query/fileDownLoad.do?contentId=3360085&mode=save&priority=0,https://www.chinamoney.com.cn/dqs/cm-s-notice-query/fileDownLoad.do?contentId=3360085&mode=save&priority=0,https://www.chinamoney.com.cn/dqs/cm-s-notice-query/fileDownLoad.do?contentId=3360085&mode=save&priority=0,suqian_2025_rating.txt,text/plain,2026-06-01,2026-06-01,2025-12-31,2026-08-01T00:00:00+08:00,3f5a7ff428134d6d43c8d208bad18466c32a16c32ab4299414f0c2a20b94c478,archive://national-prefecture-panel/raw/province_debt/2025/official/suqian_2025_rating.txt,internal_object,raw/province_debt/2025/official/suqian_2025_rating.txt,,B2,200,官方附件已归档,,公开评级材料披露宿迁市2025年末地方政府债务余额1286.84亿元；本条材料未完整列示限额和一般/专项拆分，因此仅接入总余额。
SRC-SECONDARY-DEBT-ZHEJIANG-HUZHOU-2025,联合资信评估股份有限公司,其他,湖州市城市投资发展集团有限公司信用评级报告,official_attachment,huzhou_2025_rating.txt,地方政府债务限额及余额公开表,https://static.sse.com.cn/disclosure/bond/announcement/company/c/new/2026-04-21/245063_20260421_P52L.pdf,https://static.sse.com.cn/disclosure/bond/announcement/company/c/new/2026-04-21/245063_20260421_P52L.pdf,https://static.sse.com.cn/disclosure/bond/announcement/company/c/new/2026-04-21/245063_20260421_P52L.pdf,https://static.sse.com.cn/disclosure/bond/announcement/company/c/new/2026-04-21/245063_20260421_P52L.pdf,https://static.sse.com.cn/disclosure/bond/announcement/company/c/new/2026-04-21/245063_20260421_P52L.pdf,huzhou_2025_rating.txt,text/plain,2026-04-21,2026-04-21,2025-12-31,2026-08-01T00:00:00+08:00,9dbebeec1fce25fe4c1cdb5ae9beeb5b5eb0cbb4d7cf5793e7ed97f9158e0a9c,archive://national-prefecture-panel/raw/province_debt/2025/official/huzhou_2025_rating.txt,internal_object,raw/province_debt/2025/official/huzhou_2025_rating.txt,,B2,200,官方附件已归档,,公开评级材料列示湖州市2025年末地方政府债务余额1873.21亿元；本条材料未完整列示限额和一般/专项拆分，因此仅接入总余额。
SRC-SECONDARY-DEBT-ZHEJIANG-NINGBO-2025,公开研究材料,其他,2025年城投债券新增及地方债务结构演变观察（宁波篇）,official_attachment,ningbo_2025_research.txt,地方政府债务限额及余额公开表,https://finance.sina.com.cn/wm/2026-06-04/doc-iniafvzs9304805.shtml,https://finance.sina.com.cn/wm/2026-06-04/doc-iniafvzs9304805.shtml,https://finance.sina.com.cn/wm/2026-06-04/doc-iniafvzs9304805.shtml,https://finance.sina.com.cn/wm/2026-06-04/doc-iniafvzs9304805.shtml,https://finance.sina.com.cn/wm/2026-06-04/doc-iniafvzs9304805.shtml,ningbo_2025_research.txt,text/plain,2026-06-04,2026-06-04,2025-12-31,2026-08-01T00:00:00+08:00,be260664d02c3e407260eab71a23fbb8bee1bec9804e7c222403172438f04ebf,archive://national-prefecture-panel/raw/province_debt/2025/official/ningbo_2025_research.txt,internal_object,raw/province_debt/2025/official/ningbo_2025_research.txt,,B2,200,官方附件已归档,,公开研究材料列示宁波市2025年末地方政府债务余额4854.50亿元；本条材料未完整列示限额和一般/专项拆分，因此仅接入总余额。
SRC-SECONDARY-DEBT-ZHEJIANG-SHAOXING-2025,公开研究材料,其他,绍兴城发维持AAA评级：评级报告区域债务数据,official_attachment,shaoxing_2025_research.txt,地方政府债务限额及余额公开表,https://www.sohu.com/a/1041321513_121636894,https://www.sohu.com/a/1041321513_121636894,https://www.sohu.com/a/1041321513_121636894,https://www.sohu.com/a/1041321513_121636894,https://www.sohu.com/a/1041321513_121636894,shaoxing_2025_research.txt,text/plain,2026-07-01,2026-07-01,2025-12-31,2026-08-01T00:00:00+08:00,ee56f444a8dc9ef15033cf244ae76033d7e00bf043ce826706863746c62dd251,archive://national-prefecture-panel/raw/province_debt/2025/official/shaoxing_2025_research.txt,internal_object,raw/province_debt/2025/official/shaoxing_2025_research.txt,,B2,200,官方附件已归档,,公开材料转述评级报告列示绍兴市2025年末地方政府债务余额2592.42亿元；本条材料未完整列示限额和一般/专项拆分，因此仅接入总余额。
SRC-PROVINCE-DEBT-JILIN-2025,吉林省财政厅,省级财政厅,吉林省2025年地方政府债务限额及余额情况表,official_attachment,jilin_2025_detailed.txt,地方政府债务限额及余额公开表,https://czt.jl.gov.cn/yjs/zfyjs/zfysjtz/2026/202603/P020260302568303280176.pdf,https://czt.jl.gov.cn/yjs/zfyjs/zfysjtz/2026/202603/P020260302568303280176.pdf,https://czt.jl.gov.cn/yjs/zfyjs/zfysjtz/2026/202603/P020260302568303280176.pdf,https://czt.jl.gov.cn/yjs/zfyjs/zfysjtz/2026/202603/P020260302568303280176.pdf,https://czt.jl.gov.cn/yjs/zfyjs/zfysjtz/2026/202603/P020260302568303280176.pdf,jilin_2025_detailed.txt,text/plain,2026-02-12,2026-02-12,2025-12-31,2026-08-01T00:00:00+08:00,f0b56336c7b1ad2521404824767ec18fd4d74e4953686838b883b74bbf72cf14,archive://national-prefecture-panel/raw/province_debt/2025/official/jilin_2025_detailed.txt,internal_object,raw/province_debt/2025/official/jilin_2025_detailed.txt,,A1,200,官方附件已归档,,吉林省财政厅公开表披露各市（州）2025年债务限额、年末余额及一般/专项分项。
SRC-PROVINCE-DEBT-XINJIANG-2025,新疆维吾尔自治区财政厅,省级财政厅,2026年自治区政府债务公开情况附表（2025年末余额）,official_attachment,xinjiang_2025_detailed.txt,地方政府债务限额及余额公开表,https://czt.xinjiang.gov.cn/xjczt/c115015/202602/811f70141dd447fa952579907827a35c/files/%E9%99%84%E4%BB%B6-2026%E5%B9%B4%E8%87%AA%E6%B2%BB%E5%8C%BA%E6%94%BF%E5%BA%9C%E5%80%BA%E5%8A%A1%E5%85%AC%E5%BC%80%E6%83%85%E5%86%B5%E9%99%84%E8%A1%A8-20260402180119289.pdf,https://czt.xinjiang.gov.cn/xjczt/c115015/202602/811f70141dd447fa952579907827a35c/files/%E9%99%84%E4%BB%B6-2026%E5%B9%B4%E8%87%AA%E6%B2%BB%E5%8C%BA%E6%94%BF%E5%BA%9C%E5%80%BA%E5%8A%A1%E5%85%AC%E5%BC%80%E6%83%85%E5%86%B5%E9%99%84%E8%A1%A8-20260402180119289.pdf,https://czt.xinjiang.gov.cn/xjczt/c115015/202602/811f70141dd447fa952579907827a35c/files/%E9%99%84%E4%BB%B6-2026%E5%B9%B4%E8%87%AA%E6%B2%BB%E5%8C%BA%E6%94%BF%E5%BA%9C%E5%80%BA%E5%8A%A1%E5%85%AC%E5%BC%80%E6%83%85%E5%86%B5%E9%99%84%E8%A1%A8-20260402180119289.pdf,https://czt.xinjiang.gov.cn/xjczt/c115015/202602/811f70141dd447fa952579907827a35c/files/%E9%99%84%E4%BB%B6-2026%E5%B9%B4%E8%87%AA%E6%B2%BB%E5%8C%BA%E6%94%BF%E5%BA%9C%E5%80%BA%E5%8A%A1%E5%85%AC%E5%BC%80%E6%83%85%E5%86%B5%E9%99%84%E8%A1%A8-20260402180119289.pdf,https://czt.xinjiang.gov.cn/xjczt/c115015/202602/811f70141dd447fa952579907827a35c/files/%E9%99%84%E4%BB%B6-2026%E5%B9%B4%E8%87%AA%E6%B2%BB%E5%8C%BA%E6%94%BF%E5%BA%9C%E5%80%BA%E5%8A%A1%E5%85%AC%E5%BC%80%E6%83%85%E5%86%B5%E9%99%84%E8%A1%A8-20260402180119289.pdf,xinjiang_2025_detailed.txt,text/plain,2026-04-02,2026-04-02,2025-12-31,2026-08-01T00:00:00+08:00,7b7ae823de7d0728941654010d04adfc5fab02d41f544f6dfa2f6f75c3a3d632,archive://national-prefecture-panel/raw/province_debt/2025/official/xinjiang_2025_detailed.txt,internal_object,raw/province_debt/2025/official/xinjiang_2025_detailed.txt,,A1,200,官方附件已归档,,新疆自治区财政厅公开表披露各地（州、市）2025年债务限额、年末余额及一般/专项分项；兵团等自治区直辖县级行政区划未在该表按同口径单列，暂不填报。
SRC-SECONDARY-DEBT-ZHEJIANG-JIAXING-2025,东方金诚国际信用评估有限公司,其他,嘉兴市城市投资发展集团有限公司2026年度跟踪评级报告,official_attachment,jiaxing_2025_rating.txt,地方政府债务限额及余额公开表,https://static.sse.com.cn/disclosure/bond/announcement/corporate/c/new/2026-06-26/271111_20260626_P5JW.pdf,https://static.sse.com.cn/disclosure/bond/announcement/corporate/c/new/2026-06-26/271111_20260626_P5JW.pdf,https://static.sse.com.cn/disclosure/bond/announcement/corporate/c/new/2026-06-26/271111_20260626_P5JW.pdf,https://static.sse.com.cn/disclosure/bond/announcement/corporate/c/new/2026-06-26/271111_20260626_P5JW.pdf,https://static.sse.com.cn/disclosure/bond/announcement/corporate/c/new/2026-06-26/271111_20260626_P5JW.pdf,jiaxing_2025_rating.txt,text/plain,2026-06-26,2026-06-26,2025-12-31,2026-08-01T00:00:00+08:00,60f0ea4559a88858111c76f78d1a55feb962e8e753a0effd778961566e1006db,archive://national-prefecture-panel/raw/province_debt/2025/official/jiaxing_2025_rating.txt,internal_object,raw/province_debt/2025/official/jiaxing_2025_rating.txt,,B2,200,官方附件已归档,,公开评级材料列示嘉兴市2025年末政府债务余额及一般/专项分项；限额未在本条材料中完整列示。
SRC-SECONDARY-DEBT-ZHEJIANG-TAIZHOU-2025,新世纪评级公开研究材料,其他,2025年城投债券新增及地方债务结构演变观察（台州篇）,official_attachment,taizhou_zhejiang_2025_research.txt,地方政府债务限额及余额公开表,https://www.fxbaogao.com/detail/5480014,https://www.fxbaogao.com/detail/5480014,https://www.fxbaogao.com/detail/5480014,https://www.fxbaogao.com/detail/5480014,https://www.fxbaogao.com/detail/5480014,taizhou_zhejiang_2025_research.txt,text/plain,2026-01-31,2026-01-31,2025-12-31,2026-08-01T00:00:00+08:00,9c4d7eefeb4bbea195275b91073f6549978335b3074b74a13ce7c9f7c90ef4b4,archive://national-prefecture-panel/raw/province_debt/2025/official/taizhou_zhejiang_2025_research.txt,internal_object,raw/province_debt/2025/official/taizhou_zhejiang_2025_research.txt,,B2,200,官方附件已归档,,公开研究材料列示台州市2025年末地方政府债务余额2846.47亿元；本条材料未完整列示限额和一般/专项拆分，因此仅接入总余额。
SRC-SECONDARY-DEBT-ZHEJIANG-QUZHOU-2025,东方金诚国际信用评估有限公司,其他,常山县城市投资集团有限公司2026年度跟踪评级报告（衢州市区域数据）,official_attachment,quzhou_2025_rating.txt,地方政府债务限额及余额公开表,https://www.chinamoney.com.cn/dqs/cm-s-notice-query/fileDownLoad.do?contentId=3355332&mode=save&priority=0,https://www.chinamoney.com.cn/dqs/cm-s-notice-query/fileDownLoad.do?contentId=3355332&mode=save&priority=0,https://www.chinamoney.com.cn/dqs/cm-s-notice-query/fileDownLoad.do?contentId=3355332&mode=save&priority=0,https://www.chinamoney.com.cn/dqs/cm-s-notice-query/fileDownLoad.do?contentId=3355332&mode=save&priority=0,https://www.chinamoney.com.cn/dqs/cm-s-notice-query/fileDownLoad.do?contentId=3355332&mode=save&priority=0,quzhou_2025_rating.txt,text/plain,2026-06-26,2026-06-26,2025-12-31,2026-08-01T00:00:00+08:00,dafbdcc9286b190dbdc486f19a28a19b9b28407d4be3c1a414c5231694822cc9,archive://national-prefecture-panel/raw/province_debt/2025/official/quzhou_2025_rating.txt,internal_object,raw/province_debt/2025/official/quzhou_2025_rating.txt,,B2,200,官方附件已归档,,公开评级材料披露衢州市2025年末地方政府债务余额1365.78亿元；本条材料未完整列示限额和一般/专项拆分，因此仅接入总余额。
SRC-OFFICIAL-DEBT-GUANGDONG-YUNFU-2025,云浮市财政局,地级市财政部门,2026年云浮市本级政府预算公开,official_attachment,yunfu_2025_official.txt,地方政府债务限额及余额公开表,https://www.yunfu.gov.cn/attachment/0/124/124714/1987579.pdf,https://www.yunfu.gov.cn/attachment/0/124/124714/1987579.pdf,https://www.yunfu.gov.cn/attachment/0/124/124714/1987579.pdf,https://www.yunfu.gov.cn/attachment/0/124/124714/1987579.pdf,https://www.yunfu.gov.cn/attachment/0/124/124714/1987579.pdf,yunfu_2025_official.txt,text/plain,2026-02-01,2026-02-01,2025-12-31,2026-08-01T00:00:00+08:00,3ab2e68695d128246c2a7b991296d6120c689798573c8da4144427e240913156,archive://national-prefecture-panel/raw/province_debt/2025/official/yunfu_2025_official.txt,internal_object,raw/province_debt/2025/official/yunfu_2025_official.txt,,A1,200,官方附件已归档,,云浮市政府预算公开披露2025年全市地方政府债务余额及一般、专项分项；限额批复尚未完整下达，因此仅接入余额。
SRC-SECONDARY-DEBT-GUANGDONG-MEIZHOU-2025,东方金诚国际信用评估有限公司,其他,五华县公共事业工程有限公司2026年度跟踪评级报告（梅州市区域数据）,official_attachment,meizhou_2025_rating.txt,地方政府债务限额及余额公开表,https://static.sse.com.cn/disclosure/bond/announcement/corporate/c/new/2026-06-18/152444_20260618_7TNA.pdf,https://static.sse.com.cn/disclosure/bond/announcement/corporate/c/new/2026-06-18/152444_20260618_7TNA.pdf,https://static.sse.com.cn/disclosure/bond/announcement/corporate/c/new/2026-06-18/152444_20260618_7TNA.pdf,https://static.sse.com.cn/disclosure/bond/announcement/corporate/c/new/2026-06-18/152444_20260618_7TNA.pdf,https://static.sse.com.cn/disclosure/bond/announcement/corporate/c/new/2026-06-18/152444_20260618_7TNA.pdf,meizhou_2025_rating.txt,text/plain,2026-06-18,2026-06-18,2025-12-31,2026-08-01T00:00:00+08:00,ba454c4bec377f5e6f35bd9bbabd4cda608002a25e67610cab4d1d8118d47a24,archive://national-prefecture-panel/raw/province_debt/2025/official/meizhou_2025_rating.txt,internal_object,raw/province_debt/2025/official/meizhou_2025_rating.txt,,B2,200,官方附件已归档,,公开评级材料引用梅州市财政预决算等公开资料，披露2025年末全市地方政府债务余额1042.34亿元；材料未完整列示一般/专项分项及限额，因此仅接入总余额。
SRC-OFFICIAL-DEBT-GUANGDONG-ZHONGSHAN-2025,中山市财政局,地级市财政部门,2026年中山市本级政府预算公开,official_attachment,zhongshan_2025_official.txt,地方政府债务限额及余额公开表,https://czj.zs.gov.cn/attachment/0/561/561102/2591915.pdf,https://czj.zs.gov.cn/attachment/0/561/561102/2591915.pdf,https://czj.zs.gov.cn/attachment/0/561/561102/2591915.pdf,https://czj.zs.gov.cn/attachment/0/561/561102/2591915.pdf,https://czj.zs.gov.cn/attachment/0/561/561102/2591915.pdf,zhongshan_2025_official.txt,text/plain,2026-02-01,2026-02-01,2025-12-31,2026-08-01T00:00:00+08:00,511914dd3fee4c92914996933a40ff4ad6b608471d92e8ec2c647411ff016b55,archive://national-prefecture-panel/raw/province_debt/2025/official/zhongshan_2025_official.txt,internal_object,raw/province_debt/2025/official/zhongshan_2025_official.txt,,A1,200,官方附件已归档,,中山市政府预算公开表披露全市债务限额、年末余额及一般/专项分项，单位为万元，按0.0001转换为亿元。
SRC-SECONDARY-DEBT-GUANGXI-NANNING-2025,东方金诚国际信用评估有限公司,其他,邯郸市建设投资集团有限公司2026年度跟踪评级报告（南宁市区域数据）,official_attachment,nanning_2025_rating.txt,地方政府债务限额及余额公开表,https://www.chinamoney.com.cn/dqs/cm-s-notice-query/fileDownLoad.do?contentId=3363510&mode=save&priority=0,https://www.chinamoney.com.cn/dqs/cm-s-notice-query/fileDownLoad.do?contentId=3363510&mode=save&priority=0,https://www.chinamoney.com.cn/dqs/cm-s-notice-query/fileDownLoad.do?contentId=3363510&mode=save&priority=0,https://www.chinamoney.com.cn/dqs/cm-s-notice-query/fileDownLoad.do?contentId=3363510&mode=save&priority=0,https://www.chinamoney.com.cn/dqs/cm-s-notice-query/fileDownLoad.do?contentId=3363510&mode=save&priority=0,nanning_2025_rating.txt,text/plain,2026-06-30,2026-06-30,2025-12-31,2026-08-01T00:00:00+08:00,655434bce765d857c212c724a7a8f0be9349f26b19892f050f80240a35938daa,archive://national-prefecture-panel/raw/province_debt/2025/official/nanning_2025_rating.txt,internal_object,raw/province_debt/2025/official/nanning_2025_rating.txt,,B2,200,官方附件已归档,,评级报告同业比较表列示南宁市2025年地方政府债务余额1784.79亿元；本条材料未完整列示限额及一般/专项分项，因此仅接入总余额。
SRC-SECONDARY-DEBT-HEBEI-HANDAN-2025,东方金诚国际信用评估有限公司,其他,邯郸市建设投资集团有限公司2026年度跟踪评级报告,official_attachment,handan_2025_rating.txt,地方政府债务限额及余额公开表,https://www.chinamoney.com.cn/dqs/cm-s-notice-query/fileDownLoad.do?contentId=3363510&mode=save&priority=0,https://www.chinamoney.com.cn/dqs/cm-s-notice-query/fileDownLoad.do?contentId=3363510&mode=save&priority=0,https://www.chinamoney.com.cn/dqs/cm-s-notice-query/fileDownLoad.do?contentId=3363510&mode=save&priority=0,https://www.chinamoney.com.cn/dqs/cm-s-notice-query/fileDownLoad.do?contentId=3363510&mode=save&priority=0,https://www.chinamoney.com.cn/dqs/cm-s-notice-query/fileDownLoad.do?contentId=3363510&mode=save&priority=0,handan_2025_rating.txt,text/plain,2026-06-30,2026-06-30,2025-12-31,2026-08-01T00:00:00+08:00,ce16df41175634658818d34878d9f6abcc12284b007f797a739dd74b0a6000a8,archive://national-prefecture-panel/raw/province_debt/2025/official/handan_2025_rating.txt,internal_object,raw/province_debt/2025/official/handan_2025_rating.txt,,B2,200,官方附件已归档,,评级报告主体区域数据列示邯郸市2025年地方政府债务余额1756.50亿元；本条材料未完整列示限额及一般/专项分项，因此仅接入总余额。
SRC-SECONDARY-DEBT-SHAANXI-YANAN-2025,东方金诚国际信用评估有限公司,其他,邯郸市建设投资集团有限公司2026年度跟踪评级报告（延安市区域数据）,official_attachment,yanan_2025_rating.txt,地方政府债务限额及余额公开表,https://www.chinamoney.com.cn/dqs/cm-s-notice-query/fileDownLoad.do?contentId=3363510&mode=save&priority=0,https://www.chinamoney.com.cn/dqs/cm-s-notice-query/fileDownLoad.do?contentId=3363510&mode=save&priority=0,https://www.chinamoney.com.cn/dqs/cm-s-notice-query/fileDownLoad.do?contentId=3363510&mode=save&priority=0,https://www.chinamoney.com.cn/dqs/cm-s-notice-query/fileDownLoad.do?contentId=3363510&mode=save&priority=0,https://www.chinamoney.com.cn/dqs/cm-s-notice-query/fileDownLoad.do?contentId=3363510&mode=save&priority=0,yanan_2025_rating.txt,text/plain,2026-06-30,2026-06-30,2025-12-31,2026-08-01T00:00:00+08:00,c3e9c2594424d3d252620bbdc979cf6274fadd70ed6db8aa4c7001be4abebf15,archive://national-prefecture-panel/raw/province_debt/2025/official/yanan_2025_rating.txt,internal_object,raw/province_debt/2025/official/yanan_2025_rating.txt,,B2,200,官方附件已归档,,评级报告同业比较表列示延安市2025年地方政府债务余额830.15亿元；本条材料未完整列示限额及一般/专项分项，因此仅接入总余额。
SRC-SECONDARY-DEBT-HEBEI-SHIJIAZHUANG-2025,东方金诚国际信用评估有限公司,其他,石家庄国控城市发展投资集团有限公司2026年度跟踪评级报告,official_attachment,shijiazhuang_2025_rating.txt,地方政府债务限额及余额公开表,https://www.dfratings.com/uploads/files/2026/0630/fGJAE329qXtyGfB7IFiZVwEFRcx0MXQ3UB1TNv2n.pdf,https://www.dfratings.com/uploads/files/2026/0630/fGJAE329qXtyGfB7IFiZVwEFRcx0MXQ3UB1TNv2n.pdf,https://www.dfratings.com/uploads/files/2026/0630/fGJAE329qXtyGfB7IFiZVwEFRcx0MXQ3UB1TNv2n.pdf,https://www.dfratings.com/uploads/files/2026/0630/fGJAE329qXtyGfB7IFiZVwEFRcx0MXQ3UB1TNv2n.pdf,https://www.dfratings.com/uploads/files/2026/0630/fGJAE329qXtyGfB7IFiZVwEFRcx0MXQ3UB1TNv2n.pdf,shijiazhuang_2025_rating.txt,text/plain,2026-06-30,2026-06-30,2025-12-31,2026-08-01T00:00:00+08:00,05fc1451f46e984e887f5e20a7d0928c8a6fbc3a4a48ac513e874700380bf3f1,archive://national-prefecture-panel/raw/province_debt/2025/official/shijiazhuang_2025_rating.txt,internal_object,raw/province_debt/2025/official/shijiazhuang_2025_rating.txt,,B2,200,官方附件已归档,,评级报告区域数据列示石家庄市2025年地方政府债务余额2798.25亿元；本条材料未完整列示限额及一般/专项分项，因此仅接入总余额。
SRC-OFFICIAL-DEBT-SHAANXI-BAOJI-2025,宝鸡市财政局,市级财政部门,关于宝鸡市2025年政府债券收支安排和市级预算调整方案（草案）的报告,official_attachment,baoji_2025_official.txt,地方政府债务限额及余额公开表,https://czj.baoji.gov.cn/col12912/col12920/col12924/col12929/202602/t20260203_1245345.html,https://czj.baoji.gov.cn/col12912/col12920/col12924/col12929/202602/t20260203_1245345.html,https://czj.baoji.gov.cn/col12912/col12920/col12924/col12929/202602/t20260203_1245345.html,https://czj.baoji.gov.cn/col12912/col12920/col12924/col12929/202602/t20260203_1245345.html,https://czj.baoji.gov.cn/col12912/col12920/col12924/col12929/202602/t20260203_1245345.html,baoji_2025_official.txt,text/plain,2026-02-03,2026-02-03,2025-12-31,2026-08-01T00:00:00+08:00,742a4a752d86cfa6cb69c3e0f9b8906f37a1e789e0a18f49842719f1761b4e69,archive://national-prefecture-panel/raw/province_debt/2025/official/baoji_2025_official.txt,internal_object,raw/province_debt/2025/official/baoji_2025_official.txt,,A2,200,官方附件已归档,,宝鸡市财政局公开报告披露2025年全市政府债务余额预计为745亿元；该材料使用预计执行数，未完整列示一般/专项分项，因此仅接入总余额。
SRC-SECONDARY-DEBT-HEBEI-ZHANGJIAKOU-2025,东方金诚国际信用评估有限公司,其他,张家口众联国控资产管理集团有限公司2026年度跟踪评级报告,official_attachment,zhangjiakou_2025_rating.txt,地方政府债务限额及余额公开表,https://www.chinamoney.com.cn/dqs/cm-s-notice-query/fileDownLoad.do?contentId=3362474&mode=save&priority=0,https://www.chinamoney.com.cn/dqs/cm-s-notice-query/fileDownLoad.do?contentId=3362474&mode=save&priority=0,https://www.chinamoney.com.cn/dqs/cm-s-notice-query/fileDownLoad.do?contentId=3362474&mode=save&priority=0,https://www.chinamoney.com.cn/dqs/cm-s-notice-query/fileDownLoad.do?contentId=3362474&mode=save&priority=0,https://www.chinamoney.com.cn/dqs/cm-s-notice-query/fileDownLoad.do?contentId=3362474&mode=save&priority=0,zhangjiakou_2025_rating.txt,text/plain,2026-06-30,2026-06-30,2025-12-31,2026-08-01T00:00:00+08:00,21820d92f340986a7749e46cb22dae9c2757143eb954e9c6ad9a2771eb9af198,archive://national-prefecture-panel/raw/province_debt/2025/official/zhangjiakou_2025_rating.txt,internal_object,raw/province_debt/2025/official/zhangjiakou_2025_rating.txt,,B2,200,官方附件已归档,,评级报告区域数据列示张家口市2025年末地方政府债务余额1895.29亿元；本条材料未完整列示限额及一般/专项分项，因此仅接入总余额。
SRC-SECONDARY-DEBT-HEBEI-XINGTAI-2025,中诚信国际信用评级有限责任公司,其他,邢台路桥建设集团有限公司2026年度跟踪评级报告,official_attachment,xingtai_2025_rating.txt,地方政府债务限额及余额公开表,https://www.chinamoney.com.cn/dqs/cm-s-notice-query/fileDownLoad.do?contentId=3366462&mode=save&priority=0,https://www.chinamoney.com.cn/dqs/cm-s-notice-query/fileDownLoad.do?contentId=3366462&mode=save&priority=0,https://www.chinamoney.com.cn/dqs/cm-s-notice-query/fileDownLoad.do?contentId=3366462&mode=save&priority=0,https://www.chinamoney.com.cn/dqs/cm-s-notice-query/fileDownLoad.do?contentId=3366462&mode=save&priority=0,https://www.chinamoney.com.cn/dqs/cm-s-notice-query/fileDownLoad.do?contentId=3366462&mode=save&priority=0,xingtai_2025_rating.txt,text/plain,2026-07-01,2026-07-01,2025-12-31,2026-08-01T00:00:00+08:00,ed0364010e56b89555bed38c995e1c12d60dd57bc96213990915a7bf00828763,archive://national-prefecture-panel/raw/province_debt/2025/official/xingtai_2025_rating.txt,internal_object,raw/province_debt/2025/official/xingtai_2025_rating.txt,,B2,200,官方附件已归档,,评级报告区域数据列示邢台市2025年末地方政府债务余额1409.08亿元；本条材料未完整列示限额及一般/专项分项，因此仅接入总余额。
SRC-SECONDARY-DEBT-INNER-MONGOLIA-CHIFENG-2025,东方金诚国际信用评估有限公司,其他,赤峰国有资本运营（集团）有限公司2026年度跟踪评级报告,official_attachment,chifeng_2025_rating.txt,地方政府债务限额及余额公开表,https://www.chinamoney.com.cn/dqs/cm-s-notice-query/fileDownLoad.do?contentId=3371098&mode=save&priority=0,https://www.chinamoney.com.cn/dqs/cm-s-notice-query/fileDownLoad.do?contentId=3371098&mode=save&priority=0,https://www.chinamoney.com.cn/dqs/cm-s-notice-query/fileDownLoad.do?contentId=3371098&mode=save&priority=0,https://www.chinamoney.com.cn/dqs/cm-s-notice-query/fileDownLoad.do?contentId=3371098&mode=save&priority=0,https://www.chinamoney.com.cn/dqs/cm-s-notice-query/fileDownLoad.do?contentId=3371098&mode=save&priority=0,chifeng_2025_rating.txt,text/plain,2026-07-10,2026-07-10,2025-12-31,2026-08-01T00:00:00+08:00,83db4d9f275aad24c13206dd674f0cdd4cb6ede9fe777daba0e0d46f0fcb4e31,archive://national-prefecture-panel/raw/province_debt/2025/official/chifeng_2025_rating.txt,internal_object,raw/province_debt/2025/official/chifeng_2025_rating.txt,,B2,200,官方附件已归档,,评级报告披露赤峰市2025年末地方政府债务余额1075.80亿元，其中一般债务507.73亿元、专项债务568.08亿元；限额未在本条材料中完整列示。
SRC-SECONDARY-DEBT-SICHUAN-MEISHAN-2025,东方金诚国际信用评估有限公司,其他,眉山环天实业有限公司主体与相关债项2026年度跟踪评级报告,official_attachment,meishan_2025_rating.txt,地方政府债务限额及余额公开表,https://static.sse.com.cn/disclosure/bond/announcement/corporate/c/new/2026-06-18/152491_20260618_LBUR.pdf,https://static.sse.com.cn/disclosure/bond/announcement/corporate/c/new/2026-06-18/152491_20260618_LBUR.pdf,https://static.sse.com.cn/disclosure/bond/announcement/corporate/c/new/2026-06-18/152491_20260618_LBUR.pdf,https://static.sse.com.cn/disclosure/bond/announcement/corporate/c/new/2026-06-18/152491_20260618_LBUR.pdf,https://static.sse.com.cn/disclosure/bond/announcement/corporate/c/new/2026-06-18/152491_20260618_LBUR.pdf,meishan_2025_rating.txt,text/plain,2026-06-18,2026-06-18,2025-12-31,2026-08-01T00:00:00+08:00,ff850ed5abceb9c7c2423b7e9c129bc76154b80f3366342d64a955d3ac2652cb,archive://national-prefecture-panel/raw/province_debt/2025/official/meishan_2025_rating.txt,internal_object,raw/province_debt/2025/official/meishan_2025_rating.txt,,B2,200,官方附件已归档,,评级报告披露眉山市2025年末地方政府债务余额984.11亿元，其中一般债务236.66亿元、专项债务747.45亿元；限额未在本条材料中完整列示。
SRC-OFFICIAL-DEBT-INNER-MONGOLIA-HOHHOT-2025,呼和浩特市财政局,市级,关于呼和浩特市2025年预算执行情况和2026年预算（草案）的报告,official_attachment,hohhot_2025_official.txt,地方政府债务限额及余额公开表,https://static.0471tv.org.cn/rb/pc/att/202603/04/5edaa825-0884-472e-9693-6c0aca69c74a.pdf,https://static.0471tv.org.cn/rb/pc/att/202603/04/5edaa825-0884-472e-9693-6c0aca69c74a.pdf,https://static.0471tv.org.cn/rb/pc/att/202603/04/5edaa825-0884-472e-9693-6c0aca69c74a.pdf,https://static.0471tv.org.cn/rb/pc/att/202603/04/5edaa825-0884-472e-9693-6c0aca69c74a.pdf,https://static.0471tv.org.cn/rb/pc/att/202603/04/5edaa825-0884-472e-9693-6c0aca69c74a.pdf,hohhot_2025_official.txt,text/plain,2026-02-10,2026-02-10,2025-12-31,2026-08-01T00:00:00+08:00,d644899d8688cf97c44b596499ae11f826b144452f8d9d564f60f4f7da36fb86,archive://national-prefecture-panel/raw/province_debt/2025/official/hohhot_2025_official.txt,internal_object,raw/province_debt/2025/official/hohhot_2025_official.txt,,A2,200,官方附件已归档,,预算执行报告披露年末全市政府债务余额1794.61亿元，其中一般债务952.79亿元、专项债务841.82亿元；限额在该段未完整列示。
SRC-SECONDARY-DEBT-ZHEJIANG-WENZHOU-2025,联合资信评估股份有限公司,其他,温州市铁路与轨道交通投资集团有限公司2026年度跟踪评级报告,official_attachment,wenzhou_2025_rating.txt,地方政府债务限额及余额公开表,https://static.sse.com.cn/disclosure/bond/announcement/corporate/c/new/2026-06-22/152806_20260622_9SII.pdf,https://static.sse.com.cn/disclosure/bond/announcement/corporate/c/new/2026-06-22/152806_20260622_9SII.pdf,https://static.sse.com.cn/disclosure/bond/announcement/corporate/c/new/2026-06-22/152806_20260622_9SII.pdf,https://static.sse.com.cn/disclosure/bond/announcement/corporate/c/new/2026-06-22/152806_20260622_9SII.pdf,https://static.sse.com.cn/disclosure/bond/announcement/corporate/c/new/2026-06-22/152806_20260622_9SII.pdf,wenzhou_2025_rating.txt,text/plain,2026-06-22,2026-06-22,2025-12-31,2026-08-01T00:00:00+08:00,b21e96f38a14dc83504e5b65db4d4d0fc8cc417afbc96ea9a3894a30c7a00da0,archive://national-prefecture-panel/raw/province_debt/2025/official/wenzhou_2025_rating.txt,internal_object,raw/province_debt/2025/official/wenzhou_2025_rating.txt,,B2,200,官方附件已归档,,评级报告根据温州市预算执行报告等公开资料列示2025年末地方政府债务余额4380.54亿元；本条材料未完整列示限额及一般/专项分项，因此仅接入总余额。
SRC-SECONDARY-DEBT-SICHUAN-SUINING-2025,中诚信国际信用评级有限责任公司,其他,遂宁市富源实业有限公司2026年度跟踪评级报告,official_attachment,suining_2025_rating.txt,地方政府债务限额及余额公开表,https://static.sse.com.cn/disclosure/bond/announcement/corporate/c/new/2026-06-25/184587_20260625_N5MA.pdf,https://static.sse.com.cn/disclosure/bond/announcement/corporate/c/new/2026-06-25/184587_20260625_N5MA.pdf,https://static.sse.com.cn/disclosure/bond/announcement/corporate/c/new/2026-06-25/184587_20260625_N5MA.pdf,https://static.sse.com.cn/disclosure/bond/announcement/corporate/c/new/2026-06-25/184587_20260625_N5MA.pdf,https://static.sse.com.cn/disclosure/bond/announcement/corporate/c/new/2026-06-25/184587_20260625_N5MA.pdf,suining_2025_rating.txt,text/plain,2026-06-25,2026-06-25,2025-12-31,2026-08-01T00:00:00+08:00,cdf868453785b560cd9d3e41d4d3cc5e083af02e19ea430910e965ff9b31100b,archive://national-prefecture-panel/raw/province_debt/2025/official/suining_2025_rating.txt,internal_object,raw/province_debt/2025/official/suining_2025_rating.txt,,B2,200,官方附件已归档,,评级报告区域环境部分直接披露遂宁市2025年末地方政府债务余额1064.95亿元；本条材料未完整列示限额及一般/专项分项，因此仅接入总余额。
SRC-SECONDARY-DEBT-SICHUAN-GUANGYUAN-2025,东方金诚国际信用评估有限公司,其他,鄂州市城市建设投资有限公司2026年度跟踪评级报告（同业比较表）,official_attachment,guangyuan_2025_rating.txt,地方政府债务限额及余额公开表,https://www.dfratings.com/uploads/files/2026/0628/n42KCyJMQEBnoODueo8ssEmZDKFQZ6m9bZnCfSqr.pdf,https://www.dfratings.com/uploads/files/2026/0628/n42KCyJMQEBnoODueo8ssEmZDKFQZ6m9bZnCfSqr.pdf,https://www.dfratings.com/uploads/files/2026/0628/n42KCyJMQEBnoODueo8ssEmZDKFQZ6m9bZnCfSqr.pdf,https://www.dfratings.com/uploads/files/2026/0628/n42KCyJMQEBnoODueo8ssEmZDKFQZ6m9bZnCfSqr.pdf,https://www.dfratings.com/uploads/files/2026/0628/n42KCyJMQEBnoODueo8ssEmZDKFQZ6m9bZnCfSqr.pdf,guangyuan_2025_rating.txt,text/plain,2026-06-28,2026-06-28,2025-12-31,2026-08-01T00:00:00+08:00,a2750d36bf7097e89f9fc8f5020b16eaeca73ac68f1744ff734ae64f99825f61,archive://national-prefecture-panel/raw/province_debt/2025/official/guangyuan_2025_rating.txt,internal_object,raw/province_debt/2025/official/guangyuan_2025_rating.txt,,B2,200,官方附件已归档,,评级报告同业比较表列示广元市2025年地方政府债务余额775.40亿元；本条材料未完整列示限额及一般/专项分项，因此仅接入总余额。
SRC-SECONDARY-DEBT-SICHUAN-PANZHIHUA-2025,东方金诚国际信用评估有限公司,其他,广安金财投融资（集团）有限责任公司2026年度跟踪评级报告（同业比较表）,official_attachment,panzhihua_2025_rating.txt,地方政府债务限额及余额公开表,https://www.dfratings.com/uploads/files/2026/0624/PQZe1EPuFi2jsMpE4sOpuqHIkwk6WkqDWfwnt0eM.pdf,https://www.dfratings.com/uploads/files/2026/0624/PQZe1EPuFi2jsMpE4sOpuqHIkwk6WkqDWfwnt0eM.pdf,https://www.dfratings.com/uploads/files/2026/0624/PQZe1EPuFi2jsMpE4sOpuqHIkwk6WkqDWfwnt0eM.pdf,https://www.dfratings.com/uploads/files/2026/0624/PQZe1EPuFi2jsMpE4sOpuqHIkwk6WkqDWfwnt0eM.pdf,https://www.dfratings.com/uploads/files/2026/0624/PQZe1EPuFi2jsMpE4sOpuqHIkwk6WkqDWfwnt0eM.pdf,panzhihua_2025_rating.txt,text/plain,2026-06-24,2026-06-24,2025-12-31,2026-08-01T00:00:00+08:00,6e181a4c231205ab0f8bd3bd3610a049b4bb76f8943cd7de81c7330f8abf3dab,archive://national-prefecture-panel/raw/province_debt/2025/official/panzhihua_2025_rating.txt,internal_object,raw/province_debt/2025/official/panzhihua_2025_rating.txt,,B2,200,官方附件已归档,,评级报告同业比较表列示攀枝花市2025年地方政府债务余额415.80亿元；本条材料未完整列示限额及一般/专项分项，因此仅接入总余额。
SRC-SECONDARY-DEBT-GUANGXI-WUZHOU-2025,东方金诚国际信用评估有限公司,其他,广安金财投融资（集团）有限责任公司2026年度跟踪评级报告（同业比较表）,official_attachment,wuzhou_2025_rating.txt,地方政府债务限额及余额公开表,https://www.dfratings.com/uploads/files/2026/0624/PQZe1EPuFi2jsMpE4sOpuqHIkwk6WkqDWfwnt0eM.pdf,https://www.dfratings.com/uploads/files/2026/0624/PQZe1EPuFi2jsMpE4sOpuqHIkwk6WkqDWfwnt0eM.pdf,https://www.dfratings.com/uploads/files/2026/0624/PQZe1EPuFi2jsMpE4sOpuqHIkwk6WkqDWfwnt0eM.pdf,https://www.dfratings.com/uploads/files/2026/0624/PQZe1EPuFi2jsMpE4sOpuqHIkwk6WkqDWfwnt0eM.pdf,https://www.dfratings.com/uploads/files/2026/0624/PQZe1EPuFi2jsMpE4sOpuqHIkwk6WkqDWfwnt0eM.pdf,wuzhou_2025_rating.txt,text/plain,2026-06-24,2026-06-24,2025-12-31,2026-08-01T00:00:00+08:00,324e8dfed86354b3aa0928ed4d94a0f9ee8bda12da25180878e4b3416ecf3083,archive://national-prefecture-panel/raw/province_debt/2025/official/wuzhou_2025_rating.txt,internal_object,raw/province_debt/2025/official/wuzhou_2025_rating.txt,,B2,200,官方附件已归档,,评级报告同业比较表列示梧州市2025年地方政府债务余额667.54亿元；本条材料未完整列示限额及一般/专项分项，因此仅接入总余额。
SRC-SECONDARY-DEBT-SICHUAN-NEIJIANG-2025,评级机构（原报告）,其他,内江建工集团有限责任公司2026年度跟踪评级报告,official_attachment,neijiang_2025_rating.txt,地方政府债务限额及余额公开表,https://static.sse.com.cn/disclosure/bond/announcement/corporate/c/new/2026-06-26/152648_20260626_EAX5.pdf,https://static.sse.com.cn/disclosure/bond/announcement/corporate/c/new/2026-06-26/152648_20260626_EAX5.pdf,https://static.sse.com.cn/disclosure/bond/announcement/corporate/c/new/2026-06-26/152648_20260626_EAX5.pdf,https://static.sse.com.cn/disclosure/bond/announcement/corporate/c/new/2026-06-26/152648_20260626_EAX5.pdf,https://static.sse.com.cn/disclosure/bond/announcement/corporate/c/new/2026-06-26/152648_20260626_EAX5.pdf,neijiang_2025_rating.txt,text/plain,2026-06-26,2026-06-26,2025-12-31,2026-08-01T00:00:00+08:00,19ab522baaa7783ed112e26fa5b6eb20f97ed943b0aec8e07ea5ed85869b462f,archive://national-prefecture-panel/raw/province_debt/2025/official/neijiang_2025_rating.txt,internal_object,raw/province_debt/2025/official/neijiang_2025_rating.txt,,B2,200,官方附件已归档,,评级报告披露内江市2025年末地方政府债务余额982.55亿元，其中一般债务359.46亿元、专项债务623.09亿元；限额未在本条材料中完整列示。
SRC-OFFICIAL-DEBT-SICHUAN-LESHAN-2025,乐山市财政局（乐山日报转载）,市级,关于乐山市2025年预算执行情况和2026年预算草案的报告,official_attachment,leshan_2025_official.txt,地方政府债务限额及余额公开表,https://rb.lsrbs.net/index.php?a=view&aid=37716&c=Nparticle&m=home,https://rb.lsrbs.net/index.php?a=view&aid=37716&c=Nparticle&m=home,https://rb.lsrbs.net/index.php?a=view&aid=37716&c=Nparticle&m=home,https://rb.lsrbs.net/index.php?a=view&aid=37716&c=Nparticle&m=home,https://rb.lsrbs.net/index.php?a=view&aid=37716&c=Nparticle&m=home,leshan_2025_official.txt,text/plain,2026-01-21,2026-01-21,2025-12-31,2026-08-01T00:00:00+08:00,1f168da8424fe2e84f4e7137d66849847b542d2591a06bc99c60d0a104d2ea4a,archive://national-prefecture-panel/raw/province_debt/2025/official/leshan_2025_official.txt,internal_object,raw/province_debt/2025/official/leshan_2025_official.txt,,A2,200,官方附件已归档,,预算执行报告披露全市政府债务余额1128.9亿元；该公开文本未在正文列示一般债务/专项债务分项，因此仅接入总余额。
SRC-OFFICIAL-DEBT-YUNNAN-DALI-2025,大理白族自治州财政局,州级,关于大理白族自治州2025年地方财政预算执行情况和2026年地方财政预算草案的报告,official_attachment,dali_2025_official.txt,地方政府债务限额及余额公开表,https://www.dali.gov.cn/dlzrmzf/xxgkml/c106264/pc/content/2026957153552601088/content_2026957153552601088.html,https://www.dali.gov.cn/dlzrmzf/xxgkml/c106264/pc/content/2026957153552601088/content_2026957153552601088.html,https://www.dali.gov.cn/dlzrmzf/xxgkml/c106264/pc/content/2026957153552601088/content_2026957153552601088.html,https://www.dali.gov.cn/dlzrmzf/xxgkml/c106264/pc/content/2026957153552601088/content_2026957153552601088.html,https://www.dali.gov.cn/dlzrmzf/xxgkml/c106264/pc/content/2026957153552601088/content_2026957153552601088.html,dali_2025_official.txt,text/plain,2026-02-09,2026-02-09,2025-12-31,2026-08-01T00:00:00+08:00,f06e17fb3072c5a66147ef4825e376c7d87952e8d469d87a82ea3cda2810ad61,archive://national-prefecture-panel/raw/province_debt/2025/official/dali_2025_official.txt,internal_object,raw/province_debt/2025/official/dali_2025_official.txt,,A1,200,官方附件已归档,,官方预算执行报告披露全州政府债务余额9457.590亿元，其中一般债务2289.795亿元、专项债务7167.795亿元；限额为9566.178亿元。
SRC-SECONDARY-DEBT-YUNNAN-LINCANG-2025,评级机构（原报告）,其他,临沧市国有资本投资运营集团有限公司2026年度跟踪评级报告,official_attachment,lincang_2025_rating.txt,地方政府债务限额及余额公开表,https://www.chinamoney.com.cn/dqs/cm-s-notice-query/fileDownLoad.do?contentId=3368496&mode=save&priority=0,https://www.chinamoney.com.cn/dqs/cm-s-notice-query/fileDownLoad.do?contentId=3368496&mode=save&priority=0,https://www.chinamoney.com.cn/dqs/cm-s-notice-query/fileDownLoad.do?contentId=3368496&mode=save&priority=0,https://www.chinamoney.com.cn/dqs/cm-s-notice-query/fileDownLoad.do?contentId=3368496&mode=save&priority=0,https://www.chinamoney.com.cn/dqs/cm-s-notice-query/fileDownLoad.do?contentId=3368496&mode=save&priority=0,lincang_2025_rating.txt,text/plain,2026-07-01,2026-07-01,2025-12-31,2026-08-01T00:00:00+08:00,691a61ec0b28d2ac0bca58f69750f8e580b389c7f684c3b42030de598a0f1c1d,archive://national-prefecture-panel/raw/province_debt/2025/official/lincang_2025_rating.txt,internal_object,raw/province_debt/2025/official/lincang_2025_rating.txt,,B2,200,官方附件已归档,,评级报告区域经济财政数据表列示临沧市2025年地方政府债务余额689.07亿元；本条材料未完整列示限额及一般/专项分项，因此仅接入总余额。
SRC-SECONDARY-DEBT-YUNNAN-YUXI-2025,东方金诚国际信用评估有限公司,其他,玉溪市红塔区国有资产经营有限责任公司2026年度跟踪评级报告,official_attachment,yuxi_2025_rating.txt,地方政府债务限额及余额公开表,https://static.sse.com.cn/disclosure/bond/announcement/corporate/c/new/2026-06-28/184603_20260628_XHQI.pdf,https://static.sse.com.cn/disclosure/bond/announcement/corporate/c/new/2026-06-28/184603_20260628_XHQI.pdf,https://static.sse.com.cn/disclosure/bond/announcement/corporate/c/new/2026-06-28/184603_20260628_XHQI.pdf,https://static.sse.com.cn/disclosure/bond/announcement/corporate/c/new/2026-06-28/184603_20260628_XHQI.pdf,https://static.sse.com.cn/disclosure/bond/announcement/corporate/c/new/2026-06-28/184603_20260628_XHQI.pdf,yuxi_2025_rating.txt,text/plain,2026-06-28,2026-06-28,2025-12-31,2026-08-01T00:00:00+08:00,76c4aa33aca31fc6c87eb7846ab25aa01086952274c7d6a5ef64bf6e370b47db,archive://national-prefecture-panel/raw/province_debt/2025/official/yuxi_2025_rating.txt,internal_object,raw/province_debt/2025/official/yuxi_2025_rating.txt,,B2,200,官方附件已归档,,评级报告区域经济财政数据表列示玉溪市2025年地方政府债务余额1003.15亿元；本条材料未完整列示限额及一般/专项分项，因此仅接入总余额。
SRC-SECONDARY-DEBT-GUANGDONG-QINGYUAN-2025,东方金诚国际信用评估有限公司,其他,云浮市云新投资控股有限公司2026年度跟踪评级报告,official_attachment,qingyuan_2025_rating.txt,地方政府债务限额及余额公开表,https://static.sse.com.cn/disclosure/bond/announcement/corporate/c/new/2026-06-24/184081_20260624_6GQO.pdf,https://static.sse.com.cn/disclosure/bond/announcement/corporate/c/new/2026-06-24/184081_20260624_6GQO.pdf,https://static.sse.com.cn/disclosure/bond/announcement/corporate/c/new/2026-06-24/184081_20260624_6GQO.pdf,https://static.sse.com.cn/disclosure/bond/announcement/corporate/c/new/2026-06-24/184081_20260624_6GQO.pdf,https://static.sse.com.cn/disclosure/bond/announcement/corporate/c/new/2026-06-24/184081_20260624_6GQO.pdf,qingyuan_2025_rating.txt,text/plain,2026-06-24,2026-06-24,2025-12-31,2026-08-01T00:00:00+08:00,b000028aec996b0543c889238513bca98f247e703e2c6863280017371d6a505a,archive://national-prefecture-panel/raw/province_debt/2025/official/qingyuan_2025_rating.txt,internal_object,raw/province_debt/2025/official/qingyuan_2025_rating.txt,,B2,200,官方附件已归档,,评级报告同业比较表列示清远市2025年地方政府债务余额1316.55亿元；本条材料未完整列示限额及一般/专项分项，因此仅接入总余额。
SRC-SECONDARY-DEBT-YUNNAN-KUNMING-2025,联合资信评估股份有限公司,其他,昆明市城建投资开发有限责任公司2026年度跟踪评级报告,official_attachment,kunming_2025_rating.txt,地方政府债务限额及余额公开表,https://www.lhratings.com/reports/B1151-P80588-2025-GZ2026.pdf,https://www.lhratings.com/reports/B1151-P80588-2025-GZ2026.pdf,https://www.lhratings.com/reports/B1151-P80588-2025-GZ2026.pdf,https://www.lhratings.com/reports/B1151-P80588-2025-GZ2026.pdf,https://www.lhratings.com/reports/B1151-P80588-2025-GZ2026.pdf,kunming_2025_rating.txt,text/plain,2026-06-30,2026-06-30,2025-12-31,2026-08-01T00:00:00+08:00,03d15f8f9811f49c69a4fbcb90947326180cc46b63478169aa2276be3b63dcaa,archive://national-prefecture-panel/raw/province_debt/2025/official/kunming_2025_rating.txt,internal_object,raw/province_debt/2025/official/kunming_2025_rating.txt,,B2,200,官方附件已归档,,联合资信评级报告根据公开资料列示昆明市2025年地方政府债务余额3132.10亿元（同表列示2024年2842.03亿元）；本条材料未完整列示限额及一般/专项分项，因此仅接入总余额。
SRC-SECONDARY-DEBT-ANHUI-BOZHOU-2025,东方金诚国际信用评估有限公司,其他,景德镇陶文旅控股集团有限公司2026年度跟踪评级报告,official_attachment,bozhou_2025_rating.txt,地方政府债务限额及余额公开表,https://www.chinamoney.com.cn/dqs/cm-s-notice-query/fileDownLoad.do?contentId=3363535&mode=save&priority=0,https://www.chinamoney.com.cn/dqs/cm-s-notice-query/fileDownLoad.do?contentId=3363535&mode=save&priority=0,https://www.chinamoney.com.cn/dqs/cm-s-notice-query/fileDownLoad.do?contentId=3363535&mode=save&priority=0,https://www.chinamoney.com.cn/dqs/cm-s-notice-query/fileDownLoad.do?contentId=3363535&mode=save&priority=0,https://www.chinamoney.com.cn/dqs/cm-s-notice-query/fileDownLoad.do?contentId=3363535&mode=save&priority=0,bozhou_2025_rating.txt,text/plain,2026-06-30,2026-06-30,2025-12-31,2026-08-01T00:00:00+08:00,a2e74578fc8af173b596566603093906ade320bcc7ec5e879c203e651b40e9c7,archive://national-prefecture-panel/raw/province_debt/2025/official/bozhou_2025_rating.txt,internal_object,raw/province_debt/2025/official/bozhou_2025_rating.txt,,B2,200,官方附件已归档,,评级报告同业比较表列示亳州市2025年地方政府债务余额1217.60亿元；本条材料未完整列示限额及一般/专项分项，因此仅接入总余额。
SRC-SECONDARY-DEBT-GUANGXI-QINZHOU-CHONGZUO-2025,东方金诚国际信用评估有限公司,其他,广西崇左市城市建设投资发展集团有限公司2026年度跟踪评级报告,official_attachment,guangxi_qinzhou_chongzuo_2025_rating.txt,地方政府债务限额及余额公开表,https://www.chinamoney.com.cn/dqs/cm-s-notice-query/fileDownLoad.do?contentId=3363532&mode=save&priority=0,https://www.chinamoney.com.cn/dqs/cm-s-notice-query/fileDownLoad.do?contentId=3363532&mode=save&priority=0,https://www.chinamoney.com.cn/dqs/cm-s-notice-query/fileDownLoad.do?contentId=3363532&mode=save&priority=0,https://www.chinamoney.com.cn/dqs/cm-s-notice-query/fileDownLoad.do?contentId=3363532&mode=save&priority=0,https://www.chinamoney.com.cn/dqs/cm-s-notice-query/fileDownLoad.do?contentId=3363532&mode=save&priority=0,guangxi_qinzhou_chongzuo_2025_rating.txt,text/plain,2026-06-17,2026-06-17,2025-12-31,2026-08-01T00:00:00+08:00,6f828e5f20d7893ee6e0f6517e163be8634144ce1ad873245515c6b793679295,archive://national-prefecture-panel/raw/province_debt/2025/official/guangxi_qinzhou_chongzuo_2025_rating.txt,internal_object,raw/province_debt/2025/official/guangxi_qinzhou_chongzuo_2025_rating.txt,,B2,200,官方附件已归档,,评级报告同业比较表列示崇左市2025年地方政府债务余额646.63亿元、钦州市800.51亿元；表下注明同业比较数据年份为2025年。本条材料仅接入总余额。
SRC-SECONDARY-DEBT-GUANGXI-BAISE-2025,东方金诚国际信用评估有限公司,其他,广西平果市城市建设投资有限责任公司2026年度跟踪评级报告,official_attachment,baise_2025_rating.txt,地方政府债务限额及余额公开表,https://www.chinamoney.com.cn/dqs/cm-s-notice-query/fileDownLoad.do?contentId=3363381&mode=save&priority=0,https://www.chinamoney.com.cn/dqs/cm-s-notice-query/fileDownLoad.do?contentId=3363381&mode=save&priority=0,https://www.chinamoney.com.cn/dqs/cm-s-notice-query/fileDownLoad.do?contentId=3363381&mode=save&priority=0,https://www.chinamoney.com.cn/dqs/cm-s-notice-query/fileDownLoad.do?contentId=3363381&mode=save&priority=0,https://www.chinamoney.com.cn/dqs/cm-s-notice-query/fileDownLoad.do?contentId=3363381&mode=save&priority=0,baise_2025_rating.txt,text/plain,2026-06-17,2026-06-17,2025-12-31,2026-08-01T00:00:00+08:00,42b3f051d819b054ac4168982eb3395b582341e8145f70ad3290e633785eed22,archive://national-prefecture-panel/raw/province_debt/2025/official/baise_2025_rating.txt,internal_object,raw/province_debt/2025/official/baise_2025_rating.txt,,B2,200,官方附件已归档,,评级报告区域经济财政表列示百色市2025年末地方政府债务余额926.68亿元；本条材料仅接入总余额。
SRC-SECONDARY-DEBT-GUANGXI-YULIN-2025,东方金诚国际信用评估有限公司,其他,广西贵港市城市投资发展集团有限公司2026年度跟踪评级报告,official_attachment,yulin_2025_rating.txt,地方政府债务限额及余额公开表,https://www.chinamoney.com.cn/dqs/cm-s-notice-query/fileDownLoad.do?contentId=3362370&mode=save&priority=0,https://www.chinamoney.com.cn/dqs/cm-s-notice-query/fileDownLoad.do?contentId=3362370&mode=save&priority=0,https://www.chinamoney.com.cn/dqs/cm-s-notice-query/fileDownLoad.do?contentId=3362370&mode=save&priority=0,https://www.chinamoney.com.cn/dqs/cm-s-notice-query/fileDownLoad.do?contentId=3362370&mode=save&priority=0,https://www.chinamoney.com.cn/dqs/cm-s-notice-query/fileDownLoad.do?contentId=3362370&mode=save&priority=0,yulin_2025_rating.txt,text/plain,2026-06-12,2026-06-12,2025-12-31,2026-08-01T00:00:00+08:00,8e0a0aeab055531b6760c84754754e9d55177729e4c0c737060856e6dbe56875,archive://national-prefecture-panel/raw/province_debt/2025/official/yulin_2025_rating.txt,internal_object,raw/province_debt/2025/official/yulin_2025_rating.txt,,B2,200,官方附件已归档,,评级报告同业比较表列示玉林市2025年地方政府债务余额871.37亿元；表下注明同业比较数据年份为2025年。本条材料仅接入总余额。
SRC-OFFICIAL-DEBT-SHANXI-DATONG-2023,大同市财政局,市级财政部门,2023年大同市全市政府债务余额及限额情况表,official_attachment,datong_2023_official.txt,地方政府债务限额及余额公开表,https://www.dt.gov.cn/dtszf/czjczyjs/202404/8fe97edb408f4d6d9cc830c9f6bb83a2.shtml,https://www.dt.gov.cn/dtszf/czjczyjs/202404/8fe97edb408f4d6d9cc830c9f6bb83a2.shtml,https://www.dt.gov.cn/dtszf/czjczyjs/202404/8fe97edb408f4d6d9cc830c9f6bb83a2.shtml,https://www.dt.gov.cn/dtszf/czjczyjs/202404/8fe97edb408f4d6d9cc830c9f6bb83a2.shtml,https://www.dt.gov.cn/dtszf/czjczyjs/202404/8fe97edb408f4d6d9cc830c9f6bb83a2.shtml,datong_2023_official.txt,text/plain,2024-04-08,2024-04-08,2023-12-31,2026-08-01T00:00:00+08:00,f0f8fd469394f5aef37d5663ea387a1630317ebb1bfdda2686a3fb23772f29b6,archive://national-prefecture-panel/raw/province_debt/2023/official/datong_2023_official.txt,internal_object,raw/province_debt/2023/official/datong_2023_official.txt,,A2,200,官方附件已归档,,官方表中大同市全市行列示一般债务余额305.81亿元、专项债务余额254.48亿元；按余额合计及限额合计重排为标准六列，排除市本级和县区行。
SRC-OFFICIAL-DEBT-SHANXI-DATONG-2024,大同市财政局,市级财政部门,2024年大同市全市政府法定债务余额及限额情况表,official_attachment,datong_2024_official.txt,地方政府债务限额及余额公开表,https://www.dt.gov.cn/dtszf/czjczyjs/202503/02dd6f12f272448d913913c036cb6cb1.shtml,https://www.dt.gov.cn/dtszf/czjczyjs/202503/02dd6f12f272448d913913c036cb6cb1.shtml,https://www.dt.gov.cn/dtszf/czjczyjs/202503/02dd6f12f272448d913913c036cb6cb1.shtml,https://www.dt.gov.cn/dtszf/czjczyjs/202503/02dd6f12f272448d913913c036cb6cb1.shtml,https://www.dt.gov.cn/dtszf/czjczyjs/202503/02dd6f12f272448d913913c036cb6cb1.shtml,datong_2024_official.txt,text/plain,2025-03-07,2025-03-07,2024-12-31,2026-08-01T00:00:00+08:00,850541ad1e18a882b4a2baf3b8dc17a423b5b9e876b71f221f40c27f5cb9818c,archive://national-prefecture-panel/raw/province_debt/2024/official/datong_2024_official.txt,internal_object,raw/province_debt/2024/official/datong_2024_official.txt,,A2,200,官方附件已归档,,官方表中大同市全市行列示一般债务余额315.16亿元、专项债务余额365.16亿元；按余额合计及限额合计重排为标准六列，排除市本级和县区行。
SRC-OFFICIAL-DEBT-SHANXI-DATONG-2025,大同市财政局,市级财政部门,2025年大同市全市政府债务余额及限额情况表,official_attachment,datong_2025_official.txt,地方政府债务限额及余额公开表,https://www.dt.gov.cn/dtszf/czzjxx/202602/d7154107811e41638449d4139dc68e7a.shtml,https://www.dt.gov.cn/dtszf/czzjxx/202602/d7154107811e41638449d4139dc68e7a.shtml,https://www.dt.gov.cn/dtszf/czzjxx/202602/d7154107811e41638449d4139dc68e7a.shtml,https://www.dt.gov.cn/dtszf/czzjxx/202602/d7154107811e41638449d4139dc68e7a.shtml,https://www.dt.gov.cn/dtszf/czzjxx/202602/d7154107811e41638449d4139dc68e7a.shtml,datong_2025_official.txt,text/plain,2026-02-05,2026-02-05,2025-12-31,2026-08-01T00:00:00+08:00,2c02d49efd777f253182b740350384ae822ec8e691f0ff0a6787f5f6bc008051,archive://national-prefecture-panel/raw/province_debt/2025/official/datong_2025_official.txt,internal_object,raw/province_debt/2025/official/datong_2025_official.txt,,A2,200,官方附件已归档,,官方表中大同市全市行列示一般债务余额328.32亿元、专项债务余额419.58亿元；按余额合计及限额合计重排为标准六列，排除市本级和县区行。
SRC-OFFICIAL-DEBT-SHANXI-LVLIANG-2022,吕梁市财政局,市级财政部门,吕梁市二○二二年和二○二三年政府债务限额和余额情况表,official_attachment,lvliang_2022_official.txt,地方政府债务限额及余额公开表,https://www.lvliang.gov.cn/llxxgk/zfxxgk/xxgkml/zjxx_21583/sjczyshsgjf/202304/P020260402595247809543.pdf,https://www.lvliang.gov.cn/llxxgk/zfxxgk/xxgkml/zjxx_21583/sjczyshsgjf/202304/P020260402595247809543.pdf,https://www.lvliang.gov.cn/llxxgk/zfxxgk/xxgkml/zjxx_21583/sjczyshsgjf/202304/P020260402595247809543.pdf,https://www.lvliang.gov.cn/llxxgk/zfxxgk/xxgkml/zjxx_21583/sjczyshsgjf/202304/P020260402595247809543.pdf,https://www.lvliang.gov.cn/llxxgk/zfxxgk/xxgkml/zjxx_21583/sjczyshsgjf/202304/P020260402595247809543.pdf,lvliang_2022_official.txt,text/plain,2023-04-01,2023-04-01,2022-12-31,2026-08-01T00:00:00+08:00,784e6f72b0daa74c7251dcd3a394d052ac254842ead4874b91fc6300ffc28f30,archive://national-prefecture-panel/raw/province_debt/2022/official/lvliang_2022_official.txt,internal_object,raw/province_debt/2022/official/lvliang_2022_official.txt,,A2,200,官方附件已归档,,官方表列示2022年末吕梁市债务合计4509317万元、一般债务2456717万元、专项债务2052600万元；换算为亿元，仅接入余额三项。
SRC-OFFICIAL-DEBT-SHANXI-LVLIANG-2025,吕梁市财政局,市级财政部门,2025年度吕梁市地方政府债务限额、余额,official_attachment,lvliang_2025_official.txt,地方政府债务限额及余额公开表,https://www.lvliang.gov.cn/llxxgk/zfxxgk/xxgkml/gbmwj/scz/fdzdgknr_55693/zfzwxx_55708/202606/P020260622557353905327.xlsx,https://www.lvliang.gov.cn/llxxgk/zfxxgk/xxgkml/gbmwj/scz/fdzdgknr_55693/zfzwxx_55708/202606/P020260622557353905327.xlsx,https://www.lvliang.gov.cn/llxxgk/zfxxgk/xxgkml/gbmwj/scz/fdzdgknr_55693/zfzwxx_55708/202606/P020260622557353905327.xlsx,https://www.lvliang.gov.cn/llxxgk/zfxxgk/xxgkml/gbmwj/scz/fdzdgknr_55693/zfzwxx_55708/202606/P020260622557353905327.xlsx,https://www.lvliang.gov.cn/llxxgk/zfxxgk/xxgkml/gbmwj/scz/fdzdgknr_55693/zfzwxx_55708/202606/P020260622557353905327.xlsx,lvliang_2025_official.txt,text/plain,2026-06-22,2026-06-22,2025-12-31,2026-08-01T00:00:00+08:00,8124702f1babee4cdcb9c1ff7467cb5e4520e932b533035f3280b56fbc94cf89,archive://national-prefecture-panel/raw/province_debt/2025/official/lvliang_2025_official.txt,internal_object,raw/province_debt/2025/official/lvliang_2025_official.txt,,A2,200,官方附件已归档,,官方XLSX全市行列示2025年末债务余额642.007291亿元，其中一般债务290.966991亿元、专项债务351.040300亿元；限额为642.007292亿元。
SRC-SECONDARY-DEBT-SHANXI-SHUOZHOU-2024,评级机构公开报告,其他,朔州投建主体与相关债项2025年度跟踪评级报告,official_attachment,shuozhou_2024_rating.txt,地方政府债务限额及余额公开表,https://static.sse.com.cn/disclosure/bond/announcement/corporate/c/new/2025-05-30/152055_20250530_9ZHE.pdf,https://static.sse.com.cn/disclosure/bond/announcement/corporate/c/new/2025-05-30/152055_20250530_9ZHE.pdf,https://static.sse.com.cn/disclosure/bond/announcement/corporate/c/new/2025-05-30/152055_20250530_9ZHE.pdf,https://static.sse.com.cn/disclosure/bond/announcement/corporate/c/new/2025-05-30/152055_20250530_9ZHE.pdf,https://static.sse.com.cn/disclosure/bond/announcement/corporate/c/new/2025-05-30/152055_20250530_9ZHE.pdf,shuozhou_2024_rating.txt,text/plain,2025-05-30,2025-05-30,2024-12-31,2026-08-01T00:00:00+08:00,3f49a8b971b9febf34218ddc998b23bd7b236b309b136f144f82a78cf998af71,archive://national-prefecture-panel/raw/province_debt/2024/official/shuozhou_2024_rating.txt,internal_object,raw/province_debt/2024/official/shuozhou_2024_rating.txt,,B2,200,官方附件已归档,,评级报告披露2024年末朔州市全市政府债务余额305.42亿元，其中一般债务146.56亿元、专项债务158.86亿元。
SRC-SECONDARY-DEBT-SHANXI-JINZHONG-2025,评级机构公开报告,其他,晋中市公用基础设施投资控股（集团）有限公司主体与相关债项2026年度跟踪评级报告,official_attachment,jinzhong_2025_rating.txt,地方政府债务限额及余额公开表,https://static.sse.com.cn/disclosure/bond/announcement/company/c/new/2026-06-26/185464_20260626_LE45.pdf,https://static.sse.com.cn/disclosure/bond/announcement/company/c/new/2026-06-26/185464_20260626_LE45.pdf,https://static.sse.com.cn/disclosure/bond/announcement/company/c/new/2026-06-26/185464_20260626_LE45.pdf,https://static.sse.com.cn/disclosure/bond/announcement/company/c/new/2026-06-26/185464_20260626_LE45.pdf,https://static.sse.com.cn/disclosure/bond/announcement/company/c/new/2026-06-26/185464_20260626_LE45.pdf,jinzhong_2025_rating.txt,text/plain,2026-06-26,2026-06-26,2025-12-31,2026-08-01T00:00:00+08:00,4683a6006143e180c71bb12b8b31f61f1f1dc5982e375ccd1ef7168281476368,archive://national-prefecture-panel/raw/province_debt/2025/official/jinzhong_2025_rating.txt,internal_object,raw/province_debt/2025/official/jinzhong_2025_rating.txt,,B2,200,官方附件已归档,,评级报告披露截至2025年末晋中市全市地方政府债务余额716.80亿元；本条材料未完整列示限额及一般/专项分项，仅接入总余额。
SRC-SECONDARY-DEBT-GUANGDONG-SHAOGUAN-2025,中诚信国际信用评估有限责任公司,其他,广州越秀集团股份有限公司2026年度跟踪评级报告（广东省地市区域数据表）,official_attachment,shaoguan_2025_rating.txt,地方政府债务限额及余额公开表,https://www.chinamoney.com.cn/dqs/cm-s-notice-query/fileDownLoad.do?contentId=3326180&mode=save&priority=0,https://www.chinamoney.com.cn/dqs/cm-s-notice-query/fileDownLoad.do?contentId=3326180&mode=save&priority=0,https://www.chinamoney.com.cn/dqs/cm-s-notice-query/fileDownLoad.do?contentId=3326180&mode=save&priority=0,https://www.chinamoney.com.cn/dqs/cm-s-notice-query/fileDownLoad.do?contentId=3326180&mode=save&priority=0,https://www.chinamoney.com.cn/dqs/cm-s-notice-query/fileDownLoad.do?contentId=3326180&mode=save&priority=0,shaoguan_2025_rating.txt,text/plain,2026-04-27,2026-04-27,2025-12-31,2026-08-01T00:00:00+08:00,2589b14f33be58cedf2485bded1727bdd2d2b5fa997bf8f8e511d02135b74219,archive://national-prefecture-panel/raw/province_debt/2025/official/shaoguan_2025_rating.txt,internal_object,raw/province_debt/2025/official/shaoguan_2025_rating.txt,,B2,200,官方附件已归档,,中诚信国际评级报告区域表列示韶关市2025年末政府债务余额937.62亿元；本条材料仅接入总余额。
SRC-SECONDARY-DEBT-GUANGDONG-MAOMING-2025,中诚信国际信用评估有限责任公司,其他,广州越秀集团股份有限公司2026年度跟踪评级报告（广东省地市区域数据表）,official_attachment,maoming_2025_rating.txt,地方政府债务限额及余额公开表,https://www.chinamoney.com.cn/dqs/cm-s-notice-query/fileDownLoad.do?contentId=3326180&mode=save&priority=0,https://www.chinamoney.com.cn/dqs/cm-s-notice-query/fileDownLoad.do?contentId=3326180&mode=save&priority=0,https://www.chinamoney.com.cn/dqs/cm-s-notice-query/fileDownLoad.do?contentId=3326180&mode=save&priority=0,https://www.chinamoney.com.cn/dqs/cm-s-notice-query/fileDownLoad.do?contentId=3326180&mode=save&priority=0,https://www.chinamoney.com.cn/dqs/cm-s-notice-query/fileDownLoad.do?contentId=3326180&mode=save&priority=0,maoming_2025_rating.txt,text/plain,2026-04-27,2026-04-27,2025-12-31,2026-08-01T00:00:00+08:00,8f2c803c9aa9208ab4ad9e85f3636340b108a28e10942af9404b1c8000696366,archive://national-prefecture-panel/raw/province_debt/2025/official/maoming_2025_rating.txt,internal_object,raw/province_debt/2025/official/maoming_2025_rating.txt,,B2,200,官方附件已归档,,中诚信国际评级报告区域表列示茂名市2025年末政府债务余额1203.78亿元；本条材料仅接入总余额。
SRC-SECONDARY-DEBT-GUANGDONG-ZHAOQING-2025,中诚信国际信用评估有限责任公司,其他,广州越秀集团股份有限公司2026年度跟踪评级报告（广东省地市区域数据表）,official_attachment,zhaoqing_2025_rating.txt,地方政府债务限额及余额公开表,https://www.chinamoney.com.cn/dqs/cm-s-notice-query/fileDownLoad.do?contentId=3326180&mode=save&priority=0,https://www.chinamoney.com.cn/dqs/cm-s-notice-query/fileDownLoad.do?contentId=3326180&mode=save&priority=0,https://www.chinamoney.com.cn/dqs/cm-s-notice-query/fileDownLoad.do?contentId=3326180&mode=save&priority=0,https://www.chinamoney.com.cn/dqs/cm-s-notice-query/fileDownLoad.do?contentId=3326180&mode=save&priority=0,https://www.chinamoney.com.cn/dqs/cm-s-notice-query/fileDownLoad.do?contentId=3326180&mode=save&priority=0,zhaoqing_2025_rating.txt,text/plain,2026-04-27,2026-04-27,2025-12-31,2026-08-01T00:00:00+08:00,b2619074aa987b76fc3f13293ebe7c69edeeee951d722a2989b3fefe45e71f0f,archive://national-prefecture-panel/raw/province_debt/2025/official/zhaoqing_2025_rating.txt,internal_object,raw/province_debt/2025/official/zhaoqing_2025_rating.txt,,B2,200,官方附件已归档,,中诚信国际评级报告区域表列示肇庆市2025年末政府债务余额1423.67亿元；本条材料仅接入总余额。
SRC-SECONDARY-DEBT-GUANGDONG-HUIZHOU-2025,中诚信国际信用评估有限责任公司,其他,广州越秀集团股份有限公司2026年度跟踪评级报告（广东省地市区域数据表）,official_attachment,huizhou_2025_rating.txt,地方政府债务限额及余额公开表,https://www.chinamoney.com.cn/dqs/cm-s-notice-query/fileDownLoad.do?contentId=3326180&mode=save&priority=0,https://www.chinamoney.com.cn/dqs/cm-s-notice-query/fileDownLoad.do?contentId=3326180&mode=save&priority=0,https://www.chinamoney.com.cn/dqs/cm-s-notice-query/fileDownLoad.do?contentId=3326180&mode=save&priority=0,https://www.chinamoney.com.cn/dqs/cm-s-notice-query/fileDownLoad.do?contentId=3326180&mode=save&priority=0,https://www.chinamoney.com.cn/dqs/cm-s-notice-query/fileDownLoad.do?contentId=3326180&mode=save&priority=0,huizhou_2025_rating.txt,text/plain,2026-04-27,2026-04-27,2025-12-31,2026-08-01T00:00:00+08:00,45d013175aa71b26415f4e9bd31319a7d303f8f449f3603fbea59cbf475fb20e,archive://national-prefecture-panel/raw/province_debt/2025/official/huizhou_2025_rating.txt,internal_object,raw/province_debt/2025/official/huizhou_2025_rating.txt,,B2,200,官方附件已归档,,中诚信国际评级报告区域表列示惠州市2025年末政府债务余额1759.82亿元；本条材料仅接入总余额。
SRC-SECONDARY-DEBT-GUANGDONG-YANGJIANG-2025,中诚信国际信用评估有限责任公司,其他,广州越秀集团股份有限公司2026年度跟踪评级报告（广东省地市区域数据表）,official_attachment,yangjiang_2025_rating.txt,地方政府债务限额及余额公开表,https://www.chinamoney.com.cn/dqs/cm-s-notice-query/fileDownLoad.do?contentId=3326180&mode=save&priority=0,https://www.chinamoney.com.cn/dqs/cm-s-notice-query/fileDownLoad.do?contentId=3326180&mode=save&priority=0,https://www.chinamoney.com.cn/dqs/cm-s-notice-query/fileDownLoad.do?contentId=3326180&mode=save&priority=0,https://www.chinamoney.com.cn/dqs/cm-s-notice-query/fileDownLoad.do?contentId=3326180&mode=save&priority=0,https://www.chinamoney.com.cn/dqs/cm-s-notice-query/fileDownLoad.do?contentId=3326180&mode=save&priority=0,yangjiang_2025_rating.txt,text/plain,2026-04-27,2026-04-27,2025-12-31,2026-08-01T00:00:00+08:00,a25add5f5c6a3f1924a3030f45bcf90583404fa79974ada347db07475fe3c761,archive://national-prefecture-panel/raw/province_debt/2025/official/yangjiang_2025_rating.txt,internal_object,raw/province_debt/2025/official/yangjiang_2025_rating.txt,,B2,200,官方附件已归档,,中诚信国际评级报告区域表列示阳江市2025年末政府债务余额679.70亿元；本条材料仅接入总余额。
SRC-SECONDARY-DEBT-GUANGDONG-CHAOZHOU-2025,中诚信国际信用评估有限责任公司,其他,广州越秀集团股份有限公司2026年度跟踪评级报告（广东省地市区域数据表）,official_attachment,chaozhou_2025_rating.txt,地方政府债务限额及余额公开表,https://www.chinamoney.com.cn/dqs/cm-s-notice-query/fileDownLoad.do?contentId=3326180&mode=save&priority=0,https://www.chinamoney.com.cn/dqs/cm-s-notice-query/fileDownLoad.do?contentId=3326180&mode=save&priority=0,https://www.chinamoney.com.cn/dqs/cm-s-notice-query/fileDownLoad.do?contentId=3326180&mode=save&priority=0,https://www.chinamoney.com.cn/dqs/cm-s-notice-query/fileDownLoad.do?contentId=3326180&mode=save&priority=0,https://www.chinamoney.com.cn/dqs/cm-s-notice-query/fileDownLoad.do?contentId=3326180&mode=save&priority=0,chaozhou_2025_rating.txt,text/plain,2026-04-27,2026-04-27,2025-12-31,2026-08-01T00:00:00+08:00,b4e1acecc1ff35a8ba219d926e131f250351d67888657f4d5afcb2e4646f82a6,archive://national-prefecture-panel/raw/province_debt/2025/official/chaozhou_2025_rating.txt,internal_object,raw/province_debt/2025/official/chaozhou_2025_rating.txt,,B2,200,官方附件已归档,,中诚信国际评级报告区域表列示潮州市2025年末政府债务余额562.38亿元；本条材料仅接入总余额。
SRC-SECONDARY-DEBT-GUANGDONG-JIEYANG-2025,中诚信国际信用评估有限责任公司,其他,广州越秀集团股份有限公司2026年度跟踪评级报告（广东省地市区域数据表）,official_attachment,jieyang_2025_rating.txt,地方政府债务限额及余额公开表,https://www.chinamoney.com.cn/dqs/cm-s-notice-query/fileDownLoad.do?contentId=3326180&mode=save&priority=0,https://www.chinamoney.com.cn/dqs/cm-s-notice-query/fileDownLoad.do?contentId=3326180&mode=save&priority=0,https://www.chinamoney.com.cn/dqs/cm-s-notice-query/fileDownLoad.do?contentId=3326180&mode=save&priority=0,https://www.chinamoney.com.cn/dqs/cm-s-notice-query/fileDownLoad.do?contentId=3326180&mode=save&priority=0,https://www.chinamoney.com.cn/dqs/cm-s-notice-query/fileDownLoad.do?contentId=3326180&mode=save&priority=0,jieyang_2025_rating.txt,text/plain,2026-04-27,2026-04-27,2025-12-31,2026-08-01T00:00:00+08:00,37085033d94383ba9541bf1f8eb3e4c6731df1463d46eaf275b422b056718884,archive://national-prefecture-panel/raw/province_debt/2025/official/jieyang_2025_rating.txt,internal_object,raw/province_debt/2025/official/jieyang_2025_rating.txt,,B2,200,官方附件已归档,,中诚信国际评级报告区域表列示揭阳市2025年末政府债务余额741.87亿元；本条材料仅接入总余额。
SRC-SECONDARY-DEBT-SICHUAN-BAZHONG-2025,远东资信评估有限公司,其他,四川省区域经济与信用观察（2026年3月）,official_attachment,bazhong_2025_rating.txt,地方政府债务限额及余额公开表,https://www.sfecr.com/upload/file/2026-03/col58/1774940677199.pdf,https://www.sfecr.com/upload/file/2026-03/col58/1774940677199.pdf,https://www.sfecr.com/upload/file/2026-03/col58/1774940677199.pdf,https://www.sfecr.com/upload/file/2026-03/col58/1774940677199.pdf,https://www.sfecr.com/upload/file/2026-03/col58/1774940677199.pdf,bazhong_2025_rating.txt,text/plain,2026-03-24,2026-03-24,2025-12-31,2026-08-01T00:00:00+08:00,c07cf30bb6a6317d7a00dc382be34b2e8f559591b0f41ee3355464f72a7b004f,archive://national-prefecture-panel/raw/province_debt/2025/official/bazhong_2025_rating.txt,internal_object,raw/province_debt/2025/official/bazhong_2025_rating.txt,,B2,200,官方附件已归档,,远东资信区域研究报告表1列示巴中市2025年地方政府债务余额1096.50亿元；本条材料仅接入总余额。
SRC-SECONDARY-DEBT-SICHUAN-DEYANG-2025,远东资信评估有限公司,其他,四川省区域经济与信用观察（2026年3月）,official_attachment,deyang_2025_rating.txt,地方政府债务限额及余额公开表,https://www.sfecr.com/upload/file/2026-03/col58/1774940677199.pdf,https://www.sfecr.com/upload/file/2026-03/col58/1774940677199.pdf,https://www.sfecr.com/upload/file/2026-03/col58/1774940677199.pdf,https://www.sfecr.com/upload/file/2026-03/col58/1774940677199.pdf,https://www.sfecr.com/upload/file/2026-03/col58/1774940677199.pdf,deyang_2025_rating.txt,text/plain,2026-03-24,2026-03-24,2025-12-31,2026-08-01T00:00:00+08:00,937752b26eb0c2fdd2fb05ea643c649eebcde8204b6fe0209e34a773d853bf22,archive://national-prefecture-panel/raw/province_debt/2025/official/deyang_2025_rating.txt,internal_object,raw/province_debt/2025/official/deyang_2025_rating.txt,,B2,200,官方附件已归档,,远东资信区域研究报告表1列示德阳市2025年地方政府债务余额1123.70亿元；本条材料仅接入总余额。
SRC-SECONDARY-DEBT-SICHUAN-ZIGONG-2025,远东资信评估有限公司,其他,四川省区域经济与信用观察（2026年3月）,official_attachment,zigong_2025_rating.txt,地方政府债务限额及余额公开表,https://www.sfecr.com/upload/file/2026-03/col58/1774940677199.pdf,https://www.sfecr.com/upload/file/2026-03/col58/1774940677199.pdf,https://www.sfecr.com/upload/file/2026-03/col58/1774940677199.pdf,https://www.sfecr.com/upload/file/2026-03/col58/1774940677199.pdf,https://www.sfecr.com/upload/file/2026-03/col58/1774940677199.pdf,zigong_2025_rating.txt,text/plain,2026-03-24,2026-03-24,2025-12-31,2026-08-01T00:00:00+08:00,4c862a30135fb7387863c39f39048aba0a503c70452aaf806f41043e4b07b6be,archive://national-prefecture-panel/raw/province_debt/2025/official/zigong_2025_rating.txt,internal_object,raw/province_debt/2025/official/zigong_2025_rating.txt,,B2,200,官方附件已归档,,远东资信区域研究报告表1列示自贡市2025年地方政府债务余额1015.80亿元；本条材料仅接入总余额。
SRC-SECONDARY-DEBT-SICHUAN-ZIYANG-2025,远东资信评估有限公司,其他,四川省区域经济与信用观察（2026年3月）,official_attachment,ziyang_2025_rating.txt,地方政府债务限额及余额公开表,https://www.sfecr.com/upload/file/2026-03/col58/1774940677199.pdf,https://www.sfecr.com/upload/file/2026-03/col58/1774940677199.pdf,https://www.sfecr.com/upload/file/2026-03/col58/1774940677199.pdf,https://www.sfecr.com/upload/file/2026-03/col58/1774940677199.pdf,https://www.sfecr.com/upload/file/2026-03/col58/1774940677199.pdf,ziyang_2025_rating.txt,text/plain,2026-03-24,2026-03-24,2025-12-31,2026-08-01T00:00:00+08:00,80019d36b445d3c66f23e1d7422e340cde7e4ca8bb6e4cca8543f208119f0a8d,archive://national-prefecture-panel/raw/province_debt/2025/official/ziyang_2025_rating.txt,internal_object,raw/province_debt/2025/official/ziyang_2025_rating.txt,,B2,200,官方附件已归档,,远东资信区域研究报告表1列示资阳市2025年地方政府债务余额765.60亿元；本条材料仅接入总余额。
SRC-SECONDARY-DEBT-SICHUAN-ABA-2025,远东资信评估有限公司,其他,四川省区域经济与信用观察（2026年3月）,official_attachment,aba_2025_rating.txt,地方政府债务限额及余额公开表,https://www.sfecr.com/upload/file/2026-03/col58/1774940677199.pdf,https://www.sfecr.com/upload/file/2026-03/col58/1774940677199.pdf,https://www.sfecr.com/upload/file/2026-03/col58/1774940677199.pdf,https://www.sfecr.com/upload/file/2026-03/col58/1774940677199.pdf,https://www.sfecr.com/upload/file/2026-03/col58/1774940677199.pdf,aba_2025_rating.txt,text/plain,2026-03-24,2026-03-24,2025-12-31,2026-08-01T00:00:00+08:00,2cc2b1d9aef51828f2cb0dd5f2c0434a28dc405461cca25c191d868a02ae21a3,archive://national-prefecture-panel/raw/province_debt/2025/official/aba_2025_rating.txt,internal_object,raw/province_debt/2025/official/aba_2025_rating.txt,,B2,200,官方附件已归档,,远东资信区域研究报告表1列示阿坝藏族羌族自治州2025年地方政府债务余额207.70亿元；本条材料仅接入总余额。
SRC-SECONDARY-DEBT-SICHUAN-GANZI-2025,远东资信评估有限公司,其他,四川省区域经济与信用观察（2026年3月）,official_attachment,ganzi_2025_rating.txt,地方政府债务限额及余额公开表,https://www.sfecr.com/upload/file/2026-03/col58/1774940677199.pdf,https://www.sfecr.com/upload/file/2026-03/col58/1774940677199.pdf,https://www.sfecr.com/upload/file/2026-03/col58/1774940677199.pdf,https://www.sfecr.com/upload/file/2026-03/col58/1774940677199.pdf,https://www.sfecr.com/upload/file/2026-03/col58/1774940677199.pdf,ganzi_2025_rating.txt,text/plain,2026-03-24,2026-03-24,2025-12-31,2026-08-01T00:00:00+08:00,9e5e677eea3100760a35004d5e1fc3f8f9cc2d7755f2675ee57bdc91315c067a,archive://national-prefecture-panel/raw/province_debt/2025/official/ganzi_2025_rating.txt,internal_object,raw/province_debt/2025/official/ganzi_2025_rating.txt,,B2,200,官方附件已归档,,远东资信区域研究报告表1列示甘孜藏族自治州2025年地方政府债务余额186.80亿元；本条材料仅接入总余额。
SRC-SECONDARY-DEBT-SICHUAN-LIANGSHAN-2025,远东资信评估有限公司,其他,四川省区域经济与信用观察（2026年3月）,official_attachment,liangshan_2025_rating.txt,地方政府债务限额及余额公开表,https://www.sfecr.com/upload/file/2026-03/col58/1774940677199.pdf,https://www.sfecr.com/upload/file/2026-03/col58/1774940677199.pdf,https://www.sfecr.com/upload/file/2026-03/col58/1774940677199.pdf,https://www.sfecr.com/upload/file/2026-03/col58/1774940677199.pdf,https://www.sfecr.com/upload/file/2026-03/col58/1774940677199.pdf,liangshan_2025_rating.txt,text/plain,2026-03-24,2026-03-24,2025-12-31,2026-08-01T00:00:00+08:00,088974935a5c865a30159dc96281502911063f25cab3e687090143a0d7ccfdb7,archive://national-prefecture-panel/raw/province_debt/2025/official/liangshan_2025_rating.txt,internal_object,raw/province_debt/2025/official/liangshan_2025_rating.txt,,B2,200,官方附件已归档,,远东资信区域研究报告表1列示凉山彝族自治州2025年地方政府债务余额684.00亿元；本条材料仅接入总余额。
SRC-OFFICIAL-DEBT-YUNNAN-QUJING-2025,曲靖市财政局,市级,曲靖市2026年政府预算公开（5-1 曲靖市2025年地方政府债务限额及余额预算情况表）,official_attachment,qujing_2025_official.txt,地方政府债务限额及余额公开表,https://czj.qj.gov.cn/gov/info/detail/21933.html,https://czj.qj.gov.cn/gov/info/detail/21933.html,https://czj.qj.gov.cn/yjn_uploads/ueditor/upload/file/20260716/1784195223979049811.zip,https://czj.qj.gov.cn/gov/info/detail/21933.html,https://czj.qj.gov.cn/yjn_uploads/ueditor/upload/file/20260716/1784195223979049811.zip,qujing_2025_official.txt,text/plain,2026-03-19,2026-03-19,2025-12-31,2026-08-01T00:00:00+08:00,fe269ef99940ea11096dd2280cc21cede3902dd55546c7b8620ef93235030552,archive://national-prefecture-panel/raw/province_debt/2025/official/qujing_2025_official.txt,internal_object,raw/province_debt/2025/official/qujing_2025_official.txt,,A2,200,官方附件已归档,,曲靖市财政局预算公开附件中的全市行，列示2025年债务限额及余额预计执行数，按原表合计、一般、专项顺序接入。
SRC-SECONDARY-DEBT-HUBEI-SHIYAN-2025,联合资信评估股份有限公司,其他,十堰聚鑫国有资本投资运营集团2026年度跟踪评级报告（政府债务余额数据）,official_attachment,shiyan_2025_rating.txt,地方政府债务限额及余额公开表,https://www.lhratings.com/reports/B021718-P46835-2019-GZ2026.pdf,https://www.lhratings.com/reports/B021718-P46835-2019-GZ2026.pdf,https://www.lhratings.com/reports/B021718-P46835-2019-GZ2026.pdf,https://www.lhratings.com/reports/B021718-P46835-2019-GZ2026.pdf,https://www.lhratings.com/reports/B021718-P46835-2019-GZ2026.pdf,shiyan_2025_rating.txt,text/plain,2026-07-01,2026-07-01,2025-12-31,2026-08-01T00:00:00+08:00,1fafe08c2621e8bba9cae95f4615956a10b55f40f1f155364897ce12e2e1d3ae,archive://national-prefecture-panel/raw/province_debt/2025/official/shiyan_2025_rating.txt,internal_object,raw/province_debt/2025/official/shiyan_2025_rating.txt,,B2,200,官方附件已归档,,联合资信根据公开资料整理，表中列示十堰市2025年地方政府债务余额1047.60亿元；本条材料仅接入总余额。
SRC-SECONDARY-DEBT-YUNNAN-LIJIANG-2024,东方金诚国际信用评估有限公司,其他,信用等级通知书：丽江市古城区天和城市经营投资开发有限公司,official_attachment,lijiang_2024_rating.txt,地方政府债务限额及余额公开表,https://static.sse.com.cn/disclosure/bond/announcement/corporate/c/new/2025-06-24/152415_20250624_CD57.pdf,https://static.sse.com.cn/disclosure/bond/announcement/corporate/c/new/2025-06-24/152415_20250624_CD57.pdf,https://static.sse.com.cn/disclosure/bond/announcement/corporate/c/new/2025-06-24/152415_20250624_CD57.pdf,https://static.sse.com.cn/disclosure/bond/announcement/corporate/c/new/2025-06-24/152415_20250624_CD57.pdf,https://static.sse.com.cn/disclosure/bond/announcement/corporate/c/new/2025-06-24/152415_20250624_CD57.pdf,lijiang_2024_rating.txt,text/plain,2025-06-24,2025-06-24,2024-12-31,2026-08-01T00:00:00+08:00,f3496421e48f13f704ea780faa982eadf1fdd8a8da8660f5aa18e0b98099a7e4,archive://national-prefecture-panel/raw/province_debt/2024/official/lijiang_2024_rating.txt,internal_object,raw/province_debt/2024/official/lijiang_2024_rating.txt,,B2,200,官方附件已归档,,东方金诚跟踪评级报告明确披露截至2024年丽江市地方政府债务余额453.03亿元；本条材料仅接入全市总余额。
SRC-SECONDARY-DEBT-YUNNAN-DEHONG-2024,中诚信国际信用评级有限责任公司,其他,瑞丽仁隆投资开发有限责任公司2025年度跟踪评级报告,official_attachment,dehong_2024_rating.txt,地方政府债务限额及余额公开表,https://qxb-pdf-osscache.qixin.com/AnBaseinfo/9ea6bbc33464a7f4fb1a45e2ffaa57a8.pdf,https://qxb-pdf-osscache.qixin.com/AnBaseinfo/9ea6bbc33464a7f4fb1a45e2ffaa57a8.pdf,https://qxb-pdf-osscache.qixin.com/AnBaseinfo/9ea6bbc33464a7f4fb1a45e2ffaa57a8.pdf,https://qxb-pdf-osscache.qixin.com/AnBaseinfo/9ea6bbc33464a7f4fb1a45e2ffaa57a8.pdf,https://qxb-pdf-osscache.qixin.com/AnBaseinfo/9ea6bbc33464a7f4fb1a45e2ffaa57a8.pdf,dehong_2024_rating.txt,text/plain,2025-06-30,2025-06-30,2024-12-31,2026-08-01T00:00:00+08:00,7761d6060d642ad6e44506400ed110ffb873193f1ce33cc06b2aa02199fd8515,archive://national-prefecture-panel/raw/province_debt/2024/official/dehong_2024_rating.txt,internal_object,raw/province_debt/2024/official/dehong_2024_rating.txt,,B2,200,官方附件已归档,,中诚信国际跟踪评级报告表1列示德宏州2024年地方政府债务余额487.52亿元；本条材料仅接入全州总余额。
SRC-CITY-DEBT-GUANGXI-LIUZHOU-2024,柳州市财政局,市级,柳州市2024年地方政府债务余额情况表,official_attachment,guangxi_liuzhou_2024.txt,地方政府债务限额及余额公开表,https://lzscz.liuzhou.gov.cn/zwgk/fdzdgknr/czyjsgk/zfys/zfys2025/P020251029579724528222.pdf,https://lzscz.liuzhou.gov.cn/zwgk/fdzdgknr/czyjsgk/zfys/zfys2025/P020251029579724528222.pdf,https://lzscz.liuzhou.gov.cn/zwgk/fdzdgknr/czyjsgk/zfys/zfys2025/P020251029579724528222.pdf,https://lzscz.liuzhou.gov.cn/zwgk/fdzdgknr/czyjsgk/zfys/zfys2025/P020251029579724528222.pdf,https://lzscz.liuzhou.gov.cn/zwgk/fdzdgknr/czyjsgk/zfys/zfys2025/P020251029579724528222.pdf,guangxi_liuzhou_2024.txt,text/plain,2025-10-29,2025-10-29,2024-12-31,2026-08-01T00:00:00+08:00,8e41708126a89542ee455bc814a4f34361d00c00d74acefe988810ed3da13382,archive://national-prefecture-panel/raw/province_debt/2024/official/guangxi_liuzhou_2024.txt,internal_object,raw/province_debt/2024/official/guangxi_liuzhou_2024.txt,,A1,200,官方附件已归档,,柳州市财政局公开预算附件直接列示全市一般债务余额2710340万元、专项债务余额7716868万元；合计按两项相加计算为1042.7208亿元，保留原始精度。
SRC-SECONDARY-DEBT-GUANGXI-NANNING-2024,联合资信评估股份有限公司,评级机构研究报告,南宁轨道交通集团2025年度跟踪评级报告（区域债务数据）,official_attachment,guangxi_nanning_2024_rating.txt,地方政府债务限额及余额公开表,https://static.sse.com.cn/disclosure/bond/announcement/company/c/new/2025-03-26/242646_20250326_UMP0.pdf,https://static.sse.com.cn/disclosure/bond/announcement/company/c/new/2025-03-26/242646_20250326_UMP0.pdf,https://static.sse.com.cn/disclosure/bond/announcement/company/c/new/2025-03-26/242646_20250326_UMP0.pdf,https://static.sse.com.cn/disclosure/bond/announcement/company/c/new/2025-03-26/242646_20250326_UMP0.pdf,https://static.sse.com.cn/disclosure/bond/announcement/company/c/new/2025-03-26/242646_20250326_UMP0.pdf,guangxi_nanning_2024_rating.txt,text/plain,2025-03-26,2025-03-26,2024-12-31,2026-08-01T00:00:00+08:00,941ae5e79f970c2a846a3ec6c60ff8bb3bcd44726771d698770471e493b84491,archive://national-prefecture-panel/raw/province_debt/2024/official/guangxi_nanning_2024_rating.txt,internal_object,raw/province_debt/2024/official/guangxi_nanning_2024_rating.txt,,B2,200,官方附件已归档,,评级报告根据南宁市政府公开数据披露2024年末全市债务余额及一般、专项分项；按B2来源接入，待市级决算附件交叉核验。
SRC-SECONDARY-DEBT-GUANGXI-GUIGANG-2024,联合资信评估股份有限公司,评级机构研究报告,贵港市城市投资发展集团2025年度跟踪评级报告（区域债务数据）,official_attachment,guangxi_guigang_2024_rating.txt,地方政府债务限额及余额公开表,https://static.sse.com.cn/disclosure/bond/announcement/corporate/c/new/2025-06-25/184117_20250625_Q88A.pdf,https://static.sse.com.cn/disclosure/bond/announcement/corporate/c/new/2025-06-25/184117_20250625_Q88A.pdf,https://static.sse.com.cn/disclosure/bond/announcement/corporate/c/new/2025-06-25/184117_20250625_Q88A.pdf,https://static.sse.com.cn/disclosure/bond/announcement/corporate/c/new/2025-06-25/184117_20250625_Q88A.pdf,https://static.sse.com.cn/disclosure/bond/announcement/corporate/c/new/2025-06-25/184117_20250625_Q88A.pdf,guangxi_guigang_2024_rating.txt,text/plain,2025-06-25,2025-06-25,2024-12-31,2026-08-01T00:00:00+08:00,cef83c4776e70069ff57548d037ebf0f1cac4aa978e43099d391053746aa649d,archive://national-prefecture-panel/raw/province_debt/2024/official/guangxi_guigang_2024_rating.txt,internal_object,raw/province_debt/2024/official/guangxi_guigang_2024_rating.txt,,B2,200,官方附件已归档,,评级披露贵港市2024年末全市政府债务余额533.35亿元；材料未列示一般/专项分项，因此不反推分项。
SRC-SECONDARY-DEBT-GUANGXI-CHONGZUO-2024,东方金诚国际信用评估有限公司,评级机构研究报告,广西崇左市城市建设投资发展集团2025年度跟踪评级报告（区域债务数据）,official_attachment,guangxi_chongzuo_2024_rating.txt,地方政府债务限额及余额公开表,https://www.dfratings.com/uploads/files/2025/0620/gTwlYQIOpXpIe2gwzw6M9ZRlCDY3b4qGfPne15hg.pdf,https://www.dfratings.com/uploads/files/2025/0620/gTwlYQIOpXpIe2gwzw6M9ZRlCDY3b4qGfPne15hg.pdf,https://www.dfratings.com/uploads/files/2025/0620/gTwlYQIOpXpIe2gwzw6M9ZRlCDY3b4qGfPne15hg.pdf,https://www.dfratings.com/uploads/files/2025/0620/gTwlYQIOpXpIe2gwzw6M9ZRlCDY3b4qGfPne15hg.pdf,https://www.dfratings.com/uploads/files/2025/0620/gTwlYQIOpXpIe2gwzw6M9ZRlCDY3b4qGfPne15hg.pdf,guangxi_chongzuo_2024_rating.txt,text/plain,2025-06-20,2025-06-20,2024-12-31,2026-08-01T00:00:00+08:00,79e053818097a9955825ccdc5e75c8b875fda3a0eb4c9e30387555c953d28140,archive://national-prefecture-panel/raw/province_debt/2024/official/guangxi_chongzuo_2024_rating.txt,internal_object,raw/province_debt/2024/official/guangxi_chongzuo_2024_rating.txt,,B2,200,官方附件已归档,,评级报告区域比较表披露崇左市2024年末地方政府债务余额538.62亿元；材料未列示一般/专项分项，因此不反推分项。
SRC-CITY-DEBT-SHANXI-CHANGZHI-2024,长治市财政局,市级,长治市二○二五年政府债务限额和余额,official_attachment,shanxi_changzhi_2024.txt,地方政府债务限额及余额公开表,https://www.changzhi.gov.cn/xxgkml/zfxxgkml/szfgzbm/sczj/czsrmzf/czyjs_522/2025/202503/P020250605616694846675.pdf,https://www.changzhi.gov.cn/xxgkml/zfxxgkml/szfgzbm/sczj/czsrmzf/czyjs_522/2025/202503/P020250605616694846675.pdf,https://www.changzhi.gov.cn/xxgkml/zfxxgkml/szfgzbm/sczj/czsrmzf/czyjs_522/2025/202503/P020250605616694846675.pdf,https://www.changzhi.gov.cn/xxgkml/zfxxgkml/szfgzbm/sczj/czsrmzf/czyjs_522/2025/202503/P020250605616694846675.pdf,https://www.changzhi.gov.cn/xxgkml/zfxxgkml/szfgzbm/sczj/czsrmzf/czyjs_522/2025/202503/P020250605616694846675.pdf,shanxi_changzhi_2024.txt,text/plain,2025-03-01,2025-03-01,2024-12-31,2026-08-01T00:00:00+08:00,7102b7c51d9da10f23646d64acc32cdc9559b5933743088356efd4061d9cec51,archive://national-prefecture-panel/raw/province_debt/2024/official/shanxi_changzhi_2024.txt,internal_object,raw/province_debt/2024/official/shanxi_changzhi_2024.txt,,A1,200,官方附件已归档,,官方预算公开表列示全市六列数据：2024年限额合计、一般、专项，2024年末余额合计、一般、专项；只接入全市行。
SRC-CITY-DEBT-SHANXI-YANGQUAN-2024,阳泉市财政局,市级,阳泉市十六届人大五次会议预算决算公开文件（政府债务情况）,official_attachment,shanxi_yangquan_2024.txt,地方政府债务限额及余额公开表,https://czj.yq.gov.cn/yjsgk/zfyjs/zfjs/jsgk2024/202509/P020250917362856003440.pdf,https://czj.yq.gov.cn/yjsgk/zfyjs/zfjs/jsgk2024/202509/P020250917362856003440.pdf,https://czj.yq.gov.cn/yjsgk/zfyjs/zfjs/jsgk2024/202509/P020250917362856003440.pdf,https://czj.yq.gov.cn/yjsgk/zfyjs/zfjs/jsgk2024/202509/P020250917362856003440.pdf,https://czj.yq.gov.cn/yjsgk/zfyjs/zfjs/jsgk2024/202509/P020250917362856003440.pdf,shanxi_yangquan_2024.txt,text/plain,2025-09-17,2025-09-17,2024-12-31,2026-08-01T00:00:00+08:00,017b20c8e135c604dae1b98344f70351e898834907bd7ccc6fea4f0dca511c0b,archive://national-prefecture-panel/raw/province_debt/2024/official/shanxi_yangquan_2024.txt,internal_object,raw/province_debt/2024/official/shanxi_yangquan_2024.txt,,A2,200,官方附件已归档,,官方决算文件直接披露2024年全市政府债务余额344亿元；未在摘录片段中披露一般/专项分项，因此不反推分项。
SRC-CITY-DEBT-SHANXI-YANGQUAN-2025,阳泉市财政局,市级,2026年政府预算公开：2026年举借债务情况说明,official_attachment,shanxi_yangquan_2025.txt,地方政府债务限额及余额公开表,https://czj.yq.gov.cn/yjsgk/zfyjs/zfys/202603/P020260302585252378439.pdf,https://czj.yq.gov.cn/yjsgk/zfyjs/zfys/202603/P020260302585252378439.pdf,https://czj.yq.gov.cn/yjsgk/zfyjs/zfys/202603/P020260302585252378439.pdf,https://czj.yq.gov.cn/yjsgk/zfyjs/zfys/202603/P020260302585252378439.pdf,https://czj.yq.gov.cn/yjsgk/zfyjs/zfys/202603/P020260302585252378439.pdf,shanxi_yangquan_2025.txt,text/plain,2026-03-02,2026-03-02,2025-12-31,2026-08-01T00:00:00+08:00,21331bbaa6e43181c38ad7519b16e3889b2732226e4420a2843932c8ad42d92e,archive://national-prefecture-panel/raw/province_debt/2025/official/shanxi_yangquan_2025.txt,internal_object,raw/province_debt/2025/official/shanxi_yangquan_2025.txt,,A2,200,官方附件已归档,,官方债务说明直接披露2025年末全市政府债务余额405.1亿元；另列市本级余额及市本级一般/专项分项，后者不并入全市分项。
SRC-CITY-DEBT-SHANXI-JINCHENG-2024,晋城市财政局,市级,晋城市八届人大五次会议文件（2024年政府债务情况）,official_attachment,shanxi_jincheng_2024.txt,地方政府债务限额及余额公开表,https://www.jcgov.gov.cn/zwgk/czxx_23406/zfys_24261/202503/P020250331600667491840.pdf,https://www.jcgov.gov.cn/zwgk/czxx_23406/zfys_24261/202503/P020250331600667491840.pdf,https://www.jcgov.gov.cn/zwgk/czxx_23406/zfys_24261/202503/P020250331600667491840.pdf,https://www.jcgov.gov.cn/zwgk/czxx_23406/zfys_24261/202503/P020250331600667491840.pdf,https://www.jcgov.gov.cn/zwgk/czxx_23406/zfys_24261/202503/P020250331600667491840.pdf,shanxi_jincheng_2024.txt,text/plain,2025-03-31,2025-03-31,2024-12-31,2026-08-01T00:00:00+08:00,16662d2955c58868504dcc0f422df61e583bc344cd2778bd3d8b37b6db8a0df8,archive://national-prefecture-panel/raw/province_debt/2024/official/shanxi_jincheng_2024.txt,internal_object,raw/province_debt/2024/official/shanxi_jincheng_2024.txt,,A2,200,官方附件已归档,,官方预算报告直接披露2024年底全市地方政府债券限额414.43亿元、余额411.92亿元；本条只接入余额。
SRC-SECONDARY-DEBT-SHANXI-TAIYUAN-2024,新世纪评级,评级机构研究报告,区域研究报告：山西省及下辖各市经济财政实力与债务研究（2025）,official_attachment,shanxi_taiyuan_2024_rating.txt,地方政府债务限额及余额公开表,https://pdf.dfcfw.com/pdf/H3_AP202512081796193691_1.pdf?1765192247000.pdf=,https://pdf.dfcfw.com/pdf/H3_AP202512081796193691_1.pdf?1765192247000.pdf=,https://pdf.dfcfw.com/pdf/H3_AP202512081796193691_1.pdf?1765192247000.pdf=,https://pdf.dfcfw.com/pdf/H3_AP202512081796193691_1.pdf?1765192247000.pdf=,https://pdf.dfcfw.com/pdf/H3_AP202512081796193691_1.pdf?1765192247000.pdf=,shanxi_taiyuan_2024_rating.txt,text/plain,2025-12-08,2025-12-08,2024-12-31,2026-08-01T00:00:00+08:00,349b8d6f99f1936f06c1e9fe15eb7f61b4446e07e67f2885de22f6a097f061de,archive://national-prefecture-panel/raw/province_debt/2024/official/shanxi_taiyuan_2024_rating.txt,internal_object,raw/province_debt/2024/official/shanxi_taiyuan_2024_rating.txt,,B2,200,官方附件已归档,,评级报告根据各地政府公开数据整理，直接披露太原市2024年末余额1422.98亿元；来源等级B2，等待太原市官方决算表交叉核验。
SRC-SECONDARY-DEBT-SHANXI-LINFEN-2024,联合资信评估股份有限公司,评级机构研究报告,临汾市投资集团有限公司主体与2026年度第一期中期票据信用评级报告,official_attachment,shanxi_linfen_2024_rating.txt,地方政府债务限额及余额公开表,https://www.shibor.org/dqs/cm-s-notice-query/fileDownLoad.do?contentId=3260246&mode=save&priority=0,https://www.shibor.org/dqs/cm-s-notice-query/fileDownLoad.do?contentId=3260246&mode=save&priority=0,https://www.shibor.org/dqs/cm-s-notice-query/fileDownLoad.do?contentId=3260246&mode=save&priority=0,https://www.shibor.org/dqs/cm-s-notice-query/fileDownLoad.do?contentId=3260246&mode=save&priority=0,https://www.shibor.org/dqs/cm-s-notice-query/fileDownLoad.do?contentId=3260246&mode=save&priority=0,shanxi_linfen_2024_rating.txt,text/plain,2025-12-01,2025-12-01,2024-12-31,2026-08-01T00:00:00+08:00,411074a138faae3515451f8bee9a7a2bf3f7d76f3ffce041dcd9baa21d0b80c5,archive://national-prefecture-panel/raw/province_debt/2024/official/shanxi_linfen_2024_rating.txt,internal_object,raw/province_debt/2024/official/shanxi_linfen_2024_rating.txt,,B2,200,官方附件已归档,,评级报告转引公开数据，直接披露临汾市2024年末余额642.16亿元；来源等级B2，等待临汾市官方决算表交叉核验。
SRC-SECONDARY-DEBT-ANHUI-HEFEI-2024,区域研究报告,评级机构研究报告,安徽省区域经济与信用观察（2025）,official_attachment,anhui_hefei_2024_rating.txt,地方政府债务限额及余额公开表,https://finance.sina.cn/2025-07-23/detail-infhmxpq6318951.d.html?vt=4,https://finance.sina.cn/2025-07-23/detail-infhmxpq6318951.d.html?vt=4,https://finance.sina.cn/2025-07-23/detail-infhmxpq6318951.d.html?vt=4,https://finance.sina.cn/2025-07-23/detail-infhmxpq6318951.d.html?vt=4,https://finance.sina.cn/2025-07-23/detail-infhmxpq6318951.d.html?vt=4,anhui_hefei_2024_rating.txt,text/plain,2025-07-23,2025-07-23,2024-12-31,2026-08-01T00:00:00+08:00,9166c2063c6d401a776142f7e2b9f19cbe42e1ac950ae56a67386969551633b1,archive://national-prefecture-panel/raw/province_debt/2024/official/anhui_hefei_2024_rating.txt,internal_object,raw/province_debt/2024/official/anhui_hefei_2024_rating.txt,,B2,200,官方附件已归档,,区域研究报告披露合肥市2024年末余额2749.76亿元；未列一般/专项分项。
SRC-SECONDARY-DEBT-ANHUI-BENGBU-2024,东方金诚国际信用评估有限公司,评级机构研究报告,怀远县城市投资发展有限责任公司2025年度跟踪评级报告（区域债务数据）,official_attachment,anhui_bengbu_2024_rating.txt,地方政府债务限额及余额公开表,https://static.sse.com.cn/disclosure/bond/announcement/corporate/c/new/2025-06-06/152079_20250606_O1EP.pdf,https://static.sse.com.cn/disclosure/bond/announcement/corporate/c/new/2025-06-06/152079_20250606_O1EP.pdf,https://static.sse.com.cn/disclosure/bond/announcement/corporate/c/new/2025-06-06/152079_20250606_O1EP.pdf,https://static.sse.com.cn/disclosure/bond/announcement/corporate/c/new/2025-06-06/152079_20250606_O1EP.pdf,https://static.sse.com.cn/disclosure/bond/announcement/corporate/c/new/2025-06-06/152079_20250606_O1EP.pdf,anhui_bengbu_2024_rating.txt,text/plain,2025-06-06,2025-06-06,2024-12-31,2026-08-01T00:00:00+08:00,14fcadc4ffae94fd5f3a56da9a86e89d175de8ed043ac7ed1cbbba823b0fb835,archive://national-prefecture-panel/raw/province_debt/2024/official/anhui_bengbu_2024_rating.txt,internal_object,raw/province_debt/2024/official/anhui_bengbu_2024_rating.txt,,B2,200,官方附件已归档,,评级报告区域表披露蚌埠市2024年末余额903.38亿元；未列一般/专项分项。
SRC-SECONDARY-DEBT-ANHUI-HUAINAN-2024,评级机构研究报告,评级机构研究报告,淮南建设发展控股集团2026年度第一期中期票据信用评级报告（区域债务数据）,official_attachment,anhui_huainan_2024_rating.txt,地方政府债务限额及余额公开表,https://www.shibor.org/dqs/cm-s-notice-query/fileDownLoad.do?contentId=3292774&mode=save&priority=0,https://www.shibor.org/dqs/cm-s-notice-query/fileDownLoad.do?contentId=3292774&mode=save&priority=0,https://www.shibor.org/dqs/cm-s-notice-query/fileDownLoad.do?contentId=3292774&mode=save&priority=0,https://www.shibor.org/dqs/cm-s-notice-query/fileDownLoad.do?contentId=3292774&mode=save&priority=0,https://www.shibor.org/dqs/cm-s-notice-query/fileDownLoad.do?contentId=3292774&mode=save&priority=0,anhui_huainan_2024_rating.txt,text/plain,2026-04-01,2026-04-01,2024-12-31,2026-08-01T00:00:00+08:00,b08422f754d543dae636e95d28737ebd03fdb37d72de2207b3ce561df79f6139,archive://national-prefecture-panel/raw/province_debt/2024/official/anhui_huainan_2024_rating.txt,internal_object,raw/province_debt/2024/official/anhui_huainan_2024_rating.txt,,B2,200,官方附件已归档,,评级报告披露2024年末余额约680.90亿元，一般201.10、专项479.80亿元；分项为报告四舍五入值。
SRC-SECONDARY-DEBT-ANHUI-FUYANG-2024,东方金诚国际信用评估有限公司,评级机构研究报告,阜阳兴达盛发展有限公司2025年度跟踪评级报告（区域债务数据）,official_attachment,anhui_fuyang_2024_rating.txt,地方政府债务限额及余额公开表,https://static.sse.com.cn/disclosure/bond/announcement/corporate/c/new/2025-06-26/270125_20250626_Z3E3.pdf,https://static.sse.com.cn/disclosure/bond/announcement/corporate/c/new/2025-06-26/270125_20250626_Z3E3.pdf,https://static.sse.com.cn/disclosure/bond/announcement/corporate/c/new/2025-06-26/270125_20250626_Z3E3.pdf,https://static.sse.com.cn/disclosure/bond/announcement/corporate/c/new/2025-06-26/270125_20250626_Z3E3.pdf,https://static.sse.com.cn/disclosure/bond/announcement/corporate/c/new/2025-06-26/270125_20250626_Z3E3.pdf,anhui_fuyang_2024_rating.txt,text/plain,2025-06-26,2025-06-26,2024-12-31,2026-08-01T00:00:00+08:00,f057972df9ec4d0b4d6af969b9dc46bb5a8e0c5b0d5fa3b06161acff5282cb7b,archive://national-prefecture-panel/raw/province_debt/2024/official/anhui_fuyang_2024_rating.txt,internal_object,raw/province_debt/2024/official/anhui_fuyang_2024_rating.txt,,B2,200,官方附件已归档,,评级报告区域表披露阜阳市2024年末余额1800.74亿元；未列一般/专项分项。
SRC-SECONDARY-DEBT-ANHUI-ANQING-2024,东方金诚国际信用评估有限公司,评级机构研究报告,安庆经济技术开发区建设投资集团2025年度跟踪评级报告（区域债务数据）,official_attachment,anhui_anqing_2024_rating.txt,地方政府债务限额及余额公开表,https://static.sse.com.cn/disclosure/bond/announcement/corporate/c/new/2025-06-24/184443_20250624_OT11.pdf,https://static.sse.com.cn/disclosure/bond/announcement/corporate/c/new/2025-06-24/184443_20250624_OT11.pdf,https://static.sse.com.cn/disclosure/bond/announcement/corporate/c/new/2025-06-24/184443_20250624_OT11.pdf,https://static.sse.com.cn/disclosure/bond/announcement/corporate/c/new/2025-06-24/184443_20250624_OT11.pdf,https://static.sse.com.cn/disclosure/bond/announcement/corporate/c/new/2025-06-24/184443_20250624_OT11.pdf,anhui_anqing_2024_rating.txt,text/plain,2025-06-24,2025-06-24,2024-12-31,2026-08-01T00:00:00+08:00,6367c9aad0a5eb17e7db6715aec6d2eaaae673b88980f018cd45705ff2276ec2,archive://national-prefecture-panel/raw/province_debt/2024/official/anhui_anqing_2024_rating.txt,internal_object,raw/province_debt/2024/official/anhui_anqing_2024_rating.txt,,B2,200,官方附件已归档,,评级报告区域表披露安庆市2024年末余额1175.60亿元；未列一般/专项分项。
SRC-OFFICIAL-DEBT-ANHUI-LIUAN-2024,六安市财政局,市级财政部门,六安市2024年地方政府一般、专项债务余额情况表,official_attachment,anhui_liuan_2024_official.txt,地方政府债务限额及余额公开表,https://www.luan.gov.cn/group1/M00/11/62/wKgSGWeYjYiAOmzkAAC4YEqLbIk977.pdf,https://www.luan.gov.cn/group1/M00/11/62/wKgSGWeYjYiAOmzkAAC4YEqLbIk977.pdf,https://www.luan.gov.cn/group1/M00/11/62/wKgSGWeYjYiAOmzkAAC4YEqLbIk977.pdf,https://www.luan.gov.cn/group1/M00/11/62/wKgSGWeYjYiAOmzkAAC4YEqLbIk977.pdf,https://www.luan.gov.cn/group1/M00/11/62/wKgSGWeYjYiAOmzkAAC4YEqLbIk977.pdf,anhui_liuan_2024_official.txt,text/plain,2025-12-01,2025-12-01,2024-12-31,2026-08-01T00:00:00+08:00,1d83f9ffae8099bc289614f5d6f9d2ef75cd956f10bc820709556a118acfb6b4,archive://national-prefecture-panel/raw/province_debt/2024/official/anhui_liuan_2024_official.txt,internal_object,raw/province_debt/2024/official/anhui_liuan_2024_official.txt,,A2,200,官方附件已归档,,官方附件披露的是2024年末预计执行数，不冒充最终决算；一般296.07、专项942.33亿元，合计按两项相加。
SRC-SECONDARY-DEBT-ANHUI-BOZHOU-2024,中诚信国际信用评级有限责任公司,评级机构研究报告,亳州市建安投资控股集团2025年度跟踪评级报告（区域债务数据）,official_attachment,anhui_bozhou_2024_rating.txt,地方政府债务限额及余额公开表,https://static.sse.com.cn/disclosure/bond/announcement/corporate/c/new/2025-06-25/184005_20250625_LUTE.pdf,https://static.sse.com.cn/disclosure/bond/announcement/corporate/c/new/2025-06-25/184005_20250625_LUTE.pdf,https://static.sse.com.cn/disclosure/bond/announcement/corporate/c/new/2025-06-25/184005_20250625_LUTE.pdf,https://static.sse.com.cn/disclosure/bond/announcement/corporate/c/new/2025-06-25/184005_20250625_LUTE.pdf,https://static.sse.com.cn/disclosure/bond/announcement/corporate/c/new/2025-06-25/184005_20250625_LUTE.pdf,anhui_bozhou_2024_rating.txt,text/plain,2025-06-25,2025-06-25,2024-12-31,2026-08-01T00:00:00+08:00,67900f0ffa527311bd126d387f1aed866c2b42152a9f06db400ffee771c36bdf,archive://national-prefecture-panel/raw/province_debt/2024/official/anhui_bozhou_2024_rating.txt,internal_object,raw/province_debt/2024/official/anhui_bozhou_2024_rating.txt,,B2,200,官方附件已归档,,评级报告区域表披露亳州市2024年末余额1114.10亿元；未列一般/专项分项。
SRC-SECONDARY-DEBT-HUBEI-REGION-2024-SHIYAN,评级机构研究报告,评级机构研究报告,2025年度武汉地铁集团跟踪评级报告（湖北省地市债务区域表）,official_attachment,hubei_shiyan_2024_rating.txt,地方政府债务限额及余额公开表,https://static.sse.com.cn/disclosure/bond/announcement/company/c/new/2025-08-15/243489_20250815_E4Y6.pdf,https://static.sse.com.cn/disclosure/bond/announcement/company/c/new/2025-08-15/243489_20250815_E4Y6.pdf,https://static.sse.com.cn/disclosure/bond/announcement/company/c/new/2025-08-15/243489_20250815_E4Y6.pdf,https://static.sse.com.cn/disclosure/bond/announcement/company/c/new/2025-08-15/243489_20250815_E4Y6.pdf,https://static.sse.com.cn/disclosure/bond/announcement/company/c/new/2025-08-15/243489_20250815_E4Y6.pdf,hubei_shiyan_2024_rating.txt,text/plain,2025-08-15,2025-08-15,2024-12-31,2026-08-01T00:00:00+08:00,1df79635792cba2733ddf1ef35c7296a5cc53ab877d49cde791100044b109e2d,archive://national-prefecture-panel/raw/province_debt/2024/official/hubei_shiyan_2024_rating.txt,internal_object,raw/province_debt/2024/official/hubei_shiyan_2024_rating.txt,,B2,200,官方附件已归档,,区域表披露十堰市2024年末余额886.63亿元；仅接入全市总余额。
SRC-SECONDARY-DEBT-HUBEI-REGION-2024-XIANGYANG,评级机构研究报告,评级机构研究报告,2025年度武汉地铁集团跟踪评级报告（湖北省地市债务区域表）,official_attachment,hubei_xiangyang_2024_rating.txt,地方政府债务限额及余额公开表,https://static.sse.com.cn/disclosure/bond/announcement/company/c/new/2025-08-15/243489_20250815_E4Y6.pdf,https://static.sse.com.cn/disclosure/bond/announcement/company/c/new/2025-08-15/243489_20250815_E4Y6.pdf,https://static.sse.com.cn/disclosure/bond/announcement/company/c/new/2025-08-15/243489_20250815_E4Y6.pdf,https://static.sse.com.cn/disclosure/bond/announcement/company/c/new/2025-08-15/243489_20250815_E4Y6.pdf,https://static.sse.com.cn/disclosure/bond/announcement/company/c/new/2025-08-15/243489_20250815_E4Y6.pdf,hubei_xiangyang_2024_rating.txt,text/plain,2025-08-15,2025-08-15,2024-12-31,2026-08-01T00:00:00+08:00,cd7e55723fd2e3d8e687a247d8cc1b363b9b4b855482015d45c0debbcd9ed75d,archive://national-prefecture-panel/raw/province_debt/2024/official/hubei_xiangyang_2024_rating.txt,internal_object,raw/province_debt/2024/official/hubei_xiangyang_2024_rating.txt,,B2,200,官方附件已归档,,区域表披露襄阳市2024年末余额1421.50亿元；仅接入全市总余额。
SRC-SECONDARY-DEBT-HUBEI-REGION-2024-JINGMEN,评级机构研究报告,评级机构研究报告,2025年度武汉地铁集团跟踪评级报告（湖北省地市债务区域表）,official_attachment,hubei_jingmen_2024_rating.txt,地方政府债务限额及余额公开表,https://static.sse.com.cn/disclosure/bond/announcement/company/c/new/2025-08-15/243489_20250815_E4Y6.pdf,https://static.sse.com.cn/disclosure/bond/announcement/company/c/new/2025-08-15/243489_20250815_E4Y6.pdf,https://static.sse.com.cn/disclosure/bond/announcement/company/c/new/2025-08-15/243489_20250815_E4Y6.pdf,https://static.sse.com.cn/disclosure/bond/announcement/company/c/new/2025-08-15/243489_20250815_E4Y6.pdf,https://static.sse.com.cn/disclosure/bond/announcement/company/c/new/2025-08-15/243489_20250815_E4Y6.pdf,hubei_jingmen_2024_rating.txt,text/plain,2025-08-15,2025-08-15,2024-12-31,2026-08-01T00:00:00+08:00,13a56717065f9fc8811c624c09f608184c41c011c1ee39430673c798aff6c513,archive://national-prefecture-panel/raw/province_debt/2024/official/hubei_jingmen_2024_rating.txt,internal_object,raw/province_debt/2024/official/hubei_jingmen_2024_rating.txt,,B2,200,官方附件已归档,,区域表披露荆门市2024年末余额540.58亿元；仅接入全市总余额。
SRC-SECONDARY-DEBT-HUBEI-REGION-2024-XIAOGAN,评级机构研究报告,评级机构研究报告,2025年度武汉地铁集团跟踪评级报告（湖北省地市债务区域表）,official_attachment,hubei_xiaogan_2024_rating.txt,地方政府债务限额及余额公开表,https://static.sse.com.cn/disclosure/bond/announcement/company/c/new/2025-08-15/243489_20250815_E4Y6.pdf,https://static.sse.com.cn/disclosure/bond/announcement/company/c/new/2025-08-15/243489_20250815_E4Y6.pdf,https://static.sse.com.cn/disclosure/bond/announcement/company/c/new/2025-08-15/243489_20250815_E4Y6.pdf,https://static.sse.com.cn/disclosure/bond/announcement/company/c/new/2025-08-15/243489_20250815_E4Y6.pdf,https://static.sse.com.cn/disclosure/bond/announcement/company/c/new/2025-08-15/243489_20250815_E4Y6.pdf,hubei_xiaogan_2024_rating.txt,text/plain,2025-08-15,2025-08-15,2024-12-31,2026-08-01T00:00:00+08:00,268ab9f8cc704a40c836255efaa23de409ccab06084750af7a2dbb611ad8d9eb,archive://national-prefecture-panel/raw/province_debt/2024/official/hubei_xiaogan_2024_rating.txt,internal_object,raw/province_debt/2024/official/hubei_xiaogan_2024_rating.txt,,B2,200,官方附件已归档,,区域表披露孝感市2024年末余额840.58亿元；仅接入全市总余额。
SRC-SECONDARY-DEBT-HUBEI-REGION-2024-JINGZHOU,评级机构研究报告,评级机构研究报告,2025年度武汉地铁集团跟踪评级报告（湖北省地市债务区域表）,official_attachment,hubei_jingzhou_2024_rating.txt,地方政府债务限额及余额公开表,https://static.sse.com.cn/disclosure/bond/announcement/company/c/new/2025-08-15/243489_20250815_E4Y6.pdf,https://static.sse.com.cn/disclosure/bond/announcement/company/c/new/2025-08-15/243489_20250815_E4Y6.pdf,https://static.sse.com.cn/disclosure/bond/announcement/company/c/new/2025-08-15/243489_20250815_E4Y6.pdf,https://static.sse.com.cn/disclosure/bond/announcement/company/c/new/2025-08-15/243489_20250815_E4Y6.pdf,https://static.sse.com.cn/disclosure/bond/announcement/company/c/new/2025-08-15/243489_20250815_E4Y6.pdf,hubei_jingzhou_2024_rating.txt,text/plain,2025-08-15,2025-08-15,2024-12-31,2026-08-01T00:00:00+08:00,19b9a2471481acb7f2c260fd11db8693aecce43da7928b23466453c9e6bacd43,archive://national-prefecture-panel/raw/province_debt/2024/official/hubei_jingzhou_2024_rating.txt,internal_object,raw/province_debt/2024/official/hubei_jingzhou_2024_rating.txt,,B2,200,官方附件已归档,,区域表披露荆州市2024年末余额968.59亿元；仅接入全市总余额。
SRC-SECONDARY-DEBT-HUBEI-REGION-2024-HUANGGANG,评级机构研究报告,评级机构研究报告,2025年度武汉地铁集团跟踪评级报告（湖北省地市债务区域表）,official_attachment,hubei_huanggang_2024_rating.txt,地方政府债务限额及余额公开表,https://static.sse.com.cn/disclosure/bond/announcement/company/c/new/2025-08-15/243489_20250815_E4Y6.pdf,https://static.sse.com.cn/disclosure/bond/announcement/company/c/new/2025-08-15/243489_20250815_E4Y6.pdf,https://static.sse.com.cn/disclosure/bond/announcement/company/c/new/2025-08-15/243489_20250815_E4Y6.pdf,https://static.sse.com.cn/disclosure/bond/announcement/company/c/new/2025-08-15/243489_20250815_E4Y6.pdf,https://static.sse.com.cn/disclosure/bond/announcement/company/c/new/2025-08-15/243489_20250815_E4Y6.pdf,hubei_huanggang_2024_rating.txt,text/plain,2025-08-15,2025-08-15,2024-12-31,2026-08-01T00:00:00+08:00,cf5de65cd3de543e494b98f11a892db7dbe4e76e5f627fa1d34dd4de937edc77,archive://national-prefecture-panel/raw/province_debt/2024/official/hubei_huanggang_2024_rating.txt,internal_object,raw/province_debt/2024/official/hubei_huanggang_2024_rating.txt,,B2,200,官方附件已归档,,区域表披露黄冈市2024年末余额890.43亿元；仅接入全市总余额。
SRC-SECONDARY-DEBT-HUBEI-REGION-2024-XIANNING,中诚信国际信用评级有限责任公司,评级机构研究报告,咸宁市城市建设投资开发有限公司2025年度跟踪评级报告（区域债务数据）,official_attachment,hubei_xianning_2024_rating.txt,地方政府债务限额及余额公开表,https://static.sse.com.cn/disclosure/bond/announcement/corporate/c/new/2025-06-26/152269_20250626_B2D8.pdf,https://static.sse.com.cn/disclosure/bond/announcement/corporate/c/new/2025-06-26/152269_20250626_B2D8.pdf,https://static.sse.com.cn/disclosure/bond/announcement/corporate/c/new/2025-06-26/152269_20250626_B2D8.pdf,https://static.sse.com.cn/disclosure/bond/announcement/corporate/c/new/2025-06-26/152269_20250626_B2D8.pdf,https://static.sse.com.cn/disclosure/bond/announcement/corporate/c/new/2025-06-26/152269_20250626_B2D8.pdf,hubei_xianning_2024_rating.txt,text/plain,2025-06-26,2025-06-26,2024-12-31,2026-08-01T00:00:00+08:00,1cf232c7556316c7ea2e1b959b07eee54496451fc6a7c7aa0e8242038b470b3f,archive://national-prefecture-panel/raw/province_debt/2024/official/hubei_xianning_2024_rating.txt,internal_object,raw/province_debt/2024/official/hubei_xianning_2024_rating.txt,,B2,200,官方附件已归档,,评级报告披露咸宁市2024年末余额553.18亿元；仅接入全市总余额。
SRC-SECONDARY-DEBT-HUBEI-REGION-2024-SUIZHOU,中诚信国际信用评级有限责任公司,评级机构研究报告,随州市城市投资集团2025年度跟踪评级报告（区域债务数据）,official_attachment,hubei_suizhou_2024_rating.txt,地方政府债务限额及余额公开表,https://www.chinamoney.org.cn/dqs/cm-s-notice-query/fileDownLoad.do?contentId=3160784&mode=save&priority=0,https://www.chinamoney.org.cn/dqs/cm-s-notice-query/fileDownLoad.do?contentId=3160784&mode=save&priority=0,https://www.chinamoney.org.cn/dqs/cm-s-notice-query/fileDownLoad.do?contentId=3160784&mode=save&priority=0,https://www.chinamoney.org.cn/dqs/cm-s-notice-query/fileDownLoad.do?contentId=3160784&mode=save&priority=0,https://www.chinamoney.org.cn/dqs/cm-s-notice-query/fileDownLoad.do?contentId=3160784&mode=save&priority=0,hubei_suizhou_2024_rating.txt,text/plain,2025-06-01,2025-06-01,2024-12-31,2026-08-01T00:00:00+08:00,456cdec4cb9747012de878b9be1687823a1d254ca7505b472d74e7534237ec11,archive://national-prefecture-panel/raw/province_debt/2024/official/hubei_suizhou_2024_rating.txt,internal_object,raw/province_debt/2024/official/hubei_suizhou_2024_rating.txt,,B2,200,官方附件已归档,,评级报告披露随州市2024年末余额308.18亿元；仅接入全市总余额。
SRC-SECONDARY-DEBT-HUBEI-REGION-2024-ENSHI,评级机构研究报告,评级机构研究报告,2025年度武汉地铁集团跟踪评级报告（湖北省地市债务区域表）,official_attachment,hubei_enshi_2024_rating.txt,地方政府债务限额及余额公开表,https://static.sse.com.cn/disclosure/bond/announcement/company/c/new/2025-08-15/243489_20250815_E4Y6.pdf,https://static.sse.com.cn/disclosure/bond/announcement/company/c/new/2025-08-15/243489_20250815_E4Y6.pdf,https://static.sse.com.cn/disclosure/bond/announcement/company/c/new/2025-08-15/243489_20250815_E4Y6.pdf,https://static.sse.com.cn/disclosure/bond/announcement/company/c/new/2025-08-15/243489_20250815_E4Y6.pdf,https://static.sse.com.cn/disclosure/bond/announcement/company/c/new/2025-08-15/243489_20250815_E4Y6.pdf,hubei_enshi_2024_rating.txt,text/plain,2025-08-15,2025-08-15,2024-12-31,2026-08-01T00:00:00+08:00,037ff5f1cb4aa45061512eb6bf651d0c912edd7aaddd380fda61fdc0c8abdcf6,archive://national-prefecture-panel/raw/province_debt/2024/official/hubei_enshi_2024_rating.txt,internal_object,raw/province_debt/2024/official/hubei_enshi_2024_rating.txt,,B2,200,官方附件已归档,,区域表披露恩施州2024年末余额830.78亿元；仅接入全州总余额。
SRC-SECONDARY-DEBT-GUANGXI-BAISE-2024,东方金诚国际信用评估有限公司,评级机构研究报告,广西平果市城市建设投资有限责任公司2025年度跟踪评级报告（区域债务数据）,official_attachment,guangxi_baise_2024_rating.txt,地方政府债务限额及余额公开表,https://qxb-pdf-osscache.qixin.com/AnBaseinfo/cf4709dfb7705aa9c4c08e54f5487bd5.pdf,https://qxb-pdf-osscache.qixin.com/AnBaseinfo/cf4709dfb7705aa9c4c08e54f5487bd5.pdf,https://qxb-pdf-osscache.qixin.com/AnBaseinfo/cf4709dfb7705aa9c4c08e54f5487bd5.pdf,https://qxb-pdf-osscache.qixin.com/AnBaseinfo/cf4709dfb7705aa9c4c08e54f5487bd5.pdf,https://qxb-pdf-osscache.qixin.com/AnBaseinfo/cf4709dfb7705aa9c4c08e54f5487bd5.pdf,guangxi_baise_2024_rating.txt,text/plain,2025-06-01,2025-06-01,2024-12-31,2026-08-01T00:00:00+08:00,4ce178a8523659a6511b6551ea8e4486f57f84f7eb40faa36b39ad6a59ca7b4c,archive://national-prefecture-panel/raw/province_debt/2024/official/guangxi_baise_2024_rating.txt,internal_object,raw/province_debt/2024/official/guangxi_baise_2024_rating.txt,,B2,200,官方附件已归档,,评级报告披露百色市2024年末余额782.48亿元；未列一般/专项分项。
SRC-SECONDARY-DEBT-YUNNAN-KUNMING-2024,联合资信评估股份有限公司,其他,昆明市城建投资开发有限责任公司2025年度跟踪评级报告（区域债务数据）,official_attachment,yunnan_kunming_2024_rating.txt,地方政府债务限额及余额公开表,https://www.lhratings.com/reports/B1151-P80588-2025.pdf,https://www.lhratings.com/reports/B1151-P80588-2025.pdf,https://www.lhratings.com/reports/B1151-P80588-2025.pdf,https://www.lhratings.com/reports/B1151-P80588-2025.pdf,https://www.lhratings.com/reports/B1151-P80588-2025.pdf,yunnan_kunming_2024_rating.txt,text/plain,2025-06-30,2025-06-30,2024-12-31,2026-08-01T00:00:00+08:00,59392dc7a229a56103466bfca9949e3c6cf36edead66d2547042d64d17e36eeb,archive://national-prefecture-panel/raw/province_debt/2024/official/yunnan_kunming_2024_rating.txt,internal_object,raw/province_debt/2024/official/yunnan_kunming_2024_rating.txt,,B2,200,官方附件已归档,,联合资信评级报告根据公开资料列示昆明市2024年末地方政府债务余额2842.04亿元，其中一般债务758.46亿元、专项债务2083.58亿元；本条材料为B2级二手官方披露证据。
SRC-SECONDARY-DEBT-HEBEI-TANGSHAN-2025,大公国际资信评估有限公司,评级机构研究报告,唐山控股发展集团股份有限公司主体与相关债项2026年度跟踪评级报告,official_attachment,tangshan_2025_rating.txt,地方政府债务限额及余额公开表,https://www.dagongcredit.com/dggj/content_file/ratingNotice/regularTracking/2026/7/f36183780d9b4cd2b95b4b0657ee6e01.pdf,https://www.dagongcredit.com/dggj/content_file/ratingNotice/regularTracking/2026/7/f36183780d9b4cd2b95b4b0657ee6e01.pdf,https://www.dagongcredit.com/dggj/content_file/ratingNotice/regularTracking/2026/7/f36183780d9b4cd2b95b4b0657ee6e01.pdf,https://www.dagongcredit.com/dggj/content_file/ratingNotice/regularTracking/2026/7/f36183780d9b4cd2b95b4b0657ee6e01.pdf,https://www.dagongcredit.com/dggj/content_file/ratingNotice/regularTracking/2026/7/f36183780d9b4cd2b95b4b0657ee6e01.pdf,tangshan_2025_rating.txt,text/plain,2026-07-01,2026-07-01,2025-12-31,2026-08-01T00:00:00+08:00,a659221048a46dba6b908dfbdcdb36899e3a79f73b4f5cef1ae5df0722e8f604,archive://national-prefecture-panel/raw/province_debt/2025/official/tangshan_2025_rating.txt,internal_object,raw/province_debt/2025/official/tangshan_2025_rating.txt,,B2,200,官方附件已归档,,评级报告披露唐山市2025年末地方政府债务余额3127.72亿元，其中一般债务1099.52亿元、专项债务2028.20亿元；限额未在本条材料中完整列示。
SRC-SECONDARY-DEBT-HUBEI-2023-CITY-TOTALS,中诚信国际信用评级有限责任公司,评级机构研究报告,湖北省及下辖各州市经济财政实力与债务研究（2024）,official_attachment,hubei_2023_rating_city_totals.txt,地方政府债务限额及余额公开表,https://pdf.dfcfw.com/pdf/H3_AP202411221641021462_1.pdf?1732286773000.pdf=,https://pdf.dfcfw.com/pdf/H3_AP202411221641021462_1.pdf?1732286773000.pdf=,https://pdf.dfcfw.com/pdf/H3_AP202411221641021462_1.pdf?1732286773000.pdf=,https://pdf.dfcfw.com/pdf/H3_AP202411221641021462_1.pdf?1732286773000.pdf=,https://pdf.dfcfw.com/pdf/H3_AP202411221641021462_1.pdf?1732286773000.pdf=,hubei_2023_rating_city_totals.txt,text/plain,2024-11-22,2024-11-22,2023-12-31,2026-08-01T00:00:00+08:00,d642207595f80df42ff8f4010231fc60995b58f642e7d288cd7e63b9271e1d22,archive://national-prefecture-panel/raw/province_debt/2023/official/hubei_2023_rating_city_totals.txt,internal_object,raw/province_debt/2023/official/hubei_2023_rating_city_totals.txt,,B2,200,官方附件已归档,,评级报告正文明确披露12个州市2023年末政府债务余额；仅接入全市/全州总余额，不由总额反推一般债务和专项债务，随州市及省直辖县级行政区因报告正文仅给出区间或图表未标注精确值而保留缺失。
SRC-SECONDARY-DEBT-SICHUAN-2022-TOP6,联合资信评估股份有限公司,评级机构研究报告,四川省政府债券2023年跟踪评级报告,official_attachment,sichuan_2022_rating_city_totals.txt,地方政府债务限额及余额公开表,https://www.governbond.org.cn/uploadFiles/51/attachFiles/202312/b7247c71-25bd-4b8a-8441-cbe7e8633ca3.pdf,https://www.governbond.org.cn/uploadFiles/51/attachFiles/202312/b7247c71-25bd-4b8a-8441-cbe7e8633ca3.pdf,https://www.governbond.org.cn/uploadFiles/51/attachFiles/202312/b7247c71-25bd-4b8a-8441-cbe7e8633ca3.pdf,https://www.governbond.org.cn/uploadFiles/51/attachFiles/202312/b7247c71-25bd-4b8a-8441-cbe7e8633ca3.pdf,https://www.governbond.org.cn/uploadFiles/51/attachFiles/202312/b7247c71-25bd-4b8a-8441-cbe7e8633ca3.pdf,sichuan_2022_rating_city_totals.txt,text/plain,2023-12-27,2023-12-27,2022-12-31,2026-08-01T00:00:00+08:00,6fe7b8fe4c9bd0d3971b769047ecd1afaa8b21f721f6c4745387792d6a998619,archive://national-prefecture-panel/raw/province_debt/2022/official/sichuan_2022_rating_city_totals.txt,internal_object,raw/province_debt/2022/official/sichuan_2022_rating_city_totals.txt,,B2,200,官方附件已归档,,官方评级报告正文明确列示四川省债务规模最大的6个市州及2022年末余额；仅接入全市/全州总余额，不由总额反推一般债务和专项债务，其余市州保留缺失。
SRC-SECONDARY-DEBT-YUNNAN-2023-TOP3,上海新世纪资信评估投资服务有限公司,评级机构研究报告,云南省政府专项债券跟踪评级报告,official_attachment,yunnan_2023_rating_top3.txt,地方政府债务限额及余额公开表,https://file.finance.sina.com.cn/211.154.219.97%3A9494/MRGG/BOND/2024/2024-12/2024-12-31/21771698.PDF,https://file.finance.sina.com.cn/211.154.219.97%3A9494/MRGG/BOND/2024/2024-12/2024-12-31/21771698.PDF,https://file.finance.sina.com.cn/211.154.219.97%3A9494/MRGG/BOND/2024/2024-12/2024-12-31/21771698.PDF,https://file.finance.sina.com.cn/211.154.219.97%3A9494/MRGG/BOND/2024/2024-12/2024-12-31/21771698.PDF,https://file.finance.sina.com.cn/211.154.219.97%3A9494/MRGG/BOND/2024/2024-12/2024-12-31/21771698.PDF,yunnan_2023_rating_top3.txt,text/plain,2024-12-31,2024-12-31,2023-12-31,2026-08-01T00:00:00+08:00,9d0cd4a7c7bb9696728ce27244f2888c2cc965f2217a2ad3089bacde0f98dd61,archive://national-prefecture-panel/raw/province_debt/2023/official/yunnan_2023_rating_top3.txt,internal_object,raw/province_debt/2023/official/yunnan_2023_rating_top3.txt,,B2,200,官方附件已归档,,政府债券跟踪评级报告正文明确披露昆明、昭通、曲靖三地2023年末政府债务余额；仅接入全市总余额，不由总额反推一般债务和专项债务，其余州市保留缺失。
SRC-OFFICIAL-DEBT-HEBEI-CHENGDE-2023,承德市财政局,市级,关于承德市2024年预算执行情况和2025年预算草案的报告附件,official_attachment,chengde_2023_official_report.txt,地方政府债务限额及余额公开表,https://www.chengde.gov.cn/attach/0/646ee12fa88341b491b741e958001b45.pdf,https://www.chengde.gov.cn/attach/0/646ee12fa88341b491b741e958001b45.pdf,https://www.chengde.gov.cn/attach/0/646ee12fa88341b491b741e958001b45.pdf,https://www.chengde.gov.cn/attach/0/646ee12fa88341b491b741e958001b45.pdf,https://www.chengde.gov.cn/attach/0/646ee12fa88341b491b741e958001b45.pdf,chengde_2023_official_report.txt,text/plain,2025-09-12,2025-09-12,2023-12-31,2026-08-01T00:00:00+08:00,05f0ad10b85850f2a4909484b470de7074a8aba8494ae1a19e30e7b74f3a5611,archive://national-prefecture-panel/raw/province_debt/2023/official/chengde_2023_official_report.txt,internal_object,raw/province_debt/2023/official/chengde_2023_official_report.txt,,A2,200,官方附件已归档,,承德市官方预算报告附件披露本地区口径2023年末余额7630774万元，其中一般债务4298149万元、专项债务3332625万元；采用本地区全市口径，不把本级行误作全市行。
SRC-OFFICIAL-DEBT-YUNNAN-NUJIANG-2025,怒江州财政局,州级,怒江傈僳族自治州2025年地方政府债务管理工作情况,official_attachment,nujiang_2025_official_report.txt,地方政府债务限额及余额公开表,https://www.nujiang.gov.cn/xxgk/015279120/info/2026-275976.html,https://www.nujiang.gov.cn/xxgk/015279120/info/2026-275976.html,https://www.nujiang.gov.cn/xxgk/015279120/info/2026-275976.html,https://www.nujiang.gov.cn/xxgk/015279120/info/2026-275976.html,https://www.nujiang.gov.cn/xxgk/015279120/info/2026-275976.html,nujiang_2025_official_report.txt,text/plain,2026-02-09,2026-02-09,2025-12-31,2026-08-01T00:00:00+08:00,5e66cfd53ca5e1729e99c39ed72e5b3d6f315d411a946bf0b270c791feecca01,archive://national-prefecture-panel/raw/province_debt/2025/official/nujiang_2025_official_report.txt,internal_object,raw/province_debt/2025/official/nujiang_2025_official_report.txt,,A2,200,官方附件已归档,,怒江州财政局官方债务管理工作情况报告披露全州2025年末法定债务余额200.09亿元，其中一般债券113.50亿元、专项债券86.59亿元；同时披露2025年末债务限额202.82亿元。
SRC-OFFICIAL-DEBT-GUANGXI-HEZHOU-2018,贺州市人民政府、贺州市财政局,市级,关于贺州市全市与市本级2018年预算执行情况和2019年预算草案的报告及债务表,official_attachment,hezhou_2018_2025_official_debt.txt,地方政府债务限额及余额公开表,http://www.gxhz.gov.cn/zfxxgk/fdzdgknr/czxx/ysjs/zfys/t5111510.shtml,http://www.gxhz.gov.cn/zfxxgk/fdzdgknr/czxx/ysjs/zfys/t5111510.shtml,http://www.gxhz.gov.cn/zfxxgk/fdzdgknr/czxx/ysjs/zfys/t5111510.shtml,http://www.gxhz.gov.cn/zfxxgk/fdzdgknr/czxx/ysjs/zfys/t5111510.shtml,http://www.gxhz.gov.cn/zfxxgk/fdzdgknr/czxx/ysjs/zfys/t5111510.shtml,hezhou_2018_2025_official_debt.txt,text/plain,2019-01-25,2019-01-25,2018-12-31,2026-08-01T00:00:00+08:00,1bdb27a82314396c641a5d289e1d7e97f298d069d01245ecc8bce288bbb25d2b,archive://national-prefecture-panel/raw/province_debt/multi_year_official/hezhou_2018_2025_official_debt.txt,internal_object,raw/province_debt/multi_year_official/hezhou_2018_2025_official_debt.txt,,A2,200,官方附件已归档,,贺州市官方预算报告附表披露全市年末政府债务总额及一般、专项债务拆分；2018—2019年表中标注为预计执行数，2020—2025年为年末余额表口径。全部保留原表万元精度后再换算为亿元。
SRC-OFFICIAL-DEBT-GUANGXI-HEZHOU-2019,贺州市人民政府、贺州市财政局,市级,关于贺州市全市与市本级2019年预算执行情况和2020年预算草案的报告及债务表,official_attachment,hezhou_2018_2025_official_debt.txt,地方政府债务限额及余额公开表,http://www.gxhz.gov.cn/zfxxgk/fdzdgknr/czxx/ysjs/zfys/t5411939.shtml,http://www.gxhz.gov.cn/zfxxgk/fdzdgknr/czxx/ysjs/zfys/t5411939.shtml,http://www.gxhz.gov.cn/zfxxgk/fdzdgknr/czxx/ysjs/zfys/t5411939.shtml,http://www.gxhz.gov.cn/zfxxgk/fdzdgknr/czxx/ysjs/zfys/t5411939.shtml,http://www.gxhz.gov.cn/zfxxgk/fdzdgknr/czxx/ysjs/zfys/t5411939.shtml,hezhou_2018_2025_official_debt.txt,text/plain,2020-05-17,2020-05-17,2019-12-31,2026-08-01T00:00:00+08:00,1bdb27a82314396c641a5d289e1d7e97f298d069d01245ecc8bce288bbb25d2b,archive://national-prefecture-panel/raw/province_debt/multi_year_official/hezhou_2018_2025_official_debt.txt,internal_object,raw/province_debt/multi_year_official/hezhou_2018_2025_official_debt.txt,,A2,200,官方附件已归档,,贺州市官方预算报告附表披露全市年末政府债务总额及一般、专项债务拆分；2018—2019年表中标注为预计执行数，2020—2025年为年末余额表口径。全部保留原表万元精度后再换算为亿元。
SRC-OFFICIAL-DEBT-GUANGXI-HEZHOU-2020,贺州市人民政府、贺州市财政局,市级,关于贺州市全市与市本级2020年预算执行情况和2021年预算草案的报告及债务表,official_attachment,hezhou_2018_2025_official_debt.txt,地方政府债务限额及余额公开表,http://www.gxhz.gov.cn/zfxxgk/fdzdgknr/czxx/ysjs/zfys/t27530730.shtml,http://www.gxhz.gov.cn/zfxxgk/fdzdgknr/czxx/ysjs/zfys/t27530730.shtml,http://www.gxhz.gov.cn/zfxxgk/fdzdgknr/czxx/ysjs/zfys/t27530730.shtml,http://www.gxhz.gov.cn/zfxxgk/fdzdgknr/czxx/ysjs/zfys/t27530730.shtml,http://www.gxhz.gov.cn/zfxxgk/fdzdgknr/czxx/ysjs/zfys/t27530730.shtml,hezhou_2018_2025_official_debt.txt,text/plain,2021-05-10,2021-05-10,2020-12-31,2026-08-01T00:00:00+08:00,1bdb27a82314396c641a5d289e1d7e97f298d069d01245ecc8bce288bbb25d2b,archive://national-prefecture-panel/raw/province_debt/multi_year_official/hezhou_2018_2025_official_debt.txt,internal_object,raw/province_debt/multi_year_official/hezhou_2018_2025_official_debt.txt,,A2,200,官方附件已归档,,贺州市官方预算报告附表披露全市年末政府债务总额及一般、专项债务拆分；2018—2019年表中标注为预计执行数，2020—2025年为年末余额表口径。全部保留原表万元精度后再换算为亿元。
SRC-OFFICIAL-DEBT-GUANGXI-HEZHOU-2021,贺州市人民政府、贺州市财政局,市级,关于贺州市全市与市本级2021年预算执行情况和2022年预算草案的报告及债务表,official_attachment,hezhou_2018_2025_official_debt.txt,地方政府债务限额及余额公开表,http://www.gxhz.gov.cn/zfxxgk/fdzdgknr/czxx/ysjs/zfys/t17127096.shtml,http://www.gxhz.gov.cn/zfxxgk/fdzdgknr/czxx/ysjs/zfys/t17127096.shtml,http://www.gxhz.gov.cn/zfxxgk/fdzdgknr/czxx/ysjs/zfys/t17127096.shtml,http://www.gxhz.gov.cn/zfxxgk/fdzdgknr/czxx/ysjs/zfys/t17127096.shtml,http://www.gxhz.gov.cn/zfxxgk/fdzdgknr/czxx/ysjs/zfys/t17127096.shtml,hezhou_2018_2025_official_debt.txt,text/plain,2022-01-21,2022-01-21,2021-12-31,2026-08-01T00:00:00+08:00,1bdb27a82314396c641a5d289e1d7e97f298d069d01245ecc8bce288bbb25d2b,archive://national-prefecture-panel/raw/province_debt/multi_year_official/hezhou_2018_2025_official_debt.txt,internal_object,raw/province_debt/multi_year_official/hezhou_2018_2025_official_debt.txt,,A2,200,官方附件已归档,,贺州市官方预算报告附表披露全市年末政府债务总额及一般、专项债务拆分；2018—2019年表中标注为预计执行数，2020—2025年为年末余额表口径。全部保留原表万元精度后再换算为亿元。
SRC-OFFICIAL-DEBT-GUANGXI-HEZHOU-2022,贺州市人民政府、贺州市财政局,市级,关于贺州市全市与市本级2022年预算执行情况和2023年预算草案的报告及债务表,official_attachment,hezhou_2018_2025_official_debt.txt,地方政府债务限额及余额公开表,http://www.gxhz.gov.cn/zfxxgk/fdzdgknr/czxx/ysjs/zfys/t15669848.shtml,http://www.gxhz.gov.cn/zfxxgk/fdzdgknr/czxx/ysjs/zfys/t15669848.shtml,http://www.gxhz.gov.cn/zfxxgk/fdzdgknr/czxx/ysjs/zfys/t15669848.shtml,http://www.gxhz.gov.cn/zfxxgk/fdzdgknr/czxx/ysjs/zfys/t15669848.shtml,http://www.gxhz.gov.cn/zfxxgk/fdzdgknr/czxx/ysjs/zfys/t15669848.shtml,hezhou_2018_2025_official_debt.txt,text/plain,2023-01-20,2023-01-20,2022-12-31,2026-08-01T00:00:00+08:00,1bdb27a82314396c641a5d289e1d7e97f298d069d01245ecc8bce288bbb25d2b,archive://national-prefecture-panel/raw/province_debt/multi_year_official/hezhou_2018_2025_official_debt.txt,internal_object,raw/province_debt/multi_year_official/hezhou_2018_2025_official_debt.txt,,A2,200,官方附件已归档,,贺州市官方预算报告附表披露全市年末政府债务总额及一般、专项债务拆分；2018—2019年表中标注为预计执行数，2020—2025年为年末余额表口径。全部保留原表万元精度后再换算为亿元。
SRC-OFFICIAL-DEBT-GUANGXI-HEZHOU-2023,贺州市人民政府、贺州市财政局,市级,关于贺州市全市与市本级2023年预算执行情况和2024年预算草案的报告及债务表,official_attachment,hezhou_2018_2025_official_debt.txt,地方政府债务限额及余额公开表,http://www.gxhz.gov.cn/zfxxgk/fdzdgknr/czxx/ysjs/zfys/t18291221.shtml,http://www.gxhz.gov.cn/zfxxgk/fdzdgknr/czxx/ysjs/zfys/t18291221.shtml,http://www.gxhz.gov.cn/zfxxgk/fdzdgknr/czxx/ysjs/zfys/t18291221.shtml,http://www.gxhz.gov.cn/zfxxgk/fdzdgknr/czxx/ysjs/zfys/t18291221.shtml,http://www.gxhz.gov.cn/zfxxgk/fdzdgknr/czxx/ysjs/zfys/t18291221.shtml,hezhou_2018_2025_official_debt.txt,text/plain,2024-03-15,2024-03-15,2023-12-31,2026-08-01T00:00:00+08:00,1bdb27a82314396c641a5d289e1d7e97f298d069d01245ecc8bce288bbb25d2b,archive://national-prefecture-panel/raw/province_debt/multi_year_official/hezhou_2018_2025_official_debt.txt,internal_object,raw/province_debt/multi_year_official/hezhou_2018_2025_official_debt.txt,,A2,200,官方附件已归档,,贺州市官方预算报告附表披露全市年末政府债务总额及一般、专项债务拆分；2018—2019年表中标注为预计执行数，2020—2025年为年末余额表口径。全部保留原表万元精度后再换算为亿元。
SRC-OFFICIAL-DEBT-GUANGXI-HEZHOU-2024,贺州市人民政府、贺州市财政局,市级,关于贺州市全市与市本级2024年预算执行情况和2025年预算草案的报告及债务表,official_attachment,hezhou_2018_2025_official_debt.txt,地方政府债务限额及余额公开表,http://www.gxhz.gov.cn/zfxxgk/fdzdgknr/czxx/ysjs/zfys/t19576545.shtml,http://www.gxhz.gov.cn/zfxxgk/fdzdgknr/czxx/ysjs/zfys/t19576545.shtml,http://www.gxhz.gov.cn/zfxxgk/fdzdgknr/czxx/ysjs/zfys/t19576545.shtml,http://www.gxhz.gov.cn/zfxxgk/fdzdgknr/czxx/ysjs/zfys/t19576545.shtml,http://www.gxhz.gov.cn/zfxxgk/fdzdgknr/czxx/ysjs/zfys/t19576545.shtml,hezhou_2018_2025_official_debt.txt,text/plain,2025-02-07,2025-02-07,2024-12-31,2026-08-01T00:00:00+08:00,1bdb27a82314396c641a5d289e1d7e97f298d069d01245ecc8bce288bbb25d2b,archive://national-prefecture-panel/raw/province_debt/multi_year_official/hezhou_2018_2025_official_debt.txt,internal_object,raw/province_debt/multi_year_official/hezhou_2018_2025_official_debt.txt,,A2,200,官方附件已归档,,贺州市官方预算报告附表披露全市年末政府债务总额及一般、专项债务拆分；2018—2019年表中标注为预计执行数，2020—2025年为年末余额表口径。全部保留原表万元精度后再换算为亿元。
SRC-OFFICIAL-DEBT-GUANGXI-HEZHOU-2025,贺州市人民政府、贺州市财政局,市级,关于贺州市全市与市本级2025年预算执行情况和2026年预算草案的报告及债务表,official_attachment,hezhou_2018_2025_official_debt.txt,地方政府债务限额及余额公开表,http://www.gxhz.gov.cn/zfxxgk/fdzdgknr/czxx/ysjs/zfys/t27389316.shtml,http://www.gxhz.gov.cn/zfxxgk/fdzdgknr/czxx/ysjs/zfys/t27389316.shtml,http://www.gxhz.gov.cn/zfxxgk/fdzdgknr/czxx/ysjs/zfys/t27389316.shtml,http://www.gxhz.gov.cn/zfxxgk/fdzdgknr/czxx/ysjs/zfys/t27389316.shtml,http://www.gxhz.gov.cn/zfxxgk/fdzdgknr/czxx/ysjs/zfys/t27389316.shtml,hezhou_2018_2025_official_debt.txt,text/plain,2026-03-18,2026-03-18,2025-12-31,2026-08-01T00:00:00+08:00,1bdb27a82314396c641a5d289e1d7e97f298d069d01245ecc8bce288bbb25d2b,archive://national-prefecture-panel/raw/province_debt/multi_year_official/hezhou_2018_2025_official_debt.txt,internal_object,raw/province_debt/multi_year_official/hezhou_2018_2025_official_debt.txt,,A2,200,官方附件已归档,,贺州市官方预算报告附表披露全市年末政府债务总额及一般、专项债务拆分；2018—2019年表中标注为预计执行数，2020—2025年为年末余额表口径。全部保留原表万元精度后再换算为亿元。
SRC-OFFICIAL-DEBT-GUANGXI-LAIBIN-2018,来宾市人民政府、来宾市财政局,市级,来宾市全市与市本级2018年预算执行情况和2019年预算草案及债务表,official_attachment,laibin_2018_2025_official_debt.txt,地方政府债务限额及余额公开表,http://www.laibin.gov.cn/xxgk/fdzdgknr/zdlyxxgk_1/czyjs/zfys/t9140986.shtml,http://www.laibin.gov.cn/xxgk/fdzdgknr/zdlyxxgk_1/czyjs/zfys/t9140986.shtml,http://www.laibin.gov.cn/xxgk/fdzdgknr/zdlyxxgk_1/czyjs/zfys/t9140986.shtml,http://www.laibin.gov.cn/xxgk/fdzdgknr/zdlyxxgk_1/czyjs/zfys/t9140986.shtml,http://www.laibin.gov.cn/xxgk/fdzdgknr/zdlyxxgk_1/czyjs/zfys/t9140986.shtml,laibin_2018_2025_official_debt.txt,text/plain,2019-03-07,2019-03-07,2018-12-31,2026-08-01T00:00:00+08:00,08fe542979240f12f0a8f1e99b091190773e042b4267b3446cfb7cefd3920f63,archive://national-prefecture-panel/raw/province_debt/multi_year_official/laibin_2018_2025_official_debt.txt,internal_object,raw/province_debt/multi_year_official/laibin_2018_2025_official_debt.txt,,A2,200,官方附件已归档,,来宾市官方预算报告附表披露全市年末政府债务总额及一般、专项债务拆分；2018年表中标注为预计执行数，2019—2025年为年末余额表口径。全部保留原表万元精度后再换算为亿元。
SRC-OFFICIAL-DEBT-GUANGXI-LAIBIN-2019,来宾市人民政府、来宾市财政局,市级,来宾市全市与市本级2019年预算执行情况和2020年预算草案及债务表,official_attachment,laibin_2018_2025_official_debt.txt,地方政府债务限额及余额公开表,http://www.laibin.gov.cn/xxgk/fdzdgknr/zdlyxxgk_1/czyjs/zfys/t13077675.shtml,http://www.laibin.gov.cn/xxgk/fdzdgknr/zdlyxxgk_1/czyjs/zfys/t13077675.shtml,http://www.laibin.gov.cn/xxgk/fdzdgknr/zdlyxxgk_1/czyjs/zfys/t13077675.shtml,http://www.laibin.gov.cn/xxgk/fdzdgknr/zdlyxxgk_1/czyjs/zfys/t13077675.shtml,http://www.laibin.gov.cn/xxgk/fdzdgknr/zdlyxxgk_1/czyjs/zfys/t13077675.shtml,laibin_2018_2025_official_debt.txt,text/plain,2020-04-27,2020-04-27,2019-12-31,2026-08-01T00:00:00+08:00,08fe542979240f12f0a8f1e99b091190773e042b4267b3446cfb7cefd3920f63,archive://national-prefecture-panel/raw/province_debt/multi_year_official/laibin_2018_2025_official_debt.txt,internal_object,raw/province_debt/multi_year_official/laibin_2018_2025_official_debt.txt,,A2,200,官方附件已归档,,来宾市官方预算报告附表披露全市年末政府债务总额及一般、专项债务拆分；2018年表中标注为预计执行数，2019—2025年为年末余额表口径。全部保留原表万元精度后再换算为亿元。
SRC-OFFICIAL-DEBT-GUANGXI-LAIBIN-2020,来宾市人民政府、来宾市财政局,市级,来宾市全市与市本级2020年预算执行情况和2021年预算草案及债务表,official_attachment,laibin_2018_2025_official_debt.txt,地方政府债务限额及余额公开表,http://www.laibin.gov.cn/xxgk/fdzdgknr/zdlyxxgk_1/czyjs/zfys/t13078010.shtml,http://www.laibin.gov.cn/xxgk/fdzdgknr/zdlyxxgk_1/czyjs/zfys/t13078010.shtml,http://www.laibin.gov.cn/xxgk/fdzdgknr/zdlyxxgk_1/czyjs/zfys/t13078010.shtml,http://www.laibin.gov.cn/xxgk/fdzdgknr/zdlyxxgk_1/czyjs/zfys/t13078010.shtml,http://www.laibin.gov.cn/xxgk/fdzdgknr/zdlyxxgk_1/czyjs/zfys/t13078010.shtml,laibin_2018_2025_official_debt.txt,text/plain,2021-06-24,2021-06-24,2020-12-31,2026-08-01T00:00:00+08:00,08fe542979240f12f0a8f1e99b091190773e042b4267b3446cfb7cefd3920f63,archive://national-prefecture-panel/raw/province_debt/multi_year_official/laibin_2018_2025_official_debt.txt,internal_object,raw/province_debt/multi_year_official/laibin_2018_2025_official_debt.txt,,A2,200,官方附件已归档,,来宾市官方预算报告附表披露全市年末政府债务总额及一般、专项债务拆分；2018年表中标注为预计执行数，2019—2025年为年末余额表口径。全部保留原表万元精度后再换算为亿元。
SRC-OFFICIAL-DEBT-GUANGXI-LAIBIN-2021,来宾市人民政府、来宾市财政局,市级,来宾市全市与市本级2021年预算执行情况和2022年预算草案及债务表,official_attachment,laibin_2018_2025_official_debt.txt,地方政府债务限额及余额公开表,http://www.laibin.gov.cn/xxgk/fdzdgknr/zdlyxxgk_1/czyjs/zfys/t16656281.shtml,http://www.laibin.gov.cn/xxgk/fdzdgknr/zdlyxxgk_1/czyjs/zfys/t16656281.shtml,http://www.laibin.gov.cn/xxgk/fdzdgknr/zdlyxxgk_1/czyjs/zfys/t16656281.shtml,http://www.laibin.gov.cn/xxgk/fdzdgknr/zdlyxxgk_1/czyjs/zfys/t16656281.shtml,http://www.laibin.gov.cn/xxgk/fdzdgknr/zdlyxxgk_1/czyjs/zfys/t16656281.shtml,laibin_2018_2025_official_debt.txt,text/plain,2022-01-24,2022-01-24,2021-12-31,2026-08-01T00:00:00+08:00,08fe542979240f12f0a8f1e99b091190773e042b4267b3446cfb7cefd3920f63,archive://national-prefecture-panel/raw/province_debt/multi_year_official/laibin_2018_2025_official_debt.txt,internal_object,raw/province_debt/multi_year_official/laibin_2018_2025_official_debt.txt,,A2,200,官方附件已归档,,来宾市官方预算报告附表披露全市年末政府债务总额及一般、专项债务拆分；2018年表中标注为预计执行数，2019—2025年为年末余额表口径。全部保留原表万元精度后再换算为亿元。
SRC-OFFICIAL-DEBT-GUANGXI-LAIBIN-2022,来宾市人民政府、来宾市财政局,市级,来宾市全市与市本级2022年预算执行情况和2023年预算草案及债务表,official_attachment,laibin_2018_2025_official_debt.txt,地方政府债务限额及余额公开表,http://www.laibin.gov.cn/xxgk/fdzdgknr/zdlyxxgk_1/czyjs/zfys/t16130109.shtml,http://www.laibin.gov.cn/xxgk/fdzdgknr/zdlyxxgk_1/czyjs/zfys/t16130109.shtml,http://www.laibin.gov.cn/xxgk/fdzdgknr/zdlyxxgk_1/czyjs/zfys/t16130109.shtml,http://www.laibin.gov.cn/xxgk/fdzdgknr/zdlyxxgk_1/czyjs/zfys/t16130109.shtml,http://www.laibin.gov.cn/xxgk/fdzdgknr/zdlyxxgk_1/czyjs/zfys/t16130109.shtml,laibin_2018_2025_official_debt.txt,text/plain,2023-02-20,2023-02-20,2022-12-31,2026-08-01T00:00:00+08:00,08fe542979240f12f0a8f1e99b091190773e042b4267b3446cfb7cefd3920f63,archive://national-prefecture-panel/raw/province_debt/multi_year_official/laibin_2018_2025_official_debt.txt,internal_object,raw/province_debt/multi_year_official/laibin_2018_2025_official_debt.txt,,A2,200,官方附件已归档,,来宾市官方预算报告附表披露全市年末政府债务总额及一般、专项债务拆分；2018年表中标注为预计执行数，2019—2025年为年末余额表口径。全部保留原表万元精度后再换算为亿元。
SRC-OFFICIAL-DEBT-GUANGXI-LAIBIN-2023,来宾市人民政府、来宾市财政局,市级,来宾市全市与市本级2023年预算执行情况和2024年预算草案及债务表,official_attachment,laibin_2018_2025_official_debt.txt,地方政府债务限额及余额公开表,http://www.laibin.gov.cn/xxgk/fdzdgknr/zdlyxxgk_1/czyjs/zfys/t17995724.shtml,http://www.laibin.gov.cn/xxgk/fdzdgknr/zdlyxxgk_1/czyjs/zfys/t17995724.shtml,http://www.laibin.gov.cn/xxgk/fdzdgknr/zdlyxxgk_1/czyjs/zfys/t17995724.shtml,http://www.laibin.gov.cn/xxgk/fdzdgknr/zdlyxxgk_1/czyjs/zfys/t17995724.shtml,http://www.laibin.gov.cn/xxgk/fdzdgknr/zdlyxxgk_1/czyjs/zfys/t17995724.shtml,laibin_2018_2025_official_debt.txt,text/plain,2024-02-22,2024-02-22,2023-12-31,2026-08-01T00:00:00+08:00,08fe542979240f12f0a8f1e99b091190773e042b4267b3446cfb7cefd3920f63,archive://national-prefecture-panel/raw/province_debt/multi_year_official/laibin_2018_2025_official_debt.txt,internal_object,raw/province_debt/multi_year_official/laibin_2018_2025_official_debt.txt,,A2,200,官方附件已归档,,来宾市官方预算报告附表披露全市年末政府债务总额及一般、专项债务拆分；2018年表中标注为预计执行数，2019—2025年为年末余额表口径。全部保留原表万元精度后再换算为亿元。
SRC-OFFICIAL-DEBT-GUANGXI-LAIBIN-2024,来宾市人民政府、来宾市财政局,市级,来宾市全市与市本级2024年预算执行情况和2025年预算草案及债务表,official_attachment,laibin_2018_2025_official_debt.txt,地方政府债务限额及余额公开表,http://www.laibin.gov.cn/xxgk/fdzdgknr/zdlyxxgk_1/czyjs/zfys/t19660602.shtml,http://www.laibin.gov.cn/xxgk/fdzdgknr/zdlyxxgk_1/czyjs/zfys/t19660602.shtml,http://www.laibin.gov.cn/xxgk/fdzdgknr/zdlyxxgk_1/czyjs/zfys/t19660602.shtml,http://www.laibin.gov.cn/xxgk/fdzdgknr/zdlyxxgk_1/czyjs/zfys/t19660602.shtml,http://www.laibin.gov.cn/xxgk/fdzdgknr/zdlyxxgk_1/czyjs/zfys/t19660602.shtml,laibin_2018_2025_official_debt.txt,text/plain,2025-02-10,2025-02-10,2024-12-31,2026-08-01T00:00:00+08:00,08fe542979240f12f0a8f1e99b091190773e042b4267b3446cfb7cefd3920f63,archive://national-prefecture-panel/raw/province_debt/multi_year_official/laibin_2018_2025_official_debt.txt,internal_object,raw/province_debt/multi_year_official/laibin_2018_2025_official_debt.txt,,A2,200,官方附件已归档,,来宾市官方预算报告附表披露全市年末政府债务总额及一般、专项债务拆分；2018年表中标注为预计执行数，2019—2025年为年末余额表口径。全部保留原表万元精度后再换算为亿元。
SRC-OFFICIAL-DEBT-GUANGXI-LAIBIN-2025,来宾市人民政府、来宾市财政局,市级,来宾市全市与市本级2025年预算执行情况和2026年预算草案及债务表,official_attachment,laibin_2018_2025_official_debt.txt,地方政府债务限额及余额公开表,http://www.laibin.gov.cn/xxgk/fdzdgknr/zdlyxxgk_1/czyjs/zfys/t27345082.shtml,http://www.laibin.gov.cn/xxgk/fdzdgknr/zdlyxxgk_1/czyjs/zfys/t27345082.shtml,http://www.laibin.gov.cn/xxgk/fdzdgknr/zdlyxxgk_1/czyjs/zfys/t27345082.shtml,http://www.laibin.gov.cn/xxgk/fdzdgknr/zdlyxxgk_1/czyjs/zfys/t27345082.shtml,http://www.laibin.gov.cn/xxgk/fdzdgknr/zdlyxxgk_1/czyjs/zfys/t27345082.shtml,laibin_2018_2025_official_debt.txt,text/plain,2026-03-13,2026-03-13,2025-12-31,2026-08-01T00:00:00+08:00,08fe542979240f12f0a8f1e99b091190773e042b4267b3446cfb7cefd3920f63,archive://national-prefecture-panel/raw/province_debt/multi_year_official/laibin_2018_2025_official_debt.txt,internal_object,raw/province_debt/multi_year_official/laibin_2018_2025_official_debt.txt,,A2,200,官方附件已归档,,来宾市官方预算报告附表披露全市年末政府债务总额及一般、专项债务拆分；2018年表中标注为预计执行数，2019—2025年为年末余额表口径。全部保留原表万元精度后再换算为亿元。
SRC-OFFICIAL-DEBT-YUNNAN-CHUXIONG-2025,楚雄州人民政府、楚雄州财政局,州级,关于楚雄彝族自治州2025年地方财政预算执行情况和2026年地方财政预算草案的报告（书面）,official_attachment,chuxiong_2025_official_report.txt,地方政府债务限额及余额公开表,https://www.cxz.gov.cn/info/1994/5219725.htm,https://www.cxz.gov.cn/info/1994/5219725.htm,https://www.cxz.gov.cn/info/1994/5219725.htm,https://www.cxz.gov.cn/info/1994/5219725.htm,https://www.cxz.gov.cn/info/1994/5219725.htm,chuxiong_2025_official_report.txt,text/plain,2026-02-04,2026-02-04,2025-12-31,2026-08-01T00:00:00+08:00,07d72780ec63deaf91f8c91f7fd4505a4b8ef4cb680b2130d49018f27fa7b6da,archive://national-prefecture-panel/raw/province_debt/2025/official/chuxiong_2025_official_report.txt,internal_object,raw/province_debt/2025/official/chuxiong_2025_official_report.txt,,A2,200,官方附件已归档,,楚雄州官方预算执行报告披露2025年末全州地方政府债务余额801.85亿元；报告只拆分州级与县市级，未披露全州一般债务与专项债务拆分，因此只录入法定债务总额。
SRC-CELMA-DEBT-HAINAN-2020-BUDGET-TABLE,海南省财政厅、中国地方政府债务管理协会,省级、全国性行业协会,海南省2020年地方政府债务限额及余额分地区预算情况表,official_attachment,hainan_2020_2021_celma_debt.txt,地方政府债务限额及余额公开表,https://www.celma.org.cn/ndsjmx/index.jhtml?ad_code=46&ad_name=%E6%B5%B7%E5%8D%97%E7%9C%81,https://www.celma.org.cn/ndsjmx/index.jhtml?ad_code=46&ad_name=%E6%B5%B7%E5%8D%97%E7%9C%81,https://www.celma.org.cn/ndsjmx/index.jhtml?ad_code=46&ad_name=%E6%B5%B7%E5%8D%97%E7%9C%81,https://www.celma.org.cn/ndsjmx/index.jhtml?ad_code=46&ad_name=%E6%B5%B7%E5%8D%97%E7%9C%81,https://www.celma.org.cn/ndsjmx/index.jhtml?ad_code=46&ad_name=%E6%B5%B7%E5%8D%97%E7%9C%81,hainan_2020_2021_celma_debt.txt,text/plain,2021-02-10,2021-02-10,2020-12-31,2026-08-01T00:00:00+08:00,d2dac6e515cb6ecfdd8faf5dd9f8c0d00dbd1afc8cb81351d35a62e45321318a,archive://national-prefecture-panel/raw/province_debt/multi_year_official/hainan_2020_2021_celma_debt.txt,internal_object,raw/province_debt/multi_year_official/hainan_2020_2021_celma_debt.txt,,A2,200,官方附件已归档,,CELMA归档的海南省政府预算公开附件逐行披露海口、三亚、儋州的债务限额、总余额及一般/专项拆分；三沙未列示，县级合计与儋州、洋浦历史边界重叠，未跨口径映射为省直管县组。
SRC-CELMA-DEBT-HAINAN-2021-BUDGET-TABLE,海南省财政厅、中国地方政府债务管理协会,省级、全国性行业协会,海南省2021年地方政府债务限额及余额分地区预算情况表,official_attachment,hainan_2020_2021_celma_debt.txt,地方政府债务限额及余额公开表,https://www.celma.org.cn/ndsjmx/index.jhtml?ad_code=46&ad_name=%E6%B5%B7%E5%8D%97%E7%9C%81,https://www.celma.org.cn/ndsjmx/index.jhtml?ad_code=46&ad_name=%E6%B5%B7%E5%8D%97%E7%9C%81,https://www.celma.org.cn/ndsjmx/index.jhtml?ad_code=46&ad_name=%E6%B5%B7%E5%8D%97%E7%9C%81,https://www.celma.org.cn/ndsjmx/index.jhtml?ad_code=46&ad_name=%E6%B5%B7%E5%8D%97%E7%9C%81,https://www.celma.org.cn/ndsjmx/index.jhtml?ad_code=46&ad_name=%E6%B5%B7%E5%8D%97%E7%9C%81,hainan_2020_2021_celma_debt.txt,text/plain,2022-02-13,2022-02-13,2021-12-31,2026-08-01T00:00:00+08:00,d2dac6e515cb6ecfdd8faf5dd9f8c0d00dbd1afc8cb81351d35a62e45321318a,archive://national-prefecture-panel/raw/province_debt/multi_year_official/hainan_2020_2021_celma_debt.txt,internal_object,raw/province_debt/multi_year_official/hainan_2020_2021_celma_debt.txt,,A2,200,官方附件已归档,,CELMA归档的海南省政府预算公开附件逐行披露海口、三亚、儋州的债务限额、总余额及一般/专项拆分；三沙未列示，县级合计与儋州、洋浦历史边界重叠，未跨口径映射为省直管县组。
SRC-SECONDARY-DEBT-ZHEJIANG-JINHUA-2025,东方金诚国际信用评估有限公司,评级机构研究报告,东方金诚债跟踪评字【2026】0048号（金华市交通投资集团有限公司）,official_attachment,jinhua_2025_rating_total.txt,地方政府债务限额及余额公开表,https://www.chinamoney.org.cn/dqs/cm-s-notice-query/fileDownLoad.do?contentId=3351713&mode=save&priority=0,https://www.chinamoney.org.cn/dqs/cm-s-notice-query/fileDownLoad.do?contentId=3351713&mode=save&priority=0,https://www.chinamoney.org.cn/dqs/cm-s-notice-query/fileDownLoad.do?contentId=3351713&mode=save&priority=0,https://www.chinamoney.org.cn/dqs/cm-s-notice-query/fileDownLoad.do?contentId=3351713&mode=save&priority=0,https://www.chinamoney.org.cn/dqs/cm-s-notice-query/fileDownLoad.do?contentId=3351713&mode=save&priority=0,jinhua_2025_rating_total.txt,text/plain,2026-06-30,2026-06-30,2025-12-31,2026-08-01T00:00:00+08:00,88c9cb5df2d2dbc20e15e74ffae4e9b9db52adcef2d75c575abd4aab1745bc0b,archive://national-prefecture-panel/raw/province_debt/2025/official/jinhua_2025_rating_total.txt,internal_object,raw/province_debt/2025/official/jinhua_2025_rating_total.txt,,B2,200,官方附件已归档,,中国外汇交易中心公开的东方金诚官方评级附件同业比较表及图表25列示金华市2025年地方政府债务余额2678.09亿元；注释说明数据来源于金华市政府官网公开统计公报、预决算报告等，东方金诚整理。本条仅接入总余额，不反推一般债务和专项债务。
SRC-SECONDARY-DEBT-ZHEJIANG-ZHOUSHAN-2025,东方金诚国际信用评估有限公司,评级机构研究报告,东方金诚债跟踪评字【2026】0048号（金华市交通投资集团有限公司；舟山市同业比较数据）,official_attachment,zhoushan_2025_rating_total.txt,地方政府债务限额及余额公开表,https://www.chinamoney.org.cn/dqs/cm-s-notice-query/fileDownLoad.do?contentId=3351713&mode=save&priority=0,https://www.chinamoney.org.cn/dqs/cm-s-notice-query/fileDownLoad.do?contentId=3351713&mode=save&priority=0,https://www.chinamoney.org.cn/dqs/cm-s-notice-query/fileDownLoad.do?contentId=3351713&mode=save&priority=0,https://www.chinamoney.org.cn/dqs/cm-s-notice-query/fileDownLoad.do?contentId=3351713&mode=save&priority=0,https://www.chinamoney.org.cn/dqs/cm-s-notice-query/fileDownLoad.do?contentId=3351713&mode=save&priority=0,zhoushan_2025_rating_total.txt,text/plain,2026-06-01,2026-06-01,2025-12-31,2026-08-01T00:00:00+08:00,824ff1cb407f656597fd5e8504486537f2bd8a0e95a5c3943d88b735faaa0b92,archive://national-prefecture-panel/raw/province_debt/2025/official/zhoushan_2025_rating_total.txt,internal_object,raw/province_debt/2025/official/zhoushan_2025_rating_total.txt,,B2,200,官方附件已归档,,中国外汇交易中心公开的东方金诚官方评级附件同业比较表列示舟山市2025年地方政府债务余额778.05亿元；注释说明数据来源于各地政府官网公开统计公报、预决算报告等，东方金诚整理。本条仅接入总余额，不反推一般债务和专项债务。
SRC-SECONDARY-DEBT-JIANGSU-2018-CITY-TOTALS,国盛证券研究所,证券公司研究报告,江苏省（苏中、苏北篇）176个城投平台详尽数据挖掘（2019版）,official_attachment,jiangsu_2018_research_city_totals.txt,地方政府债务限额及余额公开表,https://pdf.dfcfw.com/pdf/H3_AP201907161338972633_1.pdf,https://pdf.dfcfw.com/pdf/H3_AP201907161338972633_1.pdf,https://pdf.dfcfw.com/pdf/H3_AP201907161338972633_1.pdf,https://pdf.dfcfw.com/pdf/H3_AP201907161338972633_1.pdf,https://pdf.dfcfw.com/pdf/H3_AP201907161338972633_1.pdf,jiangsu_2018_research_city_totals.txt,text/plain,2019-07-16,2019-07-16,2018-12-31,2026-08-01T00:00:00+08:00,955407e224d19edb495cbcff3d68dc7acc3ee913e0d28bebda48bbb15648fbfa,archive://national-prefecture-panel/raw/province_debt/2018/official/jiangsu_2018_research_city_totals.txt,internal_object,raw/province_debt/2018/official/jiangsu_2018_research_city_totals.txt,,B2,200,官方附件已归档,,报告第9页表格列示江苏省13个地级市2018年地方政府债务余额，报告称数据来源为各地级市预算执行报告；本条仅接入总余额，不反推一般债务和专项债务。
SRC-SECONDARY-DEBT-SICHUAN-CHENGDU-2018,联合资信评估股份有限公司,评级机构研究报告,地方政府与城投企业债务风险研究报告——四川篇,official_attachment,chengdu_2018_rating_total.txt,地方政府债务限额及余额公开表,https://www.lhratings.com/file/82ebbb83-d27a-4e45-a73c-302e4b04a07d.pdf,https://www.lhratings.com/file/82ebbb83-d27a-4e45-a73c-302e4b04a07d.pdf,https://www.lhratings.com/file/82ebbb83-d27a-4e45-a73c-302e4b04a07d.pdf,https://www.lhratings.com/file/82ebbb83-d27a-4e45-a73c-302e4b04a07d.pdf,https://www.lhratings.com/file/82ebbb83-d27a-4e45-a73c-302e4b04a07d.pdf,chengdu_2018_rating_total.txt,text/plain,2019-12-16,2019-12-16,2018-12-31,2026-08-01T00:00:00+08:00,18bfcc41d9e50814d757b2e290a68b4d9f29f157b61b781e2bca0f62c728f7c0,archive://national-prefecture-panel/raw/province_debt/2018/official/chengdu_2018_rating_total.txt,internal_object,raw/province_debt/2018/official/chengdu_2018_rating_total.txt,,B2,200,官方附件已归档,,报告正文明确披露2018年底成都市政府债务余额2339.6亿元；其余市州在同页图形中未给出可复核的精确数字。本条仅接入正文明确的总余额，不反推一般债务和专项债务。
SRC-SECONDARY-DEBT-YUNNAN-KUNMING-2018,联合资信评估股份有限公司,评级机构研究报告,地方政府与城投企业债务风险研究报告——云南篇,official_attachment,kunming_2018_rating_total.txt,地方政府债务限额及余额公开表,https://www.lhratings.com/file/1474849d-0a53-4af9-bd05-f034e17f906a.pdf,https://www.lhratings.com/file/1474849d-0a53-4af9-bd05-f034e17f906a.pdf,https://www.lhratings.com/file/1474849d-0a53-4af9-bd05-f034e17f906a.pdf,https://www.lhratings.com/file/1474849d-0a53-4af9-bd05-f034e17f906a.pdf,https://www.lhratings.com/file/1474849d-0a53-4af9-bd05-f034e17f906a.pdf,kunming_2018_rating_total.txt,text/plain,2019-12-11,2019-12-11,2018-12-31,2026-08-01T00:00:00+08:00,f37639dd2c885740299dfed2f7d7a124e3187d1506854f3261354440c179d589,archive://national-prefecture-panel/raw/province_debt/2018/official/kunming_2018_rating_total.txt,internal_object,raw/province_debt/2018/official/kunming_2018_rating_total.txt,,B2,200,官方附件已归档,,报告正文明确披露2018年昆明市政府债务规模2005.90亿元；其余市州仅以图形展示，未给出可复核的精确数字。本条仅接入正文明确的总余额，不反推一般债务和专项债务。
SRC-SECONDARY-DEBT-HUBEI-2024-DIRECT-AGG,中证鹏元资信评估股份有限公司,评级机构研究报告,2025年度武汉地铁集团有限公司信用评级报告（湖北各地市2024年政府债务余额表）,official_attachment,hubei_2024_direct_counties_total.txt,地方政府债务限额及余额公开表,https://static.sse.com.cn/disclosure/bond/announcement/company/c/new/2025-08-15/243489_20250815_E4Y6.pdf,https://static.sse.com.cn/disclosure/bond/announcement/company/c/new/2025-08-15/243489_20250815_E4Y6.pdf,https://static.sse.com.cn/disclosure/bond/announcement/company/c/new/2025-08-15/243489_20250815_E4Y6.pdf,https://static.sse.com.cn/disclosure/bond/announcement/company/c/new/2025-08-15/243489_20250815_E4Y6.pdf,https://static.sse.com.cn/disclosure/bond/announcement/company/c/new/2025-08-15/243489_20250815_E4Y6.pdf,hubei_2024_direct_counties_total.txt,text/plain,2025-08-15,2025-08-15,2024-12-31,2026-08-01T00:00:00+08:00,d814912013f5995846f435c0f234bc78acb59c1fa3449a035ff7139f8e2fae31,archive://national-prefecture-panel/raw/province_debt/2024/official/hubei_2024_direct_counties_total.txt,internal_object,raw/province_debt/2024/official/hubei_2024_direct_counties_total.txt,,B2,200,官方附件已归档,,报告表格列示仙桃、潜江、天门、神农架林区2024年政府债务余额，本条将四个直管县级行政区划数值合计为省直辖县级行政区划目标行520.91亿元；仅接入合计总余额，不反推一般债务和专项债务。
SRC-SECONDARY-DEBT-SHANXI-2023-RATING-TOTALS,新世纪资信评估有限公司,评级机构研究报告,山西省及下辖各市经济财政实力与债务研究（2024）,official_attachment,shanxi_2023_rating_totals.txt,地方政府债务限额及余额公开表,https://pdf.dfcfw.com/pdf/H3_AP202411281641099799_1.pdf?1732793169000.pdf=,https://pdf.dfcfw.com/pdf/H3_AP202411281641099799_1.pdf?1732793169000.pdf=,https://pdf.dfcfw.com/pdf/H3_AP202411281641099799_1.pdf?1732793169000.pdf=,https://pdf.dfcfw.com/pdf/H3_AP202411281641099799_1.pdf?1732793169000.pdf=,https://pdf.dfcfw.com/pdf/H3_AP202411281641099799_1.pdf?1732793169000.pdf=,shanxi_2023_rating_totals.txt,text/plain,2024-11-28,2024-11-28,2023-12-31,2026-08-01T00:00:00+08:00,5f05e021b815b3a1d5be22cf445b6ccb4cea194dc6f1129cdaa58448ec194d7a,archive://national-prefecture-panel/raw/province_debt/2023/official/shanxi_2023_rating_totals.txt,internal_object,raw/province_debt/2023/official/shanxi_2023_rating_totals.txt,,B2,200,官方附件已归档,,报告第26页明确披露太原、晋中、临汾、朔州2023年末政府债务余额，报告称根据各地政府公开数据整理；本条仅接入正文明确的总余额，不反推一般债务和专项债务。
SRC-SECONDARY-DEBT-HEBEI-2023-RATING-TOTALS,新世纪资信评估有限公司,评级机构研究报告,河北省及下辖各市经济财政实力与债务研究（2024）,official_attachment,hebei_2023_rating_totals.txt,地方政府债务限额及余额公开表,https://pdf.dfcfw.com/pdf/H3_AP202412031641155089_1.pdf?1733239214000.pdf=,https://pdf.dfcfw.com/pdf/H3_AP202412031641155089_1.pdf?1733239214000.pdf=,https://pdf.dfcfw.com/pdf/H3_AP202412031641155089_1.pdf?1733239214000.pdf=,https://pdf.dfcfw.com/pdf/H3_AP202412031641155089_1.pdf?1733239214000.pdf=,https://pdf.dfcfw.com/pdf/H3_AP202412031641155089_1.pdf?1733239214000.pdf=,hebei_2023_rating_totals.txt,text/plain,2024-12-03,2024-12-03,2023-12-31,2026-08-01T00:00:00+08:00,74ad898689227bf958c4c270b176fa93d4c38756ab022a6264bf295fbbea77ab,archive://national-prefecture-panel/raw/province_debt/2023/official/hebei_2023_rating_totals.txt,internal_object,raw/province_debt/2023/official/hebei_2023_rating_totals.txt,,B2,200,官方附件已归档,,报告第2、20页明确披露石家庄、唐山、保定、衡水2023年末政府债务余额，报告称数据来自各地级市财政决算、预算执行及其他公开资料；本条仅接入正文明确的总余额，不反推一般债务和专项债务。
SRC-SECONDARY-DEBT-HEBEI-BAODING-2020,新世纪资信评估有限公司,评级机构研究报告,河北省及下辖各市经济财政实力与债务研究（2024）,official_attachment,hebei_baoding_2020_rating_total.txt,地方政府债务限额及余额公开表,https://pdf.dfcfw.com/pdf/H3_AP202412031641155089_1.pdf?1733239214000.pdf=,https://pdf.dfcfw.com/pdf/H3_AP202412031641155089_1.pdf?1733239214000.pdf=,https://pdf.dfcfw.com/pdf/H3_AP202412031641155089_1.pdf?1733239214000.pdf=,https://pdf.dfcfw.com/pdf/H3_AP202412031641155089_1.pdf?1733239214000.pdf=,https://pdf.dfcfw.com/pdf/H3_AP202412031641155089_1.pdf?1733239214000.pdf=,hebei_baoding_2020_rating_total.txt,text/plain,2024-12-03,2024-12-03,2020-12-31,2026-08-01T00:00:00+08:00,85b660e5fa936e4cd67c972e0096424dcd766b72faed27b95269286351634838,archive://national-prefecture-panel/raw/province_debt/2020/official/hebei_baoding_2020_rating_total.txt,internal_object,raw/province_debt/2020/official/hebei_baoding_2020_rating_total.txt,,B2,200,官方附件已归档,,报告第20页明确披露保定市政府债务余额已从2020年末706.84亿元增至2023年末1749.34亿元；本条仅接入正文明确的2020年总余额，不反推一般债务和专项债务。
SRC-SECONDARY-DEBT-SHANXI-JINZHONG-2024,上海新世纪资信评估投资服务有限公司,评级机构研究报告,晋中市公用基础设施投资控股（集团）有限公司主体与相关债项2025年度跟踪评级报告,official_attachment,shanxi_jinzhong_2024_rating.txt,地方政府债务限额及余额公开表,https://static.sse.com.cn/disclosure/bond/announcement/company/c/new/2025-06-26/185464_20250626_Y2SG.pdf,https://static.sse.com.cn/disclosure/bond/announcement/company/c/new/2025-06-26/185464_20250626_Y2SG.pdf,https://static.sse.com.cn/disclosure/bond/announcement/company/c/new/2025-06-26/185464_20250626_Y2SG.pdf,https://static.sse.com.cn/disclosure/bond/announcement/company/c/new/2025-06-26/185464_20250626_Y2SG.pdf,https://static.sse.com.cn/disclosure/bond/announcement/company/c/new/2025-06-26/185464_20250626_Y2SG.pdf,shanxi_jinzhong_2024_rating.txt,text/plain,2025-06-26,2025-06-26,2024-12-31,2026-08-01T00:00:00+08:00,53f2a2ef010f098ffa3433669c0ac5b6a208771f7a991469c23d13568a141736,archive://national-prefecture-panel/raw/province_debt/2024/official/shanxi_jinzhong_2024_rating.txt,internal_object,raw/province_debt/2024/official/shanxi_jinzhong_2024_rating.txt,,B2,200,官方附件已归档,,评级报告明确披露截至2024年末晋中市全市地方政府债务余额599.26亿元，其中一般债务283.55亿元、专项债务315.71亿元；接入全市口径，不与市本级口径混用。
SRC-OFFICIAL-DEBT-SHANXI-LVLIANG-2024,吕梁市财政局,市级财政部门,吕梁市二○二四年政府债务执行情况表,official_attachment,shanxi_lvliang_2024_official.txt,地方政府债务限额及余额公开表,https://www.lvliang.gov.cn/llxxgk/zfxxgk/xxgkml/zjxx_21583/sjczyshsgjf/202509/P020250922397937336737.pdf,https://www.lvliang.gov.cn/llxxgk/zfxxgk/xxgkml/zjxx_21583/sjczyshsgjf/202509/P020250922397937336737.pdf,https://www.lvliang.gov.cn/llxxgk/zfxxgk/xxgkml/zjxx_21583/sjczyshsgjf/202509/P020250922397937336737.pdf,https://www.lvliang.gov.cn/llxxgk/zfxxgk/xxgkml/zjxx_21583/sjczyshsgjf/202509/P020250922397937336737.pdf,https://www.lvliang.gov.cn/llxxgk/zfxxgk/xxgkml/zjxx_21583/sjczyshsgjf/202509/P020250922397937336737.pdf,shanxi_lvliang_2024_official.txt,text/plain,2025-09-22,2025-09-22,2024-12-31,2026-08-01T00:00:00+08:00,0c157c55da45516a79f95481f889cca0b46e7891a8536ad0eb355b4c923edf97,archive://national-prefecture-panel/raw/province_debt/2024/official/shanxi_lvliang_2024_official.txt,internal_object,raw/province_debt/2024/official/shanxi_lvliang_2024_official.txt,,A2,200,官方附件已归档,,市财政局决算公开附件附表十三明确列示全市2024年末政府债务余额559.6589亿元，其中一般债务270.2474亿元、专项债务289.4115亿元；保留万元原始精度并转换为亿元。
SRC-SECONDARY-DEBT-HEBEI-TANGSHAN-2024,东方金诚国际信用评估有限公司,评级机构研究报告,曹妃甸国控投资集团有限公司2025年度第四期中期票据信用评级报告,official_attachment,hebei_tangshan_2024_rating.txt,地方政府债务限额及余额公开表,https://www.chinamoney.org.cn/dqs/cm-s-notice-query/fileDownLoad.do?contentId=3173065&mode=save&priority=0,https://www.chinamoney.org.cn/dqs/cm-s-notice-query/fileDownLoad.do?contentId=3173065&mode=save&priority=0,https://www.chinamoney.org.cn/dqs/cm-s-notice-query/fileDownLoad.do?contentId=3173065&mode=save&priority=0,https://www.chinamoney.org.cn/dqs/cm-s-notice-query/fileDownLoad.do?contentId=3173065&mode=save&priority=0,https://www.chinamoney.org.cn/dqs/cm-s-notice-query/fileDownLoad.do?contentId=3173065&mode=save&priority=0,hebei_tangshan_2024_rating.txt,text/plain,2025-08-11,2025-08-11,2024-12-31,2026-08-01T00:00:00+08:00,b5d778b49736a9d25c262ee7daaafcb13cdf3bea396e8ab8abe2b351576ba8fc,archive://national-prefecture-panel/raw/province_debt/2024/official/hebei_tangshan_2024_rating.txt,internal_object,raw/province_debt/2024/official/hebei_tangshan_2024_rating.txt,,B2,200,官方附件已归档,,评级报告明确列示唐山市2024年末政府债务余额2832.01亿元，数据来源为唐山市公开财政资料；本条仅接入全市法定政府债务总额，不反推一般债务和专项债务。
SRC-SECONDARY-DEBT-HEBEI-HANDAN-2024,联合资信评估股份有限公司,评级机构研究报告,邯郸城市发展投资集团有限公司主体与相关债项2025年度跟踪评级报告,official_attachment,hebei_handan_2024_rating.txt,地方政府债务限额及余额公开表,https://static.sse.com.cn/disclosure/bond/announcement/corporate/c/new/2025-06-26/152545_20250626_RXRL.pdf,https://static.sse.com.cn/disclosure/bond/announcement/corporate/c/new/2025-06-26/152545_20250626_RXRL.pdf,https://static.sse.com.cn/disclosure/bond/announcement/corporate/c/new/2025-06-26/152545_20250626_RXRL.pdf,https://static.sse.com.cn/disclosure/bond/announcement/corporate/c/new/2025-06-26/152545_20250626_RXRL.pdf,https://static.sse.com.cn/disclosure/bond/announcement/corporate/c/new/2025-06-26/152545_20250626_RXRL.pdf,hebei_handan_2024_rating.txt,text/plain,2025-06-26,2025-06-26,2024-12-31,2026-08-01T00:00:00+08:00,684fa33ae791255a63629f6798ca9dc4f98e099fc3c654cb121e19a0d4799813,archive://national-prefecture-panel/raw/province_debt/2024/official/hebei_handan_2024_rating.txt,internal_object,raw/province_debt/2024/official/hebei_handan_2024_rating.txt,,B2,200,官方附件已归档,,评级报告明确披露邯郸市2024年末政府债务余额1531.64亿元，其中一般债务544.58亿元、专项债务987.06亿元；报告依据公开财政资料整理。
SRC-SECONDARY-DEBT-ANHUI-MAANSHAN-2024,远东资信评估有限公司,评级机构研究报告,江东控股集团有限责任公司主体与相关债项2025年度跟踪评级报告,official_attachment,anhui_maanshan_2024_rating.txt,地方政府债务限额及余额公开表,https://qxb-pdf-osscache.qixin.com/AnBaseinfo/6e7be8c9a1c8c3d26197a34690b67f41.pdf,https://qxb-pdf-osscache.qixin.com/AnBaseinfo/6e7be8c9a1c8c3d26197a34690b67f41.pdf,https://qxb-pdf-osscache.qixin.com/AnBaseinfo/6e7be8c9a1c8c3d26197a34690b67f41.pdf,https://qxb-pdf-osscache.qixin.com/AnBaseinfo/6e7be8c9a1c8c3d26197a34690b67f41.pdf,https://qxb-pdf-osscache.qixin.com/AnBaseinfo/6e7be8c9a1c8c3d26197a34690b67f41.pdf,anhui_maanshan_2024_rating.txt,text/plain,2025-11-17,2025-11-17,2024-12-31,2026-08-01T00:00:00+08:00,e7a915ceb83ef75400b5959a9b535f6638960daa641df9c4a5d85ff964c9314a,archive://national-prefecture-panel/raw/province_debt/2024/official/anhui_maanshan_2024_rating.txt,internal_object,raw/province_debt/2024/official/anhui_maanshan_2024_rating.txt,,B2,200,官方附件已归档,,评级报告明确披露截至2024年末马鞍山市政府债务余额961.24亿元，其中一般债务313.28亿元、专项债务647.96亿元；本条接入全市口径。
SRC-SECONDARY-DEBT-HEBEI-QINHUANGDAO-2024,中诚信国际信用评级有限责任公司,评级机构研究报告,秦皇岛城市发展投资控股集团有限公司2025年度跟踪评级报告,official_attachment,hebei_qinhuangdao_2024_rating.txt,地方政府债务限额及余额公开表,https://static.sse.com.cn/disclosure/bond/announcement/company/c/new/2025-06-30/115014_20250630_HFLK.pdf,https://static.sse.com.cn/disclosure/bond/announcement/company/c/new/2025-06-30/115014_20250630_HFLK.pdf,https://static.sse.com.cn/disclosure/bond/announcement/company/c/new/2025-06-30/115014_20250630_HFLK.pdf,https://static.sse.com.cn/disclosure/bond/announcement/company/c/new/2025-06-30/115014_20250630_HFLK.pdf,https://static.sse.com.cn/disclosure/bond/announcement/company/c/new/2025-06-30/115014_20250630_HFLK.pdf,hebei_qinhuangdao_2024_rating.txt,text/plain,2025-06-30,2025-06-30,2024-12-31,2026-08-01T00:00:00+08:00,8eaccf4c93b02bff65b24abee45b49849baf17e34ab7dafac68a16336c0f87dd,archive://national-prefecture-panel/raw/province_debt/2024/official/hebei_qinhuangdao_2024_rating.txt,internal_object,raw/province_debt/2024/official/hebei_qinhuangdao_2024_rating.txt,,B2,200,官方附件已归档,,评级报告明确披露截至2024年末秦皇岛市政府债务余额884.72亿元；本条仅接入全市法定政府债务总额，不反推一般债务和专项债务。
SRC-SECONDARY-DEBT-HEBEI-ZHANGJIAKOU-2024,联合资信评估股份有限公司,评级机构研究报告,张家口建设发展集团有限公司2025年跟踪评级报告,official_attachment,hebei_zhangjiakou_2024_rating.txt,地方政府债务限额及余额公开表,https://static.sse.com.cn/disclosure/bond/announcement/corporate/c/new/2025-06-27/152297_20250627_NP11.pdf,https://static.sse.com.cn/disclosure/bond/announcement/corporate/c/new/2025-06-27/152297_20250627_NP11.pdf,https://static.sse.com.cn/disclosure/bond/announcement/corporate/c/new/2025-06-27/152297_20250627_NP11.pdf,https://static.sse.com.cn/disclosure/bond/announcement/corporate/c/new/2025-06-27/152297_20250627_NP11.pdf,https://static.sse.com.cn/disclosure/bond/announcement/corporate/c/new/2025-06-27/152297_20250627_NP11.pdf,hebei_zhangjiakou_2024_rating.txt,text/plain,2025-06-27,2025-06-27,2024-12-31,2026-08-01T00:00:00+08:00,f4d81822c7807f412f0f34e0a2156f10372c30a5c41230728ae0701102af9cde,archive://national-prefecture-panel/raw/province_debt/2024/official/hebei_zhangjiakou_2024_rating.txt,internal_object,raw/province_debt/2024/official/hebei_zhangjiakou_2024_rating.txt,,B2,200,官方附件已归档,,评级报告明确披露截至2024年末张家口市政府债务余额1547.17亿元，其中一般债务550.21亿元、专项债务996.96亿元；报告依据市级决算及预算执行公开资料整理。
SRC-SECONDARY-DEBT-HEBEI-XINGTAI-2024,联合资信评估股份有限公司,评级机构研究报告,邢台路桥建设集团有限公司2025年跟踪评级报告,official_attachment,hebei_xingtai_2024_rating.txt,地方政府债务限额及余额公开表,https://static.sse.com.cn/disclosure/bond/announcement/company/c/new/2025-06-27/240952_20250627_SSPT.pdf,https://static.sse.com.cn/disclosure/bond/announcement/company/c/new/2025-06-27/240952_20250627_SSPT.pdf,https://static.sse.com.cn/disclosure/bond/announcement/company/c/new/2025-06-27/240952_20250627_SSPT.pdf,https://static.sse.com.cn/disclosure/bond/announcement/company/c/new/2025-06-27/240952_20250627_SSPT.pdf,https://static.sse.com.cn/disclosure/bond/announcement/company/c/new/2025-06-27/240952_20250627_SSPT.pdf,hebei_xingtai_2024_rating.txt,text/plain,2025-06-27,2025-06-27,2024-12-31,2026-08-01T00:00:00+08:00,9731b9f03b1750253697a463c7b7da319ffdc89fd1f3a6eb1fc28fec098d2348,archive://national-prefecture-panel/raw/province_debt/2024/official/hebei_xingtai_2024_rating.txt,internal_object,raw/province_debt/2024/official/hebei_xingtai_2024_rating.txt,,B2,200,官方附件已归档,,评级报告明确披露截至2024年末邢台市地方政府债务余额1226.60亿元；本条仅接入全市法定政府债务总额，不反推一般债务和专项债务。
SRC-SECONDARY-DEBT-HEBEI-LANGFANG-2024,联合资信评估股份有限公司,评级机构研究报告,廊坊银行股份有限公司2025年跟踪评级报告,official_attachment,hebei_langfang_2024_rating.txt,地方政府债务限额及余额公开表,https://www.lhratings.com/reports/A0187-P62588-2022-GZ2025.pdf,https://www.lhratings.com/reports/A0187-P62588-2022-GZ2025.pdf,https://www.lhratings.com/reports/A0187-P62588-2022-GZ2025.pdf,https://www.lhratings.com/reports/A0187-P62588-2022-GZ2025.pdf,https://www.lhratings.com/reports/A0187-P62588-2022-GZ2025.pdf,hebei_langfang_2024_rating.txt,text/plain,2025-07-31,2025-07-31,2024-12-31,2026-08-01T00:00:00+08:00,c9c44e7ea35899566653c7dda78e242633be9a2cf375376f6e1e8a1db803a318,archive://national-prefecture-panel/raw/province_debt/2024/official/hebei_langfang_2024_rating.txt,internal_object,raw/province_debt/2024/official/hebei_langfang_2024_rating.txt,,B2,200,官方附件已归档,,评级报告明确披露截至2024年末廊坊市地方政府债务1247.98亿元，其中专项债余额1020.38亿元；由于报告未直接给出一般债务余额，本条仅接入全市法定政府债务总额。
SRC-SECONDARY-DEBT-ANHUI-HUAIBEI-2024,中诚信国际信用评级有限责任公司,评级机构研究报告,淮北市建投控股集团有限公司主体与相关债项2025年度跟踪评级报告,official_attachment,anhui_huaibei_2024_rating.txt,地方政府债务限额及余额公开表,https://static.sse.com.cn/disclosure/bond/announcement/corporate/c/new/2025-06-27/184191_20250627_Z03O.pdf,https://static.sse.com.cn/disclosure/bond/announcement/corporate/c/new/2025-06-27/184191_20250627_Z03O.pdf,https://static.sse.com.cn/disclosure/bond/announcement/corporate/c/new/2025-06-27/184191_20250627_Z03O.pdf,https://static.sse.com.cn/disclosure/bond/announcement/corporate/c/new/2025-06-27/184191_20250627_Z03O.pdf,https://static.sse.com.cn/disclosure/bond/announcement/corporate/c/new/2025-06-27/184191_20250627_Z03O.pdf,anhui_huaibei_2024_rating.txt,text/plain,2025-06-27,2025-06-27,2024-12-31,2026-08-01T00:00:00+08:00,ddb2778ca5ca603a2582dca30d5a5b619fc86062fcf89a251a6a2979f68be485,archive://national-prefecture-panel/raw/province_debt/2024/official/anhui_huaibei_2024_rating.txt,internal_object,raw/province_debt/2024/official/anhui_huaibei_2024_rating.txt,,B2,200,官方附件已归档,,评级报告明确披露截至2024年末淮北市政府债务余额444.22亿元，其中一般债务104.97亿元、专项债务339.25亿元；本条接入全市口径。
SRC-SECONDARY-DEBT-ANHUI-CHUZHOU-2024,中诚信国际信用评级有限责任公司,评级机构研究报告,滁州市同创建设投资有限责任公司主体与相关债项2025年度跟踪评级报告,official_attachment,anhui_chuzhou_2024_rating.txt,地方政府债务限额及余额公开表,https://www.chinamoney.com.cn/dqs/cm-s-notice-query/fileDownLoad.do?contentId=3140081&mode=open&priority=0&sign=Q%2Fd8solfMh3GOoMI5WmGUaZA1ukiCpO5sMwap9ByMZnt4tsJZeSkX6Wq1v3lRrKsnQLcWdAPun00%0ALsYa5AtcTZpCs2CvuKf8xTKL5JKkAphGIIEbpsADAhjeg2dCZIBVMUOFd2LaiLvRLJLML9AfJTc%2F%0AI44XV2MvFkyyEBuTLsA%3D%0A&ut=d4sWP7sRI0b30%2BKgCbanLt3Eg2M1Uxz%2BsZRGGpJosH9xlsHxkHrTMrLwMpdof3ZCs0JProjgnWsl%0AQS8nz%2BdAusShCW5AkU4DA4ABBNIIjSX8wGJ93%2ByBYItBFGt49A4qLCIL%2BCvieXIm4E%2BuXYzCHKg8%0ATAZrkFqOTfUr1%2FafHWA%3D%0A,https://www.chinamoney.com.cn/dqs/cm-s-notice-query/fileDownLoad.do?contentId=3140081&mode=open&priority=0&sign=Q%2Fd8solfMh3GOoMI5WmGUaZA1ukiCpO5sMwap9ByMZnt4tsJZeSkX6Wq1v3lRrKsnQLcWdAPun00%0ALsYa5AtcTZpCs2CvuKf8xTKL5JKkAphGIIEbpsADAhjeg2dCZIBVMUOFd2LaiLvRLJLML9AfJTc%2F%0AI44XV2MvFkyyEBuTLsA%3D%0A&ut=d4sWP7sRI0b30%2BKgCbanLt3Eg2M1Uxz%2BsZRGGpJosH9xlsHxkHrTMrLwMpdof3ZCs0JProjgnWsl%0AQS8nz%2BdAusShCW5AkU4DA4ABBNIIjSX8wGJ93%2ByBYItBFGt49A4qLCIL%2BCvieXIm4E%2BuXYzCHKg8%0ATAZrkFqOTfUr1%2FafHWA%3D%0A,https://www.chinamoney.com.cn/dqs/cm-s-notice-query/fileDownLoad.do?contentId=3140081&mode=open&priority=0&sign=Q%2Fd8solfMh3GOoMI5WmGUaZA1ukiCpO5sMwap9ByMZnt4tsJZeSkX6Wq1v3lRrKsnQLcWdAPun00%0ALsYa5AtcTZpCs2CvuKf8xTKL5JKkAphGIIEbpsADAhjeg2dCZIBVMUOFd2LaiLvRLJLML9AfJTc%2F%0AI44XV2MvFkyyEBuTLsA%3D%0A&ut=d4sWP7sRI0b30%2BKgCbanLt3Eg2M1Uxz%2BsZRGGpJosH9xlsHxkHrTMrLwMpdof3ZCs0JProjgnWsl%0AQS8nz%2BdAusShCW5AkU4DA4ABBNIIjSX8wGJ93%2ByBYItBFGt49A4qLCIL%2BCvieXIm4E%2BuXYzCHKg8%0ATAZrkFqOTfUr1%2FafHWA%3D%0A,https://www.chinamoney.com.cn/dqs/cm-s-notice-query/fileDownLoad.do?contentId=3140081&mode=open&priority=0&sign=Q%2Fd8solfMh3GOoMI5WmGUaZA1ukiCpO5sMwap9ByMZnt4tsJZeSkX6Wq1v3lRrKsnQLcWdAPun00%0ALsYa5AtcTZpCs2CvuKf8xTKL5JKkAphGIIEbpsADAhjeg2dCZIBVMUOFd2LaiLvRLJLML9AfJTc%2F%0AI44XV2MvFkyyEBuTLsA%3D%0A&ut=d4sWP7sRI0b30%2BKgCbanLt3Eg2M1Uxz%2BsZRGGpJosH9xlsHxkHrTMrLwMpdof3ZCs0JProjgnWsl%0AQS8nz%2BdAusShCW5AkU4DA4ABBNIIjSX8wGJ93%2ByBYItBFGt49A4qLCIL%2BCvieXIm4E%2BuXYzCHKg8%0ATAZrkFqOTfUr1%2FafHWA%3D%0A,https://www.chinamoney.com.cn/dqs/cm-s-notice-query/fileDownLoad.do?contentId=3140081&mode=open&priority=0&sign=Q%2Fd8solfMh3GOoMI5WmGUaZA1ukiCpO5sMwap9ByMZnt4tsJZeSkX6Wq1v3lRrKsnQLcWdAPun00%0ALsYa5AtcTZpCs2CvuKf8xTKL5JKkAphGIIEbpsADAhjeg2dCZIBVMUOFd2LaiLvRLJLML9AfJTc%2F%0AI44XV2MvFkyyEBuTLsA%3D%0A&ut=d4sWP7sRI0b30%2BKgCbanLt3Eg2M1Uxz%2BsZRGGpJosH9xlsHxkHrTMrLwMpdof3ZCs0JProjgnWsl%0AQS8nz%2BdAusShCW5AkU4DA4ABBNIIjSX8wGJ93%2ByBYItBFGt49A4qLCIL%2BCvieXIm4E%2BuXYzCHKg8%0ATAZrkFqOTfUr1%2FafHWA%3D%0A,anhui_chuzhou_2024_rating.txt,text/plain,2025-06-27,2025-06-27,2024-12-31,2026-08-01T00:00:00+08:00,205cf6a7e19edb719b5dfaa18c4c77fbccfbe6105e3aaaf7b3900d065811db61,archive://national-prefecture-panel/raw/province_debt/2024/official/anhui_chuzhou_2024_rating.txt,internal_object,raw/province_debt/2024/official/anhui_chuzhou_2024_rating.txt,,B2,200,官方附件已归档,,评级报告明确披露2024年末滁州市政府债务余额1486.70亿元，其中一般债务254.78亿元、专项债务1231.92亿元；本条接入全市口径。
SRC-SECONDARY-DEBT-ANHUI-CHIZHOU-2024,联合资信评估股份有限公司,评级机构研究报告,安徽平天湖投资控股集团有限公司2025年度跟踪评级报告,official_attachment,anhui_chizhou_2024_rating.txt,地方政府债务限额及余额公开表,https://static.sse.com.cn/disclosure/bond/announcement/corporate/c/new/2025-06-27/184781_20250627_KW15.pdf,https://static.sse.com.cn/disclosure/bond/announcement/corporate/c/new/2025-06-27/184781_20250627_KW15.pdf,https://static.sse.com.cn/disclosure/bond/announcement/corporate/c/new/2025-06-27/184781_20250627_KW15.pdf,https://static.sse.com.cn/disclosure/bond/announcement/corporate/c/new/2025-06-27/184781_20250627_KW15.pdf,https://static.sse.com.cn/disclosure/bond/announcement/corporate/c/new/2025-06-27/184781_20250627_KW15.pdf,anhui_chizhou_2024_rating.txt,text/plain,2025-06-27,2025-06-27,2024-12-31,2026-08-01T00:00:00+08:00,d9056f0631ed58445b328b05bac8a6d79e416d54f9415e0b93e5aab814fddbf6,archive://national-prefecture-panel/raw/province_debt/2024/official/anhui_chizhou_2024_rating.txt,internal_object,raw/province_debt/2024/official/anhui_chizhou_2024_rating.txt,,B2,200,官方附件已归档,,评级报告明确披露截至2024年底池州市地方政府债务余额435.06亿元，其中一般债务152.55亿元、专项债务282.51亿元；报告依据公开资料整理。
SRC-SECONDARY-DEBT-JIANGXI-JINGDEZHEN-2024,中诚信国际信用评级有限责任公司,评级机构研究报告,景德镇合盛产业投资发展有限公司2025年度跟踪评级报告,official_attachment,jiangxi_jingdezhen_2024_rating.txt,地方政府债务限额及余额公开表,https://static.sse.com.cn/disclosure/bond/announcement/corporate/c/new/2025-06-26/271106_20250626_WUW2.pdf,https://static.sse.com.cn/disclosure/bond/announcement/corporate/c/new/2025-06-26/271106_20250626_WUW2.pdf,https://static.sse.com.cn/disclosure/bond/announcement/corporate/c/new/2025-06-26/271106_20250626_WUW2.pdf,https://static.sse.com.cn/disclosure/bond/announcement/corporate/c/new/2025-06-26/271106_20250626_WUW2.pdf,https://static.sse.com.cn/disclosure/bond/announcement/corporate/c/new/2025-06-26/271106_20250626_WUW2.pdf,jiangxi_jingdezhen_2024_rating.txt,text/plain,2025-06-26,2025-06-26,2024-12-31,2026-08-01T00:00:00+08:00,dd209d1cbdb96fd1141b1411dcf1e67255b7c031b25ec9ca028748a1285aaadd,archive://national-prefecture-panel/raw/province_debt/2024/official/jiangxi_jingdezhen_2024_rating.txt,internal_object,raw/province_debt/2024/official/jiangxi_jingdezhen_2024_rating.txt,,B2,200,官方附件已归档,,评级报告明确披露2024年末景德镇市地方政府债务余额710.12亿元；本条仅接入全市法定政府债务总额，不反推一般债务和专项债务。
SRC-SECONDARY-DEBT-JIANGXI-XINYU-2024,中证鹏元资信评估股份有限公司,评级机构研究报告,新余市城市建设投资开发有限公司相关债项2025年度跟踪评级报告,official_attachment,jiangxi_xinyu_2024_rating.txt,地方政府债务限额及余额公开表,https://static.sse.com.cn/disclosure/bond/announcement/corporate/c/new/2025-07-29/152868_20250729_VT2I.pdf,https://static.sse.com.cn/disclosure/bond/announcement/corporate/c/new/2025-07-29/152868_20250729_VT2I.pdf,https://static.sse.com.cn/disclosure/bond/announcement/corporate/c/new/2025-07-29/152868_20250729_VT2I.pdf,https://static.sse.com.cn/disclosure/bond/announcement/corporate/c/new/2025-07-29/152868_20250729_VT2I.pdf,https://static.sse.com.cn/disclosure/bond/announcement/corporate/c/new/2025-07-29/152868_20250729_VT2I.pdf,jiangxi_xinyu_2024_rating.txt,text/plain,2025-07-29,2025-07-29,2024-12-31,2026-08-01T00:00:00+08:00,fca2828d8e070595b68e26c3c521fecc48735601cef648a21d187cf528b08945,archive://national-prefecture-panel/raw/province_debt/2024/official/jiangxi_xinyu_2024_rating.txt,internal_object,raw/province_debt/2024/official/jiangxi_xinyu_2024_rating.txt,,B2,200,官方附件已归档,,评级报告明确披露2024年末新余市地方政府债务余额475.40亿元；本条仅接入全市法定政府债务总额，不反推一般债务和专项债务。
SRC-SECONDARY-DEBT-JIANGXI-YINGTAN-2024,中证鹏元资信评估股份有限公司,评级机构研究报告,鹰潭炬能投资集团有限公司相关债项2025年度跟踪评级报告,official_attachment,jiangxi_yingtan_2024_rating.txt,地方政府债务限额及余额公开表,https://static.sse.com.cn/disclosure/bond/announcement/corporate/c/new/2025-07-21/270111_20250721_I8QZ.pdf,https://static.sse.com.cn/disclosure/bond/announcement/corporate/c/new/2025-07-21/270111_20250721_I8QZ.pdf,https://static.sse.com.cn/disclosure/bond/announcement/corporate/c/new/2025-07-21/270111_20250721_I8QZ.pdf,https://static.sse.com.cn/disclosure/bond/announcement/corporate/c/new/2025-07-21/270111_20250721_I8QZ.pdf,https://static.sse.com.cn/disclosure/bond/announcement/corporate/c/new/2025-07-21/270111_20250721_I8QZ.pdf,jiangxi_yingtan_2024_rating.txt,text/plain,2025-07-21,2025-07-21,2024-12-31,2026-08-01T00:00:00+08:00,07bd6850188d8e97c900be05d247b12626df2038c6dfe047787ace5a43610489,archive://national-prefecture-panel/raw/province_debt/2024/official/jiangxi_yingtan_2024_rating.txt,internal_object,raw/province_debt/2024/official/jiangxi_yingtan_2024_rating.txt,,B2,200,官方附件已归档,,评级报告明确披露2024年末鹰潭市地方政府债务余额529.85亿元；本条仅接入全市法定政府债务总额，不反推一般债务和专项债务。
SRC-SECONDARY-DEBT-HENAN-DIRECT-COUNTY-2024,中证鹏元资信评估股份有限公司,评级机构研究报告,河南省面面观——破立之道：河南省产业升级、债务攻坚及国企转型实例新观察,official_attachment,henan_jiyuan_2024_rating.txt,地方政府债务限额及余额公开表,https://www.cspengyuan.com/api/files/6960d39342b27b2bdc799e71,https://www.cspengyuan.com/api/files/6960d39342b27b2bdc799e71,https://www.cspengyuan.com/api/files/6960d39342b27b2bdc799e71,https://www.cspengyuan.com/api/files/6960d39342b27b2bdc799e71,https://www.cspengyuan.com/api/files/6960d39342b27b2bdc799e71,henan_jiyuan_2024_rating.txt,text/plain,2025-12-30,2025-12-30,2024-12-31,2026-08-01T00:00:00+08:00,44cd07781eda6b8f94926006370ecff1999f8c82b6ed87673e425a2729085817,archive://national-prefecture-panel/raw/province_debt/2024/official/henan_jiyuan_2024_rating.txt,internal_object,raw/province_debt/2024/official/henan_jiyuan_2024_rating.txt,,B2,200,官方附件已归档,,研究报告明确披露济源市（济源示范区）2024年末法定政府债务余额180.09亿元；接入面板中的省直辖县级行政区划占位行，仅录入总额，不反推一般债务和专项债务。
SRC-OFFICIAL-DEBT-HENAN-DIRECT-COUNTY-2025,河南省财政厅,省级,河南省2026年省级一般公共预算收支预算总表,official_attachment,henan_direct_county_2025_budget.txt,地方政府债务限额及余额公开表,https://xcoss.henan.gov.cn/typtfile/20260206/af8a62949574472bb416497a2e338304.pdf,https://xcoss.henan.gov.cn/typtfile/20260206/af8a62949574472bb416497a2e338304.pdf,https://xcoss.henan.gov.cn/typtfile/20260206/af8a62949574472bb416497a2e338304.pdf,https://xcoss.henan.gov.cn/typtfile/20260206/af8a62949574472bb416497a2e338304.pdf,https://xcoss.henan.gov.cn/typtfile/20260206/af8a62949574472bb416497a2e338304.pdf,henan_direct_county_2025_budget.txt,text/plain,2026-02-06,2026-02-06,2025-12-31,2026-08-01T00:00:00+08:00,2ffe16225fe561656e22328d4cc505d09af31969d4bbb610c037f58d63e8fea4,archive://national-prefecture-panel/raw/province_debt/2025/official/henan_direct_county_2025_budget.txt,internal_object,raw/province_debt/2025/official/henan_direct_county_2025_budget.txt,,A2,200,官方附件已归档,,省级财政厅官方预算附件列示济源示范区2025年末债务余额执行数211.7亿元，其中一般债务68.5亿元、专项债务143.2亿元；接入面板中的省直辖县级行政区划占位行。
SRC-OFFICIAL-DEBT-GUANGDONG-2020-TABLE18,广东省财政厅,省级,2020年省级决算草案（表18：2020年广东省地方政府债务限额及余额决算情况表）,official_attachment,guangdong_2020_decision_table18.txt,地方政府债务限额及余额公开表,https://czt.gd.gov.cn/attachment/0/501/501762/3460948.pdf,https://czt.gd.gov.cn/attachment/0/501/501762/3460948.pdf,https://czt.gd.gov.cn/attachment/0/501/501762/3460948.pdf,https://czt.gd.gov.cn/attachment/0/501/501762/3460948.pdf,https://czt.gd.gov.cn/attachment/0/501/501762/3460948.pdf,guangdong_2020_decision_table18.txt,text/plain,2021-08-01,2021-08-01,2020-12-31,2026-08-01T00:00:00+08:00,615c4fc7913764bc097e90e588097889b1ee04c0315a8f768dad0999748c1cce,archive://national-prefecture-panel/raw/province_debt/2020/official/guangdong_2020_decision_table18.txt,internal_object,raw/province_debt/2020/official/guangdong_2020_decision_table18.txt,,A1,200,官方附件已归档,,广东省财政厅官方决算附件表18逐行披露21个地级市全市口径债务限额、一般/专项债务限额、债务余额及一般/专项债务余额；已排除省本级、市本级和区县行。
SRC-OFFICIAL-DEBT-GUANGDONG-2023-TABLES35-36,广东省财政厅,省级,广东省人民政府关于我省2023年省级决算草案的报告（表35、表36）,official_attachment,guangdong_2023_decision_tables35_36.txt,地方政府债务限额及余额公开表,https://czt.gd.gov.cn/attachment/0/556/556744/4477341.pdf,https://czt.gd.gov.cn/attachment/0/556/556744/4477341.pdf,https://czt.gd.gov.cn/attachment/0/556/556744/4477341.pdf,https://czt.gd.gov.cn/attachment/0/556/556744/4477341.pdf,https://czt.gd.gov.cn/attachment/0/556/556744/4477341.pdf,guangdong_2023_decision_tables35_36.txt,text/plain,2024-07-29,2024-07-29,2023-12-31,2026-08-01T00:00:00+08:00,837e4cb83883e2029698371bdbf780052c0d8591102292d4e39604d28bd8ac1e,archive://national-prefecture-panel/raw/province_debt/2023/official/guangdong_2023_decision_tables35_36.txt,internal_object,raw/province_debt/2023/official/guangdong_2023_decision_tables35_36.txt,,A1,200,官方附件已归档,,官方决算报告表35和表36按地级市全市行对齐，接入21个地级市的限额、一般/专项债务限额、债务余额及一般/专项债务余额；已排除省本级、市本级和区县行。
SRC-OFFICIAL-DEBT-GUANGDONG-2019-TABLE18,广东省财政厅,省级,广东省2019年省级决算草案（表18：2019年广东省地方政府债务限额及余额决算情况表）,official_attachment,guangdong_2019_decision_table18.txt,地方政府债务限额及余额公开表,https://czt.gd.gov.cn/attachment/0/398/398094/3055926.pdf,https://czt.gd.gov.cn/attachment/0/398/398094/3055926.pdf,https://czt.gd.gov.cn/attachment/0/398/398094/3055926.pdf,https://czt.gd.gov.cn/attachment/0/398/398094/3055926.pdf,https://czt.gd.gov.cn/attachment/0/398/398094/3055926.pdf,guangdong_2019_decision_table18.txt,text/plain,2020-08-01,2020-08-01,2019-12-31,2026-08-01T00:00:00+08:00,1f5c25ce3915ba6d04c4f86067b3f5dc8384f681257b27a545494548558aab57,archive://national-prefecture-panel/raw/province_debt/2019/official/guangdong_2019_decision_table18.txt,internal_object,raw/province_debt/2019/official/guangdong_2019_decision_table18.txt,,A1,200,官方附件已归档,,广东省官方决算附件表18逐行披露21个地级市全市口径债务限额、一般/专项债务限额、债务余额及一般/专项债务余额；已排除省本级、市本级和区县行。
SRC-OFFICIAL-DEBT-GUANGDONG-2018-TABLE18,广东省财政厅,省级,广东省2018年省级决算草案（表18：2018年广东省地方政府债务限额及余额决算情况表）,official_attachment,guangdong_2018_decision_table18.txt,地方政府债务限额及余额公开表,https://www.gd.gov.cn/attachment/0/388/388222/2914235.pdf,https://www.gd.gov.cn/attachment/0/388/388222/2914235.pdf,https://www.gd.gov.cn/attachment/0/388/388222/2914235.pdf,https://www.gd.gov.cn/attachment/0/388/388222/2914235.pdf,https://www.gd.gov.cn/attachment/0/388/388222/2914235.pdf,guangdong_2018_decision_table18.txt,text/plain,2019-07-01,2019-07-01,2018-12-31,2026-08-01T00:00:00+08:00,b7d06037e03d107d2c39bd217901fe4e75515b218f4689c6249f8df2dc5772a7,archive://national-prefecture-panel/raw/province_debt/2018/official/guangdong_2018_decision_table18.txt,internal_object,raw/province_debt/2018/official/guangdong_2018_decision_table18.txt,,A1,200,官方附件已归档,,广东省官方决算附件表18逐行披露21个地级市全市口径债务限额、一般/专项债务限额、债务余额及一般/专项债务余额；已排除省本级、市本级和区县行。
SRC-OFFICIAL-DEBT-SHANDONG-2021-TABLE52,财政部,中央,2021年山东省地方政府债务限额及余额分地区执行情况明细表,official_attachment,shandong_2021_table52.txt,地方政府债务限额及余额公开表,https://www.mof.gov.cn/zhuantihuigu/2022ysbghb/202203/P020220301575296288514.pdf,https://www.mof.gov.cn/zhuantihuigu/2022ysbghb/202203/P020220301575296288514.pdf,https://www.mof.gov.cn/zhuantihuigu/2022ysbghb/202203/P020220301575296288514.pdf,https://www.mof.gov.cn/zhuantihuigu/2022ysbghb/202203/P020220301575296288514.pdf,https://www.mof.gov.cn/zhuantihuigu/2022ysbghb/202203/P020220301575296288514.pdf,shandong_2021_table52.txt,text/plain,2022-03-01,2022-03-01,2021-12-31,2026-08-01T00:00:00+08:00,540dc968b8fe3544f7c0efa1bd625af00bac22ecc6e96de21b2f6f1e68561707,archive://national-prefecture-panel/raw/province_debt/2021/official/shandong_2021_table52.txt,internal_object,raw/province_debt/2021/official/shandong_2021_table52.txt,,A1,200,官方附件已归档,,财政部公开的山东省2021年预算执行报告附件表52；仅录入16个地市全市行，排除省本级、地市小计、市本级及区县行。余额为快报数。
SRC-OFFICIAL-DEBT-LIAONING-2019-XLS,辽宁省财政厅,省级,辽宁省2019年地方政府债务限额及余额情况表,official_attachment,liaoning_2019_debt_limit_balance.txt,地方政府债务限额及余额公开表,https://czt.ln.gov.cn/czt/zwgkzdgz/czyjs/czyjsbg/6E380F973A42493B95AF7326E62B38A8/P020200122364870023984.xls,https://czt.ln.gov.cn/czt/zwgkzdgz/czyjs/czyjsbg/6E380F973A42493B95AF7326E62B38A8/P020200122364870023984.xls,https://czt.ln.gov.cn/czt/zwgkzdgz/czyjs/czyjsbg/6E380F973A42493B95AF7326E62B38A8/P020200122364870023984.xls,https://czt.ln.gov.cn/czt/zwgkzdgz/czyjs/czyjsbg/6E380F973A42493B95AF7326E62B38A8/P020200122364870023984.xls,https://czt.ln.gov.cn/czt/zwgkzdgz/czyjs/czyjsbg/6E380F973A42493B95AF7326E62B38A8/P020200122364870023984.xls,liaoning_2019_debt_limit_balance.txt,text/plain,2020-01-21,2020-01-21,2019-12-31,2026-08-01T00:00:00+08:00,b0b934be1e9459b1998fa00ac24efbb4126069fd789733daa8c784c8900efb2c,archive://national-prefecture-panel/raw/province_debt/2019/official/liaoning_2019_debt_limit_balance.txt,internal_object,raw/province_debt/2019/official/liaoning_2019_debt_limit_balance.txt,,A1,200,官方附件已归档,,辽宁省财政厅官网附件 XLS 的地市全市行转录；余额为2019年债务余额预计执行数，保留原表小数精度，排除省本级、市本级及区县行。
SRC-SECONDARY-DEBT-HEBEI-RATING-2024-BAODING,联合资信评估股份有限公司,评级机构研究报告,河北省政府再融资专项债券信用评级报告（下属市县政府债务地区分布）,official_attachment,hebei_baoding_2024_rating.txt,地方政府债务限额及余额公开表,https://www.governbond.org.cn/uploadFiles/13/attachFiles/202510/4b8d507d-bf73-4c4b-b912-85c43dbf054f.pdf,https://www.governbond.org.cn/uploadFiles/13/attachFiles/202510/4b8d507d-bf73-4c4b-b912-85c43dbf054f.pdf,https://www.governbond.org.cn/uploadFiles/13/attachFiles/202510/4b8d507d-bf73-4c4b-b912-85c43dbf054f.pdf,https://www.governbond.org.cn/uploadFiles/13/attachFiles/202510/4b8d507d-bf73-4c4b-b912-85c43dbf054f.pdf,https://www.governbond.org.cn/uploadFiles/13/attachFiles/202510/4b8d507d-bf73-4c4b-b912-85c43dbf054f.pdf,hebei_baoding_2024_rating.txt,text/plain,2025-10-01,2025-10-01,2024-12-31,2026-08-01T00:00:00+08:00,ea75b2c13e5c6984365575ab57617226f3cfe0d98c6e84aa8a1dc8938a2ca25a,archive://national-prefecture-panel/raw/province_debt/2024/official/hebei_baoding_2024_rating.txt,internal_object,raw/province_debt/2024/official/hebei_baoding_2024_rating.txt,,B2,200,官方附件已归档,,官方债券信息平台公开的评级报告列示保定市2024年末政府债务余额2001.23亿元；仅接入全市总额，不反推一般/专项分项，需后续以财政厅或人大预算决算表复核。
SRC-OFFICIAL-DEBT-INNER-MONGOLIA-CHIFENG-2025,赤峰市人民政府,地级市,赤峰市2025年财政预算执行情况和2026年财政预算草案的报告（摘要）,official_attachment,chifeng_2025_budget_report.txt,地方政府债务限额及余额公开表,https://www.chifeng.gov.cn/ztzl/rdzl/cfslhzt/cfszf2026lhzt/2026gzbg/202601/t20260130_2723148.html,https://www.chifeng.gov.cn/ztzl/rdzl/cfslhzt/cfszf2026lhzt/2026gzbg/202601/t20260130_2723148.html,https://www.chifeng.gov.cn/ztzl/rdzl/cfslhzt/cfszf2026lhzt/2026gzbg/202601/t20260130_2723148.html,https://www.chifeng.gov.cn/ztzl/rdzl/cfslhzt/cfszf2026lhzt/2026gzbg/202601/t20260130_2723148.html,https://www.chifeng.gov.cn/ztzl/rdzl/cfslhzt/cfszf2026lhzt/2026gzbg/202601/t20260130_2723148.html,chifeng_2025_budget_report.txt,text/plain,2026-01-30,2026-01-30,2025-12-31,2026-08-01T00:00:00+08:00,303683f0fcdd630118ca9aae103315771d54326a201dda7335b9ac0b3e7ed4d8,archive://national-prefecture-panel/raw/province_debt/2025/official/chifeng_2025_budget_report.txt,internal_object,raw/province_debt/2025/official/chifeng_2025_budget_report.txt,,A2,200,官方附件已归档,,赤峰市政府公开报告披露2025年全市限额内政府债务余额1075.8亿元；全市口径，不采用市本级246.7亿元，未披露一般/专项分项，需后续以财政厅表复核。
SRC-SECONDARY-DEBT-JIANGSU-RATING-2025-ZHENJIANG,东方金诚国际信用评估有限公司,评级机构研究报告,临沂投资发展集团有限公司主体及‘23临投01/23临沂投发债01’2026年度跟踪评级报告,official_attachment,jiangsu_zhenjiang_2025_rating.txt,地方政府债务限额及余额公开表,https://www.dfratings.com/uploads/files/2026/0624/BXHz0sRrw1BjaRUw2fYRSg4Bv73xAenQVH5ZtCrv.pdf,https://www.dfratings.com/uploads/files/2026/0624/BXHz0sRrw1BjaRUw2fYRSg4Bv73xAenQVH5ZtCrv.pdf,https://www.dfratings.com/uploads/files/2026/0624/BXHz0sRrw1BjaRUw2fYRSg4Bv73xAenQVH5ZtCrv.pdf,https://www.dfratings.com/uploads/files/2026/0624/BXHz0sRrw1BjaRUw2fYRSg4Bv73xAenQVH5ZtCrv.pdf,https://www.dfratings.com/uploads/files/2026/0624/BXHz0sRrw1BjaRUw2fYRSg4Bv73xAenQVH5ZtCrv.pdf,jiangsu_zhenjiang_2025_rating.txt,text/plain,2026-06-23,2026-06-23,2025-12-31,2026-08-01T00:00:00+08:00,bbe1ccdec35c04bb63e23ae98a40c89692b06403b2cd0f1c3817e399997084c6,archive://national-prefecture-panel/raw/province_debt/2025/official/jiangsu_zhenjiang_2025_rating.txt,internal_object,raw/province_debt/2025/official/jiangsu_zhenjiang_2025_rating.txt,,B2,200,官方附件已归档,,评级报告同业比较表明确注明经济财政数据年份为2025年，披露镇江市全市地方政府债务余额2939.77亿元；仅接入总额，不反推一般/专项分项，后续以镇江市财政原表复核。
SRC-OFFICIAL-DEBT-INNER-MONGOLIA-WUHAI-2025,乌海市政府（内蒙古自治区财政厅集中预算公开平台）,市级,2026年乌海市预算债务债券公开,official_attachment,inner_mongolia_wuhai_2025.txt,地方政府债务限额及余额公开表,https://czt.nmg.gov.cn/yjs/business/article/select/ba4ec41619e676edeed855f0dec62ab4,https://czt.nmg.gov.cn/yjs/business/article/select/ba4ec41619e676edeed855f0dec62ab4,https://czt.nmg.gov.cn/yjs/business/file/download/bdd405442d60454c8762752ca68ad2b3,https://czt.nmg.gov.cn/yjs/business/article/select/ba4ec41619e676edeed855f0dec62ab4,https://czt.nmg.gov.cn/yjs/business/file/download/bdd405442d60454c8762752ca68ad2b3,inner_mongolia_wuhai_2025.txt,text/plain,2026-02-13,2026-02-13,2025-12-31,2026-08-01T00:00:00+08:00,ec7c0ce531e7542d302e14fd7e615073a969b61883fc0e29f9c82be27765c5f5,archive://national-prefecture-panel/raw/province_debt/2025/official/inner_mongolia_wuhai_2025.txt,internal_object,raw/province_debt/2025/official/inner_mongolia_wuhai_2025.txt,,A2,200,官方附件已归档,,官方全市总表直接列示乌海市2025年债务余额预计执行数353.9086亿元，其中一般215.2658亿元、专项138.6428亿元；市本级和区县分解行不并入地级市全域行。
SRC-OFFICIAL-DEBT-INNER-MONGOLIA-TONGLIAO-2025,通辽市政府（内蒙古自治区财政厅集中预算公开平台）,市级,2026年通辽市预算债务债券公开,official_attachment,inner_mongolia_tongliao_2025.txt,地方政府债务限额及余额公开表,https://czt.nmg.gov.cn/yjs/business/article/select/329a7429456320455a0ea7326a5bc284,https://czt.nmg.gov.cn/yjs/business/article/select/329a7429456320455a0ea7326a5bc284,https://czt.nmg.gov.cn/yjs/business/file/download/ac91ee78b79c4e8ea4c47325a006ff3c,https://czt.nmg.gov.cn/yjs/business/article/select/329a7429456320455a0ea7326a5bc284,https://czt.nmg.gov.cn/yjs/business/file/download/ac91ee78b79c4e8ea4c47325a006ff3c,inner_mongolia_tongliao_2025.txt,text/plain,2026-02-06,2026-02-06,2025-12-31,2026-08-01T00:00:00+08:00,bc73095b7a395480800f92013fa3e9d236a6c6ece0005535d0e78b9e61a0d84e,archive://national-prefecture-panel/raw/province_debt/2025/official/inner_mongolia_tongliao_2025.txt,internal_object,raw/province_debt/2025/official/inner_mongolia_tongliao_2025.txt,,A2,200,官方附件已归档,,官方全市总表直接列示通辽市2025年债务余额预计执行数889.603993亿元，其中一般577.849393亿元、专项311.7546亿元；市本级、旗县及开发区分解行不并入地级市全域行。
SRC-SECONDARY-DEBT-GANSU-JINCHANG-2024,傲举咨询（大数跨境公开转载）,公开二手研究资料,全国专项债分析——《河陇“债”视角：甘肃14州市财政实力+专项债动态+城投债全景》,official_attachment,gansu_jinchang_2024_secondary.txt,地方政府债务限额及余额公开表,https://www.10100.com/article/145448300,https://www.10100.com/article/145448300,https://www.10100.com/article/145448300,https://www.10100.com/article/145448300,https://www.10100.com/article/145448300,gansu_jinchang_2024_secondary.txt,text/plain,2026-03-06,2026-03-06,2024-12-31,2026-08-01T00:00:00+08:00,5223ea805d54b7ebdda763bb8ffac0132655fe488f8e794a6a3eb5a831a1c487,archive://national-prefecture-panel/raw/province_debt/2024/official/gansu_jinchang_2024_secondary.txt,internal_object,raw/province_debt/2024/official/gansu_jinchang_2024_secondary.txt,,B2,200,官方附件已归档,,公开二手研究资料明确给出金昌市2024年末政府债务余额128.28亿元；原文对其他部分州市仅给出区间，本地不转录区间值或图表估读值。该值为B2待复核数据，不计入A1/A2官方硬门槛。
SRC-SECONDARY-DEBT-INNER-MONGOLIA-2025-TOTALS,公开二手研究资料（大数跨境公开转载）,公开二手研究资料,全国专项债分析——《当敖包遇见资产负债表：草原城市的偿债能力试金石》,official_attachment,inner_mongolia_2025_rating_totals.txt,地方政府债务限额及余额公开表,https://www.10100.com/article/145450313,https://www.10100.com/article/145450313,https://www.10100.com/article/145450313,https://www.10100.com/article/145450313,https://www.10100.com/article/145450313,inner_mongolia_2025_rating_totals.txt,text/plain,,,2025-12-31,2026-08-01T00:00:00+08:00,6da34b6ded42cde1a54d634d9b7fa64cc057060ca9ee1c0d2e63e1f86506bd1d,archive://national-prefecture-panel/raw/province_debt/2025/official/inner_mongolia_2025_rating_totals.txt,internal_object,raw/province_debt/2025/official/inner_mongolia_2025_rating_totals.txt,,B2,200,官方附件已归档,,公开二手研究资料明确给出鄂尔多斯、包头、乌兰察布、呼伦贝尔、阿拉善盟五个盟市的2025年末政府债务余额；巴彦淖尔和锡林郭勒未给出精确值，未转录区间或图表估读值。全部标记为B2待复核数据，不计入A1/A2官方硬门槛。
SRC-SECONDARY-CEIC-CN-130200,CEIC Data,商业数据库,CEIC 城市级地方政府债务余额公开页面：唐山市,secondary_public_page,ceic_city_debt_2018_2025.csv,商业数据库城市债务页面,https://www.ceicdata.com/zh-hans/china/local-government-debt-prefecture-level-city-outstanding/cn-local-government-debt-outstanding-hebei-tangshan,https://www.ceicdata.com/zh-hans/china/local-government-debt-prefecture-level-city-outstanding/cn-local-government-debt-outstanding-hebei-tangshan,https://www.ceicdata.com/zh-hans/china/local-government-debt-prefecture-level-city-outstanding/cn-local-government-debt-outstanding-hebei-tangshan,https://www.ceicdata.com/zh-hans/china/local-government-debt-prefecture-level-city-outstanding/cn-local-government-debt-outstanding-hebei-tangshan,https://www.ceicdata.com/zh-hans/china/local-government-debt-prefecture-level-city-outstanding/cn-local-government-debt-outstanding-hebei-tangshan,ceic_city_debt_2018_2025.csv,text/plain,2026-08-01,2026-08-01,2025-12-31,2026-08-01T00:00:00+08:00,7bb382054dcbd95f0cea41f20033223f22e041e72bf77d53604b4ecf6ac840a8,archive://national-prefecture-panel/raw/province_debt/secondary/ceic_city_debt_2018_2025.csv,internal_object,raw/province_debt/secondary/ceic_city_debt_2018_2025.csv,,D,200,公开页面已抓取,,商业聚合数据库公开页面；2018—2024 年值来自页面 SVG 图表，2025 年值来自页面元数据。仅作补缺线索和 provisional 暂存，必须回到财政厅、人大预算/决算或官方统计公报复核，不作为最终 A/B/C 级证据。
SRC-SECONDARY-CEIC-CN-130300,CEIC Data,商业数据库,CEIC 城市级地方政府债务余额公开页面：秦皇岛市,secondary_public_page,ceic_city_debt_2018_2025.csv,商业数据库城市债务页面,https://www.ceicdata.com/zh-hans/china/local-government-debt-prefecture-level-city-outstanding/cn-local-government-debt-outstanding-hebei-qinhuangdao,https://www.ceicdata.com/zh-hans/china/local-government-debt-prefecture-level-city-outstanding/cn-local-government-debt-outstanding-hebei-qinhuangdao,https://www.ceicdata.com/zh-hans/china/local-government-debt-prefecture-level-city-outstanding/cn-local-government-debt-outstanding-hebei-qinhuangdao,https://www.ceicdata.com/zh-hans/china/local-government-debt-prefecture-level-city-outstanding/cn-local-government-debt-outstanding-hebei-qinhuangdao,https://www.ceicdata.com/zh-hans/china/local-government-debt-prefecture-level-city-outstanding/cn-local-government-debt-outstanding-hebei-qinhuangdao,ceic_city_debt_2018_2025.csv,text/plain,2026-08-01,2026-08-01,2025-12-31,2026-08-01T00:00:00+08:00,7bb382054dcbd95f0cea41f20033223f22e041e72bf77d53604b4ecf6ac840a8,archive://national-prefecture-panel/raw/province_debt/secondary/ceic_city_debt_2018_2025.csv,internal_object,raw/province_debt/secondary/ceic_city_debt_2018_2025.csv,,D,200,公开页面已抓取,,商业聚合数据库公开页面；2018—2024 年值来自页面 SVG 图表，2025 年值来自页面元数据。仅作补缺线索和 provisional 暂存，必须回到财政厅、人大预算/决算或官方统计公报复核，不作为最终 A/B/C 级证据。
SRC-SECONDARY-CEIC-CN-130400,CEIC Data,商业数据库,CEIC 城市级地方政府债务余额公开页面：邯郸市,secondary_public_page,ceic_city_debt_2018_2025.csv,商业数据库城市债务页面,https://www.ceicdata.com/zh-hans/china/local-government-debt-prefecture-level-city-outstanding/cn-local-government-debt-outstanding-hebei-handan,https://www.ceicdata.com/zh-hans/china/local-government-debt-prefecture-level-city-outstanding/cn-local-government-debt-outstanding-hebei-handan,https://www.ceicdata.com/zh-hans/china/local-government-debt-prefecture-level-city-outstanding/cn-local-government-debt-outstanding-hebei-handan,https://www.ceicdata.com/zh-hans/china/local-government-debt-prefecture-level-city-outstanding/cn-local-government-debt-outstanding-hebei-handan,https://www.ceicdata.com/zh-hans/china/local-government-debt-prefecture-level-city-outstanding/cn-local-government-debt-outstanding-hebei-handan,ceic_city_debt_2018_2025.csv,text/plain,2026-08-01,2026-08-01,2025-12-31,2026-08-01T00:00:00+08:00,7bb382054dcbd95f0cea41f20033223f22e041e72bf77d53604b4ecf6ac840a8,archive://national-prefecture-panel/raw/province_debt/secondary/ceic_city_debt_2018_2025.csv,internal_object,raw/province_debt/secondary/ceic_city_debt_2018_2025.csv,,D,200,公开页面已抓取,,商业聚合数据库公开页面；2018—2024 年值来自页面 SVG 图表，2025 年值来自页面元数据。仅作补缺线索和 provisional 暂存，必须回到财政厅、人大预算/决算或官方统计公报复核，不作为最终 A/B/C 级证据。
SRC-SECONDARY-CEIC-CN-130500,CEIC Data,商业数据库,CEIC 城市级地方政府债务余额公开页面：邢台市,secondary_public_page,ceic_city_debt_2018_2025.csv,商业数据库城市债务页面,https://www.ceicdata.com/zh-hans/china/local-government-debt-prefecture-level-city-outstanding/cn-local-government-debt-outstanding-hebei-xingtai,https://www.ceicdata.com/zh-hans/china/local-government-debt-prefecture-level-city-outstanding/cn-local-government-debt-outstanding-hebei-xingtai,https://www.ceicdata.com/zh-hans/china/local-government-debt-prefecture-level-city-outstanding/cn-local-government-debt-outstanding-hebei-xingtai,https://www.ceicdata.com/zh-hans/china/local-government-debt-prefecture-level-city-outstanding/cn-local-government-debt-outstanding-hebei-xingtai,https://www.ceicdata.com/zh-hans/china/local-government-debt-prefecture-level-city-outstanding/cn-local-government-debt-outstanding-hebei-xingtai,ceic_city_debt_2018_2025.csv,text/plain,2026-08-01,2026-08-01,2025-12-31,2026-08-01T00:00:00+08:00,7bb382054dcbd95f0cea41f20033223f22e041e72bf77d53604b4ecf6ac840a8,archive://national-prefecture-panel/raw/province_debt/secondary/ceic_city_debt_2018_2025.csv,internal_object,raw/province_debt/secondary/ceic_city_debt_2018_2025.csv,,D,200,公开页面已抓取,,商业聚合数据库公开页面；2018—2024 年值来自页面 SVG 图表，2025 年值来自页面元数据。仅作补缺线索和 provisional 暂存，必须回到财政厅、人大预算/决算或官方统计公报复核，不作为最终 A/B/C 级证据。
SRC-SECONDARY-CEIC-CN-130700,CEIC Data,商业数据库,CEIC 城市级地方政府债务余额公开页面：张家口市,secondary_public_page,ceic_city_debt_2018_2025.csv,商业数据库城市债务页面,https://www.ceicdata.com/zh-hans/china/local-government-debt-prefecture-level-city-outstanding/cn-local-government-debt-outstanding-hebei-zhangjiakou,https://www.ceicdata.com/zh-hans/china/local-government-debt-prefecture-level-city-outstanding/cn-local-government-debt-outstanding-hebei-zhangjiakou,https://www.ceicdata.com/zh-hans/china/local-government-debt-prefecture-level-city-outstanding/cn-local-government-debt-outstanding-hebei-zhangjiakou,https://www.ceicdata.com/zh-hans/china/local-government-debt-prefecture-level-city-outstanding/cn-local-government-debt-outstanding-hebei-zhangjiakou,https://www.ceicdata.com/zh-hans/china/local-government-debt-prefecture-level-city-outstanding/cn-local-government-debt-outstanding-hebei-zhangjiakou,ceic_city_debt_2018_2025.csv,text/plain,2026-08-01,2026-08-01,2025-12-31,2026-08-01T00:00:00+08:00,7bb382054dcbd95f0cea41f20033223f22e041e72bf77d53604b4ecf6ac840a8,archive://national-prefecture-panel/raw/province_debt/secondary/ceic_city_debt_2018_2025.csv,internal_object,raw/province_debt/secondary/ceic_city_debt_2018_2025.csv,,D,200,公开页面已抓取,,商业聚合数据库公开页面；2018—2024 年值来自页面 SVG 图表，2025 年值来自页面元数据。仅作补缺线索和 provisional 暂存，必须回到财政厅、人大预算/决算或官方统计公报复核，不作为最终 A/B/C 级证据。
SRC-SECONDARY-CEIC-CN-130800,CEIC Data,商业数据库,CEIC 城市级地方政府债务余额公开页面：承德市,secondary_public_page,ceic_city_debt_2018_2025.csv,商业数据库城市债务页面,https://www.ceicdata.com/zh-hans/china/local-government-debt-prefecture-level-city-outstanding/cn-local-government-debt-outstanding-hebei-chengde,https://www.ceicdata.com/zh-hans/china/local-government-debt-prefecture-level-city-outstanding/cn-local-government-debt-outstanding-hebei-chengde,https://www.ceicdata.com/zh-hans/china/local-government-debt-prefecture-level-city-outstanding/cn-local-government-debt-outstanding-hebei-chengde,https://www.ceicdata.com/zh-hans/china/local-government-debt-prefecture-level-city-outstanding/cn-local-government-debt-outstanding-hebei-chengde,https://www.ceicdata.com/zh-hans/china/local-government-debt-prefecture-level-city-outstanding/cn-local-government-debt-outstanding-hebei-chengde,ceic_city_debt_2018_2025.csv,text/plain,2026-08-01,2026-08-01,2025-12-31,2026-08-01T00:00:00+08:00,7bb382054dcbd95f0cea41f20033223f22e041e72bf77d53604b4ecf6ac840a8,archive://national-prefecture-panel/raw/province_debt/secondary/ceic_city_debt_2018_2025.csv,internal_object,raw/province_debt/secondary/ceic_city_debt_2018_2025.csv,,D,200,公开页面已抓取,,商业聚合数据库公开页面；2018—2024 年值来自页面 SVG 图表，2025 年值来自页面元数据。仅作补缺线索和 provisional 暂存，必须回到财政厅、人大预算/决算或官方统计公报复核，不作为最终 A/B/C 级证据。
SRC-SECONDARY-CEIC-CN-130900,CEIC Data,商业数据库,CEIC 城市级地方政府债务余额公开页面：沧州市,secondary_public_page,ceic_city_debt_2018_2025.csv,商业数据库城市债务页面,https://www.ceicdata.com/zh-hans/china/local-government-debt-prefecture-level-city-outstanding/cn-local-government-debt-outstanding-hebei-cangzhou,https://www.ceicdata.com/zh-hans/china/local-government-debt-prefecture-level-city-outstanding/cn-local-government-debt-outstanding-hebei-cangzhou,https://www.ceicdata.com/zh-hans/china/local-government-debt-prefecture-level-city-outstanding/cn-local-government-debt-outstanding-hebei-cangzhou,https://www.ceicdata.com/zh-hans/china/local-government-debt-prefecture-level-city-outstanding/cn-local-government-debt-outstanding-hebei-cangzhou,https://www.ceicdata.com/zh-hans/china/local-government-debt-prefecture-level-city-outstanding/cn-local-government-debt-outstanding-hebei-cangzhou,ceic_city_debt_2018_2025.csv,text/plain,2026-08-01,2026-08-01,2025-12-31,2026-08-01T00:00:00+08:00,7bb382054dcbd95f0cea41f20033223f22e041e72bf77d53604b4ecf6ac840a8,archive://national-prefecture-panel/raw/province_debt/secondary/ceic_city_debt_2018_2025.csv,internal_object,raw/province_debt/secondary/ceic_city_debt_2018_2025.csv,,D,200,公开页面已抓取,,商业聚合数据库公开页面；2018—2024 年值来自页面 SVG 图表，2025 年值来自页面元数据。仅作补缺线索和 provisional 暂存，必须回到财政厅、人大预算/决算或官方统计公报复核，不作为最终 A/B/C 级证据。
SRC-SECONDARY-CEIC-CN-131000,CEIC Data,商业数据库,CEIC 城市级地方政府债务余额公开页面：廊坊市,secondary_public_page,ceic_city_debt_2018_2025.csv,商业数据库城市债务页面,https://www.ceicdata.com/zh-hans/china/local-government-debt-prefecture-level-city-outstanding/cn-local-government-debt-outstanding-hebei-langfang,https://www.ceicdata.com/zh-hans/china/local-government-debt-prefecture-level-city-outstanding/cn-local-government-debt-outstanding-hebei-langfang,https://www.ceicdata.com/zh-hans/china/local-government-debt-prefecture-level-city-outstanding/cn-local-government-debt-outstanding-hebei-langfang,https://www.ceicdata.com/zh-hans/china/local-government-debt-prefecture-level-city-outstanding/cn-local-government-debt-outstanding-hebei-langfang,https://www.ceicdata.com/zh-hans/china/local-government-debt-prefecture-level-city-outstanding/cn-local-government-debt-outstanding-hebei-langfang,ceic_city_debt_2018_2025.csv,text/plain,2026-08-01,2026-08-01,2025-12-31,2026-08-01T00:00:00+08:00,7bb382054dcbd95f0cea41f20033223f22e041e72bf77d53604b4ecf6ac840a8,archive://national-prefecture-panel/raw/province_debt/secondary/ceic_city_debt_2018_2025.csv,internal_object,raw/province_debt/secondary/ceic_city_debt_2018_2025.csv,,D,200,公开页面已抓取,,商业聚合数据库公开页面；2018—2024 年值来自页面 SVG 图表，2025 年值来自页面元数据。仅作补缺线索和 provisional 暂存，必须回到财政厅、人大预算/决算或官方统计公报复核，不作为最终 A/B/C 级证据。
SRC-SECONDARY-CEIC-CN-131100,CEIC Data,商业数据库,CEIC 城市级地方政府债务余额公开页面：衡水市,secondary_public_page,ceic_city_debt_2018_2025.csv,商业数据库城市债务页面,https://www.ceicdata.com/zh-hans/china/local-government-debt-prefecture-level-city-outstanding/cn-local-government-debt-outstanding-hebei-hengshui,https://www.ceicdata.com/zh-hans/china/local-government-debt-prefecture-level-city-outstanding/cn-local-government-debt-outstanding-hebei-hengshui,https://www.ceicdata.com/zh-hans/china/local-government-debt-prefecture-level-city-outstanding/cn-local-government-debt-outstanding-hebei-hengshui,https://www.ceicdata.com/zh-hans/china/local-government-debt-prefecture-level-city-outstanding/cn-local-government-debt-outstanding-hebei-hengshui,https://www.ceicdata.com/zh-hans/china/local-government-debt-prefecture-level-city-outstanding/cn-local-government-debt-outstanding-hebei-hengshui,ceic_city_debt_2018_2025.csv,text/plain,2026-08-01,2026-08-01,2025-12-31,2026-08-01T00:00:00+08:00,7bb382054dcbd95f0cea41f20033223f22e041e72bf77d53604b4ecf6ac840a8,archive://national-prefecture-panel/raw/province_debt/secondary/ceic_city_debt_2018_2025.csv,internal_object,raw/province_debt/secondary/ceic_city_debt_2018_2025.csv,,D,200,公开页面已抓取,,商业聚合数据库公开页面；2018—2024 年值来自页面 SVG 图表，2025 年值来自页面元数据。仅作补缺线索和 provisional 暂存，必须回到财政厅、人大预算/决算或官方统计公报复核，不作为最终 A/B/C 级证据。
SRC-SECONDARY-CEIC-CN-140100,CEIC Data,商业数据库,CEIC 城市级地方政府债务余额公开页面：太原市,secondary_public_page,ceic_city_debt_2018_2025.csv,商业数据库城市债务页面,https://www.ceicdata.com/zh-hans/china/local-government-debt-prefecture-level-city-outstanding/cn-local-government-debt-outstanding-shanxi-taiyuan,https://www.ceicdata.com/zh-hans/china/local-government-debt-prefecture-level-city-outstanding/cn-local-government-debt-outstanding-shanxi-taiyuan,https://www.ceicdata.com/zh-hans/china/local-government-debt-prefecture-level-city-outstanding/cn-local-government-debt-outstanding-shanxi-taiyuan,https://www.ceicdata.com/zh-hans/china/local-government-debt-prefecture-level-city-outstanding/cn-local-government-debt-outstanding-shanxi-taiyuan,https://www.ceicdata.com/zh-hans/china/local-government-debt-prefecture-level-city-outstanding/cn-local-government-debt-outstanding-shanxi-taiyuan,ceic_city_debt_2018_2025.csv,text/plain,2026-08-01,2026-08-01,2025-12-31,2026-08-01T00:00:00+08:00,7bb382054dcbd95f0cea41f20033223f22e041e72bf77d53604b4ecf6ac840a8,archive://national-prefecture-panel/raw/province_debt/secondary/ceic_city_debt_2018_2025.csv,internal_object,raw/province_debt/secondary/ceic_city_debt_2018_2025.csv,,D,200,公开页面已抓取,,商业聚合数据库公开页面；2018—2024 年值来自页面 SVG 图表，2025 年值来自页面元数据。仅作补缺线索和 provisional 暂存，必须回到财政厅、人大预算/决算或官方统计公报复核，不作为最终 A/B/C 级证据。
SRC-SECONDARY-CEIC-CN-150100,CEIC Data,商业数据库,CEIC 城市级地方政府债务余额公开页面：呼和浩特市,secondary_public_page,ceic_city_debt_2018_2025.csv,商业数据库城市债务页面,https://www.ceicdata.com/zh-hans/china/local-government-debt-prefecture-level-city-outstanding/cn-local-government-debt-outstanding-inner-mongolia-hohhot,https://www.ceicdata.com/zh-hans/china/local-government-debt-prefecture-level-city-outstanding/cn-local-government-debt-outstanding-inner-mongolia-hohhot,https://www.ceicdata.com/zh-hans/china/local-government-debt-prefecture-level-city-outstanding/cn-local-government-debt-outstanding-inner-mongolia-hohhot,https://www.ceicdata.com/zh-hans/china/local-government-debt-prefecture-level-city-outstanding/cn-local-government-debt-outstanding-inner-mongolia-hohhot,https://www.ceicdata.com/zh-hans/china/local-government-debt-prefecture-level-city-outstanding/cn-local-government-debt-outstanding-inner-mongolia-hohhot,ceic_city_debt_2018_2025.csv,text/plain,2026-08-01,2026-08-01,2025-12-31,2026-08-01T00:00:00+08:00,7bb382054dcbd95f0cea41f20033223f22e041e72bf77d53604b4ecf6ac840a8,archive://national-prefecture-panel/raw/province_debt/secondary/ceic_city_debt_2018_2025.csv,internal_object,raw/province_debt/secondary/ceic_city_debt_2018_2025.csv,,D,200,公开页面已抓取,,商业聚合数据库公开页面；2018—2024 年值来自页面 SVG 图表，2025 年值来自页面元数据。仅作补缺线索和 provisional 暂存，必须回到财政厅、人大预算/决算或官方统计公报复核，不作为最终 A/B/C 级证据。
SRC-SECONDARY-CEIC-CN-150300,CEIC Data,商业数据库,CEIC 城市级地方政府债务余额公开页面：乌海市,secondary_public_page,ceic_city_debt_2018_2025.csv,商业数据库城市债务页面,https://www.ceicdata.com/zh-hans/china/local-government-debt-prefecture-level-city-outstanding/cn-local-government-debt-outstanding-inner-mongolia-wuhai,https://www.ceicdata.com/zh-hans/china/local-government-debt-prefecture-level-city-outstanding/cn-local-government-debt-outstanding-inner-mongolia-wuhai,https://www.ceicdata.com/zh-hans/china/local-government-debt-prefecture-level-city-outstanding/cn-local-government-debt-outstanding-inner-mongolia-wuhai,https://www.ceicdata.com/zh-hans/china/local-government-debt-prefecture-level-city-outstanding/cn-local-government-debt-outstanding-inner-mongolia-wuhai,https://www.ceicdata.com/zh-hans/china/local-government-debt-prefecture-level-city-outstanding/cn-local-government-debt-outstanding-inner-mongolia-wuhai,ceic_city_debt_2018_2025.csv,text/plain,2026-08-01,2026-08-01,2025-12-31,2026-08-01T00:00:00+08:00,7bb382054dcbd95f0cea41f20033223f22e041e72bf77d53604b4ecf6ac840a8,archive://national-prefecture-panel/raw/province_debt/secondary/ceic_city_debt_2018_2025.csv,internal_object,raw/province_debt/secondary/ceic_city_debt_2018_2025.csv,,D,200,公开页面已抓取,,商业聚合数据库公开页面；2018—2024 年值来自页面 SVG 图表，2025 年值来自页面元数据。仅作补缺线索和 provisional 暂存，必须回到财政厅、人大预算/决算或官方统计公报复核，不作为最终 A/B/C 级证据。
SRC-SECONDARY-CEIC-CN-150400,CEIC Data,商业数据库,CEIC 城市级地方政府债务余额公开页面：赤峰市,secondary_public_page,ceic_city_debt_2018_2025.csv,商业数据库城市债务页面,https://www.ceicdata.com/zh-hans/china/local-government-debt-prefecture-level-city-outstanding/cn-local-government-debt-outstanding-inner-mongolia-chifeng,https://www.ceicdata.com/zh-hans/china/local-government-debt-prefecture-level-city-outstanding/cn-local-government-debt-outstanding-inner-mongolia-chifeng,https://www.ceicdata.com/zh-hans/china/local-government-debt-prefecture-level-city-outstanding/cn-local-government-debt-outstanding-inner-mongolia-chifeng,https://www.ceicdata.com/zh-hans/china/local-government-debt-prefecture-level-city-outstanding/cn-local-government-debt-outstanding-inner-mongolia-chifeng,https://www.ceicdata.com/zh-hans/china/local-government-debt-prefecture-level-city-outstanding/cn-local-government-debt-outstanding-inner-mongolia-chifeng,ceic_city_debt_2018_2025.csv,text/plain,2026-08-01,2026-08-01,2025-12-31,2026-08-01T00:00:00+08:00,7bb382054dcbd95f0cea41f20033223f22e041e72bf77d53604b4ecf6ac840a8,archive://national-prefecture-panel/raw/province_debt/secondary/ceic_city_debt_2018_2025.csv,internal_object,raw/province_debt/secondary/ceic_city_debt_2018_2025.csv,,D,200,公开页面已抓取,,商业聚合数据库公开页面；2018—2024 年值来自页面 SVG 图表，2025 年值来自页面元数据。仅作补缺线索和 provisional 暂存，必须回到财政厅、人大预算/决算或官方统计公报复核，不作为最终 A/B/C 级证据。
SRC-SECONDARY-CEIC-CN-150700,CEIC Data,商业数据库,CEIC 城市级地方政府债务余额公开页面：呼伦贝尔市,secondary_public_page,ceic_city_debt_2018_2025.csv,商业数据库城市债务页面,https://www.ceicdata.com/zh-hans/china/local-government-debt-prefecture-level-city-outstanding/cn-local-government-debt-outstanding-inner-mongolia-hulunbeier,https://www.ceicdata.com/zh-hans/china/local-government-debt-prefecture-level-city-outstanding/cn-local-government-debt-outstanding-inner-mongolia-hulunbeier,https://www.ceicdata.com/zh-hans/china/local-government-debt-prefecture-level-city-outstanding/cn-local-government-debt-outstanding-inner-mongolia-hulunbeier,https://www.ceicdata.com/zh-hans/china/local-government-debt-prefecture-level-city-outstanding/cn-local-government-debt-outstanding-inner-mongolia-hulunbeier,https://www.ceicdata.com/zh-hans/china/local-government-debt-prefecture-level-city-outstanding/cn-local-government-debt-outstanding-inner-mongolia-hulunbeier,ceic_city_debt_2018_2025.csv,text/plain,2026-08-01,2026-08-01,2025-12-31,2026-08-01T00:00:00+08:00,7bb382054dcbd95f0cea41f20033223f22e041e72bf77d53604b4ecf6ac840a8,archive://national-prefecture-panel/raw/province_debt/secondary/ceic_city_debt_2018_2025.csv,internal_object,raw/province_debt/secondary/ceic_city_debt_2018_2025.csv,,D,200,公开页面已抓取,,商业聚合数据库公开页面；2018—2024 年值来自页面 SVG 图表，2025 年值来自页面元数据。仅作补缺线索和 provisional 暂存，必须回到财政厅、人大预算/决算或官方统计公报复核，不作为最终 A/B/C 级证据。
SRC-SECONDARY-CEIC-CN-150800,CEIC Data,商业数据库,CEIC 城市级地方政府债务余额公开页面：巴彦淖尔市,secondary_public_page,ceic_city_debt_2018_2025.csv,商业数据库城市债务页面,https://www.ceicdata.com/zh-hans/china/local-government-debt-prefecture-level-city-outstanding/cn-local-government-debt-outstanding-inner-mongolia-bayannaoer,https://www.ceicdata.com/zh-hans/china/local-government-debt-prefecture-level-city-outstanding/cn-local-government-debt-outstanding-inner-mongolia-bayannaoer,https://www.ceicdata.com/zh-hans/china/local-government-debt-prefecture-level-city-outstanding/cn-local-government-debt-outstanding-inner-mongolia-bayannaoer,https://www.ceicdata.com/zh-hans/china/local-government-debt-prefecture-level-city-outstanding/cn-local-government-debt-outstanding-inner-mongolia-bayannaoer,https://www.ceicdata.com/zh-hans/china/local-government-debt-prefecture-level-city-outstanding/cn-local-government-debt-outstanding-inner-mongolia-bayannaoer,ceic_city_debt_2018_2025.csv,text/plain,2026-08-01,2026-08-01,2025-12-31,2026-08-01T00:00:00+08:00,7bb382054dcbd95f0cea41f20033223f22e041e72bf77d53604b4ecf6ac840a8,archive://national-prefecture-panel/raw/province_debt/secondary/ceic_city_debt_2018_2025.csv,internal_object,raw/province_debt/secondary/ceic_city_debt_2018_2025.csv,,D,200,公开页面已抓取,,商业聚合数据库公开页面；2018—2024 年值来自页面 SVG 图表，2025 年值来自页面元数据。仅作补缺线索和 provisional 暂存，必须回到财政厅、人大预算/决算或官方统计公报复核，不作为最终 A/B/C 级证据。
SRC-SECONDARY-CEIC-CN-150900,CEIC Data,商业数据库,CEIC 城市级地方政府债务余额公开页面：乌兰察布市,secondary_public_page,ceic_city_debt_2018_2025.csv,商业数据库城市债务页面,https://www.ceicdata.com/zh-hans/china/local-government-debt-prefecture-level-city-outstanding/cn-local-government-debt-outstanding-inner-mongolia-wulanchabu,https://www.ceicdata.com/zh-hans/china/local-government-debt-prefecture-level-city-outstanding/cn-local-government-debt-outstanding-inner-mongolia-wulanchabu,https://www.ceicdata.com/zh-hans/china/local-government-debt-prefecture-level-city-outstanding/cn-local-government-debt-outstanding-inner-mongolia-wulanchabu,https://www.ceicdata.com/zh-hans/china/local-government-debt-prefecture-level-city-outstanding/cn-local-government-debt-outstanding-inner-mongolia-wulanchabu,https://www.ceicdata.com/zh-hans/china/local-government-debt-prefecture-level-city-outstanding/cn-local-government-debt-outstanding-inner-mongolia-wulanchabu,ceic_city_debt_2018_2025.csv,text/plain,2026-08-01,2026-08-01,2025-12-31,2026-08-01T00:00:00+08:00,7bb382054dcbd95f0cea41f20033223f22e041e72bf77d53604b4ecf6ac840a8,archive://national-prefecture-panel/raw/province_debt/secondary/ceic_city_debt_2018_2025.csv,internal_object,raw/province_debt/secondary/ceic_city_debt_2018_2025.csv,,D,200,公开页面已抓取,,商业聚合数据库公开页面；2018—2024 年值来自页面 SVG 图表，2025 年值来自页面元数据。仅作补缺线索和 provisional 暂存，必须回到财政厅、人大预算/决算或官方统计公报复核，不作为最终 A/B/C 级证据。
SRC-SECONDARY-CEIC-CN-210100,CEIC Data,商业数据库,CEIC 城市级地方政府债务余额公开页面：沈阳市,secondary_public_page,ceic_city_debt_2018_2025.csv,商业数据库城市债务页面,https://www.ceicdata.com/zh-hans/china/local-government-debt-prefecture-level-city-outstanding/cn-local-government-debt-outstanding-general-liaoning-shenyang;https://www.ceicdata.com/zh-hans/china/local-government-debt-prefecture-level-city-outstanding/cn-local-government-debt-outstanding-special-liaoning-shenyang,https://www.ceicdata.com/zh-hans/china/local-government-debt-prefecture-level-city-outstanding/cn-local-government-debt-outstanding-general-liaoning-shenyang;https://www.ceicdata.com/zh-hans/china/local-government-debt-prefecture-level-city-outstanding/cn-local-government-debt-outstanding-special-liaoning-shenyang,https://www.ceicdata.com/zh-hans/china/local-government-debt-prefecture-level-city-outstanding/cn-local-government-debt-outstanding-general-liaoning-shenyang;https://www.ceicdata.com/zh-hans/china/local-government-debt-prefecture-level-city-outstanding/cn-local-government-debt-outstanding-special-liaoning-shenyang,https://www.ceicdata.com/zh-hans/china/local-government-debt-prefecture-level-city-outstanding/cn-local-government-debt-outstanding-general-liaoning-shenyang;https://www.ceicdata.com/zh-hans/china/local-government-debt-prefecture-level-city-outstanding/cn-local-government-debt-outstanding-special-liaoning-shenyang,https://www.ceicdata.com/zh-hans/china/local-government-debt-prefecture-level-city-outstanding/cn-local-government-debt-outstanding-general-liaoning-shenyang;https://www.ceicdata.com/zh-hans/china/local-government-debt-prefecture-level-city-outstanding/cn-local-government-debt-outstanding-special-liaoning-shenyang,ceic_city_debt_2018_2025.csv,text/plain,2026-08-01,2026-08-01,2025-12-31,2026-08-01T00:00:00+08:00,7bb382054dcbd95f0cea41f20033223f22e041e72bf77d53604b4ecf6ac840a8,archive://national-prefecture-panel/raw/province_debt/secondary/ceic_city_debt_2018_2025.csv,internal_object,raw/province_debt/secondary/ceic_city_debt_2018_2025.csv,,D,200,公开页面已抓取,,商业聚合数据库公开页面；2018—2024 年值来自页面 SVG 图表，2025 年值来自页面元数据。仅作补缺线索和 provisional 暂存，必须回到财政厅、人大预算/决算或官方统计公报复核，不作为最终 A/B/C 级证据。
SRC-SECONDARY-CEIC-CN-210400,CEIC Data,商业数据库,CEIC 城市级地方政府债务余额公开页面：抚顺市,secondary_public_page,ceic_city_debt_2018_2025.csv,商业数据库城市债务页面,https://www.ceicdata.com/zh-hans/china/local-government-debt-prefecture-level-city-outstanding/cn-local-government-debt-outstanding-general-liaoning-fushun;https://www.ceicdata.com/zh-hans/china/local-government-debt-prefecture-level-city-outstanding/cn-local-government-debt-outstanding-special-liaoning-fushun,https://www.ceicdata.com/zh-hans/china/local-government-debt-prefecture-level-city-outstanding/cn-local-government-debt-outstanding-general-liaoning-fushun;https://www.ceicdata.com/zh-hans/china/local-government-debt-prefecture-level-city-outstanding/cn-local-government-debt-outstanding-special-liaoning-fushun,https://www.ceicdata.com/zh-hans/china/local-government-debt-prefecture-level-city-outstanding/cn-local-government-debt-outstanding-general-liaoning-fushun;https://www.ceicdata.com/zh-hans/china/local-government-debt-prefecture-level-city-outstanding/cn-local-government-debt-outstanding-special-liaoning-fushun,https://www.ceicdata.com/zh-hans/china/local-government-debt-prefecture-level-city-outstanding/cn-local-government-debt-outstanding-general-liaoning-fushun;https://www.ceicdata.com/zh-hans/china/local-government-debt-prefecture-level-city-outstanding/cn-local-government-debt-outstanding-special-liaoning-fushun,https://www.ceicdata.com/zh-hans/china/local-government-debt-prefecture-level-city-outstanding/cn-local-government-debt-outstanding-general-liaoning-fushun;https://www.ceicdata.com/zh-hans/china/local-government-debt-prefecture-level-city-outstanding/cn-local-government-debt-outstanding-special-liaoning-fushun,ceic_city_debt_2018_2025.csv,text/plain,2026-08-01,2026-08-01,2025-12-31,2026-08-01T00:00:00+08:00,7bb382054dcbd95f0cea41f20033223f22e041e72bf77d53604b4ecf6ac840a8,archive://national-prefecture-panel/raw/province_debt/secondary/ceic_city_debt_2018_2025.csv,internal_object,raw/province_debt/secondary/ceic_city_debt_2018_2025.csv,,D,200,公开页面已抓取,,商业聚合数据库公开页面；2018—2024 年值来自页面 SVG 图表，2025 年值来自页面元数据。仅作补缺线索和 provisional 暂存，必须回到财政厅、人大预算/决算或官方统计公报复核，不作为最终 A/B/C 级证据。
SRC-SECONDARY-CEIC-CN-210800,CEIC Data,商业数据库,CEIC 城市级地方政府债务余额公开页面：营口市,secondary_public_page,ceic_city_debt_2018_2025.csv,商业数据库城市债务页面,https://www.ceicdata.com/zh-hans/china/local-government-debt-prefecture-level-city-outstanding/cn-local-government-debt-outstanding-general-liaoning-yingkou;https://www.ceicdata.com/zh-hans/china/local-government-debt-prefecture-level-city-outstanding/cn-local-government-debt-outstanding-special-liaoning-yingkou,https://www.ceicdata.com/zh-hans/china/local-government-debt-prefecture-level-city-outstanding/cn-local-government-debt-outstanding-general-liaoning-yingkou;https://www.ceicdata.com/zh-hans/china/local-government-debt-prefecture-level-city-outstanding/cn-local-government-debt-outstanding-special-liaoning-yingkou,https://www.ceicdata.com/zh-hans/china/local-government-debt-prefecture-level-city-outstanding/cn-local-government-debt-outstanding-general-liaoning-yingkou;https://www.ceicdata.com/zh-hans/china/local-government-debt-prefecture-level-city-outstanding/cn-local-government-debt-outstanding-special-liaoning-yingkou,https://www.ceicdata.com/zh-hans/china/local-government-debt-prefecture-level-city-outstanding/cn-local-government-debt-outstanding-general-liaoning-yingkou;https://www.ceicdata.com/zh-hans/china/local-government-debt-prefecture-level-city-outstanding/cn-local-government-debt-outstanding-special-liaoning-yingkou,https://www.ceicdata.com/zh-hans/china/local-government-debt-prefecture-level-city-outstanding/cn-local-government-debt-outstanding-general-liaoning-yingkou;https://www.ceicdata.com/zh-hans/china/local-government-debt-prefecture-level-city-outstanding/cn-local-government-debt-outstanding-special-liaoning-yingkou,ceic_city_debt_2018_2025.csv,text/plain,2026-08-01,2026-08-01,2025-12-31,2026-08-01T00:00:00+08:00,7bb382054dcbd95f0cea41f20033223f22e041e72bf77d53604b4ecf6ac840a8,archive://national-prefecture-panel/raw/province_debt/secondary/ceic_city_debt_2018_2025.csv,internal_object,raw/province_debt/secondary/ceic_city_debt_2018_2025.csv,,D,200,公开页面已抓取,,商业聚合数据库公开页面；2018—2024 年值来自页面 SVG 图表，2025 年值来自页面元数据。仅作补缺线索和 provisional 暂存，必须回到财政厅、人大预算/决算或官方统计公报复核，不作为最终 A/B/C 级证据。
SRC-SECONDARY-CEIC-CN-210900,CEIC Data,商业数据库,CEIC 城市级地方政府债务余额公开页面：阜新市,secondary_public_page,ceic_city_debt_2018_2025.csv,商业数据库城市债务页面,https://www.ceicdata.com/zh-hans/china/local-government-debt-prefecture-level-city-outstanding/cn-local-government-debt-outstanding-general-liaoning-fuxin;https://www.ceicdata.com/zh-hans/china/local-government-debt-prefecture-level-city-outstanding/cn-local-government-debt-outstanding-special-liaoning-fuxin,https://www.ceicdata.com/zh-hans/china/local-government-debt-prefecture-level-city-outstanding/cn-local-government-debt-outstanding-general-liaoning-fuxin;https://www.ceicdata.com/zh-hans/china/local-government-debt-prefecture-level-city-outstanding/cn-local-government-debt-outstanding-special-liaoning-fuxin,https://www.ceicdata.com/zh-hans/china/local-government-debt-prefecture-level-city-outstanding/cn-local-government-debt-outstanding-general-liaoning-fuxin;https://www.ceicdata.com/zh-hans/china/local-government-debt-prefecture-level-city-outstanding/cn-local-government-debt-outstanding-special-liaoning-fuxin,https://www.ceicdata.com/zh-hans/china/local-government-debt-prefecture-level-city-outstanding/cn-local-government-debt-outstanding-general-liaoning-fuxin;https://www.ceicdata.com/zh-hans/china/local-government-debt-prefecture-level-city-outstanding/cn-local-government-debt-outstanding-special-liaoning-fuxin,https://www.ceicdata.com/zh-hans/china/local-government-debt-prefecture-level-city-outstanding/cn-local-government-debt-outstanding-general-liaoning-fuxin;https://www.ceicdata.com/zh-hans/china/local-government-debt-prefecture-level-city-outstanding/cn-local-government-debt-outstanding-special-liaoning-fuxin,ceic_city_debt_2018_2025.csv,text/plain,2026-08-01,2026-08-01,2025-12-31,2026-08-01T00:00:00+08:00,7bb382054dcbd95f0cea41f20033223f22e041e72bf77d53604b4ecf6ac840a8,archive://national-prefecture-panel/raw/province_debt/secondary/ceic_city_debt_2018_2025.csv,internal_object,raw/province_debt/secondary/ceic_city_debt_2018_2025.csv,,D,200,公开页面已抓取,,商业聚合数据库公开页面；2018—2024 年值来自页面 SVG 图表，2025 年值来自页面元数据。仅作补缺线索和 provisional 暂存，必须回到财政厅、人大预算/决算或官方统计公报复核，不作为最终 A/B/C 级证据。
SRC-SECONDARY-CEIC-CN-211000,CEIC Data,商业数据库,CEIC 城市级地方政府债务余额公开页面：辽阳市,secondary_public_page,ceic_city_debt_2018_2025.csv,商业数据库城市债务页面,https://www.ceicdata.com/zh-hans/china/local-government-debt-prefecture-level-city-outstanding/cn-local-government-debt-outstanding-general-liaoning-liaoyang;https://www.ceicdata.com/zh-hans/china/local-government-debt-prefecture-level-city-outstanding/cn-local-government-debt-outstanding-special-liaoning-liaoyang,https://www.ceicdata.com/zh-hans/china/local-government-debt-prefecture-level-city-outstanding/cn-local-government-debt-outstanding-general-liaoning-liaoyang;https://www.ceicdata.com/zh-hans/china/local-government-debt-prefecture-level-city-outstanding/cn-local-government-debt-outstanding-special-liaoning-liaoyang,https://www.ceicdata.com/zh-hans/china/local-government-debt-prefecture-level-city-outstanding/cn-local-government-debt-outstanding-general-liaoning-liaoyang;https://www.ceicdata.com/zh-hans/china/local-government-debt-prefecture-level-city-outstanding/cn-local-government-debt-outstanding-special-liaoning-liaoyang,https://www.ceicdata.com/zh-hans/china/local-government-debt-prefecture-level-city-outstanding/cn-local-government-debt-outstanding-general-liaoning-liaoyang;https://www.ceicdata.com/zh-hans/china/local-government-debt-prefecture-level-city-outstanding/cn-local-government-debt-outstanding-special-liaoning-liaoyang,https://www.ceicdata.com/zh-hans/china/local-government-debt-prefecture-level-city-outstanding/cn-local-government-debt-outstanding-general-liaoning-liaoyang;https://www.ceicdata.com/zh-hans/china/local-government-debt-prefecture-level-city-outstanding/cn-local-government-debt-outstanding-special-liaoning-liaoyang,ceic_city_debt_2018_2025.csv,text/plain,2026-08-01,2026-08-01,2025-12-31,2026-08-01T00:00:00+08:00,7bb382054dcbd95f0cea41f20033223f22e041e72bf77d53604b4ecf6ac840a8,archive://national-prefecture-panel/raw/province_debt/secondary/ceic_city_debt_2018_2025.csv,internal_object,raw/province_debt/secondary/ceic_city_debt_2018_2025.csv,,D,200,公开页面已抓取,,商业聚合数据库公开页面；2018—2024 年值来自页面 SVG 图表，2025 年值来自页面元数据。仅作补缺线索和 provisional 暂存，必须回到财政厅、人大预算/决算或官方统计公报复核，不作为最终 A/B/C 级证据。
SRC-SECONDARY-CEIC-CN-211300,CEIC Data,商业数据库,CEIC 城市级地方政府债务余额公开页面：朝阳市,secondary_public_page,ceic_city_debt_2018_2025.csv,商业数据库城市债务页面,https://www.ceicdata.com/zh-hans/china/local-government-debt-prefecture-level-city-outstanding/cn-local-government-debt-outstanding-general-liaoning-chaoyang;https://www.ceicdata.com/zh-hans/china/local-government-debt-prefecture-level-city-outstanding/cn-local-government-debt-outstanding-special-liaoning-chaoyang,https://www.ceicdata.com/zh-hans/china/local-government-debt-prefecture-level-city-outstanding/cn-local-government-debt-outstanding-general-liaoning-chaoyang;https://www.ceicdata.com/zh-hans/china/local-government-debt-prefecture-level-city-outstanding/cn-local-government-debt-outstanding-special-liaoning-chaoyang,https://www.ceicdata.com/zh-hans/china/local-government-debt-prefecture-level-city-outstanding/cn-local-government-debt-outstanding-general-liaoning-chaoyang;https://www.ceicdata.com/zh-hans/china/local-government-debt-prefecture-level-city-outstanding/cn-local-government-debt-outstanding-special-liaoning-chaoyang,https://www.ceicdata.com/zh-hans/china/local-government-debt-prefecture-level-city-outstanding/cn-local-government-debt-outstanding-general-liaoning-chaoyang;https://www.ceicdata.com/zh-hans/china/local-government-debt-prefecture-level-city-outstanding/cn-local-government-debt-outstanding-special-liaoning-chaoyang,https://www.ceicdata.com/zh-hans/china/local-government-debt-prefecture-level-city-outstanding/cn-local-government-debt-outstanding-general-liaoning-chaoyang;https://www.ceicdata.com/zh-hans/china/local-government-debt-prefecture-level-city-outstanding/cn-local-government-debt-outstanding-special-liaoning-chaoyang,ceic_city_debt_2018_2025.csv,text/plain,2026-08-01,2026-08-01,2025-12-31,2026-08-01T00:00:00+08:00,7bb382054dcbd95f0cea41f20033223f22e041e72bf77d53604b4ecf6ac840a8,archive://national-prefecture-panel/raw/province_debt/secondary/ceic_city_debt_2018_2025.csv,internal_object,raw/province_debt/secondary/ceic_city_debt_2018_2025.csv,,D,200,公开页面已抓取,,商业聚合数据库公开页面；2018—2024 年值来自页面 SVG 图表，2025 年值来自页面元数据。仅作补缺线索和 provisional 暂存，必须回到财政厅、人大预算/决算或官方统计公报复核，不作为最终 A/B/C 级证据。
SRC-SECONDARY-CEIC-CN-211400,CEIC Data,商业数据库,CEIC 城市级地方政府债务余额公开页面：葫芦岛市,secondary_public_page,ceic_city_debt_2018_2025.csv,商业数据库城市债务页面,https://www.ceicdata.com/zh-hans/china/local-government-debt-prefecture-level-city-outstanding/cn-local-government-debt-outstanding-general-liaoning-huludao;https://www.ceicdata.com/zh-hans/china/local-government-debt-prefecture-level-city-outstanding/cn-local-government-debt-outstanding-special-liaoning-huludao,https://www.ceicdata.com/zh-hans/china/local-government-debt-prefecture-level-city-outstanding/cn-local-government-debt-outstanding-general-liaoning-huludao;https://www.ceicdata.com/zh-hans/china/local-government-debt-prefecture-level-city-outstanding/cn-local-government-debt-outstanding-special-liaoning-huludao,https://www.ceicdata.com/zh-hans/china/local-government-debt-prefecture-level-city-outstanding/cn-local-government-debt-outstanding-general-liaoning-huludao;https://www.ceicdata.com/zh-hans/china/local-government-debt-prefecture-level-city-outstanding/cn-local-government-debt-outstanding-special-liaoning-huludao,https://www.ceicdata.com/zh-hans/china/local-government-debt-prefecture-level-city-outstanding/cn-local-government-debt-outstanding-general-liaoning-huludao;https://www.ceicdata.com/zh-hans/china/local-government-debt-prefecture-level-city-outstanding/cn-local-government-debt-outstanding-special-liaoning-huludao,https://www.ceicdata.com/zh-hans/china/local-government-debt-prefecture-level-city-outstanding/cn-local-government-debt-outstanding-general-liaoning-huludao;https://www.ceicdata.com/zh-hans/china/local-government-debt-prefecture-level-city-outstanding/cn-local-government-debt-outstanding-special-liaoning-huludao,ceic_city_debt_2018_2025.csv,text/plain,2026-08-01,2026-08-01,2025-12-31,2026-08-01T00:00:00+08:00,7bb382054dcbd95f0cea41f20033223f22e041e72bf77d53604b4ecf6ac840a8,archive://national-prefecture-panel/raw/province_debt/secondary/ceic_city_debt_2018_2025.csv,internal_object,raw/province_debt/secondary/ceic_city_debt_2018_2025.csv,,D,200,公开页面已抓取,,商业聚合数据库公开页面；2018—2024 年值来自页面 SVG 图表，2025 年值来自页面元数据。仅作补缺线索和 provisional 暂存，必须回到财政厅、人大预算/决算或官方统计公报复核，不作为最终 A/B/C 级证据。
SRC-SECONDARY-CEIC-CN-220100,CEIC Data,商业数据库,CEIC 城市级地方政府债务余额公开页面：长春市,secondary_public_page,ceic_city_debt_2018_2025.csv,商业数据库城市债务页面,https://www.ceicdata.com/zh-hans/china/local-government-debt-prefecture-level-city-outstanding/cn-local-government-debt-outstanding-jilin-changchun,https://www.ceicdata.com/zh-hans/china/local-government-debt-prefecture-level-city-outstanding/cn-local-government-debt-outstanding-jilin-changchun,https://www.ceicdata.com/zh-hans/china/local-government-debt-prefecture-level-city-outstanding/cn-local-government-debt-outstanding-jilin-changchun,https://www.ceicdata.com/zh-hans/china/local-government-debt-prefecture-level-city-outstanding/cn-local-government-debt-outstanding-jilin-changchun,https://www.ceicdata.com/zh-hans/china/local-government-debt-prefecture-level-city-outstanding/cn-local-government-debt-outstanding-jilin-changchun,ceic_city_debt_2018_2025.csv,text/plain,2026-08-01,2026-08-01,2025-12-31,2026-08-01T00:00:00+08:00,7bb382054dcbd95f0cea41f20033223f22e041e72bf77d53604b4ecf6ac840a8,archive://national-prefecture-panel/raw/province_debt/secondary/ceic_city_debt_2018_2025.csv,internal_object,raw/province_debt/secondary/ceic_city_debt_2018_2025.csv,,D,200,公开页面已抓取,,商业聚合数据库公开页面；2018—2024 年值来自页面 SVG 图表，2025 年值来自页面元数据。仅作补缺线索和 provisional 暂存，必须回到财政厅、人大预算/决算或官方统计公报复核，不作为最终 A/B/C 级证据。
SRC-SECONDARY-CEIC-CN-230100,CEIC Data,商业数据库,CEIC 城市级地方政府债务余额公开页面：哈尔滨市,secondary_public_page,ceic_city_debt_2018_2025.csv,商业数据库城市债务页面,https://www.ceicdata.com/zh-hans/china/local-government-debt-prefecture-level-city-outstanding/cn-local-government-debt-outstanding-heilongjiang-harbin,https://www.ceicdata.com/zh-hans/china/local-government-debt-prefecture-level-city-outstanding/cn-local-government-debt-outstanding-heilongjiang-harbin,https://www.ceicdata.com/zh-hans/china/local-government-debt-prefecture-level-city-outstanding/cn-local-government-debt-outstanding-heilongjiang-harbin,https://www.ceicdata.com/zh-hans/china/local-government-debt-prefecture-level-city-outstanding/cn-local-government-debt-outstanding-heilongjiang-harbin,https://www.ceicdata.com/zh-hans/china/local-government-debt-prefecture-level-city-outstanding/cn-local-government-debt-outstanding-heilongjiang-harbin,ceic_city_debt_2018_2025.csv,text/plain,2026-08-01,2026-08-01,2025-12-31,2026-08-01T00:00:00+08:00,7bb382054dcbd95f0cea41f20033223f22e041e72bf77d53604b4ecf6ac840a8,archive://national-prefecture-panel/raw/province_debt/secondary/ceic_city_debt_2018_2025.csv,internal_object,raw/province_debt/secondary/ceic_city_debt_2018_2025.csv,,D,200,公开页面已抓取,,商业聚合数据库公开页面；2018—2024 年值来自页面 SVG 图表，2025 年值来自页面元数据。仅作补缺线索和 provisional 暂存，必须回到财政厅、人大预算/决算或官方统计公报复核，不作为最终 A/B/C 级证据。
SRC-SECONDARY-CEIC-CN-230600,CEIC Data,商业数据库,CEIC 城市级地方政府债务余额公开页面：大庆市,secondary_public_page,ceic_city_debt_2018_2025.csv,商业数据库城市债务页面,https://www.ceicdata.com/zh-hans/china/local-government-debt-prefecture-level-city-outstanding/cn-local-government-debt-outstanding-general-heilongjiang-daqing;https://www.ceicdata.com/zh-hans/china/local-government-debt-prefecture-level-city-outstanding/cn-local-government-debt-outstanding-special-heilongjiang-daqing,https://www.ceicdata.com/zh-hans/china/local-government-debt-prefecture-level-city-outstanding/cn-local-government-debt-outstanding-general-heilongjiang-daqing;https://www.ceicdata.com/zh-hans/china/local-government-debt-prefecture-level-city-outstanding/cn-local-government-debt-outstanding-special-heilongjiang-daqing,https://www.ceicdata.com/zh-hans/china/local-government-debt-prefecture-level-city-outstanding/cn-local-government-debt-outstanding-general-heilongjiang-daqing;https://www.ceicdata.com/zh-hans/china/local-government-debt-prefecture-level-city-outstanding/cn-local-government-debt-outstanding-special-heilongjiang-daqing,https://www.ceicdata.com/zh-hans/china/local-government-debt-prefecture-level-city-outstanding/cn-local-government-debt-outstanding-general-heilongjiang-daqing;https://www.ceicdata.com/zh-hans/china/local-government-debt-prefecture-level-city-outstanding/cn-local-government-debt-outstanding-special-heilongjiang-daqing,https://www.ceicdata.com/zh-hans/china/local-government-debt-prefecture-level-city-outstanding/cn-local-government-debt-outstanding-general-heilongjiang-daqing;https://www.ceicdata.com/zh-hans/china/local-government-debt-prefecture-level-city-outstanding/cn-local-government-debt-outstanding-special-heilongjiang-daqing,ceic_city_debt_2018_2025.csv,text/plain,2026-08-01,2026-08-01,2025-12-31,2026-08-01T00:00:00+08:00,7bb382054dcbd95f0cea41f20033223f22e041e72bf77d53604b4ecf6ac840a8,archive://national-prefecture-panel/raw/province_debt/secondary/ceic_city_debt_2018_2025.csv,internal_object,raw/province_debt/secondary/ceic_city_debt_2018_2025.csv,,D,200,公开页面已抓取,,商业聚合数据库公开页面；2018—2024 年值来自页面 SVG 图表，2025 年值来自页面元数据。仅作补缺线索和 provisional 暂存，必须回到财政厅、人大预算/决算或官方统计公报复核，不作为最终 A/B/C 级证据。
SRC-SECONDARY-CEIC-CN-230700,CEIC Data,商业数据库,CEIC 城市级地方政府债务余额公开页面：伊春市,secondary_public_page,ceic_city_debt_2018_2025.csv,商业数据库城市债务页面,https://www.ceicdata.com/zh-hans/china/local-government-debt-prefecture-level-city-outstanding/cn-local-government-debt-outstanding-heilongjiang-yichun,https://www.ceicdata.com/zh-hans/china/local-government-debt-prefecture-level-city-outstanding/cn-local-government-debt-outstanding-heilongjiang-yichun,https://www.ceicdata.com/zh-hans/china/local-government-debt-prefecture-level-city-outstanding/cn-local-government-debt-outstanding-heilongjiang-yichun,https://www.ceicdata.com/zh-hans/china/local-government-debt-prefecture-level-city-outstanding/cn-local-government-debt-outstanding-heilongjiang-yichun,https://www.ceicdata.com/zh-hans/china/local-government-debt-prefecture-level-city-outstanding/cn-local-government-debt-outstanding-heilongjiang-yichun,ceic_city_debt_2018_2025.csv,text/plain,2026-08-01,2026-08-01,2025-12-31,2026-08-01T00:00:00+08:00,7bb382054dcbd95f0cea41f20033223f22e041e72bf77d53604b4ecf6ac840a8,archive://national-prefecture-panel/raw/province_debt/secondary/ceic_city_debt_2018_2025.csv,internal_object,raw/province_debt/secondary/ceic_city_debt_2018_2025.csv,,D,200,公开页面已抓取,,商业聚合数据库公开页面；2018—2024 年值来自页面 SVG 图表，2025 年值来自页面元数据。仅作补缺线索和 provisional 暂存，必须回到财政厅、人大预算/决算或官方统计公报复核，不作为最终 A/B/C 级证据。
SRC-SECONDARY-CEIC-CN-230800,CEIC Data,商业数据库,CEIC 城市级地方政府债务余额公开页面：佳木斯市,secondary_public_page,ceic_city_debt_2018_2025.csv,商业数据库城市债务页面,https://www.ceicdata.com/zh-hans/china/local-government-debt-prefecture-level-city-outstanding/cn-local-government-debt-outstanding-heilongjiang-jiamusi,https://www.ceicdata.com/zh-hans/china/local-government-debt-prefecture-level-city-outstanding/cn-local-government-debt-outstanding-heilongjiang-jiamusi,https://www.ceicdata.com/zh-hans/china/local-government-debt-prefecture-level-city-outstanding/cn-local-government-debt-outstanding-heilongjiang-jiamusi,https://www.ceicdata.com/zh-hans/china/local-government-debt-prefecture-level-city-outstanding/cn-local-government-debt-outstanding-heilongjiang-jiamusi,https://www.ceicdata.com/zh-hans/china/local-government-debt-prefecture-level-city-outstanding/cn-local-government-debt-outstanding-heilongjiang-jiamusi,ceic_city_debt_2018_2025.csv,text/plain,2026-08-01,2026-08-01,2025-12-31,2026-08-01T00:00:00+08:00,7bb382054dcbd95f0cea41f20033223f22e041e72bf77d53604b4ecf6ac840a8,archive://national-prefecture-panel/raw/province_debt/secondary/ceic_city_debt_2018_2025.csv,internal_object,raw/province_debt/secondary/ceic_city_debt_2018_2025.csv,,D,200,公开页面已抓取,,商业聚合数据库公开页面；2018—2024 年值来自页面 SVG 图表，2025 年值来自页面元数据。仅作补缺线索和 provisional 暂存，必须回到财政厅、人大预算/决算或官方统计公报复核，不作为最终 A/B/C 级证据。
SRC-SECONDARY-CEIC-CN-230900,CEIC Data,商业数据库,CEIC 城市级地方政府债务余额公开页面：七台河市,secondary_public_page,ceic_city_debt_2018_2025.csv,商业数据库城市债务页面,https://www.ceicdata.com/zh-hans/china/local-government-debt-prefecture-level-city-outstanding/cn-local-government-debt-outstanding-heilongjiang-qitaihe,https://www.ceicdata.com/zh-hans/china/local-government-debt-prefecture-level-city-outstanding/cn-local-government-debt-outstanding-heilongjiang-qitaihe,https://www.ceicdata.com/zh-hans/china/local-government-debt-prefecture-level-city-outstanding/cn-local-government-debt-outstanding-heilongjiang-qitaihe,https://www.ceicdata.com/zh-hans/china/local-government-debt-prefecture-level-city-outstanding/cn-local-government-debt-outstanding-heilongjiang-qitaihe,https://www.ceicdata.com/zh-hans/china/local-government-debt-prefecture-level-city-outstanding/cn-local-government-debt-outstanding-heilongjiang-qitaihe,ceic_city_debt_2018_2025.csv,text/plain,2026-08-01,2026-08-01,2025-12-31,2026-08-01T00:00:00+08:00,7bb382054dcbd95f0cea41f20033223f22e041e72bf77d53604b4ecf6ac840a8,archive://national-prefecture-panel/raw/province_debt/secondary/ceic_city_debt_2018_2025.csv,internal_object,raw/province_debt/secondary/ceic_city_debt_2018_2025.csv,,D,200,公开页面已抓取,,商业聚合数据库公开页面；2018—2024 年值来自页面 SVG 图表，2025 年值来自页面元数据。仅作补缺线索和 provisional 暂存，必须回到财政厅、人大预算/决算或官方统计公报复核，不作为最终 A/B/C 级证据。
SRC-SECONDARY-CEIC-CN-231000,CEIC Data,商业数据库,CEIC 城市级地方政府债务余额公开页面：牡丹江市,secondary_public_page,ceic_city_debt_2018_2025.csv,商业数据库城市债务页面,https://www.ceicdata.com/zh-hans/china/local-government-debt-prefecture-level-city-outstanding/cn-local-government-debt-outstanding-heilongjiang-mudanjiang,https://www.ceicdata.com/zh-hans/china/local-government-debt-prefecture-level-city-outstanding/cn-local-government-debt-outstanding-heilongjiang-mudanjiang,https://www.ceicdata.com/zh-hans/china/local-government-debt-prefecture-level-city-outstanding/cn-local-government-debt-outstanding-heilongjiang-mudanjiang,https://www.ceicdata.com/zh-hans/china/local-government-debt-prefecture-level-city-outstanding/cn-local-government-debt-outstanding-heilongjiang-mudanjiang,https://www.ceicdata.com/zh-hans/china/local-government-debt-prefecture-level-city-outstanding/cn-local-government-debt-outstanding-heilongjiang-mudanjiang,ceic_city_debt_2018_2025.csv,text/plain,2026-08-01,2026-08-01,2025-12-31,2026-08-01T00:00:00+08:00,7bb382054dcbd95f0cea41f20033223f22e041e72bf77d53604b4ecf6ac840a8,archive://national-prefecture-panel/raw/province_debt/secondary/ceic_city_debt_2018_2025.csv,internal_object,raw/province_debt/secondary/ceic_city_debt_2018_2025.csv,,D,200,公开页面已抓取,,商业聚合数据库公开页面；2018—2024 年值来自页面 SVG 图表，2025 年值来自页面元数据。仅作补缺线索和 provisional 暂存，必须回到财政厅、人大预算/决算或官方统计公报复核，不作为最终 A/B/C 级证据。
SRC-SECONDARY-CEIC-CN-231100,CEIC Data,商业数据库,CEIC 城市级地方政府债务余额公开页面：黑河市,secondary_public_page,ceic_city_debt_2018_2025.csv,商业数据库城市债务页面,https://www.ceicdata.com/zh-hans/china/local-government-debt-prefecture-level-city-outstanding/cn-local-government-debt-outstanding-heilongjiang-heihe,https://www.ceicdata.com/zh-hans/china/local-government-debt-prefecture-level-city-outstanding/cn-local-government-debt-outstanding-heilongjiang-heihe,https://www.ceicdata.com/zh-hans/china/local-government-debt-prefecture-level-city-outstanding/cn-local-government-debt-outstanding-heilongjiang-heihe,https://www.ceicdata.com/zh-hans/china/local-government-debt-prefecture-level-city-outstanding/cn-local-government-debt-outstanding-heilongjiang-heihe,https://www.ceicdata.com/zh-hans/china/local-government-debt-prefecture-level-city-outstanding/cn-local-government-debt-outstanding-heilongjiang-heihe,ceic_city_debt_2018_2025.csv,text/plain,2026-08-01,2026-08-01,2025-12-31,2026-08-01T00:00:00+08:00,7bb382054dcbd95f0cea41f20033223f22e041e72bf77d53604b4ecf6ac840a8,archive://national-prefecture-panel/raw/province_debt/secondary/ceic_city_debt_2018_2025.csv,internal_object,raw/province_debt/secondary/ceic_city_debt_2018_2025.csv,,D,200,公开页面已抓取,,商业聚合数据库公开页面；2018—2024 年值来自页面 SVG 图表，2025 年值来自页面元数据。仅作补缺线索和 provisional 暂存，必须回到财政厅、人大预算/决算或官方统计公报复核，不作为最终 A/B/C 级证据。
SRC-SECONDARY-CEIC-CN-231200,CEIC Data,商业数据库,CEIC 城市级地方政府债务余额公开页面：绥化市,secondary_public_page,ceic_city_debt_2018_2025.csv,商业数据库城市债务页面,https://www.ceicdata.com/zh-hans/china/local-government-debt-prefecture-level-city-outstanding/cn-local-government-debt-outstanding-heilongjiang-suihua,https://www.ceicdata.com/zh-hans/china/local-government-debt-prefecture-level-city-outstanding/cn-local-government-debt-outstanding-heilongjiang-suihua,https://www.ceicdata.com/zh-hans/china/local-government-debt-prefecture-level-city-outstanding/cn-local-government-debt-outstanding-heilongjiang-suihua,https://www.ceicdata.com/zh-hans/china/local-government-debt-prefecture-level-city-outstanding/cn-local-government-debt-outstanding-heilongjiang-suihua,https://www.ceicdata.com/zh-hans/china/local-government-debt-prefecture-level-city-outstanding/cn-local-government-debt-outstanding-heilongjiang-suihua,ceic_city_debt_2018_2025.csv,text/plain,2026-08-01,2026-08-01,2025-12-31,2026-08-01T00:00:00+08:00,7bb382054dcbd95f0cea41f20033223f22e041e72bf77d53604b4ecf6ac840a8,archive://national-prefecture-panel/raw/province_debt/secondary/ceic_city_debt_2018_2025.csv,internal_object,raw/province_debt/secondary/ceic_city_debt_2018_2025.csv,,D,200,公开页面已抓取,,商业聚合数据库公开页面；2018—2024 年值来自页面 SVG 图表，2025 年值来自页面元数据。仅作补缺线索和 provisional 暂存，必须回到财政厅、人大预算/决算或官方统计公报复核，不作为最终 A/B/C 级证据。
SRC-SECONDARY-CEIC-CN-320100,CEIC Data,商业数据库,CEIC 城市级地方政府债务余额公开页面：南京市,secondary_public_page,ceic_city_debt_2018_2025.csv,商业数据库城市债务页面,https://www.ceicdata.com/zh-hans/china/local-government-debt-prefecture-level-city-outstanding/cn-local-government-debt-outstanding-jiangsu-nanjing,https://www.ceicdata.com/zh-hans/china/local-government-debt-prefecture-level-city-outstanding/cn-local-government-debt-outstanding-jiangsu-nanjing,https://www.ceicdata.com/zh-hans/china/local-government-debt-prefecture-level-city-outstanding/cn-local-government-debt-outstanding-jiangsu-nanjing,https://www.ceicdata.com/zh-hans/china/local-government-debt-prefecture-level-city-outstanding/cn-local-government-debt-outstanding-jiangsu-nanjing,https://www.ceicdata.com/zh-hans/china/local-government-debt-prefecture-level-city-outstanding/cn-local-government-debt-outstanding-jiangsu-nanjing,ceic_city_debt_2018_2025.csv,text/plain,2026-08-01,2026-08-01,2025-12-31,2026-08-01T00:00:00+08:00,7bb382054dcbd95f0cea41f20033223f22e041e72bf77d53604b4ecf6ac840a8,archive://national-prefecture-panel/raw/province_debt/secondary/ceic_city_debt_2018_2025.csv,internal_object,raw/province_debt/secondary/ceic_city_debt_2018_2025.csv,,D,200,公开页面已抓取,,商业聚合数据库公开页面；2018—2024 年值来自页面 SVG 图表，2025 年值来自页面元数据。仅作补缺线索和 provisional 暂存，必须回到财政厅、人大预算/决算或官方统计公报复核，不作为最终 A/B/C 级证据。
SRC-SECONDARY-CEIC-CN-320200,CEIC Data,商业数据库,CEIC 城市级地方政府债务余额公开页面：无锡市,secondary_public_page,ceic_city_debt_2018_2025.csv,商业数据库城市债务页面,https://www.ceicdata.com/zh-hans/china/local-government-debt-prefecture-level-city-outstanding/cn-local-government-debt-outstanding-jiangsu-wuxi,https://www.ceicdata.com/zh-hans/china/local-government-debt-prefecture-level-city-outstanding/cn-local-government-debt-outstanding-jiangsu-wuxi,https://www.ceicdata.com/zh-hans/china/local-government-debt-prefecture-level-city-outstanding/cn-local-government-debt-outstanding-jiangsu-wuxi,https://www.ceicdata.com/zh-hans/china/local-government-debt-prefecture-level-city-outstanding/cn-local-government-debt-outstanding-jiangsu-wuxi,https://www.ceicdata.com/zh-hans/china/local-government-debt-prefecture-level-city-outstanding/cn-local-government-debt-outstanding-jiangsu-wuxi,ceic_city_debt_2018_2025.csv,text/plain,2026-08-01,2026-08-01,2025-12-31,2026-08-01T00:00:00+08:00,7bb382054dcbd95f0cea41f20033223f22e041e72bf77d53604b4ecf6ac840a8,archive://national-prefecture-panel/raw/province_debt/secondary/ceic_city_debt_2018_2025.csv,internal_object,raw/province_debt/secondary/ceic_city_debt_2018_2025.csv,,D,200,公开页面已抓取,,商业聚合数据库公开页面；2018—2024 年值来自页面 SVG 图表，2025 年值来自页面元数据。仅作补缺线索和 provisional 暂存，必须回到财政厅、人大预算/决算或官方统计公报复核，不作为最终 A/B/C 级证据。
SRC-SECONDARY-CEIC-CN-320300,CEIC Data,商业数据库,CEIC 城市级地方政府债务余额公开页面：徐州市,secondary_public_page,ceic_city_debt_2018_2025.csv,商业数据库城市债务页面,https://www.ceicdata.com/zh-hans/china/local-government-debt-prefecture-level-city-outstanding/cn-local-government-debt-outstanding-jiangsu-xuzhou,https://www.ceicdata.com/zh-hans/china/local-government-debt-prefecture-level-city-outstanding/cn-local-government-debt-outstanding-jiangsu-xuzhou,https://www.ceicdata.com/zh-hans/china/local-government-debt-prefecture-level-city-outstanding/cn-local-government-debt-outstanding-jiangsu-xuzhou,https://www.ceicdata.com/zh-hans/china/local-government-debt-prefecture-level-city-outstanding/cn-local-government-debt-outstanding-jiangsu-xuzhou,https://www.ceicdata.com/zh-hans/china/local-government-debt-prefecture-level-city-outstanding/cn-local-government-debt-outstanding-jiangsu-xuzhou,ceic_city_debt_2018_2025.csv,text/plain,2026-08-01,2026-08-01,2025-12-31,2026-08-01T00:00:00+08:00,7bb382054dcbd95f0cea41f20033223f22e041e72bf77d53604b4ecf6ac840a8,archive://national-prefecture-panel/raw/province_debt/secondary/ceic_city_debt_2018_2025.csv,internal_object,raw/province_debt/secondary/ceic_city_debt_2018_2025.csv,,D,200,公开页面已抓取,,商业聚合数据库公开页面；2018—2024 年值来自页面 SVG 图表，2025 年值来自页面元数据。仅作补缺线索和 provisional 暂存，必须回到财政厅、人大预算/决算或官方统计公报复核，不作为最终 A/B/C 级证据。
SRC-SECONDARY-CEIC-CN-320500,CEIC Data,商业数据库,CEIC 城市级地方政府债务余额公开页面：苏州市,secondary_public_page,ceic_city_debt_2018_2025.csv,商业数据库城市债务页面,https://www.ceicdata.com/zh-hans/china/local-government-debt-prefecture-level-city-outstanding/cn-local-government-debt-outstanding-jiangsu-suzhou,https://www.ceicdata.com/zh-hans/china/local-government-debt-prefecture-level-city-outstanding/cn-local-government-debt-outstanding-jiangsu-suzhou,https://www.ceicdata.com/zh-hans/china/local-government-debt-prefecture-level-city-outstanding/cn-local-government-debt-outstanding-jiangsu-suzhou,https://www.ceicdata.com/zh-hans/china/local-government-debt-prefecture-level-city-outstanding/cn-local-government-debt-outstanding-jiangsu-suzhou,https://www.ceicdata.com/zh-hans/china/local-government-debt-prefecture-level-city-outstanding/cn-local-government-debt-outstanding-jiangsu-suzhou,ceic_city_debt_2018_2025.csv,text/plain,2026-08-01,2026-08-01,2025-12-31,2026-08-01T00:00:00+08:00,7bb382054dcbd95f0cea41f20033223f22e041e72bf77d53604b4ecf6ac840a8,archive://national-prefecture-panel/raw/province_debt/secondary/ceic_city_debt_2018_2025.csv,internal_object,raw/province_debt/secondary/ceic_city_debt_2018_2025.csv,,D,200,公开页面已抓取,,商业聚合数据库公开页面；2018—2024 年值来自页面 SVG 图表，2025 年值来自页面元数据。仅作补缺线索和 provisional 暂存，必须回到财政厅、人大预算/决算或官方统计公报复核，不作为最终 A/B/C 级证据。
SRC-SECONDARY-CEIC-CN-320700,CEIC Data,商业数据库,CEIC 城市级地方政府债务余额公开页面：连云港市,secondary_public_page,ceic_city_debt_2018_2025.csv,商业数据库城市债务页面,https://www.ceicdata.com/zh-hans/china/local-government-debt-prefecture-level-city-outstanding/cn-local-government-debt-outstanding-jiangsu-lianyungang,https://www.ceicdata.com/zh-hans/china/local-government-debt-prefecture-level-city-outstanding/cn-local-government-debt-outstanding-jiangsu-lianyungang,https://www.ceicdata.com/zh-hans/china/local-government-debt-prefecture-level-city-outstanding/cn-local-government-debt-outstanding-jiangsu-lianyungang,https://www.ceicdata.com/zh-hans/china/local-government-debt-prefecture-level-city-outstanding/cn-local-government-debt-outstanding-jiangsu-lianyungang,https://www.ceicdata.com/zh-hans/china/local-government-debt-prefecture-level-city-outstanding/cn-local-government-debt-outstanding-jiangsu-lianyungang,ceic_city_debt_2018_2025.csv,text/plain,2026-08-01,2026-08-01,2025-12-31,2026-08-01T00:00:00+08:00,7bb382054dcbd95f0cea41f20033223f22e041e72bf77d53604b4ecf6ac840a8,archive://national-prefecture-panel/raw/province_debt/secondary/ceic_city_debt_2018_2025.csv,internal_object,raw/province_debt/secondary/ceic_city_debt_2018_2025.csv,,D,200,公开页面已抓取,,商业聚合数据库公开页面；2018—2024 年值来自页面 SVG 图表，2025 年值来自页面元数据。仅作补缺线索和 provisional 暂存，必须回到财政厅、人大预算/决算或官方统计公报复核，不作为最终 A/B/C 级证据。
SRC-SECONDARY-CEIC-CN-321000,CEIC Data,商业数据库,CEIC 城市级地方政府债务余额公开页面：扬州市,secondary_public_page,ceic_city_debt_2018_2025.csv,商业数据库城市债务页面,https://www.ceicdata.com/zh-hans/china/local-government-debt-prefecture-level-city-outstanding/cn-local-government-debt-outstanding-jiangsu-yangzhou,https://www.ceicdata.com/zh-hans/china/local-government-debt-prefecture-level-city-outstanding/cn-local-government-debt-outstanding-jiangsu-yangzhou,https://www.ceicdata.com/zh-hans/china/local-government-debt-prefecture-level-city-outstanding/cn-local-government-debt-outstanding-jiangsu-yangzhou,https://www.ceicdata.com/zh-hans/china/local-government-debt-prefecture-level-city-outstanding/cn-local-government-debt-outstanding-jiangsu-yangzhou,https://www.ceicdata.com/zh-hans/china/local-government-debt-prefecture-level-city-outstanding/cn-local-government-debt-outstanding-jiangsu-yangzhou,ceic_city_debt_2018_2025.csv,text/plain,2026-08-01,2026-08-01,2025-12-31,2026-08-01T00:00:00+08:00,7bb382054dcbd95f0cea41f20033223f22e041e72bf77d53604b4ecf6ac840a8,archive://national-prefecture-panel/raw/province_debt/secondary/ceic_city_debt_2018_2025.csv,internal_object,raw/province_debt/secondary/ceic_city_debt_2018_2025.csv,,D,200,公开页面已抓取,,商业聚合数据库公开页面；2018—2024 年值来自页面 SVG 图表，2025 年值来自页面元数据。仅作补缺线索和 provisional 暂存，必须回到财政厅、人大预算/决算或官方统计公报复核，不作为最终 A/B/C 级证据。
SRC-SECONDARY-CEIC-CN-330100,CEIC Data,商业数据库,CEIC 城市级地方政府债务余额公开页面：杭州市,secondary_public_page,ceic_city_debt_2018_2025.csv,商业数据库城市债务页面,https://www.ceicdata.com/zh-hans/china/local-government-debt-prefecture-level-city-outstanding/cn-local-government-debt-outstanding-general-zhejiang-hangzhou;https://www.ceicdata.com/zh-hans/china/local-government-debt-prefecture-level-city-outstanding/cn-local-government-debt-outstanding-special-zhejiang-hangzhou,https://www.ceicdata.com/zh-hans/china/local-government-debt-prefecture-level-city-outstanding/cn-local-government-debt-outstanding-general-zhejiang-hangzhou;https://www.ceicdata.com/zh-hans/china/local-government-debt-prefecture-level-city-outstanding/cn-local-government-debt-outstanding-special-zhejiang-hangzhou,https://www.ceicdata.com/zh-hans/china/local-government-debt-prefecture-level-city-outstanding/cn-local-government-debt-outstanding-general-zhejiang-hangzhou;https://www.ceicdata.com/zh-hans/china/local-government-debt-prefecture-level-city-outstanding/cn-local-government-debt-outstanding-special-zhejiang-hangzhou,https://www.ceicdata.com/zh-hans/china/local-government-debt-prefecture-level-city-outstanding/cn-local-government-debt-outstanding-general-zhejiang-hangzhou;https://www.ceicdata.com/zh-hans/china/local-government-debt-prefecture-level-city-outstanding/cn-local-government-debt-outstanding-special-zhejiang-hangzhou,https://www.ceicdata.com/zh-hans/china/local-government-debt-prefecture-level-city-outstanding/cn-local-government-debt-outstanding-general-zhejiang-hangzhou;https://www.ceicdata.com/zh-hans/china/local-government-debt-prefecture-level-city-outstanding/cn-local-government-debt-outstanding-special-zhejiang-hangzhou,ceic_city_debt_2018_2025.csv,text/plain,2026-08-01,2026-08-01,2025-12-31,2026-08-01T00:00:00+08:00,7bb382054dcbd95f0cea41f20033223f22e041e72bf77d53604b4ecf6ac840a8,archive://national-prefecture-panel/raw/province_debt/secondary/ceic_city_debt_2018_2025.csv,internal_object,raw/province_debt/secondary/ceic_city_debt_2018_2025.csv,,D,200,公开页面已抓取,,商业聚合数据库公开页面；2018—2024 年值来自页面 SVG 图表，2025 年值来自页面元数据。仅作补缺线索和 provisional 暂存，必须回到财政厅、人大预算/决算或官方统计公报复核，不作为最终 A/B/C 级证据。
SRC-SECONDARY-CEIC-CN-330300,CEIC Data,商业数据库,CEIC 城市级地方政府债务余额公开页面：温州市,secondary_public_page,ceic_city_debt_2018_2025.csv,商业数据库城市债务页面,https://www.ceicdata.com/zh-hans/china/local-government-debt-prefecture-level-city-outstanding/cn-local-government-debt-outstanding-zhejiang-wenzhou,https://www.ceicdata.com/zh-hans/china/local-government-debt-prefecture-level-city-outstanding/cn-local-government-debt-outstanding-zhejiang-wenzhou,https://www.ceicdata.com/zh-hans/china/local-government-debt-prefecture-level-city-outstanding/cn-local-government-debt-outstanding-zhejiang-wenzhou,https://www.ceicdata.com/zh-hans/china/local-government-debt-prefecture-level-city-outstanding/cn-local-government-debt-outstanding-zhejiang-wenzhou,https://www.ceicdata.com/zh-hans/china/local-government-debt-prefecture-level-city-outstanding/cn-local-government-debt-outstanding-zhejiang-wenzhou,ceic_city_debt_2018_2025.csv,text/plain,2026-08-01,2026-08-01,2025-12-31,2026-08-01T00:00:00+08:00,7bb382054dcbd95f0cea41f20033223f22e041e72bf77d53604b4ecf6ac840a8,archive://national-prefecture-panel/raw/province_debt/secondary/ceic_city_debt_2018_2025.csv,internal_object,raw/province_debt/secondary/ceic_city_debt_2018_2025.csv,,D,200,公开页面已抓取,,商业聚合数据库公开页面；2018—2024 年值来自页面 SVG 图表，2025 年值来自页面元数据。仅作补缺线索和 provisional 暂存，必须回到财政厅、人大预算/决算或官方统计公报复核，不作为最终 A/B/C 级证据。
SRC-SECONDARY-CEIC-CN-330500,CEIC Data,商业数据库,CEIC 城市级地方政府债务余额公开页面：湖州市,secondary_public_page,ceic_city_debt_2018_2025.csv,商业数据库城市债务页面,https://www.ceicdata.com/zh-hans/china/local-government-debt-prefecture-level-city-outstanding/cn-local-government-debt-outstanding-zhejiang-huzhou,https://www.ceicdata.com/zh-hans/china/local-government-debt-prefecture-level-city-outstanding/cn-local-government-debt-outstanding-zhejiang-huzhou,https://www.ceicdata.com/zh-hans/china/local-government-debt-prefecture-level-city-outstanding/cn-local-government-debt-outstanding-zhejiang-huzhou,https://www.ceicdata.com/zh-hans/china/local-government-debt-prefecture-level-city-outstanding/cn-local-government-debt-outstanding-zhejiang-huzhou,https://www.ceicdata.com/zh-hans/china/local-government-debt-prefecture-level-city-outstanding/cn-local-government-debt-outstanding-zhejiang-huzhou,ceic_city_debt_2018_2025.csv,text/plain,2026-08-01,2026-08-01,2025-12-31,2026-08-01T00:00:00+08:00,7bb382054dcbd95f0cea41f20033223f22e041e72bf77d53604b4ecf6ac840a8,archive://national-prefecture-panel/raw/province_debt/secondary/ceic_city_debt_2018_2025.csv,internal_object,raw/province_debt/secondary/ceic_city_debt_2018_2025.csv,,D,200,公开页面已抓取,,商业聚合数据库公开页面；2018—2024 年值来自页面 SVG 图表，2025 年值来自页面元数据。仅作补缺线索和 provisional 暂存，必须回到财政厅、人大预算/决算或官方统计公报复核，不作为最终 A/B/C 级证据。
SRC-SECONDARY-CEIC-CN-330600,CEIC Data,商业数据库,CEIC 城市级地方政府债务余额公开页面：绍兴市,secondary_public_page,ceic_city_debt_2018_2025.csv,商业数据库城市债务页面,https://www.ceicdata.com/zh-hans/china/local-government-debt-prefecture-level-city-outstanding/cn-local-government-debt-outstanding-zhejiang-shaoxing,https://www.ceicdata.com/zh-hans/china/local-government-debt-prefecture-level-city-outstanding/cn-local-government-debt-outstanding-zhejiang-shaoxing,https://www.ceicdata.com/zh-hans/china/local-government-debt-prefecture-level-city-outstanding/cn-local-government-debt-outstanding-zhejiang-shaoxing,https://www.ceicdata.com/zh-hans/china/local-government-debt-prefecture-level-city-outstanding/cn-local-government-debt-outstanding-zhejiang-shaoxing,https://www.ceicdata.com/zh-hans/china/local-government-debt-prefecture-level-city-outstanding/cn-local-government-debt-outstanding-zhejiang-shaoxing,ceic_city_debt_2018_2025.csv,text/plain,2026-08-01,2026-08-01,2025-12-31,2026-08-01T00:00:00+08:00,7bb382054dcbd95f0cea41f20033223f22e041e72bf77d53604b4ecf6ac840a8,archive://national-prefecture-panel/raw/province_debt/secondary/ceic_city_debt_2018_2025.csv,internal_object,raw/province_debt/secondary/ceic_city_debt_2018_2025.csv,,D,200,公开页面已抓取,,商业聚合数据库公开页面；2018—2024 年值来自页面 SVG 图表，2025 年值来自页面元数据。仅作补缺线索和 provisional 暂存，必须回到财政厅、人大预算/决算或官方统计公报复核，不作为最终 A/B/C 级证据。
SRC-SECONDARY-CEIC-CN-330900,CEIC Data,商业数据库,CEIC 城市级地方政府债务余额公开页面：舟山市,secondary_public_page,ceic_city_debt_2018_2025.csv,商业数据库城市债务页面,https://www.ceicdata.com/zh-hans/china/local-government-debt-prefecture-level-city-outstanding/cn-local-government-debt-outstanding-zhejiang-zhoushan,https://www.ceicdata.com/zh-hans/china/local-government-debt-prefecture-level-city-outstanding/cn-local-government-debt-outstanding-zhejiang-zhoushan,https://www.ceicdata.com/zh-hans/china/local-government-debt-prefecture-level-city-outstanding/cn-local-government-debt-outstanding-zhejiang-zhoushan,https://www.ceicdata.com/zh-hans/china/local-government-debt-prefecture-level-city-outstanding/cn-local-government-debt-outstanding-zhejiang-zhoushan,https://www.ceicdata.com/zh-hans/china/local-government-debt-prefecture-level-city-outstanding/cn-local-government-debt-outstanding-zhejiang-zhoushan,ceic_city_debt_2018_2025.csv,text/plain,2026-08-01,2026-08-01,2025-12-31,2026-08-01T00:00:00+08:00,7bb382054dcbd95f0cea41f20033223f22e041e72bf77d53604b4ecf6ac840a8,archive://national-prefecture-panel/raw/province_debt/secondary/ceic_city_debt_2018_2025.csv,internal_object,raw/province_debt/secondary/ceic_city_debt_2018_2025.csv,,D,200,公开页面已抓取,,商业聚合数据库公开页面；2018—2024 年值来自页面 SVG 图表，2025 年值来自页面元数据。仅作补缺线索和 provisional 暂存，必须回到财政厅、人大预算/决算或官方统计公报复核，不作为最终 A/B/C 级证据。
SRC-SECONDARY-CEIC-CN-331000,CEIC Data,商业数据库,CEIC 城市级地方政府债务余额公开页面：台州市,secondary_public_page,ceic_city_debt_2018_2025.csv,商业数据库城市债务页面,https://www.ceicdata.com/zh-hans/china/local-government-debt-prefecture-level-city-outstanding/cn-local-government-debt-outstanding-zhejiang-taizhou,https://www.ceicdata.com/zh-hans/china/local-government-debt-prefecture-level-city-outstanding/cn-local-government-debt-outstanding-zhejiang-taizhou,https://www.ceicdata.com/zh-hans/china/local-government-debt-prefecture-level-city-outstanding/cn-local-government-debt-outstanding-zhejiang-taizhou,https://www.ceicdata.com/zh-hans/china/local-government-debt-prefecture-level-city-outstanding/cn-local-government-debt-outstanding-zhejiang-taizhou,https://www.ceicdata.com/zh-hans/china/local-government-debt-prefecture-level-city-outstanding/cn-local-government-debt-outstanding-zhejiang-taizhou,ceic_city_debt_2018_2025.csv,text/plain,2026-08-01,2026-08-01,2025-12-31,2026-08-01T00:00:00+08:00,7bb382054dcbd95f0cea41f20033223f22e041e72bf77d53604b4ecf6ac840a8,archive://national-prefecture-panel/raw/province_debt/secondary/ceic_city_debt_2018_2025.csv,internal_object,raw/province_debt/secondary/ceic_city_debt_2018_2025.csv,,D,200,公开页面已抓取,,商业聚合数据库公开页面；2018—2024 年值来自页面 SVG 图表，2025 年值来自页面元数据。仅作补缺线索和 provisional 暂存，必须回到财政厅、人大预算/决算或官方统计公报复核，不作为最终 A/B/C 级证据。
SRC-SECONDARY-CEIC-CN-331100,CEIC Data,商业数据库,CEIC 城市级地方政府债务余额公开页面：丽水市,secondary_public_page,ceic_city_debt_2018_2025.csv,商业数据库城市债务页面,https://www.ceicdata.com/zh-hans/china/local-government-debt-prefecture-level-city-outstanding/cn-local-government-debt-outstanding-general-zhejiang-lishui;https://www.ceicdata.com/zh-hans/china/local-government-debt-prefecture-level-city-outstanding/cn-local-government-debt-outstanding-special-zhejiang-lishui,https://www.ceicdata.com/zh-hans/china/local-government-debt-prefecture-level-city-outstanding/cn-local-government-debt-outstanding-general-zhejiang-lishui;https://www.ceicdata.com/zh-hans/china/local-government-debt-prefecture-level-city-outstanding/cn-local-government-debt-outstanding-special-zhejiang-lishui,https://www.ceicdata.com/zh-hans/china/local-government-debt-prefecture-level-city-outstanding/cn-local-government-debt-outstanding-general-zhejiang-lishui;https://www.ceicdata.com/zh-hans/china/local-government-debt-prefecture-level-city-outstanding/cn-local-government-debt-outstanding-special-zhejiang-lishui,https://www.ceicdata.com/zh-hans/china/local-government-debt-prefecture-level-city-outstanding/cn-local-government-debt-outstanding-general-zhejiang-lishui;https://www.ceicdata.com/zh-hans/china/local-government-debt-prefecture-level-city-outstanding/cn-local-government-debt-outstanding-special-zhejiang-lishui,https://www.ceicdata.com/zh-hans/china/local-government-debt-prefecture-level-city-outstanding/cn-local-government-debt-outstanding-general-zhejiang-lishui;https://www.ceicdata.com/zh-hans/china/local-government-debt-prefecture-level-city-outstanding/cn-local-government-debt-outstanding-special-zhejiang-lishui,ceic_city_debt_2018_2025.csv,text/plain,2026-08-01,2026-08-01,2025-12-31,2026-08-01T00:00:00+08:00,7bb382054dcbd95f0cea41f20033223f22e041e72bf77d53604b4ecf6ac840a8,archive://national-prefecture-panel/raw/province_debt/secondary/ceic_city_debt_2018_2025.csv,internal_object,raw/province_debt/secondary/ceic_city_debt_2018_2025.csv,,D,200,公开页面已抓取,,商业聚合数据库公开页面；2018—2024 年值来自页面 SVG 图表，2025 年值来自页面元数据。仅作补缺线索和 provisional 暂存，必须回到财政厅、人大预算/决算或官方统计公报复核，不作为最终 A/B/C 级证据。
SRC-SECONDARY-CEIC-CN-340100,CEIC Data,商业数据库,CEIC 城市级地方政府债务余额公开页面：合肥市,secondary_public_page,ceic_city_debt_2018_2025.csv,商业数据库城市债务页面,https://www.ceicdata.com/zh-hans/china/local-government-debt-prefecture-level-city-outstanding/cn-local-government-debt-outstanding-anhui-hefei,https://www.ceicdata.com/zh-hans/china/local-government-debt-prefecture-level-city-outstanding/cn-local-government-debt-outstanding-anhui-hefei,https://www.ceicdata.com/zh-hans/china/local-government-debt-prefecture-level-city-outstanding/cn-local-government-debt-outstanding-anhui-hefei,https://www.ceicdata.com/zh-hans/china/local-government-debt-prefecture-level-city-outstanding/cn-local-government-debt-outstanding-anhui-hefei,https://www.ceicdata.com/zh-hans/china/local-government-debt-prefecture-level-city-outstanding/cn-local-government-debt-outstanding-anhui-hefei,ceic_city_debt_2018_2025.csv,text/plain,2026-08-01,2026-08-01,2025-12-31,2026-08-01T00:00:00+08:00,7bb382054dcbd95f0cea41f20033223f22e041e72bf77d53604b4ecf6ac840a8,archive://national-prefecture-panel/raw/province_debt/secondary/ceic_city_debt_2018_2025.csv,internal_object,raw/province_debt/secondary/ceic_city_debt_2018_2025.csv,,D,200,公开页面已抓取,,商业聚合数据库公开页面；2018—2024 年值来自页面 SVG 图表，2025 年值来自页面元数据。仅作补缺线索和 provisional 暂存，必须回到财政厅、人大预算/决算或官方统计公报复核，不作为最终 A/B/C 级证据。
SRC-SECONDARY-CEIC-CN-340200,CEIC Data,商业数据库,CEIC 城市级地方政府债务余额公开页面：芜湖市,secondary_public_page,ceic_city_debt_2018_2025.csv,商业数据库城市债务页面,https://www.ceicdata.com/zh-hans/china/local-government-debt-prefecture-level-city-outstanding/cn-local-government-debt-outstanding-anhui-wuhu,https://www.ceicdata.com/zh-hans/china/local-government-debt-prefecture-level-city-outstanding/cn-local-government-debt-outstanding-anhui-wuhu,https://www.ceicdata.com/zh-hans/china/local-government-debt-prefecture-level-city-outstanding/cn-local-government-debt-outstanding-anhui-wuhu,https://www.ceicdata.com/zh-hans/china/local-government-debt-prefecture-level-city-outstanding/cn-local-government-debt-outstanding-anhui-wuhu,https://www.ceicdata.com/zh-hans/china/local-government-debt-prefecture-level-city-outstanding/cn-local-government-debt-outstanding-anhui-wuhu,ceic_city_debt_2018_2025.csv,text/plain,2026-08-01,2026-08-01,2025-12-31,2026-08-01T00:00:00+08:00,7bb382054dcbd95f0cea41f20033223f22e041e72bf77d53604b4ecf6ac840a8,archive://national-prefecture-panel/raw/province_debt/secondary/ceic_city_debt_2018_2025.csv,internal_object,raw/province_debt/secondary/ceic_city_debt_2018_2025.csv,,D,200,公开页面已抓取,,商业聚合数据库公开页面；2018—2024 年值来自页面 SVG 图表，2025 年值来自页面元数据。仅作补缺线索和 provisional 暂存，必须回到财政厅、人大预算/决算或官方统计公报复核，不作为最终 A/B/C 级证据。
SRC-SECONDARY-CEIC-CN-340300,CEIC Data,商业数据库,CEIC 城市级地方政府债务余额公开页面：蚌埠市,secondary_public_page,ceic_city_debt_2018_2025.csv,商业数据库城市债务页面,https://www.ceicdata.com/zh-hans/china/local-government-debt-prefecture-level-city-outstanding/cn-local-government-debt-outstanding-general-anhui-bengbu;https://www.ceicdata.com/zh-hans/china/local-government-debt-prefecture-level-city-outstanding/cn-local-government-debt-outstanding-special-anhui-bengbu,https://www.ceicdata.com/zh-hans/china/local-government-debt-prefecture-level-city-outstanding/cn-local-government-debt-outstanding-general-anhui-bengbu;https://www.ceicdata.com/zh-hans/china/local-government-debt-prefecture-level-city-outstanding/cn-local-government-debt-outstanding-special-anhui-bengbu,https://www.ceicdata.com/zh-hans/china/local-government-debt-prefecture-level-city-outstanding/cn-local-government-debt-outstanding-general-anhui-bengbu;https://www.ceicdata.com/zh-hans/china/local-government-debt-prefecture-level-city-outstanding/cn-local-government-debt-outstanding-special-anhui-bengbu,https://www.ceicdata.com/zh-hans/china/local-government-debt-prefecture-level-city-outstanding/cn-local-government-debt-outstanding-general-anhui-bengbu;https://www.ceicdata.com/zh-hans/china/local-government-debt-prefecture-level-city-outstanding/cn-local-government-debt-outstanding-special-anhui-bengbu,https://www.ceicdata.com/zh-hans/china/local-government-debt-prefecture-level-city-outstanding/cn-local-government-debt-outstanding-general-anhui-bengbu;https://www.ceicdata.com/zh-hans/china/local-government-debt-prefecture-level-city-outstanding/cn-local-government-debt-outstanding-special-anhui-bengbu,ceic_city_debt_2018_2025.csv,text/plain,2026-08-01,2026-08-01,2025-12-31,2026-08-01T00:00:00+08:00,7bb382054dcbd95f0cea41f20033223f22e041e72bf77d53604b4ecf6ac840a8,archive://national-prefecture-panel/raw/province_debt/secondary/ceic_city_debt_2018_2025.csv,internal_object,raw/province_debt/secondary/ceic_city_debt_2018_2025.csv,,D,200,公开页面已抓取,,商业聚合数据库公开页面；2018—2024 年值来自页面 SVG 图表，2025 年值来自页面元数据。仅作补缺线索和 provisional 暂存，必须回到财政厅、人大预算/决算或官方统计公报复核，不作为最终 A/B/C 级证据。
SRC-SECONDARY-CEIC-CN-340500,CEIC Data,商业数据库,CEIC 城市级地方政府债务余额公开页面：马鞍山市,secondary_public_page,ceic_city_debt_2018_2025.csv,商业数据库城市债务页面,https://www.ceicdata.com/zh-hans/china/local-government-debt-prefecture-level-city-outstanding/cn-local-government-debt-outstanding-anhui-maanshan,https://www.ceicdata.com/zh-hans/china/local-government-debt-prefecture-level-city-outstanding/cn-local-government-debt-outstanding-anhui-maanshan,https://www.ceicdata.com/zh-hans/china/local-government-debt-prefecture-level-city-outstanding/cn-local-government-debt-outstanding-anhui-maanshan,https://www.ceicdata.com/zh-hans/china/local-government-debt-prefecture-level-city-outstanding/cn-local-government-debt-outstanding-anhui-maanshan,https://www.ceicdata.com/zh-hans/china/local-government-debt-prefecture-level-city-outstanding/cn-local-government-debt-outstanding-anhui-maanshan,ceic_city_debt_2018_2025.csv,text/plain,2026-08-01,2026-08-01,2025-12-31,2026-08-01T00:00:00+08:00,7bb382054dcbd95f0cea41f20033223f22e041e72bf77d53604b4ecf6ac840a8,archive://national-prefecture-panel/raw/province_debt/secondary/ceic_city_debt_2018_2025.csv,internal_object,raw/province_debt/secondary/ceic_city_debt_2018_2025.csv,,D,200,公开页面已抓取,,商业聚合数据库公开页面；2018—2024 年值来自页面 SVG 图表，2025 年值来自页面元数据。仅作补缺线索和 provisional 暂存，必须回到财政厅、人大预算/决算或官方统计公报复核，不作为最终 A/B/C 级证据。
SRC-SECONDARY-CEIC-CN-340600,CEIC Data,商业数据库,CEIC 城市级地方政府债务余额公开页面：淮北市,secondary_public_page,ceic_city_debt_2018_2025.csv,商业数据库城市债务页面,https://www.ceicdata.com/zh-hans/china/local-government-debt-prefecture-level-city-outstanding/cn-local-government-debt-outstanding-anhui-huaibei,https://www.ceicdata.com/zh-hans/china/local-government-debt-prefecture-level-city-outstanding/cn-local-government-debt-outstanding-anhui-huaibei,https://www.ceicdata.com/zh-hans/china/local-government-debt-prefecture-level-city-outstanding/cn-local-government-debt-outstanding-anhui-huaibei,https://www.ceicdata.com/zh-hans/china/local-government-debt-prefecture-level-city-outstanding/cn-local-government-debt-outstanding-anhui-huaibei,https://www.ceicdata.com/zh-hans/china/local-government-debt-prefecture-level-city-outstanding/cn-local-government-debt-outstanding-anhui-huaibei,ceic_city_debt_2018_2025.csv,text/plain,2026-08-01,2026-08-01,2025-12-31,2026-08-01T00:00:00+08:00,7bb382054dcbd95f0cea41f20033223f22e041e72bf77d53604b4ecf6ac840a8,archive://national-prefecture-panel/raw/province_debt/secondary/ceic_city_debt_2018_2025.csv,internal_object,raw/province_debt/secondary/ceic_city_debt_2018_2025.csv,,D,200,公开页面已抓取,,商业聚合数据库公开页面；2018—2024 年值来自页面 SVG 图表，2025 年值来自页面元数据。仅作补缺线索和 provisional 暂存，必须回到财政厅、人大预算/决算或官方统计公报复核，不作为最终 A/B/C 级证据。
SRC-SECONDARY-CEIC-CN-340700,CEIC Data,商业数据库,CEIC 城市级地方政府债务余额公开页面：铜陵市,secondary_public_page,ceic_city_debt_2018_2025.csv,商业数据库城市债务页面,https://www.ceicdata.com/zh-hans/china/local-government-debt-prefecture-level-city-outstanding/cn-local-government-debt-outstanding-anhui-tongling,https://www.ceicdata.com/zh-hans/china/local-government-debt-prefecture-level-city-outstanding/cn-local-government-debt-outstanding-anhui-tongling,https://www.ceicdata.com/zh-hans/china/local-government-debt-prefecture-level-city-outstanding/cn-local-government-debt-outstanding-anhui-tongling,https://www.ceicdata.com/zh-hans/china/local-government-debt-prefecture-level-city-outstanding/cn-local-government-debt-outstanding-anhui-tongling,https://www.ceicdata.com/zh-hans/china/local-government-debt-prefecture-level-city-outstanding/cn-local-government-debt-outstanding-anhui-tongling,ceic_city_debt_2018_2025.csv,text/plain,2026-08-01,2026-08-01,2025-12-31,2026-08-01T00:00:00+08:00,7bb382054dcbd95f0cea41f20033223f22e041e72bf77d53604b4ecf6ac840a8,archive://national-prefecture-panel/raw/province_debt/secondary/ceic_city_debt_2018_2025.csv,internal_object,raw/province_debt/secondary/ceic_city_debt_2018_2025.csv,,D,200,公开页面已抓取,,商业聚合数据库公开页面；2018—2024 年值来自页面 SVG 图表，2025 年值来自页面元数据。仅作补缺线索和 provisional 暂存，必须回到财政厅、人大预算/决算或官方统计公报复核，不作为最终 A/B/C 级证据。
SRC-SECONDARY-CEIC-CN-340800,CEIC Data,商业数据库,CEIC 城市级地方政府债务余额公开页面：安庆市,secondary_public_page,ceic_city_debt_2018_2025.csv,商业数据库城市债务页面,https://www.ceicdata.com/zh-hans/china/local-government-debt-prefecture-level-city-outstanding/cn-local-government-debt-outstanding-anhui-anqing,https://www.ceicdata.com/zh-hans/china/local-government-debt-prefecture-level-city-outstanding/cn-local-government-debt-outstanding-anhui-anqing,https://www.ceicdata.com/zh-hans/china/local-government-debt-prefecture-level-city-outstanding/cn-local-government-debt-outstanding-anhui-anqing,https://www.ceicdata.com/zh-hans/china/local-government-debt-prefecture-level-city-outstanding/cn-local-government-debt-outstanding-anhui-anqing,https://www.ceicdata.com/zh-hans/china/local-government-debt-prefecture-level-city-outstanding/cn-local-government-debt-outstanding-anhui-anqing,ceic_city_debt_2018_2025.csv,text/plain,2026-08-01,2026-08-01,2025-12-31,2026-08-01T00:00:00+08:00,7bb382054dcbd95f0cea41f20033223f22e041e72bf77d53604b4ecf6ac840a8,archive://national-prefecture-panel/raw/province_debt/secondary/ceic_city_debt_2018_2025.csv,internal_object,raw/province_debt/secondary/ceic_city_debt_2018_2025.csv,,D,200,公开页面已抓取,,商业聚合数据库公开页面；2018—2024 年值来自页面 SVG 图表，2025 年值来自页面元数据。仅作补缺线索和 provisional 暂存，必须回到财政厅、人大预算/决算或官方统计公报复核，不作为最终 A/B/C 级证据。
SRC-SECONDARY-CEIC-CN-341000,CEIC Data,商业数据库,CEIC 城市级地方政府债务余额公开页面：黄山市,secondary_public_page,ceic_city_debt_2018_2025.csv,商业数据库城市债务页面,https://www.ceicdata.com/zh-hans/china/local-government-debt-prefecture-level-city-outstanding/cn-local-government-debt-outstanding-anhui-huangshan,https://www.ceicdata.com/zh-hans/china/local-government-debt-prefecture-level-city-outstanding/cn-local-government-debt-outstanding-anhui-huangshan,https://www.ceicdata.com/zh-hans/china/local-government-debt-prefecture-level-city-outstanding/cn-local-government-debt-outstanding-anhui-huangshan,https://www.ceicdata.com/zh-hans/china/local-government-debt-prefecture-level-city-outstanding/cn-local-government-debt-outstanding-anhui-huangshan,https://www.ceicdata.com/zh-hans/china/local-government-debt-prefecture-level-city-outstanding/cn-local-government-debt-outstanding-anhui-huangshan,ceic_city_debt_2018_2025.csv,text/plain,2026-08-01,2026-08-01,2025-12-31,2026-08-01T00:00:00+08:00,7bb382054dcbd95f0cea41f20033223f22e041e72bf77d53604b4ecf6ac840a8,archive://national-prefecture-panel/raw/province_debt/secondary/ceic_city_debt_2018_2025.csv,internal_object,raw/province_debt/secondary/ceic_city_debt_2018_2025.csv,,D,200,公开页面已抓取,,商业聚合数据库公开页面；2018—2024 年值来自页面 SVG 图表，2025 年值来自页面元数据。仅作补缺线索和 provisional 暂存，必须回到财政厅、人大预算/决算或官方统计公报复核，不作为最终 A/B/C 级证据。
SRC-SECONDARY-CEIC-CN-341100,CEIC Data,商业数据库,CEIC 城市级地方政府债务余额公开页面：滁州市,secondary_public_page,ceic_city_debt_2018_2025.csv,商业数据库城市债务页面,https://www.ceicdata.com/zh-hans/china/local-government-debt-prefecture-level-city-outstanding/cn-local-government-debt-outstanding-anhui-chuzhou,https://www.ceicdata.com/zh-hans/china/local-government-debt-prefecture-level-city-outstanding/cn-local-government-debt-outstanding-anhui-chuzhou,https://www.ceicdata.com/zh-hans/china/local-government-debt-prefecture-level-city-outstanding/cn-local-government-debt-outstanding-anhui-chuzhou,https://www.ceicdata.com/zh-hans/china/local-government-debt-prefecture-level-city-outstanding/cn-local-government-debt-outstanding-anhui-chuzhou,https://www.ceicdata.com/zh-hans/china/local-government-debt-prefecture-level-city-outstanding/cn-local-government-debt-outstanding-anhui-chuzhou,ceic_city_debt_2018_2025.csv,text/plain,2026-08-01,2026-08-01,2025-12-31,2026-08-01T00:00:00+08:00,7bb382054dcbd95f0cea41f20033223f22e041e72bf77d53604b4ecf6ac840a8,archive://national-prefecture-panel/raw/province_debt/secondary/ceic_city_debt_2018_2025.csv,internal_object,raw/province_debt/secondary/ceic_city_debt_2018_2025.csv,,D,200,公开页面已抓取,,商业聚合数据库公开页面；2018—2024 年值来自页面 SVG 图表，2025 年值来自页面元数据。仅作补缺线索和 provisional 暂存，必须回到财政厅、人大预算/决算或官方统计公报复核，不作为最终 A/B/C 级证据。
SRC-SECONDARY-CEIC-CN-341200,CEIC Data,商业数据库,CEIC 城市级地方政府债务余额公开页面：阜阳市,secondary_public_page,ceic_city_debt_2018_2025.csv,商业数据库城市债务页面,https://www.ceicdata.com/zh-hans/china/local-government-debt-prefecture-level-city-outstanding/cn-local-government-debt-outstanding-anhui-fuyang,https://www.ceicdata.com/zh-hans/china/local-government-debt-prefecture-level-city-outstanding/cn-local-government-debt-outstanding-anhui-fuyang,https://www.ceicdata.com/zh-hans/china/local-government-debt-prefecture-level-city-outstanding/cn-local-government-debt-outstanding-anhui-fuyang,https://www.ceicdata.com/zh-hans/china/local-government-debt-prefecture-level-city-outstanding/cn-local-government-debt-outstanding-anhui-fuyang,https://www.ceicdata.com/zh-hans/china/local-government-debt-prefecture-level-city-outstanding/cn-local-government-debt-outstanding-anhui-fuyang,ceic_city_debt_2018_2025.csv,text/plain,2026-08-01,2026-08-01,2025-12-31,2026-08-01T00:00:00+08:00,7bb382054dcbd95f0cea41f20033223f22e041e72bf77d53604b4ecf6ac840a8,archive://national-prefecture-panel/raw/province_debt/secondary/ceic_city_debt_2018_2025.csv,internal_object,raw/province_debt/secondary/ceic_city_debt_2018_2025.csv,,D,200,公开页面已抓取,,商业聚合数据库公开页面；2018—2024 年值来自页面 SVG 图表，2025 年值来自页面元数据。仅作补缺线索和 provisional 暂存，必须回到财政厅、人大预算/决算或官方统计公报复核，不作为最终 A/B/C 级证据。
SRC-SECONDARY-CEIC-CN-341300,CEIC Data,商业数据库,CEIC 城市级地方政府债务余额公开页面：宿州市,secondary_public_page,ceic_city_debt_2018_2025.csv,商业数据库城市债务页面,https://www.ceicdata.com/zh-hans/china/local-government-debt-prefecture-level-city-outstanding/cn-local-government-debt-outstanding-anhui-suzhou,https://www.ceicdata.com/zh-hans/china/local-government-debt-prefecture-level-city-outstanding/cn-local-government-debt-outstanding-anhui-suzhou,https://www.ceicdata.com/zh-hans/china/local-government-debt-prefecture-level-city-outstanding/cn-local-government-debt-outstanding-anhui-suzhou,https://www.ceicdata.com/zh-hans/china/local-government-debt-prefecture-level-city-outstanding/cn-local-government-debt-outstanding-anhui-suzhou,https://www.ceicdata.com/zh-hans/china/local-government-debt-prefecture-level-city-outstanding/cn-local-government-debt-outstanding-anhui-suzhou,ceic_city_debt_2018_2025.csv,text/plain,2026-08-01,2026-08-01,2025-12-31,2026-08-01T00:00:00+08:00,7bb382054dcbd95f0cea41f20033223f22e041e72bf77d53604b4ecf6ac840a8,archive://national-prefecture-panel/raw/province_debt/secondary/ceic_city_debt_2018_2025.csv,internal_object,raw/province_debt/secondary/ceic_city_debt_2018_2025.csv,,D,200,公开页面已抓取,,商业聚合数据库公开页面；2018—2024 年值来自页面 SVG 图表，2025 年值来自页面元数据。仅作补缺线索和 provisional 暂存，必须回到财政厅、人大预算/决算或官方统计公报复核，不作为最终 A/B/C 级证据。
SRC-SECONDARY-CEIC-CN-341600,CEIC Data,商业数据库,CEIC 城市级地方政府债务余额公开页面：亳州市,secondary_public_page,ceic_city_debt_2018_2025.csv,商业数据库城市债务页面,https://www.ceicdata.com/zh-hans/china/local-government-debt-prefecture-level-city-outstanding/cn-local-government-debt-outstanding-general-anhui-bozhou;https://www.ceicdata.com/zh-hans/china/local-government-debt-prefecture-level-city-outstanding/cn-local-government-debt-outstanding-special-anhui-bozhou,https://www.ceicdata.com/zh-hans/china/local-government-debt-prefecture-level-city-outstanding/cn-local-government-debt-outstanding-general-anhui-bozhou;https://www.ceicdata.com/zh-hans/china/local-government-debt-prefecture-level-city-outstanding/cn-local-government-debt-outstanding-special-anhui-bozhou,https://www.ceicdata.com/zh-hans/china/local-government-debt-prefecture-level-city-outstanding/cn-local-government-debt-outstanding-general-anhui-bozhou;https://www.ceicdata.com/zh-hans/china/local-government-debt-prefecture-level-city-outstanding/cn-local-government-debt-outstanding-special-anhui-bozhou,https://www.ceicdata.com/zh-hans/china/local-government-debt-prefecture-level-city-outstanding/cn-local-government-debt-outstanding-general-anhui-bozhou;https://www.ceicdata.com/zh-hans/china/local-government-debt-prefecture-level-city-outstanding/cn-local-government-debt-outstanding-special-anhui-bozhou,https://www.ceicdata.com/zh-hans/china/local-government-debt-prefecture-level-city-outstanding/cn-local-government-debt-outstanding-general-anhui-bozhou;https://www.ceicdata.com/zh-hans/china/local-government-debt-prefecture-level-city-outstanding/cn-local-government-debt-outstanding-special-anhui-bozhou,ceic_city_debt_2018_2025.csv,text/plain,2026-08-01,2026-08-01,2025-12-31,2026-08-01T00:00:00+08:00,7bb382054dcbd95f0cea41f20033223f22e041e72bf77d53604b4ecf6ac840a8,archive://national-prefecture-panel/raw/province_debt/secondary/ceic_city_debt_2018_2025.csv,internal_object,raw/province_debt/secondary/ceic_city_debt_2018_2025.csv,,D,200,公开页面已抓取,,商业聚合数据库公开页面；2018—2024 年值来自页面 SVG 图表，2025 年值来自页面元数据。仅作补缺线索和 provisional 暂存，必须回到财政厅、人大预算/决算或官方统计公报复核，不作为最终 A/B/C 级证据。
SRC-SECONDARY-CEIC-CN-341700,CEIC Data,商业数据库,CEIC 城市级地方政府债务余额公开页面：池州市,secondary_public_page,ceic_city_debt_2018_2025.csv,商业数据库城市债务页面,https://www.ceicdata.com/zh-hans/china/local-government-debt-prefecture-level-city-outstanding/cn-local-government-debt-outstanding-anhui-chizhou,https://www.ceicdata.com/zh-hans/china/local-government-debt-prefecture-level-city-outstanding/cn-local-government-debt-outstanding-anhui-chizhou,https://www.ceicdata.com/zh-hans/china/local-government-debt-prefecture-level-city-outstanding/cn-local-government-debt-outstanding-anhui-chizhou,https://www.ceicdata.com/zh-hans/china/local-government-debt-prefecture-level-city-outstanding/cn-local-government-debt-outstanding-anhui-chizhou,https://www.ceicdata.com/zh-hans/china/local-government-debt-prefecture-level-city-outstanding/cn-local-government-debt-outstanding-anhui-chizhou,ceic_city_debt_2018_2025.csv,text/plain,2026-08-01,2026-08-01,2025-12-31,2026-08-01T00:00:00+08:00,7bb382054dcbd95f0cea41f20033223f22e041e72bf77d53604b4ecf6ac840a8,archive://national-prefecture-panel/raw/province_debt/secondary/ceic_city_debt_2018_2025.csv,internal_object,raw/province_debt/secondary/ceic_city_debt_2018_2025.csv,,D,200,公开页面已抓取,,商业聚合数据库公开页面；2018—2024 年值来自页面 SVG 图表，2025 年值来自页面元数据。仅作补缺线索和 provisional 暂存，必须回到财政厅、人大预算/决算或官方统计公报复核，不作为最终 A/B/C 级证据。
SRC-SECONDARY-CEIC-CN-350100,CEIC Data,商业数据库,CEIC 城市级地方政府债务余额公开页面：福州市,secondary_public_page,ceic_city_debt_2018_2025.csv,商业数据库城市债务页面,https://www.ceicdata.com/zh-hans/china/local-government-debt-prefecture-level-city-outstanding/cn-local-government-debt-outstanding-fujian-fuzhou,https://www.ceicdata.com/zh-hans/china/local-government-debt-prefecture-level-city-outstanding/cn-local-government-debt-outstanding-fujian-fuzhou,https://www.ceicdata.com/zh-hans/china/local-government-debt-prefecture-level-city-outstanding/cn-local-government-debt-outstanding-fujian-fuzhou,https://www.ceicdata.com/zh-hans/china/local-government-debt-prefecture-level-city-outstanding/cn-local-government-debt-outstanding-fujian-fuzhou,https://www.ceicdata.com/zh-hans/china/local-government-debt-prefecture-level-city-outstanding/cn-local-government-debt-outstanding-fujian-fuzhou,ceic_city_debt_2018_2025.csv,text/plain,2026-08-01,2026-08-01,2025-12-31,2026-08-01T00:00:00+08:00,7bb382054dcbd95f0cea41f20033223f22e041e72bf77d53604b4ecf6ac840a8,archive://national-prefecture-panel/raw/province_debt/secondary/ceic_city_debt_2018_2025.csv,internal_object,raw/province_debt/secondary/ceic_city_debt_2018_2025.csv,,D,200,公开页面已抓取,,商业聚合数据库公开页面；2018—2024 年值来自页面 SVG 图表，2025 年值来自页面元数据。仅作补缺线索和 provisional 暂存，必须回到财政厅、人大预算/决算或官方统计公报复核，不作为最终 A/B/C 级证据。
SRC-SECONDARY-CEIC-CN-360100,CEIC Data,商业数据库,CEIC 城市级地方政府债务余额公开页面：南昌市,secondary_public_page,ceic_city_debt_2018_2025.csv,商业数据库城市债务页面,https://www.ceicdata.com/zh-hans/china/local-government-debt-prefecture-level-city-outstanding/cn-local-government-debt-outstanding-general-jiangxi-nanchang;https://www.ceicdata.com/zh-hans/china/local-government-debt-prefecture-level-city-outstanding/cn-local-government-debt-outstanding-special-jiangxi-nanchang,https://www.ceicdata.com/zh-hans/china/local-government-debt-prefecture-level-city-outstanding/cn-local-government-debt-outstanding-general-jiangxi-nanchang;https://www.ceicdata.com/zh-hans/china/local-government-debt-prefecture-level-city-outstanding/cn-local-government-debt-outstanding-special-jiangxi-nanchang,https://www.ceicdata.com/zh-hans/china/local-government-debt-prefecture-level-city-outstanding/cn-local-government-debt-outstanding-general-jiangxi-nanchang;https://www.ceicdata.com/zh-hans/china/local-government-debt-prefecture-level-city-outstanding/cn-local-government-debt-outstanding-special-jiangxi-nanchang,https://www.ceicdata.com/zh-hans/china/local-government-debt-prefecture-level-city-outstanding/cn-local-government-debt-outstanding-general-jiangxi-nanchang;https://www.ceicdata.com/zh-hans/china/local-government-debt-prefecture-level-city-outstanding/cn-local-government-debt-outstanding-special-jiangxi-nanchang,https://www.ceicdata.com/zh-hans/china/local-government-debt-prefecture-level-city-outstanding/cn-local-government-debt-outstanding-general-jiangxi-nanchang;https://www.ceicdata.com/zh-hans/china/local-government-debt-prefecture-level-city-outstanding/cn-local-government-debt-outstanding-special-jiangxi-nanchang,ceic_city_debt_2018_2025.csv,text/plain,2026-08-01,2026-08-01,2025-12-31,2026-08-01T00:00:00+08:00,7bb382054dcbd95f0cea41f20033223f22e041e72bf77d53604b4ecf6ac840a8,archive://national-prefecture-panel/raw/province_debt/secondary/ceic_city_debt_2018_2025.csv,internal_object,raw/province_debt/secondary/ceic_city_debt_2018_2025.csv,,D,200,公开页面已抓取,,商业聚合数据库公开页面；2018—2024 年值来自页面 SVG 图表，2025 年值来自页面元数据。仅作补缺线索和 provisional 暂存，必须回到财政厅、人大预算/决算或官方统计公报复核，不作为最终 A/B/C 级证据。
SRC-SECONDARY-CEIC-CN-360200,CEIC Data,商业数据库,CEIC 城市级地方政府债务余额公开页面：景德镇市,secondary_public_page,ceic_city_debt_2018_2025.csv,商业数据库城市债务页面,https://www.ceicdata.com/zh-hans/china/local-government-debt-prefecture-level-city-outstanding/cn-local-government-debt-outstanding-jiangxi-jingdezhen,https://www.ceicdata.com/zh-hans/china/local-government-debt-prefecture-level-city-outstanding/cn-local-government-debt-outstanding-jiangxi-jingdezhen,https://www.ceicdata.com/zh-hans/china/local-government-debt-prefecture-level-city-outstanding/cn-local-government-debt-outstanding-jiangxi-jingdezhen,https://www.ceicdata.com/zh-hans/china/local-government-debt-prefecture-level-city-outstanding/cn-local-government-debt-outstanding-jiangxi-jingdezhen,https://www.ceicdata.com/zh-hans/china/local-government-debt-prefecture-level-city-outstanding/cn-local-government-debt-outstanding-jiangxi-jingdezhen,ceic_city_debt_2018_2025.csv,text/plain,2026-08-01,2026-08-01,2025-12-31,2026-08-01T00:00:00+08:00,7bb382054dcbd95f0cea41f20033223f22e041e72bf77d53604b4ecf6ac840a8,archive://national-prefecture-panel/raw/province_debt/secondary/ceic_city_debt_2018_2025.csv,internal_object,raw/province_debt/secondary/ceic_city_debt_2018_2025.csv,,D,200,公开页面已抓取,,商业聚合数据库公开页面；2018—2024 年值来自页面 SVG 图表，2025 年值来自页面元数据。仅作补缺线索和 provisional 暂存，必须回到财政厅、人大预算/决算或官方统计公报复核，不作为最终 A/B/C 级证据。
SRC-SECONDARY-CEIC-CN-360400,CEIC Data,商业数据库,CEIC 城市级地方政府债务余额公开页面：九江市,secondary_public_page,ceic_city_debt_2018_2025.csv,商业数据库城市债务页面,https://www.ceicdata.com/zh-hans/china/local-government-debt-prefecture-level-city-outstanding/cn-local-government-debt-outstanding-jiangxi-jiujiang,https://www.ceicdata.com/zh-hans/china/local-government-debt-prefecture-level-city-outstanding/cn-local-government-debt-outstanding-jiangxi-jiujiang,https://www.ceicdata.com/zh-hans/china/local-government-debt-prefecture-level-city-outstanding/cn-local-government-debt-outstanding-jiangxi-jiujiang,https://www.ceicdata.com/zh-hans/china/local-government-debt-prefecture-level-city-outstanding/cn-local-government-debt-outstanding-jiangxi-jiujiang,https://www.ceicdata.com/zh-hans/china/local-government-debt-prefecture-level-city-outstanding/cn-local-government-debt-outstanding-jiangxi-jiujiang,ceic_city_debt_2018_2025.csv,text/plain,2026-08-01,2026-08-01,2025-12-31,2026-08-01T00:00:00+08:00,7bb382054dcbd95f0cea41f20033223f22e041e72bf77d53604b4ecf6ac840a8,archive://national-prefecture-panel/raw/province_debt/secondary/ceic_city_debt_2018_2025.csv,internal_object,raw/province_debt/secondary/ceic_city_debt_2018_2025.csv,,D,200,公开页面已抓取,,商业聚合数据库公开页面；2018—2024 年值来自页面 SVG 图表，2025 年值来自页面元数据。仅作补缺线索和 provisional 暂存，必须回到财政厅、人大预算/决算或官方统计公报复核，不作为最终 A/B/C 级证据。
SRC-SECONDARY-CEIC-CN-360500,CEIC Data,商业数据库,CEIC 城市级地方政府债务余额公开页面：新余市,secondary_public_page,ceic_city_debt_2018_2025.csv,商业数据库城市债务页面,https://www.ceicdata.com/zh-hans/china/local-government-debt-prefecture-level-city-outstanding/cn-local-government-debt-outstanding-jiangxi-xinyu,https://www.ceicdata.com/zh-hans/china/local-government-debt-prefecture-level-city-outstanding/cn-local-government-debt-outstanding-jiangxi-xinyu,https://www.ceicdata.com/zh-hans/china/local-government-debt-prefecture-level-city-outstanding/cn-local-government-debt-outstanding-jiangxi-xinyu,https://www.ceicdata.com/zh-hans/china/local-government-debt-prefecture-level-city-outstanding/cn-local-government-debt-outstanding-jiangxi-xinyu,https://www.ceicdata.com/zh-hans/china/local-government-debt-prefecture-level-city-outstanding/cn-local-government-debt-outstanding-jiangxi-xinyu,ceic_city_debt_2018_2025.csv,text/plain,2026-08-01,2026-08-01,2025-12-31,2026-08-01T00:00:00+08:00,7bb382054dcbd95f0cea41f20033223f22e041e72bf77d53604b4ecf6ac840a8,archive://national-prefecture-panel/raw/province_debt/secondary/ceic_city_debt_2018_2025.csv,internal_object,raw/province_debt/secondary/ceic_city_debt_2018_2025.csv,,D,200,公开页面已抓取,,商业聚合数据库公开页面；2018—2024 年值来自页面 SVG 图表，2025 年值来自页面元数据。仅作补缺线索和 provisional 暂存，必须回到财政厅、人大预算/决算或官方统计公报复核，不作为最终 A/B/C 级证据。
SRC-SECONDARY-CEIC-CN-360700,CEIC Data,商业数据库,CEIC 城市级地方政府债务余额公开页面：赣州市,secondary_public_page,ceic_city_debt_2018_2025.csv,商业数据库城市债务页面,https://www.ceicdata.com/zh-hans/china/local-government-debt-prefecture-level-city-outstanding/cn-local-government-debt-outstanding-jiangxi-ganzhou,https://www.ceicdata.com/zh-hans/china/local-government-debt-prefecture-level-city-outstanding/cn-local-government-debt-outstanding-jiangxi-ganzhou,https://www.ceicdata.com/zh-hans/china/local-government-debt-prefecture-level-city-outstanding/cn-local-government-debt-outstanding-jiangxi-ganzhou,https://www.ceicdata.com/zh-hans/china/local-government-debt-prefecture-level-city-outstanding/cn-local-government-debt-outstanding-jiangxi-ganzhou,https://www.ceicdata.com/zh-hans/china/local-government-debt-prefecture-level-city-outstanding/cn-local-government-debt-outstanding-jiangxi-ganzhou,ceic_city_debt_2018_2025.csv,text/plain,2026-08-01,2026-08-01,2025-12-31,2026-08-01T00:00:00+08:00,7bb382054dcbd95f0cea41f20033223f22e041e72bf77d53604b4ecf6ac840a8,archive://national-prefecture-panel/raw/province_debt/secondary/ceic_city_debt_2018_2025.csv,internal_object,raw/province_debt/secondary/ceic_city_debt_2018_2025.csv,,D,200,公开页面已抓取,,商业聚合数据库公开页面；2018—2024 年值来自页面 SVG 图表，2025 年值来自页面元数据。仅作补缺线索和 provisional 暂存，必须回到财政厅、人大预算/决算或官方统计公报复核，不作为最终 A/B/C 级证据。
SRC-SECONDARY-CEIC-CN-360900,CEIC Data,商业数据库,CEIC 城市级地方政府债务余额公开页面：宜春市,secondary_public_page,ceic_city_debt_2018_2025.csv,商业数据库城市债务页面,https://www.ceicdata.com/zh-hans/china/local-government-debt-prefecture-level-city-outstanding/cn-local-government-debt-outstanding-jiangxi-yichun,https://www.ceicdata.com/zh-hans/china/local-government-debt-prefecture-level-city-outstanding/cn-local-government-debt-outstanding-jiangxi-yichun,https://www.ceicdata.com/zh-hans/china/local-government-debt-prefecture-level-city-outstanding/cn-local-government-debt-outstanding-jiangxi-yichun,https://www.ceicdata.com/zh-hans/china/local-government-debt-prefecture-level-city-outstanding/cn-local-government-debt-outstanding-jiangxi-yichun,https://www.ceicdata.com/zh-hans/china/local-government-debt-prefecture-level-city-outstanding/cn-local-government-debt-outstanding-jiangxi-yichun,ceic_city_debt_2018_2025.csv,text/plain,2026-08-01,2026-08-01,2025-12-31,2026-08-01T00:00:00+08:00,7bb382054dcbd95f0cea41f20033223f22e041e72bf77d53604b4ecf6ac840a8,archive://national-prefecture-panel/raw/province_debt/secondary/ceic_city_debt_2018_2025.csv,internal_object,raw/province_debt/secondary/ceic_city_debt_2018_2025.csv,,D,200,公开页面已抓取,,商业聚合数据库公开页面；2018—2024 年值来自页面 SVG 图表，2025 年值来自页面元数据。仅作补缺线索和 provisional 暂存，必须回到财政厅、人大预算/决算或官方统计公报复核，不作为最终 A/B/C 级证据。
SRC-SECONDARY-CEIC-CN-361000,CEIC Data,商业数据库,CEIC 城市级地方政府债务余额公开页面：抚州市,secondary_public_page,ceic_city_debt_2018_2025.csv,商业数据库城市债务页面,https://www.ceicdata.com/zh-hans/china/local-government-debt-prefecture-level-city-outstanding/cn-local-government-debt-outstanding-jiangxi-fuzhou,https://www.ceicdata.com/zh-hans/china/local-government-debt-prefecture-level-city-outstanding/cn-local-government-debt-outstanding-jiangxi-fuzhou,https://www.ceicdata.com/zh-hans/china/local-government-debt-prefecture-level-city-outstanding/cn-local-government-debt-outstanding-jiangxi-fuzhou,https://www.ceicdata.com/zh-hans/china/local-government-debt-prefecture-level-city-outstanding/cn-local-government-debt-outstanding-jiangxi-fuzhou,https://www.ceicdata.com/zh-hans/china/local-government-debt-prefecture-level-city-outstanding/cn-local-government-debt-outstanding-jiangxi-fuzhou,ceic_city_debt_2018_2025.csv,text/plain,2026-08-01,2026-08-01,2025-12-31,2026-08-01T00:00:00+08:00,7bb382054dcbd95f0cea41f20033223f22e041e72bf77d53604b4ecf6ac840a8,archive://national-prefecture-panel/raw/province_debt/secondary/ceic_city_debt_2018_2025.csv,internal_object,raw/province_debt/secondary/ceic_city_debt_2018_2025.csv,,D,200,公开页面已抓取,,商业聚合数据库公开页面；2018—2024 年值来自页面 SVG 图表，2025 年值来自页面元数据。仅作补缺线索和 provisional 暂存，必须回到财政厅、人大预算/决算或官方统计公报复核，不作为最终 A/B/C 级证据。
SRC-SECONDARY-CEIC-CN-361100,CEIC Data,商业数据库,CEIC 城市级地方政府债务余额公开页面：上饶市,secondary_public_page,ceic_city_debt_2018_2025.csv,商业数据库城市债务页面,https://www.ceicdata.com/zh-hans/china/local-government-debt-prefecture-level-city-outstanding/cn-local-government-debt-outstanding-jiangxi-shangrao,https://www.ceicdata.com/zh-hans/china/local-government-debt-prefecture-level-city-outstanding/cn-local-government-debt-outstanding-jiangxi-shangrao,https://www.ceicdata.com/zh-hans/china/local-government-debt-prefecture-level-city-outstanding/cn-local-government-debt-outstanding-jiangxi-shangrao,https://www.ceicdata.com/zh-hans/china/local-government-debt-prefecture-level-city-outstanding/cn-local-government-debt-outstanding-jiangxi-shangrao,https://www.ceicdata.com/zh-hans/china/local-government-debt-prefecture-level-city-outstanding/cn-local-government-debt-outstanding-jiangxi-shangrao,ceic_city_debt_2018_2025.csv,text/plain,2026-08-01,2026-08-01,2025-12-31,2026-08-01T00:00:00+08:00,7bb382054dcbd95f0cea41f20033223f22e041e72bf77d53604b4ecf6ac840a8,archive://national-prefecture-panel/raw/province_debt/secondary/ceic_city_debt_2018_2025.csv,internal_object,raw/province_debt/secondary/ceic_city_debt_2018_2025.csv,,D,200,公开页面已抓取,,商业聚合数据库公开页面；2018—2024 年值来自页面 SVG 图表，2025 年值来自页面元数据。仅作补缺线索和 provisional 暂存，必须回到财政厅、人大预算/决算或官方统计公报复核，不作为最终 A/B/C 级证据。
SRC-SECONDARY-CEIC-CN-370100,CEIC Data,商业数据库,CEIC 城市级地方政府债务余额公开页面：济南市,secondary_public_page,ceic_city_debt_2018_2025.csv,商业数据库城市债务页面,https://www.ceicdata.com/zh-hans/china/local-government-debt-prefecture-level-city-outstanding/cn-local-government-debt-outstanding-shandong-jinan,https://www.ceicdata.com/zh-hans/china/local-government-debt-prefecture-level-city-outstanding/cn-local-government-debt-outstanding-shandong-jinan,https://www.ceicdata.com/zh-hans/china/local-government-debt-prefecture-level-city-outstanding/cn-local-government-debt-outstanding-shandong-jinan,https://www.ceicdata.com/zh-hans/china/local-government-debt-prefecture-level-city-outstanding/cn-local-government-debt-outstanding-shandong-jinan,https://www.ceicdata.com/zh-hans/china/local-government-debt-prefecture-level-city-outstanding/cn-local-government-debt-outstanding-shandong-jinan,ceic_city_debt_2018_2025.csv,text/plain,2026-08-01,2026-08-01,2025-12-31,2026-08-01T00:00:00+08:00,7bb382054dcbd95f0cea41f20033223f22e041e72bf77d53604b4ecf6ac840a8,archive://national-prefecture-panel/raw/province_debt/secondary/ceic_city_debt_2018_2025.csv,internal_object,raw/province_debt/secondary/ceic_city_debt_2018_2025.csv,,D,200,公开页面已抓取,,商业聚合数据库公开页面；2018—2024 年值来自页面 SVG 图表，2025 年值来自页面元数据。仅作补缺线索和 provisional 暂存，必须回到财政厅、人大预算/决算或官方统计公报复核，不作为最终 A/B/C 级证据。
SRC-SECONDARY-CEIC-CN-370400,CEIC Data,商业数据库,CEIC 城市级地方政府债务余额公开页面：枣庄市,secondary_public_page,ceic_city_debt_2018_2025.csv,商业数据库城市债务页面,https://www.ceicdata.com/zh-hans/china/local-government-debt-prefecture-level-city-outstanding/cn-local-government-debt-outstanding-shandong-zaozhuang,https://www.ceicdata.com/zh-hans/china/local-government-debt-prefecture-level-city-outstanding/cn-local-government-debt-outstanding-shandong-zaozhuang,https://www.ceicdata.com/zh-hans/china/local-government-debt-prefecture-level-city-outstanding/cn-local-government-debt-outstanding-shandong-zaozhuang,https://www.ceicdata.com/zh-hans/china/local-government-debt-prefecture-level-city-outstanding/cn-local-government-debt-outstanding-shandong-zaozhuang,https://www.ceicdata.com/zh-hans/china/local-government-debt-prefecture-level-city-outstanding/cn-local-government-debt-outstanding-shandong-zaozhuang,ceic_city_debt_2018_2025.csv,text/plain,2026-08-01,2026-08-01,2025-12-31,2026-08-01T00:00:00+08:00,7bb382054dcbd95f0cea41f20033223f22e041e72bf77d53604b4ecf6ac840a8,archive://national-prefecture-panel/raw/province_debt/secondary/ceic_city_debt_2018_2025.csv,internal_object,raw/province_debt/secondary/ceic_city_debt_2018_2025.csv,,D,200,公开页面已抓取,,商业聚合数据库公开页面；2018—2024 年值来自页面 SVG 图表，2025 年值来自页面元数据。仅作补缺线索和 provisional 暂存，必须回到财政厅、人大预算/决算或官方统计公报复核，不作为最终 A/B/C 级证据。
SRC-SECONDARY-CEIC-CN-370500,CEIC Data,商业数据库,CEIC 城市级地方政府债务余额公开页面：东营市,secondary_public_page,ceic_city_debt_2018_2025.csv,商业数据库城市债务页面,https://www.ceicdata.com/zh-hans/china/local-government-debt-prefecture-level-city-outstanding/cn-local-government-debt-outstanding-shandong-dongying,https://www.ceicdata.com/zh-hans/china/local-government-debt-prefecture-level-city-outstanding/cn-local-government-debt-outstanding-shandong-dongying,https://www.ceicdata.com/zh-hans/china/local-government-debt-prefecture-level-city-outstanding/cn-local-government-debt-outstanding-shandong-dongying,https://www.ceicdata.com/zh-hans/china/local-government-debt-prefecture-level-city-outstanding/cn-local-government-debt-outstanding-shandong-dongying,https://www.ceicdata.com/zh-hans/china/local-government-debt-prefecture-level-city-outstanding/cn-local-government-debt-outstanding-shandong-dongying,ceic_city_debt_2018_2025.csv,text/plain,2026-08-01,2026-08-01,2025-12-31,2026-08-01T00:00:00+08:00,7bb382054dcbd95f0cea41f20033223f22e041e72bf77d53604b4ecf6ac840a8,archive://national-prefecture-panel/raw/province_debt/secondary/ceic_city_debt_2018_2025.csv,internal_object,raw/province_debt/secondary/ceic_city_debt_2018_2025.csv,,D,200,公开页面已抓取,,商业聚合数据库公开页面；2018—2024 年值来自页面 SVG 图表，2025 年值来自页面元数据。仅作补缺线索和 provisional 暂存，必须回到财政厅、人大预算/决算或官方统计公报复核，不作为最终 A/B/C 级证据。
SRC-SECONDARY-CEIC-CN-370600,CEIC Data,商业数据库,CEIC 城市级地方政府债务余额公开页面：烟台市,secondary_public_page,ceic_city_debt_2018_2025.csv,商业数据库城市债务页面,https://www.ceicdata.com/zh-hans/china/local-government-debt-prefecture-level-city-outstanding/cn-local-government-debt-outstanding-general-shandong-yantai;https://www.ceicdata.com/zh-hans/china/local-government-debt-prefecture-level-city-outstanding/cn-local-government-debt-outstanding-special-shandong-yantai,https://www.ceicdata.com/zh-hans/china/local-government-debt-prefecture-level-city-outstanding/cn-local-government-debt-outstanding-general-shandong-yantai;https://www.ceicdata.com/zh-hans/china/local-government-debt-prefecture-level-city-outstanding/cn-local-government-debt-outstanding-special-shandong-yantai,https://www.ceicdata.com/zh-hans/china/local-government-debt-prefecture-level-city-outstanding/cn-local-government-debt-outstanding-general-shandong-yantai;https://www.ceicdata.com/zh-hans/china/local-government-debt-prefecture-level-city-outstanding/cn-local-government-debt-outstanding-special-shandong-yantai,https://www.ceicdata.com/zh-hans/china/local-government-debt-prefecture-level-city-outstanding/cn-local-government-debt-outstanding-general-shandong-yantai;https://www.ceicdata.com/zh-hans/china/local-government-debt-prefecture-level-city-outstanding/cn-local-government-debt-outstanding-special-shandong-yantai,https://www.ceicdata.com/zh-hans/china/local-government-debt-prefecture-level-city-outstanding/cn-local-government-debt-outstanding-general-shandong-yantai;https://www.ceicdata.com/zh-hans/china/local-government-debt-prefecture-level-city-outstanding/cn-local-government-debt-outstanding-special-shandong-yantai,ceic_city_debt_2018_2025.csv,text/plain,2026-08-01,2026-08-01,2025-12-31,2026-08-01T00:00:00+08:00,7bb382054dcbd95f0cea41f20033223f22e041e72bf77d53604b4ecf6ac840a8,archive://national-prefecture-panel/raw/province_debt/secondary/ceic_city_debt_2018_2025.csv,internal_object,raw/province_debt/secondary/ceic_city_debt_2018_2025.csv,,D,200,公开页面已抓取,,商业聚合数据库公开页面；2018—2024 年值来自页面 SVG 图表，2025 年值来自页面元数据。仅作补缺线索和 provisional 暂存，必须回到财政厅、人大预算/决算或官方统计公报复核，不作为最终 A/B/C 级证据。
SRC-SECONDARY-CEIC-CN-370700,CEIC Data,商业数据库,CEIC 城市级地方政府债务余额公开页面：潍坊市,secondary_public_page,ceic_city_debt_2018_2025.csv,商业数据库城市债务页面,https://www.ceicdata.com/zh-hans/china/local-government-debt-prefecture-level-city-outstanding/cn-local-government-debt-outstanding-general-shandong-weifang;https://www.ceicdata.com/zh-hans/china/local-government-debt-prefecture-level-city-outstanding/cn-local-government-debt-outstanding-special-shandong-weifang,https://www.ceicdata.com/zh-hans/china/local-government-debt-prefecture-level-city-outstanding/cn-local-government-debt-outstanding-general-shandong-weifang;https://www.ceicdata.com/zh-hans/china/local-government-debt-prefecture-level-city-outstanding/cn-local-government-debt-outstanding-special-shandong-weifang,https://www.ceicdata.com/zh-hans/china/local-government-debt-prefecture-level-city-outstanding/cn-local-government-debt-outstanding-general-shandong-weifang;https://www.ceicdata.com/zh-hans/china/local-government-debt-prefecture-level-city-outstanding/cn-local-government-debt-outstanding-special-shandong-weifang,https://www.ceicdata.com/zh-hans/china/local-government-debt-prefecture-level-city-outstanding/cn-local-government-debt-outstanding-general-shandong-weifang;https://www.ceicdata.com/zh-hans/china/local-government-debt-prefecture-level-city-outstanding/cn-local-government-debt-outstanding-special-shandong-weifang,https://www.ceicdata.com/zh-hans/china/local-government-debt-prefecture-level-city-outstanding/cn-local-government-debt-outstanding-general-shandong-weifang;https://www.ceicdata.com/zh-hans/china/local-government-debt-prefecture-level-city-outstanding/cn-local-government-debt-outstanding-special-shandong-weifang,ceic_city_debt_2018_2025.csv,text/plain,2026-08-01,2026-08-01,2025-12-31,2026-08-01T00:00:00+08:00,7bb382054dcbd95f0cea41f20033223f22e041e72bf77d53604b4ecf6ac840a8,archive://national-prefecture-panel/raw/province_debt/secondary/ceic_city_debt_2018_2025.csv,internal_object,raw/province_debt/secondary/ceic_city_debt_2018_2025.csv,,D,200,公开页面已抓取,,商业聚合数据库公开页面；2018—2024 年值来自页面 SVG 图表，2025 年值来自页面元数据。仅作补缺线索和 provisional 暂存，必须回到财政厅、人大预算/决算或官方统计公报复核，不作为最终 A/B/C 级证据。
SRC-SECONDARY-CEIC-CN-370800,CEIC Data,商业数据库,CEIC 城市级地方政府债务余额公开页面：济宁市,secondary_public_page,ceic_city_debt_2018_2025.csv,商业数据库城市债务页面,https://www.ceicdata.com/zh-hans/china/local-government-debt-prefecture-level-city-outstanding/cn-local-government-debt-outstanding-shandong-jining,https://www.ceicdata.com/zh-hans/china/local-government-debt-prefecture-level-city-outstanding/cn-local-government-debt-outstanding-shandong-jining,https://www.ceicdata.com/zh-hans/china/local-government-debt-prefecture-level-city-outstanding/cn-local-government-debt-outstanding-shandong-jining,https://www.ceicdata.com/zh-hans/china/local-government-debt-prefecture-level-city-outstanding/cn-local-government-debt-outstanding-shandong-jining,https://www.ceicdata.com/zh-hans/china/local-government-debt-prefecture-level-city-outstanding/cn-local-government-debt-outstanding-shandong-jining,ceic_city_debt_2018_2025.csv,text/plain,2026-08-01,2026-08-01,2025-12-31,2026-08-01T00:00:00+08:00,7bb382054dcbd95f0cea41f20033223f22e041e72bf77d53604b4ecf6ac840a8,archive://national-prefecture-panel/raw/province_debt/secondary/ceic_city_debt_2018_2025.csv,internal_object,raw/province_debt/secondary/ceic_city_debt_2018_2025.csv,,D,200,公开页面已抓取,,商业聚合数据库公开页面；2018—2024 年值来自页面 SVG 图表，2025 年值来自页面元数据。仅作补缺线索和 provisional 暂存，必须回到财政厅、人大预算/决算或官方统计公报复核，不作为最终 A/B/C 级证据。
SRC-SECONDARY-CEIC-CN-371000,CEIC Data,商业数据库,CEIC 城市级地方政府债务余额公开页面：威海市,secondary_public_page,ceic_city_debt_2018_2025.csv,商业数据库城市债务页面,https://www.ceicdata.com/zh-hans/china/local-government-debt-prefecture-level-city-outstanding/cn-local-government-debt-outstanding-shandong-weihai,https://www.ceicdata.com/zh-hans/china/local-government-debt-prefecture-level-city-outstanding/cn-local-government-debt-outstanding-shandong-weihai,https://www.ceicdata.com/zh-hans/china/local-government-debt-prefecture-level-city-outstanding/cn-local-government-debt-outstanding-shandong-weihai,https://www.ceicdata.com/zh-hans/china/local-government-debt-prefecture-level-city-outstanding/cn-local-government-debt-outstanding-shandong-weihai,https://www.ceicdata.com/zh-hans/china/local-government-debt-prefecture-level-city-outstanding/cn-local-government-debt-outstanding-shandong-weihai,ceic_city_debt_2018_2025.csv,text/plain,2026-08-01,2026-08-01,2025-12-31,2026-08-01T00:00:00+08:00,7bb382054dcbd95f0cea41f20033223f22e041e72bf77d53604b4ecf6ac840a8,archive://national-prefecture-panel/raw/province_debt/secondary/ceic_city_debt_2018_2025.csv,internal_object,raw/province_debt/secondary/ceic_city_debt_2018_2025.csv,,D,200,公开页面已抓取,,商业聚合数据库公开页面；2018—2024 年值来自页面 SVG 图表，2025 年值来自页面元数据。仅作补缺线索和 provisional 暂存，必须回到财政厅、人大预算/决算或官方统计公报复核，不作为最终 A/B/C 级证据。
SRC-SECONDARY-CEIC-CN-371100,CEIC Data,商业数据库,CEIC 城市级地方政府债务余额公开页面：日照市,secondary_public_page,ceic_city_debt_2018_2025.csv,商业数据库城市债务页面,https://www.ceicdata.com/zh-hans/china/local-government-debt-prefecture-level-city-outstanding/cn-local-government-debt-outstanding-shandong-rizhao,https://www.ceicdata.com/zh-hans/china/local-government-debt-prefecture-level-city-outstanding/cn-local-government-debt-outstanding-shandong-rizhao,https://www.ceicdata.com/zh-hans/china/local-government-debt-prefecture-level-city-outstanding/cn-local-government-debt-outstanding-shandong-rizhao,https://www.ceicdata.com/zh-hans/china/local-government-debt-prefecture-level-city-outstanding/cn-local-government-debt-outstanding-shandong-rizhao,https://www.ceicdata.com/zh-hans/china/local-government-debt-prefecture-level-city-outstanding/cn-local-government-debt-outstanding-shandong-rizhao,ceic_city_debt_2018_2025.csv,text/plain,2026-08-01,2026-08-01,2025-12-31,2026-08-01T00:00:00+08:00,7bb382054dcbd95f0cea41f20033223f22e041e72bf77d53604b4ecf6ac840a8,archive://national-prefecture-panel/raw/province_debt/secondary/ceic_city_debt_2018_2025.csv,internal_object,raw/province_debt/secondary/ceic_city_debt_2018_2025.csv,,D,200,公开页面已抓取,,商业聚合数据库公开页面；2018—2024 年值来自页面 SVG 图表，2025 年值来自页面元数据。仅作补缺线索和 provisional 暂存，必须回到财政厅、人大预算/决算或官方统计公报复核，不作为最终 A/B/C 级证据。
SRC-SECONDARY-CEIC-CN-371300,CEIC Data,商业数据库,CEIC 城市级地方政府债务余额公开页面：临沂市,secondary_public_page,ceic_city_debt_2018_2025.csv,商业数据库城市债务页面,https://www.ceicdata.com/zh-hans/china/local-government-debt-prefecture-level-city-outstanding/cn-local-government-debt-outstanding-general-shandong-linyi;https://www.ceicdata.com/zh-hans/china/local-government-debt-prefecture-level-city-outstanding/cn-local-government-debt-outstanding-special-shandong-linyi,https://www.ceicdata.com/zh-hans/china/local-government-debt-prefecture-level-city-outstanding/cn-local-government-debt-outstanding-general-shandong-linyi;https://www.ceicdata.com/zh-hans/china/local-government-debt-prefecture-level-city-outstanding/cn-local-government-debt-outstanding-special-shandong-linyi,https://www.ceicdata.com/zh-hans/china/local-government-debt-prefecture-level-city-outstanding/cn-local-government-debt-outstanding-general-shandong-linyi;https://www.ceicdata.com/zh-hans/china/local-government-debt-prefecture-level-city-outstanding/cn-local-government-debt-outstanding-special-shandong-linyi,https://www.ceicdata.com/zh-hans/china/local-government-debt-prefecture-level-city-outstanding/cn-local-government-debt-outstanding-general-shandong-linyi;https://www.ceicdata.com/zh-hans/china/local-government-debt-prefecture-level-city-outstanding/cn-local-government-debt-outstanding-special-shandong-linyi,https://www.ceicdata.com/zh-hans/china/local-government-debt-prefecture-level-city-outstanding/cn-local-government-debt-outstanding-general-shandong-linyi;https://www.ceicdata.com/zh-hans/china/local-government-debt-prefecture-level-city-outstanding/cn-local-government-debt-outstanding-special-shandong-linyi,ceic_city_debt_2018_2025.csv,text/plain,2026-08-01,2026-08-01,2025-12-31,2026-08-01T00:00:00+08:00,7bb382054dcbd95f0cea41f20033223f22e041e72bf77d53604b4ecf6ac840a8,archive://national-prefecture-panel/raw/province_debt/secondary/ceic_city_debt_2018_2025.csv,internal_object,raw/province_debt/secondary/ceic_city_debt_2018_2025.csv,,D,200,公开页面已抓取,,商业聚合数据库公开页面；2018—2024 年值来自页面 SVG 图表，2025 年值来自页面元数据。仅作补缺线索和 provisional 暂存，必须回到财政厅、人大预算/决算或官方统计公报复核，不作为最终 A/B/C 级证据。
SRC-SECONDARY-CEIC-CN-371400,CEIC Data,商业数据库,CEIC 城市级地方政府债务余额公开页面：德州市,secondary_public_page,ceic_city_debt_2018_2025.csv,商业数据库城市债务页面,https://www.ceicdata.com/zh-hans/china/local-government-debt-prefecture-level-city-outstanding/cn-local-government-debt-outstanding-general-shandong-dezhou;https://www.ceicdata.com/zh-hans/china/local-government-debt-prefecture-level-city-outstanding/cn-local-government-debt-outstanding-special-shandong-dezhou,https://www.ceicdata.com/zh-hans/china/local-government-debt-prefecture-level-city-outstanding/cn-local-government-debt-outstanding-general-shandong-dezhou;https://www.ceicdata.com/zh-hans/china/local-government-debt-prefecture-level-city-outstanding/cn-local-government-debt-outstanding-special-shandong-dezhou,https://www.ceicdata.com/zh-hans/china/local-government-debt-prefecture-level-city-outstanding/cn-local-government-debt-outstanding-general-shandong-dezhou;https://www.ceicdata.com/zh-hans/china/local-government-debt-prefecture-level-city-outstanding/cn-local-government-debt-outstanding-special-shandong-dezhou,https://www.ceicdata.com/zh-hans/china/local-government-debt-prefecture-level-city-outstanding/cn-local-government-debt-outstanding-general-shandong-dezhou;https://www.ceicdata.com/zh-hans/china/local-government-debt-prefecture-level-city-outstanding/cn-local-government-debt-outstanding-special-shandong-dezhou,https://www.ceicdata.com/zh-hans/china/local-government-debt-prefecture-level-city-outstanding/cn-local-government-debt-outstanding-general-shandong-dezhou;https://www.ceicdata.com/zh-hans/china/local-government-debt-prefecture-level-city-outstanding/cn-local-government-debt-outstanding-special-shandong-dezhou,ceic_city_debt_2018_2025.csv,text/plain,2026-08-01,2026-08-01,2025-12-31,2026-08-01T00:00:00+08:00,7bb382054dcbd95f0cea41f20033223f22e041e72bf77d53604b4ecf6ac840a8,archive://national-prefecture-panel/raw/province_debt/secondary/ceic_city_debt_2018_2025.csv,internal_object,raw/province_debt/secondary/ceic_city_debt_2018_2025.csv,,D,200,公开页面已抓取,,商业聚合数据库公开页面；2018—2024 年值来自页面 SVG 图表，2025 年值来自页面元数据。仅作补缺线索和 provisional 暂存，必须回到财政厅、人大预算/决算或官方统计公报复核，不作为最终 A/B/C 级证据。
SRC-SECONDARY-CEIC-CN-371500,CEIC Data,商业数据库,CEIC 城市级地方政府债务余额公开页面：聊城市,secondary_public_page,ceic_city_debt_2018_2025.csv,商业数据库城市债务页面,https://www.ceicdata.com/zh-hans/china/local-government-debt-prefecture-level-city-outstanding/cn-local-government-debt-outstanding-general-shandong-liaocheng;https://www.ceicdata.com/zh-hans/china/local-government-debt-prefecture-level-city-outstanding/cn-local-government-debt-outstanding-special-shandong-liaocheng,https://www.ceicdata.com/zh-hans/china/local-government-debt-prefecture-level-city-outstanding/cn-local-government-debt-outstanding-general-shandong-liaocheng;https://www.ceicdata.com/zh-hans/china/local-government-debt-prefecture-level-city-outstanding/cn-local-government-debt-outstanding-special-shandong-liaocheng,https://www.ceicdata.com/zh-hans/china/local-government-debt-prefecture-level-city-outstanding/cn-local-government-debt-outstanding-general-shandong-liaocheng;https://www.ceicdata.com/zh-hans/china/local-government-debt-prefecture-level-city-outstanding/cn-local-government-debt-outstanding-special-shandong-liaocheng,https://www.ceicdata.com/zh-hans/china/local-government-debt-prefecture-level-city-outstanding/cn-local-government-debt-outstanding-general-shandong-liaocheng;https://www.ceicdata.com/zh-hans/china/local-government-debt-prefecture-level-city-outstanding/cn-local-government-debt-outstanding-special-shandong-liaocheng,https://www.ceicdata.com/zh-hans/china/local-government-debt-prefecture-level-city-outstanding/cn-local-government-debt-outstanding-general-shandong-liaocheng;https://www.ceicdata.com/zh-hans/china/local-government-debt-prefecture-level-city-outstanding/cn-local-government-debt-outstanding-special-shandong-liaocheng,ceic_city_debt_2018_2025.csv,text/plain,2026-08-01,2026-08-01,2025-12-31,2026-08-01T00:00:00+08:00,7bb382054dcbd95f0cea41f20033223f22e041e72bf77d53604b4ecf6ac840a8,archive://national-prefecture-panel/raw/province_debt/secondary/ceic_city_debt_2018_2025.csv,internal_object,raw/province_debt/secondary/ceic_city_debt_2018_2025.csv,,D,200,公开页面已抓取,,商业聚合数据库公开页面；2018—2024 年值来自页面 SVG 图表，2025 年值来自页面元数据。仅作补缺线索和 provisional 暂存，必须回到财政厅、人大预算/决算或官方统计公报复核，不作为最终 A/B/C 级证据。
SRC-SECONDARY-CEIC-CN-371700,CEIC Data,商业数据库,CEIC 城市级地方政府债务余额公开页面：菏泽市,secondary_public_page,ceic_city_debt_2018_2025.csv,商业数据库城市债务页面,https://www.ceicdata.com/zh-hans/china/local-government-debt-prefecture-level-city-outstanding/cn-local-government-debt-outstanding-shandong-heze,https://www.ceicdata.com/zh-hans/china/local-government-debt-prefecture-level-city-outstanding/cn-local-government-debt-outstanding-shandong-heze,https://www.ceicdata.com/zh-hans/china/local-government-debt-prefecture-level-city-outstanding/cn-local-government-debt-outstanding-shandong-heze,https://www.ceicdata.com/zh-hans/china/local-government-debt-prefecture-level-city-outstanding/cn-local-government-debt-outstanding-shandong-heze,https://www.ceicdata.com/zh-hans/china/local-government-debt-prefecture-level-city-outstanding/cn-local-government-debt-outstanding-shandong-heze,ceic_city_debt_2018_2025.csv,text/plain,2026-08-01,2026-08-01,2025-12-31,2026-08-01T00:00:00+08:00,7bb382054dcbd95f0cea41f20033223f22e041e72bf77d53604b4ecf6ac840a8,archive://national-prefecture-panel/raw/province_debt/secondary/ceic_city_debt_2018_2025.csv,internal_object,raw/province_debt/secondary/ceic_city_debt_2018_2025.csv,,D,200,公开页面已抓取,,商业聚合数据库公开页面；2018—2024 年值来自页面 SVG 图表，2025 年值来自页面元数据。仅作补缺线索和 provisional 暂存，必须回到财政厅、人大预算/决算或官方统计公报复核，不作为最终 A/B/C 级证据。
SRC-SECONDARY-CEIC-CN-410100,CEIC Data,商业数据库,CEIC 城市级地方政府债务余额公开页面：郑州市,secondary_public_page,ceic_city_debt_2018_2025.csv,商业数据库城市债务页面,https://www.ceicdata.com/zh-hans/china/local-government-debt-prefecture-level-city-outstanding/cn-local-government-debt-outstanding-henan-zhengzhou,https://www.ceicdata.com/zh-hans/china/local-government-debt-prefecture-level-city-outstanding/cn-local-government-debt-outstanding-henan-zhengzhou,https://www.ceicdata.com/zh-hans/china/local-government-debt-prefecture-level-city-outstanding/cn-local-government-debt-outstanding-henan-zhengzhou,https://www.ceicdata.com/zh-hans/china/local-government-debt-prefecture-level-city-outstanding/cn-local-government-debt-outstanding-henan-zhengzhou,https://www.ceicdata.com/zh-hans/china/local-government-debt-prefecture-level-city-outstanding/cn-local-government-debt-outstanding-henan-zhengzhou,ceic_city_debt_2018_2025.csv,text/plain,2026-08-01,2026-08-01,2025-12-31,2026-08-01T00:00:00+08:00,7bb382054dcbd95f0cea41f20033223f22e041e72bf77d53604b4ecf6ac840a8,archive://national-prefecture-panel/raw/province_debt/secondary/ceic_city_debt_2018_2025.csv,internal_object,raw/province_debt/secondary/ceic_city_debt_2018_2025.csv,,D,200,公开页面已抓取,,商业聚合数据库公开页面；2018—2024 年值来自页面 SVG 图表，2025 年值来自页面元数据。仅作补缺线索和 provisional 暂存，必须回到财政厅、人大预算/决算或官方统计公报复核，不作为最终 A/B/C 级证据。
SRC-SECONDARY-CEIC-CN-420100,CEIC Data,商业数据库,CEIC 城市级地方政府债务余额公开页面：武汉市,secondary_public_page,ceic_city_debt_2018_2025.csv,商业数据库城市债务页面,https://www.ceicdata.com/zh-hans/china/local-government-debt-prefecture-level-city-outstanding/cn-local-government-debt-outstanding-hubei-wuhan,https://www.ceicdata.com/zh-hans/china/local-government-debt-prefecture-level-city-outstanding/cn-local-government-debt-outstanding-hubei-wuhan,https://www.ceicdata.com/zh-hans/china/local-government-debt-prefecture-level-city-outstanding/cn-local-government-debt-outstanding-hubei-wuhan,https://www.ceicdata.com/zh-hans/china/local-government-debt-prefecture-level-city-outstanding/cn-local-government-debt-outstanding-hubei-wuhan,https://www.ceicdata.com/zh-hans/china/local-government-debt-prefecture-level-city-outstanding/cn-local-government-debt-outstanding-hubei-wuhan,ceic_city_debt_2018_2025.csv,text/plain,2026-08-01,2026-08-01,2025-12-31,2026-08-01T00:00:00+08:00,7bb382054dcbd95f0cea41f20033223f22e041e72bf77d53604b4ecf6ac840a8,archive://national-prefecture-panel/raw/province_debt/secondary/ceic_city_debt_2018_2025.csv,internal_object,raw/province_debt/secondary/ceic_city_debt_2018_2025.csv,,D,200,公开页面已抓取,,商业聚合数据库公开页面；2018—2024 年值来自页面 SVG 图表，2025 年值来自页面元数据。仅作补缺线索和 provisional 暂存，必须回到财政厅、人大预算/决算或官方统计公报复核，不作为最终 A/B/C 级证据。
SRC-SECONDARY-CEIC-CN-420200,CEIC Data,商业数据库,CEIC 城市级地方政府债务余额公开页面：黄石市,secondary_public_page,ceic_city_debt_2018_2025.csv,商业数据库城市债务页面,https://www.ceicdata.com/zh-hans/china/local-government-debt-prefecture-level-city-outstanding/cn-local-government-debt-outstanding-hubei-huangshi,https://www.ceicdata.com/zh-hans/china/local-government-debt-prefecture-level-city-outstanding/cn-local-government-debt-outstanding-hubei-huangshi,https://www.ceicdata.com/zh-hans/china/local-government-debt-prefecture-level-city-outstanding/cn-local-government-debt-outstanding-hubei-huangshi,https://www.ceicdata.com/zh-hans/china/local-government-debt-prefecture-level-city-outstanding/cn-local-government-debt-outstanding-hubei-huangshi,https://www.ceicdata.com/zh-hans/china/local-government-debt-prefecture-level-city-outstanding/cn-local-government-debt-outstanding-hubei-huangshi,ceic_city_debt_2018_2025.csv,text/plain,2026-08-01,2026-08-01,2025-12-31,2026-08-01T00:00:00+08:00,7bb382054dcbd95f0cea41f20033223f22e041e72bf77d53604b4ecf6ac840a8,archive://national-prefecture-panel/raw/province_debt/secondary/ceic_city_debt_2018_2025.csv,internal_object,raw/province_debt/secondary/ceic_city_debt_2018_2025.csv,,D,200,公开页面已抓取,,商业聚合数据库公开页面；2018—2024 年值来自页面 SVG 图表，2025 年值来自页面元数据。仅作补缺线索和 provisional 暂存，必须回到财政厅、人大预算/决算或官方统计公报复核，不作为最终 A/B/C 级证据。
SRC-SECONDARY-CEIC-CN-420300,CEIC Data,商业数据库,CEIC 城市级地方政府债务余额公开页面：十堰市,secondary_public_page,ceic_city_debt_2018_2025.csv,商业数据库城市债务页面,https://www.ceicdata.com/zh-hans/china/local-government-debt-prefecture-level-city-outstanding/cn-local-government-debt-outstanding-general-hubei-shiyan;https://www.ceicdata.com/zh-hans/china/local-government-debt-prefecture-level-city-outstanding/cn-local-government-debt-outstanding-special-hubei-shiyan,https://www.ceicdata.com/zh-hans/china/local-government-debt-prefecture-level-city-outstanding/cn-local-government-debt-outstanding-general-hubei-shiyan;https://www.ceicdata.com/zh-hans/china/local-government-debt-prefecture-level-city-outstanding/cn-local-government-debt-outstanding-special-hubei-shiyan,https://www.ceicdata.com/zh-hans/china/local-government-debt-prefecture-level-city-outstanding/cn-local-government-debt-outstanding-general-hubei-shiyan;https://www.ceicdata.com/zh-hans/china/local-government-debt-prefecture-level-city-outstanding/cn-local-government-debt-outstanding-special-hubei-shiyan,https://www.ceicdata.com/zh-hans/china/local-government-debt-prefecture-level-city-outstanding/cn-local-government-debt-outstanding-general-hubei-shiyan;https://www.ceicdata.com/zh-hans/china/local-government-debt-prefecture-level-city-outstanding/cn-local-government-debt-outstanding-special-hubei-shiyan,https://www.ceicdata.com/zh-hans/china/local-government-debt-prefecture-level-city-outstanding/cn-local-government-debt-outstanding-general-hubei-shiyan;https://www.ceicdata.com/zh-hans/china/local-government-debt-prefecture-level-city-outstanding/cn-local-government-debt-outstanding-special-hubei-shiyan,ceic_city_debt_2018_2025.csv,text/plain,2026-08-01,2026-08-01,2025-12-31,2026-08-01T00:00:00+08:00,7bb382054dcbd95f0cea41f20033223f22e041e72bf77d53604b4ecf6ac840a8,archive://national-prefecture-panel/raw/province_debt/secondary/ceic_city_debt_2018_2025.csv,internal_object,raw/province_debt/secondary/ceic_city_debt_2018_2025.csv,,D,200,公开页面已抓取,,商业聚合数据库公开页面；2018—2024 年值来自页面 SVG 图表，2025 年值来自页面元数据。仅作补缺线索和 provisional 暂存，必须回到财政厅、人大预算/决算或官方统计公报复核，不作为最终 A/B/C 级证据。
SRC-SECONDARY-CEIC-CN-420500,CEIC Data,商业数据库,CEIC 城市级地方政府债务余额公开页面：宜昌市,secondary_public_page,ceic_city_debt_2018_2025.csv,商业数据库城市债务页面,https://www.ceicdata.com/zh-hans/china/local-government-debt-prefecture-level-city-outstanding/cn-local-government-debt-outstanding-general-hubei-yichang;https://www.ceicdata.com/zh-hans/china/local-government-debt-prefecture-level-city-outstanding/cn-local-government-debt-outstanding-special-hubei-yichang,https://www.ceicdata.com/zh-hans/china/local-government-debt-prefecture-level-city-outstanding/cn-local-government-debt-outstanding-general-hubei-yichang;https://www.ceicdata.com/zh-hans/china/local-government-debt-prefecture-level-city-outstanding/cn-local-government-debt-outstanding-special-hubei-yichang,https://www.ceicdata.com/zh-hans/china/local-government-debt-prefecture-level-city-outstanding/cn-local-government-debt-outstanding-general-hubei-yichang;https://www.ceicdata.com/zh-hans/china/local-government-debt-prefecture-level-city-outstanding/cn-local-government-debt-outstanding-special-hubei-yichang,https://www.ceicdata.com/zh-hans/china/local-government-debt-prefecture-level-city-outstanding/cn-local-government-debt-outstanding-general-hubei-yichang;https://www.ceicdata.com/zh-hans/china/local-government-debt-prefecture-level-city-outstanding/cn-local-government-debt-outstanding-special-hubei-yichang,https://www.ceicdata.com/zh-hans/china/local-government-debt-prefecture-level-city-outstanding/cn-local-government-debt-outstanding-general-hubei-yichang;https://www.ceicdata.com/zh-hans/china/local-government-debt-prefecture-level-city-outstanding/cn-local-government-debt-outstanding-special-hubei-yichang,ceic_city_debt_2018_2025.csv,text/plain,2026-08-01,2026-08-01,2025-12-31,2026-08-01T00:00:00+08:00,7bb382054dcbd95f0cea41f20033223f22e041e72bf77d53604b4ecf6ac840a8,archive://national-prefecture-panel/raw/province_debt/secondary/ceic_city_debt_2018_2025.csv,internal_object,raw/province_debt/secondary/ceic_city_debt_2018_2025.csv,,D,200,公开页面已抓取,,商业聚合数据库公开页面；2018—2024 年值来自页面 SVG 图表，2025 年值来自页面元数据。仅作补缺线索和 provisional 暂存，必须回到财政厅、人大预算/决算或官方统计公报复核，不作为最终 A/B/C 级证据。
SRC-SECONDARY-CEIC-CN-420600,CEIC Data,商业数据库,CEIC 城市级地方政府债务余额公开页面：襄阳市,secondary_public_page,ceic_city_debt_2018_2025.csv,商业数据库城市债务页面,https://www.ceicdata.com/zh-hans/china/local-government-debt-prefecture-level-city-outstanding/cn-local-government-debt-outstanding-hubei-xiangyang,https://www.ceicdata.com/zh-hans/china/local-government-debt-prefecture-level-city-outstanding/cn-local-government-debt-outstanding-hubei-xiangyang,https://www.ceicdata.com/zh-hans/china/local-government-debt-prefecture-level-city-outstanding/cn-local-government-debt-outstanding-hubei-xiangyang,https://www.ceicdata.com/zh-hans/china/local-government-debt-prefecture-level-city-outstanding/cn-local-government-debt-outstanding-hubei-xiangyang,https://www.ceicdata.com/zh-hans/china/local-government-debt-prefecture-level-city-outstanding/cn-local-government-debt-outstanding-hubei-xiangyang,ceic_city_debt_2018_2025.csv,text/plain,2026-08-01,2026-08-01,2025-12-31,2026-08-01T00:00:00+08:00,7bb382054dcbd95f0cea41f20033223f22e041e72bf77d53604b4ecf6ac840a8,archive://national-prefecture-panel/raw/province_debt/secondary/ceic_city_debt_2018_2025.csv,internal_object,raw/province_debt/secondary/ceic_city_debt_2018_2025.csv,,D,200,公开页面已抓取,,商业聚合数据库公开页面；2018—2024 年值来自页面 SVG 图表，2025 年值来自页面元数据。仅作补缺线索和 provisional 暂存，必须回到财政厅、人大预算/决算或官方统计公报复核，不作为最终 A/B/C 级证据。
SRC-SECONDARY-CEIC-CN-420700,CEIC Data,商业数据库,CEIC 城市级地方政府债务余额公开页面：鄂州市,secondary_public_page,ceic_city_debt_2018_2025.csv,商业数据库城市债务页面,https://www.ceicdata.com/zh-hans/china/local-government-debt-prefecture-level-city-outstanding/cn-local-government-debt-outstanding-hubei-ezhou,https://www.ceicdata.com/zh-hans/china/local-government-debt-prefecture-level-city-outstanding/cn-local-government-debt-outstanding-hubei-ezhou,https://www.ceicdata.com/zh-hans/china/local-government-debt-prefecture-level-city-outstanding/cn-local-government-debt-outstanding-hubei-ezhou,https://www.ceicdata.com/zh-hans/china/local-government-debt-prefecture-level-city-outstanding/cn-local-government-debt-outstanding-hubei-ezhou,https://www.ceicdata.com/zh-hans/china/local-government-debt-prefecture-level-city-outstanding/cn-local-government-debt-outstanding-hubei-ezhou,ceic_city_debt_2018_2025.csv,text/plain,2026-08-01,2026-08-01,2025-12-31,2026-08-01T00:00:00+08:00,7bb382054dcbd95f0cea41f20033223f22e041e72bf77d53604b4ecf6ac840a8,archive://national-prefecture-panel/raw/province_debt/secondary/ceic_city_debt_2018_2025.csv,internal_object,raw/province_debt/secondary/ceic_city_debt_2018_2025.csv,,D,200,公开页面已抓取,,商业聚合数据库公开页面；2018—2024 年值来自页面 SVG 图表，2025 年值来自页面元数据。仅作补缺线索和 provisional 暂存，必须回到财政厅、人大预算/决算或官方统计公报复核，不作为最终 A/B/C 级证据。
SRC-SECONDARY-CEIC-CN-420800,CEIC Data,商业数据库,CEIC 城市级地方政府债务余额公开页面：荆门市,secondary_public_page,ceic_city_debt_2018_2025.csv,商业数据库城市债务页面,https://www.ceicdata.com/zh-hans/china/local-government-debt-prefecture-level-city-outstanding/cn-local-government-debt-outstanding-hubei-jingmen,https://www.ceicdata.com/zh-hans/china/local-government-debt-prefecture-level-city-outstanding/cn-local-government-debt-outstanding-hubei-jingmen,https://www.ceicdata.com/zh-hans/china/local-government-debt-prefecture-level-city-outstanding/cn-local-government-debt-outstanding-hubei-jingmen,https://www.ceicdata.com/zh-hans/china/local-government-debt-prefecture-level-city-outstanding/cn-local-government-debt-outstanding-hubei-jingmen,https://www.ceicdata.com/zh-hans/china/local-government-debt-prefecture-level-city-outstanding/cn-local-government-debt-outstanding-hubei-jingmen,ceic_city_debt_2018_2025.csv,text/plain,2026-08-01,2026-08-01,2025-12-31,2026-08-01T00:00:00+08:00,7bb382054dcbd95f0cea41f20033223f22e041e72bf77d53604b4ecf6ac840a8,archive://national-prefecture-panel/raw/province_debt/secondary/ceic_city_debt_2018_2025.csv,internal_object,raw/province_debt/secondary/ceic_city_debt_2018_2025.csv,,D,200,公开页面已抓取,,商业聚合数据库公开页面；2018—2024 年值来自页面 SVG 图表，2025 年值来自页面元数据。仅作补缺线索和 provisional 暂存，必须回到财政厅、人大预算/决算或官方统计公报复核，不作为最终 A/B/C 级证据。
SRC-SECONDARY-CEIC-CN-420900,CEIC Data,商业数据库,CEIC 城市级地方政府债务余额公开页面：孝感市,secondary_public_page,ceic_city_debt_2018_2025.csv,商业数据库城市债务页面,https://www.ceicdata.com/zh-hans/china/local-government-debt-prefecture-level-city-outstanding/cn-local-government-debt-outstanding-hubei-xiaogan,https://www.ceicdata.com/zh-hans/china/local-government-debt-prefecture-level-city-outstanding/cn-local-government-debt-outstanding-hubei-xiaogan,https://www.ceicdata.com/zh-hans/china/local-government-debt-prefecture-level-city-outstanding/cn-local-government-debt-outstanding-hubei-xiaogan,https://www.ceicdata.com/zh-hans/china/local-government-debt-prefecture-level-city-outstanding/cn-local-government-debt-outstanding-hubei-xiaogan,https://www.ceicdata.com/zh-hans/china/local-government-debt-prefecture-level-city-outstanding/cn-local-government-debt-outstanding-hubei-xiaogan,ceic_city_debt_2018_2025.csv,text/plain,2026-08-01,2026-08-01,2025-12-31,2026-08-01T00:00:00+08:00,7bb382054dcbd95f0cea41f20033223f22e041e72bf77d53604b4ecf6ac840a8,archive://national-prefecture-panel/raw/province_debt/secondary/ceic_city_debt_2018_2025.csv,internal_object,raw/province_debt/secondary/ceic_city_debt_2018_2025.csv,,D,200,公开页面已抓取,,商业聚合数据库公开页面；2018—2024 年值来自页面 SVG 图表，2025 年值来自页面元数据。仅作补缺线索和 provisional 暂存，必须回到财政厅、人大预算/决算或官方统计公报复核，不作为最终 A/B/C 级证据。
SRC-SECONDARY-CEIC-CN-421000,CEIC Data,商业数据库,CEIC 城市级地方政府债务余额公开页面：荆州市,secondary_public_page,ceic_city_debt_2018_2025.csv,商业数据库城市债务页面,https://www.ceicdata.com/zh-hans/china/local-government-debt-prefecture-level-city-outstanding/cn-local-government-debt-outstanding-general-hubei-jingzhou;https://www.ceicdata.com/zh-hans/china/local-government-debt-prefecture-level-city-outstanding/cn-local-government-debt-outstanding-special-hubei-jingzhou,https://www.ceicdata.com/zh-hans/china/local-government-debt-prefecture-level-city-outstanding/cn-local-government-debt-outstanding-general-hubei-jingzhou;https://www.ceicdata.com/zh-hans/china/local-government-debt-prefecture-level-city-outstanding/cn-local-government-debt-outstanding-special-hubei-jingzhou,https://www.ceicdata.com/zh-hans/china/local-government-debt-prefecture-level-city-outstanding/cn-local-government-debt-outstanding-general-hubei-jingzhou;https://www.ceicdata.com/zh-hans/china/local-government-debt-prefecture-level-city-outstanding/cn-local-government-debt-outstanding-special-hubei-jingzhou,https://www.ceicdata.com/zh-hans/china/local-government-debt-prefecture-level-city-outstanding/cn-local-government-debt-outstanding-general-hubei-jingzhou;https://www.ceicdata.com/zh-hans/china/local-government-debt-prefecture-level-city-outstanding/cn-local-government-debt-outstanding-special-hubei-jingzhou,https://www.ceicdata.com/zh-hans/china/local-government-debt-prefecture-level-city-outstanding/cn-local-government-debt-outstanding-general-hubei-jingzhou;https://www.ceicdata.com/zh-hans/china/local-government-debt-prefecture-level-city-outstanding/cn-local-government-debt-outstanding-special-hubei-jingzhou,ceic_city_debt_2018_2025.csv,text/plain,2026-08-01,2026-08-01,2025-12-31,2026-08-01T00:00:00+08:00,7bb382054dcbd95f0cea41f20033223f22e041e72bf77d53604b4ecf6ac840a8,archive://national-prefecture-panel/raw/province_debt/secondary/ceic_city_debt_2018_2025.csv,internal_object,raw/province_debt/secondary/ceic_city_debt_2018_2025.csv,,D,200,公开页面已抓取,,商业聚合数据库公开页面；2018—2024 年值来自页面 SVG 图表，2025 年值来自页面元数据。仅作补缺线索和 provisional 暂存，必须回到财政厅、人大预算/决算或官方统计公报复核，不作为最终 A/B/C 级证据。
SRC-SECONDARY-CEIC-CN-421200,CEIC Data,商业数据库,CEIC 城市级地方政府债务余额公开页面：咸宁市,secondary_public_page,ceic_city_debt_2018_2025.csv,商业数据库城市债务页面,https://www.ceicdata.com/zh-hans/china/local-government-debt-prefecture-level-city-outstanding/cn-local-government-debt-outstanding-hubei-xianning,https://www.ceicdata.com/zh-hans/china/local-government-debt-prefecture-level-city-outstanding/cn-local-government-debt-outstanding-hubei-xianning,https://www.ceicdata.com/zh-hans/china/local-government-debt-prefecture-level-city-outstanding/cn-local-government-debt-outstanding-hubei-xianning,https://www.ceicdata.com/zh-hans/china/local-government-debt-prefecture-level-city-outstanding/cn-local-government-debt-outstanding-hubei-xianning,https://www.ceicdata.com/zh-hans/china/local-government-debt-prefecture-level-city-outstanding/cn-local-government-debt-outstanding-hubei-xianning,ceic_city_debt_2018_2025.csv,text/plain,2026-08-01,2026-08-01,2025-12-31,2026-08-01T00:00:00+08:00,7bb382054dcbd95f0cea41f20033223f22e041e72bf77d53604b4ecf6ac840a8,archive://national-prefecture-panel/raw/province_debt/secondary/ceic_city_debt_2018_2025.csv,internal_object,raw/province_debt/secondary/ceic_city_debt_2018_2025.csv,,D,200,公开页面已抓取,,商业聚合数据库公开页面；2018—2024 年值来自页面 SVG 图表，2025 年值来自页面元数据。仅作补缺线索和 provisional 暂存，必须回到财政厅、人大预算/决算或官方统计公报复核，不作为最终 A/B/C 级证据。
SRC-SECONDARY-CEIC-CN-430100,CEIC Data,商业数据库,CEIC 城市级地方政府债务余额公开页面：长沙市,secondary_public_page,ceic_city_debt_2018_2025.csv,商业数据库城市债务页面,https://www.ceicdata.com/zh-hans/china/local-government-debt-prefecture-level-city-outstanding/cn-local-government-debt-outstanding-hunan-changsha,https://www.ceicdata.com/zh-hans/china/local-government-debt-prefecture-level-city-outstanding/cn-local-government-debt-outstanding-hunan-changsha,https://www.ceicdata.com/zh-hans/china/local-government-debt-prefecture-level-city-outstanding/cn-local-government-debt-outstanding-hunan-changsha,https://www.ceicdata.com/zh-hans/china/local-government-debt-prefecture-level-city-outstanding/cn-local-government-debt-outstanding-hunan-changsha,https://www.ceicdata.com/zh-hans/china/local-government-debt-prefecture-level-city-outstanding/cn-local-government-debt-outstanding-hunan-changsha,ceic_city_debt_2018_2025.csv,text/plain,2026-08-01,2026-08-01,2025-12-31,2026-08-01T00:00:00+08:00,7bb382054dcbd95f0cea41f20033223f22e041e72bf77d53604b4ecf6ac840a8,archive://national-prefecture-panel/raw/province_debt/secondary/ceic_city_debt_2018_2025.csv,internal_object,raw/province_debt/secondary/ceic_city_debt_2018_2025.csv,,D,200,公开页面已抓取,,商业聚合数据库公开页面；2018—2024 年值来自页面 SVG 图表，2025 年值来自页面元数据。仅作补缺线索和 provisional 暂存，必须回到财政厅、人大预算/决算或官方统计公报复核，不作为最终 A/B/C 级证据。
SRC-SECONDARY-CEIC-CN-430300,CEIC Data,商业数据库,CEIC 城市级地方政府债务余额公开页面：湘潭市,secondary_public_page,ceic_city_debt_2018_2025.csv,商业数据库城市债务页面,https://www.ceicdata.com/zh-hans/china/local-government-debt-prefecture-level-city-outstanding/cn-local-government-debt-outstanding-general-hunan-xiangtan;https://www.ceicdata.com/zh-hans/china/local-government-debt-prefecture-level-city-outstanding/cn-local-government-debt-outstanding-special-hunan-xiangtan,https://www.ceicdata.com/zh-hans/china/local-government-debt-prefecture-level-city-outstanding/cn-local-government-debt-outstanding-general-hunan-xiangtan;https://www.ceicdata.com/zh-hans/china/local-government-debt-prefecture-level-city-outstanding/cn-local-government-debt-outstanding-special-hunan-xiangtan,https://www.ceicdata.com/zh-hans/china/local-government-debt-prefecture-level-city-outstanding/cn-local-government-debt-outstanding-general-hunan-xiangtan;https://www.ceicdata.com/zh-hans/china/local-government-debt-prefecture-level-city-outstanding/cn-local-government-debt-outstanding-special-hunan-xiangtan,https://www.ceicdata.com/zh-hans/china/local-government-debt-prefecture-level-city-outstanding/cn-local-government-debt-outstanding-general-hunan-xiangtan;https://www.ceicdata.com/zh-hans/china/local-government-debt-prefecture-level-city-outstanding/cn-local-government-debt-outstanding-special-hunan-xiangtan,https://www.ceicdata.com/zh-hans/china/local-government-debt-prefecture-level-city-outstanding/cn-local-government-debt-outstanding-general-hunan-xiangtan;https://www.ceicdata.com/zh-hans/china/local-government-debt-prefecture-level-city-outstanding/cn-local-government-debt-outstanding-special-hunan-xiangtan,ceic_city_debt_2018_2025.csv,text/plain,2026-08-01,2026-08-01,2025-12-31,2026-08-01T00:00:00+08:00,7bb382054dcbd95f0cea41f20033223f22e041e72bf77d53604b4ecf6ac840a8,archive://national-prefecture-panel/raw/province_debt/secondary/ceic_city_debt_2018_2025.csv,internal_object,raw/province_debt/secondary/ceic_city_debt_2018_2025.csv,,D,200,公开页面已抓取,,商业聚合数据库公开页面；2018—2024 年值来自页面 SVG 图表，2025 年值来自页面元数据。仅作补缺线索和 provisional 暂存，必须回到财政厅、人大预算/决算或官方统计公报复核，不作为最终 A/B/C 级证据。
SRC-SECONDARY-CEIC-CN-430400,CEIC Data,商业数据库,CEIC 城市级地方政府债务余额公开页面：衡阳市,secondary_public_page,ceic_city_debt_2018_2025.csv,商业数据库城市债务页面,https://www.ceicdata.com/zh-hans/china/local-government-debt-prefecture-level-city-outstanding/cn-local-government-debt-outstanding-hunan-hengyang,https://www.ceicdata.com/zh-hans/china/local-government-debt-prefecture-level-city-outstanding/cn-local-government-debt-outstanding-hunan-hengyang,https://www.ceicdata.com/zh-hans/china/local-government-debt-prefecture-level-city-outstanding/cn-local-government-debt-outstanding-hunan-hengyang,https://www.ceicdata.com/zh-hans/china/local-government-debt-prefecture-level-city-outstanding/cn-local-government-debt-outstanding-hunan-hengyang,https://www.ceicdata.com/zh-hans/china/local-government-debt-prefecture-level-city-outstanding/cn-local-government-debt-outstanding-hunan-hengyang,ceic_city_debt_2018_2025.csv,text/plain,2026-08-01,2026-08-01,2025-12-31,2026-08-01T00:00:00+08:00,7bb382054dcbd95f0cea41f20033223f22e041e72bf77d53604b4ecf6ac840a8,archive://national-prefecture-panel/raw/province_debt/secondary/ceic_city_debt_2018_2025.csv,internal_object,raw/province_debt/secondary/ceic_city_debt_2018_2025.csv,,D,200,公开页面已抓取,,商业聚合数据库公开页面；2018—2024 年值来自页面 SVG 图表，2025 年值来自页面元数据。仅作补缺线索和 provisional 暂存，必须回到财政厅、人大预算/决算或官方统计公报复核，不作为最终 A/B/C 级证据。
SRC-SECONDARY-CEIC-CN-430500,CEIC Data,商业数据库,CEIC 城市级地方政府债务余额公开页面：邵阳市,secondary_public_page,ceic_city_debt_2018_2025.csv,商业数据库城市债务页面,https://www.ceicdata.com/zh-hans/china/local-government-debt-prefecture-level-city-outstanding/cn-local-government-debt-outstanding-hunan-shaoyang,https://www.ceicdata.com/zh-hans/china/local-government-debt-prefecture-level-city-outstanding/cn-local-government-debt-outstanding-hunan-shaoyang,https://www.ceicdata.com/zh-hans/china/local-government-debt-prefecture-level-city-outstanding/cn-local-government-debt-outstanding-hunan-shaoyang,https://www.ceicdata.com/zh-hans/china/local-government-debt-prefecture-level-city-outstanding/cn-local-government-debt-outstanding-hunan-shaoyang,https://www.ceicdata.com/zh-hans/china/local-government-debt-prefecture-level-city-outstanding/cn-local-government-debt-outstanding-hunan-shaoyang,ceic_city_debt_2018_2025.csv,text/plain,2026-08-01,2026-08-01,2025-12-31,2026-08-01T00:00:00+08:00,7bb382054dcbd95f0cea41f20033223f22e041e72bf77d53604b4ecf6ac840a8,archive://national-prefecture-panel/raw/province_debt/secondary/ceic_city_debt_2018_2025.csv,internal_object,raw/province_debt/secondary/ceic_city_debt_2018_2025.csv,,D,200,公开页面已抓取,,商业聚合数据库公开页面；2018—2024 年值来自页面 SVG 图表，2025 年值来自页面元数据。仅作补缺线索和 provisional 暂存，必须回到财政厅、人大预算/决算或官方统计公报复核，不作为最终 A/B/C 级证据。
SRC-SECONDARY-CEIC-CN-430600,CEIC Data,商业数据库,CEIC 城市级地方政府债务余额公开页面：岳阳市,secondary_public_page,ceic_city_debt_2018_2025.csv,商业数据库城市债务页面,https://www.ceicdata.com/zh-hans/china/local-government-debt-prefecture-level-city-outstanding/cn-local-government-debt-outstanding-general-hunan-yueyang;https://www.ceicdata.com/zh-hans/china/local-government-debt-prefecture-level-city-outstanding/cn-local-government-debt-outstanding-special-hunan-yueyang,https://www.ceicdata.com/zh-hans/china/local-government-debt-prefecture-level-city-outstanding/cn-local-government-debt-outstanding-general-hunan-yueyang;https://www.ceicdata.com/zh-hans/china/local-government-debt-prefecture-level-city-outstanding/cn-local-government-debt-outstanding-special-hunan-yueyang,https://www.ceicdata.com/zh-hans/china/local-government-debt-prefecture-level-city-outstanding/cn-local-government-debt-outstanding-general-hunan-yueyang;https://www.ceicdata.com/zh-hans/china/local-government-debt-prefecture-level-city-outstanding/cn-local-government-debt-outstanding-special-hunan-yueyang,https://www.ceicdata.com/zh-hans/china/local-government-debt-prefecture-level-city-outstanding/cn-local-government-debt-outstanding-general-hunan-yueyang;https://www.ceicdata.com/zh-hans/china/local-government-debt-prefecture-level-city-outstanding/cn-local-government-debt-outstanding-special-hunan-yueyang,https://www.ceicdata.com/zh-hans/china/local-government-debt-prefecture-level-city-outstanding/cn-local-government-debt-outstanding-general-hunan-yueyang;https://www.ceicdata.com/zh-hans/china/local-government-debt-prefecture-level-city-outstanding/cn-local-government-debt-outstanding-special-hunan-yueyang,ceic_city_debt_2018_2025.csv,text/plain,2026-08-01,2026-08-01,2025-12-31,2026-08-01T00:00:00+08:00,7bb382054dcbd95f0cea41f20033223f22e041e72bf77d53604b4ecf6ac840a8,archive://national-prefecture-panel/raw/province_debt/secondary/ceic_city_debt_2018_2025.csv,internal_object,raw/province_debt/secondary/ceic_city_debt_2018_2025.csv,,D,200,公开页面已抓取,,商业聚合数据库公开页面；2018—2024 年值来自页面 SVG 图表，2025 年值来自页面元数据。仅作补缺线索和 provisional 暂存，必须回到财政厅、人大预算/决算或官方统计公报复核，不作为最终 A/B/C 级证据。
SRC-SECONDARY-CEIC-CN-430700,CEIC Data,商业数据库,CEIC 城市级地方政府债务余额公开页面：常德市,secondary_public_page,ceic_city_debt_2018_2025.csv,商业数据库城市债务页面,https://www.ceicdata.com/zh-hans/china/local-government-debt-prefecture-level-city-outstanding/cn-local-government-debt-outstanding-general-hunan-changde;https://www.ceicdata.com/zh-hans/china/local-government-debt-prefecture-level-city-outstanding/cn-local-government-debt-outstanding-special-hunan-changde,https://www.ceicdata.com/zh-hans/china/local-government-debt-prefecture-level-city-outstanding/cn-local-government-debt-outstanding-general-hunan-changde;https://www.ceicdata.com/zh-hans/china/local-government-debt-prefecture-level-city-outstanding/cn-local-government-debt-outstanding-special-hunan-changde,https://www.ceicdata.com/zh-hans/china/local-government-debt-prefecture-level-city-outstanding/cn-local-government-debt-outstanding-general-hunan-changde;https://www.ceicdata.com/zh-hans/china/local-government-debt-prefecture-level-city-outstanding/cn-local-government-debt-outstanding-special-hunan-changde,https://www.ceicdata.com/zh-hans/china/local-government-debt-prefecture-level-city-outstanding/cn-local-government-debt-outstanding-general-hunan-changde;https://www.ceicdata.com/zh-hans/china/local-government-debt-prefecture-level-city-outstanding/cn-local-government-debt-outstanding-special-hunan-changde,https://www.ceicdata.com/zh-hans/china/local-government-debt-prefecture-level-city-outstanding/cn-local-government-debt-outstanding-general-hunan-changde;https://www.ceicdata.com/zh-hans/china/local-government-debt-prefecture-level-city-outstanding/cn-local-government-debt-outstanding-special-hunan-changde,ceic_city_debt_2018_2025.csv,text/plain,2026-08-01,2026-08-01,2025-12-31,2026-08-01T00:00:00+08:00,7bb382054dcbd95f0cea41f20033223f22e041e72bf77d53604b4ecf6ac840a8,archive://national-prefecture-panel/raw/province_debt/secondary/ceic_city_debt_2018_2025.csv,internal_object,raw/province_debt/secondary/ceic_city_debt_2018_2025.csv,,D,200,公开页面已抓取,,商业聚合数据库公开页面；2018—2024 年值来自页面 SVG 图表，2025 年值来自页面元数据。仅作补缺线索和 provisional 暂存，必须回到财政厅、人大预算/决算或官方统计公报复核，不作为最终 A/B/C 级证据。
SRC-SECONDARY-CEIC-CN-430900,CEIC Data,商业数据库,CEIC 城市级地方政府债务余额公开页面：益阳市,secondary_public_page,ceic_city_debt_2018_2025.csv,商业数据库城市债务页面,https://www.ceicdata.com/zh-hans/china/local-government-debt-prefecture-level-city-outstanding/cn-local-government-debt-outstanding-hunan-yiyang,https://www.ceicdata.com/zh-hans/china/local-government-debt-prefecture-level-city-outstanding/cn-local-government-debt-outstanding-hunan-yiyang,https://www.ceicdata.com/zh-hans/china/local-government-debt-prefecture-level-city-outstanding/cn-local-government-debt-outstanding-hunan-yiyang,https://www.ceicdata.com/zh-hans/china/local-government-debt-prefecture-level-city-outstanding/cn-local-government-debt-outstanding-hunan-yiyang,https://www.ceicdata.com/zh-hans/china/local-government-debt-prefecture-level-city-outstanding/cn-local-government-debt-outstanding-hunan-yiyang,ceic_city_debt_2018_2025.csv,text/plain,2026-08-01,2026-08-01,2025-12-31,2026-08-01T00:00:00+08:00,7bb382054dcbd95f0cea41f20033223f22e041e72bf77d53604b4ecf6ac840a8,archive://national-prefecture-panel/raw/province_debt/secondary/ceic_city_debt_2018_2025.csv,internal_object,raw/province_debt/secondary/ceic_city_debt_2018_2025.csv,,D,200,公开页面已抓取,,商业聚合数据库公开页面；2018—2024 年值来自页面 SVG 图表，2025 年值来自页面元数据。仅作补缺线索和 provisional 暂存，必须回到财政厅、人大预算/决算或官方统计公报复核，不作为最终 A/B/C 级证据。
SRC-SECONDARY-CEIC-CN-431100,CEIC Data,商业数据库,CEIC 城市级地方政府债务余额公开页面：永州市,secondary_public_page,ceic_city_debt_2018_2025.csv,商业数据库城市债务页面,https://www.ceicdata.com/zh-hans/china/local-government-debt-prefecture-level-city-outstanding/cn-local-government-debt-outstanding-hunan-yongzhou,https://www.ceicdata.com/zh-hans/china/local-government-debt-prefecture-level-city-outstanding/cn-local-government-debt-outstanding-hunan-yongzhou,https://www.ceicdata.com/zh-hans/china/local-government-debt-prefecture-level-city-outstanding/cn-local-government-debt-outstanding-hunan-yongzhou,https://www.ceicdata.com/zh-hans/china/local-government-debt-prefecture-level-city-outstanding/cn-local-government-debt-outstanding-hunan-yongzhou,https://www.ceicdata.com/zh-hans/china/local-government-debt-prefecture-level-city-outstanding/cn-local-government-debt-outstanding-hunan-yongzhou,ceic_city_debt_2018_2025.csv,text/plain,2026-08-01,2026-08-01,2025-12-31,2026-08-01T00:00:00+08:00,7bb382054dcbd95f0cea41f20033223f22e041e72bf77d53604b4ecf6ac840a8,archive://national-prefecture-panel/raw/province_debt/secondary/ceic_city_debt_2018_2025.csv,internal_object,raw/province_debt/secondary/ceic_city_debt_2018_2025.csv,,D,200,公开页面已抓取,,商业聚合数据库公开页面；2018—2024 年值来自页面 SVG 图表，2025 年值来自页面元数据。仅作补缺线索和 provisional 暂存，必须回到财政厅、人大预算/决算或官方统计公报复核，不作为最终 A/B/C 级证据。
SRC-SECONDARY-CEIC-CN-431200,CEIC Data,商业数据库,CEIC 城市级地方政府债务余额公开页面：怀化市,secondary_public_page,ceic_city_debt_2018_2025.csv,商业数据库城市债务页面,https://www.ceicdata.com/zh-hans/china/local-government-debt-prefecture-level-city-outstanding/cn-local-government-debt-outstanding-hunan-huaihua,https://www.ceicdata.com/zh-hans/china/local-government-debt-prefecture-level-city-outstanding/cn-local-government-debt-outstanding-hunan-huaihua,https://www.ceicdata.com/zh-hans/china/local-government-debt-prefecture-level-city-outstanding/cn-local-government-debt-outstanding-hunan-huaihua,https://www.ceicdata.com/zh-hans/china/local-government-debt-prefecture-level-city-outstanding/cn-local-government-debt-outstanding-hunan-huaihua,https://www.ceicdata.com/zh-hans/china/local-government-debt-prefecture-level-city-outstanding/cn-local-government-debt-outstanding-hunan-huaihua,ceic_city_debt_2018_2025.csv,text/plain,2026-08-01,2026-08-01,2025-12-31,2026-08-01T00:00:00+08:00,7bb382054dcbd95f0cea41f20033223f22e041e72bf77d53604b4ecf6ac840a8,archive://national-prefecture-panel/raw/province_debt/secondary/ceic_city_debt_2018_2025.csv,internal_object,raw/province_debt/secondary/ceic_city_debt_2018_2025.csv,,D,200,公开页面已抓取,,商业聚合数据库公开页面；2018—2024 年值来自页面 SVG 图表，2025 年值来自页面元数据。仅作补缺线索和 provisional 暂存，必须回到财政厅、人大预算/决算或官方统计公报复核，不作为最终 A/B/C 级证据。
SRC-SECONDARY-CEIC-CN-431300,CEIC Data,商业数据库,CEIC 城市级地方政府债务余额公开页面：娄底市,secondary_public_page,ceic_city_debt_2018_2025.csv,商业数据库城市债务页面,https://www.ceicdata.com/zh-hans/china/local-government-debt-prefecture-level-city-outstanding/cn-local-government-debt-outstanding-hunan-loudi,https://www.ceicdata.com/zh-hans/china/local-government-debt-prefecture-level-city-outstanding/cn-local-government-debt-outstanding-hunan-loudi,https://www.ceicdata.com/zh-hans/china/local-government-debt-prefecture-level-city-outstanding/cn-local-government-debt-outstanding-hunan-loudi,https://www.ceicdata.com/zh-hans/china/local-government-debt-prefecture-level-city-outstanding/cn-local-government-debt-outstanding-hunan-loudi,https://www.ceicdata.com/zh-hans/china/local-government-debt-prefecture-level-city-outstanding/cn-local-government-debt-outstanding-hunan-loudi,ceic_city_debt_2018_2025.csv,text/plain,2026-08-01,2026-08-01,2025-12-31,2026-08-01T00:00:00+08:00,7bb382054dcbd95f0cea41f20033223f22e041e72bf77d53604b4ecf6ac840a8,archive://national-prefecture-panel/raw/province_debt/secondary/ceic_city_debt_2018_2025.csv,internal_object,raw/province_debt/secondary/ceic_city_debt_2018_2025.csv,,D,200,公开页面已抓取,,商业聚合数据库公开页面；2018—2024 年值来自页面 SVG 图表，2025 年值来自页面元数据。仅作补缺线索和 provisional 暂存，必须回到财政厅、人大预算/决算或官方统计公报复核，不作为最终 A/B/C 级证据。
SRC-SECONDARY-CEIC-CN-440100,CEIC Data,商业数据库,CEIC 城市级地方政府债务余额公开页面：广州市,secondary_public_page,ceic_city_debt_2018_2025.csv,商业数据库城市债务页面,https://www.ceicdata.com/zh-hans/china/local-government-debt-prefecture-level-city-outstanding/cn-local-government-debt-outstanding-general-guangdong-guangzhou;https://www.ceicdata.com/zh-hans/china/local-government-debt-prefecture-level-city-outstanding/cn-local-government-debt-outstanding-special-guangdong-guangzhou,https://www.ceicdata.com/zh-hans/china/local-government-debt-prefecture-level-city-outstanding/cn-local-government-debt-outstanding-general-guangdong-guangzhou;https://www.ceicdata.com/zh-hans/china/local-government-debt-prefecture-level-city-outstanding/cn-local-government-debt-outstanding-special-guangdong-guangzhou,https://www.ceicdata.com/zh-hans/china/local-government-debt-prefecture-level-city-outstanding/cn-local-government-debt-outstanding-general-guangdong-guangzhou;https://www.ceicdata.com/zh-hans/china/local-government-debt-prefecture-level-city-outstanding/cn-local-government-debt-outstanding-special-guangdong-guangzhou,https://www.ceicdata.com/zh-hans/china/local-government-debt-prefecture-level-city-outstanding/cn-local-government-debt-outstanding-general-guangdong-guangzhou;https://www.ceicdata.com/zh-hans/china/local-government-debt-prefecture-level-city-outstanding/cn-local-government-debt-outstanding-special-guangdong-guangzhou,https://www.ceicdata.com/zh-hans/china/local-government-debt-prefecture-level-city-outstanding/cn-local-government-debt-outstanding-general-guangdong-guangzhou;https://www.ceicdata.com/zh-hans/china/local-government-debt-prefecture-level-city-outstanding/cn-local-government-debt-outstanding-special-guangdong-guangzhou,ceic_city_debt_2018_2025.csv,text/plain,2026-08-01,2026-08-01,2025-12-31,2026-08-01T00:00:00+08:00,7bb382054dcbd95f0cea41f20033223f22e041e72bf77d53604b4ecf6ac840a8,archive://national-prefecture-panel/raw/province_debt/secondary/ceic_city_debt_2018_2025.csv,internal_object,raw/province_debt/secondary/ceic_city_debt_2018_2025.csv,,D,200,公开页面已抓取,,商业聚合数据库公开页面；2018—2024 年值来自页面 SVG 图表，2025 年值来自页面元数据。仅作补缺线索和 provisional 暂存，必须回到财政厅、人大预算/决算或官方统计公报复核，不作为最终 A/B/C 级证据。
SRC-SECONDARY-CEIC-CN-440800,CEIC Data,商业数据库,CEIC 城市级地方政府债务余额公开页面：湛江市,secondary_public_page,ceic_city_debt_2018_2025.csv,商业数据库城市债务页面,https://www.ceicdata.com/zh-hans/china/local-government-debt-prefecture-level-city-outstanding/cn-local-government-debt-outstanding-general-guangdong-zhanjiang;https://www.ceicdata.com/zh-hans/china/local-government-debt-prefecture-level-city-outstanding/cn-local-government-debt-outstanding-special-guangdong-zhanjiang,https://www.ceicdata.com/zh-hans/china/local-government-debt-prefecture-level-city-outstanding/cn-local-government-debt-outstanding-general-guangdong-zhanjiang;https://www.ceicdata.com/zh-hans/china/local-government-debt-prefecture-level-city-outstanding/cn-local-government-debt-outstanding-special-guangdong-zhanjiang,https://www.ceicdata.com/zh-hans/china/local-government-debt-prefecture-level-city-outstanding/cn-local-government-debt-outstanding-general-guangdong-zhanjiang;https://www.ceicdata.com/zh-hans/china/local-government-debt-prefecture-level-city-outstanding/cn-local-government-debt-outstanding-special-guangdong-zhanjiang,https://www.ceicdata.com/zh-hans/china/local-government-debt-prefecture-level-city-outstanding/cn-local-government-debt-outstanding-general-guangdong-zhanjiang;https://www.ceicdata.com/zh-hans/china/local-government-debt-prefecture-level-city-outstanding/cn-local-government-debt-outstanding-special-guangdong-zhanjiang,https://www.ceicdata.com/zh-hans/china/local-government-debt-prefecture-level-city-outstanding/cn-local-government-debt-outstanding-general-guangdong-zhanjiang;https://www.ceicdata.com/zh-hans/china/local-government-debt-prefecture-level-city-outstanding/cn-local-government-debt-outstanding-special-guangdong-zhanjiang,ceic_city_debt_2018_2025.csv,text/plain,2026-08-01,2026-08-01,2025-12-31,2026-08-01T00:00:00+08:00,7bb382054dcbd95f0cea41f20033223f22e041e72bf77d53604b4ecf6ac840a8,archive://national-prefecture-panel/raw/province_debt/secondary/ceic_city_debt_2018_2025.csv,internal_object,raw/province_debt/secondary/ceic_city_debt_2018_2025.csv,,D,200,公开页面已抓取,,商业聚合数据库公开页面；2018—2024 年值来自页面 SVG 图表，2025 年值来自页面元数据。仅作补缺线索和 provisional 暂存，必须回到财政厅、人大预算/决算或官方统计公报复核，不作为最终 A/B/C 级证据。
SRC-SECONDARY-CEIC-CN-441200,CEIC Data,商业数据库,CEIC 城市级地方政府债务余额公开页面：肇庆市,secondary_public_page,ceic_city_debt_2018_2025.csv,商业数据库城市债务页面,https://www.ceicdata.com/zh-hans/china/local-government-debt-prefecture-level-city-outstanding/cn-local-government-debt-outstanding-guangdong-zhaoqing,https://www.ceicdata.com/zh-hans/china/local-government-debt-prefecture-level-city-outstanding/cn-local-government-debt-outstanding-guangdong-zhaoqing,https://www.ceicdata.com/zh-hans/china/local-government-debt-prefecture-level-city-outstanding/cn-local-government-debt-outstanding-guangdong-zhaoqing,https://www.ceicdata.com/zh-hans/china/local-government-debt-prefecture-level-city-outstanding/cn-local-government-debt-outstanding-guangdong-zhaoqing,https://www.ceicdata.com/zh-hans/china/local-government-debt-prefecture-level-city-outstanding/cn-local-government-debt-outstanding-guangdong-zhaoqing,ceic_city_debt_2018_2025.csv,text/plain,2026-08-01,2026-08-01,2025-12-31,2026-08-01T00:00:00+08:00,7bb382054dcbd95f0cea41f20033223f22e041e72bf77d53604b4ecf6ac840a8,archive://national-prefecture-panel/raw/province_debt/secondary/ceic_city_debt_2018_2025.csv,internal_object,raw/province_debt/secondary/ceic_city_debt_2018_2025.csv,,D,200,公开页面已抓取,,商业聚合数据库公开页面；2018—2024 年值来自页面 SVG 图表，2025 年值来自页面元数据。仅作补缺线索和 provisional 暂存，必须回到财政厅、人大预算/决算或官方统计公报复核，不作为最终 A/B/C 级证据。
SRC-SECONDARY-CEIC-CN-441300,CEIC Data,商业数据库,CEIC 城市级地方政府债务余额公开页面：惠州市,secondary_public_page,ceic_city_debt_2018_2025.csv,商业数据库城市债务页面,https://www.ceicdata.com/zh-hans/china/local-government-debt-prefecture-level-city-outstanding/cn-local-government-debt-outstanding-guangdong-huizhou,https://www.ceicdata.com/zh-hans/china/local-government-debt-prefecture-level-city-outstanding/cn-local-government-debt-outstanding-guangdong-huizhou,https://www.ceicdata.com/zh-hans/china/local-government-debt-prefecture-level-city-outstanding/cn-local-government-debt-outstanding-guangdong-huizhou,https://www.ceicdata.com/zh-hans/china/local-government-debt-prefecture-level-city-outstanding/cn-local-government-debt-outstanding-guangdong-huizhou,https://www.ceicdata.com/zh-hans/china/local-government-debt-prefecture-level-city-outstanding/cn-local-government-debt-outstanding-guangdong-huizhou,ceic_city_debt_2018_2025.csv,text/plain,2026-08-01,2026-08-01,2025-12-31,2026-08-01T00:00:00+08:00,7bb382054dcbd95f0cea41f20033223f22e041e72bf77d53604b4ecf6ac840a8,archive://national-prefecture-panel/raw/province_debt/secondary/ceic_city_debt_2018_2025.csv,internal_object,raw/province_debt/secondary/ceic_city_debt_2018_2025.csv,,D,200,公开页面已抓取,,商业聚合数据库公开页面；2018—2024 年值来自页面 SVG 图表，2025 年值来自页面元数据。仅作补缺线索和 provisional 暂存，必须回到财政厅、人大预算/决算或官方统计公报复核，不作为最终 A/B/C 级证据。
SRC-SECONDARY-CEIC-CN-441500,CEIC Data,商业数据库,CEIC 城市级地方政府债务余额公开页面：汕尾市,secondary_public_page,ceic_city_debt_2018_2025.csv,商业数据库城市债务页面,https://www.ceicdata.com/zh-hans/china/local-government-debt-prefecture-level-city-outstanding/cn-local-government-debt-outstanding-general-guangdong-shanwei;https://www.ceicdata.com/zh-hans/china/local-government-debt-prefecture-level-city-outstanding/cn-local-government-debt-outstanding-special-guangdong-shanwei,https://www.ceicdata.com/zh-hans/china/local-government-debt-prefecture-level-city-outstanding/cn-local-government-debt-outstanding-general-guangdong-shanwei;https://www.ceicdata.com/zh-hans/china/local-government-debt-prefecture-level-city-outstanding/cn-local-government-debt-outstanding-special-guangdong-shanwei,https://www.ceicdata.com/zh-hans/china/local-government-debt-prefecture-level-city-outstanding/cn-local-government-debt-outstanding-general-guangdong-shanwei;https://www.ceicdata.com/zh-hans/china/local-government-debt-prefecture-level-city-outstanding/cn-local-government-debt-outstanding-special-guangdong-shanwei,https://www.ceicdata.com/zh-hans/china/local-government-debt-prefecture-level-city-outstanding/cn-local-government-debt-outstanding-general-guangdong-shanwei;https://www.ceicdata.com/zh-hans/china/local-government-debt-prefecture-level-city-outstanding/cn-local-government-debt-outstanding-special-guangdong-shanwei,https://www.ceicdata.com/zh-hans/china/local-government-debt-prefecture-level-city-outstanding/cn-local-government-debt-outstanding-general-guangdong-shanwei;https://www.ceicdata.com/zh-hans/china/local-government-debt-prefecture-level-city-outstanding/cn-local-government-debt-outstanding-special-guangdong-shanwei,ceic_city_debt_2018_2025.csv,text/plain,2026-08-01,2026-08-01,2025-12-31,2026-08-01T00:00:00+08:00,7bb382054dcbd95f0cea41f20033223f22e041e72bf77d53604b4ecf6ac840a8,archive://national-prefecture-panel/raw/province_debt/secondary/ceic_city_debt_2018_2025.csv,internal_object,raw/province_debt/secondary/ceic_city_debt_2018_2025.csv,,D,200,公开页面已抓取,,商业聚合数据库公开页面；2018—2024 年值来自页面 SVG 图表，2025 年值来自页面元数据。仅作补缺线索和 provisional 暂存，必须回到财政厅、人大预算/决算或官方统计公报复核，不作为最终 A/B/C 级证据。
SRC-SECONDARY-CEIC-CN-441600,CEIC Data,商业数据库,CEIC 城市级地方政府债务余额公开页面：河源市,secondary_public_page,ceic_city_debt_2018_2025.csv,商业数据库城市债务页面,https://www.ceicdata.com/zh-hans/china/local-government-debt-prefecture-level-city-outstanding/cn-local-government-debt-outstanding-guangdong-heyuan,https://www.ceicdata.com/zh-hans/china/local-government-debt-prefecture-level-city-outstanding/cn-local-government-debt-outstanding-guangdong-heyuan,https://www.ceicdata.com/zh-hans/china/local-government-debt-prefecture-level-city-outstanding/cn-local-government-debt-outstanding-guangdong-heyuan,https://www.ceicdata.com/zh-hans/china/local-government-debt-prefecture-level-city-outstanding/cn-local-government-debt-outstanding-guangdong-heyuan,https://www.ceicdata.com/zh-hans/china/local-government-debt-prefecture-level-city-outstanding/cn-local-government-debt-outstanding-guangdong-heyuan,ceic_city_debt_2018_2025.csv,text/plain,2026-08-01,2026-08-01,2025-12-31,2026-08-01T00:00:00+08:00,7bb382054dcbd95f0cea41f20033223f22e041e72bf77d53604b4ecf6ac840a8,archive://national-prefecture-panel/raw/province_debt/secondary/ceic_city_debt_2018_2025.csv,internal_object,raw/province_debt/secondary/ceic_city_debt_2018_2025.csv,,D,200,公开页面已抓取,,商业聚合数据库公开页面；2018—2024 年值来自页面 SVG 图表，2025 年值来自页面元数据。仅作补缺线索和 provisional 暂存，必须回到财政厅、人大预算/决算或官方统计公报复核，不作为最终 A/B/C 级证据。
SRC-SECONDARY-CEIC-CN-441900,CEIC Data,商业数据库,CEIC 城市级地方政府债务余额公开页面：东莞市,secondary_public_page,ceic_city_debt_2018_2025.csv,商业数据库城市债务页面,https://www.ceicdata.com/zh-hans/china/local-government-debt-prefecture-level-city-outstanding/cn-local-government-debt-outstanding-general-guangdong-dongguan;https://www.ceicdata.com/zh-hans/china/local-government-debt-prefecture-level-city-outstanding/cn-local-government-debt-outstanding-special-guangdong-dongguan,https://www.ceicdata.com/zh-hans/china/local-government-debt-prefecture-level-city-outstanding/cn-local-government-debt-outstanding-general-guangdong-dongguan;https://www.ceicdata.com/zh-hans/china/local-government-debt-prefecture-level-city-outstanding/cn-local-government-debt-outstanding-special-guangdong-dongguan,https://www.ceicdata.com/zh-hans/china/local-government-debt-prefecture-level-city-outstanding/cn-local-government-debt-outstanding-general-guangdong-dongguan;https://www.ceicdata.com/zh-hans/china/local-government-debt-prefecture-level-city-outstanding/cn-local-government-debt-outstanding-special-guangdong-dongguan,https://www.ceicdata.com/zh-hans/china/local-government-debt-prefecture-level-city-outstanding/cn-local-government-debt-outstanding-general-guangdong-dongguan;https://www.ceicdata.com/zh-hans/china/local-government-debt-prefecture-level-city-outstanding/cn-local-government-debt-outstanding-special-guangdong-dongguan,https://www.ceicdata.com/zh-hans/china/local-government-debt-prefecture-level-city-outstanding/cn-local-government-debt-outstanding-general-guangdong-dongguan;https://www.ceicdata.com/zh-hans/china/local-government-debt-prefecture-level-city-outstanding/cn-local-government-debt-outstanding-special-guangdong-dongguan,ceic_city_debt_2018_2025.csv,text/plain,2026-08-01,2026-08-01,2025-12-31,2026-08-01T00:00:00+08:00,7bb382054dcbd95f0cea41f20033223f22e041e72bf77d53604b4ecf6ac840a8,archive://national-prefecture-panel/raw/province_debt/secondary/ceic_city_debt_2018_2025.csv,internal_object,raw/province_debt/secondary/ceic_city_debt_2018_2025.csv,,D,200,公开页面已抓取,,商业聚合数据库公开页面；2018—2024 年值来自页面 SVG 图表，2025 年值来自页面元数据。仅作补缺线索和 provisional 暂存，必须回到财政厅、人大预算/决算或官方统计公报复核，不作为最终 A/B/C 级证据。
SRC-SECONDARY-CEIC-CN-442000,CEIC Data,商业数据库,CEIC 城市级地方政府债务余额公开页面：中山市,secondary_public_page,ceic_city_debt_2018_2025.csv,商业数据库城市债务页面,https://www.ceicdata.com/zh-hans/china/local-government-debt-prefecture-level-city-outstanding/cn-local-government-debt-outstanding-guangdong-zhongshan,https://www.ceicdata.com/zh-hans/china/local-government-debt-prefecture-level-city-outstanding/cn-local-government-debt-outstanding-guangdong-zhongshan,https://www.ceicdata.com/zh-hans/china/local-government-debt-prefecture-level-city-outstanding/cn-local-government-debt-outstanding-guangdong-zhongshan,https://www.ceicdata.com/zh-hans/china/local-government-debt-prefecture-level-city-outstanding/cn-local-government-debt-outstanding-guangdong-zhongshan,https://www.ceicdata.com/zh-hans/china/local-government-debt-prefecture-level-city-outstanding/cn-local-government-debt-outstanding-guangdong-zhongshan,ceic_city_debt_2018_2025.csv,text/plain,2026-08-01,2026-08-01,2025-12-31,2026-08-01T00:00:00+08:00,7bb382054dcbd95f0cea41f20033223f22e041e72bf77d53604b4ecf6ac840a8,archive://national-prefecture-panel/raw/province_debt/secondary/ceic_city_debt_2018_2025.csv,internal_object,raw/province_debt/secondary/ceic_city_debt_2018_2025.csv,,D,200,公开页面已抓取,,商业聚合数据库公开页面；2018—2024 年值来自页面 SVG 图表，2025 年值来自页面元数据。仅作补缺线索和 provisional 暂存，必须回到财政厅、人大预算/决算或官方统计公报复核，不作为最终 A/B/C 级证据。
SRC-SECONDARY-CEIC-CN-445200,CEIC Data,商业数据库,CEIC 城市级地方政府债务余额公开页面：揭阳市,secondary_public_page,ceic_city_debt_2018_2025.csv,商业数据库城市债务页面,https://www.ceicdata.com/zh-hans/china/local-government-debt-prefecture-level-city-outstanding/cn-local-government-debt-outstanding-guangdong-jieyang,https://www.ceicdata.com/zh-hans/china/local-government-debt-prefecture-level-city-outstanding/cn-local-government-debt-outstanding-guangdong-jieyang,https://www.ceicdata.com/zh-hans/china/local-government-debt-prefecture-level-city-outstanding/cn-local-government-debt-outstanding-guangdong-jieyang,https://www.ceicdata.com/zh-hans/china/local-government-debt-prefecture-level-city-outstanding/cn-local-government-debt-outstanding-guangdong-jieyang,https://www.ceicdata.com/zh-hans/china/local-government-debt-prefecture-level-city-outstanding/cn-local-government-debt-outstanding-guangdong-jieyang,ceic_city_debt_2018_2025.csv,text/plain,2026-08-01,2026-08-01,2025-12-31,2026-08-01T00:00:00+08:00,7bb382054dcbd95f0cea41f20033223f22e041e72bf77d53604b4ecf6ac840a8,archive://national-prefecture-panel/raw/province_debt/secondary/ceic_city_debt_2018_2025.csv,internal_object,raw/province_debt/secondary/ceic_city_debt_2018_2025.csv,,D,200,公开页面已抓取,,商业聚合数据库公开页面；2018—2024 年值来自页面 SVG 图表，2025 年值来自页面元数据。仅作补缺线索和 provisional 暂存，必须回到财政厅、人大预算/决算或官方统计公报复核，不作为最终 A/B/C 级证据。
SRC-SECONDARY-CEIC-CN-450100,CEIC Data,商业数据库,CEIC 城市级地方政府债务余额公开页面：南宁市,secondary_public_page,ceic_city_debt_2018_2025.csv,商业数据库城市债务页面,https://www.ceicdata.com/zh-hans/china/local-government-debt-prefecture-level-city-outstanding/cn-local-government-debt-outstanding-guangxi-nanning,https://www.ceicdata.com/zh-hans/china/local-government-debt-prefecture-level-city-outstanding/cn-local-government-debt-outstanding-guangxi-nanning,https://www.ceicdata.com/zh-hans/china/local-government-debt-prefecture-level-city-outstanding/cn-local-government-debt-outstanding-guangxi-nanning,https://www.ceicdata.com/zh-hans/china/local-government-debt-prefecture-level-city-outstanding/cn-local-government-debt-outstanding-guangxi-nanning,https://www.ceicdata.com/zh-hans/china/local-government-debt-prefecture-level-city-outstanding/cn-local-government-debt-outstanding-guangxi-nanning,ceic_city_debt_2018_2025.csv,text/plain,2026-08-01,2026-08-01,2025-12-31,2026-08-01T00:00:00+08:00,7bb382054dcbd95f0cea41f20033223f22e041e72bf77d53604b4ecf6ac840a8,archive://national-prefecture-panel/raw/province_debt/secondary/ceic_city_debt_2018_2025.csv,internal_object,raw/province_debt/secondary/ceic_city_debt_2018_2025.csv,,D,200,公开页面已抓取,,商业聚合数据库公开页面；2018—2024 年值来自页面 SVG 图表，2025 年值来自页面元数据。仅作补缺线索和 provisional 暂存，必须回到财政厅、人大预算/决算或官方统计公报复核，不作为最终 A/B/C 级证据。
SRC-SECONDARY-CEIC-CN-450200,CEIC Data,商业数据库,CEIC 城市级地方政府债务余额公开页面：柳州市,secondary_public_page,ceic_city_debt_2018_2025.csv,商业数据库城市债务页面,https://www.ceicdata.com/zh-hans/china/local-government-debt-prefecture-level-city-outstanding/cn-local-government-debt-outstanding-guangxi-liuzhou,https://www.ceicdata.com/zh-hans/china/local-government-debt-prefecture-level-city-outstanding/cn-local-government-debt-outstanding-guangxi-liuzhou,https://www.ceicdata.com/zh-hans/china/local-government-debt-prefecture-level-city-outstanding/cn-local-government-debt-outstanding-guangxi-liuzhou,https://www.ceicdata.com/zh-hans/china/local-government-debt-prefecture-level-city-outstanding/cn-local-government-debt-outstanding-guangxi-liuzhou,https://www.ceicdata.com/zh-hans/china/local-government-debt-prefecture-level-city-outstanding/cn-local-government-debt-outstanding-guangxi-liuzhou,ceic_city_debt_2018_2025.csv,text/plain,2026-08-01,2026-08-01,2025-12-31,2026-08-01T00:00:00+08:00,7bb382054dcbd95f0cea41f20033223f22e041e72bf77d53604b4ecf6ac840a8,archive://national-prefecture-panel/raw/province_debt/secondary/ceic_city_debt_2018_2025.csv,internal_object,raw/province_debt/secondary/ceic_city_debt_2018_2025.csv,,D,200,公开页面已抓取,,商业聚合数据库公开页面；2018—2024 年值来自页面 SVG 图表，2025 年值来自页面元数据。仅作补缺线索和 provisional 暂存，必须回到财政厅、人大预算/决算或官方统计公报复核，不作为最终 A/B/C 级证据。
SRC-SECONDARY-CEIC-CN-450300,CEIC Data,商业数据库,CEIC 城市级地方政府债务余额公开页面：桂林市,secondary_public_page,ceic_city_debt_2018_2025.csv,商业数据库城市债务页面,https://www.ceicdata.com/zh-hans/china/local-government-debt-prefecture-level-city-outstanding/cn-local-government-debt-outstanding-general-guangxi-guilin;https://www.ceicdata.com/zh-hans/china/local-government-debt-prefecture-level-city-outstanding/cn-local-government-debt-outstanding-special-guangxi-guilin,https://www.ceicdata.com/zh-hans/china/local-government-debt-prefecture-level-city-outstanding/cn-local-government-debt-outstanding-general-guangxi-guilin;https://www.ceicdata.com/zh-hans/china/local-government-debt-prefecture-level-city-outstanding/cn-local-government-debt-outstanding-special-guangxi-guilin,https://www.ceicdata.com/zh-hans/china/local-government-debt-prefecture-level-city-outstanding/cn-local-government-debt-outstanding-general-guangxi-guilin;https://www.ceicdata.com/zh-hans/china/local-government-debt-prefecture-level-city-outstanding/cn-local-government-debt-outstanding-special-guangxi-guilin,https://www.ceicdata.com/zh-hans/china/local-government-debt-prefecture-level-city-outstanding/cn-local-government-debt-outstanding-general-guangxi-guilin;https://www.ceicdata.com/zh-hans/china/local-government-debt-prefecture-level-city-outstanding/cn-local-government-debt-outstanding-special-guangxi-guilin,https://www.ceicdata.com/zh-hans/china/local-government-debt-prefecture-level-city-outstanding/cn-local-government-debt-outstanding-general-guangxi-guilin;https://www.ceicdata.com/zh-hans/china/local-government-debt-prefecture-level-city-outstanding/cn-local-government-debt-outstanding-special-guangxi-guilin,ceic_city_debt_2018_2025.csv,text/plain,2026-08-01,2026-08-01,2025-12-31,2026-08-01T00:00:00+08:00,7bb382054dcbd95f0cea41f20033223f22e041e72bf77d53604b4ecf6ac840a8,archive://national-prefecture-panel/raw/province_debt/secondary/ceic_city_debt_2018_2025.csv,internal_object,raw/province_debt/secondary/ceic_city_debt_2018_2025.csv,,D,200,公开页面已抓取,,商业聚合数据库公开页面；2018—2024 年值来自页面 SVG 图表，2025 年值来自页面元数据。仅作补缺线索和 provisional 暂存，必须回到财政厅、人大预算/决算或官方统计公报复核，不作为最终 A/B/C 级证据。
SRC-SECONDARY-CEIC-CN-450400,CEIC Data,商业数据库,CEIC 城市级地方政府债务余额公开页面：梧州市,secondary_public_page,ceic_city_debt_2018_2025.csv,商业数据库城市债务页面,https://www.ceicdata.com/zh-hans/china/local-government-debt-prefecture-level-city-outstanding/cn-local-government-debt-outstanding-guangxi-wuzhou,https://www.ceicdata.com/zh-hans/china/local-government-debt-prefecture-level-city-outstanding/cn-local-government-debt-outstanding-guangxi-wuzhou,https://www.ceicdata.com/zh-hans/china/local-government-debt-prefecture-level-city-outstanding/cn-local-government-debt-outstanding-guangxi-wuzhou,https://www.ceicdata.com/zh-hans/china/local-government-debt-prefecture-level-city-outstanding/cn-local-government-debt-outstanding-guangxi-wuzhou,https://www.ceicdata.com/zh-hans/china/local-government-debt-prefecture-level-city-outstanding/cn-local-government-debt-outstanding-guangxi-wuzhou,ceic_city_debt_2018_2025.csv,text/plain,2026-08-01,2026-08-01,2025-12-31,2026-08-01T00:00:00+08:00,7bb382054dcbd95f0cea41f20033223f22e041e72bf77d53604b4ecf6ac840a8,archive://national-prefecture-panel/raw/province_debt/secondary/ceic_city_debt_2018_2025.csv,internal_object,raw/province_debt/secondary/ceic_city_debt_2018_2025.csv,,D,200,公开页面已抓取,,商业聚合数据库公开页面；2018—2024 年值来自页面 SVG 图表，2025 年值来自页面元数据。仅作补缺线索和 provisional 暂存，必须回到财政厅、人大预算/决算或官方统计公报复核，不作为最终 A/B/C 级证据。
SRC-SECONDARY-CEIC-CN-450500,CEIC Data,商业数据库,CEIC 城市级地方政府债务余额公开页面：北海市,secondary_public_page,ceic_city_debt_2018_2025.csv,商业数据库城市债务页面,https://www.ceicdata.com/zh-hans/china/local-government-debt-prefecture-level-city-outstanding/cn-local-government-debt-outstanding-general-guangxi-beihai;https://www.ceicdata.com/zh-hans/china/local-government-debt-prefecture-level-city-outstanding/cn-local-government-debt-outstanding-special-guangxi-beihai,https://www.ceicdata.com/zh-hans/china/local-government-debt-prefecture-level-city-outstanding/cn-local-government-debt-outstanding-general-guangxi-beihai;https://www.ceicdata.com/zh-hans/china/local-government-debt-prefecture-level-city-outstanding/cn-local-government-debt-outstanding-special-guangxi-beihai,https://www.ceicdata.com/zh-hans/china/local-government-debt-prefecture-level-city-outstanding/cn-local-government-debt-outstanding-general-guangxi-beihai;https://www.ceicdata.com/zh-hans/china/local-government-debt-prefecture-level-city-outstanding/cn-local-government-debt-outstanding-special-guangxi-beihai,https://www.ceicdata.com/zh-hans/china/local-government-debt-prefecture-level-city-outstanding/cn-local-government-debt-outstanding-general-guangxi-beihai;https://www.ceicdata.com/zh-hans/china/local-government-debt-prefecture-level-city-outstanding/cn-local-government-debt-outstanding-special-guangxi-beihai,https://www.ceicdata.com/zh-hans/china/local-government-debt-prefecture-level-city-outstanding/cn-local-government-debt-outstanding-general-guangxi-beihai;https://www.ceicdata.com/zh-hans/china/local-government-debt-prefecture-level-city-outstanding/cn-local-government-debt-outstanding-special-guangxi-beihai,ceic_city_debt_2018_2025.csv,text/plain,2026-08-01,2026-08-01,2025-12-31,2026-08-01T00:00:00+08:00,7bb382054dcbd95f0cea41f20033223f22e041e72bf77d53604b4ecf6ac840a8,archive://national-prefecture-panel/raw/province_debt/secondary/ceic_city_debt_2018_2025.csv,internal_object,raw/province_debt/secondary/ceic_city_debt_2018_2025.csv,,D,200,公开页面已抓取,,商业聚合数据库公开页面；2018—2024 年值来自页面 SVG 图表，2025 年值来自页面元数据。仅作补缺线索和 provisional 暂存，必须回到财政厅、人大预算/决算或官方统计公报复核，不作为最终 A/B/C 级证据。
SRC-SECONDARY-CEIC-CN-450600,CEIC Data,商业数据库,CEIC 城市级地方政府债务余额公开页面：防城港市,secondary_public_page,ceic_city_debt_2018_2025.csv,商业数据库城市债务页面,https://www.ceicdata.com/zh-hans/china/local-government-debt-prefecture-level-city-outstanding/cn-local-government-debt-outstanding-general-guangxi-fangchenggang;https://www.ceicdata.com/zh-hans/china/local-government-debt-prefecture-level-city-outstanding/cn-local-government-debt-outstanding-special-guangxi-fangchenggang,https://www.ceicdata.com/zh-hans/china/local-government-debt-prefecture-level-city-outstanding/cn-local-government-debt-outstanding-general-guangxi-fangchenggang;https://www.ceicdata.com/zh-hans/china/local-government-debt-prefecture-level-city-outstanding/cn-local-government-debt-outstanding-special-guangxi-fangchenggang,https://www.ceicdata.com/zh-hans/china/local-government-debt-prefecture-level-city-outstanding/cn-local-government-debt-outstanding-general-guangxi-fangchenggang;https://www.ceicdata.com/zh-hans/china/local-government-debt-prefecture-level-city-outstanding/cn-local-government-debt-outstanding-special-guangxi-fangchenggang,https://www.ceicdata.com/zh-hans/china/local-government-debt-prefecture-level-city-outstanding/cn-local-government-debt-outstanding-general-guangxi-fangchenggang;https://www.ceicdata.com/zh-hans/china/local-government-debt-prefecture-level-city-outstanding/cn-local-government-debt-outstanding-special-guangxi-fangchenggang,https://www.ceicdata.com/zh-hans/china/local-government-debt-prefecture-level-city-outstanding/cn-local-government-debt-outstanding-general-guangxi-fangchenggang;https://www.ceicdata.com/zh-hans/china/local-government-debt-prefecture-level-city-outstanding/cn-local-government-debt-outstanding-special-guangxi-fangchenggang,ceic_city_debt_2018_2025.csv,text/plain,2026-08-01,2026-08-01,2025-12-31,2026-08-01T00:00:00+08:00,7bb382054dcbd95f0cea41f20033223f22e041e72bf77d53604b4ecf6ac840a8,archive://national-prefecture-panel/raw/province_debt/secondary/ceic_city_debt_2018_2025.csv,internal_object,raw/province_debt/secondary/ceic_city_debt_2018_2025.csv,,D,200,公开页面已抓取,,商业聚合数据库公开页面；2018—2024 年值来自页面 SVG 图表，2025 年值来自页面元数据。仅作补缺线索和 provisional 暂存，必须回到财政厅、人大预算/决算或官方统计公报复核，不作为最终 A/B/C 级证据。
SRC-SECONDARY-CEIC-CN-450700,CEIC Data,商业数据库,CEIC 城市级地方政府债务余额公开页面：钦州市,secondary_public_page,ceic_city_debt_2018_2025.csv,商业数据库城市债务页面,https://www.ceicdata.com/zh-hans/china/local-government-debt-prefecture-level-city-outstanding/cn-local-government-debt-outstanding-guangxi-qinzhou,https://www.ceicdata.com/zh-hans/china/local-government-debt-prefecture-level-city-outstanding/cn-local-government-debt-outstanding-guangxi-qinzhou,https://www.ceicdata.com/zh-hans/china/local-government-debt-prefecture-level-city-outstanding/cn-local-government-debt-outstanding-guangxi-qinzhou,https://www.ceicdata.com/zh-hans/china/local-government-debt-prefecture-level-city-outstanding/cn-local-government-debt-outstanding-guangxi-qinzhou,https://www.ceicdata.com/zh-hans/china/local-government-debt-prefecture-level-city-outstanding/cn-local-government-debt-outstanding-guangxi-qinzhou,ceic_city_debt_2018_2025.csv,text/plain,2026-08-01,2026-08-01,2025-12-31,2026-08-01T00:00:00+08:00,7bb382054dcbd95f0cea41f20033223f22e041e72bf77d53604b4ecf6ac840a8,archive://national-prefecture-panel/raw/province_debt/secondary/ceic_city_debt_2018_2025.csv,internal_object,raw/province_debt/secondary/ceic_city_debt_2018_2025.csv,,D,200,公开页面已抓取,,商业聚合数据库公开页面；2018—2024 年值来自页面 SVG 图表，2025 年值来自页面元数据。仅作补缺线索和 provisional 暂存，必须回到财政厅、人大预算/决算或官方统计公报复核，不作为最终 A/B/C 级证据。
SRC-SECONDARY-CEIC-CN-450800,CEIC Data,商业数据库,CEIC 城市级地方政府债务余额公开页面：贵港市,secondary_public_page,ceic_city_debt_2018_2025.csv,商业数据库城市债务页面,https://www.ceicdata.com/zh-hans/china/local-government-debt-prefecture-level-city-outstanding/cn-local-government-debt-outstanding-guangxi-guigang,https://www.ceicdata.com/zh-hans/china/local-government-debt-prefecture-level-city-outstanding/cn-local-government-debt-outstanding-guangxi-guigang,https://www.ceicdata.com/zh-hans/china/local-government-debt-prefecture-level-city-outstanding/cn-local-government-debt-outstanding-guangxi-guigang,https://www.ceicdata.com/zh-hans/china/local-government-debt-prefecture-level-city-outstanding/cn-local-government-debt-outstanding-guangxi-guigang,https://www.ceicdata.com/zh-hans/china/local-government-debt-prefecture-level-city-outstanding/cn-local-government-debt-outstanding-guangxi-guigang,ceic_city_debt_2018_2025.csv,text/plain,2026-08-01,2026-08-01,2025-12-31,2026-08-01T00:00:00+08:00,7bb382054dcbd95f0cea41f20033223f22e041e72bf77d53604b4ecf6ac840a8,archive://national-prefecture-panel/raw/province_debt/secondary/ceic_city_debt_2018_2025.csv,internal_object,raw/province_debt/secondary/ceic_city_debt_2018_2025.csv,,D,200,公开页面已抓取,,商业聚合数据库公开页面；2018—2024 年值来自页面 SVG 图表，2025 年值来自页面元数据。仅作补缺线索和 provisional 暂存，必须回到财政厅、人大预算/决算或官方统计公报复核，不作为最终 A/B/C 级证据。
SRC-SECONDARY-CEIC-CN-451000,CEIC Data,商业数据库,CEIC 城市级地方政府债务余额公开页面：百色市,secondary_public_page,ceic_city_debt_2018_2025.csv,商业数据库城市债务页面,https://www.ceicdata.com/zh-hans/china/local-government-debt-prefecture-level-city-outstanding/cn-local-government-debt-outstanding-guangxi-baise,https://www.ceicdata.com/zh-hans/china/local-government-debt-prefecture-level-city-outstanding/cn-local-government-debt-outstanding-guangxi-baise,https://www.ceicdata.com/zh-hans/china/local-government-debt-prefecture-level-city-outstanding/cn-local-government-debt-outstanding-guangxi-baise,https://www.ceicdata.com/zh-hans/china/local-government-debt-prefecture-level-city-outstanding/cn-local-government-debt-outstanding-guangxi-baise,https://www.ceicdata.com/zh-hans/china/local-government-debt-prefecture-level-city-outstanding/cn-local-government-debt-outstanding-guangxi-baise,ceic_city_debt_2018_2025.csv,text/plain,2026-08-01,2026-08-01,2025-12-31,2026-08-01T00:00:00+08:00,7bb382054dcbd95f0cea41f20033223f22e041e72bf77d53604b4ecf6ac840a8,archive://national-prefecture-panel/raw/province_debt/secondary/ceic_city_debt_2018_2025.csv,internal_object,raw/province_debt/secondary/ceic_city_debt_2018_2025.csv,,D,200,公开页面已抓取,,商业聚合数据库公开页面；2018—2024 年值来自页面 SVG 图表，2025 年值来自页面元数据。仅作补缺线索和 provisional 暂存，必须回到财政厅、人大预算/决算或官方统计公报复核，不作为最终 A/B/C 级证据。
SRC-SECONDARY-CEIC-CN-451200,CEIC Data,商业数据库,CEIC 城市级地方政府债务余额公开页面：河池市,secondary_public_page,ceic_city_debt_2018_2025.csv,商业数据库城市债务页面,https://www.ceicdata.com/zh-hans/china/local-government-debt-prefecture-level-city-outstanding/cn-local-government-debt-outstanding-guangxi-hechi,https://www.ceicdata.com/zh-hans/china/local-government-debt-prefecture-level-city-outstanding/cn-local-government-debt-outstanding-guangxi-hechi,https://www.ceicdata.com/zh-hans/china/local-government-debt-prefecture-level-city-outstanding/cn-local-government-debt-outstanding-guangxi-hechi,https://www.ceicdata.com/zh-hans/china/local-government-debt-prefecture-level-city-outstanding/cn-local-government-debt-outstanding-guangxi-hechi,https://www.ceicdata.com/zh-hans/china/local-government-debt-prefecture-level-city-outstanding/cn-local-government-debt-outstanding-guangxi-hechi,ceic_city_debt_2018_2025.csv,text/plain,2026-08-01,2026-08-01,2025-12-31,2026-08-01T00:00:00+08:00,7bb382054dcbd95f0cea41f20033223f22e041e72bf77d53604b4ecf6ac840a8,archive://national-prefecture-panel/raw/province_debt/secondary/ceic_city_debt_2018_2025.csv,internal_object,raw/province_debt/secondary/ceic_city_debt_2018_2025.csv,,D,200,公开页面已抓取,,商业聚合数据库公开页面；2018—2024 年值来自页面 SVG 图表，2025 年值来自页面元数据。仅作补缺线索和 provisional 暂存，必须回到财政厅、人大预算/决算或官方统计公报复核，不作为最终 A/B/C 级证据。
SRC-SECONDARY-CEIC-CN-451400,CEIC Data,商业数据库,CEIC 城市级地方政府债务余额公开页面：崇左市,secondary_public_page,ceic_city_debt_2018_2025.csv,商业数据库城市债务页面,https://www.ceicdata.com/zh-hans/china/local-government-debt-prefecture-level-city-outstanding/cn-local-government-debt-outstanding-guangxi-chongzuo,https://www.ceicdata.com/zh-hans/china/local-government-debt-prefecture-level-city-outstanding/cn-local-government-debt-outstanding-guangxi-chongzuo,https://www.ceicdata.com/zh-hans/china/local-government-debt-prefecture-level-city-outstanding/cn-local-government-debt-outstanding-guangxi-chongzuo,https://www.ceicdata.com/zh-hans/china/local-government-debt-prefecture-level-city-outstanding/cn-local-government-debt-outstanding-guangxi-chongzuo,https://www.ceicdata.com/zh-hans/china/local-government-debt-prefecture-level-city-outstanding/cn-local-government-debt-outstanding-guangxi-chongzuo,ceic_city_debt_2018_2025.csv,text/plain,2026-08-01,2026-08-01,2025-12-31,2026-08-01T00:00:00+08:00,7bb382054dcbd95f0cea41f20033223f22e041e72bf77d53604b4ecf6ac840a8,archive://national-prefecture-panel/raw/province_debt/secondary/ceic_city_debt_2018_2025.csv,internal_object,raw/province_debt/secondary/ceic_city_debt_2018_2025.csv,,D,200,公开页面已抓取,,商业聚合数据库公开页面；2018—2024 年值来自页面 SVG 图表，2025 年值来自页面元数据。仅作补缺线索和 provisional 暂存，必须回到财政厅、人大预算/决算或官方统计公报复核，不作为最终 A/B/C 级证据。
SRC-SECONDARY-CEIC-CN-460100,CEIC Data,商业数据库,CEIC 城市级地方政府债务余额公开页面：海口市,secondary_public_page,ceic_city_debt_2018_2025.csv,商业数据库城市债务页面,https://www.ceicdata.com/zh-hans/china/local-government-debt-prefecture-level-city-outstanding/cn-local-government-debt-outstanding-general-hainan-haikou;https://www.ceicdata.com/zh-hans/china/local-government-debt-prefecture-level-city-outstanding/cn-local-government-debt-outstanding-special-hainan-haikou,https://www.ceicdata.com/zh-hans/china/local-government-debt-prefecture-level-city-outstanding/cn-local-government-debt-outstanding-general-hainan-haikou;https://www.ceicdata.com/zh-hans/china/local-government-debt-prefecture-level-city-outstanding/cn-local-government-debt-outstanding-special-hainan-haikou,https://www.ceicdata.com/zh-hans/china/local-government-debt-prefecture-level-city-outstanding/cn-local-government-debt-outstanding-general-hainan-haikou;https://www.ceicdata.com/zh-hans/china/local-government-debt-prefecture-level-city-outstanding/cn-local-government-debt-outstanding-special-hainan-haikou,https://www.ceicdata.com/zh-hans/china/local-government-debt-prefecture-level-city-outstanding/cn-local-government-debt-outstanding-general-hainan-haikou;https://www.ceicdata.com/zh-hans/china/local-government-debt-prefecture-level-city-outstanding/cn-local-government-debt-outstanding-special-hainan-haikou,https://www.ceicdata.com/zh-hans/china/local-government-debt-prefecture-level-city-outstanding/cn-local-government-debt-outstanding-general-hainan-haikou;https://www.ceicdata.com/zh-hans/china/local-government-debt-prefecture-level-city-outstanding/cn-local-government-debt-outstanding-special-hainan-haikou,ceic_city_debt_2018_2025.csv,text/plain,2026-08-01,2026-08-01,2025-12-31,2026-08-01T00:00:00+08:00,7bb382054dcbd95f0cea41f20033223f22e041e72bf77d53604b4ecf6ac840a8,archive://national-prefecture-panel/raw/province_debt/secondary/ceic_city_debt_2018_2025.csv,internal_object,raw/province_debt/secondary/ceic_city_debt_2018_2025.csv,,D,200,公开页面已抓取,,商业聚合数据库公开页面；2018—2024 年值来自页面 SVG 图表，2025 年值来自页面元数据。仅作补缺线索和 provisional 暂存，必须回到财政厅、人大预算/决算或官方统计公报复核，不作为最终 A/B/C 级证据。
SRC-SECONDARY-CEIC-CN-510100,CEIC Data,商业数据库,CEIC 城市级地方政府债务余额公开页面：成都市,secondary_public_page,ceic_city_debt_2018_2025.csv,商业数据库城市债务页面,https://www.ceicdata.com/zh-hans/china/local-government-debt-prefecture-level-city-outstanding/cn-local-government-debt-outstanding-sichuan-chengdu,https://www.ceicdata.com/zh-hans/china/local-government-debt-prefecture-level-city-outstanding/cn-local-government-debt-outstanding-sichuan-chengdu,https://www.ceicdata.com/zh-hans/china/local-government-debt-prefecture-level-city-outstanding/cn-local-government-debt-outstanding-sichuan-chengdu,https://www.ceicdata.com/zh-hans/china/local-government-debt-prefecture-level-city-outstanding/cn-local-government-debt-outstanding-sichuan-chengdu,https://www.ceicdata.com/zh-hans/china/local-government-debt-prefecture-level-city-outstanding/cn-local-government-debt-outstanding-sichuan-chengdu,ceic_city_debt_2018_2025.csv,text/plain,2026-08-01,2026-08-01,2025-12-31,2026-08-01T00:00:00+08:00,7bb382054dcbd95f0cea41f20033223f22e041e72bf77d53604b4ecf6ac840a8,archive://national-prefecture-panel/raw/province_debt/secondary/ceic_city_debt_2018_2025.csv,internal_object,raw/province_debt/secondary/ceic_city_debt_2018_2025.csv,,D,200,公开页面已抓取,,商业聚合数据库公开页面；2018—2024 年值来自页面 SVG 图表，2025 年值来自页面元数据。仅作补缺线索和 provisional 暂存，必须回到财政厅、人大预算/决算或官方统计公报复核，不作为最终 A/B/C 级证据。
SRC-SECONDARY-CEIC-CN-510300,CEIC Data,商业数据库,CEIC 城市级地方政府债务余额公开页面：自贡市,secondary_public_page,ceic_city_debt_2018_2025.csv,商业数据库城市债务页面,https://www.ceicdata.com/zh-hans/china/local-government-debt-prefecture-level-city-outstanding/cn-local-government-debt-outstanding-general-sichuan-zigong;https://www.ceicdata.com/zh-hans/china/local-government-debt-prefecture-level-city-outstanding/cn-local-government-debt-outstanding-special-sichuan-zigong,https://www.ceicdata.com/zh-hans/china/local-government-debt-prefecture-level-city-outstanding/cn-local-government-debt-outstanding-general-sichuan-zigong;https://www.ceicdata.com/zh-hans/china/local-government-debt-prefecture-level-city-outstanding/cn-local-government-debt-outstanding-special-sichuan-zigong,https://www.ceicdata.com/zh-hans/china/local-government-debt-prefecture-level-city-outstanding/cn-local-government-debt-outstanding-general-sichuan-zigong;https://www.ceicdata.com/zh-hans/china/local-government-debt-prefecture-level-city-outstanding/cn-local-government-debt-outstanding-special-sichuan-zigong,https://www.ceicdata.com/zh-hans/china/local-government-debt-prefecture-level-city-outstanding/cn-local-government-debt-outstanding-general-sichuan-zigong;https://www.ceicdata.com/zh-hans/china/local-government-debt-prefecture-level-city-outstanding/cn-local-government-debt-outstanding-special-sichuan-zigong,https://www.ceicdata.com/zh-hans/china/local-government-debt-prefecture-level-city-outstanding/cn-local-government-debt-outstanding-general-sichuan-zigong;https://www.ceicdata.com/zh-hans/china/local-government-debt-prefecture-level-city-outstanding/cn-local-government-debt-outstanding-special-sichuan-zigong,ceic_city_debt_2018_2025.csv,text/plain,2026-08-01,2026-08-01,2025-12-31,2026-08-01T00:00:00+08:00,7bb382054dcbd95f0cea41f20033223f22e041e72bf77d53604b4ecf6ac840a8,archive://national-prefecture-panel/raw/province_debt/secondary/ceic_city_debt_2018_2025.csv,internal_object,raw/province_debt/secondary/ceic_city_debt_2018_2025.csv,,D,200,公开页面已抓取,,商业聚合数据库公开页面；2018—2024 年值来自页面 SVG 图表，2025 年值来自页面元数据。仅作补缺线索和 provisional 暂存，必须回到财政厅、人大预算/决算或官方统计公报复核，不作为最终 A/B/C 级证据。
SRC-SECONDARY-CEIC-CN-510500,CEIC Data,商业数据库,CEIC 城市级地方政府债务余额公开页面：泸州市,secondary_public_page,ceic_city_debt_2018_2025.csv,商业数据库城市债务页面,https://www.ceicdata.com/zh-hans/china/local-government-debt-prefecture-level-city-outstanding/cn-local-government-debt-outstanding-sichuan-luzhou,https://www.ceicdata.com/zh-hans/china/local-government-debt-prefecture-level-city-outstanding/cn-local-government-debt-outstanding-sichuan-luzhou,https://www.ceicdata.com/zh-hans/china/local-government-debt-prefecture-level-city-outstanding/cn-local-government-debt-outstanding-sichuan-luzhou,https://www.ceicdata.com/zh-hans/china/local-government-debt-prefecture-level-city-outstanding/cn-local-government-debt-outstanding-sichuan-luzhou,https://www.ceicdata.com/zh-hans/china/local-government-debt-prefecture-level-city-outstanding/cn-local-government-debt-outstanding-sichuan-luzhou,ceic_city_debt_2018_2025.csv,text/plain,2026-08-01,2026-08-01,2025-12-31,2026-08-01T00:00:00+08:00,7bb382054dcbd95f0cea41f20033223f22e041e72bf77d53604b4ecf6ac840a8,archive://national-prefecture-panel/raw/province_debt/secondary/ceic_city_debt_2018_2025.csv,internal_object,raw/province_debt/secondary/ceic_city_debt_2018_2025.csv,,D,200,公开页面已抓取,,商业聚合数据库公开页面；2018—2024 年值来自页面 SVG 图表，2025 年值来自页面元数据。仅作补缺线索和 provisional 暂存，必须回到财政厅、人大预算/决算或官方统计公报复核，不作为最终 A/B/C 级证据。
SRC-SECONDARY-CEIC-CN-510600,CEIC Data,商业数据库,CEIC 城市级地方政府债务余额公开页面：德阳市,secondary_public_page,ceic_city_debt_2018_2025.csv,商业数据库城市债务页面,https://www.ceicdata.com/zh-hans/china/local-government-debt-prefecture-level-city-outstanding/cn-local-government-debt-outstanding-sichuan-deyang,https://www.ceicdata.com/zh-hans/china/local-government-debt-prefecture-level-city-outstanding/cn-local-government-debt-outstanding-sichuan-deyang,https://www.ceicdata.com/zh-hans/china/local-government-debt-prefecture-level-city-outstanding/cn-local-government-debt-outstanding-sichuan-deyang,https://www.ceicdata.com/zh-hans/china/local-government-debt-prefecture-level-city-outstanding/cn-local-government-debt-outstanding-sichuan-deyang,https://www.ceicdata.com/zh-hans/china/local-government-debt-prefecture-level-city-outstanding/cn-local-government-debt-outstanding-sichuan-deyang,ceic_city_debt_2018_2025.csv,text/plain,2026-08-01,2026-08-01,2025-12-31,2026-08-01T00:00:00+08:00,7bb382054dcbd95f0cea41f20033223f22e041e72bf77d53604b4ecf6ac840a8,archive://national-prefecture-panel/raw/province_debt/secondary/ceic_city_debt_2018_2025.csv,internal_object,raw/province_debt/secondary/ceic_city_debt_2018_2025.csv,,D,200,公开页面已抓取,,商业聚合数据库公开页面；2018—2024 年值来自页面 SVG 图表，2025 年值来自页面元数据。仅作补缺线索和 provisional 暂存，必须回到财政厅、人大预算/决算或官方统计公报复核，不作为最终 A/B/C 级证据。
SRC-SECONDARY-CEIC-CN-510700,CEIC Data,商业数据库,CEIC 城市级地方政府债务余额公开页面：绵阳市,secondary_public_page,ceic_city_debt_2018_2025.csv,商业数据库城市债务页面,https://www.ceicdata.com/zh-hans/china/local-government-debt-prefecture-level-city-outstanding/cn-local-government-debt-outstanding-sichuan-mianyang,https://www.ceicdata.com/zh-hans/china/local-government-debt-prefecture-level-city-outstanding/cn-local-government-debt-outstanding-sichuan-mianyang,https://www.ceicdata.com/zh-hans/china/local-government-debt-prefecture-level-city-outstanding/cn-local-government-debt-outstanding-sichuan-mianyang,https://www.ceicdata.com/zh-hans/china/local-government-debt-prefecture-level-city-outstanding/cn-local-government-debt-outstanding-sichuan-mianyang,https://www.ceicdata.com/zh-hans/china/local-government-debt-prefecture-level-city-outstanding/cn-local-government-debt-outstanding-sichuan-mianyang,ceic_city_debt_2018_2025.csv,text/plain,2026-08-01,2026-08-01,2025-12-31,2026-08-01T00:00:00+08:00,7bb382054dcbd95f0cea41f20033223f22e041e72bf77d53604b4ecf6ac840a8,archive://national-prefecture-panel/raw/province_debt/secondary/ceic_city_debt_2018_2025.csv,internal_object,raw/province_debt/secondary/ceic_city_debt_2018_2025.csv,,D,200,公开页面已抓取,,商业聚合数据库公开页面；2018—2024 年值来自页面 SVG 图表，2025 年值来自页面元数据。仅作补缺线索和 provisional 暂存，必须回到财政厅、人大预算/决算或官方统计公报复核，不作为最终 A/B/C 级证据。
SRC-SECONDARY-CEIC-CN-510800,CEIC Data,商业数据库,CEIC 城市级地方政府债务余额公开页面：广元市,secondary_public_page,ceic_city_debt_2018_2025.csv,商业数据库城市债务页面,https://www.ceicdata.com/zh-hans/china/local-government-debt-prefecture-level-city-outstanding/cn-local-government-debt-outstanding-sichuan-guangyuan,https://www.ceicdata.com/zh-hans/china/local-government-debt-prefecture-level-city-outstanding/cn-local-government-debt-outstanding-sichuan-guangyuan,https://www.ceicdata.com/zh-hans/china/local-government-debt-prefecture-level-city-outstanding/cn-local-government-debt-outstanding-sichuan-guangyuan,https://www.ceicdata.com/zh-hans/china/local-government-debt-prefecture-level-city-outstanding/cn-local-government-debt-outstanding-sichuan-guangyuan,https://www.ceicdata.com/zh-hans/china/local-government-debt-prefecture-level-city-outstanding/cn-local-government-debt-outstanding-sichuan-guangyuan,ceic_city_debt_2018_2025.csv,text/plain,2026-08-01,2026-08-01,2025-12-31,2026-08-01T00:00:00+08:00,7bb382054dcbd95f0cea41f20033223f22e041e72bf77d53604b4ecf6ac840a8,archive://national-prefecture-panel/raw/province_debt/secondary/ceic_city_debt_2018_2025.csv,internal_object,raw/province_debt/secondary/ceic_city_debt_2018_2025.csv,,D,200,公开页面已抓取,,商业聚合数据库公开页面；2018—2024 年值来自页面 SVG 图表，2025 年值来自页面元数据。仅作补缺线索和 provisional 暂存，必须回到财政厅、人大预算/决算或官方统计公报复核，不作为最终 A/B/C 级证据。
SRC-SECONDARY-CEIC-CN-510900,CEIC Data,商业数据库,CEIC 城市级地方政府债务余额公开页面：遂宁市,secondary_public_page,ceic_city_debt_2018_2025.csv,商业数据库城市债务页面,https://www.ceicdata.com/zh-hans/china/local-government-debt-prefecture-level-city-outstanding/cn-local-government-debt-outstanding-sichuan-suining,https://www.ceicdata.com/zh-hans/china/local-government-debt-prefecture-level-city-outstanding/cn-local-government-debt-outstanding-sichuan-suining,https://www.ceicdata.com/zh-hans/china/local-government-debt-prefecture-level-city-outstanding/cn-local-government-debt-outstanding-sichuan-suining,https://www.ceicdata.com/zh-hans/china/local-government-debt-prefecture-level-city-outstanding/cn-local-government-debt-outstanding-sichuan-suining,https://www.ceicdata.com/zh-hans/china/local-government-debt-prefecture-level-city-outstanding/cn-local-government-debt-outstanding-sichuan-suining,ceic_city_debt_2018_2025.csv,text/plain,2026-08-01,2026-08-01,2025-12-31,2026-08-01T00:00:00+08:00,7bb382054dcbd95f0cea41f20033223f22e041e72bf77d53604b4ecf6ac840a8,archive://national-prefecture-panel/raw/province_debt/secondary/ceic_city_debt_2018_2025.csv,internal_object,raw/province_debt/secondary/ceic_city_debt_2018_2025.csv,,D,200,公开页面已抓取,,商业聚合数据库公开页面；2018—2024 年值来自页面 SVG 图表，2025 年值来自页面元数据。仅作补缺线索和 provisional 暂存，必须回到财政厅、人大预算/决算或官方统计公报复核，不作为最终 A/B/C 级证据。
SRC-SECONDARY-CEIC-CN-511100,CEIC Data,商业数据库,CEIC 城市级地方政府债务余额公开页面：乐山市,secondary_public_page,ceic_city_debt_2018_2025.csv,商业数据库城市债务页面,https://www.ceicdata.com/zh-hans/china/local-government-debt-prefecture-level-city-outstanding/cn-local-government-debt-outstanding-general-sichuan-leshan;https://www.ceicdata.com/zh-hans/china/local-government-debt-prefecture-level-city-outstanding/cn-local-government-debt-outstanding-special-sichuan-leshan,https://www.ceicdata.com/zh-hans/china/local-government-debt-prefecture-level-city-outstanding/cn-local-government-debt-outstanding-general-sichuan-leshan;https://www.ceicdata.com/zh-hans/china/local-government-debt-prefecture-level-city-outstanding/cn-local-government-debt-outstanding-special-sichuan-leshan,https://www.ceicdata.com/zh-hans/china/local-government-debt-prefecture-level-city-outstanding/cn-local-government-debt-outstanding-general-sichuan-leshan;https://www.ceicdata.com/zh-hans/china/local-government-debt-prefecture-level-city-outstanding/cn-local-government-debt-outstanding-special-sichuan-leshan,https://www.ceicdata.com/zh-hans/china/local-government-debt-prefecture-level-city-outstanding/cn-local-government-debt-outstanding-general-sichuan-leshan;https://www.ceicdata.com/zh-hans/china/local-government-debt-prefecture-level-city-outstanding/cn-local-government-debt-outstanding-special-sichuan-leshan,https://www.ceicdata.com/zh-hans/china/local-government-debt-prefecture-level-city-outstanding/cn-local-government-debt-outstanding-general-sichuan-leshan;https://www.ceicdata.com/zh-hans/china/local-government-debt-prefecture-level-city-outstanding/cn-local-government-debt-outstanding-special-sichuan-leshan,ceic_city_debt_2018_2025.csv,text/plain,2026-08-01,2026-08-01,2025-12-31,2026-08-01T00:00:00+08:00,7bb382054dcbd95f0cea41f20033223f22e041e72bf77d53604b4ecf6ac840a8,archive://national-prefecture-panel/raw/province_debt/secondary/ceic_city_debt_2018_2025.csv,internal_object,raw/province_debt/secondary/ceic_city_debt_2018_2025.csv,,D,200,公开页面已抓取,,商业聚合数据库公开页面；2018—2024 年值来自页面 SVG 图表，2025 年值来自页面元数据。仅作补缺线索和 provisional 暂存，必须回到财政厅、人大预算/决算或官方统计公报复核，不作为最终 A/B/C 级证据。
SRC-SECONDARY-CEIC-CN-511300,CEIC Data,商业数据库,CEIC 城市级地方政府债务余额公开页面：南充市,secondary_public_page,ceic_city_debt_2018_2025.csv,商业数据库城市债务页面,https://www.ceicdata.com/zh-hans/china/local-government-debt-prefecture-level-city-outstanding/cn-local-government-debt-outstanding-general-sichuan-nanchong;https://www.ceicdata.com/zh-hans/china/local-government-debt-prefecture-level-city-outstanding/cn-local-government-debt-outstanding-special-sichuan-nanchong,https://www.ceicdata.com/zh-hans/china/local-government-debt-prefecture-level-city-outstanding/cn-local-government-debt-outstanding-general-sichuan-nanchong;https://www.ceicdata.com/zh-hans/china/local-government-debt-prefecture-level-city-outstanding/cn-local-government-debt-outstanding-special-sichuan-nanchong,https://www.ceicdata.com/zh-hans/china/local-government-debt-prefecture-level-city-outstanding/cn-local-government-debt-outstanding-general-sichuan-nanchong;https://www.ceicdata.com/zh-hans/china/local-government-debt-prefecture-level-city-outstanding/cn-local-government-debt-outstanding-special-sichuan-nanchong,https://www.ceicdata.com/zh-hans/china/local-government-debt-prefecture-level-city-outstanding/cn-local-government-debt-outstanding-general-sichuan-nanchong;https://www.ceicdata.com/zh-hans/china/local-government-debt-prefecture-level-city-outstanding/cn-local-government-debt-outstanding-special-sichuan-nanchong,https://www.ceicdata.com/zh-hans/china/local-government-debt-prefecture-level-city-outstanding/cn-local-government-debt-outstanding-general-sichuan-nanchong;https://www.ceicdata.com/zh-hans/china/local-government-debt-prefecture-level-city-outstanding/cn-local-government-debt-outstanding-special-sichuan-nanchong,ceic_city_debt_2018_2025.csv,text/plain,2026-08-01,2026-08-01,2025-12-31,2026-08-01T00:00:00+08:00,7bb382054dcbd95f0cea41f20033223f22e041e72bf77d53604b4ecf6ac840a8,archive://national-prefecture-panel/raw/province_debt/secondary/ceic_city_debt_2018_2025.csv,internal_object,raw/province_debt/secondary/ceic_city_debt_2018_2025.csv,,D,200,公开页面已抓取,,商业聚合数据库公开页面；2018—2024 年值来自页面 SVG 图表，2025 年值来自页面元数据。仅作补缺线索和 provisional 暂存，必须回到财政厅、人大预算/决算或官方统计公报复核，不作为最终 A/B/C 级证据。
SRC-SECONDARY-CEIC-CN-511500,CEIC Data,商业数据库,CEIC 城市级地方政府债务余额公开页面：宜宾市,secondary_public_page,ceic_city_debt_2018_2025.csv,商业数据库城市债务页面,https://www.ceicdata.com/zh-hans/china/local-government-debt-prefecture-level-city-outstanding/cn-local-government-debt-outstanding-general-sichuan-yibin;https://www.ceicdata.com/zh-hans/china/local-government-debt-prefecture-level-city-outstanding/cn-local-government-debt-outstanding-special-sichuan-yibin,https://www.ceicdata.com/zh-hans/china/local-government-debt-prefecture-level-city-outstanding/cn-local-government-debt-outstanding-general-sichuan-yibin;https://www.ceicdata.com/zh-hans/china/local-government-debt-prefecture-level-city-outstanding/cn-local-government-debt-outstanding-special-sichuan-yibin,https://www.ceicdata.com/zh-hans/china/local-government-debt-prefecture-level-city-outstanding/cn-local-government-debt-outstanding-general-sichuan-yibin;https://www.ceicdata.com/zh-hans/china/local-government-debt-prefecture-level-city-outstanding/cn-local-government-debt-outstanding-special-sichuan-yibin,https://www.ceicdata.com/zh-hans/china/local-government-debt-prefecture-level-city-outstanding/cn-local-government-debt-outstanding-general-sichuan-yibin;https://www.ceicdata.com/zh-hans/china/local-government-debt-prefecture-level-city-outstanding/cn-local-government-debt-outstanding-special-sichuan-yibin,https://www.ceicdata.com/zh-hans/china/local-government-debt-prefecture-level-city-outstanding/cn-local-government-debt-outstanding-general-sichuan-yibin;https://www.ceicdata.com/zh-hans/china/local-government-debt-prefecture-level-city-outstanding/cn-local-government-debt-outstanding-special-sichuan-yibin,ceic_city_debt_2018_2025.csv,text/plain,2026-08-01,2026-08-01,2025-12-31,2026-08-01T00:00:00+08:00,7bb382054dcbd95f0cea41f20033223f22e041e72bf77d53604b4ecf6ac840a8,archive://national-prefecture-panel/raw/province_debt/secondary/ceic_city_debt_2018_2025.csv,internal_object,raw/province_debt/secondary/ceic_city_debt_2018_2025.csv,,D,200,公开页面已抓取,,商业聚合数据库公开页面；2018—2024 年值来自页面 SVG 图表，2025 年值来自页面元数据。仅作补缺线索和 provisional 暂存，必须回到财政厅、人大预算/决算或官方统计公报复核，不作为最终 A/B/C 级证据。
SRC-SECONDARY-CEIC-CN-511600,CEIC Data,商业数据库,CEIC 城市级地方政府债务余额公开页面：广安市,secondary_public_page,ceic_city_debt_2018_2025.csv,商业数据库城市债务页面,https://www.ceicdata.com/zh-hans/china/local-government-debt-prefecture-level-city-outstanding/cn-local-government-debt-outstanding-sichuan-guangan,https://www.ceicdata.com/zh-hans/china/local-government-debt-prefecture-level-city-outstanding/cn-local-government-debt-outstanding-sichuan-guangan,https://www.ceicdata.com/zh-hans/china/local-government-debt-prefecture-level-city-outstanding/cn-local-government-debt-outstanding-sichuan-guangan,https://www.ceicdata.com/zh-hans/china/local-government-debt-prefecture-level-city-outstanding/cn-local-government-debt-outstanding-sichuan-guangan,https://www.ceicdata.com/zh-hans/china/local-government-debt-prefecture-level-city-outstanding/cn-local-government-debt-outstanding-sichuan-guangan,ceic_city_debt_2018_2025.csv,text/plain,2026-08-01,2026-08-01,2025-12-31,2026-08-01T00:00:00+08:00,7bb382054dcbd95f0cea41f20033223f22e041e72bf77d53604b4ecf6ac840a8,archive://national-prefecture-panel/raw/province_debt/secondary/ceic_city_debt_2018_2025.csv,internal_object,raw/province_debt/secondary/ceic_city_debt_2018_2025.csv,,D,200,公开页面已抓取,,商业聚合数据库公开页面；2018—2024 年值来自页面 SVG 图表，2025 年值来自页面元数据。仅作补缺线索和 provisional 暂存，必须回到财政厅、人大预算/决算或官方统计公报复核，不作为最终 A/B/C 级证据。
SRC-SECONDARY-CEIC-CN-511700,CEIC Data,商业数据库,CEIC 城市级地方政府债务余额公开页面：达州市,secondary_public_page,ceic_city_debt_2018_2025.csv,商业数据库城市债务页面,https://www.ceicdata.com/zh-hans/china/local-government-debt-prefecture-level-city-outstanding/cn-local-government-debt-outstanding-sichuan-dazhou,https://www.ceicdata.com/zh-hans/china/local-government-debt-prefecture-level-city-outstanding/cn-local-government-debt-outstanding-sichuan-dazhou,https://www.ceicdata.com/zh-hans/china/local-government-debt-prefecture-level-city-outstanding/cn-local-government-debt-outstanding-sichuan-dazhou,https://www.ceicdata.com/zh-hans/china/local-government-debt-prefecture-level-city-outstanding/cn-local-government-debt-outstanding-sichuan-dazhou,https://www.ceicdata.com/zh-hans/china/local-government-debt-prefecture-level-city-outstanding/cn-local-government-debt-outstanding-sichuan-dazhou,ceic_city_debt_2018_2025.csv,text/plain,2026-08-01,2026-08-01,2025-12-31,2026-08-01T00:00:00+08:00,7bb382054dcbd95f0cea41f20033223f22e041e72bf77d53604b4ecf6ac840a8,archive://national-prefecture-panel/raw/province_debt/secondary/ceic_city_debt_2018_2025.csv,internal_object,raw/province_debt/secondary/ceic_city_debt_2018_2025.csv,,D,200,公开页面已抓取,,商业聚合数据库公开页面；2018—2024 年值来自页面 SVG 图表，2025 年值来自页面元数据。仅作补缺线索和 provisional 暂存，必须回到财政厅、人大预算/决算或官方统计公报复核，不作为最终 A/B/C 级证据。
SRC-SECONDARY-CEIC-CN-511800,CEIC Data,商业数据库,CEIC 城市级地方政府债务余额公开页面：雅安市,secondary_public_page,ceic_city_debt_2018_2025.csv,商业数据库城市债务页面,https://www.ceicdata.com/zh-hans/china/local-government-debt-prefecture-level-city-outstanding/cn-local-government-debt-outstanding-sichuan-yaan,https://www.ceicdata.com/zh-hans/china/local-government-debt-prefecture-level-city-outstanding/cn-local-government-debt-outstanding-sichuan-yaan,https://www.ceicdata.com/zh-hans/china/local-government-debt-prefecture-level-city-outstanding/cn-local-government-debt-outstanding-sichuan-yaan,https://www.ceicdata.com/zh-hans/china/local-government-debt-prefecture-level-city-outstanding/cn-local-government-debt-outstanding-sichuan-yaan,https://www.ceicdata.com/zh-hans/china/local-government-debt-prefecture-level-city-outstanding/cn-local-government-debt-outstanding-sichuan-yaan,ceic_city_debt_2018_2025.csv,text/plain,2026-08-01,2026-08-01,2025-12-31,2026-08-01T00:00:00+08:00,7bb382054dcbd95f0cea41f20033223f22e041e72bf77d53604b4ecf6ac840a8,archive://national-prefecture-panel/raw/province_debt/secondary/ceic_city_debt_2018_2025.csv,internal_object,raw/province_debt/secondary/ceic_city_debt_2018_2025.csv,,D,200,公开页面已抓取,,商业聚合数据库公开页面；2018—2024 年值来自页面 SVG 图表，2025 年值来自页面元数据。仅作补缺线索和 provisional 暂存，必须回到财政厅、人大预算/决算或官方统计公报复核，不作为最终 A/B/C 级证据。
SRC-SECONDARY-CEIC-CN-511900,CEIC Data,商业数据库,CEIC 城市级地方政府债务余额公开页面：巴中市,secondary_public_page,ceic_city_debt_2018_2025.csv,商业数据库城市债务页面,https://www.ceicdata.com/zh-hans/china/local-government-debt-prefecture-level-city-outstanding/cn-local-government-debt-outstanding-sichuan-bazhong,https://www.ceicdata.com/zh-hans/china/local-government-debt-prefecture-level-city-outstanding/cn-local-government-debt-outstanding-sichuan-bazhong,https://www.ceicdata.com/zh-hans/china/local-government-debt-prefecture-level-city-outstanding/cn-local-government-debt-outstanding-sichuan-bazhong,https://www.ceicdata.com/zh-hans/china/local-government-debt-prefecture-level-city-outstanding/cn-local-government-debt-outstanding-sichuan-bazhong,https://www.ceicdata.com/zh-hans/china/local-government-debt-prefecture-level-city-outstanding/cn-local-government-debt-outstanding-sichuan-bazhong,ceic_city_debt_2018_2025.csv,text/plain,2026-08-01,2026-08-01,2025-12-31,2026-08-01T00:00:00+08:00,7bb382054dcbd95f0cea41f20033223f22e041e72bf77d53604b4ecf6ac840a8,archive://national-prefecture-panel/raw/province_debt/secondary/ceic_city_debt_2018_2025.csv,internal_object,raw/province_debt/secondary/ceic_city_debt_2018_2025.csv,,D,200,公开页面已抓取,,商业聚合数据库公开页面；2018—2024 年值来自页面 SVG 图表，2025 年值来自页面元数据。仅作补缺线索和 provisional 暂存，必须回到财政厅、人大预算/决算或官方统计公报复核，不作为最终 A/B/C 级证据。
SRC-SECONDARY-CEIC-CN-520100,CEIC Data,商业数据库,CEIC 城市级地方政府债务余额公开页面：贵阳市,secondary_public_page,ceic_city_debt_2018_2025.csv,商业数据库城市债务页面,https://www.ceicdata.com/zh-hans/china/local-government-debt-prefecture-level-city-outstanding/cn-local-government-debt-outstanding-guizhou-guiyang,https://www.ceicdata.com/zh-hans/china/local-government-debt-prefecture-level-city-outstanding/cn-local-government-debt-outstanding-guizhou-guiyang,https://www.ceicdata.com/zh-hans/china/local-government-debt-prefecture-level-city-outstanding/cn-local-government-debt-outstanding-guizhou-guiyang,https://www.ceicdata.com/zh-hans/china/local-government-debt-prefecture-level-city-outstanding/cn-local-government-debt-outstanding-guizhou-guiyang,https://www.ceicdata.com/zh-hans/china/local-government-debt-prefecture-level-city-outstanding/cn-local-government-debt-outstanding-guizhou-guiyang,ceic_city_debt_2018_2025.csv,text/plain,2026-08-01,2026-08-01,2025-12-31,2026-08-01T00:00:00+08:00,7bb382054dcbd95f0cea41f20033223f22e041e72bf77d53604b4ecf6ac840a8,archive://national-prefecture-panel/raw/province_debt/secondary/ceic_city_debt_2018_2025.csv,internal_object,raw/province_debt/secondary/ceic_city_debt_2018_2025.csv,,D,200,公开页面已抓取,,商业聚合数据库公开页面；2018—2024 年值来自页面 SVG 图表，2025 年值来自页面元数据。仅作补缺线索和 provisional 暂存，必须回到财政厅、人大预算/决算或官方统计公报复核，不作为最终 A/B/C 级证据。
SRC-SECONDARY-CEIC-CN-520200,CEIC Data,商业数据库,CEIC 城市级地方政府债务余额公开页面：六盘水市,secondary_public_page,ceic_city_debt_2018_2025.csv,商业数据库城市债务页面,https://www.ceicdata.com/zh-hans/china/local-government-debt-prefecture-level-city-outstanding/cn-local-government-debt-outstanding-guizhou-liupanshui,https://www.ceicdata.com/zh-hans/china/local-government-debt-prefecture-level-city-outstanding/cn-local-government-debt-outstanding-guizhou-liupanshui,https://www.ceicdata.com/zh-hans/china/local-government-debt-prefecture-level-city-outstanding/cn-local-government-debt-outstanding-guizhou-liupanshui,https://www.ceicdata.com/zh-hans/china/local-government-debt-prefecture-level-city-outstanding/cn-local-government-debt-outstanding-guizhou-liupanshui,https://www.ceicdata.com/zh-hans/china/local-government-debt-prefecture-level-city-outstanding/cn-local-government-debt-outstanding-guizhou-liupanshui,ceic_city_debt_2018_2025.csv,text/plain,2026-08-01,2026-08-01,2025-12-31,2026-08-01T00:00:00+08:00,7bb382054dcbd95f0cea41f20033223f22e041e72bf77d53604b4ecf6ac840a8,archive://national-prefecture-panel/raw/province_debt/secondary/ceic_city_debt_2018_2025.csv,internal_object,raw/province_debt/secondary/ceic_city_debt_2018_2025.csv,,D,200,公开页面已抓取,,商业聚合数据库公开页面；2018—2024 年值来自页面 SVG 图表，2025 年值来自页面元数据。仅作补缺线索和 provisional 暂存，必须回到财政厅、人大预算/决算或官方统计公报复核，不作为最终 A/B/C 级证据。
SRC-SECONDARY-CEIC-CN-520400,CEIC Data,商业数据库,CEIC 城市级地方政府债务余额公开页面：安顺市,secondary_public_page,ceic_city_debt_2018_2025.csv,商业数据库城市债务页面,https://www.ceicdata.com/zh-hans/china/local-government-debt-prefecture-level-city-outstanding/cn-local-government-debt-outstanding-guizhou-anshun,https://www.ceicdata.com/zh-hans/china/local-government-debt-prefecture-level-city-outstanding/cn-local-government-debt-outstanding-guizhou-anshun,https://www.ceicdata.com/zh-hans/china/local-government-debt-prefecture-level-city-outstanding/cn-local-government-debt-outstanding-guizhou-anshun,https://www.ceicdata.com/zh-hans/china/local-government-debt-prefecture-level-city-outstanding/cn-local-government-debt-outstanding-guizhou-anshun,https://www.ceicdata.com/zh-hans/china/local-government-debt-prefecture-level-city-outstanding/cn-local-government-debt-outstanding-guizhou-anshun,ceic_city_debt_2018_2025.csv,text/plain,2026-08-01,2026-08-01,2025-12-31,2026-08-01T00:00:00+08:00,7bb382054dcbd95f0cea41f20033223f22e041e72bf77d53604b4ecf6ac840a8,archive://national-prefecture-panel/raw/province_debt/secondary/ceic_city_debt_2018_2025.csv,internal_object,raw/province_debt/secondary/ceic_city_debt_2018_2025.csv,,D,200,公开页面已抓取,,商业聚合数据库公开页面；2018—2024 年值来自页面 SVG 图表，2025 年值来自页面元数据。仅作补缺线索和 provisional 暂存，必须回到财政厅、人大预算/决算或官方统计公报复核，不作为最终 A/B/C 级证据。
SRC-SECONDARY-CEIC-CN-520600,CEIC Data,商业数据库,CEIC 城市级地方政府债务余额公开页面：铜仁市,secondary_public_page,ceic_city_debt_2018_2025.csv,商业数据库城市债务页面,https://www.ceicdata.com/zh-hans/china/local-government-debt-prefecture-level-city-outstanding/cn-local-government-debt-outstanding-general-guizhou-tongren;https://www.ceicdata.com/zh-hans/china/local-government-debt-prefecture-level-city-outstanding/cn-local-government-debt-outstanding-special-guizhou-tongren,https://www.ceicdata.com/zh-hans/china/local-government-debt-prefecture-level-city-outstanding/cn-local-government-debt-outstanding-general-guizhou-tongren;https://www.ceicdata.com/zh-hans/china/local-government-debt-prefecture-level-city-outstanding/cn-local-government-debt-outstanding-special-guizhou-tongren,https://www.ceicdata.com/zh-hans/china/local-government-debt-prefecture-level-city-outstanding/cn-local-government-debt-outstanding-general-guizhou-tongren;https://www.ceicdata.com/zh-hans/china/local-government-debt-prefecture-level-city-outstanding/cn-local-government-debt-outstanding-special-guizhou-tongren,https://www.ceicdata.com/zh-hans/china/local-government-debt-prefecture-level-city-outstanding/cn-local-government-debt-outstanding-general-guizhou-tongren;https://www.ceicdata.com/zh-hans/china/local-government-debt-prefecture-level-city-outstanding/cn-local-government-debt-outstanding-special-guizhou-tongren,https://www.ceicdata.com/zh-hans/china/local-government-debt-prefecture-level-city-outstanding/cn-local-government-debt-outstanding-general-guizhou-tongren;https://www.ceicdata.com/zh-hans/china/local-government-debt-prefecture-level-city-outstanding/cn-local-government-debt-outstanding-special-guizhou-tongren,ceic_city_debt_2018_2025.csv,text/plain,2026-08-01,2026-08-01,2025-12-31,2026-08-01T00:00:00+08:00,7bb382054dcbd95f0cea41f20033223f22e041e72bf77d53604b4ecf6ac840a8,archive://national-prefecture-panel/raw/province_debt/secondary/ceic_city_debt_2018_2025.csv,internal_object,raw/province_debt/secondary/ceic_city_debt_2018_2025.csv,,D,200,公开页面已抓取,,商业聚合数据库公开页面；2018—2024 年值来自页面 SVG 图表，2025 年值来自页面元数据。仅作补缺线索和 provisional 暂存，必须回到财政厅、人大预算/决算或官方统计公报复核，不作为最终 A/B/C 级证据。
SRC-SECONDARY-CEIC-CN-530300,CEIC Data,商业数据库,CEIC 城市级地方政府债务余额公开页面：曲靖市,secondary_public_page,ceic_city_debt_2018_2025.csv,商业数据库城市债务页面,https://www.ceicdata.com/zh-hans/china/local-government-debt-prefecture-level-city-outstanding/cn-local-government-debt-outstanding-yunnan-qujing,https://www.ceicdata.com/zh-hans/china/local-government-debt-prefecture-level-city-outstanding/cn-local-government-debt-outstanding-yunnan-qujing,https://www.ceicdata.com/zh-hans/china/local-government-debt-prefecture-level-city-outstanding/cn-local-government-debt-outstanding-yunnan-qujing,https://www.ceicdata.com/zh-hans/china/local-government-debt-prefecture-level-city-outstanding/cn-local-government-debt-outstanding-yunnan-qujing,https://www.ceicdata.com/zh-hans/china/local-government-debt-prefecture-level-city-outstanding/cn-local-government-debt-outstanding-yunnan-qujing,ceic_city_debt_2018_2025.csv,text/plain,2026-08-01,2026-08-01,2025-12-31,2026-08-01T00:00:00+08:00,7bb382054dcbd95f0cea41f20033223f22e041e72bf77d53604b4ecf6ac840a8,archive://national-prefecture-panel/raw/province_debt/secondary/ceic_city_debt_2018_2025.csv,internal_object,raw/province_debt/secondary/ceic_city_debt_2018_2025.csv,,D,200,公开页面已抓取,,商业聚合数据库公开页面；2018—2024 年值来自页面 SVG 图表，2025 年值来自页面元数据。仅作补缺线索和 provisional 暂存，必须回到财政厅、人大预算/决算或官方统计公报复核，不作为最终 A/B/C 级证据。
SRC-SECONDARY-CEIC-CN-530500,CEIC Data,商业数据库,CEIC 城市级地方政府债务余额公开页面：保山市,secondary_public_page,ceic_city_debt_2018_2025.csv,商业数据库城市债务页面,https://www.ceicdata.com/zh-hans/china/local-government-debt-prefecture-level-city-outstanding/cn-local-government-debt-outstanding-yunnan-baoshan,https://www.ceicdata.com/zh-hans/china/local-government-debt-prefecture-level-city-outstanding/cn-local-government-debt-outstanding-yunnan-baoshan,https://www.ceicdata.com/zh-hans/china/local-government-debt-prefecture-level-city-outstanding/cn-local-government-debt-outstanding-yunnan-baoshan,https://www.ceicdata.com/zh-hans/china/local-government-debt-prefecture-level-city-outstanding/cn-local-government-debt-outstanding-yunnan-baoshan,https://www.ceicdata.com/zh-hans/china/local-government-debt-prefecture-level-city-outstanding/cn-local-government-debt-outstanding-yunnan-baoshan,ceic_city_debt_2018_2025.csv,text/plain,2026-08-01,2026-08-01,2025-12-31,2026-08-01T00:00:00+08:00,7bb382054dcbd95f0cea41f20033223f22e041e72bf77d53604b4ecf6ac840a8,archive://national-prefecture-panel/raw/province_debt/secondary/ceic_city_debt_2018_2025.csv,internal_object,raw/province_debt/secondary/ceic_city_debt_2018_2025.csv,,D,200,公开页面已抓取,,商业聚合数据库公开页面；2018—2024 年值来自页面 SVG 图表，2025 年值来自页面元数据。仅作补缺线索和 provisional 暂存，必须回到财政厅、人大预算/决算或官方统计公报复核，不作为最终 A/B/C 级证据。
SRC-SECONDARY-CEIC-CN-530600,CEIC Data,商业数据库,CEIC 城市级地方政府债务余额公开页面：昭通市,secondary_public_page,ceic_city_debt_2018_2025.csv,商业数据库城市债务页面,https://www.ceicdata.com/zh-hans/china/local-government-debt-prefecture-level-city-outstanding/cn-local-government-debt-outstanding-yunnan-zhaotong,https://www.ceicdata.com/zh-hans/china/local-government-debt-prefecture-level-city-outstanding/cn-local-government-debt-outstanding-yunnan-zhaotong,https://www.ceicdata.com/zh-hans/china/local-government-debt-prefecture-level-city-outstanding/cn-local-government-debt-outstanding-yunnan-zhaotong,https://www.ceicdata.com/zh-hans/china/local-government-debt-prefecture-level-city-outstanding/cn-local-government-debt-outstanding-yunnan-zhaotong,https://www.ceicdata.com/zh-hans/china/local-government-debt-prefecture-level-city-outstanding/cn-local-government-debt-outstanding-yunnan-zhaotong,ceic_city_debt_2018_2025.csv,text/plain,2026-08-01,2026-08-01,2025-12-31,2026-08-01T00:00:00+08:00,7bb382054dcbd95f0cea41f20033223f22e041e72bf77d53604b4ecf6ac840a8,archive://national-prefecture-panel/raw/province_debt/secondary/ceic_city_debt_2018_2025.csv,internal_object,raw/province_debt/secondary/ceic_city_debt_2018_2025.csv,,D,200,公开页面已抓取,,商业聚合数据库公开页面；2018—2024 年值来自页面 SVG 图表，2025 年值来自页面元数据。仅作补缺线索和 provisional 暂存，必须回到财政厅、人大预算/决算或官方统计公报复核，不作为最终 A/B/C 级证据。
SRC-SECONDARY-CEIC-CN-530700,CEIC Data,商业数据库,CEIC 城市级地方政府债务余额公开页面：丽江市,secondary_public_page,ceic_city_debt_2018_2025.csv,商业数据库城市债务页面,https://www.ceicdata.com/zh-hans/china/local-government-debt-prefecture-level-city-outstanding/cn-local-government-debt-outstanding-yunnan-lijiang,https://www.ceicdata.com/zh-hans/china/local-government-debt-prefecture-level-city-outstanding/cn-local-government-debt-outstanding-yunnan-lijiang,https://www.ceicdata.com/zh-hans/china/local-government-debt-prefecture-level-city-outstanding/cn-local-government-debt-outstanding-yunnan-lijiang,https://www.ceicdata.com/zh-hans/china/local-government-debt-prefecture-level-city-outstanding/cn-local-government-debt-outstanding-yunnan-lijiang,https://www.ceicdata.com/zh-hans/china/local-government-debt-prefecture-level-city-outstanding/cn-local-government-debt-outstanding-yunnan-lijiang,ceic_city_debt_2018_2025.csv,text/plain,2026-08-01,2026-08-01,2025-12-31,2026-08-01T00:00:00+08:00,7bb382054dcbd95f0cea41f20033223f22e041e72bf77d53604b4ecf6ac840a8,archive://national-prefecture-panel/raw/province_debt/secondary/ceic_city_debt_2018_2025.csv,internal_object,raw/province_debt/secondary/ceic_city_debt_2018_2025.csv,,D,200,公开页面已抓取,,商业聚合数据库公开页面；2018—2024 年值来自页面 SVG 图表，2025 年值来自页面元数据。仅作补缺线索和 provisional 暂存，必须回到财政厅、人大预算/决算或官方统计公报复核，不作为最终 A/B/C 级证据。
SRC-SECONDARY-CEIC-CN-610200,CEIC Data,商业数据库,CEIC 城市级地方政府债务余额公开页面：铜川市,secondary_public_page,ceic_city_debt_2018_2025.csv,商业数据库城市债务页面,https://www.ceicdata.com/zh-hans/china/local-government-debt-prefecture-level-city-outstanding/cn-local-government-debt-outstanding-general-shaanxi-tongchuan;https://www.ceicdata.com/zh-hans/china/local-government-debt-prefecture-level-city-outstanding/cn-local-government-debt-outstanding-special-shaanxi-tongchuan,https://www.ceicdata.com/zh-hans/china/local-government-debt-prefecture-level-city-outstanding/cn-local-government-debt-outstanding-general-shaanxi-tongchuan;https://www.ceicdata.com/zh-hans/china/local-government-debt-prefecture-level-city-outstanding/cn-local-government-debt-outstanding-special-shaanxi-tongchuan,https://www.ceicdata.com/zh-hans/china/local-government-debt-prefecture-level-city-outstanding/cn-local-government-debt-outstanding-general-shaanxi-tongchuan;https://www.ceicdata.com/zh-hans/china/local-government-debt-prefecture-level-city-outstanding/cn-local-government-debt-outstanding-special-shaanxi-tongchuan,https://www.ceicdata.com/zh-hans/china/local-government-debt-prefecture-level-city-outstanding/cn-local-government-debt-outstanding-general-shaanxi-tongchuan;https://www.ceicdata.com/zh-hans/china/local-government-debt-prefecture-level-city-outstanding/cn-local-government-debt-outstanding-special-shaanxi-tongchuan,https://www.ceicdata.com/zh-hans/china/local-government-debt-prefecture-level-city-outstanding/cn-local-government-debt-outstanding-general-shaanxi-tongchuan;https://www.ceicdata.com/zh-hans/china/local-government-debt-prefecture-level-city-outstanding/cn-local-government-debt-outstanding-special-shaanxi-tongchuan,ceic_city_debt_2018_2025.csv,text/plain,2026-08-01,2026-08-01,2025-12-31,2026-08-01T00:00:00+08:00,7bb382054dcbd95f0cea41f20033223f22e041e72bf77d53604b4ecf6ac840a8,archive://national-prefecture-panel/raw/province_debt/secondary/ceic_city_debt_2018_2025.csv,internal_object,raw/province_debt/secondary/ceic_city_debt_2018_2025.csv,,D,200,公开页面已抓取,,商业聚合数据库公开页面；2018—2024 年值来自页面 SVG 图表，2025 年值来自页面元数据。仅作补缺线索和 provisional 暂存，必须回到财政厅、人大预算/决算或官方统计公报复核，不作为最终 A/B/C 级证据。
SRC-SECONDARY-CEIC-CN-610500,CEIC Data,商业数据库,CEIC 城市级地方政府债务余额公开页面：渭南市,secondary_public_page,ceic_city_debt_2018_2025.csv,商业数据库城市债务页面,https://www.ceicdata.com/zh-hans/china/local-government-debt-prefecture-level-city-outstanding/cn-local-government-debt-outstanding-general-shaanxi-weinan;https://www.ceicdata.com/zh-hans/china/local-government-debt-prefecture-level-city-outstanding/cn-local-government-debt-outstanding-special-shaanxi-weinan,https://www.ceicdata.com/zh-hans/china/local-government-debt-prefecture-level-city-outstanding/cn-local-government-debt-outstanding-general-shaanxi-weinan;https://www.ceicdata.com/zh-hans/china/local-government-debt-prefecture-level-city-outstanding/cn-local-government-debt-outstanding-special-shaanxi-weinan,https://www.ceicdata.com/zh-hans/china/local-government-debt-prefecture-level-city-outstanding/cn-local-government-debt-outstanding-general-shaanxi-weinan;https://www.ceicdata.com/zh-hans/china/local-government-debt-prefecture-level-city-outstanding/cn-local-government-debt-outstanding-special-shaanxi-weinan,https://www.ceicdata.com/zh-hans/china/local-government-debt-prefecture-level-city-outstanding/cn-local-government-debt-outstanding-general-shaanxi-weinan;https://www.ceicdata.com/zh-hans/china/local-government-debt-prefecture-level-city-outstanding/cn-local-government-debt-outstanding-special-shaanxi-weinan,https://www.ceicdata.com/zh-hans/china/local-government-debt-prefecture-level-city-outstanding/cn-local-government-debt-outstanding-general-shaanxi-weinan;https://www.ceicdata.com/zh-hans/china/local-government-debt-prefecture-level-city-outstanding/cn-local-government-debt-outstanding-special-shaanxi-weinan,ceic_city_debt_2018_2025.csv,text/plain,2026-08-01,2026-08-01,2025-12-31,2026-08-01T00:00:00+08:00,7bb382054dcbd95f0cea41f20033223f22e041e72bf77d53604b4ecf6ac840a8,archive://national-prefecture-panel/raw/province_debt/secondary/ceic_city_debt_2018_2025.csv,internal_object,raw/province_debt/secondary/ceic_city_debt_2018_2025.csv,,D,200,公开页面已抓取,,商业聚合数据库公开页面；2018—2024 年值来自页面 SVG 图表，2025 年值来自页面元数据。仅作补缺线索和 provisional 暂存，必须回到财政厅、人大预算/决算或官方统计公报复核，不作为最终 A/B/C 级证据。
SRC-SECONDARY-CEIC-CN-610800,CEIC Data,商业数据库,CEIC 城市级地方政府债务余额公开页面：榆林市,secondary_public_page,ceic_city_debt_2018_2025.csv,商业数据库城市债务页面,https://www.ceicdata.com/zh-hans/china/local-government-debt-prefecture-level-city-outstanding/cn-local-government-debt-outstanding-shaanxi-yulin,https://www.ceicdata.com/zh-hans/china/local-government-debt-prefecture-level-city-outstanding/cn-local-government-debt-outstanding-shaanxi-yulin,https://www.ceicdata.com/zh-hans/china/local-government-debt-prefecture-level-city-outstanding/cn-local-government-debt-outstanding-shaanxi-yulin,https://www.ceicdata.com/zh-hans/china/local-government-debt-prefecture-level-city-outstanding/cn-local-government-debt-outstanding-shaanxi-yulin,https://www.ceicdata.com/zh-hans/china/local-government-debt-prefecture-level-city-outstanding/cn-local-government-debt-outstanding-shaanxi-yulin,ceic_city_debt_2018_2025.csv,text/plain,2026-08-01,2026-08-01,2025-12-31,2026-08-01T00:00:00+08:00,7bb382054dcbd95f0cea41f20033223f22e041e72bf77d53604b4ecf6ac840a8,archive://national-prefecture-panel/raw/province_debt/secondary/ceic_city_debt_2018_2025.csv,internal_object,raw/province_debt/secondary/ceic_city_debt_2018_2025.csv,,D,200,公开页面已抓取,,商业聚合数据库公开页面；2018—2024 年值来自页面 SVG 图表，2025 年值来自页面元数据。仅作补缺线索和 provisional 暂存，必须回到财政厅、人大预算/决算或官方统计公报复核，不作为最终 A/B/C 级证据。
SRC-SECONDARY-CEIC-CN-610900,CEIC Data,商业数据库,CEIC 城市级地方政府债务余额公开页面：安康市,secondary_public_page,ceic_city_debt_2018_2025.csv,商业数据库城市债务页面,https://www.ceicdata.com/zh-hans/china/local-government-debt-prefecture-level-city-outstanding/cn-local-government-debt-outstanding-shaanxi-ankang,https://www.ceicdata.com/zh-hans/china/local-government-debt-prefecture-level-city-outstanding/cn-local-government-debt-outstanding-shaanxi-ankang,https://www.ceicdata.com/zh-hans/china/local-government-debt-prefecture-level-city-outstanding/cn-local-government-debt-outstanding-shaanxi-ankang,https://www.ceicdata.com/zh-hans/china/local-government-debt-prefecture-level-city-outstanding/cn-local-government-debt-outstanding-shaanxi-ankang,https://www.ceicdata.com/zh-hans/china/local-government-debt-prefecture-level-city-outstanding/cn-local-government-debt-outstanding-shaanxi-ankang,ceic_city_debt_2018_2025.csv,text/plain,2026-08-01,2026-08-01,2025-12-31,2026-08-01T00:00:00+08:00,7bb382054dcbd95f0cea41f20033223f22e041e72bf77d53604b4ecf6ac840a8,archive://national-prefecture-panel/raw/province_debt/secondary/ceic_city_debt_2018_2025.csv,internal_object,raw/province_debt/secondary/ceic_city_debt_2018_2025.csv,,D,200,公开页面已抓取,,商业聚合数据库公开页面；2018—2024 年值来自页面 SVG 图表，2025 年值来自页面元数据。仅作补缺线索和 provisional 暂存，必须回到财政厅、人大预算/决算或官方统计公报复核，不作为最终 A/B/C 级证据。
SRC-SECONDARY-CEIC-CN-611000,CEIC Data,商业数据库,CEIC 城市级地方政府债务余额公开页面：商洛市,secondary_public_page,ceic_city_debt_2018_2025.csv,商业数据库城市债务页面,https://www.ceicdata.com/zh-hans/china/local-government-debt-prefecture-level-city-outstanding/cn-local-government-debt-outstanding-general-shaanxi-shangluo;https://www.ceicdata.com/zh-hans/china/local-government-debt-prefecture-level-city-outstanding/cn-local-government-debt-outstanding-special-shaanxi-shangluo,https://www.ceicdata.com/zh-hans/china/local-government-debt-prefecture-level-city-outstanding/cn-local-government-debt-outstanding-general-shaanxi-shangluo;https://www.ceicdata.com/zh-hans/china/local-government-debt-prefecture-level-city-outstanding/cn-local-government-debt-outstanding-special-shaanxi-shangluo,https://www.ceicdata.com/zh-hans/china/local-government-debt-prefecture-level-city-outstanding/cn-local-government-debt-outstanding-general-shaanxi-shangluo;https://www.ceicdata.com/zh-hans/china/local-government-debt-prefecture-level-city-outstanding/cn-local-government-debt-outstanding-special-shaanxi-shangluo,https://www.ceicdata.com/zh-hans/china/local-government-debt-prefecture-level-city-outstanding/cn-local-government-debt-outstanding-general-shaanxi-shangluo;https://www.ceicdata.com/zh-hans/china/local-government-debt-prefecture-level-city-outstanding/cn-local-government-debt-outstanding-special-shaanxi-shangluo,https://www.ceicdata.com/zh-hans/china/local-government-debt-prefecture-level-city-outstanding/cn-local-government-debt-outstanding-general-shaanxi-shangluo;https://www.ceicdata.com/zh-hans/china/local-government-debt-prefecture-level-city-outstanding/cn-local-government-debt-outstanding-special-shaanxi-shangluo,ceic_city_debt_2018_2025.csv,text/plain,2026-08-01,2026-08-01,2025-12-31,2026-08-01T00:00:00+08:00,7bb382054dcbd95f0cea41f20033223f22e041e72bf77d53604b4ecf6ac840a8,archive://national-prefecture-panel/raw/province_debt/secondary/ceic_city_debt_2018_2025.csv,internal_object,raw/province_debt/secondary/ceic_city_debt_2018_2025.csv,,D,200,公开页面已抓取,,商业聚合数据库公开页面；2018—2024 年值来自页面 SVG 图表，2025 年值来自页面元数据。仅作补缺线索和 provisional 暂存，必须回到财政厅、人大预算/决算或官方统计公报复核，不作为最终 A/B/C 级证据。
SRC-SECONDARY-CEIC-CN-620100,CEIC Data,商业数据库,CEIC 城市级地方政府债务余额公开页面：兰州市,secondary_public_page,ceic_city_debt_2018_2025.csv,商业数据库城市债务页面,https://www.ceicdata.com/zh-hans/china/local-government-debt-prefecture-level-city-outstanding/cn-local-government-debt-outstanding-gansu-lanzhou,https://www.ceicdata.com/zh-hans/china/local-government-debt-prefecture-level-city-outstanding/cn-local-government-debt-outstanding-gansu-lanzhou,https://www.ceicdata.com/zh-hans/china/local-government-debt-prefecture-level-city-outstanding/cn-local-government-debt-outstanding-gansu-lanzhou,https://www.ceicdata.com/zh-hans/china/local-government-debt-prefecture-level-city-outstanding/cn-local-government-debt-outstanding-gansu-lanzhou,https://www.ceicdata.com/zh-hans/china/local-government-debt-prefecture-level-city-outstanding/cn-local-government-debt-outstanding-gansu-lanzhou,ceic_city_debt_2018_2025.csv,text/plain,2026-08-01,2026-08-01,2025-12-31,2026-08-01T00:00:00+08:00,7bb382054dcbd95f0cea41f20033223f22e041e72bf77d53604b4ecf6ac840a8,archive://national-prefecture-panel/raw/province_debt/secondary/ceic_city_debt_2018_2025.csv,internal_object,raw/province_debt/secondary/ceic_city_debt_2018_2025.csv,,D,200,公开页面已抓取,,商业聚合数据库公开页面；2018—2024 年值来自页面 SVG 图表，2025 年值来自页面元数据。仅作补缺线索和 provisional 暂存，必须回到财政厅、人大预算/决算或官方统计公报复核，不作为最终 A/B/C 级证据。
SRC-SECONDARY-CEIC-CN-620200,CEIC Data,商业数据库,CEIC 城市级地方政府债务余额公开页面：嘉峪关市,secondary_public_page,ceic_city_debt_2018_2025.csv,商业数据库城市债务页面,https://www.ceicdata.com/zh-hans/china/local-government-debt-prefecture-level-city-outstanding/cn-local-government-debt-outstanding-general-gansu-jiayuguan;https://www.ceicdata.com/zh-hans/china/local-government-debt-prefecture-level-city-outstanding/cn-local-government-debt-outstanding-special-gansu-jiayuguan,https://www.ceicdata.com/zh-hans/china/local-government-debt-prefecture-level-city-outstanding/cn-local-government-debt-outstanding-general-gansu-jiayuguan;https://www.ceicdata.com/zh-hans/china/local-government-debt-prefecture-level-city-outstanding/cn-local-government-debt-outstanding-special-gansu-jiayuguan,https://www.ceicdata.com/zh-hans/china/local-government-debt-prefecture-level-city-outstanding/cn-local-government-debt-outstanding-general-gansu-jiayuguan;https://www.ceicdata.com/zh-hans/china/local-government-debt-prefecture-level-city-outstanding/cn-local-government-debt-outstanding-special-gansu-jiayuguan,https://www.ceicdata.com/zh-hans/china/local-government-debt-prefecture-level-city-outstanding/cn-local-government-debt-outstanding-general-gansu-jiayuguan;https://www.ceicdata.com/zh-hans/china/local-government-debt-prefecture-level-city-outstanding/cn-local-government-debt-outstanding-special-gansu-jiayuguan,https://www.ceicdata.com/zh-hans/china/local-government-debt-prefecture-level-city-outstanding/cn-local-government-debt-outstanding-general-gansu-jiayuguan;https://www.ceicdata.com/zh-hans/china/local-government-debt-prefecture-level-city-outstanding/cn-local-government-debt-outstanding-special-gansu-jiayuguan,ceic_city_debt_2018_2025.csv,text/plain,2026-08-01,2026-08-01,2025-12-31,2026-08-01T00:00:00+08:00,7bb382054dcbd95f0cea41f20033223f22e041e72bf77d53604b4ecf6ac840a8,archive://national-prefecture-panel/raw/province_debt/secondary/ceic_city_debt_2018_2025.csv,internal_object,raw/province_debt/secondary/ceic_city_debt_2018_2025.csv,,D,200,公开页面已抓取,,商业聚合数据库公开页面；2018—2024 年值来自页面 SVG 图表，2025 年值来自页面元数据。仅作补缺线索和 provisional 暂存，必须回到财政厅、人大预算/决算或官方统计公报复核，不作为最终 A/B/C 级证据。
SRC-SECONDARY-CEIC-CN-620400,CEIC Data,商业数据库,CEIC 城市级地方政府债务余额公开页面：白银市,secondary_public_page,ceic_city_debt_2018_2025.csv,商业数据库城市债务页面,https://www.ceicdata.com/zh-hans/china/local-government-debt-prefecture-level-city-outstanding/cn-local-government-debt-outstanding-general-gansu-baiyin;https://www.ceicdata.com/zh-hans/china/local-government-debt-prefecture-level-city-outstanding/cn-local-government-debt-outstanding-special-gansu-baiyin,https://www.ceicdata.com/zh-hans/china/local-government-debt-prefecture-level-city-outstanding/cn-local-government-debt-outstanding-general-gansu-baiyin;https://www.ceicdata.com/zh-hans/china/local-government-debt-prefecture-level-city-outstanding/cn-local-government-debt-outstanding-special-gansu-baiyin,https://www.ceicdata.com/zh-hans/china/local-government-debt-prefecture-level-city-outstanding/cn-local-government-debt-outstanding-general-gansu-baiyin;https://www.ceicdata.com/zh-hans/china/local-government-debt-prefecture-level-city-outstanding/cn-local-government-debt-outstanding-special-gansu-baiyin,https://www.ceicdata.com/zh-hans/china/local-government-debt-prefecture-level-city-outstanding/cn-local-government-debt-outstanding-general-gansu-baiyin;https://www.ceicdata.com/zh-hans/china/local-government-debt-prefecture-level-city-outstanding/cn-local-government-debt-outstanding-special-gansu-baiyin,https://www.ceicdata.com/zh-hans/china/local-government-debt-prefecture-level-city-outstanding/cn-local-government-debt-outstanding-general-gansu-baiyin;https://www.ceicdata.com/zh-hans/china/local-government-debt-prefecture-level-city-outstanding/cn-local-government-debt-outstanding-special-gansu-baiyin,ceic_city_debt_2018_2025.csv,text/plain,2026-08-01,2026-08-01,2025-12-31,2026-08-01T00:00:00+08:00,7bb382054dcbd95f0cea41f20033223f22e041e72bf77d53604b4ecf6ac840a8,archive://national-prefecture-panel/raw/province_debt/secondary/ceic_city_debt_2018_2025.csv,internal_object,raw/province_debt/secondary/ceic_city_debt_2018_2025.csv,,D,200,公开页面已抓取,,商业聚合数据库公开页面；2018—2024 年值来自页面 SVG 图表，2025 年值来自页面元数据。仅作补缺线索和 provisional 暂存，必须回到财政厅、人大预算/决算或官方统计公报复核，不作为最终 A/B/C 级证据。
SRC-SECONDARY-CEIC-CN-620600,CEIC Data,商业数据库,CEIC 城市级地方政府债务余额公开页面：武威市,secondary_public_page,ceic_city_debt_2018_2025.csv,商业数据库城市债务页面,https://www.ceicdata.com/zh-hans/china/local-government-debt-prefecture-level-city-outstanding/cn-local-government-debt-outstanding-gansu-wuwei,https://www.ceicdata.com/zh-hans/china/local-government-debt-prefecture-level-city-outstanding/cn-local-government-debt-outstanding-gansu-wuwei,https://www.ceicdata.com/zh-hans/china/local-government-debt-prefecture-level-city-outstanding/cn-local-government-debt-outstanding-gansu-wuwei,https://www.ceicdata.com/zh-hans/china/local-government-debt-prefecture-level-city-outstanding/cn-local-government-debt-outstanding-gansu-wuwei,https://www.ceicdata.com/zh-hans/china/local-government-debt-prefecture-level-city-outstanding/cn-local-government-debt-outstanding-gansu-wuwei,ceic_city_debt_2018_2025.csv,text/plain,2026-08-01,2026-08-01,2025-12-31,2026-08-01T00:00:00+08:00,7bb382054dcbd95f0cea41f20033223f22e041e72bf77d53604b4ecf6ac840a8,archive://national-prefecture-panel/raw/province_debt/secondary/ceic_city_debt_2018_2025.csv,internal_object,raw/province_debt/secondary/ceic_city_debt_2018_2025.csv,,D,200,公开页面已抓取,,商业聚合数据库公开页面；2018—2024 年值来自页面 SVG 图表，2025 年值来自页面元数据。仅作补缺线索和 provisional 暂存，必须回到财政厅、人大预算/决算或官方统计公报复核，不作为最终 A/B/C 级证据。
SRC-SECONDARY-CEIC-CN-620700,CEIC Data,商业数据库,CEIC 城市级地方政府债务余额公开页面：张掖市,secondary_public_page,ceic_city_debt_2018_2025.csv,商业数据库城市债务页面,https://www.ceicdata.com/zh-hans/china/local-government-debt-prefecture-level-city-outstanding/cn-local-government-debt-outstanding-general-gansu-zhangye;https://www.ceicdata.com/zh-hans/china/local-government-debt-prefecture-level-city-outstanding/cn-local-government-debt-outstanding-special-gansu-zhangye,https://www.ceicdata.com/zh-hans/china/local-government-debt-prefecture-level-city-outstanding/cn-local-government-debt-outstanding-general-gansu-zhangye;https://www.ceicdata.com/zh-hans/china/local-government-debt-prefecture-level-city-outstanding/cn-local-government-debt-outstanding-special-gansu-zhangye,https://www.ceicdata.com/zh-hans/china/local-government-debt-prefecture-level-city-outstanding/cn-local-government-debt-outstanding-general-gansu-zhangye;https://www.ceicdata.com/zh-hans/china/local-government-debt-prefecture-level-city-outstanding/cn-local-government-debt-outstanding-special-gansu-zhangye,https://www.ceicdata.com/zh-hans/china/local-government-debt-prefecture-level-city-outstanding/cn-local-government-debt-outstanding-general-gansu-zhangye;https://www.ceicdata.com/zh-hans/china/local-government-debt-prefecture-level-city-outstanding/cn-local-government-debt-outstanding-special-gansu-zhangye,https://www.ceicdata.com/zh-hans/china/local-government-debt-prefecture-level-city-outstanding/cn-local-government-debt-outstanding-general-gansu-zhangye;https://www.ceicdata.com/zh-hans/china/local-government-debt-prefecture-level-city-outstanding/cn-local-government-debt-outstanding-special-gansu-zhangye,ceic_city_debt_2018_2025.csv,text/plain,2026-08-01,2026-08-01,2025-12-31,2026-08-01T00:00:00+08:00,7bb382054dcbd95f0cea41f20033223f22e041e72bf77d53604b4ecf6ac840a8,archive://national-prefecture-panel/raw/province_debt/secondary/ceic_city_debt_2018_2025.csv,internal_object,raw/province_debt/secondary/ceic_city_debt_2018_2025.csv,,D,200,公开页面已抓取,,商业聚合数据库公开页面；2018—2024 年值来自页面 SVG 图表，2025 年值来自页面元数据。仅作补缺线索和 provisional 暂存，必须回到财政厅、人大预算/决算或官方统计公报复核，不作为最终 A/B/C 级证据。
SRC-SECONDARY-CEIC-CN-621000,CEIC Data,商业数据库,CEIC 城市级地方政府债务余额公开页面：庆阳市,secondary_public_page,ceic_city_debt_2018_2025.csv,商业数据库城市债务页面,https://www.ceicdata.com/zh-hans/china/local-government-debt-prefecture-level-city-outstanding/cn-local-government-debt-outstanding-gansu-qingyang,https://www.ceicdata.com/zh-hans/china/local-government-debt-prefecture-level-city-outstanding/cn-local-government-debt-outstanding-gansu-qingyang,https://www.ceicdata.com/zh-hans/china/local-government-debt-prefecture-level-city-outstanding/cn-local-government-debt-outstanding-gansu-qingyang,https://www.ceicdata.com/zh-hans/china/local-government-debt-prefecture-level-city-outstanding/cn-local-government-debt-outstanding-gansu-qingyang,https://www.ceicdata.com/zh-hans/china/local-government-debt-prefecture-level-city-outstanding/cn-local-government-debt-outstanding-gansu-qingyang,ceic_city_debt_2018_2025.csv,text/plain,2026-08-01,2026-08-01,2025-12-31,2026-08-01T00:00:00+08:00,7bb382054dcbd95f0cea41f20033223f22e041e72bf77d53604b4ecf6ac840a8,archive://national-prefecture-panel/raw/province_debt/secondary/ceic_city_debt_2018_2025.csv,internal_object,raw/province_debt/secondary/ceic_city_debt_2018_2025.csv,,D,200,公开页面已抓取,,商业聚合数据库公开页面；2018—2024 年值来自页面 SVG 图表，2025 年值来自页面元数据。仅作补缺线索和 provisional 暂存，必须回到财政厅、人大预算/决算或官方统计公报复核，不作为最终 A/B/C 级证据。
SRC-SECONDARY-CEIC-CN-621100,CEIC Data,商业数据库,CEIC 城市级地方政府债务余额公开页面：定西市,secondary_public_page,ceic_city_debt_2018_2025.csv,商业数据库城市债务页面,https://www.ceicdata.com/zh-hans/china/local-government-debt-prefecture-level-city-outstanding/cn-local-government-debt-outstanding-gansu-dingxi,https://www.ceicdata.com/zh-hans/china/local-government-debt-prefecture-level-city-outstanding/cn-local-government-debt-outstanding-gansu-dingxi,https://www.ceicdata.com/zh-hans/china/local-government-debt-prefecture-level-city-outstanding/cn-local-government-debt-outstanding-gansu-dingxi,https://www.ceicdata.com/zh-hans/china/local-government-debt-prefecture-level-city-outstanding/cn-local-government-debt-outstanding-gansu-dingxi,https://www.ceicdata.com/zh-hans/china/local-government-debt-prefecture-level-city-outstanding/cn-local-government-debt-outstanding-gansu-dingxi,ceic_city_debt_2018_2025.csv,text/plain,2026-08-01,2026-08-01,2025-12-31,2026-08-01T00:00:00+08:00,7bb382054dcbd95f0cea41f20033223f22e041e72bf77d53604b4ecf6ac840a8,archive://national-prefecture-panel/raw/province_debt/secondary/ceic_city_debt_2018_2025.csv,internal_object,raw/province_debt/secondary/ceic_city_debt_2018_2025.csv,,D,200,公开页面已抓取,,商业聚合数据库公开页面；2018—2024 年值来自页面 SVG 图表，2025 年值来自页面元数据。仅作补缺线索和 provisional 暂存，必须回到财政厅、人大预算/决算或官方统计公报复核，不作为最终 A/B/C 级证据。
SRC-SECONDARY-CEIC-CN-621200,CEIC Data,商业数据库,CEIC 城市级地方政府债务余额公开页面：陇南市,secondary_public_page,ceic_city_debt_2018_2025.csv,商业数据库城市债务页面,https://www.ceicdata.com/zh-hans/china/local-government-debt-prefecture-level-city-outstanding/cn-local-government-debt-outstanding-gansu-longnan,https://www.ceicdata.com/zh-hans/china/local-government-debt-prefecture-level-city-outstanding/cn-local-government-debt-outstanding-gansu-longnan,https://www.ceicdata.com/zh-hans/china/local-government-debt-prefecture-level-city-outstanding/cn-local-government-debt-outstanding-gansu-longnan,https://www.ceicdata.com/zh-hans/china/local-government-debt-prefecture-level-city-outstanding/cn-local-government-debt-outstanding-gansu-longnan,https://www.ceicdata.com/zh-hans/china/local-government-debt-prefecture-level-city-outstanding/cn-local-government-debt-outstanding-gansu-longnan,ceic_city_debt_2018_2025.csv,text/plain,2026-08-01,2026-08-01,2025-12-31,2026-08-01T00:00:00+08:00,7bb382054dcbd95f0cea41f20033223f22e041e72bf77d53604b4ecf6ac840a8,archive://national-prefecture-panel/raw/province_debt/secondary/ceic_city_debt_2018_2025.csv,internal_object,raw/province_debt/secondary/ceic_city_debt_2018_2025.csv,,D,200,公开页面已抓取,,商业聚合数据库公开页面；2018—2024 年值来自页面 SVG 图表，2025 年值来自页面元数据。仅作补缺线索和 provisional 暂存，必须回到财政厅、人大预算/决算或官方统计公报复核，不作为最终 A/B/C 级证据。
SRC-SECONDARY-CEIC-CN-630100,CEIC Data,商业数据库,CEIC 城市级地方政府债务余额公开页面：西宁市,secondary_public_page,ceic_city_debt_2018_2025.csv,商业数据库城市债务页面,https://www.ceicdata.com/zh-hans/china/local-government-debt-prefecture-level-city-outstanding/cn-local-government-debt-outstanding-qinghai-xining,https://www.ceicdata.com/zh-hans/china/local-government-debt-prefecture-level-city-outstanding/cn-local-government-debt-outstanding-qinghai-xining,https://www.ceicdata.com/zh-hans/china/local-government-debt-prefecture-level-city-outstanding/cn-local-government-debt-outstanding-qinghai-xining,https://www.ceicdata.com/zh-hans/china/local-government-debt-prefecture-level-city-outstanding/cn-local-government-debt-outstanding-qinghai-xining,https://www.ceicdata.com/zh-hans/china/local-government-debt-prefecture-level-city-outstanding/cn-local-government-debt-outstanding-qinghai-xining,ceic_city_debt_2018_2025.csv,text/plain,2026-08-01,2026-08-01,2025-12-31,2026-08-01T00:00:00+08:00,7bb382054dcbd95f0cea41f20033223f22e041e72bf77d53604b4ecf6ac840a8,archive://national-prefecture-panel/raw/province_debt/secondary/ceic_city_debt_2018_2025.csv,internal_object,raw/province_debt/secondary/ceic_city_debt_2018_2025.csv,,D,200,公开页面已抓取,,商业聚合数据库公开页面；2018—2024 年值来自页面 SVG 图表，2025 年值来自页面元数据。仅作补缺线索和 provisional 暂存，必须回到财政厅、人大预算/决算或官方统计公报复核，不作为最终 A/B/C 级证据。
SRC-SECONDARY-CEIC-CN-640100,CEIC Data,商业数据库,CEIC 城市级地方政府债务余额公开页面：银川市,secondary_public_page,ceic_city_debt_2018_2025.csv,商业数据库城市债务页面,https://www.ceicdata.com/zh-hans/china/local-government-debt-prefecture-level-city-outstanding/cn-local-government-debt-outstanding-ningxia-yinchuan,https://www.ceicdata.com/zh-hans/china/local-government-debt-prefecture-level-city-outstanding/cn-local-government-debt-outstanding-ningxia-yinchuan,https://www.ceicdata.com/zh-hans/china/local-government-debt-prefecture-level-city-outstanding/cn-local-government-debt-outstanding-ningxia-yinchuan,https://www.ceicdata.com/zh-hans/china/local-government-debt-prefecture-level-city-outstanding/cn-local-government-debt-outstanding-ningxia-yinchuan,https://www.ceicdata.com/zh-hans/china/local-government-debt-prefecture-level-city-outstanding/cn-local-government-debt-outstanding-ningxia-yinchuan,ceic_city_debt_2018_2025.csv,text/plain,2026-08-01,2026-08-01,2025-12-31,2026-08-01T00:00:00+08:00,7bb382054dcbd95f0cea41f20033223f22e041e72bf77d53604b4ecf6ac840a8,archive://national-prefecture-panel/raw/province_debt/secondary/ceic_city_debt_2018_2025.csv,internal_object,raw/province_debt/secondary/ceic_city_debt_2018_2025.csv,,D,200,公开页面已抓取,,商业聚合数据库公开页面；2018—2024 年值来自页面 SVG 图表，2025 年值来自页面元数据。仅作补缺线索和 provisional 暂存，必须回到财政厅、人大预算/决算或官方统计公报复核，不作为最终 A/B/C 级证据。
SRC-SECONDARY-CEIC-CN-640200,CEIC Data,商业数据库,CEIC 城市级地方政府债务余额公开页面：石嘴山市,secondary_public_page,ceic_city_debt_2018_2025.csv,商业数据库城市债务页面,https://www.ceicdata.com/zh-hans/china/local-government-debt-prefecture-level-city-outstanding/cn-local-government-debt-outstanding-ningxia-shizuishan,https://www.ceicdata.com/zh-hans/china/local-government-debt-prefecture-level-city-outstanding/cn-local-government-debt-outstanding-ningxia-shizuishan,https://www.ceicdata.com/zh-hans/china/local-government-debt-prefecture-level-city-outstanding/cn-local-government-debt-outstanding-ningxia-shizuishan,https://www.ceicdata.com/zh-hans/china/local-government-debt-prefecture-level-city-outstanding/cn-local-government-debt-outstanding-ningxia-shizuishan,https://www.ceicdata.com/zh-hans/china/local-government-debt-prefecture-level-city-outstanding/cn-local-government-debt-outstanding-ningxia-shizuishan,ceic_city_debt_2018_2025.csv,text/plain,2026-08-01,2026-08-01,2025-12-31,2026-08-01T00:00:00+08:00,7bb382054dcbd95f0cea41f20033223f22e041e72bf77d53604b4ecf6ac840a8,archive://national-prefecture-panel/raw/province_debt/secondary/ceic_city_debt_2018_2025.csv,internal_object,raw/province_debt/secondary/ceic_city_debt_2018_2025.csv,,D,200,公开页面已抓取,,商业聚合数据库公开页面；2018—2024 年值来自页面 SVG 图表，2025 年值来自页面元数据。仅作补缺线索和 provisional 暂存，必须回到财政厅、人大预算/决算或官方统计公报复核，不作为最终 A/B/C 级证据。
SRC-SECONDARY-CEIC-CN-640300,CEIC Data,商业数据库,CEIC 城市级地方政府债务余额公开页面：吴忠市,secondary_public_page,ceic_city_debt_2018_2025.csv,商业数据库城市债务页面,https://www.ceicdata.com/zh-hans/china/local-government-debt-prefecture-level-city-outstanding/cn-local-government-debt-outstanding-ningxia-wuzhong,https://www.ceicdata.com/zh-hans/china/local-government-debt-prefecture-level-city-outstanding/cn-local-government-debt-outstanding-ningxia-wuzhong,https://www.ceicdata.com/zh-hans/china/local-government-debt-prefecture-level-city-outstanding/cn-local-government-debt-outstanding-ningxia-wuzhong,https://www.ceicdata.com/zh-hans/china/local-government-debt-prefecture-level-city-outstanding/cn-local-government-debt-outstanding-ningxia-wuzhong,https://www.ceicdata.com/zh-hans/china/local-government-debt-prefecture-level-city-outstanding/cn-local-government-debt-outstanding-ningxia-wuzhong,ceic_city_debt_2018_2025.csv,text/plain,2026-08-01,2026-08-01,2025-12-31,2026-08-01T00:00:00+08:00,7bb382054dcbd95f0cea41f20033223f22e041e72bf77d53604b4ecf6ac840a8,archive://national-prefecture-panel/raw/province_debt/secondary/ceic_city_debt_2018_2025.csv,internal_object,raw/province_debt/secondary/ceic_city_debt_2018_2025.csv,,D,200,公开页面已抓取,,商业聚合数据库公开页面；2018—2024 年值来自页面 SVG 图表，2025 年值来自页面元数据。仅作补缺线索和 provisional 暂存，必须回到财政厅、人大预算/决算或官方统计公报复核，不作为最终 A/B/C 级证据。
SRC-SECONDARY-CEIC-CN-640500,CEIC Data,商业数据库,CEIC 城市级地方政府债务余额公开页面：中卫市,secondary_public_page,ceic_city_debt_2018_2025.csv,商业数据库城市债务页面,https://www.ceicdata.com/zh-hans/china/local-government-debt-prefecture-level-city-outstanding/cn-local-government-debt-outstanding-ningxia-zhongwei,https://www.ceicdata.com/zh-hans/china/local-government-debt-prefecture-level-city-outstanding/cn-local-government-debt-outstanding-ningxia-zhongwei,https://www.ceicdata.com/zh-hans/china/local-government-debt-prefecture-level-city-outstanding/cn-local-government-debt-outstanding-ningxia-zhongwei,https://www.ceicdata.com/zh-hans/china/local-government-debt-prefecture-level-city-outstanding/cn-local-government-debt-outstanding-ningxia-zhongwei,https://www.ceicdata.com/zh-hans/china/local-government-debt-prefecture-level-city-outstanding/cn-local-government-debt-outstanding-ningxia-zhongwei,ceic_city_debt_2018_2025.csv,text/plain,2026-08-01,2026-08-01,2025-12-31,2026-08-01T00:00:00+08:00,7bb382054dcbd95f0cea41f20033223f22e041e72bf77d53604b4ecf6ac840a8,archive://national-prefecture-panel/raw/province_debt/secondary/ceic_city_debt_2018_2025.csv,internal_object,raw/province_debt/secondary/ceic_city_debt_2018_2025.csv,,D,200,公开页面已抓取,,商业聚合数据库公开页面；2018—2024 年值来自页面 SVG 图表，2025 年值来自页面元数据。仅作补缺线索和 provisional 暂存，必须回到财政厅、人大预算/决算或官方统计公报复核，不作为最终 A/B/C 级证据。
SRC-SECONDARY-CEIC-CN-650100,CEIC Data,商业数据库,CEIC 城市级地方政府债务余额公开页面：乌鲁木齐市,secondary_public_page,ceic_city_debt_2018_2025.csv,商业数据库城市债务页面,https://www.ceicdata.com/zh-hans/china/local-government-debt-prefecture-level-city-outstanding/cn-local-government-debt-outstanding-xinjiang-urumqi,https://www.ceicdata.com/zh-hans/china/local-government-debt-prefecture-level-city-outstanding/cn-local-government-debt-outstanding-xinjiang-urumqi,https://www.ceicdata.com/zh-hans/china/local-government-debt-prefecture-level-city-outstanding/cn-local-government-debt-outstanding-xinjiang-urumqi,https://www.ceicdata.com/zh-hans/china/local-government-debt-prefecture-level-city-outstanding/cn-local-government-debt-outstanding-xinjiang-urumqi,https://www.ceicdata.com/zh-hans/china/local-government-debt-prefecture-level-city-outstanding/cn-local-government-debt-outstanding-xinjiang-urumqi,ceic_city_debt_2018_2025.csv,text/plain,2026-08-01,2026-08-01,2025-12-31,2026-08-01T00:00:00+08:00,7bb382054dcbd95f0cea41f20033223f22e041e72bf77d53604b4ecf6ac840a8,archive://national-prefecture-panel/raw/province_debt/secondary/ceic_city_debt_2018_2025.csv,internal_object,raw/province_debt/secondary/ceic_city_debt_2018_2025.csv,,D,200,公开页面已抓取,,商业聚合数据库公开页面；2018—2024 年值来自页面 SVG 图表，2025 年值来自页面元数据。仅作补缺线索和 provisional 暂存，必须回到财政厅、人大预算/决算或官方统计公报复核，不作为最终 A/B/C 级证据。
SRC-SECONDARY-CEIC-CN-650200,CEIC Data,商业数据库,CEIC 城市级地方政府债务余额公开页面：克拉玛依市,secondary_public_page,ceic_city_debt_2018_2025.csv,商业数据库城市债务页面,https://www.ceicdata.com/zh-hans/china/local-government-debt-prefecture-level-city-outstanding/cn-local-government-debt-outstanding-xinjiang-karamay,https://www.ceicdata.com/zh-hans/china/local-government-debt-prefecture-level-city-outstanding/cn-local-government-debt-outstanding-xinjiang-karamay,https://www.ceicdata.com/zh-hans/china/local-government-debt-prefecture-level-city-outstanding/cn-local-government-debt-outstanding-xinjiang-karamay,https://www.ceicdata.com/zh-hans/china/local-government-debt-prefecture-level-city-outstanding/cn-local-government-debt-outstanding-xinjiang-karamay,https://www.ceicdata.com/zh-hans/china/local-government-debt-prefecture-level-city-outstanding/cn-local-government-debt-outstanding-xinjiang-karamay,ceic_city_debt_2018_2025.csv,text/plain,2026-08-01,2026-08-01,2025-12-31,2026-08-01T00:00:00+08:00,7bb382054dcbd95f0cea41f20033223f22e041e72bf77d53604b4ecf6ac840a8,archive://national-prefecture-panel/raw/province_debt/secondary/ceic_city_debt_2018_2025.csv,internal_object,raw/province_debt/secondary/ceic_city_debt_2018_2025.csv,,D,200,公开页面已抓取,,商业聚合数据库公开页面；2018—2024 年值来自页面 SVG 图表，2025 年值来自页面元数据。仅作补缺线索和 provisional 暂存，必须回到财政厅、人大预算/决算或官方统计公报复核，不作为最终 A/B/C 级证据。
SRC-SECONDARY-CEIC-CN-650400,CEIC Data,商业数据库,CEIC 城市级地方政府债务余额公开页面：吐鲁番市,secondary_public_page,ceic_city_debt_2018_2025.csv,商业数据库城市债务页面,https://www.ceicdata.com/zh-hans/china/local-government-debt-prefecture-level-city-outstanding/cn-local-government-debt-outstanding-xinjiang-turpan,https://www.ceicdata.com/zh-hans/china/local-government-debt-prefecture-level-city-outstanding/cn-local-government-debt-outstanding-xinjiang-turpan,https://www.ceicdata.com/zh-hans/china/local-government-debt-prefecture-level-city-outstanding/cn-local-government-debt-outstanding-xinjiang-turpan,https://www.ceicdata.com/zh-hans/china/local-government-debt-prefecture-level-city-outstanding/cn-local-government-debt-outstanding-xinjiang-turpan,https://www.ceicdata.com/zh-hans/china/local-government-debt-prefecture-level-city-outstanding/cn-local-government-debt-outstanding-xinjiang-turpan,ceic_city_debt_2018_2025.csv,text/plain,2026-08-01,2026-08-01,2025-12-31,2026-08-01T00:00:00+08:00,7bb382054dcbd95f0cea41f20033223f22e041e72bf77d53604b4ecf6ac840a8,archive://national-prefecture-panel/raw/province_debt/secondary/ceic_city_debt_2018_2025.csv,internal_object,raw/province_debt/secondary/ceic_city_debt_2018_2025.csv,,D,200,公开页面已抓取,,商业聚合数据库公开页面；2018—2024 年值来自页面 SVG 图表，2025 年值来自页面元数据。仅作补缺线索和 provisional 暂存，必须回到财政厅、人大预算/决算或官方统计公报复核，不作为最终 A/B/C 级证据。
SRC-SECONDARY-CEIC-CN-650500,CEIC Data,商业数据库,CEIC 城市级地方政府债务余额公开页面：哈密市,secondary_public_page,ceic_city_debt_2018_2025.csv,商业数据库城市债务页面,https://www.ceicdata.com/zh-hans/china/local-government-debt-prefecture-level-city-outstanding/cn-local-government-debt-outstanding-xinjiang-hami,https://www.ceicdata.com/zh-hans/china/local-government-debt-prefecture-level-city-outstanding/cn-local-government-debt-outstanding-xinjiang-hami,https://www.ceicdata.com/zh-hans/china/local-government-debt-prefecture-level-city-outstanding/cn-local-government-debt-outstanding-xinjiang-hami,https://www.ceicdata.com/zh-hans/china/local-government-debt-prefecture-level-city-outstanding/cn-local-government-debt-outstanding-xinjiang-hami,https://www.ceicdata.com/zh-hans/china/local-government-debt-prefecture-level-city-outstanding/cn-local-government-debt-outstanding-xinjiang-hami,ceic_city_debt_2018_2025.csv,text/plain,2026-08-01,2026-08-01,2025-12-31,2026-08-01T00:00:00+08:00,7bb382054dcbd95f0cea41f20033223f22e041e72bf77d53604b4ecf6ac840a8,archive://national-prefecture-panel/raw/province_debt/secondary/ceic_city_debt_2018_2025.csv,internal_object,raw/province_debt/secondary/ceic_city_debt_2018_2025.csv,,D,200,公开页面已抓取,,商业聚合数据库公开页面；2018—2024 年值来自页面 SVG 图表，2025 年值来自页面元数据。仅作补缺线索和 provisional 暂存，必须回到财政厅、人大预算/决算或官方统计公报复核，不作为最终 A/B/C 级证据。
