                   2024年全省一般公共预算收支决算总表（1）
                                                                                                           单位：万元

           项   目    预算数           调整预算数         决算数                  项   目   预算数           调整预算数          决算数

一、全省一般公共预算收入         47,868,908    45,232,034   43,926,669 一、全省一般公共预算支出      107,937,682    125,458,137   114,641,594
 税收收入                32,237,001    29,411,647   27,362,828 二、上解上级支出             987,068                      987,459
 非税收入                15,631,907    15,820,387   16,563,841     体制上解支出           152,210                      207,310
二、上级补助收入             49,481,739                 59,423,348     专项上解支出           834,858                      780,149
 返还性收入                4,056,963                  4,056,963 三、安排预算稳定调节基金          91,564                     3,987,396
 一般性转移支付收入           44,596,416                 51,272,904 四、调出资金               237,737                     2,928,216
 专项转移支付收入              828,360                   4,093,481 五、地方政府一般债务还本支出       648,702                     4,761,833
三、动用预算稳定调节基金          3,122,366                  4,253,145 六、补充预算周转金                                            -390
四、调入资金                7,369,510                 10,360,406 七、待偿债再融资一般债券结余                                    124,323
 政府性基金预算调入资金          5,418,016                  5,621,387
 国有资本经营预算调入资金          874,834                   2,142,995
 其他调入资金               1,076,660                  2,596,024
五、地方政府债务收入            2,010,000     7,583,194    7,583,194
 新增一般债券收入             2,010,000     3,240,737    3,240,737
 再融资一般债券收入                          4,202,538    4,202,538
 向外国政府和国际组织借款收入                      139,919       139,919
六、上年结余收入             12,267,960                 12,317,179
七、待偿债再融资一般债券上年结余                                   376,876
八、区域间转移性收入                                            6,157


收入总计                122,120,483                 138,246,974 支出总计             109,902,753                  127,430,431
                                                              年终结余            12,217,730                   10,816,543
                                                              其中：结转下年支出       12,217,730                   10,816,543
          2024年全省一般公共预算收入决算表 （2）
                                                                         单位：万元

                                                              决算数为
                                                                        决算数为上年
          项   目      预算数          调整预算数         决算数           调整预算
                                                                         决算数的%
                                                               数的%

一、税收收入               32,237,001    29,411,647    27,362,828      93.0        95.8
 增值税                 14,185,030    12,673,829    11,673,330      92.1        95.7
 企业所得税                3,890,698     3,789,584     3,578,554      94.4       103.9
 个人所得税                1,123,588     1,020,900      977,464       95.7        98.1
 资源税                  1,164,664     1,153,745     1,107,604      96.0       105.7
 城市维护建设税              1,863,187     1,678,276     1,605,414      95.7        96.7
 房产税                  1,140,261     1,155,165     1,214,662     105.2       117.1
 印花税                   678,459       680,071       666,993       98.1       107.1
 城镇土地使用税              1,566,606     1,446,515     1,446,729     100.0       102.2
 土地增值税                1,834,903     1,551,676     1,237,765      79.8        78.7
 车船税                   747,388       644,025       646,400      100.4        98.1
 耕地占用税                1,207,896     1,165,196     1,126,505      96.7        94.5
 契税                   2,620,202     2,221,390     1,836,906      82.7        73.2
 环境保护税                 129,791       149,705       169,582      113.3       143.2
 烟叶税及其他                  84,328       81,570         74,920      91.8        97.2
二、非税收入               15,631,907    15,820,387    16,563,841     104.7        99.6
 专项收入                 3,896,852     3,214,391     3,199,351      99.5        80.3
 行政事业性收费收入            2,231,942     2,024,102     1,878,119      92.8        86.0
 罚没收入                 2,022,353     1,938,275     2,260,100     116.6       111.9
 国有资本经营收入              932,017      1,133,331     1,205,311     106.4       100.7
 国有资源(资产)有偿使用收入       5,045,844     6,015,631     6,525,798     108.5       116.5
 其他收入                 1,502,899     1,494,657     1,495,162     100.0        91.2


          收入合计       47,868,908    45,232,034    43,926,669      97.1        97.2
加：返还性收入               4,056,963                   4,056,963                 100.0
 一般性转移支付收入           44,596,416                  51,272,904                  97.2
 专项转移支付收入              828,360                    4,093,481                 140.9
 待偿债再融资一般债券上年结余                                    376,876                 9,572.7
 调入资金                 7,369,510                  10,360,406                 141.3
 动用预算稳定调节资金           3,122,366                   4,253,145                 107.1
 地方政府一般债务收入           2,010,000     7,583,194     7,583,194     100.0        65.2
 区域间转移性收入                                             6,157
 上年结余收入              12,267,960                  12,317,179                 111.0


          收入总计      122,120,483                 138,246,974                  99.5
备注：年初预算数为汇总各级人大批准的年初预算数 。
         2024年全省一般公共预算支出决算表（3）
                                                                         单位：万元
                                                              决算数为
                                                                        决算数为上年
         项   目     预算数           调整预算数          决算数           调整预算
                                                                         决算数的%
                                                               数的%
一、一般公共服务支出          11,315,934     11,267,766    10,960,262      97.3        94.2
二、国防支出                 80,060         78,671        69,286       88.1        85.5
三、公共安全支出             4,988,256      5,147,148     4,961,654      96.4       100.8
四、教育支出              20,877,950     21,997,500    20,596,601      93.6       103.3
五、科学技术支出             3,983,094      6,465,340     5,543,913      85.7       117.9
六、文化旅游体育与传媒支出        1,292,091      1,413,383     1,249,881      88.4        99.2
七、社会保障和就业支出         18,759,099     20,541,630    20,117,295      97.9       104.1
八、卫生健康支出             9,533,161     11,607,486    11,093,748      95.6        97.2
九、节能环保支出             1,989,627      2,346,252     1,824,659      77.8       102.2
十、城乡社区支出             6,681,377     10,752,576     9,952,516      92.6       101.7
十一、农林水支出            10,815,037     13,700,501    12,046,026      87.9       113.7
十二、交通运输支出            3,501,356      4,292,820     3,505,494      81.7       100.8
十三、资源勘探工业信息等支出       1,065,675      1,899,098     1,804,426      95.0       133.1
十四、商业服务业等支出           352,718        543,382       409,882       75.4        96.5
十五、金融支出                70,817       1,173,015     1,112,158      94.8       103.9
十六、援助其他地区支出            34,946         87,212        51,935       59.6        89.1
十七、自然资源海洋气象等支出        919,969       1,215,799     1,177,924      96.9       112.8
十八、住房保障支出            3,025,800      3,467,055     3,148,484      90.8        96.7
十九、粮油物资储备支出           443,366        463,085       362,636       78.3        95.6
二十、灾害防治及应急管理支出        972,811       1,652,594     1,470,188      89.0       157.4
二十一、预备费              1,419,100
二十二、其他支出             3,762,595      3,315,269     1,152,071      34.8       100.0
二十三、债务付息支出           2,042,265      2,024,088     2,024,088     100.0       104.4
二十四、债务发行费用支出           10,578           6,467         6,467     100.0        78.2


        支出合计       107,937,682    125,458,137   114,641,594      91.4       103.7
加：上解支出                987,068                      987,459                  100.1
 地方政府一般债务还本支出         648,702                     4,761,833                  59.9
 待偿债再融资一般债券结余                                      124,323                   33.0
 调出资金                 237,737                     2,928,216                 134.5
 安排预算稳定调节基金            91,564                     3,987,396                  87.2
 补充预算周转金                                              -390                  101.0
 结转下年               12,217,730                   10,816,543                  87.8


        支出总计       122,120,483                  138,246,974                  99.5
备注：1.年初预算数为汇总各级人大批准的预算数。
  2.调整预算数为年初预算加发行政府债券、中央追加、调入资金等安排的支出。
  3.其他支出反映不能划分到具体功能科目的其他政府支出，年度执行中根据需要调剂至其他科目。
                  2024年省级一般公共预算收支决算总表 （4）
                                                                                                            单位：万元

         项   目    预算数          调整预算数        决算数                      项   目       预算数          调整预算数         决算数
一、省本级一般公共预算收入      1,750,000    1,750,000    1,852,391 一、省本级一般公共预算支出             19,050,000    24,400,429   21,552,392
 税收收入               -80,000      -80,000     -174,644
 非税收入              1,830,000    1,830,000    2,027,035 二、中央专项转移支付用于省本级支出 （含待分）      66,625
二、上级补助收入          49,481,739                59,423,348 三、上解上级支出                    987,068                    987,459
 返还性收入             4,056,963                 4,056,963    体制上解支出                    31,679                    207,310
 一般性转移支付收入        44,596,416                51,272,904    专项上解支出                   955,389                    780,149
 专项转移支付收入           828,360                  4,093,481
三、下级上解收入           7,857,999                 8,579,291 四、补助下级支出                  41,166,045                 48,778,902
 体制上解收入             797,675                   396,993     返还性支出                   3,034,577                  3,034,577
 专项上解收入            7,060,324                 8,182,298    一般性转移支付支出              37,369,733                 40,710,282
                                                          专项转移支付支出                 761,735                   5,034,043
四、动用预算稳定调节基金        550,000                   550,000 五、安排预算稳定调节基金                                            554,199
五、调入资金               30,000                   310,743 六、调出资金                                                   43,745
 政府性基金预算调入                                    221,557
 国有资本经营预算调入          30,000                    30,000
 其他调入资金                                        59,186
六、地方政府一般债务收入       2,010,000    7,583,194    7,583,194 七、地方政府债务转贷支出                522,217      8,237,485    5,180,026
 新增一般债券收入          2,010,000    3,305,880    3,240,737    新增一般债券转贷支出               522,217       680,076     1,722,217
 再融资一般债券收入                      8,863,790    4,202,538    再融资一般债券转贷支出                           7,417,490    3,317,890
 向外国政府和国际组织借款收入                  139,919      139,919     向外国政府和国际组织借款转贷支出                       139,919      139,919
七、上年结余收入                                     2,524,284 八、一般债务支出 （待分）               118,520
八、上年结转一般债务收入        230,737                              九、地方政府债务还本支出                                         884,648
九、区域间转移性收入                                       6,157 十、补充预算周转金


收入总计              61,910,475                80,829,408 支出总计                      61,910,475                 77,981,371
                                                         年终结余                                                2,848,037
                                                         其中：结转下年支出                                           2,848,037
    2024年省本级一般公共预算收入决算表 （5）
                                                                   单位：万元

                                                          决算数为 决算数为
        项   目        预算数         预算调整数        决算数         调整预算 上年决算
                                                           数的%  数的%

一、税收收入                 -80,000     -80,000    -174,644

 增值税                  -241,000    -241,000    -383,797

 企业所得税                 160,000     160,000     203,119     126.9     125.5

 资源税                                                 5                 6.8

 城市维护建设税                 1,000       1,000       2,932     293.2      99.0

 车船税                                             3,102

 环境保护税                                              -5

二、非税收入               1,830,000    1,830,000   2,027,035    110.8      94.5

 专项收入                  538,000     538,000     507,119      94.3      84.1

 行政事业性收费收入             605,000     605,000     598,592      98.9      96.0

 罚没收入                  230,000     230,000     441,440     191.9     121.5

 国有资本经营收入                                        8,000

 国有资源(资产)有偿使用收入        395,000     395,000     414,006     104.8      85.0

 其他收入                   62,000      62,000      57,878      93.4      85.2


        收入合计         1,750,000    1,750,000   1,852,391    105.9     129.6
备注：1.增值税为负数 ，主要是省级垫付应由市县承担的增值税留抵退税资金 。
 2.车船税2024年没有安排年初预算 ，主要是由于车船税不属于省本级税收 ，且缴入当地国库 。
 3.车船税2024年存在决算数 ，主要是我省 2024年8月出台了《河南省车船税收入归集分配暂行办法 》（豫
  财预〔2024〕63号），在河南省范围内征缴的车船税收入 ，征管环节先全部就地缴入省级国库 ，再由省
  级于每年3月20日、6月20日、9月20日和12月20日前按统一规范的规则分解至各市县 。
   2024年省本级一般公共预算支出决算表（6）
                                                               单位：万元

                                                         决算数为 决算数为
     项    目      预算数          调整预算数         决算数          调整预算 上年决算
                                                          数的%  数的%
一、一般公共服务支出         738,613       765,237      760,254       99.3   108.9
二、国防支出              19,245        15,224       15,224      100.0    62.0
三、公共安全支出          1,608,899     1,666,212    1,632,213      98.0    99.6
四、教育支出            2,722,785     3,527,508    3,399,742      96.4   109.2
五、科学技术支出          1,202,221     1,879,771    1,177,297      62.6   132.0
六、文化旅游体育与传媒支出      213,935       181,616      181,116       99.7    89.3
七、社会保障和就业支出       7,383,430     8,865,197    8,814,982      99.4   105.3
八、卫生健康支出           516,271       740,236      687,130       92.8   113.2
九、节能环保支出           121,985       166,101      140,734       84.7   149.0
十、城乡社区支出            11,916        15,278        9,760       63.9   103.7
十一、农林水支出           968,536      1,440,092    1,186,838      82.4   124.7
十二、交通运输支出          892,702       791,757      732,435       92.5   198.4
十三、资源勘探工业信息等支出     108,227       155,979      150,779       96.7   140.1
十四、商业服务业等支出         25,645        49,308       31,057       63.0   186.3
十五、金融支出             14,285      1,122,329    1,069,491      95.3   136.7
十六、援助其他地区支出         19,631        83,857       49,160       58.6   101.8
十七、自然资源海洋气象等支出     167,437       290,031      290,031      100.0   215.9
十八、住房保障支出          294,220       277,440      277,440      100.0   101.0
十九、粮油物资储备支出        175,525       205,626      199,416       97.0   115.6
二十、灾害防治及应急管理支出      44,942       270,838      253,378       93.6   252.9
二十一、预备费            200,000
二十二、其他支出          1,104,550     1,411,845      14,968        1.1    74.1
二十三、债务付息支出         485,000       472,706      472,706      100.0   103.7
二十四、债务发行费用支出        10,000         6,241        6,241      100.0    78.7


     支出合计        19,050,000    24,400,429   21,552,392      88.3   112.9
备注：其他支出反映不能划分到具体功能科目的其他政府支出，年度执行中根据需要调剂至其他科目。
2024年省本级一般公共预算支出决算
       明细表（7）
                      单位：万元
           项 目         决算数
一、一般公共服务支出               760,254
  人大事务                    12,684
    行政运行                   8,255
    一般行政管理事务               1,172
    机关服务                     831
    人大会议                   1,183
    人大立法                     983
    事业运行                     197
    其他人大事务支出                  63
  政协事务                    12,751
    行政运行                   5,409
    一般行政管理事务               1,107
    机关服务                   1,160
    政协会议                     897
    参政议政                     975
    事业运行                     387
    其他政协事务支出               2,816
  政府办公厅（室）及相关机构事务         74,925
    行政运行                  24,798
    一般行政管理事务               4,910
    机关服务                     744
    专项业务及机关事务管理            2,195
    事业运行                  18,621
    其他政府办公厅（室）及相关机构       23,657
    事务支出
  发展与改革事务                 24,757
    行政运行                  12,089
    一般行政管理事务               2,043
    机关服务                     162
    物价管理                      97
    事业运行                   1,427
    其他发展与改革事务支出            8,939
  统计信息事务                  13,077
    行政运行                   7,973
    一般行政管理事务                 175
    机关服务                     190
    专项统计业务                 3,425
    专项普查活动                   300
    事业运行                   1,014
  财政事务                    29,941
    行政运行                  11,819
2024年省本级一般公共预算支出决算
       明细表（7）
               单位：万元
         项 目    决算数
  一般行政管理事务          6,932
  机关服务                283
  财政国库业务            3,897
  信息化建设               100
  事业运行              5,632
  其他财政事务支出          1,278
税收事务              262,169
  行政运行            261,117
  其他税收事务支出          1,052
审计事务               15,108
  行政运行             10,053
  一般行政管理事务            440
  机关服务                189
  审计业务              3,426
  其他审计事务支出          1,000
海关事务                  599
  行政运行                599
纪检监察事务             28,820
  行政运行                269
  一般行政管理事务            219
  大案要案查处            5,773
  派驻派出机构            2,700
  巡视工作              3,200
  其他纪检监察事务支出       16,659
商贸事务               50,471
  行政运行              8,207
  机关服务                117
  对外贸易管理           30,780
  招商引资             10,776
  事业运行                441
  其他商贸事务支出            150
知识产权事务                362
  其他知识产权事务支出          362
民族事务                2,652
  行政运行              1,605
  一般行政管理事务             54
  机关服务                119
  民族工作专项              874
港澳台事务               1,329
  行政运行                945
2024年省本级一般公共预算支出决算
       明细表（7）
                    单位：万元
        项   目        决算数
  台湾事务                    384
档案事务                    4,777
  行政运行                  3,071
  档案馆                   1,627
  其他档案事务支出                 79
民主党派及工商联事务              7,286
  行政运行                  5,331
  一般行政管理事务                410
  机关服务                     85
  参政议政                    451
  其他民主党派及工商联事务支出        1,009
群众团体事务                 10,773
  行政运行                  6,287
  一般行政管理事务              2,958
  机关服务                     23
  事业运行                  1,180
  其他群众团体事务支出              325
党委办公厅（室）及相关机构事务        64,877
  行政运行                 47,272
  一般行政管理事务              7,271
  机关服务                  2,264
  专项业务                    693
  事业运行                  1,900
  其他党委办公厅（室）及相关机构       5,477
  事务支出
组织事务                   23,046
  行政运行                 12,341
  一般行政管理事务              8,758
  机关服务                    228
  公务员事务                   429
  事业运行                  1,033
  其他组织事务支出                257
宣传事务                    9,278
  行政运行                  4,585
  一般行政管理事务              4,604
  机关服务                     79
  其他宣传事务支出                 10
统战事务                    6,002
  行政运行                  2,936
  一般行政管理事务                372
  机关服务                    383
2024年省本级一般公共预算支出决算
       明细表（7）
                  单位：万元
          项   目    决算数
    宗教事务                1,518
    华侨事务                   30
    事业运行                  346
    其他统战事务支出              417
  网信事务                  4,112
    行政运行                1,963
    一般行政管理事务            1,243
    事业运行                  815
    其他网信事务支出               91
  市场监督管理事务             93,872
    行政运行               18,337
    一般行政管理事务            1,614
    机关服务                  298
    市场主体管理              2,369
    市场秩序执法                159
    信息化建设               1,223
    质量基础                4,558
    药品事务                7,217
    质量安全监管              5,387
    食品安全监管              5,491
    事业运行               25,136
    其他市场监督管理事务         22,083
  社会工作事务                  583
    行政运行                  376
    其他社会工作事务支出            207
  信访事务                  3,969
    行政运行                3,115
    机关服务                  134
    信访业务                  720
  其他一般公共服务支出            2,034
    国家赔偿费用支出            2,032
    其他一般公共服务支出              2
二、国防支出                 15,224
三、公共安全支出            1,632,213
  其中：公安               131,318
    检察                357,825
    法院                718,366
    司法                 14,534
四、教育支出              3,399,742
  教育管理事务               17,338
2024年省本级一般公共预算支出决算
       明细表（7）
                  单位：万元
          项   目    决算数
    行政运行                8,356
    一般行政管理事务            2,287
    其他教育管理事务支出          6,695
  普通教育              2,523,775
    学前教育               18,015
    小学教育               31,967
    初中教育               12,071
    高中教育               25,541
    高等教育            2,393,863
    其他普通教育支出           42,318
  职业教育                827,845
    中等职业教育            157,754
    技校教育               44,401
    高等职业教育            607,410
    其他职业教育支出           18,280
  广播电视教育                2,884
    广播电视学校              2,884
  进修及培训                26,609
    教师进修                  231
    干部教育               16,295
    培训支出                7,858
    其他进修及培训             2,225
  其他教育支出                1,291
    其他教育支出              1,291
五、科学技术支出            1,177,297
  科学技术管理事务              6,214
    行政运行                4,053
    一般行政管理事务            1,875
    机关服务                  286
  基础研究                188,882
    机构运行               39,259
    自然科学基金             17,256
    实验室及相关设施           17,000
    其他基础研究支出          115,367
  应用研究                270,820
    机构运行               37,935
    社会公益研究            138,124
    高技术研究               1,419
    其他应用研究支出           93,342
  技术研究与开发              54,100
2024年省本级一般公共预算支出决算
       明细表（7）
                  单位：万元
           项 目     决算数
    科技成果转化与扩散          8,610
    其他技术研究与开发支出       45,490
  科技条件与服务             93,149
    机构运行               2,222
    科技条件专项             5,145
    其他科技条件与服务支出       85,782
  社会科学                17,004
    社会科学研究机构          11,571
    社会科学研究             3,632
    社科基金支出               926
    其他社会科学支出             875
  科学技术普及              21,203
    机构运行               2,421
    科普活动               4,481
    学术交流活动                40
    科技馆站              14,241
    其他科学技术普及支出            20
  科技交流与合作                 10
    其他科技交流与合作支出           10
  科技重大项目             445,412
    重点研发计划           445,412
  其他科学技术支出            80,503
    其他科学技术支出          80,503
六、文化旅游体育与传媒支出        181,116
  文化和旅游               66,406
    行政运行               4,924
    机关服务                  43
    图书馆                4,329
    文化展示及纪念机构            632
    艺术表演场所               246
    艺术表演团体             6,706
    文化活动                 437
    群众文化                 871
    文化创作与保护              833
    其他文化和旅游支出         47,385
  文物                  13,455
    行政运行               1,568
    一般行政管理事务             857
    文物保护               3,851
    博物馆                7,179
2024年省本级一般公共预算支出决算
       明细表（7）
                       单位：万元
         项   目          决算数
  体育                        29,934
    行政运行                     1,872
    机关服务                        33
    运动项目管理                  25,243
    体育场馆                       657
    其他体育支出                   2,129
  新闻出版电影                       483
    行政运行                       120
    其他新闻出版电影支出                 363
  广播电视                      57,651
    行政运行                     2,787
    一般行政管理事务                 1,251
    机关服务                       199
    传输发射                    11,673
    广播电视事务                  35,289
    其他广播电视支出                 6,452
  其他文化旅游体育与传媒支出             13,187
    宣传文化发展专项支出              12,847
    其他文化旅游体育与传媒支出              340
七、社会保障和就业支出              8,814,982
  人力资源和社会保障管理事务             30,771
    行政运行                     8,933
    一般行政管理事务                   713
    机关服务                       248
    信息化建设                      426
    社会保险经办机构                 5,008
    公共就业服务和职业技能鉴定机构             26
    引进人才费用                       7
    事业运行                        40
    其他人力资源和社会保障管理事务         15,370
    支出
  民政管理事务                     7,143
    行政运行                     4,586
    机关服务                       100
    其他民政管理事务支出               2,457
  行政事业单位养老支出             1,816,004
    行政单位离退休                234,242
    事业单位离退休                 75,898
    离退休人员管理机构                5,407
    机关事业单位基本养老保险缴费支出       259,477
    对机关事业单位基本养老保险基金      1,236,870
    的补助
2024年省本级一般公共预算支出决算
       明细表（7）
                    单位：万元
         项 目         决算数
  其他行政事业单位养老支出            4,110
企业改革补助                      997
  其他企业改革发展补助                997
就业补助                     20,350
  就业创业服务补贴                   77
  职业培训补贴                  3,492
  就业见习补贴                  1,008
  高技能人才培养补助              11,075
  促进创业补贴                    425
  其他就业补助支出                4,273
抚恤                       33,830
  死亡抚恤                   20,478
  伤残抚恤                      324
  其他优抚支出                 13,028
退役安置                    148,516
  退役士兵安置                     56
  军队移交政府离退休干部管理机构           625
  军队转业干部安置              147,835
社会福利                      1,391
  社会福利事业单位                  690
  其他社会福利支出                  701
残疾人事业                     8,849
  行政运行                    1,773
  残疾人体育                   1,451
  其他残疾人事业支出               5,625
红十字事业                     2,133
  行政运行                    1,270
  一般行政管理事务                  778
  其他红十字事业支出                  85
临时救助                         20
  流浪乞讨人员救助支出                 20
财政对基本养老保险基金的补助        6,713,188
  财政对企业职工基本养老保险基金     4,349,763
  的补助
  财政对城乡居民基本养老保险基金     2,363,425
  的补助
退役军人管理事务                 31,088
  行政运行                    3,486
  一般行政管理事务                  138
  拥军优属                      575
  事业运行                    1,278
  其他退役军人事务管理支出           25,611
2024年省本级一般公共预算支出决算
       明细表（7）
                   单位：万元
           项 目      决算数
  其他社会保障和就业支出            702
    其他社会保障和就业支出          702
八、卫生健康支出             687,130
  卫生健康管理事务             9,457
    行政运行               6,697
    一般行政管理事务             687
    机关服务                 187
    其他卫生健康管理事务支出       1,886
  公立医院               273,573
    综合医院             146,760
    中医（民族）医院          60,913
    职业病防治医院              310
    精神病医院              7,672
    妇幼保健医院            19,494
    其他专科医院            12,041
    行业医院               1,909
    优抚医院               2,000
    其他公立医院支出          22,474
  基层医疗卫生机构               760
    其他基层医疗卫生机构支出         760
  公共卫生                98,810
    疾病预防控制机构          18,268
    卫生监督机构             1,652
    妇幼保健机构               246
    基本公共卫生服务          13,562
    重大公共卫生服务          49,342
    突发公共卫生事件应急处理      12,648
    其他公共卫生支出           3,092
  计划生育事务               1,504
    计划生育机构               755
    其他计划生育事务支出           749
  行政事业单位医疗           227,484
    行政单位医疗           142,072
    事业单位医疗            78,793
    公务员医疗补助               22
    其他行政事业单位医疗支出       6,597
  优抚对象医疗               1,184
    优抚对象医疗补助           1,184
  医疗保障管理事务             8,662
    医疗保障政策管理           2,995
2024年省本级一般公共预算支出决算
       明细表（7）
                    单位：万元
           项 目       决算数
    医疗保障经办事务             2,787
    其他医疗保障管理事务支出         2,880
  中医药事务                  6,865
    中医（民族医）药专项           6,865
  疾病预防控制事务                  14
    行政运行                    14
  其他卫生健康支出              58,817
    其他卫生健康支出            58,817
九、节能环保支出               140,734
  环境保护管理事务              15,409
    行政运行                13,004
    机关服务                   703
    生态环境保护宣传             1,372
    其他环境保护管理事务支出           330
  污染防治                  13,130
    水体                   8,486
    噪声                     639
    土壤                   1,408
    大气                   2,299
    其他污染防治支出               298
  自然生态保护                   683
    生物及物种资源保护              668
    自然保护地                   15
  能源节约利用
    能源节约利用
  污染减排                   50,716
    生态环境监测与信息            42,309
    生态环境执法监察              1,546
    其他污染减排支出              6,861
  清洁能源                    3,289
    可再生能源                 3,289
  其他节能环保支出               57,507
    其他节能环保支出             57,507
十、城乡社区支出                  9,760
  城乡社区管理事务                9,283
    行政运行                  4,453
    一般行政管理事务              1,935
    机关服务                    119
    工程建设标准规范编制与监管           579
    工程建设管理                1,825
2024年省本级一般公共预算支出决算
       明细表（7）
                   单位：万元
           项 目      决算数
    其他城乡社区管理事务支出          372
  建设市场管理与监督               477
    建设市场管理与监督             477
  其他城乡社区支出
    其他城乡社区支出
十一、农林水支出             1,186,838
  农业农村                 123,942
    行政运行                11,573
    一般行政管理事务               308
    机关服务                   142
    事业运行                13,249
    科技转化与推广服务           17,627
    病虫害控制                1,973
    农产品质量安全                129
    执法监管                   211
    统计监测与信息服务              362
    行业业务管理                  90
    农业生产发展              13,429
    农村合作经济               2,223
    农村社会事业                  75
    农业生态资源保护               534
    渔业发展                   830
    耕地建设与利用              1,842
    其他农业农村支出            59,345
  林业和草原                 17,109
    行政运行                 2,983
    机关服务                 1,795
    事业机构                 4,056
    森林培育资源               2,631
    技术推广与转化                804
    森林资源管理               1,196
    动植物保护                  182
    湿地保护                   300
    执法与监督                1,915
    产业化管理
    林业草原防灾减灾            1,247
    其他林业和草原支出
  水利                  582,945
    行政运行                6,693
    一般行政管理事务               55
2024年省本级一般公共预算支出决算
       明细表（7）
                        单位：万元
          项   目          决算数
   机关服务                       263
   水利行业业务管理                 4,677
   水利工程建设                 468,690
   水利工程运行与维护               38,701
   水利前期工作                   5,900
   水土保持                     1,701
   水资源节约管理与保护               5,025
   水质监测                       232
   水文测报                    18,312
   防汛                      24,697
   抗旱                       1,705
   农村水利                        44
   水利技术推广                     775
   江河湖库水系综合整治                   5
   南水北调工程管理                 1,353
   其他水利支出                   4,117
 巩固脱贫攻坚成果衔接乡村振兴            11,121
   行政运行                     1,570
   一般行政管理事务                 1,256
   其他巩固脱贫攻坚成果衔接乡村振兴支出       8,295
  农村综合改革
    对村级公益事业建设的补助
  普惠金融发展支出                451,721
    农业保险保费补贴              451,721
  其他农林水支出
    其他农林水支出
十二、交通运输支出                 732,435
  公路水路运输                  359,545
    行政运行                    4,068
    机关服务                        7
    公路建设                   48,000
    公路养护                      110
    交通运输信息化建设              40,669
    公路运输管理                 30,966
    水运建设                  124,550
    航道维护                      201
    其他公路水路运输支出            110,974
  铁路运输                     68,039
    铁路安全                    3,039
2024年省本级一般公共预算支出决算
       明细表（7）
                    单位：万元
          项  目       决算数
    其他铁路运输支出            65,000
  民用航空运输               300,445
    其他民用航空运输支出         300,445
  邮政业支出                    300
    其他邮政业支出                300
  其他交通运输支出               4,106
    其他交通运输支出             4,106
十三、资源勘探工业信息等支出         150,779
  资源勘探开发                46,620
    煤炭勘探开采和洗选           23,608
    有色金属矿勘探和采选          22,624
    其他资源勘探业支出              388
  制造业                   15,866
    机关服务                     1
    其他制造业支出             15,865
  工业和信息产业监管             51,157
    行政运行                 6,617
    一般行政管理事务             1,512
    机关服务                   560
    专用通信                 1,011
    无线电及信息通信监管          12,834
    工程建设及运行维护              435
    产业发展                27,413
    其他工业和信息产业监管支出          775
  国有资产监管                 6,407
    行政运行                 5,085
    一般行政管理事务               901
    机关服务                   421
  支持中小企业发展和管理支出         30,729
    中小企业发展专项            30,729
  其他资源勘探工业信息等支出
    其他资源勘探工业信息等支出
十四、商业服务业等支出               31,057
  商业流通事务                   4,726
    行政运行                   2,654
    其他商业流通事务支出             2,072
  其他商业服务业等支出              26,331
    其他商业服务业等支出            26,331
十五、金融支出                1,069,491
  金融部门行政支出                 2,464
2024年省本级一般公共预算支出决算
       明细表（7）
                    单位：万元
          项   目      决算数
    行政运行                  2,300
    一般行政管理事务                164
  金融部门监管支出                1,893
    金融部门其他监管支出            1,893
  金融发展支出              1,057,541
    补充资本金             1,035,000
    其他金融发展支出             22,541
  其他金融支出                  7,593
    重点企业贷款贴息              7,464
    其他金融支出                  129
十六、援助其他地区支出              49,160
  教育                      2,000
  其他支出                   47,160
十七、自然资源海洋气象等支出          290,031
  自然资源事务                271,867
    行政运行                 10,569
    一般行政管理事务                529
    机关服务                    197
    自然资源利用与保护           145,434
    自然资源社会公益服务            3,039
    地质矿产资源与环境调查          78,301
    地质勘察与矿产资源管理           9,200
    基础测绘与地理信息监管          10,781
    事业运行                  5,168
    其他自然资源事务支出            8,649
  气象事务                   18,164
    气象事业机构                  152
    气象探测                    112
    气象信息传输及管理               219
    气象服务                  3,681
    气象装备保障维护              3,000
    其他气象事务支出             11,000
  其他自然资源海洋气象等支出
    其他自然资源海洋气象等支出
十八、住房保障支出               277,440
  保障性安居工程支出
    棚户区改造
  住房改革支出                276,005
    住房公积金               276,005
  城乡社区住宅                  1,435
2024年省本级一般公共预算支出决算
       明细表（7）
                  单位：万元
           项 目     决算数
    住房公积金管理            1,435
十九、粮油物资储备支出          199,416
  粮油物资事务             187,388
    行政运行               2,000
    机关服务                  48
    专项业务活动               636
    设施建设               2,889
    事业运行                 586
    其他粮油物资事务支出       181,229
  能源储备                 4,242
    成品油储备              4,242
  重要商品储备               7,786
    化肥储备
    医药储备                  537
    应急物资储备              7,249
    其他重要商品储备支出
二十、灾害防治及应急管理支出        253,378
  应急管理事务               95,601
    行政运行                6,273
    一般行政管理事务            1,016
    安全监管                1,207
    应急救援                  422
    事业运行                  256
    应急管理
    其他应急管理支出           86,427
  消防事务                  5,672
    行政运行                4,838
    其他消防救援事务支出            834
  矿山安全                    800
    其他矿山安全支出              800
  地震事务                 25,210
    地震监测               22,752
    地震灾害预防              1,993
    防震减灾基础管理              308
    地震事业机构                157
  自然灾害防治               65,886
    地质灾害防治             65,886
  自然灾害救灾及恢复重建支出         2,246
    自然灾害救灾补助            2,246
  其他灾害防治及应急管理支出        57,963
2024年省本级一般公共预算支出决算
       明细表（7）
                            单位：万元
          项  目               决算数
    其他灾害防治及应急管理支出              57,963
二十一、预备费
二十二、其他支出                         14,968
  年初预留
    年初预留
  其他支出                           14,968
    其他支出                         14,968
二十三、债务付息支出                      472,706
  地方政府一般债务付息支出                  472,706
    地方政府一般债券付息支出                471,678
    地方政府向国际组织借款付息支出               1,028
二十四、债务发行费用支出                      6,241
  地方政府一般债务发行费用支出                  6,241
    地方政府一般债务发行费用支出                6,241

          合 计             21,552,392
备注：其他支出反映不能划分到具体功能科目的其他政府支出。年度
执行中根据需要调剂至其他科目。
    2024年省本级一般公共预算基本支出决算表
           （按经济分类）（8）
                                                          单位：万元
                                                    决算数为 决算数为
    项   目      预算数         调整预算数        决算数         调整预算 上年决算
                                                     数的%  数的%
一、机关工资福利支出     2,269,120    2,215,038   1,845,794      83.3    83.1
 工资奖金津补贴       1,193,892    1,224,861   1,222,283      99.8   105.8
 社会保障缴费          291,726      329,870     279,870      84.8    38.6
 住房公积金           151,901      161,156     161,156     100.0   100.1
 其他工资福利支出        631,601      499,151     182,485      36.6   101.1
二、机关商品和服务支出      255,629      249,169     248,912      99.9    99.5
 办公经费            163,966      165,497     165,413      99.9    98.1
 会议费               1,548          813         813     100.0    78.3
 培训费               6,701        5,960       5,960     100.0   126.2
 专用材料购置费          10,756        9,603       9,579      99.8   108.7
 委托业务费            10,172       12,117      11,970      98.8   104.3
 公务接待费             1,424          960         960     100.0    91.8
 因公出国(境)费用         1,488        1,519       1,519     100.0   165.1
 公务用车运行维护费        32,843       22,573      22,573     100.0   100.9
 维修(护)费            7,591        9,264       9,264     100.0    85.0
 其他商品和服务支出        19,140       20,863      20,861     100.0   102.4
三、机关资本性支出(一)      12,598       11,789      11,789     100.0    92.5
 公务用车购置            7,402        6,339       6,339     100.0   113.7
 设备购置              4,564        4,808       4,808     100.0    75.9
 大型修缮                200          285         285     100.0
 其他资本性支出             432          357         357     100.0    42.6
四、对事业单位经常性补助   1,778,065    2,087,069   2,062,102      98.8   102.4
 工资福利支出        1,456,496    1,745,418   1,730,980      99.2   103.1
 商品和服务支出         321,569      321,231     310,702      96.7    92.8
 其他对事业单位补助                     20,420      20,420     100.0
五、对事业单位资本性补助      7,969         7,771       7,536      97.0    96.1
 资本性支出(一)         7,969         7,771       7,536      97.0    96.1
六、对个人和家庭的补助     363,476       358,956     353,304      98.4   100.6
 社会福利和救助         29,054        29,781      29,781     100.0   105.0
 助学金             12,227        12,330       7,321      59.4    88.3
 离退休费           306,197       300,796     300,693     100.0   100.8
 其他对个人和家庭补助      15,998        16,049      15,509      96.6    95.7
七、其他支出                             18          18     100.0
 国家赔偿费用支出                          18          18     100.0


     合 计       4,686,857    4,929,810   4,529,455      91.9    93.3
   2024年省级部门“三公”经费支出决算表（9）
                                               单位：万元

      项   目     预算数       调整预算数      决算数       比上年增长%

一、因公出国（境）费用       6,732      4,931     4,931       35.2

二、公务接待费           5,603      3,010     3,010      -16.5

三、公务用车购置和运行费     48,233     35,422    35,422      -15.7

 其中：公务用车运行维护费    38,770     25,416    25,416       -2.6

  公务用车购置费         9,463     10,006    10,006      -37.2



      合 计        60,568     43,363    43,363      -12.0
         2024年省级基本建设支出决算表（10）
                                                                          单位：万元
                                                            决算数为
            项   目           预算数       调整预算数       决算数       调整预算      监管部门及领域
                                                             数的%
一、省本级支出                     128,000     129,595    49,982      38.6
 一般公共服务支出                    15,000      15,242     8,967      58.8
 其中：省政协文史馆二期、省保密技术保障用房、国家
                             12,000
   教育考试命题基地等省直业务用房建设改造项目
   河南省教育考试院登封基地28号楼项目                     1,291      847       65.6     省教育厅
   省民兵训练基地项目一期                            1,000                         省发改委
   省专用通信局核心通信机房楼项目                        1,011       78        7.7    省专用通信局
   省民主党派大楼项目                                551      503       91.3     省委统战部
   省保密技术保障用房项目                              500       33        6.6    省国家保密局
   河南省气象防灾减灾中心（郑州国家气象科技
                                          6,000     6,000     100.0     省气象局
   园）工程
   省战略和应急物资储备库项目              1,000       2,889     1,000      34.6 省粮食和物资储备局
   投资咨询评估费                    2,000       2,000      507       25.3   省发改委
 公共安全支出                      44,000      55,831     2,493       4.5
 其中：省法院、检察院、公安、司法、监狱系统等政法
                             44,000
   基础设施建设项目
   河南省第一强制隔离戒毒所戒毒医疗用房项目                   1,099       74        6.7    省司法厅
   河南省豫西监狱改扩建工程（二期）                       1,817         5       0.3   省监狱管理局
   河南省三门峡监狱改扩建工程（二期）                      2,500       10        0.4   省监狱管理局
   河南省信阳监狱新建警察业务用房工程                        656       12        1.8   省监狱管理局
   河南省女子监狱新建罪犯习艺楼项目                         428                       省监狱管理局
   河南省公安厅业务技术用房项目                         2,000     1,525      76.2    省公安厅
   法院检察院基础设施项目                           47,331      868        1.8   省法院、检察院
 教育支出                        20,000      30,000    10,000      33.3
 其中：张仲景国医大学（筹）建项目等省属高校新校区
                             20,000
   及省属基础教育学校建设项目
   张仲景国医大学（筹）建设项目一期                      10,000    10,000     100.0     省教育厅
   中原工学院航空港校区一期建设工程项目                    10,000                         省教育厅
   郑州航空工业管理学院航空港校区一期建设工程
                                         10,000                         省教育厅
   项目
 科学技术支出                      15,000       6,100     6,100     100.0
 其中：自主创新能力建设项目               15,000       6,100     6,100     100.0 省发改委、省卫健委
 卫生健康支出                       4,000       5,000     5,000     100.0
 其中：省人民医院1号病房楼能力提升等医疗卫生项目     4,000
   河南中医药大学第一附属医院国家医学中心项目                  2,500     2,500     100.0     省卫健委
   阜外华中心血管病医院国家区域医疗中心二期建
                                          2,500     2,500     100.0     省卫健委
   设项目
 农林水支出                       30,000      17,422    17,422     100.0
 其中：西霞院水利枢纽输水及灌区工程等重大水利工程    25,000      14,422    14,422     100.0     省水利厅
                                                                      省水利投资集团有限
  补充省水利投资集团资本金（出山店水库）         5,000       3,000     3,000     100.0
                                                                         公司
二、对市县转移支付                    15,000      13,405    13,405     100.0
 一般公共服务支出                     3,000
 其中： 三学院三基地等党性教育基地项目          3,000
 公共安全支出                                     618       618     100.0
 其中：“十四五”全省公安监管场所建设                         618       618     100.0     省公安厅
 科学技术支出                                   8,900     8,900     100.0
 其中：自主创新能力建设（地方项目）                        8,900     8,900     100.0     省发改委
 农林水支出                       12,000       3,887     3,887     100.0
 其中：乡村振兴及脱贫攻坚巩固拓展工程          10,000
  坡耕地水土流失综合治理项目和淤地坝建设                     1,887     1,887     100.0     省水利厅
  基层组织活动场所建设项目                2,000       2,000     2,000     100.0    省委组织部

            合 计             143,000     143,000    63,387      44.3
 2024年一般公共预算税收返还和转移支付决算表（11）
                                                              单位：万元

                       中央对我省税收返还和                省对市县税收返还和
            项   目         转移支付                     转移支付

                       预算数          决算数          预算数          决算数
一、税收返还                  4,056,963    4,056,963    3,034,577    3,034,577
 所得税基数返还                 290,949      290,949      290,201      290,201
 成品油税费改革税收返还             715,000      715,000      291,382      291,382
 增值税税收返还                1,025,614    1,025,614     640,284      640,284
 消费税税收返还                 468,600      468,600      240,841      240,841
 增值税“五五分享”税收返还          1,556,800    1,556,800    1,571,869    1,571,869
二、一般性转移支付              44,596,416   51,272,904   37,369,733   40,710,282
 均衡性转移支付               15,830,500   17,085,200   14,560,304   11,839,324
 县级基本财力保障机制奖补资金         2,565,892    3,331,838    2,565,892    3,331,838
 结算补助                    166,967      574,624      491,320     1,714,965
 资源枯竭型城市转移支付补助           107,039      119,484      107,039      158,500
 产粮(油)大县奖励资金             573,412      650,141      573,412      613,963
 重点生态功能区转移支付             298,901      342,185      298,901      355,185
 固定数额补助                 2,943,475    2,943,225    4,039,660    4,036,256
 革命老区转移支付                 90,437       99,983       90,437      160,000
 民族地区转移支付                 46,128       46,128       46,128       51,128
 巩固脱贫攻坚成果衔接乡村振兴转移支付      693,393      795,993      660,595     1,083,354
 公共安全共同财政事权转移支付          282,262      314,260      168,733      275,701
 教育共同财政事权转移支付           3,387,837    3,760,554    3,051,109    3,390,187
 科学技术共同财政事权转移支付                        22,447
 文化旅游体育与传媒共同财政事权转移支付     119,746      126,476      115,741      120,727
 社会保障和就业共同财政事权转移支付      8,035,522    9,668,072    1,628,170    2,427,753
 医疗卫生共同财政事权转移支付         4,521,970    5,025,280    4,477,309    5,976,956
 节能环保共同财政事权转移支付           93,161      178,098       93,161      262,567
 城乡社区共同财政事权转移支付                                                   4,501
 农林水共同财政事权转移支付          3,328,530    4,040,704    3,305,592    3,355,590
 交通运输共同财政事权转移支付         1,035,663    1,316,016     765,207      870,853
 住房保障共同财政事权转移支付          293,659      439,877      293,659      439,879
 商业服务业等共同财政事权转移支付                                                 8,000
 自然资源海洋气象等共同财政事权转移支付                  184,775                     2,000
 粮油物资储备共同财政事权转移支付        146,832      168,920        2,274        3,177
 灾害防治及应急管理共同财政事权转移支付                                            189,784
 其他共同财政事权转移支付                             152
 其他一般性转移支付                35,090       38,472       35,090       38,094
三、专项转移支付                 828,360     4,093,481     761,735     5,034,043
 市场监管服务专项                  7,817       11,493        2,345       15,846
 审计事业发展专项                                                         4,473
 大学生服务基层专项                                                        2,063
 平安河南建设专项                                                         4,100
2024年一般公共预算税收返还和转移支付决算表（11）
                                                     单位：万元

                   中央对我省税收返还和            省对市县税收返还和
           项   目      转移支付                 转移支付

                   预算数        决算数        预算数         决算数
民族宗教专项                                                     570
人才发展专项                                                     267
法律援助专项                                                   2,272
政法纪检监察转移支付                                               6,219
国防动员专项                2,909      2,860      1,040        3,991
义务教育均衡发展专项                                              68,971
非义务基础教育发展专项                                              1,500
职业教育发展专项                                                 8,192
学生资助专项                                                  42,741
高等教育发展专项                                                 5,777
民办教育发展专项                                                 5,800
师资队伍建设专项                                                33,797
教育发展改革专项                                                 2,580
科普与学会服务能力提升专项                                            2,097
创新生态支撑专项                                                20,584
哲学社会科学创新工程专项                                                74
创新研发专项                                                   1,928
企业创新引导专项                                                 6,019
公共文化服务体系建设专项                                            11,520
广播电视发展专项                                                   502
文物保护专项                                                  12,540
非物质文化遗产保护专项                                              2,678
宣传文化发展专项                                                   948
残疾人事业发展补助专项                                              2,450
退役安置补助专项                                                 1,436
公共卫生服务补助专项           86,614    126,017     60,808       76,679
医疗服务能力提升专项                                               6,840
节能和资源循环利用专项           1,972     62,130         862      34,030
大气污染防治专项            187,007    276,898    185,953      288,958
水污染防治专项             151,792    190,515    144,843      189,723
土壤污染防治专项              7,938     13,826      7,938       12,649
城市管网专项                           7,502                   7,502
支持城乡社区建设发展专项                   579,192                 577,674
城镇保障性安居工程专项                                              4,000
农村综合改革专项            192,737    221,793    192,737      379,793
农业产业发展专项                                                57,289
耕地建设与利用专项                                              130,714
林业改革发展专项                                               115,942
水利发展专项                                                  66,136
2024年一般公共预算税收返还和转移支付决算表（11）
                                                          单位：万元

                   中央对我省税收返还和                省对市县税收返还和
           项   目      转移支付                     转移支付

                   预算数          决算数          预算数          决算数
农业防灾减灾和水利救灾专项                                                26,332
财政扶贫专项                                                          109
农村环境整治专项              18,005       39,978       18,005       39,978
交通发展专项                                                      545,184
制造业高质量发展专项            15,865       48,865                    33,000
服务业发展专项               26,440       36,867       26,440       52,444
招商引资专项                                                          600
外经贸发展专项               17,109       26,936       12,109       16,054
金融业发展奖补专项                                                     1,826
普惠金融发展专项              43,790       43,581       43,790       43,581
重点生态保护修复治理专项          58,000       78,000       58,000       38,000
自然资源事业发展专项             8,765        8,765        5,265        5,255
粮油物资储备专项                                                        333
基本建设资金                           1,833,627                 1,606,431
应急管理专项                            250,152                   194,065
对口支援专项                                                       28,370
其他专项                   1,600      234,484        1,600      182,617


           合 计     49,481,739   59,423,348   41,166,045   48,778,902
     2024年省级一般公共预算税收返还和转移支付
            分市县决算表（12）
                                                         单位：万元
                                2024年决算数
    地区
              总计           税收返还         一般性转移支付         专项转移支付
    合计        48,778,902    3,034,577      40,710,282     5,034,043
郑州市            4,243,752    1,030,072       2,787,248       426,432
 其中：市本级及市辖区    3,096,896      910,545       1,906,356       279,995
  巩义市            181,384       10,798         143,387        27,199
  荥阳市            189,896       27,967         122,371        39,558
  中牟县            168,710       21,911         137,436         9,363
  新郑市            264,387       64,606         165,923        33,858
  登封市            181,036       -4,046         157,803        27,279
  新密市            161,443       -1,709         153,972         9,180
开封市            2,261,115      152,527       1,863,666       244,922
 其中：市本级及市辖区    1,162,483       97,821         901,309       163,353
  兰考县            348,321       15,395         301,454        31,472
  杞县             329,643       22,332         285,065        22,246
  通许县            191,028        8,251         170,848        11,929
  尉氏县            229,640        8,728         204,990        15,922
洛阳市            3,156,138      251,173       2,487,219       417,746
 其中：市本级及市辖区    1,693,224      217,498       1,256,248       219,478
  新安县            138,066        1,528         114,267        22,271
  伊川县            279,178       15,278         214,091        49,809
  汝阳县            168,379        9,775         140,666        17,938
  嵩县             293,829        6,152         247,926        39,751
  栾川县            163,980       -5,285         141,623        27,642
  宜阳县            238,351        4,220         210,289        23,842
  洛宁县            181,131        2,007         162,109        17,015
平顶山市           2,280,449       92,196       1,954,095       234,158
 其中：市本级及市辖区      928,274       34,361         761,174       132,739
  鲁山县            305,624        4,510         280,463        20,651
  宝丰县            184,128        8,910         147,069        28,149
  叶县             283,243        5,910         262,151        15,182
  郏县             204,030        9,062         179,151        15,817
  汝州市            234,845       25,592         198,873        10,380
  舞钢市            140,305        3,851         125,214        11,240
安阳市            2,384,768      174,514       1,924,274       285,980
 其中：市本级及市辖区    1,039,591      124,163         756,328       159,100
  安阳县            210,947        8,345         181,719        20,883
  林州市            237,754       13,535         188,555        35,664
  汤阴县            158,135        7,103         132,590        18,442
  滑县             480,825       15,191         432,882        32,752
  内黄县           257,516     6,177     232,200    19,139
鹤壁市             948,122    37,904     747,684   162,534
 其中：市本级及市辖区     521,406    22,391     372,018   126,997
  浚县            280,298     7,909     254,881    17,508
  淇县            146,418     7,604     120,785    18,029
新乡市           2,630,494   139,561   2,262,093   228,840
 其中：市本级及市辖区     906,749    97,338     732,236    77,175
  获嘉县           172,080     5,489     150,570    16,021
  新乡县           126,481     4,494     106,592    15,395
  原阳县           234,921     8,164     221,028     5,729
  延津县           198,915     6,366     160,345    32,204
  封丘县           286,427     4,229     267,219    14,979
  长垣市           254,718    13,335     219,499    21,884
  辉县市           234,292    -4,854     216,165    22,981
  卫辉市           215,911     5,000     188,439    22,472
焦作市           1,548,980   114,939   1,237,408   196,633
 其中：市本级及市辖区     652,715    67,056     509,697    75,962
  修武县           123,678     5,791      85,953    31,934
  博爱县           134,313     5,176     120,348     8,789
  沁阳市           153,148     9,289     126,288    17,571
  温县            157,800     7,461     129,615    20,724
  孟州市           115,321     7,747      88,082    19,492
  武陟县           212,005    12,419     177,425    22,161
濮阳市           2,080,601    58,862   1,829,453   192,286
 其中：市本级及市辖区     687,241    26,601     605,153    55,487
  濮阳县           373,655     9,806     342,029    21,820
  清丰县           278,640     6,362     240,985    31,293
  南乐县           230,420     4,660     203,630    22,130
  范县            246,941     7,699     211,845    27,397
  台前县           263,704     3,734     225,811    34,159
许昌市           1,636,014   101,242   1,359,869   174,903
 其中：市本级及市辖区     746,786    61,491     602,175    83,120
  长葛市           166,457     8,976     136,032    21,449
  鄢陵县           201,645    13,802     176,102    11,741
  禹州市           295,475    12,715     251,058    31,702
  襄城县           225,651     4,258     194,502    26,891
漯河市           1,218,331    38,449   1,055,601   124,281
 其中：市本级及市辖区     803,384    26,944     684,492    91,948
  舞阳县           204,788     5,020     185,664    14,104
  临颍县           210,159     6,485     185,445    18,229
三门峡市          1,309,102    58,441   1,028,430   222,231
 其中：市本级及市辖区     609,660    37,142     480,694    91,824
  义马市            64,972     7,493      45,667    11,812
  灵宝市           189,846    11,104     152,713    26,029
  渑池县           120,637    -5,467      91,648    34,456
  卢氏县           323,987     8,169     257,708    58,110
南阳市           5,831,420   195,990   5,034,158   601,272
 其中：市本级及市辖区   1,717,609    92,150   1,418,401   207,058
  邓州市           580,786    23,216     507,432    50,138
  唐河县           507,791    11,853     449,337    46,601
  方城县           533,245    11,858     494,618    26,769
  镇平县           380,640    12,060     325,516    43,064
  社旗县           306,861     8,008     275,894    22,959
  新野县           280,342     6,886     255,665    17,791
  内乡县           322,279     9,305     278,051    34,923
  淅川县           409,073    10,238     359,080    39,755
  西峡县           231,133     1,813     167,967    61,353
  南召县           295,663     8,619     262,528    24,516
  桐柏县           265,998       -16     239,669    26,345
商丘市           3,984,880   148,512   3,472,628   363,740
 其中：市本级及市辖区   1,445,991    80,469   1,207,758   157,764
  永城市           411,020    -2,003     357,725    55,298
  夏邑县           404,960    10,380     378,077    16,503
  虞城县           382,296    11,930     346,972    23,394
  柘城县           387,503    11,078     339,959    36,466
  宁陵县           302,676    12,164     264,398    26,114
  睢县            324,804    11,587     283,367    29,850
  民权县           325,630    12,907     294,372    18,351
信阳市           4,418,377   152,627   3,821,692   444,058
 其中：市本级及市辖区   1,371,606    75,459   1,123,675   172,472
  罗山县           385,664    10,285     340,057    35,322
  光山县           405,152    11,040     349,832    44,280
  潢川县           375,719     8,611     338,131    28,977
  固始县           554,795    16,001     509,812    28,982
  商城县           358,746     8,181     320,271    30,294
  新县            224,323     3,186     190,210    30,927
  息县            385,178     8,145     343,495    33,538
  淮滨县           357,194    11,719     306,209    39,266
周口市           4,631,935   147,844   4,154,953   329,138
 其中：市本级及市辖区   1,572,852    57,761   1,376,311   138,780
  扶沟县           290,056     8,125     257,028    24,903
  西华县           357,290     8,089     323,218    25,983
  商水县           407,927     9,180     374,057    24,690
  太康县           450,975     8,600     420,239    22,136
  鹿邑县           384,770    20,634     334,309    29,827
  郸城县           417,760    10,265     390,040    17,455
  沈丘县           372,126     9,983     341,128    21,015
  项城市           378,179    15,207     338,623    24,349
驻马店市          3,922,427   131,457   3,465,574   325,396
 其中：市本级及市辖区   1,105,707    56,490     957,394    91,823
  确山县   245,777    7,023   201,859   36,895
  泌阳县   310,636    4,269   291,045   15,322
  遂平县   212,787    9,770   184,612   18,405
  西平县   271,183   15,178   242,499   13,506
  上蔡县   479,385    9,828   416,712   52,845
  汝南县   289,239    8,206   260,892   20,141
  平舆县   330,736    7,916   290,307   32,513
  新蔡县   365,829    7,103   330,578   28,148
  正阳县   311,148    5,674   289,676   15,798
济源示范区   291,997    8,267   224,237   59,493
2024年政府一般债务限额和余额情
       况表（13）
                              单位：万元
       地区     一般债务限额         一般债务余额
郑州市             16,361,277    16,140,957
 其中：市本级及市辖区     13,069,810    12,868,958
  巩义市             458,788       457,604
  荥阳市             673,731       666,993
  中牟县            1,046,954     1,040,239
  新郑市             626,102       624,575
  登封市             218,851       217,468
  新密市             267,041       265,121
开封市              1,991,853     1,968,597
 其中：市本级及市辖区      1,147,754     1,134,382
  兰考县             345,627       341,532
  杞县              194,742       193,357
  通许县              78,423        77,676
  尉氏县             225,307       221,650
洛阳市              3,880,719     3,814,902
 其中：市本级及市辖区      2,587,785     2,531,285
  新安县             168,355       167,638
  伊川县             197,639       195,842
  汝阳县             138,874       137,499
  嵩县              168,669       166,545
  栾川县             292,198       291,400
  宜阳县             178,600       177,803
  洛宁县             148,599       146,890
平顶山市             2,685,365     2,676,003
 其中：市本级及市辖区       830,948       826,251
  鲁山县             199,688       198,970
  宝丰县             205,437       204,087
  叶县              174,821       173,504
  郏县               96,131        95,609
  汝州市             994,373       994,111
  舞钢市             183,967       183,471
2024年政府一般债务限额和余额情
       况表（13）
                             单位：万元
       地区     一般债务限额        一般债务余额
安阳市             1,937,138     1,919,396
 其中：市本级及市辖区      788,264       780,801
  安阳县            111,410       110,363
  林州市            339,907       337,027
  汤阴县             78,116        77,454
  滑县             492,392       487,146
  内黄县            127,049       126,605
鹤壁市              917,904       903,108
 其中：市本级及市辖区      445,966       434,220
  浚县             287,997       286,644
  淇县             183,941       182,244
新乡市             2,460,934     2,441,229
 其中：市本级及市辖区     1,152,658     1,143,923
  获嘉县            127,592       126,625
  新乡县            146,375       145,050
  原阳县            130,683       129,934
  延津县             83,695        82,473
  封丘县            132,408       130,984
  长垣市            223,967       222,351
  辉县市            255,218       252,462
  卫辉市            208,338       207,427
焦作市             1,565,590     1,550,014
 其中：市本级及市辖区      849,699       839,910
  修武县             53,118        52,319
  博爱县            109,780       108,761
  沁阳市            141,548       140,917
  温县              77,518        76,472
  孟州市            177,880       176,760
  武陟县            156,047       154,875
濮阳市             1,839,253     1,831,730
 其中：市本级及市辖区      996,236       993,377
2024年政府一般债务限额和余额情
       况表（13）
                             单位：万元
       地区     一般债务限额        一般债务余额
  濮阳县            254,401       253,492
  清丰县            147,626       146,737
  南乐县            109,704       108,870
  范县             127,645       126,173
  台前县            203,641       203,082
许昌市             1,939,129     1,909,007
 其中：市本级及市辖区     1,056,180     1,041,753
  长葛市            241,020       234,913
  鄢陵县            242,353       241,456
  禹州市            178,340       173,261
  襄城县            221,236       217,625
漯河市              740,011       733,711
 其中：市本级及市辖区      538,620       534,244
  舞阳县             95,054        93,904
  临颍县            106,337       105,563
三门峡市            1,211,668     1,208,448
 其中：市本级及市辖区      784,383       782,753
  义马市             39,511        39,084
  灵宝市            133,508       132,934
  渑池县            130,757       130,674
  卢氏县            123,509       123,003
南阳市             2,978,439     2,958,359
 其中：市本级及市辖区     1,027,823     1,024,289
  邓州市            213,308       211,152
  唐河县            131,912       131,282
  方城县            234,458       232,493
  镇平县            209,013       206,008
  社旗县            116,363       115,881
  新野县            116,922       116,023
  内乡县            186,440       185,699
  淅川县            322,808       320,888
2024年政府一般债务限额和余额情
       况表（13）
                             单位：万元
       地区     一般债务限额        一般债务余额
  西峡县            172,607       170,509
  南召县            121,533       120,590
  桐柏县            125,252       123,546
商丘市             2,532,271     2,510,825
 其中：市本级及市辖区     1,333,583     1,321,069
  永城市            299,334       296,201
  夏邑县            117,563       117,046
  虞城县            146,415       145,836
  柘城县            133,571       132,518
  宁陵县            126,647       126,272
  睢县             201,223       198,846
  民权县            173,935       173,036
信阳市             1,850,668     1,821,389
 其中：市本级及市辖区      744,156       729,297
  罗山县             86,909        86,263
  光山县            140,434       138,583
  潢川县            150,360       144,500
  固始县            293,000       289,954
  商城县            109,275       108,542
  新县              92,032        91,576
  息县             121,545       121,090
  淮滨县            112,957       111,584
周口市             2,509,035     2,474,890
 其中：市本级及市辖区      656,574       646,551
  扶沟县            266,794       264,869
  西华县            173,803       172,040
  商水县            170,661       169,371
  太康县            182,840       180,674
  鹿邑县            338,084       336,051
  郸城县            205,993       205,119
  沈丘县            274,520       268,959
2024年政府一般债务限额和余额情
       况表（13）
                              单位：万元
       地区     一般债务限额         一般债务余额
  项城市             239,766       231,255
驻马店市             2,279,489     2,266,101
 其中：市本级及市辖区      1,018,113     1,012,726
  确山县              83,425        83,047
  泌阳县             169,971       169,594
  遂平县             113,621       112,024
  西平县             124,649       123,537
  上蔡县             185,699       185,078
  汝南县             112,345       110,741
  平舆县             122,461       122,263
  新蔡县             222,628       221,149
  正阳县             126,577       125,942
济源示范区             693,620       685,775



   市县合计         50,374,363    49,814,441
       省本级      16,318,937    16,289,824


       总 计      66,693,300    66,104,265
 2024年政府一般债务举借和还本付息情况表（14）
                                         单位：万元

        项    目       全   省             其中：省本级

一、2023年末地方政府一般债务余额       62,597,107       14,775,269

二、2023年地方政府一般债务限额        63,093,300       14,925,637

三、2024年地方政府一般债务举借数        7,583,194        2,403,168

其中： 新增一般债券                3,240,737        1,518,520

  再融资一般债券                 4,202,538         884,648

  国际金融组织和外国政府贷款              139,919

四、2024年地方政府一般债券还本数        4,044,265         884,648

五、2024年地方政府一般债券付息数        1,987,448         471,678

六、2024年末地方政府一般债务余额       66,104,265       16,289,824

七、2024年地方政府一般债务限额        66,693,300       16,318,937
                        2024年全省政府性基金收支决算总表（15）
                                                                                                                                    单位：万元
                                                         决算数      决算数                                                             决算数 决算数
                                                         为调整      为上年                                                             为调整 为上年
       项   目     预算数          调整预算数         决算数                                   项   目   预算数          调整预算数         决算数
                                                         预算数      决算数                                                             预算数 决算数
                                                          的%       的%                                                              的%  的%

一、全省政府性基金收入      31,605,519    24,237,334   18,582,337     76.7     96.2 一、全省政府性基金支出      40,877,120    53,281,556   36,894,111    69.2   101.1

二、上级补助收入           276,620                   3,785,777            1026.9 二、上解上级支出

 政府性基金转移支付收入       276,620                   3,785,777            1026.9

三、专项债务收入         14,440,000    40,048,026   40,048,026             145.8 三、专项债务还本支出         794,258                  22,514,315           291.9

  新增专项债券收入       14,440,000    19,070,000   19,070,000    100.0    137.1

  再融资专项债券收入                    20,978,026   20,978,026    100.0     90.3

四、待偿债再融资专项债券上年                                                             四、待偿债再融资专项债
                                              644,468     100.0    259.0                                               224,149             34.8
结余                                                                         券结余

五、调入资金             334,821                   3,467,576                     五、调出资金          5,418,016                  5,621,387           113.0

六、上年结余收入         15,105,614                 15,113,223             110.6



收入总计             61,762,574                 81,641,407             125.7 支出总计             47,089,394                 65,253,962           131.0

                                                                           年终结余           14,673,180                 16,387,445           108.4

                                                                           其中：结转下年支出      14,673,180                 16,387,445           108.4
     2024年全省政府性基金收入决算表（16）
                                                                  单位：万元

                                                              决算数为 决算数为
           项   目      预算数          调整预算数         决算数          调整预算 上年决算
                                                               数的%  数的%

一、全省政府性基金收入           31,605,519    24,237,334   18,582,337     76.7     96.2

 国家电影事业发展专项资金收入           6,500          6,500        5,784     89.0    202.5

 国有土地收益基金收入             590,184       440,598      337,665      76.6     75.9

 农业土地开发资金收入             192,733       196,575      123,076      62.6     97.5

 国有土地使用权出让收入          27,966,222    20,858,296   14,782,282     70.9     91.4

 大中型水库库区基金收入             10,353        10,353          638       6.2     98.8

 小型水库移民扶助基金收入             8,000          8,000      15,829     197.9    107.5

 城市基础设施配套费收入           1,026,735      896,389      750,296      83.7     86.9

 车辆通行费                   41,779         41,779      30,225      72.3     88.3

 污水处理费收入                282,411        272,908     268,618      98.4    100.6

 彩票公益金收入                349,300        349,300     399,569     114.4    101.9

 彩票发行机构和彩票销售机构的业务费用      70,171        70,171       79,175     112.8    105.0

 其他政府性基金收入              128,246       169,466      216,833     128.0     89.4

 专项债务对应项目专项收入           932,885       916,999     1,572,347    171.5    231.6

二、上级补助收入                 276,620                  3,785,777            1026.9

三、调入资金                   334,821                  3,467,576             145.8

四、专项债务收入              14,440,000    40,048,026   40,048,026    100.0    137.1

 新增专项债券收入             14,440,000    19,070,000   19,070,000    100.0     90.3

 再融资专项债券收入                          20,978,026   20,978,026    100.0    259.0

五、待偿债再融资专项债券上年结余                                   644,468

六、上年结余收入              15,105,614                 15,113,223             110.6



            合 计       61,762,574                 81,641,407             125.7
     2024年全省政府性基金支出决算表 （17）
                                                                          单位：万元

                                                                   决算数为      决算数为
             项   目          预算数          调整预算数        决算数          调整预算      上年决算
                                                                    数的%       数的%

一、教育支出                                     201,895      194,173       96.2

超长期特别国债安排的支出                               201,895      194,173       96.2

二、科技支出                                        4,788        3,648      76.2

超长期特别国债安排的支出                                  4,788        3,648      76.2

三、文化旅游体育与传媒支出                  18,710       16,480         9,137      55.4      112.3
国家电影事业发展专项资金安排的支出              18,445       11,521         6,477      56.2      266.9

旅游发展基金支出                          204         4,959        2,660      53.6       46.6

国家电影事业发展专项资金对应专项债务收入安排的支出          61

四、卫生健康支出                                   119,963       72,602       60.5

超长期特别国债安排的支出                               119,963       72,602       60.5

五、节能环保支出                                    43,620         1,745       4.0

超长期特别国债安排的支出                                43,620         1,745       4.0
六、城乡社区支出                    26,157,914   26,887,748   20,076,718      74.7      123.6

国有土地使用权出让收入安排的支出            21,003,400   14,602,277   11,521,070      78.9       96.6

国有土地收益基金安排的支出                 698,857      262,139      121,846       46.5       51.2

农业土地开发资金安排的支出                 167,485      116,313       32,110       27.6        5.7

城市基础设施配套费安排的支出               1,276,450     865,142      540,527       62.5      287.7

污水处理费安排的支出                    316,238      255,506      193,839       75.9

土地储备专项债券收入安排的支出                   207       33,889
棚户区改造专项债券收入安排的支出             2,077,088    4,560,143    2,864,493      62.8      100.8

城市基础设施配套费对应专项债务收入安排的支出           7,222

污水处理费对应专项债务收入安排的支出               2,620

国有土地使用权出让收入对应专项债务收入安排的支出      608,347     5,422,362    4,775,270      88.1     1058.6

超长期特别国债安排的支出                               769,977       27,563        3.6

七、农林水支出                       311,551      430,314      152,308       35.4       92.1

大中型水库库区基金安排的支出                 57,867       15,369         3,962      25.8      112.6
国家重大水利工程建设基金安排的支出                               16

国家重大水利工程建设基金对应专项债务收入安排的支出         606

大中型水库移民后期扶持基金支出               229,555      382,789      141,696       37.0       91.0

小型水库移民扶助基金安排的支出                23,464       32,140         6,650      20.7      106.8

小型水库移民扶助基金对应专项债务收入安排的支出            59

八、交通运输支出                       44,138    -2,111,208   -2,319,213     109.9    -4596.5

车辆通行费安排的支出                     42,844       23,474       17,595       75.0       82.0
民航发展基金支出                         1,294      62,024       27,351       44.1       94.3

政府收费公路专项债收入安排的支出                         -2,376,050   -2,376,050     100.0

超长期特别国债安排的支出                               179,344       11,891        6.6
     2024年全省政府性基金支出决算表 （17）
                                                                      单位：万元

                                                               决算数为      决算数为
              项   目     预算数          调整预算数        决算数          调整预算      上年决算
                                                                数的%       数的%

九、资源勘探工业信息等支出                         1,027,010     931,301       90.7

超长期特别国债安排的支出                          1,027,010     931,301       90.7

十、自然资源海洋气象等支出                           37,397       37,397      100.0

耕地保护考核奖惩基金支出                            37,397       37,397      100.0

十一、住房保障支出                                 1,440
超长期特别国债安排的支出                              1,440

十二、粮油物资储备支出                             47,700         7,004      14.7

超长期特别国债安排支出                             47,700         7,004      14.7

十三、灾害防治及应急管理支出                         745,358       65,909        8.8

超长期特别国债安排支出                            745,358       65,909        8.8

十四、其他支出                 10,876,583   21,920,141   13,767,796      62.8      82.3

其他政府性基金及对应专项债务收入安排的支出   10,185,812   20,740,619   13,247,889      63.9      81.2
彩票发行销售机构业务费安排的支出           70,533      100,387       90,943       90.6     128.2

彩票公益金安排的支出                620,238      872,111      352,839       40.5     102.6

超长期特别国债安排的其他支出                         207,024       76,125       36.8

十五、债务付息支出                3,444,970    3,858,975    3,858,975     100.0     117.7

十六、债务发行费用支出                14,482       33,596       33,596      100.0     136.2

十七、抗疫特别国债安排的支出               8,772      16,339         1,015       6.2     136.4

基础设施建设                       8,492      14,975         1,015       6.8     139.2
抗疫相关支出                        280         1,364



              合 计       40,877,120   53,281,556   36,894,111      69.2     101.1
                         2024年省级政府性基金收支决算总表 （18）
                                                                                                                                       单位：万元

                                                         决算数 决算数                                                                    决算数 决算数
                                                         为调整 为上年                                                                    为调整 为上年
       项   目     预算数          调整预算数         决算数                                  项   目      预算数          调整预算数         决算数
                                                         预算数 决算数                                                                    预算数 决算数
                                                          的%  的%                                                                     的%  的%

一、省本级政府性基金收入      1,277,395     1,277,395    1,173,093    91.8    116.5 一、省本级政府性基金支出         1,313,495     -905,048    -1,091,046

                                                                          二、中央转移支付用于省本级支出      11,100

二、上级补助收入           276,620                   3,785,777           1026.9 三、补助下级支出              265,520                   3,951,959            514.8

 政府性基金转移支付收入       276,620                   3,785,777           1026.9    政府性基金转移支付支出        265,520                   3,951,959            514.8

三、下级上解收入                                       71,440             297.9 四、上解上级支出

四、专项债务收入         14,440,000    37,471,247   40,048,026   106.9    137.1 五、专项债务转贷支出          14,000,000    32,465,770   41,857,970    128.9   144.5

  新增专项债券收入       14,440,000    19,710,000   19,070,000    96.8     90.3     新增专项债券转贷支出      14,000,000    14,782,900   18,870,000    127.6    90.2


  再融资专项债券收入                    17,761,247   20,978,026   118.1    259.0    再融资专项债券转贷支出                    17,682,870   22,987,970    130.0   285.6


                                                                          六、专项债务支出（待分）        240,000

五、待偿债再融资专项债券上年
                                                                          七、待偿债再融资专项债券结余
结余

六、上年结余收入                                      258,313             140.8 八、债务还本支出              163,900                    253,956             484.8

七、调入资金                                         43,745              47.6 九、调出资金                                           221,557              96.7



收入总计             15,994,015                 45,380,394            146.9 支出总计                15,994,015                 45,194,396            147.6

                                                                          年终结余                                           185,998              72.0

                                                                          其中：结转下年支出                                      185,998              72.0
         2024年省级政府性基金收入决算表 （19）
                                                                   单位：万元

                                                             决算数为 决算数为
         项   目       预算数          调整预算数         决算数          调整预算 上年决算
                                                              数的%  数的%

一、省本级政府性基金收入          1,277,395     1,277,395    1,173,093      91.8    116.5
 国家电影事业发展专项资金收入           6,500         6,500        5,784      89.0    202.5
 国有土地收益基金收入               3,600         3,600          153       4.3
 国有土地使用权出让收入            530,000      530,000       364,942      68.9     92.7
 农业土地开发资金相关收入                                           71
 大中型水库库区基金收入                150          150           638     425.3     98.8
 小型水库移民扶助基金收入             8,000         8,000       15,829     197.9    107.5
 车辆通行费                    6,779         6,779        5,756      84.9     85.4
 彩票公益金收入                349,300      349,300       399,569     114.4    101.9
  彩票发行机构和彩票销售机构的业务
                         70,166       70,166        79,123     112.8    104.9
费用
 其他政府性基金收入                                              39               75.0
 专项债务对应项目专项收入           302,900      302,900       301,189      99.4    249.3
二、上级补助收入                276,620                  3,785,777             1026.9
 政府性基金转移支付收入            276,620                  3,785,777             1026.9
三、下级上解收入                                            71,440              297.9
四、调入资金                                              43,745               47.6
五、专项债务收入             14,440,000    37,471,247   40,048,026     106.9    137.1
 新增专项债券收入            14,440,000    19,710,000   19,070,000      96.8     90.3
 再融资专项债券收入                         17,761,247   20,978,026     118.1    259.0
六、待偿债再融资专项债券上年结余
七、上年结余收入                                           258,313              140.8


         收入总计        15,994,015                 45,380,394              146.9
          2024年省级政府性基金支出决算表 （20）
                                                                       单位：万元

                                                                 决算数为 决算数为
              项   目      预算数          调整预算数         决算数          调整预算 上年决算
                                                                  数的%  数的%

一、省本级政府性基金支出              1,313,495     -905,048    -1,091,046

 教育支出                                    194,173      194,173      100.0
 超长期特别国债安排的支出                            194,173      194,173      100.0
 文化旅游体育与传媒支出                  6,500         6,474        6,474     100.0
 国家电影事业发展专项资金安排的支出            6,500         4,500        4,500     100.0
 旅游发展基金支出                                   1,974        1,974     100.0
 卫生健康支出                                    72,047      72,047      100.0
 超长期特别国债安排的支出                              72,047      72,047      100.0
 城乡社区支出                    533,600       147,544       37,994       25.8    79.0
 国有土地使用权出让收入安排的支出          530,000       147,477       37,994       25.8    79.0
 国有土地收益基金安排的支出                3,600           46
 农林水支出                        8,150         5,405         465        8.6   132.9
 大中型水库库区基金安排的支出                              191
 大中型水库移民后期扶持基金支出               150           455          455      100.0   130.0
 小型水库移民扶持基金安排的支出              8,000         4,759          10        0.2
 交通运输支出                        822     -2,339,268   -2,346,610
 车辆通行费安排的支出                    822           822          822      100.0   195.2
 民航发展基金支出                                  29,084      21,742       74.8    83.0
 政府收费公路专项债券收入安排的支出                     -2,376,050   -2,376,050
 超长期特别国债安排的支出                               6,876        6,876     100.0
自然资源海洋气象等支出                                37,397      37,397      100.0
 耕地保护考核奖惩基金支出                              37,397      37,397      100.0
 其他支出                      619,466       794,806      730,640       91.9   191.0
 其他政府性基金及对应专项债务收入安排的支出     200,000       476,050      472,450       99.2   236.2
 彩票发行销售机构业务费安排的支出           70,166         99,900      90,943       91.0   128.3
 彩票公益金安排的支出                349,300       197,212      145,603       73.8   130.4
 超长期特别国债安排的其他支出                            21,644      21,644      100.0
 债务付息支出                    144,687       143,414      143,414      100.0   103.8
 地方政府专项债务付息支出              144,687                    143,414              103.8
 债务发行费用支出                      270         32,960      32,960      100.0   136.2
 地方政府专项债务发行费用支出                270         32,960      32,960      100.0   136.2




              支出总计       15,994,015                 45,194,396             147.6
2024年省级政府性基金支出决算
      明细表（21）
                        单位：万元
              项   目       决算数
教育支出                        194,173
超长期特别国债安排的支出                194,173
 高等教育                       194,173
文化旅游体育与传媒支出                    6,474
国家电影事业发展专项资金安排的支出              4,500
  其他国家电影事业发展专项资金安排的支出          4,500
旅游发展基金支出                       1,974
卫生健康支出                       72,047
超长期特别国债安排的支出                 72,047
  公立医院                       37,047
 其他卫生健康支出                    35,000
城乡社区支出                       37,994
国有土地使用权出让收入安排的支出             37,994
 城市建设支出                        3,000
 农村基础设施建设支出                  12,513
 棚户区改造支出
 其他国有土地使用权出让收入安排的支出          22,481
国有土地收益基金安排的支出
 其他国有土地收益基金支出
 农业土地开发资金安排的支出
农林水支出                           465
大中型水库库区基金安排的支出
大中型水库移民后期扶持基金支出                 455
 基础设施建设和经济发展                    455
小型水库移民扶持基金安排的支出                  10
 基础设施建设和经济发展                     10
交通运输支出                    -2,346,610
车辆通行费安排的支出                      822
 公路还贷                           822
民航发展基金支出                     21,742
2024年省级政府性基金支出决算
      明细表（21）
                           单位：万元
              项   目          决算数
 民航机场建设                         16,841
 民航安全                              105
 其他民航发展基金支出                       4,796
政府收费公路专项债券收入安排的支出            -2,376,050
超长期特别国债安排的支出                      6,876
 民用航空运输                           6,876
自然资源海洋气象等支出                     37,397
耕地保护考核奖惩基金支出                    37,397
 补充耕地                           37,397
其他支出                           730,640
其他政府性基金及对应专项债务收入安排的支出          472,450
 其他政府性基金安排的支出                     5,000
 其他地方自行试点项目收益专项债券收入安排的支出       467,450
彩票发行销售机构业务费安排的支出                90,943
 福利彩票销售机构的业务费支出                 32,989
 体育彩票销售机构的业务费支出                 52,562
 彩票市场调控资金支出                       5,392
彩票公益金安排的支出                     145,603
 用于社会福利的彩票公益金支出                   5,457
 用于体育事业的彩票公益金支出                134,226
 用于残疾人事业的彩票公益金支出                   590
 用于教育事业的彩票公益金支出                    330
 用于其他社会公益事业的彩票公益金支出               5,000
超长期特别国债安排的其他支出                  21,644
债务付息支出                         143,414
地方政府专项债务付息支出                   143,414
 国有土地使用权出让金债务付息支出               11,257
 城市基础设施配套费债务付息支出
 政府收费公路专项债券付息支出                 97,092
 其他地方自行试点项目收益专项债券付息支出           35,065
2024年省级政府性基金支出决算
      明细表（21）
                          单位：万元
           项   目            决算数
债务发行费用支出                       32,960
地方政府专项债务发行费用支出                 32,960
 国有土地使用权出让金债务发行费用支出            15,042
 土地储备专项债券发行费用支出                   954
 政府收费公路专项债券发行费用支出                   5
 棚户区改造专项债券发行费用支出                 2,991
 其他地方自行试点项目收益专项债券发行费用支出        13,968


           支出合计             -1,091,046
       2024年政府性基金转移支付决算表（22）
                                                 单位：万元

               中央对我省转移支付              省对市县转移支付
       项   目
               预算数        决算数         预算数        决算数
高等教育发展专项                    95,730
创新研发专项                       4,788                  4,788
公共文化服务体系建设专项                                        2,529
彩票公益金专项          55,564    125,544      49,915    392,849
宣传文化发展专项          1,285      1,505       1,285      1,505
残疾人事业发展补助专项      14,656     14,656      14,106     27,096
综合救助专项                                              2,000
公共卫生服务补助专项                                          1,363
节能和资源循环利用专项                  6,500                  6,500
城市管网专项                     523,587                523,587
支持城乡社区建设发展专项                                        1,440
城镇保障性安居工程专项                                       124,409
农业产业发展专项                                            1,638
耕地建设与利用专项                                           7,980
水利发展专项                                             42,506
水利移民扶持专项        169,671    226,922     169,671    235,730
财政扶贫专项                                              6,000
农村环境整治专项                                            6,208
交通发展专项                                             26,743
民航发展专项           35,444     60,467      30,543     31,383
制造业高质量发展专项                 540,000                505,955
基本建设资金                                              8,364
其他专项                      2,186,078              1,991,386


       合 计      276,620   3,785,777    265,520   3,951,959
2024年省级政府性基金转移支
   付分市县决算表（23）
               单位：万元

       地   区   决算数
       合计       3,951,959
郑州市              821,204
其中：市本级及市辖区       732,021
 巩义市              11,539
 荥阳市              14,693
 中牟县              17,930
 新郑市              31,129
 登封市                 6,038
 新密市                 7,854
开封市              120,797
其中：市本级及市辖区        83,238
 兰考县              19,056
 杞县                  8,929
 通许县                 5,957
 尉氏县                 3,617
洛阳市              228,964
其中：市本级及市辖区       155,769
 新安县              20,584
 伊川县              10,317
 汝阳县               7,715
 嵩县                16110
  栾川县               5001
  宜阳县              10528
  洛宁县               2940
平顶山市              122039
 其中：市本级及市辖区        58029
  鲁山县              18267
  宝丰县              14239
  叶县                7903
  郏县                6467
  汝州市               9025
  舞钢市               8109
安阳市               320285
 其中：市本级及市辖区       148246
2024年省级政府性基金转移支
   付分市县决算表（23）
              单位：万元

     地   区    决算数
  安阳县            71147
  林州市            15632
  汤阴县            44971
  滑县             14272
  内黄县            26017
鹤壁市             307482
 其中：市本级及市辖区      39114
  浚县            197618
  淇县             70750
新乡市             468924
 其中：市本级及市辖区     340195
  获嘉县             4674
  新乡县            22337
  原阳县            14094
  延津县            10594
  封丘县             8838
  长垣市             3919
  辉县市            12163
  卫辉市            52110
焦作市             171835
 其中：市本级及市辖区     101736
  修武县            22123
  博爱县             9770
  沁阳市            11440
  温县              8020
  孟州市            12855
  武陟县             5891
濮阳市             145478
 其中：市本级及市辖区     108038
  濮阳县             6981
  清丰县             4238
  南乐县             1076
  范县             15601
  台前县             9544
许昌市              89369
 其中：市本级及市辖区      60433
  长葛市            13177
  鄢陵县             4006
  禹州市             6070
  襄城县             5683
2024年省级政府性基金转移支
   付分市县决算表（23）
              单位：万元

     地   区    决算数
漯河市              80478
 其中：市本级及市辖区      66486
  舞阳县            10793
  临颍县             3199
三门峡市             84878
 其中：市本级及市辖区      48513
  义马市            13404
  灵宝市             9576
  渑池县             5043
  卢氏县             8342
南阳市             262029
 其中：市本级及市辖区     109331
  邓州市            20525
  唐河县            14540
  方城县            14202
  镇平县             8601
  社旗县             5914
  新野县             5833
  内乡县            20360
  淅川县            22863
  西峡县             8334
  南召县            15534
  桐柏县            15992
商丘市             147017
 其中：市本级及市辖区      79253
  永城市             8087
  夏邑县             6032
  虞城县            14056
  柘城县             5980
  宁陵县            17049
  睢县              4142
  民权县            12418
信阳市             233546
 其中：市本级及市辖区     107870
  罗山县            16978
  光山县            15679
  潢川县            20399
  固始县            23101
  商城县            12003
  新县              4701
2024年省级政府性基金转移支
   付分市县决算表（23）
              单位：万元

     地   区    决算数
  息县             15173
  淮滨县            17642
周口市             143456
 其中：市本级及市辖区      72915
  扶沟县             2527
  西华县             7226
  商水县             6720
  太康县            14021
  鹿邑县            13627
  郸城县            10773
  沈丘县             7630
  项城市             8017
驻马店市            149845
 其中：市本级及市辖区      73439
  确山县            23345
  泌阳县            12049
  遂平县             3464
  西平县             5779
  上蔡县             6911
  汝南县            12349
  平舆县             3501
  新蔡县             5398
  正阳县             3610
济源示范区            54333
2024年政府专项债务限额和余额情
       况表（24）
                               单位：万元
       地   区   专项债务限额         专项债务余额
郑州市              23,620,303     23,247,274
 其中：市本级及市辖区      16,448,463     16,192,957
  巩义市             1,184,950      1,165,580
  荥阳市             1,255,439      1,235,132
  中牟县             1,022,269       985,874
  新郑市             1,689,009      1,653,435
  登封市              970,523        965,482
  新密市             1,049,650      1,048,814
开封市               6,729,297      6,659,196
 其中：市本级及市辖区       3,880,597      3,834,885
  兰考县             1,049,444      1,035,388
  杞县               653,760        651,597
  通许县              514,366        510,170
  尉氏县              631,130        627,156
洛阳市              11,764,591     11,679,581
 其中：市本级及市辖区       7,847,688      7,792,913
  新安县              693,384        689,390
  伊川县              810,797        803,299
  汝阳县              516,266        511,903
  嵩县               457,621        455,829
  栾川县              410,553        406,037
  宜阳县              568,482        562,270
  洛宁县              459,800        457,940
平顶山市              6,877,183      6,795,890
 其中：市本级及市辖区       3,139,963      3,085,213
  鲁山县              499,000        490,559
  宝丰县              744,060        740,788
  叶县               543,179        540,901
  郏县               518,581        513,525
  汝州市              884,360        881,405
  舞钢市              548,040        543,499
2024年政府专项债务限额和余额情
       况表（24）
                              单位：万元
       地   区   专项债务限额        专项债务余额
安阳市              6,344,992     6,262,789
 其中：市本级及市辖区      3,404,849     3,370,524
  安阳县             463,587       460,637
  林州市             756,056       741,054
  汤阴县             588,113       570,637
  滑县              584,500       577,209
  内黄县             547,887       542,728
鹤壁市              3,977,687     3,939,850
 其中：市本级及市辖区      2,590,300     2,565,178
  浚县              781,324       772,734
  淇县              606,063       601,939
新乡市              6,369,748     6,270,307
 其中：市本级及市辖区      2,522,291     2,482,203
  获嘉县             304,783       300,914
  新乡县             229,200       226,851
  原阳县             495,609       486,659
  延津县             404,990       397,382
  封丘县             566,359       556,478
  长垣市             825,414       811,262
  辉县市             438,600       432,774
  卫辉市             582,502       575,784
焦作市              5,256,883     5,228,658
 其中：市本级及市辖区      2,816,060     2,800,555
  修武县             433,211       431,598
  博爱县             289,200       287,970
  沁阳市             456,360       455,420
  温县              377,052       374,570
  孟州市             386,900       385,065
  武陟县             498,100       493,480
濮阳市              5,864,681     5,793,395
 其中：市本级及市辖区      2,288,442     2,273,367
2024年政府专项债务限额和余额情
       况表（24）
                               单位：万元
       地   区   专项债务限额         专项债务余额
  濮阳县             1,330,355      1,303,075
  清丰县              562,315        555,673
  南乐县              526,644        516,010
  范县               502,925        498,390
  台前县              654,000        646,880
许昌市               8,095,954      8,014,417
 其中：市本级及市辖区       4,003,252      3,956,898
  长葛市              964,493        957,714
  鄢陵县              834,896        832,712
  禹州市             1,309,027      1,290,641
  襄城县              984,286        976,452
漯河市               4,763,274      4,721,189
 其中：市本级及市辖区       3,319,773      3,291,184
  舞阳县              619,000        616,300
  临颍县              824,501        813,705
三门峡市              3,513,680      3,476,844
 其中：市本级及市辖区       1,568,075      1,548,849
  义马市              212,200        211,240
  灵宝市              732,705        724,650
  渑池县              448,800        445,450
  卢氏县              551,900        546,655
南阳市              11,697,125     11,563,537
 其中：市本级及市辖区       3,863,801      3,806,436
  邓州市              962,577        947,846
  唐河县             1,286,177      1,273,759
  方城县              684,100        680,590
  镇平县              564,211        554,171
  社旗县              649,400        646,528
  新野县              468,600        465,243
  内乡县              609,700        601,737
  淅川县              948,814        937,033
2024年政府专项债务限额和余额情
       况表（24）
                               单位：万元
       地   区   专项债务限额         专项债务余额
  西峡县              568,370        564,260
  南召县              550,600        546,710
  桐柏县              540,775        539,224
商丘市              11,507,398     11,441,972
 其中：市本级及市辖区       6,129,860      6,104,031
  永城市              922,456        911,291
  夏邑县              701,125        699,720
  虞城县              890,642        883,076
  柘城县              591,815        587,114
  宁陵县              640,600        636,190
  睢县               753,700        752,090
  民权县              877,200        868,460
信阳市              10,006,585      9,900,364
 其中：市本级及市辖区       3,796,167      3,749,904
  罗山县              601,032        593,896
  光山县              903,000        898,536
  潢川县              751,248        746,070
  固始县              909,014        899,105
  商城县              795,400        787,624
  新县               492,586        485,640
  息县              1,041,131      1,028,806
  淮滨县              717,007        710,783
周口市               9,899,591      9,800,067
 其中：市本级及市辖区       3,953,413      3,910,494
  扶沟县              485,818        481,364
  西华县              812,534        804,896
  商水县              747,400        740,730
  太康县              888,200        883,370
  鹿邑县              715,400        702,871
  郸城县              811,300        804,400
  沈丘县              653,807        647,442
2024年政府专项债务限额和余额情
       况表（24）
                               单位：万元
       地   区   专项债务限额         专项债务余额
  项城市              831,719        824,500
驻马店市              9,244,428      9,156,890
 其中：市本级及市辖区       2,516,019      2,503,191
  确山县              658,313        651,263
  泌阳县              760,300        753,250
  遂平县              676,590        672,994
  西平县              646,774        640,030
  上蔡县              707,700        698,500
  汝南县              788,466        780,930
  平舆县              878,477        871,740
  新蔡县             1,084,383      1,067,502
  正阳县              527,406        517,490
济源示范区             1,121,700      1,115,121



       市县合计     146,655,100    145,067,339
       省本级        2,098,500      1,895,789
        待分       24,530,000


       总   计    173,283,600    146,963,128
 2024年政府专项债券发行和还本付息情况表（25）
                                          单位：万元

         项 目         全   省             其中：省本级

一、2023年末地方政府专项债务余额       116,330,765       3,959,689

二、2023年地方政府专项债务限额        117,373,600       4,019,800

三、2024年地方政府专项债券发行数        40,048,026        290,056

其中：新增专项债券                 19,070,000        200,000

  再融资专项债券                 20,978,026         90,056

四、2024年地方政府专项债券还本数         9,413,288        253,956

五、2024年地方政府专项债券付息数         3,858,977        143,414

六、2024年末地方政府专项债务余额       146,963,128       1,895,789

七、2024年地方政府专项债务限额        173,283,600       2,098,500
                       2024年全省国有资本经营收支决算总表（26）
                                                                                                                                     单位：万元

                                                                决算数                                                               决算数
                                                           决算数为                                                                       决算数为
                                                                为上年                                                               为调整
            项   目      预算数         调整预算数       决算数         调整预算                      项   目       预算数       调整预算数       决算数            上年决算
                                                                决算数                                                               预算数
                                                            数的%                                                                        数的%
                                                                 的%                                                                的%

一、利润收入                  364,694      485,502    732,934     151.0   188.5 一、解决历史遗留问题及改革成本支出       95,735      69,325     24,101    34.8    99.6
 电力企业利润收入                                                                    “三供一业”移交补助支出                      2,231      2,225    99.7    27.8
 石油石化企业利润收入               1,000        1,000                                 国有企业办职教幼教补助支出         1,406       1,456      1,415    97.2    99.8
 煤炭企业利润收入                                                                    国有企业办公共服务机构移交补助支出     4,221       5,808      4,572    78.7   293.5
 有色冶金采掘企业利润收入                                                                国有企业退休人员社会化管理补助支出    50,604      42,013      8,619    20.5   106.9
 钢铁企业利润收入                    500        500       4,913     982.6    25.2    国有企业棚户区改造支出            131         287          23     8.0
 运输企业利润收入                    500        500          509    101.8    41.8    国有企业改革成本支出           11,904      10,363      2,822    27.2   114.4
 电子企业利润收入                                            157             51.0    其他解决历史遗留问题及改革成本支出    27,469       7,167      4,425    61.7   163.1
 投资服务企业利润收入              78,275       97,658    270,559     277.0   215.8 二、国有企业资本金注入            565,735     486,023    279,294    57.5    48.4
 贸易企业利润收入                 2,005        2,000         957     47.9    57.1    国有经济结构调整支出          378,282     275,081    192,213    69.9    38.0
 建筑施工企业利润收入               1,070        1,070                                 生态环境保护支出
 房地产企业利润收入                   500       1,290      5,590     433.3   522.4    其他国有企业资本金注入         187,453     210,942     87,081    41.3   123.9
 建材企业利润收入                    800        810          800     98.8           三、国有企业政策性补贴(款)         1,303       4,500      4,000    88.9   672.3
 对外合作企业利润收入                  100        100                                  国有企业政策性补贴(项)          1,303       4,500      4,000    88.9   672.3
 医药企业利润收入                    300        300       1,049     349.7    99.6 四、其他国有资本经营预算支出         213,411     189,457    108,326    57.2    66.1
 农林牧渔企业利润收入               1,024        1,091         784     71.9   359.6    其他国有资本经营预算支出(项)     213,411     189,457    108,326    57.2    66.1
 地质勘查企业利润收入                  800        800       5,243     655.4   248.6
 教育文化广播企业利润收入             2,300        2,303     12,467     541.3   123.9
 科学研究企业利润收入                  500        500           50     10.0     5.0
 机关社团所属企业利润收入                347        347
 金融企业利润收入                     29         29           29    100.0
 其他国有资本经营预算企业利润收入       274,644      375,204    429,827     114.6   194.4
二、股利、股息收入                16,397       30,861     20,709      67.1   108.3
 国有控股公司股利、股息收入            7,913       19,954     12,598      63.1   383.0
 国有参股公司股利、股息收入            5,673        5,116      3,111      60.8    57.3
 其他国有资本经营预算企业股利、股息收入      2,811        5,791      5,000      86.3    48.1
                      2024年全省国有资本经营收支决算总表（26）
                                                                                                                                    单位：万元

                                                                 决算数                                                             决算数
                                                            决算数为                                                                     决算数为
                                                                 为上年                                                             为调整
           项   目      预算数          调整预算数        决算数         调整预算                       项   目   预算数       调整预算数       决算数             上年决算
                                                                 决算数                                                             预算数
                                                             数的%                                                                      数的%
                                                                  的%                                                              的%

三、产权转让收入                630,105      473,802     849,442      179.3    101.3
 国有股权、股份转让收入             23,000       23,500     205,523      874.6   1025.4
 国有独资企业产权转让收入           200,075       56,779      56,779      100.0     35.3
 其他国有资本经营预算企业产权转让收入     407,030      393,523     587,140      149.2     89.3
四、清算收入                       80          146       5,525     3784.2    147.7
 国有股权、股份清算收入                                          45
 国有独资企业清算收入                  80           80       5,414     6767.5    144.7
 其他国有资本经营预算企业清算收入                         66          66      100.0
五、其他国有资本经营预算收入          414,594      883,463    1,084,676     122.8    415.5
 其他国有资本经营预算收入(项)        414,594      883,463    1,084,676     122.8    415.5


         本年收入合计        1,425,870    1,873,774   2,693,286     143.7    178.2          本年支出合计   876,184     749,305    415,721     55.5    54.3
上级补助收入                                            30,437                86.8 调出资金                                    2,142,995           293.0
上年结余收入                                           247,558               124.7


           收入总计        1,425,870    1,873,774   2,971,281     158.6    170.3           支出总计    876,184     749,305   2,558,716
                                                                               年终结余                                   412,565            166.7
                        2024年省级国有资本经营收支决算总表 （27）
                                                                                                                                  单位：万元

                                                        决算数                                                                    决算数 决算数
                                                                 决算数为
                                                        为调整                                                                    为调整 为上年
            项   目       预算数       调整预算数      决算数                 上年决算                项   目      预算数       调整预算数      决算数
                                                        预算数                                                                    预算数 决算数
                                                                  数的%
                                                         的%                                                                     的%  的%

一、利润收入                   45,000     45,000   123,589     274.6     104.2 一、解决历史遗留问题及改革成本支出        3,052      1,300     1,300    100.0    13.4

 电力企业利润收入                                                                   国有企业办职教幼教补助支出         1,300      1,300     1,300    100.0   100.0

 石油石化企业利润收入               1,000      1,000                                  其他解决历史遗留问题及改革成本支出     1,752

 煤炭企业利润收入

 有色冶金采掘企业利润收入

 钢铁企业利润收入                  500        500      4,913     982.6      25.2

 运输企业利润收入                  500        500       509      101.8      42.3

 电子企业利润收入                                       157                 51.0 二、国有企业资本金注入             75,000     77,297    71,300     92.2    99.0

 投资服务企业利润收入              35,000     35,000    97,833     279.5     124.1    国有经济结构调整支出           75,000     77,297    71,300     92.2    99.0

 贸易企业利润收入                 2,000      2,000      936       46.8      55.9    生态环境保护支出

 建筑施工企业利润收入               1,000      1,000                                  其他国有企业资本金注入

 房地产企业利润收入                 500        500                                  三、国有企业政策性补贴 (款)

 建材企业利润收入                                                                   国有企业政策性补贴 (项)

 对外合作企业利润收入                100        100                                  四、其他国有资本经营预算支出         2,000      1,455     1,455    100.0    28.2

 医药企业利润收入                  300        300      1,049     349.7     123.0    其他国有资本经营预算支出 (项)      2,000      1,455     1,455    100.0    28.2

 农林牧渔企业利润收入                100        100       435      435.0

 地质勘查企业利润收入                800        800      5,243     655.4     248.6

 教育文化广播企业利润收入             2,000      2,000    12,464     623.2     123.9

 科学研究企业利润收入                500        500          50     10.0       5.0

 机关社团所属企业利润收入              200        200

 其他国有资本经营预算企业利润收入          500        500

二、股利、股息收入                 5,000      5,000         60      1.2       1.7

 国有控股公司股利 、股息收入           3,000      3,000

 国有参股公司股利 、股息收入           2,000      2,000         60      3.0      28.2

 其他国有资本经营预算企业股利 、股息收入
                      2024年省级国有资本经营收支决算总表 （27）
                                                                                                                              单位：万元

                                                      决算数                                                                  决算数 决算数
                                                               决算数为
                                                      为调整                                                                  为调整 为上年
            项   目     预算数       调整预算数      决算数                 上年决算                 项   目   预算数       调整预算数      决算数
                                                      预算数                                                                  预算数 决算数
                                                                数的%
                                                       的%                                                                   的%  的%

三、产权转让收入                                          4                 9.1

 国有股权、股份转让收入                                      4                 9.1

 国有独资企业产权转让收入

 其他国有资本经营预算企业产权转让收入

四、清算收入                                       5,328              12685.7

 国有股权、股份清算收入                                     45

 国有独资企业清算收入                                  5,283              12578.6

五、其他国有资本经营预算收入

 其他国有资本经营预算收入 (项)



           本年收入合计      50,000     50,000   128,981     258.0      105.6            本年支出合计    80,052     80,052    74,055     92.5    85.3

上级补助收入                                      30,437                 86.8 调出资金                                      30,000             75.0

下级上解收入                                                                    补助下级支出                                  30,437             82.2

上年结余收入                                      60,052                 90.0

            收入总计       50,000     50,000   219,470     438.9       98.0             支出总计     80,052     80,052   134,492    168.0    82.1

                                                                          年终结余                                    84,978            141.5
    2024年国有资本经营转移支付决算表（28）
                                               单位：万元

                中央对我省转移支付           省对市县转移支付
     项目
                预算数       决算数       预算数        决算数


退休人员社会化管理补助资金    25,811    25,811     25,811     25,811


独立工矿区市政社区等办社会
                  4,626     4,626      4,626      4,626
职能运营补助资金




     合   计       30,437    30,437     30,437     30,437
2024年省级国有资本经营转移
  支付分地区决算表（29）
               单位：万元

       地   区   决算数

       合计        30,437
郑州市                  4,621
其中：市本级及市辖区           4,035
 巩义市                   58
 荥阳市                   52
 中牟县                  173
 新郑市                  143
 登封市                   42
 新密市                  118
开封市                   757
其中：市本级及市辖区            502
 兰考县                  183
 杞县                    22
 通许县                   20
 尉氏县                   30
洛阳市                  4,854
其中：市本级及市辖区           4,616
 新安县                   62
 伊川县                   33
 汝阳县                   18
 嵩县                    37
  栾川县                  16
  宜阳县                  52
  洛宁县                  20
平顶山市                 1944
 其中：市本级及市辖区          1241
  鲁山县                 132
  宝丰县                  62
  叶县                   42
  郏县                   30
  汝州市                  93
  舞钢市                 344
安阳市                   740
2024年省级国有资本经营转移
  支付分地区决算表（29）
              单位：万元

     地   区    决算数
 其中：市本级及市辖区          589
  安阳县                  5
  林州市                 30
  汤阴县                 46
  滑县                  42
  内黄县                 28
鹤壁市                  355
 其中：市本级及市辖区          309
  浚县                  28
  淇县                  18
新乡市                 1188
 其中：市本级及市辖区          933
  获嘉县                 66
  新乡县                 13
  原阳县                 27
  延津县                 20
  封丘县                 23
  长垣市                 31
  辉县市                 41
  卫辉市                 34
焦作市                 1695
 其中：市本级及市辖区         1405
  修武县                 99
  博爱县                 24
  沁阳市                 43
  温县                  31
  孟州市                 30
  武陟县                 63
濮阳市                 6772
 其中：市本级及市辖区         5462
  濮阳县                687
  清丰县                433
  南乐县                 25
  范县                 149
  台前县                 16
许昌市                  685
 其中：市本级及市辖区          485
  长葛市                 58
  鄢陵县                 22
2024年省级国有资本经营转移
  支付分地区决算表（29）
              单位：万元

     地   区    决算数
  禹州市                 86
  襄城县                 34
漯河市                  474
 其中：市本级及市辖区          377
  舞阳县                 37
  临颍县                 60
三门峡市                 850
 其中：市本级及市辖区          474
  义马市                177
  灵宝市                128
  渑池县                 53
  卢氏县                 18
南阳市                 3326
 其中：市本级及市辖区         2372
  邓州市                119
  唐河县                136
  方城县                 93
  镇平县                 31
  社旗县                 23
  新野县                 22
  内乡县                 32
  淅川县                 33
  西峡县                 20
  南召县                217
  桐柏县                228
商丘市                  448
 其中：市本级及市辖区          239
  永城市                 64
  夏邑县                 30
  虞城县                 27
  柘城县                 21
  宁陵县                 19
  睢县                  18
  民权县                 30
信阳市                  625
 其中：市本级及市辖区          398
  罗山县                 41
  光山县                 25
  潢川县                 28
2024年省级国有资本经营转移
  支付分地区决算表（29）
              单位：万元

     地   区    决算数
  固始县                46
  商城县                23
  新县                 16
  息县                 17
  淮滨县                31
周口市                 380
 其中：市本级及市辖区         145
  扶沟县                21
  西华县                24
  商水县                27
  太康县                31
  鹿邑县                36
  郸城县                27
  沈丘县                36
  项城市                33
驻马店市                548
 其中：市本级及市辖区         282
  确山县                32
  泌阳县                23
  遂平县                39
  西平县                37
  上蔡县                30
  汝南县                25
  平舆县                26
  新蔡县                28
  正阳县                26
济源示范区               175
                            2024年全省社会保险基金收支决算总表（30）
                                                                                                                                      单位:万元

                                                            决算数                                                                      决算数
                                                       决算数为                                                                      决算数
                                                            为上年                                                                      为上年
    项   目      预算数          调整预算数         决算数          预算数的                     项   目    预算数          调整预算数         决算数          为预算
                                                            决算数                                                                      决算数
                                                         %                                                                       数的%
                                                             的%                                                                       的%

一、企业职工基本养老保险                                                             一、企业职工基本养老保险基
               19,240,433    19,240,433   19,080,177      99.2    99.3                   19,144,993    19,144,993   18,719,699     97.8   113.8
基金收入                                                                     金支出
基本养老保险费收入      13,842,862    13,842,862   13,821,334      99.8   105.1   基本养老金支出         17,151,019    17,151,019   16,892,288     98.5   107.0
利息收入             259,537       259,537      236,741       91.2   102.1   丧葬抚恤补助支出          546,276       546,276      347,449      63.6    73.6
财政补贴收入          4,498,945     4,498,945    4,349,153      96.7   101.3    病残津贴支出
其他收入             163,573       163,573      164,166      100.4    89.7   其他支出               23,213        23,213       23,714     102.2   104.0
转移收入             475,516       475,516      508,783      107.0    95.5   转移支出              167,485       167,485      199,248     119.0   118.6
全国统筹调剂资金收入                                                               全国统筹调剂资金支出       1,257,000     1,257,000    1,257,000    100.0
二、城乡居民基本养老保险                                                           二、城乡居民基本养老保险基
                3,920,990     3,920,990    4,339,553     110.7   118.8                    3,004,167     3,004,167    3,225,888    107.4   113.2
基金收入                                                                   金支出
基本养老保险费收入        728,651       728,651     1,021,683     140.2   141.5   基本养老金支出          2,680,218     2,680,218    2,887,776    107.7   114.8
利息收入             119,013       119,013      123,118      103.4    92.7   个人账户养老金支出         250,892       250,892      268,032     106.8   103.0
投资收益             117,975       117,975      205,725      174.4   269.2   丧葬费补助支出            68,738        68,738       51,794      75.3    82.2
财政补贴收入          2,856,414     2,856,414    2,955,544     103.5   120.5   其他支出                                             111               4.3
其他收入              91,521        91,521        7,161        7.8     2.8   转移支出                4,319          4,319      18,175     420.8   204.9
转移收入                7,416        7,416       26,322      354.9   215.9
集体补助收入
三、机关事业单位基本养老                                                             三、机关事业单位基本养老保
                7,889,237     7,889,237    7,952,122     100.8   110.3                    7,733,267     7,733,267    7,781,042    100.6   108.5
保险基金收入                                                                   险基金支出
基本养老保险费收入       4,469,547     4,469,547    4,711,897     105.4   108.8   基本养老金待遇支出        7,711,261     7,711,261    7,743,017    100.4   108.4
利息收入              14,991        14,991       17,942      119.7   106.3   其他支出                1,640          1,640      15,166     924.8   169.8
财政补贴收入          3,294,177     3,294,177    3,089,105      93.8   114.9   转移支出               20,366        20,366       22,859     112.2   102.4
其他收入                 303           303        5,599     1847.9   113.9
转移收入             110,219       110,219      127,579      115.8    76.4
                           2024年全省社会保险基金收支决算总表（30）
                                                                                                                                单位:万元

                                                          决算数                                                                  决算数
                                                     决算数为                                                                  决算数
                                                          为上年                                                                  为上年
    项   目      预算数         调整预算数         决算数         预算数的                    项   目    预算数         调整预算数        决算数         为预算
                                                          决算数                                                                  决算数
                                                       %                                                                   数的%
                                                           的%                                                                   的%

四、职工基本医疗保险基金                                                          四、职工基本医疗保险基金支
               7,003,571     7,003,571   7,117,676    101.6   101.6                   6,398,948    6,398,948   6,143,295     96.0    100.0
收入                                                                    出
基本医疗保险费收入      6,712,930     6,712,930   6,831,270    101.8   103.7   基本医疗保险待遇支出      6,355,911    6,355,911   6,012,188     94.6     98.7
利息收入            229,974       229,974     192,825      83.8    83.3   其他支出              11,485       11,485      99,363     865.2    789.0
财政补贴收入            5,611         5,611       2,281      40.7     9.7   转移支出              31,552       31,552      31,744     100.6     85.7
其他收入             12,894        12,894      54,732     424.5    43.4
转移收入             42,162        42,162      36,568      86.7    93.5
五、城乡居民基本医疗保险                                                          五、城乡居民基本医疗保险基
               9,028,018     9,028,018   9,096,821    100.8   103.5                   8,613,559    8,613,559   8,508,533     98.8    101.1
基金收入                                                                  金支出
基本医疗保险费收入      3,211,929     3,211,929   3,226,490    100.5   107.2   基本医疗保险待遇支出      8,113,606    8,113,606   8,115,635    100.0    102.9
利息收入             70,714        70,714      65,615      92.8    90.4   大病保险支出           494,208      494,208     385,154      77.9     74.3
财政补贴收入         5,729,516     5,729,516   5,743,689    100.2   101.9   其他支出               5,745        5,745       7,744     134.8     79.2
其他收入             15,859        15,859      61,027     384.8    86.9
六、工伤保险基金收入      380,132       380,132     274,267      72.2    67.1 六、工伤保险基金支出         362,528      362,528     396,714     109.4    117.0
工伤保险费收入         367,007       367,007     264,523      72.1    70.7   工伤保险待遇支出         355,049      355,049     364,993     102.8    108.2
利息收入             11,372        11,372       8,085      71.1    25.3   劳动能力鉴定支出              391         391          505    129.2    134.7
其他收入              1,753         1,753       1,659      94.6    56.5   工伤预防费用支出           7,088        7,088       3,231      45.6    508.8
                                                                      其他支出                                       27,985             3625.0
七、失业保险基金收入      588,358       588,358     623,867     106.0   103.5 七、失业保险基金支出         379,613      379,613     414,669     109.2    121.2
失业保险费收入         557,319       557,319     599,801     107.6   107.9   失业保险金支出          183,474      183,474     223,176     121.6    122.7
利息收入             22,791        22,791      14,003      61.4    47.9   基本医疗保险费支出         36,201       36,201      43,685     120.7    125.3

其他收入              6,571         6,571       6,127      93.2    38.5   丧葬补助金和抚恤金支出                                     4              100.0

                                                                       职业培训和职业介绍补贴支
转移收入              1,677         1,677       3,936     234.7   245.7                      1,407        1,407       1,218      86.6     95.5
                                                                      出
                          2024年全省社会保险基金收支决算总表（30）
                                                                                                                                  单位:万元

                                                          决算数                                                                    决算数
                                                     决算数为                                                                    决算数
                                                          为上年                                                                    为上年
    项    目   预算数          调整预算数         决算数          预算数的                    项   目   预算数          调整预算数         决算数          为预算
                                                          决算数                                                                    决算数
                                                       %                                                                     数的%
                                                           的%                                                                     的%

                                                                      其他费用支出             1,931          1,931       2,371     122.8   139.1
                                                                      技能提升补贴支出           4,616          4,616      10,191     220.8   193.3
                                                                      稳定岗位补贴支出         145,000       145,000      125,901      86.8   119.6
                                                                      其他支出               5,981          5,981       4,225      70.6    39.9
                                                                      转移支出               1,003          1,003       3,898     388.6   320.6


    收入合计     48,050,739    48,050,739   48,484,483    100.9   103.4       支出合计       45,637,075    45,637,075   45,189,840     99.0   108.3
上年结余收入       40,605,875    40,605,875   41,046,462    101.1   114.4


    收入总计     88,656,614    88,656,614   89,530,945    101.0   108.2       支出总计       45,637,075    45,637,075   45,189,840     99.0   108.3
                                                                      年终滚存结余         43,019,539    43,019,539   44,341,105    103.1   108.0
                            2024年省级社会保险基金收支决算总表 （31）
                                                                                                                                        单位：万元

                                                       决算数                                                                           决算数 决算数
                                                       为调整      决算数为上年                                                               为调整 为上年
    项     目    预算数          调整预算数         决算数                                       项   目    预算数          调整预算数         决算数
                                                       预算数       决算数的%                                                               预算数 决算数
                                                        的%                                                                            的%  的%

一、企业职工基本养老保险                                                                一、企业职工基本养老保险基金
               19,240,433    19,240,433   19,080,177     99.2        99.3                    19,144,993    19,144,993   18,719,699     97.8   113.8
基金收入                                                                        支出
 基本养老保险费收入     13,842,862    13,842,862   13,821,334     99.8       105.1    基本养老金支出         17,151,019    17,151,019   16,892,288     98.5   107.0
 利息收入            259,537       259,537      236,741      91.2       102.1    丧葬抚恤补助支出          546,276       546,276      347,449      63.6    73.6
 财政补贴收入         4,498,945     4,498,945    4,349,153     96.7       101.3    病残津贴支出
 其他收入            163,573       163,573      164,166     100.4        89.7    其他支出               23,213        23,213       23,714     102.2   104.0
 转移收入            475,516       475,516      508,783     107.0        95.5    转移支出              167,485       167,485      199,248     119.0   118.6
 全国统筹调剂资金收入                                                                 全国统筹调剂资金支出        1,257,000     1,257,000    1,257,000    100.0
二、城乡居民基本养老保险                                                              二、城乡居民基本养老保险基金
                2,242,961     2,242,961    2,364,351    105.4       124.3                     2,241,487     2,241,487    2,365,390    105.5   124.4
基金收入                                                                      支出
 利息收入               1,494         1,494         926      62.0        83.3    补助下级支出           2,241,487     2,241,487    2,365,390    105.5   124.4
 财政补贴收入         2,241,467     2,241,467    2,363,425    105.4       124.3
 委托投资收益
三、机关事业单位基本养老                                                                三、机关事业单位基本养老保险
                1,662,487     1,662,487    1,694,710    101.9       117.1                     1,661,665     1,661,665    1,584,336     95.3   111.4
保险基金收入                                                                      基金支出
 基本养老保险费收入       409,234       409,234      402,998      98.5       130.5    基本养老金支出           727,318       727,318      623,204      85.7   111.4
 利息收入               3,361         3,361        2,553     76.0        81.9    其他支出                                            1,408            170.3
 财政补贴收入         1,238,078     1,238,078    1,236,870     99.9       110.2    转移支出                 3,265         3,265        2,011     61.6    68.8
 其他收入                                           745                  82.9    补助下级支出            931,082       931,082      957,713     102.9   111.5
 转移收入             11,814        11,814       51,544     436.3       408.2
四、职工基本医疗保险基金
                1,071,912     1,071,912     983,657      91.8        88.6 四、职工基本医疗保险基金支出       922,333       922,333      772,085      83.7    94.4
收入
 基本医疗保险费收入       991,686       991,686      940,884      94.9       102.8    基本医疗保险待遇支出        910,778       910,778      757,105      83.1    93.6
 利息收入             61,931        61,931       24,432      39.5        25.0    其他支出                  919           919         8,859    964.0   980.0
 财政补贴收入                                                                      转移支出               10,636        10,636         6,121     57.5    79.5
 其他收入               4,810         4,810      11,638     242.0        13.1
                          2024年省级社会保险基金收支决算总表 （31）
                                                                                                                                      单位：万元

                                                     决算数                                                                           决算数 决算数
                                                     为调整      决算数为上年                                                               为调整 为上年
    项    目   预算数          调整预算数         决算数                                       项   目    预算数          调整预算数         决算数
                                                     预算数       决算数的%                                                               预算数 决算数
                                                      的%                                                                            的%  的%

 转移收入           13,485        13,485         6,703     49.7        73.9

五、工伤保险基金收入     380,132       380,132      274,267      72.2        67.1 五、工伤保险基金支出           362,528       362,528      396,714     109.4    117.0

 工伤保险费收入       367,007       367,007      264,523      72.1        70.7    工伤保险待遇支出          355,049       355,049      364,993     102.8    108.2
 利息收入           11,372        11,372         8,085     71.1        25.3    劳动能力鉴定支出              391           391          505     129.2    134.7
 其他收入             1,753         1,753        1,659     94.6        56.5    工伤预防费用支出             7,088         7,088        3,231     45.6    508.8
                                                                           其他支出                                          27,985             3625.0

六、失业保险基金收入     588,358       588,358      623,867     106.0       103.5 六、失业保险基金支出           379,613       379,613      414,669     109.2    121.2

 失业保险费收入       557,319       557,319      599,801     107.6       107.9    失业保险金支出           183,474       183,474      223,176     121.6    122.7
 利息收入           22,791        22,791       14,003      61.4        47.9    基本医疗保险费支出          36,201        36,201       43,685     120.7    125.3
 其他收入             6,571         6,571        6,127     93.2        38.5    丧葬补助金和抚恤金支出                                         4             100.0

 转移收入             1,677         1,677        3,936    234.7       245.7    职业培训和职业介绍补贴支出        1,407         1,407        1,218     86.6     95.5

                                                                           其他费用支出               1,931         1,931        2,371    122.8    139.1
                                                                           技能提升补贴支出             4,616         4,616      10,191     220.8    193.3
                                                                           稳定岗位补贴支出          145,000       145,000      125,901      86.8    293.3
                                                                           其他支出                 5,981         5,981        4,225     70.6    393.3
                                                                           转移支出                 1,003         1,003        3,898    388.6    493.3



   本年收入合计    25,186,283    25,186,283   25,021,029     99.3       102.5       本年支出合计       24,712,619    24,712,619   24,252,893     98.1    115.3
上年结余收入       18,326,994    18,326,994   18,799,629    102.6       126.1


    收入总计     43,513,277    43,513,277   43,820,658    100.7       111.4           支出总计     24,712,619    24,712,619   24,252,893     98.1    115.3
                                                                          年终滚存结余           18,800,658    18,800,658   19,567,765    104.1    107.0
